nohup: ignoring input
Command Line Args: Namespace(config_file='configs/M2F/base_config_old.yaml', resume=False, num_gpus=1, num_machines=1, machine_rank=0, pretraining_augmentations=False, train_image_root='/mnt/data/mis2025/group_6/Data/graphene.v1i.coco/train', train_annotation_path='/mnt/data/mis2025/group_6/Data/graphene.v1i.coco/train/_annotations_rle_1class.coco.json', train_mode='normal', diffusion_train_image_root=None, diffusion_train_annotation_path=None, dist_url='auto', opts=['OUTPUT_DIR', '/mnt/data/mis2025/group_6/Parameter/trained_para/graphene_mid_finetune', 'MODEL.WEIGHTS', '/mnt/data/mis2025/group_6/Parameter/pre_train_para/graphene_mid/model_final.pth', 'MODEL.DEVICE', 'cuda', 'SOLVER.AMP.ENABLED', 'True'])
[02/27 23:55:55 detectron2]: Rank of current process: 0. World size: 1
[02/27 23:55:57 detectron2]: Environment info:
-------------------------------  ----------------------------------------------------------------------------------------------------------
sys.platform                     linux
Python                           3.12.12 | packaged by Anaconda, Inc. | (main, Oct 21 2025, 20:16:04) [GCC 11.2.0]
numpy                            2.1.2
detectron2                       0.6 @/mnt/data/mis2025/group_6/anaconda3/envs/maskterial/lib/python3.12/site-packages/detectron2
Compiler                         GCC 9.4
CUDA compiler                    CUDA 11.6
detectron2 arch flags            8.6
DETECTRON2_ENV_MODULE            <not set>
PyTorch                          2.5.1+cu118 @/mnt/data/mis2025/group_6/anaconda3/envs/maskterial/lib/python3.12/site-packages/torch
PyTorch debug build              False
torch._C._GLIBCXX_USE_CXX11_ABI  False
GPU available                    Yes
GPU 0                            NVIDIA GeForce RTX 3090 (arch=8.6)
Driver version                   555.42.02
CUDA_HOME                        /usr/local/cuda-11.6
Pillow                           11.3.0
torchvision                      0.20.1+cu118 @/mnt/data/mis2025/group_6/anaconda3/envs/maskterial/lib/python3.12/site-packages/torchvision
torchvision arch flags           3.5, 5.0, 6.0, 7.0, 7.5, 8.0, 8.6
fvcore                           0.1.5.post20221221
iopath                           0.1.9
cv2                              4.10.0
-------------------------------  ----------------------------------------------------------------------------------------------------------
PyTorch built with:
  - GCC 9.3
  - C++ Version: 201703
  - Intel(R) oneAPI Math Kernel Library Version 2024.2-Product Build 20240605 for Intel(R) 64 architecture applications
  - Intel(R) MKL-DNN v3.5.3 (Git Hash 66f0cb9eb66affd2da3bf5f8d897376f04aae6af)
  - OpenMP 201511 (a.k.a. OpenMP 4.5)
  - LAPACK is enabled (usually provided by MKL)
  - NNPACK is enabled
  - CPU capability usage: AVX2
  - CUDA Runtime 11.8
  - NVCC architecture flags: -gencode;arch=compute_50,code=sm_50;-gencode;arch=compute_60,code=sm_60;-gencode;arch=compute_70,code=sm_70;-gencode;arch=compute_75,code=sm_75;-gencode;arch=compute_80,code=sm_80;-gencode;arch=compute_86,code=sm_86;-gencode;arch=compute_37,code=sm_37;-gencode;arch=compute_90,code=sm_90
  - CuDNN 90.1
  - Magma 2.6.1
  - Build settings: BLAS_INFO=mkl, BUILD_TYPE=Release, CUDA_VERSION=11.8, CUDNN_VERSION=9.1.0, CXX_COMPILER=/opt/rh/devtoolset-9/root/usr/bin/c++, CXX_FLAGS= -D_GLIBCXX_USE_CXX11_ABI=0 -fabi-version=11 -fvisibility-inlines-hidden -DUSE_PTHREADPOOL -DNDEBUG -DUSE_KINETO -DLIBKINETO_NOROCTRACER -DLIBKINETO_NOXPUPTI=ON -DUSE_FBGEMM -DUSE_PYTORCH_QNNPACK -DUSE_XNNPACK -DSYMBOLICATE_MOBILE_DEBUG_HANDLE -O2 -fPIC -Wall -Wextra -Werror=return-type -Werror=non-virtual-dtor -Werror=bool-operation -Wnarrowing -Wno-missing-field-initializers -Wno-type-limits -Wno-array-bounds -Wno-unknown-pragmas -Wno-unused-parameter -Wno-strict-overflow -Wno-strict-aliasing -Wno-stringop-overflow -Wsuggest-override -Wno-psabi -Wno-error=old-style-cast -Wno-missing-braces -fdiagnostics-color=always -faligned-new -Wno-unused-but-set-variable -Wno-maybe-uninitialized -fno-math-errno -fno-trapping-math -Werror=format -Wno-stringop-overflow, LAPACK_INFO=mkl, PERF_WITH_AVX=1, PERF_WITH_AVX2=1, TORCH_VERSION=2.5.1, USE_CUDA=ON, USE_CUDNN=ON, USE_CUSPARSELT=1, USE_EXCEPTION_PTR=1, USE_GFLAGS=OFF, USE_GLOG=OFF, USE_GLOO=ON, USE_MKL=ON, USE_MKLDNN=ON, USE_MPI=OFF, USE_NCCL=1, USE_NNPACK=ON, USE_OPENMP=ON, USE_ROCM=OFF, USE_ROCM_KERNEL_ASSERT=OFF, 

[02/27 23:55:57 detectron2]: Command line arguments: Namespace(config_file='configs/M2F/base_config_old.yaml', resume=False, num_gpus=1, num_machines=1, machine_rank=0, pretraining_augmentations=False, train_image_root='/mnt/data/mis2025/group_6/Data/graphene.v1i.coco/train', train_annotation_path='/mnt/data/mis2025/group_6/Data/graphene.v1i.coco/train/_annotations_rle_1class.coco.json', train_mode='normal', diffusion_train_image_root=None, diffusion_train_annotation_path=None, dist_url='auto', opts=['OUTPUT_DIR', '/mnt/data/mis2025/group_6/Parameter/trained_para/graphene_mid_finetune', 'MODEL.WEIGHTS', '/mnt/data/mis2025/group_6/Parameter/pre_train_para/graphene_mid/model_final.pth', 'MODEL.DEVICE', 'cuda', 'SOLVER.AMP.ENABLED', 'True'])
[02/27 23:55:57 detectron2]: Contents of args.config_file=configs/M2F/base_config_old.yaml:
[38;5;204mMODEL[39m[38;5;15m:[39m
[38;5;15m  [39m[38;5;204mMASK_ON[39m[38;5;15m:[39m[38;5;15m [39m[38;5;141mTrue[39m
[38;5;15m  [39m[38;5;204mPIXEL_MEAN[39m[38;5;15m:[39m
[38;5;15m    [39m[38;5;15m-[39m[38;5;15m [39m[38;5;141m107.0[39m
[38;5;15m    [39m[38;5;15m-[39m[38;5;15m [39m[38;5;141m148.0[39m
[38;5;15m    [39m[38;5;15m-[39m[38;5;15m [39m[38;5;141m85.0[39m
[38;5;15m  [39m[38;5;204mPIXEL_STD[39m[38;5;15m:[39m
[38;5;15m    [39m[38;5;15m-[39m[38;5;15m [39m[38;5;141m33.0[39m
[38;5;15m    [39m[38;5;15m-[39m[38;5;15m [39m[38;5;141m34.0[39m
[38;5;15m    [39m[38;5;15m-[39m[38;5;15m [39m[38;5;141m40.0[39m
[38;5;15m  [39m[38;5;245m# WEIGHTS: "detectron2://ImageNetPretrained/torchvision/R-50.pkl"[39m
[38;5;15m  [39m[38;5;204mWEIGHTS[39m[38;5;15m:[39m[38;5;15m [39m[38;5;186m"[39m[38;5;186m./models/segmentation_models/pretrained_M2F/model_final.pth[39m[38;5;186m"[39m[38;5;15m [39m[38;5;245m# You may need to change this path to point to your pretrained model[39m
[38;5;15m  [39m[38;5;204mMETA_ARCHITECTURE[39m[38;5;15m:[39m[38;5;15m [39m[38;5;186m"[39m[38;5;186mMaskFormer[39m[38;5;186m"[39m
[38;5;15m  [39m[38;5;204mSEM_SEG_HEAD[39m[38;5;15m:[39m
[38;5;15m    [39m[38;5;204mNAME[39m[38;5;15m:[39m[38;5;15m [39m[38;5;186m"[39m[38;5;186mMaskFormerHead[39m[38;5;186m"[39m
[38;5;15m    [39m[38;5;204mIGNORE_VALUE[39m[38;5;15m:[39m[38;5;15m [39m[38;5;141m255[39m
[38;5;15m    [39m[38;5;204mNUM_CLASSES[39m[38;5;15m:[39m[38;5;15m [39m[38;5;141m1[39m[38;5;15m [39m[38;5;245m# set to 1 for instance segmentation of only foreground[39m
[38;5;15m    [39m[38;5;204mLOSS_WEIGHT[39m[38;5;15m:[39m[38;5;15m [39m[38;5;141m1.0[39m
[38;5;15m    [39m[38;5;204mCONVS_DIM[39m[38;5;15m:[39m[38;5;15m [39m[38;5;141m256[39m
[38;5;15m    [39m[38;5;204mMASK_DIM[39m[38;5;15m:[39m[38;5;15m [39m[38;5;141m256[39m
[38;5;15m    [39m[38;5;204mNORM[39m[38;5;15m:[39m[38;5;15m [39m[38;5;186m"[39m[38;5;186mGN[39m[38;5;186m"[39m
[38;5;15m    [39m[38;5;245m# pixel decoder[39m
[38;5;15m    [39m[38;5;204mPIXEL_DECODER_NAME[39m[38;5;15m:[39m[38;5;15m [39m[38;5;186m"[39m[38;5;186mMSDeformAttnPixelDecoder[39m[38;5;186m"[39m
[38;5;15m    [39m[38;5;204mIN_FEATURES[39m[38;5;15m:[39m[38;5;15m [39m[38;5;15m[[39m[38;5;186m"[39m[38;5;186mres2[39m[38;5;186m"[39m[38;5;15m,[39m[38;5;15m [39m[38;5;186m"[39m[38;5;186mres3[39m[38;5;186m"[39m[38;5;15m,[39m[38;5;15m [39m[38;5;186m"[39m[38;5;186mres4[39m[38;5;186m"[39m[38;5;15m,[39m[38;5;15m [39m[38;5;186m"[39m[38;5;186mres5[39m[38;5;186m"[39m[38;5;15m][39m
[38;5;15m    [39m[38;5;204mDEFORMABLE_TRANSFORMER_ENCODER_IN_FEATURES[39m[38;5;15m:[39m[38;5;15m [39m[38;5;15m[[39m[38;5;186m"[39m[38;5;186mres3[39m[38;5;186m"[39m[38;5;15m,[39m[38;5;15m [39m[38;5;186m"[39m[38;5;186mres4[39m[38;5;186m"[39m[38;5;15m,[39m[38;5;15m [39m[38;5;186m"[39m[38;5;186mres5[39m[38;5;186m"[39m[38;5;15m][39m
[38;5;15m    [39m[38;5;204mCOMMON_STRIDE[39m[38;5;15m:[39m[38;5;15m [39m[38;5;141m4[39m
[38;5;15m    [39m[38;5;204mTRANSFORMER_ENC_LAYERS[39m[38;5;15m:[39m[38;5;15m [39m[38;5;141m6[39m
[38;5;15m  [39m[38;5;204mMASK_FORMER[39m[38;5;15m:[39m
[38;5;15m    [39m[38;5;204mTRANSFORMER_DECODER_NAME[39m[38;5;15m:[39m[38;5;15m [39m[38;5;186m"[39m[38;5;186mMultiScaleMaskedTransformerDecoder[39m[38;5;186m"[39m
[38;5;15m    [39m[38;5;204mTRANSFORMER_IN_FEATURE[39m[38;5;15m:[39m[38;5;15m [39m[38;5;186m"[39m[38;5;186mmulti_scale_pixel_decoder[39m[38;5;186m"[39m
[38;5;15m    [39m[38;5;204mDEEP_SUPERVISION[39m[38;5;15m:[39m[38;5;15m [39m[38;5;141mTrue[39m
[38;5;15m    [39m[38;5;204mNO_OBJECT_WEIGHT[39m[38;5;15m:[39m[38;5;15m [39m[38;5;141m0.1[39m
[38;5;15m    [39m[38;5;204mCLASS_WEIGHT[39m[38;5;15m:[39m[38;5;15m [39m[38;5;141m2.0[39m
[38;5;15m    [39m[38;5;204mMASK_WEIGHT[39m[38;5;15m:[39m[38;5;15m [39m[38;5;141m5.0[39m
[38;5;15m    [39m[38;5;204mDICE_WEIGHT[39m[38;5;15m:[39m[38;5;15m [39m[38;5;141m5.0[39m
[38;5;15m    [39m[38;5;204mHIDDEN_DIM[39m[38;5;15m:[39m[38;5;15m [39m[38;5;141m256[39m
[38;5;15m    [39m[38;5;204mNUM_OBJECT_QUERIES[39m[38;5;15m:[39m[38;5;15m [39m[38;5;141m100[39m
[38;5;15m    [39m[38;5;204mNHEADS[39m[38;5;15m:[39m[38;5;15m [39m[38;5;141m8[39m
[38;5;15m    [39m[38;5;204mDROPOUT[39m[38;5;15m:[39m[38;5;15m [39m[38;5;141m0.0[39m
[38;5;15m    [39m[38;5;204mDIM_FEEDFORWARD[39m[38;5;15m:[39m[38;5;15m [39m[38;5;141m2048[39m
[38;5;15m    [39m[38;5;204mENC_LAYERS[39m[38;5;15m:[39m[38;5;15m [39m[38;5;141m0[39m
[38;5;15m    [39m[38;5;204mPRE_NORM[39m[38;5;15m:[39m[38;5;15m [39m[38;5;141mFalse[39m
[38;5;15m    [39m[38;5;204mENFORCE_INPUT_PROJ[39m[38;5;15m:[39m[38;5;15m [39m[38;5;141mFalse[39m
[38;5;15m    [39m[38;5;204mSIZE_DIVISIBILITY[39m[38;5;15m:[39m[38;5;15m [39m[38;5;141m32[39m
[38;5;15m    [39m[38;5;204mDEC_LAYERS[39m[38;5;15m:[39m[38;5;15m [39m[38;5;141m10[39m[38;5;15m [39m[38;5;245m# 9 decoder layers, add one for the loss on learnable query[39m
[38;5;15m    [39m[38;5;204mTRAIN_NUM_POINTS[39m[38;5;15m:[39m[38;5;15m [39m[38;5;141m12544[39m
[38;5;15m    [39m[38;5;204mOVERSAMPLE_RATIO[39m[38;5;15m:[39m[38;5;15m [39m[38;5;141m3.0[39m
[38;5;15m    [39m[38;5;204mIMPORTANCE_SAMPLE_RATIO[39m[38;5;15m:[39m[38;5;15m [39m[38;5;141m0.75[39m
[38;5;15m    [39m[38;5;204mTEST[39m[38;5;15m:[39m
[38;5;15m      [39m[38;5;204mSEMANTIC_ON[39m[38;5;15m:[39m[38;5;15m [39m[38;5;141mFalse[39m
[38;5;15m      [39m[38;5;204mINSTANCE_ON[39m[38;5;15m:[39m[38;5;15m [39m[38;5;141mTrue[39m
[38;5;15m      [39m[38;5;204mPANOPTIC_ON[39m[38;5;15m:[39m[38;5;15m [39m[38;5;141mFalse[39m
[38;5;15m      [39m[38;5;204mOVERLAP_THRESHOLD[39m[38;5;15m:[39m[38;5;15m [39m[38;5;141m0.8[39m
[38;5;15m      [39m[38;5;204mOBJECT_MASK_THRESHOLD[39m[38;5;15m:[39m[38;5;15m [39m[38;5;141m0.8[39m
[38;5;15m  [39m[38;5;204mBACKBONE[39m[38;5;15m:[39m
[38;5;15m    [39m[38;5;204mFREEZE_AT[39m[38;5;15m:[39m[38;5;15m [39m[38;5;141m10[39m[38;5;15m [39m[38;5;245m# freeze the entire backbone[39m
[38;5;15m    [39m[38;5;204mNAME[39m[38;5;15m:[39m[38;5;15m [39m[38;5;186m"[39m[38;5;186mbuild_resnet_backbone[39m[38;5;186m"[39m
[38;5;15m  [39m[38;5;204mRESNETS[39m[38;5;15m:[39m
[38;5;15m    [39m[38;5;204mDEPTH[39m[38;5;15m:[39m[38;5;15m [39m[38;5;141m50[39m
[38;5;15m    [39m[38;5;204mSTEM_OUT_CHANNELS[39m[38;5;15m:[39m[38;5;15m [39m[38;5;141m64[39m
[38;5;15m    [39m[38;5;204mSTRIDE_IN_1X1[39m[38;5;15m:[39m[38;5;15m [39m[38;5;141mFalse[39m
[38;5;15m    [39m[38;5;204mOUT_FEATURES[39m[38;5;15m:[39m[38;5;15m [39m[38;5;15m[[39m[38;5;186m"[39m[38;5;186mres2[39m[38;5;186m"[39m[38;5;15m,[39m[38;5;15m [39m[38;5;186m"[39m[38;5;186mres3[39m[38;5;186m"[39m[38;5;15m,[39m[38;5;15m [39m[38;5;186m"[39m[38;5;186mres4[39m[38;5;186m"[39m[38;5;15m,[39m[38;5;15m [39m[38;5;186m"[39m[38;5;186mres5[39m[38;5;186m"[39m[38;5;15m][39m
[38;5;204mSOLVER[39m[38;5;15m:[39m
[38;5;15m  [39m[38;5;204mIMS_PER_BATCH[39m[38;5;15m:[39m[38;5;15m [39m[38;5;141m16[39m
[38;5;15m [39m
[38;5;15m  [39m[38;5;245m#BASE_LR: 0.00001[39m
[38;5;15m  [39m[38;5;245m#MAX_ITER: 1000 #(500次迭代似乎不能使loss收敛，适当调大)[39m
[38;5;15m  [39m[38;5;245m#CHECKPOINT_PERIOD: 10000[39m
[38;5;15m  [39m[38;5;245m#WEIGHT_DECAY: 0.05[39m
[38;5;15m  [39m[38;5;245m#WARMUP_FACTOR: 1.0 # disable warmup[39m
[38;5;15m  [39m[38;5;245m#WARMUP_ITERS: 0[39m

[38;5;15m  [39m[38;5;245m# --- 学习率策略核心区 ---[39m
[38;5;15m  [39m[38;5;204mBASE_LR[39m[38;5;15m:[39m[38;5;15m [39m[38;5;141m0.00002[39m[38;5;15m  [39m[38;5;245m# 初始学习率可以稍微大一点，因为后面会自动下降[39m
[38;5;15m  [39m[38;5;204mMAX_ITER[39m[38;5;15m:[39m[38;5;15m [39m[38;5;141m10000[39m[38;5;15m   [39m[38;5;245m# 大大增加总训练迭代次数，给模型充分学习的时间[39m

[38;5;15m  [39m[38;5;204mLR_SCHEDULER_NAME[39m[38;5;15m:[39m[38;5;15m [39m[38;5;186m"[39m[38;5;186mWarmupCosineLR[39m[38;5;186m"[39m

[38;5;15m  [39m[38;5;204mWARMUP_ITERS[39m[38;5;15m:[39m[38;5;15m [39m[38;5;141m500[39m[38;5;15m     [39m[38;5;245m# 在前500次迭代中进行“热身”[39m
[38;5;15m  [39m[38;5;204mWARMUP_FACTOR[39m[38;5;15m:[39m[38;5;15m [39m[38;5;141m0.001[39m[38;5;15m [39m[38;5;245m# 热身从一个很小的值开始[39m
[38;5;15m  [39m[38;5;204mWARMUP_METHOD[39m[38;5;15m:[39m[38;5;15m [39m[38;5;186m"[39m[38;5;186mlinear[39m[38;5;186m"[39m
[38;5;15m  [39m[38;5;245m# --- 学习率策略结束 ---[39m
[38;5;15m  [39m[38;5;204mCHECKPOINT_PERIOD[39m[38;5;15m:[39m[38;5;15m [39m[38;5;141m5000[39m[38;5;15m [39m[38;5;245m# 可以设一个检查点，比如每5000次保存一下模型，以防中断[39m
[38;5;15m  [39m[38;5;204mWEIGHT_DECAY[39m[38;5;15m:[39m[38;5;15m [39m[38;5;141m0.05[39m
[38;5;15m  [39m[38;5;204mOPTIMIZER[39m[38;5;15m:[39m[38;5;15m [39m[38;5;186m"[39m[38;5;186mADAMW[39m[38;5;186m"[39m
[38;5;15m  [39m[38;5;204mCLIP_GRADIENTS[39m[38;5;15m:[39m
[38;5;15m    [39m[38;5;204mENABLED[39m[38;5;15m:[39m[38;5;15m [39m[38;5;141mTrue[39m
[38;5;15m    [39m[38;5;204mCLIP_TYPE[39m[38;5;15m:[39m[38;5;15m [39m[38;5;186m"[39m[38;5;186mfull_model[39m[38;5;186m"[39m
[38;5;15m    [39m[38;5;204mCLIP_VALUE[39m[38;5;15m:[39m[38;5;15m [39m[38;5;141m0.01[39m
[38;5;15m    [39m[38;5;204mNORM_TYPE[39m[38;5;15m:[39m[38;5;15m [39m[38;5;141m2.0[39m
[38;5;15m  [39m[38;5;204mAMP[39m[38;5;15m:[39m
[38;5;15m    [39m[38;5;204mENABLED[39m[38;5;15m:[39m[38;5;15m [39m[38;5;141mFalse[39m[38;5;15m [39m[38;5;245m# 如果你的GPU支持，可以设为True来加速训练[39m
[38;5;15m  [39m
[38;5;15m  [39m[38;5;245m#OPTIMIZER: "ADAMW"[39m
[38;5;15m  [39m[38;5;245m#CLIP_GRADIENTS:[39m
[38;5;15m    [39m[38;5;245m#ENABLED: True[39m
[38;5;15m    [39m[38;5;245m#CLIP_TYPE: "full_model"[39m
[38;5;15m    [39m[38;5;245m#CLIP_VALUE: 0.01[39m
[38;5;15m    [39m[38;5;245m#NORM_TYPE: 2.0[39m
[38;5;15m  [39m[38;5;245m#AMP:[39m
[38;5;15m    [39m[38;5;245m#ENABLED: False[39m
[38;5;204mTEST[39m[38;5;15m:[39m
[38;5;15m  [39m[38;5;204mEVAL_PERIOD[39m[38;5;15m:[39m[38;5;15m [39m[38;5;141m50000[39m[38;5;15m [39m[38;5;245m# dont evaluate during training[39m
[38;5;204mDATALOADER[39m[38;5;15m:[39m
[38;5;15m  [39m[38;5;204mFILTER_EMPTY_ANNOTATIONS[39m[38;5;15m:[39m[38;5;15m [39m[38;5;141mFalse[39m
[38;5;15m  [39m[38;5;204mNUM_WORKERS[39m[38;5;15m:[39m[38;5;15m [39m[38;5;141m6[39m
[38;5;204mINPUT[39m[38;5;15m:[39m
[38;5;15m  [39m[38;5;204mSIZE_DIVISIBILITY[39m[38;5;15m:[39m[38;5;15m [39m[38;5;141m-1[39m
[38;5;15m  [39m[38;5;204mMASK_FORMAT[39m[38;5;15m:[39m[38;5;15m [39m[38;5;186m"[39m[38;5;186mbitmask[39m[38;5;186m"[39m
[38;5;15m  [39m[38;5;204mMIN_SIZE_TEST[39m[38;5;15m:[39m[38;5;15m [39m[38;5;141m0[39m[38;5;15m [39m[38;5;245m# disable resizing during testing[39m
[38;5;15m  [39m[38;5;204mFORMAT[39m[38;5;15m:[39m[38;5;15m [39m[38;5;186m"[39m[38;5;186mBGR[39m[38;5;186m"[39m
[38;5;15m  [39m[38;5;204mCROP[39m[38;5;15m:[39m
[38;5;15m    [39m[38;5;204mENABLED[39m[38;5;15m:[39m[38;5;15m [39m[38;5;141mfalse[39m
[38;5;204mSEED[39m[38;5;15m:[39m[38;5;15m [39m[38;5;141m42[39m
[38;5;204mVERSION[39m[38;5;15m:[39m[38;5;15m [39m[38;5;141m2[39m
[38;5;204mDATASETS[39m[38;5;15m:[39m
[38;5;15m  [39m[38;5;204mTRAIN[39m[38;5;15m:[39m[38;5;15m [39m[38;5;141m("Maskterial_Dataset",)[39m

[02/27 23:55:57 detectron2]: Running with full config:
[38;5;204mCUDNN_BENCHMARK[39m[38;5;15m:[39m[38;5;15m [39m[38;5;141mfalse[39m
[38;5;204mDATALOADER[39m[38;5;15m:[39m
[38;5;15m  [39m[38;5;204mASPECT_RATIO_GROUPING[39m[38;5;15m:[39m[38;5;15m [39m[38;5;141mtrue[39m
[38;5;15m  [39m[38;5;204mFILTER_EMPTY_ANNOTATIONS[39m[38;5;15m:[39m[38;5;15m [39m[38;5;141mfalse[39m
[38;5;15m  [39m[38;5;204mNUM_WORKERS[39m[38;5;15m:[39m[38;5;15m [39m[38;5;141m6[39m
[38;5;15m  [39m[38;5;204mREPEAT_SQRT[39m[38;5;15m:[39m[38;5;15m [39m[38;5;141mtrue[39m
[38;5;15m  [39m[38;5;204mREPEAT_THRESHOLD[39m[38;5;15m:[39m[38;5;15m [39m[38;5;141m0.0[39m
[38;5;15m  [39m[38;5;204mSAMPLER_TRAIN[39m[38;5;15m:[39m[38;5;15m [39m[38;5;141mTrainingSampler[39m
[38;5;204mDATASETS[39m[38;5;15m:[39m
[38;5;15m  [39m[38;5;204mPRECOMPUTED_PROPOSAL_TOPK_TEST[39m[38;5;15m:[39m[38;5;15m [39m[38;5;141m1000[39m
[38;5;15m  [39m[38;5;204mPRECOMPUTED_PROPOSAL_TOPK_TRAIN[39m[38;5;15m:[39m[38;5;15m [39m[38;5;141m2000[39m
[38;5;15m  [39m[38;5;204mPROPOSAL_FILES_TEST[39m[38;5;15m:[39m[38;5;15m [39m[38;5;15m[[39m[38;5;15m][39m
[38;5;15m  [39m[38;5;204mPROPOSAL_FILES_TRAIN[39m[38;5;15m:[39m[38;5;15m [39m[38;5;15m[[39m[38;5;15m][39m
[38;5;15m  [39m[38;5;204mTEST[39m[38;5;15m:[39m[38;5;15m [39m[38;5;15m[[39m[38;5;15m][39m
[38;5;15m  [39m[38;5;204mTRAIN[39m[38;5;15m:[39m
[38;5;15m  [39m[38;5;15m-[39m[38;5;15m [39m[38;5;141mMaskterial_Dataset[39m
[38;5;204mFLOAT32_PRECISION[39m[38;5;15m:[39m[38;5;15m [39m[38;5;186m'[39m[38;5;186m'[39m
[38;5;204mGLOBAL[39m[38;5;15m:[39m
[38;5;15m  [39m[38;5;204mHACK[39m[38;5;15m:[39m[38;5;15m [39m[38;5;141m1.0[39m
[38;5;204mINPUT[39m[38;5;15m:[39m
[38;5;15m  [39m[38;5;204mCROP[39m[38;5;15m:[39m
[38;5;15m    [39m[38;5;204mENABLED[39m[38;5;15m:[39m[38;5;15m [39m[38;5;141mfalse[39m
[38;5;15m    [39m[38;5;204mSINGLE_CATEGORY_MAX_AREA[39m[38;5;15m:[39m[38;5;15m [39m[38;5;141m1.0[39m
[38;5;15m    [39m[38;5;204mSIZE[39m[38;5;15m:[39m
[38;5;15m    [39m[38;5;15m-[39m[38;5;15m [39m[38;5;141m0.9[39m
[38;5;15m    [39m[38;5;15m-[39m[38;5;15m [39m[38;5;141m0.9[39m
[38;5;15m    [39m[38;5;204mTYPE[39m[38;5;15m:[39m[38;5;15m [39m[38;5;141mrelative_range[39m
[38;5;15m  [39m[38;5;204mFORMAT[39m[38;5;15m:[39m[38;5;15m [39m[38;5;141mBGR[39m
[38;5;15m  [39m[38;5;204mMASK_FORMAT[39m[38;5;15m:[39m[38;5;15m [39m[38;5;141mbitmask[39m
[38;5;15m  [39m[38;5;204mMAX_SIZE_TEST[39m[38;5;15m:[39m[38;5;15m [39m[38;5;141m1333[39m
[38;5;15m  [39m[38;5;204mMAX_SIZE_TRAIN[39m[38;5;15m:[39m[38;5;15m [39m[38;5;141m1333[39m
[38;5;15m  [39m[38;5;204mMIN_SIZE_TEST[39m[38;5;15m:[39m[38;5;15m [39m[38;5;141m0[39m
[38;5;15m  [39m[38;5;204mMIN_SIZE_TRAIN[39m[38;5;15m:[39m
[38;5;15m  [39m[38;5;15m-[39m[38;5;15m [39m[38;5;141m800[39m
[38;5;15m  [39m[38;5;204mMIN_SIZE_TRAIN_SAMPLING[39m[38;5;15m:[39m[38;5;15m [39m[38;5;141mchoice[39m
[38;5;15m  [39m[38;5;204mRANDOM_FLIP[39m[38;5;15m:[39m[38;5;15m [39m[38;5;141mhorizontal[39m
[38;5;15m  [39m[38;5;204mSIZE_DIVISIBILITY[39m[38;5;15m:[39m[38;5;15m [39m[38;5;141m-1[39m
[38;5;204mMODEL[39m[38;5;15m:[39m
[38;5;15m  [39m[38;5;204mANCHOR_GENERATOR[39m[38;5;15m:[39m
[38;5;15m    [39m[38;5;204mANGLES[39m[38;5;15m:[39m
[38;5;15m    [39m[38;5;15m-[39m[38;5;15m [39m[38;5;15m-[39m[38;5;15m [39m[38;5;141m-90[39m
[38;5;15m      [39m[38;5;15m-[39m[38;5;15m [39m[38;5;141m0[39m
[38;5;15m      [39m[38;5;15m-[39m[38;5;15m [39m[38;5;141m90[39m
[38;5;15m    [39m[38;5;204mASPECT_RATIOS[39m[38;5;15m:[39m
[38;5;15m    [39m[38;5;15m-[39m[38;5;15m [39m[38;5;15m-[39m[38;5;15m [39m[38;5;141m0.5[39m
[38;5;15m      [39m[38;5;15m-[39m[38;5;15m [39m[38;5;141m1.0[39m
[38;5;15m      [39m[38;5;15m-[39m[38;5;15m [39m[38;5;141m2.0[39m
[38;5;15m    [39m[38;5;204mNAME[39m[38;5;15m:[39m[38;5;15m [39m[38;5;141mDefaultAnchorGenerator[39m
[38;5;15m    [39m[38;5;204mOFFSET[39m[38;5;15m:[39m[38;5;15m [39m[38;5;141m0.0[39m
[38;5;15m    [39m[38;5;204mSIZES[39m[38;5;15m:[39m
[38;5;15m    [39m[38;5;15m-[39m[38;5;15m [39m[38;5;15m-[39m[38;5;15m [39m[38;5;141m32[39m
[38;5;15m      [39m[38;5;15m-[39m[38;5;15m [39m[38;5;141m64[39m
[38;5;15m      [39m[38;5;15m-[39m[38;5;15m [39m[38;5;141m128[39m
[38;5;15m      [39m[38;5;15m-[39m[38;5;15m [39m[38;5;141m256[39m
[38;5;15m      [39m[38;5;15m-[39m[38;5;15m [39m[38;5;141m512[39m
[38;5;15m  [39m[38;5;204mBACKBONE[39m[38;5;15m:[39m
[38;5;15m    [39m[38;5;204mFREEZE_AT[39m[38;5;15m:[39m[38;5;15m [39m[38;5;141m10[39m
[38;5;15m    [39m[38;5;204mNAME[39m[38;5;15m:[39m[38;5;15m [39m[38;5;141mbuild_resnet_backbone[39m
[38;5;15m  [39m[38;5;204mDEVICE[39m[38;5;15m:[39m[38;5;15m [39m[38;5;141mcuda[39m
[38;5;15m  [39m[38;5;204mFPN[39m[38;5;15m:[39m
[38;5;15m    [39m[38;5;204mFUSE_TYPE[39m[38;5;15m:[39m[38;5;15m [39m[38;5;141msum[39m
[38;5;15m    [39m[38;5;204mIN_FEATURES[39m[38;5;15m:[39m[38;5;15m [39m[38;5;15m[[39m[38;5;15m][39m
[38;5;15m    [39m[38;5;204mNORM[39m[38;5;15m:[39m[38;5;15m [39m[38;5;186m'[39m[38;5;186m'[39m
[38;5;15m    [39m[38;5;204mOUT_CHANNELS[39m[38;5;15m:[39m[38;5;15m [39m[38;5;141m256[39m
[38;5;15m  [39m[38;5;204mKEYPOINT_ON[39m[38;5;15m:[39m[38;5;15m [39m[38;5;141mfalse[39m
[38;5;15m  [39m[38;5;204mLOAD_PROPOSALS[39m[38;5;15m:[39m[38;5;15m [39m[38;5;141mfalse[39m
[38;5;15m  [39m[38;5;204mMASK_FORMER[39m[38;5;15m:[39m
[38;5;15m    [39m[38;5;204mCLASS_WEIGHT[39m[38;5;15m:[39m[38;5;15m [39m[38;5;141m2.0[39m
[38;5;15m    [39m[38;5;204mDEC_LAYERS[39m[38;5;15m:[39m[38;5;15m [39m[38;5;141m10[39m
[38;5;15m    [39m[38;5;204mDEEP_SUPERVISION[39m[38;5;15m:[39m[38;5;15m [39m[38;5;141mtrue[39m
[38;5;15m    [39m[38;5;204mDICE_WEIGHT[39m[38;5;15m:[39m[38;5;15m [39m[38;5;141m5.0[39m
[38;5;15m    [39m[38;5;204mDIM_FEEDFORWARD[39m[38;5;15m:[39m[38;5;15m [39m[38;5;141m2048[39m
[38;5;15m    [39m[38;5;204mDROPOUT[39m[38;5;15m:[39m[38;5;15m [39m[38;5;141m0.0[39m
[38;5;15m    [39m[38;5;204mENC_LAYERS[39m[38;5;15m:[39m[38;5;15m [39m[38;5;141m0[39m
[38;5;15m    [39m[38;5;204mENFORCE_INPUT_PROJ[39m[38;5;15m:[39m[38;5;15m [39m[38;5;141mfalse[39m
[38;5;15m    [39m[38;5;204mHIDDEN_DIM[39m[38;5;15m:[39m[38;5;15m [39m[38;5;141m256[39m
[38;5;15m    [39m[38;5;204mIMPORTANCE_SAMPLE_RATIO[39m[38;5;15m:[39m[38;5;15m [39m[38;5;141m0.75[39m
[38;5;15m    [39m[38;5;204mMASK_WEIGHT[39m[38;5;15m:[39m[38;5;15m [39m[38;5;141m5.0[39m
[38;5;15m    [39m[38;5;204mNHEADS[39m[38;5;15m:[39m[38;5;15m [39m[38;5;141m8[39m
[38;5;15m    [39m[38;5;204mNO_OBJECT_WEIGHT[39m[38;5;15m:[39m[38;5;15m [39m[38;5;141m0.1[39m
[38;5;15m    [39m[38;5;204mNUM_OBJECT_QUERIES[39m[38;5;15m:[39m[38;5;15m [39m[38;5;141m100[39m
[38;5;15m    [39m[38;5;204mOVERSAMPLE_RATIO[39m[38;5;15m:[39m[38;5;15m [39m[38;5;141m3.0[39m
[38;5;15m    [39m[38;5;204mPRE_NORM[39m[38;5;15m:[39m[38;5;15m [39m[38;5;141mfalse[39m
[38;5;15m    [39m[38;5;204mSIZE_DIVISIBILITY[39m[38;5;15m:[39m[38;5;15m [39m[38;5;141m32[39m
[38;5;15m    [39m[38;5;204mTEST[39m[38;5;15m:[39m
[38;5;15m      [39m[38;5;204mINSTANCE_ON[39m[38;5;15m:[39m[38;5;15m [39m[38;5;141mtrue[39m
[38;5;15m      [39m[38;5;204mOBJECT_MASK_THRESHOLD[39m[38;5;15m:[39m[38;5;15m [39m[38;5;141m0.8[39m
[38;5;15m      [39m[38;5;204mOVERLAP_THRESHOLD[39m[38;5;15m:[39m[38;5;15m [39m[38;5;141m0.8[39m
[38;5;15m      [39m[38;5;204mPANOPTIC_ON[39m[38;5;15m:[39m[38;5;15m [39m[38;5;141mfalse[39m
[38;5;15m      [39m[38;5;204mSEMANTIC_ON[39m[38;5;15m:[39m[38;5;15m [39m[38;5;141mfalse[39m
[38;5;15m      [39m[38;5;204mSEM_SEG_POSTPROCESSING_BEFORE_INFERENCE[39m[38;5;15m:[39m[38;5;15m [39m[38;5;141mfalse[39m
[38;5;15m    [39m[38;5;204mTRAIN_NUM_POINTS[39m[38;5;15m:[39m[38;5;15m [39m[38;5;141m12544[39m
[38;5;15m    [39m[38;5;204mTRANSFORMER_DECODER_NAME[39m[38;5;15m:[39m[38;5;15m [39m[38;5;141mMultiScaleMaskedTransformerDecoder[39m
[38;5;15m    [39m[38;5;204mTRANSFORMER_IN_FEATURE[39m[38;5;15m:[39m[38;5;15m [39m[38;5;141mmulti_scale_pixel_decoder[39m
[38;5;15m  [39m[38;5;204mMASK_ON[39m[38;5;15m:[39m[38;5;15m [39m[38;5;141mtrue[39m
[38;5;15m  [39m[38;5;204mMETA_ARCHITECTURE[39m[38;5;15m:[39m[38;5;15m [39m[38;5;141mMaskFormer[39m
[38;5;15m  [39m[38;5;204mPANOPTIC_FPN[39m[38;5;15m:[39m
[38;5;15m    [39m[38;5;204mCOMBINE[39m[38;5;15m:[39m
[38;5;15m      [39m[38;5;204mENABLED[39m[38;5;15m:[39m[38;5;15m [39m[38;5;141mtrue[39m
[38;5;15m      [39m[38;5;204mINSTANCES_CONFIDENCE_THRESH[39m[38;5;15m:[39m[38;5;15m [39m[38;5;141m0.5[39m
[38;5;15m      [39m[38;5;204mOVERLAP_THRESH[39m[38;5;15m:[39m[38;5;15m [39m[38;5;141m0.5[39m
[38;5;15m      [39m[38;5;204mSTUFF_AREA_LIMIT[39m[38;5;15m:[39m[38;5;15m [39m[38;5;141m4096[39m
[38;5;15m    [39m[38;5;204mINSTANCE_LOSS_WEIGHT[39m[38;5;15m:[39m[38;5;15m [39m[38;5;141m1.0[39m
[38;5;15m  [39m[38;5;204mPIXEL_MEAN[39m[38;5;15m:[39m
[38;5;15m  [39m[38;5;15m-[39m[38;5;15m [39m[38;5;141m107.0[39m
[38;5;15m  [39m[38;5;15m-[39m[38;5;15m [39m[38;5;141m148.0[39m
[38;5;15m  [39m[38;5;15m-[39m[38;5;15m [39m[38;5;141m85.0[39m
[38;5;15m  [39m[38;5;204mPIXEL_STD[39m[38;5;15m:[39m
[38;5;15m  [39m[38;5;15m-[39m[38;5;15m [39m[38;5;141m33.0[39m
[38;5;15m  [39m[38;5;15m-[39m[38;5;15m [39m[38;5;141m34.0[39m
[38;5;15m  [39m[38;5;15m-[39m[38;5;15m [39m[38;5;141m40.0[39m
[38;5;15m  [39m[38;5;204mPROPOSAL_GENERATOR[39m[38;5;15m:[39m
[38;5;15m    [39m[38;5;204mMIN_SIZE[39m[38;5;15m:[39m[38;5;15m [39m[38;5;141m0[39m
[38;5;15m    [39m[38;5;204mNAME[39m[38;5;15m:[39m[38;5;15m [39m[38;5;141mRPN[39m
[38;5;15m  [39m[38;5;204mRESNETS[39m[38;5;15m:[39m
[38;5;15m    [39m[38;5;204mDEFORM_MODULATED[39m[38;5;15m:[39m[38;5;15m [39m[38;5;141mfalse[39m
[38;5;15m    [39m[38;5;204mDEFORM_NUM_GROUPS[39m[38;5;15m:[39m[38;5;15m [39m[38;5;141m1[39m
[38;5;15m    [39m[38;5;204mDEFORM_ON_PER_STAGE[39m[38;5;15m:[39m
[38;5;15m    [39m[38;5;15m-[39m[38;5;15m [39m[38;5;141mfalse[39m
[38;5;15m    [39m[38;5;15m-[39m[38;5;15m [39m[38;5;141mfalse[39m
[38;5;15m    [39m[38;5;15m-[39m[38;5;15m [39m[38;5;141mfalse[39m
[38;5;15m    [39m[38;5;15m-[39m[38;5;15m [39m[38;5;141mfalse[39m
[38;5;15m    [39m[38;5;204mDEPTH[39m[38;5;15m:[39m[38;5;15m [39m[38;5;141m50[39m
[38;5;15m    [39m[38;5;204mNORM[39m[38;5;15m:[39m[38;5;15m [39m[38;5;141mFrozenBN[39m
[38;5;15m    [39m[38;5;204mNUM_GROUPS[39m[38;5;15m:[39m[38;5;15m [39m[38;5;141m1[39m
[38;5;15m    [39m[38;5;204mOUT_FEATURES[39m[38;5;15m:[39m
[38;5;15m    [39m[38;5;15m-[39m[38;5;15m [39m[38;5;141mres2[39m
[38;5;15m    [39m[38;5;15m-[39m[38;5;15m [39m[38;5;141mres3[39m
[38;5;15m    [39m[38;5;15m-[39m[38;5;15m [39m[38;5;141mres4[39m
[38;5;15m    [39m[38;5;15m-[39m[38;5;15m [39m[38;5;141mres5[39m
[38;5;15m    [39m[38;5;204mRES2_OUT_CHANNELS[39m[38;5;15m:[39m[38;5;15m [39m[38;5;141m256[39m
[38;5;15m    [39m[38;5;204mRES4_DILATION[39m[38;5;15m:[39m[38;5;15m [39m[38;5;141m1[39m
[38;5;15m    [39m[38;5;204mRES5_DILATION[39m[38;5;15m:[39m[38;5;15m [39m[38;5;141m1[39m
[38;5;15m    [39m[38;5;204mRES5_MULTI_GRID[39m[38;5;15m:[39m
[38;5;15m    [39m[38;5;15m-[39m[38;5;15m [39m[38;5;141m1[39m
[38;5;15m    [39m[38;5;15m-[39m[38;5;15m [39m[38;5;141m2[39m
[38;5;15m    [39m[38;5;15m-[39m[38;5;15m [39m[38;5;141m4[39m
[38;5;15m    [39m[38;5;204mSTEM_OUT_CHANNELS[39m[38;5;15m:[39m[38;5;15m [39m[38;5;141m64[39m
[38;5;15m    [39m[38;5;204mSTEM_TYPE[39m[38;5;15m:[39m[38;5;15m [39m[38;5;141mdeeplab[39m
[38;5;15m    [39m[38;5;204mSTRIDE_IN_1X1[39m[38;5;15m:[39m[38;5;15m [39m[38;5;141mfalse[39m
[38;5;15m    [39m[38;5;204mWIDTH_PER_GROUP[39m[38;5;15m:[39m[38;5;15m [39m[38;5;141m64[39m
[38;5;15m  [39m[38;5;204mRETINANET[39m[38;5;15m:[39m
[38;5;15m    [39m[38;5;204mBBOX_REG_LOSS_TYPE[39m[38;5;15m:[39m[38;5;15m [39m[38;5;141msmooth_l1[39m
[38;5;15m    [39m[38;5;204mBBOX_REG_WEIGHTS[39m[38;5;15m:[39m[38;5;15m [39m[38;5;15m&id002[39m
[38;5;15m    [39m[38;5;15m-[39m[38;5;15m [39m[38;5;141m1.0[39m
[38;5;15m    [39m[38;5;15m-[39m[38;5;15m [39m[38;5;141m1.0[39m
[38;5;15m    [39m[38;5;15m-[39m[38;5;15m [39m[38;5;141m1.0[39m
[38;5;15m    [39m[38;5;15m-[39m[38;5;15m [39m[38;5;141m1.0[39m
[38;5;15m    [39m[38;5;204mFOCAL_LOSS_ALPHA[39m[38;5;15m:[39m[38;5;15m [39m[38;5;141m0.25[39m
[38;5;15m    [39m[38;5;204mFOCAL_LOSS_GAMMA[39m[38;5;15m:[39m[38;5;15m [39m[38;5;141m2.0[39m
[38;5;15m    [39m[38;5;204mIN_FEATURES[39m[38;5;15m:[39m
[38;5;15m    [39m[38;5;15m-[39m[38;5;15m [39m[38;5;141mp3[39m
[38;5;15m    [39m[38;5;15m-[39m[38;5;15m [39m[38;5;141mp4[39m
[38;5;15m    [39m[38;5;15m-[39m[38;5;15m [39m[38;5;141mp5[39m
[38;5;15m    [39m[38;5;15m-[39m[38;5;15m [39m[38;5;141mp6[39m
[38;5;15m    [39m[38;5;15m-[39m[38;5;15m [39m[38;5;141mp7[39m
[38;5;15m    [39m[38;5;204mIOU_LABELS[39m[38;5;15m:[39m
[38;5;15m    [39m[38;5;15m-[39m[38;5;15m [39m[38;5;141m0[39m
[38;5;15m    [39m[38;5;15m-[39m[38;5;15m [39m[38;5;141m-1[39m
[38;5;15m    [39m[38;5;15m-[39m[38;5;15m [39m[38;5;141m1[39m
[38;5;15m    [39m[38;5;204mIOU_THRESHOLDS[39m[38;5;15m:[39m
[38;5;15m    [39m[38;5;15m-[39m[38;5;15m [39m[38;5;141m0.4[39m
[38;5;15m    [39m[38;5;15m-[39m[38;5;15m [39m[38;5;141m0.5[39m
[38;5;15m    [39m[38;5;204mNMS_THRESH_TEST[39m[38;5;15m:[39m[38;5;15m [39m[38;5;141m0.5[39m
[38;5;15m    [39m[38;5;204mNORM[39m[38;5;15m:[39m[38;5;15m [39m[38;5;186m'[39m[38;5;186m'[39m
[38;5;15m    [39m[38;5;204mNUM_CLASSES[39m[38;5;15m:[39m[38;5;15m [39m[38;5;141m80[39m
[38;5;15m    [39m[38;5;204mNUM_CONVS[39m[38;5;15m:[39m[38;5;15m [39m[38;5;141m4[39m
[38;5;15m    [39m[38;5;204mPRIOR_PROB[39m[38;5;15m:[39m[38;5;15m [39m[38;5;141m0.01[39m
[38;5;15m    [39m[38;5;204mSCORE_THRESH_TEST[39m[38;5;15m:[39m[38;5;15m [39m[38;5;141m0.05[39m
[38;5;15m    [39m[38;5;204mSMOOTH_L1_LOSS_BETA[39m[38;5;15m:[39m[38;5;15m [39m[38;5;141m0.1[39m
[38;5;15m    [39m[38;5;204mTOPK_CANDIDATES_TEST[39m[38;5;15m:[39m[38;5;15m [39m[38;5;141m1000[39m
[38;5;15m  [39m[38;5;204mROI_BOX_CASCADE_HEAD[39m[38;5;15m:[39m
[38;5;15m    [39m[38;5;204mBBOX_REG_WEIGHTS[39m[38;5;15m:[39m
[38;5;15m    [39m[38;5;15m-[39m[38;5;15m [39m[38;5;15m&id001[39m
[38;5;15m      [39m[38;5;15m-[39m[38;5;15m [39m[38;5;141m10.0[39m
[38;5;15m      [39m[38;5;15m-[39m[38;5;15m [39m[38;5;141m10.0[39m
[38;5;15m      [39m[38;5;15m-[39m[38;5;15m [39m[38;5;141m5.0[39m
[38;5;15m      [39m[38;5;15m-[39m[38;5;15m [39m[38;5;141m5.0[39m
[38;5;15m    [39m[38;5;15m-[39m[38;5;15m [39m[38;5;15m-[39m[38;5;15m [39m[38;5;141m20.0[39m
[38;5;15m      [39m[38;5;15m-[39m[38;5;15m [39m[38;5;141m20.0[39m
[38;5;15m      [39m[38;5;15m-[39m[38;5;15m [39m[38;5;141m10.0[39m
[38;5;15m      [39m[38;5;15m-[39m[38;5;15m [39m[38;5;141m10.0[39m
[38;5;15m    [39m[38;5;15m-[39m[38;5;15m [39m[38;5;15m-[39m[38;5;15m [39m[38;5;141m30.0[39m
[38;5;15m      [39m[38;5;15m-[39m[38;5;15m [39m[38;5;141m30.0[39m
[38;5;15m      [39m[38;5;15m-[39m[38;5;15m [39m[38;5;141m15.0[39m
[38;5;15m      [39m[38;5;15m-[39m[38;5;15m [39m[38;5;141m15.0[39m
[38;5;15m    [39m[38;5;204mIOUS[39m[38;5;15m:[39m
[38;5;15m    [39m[38;5;15m-[39m[38;5;15m [39m[38;5;141m0.5[39m
[38;5;15m    [39m[38;5;15m-[39m[38;5;15m [39m[38;5;141m0.6[39m
[38;5;15m    [39m[38;5;15m-[39m[38;5;15m [39m[38;5;141m0.7[39m
[38;5;15m  [39m[38;5;204mROI_BOX_HEAD[39m[38;5;15m:[39m
[38;5;15m    [39m[38;5;204mBBOX_REG_LOSS_TYPE[39m[38;5;15m:[39m[38;5;15m [39m[38;5;141msmooth_l1[39m
[38;5;15m    [39m[38;5;204mBBOX_REG_LOSS_WEIGHT[39m[38;5;15m:[39m[38;5;15m [39m[38;5;141m1.0[39m
[38;5;15m    [39m[38;5;204mBBOX_REG_WEIGHTS[39m[38;5;15m:[39m[38;5;15m [39m[38;5;15m*id001[39m
[38;5;15m    [39m[38;5;204mCLS_AGNOSTIC_BBOX_REG[39m[38;5;15m:[39m[38;5;15m [39m[38;5;141mfalse[39m
[38;5;15m    [39m[38;5;204mCONV_DIM[39m[38;5;15m:[39m[38;5;15m [39m[38;5;141m256[39m
[38;5;15m    [39m[38;5;204mFC_DIM[39m[38;5;15m:[39m[38;5;15m [39m[38;5;141m1024[39m
[38;5;15m    [39m[38;5;204mFED_LOSS_FREQ_WEIGHT_POWER[39m[38;5;15m:[39m[38;5;15m [39m[38;5;141m0.5[39m
[38;5;15m    [39m[38;5;204mFED_LOSS_NUM_CLASSES[39m[38;5;15m:[39m[38;5;15m [39m[38;5;141m50[39m
[38;5;15m    [39m[38;5;204mNAME[39m[38;5;15m:[39m[38;5;15m [39m[38;5;186m'[39m[38;5;186m'[39m
[38;5;15m    [39m[38;5;204mNORM[39m[38;5;15m:[39m[38;5;15m [39m[38;5;186m'[39m[38;5;186m'[39m
[38;5;15m    [39m[38;5;204mNUM_CONV[39m[38;5;15m:[39m[38;5;15m [39m[38;5;141m0[39m
[38;5;15m    [39m[38;5;204mNUM_FC[39m[38;5;15m:[39m[38;5;15m [39m[38;5;141m0[39m
[38;5;15m    [39m[38;5;204mPOOLER_RESOLUTION[39m[38;5;15m:[39m[38;5;15m [39m[38;5;141m14[39m
[38;5;15m    [39m[38;5;204mPOOLER_SAMPLING_RATIO[39m[38;5;15m:[39m[38;5;15m [39m[38;5;141m0[39m
[38;5;15m    [39m[38;5;204mPOOLER_TYPE[39m[38;5;15m:[39m[38;5;15m [39m[38;5;141mROIAlignV2[39m
[38;5;15m    [39m[38;5;204mSMOOTH_L1_BETA[39m[38;5;15m:[39m[38;5;15m [39m[38;5;141m0.0[39m
[38;5;15m    [39m[38;5;204mTRAIN_ON_PRED_BOXES[39m[38;5;15m:[39m[38;5;15m [39m[38;5;141mfalse[39m
[38;5;15m    [39m[38;5;204mUSE_FED_LOSS[39m[38;5;15m:[39m[38;5;15m [39m[38;5;141mfalse[39m
[38;5;15m    [39m[38;5;204mUSE_SIGMOID_CE[39m[38;5;15m:[39m[38;5;15m [39m[38;5;141mfalse[39m
[38;5;15m  [39m[38;5;204mROI_HEADS[39m[38;5;15m:[39m
[38;5;15m    [39m[38;5;204mBATCH_SIZE_PER_IMAGE[39m[38;5;15m:[39m[38;5;15m [39m[38;5;141m512[39m
[38;5;15m    [39m[38;5;204mIN_FEATURES[39m[38;5;15m:[39m
[38;5;15m    [39m[38;5;15m-[39m[38;5;15m [39m[38;5;141mres4[39m
[38;5;15m    [39m[38;5;204mIOU_LABELS[39m[38;5;15m:[39m
[38;5;15m    [39m[38;5;15m-[39m[38;5;15m [39m[38;5;141m0[39m
[38;5;15m    [39m[38;5;15m-[39m[38;5;15m [39m[38;5;141m1[39m
[38;5;15m    [39m[38;5;204mIOU_THRESHOLDS[39m[38;5;15m:[39m
[38;5;15m    [39m[38;5;15m-[39m[38;5;15m [39m[38;5;141m0.5[39m
[38;5;15m    [39m[38;5;204mNAME[39m[38;5;15m:[39m[38;5;15m [39m[38;5;141mRes5ROIHeads[39m
[38;5;15m    [39m[38;5;204mNMS_THRESH_TEST[39m[38;5;15m:[39m[38;5;15m [39m[38;5;141m0.5[39m
[38;5;15m    [39m[38;5;204mNUM_CLASSES[39m[38;5;15m:[39m[38;5;15m [39m[38;5;141m80[39m
[38;5;15m    [39m[38;5;204mPOSITIVE_FRACTION[39m[38;5;15m:[39m[38;5;15m [39m[38;5;141m0.25[39m
[38;5;15m    [39m[38;5;204mPROPOSAL_APPEND_GT[39m[38;5;15m:[39m[38;5;15m [39m[38;5;141mtrue[39m
[38;5;15m    [39m[38;5;204mSCORE_THRESH_TEST[39m[38;5;15m:[39m[38;5;15m [39m[38;5;141m0.05[39m
[38;5;15m  [39m[38;5;204mROI_KEYPOINT_HEAD[39m[38;5;15m:[39m
[38;5;15m    [39m[38;5;204mCONV_DIMS[39m[38;5;15m:[39m
[38;5;15m    [39m[38;5;15m-[39m[38;5;15m [39m[38;5;141m512[39m
[38;5;15m    [39m[38;5;15m-[39m[38;5;15m [39m[38;5;141m512[39m
[38;5;15m    [39m[38;5;15m-[39m[38;5;15m [39m[38;5;141m512[39m
[38;5;15m    [39m[38;5;15m-[39m[38;5;15m [39m[38;5;141m512[39m
[38;5;15m    [39m[38;5;15m-[39m[38;5;15m [39m[38;5;141m512[39m
[38;5;15m    [39m[38;5;15m-[39m[38;5;15m [39m[38;5;141m512[39m
[38;5;15m    [39m[38;5;15m-[39m[38;5;15m [39m[38;5;141m512[39m
[38;5;15m    [39m[38;5;15m-[39m[38;5;15m [39m[38;5;141m512[39m
[38;5;15m    [39m[38;5;204mLOSS_WEIGHT[39m[38;5;15m:[39m[38;5;15m [39m[38;5;141m1.0[39m
[38;5;15m    [39m[38;5;204mMIN_KEYPOINTS_PER_IMAGE[39m[38;5;15m:[39m[38;5;15m [39m[38;5;141m1[39m
[38;5;15m    [39m[38;5;204mNAME[39m[38;5;15m:[39m[38;5;15m [39m[38;5;141mKRCNNConvDeconvUpsampleHead[39m
[38;5;15m    [39m[38;5;204mNORMALIZE_LOSS_BY_VISIBLE_KEYPOINTS[39m[38;5;15m:[39m[38;5;15m [39m[38;5;141mtrue[39m
[38;5;15m    [39m[38;5;204mNUM_KEYPOINTS[39m[38;5;15m:[39m[38;5;15m [39m[38;5;141m17[39m
[38;5;15m    [39m[38;5;204mPOOLER_RESOLUTION[39m[38;5;15m:[39m[38;5;15m [39m[38;5;141m14[39m
[38;5;15m    [39m[38;5;204mPOOLER_SAMPLING_RATIO[39m[38;5;15m:[39m[38;5;15m [39m[38;5;141m0[39m
[38;5;15m    [39m[38;5;204mPOOLER_TYPE[39m[38;5;15m:[39m[38;5;15m [39m[38;5;141mROIAlignV2[39m
[38;5;15m  [39m[38;5;204mROI_MASK_HEAD[39m[38;5;15m:[39m
[38;5;15m    [39m[38;5;204mCLS_AGNOSTIC_MASK[39m[38;5;15m:[39m[38;5;15m [39m[38;5;141mfalse[39m
[38;5;15m    [39m[38;5;204mCONV_DIM[39m[38;5;15m:[39m[38;5;15m [39m[38;5;141m256[39m
[38;5;15m    [39m[38;5;204mNAME[39m[38;5;15m:[39m[38;5;15m [39m[38;5;141mMaskRCNNConvUpsampleHead[39m
[38;5;15m    [39m[38;5;204mNORM[39m[38;5;15m:[39m[38;5;15m [39m[38;5;186m'[39m[38;5;186m'[39m
[38;5;15m    [39m[38;5;204mNUM_CONV[39m[38;5;15m:[39m[38;5;15m [39m[38;5;141m0[39m
[38;5;15m    [39m[38;5;204mPOOLER_RESOLUTION[39m[38;5;15m:[39m[38;5;15m [39m[38;5;141m14[39m
[38;5;15m    [39m[38;5;204mPOOLER_SAMPLING_RATIO[39m[38;5;15m:[39m[38;5;15m [39m[38;5;141m0[39m
[38;5;15m    [39m[38;5;204mPOOLER_TYPE[39m[38;5;15m:[39m[38;5;15m [39m[38;5;141mROIAlignV2[39m
[38;5;15m  [39m[38;5;204mRPN[39m[38;5;15m:[39m
[38;5;15m    [39m[38;5;204mBATCH_SIZE_PER_IMAGE[39m[38;5;15m:[39m[38;5;15m [39m[38;5;141m256[39m
[38;5;15m    [39m[38;5;204mBBOX_REG_LOSS_TYPE[39m[38;5;15m:[39m[38;5;15m [39m[38;5;141msmooth_l1[39m
[38;5;15m    [39m[38;5;204mBBOX_REG_LOSS_WEIGHT[39m[38;5;15m:[39m[38;5;15m [39m[38;5;141m1.0[39m
[38;5;15m    [39m[38;5;204mBBOX_REG_WEIGHTS[39m[38;5;15m:[39m[38;5;15m [39m[38;5;15m*id002[39m
[38;5;15m    [39m[38;5;204mBOUNDARY_THRESH[39m[38;5;15m:[39m[38;5;15m [39m[38;5;141m-1[39m
[38;5;15m    [39m[38;5;204mCONV_DIMS[39m[38;5;15m:[39m
[38;5;15m    [39m[38;5;15m-[39m[38;5;15m [39m[38;5;141m-1[39m
[38;5;15m    [39m[38;5;204mHEAD_NAME[39m[38;5;15m:[39m[38;5;15m [39m[38;5;141mStandardRPNHead[39m
[38;5;15m    [39m[38;5;204mIN_FEATURES[39m[38;5;15m:[39m
[38;5;15m    [39m[38;5;15m-[39m[38;5;15m [39m[38;5;141mres4[39m
[38;5;15m    [39m[38;5;204mIOU_LABELS[39m[38;5;15m:[39m
[38;5;15m    [39m[38;5;15m-[39m[38;5;15m [39m[38;5;141m0[39m
[38;5;15m    [39m[38;5;15m-[39m[38;5;15m [39m[38;5;141m-1[39m
[38;5;15m    [39m[38;5;15m-[39m[38;5;15m [39m[38;5;141m1[39m
[38;5;15m    [39m[38;5;204mIOU_THRESHOLDS[39m[38;5;15m:[39m
[38;5;15m    [39m[38;5;15m-[39m[38;5;15m [39m[38;5;141m0.3[39m
[38;5;15m    [39m[38;5;15m-[39m[38;5;15m [39m[38;5;141m0.7[39m
[38;5;15m    [39m[38;5;204mLOSS_WEIGHT[39m[38;5;15m:[39m[38;5;15m [39m[38;5;141m1.0[39m
[38;5;15m    [39m[38;5;204mNMS_THRESH[39m[38;5;15m:[39m[38;5;15m [39m[38;5;141m0.7[39m
[38;5;15m    [39m[38;5;204mPOSITIVE_FRACTION[39m[38;5;15m:[39m[38;5;15m [39m[38;5;141m0.5[39m
[38;5;15m    [39m[38;5;204mPOST_NMS_TOPK_TEST[39m[38;5;15m:[39m[38;5;15m [39m[38;5;141m1000[39m
[38;5;15m    [39m[38;5;204mPOST_NMS_TOPK_TRAIN[39m[38;5;15m:[39m[38;5;15m [39m[38;5;141m2000[39m
[38;5;15m    [39m[38;5;204mPRE_NMS_TOPK_TEST[39m[38;5;15m:[39m[38;5;15m [39m[38;5;141m6000[39m
[38;5;15m    [39m[38;5;204mPRE_NMS_TOPK_TRAIN[39m[38;5;15m:[39m[38;5;15m [39m[38;5;141m12000[39m
[38;5;15m    [39m[38;5;204mSMOOTH_L1_BETA[39m[38;5;15m:[39m[38;5;15m [39m[38;5;141m0.0[39m
[38;5;15m  [39m[38;5;204mSEM_SEG_HEAD[39m[38;5;15m:[39m
[38;5;15m    [39m[38;5;204mASPP_CHANNELS[39m[38;5;15m:[39m[38;5;15m [39m[38;5;141m256[39m
[38;5;15m    [39m[38;5;204mASPP_DILATIONS[39m[38;5;15m:[39m
[38;5;15m    [39m[38;5;15m-[39m[38;5;15m [39m[38;5;141m6[39m
[38;5;15m    [39m[38;5;15m-[39m[38;5;15m [39m[38;5;141m12[39m
[38;5;15m    [39m[38;5;15m-[39m[38;5;15m [39m[38;5;141m18[39m
[38;5;15m    [39m[38;5;204mASPP_DROPOUT[39m[38;5;15m:[39m[38;5;15m [39m[38;5;141m0.1[39m
[38;5;15m    [39m[38;5;204mCOMMON_STRIDE[39m[38;5;15m:[39m[38;5;15m [39m[38;5;141m4[39m
[38;5;15m    [39m[38;5;204mCONVS_DIM[39m[38;5;15m:[39m[38;5;15m [39m[38;5;141m256[39m
[38;5;15m    [39m[38;5;204mDEFORMABLE_TRANSFORMER_ENCODER_IN_FEATURES[39m[38;5;15m:[39m
[38;5;15m    [39m[38;5;15m-[39m[38;5;15m [39m[38;5;141mres3[39m
[38;5;15m    [39m[38;5;15m-[39m[38;5;15m [39m[38;5;141mres4[39m
[38;5;15m    [39m[38;5;15m-[39m[38;5;15m [39m[38;5;141mres5[39m
[38;5;15m    [39m[38;5;204mDEFORMABLE_TRANSFORMER_ENCODER_N_HEADS[39m[38;5;15m:[39m[38;5;15m [39m[38;5;141m8[39m
[38;5;15m    [39m[38;5;204mDEFORMABLE_TRANSFORMER_ENCODER_N_POINTS[39m[38;5;15m:[39m[38;5;15m [39m[38;5;141m4[39m
[38;5;15m    [39m[38;5;204mIGNORE_VALUE[39m[38;5;15m:[39m[38;5;15m [39m[38;5;141m255[39m
[38;5;15m    [39m[38;5;204mIN_FEATURES[39m[38;5;15m:[39m
[38;5;15m    [39m[38;5;15m-[39m[38;5;15m [39m[38;5;141mres2[39m
[38;5;15m    [39m[38;5;15m-[39m[38;5;15m [39m[38;5;141mres3[39m
[38;5;15m    [39m[38;5;15m-[39m[38;5;15m [39m[38;5;141mres4[39m
[38;5;15m    [39m[38;5;15m-[39m[38;5;15m [39m[38;5;141mres5[39m
[38;5;15m    [39m[38;5;204mLOSS_TYPE[39m[38;5;15m:[39m[38;5;15m [39m[38;5;141mhard_pixel_mining[39m
[38;5;15m    [39m[38;5;204mLOSS_WEIGHT[39m[38;5;15m:[39m[38;5;15m [39m[38;5;141m1.0[39m
[38;5;15m    [39m[38;5;204mMASK_DIM[39m[38;5;15m:[39m[38;5;15m [39m[38;5;141m256[39m
[38;5;15m    [39m[38;5;204mNAME[39m[38;5;15m:[39m[38;5;15m [39m[38;5;141mMaskFormerHead[39m
[38;5;15m    [39m[38;5;204mNORM[39m[38;5;15m:[39m[38;5;15m [39m[38;5;141mGN[39m
[38;5;15m    [39m[38;5;204mNUM_CLASSES[39m[38;5;15m:[39m[38;5;15m [39m[38;5;141m1[39m
[38;5;15m    [39m[38;5;204mPIXEL_DECODER_NAME[39m[38;5;15m:[39m[38;5;15m [39m[38;5;141mMSDeformAttnPixelDecoder[39m
[38;5;15m    [39m[38;5;204mPROJECT_CHANNELS[39m[38;5;15m:[39m
[38;5;15m    [39m[38;5;15m-[39m[38;5;15m [39m[38;5;141m48[39m
[38;5;15m    [39m[38;5;204mPROJECT_FEATURES[39m[38;5;15m:[39m
[38;5;15m    [39m[38;5;15m-[39m[38;5;15m [39m[38;5;141mres2[39m
[38;5;15m    [39m[38;5;204mTRANSFORMER_ENC_LAYERS[39m[38;5;15m:[39m[38;5;15m [39m[38;5;141m6[39m
[38;5;15m    [39m[38;5;204mUSE_DEPTHWISE_SEPARABLE_CONV[39m[38;5;15m:[39m[38;5;15m [39m[38;5;141mfalse[39m
[38;5;15m  [39m[38;5;204mSWIN[39m[38;5;15m:[39m
[38;5;15m    [39m[38;5;204mAPE[39m[38;5;15m:[39m[38;5;15m [39m[38;5;141mfalse[39m
[38;5;15m    [39m[38;5;204mATTN_DROP_RATE[39m[38;5;15m:[39m[38;5;15m [39m[38;5;141m0.0[39m
[38;5;15m    [39m[38;5;204mDEPTHS[39m[38;5;15m:[39m
[38;5;15m    [39m[38;5;15m-[39m[38;5;15m [39m[38;5;141m2[39m
[38;5;15m    [39m[38;5;15m-[39m[38;5;15m [39m[38;5;141m2[39m
[38;5;15m    [39m[38;5;15m-[39m[38;5;15m [39m[38;5;141m6[39m
[38;5;15m    [39m[38;5;15m-[39m[38;5;15m [39m[38;5;141m2[39m
[38;5;15m    [39m[38;5;204mDROP_PATH_RATE[39m[38;5;15m:[39m[38;5;15m [39m[38;5;141m0.3[39m
[38;5;15m    [39m[38;5;204mDROP_RATE[39m[38;5;15m:[39m[38;5;15m [39m[38;5;141m0.0[39m
[38;5;15m    [39m[38;5;204mEMBED_DIM[39m[38;5;15m:[39m[38;5;15m [39m[38;5;141m96[39m
[38;5;15m    [39m[38;5;204mMLP_RATIO[39m[38;5;15m:[39m[38;5;15m [39m[38;5;141m4.0[39m
[38;5;15m    [39m[38;5;204mNUM_HEADS[39m[38;5;15m:[39m
[38;5;15m    [39m[38;5;15m-[39m[38;5;15m [39m[38;5;141m3[39m
[38;5;15m    [39m[38;5;15m-[39m[38;5;15m [39m[38;5;141m6[39m
[38;5;15m    [39m[38;5;15m-[39m[38;5;15m [39m[38;5;141m12[39m
[38;5;15m    [39m[38;5;15m-[39m[38;5;15m [39m[38;5;141m24[39m
[38;5;15m    [39m[38;5;204mOUT_FEATURES[39m[38;5;15m:[39m
[38;5;15m    [39m[38;5;15m-[39m[38;5;15m [39m[38;5;141mres2[39m
[38;5;15m    [39m[38;5;15m-[39m[38;5;15m [39m[38;5;141mres3[39m
[38;5;15m    [39m[38;5;15m-[39m[38;5;15m [39m[38;5;141mres4[39m
[38;5;15m    [39m[38;5;15m-[39m[38;5;15m [39m[38;5;141mres5[39m
[38;5;15m    [39m[38;5;204mPATCH_NORM[39m[38;5;15m:[39m[38;5;15m [39m[38;5;141mtrue[39m
[38;5;15m    [39m[38;5;204mPATCH_SIZE[39m[38;5;15m:[39m[38;5;15m [39m[38;5;141m4[39m
[38;5;15m    [39m[38;5;204mPRETRAIN_IMG_SIZE[39m[38;5;15m:[39m[38;5;15m [39m[38;5;141m224[39m
[38;5;15m    [39m[38;5;204mQKV_BIAS[39m[38;5;15m:[39m[38;5;15m [39m[38;5;141mtrue[39m
[38;5;15m    [39m[38;5;204mQK_SCALE[39m[38;5;15m:[39m[38;5;15m [39m[38;5;141mnull[39m
[38;5;15m    [39m[38;5;204mUSE_CHECKPOINT[39m[38;5;15m:[39m[38;5;15m [39m[38;5;141mfalse[39m
[38;5;15m    [39m[38;5;204mWINDOW_SIZE[39m[38;5;15m:[39m[38;5;15m [39m[38;5;141m7[39m
[38;5;15m  [39m[38;5;204mWEIGHTS[39m[38;5;15m:[39m[38;5;15m [39m[38;5;141m/mnt/data/mis2025/group_6/Parameter/pre_train_para/graphene_mid/model_final.pth[39m
[38;5;204mOUTPUT_DIR[39m[38;5;15m:[39m[38;5;15m [39m[38;5;141m/mnt/data/mis2025/group_6/Parameter/trained_para/graphene_mid_finetune[39m
[38;5;204mSEED[39m[38;5;15m:[39m[38;5;15m [39m[38;5;141m42[39m
[38;5;204mSOLVER[39m[38;5;15m:[39m
[38;5;15m  [39m[38;5;204mAMP[39m[38;5;15m:[39m
[38;5;15m    [39m[38;5;204mENABLED[39m[38;5;15m:[39m[38;5;15m [39m[38;5;141mtrue[39m
[38;5;15m  [39m[38;5;204mBACKBONE_MULTIPLIER[39m[38;5;15m:[39m[38;5;15m [39m[38;5;141m1.0[39m
[38;5;15m  [39m[38;5;204mBASE_LR[39m[38;5;15m:[39m[38;5;15m [39m[38;5;141m2.0e-05[39m
[38;5;15m  [39m[38;5;204mBASE_LR_END[39m[38;5;15m:[39m[38;5;15m [39m[38;5;141m0.0[39m
[38;5;15m  [39m[38;5;204mBIAS_LR_FACTOR[39m[38;5;15m:[39m[38;5;15m [39m[38;5;141m1.0[39m
[38;5;15m  [39m[38;5;204mCHECKPOINT_PERIOD[39m[38;5;15m:[39m[38;5;15m [39m[38;5;141m5000[39m
[38;5;15m  [39m[38;5;204mCLIP_GRADIENTS[39m[38;5;15m:[39m
[38;5;15m    [39m[38;5;204mCLIP_TYPE[39m[38;5;15m:[39m[38;5;15m [39m[38;5;141mfull_model[39m
[38;5;15m    [39m[38;5;204mCLIP_VALUE[39m[38;5;15m:[39m[38;5;15m [39m[38;5;141m0.01[39m
[38;5;15m    [39m[38;5;204mENABLED[39m[38;5;15m:[39m[38;5;15m [39m[38;5;141mtrue[39m
[38;5;15m    [39m[38;5;204mNORM_TYPE[39m[38;5;15m:[39m[38;5;15m [39m[38;5;141m2.0[39m
[38;5;15m  [39m[38;5;204mGAMMA[39m[38;5;15m:[39m[38;5;15m [39m[38;5;141m0.1[39m
[38;5;15m  [39m[38;5;204mIMS_PER_BATCH[39m[38;5;15m:[39m[38;5;15m [39m[38;5;141m16[39m
[38;5;15m  [39m[38;5;204mLR_SCHEDULER_NAME[39m[38;5;15m:[39m[38;5;15m [39m[38;5;141mWarmupCosineLR[39m
[38;5;15m  [39m[38;5;204mMAX_ITER[39m[38;5;15m:[39m[38;5;15m [39m[38;5;141m10000[39m
[38;5;15m  [39m[38;5;204mMOMENTUM[39m[38;5;15m:[39m[38;5;15m [39m[38;5;141m0.9[39m
[38;5;15m  [39m[38;5;204mNESTEROV[39m[38;5;15m:[39m[38;5;15m [39m[38;5;141mfalse[39m
[38;5;15m  [39m[38;5;204mNUM_DECAYS[39m[38;5;15m:[39m[38;5;15m [39m[38;5;141m3[39m
[38;5;15m  [39m[38;5;204mOPTIMIZER[39m[38;5;15m:[39m[38;5;15m [39m[38;5;141mADAMW[39m
[38;5;15m  [39m[38;5;204mPOLY_LR_CONSTANT_ENDING[39m[38;5;15m:[39m[38;5;15m [39m[38;5;141m0.0[39m
[38;5;15m  [39m[38;5;204mPOLY_LR_POWER[39m[38;5;15m:[39m[38;5;15m [39m[38;5;141m0.9[39m
[38;5;15m  [39m[38;5;204mREFERENCE_WORLD_SIZE[39m[38;5;15m:[39m[38;5;15m [39m[38;5;141m0[39m
[38;5;15m  [39m[38;5;204mRESCALE_INTERVAL[39m[38;5;15m:[39m[38;5;15m [39m[38;5;141mfalse[39m
[38;5;15m  [39m[38;5;204mSTEPS[39m[38;5;15m:[39m
[38;5;15m  [39m[38;5;15m-[39m[38;5;15m [39m[38;5;141m30000[39m
[38;5;15m  [39m[38;5;204mWARMUP_FACTOR[39m[38;5;15m:[39m[38;5;15m [39m[38;5;141m0.001[39m
[38;5;15m  [39m[38;5;204mWARMUP_ITERS[39m[38;5;15m:[39m[38;5;15m [39m[38;5;141m500[39m
[38;5;15m  [39m[38;5;204mWARMUP_METHOD[39m[38;5;15m:[39m[38;5;15m [39m[38;5;141mlinear[39m
[38;5;15m  [39m[38;5;204mWEIGHT_DECAY[39m[38;5;15m:[39m[38;5;15m [39m[38;5;141m0.05[39m
[38;5;15m  [39m[38;5;204mWEIGHT_DECAY_BIAS[39m[38;5;15m:[39m[38;5;15m [39m[38;5;141mnull[39m
[38;5;15m  [39m[38;5;204mWEIGHT_DECAY_EMBED[39m[38;5;15m:[39m[38;5;15m [39m[38;5;141m0.0[39m
[38;5;15m  [39m[38;5;204mWEIGHT_DECAY_NORM[39m[38;5;15m:[39m[38;5;15m [39m[38;5;141m0.0[39m
[38;5;204mTEST[39m[38;5;15m:[39m
[38;5;15m  [39m[38;5;204mAUG[39m[38;5;15m:[39m
[38;5;15m    [39m[38;5;204mENABLED[39m[38;5;15m:[39m[38;5;15m [39m[38;5;141mfalse[39m
[38;5;15m    [39m[38;5;204mFLIP[39m[38;5;15m:[39m[38;5;15m [39m[38;5;141mtrue[39m
[38;5;15m    [39m[38;5;204mMAX_SIZE[39m[38;5;15m:[39m[38;5;15m [39m[38;5;141m4000[39m
[38;5;15m    [39m[38;5;204mMIN_SIZES[39m[38;5;15m:[39m
[38;5;15m    [39m[38;5;15m-[39m[38;5;15m [39m[38;5;141m400[39m
[38;5;15m    [39m[38;5;15m-[39m[38;5;15m [39m[38;5;141m500[39m
[38;5;15m    [39m[38;5;15m-[39m[38;5;15m [39m[38;5;141m600[39m
[38;5;15m    [39m[38;5;15m-[39m[38;5;15m [39m[38;5;141m700[39m
[38;5;15m    [39m[38;5;15m-[39m[38;5;15m [39m[38;5;141m800[39m
[38;5;15m    [39m[38;5;15m-[39m[38;5;15m [39m[38;5;141m900[39m
[38;5;15m    [39m[38;5;15m-[39m[38;5;15m [39m[38;5;141m1000[39m
[38;5;15m    [39m[38;5;15m-[39m[38;5;15m [39m[38;5;141m1100[39m
[38;5;15m    [39m[38;5;15m-[39m[38;5;15m [39m[38;5;141m1200[39m
[38;5;15m  [39m[38;5;204mDETECTIONS_PER_IMAGE[39m[38;5;15m:[39m[38;5;15m [39m[38;5;141m100[39m
[38;5;15m  [39m[38;5;204mEVAL_PERIOD[39m[38;5;15m:[39m[38;5;15m [39m[38;5;141m50000[39m
[38;5;15m  [39m[38;5;204mEXPECTED_RESULTS[39m[38;5;15m:[39m[38;5;15m [39m[38;5;15m[[39m[38;5;15m][39m
[38;5;15m  [39m[38;5;204mKEYPOINT_OKS_SIGMAS[39m[38;5;15m:[39m[38;5;15m [39m[38;5;15m[[39m[38;5;15m][39m
[38;5;15m  [39m[38;5;204mPRECISE_BN[39m[38;5;15m:[39m
[38;5;15m    [39m[38;5;204mENABLED[39m[38;5;15m:[39m[38;5;15m [39m[38;5;141mfalse[39m
[38;5;15m    [39m[38;5;204mNUM_ITER[39m[38;5;15m:[39m[38;5;15m [39m[38;5;141m200[39m
[38;5;204mVERSION[39m[38;5;15m:[39m[38;5;15m [39m[38;5;141m2[39m
[38;5;204mVIS_PERIOD[39m[38;5;15m:[39m[38;5;15m [39m[38;5;141m0[39m

[02/27 23:55:57 detectron2]: Full config saved to /mnt/data/mis2025/group_6/Parameter/trained_para/graphene_mid_finetune/config.yaml
[02/27 23:55:58 d2.engine.defaults]: Model:
MaskFormer(
  (backbone): ResNet(
    (stem): BasicStem(
      (conv1): Conv2d(
        3, 64, kernel_size=(7, 7), stride=(2, 2), padding=(3, 3), bias=False
        (norm): FrozenBatchNorm2d(num_features=64, eps=1e-05)
      )
    )
    (res2): Sequential(
      (0): BottleneckBlock(
        (shortcut): Conv2d(
          64, 256, kernel_size=(1, 1), stride=(1, 1), bias=False
          (norm): FrozenBatchNorm2d(num_features=256, eps=1e-05)
        )
        (conv1): Conv2d(
          64, 64, kernel_size=(1, 1), stride=(1, 1), bias=False
          (norm): FrozenBatchNorm2d(num_features=64, eps=1e-05)
        )
        (conv2): Conv2d(
          64, 64, kernel_size=(3, 3), stride=(1, 1), padding=(1, 1), bias=False
          (norm): FrozenBatchNorm2d(num_features=64, eps=1e-05)
        )
        (conv3): Conv2d(
          64, 256, kernel_size=(1, 1), stride=(1, 1), bias=False
          (norm): FrozenBatchNorm2d(num_features=256, eps=1e-05)
        )
      )
      (1): BottleneckBlock(
        (conv1): Conv2d(
          256, 64, kernel_size=(1, 1), stride=(1, 1), bias=False
          (norm): FrozenBatchNorm2d(num_features=64, eps=1e-05)
        )
        (conv2): Conv2d(
          64, 64, kernel_size=(3, 3), stride=(1, 1), padding=(1, 1), bias=False
          (norm): FrozenBatchNorm2d(num_features=64, eps=1e-05)
        )
        (conv3): Conv2d(
          64, 256, kernel_size=(1, 1), stride=(1, 1), bias=False
          (norm): FrozenBatchNorm2d(num_features=256, eps=1e-05)
        )
      )
      (2): BottleneckBlock(
        (conv1): Conv2d(
          256, 64, kernel_size=(1, 1), stride=(1, 1), bias=False
          (norm): FrozenBatchNorm2d(num_features=64, eps=1e-05)
        )
        (conv2): Conv2d(
          64, 64, kernel_size=(3, 3), stride=(1, 1), padding=(1, 1), bias=False
          (norm): FrozenBatchNorm2d(num_features=64, eps=1e-05)
        )
        (conv3): Conv2d(
          64, 256, kernel_size=(1, 1), stride=(1, 1), bias=False
          (norm): FrozenBatchNorm2d(num_features=256, eps=1e-05)
        )
      )
    )
    (res3): Sequential(
      (0): BottleneckBlock(
        (shortcut): Conv2d(
          256, 512, kernel_size=(1, 1), stride=(2, 2), bias=False
          (norm): FrozenBatchNorm2d(num_features=512, eps=1e-05)
        )
        (conv1): Conv2d(
          256, 128, kernel_size=(1, 1), stride=(1, 1), bias=False
          (norm): FrozenBatchNorm2d(num_features=128, eps=1e-05)
        )
        (conv2): Conv2d(
          128, 128, kernel_size=(3, 3), stride=(2, 2), padding=(1, 1), bias=False
          (norm): FrozenBatchNorm2d(num_features=128, eps=1e-05)
        )
        (conv3): Conv2d(
          128, 512, kernel_size=(1, 1), stride=(1, 1), bias=False
          (norm): FrozenBatchNorm2d(num_features=512, eps=1e-05)
        )
      )
      (1): BottleneckBlock(
        (conv1): Conv2d(
          512, 128, kernel_size=(1, 1), stride=(1, 1), bias=False
          (norm): FrozenBatchNorm2d(num_features=128, eps=1e-05)
        )
        (conv2): Conv2d(
          128, 128, kernel_size=(3, 3), stride=(1, 1), padding=(1, 1), bias=False
          (norm): FrozenBatchNorm2d(num_features=128, eps=1e-05)
        )
        (conv3): Conv2d(
          128, 512, kernel_size=(1, 1), stride=(1, 1), bias=False
          (norm): FrozenBatchNorm2d(num_features=512, eps=1e-05)
        )
      )
      (2): BottleneckBlock(
        (conv1): Conv2d(
          512, 128, kernel_size=(1, 1), stride=(1, 1), bias=False
          (norm): FrozenBatchNorm2d(num_features=128, eps=1e-05)
        )
        (conv2): Conv2d(
          128, 128, kernel_size=(3, 3), stride=(1, 1), padding=(1, 1), bias=False
          (norm): FrozenBatchNorm2d(num_features=128, eps=1e-05)
        )
        (conv3): Conv2d(
          128, 512, kernel_size=(1, 1), stride=(1, 1), bias=False
          (norm): FrozenBatchNorm2d(num_features=512, eps=1e-05)
        )
      )
      (3): BottleneckBlock(
        (conv1): Conv2d(
          512, 128, kernel_size=(1, 1), stride=(1, 1), bias=False
          (norm): FrozenBatchNorm2d(num_features=128, eps=1e-05)
        )
        (conv2): Conv2d(
          128, 128, kernel_size=(3, 3), stride=(1, 1), padding=(1, 1), bias=False
          (norm): FrozenBatchNorm2d(num_features=128, eps=1e-05)
        )
        (conv3): Conv2d(
          128, 512, kernel_size=(1, 1), stride=(1, 1), bias=False
          (norm): FrozenBatchNorm2d(num_features=512, eps=1e-05)
        )
      )
    )
    (res4): Sequential(
      (0): BottleneckBlock(
        (shortcut): Conv2d(
          512, 1024, kernel_size=(1, 1), stride=(2, 2), bias=False
          (norm): FrozenBatchNorm2d(num_features=1024, eps=1e-05)
        )
        (conv1): Conv2d(
          512, 256, kernel_size=(1, 1), stride=(1, 1), bias=False
          (norm): FrozenBatchNorm2d(num_features=256, eps=1e-05)
        )
        (conv2): Conv2d(
          256, 256, kernel_size=(3, 3), stride=(2, 2), padding=(1, 1), bias=False
          (norm): FrozenBatchNorm2d(num_features=256, eps=1e-05)
        )
        (conv3): Conv2d(
          256, 1024, kernel_size=(1, 1), stride=(1, 1), bias=False
          (norm): FrozenBatchNorm2d(num_features=1024, eps=1e-05)
        )
      )
      (1): BottleneckBlock(
        (conv1): Conv2d(
          1024, 256, kernel_size=(1, 1), stride=(1, 1), bias=False
          (norm): FrozenBatchNorm2d(num_features=256, eps=1e-05)
        )
        (conv2): Conv2d(
          256, 256, kernel_size=(3, 3), stride=(1, 1), padding=(1, 1), bias=False
          (norm): FrozenBatchNorm2d(num_features=256, eps=1e-05)
        )
        (conv3): Conv2d(
          256, 1024, kernel_size=(1, 1), stride=(1, 1), bias=False
          (norm): FrozenBatchNorm2d(num_features=1024, eps=1e-05)
        )
      )
      (2): BottleneckBlock(
        (conv1): Conv2d(
          1024, 256, kernel_size=(1, 1), stride=(1, 1), bias=False
          (norm): FrozenBatchNorm2d(num_features=256, eps=1e-05)
        )
        (conv2): Conv2d(
          256, 256, kernel_size=(3, 3), stride=(1, 1), padding=(1, 1), bias=False
          (norm): FrozenBatchNorm2d(num_features=256, eps=1e-05)
        )
        (conv3): Conv2d(
          256, 1024, kernel_size=(1, 1), stride=(1, 1), bias=False
          (norm): FrozenBatchNorm2d(num_features=1024, eps=1e-05)
        )
      )
      (3): BottleneckBlock(
        (conv1): Conv2d(
          1024, 256, kernel_size=(1, 1), stride=(1, 1), bias=False
          (norm): FrozenBatchNorm2d(num_features=256, eps=1e-05)
        )
        (conv2): Conv2d(
          256, 256, kernel_size=(3, 3), stride=(1, 1), padding=(1, 1), bias=False
          (norm): FrozenBatchNorm2d(num_features=256, eps=1e-05)
        )
        (conv3): Conv2d(
          256, 1024, kernel_size=(1, 1), stride=(1, 1), bias=False
          (norm): FrozenBatchNorm2d(num_features=1024, eps=1e-05)
        )
      )
      (4): BottleneckBlock(
        (conv1): Conv2d(
          1024, 256, kernel_size=(1, 1), stride=(1, 1), bias=False
          (norm): FrozenBatchNorm2d(num_features=256, eps=1e-05)
        )
        (conv2): Conv2d(
          256, 256, kernel_size=(3, 3), stride=(1, 1), padding=(1, 1), bias=False
          (norm): FrozenBatchNorm2d(num_features=256, eps=1e-05)
        )
        (conv3): Conv2d(
          256, 1024, kernel_size=(1, 1), stride=(1, 1), bias=False
          (norm): FrozenBatchNorm2d(num_features=1024, eps=1e-05)
        )
      )
      (5): BottleneckBlock(
        (conv1): Conv2d(
          1024, 256, kernel_size=(1, 1), stride=(1, 1), bias=False
          (norm): FrozenBatchNorm2d(num_features=256, eps=1e-05)
        )
        (conv2): Conv2d(
          256, 256, kernel_size=(3, 3), stride=(1, 1), padding=(1, 1), bias=False
          (norm): FrozenBatchNorm2d(num_features=256, eps=1e-05)
        )
        (conv3): Conv2d(
          256, 1024, kernel_size=(1, 1), stride=(1, 1), bias=False
          (norm): FrozenBatchNorm2d(num_features=1024, eps=1e-05)
        )
      )
    )
    (res5): Sequential(
      (0): BottleneckBlock(
        (shortcut): Conv2d(
          1024, 2048, kernel_size=(1, 1), stride=(2, 2), bias=False
          (norm): FrozenBatchNorm2d(num_features=2048, eps=1e-05)
        )
        (conv1): Conv2d(
          1024, 512, kernel_size=(1, 1), stride=(1, 1), bias=False
          (norm): FrozenBatchNorm2d(num_features=512, eps=1e-05)
        )
        (conv2): Conv2d(
          512, 512, kernel_size=(3, 3), stride=(2, 2), padding=(1, 1), bias=False
          (norm): FrozenBatchNorm2d(num_features=512, eps=1e-05)
        )
        (conv3): Conv2d(
          512, 2048, kernel_size=(1, 1), stride=(1, 1), bias=False
          (norm): FrozenBatchNorm2d(num_features=2048, eps=1e-05)
        )
      )
      (1): BottleneckBlock(
        (conv1): Conv2d(
          2048, 512, kernel_size=(1, 1), stride=(1, 1), bias=False
          (norm): FrozenBatchNorm2d(num_features=512, eps=1e-05)
        )
        (conv2): Conv2d(
          512, 512, kernel_size=(3, 3), stride=(1, 1), padding=(1, 1), bias=False
          (norm): FrozenBatchNorm2d(num_features=512, eps=1e-05)
        )
        (conv3): Conv2d(
          512, 2048, kernel_size=(1, 1), stride=(1, 1), bias=False
          (norm): FrozenBatchNorm2d(num_features=2048, eps=1e-05)
        )
      )
      (2): BottleneckBlock(
        (conv1): Conv2d(
          2048, 512, kernel_size=(1, 1), stride=(1, 1), bias=False
          (norm): FrozenBatchNorm2d(num_features=512, eps=1e-05)
        )
        (conv2): Conv2d(
          512, 512, kernel_size=(3, 3), stride=(1, 1), padding=(1, 1), bias=False
          (norm): FrozenBatchNorm2d(num_features=512, eps=1e-05)
        )
        (conv3): Conv2d(
          512, 2048, kernel_size=(1, 1), stride=(1, 1), bias=False
          (norm): FrozenBatchNorm2d(num_features=2048, eps=1e-05)
        )
      )
    )
  )
  (sem_seg_head): MaskFormerHead(
    (pixel_decoder): MSDeformAttnPixelDecoder(
      (input_proj): ModuleList(
        (0): Sequential(
          (0): Conv2d(2048, 256, kernel_size=(1, 1), stride=(1, 1))
          (1): GroupNorm(32, 256, eps=1e-05, affine=True)
        )
        (1): Sequential(
          (0): Conv2d(1024, 256, kernel_size=(1, 1), stride=(1, 1))
          (1): GroupNorm(32, 256, eps=1e-05, affine=True)
        )
        (2): Sequential(
          (0): Conv2d(512, 256, kernel_size=(1, 1), stride=(1, 1))
          (1): GroupNorm(32, 256, eps=1e-05, affine=True)
        )
      )
      (transformer): MSDeformAttnTransformerEncoderOnly(
        (encoder): MSDeformAttnTransformerEncoder(
          (layers): ModuleList(
            (0-5): 6 x MSDeformAttnTransformerEncoderLayer(
              (self_attn): MSDeformAttn(
                (sampling_offsets): Linear(in_features=256, out_features=192, bias=True)
                (attention_weights): Linear(in_features=256, out_features=96, bias=True)
                (value_proj): Linear(in_features=256, out_features=256, bias=True)
                (output_proj): Linear(in_features=256, out_features=256, bias=True)
              )
              (dropout1): Dropout(p=0.0, inplace=False)
              (norm1): LayerNorm((256,), eps=1e-05, elementwise_affine=True)
              (linear1): Linear(in_features=256, out_features=1024, bias=True)
              (dropout2): Dropout(p=0.0, inplace=False)
              (linear2): Linear(in_features=1024, out_features=256, bias=True)
              (dropout3): Dropout(p=0.0, inplace=False)
              (norm2): LayerNorm((256,), eps=1e-05, elementwise_affine=True)
            )
          )
        )
      )
      (pe_layer): Positional encoding PositionEmbeddingSine
          num_pos_feats: 128
          temperature: 10000
          normalize: True
          scale: 6.283185307179586
      (mask_features): Conv2d(256, 256, kernel_size=(1, 1), stride=(1, 1))
      (adapter_1): Conv2d(
        256, 256, kernel_size=(1, 1), stride=(1, 1), bias=False
        (norm): GroupNorm(32, 256, eps=1e-05, affine=True)
      )
      (layer_1): Conv2d(
        256, 256, kernel_size=(3, 3), stride=(1, 1), padding=(1, 1), bias=False
        (norm): GroupNorm(32, 256, eps=1e-05, affine=True)
      )
    )
    (predictor): MultiScaleMaskedTransformerDecoder(
      (pe_layer): Positional encoding PositionEmbeddingSine
          num_pos_feats: 128
          temperature: 10000
          normalize: True
          scale: 6.283185307179586
      (transformer_self_attention_layers): ModuleList(
        (0-8): 9 x SelfAttentionLayer(
          (self_attn): MultiheadAttention(
            (out_proj): NonDynamicallyQuantizableLinear(in_features=256, out_features=256, bias=True)
          )
          (norm): LayerNorm((256,), eps=1e-05, elementwise_affine=True)
          (dropout): Dropout(p=0.0, inplace=False)
        )
      )
      (transformer_cross_attention_layers): ModuleList(
        (0-8): 9 x CrossAttentionLayer(
          (multihead_attn): MultiheadAttention(
            (out_proj): NonDynamicallyQuantizableLinear(in_features=256, out_features=256, bias=True)
          )
          (norm): LayerNorm((256,), eps=1e-05, elementwise_affine=True)
          (dropout): Dropout(p=0.0, inplace=False)
        )
      )
      (transformer_ffn_layers): ModuleList(
        (0-8): 9 x FFNLayer(
          (linear1): Linear(in_features=256, out_features=2048, bias=True)
          (dropout): Dropout(p=0.0, inplace=False)
          (linear2): Linear(in_features=2048, out_features=256, bias=True)
          (norm): LayerNorm((256,), eps=1e-05, elementwise_affine=True)
        )
      )
      (decoder_norm): LayerNorm((256,), eps=1e-05, elementwise_affine=True)
      (query_feat): Embedding(100, 256)
      (query_embed): Embedding(100, 256)
      (level_embed): Embedding(3, 256)
      (input_proj): ModuleList(
        (0-2): 3 x Sequential()
      )
      (class_embed): Linear(in_features=256, out_features=2, bias=True)
      (mask_embed): MLP(
        (layers): ModuleList(
          (0-2): 3 x Linear(in_features=256, out_features=256, bias=True)
        )
      )
    )
  )
  (criterion): Criterion SetCriterion
      matcher: Matcher HungarianMatcher
          cost_class: 2.0
          cost_mask: 5.0
          cost_dice: 5.0
      losses: ['labels', 'masks']
      weight_dict: {'loss_ce': 2.0, 'loss_mask': 5.0, 'loss_dice': 5.0, 'loss_ce_0': 2.0, 'loss_mask_0': 5.0, 'loss_dice_0': 5.0, 'loss_ce_1': 2.0, 'loss_mask_1': 5.0, 'loss_dice_1': 5.0, 'loss_ce_2': 2.0, 'loss_mask_2': 5.0, 'loss_dice_2': 5.0, 'loss_ce_3': 2.0, 'loss_mask_3': 5.0, 'loss_dice_3': 5.0, 'loss_ce_4': 2.0, 'loss_mask_4': 5.0, 'loss_dice_4': 5.0, 'loss_ce_5': 2.0, 'loss_mask_5': 5.0, 'loss_dice_5': 5.0, 'loss_ce_6': 2.0, 'loss_mask_6': 5.0, 'loss_dice_6': 5.0, 'loss_ce_7': 2.0, 'loss_mask_7': 5.0, 'loss_dice_7': 5.0, 'loss_ce_8': 2.0, 'loss_mask_8': 5.0, 'loss_dice_8': 5.0}
      num_classes: 1
      eos_coef: 0.1
      num_points: 12544
      oversample_ratio: 3.0
      importance_sample_ratio: 0.75
)
[02/27 23:55:58 d2.data.datasets.coco]: Loaded 791 images in COCO format from /mnt/data/mis2025/group_6/Data/graphene.v1i.coco/train/_annotations_rle_1class.coco.json
[02/27 23:55:58 d2.data.build]: Distribution of instances among all 1 categories:
|  category  | #instances   |
|:----------:|:-------------|
|    gra     | 3673         |
|            |              |
[02/27 23:55:58 d2.data.build]: Using training sampler TrainingSampler
[02/27 23:55:58 d2.data.common]: Serializing the dataset using: <class 'detectron2.data.common._TorchSerializedList'>
[02/27 23:55:58 d2.data.common]: Serializing 791 elements to byte tensors and concatenating them all ...
[02/27 23:55:58 d2.data.common]: Serialized dataset takes 0.78 MiB
[02/27 23:55:58 d2.data.build]: Making batched data loader with batch_size=16
[02/27 23:55:58 d2.checkpoint.detection_checkpoint]: [DetectionCheckpointer] Loading from /mnt/data/mis2025/group_6/Parameter/pre_train_para/graphene_mid/model_final.pth ...
[02/27 23:55:58 fvcore.common.checkpoint]: [Checkpointer] Loading from /mnt/data/mis2025/group_6/Parameter/pre_train_para/graphene_mid/model_final.pth ...
[02/27 23:55:58 d2.engine.train_loop]: Starting training from iteration 0
[02/27 23:56:18 d2.utils.events]:  eta: 2:14:31  iter: 19  total_loss: 36.7  loss_ce: 1.088  loss_mask: 0.1718  loss_dice: 2.352  loss_ce_0: 0.3996  loss_mask_0: 0.2735  loss_dice_0: 2.937  loss_ce_1: 0.9614  loss_mask_1: 0.2547  loss_dice_1: 2.583  loss_ce_2: 1.017  loss_mask_2: 0.1594  loss_dice_2: 2.299  loss_ce_3: 1.093  loss_mask_3: 0.1783  loss_dice_3: 2.465  loss_ce_4: 1.119  loss_mask_4: 0.1493  loss_dice_4: 2.345  loss_ce_5: 1.11  loss_mask_5: 0.1562  loss_dice_5: 2.497  loss_ce_6: 1.023  loss_mask_6: 0.1074  loss_dice_6: 2.415  loss_ce_7: 1.147  loss_mask_7: 0.1459  loss_dice_7: 2.381  loss_ce_8: 1.03  loss_mask_8: 0.1763  loss_dice_8: 2.661    time: 0.8182  last_time: 0.7327  data_time: 0.1226  last_data_time: 0.1226   lr: 7.7456e-07  max_mem: 12892M
[02/27 23:56:34 d2.utils.events]:  eta: 2:10:45  iter: 39  total_loss: 30.01  loss_ce: 0.7084  loss_mask: 0.1102  loss_dice: 2.03  loss_ce_0: 0.2866  loss_mask_0: 0.2316  loss_dice_0: 2.421  loss_ce_1: 0.6654  loss_mask_1: 0.2002  loss_dice_1: 2.425  loss_ce_2: 0.8806  loss_mask_2: 0.134  loss_dice_2: 2.26  loss_ce_3: 0.7752  loss_mask_3: 0.152  loss_dice_3: 2.266  loss_ce_4: 0.7159  loss_mask_4: 0.1257  loss_dice_4: 2.154  loss_ce_5: 0.7615  loss_mask_5: 0.09837  loss_dice_5: 2.139  loss_ce_6: 0.655  loss_mask_6: 0.1126  loss_dice_6: 1.923  loss_ce_7: 0.6898  loss_mask_7: 0.1213  loss_dice_7: 2.047  loss_ce_8: 0.6981  loss_mask_8: 0.1134  loss_dice_8: 2.106    time: 0.8145  last_time: 0.7848  data_time: 0.1718  last_data_time: 0.1718   lr: 1.5688e-06  max_mem: 12892M
[02/27 23:56:50 d2.utils.events]:  eta: 2:08:08  iter: 59  total_loss: 32.83  loss_ce: 1.024  loss_mask: 0.151  loss_dice: 2.247  loss_ce_0: 0.5752  loss_mask_0: 0.1736  loss_dice_0: 2.02  loss_ce_1: 0.8507  loss_mask_1: 0.122  loss_dice_1: 2.006  loss_ce_2: 1.025  loss_mask_2: 0.1605  loss_dice_2: 2.073  loss_ce_3: 0.9654  loss_mask_3: 0.1799  loss_dice_3: 2.165  loss_ce_4: 1.01  loss_mask_4: 0.1571  loss_dice_4: 2.196  loss_ce_5: 1.138  loss_mask_5: 0.1426  loss_dice_5: 2.245  loss_ce_6: 0.953  loss_mask_6: 0.1872  loss_dice_6: 2.283  loss_ce_7: 1.162  loss_mask_7: 0.1673  loss_dice_7: 2.194  loss_ce_8: 1.046  loss_mask_8: 0.145  loss_dice_8: 2.063    time: 0.8062  last_time: 0.7740  data_time: 0.1542  last_data_time: 0.1542   lr: 2.3631e-06  max_mem: 12892M
[02/27 23:57:07 d2.utils.events]:  eta: 2:08:38  iter: 79  total_loss: 22.73  loss_ce: 0.5274  loss_mask: 0.08849  loss_dice: 1.659  loss_ce_0: 0.4139  loss_mask_0: 0.1871  loss_dice_0: 1.809  loss_ce_1: 0.3838  loss_mask_1: 0.09053  loss_dice_1: 1.637  loss_ce_2: 0.4209  loss_mask_2: 0.09941  loss_dice_2: 1.741  loss_ce_3: 0.537  loss_mask_3: 0.1162  loss_dice_3: 1.774  loss_ce_4: 0.4666  loss_mask_4: 0.08829  loss_dice_4: 1.586  loss_ce_5: 0.6391  loss_mask_5: 0.09539  loss_dice_5: 1.658  loss_ce_6: 0.491  loss_mask_6: 0.08029  loss_dice_6: 1.585  loss_ce_7: 0.5943  loss_mask_7: 0.08774  loss_dice_7: 1.646  loss_ce_8: 0.5604  loss_mask_8: 0.09334  loss_dice_8: 1.568    time: 0.8210  last_time: 0.7194  data_time: 0.0953  last_data_time: 0.0953   lr: 3.1574e-06  max_mem: 12893M
[02/27 23:57:24 d2.utils.events]:  eta: 2:08:23  iter: 99  total_loss: 28.51  loss_ce: 0.7779  loss_mask: 0.1101  loss_dice: 2.062  loss_ce_0: 0.4202  loss_mask_0: 0.129  loss_dice_0: 2.087  loss_ce_1: 0.617  loss_mask_1: 0.1337  loss_dice_1: 2.165  loss_ce_2: 0.8229  loss_mask_2: 0.1044  loss_dice_2: 1.618  loss_ce_3: 0.8023  loss_mask_3: 0.121  loss_dice_3: 2.136  loss_ce_4: 0.6124  loss_mask_4: 0.1033  loss_dice_4: 2.08  loss_ce_5: 0.7203  loss_mask_5: 0.1186  loss_dice_5: 2.018  loss_ce_6: 0.6857  loss_mask_6: 0.1201  loss_dice_6: 1.98  loss_ce_7: 0.7173  loss_mask_7: 0.1426  loss_dice_7: 2.072  loss_ce_8: 0.7996  loss_mask_8: 0.1396  loss_dice_8: 2.097    time: 0.8175  last_time: 0.7511  data_time: 0.1131  last_data_time: 0.1131   lr: 3.9517e-06  max_mem: 12895M
[02/27 23:57:41 d2.utils.events]:  eta: 2:08:51  iter: 119  total_loss: 29.33  loss_ce: 0.5055  loss_mask: 0.08614  loss_dice: 2.237  loss_ce_0: 0.427  loss_mask_0: 0.1652  loss_dice_0: 2.387  loss_ce_1: 0.5102  loss_mask_1: 0.1073  loss_dice_1: 2.528  loss_ce_2: 0.5971  loss_mask_2: 0.1127  loss_dice_2: 2.5  loss_ce_3: 0.5796  loss_mask_3: 0.1075  loss_dice_3: 2.439  loss_ce_4: 0.5832  loss_mask_4: 0.08829  loss_dice_4: 2.436  loss_ce_5: 0.492  loss_mask_5: 0.08652  loss_dice_5: 2.183  loss_ce_6: 0.4791  loss_mask_6: 0.09918  loss_dice_6: 2.325  loss_ce_7: 0.473  loss_mask_7: 0.09551  loss_dice_7: 2.071  loss_ce_8: 0.4659  loss_mask_8: 0.088  loss_dice_8: 2.08    time: 0.8214  last_time: 0.8347  data_time: 0.2164  last_data_time: 0.2164   lr: 4.7459e-06  max_mem: 12895M
[02/27 23:57:57 d2.utils.events]:  eta: 2:07:25  iter: 139  total_loss: 23.61  loss_ce: 0.2389  loss_mask: 0.223  loss_dice: 2.141  loss_ce_0: 0.3296  loss_mask_0: 0.128  loss_dice_0: 1.77  loss_ce_1: 0.2957  loss_mask_1: 0.07857  loss_dice_1: 1.85  loss_ce_2: 0.2422  loss_mask_2: 0.2312  loss_dice_2: 1.975  loss_ce_3: 0.2502  loss_mask_3: 0.1401  loss_dice_3: 2.077  loss_ce_4: 0.1964  loss_mask_4: 0.12  loss_dice_4: 2.083  loss_ce_5: 0.2156  loss_mask_5: 0.1032  loss_dice_5: 1.772  loss_ce_6: 0.2038  loss_mask_6: 0.2491  loss_dice_6: 1.96  loss_ce_7: 0.2581  loss_mask_7: 0.2334  loss_dice_7: 1.733  loss_ce_8: 0.2036  loss_mask_8: 0.2445  loss_dice_8: 2.066    time: 0.8193  last_time: 0.8106  data_time: 0.1958  last_data_time: 0.1958   lr: 5.5402e-06  max_mem: 12895M
[02/27 23:58:13 d2.utils.events]:  eta: 2:06:49  iter: 159  total_loss: 23.9  loss_ce: 0.3269  loss_mask: 0.1393  loss_dice: 2.018  loss_ce_0: 0.4455  loss_mask_0: 0.1698  loss_dice_0: 1.928  loss_ce_1: 0.2378  loss_mask_1: 0.1278  loss_dice_1: 2.033  loss_ce_2: 0.2926  loss_mask_2: 0.1262  loss_dice_2: 1.94  loss_ce_3: 0.3191  loss_mask_3: 0.1316  loss_dice_3: 1.868  loss_ce_4: 0.286  loss_mask_4: 0.1422  loss_dice_4: 1.945  loss_ce_5: 0.3217  loss_mask_5: 0.141  loss_dice_5: 1.846  loss_ce_6: 0.2816  loss_mask_6: 0.1325  loss_dice_6: 2.031  loss_ce_7: 0.3247  loss_mask_7: 0.1283  loss_dice_7: 1.839  loss_ce_8: 0.3166  loss_mask_8: 0.1536  loss_dice_8: 1.903    time: 0.8157  last_time: 0.7752  data_time: 0.1713  last_data_time: 0.1713   lr: 6.3345e-06  max_mem: 12895M
[02/27 23:58:30 d2.utils.events]:  eta: 2:06:32  iter: 179  total_loss: 26.75  loss_ce: 0.3463  loss_mask: 0.0782  loss_dice: 2.272  loss_ce_0: 0.3842  loss_mask_0: 0.09413  loss_dice_0: 2.109  loss_ce_1: 0.3637  loss_mask_1: 0.1146  loss_dice_1: 2.137  loss_ce_2: 0.2613  loss_mask_2: 0.08622  loss_dice_2: 2.21  loss_ce_3: 0.3068  loss_mask_3: 0.07256  loss_dice_3: 2.3  loss_ce_4: 0.3014  loss_mask_4: 0.1028  loss_dice_4: 2.478  loss_ce_5: 0.3838  loss_mask_5: 0.073  loss_dice_5: 2.183  loss_ce_6: 0.3301  loss_mask_6: 0.07344  loss_dice_6: 2.327  loss_ce_7: 0.3132  loss_mask_7: 0.05889  loss_dice_7: 2.28  loss_ce_8: 0.3185  loss_mask_8: 0.09103  loss_dice_8: 2.297    time: 0.8140  last_time: 0.7639  data_time: 0.1589  last_data_time: 0.1589   lr: 7.1288e-06  max_mem: 12895M
[02/27 23:58:46 d2.utils.events]:  eta: 2:06:23  iter: 199  total_loss: 21.59  loss_ce: 0.2037  loss_mask: 0.05148  loss_dice: 1.974  loss_ce_0: 0.3301  loss_mask_0: 0.05478  loss_dice_0: 1.897  loss_ce_1: 0.2504  loss_mask_1: 0.04951  loss_dice_1: 1.533  loss_ce_2: 0.2019  loss_mask_2: 0.04079  loss_dice_2: 1.907  loss_ce_3: 0.2535  loss_mask_3: 0.0445  loss_dice_3: 1.944  loss_ce_4: 0.2373  loss_mask_4: 0.03213  loss_dice_4: 1.572  loss_ce_5: 0.1911  loss_mask_5: 0.06067  loss_dice_5: 1.918  loss_ce_6: 0.2768  loss_mask_6: 0.05815  loss_dice_6: 2.086  loss_ce_7: 0.2181  loss_mask_7: 0.04872  loss_dice_7: 2.043  loss_ce_8: 0.2106  loss_mask_8: 0.04555  loss_dice_8: 1.852    time: 0.8146  last_time: 0.7517  data_time: 0.1250  last_data_time: 0.1250   lr: 7.923e-06  max_mem: 12895M
[02/27 23:59:02 d2.utils.events]:  eta: 2:06:01  iter: 219  total_loss: 15.74  loss_ce: 0.2786  loss_mask: 0.1484  loss_dice: 1.018  loss_ce_0: 0.5175  loss_mask_0: 0.2081  loss_dice_0: 1.366  loss_ce_1: 0.2867  loss_mask_1: 0.1857  loss_dice_1: 1.243  loss_ce_2: 0.2533  loss_mask_2: 0.1571  loss_dice_2: 1.106  loss_ce_3: 0.2964  loss_mask_3: 0.1739  loss_dice_3: 0.9734  loss_ce_4: 0.2743  loss_mask_4: 0.1678  loss_dice_4: 1.031  loss_ce_5: 0.2423  loss_mask_5: 0.163  loss_dice_5: 1.017  loss_ce_6: 0.2506  loss_mask_6: 0.1897  loss_dice_6: 1.055  loss_ce_7: 0.2634  loss_mask_7: 0.1693  loss_dice_7: 1.101  loss_ce_8: 0.2768  loss_mask_8: 0.1722  loss_dice_8: 1.156    time: 0.8114  last_time: 0.7991  data_time: 0.1920  last_data_time: 0.1920   lr: 8.7173e-06  max_mem: 12895M
[02/27 23:59:18 d2.utils.events]:  eta: 2:05:37  iter: 239  total_loss: 19.22  loss_ce: 0.2898  loss_mask: 0.06927  loss_dice: 1.551  loss_ce_0: 0.5644  loss_mask_0: 0.1626  loss_dice_0: 1.515  loss_ce_1: 0.3215  loss_mask_1: 0.08666  loss_dice_1: 1.702  loss_ce_2: 0.2665  loss_mask_2: 0.08651  loss_dice_2: 1.583  loss_ce_3: 0.269  loss_mask_3: 0.07323  loss_dice_3: 1.311  loss_ce_4: 0.2358  loss_mask_4: 0.08617  loss_dice_4: 1.59  loss_ce_5: 0.2804  loss_mask_5: 0.08262  loss_dice_5: 1.571  loss_ce_6: 0.268  loss_mask_6: 0.07977  loss_dice_6: 1.52  loss_ce_7: 0.2416  loss_mask_7: 0.08231  loss_dice_7: 1.454  loss_ce_8: 0.2795  loss_mask_8: 0.06818  loss_dice_8: 1.527    time: 0.8104  last_time: 0.7771  data_time: 0.1669  last_data_time: 0.1669   lr: 9.5116e-06  max_mem: 12895M
[02/27 23:59:34 d2.utils.events]:  eta: 2:05:08  iter: 259  total_loss: 16.96  loss_ce: 0.3979  loss_mask: 0.08164  loss_dice: 1.067  loss_ce_0: 0.5979  loss_mask_0: 0.1763  loss_dice_0: 1.308  loss_ce_1: 0.4787  loss_mask_1: 0.1047  loss_dice_1: 1.089  loss_ce_2: 0.3115  loss_mask_2: 0.09522  loss_dice_2: 1.238  loss_ce_3: 0.3747  loss_mask_3: 0.08738  loss_dice_3: 1.076  loss_ce_4: 0.375  loss_mask_4: 0.08649  loss_dice_4: 1.231  loss_ce_5: 0.3761  loss_mask_5: 0.07968  loss_dice_5: 1.153  loss_ce_6: 0.4214  loss_mask_6: 0.07584  loss_dice_6: 1.198  loss_ce_7: 0.385  loss_mask_7: 0.08895  loss_dice_7: 1.262  loss_ce_8: 0.3955  loss_mask_8: 0.08041  loss_dice_8: 1.263    time: 0.8086  last_time: 0.7238  data_time: 0.1030  last_data_time: 0.1030   lr: 1.0306e-05  max_mem: 12895M
[02/27 23:59:51 d2.utils.events]:  eta: 2:04:53  iter: 279  total_loss: 23.13  loss_ce: 0.2585  loss_mask: 0.12  loss_dice: 2.139  loss_ce_0: 0.5281  loss_mask_0: 0.1213  loss_dice_0: 1.713  loss_ce_1: 0.455  loss_mask_1: 0.08988  loss_dice_1: 1.796  loss_ce_2: 0.3166  loss_mask_2: 0.08867  loss_dice_2: 1.822  loss_ce_3: 0.2837  loss_mask_3: 0.1017  loss_dice_3: 1.77  loss_ce_4: 0.309  loss_mask_4: 0.08619  loss_dice_4: 1.919  loss_ce_5: 0.2799  loss_mask_5: 0.1204  loss_dice_5: 2.109  loss_ce_6: 0.2966  loss_mask_6: 0.0985  loss_dice_6: 1.798  loss_ce_7: 0.3043  loss_mask_7: 0.09915  loss_dice_7: 1.85  loss_ce_8: 0.2947  loss_mask_8: 0.1044  loss_dice_8: 1.854    time: 0.8086  last_time: 0.7716  data_time: 0.1569  last_data_time: 0.1569   lr: 1.11e-05  max_mem: 12895M
[02/28 00:00:06 d2.utils.events]:  eta: 2:03:52  iter: 299  total_loss: 14.26  loss_ce: 0.3321  loss_mask: 0.04885  loss_dice: 0.9133  loss_ce_0: 0.4794  loss_mask_0: 0.0858  loss_dice_0: 1.277  loss_ce_1: 0.3886  loss_mask_1: 0.06147  loss_dice_1: 1.003  loss_ce_2: 0.212  loss_mask_2: 0.05992  loss_dice_2: 1.272  loss_ce_3: 0.2178  loss_mask_3: 0.06728  loss_dice_3: 1.242  loss_ce_4: 0.2483  loss_mask_4: 0.05437  loss_dice_4: 1.072  loss_ce_5: 0.256  loss_mask_5: 0.05361  loss_dice_5: 1.074  loss_ce_6: 0.2493  loss_mask_6: 0.05627  loss_dice_6: 0.9452  loss_ce_7: 0.3103  loss_mask_7: 0.04075  loss_dice_7: 0.9203  loss_ce_8: 0.3277  loss_mask_8: 0.04521  loss_dice_8: 0.9481    time: 0.8050  last_time: 0.7168  data_time: 0.0962  last_data_time: 0.0962   lr: 1.1894e-05  max_mem: 12895M
[02/28 00:00:22 d2.utils.events]:  eta: 2:03:24  iter: 319  total_loss: 23.17  loss_ce: 0.3908  loss_mask: 0.121  loss_dice: 1.706  loss_ce_0: 0.791  loss_mask_0: 0.2474  loss_dice_0: 1.984  loss_ce_1: 0.5019  loss_mask_1: 0.1426  loss_dice_1: 1.723  loss_ce_2: 0.4409  loss_mask_2: 0.104  loss_dice_2: 1.718  loss_ce_3: 0.4092  loss_mask_3: 0.1059  loss_dice_3: 1.631  loss_ce_4: 0.3623  loss_mask_4: 0.09963  loss_dice_4: 1.676  loss_ce_5: 0.3899  loss_mask_5: 0.1151  loss_dice_5: 1.638  loss_ce_6: 0.4541  loss_mask_6: 0.1274  loss_dice_6: 1.749  loss_ce_7: 0.3913  loss_mask_7: 0.1022  loss_dice_7: 1.774  loss_ce_8: 0.4412  loss_mask_8: 0.1125  loss_dice_8: 1.718    time: 0.8048  last_time: 0.6918  data_time: 0.0747  last_data_time: 0.0747   lr: 1.2689e-05  max_mem: 12895M
[02/28 00:00:38 d2.utils.events]:  eta: 2:02:56  iter: 339  total_loss: 18.38  loss_ce: 0.2402  loss_mask: 0.1362  loss_dice: 1.304  loss_ce_0: 0.3985  loss_mask_0: 0.3096  loss_dice_0: 1.682  loss_ce_1: 0.2675  loss_mask_1: 0.1658  loss_dice_1: 1.46  loss_ce_2: 0.2793  loss_mask_2: 0.1673  loss_dice_2: 1.348  loss_ce_3: 0.3417  loss_mask_3: 0.1626  loss_dice_3: 1.381  loss_ce_4: 0.2791  loss_mask_4: 0.1253  loss_dice_4: 1.307  loss_ce_5: 0.2671  loss_mask_5: 0.1654  loss_dice_5: 1.308  loss_ce_6: 0.2466  loss_mask_6: 0.1467  loss_dice_6: 1.36  loss_ce_7: 0.2571  loss_mask_7: 0.1406  loss_dice_7: 1.343  loss_ce_8: 0.2546  loss_mask_8: 0.1416  loss_dice_8: 1.398    time: 0.8037  last_time: 0.7247  data_time: 0.0794  last_data_time: 0.0794   lr: 1.3483e-05  max_mem: 12895M
[02/28 00:00:55 d2.utils.events]:  eta: 2:02:40  iter: 359  total_loss: 17.14  loss_ce: 0.2147  loss_mask: 0.0937  loss_dice: 1.253  loss_ce_0: 0.3851  loss_mask_0: 0.1974  loss_dice_0: 1.917  loss_ce_1: 0.3988  loss_mask_1: 0.1309  loss_dice_1: 1.456  loss_ce_2: 0.2223  loss_mask_2: 0.1037  loss_dice_2: 1.316  loss_ce_3: 0.2404  loss_mask_3: 0.0863  loss_dice_3: 1.264  loss_ce_4: 0.2459  loss_mask_4: 0.08163  loss_dice_4: 1.131  loss_ce_5: 0.2144  loss_mask_5: 0.09202  loss_dice_5: 1.272  loss_ce_6: 0.2368  loss_mask_6: 0.1  loss_dice_6: 1.273  loss_ce_7: 0.2426  loss_mask_7: 0.1004  loss_dice_7: 1.235  loss_ce_8: 0.232  loss_mask_8: 0.107  loss_dice_8: 1.295    time: 0.8058  last_time: 0.7325  data_time: 0.1229  last_data_time: 0.1229   lr: 1.4277e-05  max_mem: 12895M
[02/28 00:01:11 d2.utils.events]:  eta: 2:02:20  iter: 379  total_loss: 16.66  loss_ce: 0.2452  loss_mask: 0.06426  loss_dice: 1.278  loss_ce_0: 0.4488  loss_mask_0: 0.08991  loss_dice_0: 1.574  loss_ce_1: 0.2556  loss_mask_1: 0.0819  loss_dice_1: 1.2  loss_ce_2: 0.2445  loss_mask_2: 0.08465  loss_dice_2: 1.583  loss_ce_3: 0.2536  loss_mask_3: 0.08325  loss_dice_3: 1.158  loss_ce_4: 0.2159  loss_mask_4: 0.07588  loss_dice_4: 1.208  loss_ce_5: 0.2414  loss_mask_5: 0.06957  loss_dice_5: 1.276  loss_ce_6: 0.2332  loss_mask_6: 0.08704  loss_dice_6: 1.334  loss_ce_7: 0.1777  loss_mask_7: 0.06934  loss_dice_7: 1.451  loss_ce_8: 0.216  loss_mask_8: 0.06745  loss_dice_8: 1.295    time: 0.8049  last_time: 0.7677  data_time: 0.1735  last_data_time: 0.1735   lr: 1.5072e-05  max_mem: 12895M
[02/28 00:01:27 d2.utils.events]:  eta: 2:01:58  iter: 399  total_loss: 15.84  loss_ce: 0.2077  loss_mask: 0.08556  loss_dice: 1.134  loss_ce_0: 0.3782  loss_mask_0: 0.1549  loss_dice_0: 1.455  loss_ce_1: 0.2032  loss_mask_1: 0.1005  loss_dice_1: 1.393  loss_ce_2: 0.2795  loss_mask_2: 0.08252  loss_dice_2: 1.063  loss_ce_3: 0.2281  loss_mask_3: 0.07314  loss_dice_3: 1.212  loss_ce_4: 0.2628  loss_mask_4: 0.08961  loss_dice_4: 1.295  loss_ce_5: 0.2531  loss_mask_5: 0.08467  loss_dice_5: 1.244  loss_ce_6: 0.2072  loss_mask_6: 0.08899  loss_dice_6: 1.079  loss_ce_7: 0.2321  loss_mask_7: 0.1044  loss_dice_7: 1.225  loss_ce_8: 0.2745  loss_mask_8: 0.1019  loss_dice_8: 1.246    time: 0.8039  last_time: 0.7495  data_time: 0.1380  last_data_time: 0.1380   lr: 1.5866e-05  max_mem: 12897M
[02/28 00:01:43 d2.utils.events]:  eta: 2:01:45  iter: 419  total_loss: 14.61  loss_ce: 0.18  loss_mask: 0.1453  loss_dice: 1.019  loss_ce_0: 0.4448  loss_mask_0: 0.2253  loss_dice_0: 1.353  loss_ce_1: 0.2201  loss_mask_1: 0.1531  loss_dice_1: 1.094  loss_ce_2: 0.2405  loss_mask_2: 0.1537  loss_dice_2: 1.053  loss_ce_3: 0.2131  loss_mask_3: 0.1488  loss_dice_3: 1.09  loss_ce_4: 0.2179  loss_mask_4: 0.136  loss_dice_4: 1.045  loss_ce_5: 0.1783  loss_mask_5: 0.1581  loss_dice_5: 1.004  loss_ce_6: 0.1765  loss_mask_6: 0.1527  loss_dice_6: 1.093  loss_ce_7: 0.2156  loss_mask_7: 0.1274  loss_dice_7: 0.9742  loss_ce_8: 0.1811  loss_mask_8: 0.1432  loss_dice_8: 1.074    time: 0.8035  last_time: 0.7597  data_time: 0.1424  last_data_time: 0.1424   lr: 1.666e-05  max_mem: 12897M
[02/28 00:02:00 d2.utils.events]:  eta: 2:01:40  iter: 439  total_loss: 13.72  loss_ce: 0.09522  loss_mask: 0.05918  loss_dice: 0.9122  loss_ce_0: 0.2777  loss_mask_0: 0.2016  loss_dice_0: 1.705  loss_ce_1: 0.2326  loss_mask_1: 0.09929  loss_dice_1: 1.159  loss_ce_2: 0.1422  loss_mask_2: 0.1121  loss_dice_2: 1.453  loss_ce_3: 0.1069  loss_mask_3: 0.0801  loss_dice_3: 0.9417  loss_ce_4: 0.1059  loss_mask_4: 0.06568  loss_dice_4: 0.8377  loss_ce_5: 0.1255  loss_mask_5: 0.08454  loss_dice_5: 1.08  loss_ce_6: 0.1375  loss_mask_6: 0.09584  loss_dice_6: 1.174  loss_ce_7: 0.1407  loss_mask_7: 0.1088  loss_dice_7: 1.105  loss_ce_8: 0.09573  loss_mask_8: 0.06819  loss_dice_8: 0.92    time: 0.8040  last_time: 0.7092  data_time: 0.0936  last_data_time: 0.0936   lr: 1.7454e-05  max_mem: 12897M
[02/28 00:02:16 d2.utils.events]:  eta: 2:01:34  iter: 459  total_loss: 11.2  loss_ce: 0.1456  loss_mask: 0.05563  loss_dice: 0.8577  loss_ce_0: 0.436  loss_mask_0: 0.07708  loss_dice_0: 1.036  loss_ce_1: 0.2229  loss_mask_1: 0.05195  loss_dice_1: 0.7756  loss_ce_2: 0.1673  loss_mask_2: 0.05462  loss_dice_2: 0.8719  loss_ce_3: 0.1515  loss_mask_3: 0.06412  loss_dice_3: 0.8934  loss_ce_4: 0.1581  loss_mask_4: 0.05077  loss_dice_4: 0.7613  loss_ce_5: 0.1449  loss_mask_5: 0.05636  loss_dice_5: 0.8676  loss_ce_6: 0.1443  loss_mask_6: 0.06772  loss_dice_6: 0.8863  loss_ce_7: 0.1459  loss_mask_7: 0.06349  loss_dice_7: 0.8678  loss_ce_8: 0.1476  loss_mask_8: 0.0583  loss_dice_8: 0.9234    time: 0.8039  last_time: 0.7884  data_time: 0.1520  last_data_time: 0.1520   lr: 1.8249e-05  max_mem: 12897M
[02/28 00:02:32 d2.utils.events]:  eta: 2:01:34  iter: 479  total_loss: 9.486  loss_ce: 0.109  loss_mask: 0.06954  loss_dice: 0.7747  loss_ce_0: 0.4691  loss_mask_0: 0.1004  loss_dice_0: 0.8127  loss_ce_1: 0.1209  loss_mask_1: 0.07581  loss_dice_1: 0.7793  loss_ce_2: 0.1707  loss_mask_2: 0.07665  loss_dice_2: 0.7051  loss_ce_3: 0.114  loss_mask_3: 0.06957  loss_dice_3: 0.6552  loss_ce_4: 0.1033  loss_mask_4: 0.06818  loss_dice_4: 0.7136  loss_ce_5: 0.1005  loss_mask_5: 0.06425  loss_dice_5: 0.6637  loss_ce_6: 0.1057  loss_mask_6: 0.06983  loss_dice_6: 0.6939  loss_ce_7: 0.1069  loss_mask_7: 0.06741  loss_dice_7: 0.745  loss_ce_8: 0.1074  loss_mask_8: 0.0642  loss_dice_8: 0.7097    time: 0.8038  last_time: 0.7698  data_time: 0.1422  last_data_time: 0.1422   lr: 1.9043e-05  max_mem: 12897M
[02/28 00:02:49 d2.utils.events]:  eta: 2:01:33  iter: 499  total_loss: 18.86  loss_ce: 0.2539  loss_mask: 0.08654  loss_dice: 1.484  loss_ce_0: 0.5733  loss_mask_0: 0.1033  loss_dice_0: 1.629  loss_ce_1: 0.3309  loss_mask_1: 0.08075  loss_dice_1: 1.589  loss_ce_2: 0.2915  loss_mask_2: 0.09171  loss_dice_2: 1.602  loss_ce_3: 0.2868  loss_mask_3: 0.09055  loss_dice_3: 1.402  loss_ce_4: 0.2641  loss_mask_4: 0.07925  loss_dice_4: 1.495  loss_ce_5: 0.2494  loss_mask_5: 0.108  loss_dice_5: 1.343  loss_ce_6: 0.2358  loss_mask_6: 0.08961  loss_dice_6: 1.537  loss_ce_7: 0.2566  loss_mask_7: 0.08169  loss_dice_7: 1.413  loss_ce_8: 0.2617  loss_mask_8: 0.08897  loss_dice_8: 1.462    time: 0.8049  last_time: 0.7963  data_time: 0.1744  last_data_time: 0.1744   lr: 1.9837e-05  max_mem: 12897M
[02/28 00:03:06 d2.utils.events]:  eta: 2:01:21  iter: 519  total_loss: 11.4  loss_ce: 0.2045  loss_mask: 0.03382  loss_dice: 0.9087  loss_ce_0: 0.3889  loss_mask_0: 0.05106  loss_dice_0: 1.04  loss_ce_1: 0.2893  loss_mask_1: 0.03936  loss_dice_1: 0.8946  loss_ce_2: 0.2853  loss_mask_2: 0.03306  loss_dice_2: 0.8881  loss_ce_3: 0.1993  loss_mask_3: 0.03428  loss_dice_3: 0.8041  loss_ce_4: 0.2064  loss_mask_4: 0.03667  loss_dice_4: 0.7237  loss_ce_5: 0.2078  loss_mask_5: 0.03694  loss_dice_5: 0.8854  loss_ce_6: 0.2007  loss_mask_6: 0.03208  loss_dice_6: 0.7017  loss_ce_7: 0.215  loss_mask_7: 0.04107  loss_dice_7: 0.8595  loss_ce_8: 0.2059  loss_mask_8: 0.03305  loss_dice_8: 0.9177    time: 0.8057  last_time: 0.8694  data_time: 0.2535  last_data_time: 0.2535   lr: 1.9867e-05  max_mem: 12897M
[02/28 00:03:22 d2.utils.events]:  eta: 2:01:05  iter: 539  total_loss: 10.59  loss_ce: 0.06476  loss_mask: 0.03366  loss_dice: 0.7938  loss_ce_0: 0.3225  loss_mask_0: 0.05255  loss_dice_0: 1.127  loss_ce_1: 0.1333  loss_mask_1: 0.04785  loss_dice_1: 0.9919  loss_ce_2: 0.1066  loss_mask_2: 0.03365  loss_dice_2: 0.8159  loss_ce_3: 0.06315  loss_mask_3: 0.0494  loss_dice_3: 1.017  loss_ce_4: 0.08052  loss_mask_4: 0.04194  loss_dice_4: 0.9094  loss_ce_5: 0.07217  loss_mask_5: 0.03083  loss_dice_5: 0.8446  loss_ce_6: 0.0647  loss_mask_6: 0.03997  loss_dice_6: 0.9089  loss_ce_7: 0.06517  loss_mask_7: 0.02918  loss_dice_7: 0.854  loss_ce_8: 0.06752  loss_mask_8: 0.03772  loss_dice_8: 0.8909    time: 0.8056  last_time: 0.7654  data_time: 0.1557  last_data_time: 0.1557   lr: 1.9857e-05  max_mem: 12897M
[02/28 00:03:39 d2.utils.events]:  eta: 2:00:50  iter: 559  total_loss: 18.94  loss_ce: 0.1354  loss_mask: 0.1384  loss_dice: 1.597  loss_ce_0: 0.4026  loss_mask_0: 0.1832  loss_dice_0: 1.756  loss_ce_1: 0.1584  loss_mask_1: 0.1344  loss_dice_1: 1.647  loss_ce_2: 0.1698  loss_mask_2: 0.1275  loss_dice_2: 1.581  loss_ce_3: 0.1503  loss_mask_3: 0.1486  loss_dice_3: 1.497  loss_ce_4: 0.1666  loss_mask_4: 0.1187  loss_dice_4: 1.547  loss_ce_5: 0.1588  loss_mask_5: 0.1319  loss_dice_5: 1.557  loss_ce_6: 0.1123  loss_mask_6: 0.1238  loss_dice_6: 1.55  loss_ce_7: 0.1136  loss_mask_7: 0.1262  loss_dice_7: 1.603  loss_ce_8: 0.1729  loss_mask_8: 0.1424  loss_dice_8: 1.492    time: 0.8065  last_time: 0.7632  data_time: 0.1439  last_data_time: 0.1439   lr: 1.9846e-05  max_mem: 12897M
[02/28 00:03:56 d2.utils.events]:  eta: 2:00:33  iter: 579  total_loss: 12.65  loss_ce: 0.08921  loss_mask: 0.08521  loss_dice: 0.9165  loss_ce_0: 0.3401  loss_mask_0: 0.1938  loss_dice_0: 1.251  loss_ce_1: 0.1816  loss_mask_1: 0.1171  loss_dice_1: 1.095  loss_ce_2: 0.1106  loss_mask_2: 0.0947  loss_dice_2: 1.011  loss_ce_3: 0.1547  loss_mask_3: 0.08565  loss_dice_3: 0.9195  loss_ce_4: 0.09136  loss_mask_4: 0.1017  loss_dice_4: 1.034  loss_ce_5: 0.1449  loss_mask_5: 0.09349  loss_dice_5: 0.943  loss_ce_6: 0.147  loss_mask_6: 0.1006  loss_dice_6: 0.8802  loss_ce_7: 0.0844  loss_mask_7: 0.1106  loss_dice_7: 1.039  loss_ce_8: 0.08563  loss_mask_8: 0.1077  loss_dice_8: 1.045    time: 0.8074  last_time: 0.7271  data_time: 0.1169  last_data_time: 0.1169   lr: 1.9835e-05  max_mem: 12897M
[02/28 00:04:12 d2.utils.events]:  eta: 2:00:16  iter: 599  total_loss: 19.82  loss_ce: 0.2976  loss_mask: 0.06453  loss_dice: 1.457  loss_ce_0: 0.5118  loss_mask_0: 0.1175  loss_dice_0: 1.914  loss_ce_1: 0.244  loss_mask_1: 0.1191  loss_dice_1: 1.703  loss_ce_2: 0.3241  loss_mask_2: 0.07182  loss_dice_2: 1.569  loss_ce_3: 0.3009  loss_mask_3: 0.06445  loss_dice_3: 1.407  loss_ce_4: 0.2923  loss_mask_4: 0.1138  loss_dice_4: 1.499  loss_ce_5: 0.3175  loss_mask_5: 0.06652  loss_dice_5: 1.484  loss_ce_6: 0.2476  loss_mask_6: 0.09043  loss_dice_6: 1.646  loss_ce_7: 0.2271  loss_mask_7: 0.1123  loss_dice_7: 1.684  loss_ce_8: 0.3047  loss_mask_8: 0.07652  loss_dice_8: 1.495    time: 0.8076  last_time: 0.7462  data_time: 0.1634  last_data_time: 0.1634   lr: 1.9823e-05  max_mem: 12897M
[02/28 00:04:29 d2.utils.events]:  eta: 1:59:57  iter: 619  total_loss: 12.41  loss_ce: 0.1949  loss_mask: 0.04774  loss_dice: 0.9805  loss_ce_0: 0.4076  loss_mask_0: 0.07074  loss_dice_0: 1.127  loss_ce_1: 0.2724  loss_mask_1: 0.06798  loss_dice_1: 1.136  loss_ce_2: 0.1998  loss_mask_2: 0.05475  loss_dice_2: 1.069  loss_ce_3: 0.1476  loss_mask_3: 0.04753  loss_dice_3: 0.9069  loss_ce_4: 0.1883  loss_mask_4: 0.04437  loss_dice_4: 0.8706  loss_ce_5: 0.1864  loss_mask_5: 0.04088  loss_dice_5: 0.85  loss_ce_6: 0.1509  loss_mask_6: 0.04101  loss_dice_6: 0.9834  loss_ce_7: 0.2027  loss_mask_7: 0.04563  loss_dice_7: 0.9602  loss_ce_8: 0.2005  loss_mask_8: 0.0422  loss_dice_8: 0.8765    time: 0.8084  last_time: 1.1398  data_time: 0.5149  last_data_time: 0.5149   lr: 1.9812e-05  max_mem: 12897M
[02/28 00:04:46 d2.utils.events]:  eta: 1:59:48  iter: 639  total_loss: 11.69  loss_ce: 0.1842  loss_mask: 0.04567  loss_dice: 0.9679  loss_ce_0: 0.3882  loss_mask_0: 0.1591  loss_dice_0: 1.195  loss_ce_1: 0.2987  loss_mask_1: 0.05963  loss_dice_1: 0.7028  loss_ce_2: 0.2426  loss_mask_2: 0.0505  loss_dice_2: 0.8591  loss_ce_3: 0.1938  loss_mask_3: 0.05235  loss_dice_3: 0.9163  loss_ce_4: 0.1681  loss_mask_4: 0.04826  loss_dice_4: 0.886  loss_ce_5: 0.1591  loss_mask_5: 0.04556  loss_dice_5: 0.8654  loss_ce_6: 0.1534  loss_mask_6: 0.04444  loss_dice_6: 0.8914  loss_ce_7: 0.1465  loss_mask_7: 0.04993  loss_dice_7: 0.906  loss_ce_8: 0.1438  loss_mask_8: 0.04917  loss_dice_8: 0.8206    time: 0.8092  last_time: 0.7395  data_time: 0.1157  last_data_time: 0.1157   lr: 1.9799e-05  max_mem: 12897M
[02/28 00:05:02 d2.utils.events]:  eta: 1:59:33  iter: 659  total_loss: 15.98  loss_ce: 0.1692  loss_mask: 0.04693  loss_dice: 1.263  loss_ce_0: 0.3827  loss_mask_0: 0.0621  loss_dice_0: 1.439  loss_ce_1: 0.3076  loss_mask_1: 0.03996  loss_dice_1: 1.196  loss_ce_2: 0.2486  loss_mask_2: 0.05766  loss_dice_2: 1.259  loss_ce_3: 0.1548  loss_mask_3: 0.0592  loss_dice_3: 1.317  loss_ce_4: 0.2117  loss_mask_4: 0.05623  loss_dice_4: 1.314  loss_ce_5: 0.2867  loss_mask_5: 0.04453  loss_dice_5: 1.272  loss_ce_6: 0.2275  loss_mask_6: 0.05715  loss_dice_6: 1.391  loss_ce_7: 0.1641  loss_mask_7: 0.04963  loss_dice_7: 1.391  loss_ce_8: 0.1633  loss_mask_8: 0.04887  loss_dice_8: 1.306    time: 0.8087  last_time: 0.7350  data_time: 0.1015  last_data_time: 0.1015   lr: 1.9786e-05  max_mem: 12897M
[02/28 00:05:19 d2.utils.events]:  eta: 1:59:25  iter: 679  total_loss: 12  loss_ce: 0.2148  loss_mask: 0.0366  loss_dice: 0.7857  loss_ce_0: 0.4821  loss_mask_0: 0.04614  loss_dice_0: 0.8794  loss_ce_1: 0.1239  loss_mask_1: 0.05283  loss_dice_1: 1.291  loss_ce_2: 0.1426  loss_mask_2: 0.03618  loss_dice_2: 0.956  loss_ce_3: 0.1851  loss_mask_3: 0.03722  loss_dice_3: 1.178  loss_ce_4: 0.1518  loss_mask_4: 0.03671  loss_dice_4: 0.9535  loss_ce_5: 0.1767  loss_mask_5: 0.03817  loss_dice_5: 1.084  loss_ce_6: 0.1572  loss_mask_6: 0.02989  loss_dice_6: 0.8545  loss_ce_7: 0.1595  loss_mask_7: 0.03468  loss_dice_7: 0.7157  loss_ce_8: 0.1145  loss_mask_8: 0.03454  loss_dice_8: 1.008    time: 0.8093  last_time: 0.8198  data_time: 0.2102  last_data_time: 0.2102   lr: 1.9773e-05  max_mem: 12897M
[02/28 00:05:35 d2.utils.events]:  eta: 1:59:10  iter: 699  total_loss: 9.713  loss_ce: 0.1189  loss_mask: 0.05765  loss_dice: 0.7594  loss_ce_0: 0.3401  loss_mask_0: 0.1201  loss_dice_0: 1.083  loss_ce_1: 0.1495  loss_mask_1: 0.06165  loss_dice_1: 0.6742  loss_ce_2: 0.1286  loss_mask_2: 0.06935  loss_dice_2: 0.7587  loss_ce_3: 0.1235  loss_mask_3: 0.05458  loss_dice_3: 0.6848  loss_ce_4: 0.1354  loss_mask_4: 0.06666  loss_dice_4: 0.752  loss_ce_5: 0.1233  loss_mask_5: 0.05947  loss_dice_5: 0.7132  loss_ce_6: 0.1187  loss_mask_6: 0.06066  loss_dice_6: 0.7284  loss_ce_7: 0.1177  loss_mask_7: 0.05871  loss_dice_7: 0.7118  loss_ce_8: 0.1169  loss_mask_8: 0.05722  loss_dice_8: 0.709    time: 0.8087  last_time: 0.7531  data_time: 0.1352  last_data_time: 0.1352   lr: 1.976e-05  max_mem: 12897M
[02/28 00:05:52 d2.utils.events]:  eta: 1:58:55  iter: 719  total_loss: 10.58  loss_ce: 0.1023  loss_mask: 0.06716  loss_dice: 0.6845  loss_ce_0: 0.3409  loss_mask_0: 0.1583  loss_dice_0: 0.9925  loss_ce_1: 0.091  loss_mask_1: 0.07682  loss_dice_1: 0.7908  loss_ce_2: 0.1452  loss_mask_2: 0.0753  loss_dice_2: 0.8645  loss_ce_3: 0.09827  loss_mask_3: 0.06198  loss_dice_3: 0.6938  loss_ce_4: 0.07161  loss_mask_4: 0.06617  loss_dice_4: 1.023  loss_ce_5: 0.07529  loss_mask_5: 0.06434  loss_dice_5: 0.7499  loss_ce_6: 0.09669  loss_mask_6: 0.0677  loss_dice_6: 1.088  loss_ce_7: 0.08145  loss_mask_7: 0.05904  loss_dice_7: 0.8201  loss_ce_8: 0.07459  loss_mask_8: 0.06716  loss_dice_8: 0.9285    time: 0.8089  last_time: 0.7741  data_time: 0.1486  last_data_time: 0.1486   lr: 1.9746e-05  max_mem: 12897M
[02/28 00:06:08 d2.utils.events]:  eta: 1:58:43  iter: 739  total_loss: 16.38  loss_ce: 0.1625  loss_mask: 0.1157  loss_dice: 1.156  loss_ce_0: 0.6438  loss_mask_0: 0.2094  loss_dice_0: 1.646  loss_ce_1: 0.2964  loss_mask_1: 0.1565  loss_dice_1: 1.35  loss_ce_2: 0.1696  loss_mask_2: 0.1259  loss_dice_2: 1.34  loss_ce_3: 0.1599  loss_mask_3: 0.1149  loss_dice_3: 1.205  loss_ce_4: 0.164  loss_mask_4: 0.1012  loss_dice_4: 1.226  loss_ce_5: 0.1597  loss_mask_5: 0.1087  loss_dice_5: 1.224  loss_ce_6: 0.1488  loss_mask_6: 0.1139  loss_dice_6: 1.257  loss_ce_7: 0.1519  loss_mask_7: 0.1158  loss_dice_7: 1.26  loss_ce_8: 0.1733  loss_mask_8: 0.1104  loss_dice_8: 1.212    time: 0.8084  last_time: 0.9953  data_time: 0.3748  last_data_time: 0.3748   lr: 1.9732e-05  max_mem: 12897M
[02/28 00:06:25 d2.utils.events]:  eta: 1:58:31  iter: 759  total_loss: 12.58  loss_ce: 0.09444  loss_mask: 0.05193  loss_dice: 1.013  loss_ce_0: 0.3824  loss_mask_0: 0.102  loss_dice_0: 1.352  loss_ce_1: 0.1406  loss_mask_1: 0.07656  loss_dice_1: 1.021  loss_ce_2: 0.1355  loss_mask_2: 0.05091  loss_dice_2: 1.071  loss_ce_3: 0.1356  loss_mask_3: 0.04909  loss_dice_3: 1.021  loss_ce_4: 0.1458  loss_mask_4: 0.04898  loss_dice_4: 1.049  loss_ce_5: 0.1379  loss_mask_5: 0.04738  loss_dice_5: 0.9545  loss_ce_6: 0.1307  loss_mask_6: 0.05021  loss_dice_6: 0.9539  loss_ce_7: 0.1461  loss_mask_7: 0.04989  loss_dice_7: 1.008  loss_ce_8: 0.1433  loss_mask_8: 0.05374  loss_dice_8: 0.9658    time: 0.8089  last_time: 0.7600  data_time: 0.1518  last_data_time: 0.1518   lr: 1.9717e-05  max_mem: 12897M
[02/28 00:06:41 d2.utils.events]:  eta: 1:58:15  iter: 779  total_loss: 10.1  loss_ce: 0.09877  loss_mask: 0.05506  loss_dice: 0.7893  loss_ce_0: 0.5187  loss_mask_0: 0.09925  loss_dice_0: 1.114  loss_ce_1: 0.146  loss_mask_1: 0.05234  loss_dice_1: 0.7031  loss_ce_2: 0.1097  loss_mask_2: 0.05929  loss_dice_2: 0.789  loss_ce_3: 0.1302  loss_mask_3: 0.05489  loss_dice_3: 0.6992  loss_ce_4: 0.1192  loss_mask_4: 0.05077  loss_dice_4: 0.7248  loss_ce_5: 0.09635  loss_mask_5: 0.05563  loss_dice_5: 0.8158  loss_ce_6: 0.1409  loss_mask_6: 0.05404  loss_dice_6: 0.771  loss_ce_7: 0.1053  loss_mask_7: 0.05003  loss_dice_7: 0.788  loss_ce_8: 0.1033  loss_mask_8: 0.05219  loss_dice_8: 0.7558    time: 0.8084  last_time: 0.6806  data_time: 0.0725  last_data_time: 0.0725   lr: 1.9702e-05  max_mem: 12897M
[02/28 00:06:58 d2.utils.events]:  eta: 1:58:09  iter: 799  total_loss: 14.12  loss_ce: 0.1902  loss_mask: 0.102  loss_dice: 1.205  loss_ce_0: 0.4579  loss_mask_0: 0.05306  loss_dice_0: 0.7923  loss_ce_1: 0.195  loss_mask_1: 0.111  loss_dice_1: 1.203  loss_ce_2: 0.2359  loss_mask_2: 0.1016  loss_dice_2: 1.15  loss_ce_3: 0.2063  loss_mask_3: 0.06375  loss_dice_3: 1.049  loss_ce_4: 0.1794  loss_mask_4: 0.089  loss_dice_4: 1.17  loss_ce_5: 0.2151  loss_mask_5: 0.1026  loss_dice_5: 1.094  loss_ce_6: 0.2366  loss_mask_6: 0.07843  loss_dice_6: 1.116  loss_ce_7: 0.1876  loss_mask_7: 0.08193  loss_dice_7: 1.07  loss_ce_8: 0.1757  loss_mask_8: 0.1102  loss_dice_8: 1.098    time: 0.8090  last_time: 0.7944  data_time: 0.1433  last_data_time: 0.1433   lr: 1.9687e-05  max_mem: 12897M
[02/28 00:07:13 d2.utils.events]:  eta: 1:57:41  iter: 819  total_loss: 13.22  loss_ce: 0.1887  loss_mask: 0.04338  loss_dice: 0.8241  loss_ce_0: 0.4202  loss_mask_0: 0.07099  loss_dice_0: 1.225  loss_ce_1: 0.2154  loss_mask_1: 0.08418  loss_dice_1: 1.067  loss_ce_2: 0.2163  loss_mask_2: 0.05871  loss_dice_2: 1.099  loss_ce_3: 0.2221  loss_mask_3: 0.05602  loss_dice_3: 1.091  loss_ce_4: 0.1811  loss_mask_4: 0.04896  loss_dice_4: 0.9927  loss_ce_5: 0.1825  loss_mask_5: 0.04735  loss_dice_5: 1.016  loss_ce_6: 0.1722  loss_mask_6: 0.0584  loss_dice_6: 1.159  loss_ce_7: 0.1635  loss_mask_7: 0.05089  loss_dice_7: 1.02  loss_ce_8: 0.151  loss_mask_8: 0.04972  loss_dice_8: 1.045    time: 0.8083  last_time: 0.7542  data_time: 0.1215  last_data_time: 0.1215   lr: 1.9671e-05  max_mem: 12897M
[02/28 00:07:29 d2.utils.events]:  eta: 1:57:18  iter: 839  total_loss: 10.02  loss_ce: 0.08027  loss_mask: 0.04224  loss_dice: 0.7575  loss_ce_0: 0.3019  loss_mask_0: 0.06575  loss_dice_0: 0.9009  loss_ce_1: 0.06531  loss_mask_1: 0.04073  loss_dice_1: 0.8442  loss_ce_2: 0.04901  loss_mask_2: 0.04859  loss_dice_2: 0.9606  loss_ce_3: 0.05019  loss_mask_3: 0.04135  loss_dice_3: 0.7922  loss_ce_4: 0.09732  loss_mask_4: 0.056  loss_dice_4: 1.083  loss_ce_5: 0.102  loss_mask_5: 0.05144  loss_dice_5: 1.057  loss_ce_6: 0.07804  loss_mask_6: 0.04059  loss_dice_6: 0.7088  loss_ce_7: 0.0758  loss_mask_7: 0.04104  loss_dice_7: 0.6389  loss_ce_8: 0.0779  loss_mask_8: 0.04699  loss_dice_8: 0.8234    time: 0.8073  last_time: 0.6779  data_time: 0.0673  last_data_time: 0.0673   lr: 1.9655e-05  max_mem: 12897M
[02/28 00:07:46 d2.utils.events]:  eta: 1:56:58  iter: 859  total_loss: 10.77  loss_ce: 0.08993  loss_mask: 0.05173  loss_dice: 0.7854  loss_ce_0: 0.3089  loss_mask_0: 0.09184  loss_dice_0: 1.132  loss_ce_1: 0.1527  loss_mask_1: 0.1135  loss_dice_1: 0.9194  loss_ce_2: 0.1512  loss_mask_2: 0.06048  loss_dice_2: 0.9673  loss_ce_3: 0.08734  loss_mask_3: 0.06234  loss_dice_3: 0.8854  loss_ce_4: 0.0875  loss_mask_4: 0.05562  loss_dice_4: 0.9037  loss_ce_5: 0.08763  loss_mask_5: 0.05665  loss_dice_5: 0.8866  loss_ce_6: 0.08166  loss_mask_6: 0.05841  loss_dice_6: 0.8539  loss_ce_7: 0.08165  loss_mask_7: 0.05658  loss_dice_7: 0.7858  loss_ce_8: 0.08854  loss_mask_8: 0.05916  loss_dice_8: 0.7633    time: 0.8075  last_time: 0.6992  data_time: 0.0856  last_data_time: 0.0856   lr: 1.9638e-05  max_mem: 12897M
[02/28 00:08:02 d2.utils.events]:  eta: 1:56:44  iter: 879  total_loss: 13.5  loss_ce: 0.07529  loss_mask: 0.08334  loss_dice: 1.009  loss_ce_0: 0.3174  loss_mask_0: 0.1274  loss_dice_0: 1.503  loss_ce_1: 0.1997  loss_mask_1: 0.09837  loss_dice_1: 1.033  loss_ce_2: 0.1272  loss_mask_2: 0.08778  loss_dice_2: 1.183  loss_ce_3: 0.09239  loss_mask_3: 0.07723  loss_dice_3: 1.211  loss_ce_4: 0.1034  loss_mask_4: 0.06975  loss_dice_4: 1.16  loss_ce_5: 0.09787  loss_mask_5: 0.07232  loss_dice_5: 0.8798  loss_ce_6: 0.08511  loss_mask_6: 0.07971  loss_dice_6: 1.136  loss_ce_7: 0.1053  loss_mask_7: 0.09555  loss_dice_7: 1.118  loss_ce_8: 0.09299  loss_mask_8: 0.07742  loss_dice_8: 1.102    time: 0.8073  last_time: 0.7405  data_time: 0.1434  last_data_time: 0.1434   lr: 1.9621e-05  max_mem: 12897M
[02/28 00:08:18 d2.utils.events]:  eta: 1:56:32  iter: 899  total_loss: 14.42  loss_ce: 0.2016  loss_mask: 0.07054  loss_dice: 0.9039  loss_ce_0: 0.4654  loss_mask_0: 0.1817  loss_dice_0: 1.427  loss_ce_1: 0.2937  loss_mask_1: 0.1044  loss_dice_1: 1.121  loss_ce_2: 0.2319  loss_mask_2: 0.09248  loss_dice_2: 1.173  loss_ce_3: 0.2119  loss_mask_3: 0.08657  loss_dice_3: 1.114  loss_ce_4: 0.175  loss_mask_4: 0.08494  loss_dice_4: 1.094  loss_ce_5: 0.1648  loss_mask_5: 0.1044  loss_dice_5: 1.091  loss_ce_6: 0.133  loss_mask_6: 0.09637  loss_dice_6: 1.124  loss_ce_7: 0.147  loss_mask_7: 0.09957  loss_dice_7: 1.08  loss_ce_8: 0.1733  loss_mask_8: 0.09638  loss_dice_8: 1.076    time: 0.8074  last_time: 0.8445  data_time: 0.2021  last_data_time: 0.2021   lr: 1.9604e-05  max_mem: 12897M
[02/28 00:08:35 d2.utils.events]:  eta: 1:56:13  iter: 919  total_loss: 7.976  loss_ce: 0.047  loss_mask: 0.03479  loss_dice: 0.614  loss_ce_0: 0.2919  loss_mask_0: 0.0632  loss_dice_0: 1.144  loss_ce_1: 0.06151  loss_mask_1: 0.0315  loss_dice_1: 0.7232  loss_ce_2: 0.04854  loss_mask_2: 0.03848  loss_dice_2: 0.6109  loss_ce_3: 0.04861  loss_mask_3: 0.03369  loss_dice_3: 0.5807  loss_ce_4: 0.04623  loss_mask_4: 0.03143  loss_dice_4: 0.607  loss_ce_5: 0.04162  loss_mask_5: 0.04167  loss_dice_5: 0.6524  loss_ce_6: 0.04342  loss_mask_6: 0.03106  loss_dice_6: 0.639  loss_ce_7: 0.044  loss_mask_7: 0.03265  loss_dice_7: 0.681  loss_ce_8: 0.04648  loss_mask_8: 0.03516  loss_dice_8: 0.6312    time: 0.8074  last_time: 0.6907  data_time: 0.0717  last_data_time: 0.0717   lr: 1.9586e-05  max_mem: 12897M
[02/28 00:08:51 d2.utils.events]:  eta: 1:56:01  iter: 939  total_loss: 12.33  loss_ce: 0.1477  loss_mask: 0.04777  loss_dice: 0.9868  loss_ce_0: 0.4584  loss_mask_0: 0.07889  loss_dice_0: 1.177  loss_ce_1: 0.1937  loss_mask_1: 0.06702  loss_dice_1: 1.15  loss_ce_2: 0.1737  loss_mask_2: 0.04617  loss_dice_2: 0.7958  loss_ce_3: 0.1453  loss_mask_3: 0.05027  loss_dice_3: 0.8341  loss_ce_4: 0.1435  loss_mask_4: 0.05732  loss_dice_4: 0.9801  loss_ce_5: 0.1995  loss_mask_5: 0.05325  loss_dice_5: 0.9791  loss_ce_6: 0.1977  loss_mask_6: 0.06555  loss_dice_6: 0.9207  loss_ce_7: 0.1503  loss_mask_7: 0.04605  loss_dice_7: 0.8882  loss_ce_8: 0.1778  loss_mask_8: 0.06337  loss_dice_8: 1.057    time: 0.8078  last_time: 0.7556  data_time: 0.1428  last_data_time: 0.1428   lr: 1.9568e-05  max_mem: 12897M
[02/28 00:09:08 d2.utils.events]:  eta: 1:55:50  iter: 959  total_loss: 6.996  loss_ce: 0.05209  loss_mask: 0.03704  loss_dice: 0.5822  loss_ce_0: 0.3202  loss_mask_0: 0.05589  loss_dice_0: 0.6442  loss_ce_1: 0.07135  loss_mask_1: 0.04311  loss_dice_1: 0.5813  loss_ce_2: 0.08116  loss_mask_2: 0.03755  loss_dice_2: 0.6312  loss_ce_3: 0.1084  loss_mask_3: 0.03436  loss_dice_3: 0.5618  loss_ce_4: 0.05553  loss_mask_4: 0.03272  loss_dice_4: 0.5548  loss_ce_5: 0.05403  loss_mask_5: 0.03226  loss_dice_5: 0.5067  loss_ce_6: 0.0529  loss_mask_6: 0.03942  loss_dice_6: 0.6094  loss_ce_7: 0.05373  loss_mask_7: 0.03423  loss_dice_7: 0.5343  loss_ce_8: 0.05277  loss_mask_8: 0.03036  loss_dice_8: 0.5112    time: 0.8086  last_time: 1.0931  data_time: 0.4864  last_data_time: 0.4864   lr: 1.955e-05  max_mem: 12897M
[02/28 00:09:25 d2.utils.events]:  eta: 1:55:36  iter: 979  total_loss: 13.58  loss_ce: 0.1462  loss_mask: 0.06375  loss_dice: 1.2  loss_ce_0: 0.3925  loss_mask_0: 0.1136  loss_dice_0: 1.414  loss_ce_1: 0.159  loss_mask_1: 0.05685  loss_dice_1: 1.103  loss_ce_2: 0.2261  loss_mask_2: 0.05523  loss_dice_2: 1.019  loss_ce_3: 0.1551  loss_mask_3: 0.06258  loss_dice_3: 1.103  loss_ce_4: 0.2004  loss_mask_4: 0.06011  loss_dice_4: 1.099  loss_ce_5: 0.1491  loss_mask_5: 0.05336  loss_dice_5: 1.015  loss_ce_6: 0.1088  loss_mask_6: 0.06058  loss_dice_6: 1.178  loss_ce_7: 0.1335  loss_mask_7: 0.05565  loss_dice_7: 1.082  loss_ce_8: 0.1377  loss_mask_8: 0.05091  loss_dice_8: 0.9241    time: 0.8084  last_time: 0.8205  data_time: 0.1899  last_data_time: 0.1899   lr: 1.9531e-05  max_mem: 12897M
[02/28 00:09:42 d2.utils.events]:  eta: 1:55:30  iter: 999  total_loss: 15.86  loss_ce: 0.1309  loss_mask: 0.0675  loss_dice: 1.166  loss_ce_0: 0.5207  loss_mask_0: 0.1204  loss_dice_0: 1.582  loss_ce_1: 0.2135  loss_mask_1: 0.08372  loss_dice_1: 1.322  loss_ce_2: 0.244  loss_mask_2: 0.07648  loss_dice_2: 1.364  loss_ce_3: 0.1703  loss_mask_3: 0.06487  loss_dice_3: 1.213  loss_ce_4: 0.1606  loss_mask_4: 0.06989  loss_dice_4: 1.189  loss_ce_5: 0.2143  loss_mask_5: 0.07277  loss_dice_5: 1.376  loss_ce_6: 0.1615  loss_mask_6: 0.06038  loss_dice_6: 1.159  loss_ce_7: 0.1171  loss_mask_7: 0.07022  loss_dice_7: 1.354  loss_ce_8: 0.1696  loss_mask_8: 0.0646  loss_dice_8: 1.28    time: 0.8094  last_time: 0.7625  data_time: 0.1298  last_data_time: 0.1298   lr: 1.9512e-05  max_mem: 12897M
[02/28 00:09:59 d2.utils.events]:  eta: 1:55:04  iter: 1019  total_loss: 13.66  loss_ce: 0.2246  loss_mask: 0.06195  loss_dice: 0.9678  loss_ce_0: 0.4591  loss_mask_0: 0.09923  loss_dice_0: 1.281  loss_ce_1: 0.2228  loss_mask_1: 0.0766  loss_dice_1: 1.067  loss_ce_2: 0.1861  loss_mask_2: 0.07275  loss_dice_2: 1.093  loss_ce_3: 0.1593  loss_mask_3: 0.07499  loss_dice_3: 1.079  loss_ce_4: 0.1805  loss_mask_4: 0.07892  loss_dice_4: 1.181  loss_ce_5: 0.1455  loss_mask_5: 0.06466  loss_dice_5: 1.008  loss_ce_6: 0.1429  loss_mask_6: 0.06915  loss_dice_6: 1.125  loss_ce_7: 0.1454  loss_mask_7: 0.06584  loss_dice_7: 1.119  loss_ce_8: 0.1391  loss_mask_8: 0.05785  loss_dice_8: 1.013    time: 0.8101  last_time: 0.7866  data_time: 0.1610  last_data_time: 0.1610   lr: 1.9492e-05  max_mem: 12897M
[02/28 00:10:15 d2.utils.events]:  eta: 1:54:41  iter: 1039  total_loss: 17.18  loss_ce: 0.3216  loss_mask: 0.08006  loss_dice: 1.12  loss_ce_0: 0.8044  loss_mask_0: 0.2317  loss_dice_0: 1.277  loss_ce_1: 0.379  loss_mask_1: 0.1169  loss_dice_1: 1.281  loss_ce_2: 0.386  loss_mask_2: 0.104  loss_dice_2: 1.17  loss_ce_3: 0.2694  loss_mask_3: 0.1208  loss_dice_3: 1.315  loss_ce_4: 0.2491  loss_mask_4: 0.1152  loss_dice_4: 1.302  loss_ce_5: 0.2895  loss_mask_5: 0.1171  loss_dice_5: 1.348  loss_ce_6: 0.2501  loss_mask_6: 0.1035  loss_dice_6: 1.178  loss_ce_7: 0.3344  loss_mask_7: 0.09117  loss_dice_7: 1.215  loss_ce_8: 0.3184  loss_mask_8: 0.09039  loss_dice_8: 1.206    time: 0.8094  last_time: 0.7528  data_time: 0.1176  last_data_time: 0.1176   lr: 1.9472e-05  max_mem: 12897M
[02/28 00:10:33 d2.utils.events]:  eta: 1:54:34  iter: 1059  total_loss: 7.824  loss_ce: 0.06636  loss_mask: 0.03902  loss_dice: 0.5839  loss_ce_0: 0.4368  loss_mask_0: 0.07178  loss_dice_0: 0.6269  loss_ce_1: 0.08347  loss_mask_1: 0.04766  loss_dice_1: 0.7025  loss_ce_2: 0.06863  loss_mask_2: 0.05238  loss_dice_2: 0.6679  loss_ce_3: 0.1221  loss_mask_3: 0.04106  loss_dice_3: 0.6159  loss_ce_4: 0.07987  loss_mask_4: 0.04456  loss_dice_4: 0.6167  loss_ce_5: 0.06354  loss_mask_5: 0.04634  loss_dice_5: 0.6134  loss_ce_6: 0.06286  loss_mask_6: 0.04237  loss_dice_6: 0.6301  loss_ce_7: 0.06202  loss_mask_7: 0.04425  loss_dice_7: 0.5778  loss_ce_8: 0.06235  loss_mask_8: 0.039  loss_dice_8: 0.6125    time: 0.8106  last_time: 0.8000  data_time: 0.1835  last_data_time: 0.1835   lr: 1.9452e-05  max_mem: 12897M
[02/28 00:10:50 d2.utils.events]:  eta: 1:54:13  iter: 1079  total_loss: 10.27  loss_ce: 0.1953  loss_mask: 0.03948  loss_dice: 0.745  loss_ce_0: 0.3972  loss_mask_0: 0.06938  loss_dice_0: 0.9601  loss_ce_1: 0.2011  loss_mask_1: 0.05286  loss_dice_1: 0.908  loss_ce_2: 0.1902  loss_mask_2: 0.03759  loss_dice_2: 0.7323  loss_ce_3: 0.1628  loss_mask_3: 0.04055  loss_dice_3: 0.7462  loss_ce_4: 0.1525  loss_mask_4: 0.04074  loss_dice_4: 0.7264  loss_ce_5: 0.1869  loss_mask_5: 0.03927  loss_dice_5: 0.7591  loss_ce_6: 0.1677  loss_mask_6: 0.03957  loss_dice_6: 0.6848  loss_ce_7: 0.1825  loss_mask_7: 0.03823  loss_dice_7: 0.7283  loss_ce_8: 0.1461  loss_mask_8: 0.04508  loss_dice_8: 0.8565    time: 0.8112  last_time: 0.7501  data_time: 0.1267  last_data_time: 0.1267   lr: 1.9431e-05  max_mem: 12897M
[02/28 00:11:07 d2.utils.events]:  eta: 1:54:01  iter: 1099  total_loss: 15.31  loss_ce: 0.187  loss_mask: 0.07848  loss_dice: 1.119  loss_ce_0: 0.4202  loss_mask_0: 0.1148  loss_dice_0: 1.482  loss_ce_1: 0.2759  loss_mask_1: 0.1  loss_dice_1: 1.26  loss_ce_2: 0.205  loss_mask_2: 0.08943  loss_dice_2: 1.266  loss_ce_3: 0.2438  loss_mask_3: 0.1068  loss_dice_3: 1.164  loss_ce_4: 0.1959  loss_mask_4: 0.08555  loss_dice_4: 1.154  loss_ce_5: 0.1833  loss_mask_5: 0.08816  loss_dice_5: 1.171  loss_ce_6: 0.2134  loss_mask_6: 0.07741  loss_dice_6: 1.182  loss_ce_7: 0.2056  loss_mask_7: 0.07707  loss_dice_7: 1.178  loss_ce_8: 0.1798  loss_mask_8: 0.07605  loss_dice_8: 1.134    time: 0.8113  last_time: 0.7347  data_time: 0.1022  last_data_time: 0.1022   lr: 1.941e-05  max_mem: 12897M
[02/28 00:11:23 d2.utils.events]:  eta: 1:53:40  iter: 1119  total_loss: 11.54  loss_ce: 0.1262  loss_mask: 0.06547  loss_dice: 1.007  loss_ce_0: 0.3371  loss_mask_0: 0.1079  loss_dice_0: 1.101  loss_ce_1: 0.1527  loss_mask_1: 0.08956  loss_dice_1: 0.9915  loss_ce_2: 0.09149  loss_mask_2: 0.09042  loss_dice_2: 0.9925  loss_ce_3: 0.08333  loss_mask_3: 0.06761  loss_dice_3: 0.8113  loss_ce_4: 0.1375  loss_mask_4: 0.06835  loss_dice_4: 0.8935  loss_ce_5: 0.1433  loss_mask_5: 0.05974  loss_dice_5: 0.8646  loss_ce_6: 0.07575  loss_mask_6: 0.06758  loss_dice_6: 0.9617  loss_ce_7: 0.08301  loss_mask_7: 0.05624  loss_dice_7: 1.01  loss_ce_8: 0.07789  loss_mask_8: 0.05873  loss_dice_8: 0.8626    time: 0.8116  last_time: 0.7822  data_time: 0.1612  last_data_time: 0.1612   lr: 1.9388e-05  max_mem: 12897M
[02/28 00:11:40 d2.utils.events]:  eta: 1:53:25  iter: 1139  total_loss: 15.86  loss_ce: 0.08385  loss_mask: 0.0459  loss_dice: 1.489  loss_ce_0: 0.2661  loss_mask_0: 0.0806  loss_dice_0: 1.393  loss_ce_1: 0.07493  loss_mask_1: 0.04307  loss_dice_1: 1.396  loss_ce_2: 0.06625  loss_mask_2: 0.07222  loss_dice_2: 1.656  loss_ce_3: 0.07181  loss_mask_3: 0.0534  loss_dice_3: 1.157  loss_ce_4: 0.05516  loss_mask_4: 0.04968  loss_dice_4: 1.4  loss_ce_5: 0.08229  loss_mask_5: 0.04554  loss_dice_5: 1.199  loss_ce_6: 0.08236  loss_mask_6: 0.0502  loss_dice_6: 1.665  loss_ce_7: 0.08371  loss_mask_7: 0.04357  loss_dice_7: 1.675  loss_ce_8: 0.07063  loss_mask_8: 0.05949  loss_dice_8: 1.344    time: 0.8118  last_time: 1.2064  data_time: 0.6083  last_data_time: 0.6083   lr: 1.9367e-05  max_mem: 12897M
[02/28 00:11:57 d2.utils.events]:  eta: 1:53:17  iter: 1159  total_loss: 6.854  loss_ce: 0.04686  loss_mask: 0.03716  loss_dice: 0.5807  loss_ce_0: 0.2714  loss_mask_0: 0.06116  loss_dice_0: 0.6455  loss_ce_1: 0.1249  loss_mask_1: 0.03947  loss_dice_1: 0.5462  loss_ce_2: 0.1008  loss_mask_2: 0.03747  loss_dice_2: 0.6152  loss_ce_3: 0.055  loss_mask_3: 0.03133  loss_dice_3: 0.5182  loss_ce_4: 0.05332  loss_mask_4: 0.03289  loss_dice_4: 0.4865  loss_ce_5: 0.0483  loss_mask_5: 0.03556  loss_dice_5: 0.5241  loss_ce_6: 0.04768  loss_mask_6: 0.03213  loss_dice_6: 0.4845  loss_ce_7: 0.04623  loss_mask_7: 0.03587  loss_dice_7: 0.5304  loss_ce_8: 0.04791  loss_mask_8: 0.03121  loss_dice_8: 0.7061    time: 0.8123  last_time: 0.7383  data_time: 0.1248  last_data_time: 0.1248   lr: 1.9344e-05  max_mem: 12897M
[02/28 00:12:15 d2.utils.events]:  eta: 1:53:05  iter: 1179  total_loss: 13.22  loss_ce: 0.1298  loss_mask: 0.05056  loss_dice: 1.072  loss_ce_0: 0.5128  loss_mask_0: 0.1258  loss_dice_0: 1.209  loss_ce_1: 0.198  loss_mask_1: 0.06894  loss_dice_1: 1.096  loss_ce_2: 0.1796  loss_mask_2: 0.06017  loss_dice_2: 1.03  loss_ce_3: 0.1589  loss_mask_3: 0.05907  loss_dice_3: 1.123  loss_ce_4: 0.1242  loss_mask_4: 0.0542  loss_dice_4: 1.035  loss_ce_5: 0.14  loss_mask_5: 0.05488  loss_dice_5: 1.01  loss_ce_6: 0.1121  loss_mask_6: 0.05504  loss_dice_6: 1.093  loss_ce_7: 0.1277  loss_mask_7: 0.05402  loss_dice_7: 1.012  loss_ce_8: 0.09682  loss_mask_8: 0.05645  loss_dice_8: 1.116    time: 0.8136  last_time: 0.7927  data_time: 0.1660  last_data_time: 0.1660   lr: 1.9322e-05  max_mem: 12897M
[02/28 00:12:31 d2.utils.events]:  eta: 1:52:50  iter: 1199  total_loss: 11.18  loss_ce: 0.1363  loss_mask: 0.05527  loss_dice: 0.8404  loss_ce_0: 0.3592  loss_mask_0: 0.1176  loss_dice_0: 1.207  loss_ce_1: 0.1846  loss_mask_1: 0.07903  loss_dice_1: 0.8723  loss_ce_2: 0.1278  loss_mask_2: 0.07171  loss_dice_2: 0.7901  loss_ce_3: 0.1237  loss_mask_3: 0.059  loss_dice_3: 0.7893  loss_ce_4: 0.1638  loss_mask_4: 0.06224  loss_dice_4: 1.012  loss_ce_5: 0.1205  loss_mask_5: 0.05255  loss_dice_5: 0.8253  loss_ce_6: 0.1068  loss_mask_6: 0.05955  loss_dice_6: 0.8439  loss_ce_7: 0.1111  loss_mask_7: 0.06833  loss_dice_7: 0.8938  loss_ce_8: 0.1381  loss_mask_8: 0.05689  loss_dice_8: 0.8534    time: 0.8134  last_time: 0.7997  data_time: 0.1776  last_data_time: 0.1776   lr: 1.9299e-05  max_mem: 12897M
[02/28 00:12:47 d2.utils.events]:  eta: 1:52:37  iter: 1219  total_loss: 13.34  loss_ce: 0.2091  loss_mask: 0.03765  loss_dice: 1.072  loss_ce_0: 0.4394  loss_mask_0: 0.0279  loss_dice_0: 1.066  loss_ce_1: 0.1573  loss_mask_1: 0.05175  loss_dice_1: 1.026  loss_ce_2: 0.1615  loss_mask_2: 0.05539  loss_dice_2: 1.14  loss_ce_3: 0.1018  loss_mask_3: 0.04052  loss_dice_3: 1.249  loss_ce_4: 0.1358  loss_mask_4: 0.0398  loss_dice_4: 1.064  loss_ce_5: 0.1677  loss_mask_5: 0.04104  loss_dice_5: 1.136  loss_ce_6: 0.1168  loss_mask_6: 0.03724  loss_dice_6: 1.16  loss_ce_7: 0.1589  loss_mask_7: 0.03904  loss_dice_7: 1.066  loss_ce_8: 0.1704  loss_mask_8: 0.03757  loss_dice_8: 1.132    time: 0.8134  last_time: 0.8534  data_time: 0.2446  last_data_time: 0.2446   lr: 1.9276e-05  max_mem: 12897M
[02/28 00:13:04 d2.utils.events]:  eta: 1:52:23  iter: 1239  total_loss: 9.584  loss_ce: 0.05642  loss_mask: 0.04761  loss_dice: 0.7892  loss_ce_0: 0.4632  loss_mask_0: 0.09681  loss_dice_0: 1.052  loss_ce_1: 0.1082  loss_mask_1: 0.04998  loss_dice_1: 0.7088  loss_ce_2: 0.08557  loss_mask_2: 0.05211  loss_dice_2: 0.7242  loss_ce_3: 0.06079  loss_mask_3: 0.05114  loss_dice_3: 0.8106  loss_ce_4: 0.05822  loss_mask_4: 0.04608  loss_dice_4: 0.8329  loss_ce_5: 0.05914  loss_mask_5: 0.04333  loss_dice_5: 0.757  loss_ce_6: 0.05722  loss_mask_6: 0.04859  loss_dice_6: 0.8071  loss_ce_7: 0.05568  loss_mask_7: 0.04271  loss_dice_7: 0.6781  loss_ce_8: 0.05526  loss_mask_8: 0.04545  loss_dice_8: 0.8412    time: 0.8131  last_time: 0.7542  data_time: 0.1347  last_data_time: 0.1347   lr: 1.9252e-05  max_mem: 12897M
[02/28 00:13:21 d2.utils.events]:  eta: 1:52:10  iter: 1259  total_loss: 14.55  loss_ce: 0.2343  loss_mask: 0.05421  loss_dice: 1.07  loss_ce_0: 0.3831  loss_mask_0: 0.1124  loss_dice_0: 1.536  loss_ce_1: 0.2078  loss_mask_1: 0.07459  loss_dice_1: 1.078  loss_ce_2: 0.1592  loss_mask_2: 0.06456  loss_dice_2: 1.069  loss_ce_3: 0.2597  loss_mask_3: 0.06844  loss_dice_3: 1.146  loss_ce_4: 0.2359  loss_mask_4: 0.07512  loss_dice_4: 1.086  loss_ce_5: 0.2274  loss_mask_5: 0.05637  loss_dice_5: 1.166  loss_ce_6: 0.2417  loss_mask_6: 0.0674  loss_dice_6: 1.1  loss_ce_7: 0.2403  loss_mask_7: 0.05836  loss_dice_7: 1.027  loss_ce_8: 0.2491  loss_mask_8: 0.05277  loss_dice_8: 1.145    time: 0.8138  last_time: 0.7752  data_time: 0.1530  last_data_time: 0.1530   lr: 1.9228e-05  max_mem: 12897M
[02/28 00:13:36 d2.utils.events]:  eta: 1:51:50  iter: 1279  total_loss: 18.9  loss_ce: 0.09999  loss_mask: 0.05921  loss_dice: 1.559  loss_ce_0: 0.2883  loss_mask_0: 0.09445  loss_dice_0: 1.975  loss_ce_1: 0.1779  loss_mask_1: 0.08381  loss_dice_1: 1.701  loss_ce_2: 0.1289  loss_mask_2: 0.07295  loss_dice_2: 1.655  loss_ce_3: 0.06407  loss_mask_3: 0.06237  loss_dice_3: 1.77  loss_ce_4: 0.05362  loss_mask_4: 0.1192  loss_dice_4: 1.966  loss_ce_5: 0.1088  loss_mask_5: 0.07402  loss_dice_5: 1.461  loss_ce_6: 0.09482  loss_mask_6: 0.07428  loss_dice_6: 1.749  loss_ce_7: 0.09746  loss_mask_7: 0.05869  loss_dice_7: 1.452  loss_ce_8: 0.04776  loss_mask_8: 0.1022  loss_dice_8: 1.65    time: 0.8127  last_time: 0.7526  data_time: 0.1461  last_data_time: 0.1461   lr: 1.9204e-05  max_mem: 12897M
[02/28 00:13:52 d2.utils.events]:  eta: 1:51:41  iter: 1299  total_loss: 16.13  loss_ce: 0.09106  loss_mask: 0.06327  loss_dice: 1.515  loss_ce_0: 0.353  loss_mask_0: 0.06592  loss_dice_0: 1.728  loss_ce_1: 0.151  loss_mask_1: 0.05609  loss_dice_1: 1.24  loss_ce_2: 0.1544  loss_mask_2: 0.05792  loss_dice_2: 1.426  loss_ce_3: 0.09811  loss_mask_3: 0.05531  loss_dice_3: 1.581  loss_ce_4: 0.1133  loss_mask_4: 0.06075  loss_dice_4: 1.28  loss_ce_5: 0.1195  loss_mask_5: 0.07084  loss_dice_5: 1.261  loss_ce_6: 0.09871  loss_mask_6: 0.06082  loss_dice_6: 1.462  loss_ce_7: 0.1003  loss_mask_7: 0.05946  loss_dice_7: 1.265  loss_ce_8: 0.08737  loss_mask_8: 0.05807  loss_dice_8: 1.402    time: 0.8125  last_time: 0.7793  data_time: 0.1522  last_data_time: 0.1522   lr: 1.9179e-05  max_mem: 12897M
[02/28 00:14:09 d2.utils.events]:  eta: 1:51:33  iter: 1319  total_loss: 11.51  loss_ce: 0.0888  loss_mask: 0.04257  loss_dice: 0.9932  loss_ce_0: 0.407  loss_mask_0: 0.06987  loss_dice_0: 0.7886  loss_ce_1: 0.1514  loss_mask_1: 0.04528  loss_dice_1: 0.8386  loss_ce_2: 0.1379  loss_mask_2: 0.04406  loss_dice_2: 0.8902  loss_ce_3: 0.07947  loss_mask_3: 0.05158  loss_dice_3: 1.027  loss_ce_4: 0.1599  loss_mask_4: 0.04821  loss_dice_4: 0.9702  loss_ce_5: 0.1176  loss_mask_5: 0.04158  loss_dice_5: 0.9452  loss_ce_6: 0.07354  loss_mask_6: 0.0477  loss_dice_6: 1.249  loss_ce_7: 0.1191  loss_mask_7: 0.03601  loss_dice_7: 0.9479  loss_ce_8: 0.08508  loss_mask_8: 0.04388  loss_dice_8: 0.9668    time: 0.8127  last_time: 1.3970  data_time: 0.7741  last_data_time: 0.7741   lr: 1.9154e-05  max_mem: 12897M
[02/28 00:14:25 d2.utils.events]:  eta: 1:51:23  iter: 1339  total_loss: 12.16  loss_ce: 0.1496  loss_mask: 0.07202  loss_dice: 0.8861  loss_ce_0: 0.4426  loss_mask_0: 0.05672  loss_dice_0: 1.148  loss_ce_1: 0.2089  loss_mask_1: 0.07448  loss_dice_1: 1.002  loss_ce_2: 0.1895  loss_mask_2: 0.06581  loss_dice_2: 1.018  loss_ce_3: 0.1575  loss_mask_3: 0.06016  loss_dice_3: 0.9901  loss_ce_4: 0.1388  loss_mask_4: 0.04769  loss_dice_4: 0.9315  loss_ce_5: 0.1678  loss_mask_5: 0.04878  loss_dice_5: 0.9336  loss_ce_6: 0.1768  loss_mask_6: 0.06252  loss_dice_6: 0.7827  loss_ce_7: 0.1474  loss_mask_7: 0.04963  loss_dice_7: 0.8355  loss_ce_8: 0.1712  loss_mask_8: 0.06085  loss_dice_8: 1.084    time: 0.8126  last_time: 1.3078  data_time: 0.6847  last_data_time: 0.6847   lr: 1.9128e-05  max_mem: 12897M
[02/28 00:14:41 d2.utils.events]:  eta: 1:51:07  iter: 1359  total_loss: 12.35  loss_ce: 0.04387  loss_mask: 0.08693  loss_dice: 1.145  loss_ce_0: 0.3309  loss_mask_0: 0.0637  loss_dice_0: 0.9737  loss_ce_1: 0.08833  loss_mask_1: 0.093  loss_dice_1: 1.222  loss_ce_2: 0.05473  loss_mask_2: 0.09895  loss_dice_2: 1.082  loss_ce_3: 0.05312  loss_mask_3: 0.1014  loss_dice_3: 0.9445  loss_ce_4: 0.04779  loss_mask_4: 0.108  loss_dice_4: 1.108  loss_ce_5: 0.05207  loss_mask_5: 0.09406  loss_dice_5: 1.051  loss_ce_6: 0.04617  loss_mask_6: 0.1017  loss_dice_6: 1.056  loss_ce_7: 0.04602  loss_mask_7: 0.08402  loss_dice_7: 0.9612  loss_ce_8: 0.04413  loss_mask_8: 0.1017  loss_dice_8: 1.067    time: 0.8120  last_time: 0.8090  data_time: 0.2017  last_data_time: 0.2017   lr: 1.9102e-05  max_mem: 12897M
[02/28 00:14:57 d2.utils.events]:  eta: 1:50:58  iter: 1379  total_loss: 12.09  loss_ce: 0.07056  loss_mask: 0.05406  loss_dice: 1.081  loss_ce_0: 0.2651  loss_mask_0: 0.06718  loss_dice_0: 1.217  loss_ce_1: 0.1095  loss_mask_1: 0.06007  loss_dice_1: 1.018  loss_ce_2: 0.08956  loss_mask_2: 0.05218  loss_dice_2: 1.138  loss_ce_3: 0.06469  loss_mask_3: 0.04309  loss_dice_3: 1.052  loss_ce_4: 0.07084  loss_mask_4: 0.04781  loss_dice_4: 0.9985  loss_ce_5: 0.06821  loss_mask_5: 0.05632  loss_dice_5: 1.056  loss_ce_6: 0.06562  loss_mask_6: 0.04565  loss_dice_6: 1.043  loss_ce_7: 0.1213  loss_mask_7: 0.03758  loss_dice_7: 0.9139  loss_ce_8: 0.08741  loss_mask_8: 0.03982  loss_dice_8: 1.057    time: 0.8119  last_time: 0.7766  data_time: 0.1493  last_data_time: 0.1493   lr: 1.9076e-05  max_mem: 12897M
[02/28 00:15:13 d2.utils.events]:  eta: 1:50:42  iter: 1399  total_loss: 10.59  loss_ce: 0.08855  loss_mask: 0.0368  loss_dice: 0.7146  loss_ce_0: 0.2985  loss_mask_0: 0.08118  loss_dice_0: 1.311  loss_ce_1: 0.2598  loss_mask_1: 0.0417  loss_dice_1: 0.7733  loss_ce_2: 0.1296  loss_mask_2: 0.03788  loss_dice_2: 0.8704  loss_ce_3: 0.1214  loss_mask_3: 0.03941  loss_dice_3: 0.7795  loss_ce_4: 0.114  loss_mask_4: 0.03517  loss_dice_4: 0.8199  loss_ce_5: 0.1086  loss_mask_5: 0.03521  loss_dice_5: 0.8522  loss_ce_6: 0.09329  loss_mask_6: 0.03733  loss_dice_6: 0.86  loss_ce_7: 0.1036  loss_mask_7: 0.03426  loss_dice_7: 0.9949  loss_ce_8: 0.08802  loss_mask_8: 0.04119  loss_dice_8: 0.7842    time: 0.8115  last_time: 0.7303  data_time: 0.1199  last_data_time: 0.1199   lr: 1.905e-05  max_mem: 12897M
[02/28 00:15:29 d2.utils.events]:  eta: 1:50:27  iter: 1419  total_loss: 8.713  loss_ce: 0.09194  loss_mask: 0.03435  loss_dice: 0.5926  loss_ce_0: 0.3065  loss_mask_0: 0.07333  loss_dice_0: 0.9041  loss_ce_1: 0.1127  loss_mask_1: 0.04983  loss_dice_1: 0.7015  loss_ce_2: 0.08237  loss_mask_2: 0.04045  loss_dice_2: 0.64  loss_ce_3: 0.1223  loss_mask_3: 0.0404  loss_dice_3: 0.6671  loss_ce_4: 0.1192  loss_mask_4: 0.0423  loss_dice_4: 0.7811  loss_ce_5: 0.07767  loss_mask_5: 0.04016  loss_dice_5: 0.6362  loss_ce_6: 0.07677  loss_mask_6: 0.0349  loss_dice_6: 0.6837  loss_ce_7: 0.1017  loss_mask_7: 0.04008  loss_dice_7: 0.7439  loss_ce_8: 0.0916  loss_mask_8: 0.0408  loss_dice_8: 0.7432    time: 0.8114  last_time: 0.7589  data_time: 0.1217  last_data_time: 0.1217   lr: 1.9023e-05  max_mem: 12897M
[02/28 00:15:45 d2.utils.events]:  eta: 1:50:12  iter: 1439  total_loss: 9.528  loss_ce: 0.05094  loss_mask: 0.0682  loss_dice: 0.8108  loss_ce_0: 0.3544  loss_mask_0: 0.09504  loss_dice_0: 0.8804  loss_ce_1: 0.09039  loss_mask_1: 0.06655  loss_dice_1: 0.7565  loss_ce_2: 0.05691  loss_mask_2: 0.06979  loss_dice_2: 0.6892  loss_ce_3: 0.06479  loss_mask_3: 0.06894  loss_dice_3: 0.6998  loss_ce_4: 0.05146  loss_mask_4: 0.07506  loss_dice_4: 0.8279  loss_ce_5: 0.0496  loss_mask_5: 0.08363  loss_dice_5: 0.8848  loss_ce_6: 0.05018  loss_mask_6: 0.0672  loss_dice_6: 0.8116  loss_ce_7: 0.05051  loss_mask_7: 0.07362  loss_dice_7: 0.772  loss_ce_8: 0.05138  loss_mask_8: 0.06602  loss_dice_8: 0.79    time: 0.8115  last_time: 0.7575  data_time: 0.1277  last_data_time: 0.1277   lr: 1.8995e-05  max_mem: 12897M
[02/28 00:16:01 d2.utils.events]:  eta: 1:49:58  iter: 1459  total_loss: 10.49  loss_ce: 0.06513  loss_mask: 0.03659  loss_dice: 0.8705  loss_ce_0: 0.2726  loss_mask_0: 0.05041  loss_dice_0: 1.064  loss_ce_1: 0.08391  loss_mask_1: 0.05299  loss_dice_1: 0.9561  loss_ce_2: 0.09827  loss_mask_2: 0.04565  loss_dice_2: 1.013  loss_ce_3: 0.08337  loss_mask_3: 0.03935  loss_dice_3: 0.7988  loss_ce_4: 0.1599  loss_mask_4: 0.03509  loss_dice_4: 0.9408  loss_ce_5: 0.0754  loss_mask_5: 0.0363  loss_dice_5: 0.8418  loss_ce_6: 0.07223  loss_mask_6: 0.03534  loss_dice_6: 0.8445  loss_ce_7: 0.06953  loss_mask_7: 0.03355  loss_dice_7: 0.8577  loss_ce_8: 0.06425  loss_mask_8: 0.03573  loss_dice_8: 0.8524    time: 0.8113  last_time: 0.8130  data_time: 0.1970  last_data_time: 0.1970   lr: 1.8968e-05  max_mem: 12897M
[02/28 00:16:17 d2.utils.events]:  eta: 1:49:41  iter: 1479  total_loss: 13.64  loss_ce: 0.1389  loss_mask: 0.07484  loss_dice: 0.9078  loss_ce_0: 0.3528  loss_mask_0: 0.137  loss_dice_0: 1.132  loss_ce_1: 0.05793  loss_mask_1: 0.1484  loss_dice_1: 1.434  loss_ce_2: 0.1642  loss_mask_2: 0.1228  loss_dice_2: 1.156  loss_ce_3: 0.1389  loss_mask_3: 0.1006  loss_dice_3: 1.159  loss_ce_4: 0.1677  loss_mask_4: 0.09504  loss_dice_4: 1.121  loss_ce_5: 0.1546  loss_mask_5: 0.09179  loss_dice_5: 1.032  loss_ce_6: 0.1475  loss_mask_6: 0.08025  loss_dice_6: 0.9934  loss_ce_7: 0.1317  loss_mask_7: 0.07574  loss_dice_7: 1.075  loss_ce_8: 0.1398  loss_mask_8: 0.07266  loss_dice_8: 1.032    time: 0.8110  last_time: 1.2014  data_time: 0.5878  last_data_time: 0.5878   lr: 1.894e-05  max_mem: 12897M
[02/28 00:16:34 d2.utils.events]:  eta: 1:49:14  iter: 1499  total_loss: 10.87  loss_ce: 0.06022  loss_mask: 0.0776  loss_dice: 0.9277  loss_ce_0: 0.4212  loss_mask_0: 0.1025  loss_dice_0: 1.194  loss_ce_1: 0.1457  loss_mask_1: 0.07755  loss_dice_1: 0.9479  loss_ce_2: 0.1341  loss_mask_2: 0.07352  loss_dice_2: 0.7873  loss_ce_3: 0.07707  loss_mask_3: 0.06686  loss_dice_3: 0.7667  loss_ce_4: 0.1303  loss_mask_4: 0.07914  loss_dice_4: 0.9026  loss_ce_5: 0.05819  loss_mask_5: 0.07174  loss_dice_5: 0.8135  loss_ce_6: 0.06476  loss_mask_6: 0.07125  loss_dice_6: 0.8102  loss_ce_7: 0.1147  loss_mask_7: 0.07366  loss_dice_7: 0.8074  loss_ce_8: 0.0607  loss_mask_8: 0.07247  loss_dice_8: 0.8785    time: 0.8109  last_time: 0.7947  data_time: 0.1786  last_data_time: 0.1786   lr: 1.8911e-05  max_mem: 12897M
[02/28 00:16:51 d2.utils.events]:  eta: 1:49:03  iter: 1519  total_loss: 8.528  loss_ce: 0.0864  loss_mask: 0.04501  loss_dice: 0.6868  loss_ce_0: 0.2549  loss_mask_0: 0.1009  loss_dice_0: 1.011  loss_ce_1: 0.08077  loss_mask_1: 0.05842  loss_dice_1: 0.7488  loss_ce_2: 0.07156  loss_mask_2: 0.07134  loss_dice_2: 0.818  loss_ce_3: 0.1082  loss_mask_3: 0.03964  loss_dice_3: 0.5841  loss_ce_4: 0.08645  loss_mask_4: 0.03644  loss_dice_4: 0.5517  loss_ce_5: 0.08894  loss_mask_5: 0.04204  loss_dice_5: 0.6619  loss_ce_6: 0.05828  loss_mask_6: 0.0582  loss_dice_6: 0.6815  loss_ce_7: 0.08575  loss_mask_7: 0.04074  loss_dice_7: 0.599  loss_ce_8: 0.08484  loss_mask_8: 0.03764  loss_dice_8: 0.6493    time: 0.8114  last_time: 0.7850  data_time: 0.1822  last_data_time: 0.1822   lr: 1.8883e-05  max_mem: 12897M
[02/28 00:17:08 d2.utils.events]:  eta: 1:48:48  iter: 1539  total_loss: 8.538  loss_ce: 0.08304  loss_mask: 0.04893  loss_dice: 0.6649  loss_ce_0: 0.3777  loss_mask_0: 0.07207  loss_dice_0: 0.8965  loss_ce_1: 0.1406  loss_mask_1: 0.05994  loss_dice_1: 0.6625  loss_ce_2: 0.1219  loss_mask_2: 0.05671  loss_dice_2: 0.7186  loss_ce_3: 0.08169  loss_mask_3: 0.05026  loss_dice_3: 0.5877  loss_ce_4: 0.09935  loss_mask_4: 0.05606  loss_dice_4: 0.6695  loss_ce_5: 0.09227  loss_mask_5: 0.04744  loss_dice_5: 0.6448  loss_ce_6: 0.06997  loss_mask_6: 0.04523  loss_dice_6: 0.6519  loss_ce_7: 0.06137  loss_mask_7: 0.05248  loss_dice_7: 0.7349  loss_ce_8: 0.07499  loss_mask_8: 0.04759  loss_dice_8: 0.5667    time: 0.8117  last_time: 0.7475  data_time: 0.1170  last_data_time: 0.1170   lr: 1.8854e-05  max_mem: 12897M
[02/28 00:17:25 d2.utils.events]:  eta: 1:48:36  iter: 1559  total_loss: 13.97  loss_ce: 0.1898  loss_mask: 0.04586  loss_dice: 0.9641  loss_ce_0: 0.4117  loss_mask_0: 0.06784  loss_dice_0: 1.362  loss_ce_1: 0.2431  loss_mask_1: 0.0631  loss_dice_1: 1.18  loss_ce_2: 0.2289  loss_mask_2: 0.05384  loss_dice_2: 1.254  loss_ce_3: 0.2421  loss_mask_3: 0.04749  loss_dice_3: 0.9976  loss_ce_4: 0.1829  loss_mask_4: 0.05053  loss_dice_4: 1.146  loss_ce_5: 0.1784  loss_mask_5: 0.04709  loss_dice_5: 1.026  loss_ce_6: 0.1835  loss_mask_6: 0.05979  loss_dice_6: 1.143  loss_ce_7: 0.1866  loss_mask_7: 0.05885  loss_dice_7: 1.065  loss_ce_8: 0.1809  loss_mask_8: 0.04911  loss_dice_8: 1.06    time: 0.8122  last_time: 0.7985  data_time: 0.1643  last_data_time: 0.1643   lr: 1.8824e-05  max_mem: 12897M
[02/28 00:17:41 d2.utils.events]:  eta: 1:48:24  iter: 1579  total_loss: 8.325  loss_ce: 0.02762  loss_mask: 0.04534  loss_dice: 0.6368  loss_ce_0: 0.2969  loss_mask_0: 0.08904  loss_dice_0: 0.8731  loss_ce_1: 0.04846  loss_mask_1: 0.06135  loss_dice_1: 0.7293  loss_ce_2: 0.0328  loss_mask_2: 0.05213  loss_dice_2: 0.7516  loss_ce_3: 0.031  loss_mask_3: 0.04648  loss_dice_3: 0.6662  loss_ce_4: 0.03045  loss_mask_4: 0.05204  loss_dice_4: 0.7499  loss_ce_5: 0.02847  loss_mask_5: 0.05151  loss_dice_5: 0.699  loss_ce_6: 0.02539  loss_mask_6: 0.04946  loss_dice_6: 0.8077  loss_ce_7: 0.02519  loss_mask_7: 0.04635  loss_dice_7: 0.6655  loss_ce_8: 0.02709  loss_mask_8: 0.04433  loss_dice_8: 0.6346    time: 0.8123  last_time: 0.7026  data_time: 0.0805  last_data_time: 0.0805   lr: 1.8795e-05  max_mem: 12897M
[02/28 00:17:58 d2.utils.events]:  eta: 1:48:13  iter: 1599  total_loss: 8.268  loss_ce: 0.06067  loss_mask: 0.04033  loss_dice: 0.8395  loss_ce_0: 0.2942  loss_mask_0: 0.05733  loss_dice_0: 0.7618  loss_ce_1: 0.08551  loss_mask_1: 0.04439  loss_dice_1: 0.6453  loss_ce_2: 0.06975  loss_mask_2: 0.03815  loss_dice_2: 0.6342  loss_ce_3: 0.05652  loss_mask_3: 0.03841  loss_dice_3: 0.6733  loss_ce_4: 0.05622  loss_mask_4: 0.03748  loss_dice_4: 0.6784  loss_ce_5: 0.06822  loss_mask_5: 0.03277  loss_dice_5: 0.609  loss_ce_6: 0.0657  loss_mask_6: 0.03233  loss_dice_6: 0.6656  loss_ce_7: 0.05909  loss_mask_7: 0.04029  loss_dice_7: 0.7929  loss_ce_8: 0.0614  loss_mask_8: 0.03544  loss_dice_8: 0.6937    time: 0.8123  last_time: 0.7758  data_time: 0.1596  last_data_time: 0.1596   lr: 1.8765e-05  max_mem: 12897M
[02/28 00:18:14 d2.utils.events]:  eta: 1:48:04  iter: 1619  total_loss: 13.29  loss_ce: 0.2168  loss_mask: 0.05206  loss_dice: 0.9344  loss_ce_0: 0.5591  loss_mask_0: 0.0648  loss_dice_0: 1.031  loss_ce_1: 0.2806  loss_mask_1: 0.07169  loss_dice_1: 1.172  loss_ce_2: 0.2167  loss_mask_2: 0.08931  loss_dice_2: 1.103  loss_ce_3: 0.1844  loss_mask_3: 0.05658  loss_dice_3: 1.111  loss_ce_4: 0.1715  loss_mask_4: 0.04932  loss_dice_4: 1.002  loss_ce_5: 0.1425  loss_mask_5: 0.05  loss_dice_5: 0.9842  loss_ce_6: 0.2003  loss_mask_6: 0.05832  loss_dice_6: 0.9796  loss_ce_7: 0.1876  loss_mask_7: 0.05267  loss_dice_7: 1.082  loss_ce_8: 0.2068  loss_mask_8: 0.05604  loss_dice_8: 0.9243    time: 0.8122  last_time: 0.7232  data_time: 0.1174  last_data_time: 0.1174   lr: 1.8734e-05  max_mem: 12897M
[02/28 00:18:29 d2.utils.events]:  eta: 1:47:37  iter: 1639  total_loss: 16.97  loss_ce: 0.2384  loss_mask: 0.05039  loss_dice: 1.235  loss_ce_0: 0.5749  loss_mask_0: 0.09246  loss_dice_0: 1.799  loss_ce_1: 0.3236  loss_mask_1: 0.06864  loss_dice_1: 1.32  loss_ce_2: 0.4475  loss_mask_2: 0.05243  loss_dice_2: 1.295  loss_ce_3: 0.3858  loss_mask_3: 0.05497  loss_dice_3: 1.178  loss_ce_4: 0.3401  loss_mask_4: 0.04566  loss_dice_4: 1.214  loss_ce_5: 0.2644  loss_mask_5: 0.0447  loss_dice_5: 1.232  loss_ce_6: 0.2641  loss_mask_6: 0.05225  loss_dice_6: 1.125  loss_ce_7: 0.2067  loss_mask_7: 0.05634  loss_dice_7: 1.391  loss_ce_8: 0.2398  loss_mask_8: 0.0487  loss_dice_8: 1.325    time: 0.8116  last_time: 0.8156  data_time: 0.1790  last_data_time: 0.1790   lr: 1.8703e-05  max_mem: 12897M
[02/28 00:18:45 d2.utils.events]:  eta: 1:47:21  iter: 1659  total_loss: 8.928  loss_ce: 0.03742  loss_mask: 0.05567  loss_dice: 0.8453  loss_ce_0: 0.1929  loss_mask_0: 0.07459  loss_dice_0: 0.8487  loss_ce_1: 0.04323  loss_mask_1: 0.06451  loss_dice_1: 0.6995  loss_ce_2: 0.03585  loss_mask_2: 0.05348  loss_dice_2: 0.8013  loss_ce_3: 0.035  loss_mask_3: 0.05721  loss_dice_3: 0.7801  loss_ce_4: 0.03585  loss_mask_4: 0.04923  loss_dice_4: 0.6936  loss_ce_5: 0.03243  loss_mask_5: 0.053  loss_dice_5: 0.7753  loss_ce_6: 0.03605  loss_mask_6: 0.05548  loss_dice_6: 0.8483  loss_ce_7: 0.03712  loss_mask_7: 0.055  loss_dice_7: 0.8105  loss_ce_8: 0.03773  loss_mask_8: 0.04829  loss_dice_8: 0.735    time: 0.8113  last_time: 0.7236  data_time: 0.1122  last_data_time: 0.1122   lr: 1.8672e-05  max_mem: 12897M
[02/28 00:19:01 d2.utils.events]:  eta: 1:47:00  iter: 1679  total_loss: 16.25  loss_ce: 0.08534  loss_mask: 0.09215  loss_dice: 1.282  loss_ce_0: 0.3919  loss_mask_0: 0.1175  loss_dice_0: 1.542  loss_ce_1: 0.1065  loss_mask_1: 0.09179  loss_dice_1: 1.395  loss_ce_2: 0.1438  loss_mask_2: 0.09523  loss_dice_2: 1.322  loss_ce_3: 0.1525  loss_mask_3: 0.09208  loss_dice_3: 1.425  loss_ce_4: 0.2066  loss_mask_4: 0.06962  loss_dice_4: 1.27  loss_ce_5: 0.1049  loss_mask_5: 0.08838  loss_dice_5: 1.335  loss_ce_6: 0.1238  loss_mask_6: 0.07351  loss_dice_6: 1.327  loss_ce_7: 0.1789  loss_mask_7: 0.0786  loss_dice_7: 1.453  loss_ce_8: 0.08277  loss_mask_8: 0.0939  loss_dice_8: 1.433    time: 0.8110  last_time: 1.0796  data_time: 0.4767  last_data_time: 0.4767   lr: 1.8641e-05  max_mem: 12897M
[02/28 00:19:17 d2.utils.events]:  eta: 1:46:45  iter: 1699  total_loss: 15.52  loss_ce: 0.2245  loss_mask: 0.09475  loss_dice: 1.159  loss_ce_0: 0.3324  loss_mask_0: 0.0951  loss_dice_0: 1.726  loss_ce_1: 0.1589  loss_mask_1: 0.1233  loss_dice_1: 1.459  loss_ce_2: 0.2844  loss_mask_2: 0.1019  loss_dice_2: 1.108  loss_ce_3: 0.1179  loss_mask_3: 0.09417  loss_dice_3: 1.267  loss_ce_4: 0.1172  loss_mask_4: 0.09327  loss_dice_4: 1.277  loss_ce_5: 0.1663  loss_mask_5: 0.09405  loss_dice_5: 1.172  loss_ce_6: 0.1113  loss_mask_6: 0.0996  loss_dice_6: 1.226  loss_ce_7: 0.1115  loss_mask_7: 0.1005  loss_dice_7: 1.121  loss_ce_8: 0.1115  loss_mask_8: 0.0921  loss_dice_8: 1.276    time: 0.8106  last_time: 0.8800  data_time: 0.2608  last_data_time: 0.2608   lr: 1.8609e-05  max_mem: 12897M
[02/28 00:19:33 d2.utils.events]:  eta: 1:46:30  iter: 1719  total_loss: 9.237  loss_ce: 0.1081  loss_mask: 0.02716  loss_dice: 0.7546  loss_ce_0: 0.2631  loss_mask_0: 0.04597  loss_dice_0: 0.9884  loss_ce_1: 0.08001  loss_mask_1: 0.03464  loss_dice_1: 0.7298  loss_ce_2: 0.1198  loss_mask_2: 0.03475  loss_dice_2: 0.7912  loss_ce_3: 0.07911  loss_mask_3: 0.03109  loss_dice_3: 0.7296  loss_ce_4: 0.06992  loss_mask_4: 0.02768  loss_dice_4: 0.7472  loss_ce_5: 0.06724  loss_mask_5: 0.03194  loss_dice_5: 0.8248  loss_ce_6: 0.09869  loss_mask_6: 0.034  loss_dice_6: 0.8411  loss_ce_7: 0.06696  loss_mask_7: 0.02807  loss_dice_7: 0.7396  loss_ce_8: 0.06792  loss_mask_8: 0.02877  loss_dice_8: 0.7453    time: 0.8105  last_time: 0.8340  data_time: 0.2009  last_data_time: 0.2009   lr: 1.8577e-05  max_mem: 12897M
[02/28 00:19:50 d2.utils.events]:  eta: 1:46:20  iter: 1739  total_loss: 11.82  loss_ce: 0.1231  loss_mask: 0.04537  loss_dice: 1.053  loss_ce_0: 0.2938  loss_mask_0: 0.0596  loss_dice_0: 1.204  loss_ce_1: 0.1585  loss_mask_1: 0.05058  loss_dice_1: 1.255  loss_ce_2: 0.138  loss_mask_2: 0.0482  loss_dice_2: 0.9137  loss_ce_3: 0.09868  loss_mask_3: 0.04333  loss_dice_3: 0.9762  loss_ce_4: 0.09695  loss_mask_4: 0.04653  loss_dice_4: 1.024  loss_ce_5: 0.08909  loss_mask_5: 0.04317  loss_dice_5: 0.8934  loss_ce_6: 0.1174  loss_mask_6: 0.03955  loss_dice_6: 0.9073  loss_ce_7: 0.07613  loss_mask_7: 0.03805  loss_dice_7: 0.7886  loss_ce_8: 0.1185  loss_mask_8: 0.04651  loss_dice_8: 1.032    time: 0.8109  last_time: 0.7630  data_time: 0.1236  last_data_time: 0.1236   lr: 1.8544e-05  max_mem: 12897M
[02/28 00:20:06 d2.utils.events]:  eta: 1:45:56  iter: 1759  total_loss: 10.12  loss_ce: 0.07727  loss_mask: 0.05934  loss_dice: 0.8508  loss_ce_0: 0.4317  loss_mask_0: 0.1066  loss_dice_0: 0.8897  loss_ce_1: 0.09641  loss_mask_1: 0.06133  loss_dice_1: 0.7554  loss_ce_2: 0.07486  loss_mask_2: 0.06094  loss_dice_2: 0.8399  loss_ce_3: 0.07065  loss_mask_3: 0.05439  loss_dice_3: 0.8114  loss_ce_4: 0.07172  loss_mask_4: 0.05915  loss_dice_4: 0.8753  loss_ce_5: 0.07549  loss_mask_5: 0.05528  loss_dice_5: 0.8427  loss_ce_6: 0.09322  loss_mask_6: 0.05619  loss_dice_6: 0.7678  loss_ce_7: 0.09095  loss_mask_7: 0.06527  loss_dice_7: 0.8578  loss_ce_8: 0.1031  loss_mask_8: 0.05695  loss_dice_8: 0.8075    time: 0.8104  last_time: 0.7503  data_time: 0.1374  last_data_time: 0.1374   lr: 1.8512e-05  max_mem: 12897M
[02/28 00:20:22 d2.utils.events]:  eta: 1:45:43  iter: 1779  total_loss: 12.26  loss_ce: 0.1084  loss_mask: 0.05575  loss_dice: 0.9762  loss_ce_0: 0.3574  loss_mask_0: 0.04816  loss_dice_0: 0.8565  loss_ce_1: 0.2316  loss_mask_1: 0.05718  loss_dice_1: 1.107  loss_ce_2: 0.2788  loss_mask_2: 0.06849  loss_dice_2: 1.045  loss_ce_3: 0.2336  loss_mask_3: 0.05681  loss_dice_3: 0.9676  loss_ce_4: 0.1504  loss_mask_4: 0.05559  loss_dice_4: 0.7919  loss_ce_5: 0.1594  loss_mask_5: 0.06582  loss_dice_5: 0.9666  loss_ce_6: 0.2296  loss_mask_6: 0.06252  loss_dice_6: 0.842  loss_ce_7: 0.1378  loss_mask_7: 0.05447  loss_dice_7: 1.057  loss_ce_8: 0.1268  loss_mask_8: 0.06938  loss_dice_8: 1.039    time: 0.8105  last_time: 0.7804  data_time: 0.1698  last_data_time: 0.1698   lr: 1.8478e-05  max_mem: 12897M
[02/28 00:20:39 d2.utils.events]:  eta: 1:45:19  iter: 1799  total_loss: 16.12  loss_ce: 0.1841  loss_mask: 0.09194  loss_dice: 1.226  loss_ce_0: 0.6187  loss_mask_0: 0.1429  loss_dice_0: 1.568  loss_ce_1: 0.1825  loss_mask_1: 0.1127  loss_dice_1: 1.318  loss_ce_2: 0.1422  loss_mask_2: 0.09262  loss_dice_2: 1.295  loss_ce_3: 0.1891  loss_mask_3: 0.09476  loss_dice_3: 1.223  loss_ce_4: 0.1579  loss_mask_4: 0.1143  loss_dice_4: 1.156  loss_ce_5: 0.1906  loss_mask_5: 0.1174  loss_dice_5: 1.229  loss_ce_6: 0.1624  loss_mask_6: 0.1007  loss_dice_6: 1.262  loss_ce_7: 0.1774  loss_mask_7: 0.1027  loss_dice_7: 1.268  loss_ce_8: 0.3037  loss_mask_8: 0.0918  loss_dice_8: 1.207    time: 0.8107  last_time: 0.9206  data_time: 0.1517  last_data_time: 0.1517   lr: 1.8445e-05  max_mem: 12897M
[02/28 00:20:56 d2.utils.events]:  eta: 1:45:10  iter: 1819  total_loss: 16.36  loss_ce: 0.09404  loss_mask: 0.1025  loss_dice: 1.315  loss_ce_0: 0.7083  loss_mask_0: 0.103  loss_dice_0: 1.442  loss_ce_1: 0.2414  loss_mask_1: 0.09984  loss_dice_1: 1.474  loss_ce_2: 0.1184  loss_mask_2: 0.1096  loss_dice_2: 1.461  loss_ce_3: 0.1475  loss_mask_3: 0.09198  loss_dice_3: 1.282  loss_ce_4: 0.1506  loss_mask_4: 0.09402  loss_dice_4: 1.279  loss_ce_5: 0.1179  loss_mask_5: 0.09416  loss_dice_5: 1.175  loss_ce_6: 0.1311  loss_mask_6: 0.09269  loss_dice_6: 1.328  loss_ce_7: 0.1224  loss_mask_7: 0.103  loss_dice_7: 1.318  loss_ce_8: 0.1128  loss_mask_8: 0.09422  loss_dice_8: 1.356    time: 0.8110  last_time: 0.7222  data_time: 0.1048  last_data_time: 0.1048   lr: 1.8411e-05  max_mem: 12897M
[02/28 00:21:12 d2.utils.events]:  eta: 1:44:53  iter: 1839  total_loss: 14.66  loss_ce: 0.08194  loss_mask: 0.05004  loss_dice: 1.238  loss_ce_0: 0.3705  loss_mask_0: 0.04517  loss_dice_0: 1.429  loss_ce_1: 0.08605  loss_mask_1: 0.05204  loss_dice_1: 1.258  loss_ce_2: 0.08874  loss_mask_2: 0.04921  loss_dice_2: 1.146  loss_ce_3: 0.1326  loss_mask_3: 0.05587  loss_dice_3: 1.319  loss_ce_4: 0.09133  loss_mask_4: 0.05407  loss_dice_4: 1.346  loss_ce_5: 0.09093  loss_mask_5: 0.05413  loss_dice_5: 1.325  loss_ce_6: 0.1246  loss_mask_6: 0.04654  loss_dice_6: 1.232  loss_ce_7: 0.1062  loss_mask_7: 0.05512  loss_dice_7: 1.277  loss_ce_8: 0.1342  loss_mask_8: 0.05177  loss_dice_8: 1.27    time: 0.8110  last_time: 0.8150  data_time: 0.2041  last_data_time: 0.2041   lr: 1.8377e-05  max_mem: 12897M
[02/28 00:21:29 d2.utils.events]:  eta: 1:44:41  iter: 1859  total_loss: 12.45  loss_ce: 0.07431  loss_mask: 0.02894  loss_dice: 1.473  loss_ce_0: 0.207  loss_mask_0: 0.03242  loss_dice_0: 0.9351  loss_ce_1: 0.1469  loss_mask_1: 0.02872  loss_dice_1: 1.129  loss_ce_2: 0.1357  loss_mask_2: 0.02344  loss_dice_2: 1.05  loss_ce_3: 0.1126  loss_mask_3: 0.02015  loss_dice_3: 1.05  loss_ce_4: 0.1989  loss_mask_4: 0.02792  loss_dice_4: 0.9224  loss_ce_5: 0.05797  loss_mask_5: 0.02805  loss_dice_5: 1.105  loss_ce_6: 0.1019  loss_mask_6: 0.02537  loss_dice_6: 1.06  loss_ce_7: 0.1384  loss_mask_7: 0.03407  loss_dice_7: 1.015  loss_ce_8: 0.1007  loss_mask_8: 0.03138  loss_dice_8: 1.159    time: 0.8114  last_time: 0.8163  data_time: 0.2079  last_data_time: 0.2079   lr: 1.8343e-05  max_mem: 12897M
[02/28 00:21:46 d2.utils.events]:  eta: 1:44:21  iter: 1879  total_loss: 15.9  loss_ce: 0.1294  loss_mask: 0.03648  loss_dice: 1.264  loss_ce_0: 0.3317  loss_mask_0: 0.08283  loss_dice_0: 1.535  loss_ce_1: 0.2184  loss_mask_1: 0.05777  loss_dice_1: 1.16  loss_ce_2: 0.1986  loss_mask_2: 0.04263  loss_dice_2: 1.547  loss_ce_3: 0.1391  loss_mask_3: 0.0398  loss_dice_3: 1.434  loss_ce_4: 0.1879  loss_mask_4: 0.04252  loss_dice_4: 1.295  loss_ce_5: 0.1397  loss_mask_5: 0.03814  loss_dice_5: 1.381  loss_ce_6: 0.1241  loss_mask_6: 0.04374  loss_dice_6: 1.403  loss_ce_7: 0.1195  loss_mask_7: 0.05298  loss_dice_7: 1.379  loss_ce_8: 0.1326  loss_mask_8: 0.03915  loss_dice_8: 1.306    time: 0.8117  last_time: 0.9434  data_time: 0.3325  last_data_time: 0.3325   lr: 1.8308e-05  max_mem: 12897M
[02/28 00:22:02 d2.utils.events]:  eta: 1:44:05  iter: 1899  total_loss: 11.32  loss_ce: 0.07335  loss_mask: 0.06947  loss_dice: 0.9584  loss_ce_0: 0.273  loss_mask_0: 0.08813  loss_dice_0: 1.129  loss_ce_1: 0.1405  loss_mask_1: 0.08345  loss_dice_1: 0.8426  loss_ce_2: 0.1617  loss_mask_2: 0.08072  loss_dice_2: 0.9113  loss_ce_3: 0.1086  loss_mask_3: 0.07913  loss_dice_3: 0.8593  loss_ce_4: 0.1052  loss_mask_4: 0.07502  loss_dice_4: 0.8462  loss_ce_5: 0.1004  loss_mask_5: 0.07322  loss_dice_5: 0.9518  loss_ce_6: 0.1062  loss_mask_6: 0.07412  loss_dice_6: 1.008  loss_ce_7: 0.0994  loss_mask_7: 0.07264  loss_dice_7: 0.9366  loss_ce_8: 0.092  loss_mask_8: 0.07389  loss_dice_8: 0.8416    time: 0.8116  last_time: 1.3393  data_time: 0.7243  last_data_time: 0.7243   lr: 1.8273e-05  max_mem: 12897M
[02/28 00:22:20 d2.utils.events]:  eta: 1:43:53  iter: 1919  total_loss: 12.01  loss_ce: 0.1014  loss_mask: 0.04094  loss_dice: 1.077  loss_ce_0: 0.2473  loss_mask_0: 0.04281  loss_dice_0: 1.113  loss_ce_1: 0.09572  loss_mask_1: 0.04428  loss_dice_1: 0.9114  loss_ce_2: 0.1256  loss_mask_2: 0.04361  loss_dice_2: 0.8797  loss_ce_3: 0.1002  loss_mask_3: 0.03844  loss_dice_3: 1.229  loss_ce_4: 0.05143  loss_mask_4: 0.03527  loss_dice_4: 1.001  loss_ce_5: 0.04497  loss_mask_5: 0.04615  loss_dice_5: 1.084  loss_ce_6: 0.04469  loss_mask_6: 0.04607  loss_dice_6: 1.286  loss_ce_7: 0.04332  loss_mask_7: 0.03663  loss_dice_7: 1.079  loss_ce_8: 0.0408  loss_mask_8: 0.04126  loss_dice_8: 1.035    time: 0.8120  last_time: 0.9283  data_time: 0.1771  last_data_time: 0.1771   lr: 1.8237e-05  max_mem: 12897M
[02/28 00:22:36 d2.utils.events]:  eta: 1:43:32  iter: 1939  total_loss: 14.28  loss_ce: 0.1021  loss_mask: 0.03735  loss_dice: 1.083  loss_ce_0: 0.3655  loss_mask_0: 0.05542  loss_dice_0: 1.262  loss_ce_1: 0.1898  loss_mask_1: 0.05103  loss_dice_1: 1.328  loss_ce_2: 0.154  loss_mask_2: 0.04406  loss_dice_2: 1.171  loss_ce_3: 0.118  loss_mask_3: 0.04089  loss_dice_3: 1.189  loss_ce_4: 0.1347  loss_mask_4: 0.04664  loss_dice_4: 1.283  loss_ce_5: 0.08604  loss_mask_5: 0.03949  loss_dice_5: 1.214  loss_ce_6: 0.141  loss_mask_6: 0.04575  loss_dice_6: 1.25  loss_ce_7: 0.09144  loss_mask_7: 0.04797  loss_dice_7: 1.244  loss_ce_8: 0.103  loss_mask_8: 0.04358  loss_dice_8: 1.322    time: 0.8118  last_time: 0.7953  data_time: 0.1766  last_data_time: 0.1766   lr: 1.8201e-05  max_mem: 12897M
[02/28 00:22:52 d2.utils.events]:  eta: 1:43:19  iter: 1959  total_loss: 16.15  loss_ce: 0.1641  loss_mask: 0.08143  loss_dice: 1.235  loss_ce_0: 0.4691  loss_mask_0: 0.1338  loss_dice_0: 1.383  loss_ce_1: 0.2015  loss_mask_1: 0.1049  loss_dice_1: 1.311  loss_ce_2: 0.1256  loss_mask_2: 0.1211  loss_dice_2: 1.407  loss_ce_3: 0.09499  loss_mask_3: 0.118  loss_dice_3: 1.282  loss_ce_4: 0.09796  loss_mask_4: 0.09807  loss_dice_4: 1.301  loss_ce_5: 0.1059  loss_mask_5: 0.1039  loss_dice_5: 1.337  loss_ce_6: 0.09782  loss_mask_6: 0.114  loss_dice_6: 1.399  loss_ce_7: 0.1424  loss_mask_7: 0.1105  loss_dice_7: 1.408  loss_ce_8: 0.2114  loss_mask_8: 0.09138  loss_dice_8: 1.297    time: 0.8117  last_time: 0.7912  data_time: 0.1565  last_data_time: 0.1565   lr: 1.8165e-05  max_mem: 12897M
[02/28 00:23:08 d2.utils.events]:  eta: 1:43:01  iter: 1979  total_loss: 11.4  loss_ce: 0.1257  loss_mask: 0.04541  loss_dice: 0.9031  loss_ce_0: 0.3277  loss_mask_0: 0.05963  loss_dice_0: 1.014  loss_ce_1: 0.1634  loss_mask_1: 0.05193  loss_dice_1: 0.8893  loss_ce_2: 0.1454  loss_mask_2: 0.0703  loss_dice_2: 1.029  loss_ce_3: 0.1526  loss_mask_3: 0.04596  loss_dice_3: 0.8114  loss_ce_4: 0.155  loss_mask_4: 0.05369  loss_dice_4: 0.9185  loss_ce_5: 0.1748  loss_mask_5: 0.04973  loss_dice_5: 0.9496  loss_ce_6: 0.1665  loss_mask_6: 0.0519  loss_dice_6: 0.8891  loss_ce_7: 0.1695  loss_mask_7: 0.04529  loss_dice_7: 0.8273  loss_ce_8: 0.1476  loss_mask_8: 0.05378  loss_dice_8: 0.9124    time: 0.8118  last_time: 0.7918  data_time: 0.1606  last_data_time: 0.1606   lr: 1.8129e-05  max_mem: 12897M
[02/28 00:23:26 d2.utils.events]:  eta: 1:42:41  iter: 1999  total_loss: 14.05  loss_ce: 0.1255  loss_mask: 0.05689  loss_dice: 1.185  loss_ce_0: 0.2995  loss_mask_0: 0.1021  loss_dice_0: 1.384  loss_ce_1: 0.1684  loss_mask_1: 0.05778  loss_dice_1: 1.108  loss_ce_2: 0.1177  loss_mask_2: 0.06024  loss_dice_2: 1.214  loss_ce_3: 0.1243  loss_mask_3: 0.06252  loss_dice_3: 1.225  loss_ce_4: 0.1201  loss_mask_4: 0.05646  loss_dice_4: 1.129  loss_ce_5: 0.1308  loss_mask_5: 0.06991  loss_dice_5: 1.255  loss_ce_6: 0.09744  loss_mask_6: 0.05793  loss_dice_6: 1.279  loss_ce_7: 0.1266  loss_mask_7: 0.06289  loss_dice_7: 1.141  loss_ce_8: 0.1355  loss_mask_8: 0.04881  loss_dice_8: 1.053    time: 0.8123  last_time: 0.7477  data_time: 0.1313  last_data_time: 0.1313   lr: 1.8092e-05  max_mem: 12897M
[02/28 00:23:42 d2.utils.events]:  eta: 1:42:26  iter: 2019  total_loss: 10.94  loss_ce: 0.08518  loss_mask: 0.04166  loss_dice: 1.063  loss_ce_0: 0.3772  loss_mask_0: 0.05199  loss_dice_0: 0.8934  loss_ce_1: 0.1713  loss_mask_1: 0.04556  loss_dice_1: 0.9152  loss_ce_2: 0.1108  loss_mask_2: 0.04188  loss_dice_2: 0.8466  loss_ce_3: 0.1077  loss_mask_3: 0.03884  loss_dice_3: 0.7669  loss_ce_4: 0.09336  loss_mask_4: 0.04353  loss_dice_4: 0.9703  loss_ce_5: 0.1882  loss_mask_5: 0.03802  loss_dice_5: 0.7992  loss_ce_6: 0.1019  loss_mask_6: 0.04591  loss_dice_6: 1.021  loss_ce_7: 0.08625  loss_mask_7: 0.04183  loss_dice_7: 0.9806  loss_ce_8: 0.0939  loss_mask_8: 0.03508  loss_dice_8: 0.8452    time: 0.8124  last_time: 0.7693  data_time: 0.1430  last_data_time: 0.1430   lr: 1.8055e-05  max_mem: 12897M
[02/28 00:23:59 d2.utils.events]:  eta: 1:42:13  iter: 2039  total_loss: 9.092  loss_ce: 0.02543  loss_mask: 0.04855  loss_dice: 0.6765  loss_ce_0: 0.2048  loss_mask_0: 0.07297  loss_dice_0: 1.081  loss_ce_1: 0.03214  loss_mask_1: 0.05583  loss_dice_1: 0.8544  loss_ce_2: 0.06117  loss_mask_2: 0.05996  loss_dice_2: 0.7363  loss_ce_3: 0.03072  loss_mask_3: 0.05117  loss_dice_3: 0.7296  loss_ce_4: 0.02756  loss_mask_4: 0.05257  loss_dice_4: 0.804  loss_ce_5: 0.02687  loss_mask_5: 0.05508  loss_dice_5: 0.9207  loss_ce_6: 0.027  loss_mask_6: 0.04969  loss_dice_6: 0.7737  loss_ce_7: 0.026  loss_mask_7: 0.05032  loss_dice_7: 0.7047  loss_ce_8: 0.02535  loss_mask_8: 0.05528  loss_dice_8: 0.7729    time: 0.8124  last_time: 0.7567  data_time: 0.1329  last_data_time: 0.1329   lr: 1.8018e-05  max_mem: 12897M
[02/28 00:24:15 d2.utils.events]:  eta: 1:41:56  iter: 2059  total_loss: 7.774  loss_ce: 0.0301  loss_mask: 0.06643  loss_dice: 0.604  loss_ce_0: 0.1823  loss_mask_0: 0.1351  loss_dice_0: 0.8092  loss_ce_1: 0.06478  loss_mask_1: 0.08678  loss_dice_1: 0.6342  loss_ce_2: 0.05148  loss_mask_2: 0.07066  loss_dice_2: 0.6041  loss_ce_3: 0.03135  loss_mask_3: 0.06897  loss_dice_3: 0.573  loss_ce_4: 0.0345  loss_mask_4: 0.07216  loss_dice_4: 0.6385  loss_ce_5: 0.03354  loss_mask_5: 0.06854  loss_dice_5: 0.7069  loss_ce_6: 0.031  loss_mask_6: 0.06367  loss_dice_6: 0.6428  loss_ce_7: 0.02959  loss_mask_7: 0.06769  loss_dice_7: 0.6424  loss_ce_8: 0.03046  loss_mask_8: 0.0632  loss_dice_8: 0.6363    time: 0.8124  last_time: 0.7645  data_time: 0.1385  last_data_time: 0.1385   lr: 1.798e-05  max_mem: 12897M
[02/28 00:24:32 d2.utils.events]:  eta: 1:41:41  iter: 2079  total_loss: 14.2  loss_ce: 0.09133  loss_mask: 0.05635  loss_dice: 1.19  loss_ce_0: 0.4044  loss_mask_0: 0.1117  loss_dice_0: 1.478  loss_ce_1: 0.1701  loss_mask_1: 0.0612  loss_dice_1: 1.109  loss_ce_2: 0.1196  loss_mask_2: 0.05271  loss_dice_2: 1.037  loss_ce_3: 0.09694  loss_mask_3: 0.05717  loss_dice_3: 1.151  loss_ce_4: 0.09877  loss_mask_4: 0.06482  loss_dice_4: 1.274  loss_ce_5: 0.1036  loss_mask_5: 0.05923  loss_dice_5: 1.292  loss_ce_6: 0.1418  loss_mask_6: 0.05946  loss_dice_6: 1.227  loss_ce_7: 0.09621  loss_mask_7: 0.05932  loss_dice_7: 1.157  loss_ce_8: 0.09461  loss_mask_8: 0.05837  loss_dice_8: 1.226    time: 0.8127  last_time: 0.8390  data_time: 0.2293  last_data_time: 0.2293   lr: 1.7942e-05  max_mem: 12897M
[02/28 00:24:51 d2.utils.events]:  eta: 1:41:27  iter: 2099  total_loss: 9.531  loss_ce: 0.1227  loss_mask: 0.05125  loss_dice: 0.9153  loss_ce_0: 0.2776  loss_mask_0: 0.08073  loss_dice_0: 1.017  loss_ce_1: 0.06153  loss_mask_1: 0.05951  loss_dice_1: 0.774  loss_ce_2: 0.05788  loss_mask_2: 0.05211  loss_dice_2: 0.6751  loss_ce_3: 0.05401  loss_mask_3: 0.05412  loss_dice_3: 0.8397  loss_ce_4: 0.05135  loss_mask_4: 0.05036  loss_dice_4: 0.7632  loss_ce_5: 0.05001  loss_mask_5: 0.04639  loss_dice_5: 0.7585  loss_ce_6: 0.05375  loss_mask_6: 0.04553  loss_dice_6: 0.7968  loss_ce_7: 0.1045  loss_mask_7: 0.04778  loss_dice_7: 0.7675  loss_ce_8: 0.05161  loss_mask_8: 0.05385  loss_dice_8: 0.7971    time: 0.8137  last_time: 0.7404  data_time: 0.1318  last_data_time: 0.1318   lr: 1.7903e-05  max_mem: 12897M
[02/28 00:25:07 d2.utils.events]:  eta: 1:41:13  iter: 2119  total_loss: 12.13  loss_ce: 0.1105  loss_mask: 0.04575  loss_dice: 0.8545  loss_ce_0: 0.526  loss_mask_0: 0.07915  loss_dice_0: 1.31  loss_ce_1: 0.1411  loss_mask_1: 0.05714  loss_dice_1: 1.043  loss_ce_2: 0.1483  loss_mask_2: 0.04867  loss_dice_2: 0.9913  loss_ce_3: 0.1254  loss_mask_3: 0.04401  loss_dice_3: 0.8992  loss_ce_4: 0.1111  loss_mask_4: 0.0485  loss_dice_4: 0.9118  loss_ce_5: 0.1068  loss_mask_5: 0.04717  loss_dice_5: 0.9003  loss_ce_6: 0.1024  loss_mask_6: 0.04542  loss_dice_6: 0.8514  loss_ce_7: 0.09354  loss_mask_7: 0.05406  loss_dice_7: 1.191  loss_ce_8: 0.1222  loss_mask_8: 0.04988  loss_dice_8: 1.07    time: 0.8136  last_time: 0.8054  data_time: 0.1949  last_data_time: 0.1949   lr: 1.7865e-05  max_mem: 12897M
[02/28 00:25:23 d2.utils.events]:  eta: 1:41:05  iter: 2139  total_loss: 13.77  loss_ce: 0.08325  loss_mask: 0.06414  loss_dice: 1.052  loss_ce_0: 0.4207  loss_mask_0: 0.1865  loss_dice_0: 1.293  loss_ce_1: 0.1636  loss_mask_1: 0.1132  loss_dice_1: 1.263  loss_ce_2: 0.1723  loss_mask_2: 0.0661  loss_dice_2: 1.119  loss_ce_3: 0.1541  loss_mask_3: 0.06401  loss_dice_3: 1.013  loss_ce_4: 0.1263  loss_mask_4: 0.06433  loss_dice_4: 1.259  loss_ce_5: 0.1106  loss_mask_5: 0.0613  loss_dice_5: 1.194  loss_ce_6: 0.1674  loss_mask_6: 0.06515  loss_dice_6: 1.132  loss_ce_7: 0.08402  loss_mask_7: 0.06204  loss_dice_7: 0.9736  loss_ce_8: 0.1038  loss_mask_8: 0.05859  loss_dice_8: 1.081    time: 0.8136  last_time: 0.7509  data_time: 0.0972  last_data_time: 0.0972   lr: 1.7826e-05  max_mem: 12897M
[02/28 00:25:41 d2.utils.events]:  eta: 1:40:49  iter: 2159  total_loss: 15.34  loss_ce: 0.1448  loss_mask: 0.09719  loss_dice: 1.214  loss_ce_0: 0.46  loss_mask_0: 0.142  loss_dice_0: 1.343  loss_ce_1: 0.1657  loss_mask_1: 0.0991  loss_dice_1: 1.27  loss_ce_2: 0.1944  loss_mask_2: 0.116  loss_dice_2: 1.28  loss_ce_3: 0.1728  loss_mask_3: 0.09643  loss_dice_3: 1.183  loss_ce_4: 0.1673  loss_mask_4: 0.095  loss_dice_4: 1.175  loss_ce_5: 0.1444  loss_mask_5: 0.09466  loss_dice_5: 1.197  loss_ce_6: 0.1792  loss_mask_6: 0.1091  loss_dice_6: 1.233  loss_ce_7: 0.1573  loss_mask_7: 0.0962  loss_dice_7: 1.23  loss_ce_8: 0.1444  loss_mask_8: 0.1027  loss_dice_8: 1.237    time: 0.8140  last_time: 0.7274  data_time: 0.0916  last_data_time: 0.0916   lr: 1.7787e-05  max_mem: 12897M
[02/28 00:25:58 d2.utils.events]:  eta: 1:40:34  iter: 2179  total_loss: 14.89  loss_ce: 0.1716  loss_mask: 0.05188  loss_dice: 1.199  loss_ce_0: 0.383  loss_mask_0: 0.08176  loss_dice_0: 1.373  loss_ce_1: 0.2352  loss_mask_1: 0.05551  loss_dice_1: 1.081  loss_ce_2: 0.2401  loss_mask_2: 0.05496  loss_dice_2: 1.312  loss_ce_3: 0.2107  loss_mask_3: 0.05717  loss_dice_3: 1.123  loss_ce_4: 0.129  loss_mask_4: 0.06558  loss_dice_4: 1.345  loss_ce_5: 0.1732  loss_mask_5: 0.0595  loss_dice_5: 1.104  loss_ce_6: 0.1578  loss_mask_6: 0.05961  loss_dice_6: 1.456  loss_ce_7: 0.1417  loss_mask_7: 0.05553  loss_dice_7: 1.07  loss_ce_8: 0.1673  loss_mask_8: 0.05584  loss_dice_8: 1.215    time: 0.8143  last_time: 0.7963  data_time: 0.1654  last_data_time: 0.1654   lr: 1.7747e-05  max_mem: 12897M
[02/28 00:26:15 d2.utils.events]:  eta: 1:40:14  iter: 2199  total_loss: 8.83  loss_ce: 0.1085  loss_mask: 0.04139  loss_dice: 0.6619  loss_ce_0: 0.3377  loss_mask_0: 0.05212  loss_dice_0: 0.6813  loss_ce_1: 0.1654  loss_mask_1: 0.04296  loss_dice_1: 0.8056  loss_ce_2: 0.1723  loss_mask_2: 0.04944  loss_dice_2: 0.7175  loss_ce_3: 0.1436  loss_mask_3: 0.04199  loss_dice_3: 0.6267  loss_ce_4: 0.1224  loss_mask_4: 0.04081  loss_dice_4: 0.673  loss_ce_5: 0.1026  loss_mask_5: 0.03702  loss_dice_5: 0.6925  loss_ce_6: 0.09987  loss_mask_6: 0.0401  loss_dice_6: 0.7301  loss_ce_7: 0.1354  loss_mask_7: 0.035  loss_dice_7: 0.6014  loss_ce_8: 0.1401  loss_mask_8: 0.03779  loss_dice_8: 0.6938    time: 0.8146  last_time: 1.1687  data_time: 0.5578  last_data_time: 0.5578   lr: 1.7707e-05  max_mem: 12897M
[02/28 00:26:32 d2.utils.events]:  eta: 1:40:03  iter: 2219  total_loss: 14.08  loss_ce: 0.09793  loss_mask: 0.05161  loss_dice: 1.191  loss_ce_0: 0.4108  loss_mask_0: 0.0734  loss_dice_0: 1.401  loss_ce_1: 0.2465  loss_mask_1: 0.07198  loss_dice_1: 1.239  loss_ce_2: 0.1501  loss_mask_2: 0.06047  loss_dice_2: 1.209  loss_ce_3: 0.1079  loss_mask_3: 0.05599  loss_dice_3: 0.9913  loss_ce_4: 0.09552  loss_mask_4: 0.04885  loss_dice_4: 1.398  loss_ce_5: 0.08996  loss_mask_5: 0.0463  loss_dice_5: 1.05  loss_ce_6: 0.1594  loss_mask_6: 0.0492  loss_dice_6: 1.024  loss_ce_7: 0.1287  loss_mask_7: 0.05392  loss_dice_7: 1.283  loss_ce_8: 0.1335  loss_mask_8: 0.04736  loss_dice_8: 1.113    time: 0.8149  last_time: 0.8106  data_time: 0.1718  last_data_time: 0.1718   lr: 1.7667e-05  max_mem: 12897M
[02/28 00:26:49 d2.utils.events]:  eta: 1:39:53  iter: 2239  total_loss: 9.837  loss_ce: 0.05971  loss_mask: 0.04851  loss_dice: 0.8929  loss_ce_0: 0.1862  loss_mask_0: 0.06486  loss_dice_0: 1.043  loss_ce_1: 0.09152  loss_mask_1: 0.05155  loss_dice_1: 0.6192  loss_ce_2: 0.08459  loss_mask_2: 0.04594  loss_dice_2: 0.7964  loss_ce_3: 0.07778  loss_mask_3: 0.05217  loss_dice_3: 0.7429  loss_ce_4: 0.05632  loss_mask_4: 0.04969  loss_dice_4: 0.7851  loss_ce_5: 0.05823  loss_mask_5: 0.05312  loss_dice_5: 0.9121  loss_ce_6: 0.05324  loss_mask_6: 0.0446  loss_dice_6: 0.8625  loss_ce_7: 0.05113  loss_mask_7: 0.04723  loss_dice_7: 0.8421  loss_ce_8: 0.06404  loss_mask_8: 0.05619  loss_dice_8: 1.044    time: 0.8151  last_time: 0.8083  data_time: 0.1863  last_data_time: 0.1863   lr: 1.7626e-05  max_mem: 12897M
[02/28 00:27:05 d2.utils.events]:  eta: 1:39:40  iter: 2259  total_loss: 17.35  loss_ce: 0.2135  loss_mask: 0.05019  loss_dice: 1.466  loss_ce_0: 0.3379  loss_mask_0: 0.0586  loss_dice_0: 1.269  loss_ce_1: 0.3154  loss_mask_1: 0.06108  loss_dice_1: 1.591  loss_ce_2: 0.3358  loss_mask_2: 0.04976  loss_dice_2: 1.459  loss_ce_3: 0.2619  loss_mask_3: 0.04846  loss_dice_3: 1.196  loss_ce_4: 0.2905  loss_mask_4: 0.04564  loss_dice_4: 1.356  loss_ce_5: 0.3125  loss_mask_5: 0.05366  loss_dice_5: 1.672  loss_ce_6: 0.2875  loss_mask_6: 0.04762  loss_dice_6: 1.246  loss_ce_7: 0.2164  loss_mask_7: 0.04411  loss_dice_7: 1.399  loss_ce_8: 0.2152  loss_mask_8: 0.05032  loss_dice_8: 1.398    time: 0.8149  last_time: 0.8647  data_time: 0.2363  last_data_time: 0.2363   lr: 1.7586e-05  max_mem: 12897M
[02/28 00:27:21 d2.utils.events]:  eta: 1:39:31  iter: 2279  total_loss: 13.37  loss_ce: 0.1431  loss_mask: 0.07215  loss_dice: 0.9825  loss_ce_0: 0.485  loss_mask_0: 0.08646  loss_dice_0: 1.269  loss_ce_1: 0.2105  loss_mask_1: 0.08379  loss_dice_1: 1.256  loss_ce_2: 0.1656  loss_mask_2: 0.08029  loss_dice_2: 1.072  loss_ce_3: 0.1235  loss_mask_3: 0.06437  loss_dice_3: 1.05  loss_ce_4: 0.1181  loss_mask_4: 0.06635  loss_dice_4: 1.015  loss_ce_5: 0.1293  loss_mask_5: 0.06391  loss_dice_5: 1.124  loss_ce_6: 0.1441  loss_mask_6: 0.06013  loss_dice_6: 0.9927  loss_ce_7: 0.157  loss_mask_7: 0.06324  loss_dice_7: 1.043  loss_ce_8: 0.1267  loss_mask_8: 0.07471  loss_dice_8: 1.048    time: 0.8149  last_time: 0.7361  data_time: 0.1267  last_data_time: 0.1267   lr: 1.7545e-05  max_mem: 12897M
[02/28 00:27:37 d2.utils.events]:  eta: 1:39:17  iter: 2299  total_loss: 12.61  loss_ce: 0.1292  loss_mask: 0.0307  loss_dice: 0.9294  loss_ce_0: 0.3768  loss_mask_0: 0.04881  loss_dice_0: 1.15  loss_ce_1: 0.2162  loss_mask_1: 0.03827  loss_dice_1: 1.02  loss_ce_2: 0.1683  loss_mask_2: 0.0412  loss_dice_2: 1.073  loss_ce_3: 0.1766  loss_mask_3: 0.03958  loss_dice_3: 1.08  loss_ce_4: 0.1428  loss_mask_4: 0.03993  loss_dice_4: 1.049  loss_ce_5: 0.1628  loss_mask_5: 0.03358  loss_dice_5: 0.9021  loss_ce_6: 0.1268  loss_mask_6: 0.03485  loss_dice_6: 1.095  loss_ce_7: 0.1281  loss_mask_7: 0.03431  loss_dice_7: 0.9496  loss_ce_8: 0.1222  loss_mask_8: 0.04497  loss_dice_8: 1.225    time: 0.8148  last_time: 0.7612  data_time: 0.1421  last_data_time: 0.1421   lr: 1.7503e-05  max_mem: 12897M
[02/28 00:27:55 d2.utils.events]:  eta: 1:39:04  iter: 2319  total_loss: 9.746  loss_ce: 0.0518  loss_mask: 0.0265  loss_dice: 0.8185  loss_ce_0: 0.2966  loss_mask_0: 0.04212  loss_dice_0: 0.9115  loss_ce_1: 0.0783  loss_mask_1: 0.03317  loss_dice_1: 1.014  loss_ce_2: 0.05519  loss_mask_2: 0.03276  loss_dice_2: 0.7885  loss_ce_3: 0.13  loss_mask_3: 0.02592  loss_dice_3: 0.7938  loss_ce_4: 0.04887  loss_mask_4: 0.02794  loss_dice_4: 0.989  loss_ce_5: 0.05278  loss_mask_5: 0.02587  loss_dice_5: 0.7883  loss_ce_6: 0.09755  loss_mask_6: 0.03043  loss_dice_6: 0.7893  loss_ce_7: 0.05032  loss_mask_7: 0.02745  loss_dice_7: 0.825  loss_ce_8: 0.05418  loss_mask_8: 0.02836  loss_dice_8: 0.812    time: 0.8151  last_time: 0.8137  data_time: 0.1968  last_data_time: 0.1968   lr: 1.7462e-05  max_mem: 12897M
[02/28 00:28:11 d2.utils.events]:  eta: 1:38:48  iter: 2339  total_loss: 10.55  loss_ce: 0.09908  loss_mask: 0.0766  loss_dice: 0.8862  loss_ce_0: 0.287  loss_mask_0: 0.1043  loss_dice_0: 0.9042  loss_ce_1: 0.1863  loss_mask_1: 0.07424  loss_dice_1: 0.7793  loss_ce_2: 0.1064  loss_mask_2: 0.06852  loss_dice_2: 0.8457  loss_ce_3: 0.09251  loss_mask_3: 0.06377  loss_dice_3: 0.7851  loss_ce_4: 0.09602  loss_mask_4: 0.06408  loss_dice_4: 0.8693  loss_ce_5: 0.1057  loss_mask_5: 0.06961  loss_dice_5: 0.9178  loss_ce_6: 0.07664  loss_mask_6: 0.07288  loss_dice_6: 0.9321  loss_ce_7: 0.07803  loss_mask_7: 0.06826  loss_dice_7: 0.8813  loss_ce_8: 0.07647  loss_mask_8: 0.07233  loss_dice_8: 0.8056    time: 0.8150  last_time: 0.7420  data_time: 0.1281  last_data_time: 0.1281   lr: 1.742e-05  max_mem: 12897M
[02/28 00:28:27 d2.utils.events]:  eta: 1:38:31  iter: 2359  total_loss: 10.48  loss_ce: 0.03974  loss_mask: 0.06386  loss_dice: 0.9184  loss_ce_0: 0.3889  loss_mask_0: 0.08296  loss_dice_0: 0.9206  loss_ce_1: 0.0926  loss_mask_1: 0.06747  loss_dice_1: 0.9859  loss_ce_2: 0.08157  loss_mask_2: 0.06681  loss_dice_2: 1.098  loss_ce_3: 0.05633  loss_mask_3: 0.0571  loss_dice_3: 0.8035  loss_ce_4: 0.04665  loss_mask_4: 0.05932  loss_dice_4: 0.8815  loss_ce_5: 0.0361  loss_mask_5: 0.05979  loss_dice_5: 0.8887  loss_ce_6: 0.03922  loss_mask_6: 0.05436  loss_dice_6: 0.8167  loss_ce_7: 0.04024  loss_mask_7: 0.05146  loss_dice_7: 0.7849  loss_ce_8: 0.03781  loss_mask_8: 0.06365  loss_dice_8: 0.8918    time: 0.8149  last_time: 0.8871  data_time: 0.2786  last_data_time: 0.2786   lr: 1.7377e-05  max_mem: 12897M
[02/28 00:28:43 d2.utils.events]:  eta: 1:38:15  iter: 2379  total_loss: 12.74  loss_ce: 0.08538  loss_mask: 0.04686  loss_dice: 1.127  loss_ce_0: 0.182  loss_mask_0: 0.05508  loss_dice_0: 1.206  loss_ce_1: 0.07554  loss_mask_1: 0.04197  loss_dice_1: 1.117  loss_ce_2: 0.08829  loss_mask_2: 0.04645  loss_dice_2: 1.132  loss_ce_3: 0.1119  loss_mask_3: 0.04515  loss_dice_3: 1.109  loss_ce_4: 0.08642  loss_mask_4: 0.04875  loss_dice_4: 1.084  loss_ce_5: 0.09617  loss_mask_5: 0.04565  loss_dice_5: 1.155  loss_ce_6: 0.08385  loss_mask_6: 0.04575  loss_dice_6: 1.055  loss_ce_7: 0.08072  loss_mask_7: 0.04376  loss_dice_7: 1.231  loss_ce_8: 0.09087  loss_mask_8: 0.04003  loss_dice_8: 1.085    time: 0.8149  last_time: 0.8262  data_time: 0.2160  last_data_time: 0.2160   lr: 1.7335e-05  max_mem: 12897M
[02/28 00:28:59 d2.utils.events]:  eta: 1:38:02  iter: 2399  total_loss: 13.11  loss_ce: 0.1057  loss_mask: 0.07061  loss_dice: 1.216  loss_ce_0: 0.2849  loss_mask_0: 0.1027  loss_dice_0: 1.38  loss_ce_1: 0.1485  loss_mask_1: 0.0649  loss_dice_1: 1.002  loss_ce_2: 0.1074  loss_mask_2: 0.05567  loss_dice_2: 1.053  loss_ce_3: 0.08162  loss_mask_3: 0.06588  loss_dice_3: 1.137  loss_ce_4: 0.09878  loss_mask_4: 0.06782  loss_dice_4: 1.087  loss_ce_5: 0.1121  loss_mask_5: 0.0748  loss_dice_5: 1.121  loss_ce_6: 0.07794  loss_mask_6: 0.06552  loss_dice_6: 1.098  loss_ce_7: 0.1  loss_mask_7: 0.06955  loss_dice_7: 1.072  loss_ce_8: 0.0767  loss_mask_8: 0.06472  loss_dice_8: 1.049    time: 0.8147  last_time: 0.7356  data_time: 0.1273  last_data_time: 0.1273   lr: 1.7292e-05  max_mem: 12897M
[02/28 00:29:15 d2.utils.events]:  eta: 1:37:41  iter: 2419  total_loss: 8.973  loss_ce: 0.04481  loss_mask: 0.03108  loss_dice: 0.7534  loss_ce_0: 0.3104  loss_mask_0: 0.0446  loss_dice_0: 0.7941  loss_ce_1: 0.0685  loss_mask_1: 0.0376  loss_dice_1: 0.7102  loss_ce_2: 0.06418  loss_mask_2: 0.04447  loss_dice_2: 0.7405  loss_ce_3: 0.05274  loss_mask_3: 0.03528  loss_dice_3: 0.8416  loss_ce_4: 0.047  loss_mask_4: 0.03579  loss_dice_4: 0.7379  loss_ce_5: 0.07706  loss_mask_5: 0.03586  loss_dice_5: 0.915  loss_ce_6: 0.04033  loss_mask_6: 0.03475  loss_dice_6: 0.8408  loss_ce_7: 0.04518  loss_mask_7: 0.03058  loss_dice_7: 0.6846  loss_ce_8: 0.04519  loss_mask_8: 0.03806  loss_dice_8: 0.7913    time: 0.8146  last_time: 0.7636  data_time: 0.1535  last_data_time: 0.1535   lr: 1.7249e-05  max_mem: 12897M
[02/28 00:29:32 d2.utils.events]:  eta: 1:37:23  iter: 2439  total_loss: 11.47  loss_ce: 0.05636  loss_mask: 0.05475  loss_dice: 0.9451  loss_ce_0: 0.3547  loss_mask_0: 0.06329  loss_dice_0: 1.034  loss_ce_1: 0.1367  loss_mask_1: 0.0584  loss_dice_1: 1.056  loss_ce_2: 0.1612  loss_mask_2: 0.06542  loss_dice_2: 0.9015  loss_ce_3: 0.0645  loss_mask_3: 0.06284  loss_dice_3: 0.9284  loss_ce_4: 0.06756  loss_mask_4: 0.06886  loss_dice_4: 1.076  loss_ce_5: 0.05336  loss_mask_5: 0.0671  loss_dice_5: 1.042  loss_ce_6: 0.05403  loss_mask_6: 0.06194  loss_dice_6: 0.917  loss_ce_7: 0.05427  loss_mask_7: 0.05518  loss_dice_7: 0.9028  loss_ce_8: 0.05371  loss_mask_8: 0.05951  loss_dice_8: 0.9956    time: 0.8144  last_time: 0.9596  data_time: 0.3262  last_data_time: 0.3262   lr: 1.7205e-05  max_mem: 12897M
[02/28 00:29:48 d2.utils.events]:  eta: 1:37:01  iter: 2459  total_loss: 7.436  loss_ce: 0.1156  loss_mask: 0.03539  loss_dice: 0.4594  loss_ce_0: 0.2516  loss_mask_0: 0.08067  loss_dice_0: 0.8968  loss_ce_1: 0.1208  loss_mask_1: 0.04856  loss_dice_1: 0.5466  loss_ce_2: 0.108  loss_mask_2: 0.04241  loss_dice_2: 0.5366  loss_ce_3: 0.1126  loss_mask_3: 0.04349  loss_dice_3: 0.5224  loss_ce_4: 0.1169  loss_mask_4: 0.04147  loss_dice_4: 0.5602  loss_ce_5: 0.1089  loss_mask_5: 0.04268  loss_dice_5: 0.5672  loss_ce_6: 0.1249  loss_mask_6: 0.04076  loss_dice_6: 0.5445  loss_ce_7: 0.1179  loss_mask_7: 0.04199  loss_dice_7: 0.5612  loss_ce_8: 0.123  loss_mask_8: 0.03957  loss_dice_8: 0.4839    time: 0.8145  last_time: 0.7553  data_time: 0.1405  last_data_time: 0.1405   lr: 1.7162e-05  max_mem: 12897M
[02/28 00:30:05 d2.utils.events]:  eta: 1:36:50  iter: 2479  total_loss: 13.81  loss_ce: 0.1756  loss_mask: 0.04606  loss_dice: 1.189  loss_ce_0: 0.2924  loss_mask_0: 0.07622  loss_dice_0: 1.428  loss_ce_1: 0.1943  loss_mask_1: 0.0613  loss_dice_1: 1.368  loss_ce_2: 0.1331  loss_mask_2: 0.0586  loss_dice_2: 1.249  loss_ce_3: 0.1316  loss_mask_3: 0.04683  loss_dice_3: 1.075  loss_ce_4: 0.1736  loss_mask_4: 0.04242  loss_dice_4: 1.01  loss_ce_5: 0.1291  loss_mask_5: 0.04089  loss_dice_5: 0.9293  loss_ce_6: 0.1809  loss_mask_6: 0.05217  loss_dice_6: 1.19  loss_ce_7: 0.1308  loss_mask_7: 0.04235  loss_dice_7: 1.001  loss_ce_8: 0.1597  loss_mask_8: 0.0481  loss_dice_8: 1.152    time: 0.8145  last_time: 0.7620  data_time: 0.1353  last_data_time: 0.1353   lr: 1.7118e-05  max_mem: 12897M
[02/28 00:30:21 d2.utils.events]:  eta: 1:36:43  iter: 2499  total_loss: 10.48  loss_ce: 0.0403  loss_mask: 0.04378  loss_dice: 0.9542  loss_ce_0: 0.305  loss_mask_0: 0.072  loss_dice_0: 1.211  loss_ce_1: 0.1112  loss_mask_1: 0.04159  loss_dice_1: 0.773  loss_ce_2: 0.06234  loss_mask_2: 0.04078  loss_dice_2: 0.8187  loss_ce_3: 0.05004  loss_mask_3: 0.04655  loss_dice_3: 0.9215  loss_ce_4: 0.05585  loss_mask_4: 0.05023  loss_dice_4: 0.8127  loss_ce_5: 0.04119  loss_mask_5: 0.06388  loss_dice_5: 0.8648  loss_ce_6: 0.04088  loss_mask_6: 0.04443  loss_dice_6: 1.007  loss_ce_7: 0.08099  loss_mask_7: 0.04898  loss_dice_7: 0.8001  loss_ce_8: 0.03861  loss_mask_8: 0.04741  loss_dice_8: 0.9955    time: 0.8145  last_time: 0.7852  data_time: 0.1411  last_data_time: 0.1411   lr: 1.7073e-05  max_mem: 12897M
[02/28 00:30:37 d2.utils.events]:  eta: 1:36:22  iter: 2519  total_loss: 9.921  loss_ce: 0.05807  loss_mask: 0.03344  loss_dice: 0.8115  loss_ce_0: 0.3087  loss_mask_0: 0.06264  loss_dice_0: 0.8688  loss_ce_1: 0.0804  loss_mask_1: 0.05012  loss_dice_1: 1.042  loss_ce_2: 0.1256  loss_mask_2: 0.03578  loss_dice_2: 0.6847  loss_ce_3: 0.07515  loss_mask_3: 0.04302  loss_dice_3: 0.9326  loss_ce_4: 0.05589  loss_mask_4: 0.04  loss_dice_4: 0.9152  loss_ce_5: 0.05188  loss_mask_5: 0.03984  loss_dice_5: 0.8364  loss_ce_6: 0.1177  loss_mask_6: 0.03517  loss_dice_6: 0.7369  loss_ce_7: 0.1238  loss_mask_7: 0.03772  loss_dice_7: 0.8393  loss_ce_8: 0.05443  loss_mask_8: 0.03465  loss_dice_8: 0.7891    time: 0.8145  last_time: 0.7487  data_time: 0.1249  last_data_time: 0.1249   lr: 1.7029e-05  max_mem: 12897M
[02/28 00:30:55 d2.utils.events]:  eta: 1:36:10  iter: 2539  total_loss: 10.59  loss_ce: 0.03519  loss_mask: 0.0699  loss_dice: 0.886  loss_ce_0: 0.2757  loss_mask_0: 0.1096  loss_dice_0: 1.05  loss_ce_1: 0.1208  loss_mask_1: 0.08213  loss_dice_1: 0.9572  loss_ce_2: 0.04618  loss_mask_2: 0.06857  loss_dice_2: 0.827  loss_ce_3: 0.04815  loss_mask_3: 0.07009  loss_dice_3: 0.823  loss_ce_4: 0.03649  loss_mask_4: 0.07304  loss_dice_4: 0.9975  loss_ce_5: 0.03426  loss_mask_5: 0.07413  loss_dice_5: 0.8667  loss_ce_6: 0.03546  loss_mask_6: 0.06946  loss_dice_6: 0.8943  loss_ce_7: 0.03556  loss_mask_7: 0.07261  loss_dice_7: 0.9637  loss_ce_8: 0.03519  loss_mask_8: 0.07359  loss_dice_8: 0.8584    time: 0.8149  last_time: 0.8181  data_time: 0.2091  last_data_time: 0.2091   lr: 1.6984e-05  max_mem: 12897M
[02/28 00:31:10 d2.utils.events]:  eta: 1:35:49  iter: 2559  total_loss: 11.85  loss_ce: 0.07929  loss_mask: 0.03207  loss_dice: 1.033  loss_ce_0: 0.4361  loss_mask_0: 0.03008  loss_dice_0: 1.118  loss_ce_1: 0.172  loss_mask_1: 0.02659  loss_dice_1: 0.846  loss_ce_2: 0.1353  loss_mask_2: 0.04085  loss_dice_2: 1.197  loss_ce_3: 0.08154  loss_mask_3: 0.03111  loss_dice_3: 0.9768  loss_ce_4: 0.1451  loss_mask_4: 0.03166  loss_dice_4: 0.997  loss_ce_5: 0.07398  loss_mask_5: 0.03052  loss_dice_5: 1.058  loss_ce_6: 0.0746  loss_mask_6: 0.0278  loss_dice_6: 1.023  loss_ce_7: 0.0797  loss_mask_7: 0.02536  loss_dice_7: 0.9865  loss_ce_8: 0.07423  loss_mask_8: 0.02741  loss_dice_8: 0.957    time: 0.8144  last_time: 0.8426  data_time: 0.1429  last_data_time: 0.1429   lr: 1.6939e-05  max_mem: 12897M
[02/28 00:31:27 d2.utils.events]:  eta: 1:35:35  iter: 2579  total_loss: 10.94  loss_ce: 0.1209  loss_mask: 0.02779  loss_dice: 0.8527  loss_ce_0: 0.3866  loss_mask_0: 0.04239  loss_dice_0: 1.093  loss_ce_1: 0.131  loss_mask_1: 0.03242  loss_dice_1: 0.8582  loss_ce_2: 0.1664  loss_mask_2: 0.02872  loss_dice_2: 0.917  loss_ce_3: 0.07885  loss_mask_3: 0.03434  loss_dice_3: 0.9741  loss_ce_4: 0.09087  loss_mask_4: 0.03052  loss_dice_4: 0.8658  loss_ce_5: 0.09132  loss_mask_5: 0.0317  loss_dice_5: 0.8881  loss_ce_6: 0.077  loss_mask_6: 0.03445  loss_dice_6: 0.9514  loss_ce_7: 0.07833  loss_mask_7: 0.02821  loss_dice_7: 0.922  loss_ce_8: 0.08438  loss_mask_8: 0.03713  loss_dice_8: 0.9859    time: 0.8147  last_time: 0.7339  data_time: 0.1124  last_data_time: 0.1124   lr: 1.6893e-05  max_mem: 12897M
[02/28 00:31:44 d2.utils.events]:  eta: 1:35:18  iter: 2599  total_loss: 12.24  loss_ce: 0.07335  loss_mask: 0.04961  loss_dice: 0.9927  loss_ce_0: 0.503  loss_mask_0: 0.07602  loss_dice_0: 1.134  loss_ce_1: 0.1895  loss_mask_1: 0.06734  loss_dice_1: 1.06  loss_ce_2: 0.1132  loss_mask_2: 0.05372  loss_dice_2: 1.056  loss_ce_3: 0.1176  loss_mask_3: 0.05402  loss_dice_3: 1.029  loss_ce_4: 0.1105  loss_mask_4: 0.05885  loss_dice_4: 0.9793  loss_ce_5: 0.06685  loss_mask_5: 0.05456  loss_dice_5: 0.9797  loss_ce_6: 0.1054  loss_mask_6: 0.05298  loss_dice_6: 0.8993  loss_ce_7: 0.1332  loss_mask_7: 0.05604  loss_dice_7: 1.038  loss_ce_8: 0.05614  loss_mask_8: 0.05418  loss_dice_8: 1.03    time: 0.8148  last_time: 0.7744  data_time: 0.1415  last_data_time: 0.1415   lr: 1.6848e-05  max_mem: 12897M
[02/28 00:32:00 d2.utils.events]:  eta: 1:35:04  iter: 2619  total_loss: 15.33  loss_ce: 0.1713  loss_mask: 0.09126  loss_dice: 1.057  loss_ce_0: 0.5594  loss_mask_0: 0.1316  loss_dice_0: 1.419  loss_ce_1: 0.3247  loss_mask_1: 0.1278  loss_dice_1: 1.238  loss_ce_2: 0.1529  loss_mask_2: 0.1275  loss_dice_2: 1.272  loss_ce_3: 0.1817  loss_mask_3: 0.1184  loss_dice_3: 1.208  loss_ce_4: 0.1612  loss_mask_4: 0.1316  loss_dice_4: 1.23  loss_ce_5: 0.1887  loss_mask_5: 0.1004  loss_dice_5: 1.118  loss_ce_6: 0.1695  loss_mask_6: 0.08415  loss_dice_6: 1.072  loss_ce_7: 0.1319  loss_mask_7: 0.1035  loss_dice_7: 1.157  loss_ce_8: 0.1548  loss_mask_8: 0.107  loss_dice_8: 1.237    time: 0.8148  last_time: 0.7516  data_time: 0.1054  last_data_time: 0.1054   lr: 1.6802e-05  max_mem: 12897M
[02/28 00:32:18 d2.utils.events]:  eta: 1:35:02  iter: 2639  total_loss: 9.155  loss_ce: 0.06606  loss_mask: 0.03579  loss_dice: 0.6275  loss_ce_0: 0.1872  loss_mask_0: 0.06046  loss_dice_0: 0.9963  loss_ce_1: 0.139  loss_mask_1: 0.04082  loss_dice_1: 0.7684  loss_ce_2: 0.09896  loss_mask_2: 0.04921  loss_dice_2: 0.7517  loss_ce_3: 0.08455  loss_mask_3: 0.03974  loss_dice_3: 0.7853  loss_ce_4: 0.06668  loss_mask_4: 0.04446  loss_dice_4: 0.8676  loss_ce_5: 0.06589  loss_mask_5: 0.04014  loss_dice_5: 0.793  loss_ce_6: 0.0697  loss_mask_6: 0.03512  loss_dice_6: 0.7149  loss_ce_7: 0.06946  loss_mask_7: 0.03335  loss_dice_7: 0.7441  loss_ce_8: 0.06381  loss_mask_8: 0.03696  loss_dice_8: 0.7787    time: 0.8152  last_time: 0.8226  data_time: 0.1857  last_data_time: 0.1857   lr: 1.6756e-05  max_mem: 12897M
[02/28 00:32:33 d2.utils.events]:  eta: 1:34:39  iter: 2659  total_loss: 8.25  loss_ce: 0.05664  loss_mask: 0.04473  loss_dice: 0.7246  loss_ce_0: 0.3995  loss_mask_0: 0.07861  loss_dice_0: 0.7999  loss_ce_1: 0.1129  loss_mask_1: 0.04487  loss_dice_1: 0.7044  loss_ce_2: 0.1398  loss_mask_2: 0.04604  loss_dice_2: 0.5807  loss_ce_3: 0.1149  loss_mask_3: 0.05081  loss_dice_3: 0.683  loss_ce_4: 0.08204  loss_mask_4: 0.04753  loss_dice_4: 0.6463  loss_ce_5: 0.07142  loss_mask_5: 0.04826  loss_dice_5: 0.6187  loss_ce_6: 0.07032  loss_mask_6: 0.04488  loss_dice_6: 0.6111  loss_ce_7: 0.07213  loss_mask_7: 0.0497  loss_dice_7: 0.5976  loss_ce_8: 0.0663  loss_mask_8: 0.04229  loss_dice_8: 0.5999    time: 0.8149  last_time: 0.7619  data_time: 0.1493  last_data_time: 0.1493   lr: 1.6709e-05  max_mem: 12897M
[02/28 00:32:50 d2.utils.events]:  eta: 1:34:24  iter: 2679  total_loss: 12.83  loss_ce: 0.07414  loss_mask: 0.05054  loss_dice: 1.011  loss_ce_0: 0.4019  loss_mask_0: 0.05486  loss_dice_0: 1.079  loss_ce_1: 0.3446  loss_mask_1: 0.04902  loss_dice_1: 1.251  loss_ce_2: 0.1017  loss_mask_2: 0.06524  loss_dice_2: 1.205  loss_ce_3: 0.08569  loss_mask_3: 0.05867  loss_dice_3: 0.9517  loss_ce_4: 0.1407  loss_mask_4: 0.05772  loss_dice_4: 1.089  loss_ce_5: 0.06765  loss_mask_5: 0.05548  loss_dice_5: 1.12  loss_ce_6: 0.1404  loss_mask_6: 0.05706  loss_dice_6: 1.101  loss_ce_7: 0.08117  loss_mask_7: 0.04464  loss_dice_7: 1.016  loss_ce_8: 0.07153  loss_mask_8: 0.05087  loss_dice_8: 0.9551    time: 0.8149  last_time: 0.7573  data_time: 0.1376  last_data_time: 0.1376   lr: 1.6662e-05  max_mem: 12897M
[02/28 00:33:07 d2.utils.events]:  eta: 1:34:17  iter: 2699  total_loss: 10.07  loss_ce: 0.04548  loss_mask: 0.04603  loss_dice: 0.8554  loss_ce_0: 0.3788  loss_mask_0: 0.06288  loss_dice_0: 1.282  loss_ce_1: 0.09163  loss_mask_1: 0.04636  loss_dice_1: 0.8243  loss_ce_2: 0.06617  loss_mask_2: 0.04798  loss_dice_2: 1.011  loss_ce_3: 0.04962  loss_mask_3: 0.04063  loss_dice_3: 0.831  loss_ce_4: 0.04788  loss_mask_4: 0.03953  loss_dice_4: 0.7058  loss_ce_5: 0.04465  loss_mask_5: 0.04077  loss_dice_5: 0.7946  loss_ce_6: 0.04779  loss_mask_6: 0.04081  loss_dice_6: 0.759  loss_ce_7: 0.1009  loss_mask_7: 0.0463  loss_dice_7: 0.8578  loss_ce_8: 0.04552  loss_mask_8: 0.04188  loss_dice_8: 0.7806    time: 0.8151  last_time: 1.2731  data_time: 0.6555  last_data_time: 0.6555   lr: 1.6615e-05  max_mem: 12897M
[02/28 00:33:24 d2.utils.events]:  eta: 1:34:05  iter: 2719  total_loss: 7.699  loss_ce: 0.03393  loss_mask: 0.03577  loss_dice: 0.5794  loss_ce_0: 0.2779  loss_mask_0: 0.041  loss_dice_0: 0.8654  loss_ce_1: 0.06042  loss_mask_1: 0.03208  loss_dice_1: 0.6065  loss_ce_2: 0.09097  loss_mask_2: 0.02959  loss_dice_2: 0.644  loss_ce_3: 0.05341  loss_mask_3: 0.0348  loss_dice_3: 0.6376  loss_ce_4: 0.04208  loss_mask_4: 0.03638  loss_dice_4: 0.7691  loss_ce_5: 0.03585  loss_mask_5: 0.03731  loss_dice_5: 0.6744  loss_ce_6: 0.03285  loss_mask_6: 0.03034  loss_dice_6: 0.6352  loss_ce_7: 0.03349  loss_mask_7: 0.03271  loss_dice_7: 0.5785  loss_ce_8: 0.03323  loss_mask_8: 0.03323  loss_dice_8: 0.6718    time: 0.8155  last_time: 0.8650  data_time: 0.2403  last_data_time: 0.2403   lr: 1.6568e-05  max_mem: 12897M
[02/28 00:33:42 d2.utils.events]:  eta: 1:33:47  iter: 2739  total_loss: 20.77  loss_ce: 0.1862  loss_mask: 0.06584  loss_dice: 1.724  loss_ce_0: 0.6141  loss_mask_0: 0.09449  loss_dice_0: 1.867  loss_ce_1: 0.2292  loss_mask_1: 0.07751  loss_dice_1: 2.031  loss_ce_2: 0.2102  loss_mask_2: 0.0804  loss_dice_2: 2.02  loss_ce_3: 0.1212  loss_mask_3: 0.07762  loss_dice_3: 1.912  loss_ce_4: 0.2186  loss_mask_4: 0.1181  loss_dice_4: 1.424  loss_ce_5: 0.178  loss_mask_5: 0.06227  loss_dice_5: 1.74  loss_ce_6: 0.1595  loss_mask_6: 0.05028  loss_dice_6: 1.714  loss_ce_7: 0.1231  loss_mask_7: 0.0555  loss_dice_7: 1.841  loss_ce_8: 0.236  loss_mask_8: 0.06639  loss_dice_8: 1.474    time: 0.8157  last_time: 0.7857  data_time: 0.1598  last_data_time: 0.1598   lr: 1.6521e-05  max_mem: 12897M
[02/28 00:33:59 d2.utils.events]:  eta: 1:33:37  iter: 2759  total_loss: 6.854  loss_ce: 0.04858  loss_mask: 0.03609  loss_dice: 0.5293  loss_ce_0: 0.3098  loss_mask_0: 0.053  loss_dice_0: 0.7059  loss_ce_1: 0.06895  loss_mask_1: 0.0367  loss_dice_1: 0.5904  loss_ce_2: 0.06357  loss_mask_2: 0.03652  loss_dice_2: 0.5533  loss_ce_3: 0.06013  loss_mask_3: 0.04047  loss_dice_3: 0.5621  loss_ce_4: 0.05261  loss_mask_4: 0.03719  loss_dice_4: 0.5915  loss_ce_5: 0.0496  loss_mask_5: 0.03572  loss_dice_5: 0.5248  loss_ce_6: 0.04995  loss_mask_6: 0.03923  loss_dice_6: 0.5981  loss_ce_7: 0.04652  loss_mask_7: 0.03283  loss_dice_7: 0.4927  loss_ce_8: 0.04869  loss_mask_8: 0.03323  loss_dice_8: 0.5262    time: 0.8161  last_time: 0.7704  data_time: 0.1571  last_data_time: 0.1571   lr: 1.6473e-05  max_mem: 12897M
[02/28 00:34:15 d2.utils.events]:  eta: 1:33:18  iter: 2779  total_loss: 10.21  loss_ce: 0.1618  loss_mask: 0.06277  loss_dice: 0.7854  loss_ce_0: 0.3893  loss_mask_0: 0.077  loss_dice_0: 0.8724  loss_ce_1: 0.1285  loss_mask_1: 0.06533  loss_dice_1: 0.7636  loss_ce_2: 0.1463  loss_mask_2: 0.05879  loss_dice_2: 0.7376  loss_ce_3: 0.1325  loss_mask_3: 0.06721  loss_dice_3: 0.7575  loss_ce_4: 0.1146  loss_mask_4: 0.05982  loss_dice_4: 0.7063  loss_ce_5: 0.1821  loss_mask_5: 0.06212  loss_dice_5: 0.821  loss_ce_6: 0.1525  loss_mask_6: 0.0696  loss_dice_6: 0.8619  loss_ce_7: 0.1242  loss_mask_7: 0.05881  loss_dice_7: 0.7715  loss_ce_8: 0.1692  loss_mask_8: 0.06372  loss_dice_8: 0.7853    time: 0.8159  last_time: 1.1226  data_time: 0.5173  last_data_time: 0.5173   lr: 1.6425e-05  max_mem: 12897M
[02/28 00:34:32 d2.utils.events]:  eta: 1:33:08  iter: 2799  total_loss: 9.475  loss_ce: 0.1339  loss_mask: 0.03991  loss_dice: 0.6753  loss_ce_0: 0.5708  loss_mask_0: 0.05807  loss_dice_0: 0.7557  loss_ce_1: 0.2528  loss_mask_1: 0.04444  loss_dice_1: 0.8029  loss_ce_2: 0.1569  loss_mask_2: 0.03988  loss_dice_2: 0.6896  loss_ce_3: 0.1778  loss_mask_3: 0.04523  loss_dice_3: 0.7862  loss_ce_4: 0.1643  loss_mask_4: 0.03942  loss_dice_4: 0.6693  loss_ce_5: 0.1869  loss_mask_5: 0.03754  loss_dice_5: 0.5858  loss_ce_6: 0.1684  loss_mask_6: 0.03997  loss_dice_6: 0.6391  loss_ce_7: 0.1378  loss_mask_7: 0.03633  loss_dice_7: 0.6796  loss_ce_8: 0.1349  loss_mask_8: 0.03896  loss_dice_8: 0.6872    time: 0.8161  last_time: 0.7790  data_time: 0.1492  last_data_time: 0.1492   lr: 1.6377e-05  max_mem: 12897M
[02/28 00:34:48 d2.utils.events]:  eta: 1:32:54  iter: 2819  total_loss: 9.58  loss_ce: 0.06471  loss_mask: 0.03308  loss_dice: 0.6829  loss_ce_0: 0.3819  loss_mask_0: 0.06895  loss_dice_0: 1.224  loss_ce_1: 0.1095  loss_mask_1: 0.04652  loss_dice_1: 0.8155  loss_ce_2: 0.07257  loss_mask_2: 0.03882  loss_dice_2: 0.7588  loss_ce_3: 0.06107  loss_mask_3: 0.04006  loss_dice_3: 0.8364  loss_ce_4: 0.06466  loss_mask_4: 0.03846  loss_dice_4: 0.7159  loss_ce_5: 0.06607  loss_mask_5: 0.03816  loss_dice_5: 0.7228  loss_ce_6: 0.06525  loss_mask_6: 0.03855  loss_dice_6: 0.7633  loss_ce_7: 0.06933  loss_mask_7: 0.03477  loss_dice_7: 0.8494  loss_ce_8: 0.06964  loss_mask_8: 0.03966  loss_dice_8: 0.769    time: 0.8161  last_time: 0.9118  data_time: 0.2991  last_data_time: 0.2991   lr: 1.6328e-05  max_mem: 12897M
[02/28 00:35:06 d2.utils.events]:  eta: 1:32:49  iter: 2839  total_loss: 10.33  loss_ce: 0.05884  loss_mask: 0.06002  loss_dice: 0.6783  loss_ce_0: 0.1947  loss_mask_0: 0.05077  loss_dice_0: 0.7582  loss_ce_1: 0.09969  loss_mask_1: 0.04413  loss_dice_1: 0.8481  loss_ce_2: 0.05987  loss_mask_2: 0.06604  loss_dice_2: 0.9111  loss_ce_3: 0.0775  loss_mask_3: 0.04325  loss_dice_3: 1.116  loss_ce_4: 0.07276  loss_mask_4: 0.04511  loss_dice_4: 0.9004  loss_ce_5: 0.06463  loss_mask_5: 0.03943  loss_dice_5: 0.8666  loss_ce_6: 0.05318  loss_mask_6: 0.07196  loss_dice_6: 0.9552  loss_ce_7: 0.1428  loss_mask_7: 0.07517  loss_dice_7: 0.9093  loss_ce_8: 0.05563  loss_mask_8: 0.06867  loss_dice_8: 0.9429    time: 0.8164  last_time: 0.8292  data_time: 0.2291  last_data_time: 0.2291   lr: 1.6279e-05  max_mem: 12897M
[02/28 00:35:22 d2.utils.events]:  eta: 1:32:33  iter: 2859  total_loss: 18.07  loss_ce: 0.2888  loss_mask: 0.04213  loss_dice: 1.368  loss_ce_0: 0.2518  loss_mask_0: 0.06579  loss_dice_0: 1.566  loss_ce_1: 0.3787  loss_mask_1: 0.05392  loss_dice_1: 1.476  loss_ce_2: 0.2755  loss_mask_2: 0.04216  loss_dice_2: 1.358  loss_ce_3: 0.3303  loss_mask_3: 0.04054  loss_dice_3: 1.435  loss_ce_4: 0.3068  loss_mask_4: 0.04169  loss_dice_4: 1.481  loss_ce_5: 0.2123  loss_mask_5: 0.04417  loss_dice_5: 1.44  loss_ce_6: 0.302  loss_mask_6: 0.05291  loss_dice_6: 1.519  loss_ce_7: 0.2885  loss_mask_7: 0.05228  loss_dice_7: 1.665  loss_ce_8: 0.276  loss_mask_8: 0.04394  loss_dice_8: 1.375    time: 0.8163  last_time: 0.7913  data_time: 0.1795  last_data_time: 0.1795   lr: 1.623e-05  max_mem: 12897M
[02/28 00:35:38 d2.utils.events]:  eta: 1:32:15  iter: 2879  total_loss: 8.969  loss_ce: 0.03408  loss_mask: 0.04447  loss_dice: 0.8228  loss_ce_0: 0.3037  loss_mask_0: 0.04785  loss_dice_0: 0.7944  loss_ce_1: 0.05318  loss_mask_1: 0.05086  loss_dice_1: 0.7973  loss_ce_2: 0.03525  loss_mask_2: 0.04673  loss_dice_2: 0.7355  loss_ce_3: 0.03595  loss_mask_3: 0.04691  loss_dice_3: 0.7338  loss_ce_4: 0.03594  loss_mask_4: 0.04788  loss_dice_4: 0.7559  loss_ce_5: 0.0372  loss_mask_5: 0.04091  loss_dice_5: 0.7341  loss_ce_6: 0.03812  loss_mask_6: 0.04087  loss_dice_6: 0.8477  loss_ce_7: 0.03396  loss_mask_7: 0.04394  loss_dice_7: 0.8821  loss_ce_8: 0.1336  loss_mask_8: 0.03611  loss_dice_8: 0.6777    time: 0.8161  last_time: 0.7391  data_time: 0.1252  last_data_time: 0.1252   lr: 1.6181e-05  max_mem: 12897M
[02/28 00:35:55 d2.utils.events]:  eta: 1:31:56  iter: 2899  total_loss: 12.15  loss_ce: 0.1329  loss_mask: 0.04537  loss_dice: 0.8133  loss_ce_0: 0.466  loss_mask_0: 0.08706  loss_dice_0: 1.289  loss_ce_1: 0.2039  loss_mask_1: 0.04909  loss_dice_1: 0.9503  loss_ce_2: 0.2536  loss_mask_2: 0.04938  loss_dice_2: 0.9528  loss_ce_3: 0.1872  loss_mask_3: 0.04203  loss_dice_3: 0.8437  loss_ce_4: 0.1943  loss_mask_4: 0.04522  loss_dice_4: 0.9841  loss_ce_5: 0.1604  loss_mask_5: 0.04446  loss_dice_5: 0.9918  loss_ce_6: 0.1427  loss_mask_6: 0.03946  loss_dice_6: 0.8421  loss_ce_7: 0.1979  loss_mask_7: 0.05211  loss_dice_7: 0.9824  loss_ce_8: 0.1539  loss_mask_8: 0.04722  loss_dice_8: 0.9079    time: 0.8163  last_time: 0.8004  data_time: 0.1758  last_data_time: 0.1758   lr: 1.6132e-05  max_mem: 12897M
[02/28 00:36:11 d2.utils.events]:  eta: 1:31:38  iter: 2919  total_loss: 9.838  loss_ce: 0.03391  loss_mask: 0.05638  loss_dice: 0.8098  loss_ce_0: 0.2145  loss_mask_0: 0.08204  loss_dice_0: 0.8745  loss_ce_1: 0.07218  loss_mask_1: 0.06238  loss_dice_1: 0.9151  loss_ce_2: 0.06785  loss_mask_2: 0.06991  loss_dice_2: 0.929  loss_ce_3: 0.04109  loss_mask_3: 0.06279  loss_dice_3: 0.8766  loss_ce_4: 0.03626  loss_mask_4: 0.06902  loss_dice_4: 0.8873  loss_ce_5: 0.03384  loss_mask_5: 0.07013  loss_dice_5: 1.006  loss_ce_6: 0.0328  loss_mask_6: 0.06917  loss_dice_6: 0.806  loss_ce_7: 0.03269  loss_mask_7: 0.05876  loss_dice_7: 0.7505  loss_ce_8: 0.03223  loss_mask_8: 0.05764  loss_dice_8: 0.727    time: 0.8162  last_time: 0.8904  data_time: 0.1266  last_data_time: 0.1266   lr: 1.6082e-05  max_mem: 12897M
[02/28 00:36:28 d2.utils.events]:  eta: 1:31:25  iter: 2939  total_loss: 23.6  loss_ce: 0.2139  loss_mask: 0.08828  loss_dice: 1.879  loss_ce_0: 0.587  loss_mask_0: 0.1011  loss_dice_0: 1.869  loss_ce_1: 0.1892  loss_mask_1: 0.1163  loss_dice_1: 2.18  loss_ce_2: 0.2256  loss_mask_2: 0.1002  loss_dice_2: 2.031  loss_ce_3: 0.2429  loss_mask_3: 0.08998  loss_dice_3: 1.971  loss_ce_4: 0.2516  loss_mask_4: 0.09552  loss_dice_4: 2.145  loss_ce_5: 0.2  loss_mask_5: 0.07922  loss_dice_5: 1.977  loss_ce_6: 0.2083  loss_mask_6: 0.09029  loss_dice_6: 1.892  loss_ce_7: 0.1694  loss_mask_7: 0.09644  loss_dice_7: 2.23  loss_ce_8: 0.1416  loss_mask_8: 0.09824  loss_dice_8: 2.042    time: 0.8163  last_time: 1.0882  data_time: 0.4722  last_data_time: 0.4722   lr: 1.6032e-05  max_mem: 12897M
[02/28 00:36:45 d2.utils.events]:  eta: 1:31:09  iter: 2959  total_loss: 13.33  loss_ce: 0.1184  loss_mask: 0.04001  loss_dice: 1.108  loss_ce_0: 0.5775  loss_mask_0: 0.0528  loss_dice_0: 1.254  loss_ce_1: 0.1706  loss_mask_1: 0.04705  loss_dice_1: 1.145  loss_ce_2: 0.1349  loss_mask_2: 0.04409  loss_dice_2: 1.11  loss_ce_3: 0.1433  loss_mask_3: 0.03795  loss_dice_3: 1.061  loss_ce_4: 0.1067  loss_mask_4: 0.04053  loss_dice_4: 1.117  loss_ce_5: 0.133  loss_mask_5: 0.04409  loss_dice_5: 1.12  loss_ce_6: 0.08355  loss_mask_6: 0.04379  loss_dice_6: 1.093  loss_ce_7: 0.08315  loss_mask_7: 0.04521  loss_dice_7: 1.081  loss_ce_8: 0.1276  loss_mask_8: 0.04112  loss_dice_8: 1.126    time: 0.8165  last_time: 0.7763  data_time: 0.1262  last_data_time: 0.1262   lr: 1.5982e-05  max_mem: 12897M
[02/28 00:37:01 d2.utils.events]:  eta: 1:30:54  iter: 2979  total_loss: 10.12  loss_ce: 0.07229  loss_mask: 0.04334  loss_dice: 0.7858  loss_ce_0: 0.4021  loss_mask_0: 0.05713  loss_dice_0: 1.038  loss_ce_1: 0.08892  loss_mask_1: 0.05165  loss_dice_1: 0.8998  loss_ce_2: 0.04776  loss_mask_2: 0.05116  loss_dice_2: 0.9339  loss_ce_3: 0.05482  loss_mask_3: 0.04768  loss_dice_3: 0.8435  loss_ce_4: 0.05299  loss_mask_4: 0.05379  loss_dice_4: 0.8476  loss_ce_5: 0.06943  loss_mask_5: 0.04512  loss_dice_5: 0.8076  loss_ce_6: 0.05776  loss_mask_6: 0.04478  loss_dice_6: 0.8309  loss_ce_7: 0.05771  loss_mask_7: 0.04377  loss_dice_7: 0.8087  loss_ce_8: 0.04505  loss_mask_8: 0.04861  loss_dice_8: 0.8846    time: 0.8165  last_time: 0.7840  data_time: 0.1710  last_data_time: 0.1710   lr: 1.5931e-05  max_mem: 12897M
[02/28 00:37:18 d2.utils.events]:  eta: 1:30:40  iter: 2999  total_loss: 13.2  loss_ce: 0.09508  loss_mask: 0.04482  loss_dice: 1.029  loss_ce_0: 0.3623  loss_mask_0: 0.08098  loss_dice_0: 1.501  loss_ce_1: 0.1911  loss_mask_1: 0.04372  loss_dice_1: 1.069  loss_ce_2: 0.1641  loss_mask_2: 0.04634  loss_dice_2: 1.151  loss_ce_3: 0.07382  loss_mask_3: 0.04594  loss_dice_3: 1.165  loss_ce_4: 0.1982  loss_mask_4: 0.04611  loss_dice_4: 1.08  loss_ce_5: 0.1195  loss_mask_5: 0.04877  loss_dice_5: 1.024  loss_ce_6: 0.1167  loss_mask_6: 0.0564  loss_dice_6: 1.051  loss_ce_7: 0.1155  loss_mask_7: 0.04182  loss_dice_7: 1.002  loss_ce_8: 0.1096  loss_mask_8: 0.04315  loss_dice_8: 1.084    time: 0.8166  last_time: 1.0265  data_time: 0.4141  last_data_time: 0.4141   lr: 1.588e-05  max_mem: 12897M
[02/28 00:37:34 d2.utils.events]:  eta: 1:30:24  iter: 3019  total_loss: 8.739  loss_ce: 0.05964  loss_mask: 0.03177  loss_dice: 0.7334  loss_ce_0: 0.345  loss_mask_0: 0.03464  loss_dice_0: 0.8013  loss_ce_1: 0.08283  loss_mask_1: 0.02829  loss_dice_1: 0.6857  loss_ce_2: 0.09162  loss_mask_2: 0.02833  loss_dice_2: 0.6376  loss_ce_3: 0.07394  loss_mask_3: 0.03469  loss_dice_3: 0.7607  loss_ce_4: 0.06628  loss_mask_4: 0.03228  loss_dice_4: 0.7726  loss_ce_5: 0.06871  loss_mask_5: 0.03452  loss_dice_5: 0.7428  loss_ce_6: 0.06846  loss_mask_6: 0.03022  loss_dice_6: 0.7793  loss_ce_7: 0.05695  loss_mask_7: 0.03012  loss_dice_7: 0.7122  loss_ce_8: 0.138  loss_mask_8: 0.03096  loss_dice_8: 0.7463    time: 0.8164  last_time: 0.7478  data_time: 0.1321  last_data_time: 0.1321   lr: 1.5829e-05  max_mem: 12897M
[02/28 00:37:50 d2.utils.events]:  eta: 1:30:03  iter: 3039  total_loss: 12.26  loss_ce: 0.2098  loss_mask: 0.04133  loss_dice: 0.8317  loss_ce_0: 0.4207  loss_mask_0: 0.05654  loss_dice_0: 1.181  loss_ce_1: 0.3517  loss_mask_1: 0.05239  loss_dice_1: 0.9155  loss_ce_2: 0.3435  loss_mask_2: 0.04539  loss_dice_2: 0.8875  loss_ce_3: 0.3096  loss_mask_3: 0.0465  loss_dice_3: 0.8127  loss_ce_4: 0.2482  loss_mask_4: 0.04405  loss_dice_4: 0.8758  loss_ce_5: 0.239  loss_mask_5: 0.04486  loss_dice_5: 0.8314  loss_ce_6: 0.2263  loss_mask_6: 0.04397  loss_dice_6: 0.8673  loss_ce_7: 0.2204  loss_mask_7: 0.04594  loss_dice_7: 0.8986  loss_ce_8: 0.1861  loss_mask_8: 0.04627  loss_dice_8: 0.9342    time: 0.8165  last_time: 0.7186  data_time: 0.0987  last_data_time: 0.0987   lr: 1.5778e-05  max_mem: 12897M
[02/28 00:38:07 d2.utils.events]:  eta: 1:29:52  iter: 3059  total_loss: 8.55  loss_ce: 0.0529  loss_mask: 0.02775  loss_dice: 0.6041  loss_ce_0: 0.1988  loss_mask_0: 0.03678  loss_dice_0: 0.6343  loss_ce_1: 0.106  loss_mask_1: 0.03539  loss_dice_1: 0.8623  loss_ce_2: 0.08575  loss_mask_2: 0.03292  loss_dice_2: 0.6171  loss_ce_3: 0.05704  loss_mask_3: 0.03069  loss_dice_3: 0.8095  loss_ce_4: 0.06207  loss_mask_4: 0.03231  loss_dice_4: 0.613  loss_ce_5: 0.05892  loss_mask_5: 0.03622  loss_dice_5: 1.159  loss_ce_6: 0.05461  loss_mask_6: 0.02884  loss_dice_6: 0.6805  loss_ce_7: 0.05031  loss_mask_7: 0.03436  loss_dice_7: 0.6817  loss_ce_8: 0.05221  loss_mask_8: 0.03234  loss_dice_8: 0.7825    time: 0.8166  last_time: 0.7423  data_time: 0.1340  last_data_time: 0.1340   lr: 1.5727e-05  max_mem: 12897M
[02/28 00:38:24 d2.utils.events]:  eta: 1:29:38  iter: 3079  total_loss: 7.132  loss_ce: 0.05146  loss_mask: 0.03662  loss_dice: 0.5685  loss_ce_0: 0.3292  loss_mask_0: 0.0614  loss_dice_0: 0.7812  loss_ce_1: 0.128  loss_mask_1: 0.07524  loss_dice_1: 0.6241  loss_ce_2: 0.07404  loss_mask_2: 0.04005  loss_dice_2: 0.5512  loss_ce_3: 0.04731  loss_mask_3: 0.03601  loss_dice_3: 0.5051  loss_ce_4: 0.07542  loss_mask_4: 0.03845  loss_dice_4: 0.5814  loss_ce_5: 0.03963  loss_mask_5: 0.03225  loss_dice_5: 0.5038  loss_ce_6: 0.04112  loss_mask_6: 0.03446  loss_dice_6: 0.5515  loss_ce_7: 0.04823  loss_mask_7: 0.03668  loss_dice_7: 0.5874  loss_ce_8: 0.05037  loss_mask_8: 0.04042  loss_dice_8: 0.5611    time: 0.8166  last_time: 0.7500  data_time: 0.1426  last_data_time: 0.1426   lr: 1.5675e-05  max_mem: 12897M
[02/28 00:38:39 d2.utils.events]:  eta: 1:29:16  iter: 3099  total_loss: 14.29  loss_ce: 0.1062  loss_mask: 0.05804  loss_dice: 1.16  loss_ce_0: 0.5888  loss_mask_0: 0.06319  loss_dice_0: 1.399  loss_ce_1: 0.2212  loss_mask_1: 0.05844  loss_dice_1: 1.169  loss_ce_2: 0.2073  loss_mask_2: 0.05977  loss_dice_2: 1.224  loss_ce_3: 0.1179  loss_mask_3: 0.05567  loss_dice_3: 1.078  loss_ce_4: 0.1295  loss_mask_4: 0.06526  loss_dice_4: 1.095  loss_ce_5: 0.1399  loss_mask_5: 0.05279  loss_dice_5: 1.112  loss_ce_6: 0.1201  loss_mask_6: 0.06052  loss_dice_6: 1.225  loss_ce_7: 0.1326  loss_mask_7: 0.05899  loss_dice_7: 1.251  loss_ce_8: 0.1137  loss_mask_8: 0.0552  loss_dice_8: 1.113    time: 0.8162  last_time: 0.8643  data_time: 0.2500  last_data_time: 0.2500   lr: 1.5623e-05  max_mem: 12897M
[02/28 00:38:56 d2.utils.events]:  eta: 1:29:00  iter: 3119  total_loss: 18.95  loss_ce: 0.2159  loss_mask: 0.05856  loss_dice: 1.53  loss_ce_0: 0.4745  loss_mask_0: 0.06756  loss_dice_0: 1.73  loss_ce_1: 0.2641  loss_mask_1: 0.07573  loss_dice_1: 1.641  loss_ce_2: 0.2758  loss_mask_2: 0.07924  loss_dice_2: 1.602  loss_ce_3: 0.3558  loss_mask_3: 0.0615  loss_dice_3: 1.407  loss_ce_4: 0.2422  loss_mask_4: 0.06818  loss_dice_4: 1.53  loss_ce_5: 0.2105  loss_mask_5: 0.06678  loss_dice_5: 1.53  loss_ce_6: 0.2316  loss_mask_6: 0.07042  loss_dice_6: 1.561  loss_ce_7: 0.2547  loss_mask_7: 0.05566  loss_dice_7: 1.46  loss_ce_8: 0.2067  loss_mask_8: 0.07029  loss_dice_8: 1.555    time: 0.8164  last_time: 1.2971  data_time: 0.6779  last_data_time: 0.6779   lr: 1.5571e-05  max_mem: 12897M
[02/28 00:39:13 d2.utils.events]:  eta: 1:28:42  iter: 3139  total_loss: 9.887  loss_ce: 0.0891  loss_mask: 0.04517  loss_dice: 0.9029  loss_ce_0: 0.2993  loss_mask_0: 0.05508  loss_dice_0: 0.8269  loss_ce_1: 0.1107  loss_mask_1: 0.0483  loss_dice_1: 0.8499  loss_ce_2: 0.1225  loss_mask_2: 0.04922  loss_dice_2: 0.9426  loss_ce_3: 0.1019  loss_mask_3: 0.0459  loss_dice_3: 0.7988  loss_ce_4: 0.1087  loss_mask_4: 0.04711  loss_dice_4: 0.944  loss_ce_5: 0.1203  loss_mask_5: 0.03991  loss_dice_5: 0.7139  loss_ce_6: 0.1044  loss_mask_6: 0.03768  loss_dice_6: 0.6059  loss_ce_7: 0.1275  loss_mask_7: 0.03853  loss_dice_7: 0.7759  loss_ce_8: 0.08006  loss_mask_8: 0.04015  loss_dice_8: 0.8149    time: 0.8166  last_time: 0.7212  data_time: 0.1079  last_data_time: 0.1079   lr: 1.5519e-05  max_mem: 12897M
[02/28 00:39:29 d2.utils.events]:  eta: 1:28:21  iter: 3159  total_loss: 13.95  loss_ce: 0.08653  loss_mask: 0.04554  loss_dice: 1.734  loss_ce_0: 0.1793  loss_mask_0: 0.0434  loss_dice_0: 1.448  loss_ce_1: 0.1375  loss_mask_1: 0.036  loss_dice_1: 1.286  loss_ce_2: 0.1396  loss_mask_2: 0.02857  loss_dice_2: 1.233  loss_ce_3: 0.0795  loss_mask_3: 0.05089  loss_dice_3: 1.237  loss_ce_4: 0.08265  loss_mask_4: 0.03813  loss_dice_4: 1.196  loss_ce_5: 0.08432  loss_mask_5: 0.04023  loss_dice_5: 0.9239  loss_ce_6: 0.1245  loss_mask_6: 0.03261  loss_dice_6: 0.9866  loss_ce_7: 0.08136  loss_mask_7: 0.03474  loss_dice_7: 1.186  loss_ce_8: 0.1109  loss_mask_8: 0.03525  loss_dice_8: 1.233    time: 0.8164  last_time: 1.1516  data_time: 0.5471  last_data_time: 0.5471   lr: 1.5467e-05  max_mem: 12897M
[02/28 00:39:44 d2.utils.events]:  eta: 1:27:54  iter: 3179  total_loss: 9.099  loss_ce: 0.05891  loss_mask: 0.02858  loss_dice: 0.7896  loss_ce_0: 0.2881  loss_mask_0: 0.03715  loss_dice_0: 0.8778  loss_ce_1: 0.1209  loss_mask_1: 0.0356  loss_dice_1: 0.8828  loss_ce_2: 0.08779  loss_mask_2: 0.03297  loss_dice_2: 0.7067  loss_ce_3: 0.06366  loss_mask_3: 0.02734  loss_dice_3: 0.6749  loss_ce_4: 0.05395  loss_mask_4: 0.02944  loss_dice_4: 0.6467  loss_ce_5: 0.1108  loss_mask_5: 0.02999  loss_dice_5: 0.7821  loss_ce_6: 0.05111  loss_mask_6: 0.03294  loss_dice_6: 0.877  loss_ce_7: 0.05491  loss_mask_7: 0.02945  loss_dice_7: 0.755  loss_ce_8: 0.1292  loss_mask_8: 0.02974  loss_dice_8: 0.7741    time: 0.8160  last_time: 0.7267  data_time: 0.1127  last_data_time: 0.1127   lr: 1.5414e-05  max_mem: 12897M
[02/28 00:40:00 d2.utils.events]:  eta: 1:27:41  iter: 3199  total_loss: 8.232  loss_ce: 0.02664  loss_mask: 0.03227  loss_dice: 0.6819  loss_ce_0: 0.3153  loss_mask_0: 0.04348  loss_dice_0: 0.8721  loss_ce_1: 0.04598  loss_mask_1: 0.03535  loss_dice_1: 0.7372  loss_ce_2: 0.03479  loss_mask_2: 0.0346  loss_dice_2: 0.6821  loss_ce_3: 0.05551  loss_mask_3: 0.03032  loss_dice_3: 0.8042  loss_ce_4: 0.02615  loss_mask_4: 0.03707  loss_dice_4: 0.7058  loss_ce_5: 0.02588  loss_mask_5: 0.03446  loss_dice_5: 0.6428  loss_ce_6: 0.02684  loss_mask_6: 0.03494  loss_dice_6: 0.7681  loss_ce_7: 0.02581  loss_mask_7: 0.03115  loss_dice_7: 0.6579  loss_ce_8: 0.02604  loss_mask_8: 0.03596  loss_dice_8: 0.7216    time: 0.8158  last_time: 0.7846  data_time: 0.1560  last_data_time: 0.1560   lr: 1.5361e-05  max_mem: 12897M
[02/28 00:40:16 d2.utils.events]:  eta: 1:27:16  iter: 3219  total_loss: 12.44  loss_ce: 0.122  loss_mask: 0.0197  loss_dice: 1.232  loss_ce_0: 0.2667  loss_mask_0: 0.02439  loss_dice_0: 1.263  loss_ce_1: 0.1177  loss_mask_1: 0.01751  loss_dice_1: 1.182  loss_ce_2: 0.1217  loss_mask_2: 0.01552  loss_dice_2: 0.6796  loss_ce_3: 0.1003  loss_mask_3: 0.02001  loss_dice_3: 0.8152  loss_ce_4: 0.07861  loss_mask_4: 0.0239  loss_dice_4: 1.129  loss_ce_5: 0.06029  loss_mask_5: 0.02184  loss_dice_5: 1.113  loss_ce_6: 0.1295  loss_mask_6: 0.01507  loss_dice_6: 0.805  loss_ce_7: 0.1321  loss_mask_7: 0.02051  loss_dice_7: 1.326  loss_ce_8: 0.1122  loss_mask_8: 0.0252  loss_dice_8: 1.452    time: 0.8156  last_time: 0.7343  data_time: 0.1337  last_data_time: 0.1337   lr: 1.5308e-05  max_mem: 12897M
[02/28 00:40:32 d2.utils.events]:  eta: 1:26:54  iter: 3239  total_loss: 8.932  loss_ce: 0.0398  loss_mask: 0.06962  loss_dice: 0.7118  loss_ce_0: 0.2093  loss_mask_0: 0.1062  loss_dice_0: 1.051  loss_ce_1: 0.06321  loss_mask_1: 0.06047  loss_dice_1: 0.699  loss_ce_2: 0.0509  loss_mask_2: 0.06767  loss_dice_2: 0.7605  loss_ce_3: 0.04302  loss_mask_3: 0.06541  loss_dice_3: 0.7031  loss_ce_4: 0.04618  loss_mask_4: 0.06086  loss_dice_4: 0.746  loss_ce_5: 0.0407  loss_mask_5: 0.06954  loss_dice_5: 0.7343  loss_ce_6: 0.03897  loss_mask_6: 0.06797  loss_dice_6: 0.7554  loss_ce_7: 0.04155  loss_mask_7: 0.06495  loss_dice_7: 0.6964  loss_ce_8: 0.03766  loss_mask_8: 0.07523  loss_dice_8: 0.7558    time: 0.8155  last_time: 0.7458  data_time: 0.1334  last_data_time: 0.1334   lr: 1.5254e-05  max_mem: 12897M
[02/28 00:40:48 d2.utils.events]:  eta: 1:26:35  iter: 3259  total_loss: 11.52  loss_ce: 0.0985  loss_mask: 0.05516  loss_dice: 1.001  loss_ce_0: 0.4049  loss_mask_0: 0.06581  loss_dice_0: 1.016  loss_ce_1: 0.1647  loss_mask_1: 0.05361  loss_dice_1: 0.8347  loss_ce_2: 0.1632  loss_mask_2: 0.05097  loss_dice_2: 0.9333  loss_ce_3: 0.1138  loss_mask_3: 0.05559  loss_dice_3: 0.9909  loss_ce_4: 0.1097  loss_mask_4: 0.05379  loss_dice_4: 1.001  loss_ce_5: 0.05769  loss_mask_5: 0.05362  loss_dice_5: 1.007  loss_ce_6: 0.05246  loss_mask_6: 0.05105  loss_dice_6: 1.033  loss_ce_7: 0.05356  loss_mask_7: 0.04874  loss_dice_7: 0.9725  loss_ce_8: 0.09784  loss_mask_8: 0.0499  loss_dice_8: 0.8708    time: 0.8154  last_time: 1.1610  data_time: 0.5517  last_data_time: 0.5517   lr: 1.5201e-05  max_mem: 12897M
[02/28 00:41:05 d2.utils.events]:  eta: 1:26:20  iter: 3279  total_loss: 7.776  loss_ce: 0.06561  loss_mask: 0.03157  loss_dice: 0.5887  loss_ce_0: 0.3956  loss_mask_0: 0.03855  loss_dice_0: 0.7212  loss_ce_1: 0.07912  loss_mask_1: 0.03613  loss_dice_1: 0.734  loss_ce_2: 0.09268  loss_mask_2: 0.03762  loss_dice_2: 0.655  loss_ce_3: 0.05378  loss_mask_3: 0.03302  loss_dice_3: 0.6335  loss_ce_4: 0.05882  loss_mask_4: 0.03402  loss_dice_4: 0.5747  loss_ce_5: 0.05768  loss_mask_5: 0.03059  loss_dice_5: 0.5683  loss_ce_6: 0.05921  loss_mask_6: 0.0352  loss_dice_6: 0.6236  loss_ce_7: 0.0655  loss_mask_7: 0.03403  loss_dice_7: 0.6773  loss_ce_8: 0.06698  loss_mask_8: 0.03484  loss_dice_8: 0.6595    time: 0.8154  last_time: 0.7874  data_time: 0.1578  last_data_time: 0.1578   lr: 1.5147e-05  max_mem: 12897M
[02/28 00:41:21 d2.utils.events]:  eta: 1:26:04  iter: 3299  total_loss: 9.042  loss_ce: 0.03999  loss_mask: 0.06061  loss_dice: 0.8401  loss_ce_0: 0.2375  loss_mask_0: 0.1033  loss_dice_0: 0.8981  loss_ce_1: 0.1384  loss_mask_1: 0.07136  loss_dice_1: 0.7412  loss_ce_2: 0.0661  loss_mask_2: 0.07007  loss_dice_2: 0.633  loss_ce_3: 0.04603  loss_mask_3: 0.06754  loss_dice_3: 0.7002  loss_ce_4: 0.04679  loss_mask_4: 0.07107  loss_dice_4: 0.6907  loss_ce_5: 0.04196  loss_mask_5: 0.06498  loss_dice_5: 0.7316  loss_ce_6: 0.04368  loss_mask_6: 0.06897  loss_dice_6: 0.9234  loss_ce_7: 0.04075  loss_mask_7: 0.06123  loss_dice_7: 0.6587  loss_ce_8: 0.03801  loss_mask_8: 0.06362  loss_dice_8: 0.783    time: 0.8155  last_time: 0.8466  data_time: 0.1491  last_data_time: 0.1491   lr: 1.5093e-05  max_mem: 12897M
[02/28 00:41:37 d2.utils.events]:  eta: 1:25:43  iter: 3319  total_loss: 20.02  loss_ce: 0.1091  loss_mask: 0.08466  loss_dice: 1.704  loss_ce_0: 0.5682  loss_mask_0: 0.1241  loss_dice_0: 1.965  loss_ce_1: 0.1257  loss_mask_1: 0.08325  loss_dice_1: 1.91  loss_ce_2: 0.1572  loss_mask_2: 0.07571  loss_dice_2: 1.654  loss_ce_3: 0.1571  loss_mask_3: 0.0887  loss_dice_3: 1.822  loss_ce_4: 0.1184  loss_mask_4: 0.06425  loss_dice_4: 1.581  loss_ce_5: 0.1483  loss_mask_5: 0.07502  loss_dice_5: 1.838  loss_ce_6: 0.1153  loss_mask_6: 0.08352  loss_dice_6: 1.57  loss_ce_7: 0.1234  loss_mask_7: 0.07572  loss_dice_7: 1.561  loss_ce_8: 0.1286  loss_mask_8: 0.08035  loss_dice_8: 1.823    time: 0.8152  last_time: 0.7600  data_time: 0.1514  last_data_time: 0.1514   lr: 1.5039e-05  max_mem: 12897M
[02/28 00:41:54 d2.utils.events]:  eta: 1:25:31  iter: 3339  total_loss: 10.8  loss_ce: 0.1355  loss_mask: 0.04291  loss_dice: 0.7318  loss_ce_0: 0.3513  loss_mask_0: 0.07143  loss_dice_0: 0.9081  loss_ce_1: 0.1919  loss_mask_1: 0.04343  loss_dice_1: 0.7828  loss_ce_2: 0.2102  loss_mask_2: 0.06369  loss_dice_2: 1.012  loss_ce_3: 0.113  loss_mask_3: 0.05061  loss_dice_3: 0.8844  loss_ce_4: 0.1053  loss_mask_4: 0.05163  loss_dice_4: 0.9153  loss_ce_5: 0.2189  loss_mask_5: 0.05165  loss_dice_5: 0.8704  loss_ce_6: 0.1425  loss_mask_6: 0.04276  loss_dice_6: 0.8666  loss_ce_7: 0.1501  loss_mask_7: 0.04725  loss_dice_7: 0.8471  loss_ce_8: 0.1418  loss_mask_8: 0.04435  loss_dice_8: 0.7095    time: 0.8154  last_time: 0.8320  data_time: 0.2175  last_data_time: 0.2175   lr: 1.4985e-05  max_mem: 12897M
[02/28 00:42:10 d2.utils.events]:  eta: 1:25:14  iter: 3359  total_loss: 8.915  loss_ce: 0.05321  loss_mask: 0.07914  loss_dice: 0.7087  loss_ce_0: 0.177  loss_mask_0: 0.1024  loss_dice_0: 1.014  loss_ce_1: 0.07717  loss_mask_1: 0.07744  loss_dice_1: 0.6034  loss_ce_2: 0.06716  loss_mask_2: 0.07223  loss_dice_2: 0.7004  loss_ce_3: 0.07318  loss_mask_3: 0.06512  loss_dice_3: 0.8419  loss_ce_4: 0.08027  loss_mask_4: 0.06171  loss_dice_4: 0.638  loss_ce_5: 0.06372  loss_mask_5: 0.0846  loss_dice_5: 0.6719  loss_ce_6: 0.06014  loss_mask_6: 0.09907  loss_dice_6: 0.7335  loss_ce_7: 0.05579  loss_mask_7: 0.06817  loss_dice_7: 0.7129  loss_ce_8: 0.054  loss_mask_8: 0.08838  loss_dice_8: 0.7306    time: 0.8152  last_time: 0.7260  data_time: 0.1163  last_data_time: 0.1163   lr: 1.493e-05  max_mem: 12897M
[02/28 00:42:27 d2.utils.events]:  eta: 1:25:00  iter: 3379  total_loss: 9.386  loss_ce: 0.04339  loss_mask: 0.06195  loss_dice: 0.6803  loss_ce_0: 0.195  loss_mask_0: 0.07662  loss_dice_0: 0.7411  loss_ce_1: 0.07854  loss_mask_1: 0.07004  loss_dice_1: 1.024  loss_ce_2: 0.0468  loss_mask_2: 0.06497  loss_dice_2: 1.009  loss_ce_3: 0.09096  loss_mask_3: 0.06405  loss_dice_3: 0.7072  loss_ce_4: 0.0827  loss_mask_4: 0.06862  loss_dice_4: 0.8448  loss_ce_5: 0.0638  loss_mask_5: 0.05515  loss_dice_5: 0.5665  loss_ce_6: 0.04683  loss_mask_6: 0.05718  loss_dice_6: 0.861  loss_ce_7: 0.04933  loss_mask_7: 0.05568  loss_dice_7: 0.5764  loss_ce_8: 0.02839  loss_mask_8: 0.05863  loss_dice_8: 1.017    time: 0.8153  last_time: 0.7790  data_time: 0.1716  last_data_time: 0.1716   lr: 1.4875e-05  max_mem: 12897M
[02/28 00:42:43 d2.utils.events]:  eta: 1:24:46  iter: 3399  total_loss: 13.83  loss_ce: 0.1268  loss_mask: 0.1057  loss_dice: 1.129  loss_ce_0: 0.2798  loss_mask_0: 0.1289  loss_dice_0: 1.25  loss_ce_1: 0.2485  loss_mask_1: 0.1141  loss_dice_1: 1.17  loss_ce_2: 0.1682  loss_mask_2: 0.09402  loss_dice_2: 1.044  loss_ce_3: 0.1553  loss_mask_3: 0.08295  loss_dice_3: 1.092  loss_ce_4: 0.1814  loss_mask_4: 0.08724  loss_dice_4: 1.109  loss_ce_5: 0.1867  loss_mask_5: 0.07958  loss_dice_5: 1.024  loss_ce_6: 0.1869  loss_mask_6: 0.08129  loss_dice_6: 1.049  loss_ce_7: 0.17  loss_mask_7: 0.07413  loss_dice_7: 1.061  loss_ce_8: 0.1181  loss_mask_8: 0.1084  loss_dice_8: 1.129    time: 0.8153  last_time: 0.7125  data_time: 0.1083  last_data_time: 0.1083   lr: 1.482e-05  max_mem: 12897M
[02/28 00:42:58 d2.utils.events]:  eta: 1:24:28  iter: 3419  total_loss: 7.988  loss_ce: 0.07472  loss_mask: 0.04666  loss_dice: 0.6152  loss_ce_0: 0.2697  loss_mask_0: 0.08963  loss_dice_0: 0.8378  loss_ce_1: 0.11  loss_mask_1: 0.05073  loss_dice_1: 0.6351  loss_ce_2: 0.04479  loss_mask_2: 0.04811  loss_dice_2: 0.6518  loss_ce_3: 0.03821  loss_mask_3: 0.05265  loss_dice_3: 0.748  loss_ce_4: 0.07077  loss_mask_4: 0.04755  loss_dice_4: 0.6267  loss_ce_5: 0.07618  loss_mask_5: 0.04639  loss_dice_5: 0.6647  loss_ce_6: 0.03308  loss_mask_6: 0.04772  loss_dice_6: 0.6916  loss_ce_7: 0.03395  loss_mask_7: 0.0496  loss_dice_7: 0.6115  loss_ce_8: 0.06663  loss_mask_8: 0.04564  loss_dice_8: 0.5633    time: 0.8150  last_time: 0.7531  data_time: 0.1354  last_data_time: 0.1354   lr: 1.4765e-05  max_mem: 12897M
[02/28 00:43:16 d2.utils.events]:  eta: 1:24:13  iter: 3439  total_loss: 7.631  loss_ce: 0.03048  loss_mask: 0.0473  loss_dice: 0.6278  loss_ce_0: 0.1853  loss_mask_0: 0.07663  loss_dice_0: 0.9197  loss_ce_1: 0.04551  loss_mask_1: 0.04843  loss_dice_1: 0.6302  loss_ce_2: 0.03323  loss_mask_2: 0.05154  loss_dice_2: 0.6471  loss_ce_3: 0.03391  loss_mask_3: 0.05306  loss_dice_3: 0.6393  loss_ce_4: 0.03271  loss_mask_4: 0.04429  loss_dice_4: 0.617  loss_ce_5: 0.02906  loss_mask_5: 0.04643  loss_dice_5: 0.6504  loss_ce_6: 0.02856  loss_mask_6: 0.04766  loss_dice_6: 0.6309  loss_ce_7: 0.02837  loss_mask_7: 0.04655  loss_dice_7: 0.596  loss_ce_8: 0.02929  loss_mask_8: 0.0519  loss_dice_8: 0.6824    time: 0.8153  last_time: 0.9654  data_time: 0.3569  last_data_time: 0.3569   lr: 1.471e-05  max_mem: 12897M
[02/28 00:43:32 d2.utils.events]:  eta: 1:23:59  iter: 3459  total_loss: 12.99  loss_ce: 0.06032  loss_mask: 0.05647  loss_dice: 1.025  loss_ce_0: 0.3439  loss_mask_0: 0.07593  loss_dice_0: 1.151  loss_ce_1: 0.09013  loss_mask_1: 0.06769  loss_dice_1: 1.148  loss_ce_2: 0.08392  loss_mask_2: 0.06522  loss_dice_2: 1.253  loss_ce_3: 0.09601  loss_mask_3: 0.05422  loss_dice_3: 1.124  loss_ce_4: 0.06532  loss_mask_4: 0.0709  loss_dice_4: 1.338  loss_ce_5: 0.08546  loss_mask_5: 0.05703  loss_dice_5: 1.13  loss_ce_6: 0.06026  loss_mask_6: 0.04996  loss_dice_6: 0.9734  loss_ce_7: 0.07771  loss_mask_7: 0.05776  loss_dice_7: 1.145  loss_ce_8: 0.08474  loss_mask_8: 0.05462  loss_dice_8: 1.044    time: 0.8152  last_time: 1.1324  data_time: 0.5172  last_data_time: 0.5172   lr: 1.4654e-05  max_mem: 12897M
[02/28 00:43:49 d2.utils.events]:  eta: 1:23:44  iter: 3479  total_loss: 11.65  loss_ce: 0.119  loss_mask: 0.03785  loss_dice: 1.022  loss_ce_0: 0.3434  loss_mask_0: 0.06247  loss_dice_0: 1.161  loss_ce_1: 0.1725  loss_mask_1: 0.04723  loss_dice_1: 0.9827  loss_ce_2: 0.171  loss_mask_2: 0.0364  loss_dice_2: 0.971  loss_ce_3: 0.114  loss_mask_3: 0.04307  loss_dice_3: 0.9288  loss_ce_4: 0.1013  loss_mask_4: 0.04005  loss_dice_4: 0.9647  loss_ce_5: 0.07831  loss_mask_5: 0.04086  loss_dice_5: 1.027  loss_ce_6: 0.1198  loss_mask_6: 0.03922  loss_dice_6: 0.8934  loss_ce_7: 0.09675  loss_mask_7: 0.03609  loss_dice_7: 0.9126  loss_ce_8: 0.1175  loss_mask_8: 0.03777  loss_dice_8: 0.9301    time: 0.8153  last_time: 0.7582  data_time: 0.1291  last_data_time: 0.1291   lr: 1.4599e-05  max_mem: 12897M
[02/28 00:44:05 d2.utils.events]:  eta: 1:23:24  iter: 3499  total_loss: 7.024  loss_ce: 0.03584  loss_mask: 0.04609  loss_dice: 0.574  loss_ce_0: 0.1664  loss_mask_0: 0.08261  loss_dice_0: 0.734  loss_ce_1: 0.0555  loss_mask_1: 0.05142  loss_dice_1: 0.5711  loss_ce_2: 0.04552  loss_mask_2: 0.04799  loss_dice_2: 0.6216  loss_ce_3: 0.04496  loss_mask_3: 0.05033  loss_dice_3: 0.5901  loss_ce_4: 0.03595  loss_mask_4: 0.05012  loss_dice_4: 0.5866  loss_ce_5: 0.03045  loss_mask_5: 0.04589  loss_dice_5: 0.5876  loss_ce_6: 0.03087  loss_mask_6: 0.04618  loss_dice_6: 0.5595  loss_ce_7: 0.03217  loss_mask_7: 0.04959  loss_dice_7: 0.6227  loss_ce_8: 0.0328  loss_mask_8: 0.04209  loss_dice_8: 0.5536    time: 0.8152  last_time: 0.7591  data_time: 0.1423  last_data_time: 0.1423   lr: 1.4543e-05  max_mem: 12897M
[02/28 00:44:22 d2.utils.events]:  eta: 1:23:04  iter: 3519  total_loss: 7.818  loss_ce: 0.04476  loss_mask: 0.05166  loss_dice: 0.7069  loss_ce_0: 0.2503  loss_mask_0: 0.06838  loss_dice_0: 0.776  loss_ce_1: 0.07512  loss_mask_1: 0.04408  loss_dice_1: 0.6063  loss_ce_2: 0.08533  loss_mask_2: 0.05636  loss_dice_2: 0.6077  loss_ce_3: 0.08859  loss_mask_3: 0.04568  loss_dice_3: 0.5622  loss_ce_4: 0.05809  loss_mask_4: 0.05442  loss_dice_4: 0.6821  loss_ce_5: 0.05008  loss_mask_5: 0.05192  loss_dice_5: 0.6317  loss_ce_6: 0.09609  loss_mask_6: 0.04743  loss_dice_6: 0.5967  loss_ce_7: 0.04466  loss_mask_7: 0.052  loss_dice_7: 0.6596  loss_ce_8: 0.0437  loss_mask_8: 0.04885  loss_dice_8: 0.6313    time: 0.8153  last_time: 1.2977  data_time: 0.5557  last_data_time: 0.5557   lr: 1.4487e-05  max_mem: 12897M
[02/28 00:44:38 d2.utils.events]:  eta: 1:22:44  iter: 3539  total_loss: 11.7  loss_ce: 0.07527  loss_mask: 0.04906  loss_dice: 0.973  loss_ce_0: 0.4065  loss_mask_0: 0.07627  loss_dice_0: 1.234  loss_ce_1: 0.1237  loss_mask_1: 0.05154  loss_dice_1: 1.012  loss_ce_2: 0.1286  loss_mask_2: 0.04655  loss_dice_2: 0.9716  loss_ce_3: 0.1081  loss_mask_3: 0.04859  loss_dice_3: 0.8486  loss_ce_4: 0.1194  loss_mask_4: 0.05058  loss_dice_4: 0.9519  loss_ce_5: 0.08022  loss_mask_5: 0.05474  loss_dice_5: 1.01  loss_ce_6: 0.1002  loss_mask_6: 0.05203  loss_dice_6: 0.9069  loss_ce_7: 0.07242  loss_mask_7: 0.05981  loss_dice_7: 1.024  loss_ce_8: 0.06397  loss_mask_8: 0.0477  loss_dice_8: 0.9521    time: 0.8151  last_time: 0.8121  data_time: 0.1825  last_data_time: 0.1825   lr: 1.443e-05  max_mem: 12897M
[02/28 00:44:53 d2.utils.events]:  eta: 1:22:35  iter: 3559  total_loss: 11.64  loss_ce: 0.1016  loss_mask: 0.03638  loss_dice: 0.9013  loss_ce_0: 0.3985  loss_mask_0: 0.04756  loss_dice_0: 0.9737  loss_ce_1: 0.1556  loss_mask_1: 0.04306  loss_dice_1: 1.049  loss_ce_2: 0.09223  loss_mask_2: 0.05554  loss_dice_2: 1.092  loss_ce_3: 0.1024  loss_mask_3: 0.04398  loss_dice_3: 0.9944  loss_ce_4: 0.1175  loss_mask_4: 0.04168  loss_dice_4: 0.958  loss_ce_5: 0.1224  loss_mask_5: 0.04456  loss_dice_5: 0.9466  loss_ce_6: 0.0871  loss_mask_6: 0.04456  loss_dice_6: 1.062  loss_ce_7: 0.1052  loss_mask_7: 0.04428  loss_dice_7: 0.9865  loss_ce_8: 0.08513  loss_mask_8: 0.04256  loss_dice_8: 0.8682    time: 0.8149  last_time: 0.7045  data_time: 0.0801  last_data_time: 0.0801   lr: 1.4374e-05  max_mem: 12897M
[02/28 00:45:10 d2.utils.events]:  eta: 1:22:18  iter: 3579  total_loss: 16.54  loss_ce: 0.1762  loss_mask: 0.0616  loss_dice: 1.355  loss_ce_0: 0.3822  loss_mask_0: 0.06841  loss_dice_0: 1.365  loss_ce_1: 0.1703  loss_mask_1: 0.06336  loss_dice_1: 1.544  loss_ce_2: 0.1919  loss_mask_2: 0.05348  loss_dice_2: 1.333  loss_ce_3: 0.2207  loss_mask_3: 0.0464  loss_dice_3: 1.114  loss_ce_4: 0.2229  loss_mask_4: 0.0678  loss_dice_4: 1.46  loss_ce_5: 0.2516  loss_mask_5: 0.05674  loss_dice_5: 1.403  loss_ce_6: 0.1733  loss_mask_6: 0.05648  loss_dice_6: 1.514  loss_ce_7: 0.1502  loss_mask_7: 0.04617  loss_dice_7: 1.282  loss_ce_8: 0.209  loss_mask_8: 0.0612  loss_dice_8: 1.442    time: 0.8150  last_time: 0.7852  data_time: 0.1816  last_data_time: 0.1816   lr: 1.4317e-05  max_mem: 12897M
[02/28 00:45:27 d2.utils.events]:  eta: 1:22:00  iter: 3599  total_loss: 10.02  loss_ce: 0.04122  loss_mask: 0.03805  loss_dice: 0.9051  loss_ce_0: 0.1915  loss_mask_0: 0.04192  loss_dice_0: 0.9073  loss_ce_1: 0.1116  loss_mask_1: 0.03601  loss_dice_1: 0.8334  loss_ce_2: 0.09525  loss_mask_2: 0.034  loss_dice_2: 0.8503  loss_ce_3: 0.07303  loss_mask_3: 0.0346  loss_dice_3: 0.9157  loss_ce_4: 0.03872  loss_mask_4: 0.03728  loss_dice_4: 0.8808  loss_ce_5: 0.03747  loss_mask_5: 0.04003  loss_dice_5: 0.9709  loss_ce_6: 0.08679  loss_mask_6: 0.02881  loss_dice_6: 0.7284  loss_ce_7: 0.03693  loss_mask_7: 0.03868  loss_dice_7: 0.7844  loss_ce_8: 0.07891  loss_mask_8: 0.04046  loss_dice_8: 1.078    time: 0.8150  last_time: 0.7549  data_time: 0.1241  last_data_time: 0.1241   lr: 1.4261e-05  max_mem: 12897M
[02/28 00:45:42 d2.utils.events]:  eta: 1:21:43  iter: 3619  total_loss: 14.03  loss_ce: 0.04944  loss_mask: 0.06528  loss_dice: 1.066  loss_ce_0: 0.2449  loss_mask_0: 0.1386  loss_dice_0: 1.504  loss_ce_1: 0.103  loss_mask_1: 0.08615  loss_dice_1: 1.215  loss_ce_2: 0.06271  loss_mask_2: 0.0884  loss_dice_2: 1.248  loss_ce_3: 0.05167  loss_mask_3: 0.09068  loss_dice_3: 1.191  loss_ce_4: 0.05781  loss_mask_4: 0.08675  loss_dice_4: 1.227  loss_ce_5: 0.04644  loss_mask_5: 0.0795  loss_dice_5: 1.353  loss_ce_6: 0.05554  loss_mask_6: 0.06741  loss_dice_6: 1.127  loss_ce_7: 0.05465  loss_mask_7: 0.07084  loss_dice_7: 1.127  loss_ce_8: 0.04806  loss_mask_8: 0.08922  loss_dice_8: 1.337    time: 0.8148  last_time: 0.9937  data_time: 0.1930  last_data_time: 0.1930   lr: 1.4204e-05  max_mem: 12897M
[02/28 00:45:58 d2.utils.events]:  eta: 1:21:24  iter: 3639  total_loss: 7.822  loss_ce: 0.01861  loss_mask: 0.0603  loss_dice: 0.6724  loss_ce_0: 0.2189  loss_mask_0: 0.09759  loss_dice_0: 0.8136  loss_ce_1: 0.06157  loss_mask_1: 0.06101  loss_dice_1: 0.6231  loss_ce_2: 0.02549  loss_mask_2: 0.06994  loss_dice_2: 0.6484  loss_ce_3: 0.02484  loss_mask_3: 0.06518  loss_dice_3: 0.6269  loss_ce_4: 0.02396  loss_mask_4: 0.06644  loss_dice_4: 0.6238  loss_ce_5: 0.02307  loss_mask_5: 0.06255  loss_dice_5: 0.7256  loss_ce_6: 0.01982  loss_mask_6: 0.06234  loss_dice_6: 0.621  loss_ce_7: 0.01972  loss_mask_7: 0.05713  loss_dice_7: 0.6415  loss_ce_8: 0.01895  loss_mask_8: 0.06731  loss_dice_8: 0.701    time: 0.8147  last_time: 0.7694  data_time: 0.1672  last_data_time: 0.1672   lr: 1.4147e-05  max_mem: 12897M
[02/28 00:46:14 d2.utils.events]:  eta: 1:21:12  iter: 3659  total_loss: 8.854  loss_ce: 0.04337  loss_mask: 0.04818  loss_dice: 0.7576  loss_ce_0: 0.437  loss_mask_0: 0.07739  loss_dice_0: 0.9425  loss_ce_1: 0.05648  loss_mask_1: 0.05092  loss_dice_1: 0.7101  loss_ce_2: 0.0577  loss_mask_2: 0.05142  loss_dice_2: 0.7533  loss_ce_3: 0.04256  loss_mask_3: 0.04727  loss_dice_3: 0.6987  loss_ce_4: 0.03701  loss_mask_4: 0.05347  loss_dice_4: 0.7077  loss_ce_5: 0.04064  loss_mask_5: 0.04919  loss_dice_5: 0.7133  loss_ce_6: 0.04764  loss_mask_6: 0.0447  loss_dice_6: 0.705  loss_ce_7: 0.04845  loss_mask_7: 0.04899  loss_dice_7: 0.714  loss_ce_8: 0.04868  loss_mask_8: 0.04843  loss_dice_8: 0.7723    time: 0.8146  last_time: 0.7487  data_time: 0.1241  last_data_time: 0.1241   lr: 1.4089e-05  max_mem: 12897M
[02/28 00:46:30 d2.utils.events]:  eta: 1:20:56  iter: 3679  total_loss: 7.137  loss_ce: 0.0683  loss_mask: 0.02922  loss_dice: 0.5892  loss_ce_0: 0.1965  loss_mask_0: 0.03658  loss_dice_0: 0.6838  loss_ce_1: 0.1257  loss_mask_1: 0.02929  loss_dice_1: 0.4959  loss_ce_2: 0.07208  loss_mask_2: 0.02815  loss_dice_2: 0.5781  loss_ce_3: 0.08724  loss_mask_3: 0.02922  loss_dice_3: 0.5655  loss_ce_4: 0.1213  loss_mask_4: 0.03422  loss_dice_4: 0.707  loss_ce_5: 0.09819  loss_mask_5: 0.03266  loss_dice_5: 0.6321  loss_ce_6: 0.06518  loss_mask_6: 0.02546  loss_dice_6: 0.4739  loss_ce_7: 0.1136  loss_mask_7: 0.02922  loss_dice_7: 0.5915  loss_ce_8: 0.06402  loss_mask_8: 0.02887  loss_dice_8: 0.505    time: 0.8143  last_time: 0.7755  data_time: 0.1660  last_data_time: 0.1660   lr: 1.4032e-05  max_mem: 12897M
[02/28 00:46:46 d2.utils.events]:  eta: 1:20:28  iter: 3699  total_loss: 10.74  loss_ce: 0.09226  loss_mask: 0.02834  loss_dice: 0.7686  loss_ce_0: 0.2532  loss_mask_0: 0.03412  loss_dice_0: 0.9904  loss_ce_1: 0.1586  loss_mask_1: 0.03305  loss_dice_1: 1.109  loss_ce_2: 0.1246  loss_mask_2: 0.03381  loss_dice_2: 0.825  loss_ce_3: 0.111  loss_mask_3: 0.04496  loss_dice_3: 1.035  loss_ce_4: 0.1084  loss_mask_4: 0.02814  loss_dice_4: 0.8088  loss_ce_5: 0.04979  loss_mask_5: 0.03064  loss_dice_5: 0.8328  loss_ce_6: 0.1026  loss_mask_6: 0.0389  loss_dice_6: 0.9354  loss_ce_7: 0.1136  loss_mask_7: 0.04253  loss_dice_7: 0.8496  loss_ce_8: 0.1794  loss_mask_8: 0.03959  loss_dice_8: 0.9401    time: 0.8142  last_time: 0.7207  data_time: 0.0959  last_data_time: 0.0959   lr: 1.3974e-05  max_mem: 12897M
[02/28 00:47:02 d2.utils.events]:  eta: 1:20:08  iter: 3719  total_loss: 16.62  loss_ce: 0.2426  loss_mask: 0.06819  loss_dice: 1.279  loss_ce_0: 0.819  loss_mask_0: 0.07971  loss_dice_0: 1.576  loss_ce_1: 0.1792  loss_mask_1: 0.07635  loss_dice_1: 1.291  loss_ce_2: 0.2465  loss_mask_2: 0.06485  loss_dice_2: 1.285  loss_ce_3: 0.2095  loss_mask_3: 0.06331  loss_dice_3: 1.335  loss_ce_4: 0.2452  loss_mask_4: 0.06808  loss_dice_4: 1.298  loss_ce_5: 0.2257  loss_mask_5: 0.06726  loss_dice_5: 1.336  loss_ce_6: 0.1984  loss_mask_6: 0.06218  loss_dice_6: 1.14  loss_ce_7: 0.2381  loss_mask_7: 0.06558  loss_dice_7: 1.272  loss_ce_8: 0.2193  loss_mask_8: 0.06898  loss_dice_8: 1.298    time: 0.8142  last_time: 0.7365  data_time: 0.1116  last_data_time: 0.1116   lr: 1.3917e-05  max_mem: 12897M
[02/28 00:47:18 d2.utils.events]:  eta: 1:19:50  iter: 3739  total_loss: 13.7  loss_ce: 0.09106  loss_mask: 0.08506  loss_dice: 1.312  loss_ce_0: 0.306  loss_mask_0: 0.1411  loss_dice_0: 1.472  loss_ce_1: 0.1311  loss_mask_1: 0.1002  loss_dice_1: 1.217  loss_ce_2: 0.08797  loss_mask_2: 0.09728  loss_dice_2: 1.193  loss_ce_3: 0.1167  loss_mask_3: 0.09102  loss_dice_3: 1.179  loss_ce_4: 0.1352  loss_mask_4: 0.07821  loss_dice_4: 1.042  loss_ce_5: 0.07801  loss_mask_5: 0.08651  loss_dice_5: 1.037  loss_ce_6: 0.0733  loss_mask_6: 0.07925  loss_dice_6: 1.025  loss_ce_7: 0.07648  loss_mask_7: 0.08676  loss_dice_7: 1.121  loss_ce_8: 0.07945  loss_mask_8: 0.07084  loss_dice_8: 1.014    time: 0.8139  last_time: 0.7067  data_time: 0.1049  last_data_time: 0.1049   lr: 1.3859e-05  max_mem: 12897M
[02/28 00:47:33 d2.utils.events]:  eta: 1:19:32  iter: 3759  total_loss: 11.48  loss_ce: 0.08412  loss_mask: 0.03363  loss_dice: 1.089  loss_ce_0: 0.2771  loss_mask_0: 0.05241  loss_dice_0: 1.323  loss_ce_1: 0.08121  loss_mask_1: 0.04009  loss_dice_1: 0.9568  loss_ce_2: 0.04736  loss_mask_2: 0.04538  loss_dice_2: 1.172  loss_ce_3: 0.08843  loss_mask_3: 0.03661  loss_dice_3: 0.887  loss_ce_4: 0.08864  loss_mask_4: 0.03562  loss_dice_4: 0.9951  loss_ce_5: 0.07437  loss_mask_5: 0.0333  loss_dice_5: 1.036  loss_ce_6: 0.05249  loss_mask_6: 0.03469  loss_dice_6: 0.9518  loss_ce_7: 0.06881  loss_mask_7: 0.03228  loss_dice_7: 0.9298  loss_ce_8: 0.07178  loss_mask_8: 0.02959  loss_dice_8: 0.8302    time: 0.8138  last_time: 0.7919  data_time: 0.1853  last_data_time: 0.1853   lr: 1.3801e-05  max_mem: 12897M
[02/28 00:47:50 d2.utils.events]:  eta: 1:19:18  iter: 3779  total_loss: 7.695  loss_ce: 0.06775  loss_mask: 0.0277  loss_dice: 0.6663  loss_ce_0: 0.312  loss_mask_0: 0.04661  loss_dice_0: 0.8885  loss_ce_1: 0.1044  loss_mask_1: 0.03132  loss_dice_1: 0.6504  loss_ce_2: 0.08872  loss_mask_2: 0.02446  loss_dice_2: 0.4928  loss_ce_3: 0.09013  loss_mask_3: 0.02631  loss_dice_3: 0.5374  loss_ce_4: 0.07555  loss_mask_4: 0.02962  loss_dice_4: 0.6665  loss_ce_5: 0.07197  loss_mask_5: 0.02916  loss_dice_5: 0.5785  loss_ce_6: 0.0657  loss_mask_6: 0.03077  loss_dice_6: 0.6388  loss_ce_7: 0.06639  loss_mask_7: 0.02915  loss_dice_7: 0.6422  loss_ce_8: 0.06836  loss_mask_8: 0.02653  loss_dice_8: 0.6206    time: 0.8139  last_time: 0.7783  data_time: 0.1554  last_data_time: 0.1554   lr: 1.3743e-05  max_mem: 12897M
[02/28 00:48:06 d2.utils.events]:  eta: 1:19:00  iter: 3799  total_loss: 9.504  loss_ce: 0.06743  loss_mask: 0.04992  loss_dice: 0.7208  loss_ce_0: 0.341  loss_mask_0: 0.0711  loss_dice_0: 0.9552  loss_ce_1: 0.1382  loss_mask_1: 0.05509  loss_dice_1: 0.7086  loss_ce_2: 0.115  loss_mask_2: 0.06063  loss_dice_2: 0.803  loss_ce_3: 0.05308  loss_mask_3: 0.05669  loss_dice_3: 0.8546  loss_ce_4: 0.04532  loss_mask_4: 0.055  loss_dice_4: 0.7927  loss_ce_5: 0.0417  loss_mask_5: 0.05344  loss_dice_5: 0.7939  loss_ce_6: 0.04312  loss_mask_6: 0.04792  loss_dice_6: 0.7587  loss_ce_7: 0.04315  loss_mask_7: 0.05456  loss_dice_7: 0.8558  loss_ce_8: 0.04424  loss_mask_8: 0.04991  loss_dice_8: 0.7746    time: 0.8136  last_time: 0.6887  data_time: 0.0678  last_data_time: 0.0678   lr: 1.3684e-05  max_mem: 12897M
[02/28 00:48:23 d2.utils.events]:  eta: 1:18:47  iter: 3819  total_loss: 11.45  loss_ce: 0.05466  loss_mask: 0.0622  loss_dice: 1.031  loss_ce_0: 0.4314  loss_mask_0: 0.06759  loss_dice_0: 1.026  loss_ce_1: 0.08289  loss_mask_1: 0.06161  loss_dice_1: 0.8891  loss_ce_2: 0.125  loss_mask_2: 0.0556  loss_dice_2: 0.9834  loss_ce_3: 0.06528  loss_mask_3: 0.05464  loss_dice_3: 0.9784  loss_ce_4: 0.05485  loss_mask_4: 0.05979  loss_dice_4: 0.9913  loss_ce_5: 0.1055  loss_mask_5: 0.06477  loss_dice_5: 0.9168  loss_ce_6: 0.06053  loss_mask_6: 0.05614  loss_dice_6: 0.9555  loss_ce_7: 0.0568  loss_mask_7: 0.06366  loss_dice_7: 0.9452  loss_ce_8: 0.1289  loss_mask_8: 0.05456  loss_dice_8: 0.9649    time: 0.8139  last_time: 0.8380  data_time: 0.2025  last_data_time: 0.2025   lr: 1.3626e-05  max_mem: 12897M
[02/28 00:48:40 d2.utils.events]:  eta: 1:18:32  iter: 3839  total_loss: 13.27  loss_ce: 0.1049  loss_mask: 0.04055  loss_dice: 1.177  loss_ce_0: 0.2627  loss_mask_0: 0.0633  loss_dice_0: 1.075  loss_ce_1: 0.09586  loss_mask_1: 0.05352  loss_dice_1: 0.9272  loss_ce_2: 0.08509  loss_mask_2: 0.04852  loss_dice_2: 1.234  loss_ce_3: 0.05851  loss_mask_3: 0.05195  loss_dice_3: 1.301  loss_ce_4: 0.08011  loss_mask_4: 0.04569  loss_dice_4: 1.237  loss_ce_5: 0.07948  loss_mask_5: 0.04193  loss_dice_5: 1.232  loss_ce_6: 0.08075  loss_mask_6: 0.04466  loss_dice_6: 1.16  loss_ce_7: 0.1376  loss_mask_7: 0.04609  loss_dice_7: 1.279  loss_ce_8: 0.08615  loss_mask_8: 0.04256  loss_dice_8: 1.096    time: 0.8140  last_time: 0.7188  data_time: 0.1019  last_data_time: 0.1019   lr: 1.3567e-05  max_mem: 12897M
[02/28 00:48:57 d2.utils.events]:  eta: 1:18:18  iter: 3859  total_loss: 12.27  loss_ce: 0.1265  loss_mask: 0.04777  loss_dice: 1.051  loss_ce_0: 0.4792  loss_mask_0: 0.05953  loss_dice_0: 1.145  loss_ce_1: 0.1984  loss_mask_1: 0.04614  loss_dice_1: 1.148  loss_ce_2: 0.1366  loss_mask_2: 0.04527  loss_dice_2: 1.007  loss_ce_3: 0.1142  loss_mask_3: 0.04555  loss_dice_3: 0.951  loss_ce_4: 0.1418  loss_mask_4: 0.04601  loss_dice_4: 0.9618  loss_ce_5: 0.07885  loss_mask_5: 0.04726  loss_dice_5: 0.9891  loss_ce_6: 0.07396  loss_mask_6: 0.04566  loss_dice_6: 1.015  loss_ce_7: 0.08042  loss_mask_7: 0.04338  loss_dice_7: 0.9924  loss_ce_8: 0.07888  loss_mask_8: 0.04437  loss_dice_8: 1.034    time: 0.8141  last_time: 0.7396  data_time: 0.1012  last_data_time: 0.1012   lr: 1.3508e-05  max_mem: 12897M
[02/28 00:49:13 d2.utils.events]:  eta: 1:18:03  iter: 3879  total_loss: 13.66  loss_ce: 0.07177  loss_mask: 0.04482  loss_dice: 1.195  loss_ce_0: 0.2943  loss_mask_0: 0.06395  loss_dice_0: 1.278  loss_ce_1: 0.1374  loss_mask_1: 0.06421  loss_dice_1: 1.336  loss_ce_2: 0.1639  loss_mask_2: 0.05437  loss_dice_2: 1.237  loss_ce_3: 0.117  loss_mask_3: 0.04713  loss_dice_3: 1.084  loss_ce_4: 0.1156  loss_mask_4: 0.04753  loss_dice_4: 1.041  loss_ce_5: 0.08118  loss_mask_5: 0.04953  loss_dice_5: 1.201  loss_ce_6: 0.1188  loss_mask_6: 0.05144  loss_dice_6: 1.249  loss_ce_7: 0.09993  loss_mask_7: 0.04067  loss_dice_7: 1.04  loss_ce_8: 0.07013  loss_mask_8: 0.04779  loss_dice_8: 1.218    time: 0.8141  last_time: 0.7385  data_time: 0.1363  last_data_time: 0.1363   lr: 1.3449e-05  max_mem: 12897M
[02/28 00:49:29 d2.utils.events]:  eta: 1:17:51  iter: 3899  total_loss: 10.25  loss_ce: 0.08859  loss_mask: 0.0418  loss_dice: 0.7864  loss_ce_0: 0.3416  loss_mask_0: 0.05233  loss_dice_0: 0.9664  loss_ce_1: 0.1748  loss_mask_1: 0.04496  loss_dice_1: 0.7662  loss_ce_2: 0.09605  loss_mask_2: 0.05003  loss_dice_2: 0.7161  loss_ce_3: 0.1004  loss_mask_3: 0.04251  loss_dice_3: 0.8519  loss_ce_4: 0.09076  loss_mask_4: 0.04509  loss_dice_4: 0.9501  loss_ce_5: 0.07935  loss_mask_5: 0.04341  loss_dice_5: 0.7644  loss_ce_6: 0.1358  loss_mask_6: 0.04149  loss_dice_6: 0.9173  loss_ce_7: 0.08524  loss_mask_7: 0.03931  loss_dice_7: 0.8628  loss_ce_8: 0.1031  loss_mask_8: 0.04114  loss_dice_8: 0.9308    time: 0.8140  last_time: 0.7569  data_time: 0.1388  last_data_time: 0.1388   lr: 1.339e-05  max_mem: 12897M
[02/28 00:49:46 d2.utils.events]:  eta: 1:17:36  iter: 3919  total_loss: 15.83  loss_ce: 0.03197  loss_mask: 0.03638  loss_dice: 1.425  loss_ce_0: 0.2487  loss_mask_0: 0.03562  loss_dice_0: 1.524  loss_ce_1: 0.1196  loss_mask_1: 0.04093  loss_dice_1: 1.402  loss_ce_2: 0.04946  loss_mask_2: 0.03868  loss_dice_2: 1.536  loss_ce_3: 0.04026  loss_mask_3: 0.03793  loss_dice_3: 1.45  loss_ce_4: 0.03224  loss_mask_4: 0.03795  loss_dice_4: 1.399  loss_ce_5: 0.03361  loss_mask_5: 0.03344  loss_dice_5: 1.361  loss_ce_6: 0.02888  loss_mask_6: 0.03758  loss_dice_6: 1.515  loss_ce_7: 0.03276  loss_mask_7: 0.03306  loss_dice_7: 1.375  loss_ce_8: 0.06662  loss_mask_8: 0.05198  loss_dice_8: 1.78    time: 0.8140  last_time: 0.7660  data_time: 0.1622  last_data_time: 0.1622   lr: 1.3331e-05  max_mem: 12897M
[02/28 00:50:02 d2.utils.events]:  eta: 1:17:20  iter: 3939  total_loss: 11.59  loss_ce: 0.093  loss_mask: 0.04421  loss_dice: 0.8704  loss_ce_0: 0.2902  loss_mask_0: 0.06351  loss_dice_0: 1.299  loss_ce_1: 0.18  loss_mask_1: 0.05655  loss_dice_1: 1.019  loss_ce_2: 0.1012  loss_mask_2: 0.05262  loss_dice_2: 0.9606  loss_ce_3: 0.1087  loss_mask_3: 0.04297  loss_dice_3: 0.9656  loss_ce_4: 0.08964  loss_mask_4: 0.05068  loss_dice_4: 0.9421  loss_ce_5: 0.1109  loss_mask_5: 0.04186  loss_dice_5: 0.8628  loss_ce_6: 0.09265  loss_mask_6: 0.04048  loss_dice_6: 0.8895  loss_ce_7: 0.04802  loss_mask_7: 0.04883  loss_dice_7: 1.138  loss_ce_8: 0.09768  loss_mask_8: 0.05192  loss_dice_8: 0.9399    time: 0.8140  last_time: 0.7330  data_time: 0.1195  last_data_time: 0.1195   lr: 1.3272e-05  max_mem: 12897M
[02/28 00:50:20 d2.utils.events]:  eta: 1:17:03  iter: 3959  total_loss: 10.77  loss_ce: 0.04538  loss_mask: 0.08088  loss_dice: 0.8214  loss_ce_0: 0.1915  loss_mask_0: 0.08952  loss_dice_0: 1.005  loss_ce_1: 0.06965  loss_mask_1: 0.08832  loss_dice_1: 0.9252  loss_ce_2: 0.08312  loss_mask_2: 0.09298  loss_dice_2: 1.166  loss_ce_3: 0.05074  loss_mask_3: 0.08828  loss_dice_3: 0.876  loss_ce_4: 0.046  loss_mask_4: 0.08202  loss_dice_4: 0.8716  loss_ce_5: 0.04339  loss_mask_5: 0.07441  loss_dice_5: 0.8505  loss_ce_6: 0.04624  loss_mask_6: 0.07736  loss_dice_6: 0.9035  loss_ce_7: 0.04556  loss_mask_7: 0.08215  loss_dice_7: 1.008  loss_ce_8: 0.04317  loss_mask_8: 0.08077  loss_dice_8: 0.8386    time: 0.8144  last_time: 0.7478  data_time: 0.1290  last_data_time: 0.1290   lr: 1.3212e-05  max_mem: 12897M
[02/28 00:50:37 d2.utils.events]:  eta: 1:16:49  iter: 3979  total_loss: 14.22  loss_ce: 0.0988  loss_mask: 0.1147  loss_dice: 1.055  loss_ce_0: 0.3756  loss_mask_0: 0.1522  loss_dice_0: 1.367  loss_ce_1: 0.1248  loss_mask_1: 0.1265  loss_dice_1: 1.169  loss_ce_2: 0.1084  loss_mask_2: 0.1291  loss_dice_2: 1.245  loss_ce_3: 0.102  loss_mask_3: 0.128  loss_dice_3: 1.169  loss_ce_4: 0.09358  loss_mask_4: 0.1144  loss_dice_4: 1.113  loss_ce_5: 0.09311  loss_mask_5: 0.1168  loss_dice_5: 1.115  loss_ce_6: 0.05026  loss_mask_6: 0.1165  loss_dice_6: 1.185  loss_ce_7: 0.07495  loss_mask_7: 0.1145  loss_dice_7: 1.163  loss_ce_8: 0.04785  loss_mask_8: 0.1214  loss_dice_8: 1.237    time: 0.8145  last_time: 0.7428  data_time: 0.1372  last_data_time: 0.1372   lr: 1.3153e-05  max_mem: 12897M
[02/28 00:50:53 d2.utils.events]:  eta: 1:16:31  iter: 3999  total_loss: 10.84  loss_ce: 0.1139  loss_mask: 0.03061  loss_dice: 1.054  loss_ce_0: 0.3577  loss_mask_0: 0.04408  loss_dice_0: 1.201  loss_ce_1: 0.1115  loss_mask_1: 0.03258  loss_dice_1: 0.9026  loss_ce_2: 0.08973  loss_mask_2: 0.03135  loss_dice_2: 0.896  loss_ce_3: 0.04486  loss_mask_3: 0.02854  loss_dice_3: 0.9635  loss_ce_4: 0.03664  loss_mask_4: 0.02501  loss_dice_4: 0.7821  loss_ce_5: 0.1269  loss_mask_5: 0.03212  loss_dice_5: 1.068  loss_ce_6: 0.03276  loss_mask_6: 0.02463  loss_dice_6: 0.8636  loss_ce_7: 0.04859  loss_mask_7: 0.02248  loss_dice_7: 0.9044  loss_ce_8: 0.03565  loss_mask_8: 0.02914  loss_dice_8: 0.9035    time: 0.8144  last_time: 1.0280  data_time: 0.3030  last_data_time: 0.3030   lr: 1.3093e-05  max_mem: 12897M
[02/28 00:51:08 d2.utils.events]:  eta: 1:16:15  iter: 4019  total_loss: 10.58  loss_ce: 0.03095  loss_mask: 0.02961  loss_dice: 0.9248  loss_ce_0: 0.3126  loss_mask_0: 0.04111  loss_dice_0: 1.053  loss_ce_1: 0.03983  loss_mask_1: 0.04454  loss_dice_1: 1.115  loss_ce_2: 0.03369  loss_mask_2: 0.03603  loss_dice_2: 0.9345  loss_ce_3: 0.03614  loss_mask_3: 0.03275  loss_dice_3: 0.9631  loss_ce_4: 0.03205  loss_mask_4: 0.03343  loss_dice_4: 0.9203  loss_ce_5: 0.02959  loss_mask_5: 0.03111  loss_dice_5: 0.9046  loss_ce_6: 0.03371  loss_mask_6: 0.03284  loss_dice_6: 0.9088  loss_ce_7: 0.03057  loss_mask_7: 0.03384  loss_dice_7: 0.9547  loss_ce_8: 0.03186  loss_mask_8: 0.03219  loss_dice_8: 0.9409    time: 0.8141  last_time: 0.7773  data_time: 0.1666  last_data_time: 0.1666   lr: 1.3033e-05  max_mem: 12897M
[02/28 00:51:24 d2.utils.events]:  eta: 1:16:02  iter: 4039  total_loss: 16.12  loss_ce: 0.1732  loss_mask: 0.06105  loss_dice: 1.298  loss_ce_0: 0.5295  loss_mask_0: 0.05848  loss_dice_0: 1.608  loss_ce_1: 0.11  loss_mask_1: 0.06022  loss_dice_1: 1.374  loss_ce_2: 0.06648  loss_mask_2: 0.06593  loss_dice_2: 1.516  loss_ce_3: 0.1114  loss_mask_3: 0.04909  loss_dice_3: 1.449  loss_ce_4: 0.14  loss_mask_4: 0.0447  loss_dice_4: 1.429  loss_ce_5: 0.1283  loss_mask_5: 0.0505  loss_dice_5: 1.258  loss_ce_6: 0.1911  loss_mask_6: 0.04888  loss_dice_6: 1.276  loss_ce_7: 0.1118  loss_mask_7: 0.04079  loss_dice_7: 1.183  loss_ce_8: 0.2372  loss_mask_8: 0.05344  loss_dice_8: 1.39    time: 0.8140  last_time: 0.8019  data_time: 0.1943  last_data_time: 0.1943   lr: 1.2973e-05  max_mem: 12897M
[02/28 00:51:43 d2.utils.events]:  eta: 1:15:53  iter: 4059  total_loss: 13.61  loss_ce: 0.0461  loss_mask: 0.04817  loss_dice: 1.249  loss_ce_0: 0.2287  loss_mask_0: 0.05055  loss_dice_0: 1.315  loss_ce_1: 0.1007  loss_mask_1: 0.04283  loss_dice_1: 1.007  loss_ce_2: 0.1097  loss_mask_2: 0.05952  loss_dice_2: 1.125  loss_ce_3: 0.06425  loss_mask_3: 0.05414  loss_dice_3: 1.261  loss_ce_4: 0.05105  loss_mask_4: 0.04494  loss_dice_4: 0.9707  loss_ce_5: 0.04633  loss_mask_5: 0.04717  loss_dice_5: 1.15  loss_ce_6: 0.04636  loss_mask_6: 0.05213  loss_dice_6: 1.522  loss_ce_7: 0.03503  loss_mask_7: 0.04628  loss_dice_7: 1.337  loss_ce_8: 0.08439  loss_mask_8: 0.05896  loss_dice_8: 1.361    time: 0.8145  last_time: 1.3439  data_time: 0.4685  last_data_time: 0.4685   lr: 1.2913e-05  max_mem: 12897M
[02/28 00:51:58 d2.utils.events]:  eta: 1:15:32  iter: 4079  total_loss: 7.712  loss_ce: 0.01332  loss_mask: 0.05281  loss_dice: 0.6265  loss_ce_0: 0.1647  loss_mask_0: 0.07303  loss_dice_0: 0.7546  loss_ce_1: 0.02825  loss_mask_1: 0.05658  loss_dice_1: 0.6478  loss_ce_2: 0.01275  loss_mask_2: 0.06096  loss_dice_2: 0.683  loss_ce_3: 0.01609  loss_mask_3: 0.05916  loss_dice_3: 0.7002  loss_ce_4: 0.01516  loss_mask_4: 0.05806  loss_dice_4: 0.7454  loss_ce_5: 0.01313  loss_mask_5: 0.05767  loss_dice_5: 0.669  loss_ce_6: 0.01298  loss_mask_6: 0.05533  loss_dice_6: 0.7204  loss_ce_7: 0.01277  loss_mask_7: 0.05079  loss_dice_7: 0.6593  loss_ce_8: 0.01335  loss_mask_8: 0.0545  loss_dice_8: 0.6243    time: 0.8143  last_time: 0.7281  data_time: 0.1276  last_data_time: 0.1276   lr: 1.2853e-05  max_mem: 12897M
[02/28 00:52:15 d2.utils.events]:  eta: 1:15:19  iter: 4099  total_loss: 9.618  loss_ce: 0.02269  loss_mask: 0.05962  loss_dice: 0.7576  loss_ce_0: 0.1998  loss_mask_0: 0.1086  loss_dice_0: 1.009  loss_ce_1: 0.03388  loss_mask_1: 0.05748  loss_dice_1: 0.8475  loss_ce_2: 0.0319  loss_mask_2: 0.05372  loss_dice_2: 0.7062  loss_ce_3: 0.0614  loss_mask_3: 0.05313  loss_dice_3: 0.6831  loss_ce_4: 0.02185  loss_mask_4: 0.07511  loss_dice_4: 1.052  loss_ce_5: 0.02125  loss_mask_5: 0.06797  loss_dice_5: 0.9234  loss_ce_6: 0.02285  loss_mask_6: 0.06044  loss_dice_6: 0.8476  loss_ce_7: 0.02082  loss_mask_7: 0.0572  loss_dice_7: 0.6867  loss_ce_8: 0.02181  loss_mask_8: 0.06151  loss_dice_8: 0.9917    time: 0.8143  last_time: 0.7711  data_time: 0.1643  last_data_time: 0.1643   lr: 1.2793e-05  max_mem: 12897M
[02/28 00:52:31 d2.utils.events]:  eta: 1:15:13  iter: 4119  total_loss: 9.084  loss_ce: 0.03294  loss_mask: 0.04496  loss_dice: 0.7988  loss_ce_0: 0.2495  loss_mask_0: 0.063  loss_dice_0: 0.9848  loss_ce_1: 0.07788  loss_mask_1: 0.03865  loss_dice_1: 0.8038  loss_ce_2: 0.05745  loss_mask_2: 0.04222  loss_dice_2: 0.688  loss_ce_3: 0.0359  loss_mask_3: 0.04963  loss_dice_3: 1.007  loss_ce_4: 0.03808  loss_mask_4: 0.047  loss_dice_4: 0.846  loss_ce_5: 0.03631  loss_mask_5: 0.04031  loss_dice_5: 0.7239  loss_ce_6: 0.03656  loss_mask_6: 0.04168  loss_dice_6: 0.6995  loss_ce_7: 0.03336  loss_mask_7: 0.04067  loss_dice_7: 0.7769  loss_ce_8: 0.03333  loss_mask_8: 0.04067  loss_dice_8: 0.6756    time: 0.8143  last_time: 0.7369  data_time: 0.1271  last_data_time: 0.1271   lr: 1.2733e-05  max_mem: 12897M
[02/28 00:52:48 d2.utils.events]:  eta: 1:14:55  iter: 4139  total_loss: 16.3  loss_ce: 0.1676  loss_mask: 0.05294  loss_dice: 1.352  loss_ce_0: 0.2488  loss_mask_0: 0.06777  loss_dice_0: 1.592  loss_ce_1: 0.1978  loss_mask_1: 0.03501  loss_dice_1: 1.37  loss_ce_2: 0.208  loss_mask_2: 0.05821  loss_dice_2: 1.427  loss_ce_3: 0.1284  loss_mask_3: 0.04906  loss_dice_3: 1.504  loss_ce_4: 0.1777  loss_mask_4: 0.04002  loss_dice_4: 1.305  loss_ce_5: 0.1222  loss_mask_5: 0.05451  loss_dice_5: 1.363  loss_ce_6: 0.09531  loss_mask_6: 0.04585  loss_dice_6: 1.403  loss_ce_7: 0.09645  loss_mask_7: 0.0523  loss_dice_7: 1.533  loss_ce_8: 0.09466  loss_mask_8: 0.04527  loss_dice_8: 1.416    time: 0.8144  last_time: 1.2998  data_time: 0.6745  last_data_time: 0.6745   lr: 1.2672e-05  max_mem: 12897M
[02/28 00:53:04 d2.utils.events]:  eta: 1:14:40  iter: 4159  total_loss: 12.27  loss_ce: 0.1565  loss_mask: 0.05078  loss_dice: 1.089  loss_ce_0: 0.4235  loss_mask_0: 0.08611  loss_dice_0: 1.268  loss_ce_1: 0.1657  loss_mask_1: 0.05689  loss_dice_1: 0.8761  loss_ce_2: 0.1683  loss_mask_2: 0.05356  loss_dice_2: 1.055  loss_ce_3: 0.1609  loss_mask_3: 0.05058  loss_dice_3: 0.9484  loss_ce_4: 0.1517  loss_mask_4: 0.04906  loss_dice_4: 0.9098  loss_ce_5: 0.1409  loss_mask_5: 0.05247  loss_dice_5: 0.8393  loss_ce_6: 0.1757  loss_mask_6: 0.05423  loss_dice_6: 0.999  loss_ce_7: 0.2088  loss_mask_7: 0.05524  loss_dice_7: 0.8589  loss_ce_8: 0.1426  loss_mask_8: 0.0528  loss_dice_8: 0.9653    time: 0.8142  last_time: 0.7523  data_time: 0.1306  last_data_time: 0.1306   lr: 1.2611e-05  max_mem: 12897M
[02/28 00:53:20 d2.utils.events]:  eta: 1:14:31  iter: 4179  total_loss: 8.804  loss_ce: 0.05573  loss_mask: 0.04369  loss_dice: 0.7096  loss_ce_0: 0.3303  loss_mask_0: 0.05042  loss_dice_0: 0.8365  loss_ce_1: 0.0945  loss_mask_1: 0.04471  loss_dice_1: 0.6917  loss_ce_2: 0.1277  loss_mask_2: 0.0617  loss_dice_2: 0.8187  loss_ce_3: 0.06408  loss_mask_3: 0.04263  loss_dice_3: 0.6751  loss_ce_4: 0.0625  loss_mask_4: 0.04307  loss_dice_4: 0.6999  loss_ce_5: 0.05819  loss_mask_5: 0.04127  loss_dice_5: 0.7066  loss_ce_6: 0.05408  loss_mask_6: 0.04262  loss_dice_6: 0.7706  loss_ce_7: 0.05468  loss_mask_7: 0.04531  loss_dice_7: 0.6735  loss_ce_8: 0.05641  loss_mask_8: 0.04969  loss_dice_8: 0.7985    time: 0.8142  last_time: 0.7555  data_time: 0.1232  last_data_time: 0.1232   lr: 1.2551e-05  max_mem: 12897M
[02/28 00:53:38 d2.utils.events]:  eta: 1:14:17  iter: 4199  total_loss: 12.82  loss_ce: 0.09583  loss_mask: 0.04206  loss_dice: 1.041  loss_ce_0: 0.4314  loss_mask_0: 0.06496  loss_dice_0: 1.409  loss_ce_1: 0.1892  loss_mask_1: 0.04544  loss_dice_1: 1.04  loss_ce_2: 0.1399  loss_mask_2: 0.04719  loss_dice_2: 1.079  loss_ce_3: 0.1176  loss_mask_3: 0.03828  loss_dice_3: 0.939  loss_ce_4: 0.08341  loss_mask_4: 0.04399  loss_dice_4: 1.047  loss_ce_5: 0.07991  loss_mask_5: 0.04634  loss_dice_5: 1.104  loss_ce_6: 0.08189  loss_mask_6: 0.04781  loss_dice_6: 1.071  loss_ce_7: 0.1012  loss_mask_7: 0.04816  loss_dice_7: 1.143  loss_ce_8: 0.09397  loss_mask_8: 0.04428  loss_dice_8: 1.062    time: 0.8146  last_time: 0.7374  data_time: 0.1145  last_data_time: 0.1145   lr: 1.249e-05  max_mem: 12897M
[02/28 00:53:54 d2.utils.events]:  eta: 1:14:01  iter: 4219  total_loss: 11.46  loss_ce: 0.04889  loss_mask: 0.05445  loss_dice: 0.7675  loss_ce_0: 0.1758  loss_mask_0: 0.07977  loss_dice_0: 1.621  loss_ce_1: 0.08283  loss_mask_1: 0.05733  loss_dice_1: 0.9284  loss_ce_2: 0.05832  loss_mask_2: 0.06041  loss_dice_2: 1.048  loss_ce_3: 0.06973  loss_mask_3: 0.0655  loss_dice_3: 0.9671  loss_ce_4: 0.04421  loss_mask_4: 0.07875  loss_dice_4: 1.027  loss_ce_5: 0.04962  loss_mask_5: 0.07715  loss_dice_5: 1.184  loss_ce_6: 0.03844  loss_mask_6: 0.0521  loss_dice_6: 0.8673  loss_ce_7: 0.03704  loss_mask_7: 0.06905  loss_dice_7: 0.9223  loss_ce_8: 0.05296  loss_mask_8: 0.05497  loss_dice_8: 0.824    time: 0.8145  last_time: 0.8729  data_time: 0.2473  last_data_time: 0.2473   lr: 1.2429e-05  max_mem: 12897M
[02/28 00:54:11 d2.utils.events]:  eta: 1:13:47  iter: 4239  total_loss: 11.12  loss_ce: 0.1033  loss_mask: 0.04161  loss_dice: 0.816  loss_ce_0: 0.4674  loss_mask_0: 0.07612  loss_dice_0: 1.129  loss_ce_1: 0.1635  loss_mask_1: 0.04912  loss_dice_1: 0.9718  loss_ce_2: 0.1037  loss_mask_2: 0.0585  loss_dice_2: 1.042  loss_ce_3: 0.09241  loss_mask_3: 0.03615  loss_dice_3: 0.7869  loss_ce_4: 0.2207  loss_mask_4: 0.04403  loss_dice_4: 0.9397  loss_ce_5: 0.1626  loss_mask_5: 0.04879  loss_dice_5: 0.8636  loss_ce_6: 0.1079  loss_mask_6: 0.04452  loss_dice_6: 0.835  loss_ce_7: 0.1078  loss_mask_7: 0.0418  loss_dice_7: 0.7835  loss_ce_8: 0.1023  loss_mask_8: 0.04458  loss_dice_8: 0.8326    time: 0.8145  last_time: 1.3100  data_time: 0.6803  last_data_time: 0.6803   lr: 1.2368e-05  max_mem: 12897M
[02/28 00:54:28 d2.utils.events]:  eta: 1:13:37  iter: 4259  total_loss: 11.97  loss_ce: 0.06767  loss_mask: 0.06741  loss_dice: 0.9365  loss_ce_0: 0.3059  loss_mask_0: 0.1061  loss_dice_0: 1.26  loss_ce_1: 0.1504  loss_mask_1: 0.07306  loss_dice_1: 0.9791  loss_ce_2: 0.1157  loss_mask_2: 0.0801  loss_dice_2: 0.9427  loss_ce_3: 0.09845  loss_mask_3: 0.07592  loss_dice_3: 0.9287  loss_ce_4: 0.134  loss_mask_4: 0.06744  loss_dice_4: 1.067  loss_ce_5: 0.08617  loss_mask_5: 0.06854  loss_dice_5: 1.113  loss_ce_6: 0.07221  loss_mask_6: 0.06342  loss_dice_6: 0.9108  loss_ce_7: 0.06696  loss_mask_7: 0.06317  loss_dice_7: 0.8648  loss_ce_8: 0.06938  loss_mask_8: 0.07138  loss_dice_8: 1.065    time: 0.8146  last_time: 0.7872  data_time: 0.1478  last_data_time: 0.1478   lr: 1.2307e-05  max_mem: 12897M
[02/28 00:54:44 d2.utils.events]:  eta: 1:13:21  iter: 4279  total_loss: 8.518  loss_ce: 0.05762  loss_mask: 0.02372  loss_dice: 0.7599  loss_ce_0: 0.2343  loss_mask_0: 0.03862  loss_dice_0: 0.8404  loss_ce_1: 0.0719  loss_mask_1: 0.02341  loss_dice_1: 0.6814  loss_ce_2: 0.07287  loss_mask_2: 0.02622  loss_dice_2: 0.7652  loss_ce_3: 0.05901  loss_mask_3: 0.02895  loss_dice_3: 0.754  loss_ce_4: 0.05197  loss_mask_4: 0.02705  loss_dice_4: 0.7048  loss_ce_5: 0.05493  loss_mask_5: 0.03001  loss_dice_5: 0.7861  loss_ce_6: 0.06126  loss_mask_6: 0.02723  loss_dice_6: 0.7383  loss_ce_7: 0.06277  loss_mask_7: 0.02573  loss_dice_7: 0.7321  loss_ce_8: 0.0595  loss_mask_8: 0.02595  loss_dice_8: 0.693    time: 0.8146  last_time: 0.7803  data_time: 0.1572  last_data_time: 0.1572   lr: 1.2246e-05  max_mem: 12897M
[02/28 00:55:00 d2.utils.events]:  eta: 1:13:06  iter: 4299  total_loss: 6.912  loss_ce: 0.02008  loss_mask: 0.03375  loss_dice: 0.5881  loss_ce_0: 0.1952  loss_mask_0: 0.04388  loss_dice_0: 0.6992  loss_ce_1: 0.03119  loss_mask_1: 0.04011  loss_dice_1: 0.6329  loss_ce_2: 0.02902  loss_mask_2: 0.03996  loss_dice_2: 0.5911  loss_ce_3: 0.02611  loss_mask_3: 0.03589  loss_dice_3: 0.5812  loss_ce_4: 0.02417  loss_mask_4: 0.03519  loss_dice_4: 0.6088  loss_ce_5: 0.02072  loss_mask_5: 0.03702  loss_dice_5: 0.6416  loss_ce_6: 0.02105  loss_mask_6: 0.03413  loss_dice_6: 0.6213  loss_ce_7: 0.02071  loss_mask_7: 0.03556  loss_dice_7: 0.5809  loss_ce_8: 0.02068  loss_mask_8: 0.03447  loss_dice_8: 0.5878    time: 0.8145  last_time: 0.7599  data_time: 0.1288  last_data_time: 0.1288   lr: 1.2184e-05  max_mem: 12897M
[02/28 00:55:18 d2.utils.events]:  eta: 1:12:58  iter: 4319  total_loss: 11.75  loss_ce: 0.08421  loss_mask: 0.06748  loss_dice: 0.9066  loss_ce_0: 0.4989  loss_mask_0: 0.08574  loss_dice_0: 1.018  loss_ce_1: 0.1275  loss_mask_1: 0.083  loss_dice_1: 1.035  loss_ce_2: 0.146  loss_mask_2: 0.07578  loss_dice_2: 1.117  loss_ce_3: 0.143  loss_mask_3: 0.0664  loss_dice_3: 1.002  loss_ce_4: 0.1137  loss_mask_4: 0.06584  loss_dice_4: 0.8671  loss_ce_5: 0.1134  loss_mask_5: 0.06766  loss_dice_5: 0.9065  loss_ce_6: 0.09309  loss_mask_6: 0.06353  loss_dice_6: 0.8986  loss_ce_7: 0.1132  loss_mask_7: 0.06273  loss_dice_7: 0.8749  loss_ce_8: 0.09678  loss_mask_8: 0.06431  loss_dice_8: 0.8954    time: 0.8147  last_time: 0.8458  data_time: 0.1891  last_data_time: 0.1891   lr: 1.2123e-05  max_mem: 12897M
[02/28 00:55:34 d2.utils.events]:  eta: 1:12:38  iter: 4339  total_loss: 10.72  loss_ce: 0.03817  loss_mask: 0.04444  loss_dice: 0.9831  loss_ce_0: 0.3569  loss_mask_0: 0.05598  loss_dice_0: 0.966  loss_ce_1: 0.1376  loss_mask_1: 0.04147  loss_dice_1: 0.983  loss_ce_2: 0.1127  loss_mask_2: 0.03959  loss_dice_2: 0.8666  loss_ce_3: 0.09996  loss_mask_3: 0.04292  loss_dice_3: 0.9735  loss_ce_4: 0.099  loss_mask_4: 0.03982  loss_dice_4: 0.7958  loss_ce_5: 0.09418  loss_mask_5: 0.03936  loss_dice_5: 0.9143  loss_ce_6: 0.08539  loss_mask_6: 0.04264  loss_dice_6: 0.8715  loss_ce_7: 0.041  loss_mask_7: 0.04816  loss_dice_7: 0.8998  loss_ce_8: 0.03926  loss_mask_8: 0.04461  loss_dice_8: 0.9191    time: 0.8147  last_time: 0.7671  data_time: 0.1420  last_data_time: 0.1420   lr: 1.2062e-05  max_mem: 12897M
[02/28 00:55:50 d2.utils.events]:  eta: 1:12:23  iter: 4359  total_loss: 13.86  loss_ce: 0.09501  loss_mask: 0.04367  loss_dice: 1.063  loss_ce_0: 0.5609  loss_mask_0: 0.08123  loss_dice_0: 1.656  loss_ce_1: 0.1604  loss_mask_1: 0.07101  loss_dice_1: 1.443  loss_ce_2: 0.1272  loss_mask_2: 0.05575  loss_dice_2: 1.133  loss_ce_3: 0.1225  loss_mask_3: 0.04704  loss_dice_3: 1.213  loss_ce_4: 0.09408  loss_mask_4: 0.04564  loss_dice_4: 1.062  loss_ce_5: 0.1073  loss_mask_5: 0.04563  loss_dice_5: 1.048  loss_ce_6: 0.145  loss_mask_6: 0.04109  loss_dice_6: 0.9935  loss_ce_7: 0.1304  loss_mask_7: 0.04343  loss_dice_7: 1.036  loss_ce_8: 0.1172  loss_mask_8: 0.03954  loss_dice_8: 1.038    time: 0.8146  last_time: 0.7025  data_time: 0.0856  last_data_time: 0.0856   lr: 1.2e-05  max_mem: 12897M
[02/28 00:56:06 d2.utils.events]:  eta: 1:12:04  iter: 4379  total_loss: 7.01  loss_ce: 0.0316  loss_mask: 0.02409  loss_dice: 0.56  loss_ce_0: 0.254  loss_mask_0: 0.03369  loss_dice_0: 0.9604  loss_ce_1: 0.03954  loss_mask_1: 0.01925  loss_dice_1: 0.5159  loss_ce_2: 0.038  loss_mask_2: 0.02229  loss_dice_2: 0.6318  loss_ce_3: 0.03639  loss_mask_3: 0.02436  loss_dice_3: 0.5912  loss_ce_4: 0.03611  loss_mask_4: 0.02333  loss_dice_4: 0.5898  loss_ce_5: 0.03233  loss_mask_5: 0.02488  loss_dice_5: 0.6059  loss_ce_6: 0.02986  loss_mask_6: 0.02271  loss_dice_6: 0.5273  loss_ce_7: 0.03014  loss_mask_7: 0.02221  loss_dice_7: 0.6278  loss_ce_8: 0.033  loss_mask_8: 0.02149  loss_dice_8: 0.601    time: 0.8145  last_time: 0.7266  data_time: 0.1197  last_data_time: 0.1197   lr: 1.1939e-05  max_mem: 12897M
[02/28 00:56:22 d2.utils.events]:  eta: 1:11:48  iter: 4399  total_loss: 16.63  loss_ce: 0.1183  loss_mask: 0.06469  loss_dice: 1.484  loss_ce_0: 0.5044  loss_mask_0: 0.08816  loss_dice_0: 1.649  loss_ce_1: 0.172  loss_mask_1: 0.08399  loss_dice_1: 1.402  loss_ce_2: 0.1108  loss_mask_2: 0.08977  loss_dice_2: 1.535  loss_ce_3: 0.1533  loss_mask_3: 0.07141  loss_dice_3: 1.415  loss_ce_4: 0.1233  loss_mask_4: 0.06517  loss_dice_4: 1.403  loss_ce_5: 0.111  loss_mask_5: 0.06201  loss_dice_5: 1.437  loss_ce_6: 0.09748  loss_mask_6: 0.07044  loss_dice_6: 1.407  loss_ce_7: 0.08399  loss_mask_7: 0.06877  loss_dice_7: 1.226  loss_ce_8: 0.1064  loss_mask_8: 0.06922  loss_dice_8: 1.36    time: 0.8144  last_time: 0.7436  data_time: 0.1212  last_data_time: 0.1212   lr: 1.1877e-05  max_mem: 12897M
[02/28 00:56:38 d2.utils.events]:  eta: 1:11:36  iter: 4419  total_loss: 10.93  loss_ce: 0.04065  loss_mask: 0.04416  loss_dice: 0.7091  loss_ce_0: 0.1583  loss_mask_0: 0.06351  loss_dice_0: 1.155  loss_ce_1: 0.05666  loss_mask_1: 0.04803  loss_dice_1: 0.8636  loss_ce_2: 0.04922  loss_mask_2: 0.05342  loss_dice_2: 1.137  loss_ce_3: 0.04917  loss_mask_3: 0.04529  loss_dice_3: 0.9544  loss_ce_4: 0.04461  loss_mask_4: 0.04737  loss_dice_4: 0.9992  loss_ce_5: 0.07044  loss_mask_5: 0.05341  loss_dice_5: 1.075  loss_ce_6: 0.06275  loss_mask_6: 0.05911  loss_dice_6: 1.217  loss_ce_7: 0.0416  loss_mask_7: 0.04939  loss_dice_7: 0.8754  loss_ce_8: 0.04121  loss_mask_8: 0.04169  loss_dice_8: 0.8228    time: 0.8143  last_time: 0.7113  data_time: 0.1076  last_data_time: 0.1076   lr: 1.1815e-05  max_mem: 12897M
[02/28 00:56:56 d2.utils.events]:  eta: 1:11:25  iter: 4439  total_loss: 7.951  loss_ce: 0.1029  loss_mask: 0.03104  loss_dice: 0.5802  loss_ce_0: 0.3531  loss_mask_0: 0.05235  loss_dice_0: 0.8872  loss_ce_1: 0.1375  loss_mask_1: 0.03208  loss_dice_1: 0.5845  loss_ce_2: 0.1169  loss_mask_2: 0.03301  loss_dice_2: 0.5707  loss_ce_3: 0.1098  loss_mask_3: 0.03436  loss_dice_3: 0.5967  loss_ce_4: 0.1054  loss_mask_4: 0.03077  loss_dice_4: 0.6175  loss_ce_5: 0.09186  loss_mask_5: 0.03155  loss_dice_5: 0.5664  loss_ce_6: 0.09234  loss_mask_6: 0.0299  loss_dice_6: 0.629  loss_ce_7: 0.1015  loss_mask_7: 0.0364  loss_dice_7: 0.6572  loss_ce_8: 0.09871  loss_mask_8: 0.03271  loss_dice_8: 0.6073    time: 0.8147  last_time: 0.8033  data_time: 0.1827  last_data_time: 0.1827   lr: 1.1753e-05  max_mem: 12897M
[02/28 00:57:13 d2.utils.events]:  eta: 1:11:11  iter: 4459  total_loss: 11.84  loss_ce: 0.1193  loss_mask: 0.04838  loss_dice: 0.8473  loss_ce_0: 0.5238  loss_mask_0: 0.07971  loss_dice_0: 1.192  loss_ce_1: 0.1187  loss_mask_1: 0.05573  loss_dice_1: 1.096  loss_ce_2: 0.1059  loss_mask_2: 0.07747  loss_dice_2: 0.9712  loss_ce_3: 0.1197  loss_mask_3: 0.04566  loss_dice_3: 0.9865  loss_ce_4: 0.1103  loss_mask_4: 0.04504  loss_dice_4: 0.9806  loss_ce_5: 0.09477  loss_mask_5: 0.03982  loss_dice_5: 0.9679  loss_ce_6: 0.1542  loss_mask_6: 0.04296  loss_dice_6: 0.9561  loss_ce_7: 0.07934  loss_mask_7: 0.03709  loss_dice_7: 0.8926  loss_ce_8: 0.114  loss_mask_8: 0.04494  loss_dice_8: 0.8893    time: 0.8147  last_time: 0.7821  data_time: 0.1694  last_data_time: 0.1694   lr: 1.1691e-05  max_mem: 12897M
[02/28 00:57:29 d2.utils.events]:  eta: 1:10:55  iter: 4479  total_loss: 12.13  loss_ce: 0.1183  loss_mask: 0.04998  loss_dice: 1.275  loss_ce_0: 0.1792  loss_mask_0: 0.05829  loss_dice_0: 1.26  loss_ce_1: 0.1465  loss_mask_1: 0.05048  loss_dice_1: 1.069  loss_ce_2: 0.1169  loss_mask_2: 0.03687  loss_dice_2: 0.8384  loss_ce_3: 0.1356  loss_mask_3: 0.03923  loss_dice_3: 1.053  loss_ce_4: 0.1309  loss_mask_4: 0.03735  loss_dice_4: 0.9304  loss_ce_5: 0.1152  loss_mask_5: 0.04493  loss_dice_5: 1.27  loss_ce_6: 0.1392  loss_mask_6: 0.04107  loss_dice_6: 0.9511  loss_ce_7: 0.1264  loss_mask_7: 0.03645  loss_dice_7: 0.8703  loss_ce_8: 0.1358  loss_mask_8: 0.03807  loss_dice_8: 0.8352    time: 0.8146  last_time: 0.7260  data_time: 0.1141  last_data_time: 0.1141   lr: 1.1629e-05  max_mem: 12897M
[02/28 00:57:45 d2.utils.events]:  eta: 1:10:38  iter: 4499  total_loss: 9.481  loss_ce: 0.03993  loss_mask: 0.03918  loss_dice: 0.7582  loss_ce_0: 0.2988  loss_mask_0: 0.04757  loss_dice_0: 0.8738  loss_ce_1: 0.07823  loss_mask_1: 0.03922  loss_dice_1: 0.8508  loss_ce_2: 0.1309  loss_mask_2: 0.04356  loss_dice_2: 0.9917  loss_ce_3: 0.05207  loss_mask_3: 0.03934  loss_dice_3: 0.7537  loss_ce_4: 0.04125  loss_mask_4: 0.03728  loss_dice_4: 0.8129  loss_ce_5: 0.03876  loss_mask_5: 0.03499  loss_dice_5: 0.7727  loss_ce_6: 0.04202  loss_mask_6: 0.0426  loss_dice_6: 0.8308  loss_ce_7: 0.04314  loss_mask_7: 0.04156  loss_dice_7: 0.8807  loss_ce_8: 0.08882  loss_mask_8: 0.0355  loss_dice_8: 0.7005    time: 0.8145  last_time: 0.7477  data_time: 0.1288  last_data_time: 0.1288   lr: 1.1567e-05  max_mem: 12897M
[02/28 00:58:02 d2.utils.events]:  eta: 1:10:25  iter: 4519  total_loss: 9.238  loss_ce: 0.1066  loss_mask: 0.03506  loss_dice: 0.7375  loss_ce_0: 0.3262  loss_mask_0: 0.04656  loss_dice_0: 0.8185  loss_ce_1: 0.1235  loss_mask_1: 0.03228  loss_dice_1: 0.7243  loss_ce_2: 0.07691  loss_mask_2: 0.03444  loss_dice_2: 0.9044  loss_ce_3: 0.07356  loss_mask_3: 0.0332  loss_dice_3: 0.7427  loss_ce_4: 0.07366  loss_mask_4: 0.03407  loss_dice_4: 0.7522  loss_ce_5: 0.06343  loss_mask_5: 0.02677  loss_dice_5: 0.6305  loss_ce_6: 0.1046  loss_mask_6: 0.0331  loss_dice_6: 0.7576  loss_ce_7: 0.05194  loss_mask_7: 0.03491  loss_dice_7: 0.856  loss_ce_8: 0.05497  loss_mask_8: 0.03704  loss_dice_8: 0.9117    time: 0.8146  last_time: 1.3072  data_time: 0.7024  last_data_time: 0.7024   lr: 1.1505e-05  max_mem: 12897M
[02/28 00:58:18 d2.utils.events]:  eta: 1:10:10  iter: 4539  total_loss: 11.76  loss_ce: 0.07161  loss_mask: 0.09479  loss_dice: 0.9088  loss_ce_0: 0.244  loss_mask_0: 0.1577  loss_dice_0: 1.09  loss_ce_1: 0.2298  loss_mask_1: 0.08739  loss_dice_1: 0.8685  loss_ce_2: 0.1678  loss_mask_2: 0.1055  loss_dice_2: 1.105  loss_ce_3: 0.1402  loss_mask_3: 0.09347  loss_dice_3: 0.8415  loss_ce_4: 0.1106  loss_mask_4: 0.09734  loss_dice_4: 0.7989  loss_ce_5: 0.1852  loss_mask_5: 0.1043  loss_dice_5: 1.019  loss_ce_6: 0.07279  loss_mask_6: 0.09748  loss_dice_6: 0.8771  loss_ce_7: 0.06257  loss_mask_7: 0.09639  loss_dice_7: 0.9975  loss_ce_8: 0.07286  loss_mask_8: 0.09315  loss_dice_8: 0.868    time: 0.8146  last_time: 1.2466  data_time: 0.6057  last_data_time: 0.6057   lr: 1.1443e-05  max_mem: 12897M
[02/28 00:58:35 d2.utils.events]:  eta: 1:09:54  iter: 4559  total_loss: 10.6  loss_ce: 0.112  loss_mask: 0.08551  loss_dice: 0.8202  loss_ce_0: 0.4129  loss_mask_0: 0.1438  loss_dice_0: 0.9568  loss_ce_1: 0.1626  loss_mask_1: 0.08401  loss_dice_1: 0.7464  loss_ce_2: 0.1083  loss_mask_2: 0.07627  loss_dice_2: 0.7632  loss_ce_3: 0.1855  loss_mask_3: 0.07243  loss_dice_3: 0.7457  loss_ce_4: 0.08635  loss_mask_4: 0.07458  loss_dice_4: 0.8648  loss_ce_5: 0.08466  loss_mask_5: 0.08879  loss_dice_5: 0.7962  loss_ce_6: 0.1112  loss_mask_6: 0.08991  loss_dice_6: 0.8478  loss_ce_7: 0.111  loss_mask_7: 0.09237  loss_dice_7: 0.842  loss_ce_8: 0.1213  loss_mask_8: 0.0874  loss_dice_8: 0.8299    time: 0.8147  last_time: 0.9158  data_time: 0.3010  last_data_time: 0.3010   lr: 1.1381e-05  max_mem: 12897M
[02/28 00:58:51 d2.utils.events]:  eta: 1:09:28  iter: 4579  total_loss: 11.9  loss_ce: 0.1948  loss_mask: 0.06441  loss_dice: 0.8627  loss_ce_0: 0.3627  loss_mask_0: 0.1077  loss_dice_0: 0.959  loss_ce_1: 0.2798  loss_mask_1: 0.06765  loss_dice_1: 0.8844  loss_ce_2: 0.1409  loss_mask_2: 0.0686  loss_dice_2: 0.9608  loss_ce_3: 0.2077  loss_mask_3: 0.07233  loss_dice_3: 0.9294  loss_ce_4: 0.1981  loss_mask_4: 0.06187  loss_dice_4: 0.8408  loss_ce_5: 0.2116  loss_mask_5: 0.0747  loss_dice_5: 0.8867  loss_ce_6: 0.2035  loss_mask_6: 0.06925  loss_dice_6: 0.8836  loss_ce_7: 0.1893  loss_mask_7: 0.06518  loss_dice_7: 0.8705  loss_ce_8: 0.2308  loss_mask_8: 0.06422  loss_dice_8: 0.882    time: 0.8146  last_time: 0.9195  data_time: 0.2971  last_data_time: 0.2971   lr: 1.1319e-05  max_mem: 12897M
[02/28 00:59:08 d2.utils.events]:  eta: 1:09:12  iter: 4599  total_loss: 4.939  loss_ce: 0.01358  loss_mask: 0.02987  loss_dice: 0.4079  loss_ce_0: 0.1539  loss_mask_0: 0.03647  loss_dice_0: 0.4893  loss_ce_1: 0.0172  loss_mask_1: 0.02793  loss_dice_1: 0.4148  loss_ce_2: 0.02351  loss_mask_2: 0.02535  loss_dice_2: 0.3717  loss_ce_3: 0.02333  loss_mask_3: 0.02775  loss_dice_3: 0.4745  loss_ce_4: 0.01822  loss_mask_4: 0.02643  loss_dice_4: 0.4241  loss_ce_5: 0.01626  loss_mask_5: 0.02457  loss_dice_5: 0.4193  loss_ce_6: 0.0135  loss_mask_6: 0.02731  loss_dice_6: 0.4308  loss_ce_7: 0.01255  loss_mask_7: 0.02758  loss_dice_7: 0.3776  loss_ce_8: 0.01382  loss_mask_8: 0.03142  loss_dice_8: 0.5378    time: 0.8148  last_time: 1.2142  data_time: 0.6074  last_data_time: 0.6074   lr: 1.1256e-05  max_mem: 12897M
[02/28 00:59:24 d2.utils.events]:  eta: 1:09:07  iter: 4619  total_loss: 13.93  loss_ce: 0.09152  loss_mask: 0.03791  loss_dice: 1.22  loss_ce_0: 0.2713  loss_mask_0: 0.08472  loss_dice_0: 1.392  loss_ce_1: 0.1863  loss_mask_1: 0.04301  loss_dice_1: 1.253  loss_ce_2: 0.1546  loss_mask_2: 0.04999  loss_dice_2: 1.359  loss_ce_3: 0.09045  loss_mask_3: 0.04294  loss_dice_3: 1.166  loss_ce_4: 0.08457  loss_mask_4: 0.04844  loss_dice_4: 1.103  loss_ce_5: 0.07804  loss_mask_5: 0.03251  loss_dice_5: 1.121  loss_ce_6: 0.09773  loss_mask_6: 0.037  loss_dice_6: 1.3  loss_ce_7: 0.09075  loss_mask_7: 0.03533  loss_dice_7: 1.138  loss_ce_8: 0.1074  loss_mask_8: 0.04111  loss_dice_8: 1.169    time: 0.8147  last_time: 0.7602  data_time: 0.1322  last_data_time: 0.1322   lr: 1.1194e-05  max_mem: 12897M
[02/28 00:59:41 d2.utils.events]:  eta: 1:08:53  iter: 4639  total_loss: 9.687  loss_ce: 0.08162  loss_mask: 0.04422  loss_dice: 0.9327  loss_ce_0: 0.4446  loss_mask_0: 0.174  loss_dice_0: 0.9448  loss_ce_1: 0.1269  loss_mask_1: 0.04468  loss_dice_1: 0.7244  loss_ce_2: 0.1019  loss_mask_2: 0.04166  loss_dice_2: 0.7084  loss_ce_3: 0.07686  loss_mask_3: 0.04211  loss_dice_3: 0.7148  loss_ce_4: 0.06778  loss_mask_4: 0.04484  loss_dice_4: 0.7714  loss_ce_5: 0.07123  loss_mask_5: 0.0414  loss_dice_5: 0.7602  loss_ce_6: 0.07453  loss_mask_6: 0.04191  loss_dice_6: 0.6713  loss_ce_7: 0.1012  loss_mask_7: 0.04242  loss_dice_7: 0.7973  loss_ce_8: 0.09464  loss_mask_8: 0.04443  loss_dice_8: 0.8588    time: 0.8148  last_time: 0.7026  data_time: 0.0785  last_data_time: 0.0785   lr: 1.1132e-05  max_mem: 12897M
[02/28 00:59:57 d2.utils.events]:  eta: 1:08:40  iter: 4659  total_loss: 8.184  loss_ce: 0.02264  loss_mask: 0.03949  loss_dice: 0.7746  loss_ce_0: 0.1424  loss_mask_0: 0.03905  loss_dice_0: 0.8141  loss_ce_1: 0.02894  loss_mask_1: 0.03026  loss_dice_1: 0.7632  loss_ce_2: 0.02282  loss_mask_2: 0.03589  loss_dice_2: 0.6997  loss_ce_3: 0.02538  loss_mask_3: 0.03742  loss_dice_3: 0.7491  loss_ce_4: 0.02408  loss_mask_4: 0.0378  loss_dice_4: 0.9165  loss_ce_5: 0.02165  loss_mask_5: 0.03368  loss_dice_5: 0.7273  loss_ce_6: 0.02063  loss_mask_6: 0.0299  loss_dice_6: 0.603  loss_ce_7: 0.02116  loss_mask_7: 0.03314  loss_dice_7: 0.8032  loss_ce_8: 0.02241  loss_mask_8: 0.0286  loss_dice_8: 0.6359    time: 0.8148  last_time: 0.7822  data_time: 0.1713  last_data_time: 0.1713   lr: 1.1069e-05  max_mem: 12897M
[02/28 01:00:15 d2.utils.events]:  eta: 1:08:25  iter: 4679  total_loss: 10  loss_ce: 0.08092  loss_mask: 0.05602  loss_dice: 0.9806  loss_ce_0: 0.2351  loss_mask_0: 0.06179  loss_dice_0: 0.8274  loss_ce_1: 0.146  loss_mask_1: 0.04288  loss_dice_1: 0.738  loss_ce_2: 0.07896  loss_mask_2: 0.04747  loss_dice_2: 0.8335  loss_ce_3: 0.1554  loss_mask_3: 0.0458  loss_dice_3: 0.7645  loss_ce_4: 0.07793  loss_mask_4: 0.04688  loss_dice_4: 0.8007  loss_ce_5: 0.1458  loss_mask_5: 0.05173  loss_dice_5: 0.9212  loss_ce_6: 0.0894  loss_mask_6: 0.04802  loss_dice_6: 0.6908  loss_ce_7: 0.1525  loss_mask_7: 0.04773  loss_dice_7: 0.9431  loss_ce_8: 0.08246  loss_mask_8: 0.04459  loss_dice_8: 0.7636    time: 0.8151  last_time: 0.7666  data_time: 0.1554  last_data_time: 0.1554   lr: 1.1007e-05  max_mem: 12897M
[02/28 01:00:32 d2.utils.events]:  eta: 1:08:14  iter: 4699  total_loss: 14.62  loss_ce: 0.1839  loss_mask: 0.04124  loss_dice: 1.126  loss_ce_0: 0.5492  loss_mask_0: 0.06473  loss_dice_0: 1.318  loss_ce_1: 0.2728  loss_mask_1: 0.0593  loss_dice_1: 1.097  loss_ce_2: 0.2634  loss_mask_2: 0.04823  loss_dice_2: 1.159  loss_ce_3: 0.1644  loss_mask_3: 0.04947  loss_dice_3: 1.26  loss_ce_4: 0.2012  loss_mask_4: 0.04826  loss_dice_4: 1.198  loss_ce_5: 0.1536  loss_mask_5: 0.04835  loss_dice_5: 1.103  loss_ce_6: 0.2115  loss_mask_6: 0.05196  loss_dice_6: 1.07  loss_ce_7: 0.2213  loss_mask_7: 0.04857  loss_dice_7: 1.173  loss_ce_8: 0.259  loss_mask_8: 0.04489  loss_dice_8: 1.13    time: 0.8152  last_time: 0.8821  data_time: 0.2672  last_data_time: 0.2672   lr: 1.0944e-05  max_mem: 12897M
[02/28 01:00:49 d2.utils.events]:  eta: 1:08:06  iter: 4719  total_loss: 8.545  loss_ce: 0.08465  loss_mask: 0.05186  loss_dice: 0.6554  loss_ce_0: 0.2298  loss_mask_0: 0.06693  loss_dice_0: 0.8018  loss_ce_1: 0.07134  loss_mask_1: 0.0571  loss_dice_1: 0.7923  loss_ce_2: 0.0848  loss_mask_2: 0.05354  loss_dice_2: 0.7085  loss_ce_3: 0.1104  loss_mask_3: 0.0576  loss_dice_3: 0.7283  loss_ce_4: 0.04112  loss_mask_4: 0.05102  loss_dice_4: 0.7443  loss_ce_5: 0.0368  loss_mask_5: 0.04443  loss_dice_5: 0.6824  loss_ce_6: 0.04262  loss_mask_6: 0.04975  loss_dice_6: 0.7053  loss_ce_7: 0.04112  loss_mask_7: 0.04835  loss_dice_7: 0.7056  loss_ce_8: 0.03958  loss_mask_8: 0.05021  loss_dice_8: 0.7083    time: 0.8153  last_time: 0.7550  data_time: 0.1219  last_data_time: 0.1219   lr: 1.0882e-05  max_mem: 12897M
[02/28 01:01:06 d2.utils.events]:  eta: 1:07:52  iter: 4739  total_loss: 10.77  loss_ce: 0.05271  loss_mask: 0.02953  loss_dice: 0.8681  loss_ce_0: 0.3217  loss_mask_0: 0.0459  loss_dice_0: 1.391  loss_ce_1: 0.1341  loss_mask_1: 0.02856  loss_dice_1: 0.9454  loss_ce_2: 0.06244  loss_mask_2: 0.02817  loss_dice_2: 0.9155  loss_ce_3: 0.05392  loss_mask_3: 0.03123  loss_dice_3: 0.871  loss_ce_4: 0.07352  loss_mask_4: 0.02959  loss_dice_4: 0.9636  loss_ce_5: 0.04563  loss_mask_5: 0.02629  loss_dice_5: 0.8241  loss_ce_6: 0.05724  loss_mask_6: 0.02957  loss_dice_6: 1.07  loss_ce_7: 0.04386  loss_mask_7: 0.02846  loss_dice_7: 0.8617  loss_ce_8: 0.04877  loss_mask_8: 0.03003  loss_dice_8: 0.8587    time: 0.8154  last_time: 0.7444  data_time: 0.1227  last_data_time: 0.1227   lr: 1.0819e-05  max_mem: 12897M
[02/28 01:01:21 d2.utils.events]:  eta: 1:07:36  iter: 4759  total_loss: 8.912  loss_ce: 0.07146  loss_mask: 0.029  loss_dice: 0.7067  loss_ce_0: 0.2015  loss_mask_0: 0.04563  loss_dice_0: 1.198  loss_ce_1: 0.08793  loss_mask_1: 0.02822  loss_dice_1: 0.6592  loss_ce_2: 0.09255  loss_mask_2: 0.04585  loss_dice_2: 0.9423  loss_ce_3: 0.05481  loss_mask_3: 0.02077  loss_dice_3: 0.7236  loss_ce_4: 0.09841  loss_mask_4: 0.02529  loss_dice_4: 0.6324  loss_ce_5: 0.09932  loss_mask_5: 0.0253  loss_dice_5: 0.6945  loss_ce_6: 0.0888  loss_mask_6: 0.02421  loss_dice_6: 0.8057  loss_ce_7: 0.07857  loss_mask_7: 0.0244  loss_dice_7: 0.6487  loss_ce_8: 0.08548  loss_mask_8: 0.02536  loss_dice_8: 0.6475    time: 0.8152  last_time: 0.7943  data_time: 0.1794  last_data_time: 0.1794   lr: 1.0756e-05  max_mem: 12897M
[02/28 01:01:38 d2.utils.events]:  eta: 1:07:18  iter: 4779  total_loss: 6.344  loss_ce: 0.05363  loss_mask: 0.03972  loss_dice: 0.5873  loss_ce_0: 0.2681  loss_mask_0: 0.06193  loss_dice_0: 0.6898  loss_ce_1: 0.09142  loss_mask_1: 0.04094  loss_dice_1: 0.4348  loss_ce_2: 0.05471  loss_mask_2: 0.03632  loss_dice_2: 0.4283  loss_ce_3: 0.05239  loss_mask_3: 0.03554  loss_dice_3: 0.411  loss_ce_4: 0.05483  loss_mask_4: 0.03747  loss_dice_4: 0.5121  loss_ce_5: 0.05535  loss_mask_5: 0.03935  loss_dice_5: 0.4579  loss_ce_6: 0.03361  loss_mask_6: 0.04277  loss_dice_6: 0.6425  loss_ce_7: 0.05774  loss_mask_7: 0.03849  loss_dice_7: 0.4515  loss_ce_8: 0.05502  loss_mask_8: 0.03813  loss_dice_8: 0.541    time: 0.8151  last_time: 0.7566  data_time: 0.1297  last_data_time: 0.1297   lr: 1.0694e-05  max_mem: 12897M
[02/28 01:01:55 d2.utils.events]:  eta: 1:07:09  iter: 4799  total_loss: 22.12  loss_ce: 0.2079  loss_mask: 0.1431  loss_dice: 1.7  loss_ce_0: 0.8911  loss_mask_0: 0.1706  loss_dice_0: 2.004  loss_ce_1: 0.2893  loss_mask_1: 0.1664  loss_dice_1: 1.812  loss_ce_2: 0.2461  loss_mask_2: 0.144  loss_dice_2: 1.763  loss_ce_3: 0.2943  loss_mask_3: 0.1442  loss_dice_3: 1.685  loss_ce_4: 0.2113  loss_mask_4: 0.1286  loss_dice_4: 1.754  loss_ce_5: 0.2512  loss_mask_5: 0.1477  loss_dice_5: 1.813  loss_ce_6: 0.176  loss_mask_6: 0.1433  loss_dice_6: 1.622  loss_ce_7: 0.2047  loss_mask_7: 0.1383  loss_dice_7: 1.76  loss_ce_8: 0.2152  loss_mask_8: 0.1385  loss_dice_8: 1.752    time: 0.8153  last_time: 0.8341  data_time: 0.1928  last_data_time: 0.1928   lr: 1.0631e-05  max_mem: 12897M
[02/28 01:02:12 d2.utils.events]:  eta: 1:06:53  iter: 4819  total_loss: 12.65  loss_ce: 0.08266  loss_mask: 0.04931  loss_dice: 1.021  loss_ce_0: 0.8426  loss_mask_0: 0.07691  loss_dice_0: 1.317  loss_ce_1: 0.2179  loss_mask_1: 0.0459  loss_dice_1: 0.9234  loss_ce_2: 0.2104  loss_mask_2: 0.04638  loss_dice_2: 0.9963  loss_ce_3: 0.1379  loss_mask_3: 0.04932  loss_dice_3: 0.8902  loss_ce_4: 0.08716  loss_mask_4: 0.0471  loss_dice_4: 0.9619  loss_ce_5: 0.09065  loss_mask_5: 0.05075  loss_dice_5: 0.9787  loss_ce_6: 0.09131  loss_mask_6: 0.05353  loss_dice_6: 1.067  loss_ce_7: 0.08271  loss_mask_7: 0.05257  loss_dice_7: 1.018  loss_ce_8: 0.0837  loss_mask_8: 0.05141  loss_dice_8: 1.03    time: 0.8153  last_time: 1.1728  data_time: 0.5311  last_data_time: 0.5311   lr: 1.0568e-05  max_mem: 12897M
[02/28 01:02:28 d2.utils.events]:  eta: 1:06:36  iter: 4839  total_loss: 12.7  loss_ce: 0.08698  loss_mask: 0.0627  loss_dice: 1.244  loss_ce_0: 0.2459  loss_mask_0: 0.05234  loss_dice_0: 1.048  loss_ce_1: 0.103  loss_mask_1: 0.05148  loss_dice_1: 1.193  loss_ce_2: 0.1099  loss_mask_2: 0.04833  loss_dice_2: 1.041  loss_ce_3: 0.09046  loss_mask_3: 0.05959  loss_dice_3: 1.151  loss_ce_4: 0.05855  loss_mask_4: 0.03864  loss_dice_4: 0.9768  loss_ce_5: 0.07776  loss_mask_5: 0.04772  loss_dice_5: 0.9632  loss_ce_6: 0.06489  loss_mask_6: 0.04749  loss_dice_6: 1.095  loss_ce_7: 0.09483  loss_mask_7: 0.05441  loss_dice_7: 1.178  loss_ce_8: 0.0565  loss_mask_8: 0.06014  loss_dice_8: 1.294    time: 0.8153  last_time: 0.8028  data_time: 0.1836  last_data_time: 0.1836   lr: 1.0506e-05  max_mem: 12897M
[02/28 01:02:45 d2.utils.events]:  eta: 1:06:23  iter: 4859  total_loss: 12.87  loss_ce: 0.05713  loss_mask: 0.04664  loss_dice: 1.066  loss_ce_0: 0.3633  loss_mask_0: 0.0514  loss_dice_0: 1.296  loss_ce_1: 0.1018  loss_mask_1: 0.05462  loss_dice_1: 1.142  loss_ce_2: 0.07575  loss_mask_2: 0.05161  loss_dice_2: 1.015  loss_ce_3: 0.0586  loss_mask_3: 0.0513  loss_dice_3: 1.075  loss_ce_4: 0.05612  loss_mask_4: 0.05333  loss_dice_4: 1.272  loss_ce_5: 0.08951  loss_mask_5: 0.04339  loss_dice_5: 1.017  loss_ce_6: 0.05561  loss_mask_6: 0.05397  loss_dice_6: 1.187  loss_ce_7: 0.06027  loss_mask_7: 0.05966  loss_dice_7: 1.194  loss_ce_8: 0.05629  loss_mask_8: 0.05341  loss_dice_8: 1.114    time: 0.8153  last_time: 0.8149  data_time: 0.1886  last_data_time: 0.1886   lr: 1.0443e-05  max_mem: 12897M
[02/28 01:03:02 d2.utils.events]:  eta: 1:06:11  iter: 4879  total_loss: 7.998  loss_ce: 0.03645  loss_mask: 0.04774  loss_dice: 0.6117  loss_ce_0: 0.148  loss_mask_0: 0.08445  loss_dice_0: 0.7892  loss_ce_1: 0.06283  loss_mask_1: 0.06636  loss_dice_1: 0.718  loss_ce_2: 0.03717  loss_mask_2: 0.0508  loss_dice_2: 0.6956  loss_ce_3: 0.03712  loss_mask_3: 0.05088  loss_dice_3: 0.6844  loss_ce_4: 0.03226  loss_mask_4: 0.05472  loss_dice_4: 0.7263  loss_ce_5: 0.03083  loss_mask_5: 0.04904  loss_dice_5: 0.6892  loss_ce_6: 0.03491  loss_mask_6: 0.04961  loss_dice_6: 0.8026  loss_ce_7: 0.03513  loss_mask_7: 0.04087  loss_dice_7: 0.6116  loss_ce_8: 0.03646  loss_mask_8: 0.0472  loss_dice_8: 0.6366    time: 0.8156  last_time: 0.7659  data_time: 0.1304  last_data_time: 0.1304   lr: 1.038e-05  max_mem: 12897M
[02/28 01:03:19 d2.utils.events]:  eta: 1:05:58  iter: 4899  total_loss: 11.23  loss_ce: 0.05703  loss_mask: 0.06236  loss_dice: 0.8745  loss_ce_0: 0.386  loss_mask_0: 0.1371  loss_dice_0: 1.152  loss_ce_1: 0.07806  loss_mask_1: 0.08315  loss_dice_1: 0.9903  loss_ce_2: 0.07232  loss_mask_2: 0.09916  loss_dice_2: 0.9686  loss_ce_3: 0.07042  loss_mask_3: 0.08432  loss_dice_3: 0.9366  loss_ce_4: 0.05833  loss_mask_4: 0.07487  loss_dice_4: 0.8728  loss_ce_5: 0.05582  loss_mask_5: 0.07733  loss_dice_5: 0.9747  loss_ce_6: 0.05627  loss_mask_6: 0.07833  loss_dice_6: 0.9293  loss_ce_7: 0.05654  loss_mask_7: 0.07121  loss_dice_7: 0.9018  loss_ce_8: 0.05564  loss_mask_8: 0.07149  loss_dice_8: 0.8475    time: 0.8156  last_time: 0.7523  data_time: 0.1338  last_data_time: 0.1338   lr: 1.0317e-05  max_mem: 12897M
[02/28 01:03:35 d2.utils.events]:  eta: 1:05:43  iter: 4919  total_loss: 12.67  loss_ce: 0.06776  loss_mask: 0.07373  loss_dice: 1.268  loss_ce_0: 0.2761  loss_mask_0: 0.07168  loss_dice_0: 1.118  loss_ce_1: 0.2075  loss_mask_1: 0.04813  loss_dice_1: 0.9394  loss_ce_2: 0.1318  loss_mask_2: 0.05758  loss_dice_2: 1.12  loss_ce_3: 0.1673  loss_mask_3: 0.05699  loss_dice_3: 1.016  loss_ce_4: 0.1449  loss_mask_4: 0.04955  loss_dice_4: 0.9528  loss_ce_5: 0.1063  loss_mask_5: 0.05338  loss_dice_5: 0.9615  loss_ce_6: 0.1118  loss_mask_6: 0.06808  loss_dice_6: 1.164  loss_ce_7: 0.09826  loss_mask_7: 0.06464  loss_dice_7: 1.141  loss_ce_8: 0.1265  loss_mask_8: 0.05742  loss_dice_8: 0.9513    time: 0.8156  last_time: 0.8073  data_time: 0.1675  last_data_time: 0.1675   lr: 1.0254e-05  max_mem: 12897M
[02/28 01:03:52 d2.utils.events]:  eta: 1:05:30  iter: 4939  total_loss: 13.33  loss_ce: 0.04741  loss_mask: 0.05452  loss_dice: 1.148  loss_ce_0: 0.2196  loss_mask_0: 0.05465  loss_dice_0: 1.167  loss_ce_1: 0.0493  loss_mask_1: 0.08488  loss_dice_1: 1.19  loss_ce_2: 0.0539  loss_mask_2: 0.08781  loss_dice_2: 1.11  loss_ce_3: 0.09648  loss_mask_3: 0.07577  loss_dice_3: 1.176  loss_ce_4: 0.09414  loss_mask_4: 0.07721  loss_dice_4: 1.252  loss_ce_5: 0.04533  loss_mask_5: 0.05429  loss_dice_5: 1.092  loss_ce_6: 0.0334  loss_mask_6: 0.06836  loss_dice_6: 1.298  loss_ce_7: 0.04952  loss_mask_7: 0.05268  loss_dice_7: 1.278  loss_ce_8: 0.08988  loss_mask_8: 0.05192  loss_dice_8: 1.181    time: 0.8157  last_time: 0.7512  data_time: 0.1283  last_data_time: 0.1283   lr: 1.0192e-05  max_mem: 12897M
[02/28 01:04:09 d2.utils.events]:  eta: 1:05:12  iter: 4959  total_loss: 5.577  loss_ce: 0.01694  loss_mask: 0.01585  loss_dice: 0.4668  loss_ce_0: 0.1509  loss_mask_0: 0.01671  loss_dice_0: 0.5478  loss_ce_1: 0.02448  loss_mask_1: 0.01472  loss_dice_1: 0.4119  loss_ce_2: 0.02497  loss_mask_2: 0.01972  loss_dice_2: 0.4798  loss_ce_3: 0.01654  loss_mask_3: 0.02205  loss_dice_3: 0.672  loss_ce_4: 0.01532  loss_mask_4: 0.01705  loss_dice_4: 0.4386  loss_ce_5: 0.01853  loss_mask_5: 0.0212  loss_dice_5: 0.5623  loss_ce_6: 0.01723  loss_mask_6: 0.01266  loss_dice_6: 0.4008  loss_ce_7: 0.01802  loss_mask_7: 0.02001  loss_dice_7: 0.58  loss_ce_8: 0.01744  loss_mask_8: 0.01596  loss_dice_8: 0.5211    time: 0.8158  last_time: 0.6956  data_time: 0.0812  last_data_time: 0.0812   lr: 1.0129e-05  max_mem: 12897M
[02/28 01:04:25 d2.utils.events]:  eta: 1:04:58  iter: 4979  total_loss: 7.492  loss_ce: 0.1024  loss_mask: 0.02853  loss_dice: 0.585  loss_ce_0: 0.2625  loss_mask_0: 0.04092  loss_dice_0: 0.824  loss_ce_1: 0.1183  loss_mask_1: 0.03742  loss_dice_1: 0.6643  loss_ce_2: 0.1344  loss_mask_2: 0.03086  loss_dice_2: 0.4874  loss_ce_3: 0.1093  loss_mask_3: 0.0366  loss_dice_3: 0.6053  loss_ce_4: 0.1099  loss_mask_4: 0.03263  loss_dice_4: 0.5723  loss_ce_5: 0.04963  loss_mask_5: 0.02996  loss_dice_5: 0.579  loss_ce_6: 0.1008  loss_mask_6: 0.02908  loss_dice_6: 0.485  loss_ce_7: 0.1062  loss_mask_7: 0.03108  loss_dice_7: 0.5398  loss_ce_8: 0.1077  loss_mask_8: 0.03113  loss_dice_8: 0.6203    time: 0.8157  last_time: 0.7537  data_time: 0.1333  last_data_time: 0.1333   lr: 1.0066e-05  max_mem: 12897M
[02/28 01:04:42 fvcore.common.checkpoint]: Saving checkpoint to /mnt/data/mis2025/group_6/Parameter/trained_para/graphene_mid_finetune/model_0004999.pth
[02/28 01:04:43 d2.utils.events]:  eta: 1:04:45  iter: 4999  total_loss: 15.36  loss_ce: 0.1397  loss_mask: 0.131  loss_dice: 1.128  loss_ce_0: 0.8074  loss_mask_0: 0.2086  loss_dice_0: 1.667  loss_ce_1: 0.2142  loss_mask_1: 0.1315  loss_dice_1: 1.28  loss_ce_2: 0.1309  loss_mask_2: 0.1138  loss_dice_2: 1.122  loss_ce_3: 0.1513  loss_mask_3: 0.1032  loss_dice_3: 1.104  loss_ce_4: 0.1544  loss_mask_4: 0.1171  loss_dice_4: 1.112  loss_ce_5: 0.1274  loss_mask_5: 0.1264  loss_dice_5: 1.171  loss_ce_6: 0.1229  loss_mask_6: 0.1237  loss_dice_6: 1.138  loss_ce_7: 0.1278  loss_mask_7: 0.1215  loss_dice_7: 1.111  loss_ce_8: 0.1246  loss_mask_8: 0.128  loss_dice_8: 1.121    time: 0.8159  last_time: 0.7427  data_time: 0.1103  last_data_time: 0.1103   lr: 1.0003e-05  max_mem: 12897M
[02/28 01:04:59 d2.utils.events]:  eta: 1:04:30  iter: 5019  total_loss: 6.993  loss_ce: 0.06481  loss_mask: 0.03751  loss_dice: 0.6097  loss_ce_0: 0.2447  loss_mask_0: 0.04263  loss_dice_0: 0.6356  loss_ce_1: 0.07326  loss_mask_1: 0.0335  loss_dice_1: 0.6167  loss_ce_2: 0.0869  loss_mask_2: 0.04089  loss_dice_2: 0.5524  loss_ce_3: 0.07744  loss_mask_3: 0.03626  loss_dice_3: 0.5884  loss_ce_4: 0.07401  loss_mask_4: 0.03906  loss_dice_4: 0.527  loss_ce_5: 0.06579  loss_mask_5: 0.04137  loss_dice_5: 0.6172  loss_ce_6: 0.06378  loss_mask_6: 0.03388  loss_dice_6: 0.5446  loss_ce_7: 0.06217  loss_mask_7: 0.0385  loss_dice_7: 0.5354  loss_ce_8: 0.05962  loss_mask_8: 0.03477  loss_dice_8: 0.5147    time: 0.8158  last_time: 0.7673  data_time: 0.1434  last_data_time: 0.1434   lr: 9.9403e-06  max_mem: 12897M
[02/28 01:05:15 d2.utils.events]:  eta: 1:04:10  iter: 5039  total_loss: 17.05  loss_ce: 0.1465  loss_mask: 0.0619  loss_dice: 1.354  loss_ce_0: 0.4164  loss_mask_0: 0.08872  loss_dice_0: 1.713  loss_ce_1: 0.2088  loss_mask_1: 0.05642  loss_dice_1: 1.401  loss_ce_2: 0.2184  loss_mask_2: 0.06867  loss_dice_2: 1.38  loss_ce_3: 0.234  loss_mask_3: 0.0584  loss_dice_3: 1.436  loss_ce_4: 0.2268  loss_mask_4: 0.06386  loss_dice_4: 1.255  loss_ce_5: 0.2172  loss_mask_5: 0.06449  loss_dice_5: 1.421  loss_ce_6: 0.1507  loss_mask_6: 0.05808  loss_dice_6: 1.36  loss_ce_7: 0.1402  loss_mask_7: 0.0628  loss_dice_7: 1.567  loss_ce_8: 0.1227  loss_mask_8: 0.061  loss_dice_8: 1.435    time: 0.8157  last_time: 0.9085  data_time: 0.2600  last_data_time: 0.2600   lr: 9.8775e-06  max_mem: 12897M
[02/28 01:05:32 d2.utils.events]:  eta: 1:03:49  iter: 5059  total_loss: 10.39  loss_ce: 0.05437  loss_mask: 0.03334  loss_dice: 0.9373  loss_ce_0: 0.3783  loss_mask_0: 0.05754  loss_dice_0: 1.017  loss_ce_1: 0.08047  loss_mask_1: 0.03619  loss_dice_1: 0.8639  loss_ce_2: 0.08662  loss_mask_2: 0.04091  loss_dice_2: 0.9272  loss_ce_3: 0.1527  loss_mask_3: 0.03974  loss_dice_3: 0.8859  loss_ce_4: 0.08094  loss_mask_4: 0.03914  loss_dice_4: 0.9956  loss_ce_5: 0.06426  loss_mask_5: 0.03949  loss_dice_5: 0.8518  loss_ce_6: 0.0575  loss_mask_6: 0.03891  loss_dice_6: 0.7745  loss_ce_7: 0.09757  loss_mask_7: 0.03992  loss_dice_7: 0.836  loss_ce_8: 0.09877  loss_mask_8: 0.03561  loss_dice_8: 0.7455    time: 0.8157  last_time: 0.7341  data_time: 0.1181  last_data_time: 0.1181   lr: 9.8147e-06  max_mem: 12897M
[02/28 01:05:49 d2.utils.events]:  eta: 1:03:36  iter: 5079  total_loss: 10.02  loss_ce: 0.04836  loss_mask: 0.04614  loss_dice: 0.859  loss_ce_0: 0.3111  loss_mask_0: 0.05575  loss_dice_0: 0.9271  loss_ce_1: 0.06642  loss_mask_1: 0.05287  loss_dice_1: 0.8752  loss_ce_2: 0.0412  loss_mask_2: 0.06273  loss_dice_2: 0.9363  loss_ce_3: 0.06314  loss_mask_3: 0.04921  loss_dice_3: 0.8983  loss_ce_4: 0.06846  loss_mask_4: 0.04538  loss_dice_4: 0.8673  loss_ce_5: 0.06076  loss_mask_5: 0.04316  loss_dice_5: 0.8221  loss_ce_6: 0.06007  loss_mask_6: 0.04125  loss_dice_6: 0.82  loss_ce_7: 0.05335  loss_mask_7: 0.04515  loss_dice_7: 0.8451  loss_ce_8: 0.05179  loss_mask_8: 0.04509  loss_dice_8: 0.8558    time: 0.8158  last_time: 0.8610  data_time: 0.2352  last_data_time: 0.2352   lr: 9.7518e-06  max_mem: 12897M
[02/28 01:06:06 d2.utils.events]:  eta: 1:03:23  iter: 5099  total_loss: 6.878  loss_ce: 0.01425  loss_mask: 0.03878  loss_dice: 0.5675  loss_ce_0: 0.144  loss_mask_0: 0.05051  loss_dice_0: 0.7718  loss_ce_1: 0.02826  loss_mask_1: 0.04145  loss_dice_1: 0.5444  loss_ce_2: 0.01485  loss_mask_2: 0.04364  loss_dice_2: 0.6474  loss_ce_3: 0.01672  loss_mask_3: 0.04358  loss_dice_3: 0.5531  loss_ce_4: 0.01628  loss_mask_4: 0.04163  loss_dice_4: 0.5934  loss_ce_5: 0.0141  loss_mask_5: 0.04561  loss_dice_5: 0.6361  loss_ce_6: 0.01302  loss_mask_6: 0.04561  loss_dice_6: 0.7369  loss_ce_7: 0.01371  loss_mask_7: 0.04013  loss_dice_7: 0.5128  loss_ce_8: 0.0137  loss_mask_8: 0.05355  loss_dice_8: 0.5812    time: 0.8158  last_time: 0.7298  data_time: 0.1171  last_data_time: 0.1171   lr: 9.689e-06  max_mem: 12897M
[02/28 01:06:21 d2.utils.events]:  eta: 1:03:03  iter: 5119  total_loss: 9.194  loss_ce: 0.03041  loss_mask: 0.03124  loss_dice: 0.6409  loss_ce_0: 0.3114  loss_mask_0: 0.0409  loss_dice_0: 0.8845  loss_ce_1: 0.07838  loss_mask_1: 0.0368  loss_dice_1: 0.9355  loss_ce_2: 0.0418  loss_mask_2: 0.04048  loss_dice_2: 0.8294  loss_ce_3: 0.04305  loss_mask_3: 0.03787  loss_dice_3: 0.8959  loss_ce_4: 0.03574  loss_mask_4: 0.03695  loss_dice_4: 0.8838  loss_ce_5: 0.0303  loss_mask_5: 0.03686  loss_dice_5: 0.8638  loss_ce_6: 0.03188  loss_mask_6: 0.03963  loss_dice_6: 0.7896  loss_ce_7: 0.02912  loss_mask_7: 0.03219  loss_dice_7: 0.687  loss_ce_8: 0.03117  loss_mask_8: 0.03227  loss_dice_8: 0.7554    time: 0.8157  last_time: 0.7646  data_time: 0.1444  last_data_time: 0.1444   lr: 9.6262e-06  max_mem: 12897M
[02/28 01:06:38 d2.utils.events]:  eta: 1:02:49  iter: 5139  total_loss: 12.26  loss_ce: 0.1052  loss_mask: 0.06932  loss_dice: 0.9634  loss_ce_0: 0.4099  loss_mask_0: 0.07831  loss_dice_0: 1.203  loss_ce_1: 0.1536  loss_mask_1: 0.05117  loss_dice_1: 1.048  loss_ce_2: 0.1965  loss_mask_2: 0.0636  loss_dice_2: 1.022  loss_ce_3: 0.1566  loss_mask_3: 0.05337  loss_dice_3: 0.9552  loss_ce_4: 0.1133  loss_mask_4: 0.05607  loss_dice_4: 0.8842  loss_ce_5: 0.1035  loss_mask_5: 0.06064  loss_dice_5: 0.8974  loss_ce_6: 0.08207  loss_mask_6: 0.06972  loss_dice_6: 1.175  loss_ce_7: 0.1645  loss_mask_7: 0.06473  loss_dice_7: 0.9771  loss_ce_8: 0.1257  loss_mask_8: 0.05941  loss_dice_8: 0.9027    time: 0.8156  last_time: 0.8010  data_time: 0.1544  last_data_time: 0.1544   lr: 9.5635e-06  max_mem: 12897M
[02/28 01:06:54 d2.utils.events]:  eta: 1:02:36  iter: 5159  total_loss: 7.804  loss_ce: 0.02327  loss_mask: 0.06918  loss_dice: 0.6531  loss_ce_0: 0.1975  loss_mask_0: 0.08903  loss_dice_0: 0.7055  loss_ce_1: 0.01909  loss_mask_1: 0.07661  loss_dice_1: 0.6851  loss_ce_2: 0.01861  loss_mask_2: 0.07122  loss_dice_2: 0.6838  loss_ce_3: 0.02143  loss_mask_3: 0.07181  loss_dice_3: 0.6571  loss_ce_4: 0.0216  loss_mask_4: 0.07875  loss_dice_4: 0.6804  loss_ce_5: 0.02421  loss_mask_5: 0.06779  loss_dice_5: 0.6291  loss_ce_6: 0.02264  loss_mask_6: 0.07476  loss_dice_6: 0.6538  loss_ce_7: 0.02392  loss_mask_7: 0.07571  loss_dice_7: 0.626  loss_ce_8: 0.02503  loss_mask_8: 0.07847  loss_dice_8: 0.6793    time: 0.8156  last_time: 0.8260  data_time: 0.2085  last_data_time: 0.2085   lr: 9.5007e-06  max_mem: 12897M
[02/28 01:07:10 d2.utils.events]:  eta: 1:02:18  iter: 5179  total_loss: 15.42  loss_ce: 0.07524  loss_mask: 0.1438  loss_dice: 1.224  loss_ce_0: 0.5899  loss_mask_0: 0.1558  loss_dice_0: 1.618  loss_ce_1: 0.08369  loss_mask_1: 0.1888  loss_dice_1: 1.209  loss_ce_2: 0.1372  loss_mask_2: 0.1512  loss_dice_2: 1.226  loss_ce_3: 0.15  loss_mask_3: 0.1366  loss_dice_3: 1.234  loss_ce_4: 0.1026  loss_mask_4: 0.1507  loss_dice_4: 1.202  loss_ce_5: 0.1241  loss_mask_5: 0.1334  loss_dice_5: 1.152  loss_ce_6: 0.06815  loss_mask_6: 0.1472  loss_dice_6: 1.173  loss_ce_7: 0.06405  loss_mask_7: 0.1448  loss_dice_7: 1.188  loss_ce_8: 0.08677  loss_mask_8: 0.1503  loss_dice_8: 1.212    time: 0.8156  last_time: 0.8780  data_time: 0.2612  last_data_time: 0.2612   lr: 9.438e-06  max_mem: 12897M
[02/28 01:07:27 d2.utils.events]:  eta: 1:01:59  iter: 5199  total_loss: 9.061  loss_ce: 0.02758  loss_mask: 0.04889  loss_dice: 0.8313  loss_ce_0: 0.2734  loss_mask_0: 0.06092  loss_dice_0: 0.8403  loss_ce_1: 0.05777  loss_mask_1: 0.0582  loss_dice_1: 0.885  loss_ce_2: 0.04369  loss_mask_2: 0.05262  loss_dice_2: 0.8649  loss_ce_3: 0.04101  loss_mask_3: 0.04839  loss_dice_3: 0.795  loss_ce_4: 0.03371  loss_mask_4: 0.04925  loss_dice_4: 0.7281  loss_ce_5: 0.03152  loss_mask_5: 0.0499  loss_dice_5: 0.7998  loss_ce_6: 0.0306  loss_mask_6: 0.04778  loss_dice_6: 0.7902  loss_ce_7: 0.02767  loss_mask_7: 0.04349  loss_dice_7: 0.6996  loss_ce_8: 0.02679  loss_mask_8: 0.04831  loss_dice_8: 0.7256    time: 0.8155  last_time: 1.0042  data_time: 0.3813  last_data_time: 0.3813   lr: 9.3752e-06  max_mem: 12897M
[02/28 01:07:43 d2.utils.events]:  eta: 1:01:45  iter: 5219  total_loss: 14.88  loss_ce: 0.1777  loss_mask: 0.08901  loss_dice: 1.088  loss_ce_0: 0.8375  loss_mask_0: 0.2006  loss_dice_0: 1.642  loss_ce_1: 0.2192  loss_mask_1: 0.09909  loss_dice_1: 1.202  loss_ce_2: 0.1607  loss_mask_2: 0.09967  loss_dice_2: 1.085  loss_ce_3: 0.152  loss_mask_3: 0.08305  loss_dice_3: 1.113  loss_ce_4: 0.1992  loss_mask_4: 0.0953  loss_dice_4: 1.086  loss_ce_5: 0.1434  loss_mask_5: 0.09867  loss_dice_5: 1.094  loss_ce_6: 0.1926  loss_mask_6: 0.08613  loss_dice_6: 1.033  loss_ce_7: 0.1718  loss_mask_7: 0.09144  loss_dice_7: 1.055  loss_ce_8: 0.1644  loss_mask_8: 0.08991  loss_dice_8: 1.025    time: 0.8155  last_time: 0.7825  data_time: 0.1475  last_data_time: 0.1475   lr: 9.3125e-06  max_mem: 12897M
[02/28 01:08:00 d2.utils.events]:  eta: 1:01:28  iter: 5239  total_loss: 12.53  loss_ce: 0.135  loss_mask: 0.0345  loss_dice: 1.082  loss_ce_0: 0.4567  loss_mask_0: 0.05295  loss_dice_0: 1.195  loss_ce_1: 0.1595  loss_mask_1: 0.03176  loss_dice_1: 0.8104  loss_ce_2: 0.1002  loss_mask_2: 0.03709  loss_dice_2: 0.9963  loss_ce_3: 0.06173  loss_mask_3: 0.03639  loss_dice_3: 0.9966  loss_ce_4: 0.07764  loss_mask_4: 0.03512  loss_dice_4: 1.052  loss_ce_5: 0.06955  loss_mask_5: 0.03411  loss_dice_5: 1.024  loss_ce_6: 0.05339  loss_mask_6: 0.04061  loss_dice_6: 1.222  loss_ce_7: 0.05391  loss_mask_7: 0.03985  loss_dice_7: 1.275  loss_ce_8: 0.1498  loss_mask_8: 0.03934  loss_dice_8: 1.18    time: 0.8155  last_time: 0.7506  data_time: 0.1235  last_data_time: 0.1235   lr: 9.2499e-06  max_mem: 12897M
[02/28 01:08:16 d2.utils.events]:  eta: 1:01:10  iter: 5259  total_loss: 10.55  loss_ce: 0.03756  loss_mask: 0.02629  loss_dice: 1.088  loss_ce_0: 0.1648  loss_mask_0: 0.03191  loss_dice_0: 1.267  loss_ce_1: 0.07386  loss_mask_1: 0.02716  loss_dice_1: 1.059  loss_ce_2: 0.0541  loss_mask_2: 0.02929  loss_dice_2: 1.033  loss_ce_3: 0.04402  loss_mask_3: 0.01978  loss_dice_3: 0.6026  loss_ce_4: 0.1292  loss_mask_4: 0.02297  loss_dice_4: 0.6732  loss_ce_5: 0.03968  loss_mask_5: 0.02129  loss_dice_5: 0.6283  loss_ce_6: 0.04049  loss_mask_6: 0.02507  loss_dice_6: 1.042  loss_ce_7: 0.03778  loss_mask_7: 0.02051  loss_dice_7: 1.14  loss_ce_8: 0.06132  loss_mask_8: 0.02598  loss_dice_8: 1.081    time: 0.8155  last_time: 0.7635  data_time: 0.1345  last_data_time: 0.1345   lr: 9.1872e-06  max_mem: 12897M
[02/28 01:08:32 d2.utils.events]:  eta: 1:00:54  iter: 5279  total_loss: 10.22  loss_ce: 0.04697  loss_mask: 0.07118  loss_dice: 0.813  loss_ce_0: 0.2329  loss_mask_0: 0.1234  loss_dice_0: 1.125  loss_ce_1: 0.05781  loss_mask_1: 0.07496  loss_dice_1: 0.67  loss_ce_2: 0.05169  loss_mask_2: 0.07542  loss_dice_2: 0.7486  loss_ce_3: 0.05201  loss_mask_3: 0.07889  loss_dice_3: 1.009  loss_ce_4: 0.05043  loss_mask_4: 0.08104  loss_dice_4: 0.9453  loss_ce_5: 0.05189  loss_mask_5: 0.07124  loss_dice_5: 0.8928  loss_ce_6: 0.04782  loss_mask_6: 0.07009  loss_dice_6: 0.7644  loss_ce_7: 0.04659  loss_mask_7: 0.07526  loss_dice_7: 0.9601  loss_ce_8: 0.04865  loss_mask_8: 0.07201  loss_dice_8: 0.8136    time: 0.8155  last_time: 0.7105  data_time: 0.0906  last_data_time: 0.0906   lr: 9.1246e-06  max_mem: 12897M
[02/28 01:08:48 d2.utils.events]:  eta: 1:00:38  iter: 5299  total_loss: 14.67  loss_ce: 0.06666  loss_mask: 0.06496  loss_dice: 1.249  loss_ce_0: 0.2432  loss_mask_0: 0.06037  loss_dice_0: 1.334  loss_ce_1: 0.047  loss_mask_1: 0.08652  loss_dice_1: 1.395  loss_ce_2: 0.05588  loss_mask_2: 0.07217  loss_dice_2: 1.391  loss_ce_3: 0.05433  loss_mask_3: 0.07505  loss_dice_3: 1.185  loss_ce_4: 0.08289  loss_mask_4: 0.07843  loss_dice_4: 1.389  loss_ce_5: 0.05096  loss_mask_5: 0.08069  loss_dice_5: 1.309  loss_ce_6: 0.0801  loss_mask_6: 0.06781  loss_dice_6: 1.122  loss_ce_7: 0.06571  loss_mask_7: 0.07483  loss_dice_7: 1.401  loss_ce_8: 0.05679  loss_mask_8: 0.0746  loss_dice_8: 1.363    time: 0.8153  last_time: 0.8082  data_time: 0.1937  last_data_time: 0.1937   lr: 9.062e-06  max_mem: 12897M
[02/28 01:09:05 d2.utils.events]:  eta: 1:00:21  iter: 5319  total_loss: 11.75  loss_ce: 0.08253  loss_mask: 0.04898  loss_dice: 1.006  loss_ce_0: 0.2855  loss_mask_0: 0.07126  loss_dice_0: 1.131  loss_ce_1: 0.06848  loss_mask_1: 0.05989  loss_dice_1: 1.021  loss_ce_2: 0.1222  loss_mask_2: 0.05614  loss_dice_2: 1.041  loss_ce_3: 0.08444  loss_mask_3: 0.04349  loss_dice_3: 1.021  loss_ce_4: 0.08309  loss_mask_4: 0.03707  loss_dice_4: 0.8614  loss_ce_5: 0.0953  loss_mask_5: 0.04779  loss_dice_5: 0.9299  loss_ce_6: 0.08021  loss_mask_6: 0.04675  loss_dice_6: 1.06  loss_ce_7: 0.08395  loss_mask_7: 0.04662  loss_dice_7: 0.9578  loss_ce_8: 0.08052  loss_mask_8: 0.05119  loss_dice_8: 1.139    time: 0.8154  last_time: 0.7638  data_time: 0.1501  last_data_time: 0.1501   lr: 8.9995e-06  max_mem: 12897M
[02/28 01:09:23 d2.utils.events]:  eta: 1:00:07  iter: 5339  total_loss: 10.25  loss_ce: 0.06247  loss_mask: 0.04837  loss_dice: 0.765  loss_ce_0: 0.2628  loss_mask_0: 0.0683  loss_dice_0: 0.8894  loss_ce_1: 0.1244  loss_mask_1: 0.04714  loss_dice_1: 0.8034  loss_ce_2: 0.1607  loss_mask_2: 0.06213  loss_dice_2: 0.9325  loss_ce_3: 0.1301  loss_mask_3: 0.05139  loss_dice_3: 0.804  loss_ce_4: 0.07465  loss_mask_4: 0.05497  loss_dice_4: 0.8544  loss_ce_5: 0.0645  loss_mask_5: 0.04935  loss_dice_5: 0.9804  loss_ce_6: 0.1257  loss_mask_6: 0.05305  loss_dice_6: 0.8733  loss_ce_7: 0.1145  loss_mask_7: 0.04565  loss_dice_7: 0.7484  loss_ce_8: 0.05933  loss_mask_8: 0.04396  loss_dice_8: 0.8968    time: 0.8158  last_time: 0.8971  data_time: 0.2822  last_data_time: 0.2822   lr: 8.937e-06  max_mem: 12897M
[02/28 01:09:39 d2.utils.events]:  eta: 0:59:52  iter: 5359  total_loss: 8.671  loss_ce: 0.1187  loss_mask: 0.04206  loss_dice: 0.6646  loss_ce_0: 0.1968  loss_mask_0: 0.07689  loss_dice_0: 0.8974  loss_ce_1: 0.06311  loss_mask_1: 0.04595  loss_dice_1: 0.7767  loss_ce_2: 0.1278  loss_mask_2: 0.03996  loss_dice_2: 0.5542  loss_ce_3: 0.06351  loss_mask_3: 0.04592  loss_dice_3: 0.746  loss_ce_4: 0.05748  loss_mask_4: 0.04239  loss_dice_4: 0.6205  loss_ce_5: 0.05597  loss_mask_5: 0.04213  loss_dice_5: 0.8408  loss_ce_6: 0.1174  loss_mask_6: 0.04239  loss_dice_6: 0.568  loss_ce_7: 0.1037  loss_mask_7: 0.04465  loss_dice_7: 0.7955  loss_ce_8: 0.05228  loss_mask_8: 0.03904  loss_dice_8: 0.7887    time: 0.8157  last_time: 0.7464  data_time: 0.1126  last_data_time: 0.1126   lr: 8.8746e-06  max_mem: 12897M
[02/28 01:09:56 d2.utils.events]:  eta: 0:59:40  iter: 5379  total_loss: 10.06  loss_ce: 0.1498  loss_mask: 0.05349  loss_dice: 0.7915  loss_ce_0: 0.2582  loss_mask_0: 0.08358  loss_dice_0: 0.8476  loss_ce_1: 0.1214  loss_mask_1: 0.06399  loss_dice_1: 0.8709  loss_ce_2: 0.07779  loss_mask_2: 0.0545  loss_dice_2: 0.8285  loss_ce_3: 0.06166  loss_mask_3: 0.06113  loss_dice_3: 0.8203  loss_ce_4: 0.03095  loss_mask_4: 0.06456  loss_dice_4: 0.9228  loss_ce_5: 0.02994  loss_mask_5: 0.06029  loss_dice_5: 1.018  loss_ce_6: 0.07658  loss_mask_6: 0.0492  loss_dice_6: 0.7516  loss_ce_7: 0.0571  loss_mask_7: 0.05129  loss_dice_7: 0.8653  loss_ce_8: 0.06982  loss_mask_8: 0.05222  loss_dice_8: 0.8126    time: 0.8157  last_time: 0.7492  data_time: 0.1258  last_data_time: 0.1258   lr: 8.8121e-06  max_mem: 12897M
[02/28 01:10:12 d2.utils.events]:  eta: 0:59:26  iter: 5399  total_loss: 7.21  loss_ce: 0.0215  loss_mask: 0.03386  loss_dice: 0.7107  loss_ce_0: 0.1507  loss_mask_0: 0.04907  loss_dice_0: 0.6598  loss_ce_1: 0.03683  loss_mask_1: 0.03352  loss_dice_1: 0.732  loss_ce_2: 0.02877  loss_mask_2: 0.04723  loss_dice_2: 0.6798  loss_ce_3: 0.02613  loss_mask_3: 0.04051  loss_dice_3: 0.5987  loss_ce_4: 0.02377  loss_mask_4: 0.03618  loss_dice_4: 0.5805  loss_ce_5: 0.02145  loss_mask_5: 0.04022  loss_dice_5: 0.6025  loss_ce_6: 0.0205  loss_mask_6: 0.03742  loss_dice_6: 0.524  loss_ce_7: 0.02022  loss_mask_7: 0.03945  loss_dice_7: 0.752  loss_ce_8: 0.02303  loss_mask_8: 0.03622  loss_dice_8: 0.6034    time: 0.8156  last_time: 0.7982  data_time: 0.1832  last_data_time: 0.1832   lr: 8.7498e-06  max_mem: 12897M
[02/28 01:10:29 d2.utils.events]:  eta: 0:59:15  iter: 5419  total_loss: 10.14  loss_ce: 0.04912  loss_mask: 0.04576  loss_dice: 0.9226  loss_ce_0: 0.1582  loss_mask_0: 0.05348  loss_dice_0: 1.167  loss_ce_1: 0.09106  loss_mask_1: 0.04686  loss_dice_1: 0.7948  loss_ce_2: 0.04276  loss_mask_2: 0.0395  loss_dice_2: 0.6421  loss_ce_3: 0.05663  loss_mask_3: 0.04722  loss_dice_3: 0.7841  loss_ce_4: 0.1129  loss_mask_4: 0.0423  loss_dice_4: 1.106  loss_ce_5: 0.03997  loss_mask_5: 0.03726  loss_dice_5: 0.9229  loss_ce_6: 0.03971  loss_mask_6: 0.04497  loss_dice_6: 0.898  loss_ce_7: 0.03756  loss_mask_7: 0.03766  loss_dice_7: 1.011  loss_ce_8: 0.03793  loss_mask_8: 0.04161  loss_dice_8: 0.7935    time: 0.8157  last_time: 0.8353  data_time: 0.2068  last_data_time: 0.2068   lr: 8.6875e-06  max_mem: 12897M
[02/28 01:10:45 d2.utils.events]:  eta: 0:58:53  iter: 5439  total_loss: 9.195  loss_ce: 0.0648  loss_mask: 0.03483  loss_dice: 0.8226  loss_ce_0: 0.3034  loss_mask_0: 0.04  loss_dice_0: 1.085  loss_ce_1: 0.1112  loss_mask_1: 0.03456  loss_dice_1: 0.8722  loss_ce_2: 0.05595  loss_mask_2: 0.03356  loss_dice_2: 0.6627  loss_ce_3: 0.06266  loss_mask_3: 0.03248  loss_dice_3: 0.7372  loss_ce_4: 0.06667  loss_mask_4: 0.03323  loss_dice_4: 0.682  loss_ce_5: 0.0601  loss_mask_5: 0.03564  loss_dice_5: 0.7669  loss_ce_6: 0.07905  loss_mask_6: 0.03324  loss_dice_6: 0.7454  loss_ce_7: 0.06647  loss_mask_7: 0.03302  loss_dice_7: 0.7371  loss_ce_8: 0.0675  loss_mask_8: 0.03254  loss_dice_8: 0.8036    time: 0.8156  last_time: 0.9171  data_time: 0.1427  last_data_time: 0.1427   lr: 8.6252e-06  max_mem: 12897M
[02/28 01:11:02 d2.utils.events]:  eta: 0:58:37  iter: 5459  total_loss: 10.67  loss_ce: 0.02809  loss_mask: 0.03706  loss_dice: 0.8225  loss_ce_0: 0.2936  loss_mask_0: 0.0555  loss_dice_0: 1.179  loss_ce_1: 0.0518  loss_mask_1: 0.05257  loss_dice_1: 0.9116  loss_ce_2: 0.05548  loss_mask_2: 0.04497  loss_dice_2: 0.9912  loss_ce_3: 0.04699  loss_mask_3: 0.03933  loss_dice_3: 0.8947  loss_ce_4: 0.03132  loss_mask_4: 0.04517  loss_dice_4: 0.9487  loss_ce_5: 0.02712  loss_mask_5: 0.04382  loss_dice_5: 0.9929  loss_ce_6: 0.03014  loss_mask_6: 0.03839  loss_dice_6: 0.9072  loss_ce_7: 0.04424  loss_mask_7: 0.04139  loss_dice_7: 0.932  loss_ce_8: 0.02761  loss_mask_8: 0.04484  loss_dice_8: 1.013    time: 0.8158  last_time: 0.7381  data_time: 0.1117  last_data_time: 0.1117   lr: 8.563e-06  max_mem: 12897M
[02/28 01:11:19 d2.utils.events]:  eta: 0:58:26  iter: 5479  total_loss: 13.21  loss_ce: 0.05244  loss_mask: 0.04547  loss_dice: 1.161  loss_ce_0: 0.3639  loss_mask_0: 0.0613  loss_dice_0: 1.41  loss_ce_1: 0.1323  loss_mask_1: 0.05253  loss_dice_1: 1.056  loss_ce_2: 0.08559  loss_mask_2: 0.04875  loss_dice_2: 1.019  loss_ce_3: 0.05639  loss_mask_3: 0.04142  loss_dice_3: 1.269  loss_ce_4: 0.05389  loss_mask_4: 0.04082  loss_dice_4: 1.102  loss_ce_5: 0.0541  loss_mask_5: 0.04213  loss_dice_5: 1.229  loss_ce_6: 0.05335  loss_mask_6: 0.04488  loss_dice_6: 1.167  loss_ce_7: 0.1325  loss_mask_7: 0.04428  loss_dice_7: 1.168  loss_ce_8: 0.05168  loss_mask_8: 0.04006  loss_dice_8: 1.133    time: 0.8158  last_time: 0.7998  data_time: 0.1682  last_data_time: 0.1682   lr: 8.5009e-06  max_mem: 12897M
[02/28 01:11:35 d2.utils.events]:  eta: 0:58:13  iter: 5499  total_loss: 20.99  loss_ce: 0.1017  loss_mask: 0.06948  loss_dice: 1.688  loss_ce_0: 0.5923  loss_mask_0: 0.0971  loss_dice_0: 2.275  loss_ce_1: 0.2727  loss_mask_1: 0.1057  loss_dice_1: 1.913  loss_ce_2: 0.2006  loss_mask_2: 0.07662  loss_dice_2: 1.882  loss_ce_3: 0.1564  loss_mask_3: 0.08515  loss_dice_3: 1.883  loss_ce_4: 0.09857  loss_mask_4: 0.0905  loss_dice_4: 1.855  loss_ce_5: 0.1886  loss_mask_5: 0.08553  loss_dice_5: 1.625  loss_ce_6: 0.1215  loss_mask_6: 0.07852  loss_dice_6: 1.794  loss_ce_7: 0.1123  loss_mask_7: 0.06797  loss_dice_7: 1.649  loss_ce_8: 0.09953  loss_mask_8: 0.06993  loss_dice_8: 1.65    time: 0.8158  last_time: 0.7518  data_time: 0.1194  last_data_time: 0.1194   lr: 8.4388e-06  max_mem: 12897M
[02/28 01:11:52 d2.utils.events]:  eta: 0:57:55  iter: 5519  total_loss: 6.838  loss_ce: 0.01558  loss_mask: 0.03176  loss_dice: 0.6569  loss_ce_0: 0.1481  loss_mask_0: 0.04921  loss_dice_0: 0.671  loss_ce_1: 0.02171  loss_mask_1: 0.03764  loss_dice_1: 0.5995  loss_ce_2: 0.02227  loss_mask_2: 0.03413  loss_dice_2: 0.565  loss_ce_3: 0.01675  loss_mask_3: 0.03293  loss_dice_3: 0.5868  loss_ce_4: 0.01521  loss_mask_4: 0.03579  loss_dice_4: 0.582  loss_ce_5: 0.01747  loss_mask_5: 0.03482  loss_dice_5: 0.5998  loss_ce_6: 0.0171  loss_mask_6: 0.03588  loss_dice_6: 0.6301  loss_ce_7: 0.01559  loss_mask_7: 0.03365  loss_dice_7: 0.6766  loss_ce_8: 0.01537  loss_mask_8: 0.0313  loss_dice_8: 0.6078    time: 0.8160  last_time: 0.7171  data_time: 0.1120  last_data_time: 0.1120   lr: 8.3767e-06  max_mem: 12897M
[02/28 01:12:09 d2.utils.events]:  eta: 0:57:41  iter: 5539  total_loss: 9.598  loss_ce: 0.1317  loss_mask: 0.03827  loss_dice: 0.6471  loss_ce_0: 0.5003  loss_mask_0: 0.05614  loss_dice_0: 0.9827  loss_ce_1: 0.1258  loss_mask_1: 0.04536  loss_dice_1: 0.8071  loss_ce_2: 0.09878  loss_mask_2: 0.03848  loss_dice_2: 0.8045  loss_ce_3: 0.07687  loss_mask_3: 0.04033  loss_dice_3: 0.83  loss_ce_4: 0.1373  loss_mask_4: 0.03869  loss_dice_4: 0.7823  loss_ce_5: 0.07155  loss_mask_5: 0.04237  loss_dice_5: 0.7806  loss_ce_6: 0.1065  loss_mask_6: 0.04108  loss_dice_6: 0.7694  loss_ce_7: 0.06638  loss_mask_7: 0.03916  loss_dice_7: 0.7017  loss_ce_8: 0.06357  loss_mask_8: 0.04145  loss_dice_8: 0.692    time: 0.8159  last_time: 0.7669  data_time: 0.1276  last_data_time: 0.1276   lr: 8.3148e-06  max_mem: 12897M
[02/28 01:12:26 d2.utils.events]:  eta: 0:57:25  iter: 5559  total_loss: 8.102  loss_ce: 0.02596  loss_mask: 0.02344  loss_dice: 0.702  loss_ce_0: 0.2083  loss_mask_0: 0.03876  loss_dice_0: 0.965  loss_ce_1: 0.08503  loss_mask_1: 0.02522  loss_dice_1: 0.754  loss_ce_2: 0.132  loss_mask_2: 0.0272  loss_dice_2: 0.5714  loss_ce_3: 0.03249  loss_mask_3: 0.02165  loss_dice_3: 0.7475  loss_ce_4: 0.02685  loss_mask_4: 0.02652  loss_dice_4: 0.638  loss_ce_5: 0.02501  loss_mask_5: 0.03026  loss_dice_5: 0.6934  loss_ce_6: 0.02808  loss_mask_6: 0.02689  loss_dice_6: 0.7778  loss_ce_7: 0.02715  loss_mask_7: 0.02593  loss_dice_7: 0.6399  loss_ce_8: 0.02549  loss_mask_8: 0.02564  loss_dice_8: 0.7256    time: 0.8160  last_time: 1.0008  data_time: 0.3519  last_data_time: 0.3519   lr: 8.2529e-06  max_mem: 12897M
[02/28 01:12:43 d2.utils.events]:  eta: 0:57:14  iter: 5579  total_loss: 9.324  loss_ce: 0.02343  loss_mask: 0.02979  loss_dice: 0.8414  loss_ce_0: 0.2629  loss_mask_0: 0.04691  loss_dice_0: 1.106  loss_ce_1: 0.03458  loss_mask_1: 0.03214  loss_dice_1: 0.5188  loss_ce_2: 0.02948  loss_mask_2: 0.02836  loss_dice_2: 0.7244  loss_ce_3: 0.0284  loss_mask_3: 0.03292  loss_dice_3: 0.8496  loss_ce_4: 0.07517  loss_mask_4: 0.03733  loss_dice_4: 0.7823  loss_ce_5: 0.02223  loss_mask_5: 0.02972  loss_dice_5: 0.9736  loss_ce_6: 0.02365  loss_mask_6: 0.02976  loss_dice_6: 0.8861  loss_ce_7: 0.02283  loss_mask_7: 0.0337  loss_dice_7: 0.968  loss_ce_8: 0.02339  loss_mask_8: 0.0285  loss_dice_8: 0.7985    time: 0.8162  last_time: 0.7446  data_time: 0.1311  last_data_time: 0.1311   lr: 8.191e-06  max_mem: 12897M
[02/28 01:13:00 d2.utils.events]:  eta: 0:57:01  iter: 5599  total_loss: 13.56  loss_ce: 0.1102  loss_mask: 0.0716  loss_dice: 1.063  loss_ce_0: 0.2979  loss_mask_0: 0.08792  loss_dice_0: 1.35  loss_ce_1: 0.142  loss_mask_1: 0.1062  loss_dice_1: 1.09  loss_ce_2: 0.1593  loss_mask_2: 0.05876  loss_dice_2: 1.067  loss_ce_3: 0.0701  loss_mask_3: 0.1005  loss_dice_3: 1.203  loss_ce_4: 0.06865  loss_mask_4: 0.1003  loss_dice_4: 1.24  loss_ce_5: 0.07063  loss_mask_5: 0.08102  loss_dice_5: 1.139  loss_ce_6: 0.06505  loss_mask_6: 0.1016  loss_dice_6: 1.177  loss_ce_7: 0.06552  loss_mask_7: 0.09369  loss_dice_7: 1.151  loss_ce_8: 0.06885  loss_mask_8: 0.0892  loss_dice_8: 1.071    time: 0.8163  last_time: 0.7109  data_time: 0.0849  last_data_time: 0.0849   lr: 8.1293e-06  max_mem: 12897M
[02/28 01:13:16 d2.utils.events]:  eta: 0:56:40  iter: 5619  total_loss: 12.87  loss_ce: 0.189  loss_mask: 0.0361  loss_dice: 1.048  loss_ce_0: 0.2202  loss_mask_0: 0.05949  loss_dice_0: 1.333  loss_ce_1: 0.1218  loss_mask_1: 0.04928  loss_dice_1: 1.126  loss_ce_2: 0.116  loss_mask_2: 0.04488  loss_dice_2: 1.113  loss_ce_3: 0.08154  loss_mask_3: 0.046  loss_dice_3: 1.15  loss_ce_4: 0.1145  loss_mask_4: 0.04099  loss_dice_4: 1.111  loss_ce_5: 0.1002  loss_mask_5: 0.04651  loss_dice_5: 1.077  loss_ce_6: 0.2228  loss_mask_6: 0.03971  loss_dice_6: 1.013  loss_ce_7: 0.1014  loss_mask_7: 0.03926  loss_dice_7: 0.9631  loss_ce_8: 0.05342  loss_mask_8: 0.0464  loss_dice_8: 1.161    time: 0.8162  last_time: 0.7613  data_time: 0.1398  last_data_time: 0.1398   lr: 8.0676e-06  max_mem: 12897M
[02/28 01:13:32 d2.utils.events]:  eta: 0:56:25  iter: 5639  total_loss: 10.37  loss_ce: 0.05121  loss_mask: 0.06262  loss_dice: 0.9665  loss_ce_0: 0.227  loss_mask_0: 0.05451  loss_dice_0: 0.8413  loss_ce_1: 0.04224  loss_mask_1: 0.06934  loss_dice_1: 0.9891  loss_ce_2: 0.05991  loss_mask_2: 0.07437  loss_dice_2: 0.9052  loss_ce_3: 0.0764  loss_mask_3: 0.06206  loss_dice_3: 0.8535  loss_ce_4: 0.07024  loss_mask_4: 0.05996  loss_dice_4: 0.8697  loss_ce_5: 0.05155  loss_mask_5: 0.0541  loss_dice_5: 1.032  loss_ce_6: 0.07397  loss_mask_6: 0.05564  loss_dice_6: 0.8099  loss_ce_7: 0.07617  loss_mask_7: 0.05245  loss_dice_7: 0.8556  loss_ce_8: 0.06875  loss_mask_8: 0.05343  loss_dice_8: 0.8512    time: 0.8162  last_time: 0.7697  data_time: 0.1547  last_data_time: 0.1547   lr: 8.006e-06  max_mem: 12897M
[02/28 01:13:49 d2.utils.events]:  eta: 0:56:07  iter: 5659  total_loss: 16.08  loss_ce: 0.06738  loss_mask: 0.1069  loss_dice: 1.479  loss_ce_0: 0.5284  loss_mask_0: 0.1148  loss_dice_0: 1.423  loss_ce_1: 0.1785  loss_mask_1: 0.09145  loss_dice_1: 1.415  loss_ce_2: 0.176  loss_mask_2: 0.0886  loss_dice_2: 1.265  loss_ce_3: 0.1055  loss_mask_3: 0.07498  loss_dice_3: 1.217  loss_ce_4: 0.1249  loss_mask_4: 0.08261  loss_dice_4: 1.301  loss_ce_5: 0.1297  loss_mask_5: 0.0834  loss_dice_5: 1.306  loss_ce_6: 0.07497  loss_mask_6: 0.08516  loss_dice_6: 1.32  loss_ce_7: 0.08774  loss_mask_7: 0.08507  loss_dice_7: 1.381  loss_ce_8: 0.07007  loss_mask_8: 0.1307  loss_dice_8: 1.481    time: 0.8162  last_time: 0.7013  data_time: 0.0964  last_data_time: 0.0964   lr: 7.9444e-06  max_mem: 12897M
[02/28 01:14:06 d2.utils.events]:  eta: 0:55:53  iter: 5679  total_loss: 8.921  loss_ce: 0.03451  loss_mask: 0.02207  loss_dice: 0.7756  loss_ce_0: 0.2224  loss_mask_0: 0.0295  loss_dice_0: 0.7787  loss_ce_1: 0.1286  loss_mask_1: 0.03482  loss_dice_1: 0.9305  loss_ce_2: 0.08852  loss_mask_2: 0.03018  loss_dice_2: 0.6518  loss_ce_3: 0.03661  loss_mask_3: 0.0302  loss_dice_3: 0.843  loss_ce_4: 0.04741  loss_mask_4: 0.02797  loss_dice_4: 0.8043  loss_ce_5: 0.0443  loss_mask_5: 0.02607  loss_dice_5: 0.8482  loss_ce_6: 0.04016  loss_mask_6: 0.0254  loss_dice_6: 0.6472  loss_ce_7: 0.0397  loss_mask_7: 0.02983  loss_dice_7: 0.845  loss_ce_8: 0.03902  loss_mask_8: 0.02501  loss_dice_8: 0.7945    time: 0.8163  last_time: 0.7868  data_time: 0.1477  last_data_time: 0.1477   lr: 7.883e-06  max_mem: 12897M
[02/28 01:14:23 d2.utils.events]:  eta: 0:55:38  iter: 5699  total_loss: 9.757  loss_ce: 0.01863  loss_mask: 0.05279  loss_dice: 0.8576  loss_ce_0: 0.193  loss_mask_0: 0.08397  loss_dice_0: 1.087  loss_ce_1: 0.03855  loss_mask_1: 0.0475  loss_dice_1: 0.8939  loss_ce_2: 0.09779  loss_mask_2: 0.05762  loss_dice_2: 0.791  loss_ce_3: 0.01877  loss_mask_3: 0.06455  loss_dice_3: 0.9359  loss_ce_4: 0.03435  loss_mask_4: 0.04397  loss_dice_4: 0.6946  loss_ce_5: 0.02004  loss_mask_5: 0.05482  loss_dice_5: 0.9613  loss_ce_6: 0.01919  loss_mask_6: 0.0557  loss_dice_6: 0.8891  loss_ce_7: 0.03668  loss_mask_7: 0.06554  loss_dice_7: 0.8163  loss_ce_8: 0.0359  loss_mask_8: 0.058  loss_dice_8: 0.7327    time: 0.8164  last_time: 0.7917  data_time: 0.1651  last_data_time: 0.1651   lr: 7.8216e-06  max_mem: 12897M
[02/28 01:14:40 d2.utils.events]:  eta: 0:55:21  iter: 5719  total_loss: 7.734  loss_ce: 0.08715  loss_mask: 0.0558  loss_dice: 0.5898  loss_ce_0: 0.2253  loss_mask_0: 0.07756  loss_dice_0: 0.9355  loss_ce_1: 0.05904  loss_mask_1: 0.05583  loss_dice_1: 0.5679  loss_ce_2: 0.106  loss_mask_2: 0.05119  loss_dice_2: 0.55  loss_ce_3: 0.05201  loss_mask_3: 0.05143  loss_dice_3: 0.5944  loss_ce_4: 0.08051  loss_mask_4: 0.04923  loss_dice_4: 0.5843  loss_ce_5: 0.07658  loss_mask_5: 0.05693  loss_dice_5: 0.6313  loss_ce_6: 0.08147  loss_mask_6: 0.05508  loss_dice_6: 0.6225  loss_ce_7: 0.08341  loss_mask_7: 0.05632  loss_dice_7: 0.5912  loss_ce_8: 0.08705  loss_mask_8: 0.04537  loss_dice_8: 0.5737    time: 0.8165  last_time: 0.7868  data_time: 0.1708  last_data_time: 0.1708   lr: 7.7604e-06  max_mem: 12897M
[02/28 01:14:56 d2.utils.events]:  eta: 0:55:05  iter: 5739  total_loss: 10.8  loss_ce: 0.1319  loss_mask: 0.03285  loss_dice: 0.7924  loss_ce_0: 0.5309  loss_mask_0: 0.06035  loss_dice_0: 1.174  loss_ce_1: 0.1674  loss_mask_1: 0.04056  loss_dice_1: 0.9014  loss_ce_2: 0.1257  loss_mask_2: 0.0428  loss_dice_2: 0.9915  loss_ce_3: 0.1372  loss_mask_3: 0.03316  loss_dice_3: 0.7518  loss_ce_4: 0.1547  loss_mask_4: 0.03408  loss_dice_4: 0.7392  loss_ce_5: 0.1541  loss_mask_5: 0.03619  loss_dice_5: 0.84  loss_ce_6: 0.1545  loss_mask_6: 0.03565  loss_dice_6: 0.7919  loss_ce_7: 0.1399  loss_mask_7: 0.03676  loss_dice_7: 0.8484  loss_ce_8: 0.1329  loss_mask_8: 0.03364  loss_dice_8: 0.7491    time: 0.8165  last_time: 0.8014  data_time: 0.1771  last_data_time: 0.1771   lr: 7.6992e-06  max_mem: 12897M
[02/28 01:15:12 d2.utils.events]:  eta: 0:54:49  iter: 5759  total_loss: 11.33  loss_ce: 0.04135  loss_mask: 0.05337  loss_dice: 1.24  loss_ce_0: 0.2665  loss_mask_0: 0.04175  loss_dice_0: 1.119  loss_ce_1: 0.111  loss_mask_1: 0.04626  loss_dice_1: 0.7945  loss_ce_2: 0.1291  loss_mask_2: 0.03477  loss_dice_2: 0.8968  loss_ce_3: 0.07824  loss_mask_3: 0.03721  loss_dice_3: 0.728  loss_ce_4: 0.0772  loss_mask_4: 0.03523  loss_dice_4: 0.8386  loss_ce_5: 0.06418  loss_mask_5: 0.04104  loss_dice_5: 1.068  loss_ce_6: 0.0398  loss_mask_6: 0.04297  loss_dice_6: 1.282  loss_ce_7: 0.03561  loss_mask_7: 0.04375  loss_dice_7: 1.015  loss_ce_8: 0.03659  loss_mask_8: 0.04297  loss_dice_8: 1.049    time: 0.8164  last_time: 0.7834  data_time: 0.1579  last_data_time: 0.1579   lr: 7.6381e-06  max_mem: 12897M
[02/28 01:15:29 d2.utils.events]:  eta: 0:54:34  iter: 5779  total_loss: 15.34  loss_ce: 0.1717  loss_mask: 0.06909  loss_dice: 1.282  loss_ce_0: 0.5175  loss_mask_0: 0.1105  loss_dice_0: 1.384  loss_ce_1: 0.24  loss_mask_1: 0.08311  loss_dice_1: 1.381  loss_ce_2: 0.2296  loss_mask_2: 0.07036  loss_dice_2: 1.235  loss_ce_3: 0.1641  loss_mask_3: 0.06258  loss_dice_3: 1.145  loss_ce_4: 0.1655  loss_mask_4: 0.06158  loss_dice_4: 1.191  loss_ce_5: 0.1497  loss_mask_5: 0.06086  loss_dice_5: 1.285  loss_ce_6: 0.134  loss_mask_6: 0.06407  loss_dice_6: 1.186  loss_ce_7: 0.1774  loss_mask_7: 0.06496  loss_dice_7: 1.25  loss_ce_8: 0.1201  loss_mask_8: 0.06271  loss_dice_8: 1.219    time: 0.8165  last_time: 0.7703  data_time: 0.1677  last_data_time: 0.1677   lr: 7.5771e-06  max_mem: 12897M
[02/28 01:15:46 d2.utils.events]:  eta: 0:54:16  iter: 5799  total_loss: 9.623  loss_ce: 0.03565  loss_mask: 0.03641  loss_dice: 0.9183  loss_ce_0: 0.289  loss_mask_0: 0.05693  loss_dice_0: 1.081  loss_ce_1: 0.09448  loss_mask_1: 0.04025  loss_dice_1: 0.9814  loss_ce_2: 0.1006  loss_mask_2: 0.03381  loss_dice_2: 0.786  loss_ce_3: 0.04268  loss_mask_3: 0.03438  loss_dice_3: 0.7591  loss_ce_4: 0.06594  loss_mask_4: 0.03937  loss_dice_4: 0.866  loss_ce_5: 0.03591  loss_mask_5: 0.03087  loss_dice_5: 0.6944  loss_ce_6: 0.03496  loss_mask_6: 0.03169  loss_dice_6: 0.7785  loss_ce_7: 0.03442  loss_mask_7: 0.03008  loss_dice_7: 0.7894  loss_ce_8: 0.03545  loss_mask_8: 0.03461  loss_dice_8: 0.8315    time: 0.8165  last_time: 0.9496  data_time: 0.2476  last_data_time: 0.2476   lr: 7.5161e-06  max_mem: 12897M
[02/28 01:16:03 d2.utils.events]:  eta: 0:53:59  iter: 5819  total_loss: 12.84  loss_ce: 0.04897  loss_mask: 0.05277  loss_dice: 1.115  loss_ce_0: 0.2674  loss_mask_0: 0.08407  loss_dice_0: 1.336  loss_ce_1: 0.1567  loss_mask_1: 0.07951  loss_dice_1: 1.006  loss_ce_2: 0.1034  loss_mask_2: 0.06821  loss_dice_2: 1.099  loss_ce_3: 0.0572  loss_mask_3: 0.05941  loss_dice_3: 1.151  loss_ce_4: 0.09823  loss_mask_4: 0.08702  loss_dice_4: 1.106  loss_ce_5: 0.08864  loss_mask_5: 0.06351  loss_dice_5: 1.151  loss_ce_6: 0.05313  loss_mask_6: 0.05257  loss_dice_6: 1.083  loss_ce_7: 0.04798  loss_mask_7: 0.04789  loss_dice_7: 1.162  loss_ce_8: 0.04824  loss_mask_8: 0.05066  loss_dice_8: 1.02    time: 0.8166  last_time: 0.8760  data_time: 0.2497  last_data_time: 0.2497   lr: 7.4553e-06  max_mem: 12897M
[02/28 01:16:19 d2.utils.events]:  eta: 0:53:43  iter: 5839  total_loss: 17.24  loss_ce: 0.1703  loss_mask: 0.07631  loss_dice: 1.344  loss_ce_0: 0.6673  loss_mask_0: 0.09343  loss_dice_0: 1.657  loss_ce_1: 0.2364  loss_mask_1: 0.08843  loss_dice_1: 1.463  loss_ce_2: 0.1326  loss_mask_2: 0.08736  loss_dice_2: 1.445  loss_ce_3: 0.2342  loss_mask_3: 0.0704  loss_dice_3: 1.378  loss_ce_4: 0.1315  loss_mask_4: 0.07214  loss_dice_4: 1.319  loss_ce_5: 0.198  loss_mask_5: 0.08678  loss_dice_5: 1.459  loss_ce_6: 0.1595  loss_mask_6: 0.08674  loss_dice_6: 1.333  loss_ce_7: 0.1179  loss_mask_7: 0.08336  loss_dice_7: 1.438  loss_ce_8: 0.1556  loss_mask_8: 0.08534  loss_dice_8: 1.369    time: 0.8166  last_time: 0.7350  data_time: 0.1027  last_data_time: 0.1027   lr: 7.3946e-06  max_mem: 12897M
[02/28 01:16:35 d2.utils.events]:  eta: 0:53:26  iter: 5859  total_loss: 8.969  loss_ce: 0.02811  loss_mask: 0.02505  loss_dice: 0.7315  loss_ce_0: 0.2761  loss_mask_0: 0.04638  loss_dice_0: 0.8327  loss_ce_1: 0.1227  loss_mask_1: 0.03615  loss_dice_1: 0.8766  loss_ce_2: 0.1147  loss_mask_2: 0.03516  loss_dice_2: 0.7088  loss_ce_3: 0.08663  loss_mask_3: 0.03978  loss_dice_3: 0.8779  loss_ce_4: 0.1247  loss_mask_4: 0.03712  loss_dice_4: 0.7716  loss_ce_5: 0.07976  loss_mask_5: 0.02858  loss_dice_5: 0.6918  loss_ce_6: 0.02887  loss_mask_6: 0.02776  loss_dice_6: 0.7167  loss_ce_7: 0.02837  loss_mask_7: 0.03821  loss_dice_7: 0.8277  loss_ce_8: 0.0519  loss_mask_8: 0.02952  loss_dice_8: 0.6478    time: 0.8164  last_time: 0.9344  data_time: 0.3263  last_data_time: 0.3263   lr: 7.334e-06  max_mem: 12897M
[02/28 01:16:51 d2.utils.events]:  eta: 0:53:06  iter: 5879  total_loss: 12.82  loss_ce: 0.06693  loss_mask: 0.03896  loss_dice: 1.218  loss_ce_0: 0.186  loss_mask_0: 0.05066  loss_dice_0: 1.232  loss_ce_1: 0.1494  loss_mask_1: 0.03922  loss_dice_1: 1.031  loss_ce_2: 0.07342  loss_mask_2: 0.04021  loss_dice_2: 1.196  loss_ce_3: 0.06126  loss_mask_3: 0.04245  loss_dice_3: 1.1  loss_ce_4: 0.08396  loss_mask_4: 0.04819  loss_dice_4: 1.108  loss_ce_5: 0.07642  loss_mask_5: 0.0397  loss_dice_5: 1.049  loss_ce_6: 0.08038  loss_mask_6: 0.04207  loss_dice_6: 1.053  loss_ce_7: 0.07032  loss_mask_7: 0.04307  loss_dice_7: 1.225  loss_ce_8: 0.06799  loss_mask_8: 0.04048  loss_dice_8: 1.264    time: 0.8164  last_time: 0.8103  data_time: 0.1930  last_data_time: 0.1930   lr: 7.2735e-06  max_mem: 12897M
[02/28 01:17:08 d2.utils.events]:  eta: 0:52:51  iter: 5899  total_loss: 7.299  loss_ce: 0.02402  loss_mask: 0.04365  loss_dice: 0.5507  loss_ce_0: 0.1431  loss_mask_0: 0.06059  loss_dice_0: 0.6405  loss_ce_1: 0.01868  loss_mask_1: 0.04855  loss_dice_1: 0.702  loss_ce_2: 0.01991  loss_mask_2: 0.05633  loss_dice_2: 0.6669  loss_ce_3: 0.02069  loss_mask_3: 0.0551  loss_dice_3: 0.655  loss_ce_4: 0.02132  loss_mask_4: 0.05238  loss_dice_4: 0.6023  loss_ce_5: 0.02374  loss_mask_5: 0.05236  loss_dice_5: 0.6596  loss_ce_6: 0.02202  loss_mask_6: 0.04978  loss_dice_6: 0.6741  loss_ce_7: 0.02306  loss_mask_7: 0.05244  loss_dice_7: 0.6361  loss_ce_8: 0.02413  loss_mask_8: 0.05083  loss_dice_8: 0.6494    time: 0.8164  last_time: 1.0838  data_time: 0.4859  last_data_time: 0.4859   lr: 7.2131e-06  max_mem: 12897M
[02/28 01:17:25 d2.utils.events]:  eta: 0:52:36  iter: 5919  total_loss: 10.76  loss_ce: 0.07964  loss_mask: 0.05684  loss_dice: 0.8979  loss_ce_0: 0.5395  loss_mask_0: 0.1273  loss_dice_0: 1.081  loss_ce_1: 0.1053  loss_mask_1: 0.05366  loss_dice_1: 0.9555  loss_ce_2: 0.1513  loss_mask_2: 0.05213  loss_dice_2: 0.8657  loss_ce_3: 0.09082  loss_mask_3: 0.05201  loss_dice_3: 0.7956  loss_ce_4: 0.07533  loss_mask_4: 0.05108  loss_dice_4: 0.7515  loss_ce_5: 0.06057  loss_mask_5: 0.05092  loss_dice_5: 0.8256  loss_ce_6: 0.166  loss_mask_6: 0.04779  loss_dice_6: 0.8287  loss_ce_7: 0.1276  loss_mask_7: 0.04597  loss_dice_7: 0.8112  loss_ce_8: 0.0944  loss_mask_8: 0.04555  loss_dice_8: 0.8781    time: 0.8165  last_time: 1.2139  data_time: 0.5984  last_data_time: 0.5984   lr: 7.1528e-06  max_mem: 12897M
[02/28 01:17:41 d2.utils.events]:  eta: 0:52:18  iter: 5939  total_loss: 15.35  loss_ce: 0.07644  loss_mask: 0.09212  loss_dice: 1.446  loss_ce_0: 0.3216  loss_mask_0: 0.1218  loss_dice_0: 1.462  loss_ce_1: 0.1549  loss_mask_1: 0.06983  loss_dice_1: 1.2  loss_ce_2: 0.0875  loss_mask_2: 0.07489  loss_dice_2: 1.237  loss_ce_3: 0.1055  loss_mask_3: 0.08419  loss_dice_3: 1.207  loss_ce_4: 0.09789  loss_mask_4: 0.07971  loss_dice_4: 1.381  loss_ce_5: 0.07989  loss_mask_5: 0.07339  loss_dice_5: 1.301  loss_ce_6: 0.08717  loss_mask_6: 0.07925  loss_dice_6: 1.378  loss_ce_7: 0.07956  loss_mask_7: 0.08406  loss_dice_7: 1.334  loss_ce_8: 0.07786  loss_mask_8: 0.0871  loss_dice_8: 1.384    time: 0.8165  last_time: 0.7223  data_time: 0.1211  last_data_time: 0.1211   lr: 7.0926e-06  max_mem: 12897M
[02/28 01:17:58 d2.utils.events]:  eta: 0:52:04  iter: 5959  total_loss: 13.21  loss_ce: 0.02999  loss_mask: 0.04307  loss_dice: 1.144  loss_ce_0: 0.2951  loss_mask_0: 0.0692  loss_dice_0: 1.356  loss_ce_1: 0.1014  loss_mask_1: 0.05193  loss_dice_1: 1.295  loss_ce_2: 0.03933  loss_mask_2: 0.04606  loss_dice_2: 1.197  loss_ce_3: 0.05311  loss_mask_3: 0.04112  loss_dice_3: 1.179  loss_ce_4: 0.06104  loss_mask_4: 0.04465  loss_dice_4: 1.234  loss_ce_5: 0.03079  loss_mask_5: 0.04737  loss_dice_5: 1.13  loss_ce_6: 0.02994  loss_mask_6: 0.04957  loss_dice_6: 1.054  loss_ce_7: 0.02706  loss_mask_7: 0.05201  loss_dice_7: 1.258  loss_ce_8: 0.02895  loss_mask_8: 0.04769  loss_dice_8: 1.176    time: 0.8165  last_time: 0.6992  data_time: 0.0924  last_data_time: 0.0924   lr: 7.0326e-06  max_mem: 12897M
[02/28 01:18:14 d2.utils.events]:  eta: 0:51:47  iter: 5979  total_loss: 11.34  loss_ce: 0.1673  loss_mask: 0.04627  loss_dice: 0.9667  loss_ce_0: 0.3314  loss_mask_0: 0.04276  loss_dice_0: 0.9577  loss_ce_1: 0.2516  loss_mask_1: 0.04405  loss_dice_1: 0.9593  loss_ce_2: 0.1701  loss_mask_2: 0.03534  loss_dice_2: 0.7601  loss_ce_3: 0.1368  loss_mask_3: 0.03616  loss_dice_3: 0.8221  loss_ce_4: 0.1481  loss_mask_4: 0.04421  loss_dice_4: 0.9595  loss_ce_5: 0.1421  loss_mask_5: 0.03776  loss_dice_5: 0.9327  loss_ce_6: 0.1196  loss_mask_6: 0.03708  loss_dice_6: 0.9337  loss_ce_7: 0.1427  loss_mask_7: 0.05134  loss_dice_7: 0.9236  loss_ce_8: 0.1175  loss_mask_8: 0.03849  loss_dice_8: 0.9874    time: 0.8166  last_time: 0.7117  data_time: 0.0893  last_data_time: 0.0893   lr: 6.9726e-06  max_mem: 12897M
[02/28 01:18:31 d2.utils.events]:  eta: 0:51:33  iter: 5999  total_loss: 10.14  loss_ce: 0.02718  loss_mask: 0.04575  loss_dice: 0.8955  loss_ce_0: 0.3087  loss_mask_0: 0.0615  loss_dice_0: 1.008  loss_ce_1: 0.1149  loss_mask_1: 0.04538  loss_dice_1: 0.8643  loss_ce_2: 0.02501  loss_mask_2: 0.06628  loss_dice_2: 1.049  loss_ce_3: 0.05385  loss_mask_3: 0.04712  loss_dice_3: 0.8106  loss_ce_4: 0.03919  loss_mask_4: 0.0433  loss_dice_4: 0.7379  loss_ce_5: 0.03007  loss_mask_5: 0.04376  loss_dice_5: 0.8232  loss_ce_6: 0.0302  loss_mask_6: 0.04837  loss_dice_6: 0.9079  loss_ce_7: 0.02903  loss_mask_7: 0.0432  loss_dice_7: 0.8579  loss_ce_8: 0.08288  loss_mask_8: 0.04649  loss_dice_8: 0.9566    time: 0.8166  last_time: 0.6887  data_time: 0.0725  last_data_time: 0.0725   lr: 6.9128e-06  max_mem: 12897M
[02/28 01:18:48 d2.utils.events]:  eta: 0:51:18  iter: 6019  total_loss: 10.32  loss_ce: 0.0411  loss_mask: 0.05255  loss_dice: 0.807  loss_ce_0: 0.4339  loss_mask_0: 0.08327  loss_dice_0: 1.221  loss_ce_1: 0.04788  loss_mask_1: 0.07434  loss_dice_1: 0.8712  loss_ce_2: 0.0582  loss_mask_2: 0.05468  loss_dice_2: 0.7733  loss_ce_3: 0.04803  loss_mask_3: 0.05999  loss_dice_3: 0.8602  loss_ce_4: 0.07201  loss_mask_4: 0.05988  loss_dice_4: 0.8254  loss_ce_5: 0.0434  loss_mask_5: 0.0547  loss_dice_5: 0.9172  loss_ce_6: 0.07913  loss_mask_6: 0.05113  loss_dice_6: 0.8327  loss_ce_7: 0.07005  loss_mask_7: 0.05453  loss_dice_7: 0.8496  loss_ce_8: 0.02669  loss_mask_8: 0.05258  loss_dice_8: 0.8422    time: 0.8166  last_time: 0.6870  data_time: 0.0818  last_data_time: 0.0818   lr: 6.8531e-06  max_mem: 12897M
[02/28 01:19:04 d2.utils.events]:  eta: 0:51:07  iter: 6039  total_loss: 14.34  loss_ce: 0.1791  loss_mask: 0.0634  loss_dice: 1.277  loss_ce_0: 0.3884  loss_mask_0: 0.0794  loss_dice_0: 1.353  loss_ce_1: 0.1765  loss_mask_1: 0.06531  loss_dice_1: 1.197  loss_ce_2: 0.1577  loss_mask_2: 0.06135  loss_dice_2: 1.23  loss_ce_3: 0.1591  loss_mask_3: 0.0572  loss_dice_3: 1.184  loss_ce_4: 0.1639  loss_mask_4: 0.05122  loss_dice_4: 1.097  loss_ce_5: 0.1381  loss_mask_5: 0.0542  loss_dice_5: 1.273  loss_ce_6: 0.1613  loss_mask_6: 0.06323  loss_dice_6: 1.168  loss_ce_7: 0.1235  loss_mask_7: 0.06257  loss_dice_7: 1.122  loss_ce_8: 0.1198  loss_mask_8: 0.05473  loss_dice_8: 1.063    time: 0.8166  last_time: 0.7878  data_time: 0.1756  last_data_time: 0.1756   lr: 6.7935e-06  max_mem: 12897M
[02/28 01:19:20 d2.utils.events]:  eta: 0:50:46  iter: 6059  total_loss: 9.51  loss_ce: 0.06134  loss_mask: 0.03694  loss_dice: 0.7626  loss_ce_0: 0.4838  loss_mask_0: 0.05948  loss_dice_0: 0.9847  loss_ce_1: 0.163  loss_mask_1: 0.0384  loss_dice_1: 0.7539  loss_ce_2: 0.1185  loss_mask_2: 0.03947  loss_dice_2: 0.8464  loss_ce_3: 0.07325  loss_mask_3: 0.04229  loss_dice_3: 0.8941  loss_ce_4: 0.0721  loss_mask_4: 0.04099  loss_dice_4: 0.7683  loss_ce_5: 0.06475  loss_mask_5: 0.03417  loss_dice_5: 0.7074  loss_ce_6: 0.05923  loss_mask_6: 0.03982  loss_dice_6: 0.6917  loss_ce_7: 0.06007  loss_mask_7: 0.03656  loss_dice_7: 0.7265  loss_ce_8: 0.06048  loss_mask_8: 0.03726  loss_dice_8: 0.7524    time: 0.8165  last_time: 0.7510  data_time: 0.1311  last_data_time: 0.1311   lr: 6.7341e-06  max_mem: 12897M
[02/28 01:19:37 d2.utils.events]:  eta: 0:50:32  iter: 6079  total_loss: 16.55  loss_ce: 0.1097  loss_mask: 0.05081  loss_dice: 1.403  loss_ce_0: 0.3167  loss_mask_0: 0.06647  loss_dice_0: 1.543  loss_ce_1: 0.308  loss_mask_1: 0.05597  loss_dice_1: 1.522  loss_ce_2: 0.2059  loss_mask_2: 0.04694  loss_dice_2: 1.259  loss_ce_3: 0.1698  loss_mask_3: 0.05184  loss_dice_3: 1.349  loss_ce_4: 0.1513  loss_mask_4: 0.05955  loss_dice_4: 1.593  loss_ce_5: 0.1243  loss_mask_5: 0.04899  loss_dice_5: 1.597  loss_ce_6: 0.1287  loss_mask_6: 0.05183  loss_dice_6: 1.232  loss_ce_7: 0.1022  loss_mask_7: 0.04986  loss_dice_7: 1.503  loss_ce_8: 0.1166  loss_mask_8: 0.05314  loss_dice_8: 1.28    time: 0.8166  last_time: 0.9532  data_time: 0.3349  last_data_time: 0.3349   lr: 6.6748e-06  max_mem: 12897M
[02/28 01:19:54 d2.utils.events]:  eta: 0:50:15  iter: 6099  total_loss: 6.414  loss_ce: 0.09861  loss_mask: 0.03596  loss_dice: 0.5431  loss_ce_0: 0.2368  loss_mask_0: 0.06536  loss_dice_0: 0.5957  loss_ce_1: 0.07356  loss_mask_1: 0.03648  loss_dice_1: 0.4617  loss_ce_2: 0.06216  loss_mask_2: 0.03039  loss_dice_2: 0.4418  loss_ce_3: 0.07227  loss_mask_3: 0.03585  loss_dice_3: 0.5003  loss_ce_4: 0.08267  loss_mask_4: 0.03876  loss_dice_4: 0.5114  loss_ce_5: 0.08887  loss_mask_5: 0.03716  loss_dice_5: 0.5186  loss_ce_6: 0.0879  loss_mask_6: 0.03302  loss_dice_6: 0.5285  loss_ce_7: 0.1071  loss_mask_7: 0.03596  loss_dice_7: 0.4833  loss_ce_8: 0.09854  loss_mask_8: 0.0322  loss_dice_8: 0.4397    time: 0.8167  last_time: 0.7153  data_time: 0.1051  last_data_time: 0.1051   lr: 6.6156e-06  max_mem: 12897M
[02/28 01:20:11 d2.utils.events]:  eta: 0:50:03  iter: 6119  total_loss: 9.256  loss_ce: 0.1241  loss_mask: 0.03263  loss_dice: 0.8652  loss_ce_0: 0.346  loss_mask_0: 0.04085  loss_dice_0: 0.719  loss_ce_1: 0.1029  loss_mask_1: 0.03851  loss_dice_1: 0.9702  loss_ce_2: 0.1543  loss_mask_2: 0.03272  loss_dice_2: 0.6856  loss_ce_3: 0.1168  loss_mask_3: 0.03088  loss_dice_3: 0.6453  loss_ce_4: 0.1201  loss_mask_4: 0.03257  loss_dice_4: 0.7363  loss_ce_5: 0.1254  loss_mask_5: 0.03072  loss_dice_5: 0.5545  loss_ce_6: 0.1312  loss_mask_6: 0.03149  loss_dice_6: 0.6509  loss_ce_7: 0.07612  loss_mask_7: 0.03326  loss_dice_7: 0.9704  loss_ce_8: 0.1278  loss_mask_8: 0.03349  loss_dice_8: 0.6966    time: 0.8168  last_time: 0.7359  data_time: 0.1298  last_data_time: 0.1298   lr: 6.5565e-06  max_mem: 12897M
[02/28 01:20:27 d2.utils.events]:  eta: 0:49:51  iter: 6139  total_loss: 9.273  loss_ce: 0.08711  loss_mask: 0.02826  loss_dice: 0.71  loss_ce_0: 0.3314  loss_mask_0: 0.04818  loss_dice_0: 0.846  loss_ce_1: 0.08577  loss_mask_1: 0.033  loss_dice_1: 0.6508  loss_ce_2: 0.08141  loss_mask_2: 0.0325  loss_dice_2: 0.8444  loss_ce_3: 0.1258  loss_mask_3: 0.0336  loss_dice_3: 0.7539  loss_ce_4: 0.1099  loss_mask_4: 0.03638  loss_dice_4: 0.7571  loss_ce_5: 0.08414  loss_mask_5: 0.03384  loss_dice_5: 0.7687  loss_ce_6: 0.04942  loss_mask_6: 0.03151  loss_dice_6: 0.7785  loss_ce_7: 0.06735  loss_mask_7: 0.03404  loss_dice_7: 0.7593  loss_ce_8: 0.05497  loss_mask_8: 0.03686  loss_dice_8: 0.9787    time: 0.8168  last_time: 0.8224  data_time: 0.2069  last_data_time: 0.2069   lr: 6.4976e-06  max_mem: 12897M
[02/28 01:20:44 d2.utils.events]:  eta: 0:49:37  iter: 6159  total_loss: 9.478  loss_ce: 0.07746  loss_mask: 0.05187  loss_dice: 0.7114  loss_ce_0: 0.283  loss_mask_0: 0.08349  loss_dice_0: 1.121  loss_ce_1: 0.1382  loss_mask_1: 0.05597  loss_dice_1: 0.8308  loss_ce_2: 0.1067  loss_mask_2: 0.05119  loss_dice_2: 0.7455  loss_ce_3: 0.09928  loss_mask_3: 0.05235  loss_dice_3: 0.6732  loss_ce_4: 0.09492  loss_mask_4: 0.04741  loss_dice_4: 0.7451  loss_ce_5: 0.09157  loss_mask_5: 0.05456  loss_dice_5: 0.7909  loss_ce_6: 0.09246  loss_mask_6: 0.04427  loss_dice_6: 0.7174  loss_ce_7: 0.08002  loss_mask_7: 0.05127  loss_dice_7: 0.7026  loss_ce_8: 0.09115  loss_mask_8: 0.05549  loss_dice_8: 0.7374    time: 0.8168  last_time: 0.7897  data_time: 0.1808  last_data_time: 0.1808   lr: 6.4388e-06  max_mem: 12897M
[02/28 01:21:00 d2.utils.events]:  eta: 0:49:22  iter: 6179  total_loss: 8.848  loss_ce: 0.0545  loss_mask: 0.03381  loss_dice: 0.7063  loss_ce_0: 0.2393  loss_mask_0: 0.0393  loss_dice_0: 0.8655  loss_ce_1: 0.08029  loss_mask_1: 0.03356  loss_dice_1: 0.7647  loss_ce_2: 0.06506  loss_mask_2: 0.03212  loss_dice_2: 0.7713  loss_ce_3: 0.06041  loss_mask_3: 0.03628  loss_dice_3: 0.7174  loss_ce_4: 0.09509  loss_mask_4: 0.03157  loss_dice_4: 0.6167  loss_ce_5: 0.1209  loss_mask_5: 0.03432  loss_dice_5: 0.9358  loss_ce_6: 0.05593  loss_mask_6: 0.03501  loss_dice_6: 0.7458  loss_ce_7: 0.05369  loss_mask_7: 0.03666  loss_dice_7: 0.8111  loss_ce_8: 0.1114  loss_mask_8: 0.03176  loss_dice_8: 0.6325    time: 0.8167  last_time: 0.9409  data_time: 0.3029  last_data_time: 0.3029   lr: 6.3802e-06  max_mem: 12897M
[02/28 01:21:17 d2.utils.events]:  eta: 0:49:07  iter: 6199  total_loss: 19.93  loss_ce: 0.1741  loss_mask: 0.1845  loss_dice: 1.394  loss_ce_0: 0.8793  loss_mask_0: 0.3244  loss_dice_0: 1.947  loss_ce_1: 0.1859  loss_mask_1: 0.2165  loss_dice_1: 1.747  loss_ce_2: 0.1814  loss_mask_2: 0.1719  loss_dice_2: 1.668  loss_ce_3: 0.1998  loss_mask_3: 0.1918  loss_dice_3: 1.48  loss_ce_4: 0.2194  loss_mask_4: 0.1791  loss_dice_4: 1.475  loss_ce_5: 0.1862  loss_mask_5: 0.1676  loss_dice_5: 1.391  loss_ce_6: 0.2323  loss_mask_6: 0.1727  loss_dice_6: 1.458  loss_ce_7: 0.2291  loss_mask_7: 0.1737  loss_dice_7: 1.373  loss_ce_8: 0.1786  loss_mask_8: 0.1756  loss_dice_8: 1.374    time: 0.8168  last_time: 0.6856  data_time: 0.0577  last_data_time: 0.0577   lr: 6.3217e-06  max_mem: 12897M
[02/28 01:21:33 d2.utils.events]:  eta: 0:48:50  iter: 6219  total_loss: 8.333  loss_ce: 0.03729  loss_mask: 0.03541  loss_dice: 0.6073  loss_ce_0: 0.4487  loss_mask_0: 0.05517  loss_dice_0: 0.9924  loss_ce_1: 0.1565  loss_mask_1: 0.03505  loss_dice_1: 0.6079  loss_ce_2: 0.07488  loss_mask_2: 0.03809  loss_dice_2: 0.7263  loss_ce_3: 0.04576  loss_mask_3: 0.03462  loss_dice_3: 0.6255  loss_ce_4: 0.04458  loss_mask_4: 0.03888  loss_dice_4: 0.7682  loss_ce_5: 0.03955  loss_mask_5: 0.03466  loss_dice_5: 0.5971  loss_ce_6: 0.03737  loss_mask_6: 0.0383  loss_dice_6: 0.6531  loss_ce_7: 0.03746  loss_mask_7: 0.03441  loss_dice_7: 0.7463  loss_ce_8: 0.03728  loss_mask_8: 0.03255  loss_dice_8: 0.6724    time: 0.8167  last_time: 0.7927  data_time: 0.1698  last_data_time: 0.1698   lr: 6.2633e-06  max_mem: 12897M
[02/28 01:21:48 d2.utils.events]:  eta: 0:48:33  iter: 6239  total_loss: 7.583  loss_ce: 0.02419  loss_mask: 0.02629  loss_dice: 0.632  loss_ce_0: 0.1945  loss_mask_0: 0.03558  loss_dice_0: 0.7358  loss_ce_1: 0.02749  loss_mask_1: 0.0265  loss_dice_1: 0.7678  loss_ce_2: 0.02751  loss_mask_2: 0.02698  loss_dice_2: 0.6095  loss_ce_3: 0.02849  loss_mask_3: 0.02609  loss_dice_3: 0.62  loss_ce_4: 0.02491  loss_mask_4: 0.03177  loss_dice_4: 0.7356  loss_ce_5: 0.02527  loss_mask_5: 0.02884  loss_dice_5: 0.6694  loss_ce_6: 0.02383  loss_mask_6: 0.02552  loss_dice_6: 0.6566  loss_ce_7: 0.02474  loss_mask_7: 0.02902  loss_dice_7: 0.7102  loss_ce_8: 0.02485  loss_mask_8: 0.02985  loss_dice_8: 0.7339    time: 0.8165  last_time: 0.7350  data_time: 0.1237  last_data_time: 0.1237   lr: 6.2051e-06  max_mem: 12897M
[02/28 01:22:05 d2.utils.events]:  eta: 0:48:18  iter: 6259  total_loss: 15.44  loss_ce: 0.1164  loss_mask: 0.07143  loss_dice: 1.332  loss_ce_0: 0.2671  loss_mask_0: 0.07759  loss_dice_0: 1.276  loss_ce_1: 0.2872  loss_mask_1: 0.07785  loss_dice_1: 1.363  loss_ce_2: 0.224  loss_mask_2: 0.06262  loss_dice_2: 1.139  loss_ce_3: 0.1538  loss_mask_3: 0.06806  loss_dice_3: 1.347  loss_ce_4: 0.1216  loss_mask_4: 0.06485  loss_dice_4: 1.224  loss_ce_5: 0.09719  loss_mask_5: 0.06806  loss_dice_5: 1.553  loss_ce_6: 0.1087  loss_mask_6: 0.08096  loss_dice_6: 1.288  loss_ce_7: 0.09435  loss_mask_7: 0.07325  loss_dice_7: 1.373  loss_ce_8: 0.1398  loss_mask_8: 0.07066  loss_dice_8: 1.216    time: 0.8166  last_time: 1.2392  data_time: 0.6112  last_data_time: 0.6112   lr: 6.1471e-06  max_mem: 12897M
[02/28 01:22:22 d2.utils.events]:  eta: 0:48:03  iter: 6279  total_loss: 8.972  loss_ce: 0.08075  loss_mask: 0.04621  loss_dice: 0.6853  loss_ce_0: 0.2453  loss_mask_0: 0.08784  loss_dice_0: 0.9547  loss_ce_1: 0.04552  loss_mask_1: 0.04264  loss_dice_1: 0.6896  loss_ce_2: 0.1029  loss_mask_2: 0.04439  loss_dice_2: 0.8266  loss_ce_3: 0.1322  loss_mask_3: 0.04973  loss_dice_3: 0.7924  loss_ce_4: 0.101  loss_mask_4: 0.04872  loss_dice_4: 0.7162  loss_ce_5: 0.09136  loss_mask_5: 0.04579  loss_dice_5: 0.6573  loss_ce_6: 0.09781  loss_mask_6: 0.04681  loss_dice_6: 0.6615  loss_ce_7: 0.079  loss_mask_7: 0.05068  loss_dice_7: 0.7219  loss_ce_8: 0.08435  loss_mask_8: 0.04696  loss_dice_8: 0.6961    time: 0.8166  last_time: 0.8902  data_time: 0.2710  last_data_time: 0.2710   lr: 6.0892e-06  max_mem: 12897M
[02/28 01:22:39 d2.utils.events]:  eta: 0:47:49  iter: 6299  total_loss: 10.22  loss_ce: 0.07046  loss_mask: 0.03565  loss_dice: 0.734  loss_ce_0: 0.3332  loss_mask_0: 0.05742  loss_dice_0: 1.09  loss_ce_1: 0.135  loss_mask_1: 0.04513  loss_dice_1: 0.9315  loss_ce_2: 0.1443  loss_mask_2: 0.04072  loss_dice_2: 0.8574  loss_ce_3: 0.1248  loss_mask_3: 0.03702  loss_dice_3: 0.7538  loss_ce_4: 0.07803  loss_mask_4: 0.03653  loss_dice_4: 0.7818  loss_ce_5: 0.05863  loss_mask_5: 0.04283  loss_dice_5: 0.9228  loss_ce_6: 0.05906  loss_mask_6: 0.0367  loss_dice_6: 0.8109  loss_ce_7: 0.05549  loss_mask_7: 0.04056  loss_dice_7: 0.8773  loss_ce_8: 0.06359  loss_mask_8: 0.03612  loss_dice_8: 0.9323    time: 0.8167  last_time: 0.7293  data_time: 0.1042  last_data_time: 0.1042   lr: 6.0314e-06  max_mem: 12897M
[02/28 01:22:55 d2.utils.events]:  eta: 0:47:34  iter: 6319  total_loss: 9.665  loss_ce: 0.0949  loss_mask: 0.06177  loss_dice: 0.7039  loss_ce_0: 0.2564  loss_mask_0: 0.0873  loss_dice_0: 0.9329  loss_ce_1: 0.08402  loss_mask_1: 0.06701  loss_dice_1: 0.8141  loss_ce_2: 0.0948  loss_mask_2: 0.06137  loss_dice_2: 0.7634  loss_ce_3: 0.1037  loss_mask_3: 0.06232  loss_dice_3: 0.7156  loss_ce_4: 0.1088  loss_mask_4: 0.07779  loss_dice_4: 0.7586  loss_ce_5: 0.1118  loss_mask_5: 0.05847  loss_dice_5: 0.7847  loss_ce_6: 0.07331  loss_mask_6: 0.06542  loss_dice_6: 0.8464  loss_ce_7: 0.09042  loss_mask_7: 0.07621  loss_dice_7: 0.8347  loss_ce_8: 0.1031  loss_mask_8: 0.06179  loss_dice_8: 0.7106    time: 0.8167  last_time: 0.7847  data_time: 0.1596  last_data_time: 0.1596   lr: 5.9738e-06  max_mem: 12897M
[02/28 01:23:11 d2.utils.events]:  eta: 0:47:20  iter: 6339  total_loss: 9.301  loss_ce: 0.01791  loss_mask: 0.04081  loss_dice: 0.8915  loss_ce_0: 0.1792  loss_mask_0: 0.04676  loss_dice_0: 0.9429  loss_ce_1: 0.0273  loss_mask_1: 0.04343  loss_dice_1: 0.8043  loss_ce_2: 0.02426  loss_mask_2: 0.04991  loss_dice_2: 0.8137  loss_ce_3: 0.01803  loss_mask_3: 0.04462  loss_dice_3: 0.8773  loss_ce_4: 0.01548  loss_mask_4: 0.05356  loss_dice_4: 0.9473  loss_ce_5: 0.01665  loss_mask_5: 0.04598  loss_dice_5: 0.8743  loss_ce_6: 0.01704  loss_mask_6: 0.0504  loss_dice_6: 0.7657  loss_ce_7: 0.01738  loss_mask_7: 0.03911  loss_dice_7: 0.7806  loss_ce_8: 0.01725  loss_mask_8: 0.04565  loss_dice_8: 0.793    time: 0.8167  last_time: 0.7983  data_time: 0.1861  last_data_time: 0.1861   lr: 5.9164e-06  max_mem: 12897M
[02/28 01:23:28 d2.utils.events]:  eta: 0:47:09  iter: 6359  total_loss: 15.63  loss_ce: 0.2048  loss_mask: 0.04416  loss_dice: 1.277  loss_ce_0: 0.7015  loss_mask_0: 0.06256  loss_dice_0: 1.437  loss_ce_1: 0.2403  loss_mask_1: 0.05466  loss_dice_1: 1.488  loss_ce_2: 0.3118  loss_mask_2: 0.04772  loss_dice_2: 1.393  loss_ce_3: 0.2477  loss_mask_3: 0.04142  loss_dice_3: 1.026  loss_ce_4: 0.17  loss_mask_4: 0.04589  loss_dice_4: 1.238  loss_ce_5: 0.1487  loss_mask_5: 0.04109  loss_dice_5: 1.172  loss_ce_6: 0.148  loss_mask_6: 0.05434  loss_dice_6: 1.268  loss_ce_7: 0.09882  loss_mask_7: 0.04485  loss_dice_7: 1.238  loss_ce_8: 0.1231  loss_mask_8: 0.04804  loss_dice_8: 1.215    time: 0.8167  last_time: 0.8081  data_time: 0.1892  last_data_time: 0.1892   lr: 5.8591e-06  max_mem: 12897M
[02/28 01:23:45 d2.utils.events]:  eta: 0:46:50  iter: 6379  total_loss: 9.601  loss_ce: 0.131  loss_mask: 0.0515  loss_dice: 0.6547  loss_ce_0: 0.5828  loss_mask_0: 0.08633  loss_dice_0: 1.088  loss_ce_1: 0.1582  loss_mask_1: 0.05571  loss_dice_1: 0.7435  loss_ce_2: 0.08204  loss_mask_2: 0.05561  loss_dice_2: 0.7604  loss_ce_3: 0.1255  loss_mask_3: 0.05396  loss_dice_3: 0.7185  loss_ce_4: 0.07243  loss_mask_4: 0.05736  loss_dice_4: 0.7226  loss_ce_5: 0.1066  loss_mask_5: 0.05692  loss_dice_5: 0.6972  loss_ce_6: 0.111  loss_mask_6: 0.05505  loss_dice_6: 0.6974  loss_ce_7: 0.07479  loss_mask_7: 0.05354  loss_dice_7: 0.6472  loss_ce_8: 0.1221  loss_mask_8: 0.05435  loss_dice_8: 0.7237    time: 0.8167  last_time: 0.8723  data_time: 0.2299  last_data_time: 0.2299   lr: 5.802e-06  max_mem: 12897M
[02/28 01:24:00 d2.utils.events]:  eta: 0:46:33  iter: 6399  total_loss: 14.52  loss_ce: 0.08265  loss_mask: 0.06219  loss_dice: 1.206  loss_ce_0: 0.5789  loss_mask_0: 0.08276  loss_dice_0: 1.417  loss_ce_1: 0.1084  loss_mask_1: 0.09406  loss_dice_1: 1.186  loss_ce_2: 0.09145  loss_mask_2: 0.07927  loss_dice_2: 1.329  loss_ce_3: 0.06586  loss_mask_3: 0.07179  loss_dice_3: 1.379  loss_ce_4: 0.103  loss_mask_4: 0.07668  loss_dice_4: 1.178  loss_ce_5: 0.1022  loss_mask_5: 0.06278  loss_dice_5: 1.175  loss_ce_6: 0.1119  loss_mask_6: 0.06332  loss_dice_6: 1.111  loss_ce_7: 0.1236  loss_mask_7: 0.06849  loss_dice_7: 1.165  loss_ce_8: 0.1051  loss_mask_8: 0.06758  loss_dice_8: 1.175    time: 0.8166  last_time: 0.7898  data_time: 0.1696  last_data_time: 0.1696   lr: 5.745e-06  max_mem: 12897M
[02/28 01:24:17 d2.utils.events]:  eta: 0:46:16  iter: 6419  total_loss: 10.05  loss_ce: 0.04468  loss_mask: 0.04033  loss_dice: 0.884  loss_ce_0: 0.3098  loss_mask_0: 0.05354  loss_dice_0: 1.019  loss_ce_1: 0.1326  loss_mask_1: 0.03732  loss_dice_1: 0.7904  loss_ce_2: 0.1005  loss_mask_2: 0.04378  loss_dice_2: 0.8833  loss_ce_3: 0.2059  loss_mask_3: 0.03068  loss_dice_3: 0.7077  loss_ce_4: 0.04942  loss_mask_4: 0.03968  loss_dice_4: 0.8131  loss_ce_5: 0.04243  loss_mask_5: 0.03949  loss_dice_5: 0.8412  loss_ce_6: 0.1281  loss_mask_6: 0.0442  loss_dice_6: 0.843  loss_ce_7: 0.04727  loss_mask_7: 0.04208  loss_dice_7: 0.8279  loss_ce_8: 0.04757  loss_mask_8: 0.04425  loss_dice_8: 0.9146    time: 0.8166  last_time: 0.7825  data_time: 0.0817  last_data_time: 0.0817   lr: 5.6883e-06  max_mem: 12897M
[02/28 01:24:33 d2.utils.events]:  eta: 0:46:00  iter: 6439  total_loss: 10.54  loss_ce: 0.08329  loss_mask: 0.04959  loss_dice: 0.9769  loss_ce_0: 0.2033  loss_mask_0: 0.07351  loss_dice_0: 0.8191  loss_ce_1: 0.07514  loss_mask_1: 0.05614  loss_dice_1: 0.8855  loss_ce_2: 0.05008  loss_mask_2: 0.05633  loss_dice_2: 0.9683  loss_ce_3: 0.0531  loss_mask_3: 0.06207  loss_dice_3: 0.9609  loss_ce_4: 0.04121  loss_mask_4: 0.04883  loss_dice_4: 0.9373  loss_ce_5: 0.0505  loss_mask_5: 0.05186  loss_dice_5: 0.9749  loss_ce_6: 0.06664  loss_mask_6: 0.05792  loss_dice_6: 1.06  loss_ce_7: 0.05342  loss_mask_7: 0.05229  loss_dice_7: 0.8392  loss_ce_8: 0.06435  loss_mask_8: 0.05159  loss_dice_8: 0.8193    time: 0.8166  last_time: 0.6879  data_time: 0.0819  last_data_time: 0.0819   lr: 5.6317e-06  max_mem: 12897M
[02/28 01:24:49 d2.utils.events]:  eta: 0:45:46  iter: 6459  total_loss: 12.98  loss_ce: 0.1776  loss_mask: 0.04627  loss_dice: 0.922  loss_ce_0: 0.3088  loss_mask_0: 0.0713  loss_dice_0: 1.188  loss_ce_1: 0.1284  loss_mask_1: 0.0666  loss_dice_1: 1.314  loss_ce_2: 0.1677  loss_mask_2: 0.05371  loss_dice_2: 1.096  loss_ce_3: 0.1457  loss_mask_3: 0.05168  loss_dice_3: 1.025  loss_ce_4: 0.1074  loss_mask_4: 0.04775  loss_dice_4: 1.046  loss_ce_5: 0.1794  loss_mask_5: 0.05949  loss_dice_5: 1.182  loss_ce_6: 0.1021  loss_mask_6: 0.04253  loss_dice_6: 0.9994  loss_ce_7: 0.1494  loss_mask_7: 0.04223  loss_dice_7: 1.045  loss_ce_8: 0.1402  loss_mask_8: 0.04471  loss_dice_8: 1.027    time: 0.8165  last_time: 0.8047  data_time: 0.1918  last_data_time: 0.1918   lr: 5.5752e-06  max_mem: 12897M
[02/28 01:25:06 d2.utils.events]:  eta: 0:45:28  iter: 6479  total_loss: 12.62  loss_ce: 0.06607  loss_mask: 0.03857  loss_dice: 1.082  loss_ce_0: 0.3378  loss_mask_0: 0.04617  loss_dice_0: 1.303  loss_ce_1: 0.0828  loss_mask_1: 0.04687  loss_dice_1: 1.176  loss_ce_2: 0.104  loss_mask_2: 0.03789  loss_dice_2: 1.036  loss_ce_3: 0.1087  loss_mask_3: 0.03803  loss_dice_3: 1.182  loss_ce_4: 0.09015  loss_mask_4: 0.04261  loss_dice_4: 1.109  loss_ce_5: 0.09045  loss_mask_5: 0.03978  loss_dice_5: 0.9412  loss_ce_6: 0.05748  loss_mask_6: 0.03761  loss_dice_6: 0.9797  loss_ce_7: 0.05994  loss_mask_7: 0.04111  loss_dice_7: 1.225  loss_ce_8: 0.05999  loss_mask_8: 0.0369  loss_dice_8: 1.121    time: 0.8166  last_time: 0.7461  data_time: 0.1336  last_data_time: 0.1336   lr: 5.519e-06  max_mem: 12897M
[02/28 01:25:22 d2.utils.events]:  eta: 0:45:14  iter: 6499  total_loss: 9.994  loss_ce: 0.05516  loss_mask: 0.05001  loss_dice: 0.8542  loss_ce_0: 0.2892  loss_mask_0: 0.06015  loss_dice_0: 0.9769  loss_ce_1: 0.1409  loss_mask_1: 0.05895  loss_dice_1: 0.7764  loss_ce_2: 0.06938  loss_mask_2: 0.05265  loss_dice_2: 0.8594  loss_ce_3: 0.06685  loss_mask_3: 0.05395  loss_dice_3: 1.028  loss_ce_4: 0.1316  loss_mask_4: 0.05118  loss_dice_4: 0.8594  loss_ce_5: 0.06408  loss_mask_5: 0.05135  loss_dice_5: 0.8494  loss_ce_6: 0.05746  loss_mask_6: 0.05219  loss_dice_6: 0.6762  loss_ce_7: 0.05508  loss_mask_7: 0.0522  loss_dice_7: 0.8128  loss_ce_8: 0.05625  loss_mask_8: 0.05226  loss_dice_8: 0.7806    time: 0.8165  last_time: 1.1405  data_time: 0.4949  last_data_time: 0.4949   lr: 5.4629e-06  max_mem: 12897M
[02/28 01:25:39 d2.utils.events]:  eta: 0:44:58  iter: 6519  total_loss: 8.396  loss_ce: 0.1367  loss_mask: 0.02546  loss_dice: 0.5475  loss_ce_0: 0.3895  loss_mask_0: 0.04077  loss_dice_0: 0.8034  loss_ce_1: 0.1741  loss_mask_1: 0.02927  loss_dice_1: 0.7093  loss_ce_2: 0.1319  loss_mask_2: 0.02696  loss_dice_2: 0.7053  loss_ce_3: 0.1453  loss_mask_3: 0.02616  loss_dice_3: 0.5881  loss_ce_4: 0.09064  loss_mask_4: 0.02538  loss_dice_4: 0.5437  loss_ce_5: 0.09393  loss_mask_5: 0.02983  loss_dice_5: 0.7448  loss_ce_6: 0.09141  loss_mask_6: 0.02871  loss_dice_6: 0.7249  loss_ce_7: 0.1005  loss_mask_7: 0.02743  loss_dice_7: 0.6585  loss_ce_8: 0.1012  loss_mask_8: 0.02699  loss_dice_8: 0.6285    time: 0.8166  last_time: 0.7747  data_time: 0.1467  last_data_time: 0.1467   lr: 5.407e-06  max_mem: 12897M
[02/28 01:25:56 d2.utils.events]:  eta: 0:44:43  iter: 6539  total_loss: 7.783  loss_ce: 0.03178  loss_mask: 0.03386  loss_dice: 0.5948  loss_ce_0: 0.2877  loss_mask_0: 0.06461  loss_dice_0: 1.157  loss_ce_1: 0.05029  loss_mask_1: 0.04469  loss_dice_1: 0.6399  loss_ce_2: 0.05043  loss_mask_2: 0.03846  loss_dice_2: 0.5671  loss_ce_3: 0.05122  loss_mask_3: 0.03696  loss_dice_3: 0.623  loss_ce_4: 0.04643  loss_mask_4: 0.03703  loss_dice_4: 0.5601  loss_ce_5: 0.07897  loss_mask_5: 0.03774  loss_dice_5: 0.606  loss_ce_6: 0.04022  loss_mask_6: 0.03549  loss_dice_6: 0.5747  loss_ce_7: 0.06096  loss_mask_7: 0.03554  loss_dice_7: 0.7078  loss_ce_8: 0.03318  loss_mask_8: 0.03806  loss_dice_8: 0.6196    time: 0.8167  last_time: 0.7658  data_time: 0.1363  last_data_time: 0.1363   lr: 5.3513e-06  max_mem: 12897M
[02/28 01:26:13 d2.utils.events]:  eta: 0:44:26  iter: 6559  total_loss: 10.75  loss_ce: 0.1494  loss_mask: 0.03521  loss_dice: 0.7503  loss_ce_0: 0.3226  loss_mask_0: 0.0551  loss_dice_0: 1.192  loss_ce_1: 0.1618  loss_mask_1: 0.0435  loss_dice_1: 0.8518  loss_ce_2: 0.2117  loss_mask_2: 0.03494  loss_dice_2: 0.6221  loss_ce_3: 0.1712  loss_mask_3: 0.03507  loss_dice_3: 0.8186  loss_ce_4: 0.1177  loss_mask_4: 0.03251  loss_dice_4: 0.8796  loss_ce_5: 0.1851  loss_mask_5: 0.04181  loss_dice_5: 0.9836  loss_ce_6: 0.1455  loss_mask_6: 0.03946  loss_dice_6: 0.8576  loss_ce_7: 0.139  loss_mask_7: 0.03785  loss_dice_7: 0.783  loss_ce_8: 0.1505  loss_mask_8: 0.03594  loss_dice_8: 0.8627    time: 0.8167  last_time: 1.1082  data_time: 0.4930  last_data_time: 0.4930   lr: 5.2957e-06  max_mem: 12897M
[02/28 01:26:29 d2.utils.events]:  eta: 0:44:06  iter: 6579  total_loss: 12.73  loss_ce: 0.104  loss_mask: 0.04084  loss_dice: 0.9705  loss_ce_0: 0.4995  loss_mask_0: 0.07013  loss_dice_0: 1.224  loss_ce_1: 0.1678  loss_mask_1: 0.07459  loss_dice_1: 1.321  loss_ce_2: 0.1933  loss_mask_2: 0.05326  loss_dice_2: 1.061  loss_ce_3: 0.1326  loss_mask_3: 0.03799  loss_dice_3: 1.102  loss_ce_4: 0.1061  loss_mask_4: 0.04182  loss_dice_4: 1.016  loss_ce_5: 0.1102  loss_mask_5: 0.03767  loss_dice_5: 0.9791  loss_ce_6: 0.1211  loss_mask_6: 0.0409  loss_dice_6: 0.9919  loss_ce_7: 0.1222  loss_mask_7: 0.03782  loss_dice_7: 0.9286  loss_ce_8: 0.1463  loss_mask_8: 0.03765  loss_dice_8: 0.9591    time: 0.8166  last_time: 0.8005  data_time: 0.1815  last_data_time: 0.1815   lr: 5.2404e-06  max_mem: 12897M
[02/28 01:26:45 d2.utils.events]:  eta: 0:43:49  iter: 6599  total_loss: 9.07  loss_ce: 0.05504  loss_mask: 0.03789  loss_dice: 0.7751  loss_ce_0: 0.2075  loss_mask_0: 0.06583  loss_dice_0: 0.7965  loss_ce_1: 0.103  loss_mask_1: 0.04417  loss_dice_1: 0.8822  loss_ce_2: 0.05867  loss_mask_2: 0.04127  loss_dice_2: 0.8129  loss_ce_3: 0.05781  loss_mask_3: 0.0361  loss_dice_3: 0.7173  loss_ce_4: 0.09122  loss_mask_4: 0.03987  loss_dice_4: 0.7162  loss_ce_5: 0.05263  loss_mask_5: 0.03548  loss_dice_5: 0.8557  loss_ce_6: 0.05045  loss_mask_6: 0.04267  loss_dice_6: 0.6737  loss_ce_7: 0.05253  loss_mask_7: 0.03901  loss_dice_7: 0.8128  loss_ce_8: 0.05607  loss_mask_8: 0.03755  loss_dice_8: 0.8226    time: 0.8167  last_time: 0.9419  data_time: 0.3165  last_data_time: 0.3165   lr: 5.1852e-06  max_mem: 12897M
[02/28 01:27:02 d2.utils.events]:  eta: 0:43:33  iter: 6619  total_loss: 9.829  loss_ce: 0.02572  loss_mask: 0.1394  loss_dice: 0.7754  loss_ce_0: 0.2276  loss_mask_0: 0.2309  loss_dice_0: 0.9524  loss_ce_1: 0.03992  loss_mask_1: 0.176  loss_dice_1: 0.873  loss_ce_2: 0.03679  loss_mask_2: 0.154  loss_dice_2: 0.7449  loss_ce_3: 0.03251  loss_mask_3: 0.126  loss_dice_3: 0.7086  loss_ce_4: 0.02681  loss_mask_4: 0.1276  loss_dice_4: 0.7847  loss_ce_5: 0.02885  loss_mask_5: 0.1259  loss_dice_5: 0.8275  loss_ce_6: 0.02698  loss_mask_6: 0.1155  loss_dice_6: 0.7268  loss_ce_7: 0.02572  loss_mask_7: 0.1429  loss_dice_7: 0.7207  loss_ce_8: 0.02632  loss_mask_8: 0.1357  loss_dice_8: 0.7437    time: 0.8167  last_time: 0.6971  data_time: 0.0899  last_data_time: 0.0899   lr: 5.1302e-06  max_mem: 12897M
[02/28 01:27:19 d2.utils.events]:  eta: 0:43:21  iter: 6639  total_loss: 8.58  loss_ce: 0.01826  loss_mask: 0.02643  loss_dice: 0.6056  loss_ce_0: 0.2802  loss_mask_0: 0.03108  loss_dice_0: 0.8909  loss_ce_1: 0.07064  loss_mask_1: 0.04169  loss_dice_1: 0.8275  loss_ce_2: 0.02182  loss_mask_2: 0.02786  loss_dice_2: 0.8418  loss_ce_3: 0.02888  loss_mask_3: 0.02536  loss_dice_3: 0.7116  loss_ce_4: 0.02251  loss_mask_4: 0.01971  loss_dice_4: 0.6377  loss_ce_5: 0.02304  loss_mask_5: 0.02609  loss_dice_5: 0.7903  loss_ce_6: 0.02152  loss_mask_6: 0.02176  loss_dice_6: 0.6892  loss_ce_7: 0.02674  loss_mask_7: 0.02641  loss_dice_7: 1.045  loss_ce_8: 0.01986  loss_mask_8: 0.02787  loss_dice_8: 0.7322    time: 0.8168  last_time: 0.7690  data_time: 0.1695  last_data_time: 0.1695   lr: 5.0755e-06  max_mem: 12897M
[02/28 01:27:36 d2.utils.events]:  eta: 0:43:05  iter: 6659  total_loss: 8.807  loss_ce: 0.1219  loss_mask: 0.04244  loss_dice: 0.6692  loss_ce_0: 0.3307  loss_mask_0: 0.05402  loss_dice_0: 0.7094  loss_ce_1: 0.1362  loss_mask_1: 0.04594  loss_dice_1: 0.6382  loss_ce_2: 0.1568  loss_mask_2: 0.04748  loss_dice_2: 0.598  loss_ce_3: 0.1063  loss_mask_3: 0.05247  loss_dice_3: 0.6576  loss_ce_4: 0.09374  loss_mask_4: 0.04706  loss_dice_4: 0.724  loss_ce_5: 0.09544  loss_mask_5: 0.05399  loss_dice_5: 0.7728  loss_ce_6: 0.09893  loss_mask_6: 0.05305  loss_dice_6: 0.7723  loss_ce_7: 0.07759  loss_mask_7: 0.04961  loss_dice_7: 0.7192  loss_ce_8: 0.08056  loss_mask_8: 0.05225  loss_dice_8: 0.7501    time: 0.8168  last_time: 0.7271  data_time: 0.1148  last_data_time: 0.1148   lr: 5.0209e-06  max_mem: 12897M
[02/28 01:27:53 d2.utils.events]:  eta: 0:42:47  iter: 6679  total_loss: 11.37  loss_ce: 0.04203  loss_mask: 0.03988  loss_dice: 0.9749  loss_ce_0: 0.1975  loss_mask_0: 0.0438  loss_dice_0: 1.118  loss_ce_1: 0.08247  loss_mask_1: 0.05842  loss_dice_1: 1.457  loss_ce_2: 0.04838  loss_mask_2: 0.0455  loss_dice_2: 0.9831  loss_ce_3: 0.05952  loss_mask_3: 0.0321  loss_dice_3: 1.05  loss_ce_4: 0.07356  loss_mask_4: 0.02826  loss_dice_4: 0.8388  loss_ce_5: 0.06358  loss_mask_5: 0.03576  loss_dice_5: 1.049  loss_ce_6: 0.02726  loss_mask_6: 0.04117  loss_dice_6: 1.01  loss_ce_7: 0.02595  loss_mask_7: 0.03917  loss_dice_7: 0.9894  loss_ce_8: 0.04626  loss_mask_8: 0.03116  loss_dice_8: 0.8333    time: 0.8168  last_time: 0.7609  data_time: 0.1375  last_data_time: 0.1375   lr: 4.9665e-06  max_mem: 12897M
[02/28 01:28:10 d2.utils.events]:  eta: 0:42:31  iter: 6699  total_loss: 5.997  loss_ce: 0.01947  loss_mask: 0.04203  loss_dice: 0.5216  loss_ce_0: 0.1428  loss_mask_0: 0.05797  loss_dice_0: 0.6522  loss_ce_1: 0.02332  loss_mask_1: 0.03663  loss_dice_1: 0.5077  loss_ce_2: 0.02402  loss_mask_2: 0.0362  loss_dice_2: 0.5031  loss_ce_3: 0.02952  loss_mask_3: 0.0447  loss_dice_3: 0.5559  loss_ce_4: 0.02537  loss_mask_4: 0.03715  loss_dice_4: 0.5457  loss_ce_5: 0.02199  loss_mask_5: 0.03604  loss_dice_5: 0.4804  loss_ce_6: 0.02024  loss_mask_6: 0.0398  loss_dice_6: 0.5061  loss_ce_7: 0.01929  loss_mask_7: 0.0386  loss_dice_7: 0.5126  loss_ce_8: 0.01946  loss_mask_8: 0.03533  loss_dice_8: 0.4619    time: 0.8170  last_time: 0.8659  data_time: 0.2489  last_data_time: 0.2489   lr: 4.9123e-06  max_mem: 12897M
[02/28 01:28:26 d2.utils.events]:  eta: 0:42:15  iter: 6719  total_loss: 17.25  loss_ce: 0.1152  loss_mask: 0.1208  loss_dice: 1.259  loss_ce_0: 0.6596  loss_mask_0: 0.2637  loss_dice_0: 1.768  loss_ce_1: 0.2003  loss_mask_1: 0.1648  loss_dice_1: 1.443  loss_ce_2: 0.22  loss_mask_2: 0.1404  loss_dice_2: 1.276  loss_ce_3: 0.1792  loss_mask_3: 0.14  loss_dice_3: 1.471  loss_ce_4: 0.09325  loss_mask_4: 0.1424  loss_dice_4: 1.372  loss_ce_5: 0.07483  loss_mask_5: 0.1363  loss_dice_5: 1.416  loss_ce_6: 0.1053  loss_mask_6: 0.1139  loss_dice_6: 1.221  loss_ce_7: 0.07336  loss_mask_7: 0.1151  loss_dice_7: 1.384  loss_ce_8: 0.07235  loss_mask_8: 0.1264  loss_dice_8: 1.382    time: 0.8170  last_time: 0.7704  data_time: 0.1352  last_data_time: 0.1352   lr: 4.8583e-06  max_mem: 12897M
[02/28 01:28:42 d2.utils.events]:  eta: 0:42:00  iter: 6739  total_loss: 7.378  loss_ce: 0.02756  loss_mask: 0.02878  loss_dice: 0.6467  loss_ce_0: 0.1441  loss_mask_0: 0.037  loss_dice_0: 0.7165  loss_ce_1: 0.03172  loss_mask_1: 0.03727  loss_dice_1: 0.614  loss_ce_2: 0.03531  loss_mask_2: 0.03662  loss_dice_2: 0.6585  loss_ce_3: 0.0314  loss_mask_3: 0.031  loss_dice_3: 0.6694  loss_ce_4: 0.02789  loss_mask_4: 0.03627  loss_dice_4: 0.6646  loss_ce_5: 0.02859  loss_mask_5: 0.03556  loss_dice_5: 0.6744  loss_ce_6: 0.02806  loss_mask_6: 0.03225  loss_dice_6: 0.6238  loss_ce_7: 0.02751  loss_mask_7: 0.03146  loss_dice_7: 0.6601  loss_ce_8: 0.02837  loss_mask_8: 0.03081  loss_dice_8: 0.7023    time: 0.8169  last_time: 0.8239  data_time: 0.2131  last_data_time: 0.2131   lr: 4.8045e-06  max_mem: 12897M
[02/28 01:28:59 d2.utils.events]:  eta: 0:41:47  iter: 6759  total_loss: 12.55  loss_ce: 0.1481  loss_mask: 0.03245  loss_dice: 0.971  loss_ce_0: 0.5728  loss_mask_0: 0.05128  loss_dice_0: 1.122  loss_ce_1: 0.2054  loss_mask_1: 0.04182  loss_dice_1: 0.9913  loss_ce_2: 0.1534  loss_mask_2: 0.03626  loss_dice_2: 1.092  loss_ce_3: 0.1827  loss_mask_3: 0.03846  loss_dice_3: 1.022  loss_ce_4: 0.2058  loss_mask_4: 0.03266  loss_dice_4: 0.8877  loss_ce_5: 0.1895  loss_mask_5: 0.03015  loss_dice_5: 0.9762  loss_ce_6: 0.1506  loss_mask_6: 0.03706  loss_dice_6: 1.037  loss_ce_7: 0.2044  loss_mask_7: 0.03843  loss_dice_7: 1.043  loss_ce_8: 0.1142  loss_mask_8: 0.0348  loss_dice_8: 0.9084    time: 0.8169  last_time: 0.7592  data_time: 0.1362  last_data_time: 0.1362   lr: 4.7509e-06  max_mem: 12897M
[02/28 01:29:15 d2.utils.events]:  eta: 0:41:33  iter: 6779  total_loss: 11.31  loss_ce: 0.03761  loss_mask: 0.06388  loss_dice: 0.9577  loss_ce_0: 0.4842  loss_mask_0: 0.1281  loss_dice_0: 1.239  loss_ce_1: 0.09132  loss_mask_1: 0.0677  loss_dice_1: 0.9669  loss_ce_2: 0.1062  loss_mask_2: 0.05591  loss_dice_2: 1.008  loss_ce_3: 0.0634  loss_mask_3: 0.07057  loss_dice_3: 0.9812  loss_ce_4: 0.04271  loss_mask_4: 0.06093  loss_dice_4: 0.8503  loss_ce_5: 0.0356  loss_mask_5: 0.05986  loss_dice_5: 0.8656  loss_ce_6: 0.04023  loss_mask_6: 0.061  loss_dice_6: 0.9127  loss_ce_7: 0.04595  loss_mask_7: 0.05824  loss_dice_7: 0.9455  loss_ce_8: 0.03818  loss_mask_8: 0.05848  loss_dice_8: 0.9175    time: 0.8169  last_time: 0.7428  data_time: 0.1333  last_data_time: 0.1333   lr: 4.6976e-06  max_mem: 12897M
[02/28 01:29:32 d2.utils.events]:  eta: 0:41:16  iter: 6799  total_loss: 13.85  loss_ce: 0.06187  loss_mask: 0.07803  loss_dice: 1.145  loss_ce_0: 0.1615  loss_mask_0: 0.1097  loss_dice_0: 1.243  loss_ce_1: 0.1672  loss_mask_1: 0.09151  loss_dice_1: 1.279  loss_ce_2: 0.1542  loss_mask_2: 0.0883  loss_dice_2: 0.9667  loss_ce_3: 0.2084  loss_mask_3: 0.09845  loss_dice_3: 1.015  loss_ce_4: 0.0656  loss_mask_4: 0.09655  loss_dice_4: 1.211  loss_ce_5: 0.09451  loss_mask_5: 0.08829  loss_dice_5: 1.22  loss_ce_6: 0.09845  loss_mask_6: 0.09166  loss_dice_6: 1.326  loss_ce_7: 0.09243  loss_mask_7: 0.09061  loss_dice_7: 1.035  loss_ce_8: 0.06263  loss_mask_8: 0.09249  loss_dice_8: 1.313    time: 0.8169  last_time: 0.7666  data_time: 0.1548  last_data_time: 0.1548   lr: 4.6444e-06  max_mem: 12897M
[02/28 01:29:48 d2.utils.events]:  eta: 0:40:58  iter: 6819  total_loss: 12.54  loss_ce: 0.05434  loss_mask: 0.05821  loss_dice: 1.041  loss_ce_0: 0.286  loss_mask_0: 0.06255  loss_dice_0: 1.211  loss_ce_1: 0.1074  loss_mask_1: 0.06269  loss_dice_1: 1.134  loss_ce_2: 0.1171  loss_mask_2: 0.05952  loss_dice_2: 1.133  loss_ce_3: 0.05768  loss_mask_3: 0.05967  loss_dice_3: 1.118  loss_ce_4: 0.05293  loss_mask_4: 0.05663  loss_dice_4: 0.9987  loss_ce_5: 0.0531  loss_mask_5: 0.05384  loss_dice_5: 1.125  loss_ce_6: 0.09125  loss_mask_6: 0.05238  loss_dice_6: 1.029  loss_ce_7: 0.05072  loss_mask_7: 0.06027  loss_dice_7: 1.208  loss_ce_8: 0.05295  loss_mask_8: 0.06146  loss_dice_8: 1.032    time: 0.8168  last_time: 0.7387  data_time: 0.1185  last_data_time: 0.1185   lr: 4.5914e-06  max_mem: 12897M
[02/28 01:30:04 d2.utils.events]:  eta: 0:40:41  iter: 6839  total_loss: 12.63  loss_ce: 0.1112  loss_mask: 0.0591  loss_dice: 0.9706  loss_ce_0: 0.3249  loss_mask_0: 0.07613  loss_dice_0: 1.337  loss_ce_1: 0.1272  loss_mask_1: 0.06195  loss_dice_1: 1.144  loss_ce_2: 0.1172  loss_mask_2: 0.06162  loss_dice_2: 1.025  loss_ce_3: 0.1307  loss_mask_3: 0.06637  loss_dice_3: 1.067  loss_ce_4: 0.1867  loss_mask_4: 0.05011  loss_dice_4: 0.9959  loss_ce_5: 0.0998  loss_mask_5: 0.07054  loss_dice_5: 1.054  loss_ce_6: 0.09426  loss_mask_6: 0.0642  loss_dice_6: 1.009  loss_ce_7: 0.09462  loss_mask_7: 0.06263  loss_dice_7: 1.002  loss_ce_8: 0.1087  loss_mask_8: 0.06093  loss_dice_8: 0.9986    time: 0.8168  last_time: 0.7635  data_time: 0.1428  last_data_time: 0.1428   lr: 4.5387e-06  max_mem: 12897M
[02/28 01:30:20 d2.utils.events]:  eta: 0:40:25  iter: 6859  total_loss: 8.382  loss_ce: 0.03669  loss_mask: 0.03588  loss_dice: 0.5788  loss_ce_0: 0.1711  loss_mask_0: 0.05533  loss_dice_0: 0.7758  loss_ce_1: 0.1031  loss_mask_1: 0.04952  loss_dice_1: 1.103  loss_ce_2: 0.05368  loss_mask_2: 0.04143  loss_dice_2: 0.848  loss_ce_3: 0.1319  loss_mask_3: 0.03807  loss_dice_3: 0.5654  loss_ce_4: 0.05817  loss_mask_4: 0.03653  loss_dice_4: 0.6141  loss_ce_5: 0.04504  loss_mask_5: 0.03697  loss_dice_5: 0.6137  loss_ce_6: 0.04661  loss_mask_6: 0.04796  loss_dice_6: 0.8865  loss_ce_7: 0.03907  loss_mask_7: 0.04359  loss_dice_7: 0.7227  loss_ce_8: 0.03592  loss_mask_8: 0.03543  loss_dice_8: 0.5315    time: 0.8167  last_time: 0.7897  data_time: 0.1812  last_data_time: 0.1812   lr: 4.4862e-06  max_mem: 12897M
[02/28 01:30:37 d2.utils.events]:  eta: 0:40:10  iter: 6879  total_loss: 6.146  loss_ce: 0.03473  loss_mask: 0.03168  loss_dice: 0.5269  loss_ce_0: 0.1888  loss_mask_0: 0.04621  loss_dice_0: 0.8084  loss_ce_1: 0.05504  loss_mask_1: 0.02888  loss_dice_1: 0.4454  loss_ce_2: 0.03368  loss_mask_2: 0.03156  loss_dice_2: 0.5978  loss_ce_3: 0.03837  loss_mask_3: 0.03249  loss_dice_3: 0.4727  loss_ce_4: 0.03457  loss_mask_4: 0.03271  loss_dice_4: 0.4508  loss_ce_5: 0.03593  loss_mask_5: 0.02993  loss_dice_5: 0.6471  loss_ce_6: 0.03845  loss_mask_6: 0.02739  loss_dice_6: 0.3797  loss_ce_7: 0.03626  loss_mask_7: 0.03084  loss_dice_7: 0.4249  loss_ce_8: 0.03691  loss_mask_8: 0.02909  loss_dice_8: 0.539    time: 0.8168  last_time: 0.7557  data_time: 0.1415  last_data_time: 0.1415   lr: 4.4339e-06  max_mem: 12897M
[02/28 01:30:55 d2.utils.events]:  eta: 0:39:55  iter: 6899  total_loss: 10.06  loss_ce: 0.133  loss_mask: 0.04773  loss_dice: 0.746  loss_ce_0: 0.4838  loss_mask_0: 0.07241  loss_dice_0: 1.034  loss_ce_1: 0.1978  loss_mask_1: 0.0614  loss_dice_1: 0.8558  loss_ce_2: 0.2048  loss_mask_2: 0.05121  loss_dice_2: 0.7443  loss_ce_3: 0.1564  loss_mask_3: 0.04458  loss_dice_3: 0.7169  loss_ce_4: 0.1224  loss_mask_4: 0.04406  loss_dice_4: 0.7624  loss_ce_5: 0.1118  loss_mask_5: 0.04654  loss_dice_5: 0.7307  loss_ce_6: 0.1086  loss_mask_6: 0.04772  loss_dice_6: 0.8343  loss_ce_7: 0.1189  loss_mask_7: 0.04308  loss_dice_7: 0.6792  loss_ce_8: 0.1088  loss_mask_8: 0.04798  loss_dice_8: 0.7041    time: 0.8170  last_time: 0.7862  data_time: 0.1703  last_data_time: 0.1703   lr: 4.3818e-06  max_mem: 12897M
[02/28 01:31:11 d2.utils.events]:  eta: 0:39:41  iter: 6919  total_loss: 6.695  loss_ce: 0.02985  loss_mask: 0.03237  loss_dice: 0.5365  loss_ce_0: 0.1423  loss_mask_0: 0.04288  loss_dice_0: 0.6743  loss_ce_1: 0.04145  loss_mask_1: 0.03564  loss_dice_1: 0.5981  loss_ce_2: 0.06267  loss_mask_2: 0.0356  loss_dice_2: 0.5794  loss_ce_3: 0.03097  loss_mask_3: 0.03253  loss_dice_3: 0.6052  loss_ce_4: 0.02919  loss_mask_4: 0.03557  loss_dice_4: 0.5684  loss_ce_5: 0.03099  loss_mask_5: 0.0318  loss_dice_5: 0.6246  loss_ce_6: 0.03141  loss_mask_6: 0.02903  loss_dice_6: 0.528  loss_ce_7: 0.02936  loss_mask_7: 0.03698  loss_dice_7: 0.5987  loss_ce_8: 0.03022  loss_mask_8: 0.03153  loss_dice_8: 0.5793    time: 0.8170  last_time: 1.0903  data_time: 0.4759  last_data_time: 0.4759   lr: 4.3299e-06  max_mem: 12897M
[02/28 01:31:27 d2.utils.events]:  eta: 0:39:25  iter: 6939  total_loss: 8.897  loss_ce: 0.06473  loss_mask: 0.04299  loss_dice: 0.7109  loss_ce_0: 0.2456  loss_mask_0: 0.08031  loss_dice_0: 0.8803  loss_ce_1: 0.1054  loss_mask_1: 0.04933  loss_dice_1: 0.7458  loss_ce_2: 0.1014  loss_mask_2: 0.05413  loss_dice_2: 0.7654  loss_ce_3: 0.1151  loss_mask_3: 0.04946  loss_dice_3: 0.8656  loss_ce_4: 0.07601  loss_mask_4: 0.04294  loss_dice_4: 0.6317  loss_ce_5: 0.09768  loss_mask_5: 0.04816  loss_dice_5: 0.721  loss_ce_6: 0.07109  loss_mask_6: 0.04468  loss_dice_6: 0.6755  loss_ce_7: 0.09334  loss_mask_7: 0.0448  loss_dice_7: 0.6367  loss_ce_8: 0.06295  loss_mask_8: 0.04787  loss_dice_8: 0.7263    time: 0.8169  last_time: 0.9902  data_time: 0.1889  last_data_time: 0.1889   lr: 4.2783e-06  max_mem: 12897M
[02/28 01:31:43 d2.utils.events]:  eta: 0:39:08  iter: 6959  total_loss: 8.448  loss_ce: 0.02422  loss_mask: 0.0339  loss_dice: 0.7354  loss_ce_0: 0.225  loss_mask_0: 0.0417  loss_dice_0: 0.9089  loss_ce_1: 0.05337  loss_mask_1: 0.04112  loss_dice_1: 0.6962  loss_ce_2: 0.04664  loss_mask_2: 0.0355  loss_dice_2: 0.7059  loss_ce_3: 0.03269  loss_mask_3: 0.04344  loss_dice_3: 0.8311  loss_ce_4: 0.02952  loss_mask_4: 0.03961  loss_dice_4: 0.7739  loss_ce_5: 0.02701  loss_mask_5: 0.03549  loss_dice_5: 0.7962  loss_ce_6: 0.02656  loss_mask_6: 0.03459  loss_dice_6: 0.6917  loss_ce_7: 0.02544  loss_mask_7: 0.03606  loss_dice_7: 0.7242  loss_ce_8: 0.02629  loss_mask_8: 0.03346  loss_dice_8: 0.6928    time: 0.8168  last_time: 0.7715  data_time: 0.1468  last_data_time: 0.1468   lr: 4.2268e-06  max_mem: 12897M
[02/28 01:32:01 d2.utils.events]:  eta: 0:38:53  iter: 6979  total_loss: 21.75  loss_ce: 0.3329  loss_mask: 0.09344  loss_dice: 1.796  loss_ce_0: 0.5928  loss_mask_0: 0.1288  loss_dice_0: 1.744  loss_ce_1: 0.3177  loss_mask_1: 0.1191  loss_dice_1: 2  loss_ce_2: 0.1932  loss_mask_2: 0.07932  loss_dice_2: 1.715  loss_ce_3: 0.305  loss_mask_3: 0.0942  loss_dice_3: 1.737  loss_ce_4: 0.3002  loss_mask_4: 0.0959  loss_dice_4: 1.825  loss_ce_5: 0.2546  loss_mask_5: 0.1008  loss_dice_5: 1.706  loss_ce_6: 0.2451  loss_mask_6: 0.09929  loss_dice_6: 1.573  loss_ce_7: 0.2114  loss_mask_7: 0.1058  loss_dice_7: 1.831  loss_ce_8: 0.2595  loss_mask_8: 0.113  loss_dice_8: 1.781    time: 0.8170  last_time: 0.7805  data_time: 0.1549  last_data_time: 0.1549   lr: 4.1756e-06  max_mem: 12897M
[02/28 01:32:17 d2.utils.events]:  eta: 0:38:36  iter: 6999  total_loss: 13.47  loss_ce: 0.1479  loss_mask: 0.05883  loss_dice: 1.014  loss_ce_0: 0.5623  loss_mask_0: 0.09343  loss_dice_0: 1.181  loss_ce_1: 0.2927  loss_mask_1: 0.07349  loss_dice_1: 1.183  loss_ce_2: 0.2214  loss_mask_2: 0.05757  loss_dice_2: 0.9698  loss_ce_3: 0.2224  loss_mask_3: 0.05565  loss_dice_3: 1.038  loss_ce_4: 0.1492  loss_mask_4: 0.0579  loss_dice_4: 1.088  loss_ce_5: 0.1294  loss_mask_5: 0.05524  loss_dice_5: 1.069  loss_ce_6: 0.1565  loss_mask_6: 0.05481  loss_dice_6: 1.023  loss_ce_7: 0.1421  loss_mask_7: 0.05612  loss_dice_7: 1.038  loss_ce_8: 0.2043  loss_mask_8: 0.05822  loss_dice_8: 1.012    time: 0.8169  last_time: 0.7381  data_time: 0.1045  last_data_time: 0.1045   lr: 4.1247e-06  max_mem: 12897M
[02/28 01:32:34 d2.utils.events]:  eta: 0:38:21  iter: 7019  total_loss: 6.253  loss_ce: 0.03063  loss_mask: 0.02059  loss_dice: 0.4952  loss_ce_0: 0.3148  loss_mask_0: 0.03165  loss_dice_0: 0.599  loss_ce_1: 0.03355  loss_mask_1: 0.02593  loss_dice_1: 0.5925  loss_ce_2: 0.03492  loss_mask_2: 0.0262  loss_dice_2: 0.6463  loss_ce_3: 0.03572  loss_mask_3: 0.02141  loss_dice_3: 0.4874  loss_ce_4: 0.03784  loss_mask_4: 0.02421  loss_dice_4: 0.5841  loss_ce_5: 0.03687  loss_mask_5: 0.01984  loss_dice_5: 0.5212  loss_ce_6: 0.03289  loss_mask_6: 0.02419  loss_dice_6: 0.4828  loss_ce_7: 0.03228  loss_mask_7: 0.02041  loss_dice_7: 0.5015  loss_ce_8: 0.03357  loss_mask_8: 0.02149  loss_dice_8: 0.4844    time: 0.8170  last_time: 0.7200  data_time: 0.1117  last_data_time: 0.1117   lr: 4.074e-06  max_mem: 12897M
[02/28 01:32:51 d2.utils.events]:  eta: 0:38:05  iter: 7039  total_loss: 13.18  loss_ce: 0.02283  loss_mask: 0.06363  loss_dice: 1.162  loss_ce_0: 0.3533  loss_mask_0: 0.0753  loss_dice_0: 1.456  loss_ce_1: 0.06807  loss_mask_1: 0.07145  loss_dice_1: 1.121  loss_ce_2: 0.04456  loss_mask_2: 0.05791  loss_dice_2: 1.154  loss_ce_3: 0.02782  loss_mask_3: 0.064  loss_dice_3: 1.253  loss_ce_4: 0.02999  loss_mask_4: 0.06009  loss_dice_4: 1.194  loss_ce_5: 0.02805  loss_mask_5: 0.06304  loss_dice_5: 1.163  loss_ce_6: 0.02659  loss_mask_6: 0.0609  loss_dice_6: 1.173  loss_ce_7: 0.02246  loss_mask_7: 0.05915  loss_dice_7: 1.104  loss_ce_8: 0.0221  loss_mask_8: 0.06276  loss_dice_8: 1.115    time: 0.8170  last_time: 0.8198  data_time: 0.1999  last_data_time: 0.1999   lr: 4.0235e-06  max_mem: 12897M
[02/28 01:33:07 d2.utils.events]:  eta: 0:37:53  iter: 7059  total_loss: 6.398  loss_ce: 0.01506  loss_mask: 0.05813  loss_dice: 0.6053  loss_ce_0: 0.1486  loss_mask_0: 0.068  loss_dice_0: 0.5719  loss_ce_1: 0.02537  loss_mask_1: 0.05422  loss_dice_1: 0.5129  loss_ce_2: 0.02652  loss_mask_2: 0.05469  loss_dice_2: 0.566  loss_ce_3: 0.017  loss_mask_3: 0.05917  loss_dice_3: 0.5315  loss_ce_4: 0.01576  loss_mask_4: 0.062  loss_dice_4: 0.5591  loss_ce_5: 0.0146  loss_mask_5: 0.05227  loss_dice_5: 0.4773  loss_ce_6: 0.01401  loss_mask_6: 0.06142  loss_dice_6: 0.6238  loss_ce_7: 0.01411  loss_mask_7: 0.05673  loss_dice_7: 0.5494  loss_ce_8: 0.01431  loss_mask_8: 0.05536  loss_dice_8: 0.5138    time: 0.8170  last_time: 0.7415  data_time: 0.1409  last_data_time: 0.1409   lr: 3.9732e-06  max_mem: 12897M
[02/28 01:33:23 d2.utils.events]:  eta: 0:37:35  iter: 7079  total_loss: 13.24  loss_ce: 0.06192  loss_mask: 0.04531  loss_dice: 1.103  loss_ce_0: 0.3198  loss_mask_0: 0.05202  loss_dice_0: 1.432  loss_ce_1: 0.06944  loss_mask_1: 0.03752  loss_dice_1: 1.328  loss_ce_2: 0.09516  loss_mask_2: 0.0373  loss_dice_2: 0.9883  loss_ce_3: 0.1893  loss_mask_3: 0.03989  loss_dice_3: 1.187  loss_ce_4: 0.1089  loss_mask_4: 0.04254  loss_dice_4: 1.189  loss_ce_5: 0.05557  loss_mask_5: 0.04055  loss_dice_5: 1.064  loss_ce_6: 0.05796  loss_mask_6: 0.0583  loss_dice_6: 1.162  loss_ce_7: 0.0594  loss_mask_7: 0.04426  loss_dice_7: 1.129  loss_ce_8: 0.1126  loss_mask_8: 0.04518  loss_dice_8: 1.086    time: 0.8169  last_time: 0.7321  data_time: 0.1206  last_data_time: 0.1206   lr: 3.9232e-06  max_mem: 12897M
[02/28 01:33:39 d2.utils.events]:  eta: 0:37:17  iter: 7099  total_loss: 7.248  loss_ce: 0.01578  loss_mask: 0.02642  loss_dice: 0.6556  loss_ce_0: 0.1871  loss_mask_0: 0.03496  loss_dice_0: 0.6686  loss_ce_1: 0.02697  loss_mask_1: 0.04269  loss_dice_1: 0.5944  loss_ce_2: 0.02372  loss_mask_2: 0.02156  loss_dice_2: 0.5731  loss_ce_3: 0.021  loss_mask_3: 0.02772  loss_dice_3: 0.6175  loss_ce_4: 0.02002  loss_mask_4: 0.03256  loss_dice_4: 0.6514  loss_ce_5: 0.01875  loss_mask_5: 0.03095  loss_dice_5: 0.7837  loss_ce_6: 0.01894  loss_mask_6: 0.02608  loss_dice_6: 0.6252  loss_ce_7: 0.01584  loss_mask_7: 0.02735  loss_dice_7: 0.7209  loss_ce_8: 0.01655  loss_mask_8: 0.03014  loss_dice_8: 0.693    time: 0.8168  last_time: 0.6903  data_time: 0.0863  last_data_time: 0.0863   lr: 3.8734e-06  max_mem: 12897M
[02/28 01:33:55 d2.utils.events]:  eta: 0:37:00  iter: 7119  total_loss: 12.87  loss_ce: 0.05359  loss_mask: 0.03837  loss_dice: 1.19  loss_ce_0: 0.3494  loss_mask_0: 0.04948  loss_dice_0: 1.504  loss_ce_1: 0.0749  loss_mask_1: 0.04034  loss_dice_1: 1.192  loss_ce_2: 0.1509  loss_mask_2: 0.04125  loss_dice_2: 1.104  loss_ce_3: 0.07804  loss_mask_3: 0.03328  loss_dice_3: 0.9482  loss_ce_4: 0.06121  loss_mask_4: 0.03557  loss_dice_4: 1.032  loss_ce_5: 0.09943  loss_mask_5: 0.03625  loss_dice_5: 1.044  loss_ce_6: 0.07898  loss_mask_6: 0.03746  loss_dice_6: 1.054  loss_ce_7: 0.121  loss_mask_7: 0.03774  loss_dice_7: 1.158  loss_ce_8: 0.1025  loss_mask_8: 0.03451  loss_dice_8: 1.087    time: 0.8168  last_time: 0.8872  data_time: 0.2604  last_data_time: 0.2604   lr: 3.8239e-06  max_mem: 12897M
[02/28 01:34:12 d2.utils.events]:  eta: 0:36:43  iter: 7139  total_loss: 8.482  loss_ce: 0.05406  loss_mask: 0.02895  loss_dice: 0.686  loss_ce_0: 0.3295  loss_mask_0: 0.05087  loss_dice_0: 0.8759  loss_ce_1: 0.1389  loss_mask_1: 0.03039  loss_dice_1: 0.6987  loss_ce_2: 0.1224  loss_mask_2: 0.02731  loss_dice_2: 0.7159  loss_ce_3: 0.06965  loss_mask_3: 0.03171  loss_dice_3: 0.725  loss_ce_4: 0.05789  loss_mask_4: 0.02833  loss_dice_4: 0.6372  loss_ce_5: 0.05502  loss_mask_5: 0.03002  loss_dice_5: 0.6764  loss_ce_6: 0.05938  loss_mask_6: 0.02783  loss_dice_6: 0.7032  loss_ce_7: 0.05809  loss_mask_7: 0.02991  loss_dice_7: 0.7183  loss_ce_8: 0.05354  loss_mask_8: 0.03048  loss_dice_8: 0.7313    time: 0.8169  last_time: 0.7797  data_time: 0.1671  last_data_time: 0.1671   lr: 3.7746e-06  max_mem: 12897M
[02/28 01:34:29 d2.utils.events]:  eta: 0:36:27  iter: 7159  total_loss: 7.618  loss_ce: 0.02318  loss_mask: 0.03321  loss_dice: 0.64  loss_ce_0: 0.3227  loss_mask_0: 0.04438  loss_dice_0: 0.7936  loss_ce_1: 0.06867  loss_mask_1: 0.03311  loss_dice_1: 0.6133  loss_ce_2: 0.05532  loss_mask_2: 0.03639  loss_dice_2: 0.6805  loss_ce_3: 0.03953  loss_mask_3: 0.03959  loss_dice_3: 0.6637  loss_ce_4: 0.02833  loss_mask_4: 0.03236  loss_dice_4: 0.6347  loss_ce_5: 0.0245  loss_mask_5: 0.03578  loss_dice_5: 0.6797  loss_ce_6: 0.02423  loss_mask_6: 0.03653  loss_dice_6: 0.6458  loss_ce_7: 0.02174  loss_mask_7: 0.03276  loss_dice_7: 0.5883  loss_ce_8: 0.02256  loss_mask_8: 0.03689  loss_dice_8: 0.6863    time: 0.8169  last_time: 0.7897  data_time: 0.1387  last_data_time: 0.1387   lr: 3.7255e-06  max_mem: 12897M
[02/28 01:34:44 d2.utils.events]:  eta: 0:36:12  iter: 7179  total_loss: 15.76  loss_ce: 0.0658  loss_mask: 0.1029  loss_dice: 1.063  loss_ce_0: 0.436  loss_mask_0: 0.2125  loss_dice_0: 1.493  loss_ce_1: 0.1151  loss_mask_1: 0.1546  loss_dice_1: 1.484  loss_ce_2: 0.1262  loss_mask_2: 0.1426  loss_dice_2: 1.457  loss_ce_3: 0.1162  loss_mask_3: 0.1337  loss_dice_3: 1.332  loss_ce_4: 0.0719  loss_mask_4: 0.1143  loss_dice_4: 1.27  loss_ce_5: 0.07332  loss_mask_5: 0.1143  loss_dice_5: 1.263  loss_ce_6: 0.08791  loss_mask_6: 0.117  loss_dice_6: 1.292  loss_ce_7: 0.07042  loss_mask_7: 0.1261  loss_dice_7: 1.168  loss_ce_8: 0.08673  loss_mask_8: 0.116  loss_dice_8: 1.35    time: 0.8168  last_time: 0.7850  data_time: 0.1679  last_data_time: 0.1679   lr: 3.6767e-06  max_mem: 12897M
[02/28 01:35:02 d2.utils.events]:  eta: 0:35:58  iter: 7199  total_loss: 11.69  loss_ce: 0.09945  loss_mask: 0.05657  loss_dice: 1.087  loss_ce_0: 0.2723  loss_mask_0: 0.06692  loss_dice_0: 1.229  loss_ce_1: 0.1548  loss_mask_1: 0.05479  loss_dice_1: 1.068  loss_ce_2: 0.1145  loss_mask_2: 0.05692  loss_dice_2: 1.043  loss_ce_3: 0.1014  loss_mask_3: 0.05679  loss_dice_3: 0.8896  loss_ce_4: 0.1105  loss_mask_4: 0.05831  loss_dice_4: 0.9507  loss_ce_5: 0.1074  loss_mask_5: 0.05648  loss_dice_5: 0.8853  loss_ce_6: 0.1013  loss_mask_6: 0.05691  loss_dice_6: 0.9483  loss_ce_7: 0.1052  loss_mask_7: 0.05691  loss_dice_7: 0.934  loss_ce_8: 0.08525  loss_mask_8: 0.05485  loss_dice_8: 0.8274    time: 0.8169  last_time: 0.6942  data_time: 0.0796  last_data_time: 0.0796   lr: 3.6282e-06  max_mem: 12897M
[02/28 01:35:19 d2.utils.events]:  eta: 0:35:46  iter: 7219  total_loss: 8.439  loss_ce: 0.01523  loss_mask: 0.03485  loss_dice: 0.6711  loss_ce_0: 0.2272  loss_mask_0: 0.0367  loss_dice_0: 0.8447  loss_ce_1: 0.02939  loss_mask_1: 0.02923  loss_dice_1: 0.5902  loss_ce_2: 0.02683  loss_mask_2: 0.0339  loss_dice_2: 0.7971  loss_ce_3: 0.02354  loss_mask_3: 0.03413  loss_dice_3: 0.7817  loss_ce_4: 0.01821  loss_mask_4: 0.03779  loss_dice_4: 0.8322  loss_ce_5: 0.01616  loss_mask_5: 0.03232  loss_dice_5: 0.6885  loss_ce_6: 0.01571  loss_mask_6: 0.03679  loss_dice_6: 0.7522  loss_ce_7: 0.01557  loss_mask_7: 0.04206  loss_dice_7: 0.9002  loss_ce_8: 0.01618  loss_mask_8: 0.03807  loss_dice_8: 0.8216    time: 0.8170  last_time: 0.6884  data_time: 0.0702  last_data_time: 0.0702   lr: 3.5799e-06  max_mem: 12897M
[02/28 01:35:35 d2.utils.events]:  eta: 0:35:30  iter: 7239  total_loss: 7.905  loss_ce: 0.0618  loss_mask: 0.03898  loss_dice: 0.6346  loss_ce_0: 0.3154  loss_mask_0: 0.04178  loss_dice_0: 0.6399  loss_ce_1: 0.1642  loss_mask_1: 0.03467  loss_dice_1: 0.6301  loss_ce_2: 0.1179  loss_mask_2: 0.03621  loss_dice_2: 0.5959  loss_ce_3: 0.06326  loss_mask_3: 0.03402  loss_dice_3: 0.563  loss_ce_4: 0.1697  loss_mask_4: 0.03817  loss_dice_4: 0.5854  loss_ce_5: 0.1685  loss_mask_5: 0.03528  loss_dice_5: 0.6067  loss_ce_6: 0.1268  loss_mask_6: 0.04214  loss_dice_6: 0.6411  loss_ce_7: 0.06252  loss_mask_7: 0.04128  loss_dice_7: 0.6891  loss_ce_8: 0.06449  loss_mask_8: 0.03787  loss_dice_8: 0.6241    time: 0.8169  last_time: 0.7472  data_time: 0.1366  last_data_time: 0.1366   lr: 3.5318e-06  max_mem: 12897M
[02/28 01:35:51 d2.utils.events]:  eta: 0:35:12  iter: 7259  total_loss: 10.79  loss_ce: 0.0609  loss_mask: 0.04075  loss_dice: 0.9438  loss_ce_0: 0.3198  loss_mask_0: 0.04192  loss_dice_0: 1.001  loss_ce_1: 0.08238  loss_mask_1: 0.04062  loss_dice_1: 1.073  loss_ce_2: 0.09115  loss_mask_2: 0.02863  loss_dice_2: 0.8765  loss_ce_3: 0.04355  loss_mask_3: 0.03827  loss_dice_3: 0.891  loss_ce_4: 0.07158  loss_mask_4: 0.04247  loss_dice_4: 1.017  loss_ce_5: 0.03526  loss_mask_5: 0.03845  loss_dice_5: 0.9063  loss_ce_6: 0.04384  loss_mask_6: 0.03976  loss_dice_6: 0.9007  loss_ce_7: 0.04561  loss_mask_7: 0.04029  loss_dice_7: 0.9002  loss_ce_8: 0.03078  loss_mask_8: 0.04629  loss_dice_8: 1.062    time: 0.8168  last_time: 0.7389  data_time: 0.1293  last_data_time: 0.1293   lr: 3.484e-06  max_mem: 12897M
[02/28 01:36:06 d2.utils.events]:  eta: 0:34:57  iter: 7279  total_loss: 8.208  loss_ce: 0.01652  loss_mask: 0.04438  loss_dice: 0.6836  loss_ce_0: 0.2294  loss_mask_0: 0.04412  loss_dice_0: 0.818  loss_ce_1: 0.02607  loss_mask_1: 0.04139  loss_dice_1: 0.7066  loss_ce_2: 0.02823  loss_mask_2: 0.05109  loss_dice_2: 0.75  loss_ce_3: 0.01995  loss_mask_3: 0.041  loss_dice_3: 0.7565  loss_ce_4: 0.01846  loss_mask_4: 0.04788  loss_dice_4: 0.7318  loss_ce_5: 0.01678  loss_mask_5: 0.04373  loss_dice_5: 0.7107  loss_ce_6: 0.01644  loss_mask_6: 0.04523  loss_dice_6: 0.6883  loss_ce_7: 0.016  loss_mask_7: 0.04702  loss_dice_7: 0.7704  loss_ce_8: 0.01657  loss_mask_8: 0.05112  loss_dice_8: 0.7313    time: 0.8167  last_time: 0.7840  data_time: 0.1408  last_data_time: 0.1408   lr: 3.4365e-06  max_mem: 12897M
[02/28 01:36:23 d2.utils.events]:  eta: 0:34:42  iter: 7299  total_loss: 14.87  loss_ce: 0.1668  loss_mask: 0.05709  loss_dice: 1.16  loss_ce_0: 0.3774  loss_mask_0: 0.07917  loss_dice_0: 1.359  loss_ce_1: 0.2878  loss_mask_1: 0.07824  loss_dice_1: 1.372  loss_ce_2: 0.3127  loss_mask_2: 0.05161  loss_dice_2: 1.229  loss_ce_3: 0.1769  loss_mask_3: 0.05463  loss_dice_3: 1.088  loss_ce_4: 0.1711  loss_mask_4: 0.05267  loss_dice_4: 1.177  loss_ce_5: 0.1807  loss_mask_5: 0.05604  loss_dice_5: 1.262  loss_ce_6: 0.1525  loss_mask_6: 0.0543  loss_dice_6: 1.175  loss_ce_7: 0.2311  loss_mask_7: 0.05134  loss_dice_7: 1.047  loss_ce_8: 0.1632  loss_mask_8: 0.05372  loss_dice_8: 1.197    time: 0.8167  last_time: 0.7836  data_time: 0.1725  last_data_time: 0.1725   lr: 3.3892e-06  max_mem: 12897M
[02/28 01:36:40 d2.utils.events]:  eta: 0:34:27  iter: 7319  total_loss: 10.62  loss_ce: 0.02915  loss_mask: 0.04709  loss_dice: 0.8937  loss_ce_0: 0.2686  loss_mask_0: 0.05453  loss_dice_0: 1.078  loss_ce_1: 0.06993  loss_mask_1: 0.05526  loss_dice_1: 0.9825  loss_ce_2: 0.04962  loss_mask_2: 0.05398  loss_dice_2: 0.9397  loss_ce_3: 0.04517  loss_mask_3: 0.05519  loss_dice_3: 0.9498  loss_ce_4: 0.03378  loss_mask_4: 0.04987  loss_dice_4: 0.8799  loss_ce_5: 0.03388  loss_mask_5: 0.0438  loss_dice_5: 0.866  loss_ce_6: 0.02966  loss_mask_6: 0.05257  loss_dice_6: 0.9445  loss_ce_7: 0.02823  loss_mask_7: 0.05572  loss_dice_7: 0.9855  loss_ce_8: 0.0295  loss_mask_8: 0.05029  loss_dice_8: 0.9665    time: 0.8167  last_time: 1.0715  data_time: 0.4466  last_data_time: 0.4466   lr: 3.3422e-06  max_mem: 12897M
[02/28 01:36:56 d2.utils.events]:  eta: 0:34:10  iter: 7339  total_loss: 9.829  loss_ce: 0.06752  loss_mask: 0.02569  loss_dice: 0.8622  loss_ce_0: 0.1639  loss_mask_0: 0.03476  loss_dice_0: 1.088  loss_ce_1: 0.08953  loss_mask_1: 0.03572  loss_dice_1: 0.9076  loss_ce_2: 0.08358  loss_mask_2: 0.03573  loss_dice_2: 0.963  loss_ce_3: 0.08093  loss_mask_3: 0.02596  loss_dice_3: 0.7822  loss_ce_4: 0.09185  loss_mask_4: 0.03293  loss_dice_4: 0.8879  loss_ce_5: 0.03693  loss_mask_5: 0.02992  loss_dice_5: 0.8885  loss_ce_6: 0.08044  loss_mask_6: 0.02752  loss_dice_6: 0.7044  loss_ce_7: 0.06679  loss_mask_7: 0.02459  loss_dice_7: 0.645  loss_ce_8: 0.007932  loss_mask_8: 0.03082  loss_dice_8: 1.026    time: 0.8167  last_time: 0.7312  data_time: 0.1207  last_data_time: 0.1207   lr: 3.2955e-06  max_mem: 12897M
[02/28 01:37:11 d2.utils.events]:  eta: 0:33:54  iter: 7359  total_loss: 10.18  loss_ce: 0.06693  loss_mask: 0.03336  loss_dice: 0.9981  loss_ce_0: 0.2449  loss_mask_0: 0.02987  loss_dice_0: 0.8886  loss_ce_1: 0.08207  loss_mask_1: 0.03736  loss_dice_1: 0.8107  loss_ce_2: 0.1197  loss_mask_2: 0.03517  loss_dice_2: 0.7136  loss_ce_3: 0.0846  loss_mask_3: 0.03441  loss_dice_3: 0.9869  loss_ce_4: 0.07287  loss_mask_4: 0.03606  loss_dice_4: 0.8709  loss_ce_5: 0.09947  loss_mask_5: 0.02719  loss_dice_5: 0.8159  loss_ce_6: 0.07375  loss_mask_6: 0.0338  loss_dice_6: 0.8673  loss_ce_7: 0.07167  loss_mask_7: 0.03037  loss_dice_7: 0.8962  loss_ce_8: 0.06949  loss_mask_8: 0.0329  loss_dice_8: 1.019    time: 0.8166  last_time: 0.8265  data_time: 0.2111  last_data_time: 0.2111   lr: 3.249e-06  max_mem: 12897M
[02/28 01:37:28 d2.utils.events]:  eta: 0:33:40  iter: 7379  total_loss: 14.04  loss_ce: 0.06691  loss_mask: 0.05987  loss_dice: 1.293  loss_ce_0: 0.3132  loss_mask_0: 0.09879  loss_dice_0: 1.401  loss_ce_1: 0.1374  loss_mask_1: 0.06233  loss_dice_1: 1.239  loss_ce_2: 0.08945  loss_mask_2: 0.05856  loss_dice_2: 1.246  loss_ce_3: 0.08556  loss_mask_3: 0.06664  loss_dice_3: 1.146  loss_ce_4: 0.06505  loss_mask_4: 0.0737  loss_dice_4: 1.276  loss_ce_5: 0.07916  loss_mask_5: 0.05759  loss_dice_5: 1.175  loss_ce_6: 0.08261  loss_mask_6: 0.06796  loss_dice_6: 1.177  loss_ce_7: 0.04098  loss_mask_7: 0.06553  loss_dice_7: 1.172  loss_ce_8: 0.07463  loss_mask_8: 0.06616  loss_dice_8: 1.204    time: 0.8166  last_time: 1.0640  data_time: 0.3879  last_data_time: 0.3879   lr: 3.2028e-06  max_mem: 12897M
[02/28 01:37:46 d2.utils.events]:  eta: 0:33:25  iter: 7399  total_loss: 7.801  loss_ce: 0.02045  loss_mask: 0.0461  loss_dice: 0.664  loss_ce_0: 0.1918  loss_mask_0: 0.07095  loss_dice_0: 0.8275  loss_ce_1: 0.132  loss_mask_1: 0.05093  loss_dice_1: 0.7236  loss_ce_2: 0.0215  loss_mask_2: 0.05021  loss_dice_2: 0.702  loss_ce_3: 0.0219  loss_mask_3: 0.04274  loss_dice_3: 0.6473  loss_ce_4: 0.01959  loss_mask_4: 0.04168  loss_dice_4: 0.6824  loss_ce_5: 0.02107  loss_mask_5: 0.04207  loss_dice_5: 0.5991  loss_ce_6: 0.02022  loss_mask_6: 0.04701  loss_dice_6: 0.6393  loss_ce_7: 0.02029  loss_mask_7: 0.04188  loss_dice_7: 0.614  loss_ce_8: 0.01997  loss_mask_8: 0.04628  loss_dice_8: 0.7332    time: 0.8168  last_time: 0.7370  data_time: 0.1203  last_data_time: 0.1203   lr: 3.1568e-06  max_mem: 12897M
[02/28 01:38:02 d2.utils.events]:  eta: 0:33:09  iter: 7419  total_loss: 13.81  loss_ce: 0.1302  loss_mask: 0.05118  loss_dice: 0.9049  loss_ce_0: 0.1409  loss_mask_0: 0.08499  loss_dice_0: 1.748  loss_ce_1: 0.1115  loss_mask_1: 0.0625  loss_dice_1: 1.063  loss_ce_2: 0.07113  loss_mask_2: 0.0542  loss_dice_2: 1.207  loss_ce_3: 0.08501  loss_mask_3: 0.05579  loss_dice_3: 1.224  loss_ce_4: 0.1093  loss_mask_4: 0.06057  loss_dice_4: 1.221  loss_ce_5: 0.09605  loss_mask_5: 0.05222  loss_dice_5: 1.241  loss_ce_6: 0.1313  loss_mask_6: 0.06965  loss_dice_6: 1.145  loss_ce_7: 0.1098  loss_mask_7: 0.05208  loss_dice_7: 1.086  loss_ce_8: 0.09509  loss_mask_8: 0.05923  loss_dice_8: 1.282    time: 0.8167  last_time: 0.9130  data_time: 0.2829  last_data_time: 0.2829   lr: 3.1111e-06  max_mem: 12897M
[02/28 01:38:19 d2.utils.events]:  eta: 0:32:55  iter: 7439  total_loss: 10.06  loss_ce: 0.0193  loss_mask: 0.08983  loss_dice: 0.9199  loss_ce_0: 0.1431  loss_mask_0: 0.07745  loss_dice_0: 1.065  loss_ce_1: 0.05135  loss_mask_1: 0.08544  loss_dice_1: 1.045  loss_ce_2: 0.02506  loss_mask_2: 0.08373  loss_dice_2: 0.9164  loss_ce_3: 0.022  loss_mask_3: 0.08792  loss_dice_3: 0.7727  loss_ce_4: 0.02044  loss_mask_4: 0.07668  loss_dice_4: 0.7636  loss_ce_5: 0.01915  loss_mask_5: 0.07742  loss_dice_5: 0.8107  loss_ce_6: 0.01968  loss_mask_6: 0.08379  loss_dice_6: 0.8664  loss_ce_7: 0.0189  loss_mask_7: 0.08613  loss_dice_7: 0.9079  loss_ce_8: 0.01885  loss_mask_8: 0.07617  loss_dice_8: 0.8114    time: 0.8168  last_time: 0.7423  data_time: 0.1155  last_data_time: 0.1155   lr: 3.0657e-06  max_mem: 12897M
[02/28 01:38:35 d2.utils.events]:  eta: 0:32:38  iter: 7459  total_loss: 7.852  loss_ce: 0.03363  loss_mask: 0.02829  loss_dice: 0.5644  loss_ce_0: 0.239  loss_mask_0: 0.03812  loss_dice_0: 0.7235  loss_ce_1: 0.03403  loss_mask_1: 0.03573  loss_dice_1: 0.814  loss_ce_2: 0.05271  loss_mask_2: 0.02793  loss_dice_2: 0.5344  loss_ce_3: 0.04341  loss_mask_3: 0.02621  loss_dice_3: 0.5743  loss_ce_4: 0.02829  loss_mask_4: 0.03072  loss_dice_4: 0.5709  loss_ce_5: 0.04153  loss_mask_5: 0.03647  loss_dice_5: 0.6273  loss_ce_6: 0.03633  loss_mask_6: 0.03347  loss_dice_6: 0.8244  loss_ce_7: 0.03762  loss_mask_7: 0.03194  loss_dice_7: 0.8023  loss_ce_8: 0.03683  loss_mask_8: 0.03658  loss_dice_8: 0.9079    time: 0.8167  last_time: 0.8328  data_time: 0.2053  last_data_time: 0.2053   lr: 3.0206e-06  max_mem: 12897M
[02/28 01:38:50 d2.utils.events]:  eta: 0:32:23  iter: 7479  total_loss: 5.73  loss_ce: 0.04063  loss_mask: 0.03259  loss_dice: 0.472  loss_ce_0: 0.282  loss_mask_0: 0.05371  loss_dice_0: 0.5714  loss_ce_1: 0.06552  loss_mask_1: 0.03547  loss_dice_1: 0.4742  loss_ce_2: 0.0879  loss_mask_2: 0.03476  loss_dice_2: 0.4383  loss_ce_3: 0.03535  loss_mask_3: 0.03309  loss_dice_3: 0.4554  loss_ce_4: 0.04585  loss_mask_4: 0.03553  loss_dice_4: 0.5069  loss_ce_5: 0.0423  loss_mask_5: 0.03241  loss_dice_5: 0.4162  loss_ce_6: 0.04019  loss_mask_6: 0.03309  loss_dice_6: 0.3723  loss_ce_7: 0.04208  loss_mask_7: 0.03499  loss_dice_7: 0.5135  loss_ce_8: 0.04404  loss_mask_8: 0.03353  loss_dice_8: 0.4245    time: 0.8166  last_time: 0.7576  data_time: 0.1163  last_data_time: 0.1163   lr: 2.9757e-06  max_mem: 12897M
[02/28 01:39:07 d2.utils.events]:  eta: 0:32:07  iter: 7499  total_loss: 14.13  loss_ce: 0.0786  loss_mask: 0.03683  loss_dice: 1.222  loss_ce_0: 0.1956  loss_mask_0: 0.04632  loss_dice_0: 1.288  loss_ce_1: 0.1436  loss_mask_1: 0.04127  loss_dice_1: 1.177  loss_ce_2: 0.098  loss_mask_2: 0.04351  loss_dice_2: 1.311  loss_ce_3: 0.09669  loss_mask_3: 0.03709  loss_dice_3: 1.219  loss_ce_4: 0.07937  loss_mask_4: 0.04657  loss_dice_4: 1.381  loss_ce_5: 0.0785  loss_mask_5: 0.04583  loss_dice_5: 1.263  loss_ce_6: 0.08574  loss_mask_6: 0.03303  loss_dice_6: 1.149  loss_ce_7: 0.0782  loss_mask_7: 0.0474  loss_dice_7: 1.482  loss_ce_8: 0.07917  loss_mask_8: 0.03429  loss_dice_8: 1.218    time: 0.8166  last_time: 0.7838  data_time: 0.1764  last_data_time: 0.1764   lr: 2.9312e-06  max_mem: 12897M
[02/28 01:39:24 d2.utils.events]:  eta: 0:31:51  iter: 7519  total_loss: 11.45  loss_ce: 0.166  loss_mask: 0.04965  loss_dice: 0.8661  loss_ce_0: 0.1851  loss_mask_0: 0.1062  loss_dice_0: 1.22  loss_ce_1: 0.2443  loss_mask_1: 0.05297  loss_dice_1: 0.8704  loss_ce_2: 0.1591  loss_mask_2: 0.05093  loss_dice_2: 0.9322  loss_ce_3: 0.1504  loss_mask_3: 0.04842  loss_dice_3: 0.8481  loss_ce_4: 0.149  loss_mask_4: 0.05329  loss_dice_4: 0.9419  loss_ce_5: 0.1484  loss_mask_5: 0.04189  loss_dice_5: 0.9368  loss_ce_6: 0.1603  loss_mask_6: 0.04307  loss_dice_6: 0.9299  loss_ce_7: 0.1632  loss_mask_7: 0.04803  loss_dice_7: 0.8857  loss_ce_8: 0.2041  loss_mask_8: 0.03958  loss_dice_8: 0.7588    time: 0.8166  last_time: 0.7523  data_time: 0.1230  last_data_time: 0.1230   lr: 2.8869e-06  max_mem: 12897M
[02/28 01:39:40 d2.utils.events]:  eta: 0:31:36  iter: 7539  total_loss: 13.65  loss_ce: 0.1148  loss_mask: 0.03873  loss_dice: 1.028  loss_ce_0: 0.6758  loss_mask_0: 0.04062  loss_dice_0: 1.178  loss_ce_1: 0.2248  loss_mask_1: 0.06195  loss_dice_1: 1.347  loss_ce_2: 0.194  loss_mask_2: 0.03726  loss_dice_2: 1.172  loss_ce_3: 0.1534  loss_mask_3: 0.03778  loss_dice_3: 1.089  loss_ce_4: 0.1715  loss_mask_4: 0.04428  loss_dice_4: 1.158  loss_ce_5: 0.1389  loss_mask_5: 0.04012  loss_dice_5: 1.024  loss_ce_6: 0.1312  loss_mask_6: 0.03941  loss_dice_6: 1.163  loss_ce_7: 0.1317  loss_mask_7: 0.03866  loss_dice_7: 0.9441  loss_ce_8: 0.1325  loss_mask_8: 0.03878  loss_dice_8: 1.06    time: 0.8166  last_time: 0.7692  data_time: 0.1517  last_data_time: 0.1517   lr: 2.8428e-06  max_mem: 12897M
[02/28 01:39:56 d2.utils.events]:  eta: 0:31:21  iter: 7559  total_loss: 7.626  loss_ce: 0.0678  loss_mask: 0.04395  loss_dice: 0.5768  loss_ce_0: 0.3208  loss_mask_0: 0.09074  loss_dice_0: 0.9113  loss_ce_1: 0.1472  loss_mask_1: 0.04481  loss_dice_1: 0.564  loss_ce_2: 0.1005  loss_mask_2: 0.04573  loss_dice_2: 0.5868  loss_ce_3: 0.08474  loss_mask_3: 0.05391  loss_dice_3: 0.561  loss_ce_4: 0.0872  loss_mask_4: 0.0443  loss_dice_4: 0.5663  loss_ce_5: 0.07773  loss_mask_5: 0.04416  loss_dice_5: 0.6293  loss_ce_6: 0.0767  loss_mask_6: 0.04522  loss_dice_6: 0.5314  loss_ce_7: 0.07496  loss_mask_7: 0.044  loss_dice_7: 0.4939  loss_ce_8: 0.0657  loss_mask_8: 0.04496  loss_dice_8: 0.6001    time: 0.8166  last_time: 0.7978  data_time: 0.1662  last_data_time: 0.1662   lr: 2.7991e-06  max_mem: 12897M
[02/28 01:40:12 d2.utils.events]:  eta: 0:31:06  iter: 7579  total_loss: 12.72  loss_ce: 0.1727  loss_mask: 0.04809  loss_dice: 0.8763  loss_ce_0: 0.3092  loss_mask_0: 0.08145  loss_dice_0: 1.339  loss_ce_1: 0.2115  loss_mask_1: 0.05005  loss_dice_1: 1.075  loss_ce_2: 0.1443  loss_mask_2: 0.05378  loss_dice_2: 1.149  loss_ce_3: 0.1262  loss_mask_3: 0.0502  loss_dice_3: 0.9285  loss_ce_4: 0.2402  loss_mask_4: 0.04985  loss_dice_4: 0.8967  loss_ce_5: 0.1321  loss_mask_5: 0.05206  loss_dice_5: 0.9885  loss_ce_6: 0.1852  loss_mask_6: 0.06004  loss_dice_6: 0.9175  loss_ce_7: 0.2015  loss_mask_7: 0.056  loss_dice_7: 1.169  loss_ce_8: 0.1169  loss_mask_8: 0.05115  loss_dice_8: 0.9909    time: 0.8164  last_time: 0.7325  data_time: 0.1230  last_data_time: 0.1230   lr: 2.7556e-06  max_mem: 12897M
[02/28 01:40:27 d2.utils.events]:  eta: 0:30:50  iter: 7599  total_loss: 8.252  loss_ce: 0.06546  loss_mask: 0.0344  loss_dice: 0.6922  loss_ce_0: 0.2749  loss_mask_0: 0.04804  loss_dice_0: 0.9345  loss_ce_1: 0.06046  loss_mask_1: 0.04343  loss_dice_1: 0.786  loss_ce_2: 0.03597  loss_mask_2: 0.02987  loss_dice_2: 0.8374  loss_ce_3: 0.04766  loss_mask_3: 0.03093  loss_dice_3: 0.6929  loss_ce_4: 0.05642  loss_mask_4: 0.03506  loss_dice_4: 0.6857  loss_ce_5: 0.06603  loss_mask_5: 0.0295  loss_dice_5: 0.7061  loss_ce_6: 0.03431  loss_mask_6: 0.02844  loss_dice_6: 0.6262  loss_ce_7: 0.07515  loss_mask_7: 0.03032  loss_dice_7: 0.5486  loss_ce_8: 0.02971  loss_mask_8: 0.03076  loss_dice_8: 0.6552    time: 0.8163  last_time: 0.7664  data_time: 0.1487  last_data_time: 0.1487   lr: 2.7125e-06  max_mem: 12897M
[02/28 01:40:43 d2.utils.events]:  eta: 0:30:35  iter: 7619  total_loss: 10.13  loss_ce: 0.02359  loss_mask: 0.04788  loss_dice: 0.9278  loss_ce_0: 0.2074  loss_mask_0: 0.05725  loss_dice_0: 1.328  loss_ce_1: 0.05058  loss_mask_1: 0.03651  loss_dice_1: 0.858  loss_ce_2: 0.09318  loss_mask_2: 0.04135  loss_dice_2: 0.815  loss_ce_3: 0.03722  loss_mask_3: 0.03866  loss_dice_3: 0.946  loss_ce_4: 0.02766  loss_mask_4: 0.04596  loss_dice_4: 0.7441  loss_ce_5: 0.02462  loss_mask_5: 0.0376  loss_dice_5: 0.8911  loss_ce_6: 0.02552  loss_mask_6: 0.03885  loss_dice_6: 0.9229  loss_ce_7: 0.02659  loss_mask_7: 0.03698  loss_dice_7: 0.8505  loss_ce_8: 0.02404  loss_mask_8: 0.04121  loss_dice_8: 0.8809    time: 0.8163  last_time: 0.8207  data_time: 0.2139  last_data_time: 0.2139   lr: 2.6696e-06  max_mem: 12897M
[02/28 01:41:00 d2.utils.events]:  eta: 0:30:18  iter: 7639  total_loss: 9.547  loss_ce: 0.03049  loss_mask: 0.06236  loss_dice: 0.7407  loss_ce_0: 0.4345  loss_mask_0: 0.1267  loss_dice_0: 1.025  loss_ce_1: 0.08044  loss_mask_1: 0.06746  loss_dice_1: 0.8072  loss_ce_2: 0.06113  loss_mask_2: 0.07006  loss_dice_2: 0.7655  loss_ce_3: 0.03343  loss_mask_3: 0.06145  loss_dice_3: 0.7376  loss_ce_4: 0.06632  loss_mask_4: 0.06627  loss_dice_4: 0.8253  loss_ce_5: 0.09064  loss_mask_5: 0.05533  loss_dice_5: 0.6816  loss_ce_6: 0.03043  loss_mask_6: 0.06071  loss_dice_6: 0.7119  loss_ce_7: 0.059  loss_mask_7: 0.06514  loss_dice_7: 0.8364  loss_ce_8: 0.05709  loss_mask_8: 0.05656  loss_dice_8: 0.7804    time: 0.8162  last_time: 0.7178  data_time: 0.1011  last_data_time: 0.1011   lr: 2.627e-06  max_mem: 12897M
[02/28 01:41:16 d2.utils.events]:  eta: 0:30:01  iter: 7659  total_loss: 9.068  loss_ce: 0.1456  loss_mask: 0.04552  loss_dice: 0.619  loss_ce_0: 0.3325  loss_mask_0: 0.0856  loss_dice_0: 0.6992  loss_ce_1: 0.3316  loss_mask_1: 0.07779  loss_dice_1: 0.912  loss_ce_2: 0.2393  loss_mask_2: 0.06936  loss_dice_2: 0.7065  loss_ce_3: 0.1867  loss_mask_3: 0.051  loss_dice_3: 0.691  loss_ce_4: 0.1593  loss_mask_4: 0.04651  loss_dice_4: 0.613  loss_ce_5: 0.1362  loss_mask_5: 0.04383  loss_dice_5: 0.6463  loss_ce_6: 0.1056  loss_mask_6: 0.04433  loss_dice_6: 0.644  loss_ce_7: 0.1169  loss_mask_7: 0.04378  loss_dice_7: 0.5314  loss_ce_8: 0.1369  loss_mask_8: 0.04134  loss_dice_8: 0.5654    time: 0.8162  last_time: 0.7353  data_time: 0.1215  last_data_time: 0.1215   lr: 2.5847e-06  max_mem: 12897M
[02/28 01:41:32 d2.utils.events]:  eta: 0:29:45  iter: 7679  total_loss: 6.484  loss_ce: 0.01397  loss_mask: 0.03242  loss_dice: 0.49  loss_ce_0: 0.1739  loss_mask_0: 0.04787  loss_dice_0: 0.6912  loss_ce_1: 0.02221  loss_mask_1: 0.03786  loss_dice_1: 0.571  loss_ce_2: 0.01756  loss_mask_2: 0.03622  loss_dice_2: 0.5906  loss_ce_3: 0.01428  loss_mask_3: 0.03701  loss_dice_3: 0.6191  loss_ce_4: 0.01529  loss_mask_4: 0.03568  loss_dice_4: 0.4963  loss_ce_5: 0.0151  loss_mask_5: 0.03617  loss_dice_5: 0.5116  loss_ce_6: 0.01584  loss_mask_6: 0.03566  loss_dice_6: 0.5482  loss_ce_7: 0.01443  loss_mask_7: 0.03433  loss_dice_7: 0.6131  loss_ce_8: 0.01419  loss_mask_8: 0.03303  loss_dice_8: 0.6699    time: 0.8162  last_time: 0.7700  data_time: 0.1605  last_data_time: 0.1605   lr: 2.5427e-06  max_mem: 12897M
[02/28 01:41:47 d2.utils.events]:  eta: 0:29:28  iter: 7699  total_loss: 9.299  loss_ce: 0.02106  loss_mask: 0.03308  loss_dice: 0.767  loss_ce_0: 0.2955  loss_mask_0: 0.05903  loss_dice_0: 1.099  loss_ce_1: 0.05153  loss_mask_1: 0.03811  loss_dice_1: 0.7951  loss_ce_2: 0.02985  loss_mask_2: 0.02895  loss_dice_2: 0.758  loss_ce_3: 0.02257  loss_mask_3: 0.03599  loss_dice_3: 0.8181  loss_ce_4: 0.02026  loss_mask_4: 0.03142  loss_dice_4: 0.7469  loss_ce_5: 0.04376  loss_mask_5: 0.0412  loss_dice_5: 0.9629  loss_ce_6: 0.02069  loss_mask_6: 0.03434  loss_dice_6: 0.7943  loss_ce_7: 0.01985  loss_mask_7: 0.03727  loss_dice_7: 0.8357  loss_ce_8: 0.02233  loss_mask_8: 0.03387  loss_dice_8: 0.8007    time: 0.8160  last_time: 0.7565  data_time: 0.1426  last_data_time: 0.1426   lr: 2.501e-06  max_mem: 12897M
[02/28 01:42:04 d2.utils.events]:  eta: 0:29:13  iter: 7719  total_loss: 10.61  loss_ce: 0.084  loss_mask: 0.06766  loss_dice: 0.7936  loss_ce_0: 0.314  loss_mask_0: 0.09609  loss_dice_0: 0.9569  loss_ce_1: 0.09864  loss_mask_1: 0.06771  loss_dice_1: 0.7187  loss_ce_2: 0.04855  loss_mask_2: 0.0577  loss_dice_2: 0.8612  loss_ce_3: 0.0927  loss_mask_3: 0.07375  loss_dice_3: 0.8987  loss_ce_4: 0.08715  loss_mask_4: 0.06777  loss_dice_4: 1.004  loss_ce_5: 0.08882  loss_mask_5: 0.06436  loss_dice_5: 0.8961  loss_ce_6: 0.08567  loss_mask_6: 0.07288  loss_dice_6: 0.9277  loss_ce_7: 0.08024  loss_mask_7: 0.07348  loss_dice_7: 0.8839  loss_ce_8: 0.1251  loss_mask_8: 0.06991  loss_dice_8: 0.8559    time: 0.8161  last_time: 0.7826  data_time: 0.1656  last_data_time: 0.1656   lr: 2.4595e-06  max_mem: 12897M
[02/28 01:42:21 d2.utils.events]:  eta: 0:28:58  iter: 7739  total_loss: 11.69  loss_ce: 0.09127  loss_mask: 0.05523  loss_dice: 0.9034  loss_ce_0: 0.3079  loss_mask_0: 0.08088  loss_dice_0: 1.347  loss_ce_1: 0.1043  loss_mask_1: 0.05426  loss_dice_1: 0.9928  loss_ce_2: 0.051  loss_mask_2: 0.05764  loss_dice_2: 1.057  loss_ce_3: 0.1045  loss_mask_3: 0.04928  loss_dice_3: 0.8783  loss_ce_4: 0.06482  loss_mask_4: 0.04618  loss_dice_4: 0.8446  loss_ce_5: 0.1032  loss_mask_5: 0.04442  loss_dice_5: 0.9263  loss_ce_6: 0.05216  loss_mask_6: 0.07062  loss_dice_6: 1.178  loss_ce_7: 0.06696  loss_mask_7: 0.047  loss_dice_7: 0.8164  loss_ce_8: 0.04993  loss_mask_8: 0.06124  loss_dice_8: 1.179    time: 0.8160  last_time: 0.7382  data_time: 0.1166  last_data_time: 0.1166   lr: 2.4184e-06  max_mem: 12897M
[02/28 01:42:37 d2.utils.events]:  eta: 0:28:43  iter: 7759  total_loss: 12.9  loss_ce: 0.05302  loss_mask: 0.0327  loss_dice: 1.233  loss_ce_0: 0.268  loss_mask_0: 0.03439  loss_dice_0: 1.307  loss_ce_1: 0.1195  loss_mask_1: 0.02762  loss_dice_1: 1.001  loss_ce_2: 0.06942  loss_mask_2: 0.03519  loss_dice_2: 1.222  loss_ce_3: 0.05744  loss_mask_3: 0.02961  loss_dice_3: 1.186  loss_ce_4: 0.0535  loss_mask_4: 0.0309  loss_dice_4: 1.16  loss_ce_5: 0.05271  loss_mask_5: 0.03419  loss_dice_5: 1.169  loss_ce_6: 0.0549  loss_mask_6: 0.03847  loss_dice_6: 1.159  loss_ce_7: 0.05437  loss_mask_7: 0.03252  loss_dice_7: 1.14  loss_ce_8: 0.0524  loss_mask_8: 0.03258  loss_dice_8: 1.154    time: 0.8161  last_time: 0.7105  data_time: 0.1030  last_data_time: 0.1030   lr: 2.3776e-06  max_mem: 12897M
[02/28 01:42:54 d2.utils.events]:  eta: 0:28:28  iter: 7779  total_loss: 7.108  loss_ce: 0.01614  loss_mask: 0.03814  loss_dice: 0.6639  loss_ce_0: 0.1576  loss_mask_0: 0.04351  loss_dice_0: 0.8675  loss_ce_1: 0.02609  loss_mask_1: 0.03242  loss_dice_1: 0.6036  loss_ce_2: 0.02535  loss_mask_2: 0.03365  loss_dice_2: 0.5921  loss_ce_3: 0.02951  loss_mask_3: 0.03471  loss_dice_3: 0.5978  loss_ce_4: 0.0206  loss_mask_4: 0.03389  loss_dice_4: 0.6396  loss_ce_5: 0.01846  loss_mask_5: 0.03564  loss_dice_5: 0.6443  loss_ce_6: 0.01875  loss_mask_6: 0.03275  loss_dice_6: 0.5916  loss_ce_7: 0.01688  loss_mask_7: 0.03234  loss_dice_7: 0.5901  loss_ce_8: 0.01633  loss_mask_8: 0.03144  loss_dice_8: 0.6236    time: 0.8161  last_time: 0.8239  data_time: 0.2156  last_data_time: 0.2156   lr: 2.3371e-06  max_mem: 12897M
[02/28 01:43:09 d2.utils.events]:  eta: 0:28:12  iter: 7799  total_loss: 10.82  loss_ce: 0.0616  loss_mask: 0.02597  loss_dice: 0.7964  loss_ce_0: 0.3088  loss_mask_0: 0.05936  loss_dice_0: 1.282  loss_ce_1: 0.05654  loss_mask_1: 0.03255  loss_dice_1: 0.909  loss_ce_2: 0.06236  loss_mask_2: 0.03558  loss_dice_2: 1.085  loss_ce_3: 0.05711  loss_mask_3: 0.0324  loss_dice_3: 0.8586  loss_ce_4: 0.05778  loss_mask_4: 0.02528  loss_dice_4: 0.9691  loss_ce_5: 0.06072  loss_mask_5: 0.02805  loss_dice_5: 0.8082  loss_ce_6: 0.05648  loss_mask_6: 0.02672  loss_dice_6: 0.8067  loss_ce_7: 0.05969  loss_mask_7: 0.03041  loss_dice_7: 1.003  loss_ce_8: 0.06754  loss_mask_8: 0.02895  loss_dice_8: 1.126    time: 0.8160  last_time: 1.0661  data_time: 0.4491  last_data_time: 0.4491   lr: 2.2969e-06  max_mem: 12897M
[02/28 01:43:26 d2.utils.events]:  eta: 0:27:57  iter: 7819  total_loss: 8.97  loss_ce: 0.02078  loss_mask: 0.06343  loss_dice: 0.8947  loss_ce_0: 0.3479  loss_mask_0: 0.06465  loss_dice_0: 0.9096  loss_ce_1: 0.04202  loss_mask_1: 0.05906  loss_dice_1: 0.7088  loss_ce_2: 0.02791  loss_mask_2: 0.05459  loss_dice_2: 0.8482  loss_ce_3: 0.02869  loss_mask_3: 0.04713  loss_dice_3: 0.7131  loss_ce_4: 0.02628  loss_mask_4: 0.06442  loss_dice_4: 0.7648  loss_ce_5: 0.02641  loss_mask_5: 0.05421  loss_dice_5: 0.7796  loss_ce_6: 0.02526  loss_mask_6: 0.05975  loss_dice_6: 0.7519  loss_ce_7: 0.0227  loss_mask_7: 0.06236  loss_dice_7: 0.7136  loss_ce_8: 0.0204  loss_mask_8: 0.0527  loss_dice_8: 0.7155    time: 0.8160  last_time: 0.8348  data_time: 0.2095  last_data_time: 0.2095   lr: 2.257e-06  max_mem: 12897M
[02/28 01:43:43 d2.utils.events]:  eta: 0:27:44  iter: 7839  total_loss: 12.37  loss_ce: 0.1224  loss_mask: 0.03657  loss_dice: 1.23  loss_ce_0: 0.2053  loss_mask_0: 0.04027  loss_dice_0: 1.296  loss_ce_1: 0.1071  loss_mask_1: 0.03666  loss_dice_1: 1.127  loss_ce_2: 0.1386  loss_mask_2: 0.04269  loss_dice_2: 1.34  loss_ce_3: 0.05965  loss_mask_3: 0.03018  loss_dice_3: 1.077  loss_ce_4: 0.1296  loss_mask_4: 0.0318  loss_dice_4: 1.04  loss_ce_5: 0.05708  loss_mask_5: 0.03607  loss_dice_5: 1.066  loss_ce_6: 0.08919  loss_mask_6: 0.03472  loss_dice_6: 0.9071  loss_ce_7: 0.08248  loss_mask_7: 0.03411  loss_dice_7: 0.7885  loss_ce_8: 0.04211  loss_mask_8: 0.03157  loss_dice_8: 1.114    time: 0.8161  last_time: 0.7608  data_time: 0.1418  last_data_time: 0.1418   lr: 2.2173e-06  max_mem: 12897M
[02/28 01:44:01 d2.utils.events]:  eta: 0:27:29  iter: 7859  total_loss: 8.327  loss_ce: 0.05194  loss_mask: 0.02732  loss_dice: 0.6264  loss_ce_0: 0.3627  loss_mask_0: 0.04003  loss_dice_0: 0.8861  loss_ce_1: 0.1086  loss_mask_1: 0.02684  loss_dice_1: 0.7027  loss_ce_2: 0.09203  loss_mask_2: 0.03004  loss_dice_2: 0.7304  loss_ce_3: 0.07267  loss_mask_3: 0.02869  loss_dice_3: 0.7275  loss_ce_4: 0.06367  loss_mask_4: 0.02258  loss_dice_4: 0.5551  loss_ce_5: 0.05839  loss_mask_5: 0.0275  loss_dice_5: 0.7645  loss_ce_6: 0.04949  loss_mask_6: 0.02542  loss_dice_6: 0.717  loss_ce_7: 0.04523  loss_mask_7: 0.0256  loss_dice_7: 0.6859  loss_ce_8: 0.04547  loss_mask_8: 0.02327  loss_dice_8: 0.7042    time: 0.8163  last_time: 0.7507  data_time: 0.1259  last_data_time: 0.1259   lr: 2.178e-06  max_mem: 12897M
[02/28 01:44:17 d2.utils.events]:  eta: 0:27:14  iter: 7879  total_loss: 12.43  loss_ce: 0.0535  loss_mask: 0.05621  loss_dice: 1.014  loss_ce_0: 0.3469  loss_mask_0: 0.07699  loss_dice_0: 1.045  loss_ce_1: 0.1658  loss_mask_1: 0.06243  loss_dice_1: 1.093  loss_ce_2: 0.07725  loss_mask_2: 0.05913  loss_dice_2: 0.9447  loss_ce_3: 0.06726  loss_mask_3: 0.05939  loss_dice_3: 1.038  loss_ce_4: 0.08395  loss_mask_4: 0.0568  loss_dice_4: 1.024  loss_ce_5: 0.05682  loss_mask_5: 0.0581  loss_dice_5: 1.17  loss_ce_6: 0.05246  loss_mask_6: 0.05699  loss_dice_6: 1.174  loss_ce_7: 0.05486  loss_mask_7: 0.06092  loss_dice_7: 1.117  loss_ce_8: 0.05779  loss_mask_8: 0.05232  loss_dice_8: 1.191    time: 0.8162  last_time: 0.7335  data_time: 0.1201  last_data_time: 0.1201   lr: 2.1391e-06  max_mem: 12897M
[02/28 01:44:34 d2.utils.events]:  eta: 0:26:59  iter: 7899  total_loss: 9.643  loss_ce: 0.06358  loss_mask: 0.03802  loss_dice: 0.9543  loss_ce_0: 0.2819  loss_mask_0: 0.05609  loss_dice_0: 0.9525  loss_ce_1: 0.1097  loss_mask_1: 0.0434  loss_dice_1: 0.8659  loss_ce_2: 0.08721  loss_mask_2: 0.03926  loss_dice_2: 0.7794  loss_ce_3: 0.0687  loss_mask_3: 0.0387  loss_dice_3: 0.6748  loss_ce_4: 0.06433  loss_mask_4: 0.0381  loss_dice_4: 0.8387  loss_ce_5: 0.05887  loss_mask_5: 0.03686  loss_dice_5: 0.7399  loss_ce_6: 0.05514  loss_mask_6: 0.03343  loss_dice_6: 0.8015  loss_ce_7: 0.05401  loss_mask_7: 0.03949  loss_dice_7: 0.9128  loss_ce_8: 0.05553  loss_mask_8: 0.03782  loss_dice_8: 0.8234    time: 0.8163  last_time: 0.7811  data_time: 0.1597  last_data_time: 0.1597   lr: 2.1004e-06  max_mem: 12897M
[02/28 01:44:51 d2.utils.events]:  eta: 0:26:43  iter: 7919  total_loss: 8.424  loss_ce: 0.02121  loss_mask: 0.03872  loss_dice: 0.7309  loss_ce_0: 0.2494  loss_mask_0: 0.03231  loss_dice_0: 0.9569  loss_ce_1: 0.03693  loss_mask_1: 0.03775  loss_dice_1: 0.8031  loss_ce_2: 0.03613  loss_mask_2: 0.03824  loss_dice_2: 0.8137  loss_ce_3: 0.0226  loss_mask_3: 0.04066  loss_dice_3: 0.7277  loss_ce_4: 0.02452  loss_mask_4: 0.02997  loss_dice_4: 0.6742  loss_ce_5: 0.02227  loss_mask_5: 0.03167  loss_dice_5: 0.78  loss_ce_6: 0.02283  loss_mask_6: 0.0313  loss_dice_6: 0.7258  loss_ce_7: 0.02293  loss_mask_7: 0.03378  loss_dice_7: 0.674  loss_ce_8: 0.02135  loss_mask_8: 0.03288  loss_dice_8: 0.7101    time: 0.8163  last_time: 0.7921  data_time: 0.1713  last_data_time: 0.1713   lr: 2.062e-06  max_mem: 12897M
[02/28 01:45:07 d2.utils.events]:  eta: 0:26:28  iter: 7939  total_loss: 12.58  loss_ce: 0.05553  loss_mask: 0.03818  loss_dice: 1.028  loss_ce_0: 0.2965  loss_mask_0: 0.05148  loss_dice_0: 1.023  loss_ce_1: 0.1211  loss_mask_1: 0.0416  loss_dice_1: 1.253  loss_ce_2: 0.1068  loss_mask_2: 0.04501  loss_dice_2: 1.096  loss_ce_3: 0.1613  loss_mask_3: 0.03922  loss_dice_3: 0.9109  loss_ce_4: 0.09844  loss_mask_4: 0.0459  loss_dice_4: 1.226  loss_ce_5: 0.1066  loss_mask_5: 0.03963  loss_dice_5: 1.041  loss_ce_6: 0.06356  loss_mask_6: 0.04676  loss_dice_6: 1.211  loss_ce_7: 0.06374  loss_mask_7: 0.04156  loss_dice_7: 1.066  loss_ce_8: 0.05933  loss_mask_8: 0.04041  loss_dice_8: 1.166    time: 0.8163  last_time: 0.7495  data_time: 0.1344  last_data_time: 0.1344   lr: 2.024e-06  max_mem: 12897M
[02/28 01:45:23 d2.utils.events]:  eta: 0:26:13  iter: 7959  total_loss: 18.02  loss_ce: 0.1027  loss_mask: 0.06242  loss_dice: 1.532  loss_ce_0: 0.6468  loss_mask_0: 0.07696  loss_dice_0: 1.823  loss_ce_1: 0.2177  loss_mask_1: 0.06313  loss_dice_1: 1.57  loss_ce_2: 0.168  loss_mask_2: 0.06475  loss_dice_2: 1.484  loss_ce_3: 0.1459  loss_mask_3: 0.05844  loss_dice_3: 1.542  loss_ce_4: 0.08844  loss_mask_4: 0.05748  loss_dice_4: 1.534  loss_ce_5: 0.1329  loss_mask_5: 0.05904  loss_dice_5: 1.537  loss_ce_6: 0.1501  loss_mask_6: 0.0636  loss_dice_6: 1.486  loss_ce_7: 0.1218  loss_mask_7: 0.06094  loss_dice_7: 1.496  loss_ce_8: 0.1003  loss_mask_8: 0.05747  loss_dice_8: 1.522    time: 0.8162  last_time: 0.7034  data_time: 0.0828  last_data_time: 0.0828   lr: 1.9862e-06  max_mem: 12897M
[02/28 01:45:39 d2.utils.events]:  eta: 0:25:56  iter: 7979  total_loss: 18.72  loss_ce: 0.207  loss_mask: 0.07188  loss_dice: 1.37  loss_ce_0: 1.02  loss_mask_0: 0.1245  loss_dice_0: 1.78  loss_ce_1: 0.3126  loss_mask_1: 0.09769  loss_dice_1: 1.672  loss_ce_2: 0.1762  loss_mask_2: 0.05306  loss_dice_2: 1.485  loss_ce_3: 0.1795  loss_mask_3: 0.0764  loss_dice_3: 1.563  loss_ce_4: 0.188  loss_mask_4: 0.06902  loss_dice_4: 1.369  loss_ce_5: 0.1674  loss_mask_5: 0.07461  loss_dice_5: 1.475  loss_ce_6: 0.1849  loss_mask_6: 0.0729  loss_dice_6: 1.506  loss_ce_7: 0.2148  loss_mask_7: 0.07405  loss_dice_7: 1.423  loss_ce_8: 0.2179  loss_mask_8: 0.07759  loss_dice_8: 1.418    time: 0.8161  last_time: 0.7923  data_time: 0.1676  last_data_time: 0.1676   lr: 1.9488e-06  max_mem: 12897M
[02/28 01:45:55 d2.utils.events]:  eta: 0:25:41  iter: 7999  total_loss: 12.79  loss_ce: 0.1776  loss_mask: 0.03185  loss_dice: 1.057  loss_ce_0: 0.3156  loss_mask_0: 0.04321  loss_dice_0: 1.123  loss_ce_1: 0.1984  loss_mask_1: 0.0487  loss_dice_1: 1.099  loss_ce_2: 0.1121  loss_mask_2: 0.03186  loss_dice_2: 0.9506  loss_ce_3: 0.1486  loss_mask_3: 0.03465  loss_dice_3: 0.9408  loss_ce_4: 0.1168  loss_mask_4: 0.03388  loss_dice_4: 1.056  loss_ce_5: 0.05826  loss_mask_5: 0.04355  loss_dice_5: 1.286  loss_ce_6: 0.09669  loss_mask_6: 0.03623  loss_dice_6: 1.207  loss_ce_7: 0.1133  loss_mask_7: 0.03364  loss_dice_7: 1.134  loss_ce_8: 0.1515  loss_mask_8: 0.03759  loss_dice_8: 1.077    time: 0.8161  last_time: 0.7569  data_time: 0.1160  last_data_time: 0.1160   lr: 1.9117e-06  max_mem: 12897M
[02/28 01:46:12 d2.utils.events]:  eta: 0:25:26  iter: 8019  total_loss: 8.212  loss_ce: 0.0247  loss_mask: 0.03782  loss_dice: 0.8457  loss_ce_0: 0.2016  loss_mask_0: 0.04203  loss_dice_0: 0.8295  loss_ce_1: 0.04394  loss_mask_1: 0.03136  loss_dice_1: 0.7076  loss_ce_2: 0.06016  loss_mask_2: 0.031  loss_dice_2: 0.6376  loss_ce_3: 0.05379  loss_mask_3: 0.03136  loss_dice_3: 0.654  loss_ce_4: 0.04521  loss_mask_4: 0.0339  loss_dice_4: 0.6815  loss_ce_5: 0.01596  loss_mask_5: 0.03789  loss_dice_5: 0.9232  loss_ce_6: 0.05782  loss_mask_6: 0.03404  loss_dice_6: 0.6459  loss_ce_7: 0.08417  loss_mask_7: 0.03216  loss_dice_7: 0.6766  loss_ce_8: 0.07266  loss_mask_8: 0.02981  loss_dice_8: 0.6089    time: 0.8161  last_time: 0.7830  data_time: 0.1735  last_data_time: 0.1735   lr: 1.8749e-06  max_mem: 12897M
[02/28 01:46:29 d2.utils.events]:  eta: 0:25:10  iter: 8039  total_loss: 10.05  loss_ce: 0.07653  loss_mask: 0.0294  loss_dice: 0.8436  loss_ce_0: 0.2617  loss_mask_0: 0.0466  loss_dice_0: 0.8586  loss_ce_1: 0.07928  loss_mask_1: 0.03265  loss_dice_1: 0.6763  loss_ce_2: 0.1382  loss_mask_2: 0.03013  loss_dice_2: 0.9359  loss_ce_3: 0.08263  loss_mask_3: 0.03139  loss_dice_3: 0.9044  loss_ce_4: 0.1231  loss_mask_4: 0.03385  loss_dice_4: 0.8192  loss_ce_5: 0.1935  loss_mask_5: 0.03529  loss_dice_5: 0.8441  loss_ce_6: 0.1903  loss_mask_6: 0.03434  loss_dice_6: 0.9609  loss_ce_7: 0.129  loss_mask_7: 0.0305  loss_dice_7: 0.8158  loss_ce_8: 0.07911  loss_mask_8: 0.0277  loss_dice_8: 0.711    time: 0.8163  last_time: 1.0367  data_time: 0.1513  last_data_time: 0.1513   lr: 1.8384e-06  max_mem: 12897M
[02/28 01:46:46 d2.utils.events]:  eta: 0:24:55  iter: 8059  total_loss: 11.88  loss_ce: 0.07191  loss_mask: 0.03998  loss_dice: 1.07  loss_ce_0: 0.4012  loss_mask_0: 0.05279  loss_dice_0: 1.083  loss_ce_1: 0.2654  loss_mask_1: 0.03743  loss_dice_1: 0.9436  loss_ce_2: 0.2938  loss_mask_2: 0.04107  loss_dice_2: 1.241  loss_ce_3: 0.1219  loss_mask_3: 0.0353  loss_dice_3: 0.7634  loss_ce_4: 0.1651  loss_mask_4: 0.03357  loss_dice_4: 0.9487  loss_ce_5: 0.2268  loss_mask_5: 0.03048  loss_dice_5: 0.7955  loss_ce_6: 0.1834  loss_mask_6: 0.0345  loss_dice_6: 0.9216  loss_ce_7: 0.2293  loss_mask_7: 0.03577  loss_dice_7: 0.6595  loss_ce_8: 0.1256  loss_mask_8: 0.03472  loss_dice_8: 0.993    time: 0.8162  last_time: 0.8993  data_time: 0.2621  last_data_time: 0.2621   lr: 1.8023e-06  max_mem: 12897M
[02/28 01:47:02 d2.utils.events]:  eta: 0:24:40  iter: 8079  total_loss: 11.6  loss_ce: 0.1017  loss_mask: 0.03664  loss_dice: 0.9464  loss_ce_0: 0.4196  loss_mask_0: 0.0577  loss_dice_0: 1.331  loss_ce_1: 0.1244  loss_mask_1: 0.044  loss_dice_1: 0.9555  loss_ce_2: 0.1287  loss_mask_2: 0.03893  loss_dice_2: 0.9072  loss_ce_3: 0.1051  loss_mask_3: 0.04253  loss_dice_3: 1.047  loss_ce_4: 0.1152  loss_mask_4: 0.04234  loss_dice_4: 0.9125  loss_ce_5: 0.1022  loss_mask_5: 0.03482  loss_dice_5: 0.8817  loss_ce_6: 0.1001  loss_mask_6: 0.03703  loss_dice_6: 0.932  loss_ce_7: 0.1035  loss_mask_7: 0.03328  loss_dice_7: 0.8266  loss_ce_8: 0.1036  loss_mask_8: 0.03976  loss_dice_8: 1.044    time: 0.8163  last_time: 0.7610  data_time: 0.1289  last_data_time: 0.1289   lr: 1.7665e-06  max_mem: 12897M
[02/28 01:47:18 d2.utils.events]:  eta: 0:24:25  iter: 8099  total_loss: 10.25  loss_ce: 0.1436  loss_mask: 0.04293  loss_dice: 0.7428  loss_ce_0: 0.5883  loss_mask_0: 0.07994  loss_dice_0: 0.9511  loss_ce_1: 0.1857  loss_mask_1: 0.04817  loss_dice_1: 0.8212  loss_ce_2: 0.2006  loss_mask_2: 0.04634  loss_dice_2: 0.7615  loss_ce_3: 0.1279  loss_mask_3: 0.04572  loss_dice_3: 0.7961  loss_ce_4: 0.0976  loss_mask_4: 0.04746  loss_dice_4: 0.7452  loss_ce_5: 0.0965  loss_mask_5: 0.04861  loss_dice_5: 0.864  loss_ce_6: 0.1048  loss_mask_6: 0.0414  loss_dice_6: 0.8011  loss_ce_7: 0.1039  loss_mask_7: 0.04177  loss_dice_7: 0.688  loss_ce_8: 0.09672  loss_mask_8: 0.04491  loss_dice_8: 0.8435    time: 0.8162  last_time: 0.7359  data_time: 0.1071  last_data_time: 0.1071   lr: 1.731e-06  max_mem: 12897M
[02/28 01:47:36 d2.utils.events]:  eta: 0:24:10  iter: 8119  total_loss: 8.541  loss_ce: 0.03664  loss_mask: 0.03161  loss_dice: 0.7563  loss_ce_0: 0.345  loss_mask_0: 0.04954  loss_dice_0: 0.9061  loss_ce_1: 0.06851  loss_mask_1: 0.03616  loss_dice_1: 0.7926  loss_ce_2: 0.09  loss_mask_2: 0.03149  loss_dice_2: 0.6082  loss_ce_3: 0.06219  loss_mask_3: 0.0297  loss_dice_3: 0.6546  loss_ce_4: 0.0745  loss_mask_4: 0.0298  loss_dice_4: 0.6228  loss_ce_5: 0.04501  loss_mask_5: 0.03159  loss_dice_5: 0.6707  loss_ce_6: 0.05743  loss_mask_6: 0.03217  loss_dice_6: 0.6669  loss_ce_7: 0.02229  loss_mask_7: 0.03647  loss_dice_7: 0.7973  loss_ce_8: 0.08038  loss_mask_8: 0.0326  loss_dice_8: 0.8427    time: 0.8163  last_time: 1.2221  data_time: 0.6072  last_data_time: 0.6072   lr: 1.6958e-06  max_mem: 12897M
[02/28 01:47:52 d2.utils.events]:  eta: 0:23:54  iter: 8139  total_loss: 9.764  loss_ce: 0.03371  loss_mask: 0.02895  loss_dice: 0.7364  loss_ce_0: 0.3682  loss_mask_0: 0.04872  loss_dice_0: 1.063  loss_ce_1: 0.1196  loss_mask_1: 0.04521  loss_dice_1: 0.9076  loss_ce_2: 0.05273  loss_mask_2: 0.03062  loss_dice_2: 0.9663  loss_ce_3: 0.04395  loss_mask_3: 0.03066  loss_dice_3: 0.8565  loss_ce_4: 0.04184  loss_mask_4: 0.03697  loss_dice_4: 0.8556  loss_ce_5: 0.05789  loss_mask_5: 0.0289  loss_dice_5: 0.8855  loss_ce_6: 0.03615  loss_mask_6: 0.02816  loss_dice_6: 0.7279  loss_ce_7: 0.03629  loss_mask_7: 0.03186  loss_dice_7: 0.8437  loss_ce_8: 0.0333  loss_mask_8: 0.03067  loss_dice_8: 0.7567    time: 0.8163  last_time: 0.7120  data_time: 0.0832  last_data_time: 0.0832   lr: 1.6609e-06  max_mem: 12897M
[02/28 01:48:09 d2.utils.events]:  eta: 0:23:38  iter: 8159  total_loss: 7.795  loss_ce: 0.0477  loss_mask: 0.02253  loss_dice: 0.7255  loss_ce_0: 0.1937  loss_mask_0: 0.03124  loss_dice_0: 0.7768  loss_ce_1: 0.05156  loss_mask_1: 0.02608  loss_dice_1: 0.573  loss_ce_2: 0.1257  loss_mask_2: 0.02764  loss_dice_2: 0.6373  loss_ce_3: 0.04392  loss_mask_3: 0.02355  loss_dice_3: 0.6412  loss_ce_4: 0.04002  loss_mask_4: 0.02514  loss_dice_4: 0.6107  loss_ce_5: 0.04053  loss_mask_5: 0.02866  loss_dice_5: 0.7062  loss_ce_6: 0.04622  loss_mask_6: 0.02608  loss_dice_6: 0.7482  loss_ce_7: 0.04799  loss_mask_7: 0.02433  loss_dice_7: 0.6856  loss_ce_8: 0.04649  loss_mask_8: 0.03127  loss_dice_8: 0.7404    time: 0.8163  last_time: 0.7363  data_time: 0.1206  last_data_time: 0.1206   lr: 1.6264e-06  max_mem: 12897M
[02/28 01:48:25 d2.utils.events]:  eta: 0:23:23  iter: 8179  total_loss: 12.27  loss_ce: 0.06884  loss_mask: 0.05942  loss_dice: 1.037  loss_ce_0: 0.3113  loss_mask_0: 0.07486  loss_dice_0: 1.424  loss_ce_1: 0.1493  loss_mask_1: 0.04245  loss_dice_1: 1.049  loss_ce_2: 0.1556  loss_mask_2: 0.05776  loss_dice_2: 0.9519  loss_ce_3: 0.08124  loss_mask_3: 0.05215  loss_dice_3: 1.066  loss_ce_4: 0.08908  loss_mask_4: 0.04299  loss_dice_4: 0.9873  loss_ce_5: 0.08835  loss_mask_5: 0.04339  loss_dice_5: 1.045  loss_ce_6: 0.07753  loss_mask_6: 0.0474  loss_dice_6: 0.9875  loss_ce_7: 0.06454  loss_mask_7: 0.05187  loss_dice_7: 1.096  loss_ce_8: 0.07839  loss_mask_8: 0.04092  loss_dice_8: 0.953    time: 0.8163  last_time: 0.8747  data_time: 0.2514  last_data_time: 0.2514   lr: 1.5923e-06  max_mem: 12897M
[02/28 01:48:42 d2.utils.events]:  eta: 0:23:07  iter: 8199  total_loss: 11.64  loss_ce: 0.09183  loss_mask: 0.0405  loss_dice: 0.9662  loss_ce_0: 0.3932  loss_mask_0: 0.06085  loss_dice_0: 1.183  loss_ce_1: 0.1092  loss_mask_1: 0.04424  loss_dice_1: 1.091  loss_ce_2: 0.1277  loss_mask_2: 0.04035  loss_dice_2: 0.934  loss_ce_3: 0.06258  loss_mask_3: 0.04305  loss_dice_3: 1.039  loss_ce_4: 0.0536  loss_mask_4: 0.03835  loss_dice_4: 0.9581  loss_ce_5: 0.04863  loss_mask_5: 0.03623  loss_dice_5: 1.018  loss_ce_6: 0.04825  loss_mask_6: 0.03932  loss_dice_6: 0.9573  loss_ce_7: 0.1728  loss_mask_7: 0.03895  loss_dice_7: 0.9315  loss_ce_8: 0.1295  loss_mask_8: 0.03833  loss_dice_8: 0.9008    time: 0.8164  last_time: 0.7284  data_time: 0.1104  last_data_time: 0.1104   lr: 1.5584e-06  max_mem: 12897M
[02/28 01:48:59 d2.utils.events]:  eta: 0:22:52  iter: 8219  total_loss: 12.74  loss_ce: 0.04875  loss_mask: 0.03625  loss_dice: 1.229  loss_ce_0: 0.2449  loss_mask_0: 0.03749  loss_dice_0: 1.424  loss_ce_1: 0.1208  loss_mask_1: 0.03616  loss_dice_1: 1.021  loss_ce_2: 0.09302  loss_mask_2: 0.03046  loss_dice_2: 0.9907  loss_ce_3: 0.08355  loss_mask_3: 0.03596  loss_dice_3: 1.175  loss_ce_4: 0.06069  loss_mask_4: 0.03266  loss_dice_4: 1.073  loss_ce_5: 0.06429  loss_mask_5: 0.03225  loss_dice_5: 1.212  loss_ce_6: 0.04983  loss_mask_6: 0.03625  loss_dice_6: 1.204  loss_ce_7: 0.08184  loss_mask_7: 0.03967  loss_dice_7: 1.136  loss_ce_8: 0.1021  loss_mask_8: 0.03407  loss_dice_8: 0.9747    time: 0.8165  last_time: 1.0375  data_time: 0.2094  last_data_time: 0.2094   lr: 1.5249e-06  max_mem: 12897M
[02/28 01:49:15 d2.utils.events]:  eta: 0:22:36  iter: 8239  total_loss: 15.01  loss_ce: 0.0776  loss_mask: 0.1252  loss_dice: 1.185  loss_ce_0: 0.7718  loss_mask_0: 0.1259  loss_dice_0: 1.484  loss_ce_1: 0.1631  loss_mask_1: 0.1369  loss_dice_1: 1.215  loss_ce_2: 0.1218  loss_mask_2: 0.1267  loss_dice_2: 1.18  loss_ce_3: 0.1762  loss_mask_3: 0.1564  loss_dice_3: 1.241  loss_ce_4: 0.1418  loss_mask_4: 0.1309  loss_dice_4: 1.186  loss_ce_5: 0.1251  loss_mask_5: 0.1162  loss_dice_5: 1.199  loss_ce_6: 0.135  loss_mask_6: 0.1238  loss_dice_6: 1.017  loss_ce_7: 0.07576  loss_mask_7: 0.121  loss_dice_7: 1.123  loss_ce_8: 0.1026  loss_mask_8: 0.1268  loss_dice_8: 1.001    time: 0.8164  last_time: 0.7768  data_time: 0.1562  last_data_time: 0.1562   lr: 1.4917e-06  max_mem: 12897M
[02/28 01:49:32 d2.utils.events]:  eta: 0:22:21  iter: 8259  total_loss: 14.66  loss_ce: 0.07571  loss_mask: 0.06464  loss_dice: 1.175  loss_ce_0: 0.6235  loss_mask_0: 0.1357  loss_dice_0: 1.641  loss_ce_1: 0.184  loss_mask_1: 0.07696  loss_dice_1: 1.386  loss_ce_2: 0.1291  loss_mask_2: 0.06573  loss_dice_2: 1.166  loss_ce_3: 0.1038  loss_mask_3: 0.06962  loss_dice_3: 1.19  loss_ce_4: 0.08807  loss_mask_4: 0.07111  loss_dice_4: 1.171  loss_ce_5: 0.1001  loss_mask_5: 0.06804  loss_dice_5: 1.146  loss_ce_6: 0.09791  loss_mask_6: 0.05906  loss_dice_6: 1.049  loss_ce_7: 0.09591  loss_mask_7: 0.06688  loss_dice_7: 1.251  loss_ce_8: 0.09329  loss_mask_8: 0.06557  loss_dice_8: 1.152    time: 0.8164  last_time: 0.8244  data_time: 0.2058  last_data_time: 0.2058   lr: 1.4589e-06  max_mem: 12897M
[02/28 01:49:48 d2.utils.events]:  eta: 0:22:06  iter: 8279  total_loss: 10.6  loss_ce: 0.1822  loss_mask: 0.06352  loss_dice: 0.8114  loss_ce_0: 0.2196  loss_mask_0: 0.05722  loss_dice_0: 1.175  loss_ce_1: 0.19  loss_mask_1: 0.04175  loss_dice_1: 0.9007  loss_ce_2: 0.1784  loss_mask_2: 0.05004  loss_dice_2: 0.847  loss_ce_3: 0.165  loss_mask_3: 0.03632  loss_dice_3: 0.8251  loss_ce_4: 0.1492  loss_mask_4: 0.04469  loss_dice_4: 0.7191  loss_ce_5: 0.187  loss_mask_5: 0.04181  loss_dice_5: 0.7445  loss_ce_6: 0.1074  loss_mask_6: 0.03916  loss_dice_6: 0.8832  loss_ce_7: 0.1196  loss_mask_7: 0.04085  loss_dice_7: 0.8051  loss_ce_8: 0.1755  loss_mask_8: 0.04467  loss_dice_8: 0.7552    time: 0.8164  last_time: 0.7465  data_time: 0.1398  last_data_time: 0.1398   lr: 1.4264e-06  max_mem: 12897M
[02/28 01:50:04 d2.utils.events]:  eta: 0:21:49  iter: 8299  total_loss: 7.412  loss_ce: 0.0218  loss_mask: 0.05431  loss_dice: 0.6486  loss_ce_0: 0.2023  loss_mask_0: 0.08277  loss_dice_0: 0.7322  loss_ce_1: 0.02974  loss_mask_1: 0.05678  loss_dice_1: 0.5795  loss_ce_2: 0.02795  loss_mask_2: 0.05681  loss_dice_2: 0.5975  loss_ce_3: 0.02508  loss_mask_3: 0.05456  loss_dice_3: 0.601  loss_ce_4: 0.02145  loss_mask_4: 0.05595  loss_dice_4: 0.6493  loss_ce_5: 0.02166  loss_mask_5: 0.05563  loss_dice_5: 0.6926  loss_ce_6: 0.02175  loss_mask_6: 0.05152  loss_dice_6: 0.6615  loss_ce_7: 0.02202  loss_mask_7: 0.0543  loss_dice_7: 0.6615  loss_ce_8: 0.02189  loss_mask_8: 0.05338  loss_dice_8: 0.5966    time: 0.8163  last_time: 0.7221  data_time: 0.1090  last_data_time: 0.1090   lr: 1.3942e-06  max_mem: 12897M
[02/28 01:50:20 d2.utils.events]:  eta: 0:21:32  iter: 8319  total_loss: 6.739  loss_ce: 0.03213  loss_mask: 0.04167  loss_dice: 0.4818  loss_ce_0: 0.2495  loss_mask_0: 0.06704  loss_dice_0: 0.721  loss_ce_1: 0.04826  loss_mask_1: 0.04897  loss_dice_1: 0.5398  loss_ce_2: 0.04362  loss_mask_2: 0.04156  loss_dice_2: 0.5354  loss_ce_3: 0.03758  loss_mask_3: 0.04261  loss_dice_3: 0.5248  loss_ce_4: 0.03765  loss_mask_4: 0.04841  loss_dice_4: 0.5384  loss_ce_5: 0.03284  loss_mask_5: 0.0451  loss_dice_5: 0.5117  loss_ce_6: 0.03458  loss_mask_6: 0.04712  loss_dice_6: 0.5976  loss_ce_7: 0.03206  loss_mask_7: 0.04591  loss_dice_7: 0.6622  loss_ce_8: 0.03339  loss_mask_8: 0.04205  loss_dice_8: 0.5739    time: 0.8162  last_time: 1.0049  data_time: 0.1799  last_data_time: 0.1799   lr: 1.3623e-06  max_mem: 12897M
[02/28 01:50:36 d2.utils.events]:  eta: 0:21:17  iter: 8339  total_loss: 8.122  loss_ce: 0.06573  loss_mask: 0.02988  loss_dice: 0.617  loss_ce_0: 0.1996  loss_mask_0: 0.04662  loss_dice_0: 0.8967  loss_ce_1: 0.0363  loss_mask_1: 0.03178  loss_dice_1: 0.647  loss_ce_2: 0.03936  loss_mask_2: 0.03094  loss_dice_2: 0.625  loss_ce_3: 0.08226  loss_mask_3: 0.03683  loss_dice_3: 0.8082  loss_ce_4: 0.02206  loss_mask_4: 0.03122  loss_dice_4: 0.6988  loss_ce_5: 0.01993  loss_mask_5: 0.03194  loss_dice_5: 0.7441  loss_ce_6: 0.03233  loss_mask_6: 0.03011  loss_dice_6: 0.6062  loss_ce_7: 0.06474  loss_mask_7: 0.03356  loss_dice_7: 0.8462  loss_ce_8: 0.03385  loss_mask_8: 0.0296  loss_dice_8: 0.7043    time: 0.8162  last_time: 0.8640  data_time: 0.2426  last_data_time: 0.2426   lr: 1.3309e-06  max_mem: 12897M
[02/28 01:50:53 d2.utils.events]:  eta: 0:21:03  iter: 8359  total_loss: 8.18  loss_ce: 0.03864  loss_mask: 0.03273  loss_dice: 0.562  loss_ce_0: 0.3678  loss_mask_0: 0.07593  loss_dice_0: 0.7307  loss_ce_1: 0.1846  loss_mask_1: 0.03772  loss_dice_1: 0.6381  loss_ce_2: 0.06159  loss_mask_2: 0.04192  loss_dice_2: 0.6944  loss_ce_3: 0.0515  loss_mask_3: 0.04372  loss_dice_3: 0.7671  loss_ce_4: 0.1763  loss_mask_4: 0.03918  loss_dice_4: 0.572  loss_ce_5: 0.04319  loss_mask_5: 0.03863  loss_dice_5: 0.7011  loss_ce_6: 0.04148  loss_mask_6: 0.03696  loss_dice_6: 0.7025  loss_ce_7: 0.04111  loss_mask_7: 0.03697  loss_dice_7: 0.6746  loss_ce_8: 0.04128  loss_mask_8: 0.03818  loss_dice_8: 0.6683    time: 0.8163  last_time: 1.2989  data_time: 0.6776  last_data_time: 0.6776   lr: 1.2997e-06  max_mem: 12897M
[02/28 01:51:09 d2.utils.events]:  eta: 0:20:47  iter: 8379  total_loss: 11.47  loss_ce: 0.027  loss_mask: 0.04439  loss_dice: 0.9372  loss_ce_0: 0.3026  loss_mask_0: 0.06246  loss_dice_0: 1.377  loss_ce_1: 0.06024  loss_mask_1: 0.04253  loss_dice_1: 1.043  loss_ce_2: 0.07294  loss_mask_2: 0.05172  loss_dice_2: 1.036  loss_ce_3: 0.02892  loss_mask_3: 0.05109  loss_dice_3: 1.159  loss_ce_4: 0.0193  loss_mask_4: 0.04936  loss_dice_4: 0.9146  loss_ce_5: 0.01991  loss_mask_5: 0.04944  loss_dice_5: 1.127  loss_ce_6: 0.01834  loss_mask_6: 0.06119  loss_dice_6: 0.9312  loss_ce_7: 0.01801  loss_mask_7: 0.04648  loss_dice_7: 0.8473  loss_ce_8: 0.01742  loss_mask_8: 0.05205  loss_dice_8: 1.007    time: 0.8162  last_time: 0.7939  data_time: 0.1662  last_data_time: 0.1662   lr: 1.2689e-06  max_mem: 12897M
[02/28 01:51:25 d2.utils.events]:  eta: 0:20:32  iter: 8399  total_loss: 16.82  loss_ce: 0.07289  loss_mask: 0.1298  loss_dice: 1.357  loss_ce_0: 0.5808  loss_mask_0: 0.1061  loss_dice_0: 1.551  loss_ce_1: 0.08453  loss_mask_1: 0.1102  loss_dice_1: 1.464  loss_ce_2: 0.08346  loss_mask_2: 0.1336  loss_dice_2: 1.491  loss_ce_3: 0.093  loss_mask_3: 0.1129  loss_dice_3: 1.305  loss_ce_4: 0.07528  loss_mask_4: 0.1244  loss_dice_4: 1.304  loss_ce_5: 0.07342  loss_mask_5: 0.1358  loss_dice_5: 1.425  loss_ce_6: 0.07936  loss_mask_6: 0.1273  loss_dice_6: 1.436  loss_ce_7: 0.07147  loss_mask_7: 0.1305  loss_dice_7: 1.39  loss_ce_8: 0.07016  loss_mask_8: 0.1223  loss_dice_8: 1.576    time: 0.8162  last_time: 0.7735  data_time: 0.1634  last_data_time: 0.1634   lr: 1.2384e-06  max_mem: 12897M
[02/28 01:51:42 d2.utils.events]:  eta: 0:20:16  iter: 8419  total_loss: 7.582  loss_ce: 0.02603  loss_mask: 0.04009  loss_dice: 0.6387  loss_ce_0: 0.2018  loss_mask_0: 0.04998  loss_dice_0: 0.7793  loss_ce_1: 0.071  loss_mask_1: 0.03508  loss_dice_1: 0.6209  loss_ce_2: 0.03461  loss_mask_2: 0.04405  loss_dice_2: 0.6361  loss_ce_3: 0.02966  loss_mask_3: 0.04199  loss_dice_3: 0.5912  loss_ce_4: 0.02517  loss_mask_4: 0.04229  loss_dice_4: 0.6912  loss_ce_5: 0.02355  loss_mask_5: 0.04454  loss_dice_5: 0.7027  loss_ce_6: 0.02408  loss_mask_6: 0.04605  loss_dice_6: 0.6772  loss_ce_7: 0.02474  loss_mask_7: 0.04141  loss_dice_7: 0.6217  loss_ce_8: 0.02538  loss_mask_8: 0.04696  loss_dice_8: 0.7042    time: 0.8162  last_time: 0.7787  data_time: 0.1511  last_data_time: 0.1511   lr: 1.2083e-06  max_mem: 12897M
[02/28 01:51:58 d2.utils.events]:  eta: 0:20:01  iter: 8439  total_loss: 14.13  loss_ce: 0.1573  loss_mask: 0.05837  loss_dice: 1.06  loss_ce_0: 0.5319  loss_mask_0: 0.08179  loss_dice_0: 1.392  loss_ce_1: 0.21  loss_mask_1: 0.07333  loss_dice_1: 1.217  loss_ce_2: 0.1963  loss_mask_2: 0.06725  loss_dice_2: 1.116  loss_ce_3: 0.163  loss_mask_3: 0.0643  loss_dice_3: 1.304  loss_ce_4: 0.2122  loss_mask_4: 0.06109  loss_dice_4: 1.054  loss_ce_5: 0.1187  loss_mask_5: 0.09455  loss_dice_5: 1.042  loss_ce_6: 0.1293  loss_mask_6: 0.06055  loss_dice_6: 1.118  loss_ce_7: 0.13  loss_mask_7: 0.05671  loss_dice_7: 1.042  loss_ce_8: 0.1435  loss_mask_8: 0.0654  loss_dice_8: 1.113    time: 0.8162  last_time: 0.8817  data_time: 0.2478  last_data_time: 0.2478   lr: 1.1786e-06  max_mem: 12897M
[02/28 01:52:14 d2.utils.events]:  eta: 0:19:47  iter: 8459  total_loss: 7.187  loss_ce: 0.01457  loss_mask: 0.06094  loss_dice: 0.6486  loss_ce_0: 0.1417  loss_mask_0: 0.07393  loss_dice_0: 0.7809  loss_ce_1: 0.02763  loss_mask_1: 0.05558  loss_dice_1: 0.6021  loss_ce_2: 0.01712  loss_mask_2: 0.05991  loss_dice_2: 0.5797  loss_ce_3: 0.0234  loss_mask_3: 0.06059  loss_dice_3: 0.5947  loss_ce_4: 0.0203  loss_mask_4: 0.0545  loss_dice_4: 0.6145  loss_ce_5: 0.01563  loss_mask_5: 0.05988  loss_dice_5: 0.6343  loss_ce_6: 0.01484  loss_mask_6: 0.04696  loss_dice_6: 0.564  loss_ce_7: 0.01477  loss_mask_7: 0.059  loss_dice_7: 0.6501  loss_ce_8: 0.01469  loss_mask_8: 0.0535  loss_dice_8: 0.629    time: 0.8161  last_time: 0.7065  data_time: 0.0854  last_data_time: 0.0854   lr: 1.1491e-06  max_mem: 12897M
[02/28 01:52:31 d2.utils.events]:  eta: 0:19:32  iter: 8479  total_loss: 13.94  loss_ce: 0.1577  loss_mask: 0.04384  loss_dice: 1.237  loss_ce_0: 0.234  loss_mask_0: 0.05335  loss_dice_0: 1.3  loss_ce_1: 0.192  loss_mask_1: 0.0453  loss_dice_1: 1.124  loss_ce_2: 0.08386  loss_mask_2: 0.03902  loss_dice_2: 1.085  loss_ce_3: 0.09247  loss_mask_3: 0.04976  loss_dice_3: 1.259  loss_ce_4: 0.07754  loss_mask_4: 0.04551  loss_dice_4: 1.284  loss_ce_5: 0.04255  loss_mask_5: 0.04993  loss_dice_5: 1.324  loss_ce_6: 0.06348  loss_mask_6: 0.04038  loss_dice_6: 1.187  loss_ce_7: 0.06476  loss_mask_7: 0.04408  loss_dice_7: 1.277  loss_ce_8: 0.07013  loss_mask_8: 0.04027  loss_dice_8: 1.336    time: 0.8162  last_time: 0.7245  data_time: 0.1191  last_data_time: 0.1191   lr: 1.1201e-06  max_mem: 12897M
[02/28 01:52:48 d2.utils.events]:  eta: 0:19:16  iter: 8499  total_loss: 19.99  loss_ce: 0.1136  loss_mask: 0.1257  loss_dice: 1.605  loss_ce_0: 0.5027  loss_mask_0: 0.1583  loss_dice_0: 1.888  loss_ce_1: 0.2124  loss_mask_1: 0.1168  loss_dice_1: 1.706  loss_ce_2: 0.09926  loss_mask_2: 0.1372  loss_dice_2: 1.815  loss_ce_3: 0.162  loss_mask_3: 0.1337  loss_dice_3: 1.711  loss_ce_4: 0.08992  loss_mask_4: 0.1213  loss_dice_4: 1.686  loss_ce_5: 0.1537  loss_mask_5: 0.1181  loss_dice_5: 1.588  loss_ce_6: 0.07271  loss_mask_6: 0.1181  loss_dice_6: 1.729  loss_ce_7: 0.07416  loss_mask_7: 0.1119  loss_dice_7: 1.678  loss_ce_8: 0.06065  loss_mask_8: 0.1202  loss_dice_8: 1.777    time: 0.8162  last_time: 0.7666  data_time: 0.1542  last_data_time: 0.1542   lr: 1.0914e-06  max_mem: 12897M
[02/28 01:53:04 d2.utils.events]:  eta: 0:19:01  iter: 8519  total_loss: 7.446  loss_ce: 0.02376  loss_mask: 0.03255  loss_dice: 0.648  loss_ce_0: 0.1604  loss_mask_0: 0.04675  loss_dice_0: 0.9703  loss_ce_1: 0.04298  loss_mask_1: 0.03233  loss_dice_1: 0.6297  loss_ce_2: 0.0319  loss_mask_2: 0.03208  loss_dice_2: 0.6484  loss_ce_3: 0.02604  loss_mask_3: 0.03337  loss_dice_3: 0.5536  loss_ce_4: 0.02282  loss_mask_4: 0.03396  loss_dice_4: 0.6391  loss_ce_5: 0.02289  loss_mask_5: 0.02969  loss_dice_5: 0.567  loss_ce_6: 0.05796  loss_mask_6: 0.03373  loss_dice_6: 0.7694  loss_ce_7: 0.02422  loss_mask_7: 0.03551  loss_dice_7: 0.5515  loss_ce_8: 0.02252  loss_mask_8: 0.03665  loss_dice_8: 0.6867    time: 0.8162  last_time: 0.7466  data_time: 0.1246  last_data_time: 0.1246   lr: 1.063e-06  max_mem: 12897M
[02/28 01:53:22 d2.utils.events]:  eta: 0:18:46  iter: 8539  total_loss: 6.137  loss_ce: 0.01476  loss_mask: 0.04788  loss_dice: 0.4608  loss_ce_0: 0.1572  loss_mask_0: 0.1238  loss_dice_0: 0.6891  loss_ce_1: 0.02389  loss_mask_1: 0.05094  loss_dice_1: 0.4721  loss_ce_2: 0.04925  loss_mask_2: 0.04741  loss_dice_2: 0.5106  loss_ce_3: 0.06902  loss_mask_3: 0.04693  loss_dice_3: 0.5304  loss_ce_4: 0.03209  loss_mask_4: 0.04246  loss_dice_4: 0.5144  loss_ce_5: 0.02585  loss_mask_5: 0.04503  loss_dice_5: 0.5199  loss_ce_6: 0.01963  loss_mask_6: 0.0466  loss_dice_6: 0.5544  loss_ce_7: 0.01604  loss_mask_7: 0.04422  loss_dice_7: 0.4797  loss_ce_8: 0.01705  loss_mask_8: 0.04385  loss_dice_8: 0.4413    time: 0.8163  last_time: 0.9137  data_time: 0.2916  last_data_time: 0.2916   lr: 1.035e-06  max_mem: 12897M
[02/28 01:53:38 d2.utils.events]:  eta: 0:18:30  iter: 8559  total_loss: 15.34  loss_ce: 0.1437  loss_mask: 0.05821  loss_dice: 1.273  loss_ce_0: 0.6397  loss_mask_0: 0.07046  loss_dice_0: 1.528  loss_ce_1: 0.2188  loss_mask_1: 0.06661  loss_dice_1: 1.237  loss_ce_2: 0.1693  loss_mask_2: 0.0697  loss_dice_2: 1.332  loss_ce_3: 0.1209  loss_mask_3: 0.0684  loss_dice_3: 1.14  loss_ce_4: 0.1075  loss_mask_4: 0.06461  loss_dice_4: 1.289  loss_ce_5: 0.1146  loss_mask_5: 0.06281  loss_dice_5: 1.279  loss_ce_6: 0.1126  loss_mask_6: 0.05859  loss_dice_6: 1.209  loss_ce_7: 0.109  loss_mask_7: 0.06497  loss_dice_7: 1.302  loss_ce_8: 0.1217  loss_mask_8: 0.05973  loss_dice_8: 1.246    time: 0.8163  last_time: 0.8177  data_time: 0.1784  last_data_time: 0.1784   lr: 1.0073e-06  max_mem: 12897M
[02/28 01:53:55 d2.utils.events]:  eta: 0:18:16  iter: 8579  total_loss: 7.905  loss_ce: 0.06609  loss_mask: 0.02589  loss_dice: 0.6259  loss_ce_0: 0.1507  loss_mask_0: 0.03365  loss_dice_0: 0.7132  loss_ce_1: 0.08961  loss_mask_1: 0.03083  loss_dice_1: 0.6408  loss_ce_2: 0.07234  loss_mask_2: 0.03217  loss_dice_2: 0.7646  loss_ce_3: 0.107  loss_mask_3: 0.02855  loss_dice_3: 0.8473  loss_ce_4: 0.05924  loss_mask_4: 0.02614  loss_dice_4: 0.5944  loss_ce_5: 0.06109  loss_mask_5: 0.0296  loss_dice_5: 0.7836  loss_ce_6: 0.06435  loss_mask_6: 0.02748  loss_dice_6: 0.5705  loss_ce_7: 0.1202  loss_mask_7: 0.02621  loss_dice_7: 0.6675  loss_ce_8: 0.06442  loss_mask_8: 0.026  loss_dice_8: 0.5562    time: 0.8164  last_time: 0.8271  data_time: 0.1838  last_data_time: 0.1838   lr: 9.8002e-07  max_mem: 12897M
[02/28 01:54:11 d2.utils.events]:  eta: 0:18:02  iter: 8599  total_loss: 5.369  loss_ce: 0.03084  loss_mask: 0.0261  loss_dice: 0.412  loss_ce_0: 0.2517  loss_mask_0: 0.04594  loss_dice_0: 0.6579  loss_ce_1: 0.04419  loss_mask_1: 0.0283  loss_dice_1: 0.4265  loss_ce_2: 0.02981  loss_mask_2: 0.02693  loss_dice_2: 0.4544  loss_ce_3: 0.03046  loss_mask_3: 0.02556  loss_dice_3: 0.3979  loss_ce_4: 0.02885  loss_mask_4: 0.0303  loss_dice_4: 0.5098  loss_ce_5: 0.03041  loss_mask_5: 0.02689  loss_dice_5: 0.433  loss_ce_6: 0.03009  loss_mask_6: 0.02644  loss_dice_6: 0.3933  loss_ce_7: 0.03025  loss_mask_7: 0.02591  loss_dice_7: 0.4415  loss_ce_8: 0.03039  loss_mask_8: 0.02729  loss_dice_8: 0.4161    time: 0.8163  last_time: 0.7427  data_time: 0.1022  last_data_time: 0.1022   lr: 9.5307e-07  max_mem: 12897M
[02/28 01:54:27 d2.utils.events]:  eta: 0:17:46  iter: 8619  total_loss: 7.533  loss_ce: 0.03889  loss_mask: 0.03041  loss_dice: 0.6276  loss_ce_0: 0.1989  loss_mask_0: 0.04484  loss_dice_0: 0.8526  loss_ce_1: 0.05785  loss_mask_1: 0.03142  loss_dice_1: 0.5472  loss_ce_2: 0.0363  loss_mask_2: 0.03493  loss_dice_2: 0.5829  loss_ce_3: 0.04229  loss_mask_3: 0.0323  loss_dice_3: 0.6724  loss_ce_4: 0.03578  loss_mask_4: 0.02885  loss_dice_4: 0.6625  loss_ce_5: 0.03369  loss_mask_5: 0.02802  loss_dice_5: 0.6811  loss_ce_6: 0.03428  loss_mask_6: 0.0263  loss_dice_6: 0.5745  loss_ce_7: 0.03702  loss_mask_7: 0.0303  loss_dice_7: 0.7349  loss_ce_8: 0.03754  loss_mask_8: 0.0318  loss_dice_8: 0.7258    time: 0.8162  last_time: 0.7706  data_time: 0.1511  last_data_time: 0.1511   lr: 9.2648e-07  max_mem: 12897M
[02/28 01:54:43 d2.utils.events]:  eta: 0:17:30  iter: 8639  total_loss: 10.97  loss_ce: 0.1171  loss_mask: 0.06837  loss_dice: 0.8486  loss_ce_0: 0.1594  loss_mask_0: 0.08435  loss_dice_0: 1.173  loss_ce_1: 0.1613  loss_mask_1: 0.08152  loss_dice_1: 0.9932  loss_ce_2: 0.1177  loss_mask_2: 0.08492  loss_dice_2: 0.798  loss_ce_3: 0.08759  loss_mask_3: 0.07264  loss_dice_3: 0.914  loss_ce_4: 0.07093  loss_mask_4: 0.06439  loss_dice_4: 0.7617  loss_ce_5: 0.06951  loss_mask_5: 0.06664  loss_dice_5: 0.9561  loss_ce_6: 0.08015  loss_mask_6: 0.06493  loss_dice_6: 0.8476  loss_ce_7: 0.1386  loss_mask_7: 0.06401  loss_dice_7: 0.9069  loss_ce_8: 0.07863  loss_mask_8: 0.06147  loss_dice_8: 0.9816    time: 0.8161  last_time: 0.7349  data_time: 0.1209  last_data_time: 0.1209   lr: 9.0024e-07  max_mem: 12897M
[02/28 01:55:00 d2.utils.events]:  eta: 0:17:18  iter: 8659  total_loss: 6.234  loss_ce: 0.01262  loss_mask: 0.03286  loss_dice: 0.5142  loss_ce_0: 0.1924  loss_mask_0: 0.04601  loss_dice_0: 0.7155  loss_ce_1: 0.02055  loss_mask_1: 0.03248  loss_dice_1: 0.5989  loss_ce_2: 0.01986  loss_mask_2: 0.03321  loss_dice_2: 0.5332  loss_ce_3: 0.01519  loss_mask_3: 0.03259  loss_dice_3: 0.4928  loss_ce_4: 0.01442  loss_mask_4: 0.03145  loss_dice_4: 0.4765  loss_ce_5: 0.01527  loss_mask_5: 0.03328  loss_dice_5: 0.637  loss_ce_6: 0.01559  loss_mask_6: 0.02846  loss_dice_6: 0.4911  loss_ce_7: 0.01428  loss_mask_7: 0.0321  loss_dice_7: 0.5601  loss_ce_8: 0.01352  loss_mask_8: 0.03134  loss_dice_8: 0.5477    time: 0.8162  last_time: 0.6766  data_time: 0.0720  last_data_time: 0.0720   lr: 8.7437e-07  max_mem: 12897M
[02/28 01:55:16 d2.utils.events]:  eta: 0:17:01  iter: 8679  total_loss: 9.836  loss_ce: 0.01793  loss_mask: 0.03506  loss_dice: 0.7996  loss_ce_0: 0.257  loss_mask_0: 0.04598  loss_dice_0: 0.9597  loss_ce_1: 0.08366  loss_mask_1: 0.05914  loss_dice_1: 0.9714  loss_ce_2: 0.02991  loss_mask_2: 0.04484  loss_dice_2: 0.9203  loss_ce_3: 0.02561  loss_mask_3: 0.04234  loss_dice_3: 0.9136  loss_ce_4: 0.0217  loss_mask_4: 0.03872  loss_dice_4: 0.8469  loss_ce_5: 0.02055  loss_mask_5: 0.0386  loss_dice_5: 0.865  loss_ce_6: 0.0204  loss_mask_6: 0.03544  loss_dice_6: 0.9033  loss_ce_7: 0.01858  loss_mask_7: 0.03471  loss_dice_7: 0.9151  loss_ce_8: 0.01804  loss_mask_8: 0.03906  loss_dice_8: 0.8137    time: 0.8162  last_time: 0.7050  data_time: 0.0933  last_data_time: 0.0933   lr: 8.4885e-07  max_mem: 12897M
[02/28 01:55:33 d2.utils.events]:  eta: 0:16:47  iter: 8699  total_loss: 12.61  loss_ce: 0.1149  loss_mask: 0.03754  loss_dice: 0.952  loss_ce_0: 0.4846  loss_mask_0: 0.06412  loss_dice_0: 1.263  loss_ce_1: 0.08977  loss_mask_1: 0.03669  loss_dice_1: 0.8755  loss_ce_2: 0.08108  loss_mask_2: 0.05418  loss_dice_2: 1.07  loss_ce_3: 0.1411  loss_mask_3: 0.0426  loss_dice_3: 1.055  loss_ce_4: 0.1123  loss_mask_4: 0.0497  loss_dice_4: 1.223  loss_ce_5: 0.06825  loss_mask_5: 0.04616  loss_dice_5: 1.06  loss_ce_6: 0.06517  loss_mask_6: 0.05002  loss_dice_6: 1.045  loss_ce_7: 0.1335  loss_mask_7: 0.04893  loss_dice_7: 1.133  loss_ce_8: 0.1055  loss_mask_8: 0.04979  loss_dice_8: 1.054    time: 0.8162  last_time: 0.7994  data_time: 0.1916  last_data_time: 0.1916   lr: 8.237e-07  max_mem: 12897M
[02/28 01:55:48 d2.utils.events]:  eta: 0:16:29  iter: 8719  total_loss: 8.173  loss_ce: 0.0329  loss_mask: 0.03612  loss_dice: 0.6387  loss_ce_0: 0.275  loss_mask_0: 0.05415  loss_dice_0: 0.982  loss_ce_1: 0.1341  loss_mask_1: 0.03893  loss_dice_1: 0.6962  loss_ce_2: 0.03861  loss_mask_2: 0.03752  loss_dice_2: 0.7165  loss_ce_3: 0.03238  loss_mask_3: 0.03365  loss_dice_3: 0.5627  loss_ce_4: 0.04804  loss_mask_4: 0.03862  loss_dice_4: 0.8653  loss_ce_5: 0.02909  loss_mask_5: 0.03369  loss_dice_5: 0.6428  loss_ce_6: 0.0283  loss_mask_6: 0.03389  loss_dice_6: 0.6782  loss_ce_7: 0.03161  loss_mask_7: 0.03485  loss_dice_7: 0.671  loss_ce_8: 0.03164  loss_mask_8: 0.03829  loss_dice_8: 0.6586    time: 0.8161  last_time: 0.6900  data_time: 0.0637  last_data_time: 0.0637   lr: 7.9891e-07  max_mem: 12897M
[02/28 01:56:04 d2.utils.events]:  eta: 0:16:14  iter: 8739  total_loss: 14.91  loss_ce: 0.02365  loss_mask: 0.06411  loss_dice: 1.492  loss_ce_0: 0.2502  loss_mask_0: 0.07877  loss_dice_0: 1.504  loss_ce_1: 0.05552  loss_mask_1: 0.04665  loss_dice_1: 1.357  loss_ce_2: 0.03038  loss_mask_2: 0.06348  loss_dice_2: 1.498  loss_ce_3: 0.0543  loss_mask_3: 0.06295  loss_dice_3: 1.22  loss_ce_4: 0.0444  loss_mask_4: 0.06629  loss_dice_4: 1.363  loss_ce_5: 0.06041  loss_mask_5: 0.06112  loss_dice_5: 1.311  loss_ce_6: 0.05159  loss_mask_6: 0.0612  loss_dice_6: 1.298  loss_ce_7: 0.05513  loss_mask_7: 0.06675  loss_dice_7: 1.261  loss_ce_8: 0.0659  loss_mask_8: 0.0555  loss_dice_8: 1.286    time: 0.8160  last_time: 0.7332  data_time: 0.1239  last_data_time: 0.1239   lr: 7.7448e-07  max_mem: 12897M
[02/28 01:56:21 d2.utils.events]:  eta: 0:15:58  iter: 8759  total_loss: 9.647  loss_ce: 0.03234  loss_mask: 0.05077  loss_dice: 0.7676  loss_ce_0: 0.2169  loss_mask_0: 0.05871  loss_dice_0: 0.9668  loss_ce_1: 0.05619  loss_mask_1: 0.04915  loss_dice_1: 0.8853  loss_ce_2: 0.04132  loss_mask_2: 0.05885  loss_dice_2: 0.9554  loss_ce_3: 0.04206  loss_mask_3: 0.05331  loss_dice_3: 0.8335  loss_ce_4: 0.03892  loss_mask_4: 0.05455  loss_dice_4: 0.8345  loss_ce_5: 0.03668  loss_mask_5: 0.05681  loss_dice_5: 0.8703  loss_ce_6: 0.03354  loss_mask_6: 0.05199  loss_dice_6: 0.8473  loss_ce_7: 0.03342  loss_mask_7: 0.05316  loss_dice_7: 0.8354  loss_ce_8: 0.03228  loss_mask_8: 0.04853  loss_dice_8: 0.7518    time: 0.8161  last_time: 1.1625  data_time: 0.5489  last_data_time: 0.5489   lr: 7.5042e-07  max_mem: 12897M
[02/28 01:56:38 d2.utils.events]:  eta: 0:15:43  iter: 8779  total_loss: 13.25  loss_ce: 0.05938  loss_mask: 0.0494  loss_dice: 1.089  loss_ce_0: 0.3525  loss_mask_0: 0.08773  loss_dice_0: 1.785  loss_ce_1: 0.1908  loss_mask_1: 0.05408  loss_dice_1: 1.139  loss_ce_2: 0.0892  loss_mask_2: 0.05882  loss_dice_2: 1.107  loss_ce_3: 0.06135  loss_mask_3: 0.05735  loss_dice_3: 1.06  loss_ce_4: 0.05725  loss_mask_4: 0.05601  loss_dice_4: 1.053  loss_ce_5: 0.1288  loss_mask_5: 0.05924  loss_dice_5: 1.086  loss_ce_6: 0.09239  loss_mask_6: 0.0526  loss_dice_6: 1.12  loss_ce_7: 0.05393  loss_mask_7: 0.06078  loss_dice_7: 1.139  loss_ce_8: 0.05633  loss_mask_8: 0.04465  loss_dice_8: 0.9471    time: 0.8161  last_time: 1.0792  data_time: 0.4569  last_data_time: 0.4569   lr: 7.2672e-07  max_mem: 12897M
[02/28 01:56:55 d2.utils.events]:  eta: 0:15:29  iter: 8799  total_loss: 9.682  loss_ce: 0.0627  loss_mask: 0.07496  loss_dice: 0.7481  loss_ce_0: 0.2344  loss_mask_0: 0.1006  loss_dice_0: 0.8439  loss_ce_1: 0.1245  loss_mask_1: 0.08377  loss_dice_1: 0.7227  loss_ce_2: 0.1009  loss_mask_2: 0.08222  loss_dice_2: 0.8016  loss_ce_3: 0.07521  loss_mask_3: 0.09633  loss_dice_3: 0.7812  loss_ce_4: 0.09636  loss_mask_4: 0.09982  loss_dice_4: 0.8762  loss_ce_5: 0.05846  loss_mask_5: 0.08803  loss_dice_5: 0.7835  loss_ce_6: 0.06413  loss_mask_6: 0.07761  loss_dice_6: 0.7298  loss_ce_7: 0.06433  loss_mask_7: 0.08486  loss_dice_7: 0.8143  loss_ce_8: 0.05858  loss_mask_8: 0.0794  loss_dice_8: 0.7734    time: 0.8162  last_time: 0.7824  data_time: 0.1597  last_data_time: 0.1597   lr: 7.0339e-07  max_mem: 12897M
[02/28 01:57:11 d2.utils.events]:  eta: 0:15:14  iter: 8819  total_loss: 6.359  loss_ce: 0.01524  loss_mask: 0.02718  loss_dice: 0.576  loss_ce_0: 0.2486  loss_mask_0: 0.03147  loss_dice_0: 0.6397  loss_ce_1: 0.02318  loss_mask_1: 0.02916  loss_dice_1: 0.6045  loss_ce_2: 0.02753  loss_mask_2: 0.03079  loss_dice_2: 0.5599  loss_ce_3: 0.01552  loss_mask_3: 0.02734  loss_dice_3: 0.594  loss_ce_4: 0.01429  loss_mask_4: 0.02844  loss_dice_4: 0.5226  loss_ce_5: 0.0156  loss_mask_5: 0.02754  loss_dice_5: 0.5628  loss_ce_6: 0.01549  loss_mask_6: 0.02846  loss_dice_6: 0.5642  loss_ce_7: 0.0156  loss_mask_7: 0.02379  loss_dice_7: 0.5114  loss_ce_8: 0.0151  loss_mask_8: 0.02698  loss_dice_8: 0.537    time: 0.8162  last_time: 0.7572  data_time: 0.1172  last_data_time: 0.1172   lr: 6.8043e-07  max_mem: 12897M
[02/28 01:57:29 d2.utils.events]:  eta: 0:14:58  iter: 8839  total_loss: 7.979  loss_ce: 0.06081  loss_mask: 0.03928  loss_dice: 0.6461  loss_ce_0: 0.1756  loss_mask_0: 0.04769  loss_dice_0: 0.7314  loss_ce_1: 0.1221  loss_mask_1: 0.04091  loss_dice_1: 0.6455  loss_ce_2: 0.1291  loss_mask_2: 0.03243  loss_dice_2: 0.5492  loss_ce_3: 0.0582  loss_mask_3: 0.04006  loss_dice_3: 0.6772  loss_ce_4: 0.06374  loss_mask_4: 0.03605  loss_dice_4: 0.8289  loss_ce_5: 0.05255  loss_mask_5: 0.03871  loss_dice_5: 0.6344  loss_ce_6: 0.05911  loss_mask_6: 0.03634  loss_dice_6: 0.6338  loss_ce_7: 0.06108  loss_mask_7: 0.03656  loss_dice_7: 0.6435  loss_ce_8: 0.05416  loss_mask_8: 0.04101  loss_dice_8: 0.7639    time: 0.8163  last_time: 0.8065  data_time: 0.1834  last_data_time: 0.1834   lr: 6.5783e-07  max_mem: 12897M
[02/28 01:57:45 d2.utils.events]:  eta: 0:14:41  iter: 8859  total_loss: 9.463  loss_ce: 0.03178  loss_mask: 0.03205  loss_dice: 0.7966  loss_ce_0: 0.2197  loss_mask_0: 0.06129  loss_dice_0: 1.07  loss_ce_1: 0.04132  loss_mask_1: 0.03603  loss_dice_1: 0.9012  loss_ce_2: 0.07813  loss_mask_2: 0.03273  loss_dice_2: 0.9702  loss_ce_3: 0.08302  loss_mask_3: 0.03083  loss_dice_3: 0.8759  loss_ce_4: 0.03706  loss_mask_4: 0.0307  loss_dice_4: 0.6316  loss_ce_5: 0.03367  loss_mask_5: 0.03218  loss_dice_5: 0.8958  loss_ce_6: 0.03195  loss_mask_6: 0.0295  loss_dice_6: 0.623  loss_ce_7: 0.03144  loss_mask_7: 0.03431  loss_dice_7: 0.8378  loss_ce_8: 0.03278  loss_mask_8: 0.03174  loss_dice_8: 0.8884    time: 0.8162  last_time: 0.7434  data_time: 0.1166  last_data_time: 0.1166   lr: 6.356e-07  max_mem: 12897M
[02/28 01:58:01 d2.utils.events]:  eta: 0:14:26  iter: 8879  total_loss: 8.524  loss_ce: 0.02512  loss_mask: 0.05187  loss_dice: 0.696  loss_ce_0: 0.2296  loss_mask_0: 0.06836  loss_dice_0: 0.7392  loss_ce_1: 0.03336  loss_mask_1: 0.05145  loss_dice_1: 0.7306  loss_ce_2: 0.02763  loss_mask_2: 0.05175  loss_dice_2: 0.7002  loss_ce_3: 0.02597  loss_mask_3: 0.06002  loss_dice_3: 0.8628  loss_ce_4: 0.02471  loss_mask_4: 0.04813  loss_dice_4: 0.7634  loss_ce_5: 0.02383  loss_mask_5: 0.0524  loss_dice_5: 0.7749  loss_ce_6: 0.02447  loss_mask_6: 0.05921  loss_dice_6: 0.7767  loss_ce_7: 0.02437  loss_mask_7: 0.05734  loss_dice_7: 0.6851  loss_ce_8: 0.02315  loss_mask_8: 0.05375  loss_dice_8: 0.7791    time: 0.8162  last_time: 0.9982  data_time: 0.3924  last_data_time: 0.3924   lr: 6.1374e-07  max_mem: 12897M
[02/28 01:58:17 d2.utils.events]:  eta: 0:14:09  iter: 8899  total_loss: 13.35  loss_ce: 0.1848  loss_mask: 0.04369  loss_dice: 0.9726  loss_ce_0: 0.5988  loss_mask_0: 0.05192  loss_dice_0: 1.18  loss_ce_1: 0.1448  loss_mask_1: 0.03646  loss_dice_1: 1.113  loss_ce_2: 0.1933  loss_mask_2: 0.03927  loss_dice_2: 1.067  loss_ce_3: 0.1943  loss_mask_3: 0.03143  loss_dice_3: 1.083  loss_ce_4: 0.2364  loss_mask_4: 0.03172  loss_dice_4: 1.055  loss_ce_5: 0.1741  loss_mask_5: 0.04021  loss_dice_5: 0.9773  loss_ce_6: 0.1243  loss_mask_6: 0.04887  loss_dice_6: 1.211  loss_ce_7: 0.2  loss_mask_7: 0.03558  loss_dice_7: 1.023  loss_ce_8: 0.2051  loss_mask_8: 0.04192  loss_dice_8: 1.012    time: 0.8161  last_time: 0.7448  data_time: 0.1379  last_data_time: 0.1379   lr: 5.9226e-07  max_mem: 12897M
[02/28 01:58:33 d2.utils.events]:  eta: 0:13:53  iter: 8919  total_loss: 10.52  loss_ce: 0.1142  loss_mask: 0.03789  loss_dice: 0.7825  loss_ce_0: 0.2626  loss_mask_0: 0.05287  loss_dice_0: 0.87  loss_ce_1: 0.1065  loss_mask_1: 0.04553  loss_dice_1: 0.9704  loss_ce_2: 0.1278  loss_mask_2: 0.04354  loss_dice_2: 0.9033  loss_ce_3: 0.09054  loss_mask_3: 0.03987  loss_dice_3: 0.8707  loss_ce_4: 0.1048  loss_mask_4: 0.03979  loss_dice_4: 0.9415  loss_ce_5: 0.09316  loss_mask_5: 0.04177  loss_dice_5: 0.8813  loss_ce_6: 0.1311  loss_mask_6: 0.04359  loss_dice_6: 0.9086  loss_ce_7: 0.1093  loss_mask_7: 0.04179  loss_dice_7: 0.9365  loss_ce_8: 0.09276  loss_mask_8: 0.03713  loss_dice_8: 0.7947    time: 0.8161  last_time: 0.7076  data_time: 0.1029  last_data_time: 0.1029   lr: 5.7114e-07  max_mem: 12897M
[02/28 01:58:50 d2.utils.events]:  eta: 0:13:39  iter: 8939  total_loss: 12.64  loss_ce: 0.1362  loss_mask: 0.07138  loss_dice: 0.9955  loss_ce_0: 0.2879  loss_mask_0: 0.1175  loss_dice_0: 1.25  loss_ce_1: 0.08411  loss_mask_1: 0.07177  loss_dice_1: 1.087  loss_ce_2: 0.1116  loss_mask_2: 0.07372  loss_dice_2: 1.137  loss_ce_3: 0.07065  loss_mask_3: 0.08423  loss_dice_3: 1.231  loss_ce_4: 0.1264  loss_mask_4: 0.06713  loss_dice_4: 1.071  loss_ce_5: 0.08493  loss_mask_5: 0.08404  loss_dice_5: 1.171  loss_ce_6: 0.08164  loss_mask_6: 0.0629  loss_dice_6: 0.7995  loss_ce_7: 0.07947  loss_mask_7: 0.06521  loss_dice_7: 0.9676  loss_ce_8: 0.1039  loss_mask_8: 0.06327  loss_dice_8: 1.005    time: 0.8161  last_time: 1.0774  data_time: 0.4652  last_data_time: 0.4652   lr: 5.504e-07  max_mem: 12897M
[02/28 01:59:07 d2.utils.events]:  eta: 0:13:23  iter: 8959  total_loss: 16.27  loss_ce: 0.1987  loss_mask: 0.05654  loss_dice: 1.308  loss_ce_0: 0.5886  loss_mask_0: 0.06344  loss_dice_0: 1.419  loss_ce_1: 0.2625  loss_mask_1: 0.05827  loss_dice_1: 1.219  loss_ce_2: 0.1768  loss_mask_2: 0.06434  loss_dice_2: 1.409  loss_ce_3: 0.2437  loss_mask_3: 0.05345  loss_dice_3: 1.194  loss_ce_4: 0.2195  loss_mask_4: 0.05153  loss_dice_4: 1.373  loss_ce_5: 0.1669  loss_mask_5: 0.04894  loss_dice_5: 1.341  loss_ce_6: 0.2156  loss_mask_6: 0.05409  loss_dice_6: 1.207  loss_ce_7: 0.1963  loss_mask_7: 0.05588  loss_dice_7: 1.395  loss_ce_8: 0.2192  loss_mask_8: 0.04471  loss_dice_8: 1.363    time: 0.8162  last_time: 1.2509  data_time: 0.6250  last_data_time: 0.6250   lr: 5.3003e-07  max_mem: 12897M
[02/28 01:59:24 d2.utils.events]:  eta: 0:13:09  iter: 8979  total_loss: 8.131  loss_ce: 0.009416  loss_mask: 0.04965  loss_dice: 0.7658  loss_ce_0: 0.1432  loss_mask_0: 0.05543  loss_dice_0: 0.8615  loss_ce_1: 0.0203  loss_mask_1: 0.05216  loss_dice_1: 0.7593  loss_ce_2: 0.01217  loss_mask_2: 0.04551  loss_dice_2: 0.7789  loss_ce_3: 0.00995  loss_mask_3: 0.05408  loss_dice_3: 0.7446  loss_ce_4: 0.01028  loss_mask_4: 0.04503  loss_dice_4: 0.6465  loss_ce_5: 0.01068  loss_mask_5: 0.05101  loss_dice_5: 0.7864  loss_ce_6: 0.01019  loss_mask_6: 0.04746  loss_dice_6: 0.7283  loss_ce_7: 0.01014  loss_mask_7: 0.04603  loss_dice_7: 0.641  loss_ce_8: 0.01001  loss_mask_8: 0.04464  loss_dice_8: 0.6814    time: 0.8163  last_time: 0.7331  data_time: 0.1265  last_data_time: 0.1265   lr: 5.1003e-07  max_mem: 12897M
[02/28 01:59:41 d2.utils.events]:  eta: 0:12:54  iter: 8999  total_loss: 12.5  loss_ce: 0.1856  loss_mask: 0.05558  loss_dice: 0.8808  loss_ce_0: 0.3482  loss_mask_0: 0.06979  loss_dice_0: 1.03  loss_ce_1: 0.1819  loss_mask_1: 0.05526  loss_dice_1: 0.858  loss_ce_2: 0.1809  loss_mask_2: 0.05575  loss_dice_2: 1.073  loss_ce_3: 0.1952  loss_mask_3: 0.05708  loss_dice_3: 0.978  loss_ce_4: 0.1338  loss_mask_4: 0.05729  loss_dice_4: 1.059  loss_ce_5: 0.179  loss_mask_5: 0.05917  loss_dice_5: 1.149  loss_ce_6: 0.1959  loss_mask_6: 0.05528  loss_dice_6: 0.8924  loss_ce_7: 0.243  loss_mask_7: 0.05997  loss_dice_7: 0.9398  loss_ce_8: 0.2347  loss_mask_8: 0.05413  loss_dice_8: 0.9828    time: 0.8164  last_time: 0.6953  data_time: 0.0662  last_data_time: 0.0662   lr: 4.9041e-07  max_mem: 12897M
[02/28 01:59:58 d2.utils.events]:  eta: 0:12:37  iter: 9019  total_loss: 8.958  loss_ce: 0.02082  loss_mask: 0.0341  loss_dice: 0.9137  loss_ce_0: 0.1629  loss_mask_0: 0.05037  loss_dice_0: 0.9302  loss_ce_1: 0.06753  loss_mask_1: 0.03862  loss_dice_1: 0.9753  loss_ce_2: 0.05383  loss_mask_2: 0.03472  loss_dice_2: 1.179  loss_ce_3: 0.0545  loss_mask_3: 0.03506  loss_dice_3: 0.847  loss_ce_4: 0.02948  loss_mask_4: 0.0368  loss_dice_4: 0.8165  loss_ce_5: 0.07342  loss_mask_5: 0.03417  loss_dice_5: 0.6438  loss_ce_6: 0.02323  loss_mask_6: 0.02888  loss_dice_6: 0.5651  loss_ce_7: 0.02125  loss_mask_7: 0.02861  loss_dice_7: 0.6444  loss_ce_8: 0.02092  loss_mask_8: 0.03305  loss_dice_8: 0.5602    time: 0.8164  last_time: 0.8381  data_time: 0.2154  last_data_time: 0.2154   lr: 4.7116e-07  max_mem: 12897M
[02/28 02:00:14 d2.utils.events]:  eta: 0:12:22  iter: 9039  total_loss: 11.24  loss_ce: 0.03605  loss_mask: 0.03992  loss_dice: 1.002  loss_ce_0: 0.3297  loss_mask_0: 0.04444  loss_dice_0: 1.052  loss_ce_1: 0.07019  loss_mask_1: 0.04048  loss_dice_1: 1.134  loss_ce_2: 0.07489  loss_mask_2: 0.03082  loss_dice_2: 1.005  loss_ce_3: 0.05157  loss_mask_3: 0.03718  loss_dice_3: 1.185  loss_ce_4: 0.03873  loss_mask_4: 0.03292  loss_dice_4: 0.9033  loss_ce_5: 0.07231  loss_mask_5: 0.03566  loss_dice_5: 1.024  loss_ce_6: 0.0362  loss_mask_6: 0.03745  loss_dice_6: 0.9175  loss_ce_7: 0.03434  loss_mask_7: 0.03943  loss_dice_7: 0.9881  loss_ce_8: 0.03408  loss_mask_8: 0.03347  loss_dice_8: 0.8799    time: 0.8163  last_time: 0.7921  data_time: 0.1832  last_data_time: 0.1832   lr: 4.5229e-07  max_mem: 12897M
[02/28 02:00:30 d2.utils.events]:  eta: 0:12:06  iter: 9059  total_loss: 17.41  loss_ce: 0.1085  loss_mask: 0.07068  loss_dice: 1.421  loss_ce_0: 0.4365  loss_mask_0: 0.07187  loss_dice_0: 1.584  loss_ce_1: 0.168  loss_mask_1: 0.07096  loss_dice_1: 1.491  loss_ce_2: 0.1188  loss_mask_2: 0.07642  loss_dice_2: 1.532  loss_ce_3: 0.1205  loss_mask_3: 0.07976  loss_dice_3: 1.468  loss_ce_4: 0.1461  loss_mask_4: 0.07721  loss_dice_4: 1.321  loss_ce_5: 0.1113  loss_mask_5: 0.102  loss_dice_5: 1.583  loss_ce_6: 0.1631  loss_mask_6: 0.07513  loss_dice_6: 1.472  loss_ce_7: 0.1212  loss_mask_7: 0.07815  loss_dice_7: 1.539  loss_ce_8: 0.12  loss_mask_8: 0.08503  loss_dice_8: 1.602    time: 0.8163  last_time: 0.7959  data_time: 0.1532  last_data_time: 0.1532   lr: 4.3379e-07  max_mem: 12897M
[02/28 02:00:46 d2.utils.events]:  eta: 0:11:50  iter: 9079  total_loss: 9.938  loss_ce: 0.08642  loss_mask: 0.1005  loss_dice: 0.7962  loss_ce_0: 0.2549  loss_mask_0: 0.1584  loss_dice_0: 0.9528  loss_ce_1: 0.1061  loss_mask_1: 0.1068  loss_dice_1: 0.7797  loss_ce_2: 0.0893  loss_mask_2: 0.09102  loss_dice_2: 0.7574  loss_ce_3: 0.1018  loss_mask_3: 0.1053  loss_dice_3: 0.7297  loss_ce_4: 0.09462  loss_mask_4: 0.1051  loss_dice_4: 0.7744  loss_ce_5: 0.07088  loss_mask_5: 0.1083  loss_dice_5: 0.8121  loss_ce_6: 0.08821  loss_mask_6: 0.1001  loss_dice_6: 0.7417  loss_ce_7: 0.09633  loss_mask_7: 0.09646  loss_dice_7: 0.712  loss_ce_8: 0.08456  loss_mask_8: 0.1023  loss_dice_8: 0.7348    time: 0.8162  last_time: 0.8059  data_time: 0.1918  last_data_time: 0.1918   lr: 4.1568e-07  max_mem: 12897M
[02/28 02:01:04 d2.utils.events]:  eta: 0:11:35  iter: 9099  total_loss: 8.678  loss_ce: 0.04055  loss_mask: 0.04436  loss_dice: 0.6806  loss_ce_0: 0.2785  loss_mask_0: 0.07715  loss_dice_0: 0.8038  loss_ce_1: 0.09126  loss_mask_1: 0.04989  loss_dice_1: 0.7966  loss_ce_2: 0.07451  loss_mask_2: 0.0514  loss_dice_2: 0.7307  loss_ce_3: 0.05615  loss_mask_3: 0.05096  loss_dice_3: 0.7575  loss_ce_4: 0.08169  loss_mask_4: 0.05148  loss_dice_4: 0.7399  loss_ce_5: 0.08627  loss_mask_5: 0.0423  loss_dice_5: 0.7249  loss_ce_6: 0.04406  loss_mask_6: 0.04947  loss_dice_6: 0.7022  loss_ce_7: 0.04013  loss_mask_7: 0.04919  loss_dice_7: 0.671  loss_ce_8: 0.04968  loss_mask_8: 0.04664  loss_dice_8: 0.7147    time: 0.8163  last_time: 0.7807  data_time: 0.1623  last_data_time: 0.1623   lr: 3.9794e-07  max_mem: 12897M
[02/28 02:01:20 d2.utils.events]:  eta: 0:11:19  iter: 9119  total_loss: 10.13  loss_ce: 0.09477  loss_mask: 0.04895  loss_dice: 0.7948  loss_ce_0: 0.4122  loss_mask_0: 0.05723  loss_dice_0: 0.8605  loss_ce_1: 0.1815  loss_mask_1: 0.05104  loss_dice_1: 0.8604  loss_ce_2: 0.153  loss_mask_2: 0.03969  loss_dice_2: 0.6838  loss_ce_3: 0.1755  loss_mask_3: 0.04639  loss_dice_3: 0.7434  loss_ce_4: 0.08542  loss_mask_4: 0.0564  loss_dice_4: 0.891  loss_ce_5: 0.137  loss_mask_5: 0.04113  loss_dice_5: 0.7722  loss_ce_6: 0.1223  loss_mask_6: 0.04681  loss_dice_6: 0.8397  loss_ce_7: 0.0744  loss_mask_7: 0.05231  loss_dice_7: 0.8521  loss_ce_8: 0.05213  loss_mask_8: 0.05347  loss_dice_8: 0.8494    time: 0.8163  last_time: 0.7903  data_time: 0.1628  last_data_time: 0.1628   lr: 3.8058e-07  max_mem: 12897M
[02/28 02:01:36 d2.utils.events]:  eta: 0:11:05  iter: 9139  total_loss: 8.232  loss_ce: 0.03984  loss_mask: 0.04221  loss_dice: 0.6881  loss_ce_0: 0.2856  loss_mask_0: 0.06516  loss_dice_0: 0.951  loss_ce_1: 0.06078  loss_mask_1: 0.04009  loss_dice_1: 0.7014  loss_ce_2: 0.06448  loss_mask_2: 0.0485  loss_dice_2: 0.7566  loss_ce_3: 0.04649  loss_mask_3: 0.03952  loss_dice_3: 0.7211  loss_ce_4: 0.04482  loss_mask_4: 0.03212  loss_dice_4: 0.6198  loss_ce_5: 0.04037  loss_mask_5: 0.0384  loss_dice_5: 0.7274  loss_ce_6: 0.04305  loss_mask_6: 0.04244  loss_dice_6: 0.6436  loss_ce_7: 0.04334  loss_mask_7: 0.03986  loss_dice_7: 0.634  loss_ce_8: 0.03896  loss_mask_8: 0.03541  loss_dice_8: 0.6577    time: 0.8163  last_time: 0.7854  data_time: 0.1644  last_data_time: 0.1644   lr: 3.636e-07  max_mem: 12897M
[02/28 02:01:53 d2.utils.events]:  eta: 0:10:50  iter: 9159  total_loss: 11.63  loss_ce: 0.02522  loss_mask: 0.04696  loss_dice: 0.9553  loss_ce_0: 0.3172  loss_mask_0: 0.04809  loss_dice_0: 1.123  loss_ce_1: 0.03558  loss_mask_1: 0.04492  loss_dice_1: 0.8579  loss_ce_2: 0.03424  loss_mask_2: 0.03891  loss_dice_2: 1.046  loss_ce_3: 0.0347  loss_mask_3: 0.05488  loss_dice_3: 1.08  loss_ce_4: 0.02667  loss_mask_4: 0.04331  loss_dice_4: 1.038  loss_ce_5: 0.02089  loss_mask_5: 0.04157  loss_dice_5: 1.077  loss_ce_6: 0.02388  loss_mask_6: 0.04942  loss_dice_6: 1.082  loss_ce_7: 0.0243  loss_mask_7: 0.04725  loss_dice_7: 0.9564  loss_ce_8: 0.03128  loss_mask_8: 0.04882  loss_dice_8: 1.377    time: 0.8163  last_time: 0.7254  data_time: 0.1190  last_data_time: 0.1190   lr: 3.47e-07  max_mem: 12897M
[02/28 02:02:09 d2.utils.events]:  eta: 0:10:35  iter: 9179  total_loss: 11.68  loss_ce: 0.1918  loss_mask: 0.03361  loss_dice: 0.7797  loss_ce_0: 0.5444  loss_mask_0: 0.06771  loss_dice_0: 1.283  loss_ce_1: 0.2461  loss_mask_1: 0.03747  loss_dice_1: 0.9277  loss_ce_2: 0.239  loss_mask_2: 0.0395  loss_dice_2: 0.8648  loss_ce_3: 0.2333  loss_mask_3: 0.03103  loss_dice_3: 0.8301  loss_ce_4: 0.2365  loss_mask_4: 0.02753  loss_dice_4: 0.7512  loss_ce_5: 0.2205  loss_mask_5: 0.03361  loss_dice_5: 0.8195  loss_ce_6: 0.1595  loss_mask_6: 0.03249  loss_dice_6: 0.7354  loss_ce_7: 0.2306  loss_mask_7: 0.03882  loss_dice_7: 0.9816  loss_ce_8: 0.1949  loss_mask_8: 0.03407  loss_dice_8: 0.8325    time: 0.8163  last_time: 1.2013  data_time: 0.5810  last_data_time: 0.5810   lr: 3.3079e-07  max_mem: 12897M
[02/28 02:02:25 d2.utils.events]:  eta: 0:10:19  iter: 9199  total_loss: 8.996  loss_ce: 0.02789  loss_mask: 0.03734  loss_dice: 0.8118  loss_ce_0: 0.1407  loss_mask_0: 0.03112  loss_dice_0: 0.7115  loss_ce_1: 0.03797  loss_mask_1: 0.03997  loss_dice_1: 0.9956  loss_ce_2: 0.02884  loss_mask_2: 0.04084  loss_dice_2: 0.8135  loss_ce_3: 0.02909  loss_mask_3: 0.03643  loss_dice_3: 0.8609  loss_ce_4: 0.02752  loss_mask_4: 0.03677  loss_dice_4: 0.7547  loss_ce_5: 0.04735  loss_mask_5: 0.03296  loss_dice_5: 0.8943  loss_ce_6: 0.02659  loss_mask_6: 0.03955  loss_dice_6: 0.8371  loss_ce_7: 0.02869  loss_mask_7: 0.03667  loss_dice_7: 0.8223  loss_ce_8: 0.02784  loss_mask_8: 0.03602  loss_dice_8: 0.7041    time: 0.8163  last_time: 0.7541  data_time: 0.1300  last_data_time: 0.1300   lr: 3.1495e-07  max_mem: 12897M
[02/28 02:02:43 d2.utils.events]:  eta: 0:10:03  iter: 9219  total_loss: 7.826  loss_ce: 0.01331  loss_mask: 0.05119  loss_dice: 0.6762  loss_ce_0: 0.2029  loss_mask_0: 0.06887  loss_dice_0: 0.8414  loss_ce_1: 0.03047  loss_mask_1: 0.0545  loss_dice_1: 0.6271  loss_ce_2: 0.02742  loss_mask_2: 0.05273  loss_dice_2: 0.7172  loss_ce_3: 0.01594  loss_mask_3: 0.04948  loss_dice_3: 0.682  loss_ce_4: 0.0128  loss_mask_4: 0.05074  loss_dice_4: 0.6459  loss_ce_5: 0.01376  loss_mask_5: 0.05122  loss_dice_5: 0.6767  loss_ce_6: 0.01385  loss_mask_6: 0.05039  loss_dice_6: 0.6897  loss_ce_7: 0.01331  loss_mask_7: 0.04944  loss_dice_7: 0.7381  loss_ce_8: 0.01327  loss_mask_8: 0.05029  loss_dice_8: 0.6462    time: 0.8164  last_time: 0.7632  data_time: 0.1412  last_data_time: 0.1412   lr: 2.995e-07  max_mem: 12897M
[02/28 02:02:59 d2.utils.events]:  eta: 0:09:49  iter: 9239  total_loss: 8.605  loss_ce: 0.02986  loss_mask: 0.04081  loss_dice: 0.6607  loss_ce_0: 0.2394  loss_mask_0: 0.05317  loss_dice_0: 0.8635  loss_ce_1: 0.09679  loss_mask_1: 0.03932  loss_dice_1: 0.8283  loss_ce_2: 0.06541  loss_mask_2: 0.04007  loss_dice_2: 0.7654  loss_ce_3: 0.05688  loss_mask_3: 0.04765  loss_dice_3: 0.7653  loss_ce_4: 0.04651  loss_mask_4: 0.04262  loss_dice_4: 0.7055  loss_ce_5: 0.071  loss_mask_5: 0.03838  loss_dice_5: 0.699  loss_ce_6: 0.08296  loss_mask_6: 0.03995  loss_dice_6: 0.6801  loss_ce_7: 0.0304  loss_mask_7: 0.04152  loss_dice_7: 0.7266  loss_ce_8: 0.03767  loss_mask_8: 0.04251  loss_dice_8: 0.7279    time: 0.8164  last_time: 0.7328  data_time: 0.0953  last_data_time: 0.0953   lr: 2.8443e-07  max_mem: 12897M
[02/28 02:03:17 d2.utils.events]:  eta: 0:09:34  iter: 9259  total_loss: 11.27  loss_ce: 0.04583  loss_mask: 0.06663  loss_dice: 0.808  loss_ce_0: 0.3153  loss_mask_0: 0.116  loss_dice_0: 1.1  loss_ce_1: 0.06686  loss_mask_1: 0.06679  loss_dice_1: 0.9635  loss_ce_2: 0.07958  loss_mask_2: 0.06819  loss_dice_2: 1.005  loss_ce_3: 0.04819  loss_mask_3: 0.07483  loss_dice_3: 1.003  loss_ce_4: 0.04351  loss_mask_4: 0.06615  loss_dice_4: 0.9306  loss_ce_5: 0.04356  loss_mask_5: 0.06627  loss_dice_5: 0.9987  loss_ce_6: 0.04376  loss_mask_6: 0.06796  loss_dice_6: 1.012  loss_ce_7: 0.04481  loss_mask_7: 0.06945  loss_dice_7: 1.005  loss_ce_8: 0.05061  loss_mask_8: 0.06831  loss_dice_8: 0.9293    time: 0.8164  last_time: 0.8354  data_time: 0.2156  last_data_time: 0.2156   lr: 2.6974e-07  max_mem: 12897M
[02/28 02:03:33 d2.utils.events]:  eta: 0:09:18  iter: 9279  total_loss: 10.63  loss_ce: 0.07786  loss_mask: 0.05157  loss_dice: 0.8095  loss_ce_0: 0.4295  loss_mask_0: 0.07717  loss_dice_0: 1.053  loss_ce_1: 0.2036  loss_mask_1: 0.05875  loss_dice_1: 0.9735  loss_ce_2: 0.09965  loss_mask_2: 0.05778  loss_dice_2: 0.8863  loss_ce_3: 0.1261  loss_mask_3: 0.06657  loss_dice_3: 0.8699  loss_ce_4: 0.08355  loss_mask_4: 0.05119  loss_dice_4: 0.7928  loss_ce_5: 0.07973  loss_mask_5: 0.04723  loss_dice_5: 0.835  loss_ce_6: 0.09798  loss_mask_6: 0.04863  loss_dice_6: 0.8103  loss_ce_7: 0.0998  loss_mask_7: 0.05134  loss_dice_7: 0.8127  loss_ce_8: 0.1025  loss_mask_8: 0.05422  loss_dice_8: 0.8188    time: 0.8164  last_time: 0.9183  data_time: 0.2999  last_data_time: 0.2999   lr: 2.5544e-07  max_mem: 12897M
[02/28 02:03:49 d2.utils.events]:  eta: 0:09:03  iter: 9299  total_loss: 13.04  loss_ce: 0.07011  loss_mask: 0.03993  loss_dice: 1.156  loss_ce_0: 0.2538  loss_mask_0: 0.06024  loss_dice_0: 1.459  loss_ce_1: 0.1213  loss_mask_1: 0.03382  loss_dice_1: 1.047  loss_ce_2: 0.1546  loss_mask_2: 0.03705  loss_dice_2: 1.176  loss_ce_3: 0.08526  loss_mask_3: 0.02779  loss_dice_3: 1.081  loss_ce_4: 0.152  loss_mask_4: 0.03145  loss_dice_4: 1.164  loss_ce_5: 0.131  loss_mask_5: 0.03019  loss_dice_5: 1.131  loss_ce_6: 0.1814  loss_mask_6: 0.03285  loss_dice_6: 0.9619  loss_ce_7: 0.06944  loss_mask_7: 0.03616  loss_dice_7: 1.14  loss_ce_8: 0.1243  loss_mask_8: 0.0331  loss_dice_8: 1.015    time: 0.8164  last_time: 0.8058  data_time: 0.1779  last_data_time: 0.1779   lr: 2.4152e-07  max_mem: 12897M
[02/28 02:04:05 d2.utils.events]:  eta: 0:08:48  iter: 9319  total_loss: 6.839  loss_ce: 0.01967  loss_mask: 0.03719  loss_dice: 0.5725  loss_ce_0: 0.1996  loss_mask_0: 0.04825  loss_dice_0: 0.6956  loss_ce_1: 0.07781  loss_mask_1: 0.04541  loss_dice_1: 0.6416  loss_ce_2: 0.04149  loss_mask_2: 0.04152  loss_dice_2: 0.5758  loss_ce_3: 0.03099  loss_mask_3: 0.04625  loss_dice_3: 0.6111  loss_ce_4: 0.02398  loss_mask_4: 0.04399  loss_dice_4: 0.5788  loss_ce_5: 0.02409  loss_mask_5: 0.03709  loss_dice_5: 0.55  loss_ce_6: 0.02359  loss_mask_6: 0.03804  loss_dice_6: 0.5349  loss_ce_7: 0.02163  loss_mask_7: 0.03933  loss_dice_7: 0.6138  loss_ce_8: 0.01921  loss_mask_8: 0.04025  loss_dice_8: 0.5658    time: 0.8164  last_time: 0.7089  data_time: 0.1037  last_data_time: 0.1037   lr: 2.2799e-07  max_mem: 12897M
[02/28 02:04:21 d2.utils.events]:  eta: 0:08:32  iter: 9339  total_loss: 9.59  loss_ce: 0.05985  loss_mask: 0.05893  loss_dice: 0.8661  loss_ce_0: 0.2049  loss_mask_0: 0.06744  loss_dice_0: 1.013  loss_ce_1: 0.09245  loss_mask_1: 0.0613  loss_dice_1: 0.7096  loss_ce_2: 0.0929  loss_mask_2: 0.05455  loss_dice_2: 0.7232  loss_ce_3: 0.08852  loss_mask_3: 0.05358  loss_dice_3: 0.8172  loss_ce_4: 0.07631  loss_mask_4: 0.05404  loss_dice_4: 0.7107  loss_ce_5: 0.0729  loss_mask_5: 0.05917  loss_dice_5: 0.8322  loss_ce_6: 0.07091  loss_mask_6: 0.05663  loss_dice_6: 0.7765  loss_ce_7: 0.03634  loss_mask_7: 0.05691  loss_dice_7: 0.8029  loss_ce_8: 0.05765  loss_mask_8: 0.06449  loss_dice_8: 0.8997    time: 0.8162  last_time: 0.7171  data_time: 0.1005  last_data_time: 0.1005   lr: 2.1484e-07  max_mem: 12897M
[02/28 02:04:38 d2.utils.events]:  eta: 0:08:17  iter: 9359  total_loss: 11.08  loss_ce: 0.06564  loss_mask: 0.04816  loss_dice: 0.9378  loss_ce_0: 0.3527  loss_mask_0: 0.07514  loss_dice_0: 1.139  loss_ce_1: 0.1085  loss_mask_1: 0.05096  loss_dice_1: 1.017  loss_ce_2: 0.1507  loss_mask_2: 0.05297  loss_dice_2: 0.9814  loss_ce_3: 0.06511  loss_mask_3: 0.04372  loss_dice_3: 0.7932  loss_ce_4: 0.07084  loss_mask_4: 0.04935  loss_dice_4: 0.9679  loss_ce_5: 0.07998  loss_mask_5: 0.04821  loss_dice_5: 1.068  loss_ce_6: 0.07325  loss_mask_6: 0.04862  loss_dice_6: 0.8411  loss_ce_7: 0.06466  loss_mask_7: 0.04623  loss_dice_7: 0.8448  loss_ce_8: 0.06234  loss_mask_8: 0.04443  loss_dice_8: 0.8934    time: 0.8163  last_time: 0.7420  data_time: 0.1304  last_data_time: 0.1304   lr: 2.0208e-07  max_mem: 12897M
[02/28 02:04:56 d2.utils.events]:  eta: 0:08:01  iter: 9379  total_loss: 9.706  loss_ce: 0.08573  loss_mask: 0.04463  loss_dice: 0.7909  loss_ce_0: 0.2148  loss_mask_0: 0.05408  loss_dice_0: 0.9999  loss_ce_1: 0.1377  loss_mask_1: 0.05082  loss_dice_1: 0.9258  loss_ce_2: 0.1104  loss_mask_2: 0.04736  loss_dice_2: 0.8067  loss_ce_3: 0.1171  loss_mask_3: 0.0457  loss_dice_3: 0.7219  loss_ce_4: 0.1047  loss_mask_4: 0.05116  loss_dice_4: 0.7495  loss_ce_5: 0.1132  loss_mask_5: 0.05368  loss_dice_5: 0.8557  loss_ce_6: 0.09465  loss_mask_6: 0.04577  loss_dice_6: 0.8119  loss_ce_7: 0.09452  loss_mask_7: 0.0507  loss_dice_7: 0.6553  loss_ce_8: 0.08247  loss_mask_8: 0.04569  loss_dice_8: 0.7436    time: 0.8164  last_time: 1.2467  data_time: 0.6373  last_data_time: 0.6373   lr: 1.897e-07  max_mem: 12897M
[02/28 02:05:12 d2.utils.events]:  eta: 0:07:45  iter: 9399  total_loss: 9.333  loss_ce: 0.05857  loss_mask: 0.03747  loss_dice: 0.8188  loss_ce_0: 0.2523  loss_mask_0: 0.04265  loss_dice_0: 0.9887  loss_ce_1: 0.08951  loss_mask_1: 0.03659  loss_dice_1: 0.7807  loss_ce_2: 0.08784  loss_mask_2: 0.04073  loss_dice_2: 0.8698  loss_ce_3: 0.06505  loss_mask_3: 0.03248  loss_dice_3: 0.7493  loss_ce_4: 0.0607  loss_mask_4: 0.03294  loss_dice_4: 0.7757  loss_ce_5: 0.0574  loss_mask_5: 0.0315  loss_dice_5: 0.7561  loss_ce_6: 0.06017  loss_mask_6: 0.03449  loss_dice_6: 0.8256  loss_ce_7: 0.05947  loss_mask_7: 0.03393  loss_dice_7: 0.8426  loss_ce_8: 0.1081  loss_mask_8: 0.03146  loss_dice_8: 0.672    time: 0.8164  last_time: 0.7461  data_time: 0.1092  last_data_time: 0.1092   lr: 1.7772e-07  max_mem: 12897M
[02/28 02:05:28 d2.utils.events]:  eta: 0:07:30  iter: 9419  total_loss: 9.752  loss_ce: 0.09848  loss_mask: 0.04443  loss_dice: 0.725  loss_ce_0: 0.3232  loss_mask_0: 0.05172  loss_dice_0: 1.046  loss_ce_1: 0.1027  loss_mask_1: 0.0461  loss_dice_1: 0.7692  loss_ce_2: 0.1161  loss_mask_2: 0.04673  loss_dice_2: 0.8746  loss_ce_3: 0.1685  loss_mask_3: 0.04397  loss_dice_3: 0.7927  loss_ce_4: 0.09772  loss_mask_4: 0.04157  loss_dice_4: 0.7463  loss_ce_5: 0.08983  loss_mask_5: 0.04119  loss_dice_5: 0.8296  loss_ce_6: 0.1581  loss_mask_6: 0.0411  loss_dice_6: 0.7101  loss_ce_7: 0.1091  loss_mask_7: 0.04719  loss_dice_7: 0.7594  loss_ce_8: 0.1265  loss_mask_8: 0.04148  loss_dice_8: 0.6632    time: 0.8164  last_time: 1.2618  data_time: 0.6456  last_data_time: 0.6456   lr: 1.6612e-07  max_mem: 12897M
[02/28 02:05:44 d2.utils.events]:  eta: 0:07:14  iter: 9439  total_loss: 10.38  loss_ce: 0.03094  loss_mask: 0.04535  loss_dice: 0.877  loss_ce_0: 0.4089  loss_mask_0: 0.06513  loss_dice_0: 1.229  loss_ce_1: 0.1093  loss_mask_1: 0.04519  loss_dice_1: 0.9216  loss_ce_2: 0.1291  loss_mask_2: 0.03904  loss_dice_2: 0.8401  loss_ce_3: 0.04011  loss_mask_3: 0.03693  loss_dice_3: 0.8339  loss_ce_4: 0.04005  loss_mask_4: 0.04599  loss_dice_4: 0.9524  loss_ce_5: 0.03914  loss_mask_5: 0.03859  loss_dice_5: 0.7784  loss_ce_6: 0.03184  loss_mask_6: 0.04229  loss_dice_6: 0.8201  loss_ce_7: 0.0308  loss_mask_7: 0.04218  loss_dice_7: 0.8296  loss_ce_8: 0.0306  loss_mask_8: 0.04402  loss_dice_8: 0.9617    time: 0.8164  last_time: 0.7896  data_time: 0.1806  last_data_time: 0.1806   lr: 1.5491e-07  max_mem: 12897M
[02/28 02:06:00 d2.utils.events]:  eta: 0:06:58  iter: 9459  total_loss: 11.64  loss_ce: 0.09998  loss_mask: 0.04428  loss_dice: 1.113  loss_ce_0: 0.4412  loss_mask_0: 0.05871  loss_dice_0: 1.03  loss_ce_1: 0.1497  loss_mask_1: 0.0387  loss_dice_1: 0.9625  loss_ce_2: 0.1091  loss_mask_2: 0.04378  loss_dice_2: 1.093  loss_ce_3: 0.07991  loss_mask_3: 0.03864  loss_dice_3: 1.008  loss_ce_4: 0.1332  loss_mask_4: 0.03843  loss_dice_4: 0.9638  loss_ce_5: 0.107  loss_mask_5: 0.03718  loss_dice_5: 0.9119  loss_ce_6: 0.1304  loss_mask_6: 0.03453  loss_dice_6: 0.8999  loss_ce_7: 0.1159  loss_mask_7: 0.03732  loss_dice_7: 0.8456  loss_ce_8: 0.0824  loss_mask_8: 0.03503  loss_dice_8: 0.9513    time: 0.8163  last_time: 1.1781  data_time: 0.5679  last_data_time: 0.5679   lr: 1.4408e-07  max_mem: 12897M
[02/28 02:06:17 d2.utils.events]:  eta: 0:06:43  iter: 9479  total_loss: 8.731  loss_ce: 0.03525  loss_mask: 0.02848  loss_dice: 0.8737  loss_ce_0: 0.1835  loss_mask_0: 0.07284  loss_dice_0: 1.081  loss_ce_1: 0.0546  loss_mask_1: 0.03904  loss_dice_1: 0.8192  loss_ce_2: 0.03808  loss_mask_2: 0.03464  loss_dice_2: 0.8911  loss_ce_3: 0.04193  loss_mask_3: 0.03552  loss_dice_3: 0.867  loss_ce_4: 0.04852  loss_mask_4: 0.02414  loss_dice_4: 0.6147  loss_ce_5: 0.03847  loss_mask_5: 0.03147  loss_dice_5: 0.7544  loss_ce_6: 0.03866  loss_mask_6: 0.02606  loss_dice_6: 0.5585  loss_ce_7: 0.03512  loss_mask_7: 0.03071  loss_dice_7: 0.7954  loss_ce_8: 0.03446  loss_mask_8: 0.02669  loss_dice_8: 0.5783    time: 0.8163  last_time: 0.7833  data_time: 0.1590  last_data_time: 0.1590   lr: 1.3365e-07  max_mem: 12897M
[02/28 02:06:34 d2.utils.events]:  eta: 0:06:28  iter: 9499  total_loss: 11.36  loss_ce: 0.09194  loss_mask: 0.08384  loss_dice: 0.875  loss_ce_0: 0.176  loss_mask_0: 0.1749  loss_dice_0: 1.203  loss_ce_1: 0.1737  loss_mask_1: 0.06863  loss_dice_1: 0.947  loss_ce_2: 0.1459  loss_mask_2: 0.08845  loss_dice_2: 0.9079  loss_ce_3: 0.09691  loss_mask_3: 0.09838  loss_dice_3: 0.8886  loss_ce_4: 0.1046  loss_mask_4: 0.08594  loss_dice_4: 0.9061  loss_ce_5: 0.09873  loss_mask_5: 0.08517  loss_dice_5: 0.9059  loss_ce_6: 0.08449  loss_mask_6: 0.08891  loss_dice_6: 0.9555  loss_ce_7: 0.08125  loss_mask_7: 0.06801  loss_dice_7: 0.8121  loss_ce_8: 0.09581  loss_mask_8: 0.08335  loss_dice_8: 0.8867    time: 0.8164  last_time: 0.7546  data_time: 0.1402  last_data_time: 0.1402   lr: 1.2361e-07  max_mem: 12897M
[02/28 02:06:50 d2.utils.events]:  eta: 0:06:12  iter: 9519  total_loss: 9.804  loss_ce: 0.03436  loss_mask: 0.05811  loss_dice: 0.8523  loss_ce_0: 0.2081  loss_mask_0: 0.08194  loss_dice_0: 0.9845  loss_ce_1: 0.06508  loss_mask_1: 0.06334  loss_dice_1: 0.8112  loss_ce_2: 0.0653  loss_mask_2: 0.05786  loss_dice_2: 0.8411  loss_ce_3: 0.06131  loss_mask_3: 0.06205  loss_dice_3: 0.8818  loss_ce_4: 0.04509  loss_mask_4: 0.057  loss_dice_4: 0.7767  loss_ce_5: 0.08117  loss_mask_5: 0.0585  loss_dice_5: 0.8378  loss_ce_6: 0.03564  loss_mask_6: 0.06594  loss_dice_6: 0.8451  loss_ce_7: 0.06499  loss_mask_7: 0.06009  loss_dice_7: 0.8629  loss_ce_8: 0.03374  loss_mask_8: 0.05144  loss_dice_8: 0.7999    time: 0.8163  last_time: 0.7403  data_time: 0.1137  last_data_time: 0.1137   lr: 1.1395e-07  max_mem: 12897M
[02/28 02:07:06 d2.utils.events]:  eta: 0:05:56  iter: 9539  total_loss: 9.258  loss_ce: 0.03457  loss_mask: 0.03811  loss_dice: 0.8416  loss_ce_0: 0.2698  loss_mask_0: 0.05928  loss_dice_0: 1.062  loss_ce_1: 0.05416  loss_mask_1: 0.03345  loss_dice_1: 0.7964  loss_ce_2: 0.03871  loss_mask_2: 0.03307  loss_dice_2: 0.7309  loss_ce_3: 0.05251  loss_mask_3: 0.03469  loss_dice_3: 0.7625  loss_ce_4: 0.1093  loss_mask_4: 0.04084  loss_dice_4: 0.8235  loss_ce_5: 0.03278  loss_mask_5: 0.03885  loss_dice_5: 0.7422  loss_ce_6: 0.03307  loss_mask_6: 0.03724  loss_dice_6: 0.7541  loss_ce_7: 0.03433  loss_mask_7: 0.03676  loss_dice_7: 0.8751  loss_ce_8: 0.03428  loss_mask_8: 0.03507  loss_dice_8: 0.7885    time: 0.8163  last_time: 0.7968  data_time: 0.1758  last_data_time: 0.1758   lr: 1.0469e-07  max_mem: 12897M
[02/28 02:07:23 d2.utils.events]:  eta: 0:05:40  iter: 9559  total_loss: 11.56  loss_ce: 0.0471  loss_mask: 0.0649  loss_dice: 0.9547  loss_ce_0: 0.2102  loss_mask_0: 0.09126  loss_dice_0: 1.203  loss_ce_1: 0.09582  loss_mask_1: 0.08358  loss_dice_1: 1.103  loss_ce_2: 0.1359  loss_mask_2: 0.08437  loss_dice_2: 1.055  loss_ce_3: 0.06207  loss_mask_3: 0.06558  loss_dice_3: 0.9962  loss_ce_4: 0.0457  loss_mask_4: 0.06243  loss_dice_4: 0.9088  loss_ce_5: 0.04238  loss_mask_5: 0.07096  loss_dice_5: 0.9298  loss_ce_6: 0.04356  loss_mask_6: 0.06764  loss_dice_6: 0.9421  loss_ce_7: 0.04522  loss_mask_7: 0.0705  loss_dice_7: 0.9471  loss_ce_8: 0.04877  loss_mask_8: 0.07856  loss_dice_8: 0.9991    time: 0.8163  last_time: 0.8151  data_time: 0.1841  last_data_time: 0.1841   lr: 9.5819e-08  max_mem: 12897M
[02/28 02:07:39 d2.utils.events]:  eta: 0:05:25  iter: 9579  total_loss: 11.12  loss_ce: 0.08473  loss_mask: 0.02994  loss_dice: 0.8896  loss_ce_0: 0.2773  loss_mask_0: 0.0274  loss_dice_0: 1.124  loss_ce_1: 0.1859  loss_mask_1: 0.02652  loss_dice_1: 0.8993  loss_ce_2: 0.05323  loss_mask_2: 0.03358  loss_dice_2: 0.9589  loss_ce_3: 0.04997  loss_mask_3: 0.03785  loss_dice_3: 1.041  loss_ce_4: 0.08138  loss_mask_4: 0.03523  loss_dice_4: 1.172  loss_ce_5: 0.08077  loss_mask_5: 0.03007  loss_dice_5: 0.9178  loss_ce_6: 0.0694  loss_mask_6: 0.03669  loss_dice_6: 1.051  loss_ce_7: 0.03747  loss_mask_7: 0.03288  loss_dice_7: 0.8555  loss_ce_8: 0.039  loss_mask_8: 0.03667  loss_dice_8: 0.9254    time: 0.8163  last_time: 0.7067  data_time: 0.0720  last_data_time: 0.0720   lr: 8.7338e-08  max_mem: 12897M
[02/28 02:07:56 d2.utils.events]:  eta: 0:05:09  iter: 9599  total_loss: 9.295  loss_ce: 0.08651  loss_mask: 0.02901  loss_dice: 0.6936  loss_ce_0: 0.2268  loss_mask_0: 0.03914  loss_dice_0: 0.9009  loss_ce_1: 0.07077  loss_mask_1: 0.02864  loss_dice_1: 0.7795  loss_ce_2: 0.04212  loss_mask_2: 0.027  loss_dice_2: 0.8115  loss_ce_3: 0.04389  loss_mask_3: 0.02671  loss_dice_3: 0.9056  loss_ce_4: 0.04114  loss_mask_4: 0.02594  loss_dice_4: 0.8979  loss_ce_5: 0.1424  loss_mask_5: 0.02973  loss_dice_5: 0.8601  loss_ce_6: 0.09897  loss_mask_6: 0.02323  loss_dice_6: 0.7598  loss_ce_7: 0.06227  loss_mask_7: 0.02752  loss_dice_7: 0.7997  loss_ce_8: 0.04402  loss_mask_8: 0.02823  loss_dice_8: 0.7428    time: 0.8163  last_time: 0.7672  data_time: 0.1451  last_data_time: 0.1451   lr: 7.9247e-08  max_mem: 12897M
[02/28 02:08:11 d2.utils.events]:  eta: 0:04:53  iter: 9619  total_loss: 16.35  loss_ce: 0.06759  loss_mask: 0.08374  loss_dice: 1.31  loss_ce_0: 0.4316  loss_mask_0: 0.07512  loss_dice_0: 1.481  loss_ce_1: 0.1131  loss_mask_1: 0.0639  loss_dice_1: 1.41  loss_ce_2: 0.06756  loss_mask_2: 0.07921  loss_dice_2: 1.399  loss_ce_3: 0.09032  loss_mask_3: 0.07591  loss_dice_3: 1.362  loss_ce_4: 0.08586  loss_mask_4: 0.09344  loss_dice_4: 1.503  loss_ce_5: 0.0706  loss_mask_5: 0.08751  loss_dice_5: 1.475  loss_ce_6: 0.1192  loss_mask_6: 0.09186  loss_dice_6: 1.531  loss_ce_7: 0.07489  loss_mask_7: 0.08582  loss_dice_7: 1.467  loss_ce_8: 0.09064  loss_mask_8: 0.08828  loss_dice_8: 1.375    time: 0.8162  last_time: 0.8041  data_time: 0.1957  last_data_time: 0.1957   lr: 7.1549e-08  max_mem: 12897M
[02/28 02:08:28 d2.utils.events]:  eta: 0:04:38  iter: 9639  total_loss: 13.29  loss_ce: 0.09741  loss_mask: 0.0626  loss_dice: 1.047  loss_ce_0: 0.3666  loss_mask_0: 0.09081  loss_dice_0: 1.087  loss_ce_1: 0.14  loss_mask_1: 0.06831  loss_dice_1: 1.235  loss_ce_2: 0.1018  loss_mask_2: 0.06838  loss_dice_2: 1.137  loss_ce_3: 0.08985  loss_mask_3: 0.07049  loss_dice_3: 1.295  loss_ce_4: 0.1021  loss_mask_4: 0.06941  loss_dice_4: 1.178  loss_ce_5: 0.09482  loss_mask_5: 0.06081  loss_dice_5: 1.104  loss_ce_6: 0.09835  loss_mask_6: 0.06882  loss_dice_6: 1.212  loss_ce_7: 0.1047  loss_mask_7: 0.06111  loss_dice_7: 0.9247  loss_ce_8: 0.09349  loss_mask_8: 0.06372  loss_dice_8: 1.097    time: 0.8163  last_time: 0.9152  data_time: 0.3083  last_data_time: 0.3083   lr: 6.4242e-08  max_mem: 12897M
[02/28 02:08:44 d2.utils.events]:  eta: 0:04:22  iter: 9659  total_loss: 7.525  loss_ce: 0.05186  loss_mask: 0.03233  loss_dice: 0.5447  loss_ce_0: 0.2255  loss_mask_0: 0.0586  loss_dice_0: 0.8221  loss_ce_1: 0.1121  loss_mask_1: 0.03778  loss_dice_1: 0.5971  loss_ce_2: 0.08252  loss_mask_2: 0.04211  loss_dice_2: 0.6445  loss_ce_3: 0.06362  loss_mask_3: 0.03421  loss_dice_3: 0.5917  loss_ce_4: 0.05834  loss_mask_4: 0.03819  loss_dice_4: 0.7181  loss_ce_5: 0.05896  loss_mask_5: 0.0323  loss_dice_5: 0.562  loss_ce_6: 0.1298  loss_mask_6: 0.03572  loss_dice_6: 0.5555  loss_ce_7: 0.09637  loss_mask_7: 0.03378  loss_dice_7: 0.5706  loss_ce_8: 0.05306  loss_mask_8: 0.03072  loss_dice_8: 0.6106    time: 0.8162  last_time: 0.8241  data_time: 0.2096  last_data_time: 0.2096   lr: 5.7328e-08  max_mem: 12897M
[02/28 02:09:00 d2.utils.events]:  eta: 0:04:07  iter: 9679  total_loss: 7.608  loss_ce: 0.03571  loss_mask: 0.03823  loss_dice: 0.7733  loss_ce_0: 0.2535  loss_mask_0: 0.05369  loss_dice_0: 0.7299  loss_ce_1: 0.1494  loss_mask_1: 0.03291  loss_dice_1: 0.568  loss_ce_2: 0.09703  loss_mask_2: 0.03984  loss_dice_2: 0.5516  loss_ce_3: 0.084  loss_mask_3: 0.03541  loss_dice_3: 0.5927  loss_ce_4: 0.08605  loss_mask_4: 0.03847  loss_dice_4: 0.6326  loss_ce_5: 0.04959  loss_mask_5: 0.03557  loss_dice_5: 0.6621  loss_ce_6: 0.06618  loss_mask_6: 0.03746  loss_dice_6: 0.7315  loss_ce_7: 0.04131  loss_mask_7: 0.03903  loss_dice_7: 0.5992  loss_ce_8: 0.0372  loss_mask_8: 0.03533  loss_dice_8: 0.4812    time: 0.8162  last_time: 0.8262  data_time: 0.2235  last_data_time: 0.2235   lr: 5.0806e-08  max_mem: 12897M
[02/28 02:09:17 d2.utils.events]:  eta: 0:03:52  iter: 9699  total_loss: 7.263  loss_ce: 0.03178  loss_mask: 0.03721  loss_dice: 0.5929  loss_ce_0: 0.2889  loss_mask_0: 0.05102  loss_dice_0: 0.8318  loss_ce_1: 0.07109  loss_mask_1: 0.03871  loss_dice_1: 0.7183  loss_ce_2: 0.05563  loss_mask_2: 0.03827  loss_dice_2: 0.6949  loss_ce_3: 0.04022  loss_mask_3: 0.03964  loss_dice_3: 0.554  loss_ce_4: 0.03548  loss_mask_4: 0.03528  loss_dice_4: 0.5321  loss_ce_5: 0.03189  loss_mask_5: 0.03316  loss_dice_5: 0.559  loss_ce_6: 0.03282  loss_mask_6: 0.03857  loss_dice_6: 0.575  loss_ce_7: 0.03174  loss_mask_7: 0.03374  loss_dice_7: 0.5724  loss_ce_8: 0.03153  loss_mask_8: 0.03583  loss_dice_8: 0.6007    time: 0.8162  last_time: 0.7017  data_time: 0.0807  last_data_time: 0.0807   lr: 4.4676e-08  max_mem: 12897M
[02/28 02:09:34 d2.utils.events]:  eta: 0:03:36  iter: 9719  total_loss: 16.33  loss_ce: 0.1258  loss_mask: 0.1043  loss_dice: 1.289  loss_ce_0: 0.607  loss_mask_0: 0.1276  loss_dice_0: 1.519  loss_ce_1: 0.1792  loss_mask_1: 0.09141  loss_dice_1: 1.373  loss_ce_2: 0.1428  loss_mask_2: 0.08779  loss_dice_2: 1.349  loss_ce_3: 0.1255  loss_mask_3: 0.09132  loss_dice_3: 1.389  loss_ce_4: 0.108  loss_mask_4: 0.09413  loss_dice_4: 1.356  loss_ce_5: 0.116  loss_mask_5: 0.09726  loss_dice_5: 1.32  loss_ce_6: 0.1227  loss_mask_6: 0.09982  loss_dice_6: 1.307  loss_ce_7: 0.1146  loss_mask_7: 0.09849  loss_dice_7: 1.273  loss_ce_8: 0.1041  loss_mask_8: 0.107  loss_dice_8: 1.412    time: 0.8163  last_time: 0.7087  data_time: 0.1010  last_data_time: 0.1010   lr: 3.894e-08  max_mem: 12897M
[02/28 02:09:50 d2.utils.events]:  eta: 0:03:20  iter: 9739  total_loss: 10.72  loss_ce: 0.05108  loss_mask: 0.06255  loss_dice: 0.89  loss_ce_0: 0.4246  loss_mask_0: 0.09091  loss_dice_0: 1.056  loss_ce_1: 0.111  loss_mask_1: 0.06611  loss_dice_1: 0.8803  loss_ce_2: 0.06519  loss_mask_2: 0.06308  loss_dice_2: 0.8652  loss_ce_3: 0.06727  loss_mask_3: 0.06766  loss_dice_3: 0.9055  loss_ce_4: 0.05482  loss_mask_4: 0.06716  loss_dice_4: 0.8586  loss_ce_5: 0.05419  loss_mask_5: 0.07268  loss_dice_5: 0.8828  loss_ce_6: 0.05533  loss_mask_6: 0.07322  loss_dice_6: 0.9186  loss_ce_7: 0.05257  loss_mask_7: 0.06722  loss_dice_7: 0.8851  loss_ce_8: 0.05091  loss_mask_8: 0.06895  loss_dice_8: 0.8873    time: 0.8162  last_time: 0.7516  data_time: 0.1272  last_data_time: 0.1272   lr: 3.3598e-08  max_mem: 12897M
[02/28 02:10:07 d2.utils.events]:  eta: 0:03:05  iter: 9759  total_loss: 13.78  loss_ce: 0.02906  loss_mask: 0.04674  loss_dice: 1.385  loss_ce_0: 0.2184  loss_mask_0: 0.0518  loss_dice_0: 1.052  loss_ce_1: 0.1209  loss_mask_1: 0.04413  loss_dice_1: 1.302  loss_ce_2: 0.04607  loss_mask_2: 0.04891  loss_dice_2: 1.455  loss_ce_3: 0.0998  loss_mask_3: 0.0446  loss_dice_3: 1.305  loss_ce_4: 0.03705  loss_mask_4: 0.04537  loss_dice_4: 1.194  loss_ce_5: 0.09172  loss_mask_5: 0.05138  loss_dice_5: 1.136  loss_ce_6: 0.04359  loss_mask_6: 0.04571  loss_dice_6: 1.29  loss_ce_7: 0.02764  loss_mask_7: 0.04241  loss_dice_7: 1.281  loss_ce_8: 0.02753  loss_mask_8: 0.04444  loss_dice_8: 1.176    time: 0.8162  last_time: 0.7093  data_time: 0.1093  last_data_time: 0.1093   lr: 2.8648e-08  max_mem: 12897M
[02/28 02:10:22 d2.utils.events]:  eta: 0:02:49  iter: 9779  total_loss: 5.761  loss_ce: 0.01752  loss_mask: 0.04336  loss_dice: 0.4598  loss_ce_0: 0.1594  loss_mask_0: 0.06384  loss_dice_0: 0.6092  loss_ce_1: 0.02116  loss_mask_1: 0.04994  loss_dice_1: 0.4694  loss_ce_2: 0.01631  loss_mask_2: 0.05047  loss_dice_2: 0.5505  loss_ce_3: 0.01823  loss_mask_3: 0.04401  loss_dice_3: 0.4571  loss_ce_4: 0.017  loss_mask_4: 0.04937  loss_dice_4: 0.5259  loss_ce_5: 0.01629  loss_mask_5: 0.04205  loss_dice_5: 0.4625  loss_ce_6: 0.01731  loss_mask_6: 0.04788  loss_dice_6: 0.5098  loss_ce_7: 0.01829  loss_mask_7: 0.04141  loss_dice_7: 0.4176  loss_ce_8: 0.01715  loss_mask_8: 0.04666  loss_dice_8: 0.5013    time: 0.8161  last_time: 0.8372  data_time: 0.1162  last_data_time: 0.1162   lr: 2.4092e-08  max_mem: 12897M
[02/28 02:10:38 d2.utils.events]:  eta: 0:02:33  iter: 9799  total_loss: 9.694  loss_ce: 0.11  loss_mask: 0.03412  loss_dice: 0.8097  loss_ce_0: 0.383  loss_mask_0: 0.05138  loss_dice_0: 1.099  loss_ce_1: 0.1531  loss_mask_1: 0.03347  loss_dice_1: 0.7551  loss_ce_2: 0.09882  loss_mask_2: 0.03243  loss_dice_2: 0.8144  loss_ce_3: 0.1127  loss_mask_3: 0.03151  loss_dice_3: 0.6139  loss_ce_4: 0.08181  loss_mask_4: 0.03658  loss_dice_4: 0.9054  loss_ce_5: 0.07704  loss_mask_5: 0.03112  loss_dice_5: 0.8005  loss_ce_6: 0.07204  loss_mask_6: 0.03235  loss_dice_6: 0.8744  loss_ce_7: 0.1017  loss_mask_7: 0.03222  loss_dice_7: 0.667  loss_ce_8: 0.1014  loss_mask_8: 0.03491  loss_dice_8: 0.7134    time: 0.8161  last_time: 0.8484  data_time: 0.2402  last_data_time: 0.2402   lr: 1.993e-08  max_mem: 12897M
[02/28 02:10:54 d2.utils.events]:  eta: 0:02:18  iter: 9819  total_loss: 15.14  loss_ce: 0.2018  loss_mask: 0.06857  loss_dice: 1.191  loss_ce_0: 0.406  loss_mask_0: 0.0697  loss_dice_0: 1.392  loss_ce_1: 0.1319  loss_mask_1: 0.07586  loss_dice_1: 1.392  loss_ce_2: 0.1719  loss_mask_2: 0.06983  loss_dice_2: 1.294  loss_ce_3: 0.214  loss_mask_3: 0.05919  loss_dice_3: 1.186  loss_ce_4: 0.1389  loss_mask_4: 0.07332  loss_dice_4: 1.283  loss_ce_5: 0.1898  loss_mask_5: 0.06866  loss_dice_5: 1.194  loss_ce_6: 0.1945  loss_mask_6: 0.07085  loss_dice_6: 1.176  loss_ce_7: 0.2428  loss_mask_7: 0.07354  loss_dice_7: 1.125  loss_ce_8: 0.2133  loss_mask_8: 0.06249  loss_dice_8: 1.112    time: 0.8160  last_time: 0.7480  data_time: 0.1469  last_data_time: 0.1469   lr: 1.6163e-08  max_mem: 12897M
[02/28 02:11:09 d2.utils.events]:  eta: 0:02:03  iter: 9839  total_loss: 10.69  loss_ce: 0.05234  loss_mask: 0.03243  loss_dice: 0.9374  loss_ce_0: 0.3547  loss_mask_0: 0.03977  loss_dice_0: 1.227  loss_ce_1: 0.1124  loss_mask_1: 0.03011  loss_dice_1: 0.8736  loss_ce_2: 0.1286  loss_mask_2: 0.02648  loss_dice_2: 0.8584  loss_ce_3: 0.1393  loss_mask_3: 0.02754  loss_dice_3: 0.9428  loss_ce_4: 0.09079  loss_mask_4: 0.02762  loss_dice_4: 0.9521  loss_ce_5: 0.05936  loss_mask_5: 0.03318  loss_dice_5: 1.002  loss_ce_6: 0.06956  loss_mask_6: 0.03287  loss_dice_6: 0.964  loss_ce_7: 0.06968  loss_mask_7: 0.02569  loss_dice_7: 0.8068  loss_ce_8: 0.0518  loss_mask_8: 0.02759  loss_dice_8: 0.6989    time: 0.8159  last_time: 0.8224  data_time: 0.1894  last_data_time: 0.1894   lr: 1.2789e-08  max_mem: 12897M
[02/28 02:11:27 d2.utils.events]:  eta: 0:01:47  iter: 9859  total_loss: 6.744  loss_ce: 0.01782  loss_mask: 0.03286  loss_dice: 0.5988  loss_ce_0: 0.1633  loss_mask_0: 0.04355  loss_dice_0: 0.6911  loss_ce_1: 0.0356  loss_mask_1: 0.03973  loss_dice_1: 0.5894  loss_ce_2: 0.03151  loss_mask_2: 0.03443  loss_dice_2: 0.54  loss_ce_3: 0.0272  loss_mask_3: 0.03159  loss_dice_3: 0.6002  loss_ce_4: 0.02008  loss_mask_4: 0.03518  loss_dice_4: 0.5509  loss_ce_5: 0.01874  loss_mask_5: 0.0315  loss_dice_5: 0.566  loss_ce_6: 0.01759  loss_mask_6: 0.03273  loss_dice_6: 0.6112  loss_ce_7: 0.01713  loss_mask_7: 0.03267  loss_dice_7: 0.6741  loss_ce_8: 0.01734  loss_mask_8: 0.03153  loss_dice_8: 0.6107    time: 0.8160  last_time: 0.7561  data_time: 0.1330  last_data_time: 0.1330   lr: 9.8093e-09  max_mem: 12897M
[02/28 02:11:43 d2.utils.events]:  eta: 0:01:32  iter: 9879  total_loss: 8.547  loss_ce: 0.05774  loss_mask: 0.02392  loss_dice: 0.5793  loss_ce_0: 0.1577  loss_mask_0: 0.0319  loss_dice_0: 0.662  loss_ce_1: 0.06515  loss_mask_1: 0.0295  loss_dice_1: 0.775  loss_ce_2: 0.1976  loss_mask_2: 0.03347  loss_dice_2: 0.8072  loss_ce_3: 0.06632  loss_mask_3: 0.03348  loss_dice_3: 0.7837  loss_ce_4: 0.1277  loss_mask_4: 0.03399  loss_dice_4: 0.8905  loss_ce_5: 0.06655  loss_mask_5: 0.03072  loss_dice_5: 0.7945  loss_ce_6: 0.05745  loss_mask_6: 0.02732  loss_dice_6: 0.809  loss_ce_7: 0.05819  loss_mask_7: 0.02596  loss_dice_7: 0.5416  loss_ce_8: 0.05794  loss_mask_8: 0.02749  loss_dice_8: 0.6942    time: 0.8160  last_time: 0.7930  data_time: 0.1704  last_data_time: 0.1704   lr: 7.2242e-09  max_mem: 12897M
[02/28 02:11:59 d2.utils.events]:  eta: 0:01:17  iter: 9899  total_loss: 11.38  loss_ce: 0.06007  loss_mask: 0.05489  loss_dice: 0.982  loss_ce_0: 0.3032  loss_mask_0: 0.08969  loss_dice_0: 1.109  loss_ce_1: 0.1045  loss_mask_1: 0.05785  loss_dice_1: 0.983  loss_ce_2: 0.1247  loss_mask_2: 0.0628  loss_dice_2: 1.098  loss_ce_3: 0.06464  loss_mask_3: 0.05295  loss_dice_3: 0.88  loss_ce_4: 0.06461  loss_mask_4: 0.06081  loss_dice_4: 0.9792  loss_ce_5: 0.06064  loss_mask_5: 0.05561  loss_dice_5: 0.9089  loss_ce_6: 0.06406  loss_mask_6: 0.05547  loss_dice_6: 0.997  loss_ce_7: 0.06418  loss_mask_7: 0.0588  loss_dice_7: 0.8521  loss_ce_8: 0.06124  loss_mask_8: 0.06305  loss_dice_8: 1.012    time: 0.8160  last_time: 0.8080  data_time: 0.1849  last_data_time: 0.1849   lr: 5.0336e-09  max_mem: 12897M
[02/28 02:12:17 d2.utils.events]:  eta: 0:01:01  iter: 9919  total_loss: 8.085  loss_ce: 0.01734  loss_mask: 0.05165  loss_dice: 0.6996  loss_ce_0: 0.168  loss_mask_0: 0.06817  loss_dice_0: 0.9273  loss_ce_1: 0.04685  loss_mask_1: 0.05561  loss_dice_1: 0.6891  loss_ce_2: 0.02993  loss_mask_2: 0.04369  loss_dice_2: 0.6815  loss_ce_3: 0.02277  loss_mask_3: 0.04627  loss_dice_3: 0.7188  loss_ce_4: 0.01964  loss_mask_4: 0.04795  loss_dice_4: 0.6421  loss_ce_5: 0.01897  loss_mask_5: 0.05202  loss_dice_5: 0.6898  loss_ce_6: 0.0183  loss_mask_6: 0.04955  loss_dice_6: 0.7047  loss_ce_7: 0.01705  loss_mask_7: 0.04929  loss_dice_7: 0.7102  loss_ce_8: 0.01706  loss_mask_8: 0.05138  loss_dice_8: 0.731    time: 0.8160  last_time: 0.8262  data_time: 0.1960  last_data_time: 0.1960   lr: 3.2375e-09  max_mem: 12897M
[02/28 02:12:34 d2.utils.events]:  eta: 0:00:46  iter: 9939  total_loss: 11.26  loss_ce: 0.08781  loss_mask: 0.05383  loss_dice: 0.9726  loss_ce_0: 0.204  loss_mask_0: 0.07665  loss_dice_0: 1.044  loss_ce_1: 0.05225  loss_mask_1: 0.05942  loss_dice_1: 1.042  loss_ce_2: 0.09576  loss_mask_2: 0.05932  loss_dice_2: 1.078  loss_ce_3: 0.045  loss_mask_3: 0.05765  loss_dice_3: 0.8845  loss_ce_4: 0.04071  loss_mask_4: 0.05494  loss_dice_4: 1.004  loss_ce_5: 0.08089  loss_mask_5: 0.0583  loss_dice_5: 1.031  loss_ce_6: 0.07622  loss_mask_6: 0.06034  loss_dice_6: 0.8788  loss_ce_7: 0.1167  loss_mask_7: 0.05558  loss_dice_7: 1.063  loss_ce_8: 0.07695  loss_mask_8: 0.05811  loss_dice_8: 0.7933    time: 0.8161  last_time: 0.7616  data_time: 0.1295  last_data_time: 0.1295   lr: 1.8362e-09  max_mem: 12897M
[02/28 02:12:50 d2.utils.events]:  eta: 0:00:30  iter: 9959  total_loss: 8.072  loss_ce: 0.03317  loss_mask: 0.04519  loss_dice: 0.6887  loss_ce_0: 0.3179  loss_mask_0: 0.05385  loss_dice_0: 0.7734  loss_ce_1: 0.06022  loss_mask_1: 0.05292  loss_dice_1: 0.692  loss_ce_2: 0.06841  loss_mask_2: 0.04595  loss_dice_2: 0.702  loss_ce_3: 0.04209  loss_mask_3: 0.05447  loss_dice_3: 0.7503  loss_ce_4: 0.1113  loss_mask_4: 0.04862  loss_dice_4: 0.6072  loss_ce_5: 0.03691  loss_mask_5: 0.05225  loss_dice_5: 0.6745  loss_ce_6: 0.04237  loss_mask_6: 0.04266  loss_dice_6: 0.625  loss_ce_7: 0.03366  loss_mask_7: 0.05005  loss_dice_7: 0.6439  loss_ce_8: 0.03362  loss_mask_8: 0.04907  loss_dice_8: 0.6408    time: 0.8161  last_time: 0.7416  data_time: 0.1247  last_data_time: 0.1247   lr: 8.2953e-10  max_mem: 12897M
[02/28 02:13:06 d2.utils.events]:  eta: 0:00:15  iter: 9979  total_loss: 7.284  loss_ce: 0.01688  loss_mask: 0.04364  loss_dice: 0.6353  loss_ce_0: 0.1633  loss_mask_0: 0.07801  loss_dice_0: 0.8388  loss_ce_1: 0.02742  loss_mask_1: 0.04609  loss_dice_1: 0.723  loss_ce_2: 0.02876  loss_mask_2: 0.04572  loss_dice_2: 0.6436  loss_ce_3: 0.02018  loss_mask_3: 0.0536  loss_dice_3: 0.6219  loss_ce_4: 0.01691  loss_mask_4: 0.04753  loss_dice_4: 0.5592  loss_ce_5: 0.01676  loss_mask_5: 0.05337  loss_dice_5: 0.5785  loss_ce_6: 0.01576  loss_mask_6: 0.05192  loss_dice_6: 0.619  loss_ce_7: 0.01594  loss_mask_7: 0.05385  loss_dice_7: 0.6019  loss_ce_8: 0.01617  loss_mask_8: 0.05327  loss_dice_8: 0.5982    time: 0.8160  last_time: 0.7533  data_time: 0.1326  last_data_time: 0.1326   lr: 2.1762e-10  max_mem: 12897M
[02/28 02:13:23 fvcore.common.checkpoint]: Saving checkpoint to /mnt/data/mis2025/group_6/Parameter/trained_para/graphene_mid_finetune/model_0009999.pth
[02/28 02:13:24 fvcore.common.checkpoint]: Saving checkpoint to /mnt/data/mis2025/group_6/Parameter/trained_para/graphene_mid_finetune/model_final.pth
[02/28 02:13:24 d2.utils.events]:  eta: 0:00:00  iter: 9999  total_loss: 10  loss_ce: 0.09263  loss_mask: 0.04338  loss_dice: 0.7687  loss_ce_0: 0.4812  loss_mask_0: 0.04814  loss_dice_0: 0.9294  loss_ce_1: 0.1106  loss_mask_1: 0.05085  loss_dice_1: 0.9626  loss_ce_2: 0.1767  loss_mask_2: 0.04208  loss_dice_2: 0.8334  loss_ce_3: 0.06927  loss_mask_3: 0.04053  loss_dice_3: 0.8447  loss_ce_4: 0.05903  loss_mask_4: 0.04312  loss_dice_4: 0.8141  loss_ce_5: 0.05393  loss_mask_5: 0.04051  loss_dice_5: 0.7266  loss_ce_6: 0.1017  loss_mask_6: 0.0396  loss_dice_6: 0.7403  loss_ce_7: 0.08286  loss_mask_7: 0.04156  loss_dice_7: 0.7515  loss_ce_8: 0.1245  loss_mask_8: 0.04331  loss_dice_8: 0.8449    time: 0.8161  last_time: 1.0999  data_time: 0.4767  last_data_time: 0.4767   lr: 4.9348e-13  max_mem: 12897M
[02/28 02:13:25 d2.engine.hooks]: Overall training speed: 9998 iterations in 2:15:59 (0.8161 s / it)
[02/28 02:13:25 d2.engine.hooks]: Total training time: 2:17:21 (0:01:22 on hooks)
