nohup: ignoring input
Command Line Args: Namespace(config_file='configs/M2F/base_config_old.yaml', resume=False, num_gpus=1, num_machines=1, machine_rank=0, pretraining_augmentations=False, train_image_root='/mnt/data/mis2025/group_6/Data/graphene.v4i.coco/train', train_annotation_path='/mnt/data/mis2025/group_6/Data/graphene.v4i.coco/train/_annotations_rle_1class.coco.json', train_mode='normal', diffusion_train_image_root=None, diffusion_train_annotation_path=None, dist_url='auto', opts=['OUTPUT_DIR', '/mnt/data/mis2025/group_6/Parameter/trained_para/graphene_mid_finetune_v2', 'MODEL.WEIGHTS', '/mnt/data/mis2025/group_6/Parameter/pre_train_para/graphene_mid/model_final.pth'])
[03/18 00:50:59 detectron2]: Rank of current process: 0. World size: 1
[03/18 00:51:00 detectron2]: Environment info:
-------------------------------  ----------------------------------------------------------------------------------------------------------
sys.platform                     linux
Python                           3.12.12 | packaged by Anaconda, Inc. | (main, Oct 21 2025, 20:16:04) [GCC 11.2.0]
numpy                            2.1.2
detectron2                       0.6 @/mnt/data/mis2025/group_6/anaconda3/envs/maskterial/lib/python3.12/site-packages/detectron2
Compiler                         GCC 9.4
CUDA compiler                    CUDA 11.6
detectron2 arch flags            8.6
DETECTRON2_ENV_MODULE            <not set>
PyTorch                          2.5.1+cu118 @/mnt/data/mis2025/group_6/anaconda3/envs/maskterial/lib/python3.12/site-packages/torch
PyTorch debug build              False
torch._C._GLIBCXX_USE_CXX11_ABI  False
GPU available                    Yes
GPU 0                            NVIDIA GeForce RTX 3090 (arch=8.6)
Driver version                   555.42.02
CUDA_HOME                        /usr/local/cuda-11.6
Pillow                           11.3.0
torchvision                      0.20.1+cu118 @/mnt/data/mis2025/group_6/anaconda3/envs/maskterial/lib/python3.12/site-packages/torchvision
torchvision arch flags           3.5, 5.0, 6.0, 7.0, 7.5, 8.0, 8.6
fvcore                           0.1.5.post20221221
iopath                           0.1.9
cv2                              4.10.0
-------------------------------  ----------------------------------------------------------------------------------------------------------
PyTorch built with:
  - GCC 9.3
  - C++ Version: 201703
  - Intel(R) oneAPI Math Kernel Library Version 2024.2-Product Build 20240605 for Intel(R) 64 architecture applications
  - Intel(R) MKL-DNN v3.5.3 (Git Hash 66f0cb9eb66affd2da3bf5f8d897376f04aae6af)
  - OpenMP 201511 (a.k.a. OpenMP 4.5)
  - LAPACK is enabled (usually provided by MKL)
  - NNPACK is enabled
  - CPU capability usage: AVX2
  - CUDA Runtime 11.8
  - NVCC architecture flags: -gencode;arch=compute_50,code=sm_50;-gencode;arch=compute_60,code=sm_60;-gencode;arch=compute_70,code=sm_70;-gencode;arch=compute_75,code=sm_75;-gencode;arch=compute_80,code=sm_80;-gencode;arch=compute_86,code=sm_86;-gencode;arch=compute_37,code=sm_37;-gencode;arch=compute_90,code=sm_90
  - CuDNN 90.1
  - Magma 2.6.1
  - Build settings: BLAS_INFO=mkl, BUILD_TYPE=Release, CUDA_VERSION=11.8, CUDNN_VERSION=9.1.0, CXX_COMPILER=/opt/rh/devtoolset-9/root/usr/bin/c++, CXX_FLAGS= -D_GLIBCXX_USE_CXX11_ABI=0 -fabi-version=11 -fvisibility-inlines-hidden -DUSE_PTHREADPOOL -DNDEBUG -DUSE_KINETO -DLIBKINETO_NOROCTRACER -DLIBKINETO_NOXPUPTI=ON -DUSE_FBGEMM -DUSE_PYTORCH_QNNPACK -DUSE_XNNPACK -DSYMBOLICATE_MOBILE_DEBUG_HANDLE -O2 -fPIC -Wall -Wextra -Werror=return-type -Werror=non-virtual-dtor -Werror=bool-operation -Wnarrowing -Wno-missing-field-initializers -Wno-type-limits -Wno-array-bounds -Wno-unknown-pragmas -Wno-unused-parameter -Wno-strict-overflow -Wno-strict-aliasing -Wno-stringop-overflow -Wsuggest-override -Wno-psabi -Wno-error=old-style-cast -Wno-missing-braces -fdiagnostics-color=always -faligned-new -Wno-unused-but-set-variable -Wno-maybe-uninitialized -fno-math-errno -fno-trapping-math -Werror=format -Wno-stringop-overflow, LAPACK_INFO=mkl, PERF_WITH_AVX=1, PERF_WITH_AVX2=1, TORCH_VERSION=2.5.1, USE_CUDA=ON, USE_CUDNN=ON, USE_CUSPARSELT=1, USE_EXCEPTION_PTR=1, USE_GFLAGS=OFF, USE_GLOG=OFF, USE_GLOO=ON, USE_MKL=ON, USE_MKLDNN=ON, USE_MPI=OFF, USE_NCCL=1, USE_NNPACK=ON, USE_OPENMP=ON, USE_ROCM=OFF, USE_ROCM_KERNEL_ASSERT=OFF, 

[03/18 00:51:00 detectron2]: Command line arguments: Namespace(config_file='configs/M2F/base_config_old.yaml', resume=False, num_gpus=1, num_machines=1, machine_rank=0, pretraining_augmentations=False, train_image_root='/mnt/data/mis2025/group_6/Data/graphene.v4i.coco/train', train_annotation_path='/mnt/data/mis2025/group_6/Data/graphene.v4i.coco/train/_annotations_rle_1class.coco.json', train_mode='normal', diffusion_train_image_root=None, diffusion_train_annotation_path=None, dist_url='auto', opts=['OUTPUT_DIR', '/mnt/data/mis2025/group_6/Parameter/trained_para/graphene_mid_finetune_v2', 'MODEL.WEIGHTS', '/mnt/data/mis2025/group_6/Parameter/pre_train_para/graphene_mid/model_final.pth'])
[03/18 00:51:00 detectron2]: Contents of args.config_file=configs/M2F/base_config_old.yaml:
[38;5;204mMODEL[39m[38;5;15m:[39m
[38;5;15m  [39m[38;5;204mMASK_ON[39m[38;5;15m:[39m[38;5;15m [39m[38;5;141mTrue[39m
[38;5;15m  [39m[38;5;204mPIXEL_MEAN[39m[38;5;15m:[39m
[38;5;15m    [39m[38;5;15m-[39m[38;5;15m [39m[38;5;141m107.0[39m
[38;5;15m    [39m[38;5;15m-[39m[38;5;15m [39m[38;5;141m148.0[39m
[38;5;15m    [39m[38;5;15m-[39m[38;5;15m [39m[38;5;141m85.0[39m
[38;5;15m  [39m[38;5;204mPIXEL_STD[39m[38;5;15m:[39m
[38;5;15m    [39m[38;5;15m-[39m[38;5;15m [39m[38;5;141m33.0[39m
[38;5;15m    [39m[38;5;15m-[39m[38;5;15m [39m[38;5;141m34.0[39m
[38;5;15m    [39m[38;5;15m-[39m[38;5;15m [39m[38;5;141m40.0[39m
[38;5;15m  [39m[38;5;245m# WEIGHTS: "detectron2://ImageNetPretrained/torchvision/R-50.pkl"[39m
[38;5;15m  [39m[38;5;204mWEIGHTS[39m[38;5;15m:[39m[38;5;15m [39m[38;5;186m"[39m[38;5;186m./models/segmentation_models/pretrained_M2F/model_final.pth[39m[38;5;186m"[39m[38;5;15m [39m[38;5;245m# You may need to change this path to point to your pretrained model[39m
[38;5;15m  [39m[38;5;204mMETA_ARCHITECTURE[39m[38;5;15m:[39m[38;5;15m [39m[38;5;186m"[39m[38;5;186mMaskFormer[39m[38;5;186m"[39m
[38;5;15m  [39m[38;5;204mSEM_SEG_HEAD[39m[38;5;15m:[39m
[38;5;15m    [39m[38;5;204mNAME[39m[38;5;15m:[39m[38;5;15m [39m[38;5;186m"[39m[38;5;186mMaskFormerHead[39m[38;5;186m"[39m
[38;5;15m    [39m[38;5;204mIGNORE_VALUE[39m[38;5;15m:[39m[38;5;15m [39m[38;5;141m255[39m
[38;5;15m    [39m[38;5;204mNUM_CLASSES[39m[38;5;15m:[39m[38;5;15m [39m[38;5;141m1[39m[38;5;15m [39m[38;5;245m# set to 1 for instance segmentation of only foreground[39m
[38;5;15m    [39m[38;5;204mLOSS_WEIGHT[39m[38;5;15m:[39m[38;5;15m [39m[38;5;141m1.0[39m
[38;5;15m    [39m[38;5;204mCONVS_DIM[39m[38;5;15m:[39m[38;5;15m [39m[38;5;141m256[39m
[38;5;15m    [39m[38;5;204mMASK_DIM[39m[38;5;15m:[39m[38;5;15m [39m[38;5;141m256[39m
[38;5;15m    [39m[38;5;204mNORM[39m[38;5;15m:[39m[38;5;15m [39m[38;5;186m"[39m[38;5;186mGN[39m[38;5;186m"[39m
[38;5;15m    [39m[38;5;245m# pixel decoder[39m
[38;5;15m    [39m[38;5;204mPIXEL_DECODER_NAME[39m[38;5;15m:[39m[38;5;15m [39m[38;5;186m"[39m[38;5;186mMSDeformAttnPixelDecoder[39m[38;5;186m"[39m
[38;5;15m    [39m[38;5;204mIN_FEATURES[39m[38;5;15m:[39m[38;5;15m [39m[38;5;15m[[39m[38;5;186m"[39m[38;5;186mres2[39m[38;5;186m"[39m[38;5;15m,[39m[38;5;15m [39m[38;5;186m"[39m[38;5;186mres3[39m[38;5;186m"[39m[38;5;15m,[39m[38;5;15m [39m[38;5;186m"[39m[38;5;186mres4[39m[38;5;186m"[39m[38;5;15m,[39m[38;5;15m [39m[38;5;186m"[39m[38;5;186mres5[39m[38;5;186m"[39m[38;5;15m][39m
[38;5;15m    [39m[38;5;204mDEFORMABLE_TRANSFORMER_ENCODER_IN_FEATURES[39m[38;5;15m:[39m[38;5;15m [39m[38;5;15m[[39m[38;5;186m"[39m[38;5;186mres3[39m[38;5;186m"[39m[38;5;15m,[39m[38;5;15m [39m[38;5;186m"[39m[38;5;186mres4[39m[38;5;186m"[39m[38;5;15m,[39m[38;5;15m [39m[38;5;186m"[39m[38;5;186mres5[39m[38;5;186m"[39m[38;5;15m][39m
[38;5;15m    [39m[38;5;204mCOMMON_STRIDE[39m[38;5;15m:[39m[38;5;15m [39m[38;5;141m4[39m
[38;5;15m    [39m[38;5;204mTRANSFORMER_ENC_LAYERS[39m[38;5;15m:[39m[38;5;15m [39m[38;5;141m6[39m
[38;5;15m  [39m[38;5;204mMASK_FORMER[39m[38;5;15m:[39m
[38;5;15m    [39m[38;5;204mTRANSFORMER_DECODER_NAME[39m[38;5;15m:[39m[38;5;15m [39m[38;5;186m"[39m[38;5;186mMultiScaleMaskedTransformerDecoder[39m[38;5;186m"[39m
[38;5;15m    [39m[38;5;204mTRANSFORMER_IN_FEATURE[39m[38;5;15m:[39m[38;5;15m [39m[38;5;186m"[39m[38;5;186mmulti_scale_pixel_decoder[39m[38;5;186m"[39m
[38;5;15m    [39m[38;5;204mDEEP_SUPERVISION[39m[38;5;15m:[39m[38;5;15m [39m[38;5;141mTrue[39m
[38;5;15m    [39m[38;5;204mNO_OBJECT_WEIGHT[39m[38;5;15m:[39m[38;5;15m [39m[38;5;141m0.1[39m
[38;5;15m    [39m[38;5;204mCLASS_WEIGHT[39m[38;5;15m:[39m[38;5;15m [39m[38;5;141m2.0[39m
[38;5;15m    [39m[38;5;204mMASK_WEIGHT[39m[38;5;15m:[39m[38;5;15m [39m[38;5;141m5.0[39m
[38;5;15m    [39m[38;5;204mDICE_WEIGHT[39m[38;5;15m:[39m[38;5;15m [39m[38;5;141m5.0[39m
[38;5;15m    [39m[38;5;204mHIDDEN_DIM[39m[38;5;15m:[39m[38;5;15m [39m[38;5;141m256[39m
[38;5;15m    [39m[38;5;204mNUM_OBJECT_QUERIES[39m[38;5;15m:[39m[38;5;15m [39m[38;5;141m100[39m
[38;5;15m    [39m[38;5;204mNHEADS[39m[38;5;15m:[39m[38;5;15m [39m[38;5;141m8[39m
[38;5;15m    [39m[38;5;204mDROPOUT[39m[38;5;15m:[39m[38;5;15m [39m[38;5;141m0.0[39m
[38;5;15m    [39m[38;5;204mDIM_FEEDFORWARD[39m[38;5;15m:[39m[38;5;15m [39m[38;5;141m2048[39m
[38;5;15m    [39m[38;5;204mENC_LAYERS[39m[38;5;15m:[39m[38;5;15m [39m[38;5;141m0[39m
[38;5;15m    [39m[38;5;204mPRE_NORM[39m[38;5;15m:[39m[38;5;15m [39m[38;5;141mFalse[39m
[38;5;15m    [39m[38;5;204mENFORCE_INPUT_PROJ[39m[38;5;15m:[39m[38;5;15m [39m[38;5;141mFalse[39m
[38;5;15m    [39m[38;5;204mSIZE_DIVISIBILITY[39m[38;5;15m:[39m[38;5;15m [39m[38;5;141m32[39m
[38;5;15m    [39m[38;5;204mDEC_LAYERS[39m[38;5;15m:[39m[38;5;15m [39m[38;5;141m10[39m[38;5;15m [39m[38;5;245m# 9 decoder layers, add one for the loss on learnable query[39m
[38;5;15m    [39m[38;5;204mTRAIN_NUM_POINTS[39m[38;5;15m:[39m[38;5;15m [39m[38;5;141m12544[39m
[38;5;15m    [39m[38;5;204mOVERSAMPLE_RATIO[39m[38;5;15m:[39m[38;5;15m [39m[38;5;141m3.0[39m
[38;5;15m    [39m[38;5;204mIMPORTANCE_SAMPLE_RATIO[39m[38;5;15m:[39m[38;5;15m [39m[38;5;141m0.75[39m
[38;5;15m    [39m[38;5;204mTEST[39m[38;5;15m:[39m
[38;5;15m      [39m[38;5;204mSEMANTIC_ON[39m[38;5;15m:[39m[38;5;15m [39m[38;5;141mFalse[39m
[38;5;15m      [39m[38;5;204mINSTANCE_ON[39m[38;5;15m:[39m[38;5;15m [39m[38;5;141mTrue[39m
[38;5;15m      [39m[38;5;204mPANOPTIC_ON[39m[38;5;15m:[39m[38;5;15m [39m[38;5;141mFalse[39m
[38;5;15m      [39m[38;5;204mOVERLAP_THRESHOLD[39m[38;5;15m:[39m[38;5;15m [39m[38;5;141m0.8[39m
[38;5;15m      [39m[38;5;204mOBJECT_MASK_THRESHOLD[39m[38;5;15m:[39m[38;5;15m [39m[38;5;141m0.8[39m
[38;5;15m  [39m[38;5;204mBACKBONE[39m[38;5;15m:[39m
[38;5;15m    [39m[38;5;204mFREEZE_AT[39m[38;5;15m:[39m[38;5;15m [39m[38;5;141m10[39m[38;5;15m [39m[38;5;245m# freeze the entire backbone[39m
[38;5;15m    [39m[38;5;204mNAME[39m[38;5;15m:[39m[38;5;15m [39m[38;5;186m"[39m[38;5;186mbuild_resnet_backbone[39m[38;5;186m"[39m
[38;5;15m  [39m[38;5;204mRESNETS[39m[38;5;15m:[39m
[38;5;15m    [39m[38;5;204mDEPTH[39m[38;5;15m:[39m[38;5;15m [39m[38;5;141m50[39m
[38;5;15m    [39m[38;5;204mSTEM_OUT_CHANNELS[39m[38;5;15m:[39m[38;5;15m [39m[38;5;141m64[39m
[38;5;15m    [39m[38;5;204mSTRIDE_IN_1X1[39m[38;5;15m:[39m[38;5;15m [39m[38;5;141mFalse[39m
[38;5;15m    [39m[38;5;204mOUT_FEATURES[39m[38;5;15m:[39m[38;5;15m [39m[38;5;15m[[39m[38;5;186m"[39m[38;5;186mres2[39m[38;5;186m"[39m[38;5;15m,[39m[38;5;15m [39m[38;5;186m"[39m[38;5;186mres3[39m[38;5;186m"[39m[38;5;15m,[39m[38;5;15m [39m[38;5;186m"[39m[38;5;186mres4[39m[38;5;186m"[39m[38;5;15m,[39m[38;5;15m [39m[38;5;186m"[39m[38;5;186mres5[39m[38;5;186m"[39m[38;5;15m][39m
[38;5;204mSOLVER[39m[38;5;15m:[39m
[38;5;15m  [39m[38;5;204mIMS_PER_BATCH[39m[38;5;15m:[39m[38;5;15m [39m[38;5;141m16[39m
[38;5;15m [39m
[38;5;15m  [39m[38;5;245m#BASE_LR: 0.00001[39m
[38;5;15m  [39m[38;5;245m#MAX_ITER: 1000 #(500次迭代似乎不能使loss收敛，适当调大)[39m
[38;5;15m  [39m[38;5;245m#CHECKPOINT_PERIOD: 10000[39m
[38;5;15m  [39m[38;5;245m#WEIGHT_DECAY: 0.05[39m
[38;5;15m  [39m[38;5;245m#WARMUP_FACTOR: 1.0 # disable warmup[39m
[38;5;15m  [39m[38;5;245m#WARMUP_ITERS: 0[39m

[38;5;15m  [39m[38;5;245m# --- 学习率策略核心区 ---[39m
[38;5;15m  [39m[38;5;204mBASE_LR[39m[38;5;15m:[39m[38;5;15m [39m[38;5;141m0.00005[39m[38;5;15m  [39m[38;5;245m# 初始学习率可以稍微大一点，因为后面会自动下降[39m
[38;5;15m  [39m[38;5;204mMAX_ITER[39m[38;5;15m:[39m[38;5;15m [39m[38;5;141m10000[39m[38;5;15m   [39m[38;5;245m# 大大增加总训练迭代次数，给模型充分学习的时间[39m

[38;5;15m  [39m[38;5;204mLR_SCHEDULER_NAME[39m[38;5;15m:[39m[38;5;15m [39m[38;5;186m"[39m[38;5;186mWarmupCosineLR[39m[38;5;186m"[39m

[38;5;15m  [39m[38;5;204mWARMUP_ITERS[39m[38;5;15m:[39m[38;5;15m [39m[38;5;141m500[39m[38;5;15m     [39m[38;5;245m# 在前500次迭代中进行“热身”[39m
[38;5;15m  [39m[38;5;204mWARMUP_FACTOR[39m[38;5;15m:[39m[38;5;15m [39m[38;5;141m0.001[39m[38;5;15m [39m[38;5;245m# 热身从一个很小的值开始[39m
[38;5;15m  [39m[38;5;204mWARMUP_METHOD[39m[38;5;15m:[39m[38;5;15m [39m[38;5;186m"[39m[38;5;186mlinear[39m[38;5;186m"[39m
[38;5;15m  [39m[38;5;245m# --- 学习率策略结束 ---[39m
[38;5;15m  [39m[38;5;204mCHECKPOINT_PERIOD[39m[38;5;15m:[39m[38;5;15m [39m[38;5;141m5000[39m[38;5;15m [39m[38;5;245m# 可以设一个检查点，比如每5000次保存一下模型，以防中断[39m
[38;5;15m  [39m[38;5;204mWEIGHT_DECAY[39m[38;5;15m:[39m[38;5;15m [39m[38;5;141m0.05[39m
[38;5;15m  [39m[38;5;204mOPTIMIZER[39m[38;5;15m:[39m[38;5;15m [39m[38;5;186m"[39m[38;5;186mADAMW[39m[38;5;186m"[39m
[38;5;15m  [39m[38;5;204mCLIP_GRADIENTS[39m[38;5;15m:[39m
[38;5;15m    [39m[38;5;204mENABLED[39m[38;5;15m:[39m[38;5;15m [39m[38;5;141mTrue[39m
[38;5;15m    [39m[38;5;204mCLIP_TYPE[39m[38;5;15m:[39m[38;5;15m [39m[38;5;186m"[39m[38;5;186mfull_model[39m[38;5;186m"[39m
[38;5;15m    [39m[38;5;204mCLIP_VALUE[39m[38;5;15m:[39m[38;5;15m [39m[38;5;141m0.01[39m
[38;5;15m    [39m[38;5;204mNORM_TYPE[39m[38;5;15m:[39m[38;5;15m [39m[38;5;141m2.0[39m
[38;5;15m  [39m[38;5;204mAMP[39m[38;5;15m:[39m
[38;5;15m    [39m[38;5;204mENABLED[39m[38;5;15m:[39m[38;5;15m [39m[38;5;141mFalse[39m[38;5;15m [39m[38;5;245m# 如果你的GPU支持，可以设为True来加速训练[39m
[38;5;15m  [39m
[38;5;15m  [39m[38;5;245m#OPTIMIZER: "ADAMW"[39m
[38;5;15m  [39m[38;5;245m#CLIP_GRADIENTS:[39m
[38;5;15m    [39m[38;5;245m#ENABLED: True[39m
[38;5;15m    [39m[38;5;245m#CLIP_TYPE: "full_model"[39m
[38;5;15m    [39m[38;5;245m#CLIP_VALUE: 0.01[39m
[38;5;15m    [39m[38;5;245m#NORM_TYPE: 2.0[39m
[38;5;15m  [39m[38;5;245m#AMP:[39m
[38;5;15m    [39m[38;5;245m#ENABLED: False[39m
[38;5;204mTEST[39m[38;5;15m:[39m
[38;5;15m  [39m[38;5;204mEVAL_PERIOD[39m[38;5;15m:[39m[38;5;15m [39m[38;5;141m50000[39m[38;5;15m [39m[38;5;245m# dont evaluate during training[39m
[38;5;204mDATALOADER[39m[38;5;15m:[39m
[38;5;15m  [39m[38;5;204mFILTER_EMPTY_ANNOTATIONS[39m[38;5;15m:[39m[38;5;15m [39m[38;5;141mFalse[39m
[38;5;15m  [39m[38;5;204mNUM_WORKERS[39m[38;5;15m:[39m[38;5;15m [39m[38;5;141m6[39m
[38;5;204mINPUT[39m[38;5;15m:[39m
[38;5;15m  [39m[38;5;204mSIZE_DIVISIBILITY[39m[38;5;15m:[39m[38;5;15m [39m[38;5;141m-1[39m
[38;5;15m  [39m[38;5;204mMASK_FORMAT[39m[38;5;15m:[39m[38;5;15m [39m[38;5;186m"[39m[38;5;186mbitmask[39m[38;5;186m"[39m
[38;5;15m  [39m[38;5;204mMIN_SIZE_TEST[39m[38;5;15m:[39m[38;5;15m [39m[38;5;141m0[39m[38;5;15m [39m[38;5;245m# disable resizing during testing[39m
[38;5;15m  [39m[38;5;204mFORMAT[39m[38;5;15m:[39m[38;5;15m [39m[38;5;186m"[39m[38;5;186mBGR[39m[38;5;186m"[39m
[38;5;15m  [39m[38;5;204mCROP[39m[38;5;15m:[39m
[38;5;15m    [39m[38;5;204mENABLED[39m[38;5;15m:[39m[38;5;15m [39m[38;5;141mfalse[39m
[38;5;204mSEED[39m[38;5;15m:[39m[38;5;15m [39m[38;5;141m42[39m
[38;5;204mVERSION[39m[38;5;15m:[39m[38;5;15m [39m[38;5;141m2[39m
[38;5;204mDATASETS[39m[38;5;15m:[39m
[38;5;15m  [39m[38;5;204mTRAIN[39m[38;5;15m:[39m[38;5;15m [39m[38;5;141m("Maskterial_Dataset",)[39m

[03/18 00:51:00 detectron2]: Running with full config:
[38;5;204mCUDNN_BENCHMARK[39m[38;5;15m:[39m[38;5;15m [39m[38;5;141mfalse[39m
[38;5;204mDATALOADER[39m[38;5;15m:[39m
[38;5;15m  [39m[38;5;204mASPECT_RATIO_GROUPING[39m[38;5;15m:[39m[38;5;15m [39m[38;5;141mtrue[39m
[38;5;15m  [39m[38;5;204mFILTER_EMPTY_ANNOTATIONS[39m[38;5;15m:[39m[38;5;15m [39m[38;5;141mfalse[39m
[38;5;15m  [39m[38;5;204mNUM_WORKERS[39m[38;5;15m:[39m[38;5;15m [39m[38;5;141m6[39m
[38;5;15m  [39m[38;5;204mREPEAT_SQRT[39m[38;5;15m:[39m[38;5;15m [39m[38;5;141mtrue[39m
[38;5;15m  [39m[38;5;204mREPEAT_THRESHOLD[39m[38;5;15m:[39m[38;5;15m [39m[38;5;141m0.0[39m
[38;5;15m  [39m[38;5;204mSAMPLER_TRAIN[39m[38;5;15m:[39m[38;5;15m [39m[38;5;141mTrainingSampler[39m
[38;5;204mDATASETS[39m[38;5;15m:[39m
[38;5;15m  [39m[38;5;204mPRECOMPUTED_PROPOSAL_TOPK_TEST[39m[38;5;15m:[39m[38;5;15m [39m[38;5;141m1000[39m
[38;5;15m  [39m[38;5;204mPRECOMPUTED_PROPOSAL_TOPK_TRAIN[39m[38;5;15m:[39m[38;5;15m [39m[38;5;141m2000[39m
[38;5;15m  [39m[38;5;204mPROPOSAL_FILES_TEST[39m[38;5;15m:[39m[38;5;15m [39m[38;5;15m[[39m[38;5;15m][39m
[38;5;15m  [39m[38;5;204mPROPOSAL_FILES_TRAIN[39m[38;5;15m:[39m[38;5;15m [39m[38;5;15m[[39m[38;5;15m][39m
[38;5;15m  [39m[38;5;204mTEST[39m[38;5;15m:[39m[38;5;15m [39m[38;5;15m[[39m[38;5;15m][39m
[38;5;15m  [39m[38;5;204mTRAIN[39m[38;5;15m:[39m
[38;5;15m  [39m[38;5;15m-[39m[38;5;15m [39m[38;5;141mMaskterial_Dataset[39m
[38;5;204mFLOAT32_PRECISION[39m[38;5;15m:[39m[38;5;15m [39m[38;5;186m'[39m[38;5;186m'[39m
[38;5;204mGLOBAL[39m[38;5;15m:[39m
[38;5;15m  [39m[38;5;204mHACK[39m[38;5;15m:[39m[38;5;15m [39m[38;5;141m1.0[39m
[38;5;204mINPUT[39m[38;5;15m:[39m
[38;5;15m  [39m[38;5;204mCROP[39m[38;5;15m:[39m
[38;5;15m    [39m[38;5;204mENABLED[39m[38;5;15m:[39m[38;5;15m [39m[38;5;141mfalse[39m
[38;5;15m    [39m[38;5;204mSINGLE_CATEGORY_MAX_AREA[39m[38;5;15m:[39m[38;5;15m [39m[38;5;141m1.0[39m
[38;5;15m    [39m[38;5;204mSIZE[39m[38;5;15m:[39m
[38;5;15m    [39m[38;5;15m-[39m[38;5;15m [39m[38;5;141m0.9[39m
[38;5;15m    [39m[38;5;15m-[39m[38;5;15m [39m[38;5;141m0.9[39m
[38;5;15m    [39m[38;5;204mTYPE[39m[38;5;15m:[39m[38;5;15m [39m[38;5;141mrelative_range[39m
[38;5;15m  [39m[38;5;204mFORMAT[39m[38;5;15m:[39m[38;5;15m [39m[38;5;141mBGR[39m
[38;5;15m  [39m[38;5;204mMASK_FORMAT[39m[38;5;15m:[39m[38;5;15m [39m[38;5;141mbitmask[39m
[38;5;15m  [39m[38;5;204mMAX_SIZE_TEST[39m[38;5;15m:[39m[38;5;15m [39m[38;5;141m1333[39m
[38;5;15m  [39m[38;5;204mMAX_SIZE_TRAIN[39m[38;5;15m:[39m[38;5;15m [39m[38;5;141m1333[39m
[38;5;15m  [39m[38;5;204mMIN_SIZE_TEST[39m[38;5;15m:[39m[38;5;15m [39m[38;5;141m0[39m
[38;5;15m  [39m[38;5;204mMIN_SIZE_TRAIN[39m[38;5;15m:[39m
[38;5;15m  [39m[38;5;15m-[39m[38;5;15m [39m[38;5;141m800[39m
[38;5;15m  [39m[38;5;204mMIN_SIZE_TRAIN_SAMPLING[39m[38;5;15m:[39m[38;5;15m [39m[38;5;141mchoice[39m
[38;5;15m  [39m[38;5;204mRANDOM_FLIP[39m[38;5;15m:[39m[38;5;15m [39m[38;5;141mhorizontal[39m
[38;5;15m  [39m[38;5;204mSIZE_DIVISIBILITY[39m[38;5;15m:[39m[38;5;15m [39m[38;5;141m-1[39m
[38;5;204mMODEL[39m[38;5;15m:[39m
[38;5;15m  [39m[38;5;204mANCHOR_GENERATOR[39m[38;5;15m:[39m
[38;5;15m    [39m[38;5;204mANGLES[39m[38;5;15m:[39m
[38;5;15m    [39m[38;5;15m-[39m[38;5;15m [39m[38;5;15m-[39m[38;5;15m [39m[38;5;141m-90[39m
[38;5;15m      [39m[38;5;15m-[39m[38;5;15m [39m[38;5;141m0[39m
[38;5;15m      [39m[38;5;15m-[39m[38;5;15m [39m[38;5;141m90[39m
[38;5;15m    [39m[38;5;204mASPECT_RATIOS[39m[38;5;15m:[39m
[38;5;15m    [39m[38;5;15m-[39m[38;5;15m [39m[38;5;15m-[39m[38;5;15m [39m[38;5;141m0.5[39m
[38;5;15m      [39m[38;5;15m-[39m[38;5;15m [39m[38;5;141m1.0[39m
[38;5;15m      [39m[38;5;15m-[39m[38;5;15m [39m[38;5;141m2.0[39m
[38;5;15m    [39m[38;5;204mNAME[39m[38;5;15m:[39m[38;5;15m [39m[38;5;141mDefaultAnchorGenerator[39m
[38;5;15m    [39m[38;5;204mOFFSET[39m[38;5;15m:[39m[38;5;15m [39m[38;5;141m0.0[39m
[38;5;15m    [39m[38;5;204mSIZES[39m[38;5;15m:[39m
[38;5;15m    [39m[38;5;15m-[39m[38;5;15m [39m[38;5;15m-[39m[38;5;15m [39m[38;5;141m32[39m
[38;5;15m      [39m[38;5;15m-[39m[38;5;15m [39m[38;5;141m64[39m
[38;5;15m      [39m[38;5;15m-[39m[38;5;15m [39m[38;5;141m128[39m
[38;5;15m      [39m[38;5;15m-[39m[38;5;15m [39m[38;5;141m256[39m
[38;5;15m      [39m[38;5;15m-[39m[38;5;15m [39m[38;5;141m512[39m
[38;5;15m  [39m[38;5;204mBACKBONE[39m[38;5;15m:[39m
[38;5;15m    [39m[38;5;204mFREEZE_AT[39m[38;5;15m:[39m[38;5;15m [39m[38;5;141m10[39m
[38;5;15m    [39m[38;5;204mNAME[39m[38;5;15m:[39m[38;5;15m [39m[38;5;141mbuild_resnet_backbone[39m
[38;5;15m  [39m[38;5;204mDEVICE[39m[38;5;15m:[39m[38;5;15m [39m[38;5;141mcuda[39m
[38;5;15m  [39m[38;5;204mFPN[39m[38;5;15m:[39m
[38;5;15m    [39m[38;5;204mFUSE_TYPE[39m[38;5;15m:[39m[38;5;15m [39m[38;5;141msum[39m
[38;5;15m    [39m[38;5;204mIN_FEATURES[39m[38;5;15m:[39m[38;5;15m [39m[38;5;15m[[39m[38;5;15m][39m
[38;5;15m    [39m[38;5;204mNORM[39m[38;5;15m:[39m[38;5;15m [39m[38;5;186m'[39m[38;5;186m'[39m
[38;5;15m    [39m[38;5;204mOUT_CHANNELS[39m[38;5;15m:[39m[38;5;15m [39m[38;5;141m256[39m
[38;5;15m  [39m[38;5;204mKEYPOINT_ON[39m[38;5;15m:[39m[38;5;15m [39m[38;5;141mfalse[39m
[38;5;15m  [39m[38;5;204mLOAD_PROPOSALS[39m[38;5;15m:[39m[38;5;15m [39m[38;5;141mfalse[39m
[38;5;15m  [39m[38;5;204mMASK_FORMER[39m[38;5;15m:[39m
[38;5;15m    [39m[38;5;204mCLASS_WEIGHT[39m[38;5;15m:[39m[38;5;15m [39m[38;5;141m2.0[39m
[38;5;15m    [39m[38;5;204mDEC_LAYERS[39m[38;5;15m:[39m[38;5;15m [39m[38;5;141m10[39m
[38;5;15m    [39m[38;5;204mDEEP_SUPERVISION[39m[38;5;15m:[39m[38;5;15m [39m[38;5;141mtrue[39m
[38;5;15m    [39m[38;5;204mDICE_WEIGHT[39m[38;5;15m:[39m[38;5;15m [39m[38;5;141m5.0[39m
[38;5;15m    [39m[38;5;204mDIM_FEEDFORWARD[39m[38;5;15m:[39m[38;5;15m [39m[38;5;141m2048[39m
[38;5;15m    [39m[38;5;204mDROPOUT[39m[38;5;15m:[39m[38;5;15m [39m[38;5;141m0.0[39m
[38;5;15m    [39m[38;5;204mENC_LAYERS[39m[38;5;15m:[39m[38;5;15m [39m[38;5;141m0[39m
[38;5;15m    [39m[38;5;204mENFORCE_INPUT_PROJ[39m[38;5;15m:[39m[38;5;15m [39m[38;5;141mfalse[39m
[38;5;15m    [39m[38;5;204mHIDDEN_DIM[39m[38;5;15m:[39m[38;5;15m [39m[38;5;141m256[39m
[38;5;15m    [39m[38;5;204mIMPORTANCE_SAMPLE_RATIO[39m[38;5;15m:[39m[38;5;15m [39m[38;5;141m0.75[39m
[38;5;15m    [39m[38;5;204mMASK_WEIGHT[39m[38;5;15m:[39m[38;5;15m [39m[38;5;141m5.0[39m
[38;5;15m    [39m[38;5;204mNHEADS[39m[38;5;15m:[39m[38;5;15m [39m[38;5;141m8[39m
[38;5;15m    [39m[38;5;204mNO_OBJECT_WEIGHT[39m[38;5;15m:[39m[38;5;15m [39m[38;5;141m0.1[39m
[38;5;15m    [39m[38;5;204mNUM_OBJECT_QUERIES[39m[38;5;15m:[39m[38;5;15m [39m[38;5;141m100[39m
[38;5;15m    [39m[38;5;204mOVERSAMPLE_RATIO[39m[38;5;15m:[39m[38;5;15m [39m[38;5;141m3.0[39m
[38;5;15m    [39m[38;5;204mPRE_NORM[39m[38;5;15m:[39m[38;5;15m [39m[38;5;141mfalse[39m
[38;5;15m    [39m[38;5;204mSIZE_DIVISIBILITY[39m[38;5;15m:[39m[38;5;15m [39m[38;5;141m32[39m
[38;5;15m    [39m[38;5;204mTEST[39m[38;5;15m:[39m
[38;5;15m      [39m[38;5;204mINSTANCE_ON[39m[38;5;15m:[39m[38;5;15m [39m[38;5;141mtrue[39m
[38;5;15m      [39m[38;5;204mOBJECT_MASK_THRESHOLD[39m[38;5;15m:[39m[38;5;15m [39m[38;5;141m0.8[39m
[38;5;15m      [39m[38;5;204mOVERLAP_THRESHOLD[39m[38;5;15m:[39m[38;5;15m [39m[38;5;141m0.8[39m
[38;5;15m      [39m[38;5;204mPANOPTIC_ON[39m[38;5;15m:[39m[38;5;15m [39m[38;5;141mfalse[39m
[38;5;15m      [39m[38;5;204mSEMANTIC_ON[39m[38;5;15m:[39m[38;5;15m [39m[38;5;141mfalse[39m
[38;5;15m      [39m[38;5;204mSEM_SEG_POSTPROCESSING_BEFORE_INFERENCE[39m[38;5;15m:[39m[38;5;15m [39m[38;5;141mfalse[39m
[38;5;15m    [39m[38;5;204mTRAIN_NUM_POINTS[39m[38;5;15m:[39m[38;5;15m [39m[38;5;141m12544[39m
[38;5;15m    [39m[38;5;204mTRANSFORMER_DECODER_NAME[39m[38;5;15m:[39m[38;5;15m [39m[38;5;141mMultiScaleMaskedTransformerDecoder[39m
[38;5;15m    [39m[38;5;204mTRANSFORMER_IN_FEATURE[39m[38;5;15m:[39m[38;5;15m [39m[38;5;141mmulti_scale_pixel_decoder[39m
[38;5;15m  [39m[38;5;204mMASK_ON[39m[38;5;15m:[39m[38;5;15m [39m[38;5;141mtrue[39m
[38;5;15m  [39m[38;5;204mMETA_ARCHITECTURE[39m[38;5;15m:[39m[38;5;15m [39m[38;5;141mMaskFormer[39m
[38;5;15m  [39m[38;5;204mPANOPTIC_FPN[39m[38;5;15m:[39m
[38;5;15m    [39m[38;5;204mCOMBINE[39m[38;5;15m:[39m
[38;5;15m      [39m[38;5;204mENABLED[39m[38;5;15m:[39m[38;5;15m [39m[38;5;141mtrue[39m
[38;5;15m      [39m[38;5;204mINSTANCES_CONFIDENCE_THRESH[39m[38;5;15m:[39m[38;5;15m [39m[38;5;141m0.5[39m
[38;5;15m      [39m[38;5;204mOVERLAP_THRESH[39m[38;5;15m:[39m[38;5;15m [39m[38;5;141m0.5[39m
[38;5;15m      [39m[38;5;204mSTUFF_AREA_LIMIT[39m[38;5;15m:[39m[38;5;15m [39m[38;5;141m4096[39m
[38;5;15m    [39m[38;5;204mINSTANCE_LOSS_WEIGHT[39m[38;5;15m:[39m[38;5;15m [39m[38;5;141m1.0[39m
[38;5;15m  [39m[38;5;204mPIXEL_MEAN[39m[38;5;15m:[39m
[38;5;15m  [39m[38;5;15m-[39m[38;5;15m [39m[38;5;141m107.0[39m
[38;5;15m  [39m[38;5;15m-[39m[38;5;15m [39m[38;5;141m148.0[39m
[38;5;15m  [39m[38;5;15m-[39m[38;5;15m [39m[38;5;141m85.0[39m
[38;5;15m  [39m[38;5;204mPIXEL_STD[39m[38;5;15m:[39m
[38;5;15m  [39m[38;5;15m-[39m[38;5;15m [39m[38;5;141m33.0[39m
[38;5;15m  [39m[38;5;15m-[39m[38;5;15m [39m[38;5;141m34.0[39m
[38;5;15m  [39m[38;5;15m-[39m[38;5;15m [39m[38;5;141m40.0[39m
[38;5;15m  [39m[38;5;204mPROPOSAL_GENERATOR[39m[38;5;15m:[39m
[38;5;15m    [39m[38;5;204mMIN_SIZE[39m[38;5;15m:[39m[38;5;15m [39m[38;5;141m0[39m
[38;5;15m    [39m[38;5;204mNAME[39m[38;5;15m:[39m[38;5;15m [39m[38;5;141mRPN[39m
[38;5;15m  [39m[38;5;204mRESNETS[39m[38;5;15m:[39m
[38;5;15m    [39m[38;5;204mDEFORM_MODULATED[39m[38;5;15m:[39m[38;5;15m [39m[38;5;141mfalse[39m
[38;5;15m    [39m[38;5;204mDEFORM_NUM_GROUPS[39m[38;5;15m:[39m[38;5;15m [39m[38;5;141m1[39m
[38;5;15m    [39m[38;5;204mDEFORM_ON_PER_STAGE[39m[38;5;15m:[39m
[38;5;15m    [39m[38;5;15m-[39m[38;5;15m [39m[38;5;141mfalse[39m
[38;5;15m    [39m[38;5;15m-[39m[38;5;15m [39m[38;5;141mfalse[39m
[38;5;15m    [39m[38;5;15m-[39m[38;5;15m [39m[38;5;141mfalse[39m
[38;5;15m    [39m[38;5;15m-[39m[38;5;15m [39m[38;5;141mfalse[39m
[38;5;15m    [39m[38;5;204mDEPTH[39m[38;5;15m:[39m[38;5;15m [39m[38;5;141m50[39m
[38;5;15m    [39m[38;5;204mNORM[39m[38;5;15m:[39m[38;5;15m [39m[38;5;141mFrozenBN[39m
[38;5;15m    [39m[38;5;204mNUM_GROUPS[39m[38;5;15m:[39m[38;5;15m [39m[38;5;141m1[39m
[38;5;15m    [39m[38;5;204mOUT_FEATURES[39m[38;5;15m:[39m
[38;5;15m    [39m[38;5;15m-[39m[38;5;15m [39m[38;5;141mres2[39m
[38;5;15m    [39m[38;5;15m-[39m[38;5;15m [39m[38;5;141mres3[39m
[38;5;15m    [39m[38;5;15m-[39m[38;5;15m [39m[38;5;141mres4[39m
[38;5;15m    [39m[38;5;15m-[39m[38;5;15m [39m[38;5;141mres5[39m
[38;5;15m    [39m[38;5;204mRES2_OUT_CHANNELS[39m[38;5;15m:[39m[38;5;15m [39m[38;5;141m256[39m
[38;5;15m    [39m[38;5;204mRES4_DILATION[39m[38;5;15m:[39m[38;5;15m [39m[38;5;141m1[39m
[38;5;15m    [39m[38;5;204mRES5_DILATION[39m[38;5;15m:[39m[38;5;15m [39m[38;5;141m1[39m
[38;5;15m    [39m[38;5;204mRES5_MULTI_GRID[39m[38;5;15m:[39m
[38;5;15m    [39m[38;5;15m-[39m[38;5;15m [39m[38;5;141m1[39m
[38;5;15m    [39m[38;5;15m-[39m[38;5;15m [39m[38;5;141m2[39m
[38;5;15m    [39m[38;5;15m-[39m[38;5;15m [39m[38;5;141m4[39m
[38;5;15m    [39m[38;5;204mSTEM_OUT_CHANNELS[39m[38;5;15m:[39m[38;5;15m [39m[38;5;141m64[39m
[38;5;15m    [39m[38;5;204mSTEM_TYPE[39m[38;5;15m:[39m[38;5;15m [39m[38;5;141mdeeplab[39m
[38;5;15m    [39m[38;5;204mSTRIDE_IN_1X1[39m[38;5;15m:[39m[38;5;15m [39m[38;5;141mfalse[39m
[38;5;15m    [39m[38;5;204mWIDTH_PER_GROUP[39m[38;5;15m:[39m[38;5;15m [39m[38;5;141m64[39m
[38;5;15m  [39m[38;5;204mRETINANET[39m[38;5;15m:[39m
[38;5;15m    [39m[38;5;204mBBOX_REG_LOSS_TYPE[39m[38;5;15m:[39m[38;5;15m [39m[38;5;141msmooth_l1[39m
[38;5;15m    [39m[38;5;204mBBOX_REG_WEIGHTS[39m[38;5;15m:[39m[38;5;15m [39m[38;5;15m&id002[39m
[38;5;15m    [39m[38;5;15m-[39m[38;5;15m [39m[38;5;141m1.0[39m
[38;5;15m    [39m[38;5;15m-[39m[38;5;15m [39m[38;5;141m1.0[39m
[38;5;15m    [39m[38;5;15m-[39m[38;5;15m [39m[38;5;141m1.0[39m
[38;5;15m    [39m[38;5;15m-[39m[38;5;15m [39m[38;5;141m1.0[39m
[38;5;15m    [39m[38;5;204mFOCAL_LOSS_ALPHA[39m[38;5;15m:[39m[38;5;15m [39m[38;5;141m0.25[39m
[38;5;15m    [39m[38;5;204mFOCAL_LOSS_GAMMA[39m[38;5;15m:[39m[38;5;15m [39m[38;5;141m2.0[39m
[38;5;15m    [39m[38;5;204mIN_FEATURES[39m[38;5;15m:[39m
[38;5;15m    [39m[38;5;15m-[39m[38;5;15m [39m[38;5;141mp3[39m
[38;5;15m    [39m[38;5;15m-[39m[38;5;15m [39m[38;5;141mp4[39m
[38;5;15m    [39m[38;5;15m-[39m[38;5;15m [39m[38;5;141mp5[39m
[38;5;15m    [39m[38;5;15m-[39m[38;5;15m [39m[38;5;141mp6[39m
[38;5;15m    [39m[38;5;15m-[39m[38;5;15m [39m[38;5;141mp7[39m
[38;5;15m    [39m[38;5;204mIOU_LABELS[39m[38;5;15m:[39m
[38;5;15m    [39m[38;5;15m-[39m[38;5;15m [39m[38;5;141m0[39m
[38;5;15m    [39m[38;5;15m-[39m[38;5;15m [39m[38;5;141m-1[39m
[38;5;15m    [39m[38;5;15m-[39m[38;5;15m [39m[38;5;141m1[39m
[38;5;15m    [39m[38;5;204mIOU_THRESHOLDS[39m[38;5;15m:[39m
[38;5;15m    [39m[38;5;15m-[39m[38;5;15m [39m[38;5;141m0.4[39m
[38;5;15m    [39m[38;5;15m-[39m[38;5;15m [39m[38;5;141m0.5[39m
[38;5;15m    [39m[38;5;204mNMS_THRESH_TEST[39m[38;5;15m:[39m[38;5;15m [39m[38;5;141m0.5[39m
[38;5;15m    [39m[38;5;204mNORM[39m[38;5;15m:[39m[38;5;15m [39m[38;5;186m'[39m[38;5;186m'[39m
[38;5;15m    [39m[38;5;204mNUM_CLASSES[39m[38;5;15m:[39m[38;5;15m [39m[38;5;141m80[39m
[38;5;15m    [39m[38;5;204mNUM_CONVS[39m[38;5;15m:[39m[38;5;15m [39m[38;5;141m4[39m
[38;5;15m    [39m[38;5;204mPRIOR_PROB[39m[38;5;15m:[39m[38;5;15m [39m[38;5;141m0.01[39m
[38;5;15m    [39m[38;5;204mSCORE_THRESH_TEST[39m[38;5;15m:[39m[38;5;15m [39m[38;5;141m0.05[39m
[38;5;15m    [39m[38;5;204mSMOOTH_L1_LOSS_BETA[39m[38;5;15m:[39m[38;5;15m [39m[38;5;141m0.1[39m
[38;5;15m    [39m[38;5;204mTOPK_CANDIDATES_TEST[39m[38;5;15m:[39m[38;5;15m [39m[38;5;141m1000[39m
[38;5;15m  [39m[38;5;204mROI_BOX_CASCADE_HEAD[39m[38;5;15m:[39m
[38;5;15m    [39m[38;5;204mBBOX_REG_WEIGHTS[39m[38;5;15m:[39m
[38;5;15m    [39m[38;5;15m-[39m[38;5;15m [39m[38;5;15m&id001[39m
[38;5;15m      [39m[38;5;15m-[39m[38;5;15m [39m[38;5;141m10.0[39m
[38;5;15m      [39m[38;5;15m-[39m[38;5;15m [39m[38;5;141m10.0[39m
[38;5;15m      [39m[38;5;15m-[39m[38;5;15m [39m[38;5;141m5.0[39m
[38;5;15m      [39m[38;5;15m-[39m[38;5;15m [39m[38;5;141m5.0[39m
[38;5;15m    [39m[38;5;15m-[39m[38;5;15m [39m[38;5;15m-[39m[38;5;15m [39m[38;5;141m20.0[39m
[38;5;15m      [39m[38;5;15m-[39m[38;5;15m [39m[38;5;141m20.0[39m
[38;5;15m      [39m[38;5;15m-[39m[38;5;15m [39m[38;5;141m10.0[39m
[38;5;15m      [39m[38;5;15m-[39m[38;5;15m [39m[38;5;141m10.0[39m
[38;5;15m    [39m[38;5;15m-[39m[38;5;15m [39m[38;5;15m-[39m[38;5;15m [39m[38;5;141m30.0[39m
[38;5;15m      [39m[38;5;15m-[39m[38;5;15m [39m[38;5;141m30.0[39m
[38;5;15m      [39m[38;5;15m-[39m[38;5;15m [39m[38;5;141m15.0[39m
[38;5;15m      [39m[38;5;15m-[39m[38;5;15m [39m[38;5;141m15.0[39m
[38;5;15m    [39m[38;5;204mIOUS[39m[38;5;15m:[39m
[38;5;15m    [39m[38;5;15m-[39m[38;5;15m [39m[38;5;141m0.5[39m
[38;5;15m    [39m[38;5;15m-[39m[38;5;15m [39m[38;5;141m0.6[39m
[38;5;15m    [39m[38;5;15m-[39m[38;5;15m [39m[38;5;141m0.7[39m
[38;5;15m  [39m[38;5;204mROI_BOX_HEAD[39m[38;5;15m:[39m
[38;5;15m    [39m[38;5;204mBBOX_REG_LOSS_TYPE[39m[38;5;15m:[39m[38;5;15m [39m[38;5;141msmooth_l1[39m
[38;5;15m    [39m[38;5;204mBBOX_REG_LOSS_WEIGHT[39m[38;5;15m:[39m[38;5;15m [39m[38;5;141m1.0[39m
[38;5;15m    [39m[38;5;204mBBOX_REG_WEIGHTS[39m[38;5;15m:[39m[38;5;15m [39m[38;5;15m*id001[39m
[38;5;15m    [39m[38;5;204mCLS_AGNOSTIC_BBOX_REG[39m[38;5;15m:[39m[38;5;15m [39m[38;5;141mfalse[39m
[38;5;15m    [39m[38;5;204mCONV_DIM[39m[38;5;15m:[39m[38;5;15m [39m[38;5;141m256[39m
[38;5;15m    [39m[38;5;204mFC_DIM[39m[38;5;15m:[39m[38;5;15m [39m[38;5;141m1024[39m
[38;5;15m    [39m[38;5;204mFED_LOSS_FREQ_WEIGHT_POWER[39m[38;5;15m:[39m[38;5;15m [39m[38;5;141m0.5[39m
[38;5;15m    [39m[38;5;204mFED_LOSS_NUM_CLASSES[39m[38;5;15m:[39m[38;5;15m [39m[38;5;141m50[39m
[38;5;15m    [39m[38;5;204mNAME[39m[38;5;15m:[39m[38;5;15m [39m[38;5;186m'[39m[38;5;186m'[39m
[38;5;15m    [39m[38;5;204mNORM[39m[38;5;15m:[39m[38;5;15m [39m[38;5;186m'[39m[38;5;186m'[39m
[38;5;15m    [39m[38;5;204mNUM_CONV[39m[38;5;15m:[39m[38;5;15m [39m[38;5;141m0[39m
[38;5;15m    [39m[38;5;204mNUM_FC[39m[38;5;15m:[39m[38;5;15m [39m[38;5;141m0[39m
[38;5;15m    [39m[38;5;204mPOOLER_RESOLUTION[39m[38;5;15m:[39m[38;5;15m [39m[38;5;141m14[39m
[38;5;15m    [39m[38;5;204mPOOLER_SAMPLING_RATIO[39m[38;5;15m:[39m[38;5;15m [39m[38;5;141m0[39m
[38;5;15m    [39m[38;5;204mPOOLER_TYPE[39m[38;5;15m:[39m[38;5;15m [39m[38;5;141mROIAlignV2[39m
[38;5;15m    [39m[38;5;204mSMOOTH_L1_BETA[39m[38;5;15m:[39m[38;5;15m [39m[38;5;141m0.0[39m
[38;5;15m    [39m[38;5;204mTRAIN_ON_PRED_BOXES[39m[38;5;15m:[39m[38;5;15m [39m[38;5;141mfalse[39m
[38;5;15m    [39m[38;5;204mUSE_FED_LOSS[39m[38;5;15m:[39m[38;5;15m [39m[38;5;141mfalse[39m
[38;5;15m    [39m[38;5;204mUSE_SIGMOID_CE[39m[38;5;15m:[39m[38;5;15m [39m[38;5;141mfalse[39m
[38;5;15m  [39m[38;5;204mROI_HEADS[39m[38;5;15m:[39m
[38;5;15m    [39m[38;5;204mBATCH_SIZE_PER_IMAGE[39m[38;5;15m:[39m[38;5;15m [39m[38;5;141m512[39m
[38;5;15m    [39m[38;5;204mIN_FEATURES[39m[38;5;15m:[39m
[38;5;15m    [39m[38;5;15m-[39m[38;5;15m [39m[38;5;141mres4[39m
[38;5;15m    [39m[38;5;204mIOU_LABELS[39m[38;5;15m:[39m
[38;5;15m    [39m[38;5;15m-[39m[38;5;15m [39m[38;5;141m0[39m
[38;5;15m    [39m[38;5;15m-[39m[38;5;15m [39m[38;5;141m1[39m
[38;5;15m    [39m[38;5;204mIOU_THRESHOLDS[39m[38;5;15m:[39m
[38;5;15m    [39m[38;5;15m-[39m[38;5;15m [39m[38;5;141m0.5[39m
[38;5;15m    [39m[38;5;204mNAME[39m[38;5;15m:[39m[38;5;15m [39m[38;5;141mRes5ROIHeads[39m
[38;5;15m    [39m[38;5;204mNMS_THRESH_TEST[39m[38;5;15m:[39m[38;5;15m [39m[38;5;141m0.5[39m
[38;5;15m    [39m[38;5;204mNUM_CLASSES[39m[38;5;15m:[39m[38;5;15m [39m[38;5;141m80[39m
[38;5;15m    [39m[38;5;204mPOSITIVE_FRACTION[39m[38;5;15m:[39m[38;5;15m [39m[38;5;141m0.25[39m
[38;5;15m    [39m[38;5;204mPROPOSAL_APPEND_GT[39m[38;5;15m:[39m[38;5;15m [39m[38;5;141mtrue[39m
[38;5;15m    [39m[38;5;204mSCORE_THRESH_TEST[39m[38;5;15m:[39m[38;5;15m [39m[38;5;141m0.05[39m
[38;5;15m  [39m[38;5;204mROI_KEYPOINT_HEAD[39m[38;5;15m:[39m
[38;5;15m    [39m[38;5;204mCONV_DIMS[39m[38;5;15m:[39m
[38;5;15m    [39m[38;5;15m-[39m[38;5;15m [39m[38;5;141m512[39m
[38;5;15m    [39m[38;5;15m-[39m[38;5;15m [39m[38;5;141m512[39m
[38;5;15m    [39m[38;5;15m-[39m[38;5;15m [39m[38;5;141m512[39m
[38;5;15m    [39m[38;5;15m-[39m[38;5;15m [39m[38;5;141m512[39m
[38;5;15m    [39m[38;5;15m-[39m[38;5;15m [39m[38;5;141m512[39m
[38;5;15m    [39m[38;5;15m-[39m[38;5;15m [39m[38;5;141m512[39m
[38;5;15m    [39m[38;5;15m-[39m[38;5;15m [39m[38;5;141m512[39m
[38;5;15m    [39m[38;5;15m-[39m[38;5;15m [39m[38;5;141m512[39m
[38;5;15m    [39m[38;5;204mLOSS_WEIGHT[39m[38;5;15m:[39m[38;5;15m [39m[38;5;141m1.0[39m
[38;5;15m    [39m[38;5;204mMIN_KEYPOINTS_PER_IMAGE[39m[38;5;15m:[39m[38;5;15m [39m[38;5;141m1[39m
[38;5;15m    [39m[38;5;204mNAME[39m[38;5;15m:[39m[38;5;15m [39m[38;5;141mKRCNNConvDeconvUpsampleHead[39m
[38;5;15m    [39m[38;5;204mNORMALIZE_LOSS_BY_VISIBLE_KEYPOINTS[39m[38;5;15m:[39m[38;5;15m [39m[38;5;141mtrue[39m
[38;5;15m    [39m[38;5;204mNUM_KEYPOINTS[39m[38;5;15m:[39m[38;5;15m [39m[38;5;141m17[39m
[38;5;15m    [39m[38;5;204mPOOLER_RESOLUTION[39m[38;5;15m:[39m[38;5;15m [39m[38;5;141m14[39m
[38;5;15m    [39m[38;5;204mPOOLER_SAMPLING_RATIO[39m[38;5;15m:[39m[38;5;15m [39m[38;5;141m0[39m
[38;5;15m    [39m[38;5;204mPOOLER_TYPE[39m[38;5;15m:[39m[38;5;15m [39m[38;5;141mROIAlignV2[39m
[38;5;15m  [39m[38;5;204mROI_MASK_HEAD[39m[38;5;15m:[39m
[38;5;15m    [39m[38;5;204mCLS_AGNOSTIC_MASK[39m[38;5;15m:[39m[38;5;15m [39m[38;5;141mfalse[39m
[38;5;15m    [39m[38;5;204mCONV_DIM[39m[38;5;15m:[39m[38;5;15m [39m[38;5;141m256[39m
[38;5;15m    [39m[38;5;204mNAME[39m[38;5;15m:[39m[38;5;15m [39m[38;5;141mMaskRCNNConvUpsampleHead[39m
[38;5;15m    [39m[38;5;204mNORM[39m[38;5;15m:[39m[38;5;15m [39m[38;5;186m'[39m[38;5;186m'[39m
[38;5;15m    [39m[38;5;204mNUM_CONV[39m[38;5;15m:[39m[38;5;15m [39m[38;5;141m0[39m
[38;5;15m    [39m[38;5;204mPOOLER_RESOLUTION[39m[38;5;15m:[39m[38;5;15m [39m[38;5;141m14[39m
[38;5;15m    [39m[38;5;204mPOOLER_SAMPLING_RATIO[39m[38;5;15m:[39m[38;5;15m [39m[38;5;141m0[39m
[38;5;15m    [39m[38;5;204mPOOLER_TYPE[39m[38;5;15m:[39m[38;5;15m [39m[38;5;141mROIAlignV2[39m
[38;5;15m  [39m[38;5;204mRPN[39m[38;5;15m:[39m
[38;5;15m    [39m[38;5;204mBATCH_SIZE_PER_IMAGE[39m[38;5;15m:[39m[38;5;15m [39m[38;5;141m256[39m
[38;5;15m    [39m[38;5;204mBBOX_REG_LOSS_TYPE[39m[38;5;15m:[39m[38;5;15m [39m[38;5;141msmooth_l1[39m
[38;5;15m    [39m[38;5;204mBBOX_REG_LOSS_WEIGHT[39m[38;5;15m:[39m[38;5;15m [39m[38;5;141m1.0[39m
[38;5;15m    [39m[38;5;204mBBOX_REG_WEIGHTS[39m[38;5;15m:[39m[38;5;15m [39m[38;5;15m*id002[39m
[38;5;15m    [39m[38;5;204mBOUNDARY_THRESH[39m[38;5;15m:[39m[38;5;15m [39m[38;5;141m-1[39m
[38;5;15m    [39m[38;5;204mCONV_DIMS[39m[38;5;15m:[39m
[38;5;15m    [39m[38;5;15m-[39m[38;5;15m [39m[38;5;141m-1[39m
[38;5;15m    [39m[38;5;204mHEAD_NAME[39m[38;5;15m:[39m[38;5;15m [39m[38;5;141mStandardRPNHead[39m
[38;5;15m    [39m[38;5;204mIN_FEATURES[39m[38;5;15m:[39m
[38;5;15m    [39m[38;5;15m-[39m[38;5;15m [39m[38;5;141mres4[39m
[38;5;15m    [39m[38;5;204mIOU_LABELS[39m[38;5;15m:[39m
[38;5;15m    [39m[38;5;15m-[39m[38;5;15m [39m[38;5;141m0[39m
[38;5;15m    [39m[38;5;15m-[39m[38;5;15m [39m[38;5;141m-1[39m
[38;5;15m    [39m[38;5;15m-[39m[38;5;15m [39m[38;5;141m1[39m
[38;5;15m    [39m[38;5;204mIOU_THRESHOLDS[39m[38;5;15m:[39m
[38;5;15m    [39m[38;5;15m-[39m[38;5;15m [39m[38;5;141m0.3[39m
[38;5;15m    [39m[38;5;15m-[39m[38;5;15m [39m[38;5;141m0.7[39m
[38;5;15m    [39m[38;5;204mLOSS_WEIGHT[39m[38;5;15m:[39m[38;5;15m [39m[38;5;141m1.0[39m
[38;5;15m    [39m[38;5;204mNMS_THRESH[39m[38;5;15m:[39m[38;5;15m [39m[38;5;141m0.7[39m
[38;5;15m    [39m[38;5;204mPOSITIVE_FRACTION[39m[38;5;15m:[39m[38;5;15m [39m[38;5;141m0.5[39m
[38;5;15m    [39m[38;5;204mPOST_NMS_TOPK_TEST[39m[38;5;15m:[39m[38;5;15m [39m[38;5;141m1000[39m
[38;5;15m    [39m[38;5;204mPOST_NMS_TOPK_TRAIN[39m[38;5;15m:[39m[38;5;15m [39m[38;5;141m2000[39m
[38;5;15m    [39m[38;5;204mPRE_NMS_TOPK_TEST[39m[38;5;15m:[39m[38;5;15m [39m[38;5;141m6000[39m
[38;5;15m    [39m[38;5;204mPRE_NMS_TOPK_TRAIN[39m[38;5;15m:[39m[38;5;15m [39m[38;5;141m12000[39m
[38;5;15m    [39m[38;5;204mSMOOTH_L1_BETA[39m[38;5;15m:[39m[38;5;15m [39m[38;5;141m0.0[39m
[38;5;15m  [39m[38;5;204mSEM_SEG_HEAD[39m[38;5;15m:[39m
[38;5;15m    [39m[38;5;204mASPP_CHANNELS[39m[38;5;15m:[39m[38;5;15m [39m[38;5;141m256[39m
[38;5;15m    [39m[38;5;204mASPP_DILATIONS[39m[38;5;15m:[39m
[38;5;15m    [39m[38;5;15m-[39m[38;5;15m [39m[38;5;141m6[39m
[38;5;15m    [39m[38;5;15m-[39m[38;5;15m [39m[38;5;141m12[39m
[38;5;15m    [39m[38;5;15m-[39m[38;5;15m [39m[38;5;141m18[39m
[38;5;15m    [39m[38;5;204mASPP_DROPOUT[39m[38;5;15m:[39m[38;5;15m [39m[38;5;141m0.1[39m
[38;5;15m    [39m[38;5;204mCOMMON_STRIDE[39m[38;5;15m:[39m[38;5;15m [39m[38;5;141m4[39m
[38;5;15m    [39m[38;5;204mCONVS_DIM[39m[38;5;15m:[39m[38;5;15m [39m[38;5;141m256[39m
[38;5;15m    [39m[38;5;204mDEFORMABLE_TRANSFORMER_ENCODER_IN_FEATURES[39m[38;5;15m:[39m
[38;5;15m    [39m[38;5;15m-[39m[38;5;15m [39m[38;5;141mres3[39m
[38;5;15m    [39m[38;5;15m-[39m[38;5;15m [39m[38;5;141mres4[39m
[38;5;15m    [39m[38;5;15m-[39m[38;5;15m [39m[38;5;141mres5[39m
[38;5;15m    [39m[38;5;204mDEFORMABLE_TRANSFORMER_ENCODER_N_HEADS[39m[38;5;15m:[39m[38;5;15m [39m[38;5;141m8[39m
[38;5;15m    [39m[38;5;204mDEFORMABLE_TRANSFORMER_ENCODER_N_POINTS[39m[38;5;15m:[39m[38;5;15m [39m[38;5;141m4[39m
[38;5;15m    [39m[38;5;204mIGNORE_VALUE[39m[38;5;15m:[39m[38;5;15m [39m[38;5;141m255[39m
[38;5;15m    [39m[38;5;204mIN_FEATURES[39m[38;5;15m:[39m
[38;5;15m    [39m[38;5;15m-[39m[38;5;15m [39m[38;5;141mres2[39m
[38;5;15m    [39m[38;5;15m-[39m[38;5;15m [39m[38;5;141mres3[39m
[38;5;15m    [39m[38;5;15m-[39m[38;5;15m [39m[38;5;141mres4[39m
[38;5;15m    [39m[38;5;15m-[39m[38;5;15m [39m[38;5;141mres5[39m
[38;5;15m    [39m[38;5;204mLOSS_TYPE[39m[38;5;15m:[39m[38;5;15m [39m[38;5;141mhard_pixel_mining[39m
[38;5;15m    [39m[38;5;204mLOSS_WEIGHT[39m[38;5;15m:[39m[38;5;15m [39m[38;5;141m1.0[39m
[38;5;15m    [39m[38;5;204mMASK_DIM[39m[38;5;15m:[39m[38;5;15m [39m[38;5;141m256[39m
[38;5;15m    [39m[38;5;204mNAME[39m[38;5;15m:[39m[38;5;15m [39m[38;5;141mMaskFormerHead[39m
[38;5;15m    [39m[38;5;204mNORM[39m[38;5;15m:[39m[38;5;15m [39m[38;5;141mGN[39m
[38;5;15m    [39m[38;5;204mNUM_CLASSES[39m[38;5;15m:[39m[38;5;15m [39m[38;5;141m1[39m
[38;5;15m    [39m[38;5;204mPIXEL_DECODER_NAME[39m[38;5;15m:[39m[38;5;15m [39m[38;5;141mMSDeformAttnPixelDecoder[39m
[38;5;15m    [39m[38;5;204mPROJECT_CHANNELS[39m[38;5;15m:[39m
[38;5;15m    [39m[38;5;15m-[39m[38;5;15m [39m[38;5;141m48[39m
[38;5;15m    [39m[38;5;204mPROJECT_FEATURES[39m[38;5;15m:[39m
[38;5;15m    [39m[38;5;15m-[39m[38;5;15m [39m[38;5;141mres2[39m
[38;5;15m    [39m[38;5;204mTRANSFORMER_ENC_LAYERS[39m[38;5;15m:[39m[38;5;15m [39m[38;5;141m6[39m
[38;5;15m    [39m[38;5;204mUSE_DEPTHWISE_SEPARABLE_CONV[39m[38;5;15m:[39m[38;5;15m [39m[38;5;141mfalse[39m
[38;5;15m  [39m[38;5;204mSWIN[39m[38;5;15m:[39m
[38;5;15m    [39m[38;5;204mAPE[39m[38;5;15m:[39m[38;5;15m [39m[38;5;141mfalse[39m
[38;5;15m    [39m[38;5;204mATTN_DROP_RATE[39m[38;5;15m:[39m[38;5;15m [39m[38;5;141m0.0[39m
[38;5;15m    [39m[38;5;204mDEPTHS[39m[38;5;15m:[39m
[38;5;15m    [39m[38;5;15m-[39m[38;5;15m [39m[38;5;141m2[39m
[38;5;15m    [39m[38;5;15m-[39m[38;5;15m [39m[38;5;141m2[39m
[38;5;15m    [39m[38;5;15m-[39m[38;5;15m [39m[38;5;141m6[39m
[38;5;15m    [39m[38;5;15m-[39m[38;5;15m [39m[38;5;141m2[39m
[38;5;15m    [39m[38;5;204mDROP_PATH_RATE[39m[38;5;15m:[39m[38;5;15m [39m[38;5;141m0.3[39m
[38;5;15m    [39m[38;5;204mDROP_RATE[39m[38;5;15m:[39m[38;5;15m [39m[38;5;141m0.0[39m
[38;5;15m    [39m[38;5;204mEMBED_DIM[39m[38;5;15m:[39m[38;5;15m [39m[38;5;141m96[39m
[38;5;15m    [39m[38;5;204mMLP_RATIO[39m[38;5;15m:[39m[38;5;15m [39m[38;5;141m4.0[39m
[38;5;15m    [39m[38;5;204mNUM_HEADS[39m[38;5;15m:[39m
[38;5;15m    [39m[38;5;15m-[39m[38;5;15m [39m[38;5;141m3[39m
[38;5;15m    [39m[38;5;15m-[39m[38;5;15m [39m[38;5;141m6[39m
[38;5;15m    [39m[38;5;15m-[39m[38;5;15m [39m[38;5;141m12[39m
[38;5;15m    [39m[38;5;15m-[39m[38;5;15m [39m[38;5;141m24[39m
[38;5;15m    [39m[38;5;204mOUT_FEATURES[39m[38;5;15m:[39m
[38;5;15m    [39m[38;5;15m-[39m[38;5;15m [39m[38;5;141mres2[39m
[38;5;15m    [39m[38;5;15m-[39m[38;5;15m [39m[38;5;141mres3[39m
[38;5;15m    [39m[38;5;15m-[39m[38;5;15m [39m[38;5;141mres4[39m
[38;5;15m    [39m[38;5;15m-[39m[38;5;15m [39m[38;5;141mres5[39m
[38;5;15m    [39m[38;5;204mPATCH_NORM[39m[38;5;15m:[39m[38;5;15m [39m[38;5;141mtrue[39m
[38;5;15m    [39m[38;5;204mPATCH_SIZE[39m[38;5;15m:[39m[38;5;15m [39m[38;5;141m4[39m
[38;5;15m    [39m[38;5;204mPRETRAIN_IMG_SIZE[39m[38;5;15m:[39m[38;5;15m [39m[38;5;141m224[39m
[38;5;15m    [39m[38;5;204mQKV_BIAS[39m[38;5;15m:[39m[38;5;15m [39m[38;5;141mtrue[39m
[38;5;15m    [39m[38;5;204mQK_SCALE[39m[38;5;15m:[39m[38;5;15m [39m[38;5;141mnull[39m
[38;5;15m    [39m[38;5;204mUSE_CHECKPOINT[39m[38;5;15m:[39m[38;5;15m [39m[38;5;141mfalse[39m
[38;5;15m    [39m[38;5;204mWINDOW_SIZE[39m[38;5;15m:[39m[38;5;15m [39m[38;5;141m7[39m
[38;5;15m  [39m[38;5;204mWEIGHTS[39m[38;5;15m:[39m[38;5;15m [39m[38;5;141m/mnt/data/mis2025/group_6/Parameter/pre_train_para/graphene_mid/model_final.pth[39m
[38;5;204mOUTPUT_DIR[39m[38;5;15m:[39m[38;5;15m [39m[38;5;141m/mnt/data/mis2025/group_6/Parameter/trained_para/graphene_mid_finetune_v2[39m
[38;5;204mSEED[39m[38;5;15m:[39m[38;5;15m [39m[38;5;141m42[39m
[38;5;204mSOLVER[39m[38;5;15m:[39m
[38;5;15m  [39m[38;5;204mAMP[39m[38;5;15m:[39m
[38;5;15m    [39m[38;5;204mENABLED[39m[38;5;15m:[39m[38;5;15m [39m[38;5;141mfalse[39m
[38;5;15m  [39m[38;5;204mBACKBONE_MULTIPLIER[39m[38;5;15m:[39m[38;5;15m [39m[38;5;141m1.0[39m
[38;5;15m  [39m[38;5;204mBASE_LR[39m[38;5;15m:[39m[38;5;15m [39m[38;5;141m5.0e-05[39m
[38;5;15m  [39m[38;5;204mBASE_LR_END[39m[38;5;15m:[39m[38;5;15m [39m[38;5;141m0.0[39m
[38;5;15m  [39m[38;5;204mBIAS_LR_FACTOR[39m[38;5;15m:[39m[38;5;15m [39m[38;5;141m1.0[39m
[38;5;15m  [39m[38;5;204mCHECKPOINT_PERIOD[39m[38;5;15m:[39m[38;5;15m [39m[38;5;141m5000[39m
[38;5;15m  [39m[38;5;204mCLIP_GRADIENTS[39m[38;5;15m:[39m
[38;5;15m    [39m[38;5;204mCLIP_TYPE[39m[38;5;15m:[39m[38;5;15m [39m[38;5;141mfull_model[39m
[38;5;15m    [39m[38;5;204mCLIP_VALUE[39m[38;5;15m:[39m[38;5;15m [39m[38;5;141m0.01[39m
[38;5;15m    [39m[38;5;204mENABLED[39m[38;5;15m:[39m[38;5;15m [39m[38;5;141mtrue[39m
[38;5;15m    [39m[38;5;204mNORM_TYPE[39m[38;5;15m:[39m[38;5;15m [39m[38;5;141m2.0[39m
[38;5;15m  [39m[38;5;204mGAMMA[39m[38;5;15m:[39m[38;5;15m [39m[38;5;141m0.1[39m
[38;5;15m  [39m[38;5;204mIMS_PER_BATCH[39m[38;5;15m:[39m[38;5;15m [39m[38;5;141m16[39m
[38;5;15m  [39m[38;5;204mLR_SCHEDULER_NAME[39m[38;5;15m:[39m[38;5;15m [39m[38;5;141mWarmupCosineLR[39m
[38;5;15m  [39m[38;5;204mMAX_ITER[39m[38;5;15m:[39m[38;5;15m [39m[38;5;141m10000[39m
[38;5;15m  [39m[38;5;204mMOMENTUM[39m[38;5;15m:[39m[38;5;15m [39m[38;5;141m0.9[39m
[38;5;15m  [39m[38;5;204mNESTEROV[39m[38;5;15m:[39m[38;5;15m [39m[38;5;141mfalse[39m
[38;5;15m  [39m[38;5;204mNUM_DECAYS[39m[38;5;15m:[39m[38;5;15m [39m[38;5;141m3[39m
[38;5;15m  [39m[38;5;204mOPTIMIZER[39m[38;5;15m:[39m[38;5;15m [39m[38;5;141mADAMW[39m
[38;5;15m  [39m[38;5;204mPOLY_LR_CONSTANT_ENDING[39m[38;5;15m:[39m[38;5;15m [39m[38;5;141m0.0[39m
[38;5;15m  [39m[38;5;204mPOLY_LR_POWER[39m[38;5;15m:[39m[38;5;15m [39m[38;5;141m0.9[39m
[38;5;15m  [39m[38;5;204mREFERENCE_WORLD_SIZE[39m[38;5;15m:[39m[38;5;15m [39m[38;5;141m0[39m
[38;5;15m  [39m[38;5;204mRESCALE_INTERVAL[39m[38;5;15m:[39m[38;5;15m [39m[38;5;141mfalse[39m
[38;5;15m  [39m[38;5;204mSTEPS[39m[38;5;15m:[39m
[38;5;15m  [39m[38;5;15m-[39m[38;5;15m [39m[38;5;141m30000[39m
[38;5;15m  [39m[38;5;204mWARMUP_FACTOR[39m[38;5;15m:[39m[38;5;15m [39m[38;5;141m0.001[39m
[38;5;15m  [39m[38;5;204mWARMUP_ITERS[39m[38;5;15m:[39m[38;5;15m [39m[38;5;141m500[39m
[38;5;15m  [39m[38;5;204mWARMUP_METHOD[39m[38;5;15m:[39m[38;5;15m [39m[38;5;141mlinear[39m
[38;5;15m  [39m[38;5;204mWEIGHT_DECAY[39m[38;5;15m:[39m[38;5;15m [39m[38;5;141m0.05[39m
[38;5;15m  [39m[38;5;204mWEIGHT_DECAY_BIAS[39m[38;5;15m:[39m[38;5;15m [39m[38;5;141mnull[39m
[38;5;15m  [39m[38;5;204mWEIGHT_DECAY_EMBED[39m[38;5;15m:[39m[38;5;15m [39m[38;5;141m0.0[39m
[38;5;15m  [39m[38;5;204mWEIGHT_DECAY_NORM[39m[38;5;15m:[39m[38;5;15m [39m[38;5;141m0.0[39m
[38;5;204mTEST[39m[38;5;15m:[39m
[38;5;15m  [39m[38;5;204mAUG[39m[38;5;15m:[39m
[38;5;15m    [39m[38;5;204mENABLED[39m[38;5;15m:[39m[38;5;15m [39m[38;5;141mfalse[39m
[38;5;15m    [39m[38;5;204mFLIP[39m[38;5;15m:[39m[38;5;15m [39m[38;5;141mtrue[39m
[38;5;15m    [39m[38;5;204mMAX_SIZE[39m[38;5;15m:[39m[38;5;15m [39m[38;5;141m4000[39m
[38;5;15m    [39m[38;5;204mMIN_SIZES[39m[38;5;15m:[39m
[38;5;15m    [39m[38;5;15m-[39m[38;5;15m [39m[38;5;141m400[39m
[38;5;15m    [39m[38;5;15m-[39m[38;5;15m [39m[38;5;141m500[39m
[38;5;15m    [39m[38;5;15m-[39m[38;5;15m [39m[38;5;141m600[39m
[38;5;15m    [39m[38;5;15m-[39m[38;5;15m [39m[38;5;141m700[39m
[38;5;15m    [39m[38;5;15m-[39m[38;5;15m [39m[38;5;141m800[39m
[38;5;15m    [39m[38;5;15m-[39m[38;5;15m [39m[38;5;141m900[39m
[38;5;15m    [39m[38;5;15m-[39m[38;5;15m [39m[38;5;141m1000[39m
[38;5;15m    [39m[38;5;15m-[39m[38;5;15m [39m[38;5;141m1100[39m
[38;5;15m    [39m[38;5;15m-[39m[38;5;15m [39m[38;5;141m1200[39m
[38;5;15m  [39m[38;5;204mDETECTIONS_PER_IMAGE[39m[38;5;15m:[39m[38;5;15m [39m[38;5;141m100[39m
[38;5;15m  [39m[38;5;204mEVAL_PERIOD[39m[38;5;15m:[39m[38;5;15m [39m[38;5;141m50000[39m
[38;5;15m  [39m[38;5;204mEXPECTED_RESULTS[39m[38;5;15m:[39m[38;5;15m [39m[38;5;15m[[39m[38;5;15m][39m
[38;5;15m  [39m[38;5;204mKEYPOINT_OKS_SIGMAS[39m[38;5;15m:[39m[38;5;15m [39m[38;5;15m[[39m[38;5;15m][39m
[38;5;15m  [39m[38;5;204mPRECISE_BN[39m[38;5;15m:[39m
[38;5;15m    [39m[38;5;204mENABLED[39m[38;5;15m:[39m[38;5;15m [39m[38;5;141mfalse[39m
[38;5;15m    [39m[38;5;204mNUM_ITER[39m[38;5;15m:[39m[38;5;15m [39m[38;5;141m200[39m
[38;5;204mVERSION[39m[38;5;15m:[39m[38;5;15m [39m[38;5;141m2[39m
[38;5;204mVIS_PERIOD[39m[38;5;15m:[39m[38;5;15m [39m[38;5;141m0[39m

[03/18 00:51:00 detectron2]: Full config saved to /mnt/data/mis2025/group_6/Parameter/trained_para/graphene_mid_finetune_v2/config.yaml
[03/18 00:51:01 d2.engine.defaults]: Model:
MaskFormer(
  (backbone): ResNet(
    (stem): BasicStem(
      (conv1): Conv2d(
        3, 64, kernel_size=(7, 7), stride=(2, 2), padding=(3, 3), bias=False
        (norm): FrozenBatchNorm2d(num_features=64, eps=1e-05)
      )
    )
    (res2): Sequential(
      (0): BottleneckBlock(
        (shortcut): Conv2d(
          64, 256, kernel_size=(1, 1), stride=(1, 1), bias=False
          (norm): FrozenBatchNorm2d(num_features=256, eps=1e-05)
        )
        (conv1): Conv2d(
          64, 64, kernel_size=(1, 1), stride=(1, 1), bias=False
          (norm): FrozenBatchNorm2d(num_features=64, eps=1e-05)
        )
        (conv2): Conv2d(
          64, 64, kernel_size=(3, 3), stride=(1, 1), padding=(1, 1), bias=False
          (norm): FrozenBatchNorm2d(num_features=64, eps=1e-05)
        )
        (conv3): Conv2d(
          64, 256, kernel_size=(1, 1), stride=(1, 1), bias=False
          (norm): FrozenBatchNorm2d(num_features=256, eps=1e-05)
        )
      )
      (1): BottleneckBlock(
        (conv1): Conv2d(
          256, 64, kernel_size=(1, 1), stride=(1, 1), bias=False
          (norm): FrozenBatchNorm2d(num_features=64, eps=1e-05)
        )
        (conv2): Conv2d(
          64, 64, kernel_size=(3, 3), stride=(1, 1), padding=(1, 1), bias=False
          (norm): FrozenBatchNorm2d(num_features=64, eps=1e-05)
        )
        (conv3): Conv2d(
          64, 256, kernel_size=(1, 1), stride=(1, 1), bias=False
          (norm): FrozenBatchNorm2d(num_features=256, eps=1e-05)
        )
      )
      (2): BottleneckBlock(
        (conv1): Conv2d(
          256, 64, kernel_size=(1, 1), stride=(1, 1), bias=False
          (norm): FrozenBatchNorm2d(num_features=64, eps=1e-05)
        )
        (conv2): Conv2d(
          64, 64, kernel_size=(3, 3), stride=(1, 1), padding=(1, 1), bias=False
          (norm): FrozenBatchNorm2d(num_features=64, eps=1e-05)
        )
        (conv3): Conv2d(
          64, 256, kernel_size=(1, 1), stride=(1, 1), bias=False
          (norm): FrozenBatchNorm2d(num_features=256, eps=1e-05)
        )
      )
    )
    (res3): Sequential(
      (0): BottleneckBlock(
        (shortcut): Conv2d(
          256, 512, kernel_size=(1, 1), stride=(2, 2), bias=False
          (norm): FrozenBatchNorm2d(num_features=512, eps=1e-05)
        )
        (conv1): Conv2d(
          256, 128, kernel_size=(1, 1), stride=(1, 1), bias=False
          (norm): FrozenBatchNorm2d(num_features=128, eps=1e-05)
        )
        (conv2): Conv2d(
          128, 128, kernel_size=(3, 3), stride=(2, 2), padding=(1, 1), bias=False
          (norm): FrozenBatchNorm2d(num_features=128, eps=1e-05)
        )
        (conv3): Conv2d(
          128, 512, kernel_size=(1, 1), stride=(1, 1), bias=False
          (norm): FrozenBatchNorm2d(num_features=512, eps=1e-05)
        )
      )
      (1): BottleneckBlock(
        (conv1): Conv2d(
          512, 128, kernel_size=(1, 1), stride=(1, 1), bias=False
          (norm): FrozenBatchNorm2d(num_features=128, eps=1e-05)
        )
        (conv2): Conv2d(
          128, 128, kernel_size=(3, 3), stride=(1, 1), padding=(1, 1), bias=False
          (norm): FrozenBatchNorm2d(num_features=128, eps=1e-05)
        )
        (conv3): Conv2d(
          128, 512, kernel_size=(1, 1), stride=(1, 1), bias=False
          (norm): FrozenBatchNorm2d(num_features=512, eps=1e-05)
        )
      )
      (2): BottleneckBlock(
        (conv1): Conv2d(
          512, 128, kernel_size=(1, 1), stride=(1, 1), bias=False
          (norm): FrozenBatchNorm2d(num_features=128, eps=1e-05)
        )
        (conv2): Conv2d(
          128, 128, kernel_size=(3, 3), stride=(1, 1), padding=(1, 1), bias=False
          (norm): FrozenBatchNorm2d(num_features=128, eps=1e-05)
        )
        (conv3): Conv2d(
          128, 512, kernel_size=(1, 1), stride=(1, 1), bias=False
          (norm): FrozenBatchNorm2d(num_features=512, eps=1e-05)
        )
      )
      (3): BottleneckBlock(
        (conv1): Conv2d(
          512, 128, kernel_size=(1, 1), stride=(1, 1), bias=False
          (norm): FrozenBatchNorm2d(num_features=128, eps=1e-05)
        )
        (conv2): Conv2d(
          128, 128, kernel_size=(3, 3), stride=(1, 1), padding=(1, 1), bias=False
          (norm): FrozenBatchNorm2d(num_features=128, eps=1e-05)
        )
        (conv3): Conv2d(
          128, 512, kernel_size=(1, 1), stride=(1, 1), bias=False
          (norm): FrozenBatchNorm2d(num_features=512, eps=1e-05)
        )
      )
    )
    (res4): Sequential(
      (0): BottleneckBlock(
        (shortcut): Conv2d(
          512, 1024, kernel_size=(1, 1), stride=(2, 2), bias=False
          (norm): FrozenBatchNorm2d(num_features=1024, eps=1e-05)
        )
        (conv1): Conv2d(
          512, 256, kernel_size=(1, 1), stride=(1, 1), bias=False
          (norm): FrozenBatchNorm2d(num_features=256, eps=1e-05)
        )
        (conv2): Conv2d(
          256, 256, kernel_size=(3, 3), stride=(2, 2), padding=(1, 1), bias=False
          (norm): FrozenBatchNorm2d(num_features=256, eps=1e-05)
        )
        (conv3): Conv2d(
          256, 1024, kernel_size=(1, 1), stride=(1, 1), bias=False
          (norm): FrozenBatchNorm2d(num_features=1024, eps=1e-05)
        )
      )
      (1): BottleneckBlock(
        (conv1): Conv2d(
          1024, 256, kernel_size=(1, 1), stride=(1, 1), bias=False
          (norm): FrozenBatchNorm2d(num_features=256, eps=1e-05)
        )
        (conv2): Conv2d(
          256, 256, kernel_size=(3, 3), stride=(1, 1), padding=(1, 1), bias=False
          (norm): FrozenBatchNorm2d(num_features=256, eps=1e-05)
        )
        (conv3): Conv2d(
          256, 1024, kernel_size=(1, 1), stride=(1, 1), bias=False
          (norm): FrozenBatchNorm2d(num_features=1024, eps=1e-05)
        )
      )
      (2): BottleneckBlock(
        (conv1): Conv2d(
          1024, 256, kernel_size=(1, 1), stride=(1, 1), bias=False
          (norm): FrozenBatchNorm2d(num_features=256, eps=1e-05)
        )
        (conv2): Conv2d(
          256, 256, kernel_size=(3, 3), stride=(1, 1), padding=(1, 1), bias=False
          (norm): FrozenBatchNorm2d(num_features=256, eps=1e-05)
        )
        (conv3): Conv2d(
          256, 1024, kernel_size=(1, 1), stride=(1, 1), bias=False
          (norm): FrozenBatchNorm2d(num_features=1024, eps=1e-05)
        )
      )
      (3): BottleneckBlock(
        (conv1): Conv2d(
          1024, 256, kernel_size=(1, 1), stride=(1, 1), bias=False
          (norm): FrozenBatchNorm2d(num_features=256, eps=1e-05)
        )
        (conv2): Conv2d(
          256, 256, kernel_size=(3, 3), stride=(1, 1), padding=(1, 1), bias=False
          (norm): FrozenBatchNorm2d(num_features=256, eps=1e-05)
        )
        (conv3): Conv2d(
          256, 1024, kernel_size=(1, 1), stride=(1, 1), bias=False
          (norm): FrozenBatchNorm2d(num_features=1024, eps=1e-05)
        )
      )
      (4): BottleneckBlock(
        (conv1): Conv2d(
          1024, 256, kernel_size=(1, 1), stride=(1, 1), bias=False
          (norm): FrozenBatchNorm2d(num_features=256, eps=1e-05)
        )
        (conv2): Conv2d(
          256, 256, kernel_size=(3, 3), stride=(1, 1), padding=(1, 1), bias=False
          (norm): FrozenBatchNorm2d(num_features=256, eps=1e-05)
        )
        (conv3): Conv2d(
          256, 1024, kernel_size=(1, 1), stride=(1, 1), bias=False
          (norm): FrozenBatchNorm2d(num_features=1024, eps=1e-05)
        )
      )
      (5): BottleneckBlock(
        (conv1): Conv2d(
          1024, 256, kernel_size=(1, 1), stride=(1, 1), bias=False
          (norm): FrozenBatchNorm2d(num_features=256, eps=1e-05)
        )
        (conv2): Conv2d(
          256, 256, kernel_size=(3, 3), stride=(1, 1), padding=(1, 1), bias=False
          (norm): FrozenBatchNorm2d(num_features=256, eps=1e-05)
        )
        (conv3): Conv2d(
          256, 1024, kernel_size=(1, 1), stride=(1, 1), bias=False
          (norm): FrozenBatchNorm2d(num_features=1024, eps=1e-05)
        )
      )
    )
    (res5): Sequential(
      (0): BottleneckBlock(
        (shortcut): Conv2d(
          1024, 2048, kernel_size=(1, 1), stride=(2, 2), bias=False
          (norm): FrozenBatchNorm2d(num_features=2048, eps=1e-05)
        )
        (conv1): Conv2d(
          1024, 512, kernel_size=(1, 1), stride=(1, 1), bias=False
          (norm): FrozenBatchNorm2d(num_features=512, eps=1e-05)
        )
        (conv2): Conv2d(
          512, 512, kernel_size=(3, 3), stride=(2, 2), padding=(1, 1), bias=False
          (norm): FrozenBatchNorm2d(num_features=512, eps=1e-05)
        )
        (conv3): Conv2d(
          512, 2048, kernel_size=(1, 1), stride=(1, 1), bias=False
          (norm): FrozenBatchNorm2d(num_features=2048, eps=1e-05)
        )
      )
      (1): BottleneckBlock(
        (conv1): Conv2d(
          2048, 512, kernel_size=(1, 1), stride=(1, 1), bias=False
          (norm): FrozenBatchNorm2d(num_features=512, eps=1e-05)
        )
        (conv2): Conv2d(
          512, 512, kernel_size=(3, 3), stride=(1, 1), padding=(1, 1), bias=False
          (norm): FrozenBatchNorm2d(num_features=512, eps=1e-05)
        )
        (conv3): Conv2d(
          512, 2048, kernel_size=(1, 1), stride=(1, 1), bias=False
          (norm): FrozenBatchNorm2d(num_features=2048, eps=1e-05)
        )
      )
      (2): BottleneckBlock(
        (conv1): Conv2d(
          2048, 512, kernel_size=(1, 1), stride=(1, 1), bias=False
          (norm): FrozenBatchNorm2d(num_features=512, eps=1e-05)
        )
        (conv2): Conv2d(
          512, 512, kernel_size=(3, 3), stride=(1, 1), padding=(1, 1), bias=False
          (norm): FrozenBatchNorm2d(num_features=512, eps=1e-05)
        )
        (conv3): Conv2d(
          512, 2048, kernel_size=(1, 1), stride=(1, 1), bias=False
          (norm): FrozenBatchNorm2d(num_features=2048, eps=1e-05)
        )
      )
    )
  )
  (sem_seg_head): MaskFormerHead(
    (pixel_decoder): MSDeformAttnPixelDecoder(
      (input_proj): ModuleList(
        (0): Sequential(
          (0): Conv2d(2048, 256, kernel_size=(1, 1), stride=(1, 1))
          (1): GroupNorm(32, 256, eps=1e-05, affine=True)
        )
        (1): Sequential(
          (0): Conv2d(1024, 256, kernel_size=(1, 1), stride=(1, 1))
          (1): GroupNorm(32, 256, eps=1e-05, affine=True)
        )
        (2): Sequential(
          (0): Conv2d(512, 256, kernel_size=(1, 1), stride=(1, 1))
          (1): GroupNorm(32, 256, eps=1e-05, affine=True)
        )
      )
      (transformer): MSDeformAttnTransformerEncoderOnly(
        (encoder): MSDeformAttnTransformerEncoder(
          (layers): ModuleList(
            (0-5): 6 x MSDeformAttnTransformerEncoderLayer(
              (self_attn): MSDeformAttn(
                (sampling_offsets): Linear(in_features=256, out_features=192, bias=True)
                (attention_weights): Linear(in_features=256, out_features=96, bias=True)
                (value_proj): Linear(in_features=256, out_features=256, bias=True)
                (output_proj): Linear(in_features=256, out_features=256, bias=True)
              )
              (dropout1): Dropout(p=0.0, inplace=False)
              (norm1): LayerNorm((256,), eps=1e-05, elementwise_affine=True)
              (linear1): Linear(in_features=256, out_features=1024, bias=True)
              (dropout2): Dropout(p=0.0, inplace=False)
              (linear2): Linear(in_features=1024, out_features=256, bias=True)
              (dropout3): Dropout(p=0.0, inplace=False)
              (norm2): LayerNorm((256,), eps=1e-05, elementwise_affine=True)
            )
          )
        )
      )
      (pe_layer): Positional encoding PositionEmbeddingSine
          num_pos_feats: 128
          temperature: 10000
          normalize: True
          scale: 6.283185307179586
      (mask_features): Conv2d(256, 256, kernel_size=(1, 1), stride=(1, 1))
      (adapter_1): Conv2d(
        256, 256, kernel_size=(1, 1), stride=(1, 1), bias=False
        (norm): GroupNorm(32, 256, eps=1e-05, affine=True)
      )
      (layer_1): Conv2d(
        256, 256, kernel_size=(3, 3), stride=(1, 1), padding=(1, 1), bias=False
        (norm): GroupNorm(32, 256, eps=1e-05, affine=True)
      )
    )
    (predictor): MultiScaleMaskedTransformerDecoder(
      (pe_layer): Positional encoding PositionEmbeddingSine
          num_pos_feats: 128
          temperature: 10000
          normalize: True
          scale: 6.283185307179586
      (transformer_self_attention_layers): ModuleList(
        (0-8): 9 x SelfAttentionLayer(
          (self_attn): MultiheadAttention(
            (out_proj): NonDynamicallyQuantizableLinear(in_features=256, out_features=256, bias=True)
          )
          (norm): LayerNorm((256,), eps=1e-05, elementwise_affine=True)
          (dropout): Dropout(p=0.0, inplace=False)
        )
      )
      (transformer_cross_attention_layers): ModuleList(
        (0-8): 9 x CrossAttentionLayer(
          (multihead_attn): MultiheadAttention(
            (out_proj): NonDynamicallyQuantizableLinear(in_features=256, out_features=256, bias=True)
          )
          (norm): LayerNorm((256,), eps=1e-05, elementwise_affine=True)
          (dropout): Dropout(p=0.0, inplace=False)
        )
      )
      (transformer_ffn_layers): ModuleList(
        (0-8): 9 x FFNLayer(
          (linear1): Linear(in_features=256, out_features=2048, bias=True)
          (dropout): Dropout(p=0.0, inplace=False)
          (linear2): Linear(in_features=2048, out_features=256, bias=True)
          (norm): LayerNorm((256,), eps=1e-05, elementwise_affine=True)
        )
      )
      (decoder_norm): LayerNorm((256,), eps=1e-05, elementwise_affine=True)
      (query_feat): Embedding(100, 256)
      (query_embed): Embedding(100, 256)
      (level_embed): Embedding(3, 256)
      (input_proj): ModuleList(
        (0-2): 3 x Sequential()
      )
      (class_embed): Linear(in_features=256, out_features=2, bias=True)
      (mask_embed): MLP(
        (layers): ModuleList(
          (0-2): 3 x Linear(in_features=256, out_features=256, bias=True)
        )
      )
    )
  )
  (criterion): Criterion SetCriterion
      matcher: Matcher HungarianMatcher
          cost_class: 2.0
          cost_mask: 5.0
          cost_dice: 5.0
      losses: ['labels', 'masks']
      weight_dict: {'loss_ce': 2.0, 'loss_mask': 5.0, 'loss_dice': 5.0, 'loss_ce_0': 2.0, 'loss_mask_0': 5.0, 'loss_dice_0': 5.0, 'loss_ce_1': 2.0, 'loss_mask_1': 5.0, 'loss_dice_1': 5.0, 'loss_ce_2': 2.0, 'loss_mask_2': 5.0, 'loss_dice_2': 5.0, 'loss_ce_3': 2.0, 'loss_mask_3': 5.0, 'loss_dice_3': 5.0, 'loss_ce_4': 2.0, 'loss_mask_4': 5.0, 'loss_dice_4': 5.0, 'loss_ce_5': 2.0, 'loss_mask_5': 5.0, 'loss_dice_5': 5.0, 'loss_ce_6': 2.0, 'loss_mask_6': 5.0, 'loss_dice_6': 5.0, 'loss_ce_7': 2.0, 'loss_mask_7': 5.0, 'loss_dice_7': 5.0, 'loss_ce_8': 2.0, 'loss_mask_8': 5.0, 'loss_dice_8': 5.0}
      num_classes: 1
      eos_coef: 0.1
      num_points: 12544
      oversample_ratio: 3.0
      importance_sample_ratio: 0.75
)
[03/18 00:51:01 d2.data.datasets.coco]: Loaded 1414 images in COCO format from /mnt/data/mis2025/group_6/Data/graphene.v4i.coco/train/_annotations_rle_1class.coco.json
[03/18 00:51:01 d2.data.build]: Distribution of instances among all 1 categories:
|  category  | #instances   |
|:----------:|:-------------|
|    gra     | 5682         |
|            |              |
[03/18 00:51:01 d2.data.build]: Using training sampler TrainingSampler
[03/18 00:51:01 d2.data.common]: Serializing the dataset using: <class 'detectron2.data.common._TorchSerializedList'>
[03/18 00:51:01 d2.data.common]: Serializing 1414 elements to byte tensors and concatenating them all ...
[03/18 00:51:01 d2.data.common]: Serialized dataset takes 1.25 MiB
[03/18 00:51:01 d2.data.build]: Making batched data loader with batch_size=16
[03/18 00:51:01 d2.checkpoint.detection_checkpoint]: [DetectionCheckpointer] Loading from /mnt/data/mis2025/group_6/Parameter/pre_train_para/graphene_mid/model_final.pth ...
[03/18 00:51:01 fvcore.common.checkpoint]: [Checkpointer] Loading from /mnt/data/mis2025/group_6/Parameter/pre_train_para/graphene_mid/model_final.pth ...
[03/18 00:51:01 d2.engine.train_loop]: Starting training from iteration 0
[03/18 00:51:22 d2.utils.events]:  eta: 2:23:07  iter: 19  total_loss: 28.88  loss_ce: 0.7903  loss_mask: 0.2974  loss_dice: 1.866  loss_ce_0: 0.4782  loss_mask_0: 0.3895  loss_dice_0: 1.778  loss_ce_1: 0.8815  loss_mask_1: 0.2906  loss_dice_1: 2.061  loss_ce_2: 0.7913  loss_mask_2: 0.2702  loss_dice_2: 1.924  loss_ce_3: 0.7124  loss_mask_3: 0.2742  loss_dice_3: 2.028  loss_ce_4: 0.7311  loss_mask_4: 0.4291  loss_dice_4: 1.815  loss_ce_5: 0.7273  loss_mask_5: 0.2566  loss_dice_5: 1.699  loss_ce_6: 0.6177  loss_mask_6: 0.338  loss_dice_6: 1.819  loss_ce_7: 0.7044  loss_mask_7: 0.3433  loss_dice_7: 1.635  loss_ce_8: 0.773  loss_mask_8: 0.3227  loss_dice_8: 1.837    time: 0.8910  last_time: 0.8410  data_time: 0.1810  last_data_time: 0.1810   lr: 1.9364e-06  max_mem: 12308M
[03/18 00:51:39 d2.utils.events]:  eta: 2:19:32  iter: 39  total_loss: 22.78  loss_ce: 0.608  loss_mask: 0.1866  loss_dice: 1.64  loss_ce_0: 0.2995  loss_mask_0: 0.1436  loss_dice_0: 1.633  loss_ce_1: 0.4211  loss_mask_1: 0.1113  loss_dice_1: 1.624  loss_ce_2: 0.4947  loss_mask_2: 0.1174  loss_dice_2: 1.751  loss_ce_3: 0.6501  loss_mask_3: 0.1088  loss_dice_3: 1.565  loss_ce_4: 0.5784  loss_mask_4: 0.06164  loss_dice_4: 1.592  loss_ce_5: 0.5113  loss_mask_5: 0.1034  loss_dice_5: 1.041  loss_ce_6: 0.5895  loss_mask_6: 0.2104  loss_dice_6: 2.027  loss_ce_7: 0.4969  loss_mask_7: 0.2195  loss_dice_7: 1.569  loss_ce_8: 0.5377  loss_mask_8: 0.1691  loss_dice_8: 1.722    time: 0.8672  last_time: 0.9708  data_time: 0.3142  last_data_time: 0.3142   lr: 3.9221e-06  max_mem: 12312M
[03/18 00:51:56 d2.utils.events]:  eta: 2:18:30  iter: 59  total_loss: 27.99  loss_ce: 0.4977  loss_mask: 0.2179  loss_dice: 2.205  loss_ce_0: 0.4086  loss_mask_0: 0.1447  loss_dice_0: 2.329  loss_ce_1: 0.3768  loss_mask_1: 0.2128  loss_dice_1: 1.973  loss_ce_2: 0.3499  loss_mask_2: 0.174  loss_dice_2: 2.175  loss_ce_3: 0.4186  loss_mask_3: 0.1546  loss_dice_3: 1.996  loss_ce_4: 0.3719  loss_mask_4: 0.1535  loss_dice_4: 2.277  loss_ce_5: 0.4635  loss_mask_5: 0.2378  loss_dice_5: 2.38  loss_ce_6: 0.3569  loss_mask_6: 0.2306  loss_dice_6: 2.279  loss_ce_7: 0.4192  loss_mask_7: 0.24  loss_dice_7: 1.943  loss_ce_8: 0.4651  loss_mask_8: 0.2473  loss_dice_8: 2.297    time: 0.8485  last_time: 0.7613  data_time: 0.1061  last_data_time: 0.1061   lr: 5.9078e-06  max_mem: 12313M
[03/18 00:52:13 d2.utils.events]:  eta: 2:16:23  iter: 79  total_loss: 17.19  loss_ce: 0.2228  loss_mask: 0.087  loss_dice: 1.436  loss_ce_0: 0.3258  loss_mask_0: 0.1072  loss_dice_0: 1.291  loss_ce_1: 0.3134  loss_mask_1: 0.09682  loss_dice_1: 1.386  loss_ce_2: 0.2902  loss_mask_2: 0.08631  loss_dice_2: 1.626  loss_ce_3: 0.2463  loss_mask_3: 0.09115  loss_dice_3: 1.501  loss_ce_4: 0.3146  loss_mask_4: 0.06716  loss_dice_4: 1.202  loss_ce_5: 0.2465  loss_mask_5: 0.07848  loss_dice_5: 1.345  loss_ce_6: 0.2358  loss_mask_6: 0.07228  loss_dice_6: 1.185  loss_ce_7: 0.24  loss_mask_7: 0.09543  loss_dice_7: 1.176  loss_ce_8: 0.2786  loss_mask_8: 0.09714  loss_dice_8: 1.452    time: 0.8482  last_time: 0.8301  data_time: 0.1638  last_data_time: 0.1638   lr: 7.8935e-06  max_mem: 12313M
[03/18 00:52:30 d2.utils.events]:  eta: 2:15:55  iter: 99  total_loss: 20.68  loss_ce: 0.4307  loss_mask: 0.06067  loss_dice: 1.501  loss_ce_0: 0.5523  loss_mask_0: 0.06437  loss_dice_0: 1.399  loss_ce_1: 0.3951  loss_mask_1: 0.0584  loss_dice_1: 1.648  loss_ce_2: 0.3397  loss_mask_2: 0.05674  loss_dice_2: 1.775  loss_ce_3: 0.3476  loss_mask_3: 0.07052  loss_dice_3: 1.624  loss_ce_4: 0.3405  loss_mask_4: 0.05476  loss_dice_4: 1.752  loss_ce_5: 0.3719  loss_mask_5: 0.06788  loss_dice_5: 1.624  loss_ce_6: 0.3936  loss_mask_6: 0.06594  loss_dice_6: 1.671  loss_ce_7: 0.416  loss_mask_7: 0.0931  loss_dice_7: 1.732  loss_ce_8: 0.4014  loss_mask_8: 0.05054  loss_dice_8: 1.322    time: 0.8515  last_time: 0.8516  data_time: 0.1876  last_data_time: 0.1876   lr: 9.8792e-06  max_mem: 12313M
[03/18 00:52:47 d2.utils.events]:  eta: 2:15:14  iter: 119  total_loss: 22.93  loss_ce: 0.2268  loss_mask: 0.1479  loss_dice: 1.762  loss_ce_0: 0.2939  loss_mask_0: 0.2272  loss_dice_0: 2.089  loss_ce_1: 0.2222  loss_mask_1: 0.1684  loss_dice_1: 1.844  loss_ce_2: 0.2035  loss_mask_2: 0.1529  loss_dice_2: 1.811  loss_ce_3: 0.1951  loss_mask_3: 0.2195  loss_dice_3: 1.738  loss_ce_4: 0.23  loss_mask_4: 0.1511  loss_dice_4: 2.052  loss_ce_5: 0.265  loss_mask_5: 0.1638  loss_dice_5: 1.916  loss_ce_6: 0.2287  loss_mask_6: 0.1701  loss_dice_6: 1.917  loss_ce_7: 0.2417  loss_mask_7: 0.1526  loss_dice_7: 1.815  loss_ce_8: 0.2121  loss_mask_8: 0.176  loss_dice_8: 1.94    time: 0.8486  last_time: 0.8215  data_time: 0.1500  last_data_time: 0.1500   lr: 1.1865e-05  max_mem: 12313M
[03/18 00:53:05 d2.utils.events]:  eta: 2:15:18  iter: 139  total_loss: 20.79  loss_ce: 0.2154  loss_mask: 0.1829  loss_dice: 1.726  loss_ce_0: 0.3814  loss_mask_0: 0.2205  loss_dice_0: 1.867  loss_ce_1: 0.2697  loss_mask_1: 0.1138  loss_dice_1: 1.468  loss_ce_2: 0.264  loss_mask_2: 0.1572  loss_dice_2: 1.718  loss_ce_3: 0.2989  loss_mask_3: 0.1561  loss_dice_3: 1.726  loss_ce_4: 0.2236  loss_mask_4: 0.176  loss_dice_4: 1.488  loss_ce_5: 0.2843  loss_mask_5: 0.1984  loss_dice_5: 1.824  loss_ce_6: 0.2179  loss_mask_6: 0.1771  loss_dice_6: 1.54  loss_ce_7: 0.2152  loss_mask_7: 0.1686  loss_dice_7: 1.505  loss_ce_8: 0.2696  loss_mask_8: 0.1819  loss_dice_8: 1.552    time: 0.8504  last_time: 0.8530  data_time: 0.1918  last_data_time: 0.1918   lr: 1.3851e-05  max_mem: 12313M
[03/18 00:53:22 d2.utils.events]:  eta: 2:15:05  iter: 159  total_loss: 16.19  loss_ce: 0.3344  loss_mask: 0.05088  loss_dice: 1.148  loss_ce_0: 0.4177  loss_mask_0: 0.09805  loss_dice_0: 1.81  loss_ce_1: 0.3686  loss_mask_1: 0.1255  loss_dice_1: 1.161  loss_ce_2: 0.3179  loss_mask_2: 0.04642  loss_dice_2: 1.304  loss_ce_3: 0.3858  loss_mask_3: 0.04426  loss_dice_3: 1.128  loss_ce_4: 0.3342  loss_mask_4: 0.05252  loss_dice_4: 1.319  loss_ce_5: 0.3136  loss_mask_5: 0.05739  loss_dice_5: 1.249  loss_ce_6: 0.3449  loss_mask_6: 0.04862  loss_dice_6: 0.8539  loss_ce_7: 0.3559  loss_mask_7: 0.06064  loss_dice_7: 1.106  loss_ce_8: 0.3382  loss_mask_8: 0.05761  loss_dice_8: 0.9608    time: 0.8548  last_time: 0.8290  data_time: 0.1767  last_data_time: 0.1767   lr: 1.5836e-05  max_mem: 12313M
[03/18 00:53:39 d2.utils.events]:  eta: 2:14:27  iter: 179  total_loss: 20.06  loss_ce: 0.3543  loss_mask: 0.077  loss_dice: 1.484  loss_ce_0: 0.5217  loss_mask_0: 0.1341  loss_dice_0: 1.556  loss_ce_1: 0.4598  loss_mask_1: 0.08822  loss_dice_1: 1.479  loss_ce_2: 0.325  loss_mask_2: 0.09079  loss_dice_2: 1.595  loss_ce_3: 0.2529  loss_mask_3: 0.1275  loss_dice_3: 1.564  loss_ce_4: 0.2513  loss_mask_4: 0.1148  loss_dice_4: 1.653  loss_ce_5: 0.2726  loss_mask_5: 0.08994  loss_dice_5: 1.594  loss_ce_6: 0.2364  loss_mask_6: 0.08068  loss_dice_6: 1.59  loss_ce_7: 0.2662  loss_mask_7: 0.1129  loss_dice_7: 1.604  loss_ce_8: 0.3298  loss_mask_8: 0.08815  loss_dice_8: 1.662    time: 0.8507  last_time: 0.8003  data_time: 0.0701  last_data_time: 0.0701   lr: 1.7822e-05  max_mem: 12313M
[03/18 00:53:55 d2.utils.events]:  eta: 2:14:09  iter: 199  total_loss: 16.8  loss_ce: 0.1445  loss_mask: 0.06798  loss_dice: 1.459  loss_ce_0: 0.4687  loss_mask_0: 0.06691  loss_dice_0: 1.621  loss_ce_1: 0.1643  loss_mask_1: 0.09271  loss_dice_1: 1.397  loss_ce_2: 0.1557  loss_mask_2: 0.0582  loss_dice_2: 1.466  loss_ce_3: 0.1467  loss_mask_3: 0.08991  loss_dice_3: 1.383  loss_ce_4: 0.1341  loss_mask_4: 0.08662  loss_dice_4: 1.458  loss_ce_5: 0.1566  loss_mask_5: 0.07998  loss_dice_5: 1.417  loss_ce_6: 0.1449  loss_mask_6: 0.07216  loss_dice_6: 1.385  loss_ce_7: 0.1453  loss_mask_7: 0.06079  loss_dice_7: 1.259  loss_ce_8: 0.1392  loss_mask_8: 0.07011  loss_dice_8: 1.405    time: 0.8477  last_time: 0.7604  data_time: 0.1055  last_data_time: 0.1055   lr: 1.9808e-05  max_mem: 12313M
[03/18 00:54:13 d2.utils.events]:  eta: 2:13:33  iter: 219  total_loss: 15.47  loss_ce: 0.1728  loss_mask: 0.1309  loss_dice: 1.226  loss_ce_0: 0.3401  loss_mask_0: 0.1588  loss_dice_0: 0.9699  loss_ce_1: 0.14  loss_mask_1: 0.375  loss_dice_1: 2.097  loss_ce_2: 0.1682  loss_mask_2: 0.2067  loss_dice_2: 0.9735  loss_ce_3: 0.1919  loss_mask_3: 0.1535  loss_dice_3: 0.9031  loss_ce_4: 0.1429  loss_mask_4: 0.1944  loss_dice_4: 1.074  loss_ce_5: 0.2106  loss_mask_5: 0.2482  loss_dice_5: 1.173  loss_ce_6: 0.1664  loss_mask_6: 0.2141  loss_dice_6: 1.132  loss_ce_7: 0.1455  loss_mask_7: 0.1922  loss_dice_7: 0.9243  loss_ce_8: 0.141  loss_mask_8: 0.1941  loss_dice_8: 1.115    time: 0.8484  last_time: 1.1750  data_time: 0.5138  last_data_time: 0.5138   lr: 2.1793e-05  max_mem: 12313M
[03/18 00:54:30 d2.utils.events]:  eta: 2:13:20  iter: 239  total_loss: 23.18  loss_ce: 0.4404  loss_mask: 0.1434  loss_dice: 1.581  loss_ce_0: 0.5601  loss_mask_0: 0.2102  loss_dice_0: 2.051  loss_ce_1: 0.3237  loss_mask_1: 0.1339  loss_dice_1: 1.679  loss_ce_2: 0.3426  loss_mask_2: 0.1312  loss_dice_2: 1.882  loss_ce_3: 0.4286  loss_mask_3: 0.1299  loss_dice_3: 1.807  loss_ce_4: 0.3637  loss_mask_4: 0.1298  loss_dice_4: 1.802  loss_ce_5: 0.297  loss_mask_5: 0.1318  loss_dice_5: 1.889  loss_ce_6: 0.4096  loss_mask_6: 0.1255  loss_dice_6: 1.665  loss_ce_7: 0.4022  loss_mask_7: 0.1329  loss_dice_7: 1.667  loss_ce_8: 0.3848  loss_mask_8: 0.1376  loss_dice_8: 1.796    time: 0.8499  last_time: 0.8647  data_time: 0.1572  last_data_time: 0.1572   lr: 2.3779e-05  max_mem: 12313M
[03/18 00:54:47 d2.utils.events]:  eta: 2:13:03  iter: 259  total_loss: 24.6  loss_ce: 0.2852  loss_mask: 0.1186  loss_dice: 1.657  loss_ce_0: 0.3676  loss_mask_0: 0.196  loss_dice_0: 2.312  loss_ce_1: 0.3178  loss_mask_1: 0.1539  loss_dice_1: 1.734  loss_ce_2: 0.2508  loss_mask_2: 0.216  loss_dice_2: 1.831  loss_ce_3: 0.1978  loss_mask_3: 0.2087  loss_dice_3: 1.995  loss_ce_4: 0.3141  loss_mask_4: 0.235  loss_dice_4: 2.065  loss_ce_5: 0.2929  loss_mask_5: 0.2469  loss_dice_5: 2.329  loss_ce_6: 0.2902  loss_mask_6: 0.2366  loss_dice_6: 2.103  loss_ce_7: 0.3045  loss_mask_7: 0.1988  loss_dice_7: 1.857  loss_ce_8: 0.2989  loss_mask_8: 0.184  loss_dice_8: 1.802    time: 0.8492  last_time: 0.8409  data_time: 0.1833  last_data_time: 0.1833   lr: 2.5765e-05  max_mem: 12313M
[03/18 00:55:03 d2.utils.events]:  eta: 2:12:32  iter: 279  total_loss: 17.33  loss_ce: 0.1496  loss_mask: 0.0647  loss_dice: 1.452  loss_ce_0: 0.3899  loss_mask_0: 0.05345  loss_dice_0: 1.571  loss_ce_1: 0.1105  loss_mask_1: 0.1203  loss_dice_1: 1.476  loss_ce_2: 0.1807  loss_mask_2: 0.05077  loss_dice_2: 1.629  loss_ce_3: 0.1316  loss_mask_3: 0.08731  loss_dice_3: 1.139  loss_ce_4: 0.1522  loss_mask_4: 0.08279  loss_dice_4: 1.27  loss_ce_5: 0.1656  loss_mask_5: 0.06095  loss_dice_5: 1.537  loss_ce_6: 0.1542  loss_mask_6: 0.06718  loss_dice_6: 1.605  loss_ce_7: 0.246  loss_mask_7: 0.09255  loss_dice_7: 1.431  loss_ce_8: 0.2138  loss_mask_8: 0.09011  loss_dice_8: 1.554    time: 0.8456  last_time: 0.7749  data_time: 0.1144  last_data_time: 0.1144   lr: 2.775e-05  max_mem: 12313M
[03/18 00:55:21 d2.utils.events]:  eta: 2:12:08  iter: 299  total_loss: 23.72  loss_ce: 0.3889  loss_mask: 0.07822  loss_dice: 1.713  loss_ce_0: 0.4912  loss_mask_0: 0.1059  loss_dice_0: 1.954  loss_ce_1: 0.3501  loss_mask_1: 0.1004  loss_dice_1: 1.861  loss_ce_2: 0.3855  loss_mask_2: 0.09257  loss_dice_2: 1.957  loss_ce_3: 0.2948  loss_mask_3: 0.08433  loss_dice_3: 1.954  loss_ce_4: 0.3923  loss_mask_4: 0.08736  loss_dice_4: 1.872  loss_ce_5: 0.3636  loss_mask_5: 0.08896  loss_dice_5: 1.921  loss_ce_6: 0.3487  loss_mask_6: 0.09913  loss_dice_6: 2.049  loss_ce_7: 0.359  loss_mask_7: 0.07632  loss_dice_7: 1.884  loss_ce_8: 0.3455  loss_mask_8: 0.07673  loss_dice_8: 1.944    time: 0.8455  last_time: 0.8444  data_time: 0.1662  last_data_time: 0.1662   lr: 2.9736e-05  max_mem: 12313M
[03/18 00:55:37 d2.utils.events]:  eta: 2:11:53  iter: 319  total_loss: 14.55  loss_ce: 0.1271  loss_mask: 0.06593  loss_dice: 1.339  loss_ce_0: 0.3397  loss_mask_0: 0.08154  loss_dice_0: 1.278  loss_ce_1: 0.1966  loss_mask_1: 0.04793  loss_dice_1: 1.03  loss_ce_2: 0.1271  loss_mask_2: 0.04657  loss_dice_2: 0.8657  loss_ce_3: 0.187  loss_mask_3: 0.05377  loss_dice_3: 1.325  loss_ce_4: 0.1453  loss_mask_4: 0.0767  loss_dice_4: 1.258  loss_ce_5: 0.1377  loss_mask_5: 0.05771  loss_dice_5: 1.247  loss_ce_6: 0.1324  loss_mask_6: 0.05242  loss_dice_6: 1.462  loss_ce_7: 0.1364  loss_mask_7: 0.0707  loss_dice_7: 1.386  loss_ce_8: 0.1348  loss_mask_8: 0.08007  loss_dice_8: 1.062    time: 0.8444  last_time: 0.8956  data_time: 0.2362  last_data_time: 0.2362   lr: 3.1722e-05  max_mem: 12313M
[03/18 00:55:54 d2.utils.events]:  eta: 2:11:26  iter: 339  total_loss: 17.59  loss_ce: 0.09361  loss_mask: 0.1567  loss_dice: 1.667  loss_ce_0: 0.2814  loss_mask_0: 0.1234  loss_dice_0: 1.519  loss_ce_1: 0.1373  loss_mask_1: 0.1159  loss_dice_1: 1.383  loss_ce_2: 0.09741  loss_mask_2: 0.1244  loss_dice_2: 1.51  loss_ce_3: 0.1047  loss_mask_3: 0.1378  loss_dice_3: 1.421  loss_ce_4: 0.1057  loss_mask_4: 0.1371  loss_dice_4: 1.47  loss_ce_5: 0.1061  loss_mask_5: 0.1353  loss_dice_5: 1.47  loss_ce_6: 0.1036  loss_mask_6: 0.1488  loss_dice_6: 1.577  loss_ce_7: 0.09592  loss_mask_7: 0.142  loss_dice_7: 1.366  loss_ce_8: 0.1041  loss_mask_8: 0.157  loss_dice_8: 1.598    time: 0.8426  last_time: 0.8073  data_time: 0.1404  last_data_time: 0.1404   lr: 3.3707e-05  max_mem: 12313M
[03/18 00:56:10 d2.utils.events]:  eta: 2:10:51  iter: 359  total_loss: 11.92  loss_ce: 0.1339  loss_mask: 0.04644  loss_dice: 0.9638  loss_ce_0: 0.5127  loss_mask_0: 0.06045  loss_dice_0: 0.9805  loss_ce_1: 0.1311  loss_mask_1: 0.05949  loss_dice_1: 1.166  loss_ce_2: 0.1428  loss_mask_2: 0.05868  loss_dice_2: 1.139  loss_ce_3: 0.1323  loss_mask_3: 0.04374  loss_dice_3: 0.9247  loss_ce_4: 0.1674  loss_mask_4: 0.04208  loss_dice_4: 0.8841  loss_ce_5: 0.1147  loss_mask_5: 0.05449  loss_dice_5: 1.015  loss_ce_6: 0.1114  loss_mask_6: 0.04464  loss_dice_6: 0.8714  loss_ce_7: 0.1246  loss_mask_7: 0.04638  loss_dice_7: 0.891  loss_ce_8: 0.1139  loss_mask_8: 0.04889  loss_dice_8: 0.8949    time: 0.8412  last_time: 0.8514  data_time: 0.1941  last_data_time: 0.1941   lr: 3.5693e-05  max_mem: 12313M
[03/18 00:56:27 d2.utils.events]:  eta: 2:10:12  iter: 379  total_loss: 14.41  loss_ce: 0.1233  loss_mask: 0.08617  loss_dice: 1.128  loss_ce_0: 0.3374  loss_mask_0: 0.2174  loss_dice_0: 1.651  loss_ce_1: 0.221  loss_mask_1: 0.1281  loss_dice_1: 1.224  loss_ce_2: 0.15  loss_mask_2: 0.1006  loss_dice_2: 1.016  loss_ce_3: 0.1289  loss_mask_3: 0.09661  loss_dice_3: 1.073  loss_ce_4: 0.1589  loss_mask_4: 0.1139  loss_dice_4: 1.16  loss_ce_5: 0.1199  loss_mask_5: 0.1073  loss_dice_5: 1.122  loss_ce_6: 0.1517  loss_mask_6: 0.09113  loss_dice_6: 0.9927  loss_ce_7: 0.1484  loss_mask_7: 0.126  loss_dice_7: 1.142  loss_ce_8: 0.125  loss_mask_8: 0.08656  loss_dice_8: 1.082    time: 0.8393  last_time: 0.8378  data_time: 0.1602  last_data_time: 0.1602   lr: 3.7679e-05  max_mem: 12313M
[03/18 00:56:44 d2.utils.events]:  eta: 2:10:19  iter: 399  total_loss: 13.68  loss_ce: 0.08829  loss_mask: 0.06986  loss_dice: 1.162  loss_ce_0: 0.2469  loss_mask_0: 0.1247  loss_dice_0: 1.637  loss_ce_1: 0.1011  loss_mask_1: 0.06648  loss_dice_1: 1.178  loss_ce_2: 0.1038  loss_mask_2: 0.06867  loss_dice_2: 0.9792  loss_ce_3: 0.09467  loss_mask_3: 0.06922  loss_dice_3: 1.263  loss_ce_4: 0.102  loss_mask_4: 0.06812  loss_dice_4: 1.143  loss_ce_5: 0.09956  loss_mask_5: 0.06405  loss_dice_5: 1.05  loss_ce_6: 0.09294  loss_mask_6: 0.06773  loss_dice_6: 1.126  loss_ce_7: 0.09469  loss_mask_7: 0.06289  loss_dice_7: 1.153  loss_ce_8: 0.09284  loss_mask_8: 0.07742  loss_dice_8: 1.136    time: 0.8411  last_time: 0.8434  data_time: 0.1767  last_data_time: 0.1767   lr: 3.9664e-05  max_mem: 12313M
[03/18 00:57:01 d2.utils.events]:  eta: 2:09:44  iter: 419  total_loss: 16.36  loss_ce: 0.3498  loss_mask: 0.06734  loss_dice: 1.009  loss_ce_0: 0.5181  loss_mask_0: 0.3004  loss_dice_0: 1.342  loss_ce_1: 0.4495  loss_mask_1: 0.1421  loss_dice_1: 1.35  loss_ce_2: 0.3653  loss_mask_2: 0.09093  loss_dice_2: 1.071  loss_ce_3: 0.2761  loss_mask_3: 0.08205  loss_dice_3: 1.259  loss_ce_4: 0.3472  loss_mask_4: 0.08706  loss_dice_4: 1.219  loss_ce_5: 0.3747  loss_mask_5: 0.07354  loss_dice_5: 1.032  loss_ce_6: 0.3563  loss_mask_6: 0.07629  loss_dice_6: 1.094  loss_ce_7: 0.3489  loss_mask_7: 0.0768  loss_dice_7: 1.1  loss_ce_8: 0.4131  loss_mask_8: 0.07265  loss_dice_8: 1.022    time: 0.8398  last_time: 0.8974  data_time: 0.2161  last_data_time: 0.2161   lr: 4.165e-05  max_mem: 12313M
[03/18 00:57:18 d2.utils.events]:  eta: 2:10:01  iter: 439  total_loss: 18.89  loss_ce: 0.1909  loss_mask: 0.04758  loss_dice: 1.523  loss_ce_0: 0.3062  loss_mask_0: 0.06976  loss_dice_0: 2.056  loss_ce_1: 0.2642  loss_mask_1: 0.0549  loss_dice_1: 1.683  loss_ce_2: 0.2431  loss_mask_2: 0.05633  loss_dice_2: 1.633  loss_ce_3: 0.2444  loss_mask_3: 0.05934  loss_dice_3: 1.588  loss_ce_4: 0.225  loss_mask_4: 0.05855  loss_dice_4: 1.559  loss_ce_5: 0.2561  loss_mask_5: 0.06103  loss_dice_5: 1.478  loss_ce_6: 0.2629  loss_mask_6: 0.06182  loss_dice_6: 1.487  loss_ce_7: 0.2399  loss_mask_7: 0.04307  loss_dice_7: 1.433  loss_ce_8: 0.2179  loss_mask_8: 0.04754  loss_dice_8: 1.443    time: 0.8407  last_time: 0.8791  data_time: 0.1986  last_data_time: 0.1986   lr: 4.3636e-05  max_mem: 12313M
[03/18 00:57:35 d2.utils.events]:  eta: 2:09:48  iter: 459  total_loss: 17.27  loss_ce: 0.2864  loss_mask: 0.1298  loss_dice: 1.353  loss_ce_0: 0.4847  loss_mask_0: 0.07164  loss_dice_0: 1.528  loss_ce_1: 0.2437  loss_mask_1: 0.07915  loss_dice_1: 1.482  loss_ce_2: 0.293  loss_mask_2: 0.05796  loss_dice_2: 1.399  loss_ce_3: 0.2557  loss_mask_3: 0.06839  loss_dice_3: 1.405  loss_ce_4: 0.2365  loss_mask_4: 0.06378  loss_dice_4: 1.439  loss_ce_5: 0.3046  loss_mask_5: 0.05177  loss_dice_5: 1.124  loss_ce_6: 0.2309  loss_mask_6: 0.1163  loss_dice_6: 1.42  loss_ce_7: 0.3399  loss_mask_7: 0.05445  loss_dice_7: 1.195  loss_ce_8: 0.3248  loss_mask_8: 0.05735  loss_dice_8: 1.176    time: 0.8406  last_time: 0.9148  data_time: 0.2412  last_data_time: 0.2412   lr: 4.5622e-05  max_mem: 12313M
[03/18 00:57:52 d2.utils.events]:  eta: 2:09:36  iter: 479  total_loss: 15.11  loss_ce: 0.1363  loss_mask: 0.04145  loss_dice: 1.389  loss_ce_0: 0.3263  loss_mask_0: 0.07752  loss_dice_0: 1.379  loss_ce_1: 0.2368  loss_mask_1: 0.05083  loss_dice_1: 1.298  loss_ce_2: 0.2167  loss_mask_2: 0.04902  loss_dice_2: 1.229  loss_ce_3: 0.177  loss_mask_3: 0.04421  loss_dice_3: 1.254  loss_ce_4: 0.14  loss_mask_4: 0.04127  loss_dice_4: 1.31  loss_ce_5: 0.1344  loss_mask_5: 0.04591  loss_dice_5: 1.314  loss_ce_6: 0.1685  loss_mask_6: 0.04045  loss_dice_6: 1.235  loss_ce_7: 0.1287  loss_mask_7: 0.04118  loss_dice_7: 1.181  loss_ce_8: 0.1965  loss_mask_8: 0.04108  loss_dice_8: 1.184    time: 0.8407  last_time: 0.8069  data_time: 0.1236  last_data_time: 0.1236   lr: 4.7607e-05  max_mem: 12313M
[03/18 00:58:09 d2.utils.events]:  eta: 2:09:25  iter: 499  total_loss: 13.31  loss_ce: 0.1483  loss_mask: 0.0769  loss_dice: 1.043  loss_ce_0: 0.3217  loss_mask_0: 0.09333  loss_dice_0: 1.181  loss_ce_1: 0.2315  loss_mask_1: 0.06627  loss_dice_1: 1.137  loss_ce_2: 0.1526  loss_mask_2: 0.07516  loss_dice_2: 1.05  loss_ce_3: 0.1789  loss_mask_3: 0.08043  loss_dice_3: 1.049  loss_ce_4: 0.1536  loss_mask_4: 0.07251  loss_dice_4: 1.059  loss_ce_5: 0.1568  loss_mask_5: 0.1017  loss_dice_5: 1.182  loss_ce_6: 0.1461  loss_mask_6: 0.08885  loss_dice_6: 0.9693  loss_ce_7: 0.1455  loss_mask_7: 0.07477  loss_dice_7: 1.029  loss_ce_8: 0.1473  loss_mask_8: 0.08852  loss_dice_8: 1.012    time: 0.8407  last_time: 0.9791  data_time: 0.2135  last_data_time: 0.2135   lr: 4.9593e-05  max_mem: 12313M
[03/18 00:58:26 d2.utils.events]:  eta: 2:09:03  iter: 519  total_loss: 20.1  loss_ce: 0.1892  loss_mask: 0.1139  loss_dice: 1.748  loss_ce_0: 0.3577  loss_mask_0: 0.1851  loss_dice_0: 1.905  loss_ce_1: 0.2038  loss_mask_1: 0.1106  loss_dice_1: 1.678  loss_ce_2: 0.3324  loss_mask_2: 0.1334  loss_dice_2: 1.732  loss_ce_3: 0.327  loss_mask_3: 0.1251  loss_dice_3: 1.705  loss_ce_4: 0.1987  loss_mask_4: 0.1128  loss_dice_4: 1.565  loss_ce_5: 0.1926  loss_mask_5: 0.1045  loss_dice_5: 1.645  loss_ce_6: 0.2024  loss_mask_6: 0.1029  loss_dice_6: 1.664  loss_ce_7: 0.2004  loss_mask_7: 0.1074  loss_dice_7: 1.419  loss_ce_8: 0.1958  loss_mask_8: 0.1144  loss_dice_8: 1.431    time: 0.8393  last_time: 0.8054  data_time: 0.1301  last_data_time: 0.1301   lr: 4.9668e-05  max_mem: 12313M
[03/18 00:58:44 d2.utils.events]:  eta: 2:08:54  iter: 539  total_loss: 16.42  loss_ce: 0.2517  loss_mask: 0.05707  loss_dice: 1.17  loss_ce_0: 0.3852  loss_mask_0: 0.1223  loss_dice_0: 1.769  loss_ce_1: 0.2255  loss_mask_1: 0.07852  loss_dice_1: 1.133  loss_ce_2: 0.2671  loss_mask_2: 0.0719  loss_dice_2: 1.385  loss_ce_3: 0.2641  loss_mask_3: 0.06793  loss_dice_3: 1.432  loss_ce_4: 0.2581  loss_mask_4: 0.05459  loss_dice_4: 1.047  loss_ce_5: 0.2314  loss_mask_5: 0.05803  loss_dice_5: 1.264  loss_ce_6: 0.2899  loss_mask_6: 0.07775  loss_dice_6: 1.301  loss_ce_7: 0.2201  loss_mask_7: 0.06103  loss_dice_7: 1.2  loss_ce_8: 0.2312  loss_mask_8: 0.07478  loss_dice_8: 1.365    time: 0.8409  last_time: 0.7714  data_time: 0.1224  last_data_time: 0.1224   lr: 4.9642e-05  max_mem: 12313M
[03/18 00:59:01 d2.utils.events]:  eta: 2:08:36  iter: 559  total_loss: 9.292  loss_ce: 0.142  loss_mask: 0.04553  loss_dice: 0.6822  loss_ce_0: 0.354  loss_mask_0: 0.06265  loss_dice_0: 0.8029  loss_ce_1: 0.1358  loss_mask_1: 0.0593  loss_dice_1: 0.8529  loss_ce_2: 0.1296  loss_mask_2: 0.06023  loss_dice_2: 0.8546  loss_ce_3: 0.1328  loss_mask_3: 0.04612  loss_dice_3: 0.6724  loss_ce_4: 0.1327  loss_mask_4: 0.04788  loss_dice_4: 0.6596  loss_ce_5: 0.1254  loss_mask_5: 0.04441  loss_dice_5: 0.6264  loss_ce_6: 0.09761  loss_mask_6: 0.04886  loss_dice_6: 0.7232  loss_ce_7: 0.08954  loss_mask_7: 0.04871  loss_dice_7: 0.7246  loss_ce_8: 0.1123  loss_mask_8: 0.04961  loss_dice_8: 0.7286    time: 0.8408  last_time: 0.7918  data_time: 0.1198  last_data_time: 0.1198   lr: 4.9615e-05  max_mem: 12313M
[03/18 00:59:18 d2.utils.events]:  eta: 2:08:20  iter: 579  total_loss: 13.21  loss_ce: 0.1238  loss_mask: 0.05898  loss_dice: 1.088  loss_ce_0: 0.3571  loss_mask_0: 0.1199  loss_dice_0: 1.255  loss_ce_1: 0.1552  loss_mask_1: 0.08449  loss_dice_1: 1.22  loss_ce_2: 0.1269  loss_mask_2: 0.08275  loss_dice_2: 1.235  loss_ce_3: 0.1108  loss_mask_3: 0.05629  loss_dice_3: 0.9263  loss_ce_4: 0.1291  loss_mask_4: 0.05812  loss_dice_4: 0.9702  loss_ce_5: 0.08969  loss_mask_5: 0.05569  loss_dice_5: 1.118  loss_ce_6: 0.08756  loss_mask_6: 0.05197  loss_dice_6: 1.054  loss_ce_7: 0.09826  loss_mask_7: 0.05864  loss_dice_7: 1.114  loss_ce_8: 0.1088  loss_mask_8: 0.06047  loss_dice_8: 1.155    time: 0.8409  last_time: 0.7841  data_time: 0.1080  last_data_time: 0.1080   lr: 4.9588e-05  max_mem: 12313M
[03/18 00:59:35 d2.utils.events]:  eta: 2:08:05  iter: 599  total_loss: 11.39  loss_ce: 0.2612  loss_mask: 0.06744  loss_dice: 0.8159  loss_ce_0: 0.3877  loss_mask_0: 0.1035  loss_dice_0: 1.102  loss_ce_1: 0.2532  loss_mask_1: 0.07505  loss_dice_1: 0.8408  loss_ce_2: 0.1162  loss_mask_2: 0.07985  loss_dice_2: 0.8621  loss_ce_3: 0.1341  loss_mask_3: 0.08212  loss_dice_3: 0.965  loss_ce_4: 0.1717  loss_mask_4: 0.06279  loss_dice_4: 0.8011  loss_ce_5: 0.1237  loss_mask_5: 0.07786  loss_dice_5: 0.8718  loss_ce_6: 0.1459  loss_mask_6: 0.06766  loss_dice_6: 0.8219  loss_ce_7: 0.1907  loss_mask_7: 0.06358  loss_dice_7: 0.8021  loss_ce_8: 0.1649  loss_mask_8: 0.06654  loss_dice_8: 0.8132    time: 0.8424  last_time: 0.8652  data_time: 0.1932  last_data_time: 0.1932   lr: 4.9559e-05  max_mem: 12313M
[03/18 00:59:53 d2.utils.events]:  eta: 2:07:49  iter: 619  total_loss: 12.57  loss_ce: 0.04778  loss_mask: 0.07693  loss_dice: 0.993  loss_ce_0: 0.2452  loss_mask_0: 0.1588  loss_dice_0: 1.59  loss_ce_1: 0.1243  loss_mask_1: 0.08537  loss_dice_1: 1.053  loss_ce_2: 0.1187  loss_mask_2: 0.07855  loss_dice_2: 1.027  loss_ce_3: 0.06403  loss_mask_3: 0.07672  loss_dice_3: 1.007  loss_ce_4: 0.05769  loss_mask_4: 0.0691  loss_dice_4: 1.012  loss_ce_5: 0.0553  loss_mask_5: 0.06462  loss_dice_5: 1.016  loss_ce_6: 0.05287  loss_mask_6: 0.0621  loss_dice_6: 0.8933  loss_ce_7: 0.05379  loss_mask_7: 0.06556  loss_dice_7: 1.122  loss_ce_8: 0.05436  loss_mask_8: 0.07231  loss_dice_8: 1.17    time: 0.8436  last_time: 1.3185  data_time: 0.6719  last_data_time: 0.6719   lr: 4.9529e-05  max_mem: 12313M
[03/18 01:00:10 d2.utils.events]:  eta: 2:07:29  iter: 639  total_loss: 14.22  loss_ce: 0.1091  loss_mask: 0.04491  loss_dice: 1.242  loss_ce_0: 0.2705  loss_mask_0: 0.06674  loss_dice_0: 1.593  loss_ce_1: 0.1033  loss_mask_1: 0.06198  loss_dice_1: 1.367  loss_ce_2: 0.1318  loss_mask_2: 0.02125  loss_dice_2: 1.024  loss_ce_3: 0.09488  loss_mask_3: 0.04349  loss_dice_3: 1.216  loss_ce_4: 0.0842  loss_mask_4: 0.05006  loss_dice_4: 1.386  loss_ce_5: 0.198  loss_mask_5: 0.03999  loss_dice_5: 1.046  loss_ce_6: 0.1425  loss_mask_6: 0.04953  loss_dice_6: 1.218  loss_ce_7: 0.1241  loss_mask_7: 0.03528  loss_dice_7: 1.088  loss_ce_8: 0.1052  loss_mask_8: 0.0456  loss_dice_8: 1.219    time: 0.8436  last_time: 0.7888  data_time: 0.1295  last_data_time: 0.1295   lr: 4.9498e-05  max_mem: 12313M
[03/18 01:00:28 d2.utils.events]:  eta: 2:07:14  iter: 659  total_loss: 10.09  loss_ce: 0.06458  loss_mask: 0.02592  loss_dice: 0.7461  loss_ce_0: 0.2634  loss_mask_0: 0.03556  loss_dice_0: 1.004  loss_ce_1: 0.07285  loss_mask_1: 0.02469  loss_dice_1: 0.7486  loss_ce_2: 0.08088  loss_mask_2: 0.02867  loss_dice_2: 0.7697  loss_ce_3: 0.1047  loss_mask_3: 0.03346  loss_dice_3: 0.9303  loss_ce_4: 0.1156  loss_mask_4: 0.03347  loss_dice_4: 1.138  loss_ce_5: 0.1004  loss_mask_5: 0.03249  loss_dice_5: 0.8234  loss_ce_6: 0.07435  loss_mask_6: 0.03553  loss_dice_6: 0.8899  loss_ce_7: 0.1021  loss_mask_7: 0.03092  loss_dice_7: 0.7702  loss_ce_8: 0.0686  loss_mask_8: 0.03341  loss_dice_8: 0.9091    time: 0.8440  last_time: 0.7957  data_time: 0.1302  last_data_time: 0.1302   lr: 4.9466e-05  max_mem: 12313M
[03/18 01:00:45 d2.utils.events]:  eta: 2:06:57  iter: 679  total_loss: 9.716  loss_ce: 0.1108  loss_mask: 0.07095  loss_dice: 0.6964  loss_ce_0: 0.4542  loss_mask_0: 0.08557  loss_dice_0: 0.7133  loss_ce_1: 0.1345  loss_mask_1: 0.07897  loss_dice_1: 0.687  loss_ce_2: 0.08432  loss_mask_2: 0.07429  loss_dice_2: 0.8266  loss_ce_3: 0.1481  loss_mask_3: 0.09264  loss_dice_3: 0.8509  loss_ce_4: 0.1384  loss_mask_4: 0.07855  loss_dice_4: 0.7894  loss_ce_5: 0.125  loss_mask_5: 0.07514  loss_dice_5: 0.8396  loss_ce_6: 0.09768  loss_mask_6: 0.06187  loss_dice_6: 0.6787  loss_ce_7: 0.1032  loss_mask_7: 0.07162  loss_dice_7: 0.7507  loss_ce_8: 0.1056  loss_mask_8: 0.06115  loss_dice_8: 0.6304    time: 0.8441  last_time: 0.8431  data_time: 0.1750  last_data_time: 0.1750   lr: 4.9433e-05  max_mem: 12313M
[03/18 01:01:02 d2.utils.events]:  eta: 2:06:42  iter: 699  total_loss: 12.85  loss_ce: 0.06341  loss_mask: 0.2214  loss_dice: 0.9078  loss_ce_0: 0.3428  loss_mask_0: 0.2384  loss_dice_0: 1.103  loss_ce_1: 0.07979  loss_mask_1: 0.1852  loss_dice_1: 1.093  loss_ce_2: 0.09599  loss_mask_2: 0.279  loss_dice_2: 0.7904  loss_ce_3: 0.06645  loss_mask_3: 0.2601  loss_dice_3: 0.82  loss_ce_4: 0.05109  loss_mask_4: 0.2925  loss_dice_4: 1.01  loss_ce_5: 0.05338  loss_mask_5: 0.2867  loss_dice_5: 0.9118  loss_ce_6: 0.05183  loss_mask_6: 0.2527  loss_dice_6: 0.9493  loss_ce_7: 0.05747  loss_mask_7: 0.2277  loss_dice_7: 0.9042  loss_ce_8: 0.0605  loss_mask_8: 0.2255  loss_dice_8: 0.9682    time: 0.8436  last_time: 0.7976  data_time: 0.1272  last_data_time: 0.1272   lr: 4.94e-05  max_mem: 12313M
[03/18 01:01:19 d2.utils.events]:  eta: 2:06:24  iter: 719  total_loss: 10.19  loss_ce: 0.02862  loss_mask: 0.06942  loss_dice: 0.788  loss_ce_0: 0.2433  loss_mask_0: 0.09795  loss_dice_0: 1.097  loss_ce_1: 0.05256  loss_mask_1: 0.08495  loss_dice_1: 0.8682  loss_ce_2: 0.05459  loss_mask_2: 0.07196  loss_dice_2: 0.9689  loss_ce_3: 0.03469  loss_mask_3: 0.07357  loss_dice_3: 0.824  loss_ce_4: 0.03371  loss_mask_4: 0.07292  loss_dice_4: 0.8478  loss_ce_5: 0.0311  loss_mask_5: 0.06921  loss_dice_5: 0.8671  loss_ce_6: 0.02982  loss_mask_6: 0.07585  loss_dice_6: 0.9274  loss_ce_7: 0.02651  loss_mask_7: 0.07473  loss_dice_7: 0.8709  loss_ce_8: 0.04927  loss_mask_8: 0.06937  loss_dice_8: 0.7828    time: 0.8437  last_time: 0.7827  data_time: 0.1196  last_data_time: 0.1196   lr: 4.9365e-05  max_mem: 12313M
[03/18 01:01:36 d2.utils.events]:  eta: 2:06:03  iter: 739  total_loss: 9.367  loss_ce: 0.02535  loss_mask: 0.0442  loss_dice: 0.6666  loss_ce_0: 0.2503  loss_mask_0: 0.09336  loss_dice_0: 1.296  loss_ce_1: 0.02882  loss_mask_1: 0.05822  loss_dice_1: 0.9419  loss_ce_2: 0.02789  loss_mask_2: 0.06141  loss_dice_2: 0.8534  loss_ce_3: 0.02697  loss_mask_3: 0.04657  loss_dice_3: 0.7038  loss_ce_4: 0.02795  loss_mask_4: 0.054  loss_dice_4: 0.8592  loss_ce_5: 0.02969  loss_mask_5: 0.04338  loss_dice_5: 0.9091  loss_ce_6: 0.02498  loss_mask_6: 0.03825  loss_dice_6: 0.6602  loss_ce_7: 0.02591  loss_mask_7: 0.04291  loss_dice_7: 0.6968  loss_ce_8: 0.02585  loss_mask_8: 0.04498  loss_dice_8: 0.7587    time: 0.8433  last_time: 0.7619  data_time: 0.1115  last_data_time: 0.1115   lr: 4.9329e-05  max_mem: 12313M
[03/18 01:01:53 d2.utils.events]:  eta: 2:05:41  iter: 759  total_loss: 12.54  loss_ce: 0.1551  loss_mask: 0.06695  loss_dice: 0.9954  loss_ce_0: 0.3243  loss_mask_0: 0.07187  loss_dice_0: 1.192  loss_ce_1: 0.1708  loss_mask_1: 0.05113  loss_dice_1: 0.9227  loss_ce_2: 0.1518  loss_mask_2: 0.06243  loss_dice_2: 0.9792  loss_ce_3: 0.1496  loss_mask_3: 0.06115  loss_dice_3: 1.069  loss_ce_4: 0.1559  loss_mask_4: 0.04877  loss_dice_4: 0.9018  loss_ce_5: 0.1537  loss_mask_5: 0.0547  loss_dice_5: 1.016  loss_ce_6: 0.154  loss_mask_6: 0.05977  loss_dice_6: 1.181  loss_ce_7: 0.1403  loss_mask_7: 0.05928  loss_dice_7: 1.059  loss_ce_8: 0.1436  loss_mask_8: 0.05487  loss_dice_8: 0.9383    time: 0.8434  last_time: 0.7869  data_time: 0.1243  last_data_time: 0.1243   lr: 4.9293e-05  max_mem: 12313M
[03/18 01:02:09 d2.utils.events]:  eta: 2:05:31  iter: 779  total_loss: 8.203  loss_ce: 0.04599  loss_mask: 0.04978  loss_dice: 0.6839  loss_ce_0: 0.2481  loss_mask_0: 0.05721  loss_dice_0: 0.6404  loss_ce_1: 0.04196  loss_mask_1: 0.0633  loss_dice_1: 0.8012  loss_ce_2: 0.06091  loss_mask_2: 0.05923  loss_dice_2: 0.6943  loss_ce_3: 0.1044  loss_mask_3: 0.05459  loss_dice_3: 0.5785  loss_ce_4: 0.04958  loss_mask_4: 0.05936  loss_dice_4: 0.7945  loss_ce_5: 0.0911  loss_mask_5: 0.04877  loss_dice_5: 0.678  loss_ce_6: 0.1128  loss_mask_6: 0.04712  loss_dice_6: 0.5382  loss_ce_7: 0.04692  loss_mask_7: 0.05748  loss_dice_7: 0.7974  loss_ce_8: 0.06218  loss_mask_8: 0.04168  loss_dice_8: 0.5937    time: 0.8431  last_time: 0.9924  data_time: 0.1693  last_data_time: 0.1693   lr: 4.9255e-05  max_mem: 12313M
[03/18 01:02:26 d2.utils.events]:  eta: 2:05:14  iter: 799  total_loss: 20.89  loss_ce: 0.1147  loss_mask: 0.1027  loss_dice: 1.795  loss_ce_0: 0.8431  loss_mask_0: 0.174  loss_dice_0: 2.07  loss_ce_1: 0.3067  loss_mask_1: 0.1278  loss_dice_1: 1.859  loss_ce_2: 0.2125  loss_mask_2: 0.1079  loss_dice_2: 1.818  loss_ce_3: 0.1739  loss_mask_3: 0.09908  loss_dice_3: 1.666  loss_ce_4: 0.2033  loss_mask_4: 0.08345  loss_dice_4: 1.49  loss_ce_5: 0.1503  loss_mask_5: 0.1002  loss_dice_5: 1.675  loss_ce_6: 0.1565  loss_mask_6: 0.1052  loss_dice_6: 1.604  loss_ce_7: 0.1906  loss_mask_7: 0.115  loss_dice_7: 1.682  loss_ce_8: 0.1147  loss_mask_8: 0.1027  loss_dice_8: 1.648    time: 0.8428  last_time: 1.1676  data_time: 0.4996  last_data_time: 0.4996   lr: 4.9217e-05  max_mem: 12313M
[03/18 01:02:44 d2.utils.events]:  eta: 2:04:58  iter: 819  total_loss: 11.86  loss_ce: 0.1151  loss_mask: 0.1554  loss_dice: 0.935  loss_ce_0: 0.3682  loss_mask_0: 0.184  loss_dice_0: 1.068  loss_ce_1: 0.1876  loss_mask_1: 0.1388  loss_dice_1: 1.03  loss_ce_2: 0.1139  loss_mask_2: 0.1513  loss_dice_2: 0.7913  loss_ce_3: 0.09602  loss_mask_3: 0.1413  loss_dice_3: 0.7789  loss_ce_4: 0.104  loss_mask_4: 0.1235  loss_dice_4: 0.8285  loss_ce_5: 0.1088  loss_mask_5: 0.1652  loss_dice_5: 0.8548  loss_ce_6: 0.1166  loss_mask_6: 0.157  loss_dice_6: 0.7896  loss_ce_7: 0.1088  loss_mask_7: 0.1554  loss_dice_7: 0.8921  loss_ce_8: 0.1173  loss_mask_8: 0.1443  loss_dice_8: 0.9369    time: 0.8435  last_time: 0.7788  data_time: 0.1216  last_data_time: 0.1216   lr: 4.9177e-05  max_mem: 12313M
[03/18 01:03:01 d2.utils.events]:  eta: 2:04:44  iter: 839  total_loss: 15.67  loss_ce: 0.08126  loss_mask: 0.07128  loss_dice: 1.324  loss_ce_0: 0.2538  loss_mask_0: 0.1176  loss_dice_0: 1.726  loss_ce_1: 0.1672  loss_mask_1: 0.09304  loss_dice_1: 1.368  loss_ce_2: 0.1124  loss_mask_2: 0.1116  loss_dice_2: 1.457  loss_ce_3: 0.1267  loss_mask_3: 0.07398  loss_dice_3: 1.096  loss_ce_4: 0.1098  loss_mask_4: 0.09531  loss_dice_4: 1.253  loss_ce_5: 0.1035  loss_mask_5: 0.07358  loss_dice_5: 1.17  loss_ce_6: 0.1341  loss_mask_6: 0.09735  loss_dice_6: 1.39  loss_ce_7: 0.07979  loss_mask_7: 0.08171  loss_dice_7: 1.323  loss_ce_8: 0.1224  loss_mask_8: 0.07441  loss_dice_8: 1.379    time: 0.8440  last_time: 0.9246  data_time: 0.2528  last_data_time: 0.2528   lr: 4.9137e-05  max_mem: 12313M
[03/18 01:03:18 d2.utils.events]:  eta: 2:04:23  iter: 859  total_loss: 8.965  loss_ce: 0.1026  loss_mask: 0.02646  loss_dice: 0.6202  loss_ce_0: 0.2418  loss_mask_0: 0.05253  loss_dice_0: 1.016  loss_ce_1: 0.1746  loss_mask_1: 0.03944  loss_dice_1: 0.6969  loss_ce_2: 0.1136  loss_mask_2: 0.0283  loss_dice_2: 0.6463  loss_ce_3: 0.08966  loss_mask_3: 0.03097  loss_dice_3: 0.9661  loss_ce_4: 0.1002  loss_mask_4: 0.0323  loss_dice_4: 0.7402  loss_ce_5: 0.09904  loss_mask_5: 0.03609  loss_dice_5: 0.8161  loss_ce_6: 0.1036  loss_mask_6: 0.02611  loss_dice_6: 0.6311  loss_ce_7: 0.1056  loss_mask_7: 0.02895  loss_dice_7: 0.633  loss_ce_8: 0.08838  loss_mask_8: 0.02778  loss_dice_8: 0.6506    time: 0.8439  last_time: 0.7507  data_time: 0.0753  last_data_time: 0.0753   lr: 4.9095e-05  max_mem: 12313M
[03/18 01:03:36 d2.utils.events]:  eta: 2:04:03  iter: 879  total_loss: 12.3  loss_ce: 0.0742  loss_mask: 0.059  loss_dice: 0.8973  loss_ce_0: 0.314  loss_mask_0: 0.07114  loss_dice_0: 1.272  loss_ce_1: 0.1191  loss_mask_1: 0.06344  loss_dice_1: 1.088  loss_ce_2: 0.08632  loss_mask_2: 0.05309  loss_dice_2: 0.9257  loss_ce_3: 0.106  loss_mask_3: 0.05682  loss_dice_3: 1.119  loss_ce_4: 0.113  loss_mask_4: 0.05114  loss_dice_4: 1.008  loss_ce_5: 0.1153  loss_mask_5: 0.05796  loss_dice_5: 1.026  loss_ce_6: 0.1068  loss_mask_6: 0.04713  loss_dice_6: 0.9724  loss_ce_7: 0.09732  loss_mask_7: 0.0558  loss_dice_7: 1.082  loss_ce_8: 0.075  loss_mask_8: 0.05832  loss_dice_8: 1.135    time: 0.8440  last_time: 0.7984  data_time: 0.1241  last_data_time: 0.1241   lr: 4.9053e-05  max_mem: 12313M
[03/18 01:03:53 d2.utils.events]:  eta: 2:03:48  iter: 899  total_loss: 7.318  loss_ce: 0.04585  loss_mask: 0.03986  loss_dice: 0.5664  loss_ce_0: 0.1945  loss_mask_0: 0.06034  loss_dice_0: 0.6559  loss_ce_1: 0.0608  loss_mask_1: 0.04152  loss_dice_1: 0.4804  loss_ce_2: 0.05291  loss_mask_2: 0.05063  loss_dice_2: 0.5671  loss_ce_3: 0.04801  loss_mask_3: 0.0456  loss_dice_3: 0.588  loss_ce_4: 0.05784  loss_mask_4: 0.04574  loss_dice_4: 0.7713  loss_ce_5: 0.05512  loss_mask_5: 0.04151  loss_dice_5: 0.5754  loss_ce_6: 0.0521  loss_mask_6: 0.04349  loss_dice_6: 0.64  loss_ce_7: 0.04812  loss_mask_7: 0.04265  loss_dice_7: 0.7016  loss_ce_8: 0.04708  loss_mask_8: 0.03995  loss_dice_8: 0.6578    time: 0.8441  last_time: 0.9489  data_time: 0.2907  last_data_time: 0.2907   lr: 4.901e-05  max_mem: 12313M
[03/18 01:04:11 d2.utils.events]:  eta: 2:03:39  iter: 919  total_loss: 17.21  loss_ce: 0.1039  loss_mask: 0.04548  loss_dice: 1.5  loss_ce_0: 0.2766  loss_mask_0: 0.04688  loss_dice_0: 1.847  loss_ce_1: 0.1634  loss_mask_1: 0.05809  loss_dice_1: 1.579  loss_ce_2: 0.1132  loss_mask_2: 0.03978  loss_dice_2: 1.481  loss_ce_3: 0.07874  loss_mask_3: 0.04901  loss_dice_3: 1.582  loss_ce_4: 0.1075  loss_mask_4: 0.03957  loss_dice_4: 1.435  loss_ce_5: 0.1006  loss_mask_5: 0.04075  loss_dice_5: 1.282  loss_ce_6: 0.06508  loss_mask_6: 0.05171  loss_dice_6: 1.658  loss_ce_7: 0.1027  loss_mask_7: 0.06098  loss_dice_7: 1.553  loss_ce_8: 0.06804  loss_mask_8: 0.0458  loss_dice_8: 1.635    time: 0.8457  last_time: 0.8863  data_time: 0.2231  last_data_time: 0.2231   lr: 4.8965e-05  max_mem: 12313M
[03/18 01:04:28 d2.utils.events]:  eta: 2:03:19  iter: 939  total_loss: 15.27  loss_ce: 0.07645  loss_mask: 0.04042  loss_dice: 1.362  loss_ce_0: 0.2471  loss_mask_0: 0.1034  loss_dice_0: 1.506  loss_ce_1: 0.1039  loss_mask_1: 0.07529  loss_dice_1: 1.617  loss_ce_2: 0.135  loss_mask_2: 0.06196  loss_dice_2: 1.475  loss_ce_3: 0.1299  loss_mask_3: 0.04787  loss_dice_3: 1.048  loss_ce_4: 0.1534  loss_mask_4: 0.05241  loss_dice_4: 1.159  loss_ce_5: 0.07627  loss_mask_5: 0.0392  loss_dice_5: 1.21  loss_ce_6: 0.07661  loss_mask_6: 0.04207  loss_dice_6: 1.49  loss_ce_7: 0.1253  loss_mask_7: 0.03776  loss_dice_7: 1.056  loss_ce_8: 0.07685  loss_mask_8: 0.04277  loss_dice_8: 1.608    time: 0.8453  last_time: 0.7946  data_time: 0.1272  last_data_time: 0.1272   lr: 4.892e-05  max_mem: 12313M
[03/18 01:04:45 d2.utils.events]:  eta: 2:03:04  iter: 959  total_loss: 12.75  loss_ce: 0.1751  loss_mask: 0.06117  loss_dice: 0.9332  loss_ce_0: 0.4585  loss_mask_0: 0.09929  loss_dice_0: 1.363  loss_ce_1: 0.3043  loss_mask_1: 0.07785  loss_dice_1: 0.9722  loss_ce_2: 0.2052  loss_mask_2: 0.07622  loss_dice_2: 0.9437  loss_ce_3: 0.1353  loss_mask_3: 0.05958  loss_dice_3: 0.9651  loss_ce_4: 0.1334  loss_mask_4: 0.06286  loss_dice_4: 0.9491  loss_ce_5: 0.1755  loss_mask_5: 0.06581  loss_dice_5: 0.9523  loss_ce_6: 0.1193  loss_mask_6: 0.06297  loss_dice_6: 1.015  loss_ce_7: 0.1673  loss_mask_7: 0.06183  loss_dice_7: 0.948  loss_ce_8: 0.1674  loss_mask_8: 0.05711  loss_dice_8: 0.9778    time: 0.8451  last_time: 0.8830  data_time: 0.2099  last_data_time: 0.2099   lr: 4.8874e-05  max_mem: 12313M
[03/18 01:05:02 d2.utils.events]:  eta: 2:02:47  iter: 979  total_loss: 12.55  loss_ce: 0.07133  loss_mask: 0.1558  loss_dice: 0.9266  loss_ce_0: 0.2366  loss_mask_0: 0.2098  loss_dice_0: 1.25  loss_ce_1: 0.08934  loss_mask_1: 0.2204  loss_dice_1: 1.169  loss_ce_2: 0.1225  loss_mask_2: 0.158  loss_dice_2: 0.9232  loss_ce_3: 0.07172  loss_mask_3: 0.1599  loss_dice_3: 1.008  loss_ce_4: 0.08291  loss_mask_4: 0.1695  loss_dice_4: 0.8894  loss_ce_5: 0.0705  loss_mask_5: 0.1688  loss_dice_5: 0.9637  loss_ce_6: 0.06975  loss_mask_6: 0.1491  loss_dice_6: 0.9356  loss_ce_7: 0.07342  loss_mask_7: 0.1637  loss_dice_7: 0.8807  loss_ce_8: 0.0738  loss_mask_8: 0.1664  loss_dice_8: 0.9214    time: 0.8445  last_time: 0.8266  data_time: 0.1605  last_data_time: 0.1605   lr: 4.8827e-05  max_mem: 12313M
[03/18 01:05:19 d2.utils.events]:  eta: 2:02:35  iter: 999  total_loss: 10.58  loss_ce: 0.08418  loss_mask: 0.07193  loss_dice: 0.8368  loss_ce_0: 0.3726  loss_mask_0: 0.0413  loss_dice_0: 0.727  loss_ce_1: 0.1706  loss_mask_1: 0.06078  loss_dice_1: 0.8975  loss_ce_2: 0.1017  loss_mask_2: 0.08748  loss_dice_2: 0.8973  loss_ce_3: 0.07946  loss_mask_3: 0.07575  loss_dice_3: 0.819  loss_ce_4: 0.06977  loss_mask_4: 0.08361  loss_dice_4: 1.091  loss_ce_5: 0.07217  loss_mask_5: 0.06399  loss_dice_5: 0.8217  loss_ce_6: 0.08073  loss_mask_6: 0.06757  loss_dice_6: 0.8612  loss_ce_7: 0.08025  loss_mask_7: 0.08185  loss_dice_7: 0.8582  loss_ce_8: 0.08153  loss_mask_8: 0.06978  loss_dice_8: 0.873    time: 0.8446  last_time: 0.8454  data_time: 0.1794  last_data_time: 0.1794   lr: 4.8779e-05  max_mem: 12313M
[03/18 01:05:36 d2.utils.events]:  eta: 2:02:17  iter: 1019  total_loss: 14.11  loss_ce: 0.1372  loss_mask: 0.07041  loss_dice: 0.9503  loss_ce_0: 0.2445  loss_mask_0: 0.1254  loss_dice_0: 1.375  loss_ce_1: 0.2112  loss_mask_1: 0.09088  loss_dice_1: 0.9769  loss_ce_2: 0.1246  loss_mask_2: 0.1206  loss_dice_2: 1.509  loss_ce_3: 0.1667  loss_mask_3: 0.08106  loss_dice_3: 1.096  loss_ce_4: 0.09628  loss_mask_4: 0.06299  loss_dice_4: 1.249  loss_ce_5: 0.06584  loss_mask_5: 0.07266  loss_dice_5: 1.49  loss_ce_6: 0.1543  loss_mask_6: 0.07118  loss_dice_6: 1.07  loss_ce_7: 0.1498  loss_mask_7: 0.07217  loss_dice_7: 1.062  loss_ce_8: 0.1515  loss_mask_8: 0.06753  loss_dice_8: 0.99    time: 0.8450  last_time: 0.8537  data_time: 0.1953  last_data_time: 0.1953   lr: 4.873e-05  max_mem: 12313M
[03/18 01:05:54 d2.utils.events]:  eta: 2:02:00  iter: 1039  total_loss: 12.48  loss_ce: 0.1325  loss_mask: 0.05518  loss_dice: 0.9679  loss_ce_0: 0.3736  loss_mask_0: 0.09431  loss_dice_0: 1.239  loss_ce_1: 0.1416  loss_mask_1: 0.0556  loss_dice_1: 0.8985  loss_ce_2: 0.1231  loss_mask_2: 0.04651  loss_dice_2: 0.8925  loss_ce_3: 0.16  loss_mask_3: 0.04757  loss_dice_3: 0.9355  loss_ce_4: 0.1395  loss_mask_4: 0.0519  loss_dice_4: 1.101  loss_ce_5: 0.09136  loss_mask_5: 0.05522  loss_dice_5: 1.086  loss_ce_6: 0.1352  loss_mask_6: 0.06266  loss_dice_6: 0.9092  loss_ce_7: 0.1336  loss_mask_7: 0.06349  loss_dice_7: 1.175  loss_ce_8: 0.09048  loss_mask_8: 0.05983  loss_dice_8: 1.164    time: 0.8455  last_time: 0.7465  data_time: 0.0703  last_data_time: 0.0703   lr: 4.868e-05  max_mem: 12313M
[03/18 01:06:12 d2.utils.events]:  eta: 2:01:48  iter: 1059  total_loss: 8.959  loss_ce: 0.05395  loss_mask: 0.05099  loss_dice: 0.736  loss_ce_0: 0.1755  loss_mask_0: 0.08237  loss_dice_0: 1.349  loss_ce_1: 0.07354  loss_mask_1: 0.04892  loss_dice_1: 0.712  loss_ce_2: 0.06237  loss_mask_2: 0.04901  loss_dice_2: 0.9379  loss_ce_3: 0.07037  loss_mask_3: 0.06143  loss_dice_3: 0.8036  loss_ce_4: 0.06302  loss_mask_4: 0.05022  loss_dice_4: 0.8076  loss_ce_5: 0.06036  loss_mask_5: 0.05158  loss_dice_5: 0.6586  loss_ce_6: 0.05896  loss_mask_6: 0.04019  loss_dice_6: 0.4687  loss_ce_7: 0.05563  loss_mask_7: 0.0536  loss_dice_7: 0.675  loss_ce_8: 0.05696  loss_mask_8: 0.04527  loss_dice_8: 0.5462    time: 0.8461  last_time: 0.8788  data_time: 0.2247  last_data_time: 0.2247   lr: 4.8629e-05  max_mem: 12313M
[03/18 01:06:29 d2.utils.events]:  eta: 2:01:33  iter: 1079  total_loss: 12.06  loss_ce: 0.161  loss_mask: 0.02873  loss_dice: 0.8891  loss_ce_0: 0.356  loss_mask_0: 0.0311  loss_dice_0: 1.227  loss_ce_1: 0.1641  loss_mask_1: 0.02162  loss_dice_1: 1.008  loss_ce_2: 0.1907  loss_mask_2: 0.0346  loss_dice_2: 1.237  loss_ce_3: 0.1477  loss_mask_3: 0.02176  loss_dice_3: 0.7049  loss_ce_4: 0.1455  loss_mask_4: 0.0299  loss_dice_4: 1.077  loss_ce_5: 0.1366  loss_mask_5: 0.02452  loss_dice_5: 0.908  loss_ce_6: 0.131  loss_mask_6: 0.02452  loss_dice_6: 0.7127  loss_ce_7: 0.1072  loss_mask_7: 0.03753  loss_dice_7: 1.469  loss_ce_8: 0.1607  loss_mask_8: 0.03709  loss_dice_8: 0.8369    time: 0.8468  last_time: 1.5788  data_time: 0.7662  last_data_time: 0.7662   lr: 4.8577e-05  max_mem: 12313M
[03/18 01:06:46 d2.utils.events]:  eta: 2:01:17  iter: 1099  total_loss: 18.44  loss_ce: 0.0833  loss_mask: 0.2888  loss_dice: 1.289  loss_ce_0: 0.3309  loss_mask_0: 0.5673  loss_dice_0: 1.827  loss_ce_1: 0.08864  loss_mask_1: 0.3553  loss_dice_1: 1.592  loss_ce_2: 0.09004  loss_mask_2: 0.3116  loss_dice_2: 1.445  loss_ce_3: 0.08154  loss_mask_3: 0.3432  loss_dice_3: 1.267  loss_ce_4: 0.09555  loss_mask_4: 0.2727  loss_dice_4: 1.241  loss_ce_5: 0.09595  loss_mask_5: 0.2317  loss_dice_5: 1.415  loss_ce_6: 0.08503  loss_mask_6: 0.3031  loss_dice_6: 1.313  loss_ce_7: 0.08824  loss_mask_7: 0.3191  loss_dice_7: 1.287  loss_ce_8: 0.08003  loss_mask_8: 0.3436  loss_dice_8: 1.314    time: 0.8463  last_time: 0.8774  data_time: 0.2165  last_data_time: 0.2165   lr: 4.8525e-05  max_mem: 12313M
[03/18 01:07:03 d2.utils.events]:  eta: 2:01:00  iter: 1119  total_loss: 14.89  loss_ce: 0.1795  loss_mask: 0.07275  loss_dice: 0.9156  loss_ce_0: 0.3041  loss_mask_0: 0.1171  loss_dice_0: 1.322  loss_ce_1: 0.2007  loss_mask_1: 0.09108  loss_dice_1: 1.252  loss_ce_2: 0.1654  loss_mask_2: 0.08309  loss_dice_2: 1.206  loss_ce_3: 0.198  loss_mask_3: 0.08511  loss_dice_3: 1.179  loss_ce_4: 0.1559  loss_mask_4: 0.1064  loss_dice_4: 1.253  loss_ce_5: 0.1434  loss_mask_5: 0.07845  loss_dice_5: 1.215  loss_ce_6: 0.1476  loss_mask_6: 0.1009  loss_dice_6: 1.334  loss_ce_7: 0.162  loss_mask_7: 0.0828  loss_dice_7: 1.246  loss_ce_8: 0.1638  loss_mask_8: 0.08313  loss_dice_8: 1.251    time: 0.8466  last_time: 0.9666  data_time: 0.3101  last_data_time: 0.3101   lr: 4.8471e-05  max_mem: 12313M
[03/18 01:07:20 d2.utils.events]:  eta: 2:00:40  iter: 1139  total_loss: 12.65  loss_ce: 0.07898  loss_mask: 0.07699  loss_dice: 1.051  loss_ce_0: 0.331  loss_mask_0: 0.09533  loss_dice_0: 1.209  loss_ce_1: 0.1606  loss_mask_1: 0.09622  loss_dice_1: 1.121  loss_ce_2: 0.1382  loss_mask_2: 0.09061  loss_dice_2: 1.031  loss_ce_3: 0.09301  loss_mask_3: 0.09771  loss_dice_3: 1.064  loss_ce_4: 0.1131  loss_mask_4: 0.08761  loss_dice_4: 1.059  loss_ce_5: 0.1153  loss_mask_5: 0.08462  loss_dice_5: 1.047  loss_ce_6: 0.07993  loss_mask_6: 0.08185  loss_dice_6: 0.9802  loss_ce_7: 0.07649  loss_mask_7: 0.08192  loss_dice_7: 1.023  loss_ce_8: 0.1116  loss_mask_8: 0.07782  loss_dice_8: 0.8977    time: 0.8464  last_time: 0.8287  data_time: 0.1584  last_data_time: 0.1584   lr: 4.8416e-05  max_mem: 12313M
[03/18 01:07:37 d2.utils.events]:  eta: 2:00:20  iter: 1159  total_loss: 8.932  loss_ce: 0.08452  loss_mask: 0.04056  loss_dice: 0.7869  loss_ce_0: 0.4232  loss_mask_0: 0.1147  loss_dice_0: 0.888  loss_ce_1: 0.154  loss_mask_1: 0.05248  loss_dice_1: 0.7372  loss_ce_2: 0.1419  loss_mask_2: 0.03797  loss_dice_2: 0.6513  loss_ce_3: 0.1127  loss_mask_3: 0.03831  loss_dice_3: 0.6951  loss_ce_4: 0.09526  loss_mask_4: 0.03605  loss_dice_4: 0.7029  loss_ce_5: 0.08507  loss_mask_5: 0.0326  loss_dice_5: 0.6741  loss_ce_6: 0.08031  loss_mask_6: 0.0314  loss_dice_6: 0.5795  loss_ce_7: 0.07952  loss_mask_7: 0.03163  loss_dice_7: 0.6207  loss_ce_8: 0.08365  loss_mask_8: 0.03699  loss_dice_8: 0.803    time: 0.8459  last_time: 0.7899  data_time: 0.1129  last_data_time: 0.1129   lr: 4.8361e-05  max_mem: 12313M
[03/18 01:07:53 d2.utils.events]:  eta: 2:00:07  iter: 1179  total_loss: 11.66  loss_ce: 0.0948  loss_mask: 0.05517  loss_dice: 0.9897  loss_ce_0: 0.2604  loss_mask_0: 0.07126  loss_dice_0: 1.231  loss_ce_1: 0.1606  loss_mask_1: 0.0449  loss_dice_1: 0.8812  loss_ce_2: 0.1508  loss_mask_2: 0.05568  loss_dice_2: 0.8043  loss_ce_3: 0.08354  loss_mask_3: 0.06248  loss_dice_3: 1.07  loss_ce_4: 0.1183  loss_mask_4: 0.06136  loss_dice_4: 0.9044  loss_ce_5: 0.09397  loss_mask_5: 0.06588  loss_dice_5: 1.129  loss_ce_6: 0.09016  loss_mask_6: 0.0589  loss_dice_6: 0.9954  loss_ce_7: 0.1305  loss_mask_7: 0.04968  loss_dice_7: 0.8201  loss_ce_8: 0.1182  loss_mask_8: 0.05465  loss_dice_8: 0.9503    time: 0.8454  last_time: 0.7868  data_time: 0.1178  last_data_time: 0.1178   lr: 4.8305e-05  max_mem: 12313M
[03/18 01:08:11 d2.utils.events]:  eta: 1:59:52  iter: 1199  total_loss: 11.71  loss_ce: 0.1118  loss_mask: 0.1221  loss_dice: 0.8917  loss_ce_0: 0.3477  loss_mask_0: 0.09717  loss_dice_0: 0.9541  loss_ce_1: 0.114  loss_mask_1: 0.1561  loss_dice_1: 1.022  loss_ce_2: 0.1373  loss_mask_2: 0.1105  loss_dice_2: 0.8396  loss_ce_3: 0.1165  loss_mask_3: 0.1119  loss_dice_3: 0.9309  loss_ce_4: 0.1165  loss_mask_4: 0.09464  loss_dice_4: 0.8725  loss_ce_5: 0.1233  loss_mask_5: 0.09576  loss_dice_5: 0.8674  loss_ce_6: 0.1189  loss_mask_6: 0.1271  loss_dice_6: 0.9688  loss_ce_7: 0.1187  loss_mask_7: 0.1229  loss_dice_7: 0.9165  loss_ce_8: 0.119  loss_mask_8: 0.1226  loss_dice_8: 0.8582    time: 0.8458  last_time: 0.8785  data_time: 0.2068  last_data_time: 0.2068   lr: 4.8247e-05  max_mem: 12313M
[03/18 01:08:28 d2.utils.events]:  eta: 1:59:37  iter: 1219  total_loss: 12.03  loss_ce: 0.1103  loss_mask: 0.08569  loss_dice: 0.9883  loss_ce_0: 0.3258  loss_mask_0: 0.1086  loss_dice_0: 1.061  loss_ce_1: 0.1913  loss_mask_1: 0.06969  loss_dice_1: 0.9261  loss_ce_2: 0.1144  loss_mask_2: 0.08122  loss_dice_2: 1.162  loss_ce_3: 0.1071  loss_mask_3: 0.07518  loss_dice_3: 0.9184  loss_ce_4: 0.1051  loss_mask_4: 0.07525  loss_dice_4: 0.7993  loss_ce_5: 0.08015  loss_mask_5: 0.07066  loss_dice_5: 0.9578  loss_ce_6: 0.1241  loss_mask_6: 0.07039  loss_dice_6: 0.8925  loss_ce_7: 0.136  loss_mask_7: 0.08437  loss_dice_7: 0.8728  loss_ce_8: 0.1151  loss_mask_8: 0.0868  loss_dice_8: 1.232    time: 0.8461  last_time: 1.2533  data_time: 0.5781  last_data_time: 0.5781   lr: 4.8189e-05  max_mem: 12313M
[03/18 01:08:45 d2.utils.events]:  eta: 1:59:18  iter: 1239  total_loss: 15.01  loss_ce: 0.0659  loss_mask: 0.1097  loss_dice: 1.242  loss_ce_0: 0.1668  loss_mask_0: 0.135  loss_dice_0: 1.693  loss_ce_1: 0.03717  loss_mask_1: 0.1129  loss_dice_1: 1.457  loss_ce_2: 0.1131  loss_mask_2: 0.1  loss_dice_2: 1.322  loss_ce_3: 0.09058  loss_mask_3: 0.096  loss_dice_3: 1.188  loss_ce_4: 0.08999  loss_mask_4: 0.08754  loss_dice_4: 1.194  loss_ce_5: 0.06778  loss_mask_5: 0.08695  loss_dice_5: 1.299  loss_ce_6: 0.0645  loss_mask_6: 0.09635  loss_dice_6: 1.227  loss_ce_7: 0.06995  loss_mask_7: 0.09525  loss_dice_7: 1.321  loss_ce_8: 0.06425  loss_mask_8: 0.08636  loss_dice_8: 1.23    time: 0.8458  last_time: 0.7834  data_time: 0.1065  last_data_time: 0.1065   lr: 4.813e-05  max_mem: 12313M
[03/18 01:09:03 d2.utils.events]:  eta: 1:59:01  iter: 1259  total_loss: 9.477  loss_ce: 0.03929  loss_mask: 0.03218  loss_dice: 0.8812  loss_ce_0: 0.2828  loss_mask_0: 0.03593  loss_dice_0: 1.052  loss_ce_1: 0.06316  loss_mask_1: 0.04653  loss_dice_1: 0.8776  loss_ce_2: 0.1293  loss_mask_2: 0.03328  loss_dice_2: 0.7934  loss_ce_3: 0.08787  loss_mask_3: 0.03291  loss_dice_3: 0.7827  loss_ce_4: 0.1225  loss_mask_4: 0.02914  loss_dice_4: 0.7926  loss_ce_5: 0.04665  loss_mask_5: 0.02929  loss_dice_5: 0.7192  loss_ce_6: 0.03832  loss_mask_6: 0.02646  loss_dice_6: 0.7114  loss_ce_7: 0.03756  loss_mask_7: 0.03537  loss_dice_7: 0.9044  loss_ce_8: 0.03886  loss_mask_8: 0.03026  loss_dice_8: 0.7455    time: 0.8461  last_time: 0.9109  data_time: 0.2362  last_data_time: 0.2362   lr: 4.807e-05  max_mem: 12313M
[03/18 01:09:20 d2.utils.events]:  eta: 1:58:48  iter: 1279  total_loss: 7.926  loss_ce: 0.04745  loss_mask: 0.03129  loss_dice: 0.7069  loss_ce_0: 0.2107  loss_mask_0: 0.03844  loss_dice_0: 0.7308  loss_ce_1: 0.07806  loss_mask_1: 0.04108  loss_dice_1: 0.6301  loss_ce_2: 0.0531  loss_mask_2: 0.03617  loss_dice_2: 0.773  loss_ce_3: 0.05236  loss_mask_3: 0.03628  loss_dice_3: 0.582  loss_ce_4: 0.04889  loss_mask_4: 0.03368  loss_dice_4: 0.6758  loss_ce_5: 0.04445  loss_mask_5: 0.03359  loss_dice_5: 0.6574  loss_ce_6: 0.04727  loss_mask_6: 0.0387  loss_dice_6: 0.7727  loss_ce_7: 0.04615  loss_mask_7: 0.03248  loss_dice_7: 0.6933  loss_ce_8: 0.0463  loss_mask_8: 0.03407  loss_dice_8: 0.674    time: 0.8465  last_time: 0.8120  data_time: 0.1390  last_data_time: 0.1390   lr: 4.8009e-05  max_mem: 12313M
[03/18 01:09:38 d2.utils.events]:  eta: 1:58:35  iter: 1299  total_loss: 13.96  loss_ce: 0.1475  loss_mask: 0.03824  loss_dice: 1.044  loss_ce_0: 0.306  loss_mask_0: 0.07869  loss_dice_0: 1.48  loss_ce_1: 0.1464  loss_mask_1: 0.05532  loss_dice_1: 1.316  loss_ce_2: 0.2379  loss_mask_2: 0.05295  loss_dice_2: 1.21  loss_ce_3: 0.1172  loss_mask_3: 0.03334  loss_dice_3: 1.12  loss_ce_4: 0.1031  loss_mask_4: 0.03615  loss_dice_4: 0.9962  loss_ce_5: 0.1426  loss_mask_5: 0.06498  loss_dice_5: 1.356  loss_ce_6: 0.1698  loss_mask_6: 0.03918  loss_dice_6: 1.187  loss_ce_7: 0.113  loss_mask_7: 0.04266  loss_dice_7: 1.196  loss_ce_8: 0.1079  loss_mask_8: 0.04233  loss_dice_8: 0.9817    time: 0.8468  last_time: 0.8587  data_time: 0.1946  last_data_time: 0.1946   lr: 4.7947e-05  max_mem: 12313M
[03/18 01:09:55 d2.utils.events]:  eta: 1:58:20  iter: 1319  total_loss: 28.49  loss_ce: 0.4404  loss_mask: 0.224  loss_dice: 2.217  loss_ce_0: 0.8097  loss_mask_0: 0.2232  loss_dice_0: 2.131  loss_ce_1: 0.297  loss_mask_1: 0.2637  loss_dice_1: 2.258  loss_ce_2: 0.3499  loss_mask_2: 0.2447  loss_dice_2: 2.198  loss_ce_3: 0.4478  loss_mask_3: 0.2291  loss_dice_3: 2.063  loss_ce_4: 0.4967  loss_mask_4: 0.2406  loss_dice_4: 2.146  loss_ce_5: 0.4234  loss_mask_5: 0.2205  loss_dice_5: 2.219  loss_ce_6: 0.4444  loss_mask_6: 0.2428  loss_dice_6: 2.177  loss_ce_7: 0.4282  loss_mask_7: 0.2631  loss_dice_7: 2.12  loss_ce_8: 0.3852  loss_mask_8: 0.2005  loss_dice_8: 2.083    time: 0.8465  last_time: 0.8271  data_time: 0.1579  last_data_time: 0.1579   lr: 4.7884e-05  max_mem: 12313M
[03/18 01:10:13 d2.utils.events]:  eta: 1:58:12  iter: 1339  total_loss: 7.665  loss_ce: 0.03723  loss_mask: 0.04682  loss_dice: 0.7665  loss_ce_0: 0.1751  loss_mask_0: 0.06086  loss_dice_0: 0.7039  loss_ce_1: 0.04415  loss_mask_1: 0.05629  loss_dice_1: 0.7076  loss_ce_2: 0.03956  loss_mask_2: 0.03391  loss_dice_2: 0.66  loss_ce_3: 0.03748  loss_mask_3: 0.04519  loss_dice_3: 0.622  loss_ce_4: 0.03833  loss_mask_4: 0.04079  loss_dice_4: 0.6267  loss_ce_5: 0.03691  loss_mask_5: 0.03685  loss_dice_5: 0.6592  loss_ce_6: 0.04081  loss_mask_6: 0.03374  loss_dice_6: 0.5949  loss_ce_7: 0.03715  loss_mask_7: 0.03753  loss_dice_7: 0.6762  loss_ce_8: 0.03606  loss_mask_8: 0.03812  loss_dice_8: 0.6946    time: 0.8475  last_time: 0.8082  data_time: 0.1397  last_data_time: 0.1397   lr: 4.782e-05  max_mem: 12313M
[03/18 01:10:30 d2.utils.events]:  eta: 1:57:56  iter: 1359  total_loss: 10.83  loss_ce: 0.08305  loss_mask: 0.04429  loss_dice: 0.9324  loss_ce_0: 0.3381  loss_mask_0: 0.04558  loss_dice_0: 1.068  loss_ce_1: 0.1387  loss_mask_1: 0.03502  loss_dice_1: 0.8243  loss_ce_2: 0.1147  loss_mask_2: 0.04263  loss_dice_2: 1.007  loss_ce_3: 0.07909  loss_mask_3: 0.04025  loss_dice_3: 0.8493  loss_ce_4: 0.08068  loss_mask_4: 0.04242  loss_dice_4: 0.9812  loss_ce_5: 0.1033  loss_mask_5: 0.04194  loss_dice_5: 0.9128  loss_ce_6: 0.09241  loss_mask_6: 0.03761  loss_dice_6: 0.8279  loss_ce_7: 0.09021  loss_mask_7: 0.04726  loss_dice_7: 0.9845  loss_ce_8: 0.0835  loss_mask_8: 0.03785  loss_dice_8: 0.8278    time: 0.8470  last_time: 0.8560  data_time: 0.1558  last_data_time: 0.1558   lr: 4.7756e-05  max_mem: 12313M
[03/18 01:10:47 d2.utils.events]:  eta: 1:57:46  iter: 1379  total_loss: 11.48  loss_ce: 0.09453  loss_mask: 0.09294  loss_dice: 0.9372  loss_ce_0: 0.2842  loss_mask_0: 0.2184  loss_dice_0: 1.252  loss_ce_1: 0.113  loss_mask_1: 0.1103  loss_dice_1: 0.9731  loss_ce_2: 0.1609  loss_mask_2: 0.09612  loss_dice_2: 0.9714  loss_ce_3: 0.1131  loss_mask_3: 0.09403  loss_dice_3: 0.8768  loss_ce_4: 0.09955  loss_mask_4: 0.07715  loss_dice_4: 0.9057  loss_ce_5: 0.0944  loss_mask_5: 0.06958  loss_dice_5: 0.7979  loss_ce_6: 0.09404  loss_mask_6: 0.07965  loss_dice_6: 0.8712  loss_ce_7: 0.08622  loss_mask_7: 0.08153  loss_dice_7: 0.8455  loss_ce_8: 0.09338  loss_mask_8: 0.08273  loss_dice_8: 0.8162    time: 0.8468  last_time: 0.8796  data_time: 0.1981  last_data_time: 0.1981   lr: 4.769e-05  max_mem: 12313M
[03/18 01:11:04 d2.utils.events]:  eta: 1:57:29  iter: 1399  total_loss: 11.03  loss_ce: 0.137  loss_mask: 0.03494  loss_dice: 0.8289  loss_ce_0: 0.3188  loss_mask_0: 0.06805  loss_dice_0: 1.075  loss_ce_1: 0.1854  loss_mask_1: 0.03909  loss_dice_1: 0.9036  loss_ce_2: 0.1481  loss_mask_2: 0.03082  loss_dice_2: 0.8829  loss_ce_3: 0.1612  loss_mask_3: 0.02972  loss_dice_3: 0.5806  loss_ce_4: 0.132  loss_mask_4: 0.03078  loss_dice_4: 0.9622  loss_ce_5: 0.1307  loss_mask_5: 0.0292  loss_dice_5: 0.8544  loss_ce_6: 0.1326  loss_mask_6: 0.04351  loss_dice_6: 1.427  loss_ce_7: 0.1464  loss_mask_7: 0.03608  loss_dice_7: 0.7847  loss_ce_8: 0.1765  loss_mask_8: 0.03936  loss_dice_8: 0.6758    time: 0.8470  last_time: 0.8342  data_time: 0.1553  last_data_time: 0.1553   lr: 4.7624e-05  max_mem: 12313M
[03/18 01:11:22 d2.utils.events]:  eta: 1:57:18  iter: 1419  total_loss: 13.61  loss_ce: 0.1743  loss_mask: 0.06594  loss_dice: 0.907  loss_ce_0: 0.3658  loss_mask_0: 0.1603  loss_dice_0: 1.176  loss_ce_1: 0.2021  loss_mask_1: 0.09153  loss_dice_1: 0.988  loss_ce_2: 0.1521  loss_mask_2: 0.09226  loss_dice_2: 1.21  loss_ce_3: 0.1187  loss_mask_3: 0.09738  loss_dice_3: 1.212  loss_ce_4: 0.07987  loss_mask_4: 0.08547  loss_dice_4: 1.231  loss_ce_5: 0.193  loss_mask_5: 0.07915  loss_dice_5: 1.048  loss_ce_6: 0.1171  loss_mask_6: 0.08262  loss_dice_6: 1.177  loss_ce_7: 0.1551  loss_mask_7: 0.07827  loss_dice_7: 1.06  loss_ce_8: 0.1659  loss_mask_8: 0.06637  loss_dice_8: 0.9724    time: 0.8475  last_time: 0.7948  data_time: 0.1239  last_data_time: 0.1239   lr: 4.7557e-05  max_mem: 12313M
[03/18 01:11:39 d2.utils.events]:  eta: 1:56:56  iter: 1439  total_loss: 11.48  loss_ce: 0.127  loss_mask: 0.0579  loss_dice: 0.8038  loss_ce_0: 0.4026  loss_mask_0: 0.1524  loss_dice_0: 1.414  loss_ce_1: 0.2556  loss_mask_1: 0.06338  loss_dice_1: 0.7547  loss_ce_2: 0.2106  loss_mask_2: 0.06135  loss_dice_2: 0.8437  loss_ce_3: 0.1148  loss_mask_3: 0.06113  loss_dice_3: 0.9804  loss_ce_4: 0.1613  loss_mask_4: 0.05846  loss_dice_4: 0.8854  loss_ce_5: 0.1569  loss_mask_5: 0.05779  loss_dice_5: 0.7785  loss_ce_6: 0.1254  loss_mask_6: 0.07117  loss_dice_6: 0.981  loss_ce_7: 0.13  loss_mask_7: 0.06773  loss_dice_7: 0.7856  loss_ce_8: 0.1363  loss_mask_8: 0.06125  loss_dice_8: 0.7247    time: 0.8473  last_time: 0.8952  data_time: 0.2184  last_data_time: 0.2184   lr: 4.7489e-05  max_mem: 12313M
[03/18 01:11:56 d2.utils.events]:  eta: 1:56:39  iter: 1459  total_loss: 11.64  loss_ce: 0.1142  loss_mask: 0.05274  loss_dice: 0.9121  loss_ce_0: 0.2672  loss_mask_0: 0.08765  loss_dice_0: 1.118  loss_ce_1: 0.1249  loss_mask_1: 0.05527  loss_dice_1: 0.932  loss_ce_2: 0.1235  loss_mask_2: 0.07528  loss_dice_2: 1.015  loss_ce_3: 0.1111  loss_mask_3: 0.06095  loss_dice_3: 0.8691  loss_ce_4: 0.1322  loss_mask_4: 0.06125  loss_dice_4: 1.035  loss_ce_5: 0.1219  loss_mask_5: 0.05328  loss_dice_5: 0.845  loss_ce_6: 0.1255  loss_mask_6: 0.06453  loss_dice_6: 0.976  loss_ce_7: 0.1217  loss_mask_7: 0.06337  loss_dice_7: 1.005  loss_ce_8: 0.107  loss_mask_8: 0.05767  loss_dice_8: 0.9481    time: 0.8473  last_time: 0.8502  data_time: 0.1797  last_data_time: 0.1797   lr: 4.742e-05  max_mem: 12313M
[03/18 01:12:13 d2.utils.events]:  eta: 1:56:22  iter: 1479  total_loss: 14.31  loss_ce: 0.2148  loss_mask: 0.04114  loss_dice: 1.068  loss_ce_0: 0.3466  loss_mask_0: 0.06881  loss_dice_0: 1.532  loss_ce_1: 0.141  loss_mask_1: 0.03521  loss_dice_1: 1.022  loss_ce_2: 0.1603  loss_mask_2: 0.047  loss_dice_2: 1.115  loss_ce_3: 0.2428  loss_mask_3: 0.06495  loss_dice_3: 1.245  loss_ce_4: 0.1539  loss_mask_4: 0.0517  loss_dice_4: 1.253  loss_ce_5: 0.1533  loss_mask_5: 0.06315  loss_dice_5: 1.116  loss_ce_6: 0.1356  loss_mask_6: 0.04203  loss_dice_6: 1.059  loss_ce_7: 0.188  loss_mask_7: 0.05757  loss_dice_7: 1.24  loss_ce_8: 0.2059  loss_mask_8: 0.0577  loss_dice_8: 1.187    time: 0.8473  last_time: 0.7414  data_time: 0.0686  last_data_time: 0.0686   lr: 4.735e-05  max_mem: 12313M
[03/18 01:12:30 d2.utils.events]:  eta: 1:56:04  iter: 1499  total_loss: 15.05  loss_ce: 0.1464  loss_mask: 0.03837  loss_dice: 1.242  loss_ce_0: 0.3304  loss_mask_0: 0.05989  loss_dice_0: 1.47  loss_ce_1: 0.08524  loss_mask_1: 0.06872  loss_dice_1: 1.385  loss_ce_2: 0.1122  loss_mask_2: 0.04176  loss_dice_2: 1.328  loss_ce_3: 0.1369  loss_mask_3: 0.04313  loss_dice_3: 1.347  loss_ce_4: 0.09544  loss_mask_4: 0.04279  loss_dice_4: 1.332  loss_ce_5: 0.1663  loss_mask_5: 0.03461  loss_dice_5: 1.22  loss_ce_6: 0.1155  loss_mask_6: 0.03866  loss_dice_6: 1.199  loss_ce_7: 0.1191  loss_mask_7: 0.03832  loss_dice_7: 1.232  loss_ce_8: 0.1347  loss_mask_8: 0.04046  loss_dice_8: 1.404    time: 0.8473  last_time: 0.8956  data_time: 0.1819  last_data_time: 0.1819   lr: 4.7279e-05  max_mem: 12313M
[03/18 01:12:47 d2.utils.events]:  eta: 1:56:01  iter: 1519  total_loss: 10.5  loss_ce: 0.1044  loss_mask: 0.04495  loss_dice: 0.7627  loss_ce_0: 0.1962  loss_mask_0: 0.08739  loss_dice_0: 1.137  loss_ce_1: 0.04627  loss_mask_1: 0.05631  loss_dice_1: 0.9083  loss_ce_2: 0.03212  loss_mask_2: 0.05223  loss_dice_2: 0.9209  loss_ce_3: 0.05041  loss_mask_3: 0.05976  loss_dice_3: 0.9  loss_ce_4: 0.04454  loss_mask_4: 0.06015  loss_dice_4: 0.85  loss_ce_5: 0.03724  loss_mask_5: 0.0613  loss_dice_5: 1.331  loss_ce_6: 0.0335  loss_mask_6: 0.0523  loss_dice_6: 0.8401  loss_ce_7: 0.03479  loss_mask_7: 0.05761  loss_dice_7: 0.6745  loss_ce_8: 0.03565  loss_mask_8: 0.05941  loss_dice_8: 0.968    time: 0.8473  last_time: 0.8462  data_time: 0.1768  last_data_time: 0.1768   lr: 4.7207e-05  max_mem: 12313M
[03/18 01:13:05 d2.utils.events]:  eta: 1:55:35  iter: 1539  total_loss: 10.14  loss_ce: 0.05737  loss_mask: 0.09208  loss_dice: 0.8599  loss_ce_0: 0.2442  loss_mask_0: 0.1401  loss_dice_0: 1.171  loss_ce_1: 0.07714  loss_mask_1: 0.104  loss_dice_1: 0.8781  loss_ce_2: 0.06143  loss_mask_2: 0.08446  loss_dice_2: 0.6806  loss_ce_3: 0.055  loss_mask_3: 0.1061  loss_dice_3: 0.8127  loss_ce_4: 0.05739  loss_mask_4: 0.09727  loss_dice_4: 0.747  loss_ce_5: 0.06063  loss_mask_5: 0.09127  loss_dice_5: 0.8286  loss_ce_6: 0.0619  loss_mask_6: 0.08389  loss_dice_6: 0.7251  loss_ce_7: 0.05942  loss_mask_7: 0.08945  loss_dice_7: 0.802  loss_ce_8: 0.05693  loss_mask_8: 0.09061  loss_dice_8: 0.859    time: 0.8474  last_time: 0.7824  data_time: 0.1153  last_data_time: 0.1153   lr: 4.7134e-05  max_mem: 12313M
[03/18 01:13:22 d2.utils.events]:  eta: 1:55:24  iter: 1559  total_loss: 12.92  loss_ce: 0.06647  loss_mask: 0.05006  loss_dice: 1.126  loss_ce_0: 0.2718  loss_mask_0: 0.04874  loss_dice_0: 1.182  loss_ce_1: 0.04833  loss_mask_1: 0.0761  loss_dice_1: 1.248  loss_ce_2: 0.1469  loss_mask_2: 0.04373  loss_dice_2: 1.159  loss_ce_3: 0.0584  loss_mask_3: 0.04317  loss_dice_3: 1.049  loss_ce_4: 0.04412  loss_mask_4: 0.04436  loss_dice_4: 1.04  loss_ce_5: 0.04682  loss_mask_5: 0.05594  loss_dice_5: 1.15  loss_ce_6: 0.05951  loss_mask_6: 0.04401  loss_dice_6: 1.093  loss_ce_7: 0.07854  loss_mask_7: 0.05891  loss_dice_7: 1.363  loss_ce_8: 0.05066  loss_mask_8: 0.05247  loss_dice_8: 1.116    time: 0.8475  last_time: 0.8952  data_time: 0.2285  last_data_time: 0.2285   lr: 4.7061e-05  max_mem: 12313M
[03/18 01:13:40 d2.utils.events]:  eta: 1:55:07  iter: 1579  total_loss: 13.3  loss_ce: 0.1048  loss_mask: 0.05365  loss_dice: 1.206  loss_ce_0: 0.4064  loss_mask_0: 0.089  loss_dice_0: 1.399  loss_ce_1: 0.1997  loss_mask_1: 0.06675  loss_dice_1: 0.9626  loss_ce_2: 0.222  loss_mask_2: 0.05573  loss_dice_2: 1.144  loss_ce_3: 0.1708  loss_mask_3: 0.05546  loss_dice_3: 1.124  loss_ce_4: 0.1978  loss_mask_4: 0.04105  loss_dice_4: 0.9433  loss_ce_5: 0.1935  loss_mask_5: 0.04833  loss_dice_5: 0.9051  loss_ce_6: 0.1297  loss_mask_6: 0.05023  loss_dice_6: 0.9734  loss_ce_7: 0.07813  loss_mask_7: 0.05481  loss_dice_7: 1.22  loss_ce_8: 0.2238  loss_mask_8: 0.04483  loss_dice_8: 0.9341    time: 0.8479  last_time: 0.8489  data_time: 0.1818  last_data_time: 0.1818   lr: 4.6987e-05  max_mem: 12313M
[03/18 01:13:56 d2.utils.events]:  eta: 1:54:39  iter: 1599  total_loss: 13.43  loss_ce: 0.0526  loss_mask: 0.06414  loss_dice: 1.271  loss_ce_0: 0.2646  loss_mask_0: 0.08668  loss_dice_0: 1.37  loss_ce_1: 0.0855  loss_mask_1: 0.06344  loss_dice_1: 1.12  loss_ce_2: 0.1245  loss_mask_2: 0.09546  loss_dice_2: 1.078  loss_ce_3: 0.04536  loss_mask_3: 0.07625  loss_dice_3: 1.207  loss_ce_4: 0.03797  loss_mask_4: 0.0743  loss_dice_4: 1.138  loss_ce_5: 0.04057  loss_mask_5: 0.07274  loss_dice_5: 1.208  loss_ce_6: 0.03526  loss_mask_6: 0.07969  loss_dice_6: 1.025  loss_ce_7: 0.03556  loss_mask_7: 0.0868  loss_dice_7: 1.355  loss_ce_8: 0.03455  loss_mask_8: 0.05866  loss_dice_8: 1.142    time: 0.8473  last_time: 0.8464  data_time: 0.1881  last_data_time: 0.1881   lr: 4.6911e-05  max_mem: 12313M
[03/18 01:14:13 d2.utils.events]:  eta: 1:54:20  iter: 1619  total_loss: 16.11  loss_ce: 0.1858  loss_mask: 0.05475  loss_dice: 1.199  loss_ce_0: 0.5083  loss_mask_0: 0.07582  loss_dice_0: 1.497  loss_ce_1: 0.3156  loss_mask_1: 0.06408  loss_dice_1: 1.301  loss_ce_2: 0.3714  loss_mask_2: 0.06118  loss_dice_2: 1.263  loss_ce_3: 0.1818  loss_mask_3: 0.07043  loss_dice_3: 1.416  loss_ce_4: 0.208  loss_mask_4: 0.06182  loss_dice_4: 1.349  loss_ce_5: 0.1945  loss_mask_5: 0.0546  loss_dice_5: 1.193  loss_ce_6: 0.1715  loss_mask_6: 0.05069  loss_dice_6: 1.192  loss_ce_7: 0.1542  loss_mask_7: 0.05496  loss_dice_7: 1.287  loss_ce_8: 0.2287  loss_mask_8: 0.07526  loss_dice_8: 1.274    time: 0.8470  last_time: 0.8123  data_time: 0.1439  last_data_time: 0.1439   lr: 4.6835e-05  max_mem: 12313M
[03/18 01:14:30 d2.utils.events]:  eta: 1:54:16  iter: 1639  total_loss: 11.06  loss_ce: 0.06008  loss_mask: 0.03874  loss_dice: 1.034  loss_ce_0: 0.3668  loss_mask_0: 0.0439  loss_dice_0: 0.952  loss_ce_1: 0.08253  loss_mask_1: 0.03874  loss_dice_1: 1.03  loss_ce_2: 0.06172  loss_mask_2: 0.03835  loss_dice_2: 0.9495  loss_ce_3: 0.06492  loss_mask_3: 0.03787  loss_dice_3: 0.9381  loss_ce_4: 0.05944  loss_mask_4: 0.03932  loss_dice_4: 0.9496  loss_ce_5: 0.06328  loss_mask_5: 0.04111  loss_dice_5: 0.9664  loss_ce_6: 0.06222  loss_mask_6: 0.03902  loss_dice_6: 0.9724  loss_ce_7: 0.06436  loss_mask_7: 0.03863  loss_dice_7: 0.9424  loss_ce_8: 0.05899  loss_mask_8: 0.04244  loss_dice_8: 0.9827    time: 0.8471  last_time: 0.9772  data_time: 0.1971  last_data_time: 0.1971   lr: 4.6758e-05  max_mem: 12313M
[03/18 01:14:47 d2.utils.events]:  eta: 1:54:02  iter: 1659  total_loss: 14.63  loss_ce: 0.1301  loss_mask: 0.028  loss_dice: 1.241  loss_ce_0: 0.2299  loss_mask_0: 0.02866  loss_dice_0: 1.245  loss_ce_1: 0.139  loss_mask_1: 0.03064  loss_dice_1: 1.068  loss_ce_2: 0.135  loss_mask_2: 0.04806  loss_dice_2: 1.804  loss_ce_3: 0.1175  loss_mask_3: 0.04501  loss_dice_3: 1.221  loss_ce_4: 0.1433  loss_mask_4: 0.0454  loss_dice_4: 1.743  loss_ce_5: 0.1612  loss_mask_5: 0.0268  loss_dice_5: 1.218  loss_ce_6: 0.1234  loss_mask_6: 0.02332  loss_dice_6: 0.8845  loss_ce_7: 0.1285  loss_mask_7: 0.03082  loss_dice_7: 1.015  loss_ce_8: 0.1451  loss_mask_8: 0.03439  loss_dice_8: 1.392    time: 0.8470  last_time: 0.7503  data_time: 0.0847  last_data_time: 0.0847   lr: 4.6681e-05  max_mem: 12313M
[03/18 01:15:05 d2.utils.events]:  eta: 1:53:55  iter: 1679  total_loss: 12.65  loss_ce: 0.09732  loss_mask: 0.05682  loss_dice: 1.135  loss_ce_0: 0.3169  loss_mask_0: 0.07919  loss_dice_0: 1.126  loss_ce_1: 0.1179  loss_mask_1: 0.06527  loss_dice_1: 1.085  loss_ce_2: 0.1639  loss_mask_2: 0.07197  loss_dice_2: 1.112  loss_ce_3: 0.1336  loss_mask_3: 0.06063  loss_dice_3: 1.085  loss_ce_4: 0.1204  loss_mask_4: 0.0534  loss_dice_4: 0.9723  loss_ce_5: 0.1083  loss_mask_5: 0.0529  loss_dice_5: 0.932  loss_ce_6: 0.11  loss_mask_6: 0.05405  loss_dice_6: 1.024  loss_ce_7: 0.1006  loss_mask_7: 0.05828  loss_dice_7: 1.108  loss_ce_8: 0.1007  loss_mask_8: 0.05865  loss_dice_8: 1.095    time: 0.8478  last_time: 0.8110  data_time: 0.1394  last_data_time: 0.1394   lr: 4.6602e-05  max_mem: 12313M
[03/18 01:15:22 d2.utils.events]:  eta: 1:53:39  iter: 1699  total_loss: 12.72  loss_ce: 0.09219  loss_mask: 0.06164  loss_dice: 1.123  loss_ce_0: 0.2342  loss_mask_0: 0.09061  loss_dice_0: 1.457  loss_ce_1: 0.1591  loss_mask_1: 0.106  loss_dice_1: 1.146  loss_ce_2: 0.09806  loss_mask_2: 0.06632  loss_dice_2: 0.748  loss_ce_3: 0.08659  loss_mask_3: 0.0634  loss_dice_3: 0.948  loss_ce_4: 0.08325  loss_mask_4: 0.06218  loss_dice_4: 1.205  loss_ce_5: 0.08216  loss_mask_5: 0.07076  loss_dice_5: 1.387  loss_ce_6: 0.08487  loss_mask_6: 0.05311  loss_dice_6: 0.9659  loss_ce_7: 0.0901  loss_mask_7: 0.0603  loss_dice_7: 0.9973  loss_ce_8: 0.08967  loss_mask_8: 0.06252  loss_dice_8: 0.9483    time: 0.8476  last_time: 0.8328  data_time: 0.1729  last_data_time: 0.1729   lr: 4.6523e-05  max_mem: 12313M
[03/18 01:15:40 d2.utils.events]:  eta: 1:53:23  iter: 1719  total_loss: 9.644  loss_ce: 0.04149  loss_mask: 0.03488  loss_dice: 0.8234  loss_ce_0: 0.2711  loss_mask_0: 0.06167  loss_dice_0: 1.056  loss_ce_1: 0.06474  loss_mask_1: 0.0336  loss_dice_1: 0.7653  loss_ce_2: 0.05387  loss_mask_2: 0.03627  loss_dice_2: 0.7562  loss_ce_3: 0.0394  loss_mask_3: 0.03304  loss_dice_3: 0.8272  loss_ce_4: 0.03702  loss_mask_4: 0.03913  loss_dice_4: 0.9406  loss_ce_5: 0.04023  loss_mask_5: 0.03362  loss_dice_5: 0.8736  loss_ce_6: 0.0412  loss_mask_6: 0.02839  loss_dice_6: 0.7437  loss_ce_7: 0.04091  loss_mask_7: 0.03956  loss_dice_7: 0.9788  loss_ce_8: 0.04115  loss_mask_8: 0.03445  loss_dice_8: 0.8335    time: 0.8476  last_time: 0.8209  data_time: 0.1431  last_data_time: 0.1431   lr: 4.6442e-05  max_mem: 12313M
[03/18 01:15:57 d2.utils.events]:  eta: 1:53:07  iter: 1739  total_loss: 8.7  loss_ce: 0.02268  loss_mask: 0.01419  loss_dice: 0.7374  loss_ce_0: 0.2  loss_mask_0: 0.03283  loss_dice_0: 1.127  loss_ce_1: 0.06211  loss_mask_1: 0.02124  loss_dice_1: 0.9525  loss_ce_2: 0.04269  loss_mask_2: 0.01397  loss_dice_2: 0.5865  loss_ce_3: 0.03197  loss_mask_3: 0.02155  loss_dice_3: 0.8514  loss_ce_4: 0.02627  loss_mask_4: 0.01265  loss_dice_4: 0.6108  loss_ce_5: 0.02544  loss_mask_5: 0.009441  loss_dice_5: 0.6257  loss_ce_6: 0.02576  loss_mask_6: 0.02098  loss_dice_6: 0.9281  loss_ce_7: 0.02443  loss_mask_7: 0.01955  loss_dice_7: 1.055  loss_ce_8: 0.02312  loss_mask_8: 0.01017  loss_dice_8: 0.5646    time: 0.8478  last_time: 0.7875  data_time: 0.1310  last_data_time: 0.1310   lr: 4.6361e-05  max_mem: 12313M
[03/18 01:16:14 d2.utils.events]:  eta: 1:52:59  iter: 1759  total_loss: 15.07  loss_ce: 0.1142  loss_mask: 0.05886  loss_dice: 1.381  loss_ce_0: 0.3386  loss_mask_0: 0.1034  loss_dice_0: 1.28  loss_ce_1: 0.2443  loss_mask_1: 0.08516  loss_dice_1: 1.234  loss_ce_2: 0.168  loss_mask_2: 0.1018  loss_dice_2: 1.473  loss_ce_3: 0.1169  loss_mask_3: 0.08158  loss_dice_3: 1.344  loss_ce_4: 0.1428  loss_mask_4: 0.07536  loss_dice_4: 1.317  loss_ce_5: 0.1255  loss_mask_5: 0.0699  loss_dice_5: 1.146  loss_ce_6: 0.08087  loss_mask_6: 0.07775  loss_dice_6: 1.125  loss_ce_7: 0.07825  loss_mask_7: 0.07653  loss_dice_7: 1.249  loss_ce_8: 0.0662  loss_mask_8: 0.06038  loss_dice_8: 1.253    time: 0.8478  last_time: 0.8544  data_time: 0.1713  last_data_time: 0.1713   lr: 4.6279e-05  max_mem: 12313M
[03/18 01:16:32 d2.utils.events]:  eta: 1:52:42  iter: 1779  total_loss: 15.5  loss_ce: 0.1042  loss_mask: 0.02638  loss_dice: 1.117  loss_ce_0: 0.1892  loss_mask_0: 0.02179  loss_dice_0: 1.719  loss_ce_1: 0.06566  loss_mask_1: 0.05071  loss_dice_1: 1.613  loss_ce_2: 0.05336  loss_mask_2: 0.02804  loss_dice_2: 1.521  loss_ce_3: 0.04212  loss_mask_3: 0.02191  loss_dice_3: 1.247  loss_ce_4: 0.05184  loss_mask_4: 0.03059  loss_dice_4: 1.52  loss_ce_5: 0.0397  loss_mask_5: 0.02232  loss_dice_5: 1.56  loss_ce_6: 0.04004  loss_mask_6: 0.02479  loss_dice_6: 1.313  loss_ce_7: 0.04066  loss_mask_7: 0.02645  loss_dice_7: 1.504  loss_ce_8: 0.04021  loss_mask_8: 0.0284  loss_dice_8: 1.439    time: 0.8481  last_time: 0.8274  data_time: 0.1679  last_data_time: 0.1679   lr: 4.6196e-05  max_mem: 12313M
[03/18 01:16:49 d2.utils.events]:  eta: 1:52:27  iter: 1799  total_loss: 9.059  loss_ce: 0.05079  loss_mask: 0.04806  loss_dice: 0.7627  loss_ce_0: 0.1964  loss_mask_0: 0.0859  loss_dice_0: 0.901  loss_ce_1: 0.06373  loss_mask_1: 0.05515  loss_dice_1: 1.009  loss_ce_2: 0.06295  loss_mask_2: 0.0487  loss_dice_2: 0.8323  loss_ce_3: 0.04594  loss_mask_3: 0.04674  loss_dice_3: 0.571  loss_ce_4: 0.04846  loss_mask_4: 0.05099  loss_dice_4: 0.9077  loss_ce_5: 0.05292  loss_mask_5: 0.04448  loss_dice_5: 0.8791  loss_ce_6: 0.04863  loss_mask_6: 0.04172  loss_dice_6: 0.707  loss_ce_7: 0.04786  loss_mask_7: 0.04373  loss_dice_7: 0.5749  loss_ce_8: 0.05159  loss_mask_8: 0.04337  loss_dice_8: 0.7372    time: 0.8478  last_time: 0.7795  data_time: 0.1167  last_data_time: 0.1167   lr: 4.6112e-05  max_mem: 12313M
[03/18 01:17:06 d2.utils.events]:  eta: 1:52:10  iter: 1819  total_loss: 8.997  loss_ce: 0.02209  loss_mask: 0.03728  loss_dice: 0.8151  loss_ce_0: 0.1915  loss_mask_0: 0.06015  loss_dice_0: 1.214  loss_ce_1: 0.03617  loss_mask_1: 0.04025  loss_dice_1: 0.8096  loss_ce_2: 0.0202  loss_mask_2: 0.04012  loss_dice_2: 0.8587  loss_ce_3: 0.01956  loss_mask_3: 0.04002  loss_dice_3: 0.7883  loss_ce_4: 0.01964  loss_mask_4: 0.03735  loss_dice_4: 0.7849  loss_ce_5: 0.02132  loss_mask_5: 0.03449  loss_dice_5: 0.7842  loss_ce_6: 0.01931  loss_mask_6: 0.03291  loss_dice_6: 0.6781  loss_ce_7: 0.02078  loss_mask_7: 0.03782  loss_dice_7: 0.7506  loss_ce_8: 0.0207  loss_mask_8: 0.03624  loss_dice_8: 0.7259    time: 0.8478  last_time: 0.8847  data_time: 0.2145  last_data_time: 0.2145   lr: 4.6028e-05  max_mem: 12313M
[03/18 01:17:24 d2.utils.events]:  eta: 1:51:55  iter: 1839  total_loss: 13.57  loss_ce: 0.1245  loss_mask: 0.04728  loss_dice: 1.285  loss_ce_0: 0.305  loss_mask_0: 0.04762  loss_dice_0: 1.078  loss_ce_1: 0.1641  loss_mask_1: 0.04001  loss_dice_1: 1.206  loss_ce_2: 0.1476  loss_mask_2: 0.04626  loss_dice_2: 0.9533  loss_ce_3: 0.1206  loss_mask_3: 0.03682  loss_dice_3: 1.156  loss_ce_4: 0.1145  loss_mask_4: 0.03707  loss_dice_4: 1.28  loss_ce_5: 0.1122  loss_mask_5: 0.04147  loss_dice_5: 1.15  loss_ce_6: 0.112  loss_mask_6: 0.04858  loss_dice_6: 1.123  loss_ce_7: 0.1658  loss_mask_7: 0.04796  loss_dice_7: 1.118  loss_ce_8: 0.1094  loss_mask_8: 0.04542  loss_dice_8: 1.309    time: 0.8482  last_time: 0.8352  data_time: 0.1549  last_data_time: 0.1549   lr: 4.5942e-05  max_mem: 12313M
[03/18 01:17:42 d2.utils.events]:  eta: 1:51:42  iter: 1859  total_loss: 17.37  loss_ce: 0.3822  loss_mask: 0.06278  loss_dice: 1.254  loss_ce_0: 0.3518  loss_mask_0: 0.09335  loss_dice_0: 1.63  loss_ce_1: 0.3089  loss_mask_1: 0.07124  loss_dice_1: 1.242  loss_ce_2: 0.2447  loss_mask_2: 0.08451  loss_dice_2: 1.333  loss_ce_3: 0.2017  loss_mask_3: 0.0656  loss_dice_3: 1.351  loss_ce_4: 0.2501  loss_mask_4: 0.06398  loss_dice_4: 1.401  loss_ce_5: 0.2259  loss_mask_5: 0.07947  loss_dice_5: 1.373  loss_ce_6: 0.2979  loss_mask_6: 0.07345  loss_dice_6: 1.465  loss_ce_7: 0.2363  loss_mask_7: 0.0783  loss_dice_7: 1.567  loss_ce_8: 0.2625  loss_mask_8: 0.06627  loss_dice_8: 1.259    time: 0.8487  last_time: 0.9975  data_time: 0.3289  last_data_time: 0.3289   lr: 4.5856e-05  max_mem: 12313M
[03/18 01:17:59 d2.utils.events]:  eta: 1:51:32  iter: 1879  total_loss: 10.61  loss_ce: 0.1318  loss_mask: 0.04805  loss_dice: 0.8634  loss_ce_0: 0.2418  loss_mask_0: 0.05835  loss_dice_0: 0.9746  loss_ce_1: 0.1439  loss_mask_1: 0.04344  loss_dice_1: 0.7646  loss_ce_2: 0.14  loss_mask_2: 0.0492  loss_dice_2: 0.9731  loss_ce_3: 0.1717  loss_mask_3: 0.04463  loss_dice_3: 0.8742  loss_ce_4: 0.1368  loss_mask_4: 0.03955  loss_dice_4: 0.6961  loss_ce_5: 0.164  loss_mask_5: 0.04427  loss_dice_5: 0.9284  loss_ce_6: 0.127  loss_mask_6: 0.03966  loss_dice_6: 0.8058  loss_ce_7: 0.165  loss_mask_7: 0.03703  loss_dice_7: 0.7484  loss_ce_8: 0.1225  loss_mask_8: 0.03999  loss_dice_8: 0.9956    time: 0.8486  last_time: 0.9252  data_time: 0.2531  last_data_time: 0.2531   lr: 4.5769e-05  max_mem: 12313M
[03/18 01:18:16 d2.utils.events]:  eta: 1:51:13  iter: 1899  total_loss: 9.391  loss_ce: 0.01715  loss_mask: 0.05169  loss_dice: 0.8471  loss_ce_0: 0.1364  loss_mask_0: 0.04395  loss_dice_0: 1.043  loss_ce_1: 0.01811  loss_mask_1: 0.04507  loss_dice_1: 0.5888  loss_ce_2: 0.02206  loss_mask_2: 0.06539  loss_dice_2: 0.9764  loss_ce_3: 0.01876  loss_mask_3: 0.05254  loss_dice_3: 0.9189  loss_ce_4: 0.01927  loss_mask_4: 0.05366  loss_dice_4: 0.7095  loss_ce_5: 0.01982  loss_mask_5: 0.06192  loss_dice_5: 0.9642  loss_ce_6: 0.01975  loss_mask_6: 0.04965  loss_dice_6: 0.7438  loss_ce_7: 0.01804  loss_mask_7: 0.0586  loss_dice_7: 1.067  loss_ce_8: 0.01637  loss_mask_8: 0.04819  loss_dice_8: 0.6955    time: 0.8487  last_time: 0.8042  data_time: 0.1551  last_data_time: 0.1551   lr: 4.5681e-05  max_mem: 12313M
[03/18 01:18:33 d2.utils.events]:  eta: 1:50:49  iter: 1919  total_loss: 15.88  loss_ce: 0.09544  loss_mask: 0.05661  loss_dice: 1.544  loss_ce_0: 0.2186  loss_mask_0: 0.05744  loss_dice_0: 1.642  loss_ce_1: 0.1354  loss_mask_1: 0.04446  loss_dice_1: 1.437  loss_ce_2: 0.1212  loss_mask_2: 0.0363  loss_dice_2: 1.4  loss_ce_3: 0.14  loss_mask_3: 0.05046  loss_dice_3: 1.267  loss_ce_4: 0.07721  loss_mask_4: 0.04067  loss_dice_4: 1.228  loss_ce_5: 0.1915  loss_mask_5: 0.04972  loss_dice_5: 1.366  loss_ce_6: 0.05938  loss_mask_6: 0.03694  loss_dice_6: 1.615  loss_ce_7: 0.08227  loss_mask_7: 0.04187  loss_dice_7: 1.475  loss_ce_8: 0.1202  loss_mask_8: 0.03398  loss_dice_8: 1.219    time: 0.8483  last_time: 0.8304  data_time: 0.1664  last_data_time: 0.1664   lr: 4.5593e-05  max_mem: 12313M
[03/18 01:18:50 d2.utils.events]:  eta: 1:50:36  iter: 1939  total_loss: 14.52  loss_ce: 0.1175  loss_mask: 0.04424  loss_dice: 1.072  loss_ce_0: 0.3067  loss_mask_0: 0.09223  loss_dice_0: 1.595  loss_ce_1: 0.1336  loss_mask_1: 0.0794  loss_dice_1: 1.363  loss_ce_2: 0.1638  loss_mask_2: 0.05231  loss_dice_2: 1.251  loss_ce_3: 0.1403  loss_mask_3: 0.05351  loss_dice_3: 1.12  loss_ce_4: 0.156  loss_mask_4: 0.04937  loss_dice_4: 1.137  loss_ce_5: 0.1229  loss_mask_5: 0.06039  loss_dice_5: 1.129  loss_ce_6: 0.09836  loss_mask_6: 0.05131  loss_dice_6: 1.315  loss_ce_7: 0.1203  loss_mask_7: 0.04197  loss_dice_7: 1.196  loss_ce_8: 0.1104  loss_mask_8: 0.07214  loss_dice_8: 1.279    time: 0.8485  last_time: 1.2562  data_time: 0.5863  last_data_time: 0.5863   lr: 4.5503e-05  max_mem: 12313M
[03/18 01:19:07 d2.utils.events]:  eta: 1:50:21  iter: 1959  total_loss: 21.82  loss_ce: 0.07589  loss_mask: 0.08204  loss_dice: 1.938  loss_ce_0: 0.2882  loss_mask_0: 0.1518  loss_dice_0: 2.411  loss_ce_1: 0.1642  loss_mask_1: 0.1577  loss_dice_1: 1.88  loss_ce_2: 0.1365  loss_mask_2: 0.1063  loss_dice_2: 1.593  loss_ce_3: 0.08056  loss_mask_3: 0.1644  loss_dice_3: 1.945  loss_ce_4: 0.1222  loss_mask_4: 0.1074  loss_dice_4: 1.778  loss_ce_5: 0.09356  loss_mask_5: 0.1059  loss_dice_5: 1.952  loss_ce_6: 0.118  loss_mask_6: 0.1307  loss_dice_6: 1.961  loss_ce_7: 0.06189  loss_mask_7: 0.1177  loss_dice_7: 1.965  loss_ce_8: 0.1349  loss_mask_8: 0.1042  loss_dice_8: 1.895    time: 0.8485  last_time: 1.0066  data_time: 0.3295  last_data_time: 0.3295   lr: 4.5413e-05  max_mem: 12313M
[03/18 01:19:24 d2.utils.events]:  eta: 1:50:09  iter: 1979  total_loss: 10.44  loss_ce: 0.1184  loss_mask: 0.05075  loss_dice: 0.7756  loss_ce_0: 0.2096  loss_mask_0: 0.08674  loss_dice_0: 1.158  loss_ce_1: 0.1714  loss_mask_1: 0.06116  loss_dice_1: 0.9309  loss_ce_2: 0.1117  loss_mask_2: 0.06143  loss_dice_2: 0.8605  loss_ce_3: 0.1181  loss_mask_3: 0.0543  loss_dice_3: 0.8033  loss_ce_4: 0.1294  loss_mask_4: 0.06409  loss_dice_4: 0.8387  loss_ce_5: 0.1055  loss_mask_5: 0.05496  loss_dice_5: 0.8155  loss_ce_6: 0.1055  loss_mask_6: 0.05658  loss_dice_6: 0.8335  loss_ce_7: 0.1774  loss_mask_7: 0.05613  loss_dice_7: 0.7122  loss_ce_8: 0.1631  loss_mask_8: 0.05813  loss_dice_8: 0.7005    time: 0.8485  last_time: 0.7931  data_time: 0.1167  last_data_time: 0.1167   lr: 4.5322e-05  max_mem: 12313M
[03/18 01:19:42 d2.utils.events]:  eta: 1:49:53  iter: 1999  total_loss: 15.85  loss_ce: 0.1579  loss_mask: 0.07855  loss_dice: 1.341  loss_ce_0: 0.3751  loss_mask_0: 0.07359  loss_dice_0: 1.586  loss_ce_1: 0.0893  loss_mask_1: 0.08212  loss_dice_1: 1.428  loss_ce_2: 0.09237  loss_mask_2: 0.1059  loss_dice_2: 1.547  loss_ce_3: 0.1292  loss_mask_3: 0.0604  loss_dice_3: 1.355  loss_ce_4: 0.1375  loss_mask_4: 0.05664  loss_dice_4: 1.144  loss_ce_5: 0.1315  loss_mask_5: 0.07161  loss_dice_5: 1.176  loss_ce_6: 0.1388  loss_mask_6: 0.06781  loss_dice_6: 1.101  loss_ce_7: 0.1184  loss_mask_7: 0.08337  loss_dice_7: 1.38  loss_ce_8: 0.1629  loss_mask_8: 0.07989  loss_dice_8: 1.497    time: 0.8488  last_time: 0.9267  data_time: 0.2539  last_data_time: 0.2539   lr: 4.523e-05  max_mem: 12313M
[03/18 01:19:59 d2.utils.events]:  eta: 1:49:30  iter: 2019  total_loss: 10.88  loss_ce: 0.03947  loss_mask: 0.04284  loss_dice: 0.8891  loss_ce_0: 0.3085  loss_mask_0: 0.04699  loss_dice_0: 1.151  loss_ce_1: 0.06863  loss_mask_1: 0.04422  loss_dice_1: 0.8716  loss_ce_2: 0.06586  loss_mask_2: 0.03919  loss_dice_2: 0.9883  loss_ce_3: 0.03854  loss_mask_3: 0.03996  loss_dice_3: 0.9965  loss_ce_4: 0.04281  loss_mask_4: 0.04045  loss_dice_4: 0.9599  loss_ce_5: 0.1034  loss_mask_5: 0.04166  loss_dice_5: 1.113  loss_ce_6: 0.04485  loss_mask_6: 0.03866  loss_dice_6: 1.013  loss_ce_7: 0.04241  loss_mask_7: 0.03886  loss_dice_7: 0.9491  loss_ce_8: 0.03805  loss_mask_8: 0.03745  loss_dice_8: 0.7443    time: 0.8487  last_time: 0.7440  data_time: 0.0684  last_data_time: 0.0684   lr: 4.5137e-05  max_mem: 12313M
[03/18 01:20:16 d2.utils.events]:  eta: 1:49:10  iter: 2039  total_loss: 11.11  loss_ce: 0.09446  loss_mask: 0.05299  loss_dice: 0.8959  loss_ce_0: 0.3811  loss_mask_0: 0.07143  loss_dice_0: 0.9018  loss_ce_1: 0.08711  loss_mask_1: 0.06753  loss_dice_1: 1.046  loss_ce_2: 0.06682  loss_mask_2: 0.07175  loss_dice_2: 1.03  loss_ce_3: 0.08785  loss_mask_3: 0.05723  loss_dice_3: 0.9717  loss_ce_4: 0.1004  loss_mask_4: 0.06205  loss_dice_4: 0.8842  loss_ce_5: 0.08424  loss_mask_5: 0.06871  loss_dice_5: 0.8332  loss_ce_6: 0.06654  loss_mask_6: 0.05614  loss_dice_6: 0.9087  loss_ce_7: 0.1069  loss_mask_7: 0.05864  loss_dice_7: 0.9106  loss_ce_8: 0.1158  loss_mask_8: 0.06918  loss_dice_8: 0.8973    time: 0.8486  last_time: 0.8967  data_time: 0.2134  last_data_time: 0.2134   lr: 4.5044e-05  max_mem: 12313M
[03/18 01:20:33 d2.utils.events]:  eta: 1:48:54  iter: 2059  total_loss: 12.25  loss_ce: 0.04739  loss_mask: 0.03999  loss_dice: 1.069  loss_ce_0: 0.2258  loss_mask_0: 0.05155  loss_dice_0: 1.161  loss_ce_1: 0.1242  loss_mask_1: 0.04771  loss_dice_1: 1.005  loss_ce_2: 0.07155  loss_mask_2: 0.05216  loss_dice_2: 1.052  loss_ce_3: 0.05088  loss_mask_3: 0.04294  loss_dice_3: 1.016  loss_ce_4: 0.05094  loss_mask_4: 0.03983  loss_dice_4: 0.9607  loss_ce_5: 0.05142  loss_mask_5: 0.04267  loss_dice_5: 1.213  loss_ce_6: 0.04614  loss_mask_6: 0.04166  loss_dice_6: 1.039  loss_ce_7: 0.05298  loss_mask_7: 0.04088  loss_dice_7: 1.131  loss_ce_8: 0.08141  loss_mask_8: 0.04249  loss_dice_8: 1.357    time: 0.8487  last_time: 0.7957  data_time: 0.1143  last_data_time: 0.1143   lr: 4.495e-05  max_mem: 12313M
[03/18 01:20:51 d2.utils.events]:  eta: 1:48:35  iter: 2079  total_loss: 6.815  loss_ce: 0.01133  loss_mask: 0.03734  loss_dice: 0.6649  loss_ce_0: 0.1519  loss_mask_0: 0.03856  loss_dice_0: 0.6631  loss_ce_1: 0.0131  loss_mask_1: 0.04128  loss_dice_1: 0.6114  loss_ce_2: 0.0157  loss_mask_2: 0.0343  loss_dice_2: 0.5805  loss_ce_3: 0.01512  loss_mask_3: 0.03368  loss_dice_3: 0.6649  loss_ce_4: 0.01352  loss_mask_4: 0.03764  loss_dice_4: 0.6413  loss_ce_5: 0.01445  loss_mask_5: 0.03352  loss_dice_5: 0.6067  loss_ce_6: 0.01385  loss_mask_6: 0.03679  loss_dice_6: 0.6212  loss_ce_7: 0.01402  loss_mask_7: 0.03566  loss_dice_7: 0.5809  loss_ce_8: 0.01245  loss_mask_8: 0.03759  loss_dice_8: 0.5383    time: 0.8490  last_time: 0.8091  data_time: 0.1292  last_data_time: 0.1292   lr: 4.4855e-05  max_mem: 12313M
[03/18 01:21:09 d2.utils.events]:  eta: 1:48:20  iter: 2099  total_loss: 14.76  loss_ce: 0.11  loss_mask: 0.04712  loss_dice: 1.138  loss_ce_0: 0.4045  loss_mask_0: 0.08994  loss_dice_0: 1.58  loss_ce_1: 0.2066  loss_mask_1: 0.05993  loss_dice_1: 1.327  loss_ce_2: 0.2155  loss_mask_2: 0.05405  loss_dice_2: 1.307  loss_ce_3: 0.1476  loss_mask_3: 0.06028  loss_dice_3: 1.392  loss_ce_4: 0.08921  loss_mask_4: 0.05602  loss_dice_4: 1.24  loss_ce_5: 0.108  loss_mask_5: 0.05475  loss_dice_5: 1.184  loss_ce_6: 0.147  loss_mask_6: 0.05347  loss_dice_6: 1.26  loss_ce_7: 0.1367  loss_mask_7: 0.05353  loss_dice_7: 1.108  loss_ce_8: 0.09316  loss_mask_8: 0.04284  loss_dice_8: 0.9974    time: 0.8491  last_time: 0.8027  data_time: 0.1321  last_data_time: 0.1321   lr: 4.4759e-05  max_mem: 12313M
[03/18 01:21:26 d2.utils.events]:  eta: 1:48:04  iter: 2119  total_loss: 9.202  loss_ce: 0.0233  loss_mask: 0.03413  loss_dice: 0.8383  loss_ce_0: 0.3032  loss_mask_0: 0.04374  loss_dice_0: 0.8731  loss_ce_1: 0.02928  loss_mask_1: 0.03996  loss_dice_1: 0.8117  loss_ce_2: 0.03214  loss_mask_2: 0.03587  loss_dice_2: 0.8161  loss_ce_3: 0.01804  loss_mask_3: 0.03658  loss_dice_3: 0.7746  loss_ce_4: 0.02165  loss_mask_4: 0.03923  loss_dice_4: 0.8844  loss_ce_5: 0.02532  loss_mask_5: 0.03665  loss_dice_5: 0.925  loss_ce_6: 0.02124  loss_mask_6: 0.03234  loss_dice_6: 0.8388  loss_ce_7: 0.02795  loss_mask_7: 0.03607  loss_dice_7: 0.8131  loss_ce_8: 0.02408  loss_mask_8: 0.03128  loss_dice_8: 0.7349    time: 0.8493  last_time: 0.7908  data_time: 0.1126  last_data_time: 0.1126   lr: 4.4662e-05  max_mem: 12313M
[03/18 01:21:44 d2.utils.events]:  eta: 1:47:50  iter: 2139  total_loss: 12.34  loss_ce: 0.1545  loss_mask: 0.04643  loss_dice: 1.111  loss_ce_0: 0.3782  loss_mask_0: 0.06579  loss_dice_0: 1.32  loss_ce_1: 0.1331  loss_mask_1: 0.05379  loss_dice_1: 1.106  loss_ce_2: 0.09367  loss_mask_2: 0.06159  loss_dice_2: 1.081  loss_ce_3: 0.07674  loss_mask_3: 0.0533  loss_dice_3: 1.039  loss_ce_4: 0.1201  loss_mask_4: 0.04575  loss_dice_4: 1.07  loss_ce_5: 0.06218  loss_mask_5: 0.04613  loss_dice_5: 0.9445  loss_ce_6: 0.08032  loss_mask_6: 0.05105  loss_dice_6: 0.9902  loss_ce_7: 0.1027  loss_mask_7: 0.04497  loss_dice_7: 0.9383  loss_ce_8: 0.0918  loss_mask_8: 0.04644  loss_dice_8: 0.9304    time: 0.8494  last_time: 0.8785  data_time: 0.2110  last_data_time: 0.2110   lr: 4.4565e-05  max_mem: 12313M
[03/18 01:22:00 d2.utils.events]:  eta: 1:47:31  iter: 2159  total_loss: 15.07  loss_ce: 0.1219  loss_mask: 0.07942  loss_dice: 1.381  loss_ce_0: 0.3224  loss_mask_0: 0.09976  loss_dice_0: 1.311  loss_ce_1: 0.1412  loss_mask_1: 0.08726  loss_dice_1: 1.206  loss_ce_2: 0.1151  loss_mask_2: 0.06325  loss_dice_2: 1.345  loss_ce_3: 0.1051  loss_mask_3: 0.1196  loss_dice_3: 1.276  loss_ce_4: 0.1241  loss_mask_4: 0.07481  loss_dice_4: 1.25  loss_ce_5: 0.1538  loss_mask_5: 0.08161  loss_dice_5: 1.145  loss_ce_6: 0.09578  loss_mask_6: 0.07793  loss_dice_6: 1.374  loss_ce_7: 0.1199  loss_mask_7: 0.06292  loss_dice_7: 1.288  loss_ce_8: 0.08935  loss_mask_8: 0.0744  loss_dice_8: 1.289    time: 0.8491  last_time: 0.8187  data_time: 0.1577  last_data_time: 0.1577   lr: 4.4466e-05  max_mem: 12313M
[03/18 01:22:18 d2.utils.events]:  eta: 1:47:20  iter: 2179  total_loss: 13.76  loss_ce: 0.09262  loss_mask: 0.06492  loss_dice: 1.061  loss_ce_0: 0.4479  loss_mask_0: 0.09769  loss_dice_0: 1.451  loss_ce_1: 0.1193  loss_mask_1: 0.05866  loss_dice_1: 1.146  loss_ce_2: 0.1796  loss_mask_2: 0.07102  loss_dice_2: 1.222  loss_ce_3: 0.06437  loss_mask_3: 0.06092  loss_dice_3: 1.149  loss_ce_4: 0.06164  loss_mask_4: 0.06794  loss_dice_4: 1.118  loss_ce_5: 0.06869  loss_mask_5: 0.05979  loss_dice_5: 1.147  loss_ce_6: 0.06057  loss_mask_6: 0.06216  loss_dice_6: 1.182  loss_ce_7: 0.05867  loss_mask_7: 0.06249  loss_dice_7: 1.265  loss_ce_8: 0.05978  loss_mask_8: 0.05766  loss_dice_8: 1.14    time: 0.8494  last_time: 0.8435  data_time: 0.1796  last_data_time: 0.1796   lr: 4.4368e-05  max_mem: 12313M
[03/18 01:22:34 d2.utils.events]:  eta: 1:46:58  iter: 2199  total_loss: 11.39  loss_ce: 0.05106  loss_mask: 0.05059  loss_dice: 1.12  loss_ce_0: 0.2917  loss_mask_0: 0.06451  loss_dice_0: 1.143  loss_ce_1: 0.05984  loss_mask_1: 0.06233  loss_dice_1: 1.005  loss_ce_2: 0.09794  loss_mask_2: 0.07018  loss_dice_2: 1.096  loss_ce_3: 0.08719  loss_mask_3: 0.04456  loss_dice_3: 0.8264  loss_ce_4: 0.0721  loss_mask_4: 0.04221  loss_dice_4: 0.9827  loss_ce_5: 0.078  loss_mask_5: 0.03907  loss_dice_5: 0.9411  loss_ce_6: 0.08701  loss_mask_6: 0.04694  loss_dice_6: 1.02  loss_ce_7: 0.04398  loss_mask_7: 0.03627  loss_dice_7: 0.942  loss_ce_8: 0.05042  loss_mask_8: 0.03954  loss_dice_8: 0.8966    time: 0.8490  last_time: 0.7696  data_time: 0.1026  last_data_time: 0.1026   lr: 4.4268e-05  max_mem: 12313M
[03/18 01:22:52 d2.utils.events]:  eta: 1:46:42  iter: 2219  total_loss: 20.6  loss_ce: 0.1105  loss_mask: 0.06892  loss_dice: 1.862  loss_ce_0: 0.3547  loss_mask_0: 0.09197  loss_dice_0: 2.083  loss_ce_1: 0.154  loss_mask_1: 0.08538  loss_dice_1: 1.82  loss_ce_2: 0.1274  loss_mask_2: 0.06914  loss_dice_2: 1.783  loss_ce_3: 0.1744  loss_mask_3: 0.07984  loss_dice_3: 1.44  loss_ce_4: 0.1115  loss_mask_4: 0.07935  loss_dice_4: 1.805  loss_ce_5: 0.1124  loss_mask_5: 0.08032  loss_dice_5: 1.788  loss_ce_6: 0.1521  loss_mask_6: 0.08843  loss_dice_6: 1.843  loss_ce_7: 0.1012  loss_mask_7: 0.09477  loss_dice_7: 1.995  loss_ce_8: 0.1179  loss_mask_8: 0.0869  loss_dice_8: 1.838    time: 0.8492  last_time: 1.1503  data_time: 0.4820  last_data_time: 0.4820   lr: 4.4167e-05  max_mem: 12313M
[03/18 01:23:09 d2.utils.events]:  eta: 1:46:25  iter: 2239  total_loss: 9.245  loss_ce: 0.03044  loss_mask: 0.04791  loss_dice: 0.8274  loss_ce_0: 0.1526  loss_mask_0: 0.06876  loss_dice_0: 1.085  loss_ce_1: 0.07542  loss_mask_1: 0.03987  loss_dice_1: 0.6349  loss_ce_2: 0.03509  loss_mask_2: 0.04797  loss_dice_2: 0.7892  loss_ce_3: 0.03996  loss_mask_3: 0.03921  loss_dice_3: 0.9028  loss_ce_4: 0.02819  loss_mask_4: 0.0445  loss_dice_4: 0.7149  loss_ce_5: 0.03145  loss_mask_5: 0.04831  loss_dice_5: 0.8087  loss_ce_6: 0.03451  loss_mask_6: 0.04291  loss_dice_6: 0.8546  loss_ce_7: 0.03013  loss_mask_7: 0.06101  loss_dice_7: 0.8881  loss_ce_8: 0.02785  loss_mask_8: 0.04219  loss_dice_8: 0.7709    time: 0.8490  last_time: 0.8089  data_time: 0.1405  last_data_time: 0.1405   lr: 4.4066e-05  max_mem: 12313M
[03/18 01:23:26 d2.utils.events]:  eta: 1:46:09  iter: 2259  total_loss: 17.74  loss_ce: 0.1377  loss_mask: 0.09183  loss_dice: 1.238  loss_ce_0: 0.7266  loss_mask_0: 0.2584  loss_dice_0: 1.942  loss_ce_1: 0.1641  loss_mask_1: 0.1474  loss_dice_1: 1.697  loss_ce_2: 0.1723  loss_mask_2: 0.1081  loss_dice_2: 1.495  loss_ce_3: 0.1326  loss_mask_3: 0.1137  loss_dice_3: 1.412  loss_ce_4: 0.1105  loss_mask_4: 0.1217  loss_dice_4: 1.459  loss_ce_5: 0.1337  loss_mask_5: 0.1088  loss_dice_5: 1.414  loss_ce_6: 0.1378  loss_mask_6: 0.08784  loss_dice_6: 1.239  loss_ce_7: 0.1222  loss_mask_7: 0.1042  loss_dice_7: 1.365  loss_ce_8: 0.1378  loss_mask_8: 0.08606  loss_dice_8: 1.273    time: 0.8492  last_time: 1.2662  data_time: 0.5874  last_data_time: 0.5874   lr: 4.3964e-05  max_mem: 12313M
[03/18 01:23:44 d2.utils.events]:  eta: 1:45:53  iter: 2279  total_loss: 13.77  loss_ce: 0.179  loss_mask: 0.08789  loss_dice: 0.9658  loss_ce_0: 0.3052  loss_mask_0: 0.1201  loss_dice_0: 1.054  loss_ce_1: 0.2147  loss_mask_1: 0.09783  loss_dice_1: 1.081  loss_ce_2: 0.2062  loss_mask_2: 0.09791  loss_dice_2: 1.106  loss_ce_3: 0.1821  loss_mask_3: 0.09545  loss_dice_3: 1.128  loss_ce_4: 0.1668  loss_mask_4: 0.09711  loss_dice_4: 1.129  loss_ce_5: 0.1634  loss_mask_5: 0.08871  loss_dice_5: 1.046  loss_ce_6: 0.1264  loss_mask_6: 0.09675  loss_dice_6: 1.307  loss_ce_7: 0.1817  loss_mask_7: 0.09801  loss_dice_7: 1.096  loss_ce_8: 0.1796  loss_mask_8: 0.08939  loss_dice_8: 0.9829    time: 0.8495  last_time: 0.8929  data_time: 0.2289  last_data_time: 0.2289   lr: 4.3861e-05  max_mem: 12313M
[03/18 01:24:02 d2.utils.events]:  eta: 1:45:36  iter: 2299  total_loss: 9.01  loss_ce: 0.05873  loss_mask: 0.03911  loss_dice: 0.7612  loss_ce_0: 0.2931  loss_mask_0: 0.05531  loss_dice_0: 0.9785  loss_ce_1: 0.1527  loss_mask_1: 0.0414  loss_dice_1: 0.7654  loss_ce_2: 0.07717  loss_mask_2: 0.03962  loss_dice_2: 0.7429  loss_ce_3: 0.06648  loss_mask_3: 0.03803  loss_dice_3: 0.6825  loss_ce_4: 0.05745  loss_mask_4: 0.04037  loss_dice_4: 0.7262  loss_ce_5: 0.05783  loss_mask_5: 0.03645  loss_dice_5: 0.7185  loss_ce_6: 0.05794  loss_mask_6: 0.0394  loss_dice_6: 0.8446  loss_ce_7: 0.0602  loss_mask_7: 0.03688  loss_dice_7: 0.7002  loss_ce_8: 0.05882  loss_mask_8: 0.04162  loss_dice_8: 0.7412    time: 0.8497  last_time: 0.9756  data_time: 0.2850  last_data_time: 0.2850   lr: 4.3758e-05  max_mem: 12313M
[03/18 01:24:19 d2.utils.events]:  eta: 1:45:19  iter: 2319  total_loss: 8.941  loss_ce: 0.02087  loss_mask: 0.03922  loss_dice: 0.7532  loss_ce_0: 0.1428  loss_mask_0: 0.05645  loss_dice_0: 1.055  loss_ce_1: 0.02717  loss_mask_1: 0.03552  loss_dice_1: 0.7046  loss_ce_2: 0.04006  loss_mask_2: 0.03476  loss_dice_2: 0.6462  loss_ce_3: 0.03134  loss_mask_3: 0.03644  loss_dice_3: 0.8091  loss_ce_4: 0.02512  loss_mask_4: 0.04272  loss_dice_4: 0.8158  loss_ce_5: 0.02338  loss_mask_5: 0.03805  loss_dice_5: 0.852  loss_ce_6: 0.02277  loss_mask_6: 0.03985  loss_dice_6: 0.8223  loss_ce_7: 0.02209  loss_mask_7: 0.04109  loss_dice_7: 0.9801  loss_ce_8: 0.02154  loss_mask_8: 0.03635  loss_dice_8: 0.7251    time: 0.8499  last_time: 0.8154  data_time: 0.1439  last_data_time: 0.1439   lr: 4.3654e-05  max_mem: 12314M
[03/18 01:24:36 d2.utils.events]:  eta: 1:45:01  iter: 2339  total_loss: 10.72  loss_ce: 0.06326  loss_mask: 0.03061  loss_dice: 0.8314  loss_ce_0: 0.253  loss_mask_0: 0.03087  loss_dice_0: 1.292  loss_ce_1: 0.1824  loss_mask_1: 0.02819  loss_dice_1: 0.7933  loss_ce_2: 0.08207  loss_mask_2: 0.03677  loss_dice_2: 0.9836  loss_ce_3: 0.09037  loss_mask_3: 0.03574  loss_dice_3: 1.073  loss_ce_4: 0.1201  loss_mask_4: 0.02335  loss_dice_4: 0.6618  loss_ce_5: 0.09974  loss_mask_5: 0.0272  loss_dice_5: 0.9511  loss_ce_6: 0.06616  loss_mask_6: 0.02611  loss_dice_6: 0.8686  loss_ce_7: 0.06095  loss_mask_7: 0.03135  loss_dice_7: 1.031  loss_ce_8: 0.05878  loss_mask_8: 0.02473  loss_dice_8: 0.8643    time: 0.8498  last_time: 0.8939  data_time: 0.2264  last_data_time: 0.2264   lr: 4.3549e-05  max_mem: 12314M
[03/18 01:24:53 d2.utils.events]:  eta: 1:44:46  iter: 2359  total_loss: 6.46  loss_ce: 0.02896  loss_mask: 0.04666  loss_dice: 0.5285  loss_ce_0: 0.1803  loss_mask_0: 0.05563  loss_dice_0: 0.6215  loss_ce_1: 0.04488  loss_mask_1: 0.049  loss_dice_1: 0.5744  loss_ce_2: 0.04093  loss_mask_2: 0.0505  loss_dice_2: 0.5782  loss_ce_3: 0.04015  loss_mask_3: 0.04753  loss_dice_3: 0.5648  loss_ce_4: 0.03714  loss_mask_4: 0.03927  loss_dice_4: 0.4729  loss_ce_5: 0.03242  loss_mask_5: 0.04144  loss_dice_5: 0.4627  loss_ce_6: 0.03053  loss_mask_6: 0.03961  loss_dice_6: 0.5118  loss_ce_7: 0.0315  loss_mask_7: 0.04836  loss_dice_7: 0.619  loss_ce_8: 0.02766  loss_mask_8: 0.04382  loss_dice_8: 0.5696    time: 0.8497  last_time: 0.8702  data_time: 0.2119  last_data_time: 0.2119   lr: 4.3443e-05  max_mem: 12314M
[03/18 01:25:11 d2.utils.events]:  eta: 1:44:28  iter: 2379  total_loss: 9.001  loss_ce: 0.02411  loss_mask: 0.02973  loss_dice: 0.9294  loss_ce_0: 0.2216  loss_mask_0: 0.04895  loss_dice_0: 1.14  loss_ce_1: 0.09218  loss_mask_1: 0.03112  loss_dice_1: 0.7211  loss_ce_2: 0.03239  loss_mask_2: 0.03366  loss_dice_2: 0.7884  loss_ce_3: 0.02791  loss_mask_3: 0.03256  loss_dice_3: 0.7232  loss_ce_4: 0.02019  loss_mask_4: 0.03065  loss_dice_4: 0.8505  loss_ce_5: 0.01892  loss_mask_5: 0.03058  loss_dice_5: 0.7528  loss_ce_6: 0.02481  loss_mask_6: 0.0282  loss_dice_6: 0.7259  loss_ce_7: 0.02703  loss_mask_7: 0.03161  loss_dice_7: 0.8071  loss_ce_8: 0.02253  loss_mask_8: 0.02754  loss_dice_8: 0.7262    time: 0.8498  last_time: 0.8873  data_time: 0.2296  last_data_time: 0.2296   lr: 4.3337e-05  max_mem: 12314M
[03/18 01:25:28 d2.utils.events]:  eta: 1:44:13  iter: 2399  total_loss: 18.71  loss_ce: 0.2611  loss_mask: 0.127  loss_dice: 1.357  loss_ce_0: 0.3233  loss_mask_0: 0.12  loss_dice_0: 1.544  loss_ce_1: 0.2868  loss_mask_1: 0.1228  loss_dice_1: 1.59  loss_ce_2: 0.2488  loss_mask_2: 0.122  loss_dice_2: 1.639  loss_ce_3: 0.2241  loss_mask_3: 0.09926  loss_dice_3: 1.399  loss_ce_4: 0.2058  loss_mask_4: 0.1001  loss_dice_4: 1.406  loss_ce_5: 0.2256  loss_mask_5: 0.09435  loss_dice_5: 1.512  loss_ce_6: 0.2075  loss_mask_6: 0.1211  loss_dice_6: 1.735  loss_ce_7: 0.2551  loss_mask_7: 0.1116  loss_dice_7: 1.545  loss_ce_8: 0.2321  loss_mask_8: 0.09658  loss_dice_8: 1.396    time: 0.8499  last_time: 0.8354  data_time: 0.1478  last_data_time: 0.1478   lr: 4.323e-05  max_mem: 12314M
[03/18 01:25:45 d2.utils.events]:  eta: 1:43:57  iter: 2419  total_loss: 9.362  loss_ce: 0.02959  loss_mask: 0.02955  loss_dice: 0.7454  loss_ce_0: 0.1448  loss_mask_0: 0.04287  loss_dice_0: 0.7579  loss_ce_1: 0.05144  loss_mask_1: 0.03201  loss_dice_1: 1.003  loss_ce_2: 0.03095  loss_mask_2: 0.03798  loss_dice_2: 0.8059  loss_ce_3: 0.03723  loss_mask_3: 0.03645  loss_dice_3: 0.8074  loss_ce_4: 0.02965  loss_mask_4: 0.03254  loss_dice_4: 0.75  loss_ce_5: 0.03057  loss_mask_5: 0.0323  loss_dice_5: 0.9598  loss_ce_6: 0.0305  loss_mask_6: 0.03289  loss_dice_6: 0.8007  loss_ce_7: 0.03211  loss_mask_7: 0.03895  loss_dice_7: 0.9329  loss_ce_8: 0.0306  loss_mask_8: 0.04275  loss_dice_8: 0.9934    time: 0.8498  last_time: 0.8336  data_time: 0.1664  last_data_time: 0.1664   lr: 4.3122e-05  max_mem: 12314M
[03/18 01:26:03 d2.utils.events]:  eta: 1:43:47  iter: 2439  total_loss: 9.175  loss_ce: 0.01709  loss_mask: 0.04294  loss_dice: 0.6875  loss_ce_0: 0.1271  loss_mask_0: 0.06343  loss_dice_0: 1.176  loss_ce_1: 0.01886  loss_mask_1: 0.0582  loss_dice_1: 1.042  loss_ce_2: 0.02009  loss_mask_2: 0.05148  loss_dice_2: 0.6647  loss_ce_3: 0.02461  loss_mask_3: 0.04999  loss_dice_3: 0.6505  loss_ce_4: 0.02286  loss_mask_4: 0.05362  loss_dice_4: 1.024  loss_ce_5: 0.02285  loss_mask_5: 0.04623  loss_dice_5: 0.6959  loss_ce_6: 0.0192  loss_mask_6: 0.05042  loss_dice_6: 0.9374  loss_ce_7: 0.01656  loss_mask_7: 0.03779  loss_dice_7: 0.767  loss_ce_8: 0.01958  loss_mask_8: 0.04178  loss_dice_8: 0.7254    time: 0.8499  last_time: 0.8260  data_time: 0.1673  last_data_time: 0.1673   lr: 4.3013e-05  max_mem: 12314M
[03/18 01:26:20 d2.utils.events]:  eta: 1:43:33  iter: 2459  total_loss: 13.52  loss_ce: 0.05893  loss_mask: 0.03164  loss_dice: 1.218  loss_ce_0: 0.2268  loss_mask_0: 0.03716  loss_dice_0: 1.34  loss_ce_1: 0.07487  loss_mask_1: 0.03978  loss_dice_1: 1.133  loss_ce_2: 0.06962  loss_mask_2: 0.0276  loss_dice_2: 1.006  loss_ce_3: 0.06712  loss_mask_3: 0.03187  loss_dice_3: 1.073  loss_ce_4: 0.05528  loss_mask_4: 0.03488  loss_dice_4: 1.06  loss_ce_5: 0.1006  loss_mask_5: 0.04054  loss_dice_5: 1.712  loss_ce_6: 0.06505  loss_mask_6: 0.03465  loss_dice_6: 1.281  loss_ce_7: 0.06287  loss_mask_7: 0.03426  loss_dice_7: 1.266  loss_ce_8: 0.06222  loss_mask_8: 0.02541  loss_dice_8: 1.247    time: 0.8501  last_time: 0.7526  data_time: 0.0821  last_data_time: 0.0821   lr: 4.2904e-05  max_mem: 12314M
[03/18 01:26:37 d2.utils.events]:  eta: 1:43:13  iter: 2479  total_loss: 14  loss_ce: 0.1087  loss_mask: 0.06138  loss_dice: 1.064  loss_ce_0: 0.4562  loss_mask_0: 0.09048  loss_dice_0: 1.337  loss_ce_1: 0.1771  loss_mask_1: 0.06837  loss_dice_1: 1.2  loss_ce_2: 0.1234  loss_mask_2: 0.07393  loss_dice_2: 1.24  loss_ce_3: 0.1129  loss_mask_3: 0.06934  loss_dice_3: 1.208  loss_ce_4: 0.09137  loss_mask_4: 0.0788  loss_dice_4: 1.196  loss_ce_5: 0.07809  loss_mask_5: 0.06881  loss_dice_5: 1.15  loss_ce_6: 0.09822  loss_mask_6: 0.06668  loss_dice_6: 1.213  loss_ce_7: 0.1095  loss_mask_7: 0.06107  loss_dice_7: 1.181  loss_ce_8: 0.09818  loss_mask_8: 0.06049  loss_dice_8: 1.054    time: 0.8499  last_time: 0.8843  data_time: 0.2067  last_data_time: 0.2067   lr: 4.2794e-05  max_mem: 12314M
[03/18 01:26:55 d2.utils.events]:  eta: 1:42:58  iter: 2499  total_loss: 11.55  loss_ce: 0.1156  loss_mask: 0.05664  loss_dice: 0.9299  loss_ce_0: 0.2944  loss_mask_0: 0.1269  loss_dice_0: 1.309  loss_ce_1: 0.135  loss_mask_1: 0.08266  loss_dice_1: 0.9953  loss_ce_2: 0.1069  loss_mask_2: 0.05054  loss_dice_2: 0.9093  loss_ce_3: 0.1354  loss_mask_3: 0.0586  loss_dice_3: 1.031  loss_ce_4: 0.1119  loss_mask_4: 0.06162  loss_dice_4: 0.9278  loss_ce_5: 0.1092  loss_mask_5: 0.05384  loss_dice_5: 0.8743  loss_ce_6: 0.09906  loss_mask_6: 0.05223  loss_dice_6: 0.9461  loss_ce_7: 0.1089  loss_mask_7: 0.06087  loss_dice_7: 0.8774  loss_ce_8: 0.102  loss_mask_8: 0.05478  loss_dice_8: 0.7713    time: 0.8501  last_time: 0.8807  data_time: 0.1984  last_data_time: 0.1984   lr: 4.2683e-05  max_mem: 12314M
[03/18 01:27:13 d2.utils.events]:  eta: 1:42:43  iter: 2519  total_loss: 21.2  loss_ce: 0.04413  loss_mask: 0.06582  loss_dice: 1.804  loss_ce_0: 0.2236  loss_mask_0: 0.07939  loss_dice_0: 2  loss_ce_1: 0.1725  loss_mask_1: 0.04969  loss_dice_1: 2.072  loss_ce_2: 0.08526  loss_mask_2: 0.05628  loss_dice_2: 1.904  loss_ce_3: 0.05532  loss_mask_3: 0.06392  loss_dice_3: 2.174  loss_ce_4: 0.07524  loss_mask_4: 0.08157  loss_dice_4: 2.327  loss_ce_5: 0.04679  loss_mask_5: 0.07432  loss_dice_5: 1.862  loss_ce_6: 0.08115  loss_mask_6: 0.0595  loss_dice_6: 1.357  loss_ce_7: 0.07938  loss_mask_7: 0.07948  loss_dice_7: 2.105  loss_ce_8: 0.04413  loss_mask_8: 0.06931  loss_dice_8: 2.007    time: 0.8504  last_time: 0.8308  data_time: 0.1580  last_data_time: 0.1580   lr: 4.2572e-05  max_mem: 12314M
[03/18 01:27:30 d2.utils.events]:  eta: 1:42:28  iter: 2539  total_loss: 12.35  loss_ce: 0.05369  loss_mask: 0.03274  loss_dice: 1.01  loss_ce_0: 0.3063  loss_mask_0: 0.03389  loss_dice_0: 1.217  loss_ce_1: 0.109  loss_mask_1: 0.03204  loss_dice_1: 1.071  loss_ce_2: 0.1283  loss_mask_2: 0.03549  loss_dice_2: 0.8741  loss_ce_3: 0.1048  loss_mask_3: 0.03698  loss_dice_3: 1.064  loss_ce_4: 0.05284  loss_mask_4: 0.04996  loss_dice_4: 1.112  loss_ce_5: 0.1009  loss_mask_5: 0.04185  loss_dice_5: 1.051  loss_ce_6: 0.07634  loss_mask_6: 0.03932  loss_dice_6: 1.44  loss_ce_7: 0.0553  loss_mask_7: 0.04254  loss_dice_7: 1.206  loss_ce_8: 0.1278  loss_mask_8: 0.02954  loss_dice_8: 0.8151    time: 0.8502  last_time: 0.8709  data_time: 0.2025  last_data_time: 0.2025   lr: 4.246e-05  max_mem: 12314M
[03/18 01:27:47 d2.utils.events]:  eta: 1:42:14  iter: 2559  total_loss: 9.223  loss_ce: 0.04336  loss_mask: 0.0517  loss_dice: 0.8009  loss_ce_0: 0.2019  loss_mask_0: 0.05378  loss_dice_0: 0.8462  loss_ce_1: 0.07963  loss_mask_1: 0.04245  loss_dice_1: 0.7399  loss_ce_2: 0.05491  loss_mask_2: 0.03912  loss_dice_2: 0.7679  loss_ce_3: 0.05015  loss_mask_3: 0.04096  loss_dice_3: 0.7443  loss_ce_4: 0.04861  loss_mask_4: 0.05428  loss_dice_4: 0.8848  loss_ce_5: 0.05959  loss_mask_5: 0.0438  loss_dice_5: 0.7873  loss_ce_6: 0.04649  loss_mask_6: 0.04148  loss_dice_6: 0.7369  loss_ce_7: 0.04312  loss_mask_7: 0.0489  loss_dice_7: 0.7759  loss_ce_8: 0.05073  loss_mask_8: 0.05464  loss_dice_8: 0.9892    time: 0.8502  last_time: 0.7864  data_time: 0.1072  last_data_time: 0.1072   lr: 4.2347e-05  max_mem: 12314M
[03/18 01:28:04 d2.utils.events]:  eta: 1:41:58  iter: 2579  total_loss: 14.17  loss_ce: 0.1114  loss_mask: 0.05789  loss_dice: 1.401  loss_ce_0: 0.3594  loss_mask_0: 0.07228  loss_dice_0: 1.283  loss_ce_1: 0.2204  loss_mask_1: 0.06464  loss_dice_1: 1.251  loss_ce_2: 0.1856  loss_mask_2: 0.0511  loss_dice_2: 1.224  loss_ce_3: 0.1489  loss_mask_3: 0.05217  loss_dice_3: 1.088  loss_ce_4: 0.08038  loss_mask_4: 0.05468  loss_dice_4: 1.218  loss_ce_5: 0.144  loss_mask_5: 0.05498  loss_dice_5: 1.08  loss_ce_6: 0.1359  loss_mask_6: 0.04997  loss_dice_6: 1.066  loss_ce_7: 0.1516  loss_mask_7: 0.04733  loss_dice_7: 1.254  loss_ce_8: 0.1407  loss_mask_8: 0.05067  loss_dice_8: 1.071    time: 0.8502  last_time: 0.8814  data_time: 0.2097  last_data_time: 0.2097   lr: 4.2234e-05  max_mem: 12314M
[03/18 01:28:21 d2.utils.events]:  eta: 1:41:45  iter: 2599  total_loss: 9.58  loss_ce: 0.06124  loss_mask: 0.0306  loss_dice: 0.6915  loss_ce_0: 0.2237  loss_mask_0: 0.05756  loss_dice_0: 1.075  loss_ce_1: 0.09569  loss_mask_1: 0.03873  loss_dice_1: 0.9439  loss_ce_2: 0.07715  loss_mask_2: 0.04407  loss_dice_2: 0.9432  loss_ce_3: 0.08324  loss_mask_3: 0.04314  loss_dice_3: 0.9303  loss_ce_4: 0.08228  loss_mask_4: 0.03627  loss_dice_4: 0.7969  loss_ce_5: 0.07228  loss_mask_5: 0.03687  loss_dice_5: 0.8568  loss_ce_6: 0.08019  loss_mask_6: 0.04308  loss_dice_6: 0.7818  loss_ce_7: 0.07026  loss_mask_7: 0.03926  loss_dice_7: 0.6483  loss_ce_8: 0.06692  loss_mask_8: 0.03867  loss_dice_8: 0.591    time: 0.8503  last_time: 0.8403  data_time: 0.1737  last_data_time: 0.1737   lr: 4.2119e-05  max_mem: 12314M
[03/18 01:28:39 d2.utils.events]:  eta: 1:41:29  iter: 2619  total_loss: 7.378  loss_ce: 0.0269  loss_mask: 0.02713  loss_dice: 0.646  loss_ce_0: 0.1592  loss_mask_0: 0.04344  loss_dice_0: 1.013  loss_ce_1: 0.04453  loss_mask_1: 0.02161  loss_dice_1: 0.4676  loss_ce_2: 0.04473  loss_mask_2: 0.02762  loss_dice_2: 0.5943  loss_ce_3: 0.04394  loss_mask_3: 0.02564  loss_dice_3: 0.6037  loss_ce_4: 0.0306  loss_mask_4: 0.02786  loss_dice_4: 0.6428  loss_ce_5: 0.02759  loss_mask_5: 0.03004  loss_dice_5: 0.5787  loss_ce_6: 0.0291  loss_mask_6: 0.03117  loss_dice_6: 0.8347  loss_ce_7: 0.02869  loss_mask_7: 0.02907  loss_dice_7: 0.6918  loss_ce_8: 0.02382  loss_mask_8: 0.03173  loss_dice_8: 0.551    time: 0.8503  last_time: 0.8650  data_time: 0.1880  last_data_time: 0.1880   lr: 4.2005e-05  max_mem: 12314M
[03/18 01:28:55 d2.utils.events]:  eta: 1:41:08  iter: 2639  total_loss: 15.57  loss_ce: 0.09476  loss_mask: 0.06897  loss_dice: 1.31  loss_ce_0: 0.3327  loss_mask_0: 0.06905  loss_dice_0: 1.583  loss_ce_1: 0.08994  loss_mask_1: 0.05382  loss_dice_1: 1.311  loss_ce_2: 0.07561  loss_mask_2: 0.05119  loss_dice_2: 1.411  loss_ce_3: 0.1246  loss_mask_3: 0.05603  loss_dice_3: 1.411  loss_ce_4: 0.08897  loss_mask_4: 0.05527  loss_dice_4: 1.31  loss_ce_5: 0.08737  loss_mask_5: 0.05458  loss_dice_5: 1.383  loss_ce_6: 0.1029  loss_mask_6: 0.07002  loss_dice_6: 1.492  loss_ce_7: 0.08725  loss_mask_7: 0.06252  loss_dice_7: 1.343  loss_ce_8: 0.09624  loss_mask_8: 0.0522  loss_dice_8: 1.239    time: 0.8500  last_time: 0.7895  data_time: 0.1108  last_data_time: 0.1108   lr: 4.1889e-05  max_mem: 12314M
[03/18 01:29:12 d2.utils.events]:  eta: 1:40:47  iter: 2659  total_loss: 12.03  loss_ce: 0.03133  loss_mask: 0.0576  loss_dice: 1.19  loss_ce_0: 0.1272  loss_mask_0: 0.08859  loss_dice_0: 1.017  loss_ce_1: 0.03846  loss_mask_1: 0.06541  loss_dice_1: 0.9361  loss_ce_2: 0.05201  loss_mask_2: 0.06856  loss_dice_2: 1.073  loss_ce_3: 0.1026  loss_mask_3: 0.05721  loss_dice_3: 0.975  loss_ce_4: 0.09886  loss_mask_4: 0.05774  loss_dice_4: 1.041  loss_ce_5: 0.04149  loss_mask_5: 0.06917  loss_dice_5: 1.157  loss_ce_6: 0.03776  loss_mask_6: 0.06916  loss_dice_6: 1.118  loss_ce_7: 0.07214  loss_mask_7: 0.0696  loss_dice_7: 1.311  loss_ce_8: 0.03068  loss_mask_8: 0.065  loss_dice_8: 0.911    time: 0.8499  last_time: 1.1584  data_time: 0.1878  last_data_time: 0.1878   lr: 4.1773e-05  max_mem: 12314M
[03/18 01:29:29 d2.utils.events]:  eta: 1:40:29  iter: 2679  total_loss: 9.909  loss_ce: 0.09369  loss_mask: 0.06422  loss_dice: 0.8899  loss_ce_0: 0.1581  loss_mask_0: 0.08762  loss_dice_0: 1.114  loss_ce_1: 0.08261  loss_mask_1: 0.05535  loss_dice_1: 0.7697  loss_ce_2: 0.08993  loss_mask_2: 0.06197  loss_dice_2: 0.8517  loss_ce_3: 0.03522  loss_mask_3: 0.06379  loss_dice_3: 0.8273  loss_ce_4: 0.09749  loss_mask_4: 0.05305  loss_dice_4: 0.7403  loss_ce_5: 0.1075  loss_mask_5: 0.05125  loss_dice_5: 0.7529  loss_ce_6: 0.03101  loss_mask_6: 0.06953  loss_dice_6: 0.8618  loss_ce_7: 0.02903  loss_mask_7: 0.05652  loss_dice_7: 0.8099  loss_ce_8: 0.03145  loss_mask_8: 0.06712  loss_dice_8: 0.9047    time: 0.8499  last_time: 1.2626  data_time: 0.5980  last_data_time: 0.5980   lr: 4.1656e-05  max_mem: 12314M
[03/18 01:29:46 d2.utils.events]:  eta: 1:40:11  iter: 2699  total_loss: 15.9  loss_ce: 0.1185  loss_mask: 0.05168  loss_dice: 1.202  loss_ce_0: 0.4102  loss_mask_0: 0.0746  loss_dice_0: 1.73  loss_ce_1: 0.2263  loss_mask_1: 0.06514  loss_dice_1: 1.174  loss_ce_2: 0.2232  loss_mask_2: 0.05722  loss_dice_2: 1.265  loss_ce_3: 0.1127  loss_mask_3: 0.05359  loss_dice_3: 1.379  loss_ce_4: 0.2944  loss_mask_4: 0.04851  loss_dice_4: 1.249  loss_ce_5: 0.1757  loss_mask_5: 0.05608  loss_dice_5: 1.35  loss_ce_6: 0.164  loss_mask_6: 0.05877  loss_dice_6: 1.33  loss_ce_7: 0.1647  loss_mask_7: 0.04961  loss_dice_7: 1.223  loss_ce_8: 0.1715  loss_mask_8: 0.04991  loss_dice_8: 1.368    time: 0.8496  last_time: 0.8483  data_time: 0.1729  last_data_time: 0.1729   lr: 4.1539e-05  max_mem: 12314M
[03/18 01:30:03 d2.utils.events]:  eta: 1:39:54  iter: 2719  total_loss: 13.15  loss_ce: 0.09738  loss_mask: 0.03482  loss_dice: 0.9903  loss_ce_0: 0.3701  loss_mask_0: 0.04106  loss_dice_0: 1.034  loss_ce_1: 0.2035  loss_mask_1: 0.04638  loss_dice_1: 1.4  loss_ce_2: 0.1156  loss_mask_2: 0.03837  loss_dice_2: 1.157  loss_ce_3: 0.1037  loss_mask_3: 0.03756  loss_dice_3: 1.153  loss_ce_4: 0.1043  loss_mask_4: 0.04133  loss_dice_4: 1.076  loss_ce_5: 0.09621  loss_mask_5: 0.03802  loss_dice_5: 0.9913  loss_ce_6: 0.09208  loss_mask_6: 0.04688  loss_dice_6: 1.266  loss_ce_7: 0.06886  loss_mask_7: 0.03855  loss_dice_7: 1.353  loss_ce_8: 0.0921  loss_mask_8: 0.03526  loss_dice_8: 0.9917    time: 0.8498  last_time: 0.8833  data_time: 0.2108  last_data_time: 0.2108   lr: 4.1421e-05  max_mem: 12314M
[03/18 01:30:21 d2.utils.events]:  eta: 1:39:39  iter: 2739  total_loss: 13.58  loss_ce: 0.02699  loss_mask: 0.1068  loss_dice: 1.137  loss_ce_0: 0.2954  loss_mask_0: 0.0788  loss_dice_0: 1.296  loss_ce_1: 0.1541  loss_mask_1: 0.1169  loss_dice_1: 1.028  loss_ce_2: 0.1216  loss_mask_2: 0.0651  loss_dice_2: 1.298  loss_ce_3: 0.03274  loss_mask_3: 0.1021  loss_dice_3: 1.316  loss_ce_4: 0.03255  loss_mask_4: 0.1119  loss_dice_4: 1.345  loss_ce_5: 0.03688  loss_mask_5: 0.07528  loss_dice_5: 1.171  loss_ce_6: 0.02818  loss_mask_6: 0.08085  loss_dice_6: 1.145  loss_ce_7: 0.08107  loss_mask_7: 0.095  loss_dice_7: 0.9712  loss_ce_8: 0.02727  loss_mask_8: 0.0814  loss_dice_8: 1.12    time: 0.8498  last_time: 0.8288  data_time: 0.1693  last_data_time: 0.1693   lr: 4.1302e-05  max_mem: 12314M
[03/18 01:30:39 d2.utils.events]:  eta: 1:39:25  iter: 2759  total_loss: 9.773  loss_ce: 0.03539  loss_mask: 0.07529  loss_dice: 0.7508  loss_ce_0: 0.287  loss_mask_0: 0.1545  loss_dice_0: 1.06  loss_ce_1: 0.06648  loss_mask_1: 0.07806  loss_dice_1: 0.7973  loss_ce_2: 0.05014  loss_mask_2: 0.06939  loss_dice_2: 0.7808  loss_ce_3: 0.03981  loss_mask_3: 0.07078  loss_dice_3: 0.7783  loss_ce_4: 0.03464  loss_mask_4: 0.07497  loss_dice_4: 0.8993  loss_ce_5: 0.03519  loss_mask_5: 0.06328  loss_dice_5: 0.7982  loss_ce_6: 0.03582  loss_mask_6: 0.0711  loss_dice_6: 0.787  loss_ce_7: 0.0342  loss_mask_7: 0.07768  loss_dice_7: 0.8399  loss_ce_8: 0.03489  loss_mask_8: 0.07599  loss_dice_8: 0.8165    time: 0.8503  last_time: 0.8691  data_time: 0.1932  last_data_time: 0.1932   lr: 4.1182e-05  max_mem: 12314M
[03/18 01:30:56 d2.utils.events]:  eta: 1:39:06  iter: 2779  total_loss: 9.372  loss_ce: 0.1079  loss_mask: 0.03807  loss_dice: 0.9518  loss_ce_0: 0.2209  loss_mask_0: 0.06216  loss_dice_0: 0.8466  loss_ce_1: 0.09301  loss_mask_1: 0.04302  loss_dice_1: 0.927  loss_ce_2: 0.1653  loss_mask_2: 0.04211  loss_dice_2: 0.6055  loss_ce_3: 0.1342  loss_mask_3: 0.03654  loss_dice_3: 0.651  loss_ce_4: 0.1613  loss_mask_4: 0.04124  loss_dice_4: 0.5511  loss_ce_5: 0.1207  loss_mask_5: 0.03358  loss_dice_5: 0.5344  loss_ce_6: 0.1722  loss_mask_6: 0.03209  loss_dice_6: 0.6986  loss_ce_7: 0.1589  loss_mask_7: 0.0314  loss_dice_7: 0.6962  loss_ce_8: 0.05621  loss_mask_8: 0.03956  loss_dice_8: 1.12    time: 0.8501  last_time: 0.8312  data_time: 0.1613  last_data_time: 0.1613   lr: 4.1062e-05  max_mem: 12314M
[03/18 01:31:14 d2.utils.events]:  eta: 1:38:55  iter: 2799  total_loss: 12.95  loss_ce: 0.06998  loss_mask: 0.06245  loss_dice: 1.007  loss_ce_0: 0.1685  loss_mask_0: 0.08051  loss_dice_0: 1.225  loss_ce_1: 0.1316  loss_mask_1: 0.06296  loss_dice_1: 0.879  loss_ce_2: 0.0912  loss_mask_2: 0.06576  loss_dice_2: 1.239  loss_ce_3: 0.09092  loss_mask_3: 0.0742  loss_dice_3: 1.195  loss_ce_4: 0.1347  loss_mask_4: 0.06046  loss_dice_4: 1.219  loss_ce_5: 0.1271  loss_mask_5: 0.06675  loss_dice_5: 1.184  loss_ce_6: 0.07833  loss_mask_6: 0.0541  loss_dice_6: 1.012  loss_ce_7: 0.1288  loss_mask_7: 0.05808  loss_dice_7: 1.088  loss_ce_8: 0.1243  loss_mask_8: 0.05201  loss_dice_8: 1.118    time: 0.8504  last_time: 0.8013  data_time: 0.1310  last_data_time: 0.1310   lr: 4.0942e-05  max_mem: 12314M
[03/18 01:31:30 d2.utils.events]:  eta: 1:38:37  iter: 2819  total_loss: 20.03  loss_ce: 0.2005  loss_mask: 0.08491  loss_dice: 1.69  loss_ce_0: 0.3628  loss_mask_0: 0.087  loss_dice_0: 2.114  loss_ce_1: 0.2358  loss_mask_1: 0.0727  loss_dice_1: 1.847  loss_ce_2: 0.2317  loss_mask_2: 0.09246  loss_dice_2: 1.704  loss_ce_3: 0.1808  loss_mask_3: 0.08297  loss_dice_3: 1.757  loss_ce_4: 0.2137  loss_mask_4: 0.07026  loss_dice_4: 1.639  loss_ce_5: 0.1527  loss_mask_5: 0.07588  loss_dice_5: 1.707  loss_ce_6: 0.2125  loss_mask_6: 0.05034  loss_dice_6: 1.532  loss_ce_7: 0.1954  loss_mask_7: 0.05435  loss_dice_7: 1.326  loss_ce_8: 0.2506  loss_mask_8: 0.08497  loss_dice_8: 1.723    time: 0.8502  last_time: 0.9128  data_time: 0.2283  last_data_time: 0.2283   lr: 4.082e-05  max_mem: 12314M
[03/18 01:31:48 d2.utils.events]:  eta: 1:38:17  iter: 2839  total_loss: 14.23  loss_ce: 0.07301  loss_mask: 0.05817  loss_dice: 1.22  loss_ce_0: 0.3594  loss_mask_0: 0.07614  loss_dice_0: 1.425  loss_ce_1: 0.09628  loss_mask_1: 0.06445  loss_dice_1: 1.398  loss_ce_2: 0.08689  loss_mask_2: 0.06497  loss_dice_2: 1.232  loss_ce_3: 0.0578  loss_mask_3: 0.05337  loss_dice_3: 1.138  loss_ce_4: 0.07481  loss_mask_4: 0.06087  loss_dice_4: 1.159  loss_ce_5: 0.04964  loss_mask_5: 0.05427  loss_dice_5: 1.205  loss_ce_6: 0.05688  loss_mask_6: 0.0636  loss_dice_6: 1.33  loss_ce_7: 0.06808  loss_mask_7: 0.05032  loss_dice_7: 1.289  loss_ce_8: 0.05395  loss_mask_8: 0.05239  loss_dice_8: 1.256    time: 0.8502  last_time: 0.8309  data_time: 0.1654  last_data_time: 0.1654   lr: 4.0698e-05  max_mem: 12314M
[03/18 01:32:05 d2.utils.events]:  eta: 1:37:59  iter: 2859  total_loss: 7.522  loss_ce: 0.05063  loss_mask: 0.05504  loss_dice: 0.5639  loss_ce_0: 0.3465  loss_mask_0: 0.06572  loss_dice_0: 0.6074  loss_ce_1: 0.05937  loss_mask_1: 0.05211  loss_dice_1: 0.5553  loss_ce_2: 0.05594  loss_mask_2: 0.04909  loss_dice_2: 0.6521  loss_ce_3: 0.06606  loss_mask_3: 0.05092  loss_dice_3: 0.5696  loss_ce_4: 0.06658  loss_mask_4: 0.06124  loss_dice_4: 0.8217  loss_ce_5: 0.06459  loss_mask_5: 0.051  loss_dice_5: 0.6788  loss_ce_6: 0.05685  loss_mask_6: 0.04971  loss_dice_6: 0.5807  loss_ce_7: 0.05337  loss_mask_7: 0.05091  loss_dice_7: 0.5409  loss_ce_8: 0.05059  loss_mask_8: 0.04845  loss_dice_8: 0.5467    time: 0.8501  last_time: 0.8290  data_time: 0.1592  last_data_time: 0.1592   lr: 4.0576e-05  max_mem: 12314M
[03/18 01:32:22 d2.utils.events]:  eta: 1:37:37  iter: 2879  total_loss: 12.92  loss_ce: 0.08678  loss_mask: 0.05033  loss_dice: 0.9851  loss_ce_0: 0.3266  loss_mask_0: 0.05918  loss_dice_0: 1.173  loss_ce_1: 0.1793  loss_mask_1: 0.0634  loss_dice_1: 1.117  loss_ce_2: 0.235  loss_mask_2: 0.08224  loss_dice_2: 1.396  loss_ce_3: 0.1733  loss_mask_3: 0.05466  loss_dice_3: 1.051  loss_ce_4: 0.1365  loss_mask_4: 0.04941  loss_dice_4: 1.027  loss_ce_5: 0.1125  loss_mask_5: 0.05385  loss_dice_5: 1.016  loss_ce_6: 0.1054  loss_mask_6: 0.04535  loss_dice_6: 0.9626  loss_ce_7: 0.06241  loss_mask_7: 0.04086  loss_dice_7: 1.181  loss_ce_8: 0.08925  loss_mask_8: 0.04689  loss_dice_8: 0.9608    time: 0.8500  last_time: 0.8403  data_time: 0.1757  last_data_time: 0.1757   lr: 4.0453e-05  max_mem: 12314M
[03/18 01:32:39 d2.utils.events]:  eta: 1:37:29  iter: 2899  total_loss: 15.97  loss_ce: 0.2226  loss_mask: 0.04953  loss_dice: 1.379  loss_ce_0: 0.2256  loss_mask_0: 0.07388  loss_dice_0: 1.524  loss_ce_1: 0.137  loss_mask_1: 0.05457  loss_dice_1: 1.296  loss_ce_2: 0.06305  loss_mask_2: 0.06876  loss_dice_2: 1.5  loss_ce_3: 0.06829  loss_mask_3: 0.06353  loss_dice_3: 1.369  loss_ce_4: 0.1189  loss_mask_4: 0.05125  loss_dice_4: 1.409  loss_ce_5: 0.12  loss_mask_5: 0.06667  loss_dice_5: 1.544  loss_ce_6: 0.07503  loss_mask_6: 0.04498  loss_dice_6: 1.312  loss_ce_7: 0.0744  loss_mask_7: 0.05069  loss_dice_7: 1.368  loss_ce_8: 0.08395  loss_mask_8: 0.06327  loss_dice_8: 1.49    time: 0.8502  last_time: 0.9002  data_time: 0.2429  last_data_time: 0.2429   lr: 4.0329e-05  max_mem: 12314M
[03/18 01:32:56 d2.utils.events]:  eta: 1:37:15  iter: 2919  total_loss: 14.08  loss_ce: 0.05067  loss_mask: 0.05625  loss_dice: 1.212  loss_ce_0: 0.2974  loss_mask_0: 0.07342  loss_dice_0: 1.446  loss_ce_1: 0.07799  loss_mask_1: 0.0618  loss_dice_1: 1.148  loss_ce_2: 0.1494  loss_mask_2: 0.06173  loss_dice_2: 1.155  loss_ce_3: 0.06373  loss_mask_3: 0.07107  loss_dice_3: 1.25  loss_ce_4: 0.13  loss_mask_4: 0.06715  loss_dice_4: 1.275  loss_ce_5: 0.0822  loss_mask_5: 0.06583  loss_dice_5: 1.201  loss_ce_6: 0.09868  loss_mask_6: 0.05545  loss_dice_6: 1.098  loss_ce_7: 0.1247  loss_mask_7: 0.0612  loss_dice_7: 1.278  loss_ce_8: 0.05501  loss_mask_8: 0.06441  loss_dice_8: 1.254    time: 0.8501  last_time: 0.8142  data_time: 0.1397  last_data_time: 0.1397   lr: 4.0204e-05  max_mem: 12314M
[03/18 01:33:13 d2.utils.events]:  eta: 1:36:59  iter: 2939  total_loss: 8.774  loss_ce: 0.04306  loss_mask: 0.04824  loss_dice: 0.8441  loss_ce_0: 0.2296  loss_mask_0: 0.07453  loss_dice_0: 0.9776  loss_ce_1: 0.06067  loss_mask_1: 0.04318  loss_dice_1: 0.7912  loss_ce_2: 0.06075  loss_mask_2: 0.0395  loss_dice_2: 0.7218  loss_ce_3: 0.04798  loss_mask_3: 0.04224  loss_dice_3: 0.7559  loss_ce_4: 0.0482  loss_mask_4: 0.04035  loss_dice_4: 0.7036  loss_ce_5: 0.04727  loss_mask_5: 0.03981  loss_dice_5: 0.6828  loss_ce_6: 0.04651  loss_mask_6: 0.04155  loss_dice_6: 0.7129  loss_ce_7: 0.04829  loss_mask_7: 0.03881  loss_dice_7: 0.7027  loss_ce_8: 0.04484  loss_mask_8: 0.03722  loss_dice_8: 0.7593    time: 0.8501  last_time: 0.8806  data_time: 0.2111  last_data_time: 0.2111   lr: 4.008e-05  max_mem: 12314M
[03/18 01:33:30 d2.utils.events]:  eta: 1:36:40  iter: 2959  total_loss: 13.12  loss_ce: 0.0209  loss_mask: 0.07873  loss_dice: 1.173  loss_ce_0: 0.2423  loss_mask_0: 0.09052  loss_dice_0: 0.9708  loss_ce_1: 0.1348  loss_mask_1: 0.06881  loss_dice_1: 1.05  loss_ce_2: 0.1534  loss_mask_2: 0.08636  loss_dice_2: 1.191  loss_ce_3: 0.05407  loss_mask_3: 0.07439  loss_dice_3: 1.232  loss_ce_4: 0.1369  loss_mask_4: 0.06816  loss_dice_4: 1.215  loss_ce_5: 0.1363  loss_mask_5: 0.06161  loss_dice_5: 1.039  loss_ce_6: 0.06375  loss_mask_6: 0.07507  loss_dice_6: 1.14  loss_ce_7: 0.02532  loss_mask_7: 0.07315  loss_dice_7: 1.262  loss_ce_8: 0.02238  loss_mask_8: 0.07702  loss_dice_8: 1.103    time: 0.8500  last_time: 0.8359  data_time: 0.1740  last_data_time: 0.1740   lr: 3.9954e-05  max_mem: 12314M
[03/18 01:33:48 d2.utils.events]:  eta: 1:36:25  iter: 2979  total_loss: 9.541  loss_ce: 0.08957  loss_mask: 0.06153  loss_dice: 0.7987  loss_ce_0: 0.2964  loss_mask_0: 0.09604  loss_dice_0: 1.029  loss_ce_1: 0.101  loss_mask_1: 0.0731  loss_dice_1: 0.814  loss_ce_2: 0.0859  loss_mask_2: 0.07644  loss_dice_2: 0.7678  loss_ce_3: 0.07673  loss_mask_3: 0.05746  loss_dice_3: 0.7288  loss_ce_4: 0.06506  loss_mask_4: 0.0625  loss_dice_4: 0.8162  loss_ce_5: 0.05835  loss_mask_5: 0.06062  loss_dice_5: 0.7681  loss_ce_6: 0.1067  loss_mask_6: 0.05502  loss_dice_6: 0.759  loss_ce_7: 0.06401  loss_mask_7: 0.05508  loss_dice_7: 0.6752  loss_ce_8: 0.06567  loss_mask_8: 0.05195  loss_dice_8: 0.7254    time: 0.8501  last_time: 0.9353  data_time: 0.2589  last_data_time: 0.2589   lr: 3.9828e-05  max_mem: 12314M
[03/18 01:34:05 d2.utils.events]:  eta: 1:36:02  iter: 2999  total_loss: 15.09  loss_ce: 0.1459  loss_mask: 0.06925  loss_dice: 1.245  loss_ce_0: 0.2445  loss_mask_0: 0.07878  loss_dice_0: 1.3  loss_ce_1: 0.1219  loss_mask_1: 0.07669  loss_dice_1: 1.272  loss_ce_2: 0.03047  loss_mask_2: 0.08264  loss_dice_2: 1.269  loss_ce_3: 0.1149  loss_mask_3: 0.06485  loss_dice_3: 1.32  loss_ce_4: 0.07339  loss_mask_4: 0.07739  loss_dice_4: 1.37  loss_ce_5: 0.1265  loss_mask_5: 0.07885  loss_dice_5: 1.338  loss_ce_6: 0.1137  loss_mask_6: 0.09657  loss_dice_6: 1.297  loss_ce_7: 0.09357  loss_mask_7: 0.1141  loss_dice_7: 1.482  loss_ce_8: 0.09861  loss_mask_8: 0.07405  loss_dice_8: 1.217    time: 0.8500  last_time: 0.7810  data_time: 0.0991  last_data_time: 0.0991   lr: 3.9701e-05  max_mem: 12314M
[03/18 01:34:22 d2.utils.events]:  eta: 1:35:47  iter: 3019  total_loss: 9.347  loss_ce: 0.1365  loss_mask: 0.04098  loss_dice: 0.7468  loss_ce_0: 0.2827  loss_mask_0: 0.08209  loss_dice_0: 0.8371  loss_ce_1: 0.1956  loss_mask_1: 0.06523  loss_dice_1: 0.9383  loss_ce_2: 0.1786  loss_mask_2: 0.04663  loss_dice_2: 0.7893  loss_ce_3: 0.09704  loss_mask_3: 0.04366  loss_dice_3: 0.7887  loss_ce_4: 0.1137  loss_mask_4: 0.04235  loss_dice_4: 0.7082  loss_ce_5: 0.1245  loss_mask_5: 0.04184  loss_dice_5: 0.6506  loss_ce_6: 0.1359  loss_mask_6: 0.04787  loss_dice_6: 0.6314  loss_ce_7: 0.1152  loss_mask_7: 0.03979  loss_dice_7: 0.5891  loss_ce_8: 0.1354  loss_mask_8: 0.04119  loss_dice_8: 0.6603    time: 0.8500  last_time: 0.7870  data_time: 0.1281  last_data_time: 0.1281   lr: 3.9574e-05  max_mem: 12314M
[03/18 01:34:39 d2.utils.events]:  eta: 1:35:30  iter: 3039  total_loss: 12.44  loss_ce: 0.03376  loss_mask: 0.08612  loss_dice: 1.128  loss_ce_0: 0.1375  loss_mask_0: 0.09499  loss_dice_0: 1.072  loss_ce_1: 0.04003  loss_mask_1: 0.1075  loss_dice_1: 1.08  loss_ce_2: 0.1302  loss_mask_2: 0.07393  loss_dice_2: 0.9821  loss_ce_3: 0.08008  loss_mask_3: 0.08808  loss_dice_3: 1.207  loss_ce_4: 0.03014  loss_mask_4: 0.07112  loss_dice_4: 1.075  loss_ce_5: 0.03529  loss_mask_5: 0.08392  loss_dice_5: 1.12  loss_ce_6: 0.08756  loss_mask_6: 0.07641  loss_dice_6: 1.06  loss_ce_7: 0.09146  loss_mask_7: 0.08852  loss_dice_7: 1.178  loss_ce_8: 0.03073  loss_mask_8: 0.07634  loss_dice_8: 0.9937    time: 0.8498  last_time: 0.8281  data_time: 0.1527  last_data_time: 0.1527   lr: 3.9446e-05  max_mem: 12314M
[03/18 01:34:56 d2.utils.events]:  eta: 1:35:11  iter: 3059  total_loss: 17.94  loss_ce: 0.1956  loss_mask: 0.1066  loss_dice: 1.728  loss_ce_0: 0.4118  loss_mask_0: 0.1215  loss_dice_0: 1.704  loss_ce_1: 0.1892  loss_mask_1: 0.1058  loss_dice_1: 1.482  loss_ce_2: 0.1772  loss_mask_2: 0.1004  loss_dice_2: 1.555  loss_ce_3: 0.1073  loss_mask_3: 0.1036  loss_dice_3: 1.392  loss_ce_4: 0.1205  loss_mask_4: 0.09796  loss_dice_4: 1.428  loss_ce_5: 0.1693  loss_mask_5: 0.09726  loss_dice_5: 1.479  loss_ce_6: 0.171  loss_mask_6: 0.09353  loss_dice_6: 1.539  loss_ce_7: 0.1616  loss_mask_7: 0.1061  loss_dice_7: 1.425  loss_ce_8: 0.1606  loss_mask_8: 0.08938  loss_dice_8: 1.324    time: 0.8499  last_time: 0.8368  data_time: 0.1628  last_data_time: 0.1628   lr: 3.9317e-05  max_mem: 12314M
[03/18 01:35:13 d2.utils.events]:  eta: 1:34:56  iter: 3079  total_loss: 12.8  loss_ce: 0.08814  loss_mask: 0.05037  loss_dice: 1.046  loss_ce_0: 0.377  loss_mask_0: 0.07242  loss_dice_0: 1.265  loss_ce_1: 0.1941  loss_mask_1: 0.04226  loss_dice_1: 1.056  loss_ce_2: 0.1162  loss_mask_2: 0.05593  loss_dice_2: 0.9567  loss_ce_3: 0.1499  loss_mask_3: 0.05571  loss_dice_3: 1.133  loss_ce_4: 0.1141  loss_mask_4: 0.07571  loss_dice_4: 1.046  loss_ce_5: 0.1046  loss_mask_5: 0.05063  loss_dice_5: 1.057  loss_ce_6: 0.09072  loss_mask_6: 0.05087  loss_dice_6: 1.029  loss_ce_7: 0.1286  loss_mask_7: 0.04966  loss_dice_7: 1.173  loss_ce_8: 0.08351  loss_mask_8: 0.05419  loss_dice_8: 1.036    time: 0.8499  last_time: 0.8389  data_time: 0.1646  last_data_time: 0.1646   lr: 3.9188e-05  max_mem: 12314M
[03/18 01:35:30 d2.utils.events]:  eta: 1:34:38  iter: 3099  total_loss: 6.706  loss_ce: 0.07788  loss_mask: 0.02598  loss_dice: 0.6545  loss_ce_0: 0.1569  loss_mask_0: 0.02965  loss_dice_0: 0.5612  loss_ce_1: 0.05546  loss_mask_1: 0.02461  loss_dice_1: 0.6554  loss_ce_2: 0.07979  loss_mask_2: 0.02709  loss_dice_2: 0.3924  loss_ce_3: 0.132  loss_mask_3: 0.02346  loss_dice_3: 0.7652  loss_ce_4: 0.08675  loss_mask_4: 0.02595  loss_dice_4: 0.4577  loss_ce_5: 0.09147  loss_mask_5: 0.02762  loss_dice_5: 0.7403  loss_ce_6: 0.09207  loss_mask_6: 0.02518  loss_dice_6: 0.3836  loss_ce_7: 0.1292  loss_mask_7: 0.0246  loss_dice_7: 0.5781  loss_ce_8: 0.0818  loss_mask_8: 0.02375  loss_dice_8: 0.2762    time: 0.8498  last_time: 0.9069  data_time: 0.2367  last_data_time: 0.2367   lr: 3.9059e-05  max_mem: 12314M
[03/18 01:35:48 d2.utils.events]:  eta: 1:34:24  iter: 3119  total_loss: 15.08  loss_ce: 0.1308  loss_mask: 0.04  loss_dice: 1.353  loss_ce_0: 0.2062  loss_mask_0: 0.06901  loss_dice_0: 1.638  loss_ce_1: 0.05609  loss_mask_1: 0.05091  loss_dice_1: 1.486  loss_ce_2: 0.08391  loss_mask_2: 0.05929  loss_dice_2: 1.45  loss_ce_3: 0.09231  loss_mask_3: 0.04545  loss_dice_3: 1.234  loss_ce_4: 0.109  loss_mask_4: 0.0465  loss_dice_4: 1.297  loss_ce_5: 0.1303  loss_mask_5: 0.03553  loss_dice_5: 1.226  loss_ce_6: 0.05889  loss_mask_6: 0.05249  loss_dice_6: 1.24  loss_ce_7: 0.06098  loss_mask_7: 0.05478  loss_dice_7: 1.325  loss_ce_8: 0.1377  loss_mask_8: 0.05023  loss_dice_8: 1.264    time: 0.8500  last_time: 0.8564  data_time: 0.1906  last_data_time: 0.1906   lr: 3.8928e-05  max_mem: 12314M
[03/18 01:36:05 d2.utils.events]:  eta: 1:33:58  iter: 3139  total_loss: 14.95  loss_ce: 0.04361  loss_mask: 0.1661  loss_dice: 1.321  loss_ce_0: 0.3745  loss_mask_0: 0.1419  loss_dice_0: 1.171  loss_ce_1: 0.1168  loss_mask_1: 0.136  loss_dice_1: 1.292  loss_ce_2: 0.06353  loss_mask_2: 0.1423  loss_dice_2: 1.347  loss_ce_3: 0.0763  loss_mask_3: 0.1381  loss_dice_3: 1.133  loss_ce_4: 0.1131  loss_mask_4: 0.1262  loss_dice_4: 1.289  loss_ce_5: 0.0659  loss_mask_5: 0.1204  loss_dice_5: 1.326  loss_ce_6: 0.09521  loss_mask_6: 0.1673  loss_dice_6: 1.232  loss_ce_7: 0.09164  loss_mask_7: 0.1303  loss_dice_7: 1.118  loss_ce_8: 0.08711  loss_mask_8: 0.1465  loss_dice_8: 1.183    time: 0.8499  last_time: 0.8992  data_time: 0.2239  last_data_time: 0.2239   lr: 3.8798e-05  max_mem: 12314M
[03/18 01:36:22 d2.utils.events]:  eta: 1:33:45  iter: 3159  total_loss: 15.69  loss_ce: 0.06605  loss_mask: 0.0667  loss_dice: 1.458  loss_ce_0: 0.1549  loss_mask_0: 0.08028  loss_dice_0: 1.513  loss_ce_1: 0.07861  loss_mask_1: 0.07202  loss_dice_1: 1.58  loss_ce_2: 0.1004  loss_mask_2: 0.06607  loss_dice_2: 1.379  loss_ce_3: 0.06298  loss_mask_3: 0.05536  loss_dice_3: 1.37  loss_ce_4: 0.06782  loss_mask_4: 0.07036  loss_dice_4: 1.17  loss_ce_5: 0.0571  loss_mask_5: 0.06682  loss_dice_5: 1.541  loss_ce_6: 0.0599  loss_mask_6: 0.06907  loss_dice_6: 1.405  loss_ce_7: 0.06621  loss_mask_7: 0.06157  loss_dice_7: 1.416  loss_ce_8: 0.06424  loss_mask_8: 0.06284  loss_dice_8: 1.413    time: 0.8499  last_time: 0.8559  data_time: 0.1905  last_data_time: 0.1905   lr: 3.8666e-05  max_mem: 12314M
[03/18 01:36:40 d2.utils.events]:  eta: 1:33:27  iter: 3179  total_loss: 9.814  loss_ce: 0.05391  loss_mask: 0.03556  loss_dice: 0.9903  loss_ce_0: 0.2265  loss_mask_0: 0.05673  loss_dice_0: 1.112  loss_ce_1: 0.08556  loss_mask_1: 0.03622  loss_dice_1: 0.7401  loss_ce_2: 0.1493  loss_mask_2: 0.03521  loss_dice_2: 0.87  loss_ce_3: 0.08176  loss_mask_3: 0.02887  loss_dice_3: 0.9306  loss_ce_4: 0.07419  loss_mask_4: 0.02992  loss_dice_4: 0.894  loss_ce_5: 0.06461  loss_mask_5: 0.03022  loss_dice_5: 0.7961  loss_ce_6: 0.0628  loss_mask_6: 0.03304  loss_dice_6: 0.6597  loss_ce_7: 0.05151  loss_mask_7: 0.03188  loss_dice_7: 0.785  loss_ce_8: 0.05335  loss_mask_8: 0.03208  loss_dice_8: 0.7824    time: 0.8503  last_time: 1.2863  data_time: 0.6249  last_data_time: 0.6249   lr: 3.8535e-05  max_mem: 12314M
[03/18 01:36:57 d2.utils.events]:  eta: 1:33:07  iter: 3199  total_loss: 11.75  loss_ce: 0.02348  loss_mask: 0.0516  loss_dice: 1.254  loss_ce_0: 0.1864  loss_mask_0: 0.04061  loss_dice_0: 0.89  loss_ce_1: 0.03043  loss_mask_1: 0.05773  loss_dice_1: 1.13  loss_ce_2: 0.04929  loss_mask_2: 0.05098  loss_dice_2: 1.143  loss_ce_3: 0.1894  loss_mask_3: 0.04343  loss_dice_3: 0.8345  loss_ce_4: 0.02538  loss_mask_4: 0.04657  loss_dice_4: 1.02  loss_ce_5: 0.0194  loss_mask_5: 0.04473  loss_dice_5: 1.104  loss_ce_6: 0.02056  loss_mask_6: 0.0521  loss_dice_6: 1.266  loss_ce_7: 0.02628  loss_mask_7: 0.04478  loss_dice_7: 0.9458  loss_ce_8: 0.02426  loss_mask_8: 0.04171  loss_dice_8: 1.098    time: 0.8500  last_time: 0.7358  data_time: 0.0690  last_data_time: 0.0690   lr: 3.8402e-05  max_mem: 12314M
[03/18 01:37:14 d2.utils.events]:  eta: 1:32:56  iter: 3219  total_loss: 9.373  loss_ce: 0.0969  loss_mask: 0.04463  loss_dice: 0.7621  loss_ce_0: 0.4983  loss_mask_0: 0.09601  loss_dice_0: 1  loss_ce_1: 0.201  loss_mask_1: 0.0409  loss_dice_1: 0.7194  loss_ce_2: 0.09494  loss_mask_2: 0.04485  loss_dice_2: 0.7048  loss_ce_3: 0.1151  loss_mask_3: 0.04054  loss_dice_3: 0.7109  loss_ce_4: 0.1031  loss_mask_4: 0.04594  loss_dice_4: 0.7501  loss_ce_5: 0.09721  loss_mask_5: 0.04491  loss_dice_5: 0.6769  loss_ce_6: 0.09894  loss_mask_6: 0.0417  loss_dice_6: 0.7022  loss_ce_7: 0.08308  loss_mask_7: 0.0429  loss_dice_7: 0.673  loss_ce_8: 0.09313  loss_mask_8: 0.04145  loss_dice_8: 0.708    time: 0.8500  last_time: 0.9275  data_time: 0.2642  last_data_time: 0.2642   lr: 3.8269e-05  max_mem: 12314M
[03/18 01:37:31 d2.utils.events]:  eta: 1:32:39  iter: 3239  total_loss: 7.94  loss_ce: 0.02478  loss_mask: 0.03276  loss_dice: 0.6697  loss_ce_0: 0.2488  loss_mask_0: 0.05255  loss_dice_0: 0.7551  loss_ce_1: 0.0256  loss_mask_1: 0.03693  loss_dice_1: 0.6921  loss_ce_2: 0.03219  loss_mask_2: 0.03373  loss_dice_2: 0.6449  loss_ce_3: 0.0324  loss_mask_3: 0.03267  loss_dice_3: 0.634  loss_ce_4: 0.0298  loss_mask_4: 0.03569  loss_dice_4: 0.6722  loss_ce_5: 0.02786  loss_mask_5: 0.02985  loss_dice_5: 0.695  loss_ce_6: 0.02568  loss_mask_6: 0.03191  loss_dice_6: 0.7959  loss_ce_7: 0.02369  loss_mask_7: 0.03142  loss_dice_7: 0.7418  loss_ce_8: 0.02502  loss_mask_8: 0.03262  loss_dice_8: 0.7937    time: 0.8499  last_time: 0.8133  data_time: 0.1534  last_data_time: 0.1534   lr: 3.8136e-05  max_mem: 12314M
[03/18 01:37:48 d2.utils.events]:  eta: 1:32:23  iter: 3259  total_loss: 14.09  loss_ce: 0.08502  loss_mask: 0.05819  loss_dice: 1.274  loss_ce_0: 0.2381  loss_mask_0: 0.07757  loss_dice_0: 1.293  loss_ce_1: 0.128  loss_mask_1: 0.05969  loss_dice_1: 1.339  loss_ce_2: 0.1038  loss_mask_2: 0.04503  loss_dice_2: 1.164  loss_ce_3: 0.08104  loss_mask_3: 0.04915  loss_dice_3: 1.253  loss_ce_4: 0.1208  loss_mask_4: 0.04806  loss_dice_4: 1.215  loss_ce_5: 0.181  loss_mask_5: 0.04575  loss_dice_5: 1.062  loss_ce_6: 0.1254  loss_mask_6: 0.05899  loss_dice_6: 1.287  loss_ce_7: 0.09162  loss_mask_7: 0.05762  loss_dice_7: 1.142  loss_ce_8: 0.08719  loss_mask_8: 0.0515  loss_dice_8: 1.267    time: 0.8498  last_time: 0.8528  data_time: 0.1925  last_data_time: 0.1925   lr: 3.8002e-05  max_mem: 12314M
[03/18 01:38:04 d2.utils.events]:  eta: 1:31:59  iter: 3279  total_loss: 12.57  loss_ce: 0.08116  loss_mask: 0.06713  loss_dice: 1.004  loss_ce_0: 0.2969  loss_mask_0: 0.07988  loss_dice_0: 1.117  loss_ce_1: 0.24  loss_mask_1: 0.08358  loss_dice_1: 1.21  loss_ce_2: 0.1486  loss_mask_2: 0.05768  loss_dice_2: 0.9933  loss_ce_3: 0.121  loss_mask_3: 0.04878  loss_dice_3: 1.023  loss_ce_4: 0.07245  loss_mask_4: 0.05403  loss_dice_4: 1.119  loss_ce_5: 0.06725  loss_mask_5: 0.05024  loss_dice_5: 1.053  loss_ce_6: 0.0819  loss_mask_6: 0.07568  loss_dice_6: 1.09  loss_ce_7: 0.05784  loss_mask_7: 0.06338  loss_dice_7: 0.8937  loss_ce_8: 0.04473  loss_mask_8: 0.06166  loss_dice_8: 1.208    time: 0.8495  last_time: 0.8428  data_time: 0.1749  last_data_time: 0.1749   lr: 3.7868e-05  max_mem: 12314M
[03/18 01:38:21 d2.utils.events]:  eta: 1:31:38  iter: 3299  total_loss: 13.06  loss_ce: 0.09722  loss_mask: 0.06534  loss_dice: 1.076  loss_ce_0: 0.3496  loss_mask_0: 0.09511  loss_dice_0: 1.41  loss_ce_1: 0.09848  loss_mask_1: 0.0541  loss_dice_1: 1.112  loss_ce_2: 0.1144  loss_mask_2: 0.05402  loss_dice_2: 1.248  loss_ce_3: 0.07703  loss_mask_3: 0.04355  loss_dice_3: 1.055  loss_ce_4: 0.08621  loss_mask_4: 0.04855  loss_dice_4: 1.088  loss_ce_5: 0.05903  loss_mask_5: 0.05017  loss_dice_5: 1.157  loss_ce_6: 0.09523  loss_mask_6: 0.04769  loss_dice_6: 0.9361  loss_ce_7: 0.08921  loss_mask_7: 0.06458  loss_dice_7: 1.072  loss_ce_8: 0.05045  loss_mask_8: 0.05457  loss_dice_8: 1.207    time: 0.8493  last_time: 0.8093  data_time: 0.1480  last_data_time: 0.1480   lr: 3.7733e-05  max_mem: 12314M
[03/18 01:38:37 d2.utils.events]:  eta: 1:31:22  iter: 3319  total_loss: 14.36  loss_ce: 0.1344  loss_mask: 0.03527  loss_dice: 1.156  loss_ce_0: 0.3902  loss_mask_0: 0.05014  loss_dice_0: 1.2  loss_ce_1: 0.158  loss_mask_1: 0.04111  loss_dice_1: 1.121  loss_ce_2: 0.1665  loss_mask_2: 0.04108  loss_dice_2: 1.389  loss_ce_3: 0.1428  loss_mask_3: 0.04645  loss_dice_3: 1.262  loss_ce_4: 0.1057  loss_mask_4: 0.04853  loss_dice_4: 1.083  loss_ce_5: 0.09358  loss_mask_5: 0.04853  loss_dice_5: 1.323  loss_ce_6: 0.06705  loss_mask_6: 0.04375  loss_dice_6: 1.159  loss_ce_7: 0.1038  loss_mask_7: 0.04183  loss_dice_7: 1.432  loss_ce_8: 0.09809  loss_mask_8: 0.04142  loss_dice_8: 1.336    time: 0.8492  last_time: 0.8933  data_time: 0.2211  last_data_time: 0.2211   lr: 3.7597e-05  max_mem: 12314M
[03/18 01:38:54 d2.utils.events]:  eta: 1:31:04  iter: 3339  total_loss: 13.55  loss_ce: 0.0478  loss_mask: 0.04734  loss_dice: 1.296  loss_ce_0: 0.2618  loss_mask_0: 0.06012  loss_dice_0: 1.12  loss_ce_1: 0.1554  loss_mask_1: 0.03479  loss_dice_1: 1.233  loss_ce_2: 0.04592  loss_mask_2: 0.04408  loss_dice_2: 1.339  loss_ce_3: 0.05981  loss_mask_3: 0.04468  loss_dice_3: 1.144  loss_ce_4: 0.05866  loss_mask_4: 0.04481  loss_dice_4: 1.072  loss_ce_5: 0.06675  loss_mask_5: 0.04635  loss_dice_5: 1.341  loss_ce_6: 0.0618  loss_mask_6: 0.04059  loss_dice_6: 1.241  loss_ce_7: 0.06158  loss_mask_7: 0.04953  loss_dice_7: 1.282  loss_ce_8: 0.03736  loss_mask_8: 0.04085  loss_dice_8: 1.176    time: 0.8491  last_time: 0.8192  data_time: 0.1627  last_data_time: 0.1627   lr: 3.7461e-05  max_mem: 12314M
[03/18 01:39:11 d2.utils.events]:  eta: 1:30:42  iter: 3359  total_loss: 13.71  loss_ce: 0.1967  loss_mask: 0.03834  loss_dice: 0.96  loss_ce_0: 0.2227  loss_mask_0: 0.05328  loss_dice_0: 1.247  loss_ce_1: 0.2188  loss_mask_1: 0.04716  loss_dice_1: 1.063  loss_ce_2: 0.248  loss_mask_2: 0.05036  loss_dice_2: 1.192  loss_ce_3: 0.265  loss_mask_3: 0.04325  loss_dice_3: 1.067  loss_ce_4: 0.2125  loss_mask_4: 0.03555  loss_dice_4: 1.122  loss_ce_5: 0.1897  loss_mask_5: 0.04032  loss_dice_5: 1.088  loss_ce_6: 0.2112  loss_mask_6: 0.04229  loss_dice_6: 1.142  loss_ce_7: 0.2681  loss_mask_7: 0.03839  loss_dice_7: 0.926  loss_ce_8: 0.2103  loss_mask_8: 0.03696  loss_dice_8: 1.228    time: 0.8489  last_time: 0.7671  data_time: 0.1030  last_data_time: 0.1030   lr: 3.7325e-05  max_mem: 12314M
[03/18 01:39:27 d2.utils.events]:  eta: 1:30:29  iter: 3379  total_loss: 10.74  loss_ce: 0.09957  loss_mask: 0.03075  loss_dice: 0.8326  loss_ce_0: 0.2217  loss_mask_0: 0.04686  loss_dice_0: 1.052  loss_ce_1: 0.1118  loss_mask_1: 0.03199  loss_dice_1: 0.8947  loss_ce_2: 0.1164  loss_mask_2: 0.03511  loss_dice_2: 0.94  loss_ce_3: 0.1226  loss_mask_3: 0.03596  loss_dice_3: 0.831  loss_ce_4: 0.1092  loss_mask_4: 0.03748  loss_dice_4: 0.9054  loss_ce_5: 0.118  loss_mask_5: 0.03409  loss_dice_5: 0.825  loss_ce_6: 0.1016  loss_mask_6: 0.04922  loss_dice_6: 1.037  loss_ce_7: 0.09615  loss_mask_7: 0.04869  loss_dice_7: 0.9037  loss_ce_8: 0.1002  loss_mask_8: 0.03643  loss_dice_8: 0.9348    time: 0.8487  last_time: 0.8186  data_time: 0.1623  last_data_time: 0.1623   lr: 3.7188e-05  max_mem: 12314M
[03/18 01:39:45 d2.utils.events]:  eta: 1:30:05  iter: 3399  total_loss: 13.79  loss_ce: 0.1309  loss_mask: 0.03662  loss_dice: 1.122  loss_ce_0: 0.3236  loss_mask_0: 0.04612  loss_dice_0: 1.263  loss_ce_1: 0.2079  loss_mask_1: 0.05484  loss_dice_1: 1.305  loss_ce_2: 0.1664  loss_mask_2: 0.04058  loss_dice_2: 1.369  loss_ce_3: 0.1387  loss_mask_3: 0.04185  loss_dice_3: 1.092  loss_ce_4: 0.1299  loss_mask_4: 0.03357  loss_dice_4: 1.066  loss_ce_5: 0.1946  loss_mask_5: 0.04038  loss_dice_5: 1.095  loss_ce_6: 0.134  loss_mask_6: 0.04304  loss_dice_6: 1.128  loss_ce_7: 0.1276  loss_mask_7: 0.04925  loss_dice_7: 1.104  loss_ce_8: 0.1433  loss_mask_8: 0.04029  loss_dice_8: 1.124    time: 0.8488  last_time: 1.1710  data_time: 0.4941  last_data_time: 0.4941   lr: 3.7051e-05  max_mem: 12314M
[03/18 01:40:02 d2.utils.events]:  eta: 1:29:49  iter: 3419  total_loss: 11.34  loss_ce: 0.1258  loss_mask: 0.03879  loss_dice: 0.9441  loss_ce_0: 0.5267  loss_mask_0: 0.06163  loss_dice_0: 1.17  loss_ce_1: 0.1625  loss_mask_1: 0.04561  loss_dice_1: 0.9126  loss_ce_2: 0.0957  loss_mask_2: 0.04436  loss_dice_2: 0.9086  loss_ce_3: 0.1973  loss_mask_3: 0.03784  loss_dice_3: 0.7925  loss_ce_4: 0.1871  loss_mask_4: 0.04237  loss_dice_4: 1.037  loss_ce_5: 0.1447  loss_mask_5: 0.03942  loss_dice_5: 0.8551  loss_ce_6: 0.1192  loss_mask_6: 0.04202  loss_dice_6: 0.7963  loss_ce_7: 0.09568  loss_mask_7: 0.03919  loss_dice_7: 0.8848  loss_ce_8: 0.07454  loss_mask_8: 0.04  loss_dice_8: 0.8783    time: 0.8489  last_time: 1.0029  data_time: 0.2177  last_data_time: 0.2177   lr: 3.6913e-05  max_mem: 12314M
[03/18 01:40:19 d2.utils.events]:  eta: 1:29:29  iter: 3439  total_loss: 10.1  loss_ce: 0.04654  loss_mask: 0.03655  loss_dice: 0.9373  loss_ce_0: 0.2474  loss_mask_0: 0.05177  loss_dice_0: 1.089  loss_ce_1: 0.1046  loss_mask_1: 0.05153  loss_dice_1: 0.8324  loss_ce_2: 0.08793  loss_mask_2: 0.0431  loss_dice_2: 0.7335  loss_ce_3: 0.07868  loss_mask_3: 0.03892  loss_dice_3: 0.8894  loss_ce_4: 0.04078  loss_mask_4: 0.04189  loss_dice_4: 0.9679  loss_ce_5: 0.04878  loss_mask_5: 0.04095  loss_dice_5: 0.6743  loss_ce_6: 0.09617  loss_mask_6: 0.04037  loss_dice_6: 0.9516  loss_ce_7: 0.04734  loss_mask_7: 0.04246  loss_dice_7: 1.033  loss_ce_8: 0.04675  loss_mask_8: 0.03482  loss_dice_8: 0.7279    time: 0.8488  last_time: 0.7990  data_time: 0.1329  last_data_time: 0.1329   lr: 3.6775e-05  max_mem: 12314M
[03/18 01:40:37 d2.utils.events]:  eta: 1:29:13  iter: 3459  total_loss: 11.68  loss_ce: 0.01998  loss_mask: 0.03608  loss_dice: 1.175  loss_ce_0: 0.206  loss_mask_0: 0.03515  loss_dice_0: 1.16  loss_ce_1: 0.06586  loss_mask_1: 0.02927  loss_dice_1: 0.9021  loss_ce_2: 0.1068  loss_mask_2: 0.06598  loss_dice_2: 0.9888  loss_ce_3: 0.04146  loss_mask_3: 0.0443  loss_dice_3: 1.141  loss_ce_4: 0.02924  loss_mask_4: 0.03663  loss_dice_4: 1.341  loss_ce_5: 0.03325  loss_mask_5: 0.0432  loss_dice_5: 1.068  loss_ce_6: 0.02668  loss_mask_6: 0.03614  loss_dice_6: 0.9812  loss_ce_7: 0.02487  loss_mask_7: 0.03359  loss_dice_7: 1.053  loss_ce_8: 0.0222  loss_mask_8: 0.03291  loss_dice_8: 0.9044    time: 0.8489  last_time: 0.7990  data_time: 0.1447  last_data_time: 0.1447   lr: 3.6636e-05  max_mem: 12314M
[03/18 01:40:54 d2.utils.events]:  eta: 1:28:59  iter: 3479  total_loss: 14.62  loss_ce: 0.07406  loss_mask: 0.05551  loss_dice: 1.172  loss_ce_0: 0.3389  loss_mask_0: 0.1118  loss_dice_0: 1.593  loss_ce_1: 0.2778  loss_mask_1: 0.0752  loss_dice_1: 1.32  loss_ce_2: 0.1903  loss_mask_2: 0.0542  loss_dice_2: 1.318  loss_ce_3: 0.1107  loss_mask_3: 0.06316  loss_dice_3: 1.226  loss_ce_4: 0.1374  loss_mask_4: 0.0568  loss_dice_4: 1.232  loss_ce_5: 0.08578  loss_mask_5: 0.05398  loss_dice_5: 1.13  loss_ce_6: 0.0933  loss_mask_6: 0.06736  loss_dice_6: 1.15  loss_ce_7: 0.1307  loss_mask_7: 0.05615  loss_dice_7: 1.202  loss_ce_8: 0.1552  loss_mask_8: 0.05397  loss_dice_8: 1.033    time: 0.8488  last_time: 0.8112  data_time: 0.1326  last_data_time: 0.1326   lr: 3.6496e-05  max_mem: 12314M
[03/18 01:41:11 d2.utils.events]:  eta: 1:28:42  iter: 3499  total_loss: 10.14  loss_ce: 0.01319  loss_mask: 0.04503  loss_dice: 1.016  loss_ce_0: 0.1244  loss_mask_0: 0.09999  loss_dice_0: 1.266  loss_ce_1: 0.01635  loss_mask_1: 0.04591  loss_dice_1: 0.911  loss_ce_2: 0.01446  loss_mask_2: 0.045  loss_dice_2: 1.071  loss_ce_3: 0.0171  loss_mask_3: 0.03855  loss_dice_3: 0.7513  loss_ce_4: 0.0147  loss_mask_4: 0.04346  loss_dice_4: 0.8546  loss_ce_5: 0.01405  loss_mask_5: 0.04475  loss_dice_5: 0.9183  loss_ce_6: 0.01414  loss_mask_6: 0.04368  loss_dice_6: 0.7967  loss_ce_7: 0.01428  loss_mask_7: 0.04923  loss_dice_7: 1.025  loss_ce_8: 0.01446  loss_mask_8: 0.03955  loss_dice_8: 0.7764    time: 0.8488  last_time: 0.8894  data_time: 0.2334  last_data_time: 0.2334   lr: 3.6357e-05  max_mem: 12314M
[03/18 01:41:27 d2.utils.events]:  eta: 1:28:24  iter: 3519  total_loss: 15.93  loss_ce: 0.1426  loss_mask: 0.05639  loss_dice: 1.387  loss_ce_0: 0.3113  loss_mask_0: 0.07623  loss_dice_0: 1.667  loss_ce_1: 0.1472  loss_mask_1: 0.06706  loss_dice_1: 1.47  loss_ce_2: 0.1507  loss_mask_2: 0.05359  loss_dice_2: 1.077  loss_ce_3: 0.1999  loss_mask_3: 0.04645  loss_dice_3: 1.117  loss_ce_4: 0.174  loss_mask_4: 0.04721  loss_dice_4: 1.486  loss_ce_5: 0.1366  loss_mask_5: 0.05021  loss_dice_5: 1.389  loss_ce_6: 0.1523  loss_mask_6: 0.06322  loss_dice_6: 1.34  loss_ce_7: 0.1535  loss_mask_7: 0.06165  loss_dice_7: 1.327  loss_ce_8: 0.1499  loss_mask_8: 0.04682  loss_dice_8: 1.384    time: 0.8486  last_time: 0.8459  data_time: 0.1651  last_data_time: 0.1651   lr: 3.6217e-05  max_mem: 12314M
[03/18 01:41:44 d2.utils.events]:  eta: 1:28:07  iter: 3539  total_loss: 12.18  loss_ce: 0.01141  loss_mask: 0.1073  loss_dice: 1.026  loss_ce_0: 0.2829  loss_mask_0: 0.1371  loss_dice_0: 1.153  loss_ce_1: 0.0479  loss_mask_1: 0.102  loss_dice_1: 1.018  loss_ce_2: 0.03302  loss_mask_2: 0.112  loss_dice_2: 1.069  loss_ce_3: 0.02525  loss_mask_3: 0.1061  loss_dice_3: 1.066  loss_ce_4: 0.01584  loss_mask_4: 0.1018  loss_dice_4: 1.012  loss_ce_5: 0.01542  loss_mask_5: 0.1007  loss_dice_5: 1.162  loss_ce_6: 0.01411  loss_mask_6: 0.1031  loss_dice_6: 1.055  loss_ce_7: 0.01285  loss_mask_7: 0.09437  loss_dice_7: 1.069  loss_ce_8: 0.01274  loss_mask_8: 0.1131  loss_dice_8: 0.998    time: 0.8486  last_time: 0.8896  data_time: 0.2236  last_data_time: 0.2236   lr: 3.6076e-05  max_mem: 12314M
[03/18 01:42:01 d2.utils.events]:  eta: 1:27:46  iter: 3559  total_loss: 6.829  loss_ce: 0.01468  loss_mask: 0.03315  loss_dice: 0.667  loss_ce_0: 0.1208  loss_mask_0: 0.05275  loss_dice_0: 0.9322  loss_ce_1: 0.06905  loss_mask_1: 0.03484  loss_dice_1: 0.5507  loss_ce_2: 0.0176  loss_mask_2: 0.02861  loss_dice_2: 0.4716  loss_ce_3: 0.01342  loss_mask_3: 0.02627  loss_dice_3: 0.506  loss_ce_4: 0.01451  loss_mask_4: 0.02655  loss_dice_4: 0.5243  loss_ce_5: 0.01396  loss_mask_5: 0.03246  loss_dice_5: 0.7376  loss_ce_6: 0.0142  loss_mask_6: 0.02792  loss_dice_6: 0.6082  loss_ce_7: 0.01481  loss_mask_7: 0.02643  loss_dice_7: 0.5804  loss_ce_8: 0.01555  loss_mask_8: 0.02996  loss_dice_8: 0.6233    time: 0.8484  last_time: 0.8198  data_time: 0.1634  last_data_time: 0.1634   lr: 3.5935e-05  max_mem: 12314M
[03/18 01:42:17 d2.utils.events]:  eta: 1:27:26  iter: 3579  total_loss: 11.34  loss_ce: 0.0586  loss_mask: 0.04082  loss_dice: 0.9982  loss_ce_0: 0.2585  loss_mask_0: 0.05779  loss_dice_0: 1.062  loss_ce_1: 0.128  loss_mask_1: 0.05238  loss_dice_1: 1.07  loss_ce_2: 0.06054  loss_mask_2: 0.05054  loss_dice_2: 1.143  loss_ce_3: 0.06166  loss_mask_3: 0.04193  loss_dice_3: 0.7848  loss_ce_4: 0.05709  loss_mask_4: 0.03725  loss_dice_4: 1.044  loss_ce_5: 0.05868  loss_mask_5: 0.03908  loss_dice_5: 0.9581  loss_ce_6: 0.05605  loss_mask_6: 0.04142  loss_dice_6: 1.022  loss_ce_7: 0.05831  loss_mask_7: 0.04336  loss_dice_7: 1.079  loss_ce_8: 0.05974  loss_mask_8: 0.03953  loss_dice_8: 0.8779    time: 0.8482  last_time: 0.8216  data_time: 0.1561  last_data_time: 0.1561   lr: 3.5793e-05  max_mem: 12314M
[03/18 01:42:34 d2.utils.events]:  eta: 1:27:10  iter: 3599  total_loss: 17.72  loss_ce: 0.1283  loss_mask: 0.08319  loss_dice: 1.493  loss_ce_0: 0.3313  loss_mask_0: 0.1033  loss_dice_0: 1.681  loss_ce_1: 0.1125  loss_mask_1: 0.09401  loss_dice_1: 1.389  loss_ce_2: 0.06904  loss_mask_2: 0.09984  loss_dice_2: 1.547  loss_ce_3: 0.1606  loss_mask_3: 0.1032  loss_dice_3: 1.746  loss_ce_4: 0.1126  loss_mask_4: 0.09798  loss_dice_4: 1.64  loss_ce_5: 0.1407  loss_mask_5: 0.0879  loss_dice_5: 1.617  loss_ce_6: 0.1504  loss_mask_6: 0.08925  loss_dice_6: 1.528  loss_ce_7: 0.141  loss_mask_7: 0.0794  loss_dice_7: 1.189  loss_ce_8: 0.1349  loss_mask_8: 0.0789  loss_dice_8: 1.486    time: 0.8481  last_time: 0.8142  data_time: 0.1543  last_data_time: 0.1543   lr: 3.5652e-05  max_mem: 12314M
[03/18 01:42:52 d2.utils.events]:  eta: 1:26:50  iter: 3619  total_loss: 14.5  loss_ce: 0.09566  loss_mask: 0.07193  loss_dice: 1.291  loss_ce_0: 0.1974  loss_mask_0: 0.1013  loss_dice_0: 1.377  loss_ce_1: 0.1428  loss_mask_1: 0.07949  loss_dice_1: 1.317  loss_ce_2: 0.1822  loss_mask_2: 0.06829  loss_dice_2: 0.9591  loss_ce_3: 0.125  loss_mask_3: 0.06301  loss_dice_3: 0.9576  loss_ce_4: 0.1221  loss_mask_4: 0.06594  loss_dice_4: 1.345  loss_ce_5: 0.1409  loss_mask_5: 0.07644  loss_dice_5: 1.652  loss_ce_6: 0.09508  loss_mask_6: 0.06865  loss_dice_6: 1.43  loss_ce_7: 0.0948  loss_mask_7: 0.06687  loss_dice_7: 1.076  loss_ce_8: 0.09534  loss_mask_8: 0.07428  loss_dice_8: 1.063    time: 0.8483  last_time: 0.7858  data_time: 0.1075  last_data_time: 0.1075   lr: 3.5509e-05  max_mem: 12314M
[03/18 01:43:09 d2.utils.events]:  eta: 1:26:38  iter: 3639  total_loss: 16.67  loss_ce: 0.1158  loss_mask: 0.1196  loss_dice: 1.415  loss_ce_0: 0.6764  loss_mask_0: 0.2576  loss_dice_0: 1.691  loss_ce_1: 0.2131  loss_mask_1: 0.1654  loss_dice_1: 1.582  loss_ce_2: 0.2347  loss_mask_2: 0.1196  loss_dice_2: 1.284  loss_ce_3: 0.1368  loss_mask_3: 0.1275  loss_dice_3: 1.243  loss_ce_4: 0.1163  loss_mask_4: 0.1316  loss_dice_4: 1.146  loss_ce_5: 0.1894  loss_mask_5: 0.1181  loss_dice_5: 1.102  loss_ce_6: 0.1246  loss_mask_6: 0.1341  loss_dice_6: 1.208  loss_ce_7: 0.1752  loss_mask_7: 0.1297  loss_dice_7: 1.29  loss_ce_8: 0.1331  loss_mask_8: 0.1308  loss_dice_8: 1.159    time: 0.8484  last_time: 0.8582  data_time: 0.1799  last_data_time: 0.1799   lr: 3.5367e-05  max_mem: 12314M
[03/18 01:43:27 d2.utils.events]:  eta: 1:26:25  iter: 3659  total_loss: 10.48  loss_ce: 0.07507  loss_mask: 0.02889  loss_dice: 0.8487  loss_ce_0: 0.1525  loss_mask_0: 0.04779  loss_dice_0: 1.272  loss_ce_1: 0.083  loss_mask_1: 0.03283  loss_dice_1: 0.8554  loss_ce_2: 0.04454  loss_mask_2: 0.03724  loss_dice_2: 0.8701  loss_ce_3: 0.04961  loss_mask_3: 0.03515  loss_dice_3: 0.9002  loss_ce_4: 0.09212  loss_mask_4: 0.03549  loss_dice_4: 0.8415  loss_ce_5: 0.03488  loss_mask_5: 0.03499  loss_dice_5: 1.059  loss_ce_6: 0.09063  loss_mask_6: 0.03854  loss_dice_6: 0.7997  loss_ce_7: 0.03435  loss_mask_7: 0.03772  loss_dice_7: 1.124  loss_ce_8: 0.03646  loss_mask_8: 0.03843  loss_dice_8: 0.8509    time: 0.8484  last_time: 0.8665  data_time: 0.1910  last_data_time: 0.1910   lr: 3.5223e-05  max_mem: 12314M
[03/18 01:43:44 d2.utils.events]:  eta: 1:26:13  iter: 3679  total_loss: 13.4  loss_ce: 0.139  loss_mask: 0.05401  loss_dice: 1.012  loss_ce_0: 0.5062  loss_mask_0: 0.06186  loss_dice_0: 1.321  loss_ce_1: 0.173  loss_mask_1: 0.04678  loss_dice_1: 0.9844  loss_ce_2: 0.196  loss_mask_2: 0.06944  loss_dice_2: 1.019  loss_ce_3: 0.1705  loss_mask_3: 0.05533  loss_dice_3: 1.165  loss_ce_4: 0.1633  loss_mask_4: 0.04499  loss_dice_4: 1.031  loss_ce_5: 0.1148  loss_mask_5: 0.04418  loss_dice_5: 1.105  loss_ce_6: 0.1271  loss_mask_6: 0.06806  loss_dice_6: 1.16  loss_ce_7: 0.1244  loss_mask_7: 0.06262  loss_dice_7: 1.11  loss_ce_8: 0.1717  loss_mask_8: 0.05525  loss_dice_8: 1.042    time: 0.8483  last_time: 0.9087  data_time: 0.2279  last_data_time: 0.2279   lr: 3.508e-05  max_mem: 12314M
[03/18 01:44:00 d2.utils.events]:  eta: 1:25:58  iter: 3699  total_loss: 12.26  loss_ce: 0.06584  loss_mask: 0.05063  loss_dice: 1.022  loss_ce_0: 0.3933  loss_mask_0: 0.07592  loss_dice_0: 1.206  loss_ce_1: 0.09853  loss_mask_1: 0.04996  loss_dice_1: 0.9973  loss_ce_2: 0.1395  loss_mask_2: 0.04374  loss_dice_2: 1.12  loss_ce_3: 0.06537  loss_mask_3: 0.05157  loss_dice_3: 1.148  loss_ce_4: 0.08144  loss_mask_4: 0.04585  loss_dice_4: 1.063  loss_ce_5: 0.07317  loss_mask_5: 0.04451  loss_dice_5: 0.9818  loss_ce_6: 0.0681  loss_mask_6: 0.0441  loss_dice_6: 0.9707  loss_ce_7: 0.07114  loss_mask_7: 0.04396  loss_dice_7: 1.103  loss_ce_8: 0.06855  loss_mask_8: 0.04925  loss_dice_8: 1.02    time: 0.8482  last_time: 0.8370  data_time: 0.1541  last_data_time: 0.1541   lr: 3.4936e-05  max_mem: 12314M
[03/18 01:44:18 d2.utils.events]:  eta: 1:25:43  iter: 3719  total_loss: 11.24  loss_ce: 0.07029  loss_mask: 0.03297  loss_dice: 1.076  loss_ce_0: 0.3087  loss_mask_0: 0.04281  loss_dice_0: 1.055  loss_ce_1: 0.2517  loss_mask_1: 0.03705  loss_dice_1: 1.051  loss_ce_2: 0.1869  loss_mask_2: 0.03298  loss_dice_2: 0.8676  loss_ce_3: 0.1162  loss_mask_3: 0.0381  loss_dice_3: 1.004  loss_ce_4: 0.1043  loss_mask_4: 0.03379  loss_dice_4: 0.8251  loss_ce_5: 0.1183  loss_mask_5: 0.03764  loss_dice_5: 0.9294  loss_ce_6: 0.1128  loss_mask_6: 0.03194  loss_dice_6: 0.8627  loss_ce_7: 0.09933  loss_mask_7: 0.0311  loss_dice_7: 0.8856  loss_ce_8: 0.09969  loss_mask_8: 0.02922  loss_dice_8: 0.8641    time: 0.8484  last_time: 0.8707  data_time: 0.1940  last_data_time: 0.1940   lr: 3.4792e-05  max_mem: 12314M
[03/18 01:44:34 d2.utils.events]:  eta: 1:25:24  iter: 3739  total_loss: 6.313  loss_ce: 0.0297  loss_mask: 0.05563  loss_dice: 0.47  loss_ce_0: 0.1703  loss_mask_0: 0.06247  loss_dice_0: 0.5677  loss_ce_1: 0.0346  loss_mask_1: 0.06107  loss_dice_1: 0.4933  loss_ce_2: 0.0447  loss_mask_2: 0.06256  loss_dice_2: 0.4964  loss_ce_3: 0.02846  loss_mask_3: 0.06471  loss_dice_3: 0.5427  loss_ce_4: 0.03479  loss_mask_4: 0.05324  loss_dice_4: 0.4636  loss_ce_5: 0.03424  loss_mask_5: 0.05492  loss_dice_5: 0.5891  loss_ce_6: 0.03191  loss_mask_6: 0.06081  loss_dice_6: 0.5822  loss_ce_7: 0.03202  loss_mask_7: 0.05718  loss_dice_7: 0.5192  loss_ce_8: 0.0302  loss_mask_8: 0.06442  loss_dice_8: 0.5207    time: 0.8482  last_time: 0.8139  data_time: 0.1283  last_data_time: 0.1283   lr: 3.4647e-05  max_mem: 12314M
[03/18 01:44:51 d2.utils.events]:  eta: 1:24:55  iter: 3759  total_loss: 11.36  loss_ce: 0.09034  loss_mask: 0.03624  loss_dice: 1.025  loss_ce_0: 0.277  loss_mask_0: 0.03688  loss_dice_0: 0.922  loss_ce_1: 0.07844  loss_mask_1: 0.04155  loss_dice_1: 1.012  loss_ce_2: 0.08084  loss_mask_2: 0.03913  loss_dice_2: 0.9375  loss_ce_3: 0.08119  loss_mask_3: 0.03482  loss_dice_3: 0.9682  loss_ce_4: 0.09381  loss_mask_4: 0.04674  loss_dice_4: 0.9713  loss_ce_5: 0.1173  loss_mask_5: 0.03562  loss_dice_5: 1.006  loss_ce_6: 0.03867  loss_mask_6: 0.03841  loss_dice_6: 1.083  loss_ce_7: 0.08708  loss_mask_7: 0.03237  loss_dice_7: 0.9069  loss_ce_8: 0.1464  loss_mask_8: 0.04007  loss_dice_8: 1.055    time: 0.8481  last_time: 0.8522  data_time: 0.1864  last_data_time: 0.1864   lr: 3.4502e-05  max_mem: 12314M
[03/18 01:45:09 d2.utils.events]:  eta: 1:24:38  iter: 3779  total_loss: 6.853  loss_ce: 0.04079  loss_mask: 0.03416  loss_dice: 0.6296  loss_ce_0: 0.1575  loss_mask_0: 0.03837  loss_dice_0: 0.6437  loss_ce_1: 0.07264  loss_mask_1: 0.03091  loss_dice_1: 0.5515  loss_ce_2: 0.121  loss_mask_2: 0.0252  loss_dice_2: 0.5148  loss_ce_3: 0.04003  loss_mask_3: 0.0292  loss_dice_3: 0.5239  loss_ce_4: 0.04902  loss_mask_4: 0.03109  loss_dice_4: 0.6355  loss_ce_5: 0.09774  loss_mask_5: 0.02767  loss_dice_5: 0.5448  loss_ce_6: 0.04065  loss_mask_6: 0.03105  loss_dice_6: 0.5969  loss_ce_7: 0.04216  loss_mask_7: 0.02494  loss_dice_7: 0.5968  loss_ce_8: 0.0422  loss_mask_8: 0.02755  loss_dice_8: 0.6121    time: 0.8481  last_time: 0.8327  data_time: 0.1607  last_data_time: 0.1607   lr: 3.4356e-05  max_mem: 12314M
[03/18 01:45:26 d2.utils.events]:  eta: 1:24:20  iter: 3799  total_loss: 11.4  loss_ce: 0.1109  loss_mask: 0.05908  loss_dice: 0.8423  loss_ce_0: 0.2199  loss_mask_0: 0.07295  loss_dice_0: 1.057  loss_ce_1: 0.06809  loss_mask_1: 0.08821  loss_dice_1: 0.9348  loss_ce_2: 0.0795  loss_mask_2: 0.05509  loss_dice_2: 0.9801  loss_ce_3: 0.09667  loss_mask_3: 0.06542  loss_dice_3: 0.9834  loss_ce_4: 0.09406  loss_mask_4: 0.05819  loss_dice_4: 0.8718  loss_ce_5: 0.111  loss_mask_5: 0.0666  loss_dice_5: 0.9672  loss_ce_6: 0.05878  loss_mask_6: 0.07712  loss_dice_6: 1.08  loss_ce_7: 0.05636  loss_mask_7: 0.06719  loss_dice_7: 1.097  loss_ce_8: 0.1001  loss_mask_8: 0.06603  loss_dice_8: 0.9187    time: 0.8481  last_time: 0.9131  data_time: 0.2484  last_data_time: 0.2484   lr: 3.421e-05  max_mem: 12314M
[03/18 01:45:43 d2.utils.events]:  eta: 1:24:03  iter: 3819  total_loss: 12.32  loss_ce: 0.06908  loss_mask: 0.03802  loss_dice: 0.983  loss_ce_0: 0.2356  loss_mask_0: 0.07225  loss_dice_0: 1.361  loss_ce_1: 0.1799  loss_mask_1: 0.02931  loss_dice_1: 0.9514  loss_ce_2: 0.1343  loss_mask_2: 0.03959  loss_dice_2: 0.8658  loss_ce_3: 0.1645  loss_mask_3: 0.04104  loss_dice_3: 0.8644  loss_ce_4: 0.1383  loss_mask_4: 0.04276  loss_dice_4: 1.107  loss_ce_5: 0.2501  loss_mask_5: 0.0295  loss_dice_5: 0.869  loss_ce_6: 0.08413  loss_mask_6: 0.04331  loss_dice_6: 1.16  loss_ce_7: 0.1471  loss_mask_7: 0.04571  loss_dice_7: 1.055  loss_ce_8: 0.07268  loss_mask_8: 0.04155  loss_dice_8: 1.205    time: 0.8483  last_time: 1.0942  data_time: 0.1120  last_data_time: 0.1120   lr: 3.4064e-05  max_mem: 12314M
[03/18 01:46:00 d2.utils.events]:  eta: 1:23:46  iter: 3839  total_loss: 9.044  loss_ce: 0.02299  loss_mask: 0.03422  loss_dice: 0.7705  loss_ce_0: 0.2417  loss_mask_0: 0.05152  loss_dice_0: 1.11  loss_ce_1: 0.04017  loss_mask_1: 0.04482  loss_dice_1: 0.8823  loss_ce_2: 0.03724  loss_mask_2: 0.03362  loss_dice_2: 0.7155  loss_ce_3: 0.0311  loss_mask_3: 0.03957  loss_dice_3: 0.783  loss_ce_4: 0.02717  loss_mask_4: 0.03636  loss_dice_4: 0.7568  loss_ce_5: 0.02461  loss_mask_5: 0.03679  loss_dice_5: 0.7253  loss_ce_6: 0.02263  loss_mask_6: 0.0319  loss_dice_6: 0.8047  loss_ce_7: 0.02041  loss_mask_7: 0.0351  loss_dice_7: 0.7628  loss_ce_8: 0.02252  loss_mask_8: 0.03635  loss_dice_8: 0.862    time: 0.8481  last_time: 0.8799  data_time: 0.2075  last_data_time: 0.2075   lr: 3.3918e-05  max_mem: 12314M
[03/18 01:46:18 d2.utils.events]:  eta: 1:23:31  iter: 3859  total_loss: 16.18  loss_ce: 0.1097  loss_mask: 0.08088  loss_dice: 1.32  loss_ce_0: 0.3548  loss_mask_0: 0.1167  loss_dice_0: 1.584  loss_ce_1: 0.2534  loss_mask_1: 0.08016  loss_dice_1: 1.233  loss_ce_2: 0.2082  loss_mask_2: 0.08225  loss_dice_2: 1.311  loss_ce_3: 0.2095  loss_mask_3: 0.07997  loss_dice_3: 1.374  loss_ce_4: 0.1755  loss_mask_4: 0.06931  loss_dice_4: 1.279  loss_ce_5: 0.1039  loss_mask_5: 0.06954  loss_dice_5: 1.436  loss_ce_6: 0.09766  loss_mask_6: 0.07276  loss_dice_6: 1.365  loss_ce_7: 0.1461  loss_mask_7: 0.07029  loss_dice_7: 1.358  loss_ce_8: 0.1502  loss_mask_8: 0.07221  loss_dice_8: 1.313    time: 0.8483  last_time: 0.8761  data_time: 0.2011  last_data_time: 0.2011   lr: 3.3771e-05  max_mem: 12314M
[03/18 01:46:34 d2.utils.events]:  eta: 1:23:15  iter: 3879  total_loss: 11.16  loss_ce: 0.04941  loss_mask: 0.08525  loss_dice: 0.9384  loss_ce_0: 0.3563  loss_mask_0: 0.1024  loss_dice_0: 1.153  loss_ce_1: 0.1076  loss_mask_1: 0.0828  loss_dice_1: 0.9756  loss_ce_2: 0.06726  loss_mask_2: 0.07013  loss_dice_2: 0.9398  loss_ce_3: 0.05089  loss_mask_3: 0.08466  loss_dice_3: 0.8817  loss_ce_4: 0.05717  loss_mask_4: 0.09092  loss_dice_4: 0.9257  loss_ce_5: 0.05383  loss_mask_5: 0.08534  loss_dice_5: 0.8721  loss_ce_6: 0.05067  loss_mask_6: 0.07814  loss_dice_6: 0.8938  loss_ce_7: 0.0512  loss_mask_7: 0.08873  loss_dice_7: 0.9376  loss_ce_8: 0.05407  loss_mask_8: 0.08365  loss_dice_8: 0.8963    time: 0.8482  last_time: 0.8698  data_time: 0.2006  last_data_time: 0.2006   lr: 3.3623e-05  max_mem: 12314M
[03/18 01:46:51 d2.utils.events]:  eta: 1:22:57  iter: 3899  total_loss: 18.07  loss_ce: 0.1539  loss_mask: 0.1164  loss_dice: 1.404  loss_ce_0: 0.6214  loss_mask_0: 0.1073  loss_dice_0: 1.692  loss_ce_1: 0.1204  loss_mask_1: 0.1193  loss_dice_1: 1.453  loss_ce_2: 0.1671  loss_mask_2: 0.1155  loss_dice_2: 1.592  loss_ce_3: 0.1044  loss_mask_3: 0.09496  loss_dice_3: 1.472  loss_ce_4: 0.08835  loss_mask_4: 0.1284  loss_dice_4: 1.537  loss_ce_5: 0.1023  loss_mask_5: 0.1352  loss_dice_5: 1.443  loss_ce_6: 0.1055  loss_mask_6: 0.1115  loss_dice_6: 1.518  loss_ce_7: 0.1155  loss_mask_7: 0.1217  loss_dice_7: 1.611  loss_ce_8: 0.1489  loss_mask_8: 0.1208  loss_dice_8: 1.449    time: 0.8481  last_time: 0.8562  data_time: 0.1781  last_data_time: 0.1781   lr: 3.3476e-05  max_mem: 12314M
[03/18 01:47:08 d2.utils.events]:  eta: 1:22:40  iter: 3919  total_loss: 9.543  loss_ce: 0.03795  loss_mask: 0.04344  loss_dice: 0.8494  loss_ce_0: 0.2119  loss_mask_0: 0.04602  loss_dice_0: 0.9763  loss_ce_1: 0.1123  loss_mask_1: 0.04774  loss_dice_1: 0.909  loss_ce_2: 0.09964  loss_mask_2: 0.04342  loss_dice_2: 0.8142  loss_ce_3: 0.05214  loss_mask_3: 0.0457  loss_dice_3: 0.7819  loss_ce_4: 0.09384  loss_mask_4: 0.0414  loss_dice_4: 0.7693  loss_ce_5: 0.03767  loss_mask_5: 0.03917  loss_dice_5: 0.8821  loss_ce_6: 0.03432  loss_mask_6: 0.04174  loss_dice_6: 0.8111  loss_ce_7: 0.03422  loss_mask_7: 0.03642  loss_dice_7: 0.7382  loss_ce_8: 0.03407  loss_mask_8: 0.04285  loss_dice_8: 0.8354    time: 0.8479  last_time: 0.8530  data_time: 0.1731  last_data_time: 0.1731   lr: 3.3328e-05  max_mem: 12314M
[03/18 01:47:25 d2.utils.events]:  eta: 1:22:25  iter: 3939  total_loss: 11.28  loss_ce: 0.03695  loss_mask: 0.05684  loss_dice: 0.9646  loss_ce_0: 0.2335  loss_mask_0: 0.06906  loss_dice_0: 1.193  loss_ce_1: 0.1373  loss_mask_1: 0.05519  loss_dice_1: 1.015  loss_ce_2: 0.04831  loss_mask_2: 0.05101  loss_dice_2: 0.995  loss_ce_3: 0.03703  loss_mask_3: 0.0557  loss_dice_3: 0.9736  loss_ce_4: 0.03722  loss_mask_4: 0.05454  loss_dice_4: 0.9478  loss_ce_5: 0.03553  loss_mask_5: 0.05752  loss_dice_5: 1.02  loss_ce_6: 0.03389  loss_mask_6: 0.04819  loss_dice_6: 0.9851  loss_ce_7: 0.03441  loss_mask_7: 0.0534  loss_dice_7: 1.023  loss_ce_8: 0.03614  loss_mask_8: 0.05618  loss_dice_8: 0.9315    time: 0.8481  last_time: 0.8239  data_time: 0.1487  last_data_time: 0.1487   lr: 3.318e-05  max_mem: 12314M
[03/18 01:47:43 d2.utils.events]:  eta: 1:22:09  iter: 3959  total_loss: 15.85  loss_ce: 0.1752  loss_mask: 0.06702  loss_dice: 1.132  loss_ce_0: 0.4685  loss_mask_0: 0.08351  loss_dice_0: 1.45  loss_ce_1: 0.3122  loss_mask_1: 0.05978  loss_dice_1: 1.314  loss_ce_2: 0.2034  loss_mask_2: 0.09475  loss_dice_2: 1.412  loss_ce_3: 0.2437  loss_mask_3: 0.07554  loss_dice_3: 1.249  loss_ce_4: 0.2791  loss_mask_4: 0.06818  loss_dice_4: 1.308  loss_ce_5: 0.1554  loss_mask_5: 0.07569  loss_dice_5: 1.162  loss_ce_6: 0.2876  loss_mask_6: 0.06786  loss_dice_6: 1.336  loss_ce_7: 0.2479  loss_mask_7: 0.06182  loss_dice_7: 1.129  loss_ce_8: 0.2598  loss_mask_8: 0.05049  loss_dice_8: 1.019    time: 0.8480  last_time: 0.7747  data_time: 0.0812  last_data_time: 0.0812   lr: 3.3031e-05  max_mem: 12314M
[03/18 01:47:59 d2.utils.events]:  eta: 1:21:50  iter: 3979  total_loss: 10.59  loss_ce: 0.1547  loss_mask: 0.02898  loss_dice: 1.019  loss_ce_0: 0.228  loss_mask_0: 0.04058  loss_dice_0: 1.137  loss_ce_1: 0.1494  loss_mask_1: 0.03164  loss_dice_1: 0.9261  loss_ce_2: 0.1691  loss_mask_2: 0.03435  loss_dice_2: 0.6428  loss_ce_3: 0.09303  loss_mask_3: 0.03073  loss_dice_3: 0.7112  loss_ce_4: 0.09444  loss_mask_4: 0.03523  loss_dice_4: 0.904  loss_ce_5: 0.08526  loss_mask_5: 0.03185  loss_dice_5: 1.01  loss_ce_6: 0.07128  loss_mask_6: 0.034  loss_dice_6: 1.021  loss_ce_7: 0.07769  loss_mask_7: 0.03741  loss_dice_7: 0.785  loss_ce_8: 0.08572  loss_mask_8: 0.03375  loss_dice_8: 0.8847    time: 0.8479  last_time: 0.8649  data_time: 0.1903  last_data_time: 0.1903   lr: 3.2882e-05  max_mem: 12314M
[03/18 01:48:17 d2.utils.events]:  eta: 1:21:36  iter: 3999  total_loss: 10.96  loss_ce: 0.08863  loss_mask: 0.0586  loss_dice: 0.7031  loss_ce_0: 0.2448  loss_mask_0: 0.05618  loss_dice_0: 0.6128  loss_ce_1: 0.08791  loss_mask_1: 0.05487  loss_dice_1: 0.8995  loss_ce_2: 0.07185  loss_mask_2: 0.06512  loss_dice_2: 1.117  loss_ce_3: 0.08989  loss_mask_3: 0.06185  loss_dice_3: 1.045  loss_ce_4: 0.1477  loss_mask_4: 0.0389  loss_dice_4: 0.8655  loss_ce_5: 0.09609  loss_mask_5: 0.06106  loss_dice_5: 1.14  loss_ce_6: 0.1339  loss_mask_6: 0.06569  loss_dice_6: 1.063  loss_ce_7: 0.1246  loss_mask_7: 0.06325  loss_dice_7: 1.015  loss_ce_8: 0.09714  loss_mask_8: 0.07587  loss_dice_8: 0.7102    time: 0.8481  last_time: 0.8678  data_time: 0.1939  last_data_time: 0.1939   lr: 3.2733e-05  max_mem: 12314M
[03/18 01:48:34 d2.utils.events]:  eta: 1:21:22  iter: 4019  total_loss: 11.68  loss_ce: 0.07528  loss_mask: 0.06264  loss_dice: 0.8922  loss_ce_0: 0.2724  loss_mask_0: 0.07305  loss_dice_0: 1.108  loss_ce_1: 0.1405  loss_mask_1: 0.06141  loss_dice_1: 0.9642  loss_ce_2: 0.1139  loss_mask_2: 0.06418  loss_dice_2: 1.023  loss_ce_3: 0.08849  loss_mask_3: 0.06943  loss_dice_3: 0.9594  loss_ce_4: 0.0858  loss_mask_4: 0.06876  loss_dice_4: 1.018  loss_ce_5: 0.1229  loss_mask_5: 0.06286  loss_dice_5: 0.9824  loss_ce_6: 0.07562  loss_mask_6: 0.07277  loss_dice_6: 0.989  loss_ce_7: 0.06698  loss_mask_7: 0.06671  loss_dice_7: 0.9638  loss_ce_8: 0.1198  loss_mask_8: 0.06078  loss_dice_8: 0.953    time: 0.8481  last_time: 0.8784  data_time: 0.2165  last_data_time: 0.2165   lr: 3.2583e-05  max_mem: 12314M
[03/18 01:48:50 d2.utils.events]:  eta: 1:21:04  iter: 4039  total_loss: 12.96  loss_ce: 0.08588  loss_mask: 0.05989  loss_dice: 1.17  loss_ce_0: 0.3117  loss_mask_0: 0.06265  loss_dice_0: 1.217  loss_ce_1: 0.05223  loss_mask_1: 0.05467  loss_dice_1: 1.119  loss_ce_2: 0.113  loss_mask_2: 0.06475  loss_dice_2: 1.111  loss_ce_3: 0.05951  loss_mask_3: 0.05812  loss_dice_3: 1.368  loss_ce_4: 0.05579  loss_mask_4: 0.05739  loss_dice_4: 1.056  loss_ce_5: 0.08179  loss_mask_5: 0.06433  loss_dice_5: 1.132  loss_ce_6: 0.06622  loss_mask_6: 0.05605  loss_dice_6: 1.098  loss_ce_7: 0.06091  loss_mask_7: 0.05498  loss_dice_7: 1.134  loss_ce_8: 0.08225  loss_mask_8: 0.05522  loss_dice_8: 0.9948    time: 0.8479  last_time: 0.8625  data_time: 0.1849  last_data_time: 0.1849   lr: 3.2434e-05  max_mem: 12314M
[03/18 01:49:08 d2.utils.events]:  eta: 1:20:48  iter: 4059  total_loss: 7.563  loss_ce: 0.01232  loss_mask: 0.04921  loss_dice: 0.6843  loss_ce_0: 0.1235  loss_mask_0: 0.08771  loss_dice_0: 0.853  loss_ce_1: 0.01958  loss_mask_1: 0.06033  loss_dice_1: 0.7505  loss_ce_2: 0.02006  loss_mask_2: 0.05195  loss_dice_2: 0.5864  loss_ce_3: 0.01733  loss_mask_3: 0.04548  loss_dice_3: 0.6188  loss_ce_4: 0.01657  loss_mask_4: 0.04841  loss_dice_4: 0.6471  loss_ce_5: 0.01354  loss_mask_5: 0.05406  loss_dice_5: 0.6337  loss_ce_6: 0.01507  loss_mask_6: 0.04684  loss_dice_6: 0.6479  loss_ce_7: 0.0135  loss_mask_7: 0.04881  loss_dice_7: 0.6876  loss_ce_8: 0.01109  loss_mask_8: 0.04242  loss_dice_8: 0.6555    time: 0.8479  last_time: 0.7710  data_time: 0.1033  last_data_time: 0.1033   lr: 3.2283e-05  max_mem: 12314M
[03/18 01:49:25 d2.utils.events]:  eta: 1:20:34  iter: 4079  total_loss: 11.91  loss_ce: 0.1043  loss_mask: 0.08018  loss_dice: 1.009  loss_ce_0: 0.3886  loss_mask_0: 0.1439  loss_dice_0: 1.2  loss_ce_1: 0.1311  loss_mask_1: 0.09763  loss_dice_1: 0.9772  loss_ce_2: 0.05497  loss_mask_2: 0.1017  loss_dice_2: 0.9641  loss_ce_3: 0.07114  loss_mask_3: 0.08359  loss_dice_3: 0.9775  loss_ce_4: 0.03719  loss_mask_4: 0.08425  loss_dice_4: 0.9084  loss_ce_5: 0.03999  loss_mask_5: 0.0877  loss_dice_5: 0.9744  loss_ce_6: 0.04864  loss_mask_6: 0.08758  loss_dice_6: 0.8989  loss_ce_7: 0.04594  loss_mask_7: 0.09199  loss_dice_7: 1.045  loss_ce_8: 0.1584  loss_mask_8: 0.08517  loss_dice_8: 0.9287    time: 0.8479  last_time: 0.9685  data_time: 0.2984  last_data_time: 0.2984   lr: 3.2133e-05  max_mem: 12314M
[03/18 01:49:42 d2.utils.events]:  eta: 1:20:15  iter: 4099  total_loss: 10.72  loss_ce: 0.04639  loss_mask: 0.03232  loss_dice: 0.9068  loss_ce_0: 0.294  loss_mask_0: 0.03806  loss_dice_0: 1.153  loss_ce_1: 0.088  loss_mask_1: 0.03479  loss_dice_1: 0.9898  loss_ce_2: 0.101  loss_mask_2: 0.03419  loss_dice_2: 1.024  loss_ce_3: 0.05442  loss_mask_3: 0.03396  loss_dice_3: 0.9266  loss_ce_4: 0.04963  loss_mask_4: 0.03143  loss_dice_4: 0.9539  loss_ce_5: 0.04756  loss_mask_5: 0.03242  loss_dice_5: 0.9411  loss_ce_6: 0.04732  loss_mask_6: 0.02989  loss_dice_6: 0.8368  loss_ce_7: 0.09177  loss_mask_7: 0.02792  loss_dice_7: 0.934  loss_ce_8: 0.0462  loss_mask_8: 0.03128  loss_dice_8: 0.8579    time: 0.8478  last_time: 0.8164  data_time: 0.1495  last_data_time: 0.1495   lr: 3.1982e-05  max_mem: 12314M
[03/18 01:49:58 d2.utils.events]:  eta: 1:19:59  iter: 4119  total_loss: 12.67  loss_ce: 0.1093  loss_mask: 0.0755  loss_dice: 0.9385  loss_ce_0: 0.3914  loss_mask_0: 0.09718  loss_dice_0: 1.196  loss_ce_1: 0.1272  loss_mask_1: 0.07811  loss_dice_1: 0.9645  loss_ce_2: 0.1379  loss_mask_2: 0.07565  loss_dice_2: 0.9851  loss_ce_3: 0.09683  loss_mask_3: 0.07384  loss_dice_3: 1.32  loss_ce_4: 0.07835  loss_mask_4: 0.07919  loss_dice_4: 1.008  loss_ce_5: 0.1327  loss_mask_5: 0.06829  loss_dice_5: 0.9713  loss_ce_6: 0.1145  loss_mask_6: 0.08552  loss_dice_6: 0.98  loss_ce_7: 0.1058  loss_mask_7: 0.07563  loss_dice_7: 1.114  loss_ce_8: 0.1133  loss_mask_8: 0.07088  loss_dice_8: 1.005    time: 0.8477  last_time: 0.7707  data_time: 0.0999  last_data_time: 0.0999   lr: 3.1831e-05  max_mem: 12314M
[03/18 01:50:15 d2.utils.events]:  eta: 1:19:45  iter: 4139  total_loss: 9.233  loss_ce: 0.01973  loss_mask: 0.04157  loss_dice: 0.8402  loss_ce_0: 0.1394  loss_mask_0: 0.04086  loss_dice_0: 0.7693  loss_ce_1: 0.03323  loss_mask_1: 0.04479  loss_dice_1: 0.8143  loss_ce_2: 0.03854  loss_mask_2: 0.04318  loss_dice_2: 0.9434  loss_ce_3: 0.02063  loss_mask_3: 0.04431  loss_dice_3: 0.8839  loss_ce_4: 0.01891  loss_mask_4: 0.03925  loss_dice_4: 0.8132  loss_ce_5: 0.01776  loss_mask_5: 0.03837  loss_dice_5: 0.7519  loss_ce_6: 0.01926  loss_mask_6: 0.04219  loss_dice_6: 0.9185  loss_ce_7: 0.02008  loss_mask_7: 0.03696  loss_dice_7: 0.7708  loss_ce_8: 0.01893  loss_mask_8: 0.04535  loss_dice_8: 0.9638    time: 0.8476  last_time: 0.7952  data_time: 0.1312  last_data_time: 0.1312   lr: 3.168e-05  max_mem: 12314M
[03/18 01:50:32 d2.utils.events]:  eta: 1:19:30  iter: 4159  total_loss: 8.862  loss_ce: 0.01595  loss_mask: 0.02646  loss_dice: 0.8036  loss_ce_0: 0.2083  loss_mask_0: 0.03767  loss_dice_0: 0.7767  loss_ce_1: 0.0796  loss_mask_1: 0.03264  loss_dice_1: 0.837  loss_ce_2: 0.0427  loss_mask_2: 0.03413  loss_dice_2: 0.7686  loss_ce_3: 0.01632  loss_mask_3: 0.03289  loss_dice_3: 0.8042  loss_ce_4: 0.01411  loss_mask_4: 0.03106  loss_dice_4: 0.9494  loss_ce_5: 0.01543  loss_mask_5: 0.02858  loss_dice_5: 0.7503  loss_ce_6: 0.0156  loss_mask_6: 0.03168  loss_dice_6: 0.7861  loss_ce_7: 0.01517  loss_mask_7: 0.02902  loss_dice_7: 0.8125  loss_ce_8: 0.01424  loss_mask_8: 0.02776  loss_dice_8: 0.8238    time: 0.8476  last_time: 1.2370  data_time: 0.5614  last_data_time: 0.5614   lr: 3.1529e-05  max_mem: 12314M
[03/18 01:50:49 d2.utils.events]:  eta: 1:19:13  iter: 4179  total_loss: 13.25  loss_ce: 0.04351  loss_mask: 0.06508  loss_dice: 1.163  loss_ce_0: 0.3724  loss_mask_0: 0.1066  loss_dice_0: 1.324  loss_ce_1: 0.1824  loss_mask_1: 0.07743  loss_dice_1: 1.211  loss_ce_2: 0.05823  loss_mask_2: 0.06186  loss_dice_2: 1.159  loss_ce_3: 0.05908  loss_mask_3: 0.06255  loss_dice_3: 1.165  loss_ce_4: 0.05171  loss_mask_4: 0.06409  loss_dice_4: 1.116  loss_ce_5: 0.04869  loss_mask_5: 0.06434  loss_dice_5: 1.123  loss_ce_6: 0.05181  loss_mask_6: 0.07044  loss_dice_6: 1.119  loss_ce_7: 0.04539  loss_mask_7: 0.06803  loss_dice_7: 1.05  loss_ce_8: 0.03888  loss_mask_8: 0.067  loss_dice_8: 1.159    time: 0.8474  last_time: 0.8708  data_time: 0.1872  last_data_time: 0.1872   lr: 3.1377e-05  max_mem: 12314M
[03/18 01:51:06 d2.utils.events]:  eta: 1:19:03  iter: 4199  total_loss: 8.571  loss_ce: 0.04207  loss_mask: 0.03991  loss_dice: 0.6079  loss_ce_0: 0.2687  loss_mask_0: 0.04132  loss_dice_0: 0.8774  loss_ce_1: 0.1813  loss_mask_1: 0.03578  loss_dice_1: 0.6112  loss_ce_2: 0.05485  loss_mask_2: 0.03589  loss_dice_2: 0.6803  loss_ce_3: 0.09569  loss_mask_3: 0.03346  loss_dice_3: 0.5161  loss_ce_4: 0.1003  loss_mask_4: 0.03356  loss_dice_4: 0.7409  loss_ce_5: 0.07455  loss_mask_5: 0.04176  loss_dice_5: 0.8134  loss_ce_6: 0.1041  loss_mask_6: 0.03952  loss_dice_6: 0.8708  loss_ce_7: 0.0579  loss_mask_7: 0.03723  loss_dice_7: 0.6746  loss_ce_8: 0.04242  loss_mask_8: 0.04023  loss_dice_8: 0.7774    time: 0.8474  last_time: 0.8363  data_time: 0.1653  last_data_time: 0.1653   lr: 3.1225e-05  max_mem: 12314M
[03/18 01:51:23 d2.utils.events]:  eta: 1:18:41  iter: 4219  total_loss: 11.73  loss_ce: 0.03259  loss_mask: 0.03347  loss_dice: 0.8991  loss_ce_0: 0.2838  loss_mask_0: 0.04835  loss_dice_0: 1.472  loss_ce_1: 0.09194  loss_mask_1: 0.03531  loss_dice_1: 0.9347  loss_ce_2: 0.05908  loss_mask_2: 0.05728  loss_dice_2: 1.139  loss_ce_3: 0.04137  loss_mask_3: 0.03766  loss_dice_3: 1.081  loss_ce_4: 0.03126  loss_mask_4: 0.04399  loss_dice_4: 1.093  loss_ce_5: 0.03096  loss_mask_5: 0.04004  loss_dice_5: 1.044  loss_ce_6: 0.03412  loss_mask_6: 0.03432  loss_dice_6: 0.8376  loss_ce_7: 0.03219  loss_mask_7: 0.04302  loss_dice_7: 1.025  loss_ce_8: 0.03078  loss_mask_8: 0.04032  loss_dice_8: 1.118    time: 0.8473  last_time: 0.8504  data_time: 0.1804  last_data_time: 0.1804   lr: 3.1073e-05  max_mem: 12314M
[03/18 01:51:41 d2.utils.events]:  eta: 1:18:31  iter: 4239  total_loss: 11.84  loss_ce: 0.02579  loss_mask: 0.09073  loss_dice: 0.9491  loss_ce_0: 0.192  loss_mask_0: 0.1517  loss_dice_0: 1.243  loss_ce_1: 0.03416  loss_mask_1: 0.08364  loss_dice_1: 0.9416  loss_ce_2: 0.04204  loss_mask_2: 0.08782  loss_dice_2: 0.9459  loss_ce_3: 0.03798  loss_mask_3: 0.1131  loss_dice_3: 1.082  loss_ce_4: 0.03646  loss_mask_4: 0.1039  loss_dice_4: 1.043  loss_ce_5: 0.03381  loss_mask_5: 0.1078  loss_dice_5: 1.043  loss_ce_6: 0.03209  loss_mask_6: 0.1049  loss_dice_6: 1.061  loss_ce_7: 0.02824  loss_mask_7: 0.1  loss_dice_7: 0.9841  loss_ce_8: 0.02766  loss_mask_8: 0.104  loss_dice_8: 1.01    time: 0.8476  last_time: 0.8646  data_time: 0.1918  last_data_time: 0.1918   lr: 3.092e-05  max_mem: 12314M
[03/18 01:51:58 d2.utils.events]:  eta: 1:18:15  iter: 4259  total_loss: 14.52  loss_ce: 0.1026  loss_mask: 0.03915  loss_dice: 1.116  loss_ce_0: 0.3141  loss_mask_0: 0.05996  loss_dice_0: 1.316  loss_ce_1: 0.07754  loss_mask_1: 0.08701  loss_dice_1: 1.397  loss_ce_2: 0.1528  loss_mask_2: 0.05442  loss_dice_2: 1.301  loss_ce_3: 0.07675  loss_mask_3: 0.06594  loss_dice_3: 1.417  loss_ce_4: 0.1064  loss_mask_4: 0.05641  loss_dice_4: 1.276  loss_ce_5: 0.1384  loss_mask_5: 0.0625  loss_dice_5: 1.201  loss_ce_6: 0.07184  loss_mask_6: 0.05712  loss_dice_6: 1.129  loss_ce_7: 0.06857  loss_mask_7: 0.05866  loss_dice_7: 1.321  loss_ce_8: 0.06309  loss_mask_8: 0.06007  loss_dice_8: 1.274    time: 0.8475  last_time: 0.8732  data_time: 0.2019  last_data_time: 0.2019   lr: 3.0767e-05  max_mem: 12314M
[03/18 01:52:16 d2.utils.events]:  eta: 1:18:05  iter: 4279  total_loss: 13.21  loss_ce: 0.2106  loss_mask: 0.03836  loss_dice: 0.9117  loss_ce_0: 0.4827  loss_mask_0: 0.05736  loss_dice_0: 1.067  loss_ce_1: 0.3199  loss_mask_1: 0.03623  loss_dice_1: 0.9682  loss_ce_2: 0.2995  loss_mask_2: 0.03446  loss_dice_2: 0.9911  loss_ce_3: 0.271  loss_mask_3: 0.04095  loss_dice_3: 1.083  loss_ce_4: 0.3134  loss_mask_4: 0.03633  loss_dice_4: 0.9001  loss_ce_5: 0.2157  loss_mask_5: 0.03945  loss_dice_5: 1.139  loss_ce_6: 0.2221  loss_mask_6: 0.03471  loss_dice_6: 0.9184  loss_ce_7: 0.1571  loss_mask_7: 0.04197  loss_dice_7: 1.047  loss_ce_8: 0.1899  loss_mask_8: 0.03801  loss_dice_8: 1.106    time: 0.8478  last_time: 0.8489  data_time: 0.1669  last_data_time: 0.1669   lr: 3.0614e-05  max_mem: 12314M
[03/18 01:52:33 d2.utils.events]:  eta: 1:17:52  iter: 4299  total_loss: 12.96  loss_ce: 0.05489  loss_mask: 0.07982  loss_dice: 1.192  loss_ce_0: 0.3082  loss_mask_0: 0.1019  loss_dice_0: 1.185  loss_ce_1: 0.1057  loss_mask_1: 0.08524  loss_dice_1: 1.24  loss_ce_2: 0.05631  loss_mask_2: 0.07502  loss_dice_2: 1.05  loss_ce_3: 0.04911  loss_mask_3: 0.06905  loss_dice_3: 1.129  loss_ce_4: 0.03943  loss_mask_4: 0.06612  loss_dice_4: 1.036  loss_ce_5: 0.04049  loss_mask_5: 0.08491  loss_dice_5: 1.182  loss_ce_6: 0.09349  loss_mask_6: 0.06454  loss_dice_6: 1.07  loss_ce_7: 0.1098  loss_mask_7: 0.07249  loss_dice_7: 1.22  loss_ce_8: 0.0553  loss_mask_8: 0.07788  loss_dice_8: 0.9657    time: 0.8478  last_time: 0.8339  data_time: 0.1535  last_data_time: 0.1535   lr: 3.0461e-05  max_mem: 12314M
[03/18 01:52:51 d2.utils.events]:  eta: 1:17:41  iter: 4319  total_loss: 9.684  loss_ce: 0.04029  loss_mask: 0.04634  loss_dice: 0.8555  loss_ce_0: 0.2019  loss_mask_0: 0.06755  loss_dice_0: 1.03  loss_ce_1: 0.07609  loss_mask_1: 0.0508  loss_dice_1: 0.8698  loss_ce_2: 0.06109  loss_mask_2: 0.05969  loss_dice_2: 0.8503  loss_ce_3: 0.04158  loss_mask_3: 0.05428  loss_dice_3: 0.8336  loss_ce_4: 0.03845  loss_mask_4: 0.05414  loss_dice_4: 0.9039  loss_ce_5: 0.0408  loss_mask_5: 0.04194  loss_dice_5: 0.781  loss_ce_6: 0.03917  loss_mask_6: 0.03984  loss_dice_6: 0.7611  loss_ce_7: 0.03877  loss_mask_7: 0.04855  loss_dice_7: 0.8457  loss_ce_8: 0.03932  loss_mask_8: 0.04495  loss_dice_8: 0.8281    time: 0.8479  last_time: 0.7774  data_time: 0.1116  last_data_time: 0.1116   lr: 3.0308e-05  max_mem: 12314M
[03/18 01:53:08 d2.utils.events]:  eta: 1:17:29  iter: 4339  total_loss: 8.07  loss_ce: 0.0204  loss_mask: 0.07829  loss_dice: 0.7759  loss_ce_0: 0.2667  loss_mask_0: 0.09596  loss_dice_0: 0.8296  loss_ce_1: 0.03387  loss_mask_1: 0.07835  loss_dice_1: 0.635  loss_ce_2: 0.03832  loss_mask_2: 0.07294  loss_dice_2: 0.6587  loss_ce_3: 0.0267  loss_mask_3: 0.07004  loss_dice_3: 0.6082  loss_ce_4: 0.02778  loss_mask_4: 0.06757  loss_dice_4: 0.603  loss_ce_5: 0.02878  loss_mask_5: 0.06895  loss_dice_5: 0.6616  loss_ce_6: 0.02298  loss_mask_6: 0.06684  loss_dice_6: 0.6483  loss_ce_7: 0.01874  loss_mask_7: 0.07032  loss_dice_7: 0.753  loss_ce_8: 0.01963  loss_mask_8: 0.06452  loss_dice_8: 0.6591    time: 0.8479  last_time: 0.8392  data_time: 0.1778  last_data_time: 0.1778   lr: 3.0154e-05  max_mem: 12314M
[03/18 01:53:24 d2.utils.events]:  eta: 1:17:13  iter: 4359  total_loss: 12.3  loss_ce: 0.06347  loss_mask: 0.08108  loss_dice: 0.8509  loss_ce_0: 0.227  loss_mask_0: 0.08416  loss_dice_0: 1.283  loss_ce_1: 0.3068  loss_mask_1: 0.06831  loss_dice_1: 1.127  loss_ce_2: 0.1557  loss_mask_2: 0.07625  loss_dice_2: 1.175  loss_ce_3: 0.1317  loss_mask_3: 0.07084  loss_dice_3: 0.8891  loss_ce_4: 0.1247  loss_mask_4: 0.08096  loss_dice_4: 1.133  loss_ce_5: 0.1267  loss_mask_5: 0.06713  loss_dice_5: 0.7706  loss_ce_6: 0.06267  loss_mask_6: 0.08008  loss_dice_6: 1.017  loss_ce_7: 0.06699  loss_mask_7: 0.088  loss_dice_7: 1.084  loss_ce_8: 0.0713  loss_mask_8: 0.09037  loss_dice_8: 0.8499    time: 0.8478  last_time: 0.8279  data_time: 0.1475  last_data_time: 0.1475   lr: 3e-05  max_mem: 12314M
[03/18 01:53:42 d2.utils.events]:  eta: 1:16:57  iter: 4379  total_loss: 13.53  loss_ce: 0.08128  loss_mask: 0.09187  loss_dice: 1.149  loss_ce_0: 0.2073  loss_mask_0: 0.1029  loss_dice_0: 1.305  loss_ce_1: 0.08654  loss_mask_1: 0.08066  loss_dice_1: 1.057  loss_ce_2: 0.05307  loss_mask_2: 0.08146  loss_dice_2: 1.264  loss_ce_3: 0.03752  loss_mask_3: 0.08859  loss_dice_3: 1.322  loss_ce_4: 0.03627  loss_mask_4: 0.08755  loss_dice_4: 1.211  loss_ce_5: 0.08641  loss_mask_5: 0.0798  loss_dice_5: 1.154  loss_ce_6: 0.03532  loss_mask_6: 0.07846  loss_dice_6: 1.145  loss_ce_7: 0.07941  loss_mask_7: 0.08779  loss_dice_7: 1.074  loss_ce_8: 0.04458  loss_mask_8: 0.08682  loss_dice_8: 1.235    time: 0.8479  last_time: 0.8370  data_time: 0.1737  last_data_time: 0.1737   lr: 2.9846e-05  max_mem: 12314M
[03/18 01:53:58 d2.utils.events]:  eta: 1:16:39  iter: 4399  total_loss: 10.97  loss_ce: 0.02386  loss_mask: 0.04807  loss_dice: 1.03  loss_ce_0: 0.1715  loss_mask_0: 0.06913  loss_dice_0: 1.199  loss_ce_1: 0.03358  loss_mask_1: 0.05576  loss_dice_1: 0.9647  loss_ce_2: 0.02469  loss_mask_2: 0.04809  loss_dice_2: 0.7656  loss_ce_3: 0.02164  loss_mask_3: 0.06343  loss_dice_3: 1.034  loss_ce_4: 0.02173  loss_mask_4: 0.04608  loss_dice_4: 0.9562  loss_ce_5: 0.02131  loss_mask_5: 0.05743  loss_dice_5: 1.058  loss_ce_6: 0.02347  loss_mask_6: 0.05405  loss_dice_6: 0.8897  loss_ce_7: 0.02157  loss_mask_7: 0.0599  loss_dice_7: 1.086  loss_ce_8: 0.0224  loss_mask_8: 0.05452  loss_dice_8: 1.041    time: 0.8477  last_time: 0.8402  data_time: 0.1790  last_data_time: 0.1790   lr: 2.9692e-05  max_mem: 12314M
[03/18 01:54:16 d2.utils.events]:  eta: 1:16:23  iter: 4419  total_loss: 12.99  loss_ce: 0.1491  loss_mask: 0.03592  loss_dice: 1.112  loss_ce_0: 0.3786  loss_mask_0: 0.04354  loss_dice_0: 1.487  loss_ce_1: 0.1188  loss_mask_1: 0.04403  loss_dice_1: 1.149  loss_ce_2: 0.1587  loss_mask_2: 0.04601  loss_dice_2: 1.132  loss_ce_3: 0.149  loss_mask_3: 0.03118  loss_dice_3: 0.8796  loss_ce_4: 0.09439  loss_mask_4: 0.03269  loss_dice_4: 1.035  loss_ce_5: 0.1538  loss_mask_5: 0.03662  loss_dice_5: 1.098  loss_ce_6: 0.09691  loss_mask_6: 0.03564  loss_dice_6: 1.178  loss_ce_7: 0.1071  loss_mask_7: 0.03125  loss_dice_7: 1.012  loss_ce_8: 0.1047  loss_mask_8: 0.0317  loss_dice_8: 1.025    time: 0.8478  last_time: 0.8087  data_time: 0.1250  last_data_time: 0.1250   lr: 2.9538e-05  max_mem: 12314M
[03/18 01:54:32 d2.utils.events]:  eta: 1:16:07  iter: 4439  total_loss: 8.692  loss_ce: 0.01834  loss_mask: 0.05828  loss_dice: 0.6728  loss_ce_0: 0.158  loss_mask_0: 0.08009  loss_dice_0: 1.008  loss_ce_1: 0.01983  loss_mask_1: 0.06205  loss_dice_1: 0.7687  loss_ce_2: 0.04576  loss_mask_2: 0.0749  loss_dice_2: 0.6761  loss_ce_3: 0.02109  loss_mask_3: 0.0681  loss_dice_3: 0.7363  loss_ce_4: 0.02112  loss_mask_4: 0.05967  loss_dice_4: 0.5956  loss_ce_5: 0.01981  loss_mask_5: 0.06616  loss_dice_5: 0.7589  loss_ce_6: 0.01763  loss_mask_6: 0.0554  loss_dice_6: 0.8429  loss_ce_7: 0.01856  loss_mask_7: 0.06352  loss_dice_7: 0.8046  loss_ce_8: 0.01866  loss_mask_8: 0.06255  loss_dice_8: 0.8187    time: 0.8476  last_time: 0.7886  data_time: 0.1278  last_data_time: 0.1278   lr: 2.9383e-05  max_mem: 12314M
[03/18 01:54:50 d2.utils.events]:  eta: 1:15:47  iter: 4459  total_loss: 9.227  loss_ce: 0.03316  loss_mask: 0.05588  loss_dice: 0.7165  loss_ce_0: 0.397  loss_mask_0: 0.1477  loss_dice_0: 1.046  loss_ce_1: 0.05613  loss_mask_1: 0.078  loss_dice_1: 0.848  loss_ce_2: 0.05485  loss_mask_2: 0.07631  loss_dice_2: 0.756  loss_ce_3: 0.03951  loss_mask_3: 0.05755  loss_dice_3: 0.7158  loss_ce_4: 0.03151  loss_mask_4: 0.06021  loss_dice_4: 0.7597  loss_ce_5: 0.05065  loss_mask_5: 0.06116  loss_dice_5: 0.9105  loss_ce_6: 0.03178  loss_mask_6: 0.0554  loss_dice_6: 0.6444  loss_ce_7: 0.03394  loss_mask_7: 0.05703  loss_dice_7: 0.7374  loss_ce_8: 0.03304  loss_mask_8: 0.04667  loss_dice_8: 0.636    time: 0.8477  last_time: 0.8291  data_time: 0.1620  last_data_time: 0.1620   lr: 2.9229e-05  max_mem: 12314M
[03/18 01:55:08 d2.utils.events]:  eta: 1:15:34  iter: 4479  total_loss: 11.46  loss_ce: 0.03891  loss_mask: 0.09472  loss_dice: 1.018  loss_ce_0: 0.1675  loss_mask_0: 0.1471  loss_dice_0: 1.095  loss_ce_1: 0.07484  loss_mask_1: 0.09827  loss_dice_1: 0.9081  loss_ce_2: 0.04831  loss_mask_2: 0.09784  loss_dice_2: 1.109  loss_ce_3: 0.07234  loss_mask_3: 0.08027  loss_dice_3: 0.874  loss_ce_4: 0.07892  loss_mask_4: 0.07345  loss_dice_4: 0.9497  loss_ce_5: 0.04178  loss_mask_5: 0.09282  loss_dice_5: 0.9644  loss_ce_6: 0.04039  loss_mask_6: 0.1067  loss_dice_6: 1.117  loss_ce_7: 0.09536  loss_mask_7: 0.0683  loss_dice_7: 0.879  loss_ce_8: 0.09026  loss_mask_8: 0.07151  loss_dice_8: 0.8659    time: 0.8479  last_time: 0.8711  data_time: 0.2050  last_data_time: 0.2050   lr: 2.9074e-05  max_mem: 12314M
[03/18 01:55:25 d2.utils.events]:  eta: 1:15:14  iter: 4499  total_loss: 12.7  loss_ce: 0.0633  loss_mask: 0.03649  loss_dice: 0.9682  loss_ce_0: 0.3172  loss_mask_0: 0.07127  loss_dice_0: 1.654  loss_ce_1: 0.076  loss_mask_1: 0.03806  loss_dice_1: 1.014  loss_ce_2: 0.08303  loss_mask_2: 0.04113  loss_dice_2: 1.099  loss_ce_3: 0.128  loss_mask_3: 0.04202  loss_dice_3: 1.209  loss_ce_4: 0.06121  loss_mask_4: 0.03612  loss_dice_4: 0.9533  loss_ce_5: 0.09481  loss_mask_5: 0.03302  loss_dice_5: 1.01  loss_ce_6: 0.1067  loss_mask_6: 0.03858  loss_dice_6: 1.092  loss_ce_7: 0.05916  loss_mask_7: 0.04022  loss_dice_7: 1.109  loss_ce_8: 0.09755  loss_mask_8: 0.03556  loss_dice_8: 1.09    time: 0.8479  last_time: 0.7696  data_time: 0.0873  last_data_time: 0.0873   lr: 2.8919e-05  max_mem: 12314M
[03/18 01:55:42 d2.utils.events]:  eta: 1:15:01  iter: 4519  total_loss: 10.7  loss_ce: 0.02866  loss_mask: 0.04566  loss_dice: 0.8828  loss_ce_0: 0.283  loss_mask_0: 0.07976  loss_dice_0: 1.193  loss_ce_1: 0.09603  loss_mask_1: 0.05474  loss_dice_1: 0.8988  loss_ce_2: 0.05099  loss_mask_2: 0.05775  loss_dice_2: 0.9749  loss_ce_3: 0.03756  loss_mask_3: 0.0593  loss_dice_3: 0.9231  loss_ce_4: 0.09008  loss_mask_4: 0.05167  loss_dice_4: 0.9  loss_ce_5: 0.02883  loss_mask_5: 0.06036  loss_dice_5: 0.9805  loss_ce_6: 0.02775  loss_mask_6: 0.04637  loss_dice_6: 0.8921  loss_ce_7: 0.0297  loss_mask_7: 0.05145  loss_dice_7: 0.8665  loss_ce_8: 0.02944  loss_mask_8: 0.04444  loss_dice_8: 0.9306    time: 0.8480  last_time: 0.8352  data_time: 0.1556  last_data_time: 0.1556   lr: 2.8763e-05  max_mem: 12314M
[03/18 01:55:59 d2.utils.events]:  eta: 1:14:44  iter: 4539  total_loss: 11.9  loss_ce: 0.2189  loss_mask: 0.05274  loss_dice: 0.8454  loss_ce_0: 0.3377  loss_mask_0: 0.05818  loss_dice_0: 1.178  loss_ce_1: 0.1224  loss_mask_1: 0.06531  loss_dice_1: 1.042  loss_ce_2: 0.08622  loss_mask_2: 0.06138  loss_dice_2: 0.9826  loss_ce_3: 0.06785  loss_mask_3: 0.06099  loss_dice_3: 0.9679  loss_ce_4: 0.05749  loss_mask_4: 0.061  loss_dice_4: 0.9887  loss_ce_5: 0.05831  loss_mask_5: 0.0573  loss_dice_5: 1.122  loss_ce_6: 0.1115  loss_mask_6: 0.07415  loss_dice_6: 0.9842  loss_ce_7: 0.06551  loss_mask_7: 0.05114  loss_dice_7: 0.9821  loss_ce_8: 0.063  loss_mask_8: 0.05292  loss_dice_8: 1.025    time: 0.8479  last_time: 0.8823  data_time: 0.1861  last_data_time: 0.1861   lr: 2.8608e-05  max_mem: 12314M
[03/18 01:56:16 d2.utils.events]:  eta: 1:14:30  iter: 4559  total_loss: 12.36  loss_ce: 0.05359  loss_mask: 0.05744  loss_dice: 1.141  loss_ce_0: 0.2669  loss_mask_0: 0.06615  loss_dice_0: 1.1  loss_ce_1: 0.1848  loss_mask_1: 0.05287  loss_dice_1: 1.109  loss_ce_2: 0.1502  loss_mask_2: 0.03926  loss_dice_2: 0.8912  loss_ce_3: 0.09734  loss_mask_3: 0.04088  loss_dice_3: 1.086  loss_ce_4: 0.123  loss_mask_4: 0.0467  loss_dice_4: 1.057  loss_ce_5: 0.1093  loss_mask_5: 0.04159  loss_dice_5: 0.9369  loss_ce_6: 0.2678  loss_mask_6: 0.04342  loss_dice_6: 0.9254  loss_ce_7: 0.1213  loss_mask_7: 0.0503  loss_dice_7: 1.06  loss_ce_8: 0.05495  loss_mask_8: 0.05611  loss_dice_8: 1.125    time: 0.8479  last_time: 0.8390  data_time: 0.1656  last_data_time: 0.1656   lr: 2.8453e-05  max_mem: 12314M
[03/18 01:56:33 d2.utils.events]:  eta: 1:14:12  iter: 4579  total_loss: 11.06  loss_ce: 0.03838  loss_mask: 0.05745  loss_dice: 0.9348  loss_ce_0: 0.1488  loss_mask_0: 0.06923  loss_dice_0: 0.969  loss_ce_1: 0.0782  loss_mask_1: 0.06674  loss_dice_1: 1.102  loss_ce_2: 0.08059  loss_mask_2: 0.06263  loss_dice_2: 1.016  loss_ce_3: 0.07945  loss_mask_3: 0.05934  loss_dice_3: 0.9854  loss_ce_4: 0.07933  loss_mask_4: 0.05868  loss_dice_4: 1.183  loss_ce_5: 0.06813  loss_mask_5: 0.06046  loss_dice_5: 0.7932  loss_ce_6: 0.09203  loss_mask_6: 0.05371  loss_dice_6: 1.024  loss_ce_7: 0.04558  loss_mask_7: 0.05132  loss_dice_7: 0.8501  loss_ce_8: 0.04295  loss_mask_8: 0.05916  loss_dice_8: 0.8504    time: 0.8479  last_time: 0.9153  data_time: 0.2516  last_data_time: 0.2516   lr: 2.8297e-05  max_mem: 12314M
[03/18 01:56:51 d2.utils.events]:  eta: 1:13:57  iter: 4599  total_loss: 10.65  loss_ce: 0.1017  loss_mask: 0.0471  loss_dice: 0.66  loss_ce_0: 0.2984  loss_mask_0: 0.06254  loss_dice_0: 1.107  loss_ce_1: 0.09333  loss_mask_1: 0.05088  loss_dice_1: 0.9757  loss_ce_2: 0.05741  loss_mask_2: 0.06102  loss_dice_2: 0.9194  loss_ce_3: 0.07929  loss_mask_3: 0.05559  loss_dice_3: 0.9426  loss_ce_4: 0.05193  loss_mask_4: 0.05252  loss_dice_4: 0.8747  loss_ce_5: 0.05338  loss_mask_5: 0.05373  loss_dice_5: 0.9544  loss_ce_6: 0.04895  loss_mask_6: 0.05352  loss_dice_6: 0.7614  loss_ce_7: 0.1574  loss_mask_7: 0.05356  loss_dice_7: 1.013  loss_ce_8: 0.09443  loss_mask_8: 0.05111  loss_dice_8: 0.8604    time: 0.8480  last_time: 0.8242  data_time: 0.1581  last_data_time: 0.1581   lr: 2.8141e-05  max_mem: 12314M
[03/18 01:57:07 d2.utils.events]:  eta: 1:13:39  iter: 4619  total_loss: 7.24  loss_ce: 0.02682  loss_mask: 0.0292  loss_dice: 0.7441  loss_ce_0: 0.1536  loss_mask_0: 0.04029  loss_dice_0: 1.016  loss_ce_1: 0.06643  loss_mask_1: 0.02573  loss_dice_1: 0.5296  loss_ce_2: 0.1345  loss_mask_2: 0.02353  loss_dice_2: 0.5177  loss_ce_3: 0.07651  loss_mask_3: 0.02519  loss_dice_3: 0.5395  loss_ce_4: 0.0842  loss_mask_4: 0.03598  loss_dice_4: 0.6127  loss_ce_5: 0.0993  loss_mask_5: 0.03499  loss_dice_5: 0.604  loss_ce_6: 0.02878  loss_mask_6: 0.02669  loss_dice_6: 0.4617  loss_ce_7: 0.02643  loss_mask_7: 0.02244  loss_dice_7: 0.5839  loss_ce_8: 0.07695  loss_mask_8: 0.02013  loss_dice_8: 0.5734    time: 0.8478  last_time: 0.8359  data_time: 0.1741  last_data_time: 0.1741   lr: 2.7985e-05  max_mem: 12314M
[03/18 01:57:24 d2.utils.events]:  eta: 1:13:22  iter: 4639  total_loss: 9.281  loss_ce: 0.05089  loss_mask: 0.04663  loss_dice: 0.7598  loss_ce_0: 0.2371  loss_mask_0: 0.06777  loss_dice_0: 0.9072  loss_ce_1: 0.1429  loss_mask_1: 0.03948  loss_dice_1: 0.7125  loss_ce_2: 0.09458  loss_mask_2: 0.04557  loss_dice_2: 0.7794  loss_ce_3: 0.09083  loss_mask_3: 0.04128  loss_dice_3: 0.7322  loss_ce_4: 0.06477  loss_mask_4: 0.05128  loss_dice_4: 0.8083  loss_ce_5: 0.08454  loss_mask_5: 0.04137  loss_dice_5: 0.7372  loss_ce_6: 0.0908  loss_mask_6: 0.04567  loss_dice_6: 0.825  loss_ce_7: 0.07765  loss_mask_7: 0.0374  loss_dice_7: 0.7144  loss_ce_8: 0.05151  loss_mask_8: 0.04249  loss_dice_8: 0.861    time: 0.8478  last_time: 0.7943  data_time: 0.1197  last_data_time: 0.1197   lr: 2.7829e-05  max_mem: 12314M
[03/18 01:57:42 d2.utils.events]:  eta: 1:13:03  iter: 4659  total_loss: 14.23  loss_ce: 0.06962  loss_mask: 0.05059  loss_dice: 1.418  loss_ce_0: 0.269  loss_mask_0: 0.05199  loss_dice_0: 1.46  loss_ce_1: 0.1056  loss_mask_1: 0.03195  loss_dice_1: 0.8212  loss_ce_2: 0.06703  loss_mask_2: 0.08384  loss_dice_2: 1.395  loss_ce_3: 0.05625  loss_mask_3: 0.0396  loss_dice_3: 1.252  loss_ce_4: 0.06403  loss_mask_4: 0.03763  loss_dice_4: 1.173  loss_ce_5: 0.06192  loss_mask_5: 0.03992  loss_dice_5: 1.272  loss_ce_6: 0.07436  loss_mask_6: 0.04088  loss_dice_6: 1.187  loss_ce_7: 0.0797  loss_mask_7: 0.04339  loss_dice_7: 1.309  loss_ce_8: 0.0782  loss_mask_8: 0.05283  loss_dice_8: 1.54    time: 0.8479  last_time: 0.7915  data_time: 0.1323  last_data_time: 0.1323   lr: 2.7673e-05  max_mem: 12314M
[03/18 01:57:59 d2.utils.events]:  eta: 1:12:43  iter: 4679  total_loss: 7.31  loss_ce: 0.02267  loss_mask: 0.04216  loss_dice: 0.573  loss_ce_0: 0.3421  loss_mask_0: 0.1248  loss_dice_0: 0.9323  loss_ce_1: 0.04095  loss_mask_1: 0.04856  loss_dice_1: 0.5699  loss_ce_2: 0.04226  loss_mask_2: 0.04659  loss_dice_2: 0.603  loss_ce_3: 0.03481  loss_mask_3: 0.04106  loss_dice_3: 0.595  loss_ce_4: 0.0284  loss_mask_4: 0.03968  loss_dice_4: 0.6372  loss_ce_5: 0.02527  loss_mask_5: 0.03909  loss_dice_5: 0.5659  loss_ce_6: 0.02687  loss_mask_6: 0.04355  loss_dice_6: 0.57  loss_ce_7: 0.02487  loss_mask_7: 0.04149  loss_dice_7: 0.5623  loss_ce_8: 0.02399  loss_mask_8: 0.04526  loss_dice_8: 0.5772    time: 0.8479  last_time: 0.8253  data_time: 0.1619  last_data_time: 0.1619   lr: 2.7517e-05  max_mem: 12314M
[03/18 01:58:16 d2.utils.events]:  eta: 1:12:23  iter: 4699  total_loss: 15.15  loss_ce: 0.06166  loss_mask: 0.1017  loss_dice: 1.49  loss_ce_0: 0.2073  loss_mask_0: 0.1467  loss_dice_0: 1.503  loss_ce_1: 0.1539  loss_mask_1: 0.08262  loss_dice_1: 1.131  loss_ce_2: 0.1846  loss_mask_2: 0.08372  loss_dice_2: 1.261  loss_ce_3: 0.1985  loss_mask_3: 0.09557  loss_dice_3: 1.03  loss_ce_4: 0.1229  loss_mask_4: 0.09366  loss_dice_4: 1.256  loss_ce_5: 0.1889  loss_mask_5: 0.08934  loss_dice_5: 1.178  loss_ce_6: 0.1296  loss_mask_6: 0.09611  loss_dice_6: 1.324  loss_ce_7: 0.1448  loss_mask_7: 0.08396  loss_dice_7: 1.279  loss_ce_8: 0.1334  loss_mask_8: 0.08627  loss_dice_8: 1.212    time: 0.8478  last_time: 0.8253  data_time: 0.1563  last_data_time: 0.1563   lr: 2.7361e-05  max_mem: 12314M
[03/18 01:58:32 d2.utils.events]:  eta: 1:12:04  iter: 4719  total_loss: 12.03  loss_ce: 0.03731  loss_mask: 0.204  loss_dice: 0.8818  loss_ce_0: 0.2378  loss_mask_0: 0.3049  loss_dice_0: 1.099  loss_ce_1: 0.03776  loss_mask_1: 0.2015  loss_dice_1: 0.9164  loss_ce_2: 0.03275  loss_mask_2: 0.1818  loss_dice_2: 0.8859  loss_ce_3: 0.05808  loss_mask_3: 0.1978  loss_dice_3: 1.034  loss_ce_4: 0.04233  loss_mask_4: 0.2052  loss_dice_4: 1.032  loss_ce_5: 0.03837  loss_mask_5: 0.1948  loss_dice_5: 0.8702  loss_ce_6: 0.02957  loss_mask_6: 0.2  loss_dice_6: 0.8383  loss_ce_7: 0.03351  loss_mask_7: 0.2069  loss_dice_7: 0.926  loss_ce_8: 0.03854  loss_mask_8: 0.1993  loss_dice_8: 0.8635    time: 0.8477  last_time: 0.8063  data_time: 0.1433  last_data_time: 0.1433   lr: 2.7204e-05  max_mem: 12314M
[03/18 01:58:49 d2.utils.events]:  eta: 1:11:50  iter: 4739  total_loss: 13.63  loss_ce: 0.09335  loss_mask: 0.04188  loss_dice: 1.246  loss_ce_0: 0.2551  loss_mask_0: 0.05174  loss_dice_0: 1.196  loss_ce_1: 0.172  loss_mask_1: 0.06737  loss_dice_1: 1.131  loss_ce_2: 0.1096  loss_mask_2: 0.04045  loss_dice_2: 1.232  loss_ce_3: 0.1661  loss_mask_3: 0.04941  loss_dice_3: 1.191  loss_ce_4: 0.1241  loss_mask_4: 0.04806  loss_dice_4: 1.174  loss_ce_5: 0.113  loss_mask_5: 0.03909  loss_dice_5: 1.274  loss_ce_6: 0.09634  loss_mask_6: 0.03459  loss_dice_6: 1.014  loss_ce_7: 0.0916  loss_mask_7: 0.04248  loss_dice_7: 1.182  loss_ce_8: 0.1069  loss_mask_8: 0.04204  loss_dice_8: 1.209    time: 0.8476  last_time: 0.8112  data_time: 0.1367  last_data_time: 0.1367   lr: 2.7048e-05  max_mem: 12314M
[03/18 01:59:06 d2.utils.events]:  eta: 1:11:41  iter: 4759  total_loss: 6.145  loss_ce: 0.02757  loss_mask: 0.02935  loss_dice: 0.5362  loss_ce_0: 0.1601  loss_mask_0: 0.03126  loss_dice_0: 0.7374  loss_ce_1: 0.035  loss_mask_1: 0.03004  loss_dice_1: 0.4574  loss_ce_2: 0.03731  loss_mask_2: 0.02837  loss_dice_2: 0.3952  loss_ce_3: 0.03157  loss_mask_3: 0.03385  loss_dice_3: 0.5013  loss_ce_4: 0.03129  loss_mask_4: 0.02598  loss_dice_4: 0.6255  loss_ce_5: 0.02922  loss_mask_5: 0.02807  loss_dice_5: 0.5476  loss_ce_6: 0.02732  loss_mask_6: 0.02953  loss_dice_6: 0.5527  loss_ce_7: 0.0285  loss_mask_7: 0.02395  loss_dice_7: 0.5334  loss_ce_8: 0.03101  loss_mask_8: 0.02711  loss_dice_8: 0.5317    time: 0.8476  last_time: 0.8420  data_time: 0.1730  last_data_time: 0.1730   lr: 2.6891e-05  max_mem: 12314M
[03/18 01:59:23 d2.utils.events]:  eta: 1:11:27  iter: 4779  total_loss: 8.043  loss_ce: 0.0201  loss_mask: 0.1125  loss_dice: 0.6356  loss_ce_0: 0.3403  loss_mask_0: 0.1703  loss_dice_0: 0.758  loss_ce_1: 0.0396  loss_mask_1: 0.1098  loss_dice_1: 0.6608  loss_ce_2: 0.05588  loss_mask_2: 0.1035  loss_dice_2: 0.6398  loss_ce_3: 0.01932  loss_mask_3: 0.1152  loss_dice_3: 0.5631  loss_ce_4: 0.01954  loss_mask_4: 0.1088  loss_dice_4: 0.572  loss_ce_5: 0.01779  loss_mask_5: 0.1104  loss_dice_5: 0.6159  loss_ce_6: 0.01853  loss_mask_6: 0.1114  loss_dice_6: 0.6333  loss_ce_7: 0.01887  loss_mask_7: 0.1182  loss_dice_7: 0.6167  loss_ce_8: 0.01963  loss_mask_8: 0.1158  loss_dice_8: 0.6024    time: 0.8476  last_time: 0.8206  data_time: 0.1415  last_data_time: 0.1415   lr: 2.6734e-05  max_mem: 12314M
[03/18 01:59:41 d2.utils.events]:  eta: 1:11:11  iter: 4799  total_loss: 10.47  loss_ce: 0.08942  loss_mask: 0.03422  loss_dice: 0.9247  loss_ce_0: 0.2337  loss_mask_0: 0.04379  loss_dice_0: 1.197  loss_ce_1: 0.1179  loss_mask_1: 0.03533  loss_dice_1: 0.9842  loss_ce_2: 0.1333  loss_mask_2: 0.04456  loss_dice_2: 1.086  loss_ce_3: 0.08196  loss_mask_3: 0.03097  loss_dice_3: 0.8001  loss_ce_4: 0.09985  loss_mask_4: 0.03586  loss_dice_4: 1.055  loss_ce_5: 0.09641  loss_mask_5: 0.03388  loss_dice_5: 0.8389  loss_ce_6: 0.08917  loss_mask_6: 0.03063  loss_dice_6: 0.7454  loss_ce_7: 0.0911  loss_mask_7: 0.03289  loss_dice_7: 0.6748  loss_ce_8: 0.1032  loss_mask_8: 0.03179  loss_dice_8: 0.6775    time: 0.8477  last_time: 0.8013  data_time: 0.1304  last_data_time: 0.1304   lr: 2.6578e-05  max_mem: 12314M
[03/18 01:59:58 d2.utils.events]:  eta: 1:10:55  iter: 4819  total_loss: 12.47  loss_ce: 0.13  loss_mask: 0.05899  loss_dice: 0.9832  loss_ce_0: 0.3379  loss_mask_0: 0.08607  loss_dice_0: 1.257  loss_ce_1: 0.08502  loss_mask_1: 0.05393  loss_dice_1: 1.068  loss_ce_2: 0.09922  loss_mask_2: 0.06947  loss_dice_2: 0.9907  loss_ce_3: 0.1122  loss_mask_3: 0.06534  loss_dice_3: 1.011  loss_ce_4: 0.0834  loss_mask_4: 0.07875  loss_dice_4: 1.052  loss_ce_5: 0.09624  loss_mask_5: 0.07428  loss_dice_5: 1.056  loss_ce_6: 0.1653  loss_mask_6: 0.0763  loss_dice_6: 1.069  loss_ce_7: 0.1515  loss_mask_7: 0.06587  loss_dice_7: 0.8881  loss_ce_8: 0.1555  loss_mask_8: 0.05933  loss_dice_8: 0.9869    time: 0.8477  last_time: 0.8031  data_time: 0.1214  last_data_time: 0.1214   lr: 2.6421e-05  max_mem: 12314M
[03/18 02:00:16 d2.utils.events]:  eta: 1:10:39  iter: 4839  total_loss: 11.14  loss_ce: 0.0779  loss_mask: 0.08213  loss_dice: 0.9419  loss_ce_0: 0.2235  loss_mask_0: 0.1024  loss_dice_0: 1.047  loss_ce_1: 0.07188  loss_mask_1: 0.07542  loss_dice_1: 0.8986  loss_ce_2: 0.06153  loss_mask_2: 0.09672  loss_dice_2: 0.9948  loss_ce_3: 0.07666  loss_mask_3: 0.07825  loss_dice_3: 0.9916  loss_ce_4: 0.08514  loss_mask_4: 0.08305  loss_dice_4: 0.9658  loss_ce_5: 0.08098  loss_mask_5: 0.07184  loss_dice_5: 0.874  loss_ce_6: 0.07406  loss_mask_6: 0.07458  loss_dice_6: 0.8665  loss_ce_7: 0.07107  loss_mask_7: 0.08202  loss_dice_7: 0.985  loss_ce_8: 0.07155  loss_mask_8: 0.07251  loss_dice_8: 0.8612    time: 0.8478  last_time: 0.8972  data_time: 0.2288  last_data_time: 0.2288   lr: 2.6264e-05  max_mem: 12314M
[03/18 02:00:33 d2.utils.events]:  eta: 1:10:20  iter: 4859  total_loss: 14.37  loss_ce: 0.1815  loss_mask: 0.09433  loss_dice: 1.152  loss_ce_0: 0.3869  loss_mask_0: 0.08677  loss_dice_0: 1.16  loss_ce_1: 0.2195  loss_mask_1: 0.1044  loss_dice_1: 1.296  loss_ce_2: 0.2067  loss_mask_2: 0.08948  loss_dice_2: 1.023  loss_ce_3: 0.2376  loss_mask_3: 0.09356  loss_dice_3: 1.36  loss_ce_4: 0.1968  loss_mask_4: 0.0827  loss_dice_4: 1.027  loss_ce_5: 0.1794  loss_mask_5: 0.08403  loss_dice_5: 1.06  loss_ce_6: 0.1845  loss_mask_6: 0.08194  loss_dice_6: 0.9755  loss_ce_7: 0.2097  loss_mask_7: 0.08229  loss_dice_7: 1.129  loss_ce_8: 0.1956  loss_mask_8: 0.07854  loss_dice_8: 1.108    time: 0.8478  last_time: 0.8784  data_time: 0.2202  last_data_time: 0.2202   lr: 2.6107e-05  max_mem: 12314M
[03/18 02:00:50 d2.utils.events]:  eta: 1:10:05  iter: 4879  total_loss: 11.63  loss_ce: 0.0974  loss_mask: 0.1248  loss_dice: 0.9078  loss_ce_0: 0.2029  loss_mask_0: 0.1488  loss_dice_0: 1.029  loss_ce_1: 0.05461  loss_mask_1: 0.1394  loss_dice_1: 1.1  loss_ce_2: 0.105  loss_mask_2: 0.1117  loss_dice_2: 0.8708  loss_ce_3: 0.08462  loss_mask_3: 0.1044  loss_dice_3: 0.864  loss_ce_4: 0.08756  loss_mask_4: 0.1323  loss_dice_4: 1.004  loss_ce_5: 0.08542  loss_mask_5: 0.1189  loss_dice_5: 0.9235  loss_ce_6: 0.06599  loss_mask_6: 0.1073  loss_dice_6: 0.9195  loss_ce_7: 0.06549  loss_mask_7: 0.11  loss_dice_7: 0.924  loss_ce_8: 0.06921  loss_mask_8: 0.1132  loss_dice_8: 0.9555    time: 0.8478  last_time: 0.8915  data_time: 0.2159  last_data_time: 0.2159   lr: 2.595e-05  max_mem: 12314M
[03/18 02:01:07 d2.utils.events]:  eta: 1:09:48  iter: 4899  total_loss: 11.19  loss_ce: 0.03636  loss_mask: 0.05721  loss_dice: 0.9443  loss_ce_0: 0.2218  loss_mask_0: 0.06793  loss_dice_0: 1.165  loss_ce_1: 0.09193  loss_mask_1: 0.07681  loss_dice_1: 1.023  loss_ce_2: 0.04646  loss_mask_2: 0.05587  loss_dice_2: 0.8577  loss_ce_3: 0.0979  loss_mask_3: 0.05906  loss_dice_3: 1.233  loss_ce_4: 0.04148  loss_mask_4: 0.05867  loss_dice_4: 0.9648  loss_ce_5: 0.04853  loss_mask_5: 0.0556  loss_dice_5: 0.8826  loss_ce_6: 0.03769  loss_mask_6: 0.05078  loss_dice_6: 0.893  loss_ce_7: 0.03734  loss_mask_7: 0.05846  loss_dice_7: 0.9562  loss_ce_8: 0.03703  loss_mask_8: 0.05646  loss_dice_8: 0.9775    time: 0.8478  last_time: 0.9292  data_time: 0.2363  last_data_time: 0.2363   lr: 2.5793e-05  max_mem: 12314M
[03/18 02:01:24 d2.utils.events]:  eta: 1:09:32  iter: 4919  total_loss: 8.774  loss_ce: 0.0316  loss_mask: 0.04299  loss_dice: 0.671  loss_ce_0: 0.3158  loss_mask_0: 0.0886  loss_dice_0: 0.9155  loss_ce_1: 0.05292  loss_mask_1: 0.0423  loss_dice_1: 0.7075  loss_ce_2: 0.04118  loss_mask_2: 0.05348  loss_dice_2: 0.8077  loss_ce_3: 0.03971  loss_mask_3: 0.05042  loss_dice_3: 0.707  loss_ce_4: 0.0446  loss_mask_4: 0.05161  loss_dice_4: 0.8434  loss_ce_5: 0.03243  loss_mask_5: 0.06085  loss_dice_5: 0.7235  loss_ce_6: 0.03115  loss_mask_6: 0.04748  loss_dice_6: 0.6199  loss_ce_7: 0.03003  loss_mask_7: 0.04993  loss_dice_7: 0.6866  loss_ce_8: 0.03414  loss_mask_8: 0.05488  loss_dice_8: 0.8958    time: 0.8477  last_time: 0.8356  data_time: 0.1655  last_data_time: 0.1655   lr: 2.5636e-05  max_mem: 12314M
[03/18 02:01:41 d2.utils.events]:  eta: 1:09:16  iter: 4939  total_loss: 15.28  loss_ce: 0.03486  loss_mask: 0.05457  loss_dice: 1.428  loss_ce_0: 0.3132  loss_mask_0: 0.05283  loss_dice_0: 1.577  loss_ce_1: 0.2328  loss_mask_1: 0.06324  loss_dice_1: 1.426  loss_ce_2: 0.1335  loss_mask_2: 0.05062  loss_dice_2: 1.469  loss_ce_3: 0.03415  loss_mask_3: 0.04139  loss_dice_3: 1.166  loss_ce_4: 0.04726  loss_mask_4: 0.05174  loss_dice_4: 1.582  loss_ce_5: 0.03296  loss_mask_5: 0.04799  loss_dice_5: 1.242  loss_ce_6: 0.05373  loss_mask_6: 0.04442  loss_dice_6: 1.186  loss_ce_7: 0.0373  loss_mask_7: 0.05318  loss_dice_7: 1.344  loss_ce_8: 0.03464  loss_mask_8: 0.0454  loss_dice_8: 1.396    time: 0.8477  last_time: 0.8360  data_time: 0.1709  last_data_time: 0.1709   lr: 2.5479e-05  max_mem: 12314M
[03/18 02:01:58 d2.utils.events]:  eta: 1:09:00  iter: 4959  total_loss: 20.59  loss_ce: 0.04389  loss_mask: 0.08173  loss_dice: 1.823  loss_ce_0: 0.4514  loss_mask_0: 0.1097  loss_dice_0: 1.967  loss_ce_1: 0.07332  loss_mask_1: 0.108  loss_dice_1: 1.992  loss_ce_2: 0.07009  loss_mask_2: 0.08658  loss_dice_2: 1.91  loss_ce_3: 0.05333  loss_mask_3: 0.09377  loss_dice_3: 1.838  loss_ce_4: 0.04404  loss_mask_4: 0.09189  loss_dice_4: 1.877  loss_ce_5: 0.05359  loss_mask_5: 0.08246  loss_dice_5: 1.737  loss_ce_6: 0.03895  loss_mask_6: 0.09358  loss_dice_6: 1.88  loss_ce_7: 0.04063  loss_mask_7: 0.07859  loss_dice_7: 1.874  loss_ce_8: 0.04283  loss_mask_8: 0.08304  loss_dice_8: 1.872    time: 0.8475  last_time: 0.7560  data_time: 0.0786  last_data_time: 0.0786   lr: 2.5322e-05  max_mem: 12314M
[03/18 02:02:15 d2.utils.events]:  eta: 1:08:44  iter: 4979  total_loss: 6.769  loss_ce: 0.02329  loss_mask: 0.02706  loss_dice: 0.5976  loss_ce_0: 0.1178  loss_mask_0: 0.03572  loss_dice_0: 0.66  loss_ce_1: 0.0223  loss_mask_1: 0.03933  loss_dice_1: 0.6367  loss_ce_2: 0.02244  loss_mask_2: 0.03325  loss_dice_2: 0.605  loss_ce_3: 0.01942  loss_mask_3: 0.03467  loss_dice_3: 0.5835  loss_ce_4: 0.01983  loss_mask_4: 0.02993  loss_dice_4: 0.7225  loss_ce_5: 0.02157  loss_mask_5: 0.03125  loss_dice_5: 0.6823  loss_ce_6: 0.02218  loss_mask_6: 0.03007  loss_dice_6: 0.5216  loss_ce_7: 0.02321  loss_mask_7: 0.02849  loss_dice_7: 0.5872  loss_ce_8: 0.02457  loss_mask_8: 0.0294  loss_dice_8: 0.5363    time: 0.8475  last_time: 1.2014  data_time: 0.4797  last_data_time: 0.4797   lr: 2.5165e-05  max_mem: 12314M
[03/18 02:02:32 fvcore.common.checkpoint]: Saving checkpoint to /mnt/data/mis2025/group_6/Parameter/trained_para/graphene_mid_finetune_v2/model_0004999.pth
[03/18 02:02:32 d2.utils.events]:  eta: 1:08:29  iter: 4999  total_loss: 10.67  loss_ce: 0.05458  loss_mask: 0.03502  loss_dice: 0.8623  loss_ce_0: 0.5166  loss_mask_0: 0.0425  loss_dice_0: 1.186  loss_ce_1: 0.1303  loss_mask_1: 0.05704  loss_dice_1: 0.9928  loss_ce_2: 0.147  loss_mask_2: 0.03431  loss_dice_2: 0.8367  loss_ce_3: 0.1012  loss_mask_3: 0.03398  loss_dice_3: 0.7855  loss_ce_4: 0.06241  loss_mask_4: 0.03642  loss_dice_4: 0.86  loss_ce_5: 0.06057  loss_mask_5: 0.03194  loss_dice_5: 0.8116  loss_ce_6: 0.06544  loss_mask_6: 0.03696  loss_dice_6: 0.9017  loss_ce_7: 0.05815  loss_mask_7: 0.03449  loss_dice_7: 0.9053  loss_ce_8: 0.05612  loss_mask_8: 0.03432  loss_dice_8: 0.9007    time: 0.8475  last_time: 0.9079  data_time: 0.2333  last_data_time: 0.2333   lr: 2.5008e-05  max_mem: 12314M
[03/18 02:02:50 d2.utils.events]:  eta: 1:08:14  iter: 5019  total_loss: 7.192  loss_ce: 0.01244  loss_mask: 0.0433  loss_dice: 0.4924  loss_ce_0: 0.139  loss_mask_0: 0.06235  loss_dice_0: 0.6275  loss_ce_1: 0.01942  loss_mask_1: 0.04132  loss_dice_1: 0.6932  loss_ce_2: 0.01289  loss_mask_2: 0.05112  loss_dice_2: 0.7363  loss_ce_3: 0.01135  loss_mask_3: 0.04383  loss_dice_3: 0.5365  loss_ce_4: 0.01208  loss_mask_4: 0.04888  loss_dice_4: 0.7927  loss_ce_5: 0.01205  loss_mask_5: 0.05073  loss_dice_5: 0.7437  loss_ce_6: 0.01252  loss_mask_6: 0.05611  loss_dice_6: 0.6049  loss_ce_7: 0.01249  loss_mask_7: 0.03922  loss_dice_7: 0.4701  loss_ce_8: 0.01224  loss_mask_8: 0.0491  loss_dice_8: 0.7527    time: 0.8476  last_time: 0.7827  data_time: 0.1238  last_data_time: 0.1238   lr: 2.4851e-05  max_mem: 12314M
[03/18 02:03:07 d2.utils.events]:  eta: 1:07:58  iter: 5039  total_loss: 12.07  loss_ce: 0.1104  loss_mask: 0.04982  loss_dice: 0.9181  loss_ce_0: 0.2202  loss_mask_0: 0.05594  loss_dice_0: 1.007  loss_ce_1: 0.149  loss_mask_1: 0.05963  loss_dice_1: 1.078  loss_ce_2: 0.1757  loss_mask_2: 0.05812  loss_dice_2: 1.071  loss_ce_3: 0.09721  loss_mask_3: 0.05332  loss_dice_3: 1.029  loss_ce_4: 0.09401  loss_mask_4: 0.0459  loss_dice_4: 0.9947  loss_ce_5: 0.08524  loss_mask_5: 0.05017  loss_dice_5: 1.177  loss_ce_6: 0.09609  loss_mask_6: 0.05016  loss_dice_6: 0.9314  loss_ce_7: 0.1101  loss_mask_7: 0.05389  loss_dice_7: 1.164  loss_ce_8: 0.1145  loss_mask_8: 0.04924  loss_dice_8: 0.9171    time: 0.8476  last_time: 0.8505  data_time: 0.1657  last_data_time: 0.1657   lr: 2.4694e-05  max_mem: 12314M
[03/18 02:03:25 d2.utils.events]:  eta: 1:07:42  iter: 5059  total_loss: 9.885  loss_ce: 0.03765  loss_mask: 0.0626  loss_dice: 0.833  loss_ce_0: 0.2399  loss_mask_0: 0.08863  loss_dice_0: 1.072  loss_ce_1: 0.0778  loss_mask_1: 0.0723  loss_dice_1: 0.8511  loss_ce_2: 0.05722  loss_mask_2: 0.06262  loss_dice_2: 0.8188  loss_ce_3: 0.07433  loss_mask_3: 0.07194  loss_dice_3: 0.7933  loss_ce_4: 0.07108  loss_mask_4: 0.06411  loss_dice_4: 0.7942  loss_ce_5: 0.03375  loss_mask_5: 0.06723  loss_dice_5: 0.8628  loss_ce_6: 0.02806  loss_mask_6: 0.05774  loss_dice_6: 0.8105  loss_ce_7: 0.02718  loss_mask_7: 0.06254  loss_dice_7: 0.8158  loss_ce_8: 0.02807  loss_mask_8: 0.06254  loss_dice_8: 0.8869    time: 0.8477  last_time: 0.8532  data_time: 0.1802  last_data_time: 0.1802   lr: 2.4537e-05  max_mem: 12314M
[03/18 02:03:42 d2.utils.events]:  eta: 1:07:22  iter: 5079  total_loss: 13.24  loss_ce: 0.1832  loss_mask: 0.03416  loss_dice: 0.9436  loss_ce_0: 0.2863  loss_mask_0: 0.03966  loss_dice_0: 1.277  loss_ce_1: 0.1443  loss_mask_1: 0.04895  loss_dice_1: 1.262  loss_ce_2: 0.1992  loss_mask_2: 0.03438  loss_dice_2: 1.11  loss_ce_3: 0.1378  loss_mask_3: 0.03759  loss_dice_3: 1.174  loss_ce_4: 0.2046  loss_mask_4: 0.03936  loss_dice_4: 1.083  loss_ce_5: 0.1699  loss_mask_5: 0.03696  loss_dice_5: 0.9633  loss_ce_6: 0.1139  loss_mask_6: 0.05095  loss_dice_6: 1.302  loss_ce_7: 0.1546  loss_mask_7: 0.03742  loss_dice_7: 1.116  loss_ce_8: 0.1857  loss_mask_8: 0.03722  loss_dice_8: 0.8372    time: 0.8476  last_time: 0.7973  data_time: 0.1344  last_data_time: 0.1344   lr: 2.438e-05  max_mem: 12314M
[03/18 02:03:58 d2.utils.events]:  eta: 1:07:05  iter: 5099  total_loss: 17.51  loss_ce: 0.2403  loss_mask: 0.06563  loss_dice: 1.262  loss_ce_0: 0.3807  loss_mask_0: 0.08109  loss_dice_0: 1.538  loss_ce_1: 0.2863  loss_mask_1: 0.07032  loss_dice_1: 1.35  loss_ce_2: 0.2075  loss_mask_2: 0.08269  loss_dice_2: 1.479  loss_ce_3: 0.1842  loss_mask_3: 0.09174  loss_dice_3: 1.471  loss_ce_4: 0.2113  loss_mask_4: 0.09211  loss_dice_4: 1.579  loss_ce_5: 0.199  loss_mask_5: 0.08688  loss_dice_5: 1.485  loss_ce_6: 0.2285  loss_mask_6: 0.08435  loss_dice_6: 1.458  loss_ce_7: 0.2121  loss_mask_7: 0.08287  loss_dice_7: 1.471  loss_ce_8: 0.2385  loss_mask_8: 0.06689  loss_dice_8: 1.224    time: 0.8475  last_time: 0.8991  data_time: 0.2236  last_data_time: 0.2236   lr: 2.4223e-05  max_mem: 12314M
[03/18 02:04:16 d2.utils.events]:  eta: 1:06:49  iter: 5119  total_loss: 6.476  loss_ce: 0.04999  loss_mask: 0.03849  loss_dice: 0.4964  loss_ce_0: 0.2611  loss_mask_0: 0.0612  loss_dice_0: 0.5914  loss_ce_1: 0.06838  loss_mask_1: 0.0414  loss_dice_1: 0.5141  loss_ce_2: 0.06257  loss_mask_2: 0.04288  loss_dice_2: 0.5629  loss_ce_3: 0.06054  loss_mask_3: 0.04056  loss_dice_3: 0.4881  loss_ce_4: 0.04619  loss_mask_4: 0.03978  loss_dice_4: 0.4975  loss_ce_5: 0.0518  loss_mask_5: 0.03561  loss_dice_5: 0.4959  loss_ce_6: 0.05654  loss_mask_6: 0.04072  loss_dice_6: 0.5522  loss_ce_7: 0.05675  loss_mask_7: 0.03912  loss_dice_7: 0.5013  loss_ce_8: 0.0503  loss_mask_8: 0.04456  loss_dice_8: 0.5879    time: 0.8476  last_time: 0.8916  data_time: 0.2164  last_data_time: 0.2164   lr: 2.4066e-05  max_mem: 12314M
[03/18 02:04:33 d2.utils.events]:  eta: 1:06:32  iter: 5139  total_loss: 13.22  loss_ce: 0.1661  loss_mask: 0.07594  loss_dice: 1.052  loss_ce_0: 0.2794  loss_mask_0: 0.09763  loss_dice_0: 1.27  loss_ce_1: 0.1456  loss_mask_1: 0.081  loss_dice_1: 1.078  loss_ce_2: 0.1821  loss_mask_2: 0.07168  loss_dice_2: 1.059  loss_ce_3: 0.1105  loss_mask_3: 0.08594  loss_dice_3: 1.05  loss_ce_4: 0.09402  loss_mask_4: 0.09127  loss_dice_4: 1.048  loss_ce_5: 0.1088  loss_mask_5: 0.07953  loss_dice_5: 1.156  loss_ce_6: 0.1036  loss_mask_6: 0.09579  loss_dice_6: 1.152  loss_ce_7: 0.1108  loss_mask_7: 0.06983  loss_dice_7: 1.04  loss_ce_8: 0.09633  loss_mask_8: 0.06743  loss_dice_8: 1.099    time: 0.8476  last_time: 0.8475  data_time: 0.1867  last_data_time: 0.1867   lr: 2.3909e-05  max_mem: 12314M
[03/18 02:04:51 d2.utils.events]:  eta: 1:06:16  iter: 5159  total_loss: 11.34  loss_ce: 0.03184  loss_mask: 0.04456  loss_dice: 1.135  loss_ce_0: 0.211  loss_mask_0: 0.04298  loss_dice_0: 1.294  loss_ce_1: 0.08326  loss_mask_1: 0.06604  loss_dice_1: 1.178  loss_ce_2: 0.04567  loss_mask_2: 0.05987  loss_dice_2: 1.065  loss_ce_3: 0.03775  loss_mask_3: 0.04026  loss_dice_3: 1.027  loss_ce_4: 0.02715  loss_mask_4: 0.03417  loss_dice_4: 0.7602  loss_ce_5: 0.02977  loss_mask_5: 0.04495  loss_dice_5: 1.08  loss_ce_6: 0.02792  loss_mask_6: 0.04008  loss_dice_6: 0.9494  loss_ce_7: 0.02874  loss_mask_7: 0.04175  loss_dice_7: 0.9832  loss_ce_8: 0.0299  loss_mask_8: 0.03268  loss_dice_8: 0.8677    time: 0.8477  last_time: 1.2261  data_time: 0.5622  last_data_time: 0.5622   lr: 2.3752e-05  max_mem: 12314M
[03/18 02:05:08 d2.utils.events]:  eta: 1:06:03  iter: 5179  total_loss: 13.95  loss_ce: 0.09807  loss_mask: 0.09354  loss_dice: 1.178  loss_ce_0: 0.3221  loss_mask_0: 0.1056  loss_dice_0: 1.284  loss_ce_1: 0.1942  loss_mask_1: 0.1001  loss_dice_1: 1.205  loss_ce_2: 0.1559  loss_mask_2: 0.1024  loss_dice_2: 1.179  loss_ce_3: 0.1063  loss_mask_3: 0.1017  loss_dice_3: 1.228  loss_ce_4: 0.09573  loss_mask_4: 0.105  loss_dice_4: 1.227  loss_ce_5: 0.07383  loss_mask_5: 0.08167  loss_dice_5: 1.023  loss_ce_6: 0.1112  loss_mask_6: 0.08668  loss_dice_6: 1.164  loss_ce_7: 0.06878  loss_mask_7: 0.09166  loss_dice_7: 1.079  loss_ce_8: 0.06889  loss_mask_8: 0.09428  loss_dice_8: 1.125    time: 0.8476  last_time: 0.8866  data_time: 0.2178  last_data_time: 0.2178   lr: 2.3595e-05  max_mem: 12314M
[03/18 02:05:24 d2.utils.events]:  eta: 1:05:43  iter: 5199  total_loss: 14.17  loss_ce: 0.1029  loss_mask: 0.08468  loss_dice: 1.152  loss_ce_0: 0.2205  loss_mask_0: 0.11  loss_dice_0: 1.161  loss_ce_1: 0.1045  loss_mask_1: 0.08232  loss_dice_1: 1.17  loss_ce_2: 0.1153  loss_mask_2: 0.07619  loss_dice_2: 1.3  loss_ce_3: 0.08603  loss_mask_3: 0.1108  loss_dice_3: 1.232  loss_ce_4: 0.08549  loss_mask_4: 0.108  loss_dice_4: 1.284  loss_ce_5: 0.08657  loss_mask_5: 0.09997  loss_dice_5: 1.223  loss_ce_6: 0.112  loss_mask_6: 0.08575  loss_dice_6: 1.235  loss_ce_7: 0.08775  loss_mask_7: 0.09266  loss_dice_7: 1.085  loss_ce_8: 0.1085  loss_mask_8: 0.09119  loss_dice_8: 1.28    time: 0.8475  last_time: 0.7175  data_time: 0.0602  last_data_time: 0.0602   lr: 2.3438e-05  max_mem: 12314M
[03/18 02:05:41 d2.utils.events]:  eta: 1:05:28  iter: 5219  total_loss: 18.56  loss_ce: 0.144  loss_mask: 0.09075  loss_dice: 1.596  loss_ce_0: 0.2368  loss_mask_0: 0.09386  loss_dice_0: 1.966  loss_ce_1: 0.1599  loss_mask_1: 0.07876  loss_dice_1: 1.513  loss_ce_2: 0.1735  loss_mask_2: 0.066  loss_dice_2: 1.679  loss_ce_3: 0.1883  loss_mask_3: 0.07821  loss_dice_3: 1.584  loss_ce_4: 0.1657  loss_mask_4: 0.07333  loss_dice_4: 1.343  loss_ce_5: 0.1683  loss_mask_5: 0.08485  loss_dice_5: 1.518  loss_ce_6: 0.2144  loss_mask_6: 0.09974  loss_dice_6: 1.678  loss_ce_7: 0.121  loss_mask_7: 0.0903  loss_dice_7: 1.541  loss_ce_8: 0.09536  loss_mask_8: 0.08914  loss_dice_8: 1.634    time: 0.8475  last_time: 0.8393  data_time: 0.1771  last_data_time: 0.1771   lr: 2.3281e-05  max_mem: 12314M
[03/18 02:05:58 d2.utils.events]:  eta: 1:05:10  iter: 5239  total_loss: 7.944  loss_ce: 0.0241  loss_mask: 0.03632  loss_dice: 0.6167  loss_ce_0: 0.2067  loss_mask_0: 0.06821  loss_dice_0: 0.995  loss_ce_1: 0.08779  loss_mask_1: 0.03531  loss_dice_1: 0.6067  loss_ce_2: 0.03569  loss_mask_2: 0.0413  loss_dice_2: 0.652  loss_ce_3: 0.09339  loss_mask_3: 0.04001  loss_dice_3: 0.7034  loss_ce_4: 0.02507  loss_mask_4: 0.03267  loss_dice_4: 0.7257  loss_ce_5: 0.02638  loss_mask_5: 0.03615  loss_dice_5: 0.7633  loss_ce_6: 0.02751  loss_mask_6: 0.0325  loss_dice_6: 0.5571  loss_ce_7: 0.02855  loss_mask_7: 0.0392  loss_dice_7: 0.6379  loss_ce_8: 0.02406  loss_mask_8: 0.03661  loss_dice_8: 0.7086    time: 0.8474  last_time: 0.7932  data_time: 0.1284  last_data_time: 0.1284   lr: 2.3125e-05  max_mem: 12314M
[03/18 02:06:15 d2.utils.events]:  eta: 1:04:54  iter: 5259  total_loss: 10.74  loss_ce: 0.05245  loss_mask: 0.05052  loss_dice: 1.104  loss_ce_0: 0.2937  loss_mask_0: 0.05732  loss_dice_0: 1.001  loss_ce_1: 0.1057  loss_mask_1: 0.04632  loss_dice_1: 0.7687  loss_ce_2: 0.0776  loss_mask_2: 0.04806  loss_dice_2: 0.8931  loss_ce_3: 0.05604  loss_mask_3: 0.04888  loss_dice_3: 0.9463  loss_ce_4: 0.05246  loss_mask_4: 0.04735  loss_dice_4: 0.9259  loss_ce_5: 0.05171  loss_mask_5: 0.04465  loss_dice_5: 0.7425  loss_ce_6: 0.05156  loss_mask_6: 0.04825  loss_dice_6: 0.9562  loss_ce_7: 0.05149  loss_mask_7: 0.04754  loss_dice_7: 0.9732  loss_ce_8: 0.05443  loss_mask_8: 0.05455  loss_dice_8: 1.092    time: 0.8475  last_time: 1.1005  data_time: 0.4102  last_data_time: 0.4102   lr: 2.2968e-05  max_mem: 12314M
[03/18 02:06:31 d2.utils.events]:  eta: 1:04:30  iter: 5279  total_loss: 8.288  loss_ce: 0.03064  loss_mask: 0.04069  loss_dice: 0.6749  loss_ce_0: 0.3471  loss_mask_0: 0.08995  loss_dice_0: 1.168  loss_ce_1: 0.1205  loss_mask_1: 0.04356  loss_dice_1: 0.6707  loss_ce_2: 0.04555  loss_mask_2: 0.03763  loss_dice_2: 0.6994  loss_ce_3: 0.05148  loss_mask_3: 0.03979  loss_dice_3: 0.6293  loss_ce_4: 0.0374  loss_mask_4: 0.04499  loss_dice_4: 0.6728  loss_ce_5: 0.029  loss_mask_5: 0.04334  loss_dice_5: 0.6743  loss_ce_6: 0.0298  loss_mask_6: 0.04205  loss_dice_6: 0.627  loss_ce_7: 0.02869  loss_mask_7: 0.04255  loss_dice_7: 0.6156  loss_ce_8: 0.03013  loss_mask_8: 0.04134  loss_dice_8: 0.6396    time: 0.8473  last_time: 0.8172  data_time: 0.1563  last_data_time: 0.1563   lr: 2.2812e-05  max_mem: 12314M
[03/18 02:06:48 d2.utils.events]:  eta: 1:04:11  iter: 5299  total_loss: 15.78  loss_ce: 0.02466  loss_mask: 0.07624  loss_dice: 1.33  loss_ce_0: 0.1684  loss_mask_0: 0.1468  loss_dice_0: 1.418  loss_ce_1: 0.03127  loss_mask_1: 0.1037  loss_dice_1: 1.625  loss_ce_2: 0.02843  loss_mask_2: 0.09079  loss_dice_2: 1.365  loss_ce_3: 0.02893  loss_mask_3: 0.09585  loss_dice_3: 1.585  loss_ce_4: 0.02613  loss_mask_4: 0.0752  loss_dice_4: 1.405  loss_ce_5: 0.02204  loss_mask_5: 0.08104  loss_dice_5: 1.429  loss_ce_6: 0.02213  loss_mask_6: 0.07775  loss_dice_6: 1.323  loss_ce_7: 0.02238  loss_mask_7: 0.09562  loss_dice_7: 1.498  loss_ce_8: 0.02284  loss_mask_8: 0.07404  loss_dice_8: 1.489    time: 0.8472  last_time: 0.7850  data_time: 0.1376  last_data_time: 0.1376   lr: 2.2655e-05  max_mem: 12314M
[03/18 02:07:06 d2.utils.events]:  eta: 1:03:53  iter: 5319  total_loss: 11.01  loss_ce: 0.2012  loss_mask: 0.06926  loss_dice: 0.738  loss_ce_0: 0.4149  loss_mask_0: 0.1018  loss_dice_0: 0.8605  loss_ce_1: 0.2585  loss_mask_1: 0.1047  loss_dice_1: 0.789  loss_ce_2: 0.125  loss_mask_2: 0.09445  loss_dice_2: 0.8125  loss_ce_3: 0.1627  loss_mask_3: 0.1103  loss_dice_3: 0.8426  loss_ce_4: 0.1784  loss_mask_4: 0.1032  loss_dice_4: 0.8368  loss_ce_5: 0.142  loss_mask_5: 0.1009  loss_dice_5: 0.9039  loss_ce_6: 0.125  loss_mask_6: 0.07653  loss_dice_6: 0.7606  loss_ce_7: 0.1806  loss_mask_7: 0.07992  loss_dice_7: 0.8354  loss_ce_8: 0.2005  loss_mask_8: 0.07286  loss_dice_8: 0.7314    time: 0.8474  last_time: 0.8696  data_time: 0.1943  last_data_time: 0.1943   lr: 2.2499e-05  max_mem: 12314M
[03/18 02:07:23 d2.utils.events]:  eta: 1:03:35  iter: 5339  total_loss: 10.24  loss_ce: 0.105  loss_mask: 0.05621  loss_dice: 0.8901  loss_ce_0: 0.3937  loss_mask_0: 0.0587  loss_dice_0: 1.001  loss_ce_1: 0.1142  loss_mask_1: 0.04648  loss_dice_1: 0.6934  loss_ce_2: 0.09942  loss_mask_2: 0.04828  loss_dice_2: 0.7917  loss_ce_3: 0.1065  loss_mask_3: 0.05254  loss_dice_3: 0.8652  loss_ce_4: 0.09839  loss_mask_4: 0.04918  loss_dice_4: 0.8026  loss_ce_5: 0.1017  loss_mask_5: 0.04778  loss_dice_5: 0.7385  loss_ce_6: 0.1612  loss_mask_6: 0.05369  loss_dice_6: 0.896  loss_ce_7: 0.1161  loss_mask_7: 0.04946  loss_dice_7: 0.8104  loss_ce_8: 0.1043  loss_mask_8: 0.04709  loss_dice_8: 0.8402    time: 0.8474  last_time: 0.8929  data_time: 0.2117  last_data_time: 0.2117   lr: 2.2343e-05  max_mem: 12314M
[03/18 02:07:41 d2.utils.events]:  eta: 1:03:21  iter: 5359  total_loss: 9.526  loss_ce: 0.08419  loss_mask: 0.03103  loss_dice: 0.7557  loss_ce_0: 0.4058  loss_mask_0: 0.03862  loss_dice_0: 1.12  loss_ce_1: 0.07663  loss_mask_1: 0.03286  loss_dice_1: 0.7391  loss_ce_2: 0.04518  loss_mask_2: 0.03142  loss_dice_2: 0.8058  loss_ce_3: 0.08031  loss_mask_3: 0.03208  loss_dice_3: 0.7841  loss_ce_4: 0.03485  loss_mask_4: 0.03356  loss_dice_4: 0.7423  loss_ce_5: 0.04054  loss_mask_5: 0.02907  loss_dice_5: 0.7587  loss_ce_6: 0.07899  loss_mask_6: 0.02992  loss_dice_6: 0.7924  loss_ce_7: 0.1484  loss_mask_7: 0.03244  loss_dice_7: 0.7586  loss_ce_8: 0.04159  loss_mask_8: 0.03565  loss_dice_8: 0.9062    time: 0.8475  last_time: 0.8610  data_time: 0.1820  last_data_time: 0.1820   lr: 2.2186e-05  max_mem: 12314M
[03/18 02:07:58 d2.utils.events]:  eta: 1:03:03  iter: 5379  total_loss: 10.31  loss_ce: 0.04502  loss_mask: 0.04232  loss_dice: 0.6734  loss_ce_0: 0.2776  loss_mask_0: 0.05484  loss_dice_0: 1.162  loss_ce_1: 0.06502  loss_mask_1: 0.04648  loss_dice_1: 0.8421  loss_ce_2: 0.09507  loss_mask_2: 0.05289  loss_dice_2: 0.9537  loss_ce_3: 0.05226  loss_mask_3: 0.046  loss_dice_3: 0.901  loss_ce_4: 0.04778  loss_mask_4: 0.05371  loss_dice_4: 0.9822  loss_ce_5: 0.04175  loss_mask_5: 0.04465  loss_dice_5: 0.9903  loss_ce_6: 0.05126  loss_mask_6: 0.0399  loss_dice_6: 0.8206  loss_ce_7: 0.04662  loss_mask_7: 0.04857  loss_dice_7: 0.8863  loss_ce_8: 0.044  loss_mask_8: 0.04797  loss_dice_8: 0.8505    time: 0.8474  last_time: 0.8696  data_time: 0.2014  last_data_time: 0.2014   lr: 2.203e-05  max_mem: 12314M
[03/18 02:08:15 d2.utils.events]:  eta: 1:02:56  iter: 5399  total_loss: 12.59  loss_ce: 0.06057  loss_mask: 0.03675  loss_dice: 1.082  loss_ce_0: 0.2664  loss_mask_0: 0.03502  loss_dice_0: 1.434  loss_ce_1: 0.09153  loss_mask_1: 0.02828  loss_dice_1: 0.978  loss_ce_2: 0.1251  loss_mask_2: 0.04029  loss_dice_2: 1.068  loss_ce_3: 0.1407  loss_mask_3: 0.04509  loss_dice_3: 1.043  loss_ce_4: 0.1385  loss_mask_4: 0.03996  loss_dice_4: 1.071  loss_ce_5: 0.0676  loss_mask_5: 0.03795  loss_dice_5: 1.205  loss_ce_6: 0.07564  loss_mask_6: 0.04724  loss_dice_6: 1.058  loss_ce_7: 0.0393  loss_mask_7: 0.0379  loss_dice_7: 1.094  loss_ce_8: 0.03885  loss_mask_8: 0.03639  loss_dice_8: 1.13    time: 0.8475  last_time: 0.9692  data_time: 0.2904  last_data_time: 0.2904   lr: 2.1874e-05  max_mem: 12314M
[03/18 02:08:33 d2.utils.events]:  eta: 1:02:40  iter: 5419  total_loss: 13.2  loss_ce: 0.1857  loss_mask: 0.02369  loss_dice: 0.6542  loss_ce_0: 0.2263  loss_mask_0: 0.0218  loss_dice_0: 1.88  loss_ce_1: 0.1185  loss_mask_1: 0.02574  loss_dice_1: 1.148  loss_ce_2: 0.1388  loss_mask_2: 0.02083  loss_dice_2: 1.237  loss_ce_3: 0.06819  loss_mask_3: 0.02243  loss_dice_3: 1.115  loss_ce_4: 0.09623  loss_mask_4: 0.02171  loss_dice_4: 0.956  loss_ce_5: 0.07838  loss_mask_5: 0.02273  loss_dice_5: 1.446  loss_ce_6: 0.1439  loss_mask_6: 0.02202  loss_dice_6: 1.313  loss_ce_7: 0.1041  loss_mask_7: 0.02368  loss_dice_7: 0.8661  loss_ce_8: 0.1614  loss_mask_8: 0.02309  loss_dice_8: 1.037    time: 0.8477  last_time: 0.8264  data_time: 0.1606  last_data_time: 0.1606   lr: 2.1719e-05  max_mem: 12314M
[03/18 02:08:50 d2.utils.events]:  eta: 1:02:24  iter: 5439  total_loss: 7.514  loss_ce: 0.04424  loss_mask: 0.05369  loss_dice: 0.6365  loss_ce_0: 0.2877  loss_mask_0: 0.08666  loss_dice_0: 0.7679  loss_ce_1: 0.05234  loss_mask_1: 0.05167  loss_dice_1: 0.6524  loss_ce_2: 0.04223  loss_mask_2: 0.05367  loss_dice_2: 0.5607  loss_ce_3: 0.03935  loss_mask_3: 0.05738  loss_dice_3: 0.6187  loss_ce_4: 0.03438  loss_mask_4: 0.05466  loss_dice_4: 0.7118  loss_ce_5: 0.0385  loss_mask_5: 0.04901  loss_dice_5: 0.6152  loss_ce_6: 0.04524  loss_mask_6: 0.05105  loss_dice_6: 0.5841  loss_ce_7: 0.04454  loss_mask_7: 0.05521  loss_dice_7: 0.573  loss_ce_8: 0.0423  loss_mask_8: 0.0519  loss_dice_8: 0.5575    time: 0.8477  last_time: 0.8312  data_time: 0.1578  last_data_time: 0.1578   lr: 2.1563e-05  max_mem: 12314M
[03/18 02:09:08 d2.utils.events]:  eta: 1:02:07  iter: 5459  total_loss: 13.33  loss_ce: 0.1704  loss_mask: 0.05482  loss_dice: 1.182  loss_ce_0: 0.3874  loss_mask_0: 0.07807  loss_dice_0: 1.083  loss_ce_1: 0.1658  loss_mask_1: 0.04657  loss_dice_1: 0.8669  loss_ce_2: 0.1938  loss_mask_2: 0.04174  loss_dice_2: 1.054  loss_ce_3: 0.2265  loss_mask_3: 0.05068  loss_dice_3: 0.9676  loss_ce_4: 0.1701  loss_mask_4: 0.05148  loss_dice_4: 0.9309  loss_ce_5: 0.1466  loss_mask_5: 0.05427  loss_dice_5: 1.307  loss_ce_6: 0.1915  loss_mask_6: 0.05517  loss_dice_6: 1.112  loss_ce_7: 0.2854  loss_mask_7: 0.05478  loss_dice_7: 1.099  loss_ce_8: 0.1985  loss_mask_8: 0.05117  loss_dice_8: 1.055    time: 0.8477  last_time: 0.7735  data_time: 0.0908  last_data_time: 0.0908   lr: 2.1408e-05  max_mem: 12314M
[03/18 02:09:25 d2.utils.events]:  eta: 1:01:50  iter: 5479  total_loss: 9.962  loss_ce: 0.06377  loss_mask: 0.04687  loss_dice: 0.8301  loss_ce_0: 0.1717  loss_mask_0: 0.06112  loss_dice_0: 0.8949  loss_ce_1: 0.07786  loss_mask_1: 0.04225  loss_dice_1: 0.8068  loss_ce_2: 0.07733  loss_mask_2: 0.05317  loss_dice_2: 0.8572  loss_ce_3: 0.06144  loss_mask_3: 0.05068  loss_dice_3: 0.9091  loss_ce_4: 0.05036  loss_mask_4: 0.04821  loss_dice_4: 0.8756  loss_ce_5: 0.04671  loss_mask_5: 0.05047  loss_dice_5: 0.9485  loss_ce_6: 0.04071  loss_mask_6: 0.0518  loss_dice_6: 0.8016  loss_ce_7: 0.08301  loss_mask_7: 0.05138  loss_dice_7: 0.8868  loss_ce_8: 0.08222  loss_mask_8: 0.05049  loss_dice_8: 0.8896    time: 0.8476  last_time: 0.8247  data_time: 0.1392  last_data_time: 0.1392   lr: 2.1252e-05  max_mem: 12314M
[03/18 02:09:42 d2.utils.events]:  eta: 1:01:37  iter: 5499  total_loss: 9.964  loss_ce: 0.06845  loss_mask: 0.04459  loss_dice: 0.8752  loss_ce_0: 0.2428  loss_mask_0: 0.06313  loss_dice_0: 0.8507  loss_ce_1: 0.1052  loss_mask_1: 0.05564  loss_dice_1: 1.107  loss_ce_2: 0.03952  loss_mask_2: 0.05232  loss_dice_2: 0.9266  loss_ce_3: 0.09109  loss_mask_3: 0.03795  loss_dice_3: 0.6884  loss_ce_4: 0.07807  loss_mask_4: 0.05193  loss_dice_4: 0.8367  loss_ce_5: 0.08539  loss_mask_5: 0.03922  loss_dice_5: 0.8121  loss_ce_6: 0.08414  loss_mask_6: 0.04226  loss_dice_6: 0.9876  loss_ce_7: 0.08005  loss_mask_7: 0.04325  loss_dice_7: 0.6945  loss_ce_8: 0.07181  loss_mask_8: 0.04278  loss_dice_8: 0.7655    time: 0.8476  last_time: 0.7592  data_time: 0.0976  last_data_time: 0.0976   lr: 2.1097e-05  max_mem: 12314M
[03/18 02:09:58 d2.utils.events]:  eta: 1:01:17  iter: 5519  total_loss: 10.12  loss_ce: 0.1155  loss_mask: 0.03171  loss_dice: 0.7621  loss_ce_0: 0.4589  loss_mask_0: 0.04599  loss_dice_0: 1.309  loss_ce_1: 0.1304  loss_mask_1: 0.04089  loss_dice_1: 0.8564  loss_ce_2: 0.1546  loss_mask_2: 0.03335  loss_dice_2: 0.7335  loss_ce_3: 0.1678  loss_mask_3: 0.03117  loss_dice_3: 0.7338  loss_ce_4: 0.1485  loss_mask_4: 0.03855  loss_dice_4: 0.9216  loss_ce_5: 0.1062  loss_mask_5: 0.03117  loss_dice_5: 0.7233  loss_ce_6: 0.127  loss_mask_6: 0.03366  loss_dice_6: 0.6682  loss_ce_7: 0.09255  loss_mask_7: 0.03577  loss_dice_7: 0.761  loss_ce_8: 0.1156  loss_mask_8: 0.02923  loss_dice_8: 0.6786    time: 0.8475  last_time: 0.8260  data_time: 0.1498  last_data_time: 0.1498   lr: 2.0942e-05  max_mem: 12314M
[03/18 02:10:16 d2.utils.events]:  eta: 1:01:02  iter: 5539  total_loss: 11.47  loss_ce: 0.03389  loss_mask: 0.05836  loss_dice: 1.014  loss_ce_0: 0.3122  loss_mask_0: 0.06323  loss_dice_0: 1.019  loss_ce_1: 0.05626  loss_mask_1: 0.04874  loss_dice_1: 0.8613  loss_ce_2: 0.08076  loss_mask_2: 0.05625  loss_dice_2: 0.8864  loss_ce_3: 0.03693  loss_mask_3: 0.06422  loss_dice_3: 1.151  loss_ce_4: 0.03352  loss_mask_4: 0.06865  loss_dice_4: 0.981  loss_ce_5: 0.03506  loss_mask_5: 0.07134  loss_dice_5: 1.024  loss_ce_6: 0.03589  loss_mask_6: 0.07102  loss_dice_6: 1.003  loss_ce_7: 0.07507  loss_mask_7: 0.07653  loss_dice_7: 1.113  loss_ce_8: 0.07407  loss_mask_8: 0.06392  loss_dice_8: 0.9995    time: 0.8475  last_time: 1.1166  data_time: 0.3816  last_data_time: 0.3816   lr: 2.0787e-05  max_mem: 12314M
[03/18 02:10:32 d2.utils.events]:  eta: 1:00:45  iter: 5559  total_loss: 7.27  loss_ce: 0.03567  loss_mask: 0.05022  loss_dice: 0.6908  loss_ce_0: 0.1501  loss_mask_0: 0.05632  loss_dice_0: 0.5434  loss_ce_1: 0.04298  loss_mask_1: 0.04941  loss_dice_1: 0.6532  loss_ce_2: 0.0385  loss_mask_2: 0.05043  loss_dice_2: 0.6226  loss_ce_3: 0.03822  loss_mask_3: 0.04393  loss_dice_3: 0.6801  loss_ce_4: 0.0341  loss_mask_4: 0.04193  loss_dice_4: 0.6534  loss_ce_5: 0.03571  loss_mask_5: 0.04945  loss_dice_5: 0.603  loss_ce_6: 0.03855  loss_mask_6: 0.0432  loss_dice_6: 0.4734  loss_ce_7: 0.03795  loss_mask_7: 0.04746  loss_dice_7: 0.7982  loss_ce_8: 0.03566  loss_mask_8: 0.04945  loss_dice_8: 0.5825    time: 0.8474  last_time: 0.7470  data_time: 0.0811  last_data_time: 0.0811   lr: 2.0632e-05  max_mem: 12314M
[03/18 02:10:50 d2.utils.events]:  eta: 1:00:31  iter: 5579  total_loss: 10.29  loss_ce: 0.05848  loss_mask: 0.06017  loss_dice: 0.9442  loss_ce_0: 0.231  loss_mask_0: 0.07768  loss_dice_0: 1.118  loss_ce_1: 0.08945  loss_mask_1: 0.05578  loss_dice_1: 0.8105  loss_ce_2: 0.08821  loss_mask_2: 0.06419  loss_dice_2: 0.7831  loss_ce_3: 0.06777  loss_mask_3: 0.07938  loss_dice_3: 0.8421  loss_ce_4: 0.0573  loss_mask_4: 0.06767  loss_dice_4: 0.9481  loss_ce_5: 0.05152  loss_mask_5: 0.05534  loss_dice_5: 0.7896  loss_ce_6: 0.05682  loss_mask_6: 0.06319  loss_dice_6: 0.8216  loss_ce_7: 0.139  loss_mask_7: 0.06002  loss_dice_7: 0.8617  loss_ce_8: 0.05957  loss_mask_8: 0.06504  loss_dice_8: 0.8198    time: 0.8475  last_time: 1.0234  data_time: 0.3529  last_data_time: 0.3529   lr: 2.0478e-05  max_mem: 12314M
[03/18 02:11:07 d2.utils.events]:  eta: 1:00:15  iter: 5599  total_loss: 8.741  loss_ce: 0.06191  loss_mask: 0.04076  loss_dice: 0.7257  loss_ce_0: 0.1673  loss_mask_0: 0.05514  loss_dice_0: 0.8931  loss_ce_1: 0.0618  loss_mask_1: 0.04633  loss_dice_1: 0.8406  loss_ce_2: 0.05514  loss_mask_2: 0.03077  loss_dice_2: 0.6426  loss_ce_3: 0.05721  loss_mask_3: 0.03414  loss_dice_3: 0.6195  loss_ce_4: 0.05659  loss_mask_4: 0.04705  loss_dice_4: 0.8886  loss_ce_5: 0.06249  loss_mask_5: 0.04116  loss_dice_5: 0.7406  loss_ce_6: 0.06369  loss_mask_6: 0.04661  loss_dice_6: 0.7251  loss_ce_7: 0.05627  loss_mask_7: 0.04938  loss_dice_7: 0.8472  loss_ce_8: 0.06094  loss_mask_8: 0.03546  loss_dice_8: 0.6874    time: 0.8475  last_time: 0.8651  data_time: 0.2020  last_data_time: 0.2020   lr: 2.0323e-05  max_mem: 12314M
[03/18 02:11:23 d2.utils.events]:  eta: 0:59:58  iter: 5619  total_loss: 13.35  loss_ce: 0.04087  loss_mask: 0.03522  loss_dice: 1.12  loss_ce_0: 0.201  loss_mask_0: 0.03504  loss_dice_0: 0.9817  loss_ce_1: 0.05282  loss_mask_1: 0.04247  loss_dice_1: 1.508  loss_ce_2: 0.08486  loss_mask_2: 0.02599  loss_dice_2: 1.197  loss_ce_3: 0.04588  loss_mask_3: 0.03929  loss_dice_3: 1.285  loss_ce_4: 0.0443  loss_mask_4: 0.03231  loss_dice_4: 1.096  loss_ce_5: 0.04817  loss_mask_5: 0.046  loss_dice_5: 1.399  loss_ce_6: 0.1694  loss_mask_6: 0.03823  loss_dice_6: 1.402  loss_ce_7: 0.04197  loss_mask_7: 0.02538  loss_dice_7: 0.7895  loss_ce_8: 0.1031  loss_mask_8: 0.04772  loss_dice_8: 1.376    time: 0.8474  last_time: 0.8203  data_time: 0.1442  last_data_time: 0.1442   lr: 2.0169e-05  max_mem: 12314M
[03/18 02:11:41 d2.utils.events]:  eta: 0:59:44  iter: 5639  total_loss: 13.95  loss_ce: 0.1299  loss_mask: 0.04066  loss_dice: 1.081  loss_ce_0: 0.4394  loss_mask_0: 0.0613  loss_dice_0: 1.671  loss_ce_1: 0.2302  loss_mask_1: 0.04282  loss_dice_1: 1.253  loss_ce_2: 0.1711  loss_mask_2: 0.03546  loss_dice_2: 1.18  loss_ce_3: 0.1464  loss_mask_3: 0.02761  loss_dice_3: 0.8697  loss_ce_4: 0.1192  loss_mask_4: 0.03367  loss_dice_4: 1.078  loss_ce_5: 0.1128  loss_mask_5: 0.03677  loss_dice_5: 1.097  loss_ce_6: 0.1106  loss_mask_6: 0.03538  loss_dice_6: 1.313  loss_ce_7: 0.1122  loss_mask_7: 0.04099  loss_dice_7: 1.058  loss_ce_8: 0.1947  loss_mask_8: 0.03076  loss_dice_8: 1.195    time: 0.8475  last_time: 0.8807  data_time: 0.1937  last_data_time: 0.1937   lr: 2.0015e-05  max_mem: 12314M
[03/18 02:11:59 d2.utils.events]:  eta: 0:59:29  iter: 5659  total_loss: 8.426  loss_ce: 0.03397  loss_mask: 0.04689  loss_dice: 0.6353  loss_ce_0: 0.306  loss_mask_0: 0.07076  loss_dice_0: 0.8247  loss_ce_1: 0.06542  loss_mask_1: 0.04943  loss_dice_1: 0.7807  loss_ce_2: 0.0401  loss_mask_2: 0.05338  loss_dice_2: 0.7544  loss_ce_3: 0.04327  loss_mask_3: 0.05709  loss_dice_3: 0.7046  loss_ce_4: 0.03101  loss_mask_4: 0.04696  loss_dice_4: 0.678  loss_ce_5: 0.03154  loss_mask_5: 0.04437  loss_dice_5: 0.7029  loss_ce_6: 0.03059  loss_mask_6: 0.04244  loss_dice_6: 0.7393  loss_ce_7: 0.02998  loss_mask_7: 0.0453  loss_dice_7: 0.6798  loss_ce_8: 0.03023  loss_mask_8: 0.04556  loss_dice_8: 0.7817    time: 0.8476  last_time: 0.8663  data_time: 0.2042  last_data_time: 0.2042   lr: 1.9861e-05  max_mem: 12314M
[03/18 02:12:16 d2.utils.events]:  eta: 0:59:12  iter: 5679  total_loss: 14.27  loss_ce: 0.05585  loss_mask: 0.09443  loss_dice: 1.224  loss_ce_0: 0.3149  loss_mask_0: 0.1226  loss_dice_0: 1.256  loss_ce_1: 0.1909  loss_mask_1: 0.1071  loss_dice_1: 1.392  loss_ce_2: 0.115  loss_mask_2: 0.09358  loss_dice_2: 0.978  loss_ce_3: 0.1047  loss_mask_3: 0.08378  loss_dice_3: 1.093  loss_ce_4: 0.0573  loss_mask_4: 0.07808  loss_dice_4: 1.256  loss_ce_5: 0.06438  loss_mask_5: 0.09383  loss_dice_5: 1.163  loss_ce_6: 0.06159  loss_mask_6: 0.092  loss_dice_6: 1.174  loss_ce_7: 0.05538  loss_mask_7: 0.07972  loss_dice_7: 1.258  loss_ce_8: 0.1297  loss_mask_8: 0.09931  loss_dice_8: 1.384    time: 0.8476  last_time: 0.8465  data_time: 0.1746  last_data_time: 0.1746   lr: 1.9707e-05  max_mem: 12314M
[03/18 02:12:33 d2.utils.events]:  eta: 0:58:56  iter: 5699  total_loss: 9.389  loss_ce: 0.1111  loss_mask: 0.04205  loss_dice: 0.7713  loss_ce_0: 0.2049  loss_mask_0: 0.04037  loss_dice_0: 0.7604  loss_ce_1: 0.08163  loss_mask_1: 0.05697  loss_dice_1: 0.7909  loss_ce_2: 0.1089  loss_mask_2: 0.04428  loss_dice_2: 0.706  loss_ce_3: 0.04079  loss_mask_3: 0.05819  loss_dice_3: 0.9241  loss_ce_4: 0.03767  loss_mask_4: 0.0535  loss_dice_4: 0.791  loss_ce_5: 0.1461  loss_mask_5: 0.03228  loss_dice_5: 0.744  loss_ce_6: 0.09141  loss_mask_6: 0.04616  loss_dice_6: 0.7529  loss_ce_7: 0.09238  loss_mask_7: 0.04349  loss_dice_7: 0.8541  loss_ce_8: 0.1126  loss_mask_8: 0.0433  loss_dice_8: 0.8063    time: 0.8476  last_time: 0.8368  data_time: 0.1679  last_data_time: 0.1679   lr: 1.9554e-05  max_mem: 12314M
[03/18 02:12:50 d2.utils.events]:  eta: 0:58:40  iter: 5719  total_loss: 7.32  loss_ce: 0.01875  loss_mask: 0.03267  loss_dice: 0.8221  loss_ce_0: 0.1181  loss_mask_0: 0.02398  loss_dice_0: 0.7431  loss_ce_1: 0.02984  loss_mask_1: 0.03169  loss_dice_1: 0.5689  loss_ce_2: 0.02949  loss_mask_2: 0.03161  loss_dice_2: 0.629  loss_ce_3: 0.01916  loss_mask_3: 0.02648  loss_dice_3: 0.6277  loss_ce_4: 0.02022  loss_mask_4: 0.02784  loss_dice_4: 0.6365  loss_ce_5: 0.02156  loss_mask_5: 0.02797  loss_dice_5: 0.7133  loss_ce_6: 0.01859  loss_mask_6: 0.02779  loss_dice_6: 0.6463  loss_ce_7: 0.01853  loss_mask_7: 0.02637  loss_dice_7: 0.6308  loss_ce_8: 0.01814  loss_mask_8: 0.03166  loss_dice_8: 0.7022    time: 0.8475  last_time: 0.7536  data_time: 0.0760  last_data_time: 0.0760   lr: 1.9401e-05  max_mem: 12314M
[03/18 02:13:09 d2.utils.events]:  eta: 0:58:25  iter: 5739  total_loss: 6.825  loss_ce: 0.0245  loss_mask: 0.05527  loss_dice: 0.6142  loss_ce_0: 0.1449  loss_mask_0: 0.05261  loss_dice_0: 0.6712  loss_ce_1: 0.02598  loss_mask_1: 0.04933  loss_dice_1: 0.6372  loss_ce_2: 0.02195  loss_mask_2: 0.04563  loss_dice_2: 0.5529  loss_ce_3: 0.02359  loss_mask_3: 0.04675  loss_dice_3: 0.6212  loss_ce_4: 0.02472  loss_mask_4: 0.04142  loss_dice_4: 0.5769  loss_ce_5: 0.02399  loss_mask_5: 0.04696  loss_dice_5: 0.5915  loss_ce_6: 0.02279  loss_mask_6: 0.04721  loss_dice_6: 0.6227  loss_ce_7: 0.02265  loss_mask_7: 0.04388  loss_dice_7: 0.5548  loss_ce_8: 0.02452  loss_mask_8: 0.04187  loss_dice_8: 0.552    time: 0.8478  last_time: 0.8809  data_time: 0.2102  last_data_time: 0.2102   lr: 1.9248e-05  max_mem: 12314M
[03/18 02:13:26 d2.utils.events]:  eta: 0:58:07  iter: 5759  total_loss: 8.244  loss_ce: 0.062  loss_mask: 0.0308  loss_dice: 0.6266  loss_ce_0: 0.132  loss_mask_0: 0.04376  loss_dice_0: 0.8828  loss_ce_1: 0.132  loss_mask_1: 0.03551  loss_dice_1: 0.591  loss_ce_2: 0.1043  loss_mask_2: 0.03957  loss_dice_2: 0.7023  loss_ce_3: 0.101  loss_mask_3: 0.04095  loss_dice_3: 0.6854  loss_ce_4: 0.08321  loss_mask_4: 0.0393  loss_dice_4: 0.759  loss_ce_5: 0.1042  loss_mask_5: 0.03208  loss_dice_5: 0.8614  loss_ce_6: 0.07626  loss_mask_6: 0.02883  loss_dice_6: 0.5588  loss_ce_7: 0.0451  loss_mask_7: 0.03351  loss_dice_7: 0.5882  loss_ce_8: 0.07196  loss_mask_8: 0.03477  loss_dice_8: 0.7175    time: 0.8478  last_time: 0.9025  data_time: 0.2212  last_data_time: 0.2212   lr: 1.9095e-05  max_mem: 12314M
[03/18 02:13:42 d2.utils.events]:  eta: 0:57:51  iter: 5779  total_loss: 9.443  loss_ce: 0.03278  loss_mask: 0.03947  loss_dice: 0.7769  loss_ce_0: 0.4167  loss_mask_0: 0.03738  loss_dice_0: 0.8177  loss_ce_1: 0.07754  loss_mask_1: 0.04526  loss_dice_1: 0.9241  loss_ce_2: 0.06237  loss_mask_2: 0.04875  loss_dice_2: 0.903  loss_ce_3: 0.0525  loss_mask_3: 0.04595  loss_dice_3: 0.8738  loss_ce_4: 0.04611  loss_mask_4: 0.03961  loss_dice_4: 0.7759  loss_ce_5: 0.04248  loss_mask_5: 0.03495  loss_dice_5: 0.78  loss_ce_6: 0.03334  loss_mask_6: 0.0322  loss_dice_6: 0.7391  loss_ce_7: 0.03393  loss_mask_7: 0.03817  loss_dice_7: 0.8204  loss_ce_8: 0.0314  loss_mask_8: 0.03867  loss_dice_8: 0.8026    time: 0.8477  last_time: 0.8895  data_time: 0.2250  last_data_time: 0.2250   lr: 1.8943e-05  max_mem: 12314M
[03/18 02:14:00 d2.utils.events]:  eta: 0:57:35  iter: 5799  total_loss: 18.79  loss_ce: 0.104  loss_mask: 0.06674  loss_dice: 1.607  loss_ce_0: 0.3075  loss_mask_0: 0.08502  loss_dice_0: 1.738  loss_ce_1: 0.1889  loss_mask_1: 0.09728  loss_dice_1: 1.663  loss_ce_2: 0.08177  loss_mask_2: 0.0922  loss_dice_2: 1.848  loss_ce_3: 0.1378  loss_mask_3: 0.08493  loss_dice_3: 1.596  loss_ce_4: 0.05994  loss_mask_4: 0.0832  loss_dice_4: 1.685  loss_ce_5: 0.03909  loss_mask_5: 0.08873  loss_dice_5: 1.677  loss_ce_6: 0.05172  loss_mask_6: 0.08056  loss_dice_6: 1.653  loss_ce_7: 0.1024  loss_mask_7: 0.07259  loss_dice_7: 1.713  loss_ce_8: 0.07322  loss_mask_8: 0.08834  loss_dice_8: 1.621    time: 0.8478  last_time: 0.8447  data_time: 0.1627  last_data_time: 0.1627   lr: 1.879e-05  max_mem: 12314M
[03/18 02:14:18 d2.utils.events]:  eta: 0:57:18  iter: 5819  total_loss: 11.87  loss_ce: 0.1577  loss_mask: 0.04704  loss_dice: 0.9289  loss_ce_0: 0.5283  loss_mask_0: 0.07257  loss_dice_0: 1.09  loss_ce_1: 0.1449  loss_mask_1: 0.06964  loss_dice_1: 1.022  loss_ce_2: 0.1482  loss_mask_2: 0.05683  loss_dice_2: 0.8868  loss_ce_3: 0.1078  loss_mask_3: 0.05154  loss_dice_3: 0.887  loss_ce_4: 0.09062  loss_mask_4: 0.05144  loss_dice_4: 0.9339  loss_ce_5: 0.11  loss_mask_5: 0.05405  loss_dice_5: 0.9575  loss_ce_6: 0.09489  loss_mask_6: 0.05037  loss_dice_6: 1.118  loss_ce_7: 0.06084  loss_mask_7: 0.0501  loss_dice_7: 0.9984  loss_ce_8: 0.1695  loss_mask_8: 0.04488  loss_dice_8: 0.8826    time: 0.8478  last_time: 1.1905  data_time: 0.5116  last_data_time: 0.5116   lr: 1.8638e-05  max_mem: 12314M
[03/18 02:14:35 d2.utils.events]:  eta: 0:57:01  iter: 5839  total_loss: 7.926  loss_ce: 0.01322  loss_mask: 0.03213  loss_dice: 0.6577  loss_ce_0: 0.1311  loss_mask_0: 0.04711  loss_dice_0: 1.007  loss_ce_1: 0.07726  loss_mask_1: 0.03947  loss_dice_1: 0.7583  loss_ce_2: 0.02359  loss_mask_2: 0.03511  loss_dice_2: 0.6298  loss_ce_3: 0.01595  loss_mask_3: 0.03443  loss_dice_3: 0.6975  loss_ce_4: 0.01431  loss_mask_4: 0.03355  loss_dice_4: 0.8102  loss_ce_5: 0.01156  loss_mask_5: 0.04062  loss_dice_5: 0.746  loss_ce_6: 0.01259  loss_mask_6: 0.02815  loss_dice_6: 0.6162  loss_ce_7: 0.01272  loss_mask_7: 0.0326  loss_dice_7: 0.7372  loss_ce_8: 0.01118  loss_mask_8: 0.03562  loss_dice_8: 0.5847    time: 0.8479  last_time: 1.0094  data_time: 0.2423  last_data_time: 0.2423   lr: 1.8487e-05  max_mem: 12314M
[03/18 02:14:52 d2.utils.events]:  eta: 0:56:47  iter: 5859  total_loss: 10.25  loss_ce: 0.01576  loss_mask: 0.0304  loss_dice: 0.9261  loss_ce_0: 0.1911  loss_mask_0: 0.03602  loss_dice_0: 1.381  loss_ce_1: 0.02247  loss_mask_1: 0.02528  loss_dice_1: 0.7546  loss_ce_2: 0.08986  loss_mask_2: 0.0241  loss_dice_2: 0.6674  loss_ce_3: 0.02321  loss_mask_3: 0.02503  loss_dice_3: 0.8464  loss_ce_4: 0.08469  loss_mask_4: 0.03062  loss_dice_4: 0.8999  loss_ce_5: 0.09271  loss_mask_5: 0.02167  loss_dice_5: 0.863  loss_ce_6: 0.01839  loss_mask_6: 0.03323  loss_dice_6: 0.9651  loss_ce_7: 0.07885  loss_mask_7: 0.02328  loss_dice_7: 0.9242  loss_ce_8: 0.01508  loss_mask_8: 0.03362  loss_dice_8: 1.108    time: 0.8479  last_time: 0.8068  data_time: 0.1324  last_data_time: 0.1324   lr: 1.8335e-05  max_mem: 12314M
[03/18 02:15:10 d2.utils.events]:  eta: 0:56:33  iter: 5879  total_loss: 9.966  loss_ce: 0.02101  loss_mask: 0.05023  loss_dice: 0.9524  loss_ce_0: 0.215  loss_mask_0: 0.07057  loss_dice_0: 0.9176  loss_ce_1: 0.09481  loss_mask_1: 0.04515  loss_dice_1: 0.6102  loss_ce_2: 0.02493  loss_mask_2: 0.0531  loss_dice_2: 0.9282  loss_ce_3: 0.06715  loss_mask_3: 0.04676  loss_dice_3: 0.835  loss_ce_4: 0.08968  loss_mask_4: 0.05189  loss_dice_4: 0.949  loss_ce_5: 0.07418  loss_mask_5: 0.04923  loss_dice_5: 0.8613  loss_ce_6: 0.12  loss_mask_6: 0.05272  loss_dice_6: 0.9289  loss_ce_7: 0.07748  loss_mask_7: 0.04501  loss_dice_7: 0.7327  loss_ce_8: 0.02283  loss_mask_8: 0.05211  loss_dice_8: 0.9275    time: 0.8480  last_time: 0.8382  data_time: 0.1676  last_data_time: 0.1676   lr: 1.8184e-05  max_mem: 12314M
[03/18 02:15:27 d2.utils.events]:  eta: 0:56:15  iter: 5899  total_loss: 22.3  loss_ce: 0.06074  loss_mask: 0.04963  loss_dice: 2.019  loss_ce_0: 0.2412  loss_mask_0: 0.05096  loss_dice_0: 1.959  loss_ce_1: 0.0698  loss_mask_1: 0.06719  loss_dice_1: 2.333  loss_ce_2: 0.08769  loss_mask_2: 0.05443  loss_dice_2: 2.039  loss_ce_3: 0.05207  loss_mask_3: 0.07039  loss_dice_3: 2.322  loss_ce_4: 0.09929  loss_mask_4: 0.05957  loss_dice_4: 2.231  loss_ce_5: 0.1262  loss_mask_5: 0.0639  loss_dice_5: 2.092  loss_ce_6: 0.0729  loss_mask_6: 0.06634  loss_dice_6: 2.249  loss_ce_7: 0.1136  loss_mask_7: 0.05351  loss_dice_7: 2.004  loss_ce_8: 0.119  loss_mask_8: 0.04218  loss_dice_8: 1.432    time: 0.8479  last_time: 0.7819  data_time: 0.1285  last_data_time: 0.1285   lr: 1.8033e-05  max_mem: 12314M
[03/18 02:15:44 d2.utils.events]:  eta: 0:55:56  iter: 5919  total_loss: 8.834  loss_ce: 0.03504  loss_mask: 0.03819  loss_dice: 0.9018  loss_ce_0: 0.1248  loss_mask_0: 0.05048  loss_dice_0: 1.028  loss_ce_1: 0.03797  loss_mask_1: 0.0326  loss_dice_1: 0.4006  loss_ce_2: 0.03638  loss_mask_2: 0.03775  loss_dice_2: 0.8919  loss_ce_3: 0.03399  loss_mask_3: 0.03582  loss_dice_3: 0.8459  loss_ce_4: 0.03438  loss_mask_4: 0.0392  loss_dice_4: 0.9618  loss_ce_5: 0.03896  loss_mask_5: 0.03531  loss_dice_5: 0.7451  loss_ce_6: 0.03801  loss_mask_6: 0.02663  loss_dice_6: 0.4082  loss_ce_7: 0.03812  loss_mask_7: 0.04101  loss_dice_7: 0.9516  loss_ce_8: 0.03897  loss_mask_8: 0.03912  loss_dice_8: 0.867    time: 0.8479  last_time: 0.8066  data_time: 0.1372  last_data_time: 0.1372   lr: 1.7882e-05  max_mem: 12314M
[03/18 02:16:00 d2.utils.events]:  eta: 0:55:39  iter: 5939  total_loss: 6.242  loss_ce: 0.00819  loss_mask: 0.04276  loss_dice: 0.5306  loss_ce_0: 0.1336  loss_mask_0: 0.06319  loss_dice_0: 0.7628  loss_ce_1: 0.04192  loss_mask_1: 0.04269  loss_dice_1: 0.5801  loss_ce_2: 0.01675  loss_mask_2: 0.04126  loss_dice_2: 0.5648  loss_ce_3: 0.01426  loss_mask_3: 0.0348  loss_dice_3: 0.4711  loss_ce_4: 0.01203  loss_mask_4: 0.04129  loss_dice_4: 0.4831  loss_ce_5: 0.01143  loss_mask_5: 0.04067  loss_dice_5: 0.562  loss_ce_6: 0.01173  loss_mask_6: 0.0428  loss_dice_6: 0.4881  loss_ce_7: 0.01123  loss_mask_7: 0.0442  loss_dice_7: 0.5726  loss_ce_8: 0.009554  loss_mask_8: 0.03357  loss_dice_8: 0.529    time: 0.8478  last_time: 0.8331  data_time: 0.1843  last_data_time: 0.1843   lr: 1.7732e-05  max_mem: 12314M
[03/18 02:16:17 d2.utils.events]:  eta: 0:55:22  iter: 5959  total_loss: 10.22  loss_ce: 0.01399  loss_mask: 0.07304  loss_dice: 0.8008  loss_ce_0: 0.402  loss_mask_0: 0.07551  loss_dice_0: 1.011  loss_ce_1: 0.02506  loss_mask_1: 0.06873  loss_dice_1: 0.8316  loss_ce_2: 0.01624  loss_mask_2: 0.07073  loss_dice_2: 0.8343  loss_ce_3: 0.02018  loss_mask_3: 0.07165  loss_dice_3: 0.8531  loss_ce_4: 0.01801  loss_mask_4: 0.07609  loss_dice_4: 0.8788  loss_ce_5: 0.01816  loss_mask_5: 0.07085  loss_dice_5: 0.9354  loss_ce_6: 0.0193  loss_mask_6: 0.07518  loss_dice_6: 0.9701  loss_ce_7: 0.01761  loss_mask_7: 0.08198  loss_dice_7: 0.9496  loss_ce_8: 0.01505  loss_mask_8: 0.0645  loss_dice_8: 0.8612    time: 0.8477  last_time: 0.8480  data_time: 0.1927  last_data_time: 0.1927   lr: 1.7581e-05  max_mem: 12314M
[03/18 02:16:34 d2.utils.events]:  eta: 0:55:05  iter: 5979  total_loss: 26.97  loss_ce: 0.4428  loss_mask: 0.1866  loss_dice: 2.159  loss_ce_0: 0.5599  loss_mask_0: 0.2343  loss_dice_0: 2.224  loss_ce_1: 0.2059  loss_mask_1: 0.1931  loss_dice_1: 2.069  loss_ce_2: 0.3849  loss_mask_2: 0.1494  loss_dice_2: 2.155  loss_ce_3: 0.3519  loss_mask_3: 0.1654  loss_dice_3: 1.963  loss_ce_4: 0.28  loss_mask_4: 0.1833  loss_dice_4: 2.191  loss_ce_5: 0.477  loss_mask_5: 0.2005  loss_dice_5: 2.234  loss_ce_6: 0.333  loss_mask_6: 0.145  loss_dice_6: 2.169  loss_ce_7: 0.3067  loss_mask_7: 0.1658  loss_dice_7: 2.025  loss_ce_8: 0.3794  loss_mask_8: 0.1694  loss_dice_8: 2.266    time: 0.8477  last_time: 0.8850  data_time: 0.2139  last_data_time: 0.2139   lr: 1.7432e-05  max_mem: 12314M
[03/18 02:16:50 d2.utils.events]:  eta: 0:54:46  iter: 5999  total_loss: 9.178  loss_ce: 0.009376  loss_mask: 0.03003  loss_dice: 0.7443  loss_ce_0: 0.1693  loss_mask_0: 0.03724  loss_dice_0: 0.9825  loss_ce_1: 0.01666  loss_mask_1: 0.03602  loss_dice_1: 0.8422  loss_ce_2: 0.0233  loss_mask_2: 0.03586  loss_dice_2: 0.8766  loss_ce_3: 0.01272  loss_mask_3: 0.04035  loss_dice_3: 0.7884  loss_ce_4: 0.0121  loss_mask_4: 0.03136  loss_dice_4: 0.6794  loss_ce_5: 0.01127  loss_mask_5: 0.03769  loss_dice_5: 1.081  loss_ce_6: 0.01165  loss_mask_6: 0.03039  loss_dice_6: 0.7905  loss_ce_7: 0.01064  loss_mask_7: 0.03733  loss_dice_7: 0.8486  loss_ce_8: 0.009242  loss_mask_8: 0.0283  loss_dice_8: 0.9136    time: 0.8476  last_time: 0.7912  data_time: 0.1349  last_data_time: 0.1349   lr: 1.7282e-05  max_mem: 12314M
[03/18 02:17:08 d2.utils.events]:  eta: 0:54:30  iter: 6019  total_loss: 12.76  loss_ce: 0.1854  loss_mask: 0.0543  loss_dice: 1.174  loss_ce_0: 0.1661  loss_mask_0: 0.07543  loss_dice_0: 1.097  loss_ce_1: 0.1708  loss_mask_1: 0.05926  loss_dice_1: 1.059  loss_ce_2: 0.03877  loss_mask_2: 0.0708  loss_dice_2: 1.155  loss_ce_3: 0.185  loss_mask_3: 0.05865  loss_dice_3: 1.039  loss_ce_4: 0.107  loss_mask_4: 0.0538  loss_dice_4: 1.193  loss_ce_5: 0.1748  loss_mask_5: 0.05754  loss_dice_5: 0.9678  loss_ce_6: 0.1593  loss_mask_6: 0.06386  loss_dice_6: 1.031  loss_ce_7: 0.08976  loss_mask_7: 0.06433  loss_dice_7: 1.012  loss_ce_8: 0.161  loss_mask_8: 0.05587  loss_dice_8: 0.9776    time: 0.8476  last_time: 0.8237  data_time: 0.1467  last_data_time: 0.1467   lr: 1.7133e-05  max_mem: 12314M
[03/18 02:17:25 d2.utils.events]:  eta: 0:54:16  iter: 6039  total_loss: 8.988  loss_ce: 0.02094  loss_mask: 0.03593  loss_dice: 0.7424  loss_ce_0: 0.2002  loss_mask_0: 0.03381  loss_dice_0: 0.7801  loss_ce_1: 0.04424  loss_mask_1: 0.0461  loss_dice_1: 0.9134  loss_ce_2: 0.04856  loss_mask_2: 0.03474  loss_dice_2: 1.059  loss_ce_3: 0.02333  loss_mask_3: 0.03235  loss_dice_3: 0.7441  loss_ce_4: 0.02444  loss_mask_4: 0.03256  loss_dice_4: 0.8672  loss_ce_5: 0.023  loss_mask_5: 0.0284  loss_dice_5: 0.6213  loss_ce_6: 0.02451  loss_mask_6: 0.03559  loss_dice_6: 0.7617  loss_ce_7: 0.02249  loss_mask_7: 0.03288  loss_dice_7: 0.7796  loss_ce_8: 0.02038  loss_mask_8: 0.03883  loss_dice_8: 0.9161    time: 0.8477  last_time: 0.8263  data_time: 0.1530  last_data_time: 0.1530   lr: 1.6984e-05  max_mem: 12314M
[03/18 02:17:43 d2.utils.events]:  eta: 0:53:59  iter: 6059  total_loss: 8.481  loss_ce: 0.03393  loss_mask: 0.04163  loss_dice: 0.7807  loss_ce_0: 0.1738  loss_mask_0: 0.04375  loss_dice_0: 0.7546  loss_ce_1: 0.05138  loss_mask_1: 0.04593  loss_dice_1: 0.8462  loss_ce_2: 0.08189  loss_mask_2: 0.0428  loss_dice_2: 0.7092  loss_ce_3: 0.04036  loss_mask_3: 0.04191  loss_dice_3: 0.7317  loss_ce_4: 0.07236  loss_mask_4: 0.04426  loss_dice_4: 0.654  loss_ce_5: 0.0681  loss_mask_5: 0.04818  loss_dice_5: 0.7443  loss_ce_6: 0.08095  loss_mask_6: 0.03985  loss_dice_6: 0.6126  loss_ce_7: 0.03419  loss_mask_7: 0.05282  loss_dice_7: 0.8149  loss_ce_8: 0.0342  loss_mask_8: 0.0394  loss_dice_8: 0.7216    time: 0.8477  last_time: 0.9175  data_time: 0.2513  last_data_time: 0.2513   lr: 1.6835e-05  max_mem: 12314M
[03/18 02:18:00 d2.utils.events]:  eta: 0:53:44  iter: 6079  total_loss: 7.836  loss_ce: 0.03384  loss_mask: 0.03736  loss_dice: 0.6707  loss_ce_0: 0.2423  loss_mask_0: 0.06035  loss_dice_0: 1.032  loss_ce_1: 0.0477  loss_mask_1: 0.03708  loss_dice_1: 0.6379  loss_ce_2: 0.04618  loss_mask_2: 0.03846  loss_dice_2: 0.6053  loss_ce_3: 0.03375  loss_mask_3: 0.04325  loss_dice_3: 0.6283  loss_ce_4: 0.03171  loss_mask_4: 0.03663  loss_dice_4: 0.731  loss_ce_5: 0.02977  loss_mask_5: 0.04158  loss_dice_5: 0.6808  loss_ce_6: 0.03206  loss_mask_6: 0.03827  loss_dice_6: 0.6455  loss_ce_7: 0.03404  loss_mask_7: 0.03603  loss_dice_7: 0.6375  loss_ce_8: 0.03534  loss_mask_8: 0.03397  loss_dice_8: 0.5974    time: 0.8477  last_time: 0.8326  data_time: 0.1699  last_data_time: 0.1699   lr: 1.6687e-05  max_mem: 12314M
[03/18 02:18:17 d2.utils.events]:  eta: 0:53:30  iter: 6099  total_loss: 8.472  loss_ce: 0.0306  loss_mask: 0.05629  loss_dice: 0.7874  loss_ce_0: 0.1537  loss_mask_0: 0.0523  loss_dice_0: 0.8499  loss_ce_1: 0.0814  loss_mask_1: 0.05705  loss_dice_1: 0.7917  loss_ce_2: 0.0338  loss_mask_2: 0.0504  loss_dice_2: 0.6966  loss_ce_3: 0.04108  loss_mask_3: 0.0547  loss_dice_3: 0.6759  loss_ce_4: 0.03033  loss_mask_4: 0.05446  loss_dice_4: 0.8003  loss_ce_5: 0.02693  loss_mask_5: 0.04372  loss_dice_5: 0.6341  loss_ce_6: 0.02914  loss_mask_6: 0.05057  loss_dice_6: 0.7442  loss_ce_7: 0.02887  loss_mask_7: 0.05751  loss_dice_7: 0.8091  loss_ce_8: 0.03003  loss_mask_8: 0.04489  loss_dice_8: 0.6752    time: 0.8478  last_time: 0.9039  data_time: 0.2321  last_data_time: 0.2321   lr: 1.6539e-05  max_mem: 12314M
[03/18 02:18:34 d2.utils.events]:  eta: 0:53:14  iter: 6119  total_loss: 7.913  loss_ce: 0.09437  loss_mask: 0.04112  loss_dice: 0.6973  loss_ce_0: 0.351  loss_mask_0: 0.05417  loss_dice_0: 0.834  loss_ce_1: 0.09542  loss_mask_1: 0.04424  loss_dice_1: 0.6746  loss_ce_2: 0.09458  loss_mask_2: 0.03548  loss_dice_2: 0.5508  loss_ce_3: 0.07524  loss_mask_3: 0.03771  loss_dice_3: 0.5737  loss_ce_4: 0.06957  loss_mask_4: 0.04403  loss_dice_4: 0.6597  loss_ce_5: 0.06873  loss_mask_5: 0.04419  loss_dice_5: 0.6566  loss_ce_6: 0.06655  loss_mask_6: 0.03518  loss_dice_6: 0.6071  loss_ce_7: 0.06668  loss_mask_7: 0.03941  loss_dice_7: 0.6658  loss_ce_8: 0.07617  loss_mask_8: 0.03602  loss_dice_8: 0.5234    time: 0.8477  last_time: 0.7970  data_time: 0.1216  last_data_time: 0.1216   lr: 1.6391e-05  max_mem: 12314M
[03/18 02:18:51 d2.utils.events]:  eta: 0:52:57  iter: 6139  total_loss: 11.37  loss_ce: 0.04592  loss_mask: 0.04259  loss_dice: 0.9144  loss_ce_0: 0.2384  loss_mask_0: 0.0531  loss_dice_0: 1.114  loss_ce_1: 0.05833  loss_mask_1: 0.05486  loss_dice_1: 0.9973  loss_ce_2: 0.04578  loss_mask_2: 0.05416  loss_dice_2: 0.988  loss_ce_3: 0.05612  loss_mask_3: 0.05528  loss_dice_3: 0.9438  loss_ce_4: 0.08845  loss_mask_4: 0.04318  loss_dice_4: 0.9524  loss_ce_5: 0.08399  loss_mask_5: 0.04286  loss_dice_5: 0.968  loss_ce_6: 0.05112  loss_mask_6: 0.04904  loss_dice_6: 0.9617  loss_ce_7: 0.05804  loss_mask_7: 0.05039  loss_dice_7: 1.111  loss_ce_8: 0.04819  loss_mask_8: 0.04756  loss_dice_8: 1.156    time: 0.8477  last_time: 0.8046  data_time: 0.1267  last_data_time: 0.1267   lr: 1.6244e-05  max_mem: 12314M
[03/18 02:19:07 d2.utils.events]:  eta: 0:52:38  iter: 6159  total_loss: 14.54  loss_ce: 0.04077  loss_mask: 0.07108  loss_dice: 1.154  loss_ce_0: 0.6199  loss_mask_0: 0.1249  loss_dice_0: 1.539  loss_ce_1: 0.1899  loss_mask_1: 0.06881  loss_dice_1: 1.283  loss_ce_2: 0.1136  loss_mask_2: 0.06965  loss_dice_2: 1.412  loss_ce_3: 0.08358  loss_mask_3: 0.05943  loss_dice_3: 1.089  loss_ce_4: 0.06291  loss_mask_4: 0.06806  loss_dice_4: 1.32  loss_ce_5: 0.05087  loss_mask_5: 0.0676  loss_dice_5: 1.179  loss_ce_6: 0.04269  loss_mask_6: 0.06881  loss_dice_6: 1.344  loss_ce_7: 0.03821  loss_mask_7: 0.05834  loss_dice_7: 1.138  loss_ce_8: 0.04378  loss_mask_8: 0.06105  loss_dice_8: 1.082    time: 0.8476  last_time: 0.8790  data_time: 0.1971  last_data_time: 0.1971   lr: 1.6097e-05  max_mem: 12314M
[03/18 02:19:25 d2.utils.events]:  eta: 0:52:22  iter: 6179  total_loss: 11.36  loss_ce: 0.04605  loss_mask: 0.04279  loss_dice: 0.9626  loss_ce_0: 0.2724  loss_mask_0: 0.05825  loss_dice_0: 1.258  loss_ce_1: 0.1318  loss_mask_1: 0.04419  loss_dice_1: 1.069  loss_ce_2: 0.08948  loss_mask_2: 0.04784  loss_dice_2: 0.9487  loss_ce_3: 0.05605  loss_mask_3: 0.047  loss_dice_3: 1.011  loss_ce_4: 0.1096  loss_mask_4: 0.04714  loss_dice_4: 0.8579  loss_ce_5: 0.04539  loss_mask_5: 0.04492  loss_dice_5: 0.9122  loss_ce_6: 0.04708  loss_mask_6: 0.0459  loss_dice_6: 0.9679  loss_ce_7: 0.0465  loss_mask_7: 0.04426  loss_dice_7: 0.9469  loss_ce_8: 0.04814  loss_mask_8: 0.04179  loss_dice_8: 1.069    time: 0.8476  last_time: 0.9707  data_time: 0.2963  last_data_time: 0.2963   lr: 1.595e-05  max_mem: 12314M
[03/18 02:19:41 d2.utils.events]:  eta: 0:52:08  iter: 6199  total_loss: 12.57  loss_ce: 0.01212  loss_mask: 0.07042  loss_dice: 1.058  loss_ce_0: 0.1354  loss_mask_0: 0.05381  loss_dice_0: 0.9284  loss_ce_1: 0.04269  loss_mask_1: 0.03719  loss_dice_1: 1.126  loss_ce_2: 0.02516  loss_mask_2: 0.06201  loss_dice_2: 1.158  loss_ce_3: 0.04639  loss_mask_3: 0.0604  loss_dice_3: 1.195  loss_ce_4: 0.01387  loss_mask_4: 0.06453  loss_dice_4: 1.105  loss_ce_5: 0.01328  loss_mask_5: 0.05591  loss_dice_5: 1.004  loss_ce_6: 0.0384  loss_mask_6: 0.07616  loss_dice_6: 1.468  loss_ce_7: 0.01352  loss_mask_7: 0.06482  loss_dice_7: 1.229  loss_ce_8: 0.03224  loss_mask_8: 0.06731  loss_dice_8: 1.315    time: 0.8474  last_time: 0.8345  data_time: 0.1610  last_data_time: 0.1610   lr: 1.5804e-05  max_mem: 12314M
[03/18 02:19:58 d2.utils.events]:  eta: 0:51:54  iter: 6219  total_loss: 13.06  loss_ce: 0.07923  loss_mask: 0.06617  loss_dice: 1.192  loss_ce_0: 0.399  loss_mask_0: 0.06575  loss_dice_0: 1.078  loss_ce_1: 0.0537  loss_mask_1: 0.0721  loss_dice_1: 1.14  loss_ce_2: 0.08196  loss_mask_2: 0.0593  loss_dice_2: 1.085  loss_ce_3: 0.09982  loss_mask_3: 0.06973  loss_dice_3: 1.159  loss_ce_4: 0.06311  loss_mask_4: 0.06046  loss_dice_4: 1.127  loss_ce_5: 0.06445  loss_mask_5: 0.06731  loss_dice_5: 1.17  loss_ce_6: 0.06449  loss_mask_6: 0.06037  loss_dice_6: 1.014  loss_ce_7: 0.04047  loss_mask_7: 0.0654  loss_dice_7: 1.213  loss_ce_8: 0.07914  loss_mask_8: 0.06533  loss_dice_8: 1.203    time: 0.8475  last_time: 0.7308  data_time: 0.0660  last_data_time: 0.0660   lr: 1.5658e-05  max_mem: 12314M
[03/18 02:20:15 d2.utils.events]:  eta: 0:51:34  iter: 6239  total_loss: 12.58  loss_ce: 0.03524  loss_mask: 0.0726  loss_dice: 1.125  loss_ce_0: 0.2331  loss_mask_0: 0.09099  loss_dice_0: 1.393  loss_ce_1: 0.1091  loss_mask_1: 0.06038  loss_dice_1: 1.079  loss_ce_2: 0.05688  loss_mask_2: 0.08049  loss_dice_2: 1.215  loss_ce_3: 0.05562  loss_mask_3: 0.06551  loss_dice_3: 1.014  loss_ce_4: 0.04542  loss_mask_4: 0.07267  loss_dice_4: 1.008  loss_ce_5: 0.0326  loss_mask_5: 0.07043  loss_dice_5: 1.014  loss_ce_6: 0.04558  loss_mask_6: 0.07387  loss_dice_6: 1.141  loss_ce_7: 0.04352  loss_mask_7: 0.06555  loss_dice_7: 1.081  loss_ce_8: 0.03537  loss_mask_8: 0.07265  loss_dice_8: 1.089    time: 0.8474  last_time: 0.7512  data_time: 0.0832  last_data_time: 0.0832   lr: 1.5513e-05  max_mem: 12314M
[03/18 02:20:32 d2.utils.events]:  eta: 0:51:16  iter: 6259  total_loss: 11.21  loss_ce: 0.0642  loss_mask: 0.05061  loss_dice: 0.9924  loss_ce_0: 0.3907  loss_mask_0: 0.05692  loss_dice_0: 0.8937  loss_ce_1: 0.08882  loss_mask_1: 0.04886  loss_dice_1: 1.023  loss_ce_2: 0.2021  loss_mask_2: 0.0462  loss_dice_2: 0.8681  loss_ce_3: 0.1487  loss_mask_3: 0.05087  loss_dice_3: 0.9542  loss_ce_4: 0.1648  loss_mask_4: 0.04843  loss_dice_4: 0.8589  loss_ce_5: 0.1093  loss_mask_5: 0.04555  loss_dice_5: 0.9972  loss_ce_6: 0.1166  loss_mask_6: 0.05163  loss_dice_6: 0.8562  loss_ce_7: 0.1155  loss_mask_7: 0.04688  loss_dice_7: 0.8699  loss_ce_8: 0.1583  loss_mask_8: 0.04753  loss_dice_8: 0.8479    time: 0.8473  last_time: 0.8953  data_time: 0.2249  last_data_time: 0.2249   lr: 1.5368e-05  max_mem: 12314M
[03/18 02:20:49 d2.utils.events]:  eta: 0:51:04  iter: 6279  total_loss: 8.252  loss_ce: 0.01324  loss_mask: 0.04684  loss_dice: 0.7108  loss_ce_0: 0.12  loss_mask_0: 0.06635  loss_dice_0: 0.741  loss_ce_1: 0.08425  loss_mask_1: 0.04346  loss_dice_1: 0.7459  loss_ce_2: 0.01725  loss_mask_2: 0.04141  loss_dice_2: 0.7005  loss_ce_3: 0.02003  loss_mask_3: 0.04056  loss_dice_3: 0.6607  loss_ce_4: 0.01422  loss_mask_4: 0.04917  loss_dice_4: 0.7539  loss_ce_5: 0.01268  loss_mask_5: 0.05148  loss_dice_5: 0.7017  loss_ce_6: 0.01427  loss_mask_6: 0.04744  loss_dice_6: 0.7658  loss_ce_7: 0.01412  loss_mask_7: 0.04363  loss_dice_7: 0.8091  loss_ce_8: 0.01455  loss_mask_8: 0.04961  loss_dice_8: 0.8586    time: 0.8473  last_time: 0.9021  data_time: 0.2359  last_data_time: 0.2359   lr: 1.5223e-05  max_mem: 12314M
[03/18 02:21:05 d2.utils.events]:  eta: 0:50:48  iter: 6299  total_loss: 6.199  loss_ce: 0.0195  loss_mask: 0.02661  loss_dice: 0.5877  loss_ce_0: 0.1739  loss_mask_0: 0.04264  loss_dice_0: 0.716  loss_ce_1: 0.02818  loss_mask_1: 0.02858  loss_dice_1: 0.5565  loss_ce_2: 0.02946  loss_mask_2: 0.03138  loss_dice_2: 0.5764  loss_ce_3: 0.02432  loss_mask_3: 0.02796  loss_dice_3: 0.5015  loss_ce_4: 0.02058  loss_mask_4: 0.024  loss_dice_4: 0.4715  loss_ce_5: 0.01954  loss_mask_5: 0.02454  loss_dice_5: 0.4834  loss_ce_6: 0.01774  loss_mask_6: 0.02623  loss_dice_6: 0.5441  loss_ce_7: 0.01888  loss_mask_7: 0.02467  loss_dice_7: 0.5139  loss_ce_8: 0.02064  loss_mask_8: 0.03139  loss_dice_8: 0.5875    time: 0.8472  last_time: 0.8237  data_time: 0.1647  last_data_time: 0.1647   lr: 1.5079e-05  max_mem: 12314M
[03/18 02:21:23 d2.utils.events]:  eta: 0:50:27  iter: 6319  total_loss: 10  loss_ce: 0.04286  loss_mask: 0.05544  loss_dice: 0.8005  loss_ce_0: 0.2593  loss_mask_0: 0.07708  loss_dice_0: 1.198  loss_ce_1: 0.04543  loss_mask_1: 0.05401  loss_dice_1: 0.8187  loss_ce_2: 0.07024  loss_mask_2: 0.06095  loss_dice_2: 0.9343  loss_ce_3: 0.06317  loss_mask_3: 0.06152  loss_dice_3: 0.8566  loss_ce_4: 0.05223  loss_mask_4: 0.05847  loss_dice_4: 0.7934  loss_ce_5: 0.04638  loss_mask_5: 0.05337  loss_dice_5: 0.8256  loss_ce_6: 0.05139  loss_mask_6: 0.05516  loss_dice_6: 0.7663  loss_ce_7: 0.04763  loss_mask_7: 0.06277  loss_dice_7: 0.9067  loss_ce_8: 0.04488  loss_mask_8: 0.05523  loss_dice_8: 0.7824    time: 0.8473  last_time: 0.8379  data_time: 0.1742  last_data_time: 0.1742   lr: 1.4935e-05  max_mem: 12314M
[03/18 02:21:39 d2.utils.events]:  eta: 0:50:10  iter: 6339  total_loss: 9.005  loss_ce: 0.01896  loss_mask: 0.03336  loss_dice: 0.9499  loss_ce_0: 0.1222  loss_mask_0: 0.02236  loss_dice_0: 0.9055  loss_ce_1: 0.02213  loss_mask_1: 0.02553  loss_dice_1: 0.7441  loss_ce_2: 0.01946  loss_mask_2: 0.02822  loss_dice_2: 0.9216  loss_ce_3: 0.01893  loss_mask_3: 0.02673  loss_dice_3: 0.7578  loss_ce_4: 0.02055  loss_mask_4: 0.02132  loss_dice_4: 0.8045  loss_ce_5: 0.02062  loss_mask_5: 0.02744  loss_dice_5: 0.9382  loss_ce_6: 0.02015  loss_mask_6: 0.02674  loss_dice_6: 0.6946  loss_ce_7: 0.02035  loss_mask_7: 0.03119  loss_dice_7: 0.9359  loss_ce_8: 0.02011  loss_mask_8: 0.02738  loss_dice_8: 0.7789    time: 0.8472  last_time: 0.8082  data_time: 0.1446  last_data_time: 0.1446   lr: 1.4791e-05  max_mem: 12314M
[03/18 02:21:56 d2.utils.events]:  eta: 0:49:53  iter: 6359  total_loss: 16.5  loss_ce: 0.04798  loss_mask: 0.03901  loss_dice: 1.54  loss_ce_0: 0.2529  loss_mask_0: 0.04968  loss_dice_0: 1.753  loss_ce_1: 0.1213  loss_mask_1: 0.03801  loss_dice_1: 1.576  loss_ce_2: 0.1373  loss_mask_2: 0.0302  loss_dice_2: 1.424  loss_ce_3: 0.03375  loss_mask_3: 0.0333  loss_dice_3: 1.406  loss_ce_4: 0.08329  loss_mask_4: 0.03104  loss_dice_4: 1.377  loss_ce_5: 0.08162  loss_mask_5: 0.03438  loss_dice_5: 1.45  loss_ce_6: 0.06057  loss_mask_6: 0.03547  loss_dice_6: 1.597  loss_ce_7: 0.1148  loss_mask_7: 0.0376  loss_dice_7: 1.564  loss_ce_8: 0.09108  loss_mask_8: 0.03856  loss_dice_8: 1.424    time: 0.8471  last_time: 0.8997  data_time: 0.2199  last_data_time: 0.2199   lr: 1.4648e-05  max_mem: 12314M
[03/18 02:22:13 d2.utils.events]:  eta: 0:49:36  iter: 6379  total_loss: 14.74  loss_ce: 0.1668  loss_mask: 0.05032  loss_dice: 1.322  loss_ce_0: 0.2665  loss_mask_0: 0.07277  loss_dice_0: 1.458  loss_ce_1: 0.112  loss_mask_1: 0.06112  loss_dice_1: 1.125  loss_ce_2: 0.1946  loss_mask_2: 0.03684  loss_dice_2: 0.9037  loss_ce_3: 0.1772  loss_mask_3: 0.06511  loss_dice_3: 1.282  loss_ce_4: 0.1659  loss_mask_4: 0.04975  loss_dice_4: 1.192  loss_ce_5: 0.1083  loss_mask_5: 0.04361  loss_dice_5: 1.327  loss_ce_6: 0.04564  loss_mask_6: 0.05909  loss_dice_6: 1.379  loss_ce_7: 0.1145  loss_mask_7: 0.04644  loss_dice_7: 1.29  loss_ce_8: 0.04955  loss_mask_8: 0.05354  loss_dice_8: 1.517    time: 0.8471  last_time: 0.8340  data_time: 0.1529  last_data_time: 0.1529   lr: 1.4505e-05  max_mem: 12314M
[03/18 02:22:30 d2.utils.events]:  eta: 0:49:17  iter: 6399  total_loss: 11.8  loss_ce: 0.1383  loss_mask: 0.05131  loss_dice: 0.9004  loss_ce_0: 0.3639  loss_mask_0: 0.05905  loss_dice_0: 1.038  loss_ce_1: 0.2035  loss_mask_1: 0.04427  loss_dice_1: 0.9036  loss_ce_2: 0.1464  loss_mask_2: 0.05394  loss_dice_2: 1.154  loss_ce_3: 0.1285  loss_mask_3: 0.05028  loss_dice_3: 1.052  loss_ce_4: 0.1497  loss_mask_4: 0.04443  loss_dice_4: 0.9038  loss_ce_5: 0.1856  loss_mask_5: 0.05122  loss_dice_5: 0.9304  loss_ce_6: 0.1934  loss_mask_6: 0.04904  loss_dice_6: 0.8534  loss_ce_7: 0.1191  loss_mask_7: 0.05229  loss_dice_7: 1.024  loss_ce_8: 0.1177  loss_mask_8: 0.04384  loss_dice_8: 0.8004    time: 0.8471  last_time: 0.8481  data_time: 0.1754  last_data_time: 0.1754   lr: 1.4363e-05  max_mem: 12314M
[03/18 02:22:47 d2.utils.events]:  eta: 0:49:00  iter: 6419  total_loss: 11.28  loss_ce: 0.04114  loss_mask: 0.1213  loss_dice: 0.9658  loss_ce_0: 0.2861  loss_mask_0: 0.04159  loss_dice_0: 0.7783  loss_ce_1: 0.1879  loss_mask_1: 0.03773  loss_dice_1: 0.7661  loss_ce_2: 0.04544  loss_mask_2: 0.1193  loss_dice_2: 0.9768  loss_ce_3: 0.0475  loss_mask_3: 0.1402  loss_dice_3: 0.9811  loss_ce_4: 0.04961  loss_mask_4: 0.1428  loss_dice_4: 0.961  loss_ce_5: 0.03045  loss_mask_5: 0.07213  loss_dice_5: 1.063  loss_ce_6: 0.04751  loss_mask_6: 0.1257  loss_dice_6: 1.014  loss_ce_7: 0.04341  loss_mask_7: 0.1224  loss_dice_7: 0.9081  loss_ce_8: 0.03996  loss_mask_8: 0.1318  loss_dice_8: 0.9904    time: 0.8471  last_time: 0.9491  data_time: 0.2798  last_data_time: 0.2798   lr: 1.4221e-05  max_mem: 12314M
[03/18 02:23:04 d2.utils.events]:  eta: 0:48:44  iter: 6439  total_loss: 11.25  loss_ce: 0.0536  loss_mask: 0.03935  loss_dice: 0.9232  loss_ce_0: 0.3358  loss_mask_0: 0.0559  loss_dice_0: 1.044  loss_ce_1: 0.1499  loss_mask_1: 0.0424  loss_dice_1: 0.9185  loss_ce_2: 0.08113  loss_mask_2: 0.04027  loss_dice_2: 0.9258  loss_ce_3: 0.06168  loss_mask_3: 0.0405  loss_dice_3: 0.9321  loss_ce_4: 0.03793  loss_mask_4: 0.03945  loss_dice_4: 0.9738  loss_ce_5: 0.0342  loss_mask_5: 0.04203  loss_dice_5: 1.044  loss_ce_6: 0.02828  loss_mask_6: 0.04427  loss_dice_6: 1.063  loss_ce_7: 0.07976  loss_mask_7: 0.04585  loss_dice_7: 1.003  loss_ce_8: 0.06086  loss_mask_8: 0.04438  loss_dice_8: 1.069    time: 0.8471  last_time: 0.8172  data_time: 0.1420  last_data_time: 0.1420   lr: 1.4079e-05  max_mem: 12314M
[03/18 02:23:22 d2.utils.events]:  eta: 0:48:27  iter: 6459  total_loss: 11.23  loss_ce: 0.04133  loss_mask: 0.03773  loss_dice: 0.9813  loss_ce_0: 0.2783  loss_mask_0: 0.04868  loss_dice_0: 1.056  loss_ce_1: 0.09301  loss_mask_1: 0.04016  loss_dice_1: 1.017  loss_ce_2: 0.04969  loss_mask_2: 0.04294  loss_dice_2: 1.032  loss_ce_3: 0.05164  loss_mask_3: 0.03975  loss_dice_3: 0.9149  loss_ce_4: 0.06711  loss_mask_4: 0.0399  loss_dice_4: 1.041  loss_ce_5: 0.04109  loss_mask_5: 0.04318  loss_dice_5: 1.014  loss_ce_6: 0.05207  loss_mask_6: 0.05272  loss_dice_6: 1.069  loss_ce_7: 0.08896  loss_mask_7: 0.04351  loss_dice_7: 0.9612  loss_ce_8: 0.1008  loss_mask_8: 0.03835  loss_dice_8: 0.8499    time: 0.8471  last_time: 0.7790  data_time: 0.1065  last_data_time: 0.1065   lr: 1.3938e-05  max_mem: 12314M
[03/18 02:23:39 d2.utils.events]:  eta: 0:48:11  iter: 6479  total_loss: 10.46  loss_ce: 0.01404  loss_mask: 0.04198  loss_dice: 1.034  loss_ce_0: 0.1273  loss_mask_0: 0.04858  loss_dice_0: 1.198  loss_ce_1: 0.0282  loss_mask_1: 0.04599  loss_dice_1: 0.8356  loss_ce_2: 0.02709  loss_mask_2: 0.03512  loss_dice_2: 0.8474  loss_ce_3: 0.01852  loss_mask_3: 0.03601  loss_dice_3: 0.969  loss_ce_4: 0.01734  loss_mask_4: 0.04119  loss_dice_4: 1  loss_ce_5: 0.0158  loss_mask_5: 0.03827  loss_dice_5: 1.11  loss_ce_6: 0.01476  loss_mask_6: 0.03537  loss_dice_6: 0.8719  loss_ce_7: 0.01517  loss_mask_7: 0.03919  loss_dice_7: 0.9982  loss_ce_8: 0.0131  loss_mask_8: 0.04261  loss_dice_8: 0.9047    time: 0.8472  last_time: 0.7871  data_time: 0.1060  last_data_time: 0.1060   lr: 1.3797e-05  max_mem: 12314M
[03/18 02:23:57 d2.utils.events]:  eta: 0:47:54  iter: 6499  total_loss: 9.986  loss_ce: 0.02915  loss_mask: 0.05704  loss_dice: 0.813  loss_ce_0: 0.1287  loss_mask_0: 0.0791  loss_dice_0: 1.064  loss_ce_1: 0.04568  loss_mask_1: 0.05559  loss_dice_1: 0.8284  loss_ce_2: 0.03435  loss_mask_2: 0.05249  loss_dice_2: 0.8602  loss_ce_3: 0.02984  loss_mask_3: 0.05673  loss_dice_3: 0.9347  loss_ce_4: 0.0298  loss_mask_4: 0.05854  loss_dice_4: 0.9417  loss_ce_5: 0.03138  loss_mask_5: 0.06103  loss_dice_5: 0.9053  loss_ce_6: 0.02907  loss_mask_6: 0.0588  loss_dice_6: 0.8333  loss_ce_7: 0.02845  loss_mask_7: 0.06417  loss_dice_7: 0.9043  loss_ce_8: 0.0279  loss_mask_8: 0.0556  loss_dice_8: 0.8871    time: 0.8473  last_time: 0.8217  data_time: 0.1668  last_data_time: 0.1668   lr: 1.3657e-05  max_mem: 12314M
[03/18 02:24:15 d2.utils.events]:  eta: 0:47:38  iter: 6519  total_loss: 7.775  loss_ce: 0.06346  loss_mask: 0.03704  loss_dice: 0.7592  loss_ce_0: 0.2942  loss_mask_0: 0.03925  loss_dice_0: 0.8485  loss_ce_1: 0.02864  loss_mask_1: 0.03718  loss_dice_1: 0.4926  loss_ce_2: 0.03164  loss_mask_2: 0.03264  loss_dice_2: 0.7308  loss_ce_3: 0.06962  loss_mask_3: 0.0412  loss_dice_3: 0.9923  loss_ce_4: 0.02714  loss_mask_4: 0.03082  loss_dice_4: 0.5309  loss_ce_5: 0.02664  loss_mask_5: 0.0387  loss_dice_5: 0.5791  loss_ce_6: 0.023  loss_mask_6: 0.03499  loss_dice_6: 0.5639  loss_ce_7: 0.05197  loss_mask_7: 0.03471  loss_dice_7: 0.5548  loss_ce_8: 0.02378  loss_mask_8: 0.03578  loss_dice_8: 0.7205    time: 0.8473  last_time: 1.3090  data_time: 0.6414  last_data_time: 0.6414   lr: 1.3517e-05  max_mem: 12314M
[03/18 02:24:32 d2.utils.events]:  eta: 0:47:21  iter: 6539  total_loss: 6.741  loss_ce: 0.02256  loss_mask: 0.03988  loss_dice: 0.5714  loss_ce_0: 0.151  loss_mask_0: 0.0499  loss_dice_0: 0.7208  loss_ce_1: 0.02944  loss_mask_1: 0.03734  loss_dice_1: 0.5958  loss_ce_2: 0.03062  loss_mask_2: 0.04935  loss_dice_2: 0.5546  loss_ce_3: 0.03007  loss_mask_3: 0.04805  loss_dice_3: 0.555  loss_ce_4: 0.0256  loss_mask_4: 0.04095  loss_dice_4: 0.5941  loss_ce_5: 0.02701  loss_mask_5: 0.04782  loss_dice_5: 0.5874  loss_ce_6: 0.02137  loss_mask_6: 0.03914  loss_dice_6: 0.5376  loss_ce_7: 0.02174  loss_mask_7: 0.04765  loss_dice_7: 0.6584  loss_ce_8: 0.02128  loss_mask_8: 0.03816  loss_dice_8: 0.5466    time: 0.8473  last_time: 0.8456  data_time: 0.1704  last_data_time: 0.1704   lr: 1.3378e-05  max_mem: 12314M
[03/18 02:24:49 d2.utils.events]:  eta: 0:47:05  iter: 6559  total_loss: 11.36  loss_ce: 0.04553  loss_mask: 0.05142  loss_dice: 1.096  loss_ce_0: 0.1831  loss_mask_0: 0.07045  loss_dice_0: 1.167  loss_ce_1: 0.04529  loss_mask_1: 0.06465  loss_dice_1: 1.056  loss_ce_2: 0.0476  loss_mask_2: 0.07238  loss_dice_2: 1.15  loss_ce_3: 0.05604  loss_mask_3: 0.06343  loss_dice_3: 0.8879  loss_ce_4: 0.05545  loss_mask_4: 0.05191  loss_dice_4: 0.8137  loss_ce_5: 0.04875  loss_mask_5: 0.05137  loss_dice_5: 1.103  loss_ce_6: 0.0418  loss_mask_6: 0.05733  loss_dice_6: 1.064  loss_ce_7: 0.04157  loss_mask_7: 0.05876  loss_dice_7: 0.9684  loss_ce_8: 0.04584  loss_mask_8: 0.05399  loss_dice_8: 0.8433    time: 0.8473  last_time: 0.7537  data_time: 0.0937  last_data_time: 0.0937   lr: 1.3239e-05  max_mem: 12314M
[03/18 02:25:05 d2.utils.events]:  eta: 0:46:45  iter: 6579  total_loss: 5.989  loss_ce: 0.09614  loss_mask: 0.04114  loss_dice: 0.464  loss_ce_0: 0.1581  loss_mask_0: 0.05364  loss_dice_0: 0.5813  loss_ce_1: 0.04617  loss_mask_1: 0.0396  loss_dice_1: 0.4895  loss_ce_2: 0.04734  loss_mask_2: 0.0384  loss_dice_2: 0.422  loss_ce_3: 0.04447  loss_mask_3: 0.0373  loss_dice_3: 0.4528  loss_ce_4: 0.03414  loss_mask_4: 0.03734  loss_dice_4: 0.5207  loss_ce_5: 0.104  loss_mask_5: 0.03729  loss_dice_5: 0.4684  loss_ce_6: 0.07525  loss_mask_6: 0.0414  loss_dice_6: 0.5504  loss_ce_7: 0.0287  loss_mask_7: 0.046  loss_dice_7: 0.5589  loss_ce_8: 0.03229  loss_mask_8: 0.03442  loss_dice_8: 0.4077    time: 0.8472  last_time: 0.8540  data_time: 0.1861  last_data_time: 0.1861   lr: 1.3101e-05  max_mem: 12314M
[03/18 02:25:22 d2.utils.events]:  eta: 0:46:27  iter: 6599  total_loss: 8.245  loss_ce: 0.0124  loss_mask: 0.05831  loss_dice: 0.6186  loss_ce_0: 0.1459  loss_mask_0: 0.1099  loss_dice_0: 0.8841  loss_ce_1: 0.02519  loss_mask_1: 0.08286  loss_dice_1: 0.7895  loss_ce_2: 0.01845  loss_mask_2: 0.07147  loss_dice_2: 0.728  loss_ce_3: 0.01308  loss_mask_3: 0.06383  loss_dice_3: 0.6886  loss_ce_4: 0.01113  loss_mask_4: 0.05952  loss_dice_4: 0.7091  loss_ce_5: 0.0107  loss_mask_5: 0.05997  loss_dice_5: 0.7908  loss_ce_6: 0.01243  loss_mask_6: 0.05856  loss_dice_6: 0.6751  loss_ce_7: 0.01021  loss_mask_7: 0.05406  loss_dice_7: 0.673  loss_ce_8: 0.01105  loss_mask_8: 0.05922  loss_dice_8: 0.7399    time: 0.8472  last_time: 0.8781  data_time: 0.2184  last_data_time: 0.2184   lr: 1.2963e-05  max_mem: 12314M
[03/18 02:25:39 d2.utils.events]:  eta: 0:46:15  iter: 6619  total_loss: 14.06  loss_ce: 0.1069  loss_mask: 0.06986  loss_dice: 1.183  loss_ce_0: 0.2074  loss_mask_0: 0.07076  loss_dice_0: 1.46  loss_ce_1: 0.1707  loss_mask_1: 0.09264  loss_dice_1: 1.124  loss_ce_2: 0.1057  loss_mask_2: 0.08916  loss_dice_2: 1.221  loss_ce_3: 0.09836  loss_mask_3: 0.06354  loss_dice_3: 1.254  loss_ce_4: 0.08777  loss_mask_4: 0.06905  loss_dice_4: 1.178  loss_ce_5: 0.07204  loss_mask_5: 0.06554  loss_dice_5: 1.244  loss_ce_6: 0.08188  loss_mask_6: 0.06854  loss_dice_6: 1.173  loss_ce_7: 0.07765  loss_mask_7: 0.06872  loss_dice_7: 1.146  loss_ce_8: 0.07051  loss_mask_8: 0.06611  loss_dice_8: 1.273    time: 0.8471  last_time: 0.8136  data_time: 0.1448  last_data_time: 0.1448   lr: 1.2826e-05  max_mem: 12314M
[03/18 02:25:55 d2.utils.events]:  eta: 0:45:53  iter: 6639  total_loss: 14.72  loss_ce: 0.1296  loss_mask: 0.05545  loss_dice: 1.196  loss_ce_0: 0.3454  loss_mask_0: 0.06432  loss_dice_0: 1.29  loss_ce_1: 0.1122  loss_mask_1: 0.03499  loss_dice_1: 1.112  loss_ce_2: 0.1236  loss_mask_2: 0.05354  loss_dice_2: 1.405  loss_ce_3: 0.1003  loss_mask_3: 0.04939  loss_dice_3: 1.39  loss_ce_4: 0.09366  loss_mask_4: 0.05139  loss_dice_4: 1.241  loss_ce_5: 0.1347  loss_mask_5: 0.03392  loss_dice_5: 1.166  loss_ce_6: 0.08713  loss_mask_6: 0.04864  loss_dice_6: 1.276  loss_ce_7: 0.09171  loss_mask_7: 0.06269  loss_dice_7: 1.394  loss_ce_8: 0.1337  loss_mask_8: 0.05366  loss_dice_8: 1.387    time: 0.8470  last_time: 0.8249  data_time: 0.1653  last_data_time: 0.1653   lr: 1.2689e-05  max_mem: 12314M
[03/18 02:26:11 d2.utils.events]:  eta: 0:45:31  iter: 6659  total_loss: 7.464  loss_ce: 0.0227  loss_mask: 0.02773  loss_dice: 0.6286  loss_ce_0: 0.115  loss_mask_0: 0.03623  loss_dice_0: 0.6017  loss_ce_1: 0.02379  loss_mask_1: 0.03024  loss_dice_1: 0.6709  loss_ce_2: 0.02649  loss_mask_2: 0.02792  loss_dice_2: 0.6773  loss_ce_3: 0.03043  loss_mask_3: 0.03335  loss_dice_3: 0.5508  loss_ce_4: 0.02177  loss_mask_4: 0.03415  loss_dice_4: 0.6911  loss_ce_5: 0.02156  loss_mask_5: 0.03348  loss_dice_5: 0.6712  loss_ce_6: 0.02211  loss_mask_6: 0.03465  loss_dice_6: 0.6709  loss_ce_7: 0.02314  loss_mask_7: 0.04151  loss_dice_7: 0.8347  loss_ce_8: 0.02183  loss_mask_8: 0.03474  loss_dice_8: 0.8036    time: 0.8468  last_time: 0.7686  data_time: 0.1162  last_data_time: 0.1162   lr: 1.2552e-05  max_mem: 12314M
[03/18 02:26:28 d2.utils.events]:  eta: 0:45:13  iter: 6679  total_loss: 6.877  loss_ce: 0.01765  loss_mask: 0.04329  loss_dice: 0.6198  loss_ce_0: 0.1631  loss_mask_0: 0.05314  loss_dice_0: 0.6554  loss_ce_1: 0.07801  loss_mask_1: 0.03828  loss_dice_1: 0.5609  loss_ce_2: 0.02436  loss_mask_2: 0.03874  loss_dice_2: 0.5903  loss_ce_3: 0.02106  loss_mask_3: 0.04033  loss_dice_3: 0.5686  loss_ce_4: 0.02003  loss_mask_4: 0.04325  loss_dice_4: 0.6077  loss_ce_5: 0.01905  loss_mask_5: 0.03689  loss_dice_5: 0.6283  loss_ce_6: 0.01921  loss_mask_6: 0.03764  loss_dice_6: 0.5853  loss_ce_7: 0.01914  loss_mask_7: 0.03841  loss_dice_7: 0.6548  loss_ce_8: 0.01775  loss_mask_8: 0.04016  loss_dice_8: 0.5964    time: 0.8468  last_time: 0.8012  data_time: 0.1434  last_data_time: 0.1434   lr: 1.2416e-05  max_mem: 12314M
[03/18 02:26:46 d2.utils.events]:  eta: 0:44:57  iter: 6699  total_loss: 11.71  loss_ce: 0.06374  loss_mask: 0.05683  loss_dice: 0.9793  loss_ce_0: 0.2207  loss_mask_0: 0.08122  loss_dice_0: 1.187  loss_ce_1: 0.06229  loss_mask_1: 0.06096  loss_dice_1: 1.036  loss_ce_2: 0.051  loss_mask_2: 0.06883  loss_dice_2: 1.018  loss_ce_3: 0.04556  loss_mask_3: 0.05932  loss_dice_3: 0.9798  loss_ce_4: 0.07283  loss_mask_4: 0.05694  loss_dice_4: 0.9451  loss_ce_5: 0.03894  loss_mask_5: 0.05457  loss_dice_5: 1.02  loss_ce_6: 0.03835  loss_mask_6: 0.06045  loss_dice_6: 1.079  loss_ce_7: 0.05556  loss_mask_7: 0.06257  loss_dice_7: 1.148  loss_ce_8: 0.03572  loss_mask_8: 0.05733  loss_dice_8: 1.02    time: 0.8470  last_time: 0.9196  data_time: 0.1555  last_data_time: 0.1555   lr: 1.2281e-05  max_mem: 12314M
[03/18 02:27:03 d2.utils.events]:  eta: 0:44:41  iter: 6719  total_loss: 10.77  loss_ce: 0.1069  loss_mask: 0.03485  loss_dice: 0.8814  loss_ce_0: 0.313  loss_mask_0: 0.07966  loss_dice_0: 1.105  loss_ce_1: 0.179  loss_mask_1: 0.04214  loss_dice_1: 1.031  loss_ce_2: 0.134  loss_mask_2: 0.03823  loss_dice_2: 0.896  loss_ce_3: 0.06617  loss_mask_3: 0.03039  loss_dice_3: 0.9631  loss_ce_4: 0.06991  loss_mask_4: 0.04027  loss_dice_4: 0.9947  loss_ce_5: 0.1316  loss_mask_5: 0.02994  loss_dice_5: 0.7471  loss_ce_6: 0.1111  loss_mask_6: 0.03388  loss_dice_6: 0.9563  loss_ce_7: 0.09993  loss_mask_7: 0.03078  loss_dice_7: 0.8396  loss_ce_8: 0.1065  loss_mask_8: 0.02889  loss_dice_8: 0.6522    time: 0.8469  last_time: 0.8067  data_time: 0.1382  last_data_time: 0.1382   lr: 1.2146e-05  max_mem: 12314M
[03/18 02:27:20 d2.utils.events]:  eta: 0:44:25  iter: 6739  total_loss: 11.99  loss_ce: 0.1296  loss_mask: 0.03735  loss_dice: 1.026  loss_ce_0: 0.3104  loss_mask_0: 0.04741  loss_dice_0: 0.9781  loss_ce_1: 0.125  loss_mask_1: 0.04748  loss_dice_1: 1.031  loss_ce_2: 0.1799  loss_mask_2: 0.04222  loss_dice_2: 0.9634  loss_ce_3: 0.1485  loss_mask_3: 0.04353  loss_dice_3: 0.9846  loss_ce_4: 0.2378  loss_mask_4: 0.04132  loss_dice_4: 1.061  loss_ce_5: 0.1525  loss_mask_5: 0.04626  loss_dice_5: 1.148  loss_ce_6: 0.1734  loss_mask_6: 0.03484  loss_dice_6: 0.8633  loss_ce_7: 0.1237  loss_mask_7: 0.03354  loss_dice_7: 0.98  loss_ce_8: 0.08407  loss_mask_8: 0.0343  loss_dice_8: 0.8864    time: 0.8469  last_time: 0.8434  data_time: 0.1703  last_data_time: 0.1703   lr: 1.2011e-05  max_mem: 12314M
[03/18 02:27:37 d2.utils.events]:  eta: 0:44:10  iter: 6759  total_loss: 12.8  loss_ce: 0.1435  loss_mask: 0.02841  loss_dice: 1.107  loss_ce_0: 0.2782  loss_mask_0: 0.03961  loss_dice_0: 1.25  loss_ce_1: 0.1528  loss_mask_1: 0.04487  loss_dice_1: 1.077  loss_ce_2: 0.1691  loss_mask_2: 0.03887  loss_dice_2: 1.031  loss_ce_3: 0.1259  loss_mask_3: 0.03583  loss_dice_3: 1.214  loss_ce_4: 0.1207  loss_mask_4: 0.04063  loss_dice_4: 1.221  loss_ce_5: 0.1372  loss_mask_5: 0.0299  loss_dice_5: 0.9337  loss_ce_6: 0.169  loss_mask_6: 0.02601  loss_dice_6: 0.9399  loss_ce_7: 0.1845  loss_mask_7: 0.03185  loss_dice_7: 1.048  loss_ce_8: 0.1409  loss_mask_8: 0.02854  loss_dice_8: 1.013    time: 0.8468  last_time: 1.0089  data_time: 0.2733  last_data_time: 0.2733   lr: 1.1877e-05  max_mem: 12314M
[03/18 02:27:54 d2.utils.events]:  eta: 0:43:54  iter: 6779  total_loss: 13.83  loss_ce: 0.04652  loss_mask: 0.1191  loss_dice: 1.291  loss_ce_0: 0.1631  loss_mask_0: 0.126  loss_dice_0: 1.162  loss_ce_1: 0.1296  loss_mask_1: 0.1559  loss_dice_1: 1.094  loss_ce_2: 0.06819  loss_mask_2: 0.1108  loss_dice_2: 1.175  loss_ce_3: 0.06857  loss_mask_3: 0.1076  loss_dice_3: 1.209  loss_ce_4: 0.06484  loss_mask_4: 0.1312  loss_dice_4: 1.081  loss_ce_5: 0.05677  loss_mask_5: 0.104  loss_dice_5: 1.113  loss_ce_6: 0.1122  loss_mask_6: 0.1125  loss_dice_6: 1.128  loss_ce_7: 0.08709  loss_mask_7: 0.1265  loss_dice_7: 1.259  loss_ce_8: 0.1159  loss_mask_8: 0.08335  loss_dice_8: 1.233    time: 0.8468  last_time: 0.8684  data_time: 0.1930  last_data_time: 0.1930   lr: 1.1744e-05  max_mem: 12314M
[03/18 02:28:11 d2.utils.events]:  eta: 0:43:41  iter: 6799  total_loss: 7.715  loss_ce: 0.01023  loss_mask: 0.02838  loss_dice: 0.801  loss_ce_0: 0.1208  loss_mask_0: 0.02633  loss_dice_0: 0.7551  loss_ce_1: 0.0118  loss_mask_1: 0.03124  loss_dice_1: 0.6524  loss_ce_2: 0.01587  loss_mask_2: 0.02618  loss_dice_2: 0.6157  loss_ce_3: 0.01067  loss_mask_3: 0.039  loss_dice_3: 0.7894  loss_ce_4: 0.01034  loss_mask_4: 0.03205  loss_dice_4: 0.8391  loss_ce_5: 0.01039  loss_mask_5: 0.02263  loss_dice_5: 0.5604  loss_ce_6: 0.01062  loss_mask_6: 0.0302  loss_dice_6: 0.7598  loss_ce_7: 0.01002  loss_mask_7: 0.0309  loss_dice_7: 0.7369  loss_ce_8: 0.009561  loss_mask_8: 0.03628  loss_dice_8: 0.6811    time: 0.8468  last_time: 0.8714  data_time: 0.2140  last_data_time: 0.2140   lr: 1.1611e-05  max_mem: 12314M
[03/18 02:28:29 d2.utils.events]:  eta: 0:43:25  iter: 6819  total_loss: 9.986  loss_ce: 0.05002  loss_mask: 0.0469  loss_dice: 0.7641  loss_ce_0: 0.3862  loss_mask_0: 0.05261  loss_dice_0: 0.9253  loss_ce_1: 0.07679  loss_mask_1: 0.05332  loss_dice_1: 0.9098  loss_ce_2: 0.08967  loss_mask_2: 0.05286  loss_dice_2: 0.9038  loss_ce_3: 0.07427  loss_mask_3: 0.04358  loss_dice_3: 0.7694  loss_ce_4: 0.0753  loss_mask_4: 0.04259  loss_dice_4: 0.8317  loss_ce_5: 0.08039  loss_mask_5: 0.04525  loss_dice_5: 0.8284  loss_ce_6: 0.09277  loss_mask_6: 0.04753  loss_dice_6: 0.7689  loss_ce_7: 0.03961  loss_mask_7: 0.04605  loss_dice_7: 0.8739  loss_ce_8: 0.09214  loss_mask_8: 0.0459  loss_dice_8: 0.8769    time: 0.8469  last_time: 1.2957  data_time: 0.6251  last_data_time: 0.6251   lr: 1.1479e-05  max_mem: 12314M
[03/18 02:28:46 d2.utils.events]:  eta: 0:43:08  iter: 6839  total_loss: 15.89  loss_ce: 0.1628  loss_mask: 0.08543  loss_dice: 1.403  loss_ce_0: 0.2687  loss_mask_0: 0.08269  loss_dice_0: 1.413  loss_ce_1: 0.2463  loss_mask_1: 0.07479  loss_dice_1: 1.265  loss_ce_2: 0.2435  loss_mask_2: 0.07027  loss_dice_2: 1.255  loss_ce_3: 0.2583  loss_mask_3: 0.08297  loss_dice_3: 1.159  loss_ce_4: 0.1731  loss_mask_4: 0.08409  loss_dice_4: 1.316  loss_ce_5: 0.2237  loss_mask_5: 0.07336  loss_dice_5: 1.158  loss_ce_6: 0.1535  loss_mask_6: 0.07265  loss_dice_6: 1.355  loss_ce_7: 0.1039  loss_mask_7: 0.07569  loss_dice_7: 1.442  loss_ce_8: 0.1544  loss_mask_8: 0.07435  loss_dice_8: 1.357    time: 0.8469  last_time: 0.8859  data_time: 0.2165  last_data_time: 0.2165   lr: 1.1347e-05  max_mem: 12314M
[03/18 02:29:02 d2.utils.events]:  eta: 0:42:48  iter: 6859  total_loss: 8.868  loss_ce: 0.03108  loss_mask: 0.04274  loss_dice: 0.733  loss_ce_0: 0.2155  loss_mask_0: 0.0673  loss_dice_0: 0.7908  loss_ce_1: 0.05832  loss_mask_1: 0.1009  loss_dice_1: 0.7431  loss_ce_2: 0.04189  loss_mask_2: 0.05862  loss_dice_2: 0.7054  loss_ce_3: 0.03346  loss_mask_3: 0.05173  loss_dice_3: 0.8025  loss_ce_4: 0.03077  loss_mask_4: 0.05196  loss_dice_4: 0.8304  loss_ce_5: 0.0298  loss_mask_5: 0.04339  loss_dice_5: 0.7362  loss_ce_6: 0.03009  loss_mask_6: 0.04355  loss_dice_6: 0.8978  loss_ce_7: 0.03088  loss_mask_7: 0.04324  loss_dice_7: 0.7617  loss_ce_8: 0.03055  loss_mask_8: 0.04461  loss_dice_8: 0.7868    time: 0.8468  last_time: 0.7895  data_time: 0.1277  last_data_time: 0.1277   lr: 1.1215e-05  max_mem: 12314M
[03/18 02:29:20 d2.utils.events]:  eta: 0:42:32  iter: 6879  total_loss: 8.499  loss_ce: 0.02647  loss_mask: 0.045  loss_dice: 0.7941  loss_ce_0: 0.2849  loss_mask_0: 0.05755  loss_dice_0: 0.8719  loss_ce_1: 0.06692  loss_mask_1: 0.04823  loss_dice_1: 0.8408  loss_ce_2: 0.1008  loss_mask_2: 0.04613  loss_dice_2: 0.6796  loss_ce_3: 0.0452  loss_mask_3: 0.04106  loss_dice_3: 0.636  loss_ce_4: 0.03971  loss_mask_4: 0.04271  loss_dice_4: 0.6853  loss_ce_5: 0.03204  loss_mask_5: 0.04319  loss_dice_5: 0.6132  loss_ce_6: 0.03108  loss_mask_6: 0.04603  loss_dice_6: 0.6923  loss_ce_7: 0.02707  loss_mask_7: 0.04494  loss_dice_7: 0.7984  loss_ce_8: 0.0281  loss_mask_8: 0.04458  loss_dice_8: 0.7454    time: 0.8468  last_time: 0.7936  data_time: 0.1182  last_data_time: 0.1182   lr: 1.1085e-05  max_mem: 12314M
[03/18 02:29:36 d2.utils.events]:  eta: 0:42:15  iter: 6899  total_loss: 16.05  loss_ce: 0.2065  loss_mask: 0.1039  loss_dice: 1.309  loss_ce_0: 0.3612  loss_mask_0: 0.1472  loss_dice_0: 1.459  loss_ce_1: 0.1973  loss_mask_1: 0.1228  loss_dice_1: 1.408  loss_ce_2: 0.1282  loss_mask_2: 0.09607  loss_dice_2: 1.372  loss_ce_3: 0.1269  loss_mask_3: 0.09339  loss_dice_3: 1.309  loss_ce_4: 0.1236  loss_mask_4: 0.09648  loss_dice_4: 1.254  loss_ce_5: 0.1561  loss_mask_5: 0.09152  loss_dice_5: 1.118  loss_ce_6: 0.1489  loss_mask_6: 0.0978  loss_dice_6: 1.312  loss_ce_7: 0.1421  loss_mask_7: 0.09865  loss_dice_7: 1.417  loss_ce_8: 0.1018  loss_mask_8: 0.09456  loss_dice_8: 1.353    time: 0.8467  last_time: 0.9760  data_time: 0.2175  last_data_time: 0.2175   lr: 1.0954e-05  max_mem: 12314M
[03/18 02:29:54 d2.utils.events]:  eta: 0:41:59  iter: 6919  total_loss: 13.47  loss_ce: 0.1786  loss_mask: 0.02568  loss_dice: 1.122  loss_ce_0: 0.2105  loss_mask_0: 0.03125  loss_dice_0: 1.483  loss_ce_1: 0.1705  loss_mask_1: 0.04879  loss_dice_1: 1.315  loss_ce_2: 0.1931  loss_mask_2: 0.03534  loss_dice_2: 0.7994  loss_ce_3: 0.1523  loss_mask_3: 0.04316  loss_dice_3: 0.9002  loss_ce_4: 0.1979  loss_mask_4: 0.04798  loss_dice_4: 1.188  loss_ce_5: 0.1011  loss_mask_5: 0.04235  loss_dice_5: 1.241  loss_ce_6: 0.1111  loss_mask_6: 0.03462  loss_dice_6: 1.202  loss_ce_7: 0.1221  loss_mask_7: 0.0472  loss_dice_7: 1.2  loss_ce_8: 0.174  loss_mask_8: 0.03274  loss_dice_8: 1.016    time: 0.8467  last_time: 0.8710  data_time: 0.2135  last_data_time: 0.2135   lr: 1.0825e-05  max_mem: 12314M
[03/18 02:30:11 d2.utils.events]:  eta: 0:41:43  iter: 6939  total_loss: 9.519  loss_ce: 0.01745  loss_mask: 0.0692  loss_dice: 0.7987  loss_ce_0: 0.1413  loss_mask_0: 0.1423  loss_dice_0: 1.076  loss_ce_1: 0.02364  loss_mask_1: 0.07729  loss_dice_1: 0.7803  loss_ce_2: 0.02983  loss_mask_2: 0.06908  loss_dice_2: 0.8571  loss_ce_3: 0.02088  loss_mask_3: 0.07868  loss_dice_3: 0.8363  loss_ce_4: 0.02111  loss_mask_4: 0.06972  loss_dice_4: 0.7931  loss_ce_5: 0.02144  loss_mask_5: 0.069  loss_dice_5: 0.8976  loss_ce_6: 0.01811  loss_mask_6: 0.06206  loss_dice_6: 0.7623  loss_ce_7: 0.0183  loss_mask_7: 0.07095  loss_dice_7: 0.8395  loss_ce_8: 0.01747  loss_mask_8: 0.06826  loss_dice_8: 0.7721    time: 0.8467  last_time: 0.9154  data_time: 0.2330  last_data_time: 0.2330   lr: 1.0696e-05  max_mem: 12314M
[03/18 02:30:28 d2.utils.events]:  eta: 0:41:28  iter: 6959  total_loss: 9.386  loss_ce: 0.02626  loss_mask: 0.0473  loss_dice: 0.84  loss_ce_0: 0.3486  loss_mask_0: 0.06812  loss_dice_0: 1.094  loss_ce_1: 0.03721  loss_mask_1: 0.04807  loss_dice_1: 0.8435  loss_ce_2: 0.03388  loss_mask_2: 0.04397  loss_dice_2: 0.6675  loss_ce_3: 0.07041  loss_mask_3: 0.04291  loss_dice_3: 0.7849  loss_ce_4: 0.02257  loss_mask_4: 0.04441  loss_dice_4: 0.7318  loss_ce_5: 0.02127  loss_mask_5: 0.05027  loss_dice_5: 0.8833  loss_ce_6: 0.0239  loss_mask_6: 0.04458  loss_dice_6: 0.7917  loss_ce_7: 0.02568  loss_mask_7: 0.04479  loss_dice_7: 0.8423  loss_ce_8: 0.02546  loss_mask_8: 0.04451  loss_dice_8: 0.7927    time: 0.8468  last_time: 0.7815  data_time: 0.1157  last_data_time: 0.1157   lr: 1.0567e-05  max_mem: 12314M
[03/18 02:30:46 d2.utils.events]:  eta: 0:41:10  iter: 6979  total_loss: 6.853  loss_ce: 0.006956  loss_mask: 0.03735  loss_dice: 0.6734  loss_ce_0: 0.133  loss_mask_0: 0.039  loss_dice_0: 0.8443  loss_ce_1: 0.01449  loss_mask_1: 0.02945  loss_dice_1: 0.5316  loss_ce_2: 0.01843  loss_mask_2: 0.03691  loss_dice_2: 0.6162  loss_ce_3: 0.01163  loss_mask_3: 0.02993  loss_dice_3: 0.5783  loss_ce_4: 0.009912  loss_mask_4: 0.03118  loss_dice_4: 0.5505  loss_ce_5: 0.008572  loss_mask_5: 0.03657  loss_dice_5: 0.6809  loss_ce_6: 0.008817  loss_mask_6: 0.03179  loss_dice_6: 0.5576  loss_ce_7: 0.008257  loss_mask_7: 0.03909  loss_dice_7: 0.7439  loss_ce_8: 0.00734  loss_mask_8: 0.0304  loss_dice_8: 0.5075    time: 0.8468  last_time: 0.8353  data_time: 0.1756  last_data_time: 0.1756   lr: 1.0439e-05  max_mem: 12314M
[03/18 02:31:03 d2.utils.events]:  eta: 0:40:56  iter: 6999  total_loss: 13.22  loss_ce: 0.06161  loss_mask: 0.05358  loss_dice: 1.15  loss_ce_0: 0.3792  loss_mask_0: 0.09614  loss_dice_0: 1.291  loss_ce_1: 0.1828  loss_mask_1: 0.0667  loss_dice_1: 1.452  loss_ce_2: 0.216  loss_mask_2: 0.06272  loss_dice_2: 0.9942  loss_ce_3: 0.08607  loss_mask_3: 0.05641  loss_dice_3: 0.9385  loss_ce_4: 0.1171  loss_mask_4: 0.05511  loss_dice_4: 1.043  loss_ce_5: 0.1118  loss_mask_5: 0.05238  loss_dice_5: 0.9515  loss_ce_6: 0.1004  loss_mask_6: 0.05158  loss_dice_6: 1.222  loss_ce_7: 0.0621  loss_mask_7: 0.04959  loss_dice_7: 0.992  loss_ce_8: 0.1295  loss_mask_8: 0.0513  loss_dice_8: 1.142    time: 0.8468  last_time: 0.8767  data_time: 0.1924  last_data_time: 0.1924   lr: 1.0312e-05  max_mem: 12314M
[03/18 02:31:21 d2.utils.events]:  eta: 0:40:37  iter: 7019  total_loss: 16.65  loss_ce: 0.1471  loss_mask: 0.04544  loss_dice: 1.38  loss_ce_0: 0.3038  loss_mask_0: 0.0737  loss_dice_0: 1.962  loss_ce_1: 0.2122  loss_mask_1: 0.05282  loss_dice_1: 1.337  loss_ce_2: 0.1407  loss_mask_2: 0.05205  loss_dice_2: 1.376  loss_ce_3: 0.151  loss_mask_3: 0.05873  loss_dice_3: 1.556  loss_ce_4: 0.1944  loss_mask_4: 0.04762  loss_dice_4: 1.29  loss_ce_5: 0.105  loss_mask_5: 0.04703  loss_dice_5: 1.532  loss_ce_6: 0.1474  loss_mask_6: 0.04853  loss_dice_6: 1.288  loss_ce_7: 0.1585  loss_mask_7: 0.04633  loss_dice_7: 1.456  loss_ce_8: 0.1391  loss_mask_8: 0.04031  loss_dice_8: 1.259    time: 0.8469  last_time: 0.8659  data_time: 0.1956  last_data_time: 0.1956   lr: 1.0185e-05  max_mem: 12314M
[03/18 02:31:37 d2.utils.events]:  eta: 0:40:19  iter: 7039  total_loss: 10.8  loss_ce: 0.02216  loss_mask: 0.187  loss_dice: 0.7385  loss_ce_0: 0.311  loss_mask_0: 0.2673  loss_dice_0: 1.091  loss_ce_1: 0.03899  loss_mask_1: 0.2203  loss_dice_1: 0.8809  loss_ce_2: 0.038  loss_mask_2: 0.1857  loss_dice_2: 0.769  loss_ce_3: 0.02345  loss_mask_3: 0.18  loss_dice_3: 0.8946  loss_ce_4: 0.02245  loss_mask_4: 0.2031  loss_dice_4: 0.7727  loss_ce_5: 0.02127  loss_mask_5: 0.1955  loss_dice_5: 0.7373  loss_ce_6: 0.02074  loss_mask_6: 0.1955  loss_dice_6: 0.792  loss_ce_7: 0.02192  loss_mask_7: 0.1808  loss_dice_7: 0.7753  loss_ce_8: 0.02075  loss_mask_8: 0.164  loss_dice_8: 0.8323    time: 0.8468  last_time: 1.0383  data_time: 0.1828  last_data_time: 0.1828   lr: 1.0059e-05  max_mem: 12314M
[03/18 02:31:55 d2.utils.events]:  eta: 0:40:04  iter: 7059  total_loss: 9.006  loss_ce: 0.09238  loss_mask: 0.04167  loss_dice: 0.7528  loss_ce_0: 0.3216  loss_mask_0: 0.05369  loss_dice_0: 0.8343  loss_ce_1: 0.0975  loss_mask_1: 0.04986  loss_dice_1: 0.8103  loss_ce_2: 0.1152  loss_mask_2: 0.04075  loss_dice_2: 0.6776  loss_ce_3: 0.1216  loss_mask_3: 0.04339  loss_dice_3: 0.6682  loss_ce_4: 0.1074  loss_mask_4: 0.03827  loss_dice_4: 0.7059  loss_ce_5: 0.1192  loss_mask_5: 0.04406  loss_dice_5: 0.7409  loss_ce_6: 0.1058  loss_mask_6: 0.04292  loss_dice_6: 0.7332  loss_ce_7: 0.08348  loss_mask_7: 0.03716  loss_dice_7: 0.7173  loss_ce_8: 0.1122  loss_mask_8: 0.04412  loss_dice_8: 0.6535    time: 0.8469  last_time: 0.8712  data_time: 0.1987  last_data_time: 0.1987   lr: 9.933e-06  max_mem: 12314M
[03/18 02:32:12 d2.utils.events]:  eta: 0:39:46  iter: 7079  total_loss: 15.21  loss_ce: 0.2023  loss_mask: 0.04953  loss_dice: 0.9127  loss_ce_0: 0.4563  loss_mask_0: 0.05815  loss_dice_0: 1.462  loss_ce_1: 0.3142  loss_mask_1: 0.04886  loss_dice_1: 1.197  loss_ce_2: 0.2687  loss_mask_2: 0.05708  loss_dice_2: 1.228  loss_ce_3: 0.2568  loss_mask_3: 0.06059  loss_dice_3: 1.192  loss_ce_4: 0.2326  loss_mask_4: 0.06617  loss_dice_4: 1.263  loss_ce_5: 0.2366  loss_mask_5: 0.07176  loss_dice_5: 1.24  loss_ce_6: 0.2547  loss_mask_6: 0.06186  loss_dice_6: 1.171  loss_ce_7: 0.1826  loss_mask_7: 0.06147  loss_dice_7: 1.117  loss_ce_8: 0.2205  loss_mask_8: 0.06024  loss_dice_8: 1.206    time: 0.8469  last_time: 0.7936  data_time: 0.1218  last_data_time: 0.1218   lr: 9.808e-06  max_mem: 12314M
[03/18 02:32:29 d2.utils.events]:  eta: 0:39:29  iter: 7099  total_loss: 8.651  loss_ce: 0.06342  loss_mask: 0.04931  loss_dice: 0.7721  loss_ce_0: 0.3482  loss_mask_0: 0.04729  loss_dice_0: 0.6672  loss_ce_1: 0.05503  loss_mask_1: 0.0468  loss_dice_1: 0.7755  loss_ce_2: 0.04663  loss_mask_2: 0.04916  loss_dice_2: 0.7251  loss_ce_3: 0.07109  loss_mask_3: 0.0534  loss_dice_3: 0.7239  loss_ce_4: 0.08102  loss_mask_4: 0.04846  loss_dice_4: 0.7405  loss_ce_5: 0.1241  loss_mask_5: 0.04205  loss_dice_5: 0.662  loss_ce_6: 0.1201  loss_mask_6: 0.04439  loss_dice_6: 0.6508  loss_ce_7: 0.1182  loss_mask_7: 0.04111  loss_dice_7: 0.6708  loss_ce_8: 0.1294  loss_mask_8: 0.04128  loss_dice_8: 0.6426    time: 0.8469  last_time: 0.9799  data_time: 0.2978  last_data_time: 0.2978   lr: 9.6835e-06  max_mem: 12314M
[03/18 02:32:47 d2.utils.events]:  eta: 0:39:15  iter: 7119  total_loss: 6.751  loss_ce: 0.04194  loss_mask: 0.03036  loss_dice: 0.7352  loss_ce_0: 0.1329  loss_mask_0: 0.03668  loss_dice_0: 0.629  loss_ce_1: 0.02677  loss_mask_1: 0.03287  loss_dice_1: 0.6258  loss_ce_2: 0.05851  loss_mask_2: 0.03424  loss_dice_2: 0.6631  loss_ce_3: 0.0193  loss_mask_3: 0.0321  loss_dice_3: 0.5155  loss_ce_4: 0.01853  loss_mask_4: 0.03309  loss_dice_4: 0.5174  loss_ce_5: 0.0177  loss_mask_5: 0.03135  loss_dice_5: 0.5616  loss_ce_6: 0.01861  loss_mask_6: 0.03881  loss_dice_6: 0.6739  loss_ce_7: 0.01961  loss_mask_7: 0.03676  loss_dice_7: 0.5221  loss_ce_8: 0.04452  loss_mask_8: 0.03558  loss_dice_8: 0.5673    time: 0.8470  last_time: 1.0825  data_time: 0.1544  last_data_time: 0.1544   lr: 9.5597e-06  max_mem: 12314M
[03/18 02:33:04 d2.utils.events]:  eta: 0:38:58  iter: 7139  total_loss: 9.797  loss_ce: 0.01583  loss_mask: 0.0544  loss_dice: 0.8753  loss_ce_0: 0.1936  loss_mask_0: 0.05155  loss_dice_0: 1.031  loss_ce_1: 0.02782  loss_mask_1: 0.04967  loss_dice_1: 0.972  loss_ce_2: 0.03202  loss_mask_2: 0.04441  loss_dice_2: 0.9626  loss_ce_3: 0.02138  loss_mask_3: 0.03932  loss_dice_3: 0.7342  loss_ce_4: 0.02  loss_mask_4: 0.05102  loss_dice_4: 0.947  loss_ce_5: 0.01911  loss_mask_5: 0.04596  loss_dice_5: 0.8418  loss_ce_6: 0.01861  loss_mask_6: 0.05085  loss_dice_6: 0.8976  loss_ce_7: 0.01639  loss_mask_7: 0.05245  loss_dice_7: 0.8421  loss_ce_8: 0.01526  loss_mask_8: 0.04411  loss_dice_8: 0.8297    time: 0.8469  last_time: 0.8032  data_time: 0.1390  last_data_time: 0.1390   lr: 9.4365e-06  max_mem: 12314M
[03/18 02:33:22 d2.utils.events]:  eta: 0:38:46  iter: 7159  total_loss: 12.97  loss_ce: 0.117  loss_mask: 0.02388  loss_dice: 1.088  loss_ce_0: 0.145  loss_mask_0: 0.02768  loss_dice_0: 1.141  loss_ce_1: 0.1323  loss_mask_1: 0.02435  loss_dice_1: 1.297  loss_ce_2: 0.1308  loss_mask_2: 0.02886  loss_dice_2: 1.124  loss_ce_3: 0.04616  loss_mask_3: 0.0288  loss_dice_3: 1.343  loss_ce_4: 0.03826  loss_mask_4: 0.02253  loss_dice_4: 1.211  loss_ce_5: 0.1211  loss_mask_5: 0.02174  loss_dice_5: 1.012  loss_ce_6: 0.05049  loss_mask_6: 0.02262  loss_dice_6: 1.137  loss_ce_7: 0.06095  loss_mask_7: 0.02686  loss_dice_7: 0.9959  loss_ce_8: 0.04605  loss_mask_8: 0.02444  loss_dice_8: 1.482    time: 0.8470  last_time: 0.8080  data_time: 0.1379  last_data_time: 0.1379   lr: 9.3138e-06  max_mem: 12314M
[03/18 02:33:38 d2.utils.events]:  eta: 0:38:29  iter: 7179  total_loss: 11.63  loss_ce: 0.01903  loss_mask: 0.05756  loss_dice: 1.023  loss_ce_0: 0.2943  loss_mask_0: 0.08245  loss_dice_0: 1.07  loss_ce_1: 0.03772  loss_mask_1: 0.0656  loss_dice_1: 1.033  loss_ce_2: 0.03171  loss_mask_2: 0.06384  loss_dice_2: 1.025  loss_ce_3: 0.02161  loss_mask_3: 0.0621  loss_dice_3: 1.047  loss_ce_4: 0.02033  loss_mask_4: 0.06424  loss_dice_4: 1.141  loss_ce_5: 0.01856  loss_mask_5: 0.06401  loss_dice_5: 1.041  loss_ce_6: 0.01703  loss_mask_6: 0.05734  loss_dice_6: 1.065  loss_ce_7: 0.01736  loss_mask_7: 0.06089  loss_dice_7: 1.062  loss_ce_8: 0.01777  loss_mask_8: 0.05927  loss_dice_8: 0.9887    time: 0.8469  last_time: 0.8095  data_time: 0.1442  last_data_time: 0.1442   lr: 9.1918e-06  max_mem: 12314M
[03/18 02:33:55 d2.utils.events]:  eta: 0:38:13  iter: 7199  total_loss: 16.85  loss_ce: 0.05892  loss_mask: 0.1105  loss_dice: 1.451  loss_ce_0: 0.6222  loss_mask_0: 0.1176  loss_dice_0: 1.573  loss_ce_1: 0.1399  loss_mask_1: 0.08342  loss_dice_1: 1.382  loss_ce_2: 0.09335  loss_mask_2: 0.09341  loss_dice_2: 1.473  loss_ce_3: 0.1086  loss_mask_3: 0.1128  loss_dice_3: 1.503  loss_ce_4: 0.09265  loss_mask_4: 0.1052  loss_dice_4: 1.319  loss_ce_5: 0.09464  loss_mask_5: 0.1027  loss_dice_5: 1.289  loss_ce_6: 0.07267  loss_mask_6: 0.1193  loss_dice_6: 1.521  loss_ce_7: 0.1379  loss_mask_7: 0.1045  loss_dice_7: 1.444  loss_ce_8: 0.06798  loss_mask_8: 0.1032  loss_dice_8: 1.351    time: 0.8469  last_time: 0.8989  data_time: 0.2217  last_data_time: 0.2217   lr: 9.0705e-06  max_mem: 12314M
[03/18 02:34:12 d2.utils.events]:  eta: 0:37:53  iter: 7219  total_loss: 16.03  loss_ce: 0.08191  loss_mask: 0.06165  loss_dice: 1.38  loss_ce_0: 0.2464  loss_mask_0: 0.05668  loss_dice_0: 1.631  loss_ce_1: 0.2416  loss_mask_1: 0.05681  loss_dice_1: 1.229  loss_ce_2: 0.2086  loss_mask_2: 0.06641  loss_dice_2: 1.499  loss_ce_3: 0.1245  loss_mask_3: 0.05943  loss_dice_3: 1.273  loss_ce_4: 0.08127  loss_mask_4: 0.05329  loss_dice_4: 1.317  loss_ce_5: 0.1165  loss_mask_5: 0.05834  loss_dice_5: 1.535  loss_ce_6: 0.1475  loss_mask_6: 0.05206  loss_dice_6: 1.467  loss_ce_7: 0.0679  loss_mask_7: 0.05947  loss_dice_7: 1.51  loss_ce_8: 0.08229  loss_mask_8: 0.04487  loss_dice_8: 1.226    time: 0.8469  last_time: 0.8109  data_time: 0.1328  last_data_time: 0.1328   lr: 8.9497e-06  max_mem: 12314M
[03/18 02:34:30 d2.utils.events]:  eta: 0:37:41  iter: 7239  total_loss: 11.52  loss_ce: 0.0181  loss_mask: 0.04084  loss_dice: 0.9564  loss_ce_0: 0.2159  loss_mask_0: 0.06725  loss_dice_0: 1.345  loss_ce_1: 0.03006  loss_mask_1: 0.04654  loss_dice_1: 1.263  loss_ce_2: 0.03502  loss_mask_2: 0.04243  loss_dice_2: 1.006  loss_ce_3: 0.01515  loss_mask_3: 0.04133  loss_dice_3: 1.05  loss_ce_4: 0.0172  loss_mask_4: 0.03845  loss_dice_4: 0.9455  loss_ce_5: 0.0164  loss_mask_5: 0.04147  loss_dice_5: 1.057  loss_ce_6: 0.01795  loss_mask_6: 0.04307  loss_dice_6: 1.035  loss_ce_7: 0.01777  loss_mask_7: 0.03904  loss_dice_7: 0.9764  loss_ce_8: 0.01728  loss_mask_8: 0.04307  loss_dice_8: 1.038    time: 0.8470  last_time: 0.8494  data_time: 0.1848  last_data_time: 0.1848   lr: 8.8296e-06  max_mem: 12314M
[03/18 02:34:47 d2.utils.events]:  eta: 0:37:24  iter: 7259  total_loss: 20.64  loss_ce: 0.2048  loss_mask: 0.0845  loss_dice: 1.616  loss_ce_0: 0.6615  loss_mask_0: 0.1145  loss_dice_0: 1.848  loss_ce_1: 0.2579  loss_mask_1: 0.07931  loss_dice_1: 1.649  loss_ce_2: 0.2351  loss_mask_2: 0.08193  loss_dice_2: 1.666  loss_ce_3: 0.2166  loss_mask_3: 0.0972  loss_dice_3: 1.77  loss_ce_4: 0.2171  loss_mask_4: 0.08277  loss_dice_4: 1.668  loss_ce_5: 0.2212  loss_mask_5: 0.1092  loss_dice_5: 1.675  loss_ce_6: 0.2061  loss_mask_6: 0.09273  loss_dice_6: 1.872  loss_ce_7: 0.1927  loss_mask_7: 0.08563  loss_dice_7: 1.705  loss_ce_8: 0.1914  loss_mask_8: 0.0847  loss_dice_8: 1.65    time: 0.8470  last_time: 1.4687  data_time: 0.6260  last_data_time: 0.6260   lr: 8.7101e-06  max_mem: 12314M
[03/18 02:35:04 d2.utils.events]:  eta: 0:37:05  iter: 7279  total_loss: 13.72  loss_ce: 0.0493  loss_mask: 0.05624  loss_dice: 1.193  loss_ce_0: 0.3226  loss_mask_0: 0.08008  loss_dice_0: 1.694  loss_ce_1: 0.0908  loss_mask_1: 0.07389  loss_dice_1: 1.082  loss_ce_2: 0.14  loss_mask_2: 0.07538  loss_dice_2: 1.404  loss_ce_3: 0.03166  loss_mask_3: 0.05893  loss_dice_3: 1.142  loss_ce_4: 0.0641  loss_mask_4: 0.04678  loss_dice_4: 0.8983  loss_ce_5: 0.1148  loss_mask_5: 0.06228  loss_dice_5: 1.405  loss_ce_6: 0.0481  loss_mask_6: 0.05284  loss_dice_6: 1.13  loss_ce_7: 0.04607  loss_mask_7: 0.05188  loss_dice_7: 1.146  loss_ce_8: 0.04873  loss_mask_8: 0.04982  loss_dice_8: 1.064    time: 0.8469  last_time: 0.8355  data_time: 0.1498  last_data_time: 0.1498   lr: 8.5913e-06  max_mem: 12314M
[03/18 02:35:21 d2.utils.events]:  eta: 0:36:50  iter: 7299  total_loss: 6.83  loss_ce: 0.01406  loss_mask: 0.02433  loss_dice: 0.4643  loss_ce_0: 0.2458  loss_mask_0: 0.03152  loss_dice_0: 0.7862  loss_ce_1: 0.03189  loss_mask_1: 0.0436  loss_dice_1: 0.62  loss_ce_2: 0.06097  loss_mask_2: 0.02828  loss_dice_2: 0.5816  loss_ce_3: 0.01512  loss_mask_3: 0.03454  loss_dice_3: 0.653  loss_ce_4: 0.01495  loss_mask_4: 0.03005  loss_dice_4: 0.5664  loss_ce_5: 0.01514  loss_mask_5: 0.03371  loss_dice_5: 0.6793  loss_ce_6: 0.01409  loss_mask_6: 0.03248  loss_dice_6: 0.5561  loss_ce_7: 0.01348  loss_mask_7: 0.03137  loss_dice_7: 0.563  loss_ce_8: 0.01341  loss_mask_8: 0.02983  loss_dice_8: 0.6012    time: 0.8469  last_time: 0.8674  data_time: 0.2034  last_data_time: 0.2034   lr: 8.4731e-06  max_mem: 12314M
[03/18 02:35:38 d2.utils.events]:  eta: 0:36:35  iter: 7319  total_loss: 7.111  loss_ce: 0.02775  loss_mask: 0.03102  loss_dice: 0.515  loss_ce_0: 0.3317  loss_mask_0: 0.09261  loss_dice_0: 1.074  loss_ce_1: 0.05263  loss_mask_1: 0.03458  loss_dice_1: 0.4785  loss_ce_2: 0.03925  loss_mask_2: 0.03493  loss_dice_2: 0.6754  loss_ce_3: 0.03042  loss_mask_3: 0.03867  loss_dice_3: 0.6527  loss_ce_4: 0.03235  loss_mask_4: 0.03619  loss_dice_4: 0.6772  loss_ce_5: 0.02942  loss_mask_5: 0.03411  loss_dice_5: 0.4811  loss_ce_6: 0.03083  loss_mask_6: 0.03594  loss_dice_6: 0.5247  loss_ce_7: 0.02863  loss_mask_7: 0.03167  loss_dice_7: 0.4731  loss_ce_8: 0.02854  loss_mask_8: 0.03424  loss_dice_8: 0.5231    time: 0.8469  last_time: 0.8539  data_time: 0.1895  last_data_time: 0.1895   lr: 8.3556e-06  max_mem: 12314M
[03/18 02:35:56 d2.utils.events]:  eta: 0:36:20  iter: 7339  total_loss: 17.16  loss_ce: 0.1544  loss_mask: 0.04678  loss_dice: 1.323  loss_ce_0: 0.6751  loss_mask_0: 0.08043  loss_dice_0: 1.613  loss_ce_1: 0.2187  loss_mask_1: 0.05576  loss_dice_1: 1.377  loss_ce_2: 0.1503  loss_mask_2: 0.05601  loss_dice_2: 1.362  loss_ce_3: 0.1893  loss_mask_3: 0.05484  loss_dice_3: 1.496  loss_ce_4: 0.159  loss_mask_4: 0.05387  loss_dice_4: 1.371  loss_ce_5: 0.1614  loss_mask_5: 0.05252  loss_dice_5: 1.421  loss_ce_6: 0.2023  loss_mask_6: 0.05417  loss_dice_6: 1.355  loss_ce_7: 0.1399  loss_mask_7: 0.0602  loss_dice_7: 1.505  loss_ce_8: 0.1546  loss_mask_8: 0.05831  loss_dice_8: 1.556    time: 0.8470  last_time: 0.8975  data_time: 0.2108  last_data_time: 0.2108   lr: 8.2387e-06  max_mem: 12314M
[03/18 02:36:14 d2.utils.events]:  eta: 0:36:04  iter: 7359  total_loss: 9.922  loss_ce: 0.07268  loss_mask: 0.03691  loss_dice: 0.8865  loss_ce_0: 0.1148  loss_mask_0: 0.04071  loss_dice_0: 0.9491  loss_ce_1: 0.1018  loss_mask_1: 0.03491  loss_dice_1: 0.7952  loss_ce_2: 0.1165  loss_mask_2: 0.03921  loss_dice_2: 0.8455  loss_ce_3: 0.1066  loss_mask_3: 0.03819  loss_dice_3: 0.9287  loss_ce_4: 0.09595  loss_mask_4: 0.03413  loss_dice_4: 0.8658  loss_ce_5: 0.09245  loss_mask_5: 0.03905  loss_dice_5: 0.8282  loss_ce_6: 0.07467  loss_mask_6: 0.0345  loss_dice_6: 0.8256  loss_ce_7: 0.07508  loss_mask_7: 0.03293  loss_dice_7: 0.8862  loss_ce_8: 0.1119  loss_mask_8: 0.03292  loss_dice_8: 0.7851    time: 0.8471  last_time: 0.8185  data_time: 0.1610  last_data_time: 0.1610   lr: 8.1225e-06  max_mem: 12314M
[03/18 02:36:30 d2.utils.events]:  eta: 0:35:47  iter: 7379  total_loss: 7.235  loss_ce: 0.01374  loss_mask: 0.04103  loss_dice: 0.7709  loss_ce_0: 0.1507  loss_mask_0: 0.04302  loss_dice_0: 0.9574  loss_ce_1: 0.0458  loss_mask_1: 0.03461  loss_dice_1: 0.611  loss_ce_2: 0.01456  loss_mask_2: 0.04714  loss_dice_2: 0.6337  loss_ce_3: 0.01262  loss_mask_3: 0.04126  loss_dice_3: 0.7276  loss_ce_4: 0.01476  loss_mask_4: 0.03469  loss_dice_4: 0.562  loss_ce_5: 0.01446  loss_mask_5: 0.03367  loss_dice_5: 0.5606  loss_ce_6: 0.01398  loss_mask_6: 0.0248  loss_dice_6: 0.532  loss_ce_7: 0.013  loss_mask_7: 0.02899  loss_dice_7: 0.5859  loss_ce_8: 0.01331  loss_mask_8: 0.0323  loss_dice_8: 0.6253    time: 0.8470  last_time: 0.7524  data_time: 0.0807  last_data_time: 0.0807   lr: 8.0069e-06  max_mem: 12314M
[03/18 02:36:47 d2.utils.events]:  eta: 0:35:30  iter: 7399  total_loss: 9.655  loss_ce: 0.01586  loss_mask: 0.04219  loss_dice: 0.9424  loss_ce_0: 0.2222  loss_mask_0: 0.03096  loss_dice_0: 0.8591  loss_ce_1: 0.04922  loss_mask_1: 0.04455  loss_dice_1: 0.8743  loss_ce_2: 0.02496  loss_mask_2: 0.04203  loss_dice_2: 0.8897  loss_ce_3: 0.029  loss_mask_3: 0.04203  loss_dice_3: 0.8807  loss_ce_4: 0.02472  loss_mask_4: 0.03621  loss_dice_4: 0.9084  loss_ce_5: 0.01977  loss_mask_5: 0.04126  loss_dice_5: 0.9213  loss_ce_6: 0.01864  loss_mask_6: 0.03405  loss_dice_6: 0.8428  loss_ce_7: 0.0162  loss_mask_7: 0.03541  loss_dice_7: 0.8589  loss_ce_8: 0.01566  loss_mask_8: 0.03639  loss_dice_8: 0.8559    time: 0.8469  last_time: 0.8298  data_time: 0.0642  last_data_time: 0.0642   lr: 7.892e-06  max_mem: 12314M
[03/18 02:37:05 d2.utils.events]:  eta: 0:35:14  iter: 7419  total_loss: 8.367  loss_ce: 0.02963  loss_mask: 0.04454  loss_dice: 0.6867  loss_ce_0: 0.2484  loss_mask_0: 0.1026  loss_dice_0: 0.9053  loss_ce_1: 0.04541  loss_mask_1: 0.05742  loss_dice_1: 0.6853  loss_ce_2: 0.04186  loss_mask_2: 0.05467  loss_dice_2: 0.6798  loss_ce_3: 0.0379  loss_mask_3: 0.05163  loss_dice_3: 0.6947  loss_ce_4: 0.03434  loss_mask_4: 0.0528  loss_dice_4: 0.6573  loss_ce_5: 0.03144  loss_mask_5: 0.04977  loss_dice_5: 0.7285  loss_ce_6: 0.03035  loss_mask_6: 0.05083  loss_dice_6: 0.7463  loss_ce_7: 0.02959  loss_mask_7: 0.05281  loss_dice_7: 0.7219  loss_ce_8: 0.02933  loss_mask_8: 0.04923  loss_dice_8: 0.7363    time: 0.8471  last_time: 0.7415  data_time: 0.0734  last_data_time: 0.0734   lr: 7.7778e-06  max_mem: 12314M
[03/18 02:37:22 d2.utils.events]:  eta: 0:34:58  iter: 7439  total_loss: 15.67  loss_ce: 0.09111  loss_mask: 0.07451  loss_dice: 1.404  loss_ce_0: 0.3772  loss_mask_0: 0.08731  loss_dice_0: 1.532  loss_ce_1: 0.1815  loss_mask_1: 0.06298  loss_dice_1: 1.299  loss_ce_2: 0.07469  loss_mask_2: 0.06876  loss_dice_2: 1.496  loss_ce_3: 0.1058  loss_mask_3: 0.06251  loss_dice_3: 1.263  loss_ce_4: 0.1368  loss_mask_4: 0.0571  loss_dice_4: 1.207  loss_ce_5: 0.1525  loss_mask_5: 0.07295  loss_dice_5: 1.284  loss_ce_6: 0.06049  loss_mask_6: 0.05725  loss_dice_6: 1.423  loss_ce_7: 0.08707  loss_mask_7: 0.05112  loss_dice_7: 1.362  loss_ce_8: 0.1235  loss_mask_8: 0.07186  loss_dice_8: 1.344    time: 0.8470  last_time: 0.8646  data_time: 0.1774  last_data_time: 0.1774   lr: 7.6643e-06  max_mem: 12314M
[03/18 02:37:39 d2.utils.events]:  eta: 0:34:42  iter: 7459  total_loss: 7.883  loss_ce: 0.03195  loss_mask: 0.03936  loss_dice: 0.6869  loss_ce_0: 0.2117  loss_mask_0: 0.05979  loss_dice_0: 0.8641  loss_ce_1: 0.02919  loss_mask_1: 0.04011  loss_dice_1: 0.5846  loss_ce_2: 0.03193  loss_mask_2: 0.04358  loss_dice_2: 0.7074  loss_ce_3: 0.02741  loss_mask_3: 0.04381  loss_dice_3: 0.7398  loss_ce_4: 0.02432  loss_mask_4: 0.04193  loss_dice_4: 0.693  loss_ce_5: 0.06376  loss_mask_5: 0.03493  loss_dice_5: 0.7592  loss_ce_6: 0.0312  loss_mask_6: 0.03868  loss_dice_6: 0.6344  loss_ce_7: 0.08182  loss_mask_7: 0.04178  loss_dice_7: 0.6025  loss_ce_8: 0.03354  loss_mask_8: 0.04251  loss_dice_8: 0.6173    time: 0.8469  last_time: 0.7921  data_time: 0.1325  last_data_time: 0.1325   lr: 7.5515e-06  max_mem: 12314M
[03/18 02:37:55 d2.utils.events]:  eta: 0:34:25  iter: 7479  total_loss: 7.545  loss_ce: 0.03818  loss_mask: 0.02783  loss_dice: 0.6258  loss_ce_0: 0.2137  loss_mask_0: 0.02531  loss_dice_0: 0.748  loss_ce_1: 0.1102  loss_mask_1: 0.03138  loss_dice_1: 0.6708  loss_ce_2: 0.1086  loss_mask_2: 0.02427  loss_dice_2: 0.5618  loss_ce_3: 0.04114  loss_mask_3: 0.02245  loss_dice_3: 0.6189  loss_ce_4: 0.04281  loss_mask_4: 0.02693  loss_dice_4: 0.7064  loss_ce_5: 0.09283  loss_mask_5: 0.02919  loss_dice_5: 0.6755  loss_ce_6: 0.03915  loss_mask_6: 0.02731  loss_dice_6: 0.6635  loss_ce_7: 0.09623  loss_mask_7: 0.02154  loss_dice_7: 0.4761  loss_ce_8: 0.09042  loss_mask_8: 0.02868  loss_dice_8: 0.6604    time: 0.8469  last_time: 0.8808  data_time: 0.2287  last_data_time: 0.2287   lr: 7.4393e-06  max_mem: 12314M
[03/18 02:38:12 d2.utils.events]:  eta: 0:34:06  iter: 7499  total_loss: 6.48  loss_ce: 0.03723  loss_mask: 0.01676  loss_dice: 0.5529  loss_ce_0: 0.1565  loss_mask_0: 0.0177  loss_dice_0: 0.5531  loss_ce_1: 0.07566  loss_mask_1: 0.01894  loss_dice_1: 0.5182  loss_ce_2: 0.07085  loss_mask_2: 0.01834  loss_dice_2: 0.4422  loss_ce_3: 0.07913  loss_mask_3: 0.01789  loss_dice_3: 0.509  loss_ce_4: 0.07449  loss_mask_4: 0.02116  loss_dice_4: 0.5362  loss_ce_5: 0.08382  loss_mask_5: 0.02561  loss_dice_5: 0.6452  loss_ce_6: 0.04343  loss_mask_6: 0.02178  loss_dice_6: 0.6883  loss_ce_7: 0.08965  loss_mask_7: 0.0201  loss_dice_7: 0.5042  loss_ce_8: 0.08983  loss_mask_8: 0.02034  loss_dice_8: 0.5311    time: 0.8468  last_time: 0.7734  data_time: 0.1145  last_data_time: 0.1145   lr: 7.3279e-06  max_mem: 12314M
[03/18 02:38:29 d2.utils.events]:  eta: 0:33:49  iter: 7519  total_loss: 12.61  loss_ce: 0.02706  loss_mask: 0.07841  loss_dice: 1.441  loss_ce_0: 0.1925  loss_mask_0: 0.1263  loss_dice_0: 1.421  loss_ce_1: 0.02701  loss_mask_1: 0.0757  loss_dice_1: 1.17  loss_ce_2: 0.06618  loss_mask_2: 0.08101  loss_dice_2: 1.01  loss_ce_3: 0.078  loss_mask_3: 0.0743  loss_dice_3: 1.019  loss_ce_4: 0.02478  loss_mask_4: 0.07718  loss_dice_4: 1.068  loss_ce_5: 0.02458  loss_mask_5: 0.07066  loss_dice_5: 1.115  loss_ce_6: 0.07968  loss_mask_6: 0.06923  loss_dice_6: 1.076  loss_ce_7: 0.02962  loss_mask_7: 0.06956  loss_dice_7: 0.9938  loss_ce_8: 0.03317  loss_mask_8: 0.06939  loss_dice_8: 0.9205    time: 0.8468  last_time: 0.8656  data_time: 0.2050  last_data_time: 0.2050   lr: 7.2171e-06  max_mem: 12314M
[03/18 02:38:47 d2.utils.events]:  eta: 0:33:33  iter: 7539  total_loss: 12.08  loss_ce: 0.1326  loss_mask: 0.03756  loss_dice: 0.9508  loss_ce_0: 0.4551  loss_mask_0: 0.06127  loss_dice_0: 1.155  loss_ce_1: 0.1407  loss_mask_1: 0.04725  loss_dice_1: 1.054  loss_ce_2: 0.1412  loss_mask_2: 0.0397  loss_dice_2: 1.023  loss_ce_3: 0.1039  loss_mask_3: 0.03757  loss_dice_3: 0.9855  loss_ce_4: 0.07607  loss_mask_4: 0.03644  loss_dice_4: 0.9462  loss_ce_5: 0.1366  loss_mask_5: 0.0363  loss_dice_5: 1.07  loss_ce_6: 0.1112  loss_mask_6: 0.03682  loss_dice_6: 0.9179  loss_ce_7: 0.1279  loss_mask_7: 0.04145  loss_dice_7: 1.067  loss_ce_8: 0.09222  loss_mask_8: 0.0351  loss_dice_8: 0.9872    time: 0.8468  last_time: 0.8298  data_time: 0.1478  last_data_time: 0.1478   lr: 7.1071e-06  max_mem: 12314M
[03/18 02:39:03 d2.utils.events]:  eta: 0:33:17  iter: 7559  total_loss: 11.09  loss_ce: 0.05157  loss_mask: 0.02784  loss_dice: 0.8619  loss_ce_0: 0.2  loss_mask_0: 0.04923  loss_dice_0: 1.31  loss_ce_1: 0.07079  loss_mask_1: 0.03317  loss_dice_1: 1.21  loss_ce_2: 0.06346  loss_mask_2: 0.03251  loss_dice_2: 0.8883  loss_ce_3: 0.07597  loss_mask_3: 0.02657  loss_dice_3: 0.9309  loss_ce_4: 0.0711  loss_mask_4: 0.03538  loss_dice_4: 1.145  loss_ce_5: 0.06367  loss_mask_5: 0.02833  loss_dice_5: 0.8213  loss_ce_6: 0.0583  loss_mask_6: 0.02789  loss_dice_6: 0.8794  loss_ce_7: 0.05073  loss_mask_7: 0.02915  loss_dice_7: 0.9913  loss_ce_8: 0.05377  loss_mask_8: 0.03361  loss_dice_8: 0.9639    time: 0.8467  last_time: 0.8165  data_time: 0.1578  last_data_time: 0.1578   lr: 6.9977e-06  max_mem: 12314M
[03/18 02:39:20 d2.utils.events]:  eta: 0:33:02  iter: 7579  total_loss: 10.42  loss_ce: 0.0655  loss_mask: 0.06034  loss_dice: 0.8806  loss_ce_0: 0.2333  loss_mask_0: 0.08769  loss_dice_0: 0.9889  loss_ce_1: 0.1601  loss_mask_1: 0.05719  loss_dice_1: 0.9619  loss_ce_2: 0.04069  loss_mask_2: 0.06339  loss_dice_2: 0.8573  loss_ce_3: 0.05477  loss_mask_3: 0.06255  loss_dice_3: 0.8226  loss_ce_4: 0.05911  loss_mask_4: 0.06468  loss_dice_4: 0.8623  loss_ce_5: 0.09691  loss_mask_5: 0.04815  loss_dice_5: 0.8441  loss_ce_6: 0.06053  loss_mask_6: 0.06126  loss_dice_6: 0.9051  loss_ce_7: 0.06834  loss_mask_7: 0.05793  loss_dice_7: 0.8843  loss_ce_8: 0.06418  loss_mask_8: 0.05322  loss_dice_8: 0.8956    time: 0.8468  last_time: 0.8785  data_time: 0.2257  last_data_time: 0.2257   lr: 6.8891e-06  max_mem: 12314M
[03/18 02:39:38 d2.utils.events]:  eta: 0:32:46  iter: 7599  total_loss: 12.37  loss_ce: 0.0909  loss_mask: 0.03727  loss_dice: 1.117  loss_ce_0: 0.26  loss_mask_0: 0.06919  loss_dice_0: 1.503  loss_ce_1: 0.1036  loss_mask_1: 0.04173  loss_dice_1: 1.146  loss_ce_2: 0.1612  loss_mask_2: 0.0366  loss_dice_2: 0.9961  loss_ce_3: 0.1037  loss_mask_3: 0.03061  loss_dice_3: 0.8553  loss_ce_4: 0.08879  loss_mask_4: 0.03999  loss_dice_4: 1.184  loss_ce_5: 0.07698  loss_mask_5: 0.03957  loss_dice_5: 1.096  loss_ce_6: 0.08985  loss_mask_6: 0.03316  loss_dice_6: 0.8949  loss_ce_7: 0.09404  loss_mask_7: 0.0383  loss_dice_7: 1.028  loss_ce_8: 0.09099  loss_mask_8: 0.03742  loss_dice_8: 0.9817    time: 0.8468  last_time: 1.0119  data_time: 0.3216  last_data_time: 0.3216   lr: 6.7812e-06  max_mem: 12314M
[03/18 02:39:54 d2.utils.events]:  eta: 0:32:30  iter: 7619  total_loss: 14.48  loss_ce: 0.06186  loss_mask: 0.06483  loss_dice: 1.399  loss_ce_0: 0.2524  loss_mask_0: 0.08942  loss_dice_0: 1.609  loss_ce_1: 0.03131  loss_mask_1: 0.07193  loss_dice_1: 1.317  loss_ce_2: 0.0281  loss_mask_2: 0.08288  loss_dice_2: 1.258  loss_ce_3: 0.0276  loss_mask_3: 0.07798  loss_dice_3: 1.395  loss_ce_4: 0.02427  loss_mask_4: 0.06874  loss_dice_4: 1.257  loss_ce_5: 0.01937  loss_mask_5: 0.07329  loss_dice_5: 1.218  loss_ce_6: 0.01996  loss_mask_6: 0.07385  loss_dice_6: 1.254  loss_ce_7: 0.01584  loss_mask_7: 0.06955  loss_dice_7: 1.306  loss_ce_8: 0.01424  loss_mask_8: 0.06127  loss_dice_8: 1.239    time: 0.8467  last_time: 0.7563  data_time: 0.1060  last_data_time: 0.1060   lr: 6.674e-06  max_mem: 12314M
[03/18 02:40:12 d2.utils.events]:  eta: 0:32:13  iter: 7639  total_loss: 9.921  loss_ce: 0.018  loss_mask: 0.09039  loss_dice: 0.8429  loss_ce_0: 0.2625  loss_mask_0: 0.1187  loss_dice_0: 0.9695  loss_ce_1: 0.02704  loss_mask_1: 0.09502  loss_dice_1: 0.8151  loss_ce_2: 0.03589  loss_mask_2: 0.09656  loss_dice_2: 0.7562  loss_ce_3: 0.0203  loss_mask_3: 0.1032  loss_dice_3: 0.867  loss_ce_4: 0.0179  loss_mask_4: 0.09082  loss_dice_4: 0.8499  loss_ce_5: 0.04941  loss_mask_5: 0.085  loss_dice_5: 0.9112  loss_ce_6: 0.01619  loss_mask_6: 0.09604  loss_dice_6: 0.8781  loss_ce_7: 0.01625  loss_mask_7: 0.08573  loss_dice_7: 0.8493  loss_ce_8: 0.01708  loss_mask_8: 0.08653  loss_dice_8: 0.7529    time: 0.8467  last_time: 0.9150  data_time: 0.2452  last_data_time: 0.2452   lr: 6.5675e-06  max_mem: 12314M
[03/18 02:40:28 d2.utils.events]:  eta: 0:31:57  iter: 7659  total_loss: 10.57  loss_ce: 0.1037  loss_mask: 0.04245  loss_dice: 0.8863  loss_ce_0: 0.1105  loss_mask_0: 0.05037  loss_dice_0: 1.436  loss_ce_1: 0.07344  loss_mask_1: 0.03912  loss_dice_1: 1.043  loss_ce_2: 0.08924  loss_mask_2: 0.04787  loss_dice_2: 0.9576  loss_ce_3: 0.1313  loss_mask_3: 0.03819  loss_dice_3: 0.843  loss_ce_4: 0.1105  loss_mask_4: 0.03857  loss_dice_4: 0.8992  loss_ce_5: 0.1084  loss_mask_5: 0.03361  loss_dice_5: 0.8151  loss_ce_6: 0.09317  loss_mask_6: 0.04484  loss_dice_6: 1.03  loss_ce_7: 0.09527  loss_mask_7: 0.02777  loss_dice_7: 0.5142  loss_ce_8: 0.1129  loss_mask_8: 0.03737  loss_dice_8: 0.7163    time: 0.8467  last_time: 0.8128  data_time: 0.1452  last_data_time: 0.1452   lr: 6.4617e-06  max_mem: 12314M
[03/18 02:40:45 d2.utils.events]:  eta: 0:31:44  iter: 7679  total_loss: 11.21  loss_ce: 0.03558  loss_mask: 0.07311  loss_dice: 0.9945  loss_ce_0: 0.1224  loss_mask_0: 0.08826  loss_dice_0: 1.326  loss_ce_1: 0.1084  loss_mask_1: 0.0721  loss_dice_1: 0.9973  loss_ce_2: 0.04838  loss_mask_2: 0.07776  loss_dice_2: 0.9597  loss_ce_3: 0.04618  loss_mask_3: 0.07296  loss_dice_3: 0.8993  loss_ce_4: 0.04033  loss_mask_4: 0.07472  loss_dice_4: 0.9299  loss_ce_5: 0.03784  loss_mask_5: 0.06824  loss_dice_5: 0.9098  loss_ce_6: 0.0368  loss_mask_6: 0.07427  loss_dice_6: 1.017  loss_ce_7: 0.03572  loss_mask_7: 0.06173  loss_dice_7: 0.9299  loss_ce_8: 0.1032  loss_mask_8: 0.06313  loss_dice_8: 0.9012    time: 0.8467  last_time: 0.8480  data_time: 0.1738  last_data_time: 0.1738   lr: 6.3567e-06  max_mem: 12314M
[03/18 02:41:02 d2.utils.events]:  eta: 0:31:25  iter: 7699  total_loss: 12.43  loss_ce: 0.03617  loss_mask: 0.03728  loss_dice: 0.9568  loss_ce_0: 0.2484  loss_mask_0: 0.03747  loss_dice_0: 1.468  loss_ce_1: 0.04252  loss_mask_1: 0.03943  loss_dice_1: 1.071  loss_ce_2: 0.09187  loss_mask_2: 0.03588  loss_dice_2: 1.07  loss_ce_3: 0.05015  loss_mask_3: 0.04663  loss_dice_3: 1.172  loss_ce_4: 0.04835  loss_mask_4: 0.0444  loss_dice_4: 1.059  loss_ce_5: 0.04516  loss_mask_5: 0.04476  loss_dice_5: 1.099  loss_ce_6: 0.0401  loss_mask_6: 0.04514  loss_dice_6: 1.127  loss_ce_7: 0.036  loss_mask_7: 0.04405  loss_dice_7: 1.228  loss_ce_8: 0.03918  loss_mask_8: 0.04129  loss_dice_8: 1.084    time: 0.8466  last_time: 0.8087  data_time: 0.1488  last_data_time: 0.1488   lr: 6.2524e-06  max_mem: 12314M
[03/18 02:41:19 d2.utils.events]:  eta: 0:31:10  iter: 7719  total_loss: 9.607  loss_ce: 0.02289  loss_mask: 0.05879  loss_dice: 0.8682  loss_ce_0: 0.2306  loss_mask_0: 0.09074  loss_dice_0: 0.9267  loss_ce_1: 0.08764  loss_mask_1: 0.0703  loss_dice_1: 0.866  loss_ce_2: 0.0338  loss_mask_2: 0.06524  loss_dice_2: 0.7949  loss_ce_3: 0.03281  loss_mask_3: 0.05517  loss_dice_3: 0.8456  loss_ce_4: 0.02984  loss_mask_4: 0.06057  loss_dice_4: 0.8489  loss_ce_5: 0.02514  loss_mask_5: 0.05481  loss_dice_5: 0.764  loss_ce_6: 0.02382  loss_mask_6: 0.06209  loss_dice_6: 0.8682  loss_ce_7: 0.02442  loss_mask_7: 0.05956  loss_dice_7: 0.8253  loss_ce_8: 0.02273  loss_mask_8: 0.05834  loss_dice_8: 0.8296    time: 0.8467  last_time: 1.1218  data_time: 0.4565  last_data_time: 0.4565   lr: 6.1489e-06  max_mem: 12314M
[03/18 02:41:36 d2.utils.events]:  eta: 0:30:51  iter: 7739  total_loss: 9.632  loss_ce: 0.02267  loss_mask: 0.04558  loss_dice: 0.8258  loss_ce_0: 0.1777  loss_mask_0: 0.0561  loss_dice_0: 1.004  loss_ce_1: 0.0249  loss_mask_1: 0.04436  loss_dice_1: 0.7627  loss_ce_2: 0.02464  loss_mask_2: 0.0457  loss_dice_2: 0.8386  loss_ce_3: 0.0524  loss_mask_3: 0.05553  loss_dice_3: 0.9701  loss_ce_4: 0.02051  loss_mask_4: 0.04856  loss_dice_4: 0.8414  loss_ce_5: 0.06109  loss_mask_5: 0.04856  loss_dice_5: 0.9456  loss_ce_6: 0.02168  loss_mask_6: 0.04938  loss_dice_6: 0.8444  loss_ce_7: 0.0212  loss_mask_7: 0.04153  loss_dice_7: 0.8196  loss_ce_8: 0.02147  loss_mask_8: 0.04598  loss_dice_8: 0.8506    time: 0.8466  last_time: 0.8848  data_time: 0.2012  last_data_time: 0.2012   lr: 6.0461e-06  max_mem: 12314M
[03/18 02:41:54 d2.utils.events]:  eta: 0:30:35  iter: 7759  total_loss: 13.71  loss_ce: 0.08024  loss_mask: 0.06578  loss_dice: 1.173  loss_ce_0: 0.2086  loss_mask_0: 0.1301  loss_dice_0: 1.189  loss_ce_1: 0.0678  loss_mask_1: 0.1014  loss_dice_1: 1.256  loss_ce_2: 0.05297  loss_mask_2: 0.08978  loss_dice_2: 1.186  loss_ce_3: 0.02575  loss_mask_3: 0.06964  loss_dice_3: 1.19  loss_ce_4: 0.0328  loss_mask_4: 0.08624  loss_dice_4: 1.312  loss_ce_5: 0.03022  loss_mask_5: 0.0739  loss_dice_5: 1.296  loss_ce_6: 0.02488  loss_mask_6: 0.06472  loss_dice_6: 1.221  loss_ce_7: 0.0276  loss_mask_7: 0.06642  loss_dice_7: 1.228  loss_ce_8: 0.02703  loss_mask_8: 0.06661  loss_dice_8: 1.267    time: 0.8466  last_time: 0.7561  data_time: 0.0785  last_data_time: 0.0785   lr: 5.944e-06  max_mem: 12314M
[03/18 02:42:11 d2.utils.events]:  eta: 0:30:17  iter: 7779  total_loss: 12.07  loss_ce: 0.1077  loss_mask: 0.03674  loss_dice: 0.9878  loss_ce_0: 0.2464  loss_mask_0: 0.03243  loss_dice_0: 1.184  loss_ce_1: 0.08579  loss_mask_1: 0.03275  loss_dice_1: 0.8761  loss_ce_2: 0.113  loss_mask_2: 0.03348  loss_dice_2: 0.8994  loss_ce_3: 0.1315  loss_mask_3: 0.02944  loss_dice_3: 1.159  loss_ce_4: 0.1545  loss_mask_4: 0.03828  loss_dice_4: 1.064  loss_ce_5: 0.1502  loss_mask_5: 0.03595  loss_dice_5: 1.046  loss_ce_6: 0.2055  loss_mask_6: 0.0344  loss_dice_6: 0.9624  loss_ce_7: 0.1048  loss_mask_7: 0.03971  loss_dice_7: 1.044  loss_ce_8: 0.1128  loss_mask_8: 0.03589  loss_dice_8: 1.088    time: 0.8466  last_time: 0.9156  data_time: 0.2453  last_data_time: 0.2453   lr: 5.8427e-06  max_mem: 12314M
[03/18 02:42:27 d2.utils.events]:  eta: 0:30:00  iter: 7799  total_loss: 13.21  loss_ce: 0.02665  loss_mask: 0.06213  loss_dice: 1.081  loss_ce_0: 0.1543  loss_mask_0: 0.04489  loss_dice_0: 1.287  loss_ce_1: 0.03966  loss_mask_1: 0.04315  loss_dice_1: 1.323  loss_ce_2: 0.04041  loss_mask_2: 0.04949  loss_dice_2: 1.135  loss_ce_3: 0.02542  loss_mask_3: 0.04676  loss_dice_3: 1.079  loss_ce_4: 0.03225  loss_mask_4: 0.0453  loss_dice_4: 1.116  loss_ce_5: 0.03423  loss_mask_5: 0.05584  loss_dice_5: 1.143  loss_ce_6: 0.02977  loss_mask_6: 0.06499  loss_dice_6: 1.414  loss_ce_7: 0.03146  loss_mask_7: 0.04937  loss_dice_7: 1.067  loss_ce_8: 0.07744  loss_mask_8: 0.02905  loss_dice_8: 1.583    time: 0.8466  last_time: 0.8390  data_time: 0.1709  last_data_time: 0.1709   lr: 5.7422e-06  max_mem: 12314M
[03/18 02:42:44 d2.utils.events]:  eta: 0:29:44  iter: 7819  total_loss: 12.81  loss_ce: 0.05425  loss_mask: 0.05571  loss_dice: 1.293  loss_ce_0: 0.452  loss_mask_0: 0.04977  loss_dice_0: 1.385  loss_ce_1: 0.1612  loss_mask_1: 0.05823  loss_dice_1: 0.9901  loss_ce_2: 0.08022  loss_mask_2: 0.04313  loss_dice_2: 1.021  loss_ce_3: 0.126  loss_mask_3: 0.04653  loss_dice_3: 1.054  loss_ce_4: 0.05279  loss_mask_4: 0.04546  loss_dice_4: 1.16  loss_ce_5: 0.0418  loss_mask_5: 0.047  loss_dice_5: 1.032  loss_ce_6: 0.08951  loss_mask_6: 0.05028  loss_dice_6: 1.047  loss_ce_7: 0.04846  loss_mask_7: 0.04907  loss_dice_7: 1.097  loss_ce_8: 0.05221  loss_mask_8: 0.05132  loss_dice_8: 1.075    time: 0.8466  last_time: 0.8941  data_time: 0.2189  last_data_time: 0.2189   lr: 5.6424e-06  max_mem: 12314M
[03/18 02:43:01 d2.utils.events]:  eta: 0:29:29  iter: 7839  total_loss: 11.78  loss_ce: 0.04084  loss_mask: 0.0625  loss_dice: 0.9328  loss_ce_0: 0.3369  loss_mask_0: 0.0786  loss_dice_0: 1.216  loss_ce_1: 0.0865  loss_mask_1: 0.06937  loss_dice_1: 1.01  loss_ce_2: 0.08747  loss_mask_2: 0.06491  loss_dice_2: 1.016  loss_ce_3: 0.04421  loss_mask_3: 0.05678  loss_dice_3: 1.064  loss_ce_4: 0.04132  loss_mask_4: 0.05995  loss_dice_4: 0.8588  loss_ce_5: 0.0447  loss_mask_5: 0.05833  loss_dice_5: 1.004  loss_ce_6: 0.1159  loss_mask_6: 0.05814  loss_dice_6: 0.9171  loss_ce_7: 0.12  loss_mask_7: 0.05271  loss_dice_7: 0.8886  loss_ce_8: 0.04045  loss_mask_8: 0.0619  loss_dice_8: 1.29    time: 0.8466  last_time: 0.8986  data_time: 0.2328  last_data_time: 0.2328   lr: 5.5434e-06  max_mem: 12314M
[03/18 02:43:19 d2.utils.events]:  eta: 0:29:13  iter: 7859  total_loss: 13.04  loss_ce: 0.02544  loss_mask: 0.03905  loss_dice: 1.189  loss_ce_0: 0.1552  loss_mask_0: 0.05192  loss_dice_0: 1.235  loss_ce_1: 0.03853  loss_mask_1: 0.03979  loss_dice_1: 1.161  loss_ce_2: 0.03942  loss_mask_2: 0.04249  loss_dice_2: 1.229  loss_ce_3: 0.06689  loss_mask_3: 0.03791  loss_dice_3: 1.24  loss_ce_4: 0.02723  loss_mask_4: 0.03551  loss_dice_4: 1.191  loss_ce_5: 0.02686  loss_mask_5: 0.03829  loss_dice_5: 1.259  loss_ce_6: 0.0258  loss_mask_6: 0.03966  loss_dice_6: 1.228  loss_ce_7: 0.02812  loss_mask_7: 0.03867  loss_dice_7: 1.293  loss_ce_8: 0.02576  loss_mask_8: 0.03848  loss_dice_8: 1.15    time: 0.8466  last_time: 0.8566  data_time: 0.1846  last_data_time: 0.1846   lr: 5.4451e-06  max_mem: 12314M
[03/18 02:43:36 d2.utils.events]:  eta: 0:28:57  iter: 7879  total_loss: 10.57  loss_ce: 0.02413  loss_mask: 0.05949  loss_dice: 0.8066  loss_ce_0: 0.1532  loss_mask_0: 0.07668  loss_dice_0: 0.9318  loss_ce_1: 0.05308  loss_mask_1: 0.05978  loss_dice_1: 0.97  loss_ce_2: 0.03615  loss_mask_2: 0.07379  loss_dice_2: 0.9493  loss_ce_3: 0.0382  loss_mask_3: 0.08141  loss_dice_3: 1.059  loss_ce_4: 0.03004  loss_mask_4: 0.07248  loss_dice_4: 1.066  loss_ce_5: 0.02812  loss_mask_5: 0.06574  loss_dice_5: 0.9265  loss_ce_6: 0.02554  loss_mask_6: 0.06418  loss_dice_6: 0.8909  loss_ce_7: 0.02494  loss_mask_7: 0.07452  loss_dice_7: 0.9595  loss_ce_8: 0.02365  loss_mask_8: 0.06317  loss_dice_8: 0.887    time: 0.8465  last_time: 0.8511  data_time: 0.1709  last_data_time: 0.1709   lr: 5.3476e-06  max_mem: 12314M
[03/18 02:43:52 d2.utils.events]:  eta: 0:28:40  iter: 7899  total_loss: 12.34  loss_ce: 0.04415  loss_mask: 0.04919  loss_dice: 0.9117  loss_ce_0: 0.1711  loss_mask_0: 0.06967  loss_dice_0: 0.9743  loss_ce_1: 0.1495  loss_mask_1: 0.04997  loss_dice_1: 1.178  loss_ce_2: 0.1308  loss_mask_2: 0.05053  loss_dice_2: 1.116  loss_ce_3: 0.1018  loss_mask_3: 0.05268  loss_dice_3: 0.99  loss_ce_4: 0.09443  loss_mask_4: 0.0615  loss_dice_4: 1.229  loss_ce_5: 0.1074  loss_mask_5: 0.04821  loss_dice_5: 1.089  loss_ce_6: 0.04144  loss_mask_6: 0.04978  loss_dice_6: 1.022  loss_ce_7: 0.08583  loss_mask_7: 0.04414  loss_dice_7: 1.05  loss_ce_8: 0.08444  loss_mask_8: 0.04958  loss_dice_8: 1.241    time: 0.8465  last_time: 0.8062  data_time: 0.1401  last_data_time: 0.1401   lr: 5.2509e-06  max_mem: 12314M
[03/18 02:44:11 d2.utils.events]:  eta: 0:28:26  iter: 7919  total_loss: 7.976  loss_ce: 0.03434  loss_mask: 0.0242  loss_dice: 0.6779  loss_ce_0: 0.2232  loss_mask_0: 0.02682  loss_dice_0: 0.8305  loss_ce_1: 0.03316  loss_mask_1: 0.02674  loss_dice_1: 0.8236  loss_ce_2: 0.04783  loss_mask_2: 0.02816  loss_dice_2: 0.7082  loss_ce_3: 0.03029  loss_mask_3: 0.02223  loss_dice_3: 0.6922  loss_ce_4: 0.03147  loss_mask_4: 0.02168  loss_dice_4: 0.5681  loss_ce_5: 0.03138  loss_mask_5: 0.02724  loss_dice_5: 0.8205  loss_ce_6: 0.03065  loss_mask_6: 0.02579  loss_dice_6: 0.7682  loss_ce_7: 0.03048  loss_mask_7: 0.02339  loss_dice_7: 0.6948  loss_ce_8: 0.03125  loss_mask_8: 0.02187  loss_dice_8: 0.6195    time: 0.8466  last_time: 0.8980  data_time: 0.2446  last_data_time: 0.2446   lr: 5.155e-06  max_mem: 12314M
[03/18 02:44:28 d2.utils.events]:  eta: 0:28:11  iter: 7939  total_loss: 13.85  loss_ce: 0.08851  loss_mask: 0.05318  loss_dice: 0.9746  loss_ce_0: 0.3219  loss_mask_0: 0.1052  loss_dice_0: 1.178  loss_ce_1: 0.1396  loss_mask_1: 0.04727  loss_dice_1: 1.118  loss_ce_2: 0.1277  loss_mask_2: 0.04193  loss_dice_2: 1.229  loss_ce_3: 0.07776  loss_mask_3: 0.05775  loss_dice_3: 1.248  loss_ce_4: 0.06537  loss_mask_4: 0.07152  loss_dice_4: 1.289  loss_ce_5: 0.07051  loss_mask_5: 0.06014  loss_dice_5: 1.242  loss_ce_6: 0.07527  loss_mask_6: 0.06255  loss_dice_6: 1.271  loss_ce_7: 0.1217  loss_mask_7: 0.04914  loss_dice_7: 1.316  loss_ce_8: 0.09085  loss_mask_8: 0.06209  loss_dice_8: 1.198    time: 0.8467  last_time: 0.8373  data_time: 0.1572  last_data_time: 0.1572   lr: 5.0599e-06  max_mem: 12314M
[03/18 02:44:45 d2.utils.events]:  eta: 0:27:54  iter: 7959  total_loss: 12.45  loss_ce: 0.1183  loss_mask: 0.04415  loss_dice: 1.087  loss_ce_0: 0.2  loss_mask_0: 0.0397  loss_dice_0: 1.2  loss_ce_1: 0.1233  loss_mask_1: 0.05253  loss_dice_1: 1.142  loss_ce_2: 0.06921  loss_mask_2: 0.05137  loss_dice_2: 1.254  loss_ce_3: 0.06516  loss_mask_3: 0.04369  loss_dice_3: 1.127  loss_ce_4: 0.05796  loss_mask_4: 0.03504  loss_dice_4: 0.9118  loss_ce_5: 0.05239  loss_mask_5: 0.04405  loss_dice_5: 1.127  loss_ce_6: 0.05058  loss_mask_6: 0.04102  loss_dice_6: 1.071  loss_ce_7: 0.1153  loss_mask_7: 0.0456  loss_dice_7: 1.12  loss_ce_8: 0.1206  loss_mask_8: 0.0393  loss_dice_8: 1.002    time: 0.8467  last_time: 0.7916  data_time: 0.1165  last_data_time: 0.1165   lr: 4.9655e-06  max_mem: 12314M
[03/18 02:45:02 d2.utils.events]:  eta: 0:27:39  iter: 7979  total_loss: 5.852  loss_ce: 0.003225  loss_mask: 0.0295  loss_dice: 0.4738  loss_ce_0: 0.2179  loss_mask_0: 0.03372  loss_dice_0: 0.5673  loss_ce_1: 0.009747  loss_mask_1: 0.03461  loss_dice_1: 0.5339  loss_ce_2: 0.01841  loss_mask_2: 0.03369  loss_dice_2: 0.6342  loss_ce_3: 0.00354  loss_mask_3: 0.03198  loss_dice_3: 0.5831  loss_ce_4: 0.003465  loss_mask_4: 0.02947  loss_dice_4: 0.4994  loss_ce_5: 0.003683  loss_mask_5: 0.02731  loss_dice_5: 0.47  loss_ce_6: 0.003982  loss_mask_6: 0.02512  loss_dice_6: 0.4861  loss_ce_7: 0.003477  loss_mask_7: 0.03054  loss_dice_7: 0.5459  loss_ce_8: 0.00299  loss_mask_8: 0.02725  loss_dice_8: 0.4841    time: 0.8467  last_time: 0.8589  data_time: 0.1982  last_data_time: 0.1982   lr: 4.872e-06  max_mem: 12314M
[03/18 02:45:19 d2.utils.events]:  eta: 0:27:22  iter: 7999  total_loss: 8.972  loss_ce: 0.05036  loss_mask: 0.06568  loss_dice: 0.6918  loss_ce_0: 0.1651  loss_mask_0: 0.1145  loss_dice_0: 1.01  loss_ce_1: 0.123  loss_mask_1: 0.07146  loss_dice_1: 0.7624  loss_ce_2: 0.05336  loss_mask_2: 0.06287  loss_dice_2: 0.7536  loss_ce_3: 0.06067  loss_mask_3: 0.064  loss_dice_3: 0.7496  loss_ce_4: 0.05386  loss_mask_4: 0.0596  loss_dice_4: 0.6591  loss_ce_5: 0.04733  loss_mask_5: 0.05951  loss_dice_5: 0.7022  loss_ce_6: 0.05351  loss_mask_6: 0.06773  loss_dice_6: 0.725  loss_ce_7: 0.0499  loss_mask_7: 0.06501  loss_dice_7: 0.7491  loss_ce_8: 0.04483  loss_mask_8: 0.06634  loss_dice_8: 0.7699    time: 0.8467  last_time: 0.8177  data_time: 0.1379  last_data_time: 0.1379   lr: 4.7792e-06  max_mem: 12314M
[03/18 02:45:36 d2.utils.events]:  eta: 0:27:06  iter: 8019  total_loss: 14.24  loss_ce: 0.09437  loss_mask: 0.04869  loss_dice: 1.32  loss_ce_0: 0.2399  loss_mask_0: 0.04427  loss_dice_0: 1.337  loss_ce_1: 0.08357  loss_mask_1: 0.05383  loss_dice_1: 1.362  loss_ce_2: 0.08823  loss_mask_2: 0.0686  loss_dice_2: 1.312  loss_ce_3: 0.0887  loss_mask_3: 0.05672  loss_dice_3: 1.365  loss_ce_4: 0.09266  loss_mask_4: 0.0424  loss_dice_4: 1.307  loss_ce_5: 0.09218  loss_mask_5: 0.05076  loss_dice_5: 1.142  loss_ce_6: 0.09131  loss_mask_6: 0.04561  loss_dice_6: 1.222  loss_ce_7: 0.09264  loss_mask_7: 0.04755  loss_dice_7: 1.181  loss_ce_8: 0.09308  loss_mask_8: 0.04432  loss_dice_8: 1.133    time: 0.8467  last_time: 0.8607  data_time: 0.1848  last_data_time: 0.1848   lr: 4.6872e-06  max_mem: 12314M
[03/18 02:45:54 d2.utils.events]:  eta: 0:26:50  iter: 8039  total_loss: 11.02  loss_ce: 0.08829  loss_mask: 0.0358  loss_dice: 0.864  loss_ce_0: 0.3057  loss_mask_0: 0.04541  loss_dice_0: 1.357  loss_ce_1: 0.1191  loss_mask_1: 0.03639  loss_dice_1: 0.9581  loss_ce_2: 0.1202  loss_mask_2: 0.0302  loss_dice_2: 0.7773  loss_ce_3: 0.09536  loss_mask_3: 0.03072  loss_dice_3: 0.8386  loss_ce_4: 0.08415  loss_mask_4: 0.03566  loss_dice_4: 0.8946  loss_ce_5: 0.08123  loss_mask_5: 0.03729  loss_dice_5: 1.031  loss_ce_6: 0.08563  loss_mask_6: 0.03507  loss_dice_6: 0.9356  loss_ce_7: 0.09301  loss_mask_7: 0.03682  loss_dice_7: 0.9287  loss_ce_8: 0.09088  loss_mask_8: 0.03495  loss_dice_8: 0.9112    time: 0.8468  last_time: 0.8391  data_time: 0.1703  last_data_time: 0.1703   lr: 4.5961e-06  max_mem: 12314M
[03/18 02:46:11 d2.utils.events]:  eta: 0:26:33  iter: 8059  total_loss: 7.987  loss_ce: 0.02227  loss_mask: 0.04084  loss_dice: 0.5779  loss_ce_0: 0.1195  loss_mask_0: 0.04131  loss_dice_0: 0.9107  loss_ce_1: 0.02598  loss_mask_1: 0.0409  loss_dice_1: 0.7619  loss_ce_2: 0.02655  loss_mask_2: 0.03672  loss_dice_2: 0.7402  loss_ce_3: 0.02059  loss_mask_3: 0.04188  loss_dice_3: 0.7747  loss_ce_4: 0.02086  loss_mask_4: 0.04596  loss_dice_4: 0.7557  loss_ce_5: 0.02112  loss_mask_5: 0.04523  loss_dice_5: 0.6934  loss_ce_6: 0.02347  loss_mask_6: 0.04044  loss_dice_6: 0.6305  loss_ce_7: 0.02269  loss_mask_7: 0.04108  loss_dice_7: 0.7327  loss_ce_8: 0.02299  loss_mask_8: 0.03786  loss_dice_8: 0.6712    time: 0.8467  last_time: 0.8223  data_time: 0.1688  last_data_time: 0.1688   lr: 4.5057e-06  max_mem: 12314M
[03/18 02:46:28 d2.utils.events]:  eta: 0:26:16  iter: 8079  total_loss: 9.71  loss_ce: 0.05574  loss_mask: 0.03831  loss_dice: 0.6841  loss_ce_0: 0.3003  loss_mask_0: 0.06747  loss_dice_0: 1.124  loss_ce_1: 0.08536  loss_mask_1: 0.04211  loss_dice_1: 0.9279  loss_ce_2: 0.07337  loss_mask_2: 0.0502  loss_dice_2: 1.051  loss_ce_3: 0.04851  loss_mask_3: 0.04299  loss_dice_3: 0.863  loss_ce_4: 0.04542  loss_mask_4: 0.04024  loss_dice_4: 0.7885  loss_ce_5: 0.04556  loss_mask_5: 0.03939  loss_dice_5: 0.7754  loss_ce_6: 0.04068  loss_mask_6: 0.0333  loss_dice_6: 0.6662  loss_ce_7: 0.04285  loss_mask_7: 0.04737  loss_dice_7: 0.8106  loss_ce_8: 0.03851  loss_mask_8: 0.03629  loss_dice_8: 0.8058    time: 0.8467  last_time: 0.9219  data_time: 0.2450  last_data_time: 0.2450   lr: 4.4161e-06  max_mem: 12314M
[03/18 02:46:45 d2.utils.events]:  eta: 0:26:00  iter: 8099  total_loss: 7.6  loss_ce: 0.05569  loss_mask: 0.03557  loss_dice: 0.6339  loss_ce_0: 0.4923  loss_mask_0: 0.04402  loss_dice_0: 0.6907  loss_ce_1: 0.09732  loss_mask_1: 0.03704  loss_dice_1: 0.7297  loss_ce_2: 0.0721  loss_mask_2: 0.03122  loss_dice_2: 0.5967  loss_ce_3: 0.04574  loss_mask_3: 0.03131  loss_dice_3: 0.6091  loss_ce_4: 0.05961  loss_mask_4: 0.03361  loss_dice_4: 0.5611  loss_ce_5: 0.05707  loss_mask_5: 0.03331  loss_dice_5: 0.6342  loss_ce_6: 0.04939  loss_mask_6: 0.0321  loss_dice_6: 0.5592  loss_ce_7: 0.05068  loss_mask_7: 0.03532  loss_dice_7: 0.608  loss_ce_8: 0.04602  loss_mask_8: 0.03201  loss_dice_8: 0.6064    time: 0.8467  last_time: 0.8673  data_time: 0.1919  last_data_time: 0.1919   lr: 4.3274e-06  max_mem: 12314M
[03/18 02:47:02 d2.utils.events]:  eta: 0:25:41  iter: 8119  total_loss: 16.66  loss_ce: 0.09901  loss_mask: 0.1017  loss_dice: 1.389  loss_ce_0: 0.3198  loss_mask_0: 0.07821  loss_dice_0: 1.386  loss_ce_1: 0.1298  loss_mask_1: 0.1007  loss_dice_1: 1.51  loss_ce_2: 0.1133  loss_mask_2: 0.09602  loss_dice_2: 1.346  loss_ce_3: 0.1102  loss_mask_3: 0.08737  loss_dice_3: 1.345  loss_ce_4: 0.09881  loss_mask_4: 0.08741  loss_dice_4: 1.308  loss_ce_5: 0.1059  loss_mask_5: 0.09725  loss_dice_5: 1.486  loss_ce_6: 0.09091  loss_mask_6: 0.09209  loss_dice_6: 1.588  loss_ce_7: 0.08934  loss_mask_7: 0.12  loss_dice_7: 1.587  loss_ce_8: 0.09065  loss_mask_8: 0.1114  loss_dice_8: 1.494    time: 0.8466  last_time: 0.8546  data_time: 0.1970  last_data_time: 0.1970   lr: 4.2395e-06  max_mem: 12314M
[03/18 02:47:20 d2.utils.events]:  eta: 0:25:26  iter: 8139  total_loss: 8.321  loss_ce: 0.04052  loss_mask: 0.03574  loss_dice: 0.6288  loss_ce_0: 0.1995  loss_mask_0: 0.04915  loss_dice_0: 0.607  loss_ce_1: 0.1042  loss_mask_1: 0.04536  loss_dice_1: 0.5983  loss_ce_2: 0.09897  loss_mask_2: 0.03953  loss_dice_2: 0.7487  loss_ce_3: 0.1099  loss_mask_3: 0.03528  loss_dice_3: 0.6563  loss_ce_4: 0.09882  loss_mask_4: 0.03938  loss_dice_4: 0.6881  loss_ce_5: 0.03968  loss_mask_5: 0.03686  loss_dice_5: 0.714  loss_ce_6: 0.1176  loss_mask_6: 0.03371  loss_dice_6: 0.6506  loss_ce_7: 0.04254  loss_mask_7: 0.04297  loss_dice_7: 0.768  loss_ce_8: 0.1145  loss_mask_8: 0.04463  loss_dice_8: 0.8927    time: 0.8467  last_time: 0.8487  data_time: 0.1961  last_data_time: 0.1961   lr: 4.1524e-06  max_mem: 12314M
[03/18 02:47:36 d2.utils.events]:  eta: 0:25:07  iter: 8159  total_loss: 13.81  loss_ce: 0.163  loss_mask: 0.0511  loss_dice: 1.315  loss_ce_0: 0.2198  loss_mask_0: 0.05752  loss_dice_0: 1.037  loss_ce_1: 0.1008  loss_mask_1: 0.05074  loss_dice_1: 1.141  loss_ce_2: 0.1227  loss_mask_2: 0.04943  loss_dice_2: 1.221  loss_ce_3: 0.09647  loss_mask_3: 0.04818  loss_dice_3: 1.351  loss_ce_4: 0.09842  loss_mask_4: 0.04638  loss_dice_4: 1.125  loss_ce_5: 0.186  loss_mask_5: 0.05579  loss_dice_5: 1.091  loss_ce_6: 0.09568  loss_mask_6: 0.05053  loss_dice_6: 1.341  loss_ce_7: 0.1641  loss_mask_7: 0.04912  loss_dice_7: 1.062  loss_ce_8: 0.1688  loss_mask_8: 0.05313  loss_dice_8: 1.199    time: 0.8466  last_time: 0.9062  data_time: 0.2415  last_data_time: 0.2415   lr: 4.0661e-06  max_mem: 12314M
[03/18 02:47:53 d2.utils.events]:  eta: 0:24:52  iter: 8179  total_loss: 9.206  loss_ce: 0.06822  loss_mask: 0.03893  loss_dice: 0.8939  loss_ce_0: 0.5211  loss_mask_0: 0.05602  loss_dice_0: 0.8436  loss_ce_1: 0.15  loss_mask_1: 0.03627  loss_dice_1: 0.8226  loss_ce_2: 0.06972  loss_mask_2: 0.04049  loss_dice_2: 0.7637  loss_ce_3: 0.05453  loss_mask_3: 0.03653  loss_dice_3: 0.5865  loss_ce_4: 0.08018  loss_mask_4: 0.04063  loss_dice_4: 0.8267  loss_ce_5: 0.05371  loss_mask_5: 0.03824  loss_dice_5: 0.6384  loss_ce_6: 0.07605  loss_mask_6: 0.03684  loss_dice_6: 0.8686  loss_ce_7: 0.07754  loss_mask_7: 0.03869  loss_dice_7: 0.7139  loss_ce_8: 0.05875  loss_mask_8: 0.03846  loss_dice_8: 0.6378    time: 0.8467  last_time: 0.8753  data_time: 0.2094  last_data_time: 0.2094   lr: 3.9806e-06  max_mem: 12314M
[03/18 02:48:11 d2.utils.events]:  eta: 0:24:35  iter: 8199  total_loss: 11.4  loss_ce: 0.02339  loss_mask: 0.04578  loss_dice: 1.035  loss_ce_0: 0.2748  loss_mask_0: 0.04833  loss_dice_0: 1.212  loss_ce_1: 0.128  loss_mask_1: 0.04729  loss_dice_1: 1.044  loss_ce_2: 0.06364  loss_mask_2: 0.03776  loss_dice_2: 0.985  loss_ce_3: 0.1069  loss_mask_3: 0.04184  loss_dice_3: 0.9872  loss_ce_4: 0.03525  loss_mask_4: 0.03839  loss_dice_4: 0.9138  loss_ce_5: 0.03024  loss_mask_5: 0.04127  loss_dice_5: 0.9086  loss_ce_6: 0.02873  loss_mask_6: 0.04672  loss_dice_6: 1.116  loss_ce_7: 0.02661  loss_mask_7: 0.04526  loss_dice_7: 1.008  loss_ce_8: 0.0243  loss_mask_8: 0.04247  loss_dice_8: 1.014    time: 0.8467  last_time: 0.7963  data_time: 0.1264  last_data_time: 0.1264   lr: 3.896e-06  max_mem: 12314M
[03/18 02:48:28 d2.utils.events]:  eta: 0:24:20  iter: 8219  total_loss: 10.95  loss_ce: 0.08366  loss_mask: 0.04223  loss_dice: 0.9114  loss_ce_0: 0.1605  loss_mask_0: 0.05959  loss_dice_0: 0.9898  loss_ce_1: 0.07127  loss_mask_1: 0.04073  loss_dice_1: 0.8019  loss_ce_2: 0.04731  loss_mask_2: 0.04303  loss_dice_2: 0.9233  loss_ce_3: 0.07113  loss_mask_3: 0.04278  loss_dice_3: 0.9344  loss_ce_4: 0.07485  loss_mask_4: 0.05738  loss_dice_4: 0.9273  loss_ce_5: 0.07454  loss_mask_5: 0.04226  loss_dice_5: 0.8981  loss_ce_6: 0.08029  loss_mask_6: 0.05249  loss_dice_6: 1.085  loss_ce_7: 0.08363  loss_mask_7: 0.04947  loss_dice_7: 1.126  loss_ce_8: 0.08465  loss_mask_8: 0.04504  loss_dice_8: 1.048    time: 0.8467  last_time: 0.8303  data_time: 0.1665  last_data_time: 0.1665   lr: 3.8122e-06  max_mem: 12314M
[03/18 02:48:45 d2.utils.events]:  eta: 0:24:02  iter: 8239  total_loss: 13.28  loss_ce: 0.05672  loss_mask: 0.04836  loss_dice: 1.244  loss_ce_0: 0.3022  loss_mask_0: 0.06449  loss_dice_0: 1.538  loss_ce_1: 0.1036  loss_mask_1: 0.04428  loss_dice_1: 1.177  loss_ce_2: 0.06732  loss_mask_2: 0.05225  loss_dice_2: 1.123  loss_ce_3: 0.06739  loss_mask_3: 0.04437  loss_dice_3: 1.103  loss_ce_4: 0.0504  loss_mask_4: 0.04332  loss_dice_4: 1.098  loss_ce_5: 0.09587  loss_mask_5: 0.04952  loss_dice_5: 1.166  loss_ce_6: 0.05005  loss_mask_6: 0.04494  loss_dice_6: 1.103  loss_ce_7: 0.05122  loss_mask_7: 0.04307  loss_dice_7: 1.239  loss_ce_8: 0.05536  loss_mask_8: 0.0419  loss_dice_8: 1.112    time: 0.8467  last_time: 0.8431  data_time: 0.1617  last_data_time: 0.1617   lr: 3.7293e-06  max_mem: 12314M
[03/18 02:49:02 d2.utils.events]:  eta: 0:23:46  iter: 8259  total_loss: 12.81  loss_ce: 0.09446  loss_mask: 0.08649  loss_dice: 1.307  loss_ce_0: 0.2024  loss_mask_0: 0.09079  loss_dice_0: 1.085  loss_ce_1: 0.1233  loss_mask_1: 0.08504  loss_dice_1: 1.054  loss_ce_2: 0.09158  loss_mask_2: 0.07197  loss_dice_2: 1.005  loss_ce_3: 0.102  loss_mask_3: 0.07268  loss_dice_3: 0.9961  loss_ce_4: 0.09719  loss_mask_4: 0.08828  loss_dice_4: 1.099  loss_ce_5: 0.101  loss_mask_5: 0.08145  loss_dice_5: 0.9652  loss_ce_6: 0.1101  loss_mask_6: 0.08184  loss_dice_6: 1.064  loss_ce_7: 0.05361  loss_mask_7: 0.08244  loss_dice_7: 1.298  loss_ce_8: 0.1076  loss_mask_8: 0.08368  loss_dice_8: 1.03    time: 0.8467  last_time: 0.9104  data_time: 0.2381  last_data_time: 0.2381   lr: 3.6471e-06  max_mem: 12314M
[03/18 02:49:19 d2.utils.events]:  eta: 0:23:30  iter: 8279  total_loss: 12.98  loss_ce: 0.05417  loss_mask: 0.04089  loss_dice: 1.04  loss_ce_0: 0.3477  loss_mask_0: 0.0946  loss_dice_0: 1.579  loss_ce_1: 0.09345  loss_mask_1: 0.05476  loss_dice_1: 1.266  loss_ce_2: 0.06889  loss_mask_2: 0.05178  loss_dice_2: 1.138  loss_ce_3: 0.0435  loss_mask_3: 0.04831  loss_dice_3: 1.039  loss_ce_4: 0.03879  loss_mask_4: 0.04513  loss_dice_4: 1.071  loss_ce_5: 0.03901  loss_mask_5: 0.04822  loss_dice_5: 1.004  loss_ce_6: 0.1123  loss_mask_6: 0.04454  loss_dice_6: 1.123  loss_ce_7: 0.0288  loss_mask_7: 0.04527  loss_dice_7: 1.134  loss_ce_8: 0.02906  loss_mask_8: 0.04706  loss_dice_8: 1.206    time: 0.8467  last_time: 0.7903  data_time: 0.1181  last_data_time: 0.1181   lr: 3.5659e-06  max_mem: 12314M
[03/18 02:49:37 d2.utils.events]:  eta: 0:23:13  iter: 8299  total_loss: 9.251  loss_ce: 0.102  loss_mask: 0.04554  loss_dice: 0.7888  loss_ce_0: 0.2439  loss_mask_0: 0.08686  loss_dice_0: 0.861  loss_ce_1: 0.2238  loss_mask_1: 0.05528  loss_dice_1: 0.8144  loss_ce_2: 0.09563  loss_mask_2: 0.04127  loss_dice_2: 0.6965  loss_ce_3: 0.1113  loss_mask_3: 0.05194  loss_dice_3: 0.7614  loss_ce_4: 0.1071  loss_mask_4: 0.04084  loss_dice_4: 0.7648  loss_ce_5: 0.08902  loss_mask_5: 0.03585  loss_dice_5: 0.6893  loss_ce_6: 0.08567  loss_mask_6: 0.04421  loss_dice_6: 0.7129  loss_ce_7: 0.09738  loss_mask_7: 0.03538  loss_dice_7: 0.6502  loss_ce_8: 0.1083  loss_mask_8: 0.04474  loss_dice_8: 0.7657    time: 0.8467  last_time: 0.8702  data_time: 0.1977  last_data_time: 0.1977   lr: 3.4854e-06  max_mem: 12314M
[03/18 02:49:55 d2.utils.events]:  eta: 0:22:56  iter: 8319  total_loss: 11.21  loss_ce: 0.1237  loss_mask: 0.0263  loss_dice: 0.875  loss_ce_0: 0.1651  loss_mask_0: 0.03703  loss_dice_0: 0.998  loss_ce_1: 0.1121  loss_mask_1: 0.03413  loss_dice_1: 0.7203  loss_ce_2: 0.1249  loss_mask_2: 0.04047  loss_dice_2: 1.133  loss_ce_3: 0.1444  loss_mask_3: 0.04294  loss_dice_3: 1.168  loss_ce_4: 0.1612  loss_mask_4: 0.02944  loss_dice_4: 0.7535  loss_ce_5: 0.07966  loss_mask_5: 0.03714  loss_dice_5: 1.344  loss_ce_6: 0.1288  loss_mask_6: 0.03267  loss_dice_6: 0.7686  loss_ce_7: 0.07502  loss_mask_7: 0.04194  loss_dice_7: 1.105  loss_ce_8: 0.1752  loss_mask_8: 0.03234  loss_dice_8: 0.7023    time: 0.8469  last_time: 0.9137  data_time: 0.2544  last_data_time: 0.2544   lr: 3.4059e-06  max_mem: 12314M
[03/18 02:50:12 d2.utils.events]:  eta: 0:22:40  iter: 8339  total_loss: 8.629  loss_ce: 0.02363  loss_mask: 0.02864  loss_dice: 0.626  loss_ce_0: 0.2491  loss_mask_0: 0.04103  loss_dice_0: 1.077  loss_ce_1: 0.06798  loss_mask_1: 0.0388  loss_dice_1: 0.8659  loss_ce_2: 0.02095  loss_mask_2: 0.03523  loss_dice_2: 0.7176  loss_ce_3: 0.02074  loss_mask_3: 0.03987  loss_dice_3: 0.9226  loss_ce_4: 0.02472  loss_mask_4: 0.03327  loss_dice_4: 0.7042  loss_ce_5: 0.02279  loss_mask_5: 0.0335  loss_dice_5: 0.6591  loss_ce_6: 0.0234  loss_mask_6: 0.03282  loss_dice_6: 0.7901  loss_ce_7: 0.02323  loss_mask_7: 0.03294  loss_dice_7: 0.7486  loss_ce_8: 0.02353  loss_mask_8: 0.0349  loss_dice_8: 0.6665    time: 0.8468  last_time: 0.8402  data_time: 0.1817  last_data_time: 0.1817   lr: 3.3271e-06  max_mem: 12314M
[03/18 02:50:29 d2.utils.events]:  eta: 0:22:23  iter: 8359  total_loss: 13.32  loss_ce: 0.1529  loss_mask: 0.0608  loss_dice: 1.101  loss_ce_0: 0.2216  loss_mask_0: 0.061  loss_dice_0: 1.284  loss_ce_1: 0.2185  loss_mask_1: 0.0615  loss_dice_1: 1.044  loss_ce_2: 0.08971  loss_mask_2: 0.07137  loss_dice_2: 1.458  loss_ce_3: 0.06812  loss_mask_3: 0.05898  loss_dice_3: 1.186  loss_ce_4: 0.08259  loss_mask_4: 0.05297  loss_dice_4: 0.9901  loss_ce_5: 0.1161  loss_mask_5: 0.05042  loss_dice_5: 0.9767  loss_ce_6: 0.1462  loss_mask_6: 0.05574  loss_dice_6: 1.095  loss_ce_7: 0.1545  loss_mask_7: 0.05926  loss_dice_7: 1.132  loss_ce_8: 0.1584  loss_mask_8: 0.05331  loss_dice_8: 1.057    time: 0.8468  last_time: 1.2928  data_time: 0.6262  last_data_time: 0.6262   lr: 3.2493e-06  max_mem: 12314M
[03/18 02:50:45 d2.utils.events]:  eta: 0:22:07  iter: 8379  total_loss: 12.59  loss_ce: 0.0336  loss_mask: 0.04026  loss_dice: 1.115  loss_ce_0: 0.2918  loss_mask_0: 0.05526  loss_dice_0: 1.115  loss_ce_1: 0.03896  loss_mask_1: 0.04811  loss_dice_1: 1.164  loss_ce_2: 0.06216  loss_mask_2: 0.04486  loss_dice_2: 1.327  loss_ce_3: 0.07321  loss_mask_3: 0.04947  loss_dice_3: 1.09  loss_ce_4: 0.04459  loss_mask_4: 0.04267  loss_dice_4: 1.08  loss_ce_5: 0.0302  loss_mask_5: 0.05493  loss_dice_5: 1.21  loss_ce_6: 0.04052  loss_mask_6: 0.04517  loss_dice_6: 1.162  loss_ce_7: 0.04363  loss_mask_7: 0.0521  loss_dice_7: 1.169  loss_ce_8: 0.03378  loss_mask_8: 0.04624  loss_dice_8: 0.9927    time: 0.8467  last_time: 0.7882  data_time: 0.1188  last_data_time: 0.1188   lr: 3.1723e-06  max_mem: 12314M
[03/18 02:51:03 d2.utils.events]:  eta: 0:21:50  iter: 8399  total_loss: 8.809  loss_ce: 0.01945  loss_mask: 0.04602  loss_dice: 0.7033  loss_ce_0: 0.132  loss_mask_0: 0.05556  loss_dice_0: 1.058  loss_ce_1: 0.03011  loss_mask_1: 0.04802  loss_dice_1: 0.7246  loss_ce_2: 0.06504  loss_mask_2: 0.0412  loss_dice_2: 0.6836  loss_ce_3: 0.03864  loss_mask_3: 0.05672  loss_dice_3: 0.8116  loss_ce_4: 0.02892  loss_mask_4: 0.05337  loss_dice_4: 0.7884  loss_ce_5: 0.02708  loss_mask_5: 0.05798  loss_dice_5: 0.7774  loss_ce_6: 0.023  loss_mask_6: 0.05145  loss_dice_6: 0.7759  loss_ce_7: 0.02028  loss_mask_7: 0.05671  loss_dice_7: 0.8343  loss_ce_8: 0.01997  loss_mask_8: 0.04808  loss_dice_8: 0.7318    time: 0.8467  last_time: 0.8782  data_time: 0.2123  last_data_time: 0.2123   lr: 3.0961e-06  max_mem: 12314M
[03/18 02:51:19 d2.utils.events]:  eta: 0:21:33  iter: 8419  total_loss: 13.88  loss_ce: 0.1492  loss_mask: 0.04054  loss_dice: 1.15  loss_ce_0: 0.2568  loss_mask_0: 0.04812  loss_dice_0: 1.534  loss_ce_1: 0.1386  loss_mask_1: 0.04696  loss_dice_1: 1.295  loss_ce_2: 0.1615  loss_mask_2: 0.03883  loss_dice_2: 1.041  loss_ce_3: 0.1402  loss_mask_3: 0.0466  loss_dice_3: 1.123  loss_ce_4: 0.1333  loss_mask_4: 0.04442  loss_dice_4: 1.102  loss_ce_5: 0.1344  loss_mask_5: 0.04226  loss_dice_5: 1.071  loss_ce_6: 0.1485  loss_mask_6: 0.05463  loss_dice_6: 1.179  loss_ce_7: 0.1454  loss_mask_7: 0.0504  loss_dice_7: 1.192  loss_ce_8: 0.2109  loss_mask_8: 0.0448  loss_dice_8: 1.12    time: 0.8467  last_time: 0.7456  data_time: 0.0760  last_data_time: 0.0760   lr: 3.0208e-06  max_mem: 12314M
[03/18 02:51:36 d2.utils.events]:  eta: 0:21:17  iter: 8439  total_loss: 10.99  loss_ce: 0.02655  loss_mask: 0.05431  loss_dice: 0.9161  loss_ce_0: 0.5055  loss_mask_0: 0.05551  loss_dice_0: 1.187  loss_ce_1: 0.07052  loss_mask_1: 0.0602  loss_dice_1: 0.9982  loss_ce_2: 0.04204  loss_mask_2: 0.05866  loss_dice_2: 0.881  loss_ce_3: 0.03758  loss_mask_3: 0.04678  loss_dice_3: 0.9522  loss_ce_4: 0.02942  loss_mask_4: 0.04546  loss_dice_4: 0.9394  loss_ce_5: 0.02867  loss_mask_5: 0.04765  loss_dice_5: 0.9458  loss_ce_6: 0.0292  loss_mask_6: 0.04952  loss_dice_6: 1.017  loss_ce_7: 0.02748  loss_mask_7: 0.04755  loss_dice_7: 0.8921  loss_ce_8: 0.02731  loss_mask_8: 0.05162  loss_dice_8: 0.9159    time: 0.8466  last_time: 0.8094  data_time: 0.1285  last_data_time: 0.1285   lr: 2.9464e-06  max_mem: 12314M
[03/18 02:51:53 d2.utils.events]:  eta: 0:21:01  iter: 8459  total_loss: 7.788  loss_ce: 0.01945  loss_mask: 0.05114  loss_dice: 0.6907  loss_ce_0: 0.1077  loss_mask_0: 0.06741  loss_dice_0: 0.881  loss_ce_1: 0.09583  loss_mask_1: 0.04888  loss_dice_1: 0.625  loss_ce_2: 0.02612  loss_mask_2: 0.05219  loss_dice_2: 0.6681  loss_ce_3: 0.01864  loss_mask_3: 0.04071  loss_dice_3: 0.5613  loss_ce_4: 0.01999  loss_mask_4: 0.05421  loss_dice_4: 0.6968  loss_ce_5: 0.01926  loss_mask_5: 0.05405  loss_dice_5: 0.6602  loss_ce_6: 0.01889  loss_mask_6: 0.05249  loss_dice_6: 0.7647  loss_ce_7: 0.01976  loss_mask_7: 0.05361  loss_dice_7: 0.7082  loss_ce_8: 0.01918  loss_mask_8: 0.05289  loss_dice_8: 0.6397    time: 0.8466  last_time: 0.8191  data_time: 0.1544  last_data_time: 0.1544   lr: 2.8729e-06  max_mem: 12314M
[03/18 02:52:10 d2.utils.events]:  eta: 0:20:44  iter: 8479  total_loss: 7.669  loss_ce: 0.03165  loss_mask: 0.0376  loss_dice: 0.6088  loss_ce_0: 0.2357  loss_mask_0: 0.05979  loss_dice_0: 1.048  loss_ce_1: 0.04201  loss_mask_1: 0.03859  loss_dice_1: 0.573  loss_ce_2: 0.03692  loss_mask_2: 0.03333  loss_dice_2: 0.6324  loss_ce_3: 0.03242  loss_mask_3: 0.03407  loss_dice_3: 0.6175  loss_ce_4: 0.03177  loss_mask_4: 0.03356  loss_dice_4: 0.6079  loss_ce_5: 0.03018  loss_mask_5: 0.03753  loss_dice_5: 0.6436  loss_ce_6: 0.03155  loss_mask_6: 0.0382  loss_dice_6: 0.6868  loss_ce_7: 0.1043  loss_mask_7: 0.03463  loss_dice_7: 0.6083  loss_ce_8: 0.03224  loss_mask_8: 0.03608  loss_dice_8: 0.6506    time: 0.8466  last_time: 0.7747  data_time: 0.1185  last_data_time: 0.1185   lr: 2.8002e-06  max_mem: 12314M
[03/18 02:52:27 d2.utils.events]:  eta: 0:20:29  iter: 8499  total_loss: 11.36  loss_ce: 0.01411  loss_mask: 0.03073  loss_dice: 0.9947  loss_ce_0: 0.2732  loss_mask_0: 0.05217  loss_dice_0: 1.325  loss_ce_1: 0.07459  loss_mask_1: 0.03185  loss_dice_1: 0.8885  loss_ce_2: 0.04702  loss_mask_2: 0.03678  loss_dice_2: 1.036  loss_ce_3: 0.03328  loss_mask_3: 0.03735  loss_dice_3: 1.085  loss_ce_4: 0.02014  loss_mask_4: 0.04451  loss_dice_4: 1.183  loss_ce_5: 0.07358  loss_mask_5: 0.0577  loss_dice_5: 0.9219  loss_ce_6: 0.02028  loss_mask_6: 0.04073  loss_dice_6: 1.059  loss_ce_7: 0.05698  loss_mask_7: 0.03284  loss_dice_7: 1.006  loss_ce_8: 0.01565  loss_mask_8: 0.03913  loss_dice_8: 0.8322    time: 0.8466  last_time: 1.1548  data_time: 0.4932  last_data_time: 0.4932   lr: 2.7284e-06  max_mem: 12314M
[03/18 02:52:44 d2.utils.events]:  eta: 0:20:12  iter: 8519  total_loss: 10.87  loss_ce: 0.1854  loss_mask: 0.05665  loss_dice: 0.8809  loss_ce_0: 0.3248  loss_mask_0: 0.0635  loss_dice_0: 1.144  loss_ce_1: 0.1856  loss_mask_1: 0.04461  loss_dice_1: 0.6987  loss_ce_2: 0.1276  loss_mask_2: 0.04643  loss_dice_2: 0.8502  loss_ce_3: 0.1152  loss_mask_3: 0.05747  loss_dice_3: 0.9567  loss_ce_4: 0.1246  loss_mask_4: 0.05242  loss_dice_4: 0.8049  loss_ce_5: 0.1368  loss_mask_5: 0.05516  loss_dice_5: 0.8079  loss_ce_6: 0.1827  loss_mask_6: 0.05131  loss_dice_6: 0.7676  loss_ce_7: 0.1899  loss_mask_7: 0.0537  loss_dice_7: 0.7657  loss_ce_8: 0.1453  loss_mask_8: 0.06323  loss_dice_8: 0.9277    time: 0.8465  last_time: 0.7991  data_time: 0.1114  last_data_time: 0.1114   lr: 2.6575e-06  max_mem: 12314M
[03/18 02:53:00 d2.utils.events]:  eta: 0:19:56  iter: 8539  total_loss: 9.325  loss_ce: 0.09452  loss_mask: 0.03717  loss_dice: 0.7598  loss_ce_0: 0.2806  loss_mask_0: 0.07732  loss_dice_0: 0.7096  loss_ce_1: 0.1376  loss_mask_1: 0.0471  loss_dice_1: 0.6277  loss_ce_2: 0.1258  loss_mask_2: 0.05068  loss_dice_2: 0.6827  loss_ce_3: 0.08362  loss_mask_3: 0.05185  loss_dice_3: 0.7059  loss_ce_4: 0.1346  loss_mask_4: 0.04272  loss_dice_4: 0.8338  loss_ce_5: 0.0693  loss_mask_5: 0.04248  loss_dice_5: 0.8544  loss_ce_6: 0.09164  loss_mask_6: 0.04161  loss_dice_6: 0.906  loss_ce_7: 0.05757  loss_mask_7: 0.04559  loss_dice_7: 0.6445  loss_ce_8: 0.102  loss_mask_8: 0.04217  loss_dice_8: 0.9452    time: 0.8465  last_time: 0.7778  data_time: 0.1108  last_data_time: 0.1108   lr: 2.5875e-06  max_mem: 12314M
[03/18 02:53:18 d2.utils.events]:  eta: 0:19:41  iter: 8559  total_loss: 4.573  loss_ce: 0.0375  loss_mask: 0.01985  loss_dice: 0.5304  loss_ce_0: 0.126  loss_mask_0: 0.02844  loss_dice_0: 0.4331  loss_ce_1: 0.02612  loss_mask_1: 0.02753  loss_dice_1: 0.3265  loss_ce_2: 0.03223  loss_mask_2: 0.02821  loss_dice_2: 0.3205  loss_ce_3: 0.04328  loss_mask_3: 0.03046  loss_dice_3: 0.3208  loss_ce_4: 0.04318  loss_mask_4: 0.02587  loss_dice_4: 0.3403  loss_ce_5: 0.04491  loss_mask_5: 0.02035  loss_dice_5: 0.6617  loss_ce_6: 0.03946  loss_mask_6: 0.02456  loss_dice_6: 0.3257  loss_ce_7: 0.03714  loss_mask_7: 0.02398  loss_dice_7: 0.2736  loss_ce_8: 0.03754  loss_mask_8: 0.02096  loss_dice_8: 0.3223    time: 0.8465  last_time: 0.7429  data_time: 0.0776  last_data_time: 0.0776   lr: 2.5183e-06  max_mem: 12314M
[03/18 02:53:35 d2.utils.events]:  eta: 0:19:23  iter: 8579  total_loss: 12.4  loss_ce: 0.1968  loss_mask: 0.03749  loss_dice: 0.9901  loss_ce_0: 0.3993  loss_mask_0: 0.04512  loss_dice_0: 1.285  loss_ce_1: 0.212  loss_mask_1: 0.04101  loss_dice_1: 0.828  loss_ce_2: 0.1702  loss_mask_2: 0.04457  loss_dice_2: 1.019  loss_ce_3: 0.1704  loss_mask_3: 0.03683  loss_dice_3: 1.114  loss_ce_4: 0.1598  loss_mask_4: 0.03397  loss_dice_4: 0.8433  loss_ce_5: 0.1331  loss_mask_5: 0.03566  loss_dice_5: 0.8255  loss_ce_6: 0.1578  loss_mask_6: 0.03829  loss_dice_6: 1.034  loss_ce_7: 0.1517  loss_mask_7: 0.03679  loss_dice_7: 1.047  loss_ce_8: 0.1531  loss_mask_8: 0.04126  loss_dice_8: 1.12    time: 0.8465  last_time: 0.8161  data_time: 0.1413  last_data_time: 0.1413   lr: 2.45e-06  max_mem: 12314M
[03/18 02:53:52 d2.utils.events]:  eta: 0:19:07  iter: 8599  total_loss: 13.5  loss_ce: 0.1016  loss_mask: 0.0732  loss_dice: 1.241  loss_ce_0: 0.1767  loss_mask_0: 0.05744  loss_dice_0: 1.095  loss_ce_1: 0.1647  loss_mask_1: 0.0696  loss_dice_1: 1.008  loss_ce_2: 0.2635  loss_mask_2: 0.05317  loss_dice_2: 1.263  loss_ce_3: 0.1112  loss_mask_3: 0.06957  loss_dice_3: 1.232  loss_ce_4: 0.09763  loss_mask_4: 0.07789  loss_dice_4: 1.2  loss_ce_5: 0.1082  loss_mask_5: 0.08051  loss_dice_5: 0.9591  loss_ce_6: 0.2118  loss_mask_6: 0.05842  loss_dice_6: 0.8304  loss_ce_7: 0.0999  loss_mask_7: 0.067  loss_dice_7: 1.351  loss_ce_8: 0.1634  loss_mask_8: 0.07393  loss_dice_8: 1.145    time: 0.8465  last_time: 0.8544  data_time: 0.1813  last_data_time: 0.1813   lr: 2.3827e-06  max_mem: 12314M
[03/18 02:54:08 d2.utils.events]:  eta: 0:18:51  iter: 8619  total_loss: 16.04  loss_ce: 0.2127  loss_mask: 0.04083  loss_dice: 1.309  loss_ce_0: 0.4209  loss_mask_0: 0.03812  loss_dice_0: 1.254  loss_ce_1: 0.2321  loss_mask_1: 0.04135  loss_dice_1: 1.325  loss_ce_2: 0.1972  loss_mask_2: 0.0452  loss_dice_2: 1.487  loss_ce_3: 0.2233  loss_mask_3: 0.04389  loss_dice_3: 1.297  loss_ce_4: 0.2049  loss_mask_4: 0.0417  loss_dice_4: 1.395  loss_ce_5: 0.1666  loss_mask_5: 0.03595  loss_dice_5: 1.419  loss_ce_6: 0.2529  loss_mask_6: 0.04834  loss_dice_6: 1.356  loss_ce_7: 0.2081  loss_mask_7: 0.03961  loss_dice_7: 1.206  loss_ce_8: 0.2454  loss_mask_8: 0.03721  loss_dice_8: 1.22    time: 0.8464  last_time: 0.9383  data_time: 0.2005  last_data_time: 0.2005   lr: 2.3162e-06  max_mem: 12314M
[03/18 02:54:26 d2.utils.events]:  eta: 0:18:34  iter: 8639  total_loss: 15.11  loss_ce: 0.104  loss_mask: 0.1394  loss_dice: 1.399  loss_ce_0: 0.2922  loss_mask_0: 0.1901  loss_dice_0: 1.145  loss_ce_1: 0.1698  loss_mask_1: 0.1286  loss_dice_1: 1.151  loss_ce_2: 0.1311  loss_mask_2: 0.1636  loss_dice_2: 1.291  loss_ce_3: 0.09775  loss_mask_3: 0.1391  loss_dice_3: 1.171  loss_ce_4: 0.1459  loss_mask_4: 0.1653  loss_dice_4: 0.9998  loss_ce_5: 0.103  loss_mask_5: 0.1529  loss_dice_5: 1.375  loss_ce_6: 0.112  loss_mask_6: 0.1496  loss_dice_6: 1.3  loss_ce_7: 0.1521  loss_mask_7: 0.139  loss_dice_7: 1.278  loss_ce_8: 0.1417  loss_mask_8: 0.1661  loss_dice_8: 1.014    time: 0.8465  last_time: 0.8017  data_time: 0.1422  last_data_time: 0.1422   lr: 2.2506e-06  max_mem: 12314M
[03/18 02:54:43 d2.utils.events]:  eta: 0:18:18  iter: 8659  total_loss: 10.02  loss_ce: 0.01725  loss_mask: 0.04342  loss_dice: 0.9219  loss_ce_0: 0.2024  loss_mask_0: 0.06134  loss_dice_0: 1.147  loss_ce_1: 0.04952  loss_mask_1: 0.05233  loss_dice_1: 0.8416  loss_ce_2: 0.07656  loss_mask_2: 0.03841  loss_dice_2: 0.8842  loss_ce_3: 0.02625  loss_mask_3: 0.03601  loss_dice_3: 0.8434  loss_ce_4: 0.01948  loss_mask_4: 0.03441  loss_dice_4: 0.848  loss_ce_5: 0.0185  loss_mask_5: 0.03735  loss_dice_5: 0.8759  loss_ce_6: 0.01828  loss_mask_6: 0.04224  loss_dice_6: 0.9862  loss_ce_7: 0.09081  loss_mask_7: 0.04696  loss_dice_7: 0.8351  loss_ce_8: 0.01693  loss_mask_8: 0.0408  loss_dice_8: 0.8664    time: 0.8465  last_time: 0.8143  data_time: 0.1353  last_data_time: 0.1353   lr: 2.1859e-06  max_mem: 12314M
[03/18 02:55:02 d2.utils.events]:  eta: 0:18:02  iter: 8679  total_loss: 9.515  loss_ce: 0.01122  loss_mask: 0.05481  loss_dice: 0.8349  loss_ce_0: 0.1252  loss_mask_0: 0.07005  loss_dice_0: 0.9597  loss_ce_1: 0.02516  loss_mask_1: 0.07617  loss_dice_1: 0.9405  loss_ce_2: 0.01965  loss_mask_2: 0.05491  loss_dice_2: 0.8335  loss_ce_3: 0.01455  loss_mask_3: 0.05318  loss_dice_3: 0.9121  loss_ce_4: 0.01294  loss_mask_4: 0.05232  loss_dice_4: 0.8454  loss_ce_5: 0.01325  loss_mask_5: 0.0529  loss_dice_5: 0.8682  loss_ce_6: 0.01201  loss_mask_6: 0.05226  loss_dice_6: 0.7881  loss_ce_7: 0.01097  loss_mask_7: 0.05224  loss_dice_7: 0.9269  loss_ce_8: 0.0112  loss_mask_8: 0.05258  loss_dice_8: 0.7787    time: 0.8466  last_time: 0.7676  data_time: 0.1000  last_data_time: 0.1000   lr: 2.1221e-06  max_mem: 12314M
[03/18 02:55:19 d2.utils.events]:  eta: 0:17:47  iter: 8699  total_loss: 11.07  loss_ce: 0.0191  loss_mask: 0.04618  loss_dice: 0.9378  loss_ce_0: 0.2859  loss_mask_0: 0.0673  loss_dice_0: 1.051  loss_ce_1: 0.1736  loss_mask_1: 0.05216  loss_dice_1: 1.224  loss_ce_2: 0.07349  loss_mask_2: 0.04459  loss_dice_2: 0.9276  loss_ce_3: 0.02982  loss_mask_3: 0.04954  loss_dice_3: 1.005  loss_ce_4: 0.02717  loss_mask_4: 0.0548  loss_dice_4: 1.097  loss_ce_5: 0.02497  loss_mask_5: 0.04839  loss_dice_5: 0.8259  loss_ce_6: 0.02239  loss_mask_6: 0.05536  loss_dice_6: 0.9902  loss_ce_7: 0.01933  loss_mask_7: 0.04555  loss_dice_7: 0.9287  loss_ce_8: 0.02011  loss_mask_8: 0.05225  loss_dice_8: 0.8719    time: 0.8466  last_time: 1.0482  data_time: 0.2045  last_data_time: 0.2045   lr: 2.0593e-06  max_mem: 12314M
[03/18 02:55:36 d2.utils.events]:  eta: 0:17:29  iter: 8719  total_loss: 8.771  loss_ce: 0.1454  loss_mask: 0.04741  loss_dice: 0.6008  loss_ce_0: 0.3255  loss_mask_0: 0.07535  loss_dice_0: 0.8167  loss_ce_1: 0.1573  loss_mask_1: 0.04186  loss_dice_1: 0.5834  loss_ce_2: 0.1829  loss_mask_2: 0.04617  loss_dice_2: 0.6243  loss_ce_3: 0.1774  loss_mask_3: 0.0424  loss_dice_3: 0.6501  loss_ce_4: 0.1839  loss_mask_4: 0.0449  loss_dice_4: 0.6506  loss_ce_5: 0.1818  loss_mask_5: 0.04219  loss_dice_5: 0.5915  loss_ce_6: 0.2016  loss_mask_6: 0.04872  loss_dice_6: 0.7966  loss_ce_7: 0.1534  loss_mask_7: 0.04649  loss_dice_7: 0.5767  loss_ce_8: 0.1338  loss_mask_8: 0.03998  loss_dice_8: 0.5619    time: 0.8466  last_time: 0.7688  data_time: 0.0933  last_data_time: 0.0933   lr: 1.9973e-06  max_mem: 12314M
[03/18 02:55:53 d2.utils.events]:  eta: 0:17:14  iter: 8739  total_loss: 6.773  loss_ce: 0.02658  loss_mask: 0.03139  loss_dice: 0.5902  loss_ce_0: 0.1994  loss_mask_0: 0.03737  loss_dice_0: 0.6934  loss_ce_1: 0.1087  loss_mask_1: 0.0311  loss_dice_1: 0.6012  loss_ce_2: 0.08296  loss_mask_2: 0.02689  loss_dice_2: 0.4826  loss_ce_3: 0.04573  loss_mask_3: 0.02789  loss_dice_3: 0.5901  loss_ce_4: 0.02969  loss_mask_4: 0.02939  loss_dice_4: 0.6096  loss_ce_5: 0.02236  loss_mask_5: 0.02987  loss_dice_5: 0.5945  loss_ce_6: 0.07941  loss_mask_6: 0.02849  loss_dice_6: 0.5685  loss_ce_7: 0.02507  loss_mask_7: 0.03022  loss_dice_7: 0.572  loss_ce_8: 0.02715  loss_mask_8: 0.02892  loss_dice_8: 0.5222    time: 0.8467  last_time: 0.7930  data_time: 0.1207  last_data_time: 0.1207   lr: 1.9362e-06  max_mem: 12314M
[03/18 02:56:09 d2.utils.events]:  eta: 0:16:56  iter: 8759  total_loss: 9.813  loss_ce: 0.03574  loss_mask: 0.04125  loss_dice: 0.856  loss_ce_0: 0.2649  loss_mask_0: 0.05729  loss_dice_0: 1.194  loss_ce_1: 0.1005  loss_mask_1: 0.03659  loss_dice_1: 0.8504  loss_ce_2: 0.074  loss_mask_2: 0.03604  loss_dice_2: 0.7359  loss_ce_3: 0.1031  loss_mask_3: 0.04774  loss_dice_3: 0.8327  loss_ce_4: 0.1016  loss_mask_4: 0.04976  loss_dice_4: 0.8674  loss_ce_5: 0.03906  loss_mask_5: 0.04424  loss_dice_5: 0.9053  loss_ce_6: 0.04529  loss_mask_6: 0.04133  loss_dice_6: 0.6924  loss_ce_7: 0.03938  loss_mask_7: 0.03947  loss_dice_7: 0.7778  loss_ce_8: 0.03868  loss_mask_8: 0.03754  loss_dice_8: 0.8283    time: 0.8466  last_time: 0.8113  data_time: 0.1510  last_data_time: 0.1510   lr: 1.8761e-06  max_mem: 12314M
[03/18 02:56:26 d2.utils.events]:  eta: 0:16:40  iter: 8779  total_loss: 13.04  loss_ce: 0.09426  loss_mask: 0.04838  loss_dice: 1.05  loss_ce_0: 0.4646  loss_mask_0: 0.09351  loss_dice_0: 1.455  loss_ce_1: 0.1375  loss_mask_1: 0.05404  loss_dice_1: 1.128  loss_ce_2: 0.1242  loss_mask_2: 0.04731  loss_dice_2: 1.069  loss_ce_3: 0.09838  loss_mask_3: 0.05328  loss_dice_3: 1.07  loss_ce_4: 0.09399  loss_mask_4: 0.04927  loss_dice_4: 1.01  loss_ce_5: 0.1063  loss_mask_5: 0.04992  loss_dice_5: 1.115  loss_ce_6: 0.08422  loss_mask_6: 0.0518  loss_dice_6: 1.097  loss_ce_7: 0.09904  loss_mask_7: 0.0544  loss_dice_7: 0.9937  loss_ce_8: 0.09248  loss_mask_8: 0.06078  loss_dice_8: 1.094    time: 0.8465  last_time: 0.7952  data_time: 0.1303  last_data_time: 0.1303   lr: 1.8168e-06  max_mem: 12314M
[03/18 02:56:43 d2.utils.events]:  eta: 0:16:23  iter: 8799  total_loss: 8.803  loss_ce: 0.01643  loss_mask: 0.1764  loss_dice: 0.6599  loss_ce_0: 0.1673  loss_mask_0: 0.2372  loss_dice_0: 0.7582  loss_ce_1: 0.02633  loss_mask_1: 0.1623  loss_dice_1: 0.6591  loss_ce_2: 0.02144  loss_mask_2: 0.1854  loss_dice_2: 0.7277  loss_ce_3: 0.01674  loss_mask_3: 0.1728  loss_dice_3: 0.6825  loss_ce_4: 0.016  loss_mask_4: 0.1798  loss_dice_4: 0.6979  loss_ce_5: 0.0166  loss_mask_5: 0.1616  loss_dice_5: 0.5601  loss_ce_6: 0.01727  loss_mask_6: 0.18  loss_dice_6: 0.6188  loss_ce_7: 0.01581  loss_mask_7: 0.1728  loss_dice_7: 0.6334  loss_ce_8: 0.01612  loss_mask_8: 0.1814  loss_dice_8: 0.6654    time: 0.8464  last_time: 0.8469  data_time: 0.1889  last_data_time: 0.1889   lr: 1.7585e-06  max_mem: 12314M
[03/18 02:57:00 d2.utils.events]:  eta: 0:16:06  iter: 8819  total_loss: 15.88  loss_ce: 0.042  loss_mask: 0.05934  loss_dice: 1.405  loss_ce_0: 0.2258  loss_mask_0: 0.06894  loss_dice_0: 1.515  loss_ce_1: 0.05251  loss_mask_1: 0.07013  loss_dice_1: 1.425  loss_ce_2: 0.03637  loss_mask_2: 0.0769  loss_dice_2: 1.585  loss_ce_3: 0.01974  loss_mask_3: 0.1074  loss_dice_3: 1.594  loss_ce_4: 0.05462  loss_mask_4: 0.06863  loss_dice_4: 1.388  loss_ce_5: 0.06692  loss_mask_5: 0.06217  loss_dice_5: 1.454  loss_ce_6: 0.08354  loss_mask_6: 0.08069  loss_dice_6: 1.451  loss_ce_7: 0.06192  loss_mask_7: 0.06182  loss_dice_7: 1.397  loss_ce_8: 0.04095  loss_mask_8: 0.06036  loss_dice_8: 1.269    time: 0.8465  last_time: 0.8679  data_time: 0.2064  last_data_time: 0.2064   lr: 1.7011e-06  max_mem: 12314M
[03/18 02:57:17 d2.utils.events]:  eta: 0:15:50  iter: 8839  total_loss: 16.24  loss_ce: 0.1054  loss_mask: 0.04654  loss_dice: 1.375  loss_ce_0: 0.3605  loss_mask_0: 0.06364  loss_dice_0: 1.605  loss_ce_1: 0.1471  loss_mask_1: 0.1103  loss_dice_1: 1.296  loss_ce_2: 0.2069  loss_mask_2: 0.07063  loss_dice_2: 1.431  loss_ce_3: 0.1613  loss_mask_3: 0.05678  loss_dice_3: 1.439  loss_ce_4: 0.08629  loss_mask_4: 0.05286  loss_dice_4: 1.415  loss_ce_5: 0.1037  loss_mask_5: 0.06755  loss_dice_5: 1.43  loss_ce_6: 0.1212  loss_mask_6: 0.05  loss_dice_6: 1.314  loss_ce_7: 0.08284  loss_mask_7: 0.05397  loss_dice_7: 1.425  loss_ce_8: 0.07693  loss_mask_8: 0.07157  loss_dice_8: 1.416    time: 0.8465  last_time: 0.8376  data_time: 0.1690  last_data_time: 0.1690   lr: 1.6446e-06  max_mem: 12314M
[03/18 02:57:35 d2.utils.events]:  eta: 0:15:34  iter: 8859  total_loss: 11.78  loss_ce: 0.01713  loss_mask: 0.05637  loss_dice: 1.13  loss_ce_0: 0.1696  loss_mask_0: 0.1101  loss_dice_0: 1.243  loss_ce_1: 0.03546  loss_mask_1: 0.04476  loss_dice_1: 1.124  loss_ce_2: 0.02719  loss_mask_2: 0.05437  loss_dice_2: 1.119  loss_ce_3: 0.02143  loss_mask_3: 0.0521  loss_dice_3: 1.129  loss_ce_4: 0.01853  loss_mask_4: 0.05117  loss_dice_4: 1.093  loss_ce_5: 0.02213  loss_mask_5: 0.04152  loss_dice_5: 1.034  loss_ce_6: 0.0207  loss_mask_6: 0.04127  loss_dice_6: 1.003  loss_ce_7: 0.02276  loss_mask_7: 0.04598  loss_dice_7: 1.035  loss_ce_8: 0.01698  loss_mask_8: 0.04866  loss_dice_8: 0.9546    time: 0.8466  last_time: 0.8308  data_time: 0.1683  last_data_time: 0.1683   lr: 1.589e-06  max_mem: 12314M
[03/18 02:57:52 d2.utils.events]:  eta: 0:15:17  iter: 8879  total_loss: 7.656  loss_ce: 0.009487  loss_mask: 0.03965  loss_dice: 0.746  loss_ce_0: 0.1131  loss_mask_0: 0.03767  loss_dice_0: 0.7579  loss_ce_1: 0.009265  loss_mask_1: 0.03081  loss_dice_1: 0.6221  loss_ce_2: 0.01725  loss_mask_2: 0.02897  loss_dice_2: 0.6048  loss_ce_3: 0.009381  loss_mask_3: 0.03861  loss_dice_3: 0.5735  loss_ce_4: 0.009984  loss_mask_4: 0.04887  loss_dice_4: 0.8066  loss_ce_5: 0.009387  loss_mask_5: 0.04521  loss_dice_5: 0.6782  loss_ce_6: 0.009245  loss_mask_6: 0.03579  loss_dice_6: 0.8302  loss_ce_7: 0.008848  loss_mask_7: 0.03846  loss_dice_7: 0.6047  loss_ce_8: 0.009013  loss_mask_8: 0.04231  loss_dice_8: 0.8409    time: 0.8466  last_time: 0.7716  data_time: 0.1128  last_data_time: 0.1128   lr: 1.5344e-06  max_mem: 12314M
[03/18 02:58:09 d2.utils.events]:  eta: 0:15:01  iter: 8899  total_loss: 8.727  loss_ce: 0.08926  loss_mask: 0.03008  loss_dice: 0.5609  loss_ce_0: 0.2144  loss_mask_0: 0.05518  loss_dice_0: 0.7193  loss_ce_1: 0.0603  loss_mask_1: 0.04402  loss_dice_1: 1.314  loss_ce_2: 0.1065  loss_mask_2: 0.0331  loss_dice_2: 0.6313  loss_ce_3: 0.1048  loss_mask_3: 0.03009  loss_dice_3: 0.5685  loss_ce_4: 0.1436  loss_mask_4: 0.03073  loss_dice_4: 0.8876  loss_ce_5: 0.1012  loss_mask_5: 0.03383  loss_dice_5: 0.5921  loss_ce_6: 0.1017  loss_mask_6: 0.02879  loss_dice_6: 0.5557  loss_ce_7: 0.1312  loss_mask_7: 0.03118  loss_dice_7: 0.925  loss_ce_8: 0.08727  loss_mask_8: 0.03124  loss_dice_8: 0.4843    time: 0.8465  last_time: 1.0013  data_time: 0.2252  last_data_time: 0.2252   lr: 1.4806e-06  max_mem: 12314M
[03/18 02:58:26 d2.utils.events]:  eta: 0:14:44  iter: 8919  total_loss: 10.29  loss_ce: 0.06869  loss_mask: 0.0271  loss_dice: 0.8524  loss_ce_0: 0.4207  loss_mask_0: 0.03566  loss_dice_0: 1.047  loss_ce_1: 0.1389  loss_mask_1: 0.02335  loss_dice_1: 0.8033  loss_ce_2: 0.09632  loss_mask_2: 0.02578  loss_dice_2: 0.9726  loss_ce_3: 0.04666  loss_mask_3: 0.03074  loss_dice_3: 1.028  loss_ce_4: 0.1256  loss_mask_4: 0.02767  loss_dice_4: 0.9784  loss_ce_5: 0.04776  loss_mask_5: 0.02618  loss_dice_5: 0.8661  loss_ce_6: 0.06578  loss_mask_6: 0.02502  loss_dice_6: 0.7713  loss_ce_7: 0.06337  loss_mask_7: 0.02689  loss_dice_7: 0.7279  loss_ce_8: 0.0672  loss_mask_8: 0.02498  loss_dice_8: 0.8327    time: 0.8466  last_time: 0.8508  data_time: 0.1821  last_data_time: 0.1821   lr: 1.4279e-06  max_mem: 12314M
[03/18 02:58:43 d2.utils.events]:  eta: 0:14:27  iter: 8939  total_loss: 12.13  loss_ce: 0.03759  loss_mask: 0.07693  loss_dice: 1.011  loss_ce_0: 0.1339  loss_mask_0: 0.09407  loss_dice_0: 1.262  loss_ce_1: 0.06712  loss_mask_1: 0.07908  loss_dice_1: 1.108  loss_ce_2: 0.05788  loss_mask_2: 0.06944  loss_dice_2: 0.8621  loss_ce_3: 0.04847  loss_mask_3: 0.06929  loss_dice_3: 1.15  loss_ce_4: 0.04086  loss_mask_4: 0.07003  loss_dice_4: 0.9952  loss_ce_5: 0.03444  loss_mask_5: 0.08427  loss_dice_5: 1.233  loss_ce_6: 0.04139  loss_mask_6: 0.0703  loss_dice_6: 1.091  loss_ce_7: 0.03835  loss_mask_7: 0.07619  loss_dice_7: 1.098  loss_ce_8: 0.04003  loss_mask_8: 0.07795  loss_dice_8: 1.015    time: 0.8465  last_time: 0.8482  data_time: 0.1735  last_data_time: 0.1735   lr: 1.376e-06  max_mem: 12314M
[03/18 02:59:01 d2.utils.events]:  eta: 0:14:11  iter: 8959  total_loss: 11.49  loss_ce: 0.07497  loss_mask: 0.0336  loss_dice: 1.035  loss_ce_0: 0.1845  loss_mask_0: 0.03811  loss_dice_0: 1.041  loss_ce_1: 0.1078  loss_mask_1: 0.02964  loss_dice_1: 1.141  loss_ce_2: 0.07309  loss_mask_2: 0.03268  loss_dice_2: 1.118  loss_ce_3: 0.07359  loss_mask_3: 0.03565  loss_dice_3: 1.137  loss_ce_4: 0.07426  loss_mask_4: 0.0341  loss_dice_4: 1.08  loss_ce_5: 0.06836  loss_mask_5: 0.02806  loss_dice_5: 0.8443  loss_ce_6: 0.07515  loss_mask_6: 0.02246  loss_dice_6: 0.8131  loss_ce_7: 0.04908  loss_mask_7: 0.03153  loss_dice_7: 1.024  loss_ce_8: 0.06167  loss_mask_8: 0.02879  loss_dice_8: 1.102    time: 0.8465  last_time: 0.8454  data_time: 0.1751  last_data_time: 0.1751   lr: 1.3251e-06  max_mem: 12314M
[03/18 02:59:19 d2.utils.events]:  eta: 0:13:55  iter: 8979  total_loss: 6.577  loss_ce: 0.04905  loss_mask: 0.03233  loss_dice: 0.5469  loss_ce_0: 0.3101  loss_mask_0: 0.05934  loss_dice_0: 0.6755  loss_ce_1: 0.05689  loss_mask_1: 0.03479  loss_dice_1: 0.6128  loss_ce_2: 0.1056  loss_mask_2: 0.02899  loss_dice_2: 0.4516  loss_ce_3: 0.09446  loss_mask_3: 0.03169  loss_dice_3: 0.4241  loss_ce_4: 0.03273  loss_mask_4: 0.03278  loss_dice_4: 0.706  loss_ce_5: 0.03821  loss_mask_5: 0.03428  loss_dice_5: 0.505  loss_ce_6: 0.04227  loss_mask_6: 0.03304  loss_dice_6: 0.5233  loss_ce_7: 0.04598  loss_mask_7: 0.03001  loss_dice_7: 0.4588  loss_ce_8: 0.04737  loss_mask_8: 0.03803  loss_dice_8: 0.4955    time: 0.8467  last_time: 0.9638  data_time: 0.2302  last_data_time: 0.2302   lr: 1.2751e-06  max_mem: 12314M
[03/18 02:59:36 d2.utils.events]:  eta: 0:13:39  iter: 8999  total_loss: 9.114  loss_ce: 0.03345  loss_mask: 0.03643  loss_dice: 0.7757  loss_ce_0: 0.2799  loss_mask_0: 0.05343  loss_dice_0: 1.052  loss_ce_1: 0.05258  loss_mask_1: 0.03733  loss_dice_1: 0.7875  loss_ce_2: 0.04245  loss_mask_2: 0.03641  loss_dice_2: 0.7038  loss_ce_3: 0.04249  loss_mask_3: 0.03847  loss_dice_3: 0.7325  loss_ce_4: 0.1144  loss_mask_4: 0.04114  loss_dice_4: 0.8508  loss_ce_5: 0.04271  loss_mask_5: 0.03558  loss_dice_5: 0.6572  loss_ce_6: 0.1037  loss_mask_6: 0.04305  loss_dice_6: 0.8345  loss_ce_7: 0.03831  loss_mask_7: 0.03687  loss_dice_7: 0.726  loss_ce_8: 0.0348  loss_mask_8: 0.03676  loss_dice_8: 0.8128    time: 0.8466  last_time: 0.9064  data_time: 0.2371  last_data_time: 0.2371   lr: 1.226e-06  max_mem: 12314M
[03/18 02:59:54 d2.utils.events]:  eta: 0:13:22  iter: 9019  total_loss: 12.19  loss_ce: 0.04812  loss_mask: 0.03861  loss_dice: 0.936  loss_ce_0: 0.3708  loss_mask_0: 0.05868  loss_dice_0: 1.379  loss_ce_1: 0.09541  loss_mask_1: 0.03771  loss_dice_1: 1.104  loss_ce_2: 0.08778  loss_mask_2: 0.04646  loss_dice_2: 1.094  loss_ce_3: 0.06512  loss_mask_3: 0.04656  loss_dice_3: 1.054  loss_ce_4: 0.06076  loss_mask_4: 0.04667  loss_dice_4: 1.069  loss_ce_5: 0.1846  loss_mask_5: 0.04395  loss_dice_5: 1.061  loss_ce_6: 0.05304  loss_mask_6: 0.04395  loss_dice_6: 0.9928  loss_ce_7: 0.05066  loss_mask_7: 0.04234  loss_dice_7: 1.057  loss_ce_8: 0.0489  loss_mask_8: 0.03968  loss_dice_8: 0.9303    time: 0.8467  last_time: 0.8636  data_time: 0.1758  last_data_time: 0.1758   lr: 1.1779e-06  max_mem: 12314M
[03/18 03:00:11 d2.utils.events]:  eta: 0:13:05  iter: 9039  total_loss: 11.45  loss_ce: 0.02835  loss_mask: 0.05726  loss_dice: 1.076  loss_ce_0: 0.2151  loss_mask_0: 0.05891  loss_dice_0: 1  loss_ce_1: 0.03535  loss_mask_1: 0.06752  loss_dice_1: 1.072  loss_ce_2: 0.07552  loss_mask_2: 0.0549  loss_dice_2: 1.006  loss_ce_3: 0.03786  loss_mask_3: 0.04766  loss_dice_3: 0.9796  loss_ce_4: 0.03072  loss_mask_4: 0.04442  loss_dice_4: 1.018  loss_ce_5: 0.02944  loss_mask_5: 0.05185  loss_dice_5: 1.047  loss_ce_6: 0.02975  loss_mask_6: 0.05334  loss_dice_6: 1.058  loss_ce_7: 0.03011  loss_mask_7: 0.05592  loss_dice_7: 1.092  loss_ce_8: 0.02987  loss_mask_8: 0.04848  loss_dice_8: 1.018    time: 0.8467  last_time: 0.8707  data_time: 0.1963  last_data_time: 0.1963   lr: 1.1307e-06  max_mem: 12314M
[03/18 03:00:28 d2.utils.events]:  eta: 0:12:49  iter: 9059  total_loss: 14.23  loss_ce: 0.1604  loss_mask: 0.05851  loss_dice: 1.105  loss_ce_0: 0.406  loss_mask_0: 0.09365  loss_dice_0: 1.321  loss_ce_1: 0.1954  loss_mask_1: 0.06319  loss_dice_1: 1.172  loss_ce_2: 0.1218  loss_mask_2: 0.05431  loss_dice_2: 1.109  loss_ce_3: 0.1435  loss_mask_3: 0.06663  loss_dice_3: 1.203  loss_ce_4: 0.1895  loss_mask_4: 0.07405  loss_dice_4: 1.22  loss_ce_5: 0.1183  loss_mask_5: 0.06575  loss_dice_5: 1.155  loss_ce_6: 0.1175  loss_mask_6: 0.06344  loss_dice_6: 1.083  loss_ce_7: 0.1102  loss_mask_7: 0.06015  loss_dice_7: 1.232  loss_ce_8: 0.1177  loss_mask_8: 0.07377  loss_dice_8: 1.271    time: 0.8468  last_time: 0.8415  data_time: 0.1663  last_data_time: 0.1663   lr: 1.0845e-06  max_mem: 12314M
[03/18 03:00:45 d2.utils.events]:  eta: 0:12:33  iter: 9079  total_loss: 7.503  loss_ce: 0.03089  loss_mask: 0.03592  loss_dice: 0.6431  loss_ce_0: 0.284  loss_mask_0: 0.05736  loss_dice_0: 0.7431  loss_ce_1: 0.0497  loss_mask_1: 0.03954  loss_dice_1: 0.7066  loss_ce_2: 0.05008  loss_mask_2: 0.03541  loss_dice_2: 0.6139  loss_ce_3: 0.03642  loss_mask_3: 0.0338  loss_dice_3: 0.5715  loss_ce_4: 0.03266  loss_mask_4: 0.03698  loss_dice_4: 0.6581  loss_ce_5: 0.03262  loss_mask_5: 0.03855  loss_dice_5: 0.6002  loss_ce_6: 0.03467  loss_mask_6: 0.03888  loss_dice_6: 0.6097  loss_ce_7: 0.03252  loss_mask_7: 0.03773  loss_dice_7: 0.5814  loss_ce_8: 0.1242  loss_mask_8: 0.03564  loss_dice_8: 0.6781    time: 0.8467  last_time: 0.8261  data_time: 0.1663  last_data_time: 0.1663   lr: 1.0392e-06  max_mem: 12314M
[03/18 03:01:02 d2.utils.events]:  eta: 0:12:16  iter: 9099  total_loss: 5.09  loss_ce: 0.03059  loss_mask: 0.02411  loss_dice: 0.4009  loss_ce_0: 0.1638  loss_mask_0: 0.0246  loss_dice_0: 0.2829  loss_ce_1: 0.01626  loss_mask_1: 0.02193  loss_dice_1: 0.4606  loss_ce_2: 0.02654  loss_mask_2: 0.02666  loss_dice_2: 0.4583  loss_ce_3: 0.02866  loss_mask_3: 0.02062  loss_dice_3: 0.4993  loss_ce_4: 0.03352  loss_mask_4: 0.02955  loss_dice_4: 0.3484  loss_ce_5: 0.03382  loss_mask_5: 0.02681  loss_dice_5: 0.6928  loss_ce_6: 0.02883  loss_mask_6: 0.02167  loss_dice_6: 0.5504  loss_ce_7: 0.02754  loss_mask_7: 0.02666  loss_dice_7: 0.4008  loss_ce_8: 0.02689  loss_mask_8: 0.02783  loss_dice_8: 0.3288    time: 0.8467  last_time: 0.8116  data_time: 0.1611  last_data_time: 0.1611   lr: 9.9485e-07  max_mem: 12314M
[03/18 03:01:19 d2.utils.events]:  eta: 0:12:00  iter: 9119  total_loss: 9.887  loss_ce: 0.02546  loss_mask: 0.05861  loss_dice: 0.8493  loss_ce_0: 0.3788  loss_mask_0: 0.1169  loss_dice_0: 1.075  loss_ce_1: 0.0644  loss_mask_1: 0.05525  loss_dice_1: 0.8714  loss_ce_2: 0.1271  loss_mask_2: 0.05735  loss_dice_2: 0.9105  loss_ce_3: 0.1397  loss_mask_3: 0.04672  loss_dice_3: 0.7055  loss_ce_4: 0.03183  loss_mask_4: 0.05835  loss_dice_4: 0.7886  loss_ce_5: 0.076  loss_mask_5: 0.04558  loss_dice_5: 0.6575  loss_ce_6: 0.0288  loss_mask_6: 0.06269  loss_dice_6: 0.8425  loss_ce_7: 0.09951  loss_mask_7: 0.04414  loss_dice_7: 0.7887  loss_ce_8: 0.139  loss_mask_8: 0.04926  loss_dice_8: 0.6919    time: 0.8466  last_time: 0.8959  data_time: 0.1727  last_data_time: 0.1727   lr: 9.5145e-07  max_mem: 12314M
[03/18 03:01:35 d2.utils.events]:  eta: 0:11:43  iter: 9139  total_loss: 16.64  loss_ce: 0.08583  loss_mask: 0.0582  loss_dice: 1.312  loss_ce_0: 0.5151  loss_mask_0: 0.1037  loss_dice_0: 1.578  loss_ce_1: 0.1811  loss_mask_1: 0.0929  loss_dice_1: 1.673  loss_ce_2: 0.06653  loss_mask_2: 0.08551  loss_dice_2: 1.437  loss_ce_3: 0.05602  loss_mask_3: 0.09476  loss_dice_3: 1.523  loss_ce_4: 0.04781  loss_mask_4: 0.1079  loss_dice_4: 1.567  loss_ce_5: 0.05773  loss_mask_5: 0.07119  loss_dice_5: 1.383  loss_ce_6: 0.05933  loss_mask_6: 0.07471  loss_dice_6: 1.393  loss_ce_7: 0.05988  loss_mask_7: 0.07128  loss_dice_7: 1.401  loss_ce_8: 0.0679  loss_mask_8: 0.06811  loss_dice_8: 1.347    time: 0.8466  last_time: 0.7563  data_time: 0.1008  last_data_time: 0.1008   lr: 9.0901e-07  max_mem: 12314M
[03/18 03:01:52 d2.utils.events]:  eta: 0:11:27  iter: 9159  total_loss: 16.53  loss_ce: 0.07494  loss_mask: 0.1151  loss_dice: 1.362  loss_ce_0: 0.5812  loss_mask_0: 0.1146  loss_dice_0: 1.679  loss_ce_1: 0.1341  loss_mask_1: 0.1436  loss_dice_1: 1.63  loss_ce_2: 0.1045  loss_mask_2: 0.1101  loss_dice_2: 1.391  loss_ce_3: 0.09763  loss_mask_3: 0.09969  loss_dice_3: 1.242  loss_ce_4: 0.08165  loss_mask_4: 0.1211  loss_dice_4: 1.425  loss_ce_5: 0.1375  loss_mask_5: 0.1215  loss_dice_5: 1.374  loss_ce_6: 0.08503  loss_mask_6: 0.1092  loss_dice_6: 1.353  loss_ce_7: 0.0963  loss_mask_7: 0.1171  loss_dice_7: 1.248  loss_ce_8: 0.09019  loss_mask_8: 0.1104  loss_dice_8: 1.178    time: 0.8466  last_time: 0.8748  data_time: 0.1906  last_data_time: 0.1906   lr: 8.6751e-07  max_mem: 12314M
[03/18 03:02:10 d2.utils.events]:  eta: 0:11:10  iter: 9179  total_loss: 6.483  loss_ce: 0.01165  loss_mask: 0.03317  loss_dice: 0.5403  loss_ce_0: 0.1194  loss_mask_0: 0.04482  loss_dice_0: 0.6449  loss_ce_1: 0.01895  loss_mask_1: 0.039  loss_dice_1: 0.5755  loss_ce_2: 0.01598  loss_mask_2: 0.03248  loss_dice_2: 0.5517  loss_ce_3: 0.01152  loss_mask_3: 0.0372  loss_dice_3: 0.6371  loss_ce_4: 0.01096  loss_mask_4: 0.03887  loss_dice_4: 0.5934  loss_ce_5: 0.01183  loss_mask_5: 0.03502  loss_dice_5: 0.5936  loss_ce_6: 0.01225  loss_mask_6: 0.03245  loss_dice_6: 0.5959  loss_ce_7: 0.01234  loss_mask_7: 0.03426  loss_dice_7: 0.5794  loss_ce_8: 0.01173  loss_mask_8: 0.03538  loss_dice_8: 0.5721    time: 0.8466  last_time: 1.0949  data_time: 0.3828  last_data_time: 0.3828   lr: 8.2696e-07  max_mem: 12314M
[03/18 03:02:26 d2.utils.events]:  eta: 0:10:54  iter: 9199  total_loss: 9.181  loss_ce: 0.01515  loss_mask: 0.02907  loss_dice: 0.7664  loss_ce_0: 0.2528  loss_mask_0: 0.03169  loss_dice_0: 0.9001  loss_ce_1: 0.02835  loss_mask_1: 0.02996  loss_dice_1: 0.7515  loss_ce_2: 0.06619  loss_mask_2: 0.03427  loss_dice_2: 1.032  loss_ce_3: 0.01599  loss_mask_3: 0.02848  loss_dice_3: 0.7863  loss_ce_4: 0.01242  loss_mask_4: 0.03244  loss_dice_4: 0.759  loss_ce_5: 0.01343  loss_mask_5: 0.03488  loss_dice_5: 0.7837  loss_ce_6: 0.01404  loss_mask_6: 0.03266  loss_dice_6: 0.8585  loss_ce_7: 0.0135  loss_mask_7: 0.02752  loss_dice_7: 0.8288  loss_ce_8: 0.07032  loss_mask_8: 0.03039  loss_dice_8: 0.901    time: 0.8466  last_time: 0.9646  data_time: 0.2987  last_data_time: 0.2987   lr: 7.8738e-07  max_mem: 12314M
[03/18 03:02:44 d2.utils.events]:  eta: 0:10:38  iter: 9219  total_loss: 19.18  loss_ce: 0.09647  loss_mask: 0.2204  loss_dice: 1.554  loss_ce_0: 0.2999  loss_mask_0: 0.1924  loss_dice_0: 1.599  loss_ce_1: 0.06529  loss_mask_1: 0.1657  loss_dice_1: 1.864  loss_ce_2: 0.1383  loss_mask_2: 0.1884  loss_dice_2: 1.509  loss_ce_3: 0.08048  loss_mask_3: 0.2007  loss_dice_3: 1.569  loss_ce_4: 0.1029  loss_mask_4: 0.2158  loss_dice_4: 1.713  loss_ce_5: 0.09887  loss_mask_5: 0.2028  loss_dice_5: 1.52  loss_ce_6: 0.06061  loss_mask_6: 0.2069  loss_dice_6: 1.58  loss_ce_7: 0.09669  loss_mask_7: 0.2284  loss_dice_7: 1.46  loss_ce_8: 0.05589  loss_mask_8: 0.234  loss_dice_8: 1.66    time: 0.8466  last_time: 0.8540  data_time: 0.1786  last_data_time: 0.1786   lr: 7.4874e-07  max_mem: 12314M
[03/18 03:03:02 d2.utils.events]:  eta: 0:10:22  iter: 9239  total_loss: 9.353  loss_ce: 0.04152  loss_mask: 0.02998  loss_dice: 0.7407  loss_ce_0: 0.1876  loss_mask_0: 0.04295  loss_dice_0: 1.243  loss_ce_1: 0.07657  loss_mask_1: 0.0319  loss_dice_1: 0.7117  loss_ce_2: 0.1548  loss_mask_2: 0.02839  loss_dice_2: 0.8255  loss_ce_3: 0.05975  loss_mask_3: 0.03042  loss_dice_3: 0.8086  loss_ce_4: 0.04199  loss_mask_4: 0.0291  loss_dice_4: 0.9062  loss_ce_5: 0.04234  loss_mask_5: 0.02299  loss_dice_5: 0.7275  loss_ce_6: 0.04257  loss_mask_6: 0.02388  loss_dice_6: 0.6671  loss_ce_7: 0.1094  loss_mask_7: 0.0227  loss_dice_7: 0.7211  loss_ce_8: 0.04171  loss_mask_8: 0.031  loss_dice_8: 0.9101    time: 0.8466  last_time: 0.8028  data_time: 0.1424  last_data_time: 0.1424   lr: 7.1107e-07  max_mem: 12314M
[03/18 03:03:19 d2.utils.events]:  eta: 0:10:06  iter: 9259  total_loss: 9.443  loss_ce: 0.02713  loss_mask: 0.04051  loss_dice: 0.829  loss_ce_0: 0.2901  loss_mask_0: 0.04801  loss_dice_0: 0.8742  loss_ce_1: 0.06862  loss_mask_1: 0.03864  loss_dice_1: 0.8046  loss_ce_2: 0.04668  loss_mask_2: 0.04197  loss_dice_2: 0.8443  loss_ce_3: 0.02746  loss_mask_3: 0.04645  loss_dice_3: 0.9  loss_ce_4: 0.02277  loss_mask_4: 0.0374  loss_dice_4: 0.8316  loss_ce_5: 0.09546  loss_mask_5: 0.03885  loss_dice_5: 0.7378  loss_ce_6: 0.02512  loss_mask_6: 0.03873  loss_dice_6: 0.8029  loss_ce_7: 0.02327  loss_mask_7: 0.03935  loss_dice_7: 0.834  loss_ce_8: 0.0259  loss_mask_8: 0.04354  loss_dice_8: 0.9183    time: 0.8466  last_time: 0.8678  data_time: 0.1688  last_data_time: 0.1688   lr: 6.7435e-07  max_mem: 12314M
[03/18 03:03:35 d2.utils.events]:  eta: 0:09:49  iter: 9279  total_loss: 6.646  loss_ce: 0.0271  loss_mask: 0.04112  loss_dice: 0.5937  loss_ce_0: 0.1602  loss_mask_0: 0.05127  loss_dice_0: 0.6911  loss_ce_1: 0.06107  loss_mask_1: 0.03907  loss_dice_1: 0.5452  loss_ce_2: 0.06927  loss_mask_2: 0.05368  loss_dice_2: 0.5766  loss_ce_3: 0.03152  loss_mask_3: 0.04764  loss_dice_3: 0.6081  loss_ce_4: 0.03446  loss_mask_4: 0.04737  loss_dice_4: 0.5371  loss_ce_5: 0.02859  loss_mask_5: 0.04233  loss_dice_5: 0.5462  loss_ce_6: 0.02689  loss_mask_6: 0.03983  loss_dice_6: 0.5049  loss_ce_7: 0.02543  loss_mask_7: 0.0422  loss_dice_7: 0.6103  loss_ce_8: 0.02438  loss_mask_8: 0.03634  loss_dice_8: 0.5035    time: 0.8466  last_time: 0.8336  data_time: 0.1691  last_data_time: 0.1691   lr: 6.3859e-07  max_mem: 12314M
[03/18 03:03:52 d2.utils.events]:  eta: 0:09:33  iter: 9299  total_loss: 11.5  loss_ce: 0.09368  loss_mask: 0.03664  loss_dice: 0.9308  loss_ce_0: 0.3603  loss_mask_0: 0.05125  loss_dice_0: 1.194  loss_ce_1: 0.16  loss_mask_1: 0.03553  loss_dice_1: 0.9837  loss_ce_2: 0.1246  loss_mask_2: 0.03542  loss_dice_2: 0.9826  loss_ce_3: 0.0736  loss_mask_3: 0.04362  loss_dice_3: 1.045  loss_ce_4: 0.09399  loss_mask_4: 0.03459  loss_dice_4: 0.9477  loss_ce_5: 0.1084  loss_mask_5: 0.03456  loss_dice_5: 0.8423  loss_ce_6: 0.09697  loss_mask_6: 0.03482  loss_dice_6: 1.018  loss_ce_7: 0.1024  loss_mask_7: 0.03783  loss_dice_7: 0.9348  loss_ce_8: 0.09988  loss_mask_8: 0.03369  loss_dice_8: 0.9255    time: 0.8465  last_time: 0.8374  data_time: 0.1536  last_data_time: 0.1536   lr: 6.038e-07  max_mem: 12314M
[03/18 03:04:09 d2.utils.events]:  eta: 0:09:17  iter: 9319  total_loss: 12.3  loss_ce: 0.1395  loss_mask: 0.03168  loss_dice: 1.103  loss_ce_0: 0.3229  loss_mask_0: 0.05288  loss_dice_0: 1.067  loss_ce_1: 0.1933  loss_mask_1: 0.05392  loss_dice_1: 1.151  loss_ce_2: 0.1801  loss_mask_2: 0.0387  loss_dice_2: 0.9986  loss_ce_3: 0.117  loss_mask_3: 0.03653  loss_dice_3: 0.9039  loss_ce_4: 0.1628  loss_mask_4: 0.03477  loss_dice_4: 1.093  loss_ce_5: 0.1359  loss_mask_5: 0.03945  loss_dice_5: 1.109  loss_ce_6: 0.1545  loss_mask_6: 0.03799  loss_dice_6: 1.032  loss_ce_7: 0.1456  loss_mask_7: 0.0315  loss_dice_7: 0.9733  loss_ce_8: 0.1514  loss_mask_8: 0.03036  loss_dice_8: 0.7738    time: 0.8465  last_time: 1.0059  data_time: 0.1237  last_data_time: 0.1237   lr: 5.6996e-07  max_mem: 12314M
[03/18 03:04:27 d2.utils.events]:  eta: 0:09:00  iter: 9339  total_loss: 10.85  loss_ce: 0.08937  loss_mask: 0.04033  loss_dice: 0.9176  loss_ce_0: 0.2635  loss_mask_0: 0.06421  loss_dice_0: 1.184  loss_ce_1: 0.09172  loss_mask_1: 0.0393  loss_dice_1: 0.8865  loss_ce_2: 0.04186  loss_mask_2: 0.04123  loss_dice_2: 1.062  loss_ce_3: 0.07357  loss_mask_3: 0.03986  loss_dice_3: 0.8814  loss_ce_4: 0.07053  loss_mask_4: 0.03905  loss_dice_4: 0.8689  loss_ce_5: 0.07697  loss_mask_5: 0.04735  loss_dice_5: 0.8842  loss_ce_6: 0.08794  loss_mask_6: 0.05018  loss_dice_6: 0.926  loss_ce_7: 0.053  loss_mask_7: 0.04256  loss_dice_7: 0.8564  loss_ce_8: 0.02442  loss_mask_8: 0.04952  loss_dice_8: 1.053    time: 0.8466  last_time: 0.8630  data_time: 0.1851  last_data_time: 0.1851   lr: 5.371e-07  max_mem: 12314M
[03/18 03:04:43 d2.utils.events]:  eta: 0:08:44  iter: 9359  total_loss: 7.793  loss_ce: 0.03068  loss_mask: 0.04629  loss_dice: 0.5585  loss_ce_0: 0.1572  loss_mask_0: 0.06795  loss_dice_0: 0.7841  loss_ce_1: 0.0376  loss_mask_1: 0.04243  loss_dice_1: 0.6939  loss_ce_2: 0.0289  loss_mask_2: 0.05124  loss_dice_2: 0.675  loss_ce_3: 0.03214  loss_mask_3: 0.05048  loss_dice_3: 0.6432  loss_ce_4: 0.02917  loss_mask_4: 0.04912  loss_dice_4: 0.6437  loss_ce_5: 0.02889  loss_mask_5: 0.05339  loss_dice_5: 0.7779  loss_ce_6: 0.03079  loss_mask_6: 0.04525  loss_dice_6: 0.7291  loss_ce_7: 0.03038  loss_mask_7: 0.05331  loss_dice_7: 0.6738  loss_ce_8: 0.03063  loss_mask_8: 0.04788  loss_dice_8: 0.6702    time: 0.8465  last_time: 0.7507  data_time: 0.0802  last_data_time: 0.0802   lr: 5.0519e-07  max_mem: 12314M
[03/18 03:05:00 d2.utils.events]:  eta: 0:08:28  iter: 9379  total_loss: 7.176  loss_ce: 0.03345  loss_mask: 0.05055  loss_dice: 0.6353  loss_ce_0: 0.2385  loss_mask_0: 0.07334  loss_dice_0: 0.6535  loss_ce_1: 0.04276  loss_mask_1: 0.04696  loss_dice_1: 0.7021  loss_ce_2: 0.0873  loss_mask_2: 0.04466  loss_dice_2: 0.5444  loss_ce_3: 0.03721  loss_mask_3: 0.04483  loss_dice_3: 0.556  loss_ce_4: 0.09334  loss_mask_4: 0.04067  loss_dice_4: 0.5143  loss_ce_5: 0.08458  loss_mask_5: 0.04833  loss_dice_5: 0.5222  loss_ce_6: 0.08612  loss_mask_6: 0.04936  loss_dice_6: 0.5933  loss_ce_7: 0.06989  loss_mask_7: 0.04656  loss_dice_7: 0.5092  loss_ce_8: 0.08191  loss_mask_8: 0.05211  loss_dice_8: 0.5936    time: 0.8465  last_time: 0.7497  data_time: 0.0711  last_data_time: 0.0711   lr: 4.7426e-07  max_mem: 12314M
[03/18 03:05:17 d2.utils.events]:  eta: 0:08:12  iter: 9399  total_loss: 14.5  loss_ce: 0.06028  loss_mask: 0.06984  loss_dice: 1.259  loss_ce_0: 0.386  loss_mask_0: 0.07383  loss_dice_0: 1.407  loss_ce_1: 0.1831  loss_mask_1: 0.06979  loss_dice_1: 1.218  loss_ce_2: 0.1596  loss_mask_2: 0.06692  loss_dice_2: 1.202  loss_ce_3: 0.1277  loss_mask_3: 0.08283  loss_dice_3: 1.239  loss_ce_4: 0.1213  loss_mask_4: 0.0794  loss_dice_4: 1.186  loss_ce_5: 0.0575  loss_mask_5: 0.06438  loss_dice_5: 1.243  loss_ce_6: 0.0533  loss_mask_6: 0.0688  loss_dice_6: 1.285  loss_ce_7: 0.05783  loss_mask_7: 0.06506  loss_dice_7: 1.204  loss_ce_8: 0.06346  loss_mask_8: 0.06592  loss_dice_8: 1.278    time: 0.8465  last_time: 0.9655  data_time: 0.2864  last_data_time: 0.2864   lr: 4.4429e-07  max_mem: 12314M
[03/18 03:05:34 d2.utils.events]:  eta: 0:07:55  iter: 9419  total_loss: 6.441  loss_ce: 0.02175  loss_mask: 0.03567  loss_dice: 0.5086  loss_ce_0: 0.2511  loss_mask_0: 0.03749  loss_dice_0: 0.6042  loss_ce_1: 0.04536  loss_mask_1: 0.04458  loss_dice_1: 0.5689  loss_ce_2: 0.04944  loss_mask_2: 0.03681  loss_dice_2: 0.5278  loss_ce_3: 0.03284  loss_mask_3: 0.03388  loss_dice_3: 0.5145  loss_ce_4: 0.02381  loss_mask_4: 0.03307  loss_dice_4: 0.5424  loss_ce_5: 0.02185  loss_mask_5: 0.03715  loss_dice_5: 0.5387  loss_ce_6: 0.02092  loss_mask_6: 0.031  loss_dice_6: 0.5707  loss_ce_7: 0.0213  loss_mask_7: 0.02883  loss_dice_7: 0.5415  loss_ce_8: 0.0216  loss_mask_8: 0.04025  loss_dice_8: 0.6546    time: 0.8465  last_time: 0.8525  data_time: 0.1853  last_data_time: 0.1853   lr: 4.1529e-07  max_mem: 12314M
[03/18 03:05:52 d2.utils.events]:  eta: 0:07:40  iter: 9439  total_loss: 11.59  loss_ce: 0.0772  loss_mask: 0.03437  loss_dice: 0.8605  loss_ce_0: 0.4944  loss_mask_0: 0.05651  loss_dice_0: 1.096  loss_ce_1: 0.1673  loss_mask_1: 0.04913  loss_dice_1: 1.048  loss_ce_2: 0.1541  loss_mask_2: 0.03807  loss_dice_2: 0.9251  loss_ce_3: 0.09794  loss_mask_3: 0.0402  loss_dice_3: 0.8802  loss_ce_4: 0.1177  loss_mask_4: 0.03423  loss_dice_4: 0.9288  loss_ce_5: 0.09965  loss_mask_5: 0.03608  loss_dice_5: 0.8798  loss_ce_6: 0.1484  loss_mask_6: 0.03504  loss_dice_6: 0.9316  loss_ce_7: 0.09275  loss_mask_7: 0.03462  loss_dice_7: 1.08  loss_ce_8: 0.1204  loss_mask_8: 0.03714  loss_dice_8: 0.9922    time: 0.8465  last_time: 0.9064  data_time: 0.2199  last_data_time: 0.2199   lr: 3.8727e-07  max_mem: 12314M
[03/18 03:06:09 d2.utils.events]:  eta: 0:07:23  iter: 9459  total_loss: 12.14  loss_ce: 0.07668  loss_mask: 0.04281  loss_dice: 1.153  loss_ce_0: 0.3579  loss_mask_0: 0.06236  loss_dice_0: 1.434  loss_ce_1: 0.1717  loss_mask_1: 0.0376  loss_dice_1: 0.8947  loss_ce_2: 0.1307  loss_mask_2: 0.03816  loss_dice_2: 0.8559  loss_ce_3: 0.1055  loss_mask_3: 0.04322  loss_dice_3: 1.095  loss_ce_4: 0.1011  loss_mask_4: 0.04464  loss_dice_4: 1.077  loss_ce_5: 0.1518  loss_mask_5: 0.03906  loss_dice_5: 0.8621  loss_ce_6: 0.07718  loss_mask_6: 0.04271  loss_dice_6: 1.109  loss_ce_7: 0.1211  loss_mask_7: 0.03707  loss_dice_7: 0.7829  loss_ce_8: 0.0282  loss_mask_8: 0.04929  loss_dice_8: 1.12    time: 0.8465  last_time: 0.8635  data_time: 0.1073  last_data_time: 0.1073   lr: 3.6021e-07  max_mem: 12314M
[03/18 03:06:25 d2.utils.events]:  eta: 0:07:07  iter: 9479  total_loss: 15.54  loss_ce: 0.08792  loss_mask: 0.04065  loss_dice: 1.216  loss_ce_0: 0.326  loss_mask_0: 0.06222  loss_dice_0: 1.432  loss_ce_1: 0.1344  loss_mask_1: 0.05563  loss_dice_1: 1.579  loss_ce_2: 0.05059  loss_mask_2: 0.04395  loss_dice_2: 1.432  loss_ce_3: 0.07018  loss_mask_3: 0.0456  loss_dice_3: 1.353  loss_ce_4: 0.06109  loss_mask_4: 0.04193  loss_dice_4: 1.275  loss_ce_5: 0.05777  loss_mask_5: 0.04561  loss_dice_5: 1.344  loss_ce_6: 0.121  loss_mask_6: 0.06103  loss_dice_6: 1.579  loss_ce_7: 0.06957  loss_mask_7: 0.0521  loss_dice_7: 1.493  loss_ce_8: 0.1378  loss_mask_8: 0.03929  loss_dice_8: 1.231    time: 0.8465  last_time: 0.8450  data_time: 0.1622  last_data_time: 0.1622   lr: 3.3413e-07  max_mem: 12314M
[03/18 03:06:43 d2.utils.events]:  eta: 0:06:50  iter: 9499  total_loss: 6.852  loss_ce: 0.01983  loss_mask: 0.03307  loss_dice: 0.5223  loss_ce_0: 0.3721  loss_mask_0: 0.07327  loss_dice_0: 0.9128  loss_ce_1: 0.03411  loss_mask_1: 0.03673  loss_dice_1: 0.6173  loss_ce_2: 0.03529  loss_mask_2: 0.03284  loss_dice_2: 0.6413  loss_ce_3: 0.02495  loss_mask_3: 0.03  loss_dice_3: 0.4521  loss_ce_4: 0.02399  loss_mask_4: 0.02888  loss_dice_4: 0.4837  loss_ce_5: 0.02249  loss_mask_5: 0.03686  loss_dice_5: 0.5152  loss_ce_6: 0.02003  loss_mask_6: 0.0334  loss_dice_6: 0.5431  loss_ce_7: 0.02016  loss_mask_7: 0.0363  loss_dice_7: 0.6423  loss_ce_8: 0.02036  loss_mask_8: 0.03155  loss_dice_8: 0.5562    time: 0.8465  last_time: 0.8237  data_time: 0.1466  last_data_time: 0.1466   lr: 3.0902e-07  max_mem: 12314M
[03/18 03:07:01 d2.utils.events]:  eta: 0:06:34  iter: 9519  total_loss: 9.889  loss_ce: 0.1369  loss_mask: 0.05077  loss_dice: 0.8122  loss_ce_0: 0.1158  loss_mask_0: 0.05638  loss_dice_0: 1.157  loss_ce_1: 0.1122  loss_mask_1: 0.04179  loss_dice_1: 0.8627  loss_ce_2: 0.145  loss_mask_2: 0.04137  loss_dice_2: 0.7302  loss_ce_3: 0.1621  loss_mask_3: 0.04474  loss_dice_3: 0.6738  loss_ce_4: 0.1256  loss_mask_4: 0.04472  loss_dice_4: 0.7737  loss_ce_5: 0.1294  loss_mask_5: 0.04517  loss_dice_5: 0.6835  loss_ce_6: 0.1303  loss_mask_6: 0.0478  loss_dice_6: 0.7361  loss_ce_7: 0.07835  loss_mask_7: 0.05269  loss_dice_7: 1.03  loss_ce_8: 0.1369  loss_mask_8: 0.04142  loss_dice_8: 0.6909    time: 0.8466  last_time: 0.8202  data_time: 0.1469  last_data_time: 0.1469   lr: 2.8489e-07  max_mem: 12314M
[03/18 03:07:19 d2.utils.events]:  eta: 0:06:18  iter: 9539  total_loss: 10.69  loss_ce: 0.03756  loss_mask: 0.04382  loss_dice: 0.8577  loss_ce_0: 0.3853  loss_mask_0: 0.04242  loss_dice_0: 0.8557  loss_ce_1: 0.1665  loss_mask_1: 0.0475  loss_dice_1: 0.9851  loss_ce_2: 0.1026  loss_mask_2: 0.04614  loss_dice_2: 0.856  loss_ce_3: 0.03926  loss_mask_3: 0.04716  loss_dice_3: 1.121  loss_ce_4: 0.154  loss_mask_4: 0.03395  loss_dice_4: 0.7846  loss_ce_5: 0.131  loss_mask_5: 0.04204  loss_dice_5: 0.8564  loss_ce_6: 0.09385  loss_mask_6: 0.03852  loss_dice_6: 0.8875  loss_ce_7: 0.09116  loss_mask_7: 0.03968  loss_dice_7: 0.9455  loss_ce_8: 0.1016  loss_mask_8: 0.04048  loss_dice_8: 0.8194    time: 0.8466  last_time: 0.7561  data_time: 0.0854  last_data_time: 0.0854   lr: 2.6173e-07  max_mem: 12314M
[03/18 03:07:35 d2.utils.events]:  eta: 0:06:01  iter: 9559  total_loss: 17.09  loss_ce: 0.2047  loss_mask: 0.1076  loss_dice: 1.422  loss_ce_0: 0.4452  loss_mask_0: 0.1313  loss_dice_0: 1.518  loss_ce_1: 0.265  loss_mask_1: 0.1135  loss_dice_1: 1.226  loss_ce_2: 0.2423  loss_mask_2: 0.09865  loss_dice_2: 1.348  loss_ce_3: 0.2293  loss_mask_3: 0.09413  loss_dice_3: 1.365  loss_ce_4: 0.1963  loss_mask_4: 0.1048  loss_dice_4: 1.232  loss_ce_5: 0.1848  loss_mask_5: 0.1021  loss_dice_5: 1.428  loss_ce_6: 0.2721  loss_mask_6: 0.09813  loss_dice_6: 1.386  loss_ce_7: 0.2416  loss_mask_7: 0.1064  loss_dice_7: 1.266  loss_ce_8: 0.1881  loss_mask_8: 0.09613  loss_dice_8: 1.377    time: 0.8466  last_time: 0.8462  data_time: 0.1702  last_data_time: 0.1702   lr: 2.3955e-07  max_mem: 12314M
[03/18 03:07:53 d2.utils.events]:  eta: 0:05:45  iter: 9579  total_loss: 14.44  loss_ce: 0.03044  loss_mask: 0.03633  loss_dice: 1.239  loss_ce_0: 0.2537  loss_mask_0: 0.05285  loss_dice_0: 1.474  loss_ce_1: 0.05104  loss_mask_1: 0.05019  loss_dice_1: 1.534  loss_ce_2: 0.05064  loss_mask_2: 0.04224  loss_dice_2: 1.366  loss_ce_3: 0.03888  loss_mask_3: 0.04791  loss_dice_3: 1.367  loss_ce_4: 0.03266  loss_mask_4: 0.04608  loss_dice_4: 1.314  loss_ce_5: 0.03307  loss_mask_5: 0.04996  loss_dice_5: 1.33  loss_ce_6: 0.03486  loss_mask_6: 0.05394  loss_dice_6: 1.335  loss_ce_7: 0.03395  loss_mask_7: 0.04467  loss_dice_7: 1.161  loss_ce_8: 0.03108  loss_mask_8: 0.04749  loss_dice_8: 1.258    time: 0.8466  last_time: 0.8680  data_time: 0.2019  last_data_time: 0.2019   lr: 2.1834e-07  max_mem: 12314M
[03/18 03:08:10 d2.utils.events]:  eta: 0:05:29  iter: 9599  total_loss: 7.715  loss_ce: 0.02921  loss_mask: 0.02526  loss_dice: 0.6473  loss_ce_0: 0.2165  loss_mask_0: 0.04519  loss_dice_0: 0.9379  loss_ce_1: 0.04127  loss_mask_1: 0.0341  loss_dice_1: 0.6689  loss_ce_2: 0.03085  loss_mask_2: 0.02619  loss_dice_2: 0.5614  loss_ce_3: 0.02624  loss_mask_3: 0.02785  loss_dice_3: 0.6598  loss_ce_4: 0.02553  loss_mask_4: 0.02651  loss_dice_4: 0.5961  loss_ce_5: 0.02732  loss_mask_5: 0.03149  loss_dice_5: 0.7811  loss_ce_6: 0.02918  loss_mask_6: 0.02398  loss_dice_6: 0.5978  loss_ce_7: 0.03015  loss_mask_7: 0.03132  loss_dice_7: 0.8304  loss_ce_8: 0.02761  loss_mask_8: 0.02607  loss_dice_8: 0.6526    time: 0.8466  last_time: 0.8893  data_time: 0.2250  last_data_time: 0.2250   lr: 1.9812e-07  max_mem: 12314M
[03/18 03:08:27 d2.utils.events]:  eta: 0:05:12  iter: 9619  total_loss: 13.27  loss_ce: 0.08925  loss_mask: 0.04405  loss_dice: 1.144  loss_ce_0: 0.2075  loss_mask_0: 0.07065  loss_dice_0: 1.276  loss_ce_1: 0.1295  loss_mask_1: 0.0526  loss_dice_1: 1.12  loss_ce_2: 0.1248  loss_mask_2: 0.05821  loss_dice_2: 1.243  loss_ce_3: 0.04206  loss_mask_3: 0.06355  loss_dice_3: 1.265  loss_ce_4: 0.08283  loss_mask_4: 0.04504  loss_dice_4: 1.14  loss_ce_5: 0.1648  loss_mask_5: 0.04892  loss_dice_5: 1.081  loss_ce_6: 0.1131  loss_mask_6: 0.04186  loss_dice_6: 1.084  loss_ce_7: 0.08728  loss_mask_7: 0.04837  loss_dice_7: 1.08  loss_ce_8: 0.09704  loss_mask_8: 0.04971  loss_dice_8: 1.176    time: 0.8466  last_time: 0.8420  data_time: 0.1597  last_data_time: 0.1597   lr: 1.7887e-07  max_mem: 12314M
[03/18 03:08:44 d2.utils.events]:  eta: 0:04:56  iter: 9639  total_loss: 13.37  loss_ce: 0.04917  loss_mask: 0.03559  loss_dice: 1.21  loss_ce_0: 0.5703  loss_mask_0: 0.04456  loss_dice_0: 1.4  loss_ce_1: 0.2241  loss_mask_1: 0.03275  loss_dice_1: 1.12  loss_ce_2: 0.1485  loss_mask_2: 0.03787  loss_dice_2: 1.063  loss_ce_3: 0.0924  loss_mask_3: 0.0397  loss_dice_3: 1.242  loss_ce_4: 0.1295  loss_mask_4: 0.03251  loss_dice_4: 1.058  loss_ce_5: 0.05875  loss_mask_5: 0.03677  loss_dice_5: 1.116  loss_ce_6: 0.05265  loss_mask_6: 0.03508  loss_dice_6: 1.144  loss_ce_7: 0.05112  loss_mask_7: 0.03917  loss_dice_7: 1.117  loss_ce_8: 0.1037  loss_mask_8: 0.02969  loss_dice_8: 1.058    time: 0.8466  last_time: 1.2232  data_time: 0.5459  last_data_time: 0.5459   lr: 1.606e-07  max_mem: 12314M
[03/18 03:09:01 d2.utils.events]:  eta: 0:04:39  iter: 9659  total_loss: 15.47  loss_ce: 0.08302  loss_mask: 0.06322  loss_dice: 1.156  loss_ce_0: 0.4549  loss_mask_0: 0.1022  loss_dice_0: 1.533  loss_ce_1: 0.07356  loss_mask_1: 0.07442  loss_dice_1: 1.416  loss_ce_2: 0.09072  loss_mask_2: 0.06515  loss_dice_2: 1.474  loss_ce_3: 0.1022  loss_mask_3: 0.06024  loss_dice_3: 1.336  loss_ce_4: 0.1103  loss_mask_4: 0.06456  loss_dice_4: 1.488  loss_ce_5: 0.08161  loss_mask_5: 0.0698  loss_dice_5: 1.414  loss_ce_6: 0.07719  loss_mask_6: 0.06816  loss_dice_6: 1.259  loss_ce_7: 0.08274  loss_mask_7: 0.06511  loss_dice_7: 1.239  loss_ce_8: 0.07715  loss_mask_8: 0.05556  loss_dice_8: 1.235    time: 0.8466  last_time: 0.8773  data_time: 0.1988  last_data_time: 0.1988   lr: 1.4332e-07  max_mem: 12314M
[03/18 03:09:20 d2.utils.events]:  eta: 0:04:23  iter: 9679  total_loss: 13.23  loss_ce: 0.1602  loss_mask: 0.04854  loss_dice: 1.242  loss_ce_0: 0.4933  loss_mask_0: 0.0569  loss_dice_0: 1.069  loss_ce_1: 0.1758  loss_mask_1: 0.04645  loss_dice_1: 1.476  loss_ce_2: 0.2016  loss_mask_2: 0.03669  loss_dice_2: 0.9176  loss_ce_3: 0.13  loss_mask_3: 0.04235  loss_dice_3: 1.204  loss_ce_4: 0.1684  loss_mask_4: 0.03965  loss_dice_4: 0.962  loss_ce_5: 0.171  loss_mask_5: 0.0391  loss_dice_5: 1.175  loss_ce_6: 0.1645  loss_mask_6: 0.03615  loss_dice_6: 0.8801  loss_ce_7: 0.1465  loss_mask_7: 0.03658  loss_dice_7: 1.016  loss_ce_8: 0.153  loss_mask_8: 0.03601  loss_dice_8: 0.9099    time: 0.8467  last_time: 1.3561  data_time: 0.6294  last_data_time: 0.6294   lr: 1.2701e-07  max_mem: 12314M
[03/18 03:09:36 d2.utils.events]:  eta: 0:04:06  iter: 9699  total_loss: 8.165  loss_ce: 0.02621  loss_mask: 0.02345  loss_dice: 0.602  loss_ce_0: 0.1606  loss_mask_0: 0.0323  loss_dice_0: 0.9403  loss_ce_1: 0.09505  loss_mask_1: 0.03485  loss_dice_1: 0.7373  loss_ce_2: 0.08794  loss_mask_2: 0.02757  loss_dice_2: 0.7712  loss_ce_3: 0.03471  loss_mask_3: 0.02785  loss_dice_3: 0.937  loss_ce_4: 0.03356  loss_mask_4: 0.02891  loss_dice_4: 0.6808  loss_ce_5: 0.0334  loss_mask_5: 0.02043  loss_dice_5: 0.6241  loss_ce_6: 0.03022  loss_mask_6: 0.0213  loss_dice_6: 0.7427  loss_ce_7: 0.03067  loss_mask_7: 0.02299  loss_dice_7: 0.6256  loss_ce_8: 0.02768  loss_mask_8: 0.02812  loss_dice_8: 0.6759    time: 0.8467  last_time: 0.8486  data_time: 0.1740  last_data_time: 0.1740   lr: 1.1169e-07  max_mem: 12314M
[03/18 03:09:54 d2.utils.events]:  eta: 0:03:49  iter: 9719  total_loss: 9.831  loss_ce: 0.01286  loss_mask: 0.04462  loss_dice: 0.8483  loss_ce_0: 0.1282  loss_mask_0: 0.05678  loss_dice_0: 0.9693  loss_ce_1: 0.03275  loss_mask_1: 0.06232  loss_dice_1: 0.8818  loss_ce_2: 0.01891  loss_mask_2: 0.04889  loss_dice_2: 0.9177  loss_ce_3: 0.01636  loss_mask_3: 0.05508  loss_dice_3: 0.9551  loss_ce_4: 0.01484  loss_mask_4: 0.05003  loss_dice_4: 0.8539  loss_ce_5: 0.01449  loss_mask_5: 0.05485  loss_dice_5: 0.986  loss_ce_6: 0.01411  loss_mask_6: 0.05055  loss_dice_6: 0.8665  loss_ce_7: 0.01346  loss_mask_7: 0.0509  loss_dice_7: 0.8352  loss_ce_8: 0.01269  loss_mask_8: 0.05012  loss_dice_8: 0.9141    time: 0.8467  last_time: 0.8251  data_time: 0.1473  last_data_time: 0.1473   lr: 9.7351e-08  max_mem: 12314M
[03/18 03:10:11 d2.utils.events]:  eta: 0:03:33  iter: 9739  total_loss: 15.19  loss_ce: 0.203  loss_mask: 0.06481  loss_dice: 1.134  loss_ce_0: 0.3331  loss_mask_0: 0.0878  loss_dice_0: 1.442  loss_ce_1: 0.2079  loss_mask_1: 0.0823  loss_dice_1: 1.322  loss_ce_2: 0.1901  loss_mask_2: 0.07509  loss_dice_2: 1.406  loss_ce_3: 0.1957  loss_mask_3: 0.06887  loss_dice_3: 1.297  loss_ce_4: 0.1555  loss_mask_4: 0.06117  loss_dice_4: 1.053  loss_ce_5: 0.1909  loss_mask_5: 0.06521  loss_dice_5: 1.386  loss_ce_6: 0.1481  loss_mask_6: 0.06945  loss_dice_6: 0.9919  loss_ce_7: 0.09257  loss_mask_7: 0.0614  loss_dice_7: 1.187  loss_ce_8: 0.1762  loss_mask_8: 0.06816  loss_dice_8: 1.378    time: 0.8467  last_time: 0.8226  data_time: 0.1441  last_data_time: 0.1441   lr: 8.3994e-08  max_mem: 12314M
[03/18 03:10:28 d2.utils.events]:  eta: 0:03:17  iter: 9759  total_loss: 7.49  loss_ce: 0.008193  loss_mask: 0.02811  loss_dice: 0.5639  loss_ce_0: 0.188  loss_mask_0: 0.0272  loss_dice_0: 0.8739  loss_ce_1: 0.01722  loss_mask_1: 0.02935  loss_dice_1: 0.6695  loss_ce_2: 0.0824  loss_mask_2: 0.0254  loss_dice_2: 0.5766  loss_ce_3: 0.01527  loss_mask_3: 0.02718  loss_dice_3: 0.6715  loss_ce_4: 0.01259  loss_mask_4: 0.03066  loss_dice_4: 0.7304  loss_ce_5: 0.009059  loss_mask_5: 0.02702  loss_dice_5: 0.6956  loss_ce_6: 0.008242  loss_mask_6: 0.03649  loss_dice_6: 0.8083  loss_ce_7: 0.007941  loss_mask_7: 0.02623  loss_dice_7: 0.6709  loss_ce_8: 0.007458  loss_mask_8: 0.02434  loss_dice_8: 0.5913    time: 0.8467  last_time: 0.9013  data_time: 0.2266  last_data_time: 0.2266   lr: 7.162e-08  max_mem: 12314M
[03/18 03:10:45 d2.utils.events]:  eta: 0:03:00  iter: 9779  total_loss: 9.064  loss_ce: 0.04858  loss_mask: 0.04073  loss_dice: 0.5771  loss_ce_0: 0.3706  loss_mask_0: 0.055  loss_dice_0: 0.6806  loss_ce_1: 0.08026  loss_mask_1: 0.03883  loss_dice_1: 0.7476  loss_ce_2: 0.0976  loss_mask_2: 0.04369  loss_dice_2: 0.9205  loss_ce_3: 0.0497  loss_mask_3: 0.04084  loss_dice_3: 0.8175  loss_ce_4: 0.03989  loss_mask_4: 0.03901  loss_dice_4: 0.8254  loss_ce_5: 0.04121  loss_mask_5: 0.04087  loss_dice_5: 0.8275  loss_ce_6: 0.04326  loss_mask_6: 0.03835  loss_dice_6: 0.8127  loss_ce_7: 0.04631  loss_mask_7: 0.0397  loss_dice_7: 0.8249  loss_ce_8: 0.04776  loss_mask_8: 0.04083  loss_dice_8: 0.7473    time: 0.8467  last_time: 0.8378  data_time: 0.1677  last_data_time: 0.1677   lr: 6.0231e-08  max_mem: 12314M
[03/18 03:11:03 d2.utils.events]:  eta: 0:02:44  iter: 9799  total_loss: 8.947  loss_ce: 0.02734  loss_mask: 0.03648  loss_dice: 0.8466  loss_ce_0: 0.3712  loss_mask_0: 0.04459  loss_dice_0: 0.9309  loss_ce_1: 0.04974  loss_mask_1: 0.04525  loss_dice_1: 0.8286  loss_ce_2: 0.077  loss_mask_2: 0.03629  loss_dice_2: 0.6702  loss_ce_3: 0.0388  loss_mask_3: 0.03975  loss_dice_3: 0.78  loss_ce_4: 0.02803  loss_mask_4: 0.04035  loss_dice_4: 0.8485  loss_ce_5: 0.02693  loss_mask_5: 0.04193  loss_dice_5: 0.7421  loss_ce_6: 0.03043  loss_mask_6: 0.03848  loss_dice_6: 0.7419  loss_ce_7: 0.02778  loss_mask_7: 0.03706  loss_dice_7: 0.7323  loss_ce_8: 0.02671  loss_mask_8: 0.03735  loss_dice_8: 0.7244    time: 0.8468  last_time: 0.9090  data_time: 0.2177  last_data_time: 0.2177   lr: 4.9826e-08  max_mem: 12314M
[03/18 03:11:21 d2.utils.events]:  eta: 0:02:28  iter: 9819  total_loss: 8.562  loss_ce: 0.01985  loss_mask: 0.03376  loss_dice: 0.7836  loss_ce_0: 0.2012  loss_mask_0: 0.04813  loss_dice_0: 0.9113  loss_ce_1: 0.02465  loss_mask_1: 0.038  loss_dice_1: 0.6374  loss_ce_2: 0.01869  loss_mask_2: 0.0399  loss_dice_2: 0.8057  loss_ce_3: 0.02028  loss_mask_3: 0.03943  loss_dice_3: 0.8572  loss_ce_4: 0.02479  loss_mask_4: 0.0322  loss_dice_4: 0.7821  loss_ce_5: 0.0207  loss_mask_5: 0.03733  loss_dice_5: 0.8084  loss_ce_6: 0.01965  loss_mask_6: 0.03791  loss_dice_6: 0.6545  loss_ce_7: 0.01918  loss_mask_7: 0.03754  loss_dice_7: 0.7005  loss_ce_8: 0.02056  loss_mask_8: 0.03662  loss_dice_8: 0.8506    time: 0.8468  last_time: 0.7492  data_time: 0.0835  last_data_time: 0.0835   lr: 4.0406e-08  max_mem: 12314M
[03/18 03:11:38 d2.utils.events]:  eta: 0:02:11  iter: 9839  total_loss: 7.28  loss_ce: 0.02663  loss_mask: 0.04035  loss_dice: 0.5656  loss_ce_0: 0.2341  loss_mask_0: 0.08871  loss_dice_0: 0.9518  loss_ce_1: 0.04032  loss_mask_1: 0.0401  loss_dice_1: 0.5575  loss_ce_2: 0.03979  loss_mask_2: 0.03934  loss_dice_2: 0.5671  loss_ce_3: 0.03796  loss_mask_3: 0.04316  loss_dice_3: 0.5857  loss_ce_4: 0.07084  loss_mask_4: 0.04209  loss_dice_4: 0.7014  loss_ce_5: 0.02703  loss_mask_5: 0.03978  loss_dice_5: 0.6408  loss_ce_6: 0.02803  loss_mask_6: 0.03957  loss_dice_6: 0.527  loss_ce_7: 0.02685  loss_mask_7: 0.03943  loss_dice_7: 0.566  loss_ce_8: 0.02681  loss_mask_8: 0.04097  loss_dice_8: 0.6056    time: 0.8468  last_time: 0.8674  data_time: 0.1812  last_data_time: 0.1812   lr: 3.1972e-08  max_mem: 12314M
[03/18 03:11:56 d2.utils.events]:  eta: 0:01:55  iter: 9859  total_loss: 9.953  loss_ce: 0.08272  loss_mask: 0.02617  loss_dice: 0.7479  loss_ce_0: 0.1357  loss_mask_0: 0.03482  loss_dice_0: 1.193  loss_ce_1: 0.155  loss_mask_1: 0.02696  loss_dice_1: 0.638  loss_ce_2: 0.1628  loss_mask_2: 0.02731  loss_dice_2: 0.7734  loss_ce_3: 0.1304  loss_mask_3: 0.02551  loss_dice_3: 0.8212  loss_ce_4: 0.08609  loss_mask_4: 0.02813  loss_dice_4: 1.07  loss_ce_5: 0.08185  loss_mask_5: 0.02563  loss_dice_5: 0.7718  loss_ce_6: 0.1242  loss_mask_6: 0.02746  loss_dice_6: 0.9103  loss_ce_7: 0.1268  loss_mask_7: 0.02546  loss_dice_7: 0.8636  loss_ce_8: 0.1285  loss_mask_8: 0.02738  loss_dice_8: 0.6756    time: 0.8469  last_time: 0.8274  data_time: 0.1543  last_data_time: 0.1543   lr: 2.4523e-08  max_mem: 12314M
[03/18 03:12:13 d2.utils.events]:  eta: 0:01:38  iter: 9879  total_loss: 12.82  loss_ce: 0.1498  loss_mask: 0.01983  loss_dice: 1.059  loss_ce_0: 0.2232  loss_mask_0: 0.02942  loss_dice_0: 1.366  loss_ce_1: 0.2063  loss_mask_1: 0.01866  loss_dice_1: 0.7985  loss_ce_2: 0.13  loss_mask_2: 0.02334  loss_dice_2: 1.101  loss_ce_3: 0.148  loss_mask_3: 0.01999  loss_dice_3: 0.9134  loss_ce_4: 0.1665  loss_mask_4: 0.02016  loss_dice_4: 1.277  loss_ce_5: 0.1531  loss_mask_5: 0.02299  loss_dice_5: 1.169  loss_ce_6: 0.1512  loss_mask_6: 0.02217  loss_dice_6: 1.078  loss_ce_7: 0.1484  loss_mask_7: 0.0185  loss_dice_7: 1.072  loss_ce_8: 0.1492  loss_mask_8: 0.02087  loss_dice_8: 1.148    time: 0.8469  last_time: 0.7739  data_time: 0.1073  last_data_time: 0.1073   lr: 1.806e-08  max_mem: 12314M
[03/18 03:12:30 d2.utils.events]:  eta: 0:01:22  iter: 9899  total_loss: 14.56  loss_ce: 0.04057  loss_mask: 0.07111  loss_dice: 1.424  loss_ce_0: 0.1541  loss_mask_0: 0.07025  loss_dice_0: 1.637  loss_ce_1: 0.06519  loss_mask_1: 0.0467  loss_dice_1: 1.426  loss_ce_2: 0.06833  loss_mask_2: 0.05039  loss_dice_2: 1.103  loss_ce_3: 0.05192  loss_mask_3: 0.05819  loss_dice_3: 1.234  loss_ce_4: 0.11  loss_mask_4: 0.06227  loss_dice_4: 1.349  loss_ce_5: 0.08806  loss_mask_5: 0.06023  loss_dice_5: 1.282  loss_ce_6: 0.1015  loss_mask_6: 0.05  loss_dice_6: 1.21  loss_ce_7: 0.09406  loss_mask_7: 0.04917  loss_dice_7: 1.198  loss_ce_8: 0.1071  loss_mask_8: 0.05693  loss_dice_8: 1.244    time: 0.8469  last_time: 0.8221  data_time: 0.1553  last_data_time: 0.1553   lr: 1.2584e-08  max_mem: 12314M
[03/18 03:12:47 d2.utils.events]:  eta: 0:01:05  iter: 9919  total_loss: 16.77  loss_ce: 0.1597  loss_mask: 0.07321  loss_dice: 1.29  loss_ce_0: 0.9279  loss_mask_0: 0.1533  loss_dice_0: 1.84  loss_ce_1: 0.1953  loss_mask_1: 0.0731  loss_dice_1: 1.459  loss_ce_2: 0.2542  loss_mask_2: 0.09971  loss_dice_2: 1.35  loss_ce_3: 0.3024  loss_mask_3: 0.06372  loss_dice_3: 1.097  loss_ce_4: 0.1935  loss_mask_4: 0.06781  loss_dice_4: 1.168  loss_ce_5: 0.162  loss_mask_5: 0.06958  loss_dice_5: 1.312  loss_ce_6: 0.1745  loss_mask_6: 0.0701  loss_dice_6: 1.218  loss_ce_7: 0.2041  loss_mask_7: 0.06352  loss_dice_7: 1.252  loss_ce_8: 0.2048  loss_mask_8: 0.07305  loss_dice_8: 1.197    time: 0.8469  last_time: 0.8498  data_time: 0.1743  last_data_time: 0.1743   lr: 8.0939e-09  max_mem: 12314M
[03/18 03:13:03 d2.utils.events]:  eta: 0:00:49  iter: 9939  total_loss: 10.62  loss_ce: 0.02447  loss_mask: 0.0482  loss_dice: 0.84  loss_ce_0: 0.152  loss_mask_0: 0.06131  loss_dice_0: 1.131  loss_ce_1: 0.05455  loss_mask_1: 0.05639  loss_dice_1: 1.173  loss_ce_2: 0.02814  loss_mask_2: 0.0396  loss_dice_2: 0.5964  loss_ce_3: 0.02948  loss_mask_3: 0.05308  loss_dice_3: 0.8072  loss_ce_4: 0.03074  loss_mask_4: 0.05419  loss_dice_4: 1.04  loss_ce_5: 0.02755  loss_mask_5: 0.05585  loss_dice_5: 1.243  loss_ce_6: 0.02704  loss_mask_6: 0.04324  loss_dice_6: 0.5909  loss_ce_7: 0.02518  loss_mask_7: 0.05217  loss_dice_7: 1.053  loss_ce_8: 0.1216  loss_mask_8: 0.05667  loss_dice_8: 1.108    time: 0.8468  last_time: 0.8888  data_time: 0.2240  last_data_time: 0.2240   lr: 4.5905e-09  max_mem: 12314M
[03/18 03:13:21 d2.utils.events]:  eta: 0:00:32  iter: 9959  total_loss: 6.196  loss_ce: 0.01834  loss_mask: 0.03903  loss_dice: 0.5782  loss_ce_0: 0.3229  loss_mask_0: 0.06704  loss_dice_0: 0.6917  loss_ce_1: 0.03984  loss_mask_1: 0.03437  loss_dice_1: 0.5096  loss_ce_2: 0.02768  loss_mask_2: 0.03284  loss_dice_2: 0.481  loss_ce_3: 0.01944  loss_mask_3: 0.03557  loss_dice_3: 0.4873  loss_ce_4: 0.01656  loss_mask_4: 0.03619  loss_dice_4: 0.4987  loss_ce_5: 0.01552  loss_mask_5: 0.03571  loss_dice_5: 0.5298  loss_ce_6: 0.01869  loss_mask_6: 0.03793  loss_dice_6: 0.5451  loss_ce_7: 0.01869  loss_mask_7: 0.03588  loss_dice_7: 0.4403  loss_ce_8: 0.02082  loss_mask_8: 0.03775  loss_dice_8: 0.5232    time: 0.8468  last_time: 0.8376  data_time: 0.1569  last_data_time: 0.1569   lr: 2.0738e-09  max_mem: 12314M
[03/18 03:13:38 d2.utils.events]:  eta: 0:00:16  iter: 9979  total_loss: 8.02  loss_ce: 0.04672  loss_mask: 0.04967  loss_dice: 0.8838  loss_ce_0: 0.2402  loss_mask_0: 0.058  loss_dice_0: 0.8802  loss_ce_1: 0.1033  loss_mask_1: 0.04936  loss_dice_1: 0.7626  loss_ce_2: 0.05834  loss_mask_2: 0.04713  loss_dice_2: 0.8012  loss_ce_3: 0.0375  loss_mask_3: 0.04571  loss_dice_3: 0.6143  loss_ce_4: 0.04451  loss_mask_4: 0.04698  loss_dice_4: 0.7999  loss_ce_5: 0.04288  loss_mask_5: 0.04459  loss_dice_5: 0.6052  loss_ce_6: 0.04712  loss_mask_6: 0.04577  loss_dice_6: 0.3943  loss_ce_7: 0.06147  loss_mask_7: 0.04378  loss_dice_7: 0.4069  loss_ce_8: 0.05116  loss_mask_8: 0.04543  loss_dice_8: 0.6621    time: 0.8469  last_time: 0.7953  data_time: 0.1215  last_data_time: 0.1215   lr: 5.4406e-10  max_mem: 12314M
[03/18 03:13:56 fvcore.common.checkpoint]: Saving checkpoint to /mnt/data/mis2025/group_6/Parameter/trained_para/graphene_mid_finetune_v2/model_0009999.pth
[03/18 03:13:57 fvcore.common.checkpoint]: Saving checkpoint to /mnt/data/mis2025/group_6/Parameter/trained_para/graphene_mid_finetune_v2/model_final.pth
[03/18 03:13:57 d2.utils.events]:  eta: 0:00:00  iter: 9999  total_loss: 8.373  loss_ce: 0.01491  loss_mask: 0.03779  loss_dice: 0.745  loss_ce_0: 0.1245  loss_mask_0: 0.04902  loss_dice_0: 1.017  loss_ce_1: 0.02657  loss_mask_1: 0.04358  loss_dice_1: 0.7046  loss_ce_2: 0.02141  loss_mask_2: 0.04599  loss_dice_2: 0.7449  loss_ce_3: 0.01916  loss_mask_3: 0.03215  loss_dice_3: 0.7507  loss_ce_4: 0.02022  loss_mask_4: 0.03429  loss_dice_4: 0.6541  loss_ce_5: 0.01806  loss_mask_5: 0.04468  loss_dice_5: 0.7341  loss_ce_6: 0.0162  loss_mask_6: 0.03901  loss_dice_6: 0.7453  loss_ce_7: 0.01544  loss_mask_7: 0.0435  loss_dice_7: 0.8117  loss_ce_8: 0.01487  loss_mask_8: 0.0449  loss_dice_8: 0.7589    time: 0.8469  last_time: 0.8494  data_time: 0.1708  last_data_time: 0.1708   lr: 1.2337e-12  max_mem: 12314M
[03/18 03:13:57 d2.engine.hooks]: Overall training speed: 9998 iterations in 2:21:07 (0.8469 s / it)
[03/18 03:13:57 d2.engine.hooks]: Total training time: 2:22:51 (0:01:43 on hooks)
