split,filename,image_path,image_id,ann_id,layer,group,flake_rep_mode,flake_rep_source,wb1,wb2,wb_product,wb_sum,area_px,log_area_px,bbox_w,bbox_h,bbox_aspect,roi_bg_pixels,roi_bg_initial_pixels,roi_bg_clip_iterations,roi_bg_residual_sigma,ndg,ndg_peak,ndg_mask_median,ndg_trimmed_median,ndg_central_median,ndg_largest_inner_median,delta_g,abs_delta_g,g_flake_rep,g_flake_peak,g_flake_mask_median,g_flake_trimmed_median,g_flake_central_median,g_flake_largest_inner_median,g_flake_median,flake_inner_area_px,flake_largest_inner_area_px,g_bg_plane_median,g_delta_p10,g_delta_p90,g_delta_iqr,iqr_ndg,g_bg_std,g_flake_std,plane_a,plane_b,plane_c
train,1-4-3-6-3-10_png.rf.ad84b927b1babbe89c96f28f7ea04ec2.jpg,/mnt/tf_data/TechFin/home/group_6/Data/white_balance_copy_layers.v10-argmented-10x.coco-segmentation/train/1-4-3-6-3-10_png.rf.ad84b927b1babbe89c96f28f7ea04ec2.jpg,0,1,3,3-10_png,largest_inner_median,largest_inner_median,1.4,3.6,5.04,5.0,1130,7.030857476116121,40.0,42.0,0.9523809523809523,19649,21876.0,2.0,1.0,-0.012022323509437658,-0.0016330118691435796,-0.009605096552662668,-0.009605096552662668,-0.012022323509437658,-0.012022323509437658,-1.11614990234375,1.11614990234375,-1.0277328491210938,-0.06319141387939453,-0.8033180236816406,-0.8033180236816406,-1.0277328491210938,-1.0277328491210938,-1.0277328491210938,822.0,822.0,92.83978271484375,-1.771204376220703,0.22400360107421877,1.9952079772949218,0.021490872974392655,0.8227037191390991,0.7516952753067017,0.0031480100005865097,-0.010814775712788105,93.49254608154297
train,1-1-3-6_png.rf.aa3b09c58c224ab8f39001a4cdb94467.jpg,/mnt/tf_data/TechFin/home/group_6/Data/white_balance_copy_layers.v10-argmented-10x.coco-segmentation/train/1-1-3-6_png.rf.aa3b09c58c224ab8f39001a4cdb94467.jpg,2,3,1,png,largest_inner_median,largest_inner_median,1.1,3.6,3.9600000000000004,4.7,1571,7.360103972989152,121.0,43.0,2.813953488372093,52217,58019.0,0.0,1.2175074279785156,-0.06195081867292579,-0.042336775749354016,-0.043146343245930016,-0.043146343245930016,-0.06195081867292579,-0.06195081867292579,-9.662078857421875,9.662078857421875,-9.720779418945312,-6.66170072555542,-6.7879638671875,-6.7879638671875,-9.720779418945312,-9.720779418945312,-9.720779418945312,935.0,935.0,155.9636993408203,-14.376541137695312,-1.44842529296875,12.928115844726562,0.08289182610676184,1.0908931493759155,4.686515808105469,6.46611224510707e-05,-0.004384728614240885,156.30490112304688
train,1-1-3-3_png.rf.c261063b5889868af9ae9be40720b604.jpg,/mnt/tf_data/TechFin/home/group_6/Data/white_balance_copy_layers.v10-argmented-10x.coco-segmentation/train/1-1-3-3_png.rf.c261063b5889868af9ae9be40720b604.jpg,5,6,1,png,largest_inner_median,largest_inner_median,1.1,3.3,3.63,4.4,1556,7.350516171833998,122.0,44.0,2.772727272727273,59528,66078.0,2.0,1.0,-0.05996946686245333,-0.031075087580414003,-0.037048561372713534,-0.037048561372713534,-0.05996946686245333,-0.05996946686245333,-10.084121704101562,10.084121704101562,-10.0833740234375,-5.224660873413086,-6.2291259765625,-6.2291259765625,-10.0833740234375,-10.0833740234375,-10.0833740234375,915.0,915.0,168.15426635742188,-14.725669860839844,-1.2279815673828125,13.497688293457031,0.080269674899398,0.9775474071502686,4.796867370605469,0.001330801984295249,-0.00471076974645257,168.24468994140625
train,2-0-3-3_png.rf.b2bec3551c0a2a760e881df5c7aaa583.jpg,/mnt/tf_data/TechFin/home/group_6/Data/white_balance_copy_layers.v10-argmented-10x.coco-segmentation/train/2-0-3-3_png.rf.b2bec3551c0a2a760e881df5c7aaa583.jpg,8,11,1,png,largest_inner_median,largest_inner_median,2.0,3.3,6.6,5.3,1658,7.413970290190444,44.0,121.0,0.36363636363636365,55002,61114.0,0.0,1.0,-0.07531026406308534,-0.053467767871240995,-0.05426405070110313,-0.05426405070110313,-0.07531026406308534,-0.07531026406308534,-7.423259735107422,7.423259735107422,-7.451057434082031,-5.2980637550354,-5.376552581787109,-5.376552581787109,-7.451057434082031,-7.451057434082031,-7.451057434082031,1018.0,1018.0,98.56903076171875,-11.905226135253907,-0.9162651062011723,10.988961029052735,0.11148492527655571,0.7988346815109253,3.830476760864258,-0.0035582019481807947,-0.0009809896582737565,99.1190414428711
train,1-7-4-2_png.rf.a047f71a6422e7375350a29d88b6d6a6.jpg,/mnt/tf_data/TechFin/home/group_6/Data/white_balance_copy_layers.v10-argmented-10x.coco-segmentation/train/1-7-4-2_png.rf.a047f71a6422e7375350a29d88b6d6a6.jpg,9,12,1,png,largest_inner_median,largest_inner_median,1.7,4.2,7.14,5.9,1634,7.399398083331354,120.0,44.0,2.727272727272727,54149,60167.0,0.0,1.302003140258789,-0.06163482290465078,-0.039903822513940645,-0.042244104795368886,-0.042244104795368886,-0.06163482290465078,-0.06163482290465078,-7.076831817626953,7.076831817626953,-7.107311248779297,-4.612185478210449,-4.880893707275391,-4.880893707275391,-7.107311248779297,-7.107311248779297,-7.107311248779297,1000.0,1000.0,114.8187255859375,-11.498149108886718,-0.8972419738769529,10.600907135009765,0.0923273366858212,1.1389274597167969,3.8616480827331543,-0.0009183196234516799,-0.004797100555151701,115.42753601074219
train,2-0-4-2_png.rf.8f93d068564cccecf0bc3b23810aa59a.jpg,/mnt/tf_data/TechFin/home/group_6/Data/white_balance_copy_layers.v10-argmented-10x.coco-segmentation/train/2-0-4-2_png.rf.8f93d068564cccecf0bc3b23810aa59a.jpg,12,17,1,png,largest_inner_median,largest_inner_median,2.0,4.2,8.4,6.2,2488,7.819636302367592,88.0,38.0,2.3157894736842106,39289,43658.0,1.0,1.0,-0.0341701693910372,-0.037424334416317845,-0.03092569415766976,-0.03092569415766976,-0.0341701693910372,-0.0341701693910372,-3.2890586853027344,3.2890586853027344,-3.3140220642089844,-3.6272525787353516,-3.0017242431640625,-3.0017242431640625,-3.3140220642089844,-3.3140220642089844,-3.3140220642089844,1996.0,1996.0,96.25526428222656,-4.0490669250488285,-0.8667724609374976,3.182294464111331,0.03306099139451366,0.7823917269706726,1.2383352518081665,0.0023427344858646393,-0.004962194710969925,96.21814727783203
train,1-4-4-8_png.rf.0e318380d4efab00f328bb3ce2b4ff17.jpg,/mnt/tf_data/TechFin/home/group_6/Data/white_balance_copy_layers.v10-argmented-10x.coco-segmentation/train/1-4-4-8_png.rf.0e318380d4efab00f328bb3ce2b4ff17.jpg,19,30,1,png,largest_inner_median,largest_inner_median,1.4,4.8,6.72,6.199999999999999,2285,7.734558844354756,85.0,35.0,2.4285714285714284,37960,41896.0,0.0,1.0,-0.06545679129812466,-0.06856126322447319,-0.0643380824098891,-0.0643380824098891,-0.06545679129812466,-0.06545679129812466,-7.295574188232422,7.295574188232422,-7.2944793701171875,-7.6404924392700195,-7.169792175292969,-7.169792175292969,-7.2944793701171875,-7.2944793701171875,-7.2944793701171875,1815.0,1815.0,111.45633697509766,-7.706813049316406,-5.647715759277344,2.0590972900390625,0.01847447481159479,0.6761897802352905,1.0427378416061401,0.00315273180603981,-0.0009008616907522082,110.9811782836914
train,1-4-4-2_png.rf.69caebdd51146651be23cb6bdcce4a7a.jpg,/mnt/tf_data/TechFin/home/group_6/Data/white_balance_copy_layers.v10-argmented-10x.coco-segmentation/train/1-4-4-2_png.rf.69caebdd51146651be23cb6bdcce4a7a.jpg,20,31,1,png,largest_inner_median,largest_inner_median,1.4,4.2,5.88,5.6,1597,7.37650812632622,43.0,121.0,0.35537190082644626,59005,65575.0,1.0,1.0,-0.09490031429357171,-0.05005108209700144,-0.05765177359891065,-0.05765177359891065,-0.09490031429357171,-0.09490031429357171,-12.14223861694336,12.14223861694336,-12.147083282470703,-6.408745288848877,-7.381233215332031,-7.381233215332031,-12.147083282470703,-12.147083282470703,-12.147083282470703,962.0,962.0,127.94729614257812,-16.754241943359375,-1.6201431274414029,15.134098815917973,0.1182838502429413,0.8240035176277161,5.388934135437012,0.0026578702963888645,0.001642757561057806,127.32368469238281
train,2-3-3-9_png.rf.eaf71998d16c661baad7b43d55389a34.jpg,/mnt/tf_data/TechFin/home/group_6/Data/white_balance_copy_layers.v10-argmented-10x.coco-segmentation/train/2-3-3-9_png.rf.eaf71998d16c661baad7b43d55389a34.jpg,23,36,2,png,largest_inner_median,largest_inner_median,2.3,3.9,8.969999999999999,6.199999999999999,497,6.210600077024653,23.0,46.0,0.5,14266,15832.0,0.0,1.0,-0.10466362394248044,-0.11200068523409877,-0.09124452882491142,-0.09124452882491142,-0.10466362394248044,-0.10466362394248044,-10.991340637207031,10.991340637207031,-11.033729553222656,-11.804237365722656,-9.62451171875,-9.62451171875,-11.033729553222656,-11.033729553222656,-11.033729553222656,243.0,243.0,105.01586151123047,-11.82604522705078,-2.514779663085935,9.311265563964845,0.08866532569433896,0.48746392130851746,3.393857955932617,-0.0005079091060906649,-0.003358637448400259,105.35493469238281
train,2-0-4-5_png.rf.711d1e951f6453b85407d50a852596eb.jpg,/mnt/tf_data/TechFin/home/group_6/Data/white_balance_copy_layers.v10-argmented-10x.coco-segmentation/train/2-0-4-5_png.rf.711d1e951f6453b85407d50a852596eb.jpg,28,43,1,png,largest_inner_median,largest_inner_median,2.0,4.5,9.0,6.5,1618,7.389563953677635,44.0,122.0,0.36065573770491804,55763,61959.0,0.0,1.0,-0.07276733519501839,-0.057393775120762575,-0.05537860155791534,-0.05537860155791534,-0.07276733519501839,-0.07276733519501839,-6.646873474121094,6.646873474121094,-6.771728515625,-5.367443084716797,-5.183368682861328,-5.183368682861328,-6.771728515625,-6.771728515625,-6.771728515625,975.0,975.0,91.34419250488281,-10.235755920410156,-0.7624084472656253,9.47334747314453,0.10371045179077074,0.8244761824607849,3.337167263031006,-0.0022671744227409363,-4.254317900631577e-06,91.53572082519531
train,2-0-4-5_png.rf.406f8d3647aa9fe444f9b9c36d80ea96.jpg,/mnt/tf_data/TechFin/home/group_6/Data/white_balance_copy_layers.v10-argmented-10x.coco-segmentation/train/2-0-4-5_png.rf.406f8d3647aa9fe444f9b9c36d80ea96.jpg,34,49,1,png,largest_inner_median,largest_inner_median,2.0,4.5,9.0,6.5,1616,7.388327859577107,122.0,44.0,2.772727272727273,55746,61940.0,0.0,1.0,-0.07666085905745726,-0.05076423910772678,-0.05128111138702775,-0.05128111138702775,-0.07666085905745726,-0.07666085905745726,-7.004615783691406,7.004615783691406,-7.129783630371094,-4.763571262359619,-4.810798645019531,-4.810798645019531,-7.129783630371094,-7.129783630371094,-7.129783630371094,973.0,973.0,91.37147521972656,-10.973194122314453,-0.7054290771484375,10.267765045166016,0.1123738565069076,0.8591100573539734,3.6409356594085693,0.00023256441636476666,-0.0029542557895183563,91.56655883789062
train,1-7-3-3_png.rf.8af48321b5667b01e2f0f528367cc1f3.jpg,/mnt/tf_data/TechFin/home/group_6/Data/white_balance_copy_layers.v10-argmented-10x.coco-segmentation/train/1-7-3-3_png.rf.8af48321b5667b01e2f0f528367cc1f3.jpg,37,52,1,png,largest_inner_median,largest_inner_median,1.7,3.3,5.609999999999999,5.0,735,6.601230118728877,20.0,58.0,0.3448275862068966,14275,15861.0,0.0,1.0,-0.03776197206709661,-0.03635892939596677,-0.035419290104470216,-0.035419290104470216,-0.03776197206709661,-0.03776197206709661,-4.702045440673828,4.702045440673828,-4.698566436767578,-4.523862361907959,-4.4068603515625,-4.4068603515625,-4.698566436767578,-4.698566436767578,-4.698566436767578,450.0,450.0,124.51800537109375,-6.174893188476562,-2.638470458984375,3.5364227294921875,0.028400894464642227,0.6899294853210449,1.598600149154663,0.007731677498668432,-0.00010231034684693441,124.21440887451172
train,2-3-3-3_png.rf.3dc75ad8165f45a2dcef3edc204600b6.jpg,/mnt/tf_data/TechFin/home/group_6/Data/white_balance_copy_layers.v10-argmented-10x.coco-segmentation/train/2-3-3-3_png.rf.3dc75ad8165f45a2dcef3edc204600b6.jpg,39,56,2,png,largest_inner_median,largest_inner_median,2.3,3.3,7.589999999999999,5.6,474,6.163314804034641,45.0,24.0,1.875,14568,16188.0,0.0,1.0,-0.11239544932436615,-0.1148933309778519,-0.10617167663836376,-0.10617167663836376,-0.11239544932436615,-0.11239544932436615,-13.780445098876953,13.780445098876953,-13.819442749023438,-14.125699996948242,-13.056365966796875,-13.056365966796875,-13.819442749023438,-13.819442749023438,-13.819442749023438,220.0,220.0,122.6067886352539,-14.486591339111328,-5.655543518066406,8.831047821044923,0.07202739684599875,0.602492094039917,3.4134790897369385,0.0022438298910856247,-0.004591343924403191,122.61946105957031
train,1-4-3-9_png.rf.e572ab10d7439699836bcfc1f8710fe6.jpg,/mnt/tf_data/TechFin/home/group_6/Data/white_balance_copy_layers.v10-argmented-10x.coco-segmentation/train/1-4-3-9_png.rf.e572ab10d7439699836bcfc1f8710fe6.jpg,41,58,1,png,largest_inner_median,largest_inner_median,1.4,3.9,5.46,5.3,885,6.786716950605081,26.0,59.0,0.4406779661016949,19404,21560.0,0.0,1.0,-0.03437431538261874,-0.035348183607465195,-0.033142678873230566,-0.033142678873230566,-0.03437431538261874,-0.03437431538261874,-4.663856506347656,4.663856506347656,-4.626213073730469,-4.758346080780029,-4.4591064453125,-4.4591064453125,-4.626213073730469,-4.626213073730469,-4.626213073730469,572.0,572.0,135.67852783203125,-5.917623901367188,-1.7609008789062492,4.156723022460938,0.030636557522255272,0.573088526725769,1.7397003173828125,0.008338462561368942,-8.606239134678617e-05,135.2565460205078
train,0-8-3-6-2-10-3_png.rf.0591b67bd9a17e249414db228ef86049.jpg,/mnt/tf_data/TechFin/home/group_6/Data/white_balance_copy_layers.v10-argmented-10x.coco-segmentation/train/0-8-3-6-2-10-3_png.rf.0591b67bd9a17e249414db228ef86049.jpg,43,60,2,2-10-3_png,largest_inner_median,largest_inner_median,0.8,3.6,2.8800000000000003,4.4,5724,8.65259782842244,89.0,113.0,0.7876106194690266,119810,133137.0,2.0,1.1517319839477538,-0.06031758763158551,-0.059481932725179223,-0.06007990489125591,-0.06007990489125591,-0.06031758763158551,-0.06031758763158551,-10.327362060546875,10.327362060546875,-10.307266235351562,-10.164188385009766,-10.266571044921875,-10.266571044921875,-10.307266235351562,-10.307266235351562,-10.307266235351562,4923.0,4923.0,171.2164306640625,-10.734912109375,-9.455551147460938,1.2793609619140618,0.007472185683068287,1.1157830953598022,1.6110498905181885,-0.0021747129503637552,0.0003614681481849402,171.51783752441406
train,1-7-4-2_png.rf.32789a1e8c2f6ab00f623dd89d1da7ee.jpg,/mnt/tf_data/TechFin/home/group_6/Data/white_balance_copy_layers.v10-argmented-10x.coco-segmentation/train/1-7-4-2_png.rf.32789a1e8c2f6ab00f623dd89d1da7ee.jpg,48,67,1,png,largest_inner_median,largest_inner_median,1.7,4.2,7.14,5.9,1634,7.399398083331354,44.0,120.0,0.36666666666666664,54493,60548.0,0.0,1.3513658294677733,-0.05907117115961433,-0.03733063751599607,-0.04273422098907039,-0.04273422098907039,-0.05907117115961433,-0.05907117115961433,-6.780483245849609,6.780483245849609,-6.828510284423828,-4.333023548126221,-4.953273773193359,-4.953273773193359,-6.828510284423828,-6.828510284423828,-6.828510284423828,1000.0,1000.0,114.78498077392578,-10.803601837158203,-0.7282997131347655,10.075302124023438,0.08777543940062334,1.1450374126434326,3.6273374557495117,-0.00460085878148675,0.0008408420835621655,114.95532989501953
train,1-4-3-6_png.rf.e82e60f1217294b23e8c3288085ae12c.jpg,/mnt/tf_data/TechFin/home/group_6/Data/white_balance_copy_layers.v10-argmented-10x.coco-segmentation/train/1-4-3-6_png.rf.e82e60f1217294b23e8c3288085ae12c.jpg,51,70,2,png,largest_inner_median,largest_inner_median,1.4,3.6,5.04,5.0,487,6.1903154058531475,45.0,25.0,1.8,14958,16620.0,0.0,1.0,-0.11746829654252164,-0.11878377701011279,-0.10798010797289857,-0.10798010797289857,-0.11746829654252164,-0.11746829654252164,-15.787582397460938,15.787582397460938,-15.777885437011719,-15.954684257507324,-14.502685546875,-14.502685546875,-15.777885437011719,-15.777885437011719,-15.777885437011719,230.0,230.0,134.39866638183594,-16.34742126464844,-4.897726440429688,11.449694824218751,0.08519202706736222,0.484260231256485,4.36397647857666,-0.006789101287722588,-0.0010912370635196567,135.07406616210938
train,1-7-3-3_png.rf.7f77fb374726033d7d5c31e26ff331ae.jpg,/mnt/tf_data/TechFin/home/group_6/Data/white_balance_copy_layers.v10-argmented-10x.coco-segmentation/train/1-7-3-3_png.rf.7f77fb374726033d7d5c31e26ff331ae.jpg,54,75,1,png,largest_inner_median,largest_inner_median,1.7,3.3,5.609999999999999,5.0,1626,7.394493107219038,122.0,43.0,2.8372093023255816,53015,58907.0,0.0,1.0,-0.07057344539409528,-0.04522359958068314,-0.04972803881046479,-0.04972803881046479,-0.07057344539409528,-0.07057344539409528,-8.717815399169922,8.717815399169922,-8.788516998291016,-5.657094478607178,-6.213520050048828,-6.213520050048828,-8.788516998291016,-8.788516998291016,-8.788516998291016,988.0,988.0,123.52826690673828,-13.499557495117188,-0.8309745788574219,12.668582916259766,0.10255614551626736,0.845628023147583,4.562620639801025,-0.0006297791842371225,0.0035038820933550596,123.37384033203125
train,1-7-4-5_png.rf.5333a9c820a46dc6c7df66c08db054ee.jpg,/mnt/tf_data/TechFin/home/group_6/Data/white_balance_copy_layers.v10-argmented-10x.coco-segmentation/train/1-7-4-5_png.rf.5333a9c820a46dc6c7df66c08db054ee.jpg,57,80,1,png,largest_inner_median,largest_inner_median,1.7,4.5,7.6499999999999995,6.2,749,6.620073206530356,21.0,58.0,0.3620689655172414,14606,16230.0,0.0,1.0,-0.01794180447831897,-0.016589422322306046,-0.017544136258546207,-0.017544136258546207,-0.01794180447831897,-0.01794180447831897,-1.9360618591308594,1.9360618591308594,-1.9198799133300781,-1.7739472389221191,-1.8769683837890625,-1.8769683837890625,-1.9198799133300781,-1.9198799133300781,-1.9198799133300781,458.0,458.0,107.90786743164062,-2.438215637207031,-1.223724365234375,1.2144912719726562,0.01125489087014006,0.6218981742858887,0.7310479283332825,0.00796718243509531,-0.0017718159360811114,107.78495025634766
train,1-7-4-2-3-10_png.rf.8ce645a92ad1405520d28785dbd84b4b.jpg,/mnt/tf_data/TechFin/home/group_6/Data/white_balance_copy_layers.v10-argmented-10x.coco-segmentation/train/1-7-4-2-3-10_png.rf.8ce645a92ad1405520d28785dbd84b4b.jpg,58,81,3,3-10_png,largest_inner_median,largest_inner_median,1.7,4.2,7.14,5.9,989,6.897704943128636,40.0,42.0,0.9523809523809523,21673,24083.0,0.0,1.0,-0.212462027516811,-0.2168889640049226,-0.20889959279154083,-0.20889959279154083,-0.212462027516811,-0.212462027516811,-13.628570556640625,13.628570556640625,-13.712882995605469,-13.99685287475586,-13.484367370605469,-13.484367370605469,-13.712882995605469,-13.712882995605469,-13.712882995605469,677.0,677.0,64.14591217041016,-13.961112976074219,-11.474971771240234,2.4861412048339844,0.03875759375327451,0.5546600818634033,1.8810306787490845,-0.0013385252095758915,0.0008893836638890207,64.17649841308594
train,1-4-4-2_png.rf.c4e8e3a85761998c13e6a005b0a4ea0b.jpg,/mnt/tf_data/TechFin/home/group_6/Data/white_balance_copy_layers.v10-argmented-10x.coco-segmentation/train/1-4-4-2_png.rf.c4e8e3a85761998c13e6a005b0a4ea0b.jpg,59,82,1,png,largest_inner_median,largest_inner_median,1.4,4.2,5.88,5.6,804,6.690842277418564,24.0,55.0,0.43636363636363634,16309,18100.0,0.0,1.0,-0.04536445018531061,-0.0463461225798686,-0.04310350506228221,-0.04310350506228221,-0.04536445018531061,-0.04536445018531061,-5.779575347900391,5.779575347900391,-5.780941009521484,-5.906009197235107,-5.492889404296875,-5.492889404296875,-5.780941009521484,-5.780941009521484,-5.780941009521484,502.0,502.0,127.40318298339844,-6.858399200439453,-1.4931129455566394,5.365286254882814,0.042112654717441,0.5929001569747925,2.0005481243133545,0.008119554258883,-0.0009891455993056297,127.12354278564453
train,1-7-4-2_png.rf.cc529869b16b37659db27d3c33d21d28.jpg,/mnt/tf_data/TechFin/home/group_6/Data/white_balance_copy_layers.v10-argmented-10x.coco-segmentation/train/1-7-4-2_png.rf.cc529869b16b37659db27d3c33d21d28.jpg,68,94,1,png,largest_inner_median,largest_inner_median,1.7,4.2,7.14,5.9,860,6.7580945044277305,22.0,60.0,0.36666666666666664,16298,18110.0,0.0,1.0,-0.024840982087666035,-0.023069756971840757,-0.022952216091263144,-0.022952216091263144,-0.024840982087666035,-0.024840982087666035,-2.8970603942871094,2.8970603942871094,-2.897918701171875,-2.6913509368896484,-2.677642822265625,-2.677642822265625,-2.897918701171875,-2.897918701171875,-2.897918701171875,554.0,554.0,116.62422943115234,-4.617286682128906,-1.0249061584472656,3.5923805236816406,0.030803037595222505,0.5442739129066467,1.9715049266815186,0.00927073322236538,-0.00026849660207517445,116.24759674072266
train,2-0-3-3_png.rf.dc3c46c671b3ce40bdaeb22e319cf433.jpg,/mnt/tf_data/TechFin/home/group_6/Data/white_balance_copy_layers.v10-argmented-10x.coco-segmentation/train/2-0-3-3_png.rf.dc3c46c671b3ce40bdaeb22e319cf433.jpg,70,96,1,png,largest_inner_median,largest_inner_median,2.0,3.3,6.6,5.3,1655,7.412160334945205,121.0,44.0,2.75,55101,61225.0,0.0,1.0,-0.07313364300408344,-0.05323897348613562,-0.05290377684815132,-0.05290377684815132,-0.07313364300408344,-0.07313364300408344,-7.20684814453125,7.20684814453125,-7.2336273193359375,-5.273136138916016,-5.240104675292969,-5.240104675292969,-7.2336273193359375,-7.2336273193359375,-7.2336273193359375,1015.0,1015.0,98.54354095458984,-11.884992980957032,-1.090937805175781,10.794055175781251,0.10953589724115245,0.8242526650428772,3.846468210220337,0.0009043212630786002,-0.003490437287837267,98.6312026977539
train,1-1-4-5_png.rf.55463f70784d45b581f5ce192fe81ddb.jpg,/mnt/tf_data/TechFin/home/group_6/Data/white_balance_copy_layers.v10-argmented-10x.coco-segmentation/train/1-1-4-5_png.rf.55463f70784d45b581f5ce192fe81ddb.jpg,71,97,1,png,largest_inner_median,largest_inner_median,1.1,4.5,4.95,5.6,1577,7.363913501405819,43.0,121.0,0.35537190082644626,46371,51584.0,2.0,1.0106343246459961,-0.06469946018638421,-0.03469802695010727,-0.04532991070419211,-0.04532991070419211,-0.06469946018638421,-0.06469946018638421,-7.9687347412109375,7.9687347412109375,-8.006057739257812,-4.310919284820557,-5.620399475097656,-5.620399475097656,-8.006057739257812,-8.006057739257812,-8.006057739257812,942.0,942.0,123.16539764404297,-10.8673583984375,-0.7777130126953121,10.089645385742188,0.0819194804607541,1.0165077447891235,3.641317129135132,0.0028382136952131987,-0.0011579911224544048,123.17495727539062
train,1-4-4-5_png.rf.b93fd7189329b164dc69a26d4dbc38b5.jpg,/mnt/tf_data/TechFin/home/group_6/Data/white_balance_copy_layers.v10-argmented-10x.coco-segmentation/train/1-4-4-5_png.rf.b93fd7189329b164dc69a26d4dbc38b5.jpg,72,98,1,png,largest_inner_median,largest_inner_median,1.4,4.5,6.3,5.9,775,6.654152520183219,60.0,23.0,2.608695652173913,17284,19206.0,0.0,1.0,-0.053256744415748805,-0.05348609295465408,-0.05166553262032548,-0.05166553262032548,-0.053256744415748805,-0.053256744415748805,-6.300518035888672,6.300518035888672,-6.37994384765625,-6.407076835632324,-6.1916961669921875,-6.1916961669921875,-6.37994384765625,-6.37994384765625,-6.37994384765625,468.0,468.0,118.30460357666016,-7.507698059082031,-2.726930236816404,4.780767822265627,0.04041066600732692,0.5176316499710083,1.8414403200149536,0.0004704346356447786,-0.0053253439255058765,118.49327087402344
train,2-0-4-2_png.rf.040967dbb938b9741e12abfd348806b4.jpg,/mnt/tf_data/TechFin/home/group_6/Data/white_balance_copy_layers.v10-argmented-10x.coco-segmentation/train/2-0-4-2_png.rf.040967dbb938b9741e12abfd348806b4.jpg,73,99,1,png,largest_inner_median,largest_inner_median,2.0,4.2,8.4,6.2,804,6.690842277418564,21.0,59.0,0.3559322033898305,14819,16467.0,0.0,1.0,-0.035065731269447224,-0.03625010726408712,-0.032560074822206714,-0.032560074822206714,-0.035065731269447224,-0.035065731269447224,-3.2797775268554688,3.2797775268554688,-3.2906723022460938,-3.401449680328369,-3.0563125610351562,-3.0563125610351562,-3.2906723022460938,-3.2906723022460938,-3.2906723022460938,509.0,509.0,93.53227233886719,-3.6710830688476563,-1.7508247375488268,1.9202583312988295,0.020530436001188323,0.5951096415519714,0.8401768207550049,0.010229106992483139,0.0008940156549215317,93.00554656982422
train,2-0-4-5_png.rf.e581bb76472daa0ce257aec0ecd4fc21.jpg,/mnt/tf_data/TechFin/home/group_6/Data/white_balance_copy_layers.v10-argmented-10x.coco-segmentation/train/2-0-4-5_png.rf.e581bb76472daa0ce257aec0ecd4fc21.jpg,74,100,1,png,largest_inner_median,largest_inner_median,2.0,4.5,9.0,6.5,745,6.61472560020376,61.0,19.0,3.210526315789474,13934,15484.0,0.0,1.0,-0.030998970817977596,-0.03726667999330762,-0.028981707628443286,-0.028981707628443286,-0.030998970817977596,-0.030998970817977596,-2.848339080810547,2.848339080810547,-2.9319610595703125,-3.507869243621826,-2.7466049194335938,-2.7466049194335938,-2.9319610595703125,-2.9319610595703125,-2.9319610595703125,449.0,449.0,91.88495635986328,-3.5280075073242188,-1.481932067871093,2.0460754394531255,0.02226779573622219,0.6556423306465149,0.9199470281600952,0.0006583320791833103,0.009502706117928028,91.45049285888672
train,1-1-3-6-2-10-3_png.rf.cd210df0072d18ae58611c1c1506502f.jpg,/mnt/tf_data/TechFin/home/group_6/Data/white_balance_copy_layers.v10-argmented-10x.coco-segmentation/train/1-1-3-6-2-10-3_png.rf.cd210df0072d18ae58611c1c1506502f.jpg,77,105,2,2-10-3_png,largest_inner_median,largest_inner_median,1.1,3.6,3.9600000000000004,4.7,5829,8.670772279344538,113.0,90.0,1.2555555555555555,125240,139155.0,0.0,1.2956235443115234,-0.08118543368562489,-0.0848461518136597,-0.07935384129644242,-0.07935384129644242,-0.08118543368562489,-0.08118543368562489,-11.111530303955078,11.111530303955078,-11.09707260131836,-11.598100662231445,-10.846389770507812,-10.846389770507812,-11.09707260131836,-11.09707260131836,-11.09707260131836,5036.0,5036.0,136.86605834960938,-11.855982971191406,-9.167181396484375,2.68880157470703,0.01964549580173326,1.104472041130066,1.9612644910812378,0.0002283369831275195,-0.002155089285224676,137.1954803466797
train,0-8-4-2-2-10-3_png.rf.a6c5c2d39cb89c324f3008058cc2d42d.jpg,/mnt/tf_data/TechFin/home/group_6/Data/white_balance_copy_layers.v10-argmented-10x.coco-segmentation/train/0-8-4-2-2-10-3_png.rf.a6c5c2d39cb89c324f3008058cc2d42d.jpg,79,107,2,2-10-3_png,largest_inner_median,largest_inner_median,0.8,4.2,3.3600000000000003,5.0,5769,8.660427359502146,88.0,113.0,0.7787610619469026,123932,137709.0,1.0,1.0948472534179687,-0.06686498499331417,-0.06567136178772212,-0.0666274168553798,-0.0666274168553798,-0.06686498499331417,-0.06686498499331417,-10.255691528320312,10.255691528320312,-10.250946044921875,-10.067869186401367,-10.214508056640625,-10.214508056640625,-10.250946044921875,-10.250946044921875,-10.250946044921875,4991.0,4991.0,153.3791046142578,-10.67452392578125,-8.763967895507813,1.9105560302734368,0.012456429675205154,1.01909601688385,1.9586882591247559,-0.002683578059077263,0.0004920772043988109,153.7369842529297
train,0-8-4-2-2-10-3_png.rf.e877450e1ac246ac22a5273582a6190e.jpg,/mnt/tf_data/TechFin/home/group_6/Data/white_balance_copy_layers.v10-argmented-10x.coco-segmentation/train/0-8-4-2-2-10-3_png.rf.e877450e1ac246ac22a5273582a6190e.jpg,82,110,2,2-10-3_png,largest_inner_median,largest_inner_median,0.8,4.2,3.3600000000000003,5.0,5766,8.659907293615413,113.0,88.0,1.2840909090909092,124416,138274.0,2.0,1.1002653854370117,-0.06687729462331615,-0.06790324656305198,-0.06663911443931052,-0.06663911443931052,-0.06687729462331615,-0.06687729462331615,-10.256927490234375,10.256927490234375,-10.259689331054688,-10.417038917541504,-10.223159790039062,-10.223159790039062,-10.259689331054688,-10.259689331054688,-10.259689331054688,4988.0,4988.0,153.36935424804688,-10.82470703125,-8.743812561035156,2.0808944702148438,0.013567863543647564,1.0286153554916382,2.0515921115875244,-0.0007049702689982951,-0.002709790365770459,154.00428771972656
train,1-7-3-6_png.rf.1b40a332d727730aba621d7f56aabf6f.jpg,/mnt/tf_data/TechFin/home/group_6/Data/white_balance_copy_layers.v10-argmented-10x.coco-segmentation/train/1-7-3-6_png.rf.1b40a332d727730aba621d7f56aabf6f.jpg,86,114,1,png,largest_inner_median,largest_inner_median,1.7,3.6,6.12,5.3,835,6.728628613084702,22.0,61.0,0.36065573770491804,16634,18484.0,0.0,1.0,-0.028273904896583425,-0.02657339603176408,-0.02655680564407417,-0.02655680564407417,-0.028273904896583425,-0.028273904896583425,-3.443164825439453,3.443164825439453,-3.4863662719726562,-3.279280185699463,-3.2772598266601562,-3.2772598266601562,-3.4863662719726562,-3.4863662719726562,-3.4863662719726562,523.0,523.0,121.77889251708984,-4.30888671875,-2.091473388671875,2.2174133300781254,0.01820851942603226,0.5514566898345947,1.5270397663116455,0.009728128090500832,0.0009116984438151121,121.23171997070312
train,1-4-3-3_png.rf.26051aa60ae8e2e242a1dc448254d494.jpg,/mnt/tf_data/TechFin/home/group_6/Data/white_balance_copy_layers.v10-argmented-10x.coco-segmentation/train/1-4-3-3_png.rf.26051aa60ae8e2e242a1dc448254d494.jpg,89,117,1,png,largest_inner_median,largest_inner_median,1.4,3.3,4.619999999999999,4.699999999999999,1595,7.375255778009754,121.0,43.0,2.813953488372093,50573,56193.0,0.0,1.0,-0.061714710304806616,-0.03570344058034138,-0.04065553781692642,-0.04065553781692642,-0.061714710304806616,-0.061714710304806616,-9.595191955566406,9.595191955566406,-9.653617858886719,-5.6094746589660645,-6.3794097900390625,-6.3794097900390625,-9.653617858886719,-9.653617858886719,-9.653617858886719,960.0,960.0,155.47657775878906,-14.37767333984375,-0.726101684570312,13.651571655273438,0.08780468320091846,0.9238882064819336,4.8530778884887695,0.00028275922522880137,-0.0029304195195436478,155.65194702148438
train,2-0-3-3_png.rf.8b0e4253e2cee93cb3949f6e904e4dfa.jpg,/mnt/tf_data/TechFin/home/group_6/Data/white_balance_copy_layers.v10-argmented-10x.coco-segmentation/train/2-0-3-3_png.rf.8b0e4253e2cee93cb3949f6e904e4dfa.jpg,93,123,2,png,largest_inner_median,largest_inner_median,2.0,3.3,6.6,5.3,513,6.2422232654551655,45.0,25.0,1.8,15139,16820.0,0.0,1.0,-0.09244713288500916,-0.09543844346733056,-0.08504164419894707,-0.08504164419894707,-0.09244713288500916,-0.09244713288500916,-12.460166931152344,12.460166931152344,-12.418815612792969,-12.821989059448242,-11.420692443847656,-11.420692443847656,-12.418815612792969,-12.418815612792969,-12.418815612792969,253.0,253.0,134.7815399169922,-12.89190673828125,-2.4171661376953124,10.474740600585937,0.07771643362315796,0.5342804789543152,3.906217336654663,-0.00232910318300128,0.0034430096857249737,134.81455993652344
train,0-8-3-6-3-10_png.rf.dd0a35b37410a87a9686fffda55d4322.jpg,/mnt/tf_data/TechFin/home/group_6/Data/white_balance_copy_layers.v10-argmented-10x.coco-segmentation/train/0-8-3-6-3-10_png.rf.dd0a35b37410a87a9686fffda55d4322.jpg,98,128,3,3-10_png,largest_inner_median,largest_inner_median,0.8,3.6,2.8800000000000003,4.4,1165,7.061334366910438,43.0,42.0,1.0238095238095237,22218,24799.0,2.0,1.0,-0.11112395384048218,-0.11279568314749236,-0.10930658897582539,-0.10930658897582539,-0.11112395384048218,-0.11112395384048218,-17.068458557128906,17.068458557128906,-17.000015258789062,-17.256790161132812,-16.720870971679688,-16.720870971679688,-17.000015258789062,-17.000015258789062,-17.000015258789062,839.0,839.0,153.59837341308594,-17.44727478027344,-10.187402343749993,7.259872436523446,0.04726529503667866,0.9602130055427551,3.451773166656494,-0.0004141894169151783,-0.00924082100391388,154.4060821533203
train,2-0-4-8_png.rf.60a433eded6c72dfda368fc94f0bc2f3.jpg,/mnt/tf_data/TechFin/home/group_6/Data/white_balance_copy_layers.v10-argmented-10x.coco-segmentation/train/2-0-4-8_png.rf.60a433eded6c72dfda368fc94f0bc2f3.jpg,102,132,1,png,largest_inner_median,largest_inner_median,2.0,4.8,9.6,6.8,904,6.807934943699926,60.0,26.0,2.3076923076923075,19619,21797.0,0.0,1.0,-0.027856173283254806,-0.024455337661993502,-0.025111038293751865,-0.025111038293751865,-0.027856173283254806,-0.027856173283254806,-2.5262222290039062,2.5262222290039062,-2.5690536499023438,-2.260638475418091,-2.3201026916503906,-2.3201026916503906,-2.5690536499023438,-2.5690536499023438,-2.5690536499023438,587.0,587.0,90.68805694580078,-3.376936340332031,-1.0633773803710933,2.313558959960938,0.02551117575871786,0.827621340751648,0.8584404587745667,0.00018222159997094423,0.011154363863170147,90.09558868408203
train,1-4-3-6-3-10_png.rf.92cc0436e425bcc1e5d9507b9d402a99.jpg,/mnt/tf_data/TechFin/home/group_6/Data/white_balance_copy_layers.v10-argmented-10x.coco-segmentation/train/1-4-3-6-3-10_png.rf.92cc0436e425bcc1e5d9507b9d402a99.jpg,105,139,3,3-10_png,largest_inner_median,largest_inner_median,1.4,3.6,5.04,5.0,1130,7.030857476116121,40.0,42.0,0.9523809523809523,19649,21876.0,2.0,1.0,-0.012022323509437658,-0.0016330118691435796,-0.009605096552662668,-0.009605096552662668,-0.012022323509437658,-0.012022323509437658,-1.11614990234375,1.11614990234375,-1.0277328491210938,-0.06319141387939453,-0.8033180236816406,-0.8033180236816406,-1.0277328491210938,-1.0277328491210938,-1.0277328491210938,822.0,822.0,92.83978271484375,-1.771204376220703,0.22400360107421877,1.9952079772949218,0.021490872974392655,0.8227037191390991,0.7516952753067017,0.0031480100005865097,-0.010814775712788105,93.49254608154297
train,1-4-3-9_png.rf.65b11410459cbd0e2616a46f411a76eb.jpg,/mnt/tf_data/TechFin/home/group_6/Data/white_balance_copy_layers.v10-argmented-10x.coco-segmentation/train/1-4-3-9_png.rf.65b11410459cbd0e2616a46f411a76eb.jpg,106,140,1,png,largest_inner_median,largest_inner_median,1.4,3.9,5.46,5.3,884,6.785587645007929,59.0,26.0,2.269230769230769,19456,21595.0,0.0,1.0,-0.034702390837934215,-0.03703257145936935,-0.03226771569907514,-0.03226771569907514,-0.034702390837934215,-0.034702390837934215,-4.7060394287109375,4.7060394287109375,-4.6295013427734375,-4.945500373840332,-4.2993316650390625,-4.2993316650390625,-4.6295013427734375,-4.6295013427734375,-4.6295013427734375,571.0,571.0,135.61138916015625,-5.270222473144531,-1.6144500732421854,3.6557723999023457,0.026957709249515172,0.5722715258598328,1.5745561122894287,-0.00043677116627804935,0.0064362091943621635,135.3275909423828
train,1-1-4-8-3-10-4_png.rf.f1a9b04b4899e34dab15f90f42dcf8bf.jpg,/mnt/tf_data/TechFin/home/group_6/Data/white_balance_copy_layers.v10-argmented-10x.coco-segmentation/train/1-1-4-8-3-10-4_png.rf.f1a9b04b4899e34dab15f90f42dcf8bf.jpg,108,142,3,3-10-4_png,largest_inner_median,largest_inner_median,1.1,4.8,5.28,5.9,712,6.569481420414296,24.0,55.0,0.43636363636363634,18172,19758.0,0.0,1.0,-0.14543817672166384,-0.14735568664910798,-0.13145536366487878,-0.13145536366487878,-0.14543817672166384,-0.14543817672166384,-15.600505828857422,15.600505828857422,-15.605060577392578,-15.81074333190918,-14.105186462402344,-14.105186462402344,-15.605060577392578,-15.605060577392578,-15.605060577392578,424.0,424.0,107.26554870605469,-15.942008209228515,-1.3678627014160156,14.5741455078125,0.13586977071035902,0.6161640286445618,6.024144172668457,0.0039590331725776196,-0.0050342632457613945,107.6440200805664
train,2-0-3-3_png.rf.5adcaf006a6ce4aa2f83c87ee64c0b4f.jpg,/mnt/tf_data/TechFin/home/group_6/Data/white_balance_copy_layers.v10-argmented-10x.coco-segmentation/train/2-0-3-3_png.rf.5adcaf006a6ce4aa2f83c87ee64c0b4f.jpg,113,149,1,png,largest_inner_median,largest_inner_median,2.0,3.3,6.6,5.3,2494,7.822044008185619,87.0,38.0,2.289473684210526,37786,41987.0,1.0,1.0,-0.027955045255504882,-0.03012086901140656,-0.025347400581569344,-0.025347400581569344,-0.027955045255504882,-0.027955045255504882,-2.864910125732422,2.864910125732422,-2.8707809448242188,-3.092740535736084,-2.6035423278808594,-2.6035423278808594,-2.8707809448242188,-2.8707809448242188,-2.8707809448242188,2011.0,2011.0,102.48275756835938,-3.5163497924804688,-1.1497474670410146,2.3666023254394544,0.023092687800295116,0.7825589179992676,0.9340968132019043,-0.003265585284680128,0.0042542750015854836,102.7190933227539
train,1-4-4-8_png.rf.858638f1a89c4d184e10672e490571ad.jpg,/mnt/tf_data/TechFin/home/group_6/Data/white_balance_copy_layers.v10-argmented-10x.coco-segmentation/train/1-4-4-8_png.rf.858638f1a89c4d184e10672e490571ad.jpg,115,151,1,png,largest_inner_median,largest_inner_median,1.4,4.8,6.72,6.199999999999999,1611,7.385230923066573,43.0,122.0,0.3524590163934426,59905,66563.0,0.0,1.0,-0.10818676839841322,-0.053738922241549386,-0.06596684742281526,-0.06596684742281526,-0.10818676839841322,-0.10818676839841322,-12.076984405517578,12.076984405517578,-12.085987091064453,-6.007925987243652,-7.3729400634765625,-7.3729400634765625,-12.085987091064453,-12.085987091064453,-12.085987091064453,972.0,972.0,111.6308822631836,-17.518707275390625,-1.2919235229492188,16.226783752441406,0.14536106338553126,0.8330262899398804,5.754021167755127,0.003074175212532282,0.0009281817474402487,111.13956451416016
train,1-7-3-9_png.rf.76604ac3a4e198a8aa7e3344b08aac4b.jpg,/mnt/tf_data/TechFin/home/group_6/Data/white_balance_copy_layers.v10-argmented-10x.coco-segmentation/train/1-7-3-9_png.rf.76604ac3a4e198a8aa7e3344b08aac4b.jpg,119,155,2,png,largest_inner_median,largest_inner_median,1.7,3.9,6.63,5.6,552,6.315358001522335,25.0,47.0,0.5319148936170213,15886,17652.0,0.0,1.0,-0.1686012420077429,-0.16947993951498366,-0.15080909947769677,-0.15080909947769677,-0.1686012420077429,-0.1686012420077429,-20.831298828125,20.831298828125,-20.87317657470703,-20.98174285888672,-18.67489242553711,-18.67489242553711,-20.87317657470703,-20.87317657470703,-20.87317657470703,287.0,287.0,123.55364990234375,-21.85181884765625,-3.176602935791015,18.675215911865237,0.15115066148694145,0.5293410420417786,7.073937892913818,-0.003739805892109871,-0.004265184048563242,124.14130401611328
train,1-7-4-5_png.rf.e3a8613f218aefa7e695a1a8b7cac577.jpg,/mnt/tf_data/TechFin/home/group_6/Data/white_balance_copy_layers.v10-argmented-10x.coco-segmentation/train/1-7-4-5_png.rf.e3a8613f218aefa7e695a1a8b7cac577.jpg,120,156,1,png,largest_inner_median,largest_inner_median,1.7,4.5,7.6499999999999995,6.2,1565,7.356279876550748,120.0,43.0,2.7906976744186047,52744,58606.0,0.0,1.0,-0.05433983182315595,-0.03921110784888428,-0.03992283856699458,-0.03992283856699458,-0.05433983182315595,-0.05433983182315595,-5.7767181396484375,5.7767181396484375,-5.889015197753906,-4.280722141265869,-4.35638427734375,-4.35638427734375,-5.889015197753906,-5.889015197753906,-5.889015197753906,933.0,933.0,106.3072509765625,-10.2520263671875,-0.8829620361328123,9.369064331054688,0.08813194062482417,0.863792896270752,3.357370138168335,-0.0002588761562947184,0.002122029894962907,106.1817626953125
train,1-7-3-3_png.rf.2833dd056e1c0adf85a91e34cbc26798.jpg,/mnt/tf_data/TechFin/home/group_6/Data/white_balance_copy_layers.v10-argmented-10x.coco-segmentation/train/1-7-3-3_png.rf.2833dd056e1c0adf85a91e34cbc26798.jpg,123,159,1,png,largest_inner_median,largest_inner_median,1.7,3.3,5.609999999999999,5.0,735,6.601230118728877,20.0,58.0,0.3448275862068966,14275,15861.0,0.0,1.0,-0.03776197206709661,-0.03635892939596677,-0.035419290104470216,-0.035419290104470216,-0.03776197206709661,-0.03776197206709661,-4.702045440673828,4.702045440673828,-4.698566436767578,-4.523862361907959,-4.4068603515625,-4.4068603515625,-4.698566436767578,-4.698566436767578,-4.698566436767578,450.0,450.0,124.51800537109375,-6.174893188476562,-2.638470458984375,3.5364227294921875,0.028400894464642227,0.6899294853210449,1.598600149154663,0.007731677498668432,-0.00010231034684693441,124.21440887451172
train,1-7-4-5_png.rf.c0e22779a414ab46161b58a3235cc628.jpg,/mnt/tf_data/TechFin/home/group_6/Data/white_balance_copy_layers.v10-argmented-10x.coco-segmentation/train/1-7-4-5_png.rf.c0e22779a414ab46161b58a3235cc628.jpg,125,161,1,png,largest_inner_median,largest_inner_median,1.7,4.5,7.6499999999999995,6.2,1563,7.355001921105257,120.0,43.0,2.7906976744186047,52581,58425.0,0.0,1.0,-0.05819973967314517,-0.038133106728627374,-0.04006679354042011,-0.04006679354042011,-0.05819973967314517,-0.05819973967314517,-6.186424255371094,6.186424255371094,-6.293128967285156,-4.1601176261901855,-4.36566162109375,-4.36566162109375,-6.293128967285156,-6.293128967285156,-6.293128967285156,931.0,931.0,106.29642486572266,-10.062294006347656,-0.5760971069335945,9.486196899414061,0.08924285940376034,0.8505768775939941,3.3953359127044678,0.00038312911055982113,-0.0020201047882437706,106.37586975097656
train,1-4-3-6-3-10_png.rf.3b76c19bfdb5dba548a55f0f81fd507d.jpg,/mnt/tf_data/TechFin/home/group_6/Data/white_balance_copy_layers.v10-argmented-10x.coco-segmentation/train/1-4-3-6-3-10_png.rf.3b76c19bfdb5dba548a55f0f81fd507d.jpg,126,162,3,3-10_png,largest_inner_median,largest_inner_median,1.4,3.6,5.04,5.0,1131,7.0317412587631285,40.0,42.0,0.9523809523809523,19510,21737.0,2.0,1.0,-0.011203690807370275,-0.016017135700607123,-0.008736167997636752,-0.008736167997636752,-0.011203690807370275,-0.011203690807370275,-1.0402336120605469,1.0402336120605469,-0.94384765625,-1.390763521194458,-0.7147445678710938,-0.7147445678710938,-0.94384765625,-0.94384765625,-0.94384765625,822.0,822.0,92.84740447998047,-1.6553573608398438,0.215667724609375,1.8710250854492188,0.020151614317367856,0.800105631351471,0.7050489187240601,-0.0031057826709002256,0.010425458662211895,92.2085952758789
train,1-7-3-6-2-10-3_png.rf.f7f8e1f8495003faae939929b3e8470b.jpg,/mnt/tf_data/TechFin/home/group_6/Data/white_balance_copy_layers.v10-argmented-10x.coco-segmentation/train/1-7-3-6-2-10-3_png.rf.f7f8e1f8495003faae939929b3e8470b.jpg,127,163,2,2-10-3_png,largest_inner_median,largest_inner_median,1.7,3.6,6.12,5.3,5585,8.628018746505122,112.0,87.0,1.2873563218390804,123905,137236.0,0.0,1.0,-0.12941074667155483,-0.13071082695771766,-0.12878873372131486,-0.12878873372131486,-0.12941074667155483,-0.12941074667155483,-9.641304016113281,9.641304016113281,-9.582496643066406,-9.679354667663574,-9.536155700683594,-9.536155700683594,-9.582496643066406,-9.582496643066406,-9.582496643066406,4792.0,4792.0,74.50157165527344,-10.168423461914063,-8.177984619140624,1.9904388427734396,0.02671673628555661,0.7786868214607239,1.3816313743591309,-0.0009422970470041037,-0.0022389348596334457,75.10516357421875
train,1-1-3-6-2-10-3_png.rf.7a667be7a7ca5b9df9c7a3ed61a81df0.jpg,/mnt/tf_data/TechFin/home/group_6/Data/white_balance_copy_layers.v10-argmented-10x.coco-segmentation/train/1-1-3-6-2-10-3_png.rf.7a667be7a7ca5b9df9c7a3ed61a81df0.jpg,131,169,2,2-10-3_png,largest_inner_median,largest_inner_median,1.1,3.6,3.9600000000000004,4.7,5843,8.67317077287059,113.0,90.0,1.2555555555555555,125760,138504.0,0.0,1.2536471603393553,-0.08037413715776029,-0.0877007501405531,-0.07891804820088119,-0.07891804820088119,-0.08037413715776029,-0.08037413715776029,-11.000816345214844,11.000816345214844,-10.97357177734375,-11.97636604309082,-10.774276733398438,-10.774276733398438,-10.97357177734375,-10.97357177734375,-10.97357177734375,5049.0,5049.0,136.87010192871094,-11.892710876464843,-9.126034545898438,2.766676330566405,0.02021388375970841,1.100602149963379,1.8435027599334717,-0.0003264922124799341,0.002276577753946185,136.5247039794922
train,1-7-4-8_png.rf.212fa487611235d742dc74e1705498e0.jpg,/mnt/tf_data/TechFin/home/group_6/Data/white_balance_copy_layers.v10-argmented-10x.coco-segmentation/train/1-7-4-8_png.rf.212fa487611235d742dc74e1705498e0.jpg,133,171,1,png,largest_inner_median,largest_inner_median,1.7,4.8,8.16,6.5,1581,7.366445148327599,121.0,43.0,2.813953488372093,53344,59375.0,2.0,1.0,-0.05854564312583772,-0.039122233280520426,-0.04014943955400739,-0.04014943955400739,-0.05854564312583772,-0.05854564312583772,-5.856853485107422,5.856853485107422,-5.898704528808594,-3.955604076385498,-4.0583648681640625,-4.0583648681640625,-5.898704528808594,-5.898704528808594,-5.898704528808594,946.0,946.0,100.03910064697266,-9.323867797851562,-0.7294692993164062,8.594398498535156,0.08591039346568972,0.9391106367111206,3.0620908737182617,0.00023607283947058022,-0.0040159826166927814,100.31246185302734
train,1-7-3-6-2-10-3_png.rf.9075ab47dedcce54d97793347599d2cc.jpg,/mnt/tf_data/TechFin/home/group_6/Data/white_balance_copy_layers.v10-argmented-10x.coco-segmentation/train/1-7-3-6-2-10-3_png.rf.9075ab47dedcce54d97793347599d2cc.jpg,140,182,2,2-10-3_png,largest_inner_median,largest_inner_median,1.7,3.6,6.12,5.3,5591,8.629092283913646,87.0,112.0,0.7767857142857143,124751,138609.0,0.0,1.0,-0.1291564713035697,-0.1266690340327093,-0.12848830968118355,-0.12848830968118355,-0.1291564713035697,-0.1291564713035697,-9.61993408203125,9.61993408203125,-9.574783325195312,-9.389512062072754,-9.525016784667969,-9.525016784667969,-9.574783325195312,-9.574783325195312,-9.574783325195312,4797.0,4797.0,74.4827880859375,-10.118049621582031,-8.242408752441406,1.875640869140625,0.025182205410685343,0.7910383343696594,1.3581455945968628,-0.0020697193685919046,0.000943947525229305,74.63426971435547
train,1-7-3-6-3-10-4_png.rf.08cb4db887b5899365c23a3f41fe1a79.jpg,/mnt/tf_data/TechFin/home/group_6/Data/white_balance_copy_layers.v10-argmented-10x.coco-segmentation/train/1-7-3-6-3-10-4_png.rf.08cb4db887b5899365c23a3f41fe1a79.jpg,143,185,3,3-10-4_png,largest_inner_median,largest_inner_median,1.7,3.6,6.12,5.3,621,6.432940092739179,23.0,52.0,0.4423076923076923,16353,17751.0,0.0,1.0,-0.22461080972163502,-0.2286082947465026,-0.19643242105136108,-0.19643242105136108,-0.22461080972163502,-0.22461080972163502,-15.33369255065918,15.33369255065918,-15.287199020385742,-15.560098648071289,-13.363521575927734,-13.363521575927734,-15.287199020385742,-15.287199020385742,-15.287199020385742,346.0,346.0,68.26782989501953,-15.981056213378906,-5.190608978271484,10.790447235107422,0.15806049865215704,0.5887989401817322,4.328507423400879,0.0005128976190462708,-0.006104521453380585,68.89541625976562
train,1-1-4-5-3-10-4_png.rf.1930ecac4fb716eb7b49390bec245c45.jpg,/mnt/tf_data/TechFin/home/group_6/Data/white_balance_copy_layers.v10-argmented-10x.coco-segmentation/train/1-1-4-5-3-10-4_png.rf.1930ecac4fb716eb7b49390bec245c45.jpg,144,186,3,3-10-4_png,largest_inner_median,largest_inner_median,1.1,4.5,4.95,5.6,661,6.495265555937008,25.0,55.0,0.45454545454545453,18275,20280.0,0.0,1.0,-0.14265329091779055,-0.1473416869028956,-0.12414440681483621,-0.12414440681483621,-0.14265329091779055,-0.14265329091779055,-16.047401428222656,16.047401428222656,-16.02263641357422,-16.550045013427734,-13.940528869628906,-13.940528869628906,-16.02263641357422,-16.02263641357422,-16.02263641357422,364.0,364.0,112.4923324584961,-16.7598876953125,-4.012580871582031,12.747306823730469,0.11331711722159883,0.6051018238067627,5.025911331176758,0.0024164714850485325,-0.005271632224321365,112.97357177734375
train,1-4-3-9_png.rf.58823c52e105c9e3c4eb6878f0a6f6eb.jpg,/mnt/tf_data/TechFin/home/group_6/Data/white_balance_copy_layers.v10-argmented-10x.coco-segmentation/train/1-4-3-9_png.rf.58823c52e105c9e3c4eb6878f0a6f6eb.jpg,146,190,2,png,largest_inner_median,largest_inner_median,1.4,3.9,5.46,5.3,504,6.22455842927536,46.0,23.0,2.0,14220,15802.0,0.0,1.0,-0.12028231292981886,-0.11882255644450762,-0.11162933975025542,-0.11162933975025542,-0.12028231292981886,-0.12028231292981886,-14.771553039550781,14.771553039550781,-14.785743713378906,-14.606474876403809,-13.723094940185547,-13.723094940185547,-14.785743713378906,-14.785743713378906,-14.785743713378906,251.0,251.0,122.80735778808594,-15.612973022460938,-3.3168449401855478,12.296128082275391,0.10012533698097599,0.44679367542266846,4.444741725921631,-0.00466720899567008,-0.0018603282514959574,123.33724975585938
train,2-0-4-5_png.rf.05e9562d7516169466b54cc97afc22ee.jpg,/mnt/tf_data/TechFin/home/group_6/Data/white_balance_copy_layers.v10-argmented-10x.coco-segmentation/train/2-0-4-5_png.rf.05e9562d7516169466b54cc97afc22ee.jpg,150,196,1,png,largest_inner_median,largest_inner_median,2.0,4.5,9.0,6.5,1617,7.388946097618437,122.0,44.0,2.772727272727273,55572,61748.0,0.0,1.0,-0.07403413790887153,-0.04851530918020772,-0.053693710387864,-0.053693710387864,-0.07403413790887153,-0.07403413790887153,-6.7668609619140625,6.7668609619140625,-6.914581298828125,-4.582111835479736,-5.055427551269531,-5.055427551269531,-6.914581298828125,-6.914581298828125,-6.914581298828125,975.0,975.0,91.40190124511719,-10.175282287597657,-0.6439102172851561,9.5313720703125,0.10427980097210154,0.8505382537841797,3.376222848892212,9.222538938047364e-05,0.002158642513677478,91.17704010009766
train,1-7-4-5_png.rf.f44b493bee147f1060adc3a973975741.jpg,/mnt/tf_data/TechFin/home/group_6/Data/white_balance_copy_layers.v10-argmented-10x.coco-segmentation/train/1-7-4-5_png.rf.f44b493bee147f1060adc3a973975741.jpg,151,197,1,png,largest_inner_median,largest_inner_median,1.7,4.5,7.6499999999999995,6.2,749,6.620073206530356,21.0,58.0,0.3620689655172414,14606,16230.0,0.0,1.0,-0.01794180447831897,-0.016589422322306046,-0.017544136258546207,-0.017544136258546207,-0.01794180447831897,-0.01794180447831897,-1.9360618591308594,1.9360618591308594,-1.9198799133300781,-1.7739472389221191,-1.8769683837890625,-1.8769683837890625,-1.9198799133300781,-1.9198799133300781,-1.9198799133300781,458.0,458.0,107.90786743164062,-2.438215637207031,-1.223724365234375,1.2144912719726562,0.01125489087014006,0.6218981742858887,0.7310479283332825,0.00796718243509531,-0.0017718159360811114,107.78495025634766
train,2-0-3-6_png.rf.11290563b14f67f8de3c77186637300c.jpg,/mnt/tf_data/TechFin/home/group_6/Data/white_balance_copy_layers.v10-argmented-10x.coco-segmentation/train/2-0-3-6_png.rf.11290563b14f67f8de3c77186637300c.jpg,153,199,1,png,largest_inner_median,largest_inner_median,2.0,3.6,7.2,5.6,1608,7.3833681469923835,44.0,121.0,0.36363636363636365,56926,63292.0,2.0,1.0,-0.08771157188273357,-0.046639366626538836,-0.066495697046627,-0.066495697046627,-0.08771157188273357,-0.08771157188273357,-8.580543518066406,8.580543518066406,-8.561370849609375,-4.543407917022705,-6.485889434814453,-6.485889434814453,-8.561370849609375,-8.561370849609375,-8.561370849609375,969.0,969.0,97.82681274414062,-11.856858825683593,-1.1147109985351566,10.742147827148436,0.10980780755112397,0.898794949054718,3.7617664337158203,-0.003318898845463991,-0.00044672569492831826,98.22098541259766
train,1-7-3-3_png.rf.cdb4dbeb5b921004ac0736b012dd654c.jpg,/mnt/tf_data/TechFin/home/group_6/Data/white_balance_copy_layers.v10-argmented-10x.coco-segmentation/train/1-7-3-3_png.rf.cdb4dbeb5b921004ac0736b012dd654c.jpg,156,204,1,png,largest_inner_median,largest_inner_median,1.7,3.3,5.609999999999999,5.0,735,6.601230118728877,20.0,58.0,0.3448275862068966,14276,15864.0,0.0,1.0,-0.03746710052152958,-0.03777349401520266,-0.03528922203060728,-0.03528922203060728,-0.03746710052152958,-0.03746710052152958,-4.662208557128906,4.662208557128906,-4.707603454589844,-4.745729446411133,-4.4365997314453125,-4.4365997314453125,-4.707603454589844,-4.707603454589844,-4.707603454589844,450.0,450.0,124.43473052978516,-6.037632751464844,-2.508880615234375,3.5287521362304686,0.028358257547604956,0.687626302242279,1.5788432359695435,-0.006299027241766453,-0.00013911000860389322,124.70366668701172
train,1-4-4-2_png.rf.743441c045a526e220ce457bff62b00f.jpg,/mnt/tf_data/TechFin/home/group_6/Data/white_balance_copy_layers.v10-argmented-10x.coco-segmentation/train/1-4-4-2_png.rf.743441c045a526e220ce457bff62b00f.jpg,159,207,1,png,largest_inner_median,largest_inner_median,1.4,4.2,5.88,5.6,1589,7.371489295214277,121.0,43.0,2.813953488372093,58959,65508.0,1.0,1.0,-0.09737911299982735,-0.04495862958005155,-0.05959487494047234,-0.05959487494047234,-0.09737911299982735,-0.09737911299982735,-12.457244873046875,12.457244873046875,-12.447349548339844,-5.741447448730469,-7.613792419433594,-7.613792419433594,-12.447349548339844,-12.447349548339844,-12.447349548339844,955.0,955.0,127.92522430419922,-17.42290496826172,-1.861122131347656,15.561782836914062,0.12164749306914632,0.8181547522544861,5.576417922973633,-0.001585032674483955,0.0022251582704484463,128.12179565429688
train,1-4-4-2-3-10-4_png.rf.06a95ae0cbf1268d1fbae002c8285626.jpg,/mnt/tf_data/TechFin/home/group_6/Data/white_balance_copy_layers.v10-argmented-10x.coco-segmentation/train/1-4-4-2-3-10-4_png.rf.06a95ae0cbf1268d1fbae002c8285626.jpg,160,208,3,3-10-4_png,largest_inner_median,largest_inner_median,1.4,4.2,5.88,5.6,629,6.4457198193855785,22.0,53.0,0.41509433962264153,15652,17392.0,0.0,1.0,-0.16546026255783824,-0.17114491367038015,-0.15141798838337878,-0.15141798838337878,-0.16546026255783824,-0.16546026255783824,-14.512470245361328,14.512470245361328,-14.48138427734375,-14.97998332977295,-13.249740600585938,-13.249740600585938,-14.48138427734375,-14.48138427734375,-14.48138427734375,356.0,356.0,87.70970153808594,-15.171231079101563,-4.671556091308593,10.49967498779297,0.11970939136343686,0.5071404576301575,4.219659328460693,0.0022552451118826866,-0.0036637396551668644,88.0055923461914
train,2-0-3-3_png.rf.3fb0eed2f19ac7911828d9d3850a573c.jpg,/mnt/tf_data/TechFin/home/group_6/Data/white_balance_copy_layers.v10-argmented-10x.coco-segmentation/train/2-0-3-3_png.rf.3fb0eed2f19ac7911828d9d3850a573c.jpg,162,210,1,png,largest_inner_median,largest_inner_median,2.0,3.3,6.6,5.3,726,6.588926477533519,22.0,55.0,0.4,14731,16369.0,0.0,1.0,-0.03249347461064698,-0.03365943706360655,-0.030392479218423363,-0.030392479218423363,-0.03249347461064698,-0.03249347461064698,-3.2782363891601562,3.2782363891601562,-3.2954177856445312,-3.413050651550293,-3.0834503173828125,-3.0834503173828125,-3.2954177856445312,-3.2954177856445312,-3.2954177856445312,449.0,449.0,100.88906860351562,-3.5499496459960938,-1.8906364440917969,1.6593132019042969,0.01644690772620014,0.7006651163101196,0.7805685997009277,0.004168287850916386,0.00010819143790286034,100.692626953125
train,1-4-4-2_png.rf.bc9f3aafc1da978fe26f5f30ea2a7afe.jpg,/mnt/tf_data/TechFin/home/group_6/Data/white_balance_copy_layers.v10-argmented-10x.coco-segmentation/train/1-4-4-2_png.rf.bc9f3aafc1da978fe26f5f30ea2a7afe.jpg,164,212,1,png,largest_inner_median,largest_inner_median,1.4,4.2,5.88,5.6,2504,7.826044013518965,88.0,38.0,2.3157894736842106,42004,46681.0,2.0,1.0,-0.04701339868617376,-0.04876309884039723,-0.04557100312150205,-0.04557100312150205,-0.04701339868617376,-0.04701339868617376,-6.005062103271484,6.005062103271484,-6.018402099609375,-6.2418928146362305,-5.834163665771484,-5.834163665771484,-6.018402099609375,-6.018402099609375,-6.018402099609375,2012.0,2012.0,127.73086547851562,-6.514109802246094,-3.04549560546875,3.468614196777344,0.027155646239324715,0.8070541024208069,1.4367403984069824,0.0022517526522278786,-0.005038167349994183,127.71546936035156
train,1-7-3-9_png.rf.4f501c180f813efc5c93e5a916945bba.jpg,/mnt/tf_data/TechFin/home/group_6/Data/white_balance_copy_layers.v10-argmented-10x.coco-segmentation/train/1-7-3-9_png.rf.4f501c180f813efc5c93e5a916945bba.jpg,169,219,1,png,largest_inner_median,largest_inner_median,1.7,3.9,6.63,5.6,1601,7.379008127628304,44.0,121.0,0.36363636363636365,54399,60449.0,2.0,1.0,-0.06567640859345929,-0.029081219853368322,-0.04034670507843648,-0.04034670507843648,-0.06567640859345929,-0.06567640859345929,-7.823360443115234,7.823360443115234,-7.885677337646484,-3.526465892791748,-4.868408203125,-4.868408203125,-7.885677337646484,-7.885677337646484,-7.885677337646484,958.0,958.0,119.11979675292969,-11.725685119628906,-0.681304931640625,11.044380187988281,0.09271658019108105,0.9120307564735413,4.062224388122559,-0.003367396304383874,-0.00022032902052160352,119.45915985107422
train,2-0-3-3_png.rf.bf31d533561ed1cc0686eb1f2f0a3dc7.jpg,/mnt/tf_data/TechFin/home/group_6/Data/white_balance_copy_layers.v10-argmented-10x.coco-segmentation/train/2-0-3-3_png.rf.bf31d533561ed1cc0686eb1f2f0a3dc7.jpg,172,222,1,png,largest_inner_median,largest_inner_median,2.0,3.3,6.6,5.3,1655,7.412160334945205,121.0,44.0,2.75,55101,61225.0,0.0,1.0,-0.07313364300408344,-0.05323897348613562,-0.05290377684815132,-0.05290377684815132,-0.07313364300408344,-0.07313364300408344,-7.20684814453125,7.20684814453125,-7.2336273193359375,-5.273136138916016,-5.240104675292969,-5.240104675292969,-7.2336273193359375,-7.2336273193359375,-7.2336273193359375,1015.0,1015.0,98.54354095458984,-11.884992980957032,-1.090937805175781,10.794055175781251,0.10953589724115245,0.8242526650428772,3.846468210220337,0.0009043212630786002,-0.003490437287837267,98.6312026977539
train,1-7-3-9-3-10-4_png.rf.98de1b2c201c2af89097598d49677e50.jpg,/mnt/tf_data/TechFin/home/group_6/Data/white_balance_copy_layers.v10-argmented-10x.coco-segmentation/train/1-7-3-9-3-10-4_png.rf.98de1b2c201c2af89097598d49677e50.jpg,176,228,3,3-10-4_png,largest_inner_median,largest_inner_median,1.7,3.9,6.63,5.6,643,6.467698726104354,24.0,53.0,0.4528301886792453,17063,18959.0,0.0,1.0,-0.18257593538615938,-0.19122786049555293,-0.16766871361345873,-0.16766871361345873,-0.18257593538615938,-0.18257593538615938,-11.593536376953125,11.593536376953125,-11.5810546875,-12.130450248718262,-10.634449005126953,-10.634449005126953,-11.5810546875,-11.5810546875,-11.5810546875,359.0,359.0,63.49980545043945,-12.23553466796875,-3.7651847839355446,8.470349884033205,0.1333917454384041,0.4354349374771118,3.2083942890167236,0.00332675501704216,-0.0014513316564261913,63.49481201171875
train,1-4-3-6-3-10-4_png.rf.6eeeb2f2d66d855f1234509223102911.jpg,/mnt/tf_data/TechFin/home/group_6/Data/white_balance_copy_layers.v10-argmented-10x.coco-segmentation/train/1-4-3-6-3-10-4_png.rf.6eeeb2f2d66d855f1234509223102911.jpg,177,229,3,3-10-4_png,largest_inner_median,largest_inner_median,1.4,3.6,5.04,5.0,631,6.448889394146858,22.0,52.0,0.4230769230769231,15439,17155.0,0.0,1.0,-0.18905445900826054,-0.19887903626292577,-0.16960019751586075,-0.16960019751586075,-0.18905445900826054,-0.18905445900826054,-17.432666778564453,17.432666778564453,-17.47249984741211,-18.378421783447266,-15.678627014160156,-15.678627014160156,-17.47249984741211,-17.47249984741211,-17.47249984741211,364.0,364.0,92.20976257324219,-18.54753875732422,-5.1903076171875,13.357231140136719,0.14485701695118317,0.5556869506835938,5.314694404602051,0.004338759463280439,-0.0027591614052653313,92.31015014648438
train,2-0-3-3_png.rf.3aad797b5db85839f752c4254fba3ff4.jpg,/mnt/tf_data/TechFin/home/group_6/Data/white_balance_copy_layers.v10-argmented-10x.coco-segmentation/train/2-0-3-3_png.rf.3aad797b5db85839f752c4254fba3ff4.jpg,182,234,1,png,largest_inner_median,largest_inner_median,2.0,3.3,6.6,5.3,726,6.588926477533519,55.0,22.0,2.5,14717,16353.0,0.0,1.0,-0.031402832142460695,-0.03196537569806168,-0.030289177431302383,-0.030289177431302383,-0.031402832142460695,-0.031402832142460695,-3.1683807373046875,3.1683807373046875,-3.1987380981445312,-3.25549578666687,-3.086376190185547,-3.086376190185547,-3.1987380981445312,-3.1987380981445312,-3.1987380981445312,449.0,449.0,100.89474487304688,-3.6406021118164062,-1.9450874328613281,1.6955146789550781,0.01680478682104304,0.7549290060997009,0.7700847387313843,0.0004086981061846018,-0.006944138091057539,101.15982818603516
train,1-4-4-2_png.rf.98c06a1240ab45d9419160fc8a8367b3.jpg,/mnt/tf_data/TechFin/home/group_6/Data/white_balance_copy_layers.v10-argmented-10x.coco-segmentation/train/1-4-4-2_png.rf.98c06a1240ab45d9419160fc8a8367b3.jpg,186,238,1,png,largest_inner_median,largest_inner_median,1.4,4.2,5.88,5.6,2508,7.827639546366422,38.0,88.0,0.4318181818181818,42024,46712.0,1.0,1.0,-0.04473893334564882,-0.044938015664841666,-0.043600368436903986,-0.043600368436903986,-0.04473893334564882,-0.04473893334564882,-5.713108062744141,5.713108062744141,-5.736488342285156,-5.761910915374756,-5.591094970703125,-5.591094970703125,-5.736488342285156,-5.736488342285156,-5.736488342285156,2016.0,2016.0,127.69879913330078,-6.2413993835449215,-3.342127227783202,2.8992721557617194,0.022703989195194074,0.7987067699432373,1.3577218055725098,-0.0055226972326636314,-0.0018961196765303612,128.45401000976562
train,1-4-4-8_png.rf.90c9bcc2803ff9f45b309913263c3099.jpg,/mnt/tf_data/TechFin/home/group_6/Data/white_balance_copy_layers.v10-argmented-10x.coco-segmentation/train/1-4-4-8_png.rf.90c9bcc2803ff9f45b309913263c3099.jpg,188,240,1,png,largest_inner_median,largest_inner_median,1.4,4.8,6.72,6.199999999999999,2279,7.731930721948486,35.0,85.0,0.4117647058823529,37548,41720.0,0.0,1.0,-0.06729752239737956,-0.06665526007876091,-0.06655774846960852,-0.06655774846960852,-0.06729752239737956,-0.06729752239737956,-7.500587463378906,7.500587463378906,-7.4649200439453125,-7.393337249755859,-7.382469177246094,-7.382469177246094,-7.4649200439453125,-7.4649200439453125,-7.4649200439453125,1810.0,1810.0,111.45413970947266,-7.983784484863281,-5.982160949707029,2.001623535156252,0.01795916724469707,0.6620896458625793,0.9402438998222351,-0.0008236302528530359,-0.0025154000613838434,111.93754577636719
train,1-1-4-8-3-10-4_png.rf.b5a344e40f4851da8468d465ee9d800d.jpg,/mnt/tf_data/TechFin/home/group_6/Data/white_balance_copy_layers.v10-argmented-10x.coco-segmentation/train/1-1-4-8-3-10-4_png.rf.b5a344e40f4851da8468d465ee9d800d.jpg,190,244,3,3-10-4_png,largest_inner_median,largest_inner_median,1.1,4.8,5.28,5.9,712,6.569481420414296,24.0,55.0,0.43636363636363634,18172,19758.0,0.0,1.0,-0.14543817672166384,-0.14735568664910798,-0.13145536366487878,-0.13145536366487878,-0.14543817672166384,-0.14543817672166384,-15.600505828857422,15.600505828857422,-15.605060577392578,-15.81074333190918,-14.105186462402344,-14.105186462402344,-15.605060577392578,-15.605060577392578,-15.605060577392578,424.0,424.0,107.26554870605469,-15.942008209228515,-1.3678627014160156,14.5741455078125,0.13586977071035902,0.6161640286445618,6.024144172668457,0.0039590331725776196,-0.0050342632457613945,107.6440200805664
train,1-4-4-5-2-10-3_png.rf.e0bc8357f7b89a69e5a629a720e8fce2.jpg,/mnt/tf_data/TechFin/home/group_6/Data/white_balance_copy_layers.v10-argmented-10x.coco-segmentation/train/1-4-4-5-2-10-3_png.rf.e0bc8357f7b89a69e5a629a720e8fce2.jpg,192,246,2,2-10-3_png,largest_inner_median,largest_inner_median,1.4,4.5,6.3,5.9,5660,8.64135583403666,114.0,88.0,1.2954545454545454,127811,141947.0,0.0,1.0716363830566407,-0.10302458470360748,-0.103694492754093,-0.10192371901991834,-0.10192371901991834,-0.10302458470360748,-0.10302458470360748,-9.69894027709961,9.69894027709961,-9.72708511352539,-9.790151596069336,-9.62344741821289,-9.62344741821289,-9.72708511352539,-9.72708511352539,-9.72708511352539,4862.0,4862.0,94.14199829101562,-10.248074340820313,-8.268228149414059,1.9798461914062546,0.021030424543210486,0.9092264771461487,1.4909117221832275,-0.000521903217304498,-0.0020447056740522385,94.61912536621094
train,1-4-3-3_png.rf.7903ee3962f74dae78e00a16efa800cb.jpg,/mnt/tf_data/TechFin/home/group_6/Data/white_balance_copy_layers.v10-argmented-10x.coco-segmentation/train/1-4-3-3_png.rf.7903ee3962f74dae78e00a16efa800cb.jpg,193,247,1,png,largest_inner_median,largest_inner_median,1.4,3.3,4.619999999999999,4.699999999999999,1601,7.379008127628304,43.0,121.0,0.35537190082644626,50946,56608.0,0.0,1.0,-0.060392083248412776,-0.03570629933262989,-0.04082614121210331,-0.04082614121210331,-0.060392083248412776,-0.060392083248412776,-9.391014099121094,9.391014099121094,-9.408760070800781,-5.570102214813232,-6.366241455078125,-6.366241455078125,-9.408760070800781,-9.408760070800781,-9.408760070800781,966.0,966.0,155.50074768066406,-14.266555786132812,-0.5806732177734375,13.685882568359375,0.0880116833680097,0.9524164795875549,4.804398059844971,0.0031500544864684343,0.00039972507511265576,155.12620544433594
train,1-7-4-2_png.rf.98c6303a9e891a3e28d9ef5e79db4510.jpg,/mnt/tf_data/TechFin/home/group_6/Data/white_balance_copy_layers.v10-argmented-10x.coco-segmentation/train/1-7-4-2_png.rf.98c6303a9e891a3e28d9ef5e79db4510.jpg,194,248,1,png,largest_inner_median,largest_inner_median,1.7,4.2,7.14,5.9,1634,7.399398083331354,44.0,120.0,0.36666666666666664,51534,57260.0,0.0,1.2247410301208494,-0.06050792856222814,-0.02659672087060915,-0.04138558710102156,-0.04138558710102156,-0.06050792856222814,-0.06050792856222814,-6.935009002685547,6.935009002685547,-7.027873992919922,-3.1412010192871094,-4.836200714111328,-4.836200714111328,-7.027873992919922,-7.027873992919922,-7.027873992919922,1000.0,1000.0,114.61322784423828,-10.382686614990234,-0.8073364257812499,9.575350189208985,0.08354489590173729,1.0424776077270508,3.641195774078369,0.004265151917934418,-0.0008634821861051023,114.41017150878906
train,1-7-4-2_png.rf.8e4d6b9abbe9c14d54dfeff2216c9185.jpg,/mnt/tf_data/TechFin/home/group_6/Data/white_balance_copy_layers.v10-argmented-10x.coco-segmentation/train/1-7-4-2_png.rf.8e4d6b9abbe9c14d54dfeff2216c9185.jpg,200,258,1,png,largest_inner_median,largest_inner_median,1.7,4.2,7.14,5.9,860,6.7580945044277305,60.0,22.0,2.727272727272727,16272,18082.0,0.0,1.0,-0.02812371558755585,-0.02854559551777864,-0.026268766522632634,-0.026268766522632634,-0.02812371558755585,-0.02812371558755585,-3.281055450439453,3.281055450439453,-3.315570831298828,-3.3647894859313965,-3.099163055419922,-3.099163055419922,-3.315570831298828,-3.315570831298828,-3.315570831298828,554.0,554.0,116.66507720947266,-3.985157775878906,-1.5612510681152343,2.423906707763672,0.02077662626847224,0.5715979933738708,1.5248850584030151,-2.3941349354572594e-05,0.009954041801393032,116.22972106933594
train,1-7-3-3_png.rf.466f13cec7d862b2d18b3e29c54781cf.jpg,/mnt/tf_data/TechFin/home/group_6/Data/white_balance_copy_layers.v10-argmented-10x.coco-segmentation/train/1-7-3-3_png.rf.466f13cec7d862b2d18b3e29c54781cf.jpg,201,259,1,png,largest_inner_median,largest_inner_median,1.7,3.3,5.609999999999999,5.0,1628,7.395721608602045,43.0,122.0,0.3524590163934426,52947,58831.0,0.0,1.0,-0.07433500535844258,-0.04322058362004943,-0.05102522438825631,-0.05102522438825631,-0.07433500535844258,-0.07433500535844258,-9.183631896972656,9.183631896972656,-9.285453796386719,-5.441458702087402,-6.405673980712891,-6.405673980712891,-9.285453796386719,-9.285453796386719,-9.285453796386719,989.0,989.0,123.54383850097656,-13.889105224609375,-0.9529006958007817,12.936204528808593,0.10470942691898259,0.8375620245933533,4.619774341583252,0.003361825831234455,0.0006181466742418706,123.09703063964844
train,1-1-3-9-3-10_png.rf.e7139b506e18616f1b606e2b99c7d54f.jpg,/mnt/tf_data/TechFin/home/group_6/Data/white_balance_copy_layers.v10-argmented-10x.coco-segmentation/train/1-1-3-9-3-10_png.rf.e7139b506e18616f1b606e2b99c7d54f.jpg,203,261,3,3-10_png,largest_inner_median,largest_inner_median,1.1,3.9,4.29,5.0,1003,6.911747300251674,40.0,39.0,1.0256410256410255,19549,21721.0,0.0,1.0,-0.1623027393702411,-0.16387679892955734,-0.16060169314739983,-0.16060169314739983,-0.1623027393702411,-0.1623027393702411,-20.348304748535156,20.348304748535156,-20.275611877441406,-20.47295570373535,-20.062347412109375,-20.062347412109375,-20.275611877441406,-20.275611877441406,-20.275611877441406,703.0,703.0,125.37252807617188,-20.657435607910156,-15.495860290527341,5.161575317382814,0.04116990696914738,0.7360351085662842,3.2434616088867188,0.0011928544845432043,-0.006614681798964739,125.79618835449219
train,1-7-3-9_png.rf.83f69e5f023dbbfc91ad04e13b87606f.jpg,/mnt/tf_data/TechFin/home/group_6/Data/white_balance_copy_layers.v10-argmented-10x.coco-segmentation/train/1-7-3-9_png.rf.83f69e5f023dbbfc91ad04e13b87606f.jpg,209,270,1,png,largest_inner_median,largest_inner_median,1.7,3.9,6.63,5.6,994,6.902742737158593,26.0,69.0,0.37681159420289856,22757,25287.0,0.0,1.0,-0.024328154537824713,-0.027314100771853915,-0.02185658978683876,-0.02185658978683876,-0.024328154537824713,-0.024328154537824713,-2.9156723022460938,2.9156723022460938,-2.9512176513671875,-3.3090763092041016,-2.6550064086914062,-2.6550064086914062,-2.9512176513671875,-2.9512176513671875,-2.9512176513671875,645.0,645.0,119.84765625,-3.7251464843749997,-0.7377510070800778,2.987395477294922,0.02492660741786448,0.5383873581886292,2.0168797969818115,0.008714215829968452,0.0010246200254186988,119.24363708496094
train,1-4-4-5_png.rf.c1901297b12676b9b834525cfa032570.jpg,/mnt/tf_data/TechFin/home/group_6/Data/white_balance_copy_layers.v10-argmented-10x.coco-segmentation/train/1-4-4-5_png.rf.c1901297b12676b9b834525cfa032570.jpg,211,272,1,png,largest_inner_median,largest_inner_median,1.4,4.5,6.3,5.9,2517,7.831220214604293,88.0,38.0,2.3157894736842106,41908,46587.0,1.0,1.0,-0.051282751128424654,-0.0520163617009703,-0.04963870357047278,-0.04963870357047278,-0.051282751128424654,-0.051282751128424654,-6.106658935546875,6.106658935546875,-6.146675109863281,-6.234032154083252,-5.950904846191406,-5.950904846191406,-6.146675109863281,-6.146675109863281,-6.146675109863281,2027.0,2027.0,119.0782241821289,-6.8598876953125,-3.173284912109375,3.6866027832031247,0.030959504212663636,0.8386687636375427,1.4378507137298584,0.0032711864914745092,-0.005171784199774265,118.8952407836914
train,1-1-4-8-3-10-4_png.rf.218028661a791a9ed7d637e58015e133.jpg,/mnt/tf_data/TechFin/home/group_6/Data/white_balance_copy_layers.v10-argmented-10x.coco-segmentation/train/1-1-4-8-3-10-4_png.rf.218028661a791a9ed7d637e58015e133.jpg,212,273,3,3-10-4_png,largest_inner_median,largest_inner_median,1.1,4.8,5.28,5.9,711,6.568077911411976,55.0,24.0,2.2916666666666665,17949,19682.0,0.0,1.0,-0.1470466178681792,-0.14944829616208066,-0.13055689088827596,-0.13055689088827596,-0.1470466178681792,-0.1470466178681792,-15.771438598632812,15.771438598632812,-15.779197692871094,-16.036788940429688,-14.010597229003906,-14.010597229003906,-15.779197692871094,-15.779197692871094,-15.779197692871094,423.0,423.0,107.25468444824219,-16.30756378173828,-1.1847686767578125,15.122795104980469,0.14099892403560485,0.6372988820075989,6.126209259033203,-0.005433018784970045,-0.003057616762816906,108.01876831054688
train,2-0-4-5_png.rf.a2eda386449850c8fb6cb810ba667372.jpg,/mnt/tf_data/TechFin/home/group_6/Data/white_balance_copy_layers.v10-argmented-10x.coco-segmentation/train/2-0-4-5_png.rf.a2eda386449850c8fb6cb810ba667372.jpg,215,278,1,png,largest_inner_median,largest_inner_median,2.0,4.5,9.0,6.5,743,6.612041034833092,19.0,61.0,0.3114754098360656,13873,15415.0,0.0,1.0,-0.03369108745058846,-0.03732025716407204,-0.030668349096012324,-0.030668349096012324,-0.03369108745058846,-0.03369108745058846,-3.097576141357422,3.097576141357422,-3.146800994873047,-3.48046875,-2.8688888549804688,-2.8688888549804688,-3.146800994873047,-3.146800994873047,-3.146800994873047,448.0,448.0,91.94052124023438,-3.6182510375976564,-1.0789947509765618,2.539256286621095,0.02761846737834115,0.6608848571777344,1.0877389907836914,0.012631089426577091,-0.00011299957986921072,91.48503875732422
train,1-4-3-3_png.rf.284df7d4d538ef82632c4e44512f5814.jpg,/mnt/tf_data/TechFin/home/group_6/Data/white_balance_copy_layers.v10-argmented-10x.coco-segmentation/train/1-4-3-3_png.rf.284df7d4d538ef82632c4e44512f5814.jpg,218,281,1,png,largest_inner_median,largest_inner_median,1.4,3.3,4.619999999999999,4.699999999999999,1601,7.379008127628304,43.0,121.0,0.35537190082644626,52735,58818.0,2.0,1.0,-0.059995620682493304,-0.03697750689218126,-0.040542992244158124,-0.040542992244158124,-0.059995620682493304,-0.059995620682493304,-9.339988708496094,9.339988708496094,-9.391014099121094,-5.80760383605957,-6.3626708984375,-6.3626708984375,-9.391014099121094,-9.391014099121094,-9.391014099121094,966.0,966.0,155.67784118652344,-14.126022338867188,-1.14556884765625,12.980453491210938,0.083380225421154,0.9770509600639343,4.582306385040283,-0.0033131020609289408,0.00025382344028912485,155.8827362060547
train,1-7-4-2-3-10_png.rf.7679f0ec5ca9b83fc0d351112c117ff9.jpg,/mnt/tf_data/TechFin/home/group_6/Data/white_balance_copy_layers.v10-argmented-10x.coco-segmentation/train/1-7-4-2-3-10_png.rf.7679f0ec5ca9b83fc0d351112c117ff9.jpg,219,282,3,3-10_png,largest_inner_median,largest_inner_median,1.7,4.2,7.14,5.9,987,6.895682697747868,40.0,42.0,0.9523809523809523,21637,24043.0,0.0,1.0,-0.21033616771258232,-0.21138054678985999,-0.2058250282440644,-0.2058250282440644,-0.21033616771258232,-0.21033616771258232,-13.489730834960938,13.489730834960938,-13.566513061523438,-13.633493423461914,-13.27719497680664,-13.27719497680664,-13.566513061523438,-13.566513061523438,-13.566513061523438,675.0,675.0,64.13414764404297,-13.864518737792968,-11.110698699951172,2.7538200378417965,0.04293843668315411,0.5722237229347229,1.7360292673110962,0.0012236757902428508,-0.001376380561850965,64.15171813964844
train,1-7-3-3_png.rf.6bfa0070cec384ecedee0d2f7e2bd1d1.jpg,/mnt/tf_data/TechFin/home/group_6/Data/white_balance_copy_layers.v10-argmented-10x.coco-segmentation/train/1-7-3-3_png.rf.6bfa0070cec384ecedee0d2f7e2bd1d1.jpg,220,283,1,png,largest_inner_median,largest_inner_median,1.7,3.3,5.609999999999999,5.0,1627,7.395107546562485,122.0,43.0,2.8372093023255816,52812,58682.0,0.0,1.0,-0.07352053963169558,-0.04177355660456636,-0.05099844792969925,-0.05099844792969925,-0.07352053963169558,-0.07352053963169558,-9.084495544433594,9.084495544433594,-9.153656005859375,-5.230870246887207,-6.370735168457031,-6.370735168457031,-9.153656005859375,-9.153656005859375,-9.153656005859375,988.0,988.0,123.56404876708984,-13.595719909667968,-1.0146697998046863,12.581050109863282,0.10181804687848761,0.8325380086898804,4.508050441741943,0.0005046454607509077,-0.002999006537720561,123.69202423095703
train,1-7-3-9_png.rf.84226b34cefbfc11b42e60b54b433595.jpg,/mnt/tf_data/TechFin/home/group_6/Data/white_balance_copy_layers.v10-argmented-10x.coco-segmentation/train/1-7-3-9_png.rf.84226b34cefbfc11b42e60b54b433595.jpg,225,288,1,png,largest_inner_median,largest_inner_median,1.7,3.9,6.63,5.6,1601,7.379008127628304,44.0,121.0,0.36363636363636365,53735,59763.0,2.0,1.0,-0.06754737406817253,-0.03626146418019201,-0.0407003979533826,-0.0407003979533826,-0.06754737406817253,-0.06754737406817253,-8.045124053955078,8.045124053955078,-8.111209869384766,-4.384950637817383,-4.913642883300781,-4.913642883300781,-8.111209869384766,-8.111209869384766,-8.111209869384766,958.0,958.0,119.10343170166016,-11.721412658691406,-0.8190536499023438,10.902359008789062,0.09153690076788187,0.9104990363121033,3.9917800426483154,0.003545091487467289,0.00015406891179736704,118.7383041381836
train,1-4-4-5-3-10_png.rf.8eee5562bc8644456e1134afa96a40ba.jpg,/mnt/tf_data/TechFin/home/group_6/Data/white_balance_copy_layers.v10-argmented-10x.coco-segmentation/train/1-4-4-5-3-10_png.rf.8eee5562bc8644456e1134afa96a40ba.jpg,226,289,3,3-10_png,largest_inner_median,largest_inner_median,1.4,4.5,6.3,5.9,1168,7.063903961472068,42.0,41.0,1.024390243902439,22075,24529.0,0.0,1.0,-0.19582506191011692,-0.19727073518488644,-0.19300152721417765,-0.19300152721417765,-0.19582506191011692,-0.19582506191011692,-17.030689239501953,17.030689239501953,-16.983539581298828,-17.109268188476562,-16.737979888916016,-16.737979888916016,-16.983539581298828,-16.983539581298828,-16.983539581298828,840.0,840.0,86.9688949584961,-17.257176208496094,-9.000439453125,8.256736755371094,0.0949389636295992,0.7462714910507202,3.798638343811035,-0.005470377393066883,0.0003420614229980856,87.40514373779297
train,1-7-3-6_png.rf.a9e1b1cad8e470748921d0cb914d6ea6.jpg,/mnt/tf_data/TechFin/home/group_6/Data/white_balance_copy_layers.v10-argmented-10x.coco-segmentation/train/1-7-3-6_png.rf.a9e1b1cad8e470748921d0cb914d6ea6.jpg,229,294,1,png,largest_inner_median,largest_inner_median,1.7,3.6,6.12,5.3,1666,7.418780882750794,121.0,43.0,2.813953488372093,52833,58711.0,2.0,1.0027955657958985,-0.06699383918605517,-0.041703019489404136,-0.043550616065656765,-0.043550616065656765,-0.06699383918605517,-0.06699383918605517,-8.119384765625,8.119384765625,-8.180282592773438,-5.115136623382568,-5.339057922363281,-5.339057922363281,-8.180282592773438,-8.180282592773438,-8.180282592773438,1033.0,1033.0,121.19599151611328,-13.256793975830078,-0.5992431640625,12.657550811767578,0.10443869185297872,0.9302914142608643,4.551008701324463,0.0001558635412948206,-0.0038491771556437016,121.46883392333984
train,0-8-3-9-3-10-4_png.rf.3fba4c3b54e370caca5e32fb400505bf.jpg,/mnt/tf_data/TechFin/home/group_6/Data/white_balance_copy_layers.v10-argmented-10x.coco-segmentation/train/0-8-3-9-3-10-4_png.rf.3fba4c3b54e370caca5e32fb400505bf.jpg,231,296,3,3-10-4_png,largest_inner_median,largest_inner_median,0.8,3.9,3.12,4.7,578,6.361302477572996,52.0,22.0,2.3636363636363638,15544,17272.0,0.0,1.0,-0.1250379244713379,-0.12841942803366302,-0.11195152612745192,-0.11195152612745192,-0.1250379244713379,-0.1250379244713379,-17.966461181640625,17.966461181640625,-17.974563598632812,-18.460445404052734,-16.09420394897461,-16.09420394897461,-17.974563598632812,-17.974563598632812,-17.974563598632812,313.0,313.0,143.68809509277344,-18.9836067199707,-6.201020812988274,12.782585906982428,0.08896064700926853,0.6860803365707397,5.062943458557129,0.008025579154491425,0.0036826450377702713,142.71363830566406
train,1-7-4-8_png.rf.3cb79a6146e9ef26b22f296b57c88ec9.jpg,/mnt/tf_data/TechFin/home/group_6/Data/white_balance_copy_layers.v10-argmented-10x.coco-segmentation/train/1-7-4-8_png.rf.3cb79a6146e9ef26b22f296b57c88ec9.jpg,233,298,1,png,largest_inner_median,largest_inner_median,1.7,4.8,8.16,6.5,2520,7.83241092718792,39.0,88.0,0.4431818181818182,38409,42762.0,2.0,1.0,-0.013280803555121928,-0.014459598450732032,-0.012188506470238593,-0.012188506470238593,-0.013280803555121928,-0.013280803555121928,-1.3426017761230469,1.3426017761230469,-1.3953590393066406,-1.514527440071106,-1.2849349975585938,-1.2849349975585938,-1.3953590393066406,-1.3953590393066406,-1.3953590393066406,2030.0,2030.0,101.09341430664062,-2.0985076904296873,-0.30283889770507816,1.795668792724609,0.017762470533223006,0.943284809589386,0.7041994333267212,-0.008007685653865337,-0.0019327335758134723,102.0605239868164
train,1-7-3-3_png.rf.24490f210bca45ff1612db7528dfcc6f.jpg,/mnt/tf_data/TechFin/home/group_6/Data/white_balance_copy_layers.v10-argmented-10x.coco-segmentation/train/1-7-3-3_png.rf.24490f210bca45ff1612db7528dfcc6f.jpg,236,301,2,png,largest_inner_median,largest_inner_median,1.7,3.3,5.609999999999999,5.0,521,6.257667587882639,46.0,25.0,1.84,15728,17476.0,0.0,1.0,-0.13718238669199245,-0.14008782215370477,-0.12602833709746872,-0.12602833709746872,-0.13718238669199245,-0.13718238669199245,-20.00849151611328,20.00849151611328,-20.004722595214844,-20.428489685058594,-18.37786865234375,-18.37786865234375,-20.004722595214844,-20.004722595214844,-20.004722595214844,256.0,256.0,145.85321044921875,-20.836532592773438,-4.9630126953125,15.873519897460938,0.10883215973492452,0.4887669086456299,6.034509658813477,-0.0035179562401026487,0.0033788622822612524,146.00778198242188
train,2-0-4-2_png.rf.85fbceb130cbcb1027614fdf0daac53a.jpg,/mnt/tf_data/TechFin/home/group_6/Data/white_balance_copy_layers.v10-argmented-10x.coco-segmentation/train/2-0-4-2_png.rf.85fbceb130cbcb1027614fdf0daac53a.jpg,239,306,1,png,largest_inner_median,largest_inner_median,2.0,4.2,8.4,6.2,2488,7.819636302367592,88.0,38.0,2.3157894736842106,39289,43658.0,1.0,1.0,-0.0341701693910372,-0.037424334416317845,-0.03092569415766976,-0.03092569415766976,-0.0341701693910372,-0.0341701693910372,-3.2890586853027344,3.2890586853027344,-3.3140220642089844,-3.6272525787353516,-3.0017242431640625,-3.0017242431640625,-3.3140220642089844,-3.3140220642089844,-3.3140220642089844,1996.0,1996.0,96.25526428222656,-4.0490669250488285,-0.8667724609374976,3.182294464111331,0.03306099139451366,0.7823917269706726,1.2383352518081665,0.0023427344858646393,-0.004962194710969925,96.21814727783203
train,2-0-4-5_png.rf.73a0152c929ae8c9cb7e13e661d3ab5a.jpg,/mnt/tf_data/TechFin/home/group_6/Data/white_balance_copy_layers.v10-argmented-10x.coco-segmentation/train/2-0-4-5_png.rf.73a0152c929ae8c9cb7e13e661d3ab5a.jpg,243,312,1,png,largest_inner_median,largest_inner_median,2.0,4.5,9.0,6.5,744,6.61338421837956,61.0,19.0,3.210526315789474,13913,15459.0,0.0,1.0,-0.034650921702682344,-0.036344422726289245,-0.031113716017159513,-0.031113716017159513,-0.034650921702682344,-0.034650921702682344,-3.1853561401367188,3.1853561401367188,-3.26287841796875,-3.4185569286346436,-2.937713623046875,-2.937713623046875,-3.26287841796875,-3.26287841796875,-3.26287841796875,448.0,448.0,91.9270248413086,-3.6718475341796877,-1.3893455505371093,2.2825019836425784,0.024829499133500802,0.6410080790519714,0.997148334980011,-0.0005521505954675376,-0.011334719136357307,92.43325805664062
train,1-7-4-8_png.rf.2cc27c17e4bfaefc90459b376ee8de59.jpg,/mnt/tf_data/TechFin/home/group_6/Data/white_balance_copy_layers.v10-argmented-10x.coco-segmentation/train/1-7-4-8_png.rf.2cc27c17e4bfaefc90459b376ee8de59.jpg,246,317,1,png,largest_inner_median,largest_inner_median,1.7,4.8,8.16,6.5,1583,7.367708572374371,43.0,121.0,0.35537190082644626,53230,59181.0,2.0,1.0,-0.05397200429999314,-0.037584127192882136,-0.04108471901374625,-0.04108471901374625,-0.05397200429999314,-0.05397200429999314,-5.400947570800781,5.400947570800781,-5.438014984130859,-3.7980895042419434,-4.1483917236328125,-4.1483917236328125,-5.438014984130859,-5.438014984130859,-5.438014984130859,948.0,948.0,100.06942749023438,-9.696434020996094,-0.5142868041992195,9.182147216796874,0.0917577670532086,0.9266052842140198,3.218975305557251,-0.003707221709191799,-5.9317251725587994e-05,100.38602447509766
train,1-7-4-5_png.rf.58da89828e092c1ea7b42c76a282ae52.jpg,/mnt/tf_data/TechFin/home/group_6/Data/white_balance_copy_layers.v10-argmented-10x.coco-segmentation/train/1-7-4-5_png.rf.58da89828e092c1ea7b42c76a282ae52.jpg,248,319,1,png,largest_inner_median,largest_inner_median,1.7,4.5,7.6499999999999995,6.2,749,6.620073206530356,21.0,58.0,0.3620689655172414,14624,16250.0,0.0,1.0,-0.019217758353033805,-0.01996720890411564,-0.01895730426162838,-0.01895730426162838,-0.019217758353033805,-0.019217758353033805,-2.0741500854492188,2.0741500854492188,-2.099475860595703,-2.180363178253174,-2.0713653564453125,-2.0713653564453125,-2.099475860595703,-2.099475860595703,-2.099475860595703,458.0,458.0,107.92882537841797,-2.5672607421875,-1.1987396240234374,1.3685211181640626,0.012679848162581036,0.6504543423652649,0.76496422290802,-0.007945607416331768,0.0013020405313000083,108.11644744873047
train,1-7-3-6_png.rf.9d49fc11e810f22fd1e9cb22b80320ea.jpg,/mnt/tf_data/TechFin/home/group_6/Data/white_balance_copy_layers.v10-argmented-10x.coco-segmentation/train/1-7-3-6_png.rf.9d49fc11e810f22fd1e9cb22b80320ea.jpg,249,320,1,png,largest_inner_median,largest_inner_median,1.7,3.6,6.12,5.3,1666,7.418780882750794,121.0,43.0,2.813953488372093,52833,58711.0,2.0,1.0027955657958985,-0.06699383918605517,-0.041703019489404136,-0.043550616065656765,-0.043550616065656765,-0.06699383918605517,-0.06699383918605517,-8.119384765625,8.119384765625,-8.180282592773438,-5.115136623382568,-5.339057922363281,-5.339057922363281,-8.180282592773438,-8.180282592773438,-8.180282592773438,1033.0,1033.0,121.19599151611328,-13.256793975830078,-0.5992431640625,12.657550811767578,0.10443869185297872,0.9302914142608643,4.551008701324463,0.0001558635412948206,-0.0038491771556437016,121.46883392333984
train,2-0-3-9_png.rf.510b40b36bf82cf62841f65c7e60f4ca.jpg,/mnt/tf_data/TechFin/home/group_6/Data/white_balance_copy_layers.v10-argmented-10x.coco-segmentation/train/2-0-3-9_png.rf.510b40b36bf82cf62841f65c7e60f4ca.jpg,250,321,1,png,largest_inner_median,largest_inner_median,2.0,3.9,7.8,5.9,1705,7.441906728051625,44.0,122.0,0.36065573770491804,56708,63034.0,2.0,1.0,-0.08014456846957907,-0.04649882141343709,-0.05006537002080284,-0.05006537002080284,-0.08014456846957907,-0.08014456846957907,-7.618625640869141,7.618625640869141,-7.6570892333984375,-4.4586896896362305,-4.7977294921875,-4.7977294921875,-7.6570892333984375,-7.6570892333984375,-7.6570892333984375,1061.0,1061.0,95.06103515625,-11.346394348144532,-0.8208984374999995,10.525495910644533,0.11072355664278195,0.8925701975822449,3.8416919708251953,-0.0035030499566346407,-0.0002774178283289075,95.42852783203125
train,1-7-4-2-2-10-3_png.rf.c9e3eb32174e2fc2b617304d257d32d0.jpg,/mnt/tf_data/TechFin/home/group_6/Data/white_balance_copy_layers.v10-argmented-10x.coco-segmentation/train/1-7-4-2-2-10-3_png.rf.c9e3eb32174e2fc2b617304d257d32d0.jpg,251,322,2,2-10-3_png,largest_inner_median,largest_inner_median,1.7,4.2,7.14,5.9,5569,8.62515033292133,111.0,86.0,1.2906976744186047,123417,135178.0,0.0,1.0,-0.10314474717630236,-0.10481315728303559,-0.10245877204357345,-0.10245877204357345,-0.10314474717630236,-0.10314474717630236,-7.166961669921875,7.166961669921875,-7.156059265136719,-7.2719879150390625,-7.108394622802734,-7.108394622802734,-7.156059265136719,-7.156059265136719,-7.156059265136719,4788.0,4788.0,69.48450469970703,-7.362982177734375,-6.033672332763673,1.3293098449707026,0.019131025697248834,0.7388138175010681,1.0035592317581177,0.0006559034227393568,0.0024784980341792107,68.90821838378906
train,1-7-3-6-3-10-4_png.rf.e085618dbc9853c176fad55347e1971a.jpg,/mnt/tf_data/TechFin/home/group_6/Data/white_balance_copy_layers.v10-argmented-10x.coco-segmentation/train/1-7-3-6-3-10-4_png.rf.e085618dbc9853c176fad55347e1971a.jpg,252,323,3,3-10-4_png,largest_inner_median,largest_inner_median,1.7,3.6,6.12,5.3,622,6.434546518787453,52.0,23.0,2.260869565217391,16019,17789.0,0.0,1.0,-0.22121446017483454,-0.23078863395707014,-0.19523984603946315,-0.19523984603946315,-0.22121446017483454,-0.22121446017483454,-15.111488342285156,15.111488342285156,-15.111564636230469,-15.76559066772461,-13.337200164794922,-13.337200164794922,-15.111564636230469,-15.111564636230469,-15.111564636230469,347.0,347.0,68.31148529052734,-16.049102783203125,-5.346202087402344,10.702900695800782,0.15667790928980047,0.5470793843269348,4.286454677581787,0.005818210542201996,0.00268898019567132,67.5959243774414
train,1-1-3-9-3-10-4_png.rf.18ea2d10ca2b8a5d9ca2165ae0fc8b78.jpg,/mnt/tf_data/TechFin/home/group_6/Data/white_balance_copy_layers.v10-argmented-10x.coco-segmentation/train/1-1-3-9-3-10-4_png.rf.18ea2d10ca2b8a5d9ca2165ae0fc8b78.jpg,255,326,3,3-10-4_png,largest_inner_median,largest_inner_median,1.1,3.9,4.29,5.0,672,6.511745329644728,53.0,24.0,2.2083333333333335,17041,18935.0,0.0,1.0,-0.14660890761119105,-0.1475807142482951,-0.1288361493826057,-0.1288361493826057,-0.14660890761119105,-0.14660890761119105,-18.14876937866211,18.14876937866211,-18.122974395751953,-18.243274688720703,-15.92287826538086,-15.92287826538086,-18.122974395751953,-18.122974395751953,-18.122974395751953,392.0,392.0,123.79035949707031,-18.801451110839842,-3.6293388366699233,15.172112274169919,0.12256295511064406,0.6887170076370239,6.044005393981934,0.005818283185362816,0.0050146677531301975,122.93824005126953
train,1-1-4-5-3-10-4_png.rf.33cc8e44643690444258abf94d4c82fb.jpg,/mnt/tf_data/TechFin/home/group_6/Data/white_balance_copy_layers.v10-argmented-10x.coco-segmentation/train/1-1-4-5-3-10-4_png.rf.33cc8e44643690444258abf94d4c82fb.jpg,256,327,3,3-10-4_png,largest_inner_median,largest_inner_median,1.1,4.5,4.95,5.6,665,6.501289670540389,55.0,25.0,2.2,18550,20285.0,0.0,1.0,-0.14639640663356285,-0.1482878288687049,-0.1309413964727779,-0.1309413964727779,-0.14639640663356285,-0.14639640663356285,-16.46389389038086,16.46389389038086,-16.43960189819336,-16.652313232421875,-14.701515197753906,-14.701515197753906,-16.43960189819336,-16.43960189819336,-16.43960189819336,368.0,368.0,112.46105194091797,-17.226106262207033,-4.1077224731445305,13.118383789062502,0.11664824010319873,0.6648644804954529,5.250934600830078,0.005977873224765062,0.002581485314294696,111.69913482666016
train,1-1-4-5_png.rf.79aa73c6251a1cf7d0d957de2eae1d61.jpg,/mnt/tf_data/TechFin/home/group_6/Data/white_balance_copy_layers.v10-argmented-10x.coco-segmentation/train/1-1-4-5_png.rf.79aa73c6251a1cf7d0d957de2eae1d61.jpg,257,328,1,png,largest_inner_median,largest_inner_median,1.1,4.5,4.95,5.6,1578,7.364547014255642,43.0,121.0,0.35537190082644626,46735,52081.0,2.0,1.0,-0.06342455971959683,-0.03692388676040955,-0.0432749816964273,-0.0432749816964273,-0.06342455971959683,-0.06342455971959683,-7.808158874511719,7.808158874511719,-7.8281097412109375,-4.5656280517578125,-5.347507476806641,-5.347507476806641,-7.8281097412109375,-7.8281097412109375,-7.8281097412109375,943.0,943.0,123.10939025878906,-11.484754180908203,-0.5005920410156252,10.984162139892577,0.08922278078709266,1.036728024482727,3.978778123855591,-0.0027669621631503105,0.0011518282117322087,123.04244995117188
train,1-1-3-9-3-10_png.rf.8ea27e5b0ae4f079c6f9766610b8e3a4.jpg,/mnt/tf_data/TechFin/home/group_6/Data/white_balance_copy_layers.v10-argmented-10x.coco-segmentation/train/1-1-3-9-3-10_png.rf.8ea27e5b0ae4f079c6f9766610b8e3a4.jpg,263,336,3,3-10_png,largest_inner_median,largest_inner_median,1.1,3.9,4.29,5.0,1002,6.910750787961936,39.0,40.0,0.975,19595,21773.0,0.0,1.0,-0.1589828271495284,-0.16108229928329268,-0.15665056058773288,-0.15665056058773288,-0.1589828271495284,-0.1589828271495284,-19.924415588378906,19.924415588378906,-19.860000610351562,-20.12311553955078,-19.567710876464844,-19.567710876464844,-19.860000610351562,-19.860000610351562,-19.860000610351562,701.0,701.0,125.32432556152344,-20.28913345336914,-15.905215454101562,4.383917999267577,0.03498058321578959,0.7716483473777771,3.0865793228149414,-0.0067061507143080235,-0.0011912969639524817,125.94725036621094
train,0-8-3-9-3-10-4_png.rf.2c644fbaaef3c4d28769ee5b38c6da08.jpg,/mnt/tf_data/TechFin/home/group_6/Data/white_balance_copy_layers.v10-argmented-10x.coco-segmentation/train/0-8-3-9-3-10-4_png.rf.2c644fbaaef3c4d28769ee5b38c6da08.jpg,267,342,3,3-10-4_png,largest_inner_median,largest_inner_median,0.8,3.9,3.12,4.7,578,6.361302477572996,22.0,52.0,0.4230769230769231,15533,17246.0,0.0,1.0,-0.12732220120060467,-0.13467407227210873,-0.11070335546799892,-0.11070335546799892,-0.12732220120060467,-0.12732220120060467,-18.288558959960938,18.288558959960938,-18.2847900390625,-19.34081268310547,-15.897659301757812,-15.897659301757812,-18.2847900390625,-18.2847900390625,-18.2847900390625,313.0,313.0,143.63998413085938,-19.704112243652343,-5.869499206542965,13.834613037109378,0.09631449850694583,0.6579983830451965,5.382671356201172,0.004947645589709282,-0.006747280713170767,144.1480712890625
train,1-4-3-6-3-10-4_png.rf.e7a8ec38c766642f39d07f587aaa6972.jpg,/mnt/tf_data/TechFin/home/group_6/Data/white_balance_copy_layers.v10-argmented-10x.coco-segmentation/train/1-4-3-6-3-10-4_png.rf.e7a8ec38c766642f39d07f587aaa6972.jpg,269,344,3,3-10-4_png,largest_inner_median,largest_inner_median,1.4,3.6,5.04,5.0,631,6.448889394146858,52.0,22.0,2.3636363636363638,15387,17097.0,0.0,1.0,-0.185408653118028,-0.18972018297829166,-0.1710513008907753,-0.1710513008907753,-0.185408653118028,-0.185408653118028,-17.092334747314453,17.092334747314453,-17.108257293701172,-17.505725860595703,-15.784690856933594,-15.784690856933594,-17.108257293701172,-17.108257293701172,-17.108257293701172,364.0,364.0,92.18736267089844,-17.749237060546875,-5.541664123535156,12.207572937011719,0.13242132742848697,0.5569961667060852,4.866268634796143,-0.0028370008803904057,-0.004237126559019089,92.67864227294922
train,1-7-3-9_png.rf.eeeaae5535d899baf3e2aebb436cb062.jpg,/mnt/tf_data/TechFin/home/group_6/Data/white_balance_copy_layers.v10-argmented-10x.coco-segmentation/train/1-7-3-9_png.rf.eeeaae5535d899baf3e2aebb436cb062.jpg,270,345,1,png,largest_inner_median,largest_inner_median,1.7,3.9,6.63,5.6,1600,7.3783837129967145,121.0,44.0,2.75,53691,59671.0,2.0,1.0,-0.06692941404286014,-0.03374244444354765,-0.04109871679890192,-0.04109871679890192,-0.06692941404286014,-0.06692941404286014,-7.9715576171875,7.9715576171875,-8.046073913574219,-4.093374729156494,-4.969535827636719,-4.969535827636719,-8.046073913574219,-8.046073913574219,-8.046073913574219,957.0,957.0,119.10395050048828,-11.523697662353516,-0.46552581787109215,11.058171844482423,0.09284471084304705,0.8949375748634338,4.045921802520752,0.00015356304356828332,-0.0029498962685465813,119.31648254394531
train,1-4-4-2_png.rf.1179138381328375d47fb0aa567c2a37.jpg,/mnt/tf_data/TechFin/home/group_6/Data/white_balance_copy_layers.v10-argmented-10x.coco-segmentation/train/1-4-4-2_png.rf.1179138381328375d47fb0aa567c2a37.jpg,275,355,1,png,largest_inner_median,largest_inner_median,1.4,4.2,5.88,5.6,2504,7.826044013518965,88.0,38.0,2.3157894736842106,42004,46681.0,2.0,1.0,-0.04701339868617376,-0.04876309884039723,-0.04557100312150205,-0.04557100312150205,-0.04701339868617376,-0.04701339868617376,-6.005062103271484,6.005062103271484,-6.018402099609375,-6.2418928146362305,-5.834163665771484,-5.834163665771484,-6.018402099609375,-6.018402099609375,-6.018402099609375,2012.0,2012.0,127.73086547851562,-6.514109802246094,-3.04549560546875,3.468614196777344,0.027155646239324715,0.8070541024208069,1.4367403984069824,0.0022517526522278786,-0.005038167349994183,127.71546936035156
train,1-1-3-9-3-10_png.rf.ebbf1af713dfbd7265ce0da942d9b830.jpg,/mnt/tf_data/TechFin/home/group_6/Data/white_balance_copy_layers.v10-argmented-10x.coco-segmentation/train/1-1-3-9-3-10_png.rf.ebbf1af713dfbd7265ce0da942d9b830.jpg,277,359,3,3-10_png,largest_inner_median,largest_inner_median,1.1,3.9,4.29,5.0,1005,6.913737350659685,39.0,40.0,0.975,19621,21803.0,0.0,1.0,-0.15881524184906626,-0.15936395180008822,-0.15741563959263336,-0.15741563959263336,-0.15881524184906626,-0.15881524184906626,-19.90420913696289,19.90420913696289,-19.826213836669922,-19.894983291625977,-19.650802612304688,-19.650802612304688,-19.826213836669922,-19.826213836669922,-19.826213836669922,704.0,704.0,125.32933807373047,-20.13413848876953,-14.755490112304686,5.378648376464843,0.04291611572464077,0.7385510206222534,3.3133058547973633,0.006452565081417561,0.000706940540112555,124.77381134033203
train,1-1-4-5-3-10-4_png.rf.bcfb0c4097ad09b2dcf35fea2dd77232.jpg,/mnt/tf_data/TechFin/home/group_6/Data/white_balance_copy_layers.v10-argmented-10x.coco-segmentation/train/1-1-4-5-3-10-4_png.rf.bcfb0c4097ad09b2dcf35fea2dd77232.jpg,283,367,3,3-10-4_png,largest_inner_median,largest_inner_median,1.1,4.5,4.95,5.6,661,6.495265555937008,25.0,55.0,0.45454545454545453,18275,20280.0,0.0,1.0,-0.14265329091779055,-0.1473416869028956,-0.12414440681483621,-0.12414440681483621,-0.14265329091779055,-0.14265329091779055,-16.047401428222656,16.047401428222656,-16.02263641357422,-16.550045013427734,-13.940528869628906,-13.940528869628906,-16.02263641357422,-16.02263641357422,-16.02263641357422,364.0,364.0,112.4923324584961,-16.7598876953125,-4.012580871582031,12.747306823730469,0.11331711722159883,0.6051018238067627,5.025911331176758,0.0024164714850485325,-0.005271632224321365,112.97357177734375
train,1-7-3-6_png.rf.eadfdbee81723d32f58c902213bbe348.jpg,/mnt/tf_data/TechFin/home/group_6/Data/white_balance_copy_layers.v10-argmented-10x.coco-segmentation/train/1-7-3-6_png.rf.eadfdbee81723d32f58c902213bbe348.jpg,284,368,1,png,largest_inner_median,largest_inner_median,1.7,3.6,6.12,5.3,1667,7.419380582918692,43.0,121.0,0.35537190082644626,53233,59149.0,0.0,1.0,-0.06672817827644532,-0.041504870831914356,-0.045195956915224766,-0.045195956915224766,-0.06672817827644532,-0.06672817827644532,-8.08743667602539,8.08743667602539,-8.161945343017578,-5.10488748550415,-5.55224609375,-5.55224609375,-8.161945343017578,-8.161945343017578,-8.161945343017578,1034.0,1034.0,121.19972229003906,-12.628262329101563,-0.4235626220703108,12.204699707031253,0.10069907320269751,0.8928871154785156,4.333872318267822,-0.003290805732831359,8.988053014036268e-05,121.43952941894531
train,1-4-3-6-3-10-4_png.rf.f522ca05a573b3624218398e4eb00b01.jpg,/mnt/tf_data/TechFin/home/group_6/Data/white_balance_copy_layers.v10-argmented-10x.coco-segmentation/train/1-4-3-6-3-10-4_png.rf.f522ca05a573b3624218398e4eb00b01.jpg,286,370,3,3-10-4_png,largest_inner_median,largest_inner_median,1.4,3.6,5.04,5.0,631,6.448889394146858,52.0,22.0,2.3636363636363638,15442,17158.0,0.0,1.0,-0.18604986289590267,-0.18851354135688125,-0.17095542085388984,-0.17095542085388984,-0.18604986289590267,-0.18604986289590267,-17.153995513916016,17.153995513916016,-17.15613555908203,-17.383289337158203,-15.764411926269531,-15.764411926269531,-17.15613555908203,-17.15613555908203,-17.15613555908203,364.0,364.0,92.20106506347656,-17.930999755859375,-5.404426574707031,12.526573181152344,0.135861480260866,0.5888690948486328,5.1501383781433105,0.003297902876511216,0.004966741893440485,91.64264678955078
train,1-4-3-3_png.rf.0bb68ba5c08336dc64c123202c48d82c.jpg,/mnt/tf_data/TechFin/home/group_6/Data/white_balance_copy_layers.v10-argmented-10x.coco-segmentation/train/1-4-3-3_png.rf.0bb68ba5c08336dc64c123202c48d82c.jpg,292,378,1,png,largest_inner_median,largest_inner_median,1.4,3.3,4.619999999999999,4.699999999999999,836,6.729824070489475,24.0,60.0,0.4,18011,20013.0,0.0,1.0,-0.026818957972908824,-0.02836964738121874,-0.0251804254071291,-0.0251804254071291,-0.026818957972908824,-0.026818957972908824,-4.1837005615234375,4.1837005615234375,-4.2088623046875,-4.450766563415527,-3.9532546997070312,-3.9532546997070312,-4.2088623046875,-4.2088623046875,-4.2088623046875,526.0,526.0,155.9978790283203,-4.9096527099609375,-2.122833251953125,2.7868194580078125,0.017864470179763694,0.6781941652297974,1.1615111827850342,-0.011365169659256935,0.0021016548853367567,156.31121826171875
train,1-4-4-2_png.rf.133a557be73f00c6d00cb10815688024.jpg,/mnt/tf_data/TechFin/home/group_6/Data/white_balance_copy_layers.v10-argmented-10x.coco-segmentation/train/1-4-4-2_png.rf.133a557be73f00c6d00cb10815688024.jpg,293,379,1,png,largest_inner_median,largest_inner_median,1.4,4.2,5.88,5.6,804,6.690842277418564,55.0,24.0,2.2916666666666665,16338,18154.0,0.0,1.0,-0.044232749397394536,-0.04733446647138966,-0.0420710717179202,-0.0420710717179202,-0.044232749397394536,-0.044232749397394536,-5.639087677001953,5.639087677001953,-5.624294281005859,-6.019721984863281,-5.3487091064453125,-5.3487091064453125,-5.624294281005859,-5.624294281005859,-5.624294281005859,502.0,502.0,127.48670959472656,-6.341014862060547,-1.7530479431152326,4.587966918945314,0.035987805580128436,0.6029830574989319,1.823898434638977,0.0004911879659630358,0.008837077766656876,127.00948333740234
train,1-7-3-9_png.rf.707818034abfde6a4f0e6c17a40dd5f3.jpg,/mnt/tf_data/TechFin/home/group_6/Data/white_balance_copy_layers.v10-argmented-10x.coco-segmentation/train/1-7-3-9_png.rf.707818034abfde6a4f0e6c17a40dd5f3.jpg,295,381,1,png,largest_inner_median,largest_inner_median,1.7,3.9,6.63,5.6,994,6.902742737158593,26.0,69.0,0.37681159420289856,22771,25303.0,0.0,1.0,-0.02588361910912106,-0.026693299844566764,-0.023273160672742755,-0.023273160672742755,-0.02588361910912106,-0.02588361910912106,-3.1020278930664062,3.1020278930664062,-3.1520843505859375,-3.2491207122802734,-2.8392333984375,-2.8392333984375,-3.1520843505859375,-3.1520843505859375,-3.1520843505859375,645.0,645.0,119.84521484375,-3.7287170410156247,-0.9163566589355463,2.8123603820800787,0.023466605535704833,0.5320035219192505,2.1952972412109375,-0.007708046585321426,-0.00020725390641018748,120.27954864501953
train,1-7-4-5_png.rf.495de111ca1dff995e4ff63b4bbad791.jpg,/mnt/tf_data/TechFin/home/group_6/Data/white_balance_copy_layers.v10-argmented-10x.coco-segmentation/train/1-7-4-5_png.rf.495de111ca1dff995e4ff63b4bbad791.jpg,296,382,1,png,largest_inner_median,largest_inner_median,1.7,4.5,7.6499999999999995,6.2,1565,7.356279876550748,43.0,120.0,0.35833333333333334,52739,58599.0,0.0,1.0,-0.055187779458176364,-0.038769641876524895,-0.03913212959502506,-0.03913212959502506,-0.055187779458176364,-0.055187779458176364,-5.8662872314453125,5.8662872314453125,-5.9607696533203125,-4.215573310852051,-4.2541046142578125,-4.2541046142578125,-5.9607696533203125,-5.9607696533203125,-5.9607696533203125,933.0,933.0,106.2968521118164,-9.975083923339843,-1.0074569702148368,8.967626953125006,0.08436399361753184,0.8619805574417114,3.171703577041626,0.0022760177962481976,0.0002986251492984593,106.02407836914062
train,2-3-3-3_png.rf.009e45f0385eb03dfe9a81f4d6ff3fa9.jpg,/mnt/tf_data/TechFin/home/group_6/Data/white_balance_copy_layers.v10-argmented-10x.coco-segmentation/train/2-3-3-3_png.rf.009e45f0385eb03dfe9a81f4d6ff3fa9.jpg,299,385,2,png,largest_inner_median,largest_inner_median,2.3,3.3,7.589999999999999,5.6,475,6.16541785423142,24.0,45.0,0.5333333333333333,14618,16244.0,0.0,1.0,-0.11097370039149758,-0.11114977311820425,-0.1061670130213806,-0.1061670130213806,-0.11097370039149758,-0.11097370039149758,-13.59749984741211,13.59749984741211,-13.628944396972656,-13.650518417358398,-13.039985656738281,-13.039985656738281,-13.628944396972656,-13.628944396972656,-13.628944396972656,221.0,221.0,122.5290298461914,-14.450709533691406,-5.6172546386718745,8.833454895019532,0.07209275145741394,0.5415281057357788,3.439742088317871,-0.0031411312520503998,-0.0014267112128436565,122.80420684814453
train,1-7-3-6_png.rf.241d23eaa6dfded3b77610a4afa67c09.jpg,/mnt/tf_data/TechFin/home/group_6/Data/white_balance_copy_layers.v10-argmented-10x.coco-segmentation/train/1-7-3-6_png.rf.241d23eaa6dfded3b77610a4afa67c09.jpg,303,391,1,png,largest_inner_median,largest_inner_median,1.7,3.6,6.12,5.3,832,6.725033642166843,22.0,61.0,0.36065573770491804,16670,18524.0,0.0,1.0,-0.028336570616277125,-0.029597115325355076,-0.026914178723071634,-0.026914178723071634,-0.028336570616277125,-0.028336570616277125,-3.4517173767089844,3.4517173767089844,-3.5166778564453125,-3.670226573944092,-3.343414306640625,-3.343414306640625,-3.5166778564453125,-3.5166778564453125,-3.5166778564453125,519.0,519.0,121.8114013671875,-4.191587829589843,-1.9195396423339846,2.2720481872558587,0.01865218002383054,0.5720594525337219,1.6988590955734253,-0.009578770957887173,-0.0006818177062086761,122.3177719116211
train,1-4-4-2_png.rf.6d39dc2737900a7d08361a4ebb098bca.jpg,/mnt/tf_data/TechFin/home/group_6/Data/white_balance_copy_layers.v10-argmented-10x.coco-segmentation/train/1-4-4-2_png.rf.6d39dc2737900a7d08361a4ebb098bca.jpg,305,393,1,png,largest_inner_median,largest_inner_median,1.4,4.2,5.88,5.6,804,6.690842277418564,24.0,55.0,0.43636363636363634,16309,18100.0,0.0,1.0,-0.04536445018531061,-0.0463461225798686,-0.04310350506228221,-0.04310350506228221,-0.04536445018531061,-0.04536445018531061,-5.779575347900391,5.779575347900391,-5.780941009521484,-5.906009197235107,-5.492889404296875,-5.492889404296875,-5.780941009521484,-5.780941009521484,-5.780941009521484,502.0,502.0,127.40318298339844,-6.858399200439453,-1.4931129455566394,5.365286254882814,0.042112654717441,0.5929001569747925,2.0005481243133545,0.008119554258883,-0.0009891455993056297,127.12354278564453
train,1-7-3-9-3-10-4_png.rf.067196c777d1f5628e7bf2a85bb20b01.jpg,/mnt/tf_data/TechFin/home/group_6/Data/white_balance_copy_layers.v10-argmented-10x.coco-segmentation/train/1-7-3-9-3-10-4_png.rf.067196c777d1f5628e7bf2a85bb20b01.jpg,306,394,3,3-10-4_png,largest_inner_median,largest_inner_median,1.7,3.9,6.63,5.6,643,6.467698726104354,24.0,53.0,0.4528301886792453,17063,18959.0,0.0,1.0,-0.18257593538615938,-0.19122786049555293,-0.16766871361345873,-0.16766871361345873,-0.18257593538615938,-0.18257593538615938,-11.593536376953125,11.593536376953125,-11.5810546875,-12.130450248718262,-10.634449005126953,-10.634449005126953,-11.5810546875,-11.5810546875,-11.5810546875,359.0,359.0,63.49980545043945,-12.23553466796875,-3.7651847839355446,8.470349884033205,0.1333917454384041,0.4354349374771118,3.2083942890167236,0.00332675501704216,-0.0014513316564261913,63.49481201171875
train,1-1-3-6-2-10-3_png.rf.da2446dcc37c2db62afd689f49beb7a3.jpg,/mnt/tf_data/TechFin/home/group_6/Data/white_balance_copy_layers.v10-argmented-10x.coco-segmentation/train/1-1-3-6-2-10-3_png.rf.da2446dcc37c2db62afd689f49beb7a3.jpg,308,396,2,2-10-3_png,largest_inner_median,largest_inner_median,1.1,3.6,3.9600000000000004,4.7,5829,8.670772279344538,113.0,90.0,1.2555555555555555,125240,139155.0,0.0,1.2956235443115234,-0.08118543368562489,-0.0848461518136597,-0.07935384129644242,-0.07935384129644242,-0.08118543368562489,-0.08118543368562489,-11.111530303955078,11.111530303955078,-11.09707260131836,-11.598100662231445,-10.846389770507812,-10.846389770507812,-11.09707260131836,-11.09707260131836,-11.09707260131836,5036.0,5036.0,136.86605834960938,-11.855982971191406,-9.167181396484375,2.68880157470703,0.01964549580173326,1.104472041130066,1.9612644910812378,0.0002283369831275195,-0.002155089285224676,137.1954803466797
train,1-4-3-3_png.rf.d3ddba8b9676633a29bfbbafabc4678b.jpg,/mnt/tf_data/TechFin/home/group_6/Data/white_balance_copy_layers.v10-argmented-10x.coco-segmentation/train/1-4-3-3_png.rf.d3ddba8b9676633a29bfbbafabc4678b.jpg,309,397,1,png,largest_inner_median,largest_inner_median,1.4,3.3,4.619999999999999,4.699999999999999,836,6.729824070489475,24.0,60.0,0.4,17856,19842.0,0.0,1.0,-0.025811945009334546,-0.02879554565025057,-0.02373593312779464,-0.02373593312779464,-0.025811945009334546,-0.025811945009334546,-4.026123046875,4.026123046875,-4.044891357421875,-4.510270595550537,-3.7210769653320312,-3.7210769653320312,-4.044891357421875,-4.044891357421875,-4.044891357421875,526.0,526.0,155.97906494140625,-4.6576080322265625,-1.937957763671875,2.7196502685546875,0.01743599546244445,0.6759467124938965,1.2332839965820312,0.012029058299958706,-0.0021507430355995893,155.67115783691406
train,2-0-4-2_png.rf.b3517fea680bf59aa7b5b74ab014f53a.jpg,/mnt/tf_data/TechFin/home/group_6/Data/white_balance_copy_layers.v10-argmented-10x.coco-segmentation/train/2-0-4-2_png.rf.b3517fea680bf59aa7b5b74ab014f53a.jpg,310,398,1,png,largest_inner_median,largest_inner_median,2.0,4.2,8.4,6.2,804,6.690842277418564,21.0,59.0,0.3559322033898305,14862,16514.0,0.0,1.0,-0.03505811950984606,-0.03712373950500396,-0.03243237641561526,-0.03243237641561526,-0.03505811950984606,-0.03505811950984606,-3.277873992919922,3.277873992919922,-3.2759017944335938,-3.469033718109131,-3.0303993225097656,-3.0303993225097656,-3.2759017944335938,-3.2759017944335938,-3.2759017944335938,509.0,509.0,93.49828338623047,-4.371815490722656,-1.7291732788085934,2.6426422119140627,0.028264071982986222,0.606709897518158,1.1113066673278809,-0.009669861756265163,-0.0005548683693632483,93.97872924804688
train,1-7-3-9_png.rf.7b54ed15cbe01919e7ec809353f0bd53.jpg,/mnt/tf_data/TechFin/home/group_6/Data/white_balance_copy_layers.v10-argmented-10x.coco-segmentation/train/1-7-3-9_png.rf.7b54ed15cbe01919e7ec809353f0bd53.jpg,312,400,1,png,largest_inner_median,largest_inner_median,1.7,3.9,6.63,5.6,993,6.901737206656574,69.0,26.0,2.6538461538461537,22734,25262.0,0.0,1.0,-0.02388280719925082,-0.023052712961729126,-0.022457532886550228,-0.022457532886550228,-0.02388280719925082,-0.02388280719925082,-2.861957550048828,2.861957550048828,-2.9021644592285156,-2.8026914596557617,-2.7313690185546875,-2.7313690185546875,-2.9021644592285156,-2.9021644592285156,-2.9021644592285156,644.0,644.0,119.83338165283203,-4.010426330566406,-1.0840332031249997,2.9263931274414063,0.0244205169467672,0.5328338146209717,1.6295983791351318,0.0005742520443163812,-0.008826456032693386,120.2164077758789
train,1-7-4-2_png.rf.8f22f82824c7c5b92d89577faa91c411.jpg,/mnt/tf_data/TechFin/home/group_6/Data/white_balance_copy_layers.v10-argmented-10x.coco-segmentation/train/1-7-4-2_png.rf.8f22f82824c7c5b92d89577faa91c411.jpg,313,401,1,png,largest_inner_median,largest_inner_median,1.7,4.2,7.14,5.9,860,6.7580945044277305,60.0,22.0,2.727272727272727,16272,18082.0,0.0,1.0,-0.02572673975686386,-0.02472030437726396,-0.024390188079808334,-0.024390188079808334,-0.02572673975686386,-0.02572673975686386,-3.0015716552734375,3.0015716552734375,-3.0140609741210938,-2.896638870239258,-2.858123779296875,-2.858123779296875,-3.0140609741210938,-3.0140609741210938,-3.0140609741210938,554.0,554.0,116.67127990722656,-4.443829345703125,-1.6248046874999993,2.8190246582031255,0.02416211307911191,0.5358796715736389,1.7739890813827515,-0.00014593073865398765,-0.008806021884083748,117.08455657958984
train,1-4-4-5_png.rf.10f1e5449ac929da323ea071b7643aec.jpg,/mnt/tf_data/TechFin/home/group_6/Data/white_balance_copy_layers.v10-argmented-10x.coco-segmentation/train/1-4-4-5_png.rf.10f1e5449ac929da323ea071b7643aec.jpg,315,403,1,png,largest_inner_median,largest_inner_median,1.4,4.5,6.3,5.9,2517,7.831220214604293,88.0,38.0,2.3157894736842106,41908,46587.0,1.0,1.0,-0.051282751128424654,-0.0520163617009703,-0.04963870357047278,-0.04963870357047278,-0.051282751128424654,-0.051282751128424654,-6.106658935546875,6.106658935546875,-6.146675109863281,-6.234032154083252,-5.950904846191406,-5.950904846191406,-6.146675109863281,-6.146675109863281,-6.146675109863281,2027.0,2027.0,119.0782241821289,-6.8598876953125,-3.173284912109375,3.6866027832031247,0.030959504212663636,0.8386687636375427,1.4378507137298584,0.0032711864914745092,-0.005171784199774265,118.8952407836914
train,1-4-3-9_png.rf.2fca4a50bcd8e6d093fc7144e495b4cb.jpg,/mnt/tf_data/TechFin/home/group_6/Data/white_balance_copy_layers.v10-argmented-10x.coco-segmentation/train/1-4-3-9_png.rf.2fca4a50bcd8e6d093fc7144e495b4cb.jpg,316,404,1,png,largest_inner_median,largest_inner_median,1.4,3.9,5.46,5.3,885,6.786716950605081,26.0,59.0,0.4406779661016949,19404,21560.0,0.0,1.0,-0.03437431538261874,-0.035348183607465195,-0.033142678873230566,-0.033142678873230566,-0.03437431538261874,-0.03437431538261874,-4.663856506347656,4.663856506347656,-4.626213073730469,-4.758346080780029,-4.4591064453125,-4.4591064453125,-4.626213073730469,-4.626213073730469,-4.626213073730469,572.0,572.0,135.67852783203125,-5.917623901367188,-1.7609008789062492,4.156723022460938,0.030636557522255272,0.573088526725769,1.7397003173828125,0.008338462561368942,-8.606239134678617e-05,135.2565460205078
train,0-8-3-6-3-10_png.rf.819a03ec4cb3c940283cc3e8350586d6.jpg,/mnt/tf_data/TechFin/home/group_6/Data/white_balance_copy_layers.v10-argmented-10x.coco-segmentation/train/0-8-3-6-3-10_png.rf.819a03ec4cb3c940283cc3e8350586d6.jpg,317,405,3,3-10_png,largest_inner_median,largest_inner_median,0.8,3.6,2.8800000000000003,4.4,1165,7.061334366910438,43.0,42.0,1.0238095238095237,22218,24799.0,2.0,1.0,-0.11112395384048218,-0.11279568314749236,-0.10930658897582539,-0.10930658897582539,-0.11112395384048218,-0.11112395384048218,-17.068458557128906,17.068458557128906,-17.000015258789062,-17.256790161132812,-16.720870971679688,-16.720870971679688,-17.000015258789062,-17.000015258789062,-17.000015258789062,839.0,839.0,153.59837341308594,-17.44727478027344,-10.187402343749993,7.259872436523446,0.04726529503667866,0.9602130055427551,3.451773166656494,-0.0004141894169151783,-0.00924082100391388,154.4060821533203
train,1-4-4-2-3-10-4_png.rf.a8eba03b7305072418f326b34838a27a.jpg,/mnt/tf_data/TechFin/home/group_6/Data/white_balance_copy_layers.v10-argmented-10x.coco-segmentation/train/1-4-4-2-3-10-4_png.rf.a8eba03b7305072418f326b34838a27a.jpg,318,406,3,3-10-4_png,largest_inner_median,largest_inner_median,1.4,4.2,5.88,5.6,629,6.4457198193855785,53.0,22.0,2.409090909090909,15611,17331.0,0.0,1.0,-0.16829950506565283,-0.1713584410807248,-0.1524398658898796,-0.1524398658898796,-0.16829950506565283,-0.16829950506565283,-14.765632629394531,14.765632629394531,-14.712989807128906,-14.981363296508789,-13.321556091308594,-13.321556091308594,-14.712989807128906,-14.712989807128906,-14.712989807128906,356.0,356.0,87.73426055908203,-15.355339050292969,-4.344828796386718,11.01051025390625,0.1254984105837599,0.5022468566894531,4.380203723907471,-0.00358074763789773,-0.003035841742530465,88.25564575195312
train,1-1-4-2_png.rf.7474bbbfbb68b72d3b6f2b3bf467882a.jpg,/mnt/tf_data/TechFin/home/group_6/Data/white_balance_copy_layers.v10-argmented-10x.coco-segmentation/train/1-1-4-2_png.rf.7474bbbfbb68b72d3b6f2b3bf467882a.jpg,321,411,1,png,largest_inner_median,largest_inner_median,1.1,4.2,4.620000000000001,5.300000000000001,1605,7.381501894506707,121.0,44.0,2.75,47500,52778.0,0.0,1.2033456298828125,-0.0568998522776943,-0.03474683376705972,-0.040551807251371814,-0.040551807251371814,-0.0568998522776943,-0.0568998522776943,-7.639442443847656,7.639442443847656,-7.702827453613281,-4.728536605834961,-5.5079193115234375,-5.5079193115234375,-7.702827453613281,-7.702827453613281,-7.702827453613281,966.0,966.0,134.26119995117188,-11.946731567382812,-0.7683074951171873,11.178424072265624,0.08325878270364777,1.1038562059402466,4.019923210144043,0.0015473768580704927,0.0032747064251452684,133.5674285888672
train,1-4-4-8_png.rf.53dc15e0011849903d580c50f0642519.jpg,/mnt/tf_data/TechFin/home/group_6/Data/white_balance_copy_layers.v10-argmented-10x.coco-segmentation/train/1-4-4-8_png.rf.53dc15e0011849903d580c50f0642519.jpg,322,412,1,png,largest_inner_median,largest_inner_median,1.4,4.8,6.72,6.199999999999999,873,6.773080375655535,60.0,27.0,2.2222222222222223,20585,22873.0,0.0,1.0,-0.06346074273529383,-0.06519752667112587,-0.06138791311253821,-0.06138791311253821,-0.06346074273529383,-0.06346074273529383,-7.124824523925781,7.124824523925781,-7.144004821777344,-7.338995933532715,-6.911285400390625,-6.911285400390625,-7.144004821777344,-7.144004821777344,-7.144004821777344,555.0,555.0,112.27136993408203,-7.877688598632813,-1.1547973632812498,6.722891235351563,0.05988072684335088,0.4756743013858795,2.6455790996551514,0.0003976726729888469,0.007597470656037331,111.82177734375
train,1-1-3-9_png.rf.22c57f2a0bd797cbc3862257007162ae.jpg,/mnt/tf_data/TechFin/home/group_6/Data/white_balance_copy_layers.v10-argmented-10x.coco-segmentation/train/1-1-3-9_png.rf.22c57f2a0bd797cbc3862257007162ae.jpg,324,414,1,png,largest_inner_median,largest_inner_median,1.1,3.9,4.29,5.0,1568,7.358193752733032,42.0,121.0,0.34710743801652894,45518,50576.0,0.0,1.2316352920532225,-0.049330261668699575,-0.026140850771605623,-0.03543932014048299,-0.03543932014048299,-0.049330261668699575,-0.049330261668699575,-7.1202545166015625,7.1202545166015625,-7.227508544921875,-3.8803844451904297,-5.222511291503906,-5.222511291503906,-7.227508544921875,-7.227508544921875,-7.227508544921875,937.0,937.0,144.33847045898438,-10.279185485839843,-1.1295242309570312,9.149661254882812,0.06339031601060789,1.0950794219970703,3.360935688018799,0.002318872371688485,-0.0013165107229724526,144.4335479736328
train,1-7-3-6-3-10-4_png.rf.7706566b09988ab96aa292145be3ff1e.jpg,/mnt/tf_data/TechFin/home/group_6/Data/white_balance_copy_layers.v10-argmented-10x.coco-segmentation/train/1-7-3-6-3-10-4_png.rf.7706566b09988ab96aa292145be3ff1e.jpg,328,420,3,3-10-4_png,largest_inner_median,largest_inner_median,1.7,3.6,6.12,5.3,621,6.432940092739179,23.0,52.0,0.4423076923076923,16353,17751.0,0.0,1.0,-0.22461080972163502,-0.2286082947465026,-0.19643242105136108,-0.19643242105136108,-0.22461080972163502,-0.22461080972163502,-15.33369255065918,15.33369255065918,-15.287199020385742,-15.560098648071289,-13.363521575927734,-13.363521575927734,-15.287199020385742,-15.287199020385742,-15.287199020385742,346.0,346.0,68.26782989501953,-15.981056213378906,-5.190608978271484,10.790447235107422,0.15806049865215704,0.5887989401817322,4.328507423400879,0.0005128976190462708,-0.006104521453380585,68.89541625976562
train,0-8-4-2-3-10_png.rf.17da69abcee39f8615f2db33c4780c69.jpg,/mnt/tf_data/TechFin/home/group_6/Data/white_balance_copy_layers.v10-argmented-10x.coco-segmentation/train/0-8-4-2-3-10_png.rf.17da69abcee39f8615f2db33c4780c69.jpg,331,423,3,3-10_png,largest_inner_median,largest_inner_median,0.8,4.2,3.3600000000000003,5.0,1067,6.97354301952014,43.0,40.0,1.075,22592,25104.0,0.0,1.0,-0.16554601078536013,-0.172172672209725,-0.16299865320740936,-0.16299865320740936,-0.16554601078536013,-0.16554601078536013,-22.92346954345703,22.92346954345703,-22.874786376953125,-23.79239273071289,-22.522048950195312,-22.522048950195312,-22.874786376953125,-22.874786376953125,-22.874786376953125,754.0,754.0,138.47189331054688,-23.796829223632812,-13.986924743652345,9.809904479980467,0.07084401206228964,0.7982640266418457,4.2089080810546875,0.005575365852564573,-0.0005007468862459064,138.0386199951172
train,1-4-4-5-2-10-3_png.rf.cd52b5212a8472ca087ea9788c4c48f6.jpg,/mnt/tf_data/TechFin/home/group_6/Data/white_balance_copy_layers.v10-argmented-10x.coco-segmentation/train/1-4-4-5-2-10-3_png.rf.cd52b5212a8472ca087ea9788c4c48f6.jpg,333,425,2,2-10-3_png,largest_inner_median,largest_inner_median,1.4,4.5,6.3,5.9,5661,8.641532465671846,88.0,114.0,0.7719298245614035,127558,141729.0,0.0,1.101798072052002,-0.10430495395600167,-0.10696370943260997,-0.10337618700882166,-0.10337618700882166,-0.10430495395600167,-0.10430495395600167,-9.817413330078125,9.817413330078125,-9.826629638671875,-10.07687759399414,-9.739212036132812,-9.739212036132812,-9.826629638671875,-9.826629638671875,-9.826629638671875,4863.0,4863.0,94.1222152709961,-10.396171569824219,-8.580482482910156,1.8156890869140625,0.019290760227926446,0.9155711531639099,1.5167171955108643,-0.001860051299445331,0.0005497255478985608,94.32302856445312
train,2-1-4-2-1_png.rf.fb8ff0bc3dc06ca3ae11f335b6ddd7ad.jpg,/mnt/tf_data/TechFin/home/group_6/Data/white_balance_copy_layers.v10-argmented-10x.coco-segmentation/train/2-1-4-2-1_png.rf.fb8ff0bc3dc06ca3ae11f335b6ddd7ad.jpg,336,428,1,1_png,largest_inner_median,largest_inner_median,2.1,4.2,8.82,6.300000000000001,2626,7.87359778968554,43.0,90.0,0.4777777777777778,44758,49739.0,2.0,1.0179810401916503,-0.022920537063683005,-0.02465111526053251,-0.0213613106058896,-0.0213613106058896,-0.022920537063683005,-0.022920537063683005,-1.9987106323242188,1.9987106323242188,-2.0708999633789062,-2.2218093872070312,-1.9349327087402344,-1.9349327087402344,-2.0708999633789062,-2.0708999633789062,-2.0708999633789062,2059.0,2059.0,87.20173645019531,-2.3514060974121094,-0.040119171142578125,2.3112869262695312,0.0265050562105447,0.9531965255737305,1.1212427616119385,0.005052783992141485,0.0006633915472775698,86.65437316894531
train,1-7-3-6_png.rf.876c0ba0153fc1f3a30790c6b37623df.jpg,/mnt/tf_data/TechFin/home/group_6/Data/white_balance_copy_layers.v10-argmented-10x.coco-segmentation/train/1-7-3-6_png.rf.876c0ba0153fc1f3a30790c6b37623df.jpg,337,429,1,png,largest_inner_median,largest_inner_median,1.7,3.6,6.12,5.3,838,6.732210706467206,61.0,22.0,2.772727272727273,16606,18452.0,0.0,1.0,-0.029395206973424244,-0.02960497532558898,-0.028348733596533733,-0.028348733596533733,-0.029395206973424244,-0.029395206973424244,-3.5805511474609375,3.5805511474609375,-3.64190673828125,-3.6674580574035645,-3.5144386291503906,-3.5144386291503906,-3.64190673828125,-3.64190673828125,-3.64190673828125,524.0,524.0,121.80731201171875,-4.400282287597657,-2.1989486694335936,2.201333618164063,0.018072261687806384,0.5683597922325134,1.236171007156372,0.0010428493842482567,-0.010162429884076118,122.12813568115234
train,1-4-3-3_png.rf.967205253ba749cf469182a0ac2585a7.jpg,/mnt/tf_data/TechFin/home/group_6/Data/white_balance_copy_layers.v10-argmented-10x.coco-segmentation/train/1-4-3-3_png.rf.967205253ba749cf469182a0ac2585a7.jpg,338,430,2,png,largest_inner_median,largest_inner_median,1.4,3.3,4.619999999999999,4.699999999999999,507,6.230481447578482,25.0,46.0,0.5434782608695652,15229,16923.0,0.0,1.0,-0.09640278623677795,-0.10080024772921785,-0.08725888743709842,-0.08725888743709842,-0.09640278623677795,-0.09640278623677795,-14.208786010742188,14.208786010742188,-14.201400756835938,-14.849541664123535,-12.853683471679688,-12.853683471679688,-14.201400756835938,-14.201400756835938,-14.201400756835938,245.0,245.0,147.38978576660156,-15.114346313476563,-4.206597900390625,10.907748413085939,0.07400613520368945,0.5397137403488159,3.9537365436553955,-0.0006751524633727968,0.004288217984139919,147.03375244140625
train,1-4-3-9_png.rf.4b5c9643f7cc71fbc36a08c42d0cd0ba.jpg,/mnt/tf_data/TechFin/home/group_6/Data/white_balance_copy_layers.v10-argmented-10x.coco-segmentation/train/1-4-3-9_png.rf.4b5c9643f7cc71fbc36a08c42d0cd0ba.jpg,339,431,2,png,largest_inner_median,largest_inner_median,1.4,3.9,5.46,5.3,502,6.220590170099739,23.0,46.0,0.5,14250,15834.0,0.0,1.0,-0.1264970546633684,-0.13007566770766843,-0.11239409058162456,-0.11239409058162456,-0.1264970546633684,-0.1264970546633684,-15.53823471069336,15.53823471069336,-15.549362182617188,-15.988940238952637,-13.817028045654297,-13.817028045654297,-15.549362182617188,-15.549362182617188,-15.549362182617188,250.0,250.0,122.83475494384766,-16.276910400390626,-3.053005981445311,13.223904418945315,0.10765604917753493,0.4364522695541382,4.819999694824219,0.001337244058959186,-0.004657685291022062,123.21509552001953
train,2-0-3-6_png.rf.00a8eb3e3bf6c482699159e6a9708a21.jpg,/mnt/tf_data/TechFin/home/group_6/Data/white_balance_copy_layers.v10-argmented-10x.coco-segmentation/train/2-0-3-6_png.rf.00a8eb3e3bf6c482699159e6a9708a21.jpg,341,433,1,png,largest_inner_median,largest_inner_median,2.0,3.6,7.2,5.6,1607,7.382746449738912,121.0,44.0,2.75,57376,63822.0,2.0,1.0,-0.08663051156147329,-0.05382952362426342,-0.06364618726327788,-0.06364618726327788,-0.08663051156147329,-0.08663051156147329,-8.477340698242188,8.477340698242188,-8.4898681640625,-5.28008508682251,-6.2407073974609375,-6.2407073974609375,-8.4898681640625,-8.4898681640625,-8.4898681640625,968.0,968.0,97.85629272460938,-12.34996337890625,-1.4071456909179683,10.942817687988281,0.11182538581125226,0.9052896499633789,3.848220109939575,0.0006692340248264372,-0.003266058163717389,97.97974395751953
train,2-0-3-6_png.rf.9f3fbf501c120c870d137bd636dec7fc.jpg,/mnt/tf_data/TechFin/home/group_6/Data/white_balance_copy_layers.v10-argmented-10x.coco-segmentation/train/2-0-3-6_png.rf.9f3fbf501c120c870d137bd636dec7fc.jpg,342,434,1,png,largest_inner_median,largest_inner_median,2.0,3.6,7.2,5.6,1607,7.382746449738912,121.0,44.0,2.75,57376,63822.0,2.0,1.0,-0.08663051156147329,-0.05382952362426342,-0.06364618726327788,-0.06364618726327788,-0.08663051156147329,-0.08663051156147329,-8.477340698242188,8.477340698242188,-8.4898681640625,-5.28008508682251,-6.2407073974609375,-6.2407073974609375,-8.4898681640625,-8.4898681640625,-8.4898681640625,968.0,968.0,97.85629272460938,-12.34996337890625,-1.4071456909179683,10.942817687988281,0.11182538581125226,0.9052896499633789,3.848220109939575,0.0006692340248264372,-0.003266058163717389,97.97974395751953
train,1-4-4-5-2-10-3_png.rf.0ff624f45533d9aff30a3577b56cbc43.jpg,/mnt/tf_data/TechFin/home/group_6/Data/white_balance_copy_layers.v10-argmented-10x.coco-segmentation/train/1-4-4-5-2-10-3_png.rf.0ff624f45533d9aff30a3577b56cbc43.jpg,347,439,2,2-10-3_png,largest_inner_median,largest_inner_median,1.4,4.5,6.3,5.9,5663,8.641885635373555,88.0,114.0,0.7719298245614035,127496,141664.0,0.0,1.0720209686279296,-0.10316701786957004,-0.10816972432415829,-0.10215656493331197,-0.10215656493331197,-0.10316701786957004,-0.10316701786957004,-9.712066650390625,9.712066650390625,-9.736640930175781,-10.207592010498047,-9.641517639160156,-9.641517639160156,-9.736640930175781,-9.736640930175781,-9.736640930175781,4865.0,4865.0,94.1392593383789,-10.248597717285156,-8.344660949707029,1.9039367675781271,0.020224683951830563,0.9081556797027588,1.3893593549728394,0.0018506193300709128,-0.0005919710965827107,93.94667053222656
train,1-7-3-3_png.rf.f771a8eb3f5f875b6778636efd82b840.jpg,/mnt/tf_data/TechFin/home/group_6/Data/white_balance_copy_layers.v10-argmented-10x.coco-segmentation/train/1-7-3-3_png.rf.f771a8eb3f5f875b6778636efd82b840.jpg,349,443,2,png,largest_inner_median,largest_inner_median,1.7,3.3,5.609999999999999,5.0,535,6.284134161070802,25.0,46.0,0.5434782608695652,15690,17433.0,0.0,1.0,-0.1381768061654118,-0.13733948512813407,-0.12448207633852339,-0.12448207633852339,-0.1381768061654118,-0.1381768061654118,-20.149383544921875,20.149383544921875,-20.130943298339844,-20.00884246826172,-18.133934020996094,-18.133934020996094,-20.130943298339844,-20.130943298339844,-20.130943298339844,271.0,271.0,145.8231964111328,-20.84381561279297,-3.8186553955078106,17.02516021728516,0.1167520712499303,0.49253156781196594,6.318469524383545,0.002472023479640484,0.003957799635827541,145.33351135253906
train,2-0-3-3_png.rf.edb1804a9f9db8d516f9e4956b857297.jpg,/mnt/tf_data/TechFin/home/group_6/Data/white_balance_copy_layers.v10-argmented-10x.coco-segmentation/train/2-0-3-3_png.rf.edb1804a9f9db8d516f9e4956b857297.jpg,352,448,1,png,largest_inner_median,largest_inner_median,2.0,3.3,6.6,5.3,2495,7.822444729489319,87.0,38.0,2.289473684210526,37697,41888.0,1.0,1.0,-0.028472799783933606,-0.03126661032741384,-0.026034571218681763,-0.026034571218681763,-0.028472799783933606,-0.028472799783933606,-2.9180335998535156,2.9180335998535156,-2.952960968017578,-3.2392845153808594,-2.7030792236328125,-2.7030792236328125,-2.952960968017578,-2.952960968017578,-2.952960968017578,2012.0,2012.0,102.48495483398438,-3.770819091796875,-0.810577392578125,2.96024169921875,0.028884646570943535,0.7859744429588318,1.202255129814148,0.0033757274504750967,-0.004562398884445429,102.23976135253906
train,1-7-4-2_png.rf.bea8d5bd51d4724a4b2059942ce364f9.jpg,/mnt/tf_data/TechFin/home/group_6/Data/white_balance_copy_layers.v10-argmented-10x.coco-segmentation/train/1-7-4-2_png.rf.bea8d5bd51d4724a4b2059942ce364f9.jpg,353,449,1,png,largest_inner_median,largest_inner_median,1.7,4.2,7.14,5.9,2369,7.7706452341291765,92.0,44.0,2.090909090909091,46923,52152.0,2.0,1.0,-0.017491604981286945,-0.021560794295857277,-0.016009818799729597,-0.016009818799729597,-0.017491604981286945,-0.017491604981286945,-2.0360870361328125,2.0360870361328125,-2.0914840698242188,-2.565152645111084,-1.9189987182617188,-1.9189987182617188,-2.0914840698242188,-2.0914840698242188,-2.0914840698242188,1771.0,1771.0,116.40367126464844,-3.2176498413085937,-0.44115753173828093,2.7764923095703127,0.023852274412014426,0.8680856823921204,1.2078633308410645,0.002243563998490572,-0.004769321531057358,116.41111755371094
train,2-0-4-8_png.rf.b4f50584e2bf22caaa12db28d44feb07.jpg,/mnt/tf_data/TechFin/home/group_6/Data/white_balance_copy_layers.v10-argmented-10x.coco-segmentation/train/2-0-4-8_png.rf.b4f50584e2bf22caaa12db28d44feb07.jpg,355,451,1,png,largest_inner_median,largest_inner_median,2.0,4.8,9.6,6.8,904,6.807934943699926,26.0,60.0,0.43333333333333335,19601,21779.0,0.0,1.0,-0.030732712476228646,-0.03173135310446484,-0.02838634199547571,-0.02838634199547571,-0.030732712476228646,-0.030732712476228646,-2.7894363403320312,2.7894363403320312,-2.7722320556640625,-2.862873077392578,-2.55926513671875,-2.55926513671875,-2.7722320556640625,-2.7722320556640625,-2.7722320556640625,587.0,587.0,90.764404296875,-3.458953857421875,-1.3368156433105463,2.1221382141113287,0.023380732023207843,0.7892979383468628,0.9777524471282959,-0.010324071161448956,0.0009335674112662673,91.21031951904297
train,2-0-3-3_png.rf.9c5531256b21e11e568924492afe1956.jpg,/mnt/tf_data/TechFin/home/group_6/Data/white_balance_copy_layers.v10-argmented-10x.coco-segmentation/train/2-0-3-3_png.rf.9c5531256b21e11e568924492afe1956.jpg,357,453,2,png,largest_inner_median,largest_inner_median,2.0,3.3,6.6,5.3,509,6.234410725718371,25.0,45.0,0.5555555555555556,15105,16785.0,0.0,1.0,-0.09702482014225627,-0.09752012222176946,-0.08856092299055096,-0.08856092299055096,-0.09702482014225627,-0.09702482014225627,-13.079696655273438,13.079696655273438,-13.02191162109375,-13.088682174682617,-11.880912780761719,-11.880912780761719,-13.02191162109375,-13.02191162109375,-13.02191162109375,251.0,251.0,134.8077392578125,-13.89031982421875,-2.1724365234375003,11.71788330078125,0.08692292716497109,0.5099979043006897,4.29823637008667,0.0019403223413974047,0.0021759653463959694,134.51365661621094
train,1-4-3-6_png.rf.26d8158b73e3764143e7be4897487e34.jpg,/mnt/tf_data/TechFin/home/group_6/Data/white_balance_copy_layers.v10-argmented-10x.coco-segmentation/train/1-4-3-6_png.rf.26d8158b73e3764143e7be4897487e34.jpg,360,456,2,png,largest_inner_median,largest_inner_median,1.4,3.6,5.04,5.0,488,6.192362489474872,25.0,45.0,0.5555555555555556,15045,16717.0,0.0,1.0,-0.11639506195267005,-0.11705378806543947,-0.1119015206306422,-0.1119015206306422,-0.11639506195267005,-0.11639506195267005,-15.642593383789062,15.642593383789062,-15.624969482421875,-15.713497161865234,-15.021072387695312,-15.021072387695312,-15.624969482421875,-15.624969482421875,-15.624969482421875,231.0,231.0,134.39224243164062,-16.04735412597656,-4.997602844238281,11.049751281738281,0.0822201570701434,0.4760730266571045,4.192203998565674,-0.0010236221132799983,0.007002715487033129,133.82273864746094
train,1-1-4-8_png.rf.8e80226fd0575fbb21f5d715ad260a61.jpg,/mnt/tf_data/TechFin/home/group_6/Data/white_balance_copy_layers.v10-argmented-10x.coco-segmentation/train/1-1-4-8_png.rf.8e80226fd0575fbb21f5d715ad260a61.jpg,364,462,1,png,largest_inner_median,largest_inner_median,1.1,4.8,5.28,5.9,1557,7.351158226430694,121.0,42.0,2.880952380952381,45744,50828.0,0.0,1.0564961540222166,-0.064464210691277,-0.04073591081599263,-0.049783747092884995,-0.049783747092884995,-0.064464210691277,-0.064464210691277,-7.434783935546875,7.434783935546875,-7.514041900634766,-4.777410507202148,-5.820915222167969,-5.820915222167969,-7.514041900634766,-7.514041900634766,-7.514041900634766,930.0,930.0,115.33196258544922,-11.709442138671875,-1.264274597167965,10.44516754150391,0.0905661128740882,0.9941759705543518,3.7558343410491943,-0.0007426976226270199,-0.002762882737442851,115.7259521484375
train,2-0-4-8_png.rf.727ca4e024561ac8c8813a5d8128d2ee.jpg,/mnt/tf_data/TechFin/home/group_6/Data/white_balance_copy_layers.v10-argmented-10x.coco-segmentation/train/2-0-4-8_png.rf.727ca4e024561ac8c8813a5d8128d2ee.jpg,368,468,1,png,largest_inner_median,largest_inner_median,2.0,4.8,9.6,6.8,904,6.807934943699926,26.0,60.0,0.43333333333333335,19706,21896.0,0.0,1.0,-0.03442052774967494,-0.034945672926485725,-0.02949842141183303,-0.02949842141183303,-0.03442052774967494,-0.03442052774967494,-3.123668670654297,3.123668670654297,-3.0913314819335938,-3.138988494873047,-2.6446495056152344,-2.6446495056152344,-3.0913314819335938,-3.0913314819335938,-3.0913314819335938,587.0,587.0,90.75016784667969,-3.676982879638672,-1.0862831115722653,2.590699768066407,0.02854760304623716,0.8050775527954102,1.1237868070602417,0.009778887033462524,-0.00042467968887649477,90.30155181884766
train,2-0-3-6_png.rf.656aa8e752d24012a92ff12ce5366333.jpg,/mnt/tf_data/TechFin/home/group_6/Data/white_balance_copy_layers.v10-argmented-10x.coco-segmentation/train/2-0-3-6_png.rf.656aa8e752d24012a92ff12ce5366333.jpg,369,469,1,png,largest_inner_median,largest_inner_median,2.0,3.6,7.2,5.6,732,6.597145701886651,21.0,56.0,0.375,14275,15863.0,0.0,1.0,-0.04810594725380928,-0.04858324682450011,-0.04417192431110591,-0.04417192431110591,-0.04810594725380928,-0.04810594725380928,-4.712074279785156,4.712074279785156,-4.716056823730469,-4.7628092765808105,-4.330711364746094,-4.330711364746094,-4.716056823730469,-4.716056823730469,-4.716056823730469,444.0,444.0,97.95201110839844,-5.235158538818359,-1.7648391723632815,3.4703193664550778,0.03542877095820579,0.5633575320243835,1.3352771997451782,0.004878465551882982,7.787024514982477e-05,97.74300384521484
train,1-7-3-6-2-10-3_png.rf.575dbd5d080e4ea796d6fa89e6c10c76.jpg,/mnt/tf_data/TechFin/home/group_6/Data/white_balance_copy_layers.v10-argmented-10x.coco-segmentation/train/1-7-3-6-2-10-3_png.rf.575dbd5d080e4ea796d6fa89e6c10c76.jpg,370,470,2,2-10-3_png,largest_inner_median,largest_inner_median,1.7,3.6,6.12,5.3,5585,8.628018746505122,112.0,87.0,1.2873563218390804,123905,137236.0,0.0,1.0,-0.12941074667155483,-0.13071082695771766,-0.12878873372131486,-0.12878873372131486,-0.12941074667155483,-0.12941074667155483,-9.641304016113281,9.641304016113281,-9.582496643066406,-9.679354667663574,-9.536155700683594,-9.536155700683594,-9.582496643066406,-9.582496643066406,-9.582496643066406,4792.0,4792.0,74.50157165527344,-10.168423461914063,-8.177984619140624,1.9904388427734396,0.02671673628555661,0.7786868214607239,1.3816313743591309,-0.0009422970470041037,-0.0022389348596334457,75.10516357421875
train,1-4-4-2-3-10_png.rf.25c653b960a94f27acb9a5a2aff1d7c8.jpg,/mnt/tf_data/TechFin/home/group_6/Data/white_balance_copy_layers.v10-argmented-10x.coco-segmentation/train/1-4-4-2-3-10_png.rf.25c653b960a94f27acb9a5a2aff1d7c8.jpg,374,474,3,3-10_png,largest_inner_median,largest_inner_median,1.4,4.2,5.88,5.6,1127,7.028201432058005,43.0,40.0,1.075,22145,24607.0,0.0,1.0,-0.1910729530621946,-0.1921850696902343,-0.18792113903856988,-0.18792113903856988,-0.1910729530621946,-0.1910729530621946,-16.952674865722656,16.952674865722656,-16.89801025390625,-16.996681213378906,-16.618370056152344,-16.618370056152344,-16.89801025390625,-16.89801025390625,-16.89801025390625,807.0,807.0,88.72357177734375,-17.251519775390626,-11.362968444824219,5.888551330566408,0.0663696378832,0.724777102470398,3.1559739112854004,-0.005081799812614918,0.0011985709425061941,89.06505584716797
train,1-4-4-5-3-10_png.rf.0a3e6aec327c6788288b769f0b558dfb.jpg,/mnt/tf_data/TechFin/home/group_6/Data/white_balance_copy_layers.v10-argmented-10x.coco-segmentation/train/1-4-4-5-3-10_png.rf.0a3e6aec327c6788288b769f0b558dfb.jpg,377,477,3,3-10_png,largest_inner_median,largest_inner_median,1.4,4.5,6.3,5.9,1168,7.063903961472068,41.0,42.0,0.9761904761904762,22079,24533.0,0.0,1.0,-0.19621667963996361,-0.1963538092157916,-0.19234464385559075,-0.19234464385559075,-0.19621667963996361,-0.19621667963996361,-17.068397521972656,17.068397521972656,-17.003524780273438,-17.015453338623047,-16.666706085205078,-16.666706085205078,-17.003524780273438,-17.003524780273438,-17.003524780273438,840.0,840.0,86.98749542236328,-17.291838073730467,-9.516745758056642,7.775092315673826,0.08938172409634589,0.6947661638259888,3.8424205780029297,0.0005458464147523046,-0.005398482549935579,87.39917755126953
train,0-8-4-2-3-10-4_png.rf.afa3c14ea267b5b7af9751ee35810ece.jpg,/mnt/tf_data/TechFin/home/group_6/Data/white_balance_copy_layers.v10-argmented-10x.coco-segmentation/train/0-8-4-2-3-10-4_png.rf.afa3c14ea267b5b7af9751ee35810ece.jpg,378,478,3,3-10-4_png,largest_inner_median,largest_inner_median,0.8,4.2,3.3600000000000003,5.0,687,6.5337888379333435,23.0,53.0,0.4339622641509434,16192,17985.0,0.0,1.0,-0.17123744631732293,-0.17533288509777614,-0.13468338044958364,-0.13468338044958364,-0.17123744631732293,-0.17123744631732293,-22.147254943847656,22.147254943847656,-22.142601013183594,-22.672290802001953,-17.414825439453125,-17.414825439453125,-22.142601013183594,-22.142601013183594,-22.142601013183594,407.0,407.0,129.33651733398438,-23.31181945800781,-3.9018798828125014,19.40993957519531,0.1500731578002307,0.5600712895393372,7.433362007141113,-0.002488756086677313,0.005146359093487263,128.91844177246094
train,1-4-4-5_png.rf.6b104592dbb2b196ffda03d40e8d7ff8.jpg,/mnt/tf_data/TechFin/home/group_6/Data/white_balance_copy_layers.v10-argmented-10x.coco-segmentation/train/1-4-4-5_png.rf.6b104592dbb2b196ffda03d40e8d7ff8.jpg,380,480,1,png,largest_inner_median,largest_inner_median,1.4,4.5,6.3,5.9,776,6.655440350367647,23.0,60.0,0.38333333333333336,17212,19126.0,0.0,1.0,-0.0583184978815665,-0.058942071374114655,-0.05581180475648995,-0.05581180475648995,-0.0583184978815665,-0.0583184978815665,-6.898754119873047,6.898754119873047,-6.947235107421875,-7.021000385284424,-6.650707244873047,-6.650707244873047,-6.947235107421875,-6.947235107421875,-6.947235107421875,469.0,469.0,118.29444122314453,-7.384483337402344,-3.1510963439941406,4.233386993408203,0.03578686326792448,0.5366733074188232,1.9445226192474365,-0.006877766456454992,-0.0011080203112214804,118.7413558959961
train,0-8-3-6-3-10_png.rf.881fe12db69a1551fa2a2400ce3619fb.jpg,/mnt/tf_data/TechFin/home/group_6/Data/white_balance_copy_layers.v10-argmented-10x.coco-segmentation/train/0-8-3-6-3-10_png.rf.881fe12db69a1551fa2a2400ce3619fb.jpg,383,485,3,3-10_png,largest_inner_median,largest_inner_median,0.8,3.6,2.8800000000000003,4.4,1164,7.060476365999801,43.0,42.0,1.0238095238095237,22360,24932.0,2.0,1.0,-0.11172019094772943,-0.11259989411665808,-0.10933602718467363,-0.10933602718467363,-0.11172019094772943,-0.11172019094772943,-17.156089782714844,17.156089782714844,-17.086334228515625,-17.221424102783203,-16.72021484375,-16.72021484375,-17.086334228515625,-17.086334228515625,-17.086334228515625,838.0,838.0,153.56301879882812,-17.535847473144532,-10.117524719238281,7.418322753906251,0.04830800287681543,1.0108667612075806,3.3703198432922363,0.0009562321938574314,0.009941264055669308,152.63204956054688
train,0-8-4-2-3-10_png.rf.1399f51356d4f0de67dddbc5b7fe6f15.jpg,/mnt/tf_data/TechFin/home/group_6/Data/white_balance_copy_layers.v10-argmented-10x.coco-segmentation/train/0-8-4-2-3-10_png.rf.1399f51356d4f0de67dddbc5b7fe6f15.jpg,391,499,3,3-10_png,largest_inner_median,largest_inner_median,0.8,4.2,3.3600000000000003,5.0,1071,6.977281341630747,43.0,40.0,1.075,22550,24972.0,0.0,1.0,-0.16757341883335175,-0.17298099241082313,-0.16311794880156136,-0.16311794880156136,-0.16757341883335175,-0.16757341883335175,-23.210281372070312,23.210281372070312,-23.164093017578125,-23.9130859375,-22.546974182128906,-22.546974182128906,-23.164093017578125,-23.164093017578125,-23.164093017578125,757.0,757.0,138.5081329345703,-23.836692810058594,-13.7713623046875,10.065330505371094,0.07266959919332566,0.7894851565361023,4.277682304382324,-0.006259431596845388,-0.00043239229125902057,139.08642578125
train,1-1-4-5_png.rf.6b3ddd84650ba5c8b2efb1ac5ff59fa7.jpg,/mnt/tf_data/TechFin/home/group_6/Data/white_balance_copy_layers.v10-argmented-10x.coco-segmentation/train/1-1-4-5_png.rf.6b3ddd84650ba5c8b2efb1ac5ff59fa7.jpg,394,502,1,png,largest_inner_median,largest_inner_median,1.1,4.5,4.95,5.6,1573,7.3613754289773485,121.0,43.0,2.813953488372093,46833,52050.0,1.0,1.0643971252441407,-0.06529707869569071,-0.031091931291933987,-0.0419436238649511,-0.0419436238649511,-0.06529707869569071,-0.06529707869569071,-8.039070129394531,8.039070129394531,-8.084625244140625,-3.873447895050049,-5.2094573974609375,-5.2094573974609375,-8.084625244140625,-8.084625244140625,-8.084625244140625,938.0,938.0,123.11531066894531,-11.34564208984375,-0.35001678466796887,10.995625305175782,0.08931159938947647,1.0452245473861694,3.9792466163635254,-0.0010821131290867925,-0.002262960886582732,123.54926300048828
train,1-1-3-9-3-10-4_png.rf.2ac73102331695d1ab2a5504200617cf.jpg,/mnt/tf_data/TechFin/home/group_6/Data/white_balance_copy_layers.v10-argmented-10x.coco-segmentation/train/1-1-3-9-3-10-4_png.rf.2ac73102331695d1ab2a5504200617cf.jpg,395,503,3,3-10-4_png,largest_inner_median,largest_inner_median,1.1,3.9,4.29,5.0,668,6.505784060128229,24.0,53.0,0.4528301886792453,17042,18936.0,0.0,1.0,-0.1459283412117548,-0.148716228644185,-0.12498739460782622,-0.12498739460782622,-0.1459283412117548,-0.1459283412117548,-18.062034606933594,18.062034606933594,-18.04214859008789,-18.38721466064453,-15.450218200683594,-15.450218200683594,-18.04214859008789,-18.04214859008789,-18.04214859008789,390.0,390.0,123.7733154296875,-19.1571533203125,-3.5664634704589817,15.590689849853518,0.12596164040471386,0.6514488458633423,5.861849308013916,0.005495498888194561,-0.004828703124076128,124.02378845214844
train,0-8-4-2-3-10-4_png.rf.32e614811929c3c33837a26428790d9a.jpg,/mnt/tf_data/TechFin/home/group_6/Data/white_balance_copy_layers.v10-argmented-10x.coco-segmentation/train/0-8-4-2-3-10-4_png.rf.32e614811929c3c33837a26428790d9a.jpg,399,507,3,3-10-4_png,largest_inner_median,largest_inner_median,0.8,4.2,3.3600000000000003,5.0,686,6.532334292222349,23.0,53.0,0.4339622641509434,16164,17960.0,0.0,1.0,-0.1696022234816933,-0.16949767401026403,-0.13640688129044728,-0.13640688129044728,-0.1696022234816933,-0.1696022234816933,-21.931255340576172,21.931255340576172,-21.919170379638672,-21.905651092529297,-17.62668228149414,-17.62668228149414,-21.919170379638672,-21.919170379638672,-21.919170379638672,406.0,406.0,129.30995178222656,-24.03052520751953,-3.8580474853515625,20.17247772216797,0.1560009685576315,0.5667383670806885,7.701822280883789,0.0024348576553165913,-0.005175345111638308,129.75978088378906
train,1-7-4-2_png.rf.244772463cff895c7015201d58f5fad4.jpg,/mnt/tf_data/TechFin/home/group_6/Data/white_balance_copy_layers.v10-argmented-10x.coco-segmentation/train/1-7-4-2_png.rf.244772463cff895c7015201d58f5fad4.jpg,400,508,1,png,largest_inner_median,largest_inner_median,1.7,4.2,7.14,5.9,2369,7.7706452341291765,44.0,92.0,0.4782608695652174,46664,51866.0,1.0,1.0,-0.018023111821552897,-0.019655116754176086,-0.016656944854709716,-0.016656944854709716,-0.018023111821552897,-0.018023111821552897,-2.0975570678710938,2.0975570678710938,-2.1438369750976562,-2.3337721824645996,-1.9848403930664062,-1.9848403930664062,-2.1438369750976562,-2.1438369750976562,-2.1438369750976562,1771.0,1771.0,116.38151550292969,-3.7872711181640626,0.13121643066406546,3.918487548828128,0.033669329118931154,0.8627756237983704,1.5353692770004272,-0.0057009560987353325,-0.0021539456211030483,117.2839584350586
train,1-4-4-8_png.rf.87dfc1f856fb68be461ef8b18488de06.jpg,/mnt/tf_data/TechFin/home/group_6/Data/white_balance_copy_layers.v10-argmented-10x.coco-segmentation/train/1-4-4-8_png.rf.87dfc1f856fb68be461ef8b18488de06.jpg,401,509,1,png,largest_inner_median,largest_inner_median,1.4,4.8,6.72,6.199999999999999,1611,7.385230923066573,122.0,43.0,2.8372093023255816,59965,66629.0,0.0,1.0,-0.10634728736053654,-0.055518631537680906,-0.06541956894856926,-0.06541956894856926,-0.10634728736053654,-0.10634728736053654,-11.873546600341797,11.873546600341797,-11.905513763427734,-6.230555534362793,-7.3359832763671875,-7.3359832763671875,-11.905513763427734,-11.905513763427734,-11.905513763427734,972.0,972.0,111.64879608154297,-17.269271850585938,-1.3791122436523438,15.890159606933594,0.14232271340685285,0.8544104099273682,5.624390125274658,0.001010980224236846,-0.0031731282360851765,111.67449951171875
train,0-8-4-2-3-10_png.rf.49e84ea1ec5d1d77c8b5d6d7447e03ee.jpg,/mnt/tf_data/TechFin/home/group_6/Data/white_balance_copy_layers.v10-argmented-10x.coco-segmentation/train/0-8-4-2-3-10_png.rf.49e84ea1ec5d1d77c8b5d6d7447e03ee.jpg,402,510,3,3-10_png,largest_inner_median,largest_inner_median,0.8,4.2,3.3600000000000003,5.0,1072,6.9782137426306985,40.0,43.0,0.9302325581395349,22561,25063.0,0.0,1.0,-0.16808632253967387,-0.17240508824114642,-0.16434003189377966,-0.16434003189377966,-0.16808632253967387,-0.16808632253967387,-23.279037475585938,23.279037475585938,-23.215835571289062,-23.813961029052734,-22.69699478149414,-22.69699478149414,-23.215835571289062,-23.215835571289062,-23.215835571289062,757.0,757.0,138.49453735351562,-23.974530029296876,-14.767864227294922,9.206665802001954,0.06647674325595519,0.7961122393608093,4.285858154296875,-0.0004302502202335745,-0.005862561520189047,139.0393524169922
train,1-7-4-8_png.rf.2e077a6fe91b717e26ae13ca90d50061.jpg,/mnt/tf_data/TechFin/home/group_6/Data/white_balance_copy_layers.v10-argmented-10x.coco-segmentation/train/1-7-4-8_png.rf.2e077a6fe91b717e26ae13ca90d50061.jpg,403,511,1,png,largest_inner_median,largest_inner_median,1.7,4.8,8.16,6.5,778,6.658011045870748,58.0,22.0,2.6363636363636362,15474,17194.0,0.0,1.258533659362793,-0.02751312646456224,-0.02602299061276545,-0.02627506601122568,-0.02627506601122568,-0.02751312646456224,-0.02751312646456224,-2.8115005493164062,2.8115005493164062,-2.5824508666992188,-2.4301774501800537,-2.4559364318847656,-2.4559364318847656,-2.5824508666992188,-2.5824508666992188,-2.5824508666992188,487.0,487.0,102.18760681152344,-3.2407600402832033,-1.634819030761718,1.6059410095214852,0.01571561424746457,1.0253573656082153,0.6792029738426208,0.002880272688344121,0.005638844799250364,101.60759735107422
train,2-0-3-3_png.rf.d7763ba482f1f3733c6774bf95397686.jpg,/mnt/tf_data/TechFin/home/group_6/Data/white_balance_copy_layers.v10-argmented-10x.coco-segmentation/train/2-0-3-3_png.rf.d7763ba482f1f3733c6774bf95397686.jpg,410,524,2,png,largest_inner_median,largest_inner_median,2.0,3.3,6.6,5.3,509,6.234410725718371,25.0,45.0,0.5555555555555556,15105,16785.0,0.0,1.0,-0.09702482014225627,-0.09752012222176946,-0.08856092299055096,-0.08856092299055096,-0.09702482014225627,-0.09702482014225627,-13.079696655273438,13.079696655273438,-13.02191162109375,-13.088682174682617,-11.880912780761719,-11.880912780761719,-13.02191162109375,-13.02191162109375,-13.02191162109375,251.0,251.0,134.8077392578125,-13.89031982421875,-2.1724365234375003,11.71788330078125,0.08692292716497109,0.5099979043006897,4.29823637008667,0.0019403223413974047,0.0021759653463959694,134.51365661621094
train,1-1-3-9_png.rf.cec02f3a2c8235456114d8f169aeaa27.jpg,/mnt/tf_data/TechFin/home/group_6/Data/white_balance_copy_layers.v10-argmented-10x.coco-segmentation/train/1-1-3-9_png.rf.cec02f3a2c8235456114d8f169aeaa27.jpg,411,525,1,png,largest_inner_median,largest_inner_median,1.1,3.9,4.29,5.0,1567,7.357556200910353,121.0,42.0,2.880952380952381,45292,50326.0,0.0,1.198809782409668,-0.04577198087118065,-0.03672814094587961,-0.035293018386818684,-0.035293018386818684,-0.04577198087118065,-0.04577198087118065,-6.607734680175781,6.607734680175781,-6.718223571777344,-5.412636756896973,-5.2054595947265625,-5.2054595947265625,-6.718223571777344,-6.718223571777344,-6.718223571777344,936.0,936.0,144.36199951171875,-10.569424438476563,-0.8947174072265622,9.674707031250001,0.06701699244935054,1.066712737083435,3.5266826152801514,-0.0013696706155315042,-0.0026400191709399223,144.88645935058594
train,2-0-3-9_png.rf.6eb622b42bb98f533b2bcd9ff13092af.jpg,/mnt/tf_data/TechFin/home/group_6/Data/white_balance_copy_layers.v10-argmented-10x.coco-segmentation/train/2-0-3-9_png.rf.6eb622b42bb98f533b2bcd9ff13092af.jpg,414,530,1,png,largest_inner_median,largest_inner_median,2.0,3.9,7.8,5.9,1706,7.442492722794441,122.0,44.0,2.772727272727273,56891,63270.0,2.0,1.0,-0.07687532628726695,-0.04640366635751792,-0.048599450272657,-0.048599450272657,-0.07687532628726695,-0.07687532628726695,-7.3092193603515625,7.3092193603515625,-7.360725402832031,-4.46351432800293,-4.6722869873046875,-4.6722869873046875,-7.360725402832031,-7.360725402832031,-7.360725402832031,1062.0,1062.0,95.07887268066406,-11.341442108154297,-0.7230873107910156,10.618354797363281,0.11167943516775318,0.9109031558036804,3.822702407836914,0.00023338828759733588,-0.0045562018640339375,95.4092025756836
train,1-4-4-8_png.rf.2ff1dc20d3812790e47fca3ef95a54bd.jpg,/mnt/tf_data/TechFin/home/group_6/Data/white_balance_copy_layers.v10-argmented-10x.coco-segmentation/train/1-4-4-8_png.rf.2ff1dc20d3812790e47fca3ef95a54bd.jpg,415,531,1,png,largest_inner_median,largest_inner_median,1.4,4.8,6.72,6.199999999999999,871,6.77078942390898,27.0,60.0,0.45,20575,22861.0,0.0,1.0,-0.06707809755805798,-0.07119672100227828,-0.0635971339397861,-0.0635971339397861,-0.06707809755805798,-0.06707809755805798,-7.529541015625,7.529541015625,-7.5074005126953125,-7.969717502593994,-7.116661071777344,-7.116661071777344,-7.5074005126953125,-7.5074005126953125,-7.5074005126953125,553.0,553.0,112.2503662109375,-8.535087585449219,-2.2477645874023438,6.287322998046875,0.056011603438619766,0.4809160828590393,2.4698305130004883,0.00835872720927,-0.0001085589756257832,111.82059478759766
train,1-7-3-9_png.rf.b660ac7901fa485ed3ef66df727bcf77.jpg,/mnt/tf_data/TechFin/home/group_6/Data/white_balance_copy_layers.v10-argmented-10x.coco-segmentation/train/1-7-3-9_png.rf.b660ac7901fa485ed3ef66df727bcf77.jpg,416,532,2,png,largest_inner_median,largest_inner_median,1.7,3.9,6.63,5.6,554,6.318968113746434,25.0,47.0,0.5319148936170213,15881,17645.0,0.0,1.0,-0.17077548501931727,-0.17305629788410223,-0.15170953207489193,-0.15170953207489193,-0.17077548501931727,-0.17077548501931727,-21.099105834960938,21.099105834960938,-21.132888793945312,-21.41468048095703,-18.777313232421875,-18.777313232421875,-21.132888793945312,-21.132888793945312,-21.132888793945312,288.0,288.0,123.54879760742188,-22.114007568359376,-2.5575851440429687,19.55642242431641,0.15828905503764779,0.555294394493103,7.214300632476807,0.003912987187504768,0.005000615026801825,122.88396453857422
train,0-8-3-6-2-10-3_png.rf.4f76dad68f9a7611a350ee30feed20d9.jpg,/mnt/tf_data/TechFin/home/group_6/Data/white_balance_copy_layers.v10-argmented-10x.coco-segmentation/train/0-8-3-6-2-10-3_png.rf.4f76dad68f9a7611a350ee30feed20d9.jpg,417,533,2,2-10-3_png,largest_inner_median,largest_inner_median,0.8,3.6,2.8800000000000003,4.4,5723,8.652423140676342,113.0,89.0,1.2696629213483146,116887,129875.0,0.0,1.0651436737060547,-0.060837108760795754,-0.06219503423877128,-0.060516120280062896,-0.060516120280062896,-0.060837108760795754,-0.060837108760795754,-10.428573608398438,10.428573608398438,-10.424728393554688,-10.657501220703125,-10.369705200195312,-10.369705200195312,-10.424728393554688,-10.424728393554688,-10.424728393554688,4922.0,4922.0,171.41796875,-10.836126708984375,-9.508157348632812,1.3279693603515632,0.007746967077228088,1.0431853532791138,1.6243345737457275,-0.0005626452038995922,-0.0022499558981508017,171.94337463378906
train,2-3-3-3_png.rf.8c03b0daf81792fb290ef6e2e039e184.jpg,/mnt/tf_data/TechFin/home/group_6/Data/white_balance_copy_layers.v10-argmented-10x.coco-segmentation/train/2-3-3-3_png.rf.8c03b0daf81792fb290ef6e2e039e184.jpg,421,539,2,png,largest_inner_median,largest_inner_median,2.3,3.3,7.589999999999999,5.6,474,6.163314804034641,24.0,45.0,0.5333333333333333,14630,16255.0,0.0,1.0,-0.11680904682964036,-0.11647098928296248,-0.11074941433763727,-0.11074941433763727,-0.11680904682964036,-0.11680904682964036,-14.313167572021484,14.313167572021484,-14.361297607421875,-14.319873809814453,-13.618782043457031,-13.618782043457031,-14.361297607421875,-14.361297607421875,-14.361297607421875,221.0,221.0,122.53475189208984,-15.005408477783202,-4.137220001220704,10.868188476562498,0.08869474421536808,0.5515121221542358,4.041466236114502,0.004609445575624704,0.0021572585683315992,122.10890197753906
train,2-1-4-2-1_png.rf.fc87cb9d53563e4ac0729aaa3344a7bf.jpg,/mnt/tf_data/TechFin/home/group_6/Data/white_balance_copy_layers.v10-argmented-10x.coco-segmentation/train/2-1-4-2-1_png.rf.fc87cb9d53563e4ac0729aaa3344a7bf.jpg,422,540,1,1_png,largest_inner_median,largest_inner_median,2.1,4.2,8.82,6.300000000000001,2626,7.87359778968554,90.0,43.0,2.0930232558139537,44857,49860.0,1.0,1.022567788696289,-0.025347303818477086,-0.030394452323408,-0.023673386442937178,-0.023673386442937178,-0.025347303818477086,-0.025347303818477086,-2.2087249755859375,2.2087249755859375,-2.244049072265625,-2.683849811553955,-2.098186492919922,-2.098186492919922,-2.244049072265625,-2.244049072265625,-2.244049072265625,2059.0,2059.0,87.13845825195312,-2.8840980529785156,0.3007392883300781,3.1848373413085938,0.036549158720480444,0.9552329778671265,1.2878780364990234,0.0010734072420746088,-0.0057490672916173935,87.44621276855469
train,1-7-4-2-2-10-3_png.rf.61678f0602084ce8ab8564eff4254ea3.jpg,/mnt/tf_data/TechFin/home/group_6/Data/white_balance_copy_layers.v10-argmented-10x.coco-segmentation/train/1-7-4-2-2-10-3_png.rf.61678f0602084ce8ab8564eff4254ea3.jpg,426,546,2,2-10-3_png,largest_inner_median,largest_inner_median,1.7,4.2,7.14,5.9,5573,8.625868208041894,111.0,86.0,1.2906976744186047,123158,135294.0,0.0,1.0,-0.10333447069413151,-0.10579337530150765,-0.10270999264777483,-0.10270999264777483,-0.10333447069413151,-0.10333447069413151,-7.181196212768555,7.181196212768555,-7.181211471557617,-7.352092266082764,-7.137813568115234,-7.137813568115234,-7.181211471557617,-7.181211471557617,-7.181211471557617,4792.0,4792.0,69.49468231201172,-7.421009063720703,-6.0045921325683596,1.4164169311523436,0.020381659200815208,0.743083119392395,1.0963226556777954,-0.0006265340489335358,-0.002379915677011013,70.04124450683594
train,1-7-4-8_png.rf.f6b11df4dd88af9fe6dc3c4fecd57f94.jpg,/mnt/tf_data/TechFin/home/group_6/Data/white_balance_copy_layers.v10-argmented-10x.coco-segmentation/train/1-7-4-8_png.rf.f6b11df4dd88af9fe6dc3c4fecd57f94.jpg,433,557,1,png,largest_inner_median,largest_inner_median,1.7,4.8,8.16,6.5,777,6.656726524178391,22.0,58.0,0.3793103448275862,15282,16982.0,0.0,1.219498223876953,-0.02676529321833483,-0.028206661164538745,-0.025217493002785443,-0.025217493002785443,-0.02676529321833483,-0.02676529321833483,-2.734272003173828,2.734272003173828,-2.5737533569335938,-2.7209997177124023,-2.4156341552734375,-2.4156341552734375,-2.5737533569335938,-2.5737533569335938,-2.5737533569335938,486.0,486.0,102.1573715209961,-2.9763839721679686,-1.6402420043945314,1.3361419677734372,0.013079251627953486,0.978580117225647,0.6239475607872009,0.006296584848314524,-0.0033605003263801336,102.27643585205078
train,1-4-4-5_png.rf.0ce487ca51c71aa583992ad22012015c.jpg,/mnt/tf_data/TechFin/home/group_6/Data/white_balance_copy_layers.v10-argmented-10x.coco-segmentation/train/1-4-4-5_png.rf.0ce487ca51c71aa583992ad22012015c.jpg,435,561,1,png,largest_inner_median,largest_inner_median,1.4,4.5,6.3,5.9,775,6.654152520183219,23.0,60.0,0.38333333333333336,17239,19155.0,0.0,1.0,-0.05665263747565626,-0.05763291695922364,-0.0549693667296829,-0.0549693667296829,-0.05665263747565626,-0.05665263747565626,-6.701881408691406,6.701881408691406,-6.7457122802734375,-6.861677169799805,-6.5465850830078125,-6.5465850830078125,-6.7457122802734375,-6.7457122802734375,-6.7457122802734375,468.0,468.0,118.29778289794922,-7.4510498046875,-2.9009857177734353,4.550064086914064,0.038462801038623214,0.5299664735794067,1.9303395748138428,0.008015758357942104,0.0011191093362867832,117.79216003417969
train,1-4-4-8_png.rf.88cf206045f06ad2b5e3ecbe55e21fd0.jpg,/mnt/tf_data/TechFin/home/group_6/Data/white_balance_copy_layers.v10-argmented-10x.coco-segmentation/train/1-4-4-8_png.rf.88cf206045f06ad2b5e3ecbe55e21fd0.jpg,438,564,1,png,largest_inner_median,largest_inner_median,1.4,4.8,6.72,6.199999999999999,1611,7.385230923066573,43.0,122.0,0.3524590163934426,59971,66635.0,0.0,1.0,-0.10581792001235595,-0.056128843164611156,-0.06802629874933667,-0.06802629874933667,-0.10581792001235595,-0.10581792001235595,-11.813316345214844,11.813316345214844,-11.823173522949219,-6.27597713470459,-7.60418701171875,-7.60418701171875,-11.823173522949219,-11.823173522949219,-11.823173522949219,973.0,973.0,111.63814544677734,-17.038787841796875,-1.4585113525390625,15.580276489257812,0.13956050977831402,0.8605654239654541,5.6501145362854,-0.0038678280543535948,-0.0012773267226293683,112.28302001953125
train,1-7-3-9-3-10-4_png.rf.2755e5b8ddff0cfebbc7339de6a2febb.jpg,/mnt/tf_data/TechFin/home/group_6/Data/white_balance_copy_layers.v10-argmented-10x.coco-segmentation/train/1-7-3-9-3-10-4_png.rf.2755e5b8ddff0cfebbc7339de6a2febb.jpg,439,565,3,3-10-4_png,largest_inner_median,largest_inner_median,1.7,3.9,6.63,5.6,639,6.461468176353717,53.0,24.0,2.2083333333333335,17048,18944.0,0.0,1.0,-0.18478561640502641,-0.18976573731363727,-0.17081230929679442,-0.17081230929679442,-0.18478561640502641,-0.18478561640502641,-11.733524322509766,11.733524322509766,-11.734148025512695,-12.050375938415527,-10.846870422363281,-10.846870422363281,-11.734148025512695,-11.734148025512695,-11.734148025512695,356.0,356.0,63.49803924560547,-12.383792877197266,-3.7240760803222654,8.659716796875,0.13637770393791043,0.44591620564460754,3.3338873386383057,-0.0011640401789918542,-0.0043773045763373375,63.83293151855469
train,2-3-3-9_png.rf.c5c6e9f30466347f7727ca11bb5832c4.jpg,/mnt/tf_data/TechFin/home/group_6/Data/white_balance_copy_layers.v10-argmented-10x.coco-segmentation/train/2-3-3-9_png.rf.c5c6e9f30466347f7727ca11bb5832c4.jpg,440,566,2,png,largest_inner_median,largest_inner_median,2.3,3.9,8.969999999999999,6.199999999999999,499,6.214608098422191,23.0,46.0,0.5,14278,15866.0,0.0,1.0,-0.10756109345987479,-0.10391478349198856,-0.09905211637641262,-0.09905211637641262,-0.10756109345987479,-0.10756109345987479,-11.292438507080078,11.292438507080078,-11.325752258300781,-10.942939758300781,-10.432426452636719,-10.432426452636719,-11.325752258300781,-11.325752258300781,-11.325752258300781,244.0,244.0,104.98627471923828,-12.307980346679686,-2.7431045532226563,9.56487579345703,0.09110596427043532,0.4772031009197235,3.467299461364746,-0.00030750350560992956,0.003348993370309472,104.6977767944336
train,0-8-4-2-3-10-4_png.rf.8b974ce5fafa1b7273f4bec07328096b.jpg,/mnt/tf_data/TechFin/home/group_6/Data/white_balance_copy_layers.v10-argmented-10x.coco-segmentation/train/0-8-4-2-3-10-4_png.rf.8b974ce5fafa1b7273f4bec07328096b.jpg,442,568,3,3-10-4_png,largest_inner_median,largest_inner_median,0.8,4.2,3.3600000000000003,5.0,687,6.5337888379333435,53.0,23.0,2.3043478260869565,16439,17954.0,0.0,1.0,-0.16971087870931859,-0.17571484513217692,-0.1362716616206409,-0.1362716616206409,-0.16971087870931859,-0.16971087870931859,-21.948387145996094,21.948387145996094,-21.92638397216797,-22.702865600585938,-17.60175323486328,-17.60175323486328,-21.92638397216797,-21.92638397216797,-21.92638397216797,407.0,407.0,129.32810974121094,-24.464018249511717,-3.814021301269532,20.649996948242187,0.15967137376061083,0.5950519442558289,7.684001922607422,0.005735443904995918,0.003108949400484562,128.5912322998047
train,1-4-3-9_png.rf.ae3d2402cecd8d852971f2d3c2f59947.jpg,/mnt/tf_data/TechFin/home/group_6/Data/white_balance_copy_layers.v10-argmented-10x.coco-segmentation/train/1-4-3-9_png.rf.ae3d2402cecd8d852971f2d3c2f59947.jpg,443,569,2,png,largest_inner_median,largest_inner_median,1.4,3.9,5.46,5.3,504,6.22455842927536,23.0,46.0,0.5,14266,15848.0,0.0,1.0,-0.12151137886070262,-0.1183206247937712,-0.11217511509058166,-0.11217511509058166,-0.12151137886070262,-0.12151137886070262,-14.924362182617188,14.924362182617188,-14.917366027832031,-14.525468826293945,-13.770660400390625,-13.770660400390625,-14.917366027832031,-14.917366027832031,-14.917366027832031,251.0,251.0,122.82275390625,-15.745637512207031,-3.1333946228027347,12.612242889404296,0.1026865339547032,0.4300191402435303,4.673132419586182,-0.0019630829337984324,0.00484709907323122,122.47779846191406
train,2-0-3-3_png.rf.d997e09f68672a382c2bdef6011ea6ac.jpg,/mnt/tf_data/TechFin/home/group_6/Data/white_balance_copy_layers.v10-argmented-10x.coco-segmentation/train/2-0-3-3_png.rf.d997e09f68672a382c2bdef6011ea6ac.jpg,444,570,1,png,largest_inner_median,largest_inner_median,2.0,3.3,6.6,5.3,2496,7.822845290279774,38.0,87.0,0.4367816091954023,37657,41847.0,1.0,1.0,-0.02857748629609954,-0.03197359486630806,-0.02615618843369361,-0.02615618843369361,-0.02857748629609954,-0.02857748629609954,-2.9287109375,2.9287109375,-2.9294052124023438,-3.277449131011963,-2.681262969970703,-2.681262969970703,-2.9294052124023438,-2.9294052124023438,-2.9294052124023438,2013.0,2013.0,102.483154296875,-3.9951438903808594,-1.0678825378417969,2.9272613525390625,0.028563341679153635,0.7454517483711243,1.0612332820892334,-0.004329002927988768,-0.00292766559869051,103.31787872314453
train,1-4-3-3_png.rf.e05d4446cd2d865274fc40c888dda059.jpg,/mnt/tf_data/TechFin/home/group_6/Data/white_balance_copy_layers.v10-argmented-10x.coco-segmentation/train/1-4-3-3_png.rf.e05d4446cd2d865274fc40c888dda059.jpg,445,571,2,png,largest_inner_median,largest_inner_median,1.4,3.3,4.619999999999999,4.699999999999999,508,6.2324480165505225,25.0,46.0,0.5434782608695652,15447,17165.0,0.0,1.0,-0.0935587927291585,-0.09755448309478754,-0.08467650607502053,-0.08467650607502053,-0.0935587927291585,-0.0935587927291585,-13.797325134277344,13.797325134277344,-13.777976989746094,-14.367230415344238,-12.468086242675781,-12.468086242675781,-13.777976989746094,-13.777976989746094,-13.777976989746094,246.0,246.0,147.4722442626953,-14.684432983398438,-4.6776199340820295,10.006813049316408,0.06785556902145645,0.5509585738182068,3.7180144786834717,0.0009507053764536977,-0.00544729782268405,147.9375762939453
train,2-0-3-9_png.rf.0a4dd91fce94fc58b2a9e4612e818038.jpg,/mnt/tf_data/TechFin/home/group_6/Data/white_balance_copy_layers.v10-argmented-10x.coco-segmentation/train/2-0-3-9_png.rf.0a4dd91fce94fc58b2a9e4612e818038.jpg,449,577,1,png,largest_inner_median,largest_inner_median,2.0,3.9,7.8,5.9,1706,7.442492722794441,122.0,44.0,2.772727272727273,56891,63270.0,2.0,1.0,-0.07687532628726695,-0.04640366635751792,-0.048599450272657,-0.048599450272657,-0.07687532628726695,-0.07687532628726695,-7.3092193603515625,7.3092193603515625,-7.360725402832031,-4.46351432800293,-4.6722869873046875,-4.6722869873046875,-7.360725402832031,-7.360725402832031,-7.360725402832031,1062.0,1062.0,95.07887268066406,-11.341442108154297,-0.7230873107910156,10.618354797363281,0.11167943516775318,0.9109031558036804,3.822702407836914,0.00023338828759733588,-0.0045562018640339375,95.4092025756836
train,1-1-4-2_png.rf.a8ec38b0aa35e189fdeed4bc7054b59e.jpg,/mnt/tf_data/TechFin/home/group_6/Data/white_balance_copy_layers.v10-argmented-10x.coco-segmentation/train/1-1-4-2_png.rf.a8ec38b0aa35e189fdeed4bc7054b59e.jpg,452,584,1,png,largest_inner_median,largest_inner_median,1.1,4.2,4.620000000000001,5.300000000000001,1607,7.382746449738912,44.0,121.0,0.36363636363636365,47242,52492.0,0.0,1.234745910644531,-0.06279664594440566,-0.0065388841895596996,-0.0406688674833876,-0.0406688674833876,-0.06279664594440566,-0.06279664594440566,-8.430198669433594,8.430198669433594,-8.4962158203125,-0.9438362121582031,-5.5256500244140625,-5.5256500244140625,-8.4962158203125,-8.4962158203125,-8.4962158203125,967.0,967.0,134.24600219726562,-12.589083862304687,-1.0021392822265622,11.586944580078125,0.08631128220155022,1.1288481950759888,4.218064308166504,0.0030065288301557302,-0.0014775776071473956,134.31040954589844
train,1-1-3-9_png.rf.9d915d2df5113926528579d06ca15331.jpg,/mnt/tf_data/TechFin/home/group_6/Data/white_balance_copy_layers.v10-argmented-10x.coco-segmentation/train/1-1-3-9_png.rf.9d915d2df5113926528579d06ca15331.jpg,454,588,1,png,largest_inner_median,largest_inner_median,1.1,3.9,4.29,5.0,1565,7.356279876550748,121.0,42.0,2.880952380952381,45941,51047.0,0.0,1.2111052093505859,-0.04813072451645899,-0.028811034689984482,-0.03393070542879238,-0.03393070542879238,-0.04813072451645899,-0.04813072451645899,-6.948760986328125,6.948760986328125,-7.0608062744140625,-4.271571159362793,-5.010711669921875,-5.010711669921875,-7.0608062744140625,-7.0608062744140625,-7.0608062744140625,935.0,935.0,144.37266540527344,-10.388876342773438,-0.8188385009765621,9.570037841796875,0.06628704827837385,1.0806571245193481,3.4752345085144043,0.0014406507834792137,0.0029288921505212784,143.74429321289062
train,1-4-4-2-3-10_png.rf.e3750ae200a5faa3365b5be9523e0d23.jpg,/mnt/tf_data/TechFin/home/group_6/Data/white_balance_copy_layers.v10-argmented-10x.coco-segmentation/train/1-4-4-2-3-10_png.rf.e3750ae200a5faa3365b5be9523e0d23.jpg,456,590,3,3-10_png,largest_inner_median,largest_inner_median,1.4,4.2,5.88,5.6,1125,7.026426808699636,40.0,43.0,0.9302325581395349,22241,24713.0,0.0,1.0,-0.1914110526509026,-0.19345225888646328,-0.1878961315403702,-0.1878961315403702,-0.1914110526509026,-0.1914110526509026,-16.98406982421875,16.98406982421875,-16.946029663085938,-17.127147674560547,-16.63414764404297,-16.63414764404297,-16.946029663085938,-16.946029663085938,-16.946029663085938,805.0,805.0,88.73087310791016,-17.277851867675782,-11.577371215820312,5.70048065185547,0.0642446135396732,0.6818491816520691,3.027130603790283,-0.000827417999971658,-0.004336679819971323,89.17144775390625
train,0-8-3-6-2-10-3_png.rf.ce11139b9762e0067b27cdccda2f2ccb.jpg,/mnt/tf_data/TechFin/home/group_6/Data/white_balance_copy_layers.v10-argmented-10x.coco-segmentation/train/0-8-3-6-2-10-3_png.rf.ce11139b9762e0067b27cdccda2f2ccb.jpg,457,591,2,2-10-3_png,largest_inner_median,largest_inner_median,0.8,3.6,2.8800000000000003,4.4,5727,8.653121708640482,89.0,113.0,0.7876106194690266,119810,133332.0,2.0,1.1160560165405273,-0.06024001900674772,-0.05947382954062808,-0.060006088433064396,-0.060006088433064396,-0.06024001900674772,-0.06024001900674772,-10.314483642578125,10.314483642578125,-10.296096801757812,-10.164907455444336,-10.25604248046875,-10.25604248046875,-10.296096801757812,-10.296096801757812,-10.296096801757812,4926.0,4926.0,171.22311401367188,-10.57342529296875,-9.429782104492185,1.143643188476565,0.00667925703293334,1.105386734008789,1.6217796802520752,0.002289242809638381,-0.00036349674337543547,170.89346313476562
train,1-7-3-6_png.rf.4aa999cad155d62db9bdeb2722c92c2f.jpg,/mnt/tf_data/TechFin/home/group_6/Data/white_balance_copy_layers.v10-argmented-10x.coco-segmentation/train/1-7-3-6_png.rf.4aa999cad155d62db9bdeb2722c92c2f.jpg,460,594,2,png,largest_inner_median,largest_inner_median,1.7,3.6,6.12,5.3,540,6.293419278846481,25.0,46.0,0.5434782608695652,15641,17379.0,0.0,1.0,-0.15358232273449157,-0.15812618942434775,-0.13122385894681365,-0.13122385894681365,-0.15358232273449157,-0.15358232273449157,-20.50798797607422,20.50798797607422,-20.531410217285156,-21.13815689086914,-17.54586410522461,-17.54586410522461,-20.531410217285156,-20.531410217285156,-20.531410217285156,276.0,276.0,133.53091430664062,-21.579025268554688,-4.696731567382809,16.88229370117188,0.12642985176004523,0.5822502374649048,6.251315593719482,-0.0007431267877109349,0.008094768039882183,132.8325653076172
train,1-4-3-3_png.rf.6c12b27fc4600da0f778d31ef8828ceb.jpg,/mnt/tf_data/TechFin/home/group_6/Data/white_balance_copy_layers.v10-argmented-10x.coco-segmentation/train/1-4-3-3_png.rf.6c12b27fc4600da0f778d31ef8828ceb.jpg,461,595,1,png,largest_inner_median,largest_inner_median,1.4,3.3,4.619999999999999,4.699999999999999,836,6.729824070489475,60.0,24.0,2.5,17915,19907.0,0.0,1.0,-0.023377146583892727,-0.02380367187176012,-0.022110537871502692,-0.022110537871502692,-0.023377146583892727,-0.023377146583892727,-3.6470260620117188,3.6470260620117188,-3.6928176879882812,-3.759359121322632,-3.4952163696289062,-3.4952163696289062,-3.6928176879882812,-3.6928176879882812,-3.6928176879882812,526.0,526.0,156.0081787109375,-4.741203308105469,-1.9462661743164062,2.7949371337890625,0.017915324420059484,0.677327573299408,1.166049838066101,-0.0017680018208920956,-0.012860150076448917,156.86172485351562
train,1-7-3-6_png.rf.b6d1b522882cf77c5ff20af151754f6d.jpg,/mnt/tf_data/TechFin/home/group_6/Data/white_balance_copy_layers.v10-argmented-10x.coco-segmentation/train/1-7-3-6_png.rf.b6d1b522882cf77c5ff20af151754f6d.jpg,462,596,2,png,largest_inner_median,largest_inner_median,1.7,3.6,6.12,5.3,540,6.293419278846481,25.0,46.0,0.5434782608695652,15641,17379.0,0.0,1.0,-0.15358232273449157,-0.15812618942434775,-0.13122385894681365,-0.13122385894681365,-0.15358232273449157,-0.15358232273449157,-20.50798797607422,20.50798797607422,-20.531410217285156,-21.13815689086914,-17.54586410522461,-17.54586410522461,-20.531410217285156,-20.531410217285156,-20.531410217285156,276.0,276.0,133.53091430664062,-21.579025268554688,-4.696731567382809,16.88229370117188,0.12642985176004523,0.5822502374649048,6.251315593719482,-0.0007431267877109349,0.008094768039882183,132.8325653076172
train,1-1-4-8_png.rf.5c644d62c3d23e75341354edbb844799.jpg,/mnt/tf_data/TechFin/home/group_6/Data/white_balance_copy_layers.v10-argmented-10x.coco-segmentation/train/1-1-4-8_png.rf.5c644d62c3d23e75341354edbb844799.jpg,463,597,1,png,largest_inner_median,largest_inner_median,1.1,4.8,5.28,5.9,1557,7.351158226430694,121.0,42.0,2.880952380952381,45744,50828.0,0.0,1.0564961540222166,-0.064464210691277,-0.04073591081599263,-0.049783747092884995,-0.049783747092884995,-0.064464210691277,-0.064464210691277,-7.434783935546875,7.434783935546875,-7.514041900634766,-4.777410507202148,-5.820915222167969,-5.820915222167969,-7.514041900634766,-7.514041900634766,-7.514041900634766,930.0,930.0,115.33196258544922,-11.709442138671875,-1.264274597167965,10.44516754150391,0.0905661128740882,0.9941759705543518,3.7558343410491943,-0.0007426976226270199,-0.002762882737442851,115.7259521484375
train,1-1-3-6_png.rf.08243bfb598ebb5010e79703137a0c7b.jpg,/mnt/tf_data/TechFin/home/group_6/Data/white_balance_copy_layers.v10-argmented-10x.coco-segmentation/train/1-1-3-6_png.rf.08243bfb598ebb5010e79703137a0c7b.jpg,468,604,1,png,largest_inner_median,largest_inner_median,1.1,3.6,3.9600000000000004,4.7,1573,7.3613754289773485,43.0,121.0,0.35537190082644626,52638,58488.0,0.0,1.2313072631835937,-0.05953957111320918,-0.04459889612938091,-0.043926742415576994,-0.043926742415576994,-0.05953957111320918,-0.05953957111320918,-9.284881591796875,9.284881591796875,-9.305648803710938,-6.975729465484619,-6.87091064453125,-6.87091064453125,-9.305648803710938,-9.305648803710938,-9.305648803710938,937.0,937.0,155.94471740722656,-13.36876220703125,-1.3143218994140626,12.054440307617186,0.07729944629120587,1.0829248428344727,4.291847229003906,-0.003338705049827695,-8.72448508744128e-05,156.23855590820312
train,1-5-4-2-1_png.rf.dc8c4f3dc698447e865144a9afb43e1e.jpg,/mnt/tf_data/TechFin/home/group_6/Data/white_balance_copy_layers.v10-argmented-10x.coco-segmentation/train/1-5-4-2-1_png.rf.dc8c4f3dc698447e865144a9afb43e1e.jpg,471,609,1,1_png,largest_inner_median,largest_inner_median,1.5,4.2,6.300000000000001,5.7,2479,7.8160138391590275,87.0,39.0,2.230769230769231,38210,42468.0,1.0,1.0,-0.02749832258257713,-0.030727269239299387,-0.02527352587683467,-0.02527352587683467,-0.02749832258257713,-0.02749832258257713,-3.362834930419922,3.362834930419922,-3.415393829345703,-3.810269355773926,-3.1433181762695312,-3.1433181762695312,-3.415393829345703,-3.415393829345703,-3.415393829345703,1990.0,1990.0,122.29236602783203,-4.149853515625,-1.3056686401367188,2.8441848754882812,0.023257256097579997,0.8721168637275696,1.109329104423523,-0.002421834971755743,0.0055997236631810665,122.27485656738281
train,1-5-4-2-1_png.rf.f221ee518c6b279300e987aba484fe93.jpg,/mnt/tf_data/TechFin/home/group_6/Data/white_balance_copy_layers.v10-argmented-10x.coco-segmentation/train/1-5-4-2-1_png.rf.f221ee518c6b279300e987aba484fe93.jpg,472,610,1,1_png,largest_inner_median,largest_inner_median,1.5,4.2,6.300000000000001,5.7,2482,7.817222785508166,87.0,39.0,2.230769230769231,38310,42587.0,1.0,1.0,-0.026007540339732033,-0.02670119580552382,-0.024576944542842573,-0.024576944542842573,-0.026007540339732033,-0.026007540339732033,-3.180500030517578,3.180500030517578,-3.23779296875,-3.3226211071014404,-3.0628433227539062,-3.0628433227539062,-3.23779296875,-3.23779296875,-3.23779296875,1993.0,1993.0,122.29145812988281,-3.8687431335449216,-1.1950759887695312,2.6736671447753904,0.021863073559363018,0.8653872609138489,1.0144479274749756,0.002373070688918233,-0.006221896503120661,122.36234283447266
train,1-1-4-8_png.rf.d2f6a7fcede7201c7cf8f4c5c9fa2c69.jpg,/mnt/tf_data/TechFin/home/group_6/Data/white_balance_copy_layers.v10-argmented-10x.coco-segmentation/train/1-1-4-8_png.rf.d2f6a7fcede7201c7cf8f4c5c9fa2c69.jpg,474,614,1,png,largest_inner_median,largest_inner_median,1.1,4.8,5.28,5.9,1555,7.349873704738337,121.0,42.0,2.880952380952381,46145,51273.0,0.0,1.098568684387207,-0.0642668590576831,-0.04265076310921222,-0.04662159359849629,-0.04662159359849629,-0.0642668590576831,-0.0642668590576831,-7.412528991699219,7.412528991699219,-7.4912872314453125,-4.9980902671813965,-5.456085205078125,-5.456085205078125,-7.4912872314453125,-7.4912872314453125,-7.4912872314453125,928.0,928.0,115.33983612060547,-12.092269897460938,-1.101849365234375,10.990420532226562,0.09528729103390084,1.0199799537658691,3.9172208309173584,0.0006190175772644579,0.002744579454883933,114.94003295898438
train,1-1-3-3_png.rf.1a7af0f20a9508946184b7a67c0dad38.jpg,/mnt/tf_data/TechFin/home/group_6/Data/white_balance_copy_layers.v10-argmented-10x.coco-segmentation/train/1-1-3-3_png.rf.1a7af0f20a9508946184b7a67c0dad38.jpg,475,615,1,png,largest_inner_median,largest_inner_median,1.1,3.3,3.63,4.4,1557,7.351158226430694,44.0,122.0,0.36065573770491804,59150,65743.0,1.0,1.0,-0.0597896321638952,-0.03215478774295844,-0.03702434352832801,-0.03702434352832801,-0.0597896321638952,-0.0597896321638952,-10.05419921875,10.05419921875,-10.058929443359375,-5.411865711212158,-6.2307281494140625,-6.2307281494140625,-10.058929443359375,-10.058929443359375,-10.058929443359375,916.0,916.0,168.15957641601562,-14.903872680664062,-1.1933258056640619,13.710546875,0.08153295320559692,0.9489903450012207,4.871872901916504,-0.004065605346113443,-0.0011743182549253106,168.80560302734375
train,1-4-4-5_png.rf.3ef440770ce2c0236e8f8b2e1b05c827.jpg,/mnt/tf_data/TechFin/home/group_6/Data/white_balance_copy_layers.v10-argmented-10x.coco-segmentation/train/1-4-4-5_png.rf.3ef440770ce2c0236e8f8b2e1b05c827.jpg,476,616,1,png,largest_inner_median,largest_inner_median,1.4,4.5,6.3,5.9,1654,7.411556287811163,122.0,42.0,2.9047619047619047,58607,65206.0,2.0,1.0,-0.10058571625315696,-0.059472774800914036,-0.06626357856816378,-0.06626357856816378,-0.10058571625315696,-0.10058571625315696,-12.024795532226562,12.024795532226562,-12.028610229492188,-7.113650798797607,-7.92547607421875,-7.92547607421875,-12.028610229492188,-12.028610229492188,-12.028610229492188,1019.0,1019.0,119.54774475097656,-17.51435317993164,-1.660663604736328,15.853689575195311,0.1326138741322078,0.8823308944702148,5.687814712524414,0.0016223191050812602,-0.00325656752102077,119.42237854003906
train,1-4-4-5_png.rf.743c096448b283c2df65b7dc5a394803.jpg,/mnt/tf_data/TechFin/home/group_6/Data/white_balance_copy_layers.v10-argmented-10x.coco-segmentation/train/1-4-4-5_png.rf.743c096448b283c2df65b7dc5a394803.jpg,479,619,1,png,largest_inner_median,largest_inner_median,1.4,4.5,6.3,5.9,2517,7.831220214604293,38.0,88.0,0.4318181818181818,42051,46736.0,1.0,1.0,-0.04843673000405645,-0.049212889920338565,-0.04687297938645762,-0.04687297938645762,-0.04843673000405645,-0.04843673000405645,-5.766639709472656,5.766639709472656,-5.803215026855469,-5.895620822906494,-5.617042541503906,-5.617042541503906,-5.803215026855469,-5.803215026855469,-5.803215026855469,2027.0,2027.0,119.05509948730469,-6.573933410644531,-3.0820281982421873,3.4919052124023438,0.029330160803189276,0.8100523948669434,1.405800461769104,0.004615853074938059,0.0034863054752349854,118.08447265625
train,1-7-4-8_png.rf.c849c03211fb9ef7929718227b3cecaf.jpg,/mnt/tf_data/TechFin/home/group_6/Data/white_balance_copy_layers.v10-argmented-10x.coco-segmentation/train/1-7-4-8_png.rf.c849c03211fb9ef7929718227b3cecaf.jpg,482,626,1,png,largest_inner_median,largest_inner_median,1.7,4.8,8.16,6.5,2519,7.832014180505469,88.0,39.0,2.2564102564102564,38571,42969.0,2.0,1.0,-0.012256239222457539,-0.007366505729584168,-0.010444309438701246,-0.010444309438701246,-0.012256239222457539,-0.012256239222457539,-1.238250732421875,1.238250732421875,-1.2844696044921875,-0.7904586791992188,-1.101409912109375,-1.101409912109375,-1.2844696044921875,-1.2844696044921875,-1.2844696044921875,2029.0,2029.0,101.03023529052734,-2.2769515991210936,-0.0314682006835935,2.2454833984375,0.022225855378642655,0.9693663120269775,0.908097505569458,0.0017460111994296312,-0.00810240488499403,101.35604095458984
train,1-7-3-3_png.rf.23e9327ed79527f149c95d2a7d64545f.jpg,/mnt/tf_data/TechFin/home/group_6/Data/white_balance_copy_layers.v10-argmented-10x.coco-segmentation/train/1-7-3-3_png.rf.23e9327ed79527f149c95d2a7d64545f.jpg,486,630,2,png,largest_inner_median,largest_inner_median,1.7,3.3,5.609999999999999,5.0,535,6.284134161070802,25.0,46.0,0.5434782608695652,15690,17433.0,0.0,1.0,-0.1381768061654118,-0.13733948512813407,-0.12448207633852339,-0.12448207633852339,-0.1381768061654118,-0.1381768061654118,-20.149383544921875,20.149383544921875,-20.130943298339844,-20.00884246826172,-18.133934020996094,-18.133934020996094,-20.130943298339844,-20.130943298339844,-20.130943298339844,271.0,271.0,145.8231964111328,-20.84381561279297,-3.8186553955078106,17.02516021728516,0.1167520712499303,0.49253156781196594,6.318469524383545,0.002472023479640484,0.003957799635827541,145.33351135253906
train,1-4-4-2-3-10_png.rf.e9f0756e450c3ae4f416aa8bc3284735.jpg,/mnt/tf_data/TechFin/home/group_6/Data/white_balance_copy_layers.v10-argmented-10x.coco-segmentation/train/1-4-4-2-3-10_png.rf.e9f0756e450c3ae4f416aa8bc3284735.jpg,487,631,3,3-10_png,largest_inner_median,largest_inner_median,1.4,4.2,5.88,5.6,1123,7.024649030453636,43.0,40.0,1.075,22220,24690.0,0.0,1.0,-0.1897567546412219,-0.19166708957990522,-0.18595096557543583,-0.18595096557543583,-0.1897567546412219,-0.1897567546412219,-16.83087921142578,16.83087921142578,-16.78845977783203,-16.957901000976562,-16.450897216796875,-16.450897216796875,-16.78845977783203,-16.78845977783203,-16.78845977783203,805.0,805.0,88.69712829589844,-17.23303680419922,-10.969198608398413,6.2638381958008065,0.0706205298429088,0.6992250680923462,3.0922467708587646,0.005046223755925894,-0.0009535635472275317,88.34122467041016
train,1-7-3-9_png.rf.39a7650d5847262648165defb232aed8.jpg,/mnt/tf_data/TechFin/home/group_6/Data/white_balance_copy_layers.v10-argmented-10x.coco-segmentation/train/1-7-3-9_png.rf.39a7650d5847262648165defb232aed8.jpg,490,634,2,png,largest_inner_median,largest_inner_median,1.7,3.9,6.63,5.6,553,6.317164686747284,47.0,25.0,1.88,15886,17650.0,0.0,1.0,-0.17192448851021053,-0.1796990061750552,-0.15160943578253655,-0.15160943578253655,-0.17192448851021053,-0.17192448851021053,-21.253482818603516,21.253482818603516,-21.308013916015625,-22.269107818603516,-18.796646118164062,-18.796646118164062,-21.308013916015625,-21.308013916015625,-21.308013916015625,287.0,287.0,123.62103271484375,-22.241841125488282,-3.57919921875,18.662641906738283,0.15096655882002977,0.5915966629981995,7.044871807098389,-0.00571015477180481,0.004693306051194668,123.92351531982422
train,2-1-4-2-1_png.rf.8b7c7490369d01a0cc5ed1f2c872f043.jpg,/mnt/tf_data/TechFin/home/group_6/Data/white_balance_copy_layers.v10-argmented-10x.coco-segmentation/train/2-1-4-2-1_png.rf.8b7c7490369d01a0cc5ed1f2c872f043.jpg,491,635,1,1_png,largest_inner_median,largest_inner_median,2.1,4.2,8.82,6.300000000000001,2625,7.873217054862741,43.0,90.0,0.4777777777777778,42242,46936.0,0.0,1.0,-0.020227780420740357,-0.02211729047158079,-0.01883972101886339,-0.01883972101886339,-0.020227780420740357,-0.020227780420740357,-1.7604942321777344,1.7604942321777344,-1.8100166320800781,-1.9744672775268555,-1.689208984375,-1.689208984375,-1.8100166320800781,-1.8100166320800781,-1.8100166320800781,2058.0,2058.0,87.03348541259766,-2.27099609375,0.2504577636718734,2.5214538574218732,0.028971077573975976,0.8813675045967102,1.03355872631073,-0.004926311317831278,-0.00014758673205506057,87.49217987060547
train,1-4-4-5_png.rf.2bdab9377748f1054489555629853e58.jpg,/mnt/tf_data/TechFin/home/group_6/Data/white_balance_copy_layers.v10-argmented-10x.coco-segmentation/train/1-4-4-5_png.rf.2bdab9377748f1054489555629853e58.jpg,495,641,1,png,largest_inner_median,largest_inner_median,1.4,4.5,6.3,5.9,1659,7.414572881350589,122.0,42.0,2.9047619047619047,58917,65469.0,1.0,1.0,-0.09668689075547551,-0.05886742290840252,-0.06330567323171507,-0.06330567323171507,-0.09668689075547551,-0.09668689075547551,-11.543067932128906,11.543067932128906,-11.518074035644531,-7.002956390380859,-7.5328216552734375,-7.5328216552734375,-11.518074035644531,-11.518074035644531,-11.518074035644531,1024.0,1024.0,119.38607025146484,-17.225,-1.4832153320312498,15.741784667968751,0.13185612554975276,0.8531456589698792,5.636624813079834,-0.002123909769579768,0.0024294275790452957,119.70384216308594
train,1-1-3-6_png.rf.52cf67c051fccf0bf08dd8d3895348b0.jpg,/mnt/tf_data/TechFin/home/group_6/Data/white_balance_copy_layers.v10-argmented-10x.coco-segmentation/train/1-1-3-6_png.rf.52cf67c051fccf0bf08dd8d3895348b0.jpg,504,652,1,png,largest_inner_median,largest_inner_median,1.1,3.6,3.9600000000000004,4.7,1564,7.355641102974253,121.0,43.0,2.813953488372093,52701,58557.0,0.0,1.206082974243164,-0.05913851217834389,-0.04124270426302687,-0.041607466655605996,-0.041607466655605996,-0.05913851217834389,-0.05913851217834389,-9.224517822265625,9.224517822265625,-9.280685424804688,-6.489269256591797,-6.546165466308594,-6.546165466308594,-9.280685424804688,-9.280685424804688,-9.280685424804688,929.0,929.0,155.9815673828125,-13.736116027832031,-1.6195922851562499,12.116523742675781,0.07767920239536516,1.0834681987762451,4.491445064544678,0.0002219374437117949,0.004239675588905811,155.5386962890625
train,1-4-4-5_png.rf.e5c2748cb6162bee5e3bf0aa8e833c9e.jpg,/mnt/tf_data/TechFin/home/group_6/Data/white_balance_copy_layers.v10-argmented-10x.coco-segmentation/train/1-4-4-5_png.rf.e5c2748cb6162bee5e3bf0aa8e833c9e.jpg,509,659,1,png,largest_inner_median,largest_inner_median,1.4,4.5,6.3,5.9,1654,7.411556287811163,122.0,42.0,2.9047619047619047,58607,65206.0,2.0,1.0,-0.10058571625315696,-0.059472774800914036,-0.06626357856816378,-0.06626357856816378,-0.10058571625315696,-0.10058571625315696,-12.024795532226562,12.024795532226562,-12.028610229492188,-7.113650798797607,-7.92547607421875,-7.92547607421875,-12.028610229492188,-12.028610229492188,-12.028610229492188,1019.0,1019.0,119.54774475097656,-17.51435317993164,-1.660663604736328,15.853689575195311,0.1326138741322078,0.8823308944702148,5.687814712524414,0.0016223191050812602,-0.00325656752102077,119.42237854003906
train,0-8-3-9-3-10-4_png.rf.d272f5bbc55dbca35d4710e60e1ea6b6.jpg,/mnt/tf_data/TechFin/home/group_6/Data/white_balance_copy_layers.v10-argmented-10x.coco-segmentation/train/0-8-3-9-3-10-4_png.rf.d272f5bbc55dbca35d4710e60e1ea6b6.jpg,514,666,3,3-10-4_png,largest_inner_median,largest_inner_median,0.8,3.9,3.12,4.7,578,6.361302477572996,22.0,52.0,0.4230769230769231,15537,17264.0,0.0,1.0,-0.1279839218985959,-0.1316509129752156,-0.11399566778353193,-0.11399566778353193,-0.1279839218985959,-0.1279839218985959,-18.386444091796875,18.386444091796875,-18.386428833007812,-18.913236618041992,-16.376846313476562,-16.376846313476562,-18.386428833007812,-18.386428833007812,-18.386428833007812,313.0,313.0,143.66213989257812,-19.496703338623046,-6.510652160644507,12.986051177978538,0.09039299559152275,0.6477522850036621,5.248085975646973,-0.002553155180066824,0.007217912003397942,143.0467529296875
train,1-4-4-8_png.rf.5ba64bc0593d4feca0bf0153d8f4c954.jpg,/mnt/tf_data/TechFin/home/group_6/Data/white_balance_copy_layers.v10-argmented-10x.coco-segmentation/train/1-4-4-8_png.rf.5ba64bc0593d4feca0bf0153d8f4c954.jpg,516,668,1,png,largest_inner_median,largest_inner_median,1.4,4.8,6.72,6.199999999999999,873,6.773080375655535,27.0,60.0,0.45,20549,22830.0,0.0,1.0,-0.06642707769538103,-0.06897361677913061,-0.06349785171289643,-0.06349785171289643,-0.06642707769538103,-0.06642707769538103,-7.456230163574219,7.456230163574219,-7.415557861328125,-7.701398849487305,-7.086761474609375,-7.086761474609375,-7.415557861328125,-7.415557861328125,-7.415557861328125,555.0,555.0,112.2468490600586,-8.156625366210937,-2.062484741210935,6.094140625000002,0.054292309102942235,0.5192900896072388,2.3814070224761963,-0.008939754217863083,0.0008369850111193955,112.6400375366211
train,1-7-3-6_png.rf.65ed4d49d87c493b69ff02367ccd14b9.jpg,/mnt/tf_data/TechFin/home/group_6/Data/white_balance_copy_layers.v10-argmented-10x.coco-segmentation/train/1-7-3-6_png.rf.65ed4d49d87c493b69ff02367ccd14b9.jpg,518,670,2,png,largest_inner_median,largest_inner_median,1.7,3.6,6.12,5.3,540,6.293419278846481,46.0,25.0,1.84,15626,17364.0,0.0,1.0,-0.1520888093986423,-0.16102620511531165,-0.13539899088020846,-0.13539899088020846,-0.1520888093986423,-0.1520888093986423,-20.30651092529297,20.30651092529297,-20.32141876220703,-21.51471710205078,-18.093036651611328,-18.093036651611328,-20.32141876220703,-20.32141876220703,-20.32141876220703,276.0,276.0,133.5174560546875,-21.38419189453125,-4.898777770996094,16.485414123535154,0.12347010354049048,0.5589924454689026,6.314937114715576,0.007803998421877623,0.0010260321432724595,132.75784301757812
train,1-1-3-3_png.rf.6b53ca26f6223c8702dc62e2e4c6d183.jpg,/mnt/tf_data/TechFin/home/group_6/Data/white_balance_copy_layers.v10-argmented-10x.coco-segmentation/train/1-1-3-3_png.rf.6b53ca26f6223c8702dc62e2e4c6d183.jpg,525,679,1,png,largest_inner_median,largest_inner_median,1.1,3.3,3.63,4.4,1557,7.351158226430694,44.0,122.0,0.36065573770491804,59475,66109.0,2.0,1.0,-0.05832279728158522,-0.035485139471070085,-0.03656028861446708,-0.03656028861446708,-0.05832279728158522,-0.05832279728158522,-9.807174682617188,9.807174682617188,-9.807662963867188,-5.967433929443359,-6.148223876953125,-6.148223876953125,-9.807662963867188,-9.807662963867188,-9.807662963867188,916.0,916.0,168.1533660888672,-14.744607543945312,-1.0770385742187498,13.667568969726563,0.08128037688227666,0.943856954574585,4.863462448120117,0.004777554422616959,0.0009887631749734282,167.485107421875
train,1-1-3-9-3-10-4_png.rf.095fc92fb5aff7d1e8eb8227cc9cf051.jpg,/mnt/tf_data/TechFin/home/group_6/Data/white_balance_copy_layers.v10-argmented-10x.coco-segmentation/train/1-1-3-9-3-10-4_png.rf.095fc92fb5aff7d1e8eb8227cc9cf051.jpg,531,689,3,3-10-4_png,largest_inner_median,largest_inner_median,1.1,3.9,4.29,5.0,668,6.505784060128229,24.0,53.0,0.4528301886792453,17042,18936.0,0.0,1.0,-0.1459283412117548,-0.148716228644185,-0.12498739460782622,-0.12498739460782622,-0.1459283412117548,-0.1459283412117548,-18.062034606933594,18.062034606933594,-18.04214859008789,-18.38721466064453,-15.450218200683594,-15.450218200683594,-18.04214859008789,-18.04214859008789,-18.04214859008789,390.0,390.0,123.7733154296875,-19.1571533203125,-3.5664634704589817,15.590689849853518,0.12596164040471386,0.6514488458633423,5.861849308013916,0.005495498888194561,-0.004828703124076128,124.02378845214844
train,1-1-4-2_png.rf.4aede3fd6536e29fd76784b418284b7b.jpg,/mnt/tf_data/TechFin/home/group_6/Data/white_balance_copy_layers.v10-argmented-10x.coco-segmentation/train/1-1-4-2_png.rf.4aede3fd6536e29fd76784b418284b7b.jpg,532,690,1,png,largest_inner_median,largest_inner_median,1.1,4.2,4.620000000000001,5.300000000000001,1601,7.379008127628304,121.0,44.0,2.75,47622,52914.0,0.0,1.1648644500732421,-0.06395620423524503,-0.03801948866534546,-0.039990502895435154,-0.039990502895435154,-0.06395620423524503,-0.06395620423524503,-8.588432312011719,8.588432312011719,-8.673004150390625,-5.190062522888184,-5.454742431640625,-5.454742431640625,-8.673004150390625,-8.673004150390625,-8.673004150390625,961.0,961.0,134.28614807128906,-12.286895751953125,-0.8072052001953125,11.479690551757812,0.08548678115082682,1.0825475454330444,4.229257583618164,-0.0015392870409414172,-0.0028795853722840548,134.88633728027344
train,2-0-3-3_png.rf.764c2315c424f5d844e29648aee412f8.jpg,/mnt/tf_data/TechFin/home/group_6/Data/white_balance_copy_layers.v10-argmented-10x.coco-segmentation/train/2-0-3-3_png.rf.764c2315c424f5d844e29648aee412f8.jpg,533,691,1,png,largest_inner_median,largest_inner_median,2.0,3.3,6.6,5.3,726,6.588926477533519,22.0,55.0,0.4,14731,16369.0,0.0,1.0,-0.03249347461064698,-0.03365943706360655,-0.030392479218423363,-0.030392479218423363,-0.03249347461064698,-0.03249347461064698,-3.2782363891601562,3.2782363891601562,-3.2954177856445312,-3.413050651550293,-3.0834503173828125,-3.0834503173828125,-3.2954177856445312,-3.2954177856445312,-3.2954177856445312,449.0,449.0,100.88906860351562,-3.5499496459960938,-1.8906364440917969,1.6593132019042969,0.01644690772620014,0.7006651163101196,0.7805685997009277,0.004168287850916386,0.00010819143790286034,100.692626953125
train,2-0-3-6_png.rf.0abbbb97d914698652d4bc7d7ba66f38.jpg,/mnt/tf_data/TechFin/home/group_6/Data/white_balance_copy_layers.v10-argmented-10x.coco-segmentation/train/2-0-3-6_png.rf.0abbbb97d914698652d4bc7d7ba66f38.jpg,536,694,1,png,largest_inner_median,largest_inner_median,2.0,3.6,7.2,5.6,735,6.601230118728877,56.0,21.0,2.6666666666666665,14288,15876.0,0.0,1.0,-0.03771084105663647,-0.03949088326747281,-0.035701042207021506,-0.035701042207021506,-0.03771084105663647,-0.03771084105663647,-3.6955223083496094,3.6955223083496094,-3.6859130859375,-3.8603506088256836,-3.4889602661132812,-3.4889602661132812,-3.6859130859375,-3.6859130859375,-3.6859130859375,445.0,445.0,97.99628448486328,-4.100973510742188,-2.3090621948242185,1.7919113159179694,0.018285502612037825,0.591279149055481,0.921566903591156,0.0003345225704833865,0.007418382912874222,97.65533447265625
train,1-4-4-2_png.rf.02b92d73f43b3ede14ed2aca45bd4ff6.jpg,/mnt/tf_data/TechFin/home/group_6/Data/white_balance_copy_layers.v10-argmented-10x.coco-segmentation/train/1-4-4-2_png.rf.02b92d73f43b3ede14ed2aca45bd4ff6.jpg,539,697,1,png,largest_inner_median,largest_inner_median,1.4,4.2,5.88,5.6,1591,7.3727463664043285,121.0,43.0,2.813953488372093,59031,65595.0,1.0,1.0,-0.0929802351069679,-0.0528096300296699,-0.05776560805716528,-0.05776560805716528,-0.0929802351069679,-0.0929802351069679,-11.899356842041016,11.899356842041016,-11.915813446044922,-6.77488899230957,-7.409141540527344,-7.409141540527344,-11.915813446044922,-11.915813446044922,-11.915813446044922,956.0,956.0,127.9772720336914,-17.130943298339844,-1.8518295288085938,15.27911376953125,0.11938927535124251,0.8010754585266113,5.497199535369873,0.0014642293099313974,-0.0027669218834489584,127.86121368408203
train,2-3-3-9_png.rf.eb2c7e4b25c10df7db82b1dad938aba8.jpg,/mnt/tf_data/TechFin/home/group_6/Data/white_balance_copy_layers.v10-argmented-10x.coco-segmentation/train/2-3-3-9_png.rf.eb2c7e4b25c10df7db82b1dad938aba8.jpg,542,700,2,png,largest_inner_median,largest_inner_median,2.3,3.9,8.969999999999999,6.199999999999999,499,6.214608098422191,23.0,46.0,0.5,14278,15866.0,0.0,1.0,-0.10756109345987479,-0.10391478349198856,-0.09905211637641262,-0.09905211637641262,-0.10756109345987479,-0.10756109345987479,-11.292438507080078,11.292438507080078,-11.325752258300781,-10.942939758300781,-10.432426452636719,-10.432426452636719,-11.325752258300781,-11.325752258300781,-11.325752258300781,244.0,244.0,104.98627471923828,-12.307980346679686,-2.7431045532226563,9.56487579345703,0.09110596427043532,0.4772031009197235,3.467299461364746,-0.00030750350560992956,0.003348993370309472,104.6977767944336
test,1-4-3-6-2-10-3_png.rf.de4bfb174e6084ed184b1f55b0a12bb4.jpg,/mnt/tf_data/TechFin/home/group_6/Data/white_balance_copy_layers.v10-argmented-10x.coco-segmentation/test/1-4-3-6-2-10-3_png.rf.de4bfb174e6084ed184b1f55b0a12bb4.jpg,4,7,2,2-10-3_png,largest_inner_median,largest_inner_median,1.4,3.6,5.04,5.0,5725,8.65277248565806,112.0,88.0,1.2727272727272727,126034,138439.0,2.0,1.0,-0.11823614008896811,-0.11845193557566258,-0.11752262711951096,-0.11752262711951096,-0.11823614008896811,-0.11823614008896811,-12.08132553100586,12.08132553100586,-11.995384216308594,-12.017434120178223,-11.922477722167969,-11.922477722167969,-11.995384216308594,-11.995384216308594,-11.995384216308594,4939.0,4939.0,102.17963409423828,-12.752528381347656,-10.305488586425781,2.4470397949218743,0.023948410234714848,1.0007294416427612,1.9085302352905273,-0.0013084544334560633,-0.003731215139850974,103.13431549072266
test,1-4-3-6_png.rf.94166ef889a21009adbc131fe729cae5.jpg,/mnt/tf_data/TechFin/home/group_6/Data/white_balance_copy_layers.v10-argmented-10x.coco-segmentation/test/1-4-3-6_png.rf.94166ef889a21009adbc131fe729cae5.jpg,6,9,1,png,largest_inner_median,largest_inner_median,1.4,3.6,5.04,5.0,772,6.650279048587422,22.0,55.0,0.4,14687,16319.0,0.0,1.0,-0.038090714574030994,-0.039007671468089006,-0.036241447622991224,-0.036241447622991224,-0.038090714574030994,-0.038090714574030994,-5.569648742675781,5.569648742675781,-5.551017761230469,-5.68509578704834,-5.280616760253906,-5.280616760253906,-5.551017761230469,-5.551017761230469,-5.551017761230469,486.0,486.0,146.22064208984375,-6.083316040039063,-2.614390563964845,3.468925476074218,0.02372391084114357,0.5955198407173157,1.40389084815979,0.009060622192919254,0.0008274039137177169,145.73260498046875
test,2-0-3-9_png.rf.34713636c007ee56fae436cb69a9beac.jpg,/mnt/tf_data/TechFin/home/group_6/Data/white_balance_copy_layers.v10-argmented-10x.coco-segmentation/test/2-0-3-9_png.rf.34713636c007ee56fae436cb69a9beac.jpg,8,11,1,png,largest_inner_median,largest_inner_median,2.0,3.9,7.8,5.9,2403,7.784889295655098,87.0,37.0,2.3513513513513513,37179,41401.0,2.0,1.0,-0.030765766182884992,-0.03802844178624902,-0.028005960980030435,-0.028005960980030435,-0.030765766182884992,-0.030765766182884992,-3.01641845703125,3.01641845703125,-3.0761795043945312,-3.788245916366577,-2.8055953979492188,-2.8055953979492188,-3.0761795043945312,-3.0761795043945312,-3.0761795043945312,1916.0,1916.0,98.04463958740234,-3.8437774658203123,-1.1631790161132807,2.6805984497070314,0.027340591601822346,0.8834164142608643,1.0648025274276733,0.002323653781786561,-0.008457841351628304,98.26806640625
test,1-7-4-5-2-10-3_png.rf.7a0ebe9415369aa453fb93e9eb105038.jpg,/mnt/tf_data/TechFin/home/group_6/Data/white_balance_copy_layers.v10-argmented-10x.coco-segmentation/test/1-7-4-5-2-10-3_png.rf.7a0ebe9415369aa453fb93e9eb105038.jpg,13,18,2,2-10-3_png,largest_inner_median,largest_inner_median,1.7,4.5,7.6499999999999995,6.2,5706,8.649448770536708,112.0,87.0,1.2873563218390804,124715,138568.0,0.0,1.0,-0.11826527943212628,-0.12021527378595717,-0.11740678995651894,-0.11740678995651894,-0.11826527943212628,-0.11826527943212628,-8.134132385253906,8.134132385253906,-8.11883544921875,-8.25295352935791,-8.059789657592773,-8.059789657592773,-8.11883544921875,-8.11883544921875,-8.11883544921875,4925.0,4925.0,68.77870178222656,-8.523962020874023,-6.2123870849609375,2.311574935913086,0.033608877108966186,0.6972554922103882,1.4200880527496338,-0.0002831460442394018,-0.0021532231476157904,69.21128845214844
test,1-7-4-5-3-10_png.rf.b2d94d9130131c85cf4e201f44bb143d.jpg,/mnt/tf_data/TechFin/home/group_6/Data/white_balance_copy_layers.v10-argmented-10x.coco-segmentation/test/1-7-4-5-3-10_png.rf.b2d94d9130131c85cf4e201f44bb143d.jpg,15,20,3,3-10_png,largest_inner_median,largest_inner_median,1.7,4.5,7.6499999999999995,6.2,1065,6.97166860472579,39.0,41.0,0.9512195121951219,20523,22805.0,0.0,1.0,-0.21689028571947624,-0.21711219405852458,-0.2148316763632345,-0.2148316763632345,-0.21689028571947624,-0.21689028571947624,-13.662849426269531,13.662849426269531,-13.65353012084961,-13.667509078979492,-13.523849487304688,-13.523849487304688,-13.65353012084961,-13.65353012084961,-13.65353012084961,759.0,759.0,62.99428939819336,-13.892127990722656,-11.267794036865235,2.6243339538574215,0.041659870742707134,0.58693927526474,1.699535846710205,0.0019183405674993992,-0.0028596101328730583,63.07838439941406
test,1-8-4-2-1_png.rf.532738469c5d2a3b837b1935c2fba10a.jpg,/mnt/tf_data/TechFin/home/group_6/Data/white_balance_copy_layers.v10-argmented-10x.coco-segmentation/test/1-8-4-2-1_png.rf.532738469c5d2a3b837b1935c2fba10a.jpg,16,21,1,1_png,largest_inner_median,largest_inner_median,1.8,4.2,7.5600000000000005,6.0,2516,7.830822995135316,88.0,39.0,2.2564102564102564,39035,43391.0,1.0,1.0,-0.025097073852372885,-0.025792749577879498,-0.02322945056407498,-0.02322945056407498,-0.025097073852372885,-0.025097073852372885,-2.7624473571777344,2.7624473571777344,-2.748241424560547,-2.824814796447754,-2.5426712036132812,-2.5426712036132812,-2.748241424560547,-2.748241424560547,-2.748241424560547,2024.0,2024.0,110.07049560546875,-3.4963645935058594,-0.7374801635742188,2.7588844299316406,0.025064704349296744,0.906734049320221,1.032378077507019,0.00255076726898551,-0.006137512624263763,110.0950698852539
test,2-3-3-6_png.rf.9217a1d9cb368089e4f5d500f24e0f51.jpg,/mnt/tf_data/TechFin/home/group_6/Data/white_balance_copy_layers.v10-argmented-10x.coco-segmentation/test/2-3-3-6_png.rf.9217a1d9cb368089e4f5d500f24e0f51.jpg,17,22,2,png,largest_inner_median,largest_inner_median,2.3,3.6,8.28,5.9,515,6.246106765481563,25.0,47.0,0.5319148936170213,15744,17494.0,0.0,1.0,-0.1053916064476893,-0.10495352763369598,-0.08813753246982713,-0.08813753246982713,-0.1053916064476893,-0.1053916064476893,-11.923118591308594,11.923118591308594,-11.968353271484375,-11.918792724609375,-10.016372680664062,-10.016372680664062,-11.968353271484375,-11.968353271484375,-11.968353271484375,250.0,250.0,113.13157653808594,-12.625941467285156,-2.553384399414061,10.072557067871095,0.0890340024960242,0.5329616069793701,3.877985715866089,0.004154667723923922,0.0035812710411846638,112.58190155029297
test,1-4-4-2-2-10-3_png.rf.08591e73d122ce9d79052b0fd287b5c2.jpg,/mnt/tf_data/TechFin/home/group_6/Data/white_balance_copy_layers.v10-argmented-10x.coco-segmentation/test/1-4-4-2-2-10-3_png.rf.08591e73d122ce9d79052b0fd287b5c2.jpg,18,23,2,2-10-3_png,largest_inner_median,largest_inner_median,1.4,4.2,5.88,5.6,5631,8.63621989783788,112.0,88.0,1.2727272727272727,125371,139048.0,0.0,1.07937333984375,-0.10221375103025349,-0.10035840846771862,-0.1018367857887334,-0.1018367857887334,-0.10221375103025349,-0.10221375103025349,-9.89874267578125,9.89874267578125,-9.836441040039062,-9.656763076782227,-9.799934387207031,-9.799934387207031,-9.836441040039062,-9.836441040039062,-9.836441040039062,4849.0,4849.0,96.84355163574219,-10.173042297363281,-8.731636047363281,1.44140625,0.014883863981172063,0.9137597680091858,1.2618659734725952,0.00017459018272347748,-0.0026949415914714336,97.2702407836914
test,1-4-3-6_png.rf.c9fac55a9b88aaeb54a8de62e6c03005.jpg,/mnt/tf_data/TechFin/home/group_6/Data/white_balance_copy_layers.v10-argmented-10x.coco-segmentation/test/1-4-3-6_png.rf.c9fac55a9b88aaeb54a8de62e6c03005.jpg,20,25,1,png,largest_inner_median,largest_inner_median,1.4,3.6,5.04,5.0,1567,7.357556200910353,120.0,41.0,2.926829268292683,50865,56480.0,1.0,1.0296939331054686,-0.06317904435089232,-0.04278649099847638,-0.04505502269965094,-0.04505502269965094,-0.06320701041407464,-0.06317904435089232,-9.100509643554688,9.100509643554688,-9.14727783203125,-6.209869861602783,-6.5366363525390625,-6.5366363525390625,-9.15130615234375,-9.14727783203125,-9.14727783203125,944.0,943.0,144.0431671142578,-14.497964477539062,-1.482904052734372,13.015060424804691,0.09035527811243482,0.9730370044708252,4.664704322814941,0.0002135434333467856,-0.004143433179706335,144.31015014648438
test,1-1-4-2-3-10_png.rf.111fe89f04bb18925d48de896cae2a5a.jpg,/mnt/tf_data/TechFin/home/group_6/Data/white_balance_copy_layers.v10-argmented-10x.coco-segmentation/test/1-1-4-2-3-10_png.rf.111fe89f04bb18925d48de896cae2a5a.jpg,26,33,3,3-10_png,largest_inner_median,largest_inner_median,1.1,4.2,4.620000000000001,5.300000000000001,1155,7.052721049232323,39.0,44.0,0.8863636363636364,21655,24063.0,0.0,1.0,-0.1559650066166521,-0.15836294996549186,-0.1540654722738743,-0.1540654722738743,-0.1559650066166521,-0.1559650066166521,-18.935932159423828,18.935932159423828,-18.939990997314453,-19.231128692626953,-18.709365844726562,-18.709365844726562,-18.939990997314453,-18.939990997314453,-18.939990997314453,840.0,840.0,121.41141510009766,-19.29491729736328,-10.833749389648435,8.461167907714845,0.06969005262593335,0.7342374324798584,4.0428242683410645,0.0018968147924169898,-0.005345896817743778,121.74201202392578
test,2-0-3-9_png.rf.3f0a4c34e18e0813b0ffc93515d79fa9.jpg,/mnt/tf_data/TechFin/home/group_6/Data/white_balance_copy_layers.v10-argmented-10x.coco-segmentation/test/2-0-3-9_png.rf.3f0a4c34e18e0813b0ffc93515d79fa9.jpg,30,39,1,png,largest_inner_median,largest_inner_median,2.0,3.9,7.8,5.9,786,6.668228248417403,21.0,58.0,0.3620689655172414,14833,16483.0,0.0,1.0,-0.03134806745975785,-0.029539302562761778,-0.029863385825923294,-0.029863385825923294,-0.03134806745975785,-0.03134806745975785,-2.9967498779296875,2.9967498779296875,-2.9594345092773438,-2.7865238189697266,-2.8175048828125,-2.8175048828125,-2.9594345092773438,-2.9594345092773438,-2.9594345092773438,498.0,498.0,95.59600067138672,-3.9094505310058594,-1.7645263671875,2.1449241638183594,0.022437383873323127,0.6424514055252075,0.8885185122489929,0.006323454435914755,0.00022792225354351103,95.3051986694336
test,1-4-3-9_png.rf.90cdaf4d9e538d076d04bed9da9ff04b.jpg,/mnt/tf_data/TechFin/home/group_6/Data/white_balance_copy_layers.v10-argmented-10x.coco-segmentation/test/1-4-3-9_png.rf.90cdaf4d9e538d076d04bed9da9ff04b.jpg,34,43,1,png,largest_inner_median,largest_inner_median,1.4,3.9,5.46,5.3,1544,7.3427791893318455,121.0,43.0,2.813953488372093,55483,61686.0,1.0,1.0,-0.07534657441884207,-0.040199428237751675,-0.04798371490082087,-0.04798371490082087,-0.07534657441884207,-0.07534657441884207,-10.248023986816406,10.248023986816406,-10.298439025878906,-5.518012046813965,-6.5767669677734375,-6.5767669677734375,-10.298439025878906,-10.298439025878906,-10.298439025878906,908.0,908.0,136.01181030273438,-15.681902313232422,-1.5474365234374998,14.134465789794923,0.1039208709768255,0.9075401425361633,4.928640365600586,0.0005654753185808659,-0.0037482893094420433,136.19088745117188
test,1-4-3-9-3-10-4_png.rf.ec9583dd36766a16a024bb7505ace910.jpg,/mnt/tf_data/TechFin/home/group_6/Data/white_balance_copy_layers.v10-argmented-10x.coco-segmentation/test/1-4-3-9-3-10-4_png.rf.ec9583dd36766a16a024bb7505ace910.jpg,36,45,3,3-10-4_png,largest_inner_median,largest_inner_median,1.4,3.9,5.46,5.3,621,6.432940092739179,22.0,53.0,0.41509433962264153,15645,17385.0,0.0,1.0,-0.1614495756027709,-0.1658201430445285,-0.14169766494693675,-0.14169766494693675,-0.1614495756027709,-0.1614495756027709,-14.256786346435547,14.256786346435547,-14.239986419677734,-14.62592887878418,-12.495796203613281,-12.495796203613281,-14.239986419677734,-14.239986419677734,-14.239986419677734,350.0,350.0,88.30488586425781,-14.794235229492188,-3.783843994140625,11.010391235351562,0.12468609327321623,0.551200807094574,4.377440929412842,0.0013725277967751026,-0.005356586072593927,88.82561492919922
test,2-0-3-6_png.rf.0b08a6de60479d8a0156eb70a29e9261.jpg,/mnt/tf_data/TechFin/home/group_6/Data/white_balance_copy_layers.v10-argmented-10x.coco-segmentation/test/2-0-3-6_png.rf.0b08a6de60479d8a0156eb70a29e9261.jpg,37,46,2,png,largest_inner_median,largest_inner_median,2.0,3.6,7.2,5.6,503,6.222576268071369,25.0,45.0,0.5555555555555556,15083,16759.0,0.0,1.0,-0.10242890126776677,-0.10285786858273507,-0.09632681883653842,-0.09632681883653842,-0.10242890126776677,-0.10242890126776677,-12.660240173339844,12.660240173339844,-12.690704345703125,-12.743724822998047,-11.936485290527344,-11.936485290527344,-12.690704345703125,-12.690704345703125,-12.690704345703125,244.0,244.0,123.60027313232422,-13.258401489257812,-2.4056182861328126,10.852783203125,0.08780549531234616,0.5027381777763367,4.047558307647705,0.0021446114405989647,0.0035505229607224464,123.17127990722656
test,1-4-4-8-3-10-4_png.rf.2a34d3aa0faa8fdc173a699591b5faa3.jpg,/mnt/tf_data/TechFin/home/group_6/Data/white_balance_copy_layers.v10-argmented-10x.coco-segmentation/test/1-4-4-8-3-10-4_png.rf.2a34d3aa0faa8fdc173a699591b5faa3.jpg,40,49,3,3-10-4_png,largest_inner_median,largest_inner_median,1.4,4.8,6.72,6.199999999999999,673,6.513230110912307,24.0,55.0,0.43636363636363634,17731,19703.0,0.0,1.0,-0.17619551092585667,-0.17664165563327122,-0.159490872066833,-0.159490872066833,-0.17619551092585667,-0.17619551092585667,-14.908668518066406,14.908668518066406,-14.79644775390625,-14.834197998046875,-13.38299560546875,-13.38299560546875,-14.79644775390625,-14.79644775390625,-14.79644775390625,388.0,388.0,84.61434936523438,-16.64415740966797,-1.9353836059570264,14.708773803710942,0.17383308994342228,0.47570741176605225,5.486025333404541,0.0006920599262230098,-0.001540941302664578,84.7556381225586
test,1-7-4-5_png.rf.4443d5bd0616b6dbdc6b3b1ca48be4ba.jpg,/mnt/tf_data/TechFin/home/group_6/Data/white_balance_copy_layers.v10-argmented-10x.coco-segmentation/test/1-7-4-5_png.rf.4443d5bd0616b6dbdc6b3b1ca48be4ba.jpg,46,55,1,png,largest_inner_median,largest_inner_median,1.7,4.5,7.6499999999999995,6.2,2254,7.720905251936779,87.0,37.0,2.3513513513513513,35239,39157.0,1.0,1.0,-0.015373270501752172,-0.015365553997304807,-0.014622101412009335,-0.014622101412009335,-0.015373270501752172,-0.015373270501752172,-1.654632568359375,1.654632568359375,-1.7056808471679688,-1.7048503160476685,-1.6248321533203125,-1.6248321533203125,-1.7056808471679688,-1.7056808471679688,-1.7056808471679688,1773.0,1773.0,107.63048553466797,-2.266766357421875,-0.35090332031249993,1.915863037109375,0.017800375308093096,0.8138343095779419,0.7754824757575989,0.002064870437607169,-0.007546745706349611,107.83175659179688
test,1-1-4-2-3-10-4_png.rf.a04f2dcc0c64cc00794a1dfdd1e22c71.jpg,/mnt/tf_data/TechFin/home/group_6/Data/white_balance_copy_layers.v10-argmented-10x.coco-segmentation/test/1-1-4-2-3-10-4_png.rf.a04f2dcc0c64cc00794a1dfdd1e22c71.jpg,47,56,3,3-10-4_png,largest_inner_median,largest_inner_median,1.1,4.2,4.620000000000001,5.300000000000001,685,6.530877627725885,24.0,56.0,0.42857142857142855,18058,20065.0,0.0,1.0,-0.14451926210840124,-0.14952815284897403,-0.12150911350744699,-0.12150911350744699,-0.14451926210840124,-0.14451926210840124,-17.699569702148438,17.699569702148438,-17.67754364013672,-18.290992736816406,-14.859443664550781,-14.859443664550781,-17.67754364013672,-17.67754364013672,-17.67754364013672,391.0,391.0,122.4720458984375,-18.440159606933594,-4.599726867675781,13.840432739257814,0.11300891266840828,0.5933019518852234,5.411965370178223,0.002514561405405402,-0.00498330220580101,122.93448638916016
test,2-0-3-6_png.rf.8ef58e3a06be233bcc1884e628b19ad4.jpg,/mnt/tf_data/TechFin/home/group_6/Data/white_balance_copy_layers.v10-argmented-10x.coco-segmentation/test/2-0-3-6_png.rf.8ef58e3a06be233bcc1884e628b19ad4.jpg,49,58,1,png,largest_inner_median,largest_inner_median,2.0,3.6,7.2,5.6,2430,7.796057974316123,87.0,38.0,2.289473684210526,38173,42418.0,1.0,1.0,-0.034579512219152286,-0.03799558962738929,-0.03266159367449124,-0.03266159367449124,-0.034579512219152286,-0.034579512219152286,-3.470325469970703,3.470325469970703,-3.5307960510253906,-3.873626232147217,-3.33831787109375,-3.33831787109375,-3.5307960510253906,-3.5307960510253906,-3.5307960510253906,1946.0,1946.0,100.35784912109375,-4.131970977783203,-1.3810005187988283,2.7509704589843746,0.027411612375879038,0.7786170840263367,1.0871731042861938,0.0018407400930300355,-0.005867809522897005,100.48627471923828
test,1-1-4-5-3-10_png.rf.f29eaacfea174c5ccc844d4aaaf557f1.jpg,/mnt/tf_data/TechFin/home/group_6/Data/white_balance_copy_layers.v10-argmented-10x.coco-segmentation/test/1-1-4-5-3-10_png.rf.f29eaacfea174c5ccc844d4aaaf557f1.jpg,55,63,3,3-10_png,largest_inner_median,largest_inner_median,1.1,4.5,4.95,5.6,1164,7.060476365999801,43.0,43.0,1.0,23705,26339.0,0.0,1.0,-0.1602565741806248,-0.16094342688488258,-0.15783800558325875,-0.15783800558325875,-0.1602565741806248,-0.1602565741806248,-18.35986328125,18.35986328125,-18.373458862304688,-18.4521484375,-18.09637451171875,-18.09637451171875,-18.373458862304688,-18.373458862304688,-18.373458862304688,829.0,829.0,114.5654296875,-18.68895034790039,-10.160869598388663,8.528080749511728,0.07443851755956195,0.7225421071052551,4.16662073135376,0.0015926412306725979,-0.002937295474112034,114.67967224121094
test,1-4-4-5-3-10-4_png.rf.7262e317b01c2b5fbd1540e1c7679d0a.jpg,/mnt/tf_data/TechFin/home/group_6/Data/white_balance_copy_layers.v10-argmented-10x.coco-segmentation/test/1-4-4-5-3-10-4_png.rf.7262e317b01c2b5fbd1540e1c7679d0a.jpg,56,64,3,3-10-4_png,largest_inner_median,largest_inner_median,1.4,4.5,6.3,5.9,725,6.587550014824796,24.0,55.0,0.43636363636363634,17793,19676.0,0.0,1.0,-0.1760195543106352,-0.1832014200365203,-0.15273015760455264,-0.15273015760455264,-0.1760195543106352,-0.1760195543106352,-15.150047302246094,15.150047302246094,-15.096435546875,-15.714580535888672,-13.091911315917969,-13.091911315917969,-15.096435546875,-15.096435546875,-15.096435546875,437.0,437.0,86.07025146484375,-16.029124450683593,-2.425337219238281,13.603787231445311,0.15805446132572198,0.5498924255371094,5.220391273498535,0.003464652691036463,-0.004109598230570555,86.36921691894531
test,0-8-3-6-3-10-4_png.rf.788d58cdfafaeaf0e9bb83bdd77466a9.jpg,/mnt/tf_data/TechFin/home/group_6/Data/white_balance_copy_layers.v10-argmented-10x.coco-segmentation/test/0-8-3-6-3-10-4_png.rf.788d58cdfafaeaf0e9bb83bdd77466a9.jpg,59,67,3,3-10-4_png,largest_inner_median,largest_inner_median,0.8,3.6,2.8800000000000003,4.4,601,6.400257445308821,23.0,53.0,0.4339622641509434,16159,17955.0,0.0,1.0,-0.10221214623496924,-0.10189709773807004,-0.09480261896173608,-0.09480261896173608,-0.10221214623496924,-0.10221214623496924,-15.695419311523438,15.695419311523438,-15.733489990234375,-15.685111999511719,-14.595703125,-14.595703125,-15.733489990234375,-15.733489990234375,-15.733489990234375,319.0,319.0,153.55728149414062,-16.350357055664062,-5.327056884765625,11.023300170898438,0.07178624200454513,0.6024019122123718,4.439835071563721,0.0032994875218719244,-0.004983875434845686,153.95352172851562
test,0-8-4-5-2-10-3_png.rf.31a845318a46854e77e55e2b50199498.jpg,/mnt/tf_data/TechFin/home/group_6/Data/white_balance_copy_layers.v10-argmented-10x.coco-segmentation/test/0-8-4-5-2-10-3_png.rf.31a845318a46854e77e55e2b50199498.jpg,62,70,2,2-10-3_png,largest_inner_median,largest_inner_median,0.8,4.5,3.6,5.3,5781,8.662504922576291,112.0,89.0,1.2584269662921348,126693,140770.0,0.0,1.0637636901855467,-0.08275163239582609,-0.0844500964636089,-0.08239516871907185,-0.08239516871907185,-0.08275163239582609,-0.08275163239582609,-11.909103393554688,11.909103393554688,-11.945266723632812,-12.189699172973633,-11.893966674804688,-11.893966674804688,-11.945266723632812,-11.945266723632812,-11.945266723632812,4996.0,4996.0,143.913818359375,-12.700637817382812,-10.0137939453125,2.6868438720703125,0.018669811576820572,0.923132061958313,2.2355551719665527,-0.0005710088880732656,-0.001973437611013651,144.39175415039062
test,1-7-4-2-3-10-4_png.rf.1e76ab15c030a764a674b9a243c7a2aa.jpg,/mnt/tf_data/TechFin/home/group_6/Data/white_balance_copy_layers.v10-argmented-10x.coco-segmentation/test/1-7-4-2-3-10-4_png.rf.1e76ab15c030a764a674b9a243c7a2aa.jpg,63,71,3,3-10-4_png,largest_inner_median,largest_inner_median,1.7,4.2,7.14,5.9,667,6.504288173536645,23.0,53.0,0.4339622641509434,16165,17957.0,0.0,1.0,-0.17481532693698962,-0.18482534965787728,-0.15418369880606173,-0.15418369880606173,-0.17481532693698962,-0.17481532693698962,-10.949760437011719,10.949760437011719,-10.9884033203125,-11.615392684936523,-9.696117401123047,-9.696117401123047,-10.9884033203125,-10.9884033203125,-10.9884033203125,392.0,392.0,62.63615798950195,-11.693326568603515,-2.397483062744141,9.295843505859374,0.148410180385224,0.48821139335632324,3.564136028289795,0.0020772977732121944,-0.005987895652651787,63.19144821166992
test,2-0-4-2_png.rf.2ef3ee293321fc65615949c037a36495.jpg,/mnt/tf_data/TechFin/home/group_6/Data/white_balance_copy_layers.v10-argmented-10x.coco-segmentation/test/2-0-4-2_png.rf.2ef3ee293321fc65615949c037a36495.jpg,66,76,1,png,largest_inner_median,largest_inner_median,2.0,4.2,8.4,6.2,1627,7.395107546562485,122.0,42.0,2.9047619047619047,51176,56864.0,0.0,1.0,-0.07122783749693386,-0.041048741605195074,-0.05020759237525388,-0.05020759237525388,-0.07122783749693386,-0.07122783749693386,-6.604194641113281,6.604194641113281,-6.64703369140625,-3.848849296569824,-4.698051452636719,-4.698051452636719,-6.64703369140625,-6.64703369140625,-6.64703369140625,992.0,992.0,92.71929168701172,-10.63863525390625,-0.6486251831054688,9.99001007080078,0.10774467631314097,0.7809968590736389,3.538362979888916,-4.6987745008664206e-05,-0.002737375209107995,92.94880676269531
test,2-0-4-8_png.rf.2d52bb8aff1b120502abeefd67617ca7.jpg,/mnt/tf_data/TechFin/home/group_6/Data/white_balance_copy_layers.v10-argmented-10x.coco-segmentation/test/2-0-4-8_png.rf.2d52bb8aff1b120502abeefd67617ca7.jpg,69,81,1,png,largest_inner_median,largest_inner_median,2.0,4.8,9.6,6.8,1667,7.419380582918692,122.0,43.0,2.8372093023255816,52165,57963.0,0.0,1.0,-0.06206142788336853,-0.04004257879241401,-0.04342403540198154,-0.04342403540198154,-0.06206142788336853,-0.06206142788336853,-5.495399475097656,5.495399475097656,-5.6266937255859375,-3.676974296569824,-3.9763946533203125,-3.9763946533203125,-5.6266937255859375,-5.6266937255859375,-5.6266937255859375,1027.0,1027.0,88.54774475097656,-9.306320190429688,-0.3851135253906247,8.921206665039064,0.10075024146722467,0.8310782313346863,3.19012188911438,-0.00020909325394313782,-0.0028962367214262486,88.83416748046875
test,2-0-3-9_png.rf.96e2eba54080c2979a3227bbf7fce098.jpg,/mnt/tf_data/TechFin/home/group_6/Data/white_balance_copy_layers.v10-argmented-10x.coco-segmentation/test/2-0-3-9_png.rf.96e2eba54080c2979a3227bbf7fce098.jpg,70,82,2,png,largest_inner_median,largest_inner_median,2.0,3.9,7.8,5.9,508,6.2324480165505225,25.0,46.0,0.5434782608695652,15414,17128.0,0.0,1.0,-0.11430804940504374,-0.1106935236618622,-0.10620773904878529,-0.10620773904878529,-0.11430804940504374,-0.11430804940504374,-13.069873809814453,13.069873809814453,-13.095523834228516,-12.682242393493652,-12.169342041015625,-12.169342041015625,-13.095523834228516,-13.095523834228516,-13.095523834228516,250.0,250.0,114.33905029296875,-13.708702850341798,-2.413276672363277,11.29542617797852,0.09878887527084113,0.4674718677997589,4.242644786834717,-0.0009187515825033188,0.004614653065800667,113.9659423828125
test,1-1-3-6-3-10-4_png.rf.bd882e9887c3e86988688070473d8f55.jpg,/mnt/tf_data/TechFin/home/group_6/Data/white_balance_copy_layers.v10-argmented-10x.coco-segmentation/test/1-1-3-6-3-10-4_png.rf.bd882e9887c3e86988688070473d8f55.jpg,73,85,3,3-10-4_png,largest_inner_median,largest_inner_median,1.1,3.6,3.9600000000000004,4.7,625,6.439350371100098,21.0,54.0,0.3888888888888889,15098,16775.0,0.0,1.0,-0.14544640831250874,-0.1506144396851286,-0.12680734745468306,-0.12680734745468306,-0.14544640831250874,-0.14544640831250874,-18.178218841552734,18.178218841552734,-18.16949462890625,-18.815406799316406,-15.839942932128906,-15.839942932128906,-18.16949462890625,-18.16949462890625,-18.16949462890625,351.0,351.0,124.98224639892578,-19.046424865722656,-5.635330200195312,13.411094665527344,0.10730399758315283,0.7148049473762512,5.324464321136475,0.005899506155401468,-0.006100574973970652,125.40633392333984
test,1-1-3-6-3-10_png.rf.848e32cc2e5fd19df1d6054fe106449e.jpg,/mnt/tf_data/TechFin/home/group_6/Data/white_balance_copy_layers.v10-argmented-10x.coco-segmentation/test/1-1-3-6-3-10_png.rf.848e32cc2e5fd19df1d6054fe106449e.jpg,74,86,3,3-10_png,largest_inner_median,largest_inner_median,1.1,3.6,3.9600000000000004,4.7,1112,7.014814351275545,42.0,42.0,1.0,22587,25097.0,0.0,1.0,-0.1587216378717791,-0.16324049968398643,-0.1555333832795978,-0.1555333832795978,-0.1587216378717791,-0.1587216378717791,-20.133094787597656,20.133094787597656,-20.08216094970703,-20.655357360839844,-19.677745819091797,-19.677745819091797,-20.08216094970703,-20.08216094970703,-20.08216094970703,799.0,799.0,126.84530639648438,-20.550894927978515,-14.0163818359375,6.534513092041015,0.05151560808734918,0.8028663396835327,3.336867570877075,-0.0004615040961652994,-0.005929898004978895,127.38999938964844
test,1-1-4-5-2-10-3_png.rf.9db80844bc33bb67041eb18a63d6b8e9.jpg,/mnt/tf_data/TechFin/home/group_6/Data/white_balance_copy_layers.v10-argmented-10x.coco-segmentation/test/1-1-4-5-2-10-3_png.rf.9db80844bc33bb67041eb18a63d6b8e9.jpg,77,91,2,2-10-3_png,largest_inner_median,largest_inner_median,1.1,4.5,4.95,5.6,5682,8.645234541297121,111.0,87.0,1.2758620689655173,122187,135695.0,0.0,1.0,-0.07815857463327759,-0.07806607106030078,-0.07765838794260871,-0.07765838794260871,-0.07815857463327759,-0.07815857463327759,-9.917579650878906,9.917579650878906,-9.921562194824219,-9.90982437133789,-9.85809326171875,-9.85809326171875,-9.921562194824219,-9.921562194824219,-9.921562194824219,4901.0,4901.0,126.89048767089844,-10.461277770996094,-7.9953666687011715,2.465911102294923,0.019433380291598207,0.9105260372161865,2.04758358001709,0.0004634393844753504,-0.0027351488824933767,127.25570678710938
