split,filename,image_path,image_id,ann_id,layer,group,wb1,wb2,wb_product,wb_sum,area_px,log_area_px,bbox_w,bbox_h,bbox_aspect,roi_bg_pixels,ndg,delta_g,abs_delta_g,g_flake_median,g_bg_plane_median,g_delta_p10,g_delta_p90,g_delta_iqr,g_bg_std,g_flake_std,plane_a,plane_b,plane_c
train,2-0-4-2_png.rf.57c3a840ec9cb70e633c9f544f82335b.jpg,/mnt/tf_data/TechFin/home/group_6/Data/white_balance_copy_layers.v7i.coco-segmentation/train/2-0-4-2_png.rf.57c3a840ec9cb70e633c9f544f82335b.jpg,1,2,4,png,2.0,4.2,8.4,6.2,3890,8.266421472984554,191.0,58.0,3.293103448275862,95548,-0.22758053661709945,-22.288990020751953,22.288990020751953,75.0,97.93891143798828,-28.09867935180664,-14.303881835937501,13.79479751586914,26.45029067993164,5.728824138641357,-0.010824691504240036,-0.040356509387493134,157.50091552734375
train,1_7-4_2-3-100_png.rf.8cc4fccf8aef42906ae3d956c2292e20.jpg,/mnt/tf_data/TechFin/home/group_6/Data/white_balance_copy_layers.v7i.coco-segmentation/train/1_7-4_2-3-100_png.rf.8cc4fccf8aef42906ae3d956c2292e20.jpg,3,4,3,3-100_png,1.7,4.2,7.14,5.9,112422,11.630023821843135,420.0,429.0,0.9790209790209791,1124178,-0.12928715948948433,-9.386134147644043,9.386134147644043,63.0,72.59912109375,-10.545135498046875,-7.891316986083983,2.653818511962892,4.410155296325684,1.7012622356414795,-0.006163446698337793,-0.004819159861654043,80.65788269042969
train,1_7-3_9-3-100-4_png.rf.8c4880254fea02562928dc9abc6654e9.jpg,/mnt/tf_data/TechFin/home/group_6/Data/white_balance_copy_layers.v7i.coco-segmentation/train/1_7-3_9-3-100-4_png.rf.8c4880254fea02562928dc9abc6654e9.jpg,4,5,3,3-100-4_png,1.7,3.9,6.63,5.6,44124,10.694781794235597,196.0,453.0,0.4326710816777042,556328,-0.1534127758896098,-11.620429039001465,11.620429039001465,64.0,75.74616241455078,-12.483969116210938,-10.080044555664061,2.4039245605468764,3.2603347301483154,1.656907558441162,0.004837722517549992,-0.005003476981073618,75.52620697021484
train,0_8-3_6-3-100_png.rf.f16ff1a36a3d54da1be3382a757cb2d6.jpg,/mnt/tf_data/TechFin/home/group_6/Data/white_balance_copy_layers.v7i.coco-segmentation/train/0_8-3_6-3-100_png.rf.f16ff1a36a3d54da1be3382a757cb2d6.jpg,5,6,3,3-100_png,0.8,3.6,2.8800000000000003,4.4,113040,11.635505863745324,414.0,423.0,0.9787234042553191,1156380,-0.05196213307456184,-8.35290813446045,8.35290813446045,153.0,160.74990844726562,-10.352410888671875,-6.8217422485351555,3.530668640136719,6.011565685272217,1.8692851066589355,-0.003442254150286317,-0.006704417522996664,165.93914794921875
train,1_4-4_5-3-100-4_png.rf.67ca7e725d9762296194ffbde0c689f3.jpg,/mnt/tf_data/TechFin/home/group_6/Data/white_balance_copy_layers.v7i.coco-segmentation/train/1_4-4_5-3-100-4_png.rf.67ca7e725d9762296194ffbde0c689f3.jpg,6,7,3,3-100-4_png,1.4,4.5,6.3,5.9,44310,10.69898823220789,197.0,452.0,0.4358407079646018,559214,-0.10483175590805005,-10.100640296936035,10.100640296936035,86.0,96.35095977783203,-11.120101928710938,-8.846139526367187,2.2739624023437504,3.27755069732666,1.5700640678405762,0.005281887948513031,-0.005728464107960463,96.24919128417969
train,1_7-4_2-3-100-4_png.rf.ba829371261b6c68213d7c134e3422e9.jpg,/mnt/tf_data/TechFin/home/group_6/Data/white_balance_copy_layers.v7i.coco-segmentation/train/1_7-4_2-3-100-4_png.rf.ba829371261b6c68213d7c134e3422e9.jpg,7,8,3,3-100-4_png,1.7,4.2,7.14,5.9,44322,10.699259008661018,197.0,453.0,0.434878587196468,559210,-0.14602411060974507,-10.677342414855957,10.677342414855957,63.0,73.12040710449219,-11.59814682006836,-9.41231231689453,2.1858345031738295,2.9629225730895996,1.4639824628829956,0.004141754936426878,-0.00476031331345439,73.18508911132812
train,1_7-3_6-2-100-3_png.rf.8a038b949b97688962eff3900c27de8c.jpg,/mnt/tf_data/TechFin/home/group_6/Data/white_balance_copy_layers.v7i.coco-segmentation/train/1_7-3_6-2-100-3_png.rf.8a038b949b97688962eff3900c27de8c.jpg,9,10,2,2-100-3_png,1.7,3.6,6.12,5.3,559137,13.234151591079657,1070.0,906.0,1.1810154525386314,906209,-0.07814182142334052,-5.902100563049316,5.902100563049316,70.0,75.53062438964844,-9.09520263671875,-3.4417236328125,5.6534790039062495,17.337406158447266,2.772318124771118,-0.005694114603102207,0.002115724142640829,79.45526123046875
train,1-1-4-5-7-100-2_png.rf.d4490aeb7d6f5c196a4f0beb577cbf9b.jpg,/mnt/tf_data/TechFin/home/group_6/Data/white_balance_copy_layers.v7i.coco-segmentation/train/1-1-4-5-7-100-2_png.rf.d4490aeb7d6f5c196a4f0beb577cbf9b.jpg,10,11,7,7-100-2_png,1.1,4.5,4.95,5.6,49661,10.81299533211345,439.0,249.0,1.7630522088353413,921413,-0.3251018075037524,-42.90557098388672,42.90557098388672,89.0,131.97579956054688,-46.83763122558594,-39.82875061035156,7.008880615234375,6.61664342880249,5.725743770599365,-0.00010381903848610818,-0.0038232875522226095,133.8498077392578
train,1_1-4_8-3-100-4_png.rf.2918febcf14012f69acb5ec7c375e4a7.jpg,/mnt/tf_data/TechFin/home/group_6/Data/white_balance_copy_layers.v7i.coco-segmentation/train/1_1-4_8-3-100-4_png.rf.2918febcf14012f69acb5ec7c375e4a7.jpg,11,12,3,3-100-4_png,1.1,4.8,5.28,5.9,43910,10.689920137152056,197.0,452.0,0.4358407079646018,559618,-0.10613647137440126,-13.877233505249023,13.877233505249023,117.0,130.74896240234375,-14.94283447265625,-11.946076965332031,2.9967575073242188,4.24228572845459,2.037170171737671,0.0057987733744084835,-0.007336919661611319,131.20960998535156
train,2-0-3-3_png.rf.b3288a171b18271000868ed152c4a082.jpg,/mnt/tf_data/TechFin/home/group_6/Data/white_balance_copy_layers.v7i.coco-segmentation/train/2-0-3-3_png.rf.b3288a171b18271000868ed152c4a082.jpg,12,13,2,png,2.0,3.3,6.6,5.3,994,6.902742737158593,35.0,63.0,0.5555555555555556,18738,-0.08163674583546617,-11.002002716064453,11.002002716064453,123.0,134.7677764892578,-14.788742065429688,-4.697450256347655,10.091291809082033,1.3907631635665894,3.905052661895752,0.0031524808146059513,0.002879171632230282,127.79696655273438
train,1-7-4-2_png.rf.a0c8cd567cf1c01c15786eb9f5331acb.jpg,/mnt/tf_data/TechFin/home/group_6/Data/white_balance_copy_layers.v7i.coco-segmentation/train/1-7-4-2_png.rf.a0c8cd567cf1c01c15786eb9f5331acb.jpg,13,14,4,png,1.7,4.2,7.14,5.9,8456,9.042749779782222,170.0,100.0,1.7,134554,-0.16918820026483278,-19.744705200195312,19.744705200195312,97.0,116.7026138305664,-21.65130615234375,-17.356521606445312,4.2947845458984375,17.266294479370117,3.2870547771453857,-0.004873431753367186,-0.003607888240367174,127.53605651855469
train,1-7-4-2_png.rf.a0c8cd567cf1c01c15786eb9f5331acb.jpg,/mnt/tf_data/TechFin/home/group_6/Data/white_balance_copy_layers.v7i.coco-segmentation/train/1-7-4-2_png.rf.a0c8cd567cf1c01c15786eb9f5331acb.jpg,13,15,3,png,1.7,4.2,7.14,5.9,6568,8.790116892892472,157.0,80.0,1.9625,94495,-0.1462776272803513,-17.34479331970215,17.34479331970215,101.0,118.57447814941406,-19.231890869140624,-15.29024658203125,3.9416442871093746,19.58562469482422,1.5169117450714111,-0.017037754878401756,-0.0013136338675394654,145.30484008789062
train,1-7-4-2_png.rf.a0c8cd567cf1c01c15786eb9f5331acb.jpg,/mnt/tf_data/TechFin/home/group_6/Data/white_balance_copy_layers.v7i.coco-segmentation/train/1-7-4-2_png.rf.a0c8cd567cf1c01c15786eb9f5331acb.jpg,13,16,4,png,1.7,4.2,7.14,5.9,2400,7.783640596221253,106.0,48.0,2.2083333333333335,31886,-0.15042423609349692,-17.44695281982422,17.44695281982422,98.0,115.9849853515625,-19.991146087646484,-11.070477294921876,8.920668792724609,4.247264385223389,4.193669319152832,0.0016914751613512635,-0.006954338401556015,120.84803771972656
train,2-0-3-3_png.rf.59723c7c1da78c12c799a07ad00b631e.jpg,/mnt/tf_data/TechFin/home/group_6/Data/white_balance_copy_layers.v7i.coco-segmentation/train/2-0-3-3_png.rf.59723c7c1da78c12c799a07ad00b631e.jpg,14,17,1,png,2.0,3.3,6.6,5.3,4875,8.492080490601163,123.0,53.0,2.3207547169811322,53605,-0.034274942427468875,-3.5400702953338623,3.5400702953338623,100.0,103.28450012207031,-5.845013427734375,-1.3431732177734375,4.501840209960937,5.394947528839111,1.845327377319336,0.006188923493027687,-0.006381867453455925,101.15523529052734
train,2-1-4-2-1_png.rf.36f8d96e373b6d31efde0dfce503e0f3.jpg,/mnt/tf_data/TechFin/home/group_6/Data/white_balance_copy_layers.v7i.coco-segmentation/train/2-1-4-2-1_png.rf.36f8d96e373b6d31efde0dfce503e0f3.jpg,15,18,1,1_png,2.1,4.2,8.82,6.300000000000001,5172,8.551208070003515,126.0,61.0,2.0655737704918034,63738,-0.02920082686669174,-2.569899559020996,2.569899559020996,85.0,88.00776672363281,-4.289591979980469,-0.43116378784179654,3.8584281921386725,5.604515075683594,1.6889560222625732,0.0049941763281822205,-0.00851393211632967,89.70823669433594
train,1_4-4_8-6-100-6_png.rf.584d56d702b39d097e198f5416dccacd.jpg,/mnt/tf_data/TechFin/home/group_6/Data/white_balance_copy_layers.v7i.coco-segmentation/train/1_4-4_8-6-100-6_png.rf.584d56d702b39d097e198f5416dccacd.jpg,16,19,6,6-100-6_png,1.4,4.8,6.72,6.199999999999999,158284,11.972152484588491,332.0,1022.0,0.324853228962818,856932,-0.21667624402106941,-20.217912673950195,20.217912673950195,73.0,93.30931854248047,-23.770025634765624,-17.034578704833983,6.735446929931641,12.873465538024902,3.9791295528411865,-0.009251969866454601,-8.382157830055803e-05,100.07797241210938
train,1_7-3_6-3-100_png.rf.42845efd88c5a023f289f2f8db585812.jpg,/mnt/tf_data/TechFin/home/group_6/Data/white_balance_copy_layers.v7i.coco-segmentation/train/1_7-3_6-3-100_png.rf.42845efd88c5a023f289f2f8db585812.jpg,17,20,3,3-100_png,1.7,3.6,6.12,5.3,113745,11.641723171359734,408.0,431.0,0.9466357308584686,1137215,-0.10955090340007184,-8.59103012084961,8.59103012084961,70.0,78.42044067382812,-10.064988708496093,-7.111793518066406,2.953195190429687,4.388982772827148,1.6850967407226562,-0.002099032513797283,-0.004687741864472628,81.83454895019531
train,1-4-4-8_png.rf.f3aa59e57f5ca72aeea7e50439585d64.jpg,/mnt/tf_data/TechFin/home/group_6/Data/white_balance_copy_layers.v7i.coco-segmentation/train/1-4-4-8_png.rf.f3aa59e57f5ca72aeea7e50439585d64.jpg,18,21,1,png,1.4,4.8,6.72,6.199999999999999,1628,7.395721608602045,36.0,83.0,0.43373493975903615,25130,-0.05618259914752899,-6.291782855987549,6.291782855987549,105.0,111.98810577392578,-8.92208023071289,-1.919770812988282,7.002309417724608,7.84995698928833,2.7409446239471436,0.008767602033913136,0.00453227898105979,96.13473510742188
train,2-0-4-8_png.rf.2d8d88db83f1bf04c97fdc68c81744e1.jpg,/mnt/tf_data/TechFin/home/group_6/Data/white_balance_copy_layers.v7i.coco-segmentation/train/2-0-4-8_png.rf.2d8d88db83f1bf04c97fdc68c81744e1.jpg,19,22,8,png,2.0,4.8,9.6,6.8,371,5.918893854273146,44.0,31.0,1.4193548387096775,10722,-0.6166846563248156,-56.0775260925293,56.0775260925293,34.0,90.93387603759766,-61.92033386230469,-43.93486022949219,17.9854736328125,4.403151512145996,10.326126098632812,-0.005317090544849634,0.006769757252186537,92.55884552001953
train,2-0-4-8_png.rf.2d8d88db83f1bf04c97fdc68c81744e1.jpg,/mnt/tf_data/TechFin/home/group_6/Data/white_balance_copy_layers.v7i.coco-segmentation/train/2-0-4-8_png.rf.2d8d88db83f1bf04c97fdc68c81744e1.jpg,19,23,7,png,2.0,4.8,9.6,6.8,1857,7.527255919373784,63.0,93.0,0.6774193548387096,50703,-0.47862729570181345,-50.251914978027344,50.251914978027344,52.0,104.99174499511719,-63.9959228515625,-25.376629638671858,38.61929321289064,37.87343978881836,16.742366790771484,0.23731794953346252,-0.018152326345443726,-108.41575622558594
train,2-0-4-8_png.rf.2d8d88db83f1bf04c97fdc68c81744e1.jpg,/mnt/tf_data/TechFin/home/group_6/Data/white_balance_copy_layers.v7i.coco-segmentation/train/2-0-4-8_png.rf.2d8d88db83f1bf04c97fdc68c81744e1.jpg,19,24,6,png,2.0,4.8,9.6,6.8,947,6.854354502255021,64.0,23.0,2.782608695652174,11730,-0.4411263279369049,-40.141136169433594,40.141136169433594,48.0,90.99691772460938,-47.94969482421875,-14.907176208496095,33.042518615722656,7.924598693847656,12.850953102111816,-0.0056311385706067085,0.00941667053848505,90.66374969482422
train,1_4-3_6-6-100-6_png.rf.50558fcc8fa995efa39f338aa6c762e6.jpg,/mnt/tf_data/TechFin/home/group_6/Data/white_balance_copy_layers.v7i.coco-segmentation/train/1_4-3_6-6-100-6_png.rf.50558fcc8fa995efa39f338aa6c762e6.jpg,20,25,6,6-100-6_png,1.4,3.6,5.04,5.0,156212,11.9589757395571,326.0,1019.0,0.3199214916584887,840572,-0.20066016433422362,-19.654613494873047,19.654613494873047,79.0,97.94975280761719,-23.068186950683593,-16.89893798828125,6.169248962402342,12.596802711486816,4.055583953857422,-0.008596174418926239,-0.00029354874277487397,104.35475158691406
train,1-4-4-2-3-100-2_png.rf.26e23fd2d0db8cd2ca7d0bfeb38f826e.jpg,/mnt/tf_data/TechFin/home/group_6/Data/white_balance_copy_layers.v7i.coco-segmentation/train/1-4-4-2-3-100-2_png.rf.26e23fd2d0db8cd2ca7d0bfeb38f826e.jpg,21,26,7,3-100-2_png,1.4,4.2,5.88,5.6,50087,10.821536737425147,439.0,251.0,1.749003984063745,825493,-0.3978947484596679,-38.2326545715332,38.2326545715332,58.0,96.08735656738281,-40.15824432373047,-34.60459747314453,5.553646850585942,5.022911548614502,8.092095375061035,0.002932140603661537,-0.004138225223869085,96.72554779052734
train,1_4-4_5-6-100-6_png.rf.71ce24289b6600388084dd1492d0b1e3.jpg,/mnt/tf_data/TechFin/home/group_6/Data/white_balance_copy_layers.v7i.coco-segmentation/train/1_4-4_5-6-100-6_png.rf.71ce24289b6600388084dd1492d0b1e3.jpg,22,27,6,6-100-6_png,1.4,4.5,6.3,5.9,155863,11.956739111125723,333.0,1003.0,0.3320039880358923,862533,-0.1835308309279227,-17.030302047729492,17.030302047729492,76.0,92.79259490966797,-20.29320831298828,-14.607048034667969,5.686160278320312,12.168292045593262,3.9487345218658447,-0.007990144193172455,-0.001077844761312008,99.19349670410156
train,1_4-4_5-3-100_png.rf.9605688146aeb4356a3ecb9b51196988.jpg,/mnt/tf_data/TechFin/home/group_6/Data/white_balance_copy_layers.v7i.coco-segmentation/train/1_4-4_5-3-100_png.rf.9605688146aeb4356a3ecb9b51196988.jpg,23,28,3,3-100_png,1.4,4.5,6.3,5.9,115102,11.653582658662227,419.0,429.0,0.9766899766899767,1169607,-0.08350891065832078,-8.092215538024902,8.092215538024902,89.0,96.90242004394531,-9.203864288330077,-6.877078247070312,2.3267860412597656,4.658519744873047,1.8904626369476318,-0.0004306382907088846,-0.004938298836350441,99.58026123046875
train,1_1-3_9-6-100-6_png.rf.a88998dc69448b1ad83e064fa76db9ca.jpg,/mnt/tf_data/TechFin/home/group_6/Data/white_balance_copy_layers.v7i.coco-segmentation/train/1_1-3_9-6-100-6_png.rf.a88998dc69448b1ad83e064fa76db9ca.jpg,24,29,6,6-100-6_png,1.1,3.9,4.29,5.0,154302,11.946673480806446,329.0,1014.0,0.3244575936883629,851654,-0.1754835730735017,-21.317596435546875,21.317596435546875,100.0,121.47915649414062,-25.476318359375,-17.701349639892577,7.774968719482423,13.664485931396484,4.128235816955566,-0.010113028809428215,-0.0006665592081844807,129.19789123535156
train,1-7-4-2_png.rf.5c7d7637db8da6a78ace9874fe6893cb.jpg,/mnt/tf_data/TechFin/home/group_6/Data/white_balance_copy_layers.v7i.coco-segmentation/train/1-7-4-2_png.rf.5c7d7637db8da6a78ace9874fe6893cb.jpg,25,30,4,png,1.7,4.2,7.14,5.9,3911,8.271804031154709,191.0,57.0,3.3508771929824563,93809,-0.27243100113978064,-32.56005859375,32.56005859375,86.0,119.51671600341797,-37.778900146484375,-19.327438354492188,18.451461791992188,25.73560905456543,8.125252723693848,-0.011087647639214993,-0.039346665143966675,178.4622344970703
train,2-0-4-5_png.rf.0a34c6def6138079054dac3cc553b530.jpg,/mnt/tf_data/TechFin/home/group_6/Data/white_balance_copy_layers.v7i.coco-segmentation/train/2-0-4-5_png.rf.0a34c6def6138079054dac3cc553b530.jpg,26,31,7,png,2.0,4.5,9.0,6.5,2850,7.955425088912672,108.0,46.0,2.347826086956522,41693,-0.6139598462868042,-52.373779296875,52.373779296875,31.0,85.30489349365234,-56.5713623046875,-33.88404846191406,22.687313842773435,14.282623291015625,11.593536376953125,0.005792975891381502,-0.03789209574460983,121.4924087524414
train,1-4-4-8_png.rf.db8d86d6a8fcd4d7944d9af17d877479.jpg,/mnt/tf_data/TechFin/home/group_6/Data/white_balance_copy_layers.v7i.coco-segmentation/train/1-4-4-8_png.rf.db8d86d6a8fcd4d7944d9af17d877479.jpg,27,32,1,png,1.4,4.8,6.72,6.199999999999999,3033,8.017637159908478,171.0,60.0,2.85,89061,-0.09540846846399786,-10.766718864440918,10.766718864440918,103.0,112.84867095947266,-19.83354034423828,-3.808338928222656,16.025201416015623,11.120363235473633,5.989435195922852,0.0018120675813406706,-0.008591145277023315,119.63201904296875
train,0_8-4_2-3-100_png.rf.18653e40bfd1647302ca3d150de43a57.jpg,/mnt/tf_data/TechFin/home/group_6/Data/white_balance_copy_layers.v7i.coco-segmentation/train/0_8-4_2-3-100_png.rf.18653e40bfd1647302ca3d150de43a57.jpg,28,33,3,3-100_png,0.8,4.2,3.3600000000000003,5.0,112075,11.626932491580309,401.0,431.0,0.9303944315545244,1088743,-0.07344894025898518,-11.535040855407715,11.535040855407715,145.0,157.04843139648438,-13.341928100585937,-8.867645263671875,4.474282836914062,7.097161769866943,2.8535962104797363,-0.011028860695660114,-0.007328505162149668,170.77638244628906
train,1_1-4_2-3-100-4_png.rf.f93cf7102162e314a6c52f1ddd451bab.jpg,/mnt/tf_data/TechFin/home/group_6/Data/white_balance_copy_layers.v7i.coco-segmentation/train/1_1-4_2-3-100-4_png.rf.f93cf7102162e314a6c52f1ddd451bab.jpg,29,34,3,3-100-4_png,1.1,4.2,4.620000000000001,5.300000000000001,44096,10.694147031910097,197.0,453.0,0.434878587196468,559432,-0.10134785653411264,-13.540253639221191,13.540253639221191,120.0,133.60177612304688,-14.686187744140625,-11.742813110351562,2.9433746337890625,4.259059906005859,1.9979605674743652,0.006581366527825594,-0.007565302308648825,133.70111083984375
train,1-1-4-2-7-10-2_png.rf.283e154f552f295b51f079d3240045a3.jpg,/mnt/tf_data/TechFin/home/group_6/Data/white_balance_copy_layers.v7i.coco-segmentation/train/1-1-4-2-7-10-2_png.rf.283e154f552f295b51f079d3240045a3.jpg,32,41,7,7-10-2_png,1.1,4.2,4.620000000000001,5.300000000000001,537,6.2878585601617845,42.0,24.0,1.75,8454,-0.43707973711419795,-52.631263732910156,52.631263732910156,64.0,120.41570281982422,-60.4312744140625,-27.399133300781248,33.032141113281256,5.430239200592041,14.022171020507812,0.006505381781607866,-0.001173109863884747,116.4779281616211
train,1-1-3-9_png.rf.623480332ed46b80747e30151fbcc404.jpg,/mnt/tf_data/TechFin/home/group_6/Data/white_balance_copy_layers.v7i.coco-segmentation/train/1-1-3-9_png.rf.623480332ed46b80747e30151fbcc404.jpg,34,43,1,png,1.1,3.9,4.29,5.0,3002,8.00736706798333,170.0,59.0,2.8813559322033897,87024,-0.0628536974584003,-9.252684593200684,9.252684593200684,138.0,147.20986938476562,-15.007173156738281,-3.9893478393554678,11.017825317382814,10.620208740234375,4.194183826446533,0.0006066789501346648,-0.01345039252191782,160.90469360351562
train,1-1-3-9-3-10-4_png.rf.2ac73102331695d1ab2a5504200617cf.jpg,/mnt/tf_data/TechFin/home/group_6/Data/white_balance_copy_layers.v7i.coco-segmentation/train/1-1-3-9-3-10-4_png.rf.2ac73102331695d1ab2a5504200617cf.jpg,35,44,3,3-10-4_png,1.1,3.9,4.29,5.0,668,6.505784060128229,24.0,53.0,0.4528301886792453,10688,-0.11510299773509547,-14.268766403198242,14.268766403198242,109.0,123.96520233154297,-19.98324661254883,-5.07665786743164,14.906588745117189,1.455919623374939,5.784941673278809,0.008520121686160564,-0.005421790294349194,120.90719604492188
train,1_7-4_8-6-100-6_png.rf.91f248759690878270cf5e8fbddd2ec7.jpg,/mnt/tf_data/TechFin/home/group_6/Data/white_balance_copy_layers.v7i.coco-segmentation/train/1_7-4_8-6-100-6_png.rf.91f248759690878270cf5e8fbddd2ec7.jpg,36,45,6,6-100-6_png,1.7,4.8,8.16,6.5,153881,11.943941353922398,324.0,1012.0,0.3201581027667984,836851,-0.23805988728524013,-16.677043914794922,16.677043914794922,54.0,70.05398559570312,-19.818519592285156,-14.467796325683594,5.3507232666015625,10.701433181762695,3.5103352069854736,-0.008192664012312889,-0.0013402297627180815,76.72325134277344
train,1_1-4_2-2-100-3_png.rf.e86c31e639dd005cfb5488246f6e6457.jpg,/mnt/tf_data/TechFin/home/group_6/Data/white_balance_copy_layers.v7i.coco-segmentation/train/1_1-4_2-2-100-3_png.rf.e86c31e639dd005cfb5488246f6e6457.jpg,37,46,2,2-100-3_png,1.1,4.2,4.620000000000001,5.300000000000001,563920,13.242669449747362,1083.0,912.0,1.1875,901021,-0.06254713959149641,-8.168042182922363,8.168042182922363,123.0,130.59017944335938,-12.607865905761718,-4.532545471191406,8.075320434570312,19.332927703857422,4.257785320281982,-0.007213733624666929,0.000514630984980613,136.69749450683594
train,1-4-3-3_png.rf.e01c097c09b034407d3560c2f71e1f1a.jpg,/mnt/tf_data/TechFin/home/group_6/Data/white_balance_copy_layers.v7i.coco-segmentation/train/1-4-3-3_png.rf.e01c097c09b034407d3560c2f71e1f1a.jpg,38,47,8,png,1.4,3.3,4.619999999999999,4.699999999999999,2677,7.8928255262511176,59.0,64.0,0.921875,31169,-0.3921464951785243,-60.635101318359375,60.635101318359375,92.0,154.62359619140625,-68.60997314453125,-39.21622924804679,29.393743896484466,5.788532733917236,13.42993450164795,0.0008882232359610498,0.0009331462788395584,152.5678253173828
train,1_4-3_9-2-100-3_png.rf.4ab8e79bed923de2b2e025c3f2ba23f6.jpg,/mnt/tf_data/TechFin/home/group_6/Data/white_balance_copy_layers.v7i.coco-segmentation/train/1_4-3_9-2-100-3_png.rf.4ab8e79bed923de2b2e025c3f2ba23f6.jpg,39,48,2,2-100-3_png,1.4,3.9,5.46,5.3,561684,13.23869647351734,1081.0,912.0,1.1853070175438596,903214,-0.07369152068887716,-7.251259803771973,7.251259803771973,92.0,98.40019226074219,-10.738721466064453,-4.373341369628906,6.365380096435547,18.587181091308594,3.2627322673797607,-0.006166656501591206,0.0015172173734754324,103.03363037109375
train,1-1-4-8_png.rf.dacb87c5415ad4b2b5c3daabf1fc8f59.jpg,/mnt/tf_data/TechFin/home/group_6/Data/white_balance_copy_layers.v7i.coco-segmentation/train/1-1-4-8_png.rf.dacb87c5415ad4b2b5c3daabf1fc8f59.jpg,41,50,1,png,1.1,4.8,5.28,5.9,2997,8.005700678662542,170.0,58.0,2.9310344827586206,85500,-0.08732302762833302,-10.392047882080078,10.392047882080078,109.0,119.0069580078125,-16.173756408691407,-4.878480529785156,11.295275878906251,12.242432594299316,4.437887668609619,-0.000544570037163794,-0.017187511548399925,138.33786010742188
train,1_7-4_8-3-100_png.rf.0730fec7074639f1c6757fe740a2c695.jpg,/mnt/tf_data/TechFin/home/group_6/Data/white_balance_copy_layers.v7i.coco-segmentation/train/1_7-4_8-3-100_png.rf.0730fec7074639f1c6757fe740a2c695.jpg,42,51,3,3-100_png,1.7,4.8,8.16,6.5,113009,11.635231589354197,411.0,424.0,0.9693396226415094,1147134,-0.10399407315509922,-7.713377475738525,7.713377475738525,66.0,74.17131805419922,-8.827378845214843,-6.635847473144532,2.191531372070312,4.498563766479492,2.018598794937134,-0.0011636497220024467,-0.004763819742947817,77.27734375
train,1_7-4_5-6-100-6_png.rf.6e3d501f7bcdb51ffb120b876223d08a.jpg,/mnt/tf_data/TechFin/home/group_6/Data/white_balance_copy_layers.v7i.coco-segmentation/train/1_7-4_5-6-100-6_png.rf.6e3d501f7bcdb51ffb120b876223d08a.jpg,43,52,6,6-100-6_png,1.7,4.5,7.6499999999999995,6.2,156176,11.958745258426724,339.0,1016.0,0.33366141732283466,880510,-0.21734883544391076,-15.007025718688965,15.007025718688965,54.0,69.04580688476562,-17.13833999633789,-12.962108612060547,4.176231384277344,10.718277931213379,2.8166344165802,-0.0072198607958853245,-0.0006357585662044585,74.63351440429688
train,0_8-4_5-6-100-6_png.rf.30359b5620a1f732f5ddd7eaec705ca9.jpg,/mnt/tf_data/TechFin/home/group_6/Data/white_balance_copy_layers.v7i.coco-segmentation/train/0_8-4_5-6-100-6_png.rf.30359b5620a1f732f5ddd7eaec705ca9.jpg,47,58,6,6-100-6_png,0.8,4.5,3.6,5.3,151655,11.929370077121401,333.0,1022.0,0.3258317025440313,866608,-0.1449451484806494,-22.51120948791504,22.51120948791504,133.0,155.3084716796875,-27.756146240234376,-18.32626953125,9.429876708984377,14.439615249633789,5.300037384033203,-0.011095862835645676,-0.0009545938228257,163.96311950683594
train,2-0-4-2_png.rf.c332436ded6c863ffe997890c55583bf.jpg,/mnt/tf_data/TechFin/home/group_6/Data/white_balance_copy_layers.v7i.coco-segmentation/train/2-0-4-2_png.rf.c332436ded6c863ffe997890c55583bf.jpg,48,59,7,png,2.0,4.2,8.4,6.2,2455,7.806289289267033,107.0,40.0,2.675,35903,-0.6183486634935095,-53.60947799682617,53.60947799682617,33.0,86.69781494140625,-56.080020141601565,-47.32829895019531,8.751721191406254,14.844392776489258,6.360865116119385,0.00609984714537859,-0.04630982503294945,131.7096710205078
train,2-0-3-6_png.rf.3fc229b5df2e28f7a05607a551216f1b.jpg,/mnt/tf_data/TechFin/home/group_6/Data/white_balance_copy_layers.v7i.coco-segmentation/train/2-0-3-6_png.rf.3fc229b5df2e28f7a05607a551216f1b.jpg,49,60,7,png,2.0,3.6,7.2,5.6,2180,7.687538766201629,103.0,32.0,3.21875,27334,-0.5945233608878969,-53.4884147644043,53.4884147644043,36.0,89.96856689453125,-56.47985992431641,-46.294929504394524,10.184930419921884,16.622108459472656,6.74456262588501,0.0065012527629733086,-0.08913204818964005,180.3196258544922
train,2-0-3-9_png.rf.02a4293495d8b213047de38eb520f58b.jpg,/mnt/tf_data/TechFin/home/group_6/Data/white_balance_copy_layers.v7i.coco-segmentation/train/2-0-3-9_png.rf.02a4293495d8b213047de38eb520f58b.jpg,50,61,1,png,2.0,3.9,7.8,5.9,3156,8.057377488557991,171.0,61.0,2.80327868852459,90476,-0.08752607606283586,-8.504289627075195,8.504289627075195,89.0,97.16292572021484,-14.213447570800781,-3.1467132568359375,11.066734313964844,12.658503532409668,4.155361652374268,0.00041143264388665557,-0.012573117390275002,110.1890640258789
train,1-4-4-5_png.rf.4b994a44226b69733801be9ebc44900a.jpg,/mnt/tf_data/TechFin/home/group_6/Data/white_balance_copy_layers.v7i.coco-segmentation/train/1-4-4-5_png.rf.4b994a44226b69733801be9ebc44900a.jpg,52,63,1,png,1.4,4.5,6.3,5.9,1553,7.348587530927593,33.0,83.0,0.39759036144578314,22956,-0.05409071081921131,-6.378493309020996,6.378493309020996,111.0,117.92215728759766,-8.851644897460938,-3.06962890625,5.782015991210938,8.10559368133545,2.475801467895508,0.01061831321567297,0.005465439986437559,98.75191497802734
train,1-7-3-6-3-100-2_png.rf.b44f5fc19f8902c0f1aed1d721b4009c.jpg,/mnt/tf_data/TechFin/home/group_6/Data/white_balance_copy_layers.v7i.coco-segmentation/train/1-7-3-6-3-100-2_png.rf.b44f5fc19f8902c0f1aed1d721b4009c.jpg,53,64,7,3-100-2_png,1.7,3.6,6.12,5.3,49884,10.817475635347607,437.0,247.0,1.7692307692307692,908201,-0.43780495708199874,-33.81045913696289,33.81045913696289,43.0,77.22721862792969,-36.433431243896486,-29.357543182373032,7.075888061523454,4.901754379272461,4.620398998260498,-0.00010439490870339796,-0.003246715757995844,78.84085845947266
train,1-1-3-3_png.rf.1588a2e811cff88ce0bac79c7ea61845.jpg,/mnt/tf_data/TechFin/home/group_6/Data/white_balance_copy_layers.v7i.coco-segmentation/train/1-1-3-3_png.rf.1588a2e811cff88ce0bac79c7ea61845.jpg,54,65,4,png,1.1,3.3,3.63,4.4,4002,8.294799358992574,192.0,59.0,3.2542372881355934,97684,-0.20264521818056994,-34.680328369140625,34.680328369140625,135.0,171.13815307617188,-39.56690673828125,-22.841024780273436,16.72588195800781,18.36334991455078,6.697974681854248,-0.010898890905082226,-0.028186509385704994,218.07582092285156
train,1-4-4-8_png.rf.f46d5b3e3065366457ae1906bf371694.jpg,/mnt/tf_data/TechFin/home/group_6/Data/white_balance_copy_layers.v7i.coco-segmentation/train/1-4-4-8_png.rf.f46d5b3e3065366457ae1906bf371694.jpg,55,66,7,png,1.4,4.8,6.72,6.199999999999999,2337,7.757051142032013,107.0,36.0,2.9722222222222223,32173,-0.5340851257980823,-57.398597717285156,57.398597717285156,49.0,107.47087860107422,-60.84996337890625,-44.3088638305664,16.54109954833985,17.326101303100586,9.961604118347168,0.006579508073627949,-0.07027024030685425,177.6593475341797
train,1-4-3-9_png.rf.f492364b1989e6d604c0bcf83c304dd5.jpg,/mnt/tf_data/TechFin/home/group_6/Data/white_balance_copy_layers.v7i.coco-segmentation/train/1-4-3-9_png.rf.f492364b1989e6d604c0bcf83c304dd5.jpg,56,67,4,png,1.4,3.9,5.46,5.3,3910,8.271548374755515,191.0,58.0,3.293103448275862,95528,-0.21177201474719345,-29.558223724365234,29.558223724365234,110.0,139.57568359375,-34.23215942382812,-24.157928466796875,10.074230957031247,22.728748321533203,5.09536075592041,-0.00926309172064066,-0.03510628268122673,191.13099670410156
train,0-8-3-9-6-10-6_png.rf.7727909cde990ecc79216d1b96fda888.jpg,/mnt/tf_data/TechFin/home/group_6/Data/white_balance_copy_layers.v7i.coco-segmentation/train/0-8-3-9-6-10-6_png.rf.7727909cde990ecc79216d1b96fda888.jpg,57,68,6,6-10-6_png,0.8,3.9,3.12,4.7,1826,7.510430556378006,39.0,129.0,0.3023255813953488,43175,-0.24693667297733168,-37.615867614746094,37.615867614746094,113.0,152.33001708984375,-42.548988342285156,-24.31218719482422,18.236801147460938,11.903583526611328,7.933610916137695,0.001466471003368497,-0.0059410096146166325,154.44400024414062
train,1_1-4_8-3-100_png.rf.f80e9ed0e77f811810e61aa26d87e516.jpg,/mnt/tf_data/TechFin/home/group_6/Data/white_balance_copy_layers.v7i.coco-segmentation/train/1_1-4_8-3-100_png.rf.f80e9ed0e77f811810e61aa26d87e516.jpg,58,69,3,3-100_png,1.1,4.8,5.28,5.9,112003,11.626289863925207,410.0,439.0,0.9339407744874715,1145059,-0.07624851339729732,-9.992229461669922,9.992229461669922,121.0,131.04818725585938,-11.441098022460938,-8.767687988281248,2.6734100341796907,5.586658954620361,2.1158621311187744,-0.0007856043521314859,-0.006288622040301561,134.66061401367188
train,1_1-4_8-6-100-6_png.rf.386e54e67e4c29b456cc3fcb277e2700.jpg,/mnt/tf_data/TechFin/home/group_6/Data/white_balance_copy_layers.v7i.coco-segmentation/train/1_1-4_8-6-100-6_png.rf.386e54e67e4c29b456cc3fcb277e2700.jpg,59,70,6,6-100-6_png,1.1,4.8,5.28,5.9,159851,11.982003666139462,333.0,1020.0,0.3264705882352941,858564,-0.17983165075490232,-22.816242218017578,22.816242218017578,104.0,126.87556457519531,-27.643394470214844,-19.390174865722656,8.253219604492188,14.544106483459473,4.774251937866211,-0.011085988022387028,0.000511708902195096,134.58863830566406
train,2-0-4-2_png.rf.98bc283adde2dbb44e27c9ad58658945.jpg,/mnt/tf_data/TechFin/home/group_6/Data/white_balance_copy_layers.v7i.coco-segmentation/train/2-0-4-2_png.rf.98bc283adde2dbb44e27c9ad58658945.jpg,60,71,1,png,2.0,4.2,8.4,6.2,1538,7.338888133838879,30.0,82.0,0.36585365853658536,20475,-0.03911485669768701,-3.667999029159546,3.667999029159546,90.0,93.77508544921875,-5.777821350097656,-0.9201507568359375,4.857670593261719,8.494477272033691,1.7779736518859863,0.010326679795980453,0.000572540215216577,79.87623596191406
train,2-3-3-3_png.rf.e715422f3eb1a8be968b9f3df98dd932.jpg,/mnt/tf_data/TechFin/home/group_6/Data/white_balance_copy_layers.v7i.coco-segmentation/train/2-3-3-3_png.rf.e715422f3eb1a8be968b9f3df98dd932.jpg,61,72,2,png,2.3,3.3,7.589999999999999,5.6,942,6.849066282633458,34.0,63.0,0.5396825396825397,18224,-0.10239700766397018,-12.559009552001953,12.559009552001953,109.0,122.65016174316406,-15.697694396972656,-6.559642791748047,9.138051605224609,1.3776135444641113,3.6967737674713135,0.004496328067034483,0.003042322350665927,113.57355499267578
train,2-0-3-9_png.rf.1030f4c5e8c3d52f71478c3d12cf6e78.jpg,/mnt/tf_data/TechFin/home/group_6/Data/white_balance_copy_layers.v7i.coco-segmentation/train/2-0-3-9_png.rf.1030f4c5e8c3d52f71478c3d12cf6e78.jpg,62,73,8,png,2.0,3.9,7.8,5.9,480,6.175867270105761,44.0,36.0,1.2222222222222223,12641,-0.5562092662908975,-54.14891052246094,54.14891052246094,42.0,97.35348510742188,-62.35456085205078,-36.38350372314453,25.971057128906253,3.448814630508423,10.930624008178711,-0.004752755165100098,0.005743972957134247,99.10807800292969
train,2-0-3-9_png.rf.1030f4c5e8c3d52f71478c3d12cf6e78.jpg,/mnt/tf_data/TechFin/home/group_6/Data/white_balance_copy_layers.v7i.coco-segmentation/train/2-0-3-9_png.rf.1030f4c5e8c3d52f71478c3d12cf6e78.jpg,62,74,7,png,2.0,3.9,7.8,5.9,2178,7.68662133494462,64.0,89.0,0.7191011235955056,48900,-0.416824736684154,-45.81972122192383,45.81972122192383,61.0,109.92562866210938,-64.3187240600586,-11.86078796386719,52.45793609619141,38.76830291748047,21.218332290649414,0.22920550405979156,-0.02466982789337635,-88.79625701904297
train,2-0-3-9_png.rf.1030f4c5e8c3d52f71478c3d12cf6e78.jpg,/mnt/tf_data/TechFin/home/group_6/Data/white_balance_copy_layers.v7i.coco-segmentation/train/2-0-3-9_png.rf.1030f4c5e8c3d52f71478c3d12cf6e78.jpg,62,75,6,png,2.0,3.9,7.8,5.9,821,6.71174039505618,62.0,23.0,2.6956521739130435,11234,-0.42101463296991476,-40.96895217895508,40.96895217895508,53.0,97.31004333496094,-48.32158660888672,-19.346435546875,28.97515106201172,7.968842029571533,11.294921875,-0.006478271912783384,0.005065501667559147,102.63593292236328
train,1-4-4-2_png.rf.076c145d98f3218171abce1595a647b1.jpg,/mnt/tf_data/TechFin/home/group_6/Data/white_balance_copy_layers.v7i.coco-segmentation/train/1-4-4-2_png.rf.076c145d98f3218171abce1595a647b1.jpg,63,76,8,png,1.4,4.2,5.88,5.6,514,6.244166900663736,48.0,33.0,1.4545454545454546,12653,-0.4437144155272536,-53.40789794921875,53.40789794921875,61.0,120.365478515625,-67.37185974121094,-17.384603118896486,49.987256622314455,5.410082817077637,19.034423828125,-0.0049951872788369656,0.004142307210713625,124.08528900146484
train,1-4-4-2_png.rf.076c145d98f3218171abce1595a647b1.jpg,/mnt/tf_data/TechFin/home/group_6/Data/white_balance_copy_layers.v7i.coco-segmentation/train/1-4-4-2_png.rf.076c145d98f3218171abce1595a647b1.jpg,63,77,7,png,1.4,4.2,5.88,5.6,2007,7.60489448081162,61.0,90.0,0.6777777777777778,47237,-0.4485573907527754,-58.052371978759766,58.052371978759766,66.0,129.420166015625,-77.33965454101562,-16.99606018066406,60.34359436035156,35.74386215209961,24.086082458496094,0.20499056577682495,-0.0213573407381773,-48.79827117919922
train,1-4-4-2_png.rf.076c145d98f3218171abce1595a647b1.jpg,/mnt/tf_data/TechFin/home/group_6/Data/white_balance_copy_layers.v7i.coco-segmentation/train/1-4-4-2_png.rf.076c145d98f3218171abce1595a647b1.jpg,63,78,6,png,1.4,4.2,5.88,5.6,817,6.706862336602747,54.0,23.0,2.347826086956522,9563,-0.375242018663166,-45.079322814941406,45.079322814941406,73.0,120.13399505615234,-50.195054626464845,-27.663047790527365,22.53200683593748,7.301680564880371,11.624268531799316,-0.0043618339113891125,0.005723513197153807,121.42565155029297
train,1-7-3-6-3-10-4_png.rf.7706566b09988ab96aa292145be3ff1e.jpg,/mnt/tf_data/TechFin/home/group_6/Data/white_balance_copy_layers.v7i.coco-segmentation/train/1-7-3-6-3-10-4_png.rf.7706566b09988ab96aa292145be3ff1e.jpg,64,79,3,3-10-4_png,1.7,3.6,6.12,5.3,621,6.432940092739179,23.0,52.0,0.4423076923076923,10053,-0.18160355058055724,-12.411338806152344,12.411338806152344,56.0,68.3430404663086,-17.308387756347656,-6.29156494140625,11.016822814941406,0.9197148680686951,4.382318496704102,-0.0009300351957790554,-0.0040569789707660675,71.12211608886719
train,1-7-4-8_png.rf.8d87fcd0542156ea4bfce103f4562988.jpg,/mnt/tf_data/TechFin/home/group_6/Data/white_balance_copy_layers.v7i.coco-segmentation/train/1-7-4-8_png.rf.8d87fcd0542156ea4bfce103f4562988.jpg,65,80,1,png,1.7,4.8,8.16,6.5,3019,8.013012110368916,170.0,60.0,2.8333333333333335,88536,-0.07324207226897843,-7.4870924949646,7.4870924949646,95.0,102.22393035888672,-12.201141357421875,-2.939442443847654,9.261698913574222,11.938944816589355,3.5704970359802246,0.00039961314178071916,-0.012171375565230846,114.82532501220703
train,1-7-4-2_png.rf.c13d1a9b1c75e2e36673574149b0536b.jpg,/mnt/tf_data/TechFin/home/group_6/Data/white_balance_copy_layers.v7i.coco-segmentation/train/1-7-4-2_png.rf.c13d1a9b1c75e2e36673574149b0536b.jpg,66,81,1,png,1.7,4.2,7.14,5.9,4719,8.459564078579602,129.0,62.0,2.0806451612903225,66955,-0.026480819762229265,-3.1087963581085205,3.1087963581085205,114.0,117.39804077148438,-5.699601745605468,-0.6498184204101567,5.049783325195312,5.814301490783691,2.240596055984497,0.005170314572751522,-0.00938889104872942,119.71083068847656
train,1_4-3_9-3-100-4_png.rf.1fe85423000f028ef309c98bb6093f63.jpg,/mnt/tf_data/TechFin/home/group_6/Data/white_balance_copy_layers.v7i.coco-segmentation/train/1_4-3_9-3-100-4_png.rf.1fe85423000f028ef309c98bb6093f63.jpg,67,82,3,3-100-4_png,1.4,3.9,5.46,5.3,44518,10.703671343322297,194.0,453.0,0.4282560706401766,549798,-0.113485858067416,-11.403617858886719,11.403617858886719,89.0,100.48492431640625,-12.404080963134765,-9.366136169433592,3.0379447937011737,3.5852603912353516,2.1464288234710693,0.005768348462879658,-0.006094847805798054,100.26904296875
train,2-0-3-3_png.rf.925e14054494dd440ccb06f615e5e7cd.jpg,/mnt/tf_data/TechFin/home/group_6/Data/white_balance_copy_layers.v7i.coco-segmentation/train/2-0-3-3_png.rf.925e14054494dd440ccb06f615e5e7cd.jpg,68,83,4,png,2.0,3.3,6.6,5.3,8298,9.023890304598448,172.0,98.0,1.7551020408163265,143113,-0.17682045357328394,-17.292016983032227,17.292016983032227,80.0,97.7942123413086,-19.018899536132814,-13.62791290283203,5.390986633300784,16.619775772094727,6.728647232055664,-0.0046337372623384,-0.0034821999724954367,108.13732147216797
train,1_4-4_2-3-100-4_png.rf.d987341b6365626d8bcb976e62677fd2.jpg,/mnt/tf_data/TechFin/home/group_6/Data/white_balance_copy_layers.v7i.coco-segmentation/train/1_4-4_2-3-100-4_png.rf.d987341b6365626d8bcb976e62677fd2.jpg,69,84,3,3-100-4_png,1.4,4.2,5.88,5.6,44101,10.694260411880514,197.0,453.0,0.434878587196468,559431,-0.12097533865239568,-11.868368148803711,11.868368148803711,86.0,98.10568237304688,-13.037895202636719,-10.173141479492188,2.8647537231445312,3.7158737182617188,1.7896854877471924,0.005385229364037514,-0.005990287754684687,98.0748062133789
train,2-0-3-6_png.rf.fba21ca3e8b92ab2c54c0c7a02e5ca6f.jpg,/mnt/tf_data/TechFin/home/group_6/Data/white_balance_copy_layers.v7i.coco-segmentation/train/2-0-3-6_png.rf.fba21ca3e8b92ab2c54c0c7a02e5ca6f.jpg,70,85,1,png,2.0,3.6,7.2,5.6,3031,8.016977746762262,170.0,61.0,2.7868852459016393,90053,-0.09538590188664944,-9.524591445922852,9.524591445922852,91.0,99.85324096679688,-15.64532470703125,-4.000335693359375,11.644989013671875,12.319677352905273,4.255157470703125,0.0006122509366832674,-0.01131528802216053,111.2416763305664
train,1-7-3-3_png.rf.2cab010acaac2b68ec0bb1c44f5d3755.jpg,/mnt/tf_data/TechFin/home/group_6/Data/white_balance_copy_layers.v7i.coco-segmentation/train/1-7-3-3_png.rf.2cab010acaac2b68ec0bb1c44f5d3755.jpg,72,87,4,png,1.7,3.3,5.609999999999999,5.0,8352,9.030376034755907,174.0,99.0,1.7575757575757576,136839,-0.15870275770053202,-19.436731338500977,19.436731338500977,103.0,122.47254943847656,-21.394354248046874,-17.28456268310547,4.109791564941403,16.066524505615234,2.1521589756011963,-0.0006843310547992587,-0.005759113468229771,129.8309783935547
train,1-7-3-3_png.rf.2cab010acaac2b68ec0bb1c44f5d3755.jpg,/mnt/tf_data/TechFin/home/group_6/Data/white_balance_copy_layers.v7i.coco-segmentation/train/1-7-3-3_png.rf.2cab010acaac2b68ec0bb1c44f5d3755.jpg,72,88,3,png,1.7,3.3,5.609999999999999,5.0,6710,8.811503250158239,164.0,79.0,2.0759493670886076,98319,-0.15447824304741245,-19.22939682006836,19.22939682006836,105.0,124.47964477539062,-21.020286560058594,-17.253472900390626,3.7668136596679673,18.42070960998535,1.7353031635284424,-0.012711940333247185,-0.004310488700866699,148.1118927001953
train,1-7-3-3_png.rf.2cab010acaac2b68ec0bb1c44f5d3755.jpg,/mnt/tf_data/TechFin/home/group_6/Data/white_balance_copy_layers.v7i.coco-segmentation/train/1-7-3-3_png.rf.2cab010acaac2b68ec0bb1c44f5d3755.jpg,72,89,4,png,1.7,3.3,5.609999999999999,5.0,2265,7.725771441587952,109.0,48.0,2.2708333333333335,32869,-0.1432176819963654,-17.50670623779297,17.50670623779297,104.0,122.23844146728516,-20.3258544921875,-9.351693725585937,10.974160766601562,4.328189849853516,4.728357791900635,0.0029046388808637857,-0.012302654795348644,130.96536254882812
train,1-7-4-2_png.rf.81f1ec2b360aed9d52faff0953fb6767.jpg,/mnt/tf_data/TechFin/home/group_6/Data/white_balance_copy_layers.v7i.coco-segmentation/train/1-7-4-2_png.rf.81f1ec2b360aed9d52faff0953fb6767.jpg,73,90,1,png,1.7,4.2,7.14,5.9,1698,7.4377951216719325,31.0,82.0,0.3780487804878049,21041,-0.03063665037847806,-3.5824368000030518,3.5824368000030518,113.0,116.93304443359375,-5.959831237792969,-0.8147911071777345,5.145040130615234,8.830231666564941,2.3718888759613037,0.012070775963366032,-7.826174260117114e-05,101.42852020263672
train,1_4-4_5-2-100-3_png.rf.7f909e9237377be9b018ad20e85265de.jpg,/mnt/tf_data/TechFin/home/group_6/Data/white_balance_copy_layers.v7i.coco-segmentation/train/1_4-4_5-2-100-3_png.rf.7f909e9237377be9b018ad20e85265de.jpg,75,92,2,2-100-3_png,1.4,4.5,6.3,5.9,561960,13.23918773145009,1099.0,912.0,1.2050438596491229,903080,-0.06304756174936516,-5.970992565155029,5.970992565155029,89.0,94.70616149902344,-9.417427825927735,-3.022430419921875,6.39499740600586,19.217586517333984,3.139131546020508,-0.006221050396561623,0.0025547631084918976,98.87584686279297
train,0-8-4-2-2-10-3_png.rf.e877450e1ac246ac22a5273582a6190e.jpg,/mnt/tf_data/TechFin/home/group_6/Data/white_balance_copy_layers.v7i.coco-segmentation/train/0-8-4-2-2-10-3_png.rf.e877450e1ac246ac22a5273582a6190e.jpg,76,93,2,2-10-3_png,0.8,4.2,3.3600000000000003,5.0,5766,8.659907293615413,113.0,88.0,1.2840909090909092,83514,-0.07097383816765598,-10.939018249511719,10.939018249511719,143.0,154.12747192382812,-12.193191528320312,-8.900604248046875,3.2925872802734375,10.131668090820312,2.3483173847198486,-0.0007642178097739816,-0.005312527995556593,157.3591766357422
train,1-7-4-2_png.rf.590ea26f90099b365668b33fca049963.jpg,/mnt/tf_data/TechFin/home/group_6/Data/white_balance_copy_layers.v7i.coco-segmentation/train/1-7-4-2_png.rf.590ea26f90099b365668b33fca049963.jpg,77,94,7,png,1.7,4.2,7.14,5.9,2503,7.825644732219989,107.0,40.0,2.675,35855,-0.5477141027925508,-53.86696243286133,53.86696243286133,44.0,98.34868621826172,-56.64541015625,-46.57882995605462,10.066580200195382,14.977215766906738,6.927175045013428,0.0061064730398356915,-0.04672890901565552,143.80752563476562
train,1-4-3-9_png.rf.698cb0a376f514d9a60369673b8ffe02.jpg,/mnt/tf_data/TechFin/home/group_6/Data/white_balance_copy_layers.v7i.coco-segmentation/train/1-4-3-9_png.rf.698cb0a376f514d9a60369673b8ffe02.jpg,78,95,1,png,1.4,3.9,5.46,5.3,1649,7.408530566894626,35.0,83.0,0.42168674698795183,24363,-0.03442226163328183,-4.662250995635986,4.662250995635986,131.0,135.44290161132812,-6.59747314453125,-2.25013427734375,4.3473388671875,7.892909049987793,2.0591094493865967,0.008592882193624973,0.003372778417542577,120.9922866821289
train,0_8-3_9-3-100_png.rf.315efbe5cfa3092d82103032fd3a6583.jpg,/mnt/tf_data/TechFin/home/group_6/Data/white_balance_copy_layers.v7i.coco-segmentation/train/0_8-3_9-3-100_png.rf.315efbe5cfa3092d82103032fd3a6583.jpg,80,99,3,3-100_png,0.8,3.9,3.12,4.7,112097,11.627128767687893,411.0,418.0,0.9832535885167464,1105011,-0.066330984546344,-10.43786907196045,10.43786907196045,147.0,157.36038208007812,-12.27601318359375,-8.030923461914062,4.245089721679689,7.142884731292725,2.8527603149414062,-0.010897071100771427,-0.00799202173948288,171.36282348632812
train,1_7-4_5-3-100-4_png.rf.1244211cc8c45a78894228669e8a2ed4.jpg,/mnt/tf_data/TechFin/home/group_6/Data/white_balance_copy_layers.v7i.coco-segmentation/train/1_7-4_5-3-100-4_png.rf.1244211cc8c45a78894228669e8a2ed4.jpg,81,100,3,3-100-4_png,1.7,4.5,7.6499999999999995,6.2,44768,10.709271214599578,197.0,453.0,0.434878587196468,558756,-0.11589003317291126,-8.431535720825195,8.431535720825195,64.0,72.75462341308594,-9.529488372802735,-7.1820831298828125,2.3474052429199226,2.7679924964904785,1.7127010822296143,0.004796410910785198,-0.0046411482617259026,72.35389709472656
train,1_7-3_3-3-100_png.rf.486e160fc43b2e6c42316993932af153.jpg,/mnt/tf_data/TechFin/home/group_6/Data/white_balance_copy_layers.v7i.coco-segmentation/train/1_7-3_3-3-100_png.rf.486e160fc43b2e6c42316993932af153.jpg,83,102,3,3-100_png,1.7,3.3,5.609999999999999,5.0,113425,11.638905920891801,408.0,432.0,0.9444444444444444,1137520,-0.09828520914551936,-7.844801425933838,7.844801425933838,72.0,79.81670379638672,-9.212435913085937,-6.645538330078125,2.566897583007812,4.404958724975586,1.4443581104278564,-0.0019994364120066166,-0.004564356524497271,83.10209655761719
train,0_8-4_5-2-100-3_png.rf.2ecd7b27bf5a85a2ab964888eb01a2b6.jpg,/mnt/tf_data/TechFin/home/group_6/Data/white_balance_copy_layers.v7i.coco-segmentation/train/0_8-4_5-2-100-3_png.rf.2ecd7b27bf5a85a2ab964888eb01a2b6.jpg,84,103,2,2-100-3_png,0.8,4.5,3.6,5.3,564892,13.244391611662847,1072.0,913.0,1.1741511500547646,900255,-0.040349424804397085,-6.239996433258057,6.239996433258057,149.0,154.64895629882812,-10.162765502929688,-2.394642639160155,7.768122863769532,18.874685287475586,4.261518478393555,-0.00704885134473443,-5.2158080507069826e-05,160.88002014160156
train,0-8-4-5-7-10-2_png.rf.d04e1b282cf4cbfd20a9f06418a862be.jpg,/mnt/tf_data/TechFin/home/group_6/Data/white_balance_copy_layers.v7i.coco-segmentation/train/0-8-4-5-7-10-2_png.rf.d04e1b282cf4cbfd20a9f06418a862be.jpg,85,104,7,7-10-2_png,0.8,4.5,3.6,5.3,510,6.236369590203704,40.0,23.0,1.7391304347826086,7692,-0.4572725732550959,-60.33505630493164,60.33505630493164,68.5,131.94549560546875,-67.81168670654297,-37.98915863037107,29.8225280761719,5.028934001922607,12.361069679260254,0.008688113652169704,-0.0008919914253056049,126.34000396728516
train,1-1-3-9-3-10_png.rf.e7139b506e18616f1b606e2b99c7d54f.jpg,/mnt/tf_data/TechFin/home/group_6/Data/white_balance_copy_layers.v7i.coco-segmentation/train/1-1-3-9-3-10_png.rf.e7139b506e18616f1b606e2b99c7d54f.jpg,86,105,3,3-10_png,1.1,3.9,4.29,5.0,1003,6.911747300251674,40.0,39.0,1.0256410256410255,12935,-0.15498823997153394,-19.42719268798828,19.42719268798828,105.0,125.34623718261719,-21.460922241210938,-14.159695434570313,7.301226806640624,2.754594087600708,3.4533309936523438,-0.0022386759519577026,-0.01063812430948019,132.42385864257812
train,1-1-4-5-3-10-4_png.rf.1930ecac4fb716eb7b49390bec245c45.jpg,/mnt/tf_data/TechFin/home/group_6/Data/white_balance_copy_layers.v7i.coco-segmentation/train/1-1-4-5-3-10-4_png.rf.1930ecac4fb716eb7b49390bec245c45.jpg,87,106,3,3-10-4_png,1.1,4.5,4.95,5.6,661,6.495265555937008,25.0,55.0,0.45454545454545453,11619,-0.11463907982076123,-12.910056114196777,12.910056114196777,99.0,112.61479187011719,-17.63257598876953,-5.5754241943359375,12.057151794433594,2.0042457580566406,4.960214614868164,0.003557526972144842,-0.0074068475514650345,114.05166625976562
train,0_8-3_6-3-100-4_png.rf.422f9abb5f2e946d93e10e275a7651b4.jpg,/mnt/tf_data/TechFin/home/group_6/Data/white_balance_copy_layers.v7i.coco-segmentation/train/0_8-3_6-3-100-4_png.rf.422f9abb5f2e946d93e10e275a7651b4.jpg,88,107,3,3-100-4_png,0.8,3.6,2.8800000000000003,4.4,44169,10.695801104590572,196.0,453.0,0.4326710816777042,556287,-0.07593518507472528,-12.334980010986328,12.334980010986328,150.0,162.44090270996094,-13.704519653320313,-10.753646850585938,2.9508728027343754,4.411948204040527,2.050729751586914,0.006590959616005421,-0.00793931819498539,162.7429962158203
train,1-4-3-6-3-10-4_png.rf.6eeeb2f2d66d855f1234509223102911.jpg,/mnt/tf_data/TechFin/home/group_6/Data/white_balance_copy_layers.v7i.coco-segmentation/train/1-4-3-6-3-10-4_png.rf.6eeeb2f2d66d855f1234509223102911.jpg,89,108,3,3-10-4_png,1.4,3.6,5.04,5.0,631,6.448889394146858,22.0,52.0,0.4230769230769231,9576,-0.15387950404069303,-14.209590911865234,14.209590911865234,77.0,92.34232330322266,-20.27326202392578,-6.348762512207031,13.92449951171875,1.3039690256118774,5.3052754402160645,0.007021981291472912,-0.0038008540868759155,89.4712142944336
train,1-7-3-3_png.rf.31ae33f756a0aedc8dbeea1df6f22af7.jpg,/mnt/tf_data/TechFin/home/group_6/Data/white_balance_copy_layers.v7i.coco-segmentation/train/1-7-3-3_png.rf.31ae33f756a0aedc8dbeea1df6f22af7.jpg,91,110,8,png,1.7,3.3,5.609999999999999,5.0,2693,7.898782356970309,61.0,64.0,0.953125,32303,-0.4084330177866561,-58.20330047607422,58.20330047607422,82.0,142.50390625,-65.48009948730468,-34.529885864257814,30.95021362304687,6.650799751281738,13.3286714553833,0.0012524389894679189,0.0009281979873776436,139.96548461914062
train,1-7-3-6_png.rf.d9a55a944ba0f9a7317593ffde720dae.jpg,/mnt/tf_data/TechFin/home/group_6/Data/white_balance_copy_layers.v7i.coco-segmentation/train/1-7-3-6_png.rf.d9a55a944ba0f9a7317593ffde720dae.jpg,92,111,1,png,1.7,3.6,6.12,5.3,1653,7.4109518755836366,31.0,87.0,0.3563218390804598,22470,-0.032329223618907,-3.94509220123291,3.94509220123291,118.0,122.02867126464844,-6.153099060058594,-1.8708419799804688,4.282257080078125,8.235732078552246,2.058227777481079,0.011744321323931217,0.00150854152161628,105.36209106445312
train,1-7-4-5_png.rf.55867e524dbd7408fa6ed4ed191e521e.jpg,/mnt/tf_data/TechFin/home/group_6/Data/white_balance_copy_layers.v7i.coco-segmentation/train/1-7-4-5_png.rf.55867e524dbd7408fa6ed4ed191e521e.jpg,93,112,8,png,1.7,4.5,7.6499999999999995,6.2,366,5.905361848054571,41.0,31.0,1.3225806451612903,9997,-0.518003182925842,-54.23735427856445,54.23735427856445,48.0,104.70467376708984,-60.71453094482422,-33.747833251953125,26.966697692871094,3.7101733684539795,10.966103553771973,-0.007465997710824013,0.008137738332152367,108.32278442382812
train,1-7-4-5_png.rf.55867e524dbd7408fa6ed4ed191e521e.jpg,/mnt/tf_data/TechFin/home/group_6/Data/white_balance_copy_layers.v7i.coco-segmentation/train/1-7-4-5_png.rf.55867e524dbd7408fa6ed4ed191e521e.jpg,93,113,7,png,1.7,4.5,7.6499999999999995,6.2,1537,7.338238150065589,60.0,92.0,0.6521739130434783,47963,-0.4779636887155384,-56.22554397583008,56.22554397583008,60.0,117.6355972290039,-69.1667709350586,-32.746806335449214,36.41996459960938,36.3754997253418,17.52547836303711,0.24566510319709778,-0.027791494503617287,-94.79012298583984
train,1-7-4-5_png.rf.55867e524dbd7408fa6ed4ed191e521e.jpg,/mnt/tf_data/TechFin/home/group_6/Data/white_balance_copy_layers.v7i.coco-segmentation/train/1-7-4-5_png.rf.55867e524dbd7408fa6ed4ed191e521e.jpg,93,114,6,png,1.7,4.5,7.6499999999999995,6.2,810,6.698268054115413,64.0,21.0,3.0476190476190474,10693,-0.4031345605372062,-42.313255310058594,42.313255310058594,61.0,104.96062469482422,-46.91958084106445,-31.76180648803711,15.157774353027342,7.880053997039795,7.322773456573486,-0.006328615825623274,0.023918958380818367,91.38025665283203
train,1_7-4_5-2-100-3_png.rf.e5bf428120ed67985eea4f743de1b02f.jpg,/mnt/tf_data/TechFin/home/group_6/Data/white_balance_copy_layers.v7i.coco-segmentation/train/1_7-4_5-2-100-3_png.rf.e5bf428120ed67985eea4f743de1b02f.jpg,94,115,2,2-100-3_png,1.7,4.5,7.6499999999999995,6.2,564108,13.24300277421877,1103.0,909.0,1.2134213421342135,901159,-0.07242135673763536,-5.135045051574707,5.135045051574707,66.0,70.90512084960938,-7.788856506347656,-2.791204071044922,4.997652435302735,17.37744140625,2.553234338760376,-0.005473321303725243,0.0022198755759745836,74.57455444335938
train,0-8-4-2-7-100-2_png.rf.35ac0108bf9e5f94f93327fcf6b20fe3.jpg,/mnt/tf_data/TechFin/home/group_6/Data/white_balance_copy_layers.v7i.coco-segmentation/train/0-8-4-2-7-100-2_png.rf.35ac0108bf9e5f94f93327fcf6b20fe3.jpg,95,116,7,7-100-2_png,0.8,4.2,3.3600000000000003,5.0,49740,10.81458482169893,437.0,250.0,1.748,932754,-0.26321364334774905,-41.79941177368164,41.79941177368164,117.0,158.8041229248047,-45.71528015136719,-38.218511962890624,7.496768188476565,7.059762954711914,6.923610210418701,-0.0049522132612764835,-0.004281457047909498,164.37806701660156
train,1-7-3-9_png.rf.c582e955f786b0ba3d85daaf24041918.jpg,/mnt/tf_data/TechFin/home/group_6/Data/white_balance_copy_layers.v7i.coco-segmentation/train/1-7-3-9_png.rf.c582e955f786b0ba3d85daaf24041918.jpg,96,117,1,png,1.7,3.9,6.63,5.6,1877,7.537962659768208,35.0,97.0,0.36082474226804123,28531,-0.028421150050533698,-3.4147160053253174,3.4147160053253174,117.0,120.14700317382812,-6.196144104003906,-1.0604736328125,5.135670471191406,7.457792282104492,2.7161242961883545,0.007456970866769552,0.0003372289938852191,110.19197082519531
train,1-4-3-9_png.rf.9c031c083546c181258720fd342dd113.jpg,/mnt/tf_data/TechFin/home/group_6/Data/white_balance_copy_layers.v7i.coco-segmentation/train/1-4-3-9_png.rf.9c031c083546c181258720fd342dd113.jpg,97,118,8,png,1.4,3.9,5.46,5.3,2733,7.913521017283895,61.0,65.0,0.9384615384615385,32811,-0.42529390611601336,-56.30419921875,56.30419921875,74.0,132.388916015625,-63.4107666015625,-33.4325927734375,29.978173828125,5.9787187576293945,13.319687843322754,0.002945589367300272,0.0007016746094450355,127.79795837402344
train,1-1-3-3_png.rf.8ecfe0f60c2afbe95fcb3c05913eba08.jpg,/mnt/tf_data/TechFin/home/group_6/Data/white_balance_copy_layers.v7i.coco-segmentation/train/1-1-3-3_png.rf.8ecfe0f60c2afbe95fcb3c05913eba08.jpg,98,119,8,png,1.1,3.3,3.63,4.4,294,5.68697535633982,47.0,34.0,1.3823529411764706,12846,-0.5007922808628731,-71.690673828125,71.690673828125,70.0,143.15451049804688,-78.12002868652344,-59.195716857910156,18.924311828613284,4.933551788330078,13.552109718322754,-0.006359121296554804,0.001950014615431428,151.1977996826172
train,1-1-3-3_png.rf.8ecfe0f60c2afbe95fcb3c05913eba08.jpg,/mnt/tf_data/TechFin/home/group_6/Data/white_balance_copy_layers.v7i.coco-segmentation/train/1-1-3-3_png.rf.8ecfe0f60c2afbe95fcb3c05913eba08.jpg,98,120,7,png,1.1,3.3,3.63,4.4,1642,7.404279118037268,59.0,85.0,0.6941176470588235,43330,-0.41327311777205983,-63.810760498046875,63.810760498046875,86.0,154.4033660888672,-81.82297210693359,-27.60019836425781,54.222773742675784,34.630245208740234,20.91199493408203,0.23057225346565247,-0.018193934112787247,-52.42531204223633
train,1-1-3-3_png.rf.8ecfe0f60c2afbe95fcb3c05913eba08.jpg,/mnt/tf_data/TechFin/home/group_6/Data/white_balance_copy_layers.v7i.coco-segmentation/train/1-1-3-3_png.rf.8ecfe0f60c2afbe95fcb3c05913eba08.jpg,98,121,6,png,1.1,3.3,3.63,4.4,923,6.828712071641684,63.0,24.0,2.625,12090,-0.33200126875139935,-47.51494598388672,47.51494598388672,92.0,143.11676025390625,-57.19248962402344,-19.22195434570312,37.97053527832031,7.287481784820557,14.738519668579102,-0.005885080900043249,0.00225512171164155,150.26951599121094
train,1-7-3-6_png.rf.50ba7e2e614d499e29265db0c2935702.jpg,/mnt/tf_data/TechFin/home/group_6/Data/white_balance_copy_layers.v7i.coco-segmentation/train/1-7-3-6_png.rf.50ba7e2e614d499e29265db0c2935702.jpg,99,122,8,png,1.7,3.6,6.12,5.3,437,6.082218910376446,43.0,32.0,1.34375,10764,-0.5058091835045055,-55.6766471862793,55.6766471862793,52.0,110.07440948486328,-62.10350341796875,-40.10063934326172,22.002864074707034,3.784597873687744,9.890860557556152,-0.004637184552848339,0.0035289570223540068,113.84872436523438
train,1-7-3-6_png.rf.50ba7e2e614d499e29265db0c2935702.jpg,/mnt/tf_data/TechFin/home/group_6/Data/white_balance_copy_layers.v7i.coco-segmentation/train/1-7-3-6_png.rf.50ba7e2e614d499e29265db0c2935702.jpg,99,123,7,png,1.7,3.6,6.12,5.3,1821,7.507690077819904,60.0,89.0,0.6741573033707865,46065,-0.43080282615687643,-52.58717727661133,52.58717727661133,67.0,122.06785583496094,-67.22047424316406,-22.960662841796875,44.25981140136719,37.27131271362305,19.748064041137695,0.23284822702407837,-0.03190557658672333,-73.73373413085938
train,1-7-3-6_png.rf.50ba7e2e614d499e29265db0c2935702.jpg,/mnt/tf_data/TechFin/home/group_6/Data/white_balance_copy_layers.v7i.coco-segmentation/train/1-7-3-6_png.rf.50ba7e2e614d499e29265db0c2935702.jpg,99,124,6,png,1.7,3.6,6.12,5.3,841,6.7357800142423265,61.0,24.0,2.5416666666666665,11586,-0.35661675847906216,-39.23099136352539,39.23099136352539,67.0,110.00882720947266,-48.01964569091797,-15.009300231933594,33.010345458984375,7.466465950012207,12.968903541564941,-0.003932001069188118,0.0012271766318008304,115.07332611083984
train,0_8-3_9-6-100-6_png.rf.eb70dbed372fde1a8eeba331d408646b.jpg,/mnt/tf_data/TechFin/home/group_6/Data/white_balance_copy_layers.v7i.coco-segmentation/train/0_8-3_9-6-100-6_png.rf.eb70dbed372fde1a8eeba331d408646b.jpg,101,128,6,6-100-6_png,0.8,3.9,3.12,4.7,157237,11.965515860045086,329.0,1010.0,0.32574257425742575,848807,-0.1383095705956632,-21.594993591308594,21.594993591308594,135.0,156.1352081298828,-26.50501708984375,-17.86492919921875,8.640087890625,14.465457916259766,5.291404724121094,-0.01186742540448904,-0.0007349901716224849,165.16921997070312
train,1-4-4-5-2-10-3_png.rf.e0bc8357f7b89a69e5a629a720e8fce2.jpg,/mnt/tf_data/TechFin/home/group_6/Data/white_balance_copy_layers.v7i.coco-segmentation/train/1-4-4-5-2-10-3_png.rf.e0bc8357f7b89a69e5a629a720e8fce2.jpg,104,131,2,2-10-3_png,1.4,4.5,6.3,5.9,5660,8.64135583403666,114.0,88.0,1.2954545454545454,84397,-0.10782446283281492,-10.213890075683594,10.213890075683594,84.0,94.72702026367188,-11.605946350097657,-8.564499664306641,3.0414466857910156,12.561576843261719,1.805718183517456,-0.0006887624622322619,-0.0038687139749526978,97.17708587646484
train,1-1-4-5_png.rf.7e33b0c527c83096799dbe73c44947b2.jpg,/mnt/tf_data/TechFin/home/group_6/Data/white_balance_copy_layers.v7i.coco-segmentation/train/1-1-4-5_png.rf.7e33b0c527c83096799dbe73c44947b2.jpg,105,132,7,png,1.1,4.5,4.95,5.6,2954,7.991253929840198,110.0,38.0,2.8947368421052633,34503,-0.546136977526393,-60.779293060302734,60.779293060302734,48.0,111.28946685791016,-66.82484588623046,-38.33596725463867,28.488878631591795,16.9586124420166,13.638127326965332,0.007572280243039131,-0.0433976911008358,152.11727905273438
train,2-0-4-5_png.rf.7c5d3eb92b26ca429afc8700b2e2d5ef.jpg,/mnt/tf_data/TechFin/home/group_6/Data/white_balance_copy_layers.v7i.coco-segmentation/train/2-0-4-5_png.rf.7c5d3eb92b26ca429afc8700b2e2d5ef.jpg,108,135,1,png,2.0,4.5,9.0,6.5,1459,7.286191714702382,28.0,86.0,0.32558139534883723,20077,-0.035574075917252874,-3.280409812927246,3.280409812927246,89.0,92.21349334716797,-5.388108825683593,-1.092086791992187,4.296022033691406,8.647924423217773,1.987101435661316,0.014780553989112377,0.00046280428068712354,72.65884399414062
train,0_8-4_8-2-100-3_png.rf.8a66934445864ea927cfaf6538e75a0d.jpg,/mnt/tf_data/TechFin/home/group_6/Data/white_balance_copy_layers.v7i.coco-segmentation/train/0_8-4_8-2-100-3_png.rf.8a66934445864ea927cfaf6538e75a0d.jpg,109,136,2,2-100-3_png,0.8,4.8,3.84,5.6,567677,13.249309635545478,1133.0,911.0,1.243688254665203,897141,-0.06393410736412443,-9.461140632629395,9.461140632629395,140.0,147.98268127441406,-14.377874755859375,-5.581918334960937,8.795956420898438,19.612276077270508,4.617405414581299,-0.007168343756347895,-0.0001482311636209488,154.3682861328125
train,1-4-3-6_png.rf.506e6f8217cf3f23b6b66a721ead12f9.jpg,/mnt/tf_data/TechFin/home/group_6/Data/white_balance_copy_layers.v7i.coco-segmentation/train/1-4-3-6_png.rf.506e6f8217cf3f23b6b66a721ead12f9.jpg,110,137,8,png,1.4,3.6,5.04,5.0,2705,7.903226808730733,60.0,64.0,0.9375,31716,-0.40902469740958397,-58.939231872558594,58.939231872558594,83.0,144.0970001220703,-66.09522705078125,-36.15676574707031,29.938461303710938,5.876399517059326,13.543240547180176,0.0026499461382627487,4.9891761591425166e-05,140.50997924804688
train,1-7-3-3_png.rf.6cf67ff9099ab0ce57156e0529384bea.jpg,/mnt/tf_data/TechFin/home/group_6/Data/white_balance_copy_layers.v7i.coco-segmentation/train/1-7-3-3_png.rf.6cf67ff9099ab0ce57156e0529384bea.jpg,113,140,1,png,1.7,3.3,5.609999999999999,5.0,3114,8.043984431221553,171.0,60.0,2.85,88980,-0.0803659225718594,-10.112554550170898,10.112554550170898,116.0,125.83137512207031,-16.868997192382814,-3.724159240722656,13.144837951660158,11.999067306518555,5.00469446182251,0.0011052675545215607,-0.01187952421605587,137.14552307128906
train,0-8-4-2-6-10-6_png.rf.f06bc3ebab8cf4997dc15e7d8f16e2c4.jpg,/mnt/tf_data/TechFin/home/group_6/Data/white_balance_copy_layers.v7i.coco-segmentation/train/0-8-4-2-6-10-6_png.rf.f06bc3ebab8cf4997dc15e7d8f16e2c4.jpg,114,141,6,6-10-6_png,0.8,4.2,3.3600000000000003,5.0,1926,7.563719668414366,41.0,134.0,0.30597014925373134,47207,-0.27273310923931426,-39.57286834716797,39.57286834716797,103.0,145.097412109375,-45.26042175292969,-21.375205993652344,23.885215759277344,11.971384048461914,9.668487548828125,0.0014848628779873252,-0.004947084002196789,146.69381713867188
train,1_1-3_6-3-100-4_png.rf.e368392c4c3ff1748041adcd52dbf546.jpg,/mnt/tf_data/TechFin/home/group_6/Data/white_balance_copy_layers.v7i.coco-segmentation/train/1_1-3_6-3-100-4_png.rf.e368392c4c3ff1748041adcd52dbf546.jpg,115,142,3,3-100-4_png,1.1,3.6,3.9600000000000004,4.7,44385,10.700679383382674,197.0,451.0,0.43680709534368073,559147,-0.07470178637776563,-10.028827667236328,10.028827667236328,124.0,134.2515106201172,-10.975338745117188,-8.5601318359375,2.4152069091796875,3.902317762374878,1.7279903888702393,0.0061143324710428715,-0.007567731663584709,134.63986206054688
train,1_1-4_2-3-100_png.rf.42570de34f7073cfee581b86f8af573d.jpg,/mnt/tf_data/TechFin/home/group_6/Data/white_balance_copy_layers.v7i.coco-segmentation/train/1_1-4_2-3-100_png.rf.42570de34f7073cfee581b86f8af573d.jpg,118,145,3,3-100_png,1.1,4.2,4.620000000000001,5.300000000000001,111922,11.625566413840733,403.0,432.0,0.9328703703703703,1092866,-0.08741710403628031,-11.60744571685791,11.60744571685791,121.0,132.78231811523438,-13.36820068359375,-9.574562072753906,3.793638610839844,6.73243522644043,2.635209798812866,-0.01018903311342001,-0.006357276812195778,145.2255859375
train,1-4-4-2_png.rf.721481f17552402d880ef5900c63faf4.jpg,/mnt/tf_data/TechFin/home/group_6/Data/white_balance_copy_layers.v7i.coco-segmentation/train/1-4-4-2_png.rf.721481f17552402d880ef5900c63faf4.jpg,119,146,1,png,1.4,4.2,5.88,5.6,1552,7.347943823148687,32.0,77.0,0.4155844155844156,20475,-0.040633354357351485,-5.157454967498779,5.157454967498779,121.0,126.9266357421875,-7.14618148803711,-1.588802337646484,5.557379150390625,8.722004890441895,2.3145132064819336,0.013451972976326942,0.00792095996439457,101.64200592041016
train,1_7-4_2-2-100-3_png.rf.ff8ad4d9aa5b08ad94ec045d356a643c.jpg,/mnt/tf_data/TechFin/home/group_6/Data/white_balance_copy_layers.v7i.coco-segmentation/train/1_7-4_2-2-100-3_png.rf.ff8ad4d9aa5b08ad94ec045d356a643c.jpg,120,147,2,2-100-3_png,1.7,4.2,7.14,5.9,560503,13.236591657954168,1081.0,910.0,1.187912087912088,904723,-0.08923058809825289,-6.393681526184082,6.393681526184082,66.0,71.65347290039062,-9.408920288085938,-3.936595153808594,5.472325134277344,17.60708999633789,2.640683889389038,-0.005727989133447409,0.0021347026340663433,75.59552001953125
train,1-4-3-3_png.rf.6668aa2907434c01664475b36ff7ac32.jpg,/mnt/tf_data/TechFin/home/group_6/Data/white_balance_copy_layers.v7i.coco-segmentation/train/1-4-3-3_png.rf.6668aa2907434c01664475b36ff7ac32.jpg,121,148,4,png,1.4,3.3,4.619999999999999,4.699999999999999,4064,8.310169021981912,192.0,58.0,3.310344827586207,95895,-0.17860094403703394,-27.71950912475586,27.71950912475586,127.0,155.20359802246094,-31.345201110839845,-20.591491699218746,10.753709411621099,21.256893157958984,5.063266754150391,-0.011276822537183762,-0.035720404237508774,210.61367797851562
train,1-7-3-6_png.rf.542cf4e512e41802a242248e50d73fb1.jpg,/mnt/tf_data/TechFin/home/group_6/Data/white_balance_copy_layers.v7i.coco-segmentation/train/1-7-3-6_png.rf.542cf4e512e41802a242248e50d73fb1.jpg,122,149,1,png,1.7,3.6,6.12,5.3,3131,8.049427057110695,170.0,59.0,2.8813559322033897,86895,-0.0762815935253241,-9.419615745544434,9.419615745544434,115.0,123.48477935791016,-15.611968994140625,-3.44195556640625,12.170013427734375,12.209771156311035,4.6191205978393555,0.0009732237085700035,-0.01390136033296585,137.17062377929688
train,2-0-4-8_png.rf.22b12e455b24cf01141f154232072b13.jpg,/mnt/tf_data/TechFin/home/group_6/Data/white_balance_copy_layers.v7i.coco-segmentation/train/2-0-4-8_png.rf.22b12e455b24cf01141f154232072b13.jpg,123,150,1,png,2.0,4.8,9.6,6.8,1731,7.4570320891223805,36.0,84.0,0.42857142857142855,25350,-0.029972221489560424,-2.7222788333892822,2.7222788333892822,88.0,90.82672882080078,-4.891258239746094,-0.6675796508789062,4.2236785888671875,7.935479640960693,1.869828224182129,0.011059796437621117,-0.0027089021168649197,79.24071502685547
train,2-0-3-3_png.rf.dfe778684e22e24d4bbc2a0596af932e.jpg,/mnt/tf_data/TechFin/home/group_6/Data/white_balance_copy_layers.v7i.coco-segmentation/train/2-0-3-3_png.rf.dfe778684e22e24d4bbc2a0596af932e.jpg,124,151,8,png,2.0,3.3,6.6,5.3,2707,7.903965634032166,61.0,63.0,0.9682539682539683,31741,-0.45768453701652345,-52.80017852783203,52.80017852783203,61.0,115.36369323730469,-59.35833587646484,-29.410777282714843,29.94755859375,6.988466262817383,12.631370544433594,0.0020099529065191746,0.00038376645534299314,112.33544921875
train,1_1-4_5-6-100-6_png.rf.0b8e3442181b82ee809fae0aff8f441c.jpg,/mnt/tf_data/TechFin/home/group_6/Data/white_balance_copy_layers.v7i.coco-segmentation/train/1_1-4_5-6-100-6_png.rf.0b8e3442181b82ee809fae0aff8f441c.jpg,125,152,6,6-100-6_png,1.1,4.5,4.95,5.6,160512,11.986130215156873,337.0,1021.0,0.33006856023506365,870138,-0.16917392071584028,-21.679275512695312,21.679275512695312,107.0,128.14785766601562,-26.417082214355467,-18.004763793945312,8.412318420410156,14.016999244689941,4.751599311828613,-0.009620117023587227,-0.0007159668020904064,135.5188446044922
train,1-7-3-6_png.rf.c553888bbb4f29eae5695f31b560900b.jpg,/mnt/tf_data/TechFin/home/group_6/Data/white_balance_copy_layers.v7i.coco-segmentation/train/1-7-3-6_png.rf.c553888bbb4f29eae5695f31b560900b.jpg,126,153,8,png,1.7,3.6,6.12,5.3,2750,7.919719760924575,61.0,65.0,0.9384615384615385,32794,-0.40819202047041503,-52.840599060058594,52.840599060058594,75.0,129.45034790039062,-60.45517578125,-28.430238342285158,32.02493743896484,6.787583351135254,13.177481651306152,-0.0007814548444002867,-0.0008462102268822491,131.28225708007812
train,1-1-3-3_png.rf.49cebed77ee5ec9b29f049acad6e2b79.jpg,/mnt/tf_data/TechFin/home/group_6/Data/white_balance_copy_layers.v7i.coco-segmentation/train/1-1-3-3_png.rf.49cebed77ee5ec9b29f049acad6e2b79.jpg,128,155,1,png,1.1,3.3,3.63,4.4,2975,7.998335395952982,171.0,61.0,2.80327868852459,90657,-0.05538888882386602,-9.387446403503418,9.387446403503418,161.0,169.48248291015625,-16.499600219726563,-3.4135040283203124,13.08609619140625,9.666919708251953,5.094674587249756,0.0021008888725191355,-0.009512284770607948,176.86073303222656
train,1-1-3-6_png.rf.41f8282f4d610f31de920e2ddda062ec.jpg,/mnt/tf_data/TechFin/home/group_6/Data/white_balance_copy_layers.v7i.coco-segmentation/train/1-1-3-6_png.rf.41f8282f4d610f31de920e2ddda062ec.jpg,132,159,1,png,1.1,3.6,3.9600000000000004,4.7,3057,8.025516386489008,170.0,60.0,2.8333333333333335,88498,-0.06275754911604181,-9.900947570800781,9.900947570800781,149.0,157.76504516601562,-16.740606689453124,-3.685403442382812,13.055203247070311,9.893223762512207,4.909176349639893,0.0013614140916615725,-0.00954642053693533,166.1992645263672
train,0_8-3_9-3-100-4_png.rf.a0ea87f8dc3849c82ca77e62678da871.jpg,/mnt/tf_data/TechFin/home/group_6/Data/white_balance_copy_layers.v7i.coco-segmentation/train/0_8-3_9-3-100-4_png.rf.a0ea87f8dc3849c82ca77e62678da871.jpg,133,160,3,3-100-4_png,0.8,3.9,3.12,4.7,44227,10.697113351662292,196.0,453.0,0.4326710816777042,556229,-0.0767202101201254,-12.3745756149292,12.3745756149292,149.0,161.29486083984375,-13.868789672851562,-10.761456298828124,3.1073333740234386,4.4876813888549805,2.092787027359009,0.007578460965305567,-0.008404074236750603,161.25717163085938
train,0_8-3_6-6-100-6_png.rf.f710411774b36466e267112827b949a5.jpg,/mnt/tf_data/TechFin/home/group_6/Data/white_balance_copy_layers.v7i.coco-segmentation/train/0_8-3_6-6-100-6_png.rf.f710411774b36466e267112827b949a5.jpg,134,161,6,6-100-6_png,0.8,3.6,2.8800000000000003,4.4,152448,11.934585392867174,324.0,1007.0,0.3217477656405164,838210,-0.1412979722938997,-22.269826889038086,22.269826889038086,135.0,157.6089630126953,-27.127090454101562,-18.44101867675781,8.686071777343752,14.156183242797852,4.599370002746582,-0.012013701722025871,-0.000273073062999174,166.4639129638672
train,1_1-4_5-3-100-4_png.rf.223b501cee6e7eb4d02511764b426737.jpg,/mnt/tf_data/TechFin/home/group_6/Data/white_balance_copy_layers.v7i.coco-segmentation/train/1_1-4_5-3-100-4_png.rf.223b501cee6e7eb4d02511764b426737.jpg,135,162,3,3-100-4_png,1.1,4.5,4.95,5.6,44102,10.694283086332076,198.0,454.0,0.43612334801762115,562482,-0.09544717053685202,-12.55173110961914,12.55173110961914,119.0,131.50448608398438,-13.593519592285157,-11.142906188964842,2.4506134033203146,4.080458164215088,1.7604507207870483,0.006219347007572651,-0.007038744632154703,131.54432678222656
train,1_7-4_2-6-100-6_png.rf.990c8e7dc81a0a2d300343068da7acde.jpg,/mnt/tf_data/TechFin/home/group_6/Data/white_balance_copy_layers.v7i.coco-segmentation/train/1_7-4_2-6-100-6_png.rf.990c8e7dc81a0a2d300343068da7acde.jpg,136,163,6,6-100-6_png,1.7,4.2,7.14,5.9,159602,11.980444760813665,327.0,1018.0,0.3212180746561886,840270,-0.2342629430813418,-16.461679458618164,16.461679458618164,54.0,70.27009582519531,-20.255248260498046,-13.906877136230468,6.348371124267578,11.121861457824707,3.0620248317718506,-0.008743182756006718,0.0018145154463127255,75.41117858886719
train,1-4-3-6_png.rf.e93f378564d40fcce19c08ba50d4b80e.jpg,/mnt/tf_data/TechFin/home/group_6/Data/white_balance_copy_layers.v7i.coco-segmentation/train/1-4-3-6_png.rf.e93f378564d40fcce19c08ba50d4b80e.jpg,137,164,4,png,1.4,3.6,5.04,5.0,3940,8.279189777195004,192.0,58.0,3.310344827586207,96019,-0.19518499921073984,-29.13155174255371,29.13155174255371,120.0,149.2509765625,-33.27792205810547,-23.11190185546875,10.166020202636716,21.770736694335938,4.698462963104248,-0.010390892624855042,-0.03864351660013199,206.3291778564453
train,0_5-3_6-3-100_png.rf.a37dca445803ab946ffc1b764fe8b01a.jpg,/mnt/tf_data/TechFin/home/group_6/Data/white_balance_copy_layers.v7i.coco-segmentation/train/0_5-3_6-3-100_png.rf.a37dca445803ab946ffc1b764fe8b01a.jpg,138,165,3,3-100_png,0.5,3.6,1.8,4.1,111544,11.62218337590675,409.0,422.0,0.9691943127962085,1142485,-0.05109647626207433,-8.614139556884766,8.614139556884766,160.0,168.58578491210938,-10.431681823730468,-6.886006164550781,3.545675659179687,5.7769246101379395,1.7164965867996216,-0.003695713821798563,-0.006471109110862017,173.9007110595703
train,2-0-3-6_png.rf.dfd2ed6d229fdff01bf4e2646f79ed30.jpg,/mnt/tf_data/TechFin/home/group_6/Data/white_balance_copy_layers.v7i.coco-segmentation/train/2-0-3-6_png.rf.dfd2ed6d229fdff01bf4e2646f79ed30.jpg,139,166,8,png,2.0,3.6,7.2,5.6,430,6.066108090103747,44.0,32.0,1.375,11228,-0.5614562514663919,-55.79423522949219,55.79423522949219,42.0,99.3741455078125,-62.38929290771485,-43.39765625,18.99163665771485,3.4645028114318848,8.6334810256958,-0.0053204759024083614,0.00808284617960453,99.70287322998047
train,2-0-3-6_png.rf.dfd2ed6d229fdff01bf4e2646f79ed30.jpg,/mnt/tf_data/TechFin/home/group_6/Data/white_balance_copy_layers.v7i.coco-segmentation/train/2-0-3-6_png.rf.dfd2ed6d229fdff01bf4e2646f79ed30.jpg,139,167,7,png,2.0,3.6,7.2,5.6,1624,7.393263094763838,58.0,87.0,0.6666666666666666,43626,-0.48273138655909076,-54.953487396240234,54.953487396240234,58.0,113.8386459350586,-68.49244384765625,-29.90316162109374,38.5892822265625,38.26028060913086,16.786224365234375,0.2834605276584625,-0.031557947397232056,-131.32876586914062
train,2-0-3-6_png.rf.dfd2ed6d229fdff01bf4e2646f79ed30.jpg,/mnt/tf_data/TechFin/home/group_6/Data/white_balance_copy_layers.v7i.coco-segmentation/train/2-0-3-6_png.rf.dfd2ed6d229fdff01bf4e2646f79ed30.jpg,139,168,6,png,2.0,3.6,7.2,5.6,756,6.6293632534374485,60.0,21.0,2.857142857142857,9911,-0.4354946209569752,-43.32543182373047,43.32543182373047,55.0,99.4855728149414,-48.49543380737305,-31.465469360351562,17.029964447021484,8.257403373718262,7.394223690032959,-0.006574548780918121,0.01278571505099535,97.31668090820312
train,0_8-3_3-3-100_png.rf.a012420ec64f66620ccc5a96800803b2.jpg,/mnt/tf_data/TechFin/home/group_6/Data/white_balance_copy_layers.v7i.coco-segmentation/train/0_8-3_3-3-100_png.rf.a012420ec64f66620ccc5a96800803b2.jpg,141,170,3,3-100_png,0.8,3.3,2.64,4.1,113460,11.639214444520547,411.0,422.0,0.9739336492890995,1146656,-0.05919060505607753,-9.602717399597168,9.602717399597168,153.0,162.2338104248047,-11.447685241699219,-8.026930236816407,3.420755004882812,6.122226715087891,2.2787413597106934,-0.0034648289438337088,-0.007789666764438152,167.89942932128906
train,1_1-4_5-2-100-3_png.rf.f34372d84d1a09f32dab0ddd3bbdc3a2.jpg,/mnt/tf_data/TechFin/home/group_6/Data/white_balance_copy_layers.v7i.coco-segmentation/train/1_1-4_5-2-100-3_png.rf.f34372d84d1a09f32dab0ddd3bbdc3a2.jpg,142,171,2,2-100-3_png,1.1,4.5,4.95,5.6,563387,13.24172383494305,1074.0,911.0,1.1789242590559825,901947,-0.05745724297021651,-7.416872978210449,7.416872978210449,122.0,129.0850830078125,-11.255160522460937,-4.138385009765624,7.1167755126953125,19.86147689819336,3.8363378047943115,-0.007332457695156336,0.0008127824985422194,135.14556884765625
train,1-7-3-9-3-100-2_png.rf.ee81b88ff4edb73bd3d52cb407594140.jpg,/mnt/tf_data/TechFin/home/group_6/Data/white_balance_copy_layers.v7i.coco-segmentation/train/1-7-3-9-3-100-2_png.rf.ee81b88ff4edb73bd3d52cb407594140.jpg,143,172,7,3-100-2_png,1.7,3.9,6.63,5.6,50097,10.821736366116445,438.0,249.0,1.7590361445783131,918733,-0.4498196156676389,-34.021846771240234,34.021846771240234,42.0,75.6344223022461,-35.86992492675781,-31.408876037597658,4.461048889160153,4.9992194175720215,4.1068644523620605,-1.2174472431070171e-05,-0.00283428025431931,76.9901351928711
train,1_7-4_8-2-100-3_png.rf.35cff443e29eb149afc2100cf8f53c85.jpg,/mnt/tf_data/TechFin/home/group_6/Data/white_balance_copy_layers.v7i.coco-segmentation/train/1_7-4_8-2-100-3_png.rf.35cff443e29eb149afc2100cf8f53c85.jpg,144,173,2,2-100-3_png,1.7,4.8,8.16,6.5,559153,13.234180206146208,1071.0,910.0,1.176923076923077,905989,-0.08123851942905859,-5.83936071395874,5.83936071395874,67.0,71.87921142578125,-9.18627471923828,-3.4973541259765626,5.688920593261718,16.601947784423828,2.7490432262420654,-0.005176393780857325,0.0017426570411771536,75.53116607666016
train,2-0-3-9_png.rf.949fa39f6d31623a6121b4a7e8353f35.jpg,/mnt/tf_data/TechFin/home/group_6/Data/white_balance_copy_layers.v7i.coco-segmentation/train/2-0-3-9_png.rf.949fa39f6d31623a6121b4a7e8353f35.jpg,145,174,4,png,2.0,3.9,7.8,5.9,3846,8.255048902752295,193.0,59.0,3.2711864406779663,98370,-0.2195971185808723,-21.649372100830078,21.649372100830078,77.0,98.58677673339844,-27.61145782470703,-15.095470428466797,12.515987396240234,25.984657287597656,5.106667995452881,-0.009187739342451096,-0.03194022923707962,146.7764892578125
train,1-1-3-3_png.rf.707bafc38e8ad25edf097d5042aa696e.jpg,/mnt/tf_data/TechFin/home/group_6/Data/white_balance_copy_layers.v7i.coco-segmentation/train/1-1-3-3_png.rf.707bafc38e8ad25edf097d5042aa696e.jpg,148,177,7,png,1.1,3.3,3.63,4.4,3465,8.150756470275551,117.0,53.0,2.207547169811321,52155,-0.4825920276433507,-62.59404754638672,62.59404754638672,65.0,129.703857421875,-71.29007263183594,-37.21919250488281,34.07088012695313,16.551881790161133,14.54737663269043,0.008539347909390926,-0.026589566841721535,151.90292358398438
train,1-4-4-8_png.rf.1d7e57ba37060f71327c9d909b9c5f38.jpg,/mnt/tf_data/TechFin/home/group_6/Data/white_balance_copy_layers.v7i.coco-segmentation/train/1-4-4-8_png.rf.1d7e57ba37060f71327c9d909b9c5f38.jpg,149,178,4,png,1.4,4.8,6.72,6.199999999999999,3649,8.202482446576537,192.0,59.0,3.2542372881355934,98037,-0.27450201434661287,-31.72648048400879,31.72648048400879,84.0,115.57831573486328,-35.62781982421875,-26.421894836425782,9.205924987792965,24.343175888061523,5.179541110992432,-0.008093421347439289,-0.028507022187113762,158.35252380371094
train,1_7-3_6-3-100-4_png.rf.0e2c14656bafa6a7247814c899e457d2.jpg,/mnt/tf_data/TechFin/home/group_6/Data/white_balance_copy_layers.v7i.coco-segmentation/train/1_7-3_6-3-100-4_png.rf.0e2c14656bafa6a7247814c899e457d2.jpg,150,179,3,3-100-4_png,1.7,3.6,6.12,5.3,44254,10.697723638402977,195.0,451.0,0.43237250554323725,553138,-0.13804600758567298,-10.684699058532715,10.684699058532715,67.0,77.39955139160156,-11.676964569091798,-9.395723724365233,2.2812408447265646,3.1282200813293457,1.6078017950057983,0.0050018345937132835,-0.004749860614538193,76.9480972290039
train,1_4-4_8-3-100_png.rf.8ede069b98de1e579d03a3776c05837e.jpg,/mnt/tf_data/TechFin/home/group_6/Data/white_balance_copy_layers.v7i.coco-segmentation/train/1_4-4_8-3-100_png.rf.8ede069b98de1e579d03a3776c05837e.jpg,151,180,3,3-100_png,1.4,4.8,6.72,6.199999999999999,113566,11.640148250110188,408.0,431.0,0.9466357308584686,1137394,-0.10046157949148922,-9.886308670043945,9.886308670043945,89.0,98.40885162353516,-11.309600830078125,-8.514156341552734,2.7954444885253906,5.255500793457031,2.1133241653442383,-0.0011813152814283967,-0.006384042091667652,102.32103729248047
train,1-7-4-2-3-100-2_png.rf.7faff86439664bfe0284b363c1906247.jpg,/mnt/tf_data/TechFin/home/group_6/Data/white_balance_copy_layers.v7i.coco-segmentation/train/1-7-4-2-3-100-2_png.rf.7faff86439664bfe0284b363c1906247.jpg,153,182,7,3-100-2_png,1.7,4.2,7.14,5.9,12261,9.414260328322634,215.0,126.0,1.7063492063492063,231178,-0.442663531431961,-31.40522003173828,31.40522003173828,39.0,70.94602966308594,-32.65812683105469,-28.210739135742188,4.4473876953125,4.307577133178711,3.7681033611297607,0.007885093800723553,-0.002311993157491088,67.37938690185547
train,1-7-4-8_png.rf.da472f55ef57fb190194a56f02d1524c.jpg,/mnt/tf_data/TechFin/home/group_6/Data/white_balance_copy_layers.v7i.coco-segmentation/train/1-7-4-8_png.rf.da472f55ef57fb190194a56f02d1524c.jpg,154,183,7,png,1.7,4.8,8.16,6.5,2748,7.918992488165245,109.0,45.0,2.422222222222222,41228,-0.5577362754543937,-53.320072174072266,53.320072174072266,42.0,95.60086822509766,-56.57280731201172,-43.158374786376946,13.414432525634773,14.645413398742676,7.672356605529785,0.006972464732825756,-0.03897647187113762,132.14830017089844
train,1_4-3_6-3-100-4_png.rf.b7370ae78231b3c6c5119344e98b3a2b.jpg,/mnt/tf_data/TechFin/home/group_6/Data/white_balance_copy_layers.v7i.coco-segmentation/train/1_4-3_6-3-100-4_png.rf.b7370ae78231b3c6c5119344e98b3a2b.jpg,155,184,3,3-100-4_png,1.4,3.6,5.04,5.0,43987,10.691672148430825,197.0,451.0,0.43680709534368073,559541,-0.10996478366977007,-11.145075798034668,11.145075798034668,90.0,101.351318359375,-12.270643615722657,-9.668173217773438,2.6024703979492188,3.575942277908325,1.7337535619735718,0.005510701797902584,-0.006156752817332745,101.35031127929688
train,1-7-3-9_png.rf.291a0a46bb3f8e90bea6eef07a57cc08.jpg,/mnt/tf_data/TechFin/home/group_6/Data/white_balance_copy_layers.v7i.coco-segmentation/train/1-7-3-9_png.rf.291a0a46bb3f8e90bea6eef07a57cc08.jpg,156,185,8,png,1.7,3.9,6.63,5.6,2727,7.911324018963352,61.0,65.0,0.9384615384615385,32817,-0.42066471348962364,-50.306434631347656,50.306434631347656,68.0,119.58795928955078,-57.55703125,-27.567701721191405,29.989329528808597,6.758826732635498,12.8947172164917,0.001575472648255527,0.0005781029467470944,116.94307708740234
train,2-0-4-5_png.rf.4c9934d349af1eda4c6c7785f44129ac.jpg,/mnt/tf_data/TechFin/home/group_6/Data/white_balance_copy_layers.v7i.coco-segmentation/train/2-0-4-5_png.rf.4c9934d349af1eda4c6c7785f44129ac.jpg,157,186,1,png,2.0,4.5,9.0,6.5,3167,8.060855752934316,171.0,62.0,2.7580645161290325,92003,-0.08720031580389674,-8.161972045898438,8.161972045898438,86.0,93.60025787353516,-13.574722290039062,-2.814616394042968,10.760105895996094,13.094676971435547,3.961965322494507,0.0006075457786209881,-0.013019619509577751,106.83509826660156
train,0_8-4_5-3-100-4_png.rf.40100ca1f9ab9cefc0b91269e55b64e3.jpg,/mnt/tf_data/TechFin/home/group_6/Data/white_balance_copy_layers.v7i.coco-segmentation/train/0_8-4_5-3-100-4_png.rf.40100ca1f9ab9cefc0b91269e55b64e3.jpg,158,187,3,3-100-4_png,0.8,4.5,3.6,5.3,43879,10.689213914389166,196.0,454.0,0.43171806167400884,556565,-0.0777174575897963,-12.494122505187988,12.494122505187988,148.0,160.76339721679688,-13.658328247070312,-10.954913330078124,2.7034149169921875,4.402956485748291,1.8100886344909668,0.0072184219025075436,-0.00816157553344965,160.8084716796875
train,1-7-3-9_png.rf.1d6e3af27f8a0e6634e7cbc83bf45b21.jpg,/mnt/tf_data/TechFin/home/group_6/Data/white_balance_copy_layers.v7i.coco-segmentation/train/1-7-3-9_png.rf.1d6e3af27f8a0e6634e7cbc83bf45b21.jpg,159,188,1,png,1.7,3.9,6.63,5.6,3099,8.039157390473237,170.0,61.0,2.7868852459016393,89985,-0.07362805763687313,-8.943650245666504,8.943650245666504,113.0,121.4706802368164,-15.379078674316407,-3.3581909179687486,12.020887756347658,12.804788589477539,4.505175590515137,0.0008125943713821471,-0.01227305456995964,133.6178436279297
train,0_8-4_8-6-100-6_png.rf.773543bcf61f7c9568501a88a24294a9.jpg,/mnt/tf_data/TechFin/home/group_6/Data/white_balance_copy_layers.v7i.coco-segmentation/train/0_8-4_8-6-100-6_png.rf.773543bcf61f7c9568501a88a24294a9.jpg,160,189,6,6-100-6_png,0.8,4.8,3.84,5.6,159400,11.979178318844294,336.0,1018.0,0.3300589390962672,868291,-0.14515933490893537,-21.604084014892578,21.604084014892578,128.0,148.83013916015625,-26.463229370117187,-17.91527557373047,8.547953796386718,14.190820693969727,4.516942501068115,-0.010951805859804153,0.0002540694840718061,156.62991333007812
train,1-1-4-2_png.rf.fe1a571940f9ce408db6067bb3ad73db.jpg,/mnt/tf_data/TechFin/home/group_6/Data/white_balance_copy_layers.v7i.coco-segmentation/train/1-1-4-2_png.rf.fe1a571940f9ce408db6067bb3ad73db.jpg,161,190,4,png,1.1,4.2,4.620000000000001,5.300000000000001,3937,8.278428259199071,192.0,59.0,3.2542372881355934,97749,-0.18372698388655595,-25.57850456237793,25.57850456237793,113.0,139.22018432617188,-29.442544555664064,-17.926119995117187,11.516424560546877,22.675676345825195,5.101803779602051,-0.010717837139964104,-0.03191077336668968,189.8262939453125
train,0-8-3-9-7-10-2_png.rf.028097a6c59a7a9fd476df2cfdcff7cd.jpg,/mnt/tf_data/TechFin/home/group_6/Data/white_balance_copy_layers.v7i.coco-segmentation/train/0-8-3-9-7-10-2_png.rf.028097a6c59a7a9fd476df2cfdcff7cd.jpg,162,191,7,7-10-2_png,0.8,3.9,3.12,4.7,525,6.26530121273771,42.0,24.0,1.75,8466,-0.397357497307914,-57.949851989746094,57.949851989746094,84.0,145.83807373046875,-66.79486389160157,-30.778201293945312,36.01666259765625,5.006565570831299,15.316290855407715,0.006747662089765072,-0.0007995167979970574,141.54225158691406
train,2-0-3-6_png.rf.ec23d8a6649d12cd3acc2dd962eafe0d.jpg,/mnt/tf_data/TechFin/home/group_6/Data/white_balance_copy_layers.v7i.coco-segmentation/train/2-0-3-6_png.rf.ec23d8a6649d12cd3acc2dd962eafe0d.jpg,163,192,4,png,2.0,3.6,7.2,5.6,8195,9.011401509358791,171.0,99.0,1.7272727272727273,143881,-0.16893612943890982,-16.2625732421875,16.2625732421875,80.0,96.2646255493164,-18.37847900390625,-13.814575195312498,4.563903808593752,16.794288635253906,2.551496744155884,-0.004666014574468136,-0.003665759926661849,106.85904693603516
train,1-7-3-6_png.rf.72f174885e3aac98ef00a88f99d20e2a.jpg,/mnt/tf_data/TechFin/home/group_6/Data/white_balance_copy_layers.v7i.coco-segmentation/train/1-7-3-6_png.rf.72f174885e3aac98ef00a88f99d20e2a.jpg,164,193,2,png,1.7,3.6,6.12,5.3,1017,6.925595197110468,35.0,64.0,0.546875,19029,-0.1278318533080647,-17.095657348632812,17.095657348632812,115.0,133.73550415039062,-22.763760375976563,-6.70035400390625,16.06340637207031,1.2923108339309692,6.03910493850708,-0.0005784043460153043,0.005951776169240475,129.7095184326172
train,1_4-4_2-2-100-3_png.rf.80460ad71a5366d86cbb1d711f102855.jpg,/mnt/tf_data/TechFin/home/group_6/Data/white_balance_copy_layers.v7i.coco-segmentation/train/1_4-4_2-2-100-3_png.rf.80460ad71a5366d86cbb1d711f102855.jpg,165,194,2,2-100-3_png,1.4,4.2,5.88,5.6,562278,13.239753446970763,1092.0,909.0,1.2013201320132014,902925,-0.08286885196804644,-8.021955490112305,8.021955490112305,89.0,96.80302429199219,-12.063631439208985,-4.9780632019042965,7.085568237304688,18.99803924560547,3.4061508178710938,-0.006635427474975586,0.0025301016867160797,101.34210205078125
train,0-8-3-3_png.rf.f049181e8c5e4a13a5cca94c3913011c.jpg,/mnt/tf_data/TechFin/home/group_6/Data/white_balance_copy_layers.v7i.coco-segmentation/train/0-8-3-3_png.rf.f049181e8c5e4a13a5cca94c3913011c.jpg,166,195,8,png,0.8,3.3,2.64,4.1,296,5.6937321388027,43.0,30.0,1.4333333333333333,10149,-0.393960366380483,-60.32286071777344,60.32286071777344,91.0,153.11911010742188,-67.07685852050781,-46.1920166015625,20.884841918945312,2.8872296810150146,8.191943168640137,-0.0065713017247617245,0.003025054233148694,160.43243408203125
train,0-8-3-3_png.rf.f049181e8c5e4a13a5cca94c3913011c.jpg,/mnt/tf_data/TechFin/home/group_6/Data/white_balance_copy_layers.v7i.coco-segmentation/train/0-8-3-3_png.rf.f049181e8c5e4a13a5cca94c3913011c.jpg,166,196,7,png,0.8,3.3,2.64,4.1,1834,7.51479976048867,63.0,81.0,0.7777777777777778,43934,-0.3109004998682206,-50.975006103515625,50.975006103515625,109.0,163.959228515625,-67.09640045166016,-23.691963195800778,43.40443725585938,33.02238845825195,17.335012435913086,0.22992977499961853,-0.0017583051230758429,-57.42599868774414
train,0-8-3-3_png.rf.f049181e8c5e4a13a5cca94c3913011c.jpg,/mnt/tf_data/TechFin/home/group_6/Data/white_balance_copy_layers.v7i.coco-segmentation/train/0-8-3-3_png.rf.f049181e8c5e4a13a5cca94c3913011c.jpg,166,197,6,png,0.8,3.3,2.64,4.1,898,6.80128303447162,64.0,22.0,2.909090909090909,11250,-0.23290252496017805,-35.62114334106445,35.62114334106445,115.0,152.94442749023438,-42.933831787109376,-13.832762145996092,29.101069641113284,6.450623035430908,11.502822875976562,-0.00565097201615572,-0.0020467687863856554,163.98582458496094
train,1-4-4-2_png.rf.0ede17c247c1e253b9d78ade7ad9f955.jpg,/mnt/tf_data/TechFin/home/group_6/Data/white_balance_copy_layers.v7i.coco-segmentation/train/1-4-4-2_png.rf.0ede17c247c1e253b9d78ade7ad9f955.jpg,167,198,7,png,1.4,4.2,5.88,5.6,2484,7.818027938530729,109.0,43.0,2.5348837209302326,39532,-0.5146814624087664,-57.393497467041016,57.393497467041016,53.0,111.51265716552734,-60.601819610595705,-46.126912689208986,14.474906921386719,16.425424575805664,8.490561485290527,0.005263316910713911,-0.051152072846889496,162.2982177734375
train,1_1-3_6-3-100_png.rf.0307dcceae267e17398fb4f7e30321ca.jpg,/mnt/tf_data/TechFin/home/group_6/Data/white_balance_copy_layers.v7i.coco-segmentation/train/1_1-3_6-3-100_png.rf.0307dcceae267e17398fb4f7e30321ca.jpg,168,199,3,3-100_png,1.1,3.6,3.9600000000000004,4.7,111113,11.618311980290061,404.0,425.0,0.9505882352941176,1127513,-0.05337766705694458,-7.165090084075928,7.165090084075928,127.0,134.23385620117188,-9.01705322265625,-5.7373199462890625,3.279733276367187,5.381625652313232,1.6062039136886597,-0.002818375127390027,-0.006387291941791773,138.84930419921875
train,0_8-4_2-3-100-4_png.rf.47074b16c199d48f76a79808da59ff8b.jpg,/mnt/tf_data/TechFin/home/group_6/Data/white_balance_copy_layers.v7i.coco-segmentation/train/0_8-4_2-3-100-4_png.rf.47074b16c199d48f76a79808da59ff8b.jpg,170,203,3,3-100-4_png,0.8,4.2,3.3600000000000003,5.0,44194,10.696366939495048,195.0,454.0,0.42951541850220265,553190,-0.08149857216683702,-13.047247886657715,13.047247886657715,147.0,160.09173583984375,-14.269024658203126,-11.194158935546872,3.074865722656254,4.402966499328613,2.930219888687134,0.0067916493862867355,-0.007882179692387581,160.23324584960938
train,0_5-4_8-3-100_png.rf.5c72beebaec6c51bdf587092284970ab.jpg,/mnt/tf_data/TechFin/home/group_6/Data/white_balance_copy_layers.v7i.coco-segmentation/train/0_5-4_8-3-100_png.rf.5c72beebaec6c51bdf587092284970ab.jpg,171,204,3,3-100_png,0.5,4.8,2.4,5.3,111344,11.620388768219756,412.0,420.0,0.9809523809523809,1151968,-0.04715710333330743,-7.7768378257751465,7.7768378257751465,157.0,164.91339111328125,-9.2037109375,-6.44297332763672,2.7607376098632805,7.105478763580322,1.994816541671753,-0.0011709857499226928,-0.007418388966470957,169.33526611328125
train,1-4-3-6-3-10_png.rf.ad84b927b1babbe89c96f28f7ea04ec2.jpg,/mnt/tf_data/TechFin/home/group_6/Data/white_balance_copy_layers.v7i.coco-segmentation/train/1-4-3-6-3-10_png.rf.ad84b927b1babbe89c96f28f7ea04ec2.jpg,172,205,3,3-10_png,1.4,3.6,5.04,5.0,1130,7.030857476116121,40.0,42.0,0.9523809523809523,13891,-0.006223575697370324,-0.5764209032058716,0.5764209032058716,92.0,92.61892700195312,-2.659180450439453,0.6963104248046875,3.3554908752441404,3.265162944793701,1.3398828506469727,0.001963631948456168,-0.01988176628947258,102.72389221191406
train,1-4-4-2_png.rf.f568c8e82dd905b6dc27db9fc9a59014.jpg,/mnt/tf_data/TechFin/home/group_6/Data/white_balance_copy_layers.v7i.coco-segmentation/train/1-4-4-2_png.rf.f568c8e82dd905b6dc27db9fc9a59014.jpg,173,206,1,png,1.4,4.2,5.88,5.6,4844,8.485702524324866,124.0,53.0,2.339622641509434,54108,-0.045110680072449776,-5.774995803833008,5.774995803833008,122.0,128.01837158203125,-7.948783111572266,-3.0608367919921875,4.887946319580078,4.777173042297363,1.996675968170166,0.003383113071322441,-0.0039711929857730865,127.34284210205078
train,1_7-3_9-2-100-3_png.rf.e4801736469c94c09491c9642b5e0275.jpg,/mnt/tf_data/TechFin/home/group_6/Data/white_balance_copy_layers.v7i.coco-segmentation/train/1_7-3_9-2-100-3_png.rf.e4801736469c94c09491c9642b5e0275.jpg,174,207,2,2-100-3_png,1.7,3.9,6.63,5.6,565051,13.244673041291811,1118.0,908.0,1.2312775330396475,899847,-0.09092372051875111,-6.722983360290527,6.722983360290527,68.0,73.94091796875,-9.789970397949219,-4.234336853027344,5.555633544921875,17.519433975219727,2.7371556758880615,-0.0057108961045742035,0.0018754671327769756,77.99057006835938
train,1-7-4-5-3-100-2_png.rf.877c9b81aff76315328dd976407ce7f4.jpg,/mnt/tf_data/TechFin/home/group_6/Data/white_balance_copy_layers.v7i.coco-segmentation/train/1-7-4-5-3-100-2_png.rf.877c9b81aff76315328dd976407ce7f4.jpg,175,208,7,3-100-2_png,1.7,4.5,7.6499999999999995,6.2,49674,10.813257067420018,438.0,249.0,1.7590361445783131,919164,-0.3927531406794003,-28.251827239990234,28.251827239990234,44.0,71.93278503417969,-31.21600799560547,-26.162063598632812,5.053944396972657,4.697691440582275,3.849684476852417,-0.00027298787608742714,-0.00352802244015038,73.78693389892578
train,2-0-4-2_png.rf.83a5b72c58566eb0fb1aa7d8bde50b3b.jpg,/mnt/tf_data/TechFin/home/group_6/Data/white_balance_copy_layers.v7i.coco-segmentation/train/2-0-4-2_png.rf.83a5b72c58566eb0fb1aa7d8bde50b3b.jpg,176,209,1,png,2.0,4.2,8.4,6.2,4903,8.497806477616047,124.0,53.0,2.339622641509434,54049,-0.03674991041067276,-3.5677542686462402,3.5677542686462402,93.0,97.08198547363281,-5.655758666992187,-1.3529953002929684,4.302763366699219,5.490965843200684,1.7412045001983643,0.005366537254303694,-0.006865734234452248,96.58387756347656
train,0_5-3_3-3-100_png.rf.1472399d2d37ca0062205a7488b0b74d.jpg,/mnt/tf_data/TechFin/home/group_6/Data/white_balance_copy_layers.v7i.coco-segmentation/train/0_5-3_3-3-100_png.rf.1472399d2d37ca0062205a7488b0b74d.jpg,177,210,3,3-100_png,0.5,3.3,1.65,3.8,112528,11.630966245185407,417.0,422.0,0.9881516587677726,1166072,-0.052528348283493044,-8.947161674499512,8.947161674499512,161.0,170.3301544189453,-10.479647827148437,-7.518220520019531,2.961427307128906,5.833113670349121,1.91214919090271,-0.0036936479154974222,-0.0069833239540457726,175.82070922851562
train,1-7-4-5_png.rf.59608e5c5593ff8e5c2b65929af07e2d.jpg,/mnt/tf_data/TechFin/home/group_6/Data/white_balance_copy_layers.v7i.coco-segmentation/train/1-7-4-5_png.rf.59608e5c5593ff8e5c2b65929af07e2d.jpg,178,211,4,png,1.7,4.5,7.6499999999999995,6.2,3917,8.273336598504486,191.0,57.0,3.3508771929824563,93803,-0.29014113073433695,-32.25099563598633,32.25099563598633,77.0,111.15623474121094,-37.50853424072265,-19.666937255859374,17.84159698486328,25.93324089050293,7.928532600402832,-0.01118704304099083,-0.04169824719429016,172.6912078857422
train,1_1-4_2-6-100-6_png.rf.ced40ba0e1a8678f06a69a763c421a9c.jpg,/mnt/tf_data/TechFin/home/group_6/Data/white_balance_copy_layers.v7i.coco-segmentation/train/1_1-4_2-6-100-6_png.rf.ced40ba0e1a8678f06a69a763c421a9c.jpg,179,212,6,6-100-6_png,1.1,4.2,4.620000000000001,5.300000000000001,153034,11.938421932383347,328.0,1019.0,0.32188420019627084,849842,-0.1838603783605746,-23.738937377929688,23.738937377929688,105.0,129.1139373779297,-28.928526306152342,-20.381834411621092,8.54669189453125,14.625296592712402,4.005169868469238,-0.011104116216301918,0.0010317625710740685,136.52493286132812
train,1-7-4-8_png.rf.b59b6847350bdceaa60b1c11eec516ac.jpg,/mnt/tf_data/TechFin/home/group_6/Data/white_balance_copy_layers.v7i.coco-segmentation/train/1-7-4-8_png.rf.b59b6847350bdceaa60b1c11eec516ac.jpg,180,213,1,png,1.7,4.8,8.16,6.5,4920,8.501267040865978,124.0,54.0,2.2962962962962963,55151,-0.02031553838099528,-2.070627212524414,2.070627212524414,100.0,101.92332458496094,-4.19501953125,-0.054776763916015506,4.1402427673339846,5.546876430511475,1.7361209392547607,0.006124773062765598,-0.009369449689984322,102.90400695800781
train,1-7-3-3_png.rf.7669e870b8e331ed744eb24de5cc4831.jpg,/mnt/tf_data/TechFin/home/group_6/Data/white_balance_copy_layers.v7i.coco-segmentation/train/1-7-3-3_png.rf.7669e870b8e331ed744eb24de5cc4831.jpg,181,214,8,png,1.7,3.3,5.609999999999999,5.0,393,5.976350909297934,48.0,35.0,1.3714285714285714,13629,-0.49952031424773824,-56.02320098876953,56.02320098876953,54.0,112.15399932861328,-63.17222442626953,-32.17997436523437,30.992250061035158,5.909718036651611,13.889518737792969,-0.005011700559407473,0.0035399773623794317,116.50776672363281
train,1-7-3-3_png.rf.7669e870b8e331ed744eb24de5cc4831.jpg,/mnt/tf_data/TechFin/home/group_6/Data/white_balance_copy_layers.v7i.coco-segmentation/train/1-7-3-3_png.rf.7669e870b8e331ed744eb24de5cc4831.jpg,181,215,7,png,1.7,3.3,5.609999999999999,5.0,2126,7.6624678152002375,61.0,89.0,0.6853932584269663,46570,-0.396115760094458,-49.24574279785156,49.24574279785156,71.0,124.32159423828125,-66.69210052490234,-14.341651916503906,52.35044860839844,37.62934875488281,21.281280517578125,0.2465440332889557,-0.024896522983908653,-90.9563980102539
train,1-7-3-3_png.rf.7669e870b8e331ed744eb24de5cc4831.jpg,/mnt/tf_data/TechFin/home/group_6/Data/white_balance_copy_layers.v7i.coco-segmentation/train/1-7-3-3_png.rf.7669e870b8e331ed744eb24de5cc4831.jpg,181,216,6,png,1.7,3.3,5.609999999999999,5.0,816,6.705639094860003,65.0,27.0,2.4074074074074074,14331,-0.3791182709813665,-42.51393508911133,42.51393508911133,67.0,112.13897705078125,-48.19493103027344,-18.0294189453125,30.165512084960938,6.9070305824279785,12.217577934265137,-0.004374509211629629,0.0005874481284990907,118.52057647705078
train,2-3-3-9_png.rf.6ad0195ee94d29f2341764fb60ffdbad.jpg,/mnt/tf_data/TechFin/home/group_6/Data/white_balance_copy_layers.v7i.coco-segmentation/train/2-3-3-9_png.rf.6ad0195ee94d29f2341764fb60ffdbad.jpg,183,218,2,png,2.3,3.9,8.969999999999999,6.199999999999999,963,6.871091294610546,32.0,64.0,0.5,17358,-0.09395251942636001,-9.870219230651855,9.870219230651855,95.0,105.0553970336914,-13.083505249023437,-4.075462341308594,9.008042907714843,1.2513750791549683,3.478525161743164,-0.00026582725695334375,0.003247677581384778,102.78663635253906
train,1_4-3_9-3-100_png.rf.eb6e1942f259449124c4d6eefed6fdee.jpg,/mnt/tf_data/TechFin/home/group_6/Data/white_balance_copy_layers.v7i.coco-segmentation/train/1_4-3_9-3-100_png.rf.eb6e1942f259449124c4d6eefed6fdee.jpg,184,219,3,3-100_png,1.4,3.9,5.46,5.3,111847,11.624896085667661,403.0,421.0,0.9572446555819477,1097142,-0.1067014267351561,-10.731021881103516,10.731021881103516,90.0,100.570556640625,-12.384101867675781,-8.750193786621093,3.633908081054688,5.6130170822143555,2.286940574645996,-0.008034379221498966,-0.005610198248177767,110.71858978271484
train,1_1-3_6-6-100-6_png.rf.4a8c239488e9fb3ec92f601d4f65360d.jpg,/mnt/tf_data/TechFin/home/group_6/Data/white_balance_copy_layers.v7i.coco-segmentation/train/1_1-3_6-6-100-6_png.rf.4a8c239488e9fb3ec92f601d4f65360d.jpg,185,220,6,6-100-6_png,1.1,3.6,3.9600000000000004,4.7,152660,11.935975055835396,326.0,1008.0,0.32341269841269843,844216,-0.1508051131210163,-19.64158821105957,19.64158821105957,111.0,130.24484252929688,-24.20396728515625,-16.292718505859376,7.911248779296873,13.42308521270752,4.382275581359863,-0.01014669705182314,-0.0023274461273103952,138.88494873046875
train,2-0-3-3_png.rf.541dec8405fa89d25540266ab464c979.jpg,/mnt/tf_data/TechFin/home/group_6/Data/white_balance_copy_layers.v7i.coco-segmentation/train/2-0-3-3_png.rf.541dec8405fa89d25540266ab464c979.jpg,186,221,4,png,2.0,3.3,6.6,5.3,3940,8.279189777195004,192.0,59.0,3.2542372881355934,97746,-0.20740941285964343,-21.32781219482422,21.32781219482422,81.0,102.82952880859375,-25.842528533935546,-15.958189392089846,9.8843391418457,25.721525192260742,4.649507522583008,-0.009775914251804352,-0.033301979303359985,153.37925720214844
train,1-4-4-5_png.rf.3384aaea34011903dcc46bc9e0b28463.jpg,/mnt/tf_data/TechFin/home/group_6/Data/white_balance_copy_layers.v7i.coco-segmentation/train/1-4-4-5_png.rf.3384aaea34011903dcc46bc9e0b28463.jpg,188,222,4,png,1.4,4.5,6.3,5.9,3702,8.216898580913613,190.0,58.0,3.2758620689655173,95215,-0.25107725933245134,-30.570573806762695,30.570573806762695,91.0,121.75763702392578,-34.66874008178711,-25.436538696289062,9.232201385498044,24.183034896850586,5.493778705596924,-0.009710699319839478,-0.0329597145318985,171.79092407226562
train,1-1-4-8-3-10-4_png.rf.b5a344e40f4851da8468d465ee9d800d.jpg,/mnt/tf_data/TechFin/home/group_6/Data/white_balance_copy_layers.v7i.coco-segmentation/train/1-1-4-8-3-10-4_png.rf.b5a344e40f4851da8468d465ee9d800d.jpg,189,223,3,3-10-4_png,1.1,4.8,5.28,5.9,712,6.569481420414296,24.0,55.0,0.43636363636363634,11074,-0.11419470596464915,-12.267993927001953,12.267993927001953,94.0,107.43049621582031,-17.389593505859374,-3.3961021423339846,13.99349136352539,2.4768099784851074,5.8718485832214355,0.005587479565292597,-0.0071290903724730015,107.30066680908203
train,1-1-4-2-6-10-6_png.rf.b5e8c426c587b636bf5b9a5a6345c102.jpg,/mnt/tf_data/TechFin/home/group_6/Data/white_balance_copy_layers.v7i.coco-segmentation/train/1-1-4-2-6-10-6_png.rf.b5e8c426c587b636bf5b9a5a6345c102.jpg,190,224,6,6-10-6_png,1.1,4.2,4.620000000000001,5.300000000000001,1896,7.5480289699350145,40.0,124.0,0.3225806451612903,42476,-0.2657207770514149,-32.87162780761719,32.87162780761719,89.0,123.70740509033203,-37.880821228027344,-19.168655395507812,18.71216583251953,12.670360565185547,10.007672309875488,0.004926934372633696,-0.006645808462053537,123.80878448486328
train,1-4-3-6_png.rf.3504810b84707c55679a3b80b22f71a2.jpg,/mnt/tf_data/TechFin/home/group_6/Data/white_balance_copy_layers.v7i.coco-segmentation/train/1-4-3-6_png.rf.3504810b84707c55679a3b80b22f71a2.jpg,191,225,2,png,1.4,3.6,5.04,5.0,951,6.858565034791365,35.0,63.0,0.5555555555555556,18781,-0.09837297048976273,-13.216886520385742,13.216886520385742,120.0,134.3548583984375,-17.282989501953125,-6.465179443359375,10.81781005859375,1.3715866804122925,3.8926544189453125,-0.0016922714421525598,0.0053222631104290485,132.47897338867188
train,1-4-4-5_png.rf.5eabbf8766b64aae472dec2241b4ddd2.jpg,/mnt/tf_data/TechFin/home/group_6/Data/white_balance_copy_layers.v7i.coco-segmentation/train/1-4-4-5_png.rf.5eabbf8766b64aae472dec2241b4ddd2.jpg,192,226,1,png,1.4,4.5,6.3,5.9,3165,8.060224240440958,171.0,59.0,2.8983050847457625,87391,-0.08769461382827091,-10.581244468688965,10.581244468688965,112.0,120.66014099121094,-19.637431335449218,-3.6624298095703125,15.975001525878906,11.021583557128906,5.849950313568115,0.0017136542592197657,-0.00973487738519907,128.81549072265625
train,0_5-4_2-3-100_png.rf.de5b9a4e0a5e1b0d7e01f91b690ce7a9.jpg,/mnt/tf_data/TechFin/home/group_6/Data/white_balance_copy_layers.v7i.coco-segmentation/train/0_5-4_2-3-100_png.rf.de5b9a4e0a5e1b0d7e01f91b690ce7a9.jpg,193,227,3,3-100_png,0.5,4.2,2.1,4.7,111890,11.62528046211101,411.0,426.0,0.9647887323943662,1101218,-0.059703499513515994,-9.96799373626709,9.96799373626709,157.0,166.95828247070312,-12.34874267578125,-7.351898193359375,4.996844482421874,6.6018476486206055,3.0226314067840576,-0.010259394533932209,-0.006953459233045578,179.82559204101562
train,0_5-3_9-3-100_png.rf.46fdf8b6dad3c2523744d7f49c4e388f.jpg,/mnt/tf_data/TechFin/home/group_6/Data/white_balance_copy_layers.v7i.coco-segmentation/train/0_5-3_9-3-100_png.rf.46fdf8b6dad3c2523744d7f49c4e388f.jpg,195,229,3,3-100_png,0.5,3.9,1.95,4.4,112099,11.62714660906025,410.0,434.0,0.9447004608294931,1106060,-0.06410235846162718,-10.618203163146973,10.618203163146973,155.0,165.64450073242188,-12.615438842773438,-8.023614501953125,4.591824340820313,6.506516933441162,2.917273759841919,-0.01079303678125143,-0.007497784681618214,179.2667236328125
train,1_1-3_3-3-100_png.rf.557ba7a97baa1e424bb2ca294f1fae62.jpg,/mnt/tf_data/TechFin/home/group_6/Data/white_balance_copy_layers.v7i.coco-segmentation/train/1_1-3_3-3-100_png.rf.557ba7a97baa1e424bb2ca294f1fae62.jpg,196,230,3,3-100_png,1.1,3.3,3.63,4.4,112659,11.632129712448705,410.0,422.0,0.9715639810426541,1144428,-0.06090751836381805,-8.264201164245605,8.264201164245605,128.0,135.68441772460938,-9.869207763671875,-6.8633056640625,3.0059020996093757,5.394569396972656,1.7334944009780884,-0.0031302061397582293,-0.006508396938443184,140.5869903564453
train,1-7-4-5_png.rf.fd088675e89e615a1880cf622f70e04c.jpg,/mnt/tf_data/TechFin/home/group_6/Data/white_balance_copy_layers.v7i.coco-segmentation/train/1-7-4-5_png.rf.fd088675e89e615a1880cf622f70e04c.jpg,197,231,1,png,1.7,4.5,7.6499999999999995,6.2,1469,7.293017679772782,30.0,81.0,0.37037037037037035,20265,-0.021192130829900263,-2.290306329727173,2.290306329727173,106.0,108.07343292236328,-4.196745300292969,-0.9618942260742187,3.23485107421875,8.902528762817383,1.655776858329773,0.01015857420861721,3.544530045473948e-05,94.90401458740234
train,1-4-3-3_png.rf.327d13f7695ed883fe039ef18b405559.jpg,/mnt/tf_data/TechFin/home/group_6/Data/white_balance_copy_layers.v7i.coco-segmentation/train/1-4-3-3_png.rf.327d13f7695ed883fe039ef18b405559.jpg,198,232,7,png,1.4,3.3,4.619999999999999,4.699999999999999,2492,7.821242083523558,107.0,39.0,2.7435897435897436,34904,-0.47244206656790017,-57.5252571105957,57.5252571105957,63.0,121.76150512695312,-60.67264251708984,-47.542049407958984,13.130593109130857,16.65534210205078,8.01739501953125,0.00842422153800726,-0.05679537355899811,176.26480102539062
train,1-4-4-5-3-10_png.rf.0a3e6aec327c6788288b769f0b558dfb.jpg,/mnt/tf_data/TechFin/home/group_6/Data/white_balance_copy_layers.v7i.coco-segmentation/train/1-4-4-5-3-10_png.rf.0a3e6aec327c6788288b769f0b558dfb.jpg,199,233,3,3-10_png,1.4,4.5,6.3,5.9,1168,7.063903961472068,41.0,42.0,0.9761904761904762,14214,-0.18382273711494831,-16.022140502929688,16.022140502929688,70.0,87.16082000732422,-18.199502563476564,-9.292390441894531,8.907112121582033,2.4080326557159424,3.8337745666503906,-0.0008751179557293653,-0.007176267448812723,91.4865951538086
train,1_1-3_9-2-100-3_png.rf.1e704a7fd1653a60e8422fc0ca052a08.jpg,/mnt/tf_data/TechFin/home/group_6/Data/white_balance_copy_layers.v7i.coco-segmentation/train/1_1-3_9-2-100-3_png.rf.1e704a7fd1653a60e8422fc0ca052a08.jpg,200,234,2,2-100-3_png,1.1,3.9,4.29,5.0,562198,13.239611158726555,1095.0,915.0,1.1967213114754098,902762,-0.055486140810265136,-7.3209075927734375,7.3209075927734375,125.0,131.94119262695312,-11.644448852539062,-3.9470275878906254,7.697421264648437,19.576433181762695,4.070670127868652,-0.007237785961478949,0.0002834110928233713,138.19418334960938
train,0_8-3_9-2-100-3_png.rf.7e6a349f5a7c7616b46115d0d6d1530a.jpg,/mnt/tf_data/TechFin/home/group_6/Data/white_balance_copy_layers.v7i.coco-segmentation/train/0_8-3_9-2-100-3_png.rf.7e6a349f5a7c7616b46115d0d6d1530a.jpg,201,235,2,2-100-3_png,0.8,3.9,3.12,4.7,569030,13.251690193170976,1121.0,912.0,1.2291666666666667,896072,-0.04477828993044505,-6.977524280548096,6.977524280548096,150.0,155.82382202148438,-11.225662231445312,-3.360821533203124,7.864840698242189,18.933067321777344,4.37003231048584,-0.0077917929738759995,0.0007762894965708256,162.29098510742188
train,1_7-3_9-6-100-6_png.rf.fd2ef04c2db46a5604a746606e2a2648.jpg,/mnt/tf_data/TechFin/home/group_6/Data/white_balance_copy_layers.v7i.coco-segmentation/train/1_7-3_9-6-100-6_png.rf.fd2ef04c2db46a5604a746606e2a2648.jpg,202,236,6,6-100-6_png,1.7,3.9,6.63,5.6,160516,11.986155134946301,333.0,1008.0,0.33035714285714285,857891,-0.25600970104316706,-18.608964920043945,18.608964920043945,54.0,72.68851470947266,-21.978473663330078,-15.716815948486328,6.26165771484375,11.700329780578613,3.8101611137390137,-0.007473711855709553,0.0012159096077084541,77.33375549316406
train,1-7-3-6_png.rf.1390287fbc751deef5b1990673c71067.jpg,/mnt/tf_data/TechFin/home/group_6/Data/white_balance_copy_layers.v7i.coco-segmentation/train/1-7-3-6_png.rf.1390287fbc751deef5b1990673c71067.jpg,203,237,4,png,1.7,3.6,6.12,5.3,4054,8.307705966549513,192.0,58.0,3.310344827586207,95905,-0.24166863965994456,-30.24703025817871,30.24703025817871,94.0,125.15910339355469,-36.33449783325195,-17.96870727539062,18.36579055786133,24.917863845825195,7.378030776977539,-0.011441905982792377,-0.03962986543774605,184.94088745117188
train,1-4-4-5_png.rf.9ce8496288e61b756cb9f5437b9a268c.jpg,/mnt/tf_data/TechFin/home/group_6/Data/white_balance_copy_layers.v7i.coco-segmentation/train/1-4-4-5_png.rf.9ce8496288e61b756cb9f5437b9a268c.jpg,204,238,8,png,1.4,4.5,6.3,5.9,376,5.932245187448011,45.0,33.0,1.3636363636363635,12049,-0.4996876492686642,-59.061134338378906,59.061134338378906,56.0,118.19610595703125,-67.24880599975586,-34.61260223388672,32.63620376586914,5.000931262969971,15.03858757019043,-0.0049940417520701885,0.011180128902196884,114.96045684814453
train,1-4-4-5_png.rf.9ce8496288e61b756cb9f5437b9a268c.jpg,/mnt/tf_data/TechFin/home/group_6/Data/white_balance_copy_layers.v7i.coco-segmentation/train/1-4-4-5_png.rf.9ce8496288e61b756cb9f5437b9a268c.jpg,204,239,7,png,1.4,4.5,6.3,5.9,2005,7.603897968521881,63.0,90.0,0.7,48845,-0.46369630452979643,-59.44780349731445,59.44780349731445,63.0,128.2041778564453,-78.82598266601562,-19.152560424804662,59.67342224121096,36.10805130004883,24.044536590576172,0.21181806921958923,-0.018182337284088135,-59.76249694824219
train,1-4-4-5_png.rf.9ce8496288e61b756cb9f5437b9a268c.jpg,/mnt/tf_data/TechFin/home/group_6/Data/white_balance_copy_layers.v7i.coco-segmentation/train/1-4-4-5_png.rf.9ce8496288e61b756cb9f5437b9a268c.jpg,204,240,6,png,1.4,4.5,6.3,5.9,695,6.54534966033442,59.0,22.0,2.6818181818181817,10375,-0.3933728131192616,-46.43770980834961,46.43770980834961,70.0,118.05012512207031,-50.12855529785156,-36.093930053710935,14.034625244140628,7.313503742218018,6.924416542053223,-0.0045470986515283585,0.006294547580182552,119.06800842285156
train,1_1-4_5-3-100_png.rf.c78685fc2caab909fec87d58bf0bb22a.jpg,/mnt/tf_data/TechFin/home/group_6/Data/white_balance_copy_layers.v7i.coco-segmentation/train/1_1-4_5-3-100_png.rf.c78685fc2caab909fec87d58bf0bb22a.jpg,206,242,3,3-100_png,1.1,4.5,4.95,5.6,113134,11.636337074885429,403.0,427.0,0.9437939110070258,1122483,-0.06951067252962571,-9.176312446594238,9.176312446594238,123.0,132.01300048828125,-10.463507080078125,-7.979832458496094,2.483674621582032,5.57562780380249,1.9040169715881348,-0.0007069201092235744,-0.006556596606969833,135.6705780029297
train,1_4-3_6-2-100-3_png.rf.c669b415c103a94425425c1c291c4c04.jpg,/mnt/tf_data/TechFin/home/group_6/Data/white_balance_copy_layers.v7i.coco-segmentation/train/1_4-3_6-2-100-3_png.rf.c669b415c103a94425425c1c291c4c04.jpg,209,245,2,2-100-3_png,1.4,3.6,5.04,5.0,561294,13.238001892998222,1074.0,910.0,1.1802197802197802,903742,-0.06799465193576507,-6.7783050537109375,6.7783050537109375,93.0,99.68879699707031,-10.385040283203125,-3.821847534179687,6.563192749023438,18.34227752685547,3.351712942123413,-0.006244824733585119,0.0015129598323255777,104.3988265991211
train,1-1-3-6-2-10-3_png.rf.cd210df0072d18ae58611c1c1506502f.jpg,/mnt/tf_data/TechFin/home/group_6/Data/white_balance_copy_layers.v7i.coco-segmentation/train/1-1-3-6-2-10-3_png.rf.cd210df0072d18ae58611c1c1506502f.jpg,210,246,2,2-10-3_png,1.1,3.6,3.9600000000000004,4.7,5829,8.670772279344538,113.0,90.0,1.2555555555555555,85475,-0.08296975789954823,-11.40318775177002,11.40318775177002,126.0,137.43788146972656,-13.353878784179688,-9.2734619140625,4.080416870117189,12.396986961364746,2.275578737258911,0.00011127204925287515,-0.004795623943209648,139.7853546142578
train,1-4-4-2-3-10_png.rf.e3750ae200a5faa3365b5be9523e0d23.jpg,/mnt/tf_data/TechFin/home/group_6/Data/white_balance_copy_layers.v7i.coco-segmentation/train/1-4-4-2-3-10_png.rf.e3750ae200a5faa3365b5be9523e0d23.jpg,211,247,3,3-10_png,1.4,4.2,5.88,5.6,1125,7.026426808699636,40.0,43.0,0.9302325581395349,14243,-0.18135919495430802,-16.11747932434082,16.11747932434082,72.0,88.8704833984375,-18.45802154541015,-10.843473815917969,7.614547729492182,2.375556230545044,3.1969594955444336,-0.002282441593706608,-0.006234520580619574,93.71566009521484
train,2-0-3-9_png.rf.e2d88fccb2b95edffa58ffa548a1e821.jpg,/mnt/tf_data/TechFin/home/group_6/Data/white_balance_copy_layers.v7i.coco-segmentation/train/2-0-3-9_png.rf.e2d88fccb2b95edffa58ffa548a1e821.jpg,212,248,7,png,2.0,3.9,7.8,5.9,2521,7.8328075165248645,107.0,37.0,2.891891891891892,32951,-0.612785661445861,-54.6353874206543,54.6353874206543,34.0,89.15904998779297,-57.519432067871094,-46.420379638671875,11.099052429199219,15.078617095947266,7.442099094390869,0.00498808640986681,-0.04506973922252655,133.6875
train,2-0-3-3_png.rf.71c2ead8681bad4327785bbf83a00147.jpg,/mnt/tf_data/TechFin/home/group_6/Data/white_balance_copy_layers.v7i.coco-segmentation/train/2-0-3-3_png.rf.71c2ead8681bad4327785bbf83a00147.jpg,213,249,7,png,2.0,3.3,6.6,5.3,2317,7.748460023899697,101.0,41.0,2.4634146341463414,34795,-0.5909004985569378,-55.1865234375,55.1865234375,38.0,93.39393615722656,-57.81172180175781,-48.13970184326172,9.672019958496094,16.31671142578125,6.223608493804932,0.0021547398064285517,-0.0714341551065445,168.02398681640625
train,1_1-3_6-2-100-3_png.rf.cf9fc76becdf6194d3bf18002b74a26e.jpg,/mnt/tf_data/TechFin/home/group_6/Data/white_balance_copy_layers.v7i.coco-segmentation/train/1_1-3_6-2-100-3_png.rf.cf9fc76becdf6194d3bf18002b74a26e.jpg,214,250,2,2-100-3_png,1.1,3.6,3.9600000000000004,4.7,562216,13.23964317534674,1072.0,914.0,1.1728665207877462,902882,-0.040608714698504064,-5.325911998748779,5.325911998748779,127.0,131.15194702148438,-9.311164855957031,-1.8896026611328125,7.421562194824219,20.05449867248535,3.9378793239593506,-0.007562005426734686,0.0013426117366179824,137.1182098388672
train,1-4-3-9-3-10-2_png.rf.4cb2b0958876f0fac91698302f6f90b6.jpg,/mnt/tf_data/TechFin/home/group_6/Data/white_balance_copy_layers.v7i.coco-segmentation/train/1-4-3-9-3-10-2_png.rf.4cb2b0958876f0fac91698302f6f90b6.jpg,215,251,7,3-10-2_png,1.4,3.9,5.46,5.3,536,6.285998094508865,41.0,24.0,1.7083333333333333,8240,-0.4970296364948052,-43.2066764831543,43.2066764831543,41.0,86.92977905273438,-49.93745803833008,-21.97909164428711,27.95836639404297,5.111337661743164,11.381159782409668,0.0008311814744956791,0.00489825988188386,83.86772918701172
train,1-7-4-5-6-10-6_png.rf.7e9bfa8e94c984f25826c280722efafb.jpg,/mnt/tf_data/TechFin/home/group_6/Data/white_balance_copy_layers.v7i.coco-segmentation/train/1-7-4-5-6-10-6_png.rf.7e9bfa8e94c984f25826c280722efafb.jpg,217,253,6,6-10-6_png,1.7,4.5,7.6499999999999995,6.2,1822,7.508238774678663,38.0,124.0,0.3064516129032258,40350,-0.3765920863781082,-23.661758422851562,23.661758422851562,39.0,62.831268310546875,-26.839049530029296,-16.904779052734355,9.934270477294941,10.140542984008789,5.292551040649414,0.0018056307453662157,-0.005945834796875715,64.71601867675781
train,1_4-4_2-6-100-6_png.rf.070e4076bc835f0703809a8017615cb6.jpg,/mnt/tf_data/TechFin/home/group_6/Data/white_balance_copy_layers.v7i.coco-segmentation/train/1_4-4_2-6-100-6_png.rf.070e4076bc835f0703809a8017615cb6.jpg,218,254,6,6-100-6_png,1.4,4.2,5.88,5.6,153177,11.939355922843552,328.0,1021.0,0.32125367286973555,849980,-0.2130512401364251,-20.135692596435547,20.135692596435547,74.0,94.51103210449219,-23.67309112548828,-17.39835968017578,6.274731445312501,12.881361961364746,3.4629414081573486,-0.009929233230650425,0.0010654613142833114,101.02227783203125
train,1-7-4-8_png.rf.0b274182b440cd293e10d8df5a2a7e91.jpg,/mnt/tf_data/TechFin/home/group_6/Data/white_balance_copy_layers.v7i.coco-segmentation/train/1-7-4-8_png.rf.0b274182b440cd293e10d8df5a2a7e91.jpg,219,255,1,png,1.7,4.8,8.16,6.5,1518,7.325807502595773,31.0,81.0,0.38271604938271603,20954,-0.02314349723538483,-2.3604073524475098,2.3604073524475098,100.0,101.9900894165039,-4.149073791503906,-0.11474533081054725,4.034328460693359,8.690521240234375,1.6109251976013184,0.014083673246204853,-0.0026771046686917543,86.46410369873047
train,1-4-4-2_png.rf.937cfe02b855a29ddb97c2c2a1258188.jpg,/mnt/tf_data/TechFin/home/group_6/Data/white_balance_copy_layers.v7i.coco-segmentation/train/1-4-4-2_png.rf.937cfe02b855a29ddb97c2c2a1258188.jpg,220,256,4,png,1.4,4.2,5.88,5.6,3709,8.21878715560148,191.0,59.0,3.23728813559322,97447,-0.2268779211443225,-29.71297264099121,29.71297264099121,101.0,130.96458435058594,-34.106301879882814,-23.913067626953122,10.193234252929692,23.231494903564453,5.861042022705078,-0.00847304705530405,-0.030121691524982452,176.0569610595703
train,2-0-3-3_png.rf.8c8fa38a667aad6e8e1a28522f7b8c05.jpg,/mnt/tf_data/TechFin/home/group_6/Data/white_balance_copy_layers.v7i.coco-segmentation/train/2-0-3-3_png.rf.8c8fa38a667aad6e8e1a28522f7b8c05.jpg,222,258,1,png,2.0,3.3,6.6,5.3,3147,8.054522609537294,170.0,62.0,2.7419354838709675,91466,-0.0881686099982045,-8.890312194824219,8.890312194824219,93.0,100.83307647705078,-14.896269226074219,-3.59578857421875,11.30048065185547,12.24389362335205,4.3658037185668945,0.0008891291217878461,-0.01250499114394188,113.1241455078125
train,1-4-3-6_png.rf.41a8e4c5da32bbd39e5a6102bca6c8b4.jpg,/mnt/tf_data/TechFin/home/group_6/Data/white_balance_copy_layers.v7i.coco-segmentation/train/1-4-3-6_png.rf.41a8e4c5da32bbd39e5a6102bca6c8b4.jpg,224,260,8,png,1.4,3.6,5.04,5.0,406,6.008813185442595,46.0,33.0,1.393939393939394,12243,-0.46533538648693745,-58.34410095214844,58.34410095214844,65.0,125.38075256347656,-67.39716720581055,-36.3562126159668,31.04095458984375,4.95602560043335,14.023045539855957,-0.006819893606007099,0.008080012165009975,128.08258056640625
train,1-4-3-6_png.rf.41a8e4c5da32bbd39e5a6102bca6c8b4.jpg,/mnt/tf_data/TechFin/home/group_6/Data/white_balance_copy_layers.v7i.coco-segmentation/train/1-4-3-6_png.rf.41a8e4c5da32bbd39e5a6102bca6c8b4.jpg,224,261,7,png,1.4,3.6,5.04,5.0,1992,7.597396320212795,61.0,86.0,0.7093023255813954,45056,-0.42890386175470746,-59.31077575683594,59.31077575683594,74.0,138.2845458984375,-79.69644927978516,-20.338507080078124,59.35794219970703,35.69364929199219,23.2513484954834,0.26650041341781616,-0.011204256676137447,-108.94096374511719
train,1-4-3-6_png.rf.41a8e4c5da32bbd39e5a6102bca6c8b4.jpg,/mnt/tf_data/TechFin/home/group_6/Data/white_balance_copy_layers.v7i.coco-segmentation/train/1-4-3-6_png.rf.41a8e4c5da32bbd39e5a6102bca6c8b4.jpg,224,262,6,png,1.4,3.6,5.04,5.0,736,6.602587892189336,56.0,22.0,2.5454545454545454,9666,-0.3454359956089302,-43.343177795410156,43.343177795410156,80.0,125.47383117675781,-48.549652099609375,-26.903343200683594,21.64630889892578,7.5586934089660645,10.188348770141602,-0.0061479778960347176,0.012704883702099323,122.71533966064453
train,2-0-4-2_png.rf.47a63d2c983423a5edb01407c481b545.jpg,/mnt/tf_data/TechFin/home/group_6/Data/white_balance_copy_layers.v7i.coco-segmentation/train/2-0-4-2_png.rf.47a63d2c983423a5edb01407c481b545.jpg,225,263,8,png,2.0,4.2,8.4,6.2,361,5.891644211825771,45.0,30.0,1.5,10536,-0.6062447064470963,-57.54237365722656,57.54237365722656,37.0,94.91608428955078,-62.9228515625,-47.93817901611328,14.984672546386719,3.8657524585723877,7.5791215896606445,-0.004074052907526493,0.004212409257888794,97.12507629394531
train,2-0-4-2_png.rf.47a63d2c983423a5edb01407c481b545.jpg,/mnt/tf_data/TechFin/home/group_6/Data/white_balance_copy_layers.v7i.coco-segmentation/train/2-0-4-2_png.rf.47a63d2c983423a5edb01407c481b545.jpg,225,264,7,png,2.0,4.2,8.4,6.2,1761,7.474204806496124,60.0,88.0,0.6818181818181818,45596,-0.4860978178204843,-53.57291793823242,53.57291793823242,56.0,110.21015930175781,-67.38029479980469,-28.799789428710938,38.58050537109375,38.50880432128906,17.628408432006836,0.2896677255630493,-0.021847587078809738,-149.7169952392578
train,2-0-4-2_png.rf.47a63d2c983423a5edb01407c481b545.jpg,/mnt/tf_data/TechFin/home/group_6/Data/white_balance_copy_layers.v7i.coco-segmentation/train/2-0-4-2_png.rf.47a63d2c983423a5edb01407c481b545.jpg,225,265,6,png,2.0,4.2,8.4,6.2,906,6.810142450115136,65.0,25.0,2.6,13056,-0.40141202497180994,-38.08055114746094,38.08055114746094,53.0,94.86649322509766,-46.90497589111328,-11.78497314453125,35.12000274658203,7.616946697235107,13.524203300476074,-0.004030788317322731,0.0036613447591662407,97.67691802978516
train,2-0-4-8_png.rf.17d8e9c7bb8b162b927808e361e00624.jpg,/mnt/tf_data/TechFin/home/group_6/Data/white_balance_copy_layers.v7i.coco-segmentation/train/2-0-4-8_png.rf.17d8e9c7bb8b162b927808e361e00624.jpg,226,266,7,png,2.0,4.8,9.6,6.8,2753,7.9208096792886,108.0,45.0,2.4,40819,-0.6277710732130521,-52.23603057861328,52.23603057861328,30.0,83.20872497558594,-55.77638702392578,-36.725537109375,19.05084991455078,14.459928512573242,9.846102714538574,0.005796165205538273,-0.042951155453920364,124.78589630126953
train,1_7-4_5-3-100_png.rf.7fddc16b2806b015b13f70bb6b121527.jpg,/mnt/tf_data/TechFin/home/group_6/Data/white_balance_copy_layers.v7i.coco-segmentation/train/1_7-4_5-3-100_png.rf.7fddc16b2806b015b13f70bb6b121527.jpg,227,267,3,3-100_png,1.7,4.5,7.6499999999999995,6.2,114422,11.647657386671252,407.0,433.0,0.9399538106235565,1133417,-0.09074152958570705,-6.695884704589844,6.695884704589844,67.0,73.79074096679688,-8.087699890136719,-5.544963073730468,2.5427368164062507,3.9731802940368652,1.5190047025680542,-0.0005109485355205834,-0.004297900944948196,76.2246322631836
train,1-1-4-2_png.rf.239bb9a0bc969b82e5f97841eaa6f157.jpg,/mnt/tf_data/TechFin/home/group_6/Data/white_balance_copy_layers.v7i.coco-segmentation/train/1-1-4-2_png.rf.239bb9a0bc969b82e5f97841eaa6f157.jpg,228,268,8,png,1.1,4.2,4.620000000000001,5.300000000000001,412,6.023447592961033,45.0,30.0,1.5,10633,-0.5349063052972115,-65.39264678955078,65.39264678955078,55.0,122.25065612792969,-73.252392578125,-47.22989273071289,26.022499847412107,5.135736465454102,12.048386573791504,-0.002305209171026945,0.0030039234552532434,122.88613891601562
train,1-1-4-2_png.rf.239bb9a0bc969b82e5f97841eaa6f157.jpg,/mnt/tf_data/TechFin/home/group_6/Data/white_balance_copy_layers.v7i.coco-segmentation/train/1-1-4-2_png.rf.239bb9a0bc969b82e5f97841eaa6f157.jpg,228,269,7,png,1.1,4.2,4.620000000000001,5.300000000000001,1823,7.508787170634276,62.0,86.0,0.7209302325581395,45998,-0.4714168859884699,-64.28349304199219,64.28349304199219,68.0,136.3623046875,-82.58394470214844,-31.022204589843753,51.56174011230469,37.09711456298828,23.37044906616211,0.27245041728019714,-0.01819145679473877,-110.56037902832031
train,1-1-4-2_png.rf.239bb9a0bc969b82e5f97841eaa6f157.jpg,/mnt/tf_data/TechFin/home/group_6/Data/white_balance_copy_layers.v7i.coco-segmentation/train/1-1-4-2_png.rf.239bb9a0bc969b82e5f97841eaa6f157.jpg,228,270,6,png,1.1,4.2,4.620000000000001,5.300000000000001,839,6.733401891837359,62.0,24.0,2.5833333333333335,11908,-0.38493176911422067,-47.00018310546875,47.00018310546875,72.0,122.10003662109375,-54.127542114257814,-23.195272827148436,30.932269287109378,7.454193592071533,12.270575523376465,-0.004279451910406351,0.0005834238254465163,128.33941650390625
train,0-8-3-6-7-100-2_png.rf.58d3e525f1816d084935f7901efcc3dd.jpg,/mnt/tf_data/TechFin/home/group_6/Data/white_balance_copy_layers.v7i.coco-segmentation/train/0-8-3-6-7-100-2_png.rf.58d3e525f1816d084935f7901efcc3dd.jpg,231,273,7,7-100-2_png,0.8,3.6,2.8800000000000003,4.4,49643,10.812632816249412,435.0,247.0,1.7611336032388665,906222,-0.2674873470327189,-43.19845962524414,43.19845962524414,118.0,161.49720764160156,-46.904534912109376,-39.753182983398425,7.151351928710952,6.6466965675354,6.5835957527160645,-9.97069146251306e-05,-0.005383411888033152,164.12631225585938
train,0_8-4_5-3-100_png.rf.e6fc241ab1d0cec7cbe7df6504a1cf24.jpg,/mnt/tf_data/TechFin/home/group_6/Data/white_balance_copy_layers.v7i.coco-segmentation/train/0_8-4_5-3-100_png.rf.e6fc241ab1d0cec7cbe7df6504a1cf24.jpg,232,274,3,3-100_png,0.8,4.5,3.6,5.3,109422,11.602976384533141,398.0,421.0,0.9453681710213777,1110934,-0.05487919277070223,-8.607583999633789,8.607583999633789,148.0,156.84603881835938,-9.985490417480468,-7.481358337402344,2.504132080078125,5.975596904754639,1.50821053981781,-0.0011641065357252955,-0.007507095579057932,161.25222778320312
train,1-7-3-9-3-10-4_png.rf.067196c777d1f5628e7bf2a85bb20b01.jpg,/mnt/tf_data/TechFin/home/group_6/Data/white_balance_copy_layers.v7i.coco-segmentation/train/1-7-3-9-3-10-4_png.rf.067196c777d1f5628e7bf2a85bb20b01.jpg,233,275,3,3-10-4_png,1.7,3.9,6.63,5.6,643,6.467698726104354,24.0,53.0,0.4528301886792453,10713,-0.15716287055087574,-9.987235069274902,9.987235069274902,53.0,63.54703903198242,-13.529096984863282,-4.66683349609375,8.862263488769532,1.149649739265442,3.337639808654785,0.007499562110751867,-0.003691235091537237,60.2882080078125
train,1_4-3_3-3-100_png.rf.8b6bdd436c829adf18ede29927d2235d.jpg,/mnt/tf_data/TechFin/home/group_6/Data/white_balance_copy_layers.v7i.coco-segmentation/train/1_4-3_3-3-100_png.rf.8b6bdd436c829adf18ede29927d2235d.jpg,234,276,3,3-100_png,1.4,3.3,4.619999999999999,4.699999999999999,111926,11.625602152058294,404.0,429.0,0.9417249417249417,1126684,-0.09061841614015143,-9.525616645812988,9.525616645812988,96.0,105.11788940429688,-10.95809555053711,-8.289749145507812,2.668346405029297,5.098506450653076,1.6417763233184814,-0.0026676112320274115,-0.005271010100841522,109.1771011352539
train,2-0-3-6_png.rf.f1151441a4078957ec81bd359f4d54eb.jpg,/mnt/tf_data/TechFin/home/group_6/Data/white_balance_copy_layers.v7i.coco-segmentation/train/2-0-3-6_png.rf.f1151441a4078957ec81bd359f4d54eb.jpg,236,278,1,png,2.0,3.6,7.2,5.6,1414,7.254884810077338,30.0,79.0,0.379746835443038,19775,-0.04033035068831916,-3.9541633129119873,3.9541633129119873,94.0,98.04435729980469,-6.129266357421875,-1.799932861328125,4.329333496093749,8.555656433105469,1.8397828340530396,0.014222421683371067,0.0022998328786343336,77.36758422851562
train,2-0-4-8_png.rf.53b04d9d63e6fd61efd21f41f820fd82.jpg,/mnt/tf_data/TechFin/home/group_6/Data/white_balance_copy_layers.v7i.coco-segmentation/train/2-0-4-8_png.rf.53b04d9d63e6fd61efd21f41f820fd82.jpg,237,279,4,png,2.0,4.8,9.6,6.8,3836,8.252446090246952,191.0,57.0,3.3508771929824563,93884,-0.24828937674100904,-23.20665740966797,23.20665740966797,70.0,93.46617126464844,-28.979877471923828,-14.314323425292969,14.66555404663086,26.80406379699707,5.891972064971924,-0.011472071520984173,-0.04011676460504532,153.8008270263672
train,1-4-3-3_png.rf.41f5dfd5ac303d5aac02cbd96f78b219.jpg,/mnt/tf_data/TechFin/home/group_6/Data/white_balance_copy_layers.v7i.coco-segmentation/train/1-4-3-3_png.rf.41f5dfd5ac303d5aac02cbd96f78b219.jpg,238,280,1,png,1.4,3.3,4.619999999999999,4.699999999999999,1657,7.4133673356952405,33.0,84.0,0.39285714285714285,23155,-0.0234324714245963,-3.6518499851226807,3.6518499851226807,152.0,155.845703125,-5.792230224609375,-0.772369384765625,5.01986083984375,9.008620262145996,1.9519933462142944,0.013150472193956375,0.0015689886640757322,137.31222534179688
train,1-5-4-2-1_png.rf.d8aa1b386da2f14a2b9d925d73e1eeae.jpg,/mnt/tf_data/TechFin/home/group_6/Data/white_balance_copy_layers.v7i.coco-segmentation/train/1-5-4-2-1_png.rf.d8aa1b386da2f14a2b9d925d73e1eeae.jpg,240,282,1,1_png,1.5,4.2,6.300000000000001,5.7,4874,8.491875383431948,122.0,54.0,2.259259259259259,54223,-0.03210095007927888,-3.9520537853240967,3.9520537853240967,119.0,123.11329650878906,-5.964022827148438,-1.794664001464844,4.169358825683593,5.073507308959961,1.6351618766784668,0.005996510852128267,-0.008950427174568176,123.84845733642578
train,1_4-3_9-6-100-6_png.rf.3596a74996dde4c8373c7ebd44778e18.jpg,/mnt/tf_data/TechFin/home/group_6/Data/white_balance_copy_layers.v7i.coco-segmentation/train/1_4-3_9-6-100-6_png.rf.3596a74996dde4c8373c7ebd44778e18.jpg,241,283,6,6-100-6_png,1.4,3.9,5.46,5.3,158327,11.972424109570817,331.0,1020.0,0.32450980392156864,853860,-0.21171650084927576,-20.395418167114258,20.395418167114258,76.0,96.33362579345703,-24.320204162597655,-16.8654052734375,7.4547988891601555,12.861339569091797,4.572818756103516,-0.009081337600946426,1.7673297406872734e-05,102.89737701416016
train,1-7-3-9_png.rf.c569adb4d51e8d33006187897ea2b5b7.jpg,/mnt/tf_data/TechFin/home/group_6/Data/white_balance_copy_layers.v7i.coco-segmentation/train/1-7-3-9_png.rf.c569adb4d51e8d33006187897ea2b5b7.jpg,242,284,8,png,1.7,3.9,6.63,5.6,324,5.783825182329737,42.0,31.0,1.3548387096774193,10220,-0.5358547591124997,-57.64855194091797,57.64855194091797,49.0,107.5824203491211,-61.641587829589845,-48.517041015625,13.124546813964848,3.792666435241699,8.007347106933594,-0.007900193333625793,0.005150340497493744,114.86920928955078
train,1-7-3-9_png.rf.c569adb4d51e8d33006187897ea2b5b7.jpg,/mnt/tf_data/TechFin/home/group_6/Data/white_balance_copy_layers.v7i.coco-segmentation/train/1-7-3-9_png.rf.c569adb4d51e8d33006187897ea2b5b7.jpg,242,285,7,png,1.7,3.9,6.63,5.6,2108,7.653969180478774,64.0,89.0,0.7191011235955056,48969,-0.4164527768080823,-50.55941390991211,50.55941390991211,67.0,121.40491485595703,-68.50630722045898,-15.084405517578126,53.42190170288085,37.73236083984375,20.86392593383789,0.2582932710647583,-0.01545589417219162,-114.00838470458984
train,1-7-3-9_png.rf.c569adb4d51e8d33006187897ea2b5b7.jpg,/mnt/tf_data/TechFin/home/group_6/Data/white_balance_copy_layers.v7i.coco-segmentation/train/1-7-3-9_png.rf.c569adb4d51e8d33006187897ea2b5b7.jpg,242,286,6,png,1.7,3.9,6.63,5.6,869,6.76849321164863,63.0,24.0,2.625,12152,-0.3686144635671202,-39.726749420166016,39.726749420166016,65.0,107.7731704711914,-46.750485229492185,-15.80238647460937,30.948098754882814,7.480803489685059,11.764476776123047,-0.00659192493185401,0.010164151899516582,108.23001098632812
train,0_8-4_2-6-100-6_png.rf.c02dd1f381bd1d59ad06a2ab3e0daf8f.jpg,/mnt/tf_data/TechFin/home/group_6/Data/white_balance_copy_layers.v7i.coco-segmentation/train/0_8-4_2-6-100-6_png.rf.c02dd1f381bd1d59ad06a2ab3e0daf8f.jpg,243,287,6,6-100-6_png,0.8,4.2,3.3600000000000003,5.0,158219,11.971741748575388,334.0,1019.0,0.3277723258096173,863101,-0.1441356583008503,-22.440410614013672,22.440410614013672,133.0,155.68951416015625,-27.729754638671874,-17.957357788085893,9.77239685058598,14.457232475280762,5.13151216506958,-0.010676701553165913,-5.835069896420464e-05,163.44027709960938
train,1-4-4-5_png.rf.0c46c8d98d95b2ae47d6c0e48b06e8fa.jpg,/mnt/tf_data/TechFin/home/group_6/Data/white_balance_copy_layers.v7i.coco-segmentation/train/1-4-4-5_png.rf.0c46c8d98d95b2ae47d6c0e48b06e8fa.jpg,244,288,1,png,1.4,4.5,6.3,5.9,4919,8.501063809486354,123.0,53.0,2.3207547169811322,53557,-0.05087812677110945,-6.073674201965332,6.073674201965332,113.0,119.37692260742188,-8.287252807617188,-3.363294982910156,4.923957824707031,4.785037994384766,1.9985929727554321,0.005108248442411423,-0.0053011695854365826,117.65039825439453
train,2-0-3-3_png.rf.61fa30be9cc8bd88306eaf38921a9d89.jpg,/mnt/tf_data/TechFin/home/group_6/Data/white_balance_copy_layers.v7i.coco-segmentation/train/2-0-3-3_png.rf.61fa30be9cc8bd88306eaf38921a9d89.jpg,245,289,1,png,2.0,3.3,6.6,5.3,1322,7.187657164114956,29.0,76.0,0.3815789473684211,18394,-0.03422270952036153,-3.4559359550476074,3.4559359550476074,98.0,100.98370361328125,-5.838785552978516,-1.8897300720214842,3.949055480957032,8.727983474731445,1.6244052648544312,0.01319983508437872,0.0004329591174609959,83.49104309082031
train,1-4-3-6-6-10-6_png.rf.57e97c4c658deb106fa91bb3c6185d00.jpg,/mnt/tf_data/TechFin/home/group_6/Data/white_balance_copy_layers.v7i.coco-segmentation/train/1-4-3-6-6-10-6_png.rf.57e97c4c658deb106fa91bb3c6185d00.jpg,246,290,6,6-10-6_png,1.4,3.6,5.04,5.0,1895,7.547501682814967,40.0,131.0,0.3053435114503817,44986,-0.31525267813710284,-29.27590560913086,29.27590560913086,62.0,92.8648910522461,-32.93291320800781,-19.61182861328125,13.32108459472656,11.476784706115723,5.941872596740723,0.0038543955888599157,-0.003996359650045633,92.29287719726562
train,1_7-3_6-6-100-6_png.rf.c18deeaaf168722f8b57babfd2a7c746.jpg,/mnt/tf_data/TechFin/home/group_6/Data/white_balance_copy_layers.v7i.coco-segmentation/train/1_7-3_6-6-100-6_png.rf.c18deeaaf168722f8b57babfd2a7c746.jpg,247,291,6,6-100-6_png,1.7,3.6,6.12,5.3,156902,11.963383058997222,327.0,1005.0,0.3253731343283582,843034,-0.23920869454857857,-17.572378158569336,17.572378158569336,56.0,73.46044921875,-21.010818481445312,-14.844409942626953,6.166408538818359,11.594833374023438,4.391897201538086,-0.00850392784923315,4.2767063860083e-05,79.5950927734375
train,0_8-3_6-2-100-3_png.rf.ea7f79bb1aa24ea455920db7357eb075.jpg,/mnt/tf_data/TechFin/home/group_6/Data/white_balance_copy_layers.v7i.coco-segmentation/train/0_8-3_6-2-100-3_png.rf.ea7f79bb1aa24ea455920db7357eb075.jpg,248,292,2,2-100-3_png,0.8,3.6,2.8800000000000003,4.4,574994,13.262116624089506,1075.0,917.0,1.1723009814612868,890876,-0.03924531988391731,-6.1570143699646,6.1570143699646,151.0,156.88531494140625,-10.909259033203124,-2.1518905639648436,8.75736846923828,18.92203140258789,4.818516731262207,-0.008303973823785782,0.0006050503579899669,163.8794708251953
train,1_4-4_8-3-100-4_png.rf.e9625cf4f07fc1753efaff1c70aef118.jpg,/mnt/tf_data/TechFin/home/group_6/Data/white_balance_copy_layers.v7i.coco-segmentation/train/1_4-4_8-3-100-4_png.rf.e9625cf4f07fc1753efaff1c70aef118.jpg,249,293,3,3-100-4_png,1.4,4.8,6.72,6.199999999999999,44317,10.69914619404915,196.0,452.0,0.4336283185840708,556139,-0.12571308650151516,-12.228742599487305,12.228742599487305,85.0,97.27501678466797,-13.395455932617187,-10.583277893066404,2.8121780395507834,3.6051080226898193,1.7713119983673096,0.005502243991941214,-0.004643899854272604,96.46702575683594
train,0-8-3-9-3-10-4_png.rf.2c644fbaaef3c4d28769ee5b38c6da08.jpg,/mnt/tf_data/TechFin/home/group_6/Data/white_balance_copy_layers.v7i.coco-segmentation/train/0-8-3-9-3-10-4_png.rf.2c644fbaaef3c4d28769ee5b38c6da08.jpg,252,296,3,3-10-4_png,0.8,3.9,3.12,4.7,578,6.361302477572996,22.0,52.0,0.4230769230769231,9629,-0.1030343112133129,-14.801945686340332,14.801945686340332,128.0,143.6603546142578,-20.642514038085938,-6.7345230102539055,13.907991027832033,1.1733717918395996,5.455512046813965,0.007219981402158737,-0.006658652331680059,142.16741943359375
train,1_4-4_8-2-100-3_png.rf.7feaad026ca76dccdc970eea7416544f.jpg,/mnt/tf_data/TechFin/home/group_6/Data/white_balance_copy_layers.v7i.coco-segmentation/train/1_4-4_8-2-100-3_png.rf.7feaad026ca76dccdc970eea7416544f.jpg,253,297,2,2-100-3_png,1.4,4.8,6.72,6.199999999999999,561756,13.238824651029127,1113.0,905.0,1.2298342541436464,903159,-0.08754573476963505,-8.365301132202148,8.365301132202148,88.0,95.55349731445312,-12.421035766601562,-5.5256805419921875,6.895355224609375,18.70356559753418,3.4472413063049316,-0.0063472408801317215,0.0016198965022340417,100.29322052001953
train,1-7-4-2_png.rf.5ff41208008705b9770f63ea4dbea60f.jpg,/mnt/tf_data/TechFin/home/group_6/Data/white_balance_copy_layers.v7i.coco-segmentation/train/1-7-4-2_png.rf.5ff41208008705b9770f63ea4dbea60f.jpg,255,299,1,png,1.7,4.2,7.14,5.9,3102,8.04012466444838,169.0,61.0,2.7704918032786887,89434,-0.0759573316068095,-8.903239250183105,8.903239250183105,109.0,117.21369171142578,-14.254043579101562,-3.2013816833496094,11.052661895751953,12.732367515563965,4.146419048309326,0.0010350171942263842,-0.013453483581542969,130.3213348388672
train,1_1-3_9-3-100_png.rf.27d9e98e2ba69be9bac34ef5db60cbd6.jpg,/mnt/tf_data/TechFin/home/group_6/Data/white_balance_copy_layers.v7i.coco-segmentation/train/1_1-3_9-3-100_png.rf.27d9e98e2ba69be9bac34ef5db60cbd6.jpg,256,300,3,3-100_png,1.1,3.9,4.29,5.0,112144,11.627547955806927,402.0,426.0,0.9436619718309859,1095788,-0.08539358590182648,-11.41430377960205,11.41430377960205,122.0,133.6669921875,-13.552131652832031,-8.913365173339844,4.638766479492187,6.534915924072266,2.8575854301452637,-0.010057264007627964,-0.006511843763291836,146.0785675048828
train,0_5-4_5-3-100_png.rf.e0f9cd5825b622533bc626f2ace1f527.jpg,/mnt/tf_data/TechFin/home/group_6/Data/white_balance_copy_layers.v7i.coco-segmentation/train/0_5-4_5-3-100_png.rf.e0f9cd5825b622533bc626f2ace1f527.jpg,257,301,3,3-100_png,0.5,4.5,2.25,5.0,112106,11.6272090513569,409.0,435.0,0.9402298850574713,1141885,-0.0543286303808269,-9.334785461425781,9.334785461425781,163.0,171.82073974609375,-10.988105773925781,-7.936851501464844,3.0512542724609375,6.582645416259766,1.8303946256637573,-0.0034000203013420105,-0.0068858470767736435,177.0618133544922
train,1-1-3-6_png.rf.5a366ea437fd2f28d4b970b0c0cfe62a.jpg,/mnt/tf_data/TechFin/home/group_6/Data/white_balance_copy_layers.v7i.coco-segmentation/train/1-1-3-6_png.rf.5a366ea437fd2f28d4b970b0c0cfe62a.jpg,258,302,7,png,1.1,3.6,3.9600000000000004,4.7,3221,8.07775756373692,109.0,47.0,2.3191489361702127,42715,-0.5267675091885187,-62.95933532714844,62.95933532714844,56.0,119.52015686035156,-69.2998275756836,-51.02714538574219,18.272682189941406,16.15353775024414,8.993842124938965,0.00857827439904213,-0.026635998860001564,141.75489807128906
train,1-7-4-8_png.rf.cfafa6b7cbe1770109c61d11fd0a600e.jpg,/mnt/tf_data/TechFin/home/group_6/Data/white_balance_copy_layers.v7i.coco-segmentation/train/1-7-4-8_png.rf.cfafa6b7cbe1770109c61d11fd0a600e.jpg,259,303,4,png,1.7,4.8,8.16,6.5,8160,9.007121989469242,167.0,98.0,1.7040816326530612,129468,-0.19867874687501696,-20.396089553833008,20.396089553833008,82.0,102.65863800048828,-22.361666107177733,-17.851007080078123,4.51065902709961,16.438682556152344,3.28332257270813,-0.004972497932612896,-0.004026373382657766,114.07496643066406
train,1-7-4-8_png.rf.cfafa6b7cbe1770109c61d11fd0a600e.jpg,/mnt/tf_data/TechFin/home/group_6/Data/white_balance_copy_layers.v7i.coco-segmentation/train/1-7-4-8_png.rf.cfafa6b7cbe1770109c61d11fd0a600e.jpg,259,304,3,png,1.7,4.8,8.16,6.5,6642,8.80131894766524,156.0,80.0,1.95,94407,-0.16660217608716424,-17.345956802368164,17.345956802368164,87.0,104.11602783203125,-19.328491973876954,-15.13380661010742,4.194685363769533,18.256607055664062,1.5505716800689697,-0.014695077203214169,-0.004510063212364912,130.8820343017578
train,1-7-4-8_png.rf.cfafa6b7cbe1770109c61d11fd0a600e.jpg,/mnt/tf_data/TechFin/home/group_6/Data/white_balance_copy_layers.v7i.coco-segmentation/train/1-7-4-8_png.rf.cfafa6b7cbe1770109c61d11fd0a600e.jpg,259,305,4,png,1.7,4.8,8.16,6.5,1947,7.5745584842024805,108.0,42.0,2.5714285714285716,28145,-0.17629987924875087,-17.93842124938965,17.93842124938965,84.0,101.74948120117188,-19.7525146484375,-14.8697509765625,4.882763671875001,4.397853374481201,2.488801956176758,0.002163390628993511,-0.010828705504536629,110.04570007324219
train,1_4-4_2-3-100_png.rf.d47f43f94a1961313ac739a2f2d0061c.jpg,/mnt/tf_data/TechFin/home/group_6/Data/white_balance_copy_layers.v7i.coco-segmentation/train/1_4-4_2-3-100_png.rf.d47f43f94a1961313ac739a2f2d0061c.jpg,260,306,3,3-100_png,1.4,4.2,5.88,5.6,109777,11.606215423683235,409.0,418.0,0.9784688995215312,1109473,-0.10992409934499088,-10.801973342895508,10.801973342895508,87.0,98.26756286621094,-12.443157958984376,-8.977169799804686,3.4659881591796893,5.458388328552246,2.1092348098754883,-0.0072696395218372345,-0.005531187169253826,107.69735717773438
train,1-4-4-8_png.rf.e971286630d7d73cbd52862f22033187.jpg,/mnt/tf_data/TechFin/home/group_6/Data/white_balance_copy_layers.v7i.coco-segmentation/train/1-4-4-8_png.rf.e971286630d7d73cbd52862f22033187.jpg,261,307,1,png,1.4,4.8,6.72,6.199999999999999,4474,8.406261630708956,119.0,49.0,2.4285714285714284,47814,-0.06738169580990107,-7.526736736297607,7.526736736297607,104.0,111.70298767089844,-9.541487884521484,-5.6410675048828125,3.900420379638671,4.786378383636475,1.6711361408233643,0.002829122357070446,-0.0011019865050911903,108.891357421875
train,1-7-3-9_png.rf.cf29a0b49f634348a222e3a00c6ac0e5.jpg,/mnt/tf_data/TechFin/home/group_6/Data/white_balance_copy_layers.v7i.coco-segmentation/train/1-7-3-9_png.rf.cf29a0b49f634348a222e3a00c6ac0e5.jpg,262,308,7,png,1.7,3.9,6.63,5.6,2625,7.873217054862741,104.0,41.0,2.5365853658536586,35591,-0.5238054907828693,-52.069339752197266,52.069339752197266,46.0,99.40586853027344,-56.05263977050781,-34.879510498046876,21.173129272460933,15.234889030456543,10.707117080688477,0.004801654722541571,-0.05075203627347946,150.02767944335938
train,1_1-3_9-3-100-4_png.rf.30608e78bad08d040e31be0e5f47f785.jpg,/mnt/tf_data/TechFin/home/group_6/Data/white_balance_copy_layers.v7i.coco-segmentation/train/1_1-3_9-3-100-4_png.rf.30608e78bad08d040e31be0e5f47f785.jpg,264,309,3,3-100-4_png,1.1,3.9,4.29,5.0,44138,10.695099024366057,195.0,453.0,0.4304635761589404,553242,-0.09614237273501379,-13.06591510772705,13.06591510772705,123.0,135.9017333984375,-14.289671325683594,-10.616058349609371,3.6736129760742227,4.128061771392822,2.2462830543518066,0.006193704903125763,-0.007524693384766579,136.2208709716797
train,1-7-3-3_png.rf.2dcae6fb792a8c8f409b46857b04f1ff.jpg,/mnt/tf_data/TechFin/home/group_6/Data/white_balance_copy_layers.v7i.coco-segmentation/train/1-7-3-3_png.rf.2dcae6fb792a8c8f409b46857b04f1ff.jpg,265,310,2,png,1.7,3.3,5.609999999999999,5.0,1039,6.946975992135418,35.0,64.0,0.546875,19007,-0.11064243193644335,-16.135141372680664,16.135141372680664,128.0,145.83140563964844,-21.871673583984375,-5.7937072753906245,16.07796630859375,1.2652016878128052,6.137364387512207,0.000652617251034826,0.0046146041713654995,141.10313415527344
train,1-1-4-8_png.rf.1f04a8d9e38671b2b8b86c184b6acdb6.jpg,/mnt/tf_data/TechFin/home/group_6/Data/white_balance_copy_layers.v7i.coco-segmentation/train/1-1-4-8_png.rf.1f04a8d9e38671b2b8b86c184b6acdb6.jpg,266,311,4,png,1.1,4.8,5.28,5.9,3812,8.246171559857563,192.0,60.0,3.2,99601,-0.17286739669057005,-20.963260650634766,20.963260650634766,100.0,121.26786804199219,-24.417283630371095,-14.885247802734375,9.53203582763672,23.830915451049805,4.480995178222656,-0.01293970551341772,-0.03092009760439396,174.33624267578125
train,1_1-4_8-2-100-3_png.rf.11ef0d33ebb518bd87170cc675115a0b.jpg,/mnt/tf_data/TechFin/home/group_6/Data/white_balance_copy_layers.v7i.coco-segmentation/train/1_1-4_8-2-100-3_png.rf.11ef0d33ebb518bd87170cc675115a0b.jpg,267,312,2,2-100-3_png,1.1,4.8,5.28,5.9,565705,13.245829787603443,1080.0,908.0,1.1894273127753303,899704,-0.057983784762263985,-7.886273384094238,7.886273384094238,129.0,136.0082550048828,-12.46187744140625,-4.5069122314453125,7.954965209960937,20.015724182128906,4.2109222412109375,-0.007783693727105856,0.0012292655883356929,142.23721313476562
train,2-0-4-5_png.rf.96a1bb6ac388a4c5ae49db2ae3c1b132.jpg,/mnt/tf_data/TechFin/home/group_6/Data/white_balance_copy_layers.v7i.coco-segmentation/train/2-0-4-5_png.rf.96a1bb6ac388a4c5ae49db2ae3c1b132.jpg,268,313,8,png,2.0,4.5,9.0,6.5,383,5.950642552587727,44.0,31.0,1.4193548387096775,10898,-0.5879142710789784,-54.53593826293945,54.53593826293945,37.0,92.76171875,-61.775498962402345,-42.77672576904297,18.998773193359376,3.8732354640960693,8.433287620544434,-0.007119594607502222,0.006718400865793228,97.27172088623047
train,2-0-4-5_png.rf.96a1bb6ac388a4c5ae49db2ae3c1b132.jpg,/mnt/tf_data/TechFin/home/group_6/Data/white_balance_copy_layers.v7i.coco-segmentation/train/2-0-4-5_png.rf.96a1bb6ac388a4c5ae49db2ae3c1b132.jpg,268,314,7,png,2.0,4.5,9.0,6.5,2175,7.685243607975833,65.0,88.0,0.7386363636363636,49118,-0.4367035046261707,-46.54745864868164,46.54745864868164,57.0,106.58824157714844,-63.91940002441406,-14.059002685546872,49.86039733886719,39.07768630981445,20.455644607543945,0.23790660500526428,-0.022212356328964233,-102.85438537597656
train,2-0-4-5_png.rf.96a1bb6ac388a4c5ae49db2ae3c1b132.jpg,/mnt/tf_data/TechFin/home/group_6/Data/white_balance_copy_layers.v7i.coco-segmentation/train/2-0-4-5_png.rf.96a1bb6ac388a4c5ae49db2ae3c1b132.jpg,268,315,6,png,2.0,4.5,9.0,6.5,713,6.570882962339584,61.0,18.0,3.388888888888889,9252,-0.4586832324721961,-42.580055236816406,42.580055236816406,49.0,92.83106994628906,-47.794900512695314,-29.648361206054688,18.146539306640626,8.896662712097168,8.880898475646973,-0.007238269317895174,0.022539159283041954,82.0952377319336
train,1_4-3_6-3-100_png.rf.2ad36dd15d76d66bea77d3ea1b0c7429.jpg,/mnt/tf_data/TechFin/home/group_6/Data/white_balance_copy_layers.v7i.coco-segmentation/train/1_4-3_6-3-100_png.rf.2ad36dd15d76d66bea77d3ea1b0c7429.jpg,270,317,3,3-100_png,1.4,3.6,5.04,5.0,111589,11.622586719179747,406.0,426.0,0.9530516431924883,1133267,-0.08424009896617547,-8.659036636352539,8.659036636352539,94.0,102.78996276855469,-10.268582153320313,-7.32301025390625,2.9455718994140634,5.024442672729492,1.5875225067138672,-0.0024060572031885386,-0.005396196153014898,106.71747589111328
train,1-1-4-5_png.rf.0d7258abc2655d09abd047dc9db91902.jpg,/mnt/tf_data/TechFin/home/group_6/Data/white_balance_copy_layers.v7i.coco-segmentation/train/1-1-4-5_png.rf.0d7258abc2655d09abd047dc9db91902.jpg,271,318,1,png,1.1,4.5,4.95,5.6,3068,8.029107054619736,170.0,60.0,2.8333333333333335,88487,-0.07773204488749512,-9.844757080078125,9.844757080078125,117.0,126.64991760253906,-15.834745788574219,-3.372255706787103,12.462490081787116,11.664411544799805,4.755833625793457,-0.0005643288022838533,-0.016266105696558952,145.02838134765625
test,1-7-3-9-6-10-6_png.rf.8213bd6cc70ba892e8dd93651d9fc9d8.jpg,/mnt/tf_data/TechFin/home/group_6/Data/white_balance_copy_layers.v7i.coco-segmentation/test/1-7-3-9-6-10-6_png.rf.8213bd6cc70ba892e8dd93651d9fc9d8.jpg,0,1,6,6-10-6_png,1.7,3.9,6.63,5.6,1958,7.580189417944541,41.0,131.0,0.31297709923664124,46083,-0.3512057817974005,-22.964874267578125,22.964874267578125,41.0,65.38865661621094,-26.338585662841798,-14.39212646484375,11.946459197998047,10.803570747375488,5.803360939025879,0.006324804853647947,-0.004019920248538256,63.112247467041016
test,1-7-4-2-3-10-2_png.rf.5a961dead7934de61c43cc4821f199f5.jpg,/mnt/tf_data/TechFin/home/group_6/Data/white_balance_copy_layers.v7i.coco-segmentation/test/1-7-4-2-3-10-2_png.rf.5a961dead7934de61c43cc4821f199f5.jpg,2,3,7,3-10-2_png,1.7,4.2,7.14,5.9,541,6.295266001439646,41.0,23.0,1.7826086956521738,7867,-0.5746109284802042,-35.40572738647461,35.40572738647461,24.0,61.61687088012695,-40.650047302246094,-18.532142639160156,22.117904663085938,4.85802698135376,8.866647720336914,-0.00019935269665438682,-0.011790428310632706,67.7193832397461
test,0-8-4-2-7-10-2_png.rf.f61872e6b64302c145fa326023d2f3a0.jpg,/mnt/tf_data/TechFin/home/group_6/Data/white_balance_copy_layers.v7i.coco-segmentation/test/0-8-4-2-7-10-2_png.rf.f61872e6b64302c145fa326023d2f3a0.jpg,3,4,7,7-10-2_png,0.8,4.2,3.3600000000000003,5.0,528,6.270988431858299,42.0,24.0,1.75,8463,-0.4231628458643226,-62.572532653808594,62.572532653808594,81.0,147.86868286132812,-71.97319183349609,-33.493110656738274,38.480081176757814,5.144859790802002,16.480859756469727,0.008147739805281162,0.006669123191386461,138.81919860839844
test,1-4-3-9-3-100-2_png.rf.74b9ee30fde5765d0234ed5d16a636c5.jpg,/mnt/tf_data/TechFin/home/group_6/Data/white_balance_copy_layers.v7i.coco-segmentation/test/1-4-3-9-3-100-2_png.rf.74b9ee30fde5765d0234ed5d16a636c5.jpg,4,5,7,3-100-2_png,1.4,3.9,5.46,5.3,49722,10.814222881696587,437.0,249.0,1.7550200803212852,917616,-0.3864285696880498,-38.717010498046875,38.717010498046875,61.0,100.19189453125,-41.4436767578125,-35.28530654907226,6.158370208740237,5.589294910430908,4.500482559204102,3.484814806142822e-05,-0.003799369791522622,101.9775161743164
test,0-8-4-2-3-10-4_png.rf.32e614811929c3c33837a26428790d9a.jpg,/mnt/tf_data/TechFin/home/group_6/Data/white_balance_copy_layers.v7i.coco-segmentation/test/0-8-4-2-3-10-4_png.rf.32e614811929c3c33837a26428790d9a.jpg,5,6,3,3-10-4_png,0.8,4.2,3.3600000000000003,5.0,686,6.532334292222349,23.0,53.0,0.4339622641509434,10194,-0.12708886293348923,-16.453601837158203,16.453601837158203,112.0,129.46533203125,-25.418052673339844,-5.462348937988281,19.955703735351562,1.053170084953308,7.513752460479736,0.003430610988289118,-0.006761894095689058,130.64805603027344
test,0-8-3-6-3-10-4_png.rf.788d58cdfafaeaf0e9bb83bdd77466a9.jpg,/mnt/tf_data/TechFin/home/group_6/Data/white_balance_copy_layers.v7i.coco-segmentation/test/0-8-3-6-3-10-4_png.rf.788d58cdfafaeaf0e9bb83bdd77466a9.jpg,7,8,3,3-10-4_png,0.8,3.6,2.8800000000000003,4.4,601,6.400257445308821,23.0,53.0,0.4339622641509434,10275,-0.08643698513490959,-13.283473014831543,13.283473014831543,140.0,153.67811584472656,-17.654251098632812,-6.66131591796875,10.992935180664062,1.5446287393569946,4.447154521942139,0.00428857421502471,-0.006342701613903046,154.04837036132812
test,0-8-3-6-6-10-6_png.rf.3c754df6857757aa2a83519ece45ec81.jpg,/mnt/tf_data/TechFin/home/group_6/Data/white_balance_copy_layers.v7i.coco-segmentation/test/0-8-3-6-6-10-6_png.rf.3c754df6857757aa2a83519ece45ec81.jpg,8,9,6,6-10-6_png,0.8,3.6,2.8800000000000003,4.4,1818,7.506042178518122,38.0,123.0,0.3089430894308943,40010,-0.23058869197321252,-37.75226593017578,37.75226593017578,124.0,163.7212371826172,-42.70756378173828,-22.87769317626953,19.82987060546875,11.320119857788086,8.57190227508545,0.007581219542771578,-0.0003540483594406396,158.58987426757812
test,1-7-4-2-3-10_png.rf.7679f0ec5ca9b83fc0d351112c117ff9.jpg,/mnt/tf_data/TechFin/home/group_6/Data/white_balance_copy_layers.v7i.coco-segmentation/test/1-7-4-2-3-10_png.rf.7679f0ec5ca9b83fc0d351112c117ff9.jpg,11,12,3,3-10_png,1.7,4.2,7.14,5.9,987,6.895682697747868,40.0,42.0,0.9523809523809523,14025,-0.20789920780992763,-13.346651077270508,13.346651077270508,51.0,64.19770050048828,-14.218495178222657,-10.224124145507812,3.994371032714845,2.295297145843506,1.9897191524505615,2.4653149012010545e-05,-0.0034522307105362415,65.95488739013672
test,1-4-3-9-6-10-6_png.rf.5638097c1bdb6a65de90c8b1c1e7dadc.jpg,/mnt/tf_data/TechFin/home/group_6/Data/white_balance_copy_layers.v7i.coco-segmentation/test/1-4-3-9-6-10-6_png.rf.5638097c1bdb6a65de90c8b1c1e7dadc.jpg,12,13,6,6-10-6_png,1.4,3.9,5.46,5.3,2247,7.717796211013582,43.0,132.0,0.32575757575757575,48575,-0.28313962073228865,-25.25050163269043,25.25050163269043,62.0,89.18038940429688,-30.624649047851562,-10.576014709472656,20.048634338378907,12.547017097473145,9.54208755493164,0.004609976429492235,-0.00876194890588522,90.65487670898438
test,0-8-3-9-7-100-2_png.rf.d2b2a6d889171e80c00f3561747a1f29.jpg,/mnt/tf_data/TechFin/home/group_6/Data/white_balance_copy_layers.v7i.coco-segmentation/test/0-8-3-9-7-100-2_png.rf.d2b2a6d889171e80c00f3561747a1f29.jpg,13,14,7,7-100-2_png,0.8,3.9,3.12,4.7,49505,10.809849153332399,436.0,248.0,1.7580645161290323,911719,-0.2660158271309091,-42.586769104003906,42.586769104003906,117.0,160.0911102294922,-45.75137023925781,-39.39052734375,6.360842895507808,6.851579666137695,6.475076675415039,-0.0003861439763568342,-0.005721387919038534,163.06924438476562
test,1-1-4-2_png.rf.194106b25d098bc53ba738b3282ba3f7.jpg,/mnt/tf_data/TechFin/home/group_6/Data/white_balance_copy_layers.v7i.coco-segmentation/test/1-1-4-2_png.rf.194106b25d098bc53ba738b3282ba3f7.jpg,14,15,7,png,1.1,4.2,4.620000000000001,5.300000000000001,2464,7.80994708647679,111.0,40.0,2.775,37330,-0.5461815771914627,-61.758209228515625,61.758209228515625,50.0,113.07266998291016,-65.62607803344727,-50.793742370605464,14.832335662841807,17.593673706054688,8.845216751098633,0.006729197688400745,-0.04733269289135933,158.72433471679688
test,0-8-3-6-2-10-3_png.rf.4f76dad68f9a7611a350ee30feed20d9.jpg,/mnt/tf_data/TechFin/home/group_6/Data/white_balance_copy_layers.v7i.coco-segmentation/test/0-8-3-6-2-10-3_png.rf.4f76dad68f9a7611a350ee30feed20d9.jpg,15,16,2,2-10-3_png,0.8,3.6,2.8800000000000003,4.4,5723,8.652423140676342,113.0,89.0,1.2696629213483146,84554,-0.06276205619424195,-10.785900115966797,10.785900115966797,161.0,171.8538360595703,-11.987762451171875,-8.964901733398436,3.0228607177734386,9.864133834838867,1.9507602453231812,-0.0010337760904803872,-0.00605658208951354,175.6579132080078
test,2-0-4-2_png.rf.929c2dd92a7ee353b63b33088f06c5d3.jpg,/mnt/tf_data/TechFin/home/group_6/Data/white_balance_copy_layers.v7i.coco-segmentation/test/2-0-4-2_png.rf.929c2dd92a7ee353b63b33088f06c5d3.jpg,18,21,1,png,2.0,4.2,8.4,6.2,3048,8.022568946988255,171.0,59.0,2.8983050847457625,87508,-0.08884048243928389,-8.447633743286133,8.447633743286133,87.0,95.08766174316406,-14.130049133300782,-2.8662528991699197,11.263796234130862,12.703028678894043,4.255195140838623,1.0153135917789768e-05,-0.012852629646658897,108.96746063232422
test,1-4-4-8_png.rf.baeb0b9ce0215ac7c27686ebf34949fc.jpg,/mnt/tf_data/TechFin/home/group_6/Data/white_balance_copy_layers.v7i.coco-segmentation/test/1-4-4-8_png.rf.baeb0b9ce0215ac7c27686ebf34949fc.jpg,19,22,4,png,1.4,4.8,6.72,6.199999999999999,7893,8.973858256222792,172.0,95.0,1.8105263157894738,138869,-0.27435164508505805,-30.53169059753418,30.53169059753418,81.0,111.28670501708984,-32.376502990722656,-28.205535888671875,4.170967102050781,17.657577514648438,2.2211413383483887,-0.002950139809399843,-0.0015338656958192587,117.13199615478516
test,1-1-3-6_png.rf.e2678ed6136fc6269e1ffe3998297a0b.jpg,/mnt/tf_data/TechFin/home/group_6/Data/white_balance_copy_layers.v7i.coco-segmentation/test/1-1-3-6_png.rf.e2678ed6136fc6269e1ffe3998297a0b.jpg,20,23,8,png,1.1,3.6,3.9600000000000004,4.7,361,5.891644211825771,44.0,33.0,1.3333333333333333,11514,-0.5107432173287589,-66.85198211669922,66.85198211669922,63.0,130.89157104492188,-73.89987182617188,-48.890869140625,25.009002685546875,4.4376349449157715,13.11074447631836,-0.005016603507101536,0.0031127240508794785,135.6768798828125
test,1-1-3-6_png.rf.e2678ed6136fc6269e1ffe3998297a0b.jpg,/mnt/tf_data/TechFin/home/group_6/Data/white_balance_copy_layers.v7i.coco-segmentation/test/1-1-3-6_png.rf.e2678ed6136fc6269e1ffe3998297a0b.jpg,20,24,7,png,1.1,3.6,3.9600000000000004,4.7,2131,7.664815785285735,67.0,87.0,0.7701149425287356,50140,-0.39019151013564407,-55.649539947509766,55.649539947509766,82.0,142.62109375,-78.74945068359375,-6.142730712890625,72.60671997070312,34.30805969238281,29.371631622314453,0.21745483577251434,-0.012132564559578896,-56.05994415283203
test,1-1-3-6_png.rf.e2678ed6136fc6269e1ffe3998297a0b.jpg,/mnt/tf_data/TechFin/home/group_6/Data/white_balance_copy_layers.v7i.coco-segmentation/test/1-1-3-6_png.rf.e2678ed6136fc6269e1ffe3998297a0b.jpg,20,25,6,png,1.1,3.6,3.9600000000000004,4.7,891,6.79346613258001,64.0,25.0,2.56,12882,-0.35225071180561424,-46.10138702392578,46.10138702392578,81.0,130.8766326904297,-54.91981506347656,-20.853500366210938,34.066314697265625,7.210975170135498,12.880213737487793,-0.005275944247841835,0.004290202632546425,135.036865234375
test,1-7-4-2-3-10-4_png.rf.1e76ab15c030a764a674b9a243c7a2aa.jpg,/mnt/tf_data/TechFin/home/group_6/Data/white_balance_copy_layers.v7i.coco-segmentation/test/1-7-4-2-3-10-4_png.rf.1e76ab15c030a764a674b9a243c7a2aa.jpg,21,26,3,3-10-4_png,1.7,4.2,7.14,5.9,667,6.504288173536645,23.0,53.0,0.4339622641509434,10213,-0.14565623027499958,-9.135573387145996,9.135573387145996,53.0,62.72010040283203,-12.712843322753907,-3.651123046875001,9.061720275878905,1.1183202266693115,3.6292154788970947,0.004081859719008207,-0.007517647929489613,63.85038375854492
test,1-4-3-6_png.rf.bf079b9ef88c0924bd8ffc2ce71608af.jpg,/mnt/tf_data/TechFin/home/group_6/Data/white_balance_copy_layers.v7i.coco-segmentation/test/1-4-3-6_png.rf.bf079b9ef88c0924bd8ffc2ce71608af.jpg,22,27,1,png,1.4,3.6,5.04,5.0,1528,7.332369205929062,31.0,78.0,0.3974358974358974,20102,-0.031980750754103934,-4.6630682945251465,4.6630682945251465,141.0,145.80859375,-6.806036376953125,-2.44246826171875,4.363568115234376,8.976983070373535,1.868756890296936,0.01796853169798851,0.007239717058837414,115.37809753417969
test,1-7-4-5_png.rf.25e22881938840b9a41e8bd627f03788.jpg,/mnt/tf_data/TechFin/home/group_6/Data/white_balance_copy_layers.v7i.coco-segmentation/test/1-7-4-5_png.rf.25e22881938840b9a41e8bd627f03788.jpg,23,28,1,png,1.7,4.5,7.6499999999999995,6.2,3047,8.022240916806537,169.0,60.0,2.816666666666667,87969,-0.07374013552940092,-8.009746551513672,8.009746551513672,101.0,108.62126159667969,-13.36322479248047,-2.720243835449213,10.642980957031256,12.43948745727539,3.883430242538452,0.0006045576883479953,-0.011607821099460125,120.32595825195312
test,1-4-4-2_png.rf.2b241c541e53703f4cfa1fa7cc620976.jpg,/mnt/tf_data/TechFin/home/group_6/Data/white_balance_copy_layers.v7i.coco-segmentation/test/1-4-4-2_png.rf.2b241c541e53703f4cfa1fa7cc620976.jpg,24,29,1,png,1.4,4.2,5.88,5.6,3013,8.01102337918644,170.0,60.0,2.8333333333333335,88542,-0.08681355292637637,-11.224860191345215,11.224860191345215,119.0,129.29847717285156,-19.285586547851562,-4.268154907226562,15.017431640624999,11.038122177124023,5.551822185516357,0.0014080727705731988,-0.009188788942992687,137.28204345703125
test,1-1-4-5-7-10-2_png.rf.1dd84160d4e219e966797bdbd845463a.jpg,/mnt/tf_data/TechFin/home/group_6/Data/white_balance_copy_layers.v7i.coco-segmentation/test/1-1-4-5-7-10-2_png.rf.1dd84160d4e219e966797bdbd845463a.jpg,25,30,7,7-10-2_png,1.1,4.5,4.95,5.6,548,6.3080984415095305,42.0,24.0,1.75,8443,-0.4338570913580257,-50.03290939331055,50.03290939331055,62.0,115.32117462158203,-58.30532302856445,-25.005704498291006,33.29961853027345,5.5548787117004395,13.842114448547363,0.0029279738664627075,-0.003029278013855219,114.81354522705078
test,1-4-4-8-3-10-4_png.rf.2a34d3aa0faa8fdc173a699591b5faa3.jpg,/mnt/tf_data/TechFin/home/group_6/Data/white_balance_copy_layers.v7i.coco-segmentation/test/1-4-4-8-3-10-4_png.rf.2a34d3aa0faa8fdc173a699591b5faa3.jpg,28,35,3,3-10-4_png,1.4,4.8,6.72,6.199999999999999,673,6.513230110912307,24.0,55.0,0.43636363636363634,11113,-0.142314821471234,-12.052542686462402,12.052542686462402,72.0,84.68930053710938,-17.66756591796875,-3.7123992919921873,13.955166625976563,2.263822317123413,5.407515048980713,0.001510646310634911,-0.0028851875104010105,85.15755462646484
test,1-7-4-5_png.rf.c4e547156a53807ee1eea406545cf342.jpg,/mnt/tf_data/TechFin/home/group_6/Data/white_balance_copy_layers.v7i.coco-segmentation/test/1-7-4-5_png.rf.c4e547156a53807ee1eea406545cf342.jpg,29,36,4,png,1.7,4.5,7.6499999999999995,6.2,8441,9.040974526342444,179.0,97.0,1.8453608247422681,137911,-0.1770526861996953,-19.24562644958496,19.24562644958496,89.0,108.69999694824219,-21.407012939453125,-16.613265991210938,4.7937469482421875,16.64142417907715,5.313508033752441,-0.0033356414642184973,-0.004725543782114983,118.619140625
test,1-7-4-5_png.rf.c4e547156a53807ee1eea406545cf342.jpg,/mnt/tf_data/TechFin/home/group_6/Data/white_balance_copy_layers.v7i.coco-segmentation/test/1-7-4-5_png.rf.c4e547156a53807ee1eea406545cf342.jpg,29,37,3,png,1.7,4.5,7.6499999999999995,6.2,6772,8.820699399214904,158.0,82.0,1.9268292682926829,98140,-0.14664033339536328,-16.142290115356445,16.142290115356445,94.0,110.0808334350586,-18.067693328857423,-13.94919281005859,4.118500518798834,18.729625701904297,2.045769214630127,-0.012768805958330631,-0.005444587208330631,135.03334045410156
test,1-7-4-5_png.rf.c4e547156a53807ee1eea406545cf342.jpg,/mnt/tf_data/TechFin/home/group_6/Data/white_balance_copy_layers.v7i.coco-segmentation/test/1-7-4-5_png.rf.c4e547156a53807ee1eea406545cf342.jpg,29,38,4,png,1.7,4.5,7.6499999999999995,6.2,2235,7.71244383427499,111.0,45.0,2.466666666666667,30748,-0.1545575941253475,-16.693130493164062,16.693130493164062,91.0,108.00588989257812,-19.03555908203125,-13.389126586913967,5.646432495117281,4.686017990112305,3.1124801635742188,0.0008507949532940984,-0.008651027455925941,116.00955963134766
test,1-7-3-3_png.rf.db11c0ad501492092e2ddc0961e781ae.jpg,/mnt/tf_data/TechFin/home/group_6/Data/white_balance_copy_layers.v7i.coco-segmentation/test/1-7-3-3_png.rf.db11c0ad501492092e2ddc0961e781ae.jpg,30,39,1,png,1.7,3.3,5.609999999999999,5.0,1397,7.242797922793756,27.0,80.0,0.3375,17921,-0.03485816464740748,-4.329102039337158,4.329102039337158,120.0,124.19190979003906,-6.360104370117187,-1.9781249999999997,4.381979370117188,9.022719383239746,1.9922527074813843,0.018059611320495605,0.0023573816288262606,98.49443817138672
test,0-8-4-2_png.rf.acf828b4df3806a04be5410957e316de.jpg,/mnt/tf_data/TechFin/home/group_6/Data/white_balance_copy_layers.v7i.coco-segmentation/test/0-8-4-2_png.rf.acf828b4df3806a04be5410957e316de.jpg,31,40,8,png,0.8,4.2,3.3600000000000003,5.0,403,6.0014148779611505,47.0,31.0,1.5161290322580645,11595,-0.4790703424872627,-71.27643585205078,71.27643585205078,73.0,148.78073120117188,-85.77215270996093,-36.01129455566405,49.76085815429688,3.8570921421051025,19.961078643798828,-0.006523409858345985,0.0037225265987217426,155.307373046875
test,0-8-4-2_png.rf.acf828b4df3806a04be5410957e316de.jpg,/mnt/tf_data/TechFin/home/group_6/Data/white_balance_copy_layers.v7i.coco-segmentation/test/0-8-4-2_png.rf.acf828b4df3806a04be5410957e316de.jpg,31,41,7,png,0.8,4.2,3.3600000000000003,5.0,1536,7.337587743538596,63.0,85.0,0.7411764705882353,46496,-0.40030163016097164,-62.740665435791016,62.740665435791016,92.0,156.7334747314453,-78.54209899902344,-37.5513916015625,40.99070739746094,32.441349029541016,15.888565063476562,0.18077655136585236,-0.018799183890223503,-1.4019230604171753
test,0-8-4-2_png.rf.acf828b4df3806a04be5410957e316de.jpg,/mnt/tf_data/TechFin/home/group_6/Data/white_balance_copy_layers.v7i.coco-segmentation/test/0-8-4-2_png.rf.acf828b4df3806a04be5410957e316de.jpg,31,42,6,png,0.8,4.2,3.3600000000000003,5.0,857,6.754604099487962,71.0,20.0,3.55,11301,-0.351501262058236,-52.242679595947266,52.242679595947266,93.0,148.62728881835938,-61.73979797363281,-22.633776855468753,39.10602111816406,5.580656051635742,16.23870277404785,-0.006386765278875828,0.007614532019942999,151.27088928222656
test,2-0-4-2_png.rf.68af67955af8f38d73377cf9e4cd5fea.jpg,/mnt/tf_data/TechFin/home/group_6/Data/white_balance_copy_layers.v7i.coco-segmentation/test/2-0-4-2_png.rf.68af67955af8f38d73377cf9e4cd5fea.jpg,32,43,4,png,2.0,4.2,8.4,6.2,7874,8.971448463693834,169.0,99.0,1.707070707070707,132111,-0.14948433547622664,-13.875848770141602,13.875848770141602,79.0,92.82476806640625,-15.690497589111327,-11.751766967773438,3.938730621337889,17.3887882232666,2.0806684494018555,-0.005459637381136417,-0.0038272924721240997,104.71100616455078
test,2-0-4-2_png.rf.68af67955af8f38d73377cf9e4cd5fea.jpg,/mnt/tf_data/TechFin/home/group_6/Data/white_balance_copy_layers.v7i.coco-segmentation/test/2-0-4-2_png.rf.68af67955af8f38d73377cf9e4cd5fea.jpg,32,44,3,png,2.0,4.2,8.4,6.2,7369,8.905172985183382,165.0,85.0,1.9411764705882353,107703,-0.1476208168195535,-13.856468200683594,13.856468200683594,80.0,93.86527252197266,-15.670851135253907,-11.764016723632812,3.9068344116210945,18.596277236938477,1.5289220809936523,-0.01066118199378252,-0.005335469730198383,115.5394287109375
test,2-0-4-2_png.rf.68af67955af8f38d73377cf9e4cd5fea.jpg,/mnt/tf_data/TechFin/home/group_6/Data/white_balance_copy_layers.v7i.coco-segmentation/test/2-0-4-2_png.rf.68af67955af8f38d73377cf9e4cd5fea.jpg,32,45,4,png,2.0,4.2,8.4,6.2,2327,7.752764808851328,109.0,48.0,2.2708333333333335,32531,-0.13186800857157313,-12.150005340576172,12.150005340576172,80.0,92.13762664794922,-15.145468139648438,-4.263771057128905,10.881697082519533,4.437566757202148,3.9314124584198,0.0018604821525514126,-0.00958926696330309,99.55962371826172
test,1-4-4-2-2-10-3_png.rf.08591e73d122ce9d79052b0fd287b5c2.jpg,/mnt/tf_data/TechFin/home/group_6/Data/white_balance_copy_layers.v7i.coco-segmentation/test/1-4-4-2-2-10-3_png.rf.08591e73d122ce9d79052b0fd287b5c2.jpg,33,46,2,2-10-3_png,1.4,4.2,5.88,5.6,5631,8.63621989783788,112.0,88.0,1.2727272727272727,82850,-0.10590217537857187,-10.313207626342773,10.313207626342773,87.0,97.38428497314453,-11.403793334960938,-8.519874572753906,2.8839187622070312,12.574763298034668,1.593649983406067,-0.00030179813620634377,-0.004508974961936474,99.88069152832031
test,1-4-3-9_png.rf.8c82fb10fd33cfaa6a4e8e0c9918883d.jpg,/mnt/tf_data/TechFin/home/group_6/Data/white_balance_copy_layers.v7i.coco-segmentation/test/1-4-3-9_png.rf.8c82fb10fd33cfaa6a4e8e0c9918883d.jpg,34,47,8,png,1.4,3.9,5.46,5.3,395,5.981414211254481,44.0,33.0,1.3333333333333333,11599,-0.4930211765167499,-59.81907272338867,59.81907272338867,60.0,121.33164978027344,-66.33906707763671,-43.74537048339842,22.593696594238295,3.402512788772583,10.893610954284668,-0.005971826147288084,0.004444318823516369,126.29226684570312
test,1-4-3-9_png.rf.8c82fb10fd33cfaa6a4e8e0c9918883d.jpg,/mnt/tf_data/TechFin/home/group_6/Data/white_balance_copy_layers.v7i.coco-segmentation/test/1-4-3-9_png.rf.8c82fb10fd33cfaa6a4e8e0c9918883d.jpg,34,48,7,png,1.4,3.9,5.46,5.3,2001,7.601901959875166,61.0,90.0,0.6777777777777778,47243,-0.4416516153133516,-58.448516845703125,58.448516845703125,68.0,132.3407745361328,-78.35134887695312,-19.762054443359375,58.58929443359375,35.438941955566406,23.62605857849121,0.2453336864709854,-0.01966010592877865,-86.55485534667969
test,1-4-3-9_png.rf.8c82fb10fd33cfaa6a4e8e0c9918883d.jpg,/mnt/tf_data/TechFin/home/group_6/Data/white_balance_copy_layers.v7i.coco-segmentation/test/1-4-3-9_png.rf.8c82fb10fd33cfaa6a4e8e0c9918883d.jpg,34,49,6,png,1.4,3.9,5.46,5.3,892,6.794586580876499,61.0,23.0,2.652173913043478,11179,-0.3689449430999061,-44.794254302978516,44.794254302978516,75.0,121.41175842285156,-51.37447509765625,-22.47825927734377,28.89621582031248,6.86372184753418,11.8435697555542,-0.006483921315521002,0.004334854427725077,127.45337677001953
test,1-4-3-3_png.rf.478b2c1ef7579e46a4978b6bb8a3c1da.jpg,/mnt/tf_data/TechFin/home/group_6/Data/white_balance_copy_layers.v7i.coco-segmentation/test/1-4-3-3_png.rf.478b2c1ef7579e46a4978b6bb8a3c1da.jpg,35,50,2,png,1.4,3.3,4.619999999999999,4.699999999999999,967,6.875232087276577,35.0,64.0,0.546875,19079,-0.0828935780535357,-12.220139503479004,12.220139503479004,135.0,147.41961669921875,-16.45826416015625,-5.534088134765625,10.924176025390626,1.5432472229003906,3.99593448638916,0.000954208429902792,0.004041930660605431,142.718994140625
test,1-7-3-9_png.rf.7fd23a5a7fc9280f06e481919b39a8ef.jpg,/mnt/tf_data/TechFin/home/group_6/Data/white_balance_copy_layers.v7i.coco-segmentation/test/1-7-3-9_png.rf.7fd23a5a7fc9280f06e481919b39a8ef.jpg,36,51,4,png,1.7,3.9,6.63,5.6,8326,9.02725852623582,169.0,101.0,1.6732673267326732,134939,-0.15959948259199527,-18.940784454345703,18.940784454345703,100.0,118.6769790649414,-20.857086181640625,-16.271896362304688,4.5851898193359375,17.37824821472168,2.906860828399658,-0.004763925913721323,-0.005795869044959545,131.7903289794922
test,1-7-3-9_png.rf.7fd23a5a7fc9280f06e481919b39a8ef.jpg,/mnt/tf_data/TechFin/home/group_6/Data/white_balance_copy_layers.v7i.coco-segmentation/test/1-7-3-9_png.rf.7fd23a5a7fc9280f06e481919b39a8ef.jpg,36,52,3,png,1.7,3.9,6.63,5.6,6967,8.849083518532339,157.0,82.0,1.9146341463414633,97091,-0.13834158977666855,-16.642627716064453,16.642627716064453,104.0,120.30097198486328,-18.58380584716797,-14.511050415039062,4.072755432128908,19.517436981201172,1.8266475200653076,-0.014779482036828995,-0.006077956408262253,148.94711303710938
test,1-7-3-9_png.rf.7fd23a5a7fc9280f06e481919b39a8ef.jpg,/mnt/tf_data/TechFin/home/group_6/Data/white_balance_copy_layers.v7i.coco-segmentation/test/1-7-3-9_png.rf.7fd23a5a7fc9280f06e481919b39a8ef.jpg,36,53,4,png,1.7,3.9,6.63,5.6,2254,7.720905251936779,105.0,48.0,2.1875,31720,-0.1384923743176489,-16.360170364379883,16.360170364379883,101.0,118.13047790527344,-19.1785400390625,-7.242460632324218,11.936079406738283,4.3685407638549805,4.932952880859375,0.0020647814963012934,-0.010470768436789513,126.18975830078125
test,2-0-4-5_png.rf.00541d2804e2f79ee042b4eade0f7790.jpg,/mnt/tf_data/TechFin/home/group_6/Data/white_balance_copy_layers.v7i.coco-segmentation/test/2-0-4-5_png.rf.00541d2804e2f79ee042b4eade0f7790.jpg,38,55,4,png,2.0,4.5,9.0,6.5,4100,8.31898612539206,191.0,59.0,3.23728813559322,97056,-0.22730024611125768,-21.624963760375977,21.624963760375977,73.0,95.13832092285156,-28.38331832885742,-11.949838256835939,16.43348007202148,26.280269622802734,6.31365966796875,-0.01074145920574665,-0.034506943076848984,148.3982391357422
test,2-0-3-9_png.rf.f3a8a335e266d2ba227c10ceda8bc0d1.jpg,/mnt/tf_data/TechFin/home/group_6/Data/white_balance_copy_layers.v7i.coco-segmentation/test/2-0-3-9_png.rf.f3a8a335e266d2ba227c10ceda8bc0d1.jpg,41,60,1,png,2.0,3.9,7.8,5.9,1525,7.330405211844402,29.0,80.0,0.3625,19231,-0.03592831057926058,-3.4381654262542725,3.4381654262542725,92.0,95.69515991210938,-5.717742919921875,-1.4513061523437498,4.266436767578125,8.801733016967773,1.8491164445877075,0.017344370484352112,0.0011388289276510477,72.1556396484375
test,0-8-3-6_png.rf.3991c3ea4918fb6af2fad8ababa03903.jpg,/mnt/tf_data/TechFin/home/group_6/Data/white_balance_copy_layers.v7i.coco-segmentation/test/0-8-3-6_png.rf.3991c3ea4918fb6af2fad8ababa03903.jpg,42,61,8,png,0.8,3.6,2.8800000000000003,4.4,348,5.855071922202427,44.0,32.0,1.375,11129,-0.43584576421871457,-64.25752258300781,64.25752258300781,82.0,147.43179321289062,-72.7493408203125,-47.55508270263672,25.19425811767578,2.640740156173706,10.642955780029297,-0.007466834969818592,0.0022220900282263756,156.9508056640625
test,0-8-3-6_png.rf.3991c3ea4918fb6af2fad8ababa03903.jpg,/mnt/tf_data/TechFin/home/group_6/Data/white_balance_copy_layers.v7i.coco-segmentation/test/0-8-3-6_png.rf.3991c3ea4918fb6af2fad8ababa03903.jpg,42,62,7,png,0.8,3.6,2.8800000000000003,4.4,1515,7.323830566202317,58.0,82.0,0.7073170731707317,41134,-0.3406840147986349,-53.70047378540039,53.70047378540039,100.0,157.62545776367188,-70.30316467285157,-22.337564086914057,47.96560058593751,34.2371826171875,17.961917877197266,0.23718801140785217,-0.015037264674901962,-58.94826126098633
test,0-8-3-6_png.rf.3991c3ea4918fb6af2fad8ababa03903.jpg,/mnt/tf_data/TechFin/home/group_6/Data/white_balance_copy_layers.v7i.coco-segmentation/test/0-8-3-6_png.rf.3991c3ea4918fb6af2fad8ababa03903.jpg,42,63,6,png,0.8,3.6,2.8800000000000003,4.4,891,6.79346613258001,64.0,25.0,2.56,12896,-0.25691374052853383,-37.85276794433594,37.85276794433594,106.0,147.33648681640625,-47.3961181640625,-13.285797119140625,34.110321044921875,5.3624162673950195,13.177872657775879,-0.0054212952964007854,-0.000704114674590528,156.6722869873047
test,1-4-3-6_png.rf.e08332c7838493acffa2018b0b8bd861.jpg,/mnt/tf_data/TechFin/home/group_6/Data/white_balance_copy_layers.v7i.coco-segmentation/test/1-4-3-6_png.rf.e08332c7838493acffa2018b0b8bd861.jpg,43,64,1,png,1.4,3.6,5.04,5.0,2970,7.9966538754626075,169.0,58.0,2.913793103448276,85006,-0.07084071974951904,-10.351263999938965,10.351263999938965,137.0,146.12025451660156,-17.09694061279297,-4.27054443359375,12.82639617919922,11.091920852661133,4.882420063018799,0.0007644941797479987,-0.012455481104552746,158.5152587890625
test,1-7-3-3_png.rf.7991f72a8245b56eceed1a02cca50426.jpg,/mnt/tf_data/TechFin/home/group_6/Data/white_balance_copy_layers.v7i.coco-segmentation/test/1-7-3-3_png.rf.7991f72a8245b56eceed1a02cca50426.jpg,44,65,7,png,1.7,3.3,5.609999999999999,5.0,2416,7.790282380703483,107.0,40.0,2.675,35942,-0.5326729782825443,-55.04296112060547,55.04296112060547,48.0,103.33349609375,-57.85134506225586,-45.77108383178711,12.08026123046875,15.616488456726074,7.153313159942627,0.004594872239977121,-0.05692799761891365,160.70993041992188
test,2-0-3-9_png.rf.b9dc117280da9209268c612f080df03d.jpg,/mnt/tf_data/TechFin/home/group_6/Data/white_balance_copy_layers.v7i.coco-segmentation/test/2-0-3-9_png.rf.b9dc117280da9209268c612f080df03d.jpg,46,67,8,png,2.0,3.9,7.8,5.9,2715,7.906915488678587,62.0,63.0,0.9841269841269841,32299,-0.4697101876026973,-51.17546463012695,51.17546463012695,56.0,108.9511489868164,-56.97855072021484,-27.9477294921875,29.030821228027342,7.135115146636963,12.433904647827148,-0.0003922079049516469,0.0006194017478264868,108.90033721923828
test,2-0-4-5_png.rf.ede71be1ce64778686d10da380412595.jpg,/mnt/tf_data/TechFin/home/group_6/Data/white_balance_copy_layers.v7i.coco-segmentation/test/2-0-4-5_png.rf.ede71be1ce64778686d10da380412595.jpg,47,68,4,png,2.0,4.5,9.0,6.5,8084,8.997765772011208,173.0,93.0,1.8602150537634408,127223,-0.1412054239583943,-12.884542465209961,12.884542465209961,78.0,91.24679565429688,-14.638067626953125,-10.871680450439452,3.766387176513673,17.63979721069336,5.9267778396606445,-0.0061914147809147835,-0.0042229886166751385,104.61186218261719
test,2-0-4-5_png.rf.ede71be1ce64778686d10da380412595.jpg,/mnt/tf_data/TechFin/home/group_6/Data/white_balance_copy_layers.v7i.coco-segmentation/test/2-0-4-5_png.rf.ede71be1ce64778686d10da380412595.jpg,47,69,3,png,2.0,4.5,9.0,6.5,6185,8.730043953245016,149.0,79.0,1.8860759493670887,88247,-0.15380970751201314,-14.325648307800293,14.325648307800293,79.0,93.13877868652344,-16.291659545898437,-12.045611572265624,4.2460479736328125,19.898502349853516,1.4181621074676514,-0.02072635479271412,-0.0017881462117657065,125.92265319824219
test,2-0-4-5_png.rf.ede71be1ce64778686d10da380412595.jpg,/mnt/tf_data/TechFin/home/group_6/Data/white_balance_copy_layers.v7i.coco-segmentation/test/2-0-4-5_png.rf.ede71be1ce64778686d10da380412595.jpg,47,70,4,png,2.0,4.5,9.0,6.5,2080,7.640603826393634,103.0,46.0,2.239130434782609,29987,-0.12889979485138692,-11.649247169494629,11.649247169494629,79.0,90.37444305419922,-13.480750274658202,-9.36295394897461,4.117796325683592,4.48350191116333,2.103740692138672,0.0022133691236376762,-0.0119918342679739,99.84925079345703
test,1-4-3-3_png.rf.beac5c34187a0d41ac8c71ed7de2a190.jpg,/mnt/tf_data/TechFin/home/group_6/Data/white_balance_copy_layers.v7i.coco-segmentation/test/1-4-3-3_png.rf.beac5c34187a0d41ac8c71ed7de2a190.jpg,48,71,8,png,1.4,3.3,4.619999999999999,4.699999999999999,418,6.037870919922137,50.0,32.0,1.5625,12795,-0.4461506932019605,-60.50623321533203,60.50623321533203,71.0,135.61837768554688,-69.61138916015625,-26.635958862304687,42.97543029785156,6.790794372558594,17.655879974365234,-0.007804086897522211,0.0058578141033649445,142.04425048828125
test,1-4-3-3_png.rf.beac5c34187a0d41ac8c71ed7de2a190.jpg,/mnt/tf_data/TechFin/home/group_6/Data/white_balance_copy_layers.v7i.coco-segmentation/test/1-4-3-3_png.rf.beac5c34187a0d41ac8c71ed7de2a190.jpg,48,72,7,png,1.4,3.3,4.619999999999999,4.699999999999999,2051,7.62657020629066,60.0,85.0,0.7058823529411765,43689,-0.39355255252964494,-58.25466537475586,58.25466537475586,84.0,148.0225830078125,-80.10018920898438,-14.4588623046875,65.64132690429688,36.22962951660156,25.002344131469727,0.2694011926651001,-0.020503336563706398,-93.30011749267578
test,1-4-3-3_png.rf.beac5c34187a0d41ac8c71ed7de2a190.jpg,/mnt/tf_data/TechFin/home/group_6/Data/white_balance_copy_layers.v7i.coco-segmentation/test/1-4-3-3_png.rf.beac5c34187a0d41ac8c71ed7de2a190.jpg,48,73,6,png,1.4,3.3,4.619999999999999,4.699999999999999,892,6.794586580876499,63.0,23.0,2.739130434782609,11448,-0.3233813785398203,-43.856082916259766,43.856082916259766,89.0,135.61721801757812,-50.605203247070314,-22.41071472167969,28.194488525390625,7.197999477386475,11.43083667755127,-0.0066949171014130116,0.011432751081883907,134.98733520507812
test,1-7-3-9_png.rf.f5359f3bd2e2d6e76a65d3645d6e71b2.jpg,/mnt/tf_data/TechFin/home/group_6/Data/white_balance_copy_layers.v7i.coco-segmentation/test/1-7-3-9_png.rf.f5359f3bd2e2d6e76a65d3645d6e71b2.jpg,49,74,4,png,1.7,3.9,6.63,5.6,3776,8.236685322712457,191.0,57.0,3.3508771929824563,93944,-0.2593828179847207,-32.01329803466797,32.01329803466797,90.0,123.4210433959961,-37.2851448059082,-21.184127807617188,16.101016998291016,25.59913444519043,6.888946533203125,-0.01211285125464201,-0.043709203600883484,188.55645751953125
test,1-7-3-6_png.rf.a971e5f4c0e867532e67d03255818042.jpg,/mnt/tf_data/TechFin/home/group_6/Data/white_balance_copy_layers.v7i.coco-segmentation/test/1-7-3-6_png.rf.a971e5f4c0e867532e67d03255818042.jpg,50,75,4,png,1.7,3.6,6.12,5.3,7965,8.982937763741589,170.0,99.0,1.7171717171717171,133172,-0.15957859075180317,-19.25206756591797,19.25206756591797,101.0,120.64317321777344,-20.855166625976562,-16.889158630371092,3.9660079956054695,16.866724014282227,2.2128610610961914,-0.0034150932915508747,-0.005531788803637028,131.57940673828125
test,1-7-3-6_png.rf.a971e5f4c0e867532e67d03255818042.jpg,/mnt/tf_data/TechFin/home/group_6/Data/white_balance_copy_layers.v7i.coco-segmentation/test/1-7-3-6_png.rf.a971e5f4c0e867532e67d03255818042.jpg,50,76,3,png,1.7,3.6,6.12,5.3,7697,8.948715833843691,168.0,86.0,1.9534883720930232,111689,-0.14017019050556512,-17.03108024597168,17.03108024597168,104.0,121.50286865234375,-19.064730834960937,-14.995042419433593,4.069688415527343,18.00651741027832,2.2150659561157227,-0.007714173290878534,-0.007662521675229073,141.36404418945312
test,1-7-3-6_png.rf.a971e5f4c0e867532e67d03255818042.jpg,/mnt/tf_data/TechFin/home/group_6/Data/white_balance_copy_layers.v7i.coco-segmentation/test/1-7-3-6_png.rf.a971e5f4c0e867532e67d03255818042.jpg,50,77,4,png,1.7,3.6,6.12,5.3,1998,7.6004023345004,102.0,43.0,2.372093023255814,26692,-0.1453397816940042,-17.44353485107422,17.44353485107422,102.0,120.01899719238281,-20.029997253417967,-14.000274658203125,6.029722595214842,4.454692840576172,3.8444554805755615,0.0022313513327389956,-0.012128281407058239,129.61912536621094
test,1-7-4-5-3-10_png.rf.b2d94d9130131c85cf4e201f44bb143d.jpg,/mnt/tf_data/TechFin/home/group_6/Data/white_balance_copy_layers.v7i.coco-segmentation/test/1-7-4-5-3-10_png.rf.b2d94d9130131c85cf4e201f44bb143d.jpg,51,78,3,3-10_png,1.7,4.5,7.6499999999999995,6.2,1065,6.97166860472579,39.0,41.0,0.9512195121951219,13222,-0.21336477359864345,-13.459112167358398,13.459112167358398,49.0,63.080291748046875,-14.139208221435547,-10.128529357910157,4.01067886352539,2.223693609237671,1.9581199884414673,0.00012059621076332405,-0.004712768830358982,65.42802429199219
test,1-7-4-2-6-10-6_png.rf.20304207a090bed4c4958d425a0861ce.jpg,/mnt/tf_data/TechFin/home/group_6/Data/white_balance_copy_layers.v7i.coco-segmentation/test/1-7-4-2-6-10-6_png.rf.20304207a090bed4c4958d425a0861ce.jpg,52,79,6,6-10-6_png,1.7,4.2,7.14,5.9,2000,7.601402334583733,43.0,129.0,0.3333333333333333,47631,-0.3425650630924309,-21.737022399902344,21.737022399902344,41.0,63.453704833984375,-25.364756393432618,-12.883688354492186,12.481068038940432,11.427169799804688,5.946008205413818,0.002220229245722294,-0.00779376458376646,66.04249572753906
test,2-3-3-6_png.rf.1e14a6b5894a5207cd4314e310089366.jpg,/mnt/tf_data/TechFin/home/group_6/Data/white_balance_copy_layers.v7i.coco-segmentation/test/2-3-3-6_png.rf.1e14a6b5894a5207cd4314e310089366.jpg,54,81,2,png,2.3,3.6,8.28,5.9,1009,6.917705609835305,35.0,65.0,0.5384615384615384,19351,-0.08720404054683337,-9.873932838439941,9.873932838439941,103.0,113.2279281616211,-14.140904235839844,-4.158708190917968,9.982196044921876,1.4163844585418701,3.686171054840088,0.0014715052675455809,0.0034573092125356197,108.24108123779297
test,1-7-3-9-3-10-2_png.rf.b03ff6a34f383348ed7eee086f2675a8.jpg,/mnt/tf_data/TechFin/home/group_6/Data/white_balance_copy_layers.v7i.coco-segmentation/test/1-7-3-9-3-10-2_png.rf.b03ff6a34f383348ed7eee086f2675a8.jpg,55,82,7,3-10-2_png,1.7,3.9,6.63,5.6,548,6.3080984415095305,41.0,25.0,1.64,8596,-0.5566084911930615,-35.556182861328125,35.556182861328125,26.0,63.88005828857422,-40.919866943359374,-18.95314178466797,21.966725158691403,4.684551239013672,8.883520126342773,0.0017911158502101898,0.009049742482602596,58.04611587524414
test,1-1-4-5-3-10_png.rf.f29eaacfea174c5ccc844d4aaaf557f1.jpg,/mnt/tf_data/TechFin/home/group_6/Data/white_balance_copy_layers.v7i.coco-segmentation/test/1-1-4-5-3-10_png.rf.f29eaacfea174c5ccc844d4aaaf557f1.jpg,56,83,3,3-10_png,1.1,4.5,4.95,5.6,1164,7.060476365999801,43.0,43.0,1.0,15362,-0.15014166566902112,-17.222900390625,17.222900390625,97.0,114.71099853515625,-19.719632720947267,-10.032718658447227,9.68691406250004,2.2231104373931885,4.17137336730957,0.00015705497935414314,-0.003599402494728565,116.45481872558594
test,1-4-3-3_png.rf.f62fc247642bd5175b4f347c2e64e73c.jpg,/mnt/tf_data/TechFin/home/group_6/Data/white_balance_copy_layers.v7i.coco-segmentation/test/1-4-3-3_png.rf.f62fc247642bd5175b4f347c2e64e73c.jpg,57,84,1,png,1.4,3.3,4.619999999999999,4.699999999999999,3044,8.021256180143997,170.0,61.0,2.7868852459016393,90040,-0.06650688459803338,-10.505085945129395,10.505085945129395,148.0,157.95486450195312,-17.865371704101562,-4.731222534179687,13.134149169921876,11.310090065002441,4.92629861831665,0.0011847541900351644,-0.011895548552274704,169.1684112548828
test,1-1-4-2-7-100-2_png.rf.e4c6b04eaeb490ecfa974de7b76688aa.jpg,/mnt/tf_data/TechFin/home/group_6/Data/white_balance_copy_layers.v7i.coco-segmentation/test/1-1-4-2-7-100-2_png.rf.e4c6b04eaeb490ecfa974de7b76688aa.jpg,58,85,7,7-100-2_png,1.1,4.2,4.620000000000001,5.300000000000001,49806,10.815910815383793,440.0,251.0,1.752988047808765,943389,-0.33235959346248767,-43.539451599121094,43.539451599121094,88.0,131.00103759765625,-46.28523254394531,-39.750946044921875,6.5342864990234375,6.723834037780762,5.818924427032471,-0.004491677042096853,-0.0032665792386978865,135.79933166503906
test,2-0-3-9_png.rf.da0f50dfb46375a492d195b84b596e7f.jpg,/mnt/tf_data/TechFin/home/group_6/Data/white_balance_copy_layers.v7i.coco-segmentation/test/2-0-3-9_png.rf.da0f50dfb46375a492d195b84b596e7f.jpg,59,86,4,png,2.0,3.9,7.8,5.9,8585,9.057888248784506,177.0,100.0,1.77,140927,-0.16064447156480757,-15.190495491027832,15.190495491027832,79.0,94.5597152709961,-16.96385040283203,-12.336596679687498,4.627253723144532,16.614072799682617,2.984956741333008,-0.004721264820545912,-0.00443357415497303,106.1197738647461
test,2-0-3-9_png.rf.da0f50dfb46375a492d195b84b596e7f.jpg,/mnt/tf_data/TechFin/home/group_6/Data/white_balance_copy_layers.v7i.coco-segmentation/test/2-0-3-9_png.rf.da0f50dfb46375a492d195b84b596e7f.jpg,59,87,3,png,2.0,3.9,7.8,5.9,6785,8.822616945344176,162.0,80.0,2.025,98162,-0.1602721026941228,-15.373272895812988,15.373272895812988,81.0,95.91983032226562,-17.16752471923828,-13.455447387695312,3.712077331542968,19.01347541809082,1.5483096837997437,-0.01276165060698986,-0.005542144179344177,120.9796371459961
test,2-0-3-9_png.rf.da0f50dfb46375a492d195b84b596e7f.jpg,/mnt/tf_data/TechFin/home/group_6/Data/white_balance_copy_layers.v7i.coco-segmentation/test/2-0-3-9_png.rf.da0f50dfb46375a492d195b84b596e7f.jpg,59,88,4,png,2.0,3.9,7.8,5.9,2079,7.640123172695364,105.0,44.0,2.3863636363636362,28501,-0.14493577519314188,-13.577838897705078,13.577838897705078,80.0,93.6817626953125,-15.746206665039063,-10.73358154296875,5.012625122070313,4.460938453674316,2.7070353031158447,0.0014689185190945864,-0.00876198336482048,100.83303833007812
test,0-8-3-6-3-10_png.rf.819a03ec4cb3c940283cc3e8350586d6.jpg,/mnt/tf_data/TechFin/home/group_6/Data/white_balance_copy_layers.v7i.coco-segmentation/test/0-8-3-6-3-10_png.rf.819a03ec4cb3c940283cc3e8350586d6.jpg,60,89,3,3-10_png,0.8,3.6,2.8800000000000003,4.4,1165,7.061334366910438,43.0,42.0,1.0238095238095237,14977,-0.10417070915625008,-15.998445510864258,15.998445510864258,137.0,153.57911682128906,-18.500094604492187,-9.60162353515624,8.898471069335947,2.529573440551758,3.4974167346954346,-0.004471770953387022,-0.010783636011183262,162.32473754882812
test,1-1-3-6-6-10-6_png.rf.b9665f87c8e81ca10fa2251099e2f297.jpg,/mnt/tf_data/TechFin/home/group_6/Data/white_balance_copy_layers.v7i.coco-segmentation/test/1-1-3-6-6-10-6_png.rf.b9665f87c8e81ca10fa2251099e2f297.jpg,61,90,6,6-10-6_png,1.1,3.6,3.9600000000000004,4.7,1874,7.536363938404511,40.0,127.0,0.31496062992125984,43591,-0.27081865409623274,-34.5261344909668,34.5261344909668,92.0,127.48802185058594,-39.43796920776367,-22.487969970703126,16.949999237060545,12.413456916809082,7.437702178955078,0.006013594567775726,-0.003279414726421237,125.03846740722656
test,1-4-3-6-2-10-3_png.rf.de4bfb174e6084ed184b1f55b0a12bb4.jpg,/mnt/tf_data/TechFin/home/group_6/Data/white_balance_copy_layers.v7i.coco-segmentation/test/1-4-3-6-2-10-3_png.rf.de4bfb174e6084ed184b1f55b0a12bb4.jpg,62,91,2,2-10-3_png,1.4,3.6,5.04,5.0,5725,8.65277248565806,112.0,88.0,1.2727272727272727,82753,-0.12097851329617099,-12.42567253112793,12.42567253112793,90.0,102.70974731445312,-13.794892883300781,-9.819203186035155,3.9756896972656257,11.822761535644531,2.1585402488708496,-0.0013372040120884776,-0.0046898964792490005,106.0396728515625
test,1-4-4-5-3-10-4_png.rf.7262e317b01c2b5fbd1540e1c7679d0a.jpg,/mnt/tf_data/TechFin/home/group_6/Data/white_balance_copy_layers.v7i.coco-segmentation/test/1-4-4-5-3-10-4_png.rf.7262e317b01c2b5fbd1540e1c7679d0a.jpg,64,93,3,3-10-4_png,1.4,4.5,6.3,5.9,725,6.587550014824796,24.0,55.0,0.43636363636363634,11061,-0.14002856744741532,-12.083303451538086,12.083303451538086,74.0,86.29170227050781,-17.267599487304686,-4.3228759765625,12.944723510742186,2.1359331607818604,5.097479343414307,0.004838143941015005,-0.004501317627727985,85.30172729492188
test,1-4-3-6_png.rf.3940e7721e4cba333d6ca80bbea2d1e1.jpg,/mnt/tf_data/TechFin/home/group_6/Data/white_balance_copy_layers.v7i.coco-segmentation/test/1-4-3-6_png.rf.3940e7721e4cba333d6ca80bbea2d1e1.jpg,65,94,7,png,1.4,3.6,5.04,5.0,2754,7.9211727215870145,108.0,46.0,2.347826086956522,41789,-0.4744447347405707,-53.866432189941406,53.866432189941406,57.0,113.53573608398438,-58.785150146484376,-28.105516815185542,30.679633331298835,15.932282447814941,13.90316390991211,0.006613256875425577,-0.045318957418203354,157.04637145996094
test,1-1-4-8_png.rf.3382e57e73ede7feb68874f7f32d7767.jpg,/mnt/tf_data/TechFin/home/group_6/Data/white_balance_copy_layers.v7i.coco-segmentation/test/1-1-4-8_png.rf.3382e57e73ede7feb68874f7f32d7767.jpg,67,96,7,png,1.1,4.8,5.28,5.9,2767,7.92588031673756,110.0,44.0,2.5,40624,-0.5587950481426694,-61.0501708984375,61.0501708984375,46.0,109.25324249267578,-66.7905258178711,-37.51591186523434,29.274613952636763,17.289409637451172,14.175086975097656,0.006342034786939621,-0.04014384001493454,147.44644165039062
test,1-7-3-9_png.rf.a8deca64617bbd06bf1e280235488398.jpg,/mnt/tf_data/TechFin/home/group_6/Data/white_balance_copy_layers.v7i.coco-segmentation/test/1-7-3-9_png.rf.a8deca64617bbd06bf1e280235488398.jpg,68,97,2,png,1.7,3.9,6.63,5.6,1028,6.9363427358340495,35.0,65.0,0.5384615384615384,19332,-0.13789994322114665,-17.050996780395508,17.050996780395508,105.0,123.64759826660156,-23.587892150878908,-6.512181091308594,17.075711059570313,1.2943110466003418,6.46073579788208,-0.0007018689648248255,0.005372986663132906,120.27967834472656
test,1-7-3-6-2-10-3_png.rf.575dbd5d080e4ea796d6fa89e6c10c76.jpg,/mnt/tf_data/TechFin/home/group_6/Data/white_balance_copy_layers.v7i.coco-segmentation/test/1-7-3-6-2-10-3_png.rf.575dbd5d080e4ea796d6fa89e6c10c76.jpg,69,98,2,2-10-3_png,1.7,3.6,6.12,5.3,5585,8.628018746505122,112.0,87.0,1.2873563218390804,81878,-0.13356471529860833,-10.012168884277344,10.012168884277344,65.0,74.961181640625,-11.025523376464843,-8.022035217285156,3.003488159179687,11.03565788269043,1.7191190719604492,-0.0005554927629418671,-0.002751850290223956,76.75064086914062
test,2-0-4-8_png.rf.7dbdd9c03678eb4e5e2e75016a45add3.jpg,/mnt/tf_data/TechFin/home/group_6/Data/white_balance_copy_layers.v7i.coco-segmentation/test/2-0-4-8_png.rf.7dbdd9c03678eb4e5e2e75016a45add3.jpg,71,100,4,png,2.0,4.8,9.6,6.8,8424,9.038958755220563,173.0,100.0,1.73,146988,-0.13363009025073302,-11.845614433288574,11.845614433288574,77.0,88.64481353759766,-13.81158676147461,-9.183473205566408,4.628113555908202,16.646839141845703,7.716965198516846,-0.00415469566360116,-0.005816683638840914,100.94615936279297
test,1-7-4-5_png.rf.419bbc1527da375e0fc4c5823d4b9d96.jpg,/mnt/tf_data/TechFin/home/group_6/Data/white_balance_copy_layers.v7i.coco-segmentation/test/1-7-4-5_png.rf.419bbc1527da375e0fc4c5823d4b9d96.jpg,72,101,7,png,1.7,4.5,7.6499999999999995,6.2,2605,7.8655717576847906,107.0,46.0,2.3260869565217392,41525,-0.5499646182045106,-53.10422134399414,53.10422134399414,43.0,96.55934143066406,-56.24459228515625,-45.19674072265625,11.0478515625,14.733452796936035,7.1224894523620605,0.00480969063937664,-0.04782691225409508,144.13221740722656
test,2-0-3-6_png.rf.ead0aeedb79d1375f0bd5cd220753868.jpg,/mnt/tf_data/TechFin/home/group_6/Data/white_balance_copy_layers.v7i.coco-segmentation/test/2-0-3-6_png.rf.ead0aeedb79d1375f0bd5cd220753868.jpg,73,102,2,png,2.0,3.6,7.2,5.6,992,6.900730664045173,35.0,63.0,0.5555555555555556,18740,-0.08360220185939402,-10.333399772644043,10.333399772644043,113.0,123.60200500488281,-13.735506439208985,-4.547128295898437,9.188378143310548,1.4166394472122192,3.7540946006774902,0.001734374207444489,0.004618891514837742,117.27971649169922
test,1-7-4-5-3-10-2_png.rf.77213dded5d4ac0848072428f72d5df9.jpg,/mnt/tf_data/TechFin/home/group_6/Data/white_balance_copy_layers.v7i.coco-segmentation/test/1-7-4-5-3-10-2_png.rf.77213dded5d4ac0848072428f72d5df9.jpg,74,103,7,3-10-2_png,1.7,4.5,7.6499999999999995,6.2,541,6.295266001439646,41.0,23.0,1.7826086956521738,7867,-0.5888080468841335,-36.35028076171875,36.35028076171875,23.0,61.73536682128906,-41.75148391723633,-19.656261444091797,22.09522247314453,4.694774627685547,9.044072151184082,0.003287244588136673,0.0014842998934909701,58.69309997558594
test,1-4-3-9_png.rf.0fdbff91ebd47b339231347992816d49.jpg,/mnt/tf_data/TechFin/home/group_6/Data/white_balance_copy_layers.v7i.coco-segmentation/test/1-4-3-9_png.rf.0fdbff91ebd47b339231347992816d49.jpg,77,108,2,png,1.4,3.9,5.46,5.3,940,6.846943139585379,32.0,64.0,0.5,17381,-0.10544690232535048,-12.963407516479492,12.963407516479492,109.0,122.93777465820312,-16.941304779052736,-5.93214111328125,11.009163665771485,1.1594913005828857,4.198252201080322,-0.0026975851505994797,0.002564882393926382,124.78642272949219
test,0-8-4-2-3-10_png.rf.49e84ea1ec5d1d77c8b5d6d7447e03ee.jpg,/mnt/tf_data/TechFin/home/group_6/Data/white_balance_copy_layers.v7i.coco-segmentation/test/0-8-4-2-3-10_png.rf.49e84ea1ec5d1d77c8b5d6d7447e03ee.jpg,80,110,3,3-10_png,0.8,4.2,3.3600000000000003,5.0,1072,6.9782137426306985,40.0,43.0,0.9302325581395349,14300,-0.15721479411707723,-21.79213523864746,21.79213523864746,116.0,138.61376953125,-24.67412872314453,-14.4940673828125,10.180061340332031,1.86707603931427,4.474423408508301,-0.0031261590775102377,-0.007924570702016354,144.93190002441406
test,1-7-4-8_png.rf.a7ac298bb8a066588fd12542145e0573.jpg,/mnt/tf_data/TechFin/home/group_6/Data/white_balance_copy_layers.v7i.coco-segmentation/test/1-7-4-8_png.rf.a7ac298bb8a066588fd12542145e0573.jpg,81,111,4,png,1.7,4.8,8.16,6.5,4009,8.296546520300614,191.0,58.0,3.293103448275862,95429,-0.3090095703219074,-32.69625473022461,32.69625473022461,71.0,105.80984497070312,-38.081843566894534,-19.277487182617186,18.804356384277348,25.551549911499023,8.034777641296387,-0.010383520275354385,-0.04162515699863434,165.9757843017578
test,1-1-4-8-6-10-6_png.rf.67090c6fd7aab44778a6c4f60aa4cf76.jpg,/mnt/tf_data/TechFin/home/group_6/Data/white_balance_copy_layers.v7i.coco-segmentation/test/1-1-4-8-6-10-6_png.rf.67090c6fd7aab44778a6c4f60aa4cf76.jpg,82,112,6,6-10-6_png,1.1,4.8,5.28,5.9,1823,7.508787170634276,39.0,126.0,0.30952380952380953,42110,-0.2751690535757892,-31.207414627075195,31.207414627075195,81.0,113.41178894042969,-34.84384307861328,-21.562998962402354,13.280844116210929,11.860830307006836,6.440650939941406,0.002388412831351161,-0.008050872012972832,116.0301284790039
test,1-1-3-9-7-100-2_png.rf.8c2f26e9c402c70e13ca341281e11187.jpg,/mnt/tf_data/TechFin/home/group_6/Data/white_balance_copy_layers.v7i.coco-segmentation/test/1-1-3-9-7-100-2_png.rf.8c2f26e9c402c70e13ca341281e11187.jpg,83,113,7,7-100-2_png,1.1,3.9,4.29,5.0,49850,10.816793835369323,439.0,249.0,1.7630522088353413,919724,-0.3245856740101182,-43.71666717529297,43.71666717529297,91.0,134.6845245361328,-48.03744659423828,-41.029310607910155,7.008135986328128,6.674656391143799,5.866865158081055,-0.0003160953347105533,-0.0047908141277730465,137.1774444580078
test,1-4-4-2-3-10-4_png.rf.06a95ae0cbf1268d1fbae002c8285626.jpg,/mnt/tf_data/TechFin/home/group_6/Data/white_balance_copy_layers.v7i.coco-segmentation/test/1-4-4-2-3-10-4_png.rf.06a95ae0cbf1268d1fbae002c8285626.jpg,84,114,3,3-10-4_png,1.4,4.2,5.88,5.6,629,6.4457198193855785,22.0,53.0,0.41509433962264153,9775,-0.13886857572295516,-12.194704055786133,12.194704055786133,75.0,87.81471252441406,-16.781552124023438,-5.866386413574219,10.91516571044922,1.2108943462371826,4.269543170928955,0.005589793436229229,-0.0035193099174648523,85.79069519042969
test,0-8-4-5-6-10-6_png.rf.94be8c2ed6d542cb9104859b3b07bee4.jpg,/mnt/tf_data/TechFin/home/group_6/Data/white_balance_copy_layers.v7i.coco-segmentation/test/0-8-4-5-6-10-6_png.rf.94be8c2ed6d542cb9104859b3b07bee4.jpg,85,115,6,6-10-6_png,0.8,4.5,3.6,5.3,2025,7.613818684808629,41.0,131.0,0.31297709923664124,46058,-0.2840516361311514,-38.80515670776367,38.80515670776367,96.0,136.613037109375,-45.500143432617186,-22.2013427734375,23.298800659179687,11.758698463439941,9.288775444030762,0.003247615648433566,-0.006871943827718496,138.03070068359375
test,1-7-3-6_png.rf.97f0091335ec0c2574b2b6d4ddea88f5.jpg,/mnt/tf_data/TechFin/home/group_6/Data/white_balance_copy_layers.v7i.coco-segmentation/test/1-7-3-6_png.rf.97f0091335ec0c2574b2b6d4ddea88f5.jpg,86,116,7,png,1.7,3.6,6.12,5.3,2392,7.780303087908373,105.0,38.0,2.763157894736842,33360,-0.5226188793989123,-52.54090881347656,52.54090881347656,47.0,100.53388977050781,-56.07181854248047,-38.69589309692381,17.37592544555666,15.769082069396973,9.302457809448242,0.0025672842748463154,-0.0753292590379715,178.98944091796875
test,1-7-4-8_png.rf.1b9e0ceeba136b14d74d2e0cf280c984.jpg,/mnt/tf_data/TechFin/home/group_6/Data/white_balance_copy_layers.v7i.coco-segmentation/test/1-7-4-8_png.rf.1b9e0ceeba136b14d74d2e0cf280c984.jpg,87,117,8,png,1.7,4.8,8.16,6.5,362,5.8944028342648505,46.0,29.0,1.5862068965517242,10480,-0.5337024844584358,-55.174381256103516,55.174381256103516,46.0,103.38040924072266,-61.44425964355469,-30.37037582397461,31.07388381958008,5.093972682952881,13.2108793258667,-0.005338998511433601,0.011745515279471874,100.09293365478516
test,1-7-4-8_png.rf.1b9e0ceeba136b14d74d2e0cf280c984.jpg,/mnt/tf_data/TechFin/home/group_6/Data/white_balance_copy_layers.v7i.coco-segmentation/test/1-7-4-8_png.rf.1b9e0ceeba136b14d74d2e0cf280c984.jpg,87,118,7,png,1.7,4.8,8.16,6.5,1996,7.599401333415815,61.0,89.0,0.6853932584269663,46700,-0.4506058959643807,-52.15138244628906,52.15138244628906,60.0,115.73612976074219,-69.63725280761719,-16.25977325439453,53.377479553222656,38.084999084472656,20.72161102294922,0.23776346445083618,-0.0237538143992424,-92.09020233154297
test,1-7-4-8_png.rf.1b9e0ceeba136b14d74d2e0cf280c984.jpg,/mnt/tf_data/TechFin/home/group_6/Data/white_balance_copy_layers.v7i.coco-segmentation/test/1-7-4-8_png.rf.1b9e0ceeba136b14d74d2e0cf280c984.jpg,87,119,6,png,1.7,4.8,8.16,6.5,851,6.747586526829315,61.0,25.0,2.44,12232,-0.39305033366618264,-40.625892639160156,40.625892639160156,60.0,103.36053466796875,-47.331573486328125,-18.48577880859375,28.845794677734375,7.63527774810791,11.646822929382324,-0.006042991299182177,0.01489973533898592,98.24878692626953
test,2-0-3-3_png.rf.bd0c62d31a1397b26f36380ab1479d01.jpg,/mnt/tf_data/TechFin/home/group_6/Data/white_balance_copy_layers.v7i.coco-segmentation/test/2-0-3-3_png.rf.bd0c62d31a1397b26f36380ab1479d01.jpg,88,120,8,png,2.0,3.3,6.6,5.3,400,5.993961427306569,45.0,33.0,1.3636363636363635,11934,-0.557210729914369,-57.011756896972656,57.011756896972656,44.0,102.31632995605469,-64.34481582641601,-40.25624084472654,24.08857498168947,4.7544989585876465,12.181665420532227,-0.005918164737522602,0.001739628380164504,109.87953186035156
test,2-0-3-3_png.rf.bd0c62d31a1397b26f36380ab1479d01.jpg,/mnt/tf_data/TechFin/home/group_6/Data/white_balance_copy_layers.v7i.coco-segmentation/test/2-0-3-3_png.rf.bd0c62d31a1397b26f36380ab1479d01.jpg,88,121,7,png,2.0,3.3,6.6,5.3,2108,7.653969180478774,63.0,88.0,0.7159090909090909,47611,-0.42991254064594187,-49.78349304199219,49.78349304199219,62.0,115.79911804199219,-67.66775207519531,-13.338369750976566,54.32938232421874,38.592288970947266,21.782121658325195,0.2590146064758301,-0.018674785271286964,-117.28299713134766
test,2-0-3-3_png.rf.bd0c62d31a1397b26f36380ab1479d01.jpg,/mnt/tf_data/TechFin/home/group_6/Data/white_balance_copy_layers.v7i.coco-segmentation/test/2-0-3-3_png.rf.bd0c62d31a1397b26f36380ab1479d01.jpg,88,122,6,png,2.0,3.3,6.6,5.3,803,6.6895992691789665,62.0,23.0,2.6956521739130435,11424,-0.43712891721698804,-44.71177291870117,44.71177291870117,56.0,102.28509521484375,-49.36412506103515,-31.37304382324218,17.991081237792972,7.672258377075195,7.68142032623291,-0.005137141793966293,0.0006273846956901252,109.84419250488281
test,1-4-4-5_png.rf.6b8acc5a4bec75e67473b5afd20560e3.jpg,/mnt/tf_data/TechFin/home/group_6/Data/white_balance_copy_layers.v7i.coco-segmentation/test/1-4-4-5_png.rf.6b8acc5a4bec75e67473b5afd20560e3.jpg,89,123,7,png,1.4,4.5,6.3,5.9,2720,7.908754738783246,106.0,43.0,2.4651162790697674,38138,-0.5345207380589762,-58.68083190917969,58.68083190917969,51.0,109.78214263916016,-62.395503234863284,-49.91790771484375,12.477595520019534,16.048749923706055,6.943325519561768,0.006459960248321295,-0.04129884019494057,149.23410034179688
test,1-4-3-6-3-100-2_png.rf.c8a98b81189790732dae2de66f472f96.jpg,/mnt/tf_data/TechFin/home/group_6/Data/white_balance_copy_layers.v7i.coco-segmentation/test/1-4-3-6-3-100-2_png.rf.c8a98b81189790732dae2de66f472f96.jpg,90,124,7,3-100-2_png,1.4,3.6,5.04,5.0,49975,10.819298169173406,436.0,247.0,1.7651821862348178,908851,-0.37350847212611776,-38.065147399902344,38.065147399902344,64.0,101.91240692138672,-41.072418212890625,-33.57880859375,7.493609619140628,5.601916790008545,5.037294387817383,0.00018622723291628063,-0.003323786659166217,103.38021087646484
test,1-7-3-3_png.rf.bd31fed5bf392c8ba2a6ce9263e99c6e.jpg,/mnt/tf_data/TechFin/home/group_6/Data/white_balance_copy_layers.v7i.coco-segmentation/test/1-7-3-3_png.rf.bd31fed5bf392c8ba2a6ce9263e99c6e.jpg,91,125,4,png,1.7,3.3,5.609999999999999,5.0,4109,8.32117830749028,192.0,59.0,3.2542372881355934,97577,-0.22925283021995077,-29.126543045043945,29.126543045043945,97.0,127.04987335205078,-35.01463317871094,-17.090667724609364,17.923965454101573,24.311635971069336,7.395191192626953,-0.010129657573997974,-0.032940905541181564,177.7262725830078
test,2-0-3-6_png.rf.e3222c84b47459c7d25798555cc0de76.jpg,/mnt/tf_data/TechFin/home/group_6/Data/white_balance_copy_layers.v7i.coco-segmentation/test/2-0-3-6_png.rf.e3222c84b47459c7d25798555cc0de76.jpg,92,126,8,png,2.0,3.6,7.2,5.6,2696,7.89989532313973,62.0,63.0,0.9841269841269841,32318,-0.4643194258541883,-52.41335678100586,52.41335678100586,59.0,112.88211059570312,-58.859519958496094,-30.97031021118164,27.889209747314453,7.000743389129639,12.031886100769043,0.0005904346471652389,0.002969911089166999,109.35382080078125
test,1-4-3-9-3-10-4_png.rf.ec9583dd36766a16a024bb7505ace910.jpg,/mnt/tf_data/TechFin/home/group_6/Data/white_balance_copy_layers.v7i.coco-segmentation/test/1-4-3-9-3-10-4_png.rf.ec9583dd36766a16a024bb7505ace910.jpg,93,127,3,3-10-4_png,1.4,3.9,5.46,5.3,621,6.432940092739179,22.0,53.0,0.41509433962264153,9783,-0.13086794388897927,-11.569345474243164,11.569345474243164,76.0,88.40473175048828,-16.35748291015625,-5.285285949707031,11.072196960449219,1.4721449613571167,4.38688325881958,0.0026365763042122126,-0.006489674560725689,89.98953247070312
test,1-1-4-2-3-10-4_png.rf.a04f2dcc0c64cc00794a1dfdd1e22c71.jpg,/mnt/tf_data/TechFin/home/group_6/Data/white_balance_copy_layers.v7i.coco-segmentation/test/1-1-4-2-3-10-4_png.rf.a04f2dcc0c64cc00794a1dfdd1e22c71.jpg,94,128,3,3-10-4_png,1.1,4.2,4.620000000000001,5.300000000000001,685,6.530877627725885,24.0,56.0,0.42857142857142855,11316,-0.11246969419838188,-13.787811279296875,13.787811279296875,108.0,122.59134674072266,-19.61909637451172,-5.76552734375,13.85356903076172,2.397718906402588,5.286533355712891,0.0034080224577337503,-0.005823280196636915,123.29944610595703
test,1-7-4-5_png.rf.ff6f183e47adb1e6c6a5911fc3f8bf8d.jpg,/mnt/tf_data/TechFin/home/group_6/Data/white_balance_copy_layers.v7i.coco-segmentation/test/1-7-4-5_png.rf.ff6f183e47adb1e6c6a5911fc3f8bf8d.jpg,97,133,1,png,1.7,4.5,7.6499999999999995,6.2,4454,8.40178233990491,121.0,52.0,2.326923076923077,51982,-0.022001246798452084,-2.388500452041626,2.388500452041626,106.0,108.56204986572266,-4.396754455566406,-0.4769294738769526,3.919824981689454,5.640028953552246,1.5866694450378418,0.006879644934087992,-0.007505400571972132,106.61482238769531
test,1-1-3-9_png.rf.65fc3619e672f52407c79d3e0b35fe41.jpg,/mnt/tf_data/TechFin/home/group_6/Data/white_balance_copy_layers.v7i.coco-segmentation/test/1-1-3-9_png.rf.65fc3619e672f52407c79d3e0b35fe41.jpg,98,134,8,png,1.1,3.9,4.29,5.0,387,5.961005339623274,47.0,35.0,1.3428571428571427,14321,-0.5217666182196795,-64.7972183227539,64.7972183227539,57.0,124.18812561035156,-73.15262756347656,-41.15448760986328,31.998139953613276,12.10390853881836,14.39069938659668,-0.0107722794637084,0.01324006449431181,127.94515228271484
test,1-1-3-9_png.rf.65fc3619e672f52407c79d3e0b35fe41.jpg,/mnt/tf_data/TechFin/home/group_6/Data/white_balance_copy_layers.v7i.coco-segmentation/test/1-1-3-9_png.rf.65fc3619e672f52407c79d3e0b35fe41.jpg,98,135,7,png,1.1,3.9,4.29,5.0,2008,7.605392364814934,67.0,85.0,0.788235294117647,49054,-0.4287786359303946,-59.42478942871094,59.42478942871094,74.0,138.59083557128906,-81.67409057617188,-8.50857849121094,73.16551208496094,36.54408264160156,28.14083480834961,0.2456721067428589,-0.01334646437317133,-86.2601089477539
test,2-0-3-6_png.rf.1addb9cea6cff6fa6609e7c7e202b7cb.jpg,/mnt/tf_data/TechFin/home/group_6/Data/white_balance_copy_layers.v7i.coco-segmentation/test/2-0-3-6_png.rf.1addb9cea6cff6fa6609e7c7e202b7cb.jpg,99,136,1,png,2.0,3.6,7.2,5.6,4806,8.47782846789396,123.0,53.0,2.3207547169811322,53674,-0.04215373052639544,-4.267219066619873,4.267219066619873,97.0,101.22992706298828,-6.956577301025391,-1.4925765991210938,5.464000701904297,5.418685436248779,2.0544872283935547,0.005393735133111477,-0.00605046795681119,99.86998748779297
test,0-8-4-5-7-100-2_png.rf.67ec57680fc04c9d2b28ebef1f15a5a6.jpg,/mnt/tf_data/TechFin/home/group_6/Data/white_balance_copy_layers.v7i.coco-segmentation/test/0-8-4-5-7-100-2_png.rf.67ec57680fc04c9d2b28ebef1f15a5a6.jpg,102,139,7,7-100-2_png,0.8,4.5,3.6,5.3,49562,10.810999866598701,437.0,249.0,1.7550200803212852,919277,-0.2699809475863326,-42.71498107910156,42.71498107910156,116.0,158.2147979736328,-46.688525390625,-40.25307769775391,6.435447692871094,6.931097507476807,6.812796592712402,-0.0003565974475350231,-0.0058235726319253445,161.17617797851562
test,1-4-4-5-3-100-2_png.rf.18952e4252b041f834721ec5e5b516ec.jpg,/mnt/tf_data/TechFin/home/group_6/Data/white_balance_copy_layers.v7i.coco-segmentation/test/1-4-4-5-3-100-2_png.rf.18952e4252b041f834721ec5e5b516ec.jpg,103,140,7,3-100-2_png,1.4,4.5,6.3,5.9,49530,10.810354015162442,436.0,246.0,1.7723577235772359,905420,-0.3471828022220599,-33.358177185058594,33.358177185058594,63.0,96.08245849609375,-36.30574493408203,-27.858320617675787,8.447424316406241,5.295152187347412,4.707746982574463,-0.00014173232193570584,-0.003304580692201853,97.73658752441406
test,1-7-4-2-2-10-3_png.rf.61678f0602084ce8ab8564eff4254ea3.jpg,/mnt/tf_data/TechFin/home/group_6/Data/white_balance_copy_layers.v7i.coco-segmentation/test/1-7-4-2-2-10-3_png.rf.61678f0602084ce8ab8564eff4254ea3.jpg,104,141,2,2-10-3_png,1.7,4.2,7.14,5.9,5573,8.625868208041894,111.0,86.0,1.2906976744186047,80111,-0.10737748699749035,-7.502654552459717,7.502654552459717,62.0,69.87176513671875,-7.967047119140625,-5.975837707519531,1.991209411621094,11.02681827545166,1.397552728652954,-0.0008169503998942673,-0.0034411621745675802,72.19798278808594
test,2-0-3-9_png.rf.83eb47651c26619c9d5bf6233110c192.jpg,/mnt/tf_data/TechFin/home/group_6/Data/white_balance_copy_layers.v7i.coco-segmentation/test/2-0-3-9_png.rf.83eb47651c26619c9d5bf6233110c192.jpg,105,142,1,png,2.0,3.9,7.8,5.9,4669,8.448914350662942,123.0,52.0,2.3653846153846154,52697,-0.03807173783353298,-3.7582778930664062,3.7582778930664062,95.0,98.71569061279297,-5.755035400390625,-1.2129135131835938,4.542121887207031,5.508934020996094,1.9079426527023315,0.005708153359591961,-0.008272326551377773,99.1708984375
test,1-1-3-9_png.rf.ba2a699b89086f9d585afc51eaefdb20.jpg,/mnt/tf_data/TechFin/home/group_6/Data/white_balance_copy_layers.v7i.coco-segmentation/test/1-1-3-9_png.rf.ba2a699b89086f9d585afc51eaefdb20.jpg,106,143,4,png,1.1,3.9,4.29,5.0,3880,8.263848131368906,192.0,59.0,3.2542372881355934,97806,-0.18488051169151795,-27.611600875854492,27.611600875854492,121.0,149.34835815429688,-31.46918182373047,-20.06232604980469,11.40685577392578,21.148075103759766,5.110226631164551,-0.011215407401323318,-0.03081353008747101,199.5854034423828
test,1-1-4-2-3-10_png.rf.111fe89f04bb18925d48de896cae2a5a.jpg,/mnt/tf_data/TechFin/home/group_6/Data/white_balance_copy_layers.v7i.coco-segmentation/test/1-1-4-2-3-10_png.rf.111fe89f04bb18925d48de896cae2a5a.jpg,107,144,3,3-10_png,1.1,4.2,4.620000000000001,5.300000000000001,1155,7.052721049232323,39.0,44.0,0.8863636363636364,14183,-0.14721491315307428,-17.90046501159668,17.90046501159668,103.0,121.59410095214844,-20.568460083007814,-10.678335571289061,9.890124511718753,2.661198139190674,4.004652976989746,0.0003553000860847533,-0.007126197684556246,125.01718139648438
test,1-1-3-9_png.rf.b560a204fe63a1e979257d0cd80d8575.jpg,/mnt/tf_data/TechFin/home/group_6/Data/white_balance_copy_layers.v7i.coco-segmentation/test/1-1-3-9_png.rf.b560a204fe63a1e979257d0cd80d8575.jpg,108,145,7,png,1.1,3.9,4.29,5.0,2884,7.9672801789422,111.0,42.0,2.642857142857143,38906,-0.5181162703471539,-60.504791259765625,60.504791259765625,54.0,116.77840423583984,-65.53371353149414,-40.27204895019531,25.26166458129883,16.9210205078125,12.245884895324707,0.00510632898658514,-0.03635074198246002,151.8828582763672
test,1-4-4-2-3-10-2_png.rf.adb8c3e1e2705526a23d4280f845ef48.jpg,/mnt/tf_data/TechFin/home/group_6/Data/white_balance_copy_layers.v7i.coco-segmentation/test/1-4-4-2-3-10-2_png.rf.adb8c3e1e2705526a23d4280f845ef48.jpg,109,146,7,3-10-2_png,1.4,4.2,5.88,5.6,510,6.236369590203704,41.0,23.0,1.7826086956521738,7898,-0.5238865538124241,-45.4378776550293,45.4378776550293,39.0,86.73228454589844,-51.71235580444336,-28.71630401611328,22.99605178833008,5.146346092224121,9.175046920776367,0.002862651599571109,-0.0030113300308585167,86.26354217529297
test,1-1-4-2_png.rf.192a8910caa9681319fc4b8f3b54a568.jpg,/mnt/tf_data/TechFin/home/group_6/Data/white_balance_copy_layers.v7i.coco-segmentation/test/1-1-4-2_png.rf.192a8910caa9681319fc4b8f3b54a568.jpg,110,147,1,png,1.1,4.2,4.620000000000001,5.300000000000001,3035,8.01829613851552,170.0,61.0,2.7868852459016393,90049,-0.0718059596985699,-9.866896629333496,9.866896629333496,128.0,137.41055297851562,-16.010321044921874,-3.4217071533203125,12.588613891601561,11.265243530273438,4.5982890129089355,-0.0005307579995132983,-0.014541500248014927,153.87510681152344
test,1-4-4-5-3-10-2_png.rf.a0997589de93611de49c594aaea35312.jpg,/mnt/tf_data/TechFin/home/group_6/Data/white_balance_copy_layers.v7i.coco-segmentation/test/1-4-4-5-3-10-2_png.rf.a0997589de93611de49c594aaea35312.jpg,111,148,7,3-10-2_png,1.4,4.5,6.3,5.9,516,6.248042874508429,41.0,23.0,1.7826086956521738,7892,-0.5168027781232636,-44.065330505371094,44.065330505371094,38.5,85.26527404785156,-50.27600860595703,-21.771617889404297,28.504390716552734,4.565609931945801,11.496081352233887,0.005367729347199202,-0.007562999147921801,85.34608459472656
test,0-8-3-9_png.rf.cd6bb7eae84a5517926604263156be3c.jpg,/mnt/tf_data/TechFin/home/group_6/Data/white_balance_copy_layers.v7i.coco-segmentation/test/0-8-3-9_png.rf.cd6bb7eae84a5517926604263156be3c.jpg,113,150,8,png,0.8,3.9,3.12,4.7,359,5.886104031450156,44.0,31.0,1.4193548387096775,10840,-0.4779330359631196,-70.39015197753906,70.39015197753906,75.0,147.28036499023438,-79.31050415039063,-53.405941772460935,25.904562377929693,3.076725482940674,11.284573554992676,-0.005496967118233442,-0.001990538090467453,157.88768005371094
test,0-8-3-9_png.rf.cd6bb7eae84a5517926604263156be3c.jpg,/mnt/tf_data/TechFin/home/group_6/Data/white_balance_copy_layers.v7i.coco-segmentation/test/0-8-3-9_png.rf.cd6bb7eae84a5517926604263156be3c.jpg,113,151,7,png,0.8,3.9,3.12,4.7,1605,7.381501894506707,63.0,86.0,0.7325581395348837,46993,-0.381851480859032,-60.11678695678711,60.11678695678711,95.0,157.43499755859375,-76.53445129394531,-32.097897338867185,44.436553955078125,32.510746002197266,16.277299880981445,0.22393299639225006,-0.00288141961209476,-57.05995178222656
test,0-8-3-9_png.rf.cd6bb7eae84a5517926604263156be3c.jpg,/mnt/tf_data/TechFin/home/group_6/Data/white_balance_copy_layers.v7i.coco-segmentation/test/0-8-3-9_png.rf.cd6bb7eae84a5517926604263156be3c.jpg,113,152,6,png,0.8,3.9,3.12,4.7,881,6.782192056006791,70.0,22.0,3.1818181818181817,12475,-0.3250453744329752,-47.80048751831055,47.80048751831055,97.0,147.05789184570312,-56.17950439453125,-27.940155029296875,28.239349365234375,5.184293270111084,13.085517883300781,-0.004399909172207117,0.0014085490256547928,152.67196655273438
test,2-0-3-9_png.rf.c07df04842790ca2d5435980b66deee2.jpg,/mnt/tf_data/TechFin/home/group_6/Data/white_balance_copy_layers.v7i.coco-segmentation/test/2-0-3-9_png.rf.c07df04842790ca2d5435980b66deee2.jpg,114,153,2,png,2.0,3.9,7.8,5.9,989,6.897704943128636,35.0,64.0,0.546875,19057,-0.08908429308627516,-10.184234619140625,10.184234619140625,104.0,114.32132720947266,-14.358067321777344,-3.3567245483398427,11.001342773437502,1.3078722953796387,4.150501728057861,0.0006793126231059432,0.003313634777441621,110.60903930664062
test,1-1-3-6-3-10_png.rf.848e32cc2e5fd19df1d6054fe106449e.jpg,/mnt/tf_data/TechFin/home/group_6/Data/white_balance_copy_layers.v7i.coco-segmentation/test/1-1-3-6-3-10_png.rf.848e32cc2e5fd19df1d6054fe106449e.jpg,115,154,3,3-10_png,1.1,3.6,3.9600000000000004,4.7,1112,7.014814351275545,42.0,42.0,1.0,14661,-0.15065312832869182,-19.12306022644043,19.12306022644043,107.0,126.93437194824219,-21.952884674072266,-13.069149780273438,8.883734893798827,2.4660351276397705,3.5557656288146973,-0.0023637774866074324,-0.0085813719779253,133.0403289794922
test,1-1-3-6_png.rf.56c42c2476f5394dcfba7dfa00a635f6.jpg,/mnt/tf_data/TechFin/home/group_6/Data/white_balance_copy_layers.v7i.coco-segmentation/test/1-1-3-6_png.rf.56c42c2476f5394dcfba7dfa00a635f6.jpg,116,155,4,png,1.1,3.6,3.9600000000000004,4.7,4051,8.306965865368573,191.0,59.0,3.23728813559322,97105,-0.18974220997359956,-30.25251579284668,30.25251579284668,128.0,159.44009399414062,-34.548858642578125,-20.83038330078125,13.718475341796875,19.85073471069336,5.879350662231445,-0.010106470435857773,-0.02839057706296444,205.3613739013672
test,0-8-4-8-6-10-6_png.rf.a9953b6d2f5a9f83fb96f71bf63c7f9d.jpg,/mnt/tf_data/TechFin/home/group_6/Data/white_balance_copy_layers.v7i.coco-segmentation/test/0-8-4-8-6-10-6_png.rf.a9953b6d2f5a9f83fb96f71bf63c7f9d.jpg,117,156,6,6-10-6_png,0.8,4.8,3.84,5.6,1795,7.493317248862145,37.0,125.0,0.296,39583,-0.3115842559948283,-40.47917175292969,40.47917175292969,88.0,129.91404724121094,-44.88874206542969,-29.34010314941405,15.54863891601564,11.652578353881836,6.995118618011475,0.0012348359450697899,-0.007713792379945517,133.1672821044922
test,1-1-3-6-3-10-4_png.rf.bd882e9887c3e86988688070473d8f55.jpg,/mnt/tf_data/TechFin/home/group_6/Data/white_balance_copy_layers.v7i.coco-segmentation/test/1-1-3-6-3-10-4_png.rf.bd882e9887c3e86988688070473d8f55.jpg,118,157,3,3-10-4_png,1.1,3.6,3.9600000000000004,4.7,625,6.439350371100098,21.0,54.0,0.3888888888888889,9491,-0.1182759682127428,-14.808613777160645,14.808613777160645,110.0,125.20391082763672,-20.25101318359375,-6.406462097167968,13.844551086425781,1.7941075563430786,5.365572929382324,0.008772249333560467,-0.007708600722253323,123.18052673339844
test,1-1-3-6-7-100-2_png.rf.d6ce7035a0dd6e384f58d0e58bf40942.jpg,/mnt/tf_data/TechFin/home/group_6/Data/white_balance_copy_layers.v7i.coco-segmentation/test/1-1-3-6-7-100-2_png.rf.d6ce7035a0dd6e384f58d0e58bf40942.jpg,121,160,7,7-100-2_png,1.1,3.6,3.9600000000000004,4.7,49551,10.810777902212983,435.0,248.0,1.7540322580645162,910188,-0.3031593713641323,-40.581783294677734,40.581783294677734,93.0,133.8628692626953,-43.65948486328125,-36.469268798828125,7.190216064453125,6.123834133148193,5.535637855529785,-0.00011934497888432816,-0.005415674764662981,136.52880859375
test,1-1-3-9-6-10-6_png.rf.a6d86d0be239e9a254f67bd788881162.jpg,/mnt/tf_data/TechFin/home/group_6/Data/white_balance_copy_layers.v7i.coco-segmentation/test/1-1-3-9-6-10-6_png.rf.a6d86d0be239e9a254f67bd788881162.jpg,122,161,6,6-10-6_png,1.1,3.9,4.29,5.0,1763,7.475339236566737,41.0,131.0,0.31297709923664124,46285,-0.2772223354368082,-34.69602966308594,34.69602966308594,89.0,125.15596771240234,-39.138006591796874,-22.651939392089854,16.48606719970702,12.638593673706055,7.013876438140869,0.006211640778928995,-0.005366408731788397,123.6878890991211
test,1-7-4-5-2-10-3_png.rf.7a0ebe9415369aa453fb93e9eb105038.jpg,/mnt/tf_data/TechFin/home/group_6/Data/white_balance_copy_layers.v7i.coco-segmentation/test/1-7-4-5-2-10-3_png.rf.7a0ebe9415369aa453fb93e9eb105038.jpg,123,162,2,2-10-3_png,1.7,4.5,7.6499999999999995,6.2,5706,8.649448770536708,112.0,87.0,1.2873563218390804,81768,-0.12117938191046458,-8.381208419799805,8.381208419799805,61.0,69.16365051269531,-9.227581024169922,-6.179412841796875,3.048168182373047,11.20444393157959,1.7537935972213745,-0.00022289487242233008,-0.0034461375325918198,71.06504821777344
test,1-4-4-8-6-10-6_png.rf.4c6d6e5257ddef4e0c3174bbe588323e.jpg,/mnt/tf_data/TechFin/home/group_6/Data/white_balance_copy_layers.v7i.coco-segmentation/test/1-4-4-8-6-10-6_png.rf.4c6d6e5257ddef4e0c3174bbe588323e.jpg,124,163,6,6-10-6_png,1.4,4.8,6.72,6.199999999999999,1921,7.561121589530238,41.0,130.0,0.3153846153846154,45774,-0.3238376203641467,-27.63080406188965,27.63080406188965,56.0,85.3230209350586,-31.494094848632812,-17.23626708984375,14.257827758789062,12.050463676452637,6.279463768005371,0.004760489333420992,-0.007823023945093155,86.14979553222656
test,1-4-4-2-6-10-6_png.rf.8e1930e7915e9093b9cb16e71d2dfb80.jpg,/mnt/tf_data/TechFin/home/group_6/Data/white_balance_copy_layers.v7i.coco-segmentation/test/1-4-4-2-6-10-6_png.rf.8e1930e7915e9093b9cb16e71d2dfb80.jpg,125,164,6,6-10-6_png,1.4,4.2,5.88,5.6,1834,7.51479976048867,42.0,131.0,0.32061068702290074,47361,-0.3183141026815199,-28.107685089111328,28.107685089111328,59.0,88.30172729492188,-31.737171936035157,-17.693402862548826,14.043769073486331,12.290477752685547,7.369822025299072,0.0054959626868367195,-0.007268541492521763,88.3121109008789
test,1-4-3-9_png.rf.cfbfe0d3f5057474e6664676209130ef.jpg,/mnt/tf_data/TechFin/home/group_6/Data/white_balance_copy_layers.v7i.coco-segmentation/test/1-4-3-9_png.rf.cfbfe0d3f5057474e6664676209130ef.jpg,127,166,1,png,1.4,3.9,5.46,5.3,2977,7.999007213243955,170.0,60.0,2.8333333333333335,88578,-0.07474069094939148,-10.293510437011719,10.293510437011719,129.0,137.7229766845703,-17.7798828125,-3.7739562988281237,14.005926513671875,11.279120445251465,5.337002277374268,0.0013098805211484432,-0.011819517239928246,148.68946838378906
test,1-1-3-9-7-10-2_png.rf.7f4acc18aa95aa50852a148ea262149e.jpg,/mnt/tf_data/TechFin/home/group_6/Data/white_balance_copy_layers.v7i.coco-segmentation/test/1-1-3-9-7-10-2_png.rf.7f4acc18aa95aa50852a148ea262149e.jpg,129,168,7,7-10-2_png,1.1,3.9,4.29,5.0,544,6.300785794663244,42.0,24.0,1.75,8447,-0.43414080937013444,-53.59219741821289,53.59219741821289,66.0,123.44427490234375,-61.43820724487305,-29.4063720703125,32.03183517456055,5.419398784637451,13.537729263305664,0.008089466951787472,0.006399964913725853,114.56197357177734
test,2-0-3-6_png.rf.c84589adbae5520676e4cb00335c57e2.jpg,/mnt/tf_data/TechFin/home/group_6/Data/white_balance_copy_layers.v7i.coco-segmentation/test/2-0-3-6_png.rf.c84589adbae5520676e4cb00335c57e2.jpg,131,170,4,png,2.0,3.6,7.2,5.6,4138,8.328209491748732,192.0,59.0,3.2542372881355934,97548,-0.20804674014325822,-21.02057456970215,21.02057456970215,80.0,101.03775024414062,-26.563235473632812,-13.352625274658195,13.210610198974617,25.89968490600586,5.639443397521973,-0.009602637030184269,-0.03365311026573181,151.69540405273438
test,1-4-3-9_png.rf.ab2810c9dd8174c0cdd85c072d43880c.jpg,/mnt/tf_data/TechFin/home/group_6/Data/white_balance_copy_layers.v7i.coco-segmentation/test/1-4-3-9_png.rf.ab2810c9dd8174c0cdd85c072d43880c.jpg,132,171,7,png,1.4,3.9,5.46,5.3,2390,7.779466967458324,110.0,40.0,2.75,37045,-0.5020870130370784,-56.44026184082031,56.44026184082031,55.0,112.41131591796875,-59.68169021606445,-46.70516204833986,12.976528167724595,16.28755760192871,7.582478046417236,0.00752758514136076,-0.05064544081687927,161.0102996826172
test,1-8-4-2-1_png.rf.ad6928ee12f7480a466a822307d933c8.jpg,/mnt/tf_data/TechFin/home/group_6/Data/white_balance_copy_layers.v7i.coco-segmentation/test/1-8-4-2-1_png.rf.ad6928ee12f7480a466a822307d933c8.jpg,133,172,1,1_png,1.8,4.2,7.5600000000000005,6.0,4938,8.504918160540624,124.0,54.0,2.2962962962962963,55133,-0.03046246673335296,-3.379875898361206,3.379875898361206,108.0,110.95214080810547,-5.66480712890625,-1.2334358215332029,4.4313713073730465,5.71066951751709,1.7319200038909912,0.0055204275995492935,-0.007265329826623201,110.64869689941406
test,1-1-4-5-2-10-3_png.rf.9db80844bc33bb67041eb18a63d6b8e9.jpg,/mnt/tf_data/TechFin/home/group_6/Data/white_balance_copy_layers.v7i.coco-segmentation/test/1-1-4-5-2-10-3_png.rf.9db80844bc33bb67041eb18a63d6b8e9.jpg,134,173,2,2-10-3_png,1.1,4.5,4.95,5.6,5682,8.645234541297121,111.0,87.0,1.2758620689655173,81007,-0.08105652015255885,-10.330836296081543,10.330836296081543,117.0,127.45225524902344,-11.536829376220703,-7.591923522949219,3.944905853271485,11.648517608642578,2.3319356441497803,0.0005703883362002671,-0.004575731698423624,129.36549377441406
test,1-4-4-5-6-10-6_png.rf.e42d961d8ada7d8a4badb8588d4beb48.jpg,/mnt/tf_data/TechFin/home/group_6/Data/white_balance_copy_layers.v7i.coco-segmentation/test/1-4-4-5-6-10-6_png.rf.e42d961d8ada7d8a4badb8588d4beb48.jpg,135,174,6,6-10-6_png,1.4,4.5,6.3,5.9,1739,7.461640392208575,36.0,128.0,0.28125,39487,-0.3053326864390622,-37.460601806640625,37.460601806640625,84.0,122.68782043457031,-41.72944030761719,-26.258686828613282,15.470753479003907,12.504459381103516,6.6727681159973145,0.004741405136883259,-0.00794351939111948,123.60901641845703
test,0-8-4-5-2-10-3_png.rf.31a845318a46854e77e55e2b50199498.jpg,/mnt/tf_data/TechFin/home/group_6/Data/white_balance_copy_layers.v7i.coco-segmentation/test/0-8-4-5-2-10-3_png.rf.31a845318a46854e77e55e2b50199498.jpg,137,178,2,2-10-3_png,0.8,4.5,3.6,5.3,5781,8.662504922576291,112.0,89.0,1.2584269662921348,83708,-0.0855486347110314,-12.363861083984375,12.363861083984375,132.0,144.52435302734375,-14.397125244140625,-9.532760620117188,4.8643646240234375,10.95494270324707,2.5723536014556885,-0.0007088669808581471,-0.004290649201720953,147.20144653320312
test,2-0-4-8_png.rf.ce4bd9d29f325ee14164e4f8e0a18a3e.jpg,/mnt/tf_data/TechFin/home/group_6/Data/white_balance_copy_layers.v7i.coco-segmentation/test/2-0-4-8_png.rf.ce4bd9d29f325ee14164e4f8e0a18a3e.jpg,138,179,1,png,2.0,4.8,9.6,6.8,3126,8.047829357457841,171.0,60.0,2.85,88968,-0.08416075065582142,-7.673711776733398,7.673711776733398,84.0,91.1792221069336,-12.3045654296875,-2.2302474975585938,10.074317932128906,12.971938133239746,3.7536675930023193,0.0002675199066288769,-0.014221609570086002,106.19004821777344
