nohup: ignoring input
Command Line Args: Namespace(config_file='configs/M2F/base_config_old.yaml', resume=False, num_gpus=1, num_machines=1, machine_rank=0, pretraining_augmentations=False, train_image_root='/mnt/data/mis2025/group_6/Data/graphene.v5-remove-small-falkes-and-blur-pictures.coco/train', train_annotation_path='/mnt/data/mis2025/group_6/Data/graphene.v5-remove-small-falkes-and-blur-pictures.coco/train/_annotations_rle_1class.coco.json', train_mode='normal', diffusion_train_image_root=None, diffusion_train_annotation_path=None, dist_url='auto', opts=['OUTPUT_DIR', '/mnt/data/mis2025/group_6/Parameter/trained_para/graphene_mid_finetune_penalize_small_flakes', 'MODEL.WEIGHTS', '/mnt/data/mis2025/group_6/Parameter/pre_train_para/graphene_mid/model_final.pth'])
[03/19 14:44:09 detectron2]: Rank of current process: 0. World size: 1
[03/19 14:44:10 detectron2]: Environment info:
-------------------------------  ----------------------------------------------------------------------------------------------------------
sys.platform                     linux
Python                           3.12.12 | packaged by Anaconda, Inc. | (main, Oct 21 2025, 20:16:04) [GCC 11.2.0]
numpy                            2.1.2
detectron2                       0.6 @/mnt/data/mis2025/group_6/anaconda3/envs/maskterial/lib/python3.12/site-packages/detectron2
Compiler                         GCC 9.4
CUDA compiler                    CUDA 11.6
detectron2 arch flags            8.6
DETECTRON2_ENV_MODULE            <not set>
PyTorch                          2.5.1+cu118 @/mnt/data/mis2025/group_6/anaconda3/envs/maskterial/lib/python3.12/site-packages/torch
PyTorch debug build              False
torch._C._GLIBCXX_USE_CXX11_ABI  False
GPU available                    Yes
GPU 0                            NVIDIA GeForce RTX 3090 (arch=8.6)
Driver version                   555.42.02
CUDA_HOME                        /usr/local/cuda-11.6
Pillow                           11.3.0
torchvision                      0.20.1+cu118 @/mnt/data/mis2025/group_6/anaconda3/envs/maskterial/lib/python3.12/site-packages/torchvision
torchvision arch flags           3.5, 5.0, 6.0, 7.0, 7.5, 8.0, 8.6
fvcore                           0.1.5.post20221221
iopath                           0.1.9
cv2                              4.10.0
-------------------------------  ----------------------------------------------------------------------------------------------------------
PyTorch built with:
  - GCC 9.3
  - C++ Version: 201703
  - Intel(R) oneAPI Math Kernel Library Version 2024.2-Product Build 20240605 for Intel(R) 64 architecture applications
  - Intel(R) MKL-DNN v3.5.3 (Git Hash 66f0cb9eb66affd2da3bf5f8d897376f04aae6af)
  - OpenMP 201511 (a.k.a. OpenMP 4.5)
  - LAPACK is enabled (usually provided by MKL)
  - NNPACK is enabled
  - CPU capability usage: AVX2
  - CUDA Runtime 11.8
  - NVCC architecture flags: -gencode;arch=compute_50,code=sm_50;-gencode;arch=compute_60,code=sm_60;-gencode;arch=compute_70,code=sm_70;-gencode;arch=compute_75,code=sm_75;-gencode;arch=compute_80,code=sm_80;-gencode;arch=compute_86,code=sm_86;-gencode;arch=compute_37,code=sm_37;-gencode;arch=compute_90,code=sm_90
  - CuDNN 90.1
  - Magma 2.6.1
  - Build settings: BLAS_INFO=mkl, BUILD_TYPE=Release, CUDA_VERSION=11.8, CUDNN_VERSION=9.1.0, CXX_COMPILER=/opt/rh/devtoolset-9/root/usr/bin/c++, CXX_FLAGS= -D_GLIBCXX_USE_CXX11_ABI=0 -fabi-version=11 -fvisibility-inlines-hidden -DUSE_PTHREADPOOL -DNDEBUG -DUSE_KINETO -DLIBKINETO_NOROCTRACER -DLIBKINETO_NOXPUPTI=ON -DUSE_FBGEMM -DUSE_PYTORCH_QNNPACK -DUSE_XNNPACK -DSYMBOLICATE_MOBILE_DEBUG_HANDLE -O2 -fPIC -Wall -Wextra -Werror=return-type -Werror=non-virtual-dtor -Werror=bool-operation -Wnarrowing -Wno-missing-field-initializers -Wno-type-limits -Wno-array-bounds -Wno-unknown-pragmas -Wno-unused-parameter -Wno-strict-overflow -Wno-strict-aliasing -Wno-stringop-overflow -Wsuggest-override -Wno-psabi -Wno-error=old-style-cast -Wno-missing-braces -fdiagnostics-color=always -faligned-new -Wno-unused-but-set-variable -Wno-maybe-uninitialized -fno-math-errno -fno-trapping-math -Werror=format -Wno-stringop-overflow, LAPACK_INFO=mkl, PERF_WITH_AVX=1, PERF_WITH_AVX2=1, TORCH_VERSION=2.5.1, USE_CUDA=ON, USE_CUDNN=ON, USE_CUSPARSELT=1, USE_EXCEPTION_PTR=1, USE_GFLAGS=OFF, USE_GLOG=OFF, USE_GLOO=ON, USE_MKL=ON, USE_MKLDNN=ON, USE_MPI=OFF, USE_NCCL=1, USE_NNPACK=ON, USE_OPENMP=ON, USE_ROCM=OFF, USE_ROCM_KERNEL_ASSERT=OFF, 

[03/19 14:44:10 detectron2]: Command line arguments: Namespace(config_file='configs/M2F/base_config_old.yaml', resume=False, num_gpus=1, num_machines=1, machine_rank=0, pretraining_augmentations=False, train_image_root='/mnt/data/mis2025/group_6/Data/graphene.v5-remove-small-falkes-and-blur-pictures.coco/train', train_annotation_path='/mnt/data/mis2025/group_6/Data/graphene.v5-remove-small-falkes-and-blur-pictures.coco/train/_annotations_rle_1class.coco.json', train_mode='normal', diffusion_train_image_root=None, diffusion_train_annotation_path=None, dist_url='auto', opts=['OUTPUT_DIR', '/mnt/data/mis2025/group_6/Parameter/trained_para/graphene_mid_finetune_penalize_small_flakes', 'MODEL.WEIGHTS', '/mnt/data/mis2025/group_6/Parameter/pre_train_para/graphene_mid/model_final.pth'])
[03/19 14:44:10 detectron2]: Contents of args.config_file=configs/M2F/base_config_old.yaml:
[38;5;204mMODEL[39m[38;5;15m:[39m
[38;5;15m  [39m[38;5;204mMASK_ON[39m[38;5;15m:[39m[38;5;15m [39m[38;5;141mTrue[39m
[38;5;15m  [39m[38;5;204mPIXEL_MEAN[39m[38;5;15m:[39m
[38;5;15m    [39m[38;5;15m-[39m[38;5;15m [39m[38;5;141m107.0[39m
[38;5;15m    [39m[38;5;15m-[39m[38;5;15m [39m[38;5;141m148.0[39m
[38;5;15m    [39m[38;5;15m-[39m[38;5;15m [39m[38;5;141m85.0[39m
[38;5;15m  [39m[38;5;204mPIXEL_STD[39m[38;5;15m:[39m
[38;5;15m    [39m[38;5;15m-[39m[38;5;15m [39m[38;5;141m33.0[39m
[38;5;15m    [39m[38;5;15m-[39m[38;5;15m [39m[38;5;141m34.0[39m
[38;5;15m    [39m[38;5;15m-[39m[38;5;15m [39m[38;5;141m40.0[39m
[38;5;15m  [39m[38;5;245m# WEIGHTS: "detectron2://ImageNetPretrained/torchvision/R-50.pkl"[39m
[38;5;15m  [39m[38;5;204mWEIGHTS[39m[38;5;15m:[39m[38;5;15m [39m[38;5;186m"[39m[38;5;186m./models/segmentation_models/pretrained_M2F/model_final.pth[39m[38;5;186m"[39m[38;5;15m [39m[38;5;245m# You may need to change this path to point to your pretrained model[39m
[38;5;15m  [39m[38;5;204mMETA_ARCHITECTURE[39m[38;5;15m:[39m[38;5;15m [39m[38;5;186m"[39m[38;5;186mMaskFormer[39m[38;5;186m"[39m
[38;5;15m  [39m[38;5;204mSEM_SEG_HEAD[39m[38;5;15m:[39m
[38;5;15m    [39m[38;5;204mNAME[39m[38;5;15m:[39m[38;5;15m [39m[38;5;186m"[39m[38;5;186mMaskFormerHead[39m[38;5;186m"[39m
[38;5;15m    [39m[38;5;204mIGNORE_VALUE[39m[38;5;15m:[39m[38;5;15m [39m[38;5;141m255[39m
[38;5;15m    [39m[38;5;204mNUM_CLASSES[39m[38;5;15m:[39m[38;5;15m [39m[38;5;141m1[39m[38;5;15m [39m[38;5;245m# set to 1 for instance segmentation of only foreground[39m
[38;5;15m    [39m[38;5;204mLOSS_WEIGHT[39m[38;5;15m:[39m[38;5;15m [39m[38;5;141m1.0[39m
[38;5;15m    [39m[38;5;204mCONVS_DIM[39m[38;5;15m:[39m[38;5;15m [39m[38;5;141m256[39m
[38;5;15m    [39m[38;5;204mMASK_DIM[39m[38;5;15m:[39m[38;5;15m [39m[38;5;141m256[39m
[38;5;15m    [39m[38;5;204mNORM[39m[38;5;15m:[39m[38;5;15m [39m[38;5;186m"[39m[38;5;186mGN[39m[38;5;186m"[39m
[38;5;15m    [39m[38;5;245m# pixel decoder[39m
[38;5;15m    [39m[38;5;204mPIXEL_DECODER_NAME[39m[38;5;15m:[39m[38;5;15m [39m[38;5;186m"[39m[38;5;186mMSDeformAttnPixelDecoder[39m[38;5;186m"[39m
[38;5;15m    [39m[38;5;204mIN_FEATURES[39m[38;5;15m:[39m[38;5;15m [39m[38;5;15m[[39m[38;5;186m"[39m[38;5;186mres2[39m[38;5;186m"[39m[38;5;15m,[39m[38;5;15m [39m[38;5;186m"[39m[38;5;186mres3[39m[38;5;186m"[39m[38;5;15m,[39m[38;5;15m [39m[38;5;186m"[39m[38;5;186mres4[39m[38;5;186m"[39m[38;5;15m,[39m[38;5;15m [39m[38;5;186m"[39m[38;5;186mres5[39m[38;5;186m"[39m[38;5;15m][39m
[38;5;15m    [39m[38;5;204mDEFORMABLE_TRANSFORMER_ENCODER_IN_FEATURES[39m[38;5;15m:[39m[38;5;15m [39m[38;5;15m[[39m[38;5;186m"[39m[38;5;186mres3[39m[38;5;186m"[39m[38;5;15m,[39m[38;5;15m [39m[38;5;186m"[39m[38;5;186mres4[39m[38;5;186m"[39m[38;5;15m,[39m[38;5;15m [39m[38;5;186m"[39m[38;5;186mres5[39m[38;5;186m"[39m[38;5;15m][39m
[38;5;15m    [39m[38;5;204mCOMMON_STRIDE[39m[38;5;15m:[39m[38;5;15m [39m[38;5;141m4[39m
[38;5;15m    [39m[38;5;204mTRANSFORMER_ENC_LAYERS[39m[38;5;15m:[39m[38;5;15m [39m[38;5;141m6[39m
[38;5;15m  [39m[38;5;204mMASK_FORMER[39m[38;5;15m:[39m
[38;5;15m    [39m[38;5;204mTRANSFORMER_DECODER_NAME[39m[38;5;15m:[39m[38;5;15m [39m[38;5;186m"[39m[38;5;186mMultiScaleMaskedTransformerDecoder[39m[38;5;186m"[39m
[38;5;15m    [39m[38;5;204mTRANSFORMER_IN_FEATURE[39m[38;5;15m:[39m[38;5;15m [39m[38;5;186m"[39m[38;5;186mmulti_scale_pixel_decoder[39m[38;5;186m"[39m
[38;5;15m    [39m[38;5;204mDEEP_SUPERVISION[39m[38;5;15m:[39m[38;5;15m [39m[38;5;141mTrue[39m
[38;5;15m    [39m[38;5;204mNO_OBJECT_WEIGHT[39m[38;5;15m:[39m[38;5;15m [39m[38;5;141m0.3[39m
[38;5;15m    [39m[38;5;204mCLASS_WEIGHT[39m[38;5;15m:[39m[38;5;15m [39m[38;5;141m2.0[39m
[38;5;15m    [39m[38;5;204mMASK_WEIGHT[39m[38;5;15m:[39m[38;5;15m [39m[38;5;141m5.0[39m
[38;5;15m    [39m[38;5;204mDICE_WEIGHT[39m[38;5;15m:[39m[38;5;15m [39m[38;5;141m5.0[39m
[38;5;15m    [39m[38;5;204mHIDDEN_DIM[39m[38;5;15m:[39m[38;5;15m [39m[38;5;141m256[39m
[38;5;15m    [39m[38;5;204mNUM_OBJECT_QUERIES[39m[38;5;15m:[39m[38;5;15m [39m[38;5;141m20[39m[38;5;15m  [39m[38;5;245m#100[39m
[38;5;15m    [39m[38;5;204mNHEADS[39m[38;5;15m:[39m[38;5;15m [39m[38;5;141m8[39m
[38;5;15m    [39m[38;5;204mDROPOUT[39m[38;5;15m:[39m[38;5;15m [39m[38;5;141m0.0[39m
[38;5;15m    [39m[38;5;204mDIM_FEEDFORWARD[39m[38;5;15m:[39m[38;5;15m [39m[38;5;141m2048[39m
[38;5;15m    [39m[38;5;204mENC_LAYERS[39m[38;5;15m:[39m[38;5;15m [39m[38;5;141m0[39m
[38;5;15m    [39m[38;5;204mPRE_NORM[39m[38;5;15m:[39m[38;5;15m [39m[38;5;141mFalse[39m
[38;5;15m    [39m[38;5;204mENFORCE_INPUT_PROJ[39m[38;5;15m:[39m[38;5;15m [39m[38;5;141mFalse[39m
[38;5;15m    [39m[38;5;204mSIZE_DIVISIBILITY[39m[38;5;15m:[39m[38;5;15m [39m[38;5;141m32[39m
[38;5;15m    [39m[38;5;204mDEC_LAYERS[39m[38;5;15m:[39m[38;5;15m [39m[38;5;141m10[39m[38;5;15m [39m[38;5;245m# 9 decoder layers, add one for the loss on learnable query[39m
[38;5;15m    [39m[38;5;204mTRAIN_NUM_POINTS[39m[38;5;15m:[39m[38;5;15m [39m[38;5;141m12544[39m
[38;5;15m    [39m[38;5;204mOVERSAMPLE_RATIO[39m[38;5;15m:[39m[38;5;15m [39m[38;5;141m3.0[39m
[38;5;15m    [39m[38;5;204mIMPORTANCE_SAMPLE_RATIO[39m[38;5;15m:[39m[38;5;15m [39m[38;5;141m0.75[39m
[38;5;15m    [39m[38;5;204mTEST[39m[38;5;15m:[39m
[38;5;15m      [39m[38;5;204mSEMANTIC_ON[39m[38;5;15m:[39m[38;5;15m [39m[38;5;141mFalse[39m
[38;5;15m      [39m[38;5;204mINSTANCE_ON[39m[38;5;15m:[39m[38;5;15m [39m[38;5;141mTrue[39m
[38;5;15m      [39m[38;5;204mPANOPTIC_ON[39m[38;5;15m:[39m[38;5;15m [39m[38;5;141mFalse[39m
[38;5;15m      [39m[38;5;204mOVERLAP_THRESHOLD[39m[38;5;15m:[39m[38;5;15m [39m[38;5;141m0.8[39m
[38;5;15m      [39m[38;5;204mOBJECT_MASK_THRESHOLD[39m[38;5;15m:[39m[38;5;15m [39m[38;5;141m0.8[39m
[38;5;15m  [39m[38;5;204mBACKBONE[39m[38;5;15m:[39m
[38;5;15m    [39m[38;5;204mFREEZE_AT[39m[38;5;15m:[39m[38;5;15m [39m[38;5;141m10[39m[38;5;15m [39m[38;5;245m# freeze the entire backbone[39m
[38;5;15m    [39m[38;5;204mNAME[39m[38;5;15m:[39m[38;5;15m [39m[38;5;186m"[39m[38;5;186mbuild_resnet_backbone[39m[38;5;186m"[39m
[38;5;15m  [39m[38;5;204mRESNETS[39m[38;5;15m:[39m
[38;5;15m    [39m[38;5;204mDEPTH[39m[38;5;15m:[39m[38;5;15m [39m[38;5;141m50[39m[38;5;15m  [39m
[38;5;15m    [39m[38;5;204mSTEM_OUT_CHANNELS[39m[38;5;15m:[39m[38;5;15m [39m[38;5;141m64[39m
[38;5;15m    [39m[38;5;204mSTRIDE_IN_1X1[39m[38;5;15m:[39m[38;5;15m [39m[38;5;141mFalse[39m
[38;5;15m    [39m[38;5;204mOUT_FEATURES[39m[38;5;15m:[39m[38;5;15m [39m[38;5;15m[[39m[38;5;186m"[39m[38;5;186mres2[39m[38;5;186m"[39m[38;5;15m,[39m[38;5;15m [39m[38;5;186m"[39m[38;5;186mres3[39m[38;5;186m"[39m[38;5;15m,[39m[38;5;15m [39m[38;5;186m"[39m[38;5;186mres4[39m[38;5;186m"[39m[38;5;15m,[39m[38;5;15m [39m[38;5;186m"[39m[38;5;186mres5[39m[38;5;186m"[39m[38;5;15m][39m
[38;5;204mSOLVER[39m[38;5;15m:[39m
[38;5;15m  [39m[38;5;204mIMS_PER_BATCH[39m[38;5;15m:[39m[38;5;15m [39m[38;5;141m16[39m
[38;5;15m [39m
[38;5;15m  [39m[38;5;245m#BASE_LR: 0.00001[39m
[38;5;15m  [39m[38;5;245m#MAX_ITER: 1000 #(500次迭代似乎不能使loss收敛，适当调大)[39m
[38;5;15m  [39m[38;5;245m#CHECKPOINT_PERIOD: 10000[39m
[38;5;15m  [39m[38;5;245m#WEIGHT_DECAY: 0.05[39m
[38;5;15m  [39m[38;5;245m#WARMUP_FACTOR: 1.0 # disable warmup[39m
[38;5;15m  [39m[38;5;245m#WARMUP_ITERS: 0[39m

[38;5;15m  [39m[38;5;245m# --- 学习率策略核心区 ---[39m
[38;5;15m  [39m[38;5;204mBASE_LR[39m[38;5;15m:[39m[38;5;15m [39m[38;5;141m0.00005[39m[38;5;15m  [39m[38;5;245m# 初始学习率可以稍微大一点，因为后面会自动下降[39m
[38;5;15m  [39m[38;5;204mMAX_ITER[39m[38;5;15m:[39m[38;5;15m [39m[38;5;141m15000[39m[38;5;15m   [39m[38;5;245m# 大大增加总训练迭代次数，给模型充分学习的时间[39m

[38;5;15m  [39m[38;5;204mLR_SCHEDULER_NAME[39m[38;5;15m:[39m[38;5;15m [39m[38;5;186m"[39m[38;5;186mWarmupCosineLR[39m[38;5;186m"[39m

[38;5;15m  [39m[38;5;204mWARMUP_ITERS[39m[38;5;15m:[39m[38;5;15m [39m[38;5;141m500[39m[38;5;15m     [39m[38;5;245m# 在前500次迭代中进行“热身”[39m
[38;5;15m  [39m[38;5;204mWARMUP_FACTOR[39m[38;5;15m:[39m[38;5;15m [39m[38;5;141m0.001[39m[38;5;15m [39m[38;5;245m# 热身从一个很小的值开始[39m
[38;5;15m  [39m[38;5;204mWARMUP_METHOD[39m[38;5;15m:[39m[38;5;15m [39m[38;5;186m"[39m[38;5;186mlinear[39m[38;5;186m"[39m
[38;5;15m  [39m[38;5;245m# --- 学习率策略结束 ---[39m
[38;5;15m  [39m[38;5;204mCHECKPOINT_PERIOD[39m[38;5;15m:[39m[38;5;15m [39m[38;5;141m5000[39m[38;5;15m [39m[38;5;245m# 可以设一个检查点，比如每5000次保存一下模型，以防中断[39m
[38;5;15m  [39m[38;5;204mWEIGHT_DECAY[39m[38;5;15m:[39m[38;5;15m [39m[38;5;141m0.05[39m
[38;5;15m  [39m[38;5;204mOPTIMIZER[39m[38;5;15m:[39m[38;5;15m [39m[38;5;186m"[39m[38;5;186mADAMW[39m[38;5;186m"[39m
[38;5;15m  [39m[38;5;204mCLIP_GRADIENTS[39m[38;5;15m:[39m
[38;5;15m    [39m[38;5;204mENABLED[39m[38;5;15m:[39m[38;5;15m [39m[38;5;141mTrue[39m
[38;5;15m    [39m[38;5;204mCLIP_TYPE[39m[38;5;15m:[39m[38;5;15m [39m[38;5;186m"[39m[38;5;186mfull_model[39m[38;5;186m"[39m
[38;5;15m    [39m[38;5;204mCLIP_VALUE[39m[38;5;15m:[39m[38;5;15m [39m[38;5;141m0.01[39m
[38;5;15m    [39m[38;5;204mNORM_TYPE[39m[38;5;15m:[39m[38;5;15m [39m[38;5;141m2.0[39m
[38;5;15m  [39m[38;5;204mAMP[39m[38;5;15m:[39m
[38;5;15m    [39m[38;5;204mENABLED[39m[38;5;15m:[39m[38;5;15m [39m[38;5;141mFalse[39m[38;5;15m [39m[38;5;245m# 如果你的GPU支持，可以设为True来加速训练[39m
[38;5;15m  [39m
[38;5;15m  [39m[38;5;245m#OPTIMIZER: "ADAMW"[39m
[38;5;15m  [39m[38;5;245m#CLIP_GRADIENTS:[39m
[38;5;15m    [39m[38;5;245m#ENABLED: True[39m
[38;5;15m    [39m[38;5;245m#CLIP_TYPE: "full_model"[39m
[38;5;15m    [39m[38;5;245m#CLIP_VALUE: 0.01[39m
[38;5;15m    [39m[38;5;245m#NORM_TYPE: 2.0[39m
[38;5;15m  [39m[38;5;245m#AMP:[39m
[38;5;15m    [39m[38;5;245m#ENABLED: False[39m
[38;5;204mTEST[39m[38;5;15m:[39m
[38;5;15m  [39m[38;5;204mEVAL_PERIOD[39m[38;5;15m:[39m[38;5;15m [39m[38;5;141m50000[39m[38;5;15m [39m[38;5;245m# dont evaluate during training[39m
[38;5;204mDATALOADER[39m[38;5;15m:[39m
[38;5;15m  [39m[38;5;204mFILTER_EMPTY_ANNOTATIONS[39m[38;5;15m:[39m[38;5;15m [39m[38;5;141mFalse[39m
[38;5;15m  [39m[38;5;204mNUM_WORKERS[39m[38;5;15m:[39m[38;5;15m [39m[38;5;141m6[39m
[38;5;204mINPUT[39m[38;5;15m:[39m
[38;5;15m  [39m[38;5;204mSIZE_DIVISIBILITY[39m[38;5;15m:[39m[38;5;15m [39m[38;5;141m-1[39m
[38;5;15m  [39m[38;5;204mMASK_FORMAT[39m[38;5;15m:[39m[38;5;15m [39m[38;5;186m"[39m[38;5;186mbitmask[39m[38;5;186m"[39m
[38;5;15m  [39m[38;5;204mMIN_SIZE_TEST[39m[38;5;15m:[39m[38;5;15m [39m[38;5;141m0[39m[38;5;15m [39m[38;5;245m# disable resizing during testing[39m
[38;5;15m  [39m[38;5;204mFORMAT[39m[38;5;15m:[39m[38;5;15m [39m[38;5;186m"[39m[38;5;186mBGR[39m[38;5;186m"[39m
[38;5;15m  [39m[38;5;204mCROP[39m[38;5;15m:[39m
[38;5;15m    [39m[38;5;204mENABLED[39m[38;5;15m:[39m[38;5;15m [39m[38;5;141mfalse[39m
[38;5;204mSEED[39m[38;5;15m:[39m[38;5;15m [39m[38;5;141m42[39m
[38;5;204mVERSION[39m[38;5;15m:[39m[38;5;15m [39m[38;5;141m2[39m
[38;5;204mDATASETS[39m[38;5;15m:[39m
[38;5;15m  [39m[38;5;204mTRAIN[39m[38;5;15m:[39m[38;5;15m [39m[38;5;141m("Maskterial_Dataset",)[39m

[03/19 14:44:10 detectron2]: Running with full config:
[38;5;204mCUDNN_BENCHMARK[39m[38;5;15m:[39m[38;5;15m [39m[38;5;141mfalse[39m
[38;5;204mDATALOADER[39m[38;5;15m:[39m
[38;5;15m  [39m[38;5;204mASPECT_RATIO_GROUPING[39m[38;5;15m:[39m[38;5;15m [39m[38;5;141mtrue[39m
[38;5;15m  [39m[38;5;204mFILTER_EMPTY_ANNOTATIONS[39m[38;5;15m:[39m[38;5;15m [39m[38;5;141mfalse[39m
[38;5;15m  [39m[38;5;204mNUM_WORKERS[39m[38;5;15m:[39m[38;5;15m [39m[38;5;141m6[39m
[38;5;15m  [39m[38;5;204mREPEAT_SQRT[39m[38;5;15m:[39m[38;5;15m [39m[38;5;141mtrue[39m
[38;5;15m  [39m[38;5;204mREPEAT_THRESHOLD[39m[38;5;15m:[39m[38;5;15m [39m[38;5;141m0.0[39m
[38;5;15m  [39m[38;5;204mSAMPLER_TRAIN[39m[38;5;15m:[39m[38;5;15m [39m[38;5;141mTrainingSampler[39m
[38;5;204mDATASETS[39m[38;5;15m:[39m
[38;5;15m  [39m[38;5;204mPRECOMPUTED_PROPOSAL_TOPK_TEST[39m[38;5;15m:[39m[38;5;15m [39m[38;5;141m1000[39m
[38;5;15m  [39m[38;5;204mPRECOMPUTED_PROPOSAL_TOPK_TRAIN[39m[38;5;15m:[39m[38;5;15m [39m[38;5;141m2000[39m
[38;5;15m  [39m[38;5;204mPROPOSAL_FILES_TEST[39m[38;5;15m:[39m[38;5;15m [39m[38;5;15m[[39m[38;5;15m][39m
[38;5;15m  [39m[38;5;204mPROPOSAL_FILES_TRAIN[39m[38;5;15m:[39m[38;5;15m [39m[38;5;15m[[39m[38;5;15m][39m
[38;5;15m  [39m[38;5;204mTEST[39m[38;5;15m:[39m[38;5;15m [39m[38;5;15m[[39m[38;5;15m][39m
[38;5;15m  [39m[38;5;204mTRAIN[39m[38;5;15m:[39m
[38;5;15m  [39m[38;5;15m-[39m[38;5;15m [39m[38;5;141mMaskterial_Dataset[39m
[38;5;204mFLOAT32_PRECISION[39m[38;5;15m:[39m[38;5;15m [39m[38;5;186m'[39m[38;5;186m'[39m
[38;5;204mGLOBAL[39m[38;5;15m:[39m
[38;5;15m  [39m[38;5;204mHACK[39m[38;5;15m:[39m[38;5;15m [39m[38;5;141m1.0[39m
[38;5;204mINPUT[39m[38;5;15m:[39m
[38;5;15m  [39m[38;5;204mCROP[39m[38;5;15m:[39m
[38;5;15m    [39m[38;5;204mENABLED[39m[38;5;15m:[39m[38;5;15m [39m[38;5;141mfalse[39m
[38;5;15m    [39m[38;5;204mSINGLE_CATEGORY_MAX_AREA[39m[38;5;15m:[39m[38;5;15m [39m[38;5;141m1.0[39m
[38;5;15m    [39m[38;5;204mSIZE[39m[38;5;15m:[39m
[38;5;15m    [39m[38;5;15m-[39m[38;5;15m [39m[38;5;141m0.9[39m
[38;5;15m    [39m[38;5;15m-[39m[38;5;15m [39m[38;5;141m0.9[39m
[38;5;15m    [39m[38;5;204mTYPE[39m[38;5;15m:[39m[38;5;15m [39m[38;5;141mrelative_range[39m
[38;5;15m  [39m[38;5;204mFORMAT[39m[38;5;15m:[39m[38;5;15m [39m[38;5;141mBGR[39m
[38;5;15m  [39m[38;5;204mMASK_FORMAT[39m[38;5;15m:[39m[38;5;15m [39m[38;5;141mbitmask[39m
[38;5;15m  [39m[38;5;204mMAX_SIZE_TEST[39m[38;5;15m:[39m[38;5;15m [39m[38;5;141m1333[39m
[38;5;15m  [39m[38;5;204mMAX_SIZE_TRAIN[39m[38;5;15m:[39m[38;5;15m [39m[38;5;141m1333[39m
[38;5;15m  [39m[38;5;204mMIN_SIZE_TEST[39m[38;5;15m:[39m[38;5;15m [39m[38;5;141m0[39m
[38;5;15m  [39m[38;5;204mMIN_SIZE_TRAIN[39m[38;5;15m:[39m
[38;5;15m  [39m[38;5;15m-[39m[38;5;15m [39m[38;5;141m800[39m
[38;5;15m  [39m[38;5;204mMIN_SIZE_TRAIN_SAMPLING[39m[38;5;15m:[39m[38;5;15m [39m[38;5;141mchoice[39m
[38;5;15m  [39m[38;5;204mRANDOM_FLIP[39m[38;5;15m:[39m[38;5;15m [39m[38;5;141mhorizontal[39m
[38;5;15m  [39m[38;5;204mSIZE_DIVISIBILITY[39m[38;5;15m:[39m[38;5;15m [39m[38;5;141m-1[39m
[38;5;204mMODEL[39m[38;5;15m:[39m
[38;5;15m  [39m[38;5;204mANCHOR_GENERATOR[39m[38;5;15m:[39m
[38;5;15m    [39m[38;5;204mANGLES[39m[38;5;15m:[39m
[38;5;15m    [39m[38;5;15m-[39m[38;5;15m [39m[38;5;15m-[39m[38;5;15m [39m[38;5;141m-90[39m
[38;5;15m      [39m[38;5;15m-[39m[38;5;15m [39m[38;5;141m0[39m
[38;5;15m      [39m[38;5;15m-[39m[38;5;15m [39m[38;5;141m90[39m
[38;5;15m    [39m[38;5;204mASPECT_RATIOS[39m[38;5;15m:[39m
[38;5;15m    [39m[38;5;15m-[39m[38;5;15m [39m[38;5;15m-[39m[38;5;15m [39m[38;5;141m0.5[39m
[38;5;15m      [39m[38;5;15m-[39m[38;5;15m [39m[38;5;141m1.0[39m
[38;5;15m      [39m[38;5;15m-[39m[38;5;15m [39m[38;5;141m2.0[39m
[38;5;15m    [39m[38;5;204mNAME[39m[38;5;15m:[39m[38;5;15m [39m[38;5;141mDefaultAnchorGenerator[39m
[38;5;15m    [39m[38;5;204mOFFSET[39m[38;5;15m:[39m[38;5;15m [39m[38;5;141m0.0[39m
[38;5;15m    [39m[38;5;204mSIZES[39m[38;5;15m:[39m
[38;5;15m    [39m[38;5;15m-[39m[38;5;15m [39m[38;5;15m-[39m[38;5;15m [39m[38;5;141m32[39m
[38;5;15m      [39m[38;5;15m-[39m[38;5;15m [39m[38;5;141m64[39m
[38;5;15m      [39m[38;5;15m-[39m[38;5;15m [39m[38;5;141m128[39m
[38;5;15m      [39m[38;5;15m-[39m[38;5;15m [39m[38;5;141m256[39m
[38;5;15m      [39m[38;5;15m-[39m[38;5;15m [39m[38;5;141m512[39m
[38;5;15m  [39m[38;5;204mBACKBONE[39m[38;5;15m:[39m
[38;5;15m    [39m[38;5;204mFREEZE_AT[39m[38;5;15m:[39m[38;5;15m [39m[38;5;141m10[39m
[38;5;15m    [39m[38;5;204mNAME[39m[38;5;15m:[39m[38;5;15m [39m[38;5;141mbuild_resnet_backbone[39m
[38;5;15m  [39m[38;5;204mDEVICE[39m[38;5;15m:[39m[38;5;15m [39m[38;5;141mcuda[39m
[38;5;15m  [39m[38;5;204mFPN[39m[38;5;15m:[39m
[38;5;15m    [39m[38;5;204mFUSE_TYPE[39m[38;5;15m:[39m[38;5;15m [39m[38;5;141msum[39m
[38;5;15m    [39m[38;5;204mIN_FEATURES[39m[38;5;15m:[39m[38;5;15m [39m[38;5;15m[[39m[38;5;15m][39m
[38;5;15m    [39m[38;5;204mNORM[39m[38;5;15m:[39m[38;5;15m [39m[38;5;186m'[39m[38;5;186m'[39m
[38;5;15m    [39m[38;5;204mOUT_CHANNELS[39m[38;5;15m:[39m[38;5;15m [39m[38;5;141m256[39m
[38;5;15m  [39m[38;5;204mKEYPOINT_ON[39m[38;5;15m:[39m[38;5;15m [39m[38;5;141mfalse[39m
[38;5;15m  [39m[38;5;204mLOAD_PROPOSALS[39m[38;5;15m:[39m[38;5;15m [39m[38;5;141mfalse[39m
[38;5;15m  [39m[38;5;204mMASK_FORMER[39m[38;5;15m:[39m
[38;5;15m    [39m[38;5;204mCLASS_WEIGHT[39m[38;5;15m:[39m[38;5;15m [39m[38;5;141m2.0[39m
[38;5;15m    [39m[38;5;204mDEC_LAYERS[39m[38;5;15m:[39m[38;5;15m [39m[38;5;141m10[39m
[38;5;15m    [39m[38;5;204mDEEP_SUPERVISION[39m[38;5;15m:[39m[38;5;15m [39m[38;5;141mtrue[39m
[38;5;15m    [39m[38;5;204mDICE_WEIGHT[39m[38;5;15m:[39m[38;5;15m [39m[38;5;141m5.0[39m
[38;5;15m    [39m[38;5;204mDIM_FEEDFORWARD[39m[38;5;15m:[39m[38;5;15m [39m[38;5;141m2048[39m
[38;5;15m    [39m[38;5;204mDROPOUT[39m[38;5;15m:[39m[38;5;15m [39m[38;5;141m0.0[39m
[38;5;15m    [39m[38;5;204mENC_LAYERS[39m[38;5;15m:[39m[38;5;15m [39m[38;5;141m0[39m
[38;5;15m    [39m[38;5;204mENFORCE_INPUT_PROJ[39m[38;5;15m:[39m[38;5;15m [39m[38;5;141mfalse[39m
[38;5;15m    [39m[38;5;204mHIDDEN_DIM[39m[38;5;15m:[39m[38;5;15m [39m[38;5;141m256[39m
[38;5;15m    [39m[38;5;204mIMPORTANCE_SAMPLE_RATIO[39m[38;5;15m:[39m[38;5;15m [39m[38;5;141m0.75[39m
[38;5;15m    [39m[38;5;204mMASK_WEIGHT[39m[38;5;15m:[39m[38;5;15m [39m[38;5;141m5.0[39m
[38;5;15m    [39m[38;5;204mNHEADS[39m[38;5;15m:[39m[38;5;15m [39m[38;5;141m8[39m
[38;5;15m    [39m[38;5;204mNO_OBJECT_WEIGHT[39m[38;5;15m:[39m[38;5;15m [39m[38;5;141m0.3[39m
[38;5;15m    [39m[38;5;204mNUM_OBJECT_QUERIES[39m[38;5;15m:[39m[38;5;15m [39m[38;5;141m20[39m
[38;5;15m    [39m[38;5;204mOVERSAMPLE_RATIO[39m[38;5;15m:[39m[38;5;15m [39m[38;5;141m3.0[39m
[38;5;15m    [39m[38;5;204mPRE_NORM[39m[38;5;15m:[39m[38;5;15m [39m[38;5;141mfalse[39m
[38;5;15m    [39m[38;5;204mSIZE_DIVISIBILITY[39m[38;5;15m:[39m[38;5;15m [39m[38;5;141m32[39m
[38;5;15m    [39m[38;5;204mTEST[39m[38;5;15m:[39m
[38;5;15m      [39m[38;5;204mINSTANCE_ON[39m[38;5;15m:[39m[38;5;15m [39m[38;5;141mtrue[39m
[38;5;15m      [39m[38;5;204mOBJECT_MASK_THRESHOLD[39m[38;5;15m:[39m[38;5;15m [39m[38;5;141m0.8[39m
[38;5;15m      [39m[38;5;204mOVERLAP_THRESHOLD[39m[38;5;15m:[39m[38;5;15m [39m[38;5;141m0.8[39m
[38;5;15m      [39m[38;5;204mPANOPTIC_ON[39m[38;5;15m:[39m[38;5;15m [39m[38;5;141mfalse[39m
[38;5;15m      [39m[38;5;204mSEMANTIC_ON[39m[38;5;15m:[39m[38;5;15m [39m[38;5;141mfalse[39m
[38;5;15m      [39m[38;5;204mSEM_SEG_POSTPROCESSING_BEFORE_INFERENCE[39m[38;5;15m:[39m[38;5;15m [39m[38;5;141mfalse[39m
[38;5;15m    [39m[38;5;204mTRAIN_NUM_POINTS[39m[38;5;15m:[39m[38;5;15m [39m[38;5;141m12544[39m
[38;5;15m    [39m[38;5;204mTRANSFORMER_DECODER_NAME[39m[38;5;15m:[39m[38;5;15m [39m[38;5;141mMultiScaleMaskedTransformerDecoder[39m
[38;5;15m    [39m[38;5;204mTRANSFORMER_IN_FEATURE[39m[38;5;15m:[39m[38;5;15m [39m[38;5;141mmulti_scale_pixel_decoder[39m
[38;5;15m  [39m[38;5;204mMASK_ON[39m[38;5;15m:[39m[38;5;15m [39m[38;5;141mtrue[39m
[38;5;15m  [39m[38;5;204mMETA_ARCHITECTURE[39m[38;5;15m:[39m[38;5;15m [39m[38;5;141mMaskFormer[39m
[38;5;15m  [39m[38;5;204mPANOPTIC_FPN[39m[38;5;15m:[39m
[38;5;15m    [39m[38;5;204mCOMBINE[39m[38;5;15m:[39m
[38;5;15m      [39m[38;5;204mENABLED[39m[38;5;15m:[39m[38;5;15m [39m[38;5;141mtrue[39m
[38;5;15m      [39m[38;5;204mINSTANCES_CONFIDENCE_THRESH[39m[38;5;15m:[39m[38;5;15m [39m[38;5;141m0.5[39m
[38;5;15m      [39m[38;5;204mOVERLAP_THRESH[39m[38;5;15m:[39m[38;5;15m [39m[38;5;141m0.5[39m
[38;5;15m      [39m[38;5;204mSTUFF_AREA_LIMIT[39m[38;5;15m:[39m[38;5;15m [39m[38;5;141m4096[39m
[38;5;15m    [39m[38;5;204mINSTANCE_LOSS_WEIGHT[39m[38;5;15m:[39m[38;5;15m [39m[38;5;141m1.0[39m
[38;5;15m  [39m[38;5;204mPIXEL_MEAN[39m[38;5;15m:[39m
[38;5;15m  [39m[38;5;15m-[39m[38;5;15m [39m[38;5;141m107.0[39m
[38;5;15m  [39m[38;5;15m-[39m[38;5;15m [39m[38;5;141m148.0[39m
[38;5;15m  [39m[38;5;15m-[39m[38;5;15m [39m[38;5;141m85.0[39m
[38;5;15m  [39m[38;5;204mPIXEL_STD[39m[38;5;15m:[39m
[38;5;15m  [39m[38;5;15m-[39m[38;5;15m [39m[38;5;141m33.0[39m
[38;5;15m  [39m[38;5;15m-[39m[38;5;15m [39m[38;5;141m34.0[39m
[38;5;15m  [39m[38;5;15m-[39m[38;5;15m [39m[38;5;141m40.0[39m
[38;5;15m  [39m[38;5;204mPROPOSAL_GENERATOR[39m[38;5;15m:[39m
[38;5;15m    [39m[38;5;204mMIN_SIZE[39m[38;5;15m:[39m[38;5;15m [39m[38;5;141m0[39m
[38;5;15m    [39m[38;5;204mNAME[39m[38;5;15m:[39m[38;5;15m [39m[38;5;141mRPN[39m
[38;5;15m  [39m[38;5;204mRESNETS[39m[38;5;15m:[39m
[38;5;15m    [39m[38;5;204mDEFORM_MODULATED[39m[38;5;15m:[39m[38;5;15m [39m[38;5;141mfalse[39m
[38;5;15m    [39m[38;5;204mDEFORM_NUM_GROUPS[39m[38;5;15m:[39m[38;5;15m [39m[38;5;141m1[39m
[38;5;15m    [39m[38;5;204mDEFORM_ON_PER_STAGE[39m[38;5;15m:[39m
[38;5;15m    [39m[38;5;15m-[39m[38;5;15m [39m[38;5;141mfalse[39m
[38;5;15m    [39m[38;5;15m-[39m[38;5;15m [39m[38;5;141mfalse[39m
[38;5;15m    [39m[38;5;15m-[39m[38;5;15m [39m[38;5;141mfalse[39m
[38;5;15m    [39m[38;5;15m-[39m[38;5;15m [39m[38;5;141mfalse[39m
[38;5;15m    [39m[38;5;204mDEPTH[39m[38;5;15m:[39m[38;5;15m [39m[38;5;141m50[39m
[38;5;15m    [39m[38;5;204mNORM[39m[38;5;15m:[39m[38;5;15m [39m[38;5;141mFrozenBN[39m
[38;5;15m    [39m[38;5;204mNUM_GROUPS[39m[38;5;15m:[39m[38;5;15m [39m[38;5;141m1[39m
[38;5;15m    [39m[38;5;204mOUT_FEATURES[39m[38;5;15m:[39m
[38;5;15m    [39m[38;5;15m-[39m[38;5;15m [39m[38;5;141mres2[39m
[38;5;15m    [39m[38;5;15m-[39m[38;5;15m [39m[38;5;141mres3[39m
[38;5;15m    [39m[38;5;15m-[39m[38;5;15m [39m[38;5;141mres4[39m
[38;5;15m    [39m[38;5;15m-[39m[38;5;15m [39m[38;5;141mres5[39m
[38;5;15m    [39m[38;5;204mRES2_OUT_CHANNELS[39m[38;5;15m:[39m[38;5;15m [39m[38;5;141m256[39m
[38;5;15m    [39m[38;5;204mRES4_DILATION[39m[38;5;15m:[39m[38;5;15m [39m[38;5;141m1[39m
[38;5;15m    [39m[38;5;204mRES5_DILATION[39m[38;5;15m:[39m[38;5;15m [39m[38;5;141m1[39m
[38;5;15m    [39m[38;5;204mRES5_MULTI_GRID[39m[38;5;15m:[39m
[38;5;15m    [39m[38;5;15m-[39m[38;5;15m [39m[38;5;141m1[39m
[38;5;15m    [39m[38;5;15m-[39m[38;5;15m [39m[38;5;141m2[39m
[38;5;15m    [39m[38;5;15m-[39m[38;5;15m [39m[38;5;141m4[39m
[38;5;15m    [39m[38;5;204mSTEM_OUT_CHANNELS[39m[38;5;15m:[39m[38;5;15m [39m[38;5;141m64[39m
[38;5;15m    [39m[38;5;204mSTEM_TYPE[39m[38;5;15m:[39m[38;5;15m [39m[38;5;141mdeeplab[39m
[38;5;15m    [39m[38;5;204mSTRIDE_IN_1X1[39m[38;5;15m:[39m[38;5;15m [39m[38;5;141mfalse[39m
[38;5;15m    [39m[38;5;204mWIDTH_PER_GROUP[39m[38;5;15m:[39m[38;5;15m [39m[38;5;141m64[39m
[38;5;15m  [39m[38;5;204mRETINANET[39m[38;5;15m:[39m
[38;5;15m    [39m[38;5;204mBBOX_REG_LOSS_TYPE[39m[38;5;15m:[39m[38;5;15m [39m[38;5;141msmooth_l1[39m
[38;5;15m    [39m[38;5;204mBBOX_REG_WEIGHTS[39m[38;5;15m:[39m[38;5;15m [39m[38;5;15m&id002[39m
[38;5;15m    [39m[38;5;15m-[39m[38;5;15m [39m[38;5;141m1.0[39m
[38;5;15m    [39m[38;5;15m-[39m[38;5;15m [39m[38;5;141m1.0[39m
[38;5;15m    [39m[38;5;15m-[39m[38;5;15m [39m[38;5;141m1.0[39m
[38;5;15m    [39m[38;5;15m-[39m[38;5;15m [39m[38;5;141m1.0[39m
[38;5;15m    [39m[38;5;204mFOCAL_LOSS_ALPHA[39m[38;5;15m:[39m[38;5;15m [39m[38;5;141m0.25[39m
[38;5;15m    [39m[38;5;204mFOCAL_LOSS_GAMMA[39m[38;5;15m:[39m[38;5;15m [39m[38;5;141m2.0[39m
[38;5;15m    [39m[38;5;204mIN_FEATURES[39m[38;5;15m:[39m
[38;5;15m    [39m[38;5;15m-[39m[38;5;15m [39m[38;5;141mp3[39m
[38;5;15m    [39m[38;5;15m-[39m[38;5;15m [39m[38;5;141mp4[39m
[38;5;15m    [39m[38;5;15m-[39m[38;5;15m [39m[38;5;141mp5[39m
[38;5;15m    [39m[38;5;15m-[39m[38;5;15m [39m[38;5;141mp6[39m
[38;5;15m    [39m[38;5;15m-[39m[38;5;15m [39m[38;5;141mp7[39m
[38;5;15m    [39m[38;5;204mIOU_LABELS[39m[38;5;15m:[39m
[38;5;15m    [39m[38;5;15m-[39m[38;5;15m [39m[38;5;141m0[39m
[38;5;15m    [39m[38;5;15m-[39m[38;5;15m [39m[38;5;141m-1[39m
[38;5;15m    [39m[38;5;15m-[39m[38;5;15m [39m[38;5;141m1[39m
[38;5;15m    [39m[38;5;204mIOU_THRESHOLDS[39m[38;5;15m:[39m
[38;5;15m    [39m[38;5;15m-[39m[38;5;15m [39m[38;5;141m0.4[39m
[38;5;15m    [39m[38;5;15m-[39m[38;5;15m [39m[38;5;141m0.5[39m
[38;5;15m    [39m[38;5;204mNMS_THRESH_TEST[39m[38;5;15m:[39m[38;5;15m [39m[38;5;141m0.5[39m
[38;5;15m    [39m[38;5;204mNORM[39m[38;5;15m:[39m[38;5;15m [39m[38;5;186m'[39m[38;5;186m'[39m
[38;5;15m    [39m[38;5;204mNUM_CLASSES[39m[38;5;15m:[39m[38;5;15m [39m[38;5;141m80[39m
[38;5;15m    [39m[38;5;204mNUM_CONVS[39m[38;5;15m:[39m[38;5;15m [39m[38;5;141m4[39m
[38;5;15m    [39m[38;5;204mPRIOR_PROB[39m[38;5;15m:[39m[38;5;15m [39m[38;5;141m0.01[39m
[38;5;15m    [39m[38;5;204mSCORE_THRESH_TEST[39m[38;5;15m:[39m[38;5;15m [39m[38;5;141m0.05[39m
[38;5;15m    [39m[38;5;204mSMOOTH_L1_LOSS_BETA[39m[38;5;15m:[39m[38;5;15m [39m[38;5;141m0.1[39m
[38;5;15m    [39m[38;5;204mTOPK_CANDIDATES_TEST[39m[38;5;15m:[39m[38;5;15m [39m[38;5;141m1000[39m
[38;5;15m  [39m[38;5;204mROI_BOX_CASCADE_HEAD[39m[38;5;15m:[39m
[38;5;15m    [39m[38;5;204mBBOX_REG_WEIGHTS[39m[38;5;15m:[39m
[38;5;15m    [39m[38;5;15m-[39m[38;5;15m [39m[38;5;15m&id001[39m
[38;5;15m      [39m[38;5;15m-[39m[38;5;15m [39m[38;5;141m10.0[39m
[38;5;15m      [39m[38;5;15m-[39m[38;5;15m [39m[38;5;141m10.0[39m
[38;5;15m      [39m[38;5;15m-[39m[38;5;15m [39m[38;5;141m5.0[39m
[38;5;15m      [39m[38;5;15m-[39m[38;5;15m [39m[38;5;141m5.0[39m
[38;5;15m    [39m[38;5;15m-[39m[38;5;15m [39m[38;5;15m-[39m[38;5;15m [39m[38;5;141m20.0[39m
[38;5;15m      [39m[38;5;15m-[39m[38;5;15m [39m[38;5;141m20.0[39m
[38;5;15m      [39m[38;5;15m-[39m[38;5;15m [39m[38;5;141m10.0[39m
[38;5;15m      [39m[38;5;15m-[39m[38;5;15m [39m[38;5;141m10.0[39m
[38;5;15m    [39m[38;5;15m-[39m[38;5;15m [39m[38;5;15m-[39m[38;5;15m [39m[38;5;141m30.0[39m
[38;5;15m      [39m[38;5;15m-[39m[38;5;15m [39m[38;5;141m30.0[39m
[38;5;15m      [39m[38;5;15m-[39m[38;5;15m [39m[38;5;141m15.0[39m
[38;5;15m      [39m[38;5;15m-[39m[38;5;15m [39m[38;5;141m15.0[39m
[38;5;15m    [39m[38;5;204mIOUS[39m[38;5;15m:[39m
[38;5;15m    [39m[38;5;15m-[39m[38;5;15m [39m[38;5;141m0.5[39m
[38;5;15m    [39m[38;5;15m-[39m[38;5;15m [39m[38;5;141m0.6[39m
[38;5;15m    [39m[38;5;15m-[39m[38;5;15m [39m[38;5;141m0.7[39m
[38;5;15m  [39m[38;5;204mROI_BOX_HEAD[39m[38;5;15m:[39m
[38;5;15m    [39m[38;5;204mBBOX_REG_LOSS_TYPE[39m[38;5;15m:[39m[38;5;15m [39m[38;5;141msmooth_l1[39m
[38;5;15m    [39m[38;5;204mBBOX_REG_LOSS_WEIGHT[39m[38;5;15m:[39m[38;5;15m [39m[38;5;141m1.0[39m
[38;5;15m    [39m[38;5;204mBBOX_REG_WEIGHTS[39m[38;5;15m:[39m[38;5;15m [39m[38;5;15m*id001[39m
[38;5;15m    [39m[38;5;204mCLS_AGNOSTIC_BBOX_REG[39m[38;5;15m:[39m[38;5;15m [39m[38;5;141mfalse[39m
[38;5;15m    [39m[38;5;204mCONV_DIM[39m[38;5;15m:[39m[38;5;15m [39m[38;5;141m256[39m
[38;5;15m    [39m[38;5;204mFC_DIM[39m[38;5;15m:[39m[38;5;15m [39m[38;5;141m1024[39m
[38;5;15m    [39m[38;5;204mFED_LOSS_FREQ_WEIGHT_POWER[39m[38;5;15m:[39m[38;5;15m [39m[38;5;141m0.5[39m
[38;5;15m    [39m[38;5;204mFED_LOSS_NUM_CLASSES[39m[38;5;15m:[39m[38;5;15m [39m[38;5;141m50[39m
[38;5;15m    [39m[38;5;204mNAME[39m[38;5;15m:[39m[38;5;15m [39m[38;5;186m'[39m[38;5;186m'[39m
[38;5;15m    [39m[38;5;204mNORM[39m[38;5;15m:[39m[38;5;15m [39m[38;5;186m'[39m[38;5;186m'[39m
[38;5;15m    [39m[38;5;204mNUM_CONV[39m[38;5;15m:[39m[38;5;15m [39m[38;5;141m0[39m
[38;5;15m    [39m[38;5;204mNUM_FC[39m[38;5;15m:[39m[38;5;15m [39m[38;5;141m0[39m
[38;5;15m    [39m[38;5;204mPOOLER_RESOLUTION[39m[38;5;15m:[39m[38;5;15m [39m[38;5;141m14[39m
[38;5;15m    [39m[38;5;204mPOOLER_SAMPLING_RATIO[39m[38;5;15m:[39m[38;5;15m [39m[38;5;141m0[39m
[38;5;15m    [39m[38;5;204mPOOLER_TYPE[39m[38;5;15m:[39m[38;5;15m [39m[38;5;141mROIAlignV2[39m
[38;5;15m    [39m[38;5;204mSMOOTH_L1_BETA[39m[38;5;15m:[39m[38;5;15m [39m[38;5;141m0.0[39m
[38;5;15m    [39m[38;5;204mTRAIN_ON_PRED_BOXES[39m[38;5;15m:[39m[38;5;15m [39m[38;5;141mfalse[39m
[38;5;15m    [39m[38;5;204mUSE_FED_LOSS[39m[38;5;15m:[39m[38;5;15m [39m[38;5;141mfalse[39m
[38;5;15m    [39m[38;5;204mUSE_SIGMOID_CE[39m[38;5;15m:[39m[38;5;15m [39m[38;5;141mfalse[39m
[38;5;15m  [39m[38;5;204mROI_HEADS[39m[38;5;15m:[39m
[38;5;15m    [39m[38;5;204mBATCH_SIZE_PER_IMAGE[39m[38;5;15m:[39m[38;5;15m [39m[38;5;141m512[39m
[38;5;15m    [39m[38;5;204mIN_FEATURES[39m[38;5;15m:[39m
[38;5;15m    [39m[38;5;15m-[39m[38;5;15m [39m[38;5;141mres4[39m
[38;5;15m    [39m[38;5;204mIOU_LABELS[39m[38;5;15m:[39m
[38;5;15m    [39m[38;5;15m-[39m[38;5;15m [39m[38;5;141m0[39m
[38;5;15m    [39m[38;5;15m-[39m[38;5;15m [39m[38;5;141m1[39m
[38;5;15m    [39m[38;5;204mIOU_THRESHOLDS[39m[38;5;15m:[39m
[38;5;15m    [39m[38;5;15m-[39m[38;5;15m [39m[38;5;141m0.5[39m
[38;5;15m    [39m[38;5;204mNAME[39m[38;5;15m:[39m[38;5;15m [39m[38;5;141mRes5ROIHeads[39m
[38;5;15m    [39m[38;5;204mNMS_THRESH_TEST[39m[38;5;15m:[39m[38;5;15m [39m[38;5;141m0.5[39m
[38;5;15m    [39m[38;5;204mNUM_CLASSES[39m[38;5;15m:[39m[38;5;15m [39m[38;5;141m80[39m
[38;5;15m    [39m[38;5;204mPOSITIVE_FRACTION[39m[38;5;15m:[39m[38;5;15m [39m[38;5;141m0.25[39m
[38;5;15m    [39m[38;5;204mPROPOSAL_APPEND_GT[39m[38;5;15m:[39m[38;5;15m [39m[38;5;141mtrue[39m
[38;5;15m    [39m[38;5;204mSCORE_THRESH_TEST[39m[38;5;15m:[39m[38;5;15m [39m[38;5;141m0.05[39m
[38;5;15m  [39m[38;5;204mROI_KEYPOINT_HEAD[39m[38;5;15m:[39m
[38;5;15m    [39m[38;5;204mCONV_DIMS[39m[38;5;15m:[39m
[38;5;15m    [39m[38;5;15m-[39m[38;5;15m [39m[38;5;141m512[39m
[38;5;15m    [39m[38;5;15m-[39m[38;5;15m [39m[38;5;141m512[39m
[38;5;15m    [39m[38;5;15m-[39m[38;5;15m [39m[38;5;141m512[39m
[38;5;15m    [39m[38;5;15m-[39m[38;5;15m [39m[38;5;141m512[39m
[38;5;15m    [39m[38;5;15m-[39m[38;5;15m [39m[38;5;141m512[39m
[38;5;15m    [39m[38;5;15m-[39m[38;5;15m [39m[38;5;141m512[39m
[38;5;15m    [39m[38;5;15m-[39m[38;5;15m [39m[38;5;141m512[39m
[38;5;15m    [39m[38;5;15m-[39m[38;5;15m [39m[38;5;141m512[39m
[38;5;15m    [39m[38;5;204mLOSS_WEIGHT[39m[38;5;15m:[39m[38;5;15m [39m[38;5;141m1.0[39m
[38;5;15m    [39m[38;5;204mMIN_KEYPOINTS_PER_IMAGE[39m[38;5;15m:[39m[38;5;15m [39m[38;5;141m1[39m
[38;5;15m    [39m[38;5;204mNAME[39m[38;5;15m:[39m[38;5;15m [39m[38;5;141mKRCNNConvDeconvUpsampleHead[39m
[38;5;15m    [39m[38;5;204mNORMALIZE_LOSS_BY_VISIBLE_KEYPOINTS[39m[38;5;15m:[39m[38;5;15m [39m[38;5;141mtrue[39m
[38;5;15m    [39m[38;5;204mNUM_KEYPOINTS[39m[38;5;15m:[39m[38;5;15m [39m[38;5;141m17[39m
[38;5;15m    [39m[38;5;204mPOOLER_RESOLUTION[39m[38;5;15m:[39m[38;5;15m [39m[38;5;141m14[39m
[38;5;15m    [39m[38;5;204mPOOLER_SAMPLING_RATIO[39m[38;5;15m:[39m[38;5;15m [39m[38;5;141m0[39m
[38;5;15m    [39m[38;5;204mPOOLER_TYPE[39m[38;5;15m:[39m[38;5;15m [39m[38;5;141mROIAlignV2[39m
[38;5;15m  [39m[38;5;204mROI_MASK_HEAD[39m[38;5;15m:[39m
[38;5;15m    [39m[38;5;204mCLS_AGNOSTIC_MASK[39m[38;5;15m:[39m[38;5;15m [39m[38;5;141mfalse[39m
[38;5;15m    [39m[38;5;204mCONV_DIM[39m[38;5;15m:[39m[38;5;15m [39m[38;5;141m256[39m
[38;5;15m    [39m[38;5;204mNAME[39m[38;5;15m:[39m[38;5;15m [39m[38;5;141mMaskRCNNConvUpsampleHead[39m
[38;5;15m    [39m[38;5;204mNORM[39m[38;5;15m:[39m[38;5;15m [39m[38;5;186m'[39m[38;5;186m'[39m
[38;5;15m    [39m[38;5;204mNUM_CONV[39m[38;5;15m:[39m[38;5;15m [39m[38;5;141m0[39m
[38;5;15m    [39m[38;5;204mPOOLER_RESOLUTION[39m[38;5;15m:[39m[38;5;15m [39m[38;5;141m14[39m
[38;5;15m    [39m[38;5;204mPOOLER_SAMPLING_RATIO[39m[38;5;15m:[39m[38;5;15m [39m[38;5;141m0[39m
[38;5;15m    [39m[38;5;204mPOOLER_TYPE[39m[38;5;15m:[39m[38;5;15m [39m[38;5;141mROIAlignV2[39m
[38;5;15m  [39m[38;5;204mRPN[39m[38;5;15m:[39m
[38;5;15m    [39m[38;5;204mBATCH_SIZE_PER_IMAGE[39m[38;5;15m:[39m[38;5;15m [39m[38;5;141m256[39m
[38;5;15m    [39m[38;5;204mBBOX_REG_LOSS_TYPE[39m[38;5;15m:[39m[38;5;15m [39m[38;5;141msmooth_l1[39m
[38;5;15m    [39m[38;5;204mBBOX_REG_LOSS_WEIGHT[39m[38;5;15m:[39m[38;5;15m [39m[38;5;141m1.0[39m
[38;5;15m    [39m[38;5;204mBBOX_REG_WEIGHTS[39m[38;5;15m:[39m[38;5;15m [39m[38;5;15m*id002[39m
[38;5;15m    [39m[38;5;204mBOUNDARY_THRESH[39m[38;5;15m:[39m[38;5;15m [39m[38;5;141m-1[39m
[38;5;15m    [39m[38;5;204mCONV_DIMS[39m[38;5;15m:[39m
[38;5;15m    [39m[38;5;15m-[39m[38;5;15m [39m[38;5;141m-1[39m
[38;5;15m    [39m[38;5;204mHEAD_NAME[39m[38;5;15m:[39m[38;5;15m [39m[38;5;141mStandardRPNHead[39m
[38;5;15m    [39m[38;5;204mIN_FEATURES[39m[38;5;15m:[39m
[38;5;15m    [39m[38;5;15m-[39m[38;5;15m [39m[38;5;141mres4[39m
[38;5;15m    [39m[38;5;204mIOU_LABELS[39m[38;5;15m:[39m
[38;5;15m    [39m[38;5;15m-[39m[38;5;15m [39m[38;5;141m0[39m
[38;5;15m    [39m[38;5;15m-[39m[38;5;15m [39m[38;5;141m-1[39m
[38;5;15m    [39m[38;5;15m-[39m[38;5;15m [39m[38;5;141m1[39m
[38;5;15m    [39m[38;5;204mIOU_THRESHOLDS[39m[38;5;15m:[39m
[38;5;15m    [39m[38;5;15m-[39m[38;5;15m [39m[38;5;141m0.3[39m
[38;5;15m    [39m[38;5;15m-[39m[38;5;15m [39m[38;5;141m0.7[39m
[38;5;15m    [39m[38;5;204mLOSS_WEIGHT[39m[38;5;15m:[39m[38;5;15m [39m[38;5;141m1.0[39m
[38;5;15m    [39m[38;5;204mNMS_THRESH[39m[38;5;15m:[39m[38;5;15m [39m[38;5;141m0.7[39m
[38;5;15m    [39m[38;5;204mPOSITIVE_FRACTION[39m[38;5;15m:[39m[38;5;15m [39m[38;5;141m0.5[39m
[38;5;15m    [39m[38;5;204mPOST_NMS_TOPK_TEST[39m[38;5;15m:[39m[38;5;15m [39m[38;5;141m1000[39m
[38;5;15m    [39m[38;5;204mPOST_NMS_TOPK_TRAIN[39m[38;5;15m:[39m[38;5;15m [39m[38;5;141m2000[39m
[38;5;15m    [39m[38;5;204mPRE_NMS_TOPK_TEST[39m[38;5;15m:[39m[38;5;15m [39m[38;5;141m6000[39m
[38;5;15m    [39m[38;5;204mPRE_NMS_TOPK_TRAIN[39m[38;5;15m:[39m[38;5;15m [39m[38;5;141m12000[39m
[38;5;15m    [39m[38;5;204mSMOOTH_L1_BETA[39m[38;5;15m:[39m[38;5;15m [39m[38;5;141m0.0[39m
[38;5;15m  [39m[38;5;204mSEM_SEG_HEAD[39m[38;5;15m:[39m
[38;5;15m    [39m[38;5;204mASPP_CHANNELS[39m[38;5;15m:[39m[38;5;15m [39m[38;5;141m256[39m
[38;5;15m    [39m[38;5;204mASPP_DILATIONS[39m[38;5;15m:[39m
[38;5;15m    [39m[38;5;15m-[39m[38;5;15m [39m[38;5;141m6[39m
[38;5;15m    [39m[38;5;15m-[39m[38;5;15m [39m[38;5;141m12[39m
[38;5;15m    [39m[38;5;15m-[39m[38;5;15m [39m[38;5;141m18[39m
[38;5;15m    [39m[38;5;204mASPP_DROPOUT[39m[38;5;15m:[39m[38;5;15m [39m[38;5;141m0.1[39m
[38;5;15m    [39m[38;5;204mCOMMON_STRIDE[39m[38;5;15m:[39m[38;5;15m [39m[38;5;141m4[39m
[38;5;15m    [39m[38;5;204mCONVS_DIM[39m[38;5;15m:[39m[38;5;15m [39m[38;5;141m256[39m
[38;5;15m    [39m[38;5;204mDEFORMABLE_TRANSFORMER_ENCODER_IN_FEATURES[39m[38;5;15m:[39m
[38;5;15m    [39m[38;5;15m-[39m[38;5;15m [39m[38;5;141mres3[39m
[38;5;15m    [39m[38;5;15m-[39m[38;5;15m [39m[38;5;141mres4[39m
[38;5;15m    [39m[38;5;15m-[39m[38;5;15m [39m[38;5;141mres5[39m
[38;5;15m    [39m[38;5;204mDEFORMABLE_TRANSFORMER_ENCODER_N_HEADS[39m[38;5;15m:[39m[38;5;15m [39m[38;5;141m8[39m
[38;5;15m    [39m[38;5;204mDEFORMABLE_TRANSFORMER_ENCODER_N_POINTS[39m[38;5;15m:[39m[38;5;15m [39m[38;5;141m4[39m
[38;5;15m    [39m[38;5;204mIGNORE_VALUE[39m[38;5;15m:[39m[38;5;15m [39m[38;5;141m255[39m
[38;5;15m    [39m[38;5;204mIN_FEATURES[39m[38;5;15m:[39m
[38;5;15m    [39m[38;5;15m-[39m[38;5;15m [39m[38;5;141mres2[39m
[38;5;15m    [39m[38;5;15m-[39m[38;5;15m [39m[38;5;141mres3[39m
[38;5;15m    [39m[38;5;15m-[39m[38;5;15m [39m[38;5;141mres4[39m
[38;5;15m    [39m[38;5;15m-[39m[38;5;15m [39m[38;5;141mres5[39m
[38;5;15m    [39m[38;5;204mLOSS_TYPE[39m[38;5;15m:[39m[38;5;15m [39m[38;5;141mhard_pixel_mining[39m
[38;5;15m    [39m[38;5;204mLOSS_WEIGHT[39m[38;5;15m:[39m[38;5;15m [39m[38;5;141m1.0[39m
[38;5;15m    [39m[38;5;204mMASK_DIM[39m[38;5;15m:[39m[38;5;15m [39m[38;5;141m256[39m
[38;5;15m    [39m[38;5;204mNAME[39m[38;5;15m:[39m[38;5;15m [39m[38;5;141mMaskFormerHead[39m
[38;5;15m    [39m[38;5;204mNORM[39m[38;5;15m:[39m[38;5;15m [39m[38;5;141mGN[39m
[38;5;15m    [39m[38;5;204mNUM_CLASSES[39m[38;5;15m:[39m[38;5;15m [39m[38;5;141m1[39m
[38;5;15m    [39m[38;5;204mPIXEL_DECODER_NAME[39m[38;5;15m:[39m[38;5;15m [39m[38;5;141mMSDeformAttnPixelDecoder[39m
[38;5;15m    [39m[38;5;204mPROJECT_CHANNELS[39m[38;5;15m:[39m
[38;5;15m    [39m[38;5;15m-[39m[38;5;15m [39m[38;5;141m48[39m
[38;5;15m    [39m[38;5;204mPROJECT_FEATURES[39m[38;5;15m:[39m
[38;5;15m    [39m[38;5;15m-[39m[38;5;15m [39m[38;5;141mres2[39m
[38;5;15m    [39m[38;5;204mTRANSFORMER_ENC_LAYERS[39m[38;5;15m:[39m[38;5;15m [39m[38;5;141m6[39m
[38;5;15m    [39m[38;5;204mUSE_DEPTHWISE_SEPARABLE_CONV[39m[38;5;15m:[39m[38;5;15m [39m[38;5;141mfalse[39m
[38;5;15m  [39m[38;5;204mSWIN[39m[38;5;15m:[39m
[38;5;15m    [39m[38;5;204mAPE[39m[38;5;15m:[39m[38;5;15m [39m[38;5;141mfalse[39m
[38;5;15m    [39m[38;5;204mATTN_DROP_RATE[39m[38;5;15m:[39m[38;5;15m [39m[38;5;141m0.0[39m
[38;5;15m    [39m[38;5;204mDEPTHS[39m[38;5;15m:[39m
[38;5;15m    [39m[38;5;15m-[39m[38;5;15m [39m[38;5;141m2[39m
[38;5;15m    [39m[38;5;15m-[39m[38;5;15m [39m[38;5;141m2[39m
[38;5;15m    [39m[38;5;15m-[39m[38;5;15m [39m[38;5;141m6[39m
[38;5;15m    [39m[38;5;15m-[39m[38;5;15m [39m[38;5;141m2[39m
[38;5;15m    [39m[38;5;204mDROP_PATH_RATE[39m[38;5;15m:[39m[38;5;15m [39m[38;5;141m0.3[39m
[38;5;15m    [39m[38;5;204mDROP_RATE[39m[38;5;15m:[39m[38;5;15m [39m[38;5;141m0.0[39m
[38;5;15m    [39m[38;5;204mEMBED_DIM[39m[38;5;15m:[39m[38;5;15m [39m[38;5;141m96[39m
[38;5;15m    [39m[38;5;204mMLP_RATIO[39m[38;5;15m:[39m[38;5;15m [39m[38;5;141m4.0[39m
[38;5;15m    [39m[38;5;204mNUM_HEADS[39m[38;5;15m:[39m
[38;5;15m    [39m[38;5;15m-[39m[38;5;15m [39m[38;5;141m3[39m
[38;5;15m    [39m[38;5;15m-[39m[38;5;15m [39m[38;5;141m6[39m
[38;5;15m    [39m[38;5;15m-[39m[38;5;15m [39m[38;5;141m12[39m
[38;5;15m    [39m[38;5;15m-[39m[38;5;15m [39m[38;5;141m24[39m
[38;5;15m    [39m[38;5;204mOUT_FEATURES[39m[38;5;15m:[39m
[38;5;15m    [39m[38;5;15m-[39m[38;5;15m [39m[38;5;141mres2[39m
[38;5;15m    [39m[38;5;15m-[39m[38;5;15m [39m[38;5;141mres3[39m
[38;5;15m    [39m[38;5;15m-[39m[38;5;15m [39m[38;5;141mres4[39m
[38;5;15m    [39m[38;5;15m-[39m[38;5;15m [39m[38;5;141mres5[39m
[38;5;15m    [39m[38;5;204mPATCH_NORM[39m[38;5;15m:[39m[38;5;15m [39m[38;5;141mtrue[39m
[38;5;15m    [39m[38;5;204mPATCH_SIZE[39m[38;5;15m:[39m[38;5;15m [39m[38;5;141m4[39m
[38;5;15m    [39m[38;5;204mPRETRAIN_IMG_SIZE[39m[38;5;15m:[39m[38;5;15m [39m[38;5;141m224[39m
[38;5;15m    [39m[38;5;204mQKV_BIAS[39m[38;5;15m:[39m[38;5;15m [39m[38;5;141mtrue[39m
[38;5;15m    [39m[38;5;204mQK_SCALE[39m[38;5;15m:[39m[38;5;15m [39m[38;5;141mnull[39m
[38;5;15m    [39m[38;5;204mUSE_CHECKPOINT[39m[38;5;15m:[39m[38;5;15m [39m[38;5;141mfalse[39m
[38;5;15m    [39m[38;5;204mWINDOW_SIZE[39m[38;5;15m:[39m[38;5;15m [39m[38;5;141m7[39m
[38;5;15m  [39m[38;5;204mWEIGHTS[39m[38;5;15m:[39m[38;5;15m [39m[38;5;141m/mnt/data/mis2025/group_6/Parameter/pre_train_para/graphene_mid/model_final.pth[39m
[38;5;204mOUTPUT_DIR[39m[38;5;15m:[39m[38;5;15m [39m[38;5;141m/mnt/data/mis2025/group_6/Parameter/trained_para/graphene_mid_finetune_penalize_small_flakes[39m
[38;5;204mSEED[39m[38;5;15m:[39m[38;5;15m [39m[38;5;141m42[39m
[38;5;204mSOLVER[39m[38;5;15m:[39m
[38;5;15m  [39m[38;5;204mAMP[39m[38;5;15m:[39m
[38;5;15m    [39m[38;5;204mENABLED[39m[38;5;15m:[39m[38;5;15m [39m[38;5;141mfalse[39m
[38;5;15m  [39m[38;5;204mBACKBONE_MULTIPLIER[39m[38;5;15m:[39m[38;5;15m [39m[38;5;141m1.0[39m
[38;5;15m  [39m[38;5;204mBASE_LR[39m[38;5;15m:[39m[38;5;15m [39m[38;5;141m5.0e-05[39m
[38;5;15m  [39m[38;5;204mBASE_LR_END[39m[38;5;15m:[39m[38;5;15m [39m[38;5;141m0.0[39m
[38;5;15m  [39m[38;5;204mBIAS_LR_FACTOR[39m[38;5;15m:[39m[38;5;15m [39m[38;5;141m1.0[39m
[38;5;15m  [39m[38;5;204mCHECKPOINT_PERIOD[39m[38;5;15m:[39m[38;5;15m [39m[38;5;141m5000[39m
[38;5;15m  [39m[38;5;204mCLIP_GRADIENTS[39m[38;5;15m:[39m
[38;5;15m    [39m[38;5;204mCLIP_TYPE[39m[38;5;15m:[39m[38;5;15m [39m[38;5;141mfull_model[39m
[38;5;15m    [39m[38;5;204mCLIP_VALUE[39m[38;5;15m:[39m[38;5;15m [39m[38;5;141m0.01[39m
[38;5;15m    [39m[38;5;204mENABLED[39m[38;5;15m:[39m[38;5;15m [39m[38;5;141mtrue[39m
[38;5;15m    [39m[38;5;204mNORM_TYPE[39m[38;5;15m:[39m[38;5;15m [39m[38;5;141m2.0[39m
[38;5;15m  [39m[38;5;204mGAMMA[39m[38;5;15m:[39m[38;5;15m [39m[38;5;141m0.1[39m
[38;5;15m  [39m[38;5;204mIMS_PER_BATCH[39m[38;5;15m:[39m[38;5;15m [39m[38;5;141m16[39m
[38;5;15m  [39m[38;5;204mLR_SCHEDULER_NAME[39m[38;5;15m:[39m[38;5;15m [39m[38;5;141mWarmupCosineLR[39m
[38;5;15m  [39m[38;5;204mMAX_ITER[39m[38;5;15m:[39m[38;5;15m [39m[38;5;141m15000[39m
[38;5;15m  [39m[38;5;204mMOMENTUM[39m[38;5;15m:[39m[38;5;15m [39m[38;5;141m0.9[39m
[38;5;15m  [39m[38;5;204mNESTEROV[39m[38;5;15m:[39m[38;5;15m [39m[38;5;141mfalse[39m
[38;5;15m  [39m[38;5;204mNUM_DECAYS[39m[38;5;15m:[39m[38;5;15m [39m[38;5;141m3[39m
[38;5;15m  [39m[38;5;204mOPTIMIZER[39m[38;5;15m:[39m[38;5;15m [39m[38;5;141mADAMW[39m
[38;5;15m  [39m[38;5;204mPOLY_LR_CONSTANT_ENDING[39m[38;5;15m:[39m[38;5;15m [39m[38;5;141m0.0[39m
[38;5;15m  [39m[38;5;204mPOLY_LR_POWER[39m[38;5;15m:[39m[38;5;15m [39m[38;5;141m0.9[39m
[38;5;15m  [39m[38;5;204mREFERENCE_WORLD_SIZE[39m[38;5;15m:[39m[38;5;15m [39m[38;5;141m0[39m
[38;5;15m  [39m[38;5;204mRESCALE_INTERVAL[39m[38;5;15m:[39m[38;5;15m [39m[38;5;141mfalse[39m
[38;5;15m  [39m[38;5;204mSTEPS[39m[38;5;15m:[39m
[38;5;15m  [39m[38;5;15m-[39m[38;5;15m [39m[38;5;141m30000[39m
[38;5;15m  [39m[38;5;204mWARMUP_FACTOR[39m[38;5;15m:[39m[38;5;15m [39m[38;5;141m0.001[39m
[38;5;15m  [39m[38;5;204mWARMUP_ITERS[39m[38;5;15m:[39m[38;5;15m [39m[38;5;141m500[39m
[38;5;15m  [39m[38;5;204mWARMUP_METHOD[39m[38;5;15m:[39m[38;5;15m [39m[38;5;141mlinear[39m
[38;5;15m  [39m[38;5;204mWEIGHT_DECAY[39m[38;5;15m:[39m[38;5;15m [39m[38;5;141m0.05[39m
[38;5;15m  [39m[38;5;204mWEIGHT_DECAY_BIAS[39m[38;5;15m:[39m[38;5;15m [39m[38;5;141mnull[39m
[38;5;15m  [39m[38;5;204mWEIGHT_DECAY_EMBED[39m[38;5;15m:[39m[38;5;15m [39m[38;5;141m0.0[39m
[38;5;15m  [39m[38;5;204mWEIGHT_DECAY_NORM[39m[38;5;15m:[39m[38;5;15m [39m[38;5;141m0.0[39m
[38;5;204mTEST[39m[38;5;15m:[39m
[38;5;15m  [39m[38;5;204mAUG[39m[38;5;15m:[39m
[38;5;15m    [39m[38;5;204mENABLED[39m[38;5;15m:[39m[38;5;15m [39m[38;5;141mfalse[39m
[38;5;15m    [39m[38;5;204mFLIP[39m[38;5;15m:[39m[38;5;15m [39m[38;5;141mtrue[39m
[38;5;15m    [39m[38;5;204mMAX_SIZE[39m[38;5;15m:[39m[38;5;15m [39m[38;5;141m4000[39m
[38;5;15m    [39m[38;5;204mMIN_SIZES[39m[38;5;15m:[39m
[38;5;15m    [39m[38;5;15m-[39m[38;5;15m [39m[38;5;141m400[39m
[38;5;15m    [39m[38;5;15m-[39m[38;5;15m [39m[38;5;141m500[39m
[38;5;15m    [39m[38;5;15m-[39m[38;5;15m [39m[38;5;141m600[39m
[38;5;15m    [39m[38;5;15m-[39m[38;5;15m [39m[38;5;141m700[39m
[38;5;15m    [39m[38;5;15m-[39m[38;5;15m [39m[38;5;141m800[39m
[38;5;15m    [39m[38;5;15m-[39m[38;5;15m [39m[38;5;141m900[39m
[38;5;15m    [39m[38;5;15m-[39m[38;5;15m [39m[38;5;141m1000[39m
[38;5;15m    [39m[38;5;15m-[39m[38;5;15m [39m[38;5;141m1100[39m
[38;5;15m    [39m[38;5;15m-[39m[38;5;15m [39m[38;5;141m1200[39m
[38;5;15m  [39m[38;5;204mDETECTIONS_PER_IMAGE[39m[38;5;15m:[39m[38;5;15m [39m[38;5;141m100[39m
[38;5;15m  [39m[38;5;204mEVAL_PERIOD[39m[38;5;15m:[39m[38;5;15m [39m[38;5;141m50000[39m
[38;5;15m  [39m[38;5;204mEXPECTED_RESULTS[39m[38;5;15m:[39m[38;5;15m [39m[38;5;15m[[39m[38;5;15m][39m
[38;5;15m  [39m[38;5;204mKEYPOINT_OKS_SIGMAS[39m[38;5;15m:[39m[38;5;15m [39m[38;5;15m[[39m[38;5;15m][39m
[38;5;15m  [39m[38;5;204mPRECISE_BN[39m[38;5;15m:[39m
[38;5;15m    [39m[38;5;204mENABLED[39m[38;5;15m:[39m[38;5;15m [39m[38;5;141mfalse[39m
[38;5;15m    [39m[38;5;204mNUM_ITER[39m[38;5;15m:[39m[38;5;15m [39m[38;5;141m200[39m
[38;5;204mVERSION[39m[38;5;15m:[39m[38;5;15m [39m[38;5;141m2[39m
[38;5;204mVIS_PERIOD[39m[38;5;15m:[39m[38;5;15m [39m[38;5;141m0[39m

[03/19 14:44:10 detectron2]: Full config saved to /mnt/data/mis2025/group_6/Parameter/trained_para/graphene_mid_finetune_penalize_small_flakes/config.yaml
[03/19 14:44:11 d2.engine.defaults]: Model:
MaskFormer(
  (backbone): ResNet(
    (stem): BasicStem(
      (conv1): Conv2d(
        3, 64, kernel_size=(7, 7), stride=(2, 2), padding=(3, 3), bias=False
        (norm): FrozenBatchNorm2d(num_features=64, eps=1e-05)
      )
    )
    (res2): Sequential(
      (0): BottleneckBlock(
        (shortcut): Conv2d(
          64, 256, kernel_size=(1, 1), stride=(1, 1), bias=False
          (norm): FrozenBatchNorm2d(num_features=256, eps=1e-05)
        )
        (conv1): Conv2d(
          64, 64, kernel_size=(1, 1), stride=(1, 1), bias=False
          (norm): FrozenBatchNorm2d(num_features=64, eps=1e-05)
        )
        (conv2): Conv2d(
          64, 64, kernel_size=(3, 3), stride=(1, 1), padding=(1, 1), bias=False
          (norm): FrozenBatchNorm2d(num_features=64, eps=1e-05)
        )
        (conv3): Conv2d(
          64, 256, kernel_size=(1, 1), stride=(1, 1), bias=False
          (norm): FrozenBatchNorm2d(num_features=256, eps=1e-05)
        )
      )
      (1): BottleneckBlock(
        (conv1): Conv2d(
          256, 64, kernel_size=(1, 1), stride=(1, 1), bias=False
          (norm): FrozenBatchNorm2d(num_features=64, eps=1e-05)
        )
        (conv2): Conv2d(
          64, 64, kernel_size=(3, 3), stride=(1, 1), padding=(1, 1), bias=False
          (norm): FrozenBatchNorm2d(num_features=64, eps=1e-05)
        )
        (conv3): Conv2d(
          64, 256, kernel_size=(1, 1), stride=(1, 1), bias=False
          (norm): FrozenBatchNorm2d(num_features=256, eps=1e-05)
        )
      )
      (2): BottleneckBlock(
        (conv1): Conv2d(
          256, 64, kernel_size=(1, 1), stride=(1, 1), bias=False
          (norm): FrozenBatchNorm2d(num_features=64, eps=1e-05)
        )
        (conv2): Conv2d(
          64, 64, kernel_size=(3, 3), stride=(1, 1), padding=(1, 1), bias=False
          (norm): FrozenBatchNorm2d(num_features=64, eps=1e-05)
        )
        (conv3): Conv2d(
          64, 256, kernel_size=(1, 1), stride=(1, 1), bias=False
          (norm): FrozenBatchNorm2d(num_features=256, eps=1e-05)
        )
      )
    )
    (res3): Sequential(
      (0): BottleneckBlock(
        (shortcut): Conv2d(
          256, 512, kernel_size=(1, 1), stride=(2, 2), bias=False
          (norm): FrozenBatchNorm2d(num_features=512, eps=1e-05)
        )
        (conv1): Conv2d(
          256, 128, kernel_size=(1, 1), stride=(1, 1), bias=False
          (norm): FrozenBatchNorm2d(num_features=128, eps=1e-05)
        )
        (conv2): Conv2d(
          128, 128, kernel_size=(3, 3), stride=(2, 2), padding=(1, 1), bias=False
          (norm): FrozenBatchNorm2d(num_features=128, eps=1e-05)
        )
        (conv3): Conv2d(
          128, 512, kernel_size=(1, 1), stride=(1, 1), bias=False
          (norm): FrozenBatchNorm2d(num_features=512, eps=1e-05)
        )
      )
      (1): BottleneckBlock(
        (conv1): Conv2d(
          512, 128, kernel_size=(1, 1), stride=(1, 1), bias=False
          (norm): FrozenBatchNorm2d(num_features=128, eps=1e-05)
        )
        (conv2): Conv2d(
          128, 128, kernel_size=(3, 3), stride=(1, 1), padding=(1, 1), bias=False
          (norm): FrozenBatchNorm2d(num_features=128, eps=1e-05)
        )
        (conv3): Conv2d(
          128, 512, kernel_size=(1, 1), stride=(1, 1), bias=False
          (norm): FrozenBatchNorm2d(num_features=512, eps=1e-05)
        )
      )
      (2): BottleneckBlock(
        (conv1): Conv2d(
          512, 128, kernel_size=(1, 1), stride=(1, 1), bias=False
          (norm): FrozenBatchNorm2d(num_features=128, eps=1e-05)
        )
        (conv2): Conv2d(
          128, 128, kernel_size=(3, 3), stride=(1, 1), padding=(1, 1), bias=False
          (norm): FrozenBatchNorm2d(num_features=128, eps=1e-05)
        )
        (conv3): Conv2d(
          128, 512, kernel_size=(1, 1), stride=(1, 1), bias=False
          (norm): FrozenBatchNorm2d(num_features=512, eps=1e-05)
        )
      )
      (3): BottleneckBlock(
        (conv1): Conv2d(
          512, 128, kernel_size=(1, 1), stride=(1, 1), bias=False
          (norm): FrozenBatchNorm2d(num_features=128, eps=1e-05)
        )
        (conv2): Conv2d(
          128, 128, kernel_size=(3, 3), stride=(1, 1), padding=(1, 1), bias=False
          (norm): FrozenBatchNorm2d(num_features=128, eps=1e-05)
        )
        (conv3): Conv2d(
          128, 512, kernel_size=(1, 1), stride=(1, 1), bias=False
          (norm): FrozenBatchNorm2d(num_features=512, eps=1e-05)
        )
      )
    )
    (res4): Sequential(
      (0): BottleneckBlock(
        (shortcut): Conv2d(
          512, 1024, kernel_size=(1, 1), stride=(2, 2), bias=False
          (norm): FrozenBatchNorm2d(num_features=1024, eps=1e-05)
        )
        (conv1): Conv2d(
          512, 256, kernel_size=(1, 1), stride=(1, 1), bias=False
          (norm): FrozenBatchNorm2d(num_features=256, eps=1e-05)
        )
        (conv2): Conv2d(
          256, 256, kernel_size=(3, 3), stride=(2, 2), padding=(1, 1), bias=False
          (norm): FrozenBatchNorm2d(num_features=256, eps=1e-05)
        )
        (conv3): Conv2d(
          256, 1024, kernel_size=(1, 1), stride=(1, 1), bias=False
          (norm): FrozenBatchNorm2d(num_features=1024, eps=1e-05)
        )
      )
      (1): BottleneckBlock(
        (conv1): Conv2d(
          1024, 256, kernel_size=(1, 1), stride=(1, 1), bias=False
          (norm): FrozenBatchNorm2d(num_features=256, eps=1e-05)
        )
        (conv2): Conv2d(
          256, 256, kernel_size=(3, 3), stride=(1, 1), padding=(1, 1), bias=False
          (norm): FrozenBatchNorm2d(num_features=256, eps=1e-05)
        )
        (conv3): Conv2d(
          256, 1024, kernel_size=(1, 1), stride=(1, 1), bias=False
          (norm): FrozenBatchNorm2d(num_features=1024, eps=1e-05)
        )
      )
      (2): BottleneckBlock(
        (conv1): Conv2d(
          1024, 256, kernel_size=(1, 1), stride=(1, 1), bias=False
          (norm): FrozenBatchNorm2d(num_features=256, eps=1e-05)
        )
        (conv2): Conv2d(
          256, 256, kernel_size=(3, 3), stride=(1, 1), padding=(1, 1), bias=False
          (norm): FrozenBatchNorm2d(num_features=256, eps=1e-05)
        )
        (conv3): Conv2d(
          256, 1024, kernel_size=(1, 1), stride=(1, 1), bias=False
          (norm): FrozenBatchNorm2d(num_features=1024, eps=1e-05)
        )
      )
      (3): BottleneckBlock(
        (conv1): Conv2d(
          1024, 256, kernel_size=(1, 1), stride=(1, 1), bias=False
          (norm): FrozenBatchNorm2d(num_features=256, eps=1e-05)
        )
        (conv2): Conv2d(
          256, 256, kernel_size=(3, 3), stride=(1, 1), padding=(1, 1), bias=False
          (norm): FrozenBatchNorm2d(num_features=256, eps=1e-05)
        )
        (conv3): Conv2d(
          256, 1024, kernel_size=(1, 1), stride=(1, 1), bias=False
          (norm): FrozenBatchNorm2d(num_features=1024, eps=1e-05)
        )
      )
      (4): BottleneckBlock(
        (conv1): Conv2d(
          1024, 256, kernel_size=(1, 1), stride=(1, 1), bias=False
          (norm): FrozenBatchNorm2d(num_features=256, eps=1e-05)
        )
        (conv2): Conv2d(
          256, 256, kernel_size=(3, 3), stride=(1, 1), padding=(1, 1), bias=False
          (norm): FrozenBatchNorm2d(num_features=256, eps=1e-05)
        )
        (conv3): Conv2d(
          256, 1024, kernel_size=(1, 1), stride=(1, 1), bias=False
          (norm): FrozenBatchNorm2d(num_features=1024, eps=1e-05)
        )
      )
      (5): BottleneckBlock(
        (conv1): Conv2d(
          1024, 256, kernel_size=(1, 1), stride=(1, 1), bias=False
          (norm): FrozenBatchNorm2d(num_features=256, eps=1e-05)
        )
        (conv2): Conv2d(
          256, 256, kernel_size=(3, 3), stride=(1, 1), padding=(1, 1), bias=False
          (norm): FrozenBatchNorm2d(num_features=256, eps=1e-05)
        )
        (conv3): Conv2d(
          256, 1024, kernel_size=(1, 1), stride=(1, 1), bias=False
          (norm): FrozenBatchNorm2d(num_features=1024, eps=1e-05)
        )
      )
    )
    (res5): Sequential(
      (0): BottleneckBlock(
        (shortcut): Conv2d(
          1024, 2048, kernel_size=(1, 1), stride=(2, 2), bias=False
          (norm): FrozenBatchNorm2d(num_features=2048, eps=1e-05)
        )
        (conv1): Conv2d(
          1024, 512, kernel_size=(1, 1), stride=(1, 1), bias=False
          (norm): FrozenBatchNorm2d(num_features=512, eps=1e-05)
        )
        (conv2): Conv2d(
          512, 512, kernel_size=(3, 3), stride=(2, 2), padding=(1, 1), bias=False
          (norm): FrozenBatchNorm2d(num_features=512, eps=1e-05)
        )
        (conv3): Conv2d(
          512, 2048, kernel_size=(1, 1), stride=(1, 1), bias=False
          (norm): FrozenBatchNorm2d(num_features=2048, eps=1e-05)
        )
      )
      (1): BottleneckBlock(
        (conv1): Conv2d(
          2048, 512, kernel_size=(1, 1), stride=(1, 1), bias=False
          (norm): FrozenBatchNorm2d(num_features=512, eps=1e-05)
        )
        (conv2): Conv2d(
          512, 512, kernel_size=(3, 3), stride=(1, 1), padding=(1, 1), bias=False
          (norm): FrozenBatchNorm2d(num_features=512, eps=1e-05)
        )
        (conv3): Conv2d(
          512, 2048, kernel_size=(1, 1), stride=(1, 1), bias=False
          (norm): FrozenBatchNorm2d(num_features=2048, eps=1e-05)
        )
      )
      (2): BottleneckBlock(
        (conv1): Conv2d(
          2048, 512, kernel_size=(1, 1), stride=(1, 1), bias=False
          (norm): FrozenBatchNorm2d(num_features=512, eps=1e-05)
        )
        (conv2): Conv2d(
          512, 512, kernel_size=(3, 3), stride=(1, 1), padding=(1, 1), bias=False
          (norm): FrozenBatchNorm2d(num_features=512, eps=1e-05)
        )
        (conv3): Conv2d(
          512, 2048, kernel_size=(1, 1), stride=(1, 1), bias=False
          (norm): FrozenBatchNorm2d(num_features=2048, eps=1e-05)
        )
      )
    )
  )
  (sem_seg_head): MaskFormerHead(
    (pixel_decoder): MSDeformAttnPixelDecoder(
      (input_proj): ModuleList(
        (0): Sequential(
          (0): Conv2d(2048, 256, kernel_size=(1, 1), stride=(1, 1))
          (1): GroupNorm(32, 256, eps=1e-05, affine=True)
        )
        (1): Sequential(
          (0): Conv2d(1024, 256, kernel_size=(1, 1), stride=(1, 1))
          (1): GroupNorm(32, 256, eps=1e-05, affine=True)
        )
        (2): Sequential(
          (0): Conv2d(512, 256, kernel_size=(1, 1), stride=(1, 1))
          (1): GroupNorm(32, 256, eps=1e-05, affine=True)
        )
      )
      (transformer): MSDeformAttnTransformerEncoderOnly(
        (encoder): MSDeformAttnTransformerEncoder(
          (layers): ModuleList(
            (0-5): 6 x MSDeformAttnTransformerEncoderLayer(
              (self_attn): MSDeformAttn(
                (sampling_offsets): Linear(in_features=256, out_features=192, bias=True)
                (attention_weights): Linear(in_features=256, out_features=96, bias=True)
                (value_proj): Linear(in_features=256, out_features=256, bias=True)
                (output_proj): Linear(in_features=256, out_features=256, bias=True)
              )
              (dropout1): Dropout(p=0.0, inplace=False)
              (norm1): LayerNorm((256,), eps=1e-05, elementwise_affine=True)
              (linear1): Linear(in_features=256, out_features=1024, bias=True)
              (dropout2): Dropout(p=0.0, inplace=False)
              (linear2): Linear(in_features=1024, out_features=256, bias=True)
              (dropout3): Dropout(p=0.0, inplace=False)
              (norm2): LayerNorm((256,), eps=1e-05, elementwise_affine=True)
            )
          )
        )
      )
      (pe_layer): Positional encoding PositionEmbeddingSine
          num_pos_feats: 128
          temperature: 10000
          normalize: True
          scale: 6.283185307179586
      (mask_features): Conv2d(256, 256, kernel_size=(1, 1), stride=(1, 1))
      (adapter_1): Conv2d(
        256, 256, kernel_size=(1, 1), stride=(1, 1), bias=False
        (norm): GroupNorm(32, 256, eps=1e-05, affine=True)
      )
      (layer_1): Conv2d(
        256, 256, kernel_size=(3, 3), stride=(1, 1), padding=(1, 1), bias=False
        (norm): GroupNorm(32, 256, eps=1e-05, affine=True)
      )
    )
    (predictor): MultiScaleMaskedTransformerDecoder(
      (pe_layer): Positional encoding PositionEmbeddingSine
          num_pos_feats: 128
          temperature: 10000
          normalize: True
          scale: 6.283185307179586
      (transformer_self_attention_layers): ModuleList(
        (0-8): 9 x SelfAttentionLayer(
          (self_attn): MultiheadAttention(
            (out_proj): NonDynamicallyQuantizableLinear(in_features=256, out_features=256, bias=True)
          )
          (norm): LayerNorm((256,), eps=1e-05, elementwise_affine=True)
          (dropout): Dropout(p=0.0, inplace=False)
        )
      )
      (transformer_cross_attention_layers): ModuleList(
        (0-8): 9 x CrossAttentionLayer(
          (multihead_attn): MultiheadAttention(
            (out_proj): NonDynamicallyQuantizableLinear(in_features=256, out_features=256, bias=True)
          )
          (norm): LayerNorm((256,), eps=1e-05, elementwise_affine=True)
          (dropout): Dropout(p=0.0, inplace=False)
        )
      )
      (transformer_ffn_layers): ModuleList(
        (0-8): 9 x FFNLayer(
          (linear1): Linear(in_features=256, out_features=2048, bias=True)
          (dropout): Dropout(p=0.0, inplace=False)
          (linear2): Linear(in_features=2048, out_features=256, bias=True)
          (norm): LayerNorm((256,), eps=1e-05, elementwise_affine=True)
        )
      )
      (decoder_norm): LayerNorm((256,), eps=1e-05, elementwise_affine=True)
      (query_feat): Embedding(20, 256)
      (query_embed): Embedding(20, 256)
      (level_embed): Embedding(3, 256)
      (input_proj): ModuleList(
        (0-2): 3 x Sequential()
      )
      (class_embed): Linear(in_features=256, out_features=2, bias=True)
      (mask_embed): MLP(
        (layers): ModuleList(
          (0-2): 3 x Linear(in_features=256, out_features=256, bias=True)
        )
      )
    )
  )
  (criterion): Criterion SetCriterion
      matcher: Matcher HungarianMatcher
          cost_class: 2.0
          cost_mask: 5.0
          cost_dice: 5.0
      losses: ['labels', 'masks']
      weight_dict: {'loss_ce': 2.0, 'loss_mask': 5.0, 'loss_dice': 5.0, 'loss_ce_0': 2.0, 'loss_mask_0': 5.0, 'loss_dice_0': 5.0, 'loss_ce_1': 2.0, 'loss_mask_1': 5.0, 'loss_dice_1': 5.0, 'loss_ce_2': 2.0, 'loss_mask_2': 5.0, 'loss_dice_2': 5.0, 'loss_ce_3': 2.0, 'loss_mask_3': 5.0, 'loss_dice_3': 5.0, 'loss_ce_4': 2.0, 'loss_mask_4': 5.0, 'loss_dice_4': 5.0, 'loss_ce_5': 2.0, 'loss_mask_5': 5.0, 'loss_dice_5': 5.0, 'loss_ce_6': 2.0, 'loss_mask_6': 5.0, 'loss_dice_6': 5.0, 'loss_ce_7': 2.0, 'loss_mask_7': 5.0, 'loss_dice_7': 5.0, 'loss_ce_8': 2.0, 'loss_mask_8': 5.0, 'loss_dice_8': 5.0}
      num_classes: 1
      eos_coef: 0.3
      num_points: 12544
      oversample_ratio: 3.0
      importance_sample_ratio: 0.75
)
[03/19 14:44:11 d2.data.datasets.coco]: Loaded 1351 images in COCO format from /mnt/data/mis2025/group_6/Data/graphene.v5-remove-small-falkes-and-blur-pictures.coco/train/_annotations_rle_1class.coco.json
[03/19 14:44:11 d2.data.build]: Distribution of instances among all 1 categories:
|  category  | #instances   |
|:----------:|:-------------|
|    gra     | 3712         |
|            |              |
[03/19 14:44:11 d2.data.build]: Using training sampler TrainingSampler
[03/19 14:44:11 d2.data.common]: Serializing the dataset using: <class 'detectron2.data.common._TorchSerializedList'>
[03/19 14:44:11 d2.data.common]: Serializing 1351 elements to byte tensors and concatenating them all ...
[03/19 14:44:11 d2.data.common]: Serialized dataset takes 1.03 MiB
[03/19 14:44:11 d2.data.build]: Making batched data loader with batch_size=16
[03/19 14:44:11 d2.checkpoint.detection_checkpoint]: [DetectionCheckpointer] Loading from /mnt/data/mis2025/group_6/Parameter/pre_train_para/graphene_mid/model_final.pth ...
[03/19 14:44:11 fvcore.common.checkpoint]: [Checkpointer] Loading from /mnt/data/mis2025/group_6/Parameter/pre_train_para/graphene_mid/model_final.pth ...
WARNING [03/19 14:44:11 fvcore.common.checkpoint]: Skip loading parameter 'sem_seg_head.predictor.query_feat.weight' to the model due to incompatible shapes: (100, 256) in the checkpoint but (20, 256) in the model! You might want to double check if this is expected.
WARNING [03/19 14:44:11 fvcore.common.checkpoint]: Skip loading parameter 'sem_seg_head.predictor.query_embed.weight' to the model due to incompatible shapes: (100, 256) in the checkpoint but (20, 256) in the model! You might want to double check if this is expected.
WARNING [03/19 14:44:11 fvcore.common.checkpoint]: Some model parameters or buffers are not found in the checkpoint:
sem_seg_head.predictor.query_embed.weight
sem_seg_head.predictor.query_feat.weight
[03/19 14:44:11 d2.engine.train_loop]: Starting training from iteration 0
[03/19 14:44:30 d2.utils.events]:  eta: 3:05:44  iter: 19  total_loss: 66.99  loss_ce: 4.792  loss_mask: 0.2975  loss_dice: 2.442  loss_ce_0: 1.085  loss_mask_0: 0.2391  loss_dice_0: 3.043  loss_ce_1: 4.708  loss_mask_1: 0.3198  loss_dice_1: 2.684  loss_ce_2: 4.751  loss_mask_2: 0.2663  loss_dice_2: 2.069  loss_ce_3: 4.625  loss_mask_3: 0.1659  loss_dice_3: 2.056  loss_ce_4: 4.472  loss_mask_4: 0.1304  loss_dice_4: 1.767  loss_ce_5: 4.425  loss_mask_5: 0.1527  loss_dice_5: 1.608  loss_ce_6: 4.588  loss_mask_6: 0.1451  loss_dice_6: 1.866  loss_ce_7: 4.566  loss_mask_7: 0.2072  loss_dice_7: 2.14  loss_ce_8: 4.755  loss_mask_8: 0.2425  loss_dice_8: 2.378    time: 0.8069  last_time: 0.7790  data_time: 0.1558  last_data_time: 0.1558   lr: 1.9429e-06  max_mem: 10270M
[03/19 14:44:46 d2.utils.events]:  eta: 3:06:36  iter: 39  total_loss: 26.16  loss_ce: 1.103  loss_mask: 0.1282  loss_dice: 1.255  loss_ce_0: 0.9011  loss_mask_0: 0.1443  loss_dice_0: 1.458  loss_ce_1: 0.9958  loss_mask_1: 0.09139  loss_dice_1: 0.7702  loss_ce_2: 1.275  loss_mask_2: 0.1431  loss_dice_2: 1.68  loss_ce_3: 1.315  loss_mask_3: 0.1019  loss_dice_3: 1.384  loss_ce_4: 1.155  loss_mask_4: 0.09639  loss_dice_4: 1.332  loss_ce_5: 1.46  loss_mask_5: 0.101  loss_dice_5: 1.14  loss_ce_6: 1.567  loss_mask_6: 0.1061  loss_dice_6: 1.085  loss_ce_7: 1.135  loss_mask_7: 0.1001  loss_dice_7: 1.494  loss_ce_8: 1.208  loss_mask_8: 0.1076  loss_dice_8: 1.322    time: 0.7848  last_time: 0.7654  data_time: 0.1498  last_data_time: 0.1498   lr: 3.9354e-06  max_mem: 10270M
[03/19 14:45:01 d2.utils.events]:  eta: 3:05:30  iter: 59  total_loss: 40.4  loss_ce: 1.284  loss_mask: 0.3403  loss_dice: 2.091  loss_ce_0: 1.159  loss_mask_0: 0.5419  loss_dice_0: 2.842  loss_ce_1: 1.685  loss_mask_1: 0.4025  loss_dice_1: 2.396  loss_ce_2: 1.6  loss_mask_2: 0.3622  loss_dice_2: 2.159  loss_ce_3: 1.509  loss_mask_3: 0.3561  loss_dice_3: 2.192  loss_ce_4: 1.1  loss_mask_4: 0.3345  loss_dice_4: 2.179  loss_ce_5: 1.427  loss_mask_5: 0.4666  loss_dice_5: 2.441  loss_ce_6: 1.377  loss_mask_6: 0.3614  loss_dice_6: 2.252  loss_ce_7: 1.32  loss_mask_7: 0.3154  loss_dice_7: 2.083  loss_ce_8: 1.348  loss_mask_8: 0.3603  loss_dice_8: 2.121    time: 0.7728  last_time: 0.7851  data_time: 0.1669  last_data_time: 0.1669   lr: 5.9279e-06  max_mem: 10273M
[03/19 14:45:16 d2.utils.events]:  eta: 3:06:16  iter: 79  total_loss: 26.76  loss_ce: 0.7568  loss_mask: 0.1382  loss_dice: 1.61  loss_ce_0: 1.016  loss_mask_0: 0.238  loss_dice_0: 1.693  loss_ce_1: 0.953  loss_mask_1: 0.08729  loss_dice_1: 1.456  loss_ce_2: 1.008  loss_mask_2: 0.1675  loss_dice_2: 1.574  loss_ce_3: 0.9425  loss_mask_3: 0.1369  loss_dice_3: 1.633  loss_ce_4: 0.8386  loss_mask_4: 0.137  loss_dice_4: 1.669  loss_ce_5: 0.8658  loss_mask_5: 0.159  loss_dice_5: 1.742  loss_ce_6: 0.8124  loss_mask_6: 0.1544  loss_dice_6: 1.761  loss_ce_7: 0.7561  loss_mask_7: 0.1554  loss_dice_7: 1.668  loss_ce_8: 0.7379  loss_mask_8: 0.1503  loss_dice_8: 1.742    time: 0.7733  last_time: 0.7519  data_time: 0.1401  last_data_time: 0.1401   lr: 7.9205e-06  max_mem: 10273M
[03/19 14:45:32 d2.utils.events]:  eta: 3:05:31  iter: 99  total_loss: 20.03  loss_ce: 0.5468  loss_mask: 0.0346  loss_dice: 1.186  loss_ce_0: 1.165  loss_mask_0: 0.1751  loss_dice_0: 1.963  loss_ce_1: 0.8558  loss_mask_1: 0.07757  loss_dice_1: 1.424  loss_ce_2: 0.6787  loss_mask_2: 0.0659  loss_dice_2: 1.101  loss_ce_3: 0.7284  loss_mask_3: 0.04961  loss_dice_3: 1.136  loss_ce_4: 0.5199  loss_mask_4: 0.05509  loss_dice_4: 1.294  loss_ce_5: 0.5463  loss_mask_5: 0.02838  loss_dice_5: 1.074  loss_ce_6: 0.6584  loss_mask_6: 0.05672  loss_dice_6: 1.275  loss_ce_7: 0.5335  loss_mask_7: 0.02975  loss_dice_7: 1.136  loss_ce_8: 0.5338  loss_mask_8: 0.02502  loss_dice_8: 1.081    time: 0.7711  last_time: 0.7850  data_time: 0.1563  last_data_time: 0.1563   lr: 9.913e-06  max_mem: 10273M
[03/19 14:45:47 d2.utils.events]:  eta: 3:05:16  iter: 119  total_loss: 14.65  loss_ce: 0.389  loss_mask: 0.05686  loss_dice: 0.9695  loss_ce_0: 0.7183  loss_mask_0: 0.1647  loss_dice_0: 1.654  loss_ce_1: 0.6295  loss_mask_1: 0.07526  loss_dice_1: 0.6599  loss_ce_2: 0.4777  loss_mask_2: 0.09203  loss_dice_2: 1.051  loss_ce_3: 0.5253  loss_mask_3: 0.05619  loss_dice_3: 0.4237  loss_ce_4: 0.4087  loss_mask_4: 0.05986  loss_dice_4: 1.035  loss_ce_5: 0.4237  loss_mask_5: 0.05674  loss_dice_5: 0.7846  loss_ce_6: 0.363  loss_mask_6: 0.06171  loss_dice_6: 0.8238  loss_ce_7: 0.3803  loss_mask_7: 0.05493  loss_dice_7: 0.9579  loss_ce_8: 0.4083  loss_mask_8: 0.04955  loss_dice_8: 0.8339    time: 0.7685  last_time: 0.7765  data_time: 0.1388  last_data_time: 0.1388   lr: 1.1906e-05  max_mem: 10273M
[03/19 14:46:03 d2.utils.events]:  eta: 3:06:18  iter: 139  total_loss: 31.12  loss_ce: 0.4647  loss_mask: 0.1629  loss_dice: 2.642  loss_ce_0: 0.7056  loss_mask_0: 0.09917  loss_dice_0: 1.985  loss_ce_1: 0.6031  loss_mask_1: 0.1966  loss_dice_1: 2.311  loss_ce_2: 0.7328  loss_mask_2: 0.2517  loss_dice_2: 2.621  loss_ce_3: 0.458  loss_mask_3: 0.1925  loss_dice_3: 2.186  loss_ce_4: 0.5184  loss_mask_4: 0.1375  loss_dice_4: 2.282  loss_ce_5: 0.4594  loss_mask_5: 0.1422  loss_dice_5: 2.694  loss_ce_6: 0.4102  loss_mask_6: 0.174  loss_dice_6: 2.41  loss_ce_7: 0.5134  loss_mask_7: 0.1794  loss_dice_7: 2.626  loss_ce_8: 0.4462  loss_mask_8: 0.1823  loss_dice_8: 2.327    time: 0.7675  last_time: 0.8739  data_time: 0.1435  last_data_time: 0.1435   lr: 1.3898e-05  max_mem: 10273M
[03/19 14:46:19 d2.utils.events]:  eta: 3:06:04  iter: 159  total_loss: 25.06  loss_ce: 0.7062  loss_mask: 0.184  loss_dice: 1.48  loss_ce_0: 1.405  loss_mask_0: 0.1741  loss_dice_0: 2.122  loss_ce_1: 0.6071  loss_mask_1: 0.2164  loss_dice_1: 1.527  loss_ce_2: 0.5819  loss_mask_2: 0.247  loss_dice_2: 1.725  loss_ce_3: 0.6954  loss_mask_3: 0.2497  loss_dice_3: 1.698  loss_ce_4: 0.5459  loss_mask_4: 0.2115  loss_dice_4: 1.719  loss_ce_5: 0.6351  loss_mask_5: 0.1547  loss_dice_5: 1.491  loss_ce_6: 0.6621  loss_mask_6: 0.1607  loss_dice_6: 1.304  loss_ce_7: 0.7041  loss_mask_7: 0.1637  loss_dice_7: 1.41  loss_ce_8: 0.7568  loss_mask_8: 0.1409  loss_dice_8: 1.386    time: 0.7692  last_time: 0.8961  data_time: 0.2515  last_data_time: 0.2515   lr: 1.5891e-05  max_mem: 10273M
[03/19 14:46:34 d2.utils.events]:  eta: 3:05:33  iter: 179  total_loss: 20.36  loss_ce: 0.4128  loss_mask: 0.05244  loss_dice: 1.251  loss_ce_0: 0.9381  loss_mask_0: 0.07412  loss_dice_0: 1.625  loss_ce_1: 0.5726  loss_mask_1: 0.06785  loss_dice_1: 1.661  loss_ce_2: 0.7279  loss_mask_2: 0.0464  loss_dice_2: 0.9787  loss_ce_3: 0.7325  loss_mask_3: 0.0602  loss_dice_3: 1.164  loss_ce_4: 0.5636  loss_mask_4: 0.05533  loss_dice_4: 1.442  loss_ce_5: 0.5517  loss_mask_5: 0.0623  loss_dice_5: 1.455  loss_ce_6: 0.4256  loss_mask_6: 0.06972  loss_dice_6: 1.642  loss_ce_7: 0.42  loss_mask_7: 0.05744  loss_dice_7: 1.493  loss_ce_8: 0.4106  loss_mask_8: 0.05579  loss_dice_8: 1.292    time: 0.7674  last_time: 0.7288  data_time: 0.0961  last_data_time: 0.0961   lr: 1.7883e-05  max_mem: 10273M
[03/19 14:46:49 d2.utils.events]:  eta: 3:05:18  iter: 199  total_loss: 24.81  loss_ce: 0.5515  loss_mask: 0.1323  loss_dice: 1.484  loss_ce_0: 0.509  loss_mask_0: 0.1795  loss_dice_0: 2.571  loss_ce_1: 0.6439  loss_mask_1: 0.1483  loss_dice_1: 2.106  loss_ce_2: 0.5657  loss_mask_2: 0.249  loss_dice_2: 2.326  loss_ce_3: 0.6291  loss_mask_3: 0.2475  loss_dice_3: 2.046  loss_ce_4: 0.5715  loss_mask_4: 0.1288  loss_dice_4: 1.621  loss_ce_5: 0.5324  loss_mask_5: 0.08013  loss_dice_5: 1.547  loss_ce_6: 0.4879  loss_mask_6: 0.1278  loss_dice_6: 1.221  loss_ce_7: 0.4708  loss_mask_7: 0.1231  loss_dice_7: 1.408  loss_ce_8: 0.4563  loss_mask_8: 0.1328  loss_dice_8: 1.51    time: 0.7681  last_time: 0.7445  data_time: 0.1256  last_data_time: 0.1256   lr: 1.9876e-05  max_mem: 10273M
[03/19 14:47:04 d2.utils.events]:  eta: 3:04:29  iter: 219  total_loss: 26.25  loss_ce: 1.017  loss_mask: 0.1685  loss_dice: 1.146  loss_ce_0: 1.144  loss_mask_0: 0.3062  loss_dice_0: 1.676  loss_ce_1: 1.193  loss_mask_1: 0.2078  loss_dice_1: 1.443  loss_ce_2: 0.8811  loss_mask_2: 0.2156  loss_dice_2: 1.284  loss_ce_3: 0.8612  loss_mask_3: 0.2185  loss_dice_3: 1.373  loss_ce_4: 1.095  loss_mask_4: 0.2  loss_dice_4: 1.522  loss_ce_5: 1.087  loss_mask_5: 0.2286  loss_dice_5: 1.576  loss_ce_6: 1.055  loss_mask_6: 0.1922  loss_dice_6: 1.149  loss_ce_7: 1.102  loss_mask_7: 0.2004  loss_dice_7: 1.254  loss_ce_8: 1.043  loss_mask_8: 0.2087  loss_dice_8: 1.205    time: 0.7655  last_time: 0.7578  data_time: 0.1224  last_data_time: 0.1224   lr: 2.1868e-05  max_mem: 10273M
[03/19 14:47:20 d2.utils.events]:  eta: 3:03:53  iter: 239  total_loss: 27.17  loss_ce: 0.8689  loss_mask: 0.1489  loss_dice: 1.595  loss_ce_0: 1.313  loss_mask_0: 0.2699  loss_dice_0: 2.331  loss_ce_1: 0.9071  loss_mask_1: 0.1171  loss_dice_1: 1.519  loss_ce_2: 0.8671  loss_mask_2: 0.2041  loss_dice_2: 1.6  loss_ce_3: 0.7488  loss_mask_3: 0.1132  loss_dice_3: 1.496  loss_ce_4: 0.9298  loss_mask_4: 0.1362  loss_dice_4: 1.467  loss_ce_5: 0.8996  loss_mask_5: 0.1676  loss_dice_5: 1.611  loss_ce_6: 0.8736  loss_mask_6: 0.1532  loss_dice_6: 1.617  loss_ce_7: 0.955  loss_mask_7: 0.1262  loss_dice_7: 1.56  loss_ce_8: 0.9008  loss_mask_8: 0.1532  loss_dice_8: 1.521    time: 0.7646  last_time: 0.7687  data_time: 0.1476  last_data_time: 0.1476   lr: 2.3861e-05  max_mem: 10273M
[03/19 14:47:35 d2.utils.events]:  eta: 3:03:38  iter: 259  total_loss: 16.5  loss_ce: 0.4157  loss_mask: 0.1087  loss_dice: 0.8228  loss_ce_0: 0.4765  loss_mask_0: 0.3459  loss_dice_0: 1.923  loss_ce_1: 0.6141  loss_mask_1: 0.1425  loss_dice_1: 1.036  loss_ce_2: 0.4733  loss_mask_2: 0.1235  loss_dice_2: 1.003  loss_ce_3: 0.3926  loss_mask_3: 0.1283  loss_dice_3: 0.9329  loss_ce_4: 0.5029  loss_mask_4: 0.1274  loss_dice_4: 0.9287  loss_ce_5: 0.5678  loss_mask_5: 0.1173  loss_dice_5: 0.8894  loss_ce_6: 0.3996  loss_mask_6: 0.1358  loss_dice_6: 0.8792  loss_ce_7: 0.3989  loss_mask_7: 0.1312  loss_dice_7: 0.9517  loss_ce_8: 0.4161  loss_mask_8: 0.117  loss_dice_8: 0.9934    time: 0.7640  last_time: 0.7698  data_time: 0.1411  last_data_time: 0.1411   lr: 2.5853e-05  max_mem: 10273M
[03/19 14:47:50 d2.utils.events]:  eta: 3:03:20  iter: 279  total_loss: 11.61  loss_ce: 0.3147  loss_mask: 0.06537  loss_dice: 0.5874  loss_ce_0: 0.9387  loss_mask_0: 0.1861  loss_dice_0: 1.152  loss_ce_1: 0.4341  loss_mask_1: 0.09255  loss_dice_1: 0.837  loss_ce_2: 0.442  loss_mask_2: 0.07771  loss_dice_2: 0.6388  loss_ce_3: 0.3922  loss_mask_3: 0.07067  loss_dice_3: 0.6144  loss_ce_4: 0.2792  loss_mask_4: 0.06472  loss_dice_4: 0.5613  loss_ce_5: 0.3116  loss_mask_5: 0.06294  loss_dice_5: 0.629  loss_ce_6: 0.2801  loss_mask_6: 0.0646  loss_dice_6: 0.6103  loss_ce_7: 0.2676  loss_mask_7: 0.06823  loss_dice_7: 0.5647  loss_ce_8: 0.2912  loss_mask_8: 0.06427  loss_dice_8: 0.6498    time: 0.7633  last_time: 0.7607  data_time: 0.1417  last_data_time: 0.1417   lr: 2.7846e-05  max_mem: 10274M
[03/19 14:48:06 d2.utils.events]:  eta: 3:03:02  iter: 299  total_loss: 12.32  loss_ce: 0.1545  loss_mask: 0.06786  loss_dice: 1.033  loss_ce_0: 0.6258  loss_mask_0: 0.1133  loss_dice_0: 1.456  loss_ce_1: 0.6053  loss_mask_1: 0.05976  loss_dice_1: 0.8869  loss_ce_2: 0.2716  loss_mask_2: 0.06023  loss_dice_2: 0.8012  loss_ce_3: 0.2463  loss_mask_3: 0.04279  loss_dice_3: 0.7881  loss_ce_4: 0.2064  loss_mask_4: 0.04578  loss_dice_4: 0.7092  loss_ce_5: 0.1631  loss_mask_5: 0.05012  loss_dice_5: 0.7049  loss_ce_6: 0.159  loss_mask_6: 0.05038  loss_dice_6: 0.8618  loss_ce_7: 0.152  loss_mask_7: 0.05995  loss_dice_7: 0.9756  loss_ce_8: 0.1556  loss_mask_8: 0.04789  loss_dice_8: 0.7614    time: 0.7629  last_time: 0.7494  data_time: 0.1277  last_data_time: 0.1277   lr: 2.9838e-05  max_mem: 10274M
[03/19 14:48:21 d2.utils.events]:  eta: 3:02:50  iter: 319  total_loss: 15.04  loss_ce: 0.2333  loss_mask: 0.06249  loss_dice: 1.029  loss_ce_0: 0.831  loss_mask_0: 0.1367  loss_dice_0: 1.531  loss_ce_1: 0.4478  loss_mask_1: 0.07572  loss_dice_1: 0.9399  loss_ce_2: 0.418  loss_mask_2: 0.0795  loss_dice_2: 1.033  loss_ce_3: 0.3203  loss_mask_3: 0.0671  loss_dice_3: 0.904  loss_ce_4: 0.2498  loss_mask_4: 0.06729  loss_dice_4: 0.9713  loss_ce_5: 0.2415  loss_mask_5: 0.06875  loss_dice_5: 1.128  loss_ce_6: 0.2717  loss_mask_6: 0.06877  loss_dice_6: 1.042  loss_ce_7: 0.2344  loss_mask_7: 0.06998  loss_dice_7: 1.138  loss_ce_8: 0.2204  loss_mask_8: 0.07493  loss_dice_8: 1.078    time: 0.7628  last_time: 0.7936  data_time: 0.1632  last_data_time: 0.1632   lr: 3.1831e-05  max_mem: 10274M
[03/19 14:48:37 d2.utils.events]:  eta: 3:03:07  iter: 339  total_loss: 22  loss_ce: 0.7147  loss_mask: 0.09118  loss_dice: 1.407  loss_ce_0: 0.7062  loss_mask_0: 0.1412  loss_dice_0: 1.873  loss_ce_1: 0.7727  loss_mask_1: 0.1246  loss_dice_1: 1.509  loss_ce_2: 0.8778  loss_mask_2: 0.1006  loss_dice_2: 1.372  loss_ce_3: 0.7368  loss_mask_3: 0.1117  loss_dice_3: 1.357  loss_ce_4: 0.7449  loss_mask_4: 0.05821  loss_dice_4: 1.104  loss_ce_5: 0.5717  loss_mask_5: 0.07146  loss_dice_5: 1.128  loss_ce_6: 0.6137  loss_mask_6: 0.1022  loss_dice_6: 1.419  loss_ce_7: 0.5877  loss_mask_7: 0.1013  loss_dice_7: 1.455  loss_ce_8: 0.6173  loss_mask_8: 0.1058  loss_dice_8: 1.429    time: 0.7632  last_time: 0.7715  data_time: 0.1466  last_data_time: 0.1466   lr: 3.3823e-05  max_mem: 10274M
[03/19 14:48:52 d2.utils.events]:  eta: 3:03:22  iter: 359  total_loss: 18.95  loss_ce: 0.2005  loss_mask: 0.1635  loss_dice: 1.552  loss_ce_0: 0.4889  loss_mask_0: 0.05993  loss_dice_0: 1.728  loss_ce_1: 0.3479  loss_mask_1: 0.0435  loss_dice_1: 0.9829  loss_ce_2: 0.2457  loss_mask_2: 0.1746  loss_dice_2: 1.612  loss_ce_3: 0.3591  loss_mask_3: 0.03819  loss_dice_3: 1.255  loss_ce_4: 0.4412  loss_mask_4: 0.05481  loss_dice_4: 1.393  loss_ce_5: 0.2079  loss_mask_5: 0.1333  loss_dice_5: 1.624  loss_ce_6: 0.4333  loss_mask_6: 0.04454  loss_dice_6: 1.369  loss_ce_7: 0.2129  loss_mask_7: 0.152  loss_dice_7: 1.595  loss_ce_8: 0.201  loss_mask_8: 0.1725  loss_dice_8: 1.669    time: 0.7635  last_time: 0.7384  data_time: 0.1162  last_data_time: 0.1162   lr: 3.5816e-05  max_mem: 10274M
[03/19 14:49:08 d2.utils.events]:  eta: 3:02:58  iter: 379  total_loss: 26  loss_ce: 0.3928  loss_mask: 0.08447  loss_dice: 2.011  loss_ce_0: 1.04  loss_mask_0: 0.114  loss_dice_0: 1.939  loss_ce_1: 0.4437  loss_mask_1: 0.0755  loss_dice_1: 2.19  loss_ce_2: 0.7694  loss_mask_2: 0.06632  loss_dice_2: 1.869  loss_ce_3: 0.6619  loss_mask_3: 0.06135  loss_dice_3: 1.834  loss_ce_4: 0.7482  loss_mask_4: 0.08672  loss_dice_4: 1.956  loss_ce_5: 0.5017  loss_mask_5: 0.07123  loss_dice_5: 2.033  loss_ce_6: 0.4283  loss_mask_6: 0.09944  loss_dice_6: 2.018  loss_ce_7: 0.4958  loss_mask_7: 0.08157  loss_dice_7: 1.733  loss_ce_8: 0.4038  loss_mask_8: 0.07042  loss_dice_8: 1.719    time: 0.7637  last_time: 0.7505  data_time: 0.1179  last_data_time: 0.1179   lr: 3.7808e-05  max_mem: 10274M
[03/19 14:49:24 d2.utils.events]:  eta: 3:03:02  iter: 399  total_loss: 10.49  loss_ce: 0.2453  loss_mask: 0.05334  loss_dice: 0.5561  loss_ce_0: 0.8387  loss_mask_0: 0.1255  loss_dice_0: 0.9432  loss_ce_1: 0.449  loss_mask_1: 0.06529  loss_dice_1: 0.5989  loss_ce_2: 0.3347  loss_mask_2: 0.06457  loss_dice_2: 0.5563  loss_ce_3: 0.3218  loss_mask_3: 0.05797  loss_dice_3: 0.6049  loss_ce_4: 0.3114  loss_mask_4: 0.05995  loss_dice_4: 0.5953  loss_ce_5: 0.2772  loss_mask_5: 0.05494  loss_dice_5: 0.6326  loss_ce_6: 0.2629  loss_mask_6: 0.06046  loss_dice_6: 0.6081  loss_ce_7: 0.262  loss_mask_7: 0.05533  loss_dice_7: 0.5947  loss_ce_8: 0.2628  loss_mask_8: 0.0564  loss_dice_8: 0.5823    time: 0.7642  last_time: 0.7780  data_time: 0.1485  last_data_time: 0.1485   lr: 3.9801e-05  max_mem: 10274M
[03/19 14:49:39 d2.utils.events]:  eta: 3:02:47  iter: 419  total_loss: 9.87  loss_ce: 0.1779  loss_mask: 0.08948  loss_dice: 0.606  loss_ce_0: 0.5589  loss_mask_0: 0.09611  loss_dice_0: 0.9594  loss_ce_1: 0.2156  loss_mask_1: 0.1409  loss_dice_1: 0.6432  loss_ce_2: 0.1598  loss_mask_2: 0.1345  loss_dice_2: 0.6021  loss_ce_3: 0.2022  loss_mask_3: 0.1063  loss_dice_3: 0.6209  loss_ce_4: 0.2327  loss_mask_4: 0.09332  loss_dice_4: 0.6439  loss_ce_5: 0.2697  loss_mask_5: 0.0988  loss_dice_5: 0.6749  loss_ce_6: 0.2025  loss_mask_6: 0.07768  loss_dice_6: 0.5463  loss_ce_7: 0.1832  loss_mask_7: 0.08399  loss_dice_7: 0.6246  loss_ce_8: 0.1838  loss_mask_8: 0.09405  loss_dice_8: 0.547    time: 0.7647  last_time: 0.8672  data_time: 0.2450  last_data_time: 0.2450   lr: 4.1793e-05  max_mem: 10274M
[03/19 14:49:55 d2.utils.events]:  eta: 3:02:37  iter: 439  total_loss: 16.85  loss_ce: 0.4981  loss_mask: 0.07488  loss_dice: 0.9545  loss_ce_0: 0.9746  loss_mask_0: 0.1024  loss_dice_0: 1.064  loss_ce_1: 0.6154  loss_mask_1: 0.07917  loss_dice_1: 1.032  loss_ce_2: 0.5495  loss_mask_2: 0.08544  loss_dice_2: 0.9874  loss_ce_3: 0.3589  loss_mask_3: 0.108  loss_dice_3: 1.318  loss_ce_4: 0.377  loss_mask_4: 0.08429  loss_dice_4: 1.262  loss_ce_5: 0.3634  loss_mask_5: 0.09048  loss_dice_5: 1.181  loss_ce_6: 0.5091  loss_mask_6: 0.08064  loss_dice_6: 1.058  loss_ce_7: 0.4893  loss_mask_7: 0.06775  loss_dice_7: 0.9088  loss_ce_8: 0.3463  loss_mask_8: 0.08208  loss_dice_8: 1.148    time: 0.7654  last_time: 0.7839  data_time: 0.1491  last_data_time: 0.1491   lr: 4.3786e-05  max_mem: 10274M
[03/19 14:50:11 d2.utils.events]:  eta: 3:02:20  iter: 459  total_loss: 20.65  loss_ce: 0.5884  loss_mask: 0.1886  loss_dice: 1.291  loss_ce_0: 0.9046  loss_mask_0: 0.2095  loss_dice_0: 1.9  loss_ce_1: 0.6962  loss_mask_1: 0.05667  loss_dice_1: 1.033  loss_ce_2: 0.4874  loss_mask_2: 0.07447  loss_dice_2: 1.526  loss_ce_3: 0.3793  loss_mask_3: 0.07186  loss_dice_3: 1.161  loss_ce_4: 0.3622  loss_mask_4: 0.056  loss_dice_4: 1.044  loss_ce_5: 0.3711  loss_mask_5: 0.0472  loss_dice_5: 1.572  loss_ce_6: 0.3966  loss_mask_6: 0.1797  loss_dice_6: 1.703  loss_ce_7: 0.3453  loss_mask_7: 0.127  loss_dice_7: 1.706  loss_ce_8: 0.4265  loss_mask_8: 0.1624  loss_dice_8: 1.581    time: 0.7654  last_time: 0.7651  data_time: 0.1412  last_data_time: 0.1412   lr: 4.5778e-05  max_mem: 10274M
[03/19 14:50:26 d2.utils.events]:  eta: 3:02:07  iter: 479  total_loss: 19.76  loss_ce: 0.5952  loss_mask: 0.1199  loss_dice: 1.181  loss_ce_0: 1.108  loss_mask_0: 0.304  loss_dice_0: 1.391  loss_ce_1: 0.5574  loss_mask_1: 0.2175  loss_dice_1: 1.316  loss_ce_2: 0.7933  loss_mask_2: 0.1031  loss_dice_2: 1.131  loss_ce_3: 0.9717  loss_mask_3: 0.08615  loss_dice_3: 1.074  loss_ce_4: 0.6702  loss_mask_4: 0.07655  loss_dice_4: 0.9438  loss_ce_5: 0.7066  loss_mask_5: 0.09151  loss_dice_5: 0.9711  loss_ce_6: 0.6251  loss_mask_6: 0.1026  loss_dice_6: 1.101  loss_ce_7: 0.5744  loss_mask_7: 0.0992  loss_dice_7: 1.062  loss_ce_8: 0.576  loss_mask_8: 0.1066  loss_dice_8: 1.107    time: 0.7652  last_time: 0.7901  data_time: 0.1488  last_data_time: 0.1488   lr: 4.7771e-05  max_mem: 10274M
[03/19 14:50:42 d2.utils.events]:  eta: 3:01:54  iter: 499  total_loss: 12.1  loss_ce: 0.1178  loss_mask: 0.0992  loss_dice: 0.9365  loss_ce_0: 0.5959  loss_mask_0: 0.1264  loss_dice_0: 0.9465  loss_ce_1: 0.2075  loss_mask_1: 0.1599  loss_dice_1: 0.9039  loss_ce_2: 0.2433  loss_mask_2: 0.1344  loss_dice_2: 0.9318  loss_ce_3: 0.4815  loss_mask_3: 0.1092  loss_dice_3: 0.8629  loss_ce_4: 0.1405  loss_mask_4: 0.1114  loss_dice_4: 0.8941  loss_ce_5: 0.1256  loss_mask_5: 0.1031  loss_dice_5: 0.8252  loss_ce_6: 0.1171  loss_mask_6: 0.09067  loss_dice_6: 0.7802  loss_ce_7: 0.1139  loss_mask_7: 0.09087  loss_dice_7: 0.8051  loss_ce_8: 0.1196  loss_mask_8: 0.0961  loss_dice_8: 0.8322    time: 0.7655  last_time: 0.6958  data_time: 0.0675  last_data_time: 0.0675   lr: 4.9763e-05  max_mem: 10274M
[03/19 14:50:57 d2.utils.events]:  eta: 3:01:36  iter: 519  total_loss: 16.08  loss_ce: 0.4659  loss_mask: 0.06234  loss_dice: 0.9221  loss_ce_0: 0.9602  loss_mask_0: 0.1131  loss_dice_0: 1.204  loss_ce_1: 0.8138  loss_mask_1: 0.07521  loss_dice_1: 0.9329  loss_ce_2: 0.6315  loss_mask_2: 0.05891  loss_dice_2: 0.7617  loss_ce_3: 0.5451  loss_mask_3: 0.06503  loss_dice_3: 0.9674  loss_ce_4: 0.4738  loss_mask_4: 0.05468  loss_dice_4: 1.04  loss_ce_5: 0.4633  loss_mask_5: 0.06479  loss_dice_5: 1.004  loss_ce_6: 0.4888  loss_mask_6: 0.05398  loss_dice_6: 0.8913  loss_ce_7: 0.4751  loss_mask_7: 0.05996  loss_dice_7: 1.008  loss_ce_8: 0.4604  loss_mask_8: 0.07277  loss_dice_8: 0.886    time: 0.7651  last_time: 0.7826  data_time: 0.1537  last_data_time: 0.1537   lr: 4.9852e-05  max_mem: 10274M
[03/19 14:51:13 d2.utils.events]:  eta: 3:01:21  iter: 539  total_loss: 14.5  loss_ce: 0.1631  loss_mask: 0.06211  loss_dice: 1.135  loss_ce_0: 0.4477  loss_mask_0: 0.07727  loss_dice_0: 1.134  loss_ce_1: 0.2467  loss_mask_1: 0.07528  loss_dice_1: 1.195  loss_ce_2: 0.2064  loss_mask_2: 0.08518  loss_dice_2: 1.058  loss_ce_3: 0.2469  loss_mask_3: 0.07429  loss_dice_3: 1.24  loss_ce_4: 0.1951  loss_mask_4: 0.06893  loss_dice_4: 1.241  loss_ce_5: 0.1794  loss_mask_5: 0.0685  loss_dice_5: 1.139  loss_ce_6: 0.1457  loss_mask_6: 0.06571  loss_dice_6: 1.149  loss_ce_7: 0.1516  loss_mask_7: 0.06154  loss_dice_7: 1.091  loss_ce_8: 0.1707  loss_mask_8: 0.06398  loss_dice_8: 1.258    time: 0.7654  last_time: 0.8490  data_time: 0.1525  last_data_time: 0.1525   lr: 4.9841e-05  max_mem: 10274M
[03/19 14:51:28 d2.utils.events]:  eta: 3:01:00  iter: 559  total_loss: 11.63  loss_ce: 0.1268  loss_mask: 0.04111  loss_dice: 0.7707  loss_ce_0: 0.7075  loss_mask_0: 0.09742  loss_dice_0: 1.466  loss_ce_1: 0.4013  loss_mask_1: 0.04304  loss_dice_1: 0.8785  loss_ce_2: 0.275  loss_mask_2: 0.05553  loss_dice_2: 0.7528  loss_ce_3: 0.1651  loss_mask_3: 0.03904  loss_dice_3: 0.7647  loss_ce_4: 0.1397  loss_mask_4: 0.03938  loss_dice_4: 0.7785  loss_ce_5: 0.1625  loss_mask_5: 0.04632  loss_dice_5: 0.8612  loss_ce_6: 0.13  loss_mask_6: 0.03954  loss_dice_6: 0.8242  loss_ce_7: 0.1347  loss_mask_7: 0.06366  loss_dice_7: 0.8859  loss_ce_8: 0.1321  loss_mask_8: 0.04957  loss_dice_8: 0.7621    time: 0.7647  last_time: 0.7668  data_time: 0.1409  last_data_time: 0.1409   lr: 4.9829e-05  max_mem: 10274M
[03/19 14:51:44 d2.utils.events]:  eta: 3:00:40  iter: 579  total_loss: 24.19  loss_ce: 0.2128  loss_mask: 0.1398  loss_dice: 2.009  loss_ce_0: 0.6011  loss_mask_0: 0.08529  loss_dice_0: 1.895  loss_ce_1: 0.2484  loss_mask_1: 0.1339  loss_dice_1: 1.972  loss_ce_2: 0.2863  loss_mask_2: 0.163  loss_dice_2: 1.999  loss_ce_3: 0.2673  loss_mask_3: 0.1036  loss_dice_3: 2.167  loss_ce_4: 0.2419  loss_mask_4: 0.09878  loss_dice_4: 2.033  loss_ce_5: 0.2362  loss_mask_5: 0.123  loss_dice_5: 1.907  loss_ce_6: 0.2446  loss_mask_6: 0.1544  loss_dice_6: 2.087  loss_ce_7: 0.2158  loss_mask_7: 0.1087  loss_dice_7: 2.162  loss_ce_8: 0.2099  loss_mask_8: 0.09608  loss_dice_8: 1.986    time: 0.7648  last_time: 0.9258  data_time: 0.2555  last_data_time: 0.2555   lr: 4.9816e-05  max_mem: 10274M
[03/19 14:51:59 d2.utils.events]:  eta: 3:00:25  iter: 599  total_loss: 16.34  loss_ce: 0.3588  loss_mask: 0.04476  loss_dice: 0.907  loss_ce_0: 1.163  loss_mask_0: 0.1011  loss_dice_0: 1.647  loss_ce_1: 0.446  loss_mask_1: 0.05808  loss_dice_1: 1.102  loss_ce_2: 0.4181  loss_mask_2: 0.0724  loss_dice_2: 1.147  loss_ce_3: 0.3141  loss_mask_3: 0.07401  loss_dice_3: 1.165  loss_ce_4: 0.2985  loss_mask_4: 0.06426  loss_dice_4: 1.116  loss_ce_5: 0.2803  loss_mask_5: 0.06618  loss_dice_5: 1.155  loss_ce_6: 0.3973  loss_mask_6: 0.05138  loss_dice_6: 0.9928  loss_ce_7: 0.4078  loss_mask_7: 0.04924  loss_dice_7: 1.047  loss_ce_8: 0.3919  loss_mask_8: 0.0467  loss_dice_8: 0.9569    time: 0.7648  last_time: 0.8032  data_time: 0.1530  last_data_time: 0.1530   lr: 4.9804e-05  max_mem: 10274M
[03/19 14:52:15 d2.utils.events]:  eta: 3:00:04  iter: 619  total_loss: 15.89  loss_ce: 0.3424  loss_mask: 0.0394  loss_dice: 1.145  loss_ce_0: 0.5695  loss_mask_0: 0.05906  loss_dice_0: 1.213  loss_ce_1: 0.5395  loss_mask_1: 0.05306  loss_dice_1: 1.132  loss_ce_2: 0.5295  loss_mask_2: 0.07384  loss_dice_2: 1.214  loss_ce_3: 0.4096  loss_mask_3: 0.04537  loss_dice_3: 0.9429  loss_ce_4: 0.3569  loss_mask_4: 0.04564  loss_dice_4: 1.077  loss_ce_5: 0.4107  loss_mask_5: 0.03505  loss_dice_5: 1.053  loss_ce_6: 0.5003  loss_mask_6: 0.04809  loss_dice_6: 1.141  loss_ce_7: 0.3603  loss_mask_7: 0.0398  loss_dice_7: 1.036  loss_ce_8: 0.3444  loss_mask_8: 0.03728  loss_dice_8: 1.096    time: 0.7648  last_time: 0.7802  data_time: 0.1508  last_data_time: 0.1508   lr: 4.979e-05  max_mem: 10274M
[03/19 14:52:30 d2.utils.events]:  eta: 2:59:58  iter: 639  total_loss: 19.18  loss_ce: 0.1988  loss_mask: 0.1548  loss_dice: 1.409  loss_ce_0: 0.6003  loss_mask_0: 0.1044  loss_dice_0: 1.577  loss_ce_1: 0.2857  loss_mask_1: 0.1992  loss_dice_1: 1.523  loss_ce_2: 0.216  loss_mask_2: 0.229  loss_dice_2: 1.425  loss_ce_3: 0.2688  loss_mask_3: 0.24  loss_dice_3: 1.525  loss_ce_4: 0.2576  loss_mask_4: 0.203  loss_dice_4: 1.46  loss_ce_5: 0.2001  loss_mask_5: 0.1944  loss_dice_5: 1.267  loss_ce_6: 0.169  loss_mask_6: 0.2167  loss_dice_6: 1.432  loss_ce_7: 0.1669  loss_mask_7: 0.2275  loss_dice_7: 1.627  loss_ce_8: 0.1873  loss_mask_8: 0.1844  loss_dice_8: 1.427    time: 0.7644  last_time: 0.7682  data_time: 0.1476  last_data_time: 0.1476   lr: 4.9776e-05  max_mem: 10274M
[03/19 14:52:46 d2.utils.events]:  eta: 2:59:46  iter: 659  total_loss: 15.82  loss_ce: 0.2532  loss_mask: 0.04814  loss_dice: 1.002  loss_ce_0: 0.8563  loss_mask_0: 0.1193  loss_dice_0: 1.588  loss_ce_1: 0.4719  loss_mask_1: 0.06542  loss_dice_1: 1.297  loss_ce_2: 0.3213  loss_mask_2: 0.09523  loss_dice_2: 1.128  loss_ce_3: 0.3794  loss_mask_3: 0.07444  loss_dice_3: 1.086  loss_ce_4: 0.2902  loss_mask_4: 0.08003  loss_dice_4: 1.13  loss_ce_5: 0.2856  loss_mask_5: 0.05881  loss_dice_5: 1.073  loss_ce_6: 0.2678  loss_mask_6: 0.05901  loss_dice_6: 1.038  loss_ce_7: 0.2537  loss_mask_7: 0.0527  loss_dice_7: 1.017  loss_ce_8: 0.2536  loss_mask_8: 0.0548  loss_dice_8: 1.117    time: 0.7654  last_time: 0.9448  data_time: 0.3038  last_data_time: 0.3038   lr: 4.9762e-05  max_mem: 10274M
[03/19 14:53:01 d2.utils.events]:  eta: 2:59:31  iter: 679  total_loss: 28.04  loss_ce: 1  loss_mask: 0.1088  loss_dice: 1.838  loss_ce_0: 0.4647  loss_mask_0: 0.1323  loss_dice_0: 2.339  loss_ce_1: 0.406  loss_mask_1: 0.1748  loss_dice_1: 2.209  loss_ce_2: 0.7481  loss_mask_2: 0.1571  loss_dice_2: 2.363  loss_ce_3: 0.851  loss_mask_3: 0.1118  loss_dice_3: 1.668  loss_ce_4: 0.7223  loss_mask_4: 0.1485  loss_dice_4: 2  loss_ce_5: 0.7803  loss_mask_5: 0.1154  loss_dice_5: 1.827  loss_ce_6: 0.7626  loss_mask_6: 0.09384  loss_dice_6: 1.842  loss_ce_7: 0.9595  loss_mask_7: 0.07184  loss_dice_7: 1.47  loss_ce_8: 0.7585  loss_mask_8: 0.08303  loss_dice_8: 1.835    time: 0.7652  last_time: 0.7178  data_time: 0.0942  last_data_time: 0.0942   lr: 4.9748e-05  max_mem: 10274M
[03/19 14:53:17 d2.utils.events]:  eta: 2:59:04  iter: 699  total_loss: 12.44  loss_ce: 0.18  loss_mask: 0.06337  loss_dice: 0.9263  loss_ce_0: 0.6127  loss_mask_0: 0.1038  loss_dice_0: 1.181  loss_ce_1: 0.3049  loss_mask_1: 0.08906  loss_dice_1: 0.9201  loss_ce_2: 0.2531  loss_mask_2: 0.08385  loss_dice_2: 0.9593  loss_ce_3: 0.2381  loss_mask_3: 0.08403  loss_dice_3: 0.8551  loss_ce_4: 0.2274  loss_mask_4: 0.07079  loss_dice_4: 0.8272  loss_ce_5: 0.2029  loss_mask_5: 0.07775  loss_dice_5: 0.9204  loss_ce_6: 0.1868  loss_mask_6: 0.07285  loss_dice_6: 0.8283  loss_ce_7: 0.1834  loss_mask_7: 0.06935  loss_dice_7: 0.7659  loss_ce_8: 0.1906  loss_mask_8: 0.07507  loss_dice_8: 0.8845    time: 0.7650  last_time: 0.7975  data_time: 0.1624  last_data_time: 0.1624   lr: 4.9733e-05  max_mem: 10274M
[03/19 14:53:33 d2.utils.events]:  eta: 2:59:01  iter: 719  total_loss: 8.309  loss_ce: 0.0574  loss_mask: 0.08442  loss_dice: 0.5726  loss_ce_0: 0.7538  loss_mask_0: 0.2097  loss_dice_0: 0.7675  loss_ce_1: 0.2285  loss_mask_1: 0.09239  loss_dice_1: 0.5192  loss_ce_2: 0.1805  loss_mask_2: 0.1013  loss_dice_2: 0.5576  loss_ce_3: 0.1269  loss_mask_3: 0.08829  loss_dice_3: 0.5071  loss_ce_4: 0.1199  loss_mask_4: 0.07887  loss_dice_4: 0.533  loss_ce_5: 0.08475  loss_mask_5: 0.09607  loss_dice_5: 0.6062  loss_ce_6: 0.05484  loss_mask_6: 0.08576  loss_dice_6: 0.5318  loss_ce_7: 0.05318  loss_mask_7: 0.07545  loss_dice_7: 0.4995  loss_ce_8: 0.05689  loss_mask_8: 0.07017  loss_dice_8: 0.515    time: 0.7655  last_time: 0.7621  data_time: 0.1330  last_data_time: 0.1330   lr: 4.9717e-05  max_mem: 10274M
[03/19 14:53:48 d2.utils.events]:  eta: 2:58:50  iter: 739  total_loss: 12.99  loss_ce: 0.258  loss_mask: 0.05674  loss_dice: 0.8051  loss_ce_0: 0.8242  loss_mask_0: 0.1309  loss_dice_0: 1.205  loss_ce_1: 0.2803  loss_mask_1: 0.06847  loss_dice_1: 0.811  loss_ce_2: 0.347  loss_mask_2: 0.06552  loss_dice_2: 0.8828  loss_ce_3: 0.2874  loss_mask_3: 0.06482  loss_dice_3: 0.8574  loss_ce_4: 0.2416  loss_mask_4: 0.0631  loss_dice_4: 0.8662  loss_ce_5: 0.2481  loss_mask_5: 0.05873  loss_dice_5: 0.8144  loss_ce_6: 0.3323  loss_mask_6: 0.07199  loss_dice_6: 1.035  loss_ce_7: 0.3006  loss_mask_7: 0.05717  loss_dice_7: 0.8048  loss_ce_8: 0.266  loss_mask_8: 0.06567  loss_dice_8: 0.8177    time: 0.7659  last_time: 0.7475  data_time: 0.1102  last_data_time: 0.1102   lr: 4.9701e-05  max_mem: 10274M
[03/19 14:54:04 d2.utils.events]:  eta: 2:58:29  iter: 759  total_loss: 24.55  loss_ce: 0.7725  loss_mask: 0.1279  loss_dice: 1.496  loss_ce_0: 0.9798  loss_mask_0: 0.2015  loss_dice_0: 1.97  loss_ce_1: 0.838  loss_mask_1: 0.2088  loss_dice_1: 1.395  loss_ce_2: 0.7246  loss_mask_2: 0.1117  loss_dice_2: 1.46  loss_ce_3: 0.8128  loss_mask_3: 0.1259  loss_dice_3: 1.501  loss_ce_4: 0.7922  loss_mask_4: 0.1334  loss_dice_4: 1.297  loss_ce_5: 0.852  loss_mask_5: 0.1317  loss_dice_5: 1.395  loss_ce_6: 0.785  loss_mask_6: 0.1306  loss_dice_6: 1.586  loss_ce_7: 0.6644  loss_mask_7: 0.1303  loss_dice_7: 1.494  loss_ce_8: 0.8054  loss_mask_8: 0.1211  loss_dice_8: 1.505    time: 0.7657  last_time: 0.8820  data_time: 0.2556  last_data_time: 0.2556   lr: 4.9685e-05  max_mem: 10274M
[03/19 14:54:19 d2.utils.events]:  eta: 2:58:14  iter: 779  total_loss: 13.3  loss_ce: 0.377  loss_mask: 0.04688  loss_dice: 0.9287  loss_ce_0: 1.071  loss_mask_0: 0.1423  loss_dice_0: 1.137  loss_ce_1: 0.2734  loss_mask_1: 0.04592  loss_dice_1: 0.6749  loss_ce_2: 0.2882  loss_mask_2: 0.0511  loss_dice_2: 0.7249  loss_ce_3: 0.3776  loss_mask_3: 0.05107  loss_dice_3: 0.8363  loss_ce_4: 0.3409  loss_mask_4: 0.05499  loss_dice_4: 0.8294  loss_ce_5: 0.2727  loss_mask_5: 0.05312  loss_dice_5: 0.6134  loss_ce_6: 0.2812  loss_mask_6: 0.05148  loss_dice_6: 0.8998  loss_ce_7: 0.3831  loss_mask_7: 0.05316  loss_dice_7: 1.046  loss_ce_8: 0.4031  loss_mask_8: 0.05396  loss_dice_8: 0.9373    time: 0.7654  last_time: 0.7494  data_time: 0.1179  last_data_time: 0.1179   lr: 4.9668e-05  max_mem: 10274M
[03/19 14:54:35 d2.utils.events]:  eta: 2:57:58  iter: 799  total_loss: 11.66  loss_ce: 0.1376  loss_mask: 0.07255  loss_dice: 0.967  loss_ce_0: 0.6311  loss_mask_0: 0.09867  loss_dice_0: 1.134  loss_ce_1: 0.1923  loss_mask_1: 0.07863  loss_dice_1: 0.9411  loss_ce_2: 0.1548  loss_mask_2: 0.05642  loss_dice_2: 0.8012  loss_ce_3: 0.1503  loss_mask_3: 0.06691  loss_dice_3: 0.7968  loss_ce_4: 0.1411  loss_mask_4: 0.07852  loss_dice_4: 0.9445  loss_ce_5: 0.1188  loss_mask_5: 0.07505  loss_dice_5: 0.8501  loss_ce_6: 0.1347  loss_mask_6: 0.07115  loss_dice_6: 0.8161  loss_ce_7: 0.1359  loss_mask_7: 0.06595  loss_dice_7: 0.8365  loss_ce_8: 0.1263  loss_mask_8: 0.06779  loss_dice_8: 0.9193    time: 0.7654  last_time: 0.7915  data_time: 0.1717  last_data_time: 0.1717   lr: 4.9651e-05  max_mem: 10274M
[03/19 14:54:50 d2.utils.events]:  eta: 2:57:44  iter: 819  total_loss: 17.93  loss_ce: 0.4606  loss_mask: 0.05582  loss_dice: 1.052  loss_ce_0: 0.6897  loss_mask_0: 0.05011  loss_dice_0: 1.675  loss_ce_1: 0.616  loss_mask_1: 0.06308  loss_dice_1: 1.177  loss_ce_2: 0.6579  loss_mask_2: 0.05398  loss_dice_2: 1.391  loss_ce_3: 0.3801  loss_mask_3: 0.06314  loss_dice_3: 0.9192  loss_ce_4: 0.4467  loss_mask_4: 0.06663  loss_dice_4: 1.2  loss_ce_5: 0.5363  loss_mask_5: 0.06332  loss_dice_5: 1.434  loss_ce_6: 0.3969  loss_mask_6: 0.06079  loss_dice_6: 1.3  loss_ce_7: 0.4021  loss_mask_7: 0.06031  loss_dice_7: 1.117  loss_ce_8: 0.3939  loss_mask_8: 0.06012  loss_dice_8: 1.092    time: 0.7656  last_time: 0.7766  data_time: 0.1494  last_data_time: 0.1494   lr: 4.9633e-05  max_mem: 10274M
[03/19 14:55:06 d2.utils.events]:  eta: 2:57:24  iter: 839  total_loss: 12.26  loss_ce: 0.1773  loss_mask: 0.1225  loss_dice: 0.7693  loss_ce_0: 0.8489  loss_mask_0: 0.3595  loss_dice_0: 1.614  loss_ce_1: 0.2133  loss_mask_1: 0.1622  loss_dice_1: 0.8235  loss_ce_2: 0.2501  loss_mask_2: 0.1111  loss_dice_2: 0.6802  loss_ce_3: 0.2051  loss_mask_3: 0.1227  loss_dice_3: 0.6947  loss_ce_4: 0.2046  loss_mask_4: 0.1459  loss_dice_4: 0.7757  loss_ce_5: 0.2009  loss_mask_5: 0.15  loss_dice_5: 0.7279  loss_ce_6: 0.1796  loss_mask_6: 0.1382  loss_dice_6: 0.6676  loss_ce_7: 0.1689  loss_mask_7: 0.1336  loss_dice_7: 0.6184  loss_ce_8: 0.174  loss_mask_8: 0.1261  loss_dice_8: 0.693    time: 0.7650  last_time: 0.8265  data_time: 0.1966  last_data_time: 0.1966   lr: 4.9615e-05  max_mem: 10274M
[03/19 14:55:21 d2.utils.events]:  eta: 2:57:04  iter: 859  total_loss: 16.24  loss_ce: 0.2976  loss_mask: 0.1309  loss_dice: 1.011  loss_ce_0: 0.9723  loss_mask_0: 0.2262  loss_dice_0: 1.334  loss_ce_1: 0.5035  loss_mask_1: 0.1449  loss_dice_1: 1.055  loss_ce_2: 0.2611  loss_mask_2: 0.1317  loss_dice_2: 1.12  loss_ce_3: 0.3632  loss_mask_3: 0.118  loss_dice_3: 1.141  loss_ce_4: 0.4009  loss_mask_4: 0.1153  loss_dice_4: 1.077  loss_ce_5: 0.2172  loss_mask_5: 0.1321  loss_dice_5: 1.267  loss_ce_6: 0.2963  loss_mask_6: 0.1217  loss_dice_6: 0.9606  loss_ce_7: 0.2943  loss_mask_7: 0.1283  loss_dice_7: 1.072  loss_ce_8: 0.2754  loss_mask_8: 0.1184  loss_dice_8: 0.9576    time: 0.7650  last_time: 0.7868  data_time: 0.1627  last_data_time: 0.1627   lr: 4.9597e-05  max_mem: 10274M
[03/19 14:55:36 d2.utils.events]:  eta: 2:56:37  iter: 879  total_loss: 12.37  loss_ce: 0.1408  loss_mask: 0.07877  loss_dice: 0.8872  loss_ce_0: 0.6416  loss_mask_0: 0.2175  loss_dice_0: 1.055  loss_ce_1: 0.1479  loss_mask_1: 0.08378  loss_dice_1: 0.9096  loss_ce_2: 0.1602  loss_mask_2: 0.09249  loss_dice_2: 0.8878  loss_ce_3: 0.1323  loss_mask_3: 0.08389  loss_dice_3: 0.8615  loss_ce_4: 0.1164  loss_mask_4: 0.09155  loss_dice_4: 0.9723  loss_ce_5: 0.1135  loss_mask_5: 0.09253  loss_dice_5: 0.9762  loss_ce_6: 0.109  loss_mask_6: 0.07829  loss_dice_6: 1.033  loss_ce_7: 0.113  loss_mask_7: 0.08358  loss_dice_7: 0.9974  loss_ce_8: 0.1144  loss_mask_8: 0.09045  loss_dice_8: 1.011    time: 0.7643  last_time: 0.7538  data_time: 0.1271  last_data_time: 0.1271   lr: 4.9578e-05  max_mem: 10274M
[03/19 14:55:52 d2.utils.events]:  eta: 2:56:27  iter: 899  total_loss: 9.704  loss_ce: 0.1159  loss_mask: 0.03683  loss_dice: 0.732  loss_ce_0: 0.693  loss_mask_0: 0.05049  loss_dice_0: 0.8668  loss_ce_1: 0.1833  loss_mask_1: 0.0469  loss_dice_1: 0.8441  loss_ce_2: 0.1488  loss_mask_2: 0.0408  loss_dice_2: 0.7947  loss_ce_3: 0.1427  loss_mask_3: 0.0401  loss_dice_3: 0.6884  loss_ce_4: 0.1176  loss_mask_4: 0.03886  loss_dice_4: 0.7515  loss_ce_5: 0.1157  loss_mask_5: 0.04145  loss_dice_5: 0.6763  loss_ce_6: 0.1082  loss_mask_6: 0.03386  loss_dice_6: 0.6859  loss_ce_7: 0.1097  loss_mask_7: 0.04041  loss_dice_7: 0.7235  loss_ce_8: 0.1183  loss_mask_8: 0.03517  loss_dice_8: 0.6823    time: 0.7645  last_time: 0.8026  data_time: 0.1548  last_data_time: 0.1548   lr: 4.9558e-05  max_mem: 10274M
[03/19 14:56:08 d2.utils.events]:  eta: 2:56:28  iter: 919  total_loss: 14.85  loss_ce: 0.1157  loss_mask: 0.1301  loss_dice: 1.324  loss_ce_0: 0.8363  loss_mask_0: 0.08403  loss_dice_0: 1.066  loss_ce_1: 0.1762  loss_mask_1: 0.06585  loss_dice_1: 1.007  loss_ce_2: 0.187  loss_mask_2: 0.1382  loss_dice_2: 1.241  loss_ce_3: 0.198  loss_mask_3: 0.1266  loss_dice_3: 1.119  loss_ce_4: 0.1736  loss_mask_4: 0.1066  loss_dice_4: 1.087  loss_ce_5: 0.154  loss_mask_5: 0.0977  loss_dice_5: 1.126  loss_ce_6: 0.1378  loss_mask_6: 0.1018  loss_dice_6: 1.277  loss_ce_7: 0.1313  loss_mask_7: 0.1013  loss_dice_7: 1.105  loss_ce_8: 0.131  loss_mask_8: 0.1001  loss_dice_8: 1.201    time: 0.7649  last_time: 0.7761  data_time: 0.1389  last_data_time: 0.1389   lr: 4.9538e-05  max_mem: 10274M
[03/19 14:56:23 d2.utils.events]:  eta: 2:56:07  iter: 939  total_loss: 15.56  loss_ce: 0.321  loss_mask: 0.06278  loss_dice: 0.9952  loss_ce_0: 1.343  loss_mask_0: 0.07326  loss_dice_0: 1.183  loss_ce_1: 0.3435  loss_mask_1: 0.06377  loss_dice_1: 1.177  loss_ce_2: 0.4203  loss_mask_2: 0.06802  loss_dice_2: 1.002  loss_ce_3: 0.3753  loss_mask_3: 0.05875  loss_dice_3: 0.9688  loss_ce_4: 0.2601  loss_mask_4: 0.05983  loss_dice_4: 1.159  loss_ce_5: 0.2262  loss_mask_5: 0.07062  loss_dice_5: 1.211  loss_ce_6: 0.371  loss_mask_6: 0.04611  loss_dice_6: 1.016  loss_ce_7: 0.3812  loss_mask_7: 0.05096  loss_dice_7: 0.8665  loss_ce_8: 0.418  loss_mask_8: 0.05765  loss_dice_8: 0.9124    time: 0.7645  last_time: 0.7974  data_time: 0.1559  last_data_time: 0.1559   lr: 4.9518e-05  max_mem: 10274M
[03/19 14:56:38 d2.utils.events]:  eta: 2:55:58  iter: 959  total_loss: 12.24  loss_ce: 0.2094  loss_mask: 0.05416  loss_dice: 0.8121  loss_ce_0: 0.6745  loss_mask_0: 0.07696  loss_dice_0: 1.026  loss_ce_1: 0.5652  loss_mask_1: 0.07022  loss_dice_1: 0.7259  loss_ce_2: 0.2529  loss_mask_2: 0.06571  loss_dice_2: 0.7738  loss_ce_3: 0.1866  loss_mask_3: 0.05712  loss_dice_3: 0.8219  loss_ce_4: 0.3716  loss_mask_4: 0.06285  loss_dice_4: 0.8219  loss_ce_5: 0.2171  loss_mask_5: 0.0524  loss_dice_5: 0.75  loss_ce_6: 0.3281  loss_mask_6: 0.059  loss_dice_6: 1.039  loss_ce_7: 0.2203  loss_mask_7: 0.05428  loss_dice_7: 0.8335  loss_ce_8: 0.2235  loss_mask_8: 0.0489  loss_dice_8: 0.7818    time: 0.7646  last_time: 0.7555  data_time: 0.1374  last_data_time: 0.1374   lr: 4.9497e-05  max_mem: 10274M
[03/19 14:56:54 d2.utils.events]:  eta: 2:55:37  iter: 979  total_loss: 13.53  loss_ce: 0.1543  loss_mask: 0.05921  loss_dice: 0.9056  loss_ce_0: 0.8324  loss_mask_0: 0.15  loss_dice_0: 1.328  loss_ce_1: 0.2353  loss_mask_1: 0.07143  loss_dice_1: 1.054  loss_ce_2: 0.2612  loss_mask_2: 0.1064  loss_dice_2: 1.103  loss_ce_3: 0.17  loss_mask_3: 0.09452  loss_dice_3: 1.045  loss_ce_4: 0.1785  loss_mask_4: 0.07114  loss_dice_4: 0.9175  loss_ce_5: 0.2104  loss_mask_5: 0.1074  loss_dice_5: 1.044  loss_ce_6: 0.1634  loss_mask_6: 0.06494  loss_dice_6: 0.901  loss_ce_7: 0.1492  loss_mask_7: 0.07211  loss_dice_7: 0.9501  loss_ce_8: 0.1655  loss_mask_8: 0.05966  loss_dice_8: 0.9042    time: 0.7646  last_time: 0.7176  data_time: 0.0821  last_data_time: 0.0821   lr: 4.9476e-05  max_mem: 10274M
[03/19 14:57:09 d2.utils.events]:  eta: 2:55:24  iter: 999  total_loss: 15.11  loss_ce: 0.3792  loss_mask: 0.0454  loss_dice: 1.102  loss_ce_0: 0.3208  loss_mask_0: 0.04955  loss_dice_0: 1.401  loss_ce_1: 0.2813  loss_mask_1: 0.03941  loss_dice_1: 0.898  loss_ce_2: 0.1214  loss_mask_2: 0.05668  loss_dice_2: 1.367  loss_ce_3: 0.1604  loss_mask_3: 0.04154  loss_dice_3: 1.227  loss_ce_4: 0.1997  loss_mask_4: 0.05076  loss_dice_4: 1.323  loss_ce_5: 0.1841  loss_mask_5: 0.05201  loss_dice_5: 1.337  loss_ce_6: 0.2279  loss_mask_6: 0.04956  loss_dice_6: 1.182  loss_ce_7: 0.3605  loss_mask_7: 0.04154  loss_dice_7: 1.124  loss_ce_8: 0.1458  loss_mask_8: 0.0539  loss_dice_8: 1.292    time: 0.7645  last_time: 0.8135  data_time: 0.1875  last_data_time: 0.1875   lr: 4.9455e-05  max_mem: 10274M
[03/19 14:57:25 d2.utils.events]:  eta: 2:55:09  iter: 1019  total_loss: 18.48  loss_ce: 0.3989  loss_mask: 0.07766  loss_dice: 1.158  loss_ce_0: 0.9345  loss_mask_0: 0.123  loss_dice_0: 1.697  loss_ce_1: 0.4439  loss_mask_1: 0.06997  loss_dice_1: 1.223  loss_ce_2: 0.5735  loss_mask_2: 0.07382  loss_dice_2: 1.267  loss_ce_3: 0.2335  loss_mask_3: 0.09123  loss_dice_3: 1.366  loss_ce_4: 0.2181  loss_mask_4: 0.09153  loss_dice_4: 1.422  loss_ce_5: 0.1946  loss_mask_5: 0.106  loss_dice_5: 1.364  loss_ce_6: 0.2149  loss_mask_6: 0.1023  loss_dice_6: 1.335  loss_ce_7: 0.482  loss_mask_7: 0.07893  loss_dice_7: 1.273  loss_ce_8: 0.4801  loss_mask_8: 0.08304  loss_dice_8: 1.304    time: 0.7643  last_time: 0.7570  data_time: 0.1341  last_data_time: 0.1341   lr: 4.9433e-05  max_mem: 10274M
[03/19 14:57:40 d2.utils.events]:  eta: 2:54:48  iter: 1039  total_loss: 16.89  loss_ce: 0.4251  loss_mask: 0.05126  loss_dice: 0.9309  loss_ce_0: 0.7963  loss_mask_0: 0.09759  loss_dice_0: 1.246  loss_ce_1: 0.7064  loss_mask_1: 0.06993  loss_dice_1: 1.107  loss_ce_2: 0.6395  loss_mask_2: 0.06455  loss_dice_2: 1.245  loss_ce_3: 0.4567  loss_mask_3: 0.04979  loss_dice_3: 1.042  loss_ce_4: 0.6007  loss_mask_4: 0.0597  loss_dice_4: 1.128  loss_ce_5: 0.5516  loss_mask_5: 0.06369  loss_dice_5: 1.092  loss_ce_6: 0.4828  loss_mask_6: 0.0553  loss_dice_6: 0.9302  loss_ce_7: 0.359  loss_mask_7: 0.0588  loss_dice_7: 1.215  loss_ce_8: 0.476  loss_mask_8: 0.04517  loss_dice_8: 0.8421    time: 0.7643  last_time: 0.7687  data_time: 0.1339  last_data_time: 0.1339   lr: 4.941e-05  max_mem: 10274M
[03/19 14:57:55 d2.utils.events]:  eta: 2:54:36  iter: 1059  total_loss: 10.22  loss_ce: 0.09298  loss_mask: 0.03903  loss_dice: 0.7427  loss_ce_0: 0.9275  loss_mask_0: 0.07568  loss_dice_0: 0.9599  loss_ce_1: 0.1976  loss_mask_1: 0.05312  loss_dice_1: 0.7647  loss_ce_2: 0.1972  loss_mask_2: 0.04505  loss_dice_2: 0.7543  loss_ce_3: 0.1304  loss_mask_3: 0.04543  loss_dice_3: 0.7734  loss_ce_4: 0.09908  loss_mask_4: 0.04348  loss_dice_4: 0.8202  loss_ce_5: 0.09603  loss_mask_5: 0.03989  loss_dice_5: 0.7418  loss_ce_6: 0.08668  loss_mask_6: 0.03836  loss_dice_6: 0.7376  loss_ce_7: 0.08602  loss_mask_7: 0.03971  loss_dice_7: 0.7304  loss_ce_8: 0.08232  loss_mask_8: 0.04303  loss_dice_8: 0.7404    time: 0.7640  last_time: 0.7543  data_time: 0.1154  last_data_time: 0.1154   lr: 4.9388e-05  max_mem: 10274M
[03/19 14:58:11 d2.utils.events]:  eta: 2:54:12  iter: 1079  total_loss: 9.966  loss_ce: 0.08548  loss_mask: 0.07051  loss_dice: 0.7376  loss_ce_0: 0.4688  loss_mask_0: 0.0919  loss_dice_0: 0.762  loss_ce_1: 0.1785  loss_mask_1: 0.08731  loss_dice_1: 0.8108  loss_ce_2: 0.1138  loss_mask_2: 0.07703  loss_dice_2: 0.8074  loss_ce_3: 0.06011  loss_mask_3: 0.07681  loss_dice_3: 0.812  loss_ce_4: 0.08319  loss_mask_4: 0.07755  loss_dice_4: 0.8243  loss_ce_5: 0.08356  loss_mask_5: 0.07368  loss_dice_5: 0.7782  loss_ce_6: 0.07885  loss_mask_6: 0.07666  loss_dice_6: 0.8126  loss_ce_7: 0.08194  loss_mask_7: 0.07975  loss_dice_7: 0.8356  loss_ce_8: 0.0915  loss_mask_8: 0.0752  loss_dice_8: 0.6739    time: 0.7638  last_time: 0.7823  data_time: 0.1641  last_data_time: 0.1641   lr: 4.9364e-05  max_mem: 10274M
[03/19 14:58:26 d2.utils.events]:  eta: 2:53:58  iter: 1099  total_loss: 9.421  loss_ce: 0.05755  loss_mask: 0.06189  loss_dice: 0.6208  loss_ce_0: 1.009  loss_mask_0: 0.1202  loss_dice_0: 1.065  loss_ce_1: 0.248  loss_mask_1: 0.09128  loss_dice_1: 0.6881  loss_ce_2: 0.1627  loss_mask_2: 0.07763  loss_dice_2: 0.6314  loss_ce_3: 0.1706  loss_mask_3: 0.05533  loss_dice_3: 0.5847  loss_ce_4: 0.1179  loss_mask_4: 0.0657  loss_dice_4: 0.666  loss_ce_5: 0.07111  loss_mask_5: 0.06229  loss_dice_5: 0.6493  loss_ce_6: 0.05975  loss_mask_6: 0.0612  loss_dice_6: 0.5962  loss_ce_7: 0.05493  loss_mask_7: 0.05604  loss_dice_7: 0.5676  loss_ce_8: 0.05284  loss_mask_8: 0.06143  loss_dice_8: 0.6341    time: 0.7638  last_time: 0.8170  data_time: 0.1762  last_data_time: 0.1762   lr: 4.9341e-05  max_mem: 10274M
[03/19 14:58:42 d2.utils.events]:  eta: 2:53:44  iter: 1119  total_loss: 17.16  loss_ce: 0.2475  loss_mask: 0.07305  loss_dice: 1.198  loss_ce_0: 1.353  loss_mask_0: 0.1011  loss_dice_0: 1.269  loss_ce_1: 0.3447  loss_mask_1: 0.07586  loss_dice_1: 1.241  loss_ce_2: 0.3347  loss_mask_2: 0.07583  loss_dice_2: 1.303  loss_ce_3: 0.2225  loss_mask_3: 0.09408  loss_dice_3: 1.303  loss_ce_4: 0.2198  loss_mask_4: 0.07243  loss_dice_4: 1.282  loss_ce_5: 0.1739  loss_mask_5: 0.08743  loss_dice_5: 1.34  loss_ce_6: 0.2427  loss_mask_6: 0.08413  loss_dice_6: 1.357  loss_ce_7: 0.2895  loss_mask_7: 0.07308  loss_dice_7: 1.166  loss_ce_8: 0.2479  loss_mask_8: 0.08503  loss_dice_8: 1.204    time: 0.7639  last_time: 0.8314  data_time: 0.1802  last_data_time: 0.1802   lr: 4.9317e-05  max_mem: 10274M
[03/19 14:58:57 d2.utils.events]:  eta: 2:53:28  iter: 1139  total_loss: 9.908  loss_ce: 0.353  loss_mask: 0.02843  loss_dice: 0.4551  loss_ce_0: 0.8061  loss_mask_0: 0.03462  loss_dice_0: 0.5497  loss_ce_1: 0.211  loss_mask_1: 0.03125  loss_dice_1: 0.8077  loss_ce_2: 0.3037  loss_mask_2: 0.03573  loss_dice_2: 0.5089  loss_ce_3: 0.3685  loss_mask_3: 0.03074  loss_dice_3: 0.6302  loss_ce_4: 0.1204  loss_mask_4: 0.03359  loss_dice_4: 0.8923  loss_ce_5: 0.1254  loss_mask_5: 0.0324  loss_dice_5: 0.701  loss_ce_6: 0.3991  loss_mask_6: 0.03189  loss_dice_6: 0.5825  loss_ce_7: 0.3738  loss_mask_7: 0.03013  loss_dice_7: 0.5278  loss_ce_8: 0.3933  loss_mask_8: 0.02863  loss_dice_8: 0.481    time: 0.7639  last_time: 0.7813  data_time: 0.1414  last_data_time: 0.1414   lr: 4.9292e-05  max_mem: 10274M
[03/19 14:59:13 d2.utils.events]:  eta: 2:53:21  iter: 1159  total_loss: 10.59  loss_ce: 0.159  loss_mask: 0.05028  loss_dice: 0.9711  loss_ce_0: 0.6754  loss_mask_0: 0.04777  loss_dice_0: 0.6894  loss_ce_1: 0.3148  loss_mask_1: 0.06651  loss_dice_1: 0.7732  loss_ce_2: 0.3227  loss_mask_2: 0.04371  loss_dice_2: 0.8072  loss_ce_3: 0.1564  loss_mask_3: 0.03925  loss_dice_3: 0.6798  loss_ce_4: 0.1609  loss_mask_4: 0.04799  loss_dice_4: 0.7981  loss_ce_5: 0.1348  loss_mask_5: 0.05739  loss_dice_5: 0.7731  loss_ce_6: 0.137  loss_mask_6: 0.05401  loss_dice_6: 0.728  loss_ce_7: 0.1511  loss_mask_7: 0.03786  loss_dice_7: 0.6968  loss_ce_8: 0.1471  loss_mask_8: 0.04977  loss_dice_8: 0.8158    time: 0.7642  last_time: 0.8052  data_time: 0.1476  last_data_time: 0.1476   lr: 4.9267e-05  max_mem: 10274M
[03/19 14:59:29 d2.utils.events]:  eta: 2:53:14  iter: 1179  total_loss: 12.63  loss_ce: 0.1211  loss_mask: 0.05525  loss_dice: 1.029  loss_ce_0: 0.4389  loss_mask_0: 0.07999  loss_dice_0: 1.237  loss_ce_1: 0.1795  loss_mask_1: 0.03392  loss_dice_1: 0.971  loss_ce_2: 0.08107  loss_mask_2: 0.05242  loss_dice_2: 1.056  loss_ce_3: 0.1391  loss_mask_3: 0.06748  loss_dice_3: 1.027  loss_ce_4: 0.1133  loss_mask_4: 0.04921  loss_dice_4: 1.068  loss_ce_5: 0.1208  loss_mask_5: 0.05988  loss_dice_5: 1.106  loss_ce_6: 0.1078  loss_mask_6: 0.05843  loss_dice_6: 1.033  loss_ce_7: 0.1141  loss_mask_7: 0.05411  loss_dice_7: 0.9959  loss_ce_8: 0.1163  loss_mask_8: 0.04199  loss_dice_8: 1.025    time: 0.7640  last_time: 0.7588  data_time: 0.1291  last_data_time: 0.1291   lr: 4.9242e-05  max_mem: 10274M
[03/19 14:59:44 d2.utils.events]:  eta: 2:53:03  iter: 1199  total_loss: 14.56  loss_ce: 0.1139  loss_mask: 0.0505  loss_dice: 1.449  loss_ce_0: 0.7311  loss_mask_0: 0.03537  loss_dice_0: 0.9179  loss_ce_1: 0.2189  loss_mask_1: 0.04343  loss_dice_1: 1.226  loss_ce_2: 0.1779  loss_mask_2: 0.04223  loss_dice_2: 1.078  loss_ce_3: 0.1839  loss_mask_3: 0.04562  loss_dice_3: 1.427  loss_ce_4: 0.1288  loss_mask_4: 0.05408  loss_dice_4: 1.144  loss_ce_5: 0.1312  loss_mask_5: 0.04596  loss_dice_5: 1.28  loss_ce_6: 0.1286  loss_mask_6: 0.04905  loss_dice_6: 1.087  loss_ce_7: 0.1228  loss_mask_7: 0.0539  loss_dice_7: 1.469  loss_ce_8: 0.1193  loss_mask_8: 0.04085  loss_dice_8: 0.9628    time: 0.7642  last_time: 0.8713  data_time: 0.2474  last_data_time: 0.2474   lr: 4.9216e-05  max_mem: 10274M
[03/19 15:00:00 d2.utils.events]:  eta: 2:52:58  iter: 1219  total_loss: 5.244  loss_ce: 0.1004  loss_mask: 0.05606  loss_dice: 0.3025  loss_ce_0: 0.5098  loss_mask_0: 0.06639  loss_dice_0: 0.3329  loss_ce_1: 0.08453  loss_mask_1: 0.06503  loss_dice_1: 0.2915  loss_ce_2: 0.1096  loss_mask_2: 0.0636  loss_dice_2: 0.2643  loss_ce_3: 0.1358  loss_mask_3: 0.06709  loss_dice_3: 0.3203  loss_ce_4: 0.1307  loss_mask_4: 0.06706  loss_dice_4: 0.3035  loss_ce_5: 0.135  loss_mask_5: 0.07273  loss_dice_5: 0.3016  loss_ce_6: 0.1265  loss_mask_6: 0.06146  loss_dice_6: 0.3157  loss_ce_7: 0.1249  loss_mask_7: 0.06235  loss_dice_7: 0.2981  loss_ce_8: 0.1069  loss_mask_8: 0.06021  loss_dice_8: 0.3074    time: 0.7641  last_time: 0.7764  data_time: 0.1470  last_data_time: 0.1470   lr: 4.919e-05  max_mem: 10274M
[03/19 15:00:16 d2.utils.events]:  eta: 2:52:53  iter: 1239  total_loss: 16.21  loss_ce: 0.1585  loss_mask: 0.09026  loss_dice: 1.24  loss_ce_0: 0.6509  loss_mask_0: 0.07999  loss_dice_0: 1.423  loss_ce_1: 0.3792  loss_mask_1: 0.08869  loss_dice_1: 1.301  loss_ce_2: 0.1505  loss_mask_2: 0.07632  loss_dice_2: 1.173  loss_ce_3: 0.3736  loss_mask_3: 0.07501  loss_dice_3: 1.125  loss_ce_4: 0.1957  loss_mask_4: 0.08328  loss_dice_4: 1.36  loss_ce_5: 0.2004  loss_mask_5: 0.07758  loss_dice_5: 1.265  loss_ce_6: 0.3111  loss_mask_6: 0.08015  loss_dice_6: 1.188  loss_ce_7: 0.1823  loss_mask_7: 0.07396  loss_dice_7: 1.354  loss_ce_8: 0.1628  loss_mask_8: 0.07337  loss_dice_8: 1.222    time: 0.7646  last_time: 0.7632  data_time: 0.1097  last_data_time: 0.1097   lr: 4.9163e-05  max_mem: 10274M
[03/19 15:00:31 d2.utils.events]:  eta: 2:52:37  iter: 1259  total_loss: 15.19  loss_ce: 0.2488  loss_mask: 0.07082  loss_dice: 0.9827  loss_ce_0: 0.794  loss_mask_0: 0.1487  loss_dice_0: 1.39  loss_ce_1: 0.4183  loss_mask_1: 0.08322  loss_dice_1: 0.9824  loss_ce_2: 0.3351  loss_mask_2: 0.07545  loss_dice_2: 1.087  loss_ce_3: 0.3025  loss_mask_3: 0.07932  loss_dice_3: 1.01  loss_ce_4: 0.2658  loss_mask_4: 0.07355  loss_dice_4: 0.8636  loss_ce_5: 0.2641  loss_mask_5: 0.07665  loss_dice_5: 1.115  loss_ce_6: 0.4276  loss_mask_6: 0.08366  loss_dice_6: 1.107  loss_ce_7: 0.2574  loss_mask_7: 0.0753  loss_dice_7: 1.085  loss_ce_8: 0.2457  loss_mask_8: 0.08127  loss_dice_8: 1.164    time: 0.7644  last_time: 0.7654  data_time: 0.1281  last_data_time: 0.1281   lr: 4.9136e-05  max_mem: 10274M
[03/19 15:00:47 d2.utils.events]:  eta: 2:52:30  iter: 1279  total_loss: 9.048  loss_ce: 0.08458  loss_mask: 0.05421  loss_dice: 0.6863  loss_ce_0: 0.3224  loss_mask_0: 0.0594  loss_dice_0: 1.023  loss_ce_1: 0.07418  loss_mask_1: 0.05762  loss_dice_1: 0.7009  loss_ce_2: 0.2994  loss_mask_2: 0.0541  loss_dice_2: 0.7195  loss_ce_3: 0.09089  loss_mask_3: 0.0504  loss_dice_3: 0.6444  loss_ce_4: 0.0897  loss_mask_4: 0.05129  loss_dice_4: 0.6962  loss_ce_5: 0.09351  loss_mask_5: 0.04783  loss_dice_5: 0.712  loss_ce_6: 0.07695  loss_mask_6: 0.05065  loss_dice_6: 0.741  loss_ce_7: 0.08327  loss_mask_7: 0.05009  loss_dice_7: 0.6189  loss_ce_8: 0.08689  loss_mask_8: 0.05067  loss_dice_8: 0.6778    time: 0.7649  last_time: 0.7044  data_time: 0.0697  last_data_time: 0.0697   lr: 4.9108e-05  max_mem: 10274M
[03/19 15:01:03 d2.utils.events]:  eta: 2:52:21  iter: 1299  total_loss: 11.7  loss_ce: 0.2564  loss_mask: 0.03374  loss_dice: 0.6561  loss_ce_0: 1.197  loss_mask_0: 0.04431  loss_dice_0: 0.8056  loss_ce_1: 0.3739  loss_mask_1: 0.0568  loss_dice_1: 0.8991  loss_ce_2: 0.3782  loss_mask_2: 0.04936  loss_dice_2: 0.8565  loss_ce_3: 0.3058  loss_mask_3: 0.03757  loss_dice_3: 0.6824  loss_ce_4: 0.5178  loss_mask_4: 0.03968  loss_dice_4: 0.6474  loss_ce_5: 0.2736  loss_mask_5: 0.03128  loss_dice_5: 0.5991  loss_ce_6: 0.238  loss_mask_6: 0.0356  loss_dice_6: 0.7203  loss_ce_7: 0.234  loss_mask_7: 0.03285  loss_dice_7: 0.666  loss_ce_8: 0.2241  loss_mask_8: 0.03408  loss_dice_8: 0.7705    time: 0.7648  last_time: 0.7864  data_time: 0.1487  last_data_time: 0.1487   lr: 4.908e-05  max_mem: 10274M
[03/19 15:01:18 d2.utils.events]:  eta: 2:52:01  iter: 1319  total_loss: 12.1  loss_ce: 0.2946  loss_mask: 0.05287  loss_dice: 0.7701  loss_ce_0: 0.8765  loss_mask_0: 0.1847  loss_dice_0: 1.288  loss_ce_1: 0.2032  loss_mask_1: 0.05747  loss_dice_1: 1.06  loss_ce_2: 0.3609  loss_mask_2: 0.05021  loss_dice_2: 0.6897  loss_ce_3: 0.2731  loss_mask_3: 0.04423  loss_dice_3: 0.6848  loss_ce_4: 0.2936  loss_mask_4: 0.04254  loss_dice_4: 0.6624  loss_ce_5: 0.2849  loss_mask_5: 0.04901  loss_dice_5: 0.7464  loss_ce_6: 0.2681  loss_mask_6: 0.05325  loss_dice_6: 0.7763  loss_ce_7: 0.2724  loss_mask_7: 0.04272  loss_dice_7: 0.712  loss_ce_8: 0.2949  loss_mask_8: 0.04175  loss_dice_8: 0.6744    time: 0.7648  last_time: 0.8192  data_time: 0.1859  last_data_time: 0.1859   lr: 4.9052e-05  max_mem: 10274M
[03/19 15:01:34 d2.utils.events]:  eta: 2:51:36  iter: 1339  total_loss: 10.47  loss_ce: 0.06382  loss_mask: 0.07198  loss_dice: 0.904  loss_ce_0: 0.5934  loss_mask_0: 0.08719  loss_dice_0: 0.9137  loss_ce_1: 0.1263  loss_mask_1: 0.06712  loss_dice_1: 0.6834  loss_ce_2: 0.1027  loss_mask_2: 0.06249  loss_dice_2: 0.5976  loss_ce_3: 0.1086  loss_mask_3: 0.07298  loss_dice_3: 0.9269  loss_ce_4: 0.06396  loss_mask_4: 0.081  loss_dice_4: 0.919  loss_ce_5: 0.06213  loss_mask_5: 0.07966  loss_dice_5: 0.7979  loss_ce_6: 0.06315  loss_mask_6: 0.0743  loss_dice_6: 0.8735  loss_ce_7: 0.05933  loss_mask_7: 0.08293  loss_dice_7: 0.9165  loss_ce_8: 0.06211  loss_mask_8: 0.07761  loss_dice_8: 0.8742    time: 0.7646  last_time: 0.8745  data_time: 0.1614  last_data_time: 0.1614   lr: 4.9023e-05  max_mem: 10274M
[03/19 15:01:49 d2.utils.events]:  eta: 2:51:15  iter: 1359  total_loss: 11.69  loss_ce: 0.284  loss_mask: 0.04648  loss_dice: 0.6802  loss_ce_0: 1.087  loss_mask_0: 0.1113  loss_dice_0: 1.105  loss_ce_1: 0.2673  loss_mask_1: 0.06596  loss_dice_1: 0.8925  loss_ce_2: 0.2524  loss_mask_2: 0.05694  loss_dice_2: 0.7803  loss_ce_3: 0.2013  loss_mask_3: 0.05026  loss_dice_3: 0.768  loss_ce_4: 0.1427  loss_mask_4: 0.06507  loss_dice_4: 0.8396  loss_ce_5: 0.2858  loss_mask_5: 0.04722  loss_dice_5: 0.6076  loss_ce_6: 0.2585  loss_mask_6: 0.05607  loss_dice_6: 0.8816  loss_ce_7: 0.2527  loss_mask_7: 0.04595  loss_dice_7: 0.5731  loss_ce_8: 0.2583  loss_mask_8: 0.05121  loss_dice_8: 0.6762    time: 0.7647  last_time: 0.8836  data_time: 0.2603  last_data_time: 0.2603   lr: 4.8994e-05  max_mem: 10274M
[03/19 15:02:05 d2.utils.events]:  eta: 2:51:03  iter: 1379  total_loss: 8.309  loss_ce: 0.05233  loss_mask: 0.1016  loss_dice: 0.5562  loss_ce_0: 0.7947  loss_mask_0: 0.1432  loss_dice_0: 0.782  loss_ce_1: 0.1043  loss_mask_1: 0.1115  loss_dice_1: 0.5442  loss_ce_2: 0.1226  loss_mask_2: 0.1122  loss_dice_2: 0.5514  loss_ce_3: 0.08539  loss_mask_3: 0.1138  loss_dice_3: 0.5732  loss_ce_4: 0.05248  loss_mask_4: 0.1156  loss_dice_4: 0.5772  loss_ce_5: 0.04931  loss_mask_5: 0.1153  loss_dice_5: 0.5762  loss_ce_6: 0.06086  loss_mask_6: 0.1089  loss_dice_6: 0.5443  loss_ce_7: 0.05447  loss_mask_7: 0.1048  loss_dice_7: 0.4987  loss_ce_8: 0.0557  loss_mask_8: 0.1104  loss_dice_8: 0.5363    time: 0.7647  last_time: 0.8750  data_time: 0.2392  last_data_time: 0.2392   lr: 4.8965e-05  max_mem: 10274M
[03/19 15:02:20 d2.utils.events]:  eta: 2:50:34  iter: 1399  total_loss: 17.32  loss_ce: 0.5604  loss_mask: 0.05194  loss_dice: 0.9537  loss_ce_0: 0.5596  loss_mask_0: 0.1561  loss_dice_0: 1.482  loss_ce_1: 0.3942  loss_mask_1: 0.1457  loss_dice_1: 1.133  loss_ce_2: 0.3797  loss_mask_2: 0.1977  loss_dice_2: 1.393  loss_ce_3: 0.2406  loss_mask_3: 0.175  loss_dice_3: 1.195  loss_ce_4: 0.2608  loss_mask_4: 0.1918  loss_dice_4: 1.107  loss_ce_5: 0.2395  loss_mask_5: 0.2045  loss_dice_5: 1.268  loss_ce_6: 0.5559  loss_mask_6: 0.05981  loss_dice_6: 1.184  loss_ce_7: 0.7522  loss_mask_7: 0.05711  loss_dice_7: 0.9987  loss_ce_8: 0.7332  loss_mask_8: 0.04195  loss_dice_8: 0.6429    time: 0.7643  last_time: 0.7342  data_time: 0.1141  last_data_time: 0.1141   lr: 4.8935e-05  max_mem: 10274M
[03/19 15:02:35 d2.utils.events]:  eta: 2:50:17  iter: 1419  total_loss: 11.81  loss_ce: 0.6633  loss_mask: 0.03351  loss_dice: 0.5763  loss_ce_0: 0.997  loss_mask_0: 0.06685  loss_dice_0: 0.6794  loss_ce_1: 0.5014  loss_mask_1: 0.03569  loss_dice_1: 0.4891  loss_ce_2: 0.4604  loss_mask_2: 0.03864  loss_dice_2: 0.5272  loss_ce_3: 0.5063  loss_mask_3: 0.03767  loss_dice_3: 0.5566  loss_ce_4: 0.5048  loss_mask_4: 0.03022  loss_dice_4: 0.4978  loss_ce_5: 0.562  loss_mask_5: 0.0364  loss_dice_5: 0.5398  loss_ce_6: 0.5648  loss_mask_6: 0.03865  loss_dice_6: 0.5994  loss_ce_7: 0.5542  loss_mask_7: 0.03478  loss_dice_7: 0.5527  loss_ce_8: 0.5965  loss_mask_8: 0.03471  loss_dice_8: 0.4899    time: 0.7642  last_time: 0.7961  data_time: 0.1736  last_data_time: 0.1736   lr: 4.8904e-05  max_mem: 10274M
[03/19 15:02:51 d2.utils.events]:  eta: 2:50:02  iter: 1439  total_loss: 10.22  loss_ce: 0.08811  loss_mask: 0.06803  loss_dice: 0.8147  loss_ce_0: 0.5659  loss_mask_0: 0.1832  loss_dice_0: 0.9785  loss_ce_1: 0.2949  loss_mask_1: 0.05253  loss_dice_1: 0.6772  loss_ce_2: 0.2138  loss_mask_2: 0.04481  loss_dice_2: 0.6577  loss_ce_3: 0.1306  loss_mask_3: 0.06161  loss_dice_3: 0.7462  loss_ce_4: 0.131  loss_mask_4: 0.051  loss_dice_4: 0.7449  loss_ce_5: 0.1032  loss_mask_5: 0.04751  loss_dice_5: 0.7446  loss_ce_6: 0.08221  loss_mask_6: 0.05834  loss_dice_6: 0.8232  loss_ce_7: 0.0701  loss_mask_7: 0.05449  loss_dice_7: 0.74  loss_ce_8: 0.0856  loss_mask_8: 0.06597  loss_dice_8: 0.8386    time: 0.7642  last_time: 0.8141  data_time: 0.1862  last_data_time: 0.1862   lr: 4.8873e-05  max_mem: 10274M
[03/19 15:03:06 d2.utils.events]:  eta: 2:49:47  iter: 1459  total_loss: 14.9  loss_ce: 0.2086  loss_mask: 0.06888  loss_dice: 0.9964  loss_ce_0: 1.022  loss_mask_0: 0.1208  loss_dice_0: 1.316  loss_ce_1: 0.4618  loss_mask_1: 0.08743  loss_dice_1: 1.198  loss_ce_2: 0.3679  loss_mask_2: 0.07821  loss_dice_2: 1.083  loss_ce_3: 0.2962  loss_mask_3: 0.07919  loss_dice_3: 1.037  loss_ce_4: 0.2142  loss_mask_4: 0.08021  loss_dice_4: 1.047  loss_ce_5: 0.2019  loss_mask_5: 0.08334  loss_dice_5: 1.083  loss_ce_6: 0.2418  loss_mask_6: 0.07012  loss_dice_6: 0.8419  loss_ce_7: 0.2144  loss_mask_7: 0.06951  loss_dice_7: 0.9787  loss_ce_8: 0.2289  loss_mask_8: 0.07646  loss_dice_8: 1.047    time: 0.7641  last_time: 0.7524  data_time: 0.1218  last_data_time: 0.1218   lr: 4.8842e-05  max_mem: 10274M
[03/19 15:03:21 d2.utils.events]:  eta: 2:49:31  iter: 1479  total_loss: 16.11  loss_ce: 0.4372  loss_mask: 0.1931  loss_dice: 0.7986  loss_ce_0: 1.092  loss_mask_0: 0.3224  loss_dice_0: 1.319  loss_ce_1: 0.4031  loss_mask_1: 0.2273  loss_dice_1: 0.8805  loss_ce_2: 0.3086  loss_mask_2: 0.2225  loss_dice_2: 0.9021  loss_ce_3: 0.5194  loss_mask_3: 0.2037  loss_dice_3: 0.8786  loss_ce_4: 0.499  loss_mask_4: 0.1833  loss_dice_4: 0.8348  loss_ce_5: 0.4688  loss_mask_5: 0.2014  loss_dice_5: 0.8278  loss_ce_6: 0.403  loss_mask_6: 0.2124  loss_dice_6: 0.8165  loss_ce_7: 0.4793  loss_mask_7: 0.1965  loss_dice_7: 0.8387  loss_ce_8: 0.4082  loss_mask_8: 0.1994  loss_dice_8: 0.8302    time: 0.7641  last_time: 0.9017  data_time: 0.2581  last_data_time: 0.2581   lr: 4.881e-05  max_mem: 10274M
[03/19 15:03:37 d2.utils.events]:  eta: 2:49:15  iter: 1499  total_loss: 12.37  loss_ce: 0.1758  loss_mask: 0.07225  loss_dice: 0.9272  loss_ce_0: 0.5423  loss_mask_0: 0.208  loss_dice_0: 1.498  loss_ce_1: 0.1532  loss_mask_1: 0.06808  loss_dice_1: 0.8126  loss_ce_2: 0.3224  loss_mask_2: 0.06599  loss_dice_2: 0.5024  loss_ce_3: 0.2418  loss_mask_3: 0.07651  loss_dice_3: 1.047  loss_ce_4: 0.1575  loss_mask_4: 0.07062  loss_dice_4: 0.711  loss_ce_5: 0.2033  loss_mask_5: 0.0712  loss_dice_5: 0.7854  loss_ce_6: 0.1608  loss_mask_6: 0.07579  loss_dice_6: 0.8452  loss_ce_7: 0.171  loss_mask_7: 0.06719  loss_dice_7: 0.9261  loss_ce_8: 0.2501  loss_mask_8: 0.07842  loss_dice_8: 1.08    time: 0.7641  last_time: 0.8193  data_time: 0.1997  last_data_time: 0.1997   lr: 4.8778e-05  max_mem: 10274M
[03/19 15:03:52 d2.utils.events]:  eta: 2:49:01  iter: 1519  total_loss: 7.217  loss_ce: 0.04294  loss_mask: 0.03518  loss_dice: 0.5457  loss_ce_0: 0.4177  loss_mask_0: 0.07389  loss_dice_0: 0.5997  loss_ce_1: 0.1025  loss_mask_1: 0.05831  loss_dice_1: 0.7502  loss_ce_2: 0.09963  loss_mask_2: 0.05014  loss_dice_2: 0.7311  loss_ce_3: 0.05444  loss_mask_3: 0.0332  loss_dice_3: 0.5465  loss_ce_4: 0.04552  loss_mask_4: 0.03599  loss_dice_4: 0.6217  loss_ce_5: 0.04184  loss_mask_5: 0.03459  loss_dice_5: 0.5423  loss_ce_6: 0.04233  loss_mask_6: 0.03099  loss_dice_6: 0.4811  loss_ce_7: 0.04911  loss_mask_7: 0.0303  loss_dice_7: 0.4817  loss_ce_8: 0.04607  loss_mask_8: 0.03265  loss_dice_8: 0.5593    time: 0.7641  last_time: 0.7829  data_time: 0.1545  last_data_time: 0.1545   lr: 4.8745e-05  max_mem: 10274M
[03/19 15:04:08 d2.utils.events]:  eta: 2:48:45  iter: 1539  total_loss: 13.62  loss_ce: 0.2691  loss_mask: 0.03058  loss_dice: 1.011  loss_ce_0: 0.6829  loss_mask_0: 0.03597  loss_dice_0: 0.8929  loss_ce_1: 0.6123  loss_mask_1: 0.03316  loss_dice_1: 0.9761  loss_ce_2: 0.3894  loss_mask_2: 0.02953  loss_dice_2: 0.8543  loss_ce_3: 0.2824  loss_mask_3: 0.04041  loss_dice_3: 0.8603  loss_ce_4: 0.2459  loss_mask_4: 0.03394  loss_dice_4: 1.046  loss_ce_5: 0.4241  loss_mask_5: 0.02453  loss_dice_5: 0.9892  loss_ce_6: 0.2748  loss_mask_6: 0.02557  loss_dice_6: 0.9422  loss_ce_7: 0.2653  loss_mask_7: 0.03604  loss_dice_7: 1.083  loss_ce_8: 0.2677  loss_mask_8: 0.03264  loss_dice_8: 0.9303    time: 0.7641  last_time: 0.7498  data_time: 0.1341  last_data_time: 0.1341   lr: 4.8713e-05  max_mem: 10274M
[03/19 15:04:24 d2.utils.events]:  eta: 2:48:31  iter: 1559  total_loss: 6.353  loss_ce: 0.06824  loss_mask: 0.04382  loss_dice: 0.4775  loss_ce_0: 0.4263  loss_mask_0: 0.06307  loss_dice_0: 0.6035  loss_ce_1: 0.1156  loss_mask_1: 0.04186  loss_dice_1: 0.4861  loss_ce_2: 0.0596  loss_mask_2: 0.04444  loss_dice_2: 0.4384  loss_ce_3: 0.06591  loss_mask_3: 0.03956  loss_dice_3: 0.4306  loss_ce_4: 0.07901  loss_mask_4: 0.04272  loss_dice_4: 0.5144  loss_ce_5: 0.07311  loss_mask_5: 0.04014  loss_dice_5: 0.4733  loss_ce_6: 0.06344  loss_mask_6: 0.03622  loss_dice_6: 0.4179  loss_ce_7: 0.0652  loss_mask_7: 0.04493  loss_dice_7: 0.4761  loss_ce_8: 0.066  loss_mask_8: 0.04324  loss_dice_8: 0.5133    time: 0.7641  last_time: 0.7460  data_time: 0.1198  last_data_time: 0.1198   lr: 4.8679e-05  max_mem: 10274M
[03/19 15:04:39 d2.utils.events]:  eta: 2:48:25  iter: 1579  total_loss: 7.003  loss_ce: 0.04768  loss_mask: 0.05804  loss_dice: 0.4635  loss_ce_0: 0.3581  loss_mask_0: 0.05875  loss_dice_0: 0.8326  loss_ce_1: 0.07121  loss_mask_1: 0.04924  loss_dice_1: 0.4063  loss_ce_2: 0.06443  loss_mask_2: 0.06267  loss_dice_2: 0.5653  loss_ce_3: 0.04686  loss_mask_3: 0.05917  loss_dice_3: 0.5969  loss_ce_4: 0.04196  loss_mask_4: 0.05497  loss_dice_4: 0.533  loss_ce_5: 0.05049  loss_mask_5: 0.04943  loss_dice_5: 0.5395  loss_ce_6: 0.04889  loss_mask_6: 0.05604  loss_dice_6: 0.6213  loss_ce_7: 0.04467  loss_mask_7: 0.05332  loss_dice_7: 0.602  loss_ce_8: 0.04846  loss_mask_8: 0.05001  loss_dice_8: 0.4684    time: 0.7642  last_time: 0.7521  data_time: 0.1332  last_data_time: 0.1332   lr: 4.8645e-05  max_mem: 10274M
[03/19 15:04:55 d2.utils.events]:  eta: 2:48:10  iter: 1599  total_loss: 20.24  loss_ce: 0.4664  loss_mask: 0.04883  loss_dice: 1.545  loss_ce_0: 0.4951  loss_mask_0: 0.08069  loss_dice_0: 2.209  loss_ce_1: 0.5246  loss_mask_1: 0.03597  loss_dice_1: 1.309  loss_ce_2: 0.3772  loss_mask_2: 0.033  loss_dice_2: 1.009  loss_ce_3: 0.4874  loss_mask_3: 0.04017  loss_dice_3: 1.421  loss_ce_4: 0.4696  loss_mask_4: 0.05536  loss_dice_4: 1.524  loss_ce_5: 0.7007  loss_mask_5: 0.03813  loss_dice_5: 1.286  loss_ce_6: 0.5555  loss_mask_6: 0.04664  loss_dice_6: 1.146  loss_ce_7: 0.546  loss_mask_7: 0.05101  loss_dice_7: 1.547  loss_ce_8: 0.4943  loss_mask_8: 0.05583  loss_dice_8: 1.647    time: 0.7641  last_time: 0.7507  data_time: 0.1114  last_data_time: 0.1114   lr: 4.8611e-05  max_mem: 10274M
[03/19 15:05:10 d2.utils.events]:  eta: 2:47:54  iter: 1619  total_loss: 14.95  loss_ce: 0.259  loss_mask: 0.07115  loss_dice: 1.025  loss_ce_0: 0.7334  loss_mask_0: 0.09228  loss_dice_0: 1.249  loss_ce_1: 0.3525  loss_mask_1: 0.1247  loss_dice_1: 1.226  loss_ce_2: 0.2984  loss_mask_2: 0.09697  loss_dice_2: 1.106  loss_ce_3: 0.2082  loss_mask_3: 0.08475  loss_dice_3: 1.079  loss_ce_4: 0.2219  loss_mask_4: 0.08895  loss_dice_4: 1.107  loss_ce_5: 0.2514  loss_mask_5: 0.09094  loss_dice_5: 1.048  loss_ce_6: 0.2289  loss_mask_6: 0.0836  loss_dice_6: 1.089  loss_ce_7: 0.2707  loss_mask_7: 0.07106  loss_dice_7: 0.965  loss_ce_8: 0.2834  loss_mask_8: 0.07775  loss_dice_8: 1.069    time: 0.7640  last_time: 0.7549  data_time: 0.1254  last_data_time: 0.1254   lr: 4.8577e-05  max_mem: 10274M
[03/19 15:05:25 d2.utils.events]:  eta: 2:47:35  iter: 1639  total_loss: 11.83  loss_ce: 0.3144  loss_mask: 0.03793  loss_dice: 0.8861  loss_ce_0: 0.5775  loss_mask_0: 0.04094  loss_dice_0: 0.8299  loss_ce_1: 0.2784  loss_mask_1: 0.05276  loss_dice_1: 0.8795  loss_ce_2: 0.2091  loss_mask_2: 0.0462  loss_dice_2: 0.8289  loss_ce_3: 0.2163  loss_mask_3: 0.04898  loss_dice_3: 0.801  loss_ce_4: 0.324  loss_mask_4: 0.04809  loss_dice_4: 0.9331  loss_ce_5: 0.1712  loss_mask_5: 0.04506  loss_dice_5: 0.9514  loss_ce_6: 0.1411  loss_mask_6: 0.04379  loss_dice_6: 0.8483  loss_ce_7: 0.158  loss_mask_7: 0.04412  loss_dice_7: 0.961  loss_ce_8: 0.1607  loss_mask_8: 0.0487  loss_dice_8: 0.9058    time: 0.7640  last_time: 0.7511  data_time: 0.1295  last_data_time: 0.1295   lr: 4.8541e-05  max_mem: 10274M
[03/19 15:05:41 d2.utils.events]:  eta: 2:47:16  iter: 1659  total_loss: 9.33  loss_ce: 0.03486  loss_mask: 0.1257  loss_dice: 0.6971  loss_ce_0: 0.5697  loss_mask_0: 0.1409  loss_dice_0: 0.8879  loss_ce_1: 0.05936  loss_mask_1: 0.1282  loss_dice_1: 0.7396  loss_ce_2: 0.04107  loss_mask_2: 0.1139  loss_dice_2: 0.6758  loss_ce_3: 0.02909  loss_mask_3: 0.1202  loss_dice_3: 0.6555  loss_ce_4: 0.03729  loss_mask_4: 0.1348  loss_dice_4: 0.6951  loss_ce_5: 0.02755  loss_mask_5: 0.1233  loss_dice_5: 0.7011  loss_ce_6: 0.02894  loss_mask_6: 0.1278  loss_dice_6: 0.741  loss_ce_7: 0.03492  loss_mask_7: 0.1223  loss_dice_7: 0.7138  loss_ce_8: 0.03811  loss_mask_8: 0.1223  loss_dice_8: 0.6627    time: 0.7640  last_time: 0.7625  data_time: 0.1256  last_data_time: 0.1256   lr: 4.8506e-05  max_mem: 10274M
[03/19 15:05:57 d2.utils.events]:  eta: 2:47:01  iter: 1679  total_loss: 12.68  loss_ce: 0.1986  loss_mask: 0.06441  loss_dice: 0.9192  loss_ce_0: 0.64  loss_mask_0: 0.1191  loss_dice_0: 1.098  loss_ce_1: 0.3105  loss_mask_1: 0.09199  loss_dice_1: 0.9926  loss_ce_2: 0.1963  loss_mask_2: 0.08207  loss_dice_2: 1.046  loss_ce_3: 0.1823  loss_mask_3: 0.06643  loss_dice_3: 0.9114  loss_ce_4: 0.2169  loss_mask_4: 0.06599  loss_dice_4: 0.7571  loss_ce_5: 0.2615  loss_mask_5: 0.07294  loss_dice_5: 0.718  loss_ce_6: 0.1967  loss_mask_6: 0.07284  loss_dice_6: 0.9418  loss_ce_7: 0.2169  loss_mask_7: 0.07625  loss_dice_7: 0.9225  loss_ce_8: 0.2664  loss_mask_8: 0.07947  loss_dice_8: 0.897    time: 0.7640  last_time: 0.7174  data_time: 0.0811  last_data_time: 0.0811   lr: 4.847e-05  max_mem: 10274M
[03/19 15:06:12 d2.utils.events]:  eta: 2:46:54  iter: 1699  total_loss: 15.21  loss_ce: 0.3825  loss_mask: 0.05273  loss_dice: 0.8585  loss_ce_0: 0.9691  loss_mask_0: 0.09716  loss_dice_0: 1.364  loss_ce_1: 0.4066  loss_mask_1: 0.08028  loss_dice_1: 1.202  loss_ce_2: 0.516  loss_mask_2: 0.05985  loss_dice_2: 0.9832  loss_ce_3: 0.4135  loss_mask_3: 0.06654  loss_dice_3: 1.033  loss_ce_4: 0.3501  loss_mask_4: 0.06122  loss_dice_4: 1.002  loss_ce_5: 0.353  loss_mask_5: 0.05247  loss_dice_5: 0.7243  loss_ce_6: 0.2651  loss_mask_6: 0.05848  loss_dice_6: 0.9994  loss_ce_7: 0.3744  loss_mask_7: 0.06314  loss_dice_7: 1.014  loss_ce_8: 0.3663  loss_mask_8: 0.05017  loss_dice_8: 0.9918    time: 0.7642  last_time: 0.8966  data_time: 0.2520  last_data_time: 0.2520   lr: 4.8434e-05  max_mem: 10274M
[03/19 15:06:28 d2.utils.events]:  eta: 2:46:35  iter: 1719  total_loss: 12.16  loss_ce: 0.2953  loss_mask: 0.09941  loss_dice: 0.7562  loss_ce_0: 0.476  loss_mask_0: 0.1364  loss_dice_0: 1.193  loss_ce_1: 0.2816  loss_mask_1: 0.09375  loss_dice_1: 0.8216  loss_ce_2: 0.2426  loss_mask_2: 0.08745  loss_dice_2: 0.8037  loss_ce_3: 0.3173  loss_mask_3: 0.09422  loss_dice_3: 0.7759  loss_ce_4: 0.182  loss_mask_4: 0.09564  loss_dice_4: 0.7872  loss_ce_5: 0.2142  loss_mask_5: 0.1077  loss_dice_5: 0.821  loss_ce_6: 0.2903  loss_mask_6: 0.08949  loss_dice_6: 0.7868  loss_ce_7: 0.3005  loss_mask_7: 0.09662  loss_dice_7: 0.7445  loss_ce_8: 0.2953  loss_mask_8: 0.1027  loss_dice_8: 0.768    time: 0.7645  last_time: 0.7743  data_time: 0.1367  last_data_time: 0.1367   lr: 4.8397e-05  max_mem: 10274M
[03/19 15:06:44 d2.utils.events]:  eta: 2:46:16  iter: 1739  total_loss: 13.92  loss_ce: 0.1201  loss_mask: 0.08884  loss_dice: 1.16  loss_ce_0: 0.8361  loss_mask_0: 0.1047  loss_dice_0: 1.276  loss_ce_1: 0.1721  loss_mask_1: 0.06618  loss_dice_1: 1.097  loss_ce_2: 0.1275  loss_mask_2: 0.06581  loss_dice_2: 1.144  loss_ce_3: 0.3277  loss_mask_3: 0.08409  loss_dice_3: 1.011  loss_ce_4: 0.1376  loss_mask_4: 0.07943  loss_dice_4: 0.9859  loss_ce_5: 0.129  loss_mask_5: 0.07131  loss_dice_5: 0.9717  loss_ce_6: 0.1689  loss_mask_6: 0.06802  loss_dice_6: 1.008  loss_ce_7: 0.1287  loss_mask_7: 0.07992  loss_dice_7: 1.173  loss_ce_8: 0.113  loss_mask_8: 0.07955  loss_dice_8: 1.048    time: 0.7643  last_time: 0.7698  data_time: 0.1019  last_data_time: 0.1019   lr: 4.836e-05  max_mem: 10274M
[03/19 15:06:59 d2.utils.events]:  eta: 2:46:05  iter: 1759  total_loss: 12.21  loss_ce: 0.3292  loss_mask: 0.05916  loss_dice: 0.7615  loss_ce_0: 0.4322  loss_mask_0: 0.1  loss_dice_0: 1.205  loss_ce_1: 0.365  loss_mask_1: 0.07259  loss_dice_1: 0.7352  loss_ce_2: 0.3658  loss_mask_2: 0.06512  loss_dice_2: 0.7965  loss_ce_3: 0.366  loss_mask_3: 0.05573  loss_dice_3: 0.6914  loss_ce_4: 0.4622  loss_mask_4: 0.07401  loss_dice_4: 0.7556  loss_ce_5: 0.3576  loss_mask_5: 0.06307  loss_dice_5: 0.7331  loss_ce_6: 0.3458  loss_mask_6: 0.05653  loss_dice_6: 0.7346  loss_ce_7: 0.3563  loss_mask_7: 0.05065  loss_dice_7: 0.675  loss_ce_8: 0.3176  loss_mask_8: 0.06556  loss_dice_8: 0.7654    time: 0.7643  last_time: 0.7437  data_time: 0.1060  last_data_time: 0.1060   lr: 4.8323e-05  max_mem: 10274M
[03/19 15:07:15 d2.utils.events]:  eta: 2:45:52  iter: 1779  total_loss: 8.468  loss_ce: 0.05053  loss_mask: 0.03503  loss_dice: 0.7046  loss_ce_0: 0.6382  loss_mask_0: 0.05671  loss_dice_0: 0.826  loss_ce_1: 0.1339  loss_mask_1: 0.05234  loss_dice_1: 0.7605  loss_ce_2: 0.09269  loss_mask_2: 0.04266  loss_dice_2: 0.7198  loss_ce_3: 0.07547  loss_mask_3: 0.03682  loss_dice_3: 0.6671  loss_ce_4: 0.05857  loss_mask_4: 0.03051  loss_dice_4: 0.593  loss_ce_5: 0.06091  loss_mask_5: 0.03455  loss_dice_5: 0.5748  loss_ce_6: 0.06895  loss_mask_6: 0.03738  loss_dice_6: 0.6793  loss_ce_7: 0.05111  loss_mask_7: 0.03794  loss_dice_7: 0.6479  loss_ce_8: 0.04983  loss_mask_8: 0.03474  loss_dice_8: 0.6163    time: 0.7644  last_time: 1.1497  data_time: 0.5035  last_data_time: 0.5035   lr: 4.8285e-05  max_mem: 10274M
[03/19 15:07:30 d2.utils.events]:  eta: 2:45:38  iter: 1799  total_loss: 8.288  loss_ce: 0.06804  loss_mask: 0.02556  loss_dice: 0.6003  loss_ce_0: 0.5124  loss_mask_0: 0.02969  loss_dice_0: 0.7558  loss_ce_1: 0.1414  loss_mask_1: 0.02587  loss_dice_1: 0.671  loss_ce_2: 0.1469  loss_mask_2: 0.03107  loss_dice_2: 0.7992  loss_ce_3: 0.1047  loss_mask_3: 0.02801  loss_dice_3: 0.6218  loss_ce_4: 0.06983  loss_mask_4: 0.02572  loss_dice_4: 0.6952  loss_ce_5: 0.09262  loss_mask_5: 0.02743  loss_dice_5: 0.6506  loss_ce_6: 0.07351  loss_mask_6: 0.0266  loss_dice_6: 0.5809  loss_ce_7: 0.05704  loss_mask_7: 0.03163  loss_dice_7: 0.651  loss_ce_8: 0.06676  loss_mask_8: 0.02398  loss_dice_8: 0.6539    time: 0.7643  last_time: 0.8141  data_time: 0.1645  last_data_time: 0.1645   lr: 4.8246e-05  max_mem: 10274M
[03/19 15:07:46 d2.utils.events]:  eta: 2:45:19  iter: 1819  total_loss: 8.662  loss_ce: 0.1705  loss_mask: 0.02297  loss_dice: 0.5646  loss_ce_0: 0.6646  loss_mask_0: 0.02797  loss_dice_0: 0.7871  loss_ce_1: 0.1461  loss_mask_1: 0.02232  loss_dice_1: 0.4896  loss_ce_2: 0.1471  loss_mask_2: 0.02702  loss_dice_2: 0.5143  loss_ce_3: 0.121  loss_mask_3: 0.02659  loss_dice_3: 0.5284  loss_ce_4: 0.2599  loss_mask_4: 0.0271  loss_dice_4: 0.8393  loss_ce_5: 0.2024  loss_mask_5: 0.03317  loss_dice_5: 0.7007  loss_ce_6: 0.1907  loss_mask_6: 0.02142  loss_dice_6: 0.6599  loss_ce_7: 0.1706  loss_mask_7: 0.0246  loss_dice_7: 0.5845  loss_ce_8: 0.1814  loss_mask_8: 0.02305  loss_dice_8: 0.4828    time: 0.7643  last_time: 0.7511  data_time: 0.1303  last_data_time: 0.1303   lr: 4.8208e-05  max_mem: 10274M
[03/19 15:08:01 d2.utils.events]:  eta: 2:45:07  iter: 1839  total_loss: 11.49  loss_ce: 0.1398  loss_mask: 0.0623  loss_dice: 0.7266  loss_ce_0: 0.7298  loss_mask_0: 0.09883  loss_dice_0: 1.006  loss_ce_1: 0.2069  loss_mask_1: 0.07109  loss_dice_1: 0.7489  loss_ce_2: 0.3262  loss_mask_2: 0.07907  loss_dice_2: 0.8972  loss_ce_3: 0.1577  loss_mask_3: 0.06274  loss_dice_3: 0.8795  loss_ce_4: 0.1481  loss_mask_4: 0.06573  loss_dice_4: 0.7095  loss_ce_5: 0.1476  loss_mask_5: 0.06174  loss_dice_5: 0.8565  loss_ce_6: 0.1362  loss_mask_6: 0.06285  loss_dice_6: 0.8789  loss_ce_7: 0.1289  loss_mask_7: 0.06582  loss_dice_7: 0.8793  loss_ce_8: 0.1285  loss_mask_8: 0.06626  loss_dice_8: 0.9644    time: 0.7643  last_time: 0.7285  data_time: 0.0814  last_data_time: 0.0814   lr: 4.8168e-05  max_mem: 10274M
[03/19 15:08:17 d2.utils.events]:  eta: 2:44:57  iter: 1859  total_loss: 19.81  loss_ce: 0.61  loss_mask: 0.142  loss_dice: 0.9445  loss_ce_0: 1.265  loss_mask_0: 0.5539  loss_dice_0: 1.758  loss_ce_1: 0.6435  loss_mask_1: 0.3298  loss_dice_1: 1.154  loss_ce_2: 0.5806  loss_mask_2: 0.2526  loss_dice_2: 1.169  loss_ce_3: 0.673  loss_mask_3: 0.1804  loss_dice_3: 1.136  loss_ce_4: 0.615  loss_mask_4: 0.1947  loss_dice_4: 1.035  loss_ce_5: 0.561  loss_mask_5: 0.1558  loss_dice_5: 0.9993  loss_ce_6: 0.4791  loss_mask_6: 0.2013  loss_dice_6: 0.9846  loss_ce_7: 0.6469  loss_mask_7: 0.1379  loss_dice_7: 0.8174  loss_ce_8: 0.6238  loss_mask_8: 0.14  loss_dice_8: 0.8248    time: 0.7646  last_time: 0.8178  data_time: 0.1843  last_data_time: 0.1843   lr: 4.8129e-05  max_mem: 10274M
[03/19 15:08:32 d2.utils.events]:  eta: 2:44:47  iter: 1879  total_loss: 11.08  loss_ce: 0.04548  loss_mask: 0.1093  loss_dice: 0.8287  loss_ce_0: 0.5201  loss_mask_0: 0.1506  loss_dice_0: 0.9938  loss_ce_1: 0.09877  loss_mask_1: 0.1259  loss_dice_1: 0.9001  loss_ce_2: 0.05708  loss_mask_2: 0.1691  loss_dice_2: 0.8207  loss_ce_3: 0.2473  loss_mask_3: 0.1163  loss_dice_3: 0.7363  loss_ce_4: 0.2583  loss_mask_4: 0.0806  loss_dice_4: 0.7554  loss_ce_5: 0.2344  loss_mask_5: 0.08106  loss_dice_5: 0.6572  loss_ce_6: 0.04525  loss_mask_6: 0.1467  loss_dice_6: 0.8174  loss_ce_7: 0.04241  loss_mask_7: 0.1385  loss_dice_7: 0.9087  loss_ce_8: 0.05042  loss_mask_8: 0.1102  loss_dice_8: 0.8295    time: 0.7644  last_time: 0.7633  data_time: 0.1423  last_data_time: 0.1423   lr: 4.8089e-05  max_mem: 10274M
[03/19 15:08:48 d2.utils.events]:  eta: 2:44:30  iter: 1899  total_loss: 11.91  loss_ce: 0.1489  loss_mask: 0.0959  loss_dice: 0.733  loss_ce_0: 1.298  loss_mask_0: 0.1166  loss_dice_0: 0.8489  loss_ce_1: 0.3529  loss_mask_1: 0.09506  loss_dice_1: 0.7334  loss_ce_2: 0.3888  loss_mask_2: 0.08206  loss_dice_2: 0.6448  loss_ce_3: 0.3982  loss_mask_3: 0.086  loss_dice_3: 0.7808  loss_ce_4: 0.3505  loss_mask_4: 0.09485  loss_dice_4: 0.8391  loss_ce_5: 0.1311  loss_mask_5: 0.0983  loss_dice_5: 0.7403  loss_ce_6: 0.1375  loss_mask_6: 0.1002  loss_dice_6: 0.7283  loss_ce_7: 0.1453  loss_mask_7: 0.09013  loss_dice_7: 0.7091  loss_ce_8: 0.1358  loss_mask_8: 0.09326  loss_dice_8: 0.716    time: 0.7644  last_time: 0.8254  data_time: 0.1876  last_data_time: 0.1876   lr: 4.8049e-05  max_mem: 10274M
[03/19 15:09:03 d2.utils.events]:  eta: 2:44:08  iter: 1919  total_loss: 13.66  loss_ce: 0.1226  loss_mask: 0.04988  loss_dice: 0.8997  loss_ce_0: 0.8577  loss_mask_0: 0.06115  loss_dice_0: 1.391  loss_ce_1: 0.2797  loss_mask_1: 0.04991  loss_dice_1: 0.9975  loss_ce_2: 0.3445  loss_mask_2: 0.04529  loss_dice_2: 1.057  loss_ce_3: 0.3491  loss_mask_3: 0.0504  loss_dice_3: 1.003  loss_ce_4: 0.1717  loss_mask_4: 0.05076  loss_dice_4: 0.9541  loss_ce_5: 0.1608  loss_mask_5: 0.04659  loss_dice_5: 1.024  loss_ce_6: 0.1433  loss_mask_6: 0.05154  loss_dice_6: 1.334  loss_ce_7: 0.1202  loss_mask_7: 0.05022  loss_dice_7: 0.8177  loss_ce_8: 0.1186  loss_mask_8: 0.05117  loss_dice_8: 1.01    time: 0.7642  last_time: 0.7762  data_time: 0.1483  last_data_time: 0.1483   lr: 4.8008e-05  max_mem: 10274M
[03/19 15:09:19 d2.utils.events]:  eta: 2:44:02  iter: 1939  total_loss: 8.315  loss_ce: 0.07365  loss_mask: 0.05271  loss_dice: 0.6533  loss_ce_0: 0.6126  loss_mask_0: 0.07436  loss_dice_0: 0.7753  loss_ce_1: 0.1299  loss_mask_1: 0.0474  loss_dice_1: 0.5765  loss_ce_2: 0.1547  loss_mask_2: 0.04736  loss_dice_2: 0.5531  loss_ce_3: 0.09907  loss_mask_3: 0.04985  loss_dice_3: 0.7113  loss_ce_4: 0.08741  loss_mask_4: 0.05764  loss_dice_4: 0.6462  loss_ce_5: 0.0826  loss_mask_5: 0.0487  loss_dice_5: 0.5466  loss_ce_6: 0.07849  loss_mask_6: 0.05201  loss_dice_6: 0.632  loss_ce_7: 0.0851  loss_mask_7: 0.05019  loss_dice_7: 0.5523  loss_ce_8: 0.08382  loss_mask_8: 0.05467  loss_dice_8: 0.6458    time: 0.7644  last_time: 0.7951  data_time: 0.1423  last_data_time: 0.1423   lr: 4.7967e-05  max_mem: 10274M
[03/19 15:09:35 d2.utils.events]:  eta: 2:43:45  iter: 1959  total_loss: 9.107  loss_ce: 0.05033  loss_mask: 0.03718  loss_dice: 0.7408  loss_ce_0: 0.8711  loss_mask_0: 0.06657  loss_dice_0: 1.039  loss_ce_1: 0.07146  loss_mask_1: 0.04339  loss_dice_1: 0.7525  loss_ce_2: 0.08278  loss_mask_2: 0.03414  loss_dice_2: 0.6129  loss_ce_3: 0.07024  loss_mask_3: 0.03899  loss_dice_3: 0.6837  loss_ce_4: 0.05774  loss_mask_4: 0.04717  loss_dice_4: 0.7575  loss_ce_5: 0.05333  loss_mask_5: 0.041  loss_dice_5: 0.6556  loss_ce_6: 0.04675  loss_mask_6: 0.04161  loss_dice_6: 0.6407  loss_ce_7: 0.0453  loss_mask_7: 0.04013  loss_dice_7: 0.7549  loss_ce_8: 0.04594  loss_mask_8: 0.03764  loss_dice_8: 0.6462    time: 0.7647  last_time: 0.9717  data_time: 0.3257  last_data_time: 0.3257   lr: 4.7925e-05  max_mem: 10274M
[03/19 15:09:51 d2.utils.events]:  eta: 2:43:32  iter: 1979  total_loss: 10.98  loss_ce: 0.08347  loss_mask: 0.1158  loss_dice: 0.7765  loss_ce_0: 0.5932  loss_mask_0: 0.1232  loss_dice_0: 0.9442  loss_ce_1: 0.2976  loss_mask_1: 0.1011  loss_dice_1: 0.8011  loss_ce_2: 0.1078  loss_mask_2: 0.1154  loss_dice_2: 0.869  loss_ce_3: 0.08311  loss_mask_3: 0.0833  loss_dice_3: 0.8406  loss_ce_4: 0.08055  loss_mask_4: 0.09395  loss_dice_4: 0.8007  loss_ce_5: 0.07383  loss_mask_5: 0.1202  loss_dice_5: 0.8714  loss_ce_6: 0.07779  loss_mask_6: 0.1017  loss_dice_6: 0.787  loss_ce_7: 0.08141  loss_mask_7: 0.1124  loss_dice_7: 0.8807  loss_ce_8: 0.08626  loss_mask_8: 0.1048  loss_dice_8: 0.7685    time: 0.7648  last_time: 0.7761  data_time: 0.1384  last_data_time: 0.1384   lr: 4.7883e-05  max_mem: 10274M
[03/19 15:10:07 d2.utils.events]:  eta: 2:43:17  iter: 1999  total_loss: 10.72  loss_ce: 0.05536  loss_mask: 0.05877  loss_dice: 0.6058  loss_ce_0: 0.9838  loss_mask_0: 0.1516  loss_dice_0: 1.017  loss_ce_1: 0.1534  loss_mask_1: 0.09836  loss_dice_1: 0.873  loss_ce_2: 0.1142  loss_mask_2: 0.08318  loss_dice_2: 0.815  loss_ce_3: 0.2164  loss_mask_3: 0.1096  loss_dice_3: 0.8874  loss_ce_4: 0.1447  loss_mask_4: 0.09818  loss_dice_4: 0.9255  loss_ce_5: 0.2227  loss_mask_5: 0.08497  loss_dice_5: 0.7843  loss_ce_6: 0.1109  loss_mask_6: 0.06183  loss_dice_6: 0.5957  loss_ce_7: 0.08891  loss_mask_7: 0.0623  loss_dice_7: 0.625  loss_ce_8: 0.05922  loss_mask_8: 0.05894  loss_dice_8: 0.5758    time: 0.7649  last_time: 0.7275  data_time: 0.0727  last_data_time: 0.0727   lr: 4.7841e-05  max_mem: 10274M
[03/19 15:10:22 d2.utils.events]:  eta: 2:43:05  iter: 2019  total_loss: 9.942  loss_ce: 0.1387  loss_mask: 0.0336  loss_dice: 0.8049  loss_ce_0: 0.6091  loss_mask_0: 0.03059  loss_dice_0: 0.6526  loss_ce_1: 0.1825  loss_mask_1: 0.03615  loss_dice_1: 0.8371  loss_ce_2: 0.1464  loss_mask_2: 0.03046  loss_dice_2: 0.7847  loss_ce_3: 0.1297  loss_mask_3: 0.03217  loss_dice_3: 0.705  loss_ce_4: 0.1259  loss_mask_4: 0.03518  loss_dice_4: 0.945  loss_ce_5: 0.123  loss_mask_5: 0.03102  loss_dice_5: 0.7316  loss_ce_6: 0.1213  loss_mask_6: 0.03047  loss_dice_6: 0.769  loss_ce_7: 0.1433  loss_mask_7: 0.03472  loss_dice_7: 0.79  loss_ce_8: 0.1553  loss_mask_8: 0.02941  loss_dice_8: 0.7234    time: 0.7650  last_time: 0.8065  data_time: 0.1710  last_data_time: 0.1710   lr: 4.7798e-05  max_mem: 10274M
[03/19 15:10:38 d2.utils.events]:  eta: 2:42:56  iter: 2039  total_loss: 11.15  loss_ce: 0.06158  loss_mask: 0.04374  loss_dice: 0.8417  loss_ce_0: 0.7233  loss_mask_0: 0.05631  loss_dice_0: 0.9963  loss_ce_1: 0.08372  loss_mask_1: 0.05291  loss_dice_1: 0.8829  loss_ce_2: 0.1085  loss_mask_2: 0.04292  loss_dice_2: 0.8626  loss_ce_3: 0.1526  loss_mask_3: 0.05326  loss_dice_3: 0.9412  loss_ce_4: 0.3307  loss_mask_4: 0.04984  loss_dice_4: 0.9036  loss_ce_5: 0.07385  loss_mask_5: 0.0399  loss_dice_5: 0.7995  loss_ce_6: 0.06907  loss_mask_6: 0.05269  loss_dice_6: 0.9341  loss_ce_7: 0.05852  loss_mask_7: 0.04436  loss_dice_7: 0.8241  loss_ce_8: 0.06361  loss_mask_8: 0.04583  loss_dice_8: 0.9574    time: 0.7651  last_time: 0.7951  data_time: 0.1581  last_data_time: 0.1581   lr: 4.7755e-05  max_mem: 10274M
[03/19 15:10:53 d2.utils.events]:  eta: 2:42:40  iter: 2059  total_loss: 10.55  loss_ce: 0.1674  loss_mask: 0.07388  loss_dice: 0.6184  loss_ce_0: 0.6647  loss_mask_0: 0.09081  loss_dice_0: 0.936  loss_ce_1: 0.2727  loss_mask_1: 0.07786  loss_dice_1: 0.7015  loss_ce_2: 0.4364  loss_mask_2: 0.07364  loss_dice_2: 0.6065  loss_ce_3: 0.2569  loss_mask_3: 0.08123  loss_dice_3: 0.7161  loss_ce_4: 0.1812  loss_mask_4: 0.08309  loss_dice_4: 0.6434  loss_ce_5: 0.1773  loss_mask_5: 0.08608  loss_dice_5: 0.6699  loss_ce_6: 0.1961  loss_mask_6: 0.08063  loss_dice_6: 0.7328  loss_ce_7: 0.1724  loss_mask_7: 0.07847  loss_dice_7: 0.711  loss_ce_8: 0.1902  loss_mask_8: 0.07819  loss_dice_8: 0.6984    time: 0.7650  last_time: 0.7473  data_time: 0.1348  last_data_time: 0.1348   lr: 4.7711e-05  max_mem: 10274M
[03/19 15:11:09 d2.utils.events]:  eta: 2:42:22  iter: 2079  total_loss: 12.05  loss_ce: 0.1305  loss_mask: 0.06734  loss_dice: 0.7723  loss_ce_0: 0.8335  loss_mask_0: 0.1688  loss_dice_0: 1.358  loss_ce_1: 0.2435  loss_mask_1: 0.09348  loss_dice_1: 1.042  loss_ce_2: 0.2073  loss_mask_2: 0.06762  loss_dice_2: 0.7998  loss_ce_3: 0.1474  loss_mask_3: 0.07733  loss_dice_3: 0.798  loss_ce_4: 0.143  loss_mask_4: 0.06559  loss_dice_4: 0.9166  loss_ce_5: 0.1615  loss_mask_5: 0.0622  loss_dice_5: 0.7314  loss_ce_6: 0.1448  loss_mask_6: 0.07072  loss_dice_6: 0.8152  loss_ce_7: 0.133  loss_mask_7: 0.05871  loss_dice_7: 0.8087  loss_ce_8: 0.1344  loss_mask_8: 0.07442  loss_dice_8: 0.9218    time: 0.7649  last_time: 0.7006  data_time: 0.0648  last_data_time: 0.0648   lr: 4.7667e-05  max_mem: 10274M
[03/19 15:11:24 d2.utils.events]:  eta: 2:42:05  iter: 2099  total_loss: 8.563  loss_ce: 0.06362  loss_mask: 0.05896  loss_dice: 0.6927  loss_ce_0: 0.3272  loss_mask_0: 0.07706  loss_dice_0: 0.634  loss_ce_1: 0.09254  loss_mask_1: 0.05829  loss_dice_1: 0.6389  loss_ce_2: 0.1092  loss_mask_2: 0.06185  loss_dice_2: 0.6629  loss_ce_3: 0.08926  loss_mask_3: 0.06078  loss_dice_3: 0.6821  loss_ce_4: 0.07336  loss_mask_4: 0.06493  loss_dice_4: 0.8517  loss_ce_5: 0.0704  loss_mask_5: 0.0584  loss_dice_5: 0.7252  loss_ce_6: 0.06215  loss_mask_6: 0.05551  loss_dice_6: 0.744  loss_ce_7: 0.06217  loss_mask_7: 0.0624  loss_dice_7: 0.6331  loss_ce_8: 0.06472  loss_mask_8: 0.05628  loss_dice_8: 0.6691    time: 0.7647  last_time: 0.7558  data_time: 0.1225  last_data_time: 0.1225   lr: 4.7623e-05  max_mem: 10274M
[03/19 15:11:39 d2.utils.events]:  eta: 2:41:50  iter: 2119  total_loss: 10.7  loss_ce: 0.2559  loss_mask: 0.03649  loss_dice: 0.7175  loss_ce_0: 0.563  loss_mask_0: 0.05248  loss_dice_0: 0.9428  loss_ce_1: 0.2759  loss_mask_1: 0.04923  loss_dice_1: 0.7687  loss_ce_2: 0.3266  loss_mask_2: 0.04241  loss_dice_2: 0.7828  loss_ce_3: 0.2356  loss_mask_3: 0.03731  loss_dice_3: 0.7037  loss_ce_4: 0.2253  loss_mask_4: 0.04442  loss_dice_4: 0.6955  loss_ce_5: 0.2178  loss_mask_5: 0.0436  loss_dice_5: 0.8213  loss_ce_6: 0.2018  loss_mask_6: 0.03655  loss_dice_6: 0.6858  loss_ce_7: 0.1539  loss_mask_7: 0.03976  loss_dice_7: 0.7528  loss_ce_8: 0.1654  loss_mask_8: 0.04285  loss_dice_8: 0.7781    time: 0.7647  last_time: 0.8094  data_time: 0.1738  last_data_time: 0.1738   lr: 4.7578e-05  max_mem: 10274M
[03/19 15:11:55 d2.utils.events]:  eta: 2:41:33  iter: 2139  total_loss: 8.906  loss_ce: 0.03559  loss_mask: 0.0567  loss_dice: 0.6664  loss_ce_0: 0.5067  loss_mask_0: 0.09023  loss_dice_0: 0.933  loss_ce_1: 0.05613  loss_mask_1: 0.06308  loss_dice_1: 0.7003  loss_ce_2: 0.04562  loss_mask_2: 0.06345  loss_dice_2: 0.7177  loss_ce_3: 0.03178  loss_mask_3: 0.06299  loss_dice_3: 0.7981  loss_ce_4: 0.03267  loss_mask_4: 0.04778  loss_dice_4: 0.6291  loss_ce_5: 0.03032  loss_mask_5: 0.06685  loss_dice_5: 0.7623  loss_ce_6: 0.03669  loss_mask_6: 0.05787  loss_dice_6: 0.7297  loss_ce_7: 0.03196  loss_mask_7: 0.05221  loss_dice_7: 0.6943  loss_ce_8: 0.02982  loss_mask_8: 0.06032  loss_dice_8: 0.8163    time: 0.7647  last_time: 0.7272  data_time: 0.1165  last_data_time: 0.1165   lr: 4.7533e-05  max_mem: 10274M
[03/19 15:12:11 d2.utils.events]:  eta: 2:41:16  iter: 2159  total_loss: 16.06  loss_ce: 0.3199  loss_mask: 0.03664  loss_dice: 0.6516  loss_ce_0: 0.5021  loss_mask_0: 0.1453  loss_dice_0: 2.176  loss_ce_1: 0.3955  loss_mask_1: 0.06265  loss_dice_1: 1.228  loss_ce_2: 0.7578  loss_mask_2: 0.0356  loss_dice_2: 0.9954  loss_ce_3: 0.4462  loss_mask_3: 0.03642  loss_dice_3: 0.9484  loss_ce_4: 0.4832  loss_mask_4: 0.04202  loss_dice_4: 1.112  loss_ce_5: 0.3817  loss_mask_5: 0.03516  loss_dice_5: 1.039  loss_ce_6: 0.3277  loss_mask_6: 0.04228  loss_dice_6: 1.124  loss_ce_7: 0.3387  loss_mask_7: 0.04051  loss_dice_7: 1.059  loss_ce_8: 0.3168  loss_mask_8: 0.03758  loss_dice_8: 0.9396    time: 0.7647  last_time: 0.7861  data_time: 0.1646  last_data_time: 0.1646   lr: 4.7487e-05  max_mem: 10274M
[03/19 15:12:26 d2.utils.events]:  eta: 2:40:58  iter: 2179  total_loss: 8.319  loss_ce: 0.07984  loss_mask: 0.03786  loss_dice: 0.5895  loss_ce_0: 0.5732  loss_mask_0: 0.02888  loss_dice_0: 0.6235  loss_ce_1: 0.09655  loss_mask_1: 0.04499  loss_dice_1: 0.6916  loss_ce_2: 0.1197  loss_mask_2: 0.03829  loss_dice_2: 0.68  loss_ce_3: 0.1285  loss_mask_3: 0.03305  loss_dice_3: 0.581  loss_ce_4: 0.1295  loss_mask_4: 0.04014  loss_dice_4: 0.6918  loss_ce_5: 0.1138  loss_mask_5: 0.03993  loss_dice_5: 0.6638  loss_ce_6: 0.121  loss_mask_6: 0.03354  loss_dice_6: 0.6115  loss_ce_7: 0.08596  loss_mask_7: 0.0356  loss_dice_7: 0.6652  loss_ce_8: 0.07424  loss_mask_8: 0.03198  loss_dice_8: 0.6345    time: 0.7646  last_time: 0.7731  data_time: 0.1440  last_data_time: 0.1440   lr: 4.7441e-05  max_mem: 10274M
[03/19 15:12:41 d2.utils.events]:  eta: 2:40:46  iter: 2199  total_loss: 13.55  loss_ce: 0.06708  loss_mask: 0.06451  loss_dice: 1.124  loss_ce_0: 0.614  loss_mask_0: 0.08702  loss_dice_0: 1.155  loss_ce_1: 0.143  loss_mask_1: 0.06296  loss_dice_1: 1.052  loss_ce_2: 0.1139  loss_mask_2: 0.07331  loss_dice_2: 1.109  loss_ce_3: 0.08859  loss_mask_3: 0.06571  loss_dice_3: 1.028  loss_ce_4: 0.07909  loss_mask_4: 0.06939  loss_dice_4: 1.136  loss_ce_5: 0.07125  loss_mask_5: 0.06951  loss_dice_5: 1.045  loss_ce_6: 0.07777  loss_mask_6: 0.06604  loss_dice_6: 1.149  loss_ce_7: 0.07568  loss_mask_7: 0.07799  loss_dice_7: 1.348  loss_ce_8: 0.0767  loss_mask_8: 0.06794  loss_dice_8: 1.291    time: 0.7647  last_time: 0.7641  data_time: 0.1331  last_data_time: 0.1331   lr: 4.7395e-05  max_mem: 10274M
[03/19 15:12:57 d2.utils.events]:  eta: 2:40:27  iter: 2219  total_loss: 14.64  loss_ce: 0.4131  loss_mask: 0.0603  loss_dice: 1.041  loss_ce_0: 0.5028  loss_mask_0: 0.09514  loss_dice_0: 1.17  loss_ce_1: 0.2423  loss_mask_1: 0.07657  loss_dice_1: 0.9826  loss_ce_2: 0.2872  loss_mask_2: 0.0687  loss_dice_2: 0.9623  loss_ce_3: 0.2737  loss_mask_3: 0.09761  loss_dice_3: 1.023  loss_ce_4: 0.3173  loss_mask_4: 0.05747  loss_dice_4: 1.067  loss_ce_5: 0.4081  loss_mask_5: 0.06204  loss_dice_5: 1.046  loss_ce_6: 0.4588  loss_mask_6: 0.05178  loss_dice_6: 0.9331  loss_ce_7: 0.4544  loss_mask_7: 0.06922  loss_dice_7: 0.9732  loss_ce_8: 0.4426  loss_mask_8: 0.05077  loss_dice_8: 0.9479    time: 0.7646  last_time: 0.7282  data_time: 0.1011  last_data_time: 0.1011   lr: 4.7348e-05  max_mem: 10274M
[03/19 15:13:12 d2.utils.events]:  eta: 2:40:07  iter: 2239  total_loss: 9.292  loss_ce: 0.123  loss_mask: 0.05407  loss_dice: 0.6681  loss_ce_0: 0.5997  loss_mask_0: 0.06698  loss_dice_0: 0.693  loss_ce_1: 0.1666  loss_mask_1: 0.05496  loss_dice_1: 0.696  loss_ce_2: 0.1781  loss_mask_2: 0.04354  loss_dice_2: 0.5627  loss_ce_3: 0.1525  loss_mask_3: 0.04747  loss_dice_3: 0.5937  loss_ce_4: 0.1434  loss_mask_4: 0.05692  loss_dice_4: 0.7853  loss_ce_5: 0.1418  loss_mask_5: 0.0536  loss_dice_5: 0.7762  loss_ce_6: 0.1164  loss_mask_6: 0.05595  loss_dice_6: 0.7004  loss_ce_7: 0.1117  loss_mask_7: 0.05261  loss_dice_7: 0.7039  loss_ce_8: 0.1194  loss_mask_8: 0.05842  loss_dice_8: 0.7156    time: 0.7645  last_time: 0.7585  data_time: 0.1360  last_data_time: 0.1360   lr: 4.7301e-05  max_mem: 10274M
[03/19 15:13:28 d2.utils.events]:  eta: 2:39:54  iter: 2259  total_loss: 19.91  loss_ce: 0.2825  loss_mask: 0.2229  loss_dice: 1.181  loss_ce_0: 0.9306  loss_mask_0: 0.3099  loss_dice_0: 1.439  loss_ce_1: 0.831  loss_mask_1: 0.3427  loss_dice_1: 1.228  loss_ce_2: 0.7153  loss_mask_2: 0.2473  loss_dice_2: 1.146  loss_ce_3: 0.5409  loss_mask_3: 0.2377  loss_dice_3: 1.201  loss_ce_4: 0.3557  loss_mask_4: 0.2397  loss_dice_4: 1.2  loss_ce_5: 0.4787  loss_mask_5: 0.2351  loss_dice_5: 1.209  loss_ce_6: 0.4782  loss_mask_6: 0.2359  loss_dice_6: 1.098  loss_ce_7: 0.459  loss_mask_7: 0.2327  loss_dice_7: 1.116  loss_ce_8: 0.3193  loss_mask_8: 0.2341  loss_dice_8: 1.167    time: 0.7645  last_time: 0.7634  data_time: 0.1253  last_data_time: 0.1253   lr: 4.7254e-05  max_mem: 10274M
[03/19 15:13:43 d2.utils.events]:  eta: 2:39:29  iter: 2279  total_loss: 15.42  loss_ce: 0.1873  loss_mask: 0.04256  loss_dice: 1.014  loss_ce_0: 0.6429  loss_mask_0: 0.07542  loss_dice_0: 1.73  loss_ce_1: 0.3784  loss_mask_1: 0.0528  loss_dice_1: 1.134  loss_ce_2: 0.3118  loss_mask_2: 0.04439  loss_dice_2: 1.273  loss_ce_3: 0.4891  loss_mask_3: 0.04847  loss_dice_3: 0.9945  loss_ce_4: 0.2537  loss_mask_4: 0.04132  loss_dice_4: 1.03  loss_ce_5: 0.1851  loss_mask_5: 0.04662  loss_dice_5: 1.164  loss_ce_6: 0.3348  loss_mask_6: 0.04742  loss_dice_6: 1.125  loss_ce_7: 0.1697  loss_mask_7: 0.04019  loss_dice_7: 1.071  loss_ce_8: 0.2349  loss_mask_8: 0.04246  loss_dice_8: 1.214    time: 0.7643  last_time: 0.7801  data_time: 0.1473  last_data_time: 0.1473   lr: 4.7206e-05  max_mem: 10274M
[03/19 15:13:58 d2.utils.events]:  eta: 2:39:14  iter: 2299  total_loss: 10.94  loss_ce: 0.1913  loss_mask: 0.06412  loss_dice: 0.7369  loss_ce_0: 0.686  loss_mask_0: 0.09313  loss_dice_0: 0.8744  loss_ce_1: 0.289  loss_mask_1: 0.07424  loss_dice_1: 0.8333  loss_ce_2: 0.1691  loss_mask_2: 0.06114  loss_dice_2: 0.7636  loss_ce_3: 0.1689  loss_mask_3: 0.06477  loss_dice_3: 0.787  loss_ce_4: 0.1499  loss_mask_4: 0.06734  loss_dice_4: 0.7348  loss_ce_5: 0.1449  loss_mask_5: 0.06628  loss_dice_5: 0.793  loss_ce_6: 0.1964  loss_mask_6: 0.07255  loss_dice_6: 0.7909  loss_ce_7: 0.2008  loss_mask_7: 0.0565  loss_dice_7: 0.7763  loss_ce_8: 0.2053  loss_mask_8: 0.06566  loss_dice_8: 0.766    time: 0.7644  last_time: 0.8775  data_time: 0.2403  last_data_time: 0.2403   lr: 4.7158e-05  max_mem: 10274M
[03/19 15:14:14 d2.utils.events]:  eta: 2:39:04  iter: 2319  total_loss: 9.065  loss_ce: 0.2407  loss_mask: 0.06572  loss_dice: 0.5179  loss_ce_0: 0.8334  loss_mask_0: 0.08768  loss_dice_0: 0.8709  loss_ce_1: 0.4255  loss_mask_1: 0.07185  loss_dice_1: 0.5385  loss_ce_2: 0.2488  loss_mask_2: 0.07519  loss_dice_2: 0.6926  loss_ce_3: 0.08955  loss_mask_3: 0.06888  loss_dice_3: 0.6939  loss_ce_4: 0.06813  loss_mask_4: 0.06757  loss_dice_4: 0.6223  loss_ce_5: 0.08947  loss_mask_5: 0.05762  loss_dice_5: 0.5141  loss_ce_6: 0.07519  loss_mask_6: 0.05683  loss_dice_6: 0.5332  loss_ce_7: 0.07267  loss_mask_7: 0.06047  loss_dice_7: 0.5885  loss_ce_8: 0.1021  loss_mask_8: 0.05941  loss_dice_8: 0.576    time: 0.7644  last_time: 0.7593  data_time: 0.1306  last_data_time: 0.1306   lr: 4.7109e-05  max_mem: 10274M
[03/19 15:14:30 d2.utils.events]:  eta: 2:38:55  iter: 2339  total_loss: 8.936  loss_ce: 0.03899  loss_mask: 0.03522  loss_dice: 0.7522  loss_ce_0: 0.6737  loss_mask_0: 0.04218  loss_dice_0: 1.101  loss_ce_1: 0.08776  loss_mask_1: 0.04082  loss_dice_1: 0.7413  loss_ce_2: 0.09461  loss_mask_2: 0.0374  loss_dice_2: 0.7012  loss_ce_3: 0.06455  loss_mask_3: 0.03404  loss_dice_3: 0.6765  loss_ce_4: 0.04983  loss_mask_4: 0.03313  loss_dice_4: 0.6473  loss_ce_5: 0.04467  loss_mask_5: 0.03643  loss_dice_5: 0.7399  loss_ce_6: 0.03843  loss_mask_6: 0.03603  loss_dice_6: 0.6418  loss_ce_7: 0.04003  loss_mask_7: 0.03814  loss_dice_7: 0.7322  loss_ce_8: 0.03712  loss_mask_8: 0.03195  loss_dice_8: 0.6682    time: 0.7645  last_time: 0.7726  data_time: 0.1398  last_data_time: 0.1398   lr: 4.706e-05  max_mem: 10274M
[03/19 15:14:46 d2.utils.events]:  eta: 2:38:41  iter: 2359  total_loss: 10.28  loss_ce: 0.1105  loss_mask: 0.07462  loss_dice: 0.7178  loss_ce_0: 0.7308  loss_mask_0: 0.09501  loss_dice_0: 0.9817  loss_ce_1: 0.1869  loss_mask_1: 0.07133  loss_dice_1: 0.7543  loss_ce_2: 0.1332  loss_mask_2: 0.07386  loss_dice_2: 0.721  loss_ce_3: 0.09398  loss_mask_3: 0.09137  loss_dice_3: 0.7499  loss_ce_4: 0.08274  loss_mask_4: 0.07429  loss_dice_4: 0.7802  loss_ce_5: 0.07673  loss_mask_5: 0.07079  loss_dice_5: 0.7733  loss_ce_6: 0.09147  loss_mask_6: 0.07414  loss_dice_6: 0.7265  loss_ce_7: 0.1038  loss_mask_7: 0.07418  loss_dice_7: 0.7512  loss_ce_8: 0.09563  loss_mask_8: 0.07577  loss_dice_8: 0.8394    time: 0.7647  last_time: 1.2476  data_time: 0.6233  last_data_time: 0.6233   lr: 4.701e-05  max_mem: 10274M
[03/19 15:15:01 d2.utils.events]:  eta: 2:38:25  iter: 2379  total_loss: 10.69  loss_ce: 0.129  loss_mask: 0.04531  loss_dice: 0.6659  loss_ce_0: 0.9189  loss_mask_0: 0.2856  loss_dice_0: 1.162  loss_ce_1: 0.19  loss_mask_1: 0.05787  loss_dice_1: 0.7677  loss_ce_2: 0.276  loss_mask_2: 0.04466  loss_dice_2: 0.6017  loss_ce_3: 0.2135  loss_mask_3: 0.047  loss_dice_3: 0.6885  loss_ce_4: 0.1821  loss_mask_4: 0.04663  loss_dice_4: 0.6542  loss_ce_5: 0.1898  loss_mask_5: 0.04556  loss_dice_5: 0.5884  loss_ce_6: 0.3873  loss_mask_6: 0.05448  loss_dice_6: 0.6835  loss_ce_7: 0.1455  loss_mask_7: 0.04869  loss_dice_7: 0.7317  loss_ce_8: 0.1364  loss_mask_8: 0.04633  loss_dice_8: 0.6561    time: 0.7647  last_time: 0.8540  data_time: 0.2331  last_data_time: 0.2331   lr: 4.696e-05  max_mem: 10274M
[03/19 15:15:17 d2.utils.events]:  eta: 2:38:15  iter: 2399  total_loss: 12.29  loss_ce: 0.1119  loss_mask: 0.03584  loss_dice: 1.031  loss_ce_0: 0.8908  loss_mask_0: 0.04422  loss_dice_0: 0.8773  loss_ce_1: 0.3483  loss_mask_1: 0.03585  loss_dice_1: 0.8633  loss_ce_2: 0.1575  loss_mask_2: 0.03362  loss_dice_2: 0.7463  loss_ce_3: 0.1745  loss_mask_3: 0.03552  loss_dice_3: 0.9464  loss_ce_4: 0.3781  loss_mask_4: 0.03436  loss_dice_4: 0.978  loss_ce_5: 0.2929  loss_mask_5: 0.03595  loss_dice_5: 0.8242  loss_ce_6: 0.4733  loss_mask_6: 0.03763  loss_dice_6: 0.8051  loss_ce_7: 0.105  loss_mask_7: 0.03684  loss_dice_7: 0.9605  loss_ce_8: 0.3035  loss_mask_8: 0.03399  loss_dice_8: 0.6576    time: 0.7649  last_time: 0.7348  data_time: 0.0927  last_data_time: 0.0927   lr: 4.691e-05  max_mem: 10274M
[03/19 15:15:32 d2.utils.events]:  eta: 2:37:57  iter: 2419  total_loss: 10.46  loss_ce: 0.1014  loss_mask: 0.0359  loss_dice: 1.044  loss_ce_0: 0.4436  loss_mask_0: 0.03838  loss_dice_0: 1.027  loss_ce_1: 0.04527  loss_mask_1: 0.03552  loss_dice_1: 0.7522  loss_ce_2: 0.03557  loss_mask_2: 0.03651  loss_dice_2: 0.8643  loss_ce_3: 0.3024  loss_mask_3: 0.03423  loss_dice_3: 0.7293  loss_ce_4: 0.1075  loss_mask_4: 0.03127  loss_dice_4: 0.9665  loss_ce_5: 0.1364  loss_mask_5: 0.02999  loss_dice_5: 0.7164  loss_ce_6: 0.04722  loss_mask_6: 0.03912  loss_dice_6: 0.937  loss_ce_7: 0.109  loss_mask_7: 0.03184  loss_dice_7: 0.8913  loss_ce_8: 0.03967  loss_mask_8: 0.03544  loss_dice_8: 0.8125    time: 0.7647  last_time: 0.6899  data_time: 0.0717  last_data_time: 0.0717   lr: 4.686e-05  max_mem: 10274M
[03/19 15:15:48 d2.utils.events]:  eta: 2:37:45  iter: 2439  total_loss: 8.587  loss_ce: 0.08897  loss_mask: 0.09793  loss_dice: 0.6001  loss_ce_0: 0.578  loss_mask_0: 0.1247  loss_dice_0: 0.6382  loss_ce_1: 0.09623  loss_mask_1: 0.1315  loss_dice_1: 0.6456  loss_ce_2: 0.1683  loss_mask_2: 0.1061  loss_dice_2: 0.5883  loss_ce_3: 0.1219  loss_mask_3: 0.1033  loss_dice_3: 0.6071  loss_ce_4: 0.09194  loss_mask_4: 0.1095  loss_dice_4: 0.6041  loss_ce_5: 0.09568  loss_mask_5: 0.09729  loss_dice_5: 0.5699  loss_ce_6: 0.09046  loss_mask_6: 0.09303  loss_dice_6: 0.5737  loss_ce_7: 0.09287  loss_mask_7: 0.1035  loss_dice_7: 0.5827  loss_ce_8: 0.09534  loss_mask_8: 0.09983  loss_dice_8: 0.5912    time: 0.7648  last_time: 0.7982  data_time: 0.1743  last_data_time: 0.1743   lr: 4.6809e-05  max_mem: 10274M
[03/19 15:16:03 d2.utils.events]:  eta: 2:37:28  iter: 2459  total_loss: 9.699  loss_ce: 0.1401  loss_mask: 0.02856  loss_dice: 0.7508  loss_ce_0: 0.6524  loss_mask_0: 0.03344  loss_dice_0: 0.6551  loss_ce_1: 0.2811  loss_mask_1: 0.0294  loss_dice_1: 0.8523  loss_ce_2: 0.2075  loss_mask_2: 0.03096  loss_dice_2: 0.7543  loss_ce_3: 0.1708  loss_mask_3: 0.0263  loss_dice_3: 0.5278  loss_ce_4: 0.1548  loss_mask_4: 0.02547  loss_dice_4: 0.6234  loss_ce_5: 0.1203  loss_mask_5: 0.02862  loss_dice_5: 0.7058  loss_ce_6: 0.1057  loss_mask_6: 0.03042  loss_dice_6: 0.7163  loss_ce_7: 0.1135  loss_mask_7: 0.02838  loss_dice_7: 0.8109  loss_ce_8: 0.1295  loss_mask_8: 0.02863  loss_dice_8: 0.9368    time: 0.7647  last_time: 0.7262  data_time: 0.0953  last_data_time: 0.0953   lr: 4.6757e-05  max_mem: 10274M
[03/19 15:16:19 d2.utils.events]:  eta: 2:37:13  iter: 2479  total_loss: 7.766  loss_ce: 0.1191  loss_mask: 0.04128  loss_dice: 0.5663  loss_ce_0: 0.4182  loss_mask_0: 0.05431  loss_dice_0: 0.7571  loss_ce_1: 0.1374  loss_mask_1: 0.04192  loss_dice_1: 0.5935  loss_ce_2: 0.1027  loss_mask_2: 0.04664  loss_dice_2: 0.5534  loss_ce_3: 0.1217  loss_mask_3: 0.04248  loss_dice_3: 0.4902  loss_ce_4: 0.1313  loss_mask_4: 0.0437  loss_dice_4: 0.5485  loss_ce_5: 0.1298  loss_mask_5: 0.04773  loss_dice_5: 0.5353  loss_ce_6: 0.1424  loss_mask_6: 0.04532  loss_dice_6: 0.5971  loss_ce_7: 0.131  loss_mask_7: 0.03987  loss_dice_7: 0.6418  loss_ce_8: 0.1205  loss_mask_8: 0.03766  loss_dice_8: 0.4881    time: 0.7647  last_time: 0.7831  data_time: 0.1487  last_data_time: 0.1487   lr: 4.6705e-05  max_mem: 10274M
[03/19 15:16:34 d2.utils.events]:  eta: 2:37:00  iter: 2499  total_loss: 11  loss_ce: 0.03594  loss_mask: 0.05624  loss_dice: 0.7329  loss_ce_0: 0.5699  loss_mask_0: 0.07106  loss_dice_0: 1.005  loss_ce_1: 0.07025  loss_mask_1: 0.05325  loss_dice_1: 0.9213  loss_ce_2: 0.3248  loss_mask_2: 0.05657  loss_dice_2: 1.042  loss_ce_3: 0.126  loss_mask_3: 0.05854  loss_dice_3: 0.9659  loss_ce_4: 0.06706  loss_mask_4: 0.0525  loss_dice_4: 0.9407  loss_ce_5: 0.04991  loss_mask_5: 0.05259  loss_dice_5: 0.7984  loss_ce_6: 0.04584  loss_mask_6: 0.04636  loss_dice_6: 0.8537  loss_ce_7: 0.04376  loss_mask_7: 0.05608  loss_dice_7: 0.8214  loss_ce_8: 0.04046  loss_mask_8: 0.04909  loss_dice_8: 0.9905    time: 0.7646  last_time: 0.7670  data_time: 0.1373  last_data_time: 0.1373   lr: 4.6653e-05  max_mem: 10274M
[03/19 15:16:50 d2.utils.events]:  eta: 2:36:43  iter: 2519  total_loss: 9.793  loss_ce: 0.02565  loss_mask: 0.04792  loss_dice: 0.9329  loss_ce_0: 0.3556  loss_mask_0: 0.04556  loss_dice_0: 1.068  loss_ce_1: 0.05509  loss_mask_1: 0.04548  loss_dice_1: 0.934  loss_ce_2: 0.04027  loss_mask_2: 0.04695  loss_dice_2: 0.8038  loss_ce_3: 0.04817  loss_mask_3: 0.04619  loss_dice_3: 0.8545  loss_ce_4: 0.03097  loss_mask_4: 0.04976  loss_dice_4: 0.8897  loss_ce_5: 0.02513  loss_mask_5: 0.04561  loss_dice_5: 0.7469  loss_ce_6: 0.02579  loss_mask_6: 0.04557  loss_dice_6: 0.8213  loss_ce_7: 0.02786  loss_mask_7: 0.03471  loss_dice_7: 0.7074  loss_ce_8: 0.02859  loss_mask_8: 0.04355  loss_dice_8: 0.9204    time: 0.7647  last_time: 0.7674  data_time: 0.1266  last_data_time: 0.1266   lr: 4.6601e-05  max_mem: 10274M
[03/19 15:17:05 d2.utils.events]:  eta: 2:36:26  iter: 2539  total_loss: 9.332  loss_ce: 0.1157  loss_mask: 0.02857  loss_dice: 0.7413  loss_ce_0: 1.231  loss_mask_0: 0.04967  loss_dice_0: 0.8144  loss_ce_1: 0.1628  loss_mask_1: 0.03448  loss_dice_1: 0.7894  loss_ce_2: 0.1644  loss_mask_2: 0.0338  loss_dice_2: 0.5046  loss_ce_3: 0.1178  loss_mask_3: 0.03594  loss_dice_3: 0.5998  loss_ce_4: 0.07956  loss_mask_4: 0.03349  loss_dice_4: 0.6108  loss_ce_5: 0.08403  loss_mask_5: 0.03476  loss_dice_5: 0.6319  loss_ce_6: 0.1256  loss_mask_6: 0.03585  loss_dice_6: 0.7367  loss_ce_7: 0.09266  loss_mask_7: 0.03107  loss_dice_7: 0.6433  loss_ce_8: 0.09549  loss_mask_8: 0.0339  loss_dice_8: 0.6391    time: 0.7647  last_time: 1.0756  data_time: 0.1337  last_data_time: 0.1337   lr: 4.6548e-05  max_mem: 10274M
[03/19 15:17:21 d2.utils.events]:  eta: 2:36:11  iter: 2559  total_loss: 8.753  loss_ce: 0.04504  loss_mask: 0.03528  loss_dice: 0.7497  loss_ce_0: 0.8048  loss_mask_0: 0.04277  loss_dice_0: 0.7797  loss_ce_1: 0.07926  loss_mask_1: 0.06233  loss_dice_1: 0.7558  loss_ce_2: 0.1031  loss_mask_2: 0.03926  loss_dice_2: 0.7265  loss_ce_3: 0.08209  loss_mask_3: 0.03766  loss_dice_3: 0.6957  loss_ce_4: 0.06071  loss_mask_4: 0.03479  loss_dice_4: 0.6442  loss_ce_5: 0.04736  loss_mask_5: 0.0385  loss_dice_5: 0.7382  loss_ce_6: 0.04423  loss_mask_6: 0.03268  loss_dice_6: 0.6189  loss_ce_7: 0.04259  loss_mask_7: 0.03091  loss_dice_7: 0.6267  loss_ce_8: 0.03884  loss_mask_8: 0.03638  loss_dice_8: 0.6792    time: 0.7647  last_time: 0.7524  data_time: 0.1160  last_data_time: 0.1160   lr: 4.6495e-05  max_mem: 10274M
[03/19 15:17:36 d2.utils.events]:  eta: 2:35:49  iter: 2579  total_loss: 13.27  loss_ce: 0.203  loss_mask: 0.05003  loss_dice: 1.096  loss_ce_0: 0.4995  loss_mask_0: 0.08641  loss_dice_0: 1.054  loss_ce_1: 0.1824  loss_mask_1: 0.08283  loss_dice_1: 1.212  loss_ce_2: 0.1818  loss_mask_2: 0.05267  loss_dice_2: 0.8769  loss_ce_3: 0.2588  loss_mask_3: 0.04712  loss_dice_3: 0.8082  loss_ce_4: 0.1981  loss_mask_4: 0.06837  loss_dice_4: 1.059  loss_ce_5: 0.3175  loss_mask_5: 0.06235  loss_dice_5: 0.935  loss_ce_6: 0.3073  loss_mask_6: 0.05721  loss_dice_6: 0.7845  loss_ce_7: 0.3124  loss_mask_7: 0.06624  loss_dice_7: 1.061  loss_ce_8: 0.2264  loss_mask_8: 0.06369  loss_dice_8: 1.061    time: 0.7645  last_time: 0.8128  data_time: 0.1983  last_data_time: 0.1983   lr: 4.6441e-05  max_mem: 10274M
[03/19 15:17:51 d2.utils.events]:  eta: 2:35:34  iter: 2599  total_loss: 14.32  loss_ce: 0.2736  loss_mask: 0.07626  loss_dice: 0.913  loss_ce_0: 0.9266  loss_mask_0: 0.1588  loss_dice_0: 0.9819  loss_ce_1: 0.907  loss_mask_1: 0.138  loss_dice_1: 1.009  loss_ce_2: 0.5502  loss_mask_2: 0.08495  loss_dice_2: 0.8282  loss_ce_3: 0.5135  loss_mask_3: 0.06436  loss_dice_3: 0.6875  loss_ce_4: 0.4869  loss_mask_4: 0.07702  loss_dice_4: 0.7873  loss_ce_5: 0.4815  loss_mask_5: 0.07203  loss_dice_5: 0.7266  loss_ce_6: 0.3082  loss_mask_6: 0.06584  loss_dice_6: 0.6478  loss_ce_7: 0.3044  loss_mask_7: 0.06428  loss_dice_7: 0.8635  loss_ce_8: 0.2708  loss_mask_8: 0.07083  loss_dice_8: 0.9814    time: 0.7645  last_time: 0.8763  data_time: 0.2427  last_data_time: 0.2427   lr: 4.6387e-05  max_mem: 10274M
[03/19 15:18:07 d2.utils.events]:  eta: 2:35:21  iter: 2619  total_loss: 18.14  loss_ce: 0.3592  loss_mask: 0.05312  loss_dice: 1.267  loss_ce_0: 0.763  loss_mask_0: 0.05711  loss_dice_0: 1.303  loss_ce_1: 0.5098  loss_mask_1: 0.04907  loss_dice_1: 1.276  loss_ce_2: 0.4912  loss_mask_2: 0.04528  loss_dice_2: 1.187  loss_ce_3: 0.5066  loss_mask_3: 0.05074  loss_dice_3: 1.172  loss_ce_4: 0.609  loss_mask_4: 0.04586  loss_dice_4: 1.134  loss_ce_5: 0.4051  loss_mask_5: 0.0502  loss_dice_5: 1.261  loss_ce_6: 0.5638  loss_mask_6: 0.04764  loss_dice_6: 1.259  loss_ce_7: 0.426  loss_mask_7: 0.0543  loss_dice_7: 1.212  loss_ce_8: 0.6112  loss_mask_8: 0.05439  loss_dice_8: 1.32    time: 0.7644  last_time: 0.8193  data_time: 0.1684  last_data_time: 0.1684   lr: 4.6332e-05  max_mem: 10274M
[03/19 15:18:22 d2.utils.events]:  eta: 2:35:04  iter: 2639  total_loss: 13.31  loss_ce: 0.2293  loss_mask: 0.03757  loss_dice: 0.9628  loss_ce_0: 0.7796  loss_mask_0: 0.05882  loss_dice_0: 1.205  loss_ce_1: 0.3192  loss_mask_1: 0.04815  loss_dice_1: 0.9988  loss_ce_2: 0.2896  loss_mask_2: 0.04964  loss_dice_2: 0.999  loss_ce_3: 0.2937  loss_mask_3: 0.04604  loss_dice_3: 0.8985  loss_ce_4: 0.2758  loss_mask_4: 0.04474  loss_dice_4: 0.9256  loss_ce_5: 0.2453  loss_mask_5: 0.0424  loss_dice_5: 0.8762  loss_ce_6: 0.2309  loss_mask_6: 0.0377  loss_dice_6: 1.034  loss_ce_7: 0.2249  loss_mask_7: 0.03522  loss_dice_7: 0.8329  loss_ce_8: 0.2161  loss_mask_8: 0.04169  loss_dice_8: 1.03    time: 0.7645  last_time: 0.7837  data_time: 0.1468  last_data_time: 0.1468   lr: 4.6278e-05  max_mem: 10274M
[03/19 15:18:38 d2.utils.events]:  eta: 2:34:45  iter: 2659  total_loss: 10.62  loss_ce: 0.06432  loss_mask: 0.03345  loss_dice: 0.8139  loss_ce_0: 1.175  loss_mask_0: 0.0393  loss_dice_0: 0.8533  loss_ce_1: 0.3911  loss_mask_1: 0.05847  loss_dice_1: 1.075  loss_ce_2: 0.07964  loss_mask_2: 0.02879  loss_dice_2: 0.7783  loss_ce_3: 0.06649  loss_mask_3: 0.03332  loss_dice_3: 0.824  loss_ce_4: 0.06783  loss_mask_4: 0.0344  loss_dice_4: 0.7899  loss_ce_5: 0.05362  loss_mask_5: 0.03252  loss_dice_5: 0.8339  loss_ce_6: 0.06393  loss_mask_6: 0.02791  loss_dice_6: 0.7549  loss_ce_7: 0.07287  loss_mask_7: 0.02541  loss_dice_7: 0.6159  loss_ce_8: 0.06554  loss_mask_8: 0.03281  loss_dice_8: 0.831    time: 0.7644  last_time: 0.7991  data_time: 0.1758  last_data_time: 0.1758   lr: 4.6222e-05  max_mem: 10274M
[03/19 15:18:53 d2.utils.events]:  eta: 2:34:34  iter: 2679  total_loss: 17.39  loss_ce: 0.3213  loss_mask: 0.05857  loss_dice: 1.116  loss_ce_0: 0.6691  loss_mask_0: 0.07583  loss_dice_0: 1.592  loss_ce_1: 0.2017  loss_mask_1: 0.104  loss_dice_1: 1.232  loss_ce_2: 0.5062  loss_mask_2: 0.05199  loss_dice_2: 1.072  loss_ce_3: 0.5824  loss_mask_3: 0.06496  loss_dice_3: 1.176  loss_ce_4: 0.4908  loss_mask_4: 0.07995  loss_dice_4: 1.236  loss_ce_5: 0.4914  loss_mask_5: 0.0608  loss_dice_5: 1.252  loss_ce_6: 0.5453  loss_mask_6: 0.06111  loss_dice_6: 0.9956  loss_ce_7: 0.4992  loss_mask_7: 0.05985  loss_dice_7: 1.18  loss_ce_8: 0.3356  loss_mask_8: 0.06355  loss_dice_8: 1.213    time: 0.7644  last_time: 0.8217  data_time: 0.1932  last_data_time: 0.1932   lr: 4.6167e-05  max_mem: 10274M
[03/19 15:19:09 d2.utils.events]:  eta: 2:34:14  iter: 2699  total_loss: 10.32  loss_ce: 0.03191  loss_mask: 0.1479  loss_dice: 0.7634  loss_ce_0: 0.4811  loss_mask_0: 0.4257  loss_dice_0: 0.9103  loss_ce_1: 0.03097  loss_mask_1: 0.1791  loss_dice_1: 0.7074  loss_ce_2: 0.04363  loss_mask_2: 0.1636  loss_dice_2: 0.7295  loss_ce_3: 0.04598  loss_mask_3: 0.145  loss_dice_3: 0.8516  loss_ce_4: 0.03974  loss_mask_4: 0.1485  loss_dice_4: 0.679  loss_ce_5: 0.04339  loss_mask_5: 0.1534  loss_dice_5: 0.8106  loss_ce_6: 0.04357  loss_mask_6: 0.1521  loss_dice_6: 0.7741  loss_ce_7: 0.04237  loss_mask_7: 0.1465  loss_dice_7: 0.7611  loss_ce_8: 0.03193  loss_mask_8: 0.133  loss_dice_8: 0.7046    time: 0.7645  last_time: 0.8005  data_time: 0.1655  last_data_time: 0.1655   lr: 4.6111e-05  max_mem: 10274M
[03/19 15:19:25 d2.utils.events]:  eta: 2:34:04  iter: 2719  total_loss: 7.304  loss_ce: 0.05203  loss_mask: 0.06436  loss_dice: 0.5824  loss_ce_0: 0.6367  loss_mask_0: 0.09296  loss_dice_0: 0.6774  loss_ce_1: 0.1053  loss_mask_1: 0.06499  loss_dice_1: 0.5355  loss_ce_2: 0.08976  loss_mask_2: 0.05853  loss_dice_2: 0.5404  loss_ce_3: 0.06227  loss_mask_3: 0.05994  loss_dice_3: 0.5401  loss_ce_4: 0.05026  loss_mask_4: 0.05683  loss_dice_4: 0.5325  loss_ce_5: 0.05671  loss_mask_5: 0.06125  loss_dice_5: 0.5598  loss_ce_6: 0.04084  loss_mask_6: 0.05719  loss_dice_6: 0.5052  loss_ce_7: 0.04357  loss_mask_7: 0.05106  loss_dice_7: 0.4976  loss_ce_8: 0.05254  loss_mask_8: 0.05704  loss_dice_8: 0.5193    time: 0.7646  last_time: 0.8314  data_time: 0.1968  last_data_time: 0.1968   lr: 4.6055e-05  max_mem: 10274M
[03/19 15:19:40 d2.utils.events]:  eta: 2:33:48  iter: 2739  total_loss: 8.239  loss_ce: 0.03991  loss_mask: 0.06179  loss_dice: 0.6734  loss_ce_0: 0.5567  loss_mask_0: 0.09116  loss_dice_0: 0.6791  loss_ce_1: 0.074  loss_mask_1: 0.05688  loss_dice_1: 0.5698  loss_ce_2: 0.06912  loss_mask_2: 0.05682  loss_dice_2: 0.63  loss_ce_3: 0.08036  loss_mask_3: 0.06537  loss_dice_3: 0.6666  loss_ce_4: 0.05049  loss_mask_4: 0.05464  loss_dice_4: 0.6622  loss_ce_5: 0.04238  loss_mask_5: 0.06232  loss_dice_5: 0.6368  loss_ce_6: 0.04206  loss_mask_6: 0.07473  loss_dice_6: 0.6859  loss_ce_7: 0.03764  loss_mask_7: 0.05853  loss_dice_7: 0.6496  loss_ce_8: 0.04112  loss_mask_8: 0.06259  loss_dice_8: 0.707    time: 0.7645  last_time: 0.7786  data_time: 0.1473  last_data_time: 0.1473   lr: 4.5998e-05  max_mem: 10274M
[03/19 15:19:56 d2.utils.events]:  eta: 2:33:28  iter: 2759  total_loss: 15.25  loss_ce: 0.1848  loss_mask: 0.06609  loss_dice: 1.11  loss_ce_0: 0.5161  loss_mask_0: 0.06142  loss_dice_0: 1.254  loss_ce_1: 0.2994  loss_mask_1: 0.05766  loss_dice_1: 1.2  loss_ce_2: 0.4354  loss_mask_2: 0.0472  loss_dice_2: 1.094  loss_ce_3: 0.1929  loss_mask_3: 0.06368  loss_dice_3: 1.225  loss_ce_4: 0.1744  loss_mask_4: 0.05716  loss_dice_4: 1.287  loss_ce_5: 0.1717  loss_mask_5: 0.05722  loss_dice_5: 1.274  loss_ce_6: 0.1765  loss_mask_6: 0.06207  loss_dice_6: 1.297  loss_ce_7: 0.2282  loss_mask_7: 0.05957  loss_dice_7: 1.164  loss_ce_8: 0.2017  loss_mask_8: 0.0583  loss_dice_8: 1.171    time: 0.7644  last_time: 0.7597  data_time: 0.1355  last_data_time: 0.1355   lr: 4.5941e-05  max_mem: 10274M
[03/19 15:20:11 d2.utils.events]:  eta: 2:33:13  iter: 2779  total_loss: 8.037  loss_ce: 0.03244  loss_mask: 0.03735  loss_dice: 0.53  loss_ce_0: 0.6406  loss_mask_0: 0.1006  loss_dice_0: 0.8247  loss_ce_1: 0.1207  loss_mask_1: 0.03399  loss_dice_1: 0.5505  loss_ce_2: 0.1704  loss_mask_2: 0.03972  loss_dice_2: 0.6779  loss_ce_3: 0.07303  loss_mask_3: 0.03439  loss_dice_3: 0.623  loss_ce_4: 0.0496  loss_mask_4: 0.04095  loss_dice_4: 0.5945  loss_ce_5: 0.04524  loss_mask_5: 0.041  loss_dice_5: 0.7093  loss_ce_6: 0.04428  loss_mask_6: 0.0391  loss_dice_6: 0.5772  loss_ce_7: 0.04262  loss_mask_7: 0.03565  loss_dice_7: 0.5996  loss_ce_8: 0.04367  loss_mask_8: 0.0372  loss_dice_8: 0.6482    time: 0.7645  last_time: 0.7602  data_time: 0.1326  last_data_time: 0.1326   lr: 4.5884e-05  max_mem: 10274M
[03/19 15:20:27 d2.utils.events]:  eta: 2:33:04  iter: 2799  total_loss: 12.67  loss_ce: 0.2783  loss_mask: 0.07287  loss_dice: 0.8466  loss_ce_0: 0.9375  loss_mask_0: 0.09985  loss_dice_0: 0.8855  loss_ce_1: 0.2487  loss_mask_1: 0.07885  loss_dice_1: 1.017  loss_ce_2: 0.2519  loss_mask_2: 0.0627  loss_dice_2: 0.822  loss_ce_3: 0.2237  loss_mask_3: 0.06473  loss_dice_3: 0.7971  loss_ce_4: 0.3093  loss_mask_4: 0.06245  loss_dice_4: 0.7756  loss_ce_5: 0.1427  loss_mask_5: 0.08562  loss_dice_5: 1.005  loss_ce_6: 0.1822  loss_mask_6: 0.07061  loss_dice_6: 0.8874  loss_ce_7: 0.2549  loss_mask_7: 0.076  loss_dice_7: 0.957  loss_ce_8: 0.2646  loss_mask_8: 0.06764  loss_dice_8: 0.842    time: 0.7644  last_time: 0.7946  data_time: 0.1624  last_data_time: 0.1624   lr: 4.5826e-05  max_mem: 10274M
[03/19 15:20:42 d2.utils.events]:  eta: 2:32:52  iter: 2819  total_loss: 10.64  loss_ce: 0.1375  loss_mask: 0.02902  loss_dice: 0.5576  loss_ce_0: 0.6184  loss_mask_0: 0.03092  loss_dice_0: 0.5126  loss_ce_1: 0.2579  loss_mask_1: 0.05268  loss_dice_1: 1.585  loss_ce_2: 0.2382  loss_mask_2: 0.02481  loss_dice_2: 1.171  loss_ce_3: 0.2068  loss_mask_3: 0.02251  loss_dice_3: 0.8936  loss_ce_4: 0.1811  loss_mask_4: 0.02135  loss_dice_4: 0.3237  loss_ce_5: 0.1598  loss_mask_5: 0.02532  loss_dice_5: 0.5216  loss_ce_6: 0.1494  loss_mask_6: 0.02445  loss_dice_6: 0.65  loss_ce_7: 0.1504  loss_mask_7: 0.0212  loss_dice_7: 0.7745  loss_ce_8: 0.2758  loss_mask_8: 0.02581  loss_dice_8: 0.9956    time: 0.7645  last_time: 0.7230  data_time: 0.1099  last_data_time: 0.1099   lr: 4.5768e-05  max_mem: 10274M
[03/19 15:20:58 d2.utils.events]:  eta: 2:32:40  iter: 2839  total_loss: 8.556  loss_ce: 0.04837  loss_mask: 0.06803  loss_dice: 0.5789  loss_ce_0: 0.7644  loss_mask_0: 0.1503  loss_dice_0: 0.8606  loss_ce_1: 0.08293  loss_mask_1: 0.09203  loss_dice_1: 0.6323  loss_ce_2: 0.08159  loss_mask_2: 0.08579  loss_dice_2: 0.6782  loss_ce_3: 0.0572  loss_mask_3: 0.08131  loss_dice_3: 0.6045  loss_ce_4: 0.04596  loss_mask_4: 0.08254  loss_dice_4: 0.6748  loss_ce_5: 0.04469  loss_mask_5: 0.07888  loss_dice_5: 0.6473  loss_ce_6: 0.04675  loss_mask_6: 0.08003  loss_dice_6: 0.5898  loss_ce_7: 0.04537  loss_mask_7: 0.07678  loss_dice_7: 0.6084  loss_ce_8: 0.04851  loss_mask_8: 0.07298  loss_dice_8: 0.5471    time: 0.7646  last_time: 0.7860  data_time: 0.1504  last_data_time: 0.1504   lr: 4.5709e-05  max_mem: 10274M
[03/19 15:21:14 d2.utils.events]:  eta: 2:32:25  iter: 2859  total_loss: 10.69  loss_ce: 0.199  loss_mask: 0.039  loss_dice: 0.6508  loss_ce_0: 0.6776  loss_mask_0: 0.04989  loss_dice_0: 0.9196  loss_ce_1: 0.2503  loss_mask_1: 0.05926  loss_dice_1: 0.7828  loss_ce_2: 0.4335  loss_mask_2: 0.04711  loss_dice_2: 0.7244  loss_ce_3: 0.2756  loss_mask_3: 0.04821  loss_dice_3: 0.7513  loss_ce_4: 0.2411  loss_mask_4: 0.03486  loss_dice_4: 0.6644  loss_ce_5: 0.1385  loss_mask_5: 0.04187  loss_dice_5: 0.7572  loss_ce_6: 0.1074  loss_mask_6: 0.04618  loss_dice_6: 0.7713  loss_ce_7: 0.2167  loss_mask_7: 0.03806  loss_dice_7: 0.7174  loss_ce_8: 0.2185  loss_mask_8: 0.04644  loss_dice_8: 0.7417    time: 0.7646  last_time: 0.7880  data_time: 0.1718  last_data_time: 0.1718   lr: 4.565e-05  max_mem: 10274M
[03/19 15:21:30 d2.utils.events]:  eta: 2:32:13  iter: 2879  total_loss: 6.769  loss_ce: 0.02798  loss_mask: 0.02796  loss_dice: 0.5883  loss_ce_0: 0.3762  loss_mask_0: 0.03217  loss_dice_0: 0.5251  loss_ce_1: 0.07974  loss_mask_1: 0.03261  loss_dice_1: 0.4139  loss_ce_2: 0.05217  loss_mask_2: 0.03044  loss_dice_2: 0.5401  loss_ce_3: 0.07024  loss_mask_3: 0.03036  loss_dice_3: 0.5132  loss_ce_4: 0.02875  loss_mask_4: 0.02437  loss_dice_4: 0.4897  loss_ce_5: 0.03389  loss_mask_5: 0.02861  loss_dice_5: 0.5858  loss_ce_6: 0.03542  loss_mask_6: 0.03303  loss_dice_6: 0.6271  loss_ce_7: 0.03068  loss_mask_7: 0.03109  loss_dice_7: 0.706  loss_ce_8: 0.0248  loss_mask_8: 0.0358  loss_dice_8: 0.713    time: 0.7647  last_time: 0.7297  data_time: 0.1058  last_data_time: 0.1058   lr: 4.5591e-05  max_mem: 10274M
[03/19 15:21:45 d2.utils.events]:  eta: 2:31:58  iter: 2899  total_loss: 10.18  loss_ce: 0.08762  loss_mask: 0.05797  loss_dice: 0.8377  loss_ce_0: 1.089  loss_mask_0: 0.06843  loss_dice_0: 0.6802  loss_ce_1: 0.205  loss_mask_1: 0.05893  loss_dice_1: 0.6685  loss_ce_2: 0.1505  loss_mask_2: 0.05162  loss_dice_2: 0.7433  loss_ce_3: 0.2153  loss_mask_3: 0.07077  loss_dice_3: 0.786  loss_ce_4: 0.1519  loss_mask_4: 0.0566  loss_dice_4: 0.6632  loss_ce_5: 0.1415  loss_mask_5: 0.06285  loss_dice_5: 0.6799  loss_ce_6: 0.1187  loss_mask_6: 0.05541  loss_dice_6: 0.6225  loss_ce_7: 0.2079  loss_mask_7: 0.05882  loss_dice_7: 0.6612  loss_ce_8: 0.09654  loss_mask_8: 0.058  loss_dice_8: 0.7794    time: 0.7647  last_time: 0.8788  data_time: 0.1831  last_data_time: 0.1831   lr: 4.5532e-05  max_mem: 10274M
[03/19 15:22:00 d2.utils.events]:  eta: 2:31:41  iter: 2919  total_loss: 13.1  loss_ce: 0.3346  loss_mask: 0.07057  loss_dice: 0.7374  loss_ce_0: 1.262  loss_mask_0: 0.1334  loss_dice_0: 0.9118  loss_ce_1: 0.532  loss_mask_1: 0.0829  loss_dice_1: 0.7409  loss_ce_2: 0.4269  loss_mask_2: 0.06999  loss_dice_2: 0.7266  loss_ce_3: 0.4065  loss_mask_3: 0.06856  loss_dice_3: 0.7849  loss_ce_4: 0.3677  loss_mask_4: 0.06441  loss_dice_4: 0.6943  loss_ce_5: 0.3406  loss_mask_5: 0.0702  loss_dice_5: 0.8148  loss_ce_6: 0.3675  loss_mask_6: 0.06498  loss_dice_6: 0.7044  loss_ce_7: 0.3623  loss_mask_7: 0.06798  loss_dice_7: 0.7402  loss_ce_8: 0.3425  loss_mask_8: 0.07232  loss_dice_8: 0.7375    time: 0.7646  last_time: 0.8076  data_time: 0.1515  last_data_time: 0.1515   lr: 4.5472e-05  max_mem: 10274M
[03/19 15:22:16 d2.utils.events]:  eta: 2:31:20  iter: 2939  total_loss: 8.624  loss_ce: 0.08382  loss_mask: 0.04324  loss_dice: 0.7016  loss_ce_0: 0.5402  loss_mask_0: 0.05928  loss_dice_0: 0.7681  loss_ce_1: 0.1102  loss_mask_1: 0.04263  loss_dice_1: 0.6172  loss_ce_2: 0.2996  loss_mask_2: 0.04273  loss_dice_2: 0.6719  loss_ce_3: 0.1121  loss_mask_3: 0.04028  loss_dice_3: 0.5624  loss_ce_4: 0.1032  loss_mask_4: 0.04042  loss_dice_4: 0.6401  loss_ce_5: 0.1011  loss_mask_5: 0.04321  loss_dice_5: 0.6244  loss_ce_6: 0.07975  loss_mask_6: 0.04282  loss_dice_6: 0.6517  loss_ce_7: 0.08605  loss_mask_7: 0.04252  loss_dice_7: 0.684  loss_ce_8: 0.06557  loss_mask_8: 0.0398  loss_dice_8: 0.6845    time: 0.7647  last_time: 0.8679  data_time: 0.2365  last_data_time: 0.2365   lr: 4.5412e-05  max_mem: 10274M
[03/19 15:22:32 d2.utils.events]:  eta: 2:31:03  iter: 2959  total_loss: 11.9  loss_ce: 0.4187  loss_mask: 0.02906  loss_dice: 0.6135  loss_ce_0: 0.6715  loss_mask_0: 0.06278  loss_dice_0: 0.9852  loss_ce_1: 0.3964  loss_mask_1: 0.04544  loss_dice_1: 0.8251  loss_ce_2: 0.3373  loss_mask_2: 0.03832  loss_dice_2: 0.7648  loss_ce_3: 0.2863  loss_mask_3: 0.02956  loss_dice_3: 0.6559  loss_ce_4: 0.4197  loss_mask_4: 0.02978  loss_dice_4: 0.6888  loss_ce_5: 0.4566  loss_mask_5: 0.02565  loss_dice_5: 0.7929  loss_ce_6: 0.3701  loss_mask_6: 0.03266  loss_dice_6: 0.691  loss_ce_7: 0.3785  loss_mask_7: 0.03022  loss_dice_7: 0.6246  loss_ce_8: 0.4267  loss_mask_8: 0.02772  loss_dice_8: 0.7472    time: 0.7646  last_time: 0.7243  data_time: 0.0773  last_data_time: 0.0773   lr: 4.5351e-05  max_mem: 10274M
[03/19 15:22:47 d2.utils.events]:  eta: 2:30:43  iter: 2979  total_loss: 12.29  loss_ce: 0.1085  loss_mask: 0.03781  loss_dice: 0.8529  loss_ce_0: 0.7668  loss_mask_0: 0.03367  loss_dice_0: 0.8015  loss_ce_1: 0.258  loss_mask_1: 0.0356  loss_dice_1: 1.034  loss_ce_2: 0.1758  loss_mask_2: 0.03205  loss_dice_2: 0.9754  loss_ce_3: 0.199  loss_mask_3: 0.03343  loss_dice_3: 1.094  loss_ce_4: 0.2123  loss_mask_4: 0.03262  loss_dice_4: 1.127  loss_ce_5: 0.1422  loss_mask_5: 0.03164  loss_dice_5: 0.8092  loss_ce_6: 0.1265  loss_mask_6: 0.03076  loss_dice_6: 1.135  loss_ce_7: 0.1301  loss_mask_7: 0.0322  loss_dice_7: 1.068  loss_ce_8: 0.1251  loss_mask_8: 0.03082  loss_dice_8: 0.8177    time: 0.7644  last_time: 0.7032  data_time: 0.0759  last_data_time: 0.0759   lr: 4.529e-05  max_mem: 10274M
[03/19 15:23:02 d2.utils.events]:  eta: 2:30:27  iter: 2999  total_loss: 11.47  loss_ce: 0.2133  loss_mask: 0.04545  loss_dice: 0.6266  loss_ce_0: 1.092  loss_mask_0: 0.1041  loss_dice_0: 1.06  loss_ce_1: 0.3172  loss_mask_1: 0.0551  loss_dice_1: 0.7736  loss_ce_2: 0.3392  loss_mask_2: 0.05095  loss_dice_2: 0.6643  loss_ce_3: 0.2688  loss_mask_3: 0.05  loss_dice_3: 0.7864  loss_ce_4: 0.2743  loss_mask_4: 0.04784  loss_dice_4: 0.6838  loss_ce_5: 0.2543  loss_mask_5: 0.05432  loss_dice_5: 0.6776  loss_ce_6: 0.2335  loss_mask_6: 0.05213  loss_dice_6: 0.8073  loss_ce_7: 0.249  loss_mask_7: 0.0455  loss_dice_7: 0.6095  loss_ce_8: 0.1941  loss_mask_8: 0.05304  loss_dice_8: 0.7891    time: 0.7644  last_time: 0.7872  data_time: 0.1538  last_data_time: 0.1538   lr: 4.5229e-05  max_mem: 10274M
[03/19 15:23:18 d2.utils.events]:  eta: 2:30:11  iter: 3019  total_loss: 16.5  loss_ce: 0.6475  loss_mask: 0.03259  loss_dice: 0.7035  loss_ce_0: 0.4697  loss_mask_0: 0.04951  loss_dice_0: 1.508  loss_ce_1: 0.3708  loss_mask_1: 0.06016  loss_dice_1: 1.395  loss_ce_2: 0.5051  loss_mask_2: 0.0405  loss_dice_2: 0.9351  loss_ce_3: 0.4353  loss_mask_3: 0.04166  loss_dice_3: 1.156  loss_ce_4: 0.5731  loss_mask_4: 0.03431  loss_dice_4: 0.9953  loss_ce_5: 0.4526  loss_mask_5: 0.03615  loss_dice_5: 0.9984  loss_ce_6: 0.5456  loss_mask_6: 0.04284  loss_dice_6: 1.043  loss_ce_7: 0.3728  loss_mask_7: 0.0465  loss_dice_7: 1.29  loss_ce_8: 0.3842  loss_mask_8: 0.04033  loss_dice_8: 1.294    time: 0.7644  last_time: 0.7707  data_time: 0.1394  last_data_time: 0.1394   lr: 4.5167e-05  max_mem: 10274M
[03/19 15:23:33 d2.utils.events]:  eta: 2:29:50  iter: 3039  total_loss: 7.417  loss_ce: 0.039  loss_mask: 0.04413  loss_dice: 0.6366  loss_ce_0: 0.3367  loss_mask_0: 0.06841  loss_dice_0: 0.7636  loss_ce_1: 0.05924  loss_mask_1: 0.04434  loss_dice_1: 0.5629  loss_ce_2: 0.0512  loss_mask_2: 0.0503  loss_dice_2: 0.5709  loss_ce_3: 0.03111  loss_mask_3: 0.04649  loss_dice_3: 0.5425  loss_ce_4: 0.035  loss_mask_4: 0.04672  loss_dice_4: 0.6345  loss_ce_5: 0.03455  loss_mask_5: 0.05278  loss_dice_5: 0.7298  loss_ce_6: 0.03317  loss_mask_6: 0.04395  loss_dice_6: 0.5199  loss_ce_7: 0.03498  loss_mask_7: 0.04638  loss_dice_7: 0.6678  loss_ce_8: 0.03221  loss_mask_8: 0.04251  loss_dice_8: 0.6153    time: 0.7642  last_time: 0.7810  data_time: 0.1616  last_data_time: 0.1616   lr: 4.5105e-05  max_mem: 10274M
[03/19 15:23:48 d2.utils.events]:  eta: 2:29:41  iter: 3059  total_loss: 7.834  loss_ce: 0.05684  loss_mask: 0.0474  loss_dice: 0.5503  loss_ce_0: 0.6687  loss_mask_0: 0.06355  loss_dice_0: 0.9243  loss_ce_1: 0.2436  loss_mask_1: 0.04838  loss_dice_1: 0.5686  loss_ce_2: 0.13  loss_mask_2: 0.04525  loss_dice_2: 0.6546  loss_ce_3: 0.1098  loss_mask_3: 0.04157  loss_dice_3: 0.5464  loss_ce_4: 0.06258  loss_mask_4: 0.0469  loss_dice_4: 0.53  loss_ce_5: 0.05322  loss_mask_5: 0.04309  loss_dice_5: 0.5573  loss_ce_6: 0.04935  loss_mask_6: 0.04164  loss_dice_6: 0.5323  loss_ce_7: 0.05457  loss_mask_7: 0.04756  loss_dice_7: 0.4955  loss_ce_8: 0.05794  loss_mask_8: 0.04739  loss_dice_8: 0.5156    time: 0.7642  last_time: 0.8264  data_time: 0.1882  last_data_time: 0.1882   lr: 4.5042e-05  max_mem: 10274M
[03/19 15:24:03 d2.utils.events]:  eta: 2:29:25  iter: 3079  total_loss: 16.39  loss_ce: 0.22  loss_mask: 0.1652  loss_dice: 1.234  loss_ce_0: 0.9921  loss_mask_0: 0.2123  loss_dice_0: 1.374  loss_ce_1: 0.263  loss_mask_1: 0.1286  loss_dice_1: 1.072  loss_ce_2: 0.3532  loss_mask_2: 0.1409  loss_dice_2: 1.103  loss_ce_3: 0.2956  loss_mask_3: 0.1561  loss_dice_3: 1.121  loss_ce_4: 0.2431  loss_mask_4: 0.1577  loss_dice_4: 1.11  loss_ce_5: 0.1782  loss_mask_5: 0.1324  loss_dice_5: 1.208  loss_ce_6: 0.233  loss_mask_6: 0.123  loss_dice_6: 1.189  loss_ce_7: 0.2214  loss_mask_7: 0.1216  loss_dice_7: 1.245  loss_ce_8: 0.1839  loss_mask_8: 0.1141  loss_dice_8: 1.097    time: 0.7640  last_time: 0.7113  data_time: 0.0718  last_data_time: 0.0718   lr: 4.498e-05  max_mem: 10274M
[03/19 15:24:19 d2.utils.events]:  eta: 2:29:09  iter: 3099  total_loss: 8.81  loss_ce: 0.1147  loss_mask: 0.0441  loss_dice: 0.5271  loss_ce_0: 0.5897  loss_mask_0: 0.07117  loss_dice_0: 0.6313  loss_ce_1: 0.2575  loss_mask_1: 0.06038  loss_dice_1: 0.6923  loss_ce_2: 0.1465  loss_mask_2: 0.06571  loss_dice_2: 0.6093  loss_ce_3: 0.3947  loss_mask_3: 0.05856  loss_dice_3: 0.5577  loss_ce_4: 0.1121  loss_mask_4: 0.0536  loss_dice_4: 0.61  loss_ce_5: 0.1064  loss_mask_5: 0.05337  loss_dice_5: 0.5827  loss_ce_6: 0.2661  loss_mask_6: 0.04852  loss_dice_6: 0.5329  loss_ce_7: 0.268  loss_mask_7: 0.05093  loss_dice_7: 0.5727  loss_ce_8: 0.1063  loss_mask_8: 0.05072  loss_dice_8: 0.5754    time: 0.7641  last_time: 0.7437  data_time: 0.1068  last_data_time: 0.1068   lr: 4.4916e-05  max_mem: 10274M
[03/19 15:24:34 d2.utils.events]:  eta: 2:28:47  iter: 3119  total_loss: 13.39  loss_ce: 0.1777  loss_mask: 0.07633  loss_dice: 0.9317  loss_ce_0: 0.7159  loss_mask_0: 0.184  loss_dice_0: 1.762  loss_ce_1: 0.5321  loss_mask_1: 0.07058  loss_dice_1: 0.6967  loss_ce_2: 0.1697  loss_mask_2: 0.08032  loss_dice_2: 0.9743  loss_ce_3: 0.1266  loss_mask_3: 0.09001  loss_dice_3: 0.9903  loss_ce_4: 0.1035  loss_mask_4: 0.08881  loss_dice_4: 0.9763  loss_ce_5: 0.1371  loss_mask_5: 0.07308  loss_dice_5: 0.9677  loss_ce_6: 0.1324  loss_mask_6: 0.07209  loss_dice_6: 0.9824  loss_ce_7: 0.1346  loss_mask_7: 0.07203  loss_dice_7: 0.9473  loss_ce_8: 0.1332  loss_mask_8: 0.07641  loss_dice_8: 0.9118    time: 0.7640  last_time: 0.7497  data_time: 0.1214  last_data_time: 0.1214   lr: 4.4853e-05  max_mem: 10274M
[03/19 15:24:50 d2.utils.events]:  eta: 2:28:41  iter: 3139  total_loss: 15.09  loss_ce: 0.2674  loss_mask: 0.04085  loss_dice: 0.9625  loss_ce_0: 0.806  loss_mask_0: 0.03704  loss_dice_0: 1.135  loss_ce_1: 0.342  loss_mask_1: 0.0429  loss_dice_1: 1.262  loss_ce_2: 0.3291  loss_mask_2: 0.05173  loss_dice_2: 1.223  loss_ce_3: 0.2784  loss_mask_3: 0.0346  loss_dice_3: 1.247  loss_ce_4: 0.327  loss_mask_4: 0.04318  loss_dice_4: 1.273  loss_ce_5: 0.249  loss_mask_5: 0.03616  loss_dice_5: 1.017  loss_ce_6: 0.0949  loss_mask_6: 0.05047  loss_dice_6: 1.204  loss_ce_7: 0.2698  loss_mask_7: 0.03685  loss_dice_7: 1.083  loss_ce_8: 0.2616  loss_mask_8: 0.03254  loss_dice_8: 1.049    time: 0.7640  last_time: 0.7705  data_time: 0.1338  last_data_time: 0.1338   lr: 4.4789e-05  max_mem: 10274M
[03/19 15:25:05 d2.utils.events]:  eta: 2:28:20  iter: 3159  total_loss: 10.3  loss_ce: 0.2362  loss_mask: 0.04301  loss_dice: 0.5795  loss_ce_0: 0.6456  loss_mask_0: 0.05979  loss_dice_0: 0.9975  loss_ce_1: 0.1649  loss_mask_1: 0.04427  loss_dice_1: 0.5664  loss_ce_2: 0.2066  loss_mask_2: 0.04181  loss_dice_2: 0.7443  loss_ce_3: 0.2115  loss_mask_3: 0.04469  loss_dice_3: 0.7035  loss_ce_4: 0.375  loss_mask_4: 0.04082  loss_dice_4: 0.5806  loss_ce_5: 0.3685  loss_mask_5: 0.04222  loss_dice_5: 0.5754  loss_ce_6: 0.2064  loss_mask_6: 0.03909  loss_dice_6: 0.7364  loss_ce_7: 0.1885  loss_mask_7: 0.0436  loss_dice_7: 0.9861  loss_ce_8: 0.2012  loss_mask_8: 0.03934  loss_dice_8: 0.5899    time: 0.7640  last_time: 0.7865  data_time: 0.1448  last_data_time: 0.1448   lr: 4.4725e-05  max_mem: 10274M
[03/19 15:25:21 d2.utils.events]:  eta: 2:28:17  iter: 3179  total_loss: 8.95  loss_ce: 0.08225  loss_mask: 0.04426  loss_dice: 0.6636  loss_ce_0: 0.3267  loss_mask_0: 0.06921  loss_dice_0: 0.8678  loss_ce_1: 0.07914  loss_mask_1: 0.04592  loss_dice_1: 0.7578  loss_ce_2: 0.08975  loss_mask_2: 0.04757  loss_dice_2: 0.8015  loss_ce_3: 0.1082  loss_mask_3: 0.04788  loss_dice_3: 0.732  loss_ce_4: 0.102  loss_mask_4: 0.04452  loss_dice_4: 0.6535  loss_ce_5: 0.08315  loss_mask_5: 0.04116  loss_dice_5: 0.7009  loss_ce_6: 0.08949  loss_mask_6: 0.04773  loss_dice_6: 0.698  loss_ce_7: 0.08901  loss_mask_7: 0.04307  loss_dice_7: 0.7002  loss_ce_8: 0.08572  loss_mask_8: 0.04563  loss_dice_8: 0.7628    time: 0.7642  last_time: 0.7947  data_time: 0.1665  last_data_time: 0.1665   lr: 4.466e-05  max_mem: 10274M
[03/19 15:25:37 d2.utils.events]:  eta: 2:28:02  iter: 3199  total_loss: 12.31  loss_ce: 0.1489  loss_mask: 0.05723  loss_dice: 0.7213  loss_ce_0: 0.3143  loss_mask_0: 0.06672  loss_dice_0: 1.473  loss_ce_1: 0.1906  loss_mask_1: 0.04816  loss_dice_1: 1.019  loss_ce_2: 0.1879  loss_mask_2: 0.06888  loss_dice_2: 0.8157  loss_ce_3: 0.1365  loss_mask_3: 0.05369  loss_dice_3: 0.8278  loss_ce_4: 0.1564  loss_mask_4: 0.05632  loss_dice_4: 1.148  loss_ce_5: 0.1442  loss_mask_5: 0.05291  loss_dice_5: 0.7396  loss_ce_6: 0.1364  loss_mask_6: 0.04967  loss_dice_6: 1.019  loss_ce_7: 0.1363  loss_mask_7: 0.06032  loss_dice_7: 1.158  loss_ce_8: 0.1551  loss_mask_8: 0.05281  loss_dice_8: 1.112    time: 0.7643  last_time: 0.8173  data_time: 0.1724  last_data_time: 0.1724   lr: 4.4596e-05  max_mem: 10274M
[03/19 15:25:53 d2.utils.events]:  eta: 2:27:48  iter: 3219  total_loss: 8.95  loss_ce: 0.03625  loss_mask: 0.04966  loss_dice: 0.7108  loss_ce_0: 0.4055  loss_mask_0: 0.06734  loss_dice_0: 0.7984  loss_ce_1: 0.01882  loss_mask_1: 0.05758  loss_dice_1: 0.911  loss_ce_2: 0.04753  loss_mask_2: 0.05213  loss_dice_2: 0.6205  loss_ce_3: 0.05456  loss_mask_3: 0.05724  loss_dice_3: 0.9153  loss_ce_4: 0.05712  loss_mask_4: 0.05839  loss_dice_4: 0.7594  loss_ce_5: 0.03257  loss_mask_5: 0.05268  loss_dice_5: 0.6255  loss_ce_6: 0.03356  loss_mask_6: 0.05114  loss_dice_6: 0.8663  loss_ce_7: 0.03149  loss_mask_7: 0.05148  loss_dice_7: 0.7655  loss_ce_8: 0.02842  loss_mask_8: 0.0471  loss_dice_8: 0.6867    time: 0.7643  last_time: 0.7527  data_time: 0.1391  last_data_time: 0.1391   lr: 4.453e-05  max_mem: 10274M
[03/19 15:26:08 d2.utils.events]:  eta: 2:27:32  iter: 3239  total_loss: 10.38  loss_ce: 0.102  loss_mask: 0.061  loss_dice: 0.7054  loss_ce_0: 1.212  loss_mask_0: 0.08801  loss_dice_0: 0.9924  loss_ce_1: 0.1373  loss_mask_1: 0.05828  loss_dice_1: 0.6778  loss_ce_2: 0.1819  loss_mask_2: 0.05559  loss_dice_2: 0.6384  loss_ce_3: 0.1861  loss_mask_3: 0.05512  loss_dice_3: 0.6435  loss_ce_4: 0.2372  loss_mask_4: 0.06458  loss_dice_4: 0.7481  loss_ce_5: 0.1389  loss_mask_5: 0.05785  loss_dice_5: 0.7563  loss_ce_6: 0.1212  loss_mask_6: 0.05967  loss_dice_6: 0.6771  loss_ce_7: 0.1093  loss_mask_7: 0.05684  loss_dice_7: 0.7102  loss_ce_8: 0.105  loss_mask_8: 0.05994  loss_dice_8: 0.6878    time: 0.7641  last_time: 0.7613  data_time: 0.1270  last_data_time: 0.1270   lr: 4.4465e-05  max_mem: 10274M
[03/19 15:26:23 d2.utils.events]:  eta: 2:27:17  iter: 3259  total_loss: 14.13  loss_ce: 0.3877  loss_mask: 0.04025  loss_dice: 0.7355  loss_ce_0: 0.8596  loss_mask_0: 0.06106  loss_dice_0: 1.026  loss_ce_1: 0.5935  loss_mask_1: 0.07594  loss_dice_1: 1.035  loss_ce_2: 0.7172  loss_mask_2: 0.05264  loss_dice_2: 0.8574  loss_ce_3: 0.3489  loss_mask_3: 0.05396  loss_dice_3: 1.01  loss_ce_4: 0.326  loss_mask_4: 0.05866  loss_dice_4: 1.036  loss_ce_5: 0.3205  loss_mask_5: 0.05437  loss_dice_5: 0.9141  loss_ce_6: 0.2781  loss_mask_6: 0.05431  loss_dice_6: 0.8241  loss_ce_7: 0.2817  loss_mask_7: 0.05248  loss_dice_7: 0.8327  loss_ce_8: 0.2378  loss_mask_8: 0.05968  loss_dice_8: 0.9466    time: 0.7642  last_time: 0.7786  data_time: 0.1478  last_data_time: 0.1478   lr: 4.4399e-05  max_mem: 10274M
[03/19 15:26:39 d2.utils.events]:  eta: 2:27:03  iter: 3279  total_loss: 8.915  loss_ce: 0.06446  loss_mask: 0.03044  loss_dice: 0.7019  loss_ce_0: 0.7485  loss_mask_0: 0.04026  loss_dice_0: 1.047  loss_ce_1: 0.1369  loss_mask_1: 0.02986  loss_dice_1: 0.6742  loss_ce_2: 0.09837  loss_mask_2: 0.02842  loss_dice_2: 0.5366  loss_ce_3: 0.1278  loss_mask_3: 0.03073  loss_dice_3: 0.6346  loss_ce_4: 0.101  loss_mask_4: 0.02846  loss_dice_4: 0.7005  loss_ce_5: 0.09247  loss_mask_5: 0.03283  loss_dice_5: 0.6854  loss_ce_6: 0.07912  loss_mask_6: 0.03076  loss_dice_6: 0.686  loss_ce_7: 0.06531  loss_mask_7: 0.0297  loss_dice_7: 0.6375  loss_ce_8: 0.06262  loss_mask_8: 0.03171  loss_dice_8: 0.7216    time: 0.7641  last_time: 0.7725  data_time: 0.1403  last_data_time: 0.1403   lr: 4.4333e-05  max_mem: 10274M
[03/19 15:26:54 d2.utils.events]:  eta: 2:26:45  iter: 3299  total_loss: 7.935  loss_ce: 0.04466  loss_mask: 0.05616  loss_dice: 0.6668  loss_ce_0: 0.4254  loss_mask_0: 0.06065  loss_dice_0: 0.8299  loss_ce_1: 0.06229  loss_mask_1: 0.05262  loss_dice_1: 0.6725  loss_ce_2: 0.07447  loss_mask_2: 0.03974  loss_dice_2: 0.5538  loss_ce_3: 0.05283  loss_mask_3: 0.04239  loss_dice_3: 0.6682  loss_ce_4: 0.06019  loss_mask_4: 0.04226  loss_dice_4: 0.6759  loss_ce_5: 0.06171  loss_mask_5: 0.04256  loss_dice_5: 0.5729  loss_ce_6: 0.08016  loss_mask_6: 0.04314  loss_dice_6: 0.6765  loss_ce_7: 0.05499  loss_mask_7: 0.0422  loss_dice_7: 0.5804  loss_ce_8: 0.04806  loss_mask_8: 0.05055  loss_dice_8: 0.601    time: 0.7641  last_time: 0.7086  data_time: 0.0725  last_data_time: 0.0725   lr: 4.4266e-05  max_mem: 10274M
[03/19 15:27:10 d2.utils.events]:  eta: 2:26:30  iter: 3319  total_loss: 4.565  loss_ce: 0.02866  loss_mask: 0.0236  loss_dice: 0.4144  loss_ce_0: 0.339  loss_mask_0: 0.03005  loss_dice_0: 0.4304  loss_ce_1: 0.05646  loss_mask_1: 0.02603  loss_dice_1: 0.4178  loss_ce_2: 0.03545  loss_mask_2: 0.02236  loss_dice_2: 0.3078  loss_ce_3: 0.0307  loss_mask_3: 0.02046  loss_dice_3: 0.3024  loss_ce_4: 0.03883  loss_mask_4: 0.01935  loss_dice_4: 0.3356  loss_ce_5: 0.03486  loss_mask_5: 0.02174  loss_dice_5: 0.2833  loss_ce_6: 0.03355  loss_mask_6: 0.02705  loss_dice_6: 0.3831  loss_ce_7: 0.03581  loss_mask_7: 0.02209  loss_dice_7: 0.3687  loss_ce_8: 0.0391  loss_mask_8: 0.02595  loss_dice_8: 0.4102    time: 0.7641  last_time: 0.7962  data_time: 0.1766  last_data_time: 0.1766   lr: 4.4199e-05  max_mem: 10274M
[03/19 15:27:25 d2.utils.events]:  eta: 2:26:14  iter: 3339  total_loss: 9.231  loss_ce: 0.06655  loss_mask: 0.03503  loss_dice: 0.724  loss_ce_0: 0.4771  loss_mask_0: 0.04337  loss_dice_0: 0.7171  loss_ce_1: 0.08776  loss_mask_1: 0.03695  loss_dice_1: 0.6775  loss_ce_2: 0.07341  loss_mask_2: 0.04195  loss_dice_2: 0.7644  loss_ce_3: 0.1059  loss_mask_3: 0.04414  loss_dice_3: 0.8023  loss_ce_4: 0.1067  loss_mask_4: 0.04727  loss_dice_4: 0.7173  loss_ce_5: 0.0849  loss_mask_5: 0.04757  loss_dice_5: 0.7973  loss_ce_6: 0.07931  loss_mask_6: 0.03865  loss_dice_6: 0.7235  loss_ce_7: 0.06996  loss_mask_7: 0.0524  loss_dice_7: 0.9008  loss_ce_8: 0.06727  loss_mask_8: 0.04533  loss_dice_8: 0.755    time: 0.7641  last_time: 0.7538  data_time: 0.1240  last_data_time: 0.1240   lr: 4.4132e-05  max_mem: 10274M
[03/19 15:27:41 d2.utils.events]:  eta: 2:26:01  iter: 3359  total_loss: 9.079  loss_ce: 0.04852  loss_mask: 0.03755  loss_dice: 0.6174  loss_ce_0: 0.7102  loss_mask_0: 0.05718  loss_dice_0: 0.795  loss_ce_1: 0.1745  loss_mask_1: 0.04272  loss_dice_1: 0.5944  loss_ce_2: 0.06834  loss_mask_2: 0.03854  loss_dice_2: 0.6826  loss_ce_3: 0.2054  loss_mask_3: 0.045  loss_dice_3: 0.6471  loss_ce_4: 0.2285  loss_mask_4: 0.04499  loss_dice_4: 0.7381  loss_ce_5: 0.2495  loss_mask_5: 0.04744  loss_dice_5: 0.6071  loss_ce_6: 0.04956  loss_mask_6: 0.03627  loss_dice_6: 0.5672  loss_ce_7: 0.04733  loss_mask_7: 0.04186  loss_dice_7: 0.7784  loss_ce_8: 0.05014  loss_mask_8: 0.04531  loss_dice_8: 0.7829    time: 0.7640  last_time: 0.7419  data_time: 0.1117  last_data_time: 0.1117   lr: 4.4064e-05  max_mem: 10274M
[03/19 15:27:56 d2.utils.events]:  eta: 2:25:43  iter: 3379  total_loss: 10.56  loss_ce: 0.1652  loss_mask: 0.04322  loss_dice: 0.7106  loss_ce_0: 0.9071  loss_mask_0: 0.05455  loss_dice_0: 1.026  loss_ce_1: 0.4693  loss_mask_1: 0.04973  loss_dice_1: 0.7672  loss_ce_2: 0.247  loss_mask_2: 0.05181  loss_dice_2: 0.7351  loss_ce_3: 0.2039  loss_mask_3: 0.0424  loss_dice_3: 0.6486  loss_ce_4: 0.198  loss_mask_4: 0.04371  loss_dice_4: 0.6575  loss_ce_5: 0.1907  loss_mask_5: 0.04703  loss_dice_5: 0.7025  loss_ce_6: 0.1718  loss_mask_6: 0.04184  loss_dice_6: 0.6531  loss_ce_7: 0.17  loss_mask_7: 0.04332  loss_dice_7: 0.6702  loss_ce_8: 0.1648  loss_mask_8: 0.04146  loss_dice_8: 0.6416    time: 0.7641  last_time: 0.9300  data_time: 0.2979  last_data_time: 0.2979   lr: 4.3997e-05  max_mem: 10274M
[03/19 15:28:11 d2.utils.events]:  eta: 2:25:19  iter: 3399  total_loss: 12.61  loss_ce: 0.2722  loss_mask: 0.03758  loss_dice: 0.6832  loss_ce_0: 0.4741  loss_mask_0: 0.05533  loss_dice_0: 0.8417  loss_ce_1: 0.2907  loss_mask_1: 0.03914  loss_dice_1: 0.6799  loss_ce_2: 0.3779  loss_mask_2: 0.05195  loss_dice_2: 0.7903  loss_ce_3: 0.2764  loss_mask_3: 0.04626  loss_dice_3: 1.096  loss_ce_4: 0.3623  loss_mask_4: 0.04994  loss_dice_4: 1.146  loss_ce_5: 0.3125  loss_mask_5: 0.0428  loss_dice_5: 0.8258  loss_ce_6: 0.1248  loss_mask_6: 0.07199  loss_dice_6: 1.158  loss_ce_7: 0.3034  loss_mask_7: 0.04513  loss_dice_7: 1.051  loss_ce_8: 0.3636  loss_mask_8: 0.04226  loss_dice_8: 0.6943    time: 0.7639  last_time: 0.6966  data_time: 0.0647  last_data_time: 0.0647   lr: 4.3928e-05  max_mem: 10274M
[03/19 15:28:27 d2.utils.events]:  eta: 2:25:12  iter: 3419  total_loss: 10.36  loss_ce: 0.02929  loss_mask: 0.04635  loss_dice: 0.9677  loss_ce_0: 0.4884  loss_mask_0: 0.07272  loss_dice_0: 1.105  loss_ce_1: 0.2104  loss_mask_1: 0.03694  loss_dice_1: 0.6561  loss_ce_2: 0.04799  loss_mask_2: 0.05417  loss_dice_2: 0.9547  loss_ce_3: 0.136  loss_mask_3: 0.03522  loss_dice_3: 0.7474  loss_ce_4: 0.1597  loss_mask_4: 0.03463  loss_dice_4: 0.721  loss_ce_5: 0.05331  loss_mask_5: 0.04014  loss_dice_5: 0.8544  loss_ce_6: 0.1305  loss_mask_6: 0.0392  loss_dice_6: 0.7589  loss_ce_7: 0.03644  loss_mask_7: 0.04306  loss_dice_7: 0.923  loss_ce_8: 0.03  loss_mask_8: 0.0415  loss_dice_8: 0.9084    time: 0.7640  last_time: 0.7663  data_time: 0.1359  last_data_time: 0.1359   lr: 4.386e-05  max_mem: 10274M
[03/19 15:28:43 d2.utils.events]:  eta: 2:24:49  iter: 3439  total_loss: 12.94  loss_ce: 0.09047  loss_mask: 0.05974  loss_dice: 1.139  loss_ce_0: 0.3904  loss_mask_0: 0.07448  loss_dice_0: 1.141  loss_ce_1: 0.1922  loss_mask_1: 0.05885  loss_dice_1: 1.098  loss_ce_2: 0.1049  loss_mask_2: 0.06593  loss_dice_2: 0.7818  loss_ce_3: 0.1177  loss_mask_3: 0.06401  loss_dice_3: 0.9746  loss_ce_4: 0.1003  loss_mask_4: 0.06522  loss_dice_4: 1.134  loss_ce_5: 0.1085  loss_mask_5: 0.07518  loss_dice_5: 1.198  loss_ce_6: 0.1113  loss_mask_6: 0.06472  loss_dice_6: 1.1  loss_ce_7: 0.1153  loss_mask_7: 0.06365  loss_dice_7: 1.216  loss_ce_8: 0.09181  loss_mask_8: 0.05612  loss_dice_8: 1.09    time: 0.7640  last_time: 0.7344  data_time: 0.1160  last_data_time: 0.1160   lr: 4.3791e-05  max_mem: 10274M
[03/19 15:28:58 d2.utils.events]:  eta: 2:24:35  iter: 3459  total_loss: 8.951  loss_ce: 0.04781  loss_mask: 0.0589  loss_dice: 0.6891  loss_ce_0: 0.864  loss_mask_0: 0.08769  loss_dice_0: 0.8731  loss_ce_1: 0.1253  loss_mask_1: 0.05243  loss_dice_1: 0.5714  loss_ce_2: 0.1191  loss_mask_2: 0.05596  loss_dice_2: 0.6605  loss_ce_3: 0.06164  loss_mask_3: 0.059  loss_dice_3: 0.6232  loss_ce_4: 0.05281  loss_mask_4: 0.06106  loss_dice_4: 0.7536  loss_ce_5: 0.0535  loss_mask_5: 0.05631  loss_dice_5: 0.6386  loss_ce_6: 0.05107  loss_mask_6: 0.06311  loss_dice_6: 0.6999  loss_ce_7: 0.04775  loss_mask_7: 0.06115  loss_dice_7: 0.6777  loss_ce_8: 0.04883  loss_mask_8: 0.05521  loss_dice_8: 0.6814    time: 0.7640  last_time: 0.7722  data_time: 0.1448  last_data_time: 0.1448   lr: 4.3722e-05  max_mem: 10274M
[03/19 15:29:13 d2.utils.events]:  eta: 2:24:19  iter: 3479  total_loss: 8.273  loss_ce: 0.03952  loss_mask: 0.03867  loss_dice: 0.6451  loss_ce_0: 0.6248  loss_mask_0: 0.0454  loss_dice_0: 0.8723  loss_ce_1: 0.0399  loss_mask_1: 0.05187  loss_dice_1: 0.742  loss_ce_2: 0.05266  loss_mask_2: 0.04145  loss_dice_2: 0.71  loss_ce_3: 0.04019  loss_mask_3: 0.04233  loss_dice_3: 0.6268  loss_ce_4: 0.03627  loss_mask_4: 0.04447  loss_dice_4: 0.6937  loss_ce_5: 0.04344  loss_mask_5: 0.03958  loss_dice_5: 0.6221  loss_ce_6: 0.04519  loss_mask_6: 0.03428  loss_dice_6: 0.6114  loss_ce_7: 0.04135  loss_mask_7: 0.038  loss_dice_7: 0.6525  loss_ce_8: 0.03348  loss_mask_8: 0.03487  loss_dice_8: 0.6894    time: 0.7639  last_time: 0.6825  data_time: 0.0742  last_data_time: 0.0742   lr: 4.3652e-05  max_mem: 10274M
[03/19 15:29:29 d2.utils.events]:  eta: 2:24:05  iter: 3499  total_loss: 9.213  loss_ce: 0.03269  loss_mask: 0.06706  loss_dice: 0.7306  loss_ce_0: 0.8697  loss_mask_0: 0.08309  loss_dice_0: 0.9629  loss_ce_1: 0.1688  loss_mask_1: 0.06553  loss_dice_1: 0.6883  loss_ce_2: 0.09028  loss_mask_2: 0.0508  loss_dice_2: 0.635  loss_ce_3: 0.1087  loss_mask_3: 0.05832  loss_dice_3: 0.6966  loss_ce_4: 0.04233  loss_mask_4: 0.05738  loss_dice_4: 0.6901  loss_ce_5: 0.03857  loss_mask_5: 0.06408  loss_dice_5: 0.702  loss_ce_6: 0.0368  loss_mask_6: 0.05917  loss_dice_6: 0.6856  loss_ce_7: 0.03767  loss_mask_7: 0.05641  loss_dice_7: 0.6425  loss_ce_8: 0.03952  loss_mask_8: 0.06315  loss_dice_8: 0.689    time: 0.7639  last_time: 0.7852  data_time: 0.1495  last_data_time: 0.1495   lr: 4.3582e-05  max_mem: 10274M
[03/19 15:29:44 d2.utils.events]:  eta: 2:23:57  iter: 3519  total_loss: 9.411  loss_ce: 0.08333  loss_mask: 0.04685  loss_dice: 0.7857  loss_ce_0: 0.4302  loss_mask_0: 0.1409  loss_dice_0: 1.064  loss_ce_1: 0.1683  loss_mask_1: 0.04245  loss_dice_1: 0.7329  loss_ce_2: 0.1274  loss_mask_2: 0.03419  loss_dice_2: 0.7399  loss_ce_3: 0.09745  loss_mask_3: 0.03699  loss_dice_3: 0.638  loss_ce_4: 0.08293  loss_mask_4: 0.03559  loss_dice_4: 0.8309  loss_ce_5: 0.08792  loss_mask_5: 0.04118  loss_dice_5: 0.6829  loss_ce_6: 0.08124  loss_mask_6: 0.03582  loss_dice_6: 0.7037  loss_ce_7: 0.08641  loss_mask_7: 0.04148  loss_dice_7: 0.7546  loss_ce_8: 0.08267  loss_mask_8: 0.04075  loss_dice_8: 0.6546    time: 0.7639  last_time: 0.6895  data_time: 0.0727  last_data_time: 0.0727   lr: 4.3512e-05  max_mem: 10274M
[03/19 15:30:00 d2.utils.events]:  eta: 2:23:46  iter: 3539  total_loss: 10.73  loss_ce: 0.1427  loss_mask: 0.0317  loss_dice: 0.7031  loss_ce_0: 0.5623  loss_mask_0: 0.04099  loss_dice_0: 1.074  loss_ce_1: 0.1566  loss_mask_1: 0.03251  loss_dice_1: 0.7213  loss_ce_2: 0.2801  loss_mask_2: 0.0339  loss_dice_2: 1.074  loss_ce_3: 0.2213  loss_mask_3: 0.03965  loss_dice_3: 0.7979  loss_ce_4: 0.209  loss_mask_4: 0.03854  loss_dice_4: 0.739  loss_ce_5: 0.1898  loss_mask_5: 0.0364  loss_dice_5: 0.7621  loss_ce_6: 0.1341  loss_mask_6: 0.03418  loss_dice_6: 0.7535  loss_ce_7: 0.1604  loss_mask_7: 0.03624  loss_dice_7: 0.7477  loss_ce_8: 0.1789  loss_mask_8: 0.03472  loss_dice_8: 0.7598    time: 0.7639  last_time: 0.8080  data_time: 0.1855  last_data_time: 0.1855   lr: 4.3441e-05  max_mem: 10274M
[03/19 15:30:15 d2.utils.events]:  eta: 2:23:30  iter: 3559  total_loss: 17.82  loss_ce: 0.06708  loss_mask: 0.1054  loss_dice: 1.675  loss_ce_0: 0.5198  loss_mask_0: 0.05263  loss_dice_0: 1.332  loss_ce_1: 0.1511  loss_mask_1: 0.1089  loss_dice_1: 1.856  loss_ce_2: 0.09141  loss_mask_2: 0.09045  loss_dice_2: 1.684  loss_ce_3: 0.3489  loss_mask_3: 0.0913  loss_dice_3: 0.9115  loss_ce_4: 0.09958  loss_mask_4: 0.09598  loss_dice_4: 1.654  loss_ce_5: 0.1039  loss_mask_5: 0.1137  loss_dice_5: 1.746  loss_ce_6: 0.09213  loss_mask_6: 0.08894  loss_dice_6: 1.507  loss_ce_7: 0.1025  loss_mask_7: 0.09265  loss_dice_7: 1.422  loss_ce_8: 0.08828  loss_mask_8: 0.08812  loss_dice_8: 1.439    time: 0.7639  last_time: 0.7721  data_time: 0.1647  last_data_time: 0.1647   lr: 4.337e-05  max_mem: 10274M
[03/19 15:30:31 d2.utils.events]:  eta: 2:23:21  iter: 3579  total_loss: 10.16  loss_ce: 0.201  loss_mask: 0.03639  loss_dice: 0.7757  loss_ce_0: 0.5595  loss_mask_0: 0.04301  loss_dice_0: 0.5582  loss_ce_1: 0.168  loss_mask_1: 0.03523  loss_dice_1: 0.6326  loss_ce_2: 0.2137  loss_mask_2: 0.03649  loss_dice_2: 0.6291  loss_ce_3: 0.3421  loss_mask_3: 0.03741  loss_dice_3: 0.8001  loss_ce_4: 0.2196  loss_mask_4: 0.03856  loss_dice_4: 0.7125  loss_ce_5: 0.1581  loss_mask_5: 0.03807  loss_dice_5: 0.7402  loss_ce_6: 0.1326  loss_mask_6: 0.03454  loss_dice_6: 0.8291  loss_ce_7: 0.2496  loss_mask_7: 0.03546  loss_dice_7: 0.8524  loss_ce_8: 0.1619  loss_mask_8: 0.03566  loss_dice_8: 0.8498    time: 0.7639  last_time: 0.7586  data_time: 0.1297  last_data_time: 0.1297   lr: 4.3299e-05  max_mem: 10274M
[03/19 15:30:46 d2.utils.events]:  eta: 2:23:01  iter: 3599  total_loss: 14.83  loss_ce: 0.1158  loss_mask: 0.05043  loss_dice: 1.21  loss_ce_0: 0.508  loss_mask_0: 0.08324  loss_dice_0: 1.467  loss_ce_1: 0.1056  loss_mask_1: 0.07852  loss_dice_1: 1.228  loss_ce_2: 0.1359  loss_mask_2: 0.05825  loss_dice_2: 1.207  loss_ce_3: 0.1256  loss_mask_3: 0.05921  loss_dice_3: 1.218  loss_ce_4: 0.1161  loss_mask_4: 0.06318  loss_dice_4: 1.381  loss_ce_5: 0.09893  loss_mask_5: 0.04805  loss_dice_5: 1.27  loss_ce_6: 0.1008  loss_mask_6: 0.06265  loss_dice_6: 1.225  loss_ce_7: 0.1013  loss_mask_7: 0.05431  loss_dice_7: 1.167  loss_ce_8: 0.1124  loss_mask_8: 0.06062  loss_dice_8: 1.314    time: 0.7637  last_time: 0.7450  data_time: 0.1277  last_data_time: 0.1277   lr: 4.3228e-05  max_mem: 10274M
[03/19 15:31:02 d2.utils.events]:  eta: 2:22:45  iter: 3619  total_loss: 8.505  loss_ce: 0.04046  loss_mask: 0.03092  loss_dice: 0.7068  loss_ce_0: 0.3556  loss_mask_0: 0.02665  loss_dice_0: 0.6472  loss_ce_1: 0.05951  loss_mask_1: 0.03124  loss_dice_1: 0.6452  loss_ce_2: 0.104  loss_mask_2: 0.04126  loss_dice_2: 0.8464  loss_ce_3: 0.0446  loss_mask_3: 0.03042  loss_dice_3: 0.6784  loss_ce_4: 0.04317  loss_mask_4: 0.03561  loss_dice_4: 0.7912  loss_ce_5: 0.04063  loss_mask_5: 0.03676  loss_dice_5: 0.7418  loss_ce_6: 0.03966  loss_mask_6: 0.03266  loss_dice_6: 0.7868  loss_ce_7: 0.03726  loss_mask_7: 0.03575  loss_dice_7: 0.7264  loss_ce_8: 0.03803  loss_mask_8: 0.03602  loss_dice_8: 0.7946    time: 0.7637  last_time: 0.7561  data_time: 0.1340  last_data_time: 0.1340   lr: 4.3156e-05  max_mem: 10274M
[03/19 15:31:17 d2.utils.events]:  eta: 2:22:31  iter: 3639  total_loss: 6.717  loss_ce: 0.02895  loss_mask: 0.04516  loss_dice: 0.548  loss_ce_0: 0.5039  loss_mask_0: 0.04839  loss_dice_0: 0.5698  loss_ce_1: 0.1018  loss_mask_1: 0.0491  loss_dice_1: 0.5662  loss_ce_2: 0.0566  loss_mask_2: 0.04121  loss_dice_2: 0.5279  loss_ce_3: 0.03602  loss_mask_3: 0.03942  loss_dice_3: 0.4946  loss_ce_4: 0.03014  loss_mask_4: 0.04423  loss_dice_4: 0.5647  loss_ce_5: 0.02457  loss_mask_5: 0.03544  loss_dice_5: 0.5073  loss_ce_6: 0.02745  loss_mask_6: 0.03813  loss_dice_6: 0.5233  loss_ce_7: 0.02868  loss_mask_7: 0.04499  loss_dice_7: 0.5759  loss_ce_8: 0.03066  loss_mask_8: 0.04037  loss_dice_8: 0.5436    time: 0.7638  last_time: 0.9637  data_time: 0.3201  last_data_time: 0.3201   lr: 4.3084e-05  max_mem: 10274M
[03/19 15:31:32 d2.utils.events]:  eta: 2:22:15  iter: 3659  total_loss: 14.28  loss_ce: 0.3356  loss_mask: 0.03509  loss_dice: 0.964  loss_ce_0: 0.736  loss_mask_0: 0.06076  loss_dice_0: 1.155  loss_ce_1: 0.7359  loss_mask_1: 0.03173  loss_dice_1: 0.5841  loss_ce_2: 0.8493  loss_mask_2: 0.03616  loss_dice_2: 0.9179  loss_ce_3: 0.7088  loss_mask_3: 0.03452  loss_dice_3: 0.8251  loss_ce_4: 0.4319  loss_mask_4: 0.03175  loss_dice_4: 0.7744  loss_ce_5: 0.4212  loss_mask_5: 0.04027  loss_dice_5: 0.9475  loss_ce_6: 0.4346  loss_mask_6: 0.03119  loss_dice_6: 0.6271  loss_ce_7: 0.4343  loss_mask_7: 0.03381  loss_dice_7: 0.8121  loss_ce_8: 0.3318  loss_mask_8: 0.03536  loss_dice_8: 0.8786    time: 0.7637  last_time: 0.7565  data_time: 0.1344  last_data_time: 0.1344   lr: 4.3011e-05  max_mem: 10274M
[03/19 15:31:48 d2.utils.events]:  eta: 2:22:00  iter: 3679  total_loss: 12.84  loss_ce: 0.2558  loss_mask: 0.03857  loss_dice: 0.9492  loss_ce_0: 0.7418  loss_mask_0: 0.03907  loss_dice_0: 1.049  loss_ce_1: 0.2121  loss_mask_1: 0.03576  loss_dice_1: 0.6946  loss_ce_2: 0.3619  loss_mask_2: 0.03762  loss_dice_2: 0.8857  loss_ce_3: 0.4799  loss_mask_3: 0.03824  loss_dice_3: 0.71  loss_ce_4: 0.2991  loss_mask_4: 0.03414  loss_dice_4: 0.8596  loss_ce_5: 0.2916  loss_mask_5: 0.04118  loss_dice_5: 0.9429  loss_ce_6: 0.352  loss_mask_6: 0.04291  loss_dice_6: 0.9464  loss_ce_7: 0.2646  loss_mask_7: 0.03823  loss_dice_7: 0.9914  loss_ce_8: 0.2984  loss_mask_8: 0.03471  loss_dice_8: 0.8722    time: 0.7637  last_time: 0.7859  data_time: 0.1506  last_data_time: 0.1506   lr: 4.2939e-05  max_mem: 10274M
[03/19 15:32:03 d2.utils.events]:  eta: 2:21:44  iter: 3699  total_loss: 8.332  loss_ce: 0.1268  loss_mask: 0.04478  loss_dice: 0.5675  loss_ce_0: 0.9466  loss_mask_0: 0.0655  loss_dice_0: 0.8561  loss_ce_1: 0.1902  loss_mask_1: 0.03511  loss_dice_1: 0.4411  loss_ce_2: 0.1963  loss_mask_2: 0.03601  loss_dice_2: 0.5936  loss_ce_3: 0.195  loss_mask_3: 0.037  loss_dice_3: 0.4764  loss_ce_4: 0.1519  loss_mask_4: 0.04159  loss_dice_4: 0.557  loss_ce_5: 0.1548  loss_mask_5: 0.03998  loss_dice_5: 0.537  loss_ce_6: 0.1448  loss_mask_6: 0.04452  loss_dice_6: 0.5219  loss_ce_7: 0.1409  loss_mask_7: 0.03725  loss_dice_7: 0.4715  loss_ce_8: 0.1334  loss_mask_8: 0.04665  loss_dice_8: 0.501    time: 0.7637  last_time: 0.8161  data_time: 0.2037  last_data_time: 0.2037   lr: 4.2865e-05  max_mem: 10274M
[03/19 15:32:19 d2.utils.events]:  eta: 2:21:27  iter: 3719  total_loss: 13.06  loss_ce: 0.04706  loss_mask: 0.06662  loss_dice: 1.059  loss_ce_0: 0.5661  loss_mask_0: 0.05402  loss_dice_0: 0.8657  loss_ce_1: 0.3003  loss_mask_1: 0.0725  loss_dice_1: 1.151  loss_ce_2: 0.06651  loss_mask_2: 0.06235  loss_dice_2: 0.9942  loss_ce_3: 0.1777  loss_mask_3: 0.07446  loss_dice_3: 0.9574  loss_ce_4: 0.1805  loss_mask_4: 0.08755  loss_dice_4: 0.9488  loss_ce_5: 0.07764  loss_mask_5: 0.08  loss_dice_5: 1.217  loss_ce_6: 0.03648  loss_mask_6: 0.08459  loss_dice_6: 1.293  loss_ce_7: 0.04403  loss_mask_7: 0.0748  loss_dice_7: 1.088  loss_ce_8: 0.06611  loss_mask_8: 0.07262  loss_dice_8: 1.196    time: 0.7637  last_time: 0.8008  data_time: 0.1855  last_data_time: 0.1855   lr: 4.2792e-05  max_mem: 10274M
[03/19 15:32:34 d2.utils.events]:  eta: 2:21:14  iter: 3739  total_loss: 20.73  loss_ce: 0.4621  loss_mask: 0.1081  loss_dice: 1.374  loss_ce_0: 0.657  loss_mask_0: 0.1043  loss_dice_0: 1.483  loss_ce_1: 0.1967  loss_mask_1: 0.1152  loss_dice_1: 1.725  loss_ce_2: 0.3823  loss_mask_2: 0.1344  loss_dice_2: 1.558  loss_ce_3: 0.033  loss_mask_3: 0.1891  loss_dice_3: 1.878  loss_ce_4: 0.4213  loss_mask_4: 0.09851  loss_dice_4: 1.575  loss_ce_5: 0.2725  loss_mask_5: 0.1411  loss_dice_5: 1.67  loss_ce_6: 0.4636  loss_mask_6: 0.1073  loss_dice_6: 1.469  loss_ce_7: 0.3081  loss_mask_7: 0.1037  loss_dice_7: 1.573  loss_ce_8: 0.355  loss_mask_8: 0.1325  loss_dice_8: 1.64    time: 0.7636  last_time: 0.7962  data_time: 0.1796  last_data_time: 0.1796   lr: 4.2718e-05  max_mem: 10274M
[03/19 15:32:50 d2.utils.events]:  eta: 2:20:59  iter: 3759  total_loss: 7.82  loss_ce: 0.04337  loss_mask: 0.05417  loss_dice: 0.6397  loss_ce_0: 0.5053  loss_mask_0: 0.07815  loss_dice_0: 0.8496  loss_ce_1: 0.1086  loss_mask_1: 0.06924  loss_dice_1: 0.613  loss_ce_2: 0.1177  loss_mask_2: 0.0617  loss_dice_2: 0.6643  loss_ce_3: 0.08564  loss_mask_3: 0.05526  loss_dice_3: 0.5787  loss_ce_4: 0.06389  loss_mask_4: 0.05515  loss_dice_4: 0.5284  loss_ce_5: 0.04291  loss_mask_5: 0.05839  loss_dice_5: 0.552  loss_ce_6: 0.04301  loss_mask_6: 0.05867  loss_dice_6: 0.6031  loss_ce_7: 0.04484  loss_mask_7: 0.05501  loss_dice_7: 0.5457  loss_ce_8: 0.04463  loss_mask_8: 0.05421  loss_dice_8: 0.5459    time: 0.7636  last_time: 0.7455  data_time: 0.1150  last_data_time: 0.1150   lr: 4.2644e-05  max_mem: 10274M
[03/19 15:33:05 d2.utils.events]:  eta: 2:20:44  iter: 3779  total_loss: 10.18  loss_ce: 0.1577  loss_mask: 0.04983  loss_dice: 0.6545  loss_ce_0: 0.876  loss_mask_0: 0.0683  loss_dice_0: 0.7914  loss_ce_1: 0.1621  loss_mask_1: 0.06791  loss_dice_1: 1.003  loss_ce_2: 0.233  loss_mask_2: 0.05294  loss_dice_2: 0.628  loss_ce_3: 0.1821  loss_mask_3: 0.0565  loss_dice_3: 0.7135  loss_ce_4: 0.1636  loss_mask_4: 0.05139  loss_dice_4: 0.6837  loss_ce_5: 0.1526  loss_mask_5: 0.05843  loss_dice_5: 0.6872  loss_ce_6: 0.1471  loss_mask_6: 0.0558  loss_dice_6: 0.6787  loss_ce_7: 0.1603  loss_mask_7: 0.05815  loss_dice_7: 0.7415  loss_ce_8: 0.1678  loss_mask_8: 0.0519  loss_dice_8: 0.6246    time: 0.7635  last_time: 0.7798  data_time: 0.1463  last_data_time: 0.1463   lr: 4.257e-05  max_mem: 10274M
[03/19 15:33:20 d2.utils.events]:  eta: 2:20:25  iter: 3799  total_loss: 9.063  loss_ce: 0.07462  loss_mask: 0.08201  loss_dice: 0.6139  loss_ce_0: 0.7155  loss_mask_0: 0.201  loss_dice_0: 0.8725  loss_ce_1: 0.1267  loss_mask_1: 0.1033  loss_dice_1: 0.7841  loss_ce_2: 0.06942  loss_mask_2: 0.08887  loss_dice_2: 0.5712  loss_ce_3: 0.05563  loss_mask_3: 0.09295  loss_dice_3: 0.6596  loss_ce_4: 0.08065  loss_mask_4: 0.08471  loss_dice_4: 0.6383  loss_ce_5: 0.07713  loss_mask_5: 0.08677  loss_dice_5: 0.5708  loss_ce_6: 0.0832  loss_mask_6: 0.08822  loss_dice_6: 0.6024  loss_ce_7: 0.09424  loss_mask_7: 0.09454  loss_dice_7: 0.6392  loss_ce_8: 0.08348  loss_mask_8: 0.09851  loss_dice_8: 0.6295    time: 0.7635  last_time: 0.7869  data_time: 0.1654  last_data_time: 0.1654   lr: 4.2495e-05  max_mem: 10274M
[03/19 15:33:36 d2.utils.events]:  eta: 2:20:05  iter: 3819  total_loss: 18.18  loss_ce: 0.2907  loss_mask: 0.08223  loss_dice: 1.272  loss_ce_0: 0.941  loss_mask_0: 0.08718  loss_dice_0: 1.477  loss_ce_1: 0.6249  loss_mask_1: 0.07933  loss_dice_1: 1.339  loss_ce_2: 0.6836  loss_mask_2: 0.06337  loss_dice_2: 1.283  loss_ce_3: 0.2904  loss_mask_3: 0.07694  loss_dice_3: 1.248  loss_ce_4: 0.3165  loss_mask_4: 0.08197  loss_dice_4: 1.271  loss_ce_5: 0.3109  loss_mask_5: 0.07247  loss_dice_5: 1.294  loss_ce_6: 0.2871  loss_mask_6: 0.08457  loss_dice_6: 1.324  loss_ce_7: 0.2478  loss_mask_7: 0.09619  loss_dice_7: 1.315  loss_ce_8: 0.2476  loss_mask_8: 0.07976  loss_dice_8: 1.307    time: 0.7634  last_time: 0.7938  data_time: 0.1697  last_data_time: 0.1697   lr: 4.242e-05  max_mem: 10274M
[03/19 15:33:51 d2.utils.events]:  eta: 2:19:46  iter: 3839  total_loss: 8.276  loss_ce: 0.08362  loss_mask: 0.03424  loss_dice: 0.5119  loss_ce_0: 0.5161  loss_mask_0: 0.05378  loss_dice_0: 0.9274  loss_ce_1: 0.1542  loss_mask_1: 0.04708  loss_dice_1: 0.5353  loss_ce_2: 0.105  loss_mask_2: 0.04076  loss_dice_2: 0.5128  loss_ce_3: 0.3999  loss_mask_3: 0.03692  loss_dice_3: 0.5429  loss_ce_4: 0.3355  loss_mask_4: 0.04555  loss_dice_4: 0.5768  loss_ce_5: 0.09284  loss_mask_5: 0.04121  loss_dice_5: 0.571  loss_ce_6: 0.1135  loss_mask_6: 0.03757  loss_dice_6: 0.5033  loss_ce_7: 0.09648  loss_mask_7: 0.04037  loss_dice_7: 0.5891  loss_ce_8: 0.07555  loss_mask_8: 0.0439  loss_dice_8: 0.6113    time: 0.7635  last_time: 0.7991  data_time: 0.1589  last_data_time: 0.1589   lr: 4.2345e-05  max_mem: 10274M
[03/19 15:34:07 d2.utils.events]:  eta: 2:19:31  iter: 3859  total_loss: 4.82  loss_ce: 0.0538  loss_mask: 0.05541  loss_dice: 0.3503  loss_ce_0: 0.3523  loss_mask_0: 0.08419  loss_dice_0: 0.4292  loss_ce_1: 0.05966  loss_mask_1: 0.04779  loss_dice_1: 0.2742  loss_ce_2: 0.0473  loss_mask_2: 0.052  loss_dice_2: 0.2765  loss_ce_3: 0.03984  loss_mask_3: 0.06384  loss_dice_3: 0.3726  loss_ce_4: 0.04513  loss_mask_4: 0.06038  loss_dice_4: 0.3508  loss_ce_5: 0.04879  loss_mask_5: 0.05731  loss_dice_5: 0.3277  loss_ce_6: 0.04683  loss_mask_6: 0.05204  loss_dice_6: 0.3609  loss_ce_7: 0.05245  loss_mask_7: 0.05026  loss_dice_7: 0.365  loss_ce_8: 0.05313  loss_mask_8: 0.05563  loss_dice_8: 0.3343    time: 0.7634  last_time: 0.8335  data_time: 0.1837  last_data_time: 0.1837   lr: 4.227e-05  max_mem: 10274M
[03/19 15:34:22 d2.utils.events]:  eta: 2:19:14  iter: 3879  total_loss: 8.607  loss_ce: 0.02823  loss_mask: 0.04951  loss_dice: 0.6685  loss_ce_0: 0.9353  loss_mask_0: 0.05641  loss_dice_0: 0.7971  loss_ce_1: 0.05591  loss_mask_1: 0.05991  loss_dice_1: 0.6958  loss_ce_2: 0.101  loss_mask_2: 0.06043  loss_dice_2: 0.6823  loss_ce_3: 0.04675  loss_mask_3: 0.04793  loss_dice_3: 0.6587  loss_ce_4: 0.03264  loss_mask_4: 0.05929  loss_dice_4: 0.6799  loss_ce_5: 0.02793  loss_mask_5: 0.0541  loss_dice_5: 0.7304  loss_ce_6: 0.03357  loss_mask_6: 0.05046  loss_dice_6: 0.6067  loss_ce_7: 0.02484  loss_mask_7: 0.04926  loss_dice_7: 0.5774  loss_ce_8: 0.0249  loss_mask_8: 0.0501  loss_dice_8: 0.662    time: 0.7634  last_time: 0.8922  data_time: 0.2492  last_data_time: 0.2492   lr: 4.2194e-05  max_mem: 10274M
[03/19 15:34:38 d2.utils.events]:  eta: 2:18:59  iter: 3899  total_loss: 13.98  loss_ce: 0.2448  loss_mask: 0.06909  loss_dice: 0.9057  loss_ce_0: 1.011  loss_mask_0: 0.0821  loss_dice_0: 1.046  loss_ce_1: 0.3604  loss_mask_1: 0.08328  loss_dice_1: 1.045  loss_ce_2: 0.5511  loss_mask_2: 0.07402  loss_dice_2: 0.9298  loss_ce_3: 0.3841  loss_mask_3: 0.06311  loss_dice_3: 0.7458  loss_ce_4: 0.3336  loss_mask_4: 0.05941  loss_dice_4: 0.8  loss_ce_5: 0.3922  loss_mask_5: 0.06314  loss_dice_5: 0.8677  loss_ce_6: 0.2639  loss_mask_6: 0.07004  loss_dice_6: 0.9406  loss_ce_7: 0.2642  loss_mask_7: 0.07013  loss_dice_7: 0.924  loss_ce_8: 0.2587  loss_mask_8: 0.0733  loss_dice_8: 1.006    time: 0.7634  last_time: 1.1404  data_time: 0.5070  last_data_time: 0.5070   lr: 4.2117e-05  max_mem: 10274M
[03/19 15:34:53 d2.utils.events]:  eta: 2:18:40  iter: 3919  total_loss: 11.76  loss_ce: 0.07342  loss_mask: 0.06015  loss_dice: 0.8371  loss_ce_0: 0.7008  loss_mask_0: 0.09034  loss_dice_0: 1.01  loss_ce_1: 0.1413  loss_mask_1: 0.07064  loss_dice_1: 0.9161  loss_ce_2: 0.1645  loss_mask_2: 0.09185  loss_dice_2: 1.047  loss_ce_3: 0.08863  loss_mask_3: 0.0813  loss_dice_3: 0.9269  loss_ce_4: 0.1394  loss_mask_4: 0.07844  loss_dice_4: 0.958  loss_ce_5: 0.2236  loss_mask_5: 0.07544  loss_dice_5: 0.8728  loss_ce_6: 0.1085  loss_mask_6: 0.05736  loss_dice_6: 0.87  loss_ce_7: 0.08776  loss_mask_7: 0.06034  loss_dice_7: 0.8907  loss_ce_8: 0.1082  loss_mask_8: 0.06413  loss_dice_8: 0.8612    time: 0.7633  last_time: 0.7540  data_time: 0.1176  last_data_time: 0.1176   lr: 4.2041e-05  max_mem: 10274M
[03/19 15:35:09 d2.utils.events]:  eta: 2:18:30  iter: 3939  total_loss: 7.662  loss_ce: 0.02292  loss_mask: 0.1165  loss_dice: 0.5713  loss_ce_0: 0.6279  loss_mask_0: 0.1224  loss_dice_0: 0.6033  loss_ce_1: 0.06243  loss_mask_1: 0.1107  loss_dice_1: 0.5089  loss_ce_2: 0.04193  loss_mask_2: 0.1027  loss_dice_2: 0.5599  loss_ce_3: 0.03165  loss_mask_3: 0.1043  loss_dice_3: 0.5292  loss_ce_4: 0.02627  loss_mask_4: 0.1068  loss_dice_4: 0.5161  loss_ce_5: 0.03022  loss_mask_5: 0.1042  loss_dice_5: 0.5979  loss_ce_6: 0.02351  loss_mask_6: 0.1069  loss_dice_6: 0.6241  loss_ce_7: 0.02236  loss_mask_7: 0.1099  loss_dice_7: 0.5273  loss_ce_8: 0.02241  loss_mask_8: 0.1132  loss_dice_8: 0.615    time: 0.7634  last_time: 0.7889  data_time: 0.1511  last_data_time: 0.1511   lr: 4.1964e-05  max_mem: 10274M
[03/19 15:35:24 d2.utils.events]:  eta: 2:18:14  iter: 3959  total_loss: 8.525  loss_ce: 0.1002  loss_mask: 0.03376  loss_dice: 0.6046  loss_ce_0: 0.4109  loss_mask_0: 0.04668  loss_dice_0: 0.8948  loss_ce_1: 0.06862  loss_mask_1: 0.03411  loss_dice_1: 0.8303  loss_ce_2: 0.109  loss_mask_2: 0.0317  loss_dice_2: 0.665  loss_ce_3: 0.1079  loss_mask_3: 0.03332  loss_dice_3: 0.8026  loss_ce_4: 0.103  loss_mask_4: 0.02742  loss_dice_4: 0.5516  loss_ce_5: 0.1272  loss_mask_5: 0.03015  loss_dice_5: 0.4731  loss_ce_6: 0.1101  loss_mask_6: 0.02794  loss_dice_6: 0.6086  loss_ce_7: 0.1059  loss_mask_7: 0.02976  loss_dice_7: 0.5878  loss_ce_8: 0.09559  loss_mask_8: 0.03532  loss_dice_8: 0.8384    time: 0.7634  last_time: 0.7488  data_time: 0.1256  last_data_time: 0.1256   lr: 4.1887e-05  max_mem: 10274M
[03/19 15:35:40 d2.utils.events]:  eta: 2:18:00  iter: 3979  total_loss: 10.95  loss_ce: 0.1812  loss_mask: 0.01703  loss_dice: 0.6733  loss_ce_0: 0.5941  loss_mask_0: 0.0186  loss_dice_0: 0.8769  loss_ce_1: 0.3857  loss_mask_1: 0.02882  loss_dice_1: 0.9054  loss_ce_2: 0.1524  loss_mask_2: 0.02399  loss_dice_2: 0.805  loss_ce_3: 0.209  loss_mask_3: 0.02559  loss_dice_3: 0.8811  loss_ce_4: 0.1474  loss_mask_4: 0.02414  loss_dice_4: 1.077  loss_ce_5: 0.1748  loss_mask_5: 0.02708  loss_dice_5: 0.8698  loss_ce_6: 0.1562  loss_mask_6: 0.01855  loss_dice_6: 0.7962  loss_ce_7: 0.1483  loss_mask_7: 0.02329  loss_dice_7: 0.8261  loss_ce_8: 0.1686  loss_mask_8: 0.01731  loss_dice_8: 0.7002    time: 0.7635  last_time: 0.7491  data_time: 0.1185  last_data_time: 0.1185   lr: 4.181e-05  max_mem: 10274M
[03/19 15:35:56 d2.utils.events]:  eta: 2:17:44  iter: 3999  total_loss: 11.23  loss_ce: 0.2097  loss_mask: 0.04232  loss_dice: 0.7903  loss_ce_0: 0.6471  loss_mask_0: 0.0526  loss_dice_0: 0.8572  loss_ce_1: 0.262  loss_mask_1: 0.03562  loss_dice_1: 0.793  loss_ce_2: 0.3049  loss_mask_2: 0.04054  loss_dice_2: 0.9038  loss_ce_3: 0.2668  loss_mask_3: 0.04161  loss_dice_3: 0.9482  loss_ce_4: 0.2274  loss_mask_4: 0.03723  loss_dice_4: 0.8497  loss_ce_5: 0.2665  loss_mask_5: 0.03805  loss_dice_5: 0.7843  loss_ce_6: 0.1898  loss_mask_6: 0.03703  loss_dice_6: 0.5109  loss_ce_7: 0.2012  loss_mask_7: 0.0385  loss_dice_7: 0.6676  loss_ce_8: 0.3651  loss_mask_8: 0.04061  loss_dice_8: 0.7763    time: 0.7635  last_time: 0.7530  data_time: 0.1135  last_data_time: 0.1135   lr: 4.1732e-05  max_mem: 10274M
[03/19 15:36:11 d2.utils.events]:  eta: 2:17:27  iter: 4019  total_loss: 7.286  loss_ce: 0.04746  loss_mask: 0.0315  loss_dice: 0.5734  loss_ce_0: 0.5819  loss_mask_0: 0.04629  loss_dice_0: 0.7496  loss_ce_1: 0.0732  loss_mask_1: 0.03307  loss_dice_1: 0.4453  loss_ce_2: 0.0807  loss_mask_2: 0.0317  loss_dice_2: 0.5147  loss_ce_3: 0.0607  loss_mask_3: 0.03384  loss_dice_3: 0.6064  loss_ce_4: 0.05468  loss_mask_4: 0.03267  loss_dice_4: 0.5938  loss_ce_5: 0.0478  loss_mask_5: 0.03442  loss_dice_5: 0.6023  loss_ce_6: 0.04426  loss_mask_6: 0.0382  loss_dice_6: 0.5898  loss_ce_7: 0.04285  loss_mask_7: 0.0308  loss_dice_7: 0.5786  loss_ce_8: 0.04722  loss_mask_8: 0.0324  loss_dice_8: 0.6065    time: 0.7634  last_time: 0.8127  data_time: 0.1926  last_data_time: 0.1926   lr: 4.1654e-05  max_mem: 10274M
[03/19 15:36:26 d2.utils.events]:  eta: 2:17:12  iter: 4039  total_loss: 11.97  loss_ce: 0.09965  loss_mask: 0.07107  loss_dice: 0.8807  loss_ce_0: 0.6086  loss_mask_0: 0.07341  loss_dice_0: 1.14  loss_ce_1: 0.1838  loss_mask_1: 0.1025  loss_dice_1: 1.103  loss_ce_2: 0.09737  loss_mask_2: 0.0762  loss_dice_2: 0.8559  loss_ce_3: 0.1177  loss_mask_3: 0.07312  loss_dice_3: 0.9263  loss_ce_4: 0.09933  loss_mask_4: 0.07393  loss_dice_4: 0.9461  loss_ce_5: 0.09272  loss_mask_5: 0.08689  loss_dice_5: 0.9081  loss_ce_6: 0.08648  loss_mask_6: 0.07281  loss_dice_6: 1.022  loss_ce_7: 0.09358  loss_mask_7: 0.06976  loss_dice_7: 0.9797  loss_ce_8: 0.1104  loss_mask_8: 0.05793  loss_dice_8: 0.8648    time: 0.7634  last_time: 0.8158  data_time: 0.1934  last_data_time: 0.1934   lr: 4.1576e-05  max_mem: 10274M
[03/19 15:36:42 d2.utils.events]:  eta: 2:16:55  iter: 4059  total_loss: 16.23  loss_ce: 0.2136  loss_mask: 0.0901  loss_dice: 0.9501  loss_ce_0: 0.9686  loss_mask_0: 0.2204  loss_dice_0: 1.522  loss_ce_1: 0.3445  loss_mask_1: 0.1095  loss_dice_1: 1.219  loss_ce_2: 0.299  loss_mask_2: 0.1664  loss_dice_2: 1.089  loss_ce_3: 0.5441  loss_mask_3: 0.08899  loss_dice_3: 0.9855  loss_ce_4: 0.3893  loss_mask_4: 0.0857  loss_dice_4: 1.052  loss_ce_5: 0.3475  loss_mask_5: 0.1034  loss_dice_5: 1.269  loss_ce_6: 0.2358  loss_mask_6: 0.09096  loss_dice_6: 0.9709  loss_ce_7: 0.2368  loss_mask_7: 0.09145  loss_dice_7: 0.9818  loss_ce_8: 0.3539  loss_mask_8: 0.09792  loss_dice_8: 1.114    time: 0.7633  last_time: 0.8142  data_time: 0.1835  last_data_time: 0.1835   lr: 4.1497e-05  max_mem: 10274M
[03/19 15:36:57 d2.utils.events]:  eta: 2:16:43  iter: 4079  total_loss: 7.91  loss_ce: 0.04711  loss_mask: 0.03152  loss_dice: 0.6489  loss_ce_0: 0.5389  loss_mask_0: 0.05119  loss_dice_0: 0.5963  loss_ce_1: 0.05623  loss_mask_1: 0.03666  loss_dice_1: 0.7345  loss_ce_2: 0.04722  loss_mask_2: 0.03295  loss_dice_2: 0.5936  loss_ce_3: 0.08356  loss_mask_3: 0.03843  loss_dice_3: 0.6306  loss_ce_4: 0.05937  loss_mask_4: 0.03625  loss_dice_4: 0.6715  loss_ce_5: 0.05377  loss_mask_5: 0.03353  loss_dice_5: 0.6584  loss_ce_6: 0.05823  loss_mask_6: 0.03478  loss_dice_6: 0.6573  loss_ce_7: 0.05855  loss_mask_7: 0.03383  loss_dice_7: 0.5982  loss_ce_8: 0.05204  loss_mask_8: 0.03586  loss_dice_8: 0.7001    time: 0.7633  last_time: 0.8022  data_time: 0.1662  last_data_time: 0.1662   lr: 4.1419e-05  max_mem: 10274M
[03/19 15:37:12 d2.utils.events]:  eta: 2:16:29  iter: 4099  total_loss: 12.39  loss_ce: 0.1788  loss_mask: 0.04985  loss_dice: 0.9722  loss_ce_0: 0.4867  loss_mask_0: 0.06263  loss_dice_0: 1.172  loss_ce_1: 0.2775  loss_mask_1: 0.05716  loss_dice_1: 0.9969  loss_ce_2: 0.09941  loss_mask_2: 0.05063  loss_dice_2: 1.045  loss_ce_3: 0.04799  loss_mask_3: 0.05286  loss_dice_3: 0.9977  loss_ce_4: 0.05169  loss_mask_4: 0.06065  loss_dice_4: 1.047  loss_ce_5: 0.1659  loss_mask_5: 0.06004  loss_dice_5: 0.9891  loss_ce_6: 0.1431  loss_mask_6: 0.05115  loss_dice_6: 0.9365  loss_ce_7: 0.05407  loss_mask_7: 0.05642  loss_dice_7: 1.126  loss_ce_8: 0.1981  loss_mask_8: 0.04888  loss_dice_8: 0.8514    time: 0.7633  last_time: 0.7959  data_time: 0.1592  last_data_time: 0.1592   lr: 4.1339e-05  max_mem: 10274M
[03/19 15:37:28 d2.utils.events]:  eta: 2:16:22  iter: 4119  total_loss: 14.44  loss_ce: 0.2657  loss_mask: 0.04781  loss_dice: 0.9558  loss_ce_0: 1.062  loss_mask_0: 0.07013  loss_dice_0: 1.115  loss_ce_1: 0.5633  loss_mask_1: 0.04894  loss_dice_1: 0.7951  loss_ce_2: 0.3042  loss_mask_2: 0.05462  loss_dice_2: 1.087  loss_ce_3: 0.2791  loss_mask_3: 0.05297  loss_dice_3: 0.987  loss_ce_4: 0.4505  loss_mask_4: 0.05399  loss_dice_4: 0.9838  loss_ce_5: 0.2656  loss_mask_5: 0.05731  loss_dice_5: 1.137  loss_ce_6: 0.1597  loss_mask_6: 0.06068  loss_dice_6: 1.048  loss_ce_7: 0.341  loss_mask_7: 0.05305  loss_dice_7: 1.033  loss_ce_8: 0.3044  loss_mask_8: 0.04812  loss_dice_8: 0.7571    time: 0.7633  last_time: 0.7556  data_time: 0.1159  last_data_time: 0.1159   lr: 4.126e-05  max_mem: 10274M
[03/19 15:37:43 d2.utils.events]:  eta: 2:16:02  iter: 4139  total_loss: 8.726  loss_ce: 0.07725  loss_mask: 0.02991  loss_dice: 0.6533  loss_ce_0: 0.5299  loss_mask_0: 0.04905  loss_dice_0: 1.068  loss_ce_1: 0.1178  loss_mask_1: 0.03219  loss_dice_1: 0.6536  loss_ce_2: 0.08576  loss_mask_2: 0.04404  loss_dice_2: 0.7679  loss_ce_3: 0.08602  loss_mask_3: 0.04104  loss_dice_3: 0.716  loss_ce_4: 0.08538  loss_mask_4: 0.03411  loss_dice_4: 0.6586  loss_ce_5: 0.08478  loss_mask_5: 0.0363  loss_dice_5: 0.6684  loss_ce_6: 0.07635  loss_mask_6: 0.03076  loss_dice_6: 0.5871  loss_ce_7: 0.07942  loss_mask_7: 0.03261  loss_dice_7: 0.652  loss_ce_8: 0.07865  loss_mask_8: 0.03009  loss_dice_8: 0.6396    time: 0.7633  last_time: 0.7578  data_time: 0.1264  last_data_time: 0.1264   lr: 4.118e-05  max_mem: 10274M
[03/19 15:37:59 d2.utils.events]:  eta: 2:15:47  iter: 4159  total_loss: 6.747  loss_ce: 0.02015  loss_mask: 0.04507  loss_dice: 0.5188  loss_ce_0: 0.3564  loss_mask_0: 0.04322  loss_dice_0: 0.5433  loss_ce_1: 0.03631  loss_mask_1: 0.058  loss_dice_1: 0.6412  loss_ce_2: 0.02039  loss_mask_2: 0.04506  loss_dice_2: 0.4844  loss_ce_3: 0.02938  loss_mask_3: 0.0473  loss_dice_3: 0.5393  loss_ce_4: 0.03191  loss_mask_4: 0.05446  loss_dice_4: 0.6364  loss_ce_5: 0.02286  loss_mask_5: 0.05852  loss_dice_5: 0.7032  loss_ce_6: 0.02644  loss_mask_6: 0.04413  loss_dice_6: 0.54  loss_ce_7: 0.02512  loss_mask_7: 0.04827  loss_dice_7: 0.5546  loss_ce_8: 0.02319  loss_mask_8: 0.04185  loss_dice_8: 0.5079    time: 0.7633  last_time: 0.7628  data_time: 0.1465  last_data_time: 0.1465   lr: 4.11e-05  max_mem: 10274M
[03/19 15:38:15 d2.utils.events]:  eta: 2:15:29  iter: 4179  total_loss: 9.373  loss_ce: 0.2367  loss_mask: 0.02669  loss_dice: 0.5144  loss_ce_0: 0.629  loss_mask_0: 0.09596  loss_dice_0: 0.7929  loss_ce_1: 0.3905  loss_mask_1: 0.03418  loss_dice_1: 0.4863  loss_ce_2: 0.3669  loss_mask_2: 0.03295  loss_dice_2: 0.4804  loss_ce_3: 0.3746  loss_mask_3: 0.03483  loss_dice_3: 0.7494  loss_ce_4: 0.261  loss_mask_4: 0.03101  loss_dice_4: 0.5153  loss_ce_5: 0.2224  loss_mask_5: 0.03587  loss_dice_5: 0.5219  loss_ce_6: 0.2404  loss_mask_6: 0.02792  loss_dice_6: 0.4974  loss_ce_7: 0.2382  loss_mask_7: 0.03165  loss_dice_7: 0.5371  loss_ce_8: 0.3931  loss_mask_8: 0.02886  loss_dice_8: 0.5457    time: 0.7634  last_time: 0.8144  data_time: 0.1722  last_data_time: 0.1722   lr: 4.102e-05  max_mem: 10274M
[03/19 15:38:30 d2.utils.events]:  eta: 2:15:10  iter: 4199  total_loss: 14.22  loss_ce: 0.143  loss_mask: 0.02989  loss_dice: 1.311  loss_ce_0: 0.4236  loss_mask_0: 0.04901  loss_dice_0: 1.451  loss_ce_1: 0.1005  loss_mask_1: 0.03415  loss_dice_1: 1.153  loss_ce_2: 0.1861  loss_mask_2: 0.02637  loss_dice_2: 1.189  loss_ce_3: 0.1518  loss_mask_3: 0.02861  loss_dice_3: 1.306  loss_ce_4: 0.1393  loss_mask_4: 0.01765  loss_dice_4: 0.8691  loss_ce_5: 0.1575  loss_mask_5: 0.02382  loss_dice_5: 1.295  loss_ce_6: 0.1285  loss_mask_6: 0.02546  loss_dice_6: 1.113  loss_ce_7: 0.1146  loss_mask_7: 0.03035  loss_dice_7: 1.283  loss_ce_8: 0.1457  loss_mask_8: 0.02337  loss_dice_8: 1.271    time: 0.7634  last_time: 0.7002  data_time: 0.0833  last_data_time: 0.0833   lr: 4.094e-05  max_mem: 10274M
[03/19 15:38:46 d2.utils.events]:  eta: 2:14:53  iter: 4219  total_loss: 9.162  loss_ce: 0.1061  loss_mask: 0.04501  loss_dice: 0.74  loss_ce_0: 0.5411  loss_mask_0: 0.05136  loss_dice_0: 0.7389  loss_ce_1: 0.09112  loss_mask_1: 0.04153  loss_dice_1: 0.7797  loss_ce_2: 0.1089  loss_mask_2: 0.04271  loss_dice_2: 0.6169  loss_ce_3: 0.1114  loss_mask_3: 0.03852  loss_dice_3: 0.6541  loss_ce_4: 0.1157  loss_mask_4: 0.04181  loss_dice_4: 0.7772  loss_ce_5: 0.1225  loss_mask_5: 0.0428  loss_dice_5: 0.6512  loss_ce_6: 0.1188  loss_mask_6: 0.04662  loss_dice_6: 0.7508  loss_ce_7: 0.1112  loss_mask_7: 0.04055  loss_dice_7: 0.7903  loss_ce_8: 0.1106  loss_mask_8: 0.03883  loss_dice_8: 0.6958    time: 0.7634  last_time: 0.8203  data_time: 0.1729  last_data_time: 0.1729   lr: 4.0859e-05  max_mem: 10274M
[03/19 15:39:02 d2.utils.events]:  eta: 2:14:41  iter: 4239  total_loss: 8.977  loss_ce: 0.1914  loss_mask: 0.04119  loss_dice: 0.5386  loss_ce_0: 0.5969  loss_mask_0: 0.05105  loss_dice_0: 0.6851  loss_ce_1: 0.2109  loss_mask_1: 0.05355  loss_dice_1: 0.7471  loss_ce_2: 0.2515  loss_mask_2: 0.04921  loss_dice_2: 0.5971  loss_ce_3: 0.3543  loss_mask_3: 0.04164  loss_dice_3: 0.5035  loss_ce_4: 0.189  loss_mask_4: 0.0435  loss_dice_4: 0.5632  loss_ce_5: 0.158  loss_mask_5: 0.04121  loss_dice_5: 0.5887  loss_ce_6: 0.1852  loss_mask_6: 0.04163  loss_dice_6: 0.6085  loss_ce_7: 0.1836  loss_mask_7: 0.04111  loss_dice_7: 0.6513  loss_ce_8: 0.1906  loss_mask_8: 0.04519  loss_dice_8: 0.5329    time: 0.7635  last_time: 0.8115  data_time: 0.1628  last_data_time: 0.1628   lr: 4.0778e-05  max_mem: 10274M
[03/19 15:39:17 d2.utils.events]:  eta: 2:14:28  iter: 4259  total_loss: 15.29  loss_ce: 0.2783  loss_mask: 0.07053  loss_dice: 0.9832  loss_ce_0: 1.239  loss_mask_0: 0.09766  loss_dice_0: 1.224  loss_ce_1: 0.5247  loss_mask_1: 0.07143  loss_dice_1: 1.028  loss_ce_2: 0.5871  loss_mask_2: 0.07979  loss_dice_2: 0.8513  loss_ce_3: 0.4693  loss_mask_3: 0.07222  loss_dice_3: 0.9974  loss_ce_4: 0.3623  loss_mask_4: 0.07408  loss_dice_4: 0.8685  loss_ce_5: 0.2977  loss_mask_5: 0.07133  loss_dice_5: 0.8854  loss_ce_6: 0.3558  loss_mask_6: 0.07458  loss_dice_6: 0.9493  loss_ce_7: 0.3326  loss_mask_7: 0.07218  loss_dice_7: 0.9675  loss_ce_8: 0.3033  loss_mask_8: 0.0713  loss_dice_8: 1.034    time: 0.7635  last_time: 0.9472  data_time: 0.1642  last_data_time: 0.1642   lr: 4.0696e-05  max_mem: 10274M
[03/19 15:39:33 d2.utils.events]:  eta: 2:14:16  iter: 4279  total_loss: 13.86  loss_ce: 0.1155  loss_mask: 0.07006  loss_dice: 1.125  loss_ce_0: 0.6845  loss_mask_0: 0.04533  loss_dice_0: 0.998  loss_ce_1: 0.1667  loss_mask_1: 0.06014  loss_dice_1: 1.026  loss_ce_2: 0.1883  loss_mask_2: 0.06188  loss_dice_2: 0.986  loss_ce_3: 0.3524  loss_mask_3: 0.06199  loss_dice_3: 1.095  loss_ce_4: 0.1105  loss_mask_4: 0.05724  loss_dice_4: 1.028  loss_ce_5: 0.1172  loss_mask_5: 0.06837  loss_dice_5: 1.182  loss_ce_6: 0.6128  loss_mask_6: 0.05177  loss_dice_6: 0.9888  loss_ce_7: 0.1219  loss_mask_7: 0.06302  loss_dice_7: 1.071  loss_ce_8: 0.1221  loss_mask_8: 0.05944  loss_dice_8: 1.168    time: 0.7635  last_time: 0.7819  data_time: 0.1510  last_data_time: 0.1510   lr: 4.0615e-05  max_mem: 10274M
[03/19 15:39:49 d2.utils.events]:  eta: 2:14:08  iter: 4299  total_loss: 11.63  loss_ce: 0.1538  loss_mask: 0.05749  loss_dice: 0.7145  loss_ce_0: 0.8535  loss_mask_0: 0.1894  loss_dice_0: 1.045  loss_ce_1: 0.2195  loss_mask_1: 0.06536  loss_dice_1: 0.839  loss_ce_2: 0.514  loss_mask_2: 0.0627  loss_dice_2: 0.8322  loss_ce_3: 0.2501  loss_mask_3: 0.06071  loss_dice_3: 0.8702  loss_ce_4: 0.2037  loss_mask_4: 0.05498  loss_dice_4: 0.8293  loss_ce_5: 0.1917  loss_mask_5: 0.05287  loss_dice_5: 0.7211  loss_ce_6: 0.1807  loss_mask_6: 0.0523  loss_dice_6: 0.6913  loss_ce_7: 0.1749  loss_mask_7: 0.05699  loss_dice_7: 0.7721  loss_ce_8: 0.1607  loss_mask_8: 0.05641  loss_dice_8: 0.7047    time: 0.7636  last_time: 0.7874  data_time: 0.1521  last_data_time: 0.1521   lr: 4.0533e-05  max_mem: 10274M
[03/19 15:40:04 d2.utils.events]:  eta: 2:13:48  iter: 4319  total_loss: 9.554  loss_ce: 0.0537  loss_mask: 0.02771  loss_dice: 0.6854  loss_ce_0: 0.3654  loss_mask_0: 0.04468  loss_dice_0: 0.645  loss_ce_1: 0.0593  loss_mask_1: 0.03899  loss_dice_1: 0.9542  loss_ce_2: 0.09433  loss_mask_2: 0.0319  loss_dice_2: 0.9114  loss_ce_3: 0.1214  loss_mask_3: 0.03108  loss_dice_3: 0.7815  loss_ce_4: 0.138  loss_mask_4: 0.03511  loss_dice_4: 0.892  loss_ce_5: 0.06662  loss_mask_5: 0.03261  loss_dice_5: 0.776  loss_ce_6: 0.402  loss_mask_6: 0.03746  loss_dice_6: 0.7582  loss_ce_7: 0.05163  loss_mask_7: 0.03469  loss_dice_7: 0.5957  loss_ce_8: 0.0552  loss_mask_8: 0.03601  loss_dice_8: 0.7964    time: 0.7636  last_time: 0.8488  data_time: 0.2275  last_data_time: 0.2275   lr: 4.0451e-05  max_mem: 10274M
[03/19 15:40:20 d2.utils.events]:  eta: 2:13:34  iter: 4339  total_loss: 15.29  loss_ce: 0.1859  loss_mask: 0.05561  loss_dice: 1.092  loss_ce_0: 0.7259  loss_mask_0: 0.06411  loss_dice_0: 1.215  loss_ce_1: 0.1841  loss_mask_1: 0.06187  loss_dice_1: 1.246  loss_ce_2: 0.4629  loss_mask_2: 0.05984  loss_dice_2: 1.15  loss_ce_3: 0.2712  loss_mask_3: 0.06822  loss_dice_3: 1.081  loss_ce_4: 0.2472  loss_mask_4: 0.05982  loss_dice_4: 1.111  loss_ce_5: 0.2701  loss_mask_5: 0.06491  loss_dice_5: 1.183  loss_ce_6: 0.3365  loss_mask_6: 0.05823  loss_dice_6: 1.207  loss_ce_7: 0.1888  loss_mask_7: 0.06193  loss_dice_7: 1.06  loss_ce_8: 0.1947  loss_mask_8: 0.06425  loss_dice_8: 1.26    time: 0.7636  last_time: 0.7761  data_time: 0.1342  last_data_time: 0.1342   lr: 4.0368e-05  max_mem: 10274M
[03/19 15:40:35 d2.utils.events]:  eta: 2:13:18  iter: 4359  total_loss: 9.69  loss_ce: 0.0447  loss_mask: 0.03539  loss_dice: 0.7179  loss_ce_0: 0.5556  loss_mask_0: 0.05555  loss_dice_0: 0.904  loss_ce_1: 0.5261  loss_mask_1: 0.03783  loss_dice_1: 1.005  loss_ce_2: 0.07722  loss_mask_2: 0.03724  loss_dice_2: 0.7501  loss_ce_3: 0.08772  loss_mask_3: 0.03712  loss_dice_3: 0.7276  loss_ce_4: 0.09446  loss_mask_4: 0.03326  loss_dice_4: 0.65  loss_ce_5: 0.06854  loss_mask_5: 0.03558  loss_dice_5: 0.7266  loss_ce_6: 0.04907  loss_mask_6: 0.03875  loss_dice_6: 0.7776  loss_ce_7: 0.04698  loss_mask_7: 0.03279  loss_dice_7: 0.683  loss_ce_8: 0.0436  loss_mask_8: 0.03386  loss_dice_8: 0.7764    time: 0.7636  last_time: 0.7382  data_time: 0.1072  last_data_time: 0.1072   lr: 4.0285e-05  max_mem: 10274M
[03/19 15:40:51 d2.utils.events]:  eta: 2:13:08  iter: 4379  total_loss: 7.187  loss_ce: 0.03844  loss_mask: 0.03344  loss_dice: 0.5856  loss_ce_0: 0.4629  loss_mask_0: 0.03769  loss_dice_0: 0.6087  loss_ce_1: 0.06568  loss_mask_1: 0.03424  loss_dice_1: 0.5231  loss_ce_2: 0.09349  loss_mask_2: 0.03293  loss_dice_2: 0.4507  loss_ce_3: 0.04727  loss_mask_3: 0.03333  loss_dice_3: 0.6041  loss_ce_4: 0.04176  loss_mask_4: 0.03223  loss_dice_4: 0.6266  loss_ce_5: 0.04129  loss_mask_5: 0.039  loss_dice_5: 0.6425  loss_ce_6: 0.04168  loss_mask_6: 0.03153  loss_dice_6: 0.4911  loss_ce_7: 0.044  loss_mask_7: 0.04014  loss_dice_7: 0.6249  loss_ce_8: 0.04204  loss_mask_8: 0.0361  loss_dice_8: 0.7606    time: 0.7637  last_time: 0.7561  data_time: 0.1296  last_data_time: 0.1296   lr: 4.0202e-05  max_mem: 10274M
[03/19 15:41:07 d2.utils.events]:  eta: 2:12:59  iter: 4399  total_loss: 7.52  loss_ce: 0.03146  loss_mask: 0.04251  loss_dice: 0.5783  loss_ce_0: 0.9711  loss_mask_0: 0.062  loss_dice_0: 0.6214  loss_ce_1: 0.04664  loss_mask_1: 0.04633  loss_dice_1: 0.5493  loss_ce_2: 0.1221  loss_mask_2: 0.0433  loss_dice_2: 0.5125  loss_ce_3: 0.07559  loss_mask_3: 0.0373  loss_dice_3: 0.5463  loss_ce_4: 0.05598  loss_mask_4: 0.03596  loss_dice_4: 0.5945  loss_ce_5: 0.04513  loss_mask_5: 0.03589  loss_dice_5: 0.5066  loss_ce_6: 0.02974  loss_mask_6: 0.03792  loss_dice_6: 0.5599  loss_ce_7: 0.0244  loss_mask_7: 0.04299  loss_dice_7: 0.5958  loss_ce_8: 0.02683  loss_mask_8: 0.04226  loss_dice_8: 0.6002    time: 0.7638  last_time: 0.8842  data_time: 0.2418  last_data_time: 0.2418   lr: 4.0119e-05  max_mem: 10274M
[03/19 15:41:23 d2.utils.events]:  eta: 2:12:45  iter: 4419  total_loss: 7.26  loss_ce: 0.08579  loss_mask: 0.03102  loss_dice: 0.823  loss_ce_0: 0.3882  loss_mask_0: 0.03053  loss_dice_0: 0.5073  loss_ce_1: 0.08779  loss_mask_1: 0.02622  loss_dice_1: 0.3876  loss_ce_2: 0.2178  loss_mask_2: 0.0312  loss_dice_2: 0.4434  loss_ce_3: 0.1511  loss_mask_3: 0.03385  loss_dice_3: 0.7045  loss_ce_4: 0.1328  loss_mask_4: 0.02841  loss_dice_4: 0.6767  loss_ce_5: 0.1145  loss_mask_5: 0.03233  loss_dice_5: 0.4542  loss_ce_6: 0.07306  loss_mask_6: 0.02987  loss_dice_6: 0.4954  loss_ce_7: 0.07963  loss_mask_7: 0.02907  loss_dice_7: 0.5313  loss_ce_8: 0.09331  loss_mask_8: 0.02898  loss_dice_8: 0.5116    time: 0.7639  last_time: 0.9186  data_time: 0.2824  last_data_time: 0.2824   lr: 4.0036e-05  max_mem: 10274M
[03/19 15:41:39 d2.utils.events]:  eta: 2:12:33  iter: 4439  total_loss: 12.48  loss_ce: 0.4057  loss_mask: 0.03981  loss_dice: 0.6883  loss_ce_0: 0.8951  loss_mask_0: 0.1105  loss_dice_0: 0.9208  loss_ce_1: 0.4126  loss_mask_1: 0.05664  loss_dice_1: 0.665  loss_ce_2: 0.5625  loss_mask_2: 0.03947  loss_dice_2: 0.7215  loss_ce_3: 0.4541  loss_mask_3: 0.03953  loss_dice_3: 0.6753  loss_ce_4: 0.4005  loss_mask_4: 0.04951  loss_dice_4: 0.6975  loss_ce_5: 0.4332  loss_mask_5: 0.0387  loss_dice_5: 0.6446  loss_ce_6: 0.4433  loss_mask_6: 0.0492  loss_dice_6: 0.7069  loss_ce_7: 0.3885  loss_mask_7: 0.04619  loss_dice_7: 0.6167  loss_ce_8: 0.4348  loss_mask_8: 0.06597  loss_dice_8: 0.7761    time: 0.7640  last_time: 0.7068  data_time: 0.0649  last_data_time: 0.0649   lr: 3.9952e-05  max_mem: 10274M
[03/19 15:41:55 d2.utils.events]:  eta: 2:12:19  iter: 4459  total_loss: 4.812  loss_ce: 0.009519  loss_mask: 0.0146  loss_dice: 0.4845  loss_ce_0: 0.3834  loss_mask_0: 0.01531  loss_dice_0: 0.4379  loss_ce_1: 0.0171  loss_mask_1: 0.01071  loss_dice_1: 0.367  loss_ce_2: 0.02167  loss_mask_2: 0.01513  loss_dice_2: 0.4098  loss_ce_3: 0.01076  loss_mask_3: 0.007459  loss_dice_3: 0.3106  loss_ce_4: 0.009184  loss_mask_4: 0.008489  loss_dice_4: 0.3599  loss_ce_5: 0.007647  loss_mask_5: 0.01455  loss_dice_5: 0.471  loss_ce_6: 0.008945  loss_mask_6: 0.01468  loss_dice_6: 0.4801  loss_ce_7: 0.01057  loss_mask_7: 0.01806  loss_dice_7: 0.4206  loss_ce_8: 0.009595  loss_mask_8: 0.01251  loss_dice_8: 0.4511    time: 0.7640  last_time: 0.7322  data_time: 0.1215  last_data_time: 0.1215   lr: 3.9868e-05  max_mem: 10274M
[03/19 15:42:10 d2.utils.events]:  eta: 2:12:11  iter: 4479  total_loss: 12.49  loss_ce: 0.239  loss_mask: 0.06582  loss_dice: 0.9452  loss_ce_0: 0.5628  loss_mask_0: 0.07702  loss_dice_0: 1.427  loss_ce_1: 0.3275  loss_mask_1: 0.05682  loss_dice_1: 0.8348  loss_ce_2: 0.3883  loss_mask_2: 0.0489  loss_dice_2: 0.7404  loss_ce_3: 0.2784  loss_mask_3: 0.04623  loss_dice_3: 0.9049  loss_ce_4: 0.2619  loss_mask_4: 0.05046  loss_dice_4: 0.8062  loss_ce_5: 0.3139  loss_mask_5: 0.05039  loss_dice_5: 0.6475  loss_ce_6: 0.2601  loss_mask_6: 0.05465  loss_dice_6: 0.684  loss_ce_7: 0.2917  loss_mask_7: 0.06257  loss_dice_7: 0.9505  loss_ce_8: 0.2196  loss_mask_8: 0.04571  loss_dice_8: 0.85    time: 0.7641  last_time: 0.8359  data_time: 0.1979  last_data_time: 0.1979   lr: 3.9783e-05  max_mem: 10274M
[03/19 15:42:26 d2.utils.events]:  eta: 2:11:56  iter: 4499  total_loss: 9.672  loss_ce: 0.07116  loss_mask: 0.05531  loss_dice: 0.7315  loss_ce_0: 0.5793  loss_mask_0: 0.08446  loss_dice_0: 0.8051  loss_ce_1: 0.07562  loss_mask_1: 0.0718  loss_dice_1: 0.8629  loss_ce_2: 0.09225  loss_mask_2: 0.07026  loss_dice_2: 0.7893  loss_ce_3: 0.05229  loss_mask_3: 0.06218  loss_dice_3: 0.7719  loss_ce_4: 0.06237  loss_mask_4: 0.05677  loss_dice_4: 0.7664  loss_ce_5: 0.06003  loss_mask_5: 0.06781  loss_dice_5: 0.7707  loss_ce_6: 0.06129  loss_mask_6: 0.06197  loss_dice_6: 0.8548  loss_ce_7: 0.06602  loss_mask_7: 0.05863  loss_dice_7: 0.7781  loss_ce_8: 0.06911  loss_mask_8: 0.06367  loss_dice_8: 0.6986    time: 0.7641  last_time: 0.7859  data_time: 0.1491  last_data_time: 0.1491   lr: 3.9699e-05  max_mem: 10274M
[03/19 15:42:41 d2.utils.events]:  eta: 2:11:37  iter: 4519  total_loss: 6.003  loss_ce: 0.01858  loss_mask: 0.03601  loss_dice: 0.5123  loss_ce_0: 0.3436  loss_mask_0: 0.03873  loss_dice_0: 0.465  loss_ce_1: 0.0418  loss_mask_1: 0.0334  loss_dice_1: 0.4421  loss_ce_2: 0.07613  loss_mask_2: 0.04511  loss_dice_2: 0.5025  loss_ce_3: 0.02998  loss_mask_3: 0.03895  loss_dice_3: 0.5608  loss_ce_4: 0.02465  loss_mask_4: 0.03553  loss_dice_4: 0.4668  loss_ce_5: 0.02331  loss_mask_5: 0.03453  loss_dice_5: 0.456  loss_ce_6: 0.02155  loss_mask_6: 0.0416  loss_dice_6: 0.5146  loss_ce_7: 0.02061  loss_mask_7: 0.04697  loss_dice_7: 0.5431  loss_ce_8: 0.02155  loss_mask_8: 0.03981  loss_dice_8: 0.5273    time: 0.7640  last_time: 0.7784  data_time: 0.1466  last_data_time: 0.1466   lr: 3.9614e-05  max_mem: 10274M
[03/19 15:42:56 d2.utils.events]:  eta: 2:11:20  iter: 4539  total_loss: 10.18  loss_ce: 0.0724  loss_mask: 0.03906  loss_dice: 0.6856  loss_ce_0: 0.6145  loss_mask_0: 0.04471  loss_dice_0: 0.8629  loss_ce_1: 0.1855  loss_mask_1: 0.048  loss_dice_1: 0.846  loss_ce_2: 0.3066  loss_mask_2: 0.04513  loss_dice_2: 0.9836  loss_ce_3: 0.2517  loss_mask_3: 0.04866  loss_dice_3: 1.007  loss_ce_4: 0.07511  loss_mask_4: 0.03877  loss_dice_4: 0.6642  loss_ce_5: 0.07138  loss_mask_5: 0.04235  loss_dice_5: 0.7126  loss_ce_6: 0.08051  loss_mask_6: 0.04274  loss_dice_6: 0.7009  loss_ce_7: 0.1292  loss_mask_7: 0.03343  loss_dice_7: 0.8038  loss_ce_8: 0.07145  loss_mask_8: 0.03142  loss_dice_8: 0.6411    time: 0.7640  last_time: 0.7797  data_time: 0.1419  last_data_time: 0.1419   lr: 3.9529e-05  max_mem: 10274M
[03/19 15:43:12 d2.utils.events]:  eta: 2:11:09  iter: 4559  total_loss: 7.922  loss_ce: 0.01762  loss_mask: 0.05534  loss_dice: 0.6885  loss_ce_0: 0.6732  loss_mask_0: 0.06348  loss_dice_0: 0.7762  loss_ce_1: 0.08383  loss_mask_1: 0.06019  loss_dice_1: 0.6208  loss_ce_2: 0.1159  loss_mask_2: 0.05104  loss_dice_2: 0.602  loss_ce_3: 0.04  loss_mask_3: 0.05199  loss_dice_3: 0.5741  loss_ce_4: 0.01987  loss_mask_4: 0.06369  loss_dice_4: 0.678  loss_ce_5: 0.01821  loss_mask_5: 0.04756  loss_dice_5: 0.5849  loss_ce_6: 0.02079  loss_mask_6: 0.05896  loss_dice_6: 0.613  loss_ce_7: 0.01917  loss_mask_7: 0.04953  loss_dice_7: 0.5955  loss_ce_8: 0.0162  loss_mask_8: 0.05688  loss_dice_8: 0.6054    time: 0.7640  last_time: 0.8048  data_time: 0.1570  last_data_time: 0.1570   lr: 3.9444e-05  max_mem: 10274M
[03/19 15:43:29 d2.utils.events]:  eta: 2:10:56  iter: 4579  total_loss: 9.961  loss_ce: 0.1866  loss_mask: 0.04828  loss_dice: 0.6931  loss_ce_0: 0.6178  loss_mask_0: 0.05308  loss_dice_0: 0.7657  loss_ce_1: 0.1177  loss_mask_1: 0.0522  loss_dice_1: 0.6083  loss_ce_2: 0.3271  loss_mask_2: 0.05618  loss_dice_2: 0.7085  loss_ce_3: 0.195  loss_mask_3: 0.04903  loss_dice_3: 0.5083  loss_ce_4: 0.296  loss_mask_4: 0.05357  loss_dice_4: 0.6429  loss_ce_5: 0.2913  loss_mask_5: 0.05439  loss_dice_5: 0.6552  loss_ce_6: 0.2114  loss_mask_6: 0.0568  loss_dice_6: 0.6029  loss_ce_7: 0.1912  loss_mask_7: 0.05712  loss_dice_7: 0.6818  loss_ce_8: 0.04883  loss_mask_8: 0.05827  loss_dice_8: 1.073    time: 0.7642  last_time: 0.9251  data_time: 0.2920  last_data_time: 0.2920   lr: 3.9358e-05  max_mem: 10274M
[03/19 15:43:44 d2.utils.events]:  eta: 2:10:46  iter: 4599  total_loss: 11.55  loss_ce: 0.1956  loss_mask: 0.05381  loss_dice: 0.7474  loss_ce_0: 0.5215  loss_mask_0: 0.06567  loss_dice_0: 1.002  loss_ce_1: 0.174  loss_mask_1: 0.06189  loss_dice_1: 0.8713  loss_ce_2: 0.1896  loss_mask_2: 0.05035  loss_dice_2: 0.6521  loss_ce_3: 0.2968  loss_mask_3: 0.05512  loss_dice_3: 0.7845  loss_ce_4: 0.2172  loss_mask_4: 0.05172  loss_dice_4: 0.844  loss_ce_5: 0.1664  loss_mask_5: 0.05127  loss_dice_5: 0.9501  loss_ce_6: 0.1845  loss_mask_6: 0.0557  loss_dice_6: 0.8054  loss_ce_7: 0.1783  loss_mask_7: 0.04798  loss_dice_7: 0.859  loss_ce_8: 0.3385  loss_mask_8: 0.05366  loss_dice_8: 1.028    time: 0.7642  last_time: 0.8083  data_time: 0.1506  last_data_time: 0.1506   lr: 3.9272e-05  max_mem: 10274M
[03/19 15:43:59 d2.utils.events]:  eta: 2:10:34  iter: 4619  total_loss: 9.159  loss_ce: 0.1156  loss_mask: 0.03724  loss_dice: 0.6352  loss_ce_0: 0.4997  loss_mask_0: 0.05462  loss_dice_0: 0.8031  loss_ce_1: 0.1504  loss_mask_1: 0.04132  loss_dice_1: 0.6859  loss_ce_2: 0.1389  loss_mask_2: 0.0445  loss_dice_2: 0.8621  loss_ce_3: 0.1554  loss_mask_3: 0.03656  loss_dice_3: 0.6712  loss_ce_4: 0.1313  loss_mask_4: 0.03703  loss_dice_4: 0.7153  loss_ce_5: 0.144  loss_mask_5: 0.04379  loss_dice_5: 0.7361  loss_ce_6: 0.1288  loss_mask_6: 0.04387  loss_dice_6: 0.6489  loss_ce_7: 0.1141  loss_mask_7: 0.04217  loss_dice_7: 0.5905  loss_ce_8: 0.1161  loss_mask_8: 0.04159  loss_dice_8: 0.6935    time: 0.7642  last_time: 0.7742  data_time: 0.1280  last_data_time: 0.1280   lr: 3.9186e-05  max_mem: 10274M
[03/19 15:44:15 d2.utils.events]:  eta: 2:10:21  iter: 4639  total_loss: 5.007  loss_ce: 0.01906  loss_mask: 0.03946  loss_dice: 0.4605  loss_ce_0: 0.3629  loss_mask_0: 0.05044  loss_dice_0: 0.4573  loss_ce_1: 0.02874  loss_mask_1: 0.04054  loss_dice_1: 0.4696  loss_ce_2: 0.02458  loss_mask_2: 0.03508  loss_dice_2: 0.3097  loss_ce_3: 0.01678  loss_mask_3: 0.03733  loss_dice_3: 0.2769  loss_ce_4: 0.01663  loss_mask_4: 0.03482  loss_dice_4: 0.3655  loss_ce_5: 0.01758  loss_mask_5: 0.04071  loss_dice_5: 0.6187  loss_ce_6: 0.0174  loss_mask_6: 0.03865  loss_dice_6: 0.3166  loss_ce_7: 0.01944  loss_mask_7: 0.03796  loss_dice_7: 0.4451  loss_ce_8: 0.0175  loss_mask_8: 0.04236  loss_dice_8: 0.3491    time: 0.7642  last_time: 0.7584  data_time: 0.1374  last_data_time: 0.1374   lr: 3.91e-05  max_mem: 10274M
[03/19 15:44:30 d2.utils.events]:  eta: 2:10:06  iter: 4659  total_loss: 14.45  loss_ce: 0.3174  loss_mask: 0.2308  loss_dice: 0.9372  loss_ce_0: 0.7551  loss_mask_0: 0.1588  loss_dice_0: 0.8002  loss_ce_1: 0.3556  loss_mask_1: 0.1439  loss_dice_1: 0.9636  loss_ce_2: 0.2127  loss_mask_2: 0.2062  loss_dice_2: 0.9236  loss_ce_3: 0.4034  loss_mask_3: 0.1914  loss_dice_3: 0.8806  loss_ce_4: 0.2344  loss_mask_4: 0.1251  loss_dice_4: 0.9183  loss_ce_5: 0.2183  loss_mask_5: 0.148  loss_dice_5: 0.8921  loss_ce_6: 0.1999  loss_mask_6: 0.2106  loss_dice_6: 1.014  loss_ce_7: 0.309  loss_mask_7: 0.2509  loss_dice_7: 0.9694  loss_ce_8: 0.3005  loss_mask_8: 0.2485  loss_dice_8: 0.9272    time: 0.7641  last_time: 0.7537  data_time: 0.1230  last_data_time: 0.1230   lr: 3.9013e-05  max_mem: 10274M
[03/19 15:44:46 d2.utils.events]:  eta: 2:09:51  iter: 4679  total_loss: 14.95  loss_ce: 0.106  loss_mask: 0.03957  loss_dice: 1.257  loss_ce_0: 0.6334  loss_mask_0: 0.05165  loss_dice_0: 1.311  loss_ce_1: 0.1198  loss_mask_1: 0.03789  loss_dice_1: 1.272  loss_ce_2: 0.1925  loss_mask_2: 0.03588  loss_dice_2: 1.245  loss_ce_3: 0.4069  loss_mask_3: 0.02747  loss_dice_3: 1.092  loss_ce_4: 0.4795  loss_mask_4: 0.02509  loss_dice_4: 0.8115  loss_ce_5: 0.49  loss_mask_5: 0.03243  loss_dice_5: 1.28  loss_ce_6: 0.1205  loss_mask_6: 0.03751  loss_dice_6: 1.197  loss_ce_7: 0.1099  loss_mask_7: 0.03738  loss_dice_7: 1.18  loss_ce_8: 0.1023  loss_mask_8: 0.04095  loss_dice_8: 1.179    time: 0.7641  last_time: 0.7646  data_time: 0.1310  last_data_time: 0.1310   lr: 3.8926e-05  max_mem: 10274M
[03/19 15:45:01 d2.utils.events]:  eta: 2:09:37  iter: 4699  total_loss: 12.77  loss_ce: 0.1896  loss_mask: 0.04521  loss_dice: 1.081  loss_ce_0: 0.3158  loss_mask_0: 0.05744  loss_dice_0: 1.095  loss_ce_1: 0.2271  loss_mask_1: 0.04087  loss_dice_1: 0.8873  loss_ce_2: 0.2641  loss_mask_2: 0.041  loss_dice_2: 0.9282  loss_ce_3: 0.2208  loss_mask_3: 0.04437  loss_dice_3: 1.131  loss_ce_4: 0.2168  loss_mask_4: 0.04073  loss_dice_4: 0.7555  loss_ce_5: 0.1819  loss_mask_5: 0.04043  loss_dice_5: 1.036  loss_ce_6: 0.1987  loss_mask_6: 0.04139  loss_dice_6: 1.045  loss_ce_7: 0.193  loss_mask_7: 0.03702  loss_dice_7: 1.057  loss_ce_8: 0.1872  loss_mask_8: 0.04239  loss_dice_8: 1.132    time: 0.7641  last_time: 0.7586  data_time: 0.1284  last_data_time: 0.1284   lr: 3.8839e-05  max_mem: 10274M
[03/19 15:45:17 d2.utils.events]:  eta: 2:09:22  iter: 4719  total_loss: 5.589  loss_ce: 0.04397  loss_mask: 0.02516  loss_dice: 0.5275  loss_ce_0: 0.3231  loss_mask_0: 0.02251  loss_dice_0: 0.4114  loss_ce_1: 0.06176  loss_mask_1: 0.02579  loss_dice_1: 0.41  loss_ce_2: 0.04963  loss_mask_2: 0.02606  loss_dice_2: 0.4543  loss_ce_3: 0.05052  loss_mask_3: 0.02026  loss_dice_3: 0.3984  loss_ce_4: 0.04624  loss_mask_4: 0.02486  loss_dice_4: 0.5445  loss_ce_5: 0.04261  loss_mask_5: 0.02392  loss_dice_5: 0.5007  loss_ce_6: 0.04726  loss_mask_6: 0.02384  loss_dice_6: 0.427  loss_ce_7: 0.04785  loss_mask_7: 0.02612  loss_dice_7: 0.4927  loss_ce_8: 0.04495  loss_mask_8: 0.02648  loss_dice_8: 0.4199    time: 0.7641  last_time: 0.7935  data_time: 0.1701  last_data_time: 0.1701   lr: 3.8752e-05  max_mem: 10274M
[03/19 15:45:32 d2.utils.events]:  eta: 2:09:06  iter: 4739  total_loss: 9.39  loss_ce: 0.08781  loss_mask: 0.03707  loss_dice: 0.6706  loss_ce_0: 0.7377  loss_mask_0: 0.05423  loss_dice_0: 0.7971  loss_ce_1: 0.1507  loss_mask_1: 0.04516  loss_dice_1: 0.6744  loss_ce_2: 0.2409  loss_mask_2: 0.04304  loss_dice_2: 0.7238  loss_ce_3: 0.1125  loss_mask_3: 0.03962  loss_dice_3: 0.6359  loss_ce_4: 0.09075  loss_mask_4: 0.03847  loss_dice_4: 0.6761  loss_ce_5: 0.0805  loss_mask_5: 0.04219  loss_dice_5: 0.8338  loss_ce_6: 0.07964  loss_mask_6: 0.0398  loss_dice_6: 0.7732  loss_ce_7: 0.0785  loss_mask_7: 0.03751  loss_dice_7: 0.6895  loss_ce_8: 0.07391  loss_mask_8: 0.0402  loss_dice_8: 0.7656    time: 0.7641  last_time: 0.7676  data_time: 0.1277  last_data_time: 0.1277   lr: 3.8664e-05  max_mem: 10274M
[03/19 15:45:48 d2.utils.events]:  eta: 2:08:51  iter: 4759  total_loss: 16.19  loss_ce: 0.0895  loss_mask: 0.09192  loss_dice: 1.247  loss_ce_0: 0.8214  loss_mask_0: 0.1483  loss_dice_0: 1.448  loss_ce_1: 0.212  loss_mask_1: 0.1042  loss_dice_1: 1.556  loss_ce_2: 0.1326  loss_mask_2: 0.08477  loss_dice_2: 1.206  loss_ce_3: 0.1781  loss_mask_3: 0.08837  loss_dice_3: 1.137  loss_ce_4: 0.1157  loss_mask_4: 0.09408  loss_dice_4: 1.482  loss_ce_5: 0.09724  loss_mask_5: 0.07176  loss_dice_5: 1.471  loss_ce_6: 0.09057  loss_mask_6: 0.1016  loss_dice_6: 1.23  loss_ce_7: 0.109  loss_mask_7: 0.08022  loss_dice_7: 1.138  loss_ce_8: 0.09348  loss_mask_8: 0.0949  loss_dice_8: 1.374    time: 0.7641  last_time: 0.8072  data_time: 0.0886  last_data_time: 0.0886   lr: 3.8576e-05  max_mem: 10274M
[03/19 15:46:03 d2.utils.events]:  eta: 2:08:36  iter: 4779  total_loss: 9.957  loss_ce: 0.03007  loss_mask: 0.05064  loss_dice: 0.8399  loss_ce_0: 0.498  loss_mask_0: 0.04439  loss_dice_0: 0.7755  loss_ce_1: 0.06398  loss_mask_1: 0.05431  loss_dice_1: 0.9244  loss_ce_2: 0.04919  loss_mask_2: 0.05644  loss_dice_2: 0.8506  loss_ce_3: 0.03689  loss_mask_3: 0.0502  loss_dice_3: 0.7183  loss_ce_4: 0.03919  loss_mask_4: 0.06393  loss_dice_4: 0.9364  loss_ce_5: 0.03362  loss_mask_5: 0.05821  loss_dice_5: 0.8828  loss_ce_6: 0.03114  loss_mask_6: 0.05802  loss_dice_6: 0.8356  loss_ce_7: 0.03004  loss_mask_7: 0.06051  loss_dice_7: 0.9751  loss_ce_8: 0.02941  loss_mask_8: 0.05283  loss_dice_8: 0.8275    time: 0.7641  last_time: 0.7604  data_time: 0.1312  last_data_time: 0.1312   lr: 3.8488e-05  max_mem: 10274M
[03/19 15:46:19 d2.utils.events]:  eta: 2:08:19  iter: 4799  total_loss: 11.37  loss_ce: 0.1532  loss_mask: 0.06647  loss_dice: 0.7436  loss_ce_0: 0.7463  loss_mask_0: 0.1891  loss_dice_0: 1.092  loss_ce_1: 0.3596  loss_mask_1: 0.06134  loss_dice_1: 0.6408  loss_ce_2: 0.1324  loss_mask_2: 0.158  loss_dice_2: 0.8261  loss_ce_3: 0.1466  loss_mask_3: 0.06976  loss_dice_3: 0.8039  loss_ce_4: 0.2204  loss_mask_4: 0.09426  loss_dice_4: 0.8417  loss_ce_5: 0.2846  loss_mask_5: 0.05019  loss_dice_5: 0.5326  loss_ce_6: 0.2118  loss_mask_6: 0.07901  loss_dice_6: 0.7236  loss_ce_7: 0.2736  loss_mask_7: 0.08638  loss_dice_7: 0.7733  loss_ce_8: 0.1386  loss_mask_8: 0.06749  loss_dice_8: 0.8008    time: 0.7641  last_time: 0.8272  data_time: 0.1825  last_data_time: 0.1825   lr: 3.84e-05  max_mem: 10274M
[03/19 15:46:34 d2.utils.events]:  eta: 2:08:04  iter: 4819  total_loss: 9.286  loss_ce: 0.04165  loss_mask: 0.0362  loss_dice: 0.7883  loss_ce_0: 0.7278  loss_mask_0: 0.04645  loss_dice_0: 0.947  loss_ce_1: 0.09612  loss_mask_1: 0.04532  loss_dice_1: 0.7634  loss_ce_2: 0.07567  loss_mask_2: 0.04566  loss_dice_2: 0.791  loss_ce_3: 0.03757  loss_mask_3: 0.04046  loss_dice_3: 0.7396  loss_ce_4: 0.03887  loss_mask_4: 0.03362  loss_dice_4: 0.7318  loss_ce_5: 0.03811  loss_mask_5: 0.03076  loss_dice_5: 0.7167  loss_ce_6: 0.02989  loss_mask_6: 0.0334  loss_dice_6: 0.7913  loss_ce_7: 0.03345  loss_mask_7: 0.03563  loss_dice_7: 0.7389  loss_ce_8: 0.0386  loss_mask_8: 0.03283  loss_dice_8: 0.7399    time: 0.7641  last_time: 0.7620  data_time: 0.1251  last_data_time: 0.1251   lr: 3.8312e-05  max_mem: 10274M
[03/19 15:46:50 d2.utils.events]:  eta: 2:07:52  iter: 4839  total_loss: 15.14  loss_ce: 0.2728  loss_mask: 0.1044  loss_dice: 1.091  loss_ce_0: 0.4177  loss_mask_0: 0.1184  loss_dice_0: 1.431  loss_ce_1: 0.2951  loss_mask_1: 0.06374  loss_dice_1: 1.152  loss_ce_2: 0.3039  loss_mask_2: 0.07512  loss_dice_2: 0.9887  loss_ce_3: 0.4429  loss_mask_3: 0.08145  loss_dice_3: 1.068  loss_ce_4: 0.3388  loss_mask_4: 0.07972  loss_dice_4: 1.156  loss_ce_5: 0.3595  loss_mask_5: 0.08996  loss_dice_5: 1.074  loss_ce_6: 0.1425  loss_mask_6: 0.1124  loss_dice_6: 1.145  loss_ce_7: 0.1256  loss_mask_7: 0.1089  loss_dice_7: 1.143  loss_ce_8: 0.1114  loss_mask_8: 0.1123  loss_dice_8: 1.134    time: 0.7642  last_time: 0.8675  data_time: 0.2195  last_data_time: 0.2195   lr: 3.8223e-05  max_mem: 10274M
[03/19 15:47:05 d2.utils.events]:  eta: 2:07:34  iter: 4859  total_loss: 8.896  loss_ce: 0.06057  loss_mask: 0.03988  loss_dice: 0.6991  loss_ce_0: 0.5825  loss_mask_0: 0.05356  loss_dice_0: 0.7475  loss_ce_1: 0.1592  loss_mask_1: 0.03888  loss_dice_1: 0.7432  loss_ce_2: 0.1103  loss_mask_2: 0.04506  loss_dice_2: 0.707  loss_ce_3: 0.06986  loss_mask_3: 0.04222  loss_dice_3: 0.7261  loss_ce_4: 0.08121  loss_mask_4: 0.04102  loss_dice_4: 0.7331  loss_ce_5: 0.06397  loss_mask_5: 0.03916  loss_dice_5: 0.7353  loss_ce_6: 0.05737  loss_mask_6: 0.03588  loss_dice_6: 0.7686  loss_ce_7: 0.06402  loss_mask_7: 0.03843  loss_dice_7: 0.6224  loss_ce_8: 0.06228  loss_mask_8: 0.03863  loss_dice_8: 0.6902    time: 0.7641  last_time: 0.7601  data_time: 0.1318  last_data_time: 0.1318   lr: 3.8134e-05  max_mem: 10274M
[03/19 15:47:21 d2.utils.events]:  eta: 2:07:22  iter: 4879  total_loss: 5.61  loss_ce: 0.01532  loss_mask: 0.03958  loss_dice: 0.469  loss_ce_0: 0.3384  loss_mask_0: 0.03627  loss_dice_0: 0.4666  loss_ce_1: 0.02409  loss_mask_1: 0.04543  loss_dice_1: 0.5255  loss_ce_2: 0.0234  loss_mask_2: 0.02848  loss_dice_2: 0.424  loss_ce_3: 0.01878  loss_mask_3: 0.03835  loss_dice_3: 0.4709  loss_ce_4: 0.01984  loss_mask_4: 0.03354  loss_dice_4: 0.4562  loss_ce_5: 0.01611  loss_mask_5: 0.04784  loss_dice_5: 0.5256  loss_ce_6: 0.01513  loss_mask_6: 0.03833  loss_dice_6: 0.4595  loss_ce_7: 0.01599  loss_mask_7: 0.03283  loss_dice_7: 0.4768  loss_ce_8: 0.0159  loss_mask_8: 0.03832  loss_dice_8: 0.4536    time: 0.7641  last_time: 0.7667  data_time: 0.1504  last_data_time: 0.1504   lr: 3.8045e-05  max_mem: 10274M
[03/19 15:47:37 d2.utils.events]:  eta: 2:07:16  iter: 4899  total_loss: 19.48  loss_ce: 0.3706  loss_mask: 0.1652  loss_dice: 1.169  loss_ce_0: 0.8402  loss_mask_0: 0.2546  loss_dice_0: 1.771  loss_ce_1: 0.321  loss_mask_1: 0.2432  loss_dice_1: 1.461  loss_ce_2: 0.4261  loss_mask_2: 0.1936  loss_dice_2: 1.414  loss_ce_3: 0.3243  loss_mask_3: 0.2872  loss_dice_3: 1.237  loss_ce_4: 0.4866  loss_mask_4: 0.2138  loss_dice_4: 1.091  loss_ce_5: 0.4782  loss_mask_5: 0.1555  loss_dice_5: 1.225  loss_ce_6: 0.3137  loss_mask_6: 0.1765  loss_dice_6: 1.224  loss_ce_7: 0.3751  loss_mask_7: 0.1495  loss_dice_7: 1.145  loss_ce_8: 0.5376  loss_mask_8: 0.1575  loss_dice_8: 1.275    time: 0.7641  last_time: 0.8494  data_time: 0.2064  last_data_time: 0.2064   lr: 3.7955e-05  max_mem: 10274M
[03/19 15:47:53 d2.utils.events]:  eta: 2:07:04  iter: 4919  total_loss: 7.168  loss_ce: 0.0121  loss_mask: 0.03066  loss_dice: 0.8256  loss_ce_0: 0.3398  loss_mask_0: 0.02555  loss_dice_0: 0.4659  loss_ce_1: 0.02077  loss_mask_1: 0.0277  loss_dice_1: 0.5616  loss_ce_2: 0.01515  loss_mask_2: 0.02454  loss_dice_2: 0.5609  loss_ce_3: 0.02113  loss_mask_3: 0.02564  loss_dice_3: 0.4864  loss_ce_4: 0.01468  loss_mask_4: 0.02805  loss_dice_4: 0.6812  loss_ce_5: 0.01354  loss_mask_5: 0.02615  loss_dice_5: 0.7058  loss_ce_6: 0.01663  loss_mask_6: 0.02954  loss_dice_6: 0.7321  loss_ce_7: 0.01434  loss_mask_7: 0.02509  loss_dice_7: 0.7021  loss_ce_8: 0.01383  loss_mask_8: 0.0247  loss_dice_8: 0.6965    time: 0.7642  last_time: 0.7563  data_time: 0.1390  last_data_time: 0.1390   lr: 3.7865e-05  max_mem: 10274M
[03/19 15:48:08 d2.utils.events]:  eta: 2:06:43  iter: 4939  total_loss: 6.393  loss_ce: 0.0193  loss_mask: 0.07086  loss_dice: 0.5212  loss_ce_0: 0.4291  loss_mask_0: 0.1022  loss_dice_0: 0.5881  loss_ce_1: 0.03877  loss_mask_1: 0.07055  loss_dice_1: 0.4768  loss_ce_2: 0.05688  loss_mask_2: 0.07294  loss_dice_2: 0.5224  loss_ce_3: 0.03027  loss_mask_3: 0.07257  loss_dice_3: 0.4779  loss_ce_4: 0.02975  loss_mask_4: 0.06995  loss_dice_4: 0.4398  loss_ce_5: 0.02353  loss_mask_5: 0.07423  loss_dice_5: 0.5183  loss_ce_6: 0.021  loss_mask_6: 0.06701  loss_dice_6: 0.4845  loss_ce_7: 0.02137  loss_mask_7: 0.07276  loss_dice_7: 0.4769  loss_ce_8: 0.01899  loss_mask_8: 0.06326  loss_dice_8: 0.4615    time: 0.7642  last_time: 0.7410  data_time: 0.0667  last_data_time: 0.0667   lr: 3.7776e-05  max_mem: 10274M
[03/19 15:48:23 d2.utils.events]:  eta: 2:06:23  iter: 4959  total_loss: 8.014  loss_ce: 0.06441  loss_mask: 0.04632  loss_dice: 0.5802  loss_ce_0: 1.134  loss_mask_0: 0.0847  loss_dice_0: 0.7789  loss_ce_1: 0.1266  loss_mask_1: 0.04266  loss_dice_1: 0.5127  loss_ce_2: 0.1081  loss_mask_2: 0.04809  loss_dice_2: 0.546  loss_ce_3: 0.07108  loss_mask_3: 0.04307  loss_dice_3: 0.5478  loss_ce_4: 0.05995  loss_mask_4: 0.04719  loss_dice_4: 0.5168  loss_ce_5: 0.05794  loss_mask_5: 0.04667  loss_dice_5: 0.5895  loss_ce_6: 0.06407  loss_mask_6: 0.04782  loss_dice_6: 0.5681  loss_ce_7: 0.06196  loss_mask_7: 0.04173  loss_dice_7: 0.516  loss_ce_8: 0.06352  loss_mask_8: 0.03955  loss_dice_8: 0.5586    time: 0.7641  last_time: 0.7450  data_time: 0.1195  last_data_time: 0.1195   lr: 3.7685e-05  max_mem: 10274M
[03/19 15:48:38 d2.utils.events]:  eta: 2:06:07  iter: 4979  total_loss: 5.132  loss_ce: 0.07731  loss_mask: 0.05036  loss_dice: 0.304  loss_ce_0: 0.4414  loss_mask_0: 0.06742  loss_dice_0: 0.4749  loss_ce_1: 0.245  loss_mask_1: 0.0532  loss_dice_1: 0.352  loss_ce_2: 0.06386  loss_mask_2: 0.04785  loss_dice_2: 0.2665  loss_ce_3: 0.06231  loss_mask_3: 0.0525  loss_dice_3: 0.3263  loss_ce_4: 0.08086  loss_mask_4: 0.04815  loss_dice_4: 0.2705  loss_ce_5: 0.07511  loss_mask_5: 0.05406  loss_dice_5: 0.3579  loss_ce_6: 0.07385  loss_mask_6: 0.0513  loss_dice_6: 0.2989  loss_ce_7: 0.07324  loss_mask_7: 0.05189  loss_dice_7: 0.3771  loss_ce_8: 0.07597  loss_mask_8: 0.04775  loss_dice_8: 0.3101    time: 0.7641  last_time: 0.9706  data_time: 0.2396  last_data_time: 0.2396   lr: 3.7595e-05  max_mem: 10274M
[03/19 15:48:54 fvcore.common.checkpoint]: Saving checkpoint to /mnt/data/mis2025/group_6/Parameter/trained_para/graphene_mid_finetune_penalize_small_flakes/model_0004999.pth
[03/19 15:48:55 d2.utils.events]:  eta: 2:05:54  iter: 4999  total_loss: 7.981  loss_ce: 0.01753  loss_mask: 0.05612  loss_dice: 0.6561  loss_ce_0: 0.3413  loss_mask_0: 0.06638  loss_dice_0: 0.6696  loss_ce_1: 0.03804  loss_mask_1: 0.05555  loss_dice_1: 0.6765  loss_ce_2: 0.023  loss_mask_2: 0.05537  loss_dice_2: 0.7345  loss_ce_3: 0.02823  loss_mask_3: 0.04936  loss_dice_3: 0.5737  loss_ce_4: 0.02313  loss_mask_4: 0.05828  loss_dice_4: 0.7546  loss_ce_5: 0.02411  loss_mask_5: 0.05234  loss_dice_5: 0.6469  loss_ce_6: 0.02518  loss_mask_6: 0.04969  loss_dice_6: 0.5727  loss_ce_7: 0.01977  loss_mask_7: 0.04744  loss_dice_7: 0.6285  loss_ce_8: 0.01687  loss_mask_8: 0.05783  loss_dice_8: 0.9625    time: 0.7641  last_time: 0.7516  data_time: 0.1274  last_data_time: 0.1274   lr: 3.7505e-05  max_mem: 10274M
[03/19 15:49:10 d2.utils.events]:  eta: 2:05:39  iter: 5019  total_loss: 15.76  loss_ce: 0.2803  loss_mask: 0.04192  loss_dice: 1.167  loss_ce_0: 0.4801  loss_mask_0: 0.04348  loss_dice_0: 1.18  loss_ce_1: 0.2131  loss_mask_1: 0.04348  loss_dice_1: 1.234  loss_ce_2: 0.3827  loss_mask_2: 0.03378  loss_dice_2: 1.34  loss_ce_3: 0.1574  loss_mask_3: 0.04352  loss_dice_3: 1.243  loss_ce_4: 0.2977  loss_mask_4: 0.03149  loss_dice_4: 1.244  loss_ce_5: 0.152  loss_mask_5: 0.03508  loss_dice_5: 1.309  loss_ce_6: 0.3458  loss_mask_6: 0.02995  loss_dice_6: 1.29  loss_ce_7: 0.2945  loss_mask_7: 0.05204  loss_dice_7: 1.206  loss_ce_8: 0.2134  loss_mask_8: 0.03253  loss_dice_8: 1.342    time: 0.7641  last_time: 0.7555  data_time: 0.1356  last_data_time: 0.1356   lr: 3.7414e-05  max_mem: 10274M
[03/19 15:49:26 d2.utils.events]:  eta: 2:05:26  iter: 5039  total_loss: 12.69  loss_ce: 0.4318  loss_mask: 0.03354  loss_dice: 0.8272  loss_ce_0: 0.765  loss_mask_0: 0.04061  loss_dice_0: 1.056  loss_ce_1: 0.3714  loss_mask_1: 0.0331  loss_dice_1: 0.8832  loss_ce_2: 0.2394  loss_mask_2: 0.03389  loss_dice_2: 0.9436  loss_ce_3: 0.4182  loss_mask_3: 0.03094  loss_dice_3: 0.7706  loss_ce_4: 0.4038  loss_mask_4: 0.03124  loss_dice_4: 0.8546  loss_ce_5: 0.221  loss_mask_5: 0.03261  loss_dice_5: 0.95  loss_ce_6: 0.2109  loss_mask_6: 0.03366  loss_dice_6: 0.9454  loss_ce_7: 0.1817  loss_mask_7: 0.03183  loss_dice_7: 0.7682  loss_ce_8: 0.3694  loss_mask_8: 0.03283  loss_dice_8: 0.7463    time: 0.7642  last_time: 0.8148  data_time: 0.1714  last_data_time: 0.1714   lr: 3.7323e-05  max_mem: 10274M
[03/19 15:49:42 d2.utils.events]:  eta: 2:05:15  iter: 5059  total_loss: 10.21  loss_ce: 0.3789  loss_mask: 0.05056  loss_dice: 0.9677  loss_ce_0: 0.4574  loss_mask_0: 0.05333  loss_dice_0: 1.044  loss_ce_1: 0.1445  loss_mask_1: 0.05384  loss_dice_1: 0.5918  loss_ce_2: 0.1551  loss_mask_2: 0.06183  loss_dice_2: 0.6335  loss_ce_3: 0.1353  loss_mask_3: 0.05145  loss_dice_3: 0.7045  loss_ce_4: 0.3994  loss_mask_4: 0.03406  loss_dice_4: 0.4931  loss_ce_5: 0.1265  loss_mask_5: 0.05482  loss_dice_5: 0.6233  loss_ce_6: 0.1299  loss_mask_6: 0.05003  loss_dice_6: 0.9021  loss_ce_7: 0.1291  loss_mask_7: 0.04348  loss_dice_7: 0.6063  loss_ce_8: 0.1249  loss_mask_8: 0.04159  loss_dice_8: 0.964    time: 0.7643  last_time: 0.7444  data_time: 0.1254  last_data_time: 0.1254   lr: 3.7232e-05  max_mem: 10274M
[03/19 15:49:58 d2.utils.events]:  eta: 2:05:01  iter: 5079  total_loss: 11.03  loss_ce: 0.2447  loss_mask: 0.04862  loss_dice: 0.6596  loss_ce_0: 1.144  loss_mask_0: 0.1206  loss_dice_0: 0.9791  loss_ce_1: 0.3238  loss_mask_1: 0.08706  loss_dice_1: 0.8764  loss_ce_2: 0.3045  loss_mask_2: 0.04777  loss_dice_2: 0.6737  loss_ce_3: 0.3135  loss_mask_3: 0.04148  loss_dice_3: 0.6292  loss_ce_4: 0.2326  loss_mask_4: 0.04418  loss_dice_4: 0.7417  loss_ce_5: 0.2326  loss_mask_5: 0.03649  loss_dice_5: 0.6421  loss_ce_6: 0.218  loss_mask_6: 0.03604  loss_dice_6: 0.5829  loss_ce_7: 0.2377  loss_mask_7: 0.03359  loss_dice_7: 0.5722  loss_ce_8: 0.2298  loss_mask_8: 0.03756  loss_dice_8: 0.6577    time: 0.7643  last_time: 0.7834  data_time: 0.1260  last_data_time: 0.1260   lr: 3.714e-05  max_mem: 10274M
[03/19 15:50:13 d2.utils.events]:  eta: 2:04:46  iter: 5099  total_loss: 5.991  loss_ce: 0.01542  loss_mask: 0.04127  loss_dice: 0.5035  loss_ce_0: 0.3045  loss_mask_0: 0.05404  loss_dice_0: 0.4515  loss_ce_1: 0.01983  loss_mask_1: 0.04494  loss_dice_1: 0.4839  loss_ce_2: 0.01691  loss_mask_2: 0.04643  loss_dice_2: 0.4867  loss_ce_3: 0.01393  loss_mask_3: 0.03666  loss_dice_3: 0.5022  loss_ce_4: 0.01531  loss_mask_4: 0.04313  loss_dice_4: 0.5807  loss_ce_5: 0.0143  loss_mask_5: 0.04315  loss_dice_5: 0.5412  loss_ce_6: 0.01471  loss_mask_6: 0.04048  loss_dice_6: 0.56  loss_ce_7: 0.01454  loss_mask_7: 0.04293  loss_dice_7: 0.5343  loss_ce_8: 0.0137  loss_mask_8: 0.03993  loss_dice_8: 0.4708    time: 0.7643  last_time: 0.7374  data_time: 0.1143  last_data_time: 0.1143   lr: 3.7048e-05  max_mem: 10274M
[03/19 15:50:28 d2.utils.events]:  eta: 2:04:24  iter: 5119  total_loss: 10.79  loss_ce: 0.07254  loss_mask: 0.04841  loss_dice: 0.9645  loss_ce_0: 0.5539  loss_mask_0: 0.05096  loss_dice_0: 0.8868  loss_ce_1: 0.06311  loss_mask_1: 0.05483  loss_dice_1: 0.8493  loss_ce_2: 0.1103  loss_mask_2: 0.05247  loss_dice_2: 1.012  loss_ce_3: 0.1415  loss_mask_3: 0.05478  loss_dice_3: 0.8787  loss_ce_4: 0.0649  loss_mask_4: 0.05626  loss_dice_4: 0.9636  loss_ce_5: 0.05231  loss_mask_5: 0.05198  loss_dice_5: 0.8177  loss_ce_6: 0.07251  loss_mask_6: 0.04757  loss_dice_6: 0.7711  loss_ce_7: 0.07004  loss_mask_7: 0.05851  loss_dice_7: 1.09  loss_ce_8: 0.07281  loss_mask_8: 0.05484  loss_dice_8: 0.7513    time: 0.7642  last_time: 0.7463  data_time: 0.1260  last_data_time: 0.1260   lr: 3.6957e-05  max_mem: 10274M
[03/19 15:50:44 d2.utils.events]:  eta: 2:04:09  iter: 5139  total_loss: 12.1  loss_ce: 0.04713  loss_mask: 0.01623  loss_dice: 1.041  loss_ce_0: 1.005  loss_mask_0: 0.04513  loss_dice_0: 1.21  loss_ce_1: 0.3916  loss_mask_1: 0.01466  loss_dice_1: 0.9521  loss_ce_2: 0.1003  loss_mask_2: 0.01998  loss_dice_2: 1.218  loss_ce_3: 0.05999  loss_mask_3: 0.01417  loss_dice_3: 0.8147  loss_ce_4: 0.04943  loss_mask_4: 0.0143  loss_dice_4: 1.014  loss_ce_5: 0.05818  loss_mask_5: 0.01962  loss_dice_5: 1.047  loss_ce_6: 0.0395  loss_mask_6: 0.01239  loss_dice_6: 0.5409  loss_ce_7: 0.04813  loss_mask_7: 0.01695  loss_dice_7: 1.137  loss_ce_8: 0.06053  loss_mask_8: 0.01656  loss_dice_8: 1.074    time: 0.7642  last_time: 0.7641  data_time: 0.1517  last_data_time: 0.1517   lr: 3.6864e-05  max_mem: 10274M
[03/19 15:50:59 d2.utils.events]:  eta: 2:03:53  iter: 5159  total_loss: 8.439  loss_ce: 0.0539  loss_mask: 0.03396  loss_dice: 0.6132  loss_ce_0: 0.4962  loss_mask_0: 0.04814  loss_dice_0: 0.7331  loss_ce_1: 0.07443  loss_mask_1: 0.04233  loss_dice_1: 0.6058  loss_ce_2: 0.1147  loss_mask_2: 0.04499  loss_dice_2: 0.6614  loss_ce_3: 0.06872  loss_mask_3: 0.04356  loss_dice_3: 0.7  loss_ce_4: 0.06148  loss_mask_4: 0.03522  loss_dice_4: 0.672  loss_ce_5: 0.0616  loss_mask_5: 0.04819  loss_dice_5: 0.8141  loss_ce_6: 0.05988  loss_mask_6: 0.03845  loss_dice_6: 0.693  loss_ce_7: 0.05991  loss_mask_7: 0.03745  loss_dice_7: 0.6724  loss_ce_8: 0.05482  loss_mask_8: 0.03658  loss_dice_8: 0.7597    time: 0.7642  last_time: 0.7527  data_time: 0.1273  last_data_time: 0.1273   lr: 3.6772e-05  max_mem: 10274M
[03/19 15:51:14 d2.utils.events]:  eta: 2:03:35  iter: 5179  total_loss: 9.915  loss_ce: 0.03239  loss_mask: 0.03669  loss_dice: 0.7838  loss_ce_0: 0.6997  loss_mask_0: 0.04215  loss_dice_0: 0.9336  loss_ce_1: 0.04381  loss_mask_1: 0.0332  loss_dice_1: 0.769  loss_ce_2: 0.07596  loss_mask_2: 0.03942  loss_dice_2: 0.953  loss_ce_3: 0.07536  loss_mask_3: 0.03717  loss_dice_3: 0.8372  loss_ce_4: 0.04553  loss_mask_4: 0.03597  loss_dice_4: 0.798  loss_ce_5: 0.04967  loss_mask_5: 0.03111  loss_dice_5: 0.7952  loss_ce_6: 0.03069  loss_mask_6: 0.03508  loss_dice_6: 0.7708  loss_ce_7: 0.03387  loss_mask_7: 0.03462  loss_dice_7: 0.8274  loss_ce_8: 0.03349  loss_mask_8: 0.03863  loss_dice_8: 0.9619    time: 0.7641  last_time: 0.8254  data_time: 0.2075  last_data_time: 0.2075   lr: 3.668e-05  max_mem: 10274M
[03/19 15:51:30 d2.utils.events]:  eta: 2:03:22  iter: 5199  total_loss: 13.04  loss_ce: 0.1672  loss_mask: 0.01935  loss_dice: 1.003  loss_ce_0: 0.4039  loss_mask_0: 0.04189  loss_dice_0: 1.671  loss_ce_1: 0.2177  loss_mask_1: 0.0237  loss_dice_1: 0.3268  loss_ce_2: 0.1996  loss_mask_2: 0.0309  loss_dice_2: 1.334  loss_ce_3: 0.2102  loss_mask_3: 0.01988  loss_dice_3: 1.116  loss_ce_4: 0.1794  loss_mask_4: 0.02472  loss_dice_4: 1.054  loss_ce_5: 0.1468  loss_mask_5: 0.01766  loss_dice_5: 0.4346  loss_ce_6: 0.1774  loss_mask_6: 0.02149  loss_dice_6: 1.042  loss_ce_7: 0.1579  loss_mask_7: 0.02579  loss_dice_7: 1.345  loss_ce_8: 0.08521  loss_mask_8: 0.03412  loss_dice_8: 1.507    time: 0.7641  last_time: 0.7780  data_time: 0.1612  last_data_time: 0.1612   lr: 3.6587e-05  max_mem: 10274M
[03/19 15:51:45 d2.utils.events]:  eta: 2:03:07  iter: 5219  total_loss: 8.318  loss_ce: 0.05837  loss_mask: 0.04041  loss_dice: 0.6545  loss_ce_0: 0.4164  loss_mask_0: 0.04063  loss_dice_0: 0.6578  loss_ce_1: 0.08452  loss_mask_1: 0.04516  loss_dice_1: 0.7272  loss_ce_2: 0.05829  loss_mask_2: 0.04061  loss_dice_2: 0.7323  loss_ce_3: 0.08988  loss_mask_3: 0.05176  loss_dice_3: 0.7616  loss_ce_4: 0.08704  loss_mask_4: 0.03641  loss_dice_4: 0.5512  loss_ce_5: 0.06287  loss_mask_5: 0.03804  loss_dice_5: 0.7823  loss_ce_6: 0.05845  loss_mask_6: 0.04566  loss_dice_6: 0.6856  loss_ce_7: 0.06096  loss_mask_7: 0.03586  loss_dice_7: 0.6137  loss_ce_8: 0.05329  loss_mask_8: 0.04569  loss_dice_8: 0.7016    time: 0.7641  last_time: 0.7264  data_time: 0.1019  last_data_time: 0.1019   lr: 3.6494e-05  max_mem: 10274M
[03/19 15:52:00 d2.utils.events]:  eta: 2:02:47  iter: 5239  total_loss: 8.262  loss_ce: 0.02768  loss_mask: 0.0373  loss_dice: 0.6901  loss_ce_0: 0.6657  loss_mask_0: 0.04113  loss_dice_0: 0.6973  loss_ce_1: 0.05329  loss_mask_1: 0.03386  loss_dice_1: 0.6339  loss_ce_2: 0.04584  loss_mask_2: 0.03753  loss_dice_2: 0.6831  loss_ce_3: 0.03598  loss_mask_3: 0.03592  loss_dice_3: 0.6247  loss_ce_4: 0.03561  loss_mask_4: 0.03738  loss_dice_4: 0.6398  loss_ce_5: 0.03377  loss_mask_5: 0.03899  loss_dice_5: 0.7869  loss_ce_6: 0.02829  loss_mask_6: 0.03714  loss_dice_6: 0.6505  loss_ce_7: 0.0264  loss_mask_7: 0.04039  loss_dice_7: 0.7156  loss_ce_8: 0.02595  loss_mask_8: 0.03863  loss_dice_8: 0.7839    time: 0.7640  last_time: 0.7466  data_time: 0.1266  last_data_time: 0.1266   lr: 3.6401e-05  max_mem: 10274M
[03/19 15:52:16 d2.utils.events]:  eta: 2:02:23  iter: 5259  total_loss: 9.134  loss_ce: 0.1185  loss_mask: 0.02221  loss_dice: 0.7339  loss_ce_0: 0.4093  loss_mask_0: 0.01776  loss_dice_0: 0.6644  loss_ce_1: 0.1743  loss_mask_1: 0.01824  loss_dice_1: 0.5651  loss_ce_2: 0.1488  loss_mask_2: 0.02032  loss_dice_2: 0.6677  loss_ce_3: 0.1181  loss_mask_3: 0.01935  loss_dice_3: 0.6619  loss_ce_4: 0.1245  loss_mask_4: 0.02338  loss_dice_4: 0.8736  loss_ce_5: 0.1205  loss_mask_5: 0.02181  loss_dice_5: 0.7148  loss_ce_6: 0.1361  loss_mask_6: 0.01924  loss_dice_6: 0.9695  loss_ce_7: 0.146  loss_mask_7: 0.01356  loss_dice_7: 0.619  loss_ce_8: 0.1162  loss_mask_8: 0.02242  loss_dice_8: 0.853    time: 0.7640  last_time: 0.7221  data_time: 0.1102  last_data_time: 0.1102   lr: 3.6308e-05  max_mem: 10274M
[03/19 15:52:31 d2.utils.events]:  eta: 2:02:07  iter: 5279  total_loss: 12.33  loss_ce: 0.1311  loss_mask: 0.03316  loss_dice: 0.9407  loss_ce_0: 0.5013  loss_mask_0: 0.03732  loss_dice_0: 1.094  loss_ce_1: 0.2164  loss_mask_1: 0.03131  loss_dice_1: 0.8903  loss_ce_2: 0.3343  loss_mask_2: 0.03325  loss_dice_2: 1.012  loss_ce_3: 0.2212  loss_mask_3: 0.03785  loss_dice_3: 0.9715  loss_ce_4: 0.1912  loss_mask_4: 0.03894  loss_dice_4: 1.027  loss_ce_5: 0.2364  loss_mask_5: 0.0308  loss_dice_5: 0.9803  loss_ce_6: 0.1425  loss_mask_6: 0.03282  loss_dice_6: 1.055  loss_ce_7: 0.1307  loss_mask_7: 0.03342  loss_dice_7: 0.7569  loss_ce_8: 0.1366  loss_mask_8: 0.02896  loss_dice_8: 1.024    time: 0.7639  last_time: 0.8318  data_time: 0.1860  last_data_time: 0.1860   lr: 3.6214e-05  max_mem: 10274M
[03/19 15:52:47 d2.utils.events]:  eta: 2:01:52  iter: 5299  total_loss: 7.014  loss_ce: 0.03639  loss_mask: 0.05935  loss_dice: 0.6751  loss_ce_0: 0.3756  loss_mask_0: 0.07144  loss_dice_0: 0.5967  loss_ce_1: 0.05232  loss_mask_1: 0.04879  loss_dice_1: 0.528  loss_ce_2: 0.04965  loss_mask_2: 0.05727  loss_dice_2: 0.5321  loss_ce_3: 0.03657  loss_mask_3: 0.063  loss_dice_3: 0.6039  loss_ce_4: 0.0377  loss_mask_4: 0.06736  loss_dice_4: 0.571  loss_ce_5: 0.03258  loss_mask_5: 0.06055  loss_dice_5: 0.5626  loss_ce_6: 0.03213  loss_mask_6: 0.05312  loss_dice_6: 0.544  loss_ce_7: 0.03272  loss_mask_7: 0.04934  loss_dice_7: 0.4971  loss_ce_8: 0.0346  loss_mask_8: 0.05763  loss_dice_8: 0.5956    time: 0.7640  last_time: 0.7425  data_time: 0.1118  last_data_time: 0.1118   lr: 3.6121e-05  max_mem: 10274M
[03/19 15:53:03 d2.utils.events]:  eta: 2:01:46  iter: 5319  total_loss: 7.129  loss_ce: 0.04829  loss_mask: 0.06691  loss_dice: 0.5801  loss_ce_0: 0.4192  loss_mask_0: 0.07704  loss_dice_0: 0.6627  loss_ce_1: 0.04942  loss_mask_1: 0.06439  loss_dice_1: 0.6179  loss_ce_2: 0.06068  loss_mask_2: 0.06099  loss_dice_2: 0.5255  loss_ce_3: 0.0584  loss_mask_3: 0.06075  loss_dice_3: 0.545  loss_ce_4: 0.04958  loss_mask_4: 0.05175  loss_dice_4: 0.5254  loss_ce_5: 0.04913  loss_mask_5: 0.05954  loss_dice_5: 0.559  loss_ce_6: 0.05238  loss_mask_6: 0.05762  loss_dice_6: 0.5961  loss_ce_7: 0.04524  loss_mask_7: 0.06373  loss_dice_7: 0.556  loss_ce_8: 0.04525  loss_mask_8: 0.05799  loss_dice_8: 0.4628    time: 0.7640  last_time: 0.7580  data_time: 0.1139  last_data_time: 0.1139   lr: 3.6027e-05  max_mem: 10274M
[03/19 15:53:18 d2.utils.events]:  eta: 2:01:34  iter: 5339  total_loss: 12.23  loss_ce: 0.0593  loss_mask: 0.09076  loss_dice: 0.8635  loss_ce_0: 0.7864  loss_mask_0: 0.1089  loss_dice_0: 1.089  loss_ce_1: 0.2969  loss_mask_1: 0.08617  loss_dice_1: 0.968  loss_ce_2: 0.09876  loss_mask_2: 0.07315  loss_dice_2: 0.8929  loss_ce_3: 0.3063  loss_mask_3: 0.08906  loss_dice_3: 0.7627  loss_ce_4: 0.3716  loss_mask_4: 0.06642  loss_dice_4: 0.6776  loss_ce_5: 0.3277  loss_mask_5: 0.08648  loss_dice_5: 0.7161  loss_ce_6: 0.0585  loss_mask_6: 0.08262  loss_dice_6: 0.9091  loss_ce_7: 0.3359  loss_mask_7: 0.1005  loss_dice_7: 0.8636  loss_ce_8: 0.2388  loss_mask_8: 0.07722  loss_dice_8: 0.7433    time: 0.7641  last_time: 0.7899  data_time: 0.1603  last_data_time: 0.1603   lr: 3.5933e-05  max_mem: 10274M
[03/19 15:53:34 d2.utils.events]:  eta: 2:01:22  iter: 5359  total_loss: 9.274  loss_ce: 0.07998  loss_mask: 0.03555  loss_dice: 0.6597  loss_ce_0: 0.6184  loss_mask_0: 0.05005  loss_dice_0: 0.8832  loss_ce_1: 0.1171  loss_mask_1: 0.03741  loss_dice_1: 0.7595  loss_ce_2: 0.1438  loss_mask_2: 0.04238  loss_dice_2: 0.686  loss_ce_3: 0.09236  loss_mask_3: 0.04352  loss_dice_3: 0.7863  loss_ce_4: 0.08882  loss_mask_4: 0.03845  loss_dice_4: 0.7389  loss_ce_5: 0.0894  loss_mask_5: 0.03981  loss_dice_5: 0.7167  loss_ce_6: 0.09741  loss_mask_6: 0.03858  loss_dice_6: 0.7116  loss_ce_7: 0.09962  loss_mask_7: 0.03319  loss_dice_7: 0.6659  loss_ce_8: 0.09012  loss_mask_8: 0.04026  loss_dice_8: 0.7497    time: 0.7641  last_time: 0.8111  data_time: 0.1669  last_data_time: 0.1669   lr: 3.5838e-05  max_mem: 10274M
[03/19 15:53:50 d2.utils.events]:  eta: 2:01:06  iter: 5379  total_loss: 9.088  loss_ce: 0.3206  loss_mask: 0.02593  loss_dice: 0.4463  loss_ce_0: 0.5182  loss_mask_0: 0.05143  loss_dice_0: 0.5907  loss_ce_1: 0.3149  loss_mask_1: 0.02966  loss_dice_1: 0.6408  loss_ce_2: 0.1715  loss_mask_2: 0.02909  loss_dice_2: 0.6075  loss_ce_3: 0.3501  loss_mask_3: 0.03185  loss_dice_3: 0.5518  loss_ce_4: 0.3188  loss_mask_4: 0.03222  loss_dice_4: 0.5393  loss_ce_5: 0.3083  loss_mask_5: 0.03491  loss_dice_5: 0.597  loss_ce_6: 0.2903  loss_mask_6: 0.03063  loss_dice_6: 0.5841  loss_ce_7: 0.325  loss_mask_7: 0.02455  loss_dice_7: 0.4426  loss_ce_8: 0.3236  loss_mask_8: 0.03259  loss_dice_8: 0.5238    time: 0.7641  last_time: 0.8229  data_time: 0.1970  last_data_time: 0.1970   lr: 3.5744e-05  max_mem: 10274M
[03/19 15:54:05 d2.utils.events]:  eta: 2:00:52  iter: 5399  total_loss: 9.119  loss_ce: 0.1097  loss_mask: 0.04277  loss_dice: 0.5287  loss_ce_0: 0.5763  loss_mask_0: 0.05453  loss_dice_0: 0.8584  loss_ce_1: 0.0955  loss_mask_1: 0.04449  loss_dice_1: 0.6967  loss_ce_2: 0.1473  loss_mask_2: 0.04773  loss_dice_2: 0.7573  loss_ce_3: 0.1218  loss_mask_3: 0.03814  loss_dice_3: 0.5916  loss_ce_4: 0.1126  loss_mask_4: 0.04456  loss_dice_4: 0.6635  loss_ce_5: 0.1092  loss_mask_5: 0.03967  loss_dice_5: 0.5426  loss_ce_6: 0.1136  loss_mask_6: 0.04324  loss_dice_6: 0.7096  loss_ce_7: 0.2847  loss_mask_7: 0.0373  loss_dice_7: 0.8141  loss_ce_8: 0.1092  loss_mask_8: 0.04029  loss_dice_8: 0.7435    time: 0.7642  last_time: 0.8497  data_time: 0.2149  last_data_time: 0.2149   lr: 3.5649e-05  max_mem: 10274M
[03/19 15:54:21 d2.utils.events]:  eta: 2:00:37  iter: 5419  total_loss: 6.224  loss_ce: 0.06502  loss_mask: 0.03981  loss_dice: 0.5103  loss_ce_0: 0.5215  loss_mask_0: 0.05049  loss_dice_0: 0.5258  loss_ce_1: 0.09363  loss_mask_1: 0.03634  loss_dice_1: 0.5199  loss_ce_2: 0.03227  loss_mask_2: 0.02773  loss_dice_2: 0.4418  loss_ce_3: 0.0453  loss_mask_3: 0.03598  loss_dice_3: 0.5182  loss_ce_4: 0.0582  loss_mask_4: 0.03098  loss_dice_4: 0.4255  loss_ce_5: 0.04492  loss_mask_5: 0.03512  loss_dice_5: 0.4668  loss_ce_6: 0.0509  loss_mask_6: 0.03419  loss_dice_6: 0.4866  loss_ce_7: 0.06604  loss_mask_7: 0.03532  loss_dice_7: 0.4721  loss_ce_8: 0.06291  loss_mask_8: 0.03223  loss_dice_8: 0.458    time: 0.7642  last_time: 0.8006  data_time: 0.1620  last_data_time: 0.1620   lr: 3.5554e-05  max_mem: 10274M
[03/19 15:54:36 d2.utils.events]:  eta: 2:00:22  iter: 5439  total_loss: 10.7  loss_ce: 0.1742  loss_mask: 0.02662  loss_dice: 0.7146  loss_ce_0: 0.7262  loss_mask_0: 0.02756  loss_dice_0: 1.113  loss_ce_1: 0.2525  loss_mask_1: 0.03348  loss_dice_1: 0.7253  loss_ce_2: 0.2288  loss_mask_2: 0.02969  loss_dice_2: 0.9161  loss_ce_3: 0.2222  loss_mask_3: 0.02658  loss_dice_3: 0.6885  loss_ce_4: 0.1792  loss_mask_4: 0.02812  loss_dice_4: 0.7882  loss_ce_5: 0.1674  loss_mask_5: 0.02533  loss_dice_5: 0.8624  loss_ce_6: 0.1701  loss_mask_6: 0.02529  loss_dice_6: 0.608  loss_ce_7: 0.1851  loss_mask_7: 0.03012  loss_dice_7: 0.6268  loss_ce_8: 0.1749  loss_mask_8: 0.03301  loss_dice_8: 0.8865    time: 0.7642  last_time: 0.7860  data_time: 0.1454  last_data_time: 0.1454   lr: 3.5459e-05  max_mem: 10274M
[03/19 15:54:52 d2.utils.events]:  eta: 2:00:08  iter: 5459  total_loss: 9.21  loss_ce: 0.06221  loss_mask: 0.0406  loss_dice: 0.7741  loss_ce_0: 0.5398  loss_mask_0: 0.04167  loss_dice_0: 0.92  loss_ce_1: 0.1465  loss_mask_1: 0.03425  loss_dice_1: 0.7282  loss_ce_2: 0.07322  loss_mask_2: 0.04408  loss_dice_2: 0.7468  loss_ce_3: 0.05184  loss_mask_3: 0.03766  loss_dice_3: 0.6971  loss_ce_4: 0.06628  loss_mask_4: 0.04384  loss_dice_4: 0.7668  loss_ce_5: 0.06624  loss_mask_5: 0.04497  loss_dice_5: 0.7718  loss_ce_6: 0.05843  loss_mask_6: 0.04757  loss_dice_6: 0.7587  loss_ce_7: 0.0673  loss_mask_7: 0.03654  loss_dice_7: 0.6353  loss_ce_8: 0.06886  loss_mask_8: 0.04011  loss_dice_8: 0.7991    time: 0.7643  last_time: 0.7951  data_time: 0.1632  last_data_time: 0.1632   lr: 3.5364e-05  max_mem: 10274M
[03/19 15:55:08 d2.utils.events]:  eta: 1:59:51  iter: 5479  total_loss: 9.675  loss_ce: 0.1567  loss_mask: 0.03323  loss_dice: 0.6205  loss_ce_0: 0.9303  loss_mask_0: 0.06706  loss_dice_0: 0.9464  loss_ce_1: 0.2144  loss_mask_1: 0.03656  loss_dice_1: 0.7446  loss_ce_2: 0.2451  loss_mask_2: 0.02923  loss_dice_2: 0.5878  loss_ce_3: 0.2193  loss_mask_3: 0.02898  loss_dice_3: 0.6288  loss_ce_4: 0.2044  loss_mask_4: 0.02853  loss_dice_4: 0.6295  loss_ce_5: 0.217  loss_mask_5: 0.02555  loss_dice_5: 0.5539  loss_ce_6: 0.1862  loss_mask_6: 0.03187  loss_dice_6: 0.7131  loss_ce_7: 0.1672  loss_mask_7: 0.03129  loss_dice_7: 0.5652  loss_ce_8: 0.157  loss_mask_8: 0.02688  loss_dice_8: 0.6487    time: 0.7643  last_time: 0.7626  data_time: 0.1364  last_data_time: 0.1364   lr: 3.5269e-05  max_mem: 10274M
[03/19 15:55:24 d2.utils.events]:  eta: 1:59:36  iter: 5499  total_loss: 7.954  loss_ce: 0.03744  loss_mask: 0.04441  loss_dice: 0.6674  loss_ce_0: 0.5781  loss_mask_0: 0.04867  loss_dice_0: 0.7025  loss_ce_1: 0.06675  loss_mask_1: 0.04685  loss_dice_1: 0.6651  loss_ce_2: 0.05422  loss_mask_2: 0.04908  loss_dice_2: 0.679  loss_ce_3: 0.05409  loss_mask_3: 0.04659  loss_dice_3: 0.6216  loss_ce_4: 0.03031  loss_mask_4: 0.04271  loss_dice_4: 0.611  loss_ce_5: 0.03277  loss_mask_5: 0.04686  loss_dice_5: 0.6469  loss_ce_6: 0.03558  loss_mask_6: 0.04478  loss_dice_6: 0.6725  loss_ce_7: 0.04072  loss_mask_7: 0.04304  loss_dice_7: 0.5965  loss_ce_8: 0.03881  loss_mask_8: 0.045  loss_dice_8: 0.6645    time: 0.7643  last_time: 0.8437  data_time: 0.2028  last_data_time: 0.2028   lr: 3.5173e-05  max_mem: 10274M
[03/19 15:55:39 d2.utils.events]:  eta: 1:59:21  iter: 5519  total_loss: 8.09  loss_ce: 0.06509  loss_mask: 0.06942  loss_dice: 0.5851  loss_ce_0: 0.5021  loss_mask_0: 0.09681  loss_dice_0: 0.7061  loss_ce_1: 0.1449  loss_mask_1: 0.07045  loss_dice_1: 0.5716  loss_ce_2: 0.1059  loss_mask_2: 0.0728  loss_dice_2: 0.6084  loss_ce_3: 0.09537  loss_mask_3: 0.08144  loss_dice_3: 0.6609  loss_ce_4: 0.08408  loss_mask_4: 0.06745  loss_dice_4: 0.573  loss_ce_5: 0.07277  loss_mask_5: 0.06959  loss_dice_5: 0.6006  loss_ce_6: 0.06452  loss_mask_6: 0.06888  loss_dice_6: 0.5582  loss_ce_7: 0.05824  loss_mask_7: 0.07022  loss_dice_7: 0.6358  loss_ce_8: 0.06102  loss_mask_8: 0.06907  loss_dice_8: 0.6001    time: 0.7643  last_time: 0.8218  data_time: 0.1086  last_data_time: 0.1086   lr: 3.5077e-05  max_mem: 10274M
[03/19 15:55:54 d2.utils.events]:  eta: 1:59:06  iter: 5539  total_loss: 8.98  loss_ce: 0.09501  loss_mask: 0.03108  loss_dice: 0.5721  loss_ce_0: 0.7553  loss_mask_0: 0.03359  loss_dice_0: 0.7973  loss_ce_1: 0.1425  loss_mask_1: 0.03856  loss_dice_1: 0.7939  loss_ce_2: 0.1336  loss_mask_2: 0.02728  loss_dice_2: 0.5562  loss_ce_3: 0.1178  loss_mask_3: 0.03429  loss_dice_3: 0.7127  loss_ce_4: 0.1187  loss_mask_4: 0.03548  loss_dice_4: 0.7272  loss_ce_5: 0.1043  loss_mask_5: 0.03657  loss_dice_5: 0.7571  loss_ce_6: 0.09685  loss_mask_6: 0.03557  loss_dice_6: 0.714  loss_ce_7: 0.1009  loss_mask_7: 0.03405  loss_dice_7: 0.6968  loss_ce_8: 0.1011  loss_mask_8: 0.02888  loss_dice_8: 0.5516    time: 0.7643  last_time: 0.7828  data_time: 0.1501  last_data_time: 0.1501   lr: 3.4982e-05  max_mem: 10274M
[03/19 15:56:10 d2.utils.events]:  eta: 1:58:50  iter: 5559  total_loss: 6.936  loss_ce: 0.03403  loss_mask: 0.03292  loss_dice: 0.4654  loss_ce_0: 0.9277  loss_mask_0: 0.06653  loss_dice_0: 0.7436  loss_ce_1: 0.08702  loss_mask_1: 0.03634  loss_dice_1: 0.4569  loss_ce_2: 0.09342  loss_mask_2: 0.03472  loss_dice_2: 0.4848  loss_ce_3: 0.07641  loss_mask_3: 0.03289  loss_dice_3: 0.4773  loss_ce_4: 0.05505  loss_mask_4: 0.03467  loss_dice_4: 0.5223  loss_ce_5: 0.04089  loss_mask_5: 0.03656  loss_dice_5: 0.4796  loss_ce_6: 0.03845  loss_mask_6: 0.03658  loss_dice_6: 0.5127  loss_ce_7: 0.0344  loss_mask_7: 0.03735  loss_dice_7: 0.5179  loss_ce_8: 0.03559  loss_mask_8: 0.03478  loss_dice_8: 0.4692    time: 0.7643  last_time: 0.8601  data_time: 0.2312  last_data_time: 0.2312   lr: 3.4885e-05  max_mem: 10274M
[03/19 15:56:25 d2.utils.events]:  eta: 1:58:26  iter: 5579  total_loss: 13.72  loss_ce: 0.4277  loss_mask: 0.04434  loss_dice: 0.6647  loss_ce_0: 1.394  loss_mask_0: 0.2465  loss_dice_0: 1.519  loss_ce_1: 0.518  loss_mask_1: 0.05072  loss_dice_1: 0.7875  loss_ce_2: 0.514  loss_mask_2: 0.04489  loss_dice_2: 0.8602  loss_ce_3: 0.3221  loss_mask_3: 0.04658  loss_dice_3: 0.6439  loss_ce_4: 0.3451  loss_mask_4: 0.04683  loss_dice_4: 0.6921  loss_ce_5: 0.3721  loss_mask_5: 0.04833  loss_dice_5: 0.5879  loss_ce_6: 0.4124  loss_mask_6: 0.05009  loss_dice_6: 0.5792  loss_ce_7: 0.443  loss_mask_7: 0.05007  loss_dice_7: 0.6338  loss_ce_8: 0.4158  loss_mask_8: 0.05314  loss_dice_8: 0.907    time: 0.7643  last_time: 0.8718  data_time: 0.2365  last_data_time: 0.2365   lr: 3.4789e-05  max_mem: 10274M
[03/19 15:56:41 d2.utils.events]:  eta: 1:58:10  iter: 5599  total_loss: 14.04  loss_ce: 0.2509  loss_mask: 0.05704  loss_dice: 1.007  loss_ce_0: 1.038  loss_mask_0: 0.07154  loss_dice_0: 1.174  loss_ce_1: 0.3004  loss_mask_1: 0.06134  loss_dice_1: 0.9484  loss_ce_2: 0.2192  loss_mask_2: 0.05292  loss_dice_2: 0.8663  loss_ce_3: 0.1572  loss_mask_3: 0.06339  loss_dice_3: 1.172  loss_ce_4: 0.1921  loss_mask_4: 0.05943  loss_dice_4: 1.059  loss_ce_5: 0.2677  loss_mask_5: 0.06191  loss_dice_5: 0.9895  loss_ce_6: 0.2311  loss_mask_6: 0.06072  loss_dice_6: 1.155  loss_ce_7: 0.2702  loss_mask_7: 0.06353  loss_dice_7: 0.9269  loss_ce_8: 0.2575  loss_mask_8: 0.05316  loss_dice_8: 0.9505    time: 0.7643  last_time: 0.7630  data_time: 0.1289  last_data_time: 0.1289   lr: 3.4693e-05  max_mem: 10274M
[03/19 15:56:57 d2.utils.events]:  eta: 1:57:57  iter: 5619  total_loss: 7.486  loss_ce: 0.04243  loss_mask: 0.04025  loss_dice: 0.5571  loss_ce_0: 0.6063  loss_mask_0: 0.05744  loss_dice_0: 0.7131  loss_ce_1: 0.05741  loss_mask_1: 0.03449  loss_dice_1: 0.4551  loss_ce_2: 0.07125  loss_mask_2: 0.03749  loss_dice_2: 0.5839  loss_ce_3: 0.06212  loss_mask_3: 0.04172  loss_dice_3: 0.5597  loss_ce_4: 0.05046  loss_mask_4: 0.04275  loss_dice_4: 0.5754  loss_ce_5: 0.04819  loss_mask_5: 0.04423  loss_dice_5: 0.6904  loss_ce_6: 0.04988  loss_mask_6: 0.04076  loss_dice_6: 0.6517  loss_ce_7: 0.04898  loss_mask_7: 0.03962  loss_dice_7: 0.6162  loss_ce_8: 0.04506  loss_mask_8: 0.04174  loss_dice_8: 0.5805    time: 0.7643  last_time: 0.9333  data_time: 0.3164  last_data_time: 0.3164   lr: 3.4596e-05  max_mem: 10274M
[03/19 15:57:12 d2.utils.events]:  eta: 1:57:39  iter: 5639  total_loss: 8.497  loss_ce: 0.1061  loss_mask: 0.03694  loss_dice: 0.5613  loss_ce_0: 0.9073  loss_mask_0: 0.04553  loss_dice_0: 0.6451  loss_ce_1: 0.1685  loss_mask_1: 0.04495  loss_dice_1: 0.7484  loss_ce_2: 0.2269  loss_mask_2: 0.03936  loss_dice_2: 0.6171  loss_ce_3: 0.1855  loss_mask_3: 0.03573  loss_dice_3: 0.572  loss_ce_4: 0.1289  loss_mask_4: 0.03474  loss_dice_4: 0.5231  loss_ce_5: 0.1113  loss_mask_5: 0.03567  loss_dice_5: 0.5682  loss_ce_6: 0.1113  loss_mask_6: 0.03744  loss_dice_6: 0.5648  loss_ce_7: 0.1114  loss_mask_7: 0.04194  loss_dice_7: 0.6065  loss_ce_8: 0.1092  loss_mask_8: 0.03498  loss_dice_8: 0.5365    time: 0.7643  last_time: 0.8945  data_time: 0.2653  last_data_time: 0.2653   lr: 3.4499e-05  max_mem: 10274M
[03/19 15:57:28 d2.utils.events]:  eta: 1:57:25  iter: 5659  total_loss: 12.58  loss_ce: 0.2377  loss_mask: 0.04151  loss_dice: 1.103  loss_ce_0: 0.3242  loss_mask_0: 0.03596  loss_dice_0: 0.6626  loss_ce_1: 0.1858  loss_mask_1: 0.04017  loss_dice_1: 1.121  loss_ce_2: 0.1476  loss_mask_2: 0.04131  loss_dice_2: 1.112  loss_ce_3: 0.3425  loss_mask_3: 0.04705  loss_dice_3: 1.188  loss_ce_4: 0.2624  loss_mask_4: 0.0382  loss_dice_4: 0.914  loss_ce_5: 0.2052  loss_mask_5: 0.04115  loss_dice_5: 0.6553  loss_ce_6: 0.2073  loss_mask_6: 0.03767  loss_dice_6: 0.9035  loss_ce_7: 0.1971  loss_mask_7: 0.03784  loss_dice_7: 1.18  loss_ce_8: 0.1996  loss_mask_8: 0.03922  loss_dice_8: 1.033    time: 0.7642  last_time: 0.7090  data_time: 0.0812  last_data_time: 0.0812   lr: 3.4402e-05  max_mem: 10274M
[03/19 15:57:43 d2.utils.events]:  eta: 1:57:10  iter: 5679  total_loss: 8.737  loss_ce: 0.02797  loss_mask: 0.04661  loss_dice: 0.6906  loss_ce_0: 0.6726  loss_mask_0: 0.06256  loss_dice_0: 1.052  loss_ce_1: 0.05785  loss_mask_1: 0.05484  loss_dice_1: 0.7944  loss_ce_2: 0.09702  loss_mask_2: 0.04372  loss_dice_2: 0.6176  loss_ce_3: 0.02527  loss_mask_3: 0.04448  loss_dice_3: 0.6085  loss_ce_4: 0.04532  loss_mask_4: 0.03696  loss_dice_4: 0.5904  loss_ce_5: 0.02584  loss_mask_5: 0.04179  loss_dice_5: 0.7046  loss_ce_6: 0.02272  loss_mask_6: 0.04786  loss_dice_6: 0.7152  loss_ce_7: 0.0217  loss_mask_7: 0.04822  loss_dice_7: 0.7873  loss_ce_8: 0.02055  loss_mask_8: 0.04628  loss_dice_8: 0.6863    time: 0.7642  last_time: 0.7681  data_time: 0.1420  last_data_time: 0.1420   lr: 3.4305e-05  max_mem: 10274M
[03/19 15:57:58 d2.utils.events]:  eta: 1:56:54  iter: 5699  total_loss: 5.653  loss_ce: 0.04668  loss_mask: 0.04442  loss_dice: 0.4345  loss_ce_0: 0.4618  loss_mask_0: 0.1014  loss_dice_0: 0.745  loss_ce_1: 0.08947  loss_mask_1: 0.04992  loss_dice_1: 0.4184  loss_ce_2: 0.05312  loss_mask_2: 0.04364  loss_dice_2: 0.3385  loss_ce_3: 0.04899  loss_mask_3: 0.03978  loss_dice_3: 0.3586  loss_ce_4: 0.04346  loss_mask_4: 0.03995  loss_dice_4: 0.3502  loss_ce_5: 0.04065  loss_mask_5: 0.04453  loss_dice_5: 0.3787  loss_ce_6: 0.04679  loss_mask_6: 0.04619  loss_dice_6: 0.4142  loss_ce_7: 0.04991  loss_mask_7: 0.04827  loss_dice_7: 0.3968  loss_ce_8: 0.04717  loss_mask_8: 0.04343  loss_dice_8: 0.388    time: 0.7642  last_time: 0.7460  data_time: 0.1296  last_data_time: 0.1296   lr: 3.4208e-05  max_mem: 10274M
[03/19 15:58:14 d2.utils.events]:  eta: 1:56:34  iter: 5719  total_loss: 11.57  loss_ce: 0.2664  loss_mask: 0.05268  loss_dice: 0.8649  loss_ce_0: 0.5055  loss_mask_0: 0.06092  loss_dice_0: 1.075  loss_ce_1: 0.3936  loss_mask_1: 0.05232  loss_dice_1: 0.8048  loss_ce_2: 0.4015  loss_mask_2: 0.05221  loss_dice_2: 0.724  loss_ce_3: 0.2792  loss_mask_3: 0.05009  loss_dice_3: 0.6886  loss_ce_4: 0.2577  loss_mask_4: 0.04466  loss_dice_4: 0.7299  loss_ce_5: 0.2502  loss_mask_5: 0.04497  loss_dice_5: 0.7618  loss_ce_6: 0.3228  loss_mask_6: 0.04896  loss_dice_6: 0.8046  loss_ce_7: 0.2806  loss_mask_7: 0.04825  loss_dice_7: 0.6586  loss_ce_8: 0.2821  loss_mask_8: 0.04435  loss_dice_8: 0.7158    time: 0.7642  last_time: 0.6954  data_time: 0.0687  last_data_time: 0.0687   lr: 3.4111e-05  max_mem: 10274M
[03/19 15:58:29 d2.utils.events]:  eta: 1:56:19  iter: 5739  total_loss: 7.01  loss_ce: 0.05552  loss_mask: 0.02563  loss_dice: 0.5577  loss_ce_0: 0.3478  loss_mask_0: 0.04495  loss_dice_0: 0.8134  loss_ce_1: 0.07247  loss_mask_1: 0.02907  loss_dice_1: 0.5051  loss_ce_2: 0.06043  loss_mask_2: 0.03406  loss_dice_2: 0.6498  loss_ce_3: 0.0651  loss_mask_3: 0.03119  loss_dice_3: 0.5252  loss_ce_4: 0.05725  loss_mask_4: 0.02809  loss_dice_4: 0.574  loss_ce_5: 0.04691  loss_mask_5: 0.03028  loss_dice_5: 0.5698  loss_ce_6: 0.05045  loss_mask_6: 0.03021  loss_dice_6: 0.5936  loss_ce_7: 0.05028  loss_mask_7: 0.02718  loss_dice_7: 0.4725  loss_ce_8: 0.05314  loss_mask_8: 0.02835  loss_dice_8: 0.5805    time: 0.7641  last_time: 0.7620  data_time: 0.1226  last_data_time: 0.1226   lr: 3.4013e-05  max_mem: 10274M
[03/19 15:58:44 d2.utils.events]:  eta: 1:56:04  iter: 5759  total_loss: 9.065  loss_ce: 0.06931  loss_mask: 0.07557  loss_dice: 0.6843  loss_ce_0: 0.6358  loss_mask_0: 0.1234  loss_dice_0: 1.047  loss_ce_1: 0.0731  loss_mask_1: 0.06879  loss_dice_1: 0.5561  loss_ce_2: 0.104  loss_mask_2: 0.07342  loss_dice_2: 0.5583  loss_ce_3: 0.06645  loss_mask_3: 0.08444  loss_dice_3: 0.7383  loss_ce_4: 0.06948  loss_mask_4: 0.07457  loss_dice_4: 0.6963  loss_ce_5: 0.06553  loss_mask_5: 0.08868  loss_dice_5: 0.6957  loss_ce_6: 0.06401  loss_mask_6: 0.08364  loss_dice_6: 0.6648  loss_ce_7: 0.07202  loss_mask_7: 0.08746  loss_dice_7: 0.6713  loss_ce_8: 0.0664  loss_mask_8: 0.07778  loss_dice_8: 0.6295    time: 0.7641  last_time: 0.7482  data_time: 0.1219  last_data_time: 0.1219   lr: 3.3915e-05  max_mem: 10274M
[03/19 15:59:00 d2.utils.events]:  eta: 1:55:43  iter: 5779  total_loss: 11.58  loss_ce: 0.1389  loss_mask: 0.04721  loss_dice: 0.8498  loss_ce_0: 0.6223  loss_mask_0: 0.04494  loss_dice_0: 1.118  loss_ce_1: 0.2464  loss_mask_1: 0.04479  loss_dice_1: 0.9044  loss_ce_2: 0.1334  loss_mask_2: 0.04636  loss_dice_2: 0.8364  loss_ce_3: 0.1105  loss_mask_3: 0.0432  loss_dice_3: 0.6761  loss_ce_4: 0.1248  loss_mask_4: 0.04297  loss_dice_4: 0.7945  loss_ce_5: 0.1521  loss_mask_5: 0.03979  loss_dice_5: 0.9271  loss_ce_6: 0.388  loss_mask_6: 0.04728  loss_dice_6: 0.971  loss_ce_7: 0.1589  loss_mask_7: 0.04529  loss_dice_7: 0.98  loss_ce_8: 0.1538  loss_mask_8: 0.04378  loss_dice_8: 0.8533    time: 0.7641  last_time: 0.7530  data_time: 0.1205  last_data_time: 0.1205   lr: 3.3817e-05  max_mem: 10274M
[03/19 15:59:15 d2.utils.events]:  eta: 1:55:27  iter: 5799  total_loss: 6.695  loss_ce: 0.04047  loss_mask: 0.05276  loss_dice: 0.5266  loss_ce_0: 0.3116  loss_mask_0: 0.05829  loss_dice_0: 0.5777  loss_ce_1: 0.07334  loss_mask_1: 0.05382  loss_dice_1: 0.5496  loss_ce_2: 0.06143  loss_mask_2: 0.05382  loss_dice_2: 0.5035  loss_ce_3: 0.05157  loss_mask_3: 0.04961  loss_dice_3: 0.5765  loss_ce_4: 0.04602  loss_mask_4: 0.05761  loss_dice_4: 0.5657  loss_ce_5: 0.04665  loss_mask_5: 0.06158  loss_dice_5: 0.5419  loss_ce_6: 0.04374  loss_mask_6: 0.04978  loss_dice_6: 0.4542  loss_ce_7: 0.04638  loss_mask_7: 0.0548  loss_dice_7: 0.578  loss_ce_8: 0.04469  loss_mask_8: 0.05188  loss_dice_8: 0.5116    time: 0.7640  last_time: 0.8585  data_time: 0.2470  last_data_time: 0.2470   lr: 3.3719e-05  max_mem: 10274M
[03/19 15:59:30 d2.utils.events]:  eta: 1:55:11  iter: 5819  total_loss: 7.525  loss_ce: 0.03018  loss_mask: 0.04109  loss_dice: 0.6576  loss_ce_0: 0.6519  loss_mask_0: 0.0524  loss_dice_0: 0.8028  loss_ce_1: 0.04145  loss_mask_1: 0.03334  loss_dice_1: 0.5886  loss_ce_2: 0.05898  loss_mask_2: 0.03683  loss_dice_2: 0.6308  loss_ce_3: 0.04495  loss_mask_3: 0.0317  loss_dice_3: 0.5819  loss_ce_4: 0.04903  loss_mask_4: 0.02903  loss_dice_4: 0.5532  loss_ce_5: 0.05241  loss_mask_5: 0.03001  loss_dice_5: 0.548  loss_ce_6: 0.05774  loss_mask_6: 0.0341  loss_dice_6: 0.6192  loss_ce_7: 0.05073  loss_mask_7: 0.03341  loss_dice_7: 0.5623  loss_ce_8: 0.03236  loss_mask_8: 0.03164  loss_dice_8: 0.5569    time: 0.7640  last_time: 0.7782  data_time: 0.1566  last_data_time: 0.1566   lr: 3.3621e-05  max_mem: 10274M
[03/19 15:59:46 d2.utils.events]:  eta: 1:54:53  iter: 5839  total_loss: 13.96  loss_ce: 0.06763  loss_mask: 0.0544  loss_dice: 1.135  loss_ce_0: 0.8664  loss_mask_0: 0.0363  loss_dice_0: 0.8998  loss_ce_1: 0.227  loss_mask_1: 0.05718  loss_dice_1: 1.369  loss_ce_2: 0.2185  loss_mask_2: 0.04602  loss_dice_2: 1.285  loss_ce_3: 0.08441  loss_mask_3: 0.05767  loss_dice_3: 1.116  loss_ce_4: 0.266  loss_mask_4: 0.05075  loss_dice_4: 1.144  loss_ce_5: 0.2423  loss_mask_5: 0.0496  loss_dice_5: 0.9862  loss_ce_6: 0.245  loss_mask_6: 0.05563  loss_dice_6: 0.9669  loss_ce_7: 0.2442  loss_mask_7: 0.04161  loss_dice_7: 0.9157  loss_ce_8: 0.4314  loss_mask_8: 0.03369  loss_dice_8: 0.7668    time: 0.7639  last_time: 0.7660  data_time: 0.1442  last_data_time: 0.1442   lr: 3.3523e-05  max_mem: 10274M
[03/19 16:00:01 d2.utils.events]:  eta: 1:54:38  iter: 5859  total_loss: 10.61  loss_ce: 0.1852  loss_mask: 0.04971  loss_dice: 0.8759  loss_ce_0: 0.8047  loss_mask_0: 0.05565  loss_dice_0: 0.7849  loss_ce_1: 0.1809  loss_mask_1: 0.05448  loss_dice_1: 0.8202  loss_ce_2: 0.328  loss_mask_2: 0.04693  loss_dice_2: 0.754  loss_ce_3: 0.2144  loss_mask_3: 0.04249  loss_dice_3: 0.5737  loss_ce_4: 0.06082  loss_mask_4: 0.05  loss_dice_4: 0.7499  loss_ce_5: 0.06847  loss_mask_5: 0.05116  loss_dice_5: 0.843  loss_ce_6: 0.1288  loss_mask_6: 0.04686  loss_dice_6: 0.959  loss_ce_7: 0.1845  loss_mask_7: 0.04504  loss_dice_7: 0.746  loss_ce_8: 0.1755  loss_mask_8: 0.04407  loss_dice_8: 0.6873    time: 0.7639  last_time: 0.8088  data_time: 0.1855  last_data_time: 0.1855   lr: 3.3424e-05  max_mem: 10274M
[03/19 16:00:16 d2.utils.events]:  eta: 1:54:21  iter: 5879  total_loss: 10.43  loss_ce: 0.04837  loss_mask: 0.0481  loss_dice: 0.8766  loss_ce_0: 0.6415  loss_mask_0: 0.05275  loss_dice_0: 1.054  loss_ce_1: 0.1783  loss_mask_1: 0.04342  loss_dice_1: 0.8459  loss_ce_2: 0.07019  loss_mask_2: 0.04412  loss_dice_2: 0.8289  loss_ce_3: 0.05411  loss_mask_3: 0.05121  loss_dice_3: 0.8777  loss_ce_4: 0.136  loss_mask_4: 0.04016  loss_dice_4: 0.7234  loss_ce_5: 0.04792  loss_mask_5: 0.04799  loss_dice_5: 0.8306  loss_ce_6: 0.04588  loss_mask_6: 0.04306  loss_dice_6: 0.8297  loss_ce_7: 0.1949  loss_mask_7: 0.0405  loss_dice_7: 0.8673  loss_ce_8: 0.05165  loss_mask_8: 0.04866  loss_dice_8: 0.7675    time: 0.7638  last_time: 0.7638  data_time: 0.1329  last_data_time: 0.1329   lr: 3.3325e-05  max_mem: 10274M
[03/19 16:00:32 d2.utils.events]:  eta: 1:54:06  iter: 5899  total_loss: 7.09  loss_ce: 0.04852  loss_mask: 0.04286  loss_dice: 0.6035  loss_ce_0: 0.4223  loss_mask_0: 0.04968  loss_dice_0: 0.729  loss_ce_1: 0.05617  loss_mask_1: 0.03819  loss_dice_1: 0.5181  loss_ce_2: 0.07926  loss_mask_2: 0.04156  loss_dice_2: 0.6027  loss_ce_3: 0.06344  loss_mask_3: 0.039  loss_dice_3: 0.543  loss_ce_4: 0.0543  loss_mask_4: 0.03507  loss_dice_4: 0.544  loss_ce_5: 0.05478  loss_mask_5: 0.04161  loss_dice_5: 0.5469  loss_ce_6: 0.05314  loss_mask_6: 0.04185  loss_dice_6: 0.5687  loss_ce_7: 0.05039  loss_mask_7: 0.03958  loss_dice_7: 0.5375  loss_ce_8: 0.05126  loss_mask_8: 0.0396  loss_dice_8: 0.5544    time: 0.7638  last_time: 0.7881  data_time: 0.1547  last_data_time: 0.1547   lr: 3.3227e-05  max_mem: 10274M
[03/19 16:00:47 d2.utils.events]:  eta: 1:53:50  iter: 5919  total_loss: 12.16  loss_ce: 0.08983  loss_mask: 0.0411  loss_dice: 1.04  loss_ce_0: 0.6836  loss_mask_0: 0.06482  loss_dice_0: 1.26  loss_ce_1: 0.1335  loss_mask_1: 0.04802  loss_dice_1: 1.041  loss_ce_2: 0.1053  loss_mask_2: 0.04062  loss_dice_2: 0.9617  loss_ce_3: 0.08936  loss_mask_3: 0.04245  loss_dice_3: 0.9718  loss_ce_4: 0.09832  loss_mask_4: 0.03692  loss_dice_4: 0.8586  loss_ce_5: 0.09523  loss_mask_5: 0.04649  loss_dice_5: 0.9687  loss_ce_6: 0.09419  loss_mask_6: 0.04345  loss_dice_6: 0.9806  loss_ce_7: 0.09153  loss_mask_7: 0.03907  loss_dice_7: 0.9268  loss_ce_8: 0.2573  loss_mask_8: 0.04603  loss_dice_8: 0.9669    time: 0.7639  last_time: 0.7935  data_time: 0.1521  last_data_time: 0.1521   lr: 3.3128e-05  max_mem: 10274M
[03/19 16:01:03 d2.utils.events]:  eta: 1:53:37  iter: 5939  total_loss: 9.435  loss_ce: 0.08805  loss_mask: 0.03039  loss_dice: 0.7911  loss_ce_0: 0.4176  loss_mask_0: 0.03152  loss_dice_0: 0.9437  loss_ce_1: 0.08805  loss_mask_1: 0.02859  loss_dice_1: 0.7659  loss_ce_2: 0.1298  loss_mask_2: 0.02795  loss_dice_2: 0.6884  loss_ce_3: 0.09925  loss_mask_3: 0.03094  loss_dice_3: 0.6987  loss_ce_4: 0.09226  loss_mask_4: 0.03629  loss_dice_4: 0.787  loss_ce_5: 0.09498  loss_mask_5: 0.03539  loss_dice_5: 0.781  loss_ce_6: 0.08308  loss_mask_6: 0.02908  loss_dice_6: 0.7608  loss_ce_7: 0.08747  loss_mask_7: 0.03676  loss_dice_7: 0.9045  loss_ce_8: 0.08435  loss_mask_8: 0.02672  loss_dice_8: 0.7355    time: 0.7640  last_time: 0.7131  data_time: 0.0764  last_data_time: 0.0764   lr: 3.3029e-05  max_mem: 10274M
[03/19 16:01:19 d2.utils.events]:  eta: 1:53:28  iter: 5959  total_loss: 9.165  loss_ce: 0.1086  loss_mask: 0.05757  loss_dice: 0.6869  loss_ce_0: 0.5552  loss_mask_0: 0.07358  loss_dice_0: 0.8162  loss_ce_1: 0.1758  loss_mask_1: 0.06986  loss_dice_1: 0.6957  loss_ce_2: 0.1085  loss_mask_2: 0.06499  loss_dice_2: 0.6405  loss_ce_3: 0.105  loss_mask_3: 0.06031  loss_dice_3: 0.6436  loss_ce_4: 0.1065  loss_mask_4: 0.05774  loss_dice_4: 0.6907  loss_ce_5: 0.1143  loss_mask_5: 0.05805  loss_dice_5: 0.6276  loss_ce_6: 0.1212  loss_mask_6: 0.06094  loss_dice_6: 0.6663  loss_ce_7: 0.1222  loss_mask_7: 0.06409  loss_dice_7: 0.7339  loss_ce_8: 0.1141  loss_mask_8: 0.06357  loss_dice_8: 0.7018    time: 0.7641  last_time: 0.9047  data_time: 0.1529  last_data_time: 0.1529   lr: 3.2929e-05  max_mem: 10274M
[03/19 16:01:35 d2.utils.events]:  eta: 1:53:15  iter: 5979  total_loss: 11.97  loss_ce: 0.0292  loss_mask: 0.1019  loss_dice: 0.8154  loss_ce_0: 0.8248  loss_mask_0: 0.1597  loss_dice_0: 1.248  loss_ce_1: 0.1648  loss_mask_1: 0.1273  loss_dice_1: 0.92  loss_ce_2: 0.03508  loss_mask_2: 0.09217  loss_dice_2: 0.8721  loss_ce_3: 0.02983  loss_mask_3: 0.09458  loss_dice_3: 0.9286  loss_ce_4: 0.3391  loss_mask_4: 0.101  loss_dice_4: 0.9177  loss_ce_5: 0.2586  loss_mask_5: 0.08475  loss_dice_5: 0.7688  loss_ce_6: 0.03243  loss_mask_6: 0.0911  loss_dice_6: 0.8513  loss_ce_7: 0.03154  loss_mask_7: 0.09612  loss_dice_7: 0.9545  loss_ce_8: 0.03115  loss_mask_8: 0.09462  loss_dice_8: 0.8727    time: 0.7641  last_time: 0.8675  data_time: 0.2396  last_data_time: 0.2396   lr: 3.283e-05  max_mem: 10274M
[03/19 16:01:51 d2.utils.events]:  eta: 1:53:01  iter: 5999  total_loss: 12.53  loss_ce: 0.1591  loss_mask: 0.04887  loss_dice: 0.9003  loss_ce_0: 0.907  loss_mask_0: 0.074  loss_dice_0: 1.071  loss_ce_1: 0.2361  loss_mask_1: 0.0446  loss_dice_1: 0.9323  loss_ce_2: 0.3386  loss_mask_2: 0.06342  loss_dice_2: 0.9631  loss_ce_3: 0.1811  loss_mask_3: 0.04646  loss_dice_3: 0.7402  loss_ce_4: 0.3093  loss_mask_4: 0.05152  loss_dice_4: 0.9745  loss_ce_5: 0.2422  loss_mask_5: 0.04039  loss_dice_5: 0.8409  loss_ce_6: 0.1569  loss_mask_6: 0.0489  loss_dice_6: 0.8481  loss_ce_7: 0.1814  loss_mask_7: 0.05395  loss_dice_7: 0.9388  loss_ce_8: 0.1635  loss_mask_8: 0.05213  loss_dice_8: 0.9197    time: 0.7641  last_time: 0.8337  data_time: 0.1837  last_data_time: 0.1837   lr: 3.273e-05  max_mem: 10274M
[03/19 16:02:06 d2.utils.events]:  eta: 1:52:42  iter: 6019  total_loss: 12.95  loss_ce: 0.4331  loss_mask: 0.1556  loss_dice: 0.9218  loss_ce_0: 0.8023  loss_mask_0: 0.3487  loss_dice_0: 0.9046  loss_ce_1: 0.05894  loss_mask_1: 0.2024  loss_dice_1: 0.8338  loss_ce_2: 0.2375  loss_mask_2: 0.2669  loss_dice_2: 0.8154  loss_ce_3: 0.2021  loss_mask_3: 0.1101  loss_dice_3: 0.8191  loss_ce_4: 0.3166  loss_mask_4: 0.1262  loss_dice_4: 0.7788  loss_ce_5: 0.2929  loss_mask_5: 0.1087  loss_dice_5: 0.7176  loss_ce_6: 0.27  loss_mask_6: 0.1318  loss_dice_6: 0.6898  loss_ce_7: 0.3226  loss_mask_7: 0.155  loss_dice_7: 0.7294  loss_ce_8: 0.3353  loss_mask_8: 0.1698  loss_dice_8: 0.6936    time: 0.7641  last_time: 0.8005  data_time: 0.1677  last_data_time: 0.1677   lr: 3.2631e-05  max_mem: 10274M
[03/19 16:02:22 d2.utils.events]:  eta: 1:52:32  iter: 6039  total_loss: 8.859  loss_ce: 0.06288  loss_mask: 0.06225  loss_dice: 0.6442  loss_ce_0: 0.5597  loss_mask_0: 0.08903  loss_dice_0: 0.9616  loss_ce_1: 0.1416  loss_mask_1: 0.06363  loss_dice_1: 0.7079  loss_ce_2: 0.0861  loss_mask_2: 0.0552  loss_dice_2: 0.65  loss_ce_3: 0.09014  loss_mask_3: 0.05908  loss_dice_3: 0.639  loss_ce_4: 0.07097  loss_mask_4: 0.05496  loss_dice_4: 0.6365  loss_ce_5: 0.06636  loss_mask_5: 0.05156  loss_dice_5: 0.637  loss_ce_6: 0.06134  loss_mask_6: 0.06054  loss_dice_6: 0.7258  loss_ce_7: 0.06044  loss_mask_7: 0.05717  loss_dice_7: 0.6598  loss_ce_8: 0.05833  loss_mask_8: 0.05783  loss_dice_8: 0.7282    time: 0.7642  last_time: 0.7626  data_time: 0.1321  last_data_time: 0.1321   lr: 3.2531e-05  max_mem: 10274M
[03/19 16:02:37 d2.utils.events]:  eta: 1:52:17  iter: 6059  total_loss: 4.625  loss_ce: 0.01565  loss_mask: 0.04527  loss_dice: 0.3835  loss_ce_0: 0.3862  loss_mask_0: 0.05973  loss_dice_0: 0.4528  loss_ce_1: 0.01465  loss_mask_1: 0.04348  loss_dice_1: 0.3344  loss_ce_2: 0.01771  loss_mask_2: 0.03956  loss_dice_2: 0.3466  loss_ce_3: 0.01435  loss_mask_3: 0.03998  loss_dice_3: 0.3174  loss_ce_4: 0.0172  loss_mask_4: 0.04512  loss_dice_4: 0.3817  loss_ce_5: 0.01723  loss_mask_5: 0.04092  loss_dice_5: 0.3072  loss_ce_6: 0.0175  loss_mask_6: 0.04444  loss_dice_6: 0.345  loss_ce_7: 0.02073  loss_mask_7: 0.03902  loss_dice_7: 0.3171  loss_ce_8: 0.01654  loss_mask_8: 0.04435  loss_dice_8: 0.4599    time: 0.7641  last_time: 0.7738  data_time: 0.1480  last_data_time: 0.1480   lr: 3.2431e-05  max_mem: 10274M
[03/19 16:02:53 d2.utils.events]:  eta: 1:52:03  iter: 6079  total_loss: 7.789  loss_ce: 0.06072  loss_mask: 0.04836  loss_dice: 0.6318  loss_ce_0: 0.636  loss_mask_0: 0.03784  loss_dice_0: 0.5792  loss_ce_1: 0.1312  loss_mask_1: 0.04274  loss_dice_1: 0.589  loss_ce_2: 0.06888  loss_mask_2: 0.03397  loss_dice_2: 0.5204  loss_ce_3: 0.07612  loss_mask_3: 0.03974  loss_dice_3: 0.5624  loss_ce_4: 0.08049  loss_mask_4: 0.04031  loss_dice_4: 0.5377  loss_ce_5: 0.06374  loss_mask_5: 0.03734  loss_dice_5: 0.5418  loss_ce_6: 0.3334  loss_mask_6: 0.0408  loss_dice_6: 0.6267  loss_ce_7: 0.06154  loss_mask_7: 0.04221  loss_dice_7: 0.6135  loss_ce_8: 0.05239  loss_mask_8: 0.03879  loss_dice_8: 0.6202    time: 0.7642  last_time: 0.7746  data_time: 0.1600  last_data_time: 0.1600   lr: 3.2331e-05  max_mem: 10274M
[03/19 16:03:08 d2.utils.events]:  eta: 1:51:46  iter: 6099  total_loss: 12.19  loss_ce: 0.2729  loss_mask: 0.08356  loss_dice: 0.7275  loss_ce_0: 1.242  loss_mask_0: 0.09795  loss_dice_0: 0.8926  loss_ce_1: 0.2068  loss_mask_1: 0.06438  loss_dice_1: 0.7631  loss_ce_2: 0.396  loss_mask_2: 0.04854  loss_dice_2: 0.7074  loss_ce_3: 0.2907  loss_mask_3: 0.08789  loss_dice_3: 0.8252  loss_ce_4: 0.2871  loss_mask_4: 0.08643  loss_dice_4: 0.7978  loss_ce_5: 0.2245  loss_mask_5: 0.08106  loss_dice_5: 0.7619  loss_ce_6: 0.2234  loss_mask_6: 0.08012  loss_dice_6: 0.771  loss_ce_7: 0.2181  loss_mask_7: 0.07958  loss_dice_7: 0.8118  loss_ce_8: 0.2645  loss_mask_8: 0.07692  loss_dice_8: 0.7193    time: 0.7641  last_time: 0.7283  data_time: 0.0997  last_data_time: 0.0997   lr: 3.2231e-05  max_mem: 10274M
[03/19 16:03:24 d2.utils.events]:  eta: 1:51:33  iter: 6119  total_loss: 11.37  loss_ce: 0.1115  loss_mask: 0.05558  loss_dice: 0.871  loss_ce_0: 0.3928  loss_mask_0: 0.08586  loss_dice_0: 1.166  loss_ce_1: 0.1192  loss_mask_1: 0.06042  loss_dice_1: 1.005  loss_ce_2: 0.1119  loss_mask_2: 0.05075  loss_dice_2: 1.004  loss_ce_3: 0.1004  loss_mask_3: 0.05957  loss_dice_3: 0.7038  loss_ce_4: 0.08365  loss_mask_4: 0.0581  loss_dice_4: 0.9517  loss_ce_5: 0.09142  loss_mask_5: 0.05629  loss_dice_5: 0.9649  loss_ce_6: 0.09122  loss_mask_6: 0.0618  loss_dice_6: 0.8812  loss_ce_7: 0.09068  loss_mask_7: 0.05599  loss_dice_7: 1.039  loss_ce_8: 0.1041  loss_mask_8: 0.06256  loss_dice_8: 0.8834    time: 0.7642  last_time: 0.7809  data_time: 0.1629  last_data_time: 0.1629   lr: 3.2131e-05  max_mem: 10274M
[03/19 16:03:39 d2.utils.events]:  eta: 1:51:12  iter: 6139  total_loss: 10.14  loss_ce: 0.1729  loss_mask: 0.03124  loss_dice: 0.6453  loss_ce_0: 0.6064  loss_mask_0: 0.07356  loss_dice_0: 1.153  loss_ce_1: 0.2962  loss_mask_1: 0.03608  loss_dice_1: 0.7667  loss_ce_2: 0.3559  loss_mask_2: 0.0382  loss_dice_2: 0.7078  loss_ce_3: 0.3549  loss_mask_3: 0.02993  loss_dice_3: 0.5272  loss_ce_4: 0.2167  loss_mask_4: 0.0321  loss_dice_4: 0.5719  loss_ce_5: 0.1658  loss_mask_5: 0.03112  loss_dice_5: 0.6169  loss_ce_6: 0.3385  loss_mask_6: 0.03058  loss_dice_6: 0.4729  loss_ce_7: 0.3224  loss_mask_7: 0.03085  loss_dice_7: 0.632  loss_ce_8: 0.2914  loss_mask_8: 0.03113  loss_dice_8: 0.56    time: 0.7641  last_time: 0.8405  data_time: 0.2123  last_data_time: 0.2123   lr: 3.203e-05  max_mem: 10274M
[03/19 16:03:55 d2.utils.events]:  eta: 1:50:58  iter: 6159  total_loss: 8.809  loss_ce: 0.07371  loss_mask: 0.111  loss_dice: 0.7031  loss_ce_0: 0.4198  loss_mask_0: 0.1346  loss_dice_0: 0.7174  loss_ce_1: 0.07327  loss_mask_1: 0.09912  loss_dice_1: 0.679  loss_ce_2: 0.05818  loss_mask_2: 0.108  loss_dice_2: 0.6413  loss_ce_3: 0.07069  loss_mask_3: 0.0975  loss_dice_3: 0.6409  loss_ce_4: 0.07054  loss_mask_4: 0.09914  loss_dice_4: 0.6457  loss_ce_5: 0.07093  loss_mask_5: 0.1015  loss_dice_5: 0.6627  loss_ce_6: 0.06228  loss_mask_6: 0.107  loss_dice_6: 0.6665  loss_ce_7: 0.06988  loss_mask_7: 0.09882  loss_dice_7: 0.6329  loss_ce_8: 0.07756  loss_mask_8: 0.102  loss_dice_8: 0.7143    time: 0.7642  last_time: 0.7384  data_time: 0.1255  last_data_time: 0.1255   lr: 3.193e-05  max_mem: 10274M
[03/19 16:04:11 d2.utils.events]:  eta: 1:50:48  iter: 6179  total_loss: 5.909  loss_ce: 0.01895  loss_mask: 0.0443  loss_dice: 0.4561  loss_ce_0: 0.2974  loss_mask_0: 0.04527  loss_dice_0: 0.4083  loss_ce_1: 0.03729  loss_mask_1: 0.04931  loss_dice_1: 0.4228  loss_ce_2: 0.03427  loss_mask_2: 0.04827  loss_dice_2: 0.4822  loss_ce_3: 0.02256  loss_mask_3: 0.05007  loss_dice_3: 0.498  loss_ce_4: 0.02565  loss_mask_4: 0.05121  loss_dice_4: 0.5178  loss_ce_5: 0.02366  loss_mask_5: 0.05071  loss_dice_5: 0.5188  loss_ce_6: 0.01976  loss_mask_6: 0.04539  loss_dice_6: 0.4896  loss_ce_7: 0.02234  loss_mask_7: 0.05738  loss_dice_7: 0.5955  loss_ce_8: 0.02176  loss_mask_8: 0.05572  loss_dice_8: 0.4987    time: 0.7643  last_time: 0.7236  data_time: 0.1045  last_data_time: 0.1045   lr: 3.1829e-05  max_mem: 10274M
[03/19 16:04:26 d2.utils.events]:  eta: 1:50:27  iter: 6199  total_loss: 8.79  loss_ce: 0.0845  loss_mask: 0.0423  loss_dice: 0.5838  loss_ce_0: 0.6571  loss_mask_0: 0.1024  loss_dice_0: 0.838  loss_ce_1: 0.1222  loss_mask_1: 0.04666  loss_dice_1: 0.7642  loss_ce_2: 0.3035  loss_mask_2: 0.04793  loss_dice_2: 0.6626  loss_ce_3: 0.09483  loss_mask_3: 0.04267  loss_dice_3: 0.6484  loss_ce_4: 0.08877  loss_mask_4: 0.04098  loss_dice_4: 0.6692  loss_ce_5: 0.08117  loss_mask_5: 0.0483  loss_dice_5: 0.684  loss_ce_6: 0.0813  loss_mask_6: 0.04213  loss_dice_6: 0.6059  loss_ce_7: 0.07741  loss_mask_7: 0.04023  loss_dice_7: 0.6011  loss_ce_8: 0.08219  loss_mask_8: 0.04134  loss_dice_8: 0.5648    time: 0.7642  last_time: 0.7697  data_time: 0.1433  last_data_time: 0.1433   lr: 3.1728e-05  max_mem: 10274M
[03/19 16:04:41 d2.utils.events]:  eta: 1:50:13  iter: 6219  total_loss: 11.75  loss_ce: 0.1432  loss_mask: 0.04375  loss_dice: 0.9407  loss_ce_0: 0.5648  loss_mask_0: 0.04815  loss_dice_0: 1.172  loss_ce_1: 0.3094  loss_mask_1: 0.03187  loss_dice_1: 0.7819  loss_ce_2: 0.2866  loss_mask_2: 0.03518  loss_dice_2: 0.8347  loss_ce_3: 0.3027  loss_mask_3: 0.04046  loss_dice_3: 0.8908  loss_ce_4: 0.3211  loss_mask_4: 0.03259  loss_dice_4: 0.8663  loss_ce_5: 0.1384  loss_mask_5: 0.03623  loss_dice_5: 0.9368  loss_ce_6: 0.1155  loss_mask_6: 0.03628  loss_dice_6: 0.8374  loss_ce_7: 0.1046  loss_mask_7: 0.03844  loss_dice_7: 0.8809  loss_ce_8: 0.1186  loss_mask_8: 0.0356  loss_dice_8: 0.826    time: 0.7642  last_time: 0.7772  data_time: 0.1460  last_data_time: 0.1460   lr: 3.1627e-05  max_mem: 10274M
[03/19 16:04:57 d2.utils.events]:  eta: 1:50:03  iter: 6239  total_loss: 9.049  loss_ce: 0.07228  loss_mask: 0.04092  loss_dice: 0.7035  loss_ce_0: 0.6376  loss_mask_0: 0.04626  loss_dice_0: 0.7952  loss_ce_1: 0.173  loss_mask_1: 0.02513  loss_dice_1: 0.6472  loss_ce_2: 0.07473  loss_mask_2: 0.04417  loss_dice_2: 0.798  loss_ce_3: 0.06492  loss_mask_3: 0.03205  loss_dice_3: 0.6261  loss_ce_4: 0.0675  loss_mask_4: 0.03553  loss_dice_4: 0.7426  loss_ce_5: 0.06197  loss_mask_5: 0.03225  loss_dice_5: 0.7405  loss_ce_6: 0.06988  loss_mask_6: 0.05176  loss_dice_6: 0.7392  loss_ce_7: 0.07275  loss_mask_7: 0.04069  loss_dice_7: 0.7671  loss_ce_8: 0.07208  loss_mask_8: 0.03743  loss_dice_8: 0.7365    time: 0.7642  last_time: 0.7547  data_time: 0.1204  last_data_time: 0.1204   lr: 3.1526e-05  max_mem: 10274M
[03/19 16:05:13 d2.utils.events]:  eta: 1:49:50  iter: 6259  total_loss: 12.93  loss_ce: 0.1738  loss_mask: 0.03751  loss_dice: 0.7962  loss_ce_0: 0.6754  loss_mask_0: 0.04941  loss_dice_0: 1.212  loss_ce_1: 0.2216  loss_mask_1: 0.04409  loss_dice_1: 0.9634  loss_ce_2: 0.1275  loss_mask_2: 0.04308  loss_dice_2: 1.075  loss_ce_3: 0.07798  loss_mask_3: 0.0457  loss_dice_3: 1.074  loss_ce_4: 0.07513  loss_mask_4: 0.04088  loss_dice_4: 1.112  loss_ce_5: 0.112  loss_mask_5: 0.04274  loss_dice_5: 1.183  loss_ce_6: 0.1865  loss_mask_6: 0.04178  loss_dice_6: 0.9494  loss_ce_7: 0.1762  loss_mask_7: 0.04109  loss_dice_7: 1.059  loss_ce_8: 0.1808  loss_mask_8: 0.04548  loss_dice_8: 1.066    time: 0.7642  last_time: 0.7536  data_time: 0.1148  last_data_time: 0.1148   lr: 3.1425e-05  max_mem: 10274M
[03/19 16:05:28 d2.utils.events]:  eta: 1:49:32  iter: 6279  total_loss: 7.155  loss_ce: 0.01619  loss_mask: 0.03737  loss_dice: 0.6005  loss_ce_0: 0.3614  loss_mask_0: 0.0446  loss_dice_0: 0.5959  loss_ce_1: 0.02324  loss_mask_1: 0.04542  loss_dice_1: 0.5981  loss_ce_2: 0.01654  loss_mask_2: 0.0446  loss_dice_2: 0.5987  loss_ce_3: 0.02563  loss_mask_3: 0.04673  loss_dice_3: 0.7641  loss_ce_4: 0.01976  loss_mask_4: 0.04206  loss_dice_4: 0.6098  loss_ce_5: 0.01971  loss_mask_5: 0.04313  loss_dice_5: 0.6473  loss_ce_6: 0.01807  loss_mask_6: 0.03883  loss_dice_6: 0.5963  loss_ce_7: 0.01826  loss_mask_7: 0.04124  loss_dice_7: 0.5968  loss_ce_8: 0.01932  loss_mask_8: 0.03964  loss_dice_8: 0.5862    time: 0.7642  last_time: 0.7368  data_time: 0.1219  last_data_time: 0.1219   lr: 3.1324e-05  max_mem: 10274M
[03/19 16:05:43 d2.utils.events]:  eta: 1:49:16  iter: 6299  total_loss: 8.961  loss_ce: 0.04351  loss_mask: 0.03832  loss_dice: 0.7272  loss_ce_0: 0.5521  loss_mask_0: 0.05581  loss_dice_0: 0.9565  loss_ce_1: 0.1483  loss_mask_1: 0.05239  loss_dice_1: 0.7508  loss_ce_2: 0.08666  loss_mask_2: 0.04592  loss_dice_2: 0.6813  loss_ce_3: 0.06428  loss_mask_3: 0.03657  loss_dice_3: 0.6907  loss_ce_4: 0.04535  loss_mask_4: 0.03567  loss_dice_4: 0.5715  loss_ce_5: 0.05086  loss_mask_5: 0.04538  loss_dice_5: 0.761  loss_ce_6: 0.05181  loss_mask_6: 0.04552  loss_dice_6: 0.7432  loss_ce_7: 0.05358  loss_mask_7: 0.04556  loss_dice_7: 0.778  loss_ce_8: 0.04829  loss_mask_8: 0.04277  loss_dice_8: 0.7123    time: 0.7641  last_time: 0.7719  data_time: 0.1424  last_data_time: 0.1424   lr: 3.1222e-05  max_mem: 10274M
[03/19 16:05:59 d2.utils.events]:  eta: 1:48:58  iter: 6319  total_loss: 9.49  loss_ce: 0.07821  loss_mask: 0.05515  loss_dice: 0.7088  loss_ce_0: 1.073  loss_mask_0: 0.08279  loss_dice_0: 0.9446  loss_ce_1: 0.2127  loss_mask_1: 0.04807  loss_dice_1: 0.6228  loss_ce_2: 0.08418  loss_mask_2: 0.05342  loss_dice_2: 0.6505  loss_ce_3: 0.07553  loss_mask_3: 0.04845  loss_dice_3: 0.623  loss_ce_4: 0.07189  loss_mask_4: 0.04879  loss_dice_4: 0.7708  loss_ce_5: 0.06323  loss_mask_5: 0.04722  loss_dice_5: 0.6891  loss_ce_6: 0.06422  loss_mask_6: 0.04992  loss_dice_6: 0.7027  loss_ce_7: 0.07039  loss_mask_7: 0.05224  loss_dice_7: 0.75  loss_ce_8: 0.07798  loss_mask_8: 0.04998  loss_dice_8: 0.621    time: 0.7642  last_time: 0.7723  data_time: 0.1256  last_data_time: 0.1256   lr: 3.1121e-05  max_mem: 10274M
[03/19 16:06:14 d2.utils.events]:  eta: 1:48:41  iter: 6339  total_loss: 11.07  loss_ce: 0.04246  loss_mask: 0.06767  loss_dice: 0.8058  loss_ce_0: 0.8939  loss_mask_0: 0.1655  loss_dice_0: 1.279  loss_ce_1: 0.05207  loss_mask_1: 0.09298  loss_dice_1: 0.9624  loss_ce_2: 0.03412  loss_mask_2: 0.07736  loss_dice_2: 0.8447  loss_ce_3: 0.04542  loss_mask_3: 0.0682  loss_dice_3: 0.841  loss_ce_4: 0.03724  loss_mask_4: 0.06705  loss_dice_4: 0.7479  loss_ce_5: 0.07128  loss_mask_5: 0.0735  loss_dice_5: 0.8249  loss_ce_6: 0.05295  loss_mask_6: 0.06706  loss_dice_6: 0.908  loss_ce_7: 0.04796  loss_mask_7: 0.06852  loss_dice_7: 0.9188  loss_ce_8: 0.05005  loss_mask_8: 0.07222  loss_dice_8: 0.7908    time: 0.7641  last_time: 0.7700  data_time: 0.1546  last_data_time: 0.1546   lr: 3.1019e-05  max_mem: 10274M
[03/19 16:06:30 d2.utils.events]:  eta: 1:48:26  iter: 6359  total_loss: 9.468  loss_ce: 0.03427  loss_mask: 0.04633  loss_dice: 0.6722  loss_ce_0: 0.5437  loss_mask_0: 0.06339  loss_dice_0: 1.014  loss_ce_1: 0.08687  loss_mask_1: 0.04731  loss_dice_1: 0.761  loss_ce_2: 0.06823  loss_mask_2: 0.05134  loss_dice_2: 0.8035  loss_ce_3: 0.04441  loss_mask_3: 0.05298  loss_dice_3: 0.8043  loss_ce_4: 0.04726  loss_mask_4: 0.05264  loss_dice_4: 0.7998  loss_ce_5: 0.04304  loss_mask_5: 0.05435  loss_dice_5: 0.8181  loss_ce_6: 0.03942  loss_mask_6: 0.05683  loss_dice_6: 0.7572  loss_ce_7: 0.03297  loss_mask_7: 0.05697  loss_dice_7: 0.7  loss_ce_8: 0.03638  loss_mask_8: 0.0526  loss_dice_8: 0.8271    time: 0.7641  last_time: 0.7857  data_time: 0.1496  last_data_time: 0.1496   lr: 3.0918e-05  max_mem: 10274M
[03/19 16:06:45 d2.utils.events]:  eta: 1:48:08  iter: 6379  total_loss: 9.51  loss_ce: 0.1082  loss_mask: 0.03494  loss_dice: 0.8892  loss_ce_0: 0.8494  loss_mask_0: 0.04467  loss_dice_0: 0.6733  loss_ce_1: 0.5695  loss_mask_1: 0.0276  loss_dice_1: 0.6485  loss_ce_2: 0.2243  loss_mask_2: 0.02723  loss_dice_2: 0.8915  loss_ce_3: 0.05382  loss_mask_3: 0.02396  loss_dice_3: 0.5601  loss_ce_4: 0.04333  loss_mask_4: 0.02508  loss_dice_4: 0.6052  loss_ce_5: 0.05472  loss_mask_5: 0.02757  loss_dice_5: 0.6086  loss_ce_6: 0.1944  loss_mask_6: 0.02918  loss_dice_6: 0.8847  loss_ce_7: 0.04968  loss_mask_7: 0.02762  loss_dice_7: 0.6821  loss_ce_8: 0.04798  loss_mask_8: 0.0257  loss_dice_8: 0.5777    time: 0.7642  last_time: 0.8772  data_time: 0.2497  last_data_time: 0.2497   lr: 3.0816e-05  max_mem: 10274M
[03/19 16:07:01 d2.utils.events]:  eta: 1:47:46  iter: 6399  total_loss: 9.946  loss_ce: 0.0745  loss_mask: 0.03414  loss_dice: 0.7571  loss_ce_0: 0.9085  loss_mask_0: 0.03522  loss_dice_0: 0.8925  loss_ce_1: 0.08975  loss_mask_1: 0.03596  loss_dice_1: 0.8396  loss_ce_2: 0.07354  loss_mask_2: 0.0373  loss_dice_2: 0.7282  loss_ce_3: 0.07468  loss_mask_3: 0.03716  loss_dice_3: 0.8033  loss_ce_4: 0.08408  loss_mask_4: 0.0384  loss_dice_4: 0.822  loss_ce_5: 0.09004  loss_mask_5: 0.03119  loss_dice_5: 0.7592  loss_ce_6: 0.08613  loss_mask_6: 0.03591  loss_dice_6: 0.7898  loss_ce_7: 0.07418  loss_mask_7: 0.03682  loss_dice_7: 0.8153  loss_ce_8: 0.08843  loss_mask_8: 0.03568  loss_dice_8: 0.7374    time: 0.7641  last_time: 0.7720  data_time: 0.1256  last_data_time: 0.1256   lr: 3.0714e-05  max_mem: 10274M
[03/19 16:07:16 d2.utils.events]:  eta: 1:47:23  iter: 6419  total_loss: 6.505  loss_ce: 0.03241  loss_mask: 0.04488  loss_dice: 0.5302  loss_ce_0: 0.2918  loss_mask_0: 0.05021  loss_dice_0: 0.4749  loss_ce_1: 0.025  loss_mask_1: 0.05103  loss_dice_1: 0.5249  loss_ce_2: 0.03669  loss_mask_2: 0.04884  loss_dice_2: 0.4703  loss_ce_3: 0.05262  loss_mask_3: 0.04672  loss_dice_3: 0.48  loss_ce_4: 0.05382  loss_mask_4: 0.04165  loss_dice_4: 0.5891  loss_ce_5: 0.04779  loss_mask_5: 0.0469  loss_dice_5: 0.5387  loss_ce_6: 0.04202  loss_mask_6: 0.05042  loss_dice_6: 0.5669  loss_ce_7: 0.03791  loss_mask_7: 0.05357  loss_dice_7: 0.6045  loss_ce_8: 0.03487  loss_mask_8: 0.04661  loss_dice_8: 0.5902    time: 0.7641  last_time: 0.7705  data_time: 0.1591  last_data_time: 0.1591   lr: 3.0612e-05  max_mem: 10274M
[03/19 16:07:31 d2.utils.events]:  eta: 1:47:07  iter: 6439  total_loss: 8.901  loss_ce: 0.09809  loss_mask: 0.04411  loss_dice: 0.6976  loss_ce_0: 0.9473  loss_mask_0: 0.0763  loss_dice_0: 0.8487  loss_ce_1: 0.2952  loss_mask_1: 0.05452  loss_dice_1: 0.6999  loss_ce_2: 0.1071  loss_mask_2: 0.05093  loss_dice_2: 0.5575  loss_ce_3: 0.09562  loss_mask_3: 0.05058  loss_dice_3: 0.5838  loss_ce_4: 0.1188  loss_mask_4: 0.04821  loss_dice_4: 0.5496  loss_ce_5: 0.1112  loss_mask_5: 0.04516  loss_dice_5: 0.5464  loss_ce_6: 0.1088  loss_mask_6: 0.04672  loss_dice_6: 0.5851  loss_ce_7: 0.1003  loss_mask_7: 0.05254  loss_dice_7: 0.6131  loss_ce_8: 0.104  loss_mask_8: 0.0432  loss_dice_8: 0.6211    time: 0.7641  last_time: 0.7871  data_time: 0.1596  last_data_time: 0.1596   lr: 3.051e-05  max_mem: 10274M
[03/19 16:07:47 d2.utils.events]:  eta: 1:46:52  iter: 6459  total_loss: 8.286  loss_ce: 0.03325  loss_mask: 0.04363  loss_dice: 0.7003  loss_ce_0: 0.7763  loss_mask_0: 0.06793  loss_dice_0: 0.7513  loss_ce_1: 0.07535  loss_mask_1: 0.03927  loss_dice_1: 0.5532  loss_ce_2: 0.107  loss_mask_2: 0.04461  loss_dice_2: 0.602  loss_ce_3: 0.03545  loss_mask_3: 0.04461  loss_dice_3: 0.6658  loss_ce_4: 0.03016  loss_mask_4: 0.03907  loss_dice_4: 0.6415  loss_ce_5: 0.03738  loss_mask_5: 0.04207  loss_dice_5: 0.6037  loss_ce_6: 0.03202  loss_mask_6: 0.04644  loss_dice_6: 0.721  loss_ce_7: 0.032  loss_mask_7: 0.04556  loss_dice_7: 0.6808  loss_ce_8: 0.03343  loss_mask_8: 0.05044  loss_dice_8: 0.7103    time: 0.7641  last_time: 0.7992  data_time: 0.1723  last_data_time: 0.1723   lr: 3.0408e-05  max_mem: 10274M
[03/19 16:08:02 d2.utils.events]:  eta: 1:46:33  iter: 6479  total_loss: 7.384  loss_ce: 0.0286  loss_mask: 0.04552  loss_dice: 0.639  loss_ce_0: 0.7008  loss_mask_0: 0.04481  loss_dice_0: 0.6443  loss_ce_1: 0.05049  loss_mask_1: 0.04081  loss_dice_1: 0.5769  loss_ce_2: 0.09072  loss_mask_2: 0.03947  loss_dice_2: 0.5755  loss_ce_3: 0.03413  loss_mask_3: 0.03515  loss_dice_3: 0.5781  loss_ce_4: 0.04058  loss_mask_4: 0.04003  loss_dice_4: 0.6365  loss_ce_5: 0.03643  loss_mask_5: 0.03562  loss_dice_5: 0.5303  loss_ce_6: 0.03122  loss_mask_6: 0.03775  loss_dice_6: 0.5773  loss_ce_7: 0.03015  loss_mask_7: 0.04033  loss_dice_7: 0.5891  loss_ce_8: 0.02511  loss_mask_8: 0.03567  loss_dice_8: 0.5737    time: 0.7641  last_time: 0.7058  data_time: 0.0693  last_data_time: 0.0693   lr: 3.0305e-05  max_mem: 10274M
[03/19 16:08:18 d2.utils.events]:  eta: 1:46:17  iter: 6499  total_loss: 13.49  loss_ce: 0.3537  loss_mask: 0.0532  loss_dice: 0.7095  loss_ce_0: 0.5754  loss_mask_0: 0.05457  loss_dice_0: 0.7031  loss_ce_1: 0.4252  loss_mask_1: 0.04552  loss_dice_1: 0.951  loss_ce_2: 0.4312  loss_mask_2: 0.05121  loss_dice_2: 0.9886  loss_ce_3: 0.5378  loss_mask_3: 0.05073  loss_dice_3: 0.997  loss_ce_4: 0.2272  loss_mask_4: 0.06072  loss_dice_4: 0.9661  loss_ce_5: 0.2584  loss_mask_5: 0.05737  loss_dice_5: 0.8416  loss_ce_6: 0.6059  loss_mask_6: 0.04839  loss_dice_6: 0.667  loss_ce_7: 0.5514  loss_mask_7: 0.05252  loss_dice_7: 0.8898  loss_ce_8: 0.4018  loss_mask_8: 0.06049  loss_dice_8: 0.8721    time: 0.7641  last_time: 0.7664  data_time: 0.1463  last_data_time: 0.1463   lr: 3.0203e-05  max_mem: 10274M
[03/19 16:08:33 d2.utils.events]:  eta: 1:46:03  iter: 6519  total_loss: 5.843  loss_ce: 0.01484  loss_mask: 0.02404  loss_dice: 0.5069  loss_ce_0: 0.3467  loss_mask_0: 0.02765  loss_dice_0: 0.5899  loss_ce_1: 0.03943  loss_mask_1: 0.01978  loss_dice_1: 0.4385  loss_ce_2: 0.0512  loss_mask_2: 0.02508  loss_dice_2: 0.5428  loss_ce_3: 0.0143  loss_mask_3: 0.02431  loss_dice_3: 0.4919  loss_ce_4: 0.01609  loss_mask_4: 0.02216  loss_dice_4: 0.5153  loss_ce_5: 0.01985  loss_mask_5: 0.02481  loss_dice_5: 0.5075  loss_ce_6: 0.01764  loss_mask_6: 0.0196  loss_dice_6: 0.481  loss_ce_7: 0.01672  loss_mask_7: 0.02195  loss_dice_7: 0.478  loss_ce_8: 0.01547  loss_mask_8: 0.02468  loss_dice_8: 0.5048    time: 0.7641  last_time: 0.8306  data_time: 0.2005  last_data_time: 0.2005   lr: 3.01e-05  max_mem: 10274M
[03/19 16:08:49 d2.utils.events]:  eta: 1:45:48  iter: 6539  total_loss: 9.664  loss_ce: 0.08504  loss_mask: 0.03235  loss_dice: 0.9192  loss_ce_0: 0.7557  loss_mask_0: 0.07149  loss_dice_0: 1.001  loss_ce_1: 0.1955  loss_mask_1: 0.02873  loss_dice_1: 0.5413  loss_ce_2: 0.1545  loss_mask_2: 0.02681  loss_dice_2: 0.5218  loss_ce_3: 0.1363  loss_mask_3: 0.03599  loss_dice_3: 0.8574  loss_ce_4: 0.2173  loss_mask_4: 0.02832  loss_dice_4: 0.6779  loss_ce_5: 0.09242  loss_mask_5: 0.03166  loss_dice_5: 0.7234  loss_ce_6: 0.1832  loss_mask_6: 0.02836  loss_dice_6: 0.5609  loss_ce_7: 0.1938  loss_mask_7: 0.03177  loss_dice_7: 0.6016  loss_ce_8: 0.08403  loss_mask_8: 0.03095  loss_dice_8: 0.8148    time: 0.7641  last_time: 0.7465  data_time: 0.1259  last_data_time: 0.1259   lr: 2.9998e-05  max_mem: 10274M
[03/19 16:09:04 d2.utils.events]:  eta: 1:45:35  iter: 6559  total_loss: 8.965  loss_ce: 0.04289  loss_mask: 0.05285  loss_dice: 0.674  loss_ce_0: 0.7898  loss_mask_0: 0.1055  loss_dice_0: 0.8804  loss_ce_1: 0.08676  loss_mask_1: 0.06651  loss_dice_1: 0.6981  loss_ce_2: 0.05022  loss_mask_2: 0.08079  loss_dice_2: 0.789  loss_ce_3: 0.2375  loss_mask_3: 0.04296  loss_dice_3: 0.5485  loss_ce_4: 0.1467  loss_mask_4: 0.04769  loss_dice_4: 0.5696  loss_ce_5: 0.0824  loss_mask_5: 0.05415  loss_dice_5: 0.6456  loss_ce_6: 0.05708  loss_mask_6: 0.04816  loss_dice_6: 0.7017  loss_ce_7: 0.04544  loss_mask_7: 0.05172  loss_dice_7: 0.7256  loss_ce_8: 0.04393  loss_mask_8: 0.04645  loss_dice_8: 0.5525    time: 0.7641  last_time: 0.8872  data_time: 0.2681  last_data_time: 0.2681   lr: 2.9895e-05  max_mem: 10274M
[03/19 16:09:20 d2.utils.events]:  eta: 1:45:18  iter: 6579  total_loss: 5.538  loss_ce: 0.007084  loss_mask: 0.03068  loss_dice: 0.4738  loss_ce_0: 0.3983  loss_mask_0: 0.03109  loss_dice_0: 0.5029  loss_ce_1: 0.1565  loss_mask_1: 0.02778  loss_dice_1: 0.4377  loss_ce_2: 0.01379  loss_mask_2: 0.03431  loss_dice_2: 0.4326  loss_ce_3: 0.01079  loss_mask_3: 0.03396  loss_dice_3: 0.4017  loss_ce_4: 0.00804  loss_mask_4: 0.03277  loss_dice_4: 0.4681  loss_ce_5: 0.009427  loss_mask_5: 0.03439  loss_dice_5: 0.4798  loss_ce_6: 0.006641  loss_mask_6: 0.03027  loss_dice_6: 0.4933  loss_ce_7: 0.006499  loss_mask_7: 0.02793  loss_dice_7: 0.4756  loss_ce_8: 0.006109  loss_mask_8: 0.02876  loss_dice_8: 0.4376    time: 0.7641  last_time: 0.8490  data_time: 0.1640  last_data_time: 0.1640   lr: 2.9792e-05  max_mem: 10274M
[03/19 16:09:35 d2.utils.events]:  eta: 1:45:07  iter: 6599  total_loss: 9.685  loss_ce: 0.1696  loss_mask: 0.02056  loss_dice: 0.7528  loss_ce_0: 0.5703  loss_mask_0: 0.01713  loss_dice_0: 0.5882  loss_ce_1: 0.1987  loss_mask_1: 0.01731  loss_dice_1: 0.8461  loss_ce_2: 0.2423  loss_mask_2: 0.01218  loss_dice_2: 0.7553  loss_ce_3: 0.2298  loss_mask_3: 0.01662  loss_dice_3: 0.6001  loss_ce_4: 0.2311  loss_mask_4: 0.01997  loss_dice_4: 0.6445  loss_ce_5: 0.2003  loss_mask_5: 0.01441  loss_dice_5: 0.6132  loss_ce_6: 0.1807  loss_mask_6: 0.01646  loss_dice_6: 0.6002  loss_ce_7: 0.1723  loss_mask_7: 0.01592  loss_dice_7: 0.8812  loss_ce_8: 0.1759  loss_mask_8: 0.01592  loss_dice_8: 0.8665    time: 0.7641  last_time: 0.8256  data_time: 0.2016  last_data_time: 0.2016   lr: 2.969e-05  max_mem: 10274M
[03/19 16:09:51 d2.utils.events]:  eta: 1:44:49  iter: 6619  total_loss: 4.609  loss_ce: 0.01211  loss_mask: 0.04822  loss_dice: 0.3416  loss_ce_0: 0.3607  loss_mask_0: 0.04861  loss_dice_0: 0.3716  loss_ce_1: 0.01443  loss_mask_1: 0.05592  loss_dice_1: 0.371  loss_ce_2: 0.01112  loss_mask_2: 0.05508  loss_dice_2: 0.4189  loss_ce_3: 0.009896  loss_mask_3: 0.05423  loss_dice_3: 0.4327  loss_ce_4: 0.01192  loss_mask_4: 0.04589  loss_dice_4: 0.3541  loss_ce_5: 0.01084  loss_mask_5: 0.04835  loss_dice_5: 0.3217  loss_ce_6: 0.01113  loss_mask_6: 0.05078  loss_dice_6: 0.3486  loss_ce_7: 0.01185  loss_mask_7: 0.04391  loss_dice_7: 0.3085  loss_ce_8: 0.01033  loss_mask_8: 0.04963  loss_dice_8: 0.375    time: 0.7641  last_time: 0.7331  data_time: 0.1111  last_data_time: 0.1111   lr: 2.9587e-05  max_mem: 10274M
[03/19 16:10:07 d2.utils.events]:  eta: 1:44:37  iter: 6639  total_loss: 7.636  loss_ce: 0.142  loss_mask: 0.04386  loss_dice: 0.5734  loss_ce_0: 0.3011  loss_mask_0: 0.04849  loss_dice_0: 0.5433  loss_ce_1: 0.1301  loss_mask_1: 0.04311  loss_dice_1: 0.5291  loss_ce_2: 0.1471  loss_mask_2: 0.04439  loss_dice_2: 0.4905  loss_ce_3: 0.1367  loss_mask_3: 0.04541  loss_dice_3: 0.5432  loss_ce_4: 0.1377  loss_mask_4: 0.0469  loss_dice_4: 0.6293  loss_ce_5: 0.129  loss_mask_5: 0.04827  loss_dice_5: 0.5774  loss_ce_6: 0.1442  loss_mask_6: 0.04357  loss_dice_6: 0.565  loss_ce_7: 0.1468  loss_mask_7: 0.04475  loss_dice_7: 0.5738  loss_ce_8: 0.144  loss_mask_8: 0.04378  loss_dice_8: 0.5997    time: 0.7641  last_time: 0.7588  data_time: 0.1335  last_data_time: 0.1335   lr: 2.9484e-05  max_mem: 10274M
[03/19 16:10:23 d2.utils.events]:  eta: 1:44:27  iter: 6659  total_loss: 8.692  loss_ce: 0.09183  loss_mask: 0.04016  loss_dice: 0.631  loss_ce_0: 0.5893  loss_mask_0: 0.05633  loss_dice_0: 0.9728  loss_ce_1: 0.256  loss_mask_1: 0.06734  loss_dice_1: 0.7664  loss_ce_2: 0.1236  loss_mask_2: 0.03888  loss_dice_2: 0.5705  loss_ce_3: 0.1186  loss_mask_3: 0.03871  loss_dice_3: 0.6956  loss_ce_4: 0.1007  loss_mask_4: 0.03653  loss_dice_4: 0.5459  loss_ce_5: 0.1038  loss_mask_5: 0.03758  loss_dice_5: 0.6515  loss_ce_6: 0.09312  loss_mask_6: 0.03445  loss_dice_6: 0.5979  loss_ce_7: 0.06925  loss_mask_7: 0.03838  loss_dice_7: 0.5934  loss_ce_8: 0.06726  loss_mask_8: 0.04413  loss_dice_8: 0.6214    time: 0.7642  last_time: 0.7645  data_time: 0.1359  last_data_time: 0.1359   lr: 2.9381e-05  max_mem: 10274M
[03/19 16:10:38 d2.utils.events]:  eta: 1:44:08  iter: 6679  total_loss: 12.63  loss_ce: 0.2539  loss_mask: 0.04262  loss_dice: 0.9237  loss_ce_0: 0.5841  loss_mask_0: 0.04883  loss_dice_0: 1.089  loss_ce_1: 0.281  loss_mask_1: 0.03834  loss_dice_1: 0.8507  loss_ce_2: 0.4197  loss_mask_2: 0.03772  loss_dice_2: 0.7632  loss_ce_3: 0.3004  loss_mask_3: 0.05236  loss_dice_3: 1.041  loss_ce_4: 0.1712  loss_mask_4: 0.04179  loss_dice_4: 0.983  loss_ce_5: 0.08559  loss_mask_5: 0.04837  loss_dice_5: 0.9709  loss_ce_6: 0.2577  loss_mask_6: 0.04067  loss_dice_6: 0.8932  loss_ce_7: 0.1628  loss_mask_7: 0.04262  loss_dice_7: 0.9083  loss_ce_8: 0.418  loss_mask_8: 0.04043  loss_dice_8: 0.843    time: 0.7641  last_time: 0.7173  data_time: 0.0708  last_data_time: 0.0708   lr: 2.9278e-05  max_mem: 10274M
[03/19 16:10:54 d2.utils.events]:  eta: 1:44:00  iter: 6699  total_loss: 9.287  loss_ce: 0.07845  loss_mask: 0.07454  loss_dice: 0.683  loss_ce_0: 0.6097  loss_mask_0: 0.1045  loss_dice_0: 0.9304  loss_ce_1: 0.08728  loss_mask_1: 0.08134  loss_dice_1: 0.7147  loss_ce_2: 0.07529  loss_mask_2: 0.07548  loss_dice_2: 0.7029  loss_ce_3: 0.0658  loss_mask_3: 0.07768  loss_dice_3: 0.7233  loss_ce_4: 0.0678  loss_mask_4: 0.0663  loss_dice_4: 0.763  loss_ce_5: 0.07611  loss_mask_5: 0.06855  loss_dice_5: 0.6666  loss_ce_6: 0.07068  loss_mask_6: 0.0616  loss_dice_6: 0.7098  loss_ce_7: 0.07633  loss_mask_7: 0.06553  loss_dice_7: 0.6796  loss_ce_8: 0.08797  loss_mask_8: 0.06714  loss_dice_8: 0.6757    time: 0.7642  last_time: 0.7886  data_time: 0.1513  last_data_time: 0.1513   lr: 2.9174e-05  max_mem: 10274M
[03/19 16:11:10 d2.utils.events]:  eta: 1:43:46  iter: 6719  total_loss: 10.39  loss_ce: 0.2549  loss_mask: 0.03174  loss_dice: 0.4895  loss_ce_0: 0.3459  loss_mask_0: 0.03928  loss_dice_0: 0.8642  loss_ce_1: 0.502  loss_mask_1: 0.03715  loss_dice_1: 0.6897  loss_ce_2: 0.3097  loss_mask_2: 0.03461  loss_dice_2: 0.7077  loss_ce_3: 0.146  loss_mask_3: 0.03146  loss_dice_3: 0.5947  loss_ce_4: 0.3495  loss_mask_4: 0.03183  loss_dice_4: 0.723  loss_ce_5: 0.3487  loss_mask_5: 0.03974  loss_dice_5: 0.8649  loss_ce_6: 0.1136  loss_mask_6: 0.03313  loss_dice_6: 0.8863  loss_ce_7: 0.3216  loss_mask_7: 0.03043  loss_dice_7: 0.5702  loss_ce_8: 0.1086  loss_mask_8: 0.03149  loss_dice_8: 0.8608    time: 0.7642  last_time: 0.8904  data_time: 0.2559  last_data_time: 0.2559   lr: 2.9071e-05  max_mem: 10275M
[03/19 16:11:25 d2.utils.events]:  eta: 1:43:31  iter: 6739  total_loss: 10.73  loss_ce: 0.08182  loss_mask: 0.07122  loss_dice: 0.821  loss_ce_0: 0.7948  loss_mask_0: 0.08234  loss_dice_0: 0.8781  loss_ce_1: 0.2397  loss_mask_1: 0.07951  loss_dice_1: 0.8425  loss_ce_2: 0.2674  loss_mask_2: 0.07363  loss_dice_2: 0.7344  loss_ce_3: 0.09993  loss_mask_3: 0.07445  loss_dice_3: 0.7528  loss_ce_4: 0.2808  loss_mask_4: 0.0693  loss_dice_4: 0.6754  loss_ce_5: 0.2653  loss_mask_5: 0.06952  loss_dice_5: 0.7565  loss_ce_6: 0.077  loss_mask_6: 0.07201  loss_dice_6: 0.6704  loss_ce_7: 0.07655  loss_mask_7: 0.06819  loss_dice_7: 0.7527  loss_ce_8: 0.2413  loss_mask_8: 0.06447  loss_dice_8: 0.694    time: 0.7642  last_time: 0.7846  data_time: 0.1394  last_data_time: 0.1394   lr: 2.8968e-05  max_mem: 10275M
[03/19 16:11:40 d2.utils.events]:  eta: 1:43:16  iter: 6759  total_loss: 9.38  loss_ce: 0.04712  loss_mask: 0.04956  loss_dice: 0.6992  loss_ce_0: 0.4149  loss_mask_0: 0.056  loss_dice_0: 0.73  loss_ce_1: 0.04199  loss_mask_1: 0.04766  loss_dice_1: 0.7705  loss_ce_2: 0.05433  loss_mask_2: 0.0519  loss_dice_2: 0.8748  loss_ce_3: 0.06998  loss_mask_3: 0.04769  loss_dice_3: 0.8029  loss_ce_4: 0.0534  loss_mask_4: 0.04599  loss_dice_4: 0.7276  loss_ce_5: 0.05015  loss_mask_5: 0.05229  loss_dice_5: 0.9042  loss_ce_6: 0.0616  loss_mask_6: 0.05505  loss_dice_6: 0.8778  loss_ce_7: 0.05056  loss_mask_7: 0.04285  loss_dice_7: 0.8075  loss_ce_8: 0.03953  loss_mask_8: 0.05337  loss_dice_8: 0.7995    time: 0.7641  last_time: 0.8517  data_time: 0.1748  last_data_time: 0.1748   lr: 2.8864e-05  max_mem: 10275M
[03/19 16:11:56 d2.utils.events]:  eta: 1:43:02  iter: 6779  total_loss: 17  loss_ce: 0.7205  loss_mask: 0.06186  loss_dice: 0.964  loss_ce_0: 0.9662  loss_mask_0: 0.1503  loss_dice_0: 1.226  loss_ce_1: 0.6239  loss_mask_1: 0.05116  loss_dice_1: 0.8579  loss_ce_2: 0.515  loss_mask_2: 0.06508  loss_dice_2: 0.9125  loss_ce_3: 0.6439  loss_mask_3: 0.08808  loss_dice_3: 1.024  loss_ce_4: 0.5236  loss_mask_4: 0.07224  loss_dice_4: 1.1  loss_ce_5: 0.5037  loss_mask_5: 0.07997  loss_dice_5: 1.027  loss_ce_6: 0.5606  loss_mask_6: 0.08246  loss_dice_6: 0.9426  loss_ce_7: 0.7245  loss_mask_7: 0.07078  loss_dice_7: 0.9134  loss_ce_8: 0.7658  loss_mask_8: 0.0614  loss_dice_8: 0.7023    time: 0.7641  last_time: 0.7383  data_time: 0.1165  last_data_time: 0.1165   lr: 2.8761e-05  max_mem: 10275M
[03/19 16:12:11 d2.utils.events]:  eta: 1:42:52  iter: 6799  total_loss: 7.87  loss_ce: 0.02288  loss_mask: 0.0444  loss_dice: 0.7172  loss_ce_0: 0.4514  loss_mask_0: 0.05636  loss_dice_0: 0.7754  loss_ce_1: 0.04226  loss_mask_1: 0.05068  loss_dice_1: 0.626  loss_ce_2: 0.04678  loss_mask_2: 0.04717  loss_dice_2: 0.637  loss_ce_3: 0.02892  loss_mask_3: 0.0475  loss_dice_3: 0.6498  loss_ce_4: 0.02086  loss_mask_4: 0.04945  loss_dice_4: 0.6686  loss_ce_5: 0.02376  loss_mask_5: 0.04668  loss_dice_5: 0.6481  loss_ce_6: 0.01888  loss_mask_6: 0.05438  loss_dice_6: 0.6659  loss_ce_7: 0.01895  loss_mask_7: 0.04382  loss_dice_7: 0.6319  loss_ce_8: 0.01922  loss_mask_8: 0.0484  loss_dice_8: 0.6675    time: 0.7641  last_time: 0.8840  data_time: 0.2700  last_data_time: 0.2700   lr: 2.8657e-05  max_mem: 10275M
[03/19 16:12:27 d2.utils.events]:  eta: 1:42:37  iter: 6819  total_loss: 8.168  loss_ce: 0.04481  loss_mask: 0.03238  loss_dice: 0.5334  loss_ce_0: 0.4178  loss_mask_0: 0.04824  loss_dice_0: 0.6642  loss_ce_1: 0.04044  loss_mask_1: 0.03929  loss_dice_1: 0.6387  loss_ce_2: 0.08179  loss_mask_2: 0.03668  loss_dice_2: 0.6385  loss_ce_3: 0.04501  loss_mask_3: 0.04022  loss_dice_3: 0.7003  loss_ce_4: 0.04686  loss_mask_4: 0.03905  loss_dice_4: 0.7122  loss_ce_5: 0.03894  loss_mask_5: 0.03393  loss_dice_5: 0.6108  loss_ce_6: 0.1473  loss_mask_6: 0.0427  loss_dice_6: 1.13  loss_ce_7: 0.04007  loss_mask_7: 0.03918  loss_dice_7: 0.5945  loss_ce_8: 0.04086  loss_mask_8: 0.03847  loss_dice_8: 0.6116    time: 0.7641  last_time: 0.7885  data_time: 0.1720  last_data_time: 0.1720   lr: 2.8554e-05  max_mem: 10275M
[03/19 16:12:42 d2.utils.events]:  eta: 1:42:26  iter: 6839  total_loss: 5.39  loss_ce: 0.04622  loss_mask: 0.03192  loss_dice: 0.3534  loss_ce_0: 0.6662  loss_mask_0: 0.06506  loss_dice_0: 0.4876  loss_ce_1: 0.103  loss_mask_1: 0.03119  loss_dice_1: 0.3624  loss_ce_2: 0.07575  loss_mask_2: 0.03119  loss_dice_2: 0.3692  loss_ce_3: 0.04105  loss_mask_3: 0.03004  loss_dice_3: 0.3862  loss_ce_4: 0.04248  loss_mask_4: 0.02952  loss_dice_4: 0.3186  loss_ce_5: 0.04031  loss_mask_5: 0.02784  loss_dice_5: 0.4039  loss_ce_6: 0.04844  loss_mask_6: 0.03077  loss_dice_6: 0.3946  loss_ce_7: 0.05082  loss_mask_7: 0.03588  loss_dice_7: 0.4446  loss_ce_8: 0.05048  loss_mask_8: 0.02795  loss_dice_8: 0.3633    time: 0.7641  last_time: 0.7588  data_time: 0.1430  last_data_time: 0.1430   lr: 2.845e-05  max_mem: 10275M
[03/19 16:12:58 d2.utils.events]:  eta: 1:42:11  iter: 6859  total_loss: 7.356  loss_ce: 0.03671  loss_mask: 0.04171  loss_dice: 0.51  loss_ce_0: 0.542  loss_mask_0: 0.1552  loss_dice_0: 0.74  loss_ce_1: 0.2032  loss_mask_1: 0.0443  loss_dice_1: 0.5699  loss_ce_2: 0.1974  loss_mask_2: 0.04807  loss_dice_2: 0.561  loss_ce_3: 0.0938  loss_mask_3: 0.03867  loss_dice_3: 0.5018  loss_ce_4: 0.05102  loss_mask_4: 0.04387  loss_dice_4: 0.4909  loss_ce_5: 0.04456  loss_mask_5: 0.04454  loss_dice_5: 0.5216  loss_ce_6: 0.04257  loss_mask_6: 0.04174  loss_dice_6: 0.503  loss_ce_7: 0.04146  loss_mask_7: 0.04818  loss_dice_7: 0.5552  loss_ce_8: 0.04103  loss_mask_8: 0.04469  loss_dice_8: 0.5575    time: 0.7641  last_time: 0.8206  data_time: 0.1799  last_data_time: 0.1799   lr: 2.8346e-05  max_mem: 10275M
[03/19 16:13:13 d2.utils.events]:  eta: 1:41:56  iter: 6879  total_loss: 9.489  loss_ce: 0.1493  loss_mask: 0.03975  loss_dice: 0.6973  loss_ce_0: 0.4003  loss_mask_0: 0.0532  loss_dice_0: 0.9993  loss_ce_1: 0.06545  loss_mask_1: 0.04001  loss_dice_1: 0.7367  loss_ce_2: 0.0844  loss_mask_2: 0.04466  loss_dice_2: 0.7903  loss_ce_3: 0.06517  loss_mask_3: 0.04941  loss_dice_3: 0.7584  loss_ce_4: 0.05075  loss_mask_4: 0.04605  loss_dice_4: 0.9957  loss_ce_5: 0.05571  loss_mask_5: 0.03662  loss_dice_5: 0.731  loss_ce_6: 0.06303  loss_mask_6: 0.0487  loss_dice_6: 0.7594  loss_ce_7: 0.0558  loss_mask_7: 0.04133  loss_dice_7: 0.647  loss_ce_8: 0.05984  loss_mask_8: 0.04331  loss_dice_8: 0.8812    time: 0.7640  last_time: 0.7666  data_time: 0.1409  last_data_time: 0.1409   lr: 2.8242e-05  max_mem: 10275M
[03/19 16:13:28 d2.utils.events]:  eta: 1:41:37  iter: 6899  total_loss: 7.228  loss_ce: 0.08296  loss_mask: 0.04053  loss_dice: 0.444  loss_ce_0: 0.9084  loss_mask_0: 0.06454  loss_dice_0: 0.6743  loss_ce_1: 0.04051  loss_mask_1: 0.05573  loss_dice_1: 0.6071  loss_ce_2: 0.1566  loss_mask_2: 0.04541  loss_dice_2: 0.6327  loss_ce_3: 0.04736  loss_mask_3: 0.05043  loss_dice_3: 0.4791  loss_ce_4: 0.02896  loss_mask_4: 0.05145  loss_dice_4: 0.4851  loss_ce_5: 0.02653  loss_mask_5: 0.0462  loss_dice_5: 0.4932  loss_ce_6: 0.02629  loss_mask_6: 0.04895  loss_dice_6: 0.5294  loss_ce_7: 0.02437  loss_mask_7: 0.04229  loss_dice_7: 0.5299  loss_ce_8: 0.02455  loss_mask_8: 0.05076  loss_dice_8: 0.4898    time: 0.7640  last_time: 0.7831  data_time: 0.1630  last_data_time: 0.1630   lr: 2.8139e-05  max_mem: 10275M
[03/19 16:13:43 d2.utils.events]:  eta: 1:41:22  iter: 6919  total_loss: 7.317  loss_ce: 0.04564  loss_mask: 0.04943  loss_dice: 0.6116  loss_ce_0: 0.6301  loss_mask_0: 0.06809  loss_dice_0: 0.7079  loss_ce_1: 0.07133  loss_mask_1: 0.04765  loss_dice_1: 0.5581  loss_ce_2: 0.05626  loss_mask_2: 0.04479  loss_dice_2: 0.511  loss_ce_3: 0.06026  loss_mask_3: 0.04346  loss_dice_3: 0.5543  loss_ce_4: 0.04436  loss_mask_4: 0.04447  loss_dice_4: 0.5017  loss_ce_5: 0.04111  loss_mask_5: 0.04548  loss_dice_5: 0.5449  loss_ce_6: 0.04287  loss_mask_6: 0.05007  loss_dice_6: 0.5564  loss_ce_7: 0.04313  loss_mask_7: 0.04728  loss_dice_7: 0.5566  loss_ce_8: 0.04357  loss_mask_8: 0.05451  loss_dice_8: 0.6408    time: 0.7640  last_time: 0.7798  data_time: 0.1443  last_data_time: 0.1443   lr: 2.8035e-05  max_mem: 10275M
[03/19 16:13:59 d2.utils.events]:  eta: 1:41:05  iter: 6939  total_loss: 11.81  loss_ce: 0.1512  loss_mask: 0.04659  loss_dice: 1.033  loss_ce_0: 0.4491  loss_mask_0: 0.05527  loss_dice_0: 1.124  loss_ce_1: 0.1877  loss_mask_1: 0.0541  loss_dice_1: 1.044  loss_ce_2: 0.1542  loss_mask_2: 0.05323  loss_dice_2: 1.066  loss_ce_3: 0.1521  loss_mask_3: 0.04549  loss_dice_3: 0.7732  loss_ce_4: 0.1562  loss_mask_4: 0.05215  loss_dice_4: 1.046  loss_ce_5: 0.1766  loss_mask_5: 0.04732  loss_dice_5: 0.9898  loss_ce_6: 0.1601  loss_mask_6: 0.04683  loss_dice_6: 0.6286  loss_ce_7: 0.1512  loss_mask_7: 0.04576  loss_dice_7: 1.028  loss_ce_8: 0.1746  loss_mask_8: 0.04818  loss_dice_8: 0.6665    time: 0.7639  last_time: 0.7495  data_time: 0.1126  last_data_time: 0.1126   lr: 2.7931e-05  max_mem: 10275M
[03/19 16:14:14 d2.utils.events]:  eta: 1:40:48  iter: 6959  total_loss: 11.41  loss_ce: 0.1021  loss_mask: 0.07612  loss_dice: 0.7958  loss_ce_0: 1.131  loss_mask_0: 0.1516  loss_dice_0: 1.058  loss_ce_1: 0.2775  loss_mask_1: 0.08193  loss_dice_1: 0.69  loss_ce_2: 0.1772  loss_mask_2: 0.09005  loss_dice_2: 0.6837  loss_ce_3: 0.08276  loss_mask_3: 0.08429  loss_dice_3: 0.8297  loss_ce_4: 0.08088  loss_mask_4: 0.08171  loss_dice_4: 0.9902  loss_ce_5: 0.08021  loss_mask_5: 0.07832  loss_dice_5: 0.8028  loss_ce_6: 0.09308  loss_mask_6: 0.07878  loss_dice_6: 0.7955  loss_ce_7: 0.09868  loss_mask_7: 0.07927  loss_dice_7: 0.8752  loss_ce_8: 0.08176  loss_mask_8: 0.07358  loss_dice_8: 0.8128    time: 0.7640  last_time: 0.7640  data_time: 0.1394  last_data_time: 0.1394   lr: 2.7827e-05  max_mem: 10275M
[03/19 16:14:30 d2.utils.events]:  eta: 1:40:33  iter: 6979  total_loss: 11.6  loss_ce: 0.05206  loss_mask: 0.07609  loss_dice: 1.121  loss_ce_0: 0.4128  loss_mask_0: 0.1047  loss_dice_0: 1.359  loss_ce_1: 0.07815  loss_mask_1: 0.0712  loss_dice_1: 1.034  loss_ce_2: 0.05373  loss_mask_2: 0.05781  loss_dice_2: 0.8733  loss_ce_3: 0.04945  loss_mask_3: 0.05999  loss_dice_3: 1.024  loss_ce_4: 0.04417  loss_mask_4: 0.0558  loss_dice_4: 0.817  loss_ce_5: 0.05167  loss_mask_5: 0.0628  loss_dice_5: 0.8544  loss_ce_6: 0.05827  loss_mask_6: 0.07725  loss_dice_6: 0.9944  loss_ce_7: 0.05223  loss_mask_7: 0.07561  loss_dice_7: 0.9444  loss_ce_8: 0.05455  loss_mask_8: 0.07907  loss_dice_8: 0.9479    time: 0.7640  last_time: 0.7538  data_time: 0.1450  last_data_time: 0.1450   lr: 2.7723e-05  max_mem: 10275M
[03/19 16:14:46 d2.utils.events]:  eta: 1:40:19  iter: 6999  total_loss: 11.93  loss_ce: 0.2217  loss_mask: 0.04483  loss_dice: 0.905  loss_ce_0: 0.8974  loss_mask_0: 0.0596  loss_dice_0: 1.003  loss_ce_1: 0.2455  loss_mask_1: 0.04362  loss_dice_1: 0.7389  loss_ce_2: 0.2319  loss_mask_2: 0.04427  loss_dice_2: 1.011  loss_ce_3: 0.08571  loss_mask_3: 0.04305  loss_dice_3: 0.9229  loss_ce_4: 0.2392  loss_mask_4: 0.04525  loss_dice_4: 0.928  loss_ce_5: 0.2531  loss_mask_5: 0.04098  loss_dice_5: 0.9453  loss_ce_6: 0.1299  loss_mask_6: 0.04025  loss_dice_6: 0.6454  loss_ce_7: 0.2157  loss_mask_7: 0.04341  loss_dice_7: 0.9135  loss_ce_8: 0.1131  loss_mask_8: 0.04389  loss_dice_8: 0.8394    time: 0.7640  last_time: 0.7627  data_time: 0.1376  last_data_time: 0.1376   lr: 2.7618e-05  max_mem: 10275M
[03/19 16:15:01 d2.utils.events]:  eta: 1:40:06  iter: 7019  total_loss: 11.23  loss_ce: 0.4313  loss_mask: 0.03241  loss_dice: 0.6972  loss_ce_0: 0.5033  loss_mask_0: 0.04181  loss_dice_0: 0.8797  loss_ce_1: 0.2446  loss_mask_1: 0.02867  loss_dice_1: 0.6695  loss_ce_2: 0.4086  loss_mask_2: 0.02725  loss_dice_2: 0.8848  loss_ce_3: 0.27  loss_mask_3: 0.02519  loss_dice_3: 0.4317  loss_ce_4: 0.3298  loss_mask_4: 0.0317  loss_dice_4: 0.8936  loss_ce_5: 0.2655  loss_mask_5: 0.03546  loss_dice_5: 0.7827  loss_ce_6: 0.2053  loss_mask_6: 0.03033  loss_dice_6: 0.7135  loss_ce_7: 0.2056  loss_mask_7: 0.03652  loss_dice_7: 0.8278  loss_ce_8: 0.4205  loss_mask_8: 0.02905  loss_dice_8: 0.847    time: 0.7640  last_time: 0.7409  data_time: 0.1113  last_data_time: 0.1113   lr: 2.7514e-05  max_mem: 10275M
[03/19 16:15:16 d2.utils.events]:  eta: 1:39:44  iter: 7039  total_loss: 6.89  loss_ce: 0.02434  loss_mask: 0.04727  loss_dice: 0.5799  loss_ce_0: 0.3322  loss_mask_0: 0.04076  loss_dice_0: 0.578  loss_ce_1: 0.03468  loss_mask_1: 0.03679  loss_dice_1: 0.448  loss_ce_2: 0.02944  loss_mask_2: 0.03724  loss_dice_2: 0.5837  loss_ce_3: 0.03081  loss_mask_3: 0.04694  loss_dice_3: 0.6365  loss_ce_4: 0.01984  loss_mask_4: 0.04941  loss_dice_4: 0.7058  loss_ce_5: 0.01933  loss_mask_5: 0.03718  loss_dice_5: 0.5288  loss_ce_6: 0.02294  loss_mask_6: 0.04412  loss_dice_6: 0.5878  loss_ce_7: 0.02143  loss_mask_7: 0.04747  loss_dice_7: 0.6195  loss_ce_8: 0.02169  loss_mask_8: 0.04858  loss_dice_8: 0.6292    time: 0.7639  last_time: 0.7339  data_time: 0.1188  last_data_time: 0.1188   lr: 2.741e-05  max_mem: 10275M
[03/19 16:15:31 d2.utils.events]:  eta: 1:39:24  iter: 7059  total_loss: 7.948  loss_ce: 0.02276  loss_mask: 0.04763  loss_dice: 0.6563  loss_ce_0: 0.473  loss_mask_0: 0.05357  loss_dice_0: 0.756  loss_ce_1: 0.06152  loss_mask_1: 0.0433  loss_dice_1: 0.6149  loss_ce_2: 0.04538  loss_mask_2: 0.04667  loss_dice_2: 0.573  loss_ce_3: 0.03424  loss_mask_3: 0.04308  loss_dice_3: 0.5581  loss_ce_4: 0.02931  loss_mask_4: 0.04029  loss_dice_4: 0.7521  loss_ce_5: 0.0217  loss_mask_5: 0.0508  loss_dice_5: 0.7855  loss_ce_6: 0.0205  loss_mask_6: 0.04687  loss_dice_6: 0.6951  loss_ce_7: 0.0204  loss_mask_7: 0.04086  loss_dice_7: 0.6494  loss_ce_8: 0.02089  loss_mask_8: 0.04288  loss_dice_8: 0.7023    time: 0.7639  last_time: 0.7631  data_time: 0.1378  last_data_time: 0.1378   lr: 2.7306e-05  max_mem: 10275M
[03/19 16:15:47 d2.utils.events]:  eta: 1:39:05  iter: 7079  total_loss: 10.01  loss_ce: 0.3147  loss_mask: 0.056  loss_dice: 0.6763  loss_ce_0: 0.7203  loss_mask_0: 0.07251  loss_dice_0: 0.694  loss_ce_1: 0.1939  loss_mask_1: 0.05377  loss_dice_1: 0.6881  loss_ce_2: 0.1473  loss_mask_2: 0.05294  loss_dice_2: 0.6166  loss_ce_3: 0.3262  loss_mask_3: 0.05395  loss_dice_3: 0.6956  loss_ce_4: 0.288  loss_mask_4: 0.05382  loss_dice_4: 0.6492  loss_ce_5: 0.1653  loss_mask_5: 0.0559  loss_dice_5: 0.7084  loss_ce_6: 0.1528  loss_mask_6: 0.05706  loss_dice_6: 0.6345  loss_ce_7: 0.1707  loss_mask_7: 0.05287  loss_dice_7: 0.5925  loss_ce_8: 0.2676  loss_mask_8: 0.05486  loss_dice_8: 0.7444    time: 0.7639  last_time: 0.7663  data_time: 0.1418  last_data_time: 0.1418   lr: 2.7201e-05  max_mem: 10275M
[03/19 16:16:02 d2.utils.events]:  eta: 1:38:53  iter: 7099  total_loss: 8.532  loss_ce: 0.04446  loss_mask: 0.04674  loss_dice: 0.7413  loss_ce_0: 0.5103  loss_mask_0: 0.07167  loss_dice_0: 0.7413  loss_ce_1: 0.1121  loss_mask_1: 0.0511  loss_dice_1: 0.7579  loss_ce_2: 0.08836  loss_mask_2: 0.05213  loss_dice_2: 0.6338  loss_ce_3: 0.0622  loss_mask_3: 0.04822  loss_dice_3: 0.709  loss_ce_4: 0.06534  loss_mask_4: 0.0468  loss_dice_4: 0.6335  loss_ce_5: 0.0653  loss_mask_5: 0.05517  loss_dice_5: 0.7056  loss_ce_6: 0.05048  loss_mask_6: 0.04342  loss_dice_6: 0.6713  loss_ce_7: 0.04757  loss_mask_7: 0.04591  loss_dice_7: 0.6837  loss_ce_8: 0.04571  loss_mask_8: 0.05093  loss_dice_8: 0.6502    time: 0.7639  last_time: 0.7307  data_time: 0.1043  last_data_time: 0.1043   lr: 2.7097e-05  max_mem: 10275M
[03/19 16:16:18 d2.utils.events]:  eta: 1:38:44  iter: 7119  total_loss: 11.51  loss_ce: 0.2873  loss_mask: 0.04778  loss_dice: 0.7211  loss_ce_0: 0.7249  loss_mask_0: 0.06248  loss_dice_0: 1.037  loss_ce_1: 0.284  loss_mask_1: 0.05304  loss_dice_1: 0.8583  loss_ce_2: 0.3077  loss_mask_2: 0.04775  loss_dice_2: 0.7852  loss_ce_3: 0.1833  loss_mask_3: 0.0445  loss_dice_3: 0.7427  loss_ce_4: 0.326  loss_mask_4: 0.04817  loss_dice_4: 0.7302  loss_ce_5: 0.1317  loss_mask_5: 0.05269  loss_dice_5: 0.9412  loss_ce_6: 0.1635  loss_mask_6: 0.05874  loss_dice_6: 0.8346  loss_ce_7: 0.2732  loss_mask_7: 0.05524  loss_dice_7: 0.7698  loss_ce_8: 0.1665  loss_mask_8: 0.04579  loss_dice_8: 0.7239    time: 0.7639  last_time: 0.8639  data_time: 0.2206  last_data_time: 0.2206   lr: 2.6993e-05  max_mem: 10275M
[03/19 16:16:33 d2.utils.events]:  eta: 1:38:27  iter: 7139  total_loss: 6.863  loss_ce: 0.08583  loss_mask: 0.02216  loss_dice: 0.6796  loss_ce_0: 0.3912  loss_mask_0: 0.01707  loss_dice_0: 0.5523  loss_ce_1: 0.05683  loss_mask_1: 0.01856  loss_dice_1: 0.5186  loss_ce_2: 0.04541  loss_mask_2: 0.01727  loss_dice_2: 0.5549  loss_ce_3: 0.07651  loss_mask_3: 0.01303  loss_dice_3: 0.489  loss_ce_4: 0.05576  loss_mask_4: 0.01623  loss_dice_4: 0.4634  loss_ce_5: 0.06028  loss_mask_5: 0.02084  loss_dice_5: 0.6669  loss_ce_6: 0.08637  loss_mask_6: 0.01742  loss_dice_6: 0.6064  loss_ce_7: 0.07701  loss_mask_7: 0.01914  loss_dice_7: 0.599  loss_ce_8: 0.07085  loss_mask_8: 0.01658  loss_dice_8: 0.549    time: 0.7638  last_time: 0.7494  data_time: 0.1320  last_data_time: 0.1320   lr: 2.6888e-05  max_mem: 10275M
[03/19 16:16:48 d2.utils.events]:  eta: 1:38:08  iter: 7159  total_loss: 11.19  loss_ce: 0.1229  loss_mask: 0.06098  loss_dice: 0.8385  loss_ce_0: 0.7193  loss_mask_0: 0.07042  loss_dice_0: 0.8926  loss_ce_1: 0.1261  loss_mask_1: 0.05845  loss_dice_1: 0.7936  loss_ce_2: 0.2588  loss_mask_2: 0.0649  loss_dice_2: 0.8475  loss_ce_3: 0.1341  loss_mask_3: 0.07182  loss_dice_3: 0.939  loss_ce_4: 0.1154  loss_mask_4: 0.07167  loss_dice_4: 0.975  loss_ce_5: 0.1496  loss_mask_5: 0.06301  loss_dice_5: 0.7902  loss_ce_6: 0.139  loss_mask_6: 0.06219  loss_dice_6: 0.9063  loss_ce_7: 0.1333  loss_mask_7: 0.05635  loss_dice_7: 0.7575  loss_ce_8: 0.126  loss_mask_8: 0.05977  loss_dice_8: 0.7869    time: 0.7638  last_time: 0.7726  data_time: 0.1411  last_data_time: 0.1411   lr: 2.6784e-05  max_mem: 10275M
[03/19 16:17:04 d2.utils.events]:  eta: 1:37:50  iter: 7179  total_loss: 4.674  loss_ce: 0.02132  loss_mask: 0.04257  loss_dice: 0.3995  loss_ce_0: 0.3714  loss_mask_0: 0.04257  loss_dice_0: 0.3635  loss_ce_1: 0.02593  loss_mask_1: 0.03666  loss_dice_1: 0.3169  loss_ce_2: 0.01892  loss_mask_2: 0.04114  loss_dice_2: 0.3769  loss_ce_3: 0.02154  loss_mask_3: 0.03449  loss_dice_3: 0.3192  loss_ce_4: 0.0201  loss_mask_4: 0.03958  loss_dice_4: 0.3995  loss_ce_5: 0.01789  loss_mask_5: 0.04448  loss_dice_5: 0.3905  loss_ce_6: 0.01882  loss_mask_6: 0.04209  loss_dice_6: 0.399  loss_ce_7: 0.01937  loss_mask_7: 0.04184  loss_dice_7: 0.3948  loss_ce_8: 0.01855  loss_mask_8: 0.04  loss_dice_8: 0.3551    time: 0.7638  last_time: 0.7591  data_time: 0.1407  last_data_time: 0.1407   lr: 2.6679e-05  max_mem: 10275M
[03/19 16:17:19 d2.utils.events]:  eta: 1:37:36  iter: 7199  total_loss: 10.5  loss_ce: 0.1419  loss_mask: 0.04002  loss_dice: 0.9016  loss_ce_0: 0.6001  loss_mask_0: 0.04629  loss_dice_0: 0.6138  loss_ce_1: 0.3714  loss_mask_1: 0.04898  loss_dice_1: 0.9461  loss_ce_2: 0.2786  loss_mask_2: 0.03936  loss_dice_2: 0.6682  loss_ce_3: 0.2893  loss_mask_3: 0.04238  loss_dice_3: 0.5672  loss_ce_4: 0.3089  loss_mask_4: 0.04517  loss_dice_4: 0.6524  loss_ce_5: 0.2867  loss_mask_5: 0.0404  loss_dice_5: 0.5722  loss_ce_6: 0.2811  loss_mask_6: 0.04593  loss_dice_6: 0.7935  loss_ce_7: 0.2999  loss_mask_7: 0.04177  loss_dice_7: 0.5848  loss_ce_8: 0.2933  loss_mask_8: 0.04244  loss_dice_8: 0.6159    time: 0.7638  last_time: 0.7921  data_time: 0.1696  last_data_time: 0.1696   lr: 2.6575e-05  max_mem: 10275M
[03/19 16:17:35 d2.utils.events]:  eta: 1:37:20  iter: 7219  total_loss: 6.938  loss_ce: 0.01473  loss_mask: 0.0334  loss_dice: 0.5884  loss_ce_0: 0.3456  loss_mask_0: 0.04209  loss_dice_0: 0.7242  loss_ce_1: 0.03105  loss_mask_1: 0.02997  loss_dice_1: 0.633  loss_ce_2: 0.01961  loss_mask_2: 0.03301  loss_dice_2: 0.5923  loss_ce_3: 0.03599  loss_mask_3: 0.03392  loss_dice_3: 0.5959  loss_ce_4: 0.01895  loss_mask_4: 0.03139  loss_dice_4: 0.5678  loss_ce_5: 0.01603  loss_mask_5: 0.0378  loss_dice_5: 0.6324  loss_ce_6: 0.01874  loss_mask_6: 0.034  loss_dice_6: 0.5708  loss_ce_7: 0.01571  loss_mask_7: 0.03706  loss_dice_7: 0.6284  loss_ce_8: 0.01394  loss_mask_8: 0.03256  loss_dice_8: 0.529    time: 0.7638  last_time: 0.7384  data_time: 0.1205  last_data_time: 0.1205   lr: 2.647e-05  max_mem: 10275M
[03/19 16:17:50 d2.utils.events]:  eta: 1:37:01  iter: 7239  total_loss: 5.218  loss_ce: 0.01795  loss_mask: 0.05629  loss_dice: 0.3981  loss_ce_0: 0.4329  loss_mask_0: 0.07022  loss_dice_0: 0.4762  loss_ce_1: 0.05063  loss_mask_1: 0.05826  loss_dice_1: 0.3774  loss_ce_2: 0.03669  loss_mask_2: 0.05869  loss_dice_2: 0.3902  loss_ce_3: 0.02093  loss_mask_3: 0.054  loss_dice_3: 0.3994  loss_ce_4: 0.02096  loss_mask_4: 0.05576  loss_dice_4: 0.3801  loss_ce_5: 0.01831  loss_mask_5: 0.06049  loss_dice_5: 0.381  loss_ce_6: 0.01756  loss_mask_6: 0.05865  loss_dice_6: 0.4061  loss_ce_7: 0.01586  loss_mask_7: 0.05604  loss_dice_7: 0.3738  loss_ce_8: 0.01576  loss_mask_8: 0.05805  loss_dice_8: 0.4012    time: 0.7637  last_time: 0.7613  data_time: 0.1241  last_data_time: 0.1241   lr: 2.6366e-05  max_mem: 10275M
[03/19 16:18:05 d2.utils.events]:  eta: 1:36:41  iter: 7259  total_loss: 10.02  loss_ce: 0.1231  loss_mask: 0.08737  loss_dice: 0.6208  loss_ce_0: 0.8564  loss_mask_0: 0.3467  loss_dice_0: 0.894  loss_ce_1: 0.1559  loss_mask_1: 0.09528  loss_dice_1: 0.6884  loss_ce_2: 0.1164  loss_mask_2: 0.09323  loss_dice_2: 0.688  loss_ce_3: 0.1117  loss_mask_3: 0.09445  loss_dice_3: 0.6961  loss_ce_4: 0.1096  loss_mask_4: 0.08635  loss_dice_4: 0.6358  loss_ce_5: 0.1222  loss_mask_5: 0.08909  loss_dice_5: 0.6782  loss_ce_6: 0.1321  loss_mask_6: 0.09699  loss_dice_6: 0.6963  loss_ce_7: 0.1148  loss_mask_7: 0.09569  loss_dice_7: 0.6253  loss_ce_8: 0.1195  loss_mask_8: 0.09597  loss_dice_8: 0.6527    time: 0.7637  last_time: 0.8109  data_time: 0.1940  last_data_time: 0.1940   lr: 2.6261e-05  max_mem: 10275M
[03/19 16:18:20 d2.utils.events]:  eta: 1:36:27  iter: 7279  total_loss: 11.94  loss_ce: 0.3977  loss_mask: 0.04672  loss_dice: 0.7103  loss_ce_0: 0.7819  loss_mask_0: 0.06603  loss_dice_0: 0.9943  loss_ce_1: 0.3927  loss_mask_1: 0.04155  loss_dice_1: 0.6773  loss_ce_2: 0.4559  loss_mask_2: 0.04174  loss_dice_2: 0.6868  loss_ce_3: 0.4515  loss_mask_3: 0.03826  loss_dice_3: 0.5421  loss_ce_4: 0.4596  loss_mask_4: 0.04035  loss_dice_4: 0.5818  loss_ce_5: 0.4273  loss_mask_5: 0.04816  loss_dice_5: 0.7882  loss_ce_6: 0.4336  loss_mask_6: 0.04839  loss_dice_6: 0.6317  loss_ce_7: 0.3852  loss_mask_7: 0.05033  loss_dice_7: 0.6378  loss_ce_8: 0.4597  loss_mask_8: 0.04411  loss_dice_8: 0.5825    time: 0.7637  last_time: 0.8474  data_time: 0.1640  last_data_time: 0.1640   lr: 2.6157e-05  max_mem: 10275M
[03/19 16:18:36 d2.utils.events]:  eta: 1:36:15  iter: 7299  total_loss: 12.12  loss_ce: 0.1034  loss_mask: 0.03568  loss_dice: 0.9073  loss_ce_0: 1.002  loss_mask_0: 0.0531  loss_dice_0: 1.145  loss_ce_1: 0.1971  loss_mask_1: 0.03323  loss_dice_1: 0.8096  loss_ce_2: 0.236  loss_mask_2: 0.03155  loss_dice_2: 0.9607  loss_ce_3: 0.2103  loss_mask_3: 0.03492  loss_dice_3: 0.9001  loss_ce_4: 0.2035  loss_mask_4: 0.03713  loss_dice_4: 0.9379  loss_ce_5: 0.1827  loss_mask_5: 0.03435  loss_dice_5: 0.819  loss_ce_6: 0.1916  loss_mask_6: 0.03077  loss_dice_6: 0.7374  loss_ce_7: 0.1909  loss_mask_7: 0.0333  loss_dice_7: 0.86  loss_ce_8: 0.2713  loss_mask_8: 0.03322  loss_dice_8: 0.9002    time: 0.7637  last_time: 0.7756  data_time: 0.1476  last_data_time: 0.1476   lr: 2.6052e-05  max_mem: 10275M
[03/19 16:18:51 d2.utils.events]:  eta: 1:35:58  iter: 7319  total_loss: 8.761  loss_ce: 0.3172  loss_mask: 0.02687  loss_dice: 0.3992  loss_ce_0: 0.8597  loss_mask_0: 0.03316  loss_dice_0: 0.4722  loss_ce_1: 0.07209  loss_mask_1: 0.07253  loss_dice_1: 0.8872  loss_ce_2: 0.265  loss_mask_2: 0.0256  loss_dice_2: 0.6306  loss_ce_3: 0.2172  loss_mask_3: 0.02486  loss_dice_3: 0.4281  loss_ce_4: 0.2187  loss_mask_4: 0.02461  loss_dice_4: 0.348  loss_ce_5: 0.2331  loss_mask_5: 0.02668  loss_dice_5: 0.6753  loss_ce_6: 0.2784  loss_mask_6: 0.02583  loss_dice_6: 0.6252  loss_ce_7: 0.132  loss_mask_7: 0.02538  loss_dice_7: 0.7113  loss_ce_8: 0.3172  loss_mask_8: 0.0231  loss_dice_8: 0.3652    time: 0.7637  last_time: 0.7980  data_time: 0.1666  last_data_time: 0.1666   lr: 2.5947e-05  max_mem: 10275M
[03/19 16:19:07 d2.utils.events]:  eta: 1:35:45  iter: 7339  total_loss: 14.19  loss_ce: 0.4982  loss_mask: 0.08217  loss_dice: 0.811  loss_ce_0: 0.4747  loss_mask_0: 0.1396  loss_dice_0: 1.106  loss_ce_1: 0.4237  loss_mask_1: 0.08386  loss_dice_1: 0.7349  loss_ce_2: 0.5094  loss_mask_2: 0.08489  loss_dice_2: 0.7231  loss_ce_3: 0.7452  loss_mask_3: 0.09806  loss_dice_3: 0.8245  loss_ce_4: 0.5055  loss_mask_4: 0.09038  loss_dice_4: 0.8391  loss_ce_5: 0.474  loss_mask_5: 0.08375  loss_dice_5: 0.8462  loss_ce_6: 0.4984  loss_mask_6: 0.07667  loss_dice_6: 0.73  loss_ce_7: 0.4938  loss_mask_7: 0.08373  loss_dice_7: 0.8347  loss_ce_8: 0.4835  loss_mask_8: 0.08721  loss_dice_8: 0.7245    time: 0.7636  last_time: 0.8099  data_time: 0.1735  last_data_time: 0.1735   lr: 2.5843e-05  max_mem: 10275M
[03/19 16:19:23 d2.utils.events]:  eta: 1:35:30  iter: 7359  total_loss: 8.679  loss_ce: 0.01722  loss_mask: 0.06057  loss_dice: 0.7555  loss_ce_0: 0.5142  loss_mask_0: 0.06385  loss_dice_0: 0.9145  loss_ce_1: 0.02788  loss_mask_1: 0.06388  loss_dice_1: 0.7369  loss_ce_2: 0.0329  loss_mask_2: 0.06112  loss_dice_2: 0.7091  loss_ce_3: 0.02731  loss_mask_3: 0.05886  loss_dice_3: 0.7218  loss_ce_4: 0.02129  loss_mask_4: 0.05548  loss_dice_4: 0.6786  loss_ce_5: 0.01783  loss_mask_5: 0.05195  loss_dice_5: 0.6852  loss_ce_6: 0.01925  loss_mask_6: 0.05872  loss_dice_6: 0.7207  loss_ce_7: 0.01645  loss_mask_7: 0.05106  loss_dice_7: 0.7465  loss_ce_8: 0.01654  loss_mask_8: 0.05901  loss_dice_8: 0.7151    time: 0.7637  last_time: 0.7453  data_time: 0.1091  last_data_time: 0.1091   lr: 2.5738e-05  max_mem: 10275M
[03/19 16:19:38 d2.utils.events]:  eta: 1:35:16  iter: 7379  total_loss: 6.879  loss_ce: 0.07335  loss_mask: 0.02344  loss_dice: 0.5155  loss_ce_0: 0.4192  loss_mask_0: 0.05114  loss_dice_0: 0.7083  loss_ce_1: 0.1504  loss_mask_1: 0.03054  loss_dice_1: 0.5614  loss_ce_2: 0.09041  loss_mask_2: 0.02893  loss_dice_2: 0.4983  loss_ce_3: 0.07204  loss_mask_3: 0.03033  loss_dice_3: 0.4786  loss_ce_4: 0.09396  loss_mask_4: 0.02813  loss_dice_4: 0.4141  loss_ce_5: 0.06478  loss_mask_5: 0.02898  loss_dice_5: 0.5488  loss_ce_6: 0.0724  loss_mask_6: 0.03006  loss_dice_6: 0.5184  loss_ce_7: 0.06688  loss_mask_7: 0.02735  loss_dice_7: 0.5335  loss_ce_8: 0.07382  loss_mask_8: 0.03077  loss_dice_8: 0.6153    time: 0.7637  last_time: 0.7884  data_time: 0.1592  last_data_time: 0.1592   lr: 2.5633e-05  max_mem: 10275M
[03/19 16:19:55 d2.utils.events]:  eta: 1:35:05  iter: 7399  total_loss: 7.597  loss_ce: 0.03663  loss_mask: 0.02749  loss_dice: 0.6884  loss_ce_0: 0.4146  loss_mask_0: 0.02423  loss_dice_0: 0.6928  loss_ce_1: 0.04598  loss_mask_1: 0.03726  loss_dice_1: 0.6927  loss_ce_2: 0.09713  loss_mask_2: 0.02666  loss_dice_2: 0.7272  loss_ce_3: 0.03693  loss_mask_3: 0.02713  loss_dice_3: 0.6214  loss_ce_4: 0.03288  loss_mask_4: 0.02997  loss_dice_4: 0.6553  loss_ce_5: 0.03465  loss_mask_5: 0.02512  loss_dice_5: 0.6149  loss_ce_6: 0.03311  loss_mask_6: 0.03081  loss_dice_6: 0.6538  loss_ce_7: 0.03459  loss_mask_7: 0.02599  loss_dice_7: 0.5915  loss_ce_8: 0.03364  loss_mask_8: 0.02525  loss_dice_8: 0.5785    time: 0.7639  last_time: 0.7361  data_time: 0.1064  last_data_time: 0.1064   lr: 2.5529e-05  max_mem: 10275M
[03/19 16:20:10 d2.utils.events]:  eta: 1:34:54  iter: 7419  total_loss: 5.788  loss_ce: 0.02377  loss_mask: 0.04309  loss_dice: 0.4879  loss_ce_0: 0.3393  loss_mask_0: 0.03809  loss_dice_0: 0.3981  loss_ce_1: 0.02612  loss_mask_1: 0.04468  loss_dice_1: 0.4877  loss_ce_2: 0.02979  loss_mask_2: 0.0412  loss_dice_2: 0.4469  loss_ce_3: 0.02018  loss_mask_3: 0.04647  loss_dice_3: 0.4515  loss_ce_4: 0.02194  loss_mask_4: 0.04245  loss_dice_4: 0.5392  loss_ce_5: 0.02257  loss_mask_5: 0.04507  loss_dice_5: 0.5525  loss_ce_6: 0.02498  loss_mask_6: 0.04058  loss_dice_6: 0.4694  loss_ce_7: 0.02293  loss_mask_7: 0.04189  loss_dice_7: 0.4976  loss_ce_8: 0.02373  loss_mask_8: 0.04198  loss_dice_8: 0.4764    time: 0.7639  last_time: 0.8017  data_time: 0.1790  last_data_time: 0.1790   lr: 2.5424e-05  max_mem: 10275M
[03/19 16:20:26 d2.utils.events]:  eta: 1:34:40  iter: 7439  total_loss: 7.486  loss_ce: 0.07744  loss_mask: 0.02569  loss_dice: 0.5089  loss_ce_0: 0.6065  loss_mask_0: 0.02993  loss_dice_0: 0.7766  loss_ce_1: 0.1773  loss_mask_1: 0.02544  loss_dice_1: 0.641  loss_ce_2: 0.09537  loss_mask_2: 0.02596  loss_dice_2: 0.5811  loss_ce_3: 0.1056  loss_mask_3: 0.02165  loss_dice_3: 0.521  loss_ce_4: 0.1052  loss_mask_4: 0.02303  loss_dice_4: 0.5018  loss_ce_5: 0.08339  loss_mask_5: 0.02074  loss_dice_5: 0.5178  loss_ce_6: 0.07849  loss_mask_6: 0.02459  loss_dice_6: 0.5346  loss_ce_7: 0.08375  loss_mask_7: 0.02353  loss_dice_7: 0.5602  loss_ce_8: 0.08047  loss_mask_8: 0.02495  loss_dice_8: 0.6041    time: 0.7639  last_time: 0.7482  data_time: 0.1224  last_data_time: 0.1224   lr: 2.5319e-05  max_mem: 10275M
[03/19 16:20:42 d2.utils.events]:  eta: 1:34:26  iter: 7459  total_loss: 5.988  loss_ce: 0.01577  loss_mask: 0.03538  loss_dice: 0.4914  loss_ce_0: 0.6331  loss_mask_0: 0.04422  loss_dice_0: 0.4989  loss_ce_1: 0.03387  loss_mask_1: 0.03679  loss_dice_1: 0.4606  loss_ce_2: 0.0321  loss_mask_2: 0.0354  loss_dice_2: 0.4207  loss_ce_3: 0.04118  loss_mask_3: 0.03645  loss_dice_3: 0.4665  loss_ce_4: 0.02953  loss_mask_4: 0.03975  loss_dice_4: 0.4891  loss_ce_5: 0.03341  loss_mask_5: 0.03901  loss_dice_5: 0.5358  loss_ce_6: 0.01967  loss_mask_6: 0.03828  loss_dice_6: 0.4629  loss_ce_7: 0.01775  loss_mask_7: 0.04089  loss_dice_7: 0.4983  loss_ce_8: 0.01538  loss_mask_8: 0.03445  loss_dice_8: 0.4112    time: 0.7639  last_time: 0.7875  data_time: 0.1550  last_data_time: 0.1550   lr: 2.5215e-05  max_mem: 10275M
[03/19 16:20:58 d2.utils.events]:  eta: 1:34:09  iter: 7479  total_loss: 5.666  loss_ce: 0.0277  loss_mask: 0.03588  loss_dice: 0.4271  loss_ce_0: 0.3809  loss_mask_0: 0.04585  loss_dice_0: 0.4745  loss_ce_1: 0.07915  loss_mask_1: 0.04513  loss_dice_1: 0.43  loss_ce_2: 0.03545  loss_mask_2: 0.04938  loss_dice_2: 0.4844  loss_ce_3: 0.03581  loss_mask_3: 0.0469  loss_dice_3: 0.4408  loss_ce_4: 0.03024  loss_mask_4: 0.04267  loss_dice_4: 0.4817  loss_ce_5: 0.02779  loss_mask_5: 0.04259  loss_dice_5: 0.4583  loss_ce_6: 0.03053  loss_mask_6: 0.04503  loss_dice_6: 0.4369  loss_ce_7: 0.03016  loss_mask_7: 0.04524  loss_dice_7: 0.5017  loss_ce_8: 0.02398  loss_mask_8: 0.03258  loss_dice_8: 0.3978    time: 0.7639  last_time: 0.7592  data_time: 0.1324  last_data_time: 0.1324   lr: 2.511e-05  max_mem: 10275M
[03/19 16:21:13 d2.utils.events]:  eta: 1:33:53  iter: 7499  total_loss: 7.718  loss_ce: 0.04968  loss_mask: 0.02299  loss_dice: 0.671  loss_ce_0: 0.5484  loss_mask_0: 0.03479  loss_dice_0: 0.7818  loss_ce_1: 0.08529  loss_mask_1: 0.02378  loss_dice_1: 0.5999  loss_ce_2: 0.08004  loss_mask_2: 0.02234  loss_dice_2: 0.5694  loss_ce_3: 0.06628  loss_mask_3: 0.02561  loss_dice_3: 0.5723  loss_ce_4: 0.05877  loss_mask_4: 0.02413  loss_dice_4: 0.6155  loss_ce_5: 0.05656  loss_mask_5: 0.02479  loss_dice_5: 0.6262  loss_ce_6: 0.0596  loss_mask_6: 0.02294  loss_dice_6: 0.6078  loss_ce_7: 0.05602  loss_mask_7: 0.02492  loss_dice_7: 0.6548  loss_ce_8: 0.05095  loss_mask_8: 0.02443  loss_dice_8: 0.6566    time: 0.7639  last_time: 0.7819  data_time: 0.1463  last_data_time: 0.1463   lr: 2.5005e-05  max_mem: 10275M
[03/19 16:21:29 d2.utils.events]:  eta: 1:33:39  iter: 7519  total_loss: 14.55  loss_ce: 0.59  loss_mask: 0.02697  loss_dice: 0.8287  loss_ce_0: 0.6356  loss_mask_0: 0.03831  loss_dice_0: 1.126  loss_ce_1: 0.4838  loss_mask_1: 0.02786  loss_dice_1: 0.781  loss_ce_2: 0.2721  loss_mask_2: 0.028  loss_dice_2: 0.8059  loss_ce_3: 0.2193  loss_mask_3: 0.03099  loss_dice_3: 1.21  loss_ce_4: 0.4004  loss_mask_4: 0.02604  loss_dice_4: 1.209  loss_ce_5: 0.3638  loss_mask_5: 0.02806  loss_dice_5: 0.8983  loss_ce_6: 0.3917  loss_mask_6: 0.02524  loss_dice_6: 1.061  loss_ce_7: 0.6279  loss_mask_7: 0.02552  loss_dice_7: 0.9223  loss_ce_8: 0.4193  loss_mask_8: 0.03068  loss_dice_8: 1.013    time: 0.7639  last_time: 0.7626  data_time: 0.1258  last_data_time: 0.1258   lr: 2.4901e-05  max_mem: 10275M
[03/19 16:21:44 d2.utils.events]:  eta: 1:33:25  iter: 7539  total_loss: 9.46  loss_ce: 0.08426  loss_mask: 0.04916  loss_dice: 0.6417  loss_ce_0: 0.7904  loss_mask_0: 0.06439  loss_dice_0: 0.8043  loss_ce_1: 0.1341  loss_mask_1: 0.05321  loss_dice_1: 0.6668  loss_ce_2: 0.1012  loss_mask_2: 0.05268  loss_dice_2: 0.7583  loss_ce_3: 0.09081  loss_mask_3: 0.05931  loss_dice_3: 0.792  loss_ce_4: 0.08442  loss_mask_4: 0.04815  loss_dice_4: 0.7616  loss_ce_5: 0.06734  loss_mask_5: 0.05412  loss_dice_5: 0.7062  loss_ce_6: 0.06382  loss_mask_6: 0.05777  loss_dice_6: 0.6949  loss_ce_7: 0.08061  loss_mask_7: 0.05429  loss_dice_7: 0.7889  loss_ce_8: 0.0741  loss_mask_8: 0.05203  loss_dice_8: 0.7292    time: 0.7639  last_time: 0.8196  data_time: 0.1702  last_data_time: 0.1702   lr: 2.4796e-05  max_mem: 10275M
[03/19 16:22:00 d2.utils.events]:  eta: 1:33:10  iter: 7559  total_loss: 8.113  loss_ce: 0.03112  loss_mask: 0.03725  loss_dice: 0.5688  loss_ce_0: 0.6504  loss_mask_0: 0.05006  loss_dice_0: 0.9102  loss_ce_1: 0.03609  loss_mask_1: 0.0482  loss_dice_1: 0.637  loss_ce_2: 0.07729  loss_mask_2: 0.05152  loss_dice_2: 0.7561  loss_ce_3: 0.02814  loss_mask_3: 0.04239  loss_dice_3: 0.6647  loss_ce_4: 0.02676  loss_mask_4: 0.0429  loss_dice_4: 0.6  loss_ce_5: 0.0265  loss_mask_5: 0.04778  loss_dice_5: 0.7284  loss_ce_6: 0.03359  loss_mask_6: 0.04232  loss_dice_6: 0.5652  loss_ce_7: 0.03178  loss_mask_7: 0.05141  loss_dice_7: 0.6548  loss_ce_8: 0.03026  loss_mask_8: 0.0417  loss_dice_8: 0.6003    time: 0.7639  last_time: 0.7750  data_time: 0.1399  last_data_time: 0.1399   lr: 2.4691e-05  max_mem: 10275M
[03/19 16:22:15 d2.utils.events]:  eta: 1:32:56  iter: 7579  total_loss: 12.93  loss_ce: 0.2554  loss_mask: 0.04424  loss_dice: 0.7644  loss_ce_0: 0.454  loss_mask_0: 0.0559  loss_dice_0: 0.7467  loss_ce_1: 0.3495  loss_mask_1: 0.04309  loss_dice_1: 0.8066  loss_ce_2: 0.2099  loss_mask_2: 0.03796  loss_dice_2: 0.9103  loss_ce_3: 0.5488  loss_mask_3: 0.04859  loss_dice_3: 0.9661  loss_ce_4: 0.4211  loss_mask_4: 0.06423  loss_dice_4: 0.9107  loss_ce_5: 0.5286  loss_mask_5: 0.04069  loss_dice_5: 0.7941  loss_ce_6: 0.2473  loss_mask_6: 0.04619  loss_dice_6: 0.9774  loss_ce_7: 0.3833  loss_mask_7: 0.03744  loss_dice_7: 0.9033  loss_ce_8: 0.2802  loss_mask_8: 0.04163  loss_dice_8: 1.017    time: 0.7639  last_time: 0.7731  data_time: 0.1472  last_data_time: 0.1472   lr: 2.4586e-05  max_mem: 10275M
[03/19 16:22:31 d2.utils.events]:  eta: 1:32:42  iter: 7599  total_loss: 14.38  loss_ce: 0.5212  loss_mask: 0.05522  loss_dice: 0.7654  loss_ce_0: 0.4755  loss_mask_0: 0.08897  loss_dice_0: 1.235  loss_ce_1: 0.4362  loss_mask_1: 0.07336  loss_dice_1: 0.8559  loss_ce_2: 0.6047  loss_mask_2: 0.05466  loss_dice_2: 0.8287  loss_ce_3: 0.4435  loss_mask_3: 0.06906  loss_dice_3: 0.8337  loss_ce_4: 0.5237  loss_mask_4: 0.06329  loss_dice_4: 0.837  loss_ce_5: 0.4532  loss_mask_5: 0.0652  loss_dice_5: 0.8497  loss_ce_6: 0.5873  loss_mask_6: 0.06965  loss_dice_6: 0.8583  loss_ce_7: 0.5683  loss_mask_7: 0.05874  loss_dice_7: 0.6695  loss_ce_8: 0.5656  loss_mask_8: 0.05407  loss_dice_8: 0.8114    time: 0.7639  last_time: 0.8232  data_time: 0.1945  last_data_time: 0.1945   lr: 2.4482e-05  max_mem: 10275M
[03/19 16:22:46 d2.utils.events]:  eta: 1:32:26  iter: 7619  total_loss: 8.564  loss_ce: 0.03353  loss_mask: 0.04017  loss_dice: 0.7283  loss_ce_0: 0.3419  loss_mask_0: 0.05366  loss_dice_0: 0.8226  loss_ce_1: 0.08144  loss_mask_1: 0.04845  loss_dice_1: 0.6915  loss_ce_2: 0.0509  loss_mask_2: 0.06824  loss_dice_2: 0.7913  loss_ce_3: 0.03773  loss_mask_3: 0.0425  loss_dice_3: 0.638  loss_ce_4: 0.03199  loss_mask_4: 0.04016  loss_dice_4: 0.6907  loss_ce_5: 0.03318  loss_mask_5: 0.04219  loss_dice_5: 0.7186  loss_ce_6: 0.03053  loss_mask_6: 0.0408  loss_dice_6: 0.6779  loss_ce_7: 0.03298  loss_mask_7: 0.04379  loss_dice_7: 0.7453  loss_ce_8: 0.03351  loss_mask_8: 0.05536  loss_dice_8: 0.8769    time: 0.7639  last_time: 0.7264  data_time: 0.0960  last_data_time: 0.0960   lr: 2.4377e-05  max_mem: 10275M
[03/19 16:23:02 d2.utils.events]:  eta: 1:32:09  iter: 7639  total_loss: 6.549  loss_ce: 0.04619  loss_mask: 0.05547  loss_dice: 0.4685  loss_ce_0: 0.5169  loss_mask_0: 0.1038  loss_dice_0: 0.5167  loss_ce_1: 0.05377  loss_mask_1: 0.06339  loss_dice_1: 0.4706  loss_ce_2: 0.06187  loss_mask_2: 0.06509  loss_dice_2: 0.5365  loss_ce_3: 0.04792  loss_mask_3: 0.05479  loss_dice_3: 0.4942  loss_ce_4: 0.02954  loss_mask_4: 0.05928  loss_dice_4: 0.5101  loss_ce_5: 0.03568  loss_mask_5: 0.05534  loss_dice_5: 0.4813  loss_ce_6: 0.04078  loss_mask_6: 0.05513  loss_dice_6: 0.488  loss_ce_7: 0.04298  loss_mask_7: 0.05529  loss_dice_7: 0.514  loss_ce_8: 0.0475  loss_mask_8: 0.055  loss_dice_8: 0.5235    time: 0.7639  last_time: 0.6947  data_time: 0.0700  last_data_time: 0.0700   lr: 2.4272e-05  max_mem: 10275M
[03/19 16:23:17 d2.utils.events]:  eta: 1:31:53  iter: 7659  total_loss: 11.58  loss_ce: 0.2797  loss_mask: 0.0541  loss_dice: 0.6373  loss_ce_0: 0.658  loss_mask_0: 0.05845  loss_dice_0: 0.8101  loss_ce_1: 0.2794  loss_mask_1: 0.07143  loss_dice_1: 0.7554  loss_ce_2: 0.2753  loss_mask_2: 0.05344  loss_dice_2: 0.7159  loss_ce_3: 0.2424  loss_mask_3: 0.05312  loss_dice_3: 0.7219  loss_ce_4: 0.219  loss_mask_4: 0.06378  loss_dice_4: 0.7441  loss_ce_5: 0.2796  loss_mask_5: 0.05875  loss_dice_5: 0.7801  loss_ce_6: 0.2514  loss_mask_6: 0.08424  loss_dice_6: 0.8798  loss_ce_7: 0.2933  loss_mask_7: 0.07716  loss_dice_7: 0.8944  loss_ce_8: 0.2955  loss_mask_8: 0.07008  loss_dice_8: 0.9227    time: 0.7639  last_time: 0.7538  data_time: 0.1256  last_data_time: 0.1256   lr: 2.4168e-05  max_mem: 10275M
[03/19 16:23:33 d2.utils.events]:  eta: 1:31:39  iter: 7679  total_loss: 6.88  loss_ce: 0.06387  loss_mask: 0.04406  loss_dice: 0.5224  loss_ce_0: 0.3848  loss_mask_0: 0.06339  loss_dice_0: 0.5781  loss_ce_1: 0.06721  loss_mask_1: 0.04185  loss_dice_1: 0.5244  loss_ce_2: 0.07872  loss_mask_2: 0.04417  loss_dice_2: 0.5558  loss_ce_3: 0.0614  loss_mask_3: 0.04305  loss_dice_3: 0.5167  loss_ce_4: 0.05813  loss_mask_4: 0.04817  loss_dice_4: 0.4678  loss_ce_5: 0.06932  loss_mask_5: 0.04592  loss_dice_5: 0.5558  loss_ce_6: 0.06269  loss_mask_6: 0.04588  loss_dice_6: 0.5668  loss_ce_7: 0.06283  loss_mask_7: 0.04864  loss_dice_7: 0.5703  loss_ce_8: 0.06593  loss_mask_8: 0.0524  loss_dice_8: 0.5698    time: 0.7640  last_time: 0.7481  data_time: 0.1327  last_data_time: 0.1327   lr: 2.4063e-05  max_mem: 10275M
[03/19 16:23:48 d2.utils.events]:  eta: 1:31:20  iter: 7699  total_loss: 9.521  loss_ce: 0.08894  loss_mask: 0.04283  loss_dice: 0.6627  loss_ce_0: 0.5646  loss_mask_0: 0.04892  loss_dice_0: 0.7047  loss_ce_1: 0.2733  loss_mask_1: 0.0386  loss_dice_1: 0.6529  loss_ce_2: 0.312  loss_mask_2: 0.05224  loss_dice_2: 0.8807  loss_ce_3: 0.2209  loss_mask_3: 0.04992  loss_dice_3: 0.6815  loss_ce_4: 0.115  loss_mask_4: 0.04495  loss_dice_4: 0.616  loss_ce_5: 0.3067  loss_mask_5: 0.04557  loss_dice_5: 0.6932  loss_ce_6: 0.1324  loss_mask_6: 0.04084  loss_dice_6: 0.6577  loss_ce_7: 0.109  loss_mask_7: 0.04235  loss_dice_7: 0.643  loss_ce_8: 0.1046  loss_mask_8: 0.04499  loss_dice_8: 0.6497    time: 0.7639  last_time: 0.8452  data_time: 0.2088  last_data_time: 0.2088   lr: 2.3958e-05  max_mem: 10275M
[03/19 16:24:04 d2.utils.events]:  eta: 1:31:02  iter: 7719  total_loss: 8.166  loss_ce: 0.04898  loss_mask: 0.02219  loss_dice: 0.6992  loss_ce_0: 0.6657  loss_mask_0: 0.02245  loss_dice_0: 0.7542  loss_ce_1: 0.2956  loss_mask_1: 0.01666  loss_dice_1: 0.5415  loss_ce_2: 0.08575  loss_mask_2: 0.01821  loss_dice_2: 0.6269  loss_ce_3: 0.06671  loss_mask_3: 0.02009  loss_dice_3: 0.6244  loss_ce_4: 0.05217  loss_mask_4: 0.02353  loss_dice_4: 0.74  loss_ce_5: 0.0422  loss_mask_5: 0.01715  loss_dice_5: 0.5983  loss_ce_6: 0.0433  loss_mask_6: 0.01971  loss_dice_6: 0.6598  loss_ce_7: 0.04595  loss_mask_7: 0.02246  loss_dice_7: 0.7215  loss_ce_8: 0.04645  loss_mask_8: 0.01715  loss_dice_8: 0.6074    time: 0.7639  last_time: 0.8076  data_time: 0.1842  last_data_time: 0.1842   lr: 2.3854e-05  max_mem: 10275M
[03/19 16:24:19 d2.utils.events]:  eta: 1:30:46  iter: 7739  total_loss: 12.22  loss_ce: 0.1992  loss_mask: 0.02595  loss_dice: 0.8039  loss_ce_0: 0.9967  loss_mask_0: 0.03713  loss_dice_0: 0.736  loss_ce_1: 0.1982  loss_mask_1: 0.03163  loss_dice_1: 0.9814  loss_ce_2: 0.4308  loss_mask_2: 0.02816  loss_dice_2: 0.8471  loss_ce_3: 0.153  loss_mask_3: 0.03074  loss_dice_3: 0.9396  loss_ce_4: 0.353  loss_mask_4: 0.02924  loss_dice_4: 0.9636  loss_ce_5: 0.3165  loss_mask_5: 0.03416  loss_dice_5: 1.037  loss_ce_6: 0.1973  loss_mask_6: 0.0292  loss_dice_6: 0.8886  loss_ce_7: 0.1747  loss_mask_7: 0.02749  loss_dice_7: 0.7942  loss_ce_8: 0.2032  loss_mask_8: 0.02532  loss_dice_8: 0.7024    time: 0.7639  last_time: 0.7513  data_time: 0.1234  last_data_time: 0.1234   lr: 2.3749e-05  max_mem: 10275M
[03/19 16:24:34 d2.utils.events]:  eta: 1:30:26  iter: 7759  total_loss: 8.244  loss_ce: 0.02973  loss_mask: 0.03329  loss_dice: 0.4202  loss_ce_0: 1.153  loss_mask_0: 0.1078  loss_dice_0: 0.8427  loss_ce_1: 0.1371  loss_mask_1: 0.06606  loss_dice_1: 0.6032  loss_ce_2: 0.04102  loss_mask_2: 0.09596  loss_dice_2: 0.7994  loss_ce_3: 0.03384  loss_mask_3: 0.0858  loss_dice_3: 0.8198  loss_ce_4: 0.2294  loss_mask_4: 0.04253  loss_dice_4: 0.7208  loss_ce_5: 0.1243  loss_mask_5: 0.03472  loss_dice_5: 0.4101  loss_ce_6: 0.05172  loss_mask_6: 0.03174  loss_dice_6: 0.3887  loss_ce_7: 0.03636  loss_mask_7: 0.03307  loss_dice_7: 0.4013  loss_ce_8: 0.03043  loss_mask_8: 0.03249  loss_dice_8: 0.4074    time: 0.7639  last_time: 0.7263  data_time: 0.1074  last_data_time: 0.1074   lr: 2.3645e-05  max_mem: 10275M
[03/19 16:24:50 d2.utils.events]:  eta: 1:30:11  iter: 7779  total_loss: 9.806  loss_ce: 0.1202  loss_mask: 0.0339  loss_dice: 0.7588  loss_ce_0: 1.074  loss_mask_0: 0.04445  loss_dice_0: 0.7783  loss_ce_1: 0.2612  loss_mask_1: 0.02895  loss_dice_1: 0.6286  loss_ce_2: 0.1365  loss_mask_2: 0.02938  loss_dice_2: 0.5592  loss_ce_3: 0.2826  loss_mask_3: 0.0318  loss_dice_3: 0.651  loss_ce_4: 0.1014  loss_mask_4: 0.03196  loss_dice_4: 0.5688  loss_ce_5: 0.112  loss_mask_5: 0.0325  loss_dice_5: 0.6914  loss_ce_6: 0.1283  loss_mask_6: 0.0334  loss_dice_6: 0.6396  loss_ce_7: 0.139  loss_mask_7: 0.03265  loss_dice_7: 0.7365  loss_ce_8: 0.2772  loss_mask_8: 0.03515  loss_dice_8: 0.8273    time: 0.7638  last_time: 0.7778  data_time: 0.1451  last_data_time: 0.1451   lr: 2.354e-05  max_mem: 10275M
[03/19 16:25:05 d2.utils.events]:  eta: 1:29:56  iter: 7799  total_loss: 10.49  loss_ce: 0.04052  loss_mask: 0.06907  loss_dice: 0.7992  loss_ce_0: 0.5316  loss_mask_0: 0.08351  loss_dice_0: 0.9159  loss_ce_1: 0.07189  loss_mask_1: 0.06749  loss_dice_1: 0.9233  loss_ce_2: 0.07809  loss_mask_2: 0.0812  loss_dice_2: 1.026  loss_ce_3: 0.03871  loss_mask_3: 0.07097  loss_dice_3: 0.8728  loss_ce_4: 0.04132  loss_mask_4: 0.07811  loss_dice_4: 0.7816  loss_ce_5: 0.03832  loss_mask_5: 0.08516  loss_dice_5: 0.9782  loss_ce_6: 0.04397  loss_mask_6: 0.07205  loss_dice_6: 0.9198  loss_ce_7: 0.04105  loss_mask_7: 0.06983  loss_dice_7: 0.8139  loss_ce_8: 0.0412  loss_mask_8: 0.06726  loss_dice_8: 0.7468    time: 0.7638  last_time: 0.8426  data_time: 0.2246  last_data_time: 0.2246   lr: 2.3435e-05  max_mem: 10275M
[03/19 16:25:21 d2.utils.events]:  eta: 1:29:41  iter: 7819  total_loss: 10.87  loss_ce: 0.04701  loss_mask: 0.03899  loss_dice: 0.8751  loss_ce_0: 0.6139  loss_mask_0: 0.03607  loss_dice_0: 0.8339  loss_ce_1: 0.3399  loss_mask_1: 0.05018  loss_dice_1: 0.9774  loss_ce_2: 0.08499  loss_mask_2: 0.03891  loss_dice_2: 0.9015  loss_ce_3: 0.2159  loss_mask_3: 0.04186  loss_dice_3: 0.9795  loss_ce_4: 0.05527  loss_mask_4: 0.03602  loss_dice_4: 0.7695  loss_ce_5: 0.05956  loss_mask_5: 0.04012  loss_dice_5: 0.9157  loss_ce_6: 0.06668  loss_mask_6: 0.03814  loss_dice_6: 0.8809  loss_ce_7: 0.05573  loss_mask_7: 0.04008  loss_dice_7: 0.8636  loss_ce_8: 0.05128  loss_mask_8: 0.03641  loss_dice_8: 0.8837    time: 0.7638  last_time: 0.9005  data_time: 0.2200  last_data_time: 0.2200   lr: 2.3331e-05  max_mem: 10275M
[03/19 16:25:36 d2.utils.events]:  eta: 1:29:25  iter: 7839  total_loss: 20.83  loss_ce: 0.1962  loss_mask: 0.128  loss_dice: 1.442  loss_ce_0: 0.7018  loss_mask_0: 0.1366  loss_dice_0: 1.674  loss_ce_1: 0.9762  loss_mask_1: 0.1194  loss_dice_1: 1.558  loss_ce_2: 0.4184  loss_mask_2: 0.1281  loss_dice_2: 1.585  loss_ce_3: 0.2693  loss_mask_3: 0.1298  loss_dice_3: 1.575  loss_ce_4: 0.2333  loss_mask_4: 0.1318  loss_dice_4: 1.545  loss_ce_5: 0.206  loss_mask_5: 0.1431  loss_dice_5: 1.574  loss_ce_6: 0.2032  loss_mask_6: 0.1222  loss_dice_6: 1.629  loss_ce_7: 0.3735  loss_mask_7: 0.1217  loss_dice_7: 1.559  loss_ce_8: 0.3366  loss_mask_8: 0.1373  loss_dice_8: 1.475    time: 0.7638  last_time: 0.8892  data_time: 0.2705  last_data_time: 0.2705   lr: 2.3226e-05  max_mem: 10275M
[03/19 16:25:52 d2.utils.events]:  eta: 1:29:11  iter: 7859  total_loss: 12.41  loss_ce: 0.1974  loss_mask: 0.03146  loss_dice: 0.8913  loss_ce_0: 0.9078  loss_mask_0: 0.05705  loss_dice_0: 0.9151  loss_ce_1: 0.2648  loss_mask_1: 0.03156  loss_dice_1: 0.8678  loss_ce_2: 0.1973  loss_mask_2: 0.0327  loss_dice_2: 0.9022  loss_ce_3: 0.4206  loss_mask_3: 0.02428  loss_dice_3: 0.8396  loss_ce_4: 0.2279  loss_mask_4: 0.03294  loss_dice_4: 0.9096  loss_ce_5: 0.2608  loss_mask_5: 0.03282  loss_dice_5: 0.8796  loss_ce_6: 0.3773  loss_mask_6: 0.02522  loss_dice_6: 0.8634  loss_ce_7: 0.2159  loss_mask_7: 0.02925  loss_dice_7: 0.8806  loss_ce_8: 0.1986  loss_mask_8: 0.03264  loss_dice_8: 0.8666    time: 0.7638  last_time: 0.8965  data_time: 0.2724  last_data_time: 0.2724   lr: 2.3122e-05  max_mem: 10275M
[03/19 16:26:07 d2.utils.events]:  eta: 1:28:55  iter: 7879  total_loss: 9.009  loss_ce: 0.1482  loss_mask: 0.0313  loss_dice: 0.633  loss_ce_0: 0.6239  loss_mask_0: 0.04968  loss_dice_0: 0.8711  loss_ce_1: 0.294  loss_mask_1: 0.02581  loss_dice_1: 0.5534  loss_ce_2: 0.2865  loss_mask_2: 0.02668  loss_dice_2: 0.7128  loss_ce_3: 0.1294  loss_mask_3: 0.02528  loss_dice_3: 0.4345  loss_ce_4: 0.1595  loss_mask_4: 0.03167  loss_dice_4: 0.6775  loss_ce_5: 0.1418  loss_mask_5: 0.0277  loss_dice_5: 0.752  loss_ce_6: 0.143  loss_mask_6: 0.02934  loss_dice_6: 0.6371  loss_ce_7: 0.1529  loss_mask_7: 0.03065  loss_dice_7: 0.5732  loss_ce_8: 0.1514  loss_mask_8: 0.02722  loss_dice_8: 0.6288    time: 0.7638  last_time: 0.7719  data_time: 0.1466  last_data_time: 0.1466   lr: 2.3018e-05  max_mem: 10275M
[03/19 16:26:22 d2.utils.events]:  eta: 1:28:40  iter: 7899  total_loss: 6.092  loss_ce: 0.01944  loss_mask: 0.0492  loss_dice: 0.5013  loss_ce_0: 0.3344  loss_mask_0: 0.04958  loss_dice_0: 0.6561  loss_ce_1: 0.03309  loss_mask_1: 0.04353  loss_dice_1: 0.5807  loss_ce_2: 0.04668  loss_mask_2: 0.03953  loss_dice_2: 0.3953  loss_ce_3: 0.02405  loss_mask_3: 0.04073  loss_dice_3: 0.4455  loss_ce_4: 0.02326  loss_mask_4: 0.04432  loss_dice_4: 0.6044  loss_ce_5: 0.02314  loss_mask_5: 0.04961  loss_dice_5: 0.4449  loss_ce_6: 0.01827  loss_mask_6: 0.04211  loss_dice_6: 0.4863  loss_ce_7: 0.02274  loss_mask_7: 0.04065  loss_dice_7: 0.5348  loss_ce_8: 0.02273  loss_mask_8: 0.0395  loss_dice_8: 0.436    time: 0.7638  last_time: 0.7617  data_time: 0.1547  last_data_time: 0.1547   lr: 2.2913e-05  max_mem: 10275M
[03/19 16:26:38 d2.utils.events]:  eta: 1:28:22  iter: 7919  total_loss: 14.9  loss_ce: 0.204  loss_mask: 0.1301  loss_dice: 0.9675  loss_ce_0: 1.101  loss_mask_0: 0.1447  loss_dice_0: 1.166  loss_ce_1: 0.1609  loss_mask_1: 0.115  loss_dice_1: 0.9775  loss_ce_2: 0.2168  loss_mask_2: 0.1303  loss_dice_2: 1.011  loss_ce_3: 0.3592  loss_mask_3: 0.1276  loss_dice_3: 0.8924  loss_ce_4: 0.2161  loss_mask_4: 0.1325  loss_dice_4: 1.076  loss_ce_5: 0.2028  loss_mask_5: 0.1359  loss_dice_5: 1.017  loss_ce_6: 0.2372  loss_mask_6: 0.1285  loss_dice_6: 1.024  loss_ce_7: 0.3136  loss_mask_7: 0.1317  loss_dice_7: 1.027  loss_ce_8: 0.3124  loss_mask_8: 0.1304  loss_dice_8: 1.114    time: 0.7637  last_time: 0.8042  data_time: 0.1522  last_data_time: 0.1522   lr: 2.2809e-05  max_mem: 10275M
[03/19 16:26:54 d2.utils.events]:  eta: 1:28:10  iter: 7939  total_loss: 6.987  loss_ce: 0.0454  loss_mask: 0.05311  loss_dice: 0.5179  loss_ce_0: 0.4399  loss_mask_0: 0.07406  loss_dice_0: 0.5387  loss_ce_1: 0.05338  loss_mask_1: 0.06132  loss_dice_1: 0.5436  loss_ce_2: 0.04767  loss_mask_2: 0.05738  loss_dice_2: 0.5893  loss_ce_3: 0.0704  loss_mask_3: 0.05968  loss_dice_3: 0.5363  loss_ce_4: 0.05577  loss_mask_4: 0.05548  loss_dice_4: 0.5472  loss_ce_5: 0.05149  loss_mask_5: 0.05777  loss_dice_5: 0.5665  loss_ce_6: 0.05235  loss_mask_6: 0.05774  loss_dice_6: 0.5319  loss_ce_7: 0.04505  loss_mask_7: 0.06118  loss_dice_7: 0.5801  loss_ce_8: 0.04514  loss_mask_8: 0.05861  loss_dice_8: 0.533    time: 0.7638  last_time: 0.8116  data_time: 0.1703  last_data_time: 0.1703   lr: 2.2705e-05  max_mem: 10275M
[03/19 16:27:09 d2.utils.events]:  eta: 1:27:51  iter: 7959  total_loss: 8.323  loss_ce: 0.03732  loss_mask: 0.03493  loss_dice: 0.6129  loss_ce_0: 0.6197  loss_mask_0: 0.05433  loss_dice_0: 0.8478  loss_ce_1: 0.3155  loss_mask_1: 0.03647  loss_dice_1: 0.6328  loss_ce_2: 0.08705  loss_mask_2: 0.04091  loss_dice_2: 0.6687  loss_ce_3: 0.05235  loss_mask_3: 0.03736  loss_dice_3: 0.6301  loss_ce_4: 0.03832  loss_mask_4: 0.04002  loss_dice_4: 0.6439  loss_ce_5: 0.03327  loss_mask_5: 0.03602  loss_dice_5: 0.6395  loss_ce_6: 0.04566  loss_mask_6: 0.03714  loss_dice_6: 0.642  loss_ce_7: 0.03875  loss_mask_7: 0.04032  loss_dice_7: 0.6462  loss_ce_8: 0.0394  loss_mask_8: 0.03916  loss_dice_8: 0.6546    time: 0.7638  last_time: 0.8146  data_time: 0.1753  last_data_time: 0.1753   lr: 2.26e-05  max_mem: 10275M
[03/19 16:27:25 d2.utils.events]:  eta: 1:27:40  iter: 7979  total_loss: 10.54  loss_ce: 0.2193  loss_mask: 0.08899  loss_dice: 0.6477  loss_ce_0: 0.8216  loss_mask_0: 0.1363  loss_dice_0: 0.7983  loss_ce_1: 0.2361  loss_mask_1: 0.09931  loss_dice_1: 0.7094  loss_ce_2: 0.2364  loss_mask_2: 0.0947  loss_dice_2: 0.6921  loss_ce_3: 0.1855  loss_mask_3: 0.102  loss_dice_3: 0.7024  loss_ce_4: 0.1395  loss_mask_4: 0.09341  loss_dice_4: 0.6516  loss_ce_5: 0.2347  loss_mask_5: 0.08976  loss_dice_5: 0.6756  loss_ce_6: 0.2426  loss_mask_6: 0.09156  loss_dice_6: 0.635  loss_ce_7: 0.2038  loss_mask_7: 0.08462  loss_dice_7: 0.6405  loss_ce_8: 0.2345  loss_mask_8: 0.09853  loss_dice_8: 0.6549    time: 0.7638  last_time: 0.7766  data_time: 0.1360  last_data_time: 0.1360   lr: 2.2496e-05  max_mem: 10275M
[03/19 16:27:41 d2.utils.events]:  eta: 1:27:21  iter: 7999  total_loss: 9.265  loss_ce: 0.03603  loss_mask: 0.0439  loss_dice: 0.7918  loss_ce_0: 0.3511  loss_mask_0: 0.04089  loss_dice_0: 0.8303  loss_ce_1: 0.04891  loss_mask_1: 0.03546  loss_dice_1: 0.7983  loss_ce_2: 0.07614  loss_mask_2: 0.03646  loss_dice_2: 0.6555  loss_ce_3: 0.04484  loss_mask_3: 0.03623  loss_dice_3: 0.7345  loss_ce_4: 0.03721  loss_mask_4: 0.04027  loss_dice_4: 0.7018  loss_ce_5: 0.03562  loss_mask_5: 0.03429  loss_dice_5: 0.7039  loss_ce_6: 0.03046  loss_mask_6: 0.04768  loss_dice_6: 0.8499  loss_ce_7: 0.03313  loss_mask_7: 0.03917  loss_dice_7: 0.6626  loss_ce_8: 0.2585  loss_mask_8: 0.04843  loss_dice_8: 1.182    time: 0.7638  last_time: 0.7873  data_time: 0.1568  last_data_time: 0.1568   lr: 2.2392e-05  max_mem: 10275M
[03/19 16:27:56 d2.utils.events]:  eta: 1:27:07  iter: 8019  total_loss: 13.9  loss_ce: 0.1349  loss_mask: 0.1272  loss_dice: 0.9012  loss_ce_0: 1.355  loss_mask_0: 0.1801  loss_dice_0: 1.153  loss_ce_1: 0.3911  loss_mask_1: 0.1012  loss_dice_1: 0.8464  loss_ce_2: 0.2426  loss_mask_2: 0.1176  loss_dice_2: 0.9586  loss_ce_3: 0.2838  loss_mask_3: 0.1245  loss_dice_3: 0.9415  loss_ce_4: 0.3118  loss_mask_4: 0.1534  loss_dice_4: 0.9177  loss_ce_5: 0.16  loss_mask_5: 0.1327  loss_dice_5: 0.9041  loss_ce_6: 0.168  loss_mask_6: 0.1404  loss_dice_6: 0.8756  loss_ce_7: 0.1323  loss_mask_7: 0.1251  loss_dice_7: 0.905  loss_ce_8: 0.1076  loss_mask_8: 0.1363  loss_dice_8: 0.8749    time: 0.7639  last_time: 0.8193  data_time: 0.1684  last_data_time: 0.1684   lr: 2.2288e-05  max_mem: 10275M
[03/19 16:28:12 d2.utils.events]:  eta: 1:26:58  iter: 8039  total_loss: 6.218  loss_ce: 0.02077  loss_mask: 0.06462  loss_dice: 0.5779  loss_ce_0: 0.391  loss_mask_0: 0.07707  loss_dice_0: 0.6785  loss_ce_1: 0.02353  loss_mask_1: 0.04246  loss_dice_1: 0.3979  loss_ce_2: 0.02763  loss_mask_2: 0.04478  loss_dice_2: 0.4333  loss_ce_3: 0.02486  loss_mask_3: 0.04774  loss_dice_3: 0.4375  loss_ce_4: 0.02143  loss_mask_4: 0.05493  loss_dice_4: 0.5749  loss_ce_5: 0.01985  loss_mask_5: 0.04946  loss_dice_5: 0.4958  loss_ce_6: 0.02067  loss_mask_6: 0.0488  loss_dice_6: 0.4897  loss_ce_7: 0.01907  loss_mask_7: 0.04528  loss_dice_7: 0.5174  loss_ce_8: 0.01908  loss_mask_8: 0.04821  loss_dice_8: 0.504    time: 0.7639  last_time: 0.9311  data_time: 0.3089  last_data_time: 0.3089   lr: 2.2184e-05  max_mem: 10275M
[03/19 16:28:28 d2.utils.events]:  eta: 1:26:51  iter: 8059  total_loss: 11.46  loss_ce: 0.176  loss_mask: 0.04489  loss_dice: 0.8594  loss_ce_0: 0.5628  loss_mask_0: 0.0813  loss_dice_0: 1.094  loss_ce_1: 0.1178  loss_mask_1: 0.07221  loss_dice_1: 0.9127  loss_ce_2: 0.1797  loss_mask_2: 0.04496  loss_dice_2: 0.912  loss_ce_3: 0.1162  loss_mask_3: 0.0423  loss_dice_3: 0.8446  loss_ce_4: 0.1909  loss_mask_4: 0.05198  loss_dice_4: 0.8788  loss_ce_5: 0.1351  loss_mask_5: 0.05502  loss_dice_5: 0.8658  loss_ce_6: 0.1297  loss_mask_6: 0.05727  loss_dice_6: 0.7929  loss_ce_7: 0.1995  loss_mask_7: 0.0511  loss_dice_7: 0.8598  loss_ce_8: 0.2026  loss_mask_8: 0.05226  loss_dice_8: 0.8787    time: 0.7639  last_time: 0.7495  data_time: 0.1044  last_data_time: 0.1044   lr: 2.208e-05  max_mem: 10275M
[03/19 16:28:44 d2.utils.events]:  eta: 1:26:38  iter: 8079  total_loss: 11.81  loss_ce: 0.03337  loss_mask: 0.05532  loss_dice: 1.019  loss_ce_0: 0.5252  loss_mask_0: 0.1308  loss_dice_0: 1.36  loss_ce_1: 0.1289  loss_mask_1: 0.05889  loss_dice_1: 1.04  loss_ce_2: 0.1029  loss_mask_2: 0.05079  loss_dice_2: 0.9759  loss_ce_3: 0.05664  loss_mask_3: 0.05298  loss_dice_3: 0.9848  loss_ce_4: 0.04297  loss_mask_4: 0.06251  loss_dice_4: 1.029  loss_ce_5: 0.03195  loss_mask_5: 0.05144  loss_dice_5: 0.982  loss_ce_6: 0.03227  loss_mask_6: 0.05154  loss_dice_6: 0.933  loss_ce_7: 0.03113  loss_mask_7: 0.05118  loss_dice_7: 0.9175  loss_ce_8: 0.03411  loss_mask_8: 0.05316  loss_dice_8: 0.9316    time: 0.7639  last_time: 0.7711  data_time: 0.1315  last_data_time: 0.1315   lr: 2.1976e-05  max_mem: 10275M
[03/19 16:28:59 d2.utils.events]:  eta: 1:26:24  iter: 8099  total_loss: 13.06  loss_ce: 0.1386  loss_mask: 0.04144  loss_dice: 1.009  loss_ce_0: 0.342  loss_mask_0: 0.04322  loss_dice_0: 0.8702  loss_ce_1: 0.1829  loss_mask_1: 0.04278  loss_dice_1: 1.172  loss_ce_2: 0.4478  loss_mask_2: 0.04344  loss_dice_2: 0.9445  loss_ce_3: 0.4134  loss_mask_3: 0.04824  loss_dice_3: 1.127  loss_ce_4: 0.156  loss_mask_4: 0.03866  loss_dice_4: 0.9249  loss_ce_5: 0.1433  loss_mask_5: 0.0435  loss_dice_5: 0.928  loss_ce_6: 0.3909  loss_mask_6: 0.05231  loss_dice_6: 0.967  loss_ce_7: 0.3749  loss_mask_7: 0.0458  loss_dice_7: 0.8625  loss_ce_8: 0.1379  loss_mask_8: 0.03824  loss_dice_8: 1.093    time: 0.7639  last_time: 0.7644  data_time: 0.1305  last_data_time: 0.1305   lr: 2.1872e-05  max_mem: 10275M
[03/19 16:29:15 d2.utils.events]:  eta: 1:26:08  iter: 8119  total_loss: 12.18  loss_ce: 0.08107  loss_mask: 0.1322  loss_dice: 0.8677  loss_ce_0: 0.6337  loss_mask_0: 0.2656  loss_dice_0: 1.242  loss_ce_1: 0.1132  loss_mask_1: 0.1241  loss_dice_1: 0.9218  loss_ce_2: 0.09302  loss_mask_2: 0.1582  loss_dice_2: 0.9229  loss_ce_3: 0.076  loss_mask_3: 0.1523  loss_dice_3: 0.8765  loss_ce_4: 0.0688  loss_mask_4: 0.1446  loss_dice_4: 0.861  loss_ce_5: 0.0697  loss_mask_5: 0.1572  loss_dice_5: 0.9497  loss_ce_6: 0.07858  loss_mask_6: 0.135  loss_dice_6: 0.8411  loss_ce_7: 0.08506  loss_mask_7: 0.1315  loss_dice_7: 0.9166  loss_ce_8: 0.07852  loss_mask_8: 0.1376  loss_dice_8: 0.8653    time: 0.7639  last_time: 0.7595  data_time: 0.1404  last_data_time: 0.1404   lr: 2.1768e-05  max_mem: 10275M
[03/19 16:29:31 d2.utils.events]:  eta: 1:25:55  iter: 8139  total_loss: 7.364  loss_ce: 0.02525  loss_mask: 0.02968  loss_dice: 0.5555  loss_ce_0: 0.4777  loss_mask_0: 0.03719  loss_dice_0: 0.7843  loss_ce_1: 0.04624  loss_mask_1: 0.03674  loss_dice_1: 0.6548  loss_ce_2: 0.04819  loss_mask_2: 0.03136  loss_dice_2: 0.5637  loss_ce_3: 0.02915  loss_mask_3: 0.03561  loss_dice_3: 0.6971  loss_ce_4: 0.02607  loss_mask_4: 0.03036  loss_dice_4: 0.5672  loss_ce_5: 0.02487  loss_mask_5: 0.0263  loss_dice_5: 0.5433  loss_ce_6: 0.02511  loss_mask_6: 0.03136  loss_dice_6: 0.689  loss_ce_7: 0.02437  loss_mask_7: 0.03304  loss_dice_7: 0.597  loss_ce_8: 0.02274  loss_mask_8: 0.03142  loss_dice_8: 0.6397    time: 0.7640  last_time: 0.7761  data_time: 0.1377  last_data_time: 0.1377   lr: 2.1664e-05  max_mem: 10275M
[03/19 16:29:46 d2.utils.events]:  eta: 1:25:41  iter: 8159  total_loss: 10.78  loss_ce: 0.3223  loss_mask: 0.05797  loss_dice: 0.5062  loss_ce_0: 0.5142  loss_mask_0: 0.068  loss_dice_0: 0.6855  loss_ce_1: 0.4062  loss_mask_1: 0.05324  loss_dice_1: 0.5682  loss_ce_2: 0.3394  loss_mask_2: 0.0616  loss_dice_2: 0.5785  loss_ce_3: 0.381  loss_mask_3: 0.05267  loss_dice_3: 0.7626  loss_ce_4: 0.147  loss_mask_4: 0.05445  loss_dice_4: 0.9252  loss_ce_5: 0.3346  loss_mask_5: 0.05408  loss_dice_5: 0.6512  loss_ce_6: 0.2642  loss_mask_6: 0.06359  loss_dice_6: 0.608  loss_ce_7: 0.1233  loss_mask_7: 0.06628  loss_dice_7: 0.9911  loss_ce_8: 0.1399  loss_mask_8: 0.05745  loss_dice_8: 0.9395    time: 0.7640  last_time: 0.7323  data_time: 0.1132  last_data_time: 0.1132   lr: 2.156e-05  max_mem: 10275M
[03/19 16:30:02 d2.utils.events]:  eta: 1:25:27  iter: 8179  total_loss: 13  loss_ce: 0.3236  loss_mask: 0.1016  loss_dice: 0.6084  loss_ce_0: 0.6263  loss_mask_0: 0.2161  loss_dice_0: 1.183  loss_ce_1: 0.6176  loss_mask_1: 0.1214  loss_dice_1: 0.888  loss_ce_2: 0.4212  loss_mask_2: 0.1095  loss_dice_2: 0.7348  loss_ce_3: 0.392  loss_mask_3: 0.1007  loss_dice_3: 0.7513  loss_ce_4: 0.2134  loss_mask_4: 0.122  loss_dice_4: 1.009  loss_ce_5: 0.3478  loss_mask_5: 0.1007  loss_dice_5: 0.6214  loss_ce_6: 0.3482  loss_mask_6: 0.09796  loss_dice_6: 0.6664  loss_ce_7: 0.3578  loss_mask_7: 0.09733  loss_dice_7: 0.654  loss_ce_8: 0.3493  loss_mask_8: 0.08983  loss_dice_8: 0.7253    time: 0.7640  last_time: 0.7573  data_time: 0.1239  last_data_time: 0.1239   lr: 2.1457e-05  max_mem: 10275M
[03/19 16:30:17 d2.utils.events]:  eta: 1:25:16  iter: 8199  total_loss: 7.872  loss_ce: 0.02563  loss_mask: 0.05064  loss_dice: 0.6733  loss_ce_0: 0.3222  loss_mask_0: 0.04927  loss_dice_0: 0.7649  loss_ce_1: 0.0583  loss_mask_1: 0.05323  loss_dice_1: 0.6759  loss_ce_2: 0.07966  loss_mask_2: 0.05498  loss_dice_2: 0.7469  loss_ce_3: 0.02763  loss_mask_3: 0.04555  loss_dice_3: 0.6201  loss_ce_4: 0.0251  loss_mask_4: 0.03806  loss_dice_4: 0.4904  loss_ce_5: 0.02253  loss_mask_5: 0.05185  loss_dice_5: 0.689  loss_ce_6: 0.02516  loss_mask_6: 0.04836  loss_dice_6: 0.6731  loss_ce_7: 0.02229  loss_mask_7: 0.05656  loss_dice_7: 0.6855  loss_ce_8: 0.02372  loss_mask_8: 0.0457  loss_dice_8: 0.7268    time: 0.7640  last_time: 0.7624  data_time: 0.1531  last_data_time: 0.1531   lr: 2.1353e-05  max_mem: 10275M
[03/19 16:30:33 d2.utils.events]:  eta: 1:25:01  iter: 8219  total_loss: 8.044  loss_ce: 0.03752  loss_mask: 0.0498  loss_dice: 0.6437  loss_ce_0: 0.6696  loss_mask_0: 0.08583  loss_dice_0: 0.7235  loss_ce_1: 0.106  loss_mask_1: 0.05304  loss_dice_1: 0.5735  loss_ce_2: 0.073  loss_mask_2: 0.05053  loss_dice_2: 0.6599  loss_ce_3: 0.05103  loss_mask_3: 0.04872  loss_dice_3: 0.6074  loss_ce_4: 0.03716  loss_mask_4: 0.05391  loss_dice_4: 0.6078  loss_ce_5: 0.03718  loss_mask_5: 0.05202  loss_dice_5: 0.6127  loss_ce_6: 0.03477  loss_mask_6: 0.05266  loss_dice_6: 0.6461  loss_ce_7: 0.03738  loss_mask_7: 0.04994  loss_dice_7: 0.598  loss_ce_8: 0.03505  loss_mask_8: 0.05386  loss_dice_8: 0.7021    time: 0.7640  last_time: 0.8298  data_time: 0.1882  last_data_time: 0.1882   lr: 2.125e-05  max_mem: 10275M
[03/19 16:30:48 d2.utils.events]:  eta: 1:24:48  iter: 8239  total_loss: 5.821  loss_ce: 0.03456  loss_mask: 0.03498  loss_dice: 0.4262  loss_ce_0: 0.5926  loss_mask_0: 0.03956  loss_dice_0: 0.5427  loss_ce_1: 0.04587  loss_mask_1: 0.03524  loss_dice_1: 0.4602  loss_ce_2: 0.03519  loss_mask_2: 0.03644  loss_dice_2: 0.4904  loss_ce_3: 0.02478  loss_mask_3: 0.03685  loss_dice_3: 0.4557  loss_ce_4: 0.03067  loss_mask_4: 0.0288  loss_dice_4: 0.4103  loss_ce_5: 0.03466  loss_mask_5: 0.03564  loss_dice_5: 0.4843  loss_ce_6: 0.0296  loss_mask_6: 0.03371  loss_dice_6: 0.4591  loss_ce_7: 0.03585  loss_mask_7: 0.03138  loss_dice_7: 0.432  loss_ce_8: 0.03377  loss_mask_8: 0.03739  loss_dice_8: 0.4129    time: 0.7640  last_time: 0.7671  data_time: 0.1323  last_data_time: 0.1323   lr: 2.1146e-05  max_mem: 10275M
[03/19 16:31:04 d2.utils.events]:  eta: 1:24:33  iter: 8259  total_loss: 12.31  loss_ce: 0.3823  loss_mask: 0.06068  loss_dice: 0.8366  loss_ce_0: 0.5948  loss_mask_0: 0.1125  loss_dice_0: 1.172  loss_ce_1: 0.3479  loss_mask_1: 0.1131  loss_dice_1: 0.9625  loss_ce_2: 0.3483  loss_mask_2: 0.07004  loss_dice_2: 0.9144  loss_ce_3: 0.247  loss_mask_3: 0.07503  loss_dice_3: 0.7898  loss_ce_4: 0.2247  loss_mask_4: 0.06789  loss_dice_4: 0.8085  loss_ce_5: 0.1832  loss_mask_5: 0.07485  loss_dice_5: 0.7814  loss_ce_6: 0.1692  loss_mask_6: 0.07041  loss_dice_6: 0.8354  loss_ce_7: 0.1776  loss_mask_7: 0.069  loss_dice_7: 0.7827  loss_ce_8: 0.1304  loss_mask_8: 0.07228  loss_dice_8: 0.8325    time: 0.7640  last_time: 0.8199  data_time: 0.1717  last_data_time: 0.1717   lr: 2.1043e-05  max_mem: 10275M
[03/19 16:31:19 d2.utils.events]:  eta: 1:24:19  iter: 8279  total_loss: 7.147  loss_ce: 0.04495  loss_mask: 0.07417  loss_dice: 0.4799  loss_ce_0: 0.6169  loss_mask_0: 0.1051  loss_dice_0: 0.7205  loss_ce_1: 0.06694  loss_mask_1: 0.07935  loss_dice_1: 0.5553  loss_ce_2: 0.04681  loss_mask_2: 0.07882  loss_dice_2: 0.5149  loss_ce_3: 0.0427  loss_mask_3: 0.07208  loss_dice_3: 0.5119  loss_ce_4: 0.04604  loss_mask_4: 0.07661  loss_dice_4: 0.4658  loss_ce_5: 0.04939  loss_mask_5: 0.0726  loss_dice_5: 0.4937  loss_ce_6: 0.04084  loss_mask_6: 0.07481  loss_dice_6: 0.5181  loss_ce_7: 0.04372  loss_mask_7: 0.07715  loss_dice_7: 0.4658  loss_ce_8: 0.04684  loss_mask_8: 0.08138  loss_dice_8: 0.5841    time: 0.7640  last_time: 0.7952  data_time: 0.1586  last_data_time: 0.1586   lr: 2.0939e-05  max_mem: 10275M
[03/19 16:31:35 d2.utils.events]:  eta: 1:24:05  iter: 8299  total_loss: 8.57  loss_ce: 0.05213  loss_mask: 0.04107  loss_dice: 0.6828  loss_ce_0: 0.7117  loss_mask_0: 0.0585  loss_dice_0: 0.9372  loss_ce_1: 0.2084  loss_mask_1: 0.04117  loss_dice_1: 0.6032  loss_ce_2: 0.07504  loss_mask_2: 0.03711  loss_dice_2: 0.6078  loss_ce_3: 0.06555  loss_mask_3: 0.0394  loss_dice_3: 0.6023  loss_ce_4: 0.09533  loss_mask_4: 0.03592  loss_dice_4: 0.5682  loss_ce_5: 0.05872  loss_mask_5: 0.04293  loss_dice_5: 0.5929  loss_ce_6: 0.05348  loss_mask_6: 0.0405  loss_dice_6: 0.6437  loss_ce_7: 0.05414  loss_mask_7: 0.04751  loss_dice_7: 0.7829  loss_ce_8: 0.05507  loss_mask_8: 0.04035  loss_dice_8: 0.6953    time: 0.7640  last_time: 0.7827  data_time: 0.1453  last_data_time: 0.1453   lr: 2.0836e-05  max_mem: 10275M
[03/19 16:31:51 d2.utils.events]:  eta: 1:23:52  iter: 8319  total_loss: 10.01  loss_ce: 0.2887  loss_mask: 0.04957  loss_dice: 0.7069  loss_ce_0: 0.4761  loss_mask_0: 0.08227  loss_dice_0: 0.8881  loss_ce_1: 0.2415  loss_mask_1: 0.04948  loss_dice_1: 0.7682  loss_ce_2: 0.128  loss_mask_2: 0.04486  loss_dice_2: 0.4426  loss_ce_3: 0.2614  loss_mask_3: 0.04336  loss_dice_3: 0.6818  loss_ce_4: 0.3287  loss_mask_4: 0.04768  loss_dice_4: 0.7723  loss_ce_5: 0.2868  loss_mask_5: 0.04697  loss_dice_5: 0.7428  loss_ce_6: 0.2649  loss_mask_6: 0.0387  loss_dice_6: 0.8237  loss_ce_7: 0.09991  loss_mask_7: 0.04419  loss_dice_7: 0.6323  loss_ce_8: 0.1109  loss_mask_8: 0.04213  loss_dice_8: 0.5775    time: 0.7640  last_time: 0.7948  data_time: 0.1405  last_data_time: 0.1405   lr: 2.0733e-05  max_mem: 10275M
[03/19 16:32:06 d2.utils.events]:  eta: 1:23:37  iter: 8339  total_loss: 7.942  loss_ce: 0.1032  loss_mask: 0.01862  loss_dice: 0.5093  loss_ce_0: 0.5737  loss_mask_0: 0.06252  loss_dice_0: 0.6364  loss_ce_1: 0.223  loss_mask_1: 0.0297  loss_dice_1: 0.5947  loss_ce_2: 0.1475  loss_mask_2: 0.02226  loss_dice_2: 0.6222  loss_ce_3: 0.1093  loss_mask_3: 0.02118  loss_dice_3: 0.7155  loss_ce_4: 0.1217  loss_mask_4: 0.01888  loss_dice_4: 0.6673  loss_ce_5: 0.1394  loss_mask_5: 0.01772  loss_dice_5: 0.4157  loss_ce_6: 0.1185  loss_mask_6: 0.0168  loss_dice_6: 0.4544  loss_ce_7: 0.1226  loss_mask_7: 0.03418  loss_dice_7: 0.7743  loss_ce_8: 0.3486  loss_mask_8: 0.01168  loss_dice_8: 0.2911    time: 0.7640  last_time: 0.7493  data_time: 0.1389  last_data_time: 0.1389   lr: 2.063e-05  max_mem: 10275M
[03/19 16:32:23 d2.utils.events]:  eta: 1:23:24  iter: 8359  total_loss: 5.838  loss_ce: 0.03589  loss_mask: 0.03304  loss_dice: 0.4702  loss_ce_0: 0.3647  loss_mask_0: 0.02575  loss_dice_0: 0.3539  loss_ce_1: 0.0262  loss_mask_1: 0.02629  loss_dice_1: 0.4102  loss_ce_2: 0.03336  loss_mask_2: 0.04166  loss_dice_2: 0.4994  loss_ce_3: 0.0357  loss_mask_3: 0.03679  loss_dice_3: 0.5873  loss_ce_4: 0.03031  loss_mask_4: 0.03633  loss_dice_4: 0.5207  loss_ce_5: 0.03452  loss_mask_5: 0.03837  loss_dice_5: 0.5523  loss_ce_6: 0.0318  loss_mask_6: 0.02965  loss_dice_6: 0.4757  loss_ce_7: 0.0292  loss_mask_7: 0.0306  loss_dice_7: 0.4831  loss_ce_8: 0.0352  loss_mask_8: 0.03342  loss_dice_8: 0.4966    time: 0.7641  last_time: 0.7642  data_time: 0.1445  last_data_time: 0.1445   lr: 2.0527e-05  max_mem: 10275M
[03/19 16:32:38 d2.utils.events]:  eta: 1:23:04  iter: 8379  total_loss: 9.355  loss_ce: 0.2082  loss_mask: 0.04286  loss_dice: 0.8572  loss_ce_0: 0.3544  loss_mask_0: 0.047  loss_dice_0: 0.7044  loss_ce_1: 0.1748  loss_mask_1: 0.03388  loss_dice_1: 0.5257  loss_ce_2: 0.1855  loss_mask_2: 0.03961  loss_dice_2: 0.546  loss_ce_3: 0.1989  loss_mask_3: 0.0389  loss_dice_3: 0.6989  loss_ce_4: 0.1978  loss_mask_4: 0.04063  loss_dice_4: 0.8047  loss_ce_5: 0.1827  loss_mask_5: 0.04082  loss_dice_5: 0.8404  loss_ce_6: 0.1846  loss_mask_6: 0.03817  loss_dice_6: 0.6814  loss_ce_7: 0.18  loss_mask_7: 0.03752  loss_dice_7: 0.3906  loss_ce_8: 0.2099  loss_mask_8: 0.04582  loss_dice_8: 0.8235    time: 0.7641  last_time: 0.7901  data_time: 0.1693  last_data_time: 0.1693   lr: 2.0424e-05  max_mem: 10275M
[03/19 16:32:54 d2.utils.events]:  eta: 1:22:48  iter: 8399  total_loss: 6.575  loss_ce: 0.02782  loss_mask: 0.02289  loss_dice: 0.5092  loss_ce_0: 0.6692  loss_mask_0: 0.02667  loss_dice_0: 0.5482  loss_ce_1: 0.08  loss_mask_1: 0.02579  loss_dice_1: 0.5077  loss_ce_2: 0.1165  loss_mask_2: 0.02524  loss_dice_2: 0.4654  loss_ce_3: 0.05711  loss_mask_3: 0.02781  loss_dice_3: 0.5594  loss_ce_4: 0.04193  loss_mask_4: 0.02278  loss_dice_4: 0.5058  loss_ce_5: 0.04273  loss_mask_5: 0.0274  loss_dice_5: 0.5088  loss_ce_6: 0.02438  loss_mask_6: 0.0281  loss_dice_6: 0.5668  loss_ce_7: 0.02772  loss_mask_7: 0.02391  loss_dice_7: 0.5135  loss_ce_8: 0.02759  loss_mask_8: 0.02534  loss_dice_8: 0.5197    time: 0.7641  last_time: 0.7990  data_time: 0.1616  last_data_time: 0.1616   lr: 2.0321e-05  max_mem: 10275M
[03/19 16:33:09 d2.utils.events]:  eta: 1:22:31  iter: 8419  total_loss: 6.643  loss_ce: 0.01599  loss_mask: 0.04538  loss_dice: 0.4908  loss_ce_0: 0.644  loss_mask_0: 0.08201  loss_dice_0: 0.7078  loss_ce_1: 0.03596  loss_mask_1: 0.04789  loss_dice_1: 0.4926  loss_ce_2: 0.04547  loss_mask_2: 0.04215  loss_dice_2: 0.5159  loss_ce_3: 0.02015  loss_mask_3: 0.04391  loss_dice_3: 0.479  loss_ce_4: 0.01886  loss_mask_4: 0.04633  loss_dice_4: 0.5194  loss_ce_5: 0.02085  loss_mask_5: 0.0472  loss_dice_5: 0.5257  loss_ce_6: 0.01652  loss_mask_6: 0.04104  loss_dice_6: 0.4926  loss_ce_7: 0.01668  loss_mask_7: 0.04073  loss_dice_7: 0.4911  loss_ce_8: 0.0153  loss_mask_8: 0.05071  loss_dice_8: 0.5915    time: 0.7641  last_time: 0.7811  data_time: 0.1508  last_data_time: 0.1508   lr: 2.0218e-05  max_mem: 10275M
[03/19 16:33:24 d2.utils.events]:  eta: 1:22:16  iter: 8439  total_loss: 8.201  loss_ce: 0.01983  loss_mask: 0.05023  loss_dice: 0.6799  loss_ce_0: 0.5589  loss_mask_0: 0.05886  loss_dice_0: 0.7372  loss_ce_1: 0.05646  loss_mask_1: 0.04994  loss_dice_1: 0.7196  loss_ce_2: 0.05243  loss_mask_2: 0.04765  loss_dice_2: 0.6532  loss_ce_3: 0.02913  loss_mask_3: 0.05055  loss_dice_3: 0.6504  loss_ce_4: 0.03718  loss_mask_4: 0.0483  loss_dice_4: 0.6559  loss_ce_5: 0.04231  loss_mask_5: 0.04926  loss_dice_5: 0.669  loss_ce_6: 0.03082  loss_mask_6: 0.04704  loss_dice_6: 0.6673  loss_ce_7: 0.01895  loss_mask_7: 0.04463  loss_dice_7: 0.6765  loss_ce_8: 0.0182  loss_mask_8: 0.04754  loss_dice_8: 0.7336    time: 0.7641  last_time: 0.8103  data_time: 0.1839  last_data_time: 0.1839   lr: 2.0115e-05  max_mem: 10275M
[03/19 16:33:39 d2.utils.events]:  eta: 1:21:58  iter: 8459  total_loss: 8.101  loss_ce: 0.1528  loss_mask: 0.03892  loss_dice: 0.6031  loss_ce_0: 0.5642  loss_mask_0: 0.04475  loss_dice_0: 0.6299  loss_ce_1: 0.1372  loss_mask_1: 0.03378  loss_dice_1: 0.5119  loss_ce_2: 0.1034  loss_mask_2: 0.03239  loss_dice_2: 0.5813  loss_ce_3: 0.1242  loss_mask_3: 0.03671  loss_dice_3: 0.545  loss_ce_4: 0.1145  loss_mask_4: 0.03881  loss_dice_4: 0.7102  loss_ce_5: 0.1191  loss_mask_5: 0.03717  loss_dice_5: 0.5406  loss_ce_6: 0.1405  loss_mask_6: 0.03348  loss_dice_6: 0.6377  loss_ce_7: 0.1401  loss_mask_7: 0.03582  loss_dice_7: 0.6052  loss_ce_8: 0.1568  loss_mask_8: 0.03821  loss_dice_8: 0.613    time: 0.7640  last_time: 0.7357  data_time: 0.1088  last_data_time: 0.1088   lr: 2.0012e-05  max_mem: 10275M
[03/19 16:33:55 d2.utils.events]:  eta: 1:21:46  iter: 8479  total_loss: 10.67  loss_ce: 0.07948  loss_mask: 0.02397  loss_dice: 0.796  loss_ce_0: 1.02  loss_mask_0: 0.03712  loss_dice_0: 1.127  loss_ce_1: 0.2653  loss_mask_1: 0.02261  loss_dice_1: 0.7944  loss_ce_2: 0.1103  loss_mask_2: 0.03424  loss_dice_2: 0.8485  loss_ce_3: 0.08127  loss_mask_3: 0.02736  loss_dice_3: 0.8928  loss_ce_4: 0.0744  loss_mask_4: 0.02414  loss_dice_4: 0.8189  loss_ce_5: 0.07575  loss_mask_5: 0.02512  loss_dice_5: 0.8395  loss_ce_6: 0.067  loss_mask_6: 0.02628  loss_dice_6: 0.8262  loss_ce_7: 0.06636  loss_mask_7: 0.02486  loss_dice_7: 0.8211  loss_ce_8: 0.07156  loss_mask_8: 0.02191  loss_dice_8: 0.7282    time: 0.7641  last_time: 0.7623  data_time: 0.1235  last_data_time: 0.1235   lr: 1.991e-05  max_mem: 10275M
[03/19 16:34:11 d2.utils.events]:  eta: 1:21:31  iter: 8499  total_loss: 14.62  loss_ce: 0.3677  loss_mask: 0.03823  loss_dice: 1.206  loss_ce_0: 0.4926  loss_mask_0: 0.04908  loss_dice_0: 1.244  loss_ce_1: 0.4582  loss_mask_1: 0.04338  loss_dice_1: 0.9602  loss_ce_2: 0.2098  loss_mask_2: 0.04926  loss_dice_2: 1.141  loss_ce_3: 0.2363  loss_mask_3: 0.02828  loss_dice_3: 0.981  loss_ce_4: 0.2739  loss_mask_4: 0.02062  loss_dice_4: 0.9852  loss_ce_5: 0.3201  loss_mask_5: 0.02992  loss_dice_5: 0.9469  loss_ce_6: 0.3248  loss_mask_6: 0.03114  loss_dice_6: 1.08  loss_ce_7: 0.2267  loss_mask_7: 0.03809  loss_dice_7: 1.152  loss_ce_8: 0.2368  loss_mask_8: 0.03623  loss_dice_8: 1.411    time: 0.7640  last_time: 0.7103  data_time: 0.0833  last_data_time: 0.0833   lr: 1.9807e-05  max_mem: 10275M
[03/19 16:34:26 d2.utils.events]:  eta: 1:21:15  iter: 8519  total_loss: 7.799  loss_ce: 0.03343  loss_mask: 0.03336  loss_dice: 0.6258  loss_ce_0: 0.696  loss_mask_0: 0.03135  loss_dice_0: 0.6345  loss_ce_1: 0.05091  loss_mask_1: 0.03231  loss_dice_1: 0.6063  loss_ce_2: 0.06049  loss_mask_2: 0.03167  loss_dice_2: 0.6129  loss_ce_3: 0.03835  loss_mask_3: 0.03655  loss_dice_3: 0.7142  loss_ce_4: 0.02918  loss_mask_4: 0.03346  loss_dice_4: 0.6424  loss_ce_5: 0.03401  loss_mask_5: 0.03899  loss_dice_5: 0.5958  loss_ce_6: 0.03335  loss_mask_6: 0.03577  loss_dice_6: 0.6551  loss_ce_7: 0.03125  loss_mask_7: 0.03273  loss_dice_7: 0.6679  loss_ce_8: 0.03361  loss_mask_8: 0.03222  loss_dice_8: 0.6653    time: 0.7641  last_time: 0.8206  data_time: 0.1695  last_data_time: 0.1695   lr: 1.9705e-05  max_mem: 10275M
[03/19 16:34:42 d2.utils.events]:  eta: 1:21:00  iter: 8539  total_loss: 5.922  loss_ce: 0.01821  loss_mask: 0.05069  loss_dice: 0.5436  loss_ce_0: 0.342  loss_mask_0: 0.04749  loss_dice_0: 0.5044  loss_ce_1: 0.02617  loss_mask_1: 0.04996  loss_dice_1: 0.4927  loss_ce_2: 0.03096  loss_mask_2: 0.04586  loss_dice_2: 0.4602  loss_ce_3: 0.02221  loss_mask_3: 0.05269  loss_dice_3: 0.5089  loss_ce_4: 0.01761  loss_mask_4: 0.04609  loss_dice_4: 0.4744  loss_ce_5: 0.01655  loss_mask_5: 0.05171  loss_dice_5: 0.5303  loss_ce_6: 0.01692  loss_mask_6: 0.04683  loss_dice_6: 0.468  loss_ce_7: 0.01835  loss_mask_7: 0.04674  loss_dice_7: 0.4485  loss_ce_8: 0.01794  loss_mask_8: 0.04694  loss_dice_8: 0.4794    time: 0.7641  last_time: 0.9651  data_time: 0.1432  last_data_time: 0.1432   lr: 1.9603e-05  max_mem: 10275M
[03/19 16:34:58 d2.utils.events]:  eta: 1:20:45  iter: 8559  total_loss: 7.628  loss_ce: 0.01393  loss_mask: 0.05012  loss_dice: 0.6604  loss_ce_0: 0.4463  loss_mask_0: 0.06913  loss_dice_0: 0.7594  loss_ce_1: 0.06998  loss_mask_1: 0.05569  loss_dice_1: 0.5632  loss_ce_2: 0.02838  loss_mask_2: 0.05809  loss_dice_2: 0.6072  loss_ce_3: 0.01971  loss_mask_3: 0.05456  loss_dice_3: 0.6379  loss_ce_4: 0.01304  loss_mask_4: 0.05358  loss_dice_4: 0.6542  loss_ce_5: 0.0139  loss_mask_5: 0.05555  loss_dice_5: 0.6967  loss_ce_6: 0.01427  loss_mask_6: 0.04622  loss_dice_6: 0.6579  loss_ce_7: 0.01503  loss_mask_7: 0.05137  loss_dice_7: 0.5749  loss_ce_8: 0.01579  loss_mask_8: 0.04769  loss_dice_8: 0.6239    time: 0.7641  last_time: 0.7922  data_time: 0.1514  last_data_time: 0.1514   lr: 1.95e-05  max_mem: 10275M
[03/19 16:35:14 d2.utils.events]:  eta: 1:20:32  iter: 8579  total_loss: 10.96  loss_ce: 0.03468  loss_mask: 0.05096  loss_dice: 0.7939  loss_ce_0: 0.6804  loss_mask_0: 0.06967  loss_dice_0: 0.8562  loss_ce_1: 0.3367  loss_mask_1: 0.07065  loss_dice_1: 0.9452  loss_ce_2: 0.1293  loss_mask_2: 0.06461  loss_dice_2: 0.9396  loss_ce_3: 0.3488  loss_mask_3: 0.0554  loss_dice_3: 0.7974  loss_ce_4: 0.0767  loss_mask_4: 0.05547  loss_dice_4: 0.8676  loss_ce_5: 0.04548  loss_mask_5: 0.06139  loss_dice_5: 0.8372  loss_ce_6: 0.04056  loss_mask_6: 0.05724  loss_dice_6: 0.8299  loss_ce_7: 0.03302  loss_mask_7: 0.06737  loss_dice_7: 0.8841  loss_ce_8: 0.03081  loss_mask_8: 0.05798  loss_dice_8: 0.8404    time: 0.7642  last_time: 0.8105  data_time: 0.1732  last_data_time: 0.1732   lr: 1.9398e-05  max_mem: 10275M
[03/19 16:35:29 d2.utils.events]:  eta: 1:20:15  iter: 8599  total_loss: 8.444  loss_ce: 0.01207  loss_mask: 0.05367  loss_dice: 0.7338  loss_ce_0: 0.4042  loss_mask_0: 0.05887  loss_dice_0: 0.5548  loss_ce_1: 0.01916  loss_mask_1: 0.04863  loss_dice_1: 0.6638  loss_ce_2: 0.01797  loss_mask_2: 0.05528  loss_dice_2: 0.7785  loss_ce_3: 0.008765  loss_mask_3: 0.05701  loss_dice_3: 0.9141  loss_ce_4: 0.007609  loss_mask_4: 0.05439  loss_dice_4: 0.7398  loss_ce_5: 0.00863  loss_mask_5: 0.05317  loss_dice_5: 0.8333  loss_ce_6: 0.01183  loss_mask_6: 0.05702  loss_dice_6: 0.6291  loss_ce_7: 0.01034  loss_mask_7: 0.06112  loss_dice_7: 0.8889  loss_ce_8: 0.01092  loss_mask_8: 0.05764  loss_dice_8: 0.6391    time: 0.7642  last_time: 0.6985  data_time: 0.0776  last_data_time: 0.0776   lr: 1.9296e-05  max_mem: 10275M
[03/19 16:35:45 d2.utils.events]:  eta: 1:20:00  iter: 8619  total_loss: 5.577  loss_ce: 0.04326  loss_mask: 0.03859  loss_dice: 0.4181  loss_ce_0: 0.4854  loss_mask_0: 0.03623  loss_dice_0: 0.4379  loss_ce_1: 0.04196  loss_mask_1: 0.03228  loss_dice_1: 0.3778  loss_ce_2: 0.05701  loss_mask_2: 0.03227  loss_dice_2: 0.3986  loss_ce_3: 0.05153  loss_mask_3: 0.02798  loss_dice_3: 0.3751  loss_ce_4: 0.04809  loss_mask_4: 0.03835  loss_dice_4: 0.4326  loss_ce_5: 0.04597  loss_mask_5: 0.04195  loss_dice_5: 0.4456  loss_ce_6: 0.0459  loss_mask_6: 0.03966  loss_dice_6: 0.5466  loss_ce_7: 0.0431  loss_mask_7: 0.03269  loss_dice_7: 0.3677  loss_ce_8: 0.04091  loss_mask_8: 0.03786  loss_dice_8: 0.5165    time: 0.7642  last_time: 0.8040  data_time: 0.1697  last_data_time: 0.1697   lr: 1.9194e-05  max_mem: 10275M
[03/19 16:36:00 d2.utils.events]:  eta: 1:19:44  iter: 8639  total_loss: 9.189  loss_ce: 0.08848  loss_mask: 0.03569  loss_dice: 0.8894  loss_ce_0: 0.4735  loss_mask_0: 0.03153  loss_dice_0: 0.9619  loss_ce_1: 0.1097  loss_mask_1: 0.02972  loss_dice_1: 0.4808  loss_ce_2: 0.1755  loss_mask_2: 0.03534  loss_dice_2: 0.5596  loss_ce_3: 0.1082  loss_mask_3: 0.03366  loss_dice_3: 0.4739  loss_ce_4: 0.1066  loss_mask_4: 0.03548  loss_dice_4: 0.6198  loss_ce_5: 0.1003  loss_mask_5: 0.03802  loss_dice_5: 0.9169  loss_ce_6: 0.1043  loss_mask_6: 0.03527  loss_dice_6: 0.6707  loss_ce_7: 0.1779  loss_mask_7: 0.04618  loss_dice_7: 1.177  loss_ce_8: 0.09539  loss_mask_8: 0.03679  loss_dice_8: 0.5407    time: 0.7642  last_time: 0.7509  data_time: 0.1112  last_data_time: 0.1112   lr: 1.9093e-05  max_mem: 10275M
[03/19 16:36:16 d2.utils.events]:  eta: 1:19:28  iter: 8659  total_loss: 5.247  loss_ce: 0.02841  loss_mask: 0.0293  loss_dice: 0.4012  loss_ce_0: 0.3682  loss_mask_0: 0.03399  loss_dice_0: 0.4867  loss_ce_1: 0.0554  loss_mask_1: 0.03286  loss_dice_1: 0.4191  loss_ce_2: 0.08924  loss_mask_2: 0.0293  loss_dice_2: 0.4226  loss_ce_3: 0.03203  loss_mask_3: 0.02509  loss_dice_3: 0.3897  loss_ce_4: 0.04189  loss_mask_4: 0.0342  loss_dice_4: 0.4325  loss_ce_5: 0.02197  loss_mask_5: 0.02913  loss_dice_5: 0.3965  loss_ce_6: 0.02244  loss_mask_6: 0.03004  loss_dice_6: 0.4127  loss_ce_7: 0.02396  loss_mask_7: 0.03321  loss_dice_7: 0.4355  loss_ce_8: 0.03294  loss_mask_8: 0.03427  loss_dice_8: 0.4221    time: 0.7642  last_time: 0.8103  data_time: 0.1628  last_data_time: 0.1628   lr: 1.8991e-05  max_mem: 10275M
[03/19 16:36:32 d2.utils.events]:  eta: 1:19:15  iter: 8679  total_loss: 8.494  loss_ce: 0.02961  loss_mask: 0.05614  loss_dice: 0.6259  loss_ce_0: 0.4966  loss_mask_0: 0.08256  loss_dice_0: 0.8704  loss_ce_1: 0.0886  loss_mask_1: 0.05246  loss_dice_1: 0.6564  loss_ce_2: 0.03652  loss_mask_2: 0.05003  loss_dice_2: 0.6313  loss_ce_3: 0.03632  loss_mask_3: 0.05433  loss_dice_3: 0.7106  loss_ce_4: 0.03549  loss_mask_4: 0.05613  loss_dice_4: 0.7074  loss_ce_5: 0.09178  loss_mask_5: 0.05128  loss_dice_5: 0.6401  loss_ce_6: 0.03372  loss_mask_6: 0.05663  loss_dice_6: 0.7078  loss_ce_7: 0.03389  loss_mask_7: 0.05738  loss_dice_7: 0.7001  loss_ce_8: 0.02833  loss_mask_8: 0.06289  loss_dice_8: 0.7536    time: 0.7642  last_time: 0.7909  data_time: 0.1399  last_data_time: 0.1399   lr: 1.8889e-05  max_mem: 10275M
[03/19 16:36:47 d2.utils.events]:  eta: 1:19:00  iter: 8699  total_loss: 8.845  loss_ce: 0.02977  loss_mask: 0.01939  loss_dice: 0.6763  loss_ce_0: 0.3892  loss_mask_0: 0.02188  loss_dice_0: 0.5894  loss_ce_1: 0.04044  loss_mask_1: 0.01668  loss_dice_1: 0.6157  loss_ce_2: 0.04664  loss_mask_2: 0.02291  loss_dice_2: 0.6721  loss_ce_3: 0.04052  loss_mask_3: 0.02801  loss_dice_3: 0.7289  loss_ce_4: 0.03922  loss_mask_4: 0.01888  loss_dice_4: 0.7197  loss_ce_5: 0.03164  loss_mask_5: 0.02924  loss_dice_5: 1.119  loss_ce_6: 0.0292  loss_mask_6: 0.03823  loss_dice_6: 0.9383  loss_ce_7: 0.03047  loss_mask_7: 0.03087  loss_dice_7: 0.8944  loss_ce_8: 0.02918  loss_mask_8: 0.02923  loss_dice_8: 0.9296    time: 0.7642  last_time: 0.7841  data_time: 0.1670  last_data_time: 0.1670   lr: 1.8788e-05  max_mem: 10275M
[03/19 16:37:02 d2.utils.events]:  eta: 1:18:48  iter: 8719  total_loss: 11.93  loss_ce: 0.4225  loss_mask: 0.01287  loss_dice: 0.6008  loss_ce_0: 0.3665  loss_mask_0: 0.01219  loss_dice_0: 1.217  loss_ce_1: 0.2448  loss_mask_1: 0.01341  loss_dice_1: 0.7472  loss_ce_2: 0.2359  loss_mask_2: 0.01787  loss_dice_2: 1.296  loss_ce_3: 0.2253  loss_mask_3: 0.01265  loss_dice_3: 0.7195  loss_ce_4: 0.3588  loss_mask_4: 0.01218  loss_dice_4: 0.7778  loss_ce_5: 0.2265  loss_mask_5: 0.01148  loss_dice_5: 0.5868  loss_ce_6: 0.2305  loss_mask_6: 0.01639  loss_dice_6: 0.8366  loss_ce_7: 0.2454  loss_mask_7: 0.02031  loss_dice_7: 1.174  loss_ce_8: 0.2416  loss_mask_8: 0.01376  loss_dice_8: 1.036    time: 0.7642  last_time: 0.7739  data_time: 0.1521  last_data_time: 0.1521   lr: 1.8686e-05  max_mem: 10275M
[03/19 16:37:18 d2.utils.events]:  eta: 1:18:39  iter: 8739  total_loss: 8.647  loss_ce: 0.08196  loss_mask: 0.03307  loss_dice: 0.606  loss_ce_0: 1.042  loss_mask_0: 0.04491  loss_dice_0: 0.7486  loss_ce_1: 0.09309  loss_mask_1: 0.04177  loss_dice_1: 0.6702  loss_ce_2: 0.1053  loss_mask_2: 0.03917  loss_dice_2: 0.7331  loss_ce_3: 0.063  loss_mask_3: 0.03667  loss_dice_3: 0.6111  loss_ce_4: 0.0635  loss_mask_4: 0.03595  loss_dice_4: 0.5915  loss_ce_5: 0.06658  loss_mask_5: 0.03684  loss_dice_5: 0.6258  loss_ce_6: 0.07977  loss_mask_6: 0.03857  loss_dice_6: 0.6257  loss_ce_7: 0.08096  loss_mask_7: 0.03803  loss_dice_7: 0.6601  loss_ce_8: 0.08011  loss_mask_8: 0.03881  loss_dice_8: 0.6347    time: 0.7642  last_time: 0.7995  data_time: 0.1520  last_data_time: 0.1520   lr: 1.8585e-05  max_mem: 10275M
[03/19 16:37:34 d2.utils.events]:  eta: 1:18:25  iter: 8759  total_loss: 9.315  loss_ce: 0.07675  loss_mask: 0.026  loss_dice: 0.6724  loss_ce_0: 0.6663  loss_mask_0: 0.03325  loss_dice_0: 1.079  loss_ce_1: 0.1268  loss_mask_1: 0.03181  loss_dice_1: 0.7859  loss_ce_2: 0.09698  loss_mask_2: 0.02689  loss_dice_2: 0.7364  loss_ce_3: 0.1278  loss_mask_3: 0.02752  loss_dice_3: 0.9844  loss_ce_4: 0.0914  loss_mask_4: 0.02681  loss_dice_4: 0.6361  loss_ce_5: 0.08437  loss_mask_5: 0.02987  loss_dice_5: 0.6946  loss_ce_6: 0.07861  loss_mask_6: 0.02691  loss_dice_6: 0.6045  loss_ce_7: 0.0795  loss_mask_7: 0.03128  loss_dice_7: 0.7678  loss_ce_8: 0.07893  loss_mask_8: 0.02479  loss_dice_8: 0.5617    time: 0.7642  last_time: 0.7600  data_time: 0.1289  last_data_time: 0.1289   lr: 1.8484e-05  max_mem: 10275M
[03/19 16:37:49 d2.utils.events]:  eta: 1:18:10  iter: 8779  total_loss: 7.688  loss_ce: 0.02326  loss_mask: 0.0516  loss_dice: 0.6596  loss_ce_0: 0.4207  loss_mask_0: 0.0689  loss_dice_0: 0.6807  loss_ce_1: 0.03345  loss_mask_1: 0.05023  loss_dice_1: 0.6348  loss_ce_2: 0.02286  loss_mask_2: 0.05584  loss_dice_2: 0.7426  loss_ce_3: 0.03636  loss_mask_3: 0.04163  loss_dice_3: 0.57  loss_ce_4: 0.03171  loss_mask_4: 0.05314  loss_dice_4: 0.6922  loss_ce_5: 0.0238  loss_mask_5: 0.0449  loss_dice_5: 0.5593  loss_ce_6: 0.02102  loss_mask_6: 0.04884  loss_dice_6: 0.6411  loss_ce_7: 0.01948  loss_mask_7: 0.04792  loss_dice_7: 0.7328  loss_ce_8: 0.01902  loss_mask_8: 0.04893  loss_dice_8: 0.611    time: 0.7642  last_time: 0.7583  data_time: 0.1418  last_data_time: 0.1418   lr: 1.8383e-05  max_mem: 10275M
[03/19 16:38:05 d2.utils.events]:  eta: 1:17:56  iter: 8799  total_loss: 10.4  loss_ce: 0.232  loss_mask: 0.06721  loss_dice: 0.6409  loss_ce_0: 0.8266  loss_mask_0: 0.09593  loss_dice_0: 0.7006  loss_ce_1: 0.268  loss_mask_1: 0.1056  loss_dice_1: 0.7256  loss_ce_2: 0.1721  loss_mask_2: 0.08193  loss_dice_2: 0.7802  loss_ce_3: 0.2016  loss_mask_3: 0.07523  loss_dice_3: 0.6438  loss_ce_4: 0.2114  loss_mask_4: 0.08499  loss_dice_4: 0.7011  loss_ce_5: 0.1812  loss_mask_5: 0.07495  loss_dice_5: 0.629  loss_ce_6: 0.1709  loss_mask_6: 0.06648  loss_dice_6: 0.6343  loss_ce_7: 0.3534  loss_mask_7: 0.07692  loss_dice_7: 0.6658  loss_ce_8: 0.251  loss_mask_8: 0.06471  loss_dice_8: 0.6122    time: 0.7642  last_time: 0.8108  data_time: 0.1606  last_data_time: 0.1606   lr: 1.8282e-05  max_mem: 10275M
[03/19 16:38:20 d2.utils.events]:  eta: 1:17:43  iter: 8819  total_loss: 7.182  loss_ce: 0.03141  loss_mask: 0.03836  loss_dice: 0.5302  loss_ce_0: 0.326  loss_mask_0: 0.05327  loss_dice_0: 0.6839  loss_ce_1: 0.0362  loss_mask_1: 0.04292  loss_dice_1: 0.6721  loss_ce_2: 0.04496  loss_mask_2: 0.03558  loss_dice_2: 0.4915  loss_ce_3: 0.0645  loss_mask_3: 0.04315  loss_dice_3: 0.5696  loss_ce_4: 0.05185  loss_mask_4: 0.04365  loss_dice_4: 0.6729  loss_ce_5: 0.02871  loss_mask_5: 0.04292  loss_dice_5: 0.6311  loss_ce_6: 0.02464  loss_mask_6: 0.04028  loss_dice_6: 0.6298  loss_ce_7: 0.02397  loss_mask_7: 0.04074  loss_dice_7: 0.7302  loss_ce_8: 0.02827  loss_mask_8: 0.03827  loss_dice_8: 0.491    time: 0.7642  last_time: 0.8017  data_time: 0.1596  last_data_time: 0.1596   lr: 1.8181e-05  max_mem: 10275M
[03/19 16:38:36 d2.utils.events]:  eta: 1:17:31  iter: 8839  total_loss: 7.766  loss_ce: 0.02187  loss_mask: 0.03789  loss_dice: 0.6582  loss_ce_0: 0.4165  loss_mask_0: 0.04303  loss_dice_0: 0.8096  loss_ce_1: 0.03588  loss_mask_1: 0.03912  loss_dice_1: 0.6655  loss_ce_2: 0.04618  loss_mask_2: 0.04404  loss_dice_2: 0.7747  loss_ce_3: 0.02747  loss_mask_3: 0.04636  loss_dice_3: 0.7361  loss_ce_4: 0.02509  loss_mask_4: 0.03229  loss_dice_4: 0.5382  loss_ce_5: 0.02687  loss_mask_5: 0.04112  loss_dice_5: 0.605  loss_ce_6: 0.0222  loss_mask_6: 0.04038  loss_dice_6: 0.5803  loss_ce_7: 0.02154  loss_mask_7: 0.03857  loss_dice_7: 0.6256  loss_ce_8: 0.02186  loss_mask_8: 0.03815  loss_dice_8: 0.7067    time: 0.7643  last_time: 0.7667  data_time: 0.1317  last_data_time: 0.1317   lr: 1.8081e-05  max_mem: 10275M
[03/19 16:38:52 d2.utils.events]:  eta: 1:17:16  iter: 8859  total_loss: 7.021  loss_ce: 0.02174  loss_mask: 0.03231  loss_dice: 0.5763  loss_ce_0: 0.6104  loss_mask_0: 0.03612  loss_dice_0: 0.5632  loss_ce_1: 0.04999  loss_mask_1: 0.03414  loss_dice_1: 0.5783  loss_ce_2: 0.05416  loss_mask_2: 0.03032  loss_dice_2: 0.5507  loss_ce_3: 0.04557  loss_mask_3: 0.03754  loss_dice_3: 0.6639  loss_ce_4: 0.03151  loss_mask_4: 0.03406  loss_dice_4: 0.6172  loss_ce_5: 0.02421  loss_mask_5: 0.03548  loss_dice_5: 0.5556  loss_ce_6: 0.02439  loss_mask_6: 0.03285  loss_dice_6: 0.5301  loss_ce_7: 0.01882  loss_mask_7: 0.03399  loss_dice_7: 0.617  loss_ce_8: 0.01873  loss_mask_8: 0.03062  loss_dice_8: 0.5317    time: 0.7643  last_time: 0.8556  data_time: 0.1428  last_data_time: 0.1428   lr: 1.798e-05  max_mem: 10275M
[03/19 16:39:07 d2.utils.events]:  eta: 1:17:03  iter: 8879  total_loss: 7.648  loss_ce: 0.01672  loss_mask: 0.03376  loss_dice: 0.6641  loss_ce_0: 0.5252  loss_mask_0: 0.03984  loss_dice_0: 0.703  loss_ce_1: 0.03266  loss_mask_1: 0.03116  loss_dice_1: 0.6359  loss_ce_2: 0.04695  loss_mask_2: 0.03188  loss_dice_2: 0.5488  loss_ce_3: 0.02106  loss_mask_3: 0.03665  loss_dice_3: 0.7439  loss_ce_4: 0.02091  loss_mask_4: 0.0344  loss_dice_4: 0.6262  loss_ce_5: 0.0208  loss_mask_5: 0.03681  loss_dice_5: 0.754  loss_ce_6: 0.01488  loss_mask_6: 0.03366  loss_dice_6: 0.675  loss_ce_7: 0.01467  loss_mask_7: 0.03419  loss_dice_7: 0.6647  loss_ce_8: 0.01404  loss_mask_8: 0.03295  loss_dice_8: 0.5587    time: 0.7642  last_time: 0.7841  data_time: 0.1538  last_data_time: 0.1538   lr: 1.788e-05  max_mem: 10275M
[03/19 16:39:23 d2.utils.events]:  eta: 1:16:48  iter: 8899  total_loss: 14.36  loss_ce: 0.3455  loss_mask: 0.0468  loss_dice: 0.9624  loss_ce_0: 1.09  loss_mask_0: 0.05177  loss_dice_0: 0.976  loss_ce_1: 0.4544  loss_mask_1: 0.05267  loss_dice_1: 0.9472  loss_ce_2: 0.4262  loss_mask_2: 0.04034  loss_dice_2: 0.9417  loss_ce_3: 0.3151  loss_mask_3: 0.04494  loss_dice_3: 1.081  loss_ce_4: 0.3816  loss_mask_4: 0.04005  loss_dice_4: 0.8851  loss_ce_5: 0.4919  loss_mask_5: 0.03795  loss_dice_5: 0.8592  loss_ce_6: 0.3184  loss_mask_6: 0.03816  loss_dice_6: 0.9615  loss_ce_7: 0.2999  loss_mask_7: 0.04486  loss_dice_7: 0.9483  loss_ce_8: 0.3004  loss_mask_8: 0.04164  loss_dice_8: 0.9315    time: 0.7643  last_time: 0.8118  data_time: 0.1578  last_data_time: 0.1578   lr: 1.7779e-05  max_mem: 10275M
[03/19 16:39:38 d2.utils.events]:  eta: 1:16:33  iter: 8919  total_loss: 7.233  loss_ce: 0.0249  loss_mask: 0.05604  loss_dice: 0.6754  loss_ce_0: 0.3142  loss_mask_0: 0.05563  loss_dice_0: 0.647  loss_ce_1: 0.09158  loss_mask_1: 0.05256  loss_dice_1: 0.6101  loss_ce_2: 0.06647  loss_mask_2: 0.05349  loss_dice_2: 0.5616  loss_ce_3: 0.0229  loss_mask_3: 0.05295  loss_dice_3: 0.6312  loss_ce_4: 0.025  loss_mask_4: 0.04569  loss_dice_4: 0.5669  loss_ce_5: 0.0295  loss_mask_5: 0.054  loss_dice_5: 0.6735  loss_ce_6: 0.0223  loss_mask_6: 0.05333  loss_dice_6: 0.5475  loss_ce_7: 0.02524  loss_mask_7: 0.05595  loss_dice_7: 0.5869  loss_ce_8: 0.02452  loss_mask_8: 0.05303  loss_dice_8: 0.5533    time: 0.7642  last_time: 0.7774  data_time: 0.1242  last_data_time: 0.1242   lr: 1.7679e-05  max_mem: 10275M
[03/19 16:39:54 d2.utils.events]:  eta: 1:16:23  iter: 8939  total_loss: 7.544  loss_ce: 0.04241  loss_mask: 0.0566  loss_dice: 0.5325  loss_ce_0: 0.4214  loss_mask_0: 0.04843  loss_dice_0: 0.635  loss_ce_1: 0.06613  loss_mask_1: 0.05307  loss_dice_1: 0.5446  loss_ce_2: 0.05626  loss_mask_2: 0.06006  loss_dice_2: 0.5672  loss_ce_3: 0.06593  loss_mask_3: 0.05466  loss_dice_3: 0.5923  loss_ce_4: 0.0568  loss_mask_4: 0.06849  loss_dice_4: 0.6319  loss_ce_5: 0.04627  loss_mask_5: 0.06065  loss_dice_5: 0.6183  loss_ce_6: 0.05194  loss_mask_6: 0.06371  loss_dice_6: 0.7097  loss_ce_7: 0.04567  loss_mask_7: 0.05872  loss_dice_7: 0.5996  loss_ce_8: 0.04251  loss_mask_8: 0.07328  loss_dice_8: 0.6201    time: 0.7643  last_time: 0.8177  data_time: 0.1837  last_data_time: 0.1837   lr: 1.7579e-05  max_mem: 10275M
[03/19 16:40:09 d2.utils.events]:  eta: 1:16:05  iter: 8959  total_loss: 6.895  loss_ce: 0.03467  loss_mask: 0.05527  loss_dice: 0.579  loss_ce_0: 0.3401  loss_mask_0: 0.05482  loss_dice_0: 0.5204  loss_ce_1: 0.03075  loss_mask_1: 0.05998  loss_dice_1: 0.5943  loss_ce_2: 0.03806  loss_mask_2: 0.05838  loss_dice_2: 0.5435  loss_ce_3: 0.0352  loss_mask_3: 0.06126  loss_dice_3: 0.6021  loss_ce_4: 0.03492  loss_mask_4: 0.05  loss_dice_4: 0.5525  loss_ce_5: 0.03589  loss_mask_5: 0.05459  loss_dice_5: 0.5301  loss_ce_6: 0.02969  loss_mask_6: 0.05623  loss_dice_6: 0.5817  loss_ce_7: 0.02989  loss_mask_7: 0.05895  loss_dice_7: 0.6183  loss_ce_8: 0.0355  loss_mask_8: 0.05266  loss_dice_8: 0.5659    time: 0.7642  last_time: 0.7665  data_time: 0.1342  last_data_time: 0.1342   lr: 1.7479e-05  max_mem: 10275M
[03/19 16:40:25 d2.utils.events]:  eta: 1:15:47  iter: 8979  total_loss: 8.183  loss_ce: 0.05498  loss_mask: 0.02246  loss_dice: 0.6775  loss_ce_0: 0.4139  loss_mask_0: 0.03634  loss_dice_0: 0.8692  loss_ce_1: 0.1337  loss_mask_1: 0.0211  loss_dice_1: 0.6234  loss_ce_2: 0.1209  loss_mask_2: 0.02871  loss_dice_2: 0.7005  loss_ce_3: 0.05426  loss_mask_3: 0.02596  loss_dice_3: 0.6601  loss_ce_4: 0.06169  loss_mask_4: 0.02116  loss_dice_4: 0.5889  loss_ce_5: 0.06698  loss_mask_5: 0.02738  loss_dice_5: 0.7744  loss_ce_6: 0.0687  loss_mask_6: 0.02252  loss_dice_6: 0.6294  loss_ce_7: 0.05781  loss_mask_7: 0.02557  loss_dice_7: 0.7469  loss_ce_8: 0.05538  loss_mask_8: 0.02068  loss_dice_8: 0.5726    time: 0.7643  last_time: 0.7575  data_time: 0.1139  last_data_time: 0.1139   lr: 1.7379e-05  max_mem: 10275M
[03/19 16:40:41 d2.utils.events]:  eta: 1:15:33  iter: 8999  total_loss: 8.865  loss_ce: 0.01375  loss_mask: 0.05125  loss_dice: 0.8053  loss_ce_0: 0.3942  loss_mask_0: 0.04614  loss_dice_0: 0.8003  loss_ce_1: 0.02998  loss_mask_1: 0.05682  loss_dice_1: 0.8379  loss_ce_2: 0.02266  loss_mask_2: 0.0555  loss_dice_2: 0.8706  loss_ce_3: 0.0169  loss_mask_3: 0.04821  loss_dice_3: 0.7333  loss_ce_4: 0.01508  loss_mask_4: 0.04685  loss_dice_4: 0.7011  loss_ce_5: 0.01623  loss_mask_5: 0.05043  loss_dice_5: 0.7074  loss_ce_6: 0.01683  loss_mask_6: 0.05211  loss_dice_6: 0.796  loss_ce_7: 0.01433  loss_mask_7: 0.05318  loss_dice_7: 0.7378  loss_ce_8: 0.01547  loss_mask_8: 0.05028  loss_dice_8: 0.8094    time: 0.7643  last_time: 0.8006  data_time: 0.1649  last_data_time: 0.1649   lr: 1.728e-05  max_mem: 10275M
[03/19 16:40:57 d2.utils.events]:  eta: 1:15:18  iter: 9019  total_loss: 7.236  loss_ce: 0.03039  loss_mask: 0.04506  loss_dice: 0.5205  loss_ce_0: 0.4569  loss_mask_0: 0.07001  loss_dice_0: 0.7326  loss_ce_1: 0.082  loss_mask_1: 0.05339  loss_dice_1: 0.5991  loss_ce_2: 0.03564  loss_mask_2: 0.0489  loss_dice_2: 0.6864  loss_ce_3: 0.02751  loss_mask_3: 0.04594  loss_dice_3: 0.5468  loss_ce_4: 0.03857  loss_mask_4: 0.04474  loss_dice_4: 0.6012  loss_ce_5: 0.0372  loss_mask_5: 0.04879  loss_dice_5: 0.5586  loss_ce_6: 0.0357  loss_mask_6: 0.05137  loss_dice_6: 0.5163  loss_ce_7: 0.03992  loss_mask_7: 0.04704  loss_dice_7: 0.5993  loss_ce_8: 0.03259  loss_mask_8: 0.04568  loss_dice_8: 0.5584    time: 0.7643  last_time: 0.8373  data_time: 0.1938  last_data_time: 0.1938   lr: 1.718e-05  max_mem: 10275M
[03/19 16:41:13 d2.utils.events]:  eta: 1:15:03  iter: 9039  total_loss: 8.193  loss_ce: 0.01184  loss_mask: 0.04655  loss_dice: 0.704  loss_ce_0: 0.4764  loss_mask_0: 0.04817  loss_dice_0: 0.7346  loss_ce_1: 0.0283  loss_mask_1: 0.04331  loss_dice_1: 0.6037  loss_ce_2: 0.03031  loss_mask_2: 0.04139  loss_dice_2: 0.6326  loss_ce_3: 0.01617  loss_mask_3: 0.03986  loss_dice_3: 0.6644  loss_ce_4: 0.01518  loss_mask_4: 0.04827  loss_dice_4: 0.7133  loss_ce_5: 0.01696  loss_mask_5: 0.04353  loss_dice_5: 0.7027  loss_ce_6: 0.01671  loss_mask_6: 0.04815  loss_dice_6: 0.8385  loss_ce_7: 0.01387  loss_mask_7: 0.04614  loss_dice_7: 0.7628  loss_ce_8: 0.01313  loss_mask_8: 0.04576  loss_dice_8: 0.7466    time: 0.7644  last_time: 0.8993  data_time: 0.2594  last_data_time: 0.2594   lr: 1.7081e-05  max_mem: 10275M
[03/19 16:41:28 d2.utils.events]:  eta: 1:14:47  iter: 9059  total_loss: 8.135  loss_ce: 0.1436  loss_mask: 0.03882  loss_dice: 0.5896  loss_ce_0: 0.3342  loss_mask_0: 0.03277  loss_dice_0: 0.732  loss_ce_1: 0.1839  loss_mask_1: 0.03205  loss_dice_1: 0.5925  loss_ce_2: 0.1475  loss_mask_2: 0.02889  loss_dice_2: 0.5844  loss_ce_3: 0.2298  loss_mask_3: 0.03479  loss_dice_3: 0.5399  loss_ce_4: 0.3965  loss_mask_4: 0.04125  loss_dice_4: 0.5625  loss_ce_5: 0.1839  loss_mask_5: 0.02704  loss_dice_5: 0.4303  loss_ce_6: 0.1824  loss_mask_6: 0.03185  loss_dice_6: 0.5723  loss_ce_7: 0.1704  loss_mask_7: 0.02829  loss_dice_7: 0.5292  loss_ce_8: 0.1418  loss_mask_8: 0.03638  loss_dice_8: 0.5563    time: 0.7644  last_time: 0.7759  data_time: 0.1519  last_data_time: 0.1519   lr: 1.6981e-05  max_mem: 10275M
[03/19 16:41:44 d2.utils.events]:  eta: 1:14:30  iter: 9079  total_loss: 17.84  loss_ce: 0.4369  loss_mask: 0.1118  loss_dice: 1.144  loss_ce_0: 0.7349  loss_mask_0: 0.1929  loss_dice_0: 1.408  loss_ce_1: 0.4344  loss_mask_1: 0.1585  loss_dice_1: 1.377  loss_ce_2: 0.3655  loss_mask_2: 0.1207  loss_dice_2: 1.114  loss_ce_3: 0.5661  loss_mask_3: 0.1129  loss_dice_3: 1.158  loss_ce_4: 0.5076  loss_mask_4: 0.1046  loss_dice_4: 1.126  loss_ce_5: 0.5553  loss_mask_5: 0.09106  loss_dice_5: 1.062  loss_ce_6: 0.4839  loss_mask_6: 0.114  loss_dice_6: 1.06  loss_ce_7: 0.4561  loss_mask_7: 0.1274  loss_dice_7: 1.044  loss_ce_8: 0.5051  loss_mask_8: 0.09611  loss_dice_8: 1.075    time: 0.7644  last_time: 0.7836  data_time: 0.1281  last_data_time: 0.1281   lr: 1.6882e-05  max_mem: 10275M
[03/19 16:42:00 d2.utils.events]:  eta: 1:14:16  iter: 9099  total_loss: 11.09  loss_ce: 0.2994  loss_mask: 0.04048  loss_dice: 0.9313  loss_ce_0: 0.7677  loss_mask_0: 0.04564  loss_dice_0: 0.8888  loss_ce_1: 0.2121  loss_mask_1: 0.04693  loss_dice_1: 1.036  loss_ce_2: 0.08469  loss_mask_2: 0.04313  loss_dice_2: 0.8328  loss_ce_3: 0.1012  loss_mask_3: 0.04677  loss_dice_3: 0.9109  loss_ce_4: 0.1194  loss_mask_4: 0.04189  loss_dice_4: 0.8707  loss_ce_5: 0.1046  loss_mask_5: 0.03631  loss_dice_5: 0.7444  loss_ce_6: 0.3436  loss_mask_6: 0.04465  loss_dice_6: 0.8817  loss_ce_7: 0.07683  loss_mask_7: 0.04154  loss_dice_7: 0.734  loss_ce_8: 0.07086  loss_mask_8: 0.04015  loss_dice_8: 0.6496    time: 0.7644  last_time: 0.8067  data_time: 0.1799  last_data_time: 0.1799   lr: 1.6783e-05  max_mem: 10275M
[03/19 16:42:15 d2.utils.events]:  eta: 1:14:00  iter: 9119  total_loss: 11.34  loss_ce: 0.2857  loss_mask: 0.0429  loss_dice: 0.6084  loss_ce_0: 1.494  loss_mask_0: 0.08264  loss_dice_0: 0.9894  loss_ce_1: 0.5088  loss_mask_1: 0.04374  loss_dice_1: 0.6812  loss_ce_2: 0.2099  loss_mask_2: 0.05474  loss_dice_2: 0.6928  loss_ce_3: 0.2011  loss_mask_3: 0.05747  loss_dice_3: 0.6608  loss_ce_4: 0.1846  loss_mask_4: 0.06181  loss_dice_4: 0.7348  loss_ce_5: 0.1266  loss_mask_5: 0.05734  loss_dice_5: 0.7103  loss_ce_6: 0.1313  loss_mask_6: 0.06037  loss_dice_6: 0.8203  loss_ce_7: 0.1342  loss_mask_7: 0.05132  loss_dice_7: 0.7302  loss_ce_8: 0.1442  loss_mask_8: 0.05227  loss_dice_8: 0.7267    time: 0.7644  last_time: 0.7775  data_time: 0.1363  last_data_time: 0.1363   lr: 1.6684e-05  max_mem: 10275M
[03/19 16:42:31 d2.utils.events]:  eta: 1:13:47  iter: 9139  total_loss: 5.211  loss_ce: 0.009972  loss_mask: 0.02194  loss_dice: 0.4242  loss_ce_0: 0.7614  loss_mask_0: 0.02451  loss_dice_0: 0.418  loss_ce_1: 0.09744  loss_mask_1: 0.02244  loss_dice_1: 0.4314  loss_ce_2: 0.03594  loss_mask_2: 0.0212  loss_dice_2: 0.4291  loss_ce_3: 0.0416  loss_mask_3: 0.01926  loss_dice_3: 0.3969  loss_ce_4: 0.03339  loss_mask_4: 0.017  loss_dice_4: 0.3299  loss_ce_5: 0.01227  loss_mask_5: 0.02115  loss_dice_5: 0.4154  loss_ce_6: 0.01147  loss_mask_6: 0.02091  loss_dice_6: 0.3783  loss_ce_7: 0.01166  loss_mask_7: 0.02247  loss_dice_7: 0.3922  loss_ce_8: 0.01232  loss_mask_8: 0.01903  loss_dice_8: 0.3581    time: 0.7644  last_time: 0.7762  data_time: 0.1472  last_data_time: 0.1472   lr: 1.6586e-05  max_mem: 10275M
[03/19 16:42:47 d2.utils.events]:  eta: 1:13:32  iter: 9159  total_loss: 6.945  loss_ce: 0.02418  loss_mask: 0.03551  loss_dice: 0.6313  loss_ce_0: 0.2977  loss_mask_0: 0.03026  loss_dice_0: 0.5354  loss_ce_1: 0.08537  loss_mask_1: 0.03651  loss_dice_1: 0.6576  loss_ce_2: 0.08444  loss_mask_2: 0.03536  loss_dice_2: 0.6702  loss_ce_3: 0.03878  loss_mask_3: 0.03208  loss_dice_3: 0.5541  loss_ce_4: 0.03291  loss_mask_4: 0.03083  loss_dice_4: 0.4931  loss_ce_5: 0.02934  loss_mask_5: 0.04528  loss_dice_5: 0.6798  loss_ce_6: 0.02795  loss_mask_6: 0.02999  loss_dice_6: 0.5414  loss_ce_7: 0.02579  loss_mask_7: 0.03498  loss_dice_7: 0.6009  loss_ce_8: 0.02515  loss_mask_8: 0.03166  loss_dice_8: 0.5668    time: 0.7644  last_time: 0.7231  data_time: 0.0916  last_data_time: 0.0916   lr: 1.6487e-05  max_mem: 10275M
[03/19 16:43:02 d2.utils.events]:  eta: 1:13:17  iter: 9179  total_loss: 9.778  loss_ce: 0.05513  loss_mask: 0.06003  loss_dice: 0.7852  loss_ce_0: 0.5338  loss_mask_0: 0.06569  loss_dice_0: 0.7631  loss_ce_1: 0.2672  loss_mask_1: 0.06495  loss_dice_1: 0.8189  loss_ce_2: 0.1241  loss_mask_2: 0.05496  loss_dice_2: 0.7566  loss_ce_3: 0.05481  loss_mask_3: 0.06071  loss_dice_3: 0.7589  loss_ce_4: 0.04423  loss_mask_4: 0.06571  loss_dice_4: 0.7921  loss_ce_5: 0.05634  loss_mask_5: 0.06575  loss_dice_5: 0.7648  loss_ce_6: 0.05873  loss_mask_6: 0.05788  loss_dice_6: 0.8161  loss_ce_7: 0.05321  loss_mask_7: 0.06121  loss_dice_7: 0.799  loss_ce_8: 0.05763  loss_mask_8: 0.06579  loss_dice_8: 0.7953    time: 0.7644  last_time: 0.7688  data_time: 0.1403  last_data_time: 0.1403   lr: 1.6389e-05  max_mem: 10275M
[03/19 16:43:17 d2.utils.events]:  eta: 1:12:57  iter: 9199  total_loss: 6.321  loss_ce: 0.02619  loss_mask: 0.02961  loss_dice: 0.6038  loss_ce_0: 0.3933  loss_mask_0: 0.03175  loss_dice_0: 0.5783  loss_ce_1: 0.03565  loss_mask_1: 0.02989  loss_dice_1: 0.5556  loss_ce_2: 0.03198  loss_mask_2: 0.02323  loss_dice_2: 0.3615  loss_ce_3: 0.02938  loss_mask_3: 0.0358  loss_dice_3: 0.7039  loss_ce_4: 0.02969  loss_mask_4: 0.02982  loss_dice_4: 0.5312  loss_ce_5: 0.02839  loss_mask_5: 0.03434  loss_dice_5: 0.543  loss_ce_6: 0.0294  loss_mask_6: 0.02889  loss_dice_6: 0.4963  loss_ce_7: 0.03115  loss_mask_7: 0.02673  loss_dice_7: 0.4818  loss_ce_8: 0.02801  loss_mask_8: 0.02444  loss_dice_8: 0.5077    time: 0.7644  last_time: 0.7287  data_time: 0.1164  last_data_time: 0.1164   lr: 1.6291e-05  max_mem: 10275M
[03/19 16:43:33 d2.utils.events]:  eta: 1:12:44  iter: 9219  total_loss: 8.831  loss_ce: 0.1091  loss_mask: 0.05661  loss_dice: 0.665  loss_ce_0: 0.6452  loss_mask_0: 0.05649  loss_dice_0: 0.7009  loss_ce_1: 0.17  loss_mask_1: 0.05053  loss_dice_1: 0.654  loss_ce_2: 0.1186  loss_mask_2: 0.05534  loss_dice_2: 0.6465  loss_ce_3: 0.112  loss_mask_3: 0.05242  loss_dice_3: 0.6353  loss_ce_4: 0.1178  loss_mask_4: 0.05459  loss_dice_4: 0.6569  loss_ce_5: 0.1248  loss_mask_5: 0.0483  loss_dice_5: 0.6432  loss_ce_6: 0.1175  loss_mask_6: 0.05656  loss_dice_6: 0.6849  loss_ce_7: 0.1203  loss_mask_7: 0.04756  loss_dice_7: 0.6365  loss_ce_8: 0.1026  loss_mask_8: 0.04854  loss_dice_8: 0.6431    time: 0.7644  last_time: 0.7731  data_time: 0.1232  last_data_time: 0.1232   lr: 1.6193e-05  max_mem: 10275M
[03/19 16:43:48 d2.utils.events]:  eta: 1:12:25  iter: 9239  total_loss: 8.415  loss_ce: 0.148  loss_mask: 0.03535  loss_dice: 0.6404  loss_ce_0: 0.3959  loss_mask_0: 0.05746  loss_dice_0: 1.055  loss_ce_1: 0.2013  loss_mask_1: 0.02988  loss_dice_1: 0.5361  loss_ce_2: 0.2802  loss_mask_2: 0.03282  loss_dice_2: 0.4895  loss_ce_3: 0.1459  loss_mask_3: 0.02972  loss_dice_3: 0.4475  loss_ce_4: 0.1338  loss_mask_4: 0.03718  loss_dice_4: 0.7087  loss_ce_5: 0.1147  loss_mask_5: 0.0307  loss_dice_5: 0.4905  loss_ce_6: 0.1124  loss_mask_6: 0.04227  loss_dice_6: 0.7014  loss_ce_7: 0.1329  loss_mask_7: 0.03586  loss_dice_7: 0.7201  loss_ce_8: 0.1299  loss_mask_8: 0.03486  loss_dice_8: 0.4653    time: 0.7643  last_time: 0.7714  data_time: 0.1366  last_data_time: 0.1366   lr: 1.6095e-05  max_mem: 10275M
[03/19 16:44:04 d2.utils.events]:  eta: 1:12:16  iter: 9259  total_loss: 8.12  loss_ce: 0.016  loss_mask: 0.05233  loss_dice: 0.6678  loss_ce_0: 0.5745  loss_mask_0: 0.0608  loss_dice_0: 0.7824  loss_ce_1: 0.04877  loss_mask_1: 0.04418  loss_dice_1: 0.646  loss_ce_2: 0.0362  loss_mask_2: 0.04133  loss_dice_2: 0.6123  loss_ce_3: 0.02329  loss_mask_3: 0.04836  loss_dice_3: 0.6774  loss_ce_4: 0.02597  loss_mask_4: 0.04752  loss_dice_4: 0.6305  loss_ce_5: 0.02322  loss_mask_5: 0.0543  loss_dice_5: 0.7279  loss_ce_6: 0.02327  loss_mask_6: 0.04559  loss_dice_6: 0.6555  loss_ce_7: 0.02303  loss_mask_7: 0.04943  loss_dice_7: 0.7319  loss_ce_8: 0.01748  loss_mask_8: 0.05392  loss_dice_8: 0.6784    time: 0.7644  last_time: 0.8257  data_time: 0.1921  last_data_time: 0.1921   lr: 1.5997e-05  max_mem: 10275M
[03/19 16:44:20 d2.utils.events]:  eta: 1:12:01  iter: 9279  total_loss: 15.35  loss_ce: 0.3901  loss_mask: 0.06452  loss_dice: 1.127  loss_ce_0: 0.4622  loss_mask_0: 0.06312  loss_dice_0: 1.163  loss_ce_1: 0.4066  loss_mask_1: 0.08051  loss_dice_1: 1.192  loss_ce_2: 0.4917  loss_mask_2: 0.04778  loss_dice_2: 1.159  loss_ce_3: 0.1681  loss_mask_3: 0.06629  loss_dice_3: 1.25  loss_ce_4: 0.1815  loss_mask_4: 0.06811  loss_dice_4: 1.149  loss_ce_5: 0.1962  loss_mask_5: 0.06838  loss_dice_5: 1.129  loss_ce_6: 0.2055  loss_mask_6: 0.05458  loss_dice_6: 1.163  loss_ce_7: 0.2536  loss_mask_7: 0.05869  loss_dice_7: 1.152  loss_ce_8: 0.3809  loss_mask_8: 0.06334  loss_dice_8: 1.098    time: 0.7644  last_time: 0.6934  data_time: 0.0637  last_data_time: 0.0637   lr: 1.5899e-05  max_mem: 10275M
[03/19 16:44:35 d2.utils.events]:  eta: 1:11:44  iter: 9299  total_loss: 7.229  loss_ce: 0.06117  loss_mask: 0.03397  loss_dice: 0.4644  loss_ce_0: 0.7283  loss_mask_0: 0.06425  loss_dice_0: 0.7226  loss_ce_1: 0.0783  loss_mask_1: 0.03601  loss_dice_1: 0.5285  loss_ce_2: 0.1771  loss_mask_2: 0.03248  loss_dice_2: 0.4936  loss_ce_3: 0.1514  loss_mask_3: 0.03277  loss_dice_3: 0.5078  loss_ce_4: 0.09199  loss_mask_4: 0.03613  loss_dice_4: 0.4934  loss_ce_5: 0.04532  loss_mask_5: 0.03499  loss_dice_5: 0.5063  loss_ce_6: 0.06557  loss_mask_6: 0.03848  loss_dice_6: 0.5438  loss_ce_7: 0.05347  loss_mask_7: 0.04464  loss_dice_7: 0.5544  loss_ce_8: 0.05444  loss_mask_8: 0.03642  loss_dice_8: 0.5166    time: 0.7644  last_time: 0.7148  data_time: 0.0768  last_data_time: 0.0768   lr: 1.5802e-05  max_mem: 10275M
[03/19 16:44:51 d2.utils.events]:  eta: 1:11:30  iter: 9319  total_loss: 16.14  loss_ce: 0.4125  loss_mask: 0.03857  loss_dice: 1.337  loss_ce_0: 0.3368  loss_mask_0: 0.03618  loss_dice_0: 1.18  loss_ce_1: 0.5227  loss_mask_1: 0.03955  loss_dice_1: 1.099  loss_ce_2: 0.3399  loss_mask_2: 0.03482  loss_dice_2: 1.318  loss_ce_3: 0.3924  loss_mask_3: 0.03318  loss_dice_3: 1.058  loss_ce_4: 0.2164  loss_mask_4: 0.03944  loss_dice_4: 1.17  loss_ce_5: 0.4228  loss_mask_5: 0.04766  loss_dice_5: 1.231  loss_ce_6: 0.3932  loss_mask_6: 0.04026  loss_dice_6: 1.293  loss_ce_7: 0.2082  loss_mask_7: 0.03203  loss_dice_7: 1.249  loss_ce_8: 0.2501  loss_mask_8: 0.03698  loss_dice_8: 1.33    time: 0.7644  last_time: 0.7966  data_time: 0.1676  last_data_time: 0.1676   lr: 1.5704e-05  max_mem: 10275M
[03/19 16:45:06 d2.utils.events]:  eta: 1:11:14  iter: 9339  total_loss: 8.032  loss_ce: 0.02093  loss_mask: 0.04024  loss_dice: 0.622  loss_ce_0: 0.8141  loss_mask_0: 0.06131  loss_dice_0: 0.8199  loss_ce_1: 0.05356  loss_mask_1: 0.0417  loss_dice_1: 0.6518  loss_ce_2: 0.04458  loss_mask_2: 0.04345  loss_dice_2: 0.6487  loss_ce_3: 0.03674  loss_mask_3: 0.04253  loss_dice_3: 0.6373  loss_ce_4: 0.02917  loss_mask_4: 0.04087  loss_dice_4: 0.642  loss_ce_5: 0.02569  loss_mask_5: 0.04229  loss_dice_5: 0.6227  loss_ce_6: 0.02861  loss_mask_6: 0.04193  loss_dice_6: 0.597  loss_ce_7: 0.02217  loss_mask_7: 0.03976  loss_dice_7: 0.6306  loss_ce_8: 0.02194  loss_mask_8: 0.04468  loss_dice_8: 0.6243    time: 0.7644  last_time: 0.9289  data_time: 0.2712  last_data_time: 0.2712   lr: 1.5607e-05  max_mem: 10275M
[03/19 16:45:21 d2.utils.events]:  eta: 1:10:54  iter: 9359  total_loss: 11.82  loss_ce: 0.1278  loss_mask: 0.03934  loss_dice: 0.8279  loss_ce_0: 0.4629  loss_mask_0: 0.04902  loss_dice_0: 0.8435  loss_ce_1: 0.2982  loss_mask_1: 0.05053  loss_dice_1: 0.6328  loss_ce_2: 0.2354  loss_mask_2: 0.04092  loss_dice_2: 0.9321  loss_ce_3: 0.155  loss_mask_3: 0.0461  loss_dice_3: 1.045  loss_ce_4: 0.143  loss_mask_4: 0.04408  loss_dice_4: 1.04  loss_ce_5: 0.1406  loss_mask_5: 0.04376  loss_dice_5: 1.025  loss_ce_6: 0.1274  loss_mask_6: 0.04274  loss_dice_6: 1.034  loss_ce_7: 0.1437  loss_mask_7: 0.04831  loss_dice_7: 1.02  loss_ce_8: 0.1347  loss_mask_8: 0.05124  loss_dice_8: 0.9961    time: 0.7644  last_time: 0.7633  data_time: 0.1280  last_data_time: 0.1280   lr: 1.551e-05  max_mem: 10275M
[03/19 16:45:37 d2.utils.events]:  eta: 1:10:44  iter: 9379  total_loss: 7.652  loss_ce: 0.06425  loss_mask: 0.02909  loss_dice: 0.5171  loss_ce_0: 0.3737  loss_mask_0: 0.03611  loss_dice_0: 0.6603  loss_ce_1: 0.06048  loss_mask_1: 0.03742  loss_dice_1: 0.695  loss_ce_2: 0.0519  loss_mask_2: 0.03571  loss_dice_2: 0.5933  loss_ce_3: 0.0754  loss_mask_3: 0.04127  loss_dice_3: 0.6656  loss_ce_4: 0.05613  loss_mask_4: 0.03153  loss_dice_4: 0.6224  loss_ce_5: 0.05573  loss_mask_5: 0.03099  loss_dice_5: 0.5992  loss_ce_6: 0.05614  loss_mask_6: 0.03663  loss_dice_6: 0.6604  loss_ce_7: 0.06901  loss_mask_7: 0.03769  loss_dice_7: 0.686  loss_ce_8: 0.06508  loss_mask_8: 0.03172  loss_dice_8: 0.6771    time: 0.7644  last_time: 0.7624  data_time: 0.1135  last_data_time: 0.1135   lr: 1.5414e-05  max_mem: 10275M
[03/19 16:45:53 d2.utils.events]:  eta: 1:10:30  iter: 9399  total_loss: 7.65  loss_ce: 0.03709  loss_mask: 0.0344  loss_dice: 0.6149  loss_ce_0: 0.7835  loss_mask_0: 0.06411  loss_dice_0: 0.8179  loss_ce_1: 0.0648  loss_mask_1: 0.03443  loss_dice_1: 0.5714  loss_ce_2: 0.06809  loss_mask_2: 0.033  loss_dice_2: 0.5632  loss_ce_3: 0.08606  loss_mask_3: 0.03461  loss_dice_3: 0.5599  loss_ce_4: 0.05243  loss_mask_4: 0.03453  loss_dice_4: 0.612  loss_ce_5: 0.04161  loss_mask_5: 0.0338  loss_dice_5: 0.5518  loss_ce_6: 0.03537  loss_mask_6: 0.03648  loss_dice_6: 0.5772  loss_ce_7: 0.0415  loss_mask_7: 0.03635  loss_dice_7: 0.5897  loss_ce_8: 0.03488  loss_mask_8: 0.03279  loss_dice_8: 0.572    time: 0.7644  last_time: 1.0036  data_time: 0.1564  last_data_time: 0.1564   lr: 1.5317e-05  max_mem: 10275M
[03/19 16:46:08 d2.utils.events]:  eta: 1:10:15  iter: 9419  total_loss: 7.498  loss_ce: 0.005968  loss_mask: 0.03692  loss_dice: 0.5845  loss_ce_0: 0.4685  loss_mask_0: 0.04373  loss_dice_0: 0.8735  loss_ce_1: 0.03063  loss_mask_1: 0.03696  loss_dice_1: 0.5886  loss_ce_2: 0.01882  loss_mask_2: 0.03876  loss_dice_2: 0.5749  loss_ce_3: 0.01358  loss_mask_3: 0.0371  loss_dice_3: 0.593  loss_ce_4: 0.007255  loss_mask_4: 0.04148  loss_dice_4: 0.705  loss_ce_5: 0.007794  loss_mask_5: 0.04214  loss_dice_5: 0.6484  loss_ce_6: 0.007904  loss_mask_6: 0.04438  loss_dice_6: 0.6136  loss_ce_7: 0.007162  loss_mask_7: 0.03983  loss_dice_7: 0.6438  loss_ce_8: 0.006509  loss_mask_8: 0.04345  loss_dice_8: 0.6942    time: 0.7644  last_time: 0.7688  data_time: 0.1529  last_data_time: 0.1529   lr: 1.522e-05  max_mem: 10275M
[03/19 16:46:24 d2.utils.events]:  eta: 1:10:00  iter: 9439  total_loss: 6.916  loss_ce: 0.05169  loss_mask: 0.02395  loss_dice: 0.6075  loss_ce_0: 0.5825  loss_mask_0: 0.02541  loss_dice_0: 0.67  loss_ce_1: 0.04951  loss_mask_1: 0.02202  loss_dice_1: 0.5599  loss_ce_2: 0.0533  loss_mask_2: 0.02216  loss_dice_2: 0.5364  loss_ce_3: 0.07324  loss_mask_3: 0.02066  loss_dice_3: 0.4872  loss_ce_4: 0.0521  loss_mask_4: 0.01994  loss_dice_4: 0.5259  loss_ce_5: 0.0501  loss_mask_5: 0.0289  loss_dice_5: 0.6572  loss_ce_6: 0.04707  loss_mask_6: 0.02408  loss_dice_6: 0.5653  loss_ce_7: 0.05044  loss_mask_7: 0.02266  loss_dice_7: 0.5191  loss_ce_8: 0.05996  loss_mask_8: 0.02152  loss_dice_8: 0.4866    time: 0.7645  last_time: 0.7758  data_time: 0.1422  last_data_time: 0.1422   lr: 1.5124e-05  max_mem: 10275M
[03/19 16:46:40 d2.utils.events]:  eta: 1:09:52  iter: 9459  total_loss: 8.014  loss_ce: 0.02255  loss_mask: 0.02992  loss_dice: 0.6401  loss_ce_0: 0.5433  loss_mask_0: 0.04168  loss_dice_0: 0.8571  loss_ce_1: 0.2069  loss_mask_1: 0.03207  loss_dice_1: 0.6244  loss_ce_2: 0.03169  loss_mask_2: 0.03543  loss_dice_2: 0.6458  loss_ce_3: 0.0227  loss_mask_3: 0.0294  loss_dice_3: 0.626  loss_ce_4: 0.01779  loss_mask_4: 0.03837  loss_dice_4: 0.7666  loss_ce_5: 0.01979  loss_mask_5: 0.03412  loss_dice_5: 0.7113  loss_ce_6: 0.02148  loss_mask_6: 0.02694  loss_dice_6: 0.6329  loss_ce_7: 0.02352  loss_mask_7: 0.02777  loss_dice_7: 0.5914  loss_ce_8: 0.01986  loss_mask_8: 0.03222  loss_dice_8: 0.6615    time: 0.7645  last_time: 0.6959  data_time: 0.0774  last_data_time: 0.0774   lr: 1.5028e-05  max_mem: 10275M
[03/19 16:46:55 d2.utils.events]:  eta: 1:09:29  iter: 9479  total_loss: 10.73  loss_ce: 0.04366  loss_mask: 0.06871  loss_dice: 0.9371  loss_ce_0: 0.541  loss_mask_0: 0.08055  loss_dice_0: 0.7589  loss_ce_1: 0.1576  loss_mask_1: 0.06244  loss_dice_1: 0.8966  loss_ce_2: 0.04858  loss_mask_2: 0.05806  loss_dice_2: 0.7365  loss_ce_3: 0.06385  loss_mask_3: 0.06963  loss_dice_3: 0.8115  loss_ce_4: 0.03878  loss_mask_4: 0.05806  loss_dice_4: 0.8487  loss_ce_5: 0.05021  loss_mask_5: 0.07023  loss_dice_5: 1.076  loss_ce_6: 0.04622  loss_mask_6: 0.06649  loss_dice_6: 0.8631  loss_ce_7: 0.04972  loss_mask_7: 0.06559  loss_dice_7: 0.9733  loss_ce_8: 0.06123  loss_mask_8: 0.06437  loss_dice_8: 1.063    time: 0.7645  last_time: 0.7553  data_time: 0.1196  last_data_time: 0.1196   lr: 1.4932e-05  max_mem: 10275M
[03/19 16:47:11 d2.utils.events]:  eta: 1:09:15  iter: 9499  total_loss: 16.47  loss_ce: 0.1616  loss_mask: 0.04015  loss_dice: 1.274  loss_ce_0: 0.7665  loss_mask_0: 0.02611  loss_dice_0: 1.298  loss_ce_1: 0.1848  loss_mask_1: 0.03762  loss_dice_1: 1.163  loss_ce_2: 0.325  loss_mask_2: 0.04049  loss_dice_2: 1.361  loss_ce_3: 0.2023  loss_mask_3: 0.04228  loss_dice_3: 1.315  loss_ce_4: 0.2596  loss_mask_4: 0.04463  loss_dice_4: 1.383  loss_ce_5: 0.4297  loss_mask_5: 0.04622  loss_dice_5: 1.598  loss_ce_6: 0.162  loss_mask_6: 0.04344  loss_dice_6: 1.708  loss_ce_7: 0.1538  loss_mask_7: 0.03839  loss_dice_7: 1.313  loss_ce_8: 0.1575  loss_mask_8: 0.03234  loss_dice_8: 0.8559    time: 0.7645  last_time: 0.8468  data_time: 0.2047  last_data_time: 0.2047   lr: 1.4836e-05  max_mem: 10275M
[03/19 16:47:27 d2.utils.events]:  eta: 1:09:06  iter: 9519  total_loss: 11.19  loss_ce: 0.296  loss_mask: 0.08224  loss_dice: 0.7364  loss_ce_0: 0.5888  loss_mask_0: 0.09432  loss_dice_0: 0.6813  loss_ce_1: 0.2593  loss_mask_1: 0.07866  loss_dice_1: 0.7134  loss_ce_2: 0.28  loss_mask_2: 0.06764  loss_dice_2: 0.6456  loss_ce_3: 0.3836  loss_mask_3: 0.08378  loss_dice_3: 0.7442  loss_ce_4: 0.3247  loss_mask_4: 0.07788  loss_dice_4: 0.7188  loss_ce_5: 0.2989  loss_mask_5: 0.0875  loss_dice_5: 0.724  loss_ce_6: 0.2943  loss_mask_6: 0.09037  loss_dice_6: 0.6709  loss_ce_7: 0.3133  loss_mask_7: 0.08957  loss_dice_7: 0.7023  loss_ce_8: 0.3151  loss_mask_8: 0.07845  loss_dice_8: 0.6682    time: 0.7646  last_time: 0.9438  data_time: 0.3081  last_data_time: 0.3081   lr: 1.4741e-05  max_mem: 10275M
[03/19 16:47:43 d2.utils.events]:  eta: 1:08:52  iter: 9539  total_loss: 7.216  loss_ce: 0.05885  loss_mask: 0.03694  loss_dice: 0.6747  loss_ce_0: 0.4518  loss_mask_0: 0.03969  loss_dice_0: 0.6787  loss_ce_1: 0.04083  loss_mask_1: 0.03136  loss_dice_1: 0.5714  loss_ce_2: 0.06611  loss_mask_2: 0.04226  loss_dice_2: 0.6956  loss_ce_3: 0.05148  loss_mask_3: 0.03051  loss_dice_3: 0.4747  loss_ce_4: 0.04889  loss_mask_4: 0.03059  loss_dice_4: 0.5763  loss_ce_5: 0.0496  loss_mask_5: 0.03066  loss_dice_5: 0.5247  loss_ce_6: 0.05376  loss_mask_6: 0.03181  loss_dice_6: 0.5771  loss_ce_7: 0.05611  loss_mask_7: 0.03395  loss_dice_7: 0.524  loss_ce_8: 0.05832  loss_mask_8: 0.03344  loss_dice_8: 0.6417    time: 0.7646  last_time: 0.8826  data_time: 0.1752  last_data_time: 0.1752   lr: 1.4645e-05  max_mem: 10275M
[03/19 16:47:58 d2.utils.events]:  eta: 1:08:30  iter: 9559  total_loss: 8.871  loss_ce: 0.0343  loss_mask: 0.04785  loss_dice: 0.6538  loss_ce_0: 1.13  loss_mask_0: 0.06304  loss_dice_0: 0.7203  loss_ce_1: 0.2923  loss_mask_1: 0.06303  loss_dice_1: 0.8276  loss_ce_2: 0.1181  loss_mask_2: 0.0493  loss_dice_2: 0.6926  loss_ce_3: 0.04478  loss_mask_3: 0.04896  loss_dice_3: 0.6164  loss_ce_4: 0.0284  loss_mask_4: 0.04675  loss_dice_4: 0.5842  loss_ce_5: 0.02285  loss_mask_5: 0.04727  loss_dice_5: 0.6509  loss_ce_6: 0.02435  loss_mask_6: 0.04967  loss_dice_6: 0.633  loss_ce_7: 0.02905  loss_mask_7: 0.04554  loss_dice_7: 0.6055  loss_ce_8: 0.03064  loss_mask_8: 0.04819  loss_dice_8: 0.6226    time: 0.7646  last_time: 0.8068  data_time: 0.1671  last_data_time: 0.1671   lr: 1.455e-05  max_mem: 10275M
[03/19 16:48:14 d2.utils.events]:  eta: 1:08:19  iter: 9579  total_loss: 9.271  loss_ce: 0.1294  loss_mask: 0.03285  loss_dice: 0.848  loss_ce_0: 0.3322  loss_mask_0: 0.04797  loss_dice_0: 0.8633  loss_ce_1: 0.1227  loss_mask_1: 0.02618  loss_dice_1: 0.6054  loss_ce_2: 0.1418  loss_mask_2: 0.03206  loss_dice_2: 0.8019  loss_ce_3: 0.1237  loss_mask_3: 0.02991  loss_dice_3: 0.8183  loss_ce_4: 0.1167  loss_mask_4: 0.03256  loss_dice_4: 0.8073  loss_ce_5: 0.1174  loss_mask_5: 0.02761  loss_dice_5: 0.6201  loss_ce_6: 0.1268  loss_mask_6: 0.03018  loss_dice_6: 0.7414  loss_ce_7: 0.1293  loss_mask_7: 0.03105  loss_dice_7: 0.6724  loss_ce_8: 0.126  loss_mask_8: 0.03281  loss_dice_8: 0.7032    time: 0.7646  last_time: 0.7715  data_time: 0.1525  last_data_time: 0.1525   lr: 1.4455e-05  max_mem: 10275M
[03/19 16:48:30 d2.utils.events]:  eta: 1:08:07  iter: 9599  total_loss: 9.307  loss_ce: 0.0646  loss_mask: 0.03244  loss_dice: 0.709  loss_ce_0: 0.8375  loss_mask_0: 0.08632  loss_dice_0: 0.7796  loss_ce_1: 0.1193  loss_mask_1: 0.03776  loss_dice_1: 0.6768  loss_ce_2: 0.3606  loss_mask_2: 0.03622  loss_dice_2: 0.6534  loss_ce_3: 0.1016  loss_mask_3: 0.03539  loss_dice_3: 0.6937  loss_ce_4: 0.1075  loss_mask_4: 0.03931  loss_dice_4: 0.6196  loss_ce_5: 0.3614  loss_mask_5: 0.02871  loss_dice_5: 0.5315  loss_ce_6: 0.05963  loss_mask_6: 0.03585  loss_dice_6: 0.6239  loss_ce_7: 0.06239  loss_mask_7: 0.03537  loss_dice_7: 0.6892  loss_ce_8: 0.06402  loss_mask_8: 0.03736  loss_dice_8: 0.787    time: 0.7647  last_time: 0.7598  data_time: 0.1208  last_data_time: 0.1208   lr: 1.436e-05  max_mem: 10275M
[03/19 16:48:46 d2.utils.events]:  eta: 1:07:53  iter: 9619  total_loss: 8.945  loss_ce: 0.08709  loss_mask: 0.02409  loss_dice: 0.6957  loss_ce_0: 0.633  loss_mask_0: 0.03961  loss_dice_0: 0.8087  loss_ce_1: 0.09273  loss_mask_1: 0.02484  loss_dice_1: 0.7624  loss_ce_2: 0.1674  loss_mask_2: 0.02051  loss_dice_2: 0.7415  loss_ce_3: 0.08604  loss_mask_3: 0.02229  loss_dice_3: 0.7832  loss_ce_4: 0.09281  loss_mask_4: 0.02142  loss_dice_4: 0.9097  loss_ce_5: 0.07688  loss_mask_5: 0.02039  loss_dice_5: 0.6934  loss_ce_6: 0.09221  loss_mask_6: 0.01724  loss_dice_6: 0.6069  loss_ce_7: 0.1002  loss_mask_7: 0.01751  loss_dice_7: 0.5822  loss_ce_8: 0.09037  loss_mask_8: 0.01938  loss_dice_8: 0.6153    time: 0.7647  last_time: 0.7789  data_time: 0.1358  last_data_time: 0.1358   lr: 1.4266e-05  max_mem: 10275M
[03/19 16:49:02 d2.utils.events]:  eta: 1:07:39  iter: 9639  total_loss: 7.362  loss_ce: 0.02724  loss_mask: 0.04443  loss_dice: 0.5917  loss_ce_0: 0.4403  loss_mask_0: 0.04888  loss_dice_0: 0.8992  loss_ce_1: 0.04802  loss_mask_1: 0.0428  loss_dice_1: 0.5734  loss_ce_2: 0.04291  loss_mask_2: 0.04419  loss_dice_2: 0.6919  loss_ce_3: 0.03283  loss_mask_3: 0.03842  loss_dice_3: 0.5979  loss_ce_4: 0.03863  loss_mask_4: 0.04017  loss_dice_4: 0.6163  loss_ce_5: 0.03145  loss_mask_5: 0.04368  loss_dice_5: 0.567  loss_ce_6: 0.02833  loss_mask_6: 0.0433  loss_dice_6: 0.5881  loss_ce_7: 0.02735  loss_mask_7: 0.03893  loss_dice_7: 0.5491  loss_ce_8: 0.0275  loss_mask_8: 0.03889  loss_dice_8: 0.5195    time: 0.7647  last_time: 0.7681  data_time: 0.1316  last_data_time: 0.1316   lr: 1.4171e-05  max_mem: 10275M
[03/19 16:49:17 d2.utils.events]:  eta: 1:07:28  iter: 9659  total_loss: 6.524  loss_ce: 0.02852  loss_mask: 0.04243  loss_dice: 0.4551  loss_ce_0: 0.6604  loss_mask_0: 0.06954  loss_dice_0: 0.7114  loss_ce_1: 0.04453  loss_mask_1: 0.04145  loss_dice_1: 0.4925  loss_ce_2: 0.03044  loss_mask_2: 0.03614  loss_dice_2: 0.478  loss_ce_3: 0.03499  loss_mask_3: 0.04333  loss_dice_3: 0.5405  loss_ce_4: 0.0335  loss_mask_4: 0.04227  loss_dice_4: 0.5034  loss_ce_5: 0.03191  loss_mask_5: 0.04219  loss_dice_5: 0.5108  loss_ce_6: 0.03036  loss_mask_6: 0.04185  loss_dice_6: 0.4944  loss_ce_7: 0.0276  loss_mask_7: 0.04172  loss_dice_7: 0.4849  loss_ce_8: 0.02686  loss_mask_8: 0.03967  loss_dice_8: 0.4631    time: 0.7648  last_time: 0.7956  data_time: 0.1589  last_data_time: 0.1589   lr: 1.4077e-05  max_mem: 10275M
[03/19 16:49:33 d2.utils.events]:  eta: 1:07:10  iter: 9679  total_loss: 5.266  loss_ce: 0.009429  loss_mask: 0.03583  loss_dice: 0.3966  loss_ce_0: 0.3644  loss_mask_0: 0.05802  loss_dice_0: 0.5332  loss_ce_1: 0.02067  loss_mask_1: 0.04616  loss_dice_1: 0.4694  loss_ce_2: 0.02878  loss_mask_2: 0.03598  loss_dice_2: 0.4464  loss_ce_3: 0.01172  loss_mask_3: 0.0385  loss_dice_3: 0.4105  loss_ce_4: 0.01059  loss_mask_4: 0.03895  loss_dice_4: 0.4598  loss_ce_5: 0.01108  loss_mask_5: 0.03863  loss_dice_5: 0.3763  loss_ce_6: 0.009705  loss_mask_6: 0.04199  loss_dice_6: 0.4618  loss_ce_7: 0.008735  loss_mask_7: 0.0416  loss_dice_7: 0.4077  loss_ce_8: 0.009278  loss_mask_8: 0.03885  loss_dice_8: 0.4056    time: 0.7648  last_time: 0.7401  data_time: 0.1054  last_data_time: 0.1054   lr: 1.3983e-05  max_mem: 10275M
[03/19 16:49:49 d2.utils.events]:  eta: 1:06:57  iter: 9699  total_loss: 8.957  loss_ce: 0.1004  loss_mask: 0.04514  loss_dice: 0.5092  loss_ce_0: 0.7798  loss_mask_0: 0.06544  loss_dice_0: 0.6628  loss_ce_1: 0.3068  loss_mask_1: 0.04926  loss_dice_1: 0.5064  loss_ce_2: 0.1375  loss_mask_2: 0.05302  loss_dice_2: 0.7947  loss_ce_3: 0.1683  loss_mask_3: 0.0539  loss_dice_3: 0.68  loss_ce_4: 0.1758  loss_mask_4: 0.04834  loss_dice_4: 0.6029  loss_ce_5: 0.1503  loss_mask_5: 0.04712  loss_dice_5: 0.5613  loss_ce_6: 0.1364  loss_mask_6: 0.04725  loss_dice_6: 0.6816  loss_ce_7: 0.1382  loss_mask_7: 0.04988  loss_dice_7: 0.5531  loss_ce_8: 0.1144  loss_mask_8: 0.05216  loss_dice_8: 0.6859    time: 0.7648  last_time: 0.8204  data_time: 0.1828  last_data_time: 0.1828   lr: 1.3889e-05  max_mem: 10275M
[03/19 16:50:04 d2.utils.events]:  eta: 1:06:40  iter: 9719  total_loss: 8.888  loss_ce: 0.1113  loss_mask: 0.03371  loss_dice: 0.7141  loss_ce_0: 0.5304  loss_mask_0: 0.03838  loss_dice_0: 0.7526  loss_ce_1: 0.1049  loss_mask_1: 0.03973  loss_dice_1: 0.6351  loss_ce_2: 0.1136  loss_mask_2: 0.03802  loss_dice_2: 0.7173  loss_ce_3: 0.0817  loss_mask_3: 0.03607  loss_dice_3: 0.6943  loss_ce_4: 0.08367  loss_mask_4: 0.03483  loss_dice_4: 0.6585  loss_ce_5: 0.08826  loss_mask_5: 0.03669  loss_dice_5: 0.6945  loss_ce_6: 0.09563  loss_mask_6: 0.04055  loss_dice_6: 0.7429  loss_ce_7: 0.1104  loss_mask_7: 0.03531  loss_dice_7: 0.6602  loss_ce_8: 0.111  loss_mask_8: 0.04099  loss_dice_8: 0.8134    time: 0.7647  last_time: 0.7639  data_time: 0.1330  last_data_time: 0.1330   lr: 1.3795e-05  max_mem: 10275M
[03/19 16:50:20 d2.utils.events]:  eta: 1:06:27  iter: 9739  total_loss: 8.737  loss_ce: 0.2391  loss_mask: 0.04091  loss_dice: 0.6034  loss_ce_0: 0.6231  loss_mask_0: 0.06231  loss_dice_0: 0.6907  loss_ce_1: 0.2361  loss_mask_1: 0.04545  loss_dice_1: 0.4819  loss_ce_2: 0.3257  loss_mask_2: 0.04457  loss_dice_2: 0.5613  loss_ce_3: 0.2727  loss_mask_3: 0.04459  loss_dice_3: 0.5985  loss_ce_4: 0.2455  loss_mask_4: 0.04099  loss_dice_4: 0.5095  loss_ce_5: 0.2402  loss_mask_5: 0.03908  loss_dice_5: 0.4901  loss_ce_6: 0.2354  loss_mask_6: 0.04661  loss_dice_6: 0.4829  loss_ce_7: 0.237  loss_mask_7: 0.04747  loss_dice_7: 0.5453  loss_ce_8: 0.2407  loss_mask_8: 0.03759  loss_dice_8: 0.4289    time: 0.7648  last_time: 0.7857  data_time: 0.1324  last_data_time: 0.1324   lr: 1.3702e-05  max_mem: 10275M
[03/19 16:50:35 d2.utils.events]:  eta: 1:06:13  iter: 9759  total_loss: 12.74  loss_ce: 0.2247  loss_mask: 0.04117  loss_dice: 0.9361  loss_ce_0: 0.4792  loss_mask_0: 0.04561  loss_dice_0: 1.094  loss_ce_1: 0.3742  loss_mask_1: 0.04248  loss_dice_1: 0.9767  loss_ce_2: 0.2682  loss_mask_2: 0.04049  loss_dice_2: 0.9888  loss_ce_3: 0.2319  loss_mask_3: 0.04812  loss_dice_3: 1.079  loss_ce_4: 0.1493  loss_mask_4: 0.03608  loss_dice_4: 0.9102  loss_ce_5: 0.1366  loss_mask_5: 0.03986  loss_dice_5: 0.9801  loss_ce_6: 0.3123  loss_mask_6: 0.03776  loss_dice_6: 1.123  loss_ce_7: 0.2903  loss_mask_7: 0.03815  loss_dice_7: 0.8793  loss_ce_8: 0.1495  loss_mask_8: 0.0376  loss_dice_8: 0.7476    time: 0.7648  last_time: 0.8347  data_time: 0.1950  last_data_time: 0.1950   lr: 1.3608e-05  max_mem: 10275M
[03/19 16:50:51 d2.utils.events]:  eta: 1:05:58  iter: 9779  total_loss: 9.362  loss_ce: 0.1064  loss_mask: 0.0335  loss_dice: 0.6563  loss_ce_0: 1.072  loss_mask_0: 0.07384  loss_dice_0: 0.9991  loss_ce_1: 0.1377  loss_mask_1: 0.0336  loss_dice_1: 0.7223  loss_ce_2: 0.1031  loss_mask_2: 0.03402  loss_dice_2: 0.636  loss_ce_3: 0.1303  loss_mask_3: 0.03257  loss_dice_3: 0.6556  loss_ce_4: 0.1284  loss_mask_4: 0.03308  loss_dice_4: 0.6049  loss_ce_5: 0.1122  loss_mask_5: 0.03224  loss_dice_5: 0.6379  loss_ce_6: 0.1053  loss_mask_6: 0.03357  loss_dice_6: 0.631  loss_ce_7: 0.1014  loss_mask_7: 0.03185  loss_dice_7: 0.6402  loss_ce_8: 0.1074  loss_mask_8: 0.03545  loss_dice_8: 0.7012    time: 0.7648  last_time: 0.8157  data_time: 0.1480  last_data_time: 0.1480   lr: 1.3515e-05  max_mem: 10275M
[03/19 16:51:07 d2.utils.events]:  eta: 1:05:45  iter: 9799  total_loss: 8.164  loss_ce: 0.01873  loss_mask: 0.04049  loss_dice: 0.6701  loss_ce_0: 0.3804  loss_mask_0: 0.05504  loss_dice_0: 0.9898  loss_ce_1: 0.03502  loss_mask_1: 0.04406  loss_dice_1: 0.7969  loss_ce_2: 0.02932  loss_mask_2: 0.04501  loss_dice_2: 0.6687  loss_ce_3: 0.02239  loss_mask_3: 0.04349  loss_dice_3: 0.6624  loss_ce_4: 0.04771  loss_mask_4: 0.03731  loss_dice_4: 0.5925  loss_ce_5: 0.04014  loss_mask_5: 0.03786  loss_dice_5: 0.6793  loss_ce_6: 0.04269  loss_mask_6: 0.03909  loss_dice_6: 0.7098  loss_ce_7: 0.02698  loss_mask_7: 0.0399  loss_dice_7: 0.6712  loss_ce_8: 0.0185  loss_mask_8: 0.03767  loss_dice_8: 0.6409    time: 0.7648  last_time: 0.7826  data_time: 0.1396  last_data_time: 0.1396   lr: 1.3422e-05  max_mem: 10275M
[03/19 16:51:22 d2.utils.events]:  eta: 1:05:30  iter: 9819  total_loss: 14.68  loss_ce: 0.1813  loss_mask: 0.06861  loss_dice: 1.321  loss_ce_0: 0.3824  loss_mask_0: 0.07877  loss_dice_0: 1.069  loss_ce_1: 0.1178  loss_mask_1: 0.06402  loss_dice_1: 1.029  loss_ce_2: 0.496  loss_mask_2: 0.06443  loss_dice_2: 1.364  loss_ce_3: 0.191  loss_mask_3: 0.06537  loss_dice_3: 1.315  loss_ce_4: 0.4243  loss_mask_4: 0.0623  loss_dice_4: 0.921  loss_ce_5: 0.1744  loss_mask_5: 0.05915  loss_dice_5: 1.252  loss_ce_6: 0.1907  loss_mask_6: 0.05762  loss_dice_6: 1.203  loss_ce_7: 0.2001  loss_mask_7: 0.05744  loss_dice_7: 0.9796  loss_ce_8: 0.1883  loss_mask_8: 0.06685  loss_dice_8: 1.039    time: 0.7648  last_time: 0.8170  data_time: 0.1989  last_data_time: 0.1989   lr: 1.333e-05  max_mem: 10275M
[03/19 16:51:38 d2.utils.events]:  eta: 1:05:12  iter: 9839  total_loss: 17.34  loss_ce: 0.2896  loss_mask: 0.03434  loss_dice: 1.873  loss_ce_0: 0.359  loss_mask_0: 0.02639  loss_dice_0: 1.594  loss_ce_1: 0.1726  loss_mask_1: 0.02996  loss_dice_1: 1.21  loss_ce_2: 0.2894  loss_mask_2: 0.02435  loss_dice_2: 1.485  loss_ce_3: 0.1716  loss_mask_3: 0.02775  loss_dice_3: 1.413  loss_ce_4: 0.1127  loss_mask_4: 0.02307  loss_dice_4: 1.201  loss_ce_5: 0.3293  loss_mask_5: 0.02672  loss_dice_5: 1.438  loss_ce_6: 0.1211  loss_mask_6: 0.02869  loss_dice_6: 1.644  loss_ce_7: 0.1213  loss_mask_7: 0.02891  loss_dice_7: 1.606  loss_ce_8: 0.1215  loss_mask_8: 0.02987  loss_dice_8: 1.512    time: 0.7648  last_time: 0.7753  data_time: 0.1630  last_data_time: 0.1630   lr: 1.3237e-05  max_mem: 10275M
[03/19 16:51:53 d2.utils.events]:  eta: 1:04:57  iter: 9859  total_loss: 5.756  loss_ce: 0.02277  loss_mask: 0.03991  loss_dice: 0.4435  loss_ce_0: 0.7205  loss_mask_0: 0.0487  loss_dice_0: 0.4487  loss_ce_1: 0.08827  loss_mask_1: 0.03711  loss_dice_1: 0.3797  loss_ce_2: 0.05678  loss_mask_2: 0.03993  loss_dice_2: 0.4408  loss_ce_3: 0.03298  loss_mask_3: 0.04196  loss_dice_3: 0.4069  loss_ce_4: 0.03286  loss_mask_4: 0.04185  loss_dice_4: 0.4263  loss_ce_5: 0.02571  loss_mask_5: 0.04189  loss_dice_5: 0.4608  loss_ce_6: 0.02404  loss_mask_6: 0.04036  loss_dice_6: 0.3973  loss_ce_7: 0.02326  loss_mask_7: 0.04274  loss_dice_7: 0.4748  loss_ce_8: 0.02315  loss_mask_8: 0.04082  loss_dice_8: 0.4113    time: 0.7648  last_time: 0.9080  data_time: 0.1540  last_data_time: 0.1540   lr: 1.3145e-05  max_mem: 10275M
[03/19 16:52:09 d2.utils.events]:  eta: 1:04:41  iter: 9879  total_loss: 13.36  loss_ce: 0.1181  loss_mask: 0.03856  loss_dice: 1.068  loss_ce_0: 0.8586  loss_mask_0: 0.0438  loss_dice_0: 1.059  loss_ce_1: 0.2335  loss_mask_1: 0.03415  loss_dice_1: 0.9937  loss_ce_2: 0.3164  loss_mask_2: 0.03086  loss_dice_2: 1.018  loss_ce_3: 0.2143  loss_mask_3: 0.03274  loss_dice_3: 0.7892  loss_ce_4: 0.2294  loss_mask_4: 0.03388  loss_dice_4: 1.046  loss_ce_5: 0.2293  loss_mask_5: 0.03625  loss_dice_5: 1.08  loss_ce_6: 0.3605  loss_mask_6: 0.03281  loss_dice_6: 0.851  loss_ce_7: 0.1801  loss_mask_7: 0.03687  loss_dice_7: 1.006  loss_ce_8: 0.2159  loss_mask_8: 0.0358  loss_dice_8: 1.133    time: 0.7648  last_time: 0.7160  data_time: 0.0742  last_data_time: 0.0742   lr: 1.3053e-05  max_mem: 10275M
[03/19 16:52:25 d2.utils.events]:  eta: 1:04:26  iter: 9899  total_loss: 8.074  loss_ce: 0.01927  loss_mask: 0.06265  loss_dice: 0.6192  loss_ce_0: 0.6617  loss_mask_0: 0.07013  loss_dice_0: 0.6482  loss_ce_1: 0.09708  loss_mask_1: 0.06593  loss_dice_1: 0.6889  loss_ce_2: 0.05891  loss_mask_2: 0.06335  loss_dice_2: 0.6364  loss_ce_3: 0.04721  loss_mask_3: 0.06462  loss_dice_3: 0.639  loss_ce_4: 0.2026  loss_mask_4: 0.05605  loss_dice_4: 0.5649  loss_ce_5: 0.0255  loss_mask_5: 0.0692  loss_dice_5: 0.6213  loss_ce_6: 0.02462  loss_mask_6: 0.06912  loss_dice_6: 0.6595  loss_ce_7: 0.023  loss_mask_7: 0.06016  loss_dice_7: 0.5986  loss_ce_8: 0.01883  loss_mask_8: 0.05683  loss_dice_8: 0.5816    time: 0.7649  last_time: 0.8855  data_time: 0.2490  last_data_time: 0.2490   lr: 1.2961e-05  max_mem: 10275M
[03/19 16:52:40 d2.utils.events]:  eta: 1:04:11  iter: 9919  total_loss: 10.75  loss_ce: 0.3204  loss_mask: 0.03622  loss_dice: 0.5908  loss_ce_0: 0.911  loss_mask_0: 0.04798  loss_dice_0: 0.8174  loss_ce_1: 0.4043  loss_mask_1: 0.03782  loss_dice_1: 0.665  loss_ce_2: 0.6258  loss_mask_2: 0.03892  loss_dice_2: 0.6107  loss_ce_3: 0.3396  loss_mask_3: 0.03401  loss_dice_3: 0.5582  loss_ce_4: 0.3737  loss_mask_4: 0.03556  loss_dice_4: 0.5653  loss_ce_5: 0.3098  loss_mask_5: 0.03493  loss_dice_5: 0.6047  loss_ce_6: 0.3103  loss_mask_6: 0.03281  loss_dice_6: 0.5836  loss_ce_7: 0.3423  loss_mask_7: 0.03459  loss_dice_7: 0.5684  loss_ce_8: 0.306  loss_mask_8: 0.03435  loss_dice_8: 0.5761    time: 0.7649  last_time: 0.8761  data_time: 0.2288  last_data_time: 0.2288   lr: 1.2869e-05  max_mem: 10275M
[03/19 16:52:56 d2.utils.events]:  eta: 1:03:53  iter: 9939  total_loss: 9.422  loss_ce: 0.2395  loss_mask: 0.0306  loss_dice: 0.6729  loss_ce_0: 0.5243  loss_mask_0: 0.03235  loss_dice_0: 0.9739  loss_ce_1: 0.02961  loss_mask_1: 0.03198  loss_dice_1: 0.7562  loss_ce_2: 0.09595  loss_mask_2: 0.03214  loss_dice_2: 0.7558  loss_ce_3: 0.09365  loss_mask_3: 0.03274  loss_dice_3: 0.7341  loss_ce_4: 0.07327  loss_mask_4: 0.03404  loss_dice_4: 0.6054  loss_ce_5: 0.09773  loss_mask_5: 0.03398  loss_dice_5: 0.7815  loss_ce_6: 0.2659  loss_mask_6: 0.03376  loss_dice_6: 0.6557  loss_ce_7: 0.2327  loss_mask_7: 0.0296  loss_dice_7: 0.677  loss_ce_8: 0.2117  loss_mask_8: 0.03142  loss_dice_8: 0.6225    time: 0.7649  last_time: 0.7624  data_time: 0.1240  last_data_time: 0.1240   lr: 1.2778e-05  max_mem: 10275M
[03/19 16:53:11 d2.utils.events]:  eta: 1:03:40  iter: 9959  total_loss: 6.661  loss_ce: 0.01498  loss_mask: 0.03419  loss_dice: 0.5217  loss_ce_0: 0.5954  loss_mask_0: 0.04608  loss_dice_0: 0.6402  loss_ce_1: 0.03123  loss_mask_1: 0.03333  loss_dice_1: 0.5987  loss_ce_2: 0.02374  loss_mask_2: 0.03462  loss_dice_2: 0.5127  loss_ce_3: 0.01988  loss_mask_3: 0.0331  loss_dice_3: 0.5176  loss_ce_4: 0.01857  loss_mask_4: 0.03872  loss_dice_4: 0.5199  loss_ce_5: 0.01812  loss_mask_5: 0.03373  loss_dice_5: 0.588  loss_ce_6: 0.016  loss_mask_6: 0.03574  loss_dice_6: 0.5519  loss_ce_7: 0.01482  loss_mask_7: 0.0376  loss_dice_7: 0.5082  loss_ce_8: 0.0153  loss_mask_8: 0.0394  loss_dice_8: 0.568    time: 0.7649  last_time: 0.7543  data_time: 0.1271  last_data_time: 0.1271   lr: 1.2686e-05  max_mem: 10275M
[03/19 16:53:27 d2.utils.events]:  eta: 1:03:25  iter: 9979  total_loss: 7.513  loss_ce: 0.02346  loss_mask: 0.042  loss_dice: 0.6007  loss_ce_0: 0.8153  loss_mask_0: 0.04132  loss_dice_0: 0.5915  loss_ce_1: 0.04522  loss_mask_1: 0.03248  loss_dice_1: 0.518  loss_ce_2: 0.03756  loss_mask_2: 0.04012  loss_dice_2: 0.59  loss_ce_3: 0.03187  loss_mask_3: 0.03882  loss_dice_3: 0.6052  loss_ce_4: 0.02831  loss_mask_4: 0.04428  loss_dice_4: 0.6068  loss_ce_5: 0.02842  loss_mask_5: 0.04496  loss_dice_5: 0.6693  loss_ce_6: 0.02316  loss_mask_6: 0.03775  loss_dice_6: 0.6177  loss_ce_7: 0.02336  loss_mask_7: 0.04117  loss_dice_7: 0.6664  loss_ce_8: 0.02329  loss_mask_8: 0.04234  loss_dice_8: 0.5623    time: 0.7649  last_time: 0.7964  data_time: 0.1512  last_data_time: 0.1512   lr: 1.2595e-05  max_mem: 10275M
[03/19 16:53:42 fvcore.common.checkpoint]: Saving checkpoint to /mnt/data/mis2025/group_6/Parameter/trained_para/graphene_mid_finetune_penalize_small_flakes/model_0009999.pth
[03/19 16:53:43 d2.utils.events]:  eta: 1:03:09  iter: 9999  total_loss: 7.968  loss_ce: 0.07916  loss_mask: 0.06698  loss_dice: 0.5858  loss_ce_0: 0.3519  loss_mask_0: 0.08633  loss_dice_0: 0.715  loss_ce_1: 0.04615  loss_mask_1: 0.07664  loss_dice_1: 0.6213  loss_ce_2: 0.06689  loss_mask_2: 0.06625  loss_dice_2: 0.6338  loss_ce_3: 0.0629  loss_mask_3: 0.0802  loss_dice_3: 0.6624  loss_ce_4: 0.08201  loss_mask_4: 0.06606  loss_dice_4: 0.596  loss_ce_5: 0.0736  loss_mask_5: 0.06841  loss_dice_5: 0.6344  loss_ce_6: 0.08197  loss_mask_6: 0.06273  loss_dice_6: 0.601  loss_ce_7: 0.09109  loss_mask_7: 0.06386  loss_dice_7: 0.6105  loss_ce_8: 0.07836  loss_mask_8: 0.05935  loss_dice_8: 0.5974    time: 0.7649  last_time: 0.8072  data_time: 0.1734  last_data_time: 0.1734   lr: 1.2505e-05  max_mem: 10275M
[03/19 16:53:59 d2.utils.events]:  eta: 1:02:55  iter: 10019  total_loss: 5.467  loss_ce: 0.007661  loss_mask: 0.03456  loss_dice: 0.4971  loss_ce_0: 0.3639  loss_mask_0: 0.04655  loss_dice_0: 0.4675  loss_ce_1: 0.01991  loss_mask_1: 0.03897  loss_dice_1: 0.4341  loss_ce_2: 0.01562  loss_mask_2: 0.0432  loss_dice_2: 0.4808  loss_ce_3: 0.01117  loss_mask_3: 0.03939  loss_dice_3: 0.447  loss_ce_4: 0.01204  loss_mask_4: 0.0404  loss_dice_4: 0.4598  loss_ce_5: 0.01023  loss_mask_5: 0.0325  loss_dice_5: 0.4333  loss_ce_6: 0.00931  loss_mask_6: 0.03942  loss_dice_6: 0.4825  loss_ce_7: 0.008864  loss_mask_7: 0.03838  loss_dice_7: 0.4653  loss_ce_8: 0.008496  loss_mask_8: 0.036  loss_dice_8: 0.4426    time: 0.7649  last_time: 0.8453  data_time: 0.2083  last_data_time: 0.2083   lr: 1.2414e-05  max_mem: 10275M
[03/19 16:54:14 d2.utils.events]:  eta: 1:02:40  iter: 10039  total_loss: 4.337  loss_ce: 0.02408  loss_mask: 0.04399  loss_dice: 0.3416  loss_ce_0: 0.3726  loss_mask_0: 0.04935  loss_dice_0: 0.3342  loss_ce_1: 0.02604  loss_mask_1: 0.04929  loss_dice_1: 0.3609  loss_ce_2: 0.03319  loss_mask_2: 0.04883  loss_dice_2: 0.3028  loss_ce_3: 0.04307  loss_mask_3: 0.03964  loss_dice_3: 0.2943  loss_ce_4: 0.04487  loss_mask_4: 0.04454  loss_dice_4: 0.3632  loss_ce_5: 0.03824  loss_mask_5: 0.04688  loss_dice_5: 0.3197  loss_ce_6: 0.02884  loss_mask_6: 0.03651  loss_dice_6: 0.2911  loss_ce_7: 0.03148  loss_mask_7: 0.03749  loss_dice_7: 0.2885  loss_ce_8: 0.0283  loss_mask_8: 0.04461  loss_dice_8: 0.3291    time: 0.7649  last_time: 0.9731  data_time: 0.3399  last_data_time: 0.3399   lr: 1.2324e-05  max_mem: 10275M
[03/19 16:54:30 d2.utils.events]:  eta: 1:02:26  iter: 10059  total_loss: 6.163  loss_ce: 0.06191  loss_mask: 0.06198  loss_dice: 0.5289  loss_ce_0: 0.4029  loss_mask_0: 0.08478  loss_dice_0: 0.5223  loss_ce_1: 0.06481  loss_mask_1: 0.05195  loss_dice_1: 0.461  loss_ce_2: 0.03213  loss_mask_2: 0.05382  loss_dice_2: 0.467  loss_ce_3: 0.03825  loss_mask_3: 0.05017  loss_dice_3: 0.4154  loss_ce_4: 0.02669  loss_mask_4: 0.05033  loss_dice_4: 0.4534  loss_ce_5: 0.03527  loss_mask_5: 0.05692  loss_dice_5: 0.4649  loss_ce_6: 0.04207  loss_mask_6: 0.05574  loss_dice_6: 0.4952  loss_ce_7: 0.04478  loss_mask_7: 0.0524  loss_dice_7: 0.4125  loss_ce_8: 0.05486  loss_mask_8: 0.059  loss_dice_8: 0.5615    time: 0.7649  last_time: 0.8060  data_time: 0.1819  last_data_time: 0.1819   lr: 1.2233e-05  max_mem: 10275M
[03/19 16:54:45 d2.utils.events]:  eta: 1:02:13  iter: 10079  total_loss: 14.34  loss_ce: 0.3088  loss_mask: 0.03943  loss_dice: 0.9514  loss_ce_0: 0.7123  loss_mask_0: 0.04895  loss_dice_0: 1.241  loss_ce_1: 0.2808  loss_mask_1: 0.03873  loss_dice_1: 0.9934  loss_ce_2: 0.3962  loss_mask_2: 0.03484  loss_dice_2: 0.9296  loss_ce_3: 0.4209  loss_mask_3: 0.03621  loss_dice_3: 0.9433  loss_ce_4: 0.3204  loss_mask_4: 0.03513  loss_dice_4: 0.9808  loss_ce_5: 0.3503  loss_mask_5: 0.03701  loss_dice_5: 0.9259  loss_ce_6: 0.3244  loss_mask_6: 0.04551  loss_dice_6: 1.176  loss_ce_7: 0.3561  loss_mask_7: 0.03045  loss_dice_7: 0.9081  loss_ce_8: 0.3291  loss_mask_8: 0.04636  loss_dice_8: 1.104    time: 0.7649  last_time: 0.8387  data_time: 0.2098  last_data_time: 0.2098   lr: 1.2144e-05  max_mem: 10275M
[03/19 16:55:01 d2.utils.events]:  eta: 1:01:56  iter: 10099  total_loss: 10.99  loss_ce: 0.04801  loss_mask: 0.0498  loss_dice: 0.8355  loss_ce_0: 0.8493  loss_mask_0: 0.125  loss_dice_0: 1.36  loss_ce_1: 0.264  loss_mask_1: 0.08151  loss_dice_1: 0.9474  loss_ce_2: 0.05763  loss_mask_2: 0.0833  loss_dice_2: 0.8752  loss_ce_3: 0.07732  loss_mask_3: 0.05213  loss_dice_3: 0.8044  loss_ce_4: 0.05973  loss_mask_4: 0.04774  loss_dice_4: 0.747  loss_ce_5: 0.04129  loss_mask_5: 0.05143  loss_dice_5: 0.8803  loss_ce_6: 0.05197  loss_mask_6: 0.04864  loss_dice_6: 0.7532  loss_ce_7: 0.05777  loss_mask_7: 0.04651  loss_dice_7: 0.794  loss_ce_8: 0.04578  loss_mask_8: 0.05134  loss_dice_8: 0.8064    time: 0.7649  last_time: 0.8262  data_time: 0.2032  last_data_time: 0.2032   lr: 1.2054e-05  max_mem: 10275M
[03/19 16:55:17 d2.utils.events]:  eta: 1:01:43  iter: 10119  total_loss: 15.98  loss_ce: 0.1151  loss_mask: 0.1489  loss_dice: 1.162  loss_ce_0: 0.9692  loss_mask_0: 0.2122  loss_dice_0: 1.506  loss_ce_1: 0.1243  loss_mask_1: 0.149  loss_dice_1: 1.181  loss_ce_2: 0.08835  loss_mask_2: 0.1578  loss_dice_2: 1.112  loss_ce_3: 0.09686  loss_mask_3: 0.1526  loss_dice_3: 1.197  loss_ce_4: 0.09667  loss_mask_4: 0.1509  loss_dice_4: 1.307  loss_ce_5: 0.09333  loss_mask_5: 0.1633  loss_dice_5: 1.383  loss_ce_6: 0.1753  loss_mask_6: 0.153  loss_dice_6: 1.12  loss_ce_7: 0.1196  loss_mask_7: 0.1387  loss_dice_7: 1.168  loss_ce_8: 0.1138  loss_mask_8: 0.1478  loss_dice_8: 1.278    time: 0.7650  last_time: 0.7775  data_time: 0.1461  last_data_time: 0.1461   lr: 1.1964e-05  max_mem: 10275M
[03/19 16:55:33 d2.utils.events]:  eta: 1:01:29  iter: 10139  total_loss: 7.777  loss_ce: 0.06312  loss_mask: 0.03409  loss_dice: 0.582  loss_ce_0: 0.8946  loss_mask_0: 0.1774  loss_dice_0: 0.8162  loss_ce_1: 0.1322  loss_mask_1: 0.03274  loss_dice_1: 0.5827  loss_ce_2: 0.07991  loss_mask_2: 0.03303  loss_dice_2: 0.5426  loss_ce_3: 0.05064  loss_mask_3: 0.03059  loss_dice_3: 0.5005  loss_ce_4: 0.0563  loss_mask_4: 0.03095  loss_dice_4: 0.545  loss_ce_5: 0.06062  loss_mask_5: 0.02896  loss_dice_5: 0.5271  loss_ce_6: 0.06026  loss_mask_6: 0.03077  loss_dice_6: 0.5354  loss_ce_7: 0.06207  loss_mask_7: 0.03322  loss_dice_7: 0.5897  loss_ce_8: 0.06321  loss_mask_8: 0.03195  loss_dice_8: 0.5693    time: 0.7650  last_time: 0.8514  data_time: 0.2084  last_data_time: 0.2084   lr: 1.1875e-05  max_mem: 10275M
[03/19 16:55:49 d2.utils.events]:  eta: 1:01:15  iter: 10159  total_loss: 12.21  loss_ce: 0.2219  loss_mask: 0.05122  loss_dice: 0.9028  loss_ce_0: 0.7005  loss_mask_0: 0.06401  loss_dice_0: 0.9769  loss_ce_1: 0.2186  loss_mask_1: 0.07483  loss_dice_1: 0.8747  loss_ce_2: 0.2005  loss_mask_2: 0.08182  loss_dice_2: 1.023  loss_ce_3: 0.2365  loss_mask_3: 0.04724  loss_dice_3: 0.8167  loss_ce_4: 0.2314  loss_mask_4: 0.04739  loss_dice_4: 0.929  loss_ce_5: 0.08644  loss_mask_5: 0.06851  loss_dice_5: 0.9332  loss_ce_6: 0.1033  loss_mask_6: 0.07167  loss_dice_6: 0.9205  loss_ce_7: 0.2319  loss_mask_7: 0.04644  loss_dice_7: 0.8551  loss_ce_8: 0.2451  loss_mask_8: 0.0511  loss_dice_8: 0.8945    time: 0.7651  last_time: 0.7889  data_time: 0.1466  last_data_time: 0.1466   lr: 1.1786e-05  max_mem: 10275M
[03/19 16:56:04 d2.utils.events]:  eta: 1:01:00  iter: 10179  total_loss: 6.186  loss_ce: 0.02179  loss_mask: 0.03025  loss_dice: 0.4848  loss_ce_0: 0.3655  loss_mask_0: 0.03929  loss_dice_0: 0.5666  loss_ce_1: 0.01469  loss_mask_1: 0.03937  loss_dice_1: 0.5003  loss_ce_2: 0.02006  loss_mask_2: 0.03843  loss_dice_2: 0.5912  loss_ce_3: 0.02001  loss_mask_3: 0.03663  loss_dice_3: 0.4804  loss_ce_4: 0.02153  loss_mask_4: 0.03491  loss_dice_4: 0.4716  loss_ce_5: 0.0191  loss_mask_5: 0.04105  loss_dice_5: 0.6152  loss_ce_6: 0.02262  loss_mask_6: 0.03503  loss_dice_6: 0.4965  loss_ce_7: 0.02399  loss_mask_7: 0.03324  loss_dice_7: 0.4755  loss_ce_8: 0.02478  loss_mask_8: 0.04336  loss_dice_8: 0.5787    time: 0.7650  last_time: 0.6991  data_time: 0.0765  last_data_time: 0.0765   lr: 1.1697e-05  max_mem: 10275M
[03/19 16:56:20 d2.utils.events]:  eta: 1:00:45  iter: 10199  total_loss: 7.568  loss_ce: 0.1106  loss_mask: 0.03411  loss_dice: 0.5814  loss_ce_0: 0.4314  loss_mask_0: 0.03679  loss_dice_0: 0.6622  loss_ce_1: 0.1521  loss_mask_1: 0.03197  loss_dice_1: 0.5652  loss_ce_2: 0.08391  loss_mask_2: 0.0321  loss_dice_2: 0.5103  loss_ce_3: 0.1005  loss_mask_3: 0.03522  loss_dice_3: 0.628  loss_ce_4: 0.106  loss_mask_4: 0.03191  loss_dice_4: 0.5334  loss_ce_5: 0.1052  loss_mask_5: 0.03393  loss_dice_5: 0.5363  loss_ce_6: 0.1132  loss_mask_6: 0.03217  loss_dice_6: 0.6238  loss_ce_7: 0.1203  loss_mask_7: 0.03123  loss_dice_7: 0.5819  loss_ce_8: 0.1285  loss_mask_8: 0.03215  loss_dice_8: 0.5623    time: 0.7650  last_time: 0.7943  data_time: 0.1637  last_data_time: 0.1637   lr: 1.1609e-05  max_mem: 10275M
[03/19 16:56:35 d2.utils.events]:  eta: 1:00:31  iter: 10219  total_loss: 7.278  loss_ce: 0.01154  loss_mask: 0.04498  loss_dice: 0.6357  loss_ce_0: 0.3656  loss_mask_0: 0.0501  loss_dice_0: 0.6452  loss_ce_1: 0.02061  loss_mask_1: 0.04252  loss_dice_1: 0.5803  loss_ce_2: 0.02236  loss_mask_2: 0.03926  loss_dice_2: 0.648  loss_ce_3: 0.03393  loss_mask_3: 0.04276  loss_dice_3: 0.681  loss_ce_4: 0.03497  loss_mask_4: 0.0529  loss_dice_4: 0.5653  loss_ce_5: 0.01696  loss_mask_5: 0.04904  loss_dice_5: 0.614  loss_ce_6: 0.01271  loss_mask_6: 0.05087  loss_dice_6: 0.6382  loss_ce_7: 0.01171  loss_mask_7: 0.04567  loss_dice_7: 0.6819  loss_ce_8: 0.01068  loss_mask_8: 0.04174  loss_dice_8: 0.5871    time: 0.7650  last_time: 0.7953  data_time: 0.1693  last_data_time: 0.1693   lr: 1.152e-05  max_mem: 10275M
[03/19 16:56:50 d2.utils.events]:  eta: 1:00:17  iter: 10239  total_loss: 6.566  loss_ce: 0.08652  loss_mask: 0.02337  loss_dice: 0.4263  loss_ce_0: 0.4846  loss_mask_0: 0.03249  loss_dice_0: 0.536  loss_ce_1: 0.1476  loss_mask_1: 0.02346  loss_dice_1: 0.5213  loss_ce_2: 0.1139  loss_mask_2: 0.02605  loss_dice_2: 0.4314  loss_ce_3: 0.06059  loss_mask_3: 0.02766  loss_dice_3: 0.4444  loss_ce_4: 0.08997  loss_mask_4: 0.02943  loss_dice_4: 0.5022  loss_ce_5: 0.07772  loss_mask_5: 0.02759  loss_dice_5: 0.4338  loss_ce_6: 0.0697  loss_mask_6: 0.02448  loss_dice_6: 0.4717  loss_ce_7: 0.105  loss_mask_7: 0.02632  loss_dice_7: 0.522  loss_ce_8: 0.09642  loss_mask_8: 0.02901  loss_dice_8: 0.6746    time: 0.7650  last_time: 0.7964  data_time: 0.1704  last_data_time: 0.1704   lr: 1.1432e-05  max_mem: 10275M
[03/19 16:57:06 d2.utils.events]:  eta: 1:00:00  iter: 10259  total_loss: 4.568  loss_ce: 0.02665  loss_mask: 0.0363  loss_dice: 0.2875  loss_ce_0: 0.6408  loss_mask_0: 0.0539  loss_dice_0: 0.5148  loss_ce_1: 0.02873  loss_mask_1: 0.04165  loss_dice_1: 0.3379  loss_ce_2: 0.02374  loss_mask_2: 0.03823  loss_dice_2: 0.2861  loss_ce_3: 0.02609  loss_mask_3: 0.0383  loss_dice_3: 0.2884  loss_ce_4: 0.02048  loss_mask_4: 0.04243  loss_dice_4: 0.2996  loss_ce_5: 0.02459  loss_mask_5: 0.03865  loss_dice_5: 0.3107  loss_ce_6: 0.02565  loss_mask_6: 0.04004  loss_dice_6: 0.3241  loss_ce_7: 0.02736  loss_mask_7: 0.03773  loss_dice_7: 0.3257  loss_ce_8: 0.02614  loss_mask_8: 0.03959  loss_dice_8: 0.3155    time: 0.7650  last_time: 0.7695  data_time: 0.1509  last_data_time: 0.1509   lr: 1.1345e-05  max_mem: 10275M
[03/19 16:57:21 d2.utils.events]:  eta: 0:59:45  iter: 10279  total_loss: 7.225  loss_ce: 0.01452  loss_mask: 0.05768  loss_dice: 0.6422  loss_ce_0: 0.4171  loss_mask_0: 0.07062  loss_dice_0: 0.7398  loss_ce_1: 0.02989  loss_mask_1: 0.05123  loss_dice_1: 0.6489  loss_ce_2: 0.02365  loss_mask_2: 0.05694  loss_dice_2: 0.6552  loss_ce_3: 0.02058  loss_mask_3: 0.04903  loss_dice_3: 0.5743  loss_ce_4: 0.01746  loss_mask_4: 0.04858  loss_dice_4: 0.5325  loss_ce_5: 0.01649  loss_mask_5: 0.04867  loss_dice_5: 0.5893  loss_ce_6: 0.01465  loss_mask_6: 0.05354  loss_dice_6: 0.5567  loss_ce_7: 0.01425  loss_mask_7: 0.05553  loss_dice_7: 0.6189  loss_ce_8: 0.01472  loss_mask_8: 0.05312  loss_dice_8: 0.5389    time: 0.7650  last_time: 0.7716  data_time: 0.1416  last_data_time: 0.1416   lr: 1.1257e-05  max_mem: 10275M
[03/19 16:57:37 d2.utils.events]:  eta: 0:59:33  iter: 10299  total_loss: 9.052  loss_ce: 0.02497  loss_mask: 0.05198  loss_dice: 0.8103  loss_ce_0: 0.3463  loss_mask_0: 0.05296  loss_dice_0: 0.8017  loss_ce_1: 0.0346  loss_mask_1: 0.0498  loss_dice_1: 0.8199  loss_ce_2: 0.02943  loss_mask_2: 0.04598  loss_dice_2: 0.6773  loss_ce_3: 0.0279  loss_mask_3: 0.06399  loss_dice_3: 0.8382  loss_ce_4: 0.02241  loss_mask_4: 0.05193  loss_dice_4: 0.8171  loss_ce_5: 0.02346  loss_mask_5: 0.04616  loss_dice_5: 0.7673  loss_ce_6: 0.02521  loss_mask_6: 0.04311  loss_dice_6: 0.8747  loss_ce_7: 0.02487  loss_mask_7: 0.0458  loss_dice_7: 0.7977  loss_ce_8: 0.02473  loss_mask_8: 0.04796  loss_dice_8: 0.7644    time: 0.7650  last_time: 0.7781  data_time: 0.1512  last_data_time: 0.1512   lr: 1.117e-05  max_mem: 10275M
[03/19 16:57:53 d2.utils.events]:  eta: 0:59:18  iter: 10319  total_loss: 12.76  loss_ce: 0.2646  loss_mask: 0.05116  loss_dice: 0.9193  loss_ce_0: 1.164  loss_mask_0: 0.1588  loss_dice_0: 1.327  loss_ce_1: 0.2331  loss_mask_1: 0.06505  loss_dice_1: 0.9282  loss_ce_2: 0.3337  loss_mask_2: 0.05539  loss_dice_2: 0.8254  loss_ce_3: 0.2617  loss_mask_3: 0.05399  loss_dice_3: 0.7397  loss_ce_4: 0.2686  loss_mask_4: 0.04183  loss_dice_4: 0.772  loss_ce_5: 0.221  loss_mask_5: 0.0436  loss_dice_5: 0.8344  loss_ce_6: 0.2393  loss_mask_6: 0.04551  loss_dice_6: 0.8535  loss_ce_7: 0.2324  loss_mask_7: 0.06083  loss_dice_7: 0.7309  loss_ce_8: 0.2145  loss_mask_8: 0.05266  loss_dice_8: 0.7695    time: 0.7651  last_time: 0.8293  data_time: 0.1863  last_data_time: 0.1863   lr: 1.1082e-05  max_mem: 10275M
[03/19 16:58:08 d2.utils.events]:  eta: 0:59:03  iter: 10339  total_loss: 5.756  loss_ce: 0.009698  loss_mask: 0.05031  loss_dice: 0.4695  loss_ce_0: 0.3695  loss_mask_0: 0.05909  loss_dice_0: 0.5051  loss_ce_1: 0.03698  loss_mask_1: 0.04511  loss_dice_1: 0.5112  loss_ce_2: 0.02145  loss_mask_2: 0.04407  loss_dice_2: 0.4262  loss_ce_3: 0.01377  loss_mask_3: 0.04886  loss_dice_3: 0.4985  loss_ce_4: 0.01314  loss_mask_4: 0.04796  loss_dice_4: 0.48  loss_ce_5: 0.01159  loss_mask_5: 0.04687  loss_dice_5: 0.4593  loss_ce_6: 0.01167  loss_mask_6: 0.05555  loss_dice_6: 0.551  loss_ce_7: 0.009411  loss_mask_7: 0.04642  loss_dice_7: 0.4203  loss_ce_8: 0.009681  loss_mask_8: 0.04972  loss_dice_8: 0.4344    time: 0.7651  last_time: 0.8284  data_time: 0.1831  last_data_time: 0.1831   lr: 1.0996e-05  max_mem: 10275M
[03/19 16:58:24 d2.utils.events]:  eta: 0:58:48  iter: 10359  total_loss: 10.47  loss_ce: 0.1188  loss_mask: 0.02833  loss_dice: 0.5123  loss_ce_0: 0.5445  loss_mask_0: 0.03338  loss_dice_0: 1.059  loss_ce_1: 0.1577  loss_mask_1: 0.02505  loss_dice_1: 0.7381  loss_ce_2: 0.07358  loss_mask_2: 0.03363  loss_dice_2: 1.06  loss_ce_3: 0.2377  loss_mask_3: 0.02412  loss_dice_3: 0.7513  loss_ce_4: 0.1461  loss_mask_4: 0.02848  loss_dice_4: 0.8603  loss_ce_5: 0.129  loss_mask_5: 0.0254  loss_dice_5: 0.649  loss_ce_6: 0.1301  loss_mask_6: 0.0317  loss_dice_6: 0.8405  loss_ce_7: 0.1308  loss_mask_7: 0.02991  loss_dice_7: 0.9308  loss_ce_8: 0.1172  loss_mask_8: 0.02982  loss_dice_8: 0.9968    time: 0.7651  last_time: 0.9530  data_time: 0.1020  last_data_time: 0.1020   lr: 1.0909e-05  max_mem: 10275M
[03/19 16:58:40 d2.utils.events]:  eta: 0:58:33  iter: 10379  total_loss: 9.257  loss_ce: 0.0583  loss_mask: 0.03573  loss_dice: 0.683  loss_ce_0: 1.182  loss_mask_0: 0.03919  loss_dice_0: 0.8411  loss_ce_1: 0.1664  loss_mask_1: 0.03346  loss_dice_1: 0.7509  loss_ce_2: 0.1372  loss_mask_2: 0.03386  loss_dice_2: 0.6534  loss_ce_3: 0.08696  loss_mask_3: 0.032  loss_dice_3: 0.622  loss_ce_4: 0.06733  loss_mask_4: 0.03409  loss_dice_4: 0.7411  loss_ce_5: 0.06735  loss_mask_5: 0.03509  loss_dice_5: 0.7026  loss_ce_6: 0.06786  loss_mask_6: 0.03238  loss_dice_6: 0.6218  loss_ce_7: 0.05847  loss_mask_7: 0.03392  loss_dice_7: 0.6849  loss_ce_8: 0.05585  loss_mask_8: 0.03514  loss_dice_8: 0.6641    time: 0.7651  last_time: 0.7824  data_time: 0.1278  last_data_time: 0.1278   lr: 1.0823e-05  max_mem: 10275M
[03/19 16:58:55 d2.utils.events]:  eta: 0:58:18  iter: 10399  total_loss: 7.528  loss_ce: 0.04278  loss_mask: 0.03985  loss_dice: 0.6546  loss_ce_0: 0.4141  loss_mask_0: 0.04242  loss_dice_0: 0.7141  loss_ce_1: 0.07113  loss_mask_1: 0.0336  loss_dice_1: 0.6163  loss_ce_2: 0.05535  loss_mask_2: 0.03414  loss_dice_2: 0.4999  loss_ce_3: 0.04355  loss_mask_3: 0.03503  loss_dice_3: 0.6605  loss_ce_4: 0.04642  loss_mask_4: 0.03888  loss_dice_4: 0.6461  loss_ce_5: 0.0441  loss_mask_5: 0.03483  loss_dice_5: 0.6248  loss_ce_6: 0.04567  loss_mask_6: 0.03627  loss_dice_6: 0.6473  loss_ce_7: 0.04144  loss_mask_7: 0.03126  loss_dice_7: 0.5926  loss_ce_8: 0.04735  loss_mask_8: 0.04168  loss_dice_8: 0.6521    time: 0.7651  last_time: 0.7634  data_time: 0.1191  last_data_time: 0.1191   lr: 1.0736e-05  max_mem: 10275M
[03/19 16:59:11 d2.utils.events]:  eta: 0:58:03  iter: 10419  total_loss: 12.34  loss_ce: 0.2462  loss_mask: 0.04263  loss_dice: 0.6796  loss_ce_0: 1.097  loss_mask_0: 0.08723  loss_dice_0: 0.8001  loss_ce_1: 0.2544  loss_mask_1: 0.05497  loss_dice_1: 0.9642  loss_ce_2: 0.1748  loss_mask_2: 0.04248  loss_dice_2: 0.7266  loss_ce_3: 0.3401  loss_mask_3: 0.03815  loss_dice_3: 0.82  loss_ce_4: 0.2318  loss_mask_4: 0.04893  loss_dice_4: 1.032  loss_ce_5: 0.2216  loss_mask_5: 0.03419  loss_dice_5: 0.8494  loss_ce_6: 0.1758  loss_mask_6: 0.04216  loss_dice_6: 0.9471  loss_ce_7: 0.2861  loss_mask_7: 0.03597  loss_dice_7: 0.9386  loss_ce_8: 0.2282  loss_mask_8: 0.04101  loss_dice_8: 0.8554    time: 0.7651  last_time: 0.8906  data_time: 0.2602  last_data_time: 0.2602   lr: 1.0651e-05  max_mem: 10275M
[03/19 16:59:27 d2.utils.events]:  eta: 0:57:47  iter: 10439  total_loss: 4.422  loss_ce: 0.006944  loss_mask: 0.04129  loss_dice: 0.3175  loss_ce_0: 0.3719  loss_mask_0: 0.06302  loss_dice_0: 0.4028  loss_ce_1: 0.01105  loss_mask_1: 0.04751  loss_dice_1: 0.3591  loss_ce_2: 0.00748  loss_mask_2: 0.04771  loss_dice_2: 0.3451  loss_ce_3: 0.006806  loss_mask_3: 0.05086  loss_dice_3: 0.3387  loss_ce_4: 0.006872  loss_mask_4: 0.04615  loss_dice_4: 0.3509  loss_ce_5: 0.007639  loss_mask_5: 0.04796  loss_dice_5: 0.3407  loss_ce_6: 0.008309  loss_mask_6: 0.04748  loss_dice_6: 0.3586  loss_ce_7: 0.00818  loss_mask_7: 0.04913  loss_dice_7: 0.3255  loss_ce_8: 0.007207  loss_mask_8: 0.04715  loss_dice_8: 0.3524    time: 0.7651  last_time: 0.7631  data_time: 0.1427  last_data_time: 0.1427   lr: 1.0565e-05  max_mem: 10275M
[03/19 16:59:42 d2.utils.events]:  eta: 0:57:32  iter: 10459  total_loss: 10.72  loss_ce: 0.103  loss_mask: 0.07273  loss_dice: 0.7392  loss_ce_0: 0.9603  loss_mask_0: 0.1332  loss_dice_0: 0.9331  loss_ce_1: 0.2932  loss_mask_1: 0.07359  loss_dice_1: 0.6872  loss_ce_2: 0.1304  loss_mask_2: 0.07988  loss_dice_2: 0.7005  loss_ce_3: 0.1585  loss_mask_3: 0.07217  loss_dice_3: 0.743  loss_ce_4: 0.1221  loss_mask_4: 0.07651  loss_dice_4: 0.7465  loss_ce_5: 0.2084  loss_mask_5: 0.07491  loss_dice_5: 0.8293  loss_ce_6: 0.09554  loss_mask_6: 0.069  loss_dice_6: 0.7142  loss_ce_7: 0.1175  loss_mask_7: 0.07257  loss_dice_7: 0.9285  loss_ce_8: 0.08815  loss_mask_8: 0.06334  loss_dice_8: 0.6303    time: 0.7651  last_time: 0.7695  data_time: 0.1201  last_data_time: 0.1201   lr: 1.048e-05  max_mem: 10275M
[03/19 16:59:58 d2.utils.events]:  eta: 0:57:18  iter: 10479  total_loss: 9.665  loss_ce: 0.04429  loss_mask: 0.03196  loss_dice: 0.8789  loss_ce_0: 0.4989  loss_mask_0: 0.03157  loss_dice_0: 0.7912  loss_ce_1: 0.05099  loss_mask_1: 0.03087  loss_dice_1: 0.8516  loss_ce_2: 0.02786  loss_mask_2: 0.03182  loss_dice_2: 0.8407  loss_ce_3: 0.03667  loss_mask_3: 0.03072  loss_dice_3: 0.8723  loss_ce_4: 0.1873  loss_mask_4: 0.03541  loss_dice_4: 0.7916  loss_ce_5: 0.1591  loss_mask_5: 0.03199  loss_dice_5: 0.7835  loss_ce_6: 0.03722  loss_mask_6: 0.03024  loss_dice_6: 0.7637  loss_ce_7: 0.1978  loss_mask_7: 0.0316  loss_dice_7: 0.7608  loss_ce_8: 0.04722  loss_mask_8: 0.02986  loss_dice_8: 0.7271    time: 0.7651  last_time: 0.8288  data_time: 0.1844  last_data_time: 0.1844   lr: 1.0394e-05  max_mem: 10275M
[03/19 17:00:13 d2.utils.events]:  eta: 0:57:02  iter: 10499  total_loss: 7.724  loss_ce: 0.01042  loss_mask: 0.05959  loss_dice: 0.6783  loss_ce_0: 0.3926  loss_mask_0: 0.08674  loss_dice_0: 0.8182  loss_ce_1: 0.04762  loss_mask_1: 0.0565  loss_dice_1: 0.6429  loss_ce_2: 0.01291  loss_mask_2: 0.05818  loss_dice_2: 0.9523  loss_ce_3: 0.009969  loss_mask_3: 0.05509  loss_dice_3: 0.5686  loss_ce_4: 0.00893  loss_mask_4: 0.05656  loss_dice_4: 0.6115  loss_ce_5: 0.01068  loss_mask_5: 0.05696  loss_dice_5: 0.6483  loss_ce_6: 0.01006  loss_mask_6: 0.06392  loss_dice_6: 0.6099  loss_ce_7: 0.009888  loss_mask_7: 0.06061  loss_dice_7: 0.4759  loss_ce_8: 0.01105  loss_mask_8: 0.06418  loss_dice_8: 0.5756    time: 0.7651  last_time: 0.7368  data_time: 0.1197  last_data_time: 0.1197   lr: 1.031e-05  max_mem: 10275M
[03/19 17:00:29 d2.utils.events]:  eta: 0:56:46  iter: 10519  total_loss: 8.325  loss_ce: 0.01004  loss_mask: 0.04282  loss_dice: 0.6851  loss_ce_0: 0.3813  loss_mask_0: 0.04034  loss_dice_0: 0.8701  loss_ce_1: 0.03078  loss_mask_1: 0.04538  loss_dice_1: 0.757  loss_ce_2: 0.014  loss_mask_2: 0.03895  loss_dice_2: 0.7351  loss_ce_3: 0.01887  loss_mask_3: 0.04884  loss_dice_3: 0.7013  loss_ce_4: 0.01511  loss_mask_4: 0.05189  loss_dice_4: 0.7793  loss_ce_5: 0.01464  loss_mask_5: 0.03953  loss_dice_5: 0.6584  loss_ce_6: 0.01343  loss_mask_6: 0.04293  loss_dice_6: 0.6966  loss_ce_7: 0.01274  loss_mask_7: 0.04696  loss_dice_7: 0.7348  loss_ce_8: 0.01252  loss_mask_8: 0.04651  loss_dice_8: 0.7393    time: 0.7652  last_time: 0.7490  data_time: 0.1180  last_data_time: 0.1180   lr: 1.0225e-05  max_mem: 10275M
[03/19 17:00:45 d2.utils.events]:  eta: 0:56:30  iter: 10539  total_loss: 6.857  loss_ce: 0.02648  loss_mask: 0.04659  loss_dice: 0.5379  loss_ce_0: 0.4024  loss_mask_0: 0.05737  loss_dice_0: 0.7164  loss_ce_1: 0.0306  loss_mask_1: 0.03824  loss_dice_1: 0.5815  loss_ce_2: 0.02666  loss_mask_2: 0.04483  loss_dice_2: 0.5789  loss_ce_3: 0.02995  loss_mask_3: 0.03634  loss_dice_3: 0.4999  loss_ce_4: 0.02641  loss_mask_4: 0.04708  loss_dice_4: 0.5913  loss_ce_5: 0.02467  loss_mask_5: 0.03715  loss_dice_5: 0.5415  loss_ce_6: 0.0238  loss_mask_6: 0.04514  loss_dice_6: 0.62  loss_ce_7: 0.02409  loss_mask_7: 0.0379  loss_dice_7: 0.5013  loss_ce_8: 0.02285  loss_mask_8: 0.04945  loss_dice_8: 0.6103    time: 0.7652  last_time: 1.0502  data_time: 0.4168  last_data_time: 0.4168   lr: 1.0141e-05  max_mem: 10275M
[03/19 17:01:01 d2.utils.events]:  eta: 0:56:16  iter: 10559  total_loss: 12.07  loss_ce: 0.1067  loss_mask: 0.0363  loss_dice: 0.9679  loss_ce_0: 0.3813  loss_mask_0: 0.04017  loss_dice_0: 1.23  loss_ce_1: 0.3087  loss_mask_1: 0.03956  loss_dice_1: 1.021  loss_ce_2: 0.2201  loss_mask_2: 0.03745  loss_dice_2: 1.051  loss_ce_3: 0.1114  loss_mask_3: 0.0361  loss_dice_3: 0.9778  loss_ce_4: 0.121  loss_mask_4: 0.03042  loss_dice_4: 0.9023  loss_ce_5: 0.118  loss_mask_5: 0.03487  loss_dice_5: 0.9233  loss_ce_6: 0.2257  loss_mask_6: 0.03399  loss_dice_6: 0.6899  loss_ce_7: 0.1326  loss_mask_7: 0.03201  loss_dice_7: 1.019  loss_ce_8: 0.2322  loss_mask_8: 0.0317  loss_dice_8: 0.9818    time: 0.7652  last_time: 0.7694  data_time: 0.1379  last_data_time: 0.1379   lr: 1.0057e-05  max_mem: 10275M
[03/19 17:01:17 d2.utils.events]:  eta: 0:56:01  iter: 10579  total_loss: 8.744  loss_ce: 0.01713  loss_mask: 0.03708  loss_dice: 0.8455  loss_ce_0: 0.3816  loss_mask_0: 0.03246  loss_dice_0: 0.6882  loss_ce_1: 0.03517  loss_mask_1: 0.03811  loss_dice_1: 0.8358  loss_ce_2: 0.02738  loss_mask_2: 0.02935  loss_dice_2: 0.7516  loss_ce_3: 0.01807  loss_mask_3: 0.02981  loss_dice_3: 0.6201  loss_ce_4: 0.01772  loss_mask_4: 0.03349  loss_dice_4: 0.7292  loss_ce_5: 0.0173  loss_mask_5: 0.04038  loss_dice_5: 0.8395  loss_ce_6: 0.01601  loss_mask_6: 0.03427  loss_dice_6: 0.9253  loss_ce_7: 0.01559  loss_mask_7: 0.04012  loss_dice_7: 0.7889  loss_ce_8: 0.01579  loss_mask_8: 0.03539  loss_dice_8: 0.8076    time: 0.7653  last_time: 0.7226  data_time: 0.0841  last_data_time: 0.0841   lr: 9.9728e-06  max_mem: 10275M
[03/19 17:01:33 d2.utils.events]:  eta: 0:55:46  iter: 10599  total_loss: 7.834  loss_ce: 0.1176  loss_mask: 0.03245  loss_dice: 0.4542  loss_ce_0: 0.9315  loss_mask_0: 0.04341  loss_dice_0: 0.6131  loss_ce_1: 0.07669  loss_mask_1: 0.03414  loss_dice_1: 0.4676  loss_ce_2: 0.143  loss_mask_2: 0.03759  loss_dice_2: 0.5198  loss_ce_3: 0.2443  loss_mask_3: 0.0394  loss_dice_3: 0.5002  loss_ce_4: 0.2581  loss_mask_4: 0.03732  loss_dice_4: 0.4719  loss_ce_5: 0.1539  loss_mask_5: 0.03767  loss_dice_5: 0.4754  loss_ce_6: 0.2794  loss_mask_6: 0.04134  loss_dice_6: 0.4926  loss_ce_7: 0.1143  loss_mask_7: 0.03369  loss_dice_7: 0.4481  loss_ce_8: 0.2526  loss_mask_8: 0.03525  loss_dice_8: 0.4473    time: 0.7653  last_time: 0.8225  data_time: 0.1717  last_data_time: 0.1717   lr: 9.8892e-06  max_mem: 10275M
[03/19 17:01:48 d2.utils.events]:  eta: 0:55:31  iter: 10619  total_loss: 19.16  loss_ce: 0.1909  loss_mask: 0.128  loss_dice: 1.349  loss_ce_0: 0.8598  loss_mask_0: 0.2043  loss_dice_0: 1.803  loss_ce_1: 0.1881  loss_mask_1: 0.1417  loss_dice_1: 1.503  loss_ce_2: 0.3093  loss_mask_2: 0.1275  loss_dice_2: 1.288  loss_ce_3: 0.4754  loss_mask_3: 0.1573  loss_dice_3: 1.443  loss_ce_4: 0.2038  loss_mask_4: 0.1502  loss_dice_4: 1.417  loss_ce_5: 0.2303  loss_mask_5: 0.1312  loss_dice_5: 1.47  loss_ce_6: 0.1984  loss_mask_6: 0.1362  loss_dice_6: 1.449  loss_ce_7: 0.1905  loss_mask_7: 0.1318  loss_dice_7: 1.446  loss_ce_8: 0.2108  loss_mask_8: 0.1391  loss_dice_8: 1.484    time: 0.7653  last_time: 0.7887  data_time: 0.1503  last_data_time: 0.1503   lr: 9.8059e-06  max_mem: 10275M
[03/19 17:02:04 d2.utils.events]:  eta: 0:55:16  iter: 10639  total_loss: 6.555  loss_ce: 0.03751  loss_mask: 0.04103  loss_dice: 0.5105  loss_ce_0: 0.6351  loss_mask_0: 0.07279  loss_dice_0: 0.6087  loss_ce_1: 0.0696  loss_mask_1: 0.04436  loss_dice_1: 0.4978  loss_ce_2: 0.05657  loss_mask_2: 0.03713  loss_dice_2: 0.4905  loss_ce_3: 0.04591  loss_mask_3: 0.03886  loss_dice_3: 0.4568  loss_ce_4: 0.03691  loss_mask_4: 0.04159  loss_dice_4: 0.4946  loss_ce_5: 0.0396  loss_mask_5: 0.04156  loss_dice_5: 0.5182  loss_ce_6: 0.03293  loss_mask_6: 0.04211  loss_dice_6: 0.5262  loss_ce_7: 0.03397  loss_mask_7: 0.04245  loss_dice_7: 0.4803  loss_ce_8: 0.03754  loss_mask_8: 0.04094  loss_dice_8: 0.5033    time: 0.7653  last_time: 0.7711  data_time: 0.1372  last_data_time: 0.1372   lr: 9.7229e-06  max_mem: 10275M
[03/19 17:02:20 d2.utils.events]:  eta: 0:55:00  iter: 10659  total_loss: 12.15  loss_ce: 0.3659  loss_mask: 0.03533  loss_dice: 0.4429  loss_ce_0: 0.5259  loss_mask_0: 0.04929  loss_dice_0: 0.993  loss_ce_1: 0.5079  loss_mask_1: 0.03383  loss_dice_1: 0.6964  loss_ce_2: 0.4614  loss_mask_2: 0.03578  loss_dice_2: 0.7804  loss_ce_3: 0.4283  loss_mask_3: 0.03058  loss_dice_3: 0.4396  loss_ce_4: 0.4177  loss_mask_4: 0.03537  loss_dice_4: 0.8228  loss_ce_5: 0.4678  loss_mask_5: 0.0337  loss_dice_5: 1.016  loss_ce_6: 0.4209  loss_mask_6: 0.03667  loss_dice_6: 0.7291  loss_ce_7: 0.39  loss_mask_7: 0.03624  loss_dice_7: 0.8282  loss_ce_8: 0.3794  loss_mask_8: 0.02885  loss_dice_8: 0.6853    time: 0.7653  last_time: 0.8165  data_time: 0.1828  last_data_time: 0.1828   lr: 9.6401e-06  max_mem: 10275M
[03/19 17:02:35 d2.utils.events]:  eta: 0:54:44  iter: 10679  total_loss: 5.469  loss_ce: 0.0175  loss_mask: 0.04145  loss_dice: 0.4413  loss_ce_0: 0.3508  loss_mask_0: 0.04379  loss_dice_0: 0.5071  loss_ce_1: 0.02933  loss_mask_1: 0.04162  loss_dice_1: 0.4044  loss_ce_2: 0.04243  loss_mask_2: 0.04395  loss_dice_2: 0.4481  loss_ce_3: 0.02597  loss_mask_3: 0.04352  loss_dice_3: 0.4523  loss_ce_4: 0.02349  loss_mask_4: 0.04345  loss_dice_4: 0.4628  loss_ce_5: 0.01991  loss_mask_5: 0.04351  loss_dice_5: 0.4635  loss_ce_6: 0.02109  loss_mask_6: 0.04216  loss_dice_6: 0.4291  loss_ce_7: 0.01942  loss_mask_7: 0.0434  loss_dice_7: 0.4129  loss_ce_8: 0.01925  loss_mask_8: 0.04281  loss_dice_8: 0.449    time: 0.7653  last_time: 0.7448  data_time: 0.1099  last_data_time: 0.1099   lr: 9.5576e-06  max_mem: 10275M
[03/19 17:02:51 d2.utils.events]:  eta: 0:54:29  iter: 10699  total_loss: 10.83  loss_ce: 0.1934  loss_mask: 0.02896  loss_dice: 0.6731  loss_ce_0: 0.8688  loss_mask_0: 0.04515  loss_dice_0: 1.086  loss_ce_1: 0.2484  loss_mask_1: 0.03817  loss_dice_1: 1.012  loss_ce_2: 0.2037  loss_mask_2: 0.02911  loss_dice_2: 0.8192  loss_ce_3: 0.1425  loss_mask_3: 0.03129  loss_dice_3: 0.8679  loss_ce_4: 0.1671  loss_mask_4: 0.03113  loss_dice_4: 0.7332  loss_ce_5: 0.1116  loss_mask_5: 0.03069  loss_dice_5: 0.7698  loss_ce_6: 0.08063  loss_mask_6: 0.02707  loss_dice_6: 0.6764  loss_ce_7: 0.1183  loss_mask_7: 0.03082  loss_dice_7: 0.7668  loss_ce_8: 0.1264  loss_mask_8: 0.02918  loss_dice_8: 0.8393    time: 0.7654  last_time: 0.8343  data_time: 0.1934  last_data_time: 0.1934   lr: 9.4754e-06  max_mem: 10275M
[03/19 17:03:07 d2.utils.events]:  eta: 0:54:14  iter: 10719  total_loss: 8.12  loss_ce: 0.03578  loss_mask: 0.07638  loss_dice: 0.6736  loss_ce_0: 0.4944  loss_mask_0: 0.05948  loss_dice_0: 0.8606  loss_ce_1: 0.05596  loss_mask_1: 0.07284  loss_dice_1: 0.6733  loss_ce_2: 0.01976  loss_mask_2: 0.05222  loss_dice_2: 0.6192  loss_ce_3: 0.02422  loss_mask_3: 0.06977  loss_dice_3: 0.7629  loss_ce_4: 0.02853  loss_mask_4: 0.07914  loss_dice_4: 0.7095  loss_ce_5: 0.0517  loss_mask_5: 0.07604  loss_dice_5: 0.5593  loss_ce_6: 0.04314  loss_mask_6: 0.06699  loss_dice_6: 0.5539  loss_ce_7: 0.04826  loss_mask_7: 0.06867  loss_dice_7: 0.5923  loss_ce_8: 0.04384  loss_mask_8: 0.07801  loss_dice_8: 0.5707    time: 0.7654  last_time: 0.7841  data_time: 0.1475  last_data_time: 0.1475   lr: 9.3935e-06  max_mem: 10275M
[03/19 17:03:23 d2.utils.events]:  eta: 0:53:59  iter: 10739  total_loss: 6.086  loss_ce: 0.01567  loss_mask: 0.04352  loss_dice: 0.4588  loss_ce_0: 0.3256  loss_mask_0: 0.05081  loss_dice_0: 0.5374  loss_ce_1: 0.05295  loss_mask_1: 0.0459  loss_dice_1: 0.4475  loss_ce_2: 0.04079  loss_mask_2: 0.05107  loss_dice_2: 0.5259  loss_ce_3: 0.02766  loss_mask_3: 0.04797  loss_dice_3: 0.4993  loss_ce_4: 0.01961  loss_mask_4: 0.04336  loss_dice_4: 0.5152  loss_ce_5: 0.01792  loss_mask_5: 0.05539  loss_dice_5: 0.5571  loss_ce_6: 0.01855  loss_mask_6: 0.05082  loss_dice_6: 0.5714  loss_ce_7: 0.01846  loss_mask_7: 0.04996  loss_dice_7: 0.4831  loss_ce_8: 0.01648  loss_mask_8: 0.04468  loss_dice_8: 0.4533    time: 0.7654  last_time: 0.8489  data_time: 0.2150  last_data_time: 0.2150   lr: 9.3118e-06  max_mem: 10275M
[03/19 17:03:38 d2.utils.events]:  eta: 0:53:43  iter: 10759  total_loss: 12.28  loss_ce: 0.1107  loss_mask: 0.08061  loss_dice: 0.8208  loss_ce_0: 0.5252  loss_mask_0: 0.1917  loss_dice_0: 1.257  loss_ce_1: 0.1827  loss_mask_1: 0.1002  loss_dice_1: 1.014  loss_ce_2: 0.07951  loss_mask_2: 0.0745  loss_dice_2: 0.9277  loss_ce_3: 0.09509  loss_mask_3: 0.08677  loss_dice_3: 0.9738  loss_ce_4: 0.1118  loss_mask_4: 0.07038  loss_dice_4: 0.9137  loss_ce_5: 0.1154  loss_mask_5: 0.09172  loss_dice_5: 1.022  loss_ce_6: 0.1164  loss_mask_6: 0.08363  loss_dice_6: 0.9525  loss_ce_7: 0.1117  loss_mask_7: 0.08249  loss_dice_7: 0.9175  loss_ce_8: 0.1261  loss_mask_8: 0.07039  loss_dice_8: 0.9749    time: 0.7654  last_time: 0.7632  data_time: 0.1333  last_data_time: 0.1333   lr: 9.2304e-06  max_mem: 10275M
[03/19 17:03:53 d2.utils.events]:  eta: 0:53:28  iter: 10779  total_loss: 7.851  loss_ce: 0.01304  loss_mask: 0.05251  loss_dice: 0.6679  loss_ce_0: 0.4517  loss_mask_0: 0.0522  loss_dice_0: 0.7618  loss_ce_1: 0.01934  loss_mask_1: 0.04902  loss_dice_1: 0.6273  loss_ce_2: 0.04634  loss_mask_2: 0.04469  loss_dice_2: 0.6772  loss_ce_3: 0.02682  loss_mask_3: 0.05484  loss_dice_3: 0.7193  loss_ce_4: 0.02957  loss_mask_4: 0.05032  loss_dice_4: 0.7607  loss_ce_5: 0.02783  loss_mask_5: 0.04655  loss_dice_5: 0.5931  loss_ce_6: 0.01516  loss_mask_6: 0.0463  loss_dice_6: 0.7008  loss_ce_7: 0.01316  loss_mask_7: 0.04429  loss_dice_7: 0.6013  loss_ce_8: 0.01339  loss_mask_8: 0.0458  loss_dice_8: 0.5991    time: 0.7654  last_time: 0.8409  data_time: 0.2004  last_data_time: 0.2004   lr: 9.1493e-06  max_mem: 10275M
[03/19 17:04:09 d2.utils.events]:  eta: 0:53:13  iter: 10799  total_loss: 9.404  loss_ce: 0.1983  loss_mask: 0.03525  loss_dice: 0.5573  loss_ce_0: 0.9888  loss_mask_0: 0.04487  loss_dice_0: 0.7236  loss_ce_1: 0.1962  loss_mask_1: 0.03742  loss_dice_1: 0.5906  loss_ce_2: 0.2348  loss_mask_2: 0.04425  loss_dice_2: 0.6122  loss_ce_3: 0.2299  loss_mask_3: 0.04107  loss_dice_3: 0.7142  loss_ce_4: 0.2294  loss_mask_4: 0.03696  loss_dice_4: 0.5561  loss_ce_5: 0.2214  loss_mask_5: 0.03566  loss_dice_5: 0.5695  loss_ce_6: 0.1899  loss_mask_6: 0.03586  loss_dice_6: 0.5618  loss_ce_7: 0.1845  loss_mask_7: 0.03845  loss_dice_7: 0.6344  loss_ce_8: 0.1909  loss_mask_8: 0.04043  loss_dice_8: 0.6297    time: 0.7654  last_time: 0.7857  data_time: 0.1386  last_data_time: 0.1386   lr: 9.0684e-06  max_mem: 10275M
[03/19 17:04:25 d2.utils.events]:  eta: 0:52:57  iter: 10819  total_loss: 10.73  loss_ce: 0.2319  loss_mask: 0.03719  loss_dice: 0.6734  loss_ce_0: 0.8  loss_mask_0: 0.06481  loss_dice_0: 0.9559  loss_ce_1: 0.2379  loss_mask_1: 0.04489  loss_dice_1: 0.6677  loss_ce_2: 0.3144  loss_mask_2: 0.047  loss_dice_2: 0.7058  loss_ce_3: 0.3585  loss_mask_3: 0.04012  loss_dice_3: 0.6609  loss_ce_4: 0.3169  loss_mask_4: 0.04007  loss_dice_4: 0.695  loss_ce_5: 0.3011  loss_mask_5: 0.04232  loss_dice_5: 0.7116  loss_ce_6: 0.3239  loss_mask_6: 0.04848  loss_dice_6: 0.6142  loss_ce_7: 0.2636  loss_mask_7: 0.03547  loss_dice_7: 0.6214  loss_ce_8: 0.2333  loss_mask_8: 0.03346  loss_dice_8: 0.6113    time: 0.7654  last_time: 1.0370  data_time: 0.1334  last_data_time: 0.1334   lr: 8.9879e-06  max_mem: 10275M
[03/19 17:04:40 d2.utils.events]:  eta: 0:52:41  iter: 10839  total_loss: 6.981  loss_ce: 0.04703  loss_mask: 0.0361  loss_dice: 0.6492  loss_ce_0: 0.3924  loss_mask_0: 0.03072  loss_dice_0: 0.6991  loss_ce_1: 0.07786  loss_mask_1: 0.04234  loss_dice_1: 0.5522  loss_ce_2: 0.04705  loss_mask_2: 0.03521  loss_dice_2: 0.5146  loss_ce_3: 0.0589  loss_mask_3: 0.03577  loss_dice_3: 0.5796  loss_ce_4: 0.05818  loss_mask_4: 0.04226  loss_dice_4: 0.5899  loss_ce_5: 0.04272  loss_mask_5: 0.03157  loss_dice_5: 0.5743  loss_ce_6: 0.03965  loss_mask_6: 0.03578  loss_dice_6: 0.5745  loss_ce_7: 0.04963  loss_mask_7: 0.03993  loss_dice_7: 0.5366  loss_ce_8: 0.04966  loss_mask_8: 0.03123  loss_dice_8: 0.4868    time: 0.7654  last_time: 0.6811  data_time: 0.0646  last_data_time: 0.0646   lr: 8.9076e-06  max_mem: 10275M
[03/19 17:04:56 d2.utils.events]:  eta: 0:52:27  iter: 10859  total_loss: 10.45  loss_ce: 0.0413  loss_mask: 0.05055  loss_dice: 0.8668  loss_ce_0: 0.5801  loss_mask_0: 0.07323  loss_dice_0: 1.189  loss_ce_1: 0.05609  loss_mask_1: 0.04132  loss_dice_1: 0.7556  loss_ce_2: 0.03515  loss_mask_2: 0.04506  loss_dice_2: 0.8924  loss_ce_3: 0.04135  loss_mask_3: 0.04799  loss_dice_3: 0.8487  loss_ce_4: 0.03765  loss_mask_4: 0.04548  loss_dice_4: 0.8906  loss_ce_5: 0.04403  loss_mask_5: 0.04826  loss_dice_5: 0.9178  loss_ce_6: 0.04306  loss_mask_6: 0.04871  loss_dice_6: 0.9267  loss_ce_7: 0.04224  loss_mask_7: 0.05188  loss_dice_7: 0.9179  loss_ce_8: 0.03788  loss_mask_8: 0.05003  loss_dice_8: 0.7785    time: 0.7654  last_time: 0.7732  data_time: 0.1487  last_data_time: 0.1487   lr: 8.8276e-06  max_mem: 10275M
[03/19 17:05:11 d2.utils.events]:  eta: 0:52:11  iter: 10879  total_loss: 8  loss_ce: 0.02072  loss_mask: 0.05347  loss_dice: 0.6877  loss_ce_0: 0.318  loss_mask_0: 0.07176  loss_dice_0: 0.8391  loss_ce_1: 0.02883  loss_mask_1: 0.05072  loss_dice_1: 0.7113  loss_ce_2: 0.03523  loss_mask_2: 0.05445  loss_dice_2: 0.6098  loss_ce_3: 0.0226  loss_mask_3: 0.05378  loss_dice_3: 0.5989  loss_ce_4: 0.02813  loss_mask_4: 0.05266  loss_dice_4: 0.6665  loss_ce_5: 0.02276  loss_mask_5: 0.05804  loss_dice_5: 0.7748  loss_ce_6: 0.02075  loss_mask_6: 0.05475  loss_dice_6: 0.6551  loss_ce_7: 0.02111  loss_mask_7: 0.06369  loss_dice_7: 0.6628  loss_ce_8: 0.02009  loss_mask_8: 0.05256  loss_dice_8: 0.6898    time: 0.7654  last_time: 0.7234  data_time: 0.1054  last_data_time: 0.1054   lr: 8.7479e-06  max_mem: 10275M
[03/19 17:05:27 d2.utils.events]:  eta: 0:51:57  iter: 10899  total_loss: 5.893  loss_ce: 0.03171  loss_mask: 0.0375  loss_dice: 0.4542  loss_ce_0: 0.4317  loss_mask_0: 0.0395  loss_dice_0: 0.4858  loss_ce_1: 0.04908  loss_mask_1: 0.0373  loss_dice_1: 0.4316  loss_ce_2: 0.0477  loss_mask_2: 0.03741  loss_dice_2: 0.4687  loss_ce_3: 0.02885  loss_mask_3: 0.03612  loss_dice_3: 0.5431  loss_ce_4: 0.03128  loss_mask_4: 0.03791  loss_dice_4: 0.5437  loss_ce_5: 0.03088  loss_mask_5: 0.03958  loss_dice_5: 0.4764  loss_ce_6: 0.0292  loss_mask_6: 0.03643  loss_dice_6: 0.4125  loss_ce_7: 0.03064  loss_mask_7: 0.03861  loss_dice_7: 0.4765  loss_ce_8: 0.03053  loss_mask_8: 0.04008  loss_dice_8: 0.4784    time: 0.7654  last_time: 0.7550  data_time: 0.1187  last_data_time: 0.1187   lr: 8.6684e-06  max_mem: 10275M
[03/19 17:05:42 d2.utils.events]:  eta: 0:51:41  iter: 10919  total_loss: 8.481  loss_ce: 0.04816  loss_mask: 0.04171  loss_dice: 0.6751  loss_ce_0: 0.3551  loss_mask_0: 0.04612  loss_dice_0: 0.6918  loss_ce_1: 0.03979  loss_mask_1: 0.0405  loss_dice_1: 0.6026  loss_ce_2: 0.06413  loss_mask_2: 0.05195  loss_dice_2: 0.8294  loss_ce_3: 0.042  loss_mask_3: 0.04629  loss_dice_3: 0.7657  loss_ce_4: 0.0425  loss_mask_4: 0.0433  loss_dice_4: 0.7672  loss_ce_5: 0.04957  loss_mask_5: 0.04386  loss_dice_5: 0.8072  loss_ce_6: 0.04449  loss_mask_6: 0.04491  loss_dice_6: 0.7088  loss_ce_7: 0.05539  loss_mask_7: 0.03824  loss_dice_7: 0.6536  loss_ce_8: 0.04924  loss_mask_8: 0.04361  loss_dice_8: 0.7491    time: 0.7654  last_time: 0.7622  data_time: 0.1338  last_data_time: 0.1338   lr: 8.5893e-06  max_mem: 10275M
[03/19 17:05:58 d2.utils.events]:  eta: 0:51:26  iter: 10939  total_loss: 8.885  loss_ce: 0.05529  loss_mask: 0.03169  loss_dice: 0.5979  loss_ce_0: 0.4795  loss_mask_0: 0.03999  loss_dice_0: 0.8239  loss_ce_1: 0.0896  loss_mask_1: 0.03123  loss_dice_1: 0.8206  loss_ce_2: 0.2147  loss_mask_2: 0.03203  loss_dice_2: 0.5317  loss_ce_3: 0.4087  loss_mask_3: 0.03764  loss_dice_3: 0.6924  loss_ce_4: 0.1419  loss_mask_4: 0.02836  loss_dice_4: 0.4904  loss_ce_5: 0.2696  loss_mask_5: 0.03028  loss_dice_5: 0.695  loss_ce_6: 0.06012  loss_mask_6: 0.03187  loss_dice_6: 0.7092  loss_ce_7: 0.234  loss_mask_7: 0.03453  loss_dice_7: 0.6729  loss_ce_8: 0.05702  loss_mask_8: 0.03204  loss_dice_8: 0.5114    time: 0.7654  last_time: 0.7662  data_time: 0.1212  last_data_time: 0.1212   lr: 8.5105e-06  max_mem: 10275M
[03/19 17:06:13 d2.utils.events]:  eta: 0:51:10  iter: 10959  total_loss: 5.923  loss_ce: 0.02339  loss_mask: 0.03508  loss_dice: 0.5841  loss_ce_0: 0.3445  loss_mask_0: 0.03464  loss_dice_0: 0.5076  loss_ce_1: 0.03156  loss_mask_1: 0.03846  loss_dice_1: 0.4871  loss_ce_2: 0.02228  loss_mask_2: 0.03266  loss_dice_2: 0.4488  loss_ce_3: 0.06341  loss_mask_3: 0.03181  loss_dice_3: 0.4313  loss_ce_4: 0.03188  loss_mask_4: 0.03486  loss_dice_4: 0.5718  loss_ce_5: 0.02792  loss_mask_5: 0.03387  loss_dice_5: 0.5303  loss_ce_6: 0.0266  loss_mask_6: 0.03122  loss_dice_6: 0.4331  loss_ce_7: 0.02102  loss_mask_7: 0.03375  loss_dice_7: 0.5058  loss_ce_8: 0.02314  loss_mask_8: 0.03459  loss_dice_8: 0.4666    time: 0.7654  last_time: 0.7312  data_time: 0.1024  last_data_time: 0.1024   lr: 8.4319e-06  max_mem: 10275M
[03/19 17:06:29 d2.utils.events]:  eta: 0:50:54  iter: 10979  total_loss: 7.713  loss_ce: 0.05064  loss_mask: 0.04254  loss_dice: 0.4828  loss_ce_0: 0.7816  loss_mask_0: 0.04642  loss_dice_0: 0.6035  loss_ce_1: 0.06898  loss_mask_1: 0.04572  loss_dice_1: 0.6119  loss_ce_2: 0.08817  loss_mask_2: 0.04762  loss_dice_2: 0.7132  loss_ce_3: 0.06368  loss_mask_3: 0.03815  loss_dice_3: 0.5686  loss_ce_4: 0.06073  loss_mask_4: 0.03637  loss_dice_4: 0.5713  loss_ce_5: 0.06505  loss_mask_5: 0.03853  loss_dice_5: 0.5331  loss_ce_6: 0.04889  loss_mask_6: 0.04113  loss_dice_6: 0.5203  loss_ce_7: 0.05029  loss_mask_7: 0.042  loss_dice_7: 0.6674  loss_ce_8: 0.05532  loss_mask_8: 0.04661  loss_dice_8: 0.6829    time: 0.7654  last_time: 0.7309  data_time: 0.0983  last_data_time: 0.0983   lr: 8.3536e-06  max_mem: 10275M
[03/19 17:06:44 d2.utils.events]:  eta: 0:50:37  iter: 10999  total_loss: 8.294  loss_ce: 0.09333  loss_mask: 0.04878  loss_dice: 0.588  loss_ce_0: 0.6158  loss_mask_0: 0.06565  loss_dice_0: 0.818  loss_ce_1: 0.1937  loss_mask_1: 0.0494  loss_dice_1: 0.5841  loss_ce_2: 0.2203  loss_mask_2: 0.05339  loss_dice_2: 0.6287  loss_ce_3: 0.1033  loss_mask_3: 0.05084  loss_dice_3: 0.6058  loss_ce_4: 0.0975  loss_mask_4: 0.04764  loss_dice_4: 0.5842  loss_ce_5: 0.08971  loss_mask_5: 0.05124  loss_dice_5: 0.5888  loss_ce_6: 0.09399  loss_mask_6: 0.0429  loss_dice_6: 0.5313  loss_ce_7: 0.08829  loss_mask_7: 0.05006  loss_dice_7: 0.6313  loss_ce_8: 0.08434  loss_mask_8: 0.04886  loss_dice_8: 0.545    time: 0.7653  last_time: 0.7364  data_time: 0.1046  last_data_time: 0.1046   lr: 8.2756e-06  max_mem: 10275M
[03/19 17:07:00 d2.utils.events]:  eta: 0:50:21  iter: 11019  total_loss: 6.378  loss_ce: 0.028  loss_mask: 0.02801  loss_dice: 0.4267  loss_ce_0: 1.187  loss_mask_0: 0.0418  loss_dice_0: 0.566  loss_ce_1: 0.0653  loss_mask_1: 0.02964  loss_dice_1: 0.427  loss_ce_2: 0.0363  loss_mask_2: 0.02888  loss_dice_2: 0.4357  loss_ce_3: 0.03817  loss_mask_3: 0.0282  loss_dice_3: 0.416  loss_ce_4: 0.03598  loss_mask_4: 0.02983  loss_dice_4: 0.4992  loss_ce_5: 0.03227  loss_mask_5: 0.02701  loss_dice_5: 0.4003  loss_ce_6: 0.03022  loss_mask_6: 0.03275  loss_dice_6: 0.5191  loss_ce_7: 0.02935  loss_mask_7: 0.02724  loss_dice_7: 0.4777  loss_ce_8: 0.02802  loss_mask_8: 0.0248  loss_dice_8: 0.4019    time: 0.7654  last_time: 0.7581  data_time: 0.1449  last_data_time: 0.1449   lr: 8.1979e-06  max_mem: 10275M
[03/19 17:07:15 d2.utils.events]:  eta: 0:50:04  iter: 11039  total_loss: 10.47  loss_ce: 0.1332  loss_mask: 0.04153  loss_dice: 0.7218  loss_ce_0: 0.7524  loss_mask_0: 0.03752  loss_dice_0: 0.9309  loss_ce_1: 0.1893  loss_mask_1: 0.06086  loss_dice_1: 0.9222  loss_ce_2: 0.04321  loss_mask_2: 0.03971  loss_dice_2: 0.877  loss_ce_3: 0.0679  loss_mask_3: 0.03328  loss_dice_3: 0.7197  loss_ce_4: 0.05597  loss_mask_4: 0.04057  loss_dice_4: 0.8514  loss_ce_5: 0.18  loss_mask_5: 0.03873  loss_dice_5: 0.8743  loss_ce_6: 0.1626  loss_mask_6: 0.04017  loss_dice_6: 0.7631  loss_ce_7: 0.1474  loss_mask_7: 0.04466  loss_dice_7: 0.7799  loss_ce_8: 0.1235  loss_mask_8: 0.04057  loss_dice_8: 0.7594    time: 0.7654  last_time: 0.9745  data_time: 0.1687  last_data_time: 0.1687   lr: 8.1205e-06  max_mem: 10275M
[03/19 17:07:30 d2.utils.events]:  eta: 0:49:48  iter: 11059  total_loss: 12.41  loss_ce: 0.4597  loss_mask: 0.03286  loss_dice: 0.6834  loss_ce_0: 0.5303  loss_mask_0: 0.04758  loss_dice_0: 1.033  loss_ce_1: 0.438  loss_mask_1: 0.04706  loss_dice_1: 0.8421  loss_ce_2: 0.3361  loss_mask_2: 0.04038  loss_dice_2: 0.9819  loss_ce_3: 0.3813  loss_mask_3: 0.0317  loss_dice_3: 0.6622  loss_ce_4: 0.3965  loss_mask_4: 0.03714  loss_dice_4: 0.777  loss_ce_5: 0.373  loss_mask_5: 0.03294  loss_dice_5: 0.6263  loss_ce_6: 0.398  loss_mask_6: 0.04237  loss_dice_6: 0.9958  loss_ce_7: 0.3329  loss_mask_7: 0.03117  loss_dice_7: 0.6141  loss_ce_8: 0.567  loss_mask_8: 0.03158  loss_dice_8: 0.6058    time: 0.7653  last_time: 0.8749  data_time: 0.2402  last_data_time: 0.2402   lr: 8.0434e-06  max_mem: 10275M
[03/19 17:07:46 d2.utils.events]:  eta: 0:49:31  iter: 11079  total_loss: 8.796  loss_ce: 0.2654  loss_mask: 0.04077  loss_dice: 0.5177  loss_ce_0: 0.4639  loss_mask_0: 0.05682  loss_dice_0: 0.5985  loss_ce_1: 0.3369  loss_mask_1: 0.04018  loss_dice_1: 0.5407  loss_ce_2: 0.312  loss_mask_2: 0.04288  loss_dice_2: 0.4825  loss_ce_3: 0.2752  loss_mask_3: 0.03942  loss_dice_3: 0.4595  loss_ce_4: 0.2505  loss_mask_4: 0.04403  loss_dice_4: 0.8049  loss_ce_5: 0.25  loss_mask_5: 0.04041  loss_dice_5: 0.4926  loss_ce_6: 0.3071  loss_mask_6: 0.0344  loss_dice_6: 0.4783  loss_ce_7: 0.2994  loss_mask_7: 0.03871  loss_dice_7: 0.4369  loss_ce_8: 0.3067  loss_mask_8: 0.0424  loss_dice_8: 0.4973    time: 0.7654  last_time: 0.7297  data_time: 0.1038  last_data_time: 0.1038   lr: 7.9666e-06  max_mem: 10275M
[03/19 17:08:02 d2.utils.events]:  eta: 0:49:16  iter: 11099  total_loss: 7.732  loss_ce: 0.03301  loss_mask: 0.05719  loss_dice: 0.578  loss_ce_0: 0.3862  loss_mask_0: 0.07636  loss_dice_0: 0.7616  loss_ce_1: 0.02982  loss_mask_1: 0.05757  loss_dice_1: 0.6721  loss_ce_2: 0.03038  loss_mask_2: 0.05376  loss_dice_2: 0.6408  loss_ce_3: 0.03998  loss_mask_3: 0.0586  loss_dice_3: 0.5914  loss_ce_4: 0.03759  loss_mask_4: 0.05462  loss_dice_4: 0.6604  loss_ce_5: 0.03377  loss_mask_5: 0.06265  loss_dice_5: 0.6154  loss_ce_6: 0.03555  loss_mask_6: 0.06492  loss_dice_6: 0.6291  loss_ce_7: 0.03621  loss_mask_7: 0.05457  loss_dice_7: 0.6496  loss_ce_8: 0.03572  loss_mask_8: 0.05407  loss_dice_8: 0.6411    time: 0.7654  last_time: 0.7709  data_time: 0.1429  last_data_time: 0.1429   lr: 7.8901e-06  max_mem: 10275M
[03/19 17:08:17 d2.utils.events]:  eta: 0:49:00  iter: 11119  total_loss: 8.82  loss_ce: 0.05509  loss_mask: 0.0493  loss_dice: 0.6596  loss_ce_0: 0.3709  loss_mask_0: 0.06033  loss_dice_0: 0.8055  loss_ce_1: 0.07876  loss_mask_1: 0.04744  loss_dice_1: 0.6557  loss_ce_2: 0.05356  loss_mask_2: 0.05159  loss_dice_2: 0.724  loss_ce_3: 0.06497  loss_mask_3: 0.04665  loss_dice_3: 0.7077  loss_ce_4: 0.05863  loss_mask_4: 0.06132  loss_dice_4: 0.8591  loss_ce_5: 0.04744  loss_mask_5: 0.04998  loss_dice_5: 0.8356  loss_ce_6: 0.04947  loss_mask_6: 0.05326  loss_dice_6: 0.8053  loss_ce_7: 0.05709  loss_mask_7: 0.04796  loss_dice_7: 0.6591  loss_ce_8: 0.05421  loss_mask_8: 0.04766  loss_dice_8: 0.7028    time: 0.7654  last_time: 0.7733  data_time: 0.1471  last_data_time: 0.1471   lr: 7.8139e-06  max_mem: 10275M
[03/19 17:08:33 d2.utils.events]:  eta: 0:48:43  iter: 11139  total_loss: 10.11  loss_ce: 0.3007  loss_mask: 0.03883  loss_dice: 0.6028  loss_ce_0: 0.7699  loss_mask_0: 0.0577  loss_dice_0: 0.7363  loss_ce_1: 0.2376  loss_mask_1: 0.03625  loss_dice_1: 0.5942  loss_ce_2: 0.2512  loss_mask_2: 0.03851  loss_dice_2: 0.648  loss_ce_3: 0.2374  loss_mask_3: 0.04426  loss_dice_3: 0.6582  loss_ce_4: 0.2409  loss_mask_4: 0.03779  loss_dice_4: 0.6152  loss_ce_5: 0.3323  loss_mask_5: 0.0424  loss_dice_5: 0.7296  loss_ce_6: 0.2496  loss_mask_6: 0.04548  loss_dice_6: 0.6996  loss_ce_7: 0.2537  loss_mask_7: 0.03885  loss_dice_7: 0.6395  loss_ce_8: 0.269  loss_mask_8: 0.04183  loss_dice_8: 0.6222    time: 0.7654  last_time: 0.8084  data_time: 0.1670  last_data_time: 0.1670   lr: 7.738e-06  max_mem: 10275M
[03/19 17:08:49 d2.utils.events]:  eta: 0:48:25  iter: 11159  total_loss: 7.285  loss_ce: 0.2011  loss_mask: 0.03029  loss_dice: 0.4902  loss_ce_0: 0.6676  loss_mask_0: 0.03122  loss_dice_0: 0.5008  loss_ce_1: 0.2449  loss_mask_1: 0.03019  loss_dice_1: 0.5787  loss_ce_2: 0.03192  loss_mask_2: 0.02763  loss_dice_2: 0.6215  loss_ce_3: 0.04164  loss_mask_3: 0.03365  loss_dice_3: 0.503  loss_ce_4: 0.03794  loss_mask_4: 0.02825  loss_dice_4: 0.6205  loss_ce_5: 0.03525  loss_mask_5: 0.03118  loss_dice_5: 0.6082  loss_ce_6: 0.02948  loss_mask_6: 0.02926  loss_dice_6: 0.4703  loss_ce_7: 0.0229  loss_mask_7: 0.02852  loss_dice_7: 0.6592  loss_ce_8: 0.02234  loss_mask_8: 0.02956  loss_dice_8: 0.5977    time: 0.7654  last_time: 0.7790  data_time: 0.1496  last_data_time: 0.1496   lr: 7.6624e-06  max_mem: 10275M
[03/19 17:09:04 d2.utils.events]:  eta: 0:48:10  iter: 11179  total_loss: 11.51  loss_ce: 0.1062  loss_mask: 0.02649  loss_dice: 1.021  loss_ce_0: 0.3627  loss_mask_0: 0.02582  loss_dice_0: 0.9727  loss_ce_1: 0.1555  loss_mask_1: 0.02332  loss_dice_1: 1.085  loss_ce_2: 0.4157  loss_mask_2: 0.02259  loss_dice_2: 0.6737  loss_ce_3: 0.09116  loss_mask_3: 0.02026  loss_dice_3: 1.06  loss_ce_4: 0.2989  loss_mask_4: 0.01954  loss_dice_4: 0.7003  loss_ce_5: 0.1075  loss_mask_5: 0.02277  loss_dice_5: 1.047  loss_ce_6: 0.2337  loss_mask_6: 0.02069  loss_dice_6: 0.7837  loss_ce_7: 0.2883  loss_mask_7: 0.02303  loss_dice_7: 0.7568  loss_ce_8: 0.1053  loss_mask_8: 0.02023  loss_dice_8: 1.019    time: 0.7654  last_time: 0.7586  data_time: 0.1391  last_data_time: 0.1391   lr: 7.5871e-06  max_mem: 10275M
[03/19 17:09:20 d2.utils.events]:  eta: 0:47:55  iter: 11199  total_loss: 4.498  loss_ce: 0.02444  loss_mask: 0.04957  loss_dice: 0.3417  loss_ce_0: 0.3332  loss_mask_0: 0.06247  loss_dice_0: 0.3507  loss_ce_1: 0.02733  loss_mask_1: 0.05608  loss_dice_1: 0.3372  loss_ce_2: 0.02583  loss_mask_2: 0.05288  loss_dice_2: 0.3285  loss_ce_3: 0.02345  loss_mask_3: 0.05443  loss_dice_3: 0.3577  loss_ce_4: 0.02536  loss_mask_4: 0.05657  loss_dice_4: 0.3811  loss_ce_5: 0.02636  loss_mask_5: 0.05451  loss_dice_5: 0.3281  loss_ce_6: 0.02422  loss_mask_6: 0.05077  loss_dice_6: 0.3178  loss_ce_7: 0.02301  loss_mask_7: 0.04742  loss_dice_7: 0.3201  loss_ce_8: 0.02324  loss_mask_8: 0.05177  loss_dice_8: 0.3424    time: 0.7654  last_time: 0.7698  data_time: 0.1457  last_data_time: 0.1457   lr: 7.5122e-06  max_mem: 10275M
[03/19 17:09:35 d2.utils.events]:  eta: 0:47:38  iter: 11219  total_loss: 7.178  loss_ce: 0.2996  loss_mask: 0.0366  loss_dice: 0.4212  loss_ce_0: 0.5891  loss_mask_0: 0.04343  loss_dice_0: 0.8169  loss_ce_1: 0.1022  loss_mask_1: 0.03754  loss_dice_1: 0.4129  loss_ce_2: 0.07859  loss_mask_2: 0.04227  loss_dice_2: 0.4273  loss_ce_3: 0.08302  loss_mask_3: 0.04172  loss_dice_3: 0.4809  loss_ce_4: 0.07261  loss_mask_4: 0.04163  loss_dice_4: 0.4644  loss_ce_5: 0.06471  loss_mask_5: 0.04283  loss_dice_5: 0.5428  loss_ce_6: 0.3321  loss_mask_6: 0.03998  loss_dice_6: 0.4767  loss_ce_7: 0.07347  loss_mask_7: 0.03719  loss_dice_7: 0.4883  loss_ce_8: 0.06818  loss_mask_8: 0.03956  loss_dice_8: 0.4806    time: 0.7654  last_time: 0.7690  data_time: 0.1421  last_data_time: 0.1421   lr: 7.4375e-06  max_mem: 10275M
[03/19 17:09:51 d2.utils.events]:  eta: 0:47:23  iter: 11239  total_loss: 6.266  loss_ce: 0.03618  loss_mask: 0.04709  loss_dice: 0.4756  loss_ce_0: 0.7511  loss_mask_0: 0.05573  loss_dice_0: 0.5204  loss_ce_1: 0.06223  loss_mask_1: 0.04637  loss_dice_1: 0.4884  loss_ce_2: 0.04106  loss_mask_2: 0.04286  loss_dice_2: 0.4745  loss_ce_3: 0.03482  loss_mask_3: 0.04266  loss_dice_3: 0.4336  loss_ce_4: 0.03292  loss_mask_4: 0.04501  loss_dice_4: 0.5169  loss_ce_5: 0.03252  loss_mask_5: 0.03747  loss_dice_5: 0.3909  loss_ce_6: 0.03431  loss_mask_6: 0.04249  loss_dice_6: 0.4402  loss_ce_7: 0.03668  loss_mask_7: 0.04187  loss_dice_7: 0.4791  loss_ce_8: 0.0368  loss_mask_8: 0.04207  loss_dice_8: 0.5046    time: 0.7654  last_time: 0.8032  data_time: 0.1724  last_data_time: 0.1724   lr: 7.3631e-06  max_mem: 10275M
[03/19 17:10:06 d2.utils.events]:  eta: 0:47:09  iter: 11259  total_loss: 8.803  loss_ce: 0.0151  loss_mask: 0.03356  loss_dice: 0.7471  loss_ce_0: 0.5857  loss_mask_0: 0.03549  loss_dice_0: 0.6903  loss_ce_1: 0.04425  loss_mask_1: 0.03021  loss_dice_1: 0.7482  loss_ce_2: 0.02952  loss_mask_2: 0.03304  loss_dice_2: 0.7116  loss_ce_3: 0.01988  loss_mask_3: 0.0338  loss_dice_3: 0.6646  loss_ce_4: 0.0168  loss_mask_4: 0.03138  loss_dice_4: 0.6758  loss_ce_5: 0.01341  loss_mask_5: 0.02807  loss_dice_5: 0.64  loss_ce_6: 0.01479  loss_mask_6: 0.02922  loss_dice_6: 0.6684  loss_ce_7: 0.01487  loss_mask_7: 0.03582  loss_dice_7: 0.8128  loss_ce_8: 0.4298  loss_mask_8: 0.03448  loss_dice_8: 0.9347    time: 0.7654  last_time: 0.7346  data_time: 0.0821  last_data_time: 0.0821   lr: 7.289e-06  max_mem: 10275M
[03/19 17:10:22 d2.utils.events]:  eta: 0:46:52  iter: 11279  total_loss: 10.14  loss_ce: 0.3863  loss_mask: 0.03519  loss_dice: 0.6061  loss_ce_0: 0.695  loss_mask_0: 0.04564  loss_dice_0: 0.8014  loss_ce_1: 0.2  loss_mask_1: 0.03452  loss_dice_1: 0.662  loss_ce_2: 0.4229  loss_mask_2: 0.03394  loss_dice_2: 0.6206  loss_ce_3: 0.4218  loss_mask_3: 0.03943  loss_dice_3: 0.7032  loss_ce_4: 0.2041  loss_mask_4: 0.03422  loss_dice_4: 0.5913  loss_ce_5: 0.2263  loss_mask_5: 0.03711  loss_dice_5: 0.6328  loss_ce_6: 0.4153  loss_mask_6: 0.03363  loss_dice_6: 0.5346  loss_ce_7: 0.2232  loss_mask_7: 0.0354  loss_dice_7: 0.6467  loss_ce_8: 0.2453  loss_mask_8: 0.03368  loss_dice_8: 0.5388    time: 0.7654  last_time: 0.7872  data_time: 0.1467  last_data_time: 0.1467   lr: 7.2153e-06  max_mem: 10275M
[03/19 17:10:37 d2.utils.events]:  eta: 0:46:36  iter: 11299  total_loss: 12.11  loss_ce: 0.07946  loss_mask: 0.0621  loss_dice: 0.9639  loss_ce_0: 0.5002  loss_mask_0: 0.07779  loss_dice_0: 1.003  loss_ce_1: 0.1953  loss_mask_1: 0.06913  loss_dice_1: 1.065  loss_ce_2: 0.105  loss_mask_2: 0.06821  loss_dice_2: 0.9764  loss_ce_3: 0.0694  loss_mask_3: 0.08043  loss_dice_3: 0.9889  loss_ce_4: 0.04776  loss_mask_4: 0.06849  loss_dice_4: 1.034  loss_ce_5: 0.05371  loss_mask_5: 0.06639  loss_dice_5: 1.071  loss_ce_6: 0.06796  loss_mask_6: 0.06481  loss_dice_6: 1.052  loss_ce_7: 0.06836  loss_mask_7: 0.06416  loss_dice_7: 1.011  loss_ce_8: 0.07212  loss_mask_8: 0.06183  loss_dice_8: 0.9977    time: 0.7654  last_time: 0.7793  data_time: 0.1484  last_data_time: 0.1484   lr: 7.1418e-06  max_mem: 10275M
[03/19 17:10:53 d2.utils.events]:  eta: 0:46:21  iter: 11319  total_loss: 7.684  loss_ce: 0.07052  loss_mask: 0.03846  loss_dice: 0.555  loss_ce_0: 0.3887  loss_mask_0: 0.05417  loss_dice_0: 0.6502  loss_ce_1: 0.1105  loss_mask_1: 0.03918  loss_dice_1: 0.6334  loss_ce_2: 0.1114  loss_mask_2: 0.05186  loss_dice_2: 0.7024  loss_ce_3: 0.05749  loss_mask_3: 0.05059  loss_dice_3: 0.6253  loss_ce_4: 0.0582  loss_mask_4: 0.0441  loss_dice_4: 0.6893  loss_ce_5: 0.07163  loss_mask_5: 0.04223  loss_dice_5: 0.5722  loss_ce_6: 0.0626  loss_mask_6: 0.04381  loss_dice_6: 0.6388  loss_ce_7: 0.05818  loss_mask_7: 0.03933  loss_dice_7: 0.5086  loss_ce_8: 0.06855  loss_mask_8: 0.04091  loss_dice_8: 0.6065    time: 0.7654  last_time: 0.7399  data_time: 0.1035  last_data_time: 0.1035   lr: 7.0687e-06  max_mem: 10275M
[03/19 17:11:09 d2.utils.events]:  eta: 0:46:06  iter: 11339  total_loss: 11.94  loss_ce: 0.2441  loss_mask: 0.05295  loss_dice: 0.7211  loss_ce_0: 0.3722  loss_mask_0: 0.06009  loss_dice_0: 1.198  loss_ce_1: 0.2783  loss_mask_1: 0.06731  loss_dice_1: 0.9498  loss_ce_2: 0.3291  loss_mask_2: 0.05102  loss_dice_2: 0.9961  loss_ce_3: 0.3611  loss_mask_3: 0.05118  loss_dice_3: 0.8032  loss_ce_4: 0.3167  loss_mask_4: 0.0493  loss_dice_4: 0.6999  loss_ce_5: 0.2989  loss_mask_5: 0.04119  loss_dice_5: 0.6767  loss_ce_6: 0.289  loss_mask_6: 0.05373  loss_dice_6: 0.8172  loss_ce_7: 0.2785  loss_mask_7: 0.05535  loss_dice_7: 0.7342  loss_ce_8: 0.2524  loss_mask_8: 0.05947  loss_dice_8: 0.7776    time: 0.7654  last_time: 0.7533  data_time: 0.1312  last_data_time: 0.1312   lr: 6.9959e-06  max_mem: 10275M
[03/19 17:11:24 d2.utils.events]:  eta: 0:45:50  iter: 11359  total_loss: 6.545  loss_ce: 0.05804  loss_mask: 0.05807  loss_dice: 0.5504  loss_ce_0: 0.384  loss_mask_0: 0.06122  loss_dice_0: 0.5311  loss_ce_1: 0.06168  loss_mask_1: 0.062  loss_dice_1: 0.4765  loss_ce_2: 0.06852  loss_mask_2: 0.06585  loss_dice_2: 0.511  loss_ce_3: 0.06178  loss_mask_3: 0.0565  loss_dice_3: 0.5237  loss_ce_4: 0.05196  loss_mask_4: 0.05425  loss_dice_4: 0.5379  loss_ce_5: 0.05391  loss_mask_5: 0.06272  loss_dice_5: 0.5002  loss_ce_6: 0.05623  loss_mask_6: 0.05624  loss_dice_6: 0.4755  loss_ce_7: 0.05735  loss_mask_7: 0.04582  loss_dice_7: 0.4311  loss_ce_8: 0.05461  loss_mask_8: 0.05843  loss_dice_8: 0.5184    time: 0.7654  last_time: 0.7992  data_time: 0.1670  last_data_time: 0.1670   lr: 6.9234e-06  max_mem: 10275M
[03/19 17:11:40 d2.utils.events]:  eta: 0:45:33  iter: 11379  total_loss: 7.479  loss_ce: 0.0829  loss_mask: 0.03528  loss_dice: 0.4977  loss_ce_0: 0.579  loss_mask_0: 0.07699  loss_dice_0: 0.8583  loss_ce_1: 0.3365  loss_mask_1: 0.04435  loss_dice_1: 0.6032  loss_ce_2: 0.06851  loss_mask_2: 0.03259  loss_dice_2: 0.558  loss_ce_3: 0.04226  loss_mask_3: 0.03845  loss_dice_3: 0.6403  loss_ce_4: 0.05738  loss_mask_4: 0.03628  loss_dice_4: 0.5221  loss_ce_5: 0.05911  loss_mask_5: 0.03086  loss_dice_5: 0.4824  loss_ce_6: 0.05826  loss_mask_6: 0.0329  loss_dice_6: 0.4639  loss_ce_7: 0.06651  loss_mask_7: 0.03478  loss_dice_7: 0.5149  loss_ce_8: 0.08441  loss_mask_8: 0.03137  loss_dice_8: 0.5092    time: 0.7654  last_time: 0.7439  data_time: 0.1207  last_data_time: 0.1207   lr: 6.8512e-06  max_mem: 10275M
[03/19 17:11:55 d2.utils.events]:  eta: 0:45:17  iter: 11399  total_loss: 7.762  loss_ce: 0.03557  loss_mask: 0.032  loss_dice: 0.6264  loss_ce_0: 0.5982  loss_mask_0: 0.03631  loss_dice_0: 0.7667  loss_ce_1: 0.04916  loss_mask_1: 0.03154  loss_dice_1: 0.5562  loss_ce_2: 0.03135  loss_mask_2: 0.03225  loss_dice_2: 0.7587  loss_ce_3: 0.05261  loss_mask_3: 0.03591  loss_dice_3: 0.655  loss_ce_4: 0.2546  loss_mask_4: 0.03494  loss_dice_4: 0.527  loss_ce_5: 0.02821  loss_mask_5: 0.02829  loss_dice_5: 0.5177  loss_ce_6: 0.03192  loss_mask_6: 0.03112  loss_dice_6: 0.6692  loss_ce_7: 0.03063  loss_mask_7: 0.03389  loss_dice_7: 0.6763  loss_ce_8: 0.0311  loss_mask_8: 0.03076  loss_dice_8: 0.5381    time: 0.7654  last_time: 0.7719  data_time: 0.1205  last_data_time: 0.1205   lr: 6.7794e-06  max_mem: 10275M
[03/19 17:12:10 d2.utils.events]:  eta: 0:45:03  iter: 11419  total_loss: 9.437  loss_ce: 0.1482  loss_mask: 0.03668  loss_dice: 0.6717  loss_ce_0: 0.8494  loss_mask_0: 0.05587  loss_dice_0: 0.7239  loss_ce_1: 0.2749  loss_mask_1: 0.04478  loss_dice_1: 0.932  loss_ce_2: 0.2263  loss_mask_2: 0.04409  loss_dice_2: 0.6197  loss_ce_3: 0.1518  loss_mask_3: 0.04471  loss_dice_3: 0.6481  loss_ce_4: 0.2372  loss_mask_4: 0.03378  loss_dice_4: 0.5212  loss_ce_5: 0.234  loss_mask_5: 0.03894  loss_dice_5: 0.5447  loss_ce_6: 0.1463  loss_mask_6: 0.04525  loss_dice_6: 0.6442  loss_ce_7: 0.1427  loss_mask_7: 0.04016  loss_dice_7: 0.5629  loss_ce_8: 0.1456  loss_mask_8: 0.03904  loss_dice_8: 0.5885    time: 0.7654  last_time: 0.8923  data_time: 0.2570  last_data_time: 0.2570   lr: 6.7078e-06  max_mem: 10275M
[03/19 17:12:25 d2.utils.events]:  eta: 0:44:48  iter: 11439  total_loss: 10.88  loss_ce: 0.2521  loss_mask: 0.0254  loss_dice: 0.613  loss_ce_0: 0.6262  loss_mask_0: 0.02178  loss_dice_0: 0.9586  loss_ce_1: 0.1185  loss_mask_1: 0.02015  loss_dice_1: 0.7341  loss_ce_2: 0.1331  loss_mask_2: 0.01819  loss_dice_2: 0.8906  loss_ce_3: 0.09634  loss_mask_3: 0.02048  loss_dice_3: 0.9695  loss_ce_4: 0.06866  loss_mask_4: 0.02474  loss_dice_4: 1.073  loss_ce_5: 0.06978  loss_mask_5: 0.02479  loss_dice_5: 0.9794  loss_ce_6: 0.1982  loss_mask_6: 0.02208  loss_dice_6: 0.8486  loss_ce_7: 0.07466  loss_mask_7: 0.03035  loss_dice_7: 1.017  loss_ce_8: 0.2329  loss_mask_8: 0.01778  loss_dice_8: 0.6965    time: 0.7654  last_time: 0.9057  data_time: 0.1299  last_data_time: 0.1299   lr: 6.6366e-06  max_mem: 10275M
[03/19 17:12:40 d2.utils.events]:  eta: 0:44:32  iter: 11459  total_loss: 14.29  loss_ce: 0.1393  loss_mask: 0.05379  loss_dice: 1.265  loss_ce_0: 0.5521  loss_mask_0: 0.07468  loss_dice_0: 1.165  loss_ce_1: 0.2126  loss_mask_1: 0.05496  loss_dice_1: 1.338  loss_ce_2: 0.1384  loss_mask_2: 0.05078  loss_dice_2: 1.225  loss_ce_3: 0.1397  loss_mask_3: 0.04182  loss_dice_3: 0.8893  loss_ce_4: 0.148  loss_mask_4: 0.04915  loss_dice_4: 1.366  loss_ce_5: 0.09995  loss_mask_5: 0.07412  loss_dice_5: 1.205  loss_ce_6: 0.115  loss_mask_6: 0.04557  loss_dice_6: 1.292  loss_ce_7: 0.12  loss_mask_7: 0.04242  loss_dice_7: 1.025  loss_ce_8: 0.1137  loss_mask_8: 0.06148  loss_dice_8: 1.189    time: 0.7653  last_time: 0.7609  data_time: 0.1282  last_data_time: 0.1282   lr: 6.5657e-06  max_mem: 10275M
[03/19 17:12:56 d2.utils.events]:  eta: 0:44:12  iter: 11479  total_loss: 11.53  loss_ce: 0.04587  loss_mask: 0.06549  loss_dice: 1.071  loss_ce_0: 0.3737  loss_mask_0: 0.08228  loss_dice_0: 1.062  loss_ce_1: 0.05493  loss_mask_1: 0.05996  loss_dice_1: 0.8756  loss_ce_2: 0.06562  loss_mask_2: 0.07214  loss_dice_2: 1.002  loss_ce_3: 0.05003  loss_mask_3: 0.06033  loss_dice_3: 1.105  loss_ce_4: 0.05257  loss_mask_4: 0.06058  loss_dice_4: 0.9683  loss_ce_5: 0.05192  loss_mask_5: 0.05067  loss_dice_5: 0.882  loss_ce_6: 0.04476  loss_mask_6: 0.06977  loss_dice_6: 1.241  loss_ce_7: 0.05405  loss_mask_7: 0.05893  loss_dice_7: 1.053  loss_ce_8: 0.05084  loss_mask_8: 0.06201  loss_dice_8: 0.7876    time: 0.7653  last_time: 0.7423  data_time: 0.1355  last_data_time: 0.1355   lr: 6.4951e-06  max_mem: 10275M
[03/19 17:13:11 d2.utils.events]:  eta: 0:43:56  iter: 11499  total_loss: 12.15  loss_ce: 0.3613  loss_mask: 0.02286  loss_dice: 0.8236  loss_ce_0: 0.5633  loss_mask_0: 0.03038  loss_dice_0: 1.038  loss_ce_1: 0.365  loss_mask_1: 0.01866  loss_dice_1: 0.7204  loss_ce_2: 0.4247  loss_mask_2: 0.02243  loss_dice_2: 0.8864  loss_ce_3: 0.2971  loss_mask_3: 0.02415  loss_dice_3: 0.8913  loss_ce_4: 0.278  loss_mask_4: 0.02609  loss_dice_4: 0.8324  loss_ce_5: 0.2808  loss_mask_5: 0.02537  loss_dice_5: 0.9403  loss_ce_6: 0.2804  loss_mask_6: 0.01815  loss_dice_6: 0.6756  loss_ce_7: 0.2807  loss_mask_7: 0.02779  loss_dice_7: 0.9405  loss_ce_8: 0.2837  loss_mask_8: 0.02555  loss_dice_8: 0.7409    time: 0.7653  last_time: 0.8489  data_time: 0.2289  last_data_time: 0.2289   lr: 6.4249e-06  max_mem: 10275M
[03/19 17:13:26 d2.utils.events]:  eta: 0:43:41  iter: 11519  total_loss: 11.58  loss_ce: 0.5862  loss_mask: 0.02942  loss_dice: 0.7876  loss_ce_0: 0.6161  loss_mask_0: 0.02641  loss_dice_0: 0.6624  loss_ce_1: 0.3373  loss_mask_1: 0.02902  loss_dice_1: 0.5093  loss_ce_2: 0.2743  loss_mask_2: 0.0286  loss_dice_2: 0.6811  loss_ce_3: 0.2271  loss_mask_3: 0.02681  loss_dice_3: 0.6984  loss_ce_4: 0.2843  loss_mask_4: 0.02852  loss_dice_4: 0.7089  loss_ce_5: 0.284  loss_mask_5: 0.02925  loss_dice_5: 0.7453  loss_ce_6: 0.555  loss_mask_6: 0.0331  loss_dice_6: 0.9159  loss_ce_7: 0.4691  loss_mask_7: 0.03  loss_dice_7: 0.6331  loss_ce_8: 0.5855  loss_mask_8: 0.03397  loss_dice_8: 0.7259    time: 0.7653  last_time: 0.7834  data_time: 0.1561  last_data_time: 0.1561   lr: 6.355e-06  max_mem: 10275M
[03/19 17:13:42 d2.utils.events]:  eta: 0:43:26  iter: 11539  total_loss: 7.971  loss_ce: 0.03412  loss_mask: 0.07512  loss_dice: 0.5438  loss_ce_0: 0.6801  loss_mask_0: 0.1597  loss_dice_0: 0.7887  loss_ce_1: 0.04341  loss_mask_1: 0.08683  loss_dice_1: 0.5843  loss_ce_2: 0.04516  loss_mask_2: 0.08253  loss_dice_2: 0.6527  loss_ce_3: 0.04474  loss_mask_3: 0.07145  loss_dice_3: 0.5425  loss_ce_4: 0.04497  loss_mask_4: 0.08554  loss_dice_4: 0.5744  loss_ce_5: 0.03843  loss_mask_5: 0.08088  loss_dice_5: 0.5718  loss_ce_6: 0.03769  loss_mask_6: 0.08177  loss_dice_6: 0.5739  loss_ce_7: 0.03746  loss_mask_7: 0.08786  loss_dice_7: 0.5987  loss_ce_8: 0.03571  loss_mask_8: 0.07763  loss_dice_8: 0.6097    time: 0.7652  last_time: 0.6908  data_time: 0.0739  last_data_time: 0.0739   lr: 6.2854e-06  max_mem: 10275M
[03/19 17:13:57 d2.utils.events]:  eta: 0:43:10  iter: 11559  total_loss: 5.951  loss_ce: 0.03276  loss_mask: 0.04684  loss_dice: 0.4736  loss_ce_0: 0.3721  loss_mask_0: 0.06672  loss_dice_0: 0.4899  loss_ce_1: 0.02733  loss_mask_1: 0.05296  loss_dice_1: 0.5209  loss_ce_2: 0.02701  loss_mask_2: 0.05172  loss_dice_2: 0.4838  loss_ce_3: 0.02557  loss_mask_3: 0.04788  loss_dice_3: 0.5016  loss_ce_4: 0.02892  loss_mask_4: 0.04938  loss_dice_4: 0.4873  loss_ce_5: 0.03283  loss_mask_5: 0.05186  loss_dice_5: 0.517  loss_ce_6: 0.03444  loss_mask_6: 0.0439  loss_dice_6: 0.4364  loss_ce_7: 0.0316  loss_mask_7: 0.0441  loss_dice_7: 0.4425  loss_ce_8: 0.03018  loss_mask_8: 0.04529  loss_dice_8: 0.4549    time: 0.7652  last_time: 0.6924  data_time: 0.0824  last_data_time: 0.0824   lr: 6.2161e-06  max_mem: 10275M
[03/19 17:14:12 d2.utils.events]:  eta: 0:42:51  iter: 11579  total_loss: 9.785  loss_ce: 0.3576  loss_mask: 0.06137  loss_dice: 0.3614  loss_ce_0: 0.3502  loss_mask_0: 0.07752  loss_dice_0: 0.7429  loss_ce_1: 0.156  loss_mask_1: 0.05996  loss_dice_1: 0.774  loss_ce_2: 0.3063  loss_mask_2: 0.06089  loss_dice_2: 0.7248  loss_ce_3: 0.1407  loss_mask_3: 0.07282  loss_dice_3: 0.9166  loss_ce_4: 0.1405  loss_mask_4: 0.06158  loss_dice_4: 0.8071  loss_ce_5: 0.4015  loss_mask_5: 0.06776  loss_dice_5: 0.4609  loss_ce_6: 0.3925  loss_mask_6: 0.05726  loss_dice_6: 0.4112  loss_ce_7: 0.1589  loss_mask_7: 0.06921  loss_dice_7: 0.7935  loss_ce_8: 0.3683  loss_mask_8: 0.06115  loss_dice_8: 0.3706    time: 0.7652  last_time: 0.7556  data_time: 0.1380  last_data_time: 0.1380   lr: 6.1472e-06  max_mem: 10275M
[03/19 17:14:28 d2.utils.events]:  eta: 0:42:36  iter: 11599  total_loss: 6.586  loss_ce: 0.01677  loss_mask: 0.02627  loss_dice: 0.5881  loss_ce_0: 0.3827  loss_mask_0: 0.02643  loss_dice_0: 0.542  loss_ce_1: 0.025  loss_mask_1: 0.02893  loss_dice_1: 0.5532  loss_ce_2: 0.02526  loss_mask_2: 0.02524  loss_dice_2: 0.5547  loss_ce_3: 0.02227  loss_mask_3: 0.02684  loss_dice_3: 0.5354  loss_ce_4: 0.01889  loss_mask_4: 0.02974  loss_dice_4: 0.6821  loss_ce_5: 0.01979  loss_mask_5: 0.02698  loss_dice_5: 0.6221  loss_ce_6: 0.02044  loss_mask_6: 0.02143  loss_dice_6: 0.4792  loss_ce_7: 0.01622  loss_mask_7: 0.0289  loss_dice_7: 0.6129  loss_ce_8: 0.0162  loss_mask_8: 0.03038  loss_dice_8: 0.5817    time: 0.7652  last_time: 0.8744  data_time: 0.2426  last_data_time: 0.2426   lr: 6.0785e-06  max_mem: 10275M
[03/19 17:14:44 d2.utils.events]:  eta: 0:42:20  iter: 11619  total_loss: 6.589  loss_ce: 0.02304  loss_mask: 0.03926  loss_dice: 0.5414  loss_ce_0: 0.4087  loss_mask_0: 0.0351  loss_dice_0: 0.5415  loss_ce_1: 0.03231  loss_mask_1: 0.03482  loss_dice_1: 0.608  loss_ce_2: 0.02748  loss_mask_2: 0.03815  loss_dice_2: 0.597  loss_ce_3: 0.02635  loss_mask_3: 0.04593  loss_dice_3: 0.7266  loss_ce_4: 0.02944  loss_mask_4: 0.02712  loss_dice_4: 0.4625  loss_ce_5: 0.02713  loss_mask_5: 0.03401  loss_dice_5: 0.5731  loss_ce_6: 0.02645  loss_mask_6: 0.03378  loss_dice_6: 0.5249  loss_ce_7: 0.02199  loss_mask_7: 0.02968  loss_dice_7: 0.4831  loss_ce_8: 0.02101  loss_mask_8: 0.03602  loss_dice_8: 0.5332    time: 0.7652  last_time: 0.7528  data_time: 0.1232  last_data_time: 0.1232   lr: 6.0103e-06  max_mem: 10275M
[03/19 17:14:59 d2.utils.events]:  eta: 0:42:05  iter: 11639  total_loss: 10.22  loss_ce: 0.04843  loss_mask: 0.04645  loss_dice: 0.7721  loss_ce_0: 0.9675  loss_mask_0: 0.05503  loss_dice_0: 0.9093  loss_ce_1: 0.3444  loss_mask_1: 0.04032  loss_dice_1: 0.6666  loss_ce_2: 0.08533  loss_mask_2: 0.05188  loss_dice_2: 0.7947  loss_ce_3: 0.06653  loss_mask_3: 0.04285  loss_dice_3: 0.7423  loss_ce_4: 0.1772  loss_mask_4: 0.05027  loss_dice_4: 0.7452  loss_ce_5: 0.05837  loss_mask_5: 0.04347  loss_dice_5: 0.7818  loss_ce_6: 0.06787  loss_mask_6: 0.05566  loss_dice_6: 0.9617  loss_ce_7: 0.07511  loss_mask_7: 0.04712  loss_dice_7: 0.6694  loss_ce_8: 0.05643  loss_mask_8: 0.04025  loss_dice_8: 0.7549    time: 0.7652  last_time: 0.7631  data_time: 0.1133  last_data_time: 0.1133   lr: 5.9423e-06  max_mem: 10275M
[03/19 17:15:15 d2.utils.events]:  eta: 0:41:49  iter: 11659  total_loss: 3.985  loss_ce: 0.02664  loss_mask: 0.03664  loss_dice: 0.3041  loss_ce_0: 0.3726  loss_mask_0: 0.03777  loss_dice_0: 0.3353  loss_ce_1: 0.03622  loss_mask_1: 0.03066  loss_dice_1: 0.268  loss_ce_2: 0.03688  loss_mask_2: 0.03296  loss_dice_2: 0.318  loss_ce_3: 0.0333  loss_mask_3: 0.03561  loss_dice_3: 0.3018  loss_ce_4: 0.02791  loss_mask_4: 0.03536  loss_dice_4: 0.3201  loss_ce_5: 0.02938  loss_mask_5: 0.03165  loss_dice_5: 0.2782  loss_ce_6: 0.03064  loss_mask_6: 0.03337  loss_dice_6: 0.2928  loss_ce_7: 0.02809  loss_mask_7: 0.03586  loss_dice_7: 0.3095  loss_ce_8: 0.02711  loss_mask_8: 0.03102  loss_dice_8: 0.2679    time: 0.7652  last_time: 0.7297  data_time: 0.1095  last_data_time: 0.1095   lr: 5.8747e-06  max_mem: 10275M
[03/19 17:15:31 d2.utils.events]:  eta: 0:41:35  iter: 11679  total_loss: 8.345  loss_ce: 0.1971  loss_mask: 0.04458  loss_dice: 0.5448  loss_ce_0: 0.4556  loss_mask_0: 0.05643  loss_dice_0: 0.5017  loss_ce_1: 0.2041  loss_mask_1: 0.04808  loss_dice_1: 0.7526  loss_ce_2: 0.1856  loss_mask_2: 0.04538  loss_dice_2: 0.6747  loss_ce_3: 0.1965  loss_mask_3: 0.04283  loss_dice_3: 0.3951  loss_ce_4: 0.1944  loss_mask_4: 0.04286  loss_dice_4: 0.664  loss_ce_5: 0.1907  loss_mask_5: 0.04545  loss_dice_5: 0.3813  loss_ce_6: 0.1908  loss_mask_6: 0.04249  loss_dice_6: 0.4167  loss_ce_7: 0.2099  loss_mask_7: 0.04159  loss_dice_7: 0.6708  loss_ce_8: 0.1984  loss_mask_8: 0.04554  loss_dice_8: 0.6653    time: 0.7653  last_time: 0.7524  data_time: 0.1172  last_data_time: 0.1172   lr: 5.8074e-06  max_mem: 10275M
[03/19 17:15:46 d2.utils.events]:  eta: 0:41:20  iter: 11699  total_loss: 12.79  loss_ce: 0.3493  loss_mask: 0.03568  loss_dice: 0.9482  loss_ce_0: 0.6675  loss_mask_0: 0.03433  loss_dice_0: 0.7036  loss_ce_1: 0.3261  loss_mask_1: 0.03355  loss_dice_1: 0.8323  loss_ce_2: 0.2535  loss_mask_2: 0.04076  loss_dice_2: 0.842  loss_ce_3: 0.1969  loss_mask_3: 0.03557  loss_dice_3: 1.024  loss_ce_4: 0.1731  loss_mask_4: 0.03901  loss_dice_4: 1.11  loss_ce_5: 0.3132  loss_mask_5: 0.02897  loss_dice_5: 0.9177  loss_ce_6: 0.3164  loss_mask_6: 0.03886  loss_dice_6: 0.868  loss_ce_7: 0.2138  loss_mask_7: 0.07165  loss_dice_7: 1.029  loss_ce_8: 0.3643  loss_mask_8: 0.03464  loss_dice_8: 0.9497    time: 0.7652  last_time: 0.7664  data_time: 0.1404  last_data_time: 0.1404   lr: 5.7405e-06  max_mem: 10275M
[03/19 17:16:02 d2.utils.events]:  eta: 0:41:04  iter: 11719  total_loss: 6.363  loss_ce: 0.04639  loss_mask: 0.06813  loss_dice: 0.5118  loss_ce_0: 0.412  loss_mask_0: 0.07889  loss_dice_0: 0.5365  loss_ce_1: 0.04016  loss_mask_1: 0.06109  loss_dice_1: 0.4732  loss_ce_2: 0.04867  loss_mask_2: 0.05576  loss_dice_2: 0.4806  loss_ce_3: 0.04102  loss_mask_3: 0.06142  loss_dice_3: 0.4718  loss_ce_4: 0.03921  loss_mask_4: 0.07  loss_dice_4: 0.5971  loss_ce_5: 0.03599  loss_mask_5: 0.05875  loss_dice_5: 0.4581  loss_ce_6: 0.04331  loss_mask_6: 0.05657  loss_dice_6: 0.4765  loss_ce_7: 0.04374  loss_mask_7: 0.05735  loss_dice_7: 0.4488  loss_ce_8: 0.04621  loss_mask_8: 0.06305  loss_dice_8: 0.4806    time: 0.7652  last_time: 0.8373  data_time: 0.2135  last_data_time: 0.2135   lr: 5.6739e-06  max_mem: 10275M
[03/19 17:16:17 d2.utils.events]:  eta: 0:40:49  iter: 11739  total_loss: 6.627  loss_ce: 0.02542  loss_mask: 0.0349  loss_dice: 0.5868  loss_ce_0: 0.5457  loss_mask_0: 0.03785  loss_dice_0: 0.6016  loss_ce_1: 0.04989  loss_mask_1: 0.03202  loss_dice_1: 0.4909  loss_ce_2: 0.03441  loss_mask_2: 0.03019  loss_dice_2: 0.5098  loss_ce_3: 0.02382  loss_mask_3: 0.03283  loss_dice_3: 0.5609  loss_ce_4: 0.02495  loss_mask_4: 0.03074  loss_dice_4: 0.5236  loss_ce_5: 0.02497  loss_mask_5: 0.035  loss_dice_5: 0.5623  loss_ce_6: 0.02336  loss_mask_6: 0.03392  loss_dice_6: 0.544  loss_ce_7: 0.02593  loss_mask_7: 0.03357  loss_dice_7: 0.5864  loss_ce_8: 0.02507  loss_mask_8: 0.03045  loss_dice_8: 0.5256    time: 0.7652  last_time: 0.7308  data_time: 0.0996  last_data_time: 0.0996   lr: 5.6076e-06  max_mem: 10275M
[03/19 17:16:33 d2.utils.events]:  eta: 0:40:34  iter: 11759  total_loss: 6.806  loss_ce: 0.02479  loss_mask: 0.04806  loss_dice: 0.6148  loss_ce_0: 0.6056  loss_mask_0: 0.05094  loss_dice_0: 0.5628  loss_ce_1: 0.03195  loss_mask_1: 0.04411  loss_dice_1: 0.4805  loss_ce_2: 0.02612  loss_mask_2: 0.04938  loss_dice_2: 0.5494  loss_ce_3: 0.02801  loss_mask_3: 0.0459  loss_dice_3: 0.5541  loss_ce_4: 0.02804  loss_mask_4: 0.04515  loss_dice_4: 0.542  loss_ce_5: 0.02557  loss_mask_5: 0.04674  loss_dice_5: 0.5325  loss_ce_6: 0.02761  loss_mask_6: 0.04521  loss_dice_6: 0.5193  loss_ce_7: 0.02615  loss_mask_7: 0.04439  loss_dice_7: 0.5445  loss_ce_8: 0.02384  loss_mask_8: 0.05156  loss_dice_8: 0.5866    time: 0.7652  last_time: 0.7895  data_time: 0.1447  last_data_time: 0.1447   lr: 5.5417e-06  max_mem: 10275M
[03/19 17:16:48 d2.utils.events]:  eta: 0:40:19  iter: 11779  total_loss: 6.66  loss_ce: 0.01904  loss_mask: 0.03439  loss_dice: 0.4811  loss_ce_0: 0.5282  loss_mask_0: 0.05174  loss_dice_0: 0.721  loss_ce_1: 0.02052  loss_mask_1: 0.03022  loss_dice_1: 0.4962  loss_ce_2: 0.02259  loss_mask_2: 0.03644  loss_dice_2: 0.5075  loss_ce_3: 0.02074  loss_mask_3: 0.03876  loss_dice_3: 0.5872  loss_ce_4: 0.01814  loss_mask_4: 0.03865  loss_dice_4: 0.5977  loss_ce_5: 0.01948  loss_mask_5: 0.03505  loss_dice_5: 0.6081  loss_ce_6: 0.01963  loss_mask_6: 0.03129  loss_dice_6: 0.4945  loss_ce_7: 0.01923  loss_mask_7: 0.03764  loss_dice_7: 0.5645  loss_ce_8: 0.01831  loss_mask_8: 0.03107  loss_dice_8: 0.5305    time: 0.7652  last_time: 0.7554  data_time: 0.1261  last_data_time: 0.1261   lr: 5.4762e-06  max_mem: 10275M
[03/19 17:17:04 d2.utils.events]:  eta: 0:40:02  iter: 11799  total_loss: 9.324  loss_ce: 0.2814  loss_mask: 0.03767  loss_dice: 0.5759  loss_ce_0: 0.5674  loss_mask_0: 0.03883  loss_dice_0: 0.5587  loss_ce_1: 0.3472  loss_mask_1: 0.03435  loss_dice_1: 0.7053  loss_ce_2: 0.3616  loss_mask_2: 0.03268  loss_dice_2: 0.5213  loss_ce_3: 0.2717  loss_mask_3: 0.03701  loss_dice_3: 0.5418  loss_ce_4: 0.2747  loss_mask_4: 0.03568  loss_dice_4: 0.5643  loss_ce_5: 0.2666  loss_mask_5: 0.03506  loss_dice_5: 0.5478  loss_ce_6: 0.2938  loss_mask_6: 0.03392  loss_dice_6: 0.6466  loss_ce_7: 0.2652  loss_mask_7: 0.03912  loss_dice_7: 0.5537  loss_ce_8: 0.2794  loss_mask_8: 0.03491  loss_dice_8: 0.5399    time: 0.7652  last_time: 0.8713  data_time: 0.2372  last_data_time: 0.2372   lr: 5.4109e-06  max_mem: 10275M
[03/19 17:17:19 d2.utils.events]:  eta: 0:39:47  iter: 11819  total_loss: 10.8  loss_ce: 0.2999  loss_mask: 0.02617  loss_dice: 0.7598  loss_ce_0: 0.8808  loss_mask_0: 0.05228  loss_dice_0: 0.7561  loss_ce_1: 0.2624  loss_mask_1: 0.02531  loss_dice_1: 0.6844  loss_ce_2: 0.2829  loss_mask_2: 0.02561  loss_dice_2: 0.7473  loss_ce_3: 0.254  loss_mask_3: 0.02798  loss_dice_3: 0.7833  loss_ce_4: 0.2797  loss_mask_4: 0.02488  loss_dice_4: 0.6296  loss_ce_5: 0.2779  loss_mask_5: 0.0227  loss_dice_5: 0.6675  loss_ce_6: 0.2875  loss_mask_6: 0.02857  loss_dice_6: 0.7432  loss_ce_7: 0.3219  loss_mask_7: 0.02336  loss_dice_7: 0.4707  loss_ce_8: 0.312  loss_mask_8: 0.02555  loss_dice_8: 0.8192    time: 0.7652  last_time: 0.7031  data_time: 0.0824  last_data_time: 0.0824   lr: 5.346e-06  max_mem: 10275M
[03/19 17:17:35 d2.utils.events]:  eta: 0:39:33  iter: 11839  total_loss: 15.55  loss_ce: 0.2101  loss_mask: 0.06447  loss_dice: 1.131  loss_ce_0: 0.8772  loss_mask_0: 0.09861  loss_dice_0: 1.277  loss_ce_1: 0.3718  loss_mask_1: 0.06016  loss_dice_1: 1.021  loss_ce_2: 0.3602  loss_mask_2: 0.05871  loss_dice_2: 0.9895  loss_ce_3: 0.4003  loss_mask_3: 0.07863  loss_dice_3: 1.087  loss_ce_4: 0.2937  loss_mask_4: 0.07965  loss_dice_4: 1.065  loss_ce_5: 0.3015  loss_mask_5: 0.07493  loss_dice_5: 1.21  loss_ce_6: 0.2805  loss_mask_6: 0.07787  loss_dice_6: 1.104  loss_ce_7: 0.3279  loss_mask_7: 0.06099  loss_dice_7: 1.165  loss_ce_8: 0.2405  loss_mask_8: 0.07119  loss_dice_8: 1.115    time: 0.7652  last_time: 0.7552  data_time: 0.1279  last_data_time: 0.1279   lr: 5.2815e-06  max_mem: 10275M
[03/19 17:17:50 d2.utils.events]:  eta: 0:39:16  iter: 11859  total_loss: 7.446  loss_ce: 0.02301  loss_mask: 0.04498  loss_dice: 0.491  loss_ce_0: 0.7897  loss_mask_0: 0.06293  loss_dice_0: 0.7846  loss_ce_1: 0.03729  loss_mask_1: 0.05005  loss_dice_1: 0.5914  loss_ce_2: 0.02477  loss_mask_2: 0.04772  loss_dice_2: 0.587  loss_ce_3: 0.01979  loss_mask_3: 0.04746  loss_dice_3: 0.544  loss_ce_4: 0.01545  loss_mask_4: 0.05079  loss_dice_4: 0.6487  loss_ce_5: 0.01537  loss_mask_5: 0.0519  loss_dice_5: 0.5787  loss_ce_6: 0.01912  loss_mask_6: 0.04777  loss_dice_6: 0.6239  loss_ce_7: 0.02319  loss_mask_7: 0.04349  loss_dice_7: 0.5412  loss_ce_8: 0.0222  loss_mask_8: 0.04378  loss_dice_8: 0.5745    time: 0.7652  last_time: 0.7877  data_time: 0.1579  last_data_time: 0.1579   lr: 5.2173e-06  max_mem: 10275M
[03/19 17:18:05 d2.utils.events]:  eta: 0:39:01  iter: 11879  total_loss: 5.856  loss_ce: 0.04496  loss_mask: 0.04386  loss_dice: 0.3948  loss_ce_0: 0.4649  loss_mask_0: 0.06065  loss_dice_0: 0.565  loss_ce_1: 0.08421  loss_mask_1: 0.04308  loss_dice_1: 0.4272  loss_ce_2: 0.04178  loss_mask_2: 0.04463  loss_dice_2: 0.4954  loss_ce_3: 0.05102  loss_mask_3: 0.04451  loss_dice_3: 0.4023  loss_ce_4: 0.0556  loss_mask_4: 0.04389  loss_dice_4: 0.4488  loss_ce_5: 0.04885  loss_mask_5: 0.04508  loss_dice_5: 0.4243  loss_ce_6: 0.04554  loss_mask_6: 0.04372  loss_dice_6: 0.4269  loss_ce_7: 0.05057  loss_mask_7: 0.04221  loss_dice_7: 0.4019  loss_ce_8: 0.05263  loss_mask_8: 0.04551  loss_dice_8: 0.4725    time: 0.7652  last_time: 0.7532  data_time: 0.1250  last_data_time: 0.1250   lr: 5.1534e-06  max_mem: 10275M
[03/19 17:18:21 d2.utils.events]:  eta: 0:38:43  iter: 11899  total_loss: 12.92  loss_ce: 0.1852  loss_mask: 0.04253  loss_dice: 0.7507  loss_ce_0: 0.815  loss_mask_0: 0.06867  loss_dice_0: 1.115  loss_ce_1: 0.5365  loss_mask_1: 0.1538  loss_dice_1: 1.043  loss_ce_2: 0.02773  loss_mask_2: 0.1067  loss_dice_2: 1.016  loss_ce_3: 0.04548  loss_mask_3: 0.08494  loss_dice_3: 1.017  loss_ce_4: 0.256  loss_mask_4: 0.06467  loss_dice_4: 1.037  loss_ce_5: 0.104  loss_mask_5: 0.08907  loss_dice_5: 1.031  loss_ce_6: 0.2758  loss_mask_6: 0.04141  loss_dice_6: 0.7692  loss_ce_7: 0.2813  loss_mask_7: 0.04992  loss_dice_7: 0.8309  loss_ce_8: 0.2348  loss_mask_8: 0.04777  loss_dice_8: 0.797    time: 0.7651  last_time: 0.7450  data_time: 0.1221  last_data_time: 0.1221   lr: 5.0899e-06  max_mem: 10275M
[03/19 17:18:36 d2.utils.events]:  eta: 0:38:29  iter: 11919  total_loss: 15.34  loss_ce: 0.185  loss_mask: 0.0627  loss_dice: 1.192  loss_ce_0: 0.4625  loss_mask_0: 0.08238  loss_dice_0: 1.048  loss_ce_1: 0.203  loss_mask_1: 0.06038  loss_dice_1: 1.313  loss_ce_2: 0.209  loss_mask_2: 0.04973  loss_dice_2: 1.045  loss_ce_3: 0.2144  loss_mask_3: 0.05832  loss_dice_3: 1.357  loss_ce_4: 0.2093  loss_mask_4: 0.06051  loss_dice_4: 1.139  loss_ce_5: 0.2212  loss_mask_5: 0.05518  loss_dice_5: 1.351  loss_ce_6: 0.2006  loss_mask_6: 0.05496  loss_dice_6: 1.254  loss_ce_7: 0.1956  loss_mask_7: 0.06685  loss_dice_7: 1.47  loss_ce_8: 0.1928  loss_mask_8: 0.05825  loss_dice_8: 1.268    time: 0.7651  last_time: 0.7869  data_time: 0.1600  last_data_time: 0.1600   lr: 5.0268e-06  max_mem: 10275M
[03/19 17:18:52 d2.utils.events]:  eta: 0:38:15  iter: 11939  total_loss: 9.598  loss_ce: 0.2115  loss_mask: 0.03688  loss_dice: 0.7222  loss_ce_0: 0.517  loss_mask_0: 0.03264  loss_dice_0: 0.7547  loss_ce_1: 0.2353  loss_mask_1: 0.02384  loss_dice_1: 0.6342  loss_ce_2: 0.2533  loss_mask_2: 0.02975  loss_dice_2: 0.835  loss_ce_3: 0.1899  loss_mask_3: 0.03103  loss_dice_3: 0.6036  loss_ce_4: 0.2088  loss_mask_4: 0.02569  loss_dice_4: 0.5411  loss_ce_5: 0.05758  loss_mask_5: 0.04137  loss_dice_5: 1.127  loss_ce_6: 0.253  loss_mask_6: 0.02684  loss_dice_6: 0.5967  loss_ce_7: 0.1916  loss_mask_7: 0.02394  loss_dice_7: 0.6026  loss_ce_8: 0.2147  loss_mask_8: 0.02821  loss_dice_8: 0.5475    time: 0.7651  last_time: 0.7775  data_time: 0.1630  last_data_time: 0.1630   lr: 4.964e-06  max_mem: 10275M
[03/19 17:19:07 d2.utils.events]:  eta: 0:38:00  iter: 11959  total_loss: 9.731  loss_ce: 0.2828  loss_mask: 0.03514  loss_dice: 0.6018  loss_ce_0: 0.635  loss_mask_0: 0.04533  loss_dice_0: 0.8453  loss_ce_1: 0.426  loss_mask_1: 0.0354  loss_dice_1: 0.5543  loss_ce_2: 0.2664  loss_mask_2: 0.03147  loss_dice_2: 0.6095  loss_ce_3: 0.2904  loss_mask_3: 0.03379  loss_dice_3: 0.5713  loss_ce_4: 0.2807  loss_mask_4: 0.03063  loss_dice_4: 0.6456  loss_ce_5: 0.2772  loss_mask_5: 0.0343  loss_dice_5: 0.5592  loss_ce_6: 0.1186  loss_mask_6: 0.03485  loss_dice_6: 0.6938  loss_ce_7: 0.273  loss_mask_7: 0.03156  loss_dice_7: 0.5443  loss_ce_8: 0.1548  loss_mask_8: 0.02827  loss_dice_8: 0.7603    time: 0.7651  last_time: 0.7909  data_time: 0.1486  last_data_time: 0.1486   lr: 4.9015e-06  max_mem: 10275M
[03/19 17:19:23 d2.utils.events]:  eta: 0:37:46  iter: 11979  total_loss: 5.661  loss_ce: 0.01037  loss_mask: 0.02459  loss_dice: 0.5259  loss_ce_0: 0.5268  loss_mask_0: 0.02315  loss_dice_0: 0.5766  loss_ce_1: 0.02309  loss_mask_1: 0.01992  loss_dice_1: 0.4149  loss_ce_2: 0.01628  loss_mask_2: 0.02197  loss_dice_2: 0.4577  loss_ce_3: 0.01078  loss_mask_3: 0.01935  loss_dice_3: 0.4116  loss_ce_4: 0.007894  loss_mask_4: 0.02195  loss_dice_4: 0.4571  loss_ce_5: 0.009932  loss_mask_5: 0.02368  loss_dice_5: 0.4571  loss_ce_6: 0.01029  loss_mask_6: 0.02298  loss_dice_6: 0.5323  loss_ce_7: 0.0107  loss_mask_7: 0.02565  loss_dice_7: 0.4648  loss_ce_8: 0.01017  loss_mask_8: 0.02435  loss_dice_8: 0.4993    time: 0.7651  last_time: 0.7251  data_time: 0.0799  last_data_time: 0.0799   lr: 4.8394e-06  max_mem: 10275M
[03/19 17:19:38 d2.utils.events]:  eta: 0:37:33  iter: 11999  total_loss: 6.275  loss_ce: 0.05539  loss_mask: 0.03535  loss_dice: 0.4806  loss_ce_0: 0.4173  loss_mask_0: 0.03979  loss_dice_0: 0.5133  loss_ce_1: 0.05137  loss_mask_1: 0.04107  loss_dice_1: 0.5127  loss_ce_2: 0.06747  loss_mask_2: 0.03339  loss_dice_2: 0.46  loss_ce_3: 0.05271  loss_mask_3: 0.03891  loss_dice_3: 0.4922  loss_ce_4: 0.05214  loss_mask_4: 0.03668  loss_dice_4: 0.5045  loss_ce_5: 0.04907  loss_mask_5: 0.03888  loss_dice_5: 0.5487  loss_ce_6: 0.05112  loss_mask_6: 0.03647  loss_dice_6: 0.5384  loss_ce_7: 0.05131  loss_mask_7: 0.03182  loss_dice_7: 0.4254  loss_ce_8: 0.05182  loss_mask_8: 0.03523  loss_dice_8: 0.5316    time: 0.7651  last_time: 0.7541  data_time: 0.1301  last_data_time: 0.1301   lr: 4.7777e-06  max_mem: 10275M
[03/19 17:19:54 d2.utils.events]:  eta: 0:37:18  iter: 12019  total_loss: 7.012  loss_ce: 0.02705  loss_mask: 0.04732  loss_dice: 0.5492  loss_ce_0: 0.3906  loss_mask_0: 0.04778  loss_dice_0: 0.6024  loss_ce_1: 0.03578  loss_mask_1: 0.05147  loss_dice_1: 0.5962  loss_ce_2: 0.03001  loss_mask_2: 0.0545  loss_dice_2: 0.587  loss_ce_3: 0.02483  loss_mask_3: 0.04726  loss_dice_3: 0.553  loss_ce_4: 0.02037  loss_mask_4: 0.0487  loss_dice_4: 0.5947  loss_ce_5: 0.02185  loss_mask_5: 0.04943  loss_dice_5: 0.5971  loss_ce_6: 0.02329  loss_mask_6: 0.05345  loss_dice_6: 0.6199  loss_ce_7: 0.02414  loss_mask_7: 0.05679  loss_dice_7: 0.6085  loss_ce_8: 0.02342  loss_mask_8: 0.05067  loss_dice_8: 0.5755    time: 0.7651  last_time: 0.9244  data_time: 0.2825  last_data_time: 0.2825   lr: 4.7163e-06  max_mem: 10275M
[03/19 17:20:10 d2.utils.events]:  eta: 0:37:03  iter: 12039  total_loss: 6.136  loss_ce: 0.04062  loss_mask: 0.03675  loss_dice: 0.4564  loss_ce_0: 0.616  loss_mask_0: 0.04085  loss_dice_0: 0.544  loss_ce_1: 0.03886  loss_mask_1: 0.03216  loss_dice_1: 0.4265  loss_ce_2: 0.03397  loss_mask_2: 0.03592  loss_dice_2: 0.4446  loss_ce_3: 0.03152  loss_mask_3: 0.03589  loss_dice_3: 0.4468  loss_ce_4: 0.0339  loss_mask_4: 0.03841  loss_dice_4: 0.5327  loss_ce_5: 0.04278  loss_mask_5: 0.03475  loss_dice_5: 0.4149  loss_ce_6: 0.03668  loss_mask_6: 0.0387  loss_dice_6: 0.5148  loss_ce_7: 0.03918  loss_mask_7: 0.03793  loss_dice_7: 0.5135  loss_ce_8: 0.04433  loss_mask_8: 0.03747  loss_dice_8: 0.5149    time: 0.7651  last_time: 0.7819  data_time: 0.1484  last_data_time: 0.1484   lr: 4.6552e-06  max_mem: 10275M
[03/19 17:20:25 d2.utils.events]:  eta: 0:36:48  iter: 12059  total_loss: 5.423  loss_ce: 0.04479  loss_mask: 0.03917  loss_dice: 0.3179  loss_ce_0: 0.7419  loss_mask_0: 0.05224  loss_dice_0: 0.4785  loss_ce_1: 0.06255  loss_mask_1: 0.05839  loss_dice_1: 0.4542  loss_ce_2: 0.05524  loss_mask_2: 0.04018  loss_dice_2: 0.3325  loss_ce_3: 0.06439  loss_mask_3: 0.04828  loss_dice_3: 0.423  loss_ce_4: 0.04472  loss_mask_4: 0.04285  loss_dice_4: 0.3705  loss_ce_5: 0.04303  loss_mask_5: 0.04034  loss_dice_5: 0.3441  loss_ce_6: 0.04189  loss_mask_6: 0.04051  loss_dice_6: 0.3423  loss_ce_7: 0.04431  loss_mask_7: 0.04015  loss_dice_7: 0.3708  loss_ce_8: 0.0423  loss_mask_8: 0.03802  loss_dice_8: 0.3641    time: 0.7651  last_time: 0.9322  data_time: 0.3115  last_data_time: 0.3115   lr: 4.5945e-06  max_mem: 10275M
[03/19 17:20:40 d2.utils.events]:  eta: 0:36:33  iter: 12079  total_loss: 9.469  loss_ce: 0.1352  loss_mask: 0.05976  loss_dice: 0.5479  loss_ce_0: 0.7212  loss_mask_0: 0.1712  loss_dice_0: 0.7257  loss_ce_1: 0.2403  loss_mask_1: 0.07577  loss_dice_1: 0.5346  loss_ce_2: 0.183  loss_mask_2: 0.05944  loss_dice_2: 0.8553  loss_ce_3: 0.1777  loss_mask_3: 0.0562  loss_dice_3: 0.5952  loss_ce_4: 0.1417  loss_mask_4: 0.07157  loss_dice_4: 0.6715  loss_ce_5: 0.132  loss_mask_5: 0.07223  loss_dice_5: 0.7974  loss_ce_6: 0.1362  loss_mask_6: 0.0594  loss_dice_6: 0.5747  loss_ce_7: 0.1322  loss_mask_7: 0.06588  loss_dice_7: 0.6743  loss_ce_8: 0.1358  loss_mask_8: 0.05718  loss_dice_8: 0.6086    time: 0.7651  last_time: 0.7739  data_time: 0.1560  last_data_time: 0.1560   lr: 4.5342e-06  max_mem: 10275M
[03/19 17:20:56 d2.utils.events]:  eta: 0:36:18  iter: 12099  total_loss: 6.152  loss_ce: 0.02365  loss_mask: 0.03375  loss_dice: 0.483  loss_ce_0: 0.3735  loss_mask_0: 0.03397  loss_dice_0: 0.4602  loss_ce_1: 0.02626  loss_mask_1: 0.03761  loss_dice_1: 0.5294  loss_ce_2: 0.03135  loss_mask_2: 0.04129  loss_dice_2: 0.4891  loss_ce_3: 0.02135  loss_mask_3: 0.04225  loss_dice_3: 0.5251  loss_ce_4: 0.02028  loss_mask_4: 0.04051  loss_dice_4: 0.6189  loss_ce_5: 0.02077  loss_mask_5: 0.04092  loss_dice_5: 0.5731  loss_ce_6: 0.02077  loss_mask_6: 0.03384  loss_dice_6: 0.4444  loss_ce_7: 0.02275  loss_mask_7: 0.03734  loss_dice_7: 0.5112  loss_ce_8: 0.02292  loss_mask_8: 0.03521  loss_dice_8: 0.5575    time: 0.7651  last_time: 0.9415  data_time: 0.0771  last_data_time: 0.0771   lr: 4.4743e-06  max_mem: 10275M
[03/19 17:21:12 d2.utils.events]:  eta: 0:36:03  iter: 12119  total_loss: 7.928  loss_ce: 0.04794  loss_mask: 0.0336  loss_dice: 0.6319  loss_ce_0: 0.5269  loss_mask_0: 0.06491  loss_dice_0: 0.9528  loss_ce_1: 0.1346  loss_mask_1: 0.0354  loss_dice_1: 0.6381  loss_ce_2: 0.06506  loss_mask_2: 0.03351  loss_dice_2: 0.5693  loss_ce_3: 0.05414  loss_mask_3: 0.03805  loss_dice_3: 0.6086  loss_ce_4: 0.04863  loss_mask_4: 0.03759  loss_dice_4: 0.6426  loss_ce_5: 0.04861  loss_mask_5: 0.03628  loss_dice_5: 0.5502  loss_ce_6: 0.04321  loss_mask_6: 0.03666  loss_dice_6: 0.671  loss_ce_7: 0.04079  loss_mask_7: 0.03633  loss_dice_7: 0.6382  loss_ce_8: 0.04404  loss_mask_8: 0.03717  loss_dice_8: 0.5821    time: 0.7651  last_time: 0.7996  data_time: 0.1599  last_data_time: 0.1599   lr: 4.4147e-06  max_mem: 10275M
[03/19 17:21:27 d2.utils.events]:  eta: 0:35:48  iter: 12139  total_loss: 9.582  loss_ce: 0.03801  loss_mask: 0.07021  loss_dice: 0.7557  loss_ce_0: 0.4962  loss_mask_0: 0.08478  loss_dice_0: 0.8437  loss_ce_1: 0.04636  loss_mask_1: 0.0816  loss_dice_1: 0.8189  loss_ce_2: 0.03766  loss_mask_2: 0.07681  loss_dice_2: 0.7561  loss_ce_3: 0.03602  loss_mask_3: 0.07137  loss_dice_3: 0.7367  loss_ce_4: 0.03408  loss_mask_4: 0.07956  loss_dice_4: 0.8281  loss_ce_5: 0.03259  loss_mask_5: 0.06812  loss_dice_5: 0.8777  loss_ce_6: 0.03487  loss_mask_6: 0.0731  loss_dice_6: 0.8254  loss_ce_7: 0.03836  loss_mask_7: 0.07427  loss_dice_7: 0.7953  loss_ce_8: 0.03716  loss_mask_8: 0.06555  loss_dice_8: 0.7675    time: 0.7651  last_time: 0.8055  data_time: 0.1655  last_data_time: 0.1655   lr: 4.3554e-06  max_mem: 10275M
[03/19 17:21:42 d2.utils.events]:  eta: 0:35:32  iter: 12159  total_loss: 8.353  loss_ce: 0.03103  loss_mask: 0.03409  loss_dice: 0.5658  loss_ce_0: 0.4032  loss_mask_0: 0.06373  loss_dice_0: 1.159  loss_ce_1: 0.03278  loss_mask_1: 0.03862  loss_dice_1: 0.7402  loss_ce_2: 0.04007  loss_mask_2: 0.04101  loss_dice_2: 0.8476  loss_ce_3: 0.03349  loss_mask_3: 0.03984  loss_dice_3: 0.7696  loss_ce_4: 0.02996  loss_mask_4: 0.03985  loss_dice_4: 0.8202  loss_ce_5: 0.03281  loss_mask_5: 0.04075  loss_dice_5: 0.638  loss_ce_6: 0.03203  loss_mask_6: 0.03259  loss_dice_6: 0.5785  loss_ce_7: 0.03093  loss_mask_7: 0.03509  loss_dice_7: 0.5729  loss_ce_8: 0.03147  loss_mask_8: 0.03732  loss_dice_8: 0.561    time: 0.7651  last_time: 0.7426  data_time: 0.1278  last_data_time: 0.1278   lr: 4.2965e-06  max_mem: 10275M
[03/19 17:21:58 d2.utils.events]:  eta: 0:35:17  iter: 12179  total_loss: 5.77  loss_ce: 0.0187  loss_mask: 0.04587  loss_dice: 0.4509  loss_ce_0: 0.4937  loss_mask_0: 0.04778  loss_dice_0: 0.512  loss_ce_1: 0.03781  loss_mask_1: 0.04603  loss_dice_1: 0.4325  loss_ce_2: 0.02665  loss_mask_2: 0.04173  loss_dice_2: 0.4797  loss_ce_3: 0.02753  loss_mask_3: 0.04089  loss_dice_3: 0.4449  loss_ce_4: 0.02507  loss_mask_4: 0.04049  loss_dice_4: 0.4498  loss_ce_5: 0.02254  loss_mask_5: 0.04292  loss_dice_5: 0.4907  loss_ce_6: 0.02069  loss_mask_6: 0.03758  loss_dice_6: 0.4252  loss_ce_7: 0.0206  loss_mask_7: 0.04542  loss_dice_7: 0.463  loss_ce_8: 0.01873  loss_mask_8: 0.04629  loss_dice_8: 0.4745    time: 0.7651  last_time: 0.7079  data_time: 0.0897  last_data_time: 0.0897   lr: 4.238e-06  max_mem: 10275M
[03/19 17:22:13 d2.utils.events]:  eta: 0:35:02  iter: 12199  total_loss: 8.708  loss_ce: 0.05967  loss_mask: 0.04064  loss_dice: 0.675  loss_ce_0: 1.139  loss_mask_0: 0.06006  loss_dice_0: 0.8415  loss_ce_1: 0.1023  loss_mask_1: 0.03491  loss_dice_1: 0.5146  loss_ce_2: 0.04797  loss_mask_2: 0.04286  loss_dice_2: 0.6865  loss_ce_3: 0.1242  loss_mask_3: 0.03814  loss_dice_3: 0.7232  loss_ce_4: 0.1253  loss_mask_4: 0.03972  loss_dice_4: 0.6467  loss_ce_5: 0.09207  loss_mask_5: 0.04034  loss_dice_5: 0.5793  loss_ce_6: 0.05827  loss_mask_6: 0.04058  loss_dice_6: 0.5284  loss_ce_7: 0.05987  loss_mask_7: 0.0377  loss_dice_7: 0.5913  loss_ce_8: 0.06443  loss_mask_8: 0.0409  loss_dice_8: 0.6319    time: 0.7650  last_time: 0.7846  data_time: 0.1522  last_data_time: 0.1522   lr: 4.1799e-06  max_mem: 10275M
[03/19 17:22:29 d2.utils.events]:  eta: 0:34:48  iter: 12219  total_loss: 12.35  loss_ce: 0.07621  loss_mask: 0.04475  loss_dice: 1.11  loss_ce_0: 0.3918  loss_mask_0: 0.06843  loss_dice_0: 0.6163  loss_ce_1: 0.08616  loss_mask_1: 0.04229  loss_dice_1: 0.9713  loss_ce_2: 0.1072  loss_mask_2: 0.04551  loss_dice_2: 1.162  loss_ce_3: 0.08188  loss_mask_3: 0.0599  loss_dice_3: 1.217  loss_ce_4: 0.07656  loss_mask_4: 0.04844  loss_dice_4: 1.252  loss_ce_5: 0.07254  loss_mask_5: 0.03917  loss_dice_5: 1.022  loss_ce_6: 0.07988  loss_mask_6: 0.05126  loss_dice_6: 1.181  loss_ce_7: 0.06382  loss_mask_7: 0.04635  loss_dice_7: 1.152  loss_ce_8: 0.07649  loss_mask_8: 0.04078  loss_dice_8: 1.072    time: 0.7651  last_time: 0.7681  data_time: 0.1450  last_data_time: 0.1450   lr: 4.1221e-06  max_mem: 10275M
[03/19 17:22:44 d2.utils.events]:  eta: 0:34:33  iter: 12239  total_loss: 10.33  loss_ce: 0.2105  loss_mask: 0.03594  loss_dice: 0.7197  loss_ce_0: 0.5763  loss_mask_0: 0.04177  loss_dice_0: 0.8261  loss_ce_1: 0.188  loss_mask_1: 0.03074  loss_dice_1: 0.6184  loss_ce_2: 0.2219  loss_mask_2: 0.03423  loss_dice_2: 0.6714  loss_ce_3: 0.2272  loss_mask_3: 0.03516  loss_dice_3: 0.7342  loss_ce_4: 0.2033  loss_mask_4: 0.03843  loss_dice_4: 0.8733  loss_ce_5: 0.2219  loss_mask_5: 0.03642  loss_dice_5: 0.9055  loss_ce_6: 0.2223  loss_mask_6: 0.03571  loss_dice_6: 0.6232  loss_ce_7: 0.2115  loss_mask_7: 0.03517  loss_dice_7: 0.7458  loss_ce_8: 0.212  loss_mask_8: 0.03815  loss_dice_8: 0.7549    time: 0.7651  last_time: 0.7567  data_time: 0.1391  last_data_time: 0.1391   lr: 4.0647e-06  max_mem: 10275M
[03/19 17:23:00 d2.utils.events]:  eta: 0:34:17  iter: 12259  total_loss: 9.767  loss_ce: 0.03072  loss_mask: 0.04614  loss_dice: 0.8811  loss_ce_0: 0.4027  loss_mask_0: 0.0493  loss_dice_0: 0.7826  loss_ce_1: 0.05419  loss_mask_1: 0.0503  loss_dice_1: 0.7837  loss_ce_2: 0.02939  loss_mask_2: 0.04245  loss_dice_2: 0.7525  loss_ce_3: 0.03292  loss_mask_3: 0.04882  loss_dice_3: 0.8654  loss_ce_4: 0.0281  loss_mask_4: 0.04614  loss_dice_4: 0.856  loss_ce_5: 0.02687  loss_mask_5: 0.04362  loss_dice_5: 0.8499  loss_ce_6: 0.02875  loss_mask_6: 0.06003  loss_dice_6: 0.9056  loss_ce_7: 0.02852  loss_mask_7: 0.04559  loss_dice_7: 0.9672  loss_ce_8: 0.02732  loss_mask_8: 0.05253  loss_dice_8: 0.9488    time: 0.7651  last_time: 0.7420  data_time: 0.1257  last_data_time: 0.1257   lr: 4.0076e-06  max_mem: 10275M
[03/19 17:23:15 d2.utils.events]:  eta: 0:34:02  iter: 12279  total_loss: 8.359  loss_ce: 0.1585  loss_mask: 0.03808  loss_dice: 0.4942  loss_ce_0: 0.6784  loss_mask_0: 0.05862  loss_dice_0: 0.5294  loss_ce_1: 0.3333  loss_mask_1: 0.03727  loss_dice_1: 0.5824  loss_ce_2: 0.3857  loss_mask_2: 0.03972  loss_dice_2: 0.5397  loss_ce_3: 0.2482  loss_mask_3: 0.04097  loss_dice_3: 0.4059  loss_ce_4: 0.1938  loss_mask_4: 0.0414  loss_dice_4: 0.616  loss_ce_5: 0.1737  loss_mask_5: 0.04378  loss_dice_5: 0.5311  loss_ce_6: 0.1487  loss_mask_6: 0.03864  loss_dice_6: 0.393  loss_ce_7: 0.1404  loss_mask_7: 0.04112  loss_dice_7: 0.6414  loss_ce_8: 0.1487  loss_mask_8: 0.03889  loss_dice_8: 0.5984    time: 0.7650  last_time: 0.7905  data_time: 0.1620  last_data_time: 0.1620   lr: 3.9509e-06  max_mem: 10275M
[03/19 17:23:31 d2.utils.events]:  eta: 0:33:47  iter: 12299  total_loss: 8.202  loss_ce: 0.04441  loss_mask: 0.04181  loss_dice: 0.5239  loss_ce_0: 1.062  loss_mask_0: 0.04757  loss_dice_0: 0.942  loss_ce_1: 0.07709  loss_mask_1: 0.03377  loss_dice_1: 0.6714  loss_ce_2: 0.04182  loss_mask_2: 0.03954  loss_dice_2: 0.6093  loss_ce_3: 0.05457  loss_mask_3: 0.03948  loss_dice_3: 0.6599  loss_ce_4: 0.05172  loss_mask_4: 0.03377  loss_dice_4: 0.6585  loss_ce_5: 0.04611  loss_mask_5: 0.03362  loss_dice_5: 0.5904  loss_ce_6: 0.04377  loss_mask_6: 0.03975  loss_dice_6: 0.5531  loss_ce_7: 0.04518  loss_mask_7: 0.03793  loss_dice_7: 0.5156  loss_ce_8: 0.04464  loss_mask_8: 0.03874  loss_dice_8: 0.58    time: 0.7650  last_time: 0.7985  data_time: 0.1564  last_data_time: 0.1564   lr: 3.8946e-06  max_mem: 10275M
[03/19 17:23:46 d2.utils.events]:  eta: 0:33:31  iter: 12319  total_loss: 10.42  loss_ce: 0.1956  loss_mask: 0.09542  loss_dice: 0.5773  loss_ce_0: 0.4488  loss_mask_0: 0.1002  loss_dice_0: 0.5756  loss_ce_1: 0.2513  loss_mask_1: 0.1638  loss_dice_1: 0.7944  loss_ce_2: 0.245  loss_mask_2: 0.1465  loss_dice_2: 0.6967  loss_ce_3: 0.3499  loss_mask_3: 0.1505  loss_dice_3: 0.7843  loss_ce_4: 0.2546  loss_mask_4: 0.1207  loss_dice_4: 0.6553  loss_ce_5: 0.1891  loss_mask_5: 0.1191  loss_dice_5: 0.6965  loss_ce_6: 0.2094  loss_mask_6: 0.1057  loss_dice_6: 0.6184  loss_ce_7: 0.2176  loss_mask_7: 0.1028  loss_dice_7: 0.6681  loss_ce_8: 0.2132  loss_mask_8: 0.09727  loss_dice_8: 0.5814    time: 0.7650  last_time: 0.9173  data_time: 0.2073  last_data_time: 0.2073   lr: 3.8387e-06  max_mem: 10275M
[03/19 17:24:01 d2.utils.events]:  eta: 0:33:15  iter: 12339  total_loss: 8.276  loss_ce: 0.03365  loss_mask: 0.04706  loss_dice: 0.6446  loss_ce_0: 0.6226  loss_mask_0: 0.06406  loss_dice_0: 0.7367  loss_ce_1: 0.1609  loss_mask_1: 0.05422  loss_dice_1: 0.6446  loss_ce_2: 0.05038  loss_mask_2: 0.05183  loss_dice_2: 0.6743  loss_ce_3: 0.05502  loss_mask_3: 0.05056  loss_dice_3: 0.7325  loss_ce_4: 0.04297  loss_mask_4: 0.05414  loss_dice_4: 0.6811  loss_ce_5: 0.04086  loss_mask_5: 0.05258  loss_dice_5: 0.6515  loss_ce_6: 0.03501  loss_mask_6: 0.04786  loss_dice_6: 0.5957  loss_ce_7: 0.03218  loss_mask_7: 0.05336  loss_dice_7: 0.6544  loss_ce_8: 0.03081  loss_mask_8: 0.05278  loss_dice_8: 0.628    time: 0.7650  last_time: 0.7927  data_time: 0.1512  last_data_time: 0.1512   lr: 3.7831e-06  max_mem: 10275M
[03/19 17:24:17 d2.utils.events]:  eta: 0:33:00  iter: 12359  total_loss: 9.494  loss_ce: 0.1034  loss_mask: 0.0416  loss_dice: 0.645  loss_ce_0: 0.3492  loss_mask_0: 0.04215  loss_dice_0: 1.079  loss_ce_1: 0.1109  loss_mask_1: 0.04032  loss_dice_1: 0.64  loss_ce_2: 0.1048  loss_mask_2: 0.04627  loss_dice_2: 0.6834  loss_ce_3: 0.1222  loss_mask_3: 0.04556  loss_dice_3: 0.8512  loss_ce_4: 0.146  loss_mask_4: 0.03695  loss_dice_4: 0.5432  loss_ce_5: 0.1129  loss_mask_5: 0.04318  loss_dice_5: 0.7295  loss_ce_6: 0.1165  loss_mask_6: 0.0416  loss_dice_6: 0.7147  loss_ce_7: 0.1029  loss_mask_7: 0.04956  loss_dice_7: 0.964  loss_ce_8: 0.1041  loss_mask_8: 0.04712  loss_dice_8: 0.8367    time: 0.7650  last_time: 0.7815  data_time: 0.1480  last_data_time: 0.1480   lr: 3.7279e-06  max_mem: 10275M
[03/19 17:24:32 d2.utils.events]:  eta: 0:32:47  iter: 12379  total_loss: 5.97  loss_ce: 0.02619  loss_mask: 0.03341  loss_dice: 0.3402  loss_ce_0: 0.3492  loss_mask_0: 0.04259  loss_dice_0: 0.4195  loss_ce_1: 0.05336  loss_mask_1: 0.03834  loss_dice_1: 0.4078  loss_ce_2: 0.08141  loss_mask_2: 0.03733  loss_dice_2: 0.4164  loss_ce_3: 0.03886  loss_mask_3: 0.03908  loss_dice_3: 0.5001  loss_ce_4: 0.02027  loss_mask_4: 0.04118  loss_dice_4: 0.856  loss_ce_5: 0.02123  loss_mask_5: 0.04106  loss_dice_5: 0.6878  loss_ce_6: 0.03095  loss_mask_6: 0.04136  loss_dice_6: 0.4369  loss_ce_7: 0.02438  loss_mask_7: 0.04222  loss_dice_7: 0.4152  loss_ce_8: 0.02453  loss_mask_8: 0.04179  loss_dice_8: 0.4217    time: 0.7650  last_time: 0.8393  data_time: 0.2208  last_data_time: 0.2208   lr: 3.6731e-06  max_mem: 10275M
[03/19 17:24:48 d2.utils.events]:  eta: 0:32:32  iter: 12399  total_loss: 7.69  loss_ce: 0.03634  loss_mask: 0.04587  loss_dice: 0.6096  loss_ce_0: 0.7078  loss_mask_0: 0.07773  loss_dice_0: 0.8247  loss_ce_1: 0.0508  loss_mask_1: 0.05789  loss_dice_1: 0.6313  loss_ce_2: 0.07288  loss_mask_2: 0.05717  loss_dice_2: 0.6081  loss_ce_3: 0.03489  loss_mask_3: 0.05335  loss_dice_3: 0.6293  loss_ce_4: 0.02919  loss_mask_4: 0.05132  loss_dice_4: 0.5639  loss_ce_5: 0.034  loss_mask_5: 0.04751  loss_dice_5: 0.5688  loss_ce_6: 0.03722  loss_mask_6: 0.0492  loss_dice_6: 0.5686  loss_ce_7: 0.03307  loss_mask_7: 0.04463  loss_dice_7: 0.5685  loss_ce_8: 0.03514  loss_mask_8: 0.04383  loss_dice_8: 0.5171    time: 0.7650  last_time: 0.7022  data_time: 0.0809  last_data_time: 0.0809   lr: 3.6186e-06  max_mem: 10275M
[03/19 17:25:04 d2.utils.events]:  eta: 0:32:17  iter: 12419  total_loss: 11  loss_ce: 0.2841  loss_mask: 0.03279  loss_dice: 0.8403  loss_ce_0: 0.4303  loss_mask_0: 0.02715  loss_dice_0: 0.7708  loss_ce_1: 0.07291  loss_mask_1: 0.03172  loss_dice_1: 1.14  loss_ce_2: 0.02582  loss_mask_2: 0.02841  loss_dice_2: 0.9944  loss_ce_3: 0.03482  loss_mask_3: 0.0305  loss_dice_3: 1.245  loss_ce_4: 0.02854  loss_mask_4: 0.0305  loss_dice_4: 0.9389  loss_ce_5: 0.03243  loss_mask_5: 0.03006  loss_dice_5: 0.8198  loss_ce_6: 0.03327  loss_mask_6: 0.02525  loss_dice_6: 0.8356  loss_ce_7: 0.0367  loss_mask_7: 0.02899  loss_dice_7: 1.03  loss_ce_8: 0.03329  loss_mask_8: 0.02868  loss_dice_8: 1.076    time: 0.7650  last_time: 0.7774  data_time: 0.1571  last_data_time: 0.1571   lr: 3.5645e-06  max_mem: 10275M
[03/19 17:25:19 d2.utils.events]:  eta: 0:32:02  iter: 12439  total_loss: 13.58  loss_ce: 0.1478  loss_mask: 0.04764  loss_dice: 1.087  loss_ce_0: 0.6688  loss_mask_0: 0.04882  loss_dice_0: 1.095  loss_ce_1: 0.09992  loss_mask_1: 0.06134  loss_dice_1: 1.137  loss_ce_2: 0.1471  loss_mask_2: 0.05063  loss_dice_2: 1.04  loss_ce_3: 0.207  loss_mask_3: 0.07681  loss_dice_3: 1.213  loss_ce_4: 0.2002  loss_mask_4: 0.06651  loss_dice_4: 1.096  loss_ce_5: 0.1755  loss_mask_5: 0.05782  loss_dice_5: 1.161  loss_ce_6: 0.1458  loss_mask_6: 0.04977  loss_dice_6: 0.9979  loss_ce_7: 0.1501  loss_mask_7: 0.05001  loss_dice_7: 1.091  loss_ce_8: 0.1315  loss_mask_8: 0.04905  loss_dice_8: 1.026    time: 0.7650  last_time: 0.7922  data_time: 0.1641  last_data_time: 0.1641   lr: 3.5108e-06  max_mem: 10275M
[03/19 17:25:34 d2.utils.events]:  eta: 0:31:47  iter: 12459  total_loss: 9.611  loss_ce: 0.1353  loss_mask: 0.05088  loss_dice: 0.7998  loss_ce_0: 0.6303  loss_mask_0: 0.06178  loss_dice_0: 0.5279  loss_ce_1: 0.1771  loss_mask_1: 0.04953  loss_dice_1: 0.796  loss_ce_2: 0.2954  loss_mask_2: 0.0454  loss_dice_2: 0.5512  loss_ce_3: 0.2739  loss_mask_3: 0.04739  loss_dice_3: 0.6716  loss_ce_4: 0.258  loss_mask_4: 0.04594  loss_dice_4: 0.4449  loss_ce_5: 0.1253  loss_mask_5: 0.04523  loss_dice_5: 0.8629  loss_ce_6: 0.2635  loss_mask_6: 0.049  loss_dice_6: 0.7486  loss_ce_7: 0.1442  loss_mask_7: 0.05107  loss_dice_7: 0.6652  loss_ce_8: 0.3179  loss_mask_8: 0.0412  loss_dice_8: 0.4344    time: 0.7650  last_time: 0.7663  data_time: 0.1464  last_data_time: 0.1464   lr: 3.4575e-06  max_mem: 10275M
[03/19 17:25:50 d2.utils.events]:  eta: 0:31:33  iter: 12479  total_loss: 8.227  loss_ce: 0.03446  loss_mask: 0.05001  loss_dice: 0.7129  loss_ce_0: 0.6112  loss_mask_0: 0.0622  loss_dice_0: 0.6815  loss_ce_1: 0.04835  loss_mask_1: 0.05947  loss_dice_1: 0.7432  loss_ce_2: 0.02951  loss_mask_2: 0.06043  loss_dice_2: 0.6372  loss_ce_3: 0.03127  loss_mask_3: 0.05473  loss_dice_3: 0.6239  loss_ce_4: 0.03173  loss_mask_4: 0.0575  loss_dice_4: 0.7282  loss_ce_5: 0.02761  loss_mask_5: 0.05073  loss_dice_5: 0.6217  loss_ce_6: 0.03475  loss_mask_6: 0.05481  loss_dice_6: 0.6568  loss_ce_7: 0.03546  loss_mask_7: 0.06067  loss_dice_7: 0.6812  loss_ce_8: 0.03112  loss_mask_8: 0.05084  loss_dice_8: 0.6634    time: 0.7650  last_time: 0.7905  data_time: 0.1520  last_data_time: 0.1520   lr: 3.4046e-06  max_mem: 10275M
[03/19 17:26:05 d2.utils.events]:  eta: 0:31:18  iter: 12499  total_loss: 7.581  loss_ce: 0.02423  loss_mask: 0.03383  loss_dice: 0.5654  loss_ce_0: 0.6074  loss_mask_0: 0.03813  loss_dice_0: 0.7472  loss_ce_1: 0.0418  loss_mask_1: 0.03023  loss_dice_1: 0.6047  loss_ce_2: 0.03447  loss_mask_2: 0.03307  loss_dice_2: 0.6365  loss_ce_3: 0.01892  loss_mask_3: 0.03166  loss_dice_3: 0.7129  loss_ce_4: 0.02165  loss_mask_4: 0.02824  loss_dice_4: 0.6072  loss_ce_5: 0.0235  loss_mask_5: 0.02831  loss_dice_5: 0.5216  loss_ce_6: 0.02351  loss_mask_6: 0.03125  loss_dice_6: 0.6777  loss_ce_7: 0.02486  loss_mask_7: 0.03108  loss_dice_7: 0.677  loss_ce_8: 0.02474  loss_mask_8: 0.03302  loss_dice_8: 0.6672    time: 0.7650  last_time: 0.7741  data_time: 0.1397  last_data_time: 0.1397   lr: 3.352e-06  max_mem: 10275M
[03/19 17:26:21 d2.utils.events]:  eta: 0:31:02  iter: 12519  total_loss: 4.403  loss_ce: 0.01226  loss_mask: 0.05114  loss_dice: 0.4636  loss_ce_0: 0.3739  loss_mask_0: 0.03422  loss_dice_0: 0.2389  loss_ce_1: 0.01381  loss_mask_1: 0.03364  loss_dice_1: 0.3001  loss_ce_2: 0.01201  loss_mask_2: 0.03089  loss_dice_2: 0.3652  loss_ce_3: 0.01129  loss_mask_3: 0.02681  loss_dice_3: 0.3193  loss_ce_4: 0.009897  loss_mask_4: 0.03493  loss_dice_4: 0.2802  loss_ce_5: 0.01039  loss_mask_5: 0.0365  loss_dice_5: 0.3867  loss_ce_6: 0.01141  loss_mask_6: 0.03149  loss_dice_6: 0.3671  loss_ce_7: 0.01234  loss_mask_7: 0.0474  loss_dice_7: 0.465  loss_ce_8: 0.01189  loss_mask_8: 0.03353  loss_dice_8: 0.3773    time: 0.7650  last_time: 0.8191  data_time: 0.2216  last_data_time: 0.2216   lr: 3.2998e-06  max_mem: 10275M
[03/19 17:26:36 d2.utils.events]:  eta: 0:30:48  iter: 12539  total_loss: 5.147  loss_ce: 0.01511  loss_mask: 0.03132  loss_dice: 0.3947  loss_ce_0: 0.3127  loss_mask_0: 0.03337  loss_dice_0: 0.4865  loss_ce_1: 0.02985  loss_mask_1: 0.02992  loss_dice_1: 0.4103  loss_ce_2: 0.03337  loss_mask_2: 0.03373  loss_dice_2: 0.4687  loss_ce_3: 0.03045  loss_mask_3: 0.03076  loss_dice_3: 0.403  loss_ce_4: 0.02106  loss_mask_4: 0.03422  loss_dice_4: 0.4362  loss_ce_5: 0.01911  loss_mask_5: 0.03433  loss_dice_5: 0.4584  loss_ce_6: 0.01665  loss_mask_6: 0.03504  loss_dice_6: 0.4488  loss_ce_7: 0.01721  loss_mask_7: 0.02781  loss_dice_7: 0.3922  loss_ce_8: 0.01623  loss_mask_8: 0.02819  loss_dice_8: 0.4177    time: 0.7650  last_time: 0.7879  data_time: 0.1566  last_data_time: 0.1566   lr: 3.248e-06  max_mem: 10275M
[03/19 17:26:51 d2.utils.events]:  eta: 0:30:33  iter: 12559  total_loss: 6.346  loss_ce: 0.007478  loss_mask: 0.03869  loss_dice: 0.5126  loss_ce_0: 0.5331  loss_mask_0: 0.04126  loss_dice_0: 0.5153  loss_ce_1: 0.01042  loss_mask_1: 0.04049  loss_dice_1: 0.5228  loss_ce_2: 0.02269  loss_mask_2: 0.04407  loss_dice_2: 0.5764  loss_ce_3: 0.007766  loss_mask_3: 0.04225  loss_dice_3: 0.5581  loss_ce_4: 0.00757  loss_mask_4: 0.03909  loss_dice_4: 0.4461  loss_ce_5: 0.007826  loss_mask_5: 0.03911  loss_dice_5: 0.5215  loss_ce_6: 0.007617  loss_mask_6: 0.0356  loss_dice_6: 0.5245  loss_ce_7: 0.007282  loss_mask_7: 0.04407  loss_dice_7: 0.6714  loss_ce_8: 0.007277  loss_mask_8: 0.03964  loss_dice_8: 0.4741    time: 0.7649  last_time: 0.7762  data_time: 0.1462  last_data_time: 0.1462   lr: 3.1966e-06  max_mem: 10275M
[03/19 17:27:07 d2.utils.events]:  eta: 0:30:18  iter: 12579  total_loss: 5.822  loss_ce: 0.01296  loss_mask: 0.02766  loss_dice: 0.54  loss_ce_0: 0.3882  loss_mask_0: 0.02559  loss_dice_0: 0.5125  loss_ce_1: 0.02327  loss_mask_1: 0.02501  loss_dice_1: 0.4481  loss_ce_2: 0.02343  loss_mask_2: 0.0224  loss_dice_2: 0.4554  loss_ce_3: 0.01458  loss_mask_3: 0.02938  loss_dice_3: 0.5508  loss_ce_4: 0.01653  loss_mask_4: 0.02672  loss_dice_4: 0.5214  loss_ce_5: 0.01579  loss_mask_5: 0.02524  loss_dice_5: 0.5106  loss_ce_6: 0.01495  loss_mask_6: 0.02718  loss_dice_6: 0.4603  loss_ce_7: 0.01256  loss_mask_7: 0.02847  loss_dice_7: 0.5312  loss_ce_8: 0.0125  loss_mask_8: 0.02763  loss_dice_8: 0.4913    time: 0.7649  last_time: 0.7323  data_time: 0.1098  last_data_time: 0.1098   lr: 3.1455e-06  max_mem: 10275M
[03/19 17:27:23 d2.utils.events]:  eta: 0:30:03  iter: 12599  total_loss: 10.51  loss_ce: 0.09177  loss_mask: 0.03285  loss_dice: 0.8543  loss_ce_0: 0.4404  loss_mask_0: 0.03601  loss_dice_0: 0.9045  loss_ce_1: 0.2513  loss_mask_1: 0.02897  loss_dice_1: 0.8777  loss_ce_2: 0.1779  loss_mask_2: 0.03181  loss_dice_2: 0.809  loss_ce_3: 0.07707  loss_mask_3: 0.03825  loss_dice_3: 0.9651  loss_ce_4: 0.0894  loss_mask_4: 0.02959  loss_dice_4: 0.9164  loss_ce_5: 0.09861  loss_mask_5: 0.03306  loss_dice_5: 0.9154  loss_ce_6: 0.07953  loss_mask_6: 0.02913  loss_dice_6: 0.7675  loss_ce_7: 0.09685  loss_mask_7: 0.02961  loss_dice_7: 0.816  loss_ce_8: 0.09632  loss_mask_8: 0.03171  loss_dice_8: 0.8673    time: 0.7650  last_time: 0.8614  data_time: 0.2330  last_data_time: 0.2330   lr: 3.0949e-06  max_mem: 10275M
[03/19 17:27:38 d2.utils.events]:  eta: 0:29:48  iter: 12619  total_loss: 11.37  loss_ce: 0.2695  loss_mask: 0.04106  loss_dice: 0.6464  loss_ce_0: 0.929  loss_mask_0: 0.03235  loss_dice_0: 0.6904  loss_ce_1: 0.1895  loss_mask_1: 0.03855  loss_dice_1: 0.8629  loss_ce_2: 0.1859  loss_mask_2: 0.04505  loss_dice_2: 1.027  loss_ce_3: 0.1755  loss_mask_3: 0.04222  loss_dice_3: 0.9656  loss_ce_4: 0.1724  loss_mask_4: 0.03882  loss_dice_4: 0.7264  loss_ce_5: 0.167  loss_mask_5: 0.0427  loss_dice_5: 0.9377  loss_ce_6: 0.304  loss_mask_6: 0.03841  loss_dice_6: 0.6982  loss_ce_7: 0.2134  loss_mask_7: 0.04411  loss_dice_7: 0.7209  loss_ce_8: 0.2285  loss_mask_8: 0.04296  loss_dice_8: 0.8507    time: 0.7650  last_time: 0.7887  data_time: 0.1504  last_data_time: 0.1504   lr: 3.0446e-06  max_mem: 10275M
[03/19 17:27:54 d2.utils.events]:  eta: 0:29:33  iter: 12639  total_loss: 6.772  loss_ce: 0.02067  loss_mask: 0.03733  loss_dice: 0.6628  loss_ce_0: 0.4024  loss_mask_0: 0.04491  loss_dice_0: 0.6583  loss_ce_1: 0.0329  loss_mask_1: 0.03298  loss_dice_1: 0.6224  loss_ce_2: 0.02488  loss_mask_2: 0.03551  loss_dice_2: 0.56  loss_ce_3: 0.02178  loss_mask_3: 0.02982  loss_dice_3: 0.5115  loss_ce_4: 0.02427  loss_mask_4: 0.03228  loss_dice_4: 0.5457  loss_ce_5: 0.02373  loss_mask_5: 0.03183  loss_dice_5: 0.6076  loss_ce_6: 0.0216  loss_mask_6: 0.03069  loss_dice_6: 0.5159  loss_ce_7: 0.01776  loss_mask_7: 0.0316  loss_dice_7: 0.5656  loss_ce_8: 0.02032  loss_mask_8: 0.03823  loss_dice_8: 0.5668    time: 0.7650  last_time: 0.7077  data_time: 0.0733  last_data_time: 0.0733   lr: 2.9947e-06  max_mem: 10275M
[03/19 17:28:10 d2.utils.events]:  eta: 0:29:18  iter: 12659  total_loss: 7.233  loss_ce: 0.1826  loss_mask: 0.0253  loss_dice: 0.4391  loss_ce_0: 0.7968  loss_mask_0: 0.03291  loss_dice_0: 0.5503  loss_ce_1: 0.07311  loss_mask_1: 0.03511  loss_dice_1: 0.5163  loss_ce_2: 0.03215  loss_mask_2: 0.0335  loss_dice_2: 0.5161  loss_ce_3: 0.1679  loss_mask_3: 0.03052  loss_dice_3: 0.492  loss_ce_4: 0.01385  loss_mask_4: 0.03973  loss_dice_4: 0.6278  loss_ce_5: 0.01461  loss_mask_5: 0.03927  loss_dice_5: 0.6101  loss_ce_6: 0.1988  loss_mask_6: 0.02508  loss_dice_6: 0.4479  loss_ce_7: 0.01415  loss_mask_7: 0.03925  loss_dice_7: 0.5567  loss_ce_8: 0.1772  loss_mask_8: 0.03083  loss_dice_8: 0.474    time: 0.7650  last_time: 0.7985  data_time: 0.1531  last_data_time: 0.1531   lr: 2.9452e-06  max_mem: 10275M
[03/19 17:28:26 d2.utils.events]:  eta: 0:29:03  iter: 12679  total_loss: 6.247  loss_ce: 0.01818  loss_mask: 0.03168  loss_dice: 0.4658  loss_ce_0: 0.4161  loss_mask_0: 0.05608  loss_dice_0: 0.782  loss_ce_1: 0.09206  loss_mask_1: 0.03837  loss_dice_1: 0.5001  loss_ce_2: 0.0274  loss_mask_2: 0.03646  loss_dice_2: 0.5467  loss_ce_3: 0.02327  loss_mask_3: 0.03188  loss_dice_3: 0.4716  loss_ce_4: 0.02063  loss_mask_4: 0.04047  loss_dice_4: 0.5101  loss_ce_5: 0.02287  loss_mask_5: 0.0333  loss_dice_5: 0.4557  loss_ce_6: 0.02137  loss_mask_6: 0.03339  loss_dice_6: 0.4665  loss_ce_7: 0.01973  loss_mask_7: 0.0351  loss_dice_7: 0.5211  loss_ce_8: 0.01916  loss_mask_8: 0.0328  loss_dice_8: 0.477    time: 0.7651  last_time: 0.7411  data_time: 0.1206  last_data_time: 0.1206   lr: 2.8961e-06  max_mem: 10275M
[03/19 17:28:42 d2.utils.events]:  eta: 0:28:48  iter: 12699  total_loss: 8.046  loss_ce: 0.008758  loss_mask: 0.03125  loss_dice: 0.6514  loss_ce_0: 0.3903  loss_mask_0: 0.04184  loss_dice_0: 0.7173  loss_ce_1: 0.01234  loss_mask_1: 0.03322  loss_dice_1: 0.7063  loss_ce_2: 0.03102  loss_mask_2: 0.03228  loss_dice_2: 0.6551  loss_ce_3: 0.009594  loss_mask_3: 0.03027  loss_dice_3: 0.6169  loss_ce_4: 0.008934  loss_mask_4: 0.02991  loss_dice_4: 0.6275  loss_ce_5: 0.2483  loss_mask_5: 0.03569  loss_dice_5: 0.8402  loss_ce_6: 0.008208  loss_mask_6: 0.03221  loss_dice_6: 0.713  loss_ce_7: 0.008012  loss_mask_7: 0.03204  loss_dice_7: 0.7118  loss_ce_8: 0.008625  loss_mask_8: 0.03571  loss_dice_8: 0.7377    time: 0.7651  last_time: 0.7762  data_time: 0.1357  last_data_time: 0.1357   lr: 2.8473e-06  max_mem: 10275M
[03/19 17:28:58 d2.utils.events]:  eta: 0:28:33  iter: 12719  total_loss: 8.454  loss_ce: 0.07152  loss_mask: 0.05828  loss_dice: 0.6905  loss_ce_0: 0.6751  loss_mask_0: 0.1134  loss_dice_0: 0.9144  loss_ce_1: 0.1003  loss_mask_1: 0.06271  loss_dice_1: 0.7048  loss_ce_2: 0.05995  loss_mask_2: 0.05964  loss_dice_2: 0.6101  loss_ce_3: 0.07923  loss_mask_3: 0.06158  loss_dice_3: 0.5886  loss_ce_4: 0.07819  loss_mask_4: 0.04722  loss_dice_4: 0.5381  loss_ce_5: 0.06528  loss_mask_5: 0.06188  loss_dice_5: 0.5761  loss_ce_6: 0.07763  loss_mask_6: 0.05053  loss_dice_6: 0.5676  loss_ce_7: 0.07766  loss_mask_7: 0.05731  loss_dice_7: 0.6544  loss_ce_8: 0.07552  loss_mask_8: 0.0566  loss_dice_8: 0.6199    time: 0.7651  last_time: 0.7494  data_time: 0.1277  last_data_time: 0.1277   lr: 2.799e-06  max_mem: 10275M
[03/19 17:29:13 d2.utils.events]:  eta: 0:28:18  iter: 12739  total_loss: 6.116  loss_ce: 0.03057  loss_mask: 0.02932  loss_dice: 0.506  loss_ce_0: 0.42  loss_mask_0: 0.03079  loss_dice_0: 0.5151  loss_ce_1: 0.02514  loss_mask_1: 0.03543  loss_dice_1: 0.6163  loss_ce_2: 0.04199  loss_mask_2: 0.02889  loss_dice_2: 0.5105  loss_ce_3: 0.03065  loss_mask_3: 0.03376  loss_dice_3: 0.5288  loss_ce_4: 0.03158  loss_mask_4: 0.02906  loss_dice_4: 0.468  loss_ce_5: 0.02768  loss_mask_5: 0.02997  loss_dice_5: 0.513  loss_ce_6: 0.02592  loss_mask_6: 0.03349  loss_dice_6: 0.5263  loss_ce_7: 0.03102  loss_mask_7: 0.03206  loss_dice_7: 0.4233  loss_ce_8: 0.03257  loss_mask_8: 0.03042  loss_dice_8: 0.4985    time: 0.7651  last_time: 0.7013  data_time: 0.0712  last_data_time: 0.0712   lr: 2.751e-06  max_mem: 10275M
[03/19 17:29:29 d2.utils.events]:  eta: 0:28:04  iter: 12759  total_loss: 11.88  loss_ce: 0.1212  loss_mask: 0.09747  loss_dice: 0.8815  loss_ce_0: 0.7879  loss_mask_0: 0.1493  loss_dice_0: 1.194  loss_ce_1: 0.09418  loss_mask_1: 0.1113  loss_dice_1: 0.9203  loss_ce_2: 0.07281  loss_mask_2: 0.1403  loss_dice_2: 0.876  loss_ce_3: 0.104  loss_mask_3: 0.1224  loss_dice_3: 0.8626  loss_ce_4: 0.1173  loss_mask_4: 0.11  loss_dice_4: 0.8584  loss_ce_5: 0.1019  loss_mask_5: 0.1006  loss_dice_5: 0.8782  loss_ce_6: 0.08844  loss_mask_6: 0.08868  loss_dice_6: 0.8543  loss_ce_7: 0.106  loss_mask_7: 0.09221  loss_dice_7: 0.8973  loss_ce_8: 0.121  loss_mask_8: 0.0897  loss_dice_8: 0.8439    time: 0.7651  last_time: 0.8858  data_time: 0.2461  last_data_time: 0.2461   lr: 2.7035e-06  max_mem: 10275M
[03/19 17:29:45 d2.utils.events]:  eta: 0:27:49  iter: 12779  total_loss: 7.739  loss_ce: 0.04417  loss_mask: 0.02256  loss_dice: 0.6111  loss_ce_0: 0.6958  loss_mask_0: 0.05493  loss_dice_0: 1.065  loss_ce_1: 0.04201  loss_mask_1: 0.02352  loss_dice_1: 0.6778  loss_ce_2: 0.1048  loss_mask_2: 0.02184  loss_dice_2: 0.5854  loss_ce_3: 0.03236  loss_mask_3: 0.02333  loss_dice_3: 0.6141  loss_ce_4: 0.03788  loss_mask_4: 0.02069  loss_dice_4: 0.5126  loss_ce_5: 0.05478  loss_mask_5: 0.02096  loss_dice_5: 0.5076  loss_ce_6: 0.04407  loss_mask_6: 0.02134  loss_dice_6: 0.578  loss_ce_7: 0.04182  loss_mask_7: 0.02418  loss_dice_7: 0.6399  loss_ce_8: 0.0503  loss_mask_8: 0.02103  loss_dice_8: 0.5454    time: 0.7651  last_time: 0.8411  data_time: 0.2025  last_data_time: 0.2025   lr: 2.6563e-06  max_mem: 10275M
[03/19 17:30:01 d2.utils.events]:  eta: 0:27:36  iter: 12799  total_loss: 6.119  loss_ce: 0.02694  loss_mask: 0.03371  loss_dice: 0.4441  loss_ce_0: 0.7342  loss_mask_0: 0.0764  loss_dice_0: 0.6607  loss_ce_1: 0.04264  loss_mask_1: 0.03851  loss_dice_1: 0.4501  loss_ce_2: 0.04339  loss_mask_2: 0.03793  loss_dice_2: 0.4775  loss_ce_3: 0.02289  loss_mask_3: 0.03295  loss_dice_3: 0.4506  loss_ce_4: 0.02432  loss_mask_4: 0.0341  loss_dice_4: 0.4678  loss_ce_5: 0.02742  loss_mask_5: 0.03508  loss_dice_5: 0.4505  loss_ce_6: 0.02759  loss_mask_6: 0.03636  loss_dice_6: 0.4484  loss_ce_7: 0.02562  loss_mask_7: 0.03142  loss_dice_7: 0.3996  loss_ce_8: 0.02366  loss_mask_8: 0.03747  loss_dice_8: 0.4771    time: 0.7652  last_time: 0.7903  data_time: 0.1585  last_data_time: 0.1585   lr: 2.6095e-06  max_mem: 10275M
[03/19 17:30:16 d2.utils.events]:  eta: 0:27:21  iter: 12819  total_loss: 4.7  loss_ce: 0.04419  loss_mask: 0.02963  loss_dice: 0.3189  loss_ce_0: 0.3317  loss_mask_0: 0.041  loss_dice_0: 0.3923  loss_ce_1: 0.02991  loss_mask_1: 0.03176  loss_dice_1: 0.3556  loss_ce_2: 0.0383  loss_mask_2: 0.03016  loss_dice_2: 0.3084  loss_ce_3: 0.0362  loss_mask_3: 0.03755  loss_dice_3: 0.378  loss_ce_4: 0.03576  loss_mask_4: 0.03589  loss_dice_4: 0.3438  loss_ce_5: 0.04038  loss_mask_5: 0.03812  loss_dice_5: 0.4438  loss_ce_6: 0.04363  loss_mask_6: 0.03216  loss_dice_6: 0.352  loss_ce_7: 0.04217  loss_mask_7: 0.0371  loss_dice_7: 0.3542  loss_ce_8: 0.04425  loss_mask_8: 0.03424  loss_dice_8: 0.419    time: 0.7651  last_time: 0.8868  data_time: 0.2679  last_data_time: 0.2679   lr: 2.5631e-06  max_mem: 10275M
[03/19 17:30:32 d2.utils.events]:  eta: 0:27:07  iter: 12839  total_loss: 5.138  loss_ce: 0.03513  loss_mask: 0.03049  loss_dice: 0.3376  loss_ce_0: 0.9554  loss_mask_0: 0.05032  loss_dice_0: 0.5118  loss_ce_1: 0.06818  loss_mask_1: 0.03619  loss_dice_1: 0.3282  loss_ce_2: 0.04898  loss_mask_2: 0.03434  loss_dice_2: 0.3595  loss_ce_3: 0.03551  loss_mask_3: 0.03357  loss_dice_3: 0.3127  loss_ce_4: 0.03482  loss_mask_4: 0.03005  loss_dice_4: 0.3002  loss_ce_5: 0.0332  loss_mask_5: 0.03594  loss_dice_5: 0.3411  loss_ce_6: 0.03396  loss_mask_6: 0.03393  loss_dice_6: 0.3141  loss_ce_7: 0.03323  loss_mask_7: 0.03255  loss_dice_7: 0.3155  loss_ce_8: 0.03715  loss_mask_8: 0.03344  loss_dice_8: 0.3513    time: 0.7652  last_time: 0.7731  data_time: 0.1480  last_data_time: 0.1480   lr: 2.5172e-06  max_mem: 10275M
[03/19 17:30:48 d2.utils.events]:  eta: 0:26:52  iter: 12859  total_loss: 6.67  loss_ce: 0.01407  loss_mask: 0.03653  loss_dice: 0.5328  loss_ce_0: 0.8557  loss_mask_0: 0.04895  loss_dice_0: 0.6829  loss_ce_1: 0.03693  loss_mask_1: 0.03448  loss_dice_1: 0.5457  loss_ce_2: 0.03746  loss_mask_2: 0.03514  loss_dice_2: 0.4697  loss_ce_3: 0.01434  loss_mask_3: 0.03678  loss_dice_3: 0.5083  loss_ce_4: 0.01281  loss_mask_4: 0.0383  loss_dice_4: 0.5279  loss_ce_5: 0.01423  loss_mask_5: 0.03146  loss_dice_5: 0.4608  loss_ce_6: 0.01327  loss_mask_6: 0.03295  loss_dice_6: 0.4771  loss_ce_7: 0.01237  loss_mask_7: 0.03632  loss_dice_7: 0.5258  loss_ce_8: 0.01403  loss_mask_8: 0.03476  loss_dice_8: 0.5483    time: 0.7652  last_time: 0.8128  data_time: 0.1821  last_data_time: 0.1821   lr: 2.4716e-06  max_mem: 10275M
[03/19 17:31:03 d2.utils.events]:  eta: 0:26:38  iter: 12879  total_loss: 5.159  loss_ce: 0.01359  loss_mask: 0.03917  loss_dice: 0.4886  loss_ce_0: 0.4025  loss_mask_0: 0.03443  loss_dice_0: 0.3421  loss_ce_1: 0.01911  loss_mask_1: 0.03033  loss_dice_1: 0.3364  loss_ce_2: 0.01837  loss_mask_2: 0.02993  loss_dice_2: 0.3834  loss_ce_3: 0.01322  loss_mask_3: 0.03618  loss_dice_3: 0.4544  loss_ce_4: 0.01347  loss_mask_4: 0.03504  loss_dice_4: 0.4055  loss_ce_5: 0.01384  loss_mask_5: 0.03549  loss_dice_5: 0.5197  loss_ce_6: 0.01423  loss_mask_6: 0.03626  loss_dice_6: 0.4782  loss_ce_7: 0.01376  loss_mask_7: 0.03675  loss_dice_7: 0.4677  loss_ce_8: 0.01476  loss_mask_8: 0.03246  loss_dice_8: 0.4001    time: 0.7652  last_time: 0.8211  data_time: 0.1929  last_data_time: 0.1929   lr: 2.4264e-06  max_mem: 10275M
[03/19 17:31:19 d2.utils.events]:  eta: 0:26:24  iter: 12899  total_loss: 13.7  loss_ce: 0.3549  loss_mask: 0.03807  loss_dice: 0.9178  loss_ce_0: 0.8694  loss_mask_0: 0.1259  loss_dice_0: 1.178  loss_ce_1: 0.271  loss_mask_1: 0.03817  loss_dice_1: 0.8381  loss_ce_2: 0.3898  loss_mask_2: 0.03903  loss_dice_2: 1.058  loss_ce_3: 0.3358  loss_mask_3: 0.04122  loss_dice_3: 1.015  loss_ce_4: 0.2444  loss_mask_4: 0.0446  loss_dice_4: 1.033  loss_ce_5: 0.3068  loss_mask_5: 0.03853  loss_dice_5: 0.8714  loss_ce_6: 0.3176  loss_mask_6: 0.03708  loss_dice_6: 0.7849  loss_ce_7: 0.268  loss_mask_7: 0.03893  loss_dice_7: 0.8953  loss_ce_8: 0.2472  loss_mask_8: 0.0418  loss_dice_8: 1.02    time: 0.7652  last_time: 0.7954  data_time: 0.1619  last_data_time: 0.1619   lr: 2.3816e-06  max_mem: 10275M
[03/19 17:31:35 d2.utils.events]:  eta: 0:26:09  iter: 12919  total_loss: 8.191  loss_ce: 0.03564  loss_mask: 0.01767  loss_dice: 0.7471  loss_ce_0: 0.3765  loss_mask_0: 0.01667  loss_dice_0: 0.9335  loss_ce_1: 0.04248  loss_mask_1: 0.0178  loss_dice_1: 0.7098  loss_ce_2: 0.05462  loss_mask_2: 0.01858  loss_dice_2: 0.6408  loss_ce_3: 0.04712  loss_mask_3: 0.01699  loss_dice_3: 0.6332  loss_ce_4: 0.04013  loss_mask_4: 0.01813  loss_dice_4: 0.794  loss_ce_5: 0.03996  loss_mask_5: 0.01962  loss_dice_5: 0.658  loss_ce_6: 0.03461  loss_mask_6: 0.01581  loss_dice_6: 0.7014  loss_ce_7: 0.03349  loss_mask_7: 0.01724  loss_dice_7: 0.7426  loss_ce_8: 0.03541  loss_mask_8: 0.01916  loss_dice_8: 0.7131    time: 0.7653  last_time: 0.7748  data_time: 0.1542  last_data_time: 0.1542   lr: 2.3371e-06  max_mem: 10275M
[03/19 17:31:51 d2.utils.events]:  eta: 0:25:54  iter: 12939  total_loss: 9.791  loss_ce: 0.3175  loss_mask: 0.03753  loss_dice: 0.9506  loss_ce_0: 0.3989  loss_mask_0: 0.03536  loss_dice_0: 0.6573  loss_ce_1: 0.3345  loss_mask_1: 0.03335  loss_dice_1: 0.7495  loss_ce_2: 0.3316  loss_mask_2: 0.03164  loss_dice_2: 0.4952  loss_ce_3: 0.2663  loss_mask_3: 0.0361  loss_dice_3: 0.6554  loss_ce_4: 0.1827  loss_mask_4: 0.03422  loss_dice_4: 0.5343  loss_ce_5: 0.2835  loss_mask_5: 0.03861  loss_dice_5: 0.7437  loss_ce_6: 0.2864  loss_mask_6: 0.03272  loss_dice_6: 0.5084  loss_ce_7: 0.2767  loss_mask_7: 0.04074  loss_dice_7: 0.7404  loss_ce_8: 0.1887  loss_mask_8: 0.03485  loss_dice_8: 0.5345    time: 0.7653  last_time: 0.8038  data_time: 0.1490  last_data_time: 0.1490   lr: 2.2931e-06  max_mem: 10275M
[03/19 17:32:07 d2.utils.events]:  eta: 0:25:39  iter: 12959  total_loss: 7.994  loss_ce: 0.06322  loss_mask: 0.04968  loss_dice: 0.5774  loss_ce_0: 0.4586  loss_mask_0: 0.06468  loss_dice_0: 0.6405  loss_ce_1: 0.1412  loss_mask_1: 0.04476  loss_dice_1: 0.5334  loss_ce_2: 0.0362  loss_mask_2: 0.07171  loss_dice_2: 0.8256  loss_ce_3: 0.0913  loss_mask_3: 0.05024  loss_dice_3: 0.5714  loss_ce_4: 0.0812  loss_mask_4: 0.04284  loss_dice_4: 0.4919  loss_ce_5: 0.09391  loss_mask_5: 0.0464  loss_dice_5: 0.658  loss_ce_6: 0.0867  loss_mask_6: 0.04641  loss_dice_6: 0.6284  loss_ce_7: 0.0724  loss_mask_7: 0.04679  loss_dice_7: 0.5959  loss_ce_8: 0.2287  loss_mask_8: 0.05243  loss_dice_8: 0.6019    time: 0.7653  last_time: 0.7749  data_time: 0.1409  last_data_time: 0.1409   lr: 2.2495e-06  max_mem: 10275M
[03/19 17:32:23 d2.utils.events]:  eta: 0:25:24  iter: 12979  total_loss: 5.198  loss_ce: 0.01174  loss_mask: 0.03461  loss_dice: 0.4855  loss_ce_0: 0.5182  loss_mask_0: 0.04588  loss_dice_0: 0.4491  loss_ce_1: 0.02963  loss_mask_1: 0.03758  loss_dice_1: 0.4083  loss_ce_2: 0.04701  loss_mask_2: 0.03251  loss_dice_2: 0.4004  loss_ce_3: 0.01586  loss_mask_3: 0.03776  loss_dice_3: 0.4212  loss_ce_4: 0.01246  loss_mask_4: 0.03564  loss_dice_4: 0.4091  loss_ce_5: 0.01234  loss_mask_5: 0.03387  loss_dice_5: 0.4125  loss_ce_6: 0.01538  loss_mask_6: 0.03357  loss_dice_6: 0.3855  loss_ce_7: 0.01454  loss_mask_7: 0.03362  loss_dice_7: 0.3742  loss_ce_8: 0.01254  loss_mask_8: 0.04019  loss_dice_8: 0.3971    time: 0.7653  last_time: 0.8286  data_time: 0.1983  last_data_time: 0.1983   lr: 2.2063e-06  max_mem: 10275M
[03/19 17:32:38 d2.utils.events]:  eta: 0:25:09  iter: 12999  total_loss: 8.793  loss_ce: 0.04093  loss_mask: 0.03392  loss_dice: 0.7085  loss_ce_0: 0.5794  loss_mask_0: 0.04396  loss_dice_0: 0.8071  loss_ce_1: 0.09733  loss_mask_1: 0.02719  loss_dice_1: 0.5859  loss_ce_2: 0.04621  loss_mask_2: 0.03171  loss_dice_2: 0.6971  loss_ce_3: 0.04511  loss_mask_3: 0.04388  loss_dice_3: 0.8524  loss_ce_4: 0.05091  loss_mask_4: 0.0404  loss_dice_4: 0.7045  loss_ce_5: 0.03792  loss_mask_5: 0.04203  loss_dice_5: 0.8052  loss_ce_6: 0.03826  loss_mask_6: 0.0407  loss_dice_6: 0.7913  loss_ce_7: 0.04043  loss_mask_7: 0.03623  loss_dice_7: 0.7511  loss_ce_8: 0.04418  loss_mask_8: 0.03746  loss_dice_8: 0.6921    time: 0.7653  last_time: 0.7904  data_time: 0.1535  last_data_time: 0.1535   lr: 2.1635e-06  max_mem: 10275M
[03/19 17:32:54 d2.utils.events]:  eta: 0:24:54  iter: 13019  total_loss: 7.402  loss_ce: 0.03138  loss_mask: 0.02928  loss_dice: 0.5355  loss_ce_0: 0.5354  loss_mask_0: 0.04476  loss_dice_0: 0.8067  loss_ce_1: 0.04521  loss_mask_1: 0.04093  loss_dice_1: 0.5103  loss_ce_2: 0.02613  loss_mask_2: 0.03617  loss_dice_2: 0.6082  loss_ce_3: 0.02826  loss_mask_3: 0.03025  loss_dice_3: 0.4789  loss_ce_4: 0.02851  loss_mask_4: 0.0355  loss_dice_4: 0.6283  loss_ce_5: 0.02877  loss_mask_5: 0.02846  loss_dice_5: 0.5051  loss_ce_6: 0.02909  loss_mask_6: 0.03722  loss_dice_6: 0.7141  loss_ce_7: 0.03214  loss_mask_7: 0.04215  loss_dice_7: 0.6457  loss_ce_8: 0.03192  loss_mask_8: 0.03528  loss_dice_8: 0.7923    time: 0.7653  last_time: 0.7798  data_time: 0.1413  last_data_time: 0.1413   lr: 2.1211e-06  max_mem: 10275M
[03/19 17:33:10 d2.utils.events]:  eta: 0:24:39  iter: 13039  total_loss: 8.867  loss_ce: 0.05137  loss_mask: 0.03782  loss_dice: 0.7055  loss_ce_0: 0.5983  loss_mask_0: 0.03724  loss_dice_0: 0.8008  loss_ce_1: 0.2168  loss_mask_1: 0.04013  loss_dice_1: 0.9962  loss_ce_2: 0.1054  loss_mask_2: 0.03853  loss_dice_2: 0.6867  loss_ce_3: 0.04652  loss_mask_3: 0.03393  loss_dice_3: 0.7324  loss_ce_4: 0.04403  loss_mask_4: 0.03936  loss_dice_4: 0.7969  loss_ce_5: 0.05139  loss_mask_5: 0.02942  loss_dice_5: 0.5885  loss_ce_6: 0.05022  loss_mask_6: 0.03364  loss_dice_6: 0.6673  loss_ce_7: 0.05263  loss_mask_7: 0.03438  loss_dice_7: 0.6661  loss_ce_8: 0.0475  loss_mask_8: 0.03446  loss_dice_8: 0.6037    time: 0.7653  last_time: 0.9817  data_time: 0.3232  last_data_time: 0.3232   lr: 2.0791e-06  max_mem: 10275M
[03/19 17:33:25 d2.utils.events]:  eta: 0:24:24  iter: 13059  total_loss: 9.583  loss_ce: 0.214  loss_mask: 0.03545  loss_dice: 0.695  loss_ce_0: 0.687  loss_mask_0: 0.04412  loss_dice_0: 0.7255  loss_ce_1: 0.1006  loss_mask_1: 0.03227  loss_dice_1: 0.7728  loss_ce_2: 0.1162  loss_mask_2: 0.03719  loss_dice_2: 0.8428  loss_ce_3: 0.1001  loss_mask_3: 0.0359  loss_dice_3: 0.7383  loss_ce_4: 0.1203  loss_mask_4: 0.03672  loss_dice_4: 0.6832  loss_ce_5: 0.114  loss_mask_5: 0.03911  loss_dice_5: 0.7313  loss_ce_6: 0.1267  loss_mask_6: 0.03866  loss_dice_6: 0.7976  loss_ce_7: 0.07229  loss_mask_7: 0.0367  loss_dice_7: 0.7593  loss_ce_8: 0.06901  loss_mask_8: 0.03649  loss_dice_8: 0.744    time: 0.7653  last_time: 0.7426  data_time: 0.1153  last_data_time: 0.1153   lr: 2.0375e-06  max_mem: 10275M
[03/19 17:33:40 d2.utils.events]:  eta: 0:24:09  iter: 13079  total_loss: 4.511  loss_ce: 0.01216  loss_mask: 0.02065  loss_dice: 0.4696  loss_ce_0: 0.3311  loss_mask_0: 0.02022  loss_dice_0: 0.4002  loss_ce_1: 0.01887  loss_mask_1: 0.01832  loss_dice_1: 0.2986  loss_ce_2: 0.01329  loss_mask_2: 0.01799  loss_dice_2: 0.3035  loss_ce_3: 0.01269  loss_mask_3: 0.0259  loss_dice_3: 0.4117  loss_ce_4: 0.01211  loss_mask_4: 0.01989  loss_dice_4: 0.3178  loss_ce_5: 0.0128  loss_mask_5: 0.02296  loss_dice_5: 0.454  loss_ce_6: 0.01149  loss_mask_6: 0.02211  loss_dice_6: 0.392  loss_ce_7: 0.01259  loss_mask_7: 0.02126  loss_dice_7: 0.3951  loss_ce_8: 0.01215  loss_mask_8: 0.01978  loss_dice_8: 0.4106    time: 0.7653  last_time: 0.7547  data_time: 0.1453  last_data_time: 0.1453   lr: 1.9963e-06  max_mem: 10275M
[03/19 17:33:56 d2.utils.events]:  eta: 0:23:54  iter: 13099  total_loss: 5.822  loss_ce: 0.02562  loss_mask: 0.04702  loss_dice: 0.4114  loss_ce_0: 0.359  loss_mask_0: 0.05798  loss_dice_0: 0.4899  loss_ce_1: 0.02393  loss_mask_1: 0.03531  loss_dice_1: 0.4027  loss_ce_2: 0.03272  loss_mask_2: 0.04394  loss_dice_2: 0.4737  loss_ce_3: 0.02879  loss_mask_3: 0.03935  loss_dice_3: 0.4978  loss_ce_4: 0.02613  loss_mask_4: 0.05134  loss_dice_4: 0.4709  loss_ce_5: 0.02737  loss_mask_5: 0.04233  loss_dice_5: 0.3781  loss_ce_6: 0.02688  loss_mask_6: 0.05499  loss_dice_6: 0.5369  loss_ce_7: 0.02461  loss_mask_7: 0.04517  loss_dice_7: 0.5715  loss_ce_8: 0.02396  loss_mask_8: 0.04635  loss_dice_8: 0.5266    time: 0.7653  last_time: 0.7678  data_time: 0.1614  last_data_time: 0.1614   lr: 1.9555e-06  max_mem: 10275M
[03/19 17:34:11 d2.utils.events]:  eta: 0:23:39  iter: 13119  total_loss: 7.684  loss_ce: 0.03799  loss_mask: 0.04908  loss_dice: 0.495  loss_ce_0: 0.7207  loss_mask_0: 0.08521  loss_dice_0: 0.6287  loss_ce_1: 0.1005  loss_mask_1: 0.05757  loss_dice_1: 0.6832  loss_ce_2: 0.07061  loss_mask_2: 0.05649  loss_dice_2: 0.6248  loss_ce_3: 0.06676  loss_mask_3: 0.05553  loss_dice_3: 0.5548  loss_ce_4: 0.04476  loss_mask_4: 0.05656  loss_dice_4: 0.5831  loss_ce_5: 0.04145  loss_mask_5: 0.05541  loss_dice_5: 0.6019  loss_ce_6: 0.04159  loss_mask_6: 0.06194  loss_dice_6: 0.6264  loss_ce_7: 0.04259  loss_mask_7: 0.05667  loss_dice_7: 0.5372  loss_ce_8: 0.0401  loss_mask_8: 0.05128  loss_dice_8: 0.5559    time: 0.7653  last_time: 0.7946  data_time: 0.1615  last_data_time: 0.1615   lr: 1.9151e-06  max_mem: 10275M
[03/19 17:34:27 d2.utils.events]:  eta: 0:23:24  iter: 13139  total_loss: 7.745  loss_ce: 0.04754  loss_mask: 0.03951  loss_dice: 0.5298  loss_ce_0: 0.525  loss_mask_0: 0.0468  loss_dice_0: 0.7763  loss_ce_1: 0.2218  loss_mask_1: 0.03808  loss_dice_1: 0.5709  loss_ce_2: 0.08548  loss_mask_2: 0.04479  loss_dice_2: 0.6433  loss_ce_3: 0.05564  loss_mask_3: 0.04564  loss_dice_3: 0.609  loss_ce_4: 0.05141  loss_mask_4: 0.04262  loss_dice_4: 0.6537  loss_ce_5: 0.05007  loss_mask_5: 0.03866  loss_dice_5: 0.6091  loss_ce_6: 0.05011  loss_mask_6: 0.04244  loss_dice_6: 0.5704  loss_ce_7: 0.04979  loss_mask_7: 0.03892  loss_dice_7: 0.5922  loss_ce_8: 0.0479  loss_mask_8: 0.03559  loss_dice_8: 0.5927    time: 0.7653  last_time: 0.7988  data_time: 0.1683  last_data_time: 0.1683   lr: 1.8751e-06  max_mem: 10275M
[03/19 17:34:42 d2.utils.events]:  eta: 0:23:09  iter: 13159  total_loss: 11.23  loss_ce: 0.03175  loss_mask: 0.04172  loss_dice: 0.9172  loss_ce_0: 0.9153  loss_mask_0: 0.04797  loss_dice_0: 1.022  loss_ce_1: 0.1023  loss_mask_1: 0.03753  loss_dice_1: 0.9603  loss_ce_2: 0.2597  loss_mask_2: 0.03696  loss_dice_2: 0.9215  loss_ce_3: 0.1496  loss_mask_3: 0.04114  loss_dice_3: 1.108  loss_ce_4: 0.03562  loss_mask_4: 0.03752  loss_dice_4: 0.8599  loss_ce_5: 0.04076  loss_mask_5: 0.03259  loss_dice_5: 0.8564  loss_ce_6: 0.03771  loss_mask_6: 0.04198  loss_dice_6: 0.8806  loss_ce_7: 0.03581  loss_mask_7: 0.04119  loss_dice_7: 0.8585  loss_ce_8: 0.03453  loss_mask_8: 0.03921  loss_dice_8: 0.804    time: 0.7653  last_time: 0.7734  data_time: 0.1413  last_data_time: 0.1413   lr: 1.8355e-06  max_mem: 10275M
[03/19 17:34:58 d2.utils.events]:  eta: 0:22:54  iter: 13179  total_loss: 6.969  loss_ce: 0.01553  loss_mask: 0.06119  loss_dice: 0.5554  loss_ce_0: 0.3584  loss_mask_0: 0.07193  loss_dice_0: 0.6025  loss_ce_1: 0.01731  loss_mask_1: 0.05951  loss_dice_1: 0.5593  loss_ce_2: 0.01822  loss_mask_2: 0.05998  loss_dice_2: 0.5993  loss_ce_3: 0.01683  loss_mask_3: 0.05686  loss_dice_3: 0.5933  loss_ce_4: 0.01484  loss_mask_4: 0.063  loss_dice_4: 0.628  loss_ce_5: 0.01283  loss_mask_5: 0.06367  loss_dice_5: 0.5667  loss_ce_6: 0.01343  loss_mask_6: 0.06345  loss_dice_6: 0.5932  loss_ce_7: 0.01406  loss_mask_7: 0.05908  loss_dice_7: 0.537  loss_ce_8: 0.01506  loss_mask_8: 0.072  loss_dice_8: 0.6072    time: 0.7653  last_time: 0.9699  data_time: 0.2653  last_data_time: 0.2653   lr: 1.7963e-06  max_mem: 10275M
[03/19 17:35:14 d2.utils.events]:  eta: 0:22:39  iter: 13199  total_loss: 18  loss_ce: 0.9575  loss_mask: 0.04473  loss_dice: 0.8232  loss_ce_0: 0.7048  loss_mask_0: 0.06925  loss_dice_0: 1.125  loss_ce_1: 0.5402  loss_mask_1: 0.0514  loss_dice_1: 1.033  loss_ce_2: 0.5379  loss_mask_2: 0.06027  loss_dice_2: 1.145  loss_ce_3: 0.7747  loss_mask_3: 0.07443  loss_dice_3: 0.9066  loss_ce_4: 0.8347  loss_mask_4: 0.06711  loss_dice_4: 0.9395  loss_ce_5: 0.9857  loss_mask_5: 0.05283  loss_dice_5: 0.9245  loss_ce_6: 0.9894  loss_mask_6: 0.06291  loss_dice_6: 0.909  loss_ce_7: 0.7962  loss_mask_7: 0.04931  loss_dice_7: 1.009  loss_ce_8: 0.56  loss_mask_8: 0.05715  loss_dice_8: 0.9134    time: 0.7653  last_time: 0.9394  data_time: 0.2945  last_data_time: 0.2945   lr: 1.7575e-06  max_mem: 10275M
[03/19 17:35:29 d2.utils.events]:  eta: 0:22:23  iter: 13219  total_loss: 6.945  loss_ce: 0.03787  loss_mask: 0.03234  loss_dice: 0.5061  loss_ce_0: 0.8029  loss_mask_0: 0.03398  loss_dice_0: 0.5428  loss_ce_1: 0.06075  loss_mask_1: 0.03317  loss_dice_1: 0.5798  loss_ce_2: 0.06127  loss_mask_2: 0.03347  loss_dice_2: 0.5233  loss_ce_3: 0.04805  loss_mask_3: 0.03697  loss_dice_3: 0.6559  loss_ce_4: 0.04119  loss_mask_4: 0.02835  loss_dice_4: 0.4466  loss_ce_5: 0.03714  loss_mask_5: 0.03207  loss_dice_5: 0.5426  loss_ce_6: 0.03385  loss_mask_6: 0.03365  loss_dice_6: 0.4978  loss_ce_7: 0.03358  loss_mask_7: 0.04113  loss_dice_7: 0.5948  loss_ce_8: 0.03745  loss_mask_8: 0.03411  loss_dice_8: 0.5216    time: 0.7653  last_time: 0.7619  data_time: 0.1446  last_data_time: 0.1446   lr: 1.7191e-06  max_mem: 10275M
[03/19 17:35:44 d2.utils.events]:  eta: 0:22:08  iter: 13239  total_loss: 8.335  loss_ce: 0.02391  loss_mask: 0.04517  loss_dice: 0.5398  loss_ce_0: 0.3361  loss_mask_0: 0.0401  loss_dice_0: 0.567  loss_ce_1: 0.06458  loss_mask_1: 0.03866  loss_dice_1: 0.8085  loss_ce_2: 0.02109  loss_mask_2: 0.04693  loss_dice_2: 0.9198  loss_ce_3: 0.02643  loss_mask_3: 0.04607  loss_dice_3: 0.4893  loss_ce_4: 0.0215  loss_mask_4: 0.04648  loss_dice_4: 0.993  loss_ce_5: 0.02224  loss_mask_5: 0.0438  loss_dice_5: 0.7572  loss_ce_6: 0.02594  loss_mask_6: 0.04081  loss_dice_6: 0.7896  loss_ce_7: 0.02641  loss_mask_7: 0.03923  loss_dice_7: 0.9193  loss_ce_8: 0.02188  loss_mask_8: 0.04117  loss_dice_8: 0.5327    time: 0.7653  last_time: 0.7624  data_time: 0.1392  last_data_time: 0.1392   lr: 1.6812e-06  max_mem: 10275M
[03/19 17:36:00 d2.utils.events]:  eta: 0:21:53  iter: 13259  total_loss: 9.74  loss_ce: 0.1265  loss_mask: 0.03893  loss_dice: 0.5689  loss_ce_0: 0.365  loss_mask_0: 0.04376  loss_dice_0: 0.76  loss_ce_1: 0.1499  loss_mask_1: 0.03318  loss_dice_1: 0.7462  loss_ce_2: 0.1847  loss_mask_2: 0.04287  loss_dice_2: 0.7818  loss_ce_3: 0.1508  loss_mask_3: 0.03609  loss_dice_3: 0.5659  loss_ce_4: 0.1354  loss_mask_4: 0.03704  loss_dice_4: 0.82  loss_ce_5: 0.1194  loss_mask_5: 0.03922  loss_dice_5: 0.8866  loss_ce_6: 0.1156  loss_mask_6: 0.03441  loss_dice_6: 0.8459  loss_ce_7: 0.1227  loss_mask_7: 0.04181  loss_dice_7: 0.928  loss_ce_8: 0.1263  loss_mask_8: 0.04028  loss_dice_8: 0.8525    time: 0.7653  last_time: 0.7907  data_time: 0.1733  last_data_time: 0.1733   lr: 1.6436e-06  max_mem: 10275M
[03/19 17:36:15 d2.utils.events]:  eta: 0:21:38  iter: 13279  total_loss: 7.16  loss_ce: 0.01651  loss_mask: 0.02822  loss_dice: 0.7802  loss_ce_0: 0.4066  loss_mask_0: 0.02134  loss_dice_0: 0.587  loss_ce_1: 0.02101  loss_mask_1: 0.02604  loss_dice_1: 0.5113  loss_ce_2: 0.01578  loss_mask_2: 0.03764  loss_dice_2: 0.7256  loss_ce_3: 0.02032  loss_mask_3: 0.02188  loss_dice_3: 0.588  loss_ce_4: 0.01566  loss_mask_4: 0.03206  loss_dice_4: 0.5785  loss_ce_5: 0.01671  loss_mask_5: 0.02874  loss_dice_5: 0.6225  loss_ce_6: 0.01508  loss_mask_6: 0.02844  loss_dice_6: 0.6438  loss_ce_7: 0.01543  loss_mask_7: 0.02758  loss_dice_7: 0.5989  loss_ce_8: 0.01609  loss_mask_8: 0.02775  loss_dice_8: 0.6856    time: 0.7653  last_time: 0.8720  data_time: 0.2681  last_data_time: 0.2681   lr: 1.6065e-06  max_mem: 10275M
[03/19 17:36:31 d2.utils.events]:  eta: 0:21:24  iter: 13299  total_loss: 4.226  loss_ce: 0.04599  loss_mask: 0.02488  loss_dice: 0.357  loss_ce_0: 0.3181  loss_mask_0: 0.0238  loss_dice_0: 0.3146  loss_ce_1: 0.05315  loss_mask_1: 0.0235  loss_dice_1: 0.3454  loss_ce_2: 0.03936  loss_mask_2: 0.02297  loss_dice_2: 0.2953  loss_ce_3: 0.04584  loss_mask_3: 0.02451  loss_dice_3: 0.325  loss_ce_4: 0.0443  loss_mask_4: 0.01901  loss_dice_4: 0.3659  loss_ce_5: 0.04175  loss_mask_5: 0.02366  loss_dice_5: 0.3304  loss_ce_6: 0.04358  loss_mask_6: 0.02085  loss_dice_6: 0.2977  loss_ce_7: 0.04488  loss_mask_7: 0.02611  loss_dice_7: 0.3529  loss_ce_8: 0.04458  loss_mask_8: 0.02344  loss_dice_8: 0.2877    time: 0.7653  last_time: 0.7662  data_time: 0.1431  last_data_time: 0.1431   lr: 1.5698e-06  max_mem: 10275M
[03/19 17:36:47 d2.utils.events]:  eta: 0:21:09  iter: 13319  total_loss: 9.469  loss_ce: 0.2483  loss_mask: 0.0367  loss_dice: 0.5869  loss_ce_0: 0.4982  loss_mask_0: 0.04406  loss_dice_0: 0.8402  loss_ce_1: 0.1755  loss_mask_1: 0.03688  loss_dice_1: 0.6768  loss_ce_2: 0.1865  loss_mask_2: 0.03409  loss_dice_2: 0.5195  loss_ce_3: 0.2609  loss_mask_3: 0.0425  loss_dice_3: 0.6641  loss_ce_4: 0.2519  loss_mask_4: 0.04205  loss_dice_4: 0.6315  loss_ce_5: 0.2777  loss_mask_5: 0.03832  loss_dice_5: 0.608  loss_ce_6: 0.2603  loss_mask_6: 0.03665  loss_dice_6: 0.5977  loss_ce_7: 0.2567  loss_mask_7: 0.03707  loss_dice_7: 0.6623  loss_ce_8: 0.2467  loss_mask_8: 0.03883  loss_dice_8: 0.6316    time: 0.7653  last_time: 0.8155  data_time: 0.1909  last_data_time: 0.1909   lr: 1.5335e-06  max_mem: 10275M
[03/19 17:37:03 d2.utils.events]:  eta: 0:20:54  iter: 13339  total_loss: 17.3  loss_ce: 0.5708  loss_mask: 0.06124  loss_dice: 1.159  loss_ce_0: 0.8499  loss_mask_0: 0.07232  loss_dice_0: 1.014  loss_ce_1: 0.5377  loss_mask_1: 0.06291  loss_dice_1: 1.143  loss_ce_2: 0.7078  loss_mask_2: 0.0819  loss_dice_2: 0.8926  loss_ce_3: 0.3341  loss_mask_3: 0.07086  loss_dice_3: 1.439  loss_ce_4: 0.4392  loss_mask_4: 0.07454  loss_dice_4: 1.363  loss_ce_5: 0.5377  loss_mask_5: 0.06477  loss_dice_5: 1.172  loss_ce_6: 0.3904  loss_mask_6: 0.06904  loss_dice_6: 1.28  loss_ce_7: 0.4318  loss_mask_7: 0.05782  loss_dice_7: 1.036  loss_ce_8: 0.4778  loss_mask_8: 0.06199  loss_dice_8: 0.8435    time: 0.7653  last_time: 0.7275  data_time: 0.0842  last_data_time: 0.0842   lr: 1.4976e-06  max_mem: 10275M
[03/19 17:37:18 d2.utils.events]:  eta: 0:20:39  iter: 13359  total_loss: 4.943  loss_ce: 0.06191  loss_mask: 0.04249  loss_dice: 0.3618  loss_ce_0: 0.294  loss_mask_0: 0.04829  loss_dice_0: 0.3564  loss_ce_1: 0.08387  loss_mask_1: 0.04863  loss_dice_1: 0.3717  loss_ce_2: 0.1001  loss_mask_2: 0.03978  loss_dice_2: 0.3791  loss_ce_3: 0.0688  loss_mask_3: 0.04391  loss_dice_3: 0.3673  loss_ce_4: 0.06404  loss_mask_4: 0.04519  loss_dice_4: 0.3478  loss_ce_5: 0.06208  loss_mask_5: 0.04079  loss_dice_5: 0.3273  loss_ce_6: 0.0672  loss_mask_6: 0.04409  loss_dice_6: 0.3479  loss_ce_7: 0.06613  loss_mask_7: 0.04025  loss_dice_7: 0.3502  loss_ce_8: 0.06201  loss_mask_8: 0.04645  loss_dice_8: 0.3634    time: 0.7653  last_time: 1.1099  data_time: 0.4780  last_data_time: 0.4780   lr: 1.4621e-06  max_mem: 10275M
[03/19 17:37:34 d2.utils.events]:  eta: 0:20:24  iter: 13379  total_loss: 15.32  loss_ce: 0.278  loss_mask: 0.07586  loss_dice: 1.05  loss_ce_0: 0.4652  loss_mask_0: 0.09344  loss_dice_0: 1.007  loss_ce_1: 0.2763  loss_mask_1: 0.1204  loss_dice_1: 1.285  loss_ce_2: 0.3253  loss_mask_2: 0.09679  loss_dice_2: 1.142  loss_ce_3: 0.2508  loss_mask_3: 0.0891  loss_dice_3: 1.225  loss_ce_4: 0.2653  loss_mask_4: 0.1049  loss_dice_4: 1.231  loss_ce_5: 0.2393  loss_mask_5: 0.0743  loss_dice_5: 1.048  loss_ce_6: 0.1847  loss_mask_6: 0.1054  loss_dice_6: 1.213  loss_ce_7: 0.2255  loss_mask_7: 0.1093  loss_dice_7: 1.202  loss_ce_8: 0.2401  loss_mask_8: 0.08821  loss_dice_8: 1.211    time: 0.7653  last_time: 0.7127  data_time: 0.0952  last_data_time: 0.0952   lr: 1.427e-06  max_mem: 10275M
[03/19 17:37:50 d2.utils.events]:  eta: 0:20:09  iter: 13399  total_loss: 8.662  loss_ce: 0.1248  loss_mask: 0.03543  loss_dice: 0.5429  loss_ce_0: 0.4571  loss_mask_0: 0.04807  loss_dice_0: 0.8423  loss_ce_1: 0.1965  loss_mask_1: 0.03269  loss_dice_1: 0.5717  loss_ce_2: 0.1701  loss_mask_2: 0.02954  loss_dice_2: 0.4969  loss_ce_3: 0.1753  loss_mask_3: 0.02929  loss_dice_3: 0.7183  loss_ce_4: 0.1595  loss_mask_4: 0.03694  loss_dice_4: 0.7279  loss_ce_5: 0.3057  loss_mask_5: 0.02828  loss_dice_5: 0.7764  loss_ce_6: 0.1357  loss_mask_6: 0.03427  loss_dice_6: 0.6541  loss_ce_7: 0.1222  loss_mask_7: 0.03014  loss_dice_7: 0.4862  loss_ce_8: 0.116  loss_mask_8: 0.03243  loss_dice_8: 0.5456    time: 0.7654  last_time: 0.7763  data_time: 0.1475  last_data_time: 0.1475   lr: 1.3923e-06  max_mem: 10275M
[03/19 17:38:06 d2.utils.events]:  eta: 0:19:55  iter: 13419  total_loss: 8.723  loss_ce: 0.1904  loss_mask: 0.03446  loss_dice: 0.5324  loss_ce_0: 0.3883  loss_mask_0: 0.03206  loss_dice_0: 0.6834  loss_ce_1: 0.1626  loss_mask_1: 0.02926  loss_dice_1: 0.4868  loss_ce_2: 0.1988  loss_mask_2: 0.03854  loss_dice_2: 0.7955  loss_ce_3: 0.2011  loss_mask_3: 0.03984  loss_dice_3: 0.6914  loss_ce_4: 0.1917  loss_mask_4: 0.03768  loss_dice_4: 0.5255  loss_ce_5: 0.1782  loss_mask_5: 0.04574  loss_dice_5: 0.834  loss_ce_6: 0.1807  loss_mask_6: 0.04159  loss_dice_6: 0.5654  loss_ce_7: 0.1879  loss_mask_7: 0.03308  loss_dice_7: 0.4582  loss_ce_8: 0.1834  loss_mask_8: 0.0343  loss_dice_8: 0.7203    time: 0.7654  last_time: 0.8829  data_time: 0.2585  last_data_time: 0.2585   lr: 1.3581e-06  max_mem: 10275M
[03/19 17:38:21 d2.utils.events]:  eta: 0:19:40  iter: 13439  total_loss: 6.164  loss_ce: 0.07368  loss_mask: 0.04828  loss_dice: 0.4354  loss_ce_0: 0.6977  loss_mask_0: 0.06963  loss_dice_0: 0.5173  loss_ce_1: 0.07666  loss_mask_1: 0.05156  loss_dice_1: 0.443  loss_ce_2: 0.1443  loss_mask_2: 0.05679  loss_dice_2: 0.4348  loss_ce_3: 0.06369  loss_mask_3: 0.04677  loss_dice_3: 0.3856  loss_ce_4: 0.04728  loss_mask_4: 0.04317  loss_dice_4: 0.3956  loss_ce_5: 0.05736  loss_mask_5: 0.04823  loss_dice_5: 0.4226  loss_ce_6: 0.06326  loss_mask_6: 0.0479  loss_dice_6: 0.4027  loss_ce_7: 0.06086  loss_mask_7: 0.05067  loss_dice_7: 0.4412  loss_ce_8: 0.06823  loss_mask_8: 0.0462  loss_dice_8: 0.4236    time: 0.7654  last_time: 0.8307  data_time: 0.1989  last_data_time: 0.1989   lr: 1.3242e-06  max_mem: 10275M
[03/19 17:38:37 d2.utils.events]:  eta: 0:19:25  iter: 13459  total_loss: 9.076  loss_ce: 0.06663  loss_mask: 0.04193  loss_dice: 0.731  loss_ce_0: 0.5008  loss_mask_0: 0.05755  loss_dice_0: 0.9121  loss_ce_1: 0.1291  loss_mask_1: 0.04523  loss_dice_1: 0.8119  loss_ce_2: 0.04574  loss_mask_2: 0.04717  loss_dice_2: 0.8295  loss_ce_3: 0.02902  loss_mask_3: 0.04413  loss_dice_3: 0.7039  loss_ce_4: 0.02845  loss_mask_4: 0.04258  loss_dice_4: 0.7264  loss_ce_5: 0.04745  loss_mask_5: 0.04158  loss_dice_5: 0.7321  loss_ce_6: 0.04496  loss_mask_6: 0.04743  loss_dice_6: 0.7734  loss_ce_7: 0.05439  loss_mask_7: 0.04086  loss_dice_7: 0.6653  loss_ce_8: 0.06705  loss_mask_8: 0.04571  loss_dice_8: 0.7226    time: 0.7654  last_time: 0.7694  data_time: 0.1315  last_data_time: 0.1315   lr: 1.2908e-06  max_mem: 10275M
[03/19 17:38:52 d2.utils.events]:  eta: 0:19:10  iter: 13479  total_loss: 9.29  loss_ce: 0.0816  loss_mask: 0.05409  loss_dice: 0.7881  loss_ce_0: 0.3892  loss_mask_0: 0.05433  loss_dice_0: 0.79  loss_ce_1: 0.071  loss_mask_1: 0.04922  loss_dice_1: 0.757  loss_ce_2: 0.06835  loss_mask_2: 0.04902  loss_dice_2: 0.8057  loss_ce_3: 0.07445  loss_mask_3: 0.05035  loss_dice_3: 0.7284  loss_ce_4: 0.07801  loss_mask_4: 0.05107  loss_dice_4: 0.7751  loss_ce_5: 0.07555  loss_mask_5: 0.05626  loss_dice_5: 0.804  loss_ce_6: 0.07744  loss_mask_6: 0.05379  loss_dice_6: 0.7564  loss_ce_7: 0.07202  loss_mask_7: 0.0558  loss_dice_7: 0.7268  loss_ce_8: 0.0752  loss_mask_8: 0.05608  loss_dice_8: 0.7659    time: 0.7654  last_time: 0.6961  data_time: 0.0682  last_data_time: 0.0682   lr: 1.2578e-06  max_mem: 10275M
[03/19 17:39:08 d2.utils.events]:  eta: 0:18:55  iter: 13499  total_loss: 6.867  loss_ce: 0.008889  loss_mask: 0.05813  loss_dice: 0.6196  loss_ce_0: 0.336  loss_mask_0: 0.061  loss_dice_0: 0.5566  loss_ce_1: 0.01427  loss_mask_1: 0.05312  loss_dice_1: 0.5643  loss_ce_2: 0.04723  loss_mask_2: 0.05514  loss_dice_2: 0.5497  loss_ce_3: 0.01098  loss_mask_3: 0.06549  loss_dice_3: 0.5824  loss_ce_4: 0.01016  loss_mask_4: 0.05586  loss_dice_4: 0.6326  loss_ce_5: 0.008352  loss_mask_5: 0.05493  loss_dice_5: 0.5592  loss_ce_6: 0.008312  loss_mask_6: 0.06122  loss_dice_6: 0.5958  loss_ce_7: 0.008117  loss_mask_7: 0.05392  loss_dice_7: 0.516  loss_ce_8: 0.008234  loss_mask_8: 0.06507  loss_dice_8: 0.6465    time: 0.7654  last_time: 0.8059  data_time: 0.1796  last_data_time: 0.1796   lr: 1.2252e-06  max_mem: 10275M
[03/19 17:39:23 d2.utils.events]:  eta: 0:18:40  iter: 13519  total_loss: 6.058  loss_ce: 0.04697  loss_mask: 0.03289  loss_dice: 0.4456  loss_ce_0: 0.3462  loss_mask_0: 0.04265  loss_dice_0: 0.491  loss_ce_1: 0.03901  loss_mask_1: 0.03139  loss_dice_1: 0.5645  loss_ce_2: 0.03921  loss_mask_2: 0.03845  loss_dice_2: 0.4998  loss_ce_3: 0.0581  loss_mask_3: 0.03129  loss_dice_3: 0.4524  loss_ce_4: 0.04156  loss_mask_4: 0.03118  loss_dice_4: 0.4941  loss_ce_5: 0.03961  loss_mask_5: 0.03432  loss_dice_5: 0.4917  loss_ce_6: 0.03763  loss_mask_6: 0.03675  loss_dice_6: 0.5703  loss_ce_7: 0.03988  loss_mask_7: 0.04019  loss_dice_7: 0.4613  loss_ce_8: 0.0418  loss_mask_8: 0.03329  loss_dice_8: 0.5048    time: 0.7654  last_time: 0.7667  data_time: 0.1531  last_data_time: 0.1531   lr: 1.193e-06  max_mem: 10275M
[03/19 17:39:39 d2.utils.events]:  eta: 0:18:25  iter: 13539  total_loss: 6.042  loss_ce: 0.006984  loss_mask: 0.04732  loss_dice: 0.4605  loss_ce_0: 0.4833  loss_mask_0: 0.05169  loss_dice_0: 0.4689  loss_ce_1: 0.01363  loss_mask_1: 0.04902  loss_dice_1: 0.483  loss_ce_2: 0.01027  loss_mask_2: 0.04074  loss_dice_2: 0.5277  loss_ce_3: 0.007313  loss_mask_3: 0.04134  loss_dice_3: 0.5523  loss_ce_4: 0.007632  loss_mask_4: 0.04563  loss_dice_4: 0.5251  loss_ce_5: 0.007353  loss_mask_5: 0.03881  loss_dice_5: 0.464  loss_ce_6: 0.00692  loss_mask_6: 0.04261  loss_dice_6: 0.523  loss_ce_7: 0.006902  loss_mask_7: 0.04511  loss_dice_7: 0.5025  loss_ce_8: 0.006675  loss_mask_8: 0.04732  loss_dice_8: 0.5282    time: 0.7654  last_time: 0.7252  data_time: 0.1036  last_data_time: 0.1036   lr: 1.1613e-06  max_mem: 10275M
[03/19 17:39:54 d2.utils.events]:  eta: 0:18:09  iter: 13559  total_loss: 4.835  loss_ce: 0.02344  loss_mask: 0.05489  loss_dice: 0.3813  loss_ce_0: 0.3312  loss_mask_0: 0.06471  loss_dice_0: 0.3174  loss_ce_1: 0.02871  loss_mask_1: 0.05947  loss_dice_1: 0.3429  loss_ce_2: 0.03323  loss_mask_2: 0.05779  loss_dice_2: 0.3956  loss_ce_3: 0.03614  loss_mask_3: 0.05513  loss_dice_3: 0.4057  loss_ce_4: 0.02936  loss_mask_4: 0.04959  loss_dice_4: 0.3606  loss_ce_5: 0.02632  loss_mask_5: 0.05178  loss_dice_5: 0.3217  loss_ce_6: 0.02744  loss_mask_6: 0.06432  loss_dice_6: 0.3911  loss_ce_7: 0.02319  loss_mask_7: 0.04601  loss_dice_7: 0.3889  loss_ce_8: 0.02304  loss_mask_8: 0.05863  loss_dice_8: 0.3859    time: 0.7654  last_time: 0.7646  data_time: 0.1451  last_data_time: 0.1451   lr: 1.1299e-06  max_mem: 10275M
[03/19 17:40:09 d2.utils.events]:  eta: 0:17:55  iter: 13579  total_loss: 8.788  loss_ce: 0.03393  loss_mask: 0.03651  loss_dice: 0.7593  loss_ce_0: 0.5099  loss_mask_0: 0.03987  loss_dice_0: 0.9376  loss_ce_1: 0.04848  loss_mask_1: 0.03355  loss_dice_1: 0.7441  loss_ce_2: 0.1084  loss_mask_2: 0.04087  loss_dice_2: 0.7831  loss_ce_3: 0.06324  loss_mask_3: 0.03363  loss_dice_3: 0.7165  loss_ce_4: 0.04376  loss_mask_4: 0.03242  loss_dice_4: 0.7172  loss_ce_5: 0.03393  loss_mask_5: 0.04451  loss_dice_5: 0.7207  loss_ce_6: 0.03077  loss_mask_6: 0.03124  loss_dice_6: 0.6059  loss_ce_7: 0.03002  loss_mask_7: 0.04277  loss_dice_7: 0.7169  loss_ce_8: 0.03088  loss_mask_8: 0.03376  loss_dice_8: 0.7846    time: 0.7654  last_time: 0.7748  data_time: 0.1563  last_data_time: 0.1563   lr: 1.099e-06  max_mem: 10275M
[03/19 17:40:25 d2.utils.events]:  eta: 0:17:39  iter: 13599  total_loss: 5.719  loss_ce: 0.01379  loss_mask: 0.03628  loss_dice: 0.441  loss_ce_0: 0.3621  loss_mask_0: 0.04147  loss_dice_0: 0.519  loss_ce_1: 0.01775  loss_mask_1: 0.03836  loss_dice_1: 0.4747  loss_ce_2: 0.01424  loss_mask_2: 0.03895  loss_dice_2: 0.4969  loss_ce_3: 0.01416  loss_mask_3: 0.03755  loss_dice_3: 0.4842  loss_ce_4: 0.01598  loss_mask_4: 0.0384  loss_dice_4: 0.4766  loss_ce_5: 0.01989  loss_mask_5: 0.03972  loss_dice_5: 0.4764  loss_ce_6: 0.01592  loss_mask_6: 0.04169  loss_dice_6: 0.5142  loss_ce_7: 0.01443  loss_mask_7: 0.03529  loss_dice_7: 0.4428  loss_ce_8: 0.01403  loss_mask_8: 0.03792  loss_dice_8: 0.5051    time: 0.7654  last_time: 0.7420  data_time: 0.1207  last_data_time: 0.1207   lr: 1.0685e-06  max_mem: 10275M
[03/19 17:40:41 d2.utils.events]:  eta: 0:17:24  iter: 13619  total_loss: 10.75  loss_ce: 0.1125  loss_mask: 0.04268  loss_dice: 0.7462  loss_ce_0: 0.7586  loss_mask_0: 0.0876  loss_dice_0: 1.08  loss_ce_1: 0.0838  loss_mask_1: 0.05689  loss_dice_1: 0.8188  loss_ce_2: 0.2088  loss_mask_2: 0.04521  loss_dice_2: 0.8207  loss_ce_3: 0.1338  loss_mask_3: 0.04631  loss_dice_3: 0.806  loss_ce_4: 0.1129  loss_mask_4: 0.04279  loss_dice_4: 0.8156  loss_ce_5: 0.08022  loss_mask_5: 0.04123  loss_dice_5: 0.7217  loss_ce_6: 0.1003  loss_mask_6: 0.0438  loss_dice_6: 0.7262  loss_ce_7: 0.1181  loss_mask_7: 0.05154  loss_dice_7: 1.091  loss_ce_8: 0.1118  loss_mask_8: 0.04572  loss_dice_8: 0.8042    time: 0.7654  last_time: 0.8492  data_time: 0.2091  last_data_time: 0.2091   lr: 1.0384e-06  max_mem: 10275M
[03/19 17:40:56 d2.utils.events]:  eta: 0:17:09  iter: 13639  total_loss: 7.545  loss_ce: 0.04103  loss_mask: 0.04275  loss_dice: 0.4927  loss_ce_0: 0.4778  loss_mask_0: 0.05077  loss_dice_0: 0.8209  loss_ce_1: 0.1981  loss_mask_1: 0.03781  loss_dice_1: 0.4819  loss_ce_2: 0.04706  loss_mask_2: 0.03703  loss_dice_2: 0.6304  loss_ce_3: 0.04708  loss_mask_3: 0.04095  loss_dice_3: 0.5567  loss_ce_4: 0.04655  loss_mask_4: 0.03814  loss_dice_4: 0.7216  loss_ce_5: 0.03914  loss_mask_5: 0.04106  loss_dice_5: 0.7472  loss_ce_6: 0.04053  loss_mask_6: 0.03561  loss_dice_6: 0.5287  loss_ce_7: 0.2297  loss_mask_7: 0.04066  loss_dice_7: 0.4323  loss_ce_8: 0.04804  loss_mask_8: 0.03572  loss_dice_8: 0.5176    time: 0.7654  last_time: 0.7584  data_time: 0.1258  last_data_time: 0.1258   lr: 1.0088e-06  max_mem: 10275M
[03/19 17:41:12 d2.utils.events]:  eta: 0:16:54  iter: 13659  total_loss: 6.95  loss_ce: 0.08938  loss_mask: 0.03581  loss_dice: 0.4732  loss_ce_0: 0.6135  loss_mask_0: 0.04659  loss_dice_0: 0.6958  loss_ce_1: 0.2144  loss_mask_1: 0.03416  loss_dice_1: 0.4838  loss_ce_2: 0.1746  loss_mask_2: 0.03484  loss_dice_2: 0.4098  loss_ce_3: 0.1018  loss_mask_3: 0.03407  loss_dice_3: 0.3984  loss_ce_4: 0.1094  loss_mask_4: 0.03528  loss_dice_4: 0.5202  loss_ce_5: 0.09583  loss_mask_5: 0.03849  loss_dice_5: 0.4495  loss_ce_6: 0.08876  loss_mask_6: 0.03231  loss_dice_6: 0.4808  loss_ce_7: 0.09079  loss_mask_7: 0.03762  loss_dice_7: 0.6095  loss_ce_8: 0.08602  loss_mask_8: 0.03453  loss_dice_8: 0.4002    time: 0.7654  last_time: 0.7956  data_time: 0.1640  last_data_time: 0.1640   lr: 9.7955e-07  max_mem: 10275M
[03/19 17:41:27 d2.utils.events]:  eta: 0:16:39  iter: 13679  total_loss: 5.587  loss_ce: 0.01747  loss_mask: 0.03808  loss_dice: 0.4573  loss_ce_0: 0.4023  loss_mask_0: 0.03445  loss_dice_0: 0.4369  loss_ce_1: 0.03226  loss_mask_1: 0.03687  loss_dice_1: 0.4348  loss_ce_2: 0.01617  loss_mask_2: 0.04052  loss_dice_2: 0.4598  loss_ce_3: 0.01689  loss_mask_3: 0.0394  loss_dice_3: 0.4661  loss_ce_4: 0.01567  loss_mask_4: 0.04236  loss_dice_4: 0.4687  loss_ce_5: 0.01546  loss_mask_5: 0.03926  loss_dice_5: 0.4531  loss_ce_6: 0.01605  loss_mask_6: 0.04206  loss_dice_6: 0.4575  loss_ce_7: 0.01852  loss_mask_7: 0.03991  loss_dice_7: 0.5066  loss_ce_8: 0.01728  loss_mask_8: 0.04015  loss_dice_8: 0.4855    time: 0.7653  last_time: 0.7801  data_time: 0.1608  last_data_time: 0.1608   lr: 9.5074e-07  max_mem: 10275M
[03/19 17:41:42 d2.utils.events]:  eta: 0:16:23  iter: 13699  total_loss: 7.254  loss_ce: 0.02574  loss_mask: 0.05309  loss_dice: 0.6351  loss_ce_0: 0.312  loss_mask_0: 0.05842  loss_dice_0: 0.5641  loss_ce_1: 0.0508  loss_mask_1: 0.0539  loss_dice_1: 0.6072  loss_ce_2: 0.05262  loss_mask_2: 0.04976  loss_dice_2: 0.6582  loss_ce_3: 0.03011  loss_mask_3: 0.04751  loss_dice_3: 0.5865  loss_ce_4: 0.02784  loss_mask_4: 0.04128  loss_dice_4: 0.545  loss_ce_5: 0.03117  loss_mask_5: 0.04534  loss_dice_5: 0.6347  loss_ce_6: 0.02869  loss_mask_6: 0.05007  loss_dice_6: 0.6796  loss_ce_7: 0.02787  loss_mask_7: 0.04972  loss_dice_7: 0.6221  loss_ce_8: 0.02473  loss_mask_8: 0.05089  loss_dice_8: 0.6103    time: 0.7653  last_time: 0.7724  data_time: 0.1544  last_data_time: 0.1544   lr: 9.2234e-07  max_mem: 10275M
[03/19 17:41:58 d2.utils.events]:  eta: 0:16:08  iter: 13719  total_loss: 6.043  loss_ce: 0.0267  loss_mask: 0.05043  loss_dice: 0.4762  loss_ce_0: 0.3883  loss_mask_0: 0.06731  loss_dice_0: 0.6373  loss_ce_1: 0.02521  loss_mask_1: 0.04815  loss_dice_1: 0.4593  loss_ce_2: 0.0245  loss_mask_2: 0.04934  loss_dice_2: 0.5407  loss_ce_3: 0.01689  loss_mask_3: 0.05354  loss_dice_3: 0.4263  loss_ce_4: 0.01249  loss_mask_4: 0.05328  loss_dice_4: 0.5283  loss_ce_5: 0.01986  loss_mask_5: 0.04991  loss_dice_5: 0.4478  loss_ce_6: 0.02467  loss_mask_6: 0.04431  loss_dice_6: 0.4587  loss_ce_7: 0.02364  loss_mask_7: 0.04839  loss_dice_7: 0.4357  loss_ce_8: 0.02609  loss_mask_8: 0.05142  loss_dice_8: 0.5284    time: 0.7653  last_time: 0.7709  data_time: 0.1292  last_data_time: 0.1292   lr: 8.9437e-07  max_mem: 10275M
[03/19 17:42:13 d2.utils.events]:  eta: 0:15:52  iter: 13739  total_loss: 5.61  loss_ce: 0.01316  loss_mask: 0.03551  loss_dice: 0.4239  loss_ce_0: 0.4931  loss_mask_0: 0.06654  loss_dice_0: 0.5652  loss_ce_1: 0.1062  loss_mask_1: 0.0311  loss_dice_1: 0.4754  loss_ce_2: 0.02562  loss_mask_2: 0.03351  loss_dice_2: 0.4303  loss_ce_3: 0.01988  loss_mask_3: 0.03123  loss_dice_3: 0.4285  loss_ce_4: 0.01892  loss_mask_4: 0.02997  loss_dice_4: 0.4004  loss_ce_5: 0.01676  loss_mask_5: 0.03108  loss_dice_5: 0.4169  loss_ce_6: 0.01323  loss_mask_6: 0.03277  loss_dice_6: 0.4494  loss_ce_7: 0.01478  loss_mask_7: 0.03333  loss_dice_7: 0.4567  loss_ce_8: 0.01294  loss_mask_8: 0.03162  loss_dice_8: 0.4718    time: 0.7653  last_time: 0.7302  data_time: 0.1087  last_data_time: 0.1087   lr: 8.6683e-07  max_mem: 10275M
[03/19 17:42:28 d2.utils.events]:  eta: 0:15:36  iter: 13759  total_loss: 7.571  loss_ce: 0.03533  loss_mask: 0.03795  loss_dice: 0.5073  loss_ce_0: 0.6918  loss_mask_0: 0.05389  loss_dice_0: 0.908  loss_ce_1: 0.03271  loss_mask_1: 0.03554  loss_dice_1: 0.5728  loss_ce_2: 0.0607  loss_mask_2: 0.03311  loss_dice_2: 0.5907  loss_ce_3: 0.0473  loss_mask_3: 0.03913  loss_dice_3: 0.6415  loss_ce_4: 0.03797  loss_mask_4: 0.03479  loss_dice_4: 0.5372  loss_ce_5: 0.03341  loss_mask_5: 0.03578  loss_dice_5: 0.6471  loss_ce_6: 0.02969  loss_mask_6: 0.03571  loss_dice_6: 0.5996  loss_ce_7: 0.03294  loss_mask_7: 0.03564  loss_dice_7: 0.5618  loss_ce_8: 0.03079  loss_mask_8: 0.03824  loss_dice_8: 0.5926    time: 0.7653  last_time: 1.1131  data_time: 0.2113  last_data_time: 0.2113   lr: 8.397e-07  max_mem: 10275M
[03/19 17:42:44 d2.utils.events]:  eta: 0:15:21  iter: 13779  total_loss: 6.493  loss_ce: 0.0317  loss_mask: 0.04517  loss_dice: 0.5149  loss_ce_0: 0.4425  loss_mask_0: 0.03922  loss_dice_0: 0.5976  loss_ce_1: 0.08083  loss_mask_1: 0.03638  loss_dice_1: 0.5811  loss_ce_2: 0.04891  loss_mask_2: 0.0342  loss_dice_2: 0.5256  loss_ce_3: 0.03126  loss_mask_3: 0.0419  loss_dice_3: 0.5252  loss_ce_4: 0.03383  loss_mask_4: 0.03494  loss_dice_4: 0.4813  loss_ce_5: 0.03423  loss_mask_5: 0.03822  loss_dice_5: 0.5504  loss_ce_6: 0.03078  loss_mask_6: 0.04059  loss_dice_6: 0.527  loss_ce_7: 0.03196  loss_mask_7: 0.04156  loss_dice_7: 0.5353  loss_ce_8: 0.03162  loss_mask_8: 0.04055  loss_dice_8: 0.4644    time: 0.7653  last_time: 0.7782  data_time: 0.1452  last_data_time: 0.1452   lr: 8.13e-07  max_mem: 10275M
[03/19 17:43:00 d2.utils.events]:  eta: 0:15:06  iter: 13799  total_loss: 10.69  loss_ce: 0.03474  loss_mask: 0.05868  loss_dice: 0.9057  loss_ce_0: 0.5746  loss_mask_0: 0.09327  loss_dice_0: 1.143  loss_ce_1: 0.2627  loss_mask_1: 0.07499  loss_dice_1: 0.947  loss_ce_2: 0.06577  loss_mask_2: 0.06204  loss_dice_2: 0.8168  loss_ce_3: 0.06026  loss_mask_3: 0.06182  loss_dice_3: 0.7864  loss_ce_4: 0.03649  loss_mask_4: 0.06301  loss_dice_4: 0.8135  loss_ce_5: 0.04093  loss_mask_5: 0.06638  loss_dice_5: 0.8416  loss_ce_6: 0.03431  loss_mask_6: 0.06227  loss_dice_6: 0.8801  loss_ce_7: 0.02989  loss_mask_7: 0.06266  loss_dice_7: 0.7886  loss_ce_8: 0.03349  loss_mask_8: 0.0681  loss_dice_8: 0.9228    time: 0.7653  last_time: 0.7729  data_time: 0.1375  last_data_time: 0.1375   lr: 7.8672e-07  max_mem: 10275M
[03/19 17:43:15 d2.utils.events]:  eta: 0:14:51  iter: 13819  total_loss: 8.288  loss_ce: 0.0718  loss_mask: 0.0369  loss_dice: 0.6366  loss_ce_0: 0.4415  loss_mask_0: 0.03736  loss_dice_0: 0.5855  loss_ce_1: 0.06752  loss_mask_1: 0.03207  loss_dice_1: 0.5008  loss_ce_2: 0.06102  loss_mask_2: 0.03502  loss_dice_2: 0.638  loss_ce_3: 0.0753  loss_mask_3: 0.0438  loss_dice_3: 0.7328  loss_ce_4: 0.06178  loss_mask_4: 0.03508  loss_dice_4: 0.7417  loss_ce_5: 0.06608  loss_mask_5: 0.03306  loss_dice_5: 0.5498  loss_ce_6: 0.261  loss_mask_6: 0.0375  loss_dice_6: 0.9543  loss_ce_7: 0.06487  loss_mask_7: 0.04165  loss_dice_7: 0.6415  loss_ce_8: 0.0652  loss_mask_8: 0.03666  loss_dice_8: 0.7017    time: 0.7653  last_time: 0.7874  data_time: 0.1612  last_data_time: 0.1612   lr: 7.6087e-07  max_mem: 10275M
[03/19 17:43:31 d2.utils.events]:  eta: 0:14:36  iter: 13839  total_loss: 9.943  loss_ce: 0.08648  loss_mask: 0.03805  loss_dice: 0.741  loss_ce_0: 0.5008  loss_mask_0: 0.05185  loss_dice_0: 1.022  loss_ce_1: 0.08579  loss_mask_1: 0.03765  loss_dice_1: 0.7958  loss_ce_2: 0.07718  loss_mask_2: 0.0394  loss_dice_2: 0.9321  loss_ce_3: 0.08906  loss_mask_3: 0.04208  loss_dice_3: 0.7944  loss_ce_4: 0.08007  loss_mask_4: 0.0377  loss_dice_4: 0.7095  loss_ce_5: 0.08601  loss_mask_5: 0.03822  loss_dice_5: 0.8021  loss_ce_6: 0.08352  loss_mask_6: 0.04948  loss_dice_6: 0.9234  loss_ce_7: 0.08268  loss_mask_7: 0.04422  loss_dice_7: 0.8382  loss_ce_8: 0.08433  loss_mask_8: 0.03555  loss_dice_8: 0.7146    time: 0.7653  last_time: 0.8950  data_time: 0.2809  last_data_time: 0.2809   lr: 7.3545e-07  max_mem: 10275M
[03/19 17:43:46 d2.utils.events]:  eta: 0:14:20  iter: 13859  total_loss: 6.802  loss_ce: 0.0525  loss_mask: 0.03807  loss_dice: 0.4949  loss_ce_0: 0.3847  loss_mask_0: 0.04124  loss_dice_0: 0.6155  loss_ce_1: 0.07382  loss_mask_1: 0.0443  loss_dice_1: 0.5362  loss_ce_2: 0.06885  loss_mask_2: 0.03739  loss_dice_2: 0.5118  loss_ce_3: 0.0505  loss_mask_3: 0.04294  loss_dice_3: 0.5408  loss_ce_4: 0.05371  loss_mask_4: 0.03994  loss_dice_4: 0.4909  loss_ce_5: 0.05529  loss_mask_5: 0.04455  loss_dice_5: 0.659  loss_ce_6: 0.05604  loss_mask_6: 0.04357  loss_dice_6: 0.5718  loss_ce_7: 0.05191  loss_mask_7: 0.04206  loss_dice_7: 0.5714  loss_ce_8: 0.05126  loss_mask_8: 0.03889  loss_dice_8: 0.4979    time: 0.7653  last_time: 0.7846  data_time: 0.1542  last_data_time: 0.1542   lr: 7.1045e-07  max_mem: 10275M
[03/19 17:44:02 d2.utils.events]:  eta: 0:14:05  iter: 13879  total_loss: 12.39  loss_ce: 0.2331  loss_mask: 0.04941  loss_dice: 0.9045  loss_ce_0: 0.4834  loss_mask_0: 0.05804  loss_dice_0: 0.9877  loss_ce_1: 0.1779  loss_mask_1: 0.05876  loss_dice_1: 0.7862  loss_ce_2: 0.3823  loss_mask_2: 0.04722  loss_dice_2: 1.026  loss_ce_3: 0.1746  loss_mask_3: 0.05072  loss_dice_3: 1.156  loss_ce_4: 0.1641  loss_mask_4: 0.05997  loss_dice_4: 1.181  loss_ce_5: 0.2798  loss_mask_5: 0.05352  loss_dice_5: 0.8195  loss_ce_6: 0.1345  loss_mask_6: 0.05611  loss_dice_6: 0.8906  loss_ce_7: 0.133  loss_mask_7: 0.05884  loss_dice_7: 0.8164  loss_ce_8: 0.2447  loss_mask_8: 0.05555  loss_dice_8: 0.8697    time: 0.7653  last_time: 0.7956  data_time: 0.1567  last_data_time: 0.1567   lr: 6.8587e-07  max_mem: 10275M
[03/19 17:44:17 d2.utils.events]:  eta: 0:13:50  iter: 13899  total_loss: 10.83  loss_ce: 0.1071  loss_mask: 0.08517  loss_dice: 0.7755  loss_ce_0: 0.6519  loss_mask_0: 0.1772  loss_dice_0: 0.8445  loss_ce_1: 0.09854  loss_mask_1: 0.1906  loss_dice_1: 0.779  loss_ce_2: 0.1115  loss_mask_2: 0.1677  loss_dice_2: 0.8461  loss_ce_3: 0.1411  loss_mask_3: 0.1352  loss_dice_3: 0.851  loss_ce_4: 0.1082  loss_mask_4: 0.116  loss_dice_4: 0.8195  loss_ce_5: 0.1225  loss_mask_5: 0.1225  loss_dice_5: 0.7797  loss_ce_6: 0.1127  loss_mask_6: 0.09235  loss_dice_6: 0.7558  loss_ce_7: 0.1001  loss_mask_7: 0.07995  loss_dice_7: 0.7483  loss_ce_8: 0.1088  loss_mask_8: 0.07472  loss_dice_8: 0.7246    time: 0.7653  last_time: 0.7442  data_time: 0.1247  last_data_time: 0.1247   lr: 6.6172e-07  max_mem: 10275M
[03/19 17:44:33 d2.utils.events]:  eta: 0:13:34  iter: 13919  total_loss: 5.172  loss_ce: 0.02859  loss_mask: 0.04068  loss_dice: 0.363  loss_ce_0: 0.3488  loss_mask_0: 0.04908  loss_dice_0: 0.4212  loss_ce_1: 0.02844  loss_mask_1: 0.04869  loss_dice_1: 0.4066  loss_ce_2: 0.02782  loss_mask_2: 0.04057  loss_dice_2: 0.3705  loss_ce_3: 0.02579  loss_mask_3: 0.04894  loss_dice_3: 0.4734  loss_ce_4: 0.02529  loss_mask_4: 0.04404  loss_dice_4: 0.4129  loss_ce_5: 0.02785  loss_mask_5: 0.047  loss_dice_5: 0.4522  loss_ce_6: 0.02512  loss_mask_6: 0.05016  loss_dice_6: 0.4284  loss_ce_7: 0.02866  loss_mask_7: 0.04478  loss_dice_7: 0.3876  loss_ce_8: 0.0309  loss_mask_8: 0.04321  loss_dice_8: 0.4014    time: 0.7653  last_time: 0.7085  data_time: 0.0853  last_data_time: 0.0853   lr: 6.38e-07  max_mem: 10275M
[03/19 17:44:48 d2.utils.events]:  eta: 0:13:19  iter: 13939  total_loss: 9.555  loss_ce: 0.03944  loss_mask: 0.03216  loss_dice: 0.7571  loss_ce_0: 0.8746  loss_mask_0: 0.03946  loss_dice_0: 1.007  loss_ce_1: 0.2108  loss_mask_1: 0.03381  loss_dice_1: 0.8582  loss_ce_2: 0.06071  loss_mask_2: 0.02897  loss_dice_2: 0.689  loss_ce_3: 0.0458  loss_mask_3: 0.03074  loss_dice_3: 0.7907  loss_ce_4: 0.03229  loss_mask_4: 0.03113  loss_dice_4: 0.7654  loss_ce_5: 0.03265  loss_mask_5: 0.03473  loss_dice_5: 0.75  loss_ce_6: 0.03561  loss_mask_6: 0.02882  loss_dice_6: 0.6964  loss_ce_7: 0.03631  loss_mask_7: 0.03595  loss_dice_7: 0.8285  loss_ce_8: 0.03523  loss_mask_8: 0.02815  loss_dice_8: 0.6851    time: 0.7653  last_time: 0.7647  data_time: 0.1425  last_data_time: 0.1425   lr: 6.1471e-07  max_mem: 10275M
[03/19 17:45:04 d2.utils.events]:  eta: 0:13:04  iter: 13959  total_loss: 11.01  loss_ce: 0.1693  loss_mask: 0.04183  loss_dice: 0.9248  loss_ce_0: 0.6322  loss_mask_0: 0.05301  loss_dice_0: 0.924  loss_ce_1: 0.1959  loss_mask_1: 0.03519  loss_dice_1: 0.9127  loss_ce_2: 0.307  loss_mask_2: 0.0322  loss_dice_2: 0.5598  loss_ce_3: 0.14  loss_mask_3: 0.04013  loss_dice_3: 0.9536  loss_ce_4: 0.271  loss_mask_4: 0.03322  loss_dice_4: 0.6213  loss_ce_5: 0.1487  loss_mask_5: 0.03631  loss_dice_5: 0.862  loss_ce_6: 0.1251  loss_mask_6: 0.03497  loss_dice_6: 0.8188  loss_ce_7: 0.1438  loss_mask_7: 0.03939  loss_dice_7: 0.91  loss_ce_8: 0.1706  loss_mask_8: 0.03658  loss_dice_8: 0.8395    time: 0.7653  last_time: 0.8528  data_time: 0.2094  last_data_time: 0.2094   lr: 5.9184e-07  max_mem: 10275M
[03/19 17:45:19 d2.utils.events]:  eta: 0:12:48  iter: 13979  total_loss: 7.682  loss_ce: 0.06585  loss_mask: 0.02982  loss_dice: 0.6183  loss_ce_0: 0.365  loss_mask_0: 0.02688  loss_dice_0: 0.6992  loss_ce_1: 0.07939  loss_mask_1: 0.02224  loss_dice_1: 0.6451  loss_ce_2: 0.09143  loss_mask_2: 0.0296  loss_dice_2: 0.6896  loss_ce_3: 0.0887  loss_mask_3: 0.02542  loss_dice_3: 0.5934  loss_ce_4: 0.0671  loss_mask_4: 0.02265  loss_dice_4: 0.6533  loss_ce_5: 0.07231  loss_mask_5: 0.02306  loss_dice_5: 0.5974  loss_ce_6: 0.06899  loss_mask_6: 0.02683  loss_dice_6: 0.6365  loss_ce_7: 0.06544  loss_mask_7: 0.02769  loss_dice_7: 0.694  loss_ce_8: 0.06775  loss_mask_8: 0.0238  loss_dice_8: 0.5656    time: 0.7653  last_time: 0.9262  data_time: 0.2938  last_data_time: 0.2938   lr: 5.6941e-07  max_mem: 10275M
[03/19 17:45:35 d2.utils.events]:  eta: 0:12:33  iter: 13999  total_loss: 11.83  loss_ce: 0.12  loss_mask: 0.04627  loss_dice: 0.8315  loss_ce_0: 1.198  loss_mask_0: 0.0712  loss_dice_0: 1.228  loss_ce_1: 0.3326  loss_mask_1: 0.05321  loss_dice_1: 0.8798  loss_ce_2: 0.1516  loss_mask_2: 0.05167  loss_dice_2: 0.9124  loss_ce_3: 0.1005  loss_mask_3: 0.045  loss_dice_3: 0.8155  loss_ce_4: 0.09652  loss_mask_4: 0.04436  loss_dice_4: 0.8203  loss_ce_5: 0.1191  loss_mask_5: 0.04887  loss_dice_5: 0.8674  loss_ce_6: 0.1158  loss_mask_6: 0.04525  loss_dice_6: 0.8294  loss_ce_7: 0.111  loss_mask_7: 0.04639  loss_dice_7: 0.8347  loss_ce_8: 0.1224  loss_mask_8: 0.04613  loss_dice_8: 0.848    time: 0.7653  last_time: 0.8041  data_time: 0.1624  last_data_time: 0.1624   lr: 5.474e-07  max_mem: 10275M
[03/19 17:45:50 d2.utils.events]:  eta: 0:12:18  iter: 14019  total_loss: 5.686  loss_ce: 0.05434  loss_mask: 0.05608  loss_dice: 0.3432  loss_ce_0: 1.03  loss_mask_0: 0.0645  loss_dice_0: 0.4037  loss_ce_1: 0.092  loss_mask_1: 0.06147  loss_dice_1: 0.3869  loss_ce_2: 0.06642  loss_mask_2: 0.05495  loss_dice_2: 0.3716  loss_ce_3: 0.06991  loss_mask_3: 0.05603  loss_dice_3: 0.3392  loss_ce_4: 0.05807  loss_mask_4: 0.04975  loss_dice_4: 0.3463  loss_ce_5: 0.06558  loss_mask_5: 0.05318  loss_dice_5: 0.3346  loss_ce_6: 0.05464  loss_mask_6: 0.0514  loss_dice_6: 0.3059  loss_ce_7: 0.0497  loss_mask_7: 0.05344  loss_dice_7: 0.3628  loss_ce_8: 0.05254  loss_mask_8: 0.0535  loss_dice_8: 0.3444    time: 0.7653  last_time: 0.7018  data_time: 0.0724  last_data_time: 0.0724   lr: 5.2582e-07  max_mem: 10275M
[03/19 17:46:05 d2.utils.events]:  eta: 0:12:03  iter: 14039  total_loss: 8.412  loss_ce: 0.05726  loss_mask: 0.02761  loss_dice: 0.678  loss_ce_0: 0.5194  loss_mask_0: 0.03184  loss_dice_0: 0.7644  loss_ce_1: 0.08144  loss_mask_1: 0.02966  loss_dice_1: 0.7111  loss_ce_2: 0.08684  loss_mask_2: 0.02761  loss_dice_2: 0.7829  loss_ce_3: 0.0548  loss_mask_3: 0.02738  loss_dice_3: 0.5481  loss_ce_4: 0.06139  loss_mask_4: 0.02329  loss_dice_4: 0.6632  loss_ce_5: 0.05982  loss_mask_5: 0.02378  loss_dice_5: 0.5638  loss_ce_6: 0.04822  loss_mask_6: 0.0316  loss_dice_6: 0.8569  loss_ce_7: 0.06187  loss_mask_7: 0.02917  loss_dice_7: 0.7381  loss_ce_8: 0.06536  loss_mask_8: 0.02818  loss_dice_8: 0.7288    time: 0.7653  last_time: 0.7407  data_time: 0.1018  last_data_time: 0.1018   lr: 5.0467e-07  max_mem: 10275M
[03/19 17:46:20 d2.utils.events]:  eta: 0:11:48  iter: 14059  total_loss: 12.79  loss_ce: 0.2453  loss_mask: 0.1072  loss_dice: 0.8896  loss_ce_0: 0.6859  loss_mask_0: 0.1451  loss_dice_0: 1.104  loss_ce_1: 0.1299  loss_mask_1: 0.09199  loss_dice_1: 0.7876  loss_ce_2: 0.3052  loss_mask_2: 0.1021  loss_dice_2: 1.022  loss_ce_3: 0.105  loss_mask_3: 0.1051  loss_dice_3: 1.091  loss_ce_4: 0.2978  loss_mask_4: 0.09736  loss_dice_4: 0.8876  loss_ce_5: 0.09655  loss_mask_5: 0.09838  loss_dice_5: 0.9694  loss_ce_6: 0.07549  loss_mask_6: 0.1006  loss_dice_6: 0.9533  loss_ce_7: 0.2857  loss_mask_7: 0.1042  loss_dice_7: 0.8665  loss_ce_8: 0.07309  loss_mask_8: 0.1049  loss_dice_8: 0.8567    time: 0.7653  last_time: 0.7474  data_time: 0.1204  last_data_time: 0.1204   lr: 4.8395e-07  max_mem: 10275M
[03/19 17:46:36 d2.utils.events]:  eta: 0:11:33  iter: 14079  total_loss: 9.296  loss_ce: 0.03536  loss_mask: 0.04387  loss_dice: 0.7567  loss_ce_0: 0.3748  loss_mask_0: 0.04042  loss_dice_0: 0.8539  loss_ce_1: 0.04189  loss_mask_1: 0.0382  loss_dice_1: 0.7359  loss_ce_2: 0.03015  loss_mask_2: 0.0399  loss_dice_2: 0.8106  loss_ce_3: 0.02876  loss_mask_3: 0.03789  loss_dice_3: 0.7578  loss_ce_4: 0.03517  loss_mask_4: 0.03661  loss_dice_4: 0.7172  loss_ce_5: 0.03017  loss_mask_5: 0.03861  loss_dice_5: 0.7759  loss_ce_6: 0.03169  loss_mask_6: 0.04688  loss_dice_6: 0.9102  loss_ce_7: 0.03741  loss_mask_7: 0.03649  loss_dice_7: 0.685  loss_ce_8: 0.1288  loss_mask_8: 0.04385  loss_dice_8: 1.116    time: 0.7653  last_time: 0.8296  data_time: 0.2049  last_data_time: 0.2049   lr: 4.6366e-07  max_mem: 10275M
[03/19 17:46:52 d2.utils.events]:  eta: 0:11:18  iter: 14099  total_loss: 14.19  loss_ce: 0.1643  loss_mask: 0.0988  loss_dice: 1.057  loss_ce_0: 0.6957  loss_mask_0: 0.08471  loss_dice_0: 1.165  loss_ce_1: 0.3068  loss_mask_1: 0.1065  loss_dice_1: 1.131  loss_ce_2: 0.2213  loss_mask_2: 0.07863  loss_dice_2: 1.04  loss_ce_3: 0.123  loss_mask_3: 0.0912  loss_dice_3: 1.195  loss_ce_4: 0.1354  loss_mask_4: 0.09883  loss_dice_4: 1.207  loss_ce_5: 0.09251  loss_mask_5: 0.0893  loss_dice_5: 1.175  loss_ce_6: 0.1497  loss_mask_6: 0.08307  loss_dice_6: 1.024  loss_ce_7: 0.1392  loss_mask_7: 0.09434  loss_dice_7: 1.031  loss_ce_8: 0.1845  loss_mask_8: 0.0954  loss_dice_8: 1.036    time: 0.7653  last_time: 0.8115  data_time: 0.1823  last_data_time: 0.1823   lr: 4.438e-07  max_mem: 10275M
[03/19 17:47:07 d2.utils.events]:  eta: 0:11:02  iter: 14119  total_loss: 9.262  loss_ce: 0.146  loss_mask: 0.02733  loss_dice: 0.6483  loss_ce_0: 1.168  loss_mask_0: 0.02053  loss_dice_0: 0.7447  loss_ce_1: 0.1018  loss_mask_1: 0.02187  loss_dice_1: 0.6556  loss_ce_2: 0.1725  loss_mask_2: 0.02367  loss_dice_2: 0.5829  loss_ce_3: 0.2118  loss_mask_3: 0.02666  loss_dice_3: 0.6206  loss_ce_4: 0.2216  loss_mask_4: 0.02161  loss_dice_4: 0.7243  loss_ce_5: 0.1211  loss_mask_5: 0.02277  loss_dice_5: 0.5097  loss_ce_6: 0.09462  loss_mask_6: 0.02629  loss_dice_6: 0.8206  loss_ce_7: 0.1362  loss_mask_7: 0.02134  loss_dice_7: 0.5885  loss_ce_8: 0.1782  loss_mask_8: 0.02087  loss_dice_8: 0.5827    time: 0.7653  last_time: 0.8146  data_time: 0.1827  last_data_time: 0.1827   lr: 4.2437e-07  max_mem: 10275M
[03/19 17:47:22 d2.utils.events]:  eta: 0:10:48  iter: 14139  total_loss: 11.37  loss_ce: 0.01767  loss_mask: 0.05902  loss_dice: 1.19  loss_ce_0: 0.3882  loss_mask_0: 0.03784  loss_dice_0: 0.5124  loss_ce_1: 0.1419  loss_mask_1: 0.04027  loss_dice_1: 0.8458  loss_ce_2: 0.03111  loss_mask_2: 0.05143  loss_dice_2: 1.096  loss_ce_3: 0.1393  loss_mask_3: 0.04127  loss_dice_3: 1.027  loss_ce_4: 0.1362  loss_mask_4: 0.04495  loss_dice_4: 1.011  loss_ce_5: 0.1369  loss_mask_5: 0.04311  loss_dice_5: 0.9913  loss_ce_6: 0.1283  loss_mask_6: 0.03982  loss_dice_6: 0.9036  loss_ce_7: 0.1374  loss_mask_7: 0.03998  loss_dice_7: 0.8367  loss_ce_8: 0.1303  loss_mask_8: 0.0518  loss_dice_8: 1.123    time: 0.7653  last_time: 0.7863  data_time: 0.1668  last_data_time: 0.1668   lr: 4.0537e-07  max_mem: 10275M
[03/19 17:47:38 d2.utils.events]:  eta: 0:10:32  iter: 14159  total_loss: 11.14  loss_ce: 0.3269  loss_mask: 0.05837  loss_dice: 0.8822  loss_ce_0: 1.087  loss_mask_0: 0.0682  loss_dice_0: 0.8139  loss_ce_1: 0.2453  loss_mask_1: 0.06397  loss_dice_1: 0.7642  loss_ce_2: 0.1801  loss_mask_2: 0.05378  loss_dice_2: 0.7735  loss_ce_3: 0.148  loss_mask_3: 0.06069  loss_dice_3: 0.7518  loss_ce_4: 0.1313  loss_mask_4: 0.05744  loss_dice_4: 0.7219  loss_ce_5: 0.1372  loss_mask_5: 0.05515  loss_dice_5: 0.7757  loss_ce_6: 0.2907  loss_mask_6: 0.04728  loss_dice_6: 0.733  loss_ce_7: 0.1013  loss_mask_7: 0.05426  loss_dice_7: 0.7933  loss_ce_8: 0.2578  loss_mask_8: 0.04945  loss_dice_8: 0.6564    time: 0.7652  last_time: 0.7668  data_time: 0.1263  last_data_time: 0.1263   lr: 3.8681e-07  max_mem: 10275M
[03/19 17:47:53 d2.utils.events]:  eta: 0:10:17  iter: 14179  total_loss: 9.138  loss_ce: 0.1613  loss_mask: 0.07902  loss_dice: 0.6019  loss_ce_0: 0.3622  loss_mask_0: 0.1108  loss_dice_0: 0.5823  loss_ce_1: 0.1531  loss_mask_1: 0.07505  loss_dice_1: 0.5697  loss_ce_2: 0.1745  loss_mask_2: 0.07752  loss_dice_2: 0.5364  loss_ce_3: 0.1946  loss_mask_3: 0.06971  loss_dice_3: 0.6077  loss_ce_4: 0.1724  loss_mask_4: 0.06988  loss_dice_4: 0.4975  loss_ce_5: 0.1507  loss_mask_5: 0.07045  loss_dice_5: 0.6129  loss_ce_6: 0.156  loss_mask_6: 0.06749  loss_dice_6: 0.7523  loss_ce_7: 0.1622  loss_mask_7: 0.07226  loss_dice_7: 0.9031  loss_ce_8: 0.1582  loss_mask_8: 0.06981  loss_dice_8: 0.8673    time: 0.7652  last_time: 0.9190  data_time: 0.2828  last_data_time: 0.2828   lr: 3.6867e-07  max_mem: 10275M
[03/19 17:48:09 d2.utils.events]:  eta: 0:10:02  iter: 14199  total_loss: 11.85  loss_ce: 0.4198  loss_mask: 0.04266  loss_dice: 0.7556  loss_ce_0: 0.5925  loss_mask_0: 0.03567  loss_dice_0: 0.9476  loss_ce_1: 0.3875  loss_mask_1: 0.03394  loss_dice_1: 0.4882  loss_ce_2: 0.4308  loss_mask_2: 0.03301  loss_dice_2: 0.6574  loss_ce_3: 0.3815  loss_mask_3: 0.03458  loss_dice_3: 0.7561  loss_ce_4: 0.4094  loss_mask_4: 0.03491  loss_dice_4: 0.754  loss_ce_5: 0.4245  loss_mask_5: 0.0351  loss_dice_5: 0.7029  loss_ce_6: 0.4474  loss_mask_6: 0.03356  loss_dice_6: 0.7085  loss_ce_7: 0.4169  loss_mask_7: 0.02927  loss_dice_7: 0.6643  loss_ce_8: 0.4224  loss_mask_8: 0.03391  loss_dice_8: 0.7399    time: 0.7653  last_time: 0.7533  data_time: 0.1343  last_data_time: 0.1343   lr: 3.5097e-07  max_mem: 10275M
[03/19 17:48:24 d2.utils.events]:  eta: 0:09:47  iter: 14219  total_loss: 11.72  loss_ce: 0.3671  loss_mask: 0.02941  loss_dice: 0.64  loss_ce_0: 0.4574  loss_mask_0: 0.0846  loss_dice_0: 1.067  loss_ce_1: 0.4229  loss_mask_1: 0.03072  loss_dice_1: 0.7833  loss_ce_2: 0.5273  loss_mask_2: 0.03108  loss_dice_2: 0.5538  loss_ce_3: 0.3892  loss_mask_3: 0.02624  loss_dice_3: 0.5981  loss_ce_4: 0.3791  loss_mask_4: 0.03431  loss_dice_4: 0.9925  loss_ce_5: 0.1936  loss_mask_5: 0.03509  loss_dice_5: 1.018  loss_ce_6: 0.3634  loss_mask_6: 0.0303  loss_dice_6: 0.7204  loss_ce_7: 0.3107  loss_mask_7: 0.0288  loss_dice_7: 0.6548  loss_ce_8: 0.3361  loss_mask_8: 0.02686  loss_dice_8: 0.5912    time: 0.7653  last_time: 0.8197  data_time: 0.1832  last_data_time: 0.1832   lr: 3.337e-07  max_mem: 10275M
[03/19 17:48:40 d2.utils.events]:  eta: 0:09:32  iter: 14239  total_loss: 9.624  loss_ce: 0.03507  loss_mask: 0.06292  loss_dice: 0.7046  loss_ce_0: 0.4611  loss_mask_0: 0.06392  loss_dice_0: 0.7368  loss_ce_1: 0.1325  loss_mask_1: 0.09232  loss_dice_1: 0.8104  loss_ce_2: 0.1505  loss_mask_2: 0.07199  loss_dice_2: 0.7209  loss_ce_3: 0.1264  loss_mask_3: 0.08702  loss_dice_3: 0.809  loss_ce_4: 0.1278  loss_mask_4: 0.06779  loss_dice_4: 0.7248  loss_ce_5: 0.2186  loss_mask_5: 0.05876  loss_dice_5: 0.6948  loss_ce_6: 0.1692  loss_mask_6: 0.06045  loss_dice_6: 0.7003  loss_ce_7: 0.1531  loss_mask_7: 0.06197  loss_dice_7: 0.72  loss_ce_8: 0.04118  loss_mask_8: 0.05365  loss_dice_8: 0.7058    time: 0.7653  last_time: 0.7673  data_time: 0.1430  last_data_time: 0.1430   lr: 3.1687e-07  max_mem: 10275M
[03/19 17:48:56 d2.utils.events]:  eta: 0:09:17  iter: 14259  total_loss: 7.996  loss_ce: 0.1715  loss_mask: 0.02686  loss_dice: 0.8175  loss_ce_0: 0.3919  loss_mask_0: 0.03292  loss_dice_0: 0.6603  loss_ce_1: 0.195  loss_mask_1: 0.02534  loss_dice_1: 0.4803  loss_ce_2: 0.2125  loss_mask_2: 0.03065  loss_dice_2: 0.5112  loss_ce_3: 0.2065  loss_mask_3: 0.02621  loss_dice_3: 0.4452  loss_ce_4: 0.1869  loss_mask_4: 0.02982  loss_dice_4: 0.5524  loss_ce_5: 0.1634  loss_mask_5: 0.02982  loss_dice_5: 0.5268  loss_ce_6: 0.1705  loss_mask_6: 0.03205  loss_dice_6: 0.5694  loss_ce_7: 0.1662  loss_mask_7: 0.03001  loss_dice_7: 0.5355  loss_ce_8: 0.1615  loss_mask_8: 0.03306  loss_dice_8: 0.5743    time: 0.7653  last_time: 0.7606  data_time: 0.1373  last_data_time: 0.1373   lr: 3.0046e-07  max_mem: 10275M
[03/19 17:49:11 d2.utils.events]:  eta: 0:09:02  iter: 14279  total_loss: 6.867  loss_ce: 0.03234  loss_mask: 0.039  loss_dice: 0.5791  loss_ce_0: 0.3238  loss_mask_0: 0.05687  loss_dice_0: 0.7157  loss_ce_1: 0.0355  loss_mask_1: 0.04255  loss_dice_1: 0.5453  loss_ce_2: 0.03755  loss_mask_2: 0.04613  loss_dice_2: 0.6659  loss_ce_3: 0.03347  loss_mask_3: 0.03651  loss_dice_3: 0.5038  loss_ce_4: 0.03296  loss_mask_4: 0.03729  loss_dice_4: 0.5386  loss_ce_5: 0.03515  loss_mask_5: 0.04129  loss_dice_5: 0.5992  loss_ce_6: 0.03393  loss_mask_6: 0.04008  loss_dice_6: 0.505  loss_ce_7: 0.03146  loss_mask_7: 0.04254  loss_dice_7: 0.5399  loss_ce_8: 0.03369  loss_mask_8: 0.04424  loss_dice_8: 0.6186    time: 0.7653  last_time: 0.7663  data_time: 0.1420  last_data_time: 0.1420   lr: 2.8449e-07  max_mem: 10275M
[03/19 17:49:27 d2.utils.events]:  eta: 0:08:47  iter: 14299  total_loss: 12.06  loss_ce: 0.3135  loss_mask: 0.04637  loss_dice: 0.8538  loss_ce_0: 0.4859  loss_mask_0: 0.07126  loss_dice_0: 1.063  loss_ce_1: 0.3421  loss_mask_1: 0.05632  loss_dice_1: 0.8102  loss_ce_2: 0.3392  loss_mask_2: 0.06068  loss_dice_2: 0.9228  loss_ce_3: 0.2818  loss_mask_3: 0.04935  loss_dice_3: 0.7194  loss_ce_4: 0.3019  loss_mask_4: 0.05803  loss_dice_4: 0.7507  loss_ce_5: 0.2883  loss_mask_5: 0.05423  loss_dice_5: 0.7999  loss_ce_6: 0.3179  loss_mask_6: 0.04803  loss_dice_6: 0.8717  loss_ce_7: 0.3134  loss_mask_7: 0.05358  loss_dice_7: 0.739  loss_ce_8: 0.3082  loss_mask_8: 0.04783  loss_dice_8: 0.6929    time: 0.7653  last_time: 0.8256  data_time: 0.2037  last_data_time: 0.2037   lr: 2.6896e-07  max_mem: 10275M
[03/19 17:49:43 d2.utils.events]:  eta: 0:08:32  iter: 14319  total_loss: 6.803  loss_ce: 0.04946  loss_mask: 0.06506  loss_dice: 0.5123  loss_ce_0: 0.7021  loss_mask_0: 0.06704  loss_dice_0: 0.5928  loss_ce_1: 0.2219  loss_mask_1: 0.05674  loss_dice_1: 0.5022  loss_ce_2: 0.06001  loss_mask_2: 0.05502  loss_dice_2: 0.4472  loss_ce_3: 0.04784  loss_mask_3: 0.05807  loss_dice_3: 0.4593  loss_ce_4: 0.04134  loss_mask_4: 0.05221  loss_dice_4: 0.4583  loss_ce_5: 0.04475  loss_mask_5: 0.05827  loss_dice_5: 0.5327  loss_ce_6: 0.045  loss_mask_6: 0.0587  loss_dice_6: 0.4729  loss_ce_7: 0.03927  loss_mask_7: 0.05447  loss_dice_7: 0.465  loss_ce_8: 0.04429  loss_mask_8: 0.05667  loss_dice_8: 0.4816    time: 0.7653  last_time: 0.7666  data_time: 0.1236  last_data_time: 0.1236   lr: 2.5385e-07  max_mem: 10275M
[03/19 17:49:58 d2.utils.events]:  eta: 0:08:17  iter: 14339  total_loss: 12.24  loss_ce: 0.3255  loss_mask: 0.05656  loss_dice: 0.8725  loss_ce_0: 0.4974  loss_mask_0: 0.03927  loss_dice_0: 0.908  loss_ce_1: 0.07123  loss_mask_1: 0.05  loss_dice_1: 0.889  loss_ce_2: 0.02851  loss_mask_2: 0.1033  loss_dice_2: 0.9577  loss_ce_3: 0.3401  loss_mask_3: 0.0419  loss_dice_3: 0.7729  loss_ce_4: 0.1693  loss_mask_4: 0.05622  loss_dice_4: 1.07  loss_ce_5: 0.3238  loss_mask_5: 0.03899  loss_dice_5: 0.8505  loss_ce_6: 0.3238  loss_mask_6: 0.04792  loss_dice_6: 0.8276  loss_ce_7: 0.3608  loss_mask_7: 0.05045  loss_dice_7: 0.8855  loss_ce_8: 0.3588  loss_mask_8: 0.05179  loss_dice_8: 0.8683    time: 0.7653  last_time: 0.7728  data_time: 0.1416  last_data_time: 0.1416   lr: 2.3919e-07  max_mem: 10275M
[03/19 17:50:14 d2.utils.events]:  eta: 0:08:02  iter: 14359  total_loss: 6.504  loss_ce: 0.01509  loss_mask: 0.04194  loss_dice: 0.6019  loss_ce_0: 0.3238  loss_mask_0: 0.04324  loss_dice_0: 0.7206  loss_ce_1: 0.02972  loss_mask_1: 0.03638  loss_dice_1: 0.5234  loss_ce_2: 0.02025  loss_mask_2: 0.04048  loss_dice_2: 0.5034  loss_ce_3: 0.01461  loss_mask_3: 0.04508  loss_dice_3: 0.5836  loss_ce_4: 0.01441  loss_mask_4: 0.03444  loss_dice_4: 0.4858  loss_ce_5: 0.01565  loss_mask_5: 0.04524  loss_dice_5: 0.5609  loss_ce_6: 0.01626  loss_mask_6: 0.03714  loss_dice_6: 0.5297  loss_ce_7: 0.01604  loss_mask_7: 0.0403  loss_dice_7: 0.5119  loss_ce_8: 0.01434  loss_mask_8: 0.04337  loss_dice_8: 0.5955    time: 0.7653  last_time: 0.7729  data_time: 0.1494  last_data_time: 0.1494   lr: 2.2495e-07  max_mem: 10275M
[03/19 17:50:30 d2.utils.events]:  eta: 0:07:47  iter: 14379  total_loss: 8.744  loss_ce: 0.03163  loss_mask: 0.0562  loss_dice: 0.6791  loss_ce_0: 0.9022  loss_mask_0: 0.0622  loss_dice_0: 0.7652  loss_ce_1: 0.2373  loss_mask_1: 0.05084  loss_dice_1: 0.6183  loss_ce_2: 0.07662  loss_mask_2: 0.05415  loss_dice_2: 0.6709  loss_ce_3: 0.07665  loss_mask_3: 0.05132  loss_dice_3: 0.6361  loss_ce_4: 0.05127  loss_mask_4: 0.05536  loss_dice_4: 0.6623  loss_ce_5: 0.03529  loss_mask_5: 0.04939  loss_dice_5: 0.6829  loss_ce_6: 0.0322  loss_mask_6: 0.055  loss_dice_6: 0.6639  loss_ce_7: 0.03338  loss_mask_7: 0.05523  loss_dice_7: 0.6559  loss_ce_8: 0.02996  loss_mask_8: 0.05296  loss_dice_8: 0.6602    time: 0.7654  last_time: 1.0225  data_time: 0.3734  last_data_time: 0.3734   lr: 2.1115e-07  max_mem: 10275M
[03/19 17:50:45 d2.utils.events]:  eta: 0:07:32  iter: 14399  total_loss: 12.81  loss_ce: 0.1815  loss_mask: 0.1024  loss_dice: 0.7564  loss_ce_0: 1.072  loss_mask_0: 0.1538  loss_dice_0: 1.229  loss_ce_1: 0.2334  loss_mask_1: 0.09738  loss_dice_1: 0.7754  loss_ce_2: 0.2782  loss_mask_2: 0.119  loss_dice_2: 0.8082  loss_ce_3: 0.182  loss_mask_3: 0.1126  loss_dice_3: 0.9082  loss_ce_4: 0.2342  loss_mask_4: 0.1083  loss_dice_4: 0.8173  loss_ce_5: 0.1854  loss_mask_5: 0.09981  loss_dice_5: 0.8852  loss_ce_6: 0.1887  loss_mask_6: 0.09385  loss_dice_6: 0.8075  loss_ce_7: 0.1941  loss_mask_7: 0.09906  loss_dice_7: 0.7931  loss_ce_8: 0.2484  loss_mask_8: 0.1042  loss_dice_8: 0.9437    time: 0.7654  last_time: 0.7852  data_time: 0.1539  last_data_time: 0.1539   lr: 1.9779e-07  max_mem: 10275M
[03/19 17:51:01 d2.utils.events]:  eta: 0:07:17  iter: 14419  total_loss: 8.58  loss_ce: 0.01706  loss_mask: 0.05222  loss_dice: 0.7117  loss_ce_0: 0.3763  loss_mask_0: 0.05605  loss_dice_0: 0.6801  loss_ce_1: 0.01916  loss_mask_1: 0.04117  loss_dice_1: 0.6065  loss_ce_2: 0.05301  loss_mask_2: 0.05095  loss_dice_2: 1.064  loss_ce_3: 0.01963  loss_mask_3: 0.04664  loss_dice_3: 0.7389  loss_ce_4: 0.01799  loss_mask_4: 0.04944  loss_dice_4: 0.8514  loss_ce_5: 0.0162  loss_mask_5: 0.0562  loss_dice_5: 0.7871  loss_ce_6: 0.01735  loss_mask_6: 0.05281  loss_dice_6: 0.7393  loss_ce_7: 0.01596  loss_mask_7: 0.05065  loss_dice_7: 0.6309  loss_ce_8: 0.01647  loss_mask_8: 0.05287  loss_dice_8: 0.6915    time: 0.7654  last_time: 0.7611  data_time: 0.1423  last_data_time: 0.1423   lr: 1.8486e-07  max_mem: 10275M
[03/19 17:51:17 d2.utils.events]:  eta: 0:07:02  iter: 14439  total_loss: 7.007  loss_ce: 0.0157  loss_mask: 0.02294  loss_dice: 0.5507  loss_ce_0: 0.4884  loss_mask_0: 0.04646  loss_dice_0: 0.6337  loss_ce_1: 0.01577  loss_mask_1: 0.02786  loss_dice_1: 0.6553  loss_ce_2: 0.03715  loss_mask_2: 0.02666  loss_dice_2: 0.7355  loss_ce_3: 0.02174  loss_mask_3: 0.02507  loss_dice_3: 0.6082  loss_ce_4: 0.01622  loss_mask_4: 0.02531  loss_dice_4: 0.5501  loss_ce_5: 0.01569  loss_mask_5: 0.02567  loss_dice_5: 0.6148  loss_ce_6: 0.01514  loss_mask_6: 0.02121  loss_dice_6: 0.4863  loss_ce_7: 0.01572  loss_mask_7: 0.02498  loss_dice_7: 0.5678  loss_ce_8: 0.01742  loss_mask_8: 0.02555  loss_dice_8: 0.6738    time: 0.7654  last_time: 0.8002  data_time: 0.1832  last_data_time: 0.1832   lr: 1.7237e-07  max_mem: 10275M
[03/19 17:51:32 d2.utils.events]:  eta: 0:06:47  iter: 14459  total_loss: 8.378  loss_ce: 0.0527  loss_mask: 0.05339  loss_dice: 0.5705  loss_ce_0: 1.064  loss_mask_0: 0.08671  loss_dice_0: 0.9424  loss_ce_1: 0.187  loss_mask_1: 0.05928  loss_dice_1: 0.5647  loss_ce_2: 0.05075  loss_mask_2: 0.05224  loss_dice_2: 0.599  loss_ce_3: 0.05332  loss_mask_3: 0.05724  loss_dice_3: 0.581  loss_ce_4: 0.04858  loss_mask_4: 0.0571  loss_dice_4: 0.6203  loss_ce_5: 0.05755  loss_mask_5: 0.05321  loss_dice_5: 0.5725  loss_ce_6: 0.04949  loss_mask_6: 0.04996  loss_dice_6: 0.5786  loss_ce_7: 0.05348  loss_mask_7: 0.0514  loss_dice_7: 0.5195  loss_ce_8: 0.0546  loss_mask_8: 0.05393  loss_dice_8: 0.5833    time: 0.7654  last_time: 0.7446  data_time: 0.1152  last_data_time: 0.1152   lr: 1.6031e-07  max_mem: 10275M
[03/19 17:51:48 d2.utils.events]:  eta: 0:06:32  iter: 14479  total_loss: 10.56  loss_ce: 0.3449  loss_mask: 0.04166  loss_dice: 0.6403  loss_ce_0: 0.5403  loss_mask_0: 0.06489  loss_dice_0: 0.8911  loss_ce_1: 0.2236  loss_mask_1: 0.04242  loss_dice_1: 0.7071  loss_ce_2: 0.3722  loss_mask_2: 0.04433  loss_dice_2: 0.6335  loss_ce_3: 0.3519  loss_mask_3: 0.04202  loss_dice_3: 0.6004  loss_ce_4: 0.3684  loss_mask_4: 0.03971  loss_dice_4: 0.5765  loss_ce_5: 0.3704  loss_mask_5: 0.04969  loss_dice_5: 0.614  loss_ce_6: 0.395  loss_mask_6: 0.04528  loss_dice_6: 0.5857  loss_ce_7: 0.3401  loss_mask_7: 0.04269  loss_dice_7: 0.5664  loss_ce_8: 0.3663  loss_mask_8: 0.04359  loss_dice_8: 0.6202    time: 0.7654  last_time: 0.7276  data_time: 0.0845  last_data_time: 0.0845   lr: 1.4869e-07  max_mem: 10275M
[03/19 17:52:04 d2.utils.events]:  eta: 0:06:17  iter: 14499  total_loss: 11.72  loss_ce: 0.04399  loss_mask: 0.06205  loss_dice: 1.068  loss_ce_0: 0.3748  loss_mask_0: 0.06205  loss_dice_0: 1.105  loss_ce_1: 0.1078  loss_mask_1: 0.04252  loss_dice_1: 1.014  loss_ce_2: 0.05193  loss_mask_2: 0.04593  loss_dice_2: 0.9717  loss_ce_3: 0.02706  loss_mask_3: 0.04986  loss_dice_3: 0.9919  loss_ce_4: 0.03122  loss_mask_4: 0.04861  loss_dice_4: 0.9791  loss_ce_5: 0.02631  loss_mask_5: 0.04313  loss_dice_5: 1.016  loss_ce_6: 0.0257  loss_mask_6: 0.05536  loss_dice_6: 1.121  loss_ce_7: 0.03414  loss_mask_7: 0.05163  loss_dice_7: 1.045  loss_ce_8: 0.03243  loss_mask_8: 0.05264  loss_dice_8: 1.14    time: 0.7654  last_time: 0.8509  data_time: 0.2265  last_data_time: 0.2265   lr: 1.375e-07  max_mem: 10275M
[03/19 17:52:19 d2.utils.events]:  eta: 0:06:02  iter: 14519  total_loss: 7.001  loss_ce: 0.04252  loss_mask: 0.04359  loss_dice: 0.5906  loss_ce_0: 0.5564  loss_mask_0: 0.03951  loss_dice_0: 0.6582  loss_ce_1: 0.05378  loss_mask_1: 0.03187  loss_dice_1: 0.5864  loss_ce_2: 0.04663  loss_mask_2: 0.03614  loss_dice_2: 0.4966  loss_ce_3: 0.03436  loss_mask_3: 0.04589  loss_dice_3: 0.603  loss_ce_4: 0.03502  loss_mask_4: 0.03083  loss_dice_4: 0.4818  loss_ce_5: 0.04772  loss_mask_5: 0.03774  loss_dice_5: 0.5364  loss_ce_6: 0.045  loss_mask_6: 0.04072  loss_dice_6: 0.676  loss_ce_7: 0.0432  loss_mask_7: 0.03415  loss_dice_7: 0.5206  loss_ce_8: 0.04557  loss_mask_8: 0.038  loss_dice_8: 0.5222    time: 0.7654  last_time: 0.9313  data_time: 0.1590  last_data_time: 0.1590   lr: 1.2675e-07  max_mem: 10275M
[03/19 17:52:35 d2.utils.events]:  eta: 0:05:47  iter: 14539  total_loss: 7.578  loss_ce: 0.05455  loss_mask: 0.03342  loss_dice: 0.5137  loss_ce_0: 0.6047  loss_mask_0: 0.04102  loss_dice_0: 0.7747  loss_ce_1: 0.09019  loss_mask_1: 0.03208  loss_dice_1: 0.5494  loss_ce_2: 0.0681  loss_mask_2: 0.03486  loss_dice_2: 0.6189  loss_ce_3: 0.05865  loss_mask_3: 0.03426  loss_dice_3: 0.6322  loss_ce_4: 0.0589  loss_mask_4: 0.03528  loss_dice_4: 0.5673  loss_ce_5: 0.0664  loss_mask_5: 0.03397  loss_dice_5: 0.5891  loss_ce_6: 0.05847  loss_mask_6: 0.03324  loss_dice_6: 0.5529  loss_ce_7: 0.05464  loss_mask_7: 0.0349  loss_dice_7: 0.6111  loss_ce_8: 0.05201  loss_mask_8: 0.03639  loss_dice_8: 0.653    time: 0.7655  last_time: 0.7875  data_time: 0.1399  last_data_time: 0.1399   lr: 1.1644e-07  max_mem: 10275M
[03/19 17:52:51 d2.utils.events]:  eta: 0:05:32  iter: 14559  total_loss: 7.669  loss_ce: 0.02027  loss_mask: 0.03546  loss_dice: 0.693  loss_ce_0: 0.3622  loss_mask_0: 0.03983  loss_dice_0: 0.7123  loss_ce_1: 0.02774  loss_mask_1: 0.03209  loss_dice_1: 0.6583  loss_ce_2: 0.0384  loss_mask_2: 0.03429  loss_dice_2: 0.6832  loss_ce_3: 0.02732  loss_mask_3: 0.03991  loss_dice_3: 0.6886  loss_ce_4: 0.01884  loss_mask_4: 0.03295  loss_dice_4: 0.634  loss_ce_5: 0.02473  loss_mask_5: 0.03513  loss_dice_5: 0.7256  loss_ce_6: 0.0226  loss_mask_6: 0.03647  loss_dice_6: 0.557  loss_ce_7: 0.02206  loss_mask_7: 0.03407  loss_dice_7: 0.595  loss_ce_8: 0.02097  loss_mask_8: 0.04167  loss_dice_8: 0.7754    time: 0.7655  last_time: 0.7097  data_time: 0.0802  last_data_time: 0.0802   lr: 1.0656e-07  max_mem: 10275M
[03/19 17:53:07 d2.utils.events]:  eta: 0:05:17  iter: 14579  total_loss: 14.21  loss_ce: 0.246  loss_mask: 0.03706  loss_dice: 1.206  loss_ce_0: 0.5927  loss_mask_0: 0.04639  loss_dice_0: 1.345  loss_ce_1: 0.5054  loss_mask_1: 0.04123  loss_dice_1: 1.182  loss_ce_2: 0.1452  loss_mask_2: 0.03544  loss_dice_2: 1.127  loss_ce_3: 0.2963  loss_mask_3: 0.04173  loss_dice_3: 1.049  loss_ce_4: 0.4299  loss_mask_4: 0.04343  loss_dice_4: 0.995  loss_ce_5: 0.1177  loss_mask_5: 0.03911  loss_dice_5: 1.063  loss_ce_6: 0.2798  loss_mask_6: 0.03667  loss_dice_6: 0.9735  loss_ce_7: 0.3502  loss_mask_7: 0.0421  loss_dice_7: 0.824  loss_ce_8: 0.09769  loss_mask_8: 0.03533  loss_dice_8: 0.9865    time: 0.7655  last_time: 0.7777  data_time: 0.1445  last_data_time: 0.1445   lr: 9.712e-08  max_mem: 10275M
[03/19 17:53:23 d2.utils.events]:  eta: 0:05:02  iter: 14599  total_loss: 7.673  loss_ce: 0.03039  loss_mask: 0.04269  loss_dice: 0.6028  loss_ce_0: 0.514  loss_mask_0: 0.06285  loss_dice_0: 0.9038  loss_ce_1: 0.06957  loss_mask_1: 0.04406  loss_dice_1: 0.5593  loss_ce_2: 0.08417  loss_mask_2: 0.04567  loss_dice_2: 0.5924  loss_ce_3: 0.03938  loss_mask_3: 0.04183  loss_dice_3: 0.6316  loss_ce_4: 0.03629  loss_mask_4: 0.04325  loss_dice_4: 0.6525  loss_ce_5: 0.035  loss_mask_5: 0.04461  loss_dice_5: 0.6044  loss_ce_6: 0.02957  loss_mask_6: 0.0385  loss_dice_6: 0.543  loss_ce_7: 0.03151  loss_mask_7: 0.04472  loss_dice_7: 0.6252  loss_ce_8: 0.03188  loss_mask_8: 0.04641  loss_dice_8: 0.6017    time: 0.7655  last_time: 0.8657  data_time: 0.2351  last_data_time: 0.2351   lr: 8.8117e-08  max_mem: 10275M
[03/19 17:53:38 d2.utils.events]:  eta: 0:04:47  iter: 14619  total_loss: 12.39  loss_ce: 0.3458  loss_mask: 0.0286  loss_dice: 0.6406  loss_ce_0: 1.051  loss_mask_0: 0.03646  loss_dice_0: 0.7003  loss_ce_1: 0.5317  loss_mask_1: 0.02635  loss_dice_1: 0.6096  loss_ce_2: 0.5236  loss_mask_2: 0.0246  loss_dice_2: 0.6367  loss_ce_3: 0.5286  loss_mask_3: 0.02646  loss_dice_3: 0.6829  loss_ce_4: 0.5657  loss_mask_4: 0.02762  loss_dice_4: 0.5985  loss_ce_5: 0.5203  loss_mask_5: 0.03046  loss_dice_5: 0.6454  loss_ce_6: 0.5431  loss_mask_6: 0.03041  loss_dice_6: 0.7047  loss_ce_7: 0.3319  loss_mask_7: 0.02946  loss_dice_7: 0.7666  loss_ce_8: 0.3429  loss_mask_8: 0.03083  loss_dice_8: 0.8302    time: 0.7656  last_time: 0.8175  data_time: 0.1890  last_data_time: 0.1890   lr: 7.9551e-08  max_mem: 10275M
[03/19 17:53:54 d2.utils.events]:  eta: 0:04:32  iter: 14639  total_loss: 7.457  loss_ce: 0.02034  loss_mask: 0.03341  loss_dice: 0.6142  loss_ce_0: 0.336  loss_mask_0: 0.04368  loss_dice_0: 0.6422  loss_ce_1: 0.1317  loss_mask_1: 0.03172  loss_dice_1: 0.6306  loss_ce_2: 0.03857  loss_mask_2: 0.04559  loss_dice_2: 0.6637  loss_ce_3: 0.02007  loss_mask_3: 0.03384  loss_dice_3: 0.6485  loss_ce_4: 0.01672  loss_mask_4: 0.0388  loss_dice_4: 0.7323  loss_ce_5: 0.01751  loss_mask_5: 0.03561  loss_dice_5: 0.6152  loss_ce_6: 0.0164  loss_mask_6: 0.03872  loss_dice_6: 0.6254  loss_ce_7: 0.021  loss_mask_7: 0.03512  loss_dice_7: 0.6072  loss_ce_8: 0.01849  loss_mask_8: 0.04094  loss_dice_8: 0.6631    time: 0.7656  last_time: 0.7725  data_time: 0.1297  last_data_time: 0.1297   lr: 7.1422e-08  max_mem: 10275M
[03/19 17:54:09 d2.utils.events]:  eta: 0:04:17  iter: 14659  total_loss: 6.967  loss_ce: 0.1009  loss_mask: 0.03108  loss_dice: 0.6404  loss_ce_0: 0.4956  loss_mask_0: 0.03757  loss_dice_0: 0.4257  loss_ce_1: 0.1633  loss_mask_1: 0.03527  loss_dice_1: 0.5586  loss_ce_2: 0.1268  loss_mask_2: 0.03111  loss_dice_2: 0.6116  loss_ce_3: 0.08314  loss_mask_3: 0.02901  loss_dice_3: 0.4628  loss_ce_4: 0.08539  loss_mask_4: 0.02872  loss_dice_4: 0.4411  loss_ce_5: 0.1001  loss_mask_5: 0.03274  loss_dice_5: 0.4588  loss_ce_6: 0.09881  loss_mask_6: 0.02966  loss_dice_6: 0.4587  loss_ce_7: 0.09452  loss_mask_7: 0.03227  loss_dice_7: 0.5129  loss_ce_8: 0.1044  loss_mask_8: 0.03106  loss_dice_8: 0.6247    time: 0.7656  last_time: 0.7927  data_time: 0.1574  last_data_time: 0.1574   lr: 6.3731e-08  max_mem: 10275M
[03/19 17:54:25 d2.utils.events]:  eta: 0:04:02  iter: 14679  total_loss: 5.901  loss_ce: 0.0625  loss_mask: 0.02715  loss_dice: 0.4313  loss_ce_0: 0.4946  loss_mask_0: 0.02946  loss_dice_0: 0.4547  loss_ce_1: 0.02206  loss_mask_1: 0.03014  loss_dice_1: 0.5133  loss_ce_2: 0.04602  loss_mask_2: 0.03227  loss_dice_2: 0.5122  loss_ce_3: 0.04274  loss_mask_3: 0.02797  loss_dice_3: 0.4423  loss_ce_4: 0.06609  loss_mask_4: 0.03118  loss_dice_4: 0.4893  loss_ce_5: 0.04719  loss_mask_5: 0.02732  loss_dice_5: 0.4269  loss_ce_6: 0.04078  loss_mask_6: 0.03052  loss_dice_6: 0.4979  loss_ce_7: 0.04117  loss_mask_7: 0.02996  loss_dice_7: 0.4847  loss_ce_8: 0.06315  loss_mask_8: 0.02934  loss_dice_8: 0.4267    time: 0.7655  last_time: 0.7894  data_time: 0.1636  last_data_time: 0.1636   lr: 5.6477e-08  max_mem: 10275M
[03/19 17:54:40 d2.utils.events]:  eta: 0:03:47  iter: 14699  total_loss: 13.74  loss_ce: 0.3933  loss_mask: 0.03698  loss_dice: 0.8672  loss_ce_0: 0.44  loss_mask_0: 0.06877  loss_dice_0: 1.438  loss_ce_1: 0.4202  loss_mask_1: 0.04264  loss_dice_1: 0.8932  loss_ce_2: 0.1485  loss_mask_2: 0.04171  loss_dice_2: 0.9257  loss_ce_3: 0.4003  loss_mask_3: 0.04328  loss_dice_3: 0.9641  loss_ce_4: 0.4399  loss_mask_4: 0.04058  loss_dice_4: 0.9852  loss_ce_5: 0.4222  loss_mask_5: 0.04594  loss_dice_5: 0.8767  loss_ce_6: 0.3798  loss_mask_6: 0.03857  loss_dice_6: 0.8117  loss_ce_7: 0.1756  loss_mask_7: 0.04295  loss_dice_7: 1.038  loss_ce_8: 0.3529  loss_mask_8: 0.04756  loss_dice_8: 0.9188    time: 0.7656  last_time: 0.7461  data_time: 0.1195  last_data_time: 0.1195   lr: 4.9661e-08  max_mem: 10275M
[03/19 17:54:56 d2.utils.events]:  eta: 0:03:32  iter: 14719  total_loss: 4.756  loss_ce: 0.008459  loss_mask: 0.02935  loss_dice: 0.4013  loss_ce_0: 0.4671  loss_mask_0: 0.03469  loss_dice_0: 0.3642  loss_ce_1: 0.02186  loss_mask_1: 0.03587  loss_dice_1: 0.3784  loss_ce_2: 0.01064  loss_mask_2: 0.03251  loss_dice_2: 0.4038  loss_ce_3: 0.009671  loss_mask_3: 0.03204  loss_dice_3: 0.319  loss_ce_4: 0.01044  loss_mask_4: 0.04065  loss_dice_4: 0.4465  loss_ce_5: 0.009544  loss_mask_5: 0.03863  loss_dice_5: 0.3956  loss_ce_6: 0.009662  loss_mask_6: 0.03668  loss_dice_6: 0.3951  loss_ce_7: 0.01189  loss_mask_7: 0.03121  loss_dice_7: 0.3643  loss_ce_8: 0.009323  loss_mask_8: 0.03309  loss_dice_8: 0.3743    time: 0.7656  last_time: 0.7890  data_time: 0.1618  last_data_time: 0.1618   lr: 4.3283e-08  max_mem: 10275M
[03/19 17:55:12 d2.utils.events]:  eta: 0:03:17  iter: 14739  total_loss: 10.93  loss_ce: 0.1421  loss_mask: 0.04751  loss_dice: 0.7081  loss_ce_0: 0.785  loss_mask_0: 0.07146  loss_dice_0: 0.7967  loss_ce_1: 0.1614  loss_mask_1: 0.05843  loss_dice_1: 0.903  loss_ce_2: 0.3441  loss_mask_2: 0.05184  loss_dice_2: 0.7513  loss_ce_3: 0.1946  loss_mask_3: 0.05329  loss_dice_3: 0.8614  loss_ce_4: 0.2065  loss_mask_4: 0.05018  loss_dice_4: 0.7145  loss_ce_5: 0.1915  loss_mask_5: 0.05345  loss_dice_5: 0.9011  loss_ce_6: 0.1613  loss_mask_6: 0.04972  loss_dice_6: 0.7734  loss_ce_7: 0.2054  loss_mask_7: 0.05071  loss_dice_7: 0.7034  loss_ce_8: 0.164  loss_mask_8: 0.04808  loss_dice_8: 0.7246    time: 0.7656  last_time: 0.7819  data_time: 0.1493  last_data_time: 0.1493   lr: 3.7342e-08  max_mem: 10275M
[03/19 17:55:27 d2.utils.events]:  eta: 0:03:02  iter: 14759  total_loss: 14.14  loss_ce: 0.225  loss_mask: 0.07416  loss_dice: 1.125  loss_ce_0: 0.6533  loss_mask_0: 0.1776  loss_dice_0: 1.279  loss_ce_1: 0.2627  loss_mask_1: 0.07634  loss_dice_1: 1.023  loss_ce_2: 0.05014  loss_mask_2: 0.08767  loss_dice_2: 1.314  loss_ce_3: 0.4942  loss_mask_3: 0.07337  loss_dice_3: 0.8707  loss_ce_4: 0.2941  loss_mask_4: 0.07023  loss_dice_4: 1.01  loss_ce_5: 0.04472  loss_mask_5: 0.07947  loss_dice_5: 1.139  loss_ce_6: 0.03718  loss_mask_6: 0.07302  loss_dice_6: 1.186  loss_ce_7: 0.1913  loss_mask_7: 0.06675  loss_dice_7: 0.7816  loss_ce_8: 0.2003  loss_mask_8: 0.07425  loss_dice_8: 1.104    time: 0.7656  last_time: 0.7469  data_time: 0.1252  last_data_time: 0.1252   lr: 3.184e-08  max_mem: 10275M
[03/19 17:55:43 d2.utils.events]:  eta: 0:02:46  iter: 14779  total_loss: 7.241  loss_ce: 0.01601  loss_mask: 0.03378  loss_dice: 0.6344  loss_ce_0: 0.7721  loss_mask_0: 0.04036  loss_dice_0: 0.8024  loss_ce_1: 0.0505  loss_mask_1: 0.0282  loss_dice_1: 0.5476  loss_ce_2: 0.03923  loss_mask_2: 0.03285  loss_dice_2: 0.544  loss_ce_3: 0.0209  loss_mask_3: 0.03201  loss_dice_3: 0.6231  loss_ce_4: 0.02035  loss_mask_4: 0.03227  loss_dice_4: 0.5786  loss_ce_5: 0.01991  loss_mask_5: 0.03063  loss_dice_5: 0.5884  loss_ce_6: 0.01695  loss_mask_6: 0.02903  loss_dice_6: 0.4799  loss_ce_7: 0.01527  loss_mask_7: 0.02968  loss_dice_7: 0.5666  loss_ce_8: 0.01559  loss_mask_8: 0.0306  loss_dice_8: 0.57    time: 0.7656  last_time: 0.7804  data_time: 0.1526  last_data_time: 0.1526   lr: 2.6775e-08  max_mem: 10275M
[03/19 17:55:58 d2.utils.events]:  eta: 0:02:31  iter: 14799  total_loss: 6.735  loss_ce: 0.03237  loss_mask: 0.0403  loss_dice: 0.5673  loss_ce_0: 0.6047  loss_mask_0: 0.04972  loss_dice_0: 0.6949  loss_ce_1: 0.03533  loss_mask_1: 0.04432  loss_dice_1: 0.601  loss_ce_2: 0.05048  loss_mask_2: 0.03884  loss_dice_2: 0.4538  loss_ce_3: 0.04611  loss_mask_3: 0.04171  loss_dice_3: 0.48  loss_ce_4: 0.03816  loss_mask_4: 0.04214  loss_dice_4: 0.5314  loss_ce_5: 0.03643  loss_mask_5: 0.04251  loss_dice_5: 0.5493  loss_ce_6: 0.03286  loss_mask_6: 0.04364  loss_dice_6: 0.4872  loss_ce_7: 0.0341  loss_mask_7: 0.04276  loss_dice_7: 0.4615  loss_ce_8: 0.03167  loss_mask_8: 0.04426  loss_dice_8: 0.536    time: 0.7656  last_time: 0.7450  data_time: 0.1059  last_data_time: 0.1059   lr: 2.2149e-08  max_mem: 10275M
[03/19 17:56:13 d2.utils.events]:  eta: 0:02:16  iter: 14819  total_loss: 8.993  loss_ce: 0.02705  loss_mask: 0.05327  loss_dice: 0.708  loss_ce_0: 0.6129  loss_mask_0: 0.05893  loss_dice_0: 0.9487  loss_ce_1: 0.05698  loss_mask_1: 0.05306  loss_dice_1: 0.7822  loss_ce_2: 0.03118  loss_mask_2: 0.05155  loss_dice_2: 0.7993  loss_ce_3: 0.02621  loss_mask_3: 0.05068  loss_dice_3: 0.7316  loss_ce_4: 0.02413  loss_mask_4: 0.04606  loss_dice_4: 0.7004  loss_ce_5: 0.02417  loss_mask_5: 0.05722  loss_dice_5: 0.7398  loss_ce_6: 0.0255  loss_mask_6: 0.0501  loss_dice_6: 0.7712  loss_ce_7: 0.02411  loss_mask_7: 0.04752  loss_dice_7: 0.7171  loss_ce_8: 0.02608  loss_mask_8: 0.04906  loss_dice_8: 0.6991    time: 0.7655  last_time: 0.8144  data_time: 0.1859  last_data_time: 0.1859   lr: 1.7961e-08  max_mem: 10275M
[03/19 17:56:28 d2.utils.events]:  eta: 0:02:01  iter: 14839  total_loss: 6.303  loss_ce: 0.02953  loss_mask: 0.03545  loss_dice: 0.4548  loss_ce_0: 1.058  loss_mask_0: 0.05012  loss_dice_0: 0.5602  loss_ce_1: 0.1072  loss_mask_1: 0.03514  loss_dice_1: 0.469  loss_ce_2: 0.05879  loss_mask_2: 0.03893  loss_dice_2: 0.5188  loss_ce_3: 0.03035  loss_mask_3: 0.03665  loss_dice_3: 0.4376  loss_ce_4: 0.02753  loss_mask_4: 0.03462  loss_dice_4: 0.3776  loss_ce_5: 0.02997  loss_mask_5: 0.0386  loss_dice_5: 0.4038  loss_ce_6: 0.03037  loss_mask_6: 0.03593  loss_dice_6: 0.4058  loss_ce_7: 0.02736  loss_mask_7: 0.03502  loss_dice_7: 0.4438  loss_ce_8: 0.02928  loss_mask_8: 0.0373  loss_dice_8: 0.4258    time: 0.7655  last_time: 0.8387  data_time: 0.2127  last_data_time: 0.2127   lr: 1.4211e-08  max_mem: 10275M
[03/19 17:56:44 d2.utils.events]:  eta: 0:01:46  iter: 14859  total_loss: 5.705  loss_ce: 0.007623  loss_mask: 0.03626  loss_dice: 0.4095  loss_ce_0: 0.4022  loss_mask_0: 0.04323  loss_dice_0: 0.6029  loss_ce_1: 0.01251  loss_mask_1: 0.03541  loss_dice_1: 0.4314  loss_ce_2: 0.01154  loss_mask_2: 0.03606  loss_dice_2: 0.4389  loss_ce_3: 0.009058  loss_mask_3: 0.03874  loss_dice_3: 0.4578  loss_ce_4: 0.007596  loss_mask_4: 0.03409  loss_dice_4: 0.4928  loss_ce_5: 0.0088  loss_mask_5: 0.0383  loss_dice_5: 0.4865  loss_ce_6: 0.007645  loss_mask_6: 0.03818  loss_dice_6: 0.5683  loss_ce_7: 0.007206  loss_mask_7: 0.03713  loss_dice_7: 0.4767  loss_ce_8: 0.007553  loss_mask_8: 0.03377  loss_dice_8: 0.4875    time: 0.7655  last_time: 0.7903  data_time: 0.1609  last_data_time: 0.1609   lr: 1.09e-08  max_mem: 10275M
[03/19 17:56:59 d2.utils.events]:  eta: 0:01:30  iter: 14879  total_loss: 6.389  loss_ce: 0.0292  loss_mask: 0.04632  loss_dice: 0.4691  loss_ce_0: 0.4286  loss_mask_0: 0.06338  loss_dice_0: 0.5819  loss_ce_1: 0.1143  loss_mask_1: 0.0593  loss_dice_1: 0.4998  loss_ce_2: 0.07727  loss_mask_2: 0.06035  loss_dice_2: 0.486  loss_ce_3: 0.05339  loss_mask_3: 0.05391  loss_dice_3: 0.5126  loss_ce_4: 0.04073  loss_mask_4: 0.05509  loss_dice_4: 0.5218  loss_ce_5: 0.0274  loss_mask_5: 0.0483  loss_dice_5: 0.5137  loss_ce_6: 0.02844  loss_mask_6: 0.05073  loss_dice_6: 0.4587  loss_ce_7: 0.02658  loss_mask_7: 0.05026  loss_dice_7: 0.4558  loss_ce_8: 0.02731  loss_mask_8: 0.05175  loss_dice_8: 0.4973    time: 0.7655  last_time: 0.7297  data_time: 0.1011  last_data_time: 0.1011   lr: 8.0274e-09  max_mem: 10275M
[03/19 17:57:15 d2.utils.events]:  eta: 0:01:15  iter: 14899  total_loss: 8.041  loss_ce: 0.2955  loss_mask: 0.0541  loss_dice: 0.4721  loss_ce_0: 0.58  loss_mask_0: 0.07294  loss_dice_0: 0.6593  loss_ce_1: 0.3154  loss_mask_1: 0.06526  loss_dice_1: 0.64  loss_ce_2: 0.1392  loss_mask_2: 0.05144  loss_dice_2: 0.4677  loss_ce_3: 0.1291  loss_mask_3: 0.05072  loss_dice_3: 0.5282  loss_ce_4: 0.1286  loss_mask_4: 0.05474  loss_dice_4: 0.5473  loss_ce_5: 0.1386  loss_mask_5: 0.05167  loss_dice_5: 0.5536  loss_ce_6: 0.1374  loss_mask_6: 0.04873  loss_dice_6: 0.4622  loss_ce_7: 0.1338  loss_mask_7: 0.04743  loss_dice_7: 0.4928  loss_ce_8: 0.1572  loss_mask_8: 0.05334  loss_dice_8: 0.5125    time: 0.7655  last_time: 0.7244  data_time: 0.0947  last_data_time: 0.0947   lr: 5.5931e-09  max_mem: 10275M
[03/19 17:57:31 d2.utils.events]:  eta: 0:01:00  iter: 14919  total_loss: 6.601  loss_ce: 0.02036  loss_mask: 0.04587  loss_dice: 0.5873  loss_ce_0: 0.4404  loss_mask_0: 0.04919  loss_dice_0: 0.5802  loss_ce_1: 0.03877  loss_mask_1: 0.04496  loss_dice_1: 0.5433  loss_ce_2: 0.0258  loss_mask_2: 0.04508  loss_dice_2: 0.5665  loss_ce_3: 0.02357  loss_mask_3: 0.03796  loss_dice_3: 0.5075  loss_ce_4: 0.024  loss_mask_4: 0.04403  loss_dice_4: 0.5928  loss_ce_5: 0.02781  loss_mask_5: 0.04086  loss_dice_5: 0.5281  loss_ce_6: 0.0247  loss_mask_6: 0.04528  loss_dice_6: 0.5755  loss_ce_7: 0.02028  loss_mask_7: 0.04033  loss_dice_7: 0.4701  loss_ce_8: 0.02189  loss_mask_8: 0.04475  loss_dice_8: 0.5439    time: 0.7656  last_time: 0.7334  data_time: 0.1114  last_data_time: 0.1114   lr: 3.5974e-09  max_mem: 10275M
[03/19 17:57:46 d2.utils.events]:  eta: 0:00:45  iter: 14939  total_loss: 4.022  loss_ce: 0.01223  loss_mask: 0.02744  loss_dice: 0.3187  loss_ce_0: 0.3762  loss_mask_0: 0.04269  loss_dice_0: 0.4119  loss_ce_1: 0.0168  loss_mask_1: 0.02945  loss_dice_1: 0.2803  loss_ce_2: 0.01396  loss_mask_2: 0.02765  loss_dice_2: 0.262  loss_ce_3: 0.01279  loss_mask_3: 0.02645  loss_dice_3: 0.2757  loss_ce_4: 0.01294  loss_mask_4: 0.0292  loss_dice_4: 0.2891  loss_ce_5: 0.01219  loss_mask_5: 0.03065  loss_dice_5: 0.3028  loss_ce_6: 0.01254  loss_mask_6: 0.03115  loss_dice_6: 0.4337  loss_ce_7: 0.0134  loss_mask_7: 0.0335  loss_dice_7: 0.3408  loss_ce_8: 0.01239  loss_mask_8: 0.03206  loss_dice_8: 0.3015    time: 0.7655  last_time: 0.8850  data_time: 0.2711  last_data_time: 0.2711   lr: 2.0402e-09  max_mem: 10275M
[03/19 17:58:02 d2.utils.events]:  eta: 0:00:30  iter: 14959  total_loss: 12.74  loss_ce: 0.4073  loss_mask: 0.05037  loss_dice: 0.8302  loss_ce_0: 0.6088  loss_mask_0: 0.09327  loss_dice_0: 0.9358  loss_ce_1: 0.5914  loss_mask_1: 0.06838  loss_dice_1: 0.8046  loss_ce_2: 0.325  loss_mask_2: 0.05647  loss_dice_2: 0.7668  loss_ce_3: 0.3057  loss_mask_3: 0.04934  loss_dice_3: 0.8043  loss_ce_4: 0.4384  loss_mask_4: 0.05988  loss_dice_4: 0.8697  loss_ce_5: 0.3235  loss_mask_5: 0.05149  loss_dice_5: 0.762  loss_ce_6: 0.3028  loss_mask_6: 0.04885  loss_dice_6: 0.7554  loss_ce_7: 0.3533  loss_mask_7: 0.05933  loss_dice_7: 0.8239  loss_ce_8: 0.3377  loss_mask_8: 0.0529  loss_dice_8: 0.8053    time: 0.7656  last_time: 0.7916  data_time: 0.1601  last_data_time: 0.1601   lr: 9.2171e-10  max_mem: 10275M
[03/19 17:58:17 d2.utils.events]:  eta: 0:00:15  iter: 14979  total_loss: 12.23  loss_ce: 0.3459  loss_mask: 0.04649  loss_dice: 0.7342  loss_ce_0: 0.5893  loss_mask_0: 0.0697  loss_dice_0: 1.109  loss_ce_1: 0.2632  loss_mask_1: 0.05268  loss_dice_1: 0.7674  loss_ce_2: 0.3218  loss_mask_2: 0.05087  loss_dice_2: 0.8217  loss_ce_3: 0.3498  loss_mask_3: 0.04504  loss_dice_3: 0.8133  loss_ce_4: 0.2845  loss_mask_4: 0.04852  loss_dice_4: 0.8177  loss_ce_5: 0.2452  loss_mask_5: 0.05402  loss_dice_5: 0.9564  loss_ce_6: 0.3131  loss_mask_6: 0.05002  loss_dice_6: 0.7215  loss_ce_7: 0.3411  loss_mask_7: 0.04869  loss_dice_7: 0.7273  loss_ce_8: 0.3428  loss_mask_8: 0.0536  loss_dice_8: 0.844    time: 0.7655  last_time: 0.7934  data_time: 0.1622  last_data_time: 0.1622   lr: 2.418e-10  max_mem: 10275M
[03/19 17:58:33 fvcore.common.checkpoint]: Saving checkpoint to /mnt/data/mis2025/group_6/Parameter/trained_para/graphene_mid_finetune_penalize_small_flakes/model_0014999.pth
[03/19 17:58:33 fvcore.common.checkpoint]: Saving checkpoint to /mnt/data/mis2025/group_6/Parameter/trained_para/graphene_mid_finetune_penalize_small_flakes/model_final.pth
[03/19 17:58:34 d2.utils.events]:  eta: 0:00:00  iter: 14999  total_loss: 8.008  loss_ce: 0.1538  loss_mask: 0.04476  loss_dice: 0.5992  loss_ce_0: 0.316  loss_mask_0: 0.05107  loss_dice_0: 0.6387  loss_ce_1: 0.2567  loss_mask_1: 0.04303  loss_dice_1: 0.5341  loss_ce_2: 0.2353  loss_mask_2: 0.04192  loss_dice_2: 0.4212  loss_ce_3: 0.1182  loss_mask_3: 0.04429  loss_dice_3: 0.6109  loss_ce_4: 0.1121  loss_mask_4: 0.04213  loss_dice_4: 0.4847  loss_ce_5: 0.1094  loss_mask_5: 0.0383  loss_dice_5: 0.5385  loss_ce_6: 0.1463  loss_mask_6: 0.04287  loss_dice_6: 0.5905  loss_ce_7: 0.3085  loss_mask_7: 0.03994  loss_dice_7: 0.5871  loss_ce_8: 0.1593  loss_mask_8: 0.04301  loss_dice_8: 0.6556    time: 0.7656  last_time: 0.8194  data_time: 0.1831  last_data_time: 0.1831   lr: 5.4831e-13  max_mem: 10275M
[03/19 17:58:34 d2.engine.hooks]: Overall training speed: 14998 iterations in 3:11:22 (0.7656 s / it)
[03/19 17:58:34 d2.engine.hooks]: Total training time: 3:14:18 (0:02:56 on hooks)
