split,filename,image_path,image_id,ann_id,layer,group,flake_rep_mode,flake_rep_source,wb1,wb2,wb_product,wb_sum,area_px,log_area_px,bbox_w,bbox_h,bbox_aspect,roi_bg_pixels,roi_bg_initial_pixels,roi_bg_clip_iterations,roi_bg_residual_sigma,ndg,ndg_peak,ndg_mask_median,ndg_trimmed_median,ndg_central_median,ndg_largest_inner_median,delta_g,abs_delta_g,g_flake_rep,g_flake_peak,g_flake_mask_median,g_flake_trimmed_median,g_flake_central_median,g_flake_largest_inner_median,g_flake_median,flake_inner_area_px,flake_largest_inner_area_px,g_bg_plane_median,g_delta_p10,g_delta_p90,g_delta_iqr,iqr_ndg,g_bg_std,g_flake_std,plane_a,plane_b,plane_c,score,pred_layer,abs_error
train,1-4-3-6-3-10_png.rf.ad84b927b1babbe89c96f28f7ea04ec2.jpg,/mnt/tf_data/TechFin/home/group_6/Data/white_balance_copy_layers.v10-argmented-10x.coco-segmentation/train/1-4-3-6-3-10_png.rf.ad84b927b1babbe89c96f28f7ea04ec2.jpg,0,1,3,3-10_png,largest_inner_median,largest_inner_median,1.4,3.6,5.04,5.0,1130,7.030857476116121,40.0,42.0,0.9523809523809523,19649,21876.0,2.0,1.0,-0.012022323509437658,-0.0016330118691435796,-0.009605096552662668,-0.009605096552662668,-0.012022323509437658,-0.012022323509437658,-1.11614990234375,1.11614990234375,-1.0277328491210938,-0.06319141387939453,-0.8033180236816406,-0.8033180236816406,-1.0277328491210938,-1.0277328491210938,-1.0277328491210938,822.0,822.0,92.83978271484375,-1.771204376220703,0.22400360107421877,1.9952079772949218,0.021490872974392655,0.8227037191390991,0.7516952753067017,0.0031480100005865097,-0.010814775712788105,93.49254608154297,1.2661488556631806,1,2.0
train,1-7-4-8_png.rf.9e5d085605d7b337549138d34b2e1ce9.jpg,/mnt/tf_data/TechFin/home/group_6/Data/white_balance_copy_layers.v10-argmented-10x.coco-segmentation/train/1-7-4-8_png.rf.9e5d085605d7b337549138d34b2e1ce9.jpg,1,2,8,png,largest_inner_median,largest_inner_median,1.7,4.8,8.16,6.5,1424,7.261927092702751,32.0,78.0,0.41025641025641024,19272,21414.0,0.0,1.0,-0.5804801324775972,-0.5836788302873112,-0.5788189866257447,-0.5788189866257447,-0.5804801324775972,-0.5804801324775972,-56.472450256347656,56.472450256347656,-56.482391357421875,-56.7935791015625,-56.32078552246094,-56.32078552246094,-56.482391357421875,-56.482391357421875,-56.482391357421875,1007.0,1007.0,97.28575897216797,-58.19772796630859,-42.374596786499026,15.823131179809565,0.1626459139239108,1.0128624439239502,8.396981239318848,-0.003280432429164648,-0.013941576704382896,99.67961120605469,8.185918613549758,8,0.0
train,1-1-3-6_png.rf.aa3b09c58c224ab8f39001a4cdb94467.jpg,/mnt/tf_data/TechFin/home/group_6/Data/white_balance_copy_layers.v10-argmented-10x.coco-segmentation/train/1-1-3-6_png.rf.aa3b09c58c224ab8f39001a4cdb94467.jpg,2,3,1,png,largest_inner_median,largest_inner_median,1.1,3.6,3.9600000000000004,4.7,1571,7.360103972989152,121.0,43.0,2.813953488372093,52217,58019.0,0.0,1.2175074279785156,-0.06195081867292579,-0.042336775749354016,-0.043146343245930016,-0.043146343245930016,-0.06195081867292579,-0.06195081867292579,-9.662078857421875,9.662078857421875,-9.720779418945312,-6.66170072555542,-6.7879638671875,-6.7879638671875,-9.720779418945312,-9.720779418945312,-9.720779418945312,935.0,935.0,155.9636993408203,-14.376541137695312,-1.44842529296875,12.928115844726562,0.08289182610676184,1.0908931493759155,4.686515808105469,6.46611224510707e-05,-0.004384728614240885,156.30490112304688,2.1938401034171786,2,1.0
train,0-8-3-6-6-10-6_png.rf.3c754df6857757aa2a83519ece45ec81.jpg,/mnt/tf_data/TechFin/home/group_6/Data/white_balance_copy_layers.v10-argmented-10x.coco-segmentation/train/0-8-3-6-6-10-6_png.rf.3c754df6857757aa2a83519ece45ec81.jpg,3,4,6,6-10-6_png,largest_inner_median,largest_inner_median,0.8,3.6,2.8800000000000003,4.4,1818,7.506042178518122,38.0,123.0,0.3089430894308943,49276,54896.0,2.0,1.1838222564697265,-0.249716444096046,-0.24932416920966433,-0.246309993747492,-0.246309993747492,-0.249716444096046,-0.249716444096046,-40.830787658691406,40.830787658691406,-40.760986328125,-40.69684600830078,-40.204002380371094,-40.204002380371094,-40.760986328125,-40.760986328125,-40.760986328125,1131.0,1131.0,163.50860595703125,-41.40745391845703,-23.039750671386724,18.367703247070306,0.11233477980906516,1.2079274654388428,8.418244361877441,0.004897311795502901,-0.0035229770001024008,164.0157012939453,4.870715473805929,4,2.0
train,1-1-3-3_png.rf.c261063b5889868af9ae9be40720b604.jpg,/mnt/tf_data/TechFin/home/group_6/Data/white_balance_copy_layers.v10-argmented-10x.coco-segmentation/train/1-1-3-3_png.rf.c261063b5889868af9ae9be40720b604.jpg,5,6,1,png,largest_inner_median,largest_inner_median,1.1,3.3,3.63,4.4,1556,7.350516171833998,122.0,44.0,2.772727272727273,59528,66078.0,2.0,1.0,-0.05996946686245333,-0.031075087580414003,-0.037048561372713534,-0.037048561372713534,-0.05996946686245333,-0.05996946686245333,-10.084121704101562,10.084121704101562,-10.0833740234375,-5.224660873413086,-6.2291259765625,-6.2291259765625,-10.0833740234375,-10.0833740234375,-10.0833740234375,915.0,915.0,168.15426635742188,-14.725669860839844,-1.2279815673828125,13.497688293457031,0.080269674899398,0.9775474071502686,4.796867370605469,0.001330801984295249,-0.00471076974645257,168.24468994140625,2.1686963041977383,2,1.0
train,2-0-4-2_png.rf.9fd7f1b066f3c90e719b6d2d55cbceb7.jpg,/mnt/tf_data/TechFin/home/group_6/Data/white_balance_copy_layers.v10-argmented-10x.coco-segmentation/train/2-0-4-2_png.rf.9fd7f1b066f3c90e719b6d2d55cbceb7.jpg,6,9,7,png,largest_inner_median,largest_inner_median,2.0,4.2,8.4,6.2,444,6.09807428216624,46.0,18.0,2.5555555555555554,9983,11093.0,0.0,1.0,-0.4787113173222153,-0.48865963586529043,-0.467610822383395,-0.467610822383395,-0.4787113173222153,-0.4787113173222153,-45.41190719604492,45.41190719604492,-45.359439849853516,-46.303165435791016,-44.30641555786133,-44.30641555786133,-45.359439849853516,-45.359439849853516,-45.359439849853516,219.0,219.0,94.86282348632812,-46.439469528198245,-10.6655029296875,35.77396659851075,0.3771126062220421,0.7356270551681519,13.957002639770508,-0.006163114216178656,-0.0006495588459074497,95.46927642822266,6.600362068750452,7,0.0
train,2-0-3-3_png.rf.b2bec3551c0a2a760e881df5c7aaa583.jpg,/mnt/tf_data/TechFin/home/group_6/Data/white_balance_copy_layers.v10-argmented-10x.coco-segmentation/train/2-0-3-3_png.rf.b2bec3551c0a2a760e881df5c7aaa583.jpg,8,11,1,png,largest_inner_median,largest_inner_median,2.0,3.3,6.6,5.3,1658,7.413970290190444,44.0,121.0,0.36363636363636365,55002,61114.0,0.0,1.0,-0.07531026406308534,-0.053467767871240995,-0.05426405070110313,-0.05426405070110313,-0.07531026406308534,-0.07531026406308534,-7.423259735107422,7.423259735107422,-7.451057434082031,-5.2980637550354,-5.376552581787109,-5.376552581787109,-7.451057434082031,-7.451057434082031,-7.451057434082031,1018.0,1018.0,98.56903076171875,-11.905226135253907,-0.9162651062011723,10.988961029052735,0.11148492527655571,0.7988346815109253,3.830476760864258,-0.0035582019481807947,-0.0009809896582737565,99.1190414428711,1.4811121533910365,1,0.0
train,1-7-4-2_png.rf.a047f71a6422e7375350a29d88b6d6a6.jpg,/mnt/tf_data/TechFin/home/group_6/Data/white_balance_copy_layers.v10-argmented-10x.coco-segmentation/train/1-7-4-2_png.rf.a047f71a6422e7375350a29d88b6d6a6.jpg,9,12,1,png,largest_inner_median,largest_inner_median,1.7,4.2,7.14,5.9,1634,7.399398083331354,120.0,44.0,2.727272727272727,54149,60167.0,0.0,1.302003140258789,-0.06163482290465078,-0.039903822513940645,-0.042244104795368886,-0.042244104795368886,-0.06163482290465078,-0.06163482290465078,-7.076831817626953,7.076831817626953,-7.107311248779297,-4.612185478210449,-4.880893707275391,-4.880893707275391,-7.107311248779297,-7.107311248779297,-7.107311248779297,1000.0,1000.0,114.8187255859375,-11.498149108886718,-0.8972419738769529,10.600907135009765,0.0923273366858212,1.1389274597167969,3.8616480827331543,-0.0009183196234516799,-0.004797100555151701,115.42753601074219,1.6016551723490826,2,1.0
train,1-4-4-5-6-10-6_png.rf.e42d961d8ada7d8a4badb8588d4beb48.jpg,/mnt/tf_data/TechFin/home/group_6/Data/white_balance_copy_layers.v10-argmented-10x.coco-segmentation/train/1-4-4-5-6-10-6_png.rf.e42d961d8ada7d8a4badb8588d4beb48.jpg,10,13,6,6-10-6_png,largest_inner_median,largest_inner_median,1.4,4.5,6.3,5.9,1739,7.461640392208575,36.0,128.0,0.28125,41128,45699.0,1.0,1.1564261901855468,-0.32816873912127065,-0.3293850936671994,-0.32266734083242576,-0.32266734083242576,-0.32816873912127065,-0.32816873912127065,-40.41128921508789,40.41128921508789,-40.43687438964844,-40.5866584777832,-39.759422302246094,-39.759422302246094,-40.43687438964844,-40.43687438964844,-40.43687438964844,1007.0,1007.0,123.14179992675781,-41.02592010498047,-27.18419189453125,13.841728210449222,0.11240479040165074,1.1119693517684937,6.44391393661499,0.003171164309605956,-0.003386745462194085,123.79424285888672,5.278117833648068,6,0.0
train,2-0-4-5_png.rf.c21fd27c0f31014d59f632f0e5953064.jpg,/mnt/tf_data/TechFin/home/group_6/Data/white_balance_copy_layers.v10-argmented-10x.coco-segmentation/train/2-0-4-5_png.rf.c21fd27c0f31014d59f632f0e5953064.jpg,11,16,7,png,largest_inner_median,largest_inner_median,2.0,4.5,9.0,6.5,392,5.973809611869261,14.0,44.0,0.3181818181818182,7194,7994.0,0.0,1.0,-0.4843328316176217,-0.4897016899634375,-0.4754195306981907,-0.4754195306981907,-0.4843328316176217,-0.4843328316176217,-44.813934326171875,44.813934326171875,-44.790855407714844,-45.287620544433594,-43.96613311767578,-43.96613311767578,-44.790855407714844,-44.790855407714844,-44.790855407714844,189.0,189.0,92.52714538574219,-45.77312698364258,-21.52173995971677,24.25138702392581,0.2621002401276154,0.7397826313972473,10.302252769470215,-0.009843047708272934,-0.005755758378654718,93.32978057861328,6.671700346993531,7,0.0
train,2-0-4-2_png.rf.8f93d068564cccecf0bc3b23810aa59a.jpg,/mnt/tf_data/TechFin/home/group_6/Data/white_balance_copy_layers.v10-argmented-10x.coco-segmentation/train/2-0-4-2_png.rf.8f93d068564cccecf0bc3b23810aa59a.jpg,12,17,1,png,largest_inner_median,largest_inner_median,2.0,4.2,8.4,6.2,2488,7.819636302367592,88.0,38.0,2.3157894736842106,39289,43658.0,1.0,1.0,-0.0341701693910372,-0.037424334416317845,-0.03092569415766976,-0.03092569415766976,-0.0341701693910372,-0.0341701693910372,-3.2890586853027344,3.2890586853027344,-3.3140220642089844,-3.6272525787353516,-3.0017242431640625,-3.0017242431640625,-3.3140220642089844,-3.3140220642089844,-3.3140220642089844,1996.0,1996.0,96.25526428222656,-4.0490669250488285,-0.8667724609374976,3.182294464111331,0.03306099139451366,0.7823917269706726,1.2383352518081665,0.0023427344858646393,-0.004962194710969925,96.21814727783203,0.9590351174828655,1,0.0
train,1-1-4-2-6-10-6_png.rf.b5e8c426c587b636bf5b9a5a6345c102.jpg,/mnt/tf_data/TechFin/home/group_6/Data/white_balance_copy_layers.v10-argmented-10x.coco-segmentation/train/1-1-4-2-6-10-6_png.rf.b5e8c426c587b636bf5b9a5a6345c102.jpg,13,18,6,6-10-6_png,largest_inner_median,largest_inner_median,1.1,4.2,4.620000000000001,5.300000000000001,1896,7.5480289699350145,40.0,124.0,0.3225806451612903,54292,60381.0,2.0,1.088054793548584,-0.28896535561771125,-0.2961609034658331,-0.2825721488192511,-0.2825721488192511,-0.28896535561771125,-0.28896535561771125,-35.71934509277344,35.71934509277344,-35.804718017578125,-36.69416809082031,-35.01444625854492,-35.01444625854492,-35.804718017578125,-35.804718017578125,-35.804718017578125,1155.0,1155.0,123.61116790771484,-36.650814056396484,-19.136306762695312,17.514507293701172,0.14169033098026454,1.1312261819839478,9.899407386779785,0.0026522097177803516,-0.004146188497543335,124.43204498291016,5.074705534111608,6,0.0
train,2-0-3-6_png.rf.278350a21ebd2c9d12d8c2c2df467c77.jpg,/mnt/tf_data/TechFin/home/group_6/Data/white_balance_copy_layers.v10-argmented-10x.coco-segmentation/train/2-0-3-6_png.rf.278350a21ebd2c9d12d8c2c2df467c77.jpg,15,22,7,png,largest_inner_median,largest_inner_median,2.0,3.6,7.2,5.6,389,5.966146739123692,43.0,15.0,2.8666666666666667,7548,8388.0,0.0,1.0,-0.4644050101334191,-0.4660330159235928,-0.45528343355517314,-0.45528343355517314,-0.4644050101334191,-0.4644050101334191,-46.080101013183594,46.080101013183594,-46.011138916015625,-46.17267608642578,-45.10606002807617,-45.10606002807617,-46.011138916015625,-46.011138916015625,-46.011138916015625,186.0,186.0,99.22395324707031,-47.00587463378906,-31.582734680175797,15.423139953613266,0.15543766851547663,0.6752825975418091,7.637042999267578,-0.006287009920924902,0.0029944840352982283,99.6912612915039,6.418811819256419,6,1.0
train,2-0-4-8_png.rf.178a6e75eb1f3b8a723591d9016ed558.jpg,/mnt/tf_data/TechFin/home/group_6/Data/white_balance_copy_layers.v10-argmented-10x.coco-segmentation/train/2-0-4-8_png.rf.178a6e75eb1f3b8a723591d9016ed558.jpg,16,23,8,png,largest_inner_median,largest_inner_median,2.0,4.8,9.6,6.8,1424,7.261927092702751,32.0,77.0,0.4155844155844156,23508,26120.0,0.0,1.0,-0.6577308914986982,-0.6565162157283576,-0.6559255898554133,-0.6559255898554133,-0.6577308914986982,-0.6577308914986982,-55.84991455078125,55.84991455078125,-55.870513916015625,-55.767372131347656,-55.717220306396484,-55.717220306396484,-55.870513916015625,-55.870513916015625,-55.870513916015625,1011.0,1011.0,84.91301727294922,-57.153372573852536,-40.89322204589843,16.260150527954103,0.1914918471885948,1.100167989730835,8.396368026733398,0.003671567654237151,0.012635231018066406,82.74506378173828,8.872160648715855,9,1.0
train,2-3-3-3_png.rf.ee5b68fdab219ad64fdd5a480508e6bc.jpg,/mnt/tf_data/TechFin/home/group_6/Data/white_balance_copy_layers.v10-argmented-10x.coco-segmentation/train/2-3-3-3_png.rf.ee5b68fdab219ad64fdd5a480508e6bc.jpg,17,24,7,png,largest_inner_median,largest_inner_median,2.3,3.3,7.589999999999999,5.6,319,5.768320995793772,40.0,17.0,2.3529411764705883,6952,7726.0,0.0,1.0,-0.5331795539298876,-0.5396037730030118,-0.4155003724080883,-0.4155003724080883,-0.5331795539298876,-0.5331795539298876,-48.143402099609375,48.143402099609375,-48.146263122558594,-48.72633743286133,-37.52043151855469,-37.52043151855469,-48.146263122558594,-48.146263122558594,-48.146263122558594,112.0,112.0,90.29491424560547,-49.07557830810547,-8.304969787597658,40.770608520507814,0.45152718579044515,0.8035709261894226,15.656435012817383,0.005759650841355324,-0.0012261164374649525,89.87215423583984,6.997488780606521,7,0.0
train,1-7-3-6_png.rf.7a24a30753a2e8f5660f8bab6d9ea7a7.jpg,/mnt/tf_data/TechFin/home/group_6/Data/white_balance_copy_layers.v10-argmented-10x.coco-segmentation/train/1-7-3-6_png.rf.7a24a30753a2e8f5660f8bab6d9ea7a7.jpg,18,27,7,png,largest_inner_median,largest_inner_median,1.7,3.6,6.12,5.3,337,5.823045895483019,16.0,40.0,0.4,6651,7391.0,0.0,1.0,-0.42525927378721085,-0.4225230159485647,-0.32138912322049307,-0.32138912322049307,-0.42525927378721085,-0.42525927378721085,-55.35178756713867,55.35178756713867,-55.239925384521484,-54.88377380371094,-41.720176696777344,-41.720176696777344,-55.239925384521484,-55.239925384521484,-55.239925384521484,134.0,134.0,130.16009521484375,-57.26791687011719,-8.538729858398431,48.72918701171876,0.3743788519152956,0.813481330871582,18.537267684936523,0.0022270125336945057,0.00946126040071249,129.3152313232422,6.216131075086527,6,1.0
train,1-4-4-8_png.rf.0e318380d4efab00f328bb3ce2b4ff17.jpg,/mnt/tf_data/TechFin/home/group_6/Data/white_balance_copy_layers.v10-argmented-10x.coco-segmentation/train/1-4-4-8_png.rf.0e318380d4efab00f328bb3ce2b4ff17.jpg,19,30,1,png,largest_inner_median,largest_inner_median,1.4,4.8,6.72,6.199999999999999,2285,7.734558844354756,85.0,35.0,2.4285714285714284,37960,41896.0,0.0,1.0,-0.06545679129812466,-0.06856126322447319,-0.0643380824098891,-0.0643380824098891,-0.06545679129812466,-0.06545679129812466,-7.295574188232422,7.295574188232422,-7.2944793701171875,-7.6404924392700195,-7.169792175292969,-7.169792175292969,-7.2944793701171875,-7.2944793701171875,-7.2944793701171875,1815.0,1815.0,111.45633697509766,-7.706813049316406,-5.647715759277344,2.0590972900390625,0.01847447481159479,0.6761897802352905,1.0427378416061401,0.00315273180603981,-0.0009008616907522082,110.9811782836914,1.9442442460805094,2,1.0
train,1-4-4-2_png.rf.69caebdd51146651be23cb6bdcce4a7a.jpg,/mnt/tf_data/TechFin/home/group_6/Data/white_balance_copy_layers.v10-argmented-10x.coco-segmentation/train/1-4-4-2_png.rf.69caebdd51146651be23cb6bdcce4a7a.jpg,20,31,1,png,largest_inner_median,largest_inner_median,1.4,4.2,5.88,5.6,1597,7.37650812632622,43.0,121.0,0.35537190082644626,59005,65575.0,1.0,1.0,-0.09490031429357171,-0.05005108209700144,-0.05765177359891065,-0.05765177359891065,-0.09490031429357171,-0.09490031429357171,-12.14223861694336,12.14223861694336,-12.147083282470703,-6.408745288848877,-7.381233215332031,-7.381233215332031,-12.147083282470703,-12.147083282470703,-12.147083282470703,962.0,962.0,127.94729614257812,-16.754241943359375,-1.6201431274414029,15.134098815917973,0.1182838502429413,0.8240035176277161,5.388934135437012,0.0026578702963888645,0.001642757561057806,127.32368469238281,2.317889161939226,2,1.0
train,1-4-4-5-3-10-2_png.rf.2cfa18119e8fa5db8ce40d21c2f44d9a.jpg,/mnt/tf_data/TechFin/home/group_6/Data/white_balance_copy_layers.v10-argmented-10x.coco-segmentation/train/1-4-4-5-3-10-2_png.rf.2cfa18119e8fa5db8ce40d21c2f44d9a.jpg,21,32,7,3-10-2_png,largest_inner_median,largest_inner_median,1.4,4.5,6.3,5.9,419,6.040254711277414,23.0,41.0,0.5609756097560976,12318,13688.0,0.0,1.0,-0.5656901243703364,-0.5753591757707212,-0.556269147694373,-0.556269147694373,-0.5656901243703364,-0.5656901243703364,-48.21709442138672,48.21709442138672,-48.3293342590332,-49.15348434448242,-47.526329040527344,-47.526329040527344,-48.3293342590332,-48.3293342590332,-48.3293342590332,187.0,187.0,85.23587799072266,-49.321109008789065,-19.89488525390625,29.426223754882816,0.34523283444191966,0.6969522833824158,12.458904266357422,-5.6856366427382454e-05,-0.000744509045034647,85.30062866210938,8.292317527745698,8,1.0
train,2-0-4-2_png.rf.380aa718631558853039af31fbffa22c.jpg,/mnt/tf_data/TechFin/home/group_6/Data/white_balance_copy_layers.v10-argmented-10x.coco-segmentation/train/2-0-4-2_png.rf.380aa718631558853039af31fbffa22c.jpg,22,35,7,png,largest_inner_median,largest_inner_median,2.0,4.2,8.4,6.2,444,6.09807428216624,18.0,46.0,0.391304347826087,10043,11159.0,0.0,1.0,-0.47246498702751993,-0.477087374231206,-0.45817754251025905,-0.45817754251025905,-0.47246498702751993,-0.47246498702751993,-44.761566162109375,44.761566162109375,-44.731048583984375,-45.168975830078125,-43.37744903564453,-43.37744903564453,-44.731048583984375,-44.731048583984375,-44.731048583984375,219.0,219.0,94.74049377441406,-45.95282173156738,-12.166596984863283,33.7862247467041,0.3566186263199371,0.7147617936134338,13.431970596313477,0.0016241517150774598,-0.005459753796458244,95.19825744628906,6.521094735226943,7,0.0
train,2-3-3-9_png.rf.eaf71998d16c661baad7b43d55389a34.jpg,/mnt/tf_data/TechFin/home/group_6/Data/white_balance_copy_layers.v10-argmented-10x.coco-segmentation/train/2-3-3-9_png.rf.eaf71998d16c661baad7b43d55389a34.jpg,23,36,2,png,largest_inner_median,largest_inner_median,2.3,3.9,8.969999999999999,6.199999999999999,497,6.210600077024653,23.0,46.0,0.5,14266,15832.0,0.0,1.0,-0.10466362394248044,-0.11200068523409877,-0.09124452882491142,-0.09124452882491142,-0.10466362394248044,-0.10466362394248044,-10.991340637207031,10.991340637207031,-11.033729553222656,-11.804237365722656,-9.62451171875,-9.62451171875,-11.033729553222656,-11.033729553222656,-11.033729553222656,243.0,243.0,105.01586151123047,-11.82604522705078,-2.514779663085935,9.311265563964845,0.08866532569433896,0.48746392130851746,3.393857955932617,-0.0005079091060906649,-0.003358637448400259,105.35493469238281,1.5595254421492561,2,0.0
train,1-7-3-3_png.rf.e6e0cbad5a7484986c3200ec52be3d73.jpg,/mnt/tf_data/TechFin/home/group_6/Data/white_balance_copy_layers.v10-argmented-10x.coco-segmentation/train/1-7-3-3_png.rf.e6e0cbad5a7484986c3200ec52be3d73.jpg,24,37,8,png,largest_inner_median,largest_inner_median,1.7,3.3,5.609999999999999,5.0,1266,7.144407180321139,29.0,76.0,0.3815789473684211,22054,24532.0,2.0,1.0,-0.5531112218347218,-0.5573640264211456,-0.5522241313139146,-0.5522241313139146,-0.5531112218347218,-0.5531112218347218,-58.175926208496094,58.175926208496094,-58.15462112426758,-58.6019287109375,-58.061317443847656,-58.061317443847656,-58.15462112426758,-58.15462112426758,-58.15462112426758,869.0,869.0,105.17943572998047,-58.97922134399414,-46.83212471008301,12.147096633911133,0.11548927363610785,1.1658790111541748,6.927567005157471,0.0054198396392166615,0.014062386006116867,102.75624084472656,7.838600994123468,8,0.0
train,1-1-3-6_png.rf.6ec283c7e3d17349158b66b066c449b0.jpg,/mnt/tf_data/TechFin/home/group_6/Data/white_balance_copy_layers.v10-argmented-10x.coco-segmentation/train/1-1-3-6_png.rf.6ec283c7e3d17349158b66b066c449b0.jpg,25,40,7,png,largest_inner_median,largest_inner_median,1.1,3.6,3.9600000000000004,4.7,472,6.159095388491933,18.0,45.0,0.4,9739,10821.0,0.0,1.0,-0.3991419664708676,-0.41260294861359964,-0.38703731786553325,-0.38703731786553325,-0.3991419664708676,-0.3991419664708676,-52.170101165771484,52.170101165771484,-52.16169357299805,-53.921119689941406,-50.57954788208008,-50.57954788208008,-52.16169357299805,-52.16169357299805,-52.16169357299805,248.0,248.0,130.70562744140625,-54.19121170043945,-19.565575408935548,34.62563629150391,0.2649131255425568,0.7284526228904724,13.974869728088379,0.005053592845797539,-0.005913146771490574,131.0727996826172,6.4728714566539605,6,1.0
train,1-1-3-9-6-10-6_png.rf.ec1814077239426515a42107a5db6e2a.jpg,/mnt/tf_data/TechFin/home/group_6/Data/white_balance_copy_layers.v10-argmented-10x.coco-segmentation/train/1-1-3-9-6-10-6_png.rf.ec1814077239426515a42107a5db6e2a.jpg,26,41,6,6-10-6_png,largest_inner_median,largest_inner_median,1.1,3.9,4.29,5.0,1758,7.472500744737558,131.0,41.0,3.1951219512195124,58278,65666.0,2.0,1.0051257019042967,-0.29634526973111747,-0.29916594991012857,-0.29194237167304743,-0.29194237167304743,-0.29634068102088645,-0.29634526973111747,-36.953765869140625,36.953765869140625,-36.96643829345703,-37.318172454833984,-36.41740417480469,-36.41740417480469,-36.96586608886719,-36.96643829345703,-36.96643829345703,986.0,984.0,124.69834899902344,-37.584895324707034,-22.697666168212898,14.887229156494136,0.11938593634957208,1.207698106765747,6.886392593383789,0.00465694535523653,0.0016352776437997818,123.34475708007812,5.168358300744685,6,0.0
train,2-0-4-5_png.rf.711d1e951f6453b85407d50a852596eb.jpg,/mnt/tf_data/TechFin/home/group_6/Data/white_balance_copy_layers.v10-argmented-10x.coco-segmentation/train/2-0-4-5_png.rf.711d1e951f6453b85407d50a852596eb.jpg,28,43,1,png,largest_inner_median,largest_inner_median,2.0,4.5,9.0,6.5,1618,7.389563953677635,44.0,122.0,0.36065573770491804,55763,61959.0,0.0,1.0,-0.07276733519501839,-0.057393775120762575,-0.05537860155791534,-0.05537860155791534,-0.07276733519501839,-0.07276733519501839,-6.646873474121094,6.646873474121094,-6.771728515625,-5.367443084716797,-5.183368682861328,-5.183368682861328,-6.771728515625,-6.771728515625,-6.771728515625,975.0,975.0,91.34419250488281,-10.235755920410156,-0.7624084472656253,9.47334747314453,0.10371045179077074,0.8244761824607849,3.337167263031006,-0.0022671744227409363,-4.254317900631577e-06,91.53572082519531,1.4488418152562113,1,0.0
train,2-0-3-9_png.rf.020c72e45a94e2a9916a8a0692cefa61.jpg,/mnt/tf_data/TechFin/home/group_6/Data/white_balance_copy_layers.v10-argmented-10x.coco-segmentation/train/2-0-3-9_png.rf.020c72e45a94e2a9916a8a0692cefa61.jpg,30,45,8,png,largest_inner_median,largest_inner_median,2.0,3.9,7.8,5.9,1370,7.223295679562314,45.0,44.0,1.0227272727272727,25634,28477.0,0.0,1.0,-0.49440954458114683,-0.49023301211967013,-0.48969127999165984,-0.48969127999165984,-0.49440954458114683,-0.49440954458114683,-53.80259704589844,53.80259704589844,-53.77081298828125,-53.316314697265625,-53.257362365722656,-53.257362365722656,-53.77081298828125,-53.77081298828125,-53.77081298828125,1032.0,1032.0,108.8219223022461,-55.63833732604981,-28.016460418701158,27.62187690734865,0.25382640117889677,0.6990360021591187,12.376982688903809,-0.0029709592927247286,0.0030008398462086916,108.82575988769531,6.79957609637213,7,1.0
train,0-8-3-9-7-10-2_png.rf.028097a6c59a7a9fd476df2cfdcff7cd.jpg,/mnt/tf_data/TechFin/home/group_6/Data/white_balance_copy_layers.v10-argmented-10x.coco-segmentation/train/0-8-3-9-7-10-2_png.rf.028097a6c59a7a9fd476df2cfdcff7cd.jpg,32,47,7,7-10-2_png,largest_inner_median,largest_inner_median,0.8,3.9,3.12,4.7,525,6.26530121273771,42.0,24.0,1.75,13515,15017.0,0.0,1.0,-0.44328282986874334,-0.44533232849756116,-0.431617994933953,-0.431617994933953,-0.44328282986874334,-0.44328282986874334,-64.62151336669922,64.62151336669922,-64.55680084228516,-64.85557556152344,-62.85630798339844,-62.85630798339844,-64.55680084228516,-64.55680084228516,-64.55680084228516,285.0,285.0,145.7794189453125,-65.29954528808594,-30.56385803222656,34.735687255859375,0.23827565994682745,0.5844027996063232,15.384860038757324,0.003451398340985179,-0.0038215310778468847,145.6724395751953,7.3271163581803735,7,0.0
train,0-8-3-9-12-10-5_png.rf.09929a9f03a8e1892a86b127db5a1142.jpg,/mnt/tf_data/TechFin/home/group_6/Data/white_balance_copy_layers.v10-argmented-10x.coco-segmentation/train/0-8-3-9-12-10-5_png.rf.09929a9f03a8e1892a86b127db5a1142.jpg,33,48,9,12-10-5_png,largest_inner_median,largest_inner_median,0.8,3.9,3.12,4.7,689,6.536691597591305,26.0,48.0,0.5416666666666666,12809,14077.0,2.0,1.0,-0.5173129709609389,-0.5225262626813225,-0.4869064249498536,-0.4869064249498536,-0.5173129709609389,-0.5173129709609389,-74.72277069091797,74.72277069091797,-74.63567352294922,-75.38870239257812,-70.2436294555664,-70.2436294555664,-74.63567352294922,-74.63567352294922,-74.63567352294922,414.0,414.0,144.44403076171875,-76.31644439697266,-33.551457214355466,42.76498718261719,0.2960661438004607,0.8203227519989014,17.34596061706543,-0.009973624721169472,0.006797952111810446,144.32186889648438,8.266575465831304,8,1.0
train,2-0-4-5_png.rf.406f8d3647aa9fe444f9b9c36d80ea96.jpg,/mnt/tf_data/TechFin/home/group_6/Data/white_balance_copy_layers.v10-argmented-10x.coco-segmentation/train/2-0-4-5_png.rf.406f8d3647aa9fe444f9b9c36d80ea96.jpg,34,49,1,png,largest_inner_median,largest_inner_median,2.0,4.5,9.0,6.5,1616,7.388327859577107,122.0,44.0,2.772727272727273,55746,61940.0,0.0,1.0,-0.07666085905745726,-0.05076423910772678,-0.05128111138702775,-0.05128111138702775,-0.07666085905745726,-0.07666085905745726,-7.004615783691406,7.004615783691406,-7.129783630371094,-4.763571262359619,-4.810798645019531,-4.810798645019531,-7.129783630371094,-7.129783630371094,-7.129783630371094,973.0,973.0,91.37147521972656,-10.973194122314453,-0.7054290771484375,10.267765045166016,0.1123738565069076,0.8591100573539734,3.6409356594085693,0.00023256441636476666,-0.0029542557895183563,91.56655883789062,1.4982515070312017,1,0.0
train,2-0-4-8_png.rf.c504a10851b6f9771c6c56db08260556.jpg,/mnt/tf_data/TechFin/home/group_6/Data/white_balance_copy_layers.v10-argmented-10x.coco-segmentation/train/2-0-4-8_png.rf.c504a10851b6f9771c6c56db08260556.jpg,36,51,4,png,largest_inner_median,largest_inner_median,2.0,4.8,9.6,6.8,1991,7.596894438144544,136.0,41.0,3.317073170731707,65463,72959.0,2.0,1.0,-0.24865095313929786,-0.2527989266137787,-0.23232879251321906,-0.23232879251321906,-0.24865095313929786,-0.24865095313929786,-22.435531616210938,22.435531616210938,-22.480316162109375,-22.854583740234375,-21.007583618164062,-21.007583618164062,-22.480316162109375,-22.480316162109375,-22.480316162109375,1303.0,1303.0,90.22901916503906,-24.95661163330078,-9.190780639648438,15.765830993652344,0.1747312687153881,1.0334616899490356,6.715303421020508,-0.004275084473192692,-0.0011947551975026727,91.41644287109375,3.6808444067218855,4,0.0
train,1-7-3-3_png.rf.8af48321b5667b01e2f0f528367cc1f3.jpg,/mnt/tf_data/TechFin/home/group_6/Data/white_balance_copy_layers.v10-argmented-10x.coco-segmentation/train/1-7-3-3_png.rf.8af48321b5667b01e2f0f528367cc1f3.jpg,37,52,1,png,largest_inner_median,largest_inner_median,1.7,3.3,5.609999999999999,5.0,735,6.601230118728877,20.0,58.0,0.3448275862068966,14275,15861.0,0.0,1.0,-0.03776197206709661,-0.03635892939596677,-0.035419290104470216,-0.035419290104470216,-0.03776197206709661,-0.03776197206709661,-4.702045440673828,4.702045440673828,-4.698566436767578,-4.523862361907959,-4.4068603515625,-4.4068603515625,-4.698566436767578,-4.698566436767578,-4.698566436767578,450.0,450.0,124.51800537109375,-6.174893188476562,-2.638470458984375,3.5364227294921875,0.028400894464642227,0.6899294853210449,1.598600149154663,0.007731677498668432,-0.00010231034684693441,124.21440887451172,1.2987033365961074,1,0.0
train,2-0-3-3_png.rf.f6f9e37ce6fc453ed78c56e87a7f719c.jpg,/mnt/tf_data/TechFin/home/group_6/Data/white_balance_copy_layers.v10-argmented-10x.coco-segmentation/train/2-0-3-3_png.rf.f6f9e37ce6fc453ed78c56e87a7f719c.jpg,38,53,7,png,largest_inner_median,largest_inner_median,2.0,3.3,6.6,5.3,331,5.805134968916488,16.0,40.0,0.4,6513,7237.0,0.0,1.0,-0.4747310251854947,-0.47217313731790217,-0.3625542183098773,-0.3625542183098773,-0.4747310251854947,-0.4747310251854947,-54.81884002685547,54.81884002685547,-54.778724670410156,-54.48335647583008,-41.825279235839844,-41.825279235839844,-54.778724670410156,-54.778724670410156,-54.778724670410156,126.0,126.0,115.47347259521484,-56.0070686340332,-10.279914855957031,45.72715377807617,0.39599704373981975,0.864740252494812,17.289180755615234,-0.0030381481628865004,0.0077955699525773525,114.94229125976562,6.549851268098368,7,0.0
train,2-3-3-3_png.rf.3dc75ad8165f45a2dcef3edc204600b6.jpg,/mnt/tf_data/TechFin/home/group_6/Data/white_balance_copy_layers.v10-argmented-10x.coco-segmentation/train/2-3-3-3_png.rf.3dc75ad8165f45a2dcef3edc204600b6.jpg,39,56,2,png,largest_inner_median,largest_inner_median,2.3,3.3,7.589999999999999,5.6,474,6.163314804034641,45.0,24.0,1.875,14568,16188.0,0.0,1.0,-0.11239544932436615,-0.1148933309778519,-0.10617167663836376,-0.10617167663836376,-0.11239544932436615,-0.11239544932436615,-13.780445098876953,13.780445098876953,-13.819442749023438,-14.125699996948242,-13.056365966796875,-13.056365966796875,-13.819442749023438,-13.819442749023438,-13.819442749023438,220.0,220.0,122.6067886352539,-14.486591339111328,-5.655543518066406,8.831047821044923,0.07202739684599875,0.602492094039917,3.4134790897369385,0.0022438298910856247,-0.004591343924403191,122.61946105957031,1.657644041771173,2,0.0
train,1-4-3-9_png.rf.e572ab10d7439699836bcfc1f8710fe6.jpg,/mnt/tf_data/TechFin/home/group_6/Data/white_balance_copy_layers.v10-argmented-10x.coco-segmentation/train/1-4-3-9_png.rf.e572ab10d7439699836bcfc1f8710fe6.jpg,41,58,1,png,largest_inner_median,largest_inner_median,1.4,3.9,5.46,5.3,885,6.786716950605081,26.0,59.0,0.4406779661016949,19404,21560.0,0.0,1.0,-0.03437431538261874,-0.035348183607465195,-0.033142678873230566,-0.033142678873230566,-0.03437431538261874,-0.03437431538261874,-4.663856506347656,4.663856506347656,-4.626213073730469,-4.758346080780029,-4.4591064453125,-4.4591064453125,-4.626213073730469,-4.626213073730469,-4.626213073730469,572.0,572.0,135.67852783203125,-5.917623901367188,-1.7609008789062492,4.156723022460938,0.030636557522255272,0.573088526725769,1.7397003173828125,0.008338462561368942,-8.606239134678617e-05,135.2565460205078,1.5498006497783385,2,1.0
train,1-4-3-3_png.rf.1fab4d1ffd2f6dfd572e4aeed245223c.jpg,/mnt/tf_data/TechFin/home/group_6/Data/white_balance_copy_layers.v10-argmented-10x.coco-segmentation/train/1-4-3-3_png.rf.1fab4d1ffd2f6dfd572e4aeed245223c.jpg,42,59,8,png,largest_inner_median,largest_inner_median,1.4,3.3,4.619999999999999,4.699999999999999,1387,7.23561914106675,43.0,46.0,0.9347826086956522,25750,28612.0,0.0,1.0,-0.4132559173226098,-0.411356717696066,-0.40932722540561683,-0.40932722540561683,-0.4132559173226098,-0.4132559173226098,-63.811553955078125,63.811553955078125,-63.766273498535156,-63.47301483154297,-63.159637451171875,-63.159637451171875,-63.766273498535156,-63.766273498535156,-63.766273498535156,1049.0,1049.0,154.41171264648438,-67.50042572021485,-33.19123840332029,34.30918731689456,0.22219290705908576,0.6667147278785706,15.340507507324219,-0.0046348292380571365,-0.0011249842355027795,154.914794921875,6.357893224134157,6,2.0
train,0-8-3-6-2-10-3_png.rf.0591b67bd9a17e249414db228ef86049.jpg,/mnt/tf_data/TechFin/home/group_6/Data/white_balance_copy_layers.v10-argmented-10x.coco-segmentation/train/0-8-3-6-2-10-3_png.rf.0591b67bd9a17e249414db228ef86049.jpg,43,60,2,2-10-3_png,largest_inner_median,largest_inner_median,0.8,3.6,2.8800000000000003,4.4,5724,8.65259782842244,89.0,113.0,0.7876106194690266,119810,133137.0,2.0,1.1517319839477538,-0.06031758763158551,-0.059481932725179223,-0.06007990489125591,-0.06007990489125591,-0.06031758763158551,-0.06031758763158551,-10.327362060546875,10.327362060546875,-10.307266235351562,-10.164188385009766,-10.266571044921875,-10.266571044921875,-10.307266235351562,-10.307266235351562,-10.307266235351562,4923.0,4923.0,171.2164306640625,-10.734912109375,-9.455551147460938,1.2793609619140618,0.007472185683068287,1.1157830953598022,1.6110498905181885,-0.0021747129503637552,0.0003614681481849402,171.51783752441406,2.467201471818342,2,0.0
train,0-8-3-3_png.rf.a069ef56102f8f4f4001fb5f818fe68e.jpg,/mnt/tf_data/TechFin/home/group_6/Data/white_balance_copy_layers.v10-argmented-10x.coco-segmentation/train/0-8-3-3_png.rf.a069ef56102f8f4f4001fb5f818fe68e.jpg,44,63,7,png,largest_inner_median,largest_inner_median,0.8,3.3,2.64,4.1,456,6.124683390894205,16.0,45.0,0.35555555555555557,9201,10225.0,0.0,1.0,-0.2650975077301107,-0.27129860472948303,-0.2575143878418696,-0.2575143878418696,-0.2650975077301107,-0.2650975077301107,-40.54951477050781,40.54951477050781,-40.49598693847656,-41.44451141357422,-39.33606719970703,-39.33606719970703,-40.49598693847656,-40.49598693847656,-40.49598693847656,240.0,240.0,152.96075439453125,-42.289146423339844,-16.755226135253906,25.533920288085938,0.16693118695156517,0.6494449377059937,11.228790283203125,-0.0008019172819331288,-0.006174080073833466,153.5616912841797,5.0659046238358485,6,1.0
train,1-7-3-9_png.rf.f6e824a017338b20d3d7cc679c6162d0.jpg,/mnt/tf_data/TechFin/home/group_6/Data/white_balance_copy_layers.v10-argmented-10x.coco-segmentation/train/1-7-3-9_png.rf.f6e824a017338b20d3d7cc679c6162d0.jpg,45,64,8,png,largest_inner_median,largest_inner_median,1.7,3.9,6.63,5.6,1350,7.208600337960199,75.0,29.0,2.586206896551724,19283,21427.0,0.0,1.0,-0.5608317380239184,-0.5603708625181114,-0.5590601563027859,-0.5590601563027859,-0.5608317380239184,-0.5608317380239184,-56.99498748779297,56.99498748779297,-56.99146270751953,-56.94462585449219,-56.811424255371094,-56.811424255371094,-56.99146270751953,-56.99146270751953,-56.99146270751953,954.0,954.0,101.62582397460938,-57.64146614074707,-38.253368759155265,19.388097381591805,0.19077923920632425,1.0014526844024658,10.490384101867676,0.012151363305747509,-0.00550138158723712,100.11772155761719,7.9365760775516385,8,0.0
train,1-4-3-9-12-10-5_png.rf.373fa6206c7ba5a588d4e9022d0843de.jpg,/mnt/tf_data/TechFin/home/group_6/Data/white_balance_copy_layers.v10-argmented-10x.coco-segmentation/train/1-4-3-9-12-10-5_png.rf.373fa6206c7ba5a588d4e9022d0843de.jpg,46,65,9,12-10-5_png,largest_inner_median,largest_inner_median,1.4,3.9,5.46,5.3,680,6.523562306149512,49.0,27.0,1.8148148148148149,14109,15666.0,0.0,1.0,-0.6451052204097136,-0.6398740453405266,-0.6318913154214155,-0.6318913154214155,-0.6451052204097136,-0.6451052204097136,-56.23379135131836,56.23379135131836,-56.27091598510742,-55.81491470336914,-55.11906051635742,-55.11906051635742,-56.27091598510742,-56.27091598510742,-56.27091598510742,404.0,404.0,87.16995239257812,-56.906219482421875,-26.619703292846676,30.2865161895752,0.34744215590685434,0.8546091318130493,13.218117713928223,0.004905663896352053,0.005003828089684248,86.43356323242188,9.300112922411392,9,0.0
train,1-7-4-8_png.rf.7d33513dddba742167ebd36888babf65.jpg,/mnt/tf_data/TechFin/home/group_6/Data/white_balance_copy_layers.v10-argmented-10x.coco-segmentation/train/1-7-4-8_png.rf.7d33513dddba742167ebd36888babf65.jpg,47,66,8,png,largest_inner_median,largest_inner_median,1.7,4.8,8.16,6.5,1425,7.262628600974241,78.0,32.0,2.4375,19374,21512.0,0.0,1.0,-0.5813640154702302,-0.5772200805514338,-0.5798412534190277,-0.5798412534190277,-0.5813640154702302,-0.5813640154702302,-56.54705810546875,56.54705810546875,-56.54539489746094,-56.142330169677734,-56.397281646728516,-56.397281646728516,-56.54539489746094,-56.54539489746094,-56.54539489746094,1008.0,1008.0,97.26618194580078,-58.09002151489258,-42.813901519775385,15.276119995117192,0.1570547922157512,1.0166348218917847,8.334773063659668,0.013909976929426193,-0.004164568614214659,95.35726165771484,8.19713528712725,8,0.0
train,1-7-4-2_png.rf.32789a1e8c2f6ab00f623dd89d1da7ee.jpg,/mnt/tf_data/TechFin/home/group_6/Data/white_balance_copy_layers.v10-argmented-10x.coco-segmentation/train/1-7-4-2_png.rf.32789a1e8c2f6ab00f623dd89d1da7ee.jpg,48,67,1,png,largest_inner_median,largest_inner_median,1.7,4.2,7.14,5.9,1634,7.399398083331354,44.0,120.0,0.36666666666666664,54493,60548.0,0.0,1.3513658294677733,-0.05907117115961433,-0.03733063751599607,-0.04273422098907039,-0.04273422098907039,-0.05907117115961433,-0.05907117115961433,-6.780483245849609,6.780483245849609,-6.828510284423828,-4.333023548126221,-4.953273773193359,-4.953273773193359,-6.828510284423828,-6.828510284423828,-6.828510284423828,1000.0,1000.0,114.78498077392578,-10.803601837158203,-0.7282997131347655,10.075302124023438,0.08777543940062334,1.1450374126434326,3.6273374557495117,-0.00460085878148675,0.0008408420835621655,114.95532989501953,1.5691218562539495,2,1.0
train,1-1-4-2_png.rf.5624df89ba56137a1daaf428e75ca27c.jpg,/mnt/tf_data/TechFin/home/group_6/Data/white_balance_copy_layers.v10-argmented-10x.coco-segmentation/train/1-1-4-2_png.rf.5624df89ba56137a1daaf428e75ca27c.jpg,50,69,8,png,largest_inner_median,largest_inner_median,1.1,4.2,4.620000000000001,5.300000000000001,1283,7.157735484249907,79.0,29.0,2.7241379310344827,20138,22440.0,2.0,1.0,-0.5699063695607902,-0.576049891407704,-0.5666707365615411,-0.5666707365615411,-0.5699063695607902,-0.5699063695607902,-65.31132125854492,65.31132125854492,-65.3199462890625,-66.02399444580078,-64.94914245605469,-64.94914245605469,-65.3199462890625,-65.3199462890625,-65.3199462890625,875.0,875.0,114.60009002685547,-67.22339172363282,-51.45631790161134,15.767073822021473,0.13758343312231783,1.1520625352859497,8.668438911437988,0.015356145799160004,-0.004088088404387236,112.38938903808594,8.639910062532223,9,1.0
train,1-4-3-6_png.rf.e82e60f1217294b23e8c3288085ae12c.jpg,/mnt/tf_data/TechFin/home/group_6/Data/white_balance_copy_layers.v10-argmented-10x.coco-segmentation/train/1-4-3-6_png.rf.e82e60f1217294b23e8c3288085ae12c.jpg,51,70,2,png,largest_inner_median,largest_inner_median,1.4,3.6,5.04,5.0,487,6.1903154058531475,45.0,25.0,1.8,14958,16620.0,0.0,1.0,-0.11746829654252164,-0.11878377701011279,-0.10798010797289857,-0.10798010797289857,-0.11746829654252164,-0.11746829654252164,-15.787582397460938,15.787582397460938,-15.777885437011719,-15.954684257507324,-14.502685546875,-14.502685546875,-15.777885437011719,-15.777885437011719,-15.777885437011719,230.0,230.0,134.39866638183594,-16.34742126464844,-4.897726440429688,11.449694824218751,0.08519202706736222,0.484260231256485,4.36397647857666,-0.006789101287722588,-0.0010912370635196567,135.07406616210938,2.604281922405215,3,1.0
train,1-7-3-6_png.rf.eea1cfb43012c4a27199f9f69465bee7.jpg,/mnt/tf_data/TechFin/home/group_6/Data/white_balance_copy_layers.v10-argmented-10x.coco-segmentation/train/1-7-3-6_png.rf.eea1cfb43012c4a27199f9f69465bee7.jpg,52,71,4,png,largest_inner_median,largest_inner_median,1.7,3.6,6.12,5.3,2063,7.6324011266014535,137.0,41.0,3.341463414634146,63238,70309.0,1.0,1.0,-0.24867065285697865,-0.24470925187066592,-0.2414212612070539,-0.2414212612070539,-0.24867065285697865,-0.24867065285697865,-30.319904327392578,30.319904327392578,-30.327880859375,-29.84487533569336,-29.44397735595703,-29.44397735595703,-30.327880859375,-30.327880859375,-30.327880859375,1373.0,1373.0,121.9279556274414,-31.84948272705078,-14.236636352539064,17.61284637451172,0.1444528966624265,1.0238120555877686,7.541147708892822,-0.004145022016018629,-0.0016533219022676349,123.12882232666016,3.9751818374804717,4,0.0
train,1-7-3-6_png.rf.2999eec5fdaa05b98e4d36aaab435722.jpg,/mnt/tf_data/TechFin/home/group_6/Data/white_balance_copy_layers.v10-argmented-10x.coco-segmentation/train/1-7-3-6_png.rf.2999eec5fdaa05b98e4d36aaab435722.jpg,53,74,7,png,largest_inner_median,largest_inner_median,1.7,3.6,6.12,5.3,427,6.059123195581797,44.0,17.0,2.588235294117647,8864,9850.0,0.0,1.0,-0.4168511678374196,-0.4133192023720697,-0.40408032373857855,-0.40408032373857855,-0.4168511678374196,-0.4168511678374196,-45.83283233642578,45.83283233642578,-45.7225456237793,-45.334205627441406,-44.318389892578125,-44.318389892578125,-45.7225456237793,-45.7225456237793,-45.7225456237793,212.0,212.0,109.95011138916016,-46.67295150756836,-18.041752624511716,28.63119888305664,0.2604017269406728,0.7440111041069031,12.98369312286377,-0.006416801363229752,-0.0001036506291711703,110.5311508178711,6.109430323256431,6,1.0
train,1-7-3-3_png.rf.7f77fb374726033d7d5c31e26ff331ae.jpg,/mnt/tf_data/TechFin/home/group_6/Data/white_balance_copy_layers.v10-argmented-10x.coco-segmentation/train/1-7-3-3_png.rf.7f77fb374726033d7d5c31e26ff331ae.jpg,54,75,1,png,largest_inner_median,largest_inner_median,1.7,3.3,5.609999999999999,5.0,1626,7.394493107219038,122.0,43.0,2.8372093023255816,53015,58907.0,0.0,1.0,-0.07057344539409528,-0.04522359958068314,-0.04972803881046479,-0.04972803881046479,-0.07057344539409528,-0.07057344539409528,-8.717815399169922,8.717815399169922,-8.788516998291016,-5.657094478607178,-6.213520050048828,-6.213520050048828,-8.788516998291016,-8.788516998291016,-8.788516998291016,988.0,988.0,123.52826690673828,-13.499557495117188,-0.8309745788574219,12.668582916259766,0.10255614551626736,0.845628023147583,4.562620639801025,-0.0006297791842371225,0.0035038820933550596,123.37384033203125,1.7150882981498836,2,1.0
train,2-0-3-3_png.rf.a43f2f4d8dd2433f2725c38b85032347.jpg,/mnt/tf_data/TechFin/home/group_6/Data/white_balance_copy_layers.v10-argmented-10x.coco-segmentation/train/2-0-3-3_png.rf.a43f2f4d8dd2433f2725c38b85032347.jpg,55,76,4,png,largest_inner_median,largest_inner_median,2.0,3.3,6.6,5.3,4185,8.339500903005945,70.0,122.0,0.5737704918032787,95570,106798.0,2.0,1.0,-0.1728822469825281,-0.17245256390176816,-0.17231898713913002,-0.17231898713913002,-0.1728822469825281,-0.1728822469825281,-16.742000579833984,16.742000579833984,-16.727642059326172,-16.686031341552734,-16.673095703125,-16.673095703125,-16.727642059326172,-16.727642059326172,-16.727642059326172,3442.0,3442.0,96.84048461914062,-17.469758605957033,-13.308427429199218,4.161331176757814,0.04297098670172622,1.0671125650405884,6.5359344482421875,-0.0063508981838822365,-0.005609850399196148,99.07343292236328,2.7193225181541405,3,1.0
train,1-7-4-5_png.rf.1a768d6a1a845584e9da7cdd358eae0d.jpg,/mnt/tf_data/TechFin/home/group_6/Data/white_balance_copy_layers.v10-argmented-10x.coco-segmentation/train/1-7-4-5_png.rf.1a768d6a1a845584e9da7cdd358eae0d.jpg,56,79,7,png,largest_inner_median,largest_inner_median,1.7,4.5,7.6499999999999995,6.2,438,6.0844994130751715,45.0,16.0,2.8125,8608,9573.0,1.0,1.0,-0.41282590933953484,-0.4075064850488437,-0.4088829311064633,-0.4088829311064633,-0.41282590933953484,-0.41282590933953484,-43.19816589355469,43.19816589355469,-43.235557556152344,-42.678932189941406,-42.82296371459961,-42.82296371459961,-43.235557556152344,-43.235557556152344,-43.235557556152344,222.0,222.0,104.64015197753906,-46.18847122192383,-26.600597381591793,19.587873840332033,0.18719271207228902,0.8181763291358948,9.038555145263672,-0.007935646921396255,0.005919195711612701,105.1787338256836,6.058348889387791,6,1.0
train,1-7-4-5_png.rf.5333a9c820a46dc6c7df66c08db054ee.jpg,/mnt/tf_data/TechFin/home/group_6/Data/white_balance_copy_layers.v10-argmented-10x.coco-segmentation/train/1-7-4-5_png.rf.5333a9c820a46dc6c7df66c08db054ee.jpg,57,80,1,png,largest_inner_median,largest_inner_median,1.7,4.5,7.6499999999999995,6.2,749,6.620073206530356,21.0,58.0,0.3620689655172414,14606,16230.0,0.0,1.0,-0.01794180447831897,-0.016589422322306046,-0.017544136258546207,-0.017544136258546207,-0.01794180447831897,-0.01794180447831897,-1.9360618591308594,1.9360618591308594,-1.9198799133300781,-1.7739472389221191,-1.8769683837890625,-1.8769683837890625,-1.9198799133300781,-1.9198799133300781,-1.9198799133300781,458.0,458.0,107.90786743164062,-2.438215637207031,-1.223724365234375,1.2144912719726562,0.01125489087014006,0.6218981742858887,0.7310479283332825,0.00796718243509531,-0.0017718159360811114,107.78495025634766,1.047180960956492,1,0.0
train,1-7-4-2-3-10_png.rf.8ce645a92ad1405520d28785dbd84b4b.jpg,/mnt/tf_data/TechFin/home/group_6/Data/white_balance_copy_layers.v10-argmented-10x.coco-segmentation/train/1-7-4-2-3-10_png.rf.8ce645a92ad1405520d28785dbd84b4b.jpg,58,81,3,3-10_png,largest_inner_median,largest_inner_median,1.7,4.2,7.14,5.9,989,6.897704943128636,40.0,42.0,0.9523809523809523,21673,24083.0,0.0,1.0,-0.212462027516811,-0.2168889640049226,-0.20889959279154083,-0.20889959279154083,-0.212462027516811,-0.212462027516811,-13.628570556640625,13.628570556640625,-13.712882995605469,-13.99685287475586,-13.484367370605469,-13.484367370605469,-13.712882995605469,-13.712882995605469,-13.712882995605469,677.0,677.0,64.14591217041016,-13.961112976074219,-11.474971771240234,2.4861412048339844,0.03875759375327451,0.5546600818634033,1.8810306787490845,-0.0013385252095758915,0.0008893836638890207,64.17649841308594,3.51568625433715,4,1.0
train,1-4-4-2_png.rf.c4e8e3a85761998c13e6a005b0a4ea0b.jpg,/mnt/tf_data/TechFin/home/group_6/Data/white_balance_copy_layers.v10-argmented-10x.coco-segmentation/train/1-4-4-2_png.rf.c4e8e3a85761998c13e6a005b0a4ea0b.jpg,59,82,1,png,largest_inner_median,largest_inner_median,1.4,4.2,5.88,5.6,804,6.690842277418564,24.0,55.0,0.43636363636363634,16309,18100.0,0.0,1.0,-0.04536445018531061,-0.0463461225798686,-0.04310350506228221,-0.04310350506228221,-0.04536445018531061,-0.04536445018531061,-5.779575347900391,5.779575347900391,-5.780941009521484,-5.906009197235107,-5.492889404296875,-5.492889404296875,-5.780941009521484,-5.780941009521484,-5.780941009521484,502.0,502.0,127.40318298339844,-6.858399200439453,-1.4931129455566394,5.365286254882814,0.042112654717441,0.5929001569747925,2.0005481243133545,0.008119554258883,-0.0009891455993056297,127.12354278564453,1.6892679273273854,2,1.0
train,1-4-3-6_png.rf.2b58670e6692724f75f941678678d328.jpg,/mnt/tf_data/TechFin/home/group_6/Data/white_balance_copy_layers.v10-argmented-10x.coco-segmentation/train/1-4-3-6_png.rf.2b58670e6692724f75f941678678d328.jpg,60,83,4,png,largest_inner_median,largest_inner_median,1.4,3.6,5.04,5.0,2027,7.614805364711073,137.0,41.0,3.341463414634146,66479,74199.0,2.0,1.0,-0.1869067449782744,-0.18843537427369497,-0.18495709893084902,-0.18495709893084902,-0.1869067449782744,-0.1869067449782744,-27.37291717529297,27.37291717529297,-27.37335968017578,-27.597230911254883,-27.08782958984375,-27.08782958984375,-27.37335968017578,-27.37335968017578,-27.37335968017578,1336.0,1336.0,146.4522705078125,-29.05787353515625,-17.897390747070308,11.160482788085943,0.07620559756013197,1.027201771736145,5.607331275939941,-0.004151529166847467,-0.003577608847990632,147.8008270263672,3.485471419570642,3,1.0
train,2-0-3-9_png.rf.2ceb7fabf286ead93c1efbd48668938f.jpg,/mnt/tf_data/TechFin/home/group_6/Data/white_balance_copy_layers.v10-argmented-10x.coco-segmentation/train/2-0-3-9_png.rf.2ceb7fabf286ead93c1efbd48668938f.jpg,62,86,8,png,largest_inner_median,largest_inner_median,2.0,3.9,7.8,5.9,1324,7.1891677384203225,77.0,27.0,2.8518518518518516,20918,23244.0,0.0,1.0,-0.6263565974605353,-0.6272859907182996,-0.6255360369659403,-0.6255360369659403,-0.6263565974605353,-0.6263565974605353,-57.03759765625,57.03759765625,-57.023529052734375,-57.10816192626953,-56.94880676269531,-56.94880676269531,-57.023529052734375,-57.023529052734375,-57.023529052734375,930.0,930.0,91.0625,-59.26652145385742,-49.79217720031737,9.474344253540053,0.10404221555019963,1.1127278804779053,7.405470848083496,-0.012170993722975254,0.0026228318456560373,92.79126739501953,8.47401381493415,8,0.0
train,2-0-3-9_png.rf.aaf80af6a94946e22f7007c669d6e6aa.jpg,/mnt/tf_data/TechFin/home/group_6/Data/white_balance_copy_layers.v10-argmented-10x.coco-segmentation/train/2-0-3-9_png.rf.aaf80af6a94946e22f7007c669d6e6aa.jpg,63,87,4,png,largest_inner_median,largest_inner_median,2.0,3.9,7.8,5.9,2050,7.62608275807238,138.0,43.0,3.2093023255813953,73462,81237.0,1.0,1.0,-0.21306627990156826,-0.20592199146965376,-0.20522834533041034,-0.20522834533041034,-0.21306627990156826,-0.21306627990156826,-20.41080093383789,20.41080093383789,-20.45873260498047,-19.774341583251953,-19.70789337158203,-19.70789337158203,-20.45873260498047,-20.45873260498047,-20.45873260498047,1346.0,1346.0,95.79554748535156,-23.244683074951173,-9.799181365966794,13.445501708984379,0.1403562280495383,0.9013341665267944,5.843808650970459,-0.00322370370849967,-0.0008928047609515488,96.70986938476562,3.2292669158140406,3,1.0
train,2-0-3-9_png.rf.31bbe3b04ff0089d4e608dfa8b11b8af.jpg,/mnt/tf_data/TechFin/home/group_6/Data/white_balance_copy_layers.v10-argmented-10x.coco-segmentation/train/2-0-3-9_png.rf.31bbe3b04ff0089d4e608dfa8b11b8af.jpg,64,88,8,png,largest_inner_median,largest_inner_median,2.0,3.9,7.8,5.9,1370,7.223295679562314,44.0,45.0,0.9777777777777777,25615,28463.0,0.0,1.0,-0.4922817585833147,-0.48649567186409454,-0.4877040047825667,-0.4877040047825667,-0.4922817585833147,-0.4922817585833147,-53.56462860107422,53.56462860107422,-53.51959991455078,-52.89002227783203,-53.02149963378906,-53.02149963378906,-53.51959991455078,-53.51959991455078,-53.51959991455078,1032.0,1032.0,108.80888366699219,-56.369184494018555,-28.926261138916004,27.44292335510255,0.2522121579621308,0.7005690336227417,12.312846183776855,0.0022747258190065622,0.0018110178643837571,108.44666290283203,6.7725740144457145,7,1.0
train,1-7-4-8_png.rf.306bbe0df044d497ac1980ac202f60f5.jpg,/mnt/tf_data/TechFin/home/group_6/Data/white_balance_copy_layers.v10-argmented-10x.coco-segmentation/train/1-7-4-8_png.rf.306bbe0df044d497ac1980ac202f60f5.jpg,65,89,8,png,largest_inner_median,largest_inner_median,1.7,4.8,8.16,6.5,1426,7.2633296174768365,78.0,32.0,2.4375,18914,20939.0,0.0,1.0,-0.5791177587842764,-0.5769598469613266,-0.5777914816693605,-0.5777914816693605,-0.5791177587842764,-0.5791177587842764,-56.318450927734375,56.318450927734375,-56.32912063598633,-56.119266510009766,-56.20014190673828,-56.20014190673828,-56.32912063598633,-56.32912063598633,-56.32912063598633,1009.0,1009.0,97.24870300292969,-58.09467315673828,-41.4869499206543,16.607723236083984,0.17077578130356827,1.0173755884170532,8.42762565612793,-0.014643850736320019,0.0042091547511518,99.26805877685547,8.168629785576023,8,0.0
train,1-7-3-6_png.rf.886cdf7531781f28c0d9e337e0a771d2.jpg,/mnt/tf_data/TechFin/home/group_6/Data/white_balance_copy_layers.v10-argmented-10x.coco-segmentation/train/1-7-3-6_png.rf.886cdf7531781f28c0d9e337e0a771d2.jpg,67,91,7,png,largest_inner_median,largest_inner_median,1.7,3.6,6.12,5.3,337,5.823045895483019,16.0,40.0,0.4,6651,7391.0,0.0,1.0,-0.42525927378721085,-0.4225230159485647,-0.32138912322049307,-0.32138912322049307,-0.42525927378721085,-0.42525927378721085,-55.35178756713867,55.35178756713867,-55.239925384521484,-54.88377380371094,-41.720176696777344,-41.720176696777344,-55.239925384521484,-55.239925384521484,-55.239925384521484,134.0,134.0,130.16009521484375,-57.26791687011719,-8.538729858398431,48.72918701171876,0.3743788519152956,0.813481330871582,18.537267684936523,0.0022270125336945057,0.00946126040071249,129.3152313232422,6.216131075086527,6,1.0
train,1-7-4-2_png.rf.cc529869b16b37659db27d3c33d21d28.jpg,/mnt/tf_data/TechFin/home/group_6/Data/white_balance_copy_layers.v10-argmented-10x.coco-segmentation/train/1-7-4-2_png.rf.cc529869b16b37659db27d3c33d21d28.jpg,68,94,1,png,largest_inner_median,largest_inner_median,1.7,4.2,7.14,5.9,860,6.7580945044277305,22.0,60.0,0.36666666666666664,16298,18110.0,0.0,1.0,-0.024840982087666035,-0.023069756971840757,-0.022952216091263144,-0.022952216091263144,-0.024840982087666035,-0.024840982087666035,-2.8970603942871094,2.8970603942871094,-2.897918701171875,-2.6913509368896484,-2.677642822265625,-2.677642822265625,-2.897918701171875,-2.897918701171875,-2.897918701171875,554.0,554.0,116.62422943115234,-4.617286682128906,-1.0249061584472656,3.5923805236816406,0.030803037595222505,0.5442739129066467,1.9715049266815186,0.00927073322236538,-0.00026849660207517445,116.24759674072266,1.1347330734444387,1,0.0
train,2-0-3-9_png.rf.79bbc26fb43260c5513272359c47d103.jpg,/mnt/tf_data/TechFin/home/group_6/Data/white_balance_copy_layers.v10-argmented-10x.coco-segmentation/train/2-0-3-9_png.rf.79bbc26fb43260c5513272359c47d103.jpg,69,95,4,png,largest_inner_median,largest_inner_median,2.0,3.9,7.8,5.9,2047,7.6246189861593985,138.0,43.0,3.2093023255813953,73344,81209.0,2.0,1.0,-0.20897548364443866,-0.20524061086294534,-0.2008864985957984,-0.2008864985957984,-0.20897548364443866,-0.20897548364443866,-20.015724182128906,20.015724182128906,-20.051254272460938,-19.693527221679688,-19.2764892578125,-19.2764892578125,-20.051254272460938,-20.051254272460938,-20.051254272460938,1343.0,1343.0,95.7802505493164,-23.71439971923828,-10.181185913085935,13.533213806152345,0.14129440806989968,0.9115433692932129,5.846336841583252,0.003290103515610099,0.0012646951945498586,94.70596313476562,3.177353793069636,3,1.0
train,2-0-3-3_png.rf.dc3c46c671b3ce40bdaeb22e319cf433.jpg,/mnt/tf_data/TechFin/home/group_6/Data/white_balance_copy_layers.v10-argmented-10x.coco-segmentation/train/2-0-3-3_png.rf.dc3c46c671b3ce40bdaeb22e319cf433.jpg,70,96,1,png,largest_inner_median,largest_inner_median,2.0,3.3,6.6,5.3,1655,7.412160334945205,121.0,44.0,2.75,55101,61225.0,0.0,1.0,-0.07313364300408344,-0.05323897348613562,-0.05290377684815132,-0.05290377684815132,-0.07313364300408344,-0.07313364300408344,-7.20684814453125,7.20684814453125,-7.2336273193359375,-5.273136138916016,-5.240104675292969,-5.240104675292969,-7.2336273193359375,-7.2336273193359375,-7.2336273193359375,1015.0,1015.0,98.54354095458984,-11.884992980957032,-1.090937805175781,10.794055175781251,0.10953589724115245,0.8242526650428772,3.846468210220337,0.0009043212630786002,-0.003490437287837267,98.6312026977539,1.4534903435766051,1,0.0
train,1-1-4-5_png.rf.55463f70784d45b581f5ce192fe81ddb.jpg,/mnt/tf_data/TechFin/home/group_6/Data/white_balance_copy_layers.v10-argmented-10x.coco-segmentation/train/1-1-4-5_png.rf.55463f70784d45b581f5ce192fe81ddb.jpg,71,97,1,png,largest_inner_median,largest_inner_median,1.1,4.5,4.95,5.6,1577,7.363913501405819,43.0,121.0,0.35537190082644626,46371,51584.0,2.0,1.0106343246459961,-0.06469946018638421,-0.03469802695010727,-0.04532991070419211,-0.04532991070419211,-0.06469946018638421,-0.06469946018638421,-7.9687347412109375,7.9687347412109375,-8.006057739257812,-4.310919284820557,-5.620399475097656,-5.620399475097656,-8.006057739257812,-8.006057739257812,-8.006057739257812,942.0,942.0,123.16539764404297,-10.8673583984375,-0.7777130126953121,10.089645385742188,0.0819194804607541,1.0165077447891235,3.641317129135132,0.0028382136952131987,-0.0011579911224544048,123.17495727539062,2.2287209811973536,2,1.0
train,1-4-4-5_png.rf.b93fd7189329b164dc69a26d4dbc38b5.jpg,/mnt/tf_data/TechFin/home/group_6/Data/white_balance_copy_layers.v10-argmented-10x.coco-segmentation/train/1-4-4-5_png.rf.b93fd7189329b164dc69a26d4dbc38b5.jpg,72,98,1,png,largest_inner_median,largest_inner_median,1.4,4.5,6.3,5.9,775,6.654152520183219,60.0,23.0,2.608695652173913,17284,19206.0,0.0,1.0,-0.053256744415748805,-0.05348609295465408,-0.05166553262032548,-0.05166553262032548,-0.053256744415748805,-0.053256744415748805,-6.300518035888672,6.300518035888672,-6.37994384765625,-6.407076835632324,-6.1916961669921875,-6.1916961669921875,-6.37994384765625,-6.37994384765625,-6.37994384765625,468.0,468.0,118.30460357666016,-7.507698059082031,-2.726930236816404,4.780767822265627,0.04041066600732692,0.5176316499710083,1.8414403200149536,0.0004704346356447786,-0.0053253439255058765,118.49327087402344,1.7894229126571068,2,1.0
train,2-0-4-2_png.rf.040967dbb938b9741e12abfd348806b4.jpg,/mnt/tf_data/TechFin/home/group_6/Data/white_balance_copy_layers.v10-argmented-10x.coco-segmentation/train/2-0-4-2_png.rf.040967dbb938b9741e12abfd348806b4.jpg,73,99,1,png,largest_inner_median,largest_inner_median,2.0,4.2,8.4,6.2,804,6.690842277418564,21.0,59.0,0.3559322033898305,14819,16467.0,0.0,1.0,-0.035065731269447224,-0.03625010726408712,-0.032560074822206714,-0.032560074822206714,-0.035065731269447224,-0.035065731269447224,-3.2797775268554688,3.2797775268554688,-3.2906723022460938,-3.401449680328369,-3.0563125610351562,-3.0563125610351562,-3.2906723022460938,-3.2906723022460938,-3.2906723022460938,509.0,509.0,93.53227233886719,-3.6710830688476563,-1.7508247375488268,1.9202583312988295,0.020530436001188323,0.5951096415519714,0.8401768207550049,0.010229106992483139,0.0008940156549215317,93.00554656982422,0.9703999987423713,1,0.0
train,2-0-4-5_png.rf.e581bb76472daa0ce257aec0ecd4fc21.jpg,/mnt/tf_data/TechFin/home/group_6/Data/white_balance_copy_layers.v10-argmented-10x.coco-segmentation/train/2-0-4-5_png.rf.e581bb76472daa0ce257aec0ecd4fc21.jpg,74,100,1,png,largest_inner_median,largest_inner_median,2.0,4.5,9.0,6.5,745,6.61472560020376,61.0,19.0,3.210526315789474,13934,15484.0,0.0,1.0,-0.030998970817977596,-0.03726667999330762,-0.028981707628443286,-0.028981707628443286,-0.030998970817977596,-0.030998970817977596,-2.848339080810547,2.848339080810547,-2.9319610595703125,-3.507869243621826,-2.7466049194335938,-2.7466049194335938,-2.9319610595703125,-2.9319610595703125,-2.9319610595703125,449.0,449.0,91.88495635986328,-3.5280075073242188,-1.481932067871093,2.0460754394531255,0.02226779573622219,0.6556423306465149,0.9199470281600952,0.0006583320791833103,0.009502706117928028,91.45049285888672,0.9187918957669938,1,0.0
train,1-1-3-6_png.rf.69d069acf7deaf8b412b4af9e3d03ddc.jpg,/mnt/tf_data/TechFin/home/group_6/Data/white_balance_copy_layers.v10-argmented-10x.coco-segmentation/train/1-1-3-6_png.rf.69d069acf7deaf8b412b4af9e3d03ddc.jpg,75,103,7,png,largest_inner_median,largest_inner_median,1.1,3.6,3.9600000000000004,4.7,472,6.159095388491933,45.0,18.0,2.5,9657,10731.0,0.0,1.0,-0.4006695401721768,-0.4039819799539598,-0.3892290713819681,-0.3892290713819681,-0.4006695401721768,-0.4006695401721768,-52.3621826171875,52.3621826171875,-52.35597229003906,-52.78886413574219,-50.86085510253906,-50.86085510253906,-52.35597229003906,-52.35597229003906,-52.35597229003906,247.0,247.0,130.68670654296875,-53.87009124755859,-20.3601448059082,33.50994644165039,0.2564143464020389,0.760158896446228,13.914328575134277,-0.006058525759726763,-0.003091305261477828,131.36483764648438,6.4922567098107224,6,1.0
train,1-1-3-6-2-10-3_png.rf.cd210df0072d18ae58611c1c1506502f.jpg,/mnt/tf_data/TechFin/home/group_6/Data/white_balance_copy_layers.v10-argmented-10x.coco-segmentation/train/1-1-3-6-2-10-3_png.rf.cd210df0072d18ae58611c1c1506502f.jpg,77,105,2,2-10-3_png,largest_inner_median,largest_inner_median,1.1,3.6,3.9600000000000004,4.7,5829,8.670772279344538,113.0,90.0,1.2555555555555555,125240,139155.0,0.0,1.2956235443115234,-0.08118543368562489,-0.0848461518136597,-0.07935384129644242,-0.07935384129644242,-0.08118543368562489,-0.08118543368562489,-11.111530303955078,11.111530303955078,-11.09707260131836,-11.598100662231445,-10.846389770507812,-10.846389770507812,-11.09707260131836,-11.09707260131836,-11.09707260131836,5036.0,5036.0,136.86605834960938,-11.855982971191406,-9.167181396484375,2.68880157470703,0.01964549580173326,1.104472041130066,1.9612644910812378,0.0002283369831275195,-0.002155089285224676,137.1954803466797,2.4379316854301774,2,0.0
train,0-8-4-5-6-10-6_png.rf.7f011d36d65336502f3ad79d08728bb8.jpg,/mnt/tf_data/TechFin/home/group_6/Data/white_balance_copy_layers.v10-argmented-10x.coco-segmentation/train/0-8-4-5-6-10-6_png.rf.7f011d36d65336502f3ad79d08728bb8.jpg,78,106,6,6-10-6_png,largest_inner_median,largest_inner_median,0.8,4.5,3.6,5.3,2025,7.613818684808629,131.0,41.0,3.1951219512195124,59777,66727.0,2.0,1.1088733154296875,-0.3106898726439044,-0.3129630659156975,-0.3054059644036508,-0.3054059644036508,-0.3106898726439044,-0.3106898726439044,-42.38106918334961,42.38106918334961,-42.40867233276367,-42.71875762939453,-41.687896728515625,-41.687896728515625,-42.40867233276367,-42.40867233276367,-42.40867233276367,1276.0,1276.0,136.40956115722656,-43.45375213623047,-22.216033935546875,21.237718200683595,0.15569083296298314,1.1904034614562988,9.089635848999023,0.004384155385196209,0.0007042400538921356,135.20840454101562,5.644481968491533,6,0.0
train,0-8-4-2-2-10-3_png.rf.a6c5c2d39cb89c324f3008058cc2d42d.jpg,/mnt/tf_data/TechFin/home/group_6/Data/white_balance_copy_layers.v10-argmented-10x.coco-segmentation/train/0-8-4-2-2-10-3_png.rf.a6c5c2d39cb89c324f3008058cc2d42d.jpg,79,107,2,2-10-3_png,largest_inner_median,largest_inner_median,0.8,4.2,3.3600000000000003,5.0,5769,8.660427359502146,88.0,113.0,0.7787610619469026,123932,137709.0,1.0,1.0948472534179687,-0.06686498499331417,-0.06567136178772212,-0.0666274168553798,-0.0666274168553798,-0.06686498499331417,-0.06686498499331417,-10.255691528320312,10.255691528320312,-10.250946044921875,-10.067869186401367,-10.214508056640625,-10.214508056640625,-10.250946044921875,-10.250946044921875,-10.250946044921875,4991.0,4991.0,153.3791046142578,-10.67452392578125,-8.763967895507813,1.9105560302734368,0.012456429675205154,1.01909601688385,1.9586882591247559,-0.002683578059077263,0.0004920772043988109,153.7369842529297,2.550289414001585,3,1.0
train,0-8-3-9-6-10-6_png.rf.8f77484834ceda0b8894a7e73fd81063.jpg,/mnt/tf_data/TechFin/home/group_6/Data/white_balance_copy_layers.v10-argmented-10x.coco-segmentation/train/0-8-3-9-6-10-6_png.rf.8f77484834ceda0b8894a7e73fd81063.jpg,80,108,6,6-10-6_png,largest_inner_median,largest_inner_median,0.8,3.9,3.12,4.7,1821,7.507690077819904,129.0,39.0,3.3076923076923075,54516,61011.0,2.0,1.0306101516723631,-0.26904211657406174,-0.2682582396033569,-0.2636758267316179,-0.2636758267316179,-0.26904211657406174,-0.26904211657406174,-40.95950698852539,40.95950698852539,-40.9189567565918,-40.799617767333984,-40.10198211669922,-40.10198211669922,-40.9189567565918,-40.9189567565918,-40.9189567565918,1090.0,1090.0,152.2419891357422,-42.026275634765625,-25.36486053466797,16.661415100097656,0.10944034030744294,1.0682246685028076,7.794405460357666,0.00397263839840889,0.0006957346922717988,151.14332580566406,5.115962595493029,6,0.0
train,0-8-4-2-2-10-3_png.rf.e877450e1ac246ac22a5273582a6190e.jpg,/mnt/tf_data/TechFin/home/group_6/Data/white_balance_copy_layers.v10-argmented-10x.coco-segmentation/train/0-8-4-2-2-10-3_png.rf.e877450e1ac246ac22a5273582a6190e.jpg,82,110,2,2-10-3_png,largest_inner_median,largest_inner_median,0.8,4.2,3.3600000000000003,5.0,5766,8.659907293615413,113.0,88.0,1.2840909090909092,124416,138274.0,2.0,1.1002653854370117,-0.06687729462331615,-0.06790324656305198,-0.06663911443931052,-0.06663911443931052,-0.06687729462331615,-0.06687729462331615,-10.256927490234375,10.256927490234375,-10.259689331054688,-10.417038917541504,-10.223159790039062,-10.223159790039062,-10.259689331054688,-10.259689331054688,-10.259689331054688,4988.0,4988.0,153.36935424804688,-10.82470703125,-8.743812561035156,2.0808944702148438,0.013567863543647564,1.0286153554916382,2.0515921115875244,-0.0007049702689982951,-0.002709790365770459,154.00428771972656,2.5504456259693935,3,1.0
train,1-7-4-5_png.rf.be636a592116a79440aacb459acc2507.jpg,/mnt/tf_data/TechFin/home/group_6/Data/white_balance_copy_layers.v10-argmented-10x.coco-segmentation/train/1-7-4-5_png.rf.be636a592116a79440aacb459acc2507.jpg,83,111,4,png,largest_inner_median,largest_inner_median,1.7,4.5,7.6499999999999995,6.2,2062,7.631916513071252,136.0,41.0,3.317073170731707,64615,71577.0,1.0,1.0,-0.2943951706504533,-0.2945329587413983,-0.28535621523253984,-0.28535621523253984,-0.2943951706504533,-0.2943951706504533,-31.71729278564453,31.71729278564453,-31.740379333496094,-31.755224227905273,-30.76654815673828,-30.76654815673828,-31.740379333496094,-31.740379333496094,-31.740379333496094,1377.0,1377.0,107.73713684082031,-33.228825378417966,-14.353754425048828,18.87507095336914,0.1751955872120188,0.877430260181427,8.833892822265625,-0.0034532540012151003,-0.0018232277361676097,108.7651138305664,4.555436231843031,4,0.0
train,0-8-3-9-7-10-2_png.rf.c13d67d54c332544e633c7df241e9693.jpg,/mnt/tf_data/TechFin/home/group_6/Data/white_balance_copy_layers.v10-argmented-10x.coco-segmentation/train/0-8-3-9-7-10-2_png.rf.c13d67d54c332544e633c7df241e9693.jpg,84,112,7,7-10-2_png,largest_inner_median,largest_inner_median,0.8,3.9,3.12,4.7,539,6.29156913955832,24.0,42.0,0.5714285714285714,13488,14988.0,0.0,1.0,-0.44353198424686036,-0.44133532296260714,-0.4320610253026482,-0.4320610253026482,-0.44353198424686036,-0.44353198424686036,-64.63792419433594,64.63792419433594,-64.55058288574219,-64.23045349121094,-62.878868103027344,-62.878868103027344,-64.55058288574219,-64.55058288574219,-64.55058288574219,298.0,298.0,145.73452758789062,-66.09217529296875,-26.169789123535157,39.922386169433594,0.27393910578505093,0.5406862497329712,16.265167236328125,-0.0036790131125599146,-0.0026342265773564577,146.13511657714844,7.330278183165167,7,0.0
train,1-7-3-6_png.rf.1b40a332d727730aba621d7f56aabf6f.jpg,/mnt/tf_data/TechFin/home/group_6/Data/white_balance_copy_layers.v10-argmented-10x.coco-segmentation/train/1-7-3-6_png.rf.1b40a332d727730aba621d7f56aabf6f.jpg,86,114,1,png,largest_inner_median,largest_inner_median,1.7,3.6,6.12,5.3,835,6.728628613084702,22.0,61.0,0.36065573770491804,16634,18484.0,0.0,1.0,-0.028273904896583425,-0.02657339603176408,-0.02655680564407417,-0.02655680564407417,-0.028273904896583425,-0.028273904896583425,-3.443164825439453,3.443164825439453,-3.4863662719726562,-3.279280185699463,-3.2772598266601562,-3.2772598266601562,-3.4863662719726562,-3.4863662719726562,-3.4863662719726562,523.0,523.0,121.77889251708984,-4.30888671875,-2.091473388671875,2.2174133300781254,0.01820851942603226,0.5514566898345947,1.5270397663116455,0.009728128090500832,0.0009116984438151121,121.23171997070312,1.1782976344613305,1,0.0
train,1-4-3-3_png.rf.26051aa60ae8e2e242a1dc448254d494.jpg,/mnt/tf_data/TechFin/home/group_6/Data/white_balance_copy_layers.v10-argmented-10x.coco-segmentation/train/1-4-3-3_png.rf.26051aa60ae8e2e242a1dc448254d494.jpg,89,117,1,png,largest_inner_median,largest_inner_median,1.4,3.3,4.619999999999999,4.699999999999999,1595,7.375255778009754,121.0,43.0,2.813953488372093,50573,56193.0,0.0,1.0,-0.061714710304806616,-0.03570344058034138,-0.04065553781692642,-0.04065553781692642,-0.061714710304806616,-0.061714710304806616,-9.595191955566406,9.595191955566406,-9.653617858886719,-5.6094746589660645,-6.3794097900390625,-6.3794097900390625,-9.653617858886719,-9.653617858886719,-9.653617858886719,960.0,960.0,155.47657775878906,-14.37767333984375,-0.726101684570312,13.651571655273438,0.08780468320091846,0.9238882064819336,4.8530778884887695,0.00028275922522880137,-0.0029304195195436478,155.65194702148438,1.8967563983083173,2,1.0
train,2-0-3-3_png.rf.f848cc01c520226b70ba78f0f41edbb3.jpg,/mnt/tf_data/TechFin/home/group_6/Data/white_balance_copy_layers.v10-argmented-10x.coco-segmentation/train/2-0-3-3_png.rf.f848cc01c520226b70ba78f0f41edbb3.jpg,90,118,4,png,largest_inner_median,largest_inner_median,2.0,3.3,6.6,5.3,2053,7.627544390488503,137.0,43.0,3.186046511627907,71680,79693.0,2.0,1.0,-0.19479957016877278,-0.19144020701365347,-0.1882550059291407,-0.1882550059291407,-0.19479957016877278,-0.19479957016877278,-19.47759246826172,19.47759246826172,-19.485469818115234,-19.149574279785156,-18.831092834472656,-18.831092834472656,-19.485469818115234,-19.485469818115234,-19.485469818115234,1352.0,1352.0,99.98786163330078,-22.229171752929688,-12.222161865234376,10.007009887695311,0.10008224722712236,0.8945767879486084,5.3872551918029785,-0.003310576779767871,-0.0024850594345480204,101.04741668701172,2.9974582690640785,3,1.0
train,2-3-3-9_png.rf.43c0c453a733d08f9cda775cf654181f.jpg,/mnt/tf_data/TechFin/home/group_6/Data/white_balance_copy_layers.v10-argmented-10x.coco-segmentation/train/2-3-3-9_png.rf.43c0c453a733d08f9cda775cf654181f.jpg,91,119,7,png,largest_inner_median,largest_inner_median,2.3,3.9,8.969999999999999,6.199999999999999,310,5.739792912179234,17.0,41.0,0.4146341463414634,7194,7994.0,0.0,1.0,-0.562532629497667,-0.559333492015457,-0.45644130844386577,-0.45644130844386577,-0.562532629497667,-0.562532629497667,-47.83610153198242,47.83610153198242,-47.805179595947266,-47.53313446044922,-38.78348922729492,-38.78348922729492,-47.805179595947266,-47.805179595947266,-47.805179595947266,104.0,104.0,85.03702545166016,-48.94120445251465,-9.566517639160152,39.374686813354494,0.4630299167241837,0.7908298373222351,15.258292198181152,-0.008985727094113827,0.006265612784773111,84.82970428466797,7.369985898305836,7,0.0
train,2-0-3-3_png.rf.8b0e4253e2cee93cb3949f6e904e4dfa.jpg,/mnt/tf_data/TechFin/home/group_6/Data/white_balance_copy_layers.v10-argmented-10x.coco-segmentation/train/2-0-3-3_png.rf.8b0e4253e2cee93cb3949f6e904e4dfa.jpg,93,123,2,png,largest_inner_median,largest_inner_median,2.0,3.3,6.6,5.3,513,6.2422232654551655,45.0,25.0,1.8,15139,16820.0,0.0,1.0,-0.09244713288500916,-0.09543844346733056,-0.08504164419894707,-0.08504164419894707,-0.09244713288500916,-0.09244713288500916,-12.460166931152344,12.460166931152344,-12.418815612792969,-12.821989059448242,-11.420692443847656,-11.420692443847656,-12.418815612792969,-12.418815612792969,-12.418815612792969,253.0,253.0,134.7815399169922,-12.89190673828125,-2.4171661376953124,10.474740600585937,0.07771643362315796,0.5342804789543152,3.906217336654663,-0.00232910318300128,0.0034430096857249737,134.81455993652344,1.698582865372063,2,0.0
train,2-0-3-9_png.rf.93ddbad09ea00183e083ddbd566ff40f.jpg,/mnt/tf_data/TechFin/home/group_6/Data/white_balance_copy_layers.v10-argmented-10x.coco-segmentation/train/2-0-3-9_png.rf.93ddbad09ea00183e083ddbd566ff40f.jpg,94,124,8,png,largest_inner_median,largest_inner_median,2.0,3.9,7.8,5.9,1328,7.192182058713246,27.0,77.0,0.35064935064935066,21247,23609.0,0.0,1.0,-0.6332610338931706,-0.6289657329823753,-0.6324553349224904,-0.6324553349224904,-0.6332610338931706,-0.6332610338931706,-57.638648986816406,57.638648986816406,-57.62498474121094,-57.234031677246094,-57.55165100097656,-57.55165100097656,-57.62498474121094,-57.62498474121094,-57.62498474121094,934.0,934.0,91.01878356933594,-58.97731323242188,-47.29725952148438,11.6800537109375,0.12832575049786193,1.1034380197525024,7.5335373878479,-0.00320436735637486,-0.011984363198280334,93.03260040283203,8.561632663070046,9,1.0
train,0-8-3-6-6-10-6_png.rf.3bc757f7c279fc5588c8bfc9cc58c3e6.jpg,/mnt/tf_data/TechFin/home/group_6/Data/white_balance_copy_layers.v10-argmented-10x.coco-segmentation/train/0-8-3-6-6-10-6_png.rf.3bc757f7c279fc5588c8bfc9cc58c3e6.jpg,97,127,6,6-10-6_png,largest_inner_median,largest_inner_median,0.8,3.6,2.8800000000000003,4.4,1803,7.4977617006225685,123.0,38.0,3.236842105263158,49268,54933.0,2.0,1.1590730438232422,-0.2495980508183242,-0.2499966630633974,-0.24525107251009226,-0.24525107251009226,-0.2495980508183242,-0.2495980508183242,-40.80274200439453,40.80274200439453,-40.72832489013672,-40.793487548828125,-40.01770782470703,-40.01770782470703,-40.72832489013672,-40.72832489013672,-40.72832489013672,1117.0,1117.0,163.4738006591797,-41.23956298828125,-24.694287109375008,16.545275878906242,0.10121056592671299,1.2036205530166626,8.011749267578125,0.003455026773735881,0.004564973525702953,162.2892608642578,4.869213036536468,4,2.0
train,0-8-3-6-3-10_png.rf.dd0a35b37410a87a9686fffda55d4322.jpg,/mnt/tf_data/TechFin/home/group_6/Data/white_balance_copy_layers.v10-argmented-10x.coco-segmentation/train/0-8-3-6-3-10_png.rf.dd0a35b37410a87a9686fffda55d4322.jpg,98,128,3,3-10_png,largest_inner_median,largest_inner_median,0.8,3.6,2.8800000000000003,4.4,1165,7.061334366910438,43.0,42.0,1.0238095238095237,22218,24799.0,2.0,1.0,-0.11112395384048218,-0.11279568314749236,-0.10930658897582539,-0.10930658897582539,-0.11112395384048218,-0.11112395384048218,-17.068458557128906,17.068458557128906,-17.000015258789062,-17.256790161132812,-16.720870971679688,-16.720870971679688,-17.000015258789062,-17.000015258789062,-17.000015258789062,839.0,839.0,153.59837341308594,-17.44727478027344,-10.187402343749993,7.259872436523446,0.04726529503667866,0.9602130055427551,3.451773166656494,-0.0004141894169151783,-0.00924082100391388,154.4060821533203,3.1119456632707654,3,0.0
train,1-4-3-3_png.rf.3324e9265cea05feb3fd2d3001cefe0b.jpg,/mnt/tf_data/TechFin/home/group_6/Data/white_balance_copy_layers.v10-argmented-10x.coco-segmentation/train/1-4-3-3_png.rf.3324e9265cea05feb3fd2d3001cefe0b.jpg,99,129,8,png,largest_inner_median,largest_inner_median,1.4,3.3,4.619999999999999,4.699999999999999,1242,7.1252830915107115,76.0,27.0,2.814814814814815,14877,16531.0,0.0,1.0,-0.4942060351969905,-0.501694112615704,-0.49308962734812906,-0.49308962734812906,-0.4942060351969905,-0.4942060351969905,-61.292030334472656,61.292030334472656,-61.26203918457031,-62.19071960449219,-61.12358093261719,-61.12358093261719,-61.26203918457031,-61.26203918457031,-61.26203918457031,852.0,852.0,124.02120971679688,-62.58260269165039,-50.40109786987304,12.181504821777352,0.09822114176755642,0.9768096804618835,8.172418594360352,0.01504564005881548,-0.004758860915899277,121.98611450195312,7.385168390445041,7,1.0
train,1-1-4-2_png.rf.8ebe032a194bc6d52b80ed78330521b5.jpg,/mnt/tf_data/TechFin/home/group_6/Data/white_balance_copy_layers.v10-argmented-10x.coco-segmentation/train/1-1-4-2_png.rf.8ebe032a194bc6d52b80ed78330521b5.jpg,100,130,8,png,largest_inner_median,largest_inner_median,1.1,4.2,4.620000000000001,5.300000000000001,1286,7.160069207596127,29.0,79.0,0.3670886075949367,20221,22549.0,2.0,1.0,-0.567800858394252,-0.571619177709055,-0.564874166222396,-0.564874166222396,-0.567800858394252,-0.567800858394252,-65.04569244384766,65.04569244384766,-65.05477905273438,-65.49219512939453,-64.7195053100586,-64.7195053100586,-65.05477905273438,-65.05477905273438,-65.05477905273438,878.0,878.0,114.5572280883789,-67.3237533569336,-52.860830307006836,14.462923049926758,0.12625063726898894,1.1784164905548096,8.8710298538208,0.003066996345296502,0.01586846634745598,111.85292053222656,8.61319065321485,9,1.0
train,1-7-3-9-6-10-6_png.rf.b696476f46eb665476b6a1cdc60f722f.jpg,/mnt/tf_data/TechFin/home/group_6/Data/white_balance_copy_layers.v10-argmented-10x.coco-segmentation/train/1-7-3-9-6-10-6_png.rf.b696476f46eb665476b6a1cdc60f722f.jpg,101,131,6,6-10-6_png,largest_inner_median,largest_inner_median,1.7,3.9,6.63,5.6,1959,7.580699752224563,41.0,131.0,0.31297709923664124,63842,71008.0,2.0,1.0,-0.372065832320826,-0.37198547986638064,-0.3670578597409254,-0.3670578597409254,-0.372065832320826,-0.372065832320826,-24.234542846679688,24.234542846679688,-24.156654357910156,-24.15142059326172,-23.830459594726562,-23.830459594726562,-24.156654357910156,-24.156654357910156,-24.156654357910156,1205.0,1205.0,65.13509368896484,-24.70644302368164,-14.85326690673828,9.85317611694336,0.1512729246079626,0.9050425291061401,5.558905601501465,-0.002421068958938122,0.0029721383471041918,64.55513763427734,5.541094362801236,6,0.0
train,2-0-4-8_png.rf.60a433eded6c72dfda368fc94f0bc2f3.jpg,/mnt/tf_data/TechFin/home/group_6/Data/white_balance_copy_layers.v10-argmented-10x.coco-segmentation/train/2-0-4-8_png.rf.60a433eded6c72dfda368fc94f0bc2f3.jpg,102,132,1,png,largest_inner_median,largest_inner_median,2.0,4.8,9.6,6.8,904,6.807934943699926,60.0,26.0,2.3076923076923075,19619,21797.0,0.0,1.0,-0.027856173283254806,-0.024455337661993502,-0.025111038293751865,-0.025111038293751865,-0.027856173283254806,-0.027856173283254806,-2.5262222290039062,2.5262222290039062,-2.5690536499023438,-2.260638475418091,-2.3201026916503906,-2.3201026916503906,-2.5690536499023438,-2.5690536499023438,-2.5690536499023438,587.0,587.0,90.68805694580078,-3.376936340332031,-1.0633773803710933,2.313558959960938,0.02551117575871786,0.827621340751648,0.8584404587745667,0.00018222159997094423,0.011154363863170147,90.09558868408203,0.8789090896026615,1,0.0
train,1-7-3-3_png.rf.20c72a68da133e87463595d2435a1ed6.jpg,/mnt/tf_data/TechFin/home/group_6/Data/white_balance_copy_layers.v10-argmented-10x.coco-segmentation/train/1-7-3-3_png.rf.20c72a68da133e87463595d2435a1ed6.jpg,103,135,7,png,largest_inner_median,largest_inner_median,1.7,3.3,5.609999999999999,5.0,434,6.075346031088684,47.0,19.0,2.473684210526316,10807,12009.0,0.0,1.0,-0.41268610510570647,-0.4126775908269204,-0.4055452135449234,-0.4055452135449234,-0.41268610510570647,-0.41268610510570647,-46.224483489990234,46.224483489990234,-46.22209548950195,-46.22114181518555,-45.4222526550293,-45.4222526550293,-46.22209548950195,-46.22209548950195,-46.22209548950195,204.0,204.0,112.00881958007812,-47.851914978027345,-20.701192474365236,27.15072250366211,0.24239807727150742,0.7818911075592041,12.155975341796875,-0.0061026932671666145,0.0034859401639550924,112.45175170898438,6.056574742279322,6,1.0
train,1-4-4-5_png.rf.89576ce8069c972136d019915316d7f5.jpg,/mnt/tf_data/TechFin/home/group_6/Data/white_balance_copy_layers.v10-argmented-10x.coco-segmentation/train/1-4-4-5_png.rf.89576ce8069c972136d019915316d7f5.jpg,104,138,7,png,largest_inner_median,largest_inner_median,1.4,4.5,6.3,5.9,379,5.940171252720432,43.0,16.0,2.6875,8528,9476.0,0.0,1.0,-0.41754317764847454,-0.41742562596914773,-0.4098967023494004,-0.4098967023494004,-0.41754317764847454,-0.41754317764847454,-49.34834289550781,49.34834289550781,-49.28202819824219,-49.26813507080078,-48.37831115722656,-48.37831115722656,-49.28202819824219,-49.28202819824219,-49.28202819824219,175.0,175.0,118.1874008178711,-50.218206787109374,-32.31366729736329,17.904539489746085,0.1514927933590595,0.7391180992126465,8.54106330871582,-0.006197203416377306,0.008093604817986488,118.45946502685547,6.412299520010159,6,1.0
train,1-4-3-6-3-10_png.rf.92cc0436e425bcc1e5d9507b9d402a99.jpg,/mnt/tf_data/TechFin/home/group_6/Data/white_balance_copy_layers.v10-argmented-10x.coco-segmentation/train/1-4-3-6-3-10_png.rf.92cc0436e425bcc1e5d9507b9d402a99.jpg,105,139,3,3-10_png,largest_inner_median,largest_inner_median,1.4,3.6,5.04,5.0,1130,7.030857476116121,40.0,42.0,0.9523809523809523,19649,21876.0,2.0,1.0,-0.012022323509437658,-0.0016330118691435796,-0.009605096552662668,-0.009605096552662668,-0.012022323509437658,-0.012022323509437658,-1.11614990234375,1.11614990234375,-1.0277328491210938,-0.06319141387939453,-0.8033180236816406,-0.8033180236816406,-1.0277328491210938,-1.0277328491210938,-1.0277328491210938,822.0,822.0,92.83978271484375,-1.771204376220703,0.22400360107421877,1.9952079772949218,0.021490872974392655,0.8227037191390991,0.7516952753067017,0.0031480100005865097,-0.010814775712788105,93.49254608154297,1.2661488556631806,1,2.0
train,1-4-3-9_png.rf.65b11410459cbd0e2616a46f411a76eb.jpg,/mnt/tf_data/TechFin/home/group_6/Data/white_balance_copy_layers.v10-argmented-10x.coco-segmentation/train/1-4-3-9_png.rf.65b11410459cbd0e2616a46f411a76eb.jpg,106,140,1,png,largest_inner_median,largest_inner_median,1.4,3.9,5.46,5.3,884,6.785587645007929,59.0,26.0,2.269230769230769,19456,21595.0,0.0,1.0,-0.034702390837934215,-0.03703257145936935,-0.03226771569907514,-0.03226771569907514,-0.034702390837934215,-0.034702390837934215,-4.7060394287109375,4.7060394287109375,-4.6295013427734375,-4.945500373840332,-4.2993316650390625,-4.2993316650390625,-4.6295013427734375,-4.6295013427734375,-4.6295013427734375,571.0,571.0,135.61138916015625,-5.270222473144531,-1.6144500732421854,3.6557723999023457,0.026957709249515172,0.5722715258598328,1.5745561122894287,-0.00043677116627804935,0.0064362091943621635,135.3275909423828,1.553964000947817,2,1.0
train,1-7-3-9_png.rf.9c9d1f9ab7703eaf8fc2bb900e9946df.jpg,/mnt/tf_data/TechFin/home/group_6/Data/white_balance_copy_layers.v10-argmented-10x.coco-segmentation/train/1-7-3-9_png.rf.9c9d1f9ab7703eaf8fc2bb900e9946df.jpg,107,141,8,png,largest_inner_median,largest_inner_median,1.7,3.9,6.63,5.6,1421,7.259819610363186,47.0,44.0,1.0681818181818181,26792,29770.0,0.0,1.0,-0.4412143066968382,-0.44439225031976937,-0.4364413512457007,-0.4364413512457007,-0.4412143066968382,-0.4412143066968382,-52.66636276245117,52.66636276245117,-52.64521789550781,-53.024559020996094,-52.07548522949219,-52.07548522949219,-52.64521789550781,-52.64521789550781,-52.64521789550781,1075.0,1075.0,119.36685180664062,-56.07206726074219,-22.325233459472656,33.74683380126953,0.2827152872887624,0.7831567525863647,14.600049018859863,-0.0016147795831784606,0.003843229031190276,119.1802749633789,6.418604024059468,6,2.0
train,1-1-4-8-3-10-4_png.rf.f1a9b04b4899e34dab15f90f42dcf8bf.jpg,/mnt/tf_data/TechFin/home/group_6/Data/white_balance_copy_layers.v10-argmented-10x.coco-segmentation/train/1-1-4-8-3-10-4_png.rf.f1a9b04b4899e34dab15f90f42dcf8bf.jpg,108,142,3,3-10-4_png,largest_inner_median,largest_inner_median,1.1,4.8,5.28,5.9,712,6.569481420414296,24.0,55.0,0.43636363636363634,18172,19758.0,0.0,1.0,-0.14543817672166384,-0.14735568664910798,-0.13145536366487878,-0.13145536366487878,-0.14543817672166384,-0.14543817672166384,-15.600505828857422,15.600505828857422,-15.605060577392578,-15.81074333190918,-14.105186462402344,-14.105186462402344,-15.605060577392578,-15.605060577392578,-15.605060577392578,424.0,424.0,107.26554870605469,-15.942008209228515,-1.3678627014160156,14.5741455078125,0.13586977071035902,0.6161640286445618,6.024144172668457,0.0039590331725776196,-0.0050342632457613945,107.6440200805664,3.2533134170627984,3,0.0
train,1-4-4-5-6-10-6_png.rf.f9980f2b0072656d998142eb9610db3d.jpg,/mnt/tf_data/TechFin/home/group_6/Data/white_balance_copy_layers.v10-argmented-10x.coco-segmentation/train/1-4-4-5-6-10-6_png.rf.f9980f2b0072656d998142eb9610db3d.jpg,109,143,6,6-10-6_png,largest_inner_median,largest_inner_median,1.4,4.5,6.3,5.9,1741,7.462789157412448,36.0,128.0,0.28125,40802,45352.0,2.0,1.1041055854797364,-0.3275270242132661,-0.3299058827219532,-0.320482377162512,-0.320482377162512,-0.3275270242132661,-0.3275270242132661,-40.311439514160156,40.311439514160156,-40.361976623535156,-40.654762268066406,-39.49493408203125,-39.49493408203125,-40.361976623535156,-40.361976623535156,-40.361976623535156,1009.0,1009.0,123.07820892333984,-41.137115478515625,-27.4036865234375,13.733428955078125,0.11158294449695877,1.1238300800323486,6.1809563636779785,-0.003483799984678626,0.0036164310295134783,122.41730499267578,5.269974327422821,6,0.0
train,1-4-4-5_png.rf.d0373f1b006eb67af2023e74e6b03223.jpg,/mnt/tf_data/TechFin/home/group_6/Data/white_balance_copy_layers.v10-argmented-10x.coco-segmentation/train/1-4-4-5_png.rf.d0373f1b006eb67af2023e74e6b03223.jpg,112,148,7,png,largest_inner_median,largest_inner_median,1.4,4.5,6.3,5.9,379,5.940171252720432,43.0,16.0,2.6875,8528,9476.0,0.0,1.0,-0.41754317764847454,-0.41742562596914773,-0.4098967023494004,-0.4098967023494004,-0.41754317764847454,-0.41754317764847454,-49.34834289550781,49.34834289550781,-49.28202819824219,-49.26813507080078,-48.37831115722656,-48.37831115722656,-49.28202819824219,-49.28202819824219,-49.28202819824219,175.0,175.0,118.1874008178711,-50.218206787109374,-32.31366729736329,17.904539489746085,0.1514927933590595,0.7391180992126465,8.54106330871582,-0.006197203416377306,0.008093604817986488,118.45946502685547,6.412299520010159,6,1.0
train,2-0-3-3_png.rf.5adcaf006a6ce4aa2f83c87ee64c0b4f.jpg,/mnt/tf_data/TechFin/home/group_6/Data/white_balance_copy_layers.v10-argmented-10x.coco-segmentation/train/2-0-3-3_png.rf.5adcaf006a6ce4aa2f83c87ee64c0b4f.jpg,113,149,1,png,largest_inner_median,largest_inner_median,2.0,3.3,6.6,5.3,2494,7.822044008185619,87.0,38.0,2.289473684210526,37786,41987.0,1.0,1.0,-0.027955045255504882,-0.03012086901140656,-0.025347400581569344,-0.025347400581569344,-0.027955045255504882,-0.027955045255504882,-2.864910125732422,2.864910125732422,-2.8707809448242188,-3.092740535736084,-2.6035423278808594,-2.6035423278808594,-2.8707809448242188,-2.8707809448242188,-2.8707809448242188,2011.0,2011.0,102.48275756835938,-3.5163497924804688,-1.1497474670410146,2.3666023254394544,0.023092687800295116,0.7825589179992676,0.9340968132019043,-0.003265585284680128,0.0042542750015854836,102.7190933227539,0.8801637971238327,1,0.0
train,2-0-4-8_png.rf.311260e5c6f14b1fd877fc96298df1da.jpg,/mnt/tf_data/TechFin/home/group_6/Data/white_balance_copy_layers.v10-argmented-10x.coco-segmentation/train/2-0-4-8_png.rf.311260e5c6f14b1fd877fc96298df1da.jpg,114,150,4,png,largest_inner_median,largest_inner_median,2.0,4.8,9.6,6.8,1991,7.596894438144544,136.0,41.0,3.317073170731707,65463,72959.0,2.0,1.0,-0.24865095313929786,-0.2527989266137787,-0.23232879251321906,-0.23232879251321906,-0.24865095313929786,-0.24865095313929786,-22.435531616210938,22.435531616210938,-22.480316162109375,-22.854583740234375,-21.007583618164062,-21.007583618164062,-22.480316162109375,-22.480316162109375,-22.480316162109375,1303.0,1303.0,90.22901916503906,-24.95661163330078,-9.190780639648438,15.765830993652344,0.1747312687153881,1.0334616899490356,6.715303421020508,-0.004275084473192692,-0.0011947551975026727,91.41644287109375,3.6808444067218855,4,0.0
train,1-4-4-8_png.rf.858638f1a89c4d184e10672e490571ad.jpg,/mnt/tf_data/TechFin/home/group_6/Data/white_balance_copy_layers.v10-argmented-10x.coco-segmentation/train/1-4-4-8_png.rf.858638f1a89c4d184e10672e490571ad.jpg,115,151,1,png,largest_inner_median,largest_inner_median,1.4,4.8,6.72,6.199999999999999,1611,7.385230923066573,43.0,122.0,0.3524590163934426,59905,66563.0,0.0,1.0,-0.10818676839841322,-0.053738922241549386,-0.06596684742281526,-0.06596684742281526,-0.10818676839841322,-0.10818676839841322,-12.076984405517578,12.076984405517578,-12.085987091064453,-6.007925987243652,-7.3729400634765625,-7.3729400634765625,-12.085987091064453,-12.085987091064453,-12.085987091064453,972.0,972.0,111.6308822631836,-17.518707275390625,-1.2919235229492188,16.226783752441406,0.14536106338553126,0.8330262899398804,5.754021167755127,0.003074175212532282,0.0009281817474402487,111.13956451416016,2.48649724687634,2,1.0
train,0-8-3-9-7-10-2_png.rf.887d59fa03ef0ab53d42c42dec177a6f.jpg,/mnt/tf_data/TechFin/home/group_6/Data/white_balance_copy_layers.v10-argmented-10x.coco-segmentation/train/0-8-3-9-7-10-2_png.rf.887d59fa03ef0ab53d42c42dec177a6f.jpg,116,152,7,7-10-2_png,largest_inner_median,largest_inner_median,0.8,3.9,3.12,4.7,539,6.29156913955832,42.0,24.0,1.75,13550,15055.0,0.0,1.0,-0.4398873525011804,-0.44507960820281783,-0.4298476098908661,-0.4298476098908661,-0.4398873525011804,-0.4398873525011804,-64.12940216064453,64.12940216064453,-64.06548309326172,-64.82244110107422,-62.601829528808594,-62.601829528808594,-64.06548309326172,-64.06548309326172,-64.06548309326172,299.0,299.0,145.7859649658203,-65.2670394897461,-26.706448364257813,38.56059112548829,0.2645013951413558,0.5394297242164612,16.04696273803711,-0.0024997449945658445,0.0035046145785599947,145.82672119140625,7.284026988219468,7,0.0
train,0-8-3-6-6-10-6_png.rf.e59b646c90fb1931cb5cc106ab299dd1.jpg,/mnt/tf_data/TechFin/home/group_6/Data/white_balance_copy_layers.v10-argmented-10x.coco-segmentation/train/0-8-3-6-6-10-6_png.rf.e59b646c90fb1931cb5cc106ab299dd1.jpg,118,154,6,6-10-6_png,largest_inner_median,largest_inner_median,0.8,3.6,2.8800000000000003,4.4,1817,7.505492274737424,123.0,38.0,3.236842105263158,49077,54920.0,2.0,1.150702651977539,-0.2484636398497433,-0.2519490892475694,-0.2426208283680631,-0.2426208283680631,-0.2484636398497433,-0.2484636398497433,-40.6242790222168,40.6242790222168,-40.54134750366211,-41.11122512817383,-39.586036682128906,-39.586036682128906,-40.54134750366211,-40.54134750366211,-40.54134750366211,1130.0,1130.0,163.5019073486328,-41.52016906738281,-23.76059570312499,17.759573364257818,0.10861997668558894,1.197348713874817,8.381221771240234,-0.003674958134070039,-0.004456924274563789,164.76039123535156,4.854817106709383,4,2.0
train,1-7-3-9_png.rf.76604ac3a4e198a8aa7e3344b08aac4b.jpg,/mnt/tf_data/TechFin/home/group_6/Data/white_balance_copy_layers.v10-argmented-10x.coco-segmentation/train/1-7-3-9_png.rf.76604ac3a4e198a8aa7e3344b08aac4b.jpg,119,155,2,png,largest_inner_median,largest_inner_median,1.7,3.9,6.63,5.6,552,6.315358001522335,25.0,47.0,0.5319148936170213,15886,17652.0,0.0,1.0,-0.1686012420077429,-0.16947993951498366,-0.15080909947769677,-0.15080909947769677,-0.1686012420077429,-0.1686012420077429,-20.831298828125,20.831298828125,-20.87317657470703,-20.98174285888672,-18.67489242553711,-18.67489242553711,-20.87317657470703,-20.87317657470703,-20.87317657470703,287.0,287.0,123.55364990234375,-21.85181884765625,-3.176602935791015,18.675215911865237,0.15115066148694145,0.5293410420417786,7.073937892913818,-0.003739805892109871,-0.004265184048563242,124.14130401611328,2.959083041006763,3,1.0
train,1-7-4-5_png.rf.e3a8613f218aefa7e695a1a8b7cac577.jpg,/mnt/tf_data/TechFin/home/group_6/Data/white_balance_copy_layers.v10-argmented-10x.coco-segmentation/train/1-7-4-5_png.rf.e3a8613f218aefa7e695a1a8b7cac577.jpg,120,156,1,png,largest_inner_median,largest_inner_median,1.7,4.5,7.6499999999999995,6.2,1565,7.356279876550748,120.0,43.0,2.7906976744186047,52744,58606.0,0.0,1.0,-0.05433983182315595,-0.03921110784888428,-0.03992283856699458,-0.03992283856699458,-0.05433983182315595,-0.05433983182315595,-5.7767181396484375,5.7767181396484375,-5.889015197753906,-4.280722141265869,-4.35638427734375,-4.35638427734375,-5.889015197753906,-5.889015197753906,-5.889015197753906,933.0,933.0,106.3072509765625,-10.2520263671875,-0.8829620361328123,9.369064331054688,0.08813194062482417,0.863792896270752,3.357370138168335,-0.0002588761562947184,0.002122029894962907,106.1817626953125,1.5090800980532277,2,1.0
train,2-0-4-8_png.rf.cdcc06ac2427e7f667ea6638317d4550.jpg,/mnt/tf_data/TechFin/home/group_6/Data/white_balance_copy_layers.v10-argmented-10x.coco-segmentation/train/2-0-4-8_png.rf.cdcc06ac2427e7f667ea6638317d4550.jpg,121,157,4,png,largest_inner_median,largest_inner_median,2.0,4.8,9.6,6.8,1991,7.596894438144544,41.0,136.0,0.3014705882352941,61032,67906.0,2.0,1.0,-0.24606696723274293,-0.23687239811694033,-0.23302236903918774,-0.23302236903918774,-0.24606696723274293,-0.24606696723274293,-22.170875549316406,22.170875549316406,-22.16980743408203,-21.341367721557617,-20.994476318359375,-20.994476318359375,-22.16980743408203,-22.16980743408203,-22.16980743408203,1303.0,1303.0,90.10098266601562,-25.047378540039062,-8.682899475097656,16.364479064941406,0.1816237579294879,0.8927674293518066,6.713285446166992,0.0008233521948568523,-0.003605598583817482,90.95258331298828,3.6480530455527713,4,0.0
train,1-7-3-9-6-10-6_png.rf.1ad566372d0ef952e61430f097f3f7fa.jpg,/mnt/tf_data/TechFin/home/group_6/Data/white_balance_copy_layers.v10-argmented-10x.coco-segmentation/train/1-7-3-9-6-10-6_png.rf.1ad566372d0ef952e61430f097f3f7fa.jpg,122,158,6,6-10-6_png,largest_inner_median,largest_inner_median,1.7,3.9,6.63,5.6,1952,7.577121930876679,131.0,41.0,3.1951219512195124,64350,71556.0,2.0,1.0,-0.37493716175223657,-0.38471709409946364,-0.3687044506868617,-0.3687044506868617,-0.37493716175223657,-0.37493716175223657,-24.428421020507812,24.428421020507812,-24.35855484008789,-24.995750427246094,-23.952472686767578,-23.952472686767578,-24.35855484008789,-24.35855484008789,-24.35855484008789,1199.0,1199.0,65.15337371826172,-25.115083312988283,-14.455012130737304,10.660071182250979,0.16361502979642462,0.9128791689872742,5.613392353057861,0.003007256193086505,0.0022274244111031294,64.1817626953125,5.577532177799393,6,0.0
train,1-7-3-3_png.rf.2833dd056e1c0adf85a91e34cbc26798.jpg,/mnt/tf_data/TechFin/home/group_6/Data/white_balance_copy_layers.v10-argmented-10x.coco-segmentation/train/1-7-3-3_png.rf.2833dd056e1c0adf85a91e34cbc26798.jpg,123,159,1,png,largest_inner_median,largest_inner_median,1.7,3.3,5.609999999999999,5.0,735,6.601230118728877,20.0,58.0,0.3448275862068966,14275,15861.0,0.0,1.0,-0.03776197206709661,-0.03635892939596677,-0.035419290104470216,-0.035419290104470216,-0.03776197206709661,-0.03776197206709661,-4.702045440673828,4.702045440673828,-4.698566436767578,-4.523862361907959,-4.4068603515625,-4.4068603515625,-4.698566436767578,-4.698566436767578,-4.698566436767578,450.0,450.0,124.51800537109375,-6.174893188476562,-2.638470458984375,3.5364227294921875,0.028400894464642227,0.6899294853210449,1.598600149154663,0.007731677498668432,-0.00010231034684693441,124.21440887451172,1.2987033365961074,1,0.0
train,1-4-3-6_png.rf.d50b4f579b4e6a6fe151e1c446a339ab.jpg,/mnt/tf_data/TechFin/home/group_6/Data/white_balance_copy_layers.v10-argmented-10x.coco-segmentation/train/1-4-3-6_png.rf.d50b4f579b4e6a6fe151e1c446a339ab.jpg,124,160,8,png,largest_inner_median,largest_inner_median,1.4,3.6,5.04,5.0,1393,7.2399325913204695,32.0,77.0,0.4155844155844156,21008,23344.0,0.0,1.0,-0.5131923350928397,-0.5110108483958538,-0.5114965550815815,-0.5114965550815815,-0.5131923350928397,-0.5131923350928397,-59.289642333984375,59.289642333984375,-59.302001953125,-59.04997253417969,-59.10608673095703,-59.10608673095703,-59.302001953125,-59.302001953125,-59.302001953125,980.0,980.0,115.53103637695312,-61.029623413085936,-32.378454589843756,28.65116882324218,0.24799542808358033,1.012991189956665,12.862313270568848,-0.005292179062962532,-0.012633751146495342,117.82353210449219,7.62610879788711,8,0.0
train,1-7-4-5_png.rf.c0e22779a414ab46161b58a3235cc628.jpg,/mnt/tf_data/TechFin/home/group_6/Data/white_balance_copy_layers.v10-argmented-10x.coco-segmentation/train/1-7-4-5_png.rf.c0e22779a414ab46161b58a3235cc628.jpg,125,161,1,png,largest_inner_median,largest_inner_median,1.7,4.5,7.6499999999999995,6.2,1563,7.355001921105257,120.0,43.0,2.7906976744186047,52581,58425.0,0.0,1.0,-0.05819973967314517,-0.038133106728627374,-0.04006679354042011,-0.04006679354042011,-0.05819973967314517,-0.05819973967314517,-6.186424255371094,6.186424255371094,-6.293128967285156,-4.1601176261901855,-4.36566162109375,-4.36566162109375,-6.293128967285156,-6.293128967285156,-6.293128967285156,931.0,931.0,106.29642486572266,-10.062294006347656,-0.5760971069335945,9.486196899414061,0.08924285940376034,0.8505768775939941,3.3953359127044678,0.00038312911055982113,-0.0020201047882437706,106.37586975097656,1.5580631950846067,2,1.0
train,1-4-3-6-3-10_png.rf.3b76c19bfdb5dba548a55f0f81fd507d.jpg,/mnt/tf_data/TechFin/home/group_6/Data/white_balance_copy_layers.v10-argmented-10x.coco-segmentation/train/1-4-3-6-3-10_png.rf.3b76c19bfdb5dba548a55f0f81fd507d.jpg,126,162,3,3-10_png,largest_inner_median,largest_inner_median,1.4,3.6,5.04,5.0,1131,7.0317412587631285,40.0,42.0,0.9523809523809523,19510,21737.0,2.0,1.0,-0.011203690807370275,-0.016017135700607123,-0.008736167997636752,-0.008736167997636752,-0.011203690807370275,-0.011203690807370275,-1.0402336120605469,1.0402336120605469,-0.94384765625,-1.390763521194458,-0.7147445678710938,-0.7147445678710938,-0.94384765625,-0.94384765625,-0.94384765625,822.0,822.0,92.84740447998047,-1.6553573608398438,0.215667724609375,1.8710250854492188,0.020151614317367856,0.800105631351471,0.7050489187240601,-0.0031057826709002256,0.010425458662211895,92.2085952758789,1.2557602229193863,1,2.0
train,1-7-3-6-2-10-3_png.rf.f7f8e1f8495003faae939929b3e8470b.jpg,/mnt/tf_data/TechFin/home/group_6/Data/white_balance_copy_layers.v10-argmented-10x.coco-segmentation/train/1-7-3-6-2-10-3_png.rf.f7f8e1f8495003faae939929b3e8470b.jpg,127,163,2,2-10-3_png,largest_inner_median,largest_inner_median,1.7,3.6,6.12,5.3,5585,8.628018746505122,112.0,87.0,1.2873563218390804,123905,137236.0,0.0,1.0,-0.12941074667155483,-0.13071082695771766,-0.12878873372131486,-0.12878873372131486,-0.12941074667155483,-0.12941074667155483,-9.641304016113281,9.641304016113281,-9.582496643066406,-9.679354667663574,-9.536155700683594,-9.536155700683594,-9.582496643066406,-9.582496643066406,-9.582496643066406,4792.0,4792.0,74.50157165527344,-10.168423461914063,-8.177984619140624,1.9904388427734396,0.02671673628555661,0.7786868214607239,1.3816313743591309,-0.0009422970470041037,-0.0022389348596334457,75.10516357421875,2.461746858287875,2,0.0
train,1-7-3-6_png.rf.6f1545bfcb0aa5cb5c8f895a4816f30e.jpg,/mnt/tf_data/TechFin/home/group_6/Data/white_balance_copy_layers.v10-argmented-10x.coco-segmentation/train/1-7-3-6_png.rf.6f1545bfcb0aa5cb5c8f895a4816f30e.jpg,128,164,4,png,largest_inner_median,largest_inner_median,1.7,3.6,6.12,5.3,2063,7.6324011266014535,41.0,137.0,0.29927007299270075,62371,69337.0,1.0,1.0,-0.24807896078768507,-0.2425143673835279,-0.24114139400658674,-0.24114139400658674,-0.24807896078768507,-0.24807896078768507,-30.238861083984375,30.238861083984375,-30.24854278564453,-29.570262908935547,-29.402908325195312,-29.402908325195312,-30.24854278564453,-30.24854278564453,-30.24854278564453,1373.0,1373.0,121.89208221435547,-32.03935546875,-14.251802062988281,17.78755340576172,0.14592870252623222,1.0332571268081665,7.632373809814453,-0.0019620186649262905,0.004142490681260824,120.8470687866211,3.967673132306853,4,0.0
train,1-4-3-3_png.rf.3b5882d3a44fe9c094e690698e2d91a7.jpg,/mnt/tf_data/TechFin/home/group_6/Data/white_balance_copy_layers.v10-argmented-10x.coco-segmentation/train/1-4-3-3_png.rf.3b5882d3a44fe9c094e690698e2d91a7.jpg,129,167,7,png,largest_inner_median,largest_inner_median,1.4,3.3,4.619999999999999,4.699999999999999,468,6.150602768446279,16.0,45.0,0.35555555555555557,8720,9690.0,0.0,1.0,-0.35455400534323706,-0.35974588637226657,-0.3475854867224728,-0.3475854867224728,-0.35455400534323706,-0.35455400534323706,-48.01308059692383,48.01308059692383,-47.98554611206055,-48.688621520996094,-47.0418815612793,-47.0418815612793,-47.98554611206055,-47.98554611206055,-47.98554611206055,252.0,252.0,135.41824340820312,-49.369581604003905,-23.640438842773435,25.72914276123047,0.18999761120569886,0.7125691771507263,12.11086654663086,-0.003952136728912592,-0.004837957676500082,135.99395751953125,5.6129527845790745,6,1.0
train,1-1-4-2_png.rf.82470db7bab7e19999b705eee71d2eff.jpg,/mnt/tf_data/TechFin/home/group_6/Data/white_balance_copy_layers.v10-argmented-10x.coco-segmentation/train/1-1-4-2_png.rf.82470db7bab7e19999b705eee71d2eff.jpg,130,168,4,png,largest_inner_median,largest_inner_median,1.1,4.2,4.620000000000001,5.300000000000001,2081,7.641084249174914,137.0,43.0,3.186046511627907,64835,72389.0,2.0,1.0,-0.178862466390615,-0.1804868174223174,-0.17536221148074657,-0.17536221148074657,-0.178862466390615,-0.178862466390615,-24.389694213867188,24.389694213867188,-24.386917114257812,-24.608413696289062,-23.909622192382812,-23.909622192382812,-24.386917114257812,-24.386917114257812,-24.386917114257812,1380.0,1380.0,136.36004638671875,-25.43531036376953,-12.0599365234375,13.375373840332031,0.09808865715987884,1.0509384870529175,6.261994361877441,0.003920014016330242,0.0015450356295332313,135.08656311035156,3.677475155551899,4,0.0
train,1-1-3-6-2-10-3_png.rf.7a667be7a7ca5b9df9c7a3ed61a81df0.jpg,/mnt/tf_data/TechFin/home/group_6/Data/white_balance_copy_layers.v10-argmented-10x.coco-segmentation/train/1-1-3-6-2-10-3_png.rf.7a667be7a7ca5b9df9c7a3ed61a81df0.jpg,131,169,2,2-10-3_png,largest_inner_median,largest_inner_median,1.1,3.6,3.9600000000000004,4.7,5843,8.67317077287059,113.0,90.0,1.2555555555555555,125760,138504.0,0.0,1.2536471603393553,-0.08037413715776029,-0.0877007501405531,-0.07891804820088119,-0.07891804820088119,-0.08037413715776029,-0.08037413715776029,-11.000816345214844,11.000816345214844,-10.97357177734375,-11.97636604309082,-10.774276733398438,-10.774276733398438,-10.97357177734375,-10.97357177734375,-10.97357177734375,5049.0,5049.0,136.87010192871094,-11.892710876464843,-9.126034545898438,2.766676330566405,0.02021388375970841,1.100602149963379,1.8435027599334717,-0.0003264922124799341,0.002276577753946185,136.5247039794922,2.427636150383732,2,0.0
train,1-4-3-9_png.rf.666cee1ee5f4e32d216121e1a3e021fd.jpg,/mnt/tf_data/TechFin/home/group_6/Data/white_balance_copy_layers.v10-argmented-10x.coco-segmentation/train/1-4-3-9_png.rf.666cee1ee5f4e32d216121e1a3e021fd.jpg,132,170,4,png,largest_inner_median,largest_inner_median,1.4,3.9,5.46,5.3,1970,7.58629630715272,136.0,41.0,3.317073170731707,69142,76975.0,2.0,1.0,-0.19981317220934525,-0.200700332460374,-0.19889709448363285,-0.19889709448363285,-0.19981317220934525,-0.19981317220934525,-27.34714126586914,27.34714126586914,-27.371173858642578,-27.49259376525879,-27.24579620361328,-27.24579620361328,-27.371173858642578,-27.371173858642578,-27.371173858642578,1282.0,1282.0,136.86355590820312,-30.110887908935545,-21.880426025390623,8.230461883544923,0.060136256353482756,0.9683519005775452,5.37671422958374,-0.003645243588835001,-0.0025680263061076403,137.99583435058594,3.6492568781767956,4,0.0
train,1-7-4-8_png.rf.212fa487611235d742dc74e1705498e0.jpg,/mnt/tf_data/TechFin/home/group_6/Data/white_balance_copy_layers.v10-argmented-10x.coco-segmentation/train/1-7-4-8_png.rf.212fa487611235d742dc74e1705498e0.jpg,133,171,1,png,largest_inner_median,largest_inner_median,1.7,4.8,8.16,6.5,1581,7.366445148327599,121.0,43.0,2.813953488372093,53344,59375.0,2.0,1.0,-0.05854564312583772,-0.039122233280520426,-0.04014943955400739,-0.04014943955400739,-0.05854564312583772,-0.05854564312583772,-5.856853485107422,5.856853485107422,-5.898704528808594,-3.955604076385498,-4.0583648681640625,-4.0583648681640625,-5.898704528808594,-5.898704528808594,-5.898704528808594,946.0,946.0,100.03910064697266,-9.323867797851562,-0.7294692993164062,8.594398498535156,0.08591039346568972,0.9391106367111206,3.0620908737182617,0.00023607283947058022,-0.0040159826166927814,100.31246185302734,1.5624527875425653,2,1.0
train,1-4-4-5-3-10-2_png.rf.9b6596f9e59aba485abf5cac7d333242.jpg,/mnt/tf_data/TechFin/home/group_6/Data/white_balance_copy_layers.v10-argmented-10x.coco-segmentation/train/1-4-4-5-3-10-2_png.rf.9b6596f9e59aba485abf5cac7d333242.jpg,134,172,7,3-10-2_png,largest_inner_median,largest_inner_median,1.4,4.5,6.3,5.9,419,6.040254711277414,41.0,23.0,1.7826086956521738,12327,13697.0,0.0,1.0,-0.5672710440141377,-0.5754619969807078,-0.5620539793766989,-0.5620539793766989,-0.5672710440141377,-0.5672710440141377,-48.37528991699219,48.37528991699219,-48.51954650878906,-49.218048095703125,-48.074649810791016,-48.074649810791016,-48.51954650878906,-48.51954650878906,-48.51954650878906,187.0,187.0,85.27720642089844,-49.21880950927734,-20.132872009277346,29.085937499999996,0.3410751679228561,0.732008159160614,12.162482261657715,-1.3126020348863676e-05,-0.003117036772891879,85.41835021972656,8.312379752886992,8,1.0
train,1-7-3-6_png.rf.399fc47ee926fe067b11c4c39d31f728.jpg,/mnt/tf_data/TechFin/home/group_6/Data/white_balance_copy_layers.v10-argmented-10x.coco-segmentation/train/1-7-3-6_png.rf.399fc47ee926fe067b11c4c39d31f728.jpg,135,173,8,png,largest_inner_median,largest_inner_median,1.7,3.6,6.12,5.3,1256,7.136483208590247,76.0,27.0,2.814814814814815,21605,24038.0,2.0,1.0,-0.5538905161427892,-0.5527977019441971,-0.5523938623479243,-0.5523938623479243,-0.5538905161427892,-0.5538905161427892,-57.155338287353516,57.155338287353516,-57.111934661865234,-56.999168395996094,-56.957496643066406,-56.957496643066406,-57.111934661865234,-57.111934661865234,-57.111934661865234,867.0,867.0,103.18887329101562,-57.65070343017578,-38.0165901184082,19.634113311767578,0.1902735506801688,1.1797806024551392,9.487574577331543,-0.013395980931818485,0.0030348526779562235,105.08771514892578,7.8484904138173,8,0.0
train,2-0-3-9_png.rf.493b04ec8a28c6a8c4d7900385e52c84.jpg,/mnt/tf_data/TechFin/home/group_6/Data/white_balance_copy_layers.v10-argmented-10x.coco-segmentation/train/2-0-3-9_png.rf.493b04ec8a28c6a8c4d7900385e52c84.jpg,136,174,7,png,largest_inner_median,largest_inner_median,2.0,3.9,7.8,5.9,321,5.7745515455444085,16.0,39.0,0.41025641025641024,6383,7093.0,0.0,1.0,-0.5007586618929069,-0.5095321034764502,-0.3960964435024132,-0.3960964435024132,-0.5007586618929069,-0.5007586618929069,-52.538719177246094,52.538719177246094,-52.488853454589844,-53.40934753417969,-41.507877349853516,-41.507877349853516,-52.488853454589844,-52.488853454589844,-52.488853454589844,120.0,120.0,104.91824340820312,-53.52105712890625,-8.176742553710938,45.34431457519531,0.43218713068589204,0.7862590551376343,17.10846519470215,-0.0060270242393016815,0.00327139999717474,104.86351013183594,6.880147820214298,7,0.0
train,2-0-4-8_png.rf.9c6645b483a4d55339412c5cd052b4d0.jpg,/mnt/tf_data/TechFin/home/group_6/Data/white_balance_copy_layers.v10-argmented-10x.coco-segmentation/train/2-0-4-8_png.rf.9c6645b483a4d55339412c5cd052b4d0.jpg,137,177,8,png,largest_inner_median,largest_inner_median,2.0,4.8,9.6,6.8,1421,7.259819610363186,32.0,77.0,0.4155844155844156,23464,26067.0,0.0,1.0,-0.6564126203619187,-0.6550142126979225,-0.6544650275463941,-0.6544650275463941,-0.6564126203619187,-0.6564126203619187,-55.7491340637207,55.7491340637207,-55.761234283447266,-55.6424674987793,-55.5958251953125,-55.5958251953125,-55.761234283447266,-55.761234283447266,-55.761234283447266,1009.0,1009.0,84.93001556396484,-57.0018310546875,-41.57954025268555,15.422290802001953,0.18158822531224772,1.1022732257843018,8.080535888671875,-0.003306157886981964,-0.012761702761054039,87.1249008178711,8.855431492084119,9,1.0
train,1-4-4-2_png.rf.239c52e3fd3f58fadcef209bbd5be2e1.jpg,/mnt/tf_data/TechFin/home/group_6/Data/white_balance_copy_layers.v10-argmented-10x.coco-segmentation/train/1-4-4-2_png.rf.239c52e3fd3f58fadcef209bbd5be2e1.jpg,138,180,7,png,largest_inner_median,largest_inner_median,1.4,4.2,5.88,5.6,427,6.059123195581797,16.0,40.0,0.4,7928,8809.0,0.0,1.0,-0.4010094667988394,-0.4007894998995879,-0.3973267593209108,-0.3973267593209108,-0.4010094667988394,-0.4010094667988394,-48.18678283691406,48.18678283691406,-48.10686492919922,-48.0804328918457,-47.664337158203125,-47.664337158203125,-48.10686492919922,-48.10686492919922,-48.10686492919922,221.0,221.0,120.16370391845703,-49.13139038085937,-22.473751831054667,26.657638549804705,0.2218443480062378,0.7479482889175415,13.087810516357422,0.01035668607801199,0.006610066629946232,119.31097412109375,6.202483018085456,6,1.0
train,1-4-3-9-3-10-2_png.rf.4cb2b0958876f0fac91698302f6f90b6.jpg,/mnt/tf_data/TechFin/home/group_6/Data/white_balance_copy_layers.v10-argmented-10x.coco-segmentation/train/1-4-3-9-3-10-2_png.rf.4cb2b0958876f0fac91698302f6f90b6.jpg,139,181,7,3-10-2_png,largest_inner_median,largest_inner_median,1.4,3.9,5.46,5.3,536,6.285998094508865,41.0,24.0,1.7083333333333333,13065,14517.0,0.0,1.0,-0.5518448192837075,-0.5554436788139001,-0.5447012147818678,-0.5447012147818678,-0.5518448192837075,-0.5518448192837075,-47.965171813964844,47.965171813964844,-47.92930603027344,-48.24211120605469,-47.30839920043945,-47.30839920043945,-47.92930603027344,-47.92930603027344,-47.92930603027344,298.0,298.0,86.91786193847656,-48.703125,-22.157203674316406,26.545921325683594,0.3054138785014489,0.5962710380554199,11.462250709533691,-0.0008679543971084058,0.0025126177351921797,86.86799621582031,8.1166174984071,8,1.0
train,1-7-3-6-2-10-3_png.rf.9075ab47dedcce54d97793347599d2cc.jpg,/mnt/tf_data/TechFin/home/group_6/Data/white_balance_copy_layers.v10-argmented-10x.coco-segmentation/train/1-7-3-6-2-10-3_png.rf.9075ab47dedcce54d97793347599d2cc.jpg,140,182,2,2-10-3_png,largest_inner_median,largest_inner_median,1.7,3.6,6.12,5.3,5591,8.629092283913646,87.0,112.0,0.7767857142857143,124751,138609.0,0.0,1.0,-0.1291564713035697,-0.1266690340327093,-0.12848830968118355,-0.12848830968118355,-0.1291564713035697,-0.1291564713035697,-9.61993408203125,9.61993408203125,-9.574783325195312,-9.389512062072754,-9.525016784667969,-9.525016784667969,-9.574783325195312,-9.574783325195312,-9.574783325195312,4797.0,4797.0,74.4827880859375,-10.118049621582031,-8.242408752441406,1.875640869140625,0.025182205410685343,0.7910383343696594,1.3581455945968628,-0.0020697193685919046,0.000943947525229305,74.63426971435547,2.4585200467921706,2,0.0
train,1-7-4-5_png.rf.e06ab8ba15fa4e1f148fb83b779bb4d7.jpg,/mnt/tf_data/TechFin/home/group_6/Data/white_balance_copy_layers.v10-argmented-10x.coco-segmentation/train/1-7-4-5_png.rf.e06ab8ba15fa4e1f148fb83b779bb4d7.jpg,141,183,4,png,largest_inner_median,largest_inner_median,1.7,4.5,7.6499999999999995,6.2,2062,7.631916513071252,136.0,41.0,3.317073170731707,64615,71577.0,1.0,1.0,-0.2943951706504533,-0.2945329587413983,-0.28535621523253984,-0.28535621523253984,-0.2943951706504533,-0.2943951706504533,-31.71729278564453,31.71729278564453,-31.740379333496094,-31.755224227905273,-30.76654815673828,-30.76654815673828,-31.740379333496094,-31.740379333496094,-31.740379333496094,1377.0,1377.0,107.73713684082031,-33.228825378417966,-14.353754425048828,18.87507095336914,0.1751955872120188,0.877430260181427,8.833892822265625,-0.0034532540012151003,-0.0018232277361676097,108.7651138305664,4.555436231843031,4,0.0
train,1-4-3-3_png.rf.e2f3f39b2b8d40394c290dfb3ec4a0a7.jpg,/mnt/tf_data/TechFin/home/group_6/Data/white_balance_copy_layers.v10-argmented-10x.coco-segmentation/train/1-4-3-3_png.rf.e2f3f39b2b8d40394c290dfb3ec4a0a7.jpg,142,184,8,png,largest_inner_median,largest_inner_median,1.4,3.3,4.619999999999999,4.699999999999999,1241,7.124478262493424,76.0,27.0,2.814814814814815,14938,16598.0,0.0,1.0,-0.49343647819835584,-0.49080328153944286,-0.4922389135223276,-0.4922389135223276,-0.49343647819835584,-0.49343647819835584,-61.19733810424805,61.19733810424805,-61.192649841308594,-60.86607360839844,-61.044124603271484,-61.044124603271484,-61.192649841308594,-61.192649841308594,-61.192649841308594,851.0,851.0,124.0227279663086,-62.181575775146484,-51.49922180175781,10.682353973388672,0.0861322287338381,0.9855049848556519,8.202013969421387,-0.015328546054661274,0.005883465055376291,126.04331970214844,7.375402539393596,7,1.0
train,1-7-3-6-3-10-4_png.rf.08cb4db887b5899365c23a3f41fe1a79.jpg,/mnt/tf_data/TechFin/home/group_6/Data/white_balance_copy_layers.v10-argmented-10x.coco-segmentation/train/1-7-3-6-3-10-4_png.rf.08cb4db887b5899365c23a3f41fe1a79.jpg,143,185,3,3-10-4_png,largest_inner_median,largest_inner_median,1.7,3.6,6.12,5.3,621,6.432940092739179,23.0,52.0,0.4423076923076923,16353,17751.0,0.0,1.0,-0.22461080972163502,-0.2286082947465026,-0.19643242105136108,-0.19643242105136108,-0.22461080972163502,-0.22461080972163502,-15.33369255065918,15.33369255065918,-15.287199020385742,-15.560098648071289,-13.363521575927734,-13.363521575927734,-15.287199020385742,-15.287199020385742,-15.287199020385742,346.0,346.0,68.26782989501953,-15.981056213378906,-5.190608978271484,10.790447235107422,0.15806049865215704,0.5887989401817322,4.328507423400879,0.0005128976190462708,-0.006104521453380585,68.89541625976562,3.669857027495283,4,1.0
train,1-1-4-5-3-10-4_png.rf.1930ecac4fb716eb7b49390bec245c45.jpg,/mnt/tf_data/TechFin/home/group_6/Data/white_balance_copy_layers.v10-argmented-10x.coco-segmentation/train/1-1-4-5-3-10-4_png.rf.1930ecac4fb716eb7b49390bec245c45.jpg,144,186,3,3-10-4_png,largest_inner_median,largest_inner_median,1.1,4.5,4.95,5.6,661,6.495265555937008,25.0,55.0,0.45454545454545453,18275,20280.0,0.0,1.0,-0.14265329091779055,-0.1473416869028956,-0.12414440681483621,-0.12414440681483621,-0.14265329091779055,-0.14265329091779055,-16.047401428222656,16.047401428222656,-16.02263641357422,-16.550045013427734,-13.940528869628906,-13.940528869628906,-16.02263641357422,-16.02263641357422,-16.02263641357422,364.0,364.0,112.4923324584961,-16.7598876953125,-4.012580871582031,12.747306823730469,0.11331711722159883,0.6051018238067627,5.025911331176758,0.0024164714850485325,-0.005271632224321365,112.97357177734375,3.217972591101677,3,0.0
train,1-4-3-9_png.rf.359c90582febf91e23799df16bc76958.jpg,/mnt/tf_data/TechFin/home/group_6/Data/white_balance_copy_layers.v10-argmented-10x.coco-segmentation/train/1-4-3-9_png.rf.359c90582febf91e23799df16bc76958.jpg,145,187,7,png,largest_inner_median,largest_inner_median,1.4,3.9,5.46,5.3,323,5.780743515792329,17.0,39.0,0.4358974358974359,6513,7237.0,0.0,1.0,-0.4120133778867375,-0.41660900303391524,-0.3157631816497416,-0.3157631816497416,-0.4120133778867375,-0.4120133778867375,-55.10346984863281,55.10346984863281,-55.0823974609375,-55.697025299072266,-42.20970916748047,-42.20970916748047,-55.0823974609375,-55.0823974609375,-55.0823974609375,121.0,121.0,133.741943359375,-56.129574584960935,-10.228483581542967,45.90109100341797,0.3432064007031673,0.7890340685844421,17.192350387573242,0.004435841925442219,0.008630256168544292,132.9088592529297,6.342125119786066,6,1.0
train,1-4-3-9_png.rf.58823c52e105c9e3c4eb6878f0a6f6eb.jpg,/mnt/tf_data/TechFin/home/group_6/Data/white_balance_copy_layers.v10-argmented-10x.coco-segmentation/train/1-4-3-9_png.rf.58823c52e105c9e3c4eb6878f0a6f6eb.jpg,146,190,2,png,largest_inner_median,largest_inner_median,1.4,3.9,5.46,5.3,504,6.22455842927536,46.0,23.0,2.0,14220,15802.0,0.0,1.0,-0.12028231292981886,-0.11882255644450762,-0.11162933975025542,-0.11162933975025542,-0.12028231292981886,-0.12028231292981886,-14.771553039550781,14.771553039550781,-14.785743713378906,-14.606474876403809,-13.723094940185547,-13.723094940185547,-14.785743713378906,-14.785743713378906,-14.785743713378906,251.0,251.0,122.80735778808594,-15.612973022460938,-3.3168449401855478,12.296128082275391,0.10012533698097599,0.44679367542266846,4.444741725921631,-0.00466720899567008,-0.0018603282514959574,123.33724975585938,2.6399924220087887,3,1.0
train,1-1-3-3_png.rf.ab40b27f694aa63320dbc880cd2e0da4.jpg,/mnt/tf_data/TechFin/home/group_6/Data/white_balance_copy_layers.v10-argmented-10x.coco-segmentation/train/1-1-3-3_png.rf.ab40b27f694aa63320dbc880cd2e0da4.jpg,147,193,7,png,largest_inner_median,largest_inner_median,1.1,3.3,3.63,4.4,488,6.192362489474872,45.0,17.0,2.6470588235294117,8795,9773.0,0.0,1.0,-0.37939631284480635,-0.39150644902379517,-0.35967940985010755,-0.35967940985010755,-0.37939631284480635,-0.37939631284480635,-54.2038688659668,54.2038688659668,-54.13578414916992,-55.865943908691406,-51.31885528564453,-51.31885528564453,-54.13578414916992,-54.13578414916992,-54.13578414916992,266.0,266.0,142.8687286376953,-56.91744766235352,-19.079861450195313,37.8375862121582,0.26484162470649236,0.7404686808586121,15.162527084350586,-0.007576653268188238,0.0005326756509020925,143.55604553222656,6.222294679927009,6,1.0
train,1-4-3-9_png.rf.18059d1c5e305ad46c68b93d0dcb37b2.jpg,/mnt/tf_data/TechFin/home/group_6/Data/white_balance_copy_layers.v10-argmented-10x.coco-segmentation/train/1-4-3-9_png.rf.18059d1c5e305ad46c68b93d0dcb37b2.jpg,148,194,4,png,largest_inner_median,largest_inner_median,1.4,3.9,5.46,5.3,1973,7.587817219993427,41.0,136.0,0.3014705882352941,69452,77242.0,2.0,1.0,-0.20219805595766827,-0.20866182340814915,-0.19895306309204974,-0.19895306309204974,-0.20219805595766827,-0.20219805595766827,-27.68359375,27.68359375,-27.706878662109375,-28.591854095458984,-27.262596130371094,-27.262596130371094,-27.706878662109375,-27.706878662109375,-27.706878662109375,1285.0,1285.0,136.9132537841797,-30.213841247558594,-21.861163330078128,8.352677917480467,0.06100708066325729,0.9841125011444092,5.365586757659912,-0.002152413362637162,0.0038435966707766056,135.9681854248047,3.67952158826644,4,0.0
train,2-0-4-5_png.rf.9374cff7c16edf8ea23692142c09a8c3.jpg,/mnt/tf_data/TechFin/home/group_6/Data/white_balance_copy_layers.v10-argmented-10x.coco-segmentation/train/2-0-4-5_png.rf.9374cff7c16edf8ea23692142c09a8c3.jpg,149,195,8,png,largest_inner_median,largest_inner_median,2.0,4.5,9.0,6.5,1475,7.297091005160418,33.0,77.0,0.42857142857142855,25032,27814.0,0.0,1.0,-0.6507600846376721,-0.6470195602710422,-0.6504130800224536,-0.6504130800224536,-0.6507600846376721,-0.6507600846376721,-56.509029388427734,56.509029388427734,-56.50162887573242,-56.17681884765625,-56.47149658203125,-56.47149658203125,-56.50162887573242,-56.50162887573242,-56.50162887573242,1057.0,1057.0,86.8354263305664,-58.661067962646484,-52.753390502929676,5.907677459716808,0.06803303339845851,1.0700989961624146,6.05268669128418,0.003825270803645253,0.01196892000734806,84.77466583251953,8.783699544945826,9,1.0
train,2-0-4-5_png.rf.05e9562d7516169466b54cc97afc22ee.jpg,/mnt/tf_data/TechFin/home/group_6/Data/white_balance_copy_layers.v10-argmented-10x.coco-segmentation/train/2-0-4-5_png.rf.05e9562d7516169466b54cc97afc22ee.jpg,150,196,1,png,largest_inner_median,largest_inner_median,2.0,4.5,9.0,6.5,1617,7.388946097618437,122.0,44.0,2.772727272727273,55572,61748.0,0.0,1.0,-0.07403413790887153,-0.04851530918020772,-0.053693710387864,-0.053693710387864,-0.07403413790887153,-0.07403413790887153,-6.7668609619140625,6.7668609619140625,-6.914581298828125,-4.582111835479736,-5.055427551269531,-5.055427551269531,-6.914581298828125,-6.914581298828125,-6.914581298828125,975.0,975.0,91.40190124511719,-10.175282287597657,-0.6439102172851561,9.5313720703125,0.10427980097210154,0.8505382537841797,3.376222848892212,9.222538938047364e-05,0.002158642513677478,91.17704010009766,1.4649178260481415,1,0.0
train,1-7-4-5_png.rf.f44b493bee147f1060adc3a973975741.jpg,/mnt/tf_data/TechFin/home/group_6/Data/white_balance_copy_layers.v10-argmented-10x.coco-segmentation/train/1-7-4-5_png.rf.f44b493bee147f1060adc3a973975741.jpg,151,197,1,png,largest_inner_median,largest_inner_median,1.7,4.5,7.6499999999999995,6.2,749,6.620073206530356,21.0,58.0,0.3620689655172414,14606,16230.0,0.0,1.0,-0.01794180447831897,-0.016589422322306046,-0.017544136258546207,-0.017544136258546207,-0.01794180447831897,-0.01794180447831897,-1.9360618591308594,1.9360618591308594,-1.9198799133300781,-1.7739472389221191,-1.8769683837890625,-1.8769683837890625,-1.9198799133300781,-1.9198799133300781,-1.9198799133300781,458.0,458.0,107.90786743164062,-2.438215637207031,-1.223724365234375,1.2144912719726562,0.01125489087014006,0.6218981742858887,0.7310479283332825,0.00796718243509531,-0.0017718159360811114,107.78495025634766,1.047180960956492,1,0.0
train,2-0-3-6_png.rf.11290563b14f67f8de3c77186637300c.jpg,/mnt/tf_data/TechFin/home/group_6/Data/white_balance_copy_layers.v10-argmented-10x.coco-segmentation/train/2-0-3-6_png.rf.11290563b14f67f8de3c77186637300c.jpg,153,199,1,png,largest_inner_median,largest_inner_median,2.0,3.6,7.2,5.6,1608,7.3833681469923835,44.0,121.0,0.36363636363636365,56926,63292.0,2.0,1.0,-0.08771157188273357,-0.046639366626538836,-0.066495697046627,-0.066495697046627,-0.08771157188273357,-0.08771157188273357,-8.580543518066406,8.580543518066406,-8.561370849609375,-4.543407917022705,-6.485889434814453,-6.485889434814453,-8.561370849609375,-8.561370849609375,-8.561370849609375,969.0,969.0,97.82681274414062,-11.856858825683593,-1.1147109985351566,10.742147827148436,0.10980780755112397,0.898794949054718,3.7617664337158203,-0.003318898845463991,-0.00044672569492831826,98.22098541259766,1.6384875332845033,2,1.0
train,1-7-4-5_png.rf.aff93deea682de60381cec2e3441eb45.jpg,/mnt/tf_data/TechFin/home/group_6/Data/white_balance_copy_layers.v10-argmented-10x.coco-segmentation/train/1-7-4-5_png.rf.aff93deea682de60381cec2e3441eb45.jpg,154,200,8,png,largest_inner_median,largest_inner_median,1.7,4.5,7.6499999999999995,6.2,1322,7.187657164114956,33.0,76.0,0.4342105263157895,25645,28559.0,2.0,1.0,-0.5715055619811293,-0.5677889255820011,-0.5699418990856252,-0.5699418990856252,-0.5715055619811293,-0.5715055619811293,-56.04285430908203,56.04285430908203,-56.036415100097656,-55.67195510864258,-55.883079528808594,-55.883079528808594,-56.036415100097656,-56.036415100097656,-56.036415100097656,909.0,909.0,98.06178283691406,-57.347618865966794,-47.66536331176756,9.682255554199237,0.09873627904870683,1.2851959466934204,6.73307991027832,-0.005832219496369362,-0.014569364488124847,100.67876434326172,8.072029299470753,8,0.0
train,1-1-4-2_png.rf.07464557bdd603e6892dac8d86105941.jpg,/mnt/tf_data/TechFin/home/group_6/Data/white_balance_copy_layers.v10-argmented-10x.coco-segmentation/train/1-1-4-2_png.rf.07464557bdd603e6892dac8d86105941.jpg,155,203,7,png,largest_inner_median,largest_inner_median,1.1,4.2,4.620000000000001,5.300000000000001,456,6.124683390894205,18.0,45.0,0.4,9743,10827.0,0.0,1.0,-0.4258343343842859,-0.43254257282231917,-0.4157711023560182,-0.4157711023560182,-0.4258343343842859,-0.4258343343842859,-52.01911163330078,52.01911163330078,-52.02269744873047,-52.8421630859375,-50.793392181396484,-50.793392181396484,-52.02269744873047,-52.02269744873047,-52.02269744873047,234.0,234.0,122.15809631347656,-53.64924621582031,-19.389049530029297,34.260196685791016,0.2804578470007756,0.7275040149688721,14.133902549743652,0.003519719233736396,-0.0057853288017213345,122.56074523925781,6.8116035969831366,7,0.0
train,1-7-3-3_png.rf.cdb4dbeb5b921004ac0736b012dd654c.jpg,/mnt/tf_data/TechFin/home/group_6/Data/white_balance_copy_layers.v10-argmented-10x.coco-segmentation/train/1-7-3-3_png.rf.cdb4dbeb5b921004ac0736b012dd654c.jpg,156,204,1,png,largest_inner_median,largest_inner_median,1.7,3.3,5.609999999999999,5.0,735,6.601230118728877,20.0,58.0,0.3448275862068966,14276,15864.0,0.0,1.0,-0.03746710052152958,-0.03777349401520266,-0.03528922203060728,-0.03528922203060728,-0.03746710052152958,-0.03746710052152958,-4.662208557128906,4.662208557128906,-4.707603454589844,-4.745729446411133,-4.4365997314453125,-4.4365997314453125,-4.707603454589844,-4.707603454589844,-4.707603454589844,450.0,450.0,124.43473052978516,-6.037632751464844,-2.508880615234375,3.5287521362304686,0.028358257547604956,0.687626302242279,1.5788432359695435,-0.006299027241766453,-0.00013911000860389322,124.70366668701172,1.294961350494459,1,0.0
train,1-1-4-2_png.rf.1fbab099d4faad26afd3f6d159befc3c.jpg,/mnt/tf_data/TechFin/home/group_6/Data/white_balance_copy_layers.v10-argmented-10x.coco-segmentation/train/1-1-4-2_png.rf.1fbab099d4faad26afd3f6d159befc3c.jpg,158,206,4,png,largest_inner_median,largest_inner_median,1.1,4.2,4.620000000000001,5.300000000000001,2082,7.641564441260972,137.0,43.0,3.186046511627907,64697,72279.0,2.0,1.0,-0.17953708549120162,-0.1818735901765494,-0.17486318081686608,-0.17486318081686608,-0.17953708549120162,-0.17953708549120162,-24.47901153564453,24.47901153564453,-24.474525451660156,-24.7930965423584,-23.837261199951172,-23.837261199951172,-24.474525451660156,-24.474525451660156,-24.474525451660156,1381.0,1381.0,136.34515380859375,-25.6524169921875,-12.182729339599602,13.469687652587899,0.09879109947315863,1.0697383880615234,6.481973648071289,-0.003925064112991095,-0.0021814387291669846,137.53997802734375,3.6860362233668598,4,0.0
train,1-4-4-2_png.rf.743441c045a526e220ce457bff62b00f.jpg,/mnt/tf_data/TechFin/home/group_6/Data/white_balance_copy_layers.v10-argmented-10x.coco-segmentation/train/1-4-4-2_png.rf.743441c045a526e220ce457bff62b00f.jpg,159,207,1,png,largest_inner_median,largest_inner_median,1.4,4.2,5.88,5.6,1589,7.371489295214277,121.0,43.0,2.813953488372093,58959,65508.0,1.0,1.0,-0.09737911299982735,-0.04495862958005155,-0.05959487494047234,-0.05959487494047234,-0.09737911299982735,-0.09737911299982735,-12.457244873046875,12.457244873046875,-12.447349548339844,-5.741447448730469,-7.613792419433594,-7.613792419433594,-12.447349548339844,-12.447349548339844,-12.447349548339844,955.0,955.0,127.92522430419922,-17.42290496826172,-1.861122131347656,15.561782836914062,0.12164749306914632,0.8181547522544861,5.576417922973633,-0.001585032674483955,0.0022251582704484463,128.12179565429688,2.3493456739256757,2,1.0
train,1-4-4-2-3-10-4_png.rf.06a95ae0cbf1268d1fbae002c8285626.jpg,/mnt/tf_data/TechFin/home/group_6/Data/white_balance_copy_layers.v10-argmented-10x.coco-segmentation/train/1-4-4-2-3-10-4_png.rf.06a95ae0cbf1268d1fbae002c8285626.jpg,160,208,3,3-10-4_png,largest_inner_median,largest_inner_median,1.4,4.2,5.88,5.6,629,6.4457198193855785,22.0,53.0,0.41509433962264153,15652,17392.0,0.0,1.0,-0.16546026255783824,-0.17114491367038015,-0.15141798838337878,-0.15141798838337878,-0.16546026255783824,-0.16546026255783824,-14.512470245361328,14.512470245361328,-14.48138427734375,-14.97998332977295,-13.249740600585938,-13.249740600585938,-14.48138427734375,-14.48138427734375,-14.48138427734375,356.0,356.0,87.70970153808594,-15.171231079101563,-4.671556091308593,10.49967498779297,0.11970939136343686,0.5071404576301575,4.219659328460693,0.0022552451118826866,-0.0036637396551668644,88.0055923461914,3.2133107436661845,3,0.0
train,2-0-3-3_png.rf.3fb0eed2f19ac7911828d9d3850a573c.jpg,/mnt/tf_data/TechFin/home/group_6/Data/white_balance_copy_layers.v10-argmented-10x.coco-segmentation/train/2-0-3-3_png.rf.3fb0eed2f19ac7911828d9d3850a573c.jpg,162,210,1,png,largest_inner_median,largest_inner_median,2.0,3.3,6.6,5.3,726,6.588926477533519,22.0,55.0,0.4,14731,16369.0,0.0,1.0,-0.03249347461064698,-0.03365943706360655,-0.030392479218423363,-0.030392479218423363,-0.03249347461064698,-0.03249347461064698,-3.2782363891601562,3.2782363891601562,-3.2954177856445312,-3.413050651550293,-3.0834503173828125,-3.0834503173828125,-3.2954177856445312,-3.2954177856445312,-3.2954177856445312,449.0,449.0,100.88906860351562,-3.5499496459960938,-1.8906364440917969,1.6593132019042969,0.01644690772620014,0.7006651163101196,0.7805685997009277,0.004168287850916386,0.00010819143790286034,100.692626953125,0.937757484360072,1,0.0
train,1-4-4-8_png.rf.ba9724097dc8e309623100c2936f69ef.jpg,/mnt/tf_data/TechFin/home/group_6/Data/white_balance_copy_layers.v10-argmented-10x.coco-segmentation/train/1-4-4-8_png.rf.ba9724097dc8e309623100c2936f69ef.jpg,163,211,4,png,largest_inner_median,largest_inner_median,1.4,4.8,6.72,6.199999999999999,1891,7.545389749611823,137.0,42.0,3.261904761904762,73913,82121.0,0.0,1.0,-0.2693509420202233,-0.27363266085736915,-0.2662337207664567,-0.2662337207664567,-0.2693509420202233,-0.2693509420202233,-30.522628784179688,30.522628784179688,-30.501495361328125,-30.986696243286133,-30.14825439453125,-30.14825439453125,-30.501495361328125,-30.501495361328125,-30.501495361328125,1197.0,1197.0,113.31918334960938,-32.443580627441406,-24.552597045898438,7.890983581542969,0.06963501984653307,0.787804126739502,5.04067850112915,-0.002780165756121278,-0.0016538762720301747,114.16426849365234,4.531706785886756,4,0.0
train,1-4-4-2_png.rf.bc9f3aafc1da978fe26f5f30ea2a7afe.jpg,/mnt/tf_data/TechFin/home/group_6/Data/white_balance_copy_layers.v10-argmented-10x.coco-segmentation/train/1-4-4-2_png.rf.bc9f3aafc1da978fe26f5f30ea2a7afe.jpg,164,212,1,png,largest_inner_median,largest_inner_median,1.4,4.2,5.88,5.6,2504,7.826044013518965,88.0,38.0,2.3157894736842106,42004,46681.0,2.0,1.0,-0.04701339868617376,-0.04876309884039723,-0.04557100312150205,-0.04557100312150205,-0.04701339868617376,-0.04701339868617376,-6.005062103271484,6.005062103271484,-6.018402099609375,-6.2418928146362305,-5.834163665771484,-5.834163665771484,-6.018402099609375,-6.018402099609375,-6.018402099609375,2012.0,2012.0,127.73086547851562,-6.514109802246094,-3.04549560546875,3.468614196777344,0.027155646239324715,0.8070541024208069,1.4367403984069824,0.0022517526522278786,-0.005038167349994183,127.71546936035156,1.710193453934906,2,1.0
train,0-8-4-5-7-10-2_png.rf.d04e1b282cf4cbfd20a9f06418a862be.jpg,/mnt/tf_data/TechFin/home/group_6/Data/white_balance_copy_layers.v10-argmented-10x.coco-segmentation/train/0-8-4-5-7-10-2_png.rf.d04e1b282cf4cbfd20a9f06418a862be.jpg,165,213,7,7-10-2_png,largest_inner_median,largest_inner_median,0.8,4.5,3.6,5.3,510,6.236369590203704,40.0,23.0,1.7391304347826086,12110,13456.0,0.0,1.0,-0.49650566549518593,-0.5013123110866019,-0.48999068115832833,-0.48999068115832833,-0.49650566549518593,-0.49650566549518593,-65.55908203125,65.55908203125,-65.50033569335938,-66.135009765625,-64.64009094238281,-64.64009094238281,-65.50033569335938,-65.50033569335938,-65.50033569335938,278.0,278.0,132.04095458984375,-66.58261566162109,-37.99876632690428,28.58384933471681,0.21647714849916275,0.6742619276046753,12.24117660522461,0.004579286556690931,-0.0029542171396315098,131.8084259033203,8.002526088954763,8,1.0
train,1-4-4-2_png.rf.d2ef4b75e3edbd13c0308eda37b2c3b4.jpg,/mnt/tf_data/TechFin/home/group_6/Data/white_balance_copy_layers.v10-argmented-10x.coco-segmentation/train/1-4-4-2_png.rf.d2ef4b75e3edbd13c0308eda37b2c3b4.jpg,166,214,4,png,largest_inner_median,largest_inner_median,1.4,4.2,5.88,5.6,1859,7.528331766707247,42.0,136.0,0.3088235294117647,71038,78932.0,0.0,1.0,-0.2232798562345796,-0.226193374572974,-0.22239211662554564,-0.22239211662554564,-0.2232798562345796,-0.2232798562345796,-28.722206115722656,28.722206115722656,-28.76897430419922,-29.143762588500977,-28.65477752685547,-28.65477752685547,-28.76897430419922,-28.76897430419922,-28.76897430419922,1169.0,1169.0,128.6376953125,-30.591111755371095,-20.865740966796874,9.72537078857422,0.07560280650977416,0.8515786528587341,6.17286491394043,0.0019571809098124504,-0.0032157229725271463,129.28756713867188,3.947054365911115,4,0.0
train,2-0-4-2_png.rf.a4df130356cb5d57336df3c2f606fce7.jpg,/mnt/tf_data/TechFin/home/group_6/Data/white_balance_copy_layers.v10-argmented-10x.coco-segmentation/train/2-0-4-2_png.rf.a4df130356cb5d57336df3c2f606fce7.jpg,168,218,7,png,largest_inner_median,largest_inner_median,2.0,4.2,8.4,6.2,441,6.091309882077698,46.0,18.0,2.5555555555555554,10087,11208.0,0.0,1.0,-0.4767800757989404,-0.47348427230245005,-0.4643547306839462,-0.4643547306839462,-0.4767800757989404,-0.4767800757989404,-45.26837158203125,45.26837158203125,-45.21381378173828,-44.9008903503418,-44.03407669067383,-44.03407669067383,-45.21381378173828,-45.21381378173828,-45.21381378173828,216.0,216.0,94.9460220336914,-46.60247039794922,-11.96954345703125,34.63292694091797,0.36476438084608265,0.675019383430481,13.597149848937988,0.005531479138880968,-0.0009584680665284395,94.4788589477539,6.575854180323565,7,0.0
train,1-7-3-9_png.rf.4f501c180f813efc5c93e5a916945bba.jpg,/mnt/tf_data/TechFin/home/group_6/Data/white_balance_copy_layers.v10-argmented-10x.coco-segmentation/train/1-7-3-9_png.rf.4f501c180f813efc5c93e5a916945bba.jpg,169,219,1,png,largest_inner_median,largest_inner_median,1.7,3.9,6.63,5.6,1601,7.379008127628304,44.0,121.0,0.36363636363636365,54399,60449.0,2.0,1.0,-0.06567640859345929,-0.029081219853368322,-0.04034670507843648,-0.04034670507843648,-0.06567640859345929,-0.06567640859345929,-7.823360443115234,7.823360443115234,-7.885677337646484,-3.526465892791748,-4.868408203125,-4.868408203125,-7.885677337646484,-7.885677337646484,-7.885677337646484,958.0,958.0,119.11979675292969,-11.725685119628906,-0.681304931640625,11.044380187988281,0.09271658019108105,0.9120307564735413,4.062224388122559,-0.003367396304383874,-0.00022032902052160352,119.45915985107422,1.652943801935432,2,1.0
train,2-0-4-5_png.rf.42cbdbf706b38b543ece02b08434571e.jpg,/mnt/tf_data/TechFin/home/group_6/Data/white_balance_copy_layers.v10-argmented-10x.coco-segmentation/train/2-0-4-5_png.rf.42cbdbf706b38b543ece02b08434571e.jpg,170,220,8,png,largest_inner_median,largest_inner_median,2.0,4.5,9.0,6.5,1474,7.29641326877392,77.0,33.0,2.3333333333333335,30784,34241.0,1.0,1.0,-0.6538831886964084,-0.6572645842905099,-0.6539897967870205,-0.6539897967870205,-0.6538831886964084,-0.6538831886964084,-56.668827056884766,56.668827056884766,-56.65981674194336,-56.95286560058594,-56.6690559387207,-56.6690559387207,-56.65981674194336,-56.65981674194336,-56.65981674194336,1056.0,1056.0,86.6650619506836,-58.6210750579834,-53.35133666992188,5.269738388061519,0.060805799585768976,1.290527105331421,6.135997772216797,0.013061991892755032,-0.003136092098429799,84.89942169189453,8.823332436479388,9,1.0
train,1-7-3-9_png.rf.3579a308cc096b4f23dbd55d3ddf3e74.jpg,/mnt/tf_data/TechFin/home/group_6/Data/white_balance_copy_layers.v10-argmented-10x.coco-segmentation/train/1-7-3-9_png.rf.3579a308cc096b4f23dbd55d3ddf3e74.jpg,171,221,8,png,largest_inner_median,largest_inner_median,1.7,3.9,6.63,5.6,1424,7.261927092702751,44.0,47.0,0.9361702127659575,26617,29575.0,0.0,1.0,-0.44403140608591196,-0.44938679943894966,-0.43899881547374436,-0.43899881547374436,-0.44403140608591196,-0.44403140608591196,-52.99781036376953,52.99781036376953,-52.95921325683594,-53.598411560058594,-52.358543395996094,-52.358543395996094,-52.95921325683594,-52.95921325683594,-52.95921325683594,1077.0,1077.0,119.35599517822266,-55.87685279846191,-22.249150085449216,33.627702713012695,0.2817428874251329,0.7939103841781616,14.828191757202148,-0.004108667839318514,-0.0017852096352726221,119.88912200927734,6.454353647647613,6,2.0
train,2-0-3-3_png.rf.bf31d533561ed1cc0686eb1f2f0a3dc7.jpg,/mnt/tf_data/TechFin/home/group_6/Data/white_balance_copy_layers.v10-argmented-10x.coco-segmentation/train/2-0-3-3_png.rf.bf31d533561ed1cc0686eb1f2f0a3dc7.jpg,172,222,1,png,largest_inner_median,largest_inner_median,2.0,3.3,6.6,5.3,1655,7.412160334945205,121.0,44.0,2.75,55101,61225.0,0.0,1.0,-0.07313364300408344,-0.05323897348613562,-0.05290377684815132,-0.05290377684815132,-0.07313364300408344,-0.07313364300408344,-7.20684814453125,7.20684814453125,-7.2336273193359375,-5.273136138916016,-5.240104675292969,-5.240104675292969,-7.2336273193359375,-7.2336273193359375,-7.2336273193359375,1015.0,1015.0,98.54354095458984,-11.884992980957032,-1.090937805175781,10.794055175781251,0.10953589724115245,0.8242526650428772,3.846468210220337,0.0009043212630786002,-0.003490437287837267,98.6312026977539,1.4534903435766051,1,0.0
train,1-4-4-5_png.rf.5034fe30e80c679902e1318737b62fef.jpg,/mnt/tf_data/TechFin/home/group_6/Data/white_balance_copy_layers.v10-argmented-10x.coco-segmentation/train/1-4-4-5_png.rf.5034fe30e80c679902e1318737b62fef.jpg,173,223,4,png,largest_inner_median,largest_inner_median,1.4,4.5,6.3,5.9,1874,7.536363938404511,41.0,135.0,0.3037037037037037,69162,77023.0,2.0,1.0,-0.23885587176113748,-0.24787697686418472,-0.23732919121947263,-0.23732919121947263,-0.23885587176113748,-0.23885587176113748,-28.48651123046875,28.48651123046875,-28.527603149414062,-29.60348129272461,-28.34552764892578,-28.34552764892578,-28.527603149414062,-28.527603149414062,-28.527603149414062,1192.0,1192.0,119.26234436035156,-30.88251190185547,-21.290129852294914,9.592382049560555,0.08043093652911217,1.053373098373413,5.663171291351318,-0.000991526641882956,0.004441832657903433,118.05403137207031,4.144717499216689,4,0.0
train,1-1-4-2_png.rf.4074b37b3022b2d7095c5ed03d5754c6.jpg,/mnt/tf_data/TechFin/home/group_6/Data/white_balance_copy_layers.v10-argmented-10x.coco-segmentation/train/1-1-4-2_png.rf.4074b37b3022b2d7095c5ed03d5754c6.jpg,174,226,7,png,largest_inner_median,largest_inner_median,1.1,4.2,4.620000000000001,5.300000000000001,457,6.126869184114185,45.0,18.0,2.5,9699,10777.0,0.0,1.0,-0.42987924171093717,-0.43820235957747133,-0.4134254895656579,-0.4134254895656579,-0.42987924171093717,-0.42987924171093717,-52.462928771972656,52.462928771972656,-52.471397399902344,-53.487159729003906,-50.46336364746094,-50.46336364746094,-52.471397399902344,-52.471397399902344,-52.471397399902344,235.0,235.0,122.04108428955078,-54.264959716796874,-21.732839965820286,32.53211975097659,0.2665669511243601,0.7810451984405518,14.12887191772461,-0.007637958042323589,-0.0018218806944787502,122.80789184570312,6.862934378899303,7,0.0
train,1-7-3-6_png.rf.84d930a3f5f868efcd4c0a255454efdd.jpg,/mnt/tf_data/TechFin/home/group_6/Data/white_balance_copy_layers.v10-argmented-10x.coco-segmentation/train/1-7-3-6_png.rf.84d930a3f5f868efcd4c0a255454efdd.jpg,175,227,8,png,largest_inner_median,largest_inner_median,1.7,3.6,6.12,5.3,1259,7.138866999945524,27.0,76.0,0.35526315789473684,22440,24942.0,1.0,1.0,-0.5537722669963352,-0.5601906856744839,-0.5524725105864781,-0.5524725105864781,-0.5537722669963352,-0.5537722669963352,-57.12061309814453,57.12061309814453,-57.111907958984375,-57.773956298828125,-56.977840423583984,-56.977840423583984,-57.111907958984375,-57.111907958984375,-57.111907958984375,870.0,870.0,103.14820098876953,-57.969522857666014,-37.12730102539062,20.842221832275392,0.20206093400062916,1.2393848896026611,10.097915649414062,-0.003654414787888527,-0.013722553849220276,105.45791625976562,7.84698980560598,8,0.0
train,1-7-3-9-3-10-4_png.rf.98de1b2c201c2af89097598d49677e50.jpg,/mnt/tf_data/TechFin/home/group_6/Data/white_balance_copy_layers.v10-argmented-10x.coco-segmentation/train/1-7-3-9-3-10-4_png.rf.98de1b2c201c2af89097598d49677e50.jpg,176,228,3,3-10-4_png,largest_inner_median,largest_inner_median,1.7,3.9,6.63,5.6,643,6.467698726104354,24.0,53.0,0.4528301886792453,17063,18959.0,0.0,1.0,-0.18257593538615938,-0.19122786049555293,-0.16766871361345873,-0.16766871361345873,-0.18257593538615938,-0.18257593538615938,-11.593536376953125,11.593536376953125,-11.5810546875,-12.130450248718262,-10.634449005126953,-10.634449005126953,-11.5810546875,-11.5810546875,-11.5810546875,359.0,359.0,63.49980545043945,-12.23553466796875,-3.7651847839355446,8.470349884033205,0.1333917454384041,0.4354349374771118,3.2083942890167236,0.00332675501704216,-0.0014513316564261913,63.49481201171875,3.1364250368113145,3,0.0
train,1-4-3-6-3-10-4_png.rf.6eeeb2f2d66d855f1234509223102911.jpg,/mnt/tf_data/TechFin/home/group_6/Data/white_balance_copy_layers.v10-argmented-10x.coco-segmentation/train/1-4-3-6-3-10-4_png.rf.6eeeb2f2d66d855f1234509223102911.jpg,177,229,3,3-10-4_png,largest_inner_median,largest_inner_median,1.4,3.6,5.04,5.0,631,6.448889394146858,22.0,52.0,0.4230769230769231,15439,17155.0,0.0,1.0,-0.18905445900826054,-0.19887903626292577,-0.16960019751586075,-0.16960019751586075,-0.18905445900826054,-0.18905445900826054,-17.432666778564453,17.432666778564453,-17.47249984741211,-18.378421783447266,-15.678627014160156,-15.678627014160156,-17.47249984741211,-17.47249984741211,-17.47249984741211,364.0,364.0,92.20976257324219,-18.54753875732422,-5.1903076171875,13.357231140136719,0.14485701695118317,0.5556869506835938,5.314694404602051,0.004338759463280439,-0.0027591614052653313,92.31015014648438,3.5127263926982417,4,1.0
train,1-7-3-9_png.rf.d6b84aa116f7381ad8863e7b7f8dc1f8.jpg,/mnt/tf_data/TechFin/home/group_6/Data/white_balance_copy_layers.v10-argmented-10x.coco-segmentation/train/1-7-3-9_png.rf.d6b84aa116f7381ad8863e7b7f8dc1f8.jpg,178,230,8,png,largest_inner_median,largest_inner_median,1.7,3.9,6.63,5.6,1350,7.208600337960199,75.0,29.0,2.586206896551724,19283,21427.0,0.0,1.0,-0.5608317380239184,-0.5603708625181114,-0.5590601563027859,-0.5590601563027859,-0.5608317380239184,-0.5608317380239184,-56.99498748779297,56.99498748779297,-56.99146270751953,-56.94462585449219,-56.811424255371094,-56.811424255371094,-56.99146270751953,-56.99146270751953,-56.99146270751953,954.0,954.0,101.62582397460938,-57.64146614074707,-38.253368759155265,19.388097381591805,0.19077923920632425,1.0014526844024658,10.490384101867676,0.012151363305747509,-0.00550138158723712,100.11772155761719,7.9365760775516385,8,0.0
train,1-4-4-5-3-10-2_png.rf.a11e6da5347d2c5a929a7eefbc575152.jpg,/mnt/tf_data/TechFin/home/group_6/Data/white_balance_copy_layers.v10-argmented-10x.coco-segmentation/train/1-4-4-5-3-10-2_png.rf.a11e6da5347d2c5a929a7eefbc575152.jpg,180,232,7,3-10-2_png,largest_inner_median,largest_inner_median,1.4,4.5,6.3,5.9,411,6.021023349349527,41.0,23.0,1.7826086956521738,12313,13683.0,0.0,1.0,-0.5693661415342739,-0.5602511249576927,-0.5603219130357275,-0.5603219130357275,-0.5693661415342739,-0.5693661415342739,-48.53981018066406,48.53981018066406,-48.64097595214844,-47.86389923095703,-47.86993408203125,-47.86993408203125,-48.64097595214844,-48.64097595214844,-48.64097595214844,180.0,180.0,85.25236511230469,-50.3392333984375,-21.21593475341797,29.12329864501953,0.3416127940457114,0.7482230067253113,11.89237117767334,-2.6437652195454575e-05,0.002508491976186633,85.13636779785156,8.33896701069402,8,1.0
train,1-7-4-5-6-10-6_png.rf.44009902984c4f35abb1b7844420dba1.jpg,/mnt/tf_data/TechFin/home/group_6/Data/white_balance_copy_layers.v10-argmented-10x.coco-segmentation/train/1-7-4-5-6-10-6_png.rf.44009902984c4f35abb1b7844420dba1.jpg,181,233,6,6-10-6_png,largest_inner_median,largest_inner_median,1.7,4.5,7.6499999999999995,6.2,1815,7.504391559161238,124.0,38.0,3.263157894736842,56976,63350.0,1.0,1.0,-0.3934940043017616,-0.401096239658612,-0.38838280744911874,-0.38838280744911874,-0.3934940043017616,-0.3934940043017616,-24.645694732666016,24.645694732666016,-24.666194915771484,-25.142345428466797,-24.346065521240234,-24.346065521240234,-24.666194915771484,-24.666194915771484,-24.666194915771484,1120.0,1120.0,62.63296127319336,-26.103292083740236,-17.372184753417965,8.73110733032227,0.1394011579979238,0.9671990275382996,5.138881206512451,0.0043469681404531,0.0007154744816944003,61.49107360839844,5.813022675118376,6,0.0
train,2-0-3-3_png.rf.3aad797b5db85839f752c4254fba3ff4.jpg,/mnt/tf_data/TechFin/home/group_6/Data/white_balance_copy_layers.v10-argmented-10x.coco-segmentation/train/2-0-3-3_png.rf.3aad797b5db85839f752c4254fba3ff4.jpg,182,234,1,png,largest_inner_median,largest_inner_median,2.0,3.3,6.6,5.3,726,6.588926477533519,55.0,22.0,2.5,14717,16353.0,0.0,1.0,-0.031402832142460695,-0.03196537569806168,-0.030289177431302383,-0.030289177431302383,-0.031402832142460695,-0.031402832142460695,-3.1683807373046875,3.1683807373046875,-3.1987380981445312,-3.25549578666687,-3.086376190185547,-3.086376190185547,-3.1987380981445312,-3.1987380981445312,-3.1987380981445312,449.0,449.0,100.89474487304688,-3.6406021118164062,-1.9450874328613281,1.6955146789550781,0.01680478682104304,0.7549290060997009,0.7700847387313843,0.0004086981061846018,-0.006944138091057539,101.15982818603516,0.9239169866275003,1,0.0
train,1-7-3-3_png.rf.6a822e7be10cc53119d317d6b72b1097.jpg,/mnt/tf_data/TechFin/home/group_6/Data/white_balance_copy_layers.v10-argmented-10x.coco-segmentation/train/1-7-3-3_png.rf.6a822e7be10cc53119d317d6b72b1097.jpg,183,235,8,png,largest_inner_median,largest_inner_median,1.7,3.3,5.609999999999999,5.0,1397,7.242797922793756,44.0,46.0,0.9565217391304348,26266,29186.0,0.0,1.0,-0.4306388990345337,-0.4301810853758955,-0.4254574196848188,-0.4254574196848188,-0.4306388990345337,-0.4306388990345337,-61.29475402832031,61.29475402832031,-61.31141662597656,-61.246253967285156,-60.57391357421875,-60.57391357421875,-61.31141662597656,-61.31141662597656,-61.31141662597656,1055.0,1055.0,142.33445739746094,-64.65443115234375,-28.52550506591796,36.128926086425786,0.2538311997462273,0.6702931523323059,15.182632446289062,0.003803826170042157,0.0013672391651198268,141.87380981445312,6.28439972701375,6,2.0
train,1-7-4-5-6-10-6_png.rf.7e9bfa8e94c984f25826c280722efafb.jpg,/mnt/tf_data/TechFin/home/group_6/Data/white_balance_copy_layers.v10-argmented-10x.coco-segmentation/train/1-7-4-5-6-10-6_png.rf.7e9bfa8e94c984f25826c280722efafb.jpg,185,237,6,6-10-6_png,largest_inner_median,largest_inner_median,1.7,4.5,7.6499999999999995,6.2,1822,7.508238774678663,38.0,124.0,0.3064516129032258,56993,63340.0,1.0,1.0,-0.39262907858520235,-0.38895071699907113,-0.38761004246808806,-0.38761004246808806,-0.39262907858520235,-0.39262907858520235,-24.600078582763672,24.600078582763672,-24.60407257080078,-24.373605728149414,-24.28960609436035,-24.28960609436035,-24.60407257080078,-24.60407257080078,-24.60407257080078,1127.0,1127.0,62.654754638671875,-25.27749710083008,-17.77570533752441,7.501791763305668,0.11973220239339026,0.9689099788665771,5.023950576782227,0.0010494993766769767,-0.004356910940259695,63.65143585205078,5.802046573629508,6,0.0
train,1-4-4-2_png.rf.98c06a1240ab45d9419160fc8a8367b3.jpg,/mnt/tf_data/TechFin/home/group_6/Data/white_balance_copy_layers.v10-argmented-10x.coco-segmentation/train/1-4-4-2_png.rf.98c06a1240ab45d9419160fc8a8367b3.jpg,186,238,1,png,largest_inner_median,largest_inner_median,1.4,4.2,5.88,5.6,2508,7.827639546366422,38.0,88.0,0.4318181818181818,42024,46712.0,1.0,1.0,-0.04473893334564882,-0.044938015664841666,-0.043600368436903986,-0.043600368436903986,-0.04473893334564882,-0.04473893334564882,-5.713108062744141,5.713108062744141,-5.736488342285156,-5.761910915374756,-5.591094970703125,-5.591094970703125,-5.736488342285156,-5.736488342285156,-5.736488342285156,2016.0,2016.0,127.69879913330078,-6.2413993835449215,-3.342127227783202,2.8992721557617194,0.022703989195194074,0.7987067699432373,1.3577218055725098,-0.0055226972326636314,-0.0018961196765303612,128.45401000976562,1.6813299782253102,2,1.0
train,1-1-4-2-6-10-6_png.rf.ccedb792a0f5b7f2a986794d2f742e27.jpg,/mnt/tf_data/TechFin/home/group_6/Data/white_balance_copy_layers.v10-argmented-10x.coco-segmentation/train/1-1-4-2-6-10-6_png.rf.ccedb792a0f5b7f2a986794d2f742e27.jpg,187,239,6,6-10-6_png,largest_inner_median,largest_inner_median,1.1,4.2,4.620000000000001,5.300000000000001,1890,7.544861068658458,124.0,40.0,3.1,53994,60042.0,2.0,1.056196403503418,-0.29080819412831294,-0.29680746884765247,-0.28481654257166006,-0.28481654257166006,-0.29076122063192006,-0.29080819412831294,-35.94417190551758,35.94417190551758,-36.01306915283203,-36.75458526611328,-35.27249526977539,-35.27249526977539,-36.00726318359375,-36.01306915283203,-36.01306915283203,1149.0,1145.0,123.60095977783203,-36.782675170898436,-19.42241973876953,17.360255432128906,0.14045405038385864,1.0944596529006958,9.854166030883789,-0.00407823733985424,-0.002582941669970751,124.8268814086914,5.098091568464272,6,0.0
train,1-4-4-8_png.rf.90c9bcc2803ff9f45b309913263c3099.jpg,/mnt/tf_data/TechFin/home/group_6/Data/white_balance_copy_layers.v10-argmented-10x.coco-segmentation/train/1-4-4-8_png.rf.90c9bcc2803ff9f45b309913263c3099.jpg,188,240,1,png,largest_inner_median,largest_inner_median,1.4,4.8,6.72,6.199999999999999,2279,7.731930721948486,35.0,85.0,0.4117647058823529,37548,41720.0,0.0,1.0,-0.06729752239737956,-0.06665526007876091,-0.06655774846960852,-0.06655774846960852,-0.06729752239737956,-0.06729752239737956,-7.500587463378906,7.500587463378906,-7.4649200439453125,-7.393337249755859,-7.382469177246094,-7.382469177246094,-7.4649200439453125,-7.4649200439453125,-7.4649200439453125,1810.0,1810.0,111.45413970947266,-7.983784484863281,-5.982160949707029,2.001623535156252,0.01795916724469707,0.6620896458625793,0.9402438998222351,-0.0008236302528530359,-0.0025154000613838434,111.93754577636719,1.9676035369101417,2,1.0
train,1-4-3-6_png.rf.92e981b786ae50664f7eedf32cb48061.jpg,/mnt/tf_data/TechFin/home/group_6/Data/white_balance_copy_layers.v10-argmented-10x.coco-segmentation/train/1-4-3-6_png.rf.92e981b786ae50664f7eedf32cb48061.jpg,189,243,7,png,largest_inner_median,largest_inner_median,1.4,3.6,5.04,5.0,391,5.971261839790462,16.0,40.0,0.4,7789,8655.0,0.0,1.0,-0.3703093835704907,-0.3722448328739648,-0.36452571099204395,-0.36452571099204395,-0.3703093835704907,-0.3703093835704907,-46.349395751953125,46.349395751953125,-46.308929443359375,-46.551177978515625,-45.58502197265625,-45.58502197265625,-46.308929443359375,-46.308929443359375,-46.308929443359375,195.0,195.0,125.16397857666016,-46.92815399169922,-21.090187072753906,25.837966918945312,0.20643293072631222,0.6994813084602356,11.2997465133667,0.010579626075923443,0.005596948321908712,124.38572692871094,5.812892070817163,6,1.0
train,1-1-4-8-3-10-4_png.rf.b5a344e40f4851da8468d465ee9d800d.jpg,/mnt/tf_data/TechFin/home/group_6/Data/white_balance_copy_layers.v10-argmented-10x.coco-segmentation/train/1-1-4-8-3-10-4_png.rf.b5a344e40f4851da8468d465ee9d800d.jpg,190,244,3,3-10-4_png,largest_inner_median,largest_inner_median,1.1,4.8,5.28,5.9,712,6.569481420414296,24.0,55.0,0.43636363636363634,18172,19758.0,0.0,1.0,-0.14543817672166384,-0.14735568664910798,-0.13145536366487878,-0.13145536366487878,-0.14543817672166384,-0.14543817672166384,-15.600505828857422,15.600505828857422,-15.605060577392578,-15.81074333190918,-14.105186462402344,-14.105186462402344,-15.605060577392578,-15.605060577392578,-15.605060577392578,424.0,424.0,107.26554870605469,-15.942008209228515,-1.3678627014160156,14.5741455078125,0.13586977071035902,0.6161640286445618,6.024144172668457,0.0039590331725776196,-0.0050342632457613945,107.6440200805664,3.2533134170627984,3,0.0
train,1-4-4-5-2-10-3_png.rf.e0bc8357f7b89a69e5a629a720e8fce2.jpg,/mnt/tf_data/TechFin/home/group_6/Data/white_balance_copy_layers.v10-argmented-10x.coco-segmentation/train/1-4-4-5-2-10-3_png.rf.e0bc8357f7b89a69e5a629a720e8fce2.jpg,192,246,2,2-10-3_png,largest_inner_median,largest_inner_median,1.4,4.5,6.3,5.9,5660,8.64135583403666,114.0,88.0,1.2954545454545454,127811,141947.0,0.0,1.0716363830566407,-0.10302458470360748,-0.103694492754093,-0.10192371901991834,-0.10192371901991834,-0.10302458470360748,-0.10302458470360748,-9.69894027709961,9.69894027709961,-9.72708511352539,-9.790151596069336,-9.62344741821289,-9.62344741821289,-9.72708511352539,-9.72708511352539,-9.72708511352539,4862.0,4862.0,94.14199829101562,-10.248074340820313,-8.268228149414059,1.9798461914062546,0.021030424543210486,0.9092264771461487,1.4909117221832275,-0.000521903217304498,-0.0020447056740522385,94.61912536621094,2.420987977058622,2,0.0
train,1-4-3-3_png.rf.7903ee3962f74dae78e00a16efa800cb.jpg,/mnt/tf_data/TechFin/home/group_6/Data/white_balance_copy_layers.v10-argmented-10x.coco-segmentation/train/1-4-3-3_png.rf.7903ee3962f74dae78e00a16efa800cb.jpg,193,247,1,png,largest_inner_median,largest_inner_median,1.4,3.3,4.619999999999999,4.699999999999999,1601,7.379008127628304,43.0,121.0,0.35537190082644626,50946,56608.0,0.0,1.0,-0.060392083248412776,-0.03570629933262989,-0.04082614121210331,-0.04082614121210331,-0.060392083248412776,-0.060392083248412776,-9.391014099121094,9.391014099121094,-9.408760070800781,-5.570102214813232,-6.366241455078125,-6.366241455078125,-9.408760070800781,-9.408760070800781,-9.408760070800781,966.0,966.0,155.50074768066406,-14.266555786132812,-0.5806732177734375,13.685882568359375,0.0880116833680097,0.9524164795875549,4.804398059844971,0.0031500544864684343,0.00039972507511265576,155.12620544433594,1.8799719640789232,2,1.0
train,1-7-4-2_png.rf.98c6303a9e891a3e28d9ef5e79db4510.jpg,/mnt/tf_data/TechFin/home/group_6/Data/white_balance_copy_layers.v10-argmented-10x.coco-segmentation/train/1-7-4-2_png.rf.98c6303a9e891a3e28d9ef5e79db4510.jpg,194,248,1,png,largest_inner_median,largest_inner_median,1.7,4.2,7.14,5.9,1634,7.399398083331354,44.0,120.0,0.36666666666666664,51534,57260.0,0.0,1.2247410301208494,-0.06050792856222814,-0.02659672087060915,-0.04138558710102156,-0.04138558710102156,-0.06050792856222814,-0.06050792856222814,-6.935009002685547,6.935009002685547,-7.027873992919922,-3.1412010192871094,-4.836200714111328,-4.836200714111328,-7.027873992919922,-7.027873992919922,-7.027873992919922,1000.0,1000.0,114.61322784423828,-10.382686614990234,-0.8073364257812499,9.575350189208985,0.08354489590173729,1.0424776077270508,3.641195774078369,0.004265151917934418,-0.0008634821861051023,114.41017150878906,1.587354630195167,2,1.0
train,1-7-3-6_png.rf.6c45f9b2ae96ab637c401f514f570516.jpg,/mnt/tf_data/TechFin/home/group_6/Data/white_balance_copy_layers.v10-argmented-10x.coco-segmentation/train/1-7-3-6_png.rf.6c45f9b2ae96ab637c401f514f570516.jpg,195,249,7,png,largest_inner_median,largest_inner_median,1.7,3.6,6.12,5.3,337,5.823045895483019,40.0,16.0,2.5,6654,7394.0,0.0,1.0,-0.4271334616430383,-0.43415355593753396,-0.3475062655377477,-0.3475062655377477,-0.4271334616430383,-0.4271334616430383,-55.5633659362793,55.5633659362793,-55.43198013305664,-56.345184326171875,-45.07373046875,-45.07373046875,-55.43198013305664,-55.43198013305664,-55.43198013305664,134.0,134.0,130.08432006835938,-56.8837387084961,-6.7614730834960834,50.12226562500001,0.38530597383805165,0.7913116216659546,19.14211654663086,0.00829897541552782,-0.004536997061222792,129.55197143554688,6.239914939666943,6,1.0
train,1-7-4-5-3-10-2_png.rf.9618c0d66d7af0e203125679c2d8efe3.jpg,/mnt/tf_data/TechFin/home/group_6/Data/white_balance_copy_layers.v10-argmented-10x.coco-segmentation/train/1-7-4-5-3-10-2_png.rf.9618c0d66d7af0e203125679c2d8efe3.jpg,197,253,7,3-10-2_png,largest_inner_median,largest_inner_median,1.7,4.5,7.6499999999999995,6.2,554,6.318968113746434,23.0,41.0,0.5609756097560976,12323,13693.0,0.0,1.0,-0.6520822761275951,-0.6521450214232573,-0.6379936104785632,-0.6379936104785632,-0.6520822761275951,-0.6520822761275951,-40.27865982055664,40.27865982055664,-40.20543670654297,-40.209312438964844,-39.33518981933594,-39.33518981933594,-40.20543670654297,-40.20543670654297,-40.20543670654297,318.0,318.0,61.769290924072266,-40.64300651550293,-17.351517868041995,23.291488647460938,0.3770723007989712,0.4122575521469116,9.894574165344238,-0.0008897760417312384,-0.0027132797986268997,62.03406524658203,9.09456588865825,9,2.0
train,0-8-4-2_png.rf.7f36b99e1336174b68149c068d7b884d.jpg,/mnt/tf_data/TechFin/home/group_6/Data/white_balance_copy_layers.v10-argmented-10x.coco-segmentation/train/0-8-4-2_png.rf.7f36b99e1336174b68149c068d7b884d.jpg,199,257,7,png,largest_inner_median,largest_inner_median,0.8,4.2,3.3600000000000003,5.0,465,6.144185634125646,51.0,15.0,3.4,9187,10209.0,0.0,1.0,-0.3866276642558137,-0.4000184122014941,-0.377974288565869,-0.377974288565869,-0.3866276642558137,-0.3866276642558137,-57.513755798339844,57.513755798339844,-57.472206115722656,-59.46417999267578,-56.18495178222656,-56.18495178222656,-57.472206115722656,-57.472206115722656,-57.472206115722656,233.0,233.0,148.75747680664062,-60.6966812133789,-13.880538940429684,46.81614227294922,0.31471454933187815,0.8263197541236877,18.33576202392578,-0.008197307586669922,0.0030219112522900105,149.51502990722656,6.6081495894388,7,0.0
train,1-7-4-2_png.rf.8e4d6b9abbe9c14d54dfeff2216c9185.jpg,/mnt/tf_data/TechFin/home/group_6/Data/white_balance_copy_layers.v10-argmented-10x.coco-segmentation/train/1-7-4-2_png.rf.8e4d6b9abbe9c14d54dfeff2216c9185.jpg,200,258,1,png,largest_inner_median,largest_inner_median,1.7,4.2,7.14,5.9,860,6.7580945044277305,60.0,22.0,2.727272727272727,16272,18082.0,0.0,1.0,-0.02812371558755585,-0.02854559551777864,-0.026268766522632634,-0.026268766522632634,-0.02812371558755585,-0.02812371558755585,-3.281055450439453,3.281055450439453,-3.315570831298828,-3.3647894859313965,-3.099163055419922,-3.099163055419922,-3.315570831298828,-3.315570831298828,-3.315570831298828,554.0,554.0,116.66507720947266,-3.985157775878906,-1.5612510681152343,2.423906707763672,0.02077662626847224,0.5715979933738708,1.5248850584030151,-2.3941349354572594e-05,0.009954041801393032,116.22972106933594,1.1763916984174962,1,0.0
train,1-7-3-3_png.rf.466f13cec7d862b2d18b3e29c54781cf.jpg,/mnt/tf_data/TechFin/home/group_6/Data/white_balance_copy_layers.v10-argmented-10x.coco-segmentation/train/1-7-3-3_png.rf.466f13cec7d862b2d18b3e29c54781cf.jpg,201,259,1,png,largest_inner_median,largest_inner_median,1.7,3.3,5.609999999999999,5.0,1628,7.395721608602045,43.0,122.0,0.3524590163934426,52947,58831.0,0.0,1.0,-0.07433500535844258,-0.04322058362004943,-0.05102522438825631,-0.05102522438825631,-0.07433500535844258,-0.07433500535844258,-9.183631896972656,9.183631896972656,-9.285453796386719,-5.441458702087402,-6.405673980712891,-6.405673980712891,-9.285453796386719,-9.285453796386719,-9.285453796386719,989.0,989.0,123.54383850097656,-13.889105224609375,-0.9529006958007817,12.936204528808593,0.10470942691898259,0.8375620245933533,4.619774341583252,0.003361825831234455,0.0006181466742418706,123.09703063964844,1.762823338436788,2,1.0
train,1-1-4-2-7-10-2_png.rf.b345e8871a50b38671cbff1115b41b6f.jpg,/mnt/tf_data/TechFin/home/group_6/Data/white_balance_copy_layers.v10-argmented-10x.coco-segmentation/train/1-1-4-2-7-10-2_png.rf.b345e8871a50b38671cbff1115b41b6f.jpg,202,260,7,7-10-2_png,largest_inner_median,largest_inner_median,1.1,4.2,4.620000000000001,5.300000000000001,537,6.2878585601617845,24.0,42.0,0.5714285714285714,13404,14894.0,0.0,1.0,-0.4883391473431498,-0.4906749779493158,-0.4782142279771938,-0.4782142279771938,-0.4883391473431498,-0.4883391473431498,-58.83686065673828,58.83686065673828,-58.82426071166992,-59.105690002441406,-57.604373931884766,-57.604373931884766,-58.82426071166992,-58.82426071166992,-58.82426071166992,295.0,295.0,120.48360443115234,-59.656639862060544,-26.939286804199202,32.717353057861345,0.27155025127553306,0.566641628742218,14.17498779296875,-0.003600151278078556,-0.0013231855118647218,120.76697540283203,7.60480370358692,8,1.0
train,1-1-3-9-3-10_png.rf.e7139b506e18616f1b606e2b99c7d54f.jpg,/mnt/tf_data/TechFin/home/group_6/Data/white_balance_copy_layers.v10-argmented-10x.coco-segmentation/train/1-1-3-9-3-10_png.rf.e7139b506e18616f1b606e2b99c7d54f.jpg,203,261,3,3-10_png,largest_inner_median,largest_inner_median,1.1,3.9,4.29,5.0,1003,6.911747300251674,40.0,39.0,1.0256410256410255,19549,21721.0,0.0,1.0,-0.1623027393702411,-0.16387679892955734,-0.16060169314739983,-0.16060169314739983,-0.1623027393702411,-0.1623027393702411,-20.348304748535156,20.348304748535156,-20.275611877441406,-20.47295570373535,-20.062347412109375,-20.062347412109375,-20.275611877441406,-20.275611877441406,-20.275611877441406,703.0,703.0,125.37252807617188,-20.657435607910156,-15.495860290527341,5.161575317382814,0.04116990696914738,0.7360351085662842,3.2434616088867188,0.0011928544845432043,-0.006614681798964739,125.79618835449219,3.467328502580795,3,0.0
train,1-4-3-9_png.rf.44d52e4ee0898adc1a13e035ccab54c3.jpg,/mnt/tf_data/TechFin/home/group_6/Data/white_balance_copy_layers.v10-argmented-10x.coco-segmentation/train/1-4-3-9_png.rf.44d52e4ee0898adc1a13e035ccab54c3.jpg,204,262,8,png,largest_inner_median,largest_inner_median,1.4,3.9,5.46,5.3,1422,7.260522598089852,44.0,47.0,0.9361702127659575,27235,30261.0,0.0,1.0,-0.45173626287909174,-0.4516630776984879,-0.44425299883272956,-0.44425299883272956,-0.45173626287909174,-0.45173626287909174,-59.736854553222656,59.736854553222656,-59.72595977783203,-59.71628189086914,-58.736385345458984,-58.736385345458984,-59.72595977783203,-59.72595977783203,-59.72595977783203,1076.0,1076.0,132.23834228515625,-62.55500869750976,-28.617741394042962,33.9372673034668,0.2566371198928456,0.6062769889831543,14.991071701049805,0.005123203154653311,0.002751602791249752,131.5294189453125,6.8462174467446575,7,1.0
train,1-7-3-9_png.rf.c1b3c8fe6be36773c74ff61fb9bc4ea3.jpg,/mnt/tf_data/TechFin/home/group_6/Data/white_balance_copy_layers.v10-argmented-10x.coco-segmentation/train/1-7-3-9_png.rf.c1b3c8fe6be36773c74ff61fb9bc4ea3.jpg,205,265,7,png,largest_inner_median,largest_inner_median,1.7,3.9,6.63,5.6,465,6.144185634125646,18.0,46.0,0.391304347826087,9891,10991.0,0.0,1.0,-0.41050422006440457,-0.4158820445533226,-0.4016235091707094,-0.4016235091707094,-0.41050422006440457,-0.41050422006440457,-44.1654052734375,44.1654052734375,-44.175621032714844,-44.75421142578125,-43.22016143798828,-43.22016143798828,-44.175621032714844,-44.175621032714844,-44.175621032714844,239.0,239.0,107.58818817138672,-45.177983093261716,-17.405419921874998,27.772563171386718,0.25813766030844715,0.842095673084259,11.742679595947266,0.0011370480060577393,0.00835118442773819,106.78616333007812,6.028886131347923,6,1.0
train,1-4-3-6-6-10-6_png.rf.717ec38780740c808a9e46829bc4671d.jpg,/mnt/tf_data/TechFin/home/group_6/Data/white_balance_copy_layers.v10-argmented-10x.coco-segmentation/train/1-4-3-6-6-10-6_png.rf.717ec38780740c808a9e46829bc4671d.jpg,206,266,6,6-10-6_png,largest_inner_median,largest_inner_median,1.4,3.6,5.04,5.0,1883,7.5411524551363085,131.0,40.0,3.275,61393,68563.0,2.0,1.0,-0.3333000362388633,-0.3363652469465509,-0.32922793455422494,-0.32922793455422494,-0.3333000362388633,-0.3333000362388633,-30.916858673095703,30.916858673095703,-30.91897201538086,-31.20330047607422,-30.541244506835938,-30.541244506835938,-30.91897201538086,-30.91897201538086,-30.91897201538086,1132.0,1132.0,92.75984191894531,-31.593547821044922,-20.307293701171876,11.286254119873046,0.12167176966229755,1.0592784881591797,5.364225387573242,-0.004341631196439266,-0.0020453722681850195,94.04924774169922,5.34323514586799,6,0.0
train,1-7-3-9_png.rf.83f69e5f023dbbfc91ad04e13b87606f.jpg,/mnt/tf_data/TechFin/home/group_6/Data/white_balance_copy_layers.v10-argmented-10x.coco-segmentation/train/1-7-3-9_png.rf.83f69e5f023dbbfc91ad04e13b87606f.jpg,209,270,1,png,largest_inner_median,largest_inner_median,1.7,3.9,6.63,5.6,994,6.902742737158593,26.0,69.0,0.37681159420289856,22757,25287.0,0.0,1.0,-0.024328154537824713,-0.027314100771853915,-0.02185658978683876,-0.02185658978683876,-0.024328154537824713,-0.024328154537824713,-2.9156723022460938,2.9156723022460938,-2.9512176513671875,-3.3090763092041016,-2.6550064086914062,-2.6550064086914062,-2.9512176513671875,-2.9512176513671875,-2.9512176513671875,645.0,645.0,119.84765625,-3.7251464843749997,-0.7377510070800778,2.987395477294922,0.02492660741786448,0.5383873581886292,2.0168797969818115,0.008714215829968452,0.0010246200254186988,119.24363708496094,1.12822517672501,1,0.0
train,1-4-4-5_png.rf.c1901297b12676b9b834525cfa032570.jpg,/mnt/tf_data/TechFin/home/group_6/Data/white_balance_copy_layers.v10-argmented-10x.coco-segmentation/train/1-4-4-5_png.rf.c1901297b12676b9b834525cfa032570.jpg,211,272,1,png,largest_inner_median,largest_inner_median,1.4,4.5,6.3,5.9,2517,7.831220214604293,88.0,38.0,2.3157894736842106,41908,46587.0,1.0,1.0,-0.051282751128424654,-0.0520163617009703,-0.04963870357047278,-0.04963870357047278,-0.051282751128424654,-0.051282751128424654,-6.106658935546875,6.106658935546875,-6.146675109863281,-6.234032154083252,-5.950904846191406,-5.950904846191406,-6.146675109863281,-6.146675109863281,-6.146675109863281,2027.0,2027.0,119.0782241821289,-6.8598876953125,-3.173284912109375,3.6866027832031247,0.030959504212663636,0.8386687636375427,1.4378507137298584,0.0032711864914745092,-0.005171784199774265,118.8952407836914,1.7643724947481507,2,1.0
train,1-1-4-8-3-10-4_png.rf.218028661a791a9ed7d637e58015e133.jpg,/mnt/tf_data/TechFin/home/group_6/Data/white_balance_copy_layers.v10-argmented-10x.coco-segmentation/train/1-1-4-8-3-10-4_png.rf.218028661a791a9ed7d637e58015e133.jpg,212,273,3,3-10-4_png,largest_inner_median,largest_inner_median,1.1,4.8,5.28,5.9,711,6.568077911411976,55.0,24.0,2.2916666666666665,17949,19682.0,0.0,1.0,-0.1470466178681792,-0.14944829616208066,-0.13055689088827596,-0.13055689088827596,-0.1470466178681792,-0.1470466178681792,-15.771438598632812,15.771438598632812,-15.779197692871094,-16.036788940429688,-14.010597229003906,-14.010597229003906,-15.779197692871094,-15.779197692871094,-15.779197692871094,423.0,423.0,107.25468444824219,-16.30756378173828,-1.1847686767578125,15.122795104980469,0.14099892403560485,0.6372988820075989,6.126209259033203,-0.005433018784970045,-0.003057616762816906,108.01876831054688,3.273724896251154,3,0.0
train,1-7-3-9_png.rf.6a0263811b23d97c60bf8692e7696c71.jpg,/mnt/tf_data/TechFin/home/group_6/Data/white_balance_copy_layers.v10-argmented-10x.coco-segmentation/train/1-7-3-9_png.rf.6a0263811b23d97c60bf8692e7696c71.jpg,213,276,7,png,largest_inner_median,largest_inner_median,1.7,3.9,6.63,5.6,464,6.142037405587356,46.0,18.0,2.5555555555555554,9930,11034.0,0.0,1.0,-0.41461781261004027,-0.4203231145063938,-0.39913981994978,-0.39913981994978,-0.41461781261004027,-0.41461781261004027,-44.60214614868164,44.60214614868164,-44.66767120361328,-45.28141403198242,-43.00263977050781,-43.00263977050781,-44.66767120361328,-44.66767120361328,-44.66767120361328,238.0,238.0,107.5741195678711,-45.305498886108396,-16.534182739257812,28.771316146850584,0.26745574365308256,0.869807243347168,11.914868354797363,-0.008512105792760849,0.0043464540503919125,108.21733093261719,6.081088544110443,6,1.0
train,2-0-3-6_png.rf.ee205a935c0369c7dd862b15f47cc126.jpg,/mnt/tf_data/TechFin/home/group_6/Data/white_balance_copy_layers.v10-argmented-10x.coco-segmentation/train/2-0-3-6_png.rf.ee205a935c0369c7dd862b15f47cc126.jpg,214,277,8,png,largest_inner_median,largest_inner_median,2.0,3.6,7.2,5.6,1083,6.988413181999592,23.0,73.0,0.3150684931506849,16010,17801.0,2.0,1.0,-0.6159775572159132,-0.6128405747407103,-0.6150629750881205,-0.6150629750881205,-0.6159775572159132,-0.6159775572159132,-56.98799514770508,56.98799514770508,-56.97826385498047,-56.68804168701172,-56.89365005493164,-56.89365005493164,-56.97826385498047,-56.97826385498047,-56.97826385498047,720.0,720.0,92.51634979248047,-57.70566253662109,-51.20863494873046,6.497027587890628,0.0702257233717482,1.145565390586853,5.127872943878174,0.004589051939547062,0.013481137342751026,90.34102630615234,8.342301464496476,8,0.0
train,2-0-4-5_png.rf.a2eda386449850c8fb6cb810ba667372.jpg,/mnt/tf_data/TechFin/home/group_6/Data/white_balance_copy_layers.v10-argmented-10x.coco-segmentation/train/2-0-4-5_png.rf.a2eda386449850c8fb6cb810ba667372.jpg,215,278,1,png,largest_inner_median,largest_inner_median,2.0,4.5,9.0,6.5,743,6.612041034833092,19.0,61.0,0.3114754098360656,13873,15415.0,0.0,1.0,-0.03369108745058846,-0.03732025716407204,-0.030668349096012324,-0.030668349096012324,-0.03369108745058846,-0.03369108745058846,-3.097576141357422,3.097576141357422,-3.146800994873047,-3.48046875,-2.8688888549804688,-2.8688888549804688,-3.146800994873047,-3.146800994873047,-3.146800994873047,448.0,448.0,91.94052124023438,-3.6182510375976564,-1.0789947509765618,2.539256286621095,0.02761846737834115,0.6608848571777344,1.0877389907836914,0.012631089426577091,-0.00011299957986921072,91.48503875732422,0.9529554601213439,1,0.0
train,0-8-4-2-6-10-6_png.rf.ff008c882071b720eaf13d47d13142ab.jpg,/mnt/tf_data/TechFin/home/group_6/Data/white_balance_copy_layers.v10-argmented-10x.coco-segmentation/train/0-8-4-2-6-10-6_png.rf.ff008c882071b720eaf13d47d13142ab.jpg,216,279,6,6-10-6_png,largest_inner_median,largest_inner_median,0.8,4.2,3.3600000000000003,5.0,1926,7.563719668414366,41.0,134.0,0.30597014925373134,59897,66792.0,2.0,1.0,-0.2948715574416503,-0.29802858850504077,-0.2896307085727634,-0.2896307085727634,-0.2948715574416503,-0.2948715574416503,-42.75975036621094,42.75975036621094,-42.76850891113281,-43.226314544677734,-42.00852584838867,-42.00852584838867,-42.76850891113281,-42.76850891113281,-42.76850891113281,1143.0,1143.0,145.01144409179688,-44.02936553955078,-21.16631317138672,22.863052368164062,0.1576637796510117,1.037641167640686,9.25196647644043,-0.0010148969013243914,0.003356941044330597,144.18984985351562,5.443743997913527,6,0.0
train,0-8-4-5-7-10-2_png.rf.6772626ab4f9fdc66bebcbb76cdc5c38.jpg,/mnt/tf_data/TechFin/home/group_6/Data/white_balance_copy_layers.v10-argmented-10x.coco-segmentation/train/0-8-4-5-7-10-2_png.rf.6772626ab4f9fdc66bebcbb76cdc5c38.jpg,217,280,7,7-10-2_png,largest_inner_median,largest_inner_median,0.8,4.5,3.6,5.3,508,6.2324480165505225,23.0,40.0,0.575,12100,13445.0,0.0,1.0,-0.4957381180352615,-0.4942760218184145,-0.48697478171362646,-0.48697478171362646,-0.4957381180352615,-0.4957381180352615,-65.48538208007812,65.48538208007812,-65.41775512695312,-65.22461700439453,-64.26014709472656,-64.26014709472656,-65.41775512695312,-65.41775512695312,-65.41775512695312,277.0,277.0,132.0967254638672,-66.7658302307129,-37.875309753417966,28.890520477294928,0.21870731750422867,0.6683619022369385,11.892586708068848,-0.002166326157748699,-0.004465138074010611,132.55555725097656,7.992785739400623,8,1.0
train,1-4-3-3_png.rf.284df7d4d538ef82632c4e44512f5814.jpg,/mnt/tf_data/TechFin/home/group_6/Data/white_balance_copy_layers.v10-argmented-10x.coco-segmentation/train/1-4-3-3_png.rf.284df7d4d538ef82632c4e44512f5814.jpg,218,281,1,png,largest_inner_median,largest_inner_median,1.4,3.3,4.619999999999999,4.699999999999999,1601,7.379008127628304,43.0,121.0,0.35537190082644626,52735,58818.0,2.0,1.0,-0.059995620682493304,-0.03697750689218126,-0.040542992244158124,-0.040542992244158124,-0.059995620682493304,-0.059995620682493304,-9.339988708496094,9.339988708496094,-9.391014099121094,-5.80760383605957,-6.3626708984375,-6.3626708984375,-9.391014099121094,-9.391014099121094,-9.391014099121094,966.0,966.0,155.67784118652344,-14.126022338867188,-1.14556884765625,12.980453491210938,0.083380225421154,0.9770509600639343,4.582306385040283,-0.0033131020609289408,0.00025382344028912485,155.8827362060547,1.874940765125353,2,1.0
train,1-7-4-2-3-10_png.rf.7679f0ec5ca9b83fc0d351112c117ff9.jpg,/mnt/tf_data/TechFin/home/group_6/Data/white_balance_copy_layers.v10-argmented-10x.coco-segmentation/train/1-7-4-2-3-10_png.rf.7679f0ec5ca9b83fc0d351112c117ff9.jpg,219,282,3,3-10_png,largest_inner_median,largest_inner_median,1.7,4.2,7.14,5.9,987,6.895682697747868,40.0,42.0,0.9523809523809523,21637,24043.0,0.0,1.0,-0.21033616771258232,-0.21138054678985999,-0.2058250282440644,-0.2058250282440644,-0.21033616771258232,-0.21033616771258232,-13.489730834960938,13.489730834960938,-13.566513061523438,-13.633493423461914,-13.27719497680664,-13.27719497680664,-13.566513061523438,-13.566513061523438,-13.566513061523438,675.0,675.0,64.13414764404297,-13.864518737792968,-11.110698699951172,2.7538200378417965,0.04293843668315411,0.5722237229347229,1.7360292673110962,0.0012236757902428508,-0.001376380561850965,64.15171813964844,3.488708616239926,3,0.0
train,1-7-3-3_png.rf.6bfa0070cec384ecedee0d2f7e2bd1d1.jpg,/mnt/tf_data/TechFin/home/group_6/Data/white_balance_copy_layers.v10-argmented-10x.coco-segmentation/train/1-7-3-3_png.rf.6bfa0070cec384ecedee0d2f7e2bd1d1.jpg,220,283,1,png,largest_inner_median,largest_inner_median,1.7,3.3,5.609999999999999,5.0,1627,7.395107546562485,122.0,43.0,2.8372093023255816,52812,58682.0,0.0,1.0,-0.07352053963169558,-0.04177355660456636,-0.05099844792969925,-0.05099844792969925,-0.07352053963169558,-0.07352053963169558,-9.084495544433594,9.084495544433594,-9.153656005859375,-5.230870246887207,-6.370735168457031,-6.370735168457031,-9.153656005859375,-9.153656005859375,-9.153656005859375,988.0,988.0,123.56404876708984,-13.595719909667968,-1.0146697998046863,12.581050109863282,0.10181804687848761,0.8325380086898804,4.508050441741943,0.0005046454607509077,-0.002999006537720561,123.69202423095703,1.7524875855451505,2,1.0
train,1-4-3-9_png.rf.6e6f056e3a630eb715062102b4f9ea6c.jpg,/mnt/tf_data/TechFin/home/group_6/Data/white_balance_copy_layers.v10-argmented-10x.coco-segmentation/train/1-4-3-9_png.rf.6e6f056e3a630eb715062102b4f9ea6c.jpg,221,284,8,png,largest_inner_median,largest_inner_median,1.4,3.9,5.46,5.3,1203,7.093404625868766,78.0,29.0,2.689655172413793,18769,20855.0,0.0,1.0,-0.5271007988370378,-0.5338252738434418,-0.525247727423385,-0.525247727423385,-0.5271007988370378,-0.5271007988370378,-60.36189270019531,60.36189270019531,-60.37419128417969,-61.144256591796875,-60.161983489990234,-60.161983489990234,-60.37419128417969,-60.37419128417969,-60.37419128417969,800.0,800.0,114.51679229736328,-61.56451187133789,-49.71808166503907,11.84643020629882,0.10344710123854543,1.0288190841674805,6.992534637451172,-0.013297202996909618,0.005792395211756229,116.27191925048828,7.802610324767181,8,0.0
train,1-7-3-9_png.rf.9fddf7070e6c13abc888f4985256e5e3.jpg,/mnt/tf_data/TechFin/home/group_6/Data/white_balance_copy_layers.v10-argmented-10x.coco-segmentation/train/1-7-3-9_png.rf.9fddf7070e6c13abc888f4985256e5e3.jpg,223,286,8,png,largest_inner_median,largest_inner_median,1.7,3.9,6.63,5.6,1424,7.261927092702751,44.0,47.0,0.9361702127659575,26705,29673.0,0.0,1.0,-0.442557399961747,-0.4443131450719596,-0.4381383917475793,-0.4381383917475793,-0.442557399961747,-0.442557399961747,-52.818458557128906,52.818458557128906,-52.80793762207031,-53.01748275756836,-52.28053665161133,-52.28053665161133,-52.80793762207031,-52.80793762207031,-52.80793762207031,1077.0,1077.0,119.3482666015625,-56.49952087402344,-22.804237365722656,33.69528350830078,0.2823273807636486,0.7834439277648926,14.699980735778809,0.0039045452140271664,0.001048384583555162,118.90635681152344,6.435648179068869,6,2.0
train,1-7-3-9_png.rf.84226b34cefbfc11b42e60b54b433595.jpg,/mnt/tf_data/TechFin/home/group_6/Data/white_balance_copy_layers.v10-argmented-10x.coco-segmentation/train/1-7-3-9_png.rf.84226b34cefbfc11b42e60b54b433595.jpg,225,288,1,png,largest_inner_median,largest_inner_median,1.7,3.9,6.63,5.6,1601,7.379008127628304,44.0,121.0,0.36363636363636365,53735,59763.0,2.0,1.0,-0.06754737406817253,-0.03626146418019201,-0.0407003979533826,-0.0407003979533826,-0.06754737406817253,-0.06754737406817253,-8.045124053955078,8.045124053955078,-8.111209869384766,-4.384950637817383,-4.913642883300781,-4.913642883300781,-8.111209869384766,-8.111209869384766,-8.111209869384766,958.0,958.0,119.10343170166016,-11.721412658691406,-0.8190536499023438,10.902359008789062,0.09153690076788187,0.9104990363121033,3.9917800426483154,0.003545091487467289,0.00015406891179736704,118.7383041381836,1.6766867737761963,2,1.0
train,1-4-4-5-3-10_png.rf.8eee5562bc8644456e1134afa96a40ba.jpg,/mnt/tf_data/TechFin/home/group_6/Data/white_balance_copy_layers.v10-argmented-10x.coco-segmentation/train/1-4-4-5-3-10_png.rf.8eee5562bc8644456e1134afa96a40ba.jpg,226,289,3,3-10_png,largest_inner_median,largest_inner_median,1.4,4.5,6.3,5.9,1168,7.063903961472068,42.0,41.0,1.024390243902439,22075,24529.0,0.0,1.0,-0.19582506191011692,-0.19727073518488644,-0.19300152721417765,-0.19300152721417765,-0.19582506191011692,-0.19582506191011692,-17.030689239501953,17.030689239501953,-16.983539581298828,-17.109268188476562,-16.737979888916016,-16.737979888916016,-16.983539581298828,-16.983539581298828,-16.983539581298828,840.0,840.0,86.9688949584961,-17.257176208496094,-9.000439453125,8.256736755371094,0.0949389636295992,0.7462714910507202,3.798638343811035,-0.005470377393066883,0.0003420614229980856,87.40514373779297,3.598646863287583,4,1.0
train,1-4-3-9-3-10-2_png.rf.999c684e293fe90f5351c641be0f98e1.jpg,/mnt/tf_data/TechFin/home/group_6/Data/white_balance_copy_layers.v10-argmented-10x.coco-segmentation/train/1-4-3-9-3-10-2_png.rf.999c684e293fe90f5351c641be0f98e1.jpg,227,290,7,3-10-2_png,largest_inner_median,largest_inner_median,1.4,3.9,5.46,5.3,534,6.282266746896006,24.0,41.0,0.5853658536585366,13053,14505.0,0.0,1.0,-0.552506326782135,-0.5534126026868539,-0.5382713082074921,-0.5382713082074921,-0.552506326782135,-0.552506326782135,-48.054080963134766,48.054080963134766,-48.0246696472168,-48.103492736816406,-46.786582946777344,-46.786582946777344,-48.0246696472168,-48.0246696472168,-48.0246696472168,297.0,297.0,86.97471618652344,-48.86266670227051,-22.501368713378913,26.361297988891597,0.3030915091732858,0.5604966878890991,11.2010498046875,0.0007651170017197728,0.00037144715315662324,86.90721893310547,8.125012177047562,8,1.0
train,1-4-3-6_png.rf.b9d79ebccbab54a506139af53b783bd3.jpg,/mnt/tf_data/TechFin/home/group_6/Data/white_balance_copy_layers.v10-argmented-10x.coco-segmentation/train/1-4-3-6_png.rf.b9d79ebccbab54a506139af53b783bd3.jpg,228,293,7,png,largest_inner_median,largest_inner_median,1.4,3.6,5.04,5.0,391,5.971261839790462,40.0,16.0,2.5,7767,8631.0,0.0,1.0,-0.36784556897568366,-0.3835844905699649,-0.35948410131851993,-0.35948410131851993,-0.36784556897568366,-0.36784556897568366,-46.08599090576172,46.08599090576172,-46.01532745361328,-47.98719787597656,-44.967750549316406,-44.967750549316406,-46.01532745361328,-46.01532745361328,-46.01532745361328,195.0,195.0,125.28624725341797,-47.988426208496094,-21.173477172851562,26.81494903564453,0.2140294695027908,0.713361918926239,11.778250694274902,-0.006000061985105276,0.00834696926176548,125.51322937011719,5.781625710568409,6,1.0
train,1-7-3-6_png.rf.a9e1b1cad8e470748921d0cb914d6ea6.jpg,/mnt/tf_data/TechFin/home/group_6/Data/white_balance_copy_layers.v10-argmented-10x.coco-segmentation/train/1-7-3-6_png.rf.a9e1b1cad8e470748921d0cb914d6ea6.jpg,229,294,1,png,largest_inner_median,largest_inner_median,1.7,3.6,6.12,5.3,1666,7.418780882750794,121.0,43.0,2.813953488372093,52833,58711.0,2.0,1.0027955657958985,-0.06699383918605517,-0.041703019489404136,-0.043550616065656765,-0.043550616065656765,-0.06699383918605517,-0.06699383918605517,-8.119384765625,8.119384765625,-8.180282592773438,-5.115136623382568,-5.339057922363281,-5.339057922363281,-8.180282592773438,-8.180282592773438,-8.180282592773438,1033.0,1033.0,121.19599151611328,-13.256793975830078,-0.5992431640625,12.657550811767578,0.10443869185297872,0.9302914142608643,4.551008701324463,0.0001558635412948206,-0.0038491771556437016,121.46883392333984,1.6696622918728048,2,1.0
train,1-4-3-6-6-10-6_png.rf.57e97c4c658deb106fa91bb3c6185d00.jpg,/mnt/tf_data/TechFin/home/group_6/Data/white_balance_copy_layers.v10-argmented-10x.coco-segmentation/train/1-4-3-6-6-10-6_png.rf.57e97c4c658deb106fa91bb3c6185d00.jpg,230,295,6,6-10-6_png,largest_inner_median,largest_inner_median,1.4,3.6,5.04,5.0,1895,7.547501682814967,40.0,131.0,0.3053435114503817,61564,68680.0,2.0,1.0,-0.3375064125557698,-0.3366483206773863,-0.33028011918943484,-0.33028011918943484,-0.3375064125557698,-0.3375064125557698,-31.305936813354492,31.305936813354492,-31.32854652404785,-31.248952865600586,-30.658260345458984,-30.658260345458984,-31.32854652404785,-31.32854652404785,-31.32854652404785,1140.0,1140.0,92.7565689086914,-32.027645874023435,-19.817715454101556,12.209930419921879,0.13163413183104267,1.0492541790008545,5.706230640411377,0.0016926785465329885,-0.004264926537871361,93.72306823730469,5.396615005514665,6,0.0
train,0-8-3-9-3-10-4_png.rf.3fba4c3b54e370caca5e32fb400505bf.jpg,/mnt/tf_data/TechFin/home/group_6/Data/white_balance_copy_layers.v10-argmented-10x.coco-segmentation/train/0-8-3-9-3-10-4_png.rf.3fba4c3b54e370caca5e32fb400505bf.jpg,231,296,3,3-10-4_png,largest_inner_median,largest_inner_median,0.8,3.9,3.12,4.7,578,6.361302477572996,52.0,22.0,2.3636363636363638,15544,17272.0,0.0,1.0,-0.1250379244713379,-0.12841942803366302,-0.11195152612745192,-0.11195152612745192,-0.1250379244713379,-0.1250379244713379,-17.966461181640625,17.966461181640625,-17.974563598632812,-18.460445404052734,-16.09420394897461,-16.09420394897461,-17.974563598632812,-17.974563598632812,-17.974563598632812,313.0,313.0,143.68809509277344,-18.9836067199707,-6.201020812988274,12.782585906982428,0.08896064700926853,0.6860803365707397,5.062943458557129,0.008025579154491425,0.0036826450377702713,142.71363830566406,3.288517073778627,3,0.0
train,1-7-4-8_png.rf.3cb79a6146e9ef26b22f296b57c88ec9.jpg,/mnt/tf_data/TechFin/home/group_6/Data/white_balance_copy_layers.v10-argmented-10x.coco-segmentation/train/1-7-4-8_png.rf.3cb79a6146e9ef26b22f296b57c88ec9.jpg,233,298,1,png,largest_inner_median,largest_inner_median,1.7,4.8,8.16,6.5,2520,7.83241092718792,39.0,88.0,0.4431818181818182,38409,42762.0,2.0,1.0,-0.013280803555121928,-0.014459598450732032,-0.012188506470238593,-0.012188506470238593,-0.013280803555121928,-0.013280803555121928,-1.3426017761230469,1.3426017761230469,-1.3953590393066406,-1.514527440071106,-1.2849349975585938,-1.2849349975585938,-1.3953590393066406,-1.3953590393066406,-1.3953590393066406,2030.0,2030.0,101.09341430664062,-2.0985076904296873,-0.30283889770507816,1.795668792724609,0.017762470533223006,0.943284809589386,0.7041994333267212,-0.008007685653865337,-0.0019327335758134723,102.0605239868164,0.988031813008583,1,0.0
train,1-4-3-9_png.rf.d1863ae1278b7cdd6e73a4d971729e96.jpg,/mnt/tf_data/TechFin/home/group_6/Data/white_balance_copy_layers.v10-argmented-10x.coco-segmentation/train/1-4-3-9_png.rf.d1863ae1278b7cdd6e73a4d971729e96.jpg,234,299,8,png,largest_inner_median,largest_inner_median,1.4,3.9,5.46,5.3,1422,7.260522598089852,44.0,47.0,0.9361702127659575,27235,30261.0,0.0,1.0,-0.45173626287909174,-0.4516630776984879,-0.44425299883272956,-0.44425299883272956,-0.45173626287909174,-0.45173626287909174,-59.736854553222656,59.736854553222656,-59.72595977783203,-59.71628189086914,-58.736385345458984,-58.736385345458984,-59.72595977783203,-59.72595977783203,-59.72595977783203,1076.0,1076.0,132.23834228515625,-62.55500869750976,-28.617741394042962,33.9372673034668,0.2566371198928456,0.6062769889831543,14.991071701049805,0.005123203154653311,0.002751602791249752,131.5294189453125,6.8462174467446575,7,1.0
train,1-4-4-2_png.rf.f9431b9cfa52eb2cb59812848adf904e.jpg,/mnt/tf_data/TechFin/home/group_6/Data/white_balance_copy_layers.v10-argmented-10x.coco-segmentation/train/1-4-4-2_png.rf.f9431b9cfa52eb2cb59812848adf904e.jpg,235,300,4,png,largest_inner_median,largest_inner_median,1.4,4.2,5.88,5.6,1859,7.528331766707247,136.0,42.0,3.238095238095238,70631,78479.0,0.0,1.0,-0.22398130079140147,-0.22994972054644477,-0.22250934675684858,-0.22250934675684858,-0.22398130079140147,-0.22398130079140147,-28.806259155273438,28.806259155273438,-28.85223388671875,-29.61983299255371,-28.662925720214844,-28.662925720214844,-28.85223388671875,-28.85223388671875,-28.85223388671875,1169.0,1169.0,128.610107421875,-30.602702331542968,-20.84988098144531,9.752821350097658,0.07583246406991821,0.8163270950317383,6.402571678161621,-0.002925887471064925,-0.001674557221122086,129.49354553222656,3.9559558547870823,4,0.0
train,1-7-3-3_png.rf.24490f210bca45ff1612db7528dfcc6f.jpg,/mnt/tf_data/TechFin/home/group_6/Data/white_balance_copy_layers.v10-argmented-10x.coco-segmentation/train/1-7-3-3_png.rf.24490f210bca45ff1612db7528dfcc6f.jpg,236,301,2,png,largest_inner_median,largest_inner_median,1.7,3.3,5.609999999999999,5.0,521,6.257667587882639,46.0,25.0,1.84,15728,17476.0,0.0,1.0,-0.13718238669199245,-0.14008782215370477,-0.12602833709746872,-0.12602833709746872,-0.13718238669199245,-0.13718238669199245,-20.00849151611328,20.00849151611328,-20.004722595214844,-20.428489685058594,-18.37786865234375,-18.37786865234375,-20.004722595214844,-20.004722595214844,-20.004722595214844,256.0,256.0,145.85321044921875,-20.836532592773438,-4.9630126953125,15.873519897460938,0.10883215973492452,0.4887669086456299,6.034509658813477,-0.0035179562401026487,0.0033788622822612524,146.00778198242188,2.560370714610017,3,1.0
train,1-1-3-9-6-10-6_png.rf.a6d86d0be239e9a254f67bd788881162.jpg,/mnt/tf_data/TechFin/home/group_6/Data/white_balance_copy_layers.v10-argmented-10x.coco-segmentation/train/1-1-3-9-6-10-6_png.rf.a6d86d0be239e9a254f67bd788881162.jpg,237,302,6,6-10-6_png,largest_inner_median,largest_inner_median,1.1,3.9,4.29,5.0,1763,7.475339236566737,41.0,131.0,0.31297709923664124,61078,68101.0,2.0,1.1133639175415038,-0.2930400809145108,-0.2946144972564481,-0.2878675306958374,-0.2878675306958374,-0.2930338838672115,-0.2930400809145108,-36.61831283569336,36.61831283569336,-36.746185302734375,-36.94292449951172,-36.099822998046875,-36.099822998046875,-36.74541091918945,-36.746185302734375,-36.746185302734375,994.0,992.0,124.9600830078125,-37.51031494140625,-22.826019287109375,14.684295654296875,0.11751189100425624,1.2545313835144043,6.834161758422852,0.0023633481469005346,-0.0045526763424277306,125.9636459350586,5.1264147127620525,6,0.0
train,0-8-4-2_png.rf.312d52fe16276b88c36b742b3d957261.jpg,/mnt/tf_data/TechFin/home/group_6/Data/white_balance_copy_layers.v10-argmented-10x.coco-segmentation/train/0-8-4-2_png.rf.312d52fe16276b88c36b742b3d957261.jpg,238,305,7,png,largest_inner_median,largest_inner_median,0.8,4.2,3.3600000000000003,5.0,465,6.144185634125646,51.0,15.0,3.4,9187,10209.0,0.0,1.0,-0.3866276642558137,-0.4000184122014941,-0.377974288565869,-0.377974288565869,-0.3866276642558137,-0.3866276642558137,-57.513755798339844,57.513755798339844,-57.472206115722656,-59.46417999267578,-56.18495178222656,-56.18495178222656,-57.472206115722656,-57.472206115722656,-57.472206115722656,233.0,233.0,148.75747680664062,-60.6966812133789,-13.880538940429684,46.81614227294922,0.31471454933187815,0.8263197541236877,18.33576202392578,-0.008197307586669922,0.0030219112522900105,149.51502990722656,6.6081495894388,7,0.0
train,2-0-4-2_png.rf.85fbceb130cbcb1027614fdf0daac53a.jpg,/mnt/tf_data/TechFin/home/group_6/Data/white_balance_copy_layers.v10-argmented-10x.coco-segmentation/train/2-0-4-2_png.rf.85fbceb130cbcb1027614fdf0daac53a.jpg,239,306,1,png,largest_inner_median,largest_inner_median,2.0,4.2,8.4,6.2,2488,7.819636302367592,88.0,38.0,2.3157894736842106,39289,43658.0,1.0,1.0,-0.0341701693910372,-0.037424334416317845,-0.03092569415766976,-0.03092569415766976,-0.0341701693910372,-0.0341701693910372,-3.2890586853027344,3.2890586853027344,-3.3140220642089844,-3.6272525787353516,-3.0017242431640625,-3.0017242431640625,-3.3140220642089844,-3.3140220642089844,-3.3140220642089844,1996.0,1996.0,96.25526428222656,-4.0490669250488285,-0.8667724609374976,3.182294464111331,0.03306099139451366,0.7823917269706726,1.2383352518081665,0.0023427344858646393,-0.004962194710969925,96.21814727783203,0.9590351174828655,1,0.0
train,1-4-3-6_png.rf.f32edfaa576f1632271618e6ee9dd1c2.jpg,/mnt/tf_data/TechFin/home/group_6/Data/white_balance_copy_layers.v10-argmented-10x.coco-segmentation/train/1-4-3-6_png.rf.f32edfaa576f1632271618e6ee9dd1c2.jpg,240,307,8,png,largest_inner_median,largest_inner_median,1.4,3.6,5.04,5.0,1392,7.239214973779806,77.0,32.0,2.40625,21367,23741.0,0.0,1.0,-0.5139450566984152,-0.5225018544976676,-0.5122598848835055,-0.5122598848835055,-0.5139450566984152,-0.5139450566984152,-59.39786911010742,59.39786911010742,-59.4011344909668,-60.39006423950195,-59.20637512207031,-59.20637512207031,-59.4011344909668,-59.4011344909668,-59.4011344909668,979.0,979.0,115.5724105834961,-60.73154144287109,-32.30782699584959,28.423714447021503,0.2459385791428707,1.045312762260437,12.962028503417969,0.013216173276305199,-0.004689830355346203,113.84622192382812,7.6356610040216735,8,0.0
train,1-1-3-3_png.rf.00d8984bf8d83998ff85e82431cf2a16.jpg,/mnt/tf_data/TechFin/home/group_6/Data/white_balance_copy_layers.v10-argmented-10x.coco-segmentation/train/1-1-3-3_png.rf.00d8984bf8d83998ff85e82431cf2a16.jpg,242,311,7,png,largest_inner_median,largest_inner_median,1.1,3.3,3.63,4.4,485,6.186208623900494,45.0,17.0,2.6470588235294117,8755,9729.0,0.0,1.0,-0.3791393912510586,-0.3846035153077803,-0.3677925015694387,-0.3677925015694387,-0.3791393912510586,-0.3791393912510586,-54.177391052246094,54.177391052246094,-54.106910705566406,-54.88771057128906,-52.48548889160156,-52.48548889160156,-54.106910705566406,-54.106910705566406,-54.106910705566406,263.0,263.0,142.8957061767578,-56.34059600830078,-19.33692016601562,37.00367584228516,0.258955827521596,0.7529051303863525,14.951860427856445,0.007696626242250204,-0.0020731783006340265,142.29747009277344,6.2190342872323905,6,1.0
train,2-0-4-5_png.rf.73a0152c929ae8c9cb7e13e661d3ab5a.jpg,/mnt/tf_data/TechFin/home/group_6/Data/white_balance_copy_layers.v10-argmented-10x.coco-segmentation/train/2-0-4-5_png.rf.73a0152c929ae8c9cb7e13e661d3ab5a.jpg,243,312,1,png,largest_inner_median,largest_inner_median,2.0,4.5,9.0,6.5,744,6.61338421837956,61.0,19.0,3.210526315789474,13913,15459.0,0.0,1.0,-0.034650921702682344,-0.036344422726289245,-0.031113716017159513,-0.031113716017159513,-0.034650921702682344,-0.034650921702682344,-3.1853561401367188,3.1853561401367188,-3.26287841796875,-3.4185569286346436,-2.937713623046875,-2.937713623046875,-3.26287841796875,-3.26287841796875,-3.26287841796875,448.0,448.0,91.9270248413086,-3.6718475341796877,-1.3893455505371093,2.2825019836425784,0.024829499133500802,0.6410080790519714,0.997148334980011,-0.0005521505954675376,-0.011334719136357307,92.43325805664062,0.9651359722298096,1,0.0
train,0-8-3-3_png.rf.205c09625fc04d5b77379a813b2c3d6a.jpg,/mnt/tf_data/TechFin/home/group_6/Data/white_balance_copy_layers.v10-argmented-10x.coco-segmentation/train/0-8-3-3_png.rf.205c09625fc04d5b77379a813b2c3d6a.jpg,244,315,7,png,largest_inner_median,largest_inner_median,0.8,3.3,2.64,4.1,458,6.129050210060545,16.0,45.0,0.35555555555555557,9143,10159.0,0.0,1.0,-0.2598079348196569,-0.2568339031680523,-0.2537383125380059,-0.2537383125380059,-0.2598079348196569,-0.2598079348196569,-39.7547607421875,39.7547607421875,-39.71601867675781,-39.26094436645508,-38.787269592285156,-38.787269592285156,-39.71601867675781,-39.71601867675781,-39.71601867675781,242.0,242.0,153.01596069335938,-43.01268081665039,-17.05771484375,25.95496597290039,0.1696226057418518,0.6445860266685486,11.43935489654541,-0.0007314487011171877,0.006238929927349091,152.4975128173828,4.99877875627711,4,3.0
train,1-7-4-8_png.rf.2cc27c17e4bfaefc90459b376ee8de59.jpg,/mnt/tf_data/TechFin/home/group_6/Data/white_balance_copy_layers.v10-argmented-10x.coco-segmentation/train/1-7-4-8_png.rf.2cc27c17e4bfaefc90459b376ee8de59.jpg,246,317,1,png,largest_inner_median,largest_inner_median,1.7,4.8,8.16,6.5,1583,7.367708572374371,43.0,121.0,0.35537190082644626,53230,59181.0,2.0,1.0,-0.05397200429999314,-0.037584127192882136,-0.04108471901374625,-0.04108471901374625,-0.05397200429999314,-0.05397200429999314,-5.400947570800781,5.400947570800781,-5.438014984130859,-3.7980895042419434,-4.1483917236328125,-4.1483917236328125,-5.438014984130859,-5.438014984130859,-5.438014984130859,948.0,948.0,100.06942749023438,-9.696434020996094,-0.5142868041992195,9.182147216796874,0.0917577670532086,0.9266052842140198,3.218975305557251,-0.003707221709191799,-5.9317251725587994e-05,100.38602447509766,1.5044122842198102,2,1.0
train,1-7-3-9_png.rf.6dcb1dc25e84a4c7a5d43cb1bda02969.jpg,/mnt/tf_data/TechFin/home/group_6/Data/white_balance_copy_layers.v10-argmented-10x.coco-segmentation/train/1-7-3-9_png.rf.6dcb1dc25e84a4c7a5d43cb1bda02969.jpg,247,318,8,png,largest_inner_median,largest_inner_median,1.7,3.9,6.63,5.6,1349,7.2078598714324755,29.0,75.0,0.38666666666666666,22907,25473.0,1.0,1.0,-0.554008682044209,-0.5600375567761902,-0.5524752167588478,-0.5524752167588478,-0.554008682044209,-0.554008682044209,-56.041893005371094,56.041893005371094,-56.03839111328125,-56.64825439453125,-55.883270263671875,-55.883270263671875,-56.03839111328125,-56.03839111328125,-56.03839111328125,953.0,953.0,101.15706634521484,-57.077074432373045,-38.50895080566406,18.56812362670899,0.18355735587805863,1.2477740049362183,10.07299518585205,-0.005719194654375315,-0.013783947564661503,103.55168151855469,7.849989965630452,8,0.0
train,1-7-4-5_png.rf.58da89828e092c1ea7b42c76a282ae52.jpg,/mnt/tf_data/TechFin/home/group_6/Data/white_balance_copy_layers.v10-argmented-10x.coco-segmentation/train/1-7-4-5_png.rf.58da89828e092c1ea7b42c76a282ae52.jpg,248,319,1,png,largest_inner_median,largest_inner_median,1.7,4.5,7.6499999999999995,6.2,749,6.620073206530356,21.0,58.0,0.3620689655172414,14624,16250.0,0.0,1.0,-0.019217758353033805,-0.01996720890411564,-0.01895730426162838,-0.01895730426162838,-0.019217758353033805,-0.019217758353033805,-2.0741500854492188,2.0741500854492188,-2.099475860595703,-2.180363178253174,-2.0713653564453125,-2.0713653564453125,-2.099475860595703,-2.099475860595703,-2.099475860595703,458.0,458.0,107.92882537841797,-2.5672607421875,-1.1987396240234374,1.3685211181640626,0.012679848162581036,0.6504543423652649,0.76496422290802,-0.007945607416331768,0.0013020405313000083,108.11644744873047,1.0633731020338741,1,0.0
train,1-7-3-6_png.rf.9d49fc11e810f22fd1e9cb22b80320ea.jpg,/mnt/tf_data/TechFin/home/group_6/Data/white_balance_copy_layers.v10-argmented-10x.coco-segmentation/train/1-7-3-6_png.rf.9d49fc11e810f22fd1e9cb22b80320ea.jpg,249,320,1,png,largest_inner_median,largest_inner_median,1.7,3.6,6.12,5.3,1666,7.418780882750794,121.0,43.0,2.813953488372093,52833,58711.0,2.0,1.0027955657958985,-0.06699383918605517,-0.041703019489404136,-0.043550616065656765,-0.043550616065656765,-0.06699383918605517,-0.06699383918605517,-8.119384765625,8.119384765625,-8.180282592773438,-5.115136623382568,-5.339057922363281,-5.339057922363281,-8.180282592773438,-8.180282592773438,-8.180282592773438,1033.0,1033.0,121.19599151611328,-13.256793975830078,-0.5992431640625,12.657550811767578,0.10443869185297872,0.9302914142608643,4.551008701324463,0.0001558635412948206,-0.0038491771556437016,121.46883392333984,1.6696622918728048,2,1.0
train,2-0-3-9_png.rf.510b40b36bf82cf62841f65c7e60f4ca.jpg,/mnt/tf_data/TechFin/home/group_6/Data/white_balance_copy_layers.v10-argmented-10x.coco-segmentation/train/2-0-3-9_png.rf.510b40b36bf82cf62841f65c7e60f4ca.jpg,250,321,1,png,largest_inner_median,largest_inner_median,2.0,3.9,7.8,5.9,1705,7.441906728051625,44.0,122.0,0.36065573770491804,56708,63034.0,2.0,1.0,-0.08014456846957907,-0.04649882141343709,-0.05006537002080284,-0.05006537002080284,-0.08014456846957907,-0.08014456846957907,-7.618625640869141,7.618625640869141,-7.6570892333984375,-4.4586896896362305,-4.7977294921875,-4.7977294921875,-7.6570892333984375,-7.6570892333984375,-7.6570892333984375,1061.0,1061.0,95.06103515625,-11.346394348144532,-0.8208984374999995,10.525495910644533,0.11072355664278195,0.8925701975822449,3.8416919708251953,-0.0035030499566346407,-0.0002774178283289075,95.42852783203125,1.5424605614425828,2,1.0
train,1-7-4-2-2-10-3_png.rf.c9e3eb32174e2fc2b617304d257d32d0.jpg,/mnt/tf_data/TechFin/home/group_6/Data/white_balance_copy_layers.v10-argmented-10x.coco-segmentation/train/1-7-4-2-2-10-3_png.rf.c9e3eb32174e2fc2b617304d257d32d0.jpg,251,322,2,2-10-3_png,largest_inner_median,largest_inner_median,1.7,4.2,7.14,5.9,5569,8.62515033292133,111.0,86.0,1.2906976744186047,123417,135178.0,0.0,1.0,-0.10314474717630236,-0.10481315728303559,-0.10245877204357345,-0.10245877204357345,-0.10314474717630236,-0.10314474717630236,-7.166961669921875,7.166961669921875,-7.156059265136719,-7.2719879150390625,-7.108394622802734,-7.108394622802734,-7.156059265136719,-7.156059265136719,-7.156059265136719,4788.0,4788.0,69.48450469970703,-7.362982177734375,-6.033672332763673,1.3293098449707026,0.019131025697248834,0.7388138175010681,1.0035592317581177,0.0006559034227393568,0.0024784980341792107,68.90821838378906,2.128425428890099,2,0.0
train,1-7-3-6-3-10-4_png.rf.e085618dbc9853c176fad55347e1971a.jpg,/mnt/tf_data/TechFin/home/group_6/Data/white_balance_copy_layers.v10-argmented-10x.coco-segmentation/train/1-7-3-6-3-10-4_png.rf.e085618dbc9853c176fad55347e1971a.jpg,252,323,3,3-10-4_png,largest_inner_median,largest_inner_median,1.7,3.6,6.12,5.3,622,6.434546518787453,52.0,23.0,2.260869565217391,16019,17789.0,0.0,1.0,-0.22121446017483454,-0.23078863395707014,-0.19523984603946315,-0.19523984603946315,-0.22121446017483454,-0.22121446017483454,-15.111488342285156,15.111488342285156,-15.111564636230469,-15.76559066772461,-13.337200164794922,-13.337200164794922,-15.111564636230469,-15.111564636230469,-15.111564636230469,347.0,347.0,68.31148529052734,-16.049102783203125,-5.346202087402344,10.702900695800782,0.15667790928980047,0.5470793843269348,4.286454677581787,0.005818210542201996,0.00268898019567132,67.5959243774414,3.6267565893840796,4,1.0
train,1-1-4-2-6-10-6_png.rf.3359cc5bae22024ffba503a3a070434d.jpg,/mnt/tf_data/TechFin/home/group_6/Data/white_balance_copy_layers.v10-argmented-10x.coco-segmentation/train/1-1-4-2-6-10-6_png.rf.3359cc5bae22024ffba503a3a070434d.jpg,253,324,6,6-10-6_png,largest_inner_median,largest_inner_median,1.1,4.2,4.620000000000001,5.300000000000001,1896,7.5480289699350145,40.0,124.0,0.3225806451612903,54292,60381.0,2.0,1.088054793548584,-0.28896535561771125,-0.2961609034658331,-0.2825721488192511,-0.2825721488192511,-0.28896535561771125,-0.28896535561771125,-35.71934509277344,35.71934509277344,-35.804718017578125,-36.69416809082031,-35.01444625854492,-35.01444625854492,-35.804718017578125,-35.804718017578125,-35.804718017578125,1155.0,1155.0,123.61116790771484,-36.650814056396484,-19.136306762695312,17.514507293701172,0.14169033098026454,1.1312261819839478,9.899407386779785,0.0026522097177803516,-0.004146188497543335,124.43204498291016,5.074705534111608,6,0.0
train,1-1-3-9-3-10-4_png.rf.18ea2d10ca2b8a5d9ca2165ae0fc8b78.jpg,/mnt/tf_data/TechFin/home/group_6/Data/white_balance_copy_layers.v10-argmented-10x.coco-segmentation/train/1-1-3-9-3-10-4_png.rf.18ea2d10ca2b8a5d9ca2165ae0fc8b78.jpg,255,326,3,3-10-4_png,largest_inner_median,largest_inner_median,1.1,3.9,4.29,5.0,672,6.511745329644728,53.0,24.0,2.2083333333333335,17041,18935.0,0.0,1.0,-0.14660890761119105,-0.1475807142482951,-0.1288361493826057,-0.1288361493826057,-0.14660890761119105,-0.14660890761119105,-18.14876937866211,18.14876937866211,-18.122974395751953,-18.243274688720703,-15.92287826538086,-15.92287826538086,-18.122974395751953,-18.122974395751953,-18.122974395751953,392.0,392.0,123.79035949707031,-18.801451110839842,-3.6293388366699233,15.172112274169919,0.12256295511064406,0.6887170076370239,6.044005393981934,0.005818283185362816,0.0050146677531301975,122.93824005126953,3.2681702548392506,3,0.0
train,1-1-4-5-3-10-4_png.rf.33cc8e44643690444258abf94d4c82fb.jpg,/mnt/tf_data/TechFin/home/group_6/Data/white_balance_copy_layers.v10-argmented-10x.coco-segmentation/train/1-1-4-5-3-10-4_png.rf.33cc8e44643690444258abf94d4c82fb.jpg,256,327,3,3-10-4_png,largest_inner_median,largest_inner_median,1.1,4.5,4.95,5.6,665,6.501289670540389,55.0,25.0,2.2,18550,20285.0,0.0,1.0,-0.14639640663356285,-0.1482878288687049,-0.1309413964727779,-0.1309413964727779,-0.14639640663356285,-0.14639640663356285,-16.46389389038086,16.46389389038086,-16.43960189819336,-16.652313232421875,-14.701515197753906,-14.701515197753906,-16.43960189819336,-16.43960189819336,-16.43960189819336,368.0,368.0,112.46105194091797,-17.226106262207033,-4.1077224731445305,13.118383789062502,0.11664824010319873,0.6648644804954529,5.250934600830078,0.005977873224765062,0.002581485314294696,111.69913482666016,3.2654735697340724,3,0.0
train,1-1-4-5_png.rf.79aa73c6251a1cf7d0d957de2eae1d61.jpg,/mnt/tf_data/TechFin/home/group_6/Data/white_balance_copy_layers.v10-argmented-10x.coco-segmentation/train/1-1-4-5_png.rf.79aa73c6251a1cf7d0d957de2eae1d61.jpg,257,328,1,png,largest_inner_median,largest_inner_median,1.1,4.5,4.95,5.6,1578,7.364547014255642,43.0,121.0,0.35537190082644626,46735,52081.0,2.0,1.0,-0.06342455971959683,-0.03692388676040955,-0.0432749816964273,-0.0432749816964273,-0.06342455971959683,-0.06342455971959683,-7.808158874511719,7.808158874511719,-7.8281097412109375,-4.5656280517578125,-5.347507476806641,-5.347507476806641,-7.8281097412109375,-7.8281097412109375,-7.8281097412109375,943.0,943.0,123.10939025878906,-11.484754180908203,-0.5005920410156252,10.984162139892577,0.08922278078709266,1.036728024482727,3.978778123855591,-0.0027669621631503105,0.0011518282117322087,123.04244995117188,2.2125422081030237,2,1.0
train,0-8-3-9-12-10-5_png.rf.c8d5d0f5b672b3cd9b3c4999641806a4.jpg,/mnt/tf_data/TechFin/home/group_6/Data/white_balance_copy_layers.v10-argmented-10x.coco-segmentation/train/0-8-3-9-12-10-5_png.rf.c8d5d0f5b672b3cd9b3c4999641806a4.jpg,258,329,9,12-10-5_png,largest_inner_median,largest_inner_median,0.8,3.9,3.12,4.7,690,6.53813982376767,26.0,48.0,0.5416666666666666,12548,13956.0,1.0,1.0,-0.5139439637590094,-0.5164966760633871,-0.4845974944615147,-0.4845974944615147,-0.5139439637590094,-0.5139439637590094,-74.20941162109375,74.20941162109375,-74.12257385253906,-74.49116516113281,-69.88517761230469,-69.88517761230469,-74.12257385253906,-74.12257385253906,-74.12257385253906,416.0,416.0,144.39202880859375,-75.95319366455078,-33.2344108581543,42.71878280639648,0.29585277773902985,0.7972316741943359,17.07842254638672,0.008775799535214901,-0.007601594552397728,144.67510986328125,8.223822008213919,8,1.0
train,0-8-4-5-7-10-2_png.rf.7fbd170f6f314610a32ee7a168e3a9cc.jpg,/mnt/tf_data/TechFin/home/group_6/Data/white_balance_copy_layers.v10-argmented-10x.coco-segmentation/train/0-8-4-5-7-10-2_png.rf.7fbd170f6f314610a32ee7a168e3a9cc.jpg,259,330,7,7-10-2_png,largest_inner_median,largest_inner_median,0.8,4.5,3.6,5.3,510,6.236369590203704,40.0,23.0,1.7391304347826086,12110,13456.0,0.0,1.0,-0.49650566549518593,-0.5013123110866019,-0.48999068115832833,-0.48999068115832833,-0.49650566549518593,-0.49650566549518593,-65.55908203125,65.55908203125,-65.50033569335938,-66.135009765625,-64.64009094238281,-64.64009094238281,-65.50033569335938,-65.50033569335938,-65.50033569335938,278.0,278.0,132.04095458984375,-66.58261566162109,-37.99876632690428,28.58384933471681,0.21647714849916275,0.6742619276046753,12.24117660522461,0.004579286556690931,-0.0029542171396315098,131.8084259033203,8.002526088954763,8,1.0
train,2-0-4-5_png.rf.fa776201c4907b7de4f8ecb44dacce67.jpg,/mnt/tf_data/TechFin/home/group_6/Data/white_balance_copy_layers.v10-argmented-10x.coco-segmentation/train/2-0-4-5_png.rf.fa776201c4907b7de4f8ecb44dacce67.jpg,260,333,7,png,largest_inner_median,largest_inner_median,2.0,4.5,9.0,6.5,390,5.968707559985366,44.0,14.0,3.142857142857143,7205,8007.0,0.0,1.0,-0.48602017329659686,-0.48355817284206354,-0.47799562355010305,-0.47799562355010305,-0.48602017329659686,-0.48602017329659686,-44.966373443603516,44.966373443603516,-44.91793441772461,-44.69015121459961,-44.175506591796875,-44.175506591796875,-44.91793441772461,-44.91793441772461,-44.91793441772461,187.0,187.0,92.51956176757812,-45.97038459777832,-23.34291839599609,22.62746620178223,0.24456953502034023,0.7960192561149597,10.483327865600586,0.005509661510586739,-0.004823877941817045,92.18114471435547,6.693113091649226,7,0.0
train,2-0-4-2_png.rf.db9adcd64ee49b50a3c46e9aa0312bf6.jpg,/mnt/tf_data/TechFin/home/group_6/Data/white_balance_copy_layers.v10-argmented-10x.coco-segmentation/train/2-0-4-2_png.rf.db9adcd64ee49b50a3c46e9aa0312bf6.jpg,261,334,8,png,largest_inner_median,largest_inner_median,2.0,4.2,8.4,6.2,1285,7.1592919047975645,77.0,29.0,2.6551724137931036,18800,20889.0,0.0,1.0,-0.6345765734852377,-0.6353393765005855,-0.6332637065103663,-0.6332637065103663,-0.6345765734852377,-0.6345765734852377,-56.211326599121094,56.211326599121094,-56.23616409301758,-56.303733825683594,-56.119869232177734,-56.119869232177734,-56.23616409301758,-56.23616409301758,-56.23616409301758,884.0,884.0,88.58084106445312,-57.92209014892578,-50.124559783935545,7.797530364990237,0.08802727848696541,1.0959111452102661,6.227646350860596,0.014770404435694218,-0.00469872634857893,86.59954071044922,8.578327155786246,9,1.0
train,1-7-3-6_png.rf.b5a572542e8262235d211fa1fd6463de.jpg,/mnt/tf_data/TechFin/home/group_6/Data/white_balance_copy_layers.v10-argmented-10x.coco-segmentation/train/1-7-3-6_png.rf.b5a572542e8262235d211fa1fd6463de.jpg,262,335,4,png,largest_inner_median,largest_inner_median,1.7,3.6,6.12,5.3,2063,7.6324011266014535,41.0,137.0,0.29927007299270075,62604,69676.0,2.0,1.0,-0.24499633555765704,-0.24268483624282733,-0.2390697078878412,-0.2390697078878412,-0.24499633555765704,-0.24499633555765704,-29.86797332763672,29.86797332763672,-29.90203094482422,-29.62023162841797,-29.17950439453125,-29.17950439453125,-29.90203094482422,-29.90203094482422,-29.90203094482422,1373.0,1373.0,121.91191864013672,-32.46170196533203,-14.609439086914072,17.85226287841796,0.14643574703401074,1.0384716987609863,7.588929176330566,0.0017821462824940681,-0.0041809300892055035,122.84027862548828,3.928553926195686,4,0.0
train,1-1-3-9-3-10_png.rf.8ea27e5b0ae4f079c6f9766610b8e3a4.jpg,/mnt/tf_data/TechFin/home/group_6/Data/white_balance_copy_layers.v10-argmented-10x.coco-segmentation/train/1-1-3-9-3-10_png.rf.8ea27e5b0ae4f079c6f9766610b8e3a4.jpg,263,336,3,3-10_png,largest_inner_median,largest_inner_median,1.1,3.9,4.29,5.0,1002,6.910750787961936,39.0,40.0,0.975,19595,21773.0,0.0,1.0,-0.1589828271495284,-0.16108229928329268,-0.15665056058773288,-0.15665056058773288,-0.1589828271495284,-0.1589828271495284,-19.924415588378906,19.924415588378906,-19.860000610351562,-20.12311553955078,-19.567710876464844,-19.567710876464844,-19.860000610351562,-19.860000610351562,-19.860000610351562,701.0,701.0,125.32432556152344,-20.28913345336914,-15.905215454101562,4.383917999267577,0.03498058321578959,0.7716483473777771,3.0865793228149414,-0.0067061507143080235,-0.0011912969639524817,125.94725036621094,3.425198071295166,3,0.0
train,2-0-3-3_png.rf.69335631da39b72ff40a2e6003aff294.jpg,/mnt/tf_data/TechFin/home/group_6/Data/white_balance_copy_layers.v10-argmented-10x.coco-segmentation/train/2-0-3-3_png.rf.69335631da39b72ff40a2e6003aff294.jpg,266,339,7,png,largest_inner_median,largest_inner_median,2.0,3.3,6.6,5.3,330,5.802118375377063,40.0,16.0,2.5,6492,7214.0,0.0,1.0,-0.4670988338756079,-0.4882442036660955,-0.3567578205685373,-0.3567578205685373,-0.4670988338756079,-0.4670988338756079,-53.915557861328125,53.915557861328125,-53.87256622314453,-56.31330108642578,-41.136295318603516,-41.136295318603516,-53.87256622314453,-53.87256622314453,-53.87256622314453,125.0,125.0,115.42644500732422,-55.92928962707519,-10.897218322753888,45.032071304321306,0.390136517688506,0.7917807698249817,17.241228103637695,-0.0074412403628230095,0.00033498540869913995,116.01018524169922,6.452997047214501,6,1.0
train,0-8-3-9-3-10-4_png.rf.2c644fbaaef3c4d28769ee5b38c6da08.jpg,/mnt/tf_data/TechFin/home/group_6/Data/white_balance_copy_layers.v10-argmented-10x.coco-segmentation/train/0-8-3-9-3-10-4_png.rf.2c644fbaaef3c4d28769ee5b38c6da08.jpg,267,342,3,3-10-4_png,largest_inner_median,largest_inner_median,0.8,3.9,3.12,4.7,578,6.361302477572996,22.0,52.0,0.4230769230769231,15533,17246.0,0.0,1.0,-0.12732220120060467,-0.13467407227210873,-0.11070335546799892,-0.11070335546799892,-0.12732220120060467,-0.12732220120060467,-18.288558959960938,18.288558959960938,-18.2847900390625,-19.34081268310547,-15.897659301757812,-15.897659301757812,-18.2847900390625,-18.2847900390625,-18.2847900390625,313.0,313.0,143.63998413085938,-19.704112243652343,-5.869499206542965,13.834613037109378,0.09631449850694583,0.6579983830451965,5.382671356201172,0.004947645589709282,-0.006747280713170767,144.1480712890625,3.317505058213672,3,0.0
train,1-4-3-6-3-10-4_png.rf.e7a8ec38c766642f39d07f587aaa6972.jpg,/mnt/tf_data/TechFin/home/group_6/Data/white_balance_copy_layers.v10-argmented-10x.coco-segmentation/train/1-4-3-6-3-10-4_png.rf.e7a8ec38c766642f39d07f587aaa6972.jpg,269,344,3,3-10-4_png,largest_inner_median,largest_inner_median,1.4,3.6,5.04,5.0,631,6.448889394146858,52.0,22.0,2.3636363636363638,15387,17097.0,0.0,1.0,-0.185408653118028,-0.18972018297829166,-0.1710513008907753,-0.1710513008907753,-0.185408653118028,-0.185408653118028,-17.092334747314453,17.092334747314453,-17.108257293701172,-17.505725860595703,-15.784690856933594,-15.784690856933594,-17.108257293701172,-17.108257293701172,-17.108257293701172,364.0,364.0,92.18736267089844,-17.749237060546875,-5.541664123535156,12.207572937011719,0.13242132742848697,0.5569961667060852,4.866268634796143,-0.0028370008803904057,-0.004237126559019089,92.67864227294922,3.4664602975946157,3,0.0
train,1-7-3-9_png.rf.eeeaae5535d899baf3e2aebb436cb062.jpg,/mnt/tf_data/TechFin/home/group_6/Data/white_balance_copy_layers.v10-argmented-10x.coco-segmentation/train/1-7-3-9_png.rf.eeeaae5535d899baf3e2aebb436cb062.jpg,270,345,1,png,largest_inner_median,largest_inner_median,1.7,3.9,6.63,5.6,1600,7.3783837129967145,121.0,44.0,2.75,53691,59671.0,2.0,1.0,-0.06692941404286014,-0.03374244444354765,-0.04109871679890192,-0.04109871679890192,-0.06692941404286014,-0.06692941404286014,-7.9715576171875,7.9715576171875,-8.046073913574219,-4.093374729156494,-4.969535827636719,-4.969535827636719,-8.046073913574219,-8.046073913574219,-8.046073913574219,957.0,957.0,119.10395050048828,-11.523697662353516,-0.46552581787109215,11.058171844482423,0.09284471084304705,0.8949375748634338,4.045921802520752,0.00015356304356828332,-0.0029498962685465813,119.31648254394531,1.668844722344457,2,1.0
train,1-7-4-8_png.rf.b8182fa9479122960f1c29362394853b.jpg,/mnt/tf_data/TechFin/home/group_6/Data/white_balance_copy_layers.v10-argmented-10x.coco-segmentation/train/1-7-4-8_png.rf.b8182fa9479122960f1c29362394853b.jpg,271,348,7,png,largest_inner_median,largest_inner_median,1.7,4.8,8.16,6.5,449,6.1092475827643655,44.0,18.0,2.4444444444444446,9484,10538.0,0.0,1.0,-0.42816557290668356,-0.42851165845053746,-0.420213140293518,-0.420213140293518,-0.42816557290668356,-0.42816557290668356,-44.00384521484375,44.00384521484375,-44.03270721435547,-44.068275451660156,-43.21541213989258,-43.21541213989258,-44.03270721435547,-44.03270721435547,-44.03270721435547,230.0,230.0,102.77296447753906,-44.921119689941406,-13.887710571289075,31.03340911865233,0.3019608247793091,0.7210827469825745,12.399027824401855,-0.006042495835572481,0.006779597606509924,103.08023834228516,6.253012663275671,6,1.0
train,1-4-3-3_png.rf.2e0fdf11bf242211bd9d06932a212201.jpg,/mnt/tf_data/TechFin/home/group_6/Data/white_balance_copy_layers.v10-argmented-10x.coco-segmentation/train/1-4-3-3_png.rf.2e0fdf11bf242211bd9d06932a212201.jpg,272,351,7,png,largest_inner_median,largest_inner_median,1.4,3.3,4.619999999999999,4.699999999999999,468,6.150602768446279,45.0,16.0,2.8125,8551,9503.0,0.0,1.0,-0.35741480716638585,-0.3616816928480458,-0.35205881271895484,-0.35205881271895484,-0.35741480716638585,-0.35741480716638585,-48.37124252319336,48.37124252319336,-48.3540153503418,-48.931480407714844,-47.629154205322266,-47.629154205322266,-48.3540153503418,-48.3540153503418,-48.3540153503418,252.0,252.0,135.33642578125,-49.66400833129883,-23.51686553955078,26.147142791748053,0.1932010738484463,0.7156846523284912,11.946986198425293,-0.004402516409754753,-0.001966937677934766,135.80758666992188,5.6492570018653065,6,1.0
train,0-8-4-2-6-10-6_png.rf.06a23044bfd848faca7bcb817613543c.jpg,/mnt/tf_data/TechFin/home/group_6/Data/white_balance_copy_layers.v10-argmented-10x.coco-segmentation/train/0-8-4-2-6-10-6_png.rf.06a23044bfd848faca7bcb817613543c.jpg,273,352,6,6-10-6_png,largest_inner_median,largest_inner_median,0.8,4.2,3.3600000000000003,5.0,1921,7.561121589530238,134.0,41.0,3.268292682926829,59854,66695.0,2.0,1.0,-0.29517680759892573,-0.2927887541791724,-0.2902673355096157,-0.2902673355096157,-0.29517680759892573,-0.29517680759892573,-42.80628967285156,42.80628967285156,-42.79441833496094,-42.44810485839844,-42.08245086669922,-42.08245086669922,-42.79441833496094,-42.79441833496094,-42.79441833496094,1139.0,1139.0,145.01914978027344,-43.818878173828125,-22.11742401123047,21.701454162597656,0.14964543782996062,1.0254963636398315,9.24932861328125,-0.003303165314719081,-0.0010240036062896252,145.98687744140625,5.447617690927393,6,0.0
train,1-4-4-2_png.rf.1179138381328375d47fb0aa567c2a37.jpg,/mnt/tf_data/TechFin/home/group_6/Data/white_balance_copy_layers.v10-argmented-10x.coco-segmentation/train/1-4-4-2_png.rf.1179138381328375d47fb0aa567c2a37.jpg,275,355,1,png,largest_inner_median,largest_inner_median,1.4,4.2,5.88,5.6,2504,7.826044013518965,88.0,38.0,2.3157894736842106,42004,46681.0,2.0,1.0,-0.04701339868617376,-0.04876309884039723,-0.04557100312150205,-0.04557100312150205,-0.04701339868617376,-0.04701339868617376,-6.005062103271484,6.005062103271484,-6.018402099609375,-6.2418928146362305,-5.834163665771484,-5.834163665771484,-6.018402099609375,-6.018402099609375,-6.018402099609375,2012.0,2012.0,127.73086547851562,-6.514109802246094,-3.04549560546875,3.468614196777344,0.027155646239324715,0.8070541024208069,1.4367403984069824,0.0022517526522278786,-0.005038167349994183,127.71546936035156,1.710193453934906,2,1.0
train,2-0-3-3_png.rf.01aabe4e4cd3b89acac85253e4f77784.jpg,/mnt/tf_data/TechFin/home/group_6/Data/white_balance_copy_layers.v10-argmented-10x.coco-segmentation/train/2-0-3-3_png.rf.01aabe4e4cd3b89acac85253e4f77784.jpg,276,356,7,png,largest_inner_median,largest_inner_median,2.0,3.3,6.6,5.3,331,5.805134968916488,16.0,40.0,0.4,6513,7237.0,0.0,1.0,-0.4747310251854947,-0.47217313731790217,-0.3625542183098773,-0.3625542183098773,-0.4747310251854947,-0.4747310251854947,-54.81884002685547,54.81884002685547,-54.778724670410156,-54.48335647583008,-41.825279235839844,-41.825279235839844,-54.778724670410156,-54.778724670410156,-54.778724670410156,126.0,126.0,115.47347259521484,-56.0070686340332,-10.279914855957031,45.72715377807617,0.39599704373981975,0.864740252494812,17.289180755615234,-0.0030381481628865004,0.0077955699525773525,114.94229125976562,6.549851268098368,7,0.0
train,1-1-3-9-3-10_png.rf.ebbf1af713dfbd7265ce0da942d9b830.jpg,/mnt/tf_data/TechFin/home/group_6/Data/white_balance_copy_layers.v10-argmented-10x.coco-segmentation/train/1-1-3-9-3-10_png.rf.ebbf1af713dfbd7265ce0da942d9b830.jpg,277,359,3,3-10_png,largest_inner_median,largest_inner_median,1.1,3.9,4.29,5.0,1005,6.913737350659685,39.0,40.0,0.975,19621,21803.0,0.0,1.0,-0.15881524184906626,-0.15936395180008822,-0.15741563959263336,-0.15741563959263336,-0.15881524184906626,-0.15881524184906626,-19.90420913696289,19.90420913696289,-19.826213836669922,-19.894983291625977,-19.650802612304688,-19.650802612304688,-19.826213836669922,-19.826213836669922,-19.826213836669922,704.0,704.0,125.32933807373047,-20.13413848876953,-14.755490112304686,5.378648376464843,0.04291611572464077,0.7385510206222534,3.3133058547973633,0.006452565081417561,0.000706940540112555,124.77381134033203,3.4230713762152325,3,0.0
train,1-4-3-9_png.rf.7c1b41ac00f1c0537541addbaf248843.jpg,/mnt/tf_data/TechFin/home/group_6/Data/white_balance_copy_layers.v10-argmented-10x.coco-segmentation/train/1-4-3-9_png.rf.7c1b41ac00f1c0537541addbaf248843.jpg,278,360,8,png,largest_inner_median,largest_inner_median,1.4,3.9,5.46,5.3,1421,7.259819610363186,44.0,47.0,0.9361702127659575,27148,30166.0,0.0,1.0,-0.448018249015103,-0.44263761377357674,-0.44270296772132456,-0.44270296772132456,-0.448018249015103,-0.448018249015103,-59.231422424316406,59.231422424316406,-59.22289276123047,-58.511531829833984,-58.520172119140625,-58.520172119140625,-59.22289276123047,-59.22289276123047,-59.22289276123047,1075.0,1075.0,132.20761108398438,-62.51970672607422,-26.947410583496094,35.572296142578125,0.26906390525414575,0.6104853749275208,15.143497467041016,-0.004980849102139473,-0.002903442597016692,132.92428588867188,6.799035016245887,7,1.0
train,1-1-3-3_png.rf.df5c5efd69a9ac0988b9e7e94183911c.jpg,/mnt/tf_data/TechFin/home/group_6/Data/white_balance_copy_layers.v10-argmented-10x.coco-segmentation/train/1-1-3-3_png.rf.df5c5efd69a9ac0988b9e7e94183911c.jpg,279,363,7,png,largest_inner_median,largest_inner_median,1.1,3.3,3.63,4.4,488,6.192362489474872,45.0,17.0,2.6470588235294117,8795,9773.0,0.0,1.0,-0.37939631284480635,-0.39150644902379517,-0.35967940985010755,-0.35967940985010755,-0.37939631284480635,-0.37939631284480635,-54.2038688659668,54.2038688659668,-54.13578414916992,-55.865943908691406,-51.31885528564453,-51.31885528564453,-54.13578414916992,-54.13578414916992,-54.13578414916992,266.0,266.0,142.8687286376953,-56.91744766235352,-19.079861450195313,37.8375862121582,0.26484162470649236,0.7404686808586121,15.162527084350586,-0.007576653268188238,0.0005326756509020925,143.55604553222656,6.222294679927009,6,1.0
train,1-4-3-9-12-10-5_png.rf.8456a1022c5185c004281b1abd71f4c3.jpg,/mnt/tf_data/TechFin/home/group_6/Data/white_balance_copy_layers.v10-argmented-10x.coco-segmentation/train/1-4-3-9-12-10-5_png.rf.8456a1022c5185c004281b1abd71f4c3.jpg,281,365,9,12-10-5_png,largest_inner_median,largest_inner_median,1.4,3.9,5.46,5.3,681,6.525029657843462,27.0,49.0,0.5510204081632653,14138,15699.0,0.0,1.0,-0.6413232868776987,-0.6395998065331148,-0.6328614309194686,-0.6328614309194686,-0.6413232868776987,-0.6413232868776987,-55.88227844238281,55.88227844238281,-55.93741226196289,-55.787235260009766,-55.20008087158203,-55.20008087158203,-55.93741226196289,-55.93741226196289,-55.93741226196289,405.0,405.0,87.13589477539062,-57.049522399902344,-26.863224029541016,30.186298370361328,0.3464278234380018,0.8223466277122498,13.145879745483398,-0.0019264668226242065,0.0032972977496683598,86.92530822753906,9.252119336977628,9,0.0
train,1-1-4-2_png.rf.59f8b7cc2fe12e9fb3d1aa3c28ad9606.jpg,/mnt/tf_data/TechFin/home/group_6/Data/white_balance_copy_layers.v10-argmented-10x.coco-segmentation/train/1-1-4-2_png.rf.59f8b7cc2fe12e9fb3d1aa3c28ad9606.jpg,282,366,8,png,largest_inner_median,largest_inner_median,1.1,4.2,4.620000000000001,5.300000000000001,1286,7.160069207596127,79.0,29.0,2.7241379310344827,17182,19092.0,1.0,1.0,-0.5710419988624341,-0.5713028428483872,-0.568858937387309,-0.568858937387309,-0.5710419988624341,-0.5710419988624341,-65.77381134033203,65.77381134033203,-65.77163696289062,-65.80168151855469,-65.52018737792969,-65.52018737792969,-65.77163696289062,-65.77163696289062,-65.77163696289062,878.0,878.0,115.18209075927734,-68.16668319702148,-53.67458152770996,14.492101669311523,0.12581905375896518,0.9952366352081299,8.581912994384766,-0.013659988529980183,0.0031685014255344868,117.13818359375,8.654321453279351,9,1.0
train,1-1-4-5-3-10-4_png.rf.bcfb0c4097ad09b2dcf35fea2dd77232.jpg,/mnt/tf_data/TechFin/home/group_6/Data/white_balance_copy_layers.v10-argmented-10x.coco-segmentation/train/1-1-4-5-3-10-4_png.rf.bcfb0c4097ad09b2dcf35fea2dd77232.jpg,283,367,3,3-10-4_png,largest_inner_median,largest_inner_median,1.1,4.5,4.95,5.6,661,6.495265555937008,25.0,55.0,0.45454545454545453,18275,20280.0,0.0,1.0,-0.14265329091779055,-0.1473416869028956,-0.12414440681483621,-0.12414440681483621,-0.14265329091779055,-0.14265329091779055,-16.047401428222656,16.047401428222656,-16.02263641357422,-16.550045013427734,-13.940528869628906,-13.940528869628906,-16.02263641357422,-16.02263641357422,-16.02263641357422,364.0,364.0,112.4923324584961,-16.7598876953125,-4.012580871582031,12.747306823730469,0.11331711722159883,0.6051018238067627,5.025911331176758,0.0024164714850485325,-0.005271632224321365,112.97357177734375,3.217972591101677,3,0.0
train,1-7-3-6_png.rf.eadfdbee81723d32f58c902213bbe348.jpg,/mnt/tf_data/TechFin/home/group_6/Data/white_balance_copy_layers.v10-argmented-10x.coco-segmentation/train/1-7-3-6_png.rf.eadfdbee81723d32f58c902213bbe348.jpg,284,368,1,png,largest_inner_median,largest_inner_median,1.7,3.6,6.12,5.3,1667,7.419380582918692,43.0,121.0,0.35537190082644626,53233,59149.0,0.0,1.0,-0.06672817827644532,-0.041504870831914356,-0.045195956915224766,-0.045195956915224766,-0.06672817827644532,-0.06672817827644532,-8.08743667602539,8.08743667602539,-8.161945343017578,-5.10488748550415,-5.55224609375,-5.55224609375,-8.161945343017578,-8.161945343017578,-8.161945343017578,1034.0,1034.0,121.19972229003906,-12.628262329101563,-0.4235626220703108,12.204699707031253,0.10069907320269751,0.8928871154785156,4.333872318267822,-0.003290805732831359,8.988053014036268e-05,121.43952941894531,1.6662909952982248,2,1.0
train,1-7-3-6_png.rf.fcc628e9d9ccfe7723702467ed025e49.jpg,/mnt/tf_data/TechFin/home/group_6/Data/white_balance_copy_layers.v10-argmented-10x.coco-segmentation/train/1-7-3-6_png.rf.fcc628e9d9ccfe7723702467ed025e49.jpg,285,369,8,png,largest_inner_median,largest_inner_median,1.7,3.6,6.12,5.3,1438,7.271703706887368,47.0,44.0,1.0681818181818181,26522,29470.0,0.0,1.0,-0.43467039262847945,-0.43522043870520505,-0.43129760110612475,-0.43129760110612475,-0.43467039262847945,-0.43467039262847945,-56.181983947753906,56.181983947753906,-56.23908996582031,-56.310184478759766,-55.80315017700195,-55.80315017700195,-56.23908996582031,-56.23908996582031,-56.23908996582031,1093.0,1093.0,129.25192260742188,-59.20262451171875,-24.637049102783205,34.565575408935544,0.2674279400386322,0.6655911803245544,14.853418350219727,0.0007935781613923609,-0.0032221695873886347,129.46644592285156,6.335560285650968,6,2.0
train,1-4-3-6-3-10-4_png.rf.f522ca05a573b3624218398e4eb00b01.jpg,/mnt/tf_data/TechFin/home/group_6/Data/white_balance_copy_layers.v10-argmented-10x.coco-segmentation/train/1-4-3-6-3-10-4_png.rf.f522ca05a573b3624218398e4eb00b01.jpg,286,370,3,3-10-4_png,largest_inner_median,largest_inner_median,1.4,3.6,5.04,5.0,631,6.448889394146858,52.0,22.0,2.3636363636363638,15442,17158.0,0.0,1.0,-0.18604986289590267,-0.18851354135688125,-0.17095542085388984,-0.17095542085388984,-0.18604986289590267,-0.18604986289590267,-17.153995513916016,17.153995513916016,-17.15613555908203,-17.383289337158203,-15.764411926269531,-15.764411926269531,-17.15613555908203,-17.15613555908203,-17.15613555908203,364.0,364.0,92.20106506347656,-17.930999755859375,-5.404426574707031,12.526573181152344,0.135861480260866,0.5888690948486328,5.1501383781433105,0.003297902876511216,0.004966741893440485,91.64264678955078,3.474597393605131,3,0.0
train,2-0-3-9_png.rf.056e5f0c65dce7dca3e1b54ef9b5a54e.jpg,/mnt/tf_data/TechFin/home/group_6/Data/white_balance_copy_layers.v10-argmented-10x.coco-segmentation/train/2-0-3-9_png.rf.056e5f0c65dce7dca3e1b54ef9b5a54e.jpg,289,375,7,png,largest_inner_median,largest_inner_median,2.0,3.9,7.8,5.9,429,6.063785208687608,16.0,44.0,0.36363636363636365,8584,9538.0,0.0,1.0,-0.47260396391583503,-0.4823214696067706,-0.46500641273669674,-0.46500641273669674,-0.47260396391583503,-0.47260396391583503,-45.89519500732422,45.89519500732422,-45.799591064453125,-46.74327087402344,-45.06178283691406,-45.06178283691406,-45.799591064453125,-45.799591064453125,-45.799591064453125,218.0,218.0,97.11132049560547,-47.20378494262695,-21.149160766601565,26.05462417602539,0.26829646680794983,0.7315784692764282,11.489893913269043,0.0035159368999302387,0.007152343634516001,96.38007354736328,6.522858383135138,7,0.0
train,1-1-3-9_png.rf.2cb55d61f662aa3bc2624baca96c2a28.jpg,/mnt/tf_data/TechFin/home/group_6/Data/white_balance_copy_layers.v10-argmented-10x.coco-segmentation/train/1-1-3-9_png.rf.2cb55d61f662aa3bc2624baca96c2a28.jpg,290,376,8,png,largest_inner_median,largest_inner_median,1.1,3.9,4.29,5.0,1467,7.291656209174461,30.0,78.0,0.38461538461538464,26007,28958.0,2.0,1.0,-0.5572739625759159,-0.5584069166067587,-0.5539192029176929,-0.5539192029176929,-0.5572739625759159,-0.5572739625759159,-65.74771118164062,65.74771118164062,-65.72865295410156,-65.86231994628906,-65.33285522460938,-65.33285522460938,-65.72865295410156,-65.72865295410156,-65.72865295410156,1057.0,1057.0,117.98094940185547,-67.3378662109375,-40.58874053955078,26.74912567138673,0.22672410933290937,1.1479898691177368,12.32157039642334,0.005202310159802437,0.011504755355417728,115.90748596191406,8.479601982358314,8,0.0
train,1-7-3-3_png.rf.78ac666c60ad16348d77363dbb408a50.jpg,/mnt/tf_data/TechFin/home/group_6/Data/white_balance_copy_layers.v10-argmented-10x.coco-segmentation/train/1-7-3-3_png.rf.78ac666c60ad16348d77363dbb408a50.jpg,291,377,8,png,largest_inner_median,largest_inner_median,1.7,3.3,5.609999999999999,5.0,1397,7.242797922793756,46.0,44.0,1.0454545454545454,26350,29278.0,0.0,1.0,-0.4291316702353508,-0.43244617614553155,-0.4252506256592413,-0.4252506256592413,-0.4291316702353508,-0.4291316702353508,-61.054908752441406,61.054908752441406,-61.06205749511719,-61.53363037109375,-60.50988006591797,-60.50988006591797,-61.06205749511719,-61.06205749511719,-61.06205749511719,1055.0,1055.0,142.2754669189453,-63.694189453125,-28.58754119873043,35.10664825439457,0.24675124260456593,0.6614429950714111,15.141617774963379,0.002244729083031416,-0.0043153176084160805,142.45199584960938,6.265272655231695,6,2.0
train,1-4-3-3_png.rf.0bb68ba5c08336dc64c123202c48d82c.jpg,/mnt/tf_data/TechFin/home/group_6/Data/white_balance_copy_layers.v10-argmented-10x.coco-segmentation/train/1-4-3-3_png.rf.0bb68ba5c08336dc64c123202c48d82c.jpg,292,378,1,png,largest_inner_median,largest_inner_median,1.4,3.3,4.619999999999999,4.699999999999999,836,6.729824070489475,24.0,60.0,0.4,18011,20013.0,0.0,1.0,-0.026818957972908824,-0.02836964738121874,-0.0251804254071291,-0.0251804254071291,-0.026818957972908824,-0.026818957972908824,-4.1837005615234375,4.1837005615234375,-4.2088623046875,-4.450766563415527,-3.9532546997070312,-3.9532546997070312,-4.2088623046875,-4.2088623046875,-4.2088623046875,526.0,526.0,155.9978790283203,-4.9096527099609375,-2.122833251953125,2.7868194580078125,0.017864470179763694,0.6781941652297974,1.1615111827850342,-0.011365169659256935,0.0021016548853367567,156.31121826171875,1.4539214683342523,1,0.0
train,1-4-4-2_png.rf.133a557be73f00c6d00cb10815688024.jpg,/mnt/tf_data/TechFin/home/group_6/Data/white_balance_copy_layers.v10-argmented-10x.coco-segmentation/train/1-4-4-2_png.rf.133a557be73f00c6d00cb10815688024.jpg,293,379,1,png,largest_inner_median,largest_inner_median,1.4,4.2,5.88,5.6,804,6.690842277418564,55.0,24.0,2.2916666666666665,16338,18154.0,0.0,1.0,-0.044232749397394536,-0.04733446647138966,-0.0420710717179202,-0.0420710717179202,-0.044232749397394536,-0.044232749397394536,-5.639087677001953,5.639087677001953,-5.624294281005859,-6.019721984863281,-5.3487091064453125,-5.3487091064453125,-5.624294281005859,-5.624294281005859,-5.624294281005859,502.0,502.0,127.48670959472656,-6.341014862060547,-1.7530479431152326,4.587966918945314,0.035987805580128436,0.6029830574989319,1.823898434638977,0.0004911879659630358,0.008837077766656876,127.00948333740234,1.6749063903012784,2,1.0
train,0-8-3-9-6-10-6_png.rf.356bb467670146e2c1cd6a0616f8e2f9.jpg,/mnt/tf_data/TechFin/home/group_6/Data/white_balance_copy_layers.v10-argmented-10x.coco-segmentation/train/0-8-3-9-6-10-6_png.rf.356bb467670146e2c1cd6a0616f8e2f9.jpg,294,380,6,6-10-6_png,largest_inner_median,largest_inner_median,0.8,3.9,3.12,4.7,1817,7.505492274737424,129.0,39.0,3.3076923076923075,56074,60974.0,2.0,1.0,-0.2676993665632326,-0.2644733343813084,-0.2626084834651189,-0.2626084834651189,-0.2676993665632326,-0.2676993665632326,-40.744712829589844,40.744712829589844,-40.779541015625,-40.28852844238281,-40.00469207763672,-40.00469207763672,-40.779541015625,-40.779541015625,-40.779541015625,1090.0,1090.0,152.2032470703125,-41.388555908203124,-25.386813354492183,16.00174255371094,0.1051340418928034,1.143636703491211,7.705561637878418,-0.004769599065184593,-0.0009052363457158208,153.48056030273438,5.098922796454948,6,0.0
train,1-7-3-9_png.rf.707818034abfde6a4f0e6c17a40dd5f3.jpg,/mnt/tf_data/TechFin/home/group_6/Data/white_balance_copy_layers.v10-argmented-10x.coco-segmentation/train/1-7-3-9_png.rf.707818034abfde6a4f0e6c17a40dd5f3.jpg,295,381,1,png,largest_inner_median,largest_inner_median,1.7,3.9,6.63,5.6,994,6.902742737158593,26.0,69.0,0.37681159420289856,22771,25303.0,0.0,1.0,-0.02588361910912106,-0.026693299844566764,-0.023273160672742755,-0.023273160672742755,-0.02588361910912106,-0.02588361910912106,-3.1020278930664062,3.1020278930664062,-3.1520843505859375,-3.2491207122802734,-2.8392333984375,-2.8392333984375,-3.1520843505859375,-3.1520843505859375,-3.1520843505859375,645.0,645.0,119.84521484375,-3.7287170410156247,-0.9163566589355463,2.8123603820800787,0.023466605535704833,0.5320035219192505,2.1952972412109375,-0.007708046585321426,-0.00020725390641018748,120.27954864501953,1.1479643712824381,1,0.0
train,1-7-4-5_png.rf.495de111ca1dff995e4ff63b4bbad791.jpg,/mnt/tf_data/TechFin/home/group_6/Data/white_balance_copy_layers.v10-argmented-10x.coco-segmentation/train/1-7-4-5_png.rf.495de111ca1dff995e4ff63b4bbad791.jpg,296,382,1,png,largest_inner_median,largest_inner_median,1.7,4.5,7.6499999999999995,6.2,1565,7.356279876550748,43.0,120.0,0.35833333333333334,52739,58599.0,0.0,1.0,-0.055187779458176364,-0.038769641876524895,-0.03913212959502506,-0.03913212959502506,-0.055187779458176364,-0.055187779458176364,-5.8662872314453125,5.8662872314453125,-5.9607696533203125,-4.215573310852051,-4.2541046142578125,-4.2541046142578125,-5.9607696533203125,-5.9607696533203125,-5.9607696533203125,933.0,933.0,106.2968521118164,-9.975083923339843,-1.0074569702148368,8.967626953125006,0.08436399361753184,0.8619805574417114,3.171703577041626,0.0022760177962481976,0.0002986251492984593,106.02407836914062,1.5198407438763784,2,1.0
train,1-1-4-8-6-10-6_png.rf.e1db955d3f1bd2233f45c15043777503.jpg,/mnt/tf_data/TechFin/home/group_6/Data/white_balance_copy_layers.v10-argmented-10x.coco-segmentation/train/1-1-4-8-6-10-6_png.rf.e1db955d3f1bd2233f45c15043777503.jpg,298,384,6,6-10-6_png,largest_inner_median,largest_inner_median,1.1,4.8,5.28,5.9,1826,7.510430556378006,39.0,126.0,0.30952380952380953,51598,57437.0,2.0,1.0,-0.29051452538463723,-0.2885939813799455,-0.28588623647827294,-0.28588623647827294,-0.29051452538463723,-0.29051452538463723,-32.92573165893555,32.92573165893555,-33.05647277832031,-32.83880615234375,-32.53192138671875,-32.53192138671875,-33.05647277832031,-33.05647277832031,-33.05647277832031,1093.0,1093.0,113.33592224121094,-33.61244583129883,-21.676647186279297,11.935798645019531,0.10531346468965745,1.0845509767532349,6.2637128829956055,-0.001059761387296021,0.0047674947418272495,112.2110824584961,5.094364846188612,6,0.0
train,2-3-3-3_png.rf.009e45f0385eb03dfe9a81f4d6ff3fa9.jpg,/mnt/tf_data/TechFin/home/group_6/Data/white_balance_copy_layers.v10-argmented-10x.coco-segmentation/train/2-3-3-3_png.rf.009e45f0385eb03dfe9a81f4d6ff3fa9.jpg,299,385,2,png,largest_inner_median,largest_inner_median,2.3,3.3,7.589999999999999,5.6,475,6.16541785423142,24.0,45.0,0.5333333333333333,14618,16244.0,0.0,1.0,-0.11097370039149758,-0.11114977311820425,-0.1061670130213806,-0.1061670130213806,-0.11097370039149758,-0.11097370039149758,-13.59749984741211,13.59749984741211,-13.628944396972656,-13.650518417358398,-13.039985656738281,-13.039985656738281,-13.628944396972656,-13.628944396972656,-13.628944396972656,221.0,221.0,122.5290298461914,-14.450709533691406,-5.6172546386718745,8.833454895019532,0.07209275145741394,0.5415281057357788,3.439742088317871,-0.0031411312520503998,-0.0014267112128436565,122.80420684814453,1.639601728679902,2,0.0
train,1-4-3-9_png.rf.b2dcbe186490531da4d6bdb70d7f48fd.jpg,/mnt/tf_data/TechFin/home/group_6/Data/white_balance_copy_layers.v10-argmented-10x.coco-segmentation/train/1-4-3-9_png.rf.b2dcbe186490531da4d6bdb70d7f48fd.jpg,300,386,7,png,largest_inner_median,largest_inner_median,1.4,3.9,5.46,5.3,322,5.777652323222656,17.0,39.0,0.4358974358974359,6588,7322.0,0.0,1.0,-0.41374017765864435,-0.42337137677683767,-0.3207169464109683,-0.3207169464109683,-0.41374017765864435,-0.41374017765864435,-55.28173828125,55.28173828125,-55.248504638671875,-56.53537368774414,-42.81924057006836,-42.81924057006836,-55.248504638671875,-55.248504638671875,-55.248504638671875,120.0,120.0,133.6146240234375,-56.66216506958008,-11.393322753906249,45.26884231567383,0.338801554444618,0.6617980599403381,16.984474182128906,-0.00166350940708071,-0.0072360592894256115,134.22781372070312,6.364038596498033,6,1.0
train,1-1-3-9-6-10-6_png.rf.7055b052f08883f738e7855b94d1f4ed.jpg,/mnt/tf_data/TechFin/home/group_6/Data/white_balance_copy_layers.v10-argmented-10x.coco-segmentation/train/1-1-3-9-6-10-6_png.rf.7055b052f08883f738e7855b94d1f4ed.jpg,301,389,6,6-10-6_png,largest_inner_median,largest_inner_median,1.1,3.9,4.29,5.0,1758,7.472500744737558,131.0,41.0,3.1951219512195124,60894,67955.0,2.0,1.1165819938659667,-0.29050293506278557,-0.28889076521726914,-0.28665289244841613,-0.28665289244841613,-0.29050269076686625,-0.29050293506278557,-36.2897834777832,36.2897834777832,-36.39714050292969,-36.19574737548828,-35.91619110107422,-35.91619110107422,-36.39710998535156,-36.39714050292969,-36.39714050292969,991.0,990.0,124.92053985595703,-37.12128829956055,-23.461118316650392,13.660169982910155,0.10935087215170043,1.2346936464309692,6.701347351074219,-0.00423511303961277,-0.0017386984545737505,126.1738052368164,5.094217762402691,6,0.0
train,1-7-3-6_png.rf.241d23eaa6dfded3b77610a4afa67c09.jpg,/mnt/tf_data/TechFin/home/group_6/Data/white_balance_copy_layers.v10-argmented-10x.coco-segmentation/train/1-7-3-6_png.rf.241d23eaa6dfded3b77610a4afa67c09.jpg,303,391,1,png,largest_inner_median,largest_inner_median,1.7,3.6,6.12,5.3,832,6.725033642166843,22.0,61.0,0.36065573770491804,16670,18524.0,0.0,1.0,-0.028336570616277125,-0.029597115325355076,-0.026914178723071634,-0.026914178723071634,-0.028336570616277125,-0.028336570616277125,-3.4517173767089844,3.4517173767089844,-3.5166778564453125,-3.670226573944092,-3.343414306640625,-3.343414306640625,-3.5166778564453125,-3.5166778564453125,-3.5166778564453125,519.0,519.0,121.8114013671875,-4.191587829589843,-1.9195396423339846,2.2720481872558587,0.01865218002383054,0.5720594525337219,1.6988590955734253,-0.009578770957887173,-0.0006818177062086761,122.3177719116211,1.1790928765105173,1,0.0
train,2-0-3-3_png.rf.b2319814e514869407492509edc68fb2.jpg,/mnt/tf_data/TechFin/home/group_6/Data/white_balance_copy_layers.v10-argmented-10x.coco-segmentation/train/2-0-3-3_png.rf.b2319814e514869407492509edc68fb2.jpg,304,392,4,png,largest_inner_median,largest_inner_median,2.0,3.3,6.6,5.3,4185,8.339500903005945,122.0,70.0,1.7428571428571429,96057,107343.0,2.0,1.0,-0.17441591719801638,-0.17946184825541098,-0.17283758870143898,-0.17283758870143898,-0.17441591719801638,-0.17441591719801638,-16.886859893798828,16.886859893798828,-16.866901397705078,-17.355445861816406,-16.714088439941406,-16.714088439941406,-16.866901397705078,-16.866901397705078,-16.866901397705078,3442.0,3442.0,96.81948852539062,-17.47877197265625,-13.144248962402347,4.334523010253903,0.044769117005996034,1.0669224262237549,6.631685733795166,-0.005489699076861143,0.006296943873167038,97.24639892578125,2.7387851374442898,3,1.0
train,1-4-4-2_png.rf.6d39dc2737900a7d08361a4ebb098bca.jpg,/mnt/tf_data/TechFin/home/group_6/Data/white_balance_copy_layers.v10-argmented-10x.coco-segmentation/train/1-4-4-2_png.rf.6d39dc2737900a7d08361a4ebb098bca.jpg,305,393,1,png,largest_inner_median,largest_inner_median,1.4,4.2,5.88,5.6,804,6.690842277418564,24.0,55.0,0.43636363636363634,16309,18100.0,0.0,1.0,-0.04536445018531061,-0.0463461225798686,-0.04310350506228221,-0.04310350506228221,-0.04536445018531061,-0.04536445018531061,-5.779575347900391,5.779575347900391,-5.780941009521484,-5.906009197235107,-5.492889404296875,-5.492889404296875,-5.780941009521484,-5.780941009521484,-5.780941009521484,502.0,502.0,127.40318298339844,-6.858399200439453,-1.4931129455566394,5.365286254882814,0.042112654717441,0.5929001569747925,2.0005481243133545,0.008119554258883,-0.0009891455993056297,127.12354278564453,1.6892679273273854,2,1.0
train,1-7-3-9-3-10-4_png.rf.067196c777d1f5628e7bf2a85bb20b01.jpg,/mnt/tf_data/TechFin/home/group_6/Data/white_balance_copy_layers.v10-argmented-10x.coco-segmentation/train/1-7-3-9-3-10-4_png.rf.067196c777d1f5628e7bf2a85bb20b01.jpg,306,394,3,3-10-4_png,largest_inner_median,largest_inner_median,1.7,3.9,6.63,5.6,643,6.467698726104354,24.0,53.0,0.4528301886792453,17063,18959.0,0.0,1.0,-0.18257593538615938,-0.19122786049555293,-0.16766871361345873,-0.16766871361345873,-0.18257593538615938,-0.18257593538615938,-11.593536376953125,11.593536376953125,-11.5810546875,-12.130450248718262,-10.634449005126953,-10.634449005126953,-11.5810546875,-11.5810546875,-11.5810546875,359.0,359.0,63.49980545043945,-12.23553466796875,-3.7651847839355446,8.470349884033205,0.1333917454384041,0.4354349374771118,3.2083942890167236,0.00332675501704216,-0.0014513316564261913,63.49481201171875,3.1364250368113145,3,0.0
train,1-1-3-6-2-10-3_png.rf.da2446dcc37c2db62afd689f49beb7a3.jpg,/mnt/tf_data/TechFin/home/group_6/Data/white_balance_copy_layers.v10-argmented-10x.coco-segmentation/train/1-1-3-6-2-10-3_png.rf.da2446dcc37c2db62afd689f49beb7a3.jpg,308,396,2,2-10-3_png,largest_inner_median,largest_inner_median,1.1,3.6,3.9600000000000004,4.7,5829,8.670772279344538,113.0,90.0,1.2555555555555555,125240,139155.0,0.0,1.2956235443115234,-0.08118543368562489,-0.0848461518136597,-0.07935384129644242,-0.07935384129644242,-0.08118543368562489,-0.08118543368562489,-11.111530303955078,11.111530303955078,-11.09707260131836,-11.598100662231445,-10.846389770507812,-10.846389770507812,-11.09707260131836,-11.09707260131836,-11.09707260131836,5036.0,5036.0,136.86605834960938,-11.855982971191406,-9.167181396484375,2.68880157470703,0.01964549580173326,1.104472041130066,1.9612644910812378,0.0002283369831275195,-0.002155089285224676,137.1954803466797,2.4379316854301774,2,0.0
train,1-4-3-3_png.rf.d3ddba8b9676633a29bfbbafabc4678b.jpg,/mnt/tf_data/TechFin/home/group_6/Data/white_balance_copy_layers.v10-argmented-10x.coco-segmentation/train/1-4-3-3_png.rf.d3ddba8b9676633a29bfbbafabc4678b.jpg,309,397,1,png,largest_inner_median,largest_inner_median,1.4,3.3,4.619999999999999,4.699999999999999,836,6.729824070489475,24.0,60.0,0.4,17856,19842.0,0.0,1.0,-0.025811945009334546,-0.02879554565025057,-0.02373593312779464,-0.02373593312779464,-0.025811945009334546,-0.025811945009334546,-4.026123046875,4.026123046875,-4.044891357421875,-4.510270595550537,-3.7210769653320312,-3.7210769653320312,-4.044891357421875,-4.044891357421875,-4.044891357421875,526.0,526.0,155.97906494140625,-4.6576080322265625,-1.937957763671875,2.7196502685546875,0.01743599546244445,0.6759467124938965,1.2332839965820312,0.012029058299958706,-0.0021507430355995893,155.67115783691406,1.441142247787121,1,0.0
train,2-0-4-2_png.rf.b3517fea680bf59aa7b5b74ab014f53a.jpg,/mnt/tf_data/TechFin/home/group_6/Data/white_balance_copy_layers.v10-argmented-10x.coco-segmentation/train/2-0-4-2_png.rf.b3517fea680bf59aa7b5b74ab014f53a.jpg,310,398,1,png,largest_inner_median,largest_inner_median,2.0,4.2,8.4,6.2,804,6.690842277418564,21.0,59.0,0.3559322033898305,14862,16514.0,0.0,1.0,-0.03505811950984606,-0.03712373950500396,-0.03243237641561526,-0.03243237641561526,-0.03505811950984606,-0.03505811950984606,-3.277873992919922,3.277873992919922,-3.2759017944335938,-3.469033718109131,-3.0303993225097656,-3.0303993225097656,-3.2759017944335938,-3.2759017944335938,-3.2759017944335938,509.0,509.0,93.49828338623047,-4.371815490722656,-1.7291732788085934,2.6426422119140627,0.028264071982986222,0.606709897518158,1.1113066673278809,-0.009669861756265163,-0.0005548683693632483,93.97872924804688,0.9703034038044573,1,0.0
train,2-0-4-2_png.rf.39bcdd222c4552a9c7fbf83e56ff5796.jpg,/mnt/tf_data/TechFin/home/group_6/Data/white_balance_copy_layers.v10-argmented-10x.coco-segmentation/train/2-0-4-2_png.rf.39bcdd222c4552a9c7fbf83e56ff5796.jpg,311,399,8,png,largest_inner_median,largest_inner_median,2.0,4.2,8.4,6.2,1284,7.158513997329321,29.0,77.0,0.37662337662337664,18577,20643.0,0.0,1.0,-0.6367487960469808,-0.6389341276045437,-0.6353910313944623,-0.6353910313944623,-0.6367487960469808,-0.6367487960469808,-56.377685546875,56.377685546875,-56.3997802734375,-56.59326934814453,-56.279563903808594,-56.279563903808594,-56.3997802734375,-56.3997802734375,-56.3997802734375,883.0,883.0,88.5399169921875,-57.550893783569336,-49.78417816162109,7.766715621948244,0.08771993340171705,1.1005867719650269,6.246448516845703,0.005247004330158234,0.014982502907514572,85.94889831542969,8.605893147683155,9,1.0
train,1-7-3-9_png.rf.7b54ed15cbe01919e7ec809353f0bd53.jpg,/mnt/tf_data/TechFin/home/group_6/Data/white_balance_copy_layers.v10-argmented-10x.coco-segmentation/train/1-7-3-9_png.rf.7b54ed15cbe01919e7ec809353f0bd53.jpg,312,400,1,png,largest_inner_median,largest_inner_median,1.7,3.9,6.63,5.6,993,6.901737206656574,69.0,26.0,2.6538461538461537,22734,25262.0,0.0,1.0,-0.02388280719925082,-0.023052712961729126,-0.022457532886550228,-0.022457532886550228,-0.02388280719925082,-0.02388280719925082,-2.861957550048828,2.861957550048828,-2.9021644592285156,-2.8026914596557617,-2.7313690185546875,-2.7313690185546875,-2.9021644592285156,-2.9021644592285156,-2.9021644592285156,644.0,644.0,119.83338165283203,-4.010426330566406,-1.0840332031249997,2.9263931274414063,0.0244205169467672,0.5328338146209717,1.6295983791351318,0.0005742520443163812,-0.008826456032693386,120.2164077758789,1.1225736190335247,1,0.0
train,1-7-4-2_png.rf.8f22f82824c7c5b92d89577faa91c411.jpg,/mnt/tf_data/TechFin/home/group_6/Data/white_balance_copy_layers.v10-argmented-10x.coco-segmentation/train/1-7-4-2_png.rf.8f22f82824c7c5b92d89577faa91c411.jpg,313,401,1,png,largest_inner_median,largest_inner_median,1.7,4.2,7.14,5.9,860,6.7580945044277305,60.0,22.0,2.727272727272727,16272,18082.0,0.0,1.0,-0.02572673975686386,-0.02472030437726396,-0.024390188079808334,-0.024390188079808334,-0.02572673975686386,-0.02572673975686386,-3.0015716552734375,3.0015716552734375,-3.0140609741210938,-2.896638870239258,-2.858123779296875,-2.858123779296875,-3.0140609741210938,-3.0140609741210938,-3.0140609741210938,554.0,554.0,116.67127990722656,-4.443829345703125,-1.6248046874999993,2.8190246582031255,0.02416211307911191,0.5358796715736389,1.7739890813827515,-0.00014593073865398765,-0.008806021884083748,117.08455657958984,1.145973537088338,1,0.0
train,1-4-4-5_png.rf.10f1e5449ac929da323ea071b7643aec.jpg,/mnt/tf_data/TechFin/home/group_6/Data/white_balance_copy_layers.v10-argmented-10x.coco-segmentation/train/1-4-4-5_png.rf.10f1e5449ac929da323ea071b7643aec.jpg,315,403,1,png,largest_inner_median,largest_inner_median,1.4,4.5,6.3,5.9,2517,7.831220214604293,88.0,38.0,2.3157894736842106,41908,46587.0,1.0,1.0,-0.051282751128424654,-0.0520163617009703,-0.04963870357047278,-0.04963870357047278,-0.051282751128424654,-0.051282751128424654,-6.106658935546875,6.106658935546875,-6.146675109863281,-6.234032154083252,-5.950904846191406,-5.950904846191406,-6.146675109863281,-6.146675109863281,-6.146675109863281,2027.0,2027.0,119.0782241821289,-6.8598876953125,-3.173284912109375,3.6866027832031247,0.030959504212663636,0.8386687636375427,1.4378507137298584,0.0032711864914745092,-0.005171784199774265,118.8952407836914,1.7643724947481507,2,1.0
train,1-4-3-9_png.rf.2fca4a50bcd8e6d093fc7144e495b4cb.jpg,/mnt/tf_data/TechFin/home/group_6/Data/white_balance_copy_layers.v10-argmented-10x.coco-segmentation/train/1-4-3-9_png.rf.2fca4a50bcd8e6d093fc7144e495b4cb.jpg,316,404,1,png,largest_inner_median,largest_inner_median,1.4,3.9,5.46,5.3,885,6.786716950605081,26.0,59.0,0.4406779661016949,19404,21560.0,0.0,1.0,-0.03437431538261874,-0.035348183607465195,-0.033142678873230566,-0.033142678873230566,-0.03437431538261874,-0.03437431538261874,-4.663856506347656,4.663856506347656,-4.626213073730469,-4.758346080780029,-4.4591064453125,-4.4591064453125,-4.626213073730469,-4.626213073730469,-4.626213073730469,572.0,572.0,135.67852783203125,-5.917623901367188,-1.7609008789062492,4.156723022460938,0.030636557522255272,0.573088526725769,1.7397003173828125,0.008338462561368942,-8.606239134678617e-05,135.2565460205078,1.5498006497783385,2,1.0
train,0-8-3-6-3-10_png.rf.819a03ec4cb3c940283cc3e8350586d6.jpg,/mnt/tf_data/TechFin/home/group_6/Data/white_balance_copy_layers.v10-argmented-10x.coco-segmentation/train/0-8-3-6-3-10_png.rf.819a03ec4cb3c940283cc3e8350586d6.jpg,317,405,3,3-10_png,largest_inner_median,largest_inner_median,0.8,3.6,2.8800000000000003,4.4,1165,7.061334366910438,43.0,42.0,1.0238095238095237,22218,24799.0,2.0,1.0,-0.11112395384048218,-0.11279568314749236,-0.10930658897582539,-0.10930658897582539,-0.11112395384048218,-0.11112395384048218,-17.068458557128906,17.068458557128906,-17.000015258789062,-17.256790161132812,-16.720870971679688,-16.720870971679688,-17.000015258789062,-17.000015258789062,-17.000015258789062,839.0,839.0,153.59837341308594,-17.44727478027344,-10.187402343749993,7.259872436523446,0.04726529503667866,0.9602130055427551,3.451773166656494,-0.0004141894169151783,-0.00924082100391388,154.4060821533203,3.1119456632707654,3,0.0
train,1-4-4-2-3-10-4_png.rf.a8eba03b7305072418f326b34838a27a.jpg,/mnt/tf_data/TechFin/home/group_6/Data/white_balance_copy_layers.v10-argmented-10x.coco-segmentation/train/1-4-4-2-3-10-4_png.rf.a8eba03b7305072418f326b34838a27a.jpg,318,406,3,3-10-4_png,largest_inner_median,largest_inner_median,1.4,4.2,5.88,5.6,629,6.4457198193855785,53.0,22.0,2.409090909090909,15611,17331.0,0.0,1.0,-0.16829950506565283,-0.1713584410807248,-0.1524398658898796,-0.1524398658898796,-0.16829950506565283,-0.16829950506565283,-14.765632629394531,14.765632629394531,-14.712989807128906,-14.981363296508789,-13.321556091308594,-13.321556091308594,-14.712989807128906,-14.712989807128906,-14.712989807128906,356.0,356.0,87.73426055908203,-15.355339050292969,-4.344828796386718,11.01051025390625,0.1254984105837599,0.5022468566894531,4.380203723907471,-0.00358074763789773,-0.003035841742530465,88.25564575195312,3.24934136840151,3,0.0
train,1-4-4-2_png.rf.8647c893da7c95b305a5f9769a573c5b.jpg,/mnt/tf_data/TechFin/home/group_6/Data/white_balance_copy_layers.v10-argmented-10x.coco-segmentation/train/1-4-4-2_png.rf.8647c893da7c95b305a5f9769a573c5b.jpg,319,409,7,png,largest_inner_median,largest_inner_median,1.4,4.2,5.88,5.6,424,6.052089168924417,40.0,16.0,2.5,7936,8818.0,0.0,1.0,-0.40276199260213186,-0.4063483330431512,-0.3984594817736001,-0.3984594817736001,-0.40276199260213186,-0.40276199260213186,-48.428466796875,48.428466796875,-48.35877227783203,-48.78999710083008,-47.841434478759766,-47.841434478759766,-48.35877227783203,-48.35877227783203,-48.35877227783203,219.0,219.0,120.24090576171875,-49.624691009521484,-21.969596099853515,27.65509490966797,0.2299973934367397,0.6503448486328125,12.703214645385742,-0.003772816387936473,0.004613266792148352,120.4039077758789,6.224722963910304,6,1.0
train,2-0-3-6_png.rf.d8531249191255677383339815dd172c.jpg,/mnt/tf_data/TechFin/home/group_6/Data/white_balance_copy_layers.v10-argmented-10x.coco-segmentation/train/2-0-3-6_png.rf.d8531249191255677383339815dd172c.jpg,320,410,8,png,largest_inner_median,largest_inner_median,2.0,3.6,7.2,5.6,1377,7.228388451573604,44.0,45.0,0.9777777777777777,25401,28225.0,0.0,1.0,-0.49124300302523183,-0.4968852209614117,-0.4843909497461452,-0.4843909497461452,-0.49124300302523183,-0.49124300302523183,-55.33067321777344,55.33067321777344,-55.362098693847656,-55.99760437011719,-54.59032440185547,-54.59032440185547,-55.362098693847656,-55.362098693847656,-55.362098693847656,1039.0,1039.0,112.63401794433594,-57.722679901123044,-29.331532287597625,28.39114761352542,0.2520654783669034,0.7608234286308289,12.705998420715332,0.003226621774956584,0.00375070096924901,112.01339721679688,6.759391973249161,7,1.0
train,1-1-4-2_png.rf.7474bbbfbb68b72d3b6f2b3bf467882a.jpg,/mnt/tf_data/TechFin/home/group_6/Data/white_balance_copy_layers.v10-argmented-10x.coco-segmentation/train/1-1-4-2_png.rf.7474bbbfbb68b72d3b6f2b3bf467882a.jpg,321,411,1,png,largest_inner_median,largest_inner_median,1.1,4.2,4.620000000000001,5.300000000000001,1605,7.381501894506707,121.0,44.0,2.75,47500,52778.0,0.0,1.2033456298828125,-0.0568998522776943,-0.03474683376705972,-0.040551807251371814,-0.040551807251371814,-0.0568998522776943,-0.0568998522776943,-7.639442443847656,7.639442443847656,-7.702827453613281,-4.728536605834961,-5.5079193115234375,-5.5079193115234375,-7.702827453613281,-7.702827453613281,-7.702827453613281,966.0,966.0,134.26119995117188,-11.946731567382812,-0.7683074951171873,11.178424072265624,0.08325878270364777,1.1038562059402466,4.019923210144043,0.0015473768580704927,0.0032747064251452684,133.5674285888672,2.129742206095472,2,1.0
train,1-4-4-8_png.rf.53dc15e0011849903d580c50f0642519.jpg,/mnt/tf_data/TechFin/home/group_6/Data/white_balance_copy_layers.v10-argmented-10x.coco-segmentation/train/1-4-4-8_png.rf.53dc15e0011849903d580c50f0642519.jpg,322,412,1,png,largest_inner_median,largest_inner_median,1.4,4.8,6.72,6.199999999999999,873,6.773080375655535,60.0,27.0,2.2222222222222223,20585,22873.0,0.0,1.0,-0.06346074273529383,-0.06519752667112587,-0.06138791311253821,-0.06138791311253821,-0.06346074273529383,-0.06346074273529383,-7.124824523925781,7.124824523925781,-7.144004821777344,-7.338995933532715,-6.911285400390625,-6.911285400390625,-7.144004821777344,-7.144004821777344,-7.144004821777344,555.0,555.0,112.27136993408203,-7.877688598632813,-1.1547973632812498,6.722891235351563,0.05988072684335088,0.4756743013858795,2.6455790996551514,0.0003976726729888469,0.007597470656037331,111.82177734375,1.9189139417747314,2,1.0
train,1-4-3-3_png.rf.9d2dfb86f5dc9b426799c3fafbc6c516.jpg,/mnt/tf_data/TechFin/home/group_6/Data/white_balance_copy_layers.v10-argmented-10x.coco-segmentation/train/1-4-3-3_png.rf.9d2dfb86f5dc9b426799c3fafbc6c516.jpg,323,413,8,png,largest_inner_median,largest_inner_median,1.4,3.3,4.619999999999999,4.699999999999999,1242,7.1252830915107115,27.0,76.0,0.35526315789473684,14846,16496.0,0.0,1.0,-0.49426099051227984,-0.494588392852312,-0.49289979606984385,-0.49289979606984385,-0.49426099051227984,-0.49426099051227984,-61.33159255981445,61.33159255981445,-61.3280029296875,-61.368629455566406,-61.159095764160156,-61.159095764160156,-61.3280029296875,-61.3280029296875,-61.3280029296875,852.0,852.0,124.08746337890625,-62.699419021606445,-50.546862792968746,12.1525562286377,0.09793540699215812,0.9838523268699646,8.15675163269043,0.005333822686225176,0.01494385115802288,121.52210998535156,7.385865785731619,7,1.0
train,1-1-3-9_png.rf.22c57f2a0bd797cbc3862257007162ae.jpg,/mnt/tf_data/TechFin/home/group_6/Data/white_balance_copy_layers.v10-argmented-10x.coco-segmentation/train/1-1-3-9_png.rf.22c57f2a0bd797cbc3862257007162ae.jpg,324,414,1,png,largest_inner_median,largest_inner_median,1.1,3.9,4.29,5.0,1568,7.358193752733032,42.0,121.0,0.34710743801652894,45518,50576.0,0.0,1.2316352920532225,-0.049330261668699575,-0.026140850771605623,-0.03543932014048299,-0.03543932014048299,-0.049330261668699575,-0.049330261668699575,-7.1202545166015625,7.1202545166015625,-7.227508544921875,-3.8803844451904297,-5.222511291503906,-5.222511291503906,-7.227508544921875,-7.227508544921875,-7.227508544921875,937.0,937.0,144.33847045898438,-10.279185485839843,-1.1295242309570312,9.149661254882812,0.06339031601060789,1.0950794219970703,3.360935688018799,0.002318872371688485,-0.0013165107229724526,144.4335479736328,2.0336824021576034,2,1.0
train,0-8-3-9-12-10-5_png.rf.72867d5c6287f4e5baa65963319d0008.jpg,/mnt/tf_data/TechFin/home/group_6/Data/white_balance_copy_layers.v10-argmented-10x.coco-segmentation/train/0-8-3-9-12-10-5_png.rf.72867d5c6287f4e5baa65963319d0008.jpg,326,416,9,12-10-5_png,largest_inner_median,largest_inner_median,0.8,3.9,3.12,4.7,684,6.529418838262226,48.0,26.0,1.8461538461538463,12650,14067.0,1.0,1.0,-0.5183025191524168,-0.5222165392128527,-0.4895628773616559,-0.4895628773616559,-0.5183025191524168,-0.5183025191524168,-74.83898162841797,74.83898162841797,-74.74848175048828,-75.31363677978516,-70.59869384765625,-70.59869384765625,-74.74848175048828,-74.74848175048828,-74.74848175048828,409.0,409.0,144.39247131347656,-76.50724487304687,-35.02121047973632,41.486034393310554,0.2873143870724688,0.7811935544013977,17.023866653442383,-0.007373514119535685,-0.009051271714270115,145.59027099609375,8.279133054500297,8,1.0
train,2-0-3-6_png.rf.4448c6aed18bb1e5120916653869b729.jpg,/mnt/tf_data/TechFin/home/group_6/Data/white_balance_copy_layers.v10-argmented-10x.coco-segmentation/train/2-0-3-6_png.rf.4448c6aed18bb1e5120916653869b729.jpg,327,417,7,png,largest_inner_median,largest_inner_median,2.0,3.6,7.2,5.6,335,5.817111159963204,40.0,17.0,2.3529411764705883,6860,7624.0,0.0,1.0,-0.4835037190200379,-0.501862380453489,-0.3619116158476903,-0.3619116158476903,-0.4835037190200379,-0.4835037190200379,-52.04718780517578,52.04718780517578,-52.048072814941406,-54.02430725097656,-38.95918273925781,-38.95918273925781,-52.048072814941406,-52.048072814941406,-52.048072814941406,128.0,128.0,107.64588928222656,-53.679473114013675,-6.417344665527338,47.26212844848634,0.4390518649957384,0.7261695265769958,17.99715805053711,-0.007802607957273722,-0.0018561959732323885,108.33283233642578,6.661178722023262,7,0.0
train,1-7-3-6-3-10-4_png.rf.7706566b09988ab96aa292145be3ff1e.jpg,/mnt/tf_data/TechFin/home/group_6/Data/white_balance_copy_layers.v10-argmented-10x.coco-segmentation/train/1-7-3-6-3-10-4_png.rf.7706566b09988ab96aa292145be3ff1e.jpg,328,420,3,3-10-4_png,largest_inner_median,largest_inner_median,1.7,3.6,6.12,5.3,621,6.432940092739179,23.0,52.0,0.4423076923076923,16353,17751.0,0.0,1.0,-0.22461080972163502,-0.2286082947465026,-0.19643242105136108,-0.19643242105136108,-0.22461080972163502,-0.22461080972163502,-15.33369255065918,15.33369255065918,-15.287199020385742,-15.560098648071289,-13.363521575927734,-13.363521575927734,-15.287199020385742,-15.287199020385742,-15.287199020385742,346.0,346.0,68.26782989501953,-15.981056213378906,-5.190608978271484,10.790447235107422,0.15806049865215704,0.5887989401817322,4.328507423400879,0.0005128976190462708,-0.006104521453380585,68.89541625976562,3.669857027495283,4,1.0
train,2-0-3-3_png.rf.07cd7a8669c3aabc0e737cc9bc13c572.jpg,/mnt/tf_data/TechFin/home/group_6/Data/white_balance_copy_layers.v10-argmented-10x.coco-segmentation/train/2-0-3-3_png.rf.07cd7a8669c3aabc0e737cc9bc13c572.jpg,330,422,8,png,largest_inner_median,largest_inner_median,2.0,3.3,6.6,5.3,1406,7.249215057114389,44.0,45.0,0.9777777777777777,25470,28300.0,0.0,1.0,-0.483212910018892,-0.4860241860775745,-0.4741006281924259,-0.4741006281924259,-0.483212910018892,-0.483212910018892,-55.642723083496094,55.642723083496094,-55.7218017578125,-56.04552459716797,-54.672508239746094,-54.672508239746094,-55.7218017578125,-55.7218017578125,-55.7218017578125,1067.0,1067.0,115.15156555175781,-58.571136474609375,-25.661827087402344,32.90930938720703,0.28579124590724825,0.7143946886062622,14.286992073059082,0.005299649201333523,0.0005083450814709067,114.6449966430664,6.657488290522218,7,1.0
train,0-8-4-2-3-10_png.rf.17da69abcee39f8615f2db33c4780c69.jpg,/mnt/tf_data/TechFin/home/group_6/Data/white_balance_copy_layers.v10-argmented-10x.coco-segmentation/train/0-8-4-2-3-10_png.rf.17da69abcee39f8615f2db33c4780c69.jpg,331,423,3,3-10_png,largest_inner_median,largest_inner_median,0.8,4.2,3.3600000000000003,5.0,1067,6.97354301952014,43.0,40.0,1.075,22592,25104.0,0.0,1.0,-0.16554601078536013,-0.172172672209725,-0.16299865320740936,-0.16299865320740936,-0.16554601078536013,-0.16554601078536013,-22.92346954345703,22.92346954345703,-22.874786376953125,-23.79239273071289,-22.522048950195312,-22.522048950195312,-22.874786376953125,-22.874786376953125,-22.874786376953125,754.0,754.0,138.47189331054688,-23.796829223632812,-13.986924743652345,9.809904479980467,0.07084401206228964,0.7982640266418457,4.2089080810546875,0.005575365852564573,-0.0005007468862459064,138.0386199951172,3.8025737817595617,4,1.0
train,1-1-4-5-7-10-2_png.rf.90847b1ba356908483612c376941bf56.jpg,/mnt/tf_data/TechFin/home/group_6/Data/white_balance_copy_layers.v10-argmented-10x.coco-segmentation/train/1-1-4-5-7-10-2_png.rf.90847b1ba356908483612c376941bf56.jpg,332,424,7,7-10-2_png,largest_inner_median,largest_inner_median,1.1,4.5,4.95,5.6,548,6.3080984415095305,24.0,42.0,0.5714285714285714,13431,14925.0,0.0,1.0,-0.4889990811417244,-0.48871939984868357,-0.4749560160465322,-0.4749560160465322,-0.4889990811417244,-0.4889990811417244,-56.37209701538086,56.37209701538086,-56.38481521606445,-56.35257339477539,-54.76592254638672,-54.76592254638672,-56.38481521606445,-56.38481521606445,-56.38481521606445,305.0,305.0,115.28057861328125,-57.70716247558594,-24.04091567993164,33.6662467956543,0.29203745505642076,0.5783885717391968,14.21041202545166,0.00271758739836514,0.001762035652063787,114.9978256225586,7.613178411623008,8,1.0
train,1-4-4-5-2-10-3_png.rf.cd52b5212a8472ca087ea9788c4c48f6.jpg,/mnt/tf_data/TechFin/home/group_6/Data/white_balance_copy_layers.v10-argmented-10x.coco-segmentation/train/1-4-4-5-2-10-3_png.rf.cd52b5212a8472ca087ea9788c4c48f6.jpg,333,425,2,2-10-3_png,largest_inner_median,largest_inner_median,1.4,4.5,6.3,5.9,5661,8.641532465671846,88.0,114.0,0.7719298245614035,127558,141729.0,0.0,1.101798072052002,-0.10430495395600167,-0.10696370943260997,-0.10337618700882166,-0.10337618700882166,-0.10430495395600167,-0.10430495395600167,-9.817413330078125,9.817413330078125,-9.826629638671875,-10.07687759399414,-9.739212036132812,-9.739212036132812,-9.826629638671875,-9.826629638671875,-9.826629638671875,4863.0,4863.0,94.1222152709961,-10.396171569824219,-8.580482482910156,1.8156890869140625,0.019290760227926446,0.9155711531639099,1.5167171955108643,-0.001860051299445331,0.0005497255478985608,94.32302856445312,2.437236150269854,2,0.0
train,2-0-3-3_png.rf.fbd3061a5b274ecf9b1b840582cf1363.jpg,/mnt/tf_data/TechFin/home/group_6/Data/white_balance_copy_layers.v10-argmented-10x.coco-segmentation/train/2-0-3-3_png.rf.fbd3061a5b274ecf9b1b840582cf1363.jpg,334,426,4,png,largest_inner_median,largest_inner_median,2.0,3.3,6.6,5.3,2050,7.62608275807238,137.0,43.0,3.186046511627907,71480,79469.0,2.0,1.0,-0.1952850300987341,-0.1887307812731737,-0.19044826759095995,-0.19044826759095995,-0.1952850300987341,-0.1952850300987341,-19.52899169921875,19.52899169921875,-19.537872314453125,-18.882431030273438,-19.054183959960938,-19.054183959960938,-19.537872314453125,-19.537872314453125,-19.537872314453125,1349.0,1349.0,100.00250244140625,-22.078347778320314,-11.597853088378903,10.48049468994141,0.10480232428265655,0.9233003258705139,5.157007694244385,0.00343321287073195,0.0024839250836521387,98.78456115722656,3.0036188645441517,3,1.0
train,2-0-3-9_png.rf.0e69e995ae352c274b0301adf6cf66cf.jpg,/mnt/tf_data/TechFin/home/group_6/Data/white_balance_copy_layers.v10-argmented-10x.coco-segmentation/train/2-0-3-9_png.rf.0e69e995ae352c274b0301adf6cf66cf.jpg,335,427,8,png,largest_inner_median,largest_inner_median,2.0,3.9,7.8,5.9,1370,7.223295679562314,44.0,45.0,0.9777777777777777,25583,28427.0,0.0,1.0,-0.4984588857555084,-0.5010256101802221,-0.4922304946364373,-0.4922304946364373,-0.4984588857555084,-0.4984588857555084,-54.247711181640625,54.247711181640625,-54.22369384765625,-54.50303268432617,-53.54585266113281,-53.54585266113281,-54.22369384765625,-54.22369384765625,-54.22369384765625,1032.0,1032.0,108.83086395263672,-56.07265434265137,-27.68796157836914,28.384692764282228,0.260814733370446,0.7080817818641663,12.500393867492676,-0.0030960117001086473,-0.002211532322689891,109.30677032470703,6.850963144810985,7,1.0
train,2-1-4-2-1_png.rf.fb8ff0bc3dc06ca3ae11f335b6ddd7ad.jpg,/mnt/tf_data/TechFin/home/group_6/Data/white_balance_copy_layers.v10-argmented-10x.coco-segmentation/train/2-1-4-2-1_png.rf.fb8ff0bc3dc06ca3ae11f335b6ddd7ad.jpg,336,428,1,1_png,largest_inner_median,largest_inner_median,2.1,4.2,8.82,6.300000000000001,2626,7.87359778968554,43.0,90.0,0.4777777777777778,44758,49739.0,2.0,1.0179810401916503,-0.022920537063683005,-0.02465111526053251,-0.0213613106058896,-0.0213613106058896,-0.022920537063683005,-0.022920537063683005,-1.9987106323242188,1.9987106323242188,-2.0708999633789062,-2.2218093872070312,-1.9349327087402344,-1.9349327087402344,-2.0708999633789062,-2.0708999633789062,-2.0708999633789062,2059.0,2059.0,87.20173645019531,-2.3514060974121094,-0.040119171142578125,2.3112869262695312,0.0265050562105447,0.9531965255737305,1.1212427616119385,0.005052783992141485,0.0006633915472775698,86.65437316894531,0.718245612457916,1,0.0
train,1-7-3-6_png.rf.876c0ba0153fc1f3a30790c6b37623df.jpg,/mnt/tf_data/TechFin/home/group_6/Data/white_balance_copy_layers.v10-argmented-10x.coco-segmentation/train/1-7-3-6_png.rf.876c0ba0153fc1f3a30790c6b37623df.jpg,337,429,1,png,largest_inner_median,largest_inner_median,1.7,3.6,6.12,5.3,838,6.732210706467206,61.0,22.0,2.772727272727273,16606,18452.0,0.0,1.0,-0.029395206973424244,-0.02960497532558898,-0.028348733596533733,-0.028348733596533733,-0.029395206973424244,-0.029395206973424244,-3.5805511474609375,3.5805511474609375,-3.64190673828125,-3.6674580574035645,-3.5144386291503906,-3.5144386291503906,-3.64190673828125,-3.64190673828125,-3.64190673828125,524.0,524.0,121.80731201171875,-4.400282287597657,-2.1989486694335936,2.201333618164063,0.018072261687806384,0.5683597922325134,1.236171007156372,0.0010428493842482567,-0.010162429884076118,122.12813568115234,1.1925272095097437,1,0.0
train,1-4-3-3_png.rf.967205253ba749cf469182a0ac2585a7.jpg,/mnt/tf_data/TechFin/home/group_6/Data/white_balance_copy_layers.v10-argmented-10x.coco-segmentation/train/1-4-3-3_png.rf.967205253ba749cf469182a0ac2585a7.jpg,338,430,2,png,largest_inner_median,largest_inner_median,1.4,3.3,4.619999999999999,4.699999999999999,507,6.230481447578482,25.0,46.0,0.5434782608695652,15229,16923.0,0.0,1.0,-0.09640278623677795,-0.10080024772921785,-0.08725888743709842,-0.08725888743709842,-0.09640278623677795,-0.09640278623677795,-14.208786010742188,14.208786010742188,-14.201400756835938,-14.849541664123535,-12.853683471679688,-12.853683471679688,-14.201400756835938,-14.201400756835938,-14.201400756835938,245.0,245.0,147.38978576660156,-15.114346313476563,-4.206597900390625,10.907748413085939,0.07400613520368945,0.5397137403488159,3.9537365436553955,-0.0006751524633727968,0.004288217984139919,147.03375244140625,2.3369558681511893,2,0.0
train,1-4-3-9_png.rf.4b5c9643f7cc71fbc36a08c42d0cd0ba.jpg,/mnt/tf_data/TechFin/home/group_6/Data/white_balance_copy_layers.v10-argmented-10x.coco-segmentation/train/1-4-3-9_png.rf.4b5c9643f7cc71fbc36a08c42d0cd0ba.jpg,339,431,2,png,largest_inner_median,largest_inner_median,1.4,3.9,5.46,5.3,502,6.220590170099739,23.0,46.0,0.5,14250,15834.0,0.0,1.0,-0.1264970546633684,-0.13007566770766843,-0.11239409058162456,-0.11239409058162456,-0.1264970546633684,-0.1264970546633684,-15.53823471069336,15.53823471069336,-15.549362182617188,-15.988940238952637,-13.817028045654297,-13.817028045654297,-15.549362182617188,-15.549362182617188,-15.549362182617188,250.0,250.0,122.83475494384766,-16.276910400390626,-3.053005981445311,13.223904418945315,0.10765604917753493,0.4364522695541382,4.819999694824219,0.001337244058959186,-0.004657685291022062,123.21509552001953,2.718858889600824,3,1.0
train,1-7-4-5-6-10-6_png.rf.52351f6d5acd36ea509dc3f114a25c2a.jpg,/mnt/tf_data/TechFin/home/group_6/Data/white_balance_copy_layers.v10-argmented-10x.coco-segmentation/train/1-7-4-5-6-10-6_png.rf.52351f6d5acd36ea509dc3f114a25c2a.jpg,340,432,6,6-10-6_png,largest_inner_median,largest_inner_median,1.7,4.5,7.6499999999999995,6.2,1821,7.507690077819904,38.0,124.0,0.3064516129032258,56749,63071.0,1.0,1.0,-0.395574602500872,-0.40544070440289576,-0.3898265490468927,-0.3898265490468927,-0.395574602500872,-0.395574602500872,-24.772476196289062,24.772476196289062,-24.781597137451172,-25.399452209472656,-24.421630859375,-24.421630859375,-24.781597137451172,-24.781597137451172,-24.781597137451172,1127.0,1127.0,62.62403106689453,-25.373004913330078,-18.563098907470703,6.809906005859375,0.10874269653106622,0.9366222620010376,4.874542236328125,-0.0010026845848187804,0.004140153992921114,61.66619873046875,5.839425933286993,6,0.0
train,2-0-3-6_png.rf.00a8eb3e3bf6c482699159e6a9708a21.jpg,/mnt/tf_data/TechFin/home/group_6/Data/white_balance_copy_layers.v10-argmented-10x.coco-segmentation/train/2-0-3-6_png.rf.00a8eb3e3bf6c482699159e6a9708a21.jpg,341,433,1,png,largest_inner_median,largest_inner_median,2.0,3.6,7.2,5.6,1607,7.382746449738912,121.0,44.0,2.75,57376,63822.0,2.0,1.0,-0.08663051156147329,-0.05382952362426342,-0.06364618726327788,-0.06364618726327788,-0.08663051156147329,-0.08663051156147329,-8.477340698242188,8.477340698242188,-8.4898681640625,-5.28008508682251,-6.2407073974609375,-6.2407073974609375,-8.4898681640625,-8.4898681640625,-8.4898681640625,968.0,968.0,97.85629272460938,-12.34996337890625,-1.4071456909179683,10.942817687988281,0.11182538581125226,0.9052896499633789,3.848220109939575,0.0006692340248264372,-0.003266058163717389,97.97974395751953,1.6247686351472814,2,1.0
train,2-0-3-6_png.rf.9f3fbf501c120c870d137bd636dec7fc.jpg,/mnt/tf_data/TechFin/home/group_6/Data/white_balance_copy_layers.v10-argmented-10x.coco-segmentation/train/2-0-3-6_png.rf.9f3fbf501c120c870d137bd636dec7fc.jpg,342,434,1,png,largest_inner_median,largest_inner_median,2.0,3.6,7.2,5.6,1607,7.382746449738912,121.0,44.0,2.75,57376,63822.0,2.0,1.0,-0.08663051156147329,-0.05382952362426342,-0.06364618726327788,-0.06364618726327788,-0.08663051156147329,-0.08663051156147329,-8.477340698242188,8.477340698242188,-8.4898681640625,-5.28008508682251,-6.2407073974609375,-6.2407073974609375,-8.4898681640625,-8.4898681640625,-8.4898681640625,968.0,968.0,97.85629272460938,-12.34996337890625,-1.4071456909179683,10.942817687988281,0.11182538581125226,0.9052896499633789,3.848220109939575,0.0006692340248264372,-0.003266058163717389,97.97974395751953,1.6247686351472814,2,1.0
train,1-4-4-8_png.rf.71d250ebbcd09909ed20866f403a4a11.jpg,/mnt/tf_data/TechFin/home/group_6/Data/white_balance_copy_layers.v10-argmented-10x.coco-segmentation/train/1-4-4-8_png.rf.71d250ebbcd09909ed20866f403a4a11.jpg,343,435,8,png,largest_inner_median,largest_inner_median,1.4,4.8,6.72,6.199999999999999,1202,7.0925737159746784,76.0,26.0,2.923076923076923,23062,25701.0,2.0,1.0,-0.5662948595554812,-0.566514783373648,-0.563319106678075,-0.563319106678075,-0.5662948595554812,-0.5662948595554812,-62.118690490722656,62.118690490722656,-62.095985412597656,-62.12010955810547,-61.76956558227539,-61.76956558227539,-62.095985412597656,-62.095985412597656,-62.095985412597656,816.0,816.0,109.69319152832031,-63.082641220092775,-48.68785171508788,14.394789505004894,0.13122773897310194,1.4639949798583984,8.53391170501709,0.016246482729911804,-0.005127605050802231,107.48394012451172,8.299991752987193,8,0.0
train,1-4-3-3_png.rf.2cb76da7cd5a8b864cf831302f8bd491.jpg,/mnt/tf_data/TechFin/home/group_6/Data/white_balance_copy_layers.v10-argmented-10x.coco-segmentation/train/1-4-3-3_png.rf.2cb76da7cd5a8b864cf831302f8bd491.jpg,344,436,8,png,largest_inner_median,largest_inner_median,1.4,3.3,4.619999999999999,4.699999999999999,1391,7.238496840894365,43.0,46.0,0.9347826086956522,25949,28833.0,0.0,1.0,-0.41059708159265523,-0.4090138620196559,-0.4064059096582128,-0.4064059096582128,-0.41059708159265523,-0.41059708159265523,-63.37158966064453,63.37158966064453,-63.33954620361328,-63.095191955566406,-62.69268035888672,-62.69268035888672,-63.33954620361328,-63.33954620361328,-63.33954620361328,1053.0,1053.0,154.340087890625,-67.1969223022461,-34.65161895751953,32.54530334472656,0.210867466706318,0.6777428388595581,15.048768043518066,0.004907804075628519,0.0017268258379772305,153.75796508789062,6.32415200190492,6,2.0
train,1-4-3-9-3-10-2_png.rf.1553b8395bf81a3a0c9c755ec4e60bc2.jpg,/mnt/tf_data/TechFin/home/group_6/Data/white_balance_copy_layers.v10-argmented-10x.coco-segmentation/train/1-4-3-9-3-10-2_png.rf.1553b8395bf81a3a0c9c755ec4e60bc2.jpg,345,437,7,3-10-2_png,largest_inner_median,largest_inner_median,1.4,3.9,5.46,5.3,536,6.285998094508865,24.0,41.0,0.5853658536585366,13033,14483.0,0.0,1.0,-0.5514030090679191,-0.5599425950007985,-0.5380604270538828,-0.5380604270538828,-0.5514030090679191,-0.5514030090679191,-47.94242858886719,47.94242858886719,-47.92638397216797,-48.66886901855469,-46.76629638671875,-46.76629638671875,-47.92638397216797,-47.92638397216797,-47.92638397216797,298.0,298.0,86.94625854492188,-49.093021392822266,-21.934600830078125,27.15842056274414,0.3123587031489389,0.5835084319114685,11.367386817932129,-0.0024626264348626137,7.396385626634583e-05,87.06119537353516,8.111010827597724,8,1.0
train,1-7-3-3_png.rf.c871256c953dff467ff2725b3cf9de8d.jpg,/mnt/tf_data/TechFin/home/group_6/Data/white_balance_copy_layers.v10-argmented-10x.coco-segmentation/train/1-7-3-3_png.rf.c871256c953dff467ff2725b3cf9de8d.jpg,346,438,8,png,largest_inner_median,largest_inner_median,1.7,3.3,5.609999999999999,5.0,1397,7.242797922793756,44.0,46.0,0.9565217391304348,26266,29186.0,0.0,1.0,-0.4306388990345337,-0.4301810853758955,-0.4254574196848188,-0.4254574196848188,-0.4306388990345337,-0.4306388990345337,-61.29475402832031,61.29475402832031,-61.31141662597656,-61.246253967285156,-60.57391357421875,-60.57391357421875,-61.31141662597656,-61.31141662597656,-61.31141662597656,1055.0,1055.0,142.33445739746094,-64.65443115234375,-28.52550506591796,36.128926086425786,0.2538311997462273,0.6702931523323059,15.182632446289062,0.003803826170042157,0.0013672391651198268,141.87380981445312,6.28439972701375,6,2.0
train,1-4-4-5-2-10-3_png.rf.0ff624f45533d9aff30a3577b56cbc43.jpg,/mnt/tf_data/TechFin/home/group_6/Data/white_balance_copy_layers.v10-argmented-10x.coco-segmentation/train/1-4-4-5-2-10-3_png.rf.0ff624f45533d9aff30a3577b56cbc43.jpg,347,439,2,2-10-3_png,largest_inner_median,largest_inner_median,1.4,4.5,6.3,5.9,5663,8.641885635373555,88.0,114.0,0.7719298245614035,127496,141664.0,0.0,1.0720209686279296,-0.10316701786957004,-0.10816972432415829,-0.10215656493331197,-0.10215656493331197,-0.10316701786957004,-0.10316701786957004,-9.712066650390625,9.712066650390625,-9.736640930175781,-10.207592010498047,-9.641517639160156,-9.641517639160156,-9.736640930175781,-9.736640930175781,-9.736640930175781,4865.0,4865.0,94.1392593383789,-10.248597717285156,-8.344660949707029,1.9039367675781271,0.020224683951830563,0.9081556797027588,1.3893593549728394,0.0018506193300709128,-0.0005919710965827107,93.94667053222656,2.422795485905977,2,0.0
train,1-4-4-5_png.rf.4a715ac40048ec32dbc974692fad8fba.jpg,/mnt/tf_data/TechFin/home/group_6/Data/white_balance_copy_layers.v10-argmented-10x.coco-segmentation/train/1-4-4-5_png.rf.4a715ac40048ec32dbc974692fad8fba.jpg,348,442,7,png,largest_inner_median,largest_inner_median,1.4,4.5,6.3,5.9,381,5.945420608606575,43.0,16.0,2.6875,8485,9429.0,0.0,1.0,-0.41585575284837906,-0.41980471395785207,-0.40184000804205644,-0.40184000804205644,-0.41585575284837906,-0.41585575284837906,-49.10947036743164,49.10947036743164,-49.04826736450195,-49.514610290527344,-47.39311218261719,-47.39311218261719,-49.04826736450195,-49.04826736450195,-49.04826736450195,176.0,176.0,118.09255981445312,-50.212364196777344,-33.553924560546875,16.65843963623047,0.14106256704405584,0.7292486429214478,8.376290321350098,0.006328059826046228,-0.008159227669239044,117.81493377685547,6.3908857205287894,6,1.0
train,1-7-3-3_png.rf.f771a8eb3f5f875b6778636efd82b840.jpg,/mnt/tf_data/TechFin/home/group_6/Data/white_balance_copy_layers.v10-argmented-10x.coco-segmentation/train/1-7-3-3_png.rf.f771a8eb3f5f875b6778636efd82b840.jpg,349,443,2,png,largest_inner_median,largest_inner_median,1.7,3.3,5.609999999999999,5.0,535,6.284134161070802,25.0,46.0,0.5434782608695652,15690,17433.0,0.0,1.0,-0.1381768061654118,-0.13733948512813407,-0.12448207633852339,-0.12448207633852339,-0.1381768061654118,-0.1381768061654118,-20.149383544921875,20.149383544921875,-20.130943298339844,-20.00884246826172,-18.133934020996094,-18.133934020996094,-20.130943298339844,-20.130943298339844,-20.130943298339844,271.0,271.0,145.8231964111328,-20.84381561279297,-3.8186553955078106,17.02516021728516,0.1167520712499303,0.49253156781196594,6.318469524383545,0.002472023479640484,0.003957799635827541,145.33351135253906,2.572990120940282,3,1.0
train,1-7-4-5_png.rf.fafcd525747a481a3742902622b94bff.jpg,/mnt/tf_data/TechFin/home/group_6/Data/white_balance_copy_layers.v10-argmented-10x.coco-segmentation/train/1-7-4-5_png.rf.fafcd525747a481a3742902622b94bff.jpg,351,447,7,png,largest_inner_median,largest_inner_median,1.7,4.5,7.6499999999999995,6.2,437,6.082218910376446,16.0,45.0,0.35555555555555557,8572,9526.0,0.0,1.0,-0.418014120305493,-0.41450049393786287,-0.4142001992675626,-0.4142001992675626,-0.418014120305493,-0.418014120305493,-43.71812438964844,43.71812438964844,-43.732765197753906,-43.365291595458984,-43.333885192871094,-43.333885192871094,-43.732765197753906,-43.732765197753906,-43.732765197753906,222.0,222.0,104.58528137207031,-45.6854751586914,-25.59474334716797,20.090731811523433,0.19209903676645554,0.7655866146087646,9.216974258422852,0.006985147949308157,0.004876111168414354,103.9306869506836,6.124188451118649,6,1.0
train,2-0-3-3_png.rf.edb1804a9f9db8d516f9e4956b857297.jpg,/mnt/tf_data/TechFin/home/group_6/Data/white_balance_copy_layers.v10-argmented-10x.coco-segmentation/train/2-0-3-3_png.rf.edb1804a9f9db8d516f9e4956b857297.jpg,352,448,1,png,largest_inner_median,largest_inner_median,2.0,3.3,6.6,5.3,2495,7.822444729489319,87.0,38.0,2.289473684210526,37697,41888.0,1.0,1.0,-0.028472799783933606,-0.03126661032741384,-0.026034571218681763,-0.026034571218681763,-0.028472799783933606,-0.028472799783933606,-2.9180335998535156,2.9180335998535156,-2.952960968017578,-3.2392845153808594,-2.7030792236328125,-2.7030792236328125,-2.952960968017578,-2.952960968017578,-2.952960968017578,2012.0,2012.0,102.48495483398438,-3.770819091796875,-0.810577392578125,2.96024169921875,0.028884646570943535,0.7859744429588318,1.202255129814148,0.0033757274504750967,-0.004562398884445429,102.23976135253906,0.8867342183074707,1,0.0
train,1-7-4-2_png.rf.bea8d5bd51d4724a4b2059942ce364f9.jpg,/mnt/tf_data/TechFin/home/group_6/Data/white_balance_copy_layers.v10-argmented-10x.coco-segmentation/train/1-7-4-2_png.rf.bea8d5bd51d4724a4b2059942ce364f9.jpg,353,449,1,png,largest_inner_median,largest_inner_median,1.7,4.2,7.14,5.9,2369,7.7706452341291765,92.0,44.0,2.090909090909091,46923,52152.0,2.0,1.0,-0.017491604981286945,-0.021560794295857277,-0.016009818799729597,-0.016009818799729597,-0.017491604981286945,-0.017491604981286945,-2.0360870361328125,2.0360870361328125,-2.0914840698242188,-2.565152645111084,-1.9189987182617188,-1.9189987182617188,-2.0914840698242188,-2.0914840698242188,-2.0914840698242188,1771.0,1771.0,116.40367126464844,-3.2176498413085937,-0.44115753173828093,2.7764923095703127,0.023852274412014426,0.8680856823921204,1.2078633308410645,0.002243563998490572,-0.004769321531057358,116.41111755371094,1.041467828285032,1,0.0
train,1-4-3-9-12-10-5_png.rf.dc5755f99a8b2b3c87f59f2923c8ace3.jpg,/mnt/tf_data/TechFin/home/group_6/Data/white_balance_copy_layers.v10-argmented-10x.coco-segmentation/train/1-4-3-9-12-10-5_png.rf.dc5755f99a8b2b3c87f59f2923c8ace3.jpg,354,450,9,12-10-5_png,largest_inner_median,largest_inner_median,1.4,3.9,5.46,5.3,681,6.525029657843462,27.0,49.0,0.5510204081632653,14074,15586.0,0.0,1.0,-0.6426740168974482,-0.646665961629535,-0.6285218835303151,-0.6285218835303151,-0.6426740168974482,-0.6426740168974482,-56.053646087646484,56.053646087646484,-56.06581115722656,-56.41398620605469,-54.83147048950195,-54.83147048950195,-56.06581115722656,-56.06581115722656,-56.06581115722656,405.0,405.0,87.21940612792969,-56.80262756347656,-27.335983276367188,29.466644287109375,0.3378450461344459,0.821304202079773,13.138588905334473,0.006717351730912924,-0.0034385626204311848,87.20756530761719,9.269260404120143,9,0.0
train,2-0-4-8_png.rf.b4f50584e2bf22caaa12db28d44feb07.jpg,/mnt/tf_data/TechFin/home/group_6/Data/white_balance_copy_layers.v10-argmented-10x.coco-segmentation/train/2-0-4-8_png.rf.b4f50584e2bf22caaa12db28d44feb07.jpg,355,451,1,png,largest_inner_median,largest_inner_median,2.0,4.8,9.6,6.8,904,6.807934943699926,26.0,60.0,0.43333333333333335,19601,21779.0,0.0,1.0,-0.030732712476228646,-0.03173135310446484,-0.02838634199547571,-0.02838634199547571,-0.030732712476228646,-0.030732712476228646,-2.7894363403320312,2.7894363403320312,-2.7722320556640625,-2.862873077392578,-2.55926513671875,-2.55926513671875,-2.7722320556640625,-2.7722320556640625,-2.7722320556640625,587.0,587.0,90.764404296875,-3.458953857421875,-1.3368156433105463,2.1221382141113287,0.023380732023207843,0.7892979383468628,0.9777524471282959,-0.010324071161448956,0.0009335674112662673,91.21031951904297,0.9154130176444659,1,0.0
train,1-1-4-2-7-10-2_png.rf.d4d7a6491000963d6bb31868bed51ed8.jpg,/mnt/tf_data/TechFin/home/group_6/Data/white_balance_copy_layers.v10-argmented-10x.coco-segmentation/train/1-1-4-2-7-10-2_png.rf.d4d7a6491000963d6bb31868bed51ed8.jpg,356,452,7,7-10-2_png,largest_inner_median,largest_inner_median,1.1,4.2,4.620000000000001,5.300000000000001,537,6.2878585601617845,42.0,24.0,1.75,13367,14853.0,0.0,1.0,-0.4852987388281806,-0.48945838658523727,-0.475482828694706,-0.475482828694706,-0.4852987388281806,-0.4852987388281806,-58.476531982421875,58.476531982421875,-58.453330993652344,-58.954551696777344,-57.27055358886719,-57.27055358886719,-58.453330993652344,-58.453330993652344,-58.453330993652344,295.0,295.0,120.4959487915039,-59.57737426757812,-26.371405029296856,33.20596923828127,0.27557747435756613,0.5847600698471069,14.257328033447266,-0.000888258742634207,0.003020013915374875,120.42169189453125,7.566220237066032,8,1.0
train,2-0-3-3_png.rf.9c5531256b21e11e568924492afe1956.jpg,/mnt/tf_data/TechFin/home/group_6/Data/white_balance_copy_layers.v10-argmented-10x.coco-segmentation/train/2-0-3-3_png.rf.9c5531256b21e11e568924492afe1956.jpg,357,453,2,png,largest_inner_median,largest_inner_median,2.0,3.3,6.6,5.3,509,6.234410725718371,25.0,45.0,0.5555555555555556,15105,16785.0,0.0,1.0,-0.09702482014225627,-0.09752012222176946,-0.08856092299055096,-0.08856092299055096,-0.09702482014225627,-0.09702482014225627,-13.079696655273438,13.079696655273438,-13.02191162109375,-13.088682174682617,-11.880912780761719,-11.880912780761719,-13.02191162109375,-13.02191162109375,-13.02191162109375,251.0,251.0,134.8077392578125,-13.89031982421875,-2.1724365234375003,11.71788330078125,0.08692292716497109,0.5099979043006897,4.29823637008667,0.0019403223413974047,0.0021759653463959694,134.51365661621094,1.756674744198048,2,0.0
train,1-4-3-6_png.rf.26d8158b73e3764143e7be4897487e34.jpg,/mnt/tf_data/TechFin/home/group_6/Data/white_balance_copy_layers.v10-argmented-10x.coco-segmentation/train/1-4-3-6_png.rf.26d8158b73e3764143e7be4897487e34.jpg,360,456,2,png,largest_inner_median,largest_inner_median,1.4,3.6,5.04,5.0,488,6.192362489474872,25.0,45.0,0.5555555555555556,15045,16717.0,0.0,1.0,-0.11639506195267005,-0.11705378806543947,-0.1119015206306422,-0.1119015206306422,-0.11639506195267005,-0.11639506195267005,-15.642593383789062,15.642593383789062,-15.624969482421875,-15.713497161865234,-15.021072387695312,-15.021072387695312,-15.624969482421875,-15.624969482421875,-15.624969482421875,231.0,231.0,134.39224243164062,-16.04735412597656,-4.997602844238281,11.049751281738281,0.0822201570701434,0.4760730266571045,4.192203998565674,-0.0010236221132799983,0.007002715487033129,133.82273864746094,2.590662334556174,3,1.0
train,1-4-3-6_png.rf.8eeb200b212f133845c7b69bb4f17a01.jpg,/mnt/tf_data/TechFin/home/group_6/Data/white_balance_copy_layers.v10-argmented-10x.coco-segmentation/train/1-4-3-6_png.rf.8eeb200b212f133845c7b69bb4f17a01.jpg,361,457,8,png,largest_inner_median,largest_inner_median,1.4,3.6,5.04,5.0,1392,7.239214973779806,77.0,32.0,2.40625,21367,23741.0,0.0,1.0,-0.5139450566984152,-0.5225018544976676,-0.5122598848835055,-0.5122598848835055,-0.5139450566984152,-0.5139450566984152,-59.39786911010742,59.39786911010742,-59.4011344909668,-60.39006423950195,-59.20637512207031,-59.20637512207031,-59.4011344909668,-59.4011344909668,-59.4011344909668,979.0,979.0,115.5724105834961,-60.73154144287109,-32.30782699584959,28.423714447021503,0.2459385791428707,1.045312762260437,12.962028503417969,0.013216173276305199,-0.004689830355346203,113.84622192382812,7.6356610040216735,8,0.0
train,1-1-4-2_png.rf.5f6f515a67e808323d198d0f19387fcc.jpg,/mnt/tf_data/TechFin/home/group_6/Data/white_balance_copy_layers.v10-argmented-10x.coco-segmentation/train/1-1-4-2_png.rf.5f6f515a67e808323d198d0f19387fcc.jpg,363,461,7,png,largest_inner_median,largest_inner_median,1.1,4.2,4.620000000000001,5.300000000000001,457,6.126869184114185,45.0,18.0,2.5,9699,10777.0,0.0,1.0,-0.42987924171093717,-0.43820235957747133,-0.4134254895656579,-0.4134254895656579,-0.42987924171093717,-0.42987924171093717,-52.462928771972656,52.462928771972656,-52.471397399902344,-53.487159729003906,-50.46336364746094,-50.46336364746094,-52.471397399902344,-52.471397399902344,-52.471397399902344,235.0,235.0,122.04108428955078,-54.264959716796874,-21.732839965820286,32.53211975097659,0.2665669511243601,0.7810451984405518,14.12887191772461,-0.007637958042323589,-0.0018218806944787502,122.80789184570312,6.862934378899303,7,0.0
train,1-1-4-8_png.rf.8e80226fd0575fbb21f5d715ad260a61.jpg,/mnt/tf_data/TechFin/home/group_6/Data/white_balance_copy_layers.v10-argmented-10x.coco-segmentation/train/1-1-4-8_png.rf.8e80226fd0575fbb21f5d715ad260a61.jpg,364,462,1,png,largest_inner_median,largest_inner_median,1.1,4.8,5.28,5.9,1557,7.351158226430694,121.0,42.0,2.880952380952381,45744,50828.0,0.0,1.0564961540222166,-0.064464210691277,-0.04073591081599263,-0.049783747092884995,-0.049783747092884995,-0.064464210691277,-0.064464210691277,-7.434783935546875,7.434783935546875,-7.514041900634766,-4.777410507202148,-5.820915222167969,-5.820915222167969,-7.514041900634766,-7.514041900634766,-7.514041900634766,930.0,930.0,115.33196258544922,-11.709442138671875,-1.264274597167965,10.44516754150391,0.0905661128740882,0.9941759705543518,3.7558343410491943,-0.0007426976226270199,-0.002762882737442851,115.7259521484375,2.225735612299116,2,1.0
train,2-0-3-3_png.rf.26722d5835e99b30455184899a29ec5c.jpg,/mnt/tf_data/TechFin/home/group_6/Data/white_balance_copy_layers.v10-argmented-10x.coco-segmentation/train/2-0-3-3_png.rf.26722d5835e99b30455184899a29ec5c.jpg,365,463,4,png,largest_inner_median,largest_inner_median,2.0,3.3,6.6,5.3,2053,7.627544390488503,137.0,43.0,3.186046511627907,71680,79693.0,2.0,1.0,-0.19479957016877278,-0.19144020701365347,-0.1882550059291407,-0.1882550059291407,-0.19479957016877278,-0.19479957016877278,-19.47759246826172,19.47759246826172,-19.485469818115234,-19.149574279785156,-18.831092834472656,-18.831092834472656,-19.485469818115234,-19.485469818115234,-19.485469818115234,1352.0,1352.0,99.98786163330078,-22.229171752929688,-12.222161865234376,10.007009887695311,0.10008224722712236,0.8945767879486084,5.3872551918029785,-0.003310576779767871,-0.0024850594345480204,101.04741668701172,2.9974582690640785,3,1.0
train,1-7-4-8_png.rf.b2e1c7f461fc1efa28da6123b2e01521.jpg,/mnt/tf_data/TechFin/home/group_6/Data/white_balance_copy_layers.v10-argmented-10x.coco-segmentation/train/1-7-4-8_png.rf.b2e1c7f461fc1efa28da6123b2e01521.jpg,366,466,7,png,largest_inner_median,largest_inner_median,1.7,4.8,8.16,6.5,449,6.1092475827643655,44.0,18.0,2.4444444444444446,9515,10573.0,0.0,1.0,-0.43281356810507876,-0.43539729492957524,-0.425162703485553,-0.425162703485553,-0.43281356810507876,-0.43281356810507876,-44.50389862060547,44.50389862060547,-44.506080627441406,-44.771751403808594,-43.719383239746094,-43.719383239746094,-44.506080627441406,-44.506080627441406,-44.506080627441406,230.0,230.0,102.82463836669922,-45.4285888671875,-15.979438781738294,29.449150085449205,0.28640168886785605,0.6771237254142761,12.475708961486816,0.005074185784906149,-0.004676660988479853,102.56208801269531,6.311996765656511,6,1.0
train,1-7-4-5-3-10-2_png.rf.77213dded5d4ac0848072428f72d5df9.jpg,/mnt/tf_data/TechFin/home/group_6/Data/white_balance_copy_layers.v10-argmented-10x.coco-segmentation/train/1-7-4-5-3-10-2_png.rf.77213dded5d4ac0848072428f72d5df9.jpg,367,467,7,3-10-2_png,largest_inner_median,largest_inner_median,1.7,4.5,7.6499999999999995,6.2,541,6.295266001439646,41.0,23.0,1.7826086956521738,12325,13695.0,0.0,1.0,-0.6523380555913386,-0.6564852794764631,-0.6406445972955879,-0.6406445972955879,-0.6523380555913386,-0.6523380555913386,-40.29643249511719,40.29643249511719,-40.20534133911133,-40.461524963378906,-39.483009338378906,-39.483009338378906,-40.20534133911133,-40.20534133911133,-40.20534133911133,305.0,305.0,61.772315979003906,-40.57694625854492,-19.42171859741211,21.155227661132812,0.3424710135252718,0.4046294391155243,9.07269287109375,0.0025574692990630865,-0.00017633003881201148,61.570892333984375,9.097811787466746,9,2.0
train,2-0-4-8_png.rf.727ca4e024561ac8c8813a5d8128d2ee.jpg,/mnt/tf_data/TechFin/home/group_6/Data/white_balance_copy_layers.v10-argmented-10x.coco-segmentation/train/2-0-4-8_png.rf.727ca4e024561ac8c8813a5d8128d2ee.jpg,368,468,1,png,largest_inner_median,largest_inner_median,2.0,4.8,9.6,6.8,904,6.807934943699926,26.0,60.0,0.43333333333333335,19706,21896.0,0.0,1.0,-0.03442052774967494,-0.034945672926485725,-0.02949842141183303,-0.02949842141183303,-0.03442052774967494,-0.03442052774967494,-3.123668670654297,3.123668670654297,-3.0913314819335938,-3.138988494873047,-2.6446495056152344,-2.6446495056152344,-3.0913314819335938,-3.0913314819335938,-3.0913314819335938,587.0,587.0,90.75016784667969,-3.676982879638672,-1.0862831115722653,2.590699768066407,0.02854760304623716,0.8050775527954102,1.1237868070602417,0.009778887033462524,-0.00042467968887649477,90.30155181884766,0.9622122212507191,1,0.0
train,2-0-3-6_png.rf.656aa8e752d24012a92ff12ce5366333.jpg,/mnt/tf_data/TechFin/home/group_6/Data/white_balance_copy_layers.v10-argmented-10x.coco-segmentation/train/2-0-3-6_png.rf.656aa8e752d24012a92ff12ce5366333.jpg,369,469,1,png,largest_inner_median,largest_inner_median,2.0,3.6,7.2,5.6,732,6.597145701886651,21.0,56.0,0.375,14275,15863.0,0.0,1.0,-0.04810594725380928,-0.04858324682450011,-0.04417192431110591,-0.04417192431110591,-0.04810594725380928,-0.04810594725380928,-4.712074279785156,4.712074279785156,-4.716056823730469,-4.7628092765808105,-4.330711364746094,-4.330711364746094,-4.716056823730469,-4.716056823730469,-4.716056823730469,444.0,444.0,97.95201110839844,-5.235158538818359,-1.7648391723632815,3.4703193664550778,0.03542877095820579,0.5633575320243835,1.3352771997451782,0.004878465551882982,7.787024514982477e-05,97.74300384521484,1.1358832666587104,1,0.0
train,1-7-3-6-2-10-3_png.rf.575dbd5d080e4ea796d6fa89e6c10c76.jpg,/mnt/tf_data/TechFin/home/group_6/Data/white_balance_copy_layers.v10-argmented-10x.coco-segmentation/train/1-7-3-6-2-10-3_png.rf.575dbd5d080e4ea796d6fa89e6c10c76.jpg,370,470,2,2-10-3_png,largest_inner_median,largest_inner_median,1.7,3.6,6.12,5.3,5585,8.628018746505122,112.0,87.0,1.2873563218390804,123905,137236.0,0.0,1.0,-0.12941074667155483,-0.13071082695771766,-0.12878873372131486,-0.12878873372131486,-0.12941074667155483,-0.12941074667155483,-9.641304016113281,9.641304016113281,-9.582496643066406,-9.679354667663574,-9.536155700683594,-9.536155700683594,-9.582496643066406,-9.582496643066406,-9.582496643066406,4792.0,4792.0,74.50157165527344,-10.168423461914063,-8.177984619140624,1.9904388427734396,0.02671673628555661,0.7786868214607239,1.3816313743591309,-0.0009422970470041037,-0.0022389348596334457,75.10516357421875,2.461746858287875,2,0.0
train,1-7-4-5_png.rf.191680a8ccf3b2e92c33e1dd6a1b50cc.jpg,/mnt/tf_data/TechFin/home/group_6/Data/white_balance_copy_layers.v10-argmented-10x.coco-segmentation/train/1-7-4-5_png.rf.191680a8ccf3b2e92c33e1dd6a1b50cc.jpg,372,472,8,png,largest_inner_median,largest_inner_median,1.7,4.5,7.6499999999999995,6.2,1322,7.187657164114956,76.0,33.0,2.303030303030303,26324,29284.0,2.0,1.0,-0.5655362570857408,-0.5678743259677311,-0.5641005932479767,-0.5641005932479767,-0.5655362570857408,-0.5655362570857408,-55.46107482910156,55.46107482910156,-55.47225570678711,-55.70154571533203,-55.33146286010742,-55.33146286010742,-55.47225570678711,-55.47225570678711,-55.47225570678711,909.0,909.0,98.068115234375,-57.6008487701416,-48.3579978942871,9.2428508758545,0.09424929656050615,1.2436106204986572,6.6658101081848145,0.013827548362314701,-0.004868722055107355,96.29136657714844,7.996277480447012,8,0.0
train,1-4-4-8-6-10-6_png.rf.9bff91b0ec673f13d2c9fcd8684bdeab.jpg,/mnt/tf_data/TechFin/home/group_6/Data/white_balance_copy_layers.v10-argmented-10x.coco-segmentation/train/1-4-4-8-6-10-6_png.rf.9bff91b0ec673f13d2c9fcd8684bdeab.jpg,373,473,6,6-10-6_png,largest_inner_median,largest_inner_median,1.4,4.8,6.72,6.199999999999999,1921,7.561121589530238,41.0,130.0,0.3153846153846154,59686,66461.0,2.0,1.0045940689086914,-0.3468357811972443,-0.34770483574348254,-0.3407021579994684,-0.3407021579994684,-0.3468357811972443,-0.3468357811972443,-29.468128204345703,29.468128204345703,-29.510433197021484,-29.584270477294922,-28.989303588867188,-28.989303588867188,-29.510433197021484,-29.510433197021484,-29.510433197021484,1211.0,1211.0,84.9627685546875,-30.069313049316406,-17.23938751220703,12.829925537109375,0.15100644382664166,1.1191799640655518,6.120228290557861,0.0012467654887586832,-0.004859080538153648,86.11779022216797,5.515006787693643,6,0.0
train,1-4-4-2-3-10_png.rf.25c653b960a94f27acb9a5a2aff1d7c8.jpg,/mnt/tf_data/TechFin/home/group_6/Data/white_balance_copy_layers.v10-argmented-10x.coco-segmentation/train/1-4-4-2-3-10_png.rf.25c653b960a94f27acb9a5a2aff1d7c8.jpg,374,474,3,3-10_png,largest_inner_median,largest_inner_median,1.4,4.2,5.88,5.6,1127,7.028201432058005,43.0,40.0,1.075,22145,24607.0,0.0,1.0,-0.1910729530621946,-0.1921850696902343,-0.18792113903856988,-0.18792113903856988,-0.1910729530621946,-0.1910729530621946,-16.952674865722656,16.952674865722656,-16.89801025390625,-16.996681213378906,-16.618370056152344,-16.618370056152344,-16.89801025390625,-16.89801025390625,-16.89801025390625,807.0,807.0,88.72357177734375,-17.251519775390626,-11.362968444824219,5.888551330566408,0.0663696378832,0.724777102470398,3.1559739112854004,-0.005081799812614918,0.0011985709425061941,89.06505584716797,3.538341535324351,4,1.0
train,1-4-4-2_png.rf.9f2f1256f8e46d1e85da05e61b998fdc.jpg,/mnt/tf_data/TechFin/home/group_6/Data/white_balance_copy_layers.v10-argmented-10x.coco-segmentation/train/1-4-4-2_png.rf.9f2f1256f8e46d1e85da05e61b998fdc.jpg,376,476,4,png,largest_inner_median,largest_inner_median,1.4,4.2,5.88,5.6,1859,7.528331766707247,42.0,136.0,0.3088235294117647,71291,78897.0,1.0,1.0,-0.2220069520712318,-0.23119300965939785,-0.219976635042833,-0.219976635042833,-0.2220069520712318,-0.2220069520712318,-28.55615234375,28.55615234375,-28.584182739257812,-29.76576042175293,-28.323028564453125,-28.323028564453125,-28.584182739257812,-28.584182739257812,-28.584182739257812,1169.0,1169.0,128.62728881835938,-30.423960876464843,-20.115370178222655,10.308590698242188,0.08014310799008935,0.8504371047019958,6.221808910369873,-0.002172826323658228,0.0032608150504529476,127.85981750488281,3.9309009263555343,4,0.0
train,1-4-4-5-3-10_png.rf.0a3e6aec327c6788288b769f0b558dfb.jpg,/mnt/tf_data/TechFin/home/group_6/Data/white_balance_copy_layers.v10-argmented-10x.coco-segmentation/train/1-4-4-5-3-10_png.rf.0a3e6aec327c6788288b769f0b558dfb.jpg,377,477,3,3-10_png,largest_inner_median,largest_inner_median,1.4,4.5,6.3,5.9,1168,7.063903961472068,41.0,42.0,0.9761904761904762,22079,24533.0,0.0,1.0,-0.19621667963996361,-0.1963538092157916,-0.19234464385559075,-0.19234464385559075,-0.19621667963996361,-0.19621667963996361,-17.068397521972656,17.068397521972656,-17.003524780273438,-17.015453338623047,-16.666706085205078,-16.666706085205078,-17.003524780273438,-17.003524780273438,-17.003524780273438,840.0,840.0,86.98749542236328,-17.291838073730467,-9.516745758056642,7.775092315673826,0.08938172409634589,0.6947661638259888,3.8424205780029297,0.0005458464147523046,-0.005398482549935579,87.39917755126953,3.6036165801838926,4,1.0
train,0-8-4-2-3-10-4_png.rf.afa3c14ea267b5b7af9751ee35810ece.jpg,/mnt/tf_data/TechFin/home/group_6/Data/white_balance_copy_layers.v10-argmented-10x.coco-segmentation/train/0-8-4-2-3-10-4_png.rf.afa3c14ea267b5b7af9751ee35810ece.jpg,378,478,3,3-10-4_png,largest_inner_median,largest_inner_median,0.8,4.2,3.3600000000000003,5.0,687,6.5337888379333435,23.0,53.0,0.4339622641509434,16192,17985.0,0.0,1.0,-0.17123744631732293,-0.17533288509777614,-0.13468338044958364,-0.13468338044958364,-0.17123744631732293,-0.17123744631732293,-22.147254943847656,22.147254943847656,-22.142601013183594,-22.672290802001953,-17.414825439453125,-17.414825439453125,-22.142601013183594,-22.142601013183594,-22.142601013183594,407.0,407.0,129.33651733398438,-23.31181945800781,-3.9018798828125014,19.40993957519531,0.1500731578002307,0.5600712895393372,7.433362007141113,-0.002488756086677313,0.005146359093487263,128.91844177246094,3.8747993761894266,4,1.0
train,1-4-4-5_png.rf.6b104592dbb2b196ffda03d40e8d7ff8.jpg,/mnt/tf_data/TechFin/home/group_6/Data/white_balance_copy_layers.v10-argmented-10x.coco-segmentation/train/1-4-4-5_png.rf.6b104592dbb2b196ffda03d40e8d7ff8.jpg,380,480,1,png,largest_inner_median,largest_inner_median,1.4,4.5,6.3,5.9,776,6.655440350367647,23.0,60.0,0.38333333333333336,17212,19126.0,0.0,1.0,-0.0583184978815665,-0.058942071374114655,-0.05581180475648995,-0.05581180475648995,-0.0583184978815665,-0.0583184978815665,-6.898754119873047,6.898754119873047,-6.947235107421875,-7.021000385284424,-6.650707244873047,-6.650707244873047,-6.947235107421875,-6.947235107421875,-6.947235107421875,469.0,469.0,118.29444122314453,-7.384483337402344,-3.1510963439941406,4.233386993408203,0.03578686326792448,0.5366733074188232,1.9445226192474365,-0.006877766456454992,-0.0011080203112214804,118.7413558959961,1.8536577003258745,2,1.0
train,2-0-4-5_png.rf.0729fc71eaa2fbf1b4e69c9e4aa4ea37.jpg,/mnt/tf_data/TechFin/home/group_6/Data/white_balance_copy_layers.v10-argmented-10x.coco-segmentation/train/2-0-4-5_png.rf.0729fc71eaa2fbf1b4e69c9e4aa4ea37.jpg,381,483,7,png,largest_inner_median,largest_inner_median,2.0,4.5,9.0,6.5,392,5.973809611869261,44.0,14.0,3.142857142857143,7140,7934.0,0.0,1.0,-0.48821084355459976,-0.4991052179216692,-0.4749621631594575,-0.4749621631594575,-0.48821084355459976,-0.48821084355459976,-45.222023010253906,45.222023010253906,-45.199562072753906,-46.20868682861328,-43.97236251831055,-43.97236251831055,-45.199562072753906,-45.199562072753906,-45.199562072753906,189.0,189.0,92.62805938720703,-46.37430381774902,-22.625616455078124,23.7486873626709,0.2563876164499551,0.7869759202003479,10.982596397399902,-0.0066641103476285934,0.00964293535798788,92.95704650878906,6.720913188952537,7,0.0
train,0-8-4-5-6-10-6_png.rf.566416d973eeb6752738b40563f993f4.jpg,/mnt/tf_data/TechFin/home/group_6/Data/white_balance_copy_layers.v10-argmented-10x.coco-segmentation/train/0-8-4-5-6-10-6_png.rf.566416d973eeb6752738b40563f993f4.jpg,382,484,6,6-10-6_png,largest_inner_median,largest_inner_median,0.8,4.5,3.6,5.3,2029,7.615791072035833,41.0,131.0,0.31297709923664124,59622,66630.0,2.0,1.0796561233520507,-0.3094073429732989,-0.3077507161977905,-0.30351297029277774,-0.30351297029277774,-0.3094073429732989,-0.3094073429732989,-42.21521759033203,42.21521759033203,-42.26387023925781,-42.037841796875,-41.45964813232422,-41.45964813232422,-42.26387023925781,-42.26387023925781,-42.26387023925781,1278.0,1278.0,136.43896484375,-43.57124328613281,-21.567407226562498,22.003836059570315,0.16127237614833215,1.1844223737716675,9.103313446044922,-0.0008978872210718691,0.004460494499653578,135.3501739501953,5.628206379088262,6,0.0
train,0-8-3-6-3-10_png.rf.881fe12db69a1551fa2a2400ce3619fb.jpg,/mnt/tf_data/TechFin/home/group_6/Data/white_balance_copy_layers.v10-argmented-10x.coco-segmentation/train/0-8-3-6-3-10_png.rf.881fe12db69a1551fa2a2400ce3619fb.jpg,383,485,3,3-10_png,largest_inner_median,largest_inner_median,0.8,3.6,2.8800000000000003,4.4,1164,7.060476365999801,43.0,42.0,1.0238095238095237,22360,24932.0,2.0,1.0,-0.11172019094772943,-0.11259989411665808,-0.10933602718467363,-0.10933602718467363,-0.11172019094772943,-0.11172019094772943,-17.156089782714844,17.156089782714844,-17.086334228515625,-17.221424102783203,-16.72021484375,-16.72021484375,-17.086334228515625,-17.086334228515625,-17.086334228515625,838.0,838.0,153.56301879882812,-17.535847473144532,-10.117524719238281,7.418322753906251,0.04830800287681543,1.0108667612075806,3.3703198432922363,0.0009562321938574314,0.009941264055669308,152.63204956054688,3.1195120459962187,3,0.0
train,1-4-3-3_png.rf.f1259faa03517d76f81c0e1fbfe730c3.jpg,/mnt/tf_data/TechFin/home/group_6/Data/white_balance_copy_layers.v10-argmented-10x.coco-segmentation/train/1-4-3-3_png.rf.f1259faa03517d76f81c0e1fbfe730c3.jpg,385,489,7,png,largest_inner_median,largest_inner_median,1.4,3.3,4.619999999999999,4.699999999999999,468,6.150602768446279,45.0,16.0,2.8125,8551,9503.0,0.0,1.0,-0.35741480716638585,-0.3616816928480458,-0.35205881271895484,-0.35205881271895484,-0.35741480716638585,-0.35741480716638585,-48.37124252319336,48.37124252319336,-48.3540153503418,-48.931480407714844,-47.629154205322266,-47.629154205322266,-48.3540153503418,-48.3540153503418,-48.3540153503418,252.0,252.0,135.33642578125,-49.66400833129883,-23.51686553955078,26.147142791748053,0.1932010738484463,0.7156846523284912,11.946986198425293,-0.004402516409754753,-0.001966937677934766,135.80758666992188,5.6492570018653065,6,1.0
train,1-4-3-6_png.rf.66f5cbab10c3c7befa9a3b0f7f35a20c.jpg,/mnt/tf_data/TechFin/home/group_6/Data/white_balance_copy_layers.v10-argmented-10x.coco-segmentation/train/1-4-3-6_png.rf.66f5cbab10c3c7befa9a3b0f7f35a20c.jpg,387,493,7,png,largest_inner_median,largest_inner_median,1.4,3.6,5.04,5.0,319,5.768320995793772,40.0,17.0,2.3529411764705883,6935,7707.0,0.0,1.0,-0.3959536981822925,-0.3933536264210441,-0.30622181272394217,-0.30622181272394217,-0.3959536981822925,-0.3959536981822925,-56.93111038208008,56.93111038208008,-56.99794387817383,-56.62409973144531,-44.096092224121094,-44.096092224121094,-56.99794387817383,-56.99794387817383,-56.99794387817383,110.0,110.0,143.78224182128906,-57.712640380859376,-11.561087036132813,46.151553344726565,0.3209822907205023,0.7186575531959534,17.781192779541016,-0.007608496118336916,-0.0009582691709510982,144.4235076904297,6.1383241794973245,6,1.0
train,1-1-4-8-6-10-6_png.rf.67090c6fd7aab44778a6c4f60aa4cf76.jpg,/mnt/tf_data/TechFin/home/group_6/Data/white_balance_copy_layers.v10-argmented-10x.coco-segmentation/train/1-1-4-8-6-10-6_png.rf.67090c6fd7aab44778a6c4f60aa4cf76.jpg,388,494,6,6-10-6_png,largest_inner_median,largest_inner_median,1.1,4.8,5.28,5.9,1823,7.508787170634276,39.0,126.0,0.30952380952380953,52180,58088.0,2.0,1.0,-0.2912355018437483,-0.2892893791670778,-0.2876725910085282,-0.2876725910085282,-0.2912355018437483,-0.2912355018437483,-33.01203918457031,33.01203918457031,-33.13159942626953,-32.91100311279297,-32.72773742675781,-32.72773742675781,-33.13159942626953,-33.13159942626953,-33.13159942626953,1091.0,1091.0,113.35169982910156,-33.69327087402344,-21.824893188476565,11.868377685546875,0.1047040115273139,1.0906378030776978,6.2904486656188965,0.0007030672859400511,-0.004657972604036331,114.4683837890625,5.1035141992888615,6,0.0
train,1-7-3-9_png.rf.0959159bf33088cfabe34be8bf42da90.jpg,/mnt/tf_data/TechFin/home/group_6/Data/white_balance_copy_layers.v10-argmented-10x.coco-segmentation/train/1-7-3-9_png.rf.0959159bf33088cfabe34be8bf42da90.jpg,389,497,7,png,largest_inner_median,largest_inner_median,1.7,3.9,6.63,5.6,460,6.133398042996649,46.0,18.0,2.5555555555555554,9963,11071.0,0.0,1.0,-0.4134126071288269,-0.41207196334183793,-0.40756861705069714,-0.40756861705069714,-0.4134126071288269,-0.4134126071288269,-44.479515075683594,44.479515075683594,-44.53569793701172,-44.391456604003906,-43.90693664550781,-43.90693664550781,-44.53569793701172,-44.53569793701172,-44.53569793701172,236.0,236.0,107.59109497070312,-45.43632926940918,-15.377439880371094,30.058889389038086,0.2793808297724182,0.8371720910072327,11.631134986877441,0.009115864522755146,-0.0021968211513012648,106.84080505371094,6.065794216027147,6,1.0
train,0-8-4-2-3-10_png.rf.1399f51356d4f0de67dddbc5b7fe6f15.jpg,/mnt/tf_data/TechFin/home/group_6/Data/white_balance_copy_layers.v10-argmented-10x.coco-segmentation/train/0-8-4-2-3-10_png.rf.1399f51356d4f0de67dddbc5b7fe6f15.jpg,391,499,3,3-10_png,largest_inner_median,largest_inner_median,0.8,4.2,3.3600000000000003,5.0,1071,6.977281341630747,43.0,40.0,1.075,22550,24972.0,0.0,1.0,-0.16757341883335175,-0.17298099241082313,-0.16311794880156136,-0.16311794880156136,-0.16757341883335175,-0.16757341883335175,-23.210281372070312,23.210281372070312,-23.164093017578125,-23.9130859375,-22.546974182128906,-22.546974182128906,-23.164093017578125,-23.164093017578125,-23.164093017578125,757.0,757.0,138.5081329345703,-23.836692810058594,-13.7713623046875,10.065330505371094,0.07266959919332566,0.7894851565361023,4.277682304382324,-0.006259431596845388,-0.00043239229125902057,139.08642578125,3.828302044971143,4,1.0
train,1-1-4-5_png.rf.6b3ddd84650ba5c8b2efb1ac5ff59fa7.jpg,/mnt/tf_data/TechFin/home/group_6/Data/white_balance_copy_layers.v10-argmented-10x.coco-segmentation/train/1-1-4-5_png.rf.6b3ddd84650ba5c8b2efb1ac5ff59fa7.jpg,394,502,1,png,largest_inner_median,largest_inner_median,1.1,4.5,4.95,5.6,1573,7.3613754289773485,121.0,43.0,2.813953488372093,46833,52050.0,1.0,1.0643971252441407,-0.06529707869569071,-0.031091931291933987,-0.0419436238649511,-0.0419436238649511,-0.06529707869569071,-0.06529707869569071,-8.039070129394531,8.039070129394531,-8.084625244140625,-3.873447895050049,-5.2094573974609375,-5.2094573974609375,-8.084625244140625,-8.084625244140625,-8.084625244140625,938.0,938.0,123.11531066894531,-11.34564208984375,-0.35001678466796887,10.995625305175782,0.08931159938947647,1.0452245473861694,3.9792466163635254,-0.0010821131290867925,-0.002262960886582732,123.54926300048828,2.2363048942250154,2,1.0
train,1-1-3-9-3-10-4_png.rf.2ac73102331695d1ab2a5504200617cf.jpg,/mnt/tf_data/TechFin/home/group_6/Data/white_balance_copy_layers.v10-argmented-10x.coco-segmentation/train/1-1-3-9-3-10-4_png.rf.2ac73102331695d1ab2a5504200617cf.jpg,395,503,3,3-10-4_png,largest_inner_median,largest_inner_median,1.1,3.9,4.29,5.0,668,6.505784060128229,24.0,53.0,0.4528301886792453,17042,18936.0,0.0,1.0,-0.1459283412117548,-0.148716228644185,-0.12498739460782622,-0.12498739460782622,-0.1459283412117548,-0.1459283412117548,-18.062034606933594,18.062034606933594,-18.04214859008789,-18.38721466064453,-15.450218200683594,-15.450218200683594,-18.04214859008789,-18.04214859008789,-18.04214859008789,390.0,390.0,123.7733154296875,-19.1571533203125,-3.5664634704589817,15.590689849853518,0.12596164040471386,0.6514488458633423,5.861849308013916,0.005495498888194561,-0.004828703124076128,124.02378845214844,3.2595337144669267,3,0.0
train,2-0-3-6_png.rf.dba5776959c59b13f2ab2806161e62c8.jpg,/mnt/tf_data/TechFin/home/group_6/Data/white_balance_copy_layers.v10-argmented-10x.coco-segmentation/train/2-0-3-6_png.rf.dba5776959c59b13f2ab2806161e62c8.jpg,396,504,8,png,largest_inner_median,largest_inner_median,2.0,3.6,7.2,5.6,1082,6.9874902470009905,23.0,73.0,0.3150684931506849,16287,18097.0,0.0,1.0,-0.6179226645848229,-0.6162129931090928,-0.6173954022958305,-0.6173954022958305,-0.6179226645848229,-0.6179226645848229,-57.4161376953125,57.4161376953125,-57.44202423095703,-57.283164978027344,-57.39303207397461,-57.39303207397461,-57.44202423095703,-57.44202423095703,-57.44202423095703,719.0,719.0,92.91799926757812,-58.17587165832519,-52.40064468383789,5.775226974487303,0.06215401773617884,1.1604268550872803,5.181354522705078,-0.005620965268462896,-0.013516915030777454,95.15283966064453,8.366985313616869,8,0.0
train,1-1-4-5-7-10-2_png.rf.1dd84160d4e219e966797bdbd845463a.jpg,/mnt/tf_data/TechFin/home/group_6/Data/white_balance_copy_layers.v10-argmented-10x.coco-segmentation/train/1-1-4-5-7-10-2_png.rf.1dd84160d4e219e966797bdbd845463a.jpg,397,505,7,7-10-2_png,largest_inner_median,largest_inner_median,1.1,4.5,4.95,5.6,548,6.3080984415095305,42.0,24.0,1.75,13447,14943.0,0.0,1.0,-0.4865167064128794,-0.48785825276500167,-0.47608282097369164,-0.47608282097369164,-0.4865167064128794,-0.4865167064128794,-56.090518951416016,56.090518951416016,-56.098941802978516,-56.25360870361328,-54.896018981933594,-54.896018981933594,-56.098941802978516,-56.098941802978516,-56.098941802978516,305.0,305.0,115.2900161743164,-56.82038764953613,-24.76895751953124,32.05143013000489,0.27800698788647676,0.5725526809692383,13.95962142944336,0.001596393994987011,-0.003009818959981203,115.29854583740234,7.581676519107207,8,1.0
train,1-7-3-6_png.rf.444e3b6eb7677776f15d6eeece79ce7b.jpg,/mnt/tf_data/TechFin/home/group_6/Data/white_balance_copy_layers.v10-argmented-10x.coco-segmentation/train/1-7-3-6_png.rf.444e3b6eb7677776f15d6eeece79ce7b.jpg,398,506,8,png,largest_inner_median,largest_inner_median,1.7,3.6,6.12,5.3,1261,7.140453043101158,76.0,27.0,2.814814814814815,25158,27972.0,1.0,1.0,-0.5519957769822338,-0.5555374257673812,-0.549815868979788,-0.549815868979788,-0.5519957769822338,-0.5519957769822338,-57.01462936401367,57.01462936401367,-57.00773239135742,-57.37354278564453,-56.78257369995117,-56.78257369995117,-57.00773239135742,-57.00773239135742,-57.00773239135742,872.0,872.0,103.28816223144531,-58.329532623291016,-37.73393249511719,20.595600128173828,0.19939942470874605,1.3568165302276611,10.022649765014648,0.014047559350728989,-0.0036006628070026636,101.36141967773438,7.824445748566834,8,0.0
train,0-8-4-2-3-10-4_png.rf.32e614811929c3c33837a26428790d9a.jpg,/mnt/tf_data/TechFin/home/group_6/Data/white_balance_copy_layers.v10-argmented-10x.coco-segmentation/train/0-8-4-2-3-10-4_png.rf.32e614811929c3c33837a26428790d9a.jpg,399,507,3,3-10-4_png,largest_inner_median,largest_inner_median,0.8,4.2,3.3600000000000003,5.0,686,6.532334292222349,23.0,53.0,0.4339622641509434,16164,17960.0,0.0,1.0,-0.1696022234816933,-0.16949767401026403,-0.13640688129044728,-0.13640688129044728,-0.1696022234816933,-0.1696022234816933,-21.931255340576172,21.931255340576172,-21.919170379638672,-21.905651092529297,-17.62668228149414,-17.62668228149414,-21.919170379638672,-21.919170379638672,-21.919170379638672,406.0,406.0,129.30995178222656,-24.03052520751953,-3.8580474853515625,20.17247772216797,0.1560009685576315,0.5667383670806885,7.701822280883789,0.0024348576553165913,-0.005175345111638308,129.75978088378906,3.8540480313546537,4,1.0
train,1-7-4-2_png.rf.244772463cff895c7015201d58f5fad4.jpg,/mnt/tf_data/TechFin/home/group_6/Data/white_balance_copy_layers.v10-argmented-10x.coco-segmentation/train/1-7-4-2_png.rf.244772463cff895c7015201d58f5fad4.jpg,400,508,1,png,largest_inner_median,largest_inner_median,1.7,4.2,7.14,5.9,2369,7.7706452341291765,44.0,92.0,0.4782608695652174,46664,51866.0,1.0,1.0,-0.018023111821552897,-0.019655116754176086,-0.016656944854709716,-0.016656944854709716,-0.018023111821552897,-0.018023111821552897,-2.0975570678710938,2.0975570678710938,-2.1438369750976562,-2.3337721824645996,-1.9848403930664062,-1.9848403930664062,-2.1438369750976562,-2.1438369750976562,-2.1438369750976562,1771.0,1771.0,116.38151550292969,-3.7872711181640626,0.13121643066406546,3.918487548828128,0.033669329118931154,0.8627756237983704,1.5353692770004272,-0.0057009560987353325,-0.0021539456211030483,117.2839584350586,1.0482127693928,1,0.0
train,1-4-4-8_png.rf.87dfc1f856fb68be461ef8b18488de06.jpg,/mnt/tf_data/TechFin/home/group_6/Data/white_balance_copy_layers.v10-argmented-10x.coco-segmentation/train/1-4-4-8_png.rf.87dfc1f856fb68be461ef8b18488de06.jpg,401,509,1,png,largest_inner_median,largest_inner_median,1.4,4.8,6.72,6.199999999999999,1611,7.385230923066573,122.0,43.0,2.8372093023255816,59965,66629.0,0.0,1.0,-0.10634728736053654,-0.055518631537680906,-0.06541956894856926,-0.06541956894856926,-0.10634728736053654,-0.10634728736053654,-11.873546600341797,11.873546600341797,-11.905513763427734,-6.230555534362793,-7.3359832763671875,-7.3359832763671875,-11.905513763427734,-11.905513763427734,-11.905513763427734,972.0,972.0,111.64879608154297,-17.269271850585938,-1.3791122436523438,15.890159606933594,0.14232271340685285,0.8544104099273682,5.624390125274658,0.001010980224236846,-0.0031731282360851765,111.67449951171875,2.4631538196061924,2,1.0
train,0-8-4-2-3-10_png.rf.49e84ea1ec5d1d77c8b5d6d7447e03ee.jpg,/mnt/tf_data/TechFin/home/group_6/Data/white_balance_copy_layers.v10-argmented-10x.coco-segmentation/train/0-8-4-2-3-10_png.rf.49e84ea1ec5d1d77c8b5d6d7447e03ee.jpg,402,510,3,3-10_png,largest_inner_median,largest_inner_median,0.8,4.2,3.3600000000000003,5.0,1072,6.9782137426306985,40.0,43.0,0.9302325581395349,22561,25063.0,0.0,1.0,-0.16808632253967387,-0.17240508824114642,-0.16434003189377966,-0.16434003189377966,-0.16808632253967387,-0.16808632253967387,-23.279037475585938,23.279037475585938,-23.215835571289062,-23.813961029052734,-22.69699478149414,-22.69699478149414,-23.215835571289062,-23.215835571289062,-23.215835571289062,757.0,757.0,138.49453735351562,-23.974530029296876,-14.767864227294922,9.206665802001954,0.06647674325595519,0.7961122393608093,4.285858154296875,-0.0004302502202335745,-0.005862561520189047,139.0393524169922,3.8348109081334076,4,1.0
train,1-7-4-8_png.rf.2e077a6fe91b717e26ae13ca90d50061.jpg,/mnt/tf_data/TechFin/home/group_6/Data/white_balance_copy_layers.v10-argmented-10x.coco-segmentation/train/1-7-4-8_png.rf.2e077a6fe91b717e26ae13ca90d50061.jpg,403,511,1,png,largest_inner_median,largest_inner_median,1.7,4.8,8.16,6.5,778,6.658011045870748,58.0,22.0,2.6363636363636362,15474,17194.0,0.0,1.258533659362793,-0.02751312646456224,-0.02602299061276545,-0.02627506601122568,-0.02627506601122568,-0.02751312646456224,-0.02751312646456224,-2.8115005493164062,2.8115005493164062,-2.5824508666992188,-2.4301774501800537,-2.4559364318847656,-2.4559364318847656,-2.5824508666992188,-2.5824508666992188,-2.5824508666992188,487.0,487.0,102.18760681152344,-3.2407600402832033,-1.634819030761718,1.6059410095214852,0.01571561424746457,1.0253573656082153,0.6792029738426208,0.002880272688344121,0.005638844799250364,101.60759735107422,1.1686431853906931,1,0.0
train,0-8-3-3_png.rf.f8a6029206d8842af918eea2d53e5cee.jpg,/mnt/tf_data/TechFin/home/group_6/Data/white_balance_copy_layers.v10-argmented-10x.coco-segmentation/train/0-8-3-3_png.rf.f8a6029206d8842af918eea2d53e5cee.jpg,404,514,7,png,largest_inner_median,largest_inner_median,0.8,3.3,2.64,4.1,458,6.129050210060545,45.0,16.0,2.8125,9155,10173.0,0.0,1.0,-0.261405315145002,-0.26691604196899,-0.25667106491339325,-0.25667106491339325,-0.261405315145002,-0.261405315145002,-39.984806060791016,39.984806060791016,-39.96037673950195,-40.80330276489258,-39.23622131347656,-39.23622131347656,-39.96037673950195,-39.96037673950195,-39.96037673950195,242.0,242.0,152.96095275878906,-41.93070526123047,-16.597949218749992,25.33275604248048,0.16561583584294765,0.6418806910514832,11.326720237731934,-0.006941910833120346,0.0020193944219499826,153.54293823242188,5.019049871162045,6,1.0
train,1-7-4-5-3-10-2_png.rf.11e78eecaa06c271a8f99a23ab72c39f.jpg,/mnt/tf_data/TechFin/home/group_6/Data/white_balance_copy_layers.v10-argmented-10x.coco-segmentation/train/1-7-4-5-3-10-2_png.rf.11e78eecaa06c271a8f99a23ab72c39f.jpg,405,515,7,3-10-2_png,largest_inner_median,largest_inner_median,1.7,4.5,7.6499999999999995,6.2,555,6.320768294250582,23.0,41.0,0.5609756097560976,12303,13671.0,0.0,1.0,-0.6517793602769162,-0.650420982285617,-0.6393343669878878,-0.6393343669878878,-0.6517793602769162,-0.6517793602769162,-40.251773834228516,40.251773834228516,-40.15754318237305,-40.07365417480469,-39.388980865478516,-39.388980865478516,-40.15754318237305,-40.15754318237305,-40.15754318237305,319.0,319.0,61.75674819946289,-41.001220703125,-18.240744781494126,22.760475921630874,0.3685504270418957,0.4115392565727234,9.832596778869629,-0.00033300876384600997,0.0025339063722640276,61.564823150634766,9.090721818519066,9,2.0
train,1-7-3-6_png.rf.bcd11dfa4b7f21cc5decf67931fb344a.jpg,/mnt/tf_data/TechFin/home/group_6/Data/white_balance_copy_layers.v10-argmented-10x.coco-segmentation/train/1-7-3-6_png.rf.bcd11dfa4b7f21cc5decf67931fb344a.jpg,407,519,7,png,largest_inner_median,largest_inner_median,1.7,3.6,6.12,5.3,429,6.063785208687608,17.0,44.0,0.38636363636363635,8874,9865.0,1.0,1.0,-0.41516106946234405,-0.42001132992644497,-0.3970883518461195,-0.3970883518461195,-0.41516106946234405,-0.41516106946234405,-45.647037506103516,45.647037506103516,-45.53935241699219,-46.07263946533203,-43.55225372314453,-43.55225372314453,-45.53935241699219,-45.53935241699219,-45.53935241699219,213.0,213.0,109.95018768310547,-46.73614349365234,-15.381867980957033,31.35427551269531,0.2851680035605168,0.7594383358955383,12.928080558776855,-0.004299381282180548,-0.006723194383084774,110.7020034790039,6.08798259550844,6,1.0
train,1-4-3-6_png.rf.482be2cf011b66906e074834daf300a6.jpg,/mnt/tf_data/TechFin/home/group_6/Data/white_balance_copy_layers.v10-argmented-10x.coco-segmentation/train/1-4-3-6_png.rf.482be2cf011b66906e074834daf300a6.jpg,408,522,7,png,largest_inner_median,largest_inner_median,1.4,3.6,5.04,5.0,391,5.971261839790462,16.0,40.0,0.4,7794,8660.0,0.0,1.0,-0.3690430446900669,-0.36953726668927894,-0.3637339945694039,-0.3637339945694039,-0.3690430446900669,-0.3690430446900669,-46.236724853515625,46.236724853515625,-46.2568359375,-46.318756103515625,-45.5916748046875,-45.5916748046875,-46.2568359375,-46.2568359375,-46.2568359375,195.0,195.0,125.28816223144531,-47.552696228027344,-21.19316864013672,26.359527587890625,0.2103912063072373,0.7310099601745605,11.800914764404297,-0.009684241376817226,-0.005127136129885912,126.03044128417969,5.796821946175566,6,1.0
train,2-0-3-3_png.rf.d7763ba482f1f3733c6774bf95397686.jpg,/mnt/tf_data/TechFin/home/group_6/Data/white_balance_copy_layers.v10-argmented-10x.coco-segmentation/train/2-0-3-3_png.rf.d7763ba482f1f3733c6774bf95397686.jpg,410,524,2,png,largest_inner_median,largest_inner_median,2.0,3.3,6.6,5.3,509,6.234410725718371,25.0,45.0,0.5555555555555556,15105,16785.0,0.0,1.0,-0.09702482014225627,-0.09752012222176946,-0.08856092299055096,-0.08856092299055096,-0.09702482014225627,-0.09702482014225627,-13.079696655273438,13.079696655273438,-13.02191162109375,-13.088682174682617,-11.880912780761719,-11.880912780761719,-13.02191162109375,-13.02191162109375,-13.02191162109375,251.0,251.0,134.8077392578125,-13.89031982421875,-2.1724365234375003,11.71788330078125,0.08692292716497109,0.5099979043006897,4.29823637008667,0.0019403223413974047,0.0021759653463959694,134.51365661621094,1.756674744198048,2,0.0
train,1-1-3-9_png.rf.cec02f3a2c8235456114d8f169aeaa27.jpg,/mnt/tf_data/TechFin/home/group_6/Data/white_balance_copy_layers.v10-argmented-10x.coco-segmentation/train/1-1-3-9_png.rf.cec02f3a2c8235456114d8f169aeaa27.jpg,411,525,1,png,largest_inner_median,largest_inner_median,1.1,3.9,4.29,5.0,1567,7.357556200910353,121.0,42.0,2.880952380952381,45292,50326.0,0.0,1.198809782409668,-0.04577198087118065,-0.03672814094587961,-0.035293018386818684,-0.035293018386818684,-0.04577198087118065,-0.04577198087118065,-6.607734680175781,6.607734680175781,-6.718223571777344,-5.412636756896973,-5.2054595947265625,-5.2054595947265625,-6.718223571777344,-6.718223571777344,-6.718223571777344,936.0,936.0,144.36199951171875,-10.569424438476563,-0.8947174072265622,9.674707031250001,0.06701699244935054,1.066712737083435,3.5266826152801514,-0.0013696706155315042,-0.0026400191709399223,144.88645935058594,1.9885270201268515,2,1.0
train,0-8-4-2_png.rf.e44db7dabe702a54444814479a7e1510.jpg,/mnt/tf_data/TechFin/home/group_6/Data/white_balance_copy_layers.v10-argmented-10x.coco-segmentation/train/0-8-4-2_png.rf.e44db7dabe702a54444814479a7e1510.jpg,412,528,7,png,largest_inner_median,largest_inner_median,0.8,4.2,3.3600000000000003,5.0,465,6.144185634125646,15.0,51.0,0.29411764705882354,9178,10198.0,0.0,1.0,-0.3784171516821858,-0.3792099569544448,-0.3706165823965038,-0.3706165823965038,-0.3784171516821858,-0.3784171516821858,-56.23204040527344,56.23204040527344,-56.19837951660156,-56.31618881225586,-55.03923034667969,-55.03923034667969,-56.19837951660156,-56.19837951660156,-56.19837951660156,233.0,233.0,148.5980224609375,-62.200355529785156,-14.640927124023436,47.55942840576172,0.32005424848950353,0.758449137210846,18.06776237487793,-0.011787495575845242,-0.006184331141412258,149.5986785888672,6.503956341905056,7,0.0
train,1-1-4-2-7-10-2_png.rf.283e154f552f295b51f079d3240045a3.jpg,/mnt/tf_data/TechFin/home/group_6/Data/white_balance_copy_layers.v10-argmented-10x.coco-segmentation/train/1-1-4-2-7-10-2_png.rf.283e154f552f295b51f079d3240045a3.jpg,413,529,7,7-10-2_png,largest_inner_median,largest_inner_median,1.1,4.2,4.620000000000001,5.300000000000001,537,6.2878585601617845,42.0,24.0,1.75,13338,14822.0,0.0,1.0,-0.48711641555438456,-0.4865415469050024,-0.47824633979402725,-0.47824633979402725,-0.48711641555438456,-0.48711641555438456,-58.706729888916016,58.706729888916016,-58.68390655517578,-58.6146240234375,-57.61489486694336,-57.61489486694336,-58.68390655517578,-58.68390655517578,-58.68390655517578,295.0,295.0,120.51889038085938,-59.36239318847656,-27.133126831054682,32.22926635742188,0.2674208686752104,0.5974189043045044,14.16250991821289,0.0012580573093146086,-0.004527579061686993,120.62801361083984,7.589286962726744,8,1.0
train,2-0-3-9_png.rf.6eb622b42bb98f533b2bcd9ff13092af.jpg,/mnt/tf_data/TechFin/home/group_6/Data/white_balance_copy_layers.v10-argmented-10x.coco-segmentation/train/2-0-3-9_png.rf.6eb622b42bb98f533b2bcd9ff13092af.jpg,414,530,1,png,largest_inner_median,largest_inner_median,2.0,3.9,7.8,5.9,1706,7.442492722794441,122.0,44.0,2.772727272727273,56891,63270.0,2.0,1.0,-0.07687532628726695,-0.04640366635751792,-0.048599450272657,-0.048599450272657,-0.07687532628726695,-0.07687532628726695,-7.3092193603515625,7.3092193603515625,-7.360725402832031,-4.46351432800293,-4.6722869873046875,-4.6722869873046875,-7.360725402832031,-7.360725402832031,-7.360725402832031,1062.0,1062.0,95.07887268066406,-11.341442108154297,-0.7230873107910156,10.618354797363281,0.11167943516775318,0.9109031558036804,3.822702407836914,0.00023338828759733588,-0.0045562018640339375,95.4092025756836,1.5009731443179177,2,1.0
train,1-4-4-8_png.rf.2ff1dc20d3812790e47fca3ef95a54bd.jpg,/mnt/tf_data/TechFin/home/group_6/Data/white_balance_copy_layers.v10-argmented-10x.coco-segmentation/train/1-4-4-8_png.rf.2ff1dc20d3812790e47fca3ef95a54bd.jpg,415,531,1,png,largest_inner_median,largest_inner_median,1.4,4.8,6.72,6.199999999999999,871,6.77078942390898,27.0,60.0,0.45,20575,22861.0,0.0,1.0,-0.06707809755805798,-0.07119672100227828,-0.0635971339397861,-0.0635971339397861,-0.06707809755805798,-0.06707809755805798,-7.529541015625,7.529541015625,-7.5074005126953125,-7.969717502593994,-7.116661071777344,-7.116661071777344,-7.5074005126953125,-7.5074005126953125,-7.5074005126953125,553.0,553.0,112.2503662109375,-8.535087585449219,-2.2477645874023438,6.287322998046875,0.056011603438619766,0.4809160828590393,2.4698305130004883,0.00835872720927,-0.0001085589756257832,111.82059478759766,1.964818986445909,2,1.0
train,1-7-3-9_png.rf.b660ac7901fa485ed3ef66df727bcf77.jpg,/mnt/tf_data/TechFin/home/group_6/Data/white_balance_copy_layers.v10-argmented-10x.coco-segmentation/train/1-7-3-9_png.rf.b660ac7901fa485ed3ef66df727bcf77.jpg,416,532,2,png,largest_inner_median,largest_inner_median,1.7,3.9,6.63,5.6,554,6.318968113746434,25.0,47.0,0.5319148936170213,15881,17645.0,0.0,1.0,-0.17077548501931727,-0.17305629788410223,-0.15170953207489193,-0.15170953207489193,-0.17077548501931727,-0.17077548501931727,-21.099105834960938,21.099105834960938,-21.132888793945312,-21.41468048095703,-18.777313232421875,-18.777313232421875,-21.132888793945312,-21.132888793945312,-21.132888793945312,288.0,288.0,123.54879760742188,-22.114007568359376,-2.5575851440429687,19.55642242431641,0.15828905503764779,0.555294394493103,7.214300632476807,0.003912987187504768,0.005000615026801825,122.88396453857422,2.9866746728655498,3,1.0
train,0-8-3-6-2-10-3_png.rf.4f76dad68f9a7611a350ee30feed20d9.jpg,/mnt/tf_data/TechFin/home/group_6/Data/white_balance_copy_layers.v10-argmented-10x.coco-segmentation/train/0-8-3-6-2-10-3_png.rf.4f76dad68f9a7611a350ee30feed20d9.jpg,417,533,2,2-10-3_png,largest_inner_median,largest_inner_median,0.8,3.6,2.8800000000000003,4.4,5723,8.652423140676342,113.0,89.0,1.2696629213483146,116887,129875.0,0.0,1.0651436737060547,-0.060837108760795754,-0.06219503423877128,-0.060516120280062896,-0.060516120280062896,-0.060837108760795754,-0.060837108760795754,-10.428573608398438,10.428573608398438,-10.424728393554688,-10.657501220703125,-10.369705200195312,-10.369705200195312,-10.424728393554688,-10.424728393554688,-10.424728393554688,4922.0,4922.0,171.41796875,-10.836126708984375,-9.508157348632812,1.3279693603515632,0.007746967077228088,1.0431853532791138,1.6243345737457275,-0.0005626452038995922,-0.0022499558981508017,171.94337463378906,2.473794311562438,2,0.0
train,1-4-4-2_png.rf.2e82ccfb684b93e7bb926cbbcd5e7ce8.jpg,/mnt/tf_data/TechFin/home/group_6/Data/white_balance_copy_layers.v10-argmented-10x.coco-segmentation/train/1-4-4-2_png.rf.2e82ccfb684b93e7bb926cbbcd5e7ce8.jpg,418,534,8,png,largest_inner_median,largest_inner_median,1.4,4.2,5.88,5.6,1277,7.15305163493748,31.0,78.0,0.3974358974358974,23608,26343.0,2.0,1.0,-0.5418854363845607,-0.5394016803938562,-0.5406306628444676,-0.5406306628444676,-0.5418854363845607,-0.5418854363845607,-61.394100189208984,61.394100189208984,-61.37165069580078,-61.090248107910156,-61.229488372802734,-61.229488372802734,-61.37165069580078,-61.37165069580078,-61.37165069580078,866.0,866.0,113.29719543457031,-62.522909545898436,-48.40984649658202,14.113063049316416,0.12456674673352157,1.2316898107528687,7.739739894866943,0.005785077344626188,0.015600676648318768,110.50533294677734,7.990230693881979,8,0.0
train,1-4-4-8_png.rf.93358535ae562b99619237112957f2fc.jpg,/mnt/tf_data/TechFin/home/group_6/Data/white_balance_copy_layers.v10-argmented-10x.coco-segmentation/train/1-4-4-8_png.rf.93358535ae562b99619237112957f2fc.jpg,419,535,8,png,largest_inner_median,largest_inner_median,1.4,4.8,6.72,6.199999999999999,1202,7.0925737159746784,76.0,26.0,2.923076923076923,23062,25701.0,2.0,1.0,-0.5662948595554812,-0.566514783373648,-0.563319106678075,-0.563319106678075,-0.5662948595554812,-0.5662948595554812,-62.118690490722656,62.118690490722656,-62.095985412597656,-62.12010955810547,-61.76956558227539,-61.76956558227539,-62.095985412597656,-62.095985412597656,-62.095985412597656,816.0,816.0,109.69319152832031,-63.082641220092775,-48.68785171508788,14.394789505004894,0.13122773897310194,1.4639949798583984,8.53391170501709,0.016246482729911804,-0.005127605050802231,107.48394012451172,8.299991752987193,8,0.0
train,1-4-3-9_png.rf.a621f7ebf4aa43be20a1853b47672c7f.jpg,/mnt/tf_data/TechFin/home/group_6/Data/white_balance_copy_layers.v10-argmented-10x.coco-segmentation/train/1-4-3-9_png.rf.a621f7ebf4aa43be20a1853b47672c7f.jpg,420,536,7,png,largest_inner_median,largest_inner_median,1.4,3.9,5.46,5.3,323,5.780743515792329,17.0,39.0,0.4358974358974359,6513,7237.0,0.0,1.0,-0.4120133778867375,-0.41660900303391524,-0.3157631816497416,-0.3157631816497416,-0.4120133778867375,-0.4120133778867375,-55.10346984863281,55.10346984863281,-55.0823974609375,-55.697025299072266,-42.20970916748047,-42.20970916748047,-55.0823974609375,-55.0823974609375,-55.0823974609375,121.0,121.0,133.741943359375,-56.129574584960935,-10.228483581542967,45.90109100341797,0.3432064007031673,0.7890340685844421,17.192350387573242,0.004435841925442219,0.008630256168544292,132.9088592529297,6.342125119786066,6,1.0
train,2-3-3-3_png.rf.8c03b0daf81792fb290ef6e2e039e184.jpg,/mnt/tf_data/TechFin/home/group_6/Data/white_balance_copy_layers.v10-argmented-10x.coco-segmentation/train/2-3-3-3_png.rf.8c03b0daf81792fb290ef6e2e039e184.jpg,421,539,2,png,largest_inner_median,largest_inner_median,2.3,3.3,7.589999999999999,5.6,474,6.163314804034641,24.0,45.0,0.5333333333333333,14630,16255.0,0.0,1.0,-0.11680904682964036,-0.11647098928296248,-0.11074941433763727,-0.11074941433763727,-0.11680904682964036,-0.11680904682964036,-14.313167572021484,14.313167572021484,-14.361297607421875,-14.319873809814453,-13.618782043457031,-13.618782043457031,-14.361297607421875,-14.361297607421875,-14.361297607421875,221.0,221.0,122.53475189208984,-15.005408477783202,-4.137220001220704,10.868188476562498,0.08869474421536808,0.5515121221542358,4.041466236114502,0.004609445575624704,0.0021572585683315992,122.10890197753906,1.7136535848121819,2,0.0
train,2-1-4-2-1_png.rf.fc87cb9d53563e4ac0729aaa3344a7bf.jpg,/mnt/tf_data/TechFin/home/group_6/Data/white_balance_copy_layers.v10-argmented-10x.coco-segmentation/train/2-1-4-2-1_png.rf.fc87cb9d53563e4ac0729aaa3344a7bf.jpg,422,540,1,1_png,largest_inner_median,largest_inner_median,2.1,4.2,8.82,6.300000000000001,2626,7.87359778968554,90.0,43.0,2.0930232558139537,44857,49860.0,1.0,1.022567788696289,-0.025347303818477086,-0.030394452323408,-0.023673386442937178,-0.023673386442937178,-0.025347303818477086,-0.025347303818477086,-2.2087249755859375,2.2087249755859375,-2.244049072265625,-2.683849811553955,-2.098186492919922,-2.098186492919922,-2.244049072265625,-2.244049072265625,-2.244049072265625,2059.0,2059.0,87.13845825195312,-2.8840980529785156,0.3007392883300781,3.1848373413085938,0.036549158720480444,0.9552329778671265,1.2878780364990234,0.0010734072420746088,-0.0057490672916173935,87.44621276855469,0.7490418273009556,1,0.0
train,2-3-3-6_png.rf.ad6481acf876dab19382d72dd4c4729b.jpg,/mnt/tf_data/TechFin/home/group_6/Data/white_balance_copy_layers.v10-argmented-10x.coco-segmentation/train/2-3-3-6_png.rf.ad6481acf876dab19382d72dd4c4729b.jpg,425,543,7,png,largest_inner_median,largest_inner_median,2.3,3.6,8.28,5.9,313,5.749392985908253,16.0,40.0,0.4,6457,7175.0,0.0,1.0,-0.5474347135801289,-0.5542932895960528,-0.43827923624144083,-0.43827923624144083,-0.5474347135801289,-0.5474347135801289,-48.13855743408203,48.13855743408203,-48.066505432128906,-48.669612884521484,-38.46794128417969,-38.46794128417969,-48.066505432128906,-48.066505432128906,-48.066505432128906,111.0,111.0,87.9347915649414,-49.1749267578125,-10.236160278320312,38.93876647949219,0.44281411016634087,0.8122929930686951,15.06541919708252,0.003231319133192301,-0.006104338448494673,88.32907104492188,7.178389956355449,7,0.0
train,1-7-4-2-2-10-3_png.rf.61678f0602084ce8ab8564eff4254ea3.jpg,/mnt/tf_data/TechFin/home/group_6/Data/white_balance_copy_layers.v10-argmented-10x.coco-segmentation/train/1-7-4-2-2-10-3_png.rf.61678f0602084ce8ab8564eff4254ea3.jpg,426,546,2,2-10-3_png,largest_inner_median,largest_inner_median,1.7,4.2,7.14,5.9,5573,8.625868208041894,111.0,86.0,1.2906976744186047,123158,135294.0,0.0,1.0,-0.10333447069413151,-0.10579337530150765,-0.10270999264777483,-0.10270999264777483,-0.10333447069413151,-0.10333447069413151,-7.181196212768555,7.181196212768555,-7.181211471557617,-7.352092266082764,-7.137813568115234,-7.137813568115234,-7.181211471557617,-7.181211471557617,-7.181211471557617,4792.0,4792.0,69.49468231201172,-7.421009063720703,-6.0045921325683596,1.4164169311523436,0.020381659200815208,0.743083119392395,1.0963226556777954,-0.0006265340489335358,-0.002379915677011013,70.04124450683594,2.1308330629176795,2,0.0
train,1-4-4-8-6-10-6_png.rf.4c6d6e5257ddef4e0c3174bbe588323e.jpg,/mnt/tf_data/TechFin/home/group_6/Data/white_balance_copy_layers.v10-argmented-10x.coco-segmentation/train/1-4-4-8-6-10-6_png.rf.4c6d6e5257ddef4e0c3174bbe588323e.jpg,427,547,6,6-10-6_png,largest_inner_median,largest_inner_median,1.4,4.8,6.72,6.199999999999999,1921,7.561121589530238,41.0,130.0,0.3153846153846154,59686,66461.0,2.0,1.0045940689086914,-0.3468357811972443,-0.34770483574348254,-0.3407021579994684,-0.3407021579994684,-0.3468357811972443,-0.3468357811972443,-29.468128204345703,29.468128204345703,-29.510433197021484,-29.584270477294922,-28.989303588867188,-28.989303588867188,-29.510433197021484,-29.510433197021484,-29.510433197021484,1211.0,1211.0,84.9627685546875,-30.069313049316406,-17.23938751220703,12.829925537109375,0.15100644382664166,1.1191799640655518,6.120228290557861,0.0012467654887586832,-0.004859080538153648,86.11779022216797,5.515006787693643,6,0.0
train,1-4-4-2-12-10-5_png.rf.65041f47da3f6043a6e1d3edb367b07c.jpg,/mnt/tf_data/TechFin/home/group_6/Data/white_balance_copy_layers.v10-argmented-10x.coco-segmentation/train/1-4-4-2-12-10-5_png.rf.65041f47da3f6043a6e1d3edb367b07c.jpg,429,549,9,12-10-5_png,largest_inner_median,largest_inner_median,1.4,4.2,5.88,5.6,667,6.504288173536645,26.0,49.0,0.5306122448979592,13610,15124.0,0.0,1.0,-0.6513921937517276,-0.6546694005868952,-0.6439638641765137,-0.6439638641765137,-0.6513921937517276,-0.6513921937517276,-55.985904693603516,55.985904693603516,-55.96620178222656,-56.24787139892578,-55.32775115966797,-55.32775115966797,-55.96620178222656,-55.96620178222656,-55.96620178222656,393.0,393.0,85.94807434082031,-56.39269256591797,-26.859937286376972,29.532755279540996,0.3436115992829715,0.7553955912590027,13.5321044921875,0.0016848768573254347,-0.0026427586562931538,86.12305450439453,9.379896025328325,9,0.0
train,2-0-3-9_png.rf.785955a85736a5e67e9b6a8a7c4831f4.jpg,/mnt/tf_data/TechFin/home/group_6/Data/white_balance_copy_layers.v10-argmented-10x.coco-segmentation/train/2-0-3-9_png.rf.785955a85736a5e67e9b6a8a7c4831f4.jpg,430,550,7,png,largest_inner_median,largest_inner_median,2.0,3.9,7.8,5.9,321,5.7745515455444085,16.0,39.0,0.41025641025641024,6383,7093.0,0.0,1.0,-0.5007586618929069,-0.5095321034764502,-0.3960964435024132,-0.3960964435024132,-0.5007586618929069,-0.5007586618929069,-52.538719177246094,52.538719177246094,-52.488853454589844,-53.40934753417969,-41.507877349853516,-41.507877349853516,-52.488853454589844,-52.488853454589844,-52.488853454589844,120.0,120.0,104.91824340820312,-53.52105712890625,-8.176742553710938,45.34431457519531,0.43218713068589204,0.7862590551376343,17.10846519470215,-0.0060270242393016815,0.00327139999717474,104.86351013183594,6.880147820214298,7,0.0
train,1-7-3-9-3-10-2_png.rf.b03ff6a34f383348ed7eee086f2675a8.jpg,/mnt/tf_data/TechFin/home/group_6/Data/white_balance_copy_layers.v10-argmented-10x.coco-segmentation/train/1-7-3-9-3-10-2_png.rf.b03ff6a34f383348ed7eee086f2675a8.jpg,431,553,7,3-10-2_png,largest_inner_median,largest_inner_median,1.7,3.9,6.63,5.6,548,6.3080984415095305,41.0,25.0,1.64,13369,14853.0,0.0,1.0,-0.6144031438488603,-0.6165365005165895,-0.6049920546024861,-0.6049920546024861,-0.6144031438488603,-0.6144031438488603,-39.31983947753906,39.31983947753906,-39.32672882080078,-39.4632568359375,-38.724449157714844,-38.724449157714844,-39.32672882080078,-39.32672882080078,-39.32672882080078,305.0,305.0,63.99680709838867,-39.87144470214844,-19.1918643951416,20.679580307006837,0.3231345631855361,0.5632675290107727,8.931937217712402,0.00038918867358006537,0.0024567837826907635,63.8427734375,8.616409242386867,9,2.0
train,2-0-4-8_png.rf.81216612bf4cc1eaaa7787f1b0f9ef48.jpg,/mnt/tf_data/TechFin/home/group_6/Data/white_balance_copy_layers.v10-argmented-10x.coco-segmentation/train/2-0-4-8_png.rf.81216612bf4cc1eaaa7787f1b0f9ef48.jpg,432,556,7,png,largest_inner_median,largest_inner_median,2.0,4.8,9.6,6.8,502,6.220590170099739,46.0,17.0,2.7058823529411766,9239,10267.0,0.0,1.0,-0.4925100386646461,-0.5022369526789869,-0.48336634848902477,-0.48336634848902477,-0.4925100386646461,-0.4925100386646461,-44.686771392822266,44.686771392822266,-44.66791915893555,-45.55046844482422,-43.838287353515625,-43.838287353515625,-44.66791915893555,-44.66791915893555,-44.66791915893555,276.0,276.0,90.73271179199219,-46.061361694335936,-10.90000076293943,35.16136093139651,0.3875268383028727,0.6557520627975464,13.788182258605957,0.004111183807253838,-0.004107245709747076,90.50647735595703,6.775470939918746,7,0.0
train,1-7-4-8_png.rf.f6b11df4dd88af9fe6dc3c4fecd57f94.jpg,/mnt/tf_data/TechFin/home/group_6/Data/white_balance_copy_layers.v10-argmented-10x.coco-segmentation/train/1-7-4-8_png.rf.f6b11df4dd88af9fe6dc3c4fecd57f94.jpg,433,557,1,png,largest_inner_median,largest_inner_median,1.7,4.8,8.16,6.5,777,6.656726524178391,22.0,58.0,0.3793103448275862,15282,16982.0,0.0,1.219498223876953,-0.02676529321833483,-0.028206661164538745,-0.025217493002785443,-0.025217493002785443,-0.02676529321833483,-0.02676529321833483,-2.734272003173828,2.734272003173828,-2.5737533569335938,-2.7209997177124023,-2.4156341552734375,-2.4156341552734375,-2.5737533569335938,-2.5737533569335938,-2.5737533569335938,486.0,486.0,102.1573715209961,-2.9763839721679686,-1.6402420043945314,1.3361419677734372,0.013079251627953486,0.978580117225647,0.6239475607872009,0.006296584848314524,-0.0033605003263801336,102.27643585205078,1.1591530136335226,1,0.0
train,2-0-3-6_png.rf.45a770fa40f3b619a511511438dca61b.jpg,/mnt/tf_data/TechFin/home/group_6/Data/white_balance_copy_layers.v10-argmented-10x.coco-segmentation/train/2-0-3-6_png.rf.45a770fa40f3b619a511511438dca61b.jpg,434,558,7,png,largest_inner_median,largest_inner_median,2.0,3.6,7.2,5.6,337,5.823045895483019,17.0,40.0,0.425,6928,7698.0,0.0,1.0,-0.4936259247874919,-0.502208901756866,-0.35960164198914124,-0.35960164198914124,-0.4936259247874919,-0.4936259247874919,-53.17483139038086,53.17483139038086,-53.16452407836914,-54.089107513427734,-38.72703552246094,-38.72703552246094,-53.16452407836914,-53.16452407836914,-53.16452407836914,130.0,130.0,107.72293090820312,-54.05558319091797,-5.739158630371089,48.316424560546885,0.4485249719181896,0.7073858380317688,18.518945693969727,-0.002205978147685528,0.007193185389041901,107.2141342163086,6.78963178529527,7,0.0
train,1-4-4-5_png.rf.0ce487ca51c71aa583992ad22012015c.jpg,/mnt/tf_data/TechFin/home/group_6/Data/white_balance_copy_layers.v10-argmented-10x.coco-segmentation/train/1-4-4-5_png.rf.0ce487ca51c71aa583992ad22012015c.jpg,435,561,1,png,largest_inner_median,largest_inner_median,1.4,4.5,6.3,5.9,775,6.654152520183219,23.0,60.0,0.38333333333333336,17239,19155.0,0.0,1.0,-0.05665263747565626,-0.05763291695922364,-0.0549693667296829,-0.0549693667296829,-0.05665263747565626,-0.05665263747565626,-6.701881408691406,6.701881408691406,-6.7457122802734375,-6.861677169799805,-6.5465850830078125,-6.5465850830078125,-6.7457122802734375,-6.7457122802734375,-6.7457122802734375,468.0,468.0,118.29778289794922,-7.4510498046875,-2.9009857177734353,4.550064086914064,0.038462801038623214,0.5299664735794067,1.9303395748138428,0.008015758357942104,0.0011191093362867832,117.79216003417969,1.8325175578471722,2,1.0
train,1-1-4-8-6-10-6_png.rf.6bb3099fd6285633dbfeb737a5aadc02.jpg,/mnt/tf_data/TechFin/home/group_6/Data/white_balance_copy_layers.v10-argmented-10x.coco-segmentation/train/1-1-4-8-6-10-6_png.rf.6bb3099fd6285633dbfeb737a5aadc02.jpg,436,562,6,6-10-6_png,largest_inner_median,largest_inner_median,1.1,4.8,5.28,5.9,1807,7.4999765409521215,126.0,39.0,3.230769230769231,51951,57797.0,2.0,1.0,-0.2912627311651574,-0.29154014045847637,-0.28704452163418975,-0.28704452163418975,-0.2912627311651574,-0.2912627311651574,-33.01885223388672,33.01885223388672,-33.124916076660156,-33.15636444091797,-32.64672088623047,-32.64672088623047,-33.124916076660156,-33.124916076660156,-33.124916076660156,1077.0,1077.0,113.36449432373047,-33.66546630859375,-22.013169860839835,11.652296447753915,0.10278611938654193,1.080356240272522,6.351497173309326,0.00462521193549037,0.0004806511278729886,112.15538024902344,5.103859745489578,6,0.0
train,2-0-4-2_png.rf.50a3cf9897e65b5c3cfc7d147f4c02e0.jpg,/mnt/tf_data/TechFin/home/group_6/Data/white_balance_copy_layers.v10-argmented-10x.coco-segmentation/train/2-0-4-2_png.rf.50a3cf9897e65b5c3cfc7d147f4c02e0.jpg,437,563,8,png,largest_inner_median,largest_inner_median,2.0,4.2,8.4,6.2,1285,7.1592919047975645,77.0,29.0,2.6551724137931036,18800,20889.0,0.0,1.0,-0.6345765734852377,-0.6353393765005855,-0.6332637065103663,-0.6332637065103663,-0.6345765734852377,-0.6345765734852377,-56.211326599121094,56.211326599121094,-56.23616409301758,-56.303733825683594,-56.119869232177734,-56.119869232177734,-56.23616409301758,-56.23616409301758,-56.23616409301758,884.0,884.0,88.58084106445312,-57.92209014892578,-50.124559783935545,7.797530364990237,0.08802727848696541,1.0959111452102661,6.227646350860596,0.014770404435694218,-0.00469872634857893,86.59954071044922,8.578327155786246,9,1.0
train,1-4-4-8_png.rf.88cf206045f06ad2b5e3ecbe55e21fd0.jpg,/mnt/tf_data/TechFin/home/group_6/Data/white_balance_copy_layers.v10-argmented-10x.coco-segmentation/train/1-4-4-8_png.rf.88cf206045f06ad2b5e3ecbe55e21fd0.jpg,438,564,1,png,largest_inner_median,largest_inner_median,1.4,4.8,6.72,6.199999999999999,1611,7.385230923066573,43.0,122.0,0.3524590163934426,59971,66635.0,0.0,1.0,-0.10581792001235595,-0.056128843164611156,-0.06802629874933667,-0.06802629874933667,-0.10581792001235595,-0.10581792001235595,-11.813316345214844,11.813316345214844,-11.823173522949219,-6.27597713470459,-7.60418701171875,-7.60418701171875,-11.823173522949219,-11.823173522949219,-11.823173522949219,973.0,973.0,111.63814544677734,-17.038787841796875,-1.4585113525390625,15.580276489257812,0.13956050977831402,0.8605654239654541,5.6501145362854,-0.0038678280543535948,-0.0012773267226293683,112.28302001953125,2.4564360291332292,2,1.0
train,1-7-3-9-3-10-4_png.rf.2755e5b8ddff0cfebbc7339de6a2febb.jpg,/mnt/tf_data/TechFin/home/group_6/Data/white_balance_copy_layers.v10-argmented-10x.coco-segmentation/train/1-7-3-9-3-10-4_png.rf.2755e5b8ddff0cfebbc7339de6a2febb.jpg,439,565,3,3-10-4_png,largest_inner_median,largest_inner_median,1.7,3.9,6.63,5.6,639,6.461468176353717,53.0,24.0,2.2083333333333335,17048,18944.0,0.0,1.0,-0.18478561640502641,-0.18976573731363727,-0.17081230929679442,-0.17081230929679442,-0.18478561640502641,-0.18478561640502641,-11.733524322509766,11.733524322509766,-11.734148025512695,-12.050375938415527,-10.846870422363281,-10.846870422363281,-11.734148025512695,-11.734148025512695,-11.734148025512695,356.0,356.0,63.49803924560547,-12.383792877197266,-3.7240760803222654,8.659716796875,0.13637770393791043,0.44591620564460754,3.3338873386383057,-0.0011640401789918542,-0.0043773045763373375,63.83293151855469,3.164466384937245,3,0.0
train,2-3-3-9_png.rf.c5c6e9f30466347f7727ca11bb5832c4.jpg,/mnt/tf_data/TechFin/home/group_6/Data/white_balance_copy_layers.v10-argmented-10x.coco-segmentation/train/2-3-3-9_png.rf.c5c6e9f30466347f7727ca11bb5832c4.jpg,440,566,2,png,largest_inner_median,largest_inner_median,2.3,3.9,8.969999999999999,6.199999999999999,499,6.214608098422191,23.0,46.0,0.5,14278,15866.0,0.0,1.0,-0.10756109345987479,-0.10391478349198856,-0.09905211637641262,-0.09905211637641262,-0.10756109345987479,-0.10756109345987479,-11.292438507080078,11.292438507080078,-11.325752258300781,-10.942939758300781,-10.432426452636719,-10.432426452636719,-11.325752258300781,-11.325752258300781,-11.325752258300781,244.0,244.0,104.98627471923828,-12.307980346679686,-2.7431045532226563,9.56487579345703,0.09110596427043532,0.4772031009197235,3.467299461364746,-0.00030750350560992956,0.003348993370309472,104.6977767944336,1.5962949807060862,2,0.0
train,1-7-4-5-12-10-5_png.rf.f113c34a1a461c2b988e969890b946f1.jpg,/mnt/tf_data/TechFin/home/group_6/Data/white_balance_copy_layers.v10-argmented-10x.coco-segmentation/train/1-7-4-5-12-10-5_png.rf.f113c34a1a461c2b988e969890b946f1.jpg,441,567,9,12-10-5_png,largest_inner_median,largest_inner_median,1.7,4.5,7.6499999999999995,6.2,706,6.561030665896573,49.0,26.0,1.8846153846153846,13792,15326.0,0.0,1.0,-0.7444836954299221,-0.7473528665315584,-0.7343748644600746,-0.7343748644600746,-0.7444836954299221,-0.7444836954299221,-45.83487892150879,45.83487892150879,-45.74867248535156,-45.925315856933594,-45.126312255859375,-45.126312255859375,-45.74867248535156,-45.74867248535156,-45.74867248535156,431.0,431.0,61.56599426269531,-46.26739311218262,-20.111806869506836,26.15558624267578,0.4248382009567291,0.6091333031654358,11.628873825073242,-0.004103533923625946,-0.0024896259419620037,62.108367919921875,10.267160640508521,9,0.0
train,0-8-4-2-3-10-4_png.rf.8b974ce5fafa1b7273f4bec07328096b.jpg,/mnt/tf_data/TechFin/home/group_6/Data/white_balance_copy_layers.v10-argmented-10x.coco-segmentation/train/0-8-4-2-3-10-4_png.rf.8b974ce5fafa1b7273f4bec07328096b.jpg,442,568,3,3-10-4_png,largest_inner_median,largest_inner_median,0.8,4.2,3.3600000000000003,5.0,687,6.5337888379333435,53.0,23.0,2.3043478260869565,16439,17954.0,0.0,1.0,-0.16971087870931859,-0.17571484513217692,-0.1362716616206409,-0.1362716616206409,-0.16971087870931859,-0.16971087870931859,-21.948387145996094,21.948387145996094,-21.92638397216797,-22.702865600585938,-17.60175323486328,-17.60175323486328,-21.92638397216797,-21.92638397216797,-21.92638397216797,407.0,407.0,129.32810974121094,-24.464018249511717,-3.814021301269532,20.649996948242187,0.15967137376061083,0.5950519442558289,7.684001922607422,0.005735443904995918,0.003108949400484562,128.5912322998047,3.8554268905825366,4,1.0
train,1-4-3-9_png.rf.ae3d2402cecd8d852971f2d3c2f59947.jpg,/mnt/tf_data/TechFin/home/group_6/Data/white_balance_copy_layers.v10-argmented-10x.coco-segmentation/train/1-4-3-9_png.rf.ae3d2402cecd8d852971f2d3c2f59947.jpg,443,569,2,png,largest_inner_median,largest_inner_median,1.4,3.9,5.46,5.3,504,6.22455842927536,23.0,46.0,0.5,14266,15848.0,0.0,1.0,-0.12151137886070262,-0.1183206247937712,-0.11217511509058166,-0.11217511509058166,-0.12151137886070262,-0.12151137886070262,-14.924362182617188,14.924362182617188,-14.917366027832031,-14.525468826293945,-13.770660400390625,-13.770660400390625,-14.917366027832031,-14.917366027832031,-14.917366027832031,251.0,251.0,122.82275390625,-15.745637512207031,-3.1333946228027347,12.612242889404296,0.1026865339547032,0.4300191402435303,4.673132419586182,-0.0019630829337984324,0.00484709907323122,122.47779846191406,2.6555895445542426,3,1.0
train,2-0-3-3_png.rf.d997e09f68672a382c2bdef6011ea6ac.jpg,/mnt/tf_data/TechFin/home/group_6/Data/white_balance_copy_layers.v10-argmented-10x.coco-segmentation/train/2-0-3-3_png.rf.d997e09f68672a382c2bdef6011ea6ac.jpg,444,570,1,png,largest_inner_median,largest_inner_median,2.0,3.3,6.6,5.3,2496,7.822845290279774,38.0,87.0,0.4367816091954023,37657,41847.0,1.0,1.0,-0.02857748629609954,-0.03197359486630806,-0.02615618843369361,-0.02615618843369361,-0.02857748629609954,-0.02857748629609954,-2.9287109375,2.9287109375,-2.9294052124023438,-3.277449131011963,-2.681262969970703,-2.681262969970703,-2.9294052124023438,-2.9294052124023438,-2.9294052124023438,2013.0,2013.0,102.483154296875,-3.9951438903808594,-1.0678825378417969,2.9272613525390625,0.028563341679153635,0.7454517483711243,1.0612332820892334,-0.004329002927988768,-0.00292766559869051,103.31787872314453,0.8880627136453361,1,0.0
train,1-4-3-3_png.rf.e05d4446cd2d865274fc40c888dda059.jpg,/mnt/tf_data/TechFin/home/group_6/Data/white_balance_copy_layers.v10-argmented-10x.coco-segmentation/train/1-4-3-3_png.rf.e05d4446cd2d865274fc40c888dda059.jpg,445,571,2,png,largest_inner_median,largest_inner_median,1.4,3.3,4.619999999999999,4.699999999999999,508,6.2324480165505225,25.0,46.0,0.5434782608695652,15447,17165.0,0.0,1.0,-0.0935587927291585,-0.09755448309478754,-0.08467650607502053,-0.08467650607502053,-0.0935587927291585,-0.0935587927291585,-13.797325134277344,13.797325134277344,-13.777976989746094,-14.367230415344238,-12.468086242675781,-12.468086242675781,-13.777976989746094,-13.777976989746094,-13.777976989746094,246.0,246.0,147.4722442626953,-14.684432983398438,-4.6776199340820295,10.006813049316408,0.06785556902145645,0.5509585738182068,3.7180144786834717,0.0009507053764536977,-0.00544729782268405,147.9375762939453,2.3008649521619065,2,0.0
train,1-4-4-2-12-10-5_png.rf.6484775b21dbbaee47dc00a9aa173a6b.jpg,/mnt/tf_data/TechFin/home/group_6/Data/white_balance_copy_layers.v10-argmented-10x.coco-segmentation/train/1-4-4-2-12-10-5_png.rf.6484775b21dbbaee47dc00a9aa173a6b.jpg,446,572,9,12-10-5_png,largest_inner_median,largest_inner_median,1.4,4.2,5.88,5.6,666,6.502790045915623,49.0,26.0,1.8846153846153846,13666,15186.0,0.0,1.0,-0.6577529067380395,-0.6600100756561937,-0.6482677195061597,-0.6482677195061597,-0.6577529067380395,-0.6577529067380395,-56.5295295715332,56.5295295715332,-56.526241302490234,-56.72023010253906,-55.71105194091797,-55.71105194091797,-56.526241302490234,-56.526241302490234,-56.526241302490234,392.0,392.0,85.94341278076172,-57.388816833496094,-27.939809799194336,29.449007034301758,0.34265577874391634,0.7425481677055359,13.56207275390625,-0.0021854613441973925,-0.00010131999442819506,86.1667709350586,9.460614900883382,9,0.0
train,2-3-3-9_png.rf.0b45c5f24c14d2f984827c463efca3a0.jpg,/mnt/tf_data/TechFin/home/group_6/Data/white_balance_copy_layers.v10-argmented-10x.coco-segmentation/train/2-3-3-9_png.rf.0b45c5f24c14d2f984827c463efca3a0.jpg,447,573,7,png,largest_inner_median,largest_inner_median,2.3,3.9,8.969999999999999,6.199999999999999,310,5.739792912179234,17.0,41.0,0.4146341463414634,7194,7994.0,0.0,1.0,-0.562532629497667,-0.559333492015457,-0.45644130844386577,-0.45644130844386577,-0.562532629497667,-0.562532629497667,-47.83610153198242,47.83610153198242,-47.805179595947266,-47.53313446044922,-38.78348922729492,-38.78348922729492,-47.805179595947266,-47.805179595947266,-47.805179595947266,104.0,104.0,85.03702545166016,-48.94120445251465,-9.566517639160152,39.374686813354494,0.4630299167241837,0.7908298373222351,15.258292198181152,-0.008985727094113827,0.006265612784773111,84.82970428466797,7.369985898305836,7,0.0
train,1-7-3-9-3-10-2_png.rf.0316e5cec884147dd1a23f8cf88c1516.jpg,/mnt/tf_data/TechFin/home/group_6/Data/white_balance_copy_layers.v10-argmented-10x.coco-segmentation/train/1-7-3-9-3-10-2_png.rf.0316e5cec884147dd1a23f8cf88c1516.jpg,448,576,7,3-10-2_png,largest_inner_median,largest_inner_median,1.7,3.9,6.63,5.6,548,6.3080984415095305,41.0,25.0,1.64,13369,14853.0,0.0,1.0,-0.6144031438488603,-0.6165365005165895,-0.6049920546024861,-0.6049920546024861,-0.6144031438488603,-0.6144031438488603,-39.31983947753906,39.31983947753906,-39.32672882080078,-39.4632568359375,-38.724449157714844,-38.724449157714844,-39.32672882080078,-39.32672882080078,-39.32672882080078,305.0,305.0,63.99680709838867,-39.87144470214844,-19.1918643951416,20.679580307006837,0.3231345631855361,0.5632675290107727,8.931937217712402,0.00038918867358006537,0.0024567837826907635,63.8427734375,8.616409242386867,9,2.0
train,2-0-3-9_png.rf.0a4dd91fce94fc58b2a9e4612e818038.jpg,/mnt/tf_data/TechFin/home/group_6/Data/white_balance_copy_layers.v10-argmented-10x.coco-segmentation/train/2-0-3-9_png.rf.0a4dd91fce94fc58b2a9e4612e818038.jpg,449,577,1,png,largest_inner_median,largest_inner_median,2.0,3.9,7.8,5.9,1706,7.442492722794441,122.0,44.0,2.772727272727273,56891,63270.0,2.0,1.0,-0.07687532628726695,-0.04640366635751792,-0.048599450272657,-0.048599450272657,-0.07687532628726695,-0.07687532628726695,-7.3092193603515625,7.3092193603515625,-7.360725402832031,-4.46351432800293,-4.6722869873046875,-4.6722869873046875,-7.360725402832031,-7.360725402832031,-7.360725402832031,1062.0,1062.0,95.07887268066406,-11.341442108154297,-0.7230873107910156,10.618354797363281,0.11167943516775318,0.9109031558036804,3.822702407836914,0.00023338828759733588,-0.0045562018640339375,95.4092025756836,1.5009731443179177,2,1.0
train,2-0-3-9_png.rf.52fb702b54394e1eb80f32e9412a6d4c.jpg,/mnt/tf_data/TechFin/home/group_6/Data/white_balance_copy_layers.v10-argmented-10x.coco-segmentation/train/2-0-3-9_png.rf.52fb702b54394e1eb80f32e9412a6d4c.jpg,450,580,7,png,largest_inner_median,largest_inner_median,2.0,3.9,7.8,5.9,429,6.063785208687608,44.0,16.0,2.75,8527,9475.0,0.0,1.0,-0.4749143964716503,-0.4801379462838007,-0.4601209784100032,-0.4601209784100032,-0.4749143964716503,-0.4749143964716503,-46.1116943359375,46.1116943359375,-46.021087646484375,-46.52826690673828,-44.58472442626953,-44.58472442626953,-46.021087646484375,-46.021087646484375,-46.021087646484375,218.0,218.0,97.0947494506836,-47.304177856445314,-17.896563720703128,29.407614135742186,0.30287543149466506,0.7402260899543762,11.88992691040039,-0.007513878401368856,-0.002090257592499256,97.84709167480469,6.552178290880156,7,0.0
train,1-7-3-3_png.rf.a446b676a54abbf3d82aa97a3ca00f6c.jpg,/mnt/tf_data/TechFin/home/group_6/Data/white_balance_copy_layers.v10-argmented-10x.coco-segmentation/train/1-7-3-3_png.rf.a446b676a54abbf3d82aa97a3ca00f6c.jpg,451,583,7,png,largest_inner_median,largest_inner_median,1.7,3.3,5.609999999999999,5.0,434,6.075346031088684,47.0,19.0,2.473684210526316,10807,12009.0,0.0,1.0,-0.41268610510570647,-0.4126775908269204,-0.4055452135449234,-0.4055452135449234,-0.41268610510570647,-0.41268610510570647,-46.224483489990234,46.224483489990234,-46.22209548950195,-46.22114181518555,-45.4222526550293,-45.4222526550293,-46.22209548950195,-46.22209548950195,-46.22209548950195,204.0,204.0,112.00881958007812,-47.851914978027345,-20.701192474365236,27.15072250366211,0.24239807727150742,0.7818911075592041,12.155975341796875,-0.0061026932671666145,0.0034859401639550924,112.45175170898438,6.056574742279322,6,1.0
train,1-1-4-2_png.rf.a8ec38b0aa35e189fdeed4bc7054b59e.jpg,/mnt/tf_data/TechFin/home/group_6/Data/white_balance_copy_layers.v10-argmented-10x.coco-segmentation/train/1-1-4-2_png.rf.a8ec38b0aa35e189fdeed4bc7054b59e.jpg,452,584,1,png,largest_inner_median,largest_inner_median,1.1,4.2,4.620000000000001,5.300000000000001,1607,7.382746449738912,44.0,121.0,0.36363636363636365,47242,52492.0,0.0,1.234745910644531,-0.06279664594440566,-0.0065388841895596996,-0.0406688674833876,-0.0406688674833876,-0.06279664594440566,-0.06279664594440566,-8.430198669433594,8.430198669433594,-8.4962158203125,-0.9438362121582031,-5.5256500244140625,-5.5256500244140625,-8.4962158203125,-8.4962158203125,-8.4962158203125,967.0,967.0,134.24600219726562,-12.589083862304687,-1.0021392822265622,11.586944580078125,0.08631128220155022,1.1288481950759888,4.218064308166504,0.0030065288301557302,-0.0014775776071473956,134.31040954589844,2.2045738413510523,2,1.0
train,2-0-3-6_png.rf.4206585385d9d6e160c1381a66660934.jpg,/mnt/tf_data/TechFin/home/group_6/Data/white_balance_copy_layers.v10-argmented-10x.coco-segmentation/train/2-0-3-6_png.rf.4206585385d9d6e160c1381a66660934.jpg,453,585,7,png,largest_inner_median,largest_inner_median,2.0,3.6,7.2,5.6,337,5.823045895483019,17.0,40.0,0.425,6928,7698.0,0.0,1.0,-0.4936259247874919,-0.502208901756866,-0.35960164198914124,-0.35960164198914124,-0.4936259247874919,-0.4936259247874919,-53.17483139038086,53.17483139038086,-53.16452407836914,-54.089107513427734,-38.72703552246094,-38.72703552246094,-53.16452407836914,-53.16452407836914,-53.16452407836914,130.0,130.0,107.72293090820312,-54.05558319091797,-5.739158630371089,48.316424560546885,0.4485249719181896,0.7073858380317688,18.518945693969727,-0.002205978147685528,0.007193185389041901,107.2141342163086,6.78963178529527,7,0.0
train,1-1-3-9_png.rf.9d915d2df5113926528579d06ca15331.jpg,/mnt/tf_data/TechFin/home/group_6/Data/white_balance_copy_layers.v10-argmented-10x.coco-segmentation/train/1-1-3-9_png.rf.9d915d2df5113926528579d06ca15331.jpg,454,588,1,png,largest_inner_median,largest_inner_median,1.1,3.9,4.29,5.0,1565,7.356279876550748,121.0,42.0,2.880952380952381,45941,51047.0,0.0,1.2111052093505859,-0.04813072451645899,-0.028811034689984482,-0.03393070542879238,-0.03393070542879238,-0.04813072451645899,-0.04813072451645899,-6.948760986328125,6.948760986328125,-7.0608062744140625,-4.271571159362793,-5.010711669921875,-5.010711669921875,-7.0608062744140625,-7.0608062744140625,-7.0608062744140625,935.0,935.0,144.37266540527344,-10.388876342773438,-0.8188385009765621,9.570037841796875,0.06628704827837385,1.0806571245193481,3.4752345085144043,0.0014406507834792137,0.0029288921505212784,143.74429321289062,2.018460006441315,2,1.0
train,0-8-4-5-6-10-6_png.rf.94be8c2ed6d542cb9104859b3b07bee4.jpg,/mnt/tf_data/TechFin/home/group_6/Data/white_balance_copy_layers.v10-argmented-10x.coco-segmentation/train/0-8-4-5-6-10-6_png.rf.94be8c2ed6d542cb9104859b3b07bee4.jpg,455,589,6,6-10-6_png,largest_inner_median,largest_inner_median,0.8,4.5,3.6,5.3,2025,7.613818684808629,41.0,131.0,0.31297709923664124,60159,67018.0,2.0,1.1296183135986329,-0.3126420517138139,-0.31225390844225315,-0.30465735018430234,-0.30465735018430234,-0.3126420517138139,-0.3126420517138139,-42.654754638671875,42.654754638671875,-42.67864990234375,-42.625694274902344,-41.589271545410156,-41.589271545410156,-42.67864990234375,-42.67864990234375,-42.67864990234375,1273.0,1273.0,136.43319702148438,-43.95792999267578,-21.534974670410154,22.422955322265626,0.16435116827713597,1.2039566040039062,9.236978530883789,0.0016883262433111668,-0.004314682446420193,137.43307495117188,5.669255559084965,6,0.0
train,1-4-4-2-3-10_png.rf.e3750ae200a5faa3365b5be9523e0d23.jpg,/mnt/tf_data/TechFin/home/group_6/Data/white_balance_copy_layers.v10-argmented-10x.coco-segmentation/train/1-4-4-2-3-10_png.rf.e3750ae200a5faa3365b5be9523e0d23.jpg,456,590,3,3-10_png,largest_inner_median,largest_inner_median,1.4,4.2,5.88,5.6,1125,7.026426808699636,40.0,43.0,0.9302325581395349,22241,24713.0,0.0,1.0,-0.1914110526509026,-0.19345225888646328,-0.1878961315403702,-0.1878961315403702,-0.1914110526509026,-0.1914110526509026,-16.98406982421875,16.98406982421875,-16.946029663085938,-17.127147674560547,-16.63414764404297,-16.63414764404297,-16.946029663085938,-16.946029663085938,-16.946029663085938,805.0,805.0,88.73087310791016,-17.277851867675782,-11.577371215820312,5.70048065185547,0.0642446135396732,0.6818491816520691,3.027130603790283,-0.000827417999971658,-0.004336679819971323,89.17144775390625,3.54263209499665,4,1.0
train,0-8-3-6-2-10-3_png.rf.ce11139b9762e0067b27cdccda2f2ccb.jpg,/mnt/tf_data/TechFin/home/group_6/Data/white_balance_copy_layers.v10-argmented-10x.coco-segmentation/train/0-8-3-6-2-10-3_png.rf.ce11139b9762e0067b27cdccda2f2ccb.jpg,457,591,2,2-10-3_png,largest_inner_median,largest_inner_median,0.8,3.6,2.8800000000000003,4.4,5727,8.653121708640482,89.0,113.0,0.7876106194690266,119810,133332.0,2.0,1.1160560165405273,-0.06024001900674772,-0.05947382954062808,-0.060006088433064396,-0.060006088433064396,-0.06024001900674772,-0.06024001900674772,-10.314483642578125,10.314483642578125,-10.296096801757812,-10.164907455444336,-10.25604248046875,-10.25604248046875,-10.296096801757812,-10.296096801757812,-10.296096801757812,4926.0,4926.0,171.22311401367188,-10.57342529296875,-9.429782104492185,1.143643188476565,0.00667925703293334,1.105386734008789,1.6217796802520752,0.002289242809638381,-0.00036349674337543547,170.89346313476562,2.466217108557693,2,0.0
train,1-4-4-8_png.rf.98757c4ac59f2167d17c51f88fc8a47b.jpg,/mnt/tf_data/TechFin/home/group_6/Data/white_balance_copy_layers.v10-argmented-10x.coco-segmentation/train/1-4-4-8_png.rf.98757c4ac59f2167d17c51f88fc8a47b.jpg,459,593,8,png,largest_inner_median,largest_inner_median,1.4,4.8,6.72,6.199999999999999,1202,7.0925737159746784,76.0,26.0,2.923076923076923,22857,25443.0,2.0,1.0,-0.5635819961185418,-0.5616867365340277,-0.5622637269702669,-0.5622637269702669,-0.5635819961185418,-0.5635819961185418,-61.84496307373047,61.84496307373047,-61.826393127441406,-61.61841583251953,-61.681732177734375,-61.681732177734375,-61.826393127441406,-61.826393127441406,-61.826393127441406,816.0,816.0,109.73551940917969,-63.0360668182373,-49.37084732055663,13.665219497680674,0.12452868106201846,1.4665195941925049,8.389440536499023,-0.01645757257938385,0.004262377507984638,112.02246856689453,8.265564907028978,8,0.0
train,1-7-3-6_png.rf.4aa999cad155d62db9bdeb2722c92c2f.jpg,/mnt/tf_data/TechFin/home/group_6/Data/white_balance_copy_layers.v10-argmented-10x.coco-segmentation/train/1-7-3-6_png.rf.4aa999cad155d62db9bdeb2722c92c2f.jpg,460,594,2,png,largest_inner_median,largest_inner_median,1.7,3.6,6.12,5.3,540,6.293419278846481,25.0,46.0,0.5434782608695652,15641,17379.0,0.0,1.0,-0.15358232273449157,-0.15812618942434775,-0.13122385894681365,-0.13122385894681365,-0.15358232273449157,-0.15358232273449157,-20.50798797607422,20.50798797607422,-20.531410217285156,-21.13815689086914,-17.54586410522461,-17.54586410522461,-20.531410217285156,-20.531410217285156,-20.531410217285156,276.0,276.0,133.53091430664062,-21.579025268554688,-4.696731567382809,16.88229370117188,0.12642985176004523,0.5822502374649048,6.251315593719482,-0.0007431267877109349,0.008094768039882183,132.8325653076172,2.768489584204375,3,1.0
train,1-4-3-3_png.rf.6c12b27fc4600da0f778d31ef8828ceb.jpg,/mnt/tf_data/TechFin/home/group_6/Data/white_balance_copy_layers.v10-argmented-10x.coco-segmentation/train/1-4-3-3_png.rf.6c12b27fc4600da0f778d31ef8828ceb.jpg,461,595,1,png,largest_inner_median,largest_inner_median,1.4,3.3,4.619999999999999,4.699999999999999,836,6.729824070489475,60.0,24.0,2.5,17915,19907.0,0.0,1.0,-0.023377146583892727,-0.02380367187176012,-0.022110537871502692,-0.022110537871502692,-0.023377146583892727,-0.023377146583892727,-3.6470260620117188,3.6470260620117188,-3.6928176879882812,-3.759359121322632,-3.4952163696289062,-3.4952163696289062,-3.6928176879882812,-3.6928176879882812,-3.6928176879882812,526.0,526.0,156.0081787109375,-4.741203308105469,-1.9462661743164062,2.7949371337890625,0.017915324420059484,0.677327573299408,1.166049838066101,-0.0017680018208920956,-0.012860150076448917,156.86172485351562,1.410244109240731,1,0.0
train,1-7-3-6_png.rf.b6d1b522882cf77c5ff20af151754f6d.jpg,/mnt/tf_data/TechFin/home/group_6/Data/white_balance_copy_layers.v10-argmented-10x.coco-segmentation/train/1-7-3-6_png.rf.b6d1b522882cf77c5ff20af151754f6d.jpg,462,596,2,png,largest_inner_median,largest_inner_median,1.7,3.6,6.12,5.3,540,6.293419278846481,25.0,46.0,0.5434782608695652,15641,17379.0,0.0,1.0,-0.15358232273449157,-0.15812618942434775,-0.13122385894681365,-0.13122385894681365,-0.15358232273449157,-0.15358232273449157,-20.50798797607422,20.50798797607422,-20.531410217285156,-21.13815689086914,-17.54586410522461,-17.54586410522461,-20.531410217285156,-20.531410217285156,-20.531410217285156,276.0,276.0,133.53091430664062,-21.579025268554688,-4.696731567382809,16.88229370117188,0.12642985176004523,0.5822502374649048,6.251315593719482,-0.0007431267877109349,0.008094768039882183,132.8325653076172,2.768489584204375,3,1.0
train,1-1-4-8_png.rf.5c644d62c3d23e75341354edbb844799.jpg,/mnt/tf_data/TechFin/home/group_6/Data/white_balance_copy_layers.v10-argmented-10x.coco-segmentation/train/1-1-4-8_png.rf.5c644d62c3d23e75341354edbb844799.jpg,463,597,1,png,largest_inner_median,largest_inner_median,1.1,4.8,5.28,5.9,1557,7.351158226430694,121.0,42.0,2.880952380952381,45744,50828.0,0.0,1.0564961540222166,-0.064464210691277,-0.04073591081599263,-0.049783747092884995,-0.049783747092884995,-0.064464210691277,-0.064464210691277,-7.434783935546875,7.434783935546875,-7.514041900634766,-4.777410507202148,-5.820915222167969,-5.820915222167969,-7.514041900634766,-7.514041900634766,-7.514041900634766,930.0,930.0,115.33196258544922,-11.709442138671875,-1.264274597167965,10.44516754150391,0.0905661128740882,0.9941759705543518,3.7558343410491943,-0.0007426976226270199,-0.002762882737442851,115.7259521484375,2.225735612299116,2,1.0
train,1-4-3-6_png.rf.efafe3a2fbae419ba0efa1d150668f4d.jpg,/mnt/tf_data/TechFin/home/group_6/Data/white_balance_copy_layers.v10-argmented-10x.coco-segmentation/train/1-4-3-6_png.rf.efafe3a2fbae419ba0efa1d150668f4d.jpg,464,600,7,png,largest_inner_median,largest_inner_median,1.4,3.6,5.04,5.0,319,5.768320995793772,17.0,40.0,0.425,7004,7784.0,0.0,1.0,-0.3934310604679416,-0.4000465555968487,-0.31075887426932547,-0.31075887426932547,-0.3934310604679416,-0.3934310604679416,-56.56977462768555,56.56977462768555,-56.65251541137695,-57.603729248046875,-44.76543426513672,-44.76543426513672,-56.65251541137695,-56.65251541137695,-56.65251541137695,110.0,110.0,143.78573608398438,-57.61027374267578,-12.109475708007814,45.500798034667966,0.316448621914007,0.65418940782547,17.217817306518555,0.0021682754158973694,0.007003491278737783,143.14256286621094,6.106311340657814,6,1.0
train,0-8-3-9-6-10-6_png.rf.7727909cde990ecc79216d1b96fda888.jpg,/mnt/tf_data/TechFin/home/group_6/Data/white_balance_copy_layers.v10-argmented-10x.coco-segmentation/train/0-8-3-9-6-10-6_png.rf.7727909cde990ecc79216d1b96fda888.jpg,466,602,6,6-10-6_png,largest_inner_median,largest_inner_median,0.8,3.9,3.12,4.7,1826,7.510430556378006,39.0,129.0,0.3023255813953488,56325,61191.0,2.0,1.0,-0.2657756564107336,-0.26594333373708917,-0.2621777757679115,-0.2621777757679115,-0.2657756564107336,-0.2657756564107336,-40.44474792480469,40.44474792480469,-40.42439270019531,-40.44990921020508,-39.87688064575195,-39.87688064575195,-40.42439270019531,-40.42439270019531,-40.42439270019531,1094.0,1094.0,152.17626953125,-41.40507125854492,-24.42084503173828,16.98422622680664,0.11160890117180106,1.137918472290039,7.752124309539795,0.0005793282180093229,-0.004461210686713457,153.2590789794922,5.074510482813737,6,0.0
train,1-1-3-6_png.rf.08243bfb598ebb5010e79703137a0c7b.jpg,/mnt/tf_data/TechFin/home/group_6/Data/white_balance_copy_layers.v10-argmented-10x.coco-segmentation/train/1-1-3-6_png.rf.08243bfb598ebb5010e79703137a0c7b.jpg,468,604,1,png,largest_inner_median,largest_inner_median,1.1,3.6,3.9600000000000004,4.7,1573,7.3613754289773485,43.0,121.0,0.35537190082644626,52638,58488.0,0.0,1.2313072631835937,-0.05953957111320918,-0.04459889612938091,-0.043926742415576994,-0.043926742415576994,-0.05953957111320918,-0.05953957111320918,-9.284881591796875,9.284881591796875,-9.305648803710938,-6.975729465484619,-6.87091064453125,-6.87091064453125,-9.305648803710938,-9.305648803710938,-9.305648803710938,937.0,937.0,155.94471740722656,-13.36876220703125,-1.3143218994140626,12.054440307617186,0.07729944629120587,1.0829248428344727,4.291847229003906,-0.003338705049827695,-8.72448508744128e-05,156.23855590820312,2.1632408306431916,2,1.0
train,1-4-3-6_png.rf.792a0ff5ec95a6967de12beeb130d25c.jpg,/mnt/tf_data/TechFin/home/group_6/Data/white_balance_copy_layers.v10-argmented-10x.coco-segmentation/train/1-4-3-6_png.rf.792a0ff5ec95a6967de12beeb130d25c.jpg,469,607,7,png,largest_inner_median,largest_inner_median,1.4,3.6,5.04,5.0,319,5.768320995793772,17.0,40.0,0.425,7004,7784.0,0.0,1.0,-0.3934310604679416,-0.4000465555968487,-0.31075887426932547,-0.31075887426932547,-0.3934310604679416,-0.3934310604679416,-56.56977462768555,56.56977462768555,-56.65251541137695,-57.603729248046875,-44.76543426513672,-44.76543426513672,-56.65251541137695,-56.65251541137695,-56.65251541137695,110.0,110.0,143.78573608398438,-57.61027374267578,-12.109475708007814,45.500798034667966,0.316448621914007,0.65418940782547,17.217817306518555,0.0021682754158973694,0.007003491278737783,143.14256286621094,6.106311340657814,6,1.0
train,2-0-3-6_png.rf.af85a514ee9ace5d9b5ad4a8b69c2652.jpg,/mnt/tf_data/TechFin/home/group_6/Data/white_balance_copy_layers.v10-argmented-10x.coco-segmentation/train/2-0-3-6_png.rf.af85a514ee9ace5d9b5ad4a8b69c2652.jpg,470,608,8,png,largest_inner_median,largest_inner_median,2.0,3.6,7.2,5.6,1073,6.97914527506881,73.0,23.0,3.1739130434782608,15433,17124.0,2.0,1.0,-0.6162048016237067,-0.6145054950130552,-0.6150108826389721,-0.6150108826389721,-0.6162048016237067,-0.6162048016237067,-56.99987030029297,56.99987030029297,-56.99822998046875,-56.841041564941406,-56.88779067993164,-56.88779067993164,-56.99822998046875,-56.99822998046875,-56.99822998046875,711.0,711.0,92.50150299072266,-57.699614715576175,-51.704165649414065,5.995449066162109,0.06481461243676676,1.1000339984893799,5.285034656524658,0.013451714999973774,-0.0032260119915008545,90.69026947021484,8.345185247039838,8,0.0
train,1-5-4-2-1_png.rf.dc8c4f3dc698447e865144a9afb43e1e.jpg,/mnt/tf_data/TechFin/home/group_6/Data/white_balance_copy_layers.v10-argmented-10x.coco-segmentation/train/1-5-4-2-1_png.rf.dc8c4f3dc698447e865144a9afb43e1e.jpg,471,609,1,1_png,largest_inner_median,largest_inner_median,1.5,4.2,6.300000000000001,5.7,2479,7.8160138391590275,87.0,39.0,2.230769230769231,38210,42468.0,1.0,1.0,-0.02749832258257713,-0.030727269239299387,-0.02527352587683467,-0.02527352587683467,-0.02749832258257713,-0.02749832258257713,-3.362834930419922,3.362834930419922,-3.415393829345703,-3.810269355773926,-3.1433181762695312,-3.1433181762695312,-3.415393829345703,-3.415393829345703,-3.415393829345703,1990.0,1990.0,122.29236602783203,-4.149853515625,-1.3056686401367188,2.8441848754882812,0.023257256097579997,0.8721168637275696,1.109329104423523,-0.002421834971755743,0.0055997236631810665,122.27485656738281,1.364513612084889,1,0.0
train,1-5-4-2-1_png.rf.f221ee518c6b279300e987aba484fe93.jpg,/mnt/tf_data/TechFin/home/group_6/Data/white_balance_copy_layers.v10-argmented-10x.coco-segmentation/train/1-5-4-2-1_png.rf.f221ee518c6b279300e987aba484fe93.jpg,472,610,1,1_png,largest_inner_median,largest_inner_median,1.5,4.2,6.300000000000001,5.7,2482,7.817222785508166,87.0,39.0,2.230769230769231,38310,42587.0,1.0,1.0,-0.026007540339732033,-0.02670119580552382,-0.024576944542842573,-0.024576944542842573,-0.026007540339732033,-0.026007540339732033,-3.180500030517578,3.180500030517578,-3.23779296875,-3.3226211071014404,-3.0628433227539062,-3.0628433227539062,-3.23779296875,-3.23779296875,-3.23779296875,1993.0,1993.0,122.29145812988281,-3.8687431335449216,-1.1950759887695312,2.6736671447753904,0.021863073559363018,0.8653872609138489,1.0144479274749756,0.002373070688918233,-0.006221896503120661,122.36234283447266,1.3455952507944395,1,0.0
train,1-4-4-2_png.rf.5bb07140f3a8e9527058f8b9e2d520f7.jpg,/mnt/tf_data/TechFin/home/group_6/Data/white_balance_copy_layers.v10-argmented-10x.coco-segmentation/train/1-4-4-2_png.rf.5bb07140f3a8e9527058f8b9e2d520f7.jpg,473,613,7,png,largest_inner_median,largest_inner_median,1.4,4.2,5.88,5.6,424,6.052089168924417,40.0,16.0,2.5,7936,8818.0,0.0,1.0,-0.40276199260213186,-0.4063483330431512,-0.3984594817736001,-0.3984594817736001,-0.40276199260213186,-0.40276199260213186,-48.428466796875,48.428466796875,-48.35877227783203,-48.78999710083008,-47.841434478759766,-47.841434478759766,-48.35877227783203,-48.35877227783203,-48.35877227783203,219.0,219.0,120.24090576171875,-49.624691009521484,-21.969596099853515,27.65509490966797,0.2299973934367397,0.6503448486328125,12.703214645385742,-0.003772816387936473,0.004613266792148352,120.4039077758789,6.224722963910304,6,1.0
train,1-1-4-8_png.rf.d2f6a7fcede7201c7cf8f4c5c9fa2c69.jpg,/mnt/tf_data/TechFin/home/group_6/Data/white_balance_copy_layers.v10-argmented-10x.coco-segmentation/train/1-1-4-8_png.rf.d2f6a7fcede7201c7cf8f4c5c9fa2c69.jpg,474,614,1,png,largest_inner_median,largest_inner_median,1.1,4.8,5.28,5.9,1555,7.349873704738337,121.0,42.0,2.880952380952381,46145,51273.0,0.0,1.098568684387207,-0.0642668590576831,-0.04265076310921222,-0.04662159359849629,-0.04662159359849629,-0.0642668590576831,-0.0642668590576831,-7.412528991699219,7.412528991699219,-7.4912872314453125,-4.9980902671813965,-5.456085205078125,-5.456085205078125,-7.4912872314453125,-7.4912872314453125,-7.4912872314453125,928.0,928.0,115.33983612060547,-12.092269897460938,-1.101849365234375,10.990420532226562,0.09528729103390084,1.0199799537658691,3.9172208309173584,0.0006190175772644579,0.002744579454883933,114.94003295898438,2.223231175770234,2,1.0
train,1-1-3-3_png.rf.1a7af0f20a9508946184b7a67c0dad38.jpg,/mnt/tf_data/TechFin/home/group_6/Data/white_balance_copy_layers.v10-argmented-10x.coco-segmentation/train/1-1-3-3_png.rf.1a7af0f20a9508946184b7a67c0dad38.jpg,475,615,1,png,largest_inner_median,largest_inner_median,1.1,3.3,3.63,4.4,1557,7.351158226430694,44.0,122.0,0.36065573770491804,59150,65743.0,1.0,1.0,-0.0597896321638952,-0.03215478774295844,-0.03702434352832801,-0.03702434352832801,-0.0597896321638952,-0.0597896321638952,-10.05419921875,10.05419921875,-10.058929443359375,-5.411865711212158,-6.2307281494140625,-6.2307281494140625,-10.058929443359375,-10.058929443359375,-10.058929443359375,916.0,916.0,168.15957641601562,-14.903872680664062,-1.1933258056640619,13.710546875,0.08153295320559692,0.9489903450012207,4.871872901916504,-0.004065605346113443,-0.0011743182549253106,168.80560302734375,2.166414161506403,2,1.0
train,1-4-4-5_png.rf.3ef440770ce2c0236e8f8b2e1b05c827.jpg,/mnt/tf_data/TechFin/home/group_6/Data/white_balance_copy_layers.v10-argmented-10x.coco-segmentation/train/1-4-4-5_png.rf.3ef440770ce2c0236e8f8b2e1b05c827.jpg,476,616,1,png,largest_inner_median,largest_inner_median,1.4,4.5,6.3,5.9,1654,7.411556287811163,122.0,42.0,2.9047619047619047,58607,65206.0,2.0,1.0,-0.10058571625315696,-0.059472774800914036,-0.06626357856816378,-0.06626357856816378,-0.10058571625315696,-0.10058571625315696,-12.024795532226562,12.024795532226562,-12.028610229492188,-7.113650798797607,-7.92547607421875,-7.92547607421875,-12.028610229492188,-12.028610229492188,-12.028610229492188,1019.0,1019.0,119.54774475097656,-17.51435317993164,-1.660663604736328,15.853689575195311,0.1326138741322078,0.8823308944702148,5.687814712524414,0.0016223191050812602,-0.00325656752102077,119.42237854003906,2.3900381889812925,2,1.0
train,1-4-4-5-12-10-5_png.rf.426533e3cb45b0321da67dd1c36ff992.jpg,/mnt/tf_data/TechFin/home/group_6/Data/white_balance_copy_layers.v10-argmented-10x.coco-segmentation/train/1-4-4-5-12-10-5_png.rf.426533e3cb45b0321da67dd1c36ff992.jpg,477,617,9,12-10-5_png,largest_inner_median,largest_inner_median,1.4,4.5,6.3,5.9,671,6.51025834052315,26.0,49.0,0.5306122448979592,13747,15275.0,0.0,1.0,-0.659681988130848,-0.659624576381388,-0.6502330344253021,-0.6502330344253021,-0.659681988130848,-0.659681988130848,-56.23679733276367,56.23679733276367,-56.17112350463867,-56.166229248046875,-55.36561584472656,-55.36561584472656,-56.17112350463867,-56.17112350463867,-56.17112350463867,399.0,399.0,85.24834442138672,-57.04794692993164,-28.993385314941406,28.054561614990234,0.32909215780561285,0.7830814123153687,13.298877716064453,-0.008435333147644997,0.0038400304038077593,85.32601928710938,9.485095376769776,9,0.0
train,1-4-4-2_png.rf.c7c30953a09429346b5e37509139090d.jpg,/mnt/tf_data/TechFin/home/group_6/Data/white_balance_copy_layers.v10-argmented-10x.coco-segmentation/train/1-4-4-2_png.rf.c7c30953a09429346b5e37509139090d.jpg,478,618,8,png,largest_inner_median,largest_inner_median,1.4,4.2,5.88,5.6,1276,7.152268856032539,31.0,78.0,0.3974358974358974,23521,26190.0,1.0,1.0,-0.5418250323152133,-0.5489029261230312,-0.5401615194912327,-0.5401615194912327,-0.5418250323152133,-0.5418250323152133,-61.37653350830078,61.37653350830078,-61.358001708984375,-62.159767150878906,-61.16956329345703,-61.16956329345703,-61.358001708984375,-61.358001708984375,-61.358001708984375,865.0,865.0,113.27740478515625,-62.615678787231445,-49.13819122314453,13.477487564086914,0.11897772190004294,1.210414171218872,7.7787041664123535,-0.006110751535743475,-0.015423662960529327,116.07823181152344,7.9894641526833485,8,0.0
train,1-4-4-5_png.rf.743c096448b283c2df65b7dc5a394803.jpg,/mnt/tf_data/TechFin/home/group_6/Data/white_balance_copy_layers.v10-argmented-10x.coco-segmentation/train/1-4-4-5_png.rf.743c096448b283c2df65b7dc5a394803.jpg,479,619,1,png,largest_inner_median,largest_inner_median,1.4,4.5,6.3,5.9,2517,7.831220214604293,38.0,88.0,0.4318181818181818,42051,46736.0,1.0,1.0,-0.04843673000405645,-0.049212889920338565,-0.04687297938645762,-0.04687297938645762,-0.04843673000405645,-0.04843673000405645,-5.766639709472656,5.766639709472656,-5.803215026855469,-5.895620822906494,-5.617042541503906,-5.617042541503906,-5.803215026855469,-5.803215026855469,-5.803215026855469,2027.0,2027.0,119.05509948730469,-6.573933410644531,-3.0820281982421873,3.4919052124023438,0.029330160803189276,0.8100523948669434,1.405800461769104,0.004615853074938059,0.0034863054752349854,118.08447265625,1.7282558478471965,2,1.0
train,2-0-3-9_png.rf.487fb31c697447edcc0a79706b1908b1.jpg,/mnt/tf_data/TechFin/home/group_6/Data/white_balance_copy_layers.v10-argmented-10x.coco-segmentation/train/2-0-3-9_png.rf.487fb31c697447edcc0a79706b1908b1.jpg,480,622,7,png,largest_inner_median,largest_inner_median,2.0,3.9,7.8,5.9,429,6.063785208687608,44.0,16.0,2.75,8527,9475.0,0.0,1.0,-0.4749143964716503,-0.4801379462838007,-0.4601209784100032,-0.4601209784100032,-0.4749143964716503,-0.4749143964716503,-46.1116943359375,46.1116943359375,-46.021087646484375,-46.52826690673828,-44.58472442626953,-44.58472442626953,-46.021087646484375,-46.021087646484375,-46.021087646484375,218.0,218.0,97.0947494506836,-47.304177856445314,-17.896563720703128,29.407614135742186,0.30287543149466506,0.7402260899543762,11.88992691040039,-0.007513878401368856,-0.002090257592499256,97.84709167480469,6.552178290880156,7,0.0
train,1-1-3-6_png.rf.9b081be4625422fa7d79c5dd440343e1.jpg,/mnt/tf_data/TechFin/home/group_6/Data/white_balance_copy_layers.v10-argmented-10x.coco-segmentation/train/1-1-3-6_png.rf.9b081be4625422fa7d79c5dd440343e1.jpg,481,625,7,png,largest_inner_median,largest_inner_median,1.1,3.6,3.9600000000000004,4.7,472,6.159095388491933,45.0,18.0,2.5,9657,10731.0,0.0,1.0,-0.4006695401721768,-0.4039819799539598,-0.3892290713819681,-0.3892290713819681,-0.4006695401721768,-0.4006695401721768,-52.3621826171875,52.3621826171875,-52.35597229003906,-52.78886413574219,-50.86085510253906,-50.86085510253906,-52.35597229003906,-52.35597229003906,-52.35597229003906,247.0,247.0,130.68670654296875,-53.87009124755859,-20.3601448059082,33.50994644165039,0.2564143464020389,0.760158896446228,13.914328575134277,-0.006058525759726763,-0.003091305261477828,131.36483764648438,6.4922567098107224,6,1.0
train,1-7-4-8_png.rf.c849c03211fb9ef7929718227b3cecaf.jpg,/mnt/tf_data/TechFin/home/group_6/Data/white_balance_copy_layers.v10-argmented-10x.coco-segmentation/train/1-7-4-8_png.rf.c849c03211fb9ef7929718227b3cecaf.jpg,482,626,1,png,largest_inner_median,largest_inner_median,1.7,4.8,8.16,6.5,2519,7.832014180505469,88.0,39.0,2.2564102564102564,38571,42969.0,2.0,1.0,-0.012256239222457539,-0.007366505729584168,-0.010444309438701246,-0.010444309438701246,-0.012256239222457539,-0.012256239222457539,-1.238250732421875,1.238250732421875,-1.2844696044921875,-0.7904586791992188,-1.101409912109375,-1.101409912109375,-1.2844696044921875,-1.2844696044921875,-1.2844696044921875,2029.0,2029.0,101.03023529052734,-2.2769515991210936,-0.0314682006835935,2.2454833984375,0.022225855378642655,0.9693663120269775,0.908097505569458,0.0017460111994296312,-0.00810240488499403,101.35604095458984,0.9750298616480264,1,0.0
train,2-0-3-9_png.rf.1a8db5b0af49998942eca542bc04039d.jpg,/mnt/tf_data/TechFin/home/group_6/Data/white_balance_copy_layers.v10-argmented-10x.coco-segmentation/train/2-0-3-9_png.rf.1a8db5b0af49998942eca542bc04039d.jpg,483,627,8,png,largest_inner_median,largest_inner_median,2.0,3.9,7.8,5.9,1328,7.192182058713246,77.0,27.0,2.8518518518518516,20831,23147.0,0.0,1.0,-0.6328938047773279,-0.6362019996893029,-0.6309136136433221,-0.6309136136433221,-0.6328938047773279,-0.6328938047773279,-57.62666320800781,57.62666320800781,-57.6197509765625,-57.92097091674805,-57.439449310302734,-57.439449310302734,-57.6197509765625,-57.6197509765625,-57.6197509765625,934.0,934.0,91.05265808105469,-59.32687644958496,-48.736982345581055,10.589894104003903,0.11630516150969283,1.0763742923736572,7.423508644104004,0.01169187668710947,-0.0037671413738280535,89.44988250732422,8.556972443159845,9,1.0
train,1-4-3-3_png.rf.9c6af47c9d62466212c17539682c52c7.jpg,/mnt/tf_data/TechFin/home/group_6/Data/white_balance_copy_layers.v10-argmented-10x.coco-segmentation/train/1-4-3-3_png.rf.9c6af47c9d62466212c17539682c52c7.jpg,484,628,8,png,largest_inner_median,largest_inner_median,1.4,3.3,4.619999999999999,4.699999999999999,1391,7.238496840894365,46.0,43.0,1.069767441860465,25911,28791.0,0.0,1.0,-0.41048383009209305,-0.40602476372066215,-0.40826961133077705,-0.40826961133077705,-0.41048383009209305,-0.41048383009209305,-63.39385223388672,63.39385223388672,-63.392738342285156,-62.70409393310547,-63.05078125,-63.05078125,-63.392738342285156,-63.392738342285156,-63.392738342285156,1053.0,1053.0,154.43690490722656,-67.78263092041016,-33.08300018310547,34.69963073730469,0.22468483655606458,0.6107073426246643,15.355441093444824,0.0014930511824786663,-0.003938134294003248,154.63714599609375,6.322714814941765,6,2.0
train,2-0-3-6_png.rf.b5433738daad0efb003f385b8129dcc7.jpg,/mnt/tf_data/TechFin/home/group_6/Data/white_balance_copy_layers.v10-argmented-10x.coco-segmentation/train/2-0-3-6_png.rf.b5433738daad0efb003f385b8129dcc7.jpg,485,629,8,png,largest_inner_median,largest_inner_median,2.0,3.6,7.2,5.6,1377,7.228388451573604,44.0,45.0,0.9777777777777777,25401,28225.0,0.0,1.0,-0.49124300302523183,-0.4968852209614117,-0.4843909497461452,-0.4843909497461452,-0.49124300302523183,-0.49124300302523183,-55.33067321777344,55.33067321777344,-55.362098693847656,-55.99760437011719,-54.59032440185547,-54.59032440185547,-55.362098693847656,-55.362098693847656,-55.362098693847656,1039.0,1039.0,112.63401794433594,-57.722679901123044,-29.331532287597625,28.39114761352542,0.2520654783669034,0.7608234286308289,12.705998420715332,0.003226621774956584,0.00375070096924901,112.01339721679688,6.759391973249161,7,1.0
train,1-7-3-3_png.rf.23e9327ed79527f149c95d2a7d64545f.jpg,/mnt/tf_data/TechFin/home/group_6/Data/white_balance_copy_layers.v10-argmented-10x.coco-segmentation/train/1-7-3-3_png.rf.23e9327ed79527f149c95d2a7d64545f.jpg,486,630,2,png,largest_inner_median,largest_inner_median,1.7,3.3,5.609999999999999,5.0,535,6.284134161070802,25.0,46.0,0.5434782608695652,15690,17433.0,0.0,1.0,-0.1381768061654118,-0.13733948512813407,-0.12448207633852339,-0.12448207633852339,-0.1381768061654118,-0.1381768061654118,-20.149383544921875,20.149383544921875,-20.130943298339844,-20.00884246826172,-18.133934020996094,-18.133934020996094,-20.130943298339844,-20.130943298339844,-20.130943298339844,271.0,271.0,145.8231964111328,-20.84381561279297,-3.8186553955078106,17.02516021728516,0.1167520712499303,0.49253156781196594,6.318469524383545,0.002472023479640484,0.003957799635827541,145.33351135253906,2.572990120940282,3,1.0
train,1-4-4-2-3-10_png.rf.e9f0756e450c3ae4f416aa8bc3284735.jpg,/mnt/tf_data/TechFin/home/group_6/Data/white_balance_copy_layers.v10-argmented-10x.coco-segmentation/train/1-4-4-2-3-10_png.rf.e9f0756e450c3ae4f416aa8bc3284735.jpg,487,631,3,3-10_png,largest_inner_median,largest_inner_median,1.4,4.2,5.88,5.6,1123,7.024649030453636,43.0,40.0,1.075,22220,24690.0,0.0,1.0,-0.1897567546412219,-0.19166708957990522,-0.18595096557543583,-0.18595096557543583,-0.1897567546412219,-0.1897567546412219,-16.83087921142578,16.83087921142578,-16.78845977783203,-16.957901000976562,-16.450897216796875,-16.450897216796875,-16.78845977783203,-16.78845977783203,-16.78845977783203,805.0,805.0,88.69712829589844,-17.23303680419922,-10.969198608398413,6.2638381958008065,0.0706205298429088,0.6992250680923462,3.0922467708587646,0.005046223755925894,-0.0009535635472275317,88.34122467041016,3.5216386819214565,4,1.0
train,1-4-3-9_png.rf.5032cc43fe56d515efd97cac6de3761c.jpg,/mnt/tf_data/TechFin/home/group_6/Data/white_balance_copy_layers.v10-argmented-10x.coco-segmentation/train/1-4-3-9_png.rf.5032cc43fe56d515efd97cac6de3761c.jpg,488,632,8,png,largest_inner_median,largest_inner_median,1.4,3.9,5.46,5.3,1203,7.093404625868766,78.0,29.0,2.689655172413793,18477,20507.0,0.0,1.0,-0.5273842639353113,-0.5295051879157034,-0.5255742431324809,-0.5255742431324809,-0.5273842639353113,-0.5273842639353113,-60.392547607421875,60.392547607421875,-60.44109344482422,-60.68396759033203,-60.233821868896484,-60.233821868896484,-60.44109344482422,-60.44109344482422,-60.44109344482422,800.0,800.0,114.51336669921875,-61.704708862304685,-50.210731506347656,11.493977355957028,0.10037236426859367,1.0101372003555298,6.76333475112915,0.013175240717828274,-0.006687199231237173,112.84648132324219,7.806207560492325,8,0.0
train,1-7-4-5_png.rf.a5414f63f70111ba0365b969c8c0980a.jpg,/mnt/tf_data/TechFin/home/group_6/Data/white_balance_copy_layers.v10-argmented-10x.coco-segmentation/train/1-7-4-5_png.rf.a5414f63f70111ba0365b969c8c0980a.jpg,489,633,8,png,largest_inner_median,largest_inner_median,1.7,4.5,7.6499999999999995,6.2,1322,7.187657164114956,33.0,76.0,0.4342105263157895,25961,28904.0,1.0,1.0,-0.570251440032819,-0.5723564744983618,-0.5686920788701602,-0.5686920788701602,-0.570251440032819,-0.570251440032819,-55.910919189453125,55.910919189453125,-55.904510498046875,-56.11090087890625,-55.75162124633789,-55.75162124633789,-55.904510498046875,-55.904510498046875,-55.904510498046875,909.0,909.0,98.04608154296875,-57.589971923828124,-46.845236968994136,10.744734954833987,0.10958862185762214,1.2867847681045532,7.005668640136719,0.00474602822214365,0.014524081721901894,95.53007507324219,8.056114210439953,8,0.0
train,1-7-3-9_png.rf.39a7650d5847262648165defb232aed8.jpg,/mnt/tf_data/TechFin/home/group_6/Data/white_balance_copy_layers.v10-argmented-10x.coco-segmentation/train/1-7-3-9_png.rf.39a7650d5847262648165defb232aed8.jpg,490,634,2,png,largest_inner_median,largest_inner_median,1.7,3.9,6.63,5.6,553,6.317164686747284,47.0,25.0,1.88,15886,17650.0,0.0,1.0,-0.17192448851021053,-0.1796990061750552,-0.15160943578253655,-0.15160943578253655,-0.17192448851021053,-0.17192448851021053,-21.253482818603516,21.253482818603516,-21.308013916015625,-22.269107818603516,-18.796646118164062,-18.796646118164062,-21.308013916015625,-21.308013916015625,-21.308013916015625,287.0,287.0,123.62103271484375,-22.241841125488282,-3.57919921875,18.662641906738283,0.15096655882002977,0.5915966629981995,7.044871807098389,-0.00571015477180481,0.004693306051194668,123.92351531982422,3.0012557850762924,3,1.0
train,2-1-4-2-1_png.rf.8b7c7490369d01a0cc5ed1f2c872f043.jpg,/mnt/tf_data/TechFin/home/group_6/Data/white_balance_copy_layers.v10-argmented-10x.coco-segmentation/train/2-1-4-2-1_png.rf.8b7c7490369d01a0cc5ed1f2c872f043.jpg,491,635,1,1_png,largest_inner_median,largest_inner_median,2.1,4.2,8.82,6.300000000000001,2625,7.873217054862741,43.0,90.0,0.4777777777777778,42242,46936.0,0.0,1.0,-0.020227780420740357,-0.02211729047158079,-0.01883972101886339,-0.01883972101886339,-0.020227780420740357,-0.020227780420740357,-1.7604942321777344,1.7604942321777344,-1.8100166320800781,-1.9744672775268555,-1.689208984375,-1.689208984375,-1.8100166320800781,-1.8100166320800781,-1.8100166320800781,2058.0,2058.0,87.03348541259766,-2.27099609375,0.2504577636718734,2.5214538574218732,0.028971077573975976,0.8813675045967102,1.03355872631073,-0.004926311317831278,-0.00014758673205506057,87.49217987060547,0.6840739262287956,1,0.0
train,2-0-3-6_png.rf.17efbd6b1a81f1b2d1125b8e14c2ab8b.jpg,/mnt/tf_data/TechFin/home/group_6/Data/white_balance_copy_layers.v10-argmented-10x.coco-segmentation/train/2-0-3-6_png.rf.17efbd6b1a81f1b2d1125b8e14c2ab8b.jpg,492,638,7,png,largest_inner_median,largest_inner_median,2.0,3.6,7.2,5.6,389,5.966146739123692,43.0,15.0,2.8666666666666667,7548,8388.0,0.0,1.0,-0.4644050101334191,-0.4660330159235928,-0.45528343355517314,-0.45528343355517314,-0.4644050101334191,-0.4644050101334191,-46.080101013183594,46.080101013183594,-46.011138916015625,-46.17267608642578,-45.10606002807617,-45.10606002807617,-46.011138916015625,-46.011138916015625,-46.011138916015625,186.0,186.0,99.22395324707031,-47.00587463378906,-31.582734680175797,15.423139953613266,0.15543766851547663,0.6752825975418091,7.637042999267578,-0.006287009920924902,0.0029944840352982283,99.6912612915039,6.418811819256419,6,1.0
train,1-1-3-9_png.rf.6637fd894b29d87ab1b6df1312836d84.jpg,/mnt/tf_data/TechFin/home/group_6/Data/white_balance_copy_layers.v10-argmented-10x.coco-segmentation/train/1-1-3-9_png.rf.6637fd894b29d87ab1b6df1312836d84.jpg,493,639,8,png,largest_inner_median,largest_inner_median,1.1,3.9,4.29,5.0,1467,7.291656209174461,78.0,30.0,2.6,27956,31121.0,2.0,1.0,-0.5516986952657383,-0.5609516767432419,-0.5479357864230188,-0.5479357864230188,-0.5516986952657383,-0.5516986952657383,-65.17313766479492,65.17313766479492,-65.1266860961914,-66.21975708007812,-64.68216705322266,-64.68216705322266,-65.1266860961914,-65.1266860961914,-65.1266860961914,1057.0,1057.0,118.13175964355469,-66.69610290527343,-41.57399444580078,25.122108459472656,0.21266176458621242,1.3323156833648682,12.056647300720215,0.012986956164240837,-0.00620294502004981,116.52139282226562,8.408850588738629,8,0.0
train,1-4-4-5-12-10-5_png.rf.0f3da7de9a9c5bca08e7eabeeda0c56c.jpg,/mnt/tf_data/TechFin/home/group_6/Data/white_balance_copy_layers.v10-argmented-10x.coco-segmentation/train/1-4-4-5-12-10-5_png.rf.0f3da7de9a9c5bca08e7eabeeda0c56c.jpg,494,640,9,12-10-5_png,largest_inner_median,largest_inner_median,1.4,4.5,6.3,5.9,671,6.51025834052315,26.0,49.0,0.5306122448979592,13348,14833.0,1.0,1.0,-0.6595068727555592,-0.659296327355898,-0.6485321658892339,-0.6485321658892339,-0.6595068727555592,-0.6595068727555592,-56.339805603027344,56.339805603027344,-56.32890701293945,-56.31092071533203,-55.3913688659668,-55.3913688659668,-56.32890701293945,-56.32890701293945,-56.32890701293945,399.0,399.0,85.42716979980469,-56.928688049316406,-29.278182983398438,27.65050506591797,0.32367343001899596,0.743385910987854,13.084748268127441,0.009402389638125896,-0.00499479565769434,85.4362564086914,9.482873123350052,9,0.0
train,1-4-4-5_png.rf.2bdab9377748f1054489555629853e58.jpg,/mnt/tf_data/TechFin/home/group_6/Data/white_balance_copy_layers.v10-argmented-10x.coco-segmentation/train/1-4-4-5_png.rf.2bdab9377748f1054489555629853e58.jpg,495,641,1,png,largest_inner_median,largest_inner_median,1.4,4.5,6.3,5.9,1659,7.414572881350589,122.0,42.0,2.9047619047619047,58917,65469.0,1.0,1.0,-0.09668689075547551,-0.05886742290840252,-0.06330567323171507,-0.06330567323171507,-0.09668689075547551,-0.09668689075547551,-11.543067932128906,11.543067932128906,-11.518074035644531,-7.002956390380859,-7.5328216552734375,-7.5328216552734375,-11.518074035644531,-11.518074035644531,-11.518074035644531,1024.0,1024.0,119.38607025146484,-17.225,-1.4832153320312498,15.741784667968751,0.13185612554975276,0.8531456589698792,5.636624813079834,-0.002123909769579768,0.0024294275790452957,119.70384216308594,2.3405612182650413,2,1.0
train,2-0-4-8_png.rf.20718910efe2ad48e506a76700d99ac8.jpg,/mnt/tf_data/TechFin/home/group_6/Data/white_balance_copy_layers.v10-argmented-10x.coco-segmentation/train/2-0-4-8_png.rf.20718910efe2ad48e506a76700d99ac8.jpg,496,644,7,png,largest_inner_median,largest_inner_median,2.0,4.8,9.6,6.8,497,6.210600077024653,46.0,17.0,2.7058823529411766,9200,10224.0,0.0,1.0,-0.4949044917766143,-0.5103669438040637,-0.48375881317085956,-0.48375881317085956,-0.4949044917766143,-0.4949044917766143,-44.94224548339844,44.94224548339844,-44.92620849609375,-46.330352783203125,-43.91407012939453,-43.91407012939453,-44.92620849609375,-44.92620849609375,-44.92620849609375,271.0,271.0,90.8099365234375,-46.77326126098633,-11.989356994628906,34.783904266357425,0.3830407287794977,0.6572308540344238,13.830968856811523,-0.004565861076116562,0.008544962853193283,90.95994567871094,6.805857087381036,7,0.0
train,2-0-3-3_png.rf.2934ccc643048134eb58f125234fa7de.jpg,/mnt/tf_data/TechFin/home/group_6/Data/white_balance_copy_layers.v10-argmented-10x.coco-segmentation/train/2-0-3-3_png.rf.2934ccc643048134eb58f125234fa7de.jpg,497,645,8,png,largest_inner_median,largest_inner_median,2.0,3.3,6.6,5.3,1406,7.249215057114389,44.0,45.0,0.9777777777777777,25470,28300.0,0.0,1.0,-0.483212910018892,-0.4860241860775745,-0.4741006281924259,-0.4741006281924259,-0.483212910018892,-0.483212910018892,-55.642723083496094,55.642723083496094,-55.7218017578125,-56.04552459716797,-54.672508239746094,-54.672508239746094,-55.7218017578125,-55.7218017578125,-55.7218017578125,1067.0,1067.0,115.15156555175781,-58.571136474609375,-25.661827087402344,32.90930938720703,0.28579124590724825,0.7143946886062622,14.286992073059082,0.005299649201333523,0.0005083450814709067,114.6449966430664,6.657488290522218,7,1.0
train,1-7-4-5-12-10-5_png.rf.15097690714bd5f06c188625dc95d9d2.jpg,/mnt/tf_data/TechFin/home/group_6/Data/white_balance_copy_layers.v10-argmented-10x.coco-segmentation/train/1-7-4-5-12-10-5_png.rf.15097690714bd5f06c188625dc95d9d2.jpg,498,646,9,12-10-5_png,largest_inner_median,largest_inner_median,1.7,4.5,7.6499999999999995,6.2,707,6.56244409369372,26.0,49.0,0.5306122448979592,13691,15213.0,0.0,1.0,-0.752727527396129,-0.7563328496033631,-0.742733250965988,-0.742733250965988,-0.752727527396129,-0.752727527396129,-46.33058547973633,46.33058547973633,-46.26001739501953,-46.48192596435547,-45.644866943359375,-45.644866943359375,-46.26001739501953,-46.26001739501953,-46.26001739501953,432.0,432.0,61.55027389526367,-46.7208610534668,-20.5946647644043,26.1261962890625,0.42446921249318637,0.6166462302207947,11.607325553894043,0.003923209849745035,-0.004391240421682596,61.78539276123047,10.37177671861314,9,0.0
train,1-7-4-5-12-10-5_png.rf.5445382136aa15a5b71518c591e20ce6.jpg,/mnt/tf_data/TechFin/home/group_6/Data/white_balance_copy_layers.v10-argmented-10x.coco-segmentation/train/1-7-4-5-12-10-5_png.rf.5445382136aa15a5b71518c591e20ce6.jpg,499,647,9,12-10-5_png,largest_inner_median,largest_inner_median,1.7,4.5,7.6499999999999995,6.2,707,6.56244409369372,26.0,49.0,0.5306122448979592,13863,15405.0,0.0,1.0,-0.7504591152645015,-0.7525704949016956,-0.7400644833776333,-0.7400644833776333,-0.7504591152645015,-0.7504591152645015,-46.2761344909668,46.2761344909668,-46.20227813720703,-46.33247375488281,-45.56130599975586,-45.56130599975586,-46.20227813720703,-46.20227813720703,-46.20227813720703,432.0,432.0,61.66376495361328,-46.58092193603515,-20.766609191894535,25.81431274414062,0.41863017549381715,0.60014808177948,11.58209228515625,-0.0021571393590420485,0.0037660507950931787,61.416587829589844,10.342990059483185,9,0.0
train,1-4-4-8_png.rf.217e6cf1f99deacdc5e22d8f96dc9591.jpg,/mnt/tf_data/TechFin/home/group_6/Data/white_balance_copy_layers.v10-argmented-10x.coco-segmentation/train/1-4-4-8_png.rf.217e6cf1f99deacdc5e22d8f96dc9591.jpg,500,648,4,png,largest_inner_median,largest_inner_median,1.4,4.8,6.72,6.199999999999999,1891,7.545389749611823,42.0,137.0,0.30656934306569344,73963,82181.0,0.0,1.0,-0.266527386986983,-0.2754468661129415,-0.2646014059580712,-0.2646014059580712,-0.266527386986983,-0.266527386986983,-30.199981689453125,30.199981689453125,-30.1722412109375,-31.182899475097656,-29.954010009765625,-29.954010009765625,-30.1722412109375,-30.1722412109375,-30.1722412109375,1197.0,1197.0,113.30911254882812,-32.40465545654297,-25.03820037841797,7.366455078125,0.06501202694488128,0.779089629650116,4.65921688079834,0.001367376884445548,-0.0027252633590251207,113.88512420654297,4.49587523872507,4,0.0
train,1-7-3-6_png.rf.95635487a73d20f3f0c27f679e2d1a3a.jpg,/mnt/tf_data/TechFin/home/group_6/Data/white_balance_copy_layers.v10-argmented-10x.coco-segmentation/train/1-7-3-6_png.rf.95635487a73d20f3f0c27f679e2d1a3a.jpg,501,649,8,png,largest_inner_median,largest_inner_median,1.7,3.6,6.12,5.3,1438,7.271703706887368,44.0,47.0,0.9361702127659575,26511,29457.0,0.0,1.0,-0.43330833503673444,-0.43169018265023407,-0.42960066416121145,-0.42960066416121145,-0.43330833503673444,-0.43330833503673444,-56.0230598449707,56.0230598449707,-56.09506607055664,-55.8858528137207,-55.61569595336914,-55.61569595336914,-56.09506607055664,-56.09506607055664,-56.09506607055664,1092.0,1092.0,129.29144287109375,-58.78811187744141,-24.093135070800802,34.69497680664061,0.268347046302455,0.6815100908279419,14.995765686035156,0.0030384284909814596,0.0002530156634747982,129.00306701660156,6.318275469077184,6,2.0
train,1-1-3-3_png.rf.76249a2d3610b90eabd25326a5900dfa.jpg,/mnt/tf_data/TechFin/home/group_6/Data/white_balance_copy_layers.v10-argmented-10x.coco-segmentation/train/1-1-3-3_png.rf.76249a2d3610b90eabd25326a5900dfa.jpg,503,651,8,png,largest_inner_median,largest_inner_median,1.1,3.3,3.63,4.4,1760,7.473637108496206,84.0,37.0,2.27027027027027,23414,26016.0,0.0,1.0,-0.5119401703346615,-0.5123940185715398,-0.509801315845281,-0.509801315845281,-0.5119401703346615,-0.5119401703346615,-67.04032135009766,67.04032135009766,-67.02484130859375,-67.08427429199219,-66.7447509765625,-66.7447509765625,-67.02484130859375,-67.02484130859375,-67.02484130859375,1296.0,1296.0,130.95343017578125,-72.23649139404297,-36.4469497680664,35.78954162597657,0.27329976448830395,1.1152423620224,14.642784118652344,0.016067814081907272,-0.004631203133612871,128.61485290527344,7.904305982957722,8,0.0
train,1-1-3-6_png.rf.52cf67c051fccf0bf08dd8d3895348b0.jpg,/mnt/tf_data/TechFin/home/group_6/Data/white_balance_copy_layers.v10-argmented-10x.coco-segmentation/train/1-1-3-6_png.rf.52cf67c051fccf0bf08dd8d3895348b0.jpg,504,652,1,png,largest_inner_median,largest_inner_median,1.1,3.6,3.9600000000000004,4.7,1564,7.355641102974253,121.0,43.0,2.813953488372093,52701,58557.0,0.0,1.206082974243164,-0.05913851217834389,-0.04124270426302687,-0.041607466655605996,-0.041607466655605996,-0.05913851217834389,-0.05913851217834389,-9.224517822265625,9.224517822265625,-9.280685424804688,-6.489269256591797,-6.546165466308594,-6.546165466308594,-9.280685424804688,-9.280685424804688,-9.280685424804688,929.0,929.0,155.9815673828125,-13.736116027832031,-1.6195922851562499,12.116523742675781,0.07767920239536516,1.0834681987762451,4.491445064544678,0.0002219374437117949,0.004239675588905811,155.5386962890625,2.158151302735974,2,1.0
train,2-3-3-6_png.rf.54dfe073a03d5aeac4ea4e0865531a46.jpg,/mnt/tf_data/TechFin/home/group_6/Data/white_balance_copy_layers.v10-argmented-10x.coco-segmentation/train/2-3-3-6_png.rf.54dfe073a03d5aeac4ea4e0865531a46.jpg,505,653,7,png,largest_inner_median,largest_inner_median,2.3,3.6,8.28,5.9,313,5.749392985908253,16.0,40.0,0.4,6478,7198.0,0.0,1.0,-0.5598427997744976,-0.5747650943748605,-0.4395228225679656,-0.4395228225679656,-0.5598427997744976,-0.5598427997744976,-49.17106246948242,49.17106246948242,-49.12544631958008,-50.436073303222656,-38.5577278137207,-38.5577278137207,-49.12544631958008,-49.12544631958008,-49.12544631958008,111.0,111.0,87.83012390136719,-50.060847473144534,-10.168284606933593,39.89256286621094,0.45420137299373614,0.8205351829528809,15.180595397949219,-0.0015623951330780983,0.0068074557930231094,87.3392105102539,7.335851355345628,7,0.0
train,1-4-3-6-6-10-6_png.rf.e2f1a9ddaf0bb905245fc7c04cf11f4f.jpg,/mnt/tf_data/TechFin/home/group_6/Data/white_balance_copy_layers.v10-argmented-10x.coco-segmentation/train/1-4-3-6-6-10-6_png.rf.e2f1a9ddaf0bb905245fc7c04cf11f4f.jpg,506,656,6,6-10-6_png,largest_inner_median,largest_inner_median,1.4,3.6,5.04,5.0,1895,7.547501682814967,40.0,131.0,0.3053435114503817,61564,68680.0,2.0,1.0,-0.3375064125557698,-0.3366483206773863,-0.33028011918943484,-0.33028011918943484,-0.3375064125557698,-0.3375064125557698,-31.305936813354492,31.305936813354492,-31.32854652404785,-31.248952865600586,-30.658260345458984,-30.658260345458984,-31.32854652404785,-31.32854652404785,-31.32854652404785,1140.0,1140.0,92.7565689086914,-32.027645874023435,-19.817715454101556,12.209930419921879,0.13163413183104267,1.0492541790008545,5.706230640411377,0.0016926785465329885,-0.004264926537871361,93.72306823730469,5.396615005514665,6,0.0
train,1-4-4-2_png.rf.85fa7ffd4e243febdcb43db07034b634.jpg,/mnt/tf_data/TechFin/home/group_6/Data/white_balance_copy_layers.v10-argmented-10x.coco-segmentation/train/1-4-4-2_png.rf.85fa7ffd4e243febdcb43db07034b634.jpg,507,657,8,png,largest_inner_median,largest_inner_median,1.4,4.2,5.88,5.6,1276,7.152268856032539,78.0,31.0,2.5161290322580645,23327,26017.0,2.0,1.0,-0.5407210381835962,-0.5401343041561332,-0.53832225914516,-0.53832225914516,-0.5407210381835962,-0.5407210381835962,-61.2723503112793,61.2723503112793,-61.25545120239258,-61.18896484375,-60.9836311340332,-60.9836311340332,-61.25545120239258,-61.25545120239258,-61.25545120239258,865.0,865.0,113.31600952148438,-62.18842697143555,-48.89999008178711,13.288436889648438,0.11726883911429117,1.2226101160049438,7.687875270843506,0.015710869804024696,-0.005689837038516998,111.21937561035156,7.975454219344856,8,0.0
train,2-0-3-6_png.rf.75d19ac0045397358f0a7fc39fb332ad.jpg,/mnt/tf_data/TechFin/home/group_6/Data/white_balance_copy_layers.v10-argmented-10x.coco-segmentation/train/2-0-3-6_png.rf.75d19ac0045397358f0a7fc39fb332ad.jpg,508,658,8,png,largest_inner_median,largest_inner_median,2.0,3.6,7.2,5.6,1376,7.227662498728655,44.0,45.0,0.9777777777777777,25569,28411.0,0.0,1.0,-0.49028981955831863,-0.4873467775563474,-0.4831833714217635,-0.4831833714217635,-0.49028981955831863,-0.49028981955831863,-55.258750915527344,55.258750915527344,-55.27336883544922,-54.94166946411133,-54.47242736816406,-54.47242736816406,-55.27336883544922,-55.27336883544922,-55.27336883544922,1038.0,1038.0,112.706298828125,-58.70357704162598,-27.782867431640625,30.92070960998535,0.27434766230003577,0.7579807043075562,12.828306198120117,-0.003311846172437072,-0.003393696853891015,113.30734252929688,6.747295861097508,7,1.0
train,1-4-4-5_png.rf.e5c2748cb6162bee5e3bf0aa8e833c9e.jpg,/mnt/tf_data/TechFin/home/group_6/Data/white_balance_copy_layers.v10-argmented-10x.coco-segmentation/train/1-4-4-5_png.rf.e5c2748cb6162bee5e3bf0aa8e833c9e.jpg,509,659,1,png,largest_inner_median,largest_inner_median,1.4,4.5,6.3,5.9,1654,7.411556287811163,122.0,42.0,2.9047619047619047,58607,65206.0,2.0,1.0,-0.10058571625315696,-0.059472774800914036,-0.06626357856816378,-0.06626357856816378,-0.10058571625315696,-0.10058571625315696,-12.024795532226562,12.024795532226562,-12.028610229492188,-7.113650798797607,-7.92547607421875,-7.92547607421875,-12.028610229492188,-12.028610229492188,-12.028610229492188,1019.0,1019.0,119.54774475097656,-17.51435317993164,-1.660663604736328,15.853689575195311,0.1326138741322078,0.8823308944702148,5.687814712524414,0.0016223191050812602,-0.00325656752102077,119.42237854003906,2.3900381889812925,2,1.0
train,2-0-4-8_png.rf.c0ae76f0a27f1b3e7ada9199e23f34ed.jpg,/mnt/tf_data/TechFin/home/group_6/Data/white_balance_copy_layers.v10-argmented-10x.coco-segmentation/train/2-0-4-8_png.rf.c0ae76f0a27f1b3e7ada9199e23f34ed.jpg,510,660,8,png,largest_inner_median,largest_inner_median,2.0,4.8,9.6,6.8,1423,7.261225091971921,77.0,32.0,2.40625,23853,26471.0,0.0,1.0,-0.6567605872218018,-0.6533485860343624,-0.655666860020888,-0.655666860020888,-0.6567605872218018,-0.6567605872218018,-55.768089294433594,55.768089294433594,-55.795166015625,-55.50543975830078,-55.702293395996094,-55.702293395996094,-55.795166015625,-55.795166015625,-55.795166015625,1010.0,1010.0,84.91387939453125,-57.319742584228514,-40.8121208190918,16.50762176513671,0.1944042821131531,1.1168582439422607,8.384033203125,0.012802029959857464,-0.0034973740112036467,83.1824951171875,8.859847269642486,9,1.0
train,1-1-3-3_png.rf.08bbbe2b365d801dba0d56a4c72f2a19.jpg,/mnt/tf_data/TechFin/home/group_6/Data/white_balance_copy_layers.v10-argmented-10x.coco-segmentation/train/1-1-3-3_png.rf.08bbbe2b365d801dba0d56a4c72f2a19.jpg,511,661,8,png,largest_inner_median,largest_inner_median,1.1,3.3,3.63,4.4,1762,7.47477218239787,37.0,84.0,0.44047619047619047,23380,25977.0,0.0,1.0,-0.5109255193757399,-0.5135164836957751,-0.5091305198057706,-0.5091305198057706,-0.5109255193757399,-0.5109255193757399,-66.89667510986328,66.89667510986328,-66.8855972290039,-67.22483825683594,-66.65057373046875,-66.65057373046875,-66.8855972290039,-66.8855972290039,-66.8855972290039,1298.0,1298.0,130.93234252929688,-72.28307418823242,-36.03110733032226,36.25196685791016,0.2768755691497582,1.109972596168518,14.633668899536133,-0.004583700560033321,-0.016278520226478577,134.04116821289062,7.891429834535169,8,0.0
train,2-3-3-3_png.rf.1afda892a1de1090042ff5332da1b621.jpg,/mnt/tf_data/TechFin/home/group_6/Data/white_balance_copy_layers.v10-argmented-10x.coco-segmentation/train/2-3-3-3_png.rf.1afda892a1de1090042ff5332da1b621.jpg,512,662,7,png,largest_inner_median,largest_inner_median,2.3,3.3,7.589999999999999,5.6,321,5.7745515455444085,17.0,40.0,0.425,7061,7847.0,0.0,1.0,-0.5386244863266865,-0.5507612947369203,-0.41743686721219947,-0.41743686721219947,-0.5386244863266865,-0.5386244863266865,-48.69590759277344,48.69590759277344,-48.67805480957031,-49.77531814575195,-37.721736907958984,-37.721736907958984,-48.67805480957031,-48.67805480957031,-48.67805480957031,114.0,114.0,90.40789794921875,-49.93649673461914,-8.216827392578125,41.719669342041016,0.4614604507835649,0.778016984462738,15.79001522064209,0.000873417011462152,0.0038045160472393036,90.07178497314453,7.066586194919778,7,0.0
train,1-4-3-6_png.rf.9fa52ff298b7352852a25db75e1c6aac.jpg,/mnt/tf_data/TechFin/home/group_6/Data/white_balance_copy_layers.v10-argmented-10x.coco-segmentation/train/1-4-3-6_png.rf.9fa52ff298b7352852a25db75e1c6aac.jpg,513,665,4,png,largest_inner_median,largest_inner_median,1.4,3.6,5.04,5.0,2025,7.613818684808629,41.0,137.0,0.29927007299270075,66774,74361.0,2.0,1.0,-0.187636573180304,-0.19058794474124363,-0.1850836822306871,-0.1850836822306871,-0.187636573180304,-0.187636573180304,-27.481056213378906,27.481056213378906,-27.503555297851562,-27.935810089111328,-27.129661560058594,-27.129661560058594,-27.503555297851562,-27.503555297851562,-27.503555297851562,1334.0,1334.0,146.45895385742188,-28.895167541503906,-18.941212463378903,9.953955078125002,0.06796412794136984,1.03980553150177,5.553810119628906,-0.0026995495427399874,0.00417293980717659,145.4556884765625,3.4947331032754367,3,1.0
train,0-8-3-9-3-10-4_png.rf.d272f5bbc55dbca35d4710e60e1ea6b6.jpg,/mnt/tf_data/TechFin/home/group_6/Data/white_balance_copy_layers.v10-argmented-10x.coco-segmentation/train/0-8-3-9-3-10-4_png.rf.d272f5bbc55dbca35d4710e60e1ea6b6.jpg,514,666,3,3-10-4_png,largest_inner_median,largest_inner_median,0.8,3.9,3.12,4.7,578,6.361302477572996,22.0,52.0,0.4230769230769231,15537,17264.0,0.0,1.0,-0.1279839218985959,-0.1316509129752156,-0.11399566778353193,-0.11399566778353193,-0.1279839218985959,-0.1279839218985959,-18.386444091796875,18.386444091796875,-18.386428833007812,-18.913236618041992,-16.376846313476562,-16.376846313476562,-18.386428833007812,-18.386428833007812,-18.386428833007812,313.0,313.0,143.66213989257812,-19.496703338623046,-6.510652160644507,12.986051177978538,0.09039299559152275,0.6477522850036621,5.248085975646973,-0.002553155180066824,0.007217912003397942,143.0467529296875,3.325902442404454,3,0.0
train,1-4-4-8_png.rf.5ba64bc0593d4feca0bf0153d8f4c954.jpg,/mnt/tf_data/TechFin/home/group_6/Data/white_balance_copy_layers.v10-argmented-10x.coco-segmentation/train/1-4-4-8_png.rf.5ba64bc0593d4feca0bf0153d8f4c954.jpg,516,668,1,png,largest_inner_median,largest_inner_median,1.4,4.8,6.72,6.199999999999999,873,6.773080375655535,27.0,60.0,0.45,20549,22830.0,0.0,1.0,-0.06642707769538103,-0.06897361677913061,-0.06349785171289643,-0.06349785171289643,-0.06642707769538103,-0.06642707769538103,-7.456230163574219,7.456230163574219,-7.415557861328125,-7.701398849487305,-7.086761474609375,-7.086761474609375,-7.415557861328125,-7.415557861328125,-7.415557861328125,555.0,555.0,112.2468490600586,-8.156625366210937,-2.062484741210935,6.094140625000002,0.054292309102942235,0.5192900896072388,2.3814070224761963,-0.008939754217863083,0.0008369850111193955,112.6400375366211,1.95655739825723,2,1.0
train,0-8-4-2-6-10-6_png.rf.f06bc3ebab8cf4997dc15e7d8f16e2c4.jpg,/mnt/tf_data/TechFin/home/group_6/Data/white_balance_copy_layers.v10-argmented-10x.coco-segmentation/train/0-8-4-2-6-10-6_png.rf.f06bc3ebab8cf4997dc15e7d8f16e2c4.jpg,517,669,6,6-10-6_png,largest_inner_median,largest_inner_median,0.8,4.2,3.3600000000000003,5.0,1926,7.563719668414366,41.0,134.0,0.30597014925373134,60162,67056.0,2.0,1.0,-0.29800144576487697,-0.2995981005132781,-0.29365781144448116,-0.29365781144448116,-0.29800144576487697,-0.29800144576487697,-43.21430206298828,43.21430206298828,-43.190704345703125,-43.4222412109375,-42.56081771850586,-42.56081771850586,-43.190704345703125,-43.190704345703125,-43.190704345703125,1142.0,1142.0,145.01373291015625,-44.30601501464844,-21.21764373779297,23.08837127685547,0.15921506752163914,1.0358179807662964,9.652813911437988,0.0013238700339570642,-0.003166765673086047,145.7534942626953,5.483462983286305,6,0.0
train,1-7-3-6_png.rf.65ed4d49d87c493b69ff02367ccd14b9.jpg,/mnt/tf_data/TechFin/home/group_6/Data/white_balance_copy_layers.v10-argmented-10x.coco-segmentation/train/1-7-3-6_png.rf.65ed4d49d87c493b69ff02367ccd14b9.jpg,518,670,2,png,largest_inner_median,largest_inner_median,1.7,3.6,6.12,5.3,540,6.293419278846481,46.0,25.0,1.84,15626,17364.0,0.0,1.0,-0.1520888093986423,-0.16102620511531165,-0.13539899088020846,-0.13539899088020846,-0.1520888093986423,-0.1520888093986423,-20.30651092529297,20.30651092529297,-20.32141876220703,-21.51471710205078,-18.093036651611328,-18.093036651611328,-20.32141876220703,-20.32141876220703,-20.32141876220703,276.0,276.0,133.5174560546875,-21.38419189453125,-4.898777770996094,16.485414123535154,0.12347010354049048,0.5589924454689026,6.314937114715576,0.007803998421877623,0.0010260321432724595,132.75784301757812,2.749536564730667,3,1.0
train,1-4-4-5_png.rf.dac314768a12eb9140719114a6af1b0b.jpg,/mnt/tf_data/TechFin/home/group_6/Data/white_balance_copy_layers.v10-argmented-10x.coco-segmentation/train/1-4-4-5_png.rf.dac314768a12eb9140719114a6af1b0b.jpg,519,671,4,png,largest_inner_median,largest_inner_median,1.4,4.5,6.3,5.9,1876,7.537430036586509,135.0,41.0,3.292682926829268,68867,76720.0,2.0,1.0,-0.24367306313218823,-0.2524653452980629,-0.2417366368060294,-0.2417366368060294,-0.24367306313218823,-0.24367306313218823,-29.055618286132812,29.055618286132812,-29.070846557617188,-30.119239807128906,-28.839946746826172,-28.839946746826172,-29.070846557617188,-29.070846557617188,-29.070846557617188,1194.0,1194.0,119.24017333984375,-30.70583724975586,-21.933177947998047,8.772659301757812,0.07357133972587454,1.0554591417312622,5.8151421546936035,-0.004336223006248474,-0.0012242605444043875,120.42250061035156,4.205848739007182,4,0.0
train,1-4-4-5-12-10-5_png.rf.78261358aae607f3f035da50a9b689a3.jpg,/mnt/tf_data/TechFin/home/group_6/Data/white_balance_copy_layers.v10-argmented-10x.coco-segmentation/train/1-4-4-5-12-10-5_png.rf.78261358aae607f3f035da50a9b689a3.jpg,520,672,9,12-10-5_png,largest_inner_median,largest_inner_median,1.4,4.5,6.3,5.9,671,6.51025834052315,49.0,26.0,1.8846153846153846,13392,14880.0,0.0,1.0,-0.6591190281080034,-0.6682750089254731,-0.649956480501013,-0.649956480501013,-0.6591190281080034,-0.6591190281080034,-56.28441619873047,56.28441619873047,-56.230438232421875,-57.012298583984375,-55.44801712036133,-55.44801712036133,-56.230438232421875,-56.230438232421875,-56.230438232421875,399.0,399.0,85.39340209960938,-57.00260543823242,-28.220905303955078,28.781700134277344,0.3370482897578454,0.7533990144729614,13.277502059936523,-0.004794519394636154,-0.007164310663938522,86.25030517578125,9.477951287714939,9,0.0
train,2-3-3-3_png.rf.c50bfccc38963e4f532da01bfde29671.jpg,/mnt/tf_data/TechFin/home/group_6/Data/white_balance_copy_layers.v10-argmented-10x.coco-segmentation/train/2-3-3-3_png.rf.c50bfccc38963e4f532da01bfde29671.jpg,521,673,7,png,largest_inner_median,largest_inner_median,2.3,3.3,7.589999999999999,5.6,321,5.7745515455444085,17.0,40.0,0.425,7061,7847.0,0.0,1.0,-0.5386244863266865,-0.5507612947369203,-0.41743686721219947,-0.41743686721219947,-0.5386244863266865,-0.5386244863266865,-48.69590759277344,48.69590759277344,-48.67805480957031,-49.77531814575195,-37.721736907958984,-37.721736907958984,-48.67805480957031,-48.67805480957031,-48.67805480957031,114.0,114.0,90.40789794921875,-49.93649673461914,-8.216827392578125,41.719669342041016,0.4614604507835649,0.778016984462738,15.79001522064209,0.000873417011462152,0.0038045160472393036,90.07178497314453,7.066586194919778,7,0.0
train,2-0-3-3_png.rf.43c2b18edaa3110a7435c8a7bbc161dd.jpg,/mnt/tf_data/TechFin/home/group_6/Data/white_balance_copy_layers.v10-argmented-10x.coco-segmentation/train/2-0-3-3_png.rf.43c2b18edaa3110a7435c8a7bbc161dd.jpg,523,677,4,png,largest_inner_median,largest_inner_median,2.0,3.3,6.6,5.3,4184,8.339261982923576,122.0,70.0,1.7428571428571429,95983,107314.0,2.0,1.0,-0.17622983922919785,-0.17849732384884445,-0.174959198357958,-0.174959198357958,-0.17622983922919785,-0.17622983922919785,-17.062118530273438,17.062118530273438,-17.052696228027344,-17.272228240966797,-16.929676055908203,-16.929676055908203,-17.052696228027344,-17.052696228027344,-17.052696228027344,3441.0,3441.0,96.81742095947266,-17.50675277709961,-12.155459594726555,5.351293182373055,0.05527200713818935,1.0639904737472534,6.523636341094971,0.005624586250633001,-0.006182472221553326,96.28028106689453,2.7618042151823676,3,1.0
train,1-7-3-9-6-10-6_png.rf.8213bd6cc70ba892e8dd93651d9fc9d8.jpg,/mnt/tf_data/TechFin/home/group_6/Data/white_balance_copy_layers.v10-argmented-10x.coco-segmentation/train/1-7-3-9-6-10-6_png.rf.8213bd6cc70ba892e8dd93651d9fc9d8.jpg,524,678,6,6-10-6_png,largest_inner_median,largest_inner_median,1.7,3.9,6.63,5.6,1958,7.580189417944541,41.0,131.0,0.31297709923664124,64369,71575.0,2.0,1.0,-0.37289396357764154,-0.36986408472010684,-0.3682297901527371,-0.3682297901527371,-0.37289396357764154,-0.37289396357764154,-24.297874450683594,24.297874450683594,-24.257408142089844,-24.059980392456055,-23.953489303588867,-23.953489303588867,-24.257408142089844,-24.257408142089844,-24.257408142089844,1204.0,1204.0,65.1602783203125,-25.053160858154296,-14.353455734252933,10.699705123901364,0.16420594570367159,0.9071847200393677,5.6108503341674805,0.002412827918305993,-0.0030192944686859846,65.75346374511719,5.55160353433688,6,0.0
train,1-1-3-3_png.rf.6b53ca26f6223c8702dc62e2e4c6d183.jpg,/mnt/tf_data/TechFin/home/group_6/Data/white_balance_copy_layers.v10-argmented-10x.coco-segmentation/train/1-1-3-3_png.rf.6b53ca26f6223c8702dc62e2e4c6d183.jpg,525,679,1,png,largest_inner_median,largest_inner_median,1.1,3.3,3.63,4.4,1557,7.351158226430694,44.0,122.0,0.36065573770491804,59475,66109.0,2.0,1.0,-0.05832279728158522,-0.035485139471070085,-0.03656028861446708,-0.03656028861446708,-0.05832279728158522,-0.05832279728158522,-9.807174682617188,9.807174682617188,-9.807662963867188,-5.967433929443359,-6.148223876953125,-6.148223876953125,-9.807662963867188,-9.807662963867188,-9.807662963867188,916.0,916.0,168.1533660888672,-14.744607543945312,-1.0770385742187498,13.667568969726563,0.08128037688227666,0.943856954574585,4.863462448120117,0.004777554422616959,0.0009887631749734282,167.485107421875,2.1477996975964935,2,1.0
train,1-7-3-3_png.rf.79baf7cc4aeab7751217274f2b5f1831.jpg,/mnt/tf_data/TechFin/home/group_6/Data/white_balance_copy_layers.v10-argmented-10x.coco-segmentation/train/1-7-3-3_png.rf.79baf7cc4aeab7751217274f2b5f1831.jpg,527,683,7,png,largest_inner_median,largest_inner_median,1.7,3.3,5.609999999999999,5.0,434,6.075346031088684,19.0,47.0,0.40425531914893614,10751,11947.0,0.0,1.0,-0.4151802061384321,-0.42201424830366807,-0.4105651899694446,-0.4105651899694446,-0.4151802061384321,-0.4151802061384321,-46.55664825439453,46.55664825439453,-46.53143310546875,-47.29777526855469,-46.01392364501953,-46.01392364501953,-46.53143310546875,-46.53143310546875,-46.53143310546875,204.0,204.0,112.13600158691406,-47.89071197509766,-21.188915252685547,26.701796722412112,0.23811975052201373,0.8092260956764221,11.889928817749023,0.0026568700559437275,0.007439856417477131,111.3402099609375,6.088225444223515,6,1.0
train,1-7-3-3_png.rf.d96bd79030d31a1aa29d17355124e013.jpg,/mnt/tf_data/TechFin/home/group_6/Data/white_balance_copy_layers.v10-argmented-10x.coco-segmentation/train/1-7-3-3_png.rf.d96bd79030d31a1aa29d17355124e013.jpg,529,685,8,png,largest_inner_median,largest_inner_median,1.7,3.3,5.609999999999999,5.0,1266,7.144407180321139,76.0,29.0,2.6206896551724137,22382,24913.0,1.0,1.0,-0.553976643905566,-0.5568096235774251,-0.5526129149107832,-0.5526129149107832,-0.553976643905566,-0.553976643905566,-58.257728576660156,58.257728576660156,-58.22328567504883,-58.521209716796875,-58.079872131347656,-58.079872131347656,-58.22328567504883,-58.22328567504883,-58.22328567504883,869.0,869.0,105.16278839111328,-59.5177001953125,-47.1818733215332,12.335826873779297,0.11730220415895447,1.1342592239379883,6.974002838134766,0.013524021953344345,-0.005265426356345415,103.43994140625,7.849583394459625,8,0.0
train,2-3-3-6_png.rf.4aa0bab521ff34d48d703669c477c798.jpg,/mnt/tf_data/TechFin/home/group_6/Data/white_balance_copy_layers.v10-argmented-10x.coco-segmentation/train/2-3-3-6_png.rf.4aa0bab521ff34d48d703669c477c798.jpg,530,686,7,png,largest_inner_median,largest_inner_median,2.3,3.6,8.28,5.9,313,5.749392985908253,16.0,40.0,0.4,6478,7198.0,0.0,1.0,-0.5598427997744976,-0.5747650943748605,-0.4395228225679656,-0.4395228225679656,-0.5598427997744976,-0.5598427997744976,-49.17106246948242,49.17106246948242,-49.12544631958008,-50.436073303222656,-38.5577278137207,-38.5577278137207,-49.12544631958008,-49.12544631958008,-49.12544631958008,111.0,111.0,87.83012390136719,-50.060847473144534,-10.168284606933593,39.89256286621094,0.45420137299373614,0.8205351829528809,15.180595397949219,-0.0015623951330780983,0.0068074557930231094,87.3392105102539,7.335851355345628,7,0.0
train,1-1-3-9-3-10-4_png.rf.095fc92fb5aff7d1e8eb8227cc9cf051.jpg,/mnt/tf_data/TechFin/home/group_6/Data/white_balance_copy_layers.v10-argmented-10x.coco-segmentation/train/1-1-3-9-3-10-4_png.rf.095fc92fb5aff7d1e8eb8227cc9cf051.jpg,531,689,3,3-10-4_png,largest_inner_median,largest_inner_median,1.1,3.9,4.29,5.0,668,6.505784060128229,24.0,53.0,0.4528301886792453,17042,18936.0,0.0,1.0,-0.1459283412117548,-0.148716228644185,-0.12498739460782622,-0.12498739460782622,-0.1459283412117548,-0.1459283412117548,-18.062034606933594,18.062034606933594,-18.04214859008789,-18.38721466064453,-15.450218200683594,-15.450218200683594,-18.04214859008789,-18.04214859008789,-18.04214859008789,390.0,390.0,123.7733154296875,-19.1571533203125,-3.5664634704589817,15.590689849853518,0.12596164040471386,0.6514488458633423,5.861849308013916,0.005495498888194561,-0.004828703124076128,124.02378845214844,3.2595337144669267,3,0.0
train,1-1-4-2_png.rf.4aede3fd6536e29fd76784b418284b7b.jpg,/mnt/tf_data/TechFin/home/group_6/Data/white_balance_copy_layers.v10-argmented-10x.coco-segmentation/train/1-1-4-2_png.rf.4aede3fd6536e29fd76784b418284b7b.jpg,532,690,1,png,largest_inner_median,largest_inner_median,1.1,4.2,4.620000000000001,5.300000000000001,1601,7.379008127628304,121.0,44.0,2.75,47622,52914.0,0.0,1.1648644500732421,-0.06395620423524503,-0.03801948866534546,-0.039990502895435154,-0.039990502895435154,-0.06395620423524503,-0.06395620423524503,-8.588432312011719,8.588432312011719,-8.673004150390625,-5.190062522888184,-5.454742431640625,-5.454742431640625,-8.673004150390625,-8.673004150390625,-8.673004150390625,961.0,961.0,134.28614807128906,-12.286895751953125,-0.8072052001953125,11.479690551757812,0.08548678115082682,1.0825475454330444,4.229257583618164,-0.0015392870409414172,-0.0028795853722840548,134.88633728027344,2.219288896342296,2,1.0
train,2-0-3-3_png.rf.764c2315c424f5d844e29648aee412f8.jpg,/mnt/tf_data/TechFin/home/group_6/Data/white_balance_copy_layers.v10-argmented-10x.coco-segmentation/train/2-0-3-3_png.rf.764c2315c424f5d844e29648aee412f8.jpg,533,691,1,png,largest_inner_median,largest_inner_median,2.0,3.3,6.6,5.3,726,6.588926477533519,22.0,55.0,0.4,14731,16369.0,0.0,1.0,-0.03249347461064698,-0.03365943706360655,-0.030392479218423363,-0.030392479218423363,-0.03249347461064698,-0.03249347461064698,-3.2782363891601562,3.2782363891601562,-3.2954177856445312,-3.413050651550293,-3.0834503173828125,-3.0834503173828125,-3.2954177856445312,-3.2954177856445312,-3.2954177856445312,449.0,449.0,100.88906860351562,-3.5499496459960938,-1.8906364440917969,1.6593132019042969,0.01644690772620014,0.7006651163101196,0.7805685997009277,0.004168287850916386,0.00010819143790286034,100.692626953125,0.937757484360072,1,0.0
train,1-4-3-6_png.rf.66e6b074cb771499d68ab8b78baaf57c.jpg,/mnt/tf_data/TechFin/home/group_6/Data/white_balance_copy_layers.v10-argmented-10x.coco-segmentation/train/1-4-3-6_png.rf.66e6b074cb771499d68ab8b78baaf57c.jpg,535,693,4,png,largest_inner_median,largest_inner_median,1.4,3.6,5.04,5.0,2027,7.614805364711073,41.0,137.0,0.29927007299270075,66704,74350.0,2.0,1.0,-0.1860619926257688,-0.18234341842157786,-0.1847914606752809,-0.1847914606752809,-0.1860619926257688,-0.1860619926257688,-27.25493621826172,27.25493621826172,-27.26782989501953,-26.723121643066406,-27.08171844482422,-27.08171844482422,-27.26782989501953,-27.26782989501953,-27.26782989501953,1336.0,1336.0,146.48309326171875,-28.71453857421875,-19.063816833496094,9.650721740722656,0.06588283689148947,1.0248541831970215,5.655897617340088,0.003364749252796173,-0.004163320641964674,147.26564025878906,3.4747513225998343,3,1.0
train,2-0-3-6_png.rf.0abbbb97d914698652d4bc7d7ba66f38.jpg,/mnt/tf_data/TechFin/home/group_6/Data/white_balance_copy_layers.v10-argmented-10x.coco-segmentation/train/2-0-3-6_png.rf.0abbbb97d914698652d4bc7d7ba66f38.jpg,536,694,1,png,largest_inner_median,largest_inner_median,2.0,3.6,7.2,5.6,735,6.601230118728877,56.0,21.0,2.6666666666666665,14288,15876.0,0.0,1.0,-0.03771084105663647,-0.03949088326747281,-0.035701042207021506,-0.035701042207021506,-0.03771084105663647,-0.03771084105663647,-3.6955223083496094,3.6955223083496094,-3.6859130859375,-3.8603506088256836,-3.4889602661132812,-3.4889602661132812,-3.6859130859375,-3.6859130859375,-3.6859130859375,445.0,445.0,97.99628448486328,-4.100973510742188,-2.3090621948242185,1.7919113159179694,0.018285502612037825,0.591279149055481,0.921566903591156,0.0003345225704833865,0.007418382912874222,97.65533447265625,1.0039670356769197,1,0.0
train,1-4-4-5_png.rf.b692ea1b8be0e91b8c65472a85cc1b44.jpg,/mnt/tf_data/TechFin/home/group_6/Data/white_balance_copy_layers.v10-argmented-10x.coco-segmentation/train/1-4-4-5_png.rf.b692ea1b8be0e91b8c65472a85cc1b44.jpg,538,696,4,png,largest_inner_median,largest_inner_median,1.4,4.5,6.3,5.9,1876,7.537430036586509,41.0,135.0,0.3037037037037037,69053,76844.0,2.0,1.0,-0.24069695857197826,-0.24542500092452982,-0.23938988453038298,-0.23938988453038298,-0.24069695857197826,-0.24069695857197826,-28.701698303222656,28.701698303222656,-28.743698120117188,-29.3074893951416,-28.58783721923828,-28.58783721923828,-28.743698120117188,-28.743698120117188,-28.743698120117188,1194.0,1194.0,119.24412536621094,-30.804744720458984,-21.83666229248047,8.968082427978516,0.07520775049032072,1.050162434577942,5.822710990905762,0.0016599093796685338,-0.0042806752026081085,120.17520904541016,4.168081304106191,4,0.0
train,1-4-4-2_png.rf.02b92d73f43b3ede14ed2aca45bd4ff6.jpg,/mnt/tf_data/TechFin/home/group_6/Data/white_balance_copy_layers.v10-argmented-10x.coco-segmentation/train/1-4-4-2_png.rf.02b92d73f43b3ede14ed2aca45bd4ff6.jpg,539,697,1,png,largest_inner_median,largest_inner_median,1.4,4.2,5.88,5.6,1591,7.3727463664043285,121.0,43.0,2.813953488372093,59031,65595.0,1.0,1.0,-0.0929802351069679,-0.0528096300296699,-0.05776560805716528,-0.05776560805716528,-0.0929802351069679,-0.0929802351069679,-11.899356842041016,11.899356842041016,-11.915813446044922,-6.77488899230957,-7.409141540527344,-7.409141540527344,-11.915813446044922,-11.915813446044922,-11.915813446044922,956.0,956.0,127.9772720336914,-17.130943298339844,-1.8518295288085938,15.27911376953125,0.11938927535124251,0.8010754585266113,5.497199535369873,0.0014642293099313974,-0.0027669218834489584,127.86121368408203,2.293522926070251,2,1.0
train,1-7-4-5_png.rf.237c783b3b4da0ad86978eb8c9800651.jpg,/mnt/tf_data/TechFin/home/group_6/Data/white_balance_copy_layers.v10-argmented-10x.coco-segmentation/train/1-7-4-5_png.rf.237c783b3b4da0ad86978eb8c9800651.jpg,540,698,4,png,largest_inner_median,largest_inner_median,1.7,4.5,7.6499999999999995,6.2,2063,7.6324011266014535,136.0,41.0,3.317073170731707,64179,71154.0,1.0,1.0,-0.2967335015618114,-0.29350337882621125,-0.2866157524849059,-0.2866157524849059,-0.2967335015618114,-0.2967335015618114,-31.970897674560547,31.970897674560547,-31.963756561279297,-31.615734100341797,-30.873641967773438,-30.873641967773438,-31.963756561279297,-31.963756561279297,-31.963756561279297,1378.0,1378.0,107.7427978515625,-33.86302947998047,-13.767263793945313,20.095765686035158,0.18651609283175605,0.8995517492294312,9.193540573120117,0.0037531398702412844,0.0021489940118044615,106.47550964355469,4.5851101759820985,4,0.0
train,1-1-4-2_png.rf.0ea7631cce8c8260861a71f3b5fb16cc.jpg,/mnt/tf_data/TechFin/home/group_6/Data/white_balance_copy_layers.v10-argmented-10x.coco-segmentation/train/1-1-4-2_png.rf.0ea7631cce8c8260861a71f3b5fb16cc.jpg,541,699,4,png,largest_inner_median,largest_inner_median,1.1,4.2,4.620000000000001,5.300000000000001,2080,7.640603826393634,43.0,137.0,0.31386861313868614,64192,71725.0,2.0,1.0,-0.18111490174580852,-0.18216611829182824,-0.175869927159675,-0.175869927159675,-0.18111490174580852,-0.18111490174580852,-24.692398071289062,24.692398071289062,-24.70477294921875,-24.84809112548828,-23.989696502685547,-23.989696502685547,-24.70477294921875,-24.70477294921875,-24.70477294921875,1379.0,1379.0,136.33554077148438,-25.894892120361327,-11.965738677978512,13.929153442382814,0.10216817539697766,1.0544071197509766,6.541431903839111,0.0016666589071974158,-0.0038872051518410444,137.19122314453125,3.7060590658026737,4,0.0
train,2-3-3-9_png.rf.eb2c7e4b25c10df7db82b1dad938aba8.jpg,/mnt/tf_data/TechFin/home/group_6/Data/white_balance_copy_layers.v10-argmented-10x.coco-segmentation/train/2-3-3-9_png.rf.eb2c7e4b25c10df7db82b1dad938aba8.jpg,542,700,2,png,largest_inner_median,largest_inner_median,2.3,3.9,8.969999999999999,6.199999999999999,499,6.214608098422191,23.0,46.0,0.5,14278,15866.0,0.0,1.0,-0.10756109345987479,-0.10391478349198856,-0.09905211637641262,-0.09905211637641262,-0.10756109345987479,-0.10756109345987479,-11.292438507080078,11.292438507080078,-11.325752258300781,-10.942939758300781,-10.432426452636719,-10.432426452636719,-11.325752258300781,-11.325752258300781,-11.325752258300781,244.0,244.0,104.98627471923828,-12.307980346679686,-2.7431045532226563,9.56487579345703,0.09110596427043532,0.4772031009197235,3.467299461364746,-0.00030750350560992956,0.003348993370309472,104.6977767944336,1.5962949807060862,2,0.0
train,2-0-3-9_png.rf.fab23d84c2eb6466b9f02d5f52054b16.jpg,/mnt/tf_data/TechFin/home/group_6/Data/white_balance_copy_layers.v10-argmented-10x.coco-segmentation/train/2-0-3-9_png.rf.fab23d84c2eb6466b9f02d5f52054b16.jpg,543,701,4,png,largest_inner_median,largest_inner_median,2.0,3.9,7.8,5.9,2047,7.6246189861593985,43.0,138.0,0.3115942028985507,73174,81353.0,2.0,1.0,-0.20865656921641937,-0.1913727889598606,-0.19871221359056626,-0.19871221359056626,-0.20865656921641937,-0.20865656921641937,-19.99245834350586,19.99245834350586,-20.037322998046875,-18.381275177001953,-19.084503173828125,-19.084503173828125,-20.037322998046875,-20.037322998046875,-20.037322998046875,1343.0,1343.0,95.81513977050781,-23.740301513671874,-10.361666870117165,13.378634643554708,0.1396296522198749,0.8988175988197327,5.92153787612915,-0.0015073781833052635,0.0033742559608072042,94.95388793945312,3.173306697392878,3,1.0
train,2-0-3-6_png.rf.8325afc991eb5878476d1d66a2f7f3ed.jpg,/mnt/tf_data/TechFin/home/group_6/Data/white_balance_copy_layers.v10-argmented-10x.coco-segmentation/train/2-0-3-6_png.rf.8325afc991eb5878476d1d66a2f7f3ed.jpg,544,704,7,png,largest_inner_median,largest_inner_median,2.0,3.6,7.2,5.6,386,5.958424693029782,43.0,15.0,2.8666666666666667,7555,8395.0,0.0,1.0,-0.46499529726989486,-0.464189598209872,-0.45305349949390106,-0.45305349949390106,-0.46499529726989486,-0.46499529726989486,-46.14525604248047,46.14525604248047,-46.05725860595703,-45.97730255126953,-44.87217712402344,-44.87217712402344,-46.05725860595703,-46.05725860595703,-46.05725860595703,183.0,183.0,99.23811340332031,-46.87209129333496,-32.53723907470703,14.33485221862793,0.14444906021508783,0.6851255893707275,7.420775890350342,0.007335180416703224,-0.004450004547834396,98.7597885131836,6.426302695517221,6,1.0
train,1-4-4-5-6-10-6_png.rf.e593e554b4f46fa09e010930a589d403.jpg,/mnt/tf_data/TechFin/home/group_6/Data/white_balance_copy_layers.v10-argmented-10x.coco-segmentation/train/1-4-4-5-6-10-6_png.rf.e593e554b4f46fa09e010930a589d403.jpg,545,705,6,6-10-6_png,largest_inner_median,largest_inner_median,1.4,4.5,6.3,5.9,1738,7.461065514354283,128.0,36.0,3.5555555555555554,40908,45453.0,0.0,1.2091370361328124,-0.32734610437566913,-0.3290667812462826,-0.32037780294619134,-0.32037780294619134,-0.32734610437566913,-0.32734610437566913,-40.30928421020508,40.30928421020508,-40.33997344970703,-40.551856994628906,-39.48189926147461,-39.48189926147461,-40.33997344970703,-40.33997344970703,-40.33997344970703,1007.0,1007.0,123.1396484375,-41.03882064819336,-27.592496490478517,13.446324157714841,0.10919573287997143,1.1335563659667969,6.126012802124023,-0.003333028871566057,-0.0035753718111664057,124.26930236816406,5.267678414073506,6,0.0
