split,filename,image_path,image_id,ann_id,layer,group,wb1,wb2,wb_product,wb_sum,area_px,log_area_px,bbox_w,bbox_h,bbox_aspect,roi_bg_pixels,ndg,delta_g,abs_delta_g,g_flake_median,g_bg_plane_median,g_delta_p10,g_delta_p90,g_delta_iqr,iqr_ndg,g_bg_std,g_flake_std,plane_a,plane_b,plane_c
train,1-1-3-3_png.rf.f132ea267a6093ea4f6730ef9f9f9f65.jpg,/mnt/tf_data/TechFin/home/group_6/Data/white_balance_copy_layers.v9-10x.coco-segmentation/train/1-1-3-3_png.rf.f132ea267a6093ea4f6730ef9f9f9f65.jpg,1,4,7,png,1.1,3.3,3.63,4.4,923,6.828712071641684,63.0,24.0,2.625,12583,-0.33100329035176096,-47.30274200439453,47.30274200439453,92.0,142.90716552734375,-56.98686218261719,-18.991598510742183,37.99526367187501,0.2658737476995513,13.610321044921875,14.738519668579102,-0.005644754506647587,0.0037017627619206905,148.24525451660156
train,2-0-4-2_png.rf.83a5b72c58566eb0fb1aa7d8bde50b3b.jpg,/mnt/tf_data/TechFin/home/group_6/Data/white_balance_copy_layers.v9-10x.coco-segmentation/train/2-0-4-2_png.rf.83a5b72c58566eb0fb1aa7d8bde50b3b.jpg,2,5,1,png,2.0,4.2,8.4,6.2,4903,8.497806477616047,124.0,53.0,2.339622641509434,54049,-0.03674991041067276,-3.5677542686462402,3.5677542686462402,93.0,97.08198547363281,-5.655758666992187,-1.3529953002929684,4.302763366699219,0.04432092468759652,5.490965843200684,1.7412045001983643,0.005366537254303694,-0.006865734234452248,96.58387756347656
train,1-7-3-9_png.rf.a8deca64617bbd06bf1e280235488398.jpg,/mnt/tf_data/TechFin/home/group_6/Data/white_balance_copy_layers.v9-10x.coco-segmentation/train/1-7-3-9_png.rf.a8deca64617bbd06bf1e280235488398.jpg,3,6,2,png,1.7,3.9,6.63,5.6,1028,6.9363427358340495,35.0,65.0,0.5384615384615384,19332,-0.13789994322114665,-17.050996780395508,17.050996780395508,105.0,123.64759826660156,-23.587892150878908,-6.512181091308594,17.075711059570313,0.13809981996377063,1.2943110466003418,6.46073579788208,-0.0007018689648248255,0.005372986663132906,120.27967834472656
train,2-0-3-3_png.rf.59723c7c1da78c12c799a07ad00b631e.jpg,/mnt/tf_data/TechFin/home/group_6/Data/white_balance_copy_layers.v9-10x.coco-segmentation/train/2-0-3-3_png.rf.59723c7c1da78c12c799a07ad00b631e.jpg,4,7,1,png,2.0,3.3,6.6,5.3,4875,8.492080490601163,123.0,53.0,2.3207547169811322,53605,-0.034274942427468875,-3.5400702953338623,3.5400702953338623,100.0,103.28450012207031,-5.845013427734375,-1.3431732177734375,4.501840209960937,0.0435867938039133,5.394947528839111,1.845327377319336,0.006188923493027687,-0.006381867453455925,101.15523529052734
train,0-8-4-2-3-10-4_png.rf.32e614811929c3c33837a26428790d9a.jpg,/mnt/tf_data/TechFin/home/group_6/Data/white_balance_copy_layers.v9-10x.coco-segmentation/train/0-8-4-2-3-10-4_png.rf.32e614811929c3c33837a26428790d9a.jpg,6,9,3,3-10-4_png,0.8,4.2,3.3600000000000003,5.0,686,6.532334292222349,23.0,53.0,0.4339622641509434,10194,-0.12708886293348923,-16.453601837158203,16.453601837158203,112.0,129.46533203125,-25.418052673339844,-5.462348937988281,19.955703735351562,0.15413936242433385,1.053170084953308,7.513752460479736,0.003430610988289118,-0.006761894095689058,130.64805603027344
train,1-7-3-3_png.rf.6cf67ff9099ab0ce57156e0529384bea.jpg,/mnt/tf_data/TechFin/home/group_6/Data/white_balance_copy_layers.v9-10x.coco-segmentation/train/1-7-3-3_png.rf.6cf67ff9099ab0ce57156e0529384bea.jpg,7,10,1,png,1.7,3.3,5.609999999999999,5.0,3114,8.043984431221553,171.0,60.0,2.85,88980,-0.0803659225718594,-10.112554550170898,10.112554550170898,116.0,125.83137512207031,-16.868997192382814,-3.724159240722656,13.144837951660158,0.10446391401912453,11.999067306518555,5.00469446182251,0.0011052675545215607,-0.01187952421605587,137.14552307128906
train,1-4-3-6_png.rf.09c7d7bcaca825684830a56c11dbbdf3.jpg,/mnt/tf_data/TechFin/home/group_6/Data/white_balance_copy_layers.v9-10x.coco-segmentation/train/1-4-3-6_png.rf.09c7d7bcaca825684830a56c11dbbdf3.jpg,8,13,7,png,1.4,3.6,5.04,5.0,623,6.436150368369428,23.0,56.0,0.4107142857142857,10875,-0.18224970435365054,-22.96759796142578,22.96759796142578,98.0,126.02268981933594,-41.85386352539062,7.470596313476563,49.324459838867185,0.3913934856459414,31.109256744384766,18.532499313354492,0.08816893398761749,0.13113591074943542,-121.68223571777344
train,1-7-4-2_png.rf.c13d1a9b1c75e2e36673574149b0536b.jpg,/mnt/tf_data/TechFin/home/group_6/Data/white_balance_copy_layers.v9-10x.coco-segmentation/train/1-7-4-2_png.rf.c13d1a9b1c75e2e36673574149b0536b.jpg,9,14,1,png,1.7,4.2,7.14,5.9,4719,8.459564078579602,129.0,62.0,2.0806451612903225,66955,-0.026480819762229265,-3.1087963581085205,3.1087963581085205,114.0,117.39804077148438,-5.699601745605468,-0.6498184204101567,5.049783325195312,0.04301420442803411,5.814301490783691,2.240596055984497,0.005170314572751522,-0.00938889104872942,119.71083068847656
train,1-4-3-3_png.rf.6668aa2907434c01664475b36ff7ac32.jpg,/mnt/tf_data/TechFin/home/group_6/Data/white_balance_copy_layers.v9-10x.coco-segmentation/train/1-4-3-3_png.rf.6668aa2907434c01664475b36ff7ac32.jpg,10,15,4,png,1.4,3.3,4.619999999999999,4.699999999999999,4064,8.310169021981912,192.0,58.0,3.310344827586207,95895,-0.17860094403703394,-27.71950912475586,27.71950912475586,127.0,155.20359802246094,-31.345201110839845,-20.591491699218746,10.753709411621099,0.06928775845818233,21.256893157958984,5.063266754150391,-0.011276822537183762,-0.035720404237508774,210.61367797851562
train,1-7-3-6_png.rf.542cf4e512e41802a242248e50d73fb1.jpg,/mnt/tf_data/TechFin/home/group_6/Data/white_balance_copy_layers.v9-10x.coco-segmentation/train/1-7-3-6_png.rf.542cf4e512e41802a242248e50d73fb1.jpg,14,19,1,png,1.7,3.6,6.12,5.3,3131,8.049427057110695,170.0,59.0,2.8813559322033897,86895,-0.0762815935253241,-9.419615745544434,9.419615745544434,115.0,123.48477935791016,-15.611968994140625,-3.44195556640625,12.170013427734375,0.0985547651379821,12.209771156311035,4.6191205978393555,0.0009732237085700035,-0.01390136033296585,137.17062377929688
train,1-7-4-5-3-10-2_png.rf.77213dded5d4ac0848072428f72d5df9.jpg,/mnt/tf_data/TechFin/home/group_6/Data/white_balance_copy_layers.v9-10x.coco-segmentation/train/1-7-4-5-3-10-2_png.rf.77213dded5d4ac0848072428f72d5df9.jpg,16,21,7,3-10-2_png,1.7,4.5,7.6499999999999995,6.2,541,6.295266001439646,41.0,23.0,1.7826086956521738,7867,-0.5888080468841335,-36.35028076171875,36.35028076171875,23.0,61.73536682128906,-41.75148391723633,-19.656261444091797,22.09522247314453,0.35790218169603766,4.694774627685547,9.044072151184082,0.003287244588136673,0.0014842998934909701,58.69309997558594
train,1-4-3-3_png.rf.478b2c1ef7579e46a4978b6bb8a3c1da.jpg,/mnt/tf_data/TechFin/home/group_6/Data/white_balance_copy_layers.v9-10x.coco-segmentation/train/1-4-3-3_png.rf.478b2c1ef7579e46a4978b6bb8a3c1da.jpg,17,22,2,png,1.4,3.3,4.619999999999999,4.699999999999999,967,6.875232087276577,35.0,64.0,0.546875,19079,-0.0828935780535357,-12.220139503479004,12.220139503479004,135.0,147.41961669921875,-16.45826416015625,-5.534088134765625,10.924176025390626,0.07410259414579334,1.5432472229003906,3.99593448638916,0.000954208429902792,0.004041930660605431,142.718994140625
train,1-4-4-5_png.rf.5eabbf8766b64aae472dec2241b4ddd2.jpg,/mnt/tf_data/TechFin/home/group_6/Data/white_balance_copy_layers.v9-10x.coco-segmentation/train/1-4-4-5_png.rf.5eabbf8766b64aae472dec2241b4ddd2.jpg,18,23,1,png,1.4,4.5,6.3,5.9,3165,8.060224240440958,171.0,59.0,2.8983050847457625,87391,-0.08769461382827091,-10.581244468688965,10.581244468688965,112.0,120.66014099121094,-19.637431335449218,-3.6624298095703125,15.975001525878906,0.13239667544431719,11.021583557128906,5.849950313568115,0.0017136542592197657,-0.00973487738519907,128.81549072265625
train,1-4-4-2_png.rf.721481f17552402d880ef5900c63faf4.jpg,/mnt/tf_data/TechFin/home/group_6/Data/white_balance_copy_layers.v9-10x.coco-segmentation/train/1-4-4-2_png.rf.721481f17552402d880ef5900c63faf4.jpg,19,24,1,png,1.4,4.2,5.88,5.6,1552,7.347943823148687,32.0,77.0,0.4155844155844156,20475,-0.040633354357351485,-5.157454967498779,5.157454967498779,121.0,126.9266357421875,-7.14618148803711,-1.588802337646484,5.557379150390625,0.04378418381527684,8.722004890441895,2.3145132064819336,0.013451972976326942,0.00792095996439457,101.64200592041016
train,1-1-4-8-6-10-6_png.rf.67090c6fd7aab44778a6c4f60aa4cf76.jpg,/mnt/tf_data/TechFin/home/group_6/Data/white_balance_copy_layers.v9-10x.coco-segmentation/train/1-1-4-8-6-10-6_png.rf.67090c6fd7aab44778a6c4f60aa4cf76.jpg,21,26,6,6-10-6_png,1.1,4.8,5.28,5.9,1823,7.508787170634276,39.0,126.0,0.30952380952380953,42110,-0.2751690535757892,-31.207414627075195,31.207414627075195,81.0,113.41178894042969,-34.84384307861328,-21.562998962402354,13.280844116210929,0.11710285359475973,11.860830307006836,6.440650939941406,0.002388412831351161,-0.008050872012972832,116.0301284790039
train,1-7-4-2-2-10-3_png.rf.61678f0602084ce8ab8564eff4254ea3.jpg,/mnt/tf_data/TechFin/home/group_6/Data/white_balance_copy_layers.v9-10x.coco-segmentation/train/1-7-4-2-2-10-3_png.rf.61678f0602084ce8ab8564eff4254ea3.jpg,22,27,2,2-10-3_png,1.7,4.2,7.14,5.9,5573,8.625868208041894,111.0,86.0,1.2906976744186047,80111,-0.10737748699749035,-7.502654552459717,7.502654552459717,62.0,69.87176513671875,-7.967047119140625,-5.975837707519531,1.991209411621094,0.028498055083120852,11.02681827545166,1.397552728652954,-0.0008169503998942673,-0.0034411621745675802,72.19798278808594
train,1-4-4-2-3-10-4_png.rf.06a95ae0cbf1268d1fbae002c8285626.jpg,/mnt/tf_data/TechFin/home/group_6/Data/white_balance_copy_layers.v9-10x.coco-segmentation/train/1-4-4-2-3-10-4_png.rf.06a95ae0cbf1268d1fbae002c8285626.jpg,24,29,3,3-10-4_png,1.4,4.2,5.88,5.6,629,6.4457198193855785,22.0,53.0,0.41509433962264153,9775,-0.13886857572295516,-12.194704055786133,12.194704055786133,75.0,87.81471252441406,-16.781552124023438,-5.866386413574219,10.91516571044922,0.12429768767294669,1.2108943462371826,4.269543170928955,0.005589793436229229,-0.0035193099174648523,85.79069519042969
train,1-1-3-9_png.rf.623480332ed46b80747e30151fbcc404.jpg,/mnt/tf_data/TechFin/home/group_6/Data/white_balance_copy_layers.v9-10x.coco-segmentation/train/1-1-3-9_png.rf.623480332ed46b80747e30151fbcc404.jpg,26,31,1,png,1.1,3.9,4.29,5.0,3002,8.00736706798333,170.0,59.0,2.8813559322033897,87024,-0.0628536974584003,-9.252684593200684,9.252684593200684,138.0,147.20986938476562,-15.007173156738281,-3.9893478393554678,11.017825317382814,0.07484433865358092,10.620208740234375,4.194183826446533,0.0006066789501346648,-0.01345039252191782,160.90469360351562
train,1-1-4-8_png.rf.dacb87c5415ad4b2b5c3daabf1fc8f59.jpg,/mnt/tf_data/TechFin/home/group_6/Data/white_balance_copy_layers.v9-10x.coco-segmentation/train/1-1-4-8_png.rf.dacb87c5415ad4b2b5c3daabf1fc8f59.jpg,27,32,1,png,1.1,4.8,5.28,5.9,2997,8.005700678662542,170.0,58.0,2.9310344827586206,85500,-0.08732302762833302,-10.392047882080078,10.392047882080078,109.0,119.0069580078125,-16.173756408691407,-4.878480529785156,11.295275878906251,0.09491273508700848,12.242432594299316,4.437887668609619,-0.000544570037163794,-0.017187511548399925,138.33786010742188
train,2-0-3-6_png.rf.69c3cd6840e7554ea1dbdcb76c0dd43a.jpg,/mnt/tf_data/TechFin/home/group_6/Data/white_balance_copy_layers.v9-10x.coco-segmentation/train/2-0-3-6_png.rf.69c3cd6840e7554ea1dbdcb76c0dd43a.jpg,29,34,7,png,2.0,3.6,7.2,5.6,619,6.429719478039138,23.0,55.0,0.41818181818181815,10673,-0.2661647165783381,-25.337692260742188,25.337692260742188,65.0,95.1955337524414,-43.18195343017578,3.729771423339848,46.91172485351563,0.49279333813612364,22.895986557006836,17.836658477783203,0.05726005509495735,0.10464078933000565,-82.8929672241211
train,0-8-4-2-3-10_png.rf.49e84ea1ec5d1d77c8b5d6d7447e03ee.jpg,/mnt/tf_data/TechFin/home/group_6/Data/white_balance_copy_layers.v9-10x.coco-segmentation/train/0-8-4-2-3-10_png.rf.49e84ea1ec5d1d77c8b5d6d7447e03ee.jpg,31,38,3,3-10_png,0.8,4.2,3.3600000000000003,5.0,1072,6.9782137426306985,40.0,43.0,0.9302325581395349,14300,-0.15721479411707723,-21.79213523864746,21.79213523864746,116.0,138.61376953125,-24.67412872314453,-14.4940673828125,10.180061340332031,0.07344191976567646,1.86707603931427,4.474423408508301,-0.0031261590775102377,-0.007924570702016354,144.93190002441406
train,1-4-4-5-3-10-2_png.rf.9b6596f9e59aba485abf5cac7d333242.jpg,/mnt/tf_data/TechFin/home/group_6/Data/white_balance_copy_layers.v9-10x.coco-segmentation/train/1-4-4-5-3-10-2_png.rf.9b6596f9e59aba485abf5cac7d333242.jpg,32,39,7,3-10-2_png,1.4,4.5,6.3,5.9,419,6.040254711277414,41.0,23.0,1.7826086956521738,7989,-0.5189247373013164,-44.25090789794922,44.25090789794922,38.0,85.27423095703125,-50.282327270507814,-20.319154357910158,29.963172912597656,0.3513742965057729,4.999926567077637,12.115942001342773,0.005392878316342831,-0.007616658695042133,85.35196685791016
train,2-0-4-5_png.rf.7c5d3eb92b26ca429afc8700b2e2d5ef.jpg,/mnt/tf_data/TechFin/home/group_6/Data/white_balance_copy_layers.v9-10x.coco-segmentation/train/2-0-4-5_png.rf.7c5d3eb92b26ca429afc8700b2e2d5ef.jpg,33,40,1,png,2.0,4.5,9.0,6.5,1459,7.286191714702382,28.0,86.0,0.32558139534883723,20077,-0.035574075917252874,-3.280409812927246,3.280409812927246,89.0,92.21349334716797,-5.388108825683593,-1.092086791992187,4.296022033691406,0.046587781004214,8.647924423217773,1.987101435661316,0.014780553989112377,0.00046280428068712354,72.65884399414062
train,1-7-4-8_png.rf.07d9099b8a53838d7d2b65ab529f15a1.jpg,/mnt/tf_data/TechFin/home/group_6/Data/white_balance_copy_layers.v9-10x.coco-segmentation/train/1-7-4-8_png.rf.07d9099b8a53838d7d2b65ab529f15a1.jpg,34,43,7,png,1.7,4.8,8.16,6.5,851,6.747586526829315,61.0,25.0,2.44,12770,-0.3916380695809232,-40.38512420654297,40.38512420654297,60.0,103.11848449707031,-47.08583068847656,-18.28582000732422,28.800010681152344,0.27929047659705064,11.916160583496094,11.646822929382324,-0.005530018359422684,0.018374979496002197,93.75334167480469
train,1-7-3-9-3-10-4_png.rf.067196c777d1f5628e7bf2a85bb20b01.jpg,/mnt/tf_data/TechFin/home/group_6/Data/white_balance_copy_layers.v9-10x.coco-segmentation/train/1-7-3-9-3-10-4_png.rf.067196c777d1f5628e7bf2a85bb20b01.jpg,38,47,3,3-10-4_png,1.7,3.9,6.63,5.6,643,6.467698726104354,24.0,53.0,0.4528301886792453,10713,-0.15716287055087574,-9.987235069274902,9.987235069274902,53.0,63.54703903198242,-13.529096984863282,-4.66683349609375,8.862263488769532,0.139459896539149,1.149649739265442,3.337639808654785,0.007499562110751867,-0.003691235091537237,60.2882080078125
train,1-1-4-5-3-10-4_png.rf.1930ecac4fb716eb7b49390bec245c45.jpg,/mnt/tf_data/TechFin/home/group_6/Data/white_balance_copy_layers.v9-10x.coco-segmentation/train/1-1-4-5-3-10-4_png.rf.1930ecac4fb716eb7b49390bec245c45.jpg,39,48,3,3-10-4_png,1.1,4.5,4.95,5.6,661,6.495265555937008,25.0,55.0,0.45454545454545453,11619,-0.11463907982076123,-12.910056114196777,12.910056114196777,99.0,112.61479187011719,-17.63257598876953,-5.5754241943359375,12.057151794433594,0.10706543602495447,2.0042457580566406,4.960214614868164,0.003557526972144842,-0.0074068475514650345,114.05166625976562
train,1-4-3-6-6-10-6_png.rf.57e97c4c658deb106fa91bb3c6185d00.jpg,/mnt/tf_data/TechFin/home/group_6/Data/white_balance_copy_layers.v9-10x.coco-segmentation/train/1-4-3-6-6-10-6_png.rf.57e97c4c658deb106fa91bb3c6185d00.jpg,40,49,6,6-10-6_png,1.4,3.6,5.04,5.0,1895,7.547501682814967,40.0,131.0,0.3053435114503817,44986,-0.31525267813710284,-29.27590560913086,29.27590560913086,62.0,92.8648910522461,-32.93291320800781,-19.61182861328125,13.32108459472656,0.14344586467271117,11.476784706115723,5.941872596740723,0.0038543955888599157,-0.003996359650045633,92.29287719726562
train,1-4-3-6-3-10-4_png.rf.6eeeb2f2d66d855f1234509223102911.jpg,/mnt/tf_data/TechFin/home/group_6/Data/white_balance_copy_layers.v9-10x.coco-segmentation/train/1-4-3-6-3-10-4_png.rf.6eeeb2f2d66d855f1234509223102911.jpg,41,50,3,3-10-4_png,1.4,3.6,5.04,5.0,631,6.448889394146858,22.0,52.0,0.4230769230769231,9576,-0.15387950404069303,-14.209590911865234,14.209590911865234,77.0,92.34232330322266,-20.27326202392578,-6.348762512207031,13.92449951171875,0.15079217214402488,1.3039690256118774,5.3052754402160645,0.007021981291472912,-0.0038008540868759155,89.4712142944336
train,0-8-3-9-3-10-4_png.rf.2c644fbaaef3c4d28769ee5b38c6da08.jpg,/mnt/tf_data/TechFin/home/group_6/Data/white_balance_copy_layers.v9-10x.coco-segmentation/train/0-8-3-9-3-10-4_png.rf.2c644fbaaef3c4d28769ee5b38c6da08.jpg,42,51,3,3-10-4_png,0.8,3.9,3.12,4.7,578,6.361302477572996,22.0,52.0,0.4230769230769231,9629,-0.1030343112133129,-14.801945686340332,14.801945686340332,128.0,143.6603546142578,-20.642514038085938,-6.7345230102539055,13.907991027832033,0.09681161559969942,1.1733717918395996,5.455512046813965,0.007219981402158737,-0.006658652331680059,142.16741943359375
train,1-7-4-8_png.rf.cfafa6b7cbe1770109c61d11fd0a600e.jpg,/mnt/tf_data/TechFin/home/group_6/Data/white_balance_copy_layers.v9-10x.coco-segmentation/train/1-7-4-8_png.rf.cfafa6b7cbe1770109c61d11fd0a600e.jpg,43,52,4,png,1.7,4.8,8.16,6.5,8160,9.007121989469242,167.0,98.0,1.7040816326530612,129468,-0.19867874687501696,-20.396089553833008,20.396089553833008,82.0,102.65863800048828,-22.361666107177733,-17.851007080078123,4.51065902709961,0.043938426565508844,16.438682556152344,3.28332257270813,-0.004972497932612896,-0.004026373382657766,114.07496643066406
train,1-7-4-8_png.rf.cfafa6b7cbe1770109c61d11fd0a600e.jpg,/mnt/tf_data/TechFin/home/group_6/Data/white_balance_copy_layers.v9-10x.coco-segmentation/train/1-7-4-8_png.rf.cfafa6b7cbe1770109c61d11fd0a600e.jpg,43,53,3,png,1.7,4.8,8.16,6.5,6642,8.80131894766524,156.0,80.0,1.95,94407,-0.16660217608716424,-17.345956802368164,17.345956802368164,87.0,104.11602783203125,-19.328491973876954,-15.13380661010742,4.194685363769533,0.04028856508564419,18.256607055664062,1.5505716800689697,-0.014695077203214169,-0.004510063212364912,130.8820343017578
train,1-7-4-8_png.rf.cfafa6b7cbe1770109c61d11fd0a600e.jpg,/mnt/tf_data/TechFin/home/group_6/Data/white_balance_copy_layers.v9-10x.coco-segmentation/train/1-7-4-8_png.rf.cfafa6b7cbe1770109c61d11fd0a600e.jpg,43,54,4,png,1.7,4.8,8.16,6.5,1947,7.5745584842024805,108.0,42.0,2.5714285714285716,28145,-0.17629987924875087,-17.93842124938965,17.93842124938965,84.0,101.74948120117188,-19.7525146484375,-14.8697509765625,4.882763671875001,0.047988094034810316,4.397853374481201,2.488801956176758,0.002163390628993511,-0.010828705504536629,110.04570007324219
train,1-7-3-6_png.rf.6ad9f345b8efa63a3d30d000a7800646.jpg,/mnt/tf_data/TechFin/home/group_6/Data/white_balance_copy_layers.v9-10x.coco-segmentation/train/1-7-3-6_png.rf.6ad9f345b8efa63a3d30d000a7800646.jpg,45,58,7,png,1.7,3.6,6.12,5.3,841,6.7357800142423265,61.0,24.0,2.5416666666666665,12235,-0.3546385069382754,-38.89461135864258,38.89461135864258,67.0,109.67396545410156,-47.6767578125,-14.726318359375,32.950439453125,0.3004399386554024,12.851283073425293,12.968903541564941,-0.002719382056966424,0.005479082930833101,108.5982437133789
train,1-1-4-5_png.rf.0d7258abc2655d09abd047dc9db91902.jpg,/mnt/tf_data/TechFin/home/group_6/Data/white_balance_copy_layers.v9-10x.coco-segmentation/train/1-1-4-5_png.rf.0d7258abc2655d09abd047dc9db91902.jpg,46,59,1,png,1.1,4.5,4.95,5.6,3068,8.029107054619736,170.0,60.0,2.8333333333333335,88487,-0.07773204488749512,-9.844757080078125,9.844757080078125,117.0,126.64991760253906,-15.834745788574219,-3.372255706787103,12.462490081787116,0.09840109111557187,11.664411544799805,4.755833625793457,-0.0005643288022838533,-0.016266105696558952,145.02838134765625
train,1-4-3-3_png.rf.fa976209de6df1ade5ed85763fca832a.jpg,/mnt/tf_data/TechFin/home/group_6/Data/white_balance_copy_layers.v9-10x.coco-segmentation/train/1-4-3-3_png.rf.fa976209de6df1ade5ed85763fca832a.jpg,47,62,7,png,1.4,3.3,4.619999999999999,4.699999999999999,892,6.794586580876499,63.0,23.0,2.739130434782609,12048,-0.32222014340811805,-43.62371826171875,43.62371826171875,89.0,135.38482666015625,-50.38469696044922,-22.16859130859375,28.216105651855468,0.20841409150438767,12.760621070861816,11.43083667755127,-0.006452653557062149,0.014247260056436062,131.59042358398438
train,2-0-4-5_png.rf.da2f48a216cf3125b77c3a085b9f0b83.jpg,/mnt/tf_data/TechFin/home/group_6/Data/white_balance_copy_layers.v9-10x.coco-segmentation/train/2-0-4-5_png.rf.da2f48a216cf3125b77c3a085b9f0b83.jpg,48,65,7,png,2.0,4.5,9.0,6.5,713,6.570882962339584,61.0,18.0,3.388888888888889,9811,-0.45559446707317647,-42.04794692993164,42.04794692993164,49.0,92.29248809814453,-47.258357238769534,-29.13328857421875,18.125068664550785,0.196387257923705,14.23576545715332,8.880898475646973,-0.005606448743492365,0.02257041074335575,78.92931365966797
train,0-8-3-6-6-10-6_png.rf.3c754df6857757aa2a83519ece45ec81.jpg,/mnt/tf_data/TechFin/home/group_6/Data/white_balance_copy_layers.v9-10x.coco-segmentation/train/0-8-3-6-6-10-6_png.rf.3c754df6857757aa2a83519ece45ec81.jpg,49,66,6,6-10-6_png,0.8,3.6,2.8800000000000003,4.4,1818,7.506042178518122,38.0,123.0,0.3089430894308943,40010,-0.23058869197321252,-37.75226593017578,37.75226593017578,124.0,163.7212371826172,-42.70756378173828,-22.87769317626953,19.82987060546875,0.12111972122071253,11.320119857788086,8.57190227508545,0.007581219542771578,-0.0003540483594406396,158.58987426757812
train,2-0-4-2_png.rf.57c3a840ec9cb70e633c9f544f82335b.jpg,/mnt/tf_data/TechFin/home/group_6/Data/white_balance_copy_layers.v9-10x.coco-segmentation/train/2-0-4-2_png.rf.57c3a840ec9cb70e633c9f544f82335b.jpg,51,68,4,png,2.0,4.2,8.4,6.2,3890,8.266421472984554,191.0,58.0,3.293103448275862,95548,-0.22758053661709945,-22.288990020751953,22.288990020751953,75.0,97.93891143798828,-28.09867935180664,-14.303881835937501,13.79479751586914,0.14085103983010425,26.45029067993164,5.728824138641357,-0.010824691504240036,-0.040356509387493134,157.50091552734375
train,2-3-3-3_png.rf.e715422f3eb1a8be968b9f3df98dd932.jpg,/mnt/tf_data/TechFin/home/group_6/Data/white_balance_copy_layers.v9-10x.coco-segmentation/train/2-3-3-3_png.rf.e715422f3eb1a8be968b9f3df98dd932.jpg,53,70,2,png,2.3,3.3,7.589999999999999,5.6,942,6.849066282633458,34.0,63.0,0.5396825396825397,18224,-0.10239700766397018,-12.559009552001953,12.559009552001953,109.0,122.65016174316406,-15.697694396972656,-6.559642791748047,9.138051605224609,0.074505010636351,1.3776135444641113,3.6967737674713135,0.004496328067034483,0.003042322350665927,113.57355499267578
train,1-7-3-6-3-10-4_png.rf.7706566b09988ab96aa292145be3ff1e.jpg,/mnt/tf_data/TechFin/home/group_6/Data/white_balance_copy_layers.v9-10x.coco-segmentation/train/1-7-3-6-3-10-4_png.rf.7706566b09988ab96aa292145be3ff1e.jpg,54,71,3,3-10-4_png,1.7,3.6,6.12,5.3,621,6.432940092739179,23.0,52.0,0.4423076923076923,10053,-0.18160355058055724,-12.411338806152344,12.411338806152344,56.0,68.3430404663086,-17.308387756347656,-6.29156494140625,11.016822814941406,0.1611988980849107,0.9197148680686951,4.382318496704102,-0.0009300351957790554,-0.0040569789707660675,71.12211608886719
train,1-7-3-9-6-10-6_png.rf.8213bd6cc70ba892e8dd93651d9fc9d8.jpg,/mnt/tf_data/TechFin/home/group_6/Data/white_balance_copy_layers.v9-10x.coco-segmentation/train/1-7-3-9-6-10-6_png.rf.8213bd6cc70ba892e8dd93651d9fc9d8.jpg,55,72,6,6-10-6_png,1.7,3.9,6.63,5.6,1958,7.580189417944541,41.0,131.0,0.31297709923664124,46083,-0.3512057817974005,-22.964874267578125,22.964874267578125,41.0,65.38865661621094,-26.338585662841798,-14.39212646484375,11.946459197998047,0.18269926033373074,10.803570747375488,5.803360939025879,0.006324804853647947,-0.004019920248538256,63.112247467041016
train,1-7-3-3_png.rf.2dcae6fb792a8c8f409b46857b04f1ff.jpg,/mnt/tf_data/TechFin/home/group_6/Data/white_balance_copy_layers.v9-10x.coco-segmentation/train/1-7-3-3_png.rf.2dcae6fb792a8c8f409b46857b04f1ff.jpg,56,73,2,png,1.7,3.3,5.609999999999999,5.0,1039,6.946975992135418,35.0,64.0,0.546875,19007,-0.11064243193644335,-16.135141372680664,16.135141372680664,128.0,145.83140563964844,-21.871673583984375,-5.7937072753906245,16.07796630859375,0.11025036917166282,1.2652016878128052,6.137364387512207,0.000652617251034826,0.0046146041713654995,141.10313415527344
train,1-4-3-6-3-10_png.rf.ad84b927b1babbe89c96f28f7ea04ec2.jpg,/mnt/tf_data/TechFin/home/group_6/Data/white_balance_copy_layers.v9-10x.coco-segmentation/train/1-4-3-6-3-10_png.rf.ad84b927b1babbe89c96f28f7ea04ec2.jpg,57,74,3,3-10_png,1.4,3.6,5.04,5.0,1130,7.030857476116121,40.0,42.0,0.9523809523809523,13891,-0.006223575697370324,-0.5764209032058716,0.5764209032058716,92.0,92.61892700195312,-2.659180450439453,0.6963104248046875,3.3554908752441404,0.036228997504725795,3.265162944793701,1.3398828506469727,0.001963631948456168,-0.01988176628947258,102.72389221191406
train,1-7-4-8_png.rf.8d87fcd0542156ea4bfce103f4562988.jpg,/mnt/tf_data/TechFin/home/group_6/Data/white_balance_copy_layers.v9-10x.coco-segmentation/train/1-7-4-8_png.rf.8d87fcd0542156ea4bfce103f4562988.jpg,59,76,1,png,1.7,4.8,8.16,6.5,3019,8.013012110368916,170.0,60.0,2.8333333333333335,88536,-0.07324207226897843,-7.4870924949646,7.4870924949646,95.0,102.22393035888672,-12.201141357421875,-2.939442443847654,9.261698913574222,0.09060206236502887,11.938944816589355,3.5704970359802246,0.00039961314178071916,-0.012171375565230846,114.82532501220703
train,2-0-3-3_png.rf.925e14054494dd440ccb06f615e5e7cd.jpg,/mnt/tf_data/TechFin/home/group_6/Data/white_balance_copy_layers.v9-10x.coco-segmentation/train/2-0-3-3_png.rf.925e14054494dd440ccb06f615e5e7cd.jpg,60,77,4,png,2.0,3.3,6.6,5.3,8298,9.023890304598448,172.0,98.0,1.7551020408163265,143113,-0.17682045357328394,-17.292016983032227,17.292016983032227,80.0,97.7942123413086,-19.018899536132814,-13.62791290283203,5.390986633300784,0.05512582497710464,16.619775772094727,6.728647232055664,-0.0046337372623384,-0.0034821999724954367,108.13732147216797
train,1-4-3-9_png.rf.698cb0a376f514d9a60369673b8ffe02.jpg,/mnt/tf_data/TechFin/home/group_6/Data/white_balance_copy_layers.v9-10x.coco-segmentation/train/1-4-3-9_png.rf.698cb0a376f514d9a60369673b8ffe02.jpg,62,79,1,png,1.4,3.9,5.46,5.3,1649,7.408530566894626,35.0,83.0,0.42168674698795183,24363,-0.03442226163328183,-4.662250995635986,4.662250995635986,131.0,135.44290161132812,-6.59747314453125,-2.25013427734375,4.3473388671875,0.03209720712911764,7.892909049987793,2.0591094493865967,0.008592882193624973,0.003372778417542577,120.9922866821289
train,1-7-3-3_png.rf.db11c0ad501492092e2ddc0961e781ae.jpg,/mnt/tf_data/TechFin/home/group_6/Data/white_balance_copy_layers.v9-10x.coco-segmentation/train/1-7-3-3_png.rf.db11c0ad501492092e2ddc0961e781ae.jpg,63,80,1,png,1.7,3.3,5.609999999999999,5.0,1397,7.242797922793756,27.0,80.0,0.3375,17921,-0.03485816464740748,-4.329102039337158,4.329102039337158,120.0,124.19190979003906,-6.360104370117187,-1.9781249999999997,4.381979370117188,0.03528393578555508,9.022719383239746,1.9922527074813843,0.018059611320495605,0.0023573816288262606,98.49443817138672
train,0-8-3-9-7-10-2_png.rf.028097a6c59a7a9fd476df2cfdcff7cd.jpg,/mnt/tf_data/TechFin/home/group_6/Data/white_balance_copy_layers.v9-10x.coco-segmentation/train/0-8-3-9-7-10-2_png.rf.028097a6c59a7a9fd476df2cfdcff7cd.jpg,64,81,7,7-10-2_png,0.8,3.9,3.12,4.7,525,6.26530121273771,42.0,24.0,1.75,8466,-0.397357497307914,-57.949851989746094,57.949851989746094,84.0,145.83807373046875,-66.79486389160157,-30.778201293945312,36.01666259765625,0.24696337298187712,5.006565570831299,15.316290855407715,0.006747662089765072,-0.0007995167979970574,141.54225158691406
train,0-8-4-2-6-10-6_png.rf.f06bc3ebab8cf4997dc15e7d8f16e2c4.jpg,/mnt/tf_data/TechFin/home/group_6/Data/white_balance_copy_layers.v9-10x.coco-segmentation/train/0-8-4-2-6-10-6_png.rf.f06bc3ebab8cf4997dc15e7d8f16e2c4.jpg,65,82,6,6-10-6_png,0.8,4.2,3.3600000000000003,5.0,1926,7.563719668414366,41.0,134.0,0.30597014925373134,47207,-0.27273310923931426,-39.57286834716797,39.57286834716797,103.0,145.097412109375,-45.26042175292969,-21.375205993652344,23.885215759277344,0.1646150362852273,11.971384048461914,9.668487548828125,0.0014848628779873252,-0.004947084002196789,146.69381713867188
train,0-8-3-9-6-10-6_png.rf.7727909cde990ecc79216d1b96fda888.jpg,/mnt/tf_data/TechFin/home/group_6/Data/white_balance_copy_layers.v9-10x.coco-segmentation/train/0-8-3-9-6-10-6_png.rf.7727909cde990ecc79216d1b96fda888.jpg,66,83,6,6-10-6_png,0.8,3.9,3.12,4.7,1826,7.510430556378006,39.0,129.0,0.3023255813953488,43175,-0.24693667297733168,-37.615867614746094,37.615867614746094,113.0,152.33001708984375,-42.548988342285156,-24.31218719482422,18.236801147460938,0.11971902515250774,11.903583526611328,7.933610916137695,0.001466471003368497,-0.0059410096146166325,154.44400024414062
train,0-8-3-3_png.rf.d1ea15e1450a9c0866e1a3d76de5f103.jpg,/mnt/tf_data/TechFin/home/group_6/Data/white_balance_copy_layers.v9-10x.coco-segmentation/train/0-8-3-3_png.rf.d1ea15e1450a9c0866e1a3d76de5f103.jpg,67,86,7,png,0.8,3.3,2.64,4.1,898,6.80128303447162,64.0,22.0,2.909090909090909,11673,-0.2319809277804747,-35.437904357910156,35.437904357910156,115.0,152.76214599609375,-42.75010223388672,-13.639349365234374,29.110752868652348,0.19056260750223247,11.373310089111328,11.502822875976562,-0.0063166203908622265,-0.0013675133232027292,164.19253540039062
train,0-8-4-5-7-10-2_png.rf.d04e1b282cf4cbfd20a9f06418a862be.jpg,/mnt/tf_data/TechFin/home/group_6/Data/white_balance_copy_layers.v9-10x.coco-segmentation/train/0-8-4-5-7-10-2_png.rf.d04e1b282cf4cbfd20a9f06418a862be.jpg,68,87,7,7-10-2_png,0.8,4.5,3.6,5.3,510,6.236369590203704,40.0,23.0,1.7391304347826086,7692,-0.4572725732550959,-60.33505630493164,60.33505630493164,68.5,131.94549560546875,-67.81168670654297,-37.98915863037107,29.8225280761719,0.22602157003786225,5.028934001922607,12.361069679260254,0.008688113652169704,-0.0008919914253056049,126.34000396728516
train,2-0-3-3_png.rf.57016d1639f9d94c16d2eb6d80f6fd37.jpg,/mnt/tf_data/TechFin/home/group_6/Data/white_balance_copy_layers.v9-10x.coco-segmentation/train/2-0-3-3_png.rf.57016d1639f9d94c16d2eb6d80f6fd37.jpg,69,88,7,png,2.0,3.3,6.6,5.3,640,6.46302945692067,23.0,56.0,0.4107142857142857,10858,-0.25026981866690745,-25.54663848876953,25.54663848876953,72.0,102.07638549804688,-43.9610595703125,3.7889266967773443,47.749986267089845,0.4677868052842005,24.183998107910156,18.133174896240234,0.055958133190870285,0.10040528327226639,-70.11210632324219
train,1-1-3-9-3-10_png.rf.e7139b506e18616f1b606e2b99c7d54f.jpg,/mnt/tf_data/TechFin/home/group_6/Data/white_balance_copy_layers.v9-10x.coco-segmentation/train/1-1-3-9-3-10_png.rf.e7139b506e18616f1b606e2b99c7d54f.jpg,70,91,3,3-10_png,1.1,3.9,4.29,5.0,1003,6.911747300251674,40.0,39.0,1.0256410256410255,12935,-0.15498823997153394,-19.42719268798828,19.42719268798828,105.0,125.34623718261719,-21.460922241210938,-14.159695434570313,7.301226806640624,0.05824847215799109,2.754594087600708,3.4533309936523438,-0.0022386759519577026,-0.01063812430948019,132.42385864257812
train,1-7-3-3_png.rf.2cab010acaac2b68ec0bb1c44f5d3755.jpg,/mnt/tf_data/TechFin/home/group_6/Data/white_balance_copy_layers.v9-10x.coco-segmentation/train/1-7-3-3_png.rf.2cab010acaac2b68ec0bb1c44f5d3755.jpg,71,92,4,png,1.7,3.3,5.609999999999999,5.0,8352,9.030376034755907,174.0,99.0,1.7575757575757576,136839,-0.15870275770053202,-19.436731338500977,19.436731338500977,103.0,122.47254943847656,-21.394354248046874,-17.28456268310547,4.109791564941403,0.03355683852246364,16.066524505615234,2.1521589756011963,-0.0006843310547992587,-0.005759113468229771,129.8309783935547
train,1-7-3-3_png.rf.2cab010acaac2b68ec0bb1c44f5d3755.jpg,/mnt/tf_data/TechFin/home/group_6/Data/white_balance_copy_layers.v9-10x.coco-segmentation/train/1-7-3-3_png.rf.2cab010acaac2b68ec0bb1c44f5d3755.jpg,71,93,3,png,1.7,3.3,5.609999999999999,5.0,6710,8.811503250158239,164.0,79.0,2.0759493670886076,98319,-0.15447824304741245,-19.22939682006836,19.22939682006836,105.0,124.47964477539062,-21.020286560058594,-17.253472900390626,3.7668136596679673,0.030260478863550377,18.42070960998535,1.7353031635284424,-0.012711940333247185,-0.004310488700866699,148.1118927001953
train,1-7-3-3_png.rf.2cab010acaac2b68ec0bb1c44f5d3755.jpg,/mnt/tf_data/TechFin/home/group_6/Data/white_balance_copy_layers.v9-10x.coco-segmentation/train/1-7-3-3_png.rf.2cab010acaac2b68ec0bb1c44f5d3755.jpg,71,94,4,png,1.7,3.3,5.609999999999999,5.0,2265,7.725771441587952,109.0,48.0,2.2708333333333335,32869,-0.1432176819963654,-17.50670623779297,17.50670623779297,104.0,122.23844146728516,-20.3258544921875,-9.351693725585937,10.974160766601562,0.08977667446405223,4.328189849853516,4.728357791900635,0.0029046388808637857,-0.012302654795348644,130.96536254882812
train,1-1-4-2-6-10-6_png.rf.b5e8c426c587b636bf5b9a5a6345c102.jpg,/mnt/tf_data/TechFin/home/group_6/Data/white_balance_copy_layers.v9-10x.coco-segmentation/train/1-1-4-2-6-10-6_png.rf.b5e8c426c587b636bf5b9a5a6345c102.jpg,72,95,6,6-10-6_png,1.1,4.2,4.620000000000001,5.300000000000001,1896,7.5480289699350145,40.0,124.0,0.3225806451612903,42476,-0.2657207770514149,-32.87162780761719,32.87162780761719,89.0,123.70740509033203,-37.880821228027344,-19.168655395507812,18.71216583251953,0.15126148526723823,12.670360565185547,10.007672309875488,0.004926934372633696,-0.006645808462053537,123.80878448486328
train,0-8-4-2-2-10-3_png.rf.e877450e1ac246ac22a5273582a6190e.jpg,/mnt/tf_data/TechFin/home/group_6/Data/white_balance_copy_layers.v9-10x.coco-segmentation/train/0-8-4-2-2-10-3_png.rf.e877450e1ac246ac22a5273582a6190e.jpg,76,100,2,2-10-3_png,0.8,4.2,3.3600000000000003,5.0,5766,8.659907293615413,113.0,88.0,1.2840909090909092,83514,-0.07097383816765598,-10.939018249511719,10.939018249511719,143.0,154.12747192382812,-12.193191528320312,-8.900604248046875,3.2925872802734375,0.02136275408384482,10.131668090820312,2.3483173847198486,-0.0007642178097739816,-0.005312527995556593,157.3591766357422
train,1-7-3-6_png.rf.1390287fbc751deef5b1990673c71067.jpg,/mnt/tf_data/TechFin/home/group_6/Data/white_balance_copy_layers.v9-10x.coco-segmentation/train/1-7-3-6_png.rf.1390287fbc751deef5b1990673c71067.jpg,77,101,4,png,1.7,3.6,6.12,5.3,4054,8.307705966549513,192.0,58.0,3.310344827586207,95905,-0.24166863965994456,-30.24703025817871,30.24703025817871,94.0,125.15910339355469,-36.33449783325195,-17.96870727539062,18.36579055786133,0.14673955037941822,24.917863845825195,7.378030776977539,-0.011441905982792377,-0.03962986543774605,184.94088745117188
train,1-4-4-5-3-10_png.rf.0a3e6aec327c6788288b769f0b558dfb.jpg,/mnt/tf_data/TechFin/home/group_6/Data/white_balance_copy_layers.v9-10x.coco-segmentation/train/1-4-4-5-3-10_png.rf.0a3e6aec327c6788288b769f0b558dfb.jpg,78,102,3,3-10_png,1.4,4.5,6.3,5.9,1168,7.063903961472068,41.0,42.0,0.9761904761904762,14214,-0.18382273711494831,-16.022140502929688,16.022140502929688,70.0,87.16082000732422,-18.199502563476564,-9.292390441894531,8.907112121582033,0.10219169715054952,2.4080326557159424,3.8337745666503906,-0.0008751179557293653,-0.007176267448812723,91.4865951538086
train,1-7-3-9_png.rf.c582e955f786b0ba3d85daaf24041918.jpg,/mnt/tf_data/TechFin/home/group_6/Data/white_balance_copy_layers.v9-10x.coco-segmentation/train/1-7-3-9_png.rf.c582e955f786b0ba3d85daaf24041918.jpg,81,105,1,png,1.7,3.9,6.63,5.6,1877,7.537962659768208,35.0,97.0,0.36082474226804123,28531,-0.028421150050533698,-3.4147160053253174,3.4147160053253174,117.0,120.14700317382812,-6.196144104003906,-1.0604736328125,5.135670471191406,0.04274489030542977,7.457792282104492,2.7161242961883545,0.007456970866769552,0.0003372289938852191,110.19197082519531
train,1-7-4-5_png.rf.9bfdc580a535985ff82ea62c4bde7660.jpg,/mnt/tf_data/TechFin/home/group_6/Data/white_balance_copy_layers.v9-10x.coco-segmentation/train/1-7-4-5_png.rf.9bfdc580a535985ff82ea62c4bde7660.jpg,82,108,7,png,1.7,4.5,7.6499999999999995,6.2,810,6.698268054115413,64.0,21.0,3.0476190476190474,11186,-0.40183591129386464,-42.083160400390625,42.083160400390625,61.0,104.72722625732422,-46.68449020385742,-31.520606994628906,15.163883209228516,0.14479408794776527,11.832249641418457,7.322773456573486,-0.006369942799210548,0.026431379839777946,88.731201171875
train,1-7-4-2_png.rf.81f1ec2b360aed9d52faff0953fb6767.jpg,/mnt/tf_data/TechFin/home/group_6/Data/white_balance_copy_layers.v9-10x.coco-segmentation/train/1-7-4-2_png.rf.81f1ec2b360aed9d52faff0953fb6767.jpg,83,109,1,png,1.7,4.2,7.14,5.9,1698,7.4377951216719325,31.0,82.0,0.3780487804878049,21041,-0.03063665037847806,-3.5824368000030518,3.5824368000030518,113.0,116.93304443359375,-5.959831237792969,-0.8147911071777345,5.145040130615234,0.04399988177454065,8.830231666564941,2.3718888759613037,0.012070775963366032,-7.826174260117114e-05,101.42852020263672
train,1-7-4-5-6-10-6_png.rf.7e9bfa8e94c984f25826c280722efafb.jpg,/mnt/tf_data/TechFin/home/group_6/Data/white_balance_copy_layers.v9-10x.coco-segmentation/train/1-7-4-5-6-10-6_png.rf.7e9bfa8e94c984f25826c280722efafb.jpg,85,111,6,6-10-6_png,1.7,4.5,7.6499999999999995,6.2,1822,7.508238774678663,38.0,124.0,0.3064516129032258,40350,-0.3765920863781082,-23.661758422851562,23.661758422851562,39.0,62.831268310546875,-26.839049530029296,-16.904779052734355,9.934270477294941,0.15811029674260724,10.140542984008789,5.292551040649414,0.0018056307453662157,-0.005945834796875715,64.71601867675781
train,1-1-4-8-3-10-4_png.rf.b5a344e40f4851da8468d465ee9d800d.jpg,/mnt/tf_data/TechFin/home/group_6/Data/white_balance_copy_layers.v9-10x.coco-segmentation/train/1-1-4-8-3-10-4_png.rf.b5a344e40f4851da8468d465ee9d800d.jpg,86,112,3,3-10-4_png,1.1,4.8,5.28,5.9,712,6.569481420414296,24.0,55.0,0.43636363636363634,11074,-0.11419470596464915,-12.267993927001953,12.267993927001953,94.0,107.43049621582031,-17.389593505859374,-3.3961021423339846,13.99349136352539,0.13025622943613188,2.4768099784851074,5.8718485832214355,0.005587479565292597,-0.0071290903724730015,107.30066680908203
train,1-4-4-5-2-10-3_png.rf.e0bc8357f7b89a69e5a629a720e8fce2.jpg,/mnt/tf_data/TechFin/home/group_6/Data/white_balance_copy_layers.v9-10x.coco-segmentation/train/1-4-4-5-2-10-3_png.rf.e0bc8357f7b89a69e5a629a720e8fce2.jpg,87,113,2,2-10-3_png,1.4,4.5,6.3,5.9,5660,8.64135583403666,114.0,88.0,1.2954545454545454,84397,-0.10782446283281492,-10.213890075683594,10.213890075683594,84.0,94.72702026367188,-11.605946350097657,-8.564499664306641,3.0414466857910156,0.032107488204792825,12.561576843261719,1.805718183517456,-0.0006887624622322619,-0.0038687139749526978,97.17708587646484
train,1-7-3-6_png.rf.d9a55a944ba0f9a7317593ffde720dae.jpg,/mnt/tf_data/TechFin/home/group_6/Data/white_balance_copy_layers.v9-10x.coco-segmentation/train/1-7-3-6_png.rf.d9a55a944ba0f9a7317593ffde720dae.jpg,89,115,1,png,1.7,3.6,6.12,5.3,1653,7.4109518755836366,31.0,87.0,0.3563218390804598,22470,-0.032329223618907,-3.94509220123291,3.94509220123291,118.0,122.02867126464844,-6.153099060058594,-1.8708419799804688,4.282257080078125,0.03509222083383194,8.235732078552246,2.058227777481079,0.011744321323931217,0.00150854152161628,105.36209106445312
train,1-4-4-5_png.rf.946c770c73b0f74edb4de5071912eccb.jpg,/mnt/tf_data/TechFin/home/group_6/Data/white_balance_copy_layers.v9-10x.coco-segmentation/train/1-4-4-5_png.rf.946c770c73b0f74edb4de5071912eccb.jpg,91,119,7,png,1.4,4.5,6.3,5.9,695,6.54534966033442,59.0,22.0,2.6818181818181817,10891,-0.39169555102000875,-46.11164093017578,46.11164093017578,70.0,117.7231674194336,-49.800234985351565,-35.7790283203125,14.021206665039067,0.11910320604170614,13.356757164001465,6.924416542053223,-0.003748757764697075,0.007835703901946545,115.94576263427734
train,1-1-3-6-2-10-3_png.rf.cd210df0072d18ae58611c1c1506502f.jpg,/mnt/tf_data/TechFin/home/group_6/Data/white_balance_copy_layers.v9-10x.coco-segmentation/train/1-1-3-6-2-10-3_png.rf.cd210df0072d18ae58611c1c1506502f.jpg,92,120,2,2-10-3_png,1.1,3.6,3.9600000000000004,4.7,5829,8.670772279344538,113.0,90.0,1.2555555555555555,85475,-0.08296975789954823,-11.40318775177002,11.40318775177002,126.0,137.43788146972656,-13.353878784179688,-9.2734619140625,4.080416870117189,0.02968917176605332,12.396986961364746,2.275578737258911,0.00011127204925287515,-0.004795623943209648,139.7853546142578
train,1-7-4-5_png.rf.25e22881938840b9a41e8bd627f03788.jpg,/mnt/tf_data/TechFin/home/group_6/Data/white_balance_copy_layers.v9-10x.coco-segmentation/train/1-7-4-5_png.rf.25e22881938840b9a41e8bd627f03788.jpg,93,121,1,png,1.7,4.5,7.6499999999999995,6.2,3047,8.022240916806537,169.0,60.0,2.816666666666667,87969,-0.07374013552940092,-8.009746551513672,8.009746551513672,101.0,108.62126159667969,-13.36322479248047,-2.720243835449213,10.642980957031256,0.09798248336085048,12.43948745727539,3.883430242538452,0.0006045576883479953,-0.011607821099460125,120.32595825195312
train,1-4-3-9-3-10-2_png.rf.4cb2b0958876f0fac91698302f6f90b6.jpg,/mnt/tf_data/TechFin/home/group_6/Data/white_balance_copy_layers.v9-10x.coco-segmentation/train/1-4-3-9-3-10-2_png.rf.4cb2b0958876f0fac91698302f6f90b6.jpg,94,122,7,3-10-2_png,1.4,3.9,5.46,5.3,536,6.285998094508865,41.0,24.0,1.7083333333333333,8240,-0.4970296364948052,-43.2066764831543,43.2066764831543,41.0,86.92977905273438,-49.93745803833008,-21.97909164428711,27.95836639404297,0.32162012487208247,5.111337661743164,11.381159782409668,0.0008311814744956791,0.00489825988188386,83.86772918701172
train,1-1-4-2_png.rf.c859cd3ba9db6304ee662691c50c503a.jpg,/mnt/tf_data/TechFin/home/group_6/Data/white_balance_copy_layers.v9-10x.coco-segmentation/train/1-1-4-2_png.rf.c859cd3ba9db6304ee662691c50c503a.jpg,95,125,7,png,1.1,4.2,4.620000000000001,5.300000000000001,839,6.733401891837359,62.0,24.0,2.5833333333333335,12452,-0.3836249804482556,-46.74271011352539,46.74271011352539,72.0,121.84480285644531,-53.868666076660155,-22.914407348632814,30.95425872802734,0.2540466068503301,13.44632339477539,12.270575523376465,-0.004149518441408873,0.002785065211355686,125.69924926757812
train,1-4-4-2_png.rf.937cfe02b855a29ddb97c2c2a1258188.jpg,/mnt/tf_data/TechFin/home/group_6/Data/white_balance_copy_layers.v9-10x.coco-segmentation/train/1-4-4-2_png.rf.937cfe02b855a29ddb97c2c2a1258188.jpg,96,126,4,png,1.4,4.2,5.88,5.6,3709,8.21878715560148,191.0,59.0,3.23728813559322,97447,-0.2268779211443225,-29.71297264099121,29.71297264099121,101.0,130.96458435058594,-34.106301879882814,-23.913067626953122,10.193234252929692,0.07783199025503636,23.231494903564453,5.861042022705078,-0.00847304705530405,-0.030121691524982452,176.0569610595703
train,0-8-4-2_png.rf.992de44f23fe1b1c492fcbddb6ddb00c.jpg,/mnt/tf_data/TechFin/home/group_6/Data/white_balance_copy_layers.v9-10x.coco-segmentation/train/0-8-4-2_png.rf.992de44f23fe1b1c492fcbddb6ddb00c.jpg,97,129,7,png,0.8,4.2,3.3600000000000003,5.0,857,6.754604099487962,71.0,20.0,3.55,11817,-0.35002988522919587,-51.9086799621582,51.9086799621582,93.0,148.2978515625,-61.40977478027344,-22.329455566406256,39.080319213867185,0.2635258623244236,12.14245319366455,16.23870277404785,-0.007126341573894024,0.012004435062408447,147.7736053466797
train,1-4-3-6_png.rf.34ef29621e4eca766f6d1d4dd5481d0b.jpg,/mnt/tf_data/TechFin/home/group_6/Data/white_balance_copy_layers.v9-10x.coco-segmentation/train/1-4-3-6_png.rf.34ef29621e4eca766f6d1d4dd5481d0b.jpg,98,132,7,png,1.4,3.6,5.04,5.0,736,6.602587892189336,56.0,22.0,2.5454545454545454,10259,-0.34282707770633,-42.838321685791016,42.838321685791016,80.0,124.95606231689453,-48.02408981323242,-26.35790252685547,21.666187286376953,0.17339044528652375,14.306768417358398,10.188348770141602,-0.0043064262717962265,0.016359945759177208,115.6598892211914
train,1-1-4-5-7-10-2_png.rf.1dd84160d4e219e966797bdbd845463a.jpg,/mnt/tf_data/TechFin/home/group_6/Data/white_balance_copy_layers.v9-10x.coco-segmentation/train/1-1-4-5-7-10-2_png.rf.1dd84160d4e219e966797bdbd845463a.jpg,99,133,7,7-10-2_png,1.1,4.5,4.95,5.6,548,6.3080984415095305,42.0,24.0,1.75,8443,-0.4338570913580257,-50.03290939331055,50.03290939331055,62.0,115.32117462158203,-58.30532302856445,-25.005704498291006,33.29961853027345,0.28875545743913644,5.5548787117004395,13.842114448547363,0.0029279738664627075,-0.003029278013855219,114.81354522705078
train,1-7-4-5_png.rf.fd088675e89e615a1880cf622f70e04c.jpg,/mnt/tf_data/TechFin/home/group_6/Data/white_balance_copy_layers.v9-10x.coco-segmentation/train/1-7-4-5_png.rf.fd088675e89e615a1880cf622f70e04c.jpg,100,134,1,png,1.7,4.5,7.6499999999999995,6.2,1469,7.293017679772782,30.0,81.0,0.37037037037037035,20265,-0.021192130829900263,-2.290306329727173,2.290306329727173,106.0,108.07343292236328,-4.196745300292969,-0.9618942260742187,3.23485107421875,0.02993197298120964,8.902528762817383,1.655776858329773,0.01015857420861721,3.544530045473948e-05,94.90401458740234
train,2-0-3-3_png.rf.541dec8405fa89d25540266ab464c979.jpg,/mnt/tf_data/TechFin/home/group_6/Data/white_balance_copy_layers.v9-10x.coco-segmentation/train/2-0-3-3_png.rf.541dec8405fa89d25540266ab464c979.jpg,103,137,4,png,2.0,3.3,6.6,5.3,3940,8.279189777195004,192.0,59.0,3.2542372881355934,97746,-0.20740941285964343,-21.32781219482422,21.32781219482422,81.0,102.82952880859375,-25.842528533935546,-15.958189392089846,9.8843391418457,0.09612354793771688,25.721525192260742,4.649507522583008,-0.009775914251804352,-0.033301979303359985,153.37925720214844
train,2-0-4-8_png.rf.22b12e455b24cf01141f154232072b13.jpg,/mnt/tf_data/TechFin/home/group_6/Data/white_balance_copy_layers.v9-10x.coco-segmentation/train/2-0-4-8_png.rf.22b12e455b24cf01141f154232072b13.jpg,104,138,1,png,2.0,4.8,9.6,6.8,1731,7.4570320891223805,36.0,84.0,0.42857142857142855,25350,-0.029972221489560424,-2.7222788333892822,2.7222788333892822,88.0,90.82672882080078,-4.891258239746094,-0.6675796508789062,4.2236785888671875,0.046502595036758576,7.935479640960693,1.869828224182129,0.011059796437621117,-0.0027089021168649197,79.24071502685547
train,2-0-3-6_png.rf.fba21ca3e8b92ab2c54c0c7a02e5ca6f.jpg,/mnt/tf_data/TechFin/home/group_6/Data/white_balance_copy_layers.v9-10x.coco-segmentation/train/2-0-3-6_png.rf.fba21ca3e8b92ab2c54c0c7a02e5ca6f.jpg,105,139,1,png,2.0,3.6,7.2,5.6,3031,8.016977746762262,170.0,61.0,2.7868852459016393,90053,-0.09538590188664944,-9.524591445922852,9.524591445922852,91.0,99.85324096679688,-15.64532470703125,-4.000335693359375,11.644989013671875,0.11662104205054354,12.319677352905273,4.255157470703125,0.0006122509366832674,-0.01131528802216053,111.2416763305664
train,1-1-4-2-7-10-2_png.rf.283e154f552f295b51f079d3240045a3.jpg,/mnt/tf_data/TechFin/home/group_6/Data/white_balance_copy_layers.v9-10x.coco-segmentation/train/1-1-4-2-7-10-2_png.rf.283e154f552f295b51f079d3240045a3.jpg,108,142,7,7-10-2_png,1.1,4.2,4.620000000000001,5.300000000000001,537,6.2878585601617845,42.0,24.0,1.75,8454,-0.43707973711419795,-52.631263732910156,52.631263732910156,64.0,120.41570281982422,-60.4312744140625,-27.399133300781248,33.032141113281256,0.27431755443645617,5.430239200592041,14.022171020507812,0.006505381781607866,-0.001173109863884747,116.4779281616211
train,1-4-4-8_png.rf.f3aa59e57f5ca72aeea7e50439585d64.jpg,/mnt/tf_data/TechFin/home/group_6/Data/white_balance_copy_layers.v9-10x.coco-segmentation/train/1-4-4-8_png.rf.f3aa59e57f5ca72aeea7e50439585d64.jpg,110,144,1,png,1.4,4.8,6.72,6.199999999999999,1628,7.395721608602045,36.0,83.0,0.43373493975903615,25130,-0.05618259914752899,-6.291782855987549,6.291782855987549,105.0,111.98810577392578,-8.92208023071289,-1.919770812988282,7.002309417724608,0.06252726009903596,7.84995698928833,2.7409446239471436,0.008767602033913136,0.00453227898105979,96.13473510742188
train,0-8-3-6-2-10-3_png.rf.4f76dad68f9a7611a350ee30feed20d9.jpg,/mnt/tf_data/TechFin/home/group_6/Data/white_balance_copy_layers.v9-10x.coco-segmentation/train/0-8-3-6-2-10-3_png.rf.4f76dad68f9a7611a350ee30feed20d9.jpg,111,145,2,2-10-3_png,0.8,3.6,2.8800000000000003,4.4,5723,8.652423140676342,113.0,89.0,1.2696629213483146,84554,-0.06276205619424195,-10.785900115966797,10.785900115966797,161.0,171.8538360595703,-11.987762451171875,-8.964901733398436,3.0228607177734386,0.017589719188611033,9.864133834838867,1.9507602453231812,-0.0010337760904803872,-0.00605658208951354,175.6579132080078
train,1-5-4-2-1_png.rf.d8aa1b386da2f14a2b9d925d73e1eeae.jpg,/mnt/tf_data/TechFin/home/group_6/Data/white_balance_copy_layers.v9-10x.coco-segmentation/train/1-5-4-2-1_png.rf.d8aa1b386da2f14a2b9d925d73e1eeae.jpg,112,146,1,1_png,1.5,4.2,6.300000000000001,5.7,4874,8.491875383431948,122.0,54.0,2.259259259259259,54223,-0.03210095007927888,-3.9520537853240967,3.9520537853240967,119.0,123.11329650878906,-5.964022827148438,-1.794664001464844,4.169358825683593,0.0338660318902755,5.073507308959961,1.6351618766784668,0.005996510852128267,-0.008950427174568176,123.84845733642578
train,2-0-3-9_png.rf.12bfd83ebd931c2ca0ac7591130e4ae9.jpg,/mnt/tf_data/TechFin/home/group_6/Data/white_balance_copy_layers.v9-10x.coco-segmentation/train/2-0-3-9_png.rf.12bfd83ebd931c2ca0ac7591130e4ae9.jpg,114,148,7,png,2.0,3.9,7.8,5.9,608,6.411818267709897,23.0,55.0,0.41818181818181815,10684,-0.2778614210290382,-25.53691291809082,25.53691291809082,61.0,91.90521240234375,-42.92099151611328,3.1454833984375106,46.066474914550795,0.5012389799272802,22.67814064025879,17.50592041015625,0.04666374623775482,0.1007552519440651,-66.56675720214844
train,1-4-3-3_png.rf.41f5dfd5ac303d5aac02cbd96f78b219.jpg,/mnt/tf_data/TechFin/home/group_6/Data/white_balance_copy_layers.v9-10x.coco-segmentation/train/1-4-3-3_png.rf.41f5dfd5ac303d5aac02cbd96f78b219.jpg,115,151,1,png,1.4,3.3,4.619999999999999,4.699999999999999,1657,7.4133673356952405,33.0,84.0,0.39285714285714285,23155,-0.0234324714245963,-3.6518499851226807,3.6518499851226807,152.0,155.845703125,-5.792230224609375,-0.772369384765625,5.01986083984375,0.03221045392452972,9.008620262145996,1.9519933462142944,0.013150472193956375,0.0015689886640757322,137.31222534179688
train,2-3-3-9_png.rf.6ad0195ee94d29f2341764fb60ffdbad.jpg,/mnt/tf_data/TechFin/home/group_6/Data/white_balance_copy_layers.v9-10x.coco-segmentation/train/2-3-3-9_png.rf.6ad0195ee94d29f2341764fb60ffdbad.jpg,116,152,2,png,2.3,3.9,8.969999999999999,6.199999999999999,963,6.871091294610546,32.0,64.0,0.5,17358,-0.09395251942636001,-9.870219230651855,9.870219230651855,95.0,105.0553970336914,-13.083505249023437,-4.075462341308594,9.008042907714843,0.08574564622154493,1.2513750791549683,3.478525161743164,-0.00026582725695334375,0.003247677581384778,102.78663635253906
train,1-4-3-9_png.rf.0fdbff91ebd47b339231347992816d49.jpg,/mnt/tf_data/TechFin/home/group_6/Data/white_balance_copy_layers.v9-10x.coco-segmentation/train/1-4-3-9_png.rf.0fdbff91ebd47b339231347992816d49.jpg,117,153,2,png,1.4,3.9,5.46,5.3,940,6.846943139585379,32.0,64.0,0.5,17381,-0.10544690232535048,-12.963407516479492,12.963407516479492,109.0,122.93777465820312,-16.941304779052736,-5.93214111328125,11.009163665771485,0.08955069909455929,1.1594913005828857,4.198252201080322,-0.0026975851505994797,0.002564882393926382,124.78642272949219
train,1-7-3-6_png.rf.72f174885e3aac98ef00a88f99d20e2a.jpg,/mnt/tf_data/TechFin/home/group_6/Data/white_balance_copy_layers.v9-10x.coco-segmentation/train/1-7-3-6_png.rf.72f174885e3aac98ef00a88f99d20e2a.jpg,118,154,2,png,1.7,3.6,6.12,5.3,1017,6.925595197110468,35.0,64.0,0.546875,19029,-0.1278318533080647,-17.095657348632812,17.095657348632812,115.0,133.73550415039062,-22.763760375976563,-6.70035400390625,16.06340637207031,0.12011325245393627,1.2923108339309692,6.03910493850708,-0.0005784043460153043,0.005951776169240475,129.7095184326172
train,1-7-4-8_png.rf.0b274182b440cd293e10d8df5a2a7e91.jpg,/mnt/tf_data/TechFin/home/group_6/Data/white_balance_copy_layers.v9-10x.coco-segmentation/train/1-7-4-8_png.rf.0b274182b440cd293e10d8df5a2a7e91.jpg,119,155,1,png,1.7,4.8,8.16,6.5,1518,7.325807502595773,31.0,81.0,0.38271604938271603,20954,-0.02314349723538483,-2.3604073524475098,2.3604073524475098,100.0,101.9900894165039,-4.149073791503906,-0.11474533081054725,4.034328460693359,0.0395560831819462,8.690521240234375,1.6109251976013184,0.014083673246204853,-0.0026771046686917543,86.46410369873047
train,2-1-4-2-1_png.rf.36f8d96e373b6d31efde0dfce503e0f3.jpg,/mnt/tf_data/TechFin/home/group_6/Data/white_balance_copy_layers.v9-10x.coco-segmentation/train/2-1-4-2-1_png.rf.36f8d96e373b6d31efde0dfce503e0f3.jpg,121,157,1,1_png,2.1,4.2,8.82,6.300000000000001,5172,8.551208070003515,126.0,61.0,2.0655737704918034,63738,-0.02920082686669174,-2.569899559020996,2.569899559020996,85.0,88.00776672363281,-4.289591979980469,-0.43116378784179654,3.8584281921386725,0.043841905501989804,5.604515075683594,1.6889560222625732,0.0049941763281822205,-0.00851393211632967,89.70823669433594
train,1-4-4-5_png.rf.0c46c8d98d95b2ae47d6c0e48b06e8fa.jpg,/mnt/tf_data/TechFin/home/group_6/Data/white_balance_copy_layers.v9-10x.coco-segmentation/train/1-4-4-5_png.rf.0c46c8d98d95b2ae47d6c0e48b06e8fa.jpg,122,158,1,png,1.4,4.5,6.3,5.9,4919,8.501063809486354,123.0,53.0,2.3207547169811322,53557,-0.05087812677110945,-6.073674201965332,6.073674201965332,113.0,119.37692260742188,-8.287252807617188,-3.363294982910156,4.923957824707031,0.04124714992779434,4.785037994384766,1.9985929727554321,0.005108248442411423,-0.0053011695854365826,117.65039825439453
train,1-7-4-2-3-10_png.rf.7679f0ec5ca9b83fc0d351112c117ff9.jpg,/mnt/tf_data/TechFin/home/group_6/Data/white_balance_copy_layers.v9-10x.coco-segmentation/train/1-7-4-2-3-10_png.rf.7679f0ec5ca9b83fc0d351112c117ff9.jpg,123,159,3,3-10_png,1.7,4.2,7.14,5.9,987,6.895682697747868,40.0,42.0,0.9523809523809523,14025,-0.20789920780992763,-13.346651077270508,13.346651077270508,51.0,64.19770050048828,-14.218495178222657,-10.224124145507812,3.994371032714845,0.062219845906855566,2.295297145843506,1.9897191524505615,2.4653149012010545e-05,-0.0034522307105362415,65.95488739013672
train,1-4-4-5_png.rf.3384aaea34011903dcc46bc9e0b28463.jpg,/mnt/tf_data/TechFin/home/group_6/Data/white_balance_copy_layers.v9-10x.coco-segmentation/train/1-4-4-5_png.rf.3384aaea34011903dcc46bc9e0b28463.jpg,126,162,4,png,1.4,4.5,6.3,5.9,3702,8.216898580913613,190.0,58.0,3.2758620689655173,95215,-0.25107725933245134,-30.570573806762695,30.570573806762695,91.0,121.75763702392578,-34.66874008178711,-25.436538696289062,9.232201385498044,0.0758244132455025,24.183034896850586,5.493778705596924,-0.009710699319839478,-0.0329597145318985,171.79092407226562
train,2-0-3-9_png.rf.02a4293495d8b213047de38eb520f58b.jpg,/mnt/tf_data/TechFin/home/group_6/Data/white_balance_copy_layers.v9-10x.coco-segmentation/train/2-0-3-9_png.rf.02a4293495d8b213047de38eb520f58b.jpg,127,163,1,png,2.0,3.9,7.8,5.9,3156,8.057377488557991,171.0,61.0,2.80327868852459,90476,-0.08752607606283586,-8.504289627075195,8.504289627075195,89.0,97.16292572021484,-14.213447570800781,-3.1467132568359375,11.066734313964844,0.11389873485110998,12.658503532409668,4.155361652374268,0.00041143264388665557,-0.012573117390275002,110.1890640258789
train,1-7-3-3_png.rf.7842110fda0332a6eb1dc904daa5ae88.jpg,/mnt/tf_data/TechFin/home/group_6/Data/white_balance_copy_layers.v9-10x.coco-segmentation/train/1-7-3-3_png.rf.7842110fda0332a6eb1dc904daa5ae88.jpg,128,166,7,png,1.7,3.3,5.609999999999999,5.0,816,6.705639094860003,65.0,27.0,2.4074074074074074,14872,-0.3777030107606951,-42.258365631103516,42.258365631103516,67.0,111.88252258300781,-47.93593215942383,-17.780288696289062,30.155643463134766,0.2695295276414751,11.236337661743164,12.217577934265137,-0.004123424645513296,0.0004040841304231435,118.04612731933594
train,2-3-3-3_png.rf.dfcbc56ae1408f12a0f69efcd50c35fc.jpg,/mnt/tf_data/TechFin/home/group_6/Data/white_balance_copy_layers.v9-10x.coco-segmentation/train/2-3-3-3_png.rf.dfcbc56ae1408f12a0f69efcd50c35fc.jpg,129,167,7,png,2.3,3.3,7.589999999999999,5.6,611,6.416732282512326,23.0,56.0,0.4107142857142857,10887,-0.30395580573592124,-23.992263793945312,23.992263793945312,50.0,78.93339538574219,-39.83427429199219,2.3249969482421875,42.159271240234375,0.5341119691380923,21.045917510986328,15.920166969299316,0.057794831693172455,0.09492581337690353,-91.30195617675781
train,1-4-3-6_png.rf.3504810b84707c55679a3b80b22f71a2.jpg,/mnt/tf_data/TechFin/home/group_6/Data/white_balance_copy_layers.v9-10x.coco-segmentation/train/1-4-3-6_png.rf.3504810b84707c55679a3b80b22f71a2.jpg,131,171,2,png,1.4,3.6,5.04,5.0,951,6.858565034791365,35.0,63.0,0.5555555555555556,18781,-0.09837297048976273,-13.216886520385742,13.216886520385742,120.0,134.3548583984375,-17.282989501953125,-6.465179443359375,10.81781005859375,0.08051670172218765,1.3715866804122925,3.8926544189453125,-0.0016922714421525598,0.0053222631104290485,132.47897338867188
train,0-8-4-5-6-10-6_png.rf.94be8c2ed6d542cb9104859b3b07bee4.jpg,/mnt/tf_data/TechFin/home/group_6/Data/white_balance_copy_layers.v9-10x.coco-segmentation/train/0-8-4-5-6-10-6_png.rf.94be8c2ed6d542cb9104859b3b07bee4.jpg,132,172,6,6-10-6_png,0.8,4.5,3.6,5.3,2025,7.613818684808629,41.0,131.0,0.31297709923664124,46058,-0.2840516361311514,-38.80515670776367,38.80515670776367,96.0,136.613037109375,-45.500143432617186,-22.2013427734375,23.298800659179687,0.17054595338895967,11.758698463439941,9.288775444030762,0.003247615648433566,-0.006871943827718496,138.03070068359375
train,1-4-4-5_png.rf.4b994a44226b69733801be9ebc44900a.jpg,/mnt/tf_data/TechFin/home/group_6/Data/white_balance_copy_layers.v9-10x.coco-segmentation/train/1-4-4-5_png.rf.4b994a44226b69733801be9ebc44900a.jpg,134,174,1,png,1.4,4.5,6.3,5.9,1553,7.348587530927593,33.0,83.0,0.39759036144578314,22956,-0.05409071081921131,-6.378493309020996,6.378493309020996,111.0,117.92215728759766,-8.851644897460938,-3.06962890625,5.782015991210938,0.04903248146240499,8.10559368133545,2.475801467895508,0.01061831321567297,0.005465439986437559,98.75191497802734
train,1-7-3-9_png.rf.e4855ba88d4a56fe2d6644c804db2daf.jpg,/mnt/tf_data/TechFin/home/group_6/Data/white_balance_copy_layers.v9-10x.coco-segmentation/train/1-7-3-9_png.rf.e4855ba88d4a56fe2d6644c804db2daf.jpg,135,177,7,png,1.7,3.9,6.63,5.6,869,6.76849321164863,63.0,24.0,2.625,12637,-0.3673642124706336,-39.51272964477539,39.51272964477539,65.0,107.557373046875,-46.529083251953125,-15.567916870117184,30.96116638183594,0.2878572198703908,12.108430862426758,11.764476776123047,-0.0063197617419064045,0.011767767369747162,105.99710845947266
train,1-1-3-6_png.rf.6ec68f766515aa0aa5e43a9d399924a6.jpg,/mnt/tf_data/TechFin/home/group_6/Data/white_balance_copy_layers.v9-10x.coco-segmentation/train/1-1-3-6_png.rf.6ec68f766515aa0aa5e43a9d399924a6.jpg,136,180,7,png,1.1,3.6,3.9600000000000004,4.7,891,6.79346613258001,64.0,25.0,2.56,13405,-0.35109471006932136,-45.86752700805664,45.86752700805664,81.0,130.64146423339844,-54.68058776855469,-20.621322631835938,34.05926513671875,0.2607079255929796,12.873034477233887,12.880213737487793,-0.004773116670548916,0.0038251327350735664,134.46099853515625
train,2-0-3-3_png.rf.61fa30be9cc8bd88306eaf38921a9d89.jpg,/mnt/tf_data/TechFin/home/group_6/Data/white_balance_copy_layers.v9-10x.coco-segmentation/train/2-0-3-3_png.rf.61fa30be9cc8bd88306eaf38921a9d89.jpg,137,181,1,png,2.0,3.3,6.6,5.3,1322,7.187657164114956,29.0,76.0,0.3815789473684211,18394,-0.03422270952036153,-3.4559359550476074,3.4559359550476074,98.0,100.98370361328125,-5.838785552978516,-1.8897300720214842,3.949055480957032,0.03910586896357064,8.727983474731445,1.6244052648544312,0.01319983508437872,0.0004329591174609959,83.49104309082031
train,1-1-3-3_png.rf.1588a2e811cff88ce0bac79c7ea61845.jpg,/mnt/tf_data/TechFin/home/group_6/Data/white_balance_copy_layers.v9-10x.coco-segmentation/train/1-1-3-3_png.rf.1588a2e811cff88ce0bac79c7ea61845.jpg,138,182,4,png,1.1,3.3,3.63,4.4,4002,8.294799358992574,192.0,59.0,3.2542372881355934,97684,-0.20264521818056994,-34.680328369140625,34.680328369140625,135.0,171.13815307617188,-39.56690673828125,-22.841024780273436,16.72588195800781,0.097733215284632,18.36334991455078,6.697974681854248,-0.010898890905082226,-0.028186509385704994,218.07582092285156
train,1-4-3-9_png.rf.85c28f6f8e6a969c6fd4c0fb92eafb27.jpg,/mnt/tf_data/TechFin/home/group_6/Data/white_balance_copy_layers.v9-10x.coco-segmentation/train/1-4-3-9_png.rf.85c28f6f8e6a969c6fd4c0fb92eafb27.jpg,139,183,7,png,1.4,3.9,5.46,5.3,632,6.450470422144176,23.0,55.0,0.41818181818181815,10660,-0.19219944479936385,-22.415925979614258,22.415925979614258,90.0,116.62846374511719,-41.26695251464844,7.180895996093749,48.44784851074219,0.415403298260203,30.621965408325195,17.989376068115234,0.11149381846189499,0.13510273396968842,-169.6751708984375
train,1-4-4-2_png.rf.2b241c541e53703f4cfa1fa7cc620976.jpg,/mnt/tf_data/TechFin/home/group_6/Data/white_balance_copy_layers.v9-10x.coco-segmentation/train/1-4-4-2_png.rf.2b241c541e53703f4cfa1fa7cc620976.jpg,141,187,1,png,1.4,4.2,5.88,5.6,3013,8.01102337918644,170.0,60.0,2.8333333333333335,88542,-0.08681355292637637,-11.224860191345215,11.224860191345215,119.0,129.29847717285156,-19.285586547851562,-4.268154907226562,15.017431640624999,0.11614546411516567,11.038122177124023,5.551822185516357,0.0014080727705731988,-0.009188788942992687,137.28204345703125
train,2-0-4-2_png.rf.98bc283adde2dbb44e27c9ad58658945.jpg,/mnt/tf_data/TechFin/home/group_6/Data/white_balance_copy_layers.v9-10x.coco-segmentation/train/2-0-4-2_png.rf.98bc283adde2dbb44e27c9ad58658945.jpg,142,188,1,png,2.0,4.2,8.4,6.2,1538,7.338888133838879,30.0,82.0,0.36585365853658536,20475,-0.03911485669768701,-3.667999029159546,3.667999029159546,90.0,93.77508544921875,-5.777821350097656,-0.9201507568359375,4.857670593261719,0.05180129210217839,8.494477272033691,1.7779736518859863,0.010326679795980453,0.000572540215216577,79.87623596191406
train,1-1-4-2_png.rf.192a8910caa9681319fc4b8f3b54a568.jpg,/mnt/tf_data/TechFin/home/group_6/Data/white_balance_copy_layers.v9-10x.coco-segmentation/train/1-1-4-2_png.rf.192a8910caa9681319fc4b8f3b54a568.jpg,144,190,1,png,1.1,4.2,4.620000000000001,5.300000000000001,3035,8.01829613851552,170.0,61.0,2.7868852459016393,90049,-0.0718059596985699,-9.866896629333496,9.866896629333496,128.0,137.41055297851562,-16.010321044921874,-3.4217071533203125,12.588613891601561,0.09161315211044826,11.265243530273438,4.5982890129089355,-0.0005307579995132983,-0.014541500248014927,153.87510681152344
train,1-1-3-9-3-10-4_png.rf.2ac73102331695d1ab2a5504200617cf.jpg,/mnt/tf_data/TechFin/home/group_6/Data/white_balance_copy_layers.v9-10x.coco-segmentation/train/1-1-3-9-3-10-4_png.rf.2ac73102331695d1ab2a5504200617cf.jpg,146,192,3,3-10-4_png,1.1,3.9,4.29,5.0,668,6.505784060128229,24.0,53.0,0.4528301886792453,10688,-0.11510299773509547,-14.268766403198242,14.268766403198242,109.0,123.96520233154297,-19.98324661254883,-5.07665786743164,14.906588745117189,0.12024817016996232,1.455919623374939,5.784941673278809,0.008520121686160564,-0.005421790294349194,120.90719604492188
train,1-4-4-8-6-10-6_png.rf.4c6d6e5257ddef4e0c3174bbe588323e.jpg,/mnt/tf_data/TechFin/home/group_6/Data/white_balance_copy_layers.v9-10x.coco-segmentation/train/1-4-4-8-6-10-6_png.rf.4c6d6e5257ddef4e0c3174bbe588323e.jpg,148,194,6,6-10-6_png,1.4,4.8,6.72,6.199999999999999,1921,7.561121589530238,41.0,130.0,0.3153846153846154,45774,-0.3238376203641467,-27.63080406188965,27.63080406188965,56.0,85.3230209350586,-31.494094848632812,-17.23626708984375,14.257827758789062,0.1671041133159249,12.050463676452637,6.279463768005371,0.004760489333420992,-0.007823023945093155,86.14979553222656
train,1-7-4-2_png.rf.5ff41208008705b9770f63ea4dbea60f.jpg,/mnt/tf_data/TechFin/home/group_6/Data/white_balance_copy_layers.v9-10x.coco-segmentation/train/1-7-4-2_png.rf.5ff41208008705b9770f63ea4dbea60f.jpg,149,195,1,png,1.7,4.2,7.14,5.9,3102,8.04012466444838,169.0,61.0,2.7704918032786887,89434,-0.0759573316068095,-8.903239250183105,8.903239250183105,109.0,117.21369171142578,-14.254043579101562,-3.2013816833496094,11.052661895751953,0.09429497300505688,12.732367515563965,4.146419048309326,0.0010350171942263842,-0.013453483581542969,130.3213348388672
train,1-4-4-2-3-10_png.rf.e3750ae200a5faa3365b5be9523e0d23.jpg,/mnt/tf_data/TechFin/home/group_6/Data/white_balance_copy_layers.v9-10x.coco-segmentation/train/1-4-4-2-3-10_png.rf.e3750ae200a5faa3365b5be9523e0d23.jpg,150,196,3,3-10_png,1.4,4.2,5.88,5.6,1125,7.026426808699636,40.0,43.0,0.9302325581395349,14243,-0.18135919495430802,-16.11747932434082,16.11747932434082,72.0,88.8704833984375,-18.45802154541015,-10.843473815917969,7.614547729492182,0.08568140329960285,2.375556230545044,3.1969594955444336,-0.002282441593706608,-0.006234520580619574,93.71566009521484
train,2-0-3-3_png.rf.8c8fa38a667aad6e8e1a28522f7b8c05.jpg,/mnt/tf_data/TechFin/home/group_6/Data/white_balance_copy_layers.v9-10x.coco-segmentation/train/2-0-3-3_png.rf.8c8fa38a667aad6e8e1a28522f7b8c05.jpg,151,197,1,png,2.0,3.3,6.6,5.3,3147,8.054522609537294,170.0,62.0,2.7419354838709675,91466,-0.0881686099982045,-8.890312194824219,8.890312194824219,93.0,100.83307647705078,-14.896269226074219,-3.59578857421875,11.30048065185547,0.11207116798055264,12.24389362335205,4.3658037185668945,0.0008891291217878461,-0.01250499114394188,113.1241455078125
train,1-4-3-9_png.rf.f492364b1989e6d604c0bcf83c304dd5.jpg,/mnt/tf_data/TechFin/home/group_6/Data/white_balance_copy_layers.v9-10x.coco-segmentation/train/1-4-3-9_png.rf.f492364b1989e6d604c0bcf83c304dd5.jpg,152,198,4,png,1.4,3.9,5.46,5.3,3910,8.271548374755515,191.0,58.0,3.293103448275862,95528,-0.21177201474719345,-29.558223724365234,29.558223724365234,110.0,139.57568359375,-34.23215942382812,-24.157928466796875,10.074230957031247,0.07217755054206561,22.728748321533203,5.09536075592041,-0.00926309172064066,-0.03510628268122673,191.13099670410156
train,2-0-3-9_png.rf.2d0fa58956a4d1ac285dbc1a12d01391.jpg,/mnt/tf_data/TechFin/home/group_6/Data/white_balance_copy_layers.v9-10x.coco-segmentation/train/2-0-3-9_png.rf.2d0fa58956a4d1ac285dbc1a12d01391.jpg,153,201,7,png,2.0,3.9,7.8,5.9,821,6.71174039505618,62.0,23.0,2.6956521739130435,11913,-0.4185732519901718,-40.56147003173828,40.56147003173828,53.0,96.90411376953125,-47.91053771972656,-18.91956329345703,28.99097442626953,0.2991717616366553,13.104023933410645,11.294921875,-0.005266471300274134,0.005382958799600601,99.981201171875
train,2-0-4-2_png.rf.cb19a97a29e34391c96a782353238491.jpg,/mnt/tf_data/TechFin/home/group_6/Data/white_balance_copy_layers.v9-10x.coco-segmentation/train/2-0-4-2_png.rf.cb19a97a29e34391c96a782353238491.jpg,155,205,7,png,2.0,4.2,8.4,6.2,906,6.810142450115136,65.0,25.0,2.6,13614,-0.40021886902040443,-37.893531799316406,37.893531799316406,53.0,94.68202209472656,-46.713829040527344,-11.604568481445312,35.10926055908203,0.3708123229978787,12.235433578491211,13.524203300476074,-0.003897438058629632,0.005530660506337881,95.42892456054688
train,1-7-4-2_png.rf.a0c8cd567cf1c01c15786eb9f5331acb.jpg,/mnt/tf_data/TechFin/home/group_6/Data/white_balance_copy_layers.v9-10x.coco-segmentation/train/1-7-4-2_png.rf.a0c8cd567cf1c01c15786eb9f5331acb.jpg,159,209,4,png,1.7,4.2,7.14,5.9,8456,9.042749779782222,170.0,100.0,1.7,134554,-0.16918820026483278,-19.744705200195312,19.744705200195312,97.0,116.7026138305664,-21.65130615234375,-17.356521606445312,4.2947845458984375,0.03680109986339963,17.266294479370117,3.2870547771453857,-0.004873431753367186,-0.003607888240367174,127.53605651855469
train,1-7-4-2_png.rf.a0c8cd567cf1c01c15786eb9f5331acb.jpg,/mnt/tf_data/TechFin/home/group_6/Data/white_balance_copy_layers.v9-10x.coco-segmentation/train/1-7-4-2_png.rf.a0c8cd567cf1c01c15786eb9f5331acb.jpg,159,210,3,png,1.7,4.2,7.14,5.9,6568,8.790116892892472,157.0,80.0,1.9625,94495,-0.1462776272803513,-17.34479331970215,17.34479331970215,101.0,118.57447814941406,-19.231890869140624,-15.29024658203125,3.9416442871093746,0.03324192818409509,19.58562469482422,1.5169117450714111,-0.017037754878401756,-0.0013136338675394654,145.30484008789062
train,1-7-4-2_png.rf.a0c8cd567cf1c01c15786eb9f5331acb.jpg,/mnt/tf_data/TechFin/home/group_6/Data/white_balance_copy_layers.v9-10x.coco-segmentation/train/1-7-4-2_png.rf.a0c8cd567cf1c01c15786eb9f5331acb.jpg,159,211,4,png,1.7,4.2,7.14,5.9,2400,7.783640596221253,106.0,48.0,2.2083333333333335,31886,-0.15042423609349692,-17.44695281982422,17.44695281982422,98.0,115.9849853515625,-19.991146087646484,-11.070477294921876,8.920668792724609,0.07691227244358516,4.247264385223389,4.193669319152832,0.0016914751613512635,-0.006954338401556015,120.84803771972656
train,2-0-4-8_png.rf.53b04d9d63e6fd61efd21f41f820fd82.jpg,/mnt/tf_data/TechFin/home/group_6/Data/white_balance_copy_layers.v9-10x.coco-segmentation/train/2-0-4-8_png.rf.53b04d9d63e6fd61efd21f41f820fd82.jpg,160,212,4,png,2.0,4.8,9.6,6.8,3836,8.252446090246952,191.0,57.0,3.3508771929824563,93884,-0.24828937674100904,-23.20665740966797,23.20665740966797,70.0,93.46617126464844,-28.979877471923828,-14.314323425292969,14.66555404663086,0.15690761532432418,26.80406379699707,5.891972064971924,-0.011472071520984173,-0.04011676460504532,153.8008270263672
train,2-0-3-6_png.rf.f1151441a4078957ec81bd359f4d54eb.jpg,/mnt/tf_data/TechFin/home/group_6/Data/white_balance_copy_layers.v9-10x.coco-segmentation/train/2-0-3-6_png.rf.f1151441a4078957ec81bd359f4d54eb.jpg,161,213,1,png,2.0,3.6,7.2,5.6,1414,7.254884810077338,30.0,79.0,0.379746835443038,19775,-0.04033035068831916,-3.9541633129119873,3.9541633129119873,94.0,98.04435729980469,-6.129266357421875,-1.799932861328125,4.329333496093749,0.044156885876209154,8.555656433105469,1.8397828340530396,0.014222421683371067,0.0022998328786343336,77.36758422851562
train,2-0-4-8_png.rf.81c85930fae436c944a9307d8a6e0964.jpg,/mnt/tf_data/TechFin/home/group_6/Data/white_balance_copy_layers.v9-10x.coco-segmentation/train/2-0-4-8_png.rf.81c85930fae436c944a9307d8a6e0964.jpg,162,216,7,png,2.0,4.8,9.6,6.8,947,6.854354502255021,64.0,23.0,2.782608695652174,12191,-0.44007529207240853,-39.9705924987793,39.9705924987793,48.0,90.82671356201172,-47.77992248535156,-14.73431396484375,33.04560852050781,0.36383137982798425,11.798722267150879,12.850953102111816,-0.005264527164399624,0.010833507403731346,88.50838470458984
train,2-3-3-6_png.rf.bc8daff3409f607faf21d7a9c3fe3ff1.jpg,/mnt/tf_data/TechFin/home/group_6/Data/white_balance_copy_layers.v9-10x.coco-segmentation/train/2-3-3-6_png.rf.bc8daff3409f607faf21d7a9c3fe3ff1.jpg,163,217,7,png,2.3,3.6,8.28,5.9,604,6.405228458030842,22.0,56.0,0.39285714285714285,10391,-0.32849659602976145,-24.982267379760742,24.982267379760742,46.0,76.05030822753906,-40.07942657470703,2.186836242675783,42.26626281738281,0.5557671468066122,20.67086410522461,15.965543746948242,0.03860644996166229,0.08978398144245148,-60.7094612121582
train,1-4-3-6_png.rf.e93f378564d40fcce19c08ba50d4b80e.jpg,/mnt/tf_data/TechFin/home/group_6/Data/white_balance_copy_layers.v9-10x.coco-segmentation/train/1-4-3-6_png.rf.e93f378564d40fcce19c08ba50d4b80e.jpg,165,221,4,png,1.4,3.6,5.04,5.0,3940,8.279189777195004,192.0,58.0,3.310344827586207,96019,-0.19518499921073984,-29.13155174255371,29.13155174255371,120.0,149.2509765625,-33.27792205810547,-23.11190185546875,10.166020202636716,0.06811359253237191,21.770736694335938,4.698462963104248,-0.010390892624855042,-0.03864351660013199,206.3291778564453
train,2-0-4-5_png.rf.4c9934d349af1eda4c6c7785f44129ac.jpg,/mnt/tf_data/TechFin/home/group_6/Data/white_balance_copy_layers.v9-10x.coco-segmentation/train/2-0-4-5_png.rf.4c9934d349af1eda4c6c7785f44129ac.jpg,166,222,1,png,2.0,4.5,9.0,6.5,3167,8.060855752934316,171.0,62.0,2.7580645161290325,92003,-0.08720031580389674,-8.161972045898438,8.161972045898438,86.0,93.60025787353516,-13.574722290039062,-2.814616394042968,10.760105895996094,0.11495807960843708,13.094676971435547,3.961965322494507,0.0006075457786209881,-0.013019619509577751,106.83509826660156
train,1-1-3-9-6-10-6_png.rf.a6d86d0be239e9a254f67bd788881162.jpg,/mnt/tf_data/TechFin/home/group_6/Data/white_balance_copy_layers.v9-10x.coco-segmentation/train/1-1-3-9-6-10-6_png.rf.a6d86d0be239e9a254f67bd788881162.jpg,170,226,6,6-10-6_png,1.1,3.9,4.29,5.0,1763,7.475339236566737,41.0,131.0,0.31297709923664124,46285,-0.2772223354368082,-34.69602966308594,34.69602966308594,89.0,125.15596771240234,-39.138006591796874,-22.651939392089854,16.48606719970702,0.1317241798456673,12.638593673706055,7.013876438140869,0.006211640778928995,-0.005366408731788397,123.6878890991211
train,1-4-4-2_png.rf.b9bce9e89341019f970ca2be00e06b77.jpg,/mnt/tf_data/TechFin/home/group_6/Data/white_balance_copy_layers.v9-10x.coco-segmentation/train/1-4-4-2_png.rf.b9bce9e89341019f970ca2be00e06b77.jpg,171,229,7,png,1.4,4.2,5.88,5.6,817,6.706862336602747,54.0,23.0,2.347826086956522,10253,-0.3730578214208289,-44.664241790771484,44.664241790771484,73.0,119.72471618652344,-49.772422790527344,-27.27588500976565,22.496537780761695,0.18790220179527117,13.353378295898438,11.624268531799316,-0.003614804707467556,0.009076139889657497,116.50518798828125
train,2-0-3-6_png.rf.617f80c39459b022af975862a515149e.jpg,/mnt/tf_data/TechFin/home/group_6/Data/white_balance_copy_layers.v9-10x.coco-segmentation/train/2-0-3-6_png.rf.617f80c39459b022af975862a515149e.jpg,172,232,7,png,2.0,3.6,7.2,5.6,756,6.6293632534374485,60.0,21.0,2.857142857142857,10488,-0.43320073379564145,-42.9218864440918,42.9218864440918,55.0,99.08082580566406,-48.0916862487793,-31.04662322998047,17.045063018798828,0.17203190304681967,13.508149147033691,7.394223690032959,-0.0062027303501963615,0.013966270722448826,95.15379333496094
train,1-1-3-3_png.rf.49cebed77ee5ec9b29f049acad6e2b79.jpg,/mnt/tf_data/TechFin/home/group_6/Data/white_balance_copy_layers.v9-10x.coco-segmentation/train/1-1-3-3_png.rf.49cebed77ee5ec9b29f049acad6e2b79.jpg,175,235,1,png,1.1,3.3,3.63,4.4,2975,7.998335395952982,171.0,61.0,2.80327868852459,90657,-0.05538888882386602,-9.387446403503418,9.387446403503418,161.0,169.48248291015625,-16.499600219726563,-3.4135040283203124,13.08609619140625,0.07721208685822283,9.666919708251953,5.094674587249756,0.0021008888725191355,-0.009512284770607948,176.86073303222656
train,1-1-4-8_png.rf.1f04a8d9e38671b2b8b86c184b6acdb6.jpg,/mnt/tf_data/TechFin/home/group_6/Data/white_balance_copy_layers.v9-10x.coco-segmentation/train/1-1-4-8_png.rf.1f04a8d9e38671b2b8b86c184b6acdb6.jpg,176,236,4,png,1.1,4.8,5.28,5.9,3812,8.246171559857563,192.0,60.0,3.2,99601,-0.17286739669057005,-20.963260650634766,20.963260650634766,100.0,121.26786804199219,-24.417283630371095,-14.885247802734375,9.53203582763672,0.07860314509970608,23.830915451049805,4.480995178222656,-0.01293970551341772,-0.03092009760439396,174.33624267578125
train,1-4-4-5-6-10-6_png.rf.e42d961d8ada7d8a4badb8588d4beb48.jpg,/mnt/tf_data/TechFin/home/group_6/Data/white_balance_copy_layers.v9-10x.coco-segmentation/train/1-4-4-5-6-10-6_png.rf.e42d961d8ada7d8a4badb8588d4beb48.jpg,177,237,6,6-10-6_png,1.4,4.5,6.3,5.9,1739,7.461640392208575,36.0,128.0,0.28125,39487,-0.3053326864390622,-37.460601806640625,37.460601806640625,84.0,122.68782043457031,-41.72944030761719,-26.258686828613282,15.470753479003907,0.12609852733714913,12.504459381103516,6.6727681159973145,0.004741405136883259,-0.00794351939111948,123.60901641845703
train,1-1-3-6_png.rf.41f8282f4d610f31de920e2ddda062ec.jpg,/mnt/tf_data/TechFin/home/group_6/Data/white_balance_copy_layers.v9-10x.coco-segmentation/train/1-1-3-6_png.rf.41f8282f4d610f31de920e2ddda062ec.jpg,178,238,1,png,1.1,3.6,3.9600000000000004,4.7,3057,8.025516386489008,170.0,60.0,2.8333333333333335,88498,-0.06275754911604181,-9.900947570800781,9.900947570800781,149.0,157.76504516601562,-16.740606689453124,-3.685403442382812,13.055203247070311,0.08275092390289855,9.893223762512207,4.909176349639893,0.0013614140916615725,-0.00954642053693533,166.1992645263672
train,1-4-3-3_png.rf.f62fc247642bd5175b4f347c2e64e73c.jpg,/mnt/tf_data/TechFin/home/group_6/Data/white_balance_copy_layers.v9-10x.coco-segmentation/train/1-4-3-3_png.rf.f62fc247642bd5175b4f347c2e64e73c.jpg,180,240,1,png,1.4,3.3,4.619999999999999,4.699999999999999,3044,8.021256180143997,170.0,61.0,2.7868852459016393,90040,-0.06650688459803338,-10.505085945129395,10.505085945129395,148.0,157.95486450195312,-17.865371704101562,-4.731222534179687,13.134149169921876,0.0831512800275896,11.310090065002441,4.92629861831665,0.0011847541900351644,-0.011895548552274704,169.1684112548828
train,1-4-4-8_png.rf.e971286630d7d73cbd52862f22033187.jpg,/mnt/tf_data/TechFin/home/group_6/Data/white_balance_copy_layers.v9-10x.coco-segmentation/train/1-4-4-8_png.rf.e971286630d7d73cbd52862f22033187.jpg,181,241,1,png,1.4,4.8,6.72,6.199999999999999,4474,8.406261630708956,119.0,49.0,2.4285714285714284,47814,-0.06738169580990107,-7.526736736297607,7.526736736297607,104.0,111.70298767089844,-9.541487884521484,-5.6410675048828125,3.900420379638671,0.03491778027576278,4.786378383636475,1.6711361408233643,0.002829122357070446,-0.0011019865050911903,108.891357421875
train,2-0-3-3_png.rf.b3288a171b18271000868ed152c4a082.jpg,/mnt/tf_data/TechFin/home/group_6/Data/white_balance_copy_layers.v9-10x.coco-segmentation/train/2-0-3-3_png.rf.b3288a171b18271000868ed152c4a082.jpg,184,244,2,png,2.0,3.3,6.6,5.3,994,6.902742737158593,35.0,63.0,0.5555555555555556,18738,-0.08163674583546617,-11.002002716064453,11.002002716064453,123.0,134.7677764892578,-14.788742065429688,-4.697450256347655,10.091291809082033,0.07487911481485635,1.3907631635665894,3.905052661895752,0.0031524808146059513,0.002879171632230282,127.79696655273438
train,1-4-4-8_png.rf.1d7e57ba37060f71327c9d909b9c5f38.jpg,/mnt/tf_data/TechFin/home/group_6/Data/white_balance_copy_layers.v9-10x.coco-segmentation/train/1-4-4-8_png.rf.1d7e57ba37060f71327c9d909b9c5f38.jpg,186,246,4,png,1.4,4.8,6.72,6.199999999999999,3649,8.202482446576537,192.0,59.0,3.2542372881355934,98037,-0.27450201434661287,-31.72648048400879,31.72648048400879,84.0,115.57831573486328,-35.62781982421875,-26.421894836425782,9.205924987792965,0.07965097024697403,24.343175888061523,5.179541110992432,-0.008093421347439289,-0.028507022187113762,158.35252380371094
train,0-8-3-6-3-10_png.rf.819a03ec4cb3c940283cc3e8350586d6.jpg,/mnt/tf_data/TechFin/home/group_6/Data/white_balance_copy_layers.v9-10x.coco-segmentation/train/0-8-3-6-3-10_png.rf.819a03ec4cb3c940283cc3e8350586d6.jpg,187,247,3,3-10_png,0.8,3.6,2.8800000000000003,4.4,1165,7.061334366910438,43.0,42.0,1.0238095238095237,14977,-0.10417070915625008,-15.998445510864258,15.998445510864258,137.0,153.57911682128906,-18.500094604492187,-9.60162353515624,8.898471069335947,0.05794063186136545,2.529573440551758,3.4974167346954346,-0.004471770953387022,-0.010783636011183262,162.32473754882812
train,1-7-4-2_png.rf.5c7d7637db8da6a78ace9874fe6893cb.jpg,/mnt/tf_data/TechFin/home/group_6/Data/white_balance_copy_layers.v9-10x.coco-segmentation/train/1-7-4-2_png.rf.5c7d7637db8da6a78ace9874fe6893cb.jpg,188,248,4,png,1.7,4.2,7.14,5.9,3911,8.271804031154709,191.0,57.0,3.3508771929824563,93809,-0.27243100113978064,-32.56005859375,32.56005859375,86.0,119.51671600341797,-37.778900146484375,-19.327438354492188,18.451461791992188,0.15438394233878136,25.73560905456543,8.125252723693848,-0.011087647639214993,-0.039346665143966675,178.4622344970703
train,1-7-4-5_png.rf.59608e5c5593ff8e5c2b65929af07e2d.jpg,/mnt/tf_data/TechFin/home/group_6/Data/white_balance_copy_layers.v9-10x.coco-segmentation/train/1-7-4-5_png.rf.59608e5c5593ff8e5c2b65929af07e2d.jpg,189,249,4,png,1.7,4.5,7.6499999999999995,6.2,3917,8.273336598504486,191.0,57.0,3.3508771929824563,93803,-0.29014113073433695,-32.25099563598633,32.25099563598633,77.0,111.15623474121094,-37.50853424072265,-19.666937255859374,17.84159698486328,0.1605091880487073,25.93324089050293,7.928532600402832,-0.01118704304099083,-0.04169824719429016,172.6912078857422
train,2-0-3-6_png.rf.ec23d8a6649d12cd3acc2dd962eafe0d.jpg,/mnt/tf_data/TechFin/home/group_6/Data/white_balance_copy_layers.v9-10x.coco-segmentation/train/2-0-3-6_png.rf.ec23d8a6649d12cd3acc2dd962eafe0d.jpg,190,250,4,png,2.0,3.6,7.2,5.6,8195,9.011401509358791,171.0,99.0,1.7272727272727273,143881,-0.16893612943890982,-16.2625732421875,16.2625732421875,80.0,96.2646255493164,-18.37847900390625,-13.814575195312498,4.563903808593752,0.04740997830252466,16.794288635253906,2.551496744155884,-0.004666014574468136,-0.003665759926661849,106.85904693603516
train,1-1-4-2_png.rf.fe1a571940f9ce408db6067bb3ad73db.jpg,/mnt/tf_data/TechFin/home/group_6/Data/white_balance_copy_layers.v9-10x.coco-segmentation/train/1-1-4-2_png.rf.fe1a571940f9ce408db6067bb3ad73db.jpg,192,252,4,png,1.1,4.2,4.620000000000001,5.300000000000001,3937,8.278428259199071,192.0,59.0,3.2542372881355934,97749,-0.18372698388655595,-25.57850456237793,25.57850456237793,113.0,139.22018432617188,-29.442544555664064,-17.926119995117187,11.516424560546877,0.08272094033122117,22.675676345825195,5.101803779602051,-0.010717837139964104,-0.03191077336668968,189.8262939453125
train,2-0-3-9_png.rf.949fa39f6d31623a6121b4a7e8353f35.jpg,/mnt/tf_data/TechFin/home/group_6/Data/white_balance_copy_layers.v9-10x.coco-segmentation/train/2-0-3-9_png.rf.949fa39f6d31623a6121b4a7e8353f35.jpg,194,254,4,png,2.0,3.9,7.8,5.9,3846,8.255048902752295,193.0,59.0,3.2711864406779663,98370,-0.2195971185808723,-21.649372100830078,21.649372100830078,77.0,98.58677673339844,-27.61145782470703,-15.095470428466797,12.515987396240234,0.12695401767811493,25.984657287597656,5.106667995452881,-0.009187739342451096,-0.03194022923707962,146.7764892578125
train,2-3-3-9_png.rf.906fddc3231cd48021b4a00ed5d4c3c7.jpg,/mnt/tf_data/TechFin/home/group_6/Data/white_balance_copy_layers.v9-10x.coco-segmentation/train/2-3-3-9_png.rf.906fddc3231cd48021b4a00ed5d4c3c7.jpg,196,256,7,png,2.3,3.9,8.969999999999999,6.199999999999999,599,6.396929655216146,24.0,57.0,0.42105263157894735,11617,-0.332703252426304,-24.631006240844727,24.631006240844727,44.0,74.032958984375,-39.494635009765624,1.309902954101576,40.8045379638672,0.5511671899063116,20.030181884765625,15.449153900146484,0.06669806689023972,0.07826502621173859,-95.03231811523438
train,1-7-3-9-3-10-2_png.rf.b03ff6a34f383348ed7eee086f2675a8.jpg,/mnt/tf_data/TechFin/home/group_6/Data/white_balance_copy_layers.v9-10x.coco-segmentation/train/1-7-3-9-3-10-2_png.rf.b03ff6a34f383348ed7eee086f2675a8.jpg,197,259,7,3-10-2_png,1.7,3.9,6.63,5.6,548,6.3080984415095305,41.0,25.0,1.64,8596,-0.5566084911930615,-35.556182861328125,35.556182861328125,26.0,63.88005828857422,-40.919866943359374,-18.95314178466797,21.966725158691403,0.3438745321655481,4.684551239013672,8.883520126342773,0.0017911158502101898,0.009049742482602596,58.04611587524414
train,1-7-3-9_png.rf.1d6e3af27f8a0e6634e7cbc83bf45b21.jpg,/mnt/tf_data/TechFin/home/group_6/Data/white_balance_copy_layers.v9-10x.coco-segmentation/train/1-7-3-9_png.rf.1d6e3af27f8a0e6634e7cbc83bf45b21.jpg,198,260,1,png,1.7,3.9,6.63,5.6,3099,8.039157390473237,170.0,61.0,2.7868852459016393,89985,-0.07362805763687313,-8.943650245666504,8.943650245666504,113.0,121.4706802368164,-15.379078674316407,-3.3581909179687486,12.020887756347658,0.0989612286101635,12.804788589477539,4.505175590515137,0.0008125943713821471,-0.01227305456995964,133.6178436279297
train,1-4-4-2_png.rf.f568c8e82dd905b6dc27db9fc9a59014.jpg,/mnt/tf_data/TechFin/home/group_6/Data/white_balance_copy_layers.v9-10x.coco-segmentation/train/1-4-4-2_png.rf.f568c8e82dd905b6dc27db9fc9a59014.jpg,199,261,1,png,1.4,4.2,5.88,5.6,4844,8.485702524324866,124.0,53.0,2.339622641509434,54108,-0.045110680072449776,-5.774995803833008,5.774995803833008,122.0,128.01837158203125,-7.948783111572266,-3.0608367919921875,4.887946319580078,0.03818160049355099,4.777173042297363,1.996675968170166,0.003383113071322441,-0.0039711929857730865,127.34284210205078
train,1-7-3-6_png.rf.12da09b2ac9ad49a52b7418c1ca482d9.jpg,/mnt/tf_data/TechFin/home/group_6/Data/white_balance_copy_layers.v9-10x.coco-segmentation/train/1-7-3-6_png.rf.12da09b2ac9ad49a52b7418c1ca482d9.jpg,200,262,7,png,1.7,3.6,6.12,5.3,649,6.476972362889683,23.0,56.0,0.4107142857142857,10849,-0.2064016081643552,-23.730396270751953,23.730396270751953,86.0,114.97195434570312,-43.823297119140626,6.925756835937503,50.74905395507813,0.4414037688050728,26.081317901611328,19.2294979095459,0.07508858293294907,0.1059049740433693,-90.82257080078125
train,1-4-4-8_png.rf.db8d86d6a8fcd4d7944d9af17d877479.jpg,/mnt/tf_data/TechFin/home/group_6/Data/white_balance_copy_layers.v9-10x.coco-segmentation/train/1-4-4-8_png.rf.db8d86d6a8fcd4d7944d9af17d877479.jpg,201,265,1,png,1.4,4.8,6.72,6.199999999999999,3033,8.017637159908478,171.0,60.0,2.85,89061,-0.09540846846399786,-10.766718864440918,10.766718864440918,103.0,112.84867095947266,-19.83354034423828,-3.808338928222656,16.025201416015623,0.1420061156216076,11.120363235473633,5.989435195922852,0.0018120675813406706,-0.008591145277023315,119.63201904296875
train,1-7-3-6-2-10-3_png.rf.575dbd5d080e4ea796d6fa89e6c10c76.jpg,/mnt/tf_data/TechFin/home/group_6/Data/white_balance_copy_layers.v9-10x.coco-segmentation/train/1-7-3-6-2-10-3_png.rf.575dbd5d080e4ea796d6fa89e6c10c76.jpg,202,266,2,2-10-3_png,1.7,3.6,6.12,5.3,5585,8.628018746505122,112.0,87.0,1.2873563218390804,81878,-0.13356471529860833,-10.012168884277344,10.012168884277344,65.0,74.961181640625,-11.025523376464843,-8.022035217285156,3.003488159179687,0.040067246719493486,11.03565788269043,1.7191190719604492,-0.0005554927629418671,-0.002751850290223956,76.75064086914062
train,1-7-4-8_png.rf.b59b6847350bdceaa60b1c11eec516ac.jpg,/mnt/tf_data/TechFin/home/group_6/Data/white_balance_copy_layers.v9-10x.coco-segmentation/train/1-7-4-8_png.rf.b59b6847350bdceaa60b1c11eec516ac.jpg,205,269,1,png,1.7,4.8,8.16,6.5,4920,8.501267040865978,124.0,54.0,2.2962962962962963,55151,-0.02031553838099528,-2.070627212524414,2.070627212524414,100.0,101.92332458496094,-4.19501953125,-0.054776763916015506,4.1402427673339846,0.04062115108777455,5.546876430511475,1.7361209392547607,0.006124773062765598,-0.009369449689984322,102.90400695800781
test,1-4-4-2-2-10-3_png.rf.08591e73d122ce9d79052b0fd287b5c2.jpg,/mnt/tf_data/TechFin/home/group_6/Data/white_balance_copy_layers.v9-10x.coco-segmentation/test/1-4-4-2-2-10-3_png.rf.08591e73d122ce9d79052b0fd287b5c2.jpg,3,4,2,2-10-3_png,1.4,4.2,5.88,5.6,5631,8.63621989783788,112.0,88.0,1.2727272727272727,82850,-0.10590217537857187,-10.313207626342773,10.313207626342773,87.0,97.38428497314453,-11.403793334960938,-8.519874572753906,2.8839187622070312,0.02961380024510447,12.574763298034668,1.593649983406067,-0.00030179813620634377,-0.004508974961936474,99.88069152832031
test,2-0-3-9_png.rf.f3a8a335e266d2ba227c10ceda8bc0d1.jpg,/mnt/tf_data/TechFin/home/group_6/Data/white_balance_copy_layers.v9-10x.coco-segmentation/test/2-0-3-9_png.rf.f3a8a335e266d2ba227c10ceda8bc0d1.jpg,5,6,1,png,2.0,3.9,7.8,5.9,1525,7.330405211844402,29.0,80.0,0.3625,19231,-0.03592831057926058,-3.4381654262542725,3.4381654262542725,92.0,95.69515991210938,-5.717742919921875,-1.4513061523437498,4.266436767578125,0.04458362127715349,8.801733016967773,1.8491164445877075,0.017344370484352112,0.0011388289276510477,72.1556396484375
test,2-0-4-5_png.rf.ede71be1ce64778686d10da380412595.jpg,/mnt/tf_data/TechFin/home/group_6/Data/white_balance_copy_layers.v9-10x.coco-segmentation/test/2-0-4-5_png.rf.ede71be1ce64778686d10da380412595.jpg,6,7,4,png,2.0,4.5,9.0,6.5,8084,8.997765772011208,173.0,93.0,1.8602150537634408,127223,-0.1412054239583943,-12.884542465209961,12.884542465209961,78.0,91.24679565429688,-14.638067626953125,-10.871680450439452,3.766387176513673,0.04127692539235279,17.63979721069336,5.9267778396606445,-0.0061914147809147835,-0.0042229886166751385,104.61186218261719
test,2-0-4-5_png.rf.ede71be1ce64778686d10da380412595.jpg,/mnt/tf_data/TechFin/home/group_6/Data/white_balance_copy_layers.v9-10x.coco-segmentation/test/2-0-4-5_png.rf.ede71be1ce64778686d10da380412595.jpg,6,8,3,png,2.0,4.5,9.0,6.5,6185,8.730043953245016,149.0,79.0,1.8860759493670887,88247,-0.15380970751201314,-14.325648307800293,14.325648307800293,79.0,93.13877868652344,-16.291659545898437,-12.045611572265624,4.2460479736328125,0.04558840080911634,19.898502349853516,1.4181621074676514,-0.02072635479271412,-0.0017881462117657065,125.92265319824219
test,2-0-4-5_png.rf.ede71be1ce64778686d10da380412595.jpg,/mnt/tf_data/TechFin/home/group_6/Data/white_balance_copy_layers.v9-10x.coco-segmentation/test/2-0-4-5_png.rf.ede71be1ce64778686d10da380412595.jpg,6,9,4,png,2.0,4.5,9.0,6.5,2080,7.640603826393634,103.0,46.0,2.239130434782609,29987,-0.12889979485138692,-11.649247169494629,11.649247169494629,79.0,90.37444305419922,-13.480750274658202,-9.36295394897461,4.117796325683592,0.04556372561227375,4.48350191116333,2.103740692138672,0.0022133691236376762,-0.0119918342679739,99.84925079345703
test,1-1-3-6-3-10-4_png.rf.bd882e9887c3e86988688070473d8f55.jpg,/mnt/tf_data/TechFin/home/group_6/Data/white_balance_copy_layers.v9-10x.coco-segmentation/test/1-1-3-6-3-10-4_png.rf.bd882e9887c3e86988688070473d8f55.jpg,7,10,3,3-10-4_png,1.1,3.6,3.9600000000000004,4.7,625,6.439350371100098,21.0,54.0,0.3888888888888889,9491,-0.1182759682127428,-14.808613777160645,14.808613777160645,110.0,125.20391082763672,-20.25101318359375,-6.406462097167968,13.844551086425781,0.11057602749713648,1.7941075563430786,5.365572929382324,0.008772249333560467,-0.007708600722253323,123.18052673339844
test,1-4-3-9-6-10-6_png.rf.5638097c1bdb6a65de90c8b1c1e7dadc.jpg,/mnt/tf_data/TechFin/home/group_6/Data/white_balance_copy_layers.v9-10x.coco-segmentation/test/1-4-3-9-6-10-6_png.rf.5638097c1bdb6a65de90c8b1c1e7dadc.jpg,8,11,6,6-10-6_png,1.4,3.9,5.46,5.3,2247,7.717796211013582,43.0,132.0,0.32575757575757575,48575,-0.28313962073228865,-25.25050163269043,25.25050163269043,62.0,89.18038940429688,-30.624649047851562,-10.576014709472656,20.048634338378907,0.22480989904057233,12.547017097473145,9.54208755493164,0.004609976429492235,-0.00876194890588522,90.65487670898438
test,1-4-3-3_png.rf.1bc861fd55845c384fc0d0651a98fbfc.jpg,/mnt/tf_data/TechFin/home/group_6/Data/white_balance_copy_layers.v9-10x.coco-segmentation/test/1-4-3-3_png.rf.1bc861fd55845c384fc0d0651a98fbfc.jpg,9,14,7,png,1.4,3.3,4.619999999999999,4.699999999999999,616,6.424869023905388,23.0,57.0,0.40350877192982454,11088,-0.1817611596868155,-25.21560287475586,25.21560287475586,108.0,138.7293243408203,-44.93382263183594,7.4247894287109375,52.358612060546875,0.3774156063206649,31.612987518310547,19.24011993408203,0.11321961134672165,0.12581253051757812,-142.1484832763672
test,1-7-4-2-6-10-6_png.rf.20304207a090bed4c4958d425a0861ce.jpg,/mnt/tf_data/TechFin/home/group_6/Data/white_balance_copy_layers.v9-10x.coco-segmentation/test/1-7-4-2-6-10-6_png.rf.20304207a090bed4c4958d425a0861ce.jpg,10,15,6,6-10-6_png,1.7,4.2,7.14,5.9,2000,7.601402334583733,43.0,129.0,0.3333333333333333,47631,-0.3425650630924309,-21.737022399902344,21.737022399902344,41.0,63.453704833984375,-25.364756393432618,-12.883688354492186,12.481068038940432,0.19669565507002285,11.427169799804688,5.946008205413818,0.002220229245722294,-0.00779376458376646,66.04249572753906
test,1-7-4-5_png.rf.c4e547156a53807ee1eea406545cf342.jpg,/mnt/tf_data/TechFin/home/group_6/Data/white_balance_copy_layers.v9-10x.coco-segmentation/test/1-7-4-5_png.rf.c4e547156a53807ee1eea406545cf342.jpg,11,16,4,png,1.7,4.5,7.6499999999999995,6.2,8441,9.040974526342444,179.0,97.0,1.8453608247422681,137911,-0.1770526861996953,-19.24562644958496,19.24562644958496,89.0,108.69999694824219,-21.407012939453125,-16.613265991210938,4.7937469482421875,0.04410070913364187,16.64142417907715,5.313508033752441,-0.0033356414642184973,-0.004725543782114983,118.619140625
test,1-7-4-5_png.rf.c4e547156a53807ee1eea406545cf342.jpg,/mnt/tf_data/TechFin/home/group_6/Data/white_balance_copy_layers.v9-10x.coco-segmentation/test/1-7-4-5_png.rf.c4e547156a53807ee1eea406545cf342.jpg,11,17,3,png,1.7,4.5,7.6499999999999995,6.2,6772,8.820699399214904,158.0,82.0,1.9268292682926829,98140,-0.14664033339536328,-16.142290115356445,16.142290115356445,94.0,110.0808334350586,-18.067693328857423,-13.94919281005859,4.118500518798834,0.03741342057723895,18.729625701904297,2.045769214630127,-0.012768805958330631,-0.005444587208330631,135.03334045410156
test,1-7-4-5_png.rf.c4e547156a53807ee1eea406545cf342.jpg,/mnt/tf_data/TechFin/home/group_6/Data/white_balance_copy_layers.v9-10x.coco-segmentation/test/1-7-4-5_png.rf.c4e547156a53807ee1eea406545cf342.jpg,11,18,4,png,1.7,4.5,7.6499999999999995,6.2,2235,7.71244383427499,111.0,45.0,2.466666666666667,30748,-0.1545575941253475,-16.693130493164062,16.693130493164062,91.0,108.00588989257812,-19.03555908203125,-13.389126586913967,5.646432495117281,0.05227893127618487,4.686017990112305,3.1124801635742188,0.0008507949532940984,-0.008651027455925941,116.00955963134766
test,1-1-4-5-3-10_png.rf.f29eaacfea174c5ccc844d4aaaf557f1.jpg,/mnt/tf_data/TechFin/home/group_6/Data/white_balance_copy_layers.v9-10x.coco-segmentation/test/1-1-4-5-3-10_png.rf.f29eaacfea174c5ccc844d4aaaf557f1.jpg,14,21,3,3-10_png,1.1,4.5,4.95,5.6,1164,7.060476365999801,43.0,43.0,1.0,15362,-0.15014166566902112,-17.222900390625,17.222900390625,97.0,114.71099853515625,-19.719632720947267,-10.032718658447227,9.68691406250004,0.08444625350838722,2.2231104373931885,4.17137336730957,0.00015705497935414314,-0.003599402494728565,116.45481872558594
test,0-8-4-2-7-10-2_png.rf.f61872e6b64302c145fa326023d2f3a0.jpg,/mnt/tf_data/TechFin/home/group_6/Data/white_balance_copy_layers.v9-10x.coco-segmentation/test/0-8-4-2-7-10-2_png.rf.f61872e6b64302c145fa326023d2f3a0.jpg,15,22,7,7-10-2_png,0.8,4.2,3.3600000000000003,5.0,528,6.270988431858299,42.0,24.0,1.75,8463,-0.4231628458643226,-62.572532653808594,62.572532653808594,81.0,147.86868286132812,-71.97319183349609,-33.493110656738274,38.480081176757814,0.2602314461192881,5.144859790802002,16.480859756469727,0.008147739805281162,0.006669123191386461,138.81919860839844
test,2-0-4-2_png.rf.68af67955af8f38d73377cf9e4cd5fea.jpg,/mnt/tf_data/TechFin/home/group_6/Data/white_balance_copy_layers.v9-10x.coco-segmentation/test/2-0-4-2_png.rf.68af67955af8f38d73377cf9e4cd5fea.jpg,16,23,4,png,2.0,4.2,8.4,6.2,7874,8.971448463693834,169.0,99.0,1.707070707070707,132111,-0.14948433547622664,-13.875848770141602,13.875848770141602,79.0,92.82476806640625,-15.690497589111327,-11.751766967773438,3.938730621337889,0.0424318929460739,17.3887882232666,2.0806684494018555,-0.005459637381136417,-0.0038272924721240997,104.71100616455078
test,2-0-4-2_png.rf.68af67955af8f38d73377cf9e4cd5fea.jpg,/mnt/tf_data/TechFin/home/group_6/Data/white_balance_copy_layers.v9-10x.coco-segmentation/test/2-0-4-2_png.rf.68af67955af8f38d73377cf9e4cd5fea.jpg,16,24,3,png,2.0,4.2,8.4,6.2,7369,8.905172985183382,165.0,85.0,1.9411764705882353,107703,-0.1476208168195535,-13.856468200683594,13.856468200683594,80.0,93.86527252197266,-15.670851135253907,-11.764016723632812,3.9068344116210945,0.04162172341966572,18.596277236938477,1.5289220809936523,-0.01066118199378252,-0.005335469730198383,115.5394287109375
test,2-0-4-2_png.rf.68af67955af8f38d73377cf9e4cd5fea.jpg,/mnt/tf_data/TechFin/home/group_6/Data/white_balance_copy_layers.v9-10x.coco-segmentation/test/2-0-4-2_png.rf.68af67955af8f38d73377cf9e4cd5fea.jpg,16,25,4,png,2.0,4.2,8.4,6.2,2327,7.752764808851328,109.0,48.0,2.2708333333333335,32531,-0.13186800857157313,-12.150005340576172,12.150005340576172,80.0,92.13762664794922,-15.145468139648438,-4.263771057128905,10.881697082519533,0.11810264143331649,4.437566757202148,3.9314124584198,0.0018604821525514126,-0.00958926696330309,99.55962371826172
test,1-7-3-3_png.rf.bd31fed5bf392c8ba2a6ce9263e99c6e.jpg,/mnt/tf_data/TechFin/home/group_6/Data/white_balance_copy_layers.v9-10x.coco-segmentation/test/1-7-3-3_png.rf.bd31fed5bf392c8ba2a6ce9263e99c6e.jpg,19,28,4,png,1.7,3.3,5.609999999999999,5.0,4109,8.32117830749028,192.0,59.0,3.2542372881355934,97577,-0.22925283021995077,-29.126543045043945,29.126543045043945,97.0,127.04987335205078,-35.01463317871094,-17.090667724609364,17.923965454101573,0.14107818434761354,24.311635971069336,7.395191192626953,-0.010129657573997974,-0.032940905541181564,177.7262725830078
test,1-4-3-9_png.rf.5645a5880f1042b87ead35b2184cf319.jpg,/mnt/tf_data/TechFin/home/group_6/Data/white_balance_copy_layers.v9-10x.coco-segmentation/test/1-4-3-9_png.rf.5645a5880f1042b87ead35b2184cf319.jpg,22,33,7,png,1.4,3.9,5.46,5.3,892,6.794586580876499,61.0,23.0,2.652173913043478,11636,-0.367777670552401,-44.573577880859375,44.573577880859375,75.0,121.19707489013672,-51.150933837890626,-22.28074493408205,28.870188903808575,0.23820862780705687,11.270355224609375,11.8435697555542,-0.006698915269225836,0.007233405485749245,124.70992279052734
test,1-7-3-3_png.rf.6242a6677002c5c73586c86cd0076f20.jpg,/mnt/tf_data/TechFin/home/group_6/Data/white_balance_copy_layers.v9-10x.coco-segmentation/test/1-7-3-3_png.rf.6242a6677002c5c73586c86cd0076f20.jpg,23,36,7,png,1.7,3.3,5.609999999999999,5.0,594,6.38856140554563,22.0,56.0,0.39285714285714285,10401,-0.22965763231832784,-28.4301700592041,28.4301700592041,90.0,123.79370880126953,-46.67252044677734,3.364956665039067,50.03747711181641,0.4042004847931599,27.15215492248535,18.587196350097656,0.062325429171323776,0.11962874978780746,-74.79833984375
test,1-4-4-5-3-10-4_png.rf.7262e317b01c2b5fbd1540e1c7679d0a.jpg,/mnt/tf_data/TechFin/home/group_6/Data/white_balance_copy_layers.v9-10x.coco-segmentation/test/1-4-4-5-3-10-4_png.rf.7262e317b01c2b5fbd1540e1c7679d0a.jpg,25,38,3,3-10-4_png,1.4,4.5,6.3,5.9,725,6.587550014824796,24.0,55.0,0.43636363636363634,11061,-0.14002856744741532,-12.083303451538086,12.083303451538086,74.0,86.29170227050781,-17.267599487304686,-4.3228759765625,12.944723510742186,0.15001121973655102,2.1359331607818604,5.097479343414307,0.004838143941015005,-0.004501317627727985,85.30172729492188
test,0-8-3-6-3-10-4_png.rf.788d58cdfafaeaf0e9bb83bdd77466a9.jpg,/mnt/tf_data/TechFin/home/group_6/Data/white_balance_copy_layers.v9-10x.coco-segmentation/test/0-8-3-6-3-10-4_png.rf.788d58cdfafaeaf0e9bb83bdd77466a9.jpg,26,39,3,3-10-4_png,0.8,3.6,2.8800000000000003,4.4,601,6.400257445308821,23.0,53.0,0.4339622641509434,10275,-0.08643698513490959,-13.283473014831543,13.283473014831543,140.0,153.67811584472656,-17.654251098632812,-6.66131591796875,10.992935180664062,0.0715322095162275,1.5446287393569946,4.447154521942139,0.00428857421502471,-0.006342701613903046,154.04837036132812
test,2-0-3-6_png.rf.ead0aeedb79d1375f0bd5cd220753868.jpg,/mnt/tf_data/TechFin/home/group_6/Data/white_balance_copy_layers.v9-10x.coco-segmentation/test/2-0-3-6_png.rf.ead0aeedb79d1375f0bd5cd220753868.jpg,27,40,2,png,2.0,3.6,7.2,5.6,992,6.900730664045173,35.0,63.0,0.5555555555555556,18740,-0.08360220185939402,-10.333399772644043,10.333399772644043,113.0,123.60200500488281,-13.735506439208985,-4.547128295898437,9.188378143310548,0.07433842309392608,1.4166394472122192,3.7540946006774902,0.001734374207444489,0.004618891514837742,117.27971649169922
test,1-4-3-6_png.rf.bf079b9ef88c0924bd8ffc2ce71608af.jpg,/mnt/tf_data/TechFin/home/group_6/Data/white_balance_copy_layers.v9-10x.coco-segmentation/test/1-4-3-6_png.rf.bf079b9ef88c0924bd8ffc2ce71608af.jpg,28,41,1,png,1.4,3.6,5.04,5.0,1528,7.332369205929062,31.0,78.0,0.3974358974358974,20102,-0.031980750754103934,-4.6630682945251465,4.6630682945251465,141.0,145.80859375,-6.806036376953125,-2.44246826171875,4.363568115234376,0.029926686781686185,8.976983070373535,1.868756890296936,0.01796853169798851,0.007239717058837414,115.37809753417969
test,2-0-4-2_png.rf.929c2dd92a7ee353b63b33088f06c5d3.jpg,/mnt/tf_data/TechFin/home/group_6/Data/white_balance_copy_layers.v9-10x.coco-segmentation/test/2-0-4-2_png.rf.929c2dd92a7ee353b63b33088f06c5d3.jpg,29,42,1,png,2.0,4.2,8.4,6.2,3048,8.022568946988255,171.0,59.0,2.8983050847457625,87508,-0.08884048243928389,-8.447633743286133,8.447633743286133,87.0,95.08766174316406,-14.130049133300782,-2.8662528991699197,11.263796234130862,0.11845696936533015,12.703028678894043,4.255195140838623,1.0153135917789768e-05,-0.012852629646658897,108.96746063232422
test,2-0-3-3_png.rf.2e07ac518bf9f0ba762b7d5aa87d17ee.jpg,/mnt/tf_data/TechFin/home/group_6/Data/white_balance_copy_layers.v9-10x.coco-segmentation/test/2-0-3-3_png.rf.2e07ac518bf9f0ba762b7d5aa87d17ee.jpg,30,45,7,png,2.0,3.3,6.6,5.3,803,6.6895992691789665,62.0,23.0,2.6956521739130435,11920,-0.4358581178645613,-44.48117446899414,44.48117446899414,56.0,102.05425262451172,-49.12542877197266,-31.129127502441403,17.996301269531255,0.17634053267476327,12.31921672821045,7.68142032623291,-0.0050160810351371765,0.001847485895268619,108.21427154541016
test,1-7-4-2-3-10-4_png.rf.1e76ab15c030a764a674b9a243c7a2aa.jpg,/mnt/tf_data/TechFin/home/group_6/Data/white_balance_copy_layers.v9-10x.coco-segmentation/test/1-7-4-2-3-10-4_png.rf.1e76ab15c030a764a674b9a243c7a2aa.jpg,33,47,3,3-10-4_png,1.7,4.2,7.14,5.9,667,6.504288173536645,23.0,53.0,0.4339622641509434,10213,-0.14565623027499958,-9.135573387145996,9.135573387145996,53.0,62.72010040283203,-12.712843322753907,-3.651123046875001,9.061720275878905,0.14447872719715443,1.1183202266693115,3.6292154788970947,0.004081859719008207,-0.007517647929489613,63.85038375854492
test,0-8-3-6_png.rf.bcba8bc3e42d02b916060d5cbf6c3171.jpg,/mnt/tf_data/TechFin/home/group_6/Data/white_balance_copy_layers.v9-10x.coco-segmentation/test/0-8-3-6_png.rf.bcba8bc3e42d02b916060d5cbf6c3171.jpg,34,50,7,png,0.8,3.6,2.8800000000000003,4.4,891,6.79346613258001,64.0,25.0,2.56,13405,-0.2561207222592227,-37.69554901123047,37.69554901123047,106.0,147.1788330078125,-47.24519348144531,-13.12860107421875,34.11659240722656,0.23180366164077137,11.62806510925293,13.177872657775879,-0.005935512017458677,-0.0013999668881297112,158.0225372314453
test,1-7-4-5_png.rf.ff6f183e47adb1e6c6a5911fc3f8bf8d.jpg,/mnt/tf_data/TechFin/home/group_6/Data/white_balance_copy_layers.v9-10x.coco-segmentation/test/1-7-4-5_png.rf.ff6f183e47adb1e6c6a5911fc3f8bf8d.jpg,35,51,1,png,1.7,4.5,7.6499999999999995,6.2,4454,8.40178233990491,121.0,52.0,2.326923076923077,51982,-0.022001246798452084,-2.388500452041626,2.388500452041626,106.0,108.56204986572266,-4.396754455566406,-0.4769294738769526,3.919824981689454,0.036106770151611685,5.640028953552246,1.5866694450378418,0.006879644934087992,-0.007505400571972132,106.61482238769531
test,1-7-3-9_png.rf.7fd23a5a7fc9280f06e481919b39a8ef.jpg,/mnt/tf_data/TechFin/home/group_6/Data/white_balance_copy_layers.v9-10x.coco-segmentation/test/1-7-3-9_png.rf.7fd23a5a7fc9280f06e481919b39a8ef.jpg,36,52,4,png,1.7,3.9,6.63,5.6,8326,9.02725852623582,169.0,101.0,1.6732673267326732,134939,-0.15959948259199527,-18.940784454345703,18.940784454345703,100.0,118.6769790649414,-20.857086181640625,-16.271896362304688,4.5851898193359375,0.038635882506133465,17.37824821472168,2.906860828399658,-0.004763925913721323,-0.005795869044959545,131.7903289794922
test,1-7-3-9_png.rf.7fd23a5a7fc9280f06e481919b39a8ef.jpg,/mnt/tf_data/TechFin/home/group_6/Data/white_balance_copy_layers.v9-10x.coco-segmentation/test/1-7-3-9_png.rf.7fd23a5a7fc9280f06e481919b39a8ef.jpg,36,53,3,png,1.7,3.9,6.63,5.6,6967,8.849083518532339,157.0,82.0,1.9146341463414633,97091,-0.13834158977666855,-16.642627716064453,16.642627716064453,104.0,120.30097198486328,-18.58380584716797,-14.511050415039062,4.072755432128908,0.033854717588161776,19.517436981201172,1.8266475200653076,-0.014779482036828995,-0.006077956408262253,148.94711303710938
test,1-7-3-9_png.rf.7fd23a5a7fc9280f06e481919b39a8ef.jpg,/mnt/tf_data/TechFin/home/group_6/Data/white_balance_copy_layers.v9-10x.coco-segmentation/test/1-7-3-9_png.rf.7fd23a5a7fc9280f06e481919b39a8ef.jpg,36,54,4,png,1.7,3.9,6.63,5.6,2254,7.720905251936779,105.0,48.0,2.1875,31720,-0.1384923743176489,-16.360170364379883,16.360170364379883,101.0,118.13047790527344,-19.1785400390625,-7.242460632324218,11.936079406738283,0.10104148919391993,4.3685407638549805,4.932952880859375,0.0020647814963012934,-0.010470768436789513,126.18975830078125
test,1-7-4-8_png.rf.a7ac298bb8a066588fd12542145e0573.jpg,/mnt/tf_data/TechFin/home/group_6/Data/white_balance_copy_layers.v9-10x.coco-segmentation/test/1-7-4-8_png.rf.a7ac298bb8a066588fd12542145e0573.jpg,37,55,4,png,1.7,4.8,8.16,6.5,4009,8.296546520300614,191.0,58.0,3.293103448275862,95429,-0.3090095703219074,-32.69625473022461,32.69625473022461,71.0,105.80984497070312,-38.081843566894534,-19.277487182617186,18.804356384277348,0.17771840030087882,25.551549911499023,8.034777641296387,-0.010383520275354385,-0.04162515699863434,165.9757843017578
test,0-8-4-8-6-10-6_png.rf.a9953b6d2f5a9f83fb96f71bf63c7f9d.jpg,/mnt/tf_data/TechFin/home/group_6/Data/white_balance_copy_layers.v9-10x.coco-segmentation/test/0-8-4-8-6-10-6_png.rf.a9953b6d2f5a9f83fb96f71bf63c7f9d.jpg,38,56,6,6-10-6_png,0.8,4.8,3.84,5.6,1795,7.493317248862145,37.0,125.0,0.296,39583,-0.3115842559948283,-40.47917175292969,40.47917175292969,88.0,129.91404724121094,-44.88874206542969,-29.34010314941405,15.54863891601564,0.1196840468463471,11.652578353881836,6.995118618011475,0.0012348359450697899,-0.007713792379945517,133.1672821044922
test,1-4-4-8-3-10-4_png.rf.2a34d3aa0faa8fdc173a699591b5faa3.jpg,/mnt/tf_data/TechFin/home/group_6/Data/white_balance_copy_layers.v9-10x.coco-segmentation/test/1-4-4-8-3-10-4_png.rf.2a34d3aa0faa8fdc173a699591b5faa3.jpg,39,57,3,3-10-4_png,1.4,4.8,6.72,6.199999999999999,673,6.513230110912307,24.0,55.0,0.43636363636363634,11113,-0.142314821471234,-12.052542686462402,12.052542686462402,72.0,84.68930053710938,-17.66756591796875,-3.7123992919921873,13.955166625976563,0.1647807519659659,2.263822317123413,5.407515048980713,0.001510646310634911,-0.0028851875104010105,85.15755462646484
test,1-1-3-9-7-10-2_png.rf.7f4acc18aa95aa50852a148ea262149e.jpg,/mnt/tf_data/TechFin/home/group_6/Data/white_balance_copy_layers.v9-10x.coco-segmentation/test/1-1-3-9-7-10-2_png.rf.7f4acc18aa95aa50852a148ea262149e.jpg,41,59,7,7-10-2_png,1.1,3.9,4.29,5.0,544,6.300785794663244,42.0,24.0,1.75,8447,-0.43414080937013444,-53.59219741821289,53.59219741821289,66.0,123.44427490234375,-61.43820724487305,-29.4063720703125,32.03183517456055,0.25948416967818716,5.419398784637451,13.537729263305664,0.008089466951787472,0.006399964913725853,114.56197357177734
test,1-1-3-6-3-10_png.rf.848e32cc2e5fd19df1d6054fe106449e.jpg,/mnt/tf_data/TechFin/home/group_6/Data/white_balance_copy_layers.v9-10x.coco-segmentation/test/1-1-3-6-3-10_png.rf.848e32cc2e5fd19df1d6054fe106449e.jpg,42,60,3,3-10_png,1.1,3.6,3.9600000000000004,4.7,1112,7.014814351275545,42.0,42.0,1.0,14661,-0.15065312832869182,-19.12306022644043,19.12306022644043,107.0,126.93437194824219,-21.952884674072266,-13.069149780273438,8.883734893798827,0.06998683459371582,2.4660351276397705,3.5557656288146973,-0.0023637774866074324,-0.0085813719779253,133.0403289794922
test,1-4-4-2-6-10-6_png.rf.8e1930e7915e9093b9cb16e71d2dfb80.jpg,/mnt/tf_data/TechFin/home/group_6/Data/white_balance_copy_layers.v9-10x.coco-segmentation/test/1-4-4-2-6-10-6_png.rf.8e1930e7915e9093b9cb16e71d2dfb80.jpg,43,61,6,6-10-6_png,1.4,4.2,5.88,5.6,1834,7.51479976048867,42.0,131.0,0.32061068702290074,47361,-0.3183141026815199,-28.107685089111328,28.107685089111328,59.0,88.30172729492188,-31.737171936035157,-17.693402862548826,14.043769073486331,0.15904297122729072,12.290477752685547,7.369822025299072,0.0054959626868367195,-0.007268541492521763,88.3121109008789
test,1-4-4-2-3-10-2_png.rf.adb8c3e1e2705526a23d4280f845ef48.jpg,/mnt/tf_data/TechFin/home/group_6/Data/white_balance_copy_layers.v9-10x.coco-segmentation/test/1-4-4-2-3-10-2_png.rf.adb8c3e1e2705526a23d4280f845ef48.jpg,45,63,7,3-10-2_png,1.4,4.2,5.88,5.6,510,6.236369590203704,41.0,23.0,1.7826086956521738,7898,-0.5238865538124241,-45.4378776550293,45.4378776550293,39.0,86.73228454589844,-51.71235580444336,-28.71630401611328,22.99605178833008,0.26513831508912516,5.146346092224121,9.175046920776367,0.002862651599571109,-0.0030113300308585167,86.26354217529297
test,1-7-3-9_png.rf.165ddc73d87c1e5e40f146665b1736ef.jpg,/mnt/tf_data/TechFin/home/group_6/Data/white_balance_copy_layers.v9-10x.coco-segmentation/test/1-7-3-9_png.rf.165ddc73d87c1e5e40f146665b1736ef.jpg,46,64,7,png,1.7,3.9,6.63,5.6,653,6.483107351457199,24.0,57.0,0.42105263157894735,11563,-0.21570352283139788,-22.98714256286621,22.98714256286621,79.0,106.56822967529297,-41.50388031005859,4.9464309692382935,46.45031127929688,0.4358739130867446,24.59485626220703,17.82105827331543,0.06576710194349289,0.09979366511106491,-79.92801666259766
test,2-0-3-6_png.rf.c84589adbae5520676e4cb00335c57e2.jpg,/mnt/tf_data/TechFin/home/group_6/Data/white_balance_copy_layers.v9-10x.coco-segmentation/test/2-0-3-6_png.rf.c84589adbae5520676e4cb00335c57e2.jpg,48,68,4,png,2.0,3.6,7.2,5.6,4138,8.328209491748732,192.0,59.0,3.2542372881355934,97548,-0.20804674014325822,-21.02057456970215,21.02057456970215,80.0,101.03775024414062,-26.563235473632812,-13.352625274658195,13.210610198974617,0.13074925131501258,25.89968490600586,5.639443397521973,-0.009602637030184269,-0.03365311026573181,151.69540405273438
test,1-7-4-5-3-10_png.rf.b2d94d9130131c85cf4e201f44bb143d.jpg,/mnt/tf_data/TechFin/home/group_6/Data/white_balance_copy_layers.v9-10x.coco-segmentation/test/1-7-4-5-3-10_png.rf.b2d94d9130131c85cf4e201f44bb143d.jpg,49,69,3,3-10_png,1.7,4.5,7.6499999999999995,6.2,1065,6.97166860472579,39.0,41.0,0.9512195121951219,13222,-0.21336477359864345,-13.459112167358398,13.459112167358398,49.0,63.080291748046875,-14.139208221435547,-10.128529357910157,4.01067886352539,0.06358053763518891,2.223693609237671,1.9581199884414673,0.00012059621076332405,-0.004712768830358982,65.42802429199219
test,1-7-4-5-2-10-3_png.rf.7a0ebe9415369aa453fb93e9eb105038.jpg,/mnt/tf_data/TechFin/home/group_6/Data/white_balance_copy_layers.v9-10x.coco-segmentation/test/1-7-4-5-2-10-3_png.rf.7a0ebe9415369aa453fb93e9eb105038.jpg,51,71,2,2-10-3_png,1.7,4.5,7.6499999999999995,6.2,5706,8.649448770536708,112.0,87.0,1.2873563218390804,81768,-0.12117938191046458,-8.381208419799805,8.381208419799805,61.0,69.16365051269531,-9.227581024169922,-6.179412841796875,3.048168182373047,0.04407182327389647,11.20444393157959,1.7537935972213745,-0.00022289487242233008,-0.0034461375325918198,71.06504821777344
test,0-8-4-5-2-10-3_png.rf.31a845318a46854e77e55e2b50199498.jpg,/mnt/tf_data/TechFin/home/group_6/Data/white_balance_copy_layers.v9-10x.coco-segmentation/test/0-8-4-5-2-10-3_png.rf.31a845318a46854e77e55e2b50199498.jpg,52,72,2,2-10-3_png,0.8,4.5,3.6,5.3,5781,8.662504922576291,112.0,89.0,1.2584269662921348,83708,-0.0855486347110314,-12.363861083984375,12.363861083984375,132.0,144.52435302734375,-14.397125244140625,-9.532760620117188,4.8643646240234375,0.03365775055988736,10.95494270324707,2.5723536014556885,-0.0007088669808581471,-0.004290649201720953,147.20144653320312
test,2-0-4-5_png.rf.00541d2804e2f79ee042b4eade0f7790.jpg,/mnt/tf_data/TechFin/home/group_6/Data/white_balance_copy_layers.v9-10x.coco-segmentation/test/2-0-4-5_png.rf.00541d2804e2f79ee042b4eade0f7790.jpg,53,73,4,png,2.0,4.5,9.0,6.5,4100,8.31898612539206,191.0,59.0,3.23728813559322,97056,-0.22730024611125768,-21.624963760375977,21.624963760375977,73.0,95.13832092285156,-28.38331832885742,-11.949838256835939,16.43348007202148,0.17273250055934375,26.280269622802734,6.31365966796875,-0.01074145920574665,-0.034506943076848984,148.3982391357422
test,1-8-4-2-1_png.rf.ad6928ee12f7480a466a822307d933c8.jpg,/mnt/tf_data/TechFin/home/group_6/Data/white_balance_copy_layers.v9-10x.coco-segmentation/test/1-8-4-2-1_png.rf.ad6928ee12f7480a466a822307d933c8.jpg,54,74,1,1_png,1.8,4.2,7.5600000000000005,6.0,4938,8.504918160540624,124.0,54.0,2.2962962962962963,55133,-0.03046246673335296,-3.379875898361206,3.379875898361206,108.0,110.95214080810547,-5.66480712890625,-1.2334358215332029,4.4313713073730465,0.03993948449392441,5.71066951751709,1.7319200038909912,0.0055204275995492935,-0.007265329826623201,110.64869689941406
test,2-3-3-6_png.rf.1e14a6b5894a5207cd4314e310089366.jpg,/mnt/tf_data/TechFin/home/group_6/Data/white_balance_copy_layers.v9-10x.coco-segmentation/test/2-3-3-6_png.rf.1e14a6b5894a5207cd4314e310089366.jpg,56,76,2,png,2.3,3.6,8.28,5.9,1009,6.917705609835305,35.0,65.0,0.5384615384615384,19351,-0.08720404054683337,-9.873932838439941,9.873932838439941,103.0,113.2279281616211,-14.140904235839844,-4.158708190917968,9.982196044921876,0.08816019339922328,1.4163844585418701,3.686171054840088,0.0014715052675455809,0.0034573092125356197,108.24108123779297
test,1-7-3-9_png.rf.f5359f3bd2e2d6e76a65d3645d6e71b2.jpg,/mnt/tf_data/TechFin/home/group_6/Data/white_balance_copy_layers.v9-10x.coco-segmentation/test/1-7-3-9_png.rf.f5359f3bd2e2d6e76a65d3645d6e71b2.jpg,57,77,4,png,1.7,3.9,6.63,5.6,3776,8.236685322712457,191.0,57.0,3.3508771929824563,93944,-0.2593828179847207,-32.01329803466797,32.01329803466797,90.0,123.4210433959961,-37.2851448059082,-21.184127807617188,16.101016998291016,0.1304560110274789,25.59913444519043,6.888946533203125,-0.01211285125464201,-0.043709203600883484,188.55645751953125
test,1-4-3-6-2-10-3_png.rf.de4bfb174e6084ed184b1f55b0a12bb4.jpg,/mnt/tf_data/TechFin/home/group_6/Data/white_balance_copy_layers.v9-10x.coco-segmentation/test/1-4-3-6-2-10-3_png.rf.de4bfb174e6084ed184b1f55b0a12bb4.jpg,59,79,2,2-10-3_png,1.4,3.6,5.04,5.0,5725,8.65277248565806,112.0,88.0,1.2727272727272727,82753,-0.12097851329617099,-12.42567253112793,12.42567253112793,90.0,102.70974731445312,-13.794892883300781,-9.819203186035155,3.9756896972656257,0.03870800777158736,11.822761535644531,2.1585402488708496,-0.0013372040120884776,-0.0046898964792490005,106.0396728515625
test,1-4-3-6_png.rf.e08332c7838493acffa2018b0b8bd861.jpg,/mnt/tf_data/TechFin/home/group_6/Data/white_balance_copy_layers.v9-10x.coco-segmentation/test/1-4-3-6_png.rf.e08332c7838493acffa2018b0b8bd861.jpg,60,80,1,png,1.4,3.6,5.04,5.0,2970,7.9966538754626075,169.0,58.0,2.913793103448276,85006,-0.07084071974951904,-10.351263999938965,10.351263999938965,137.0,146.12025451660156,-17.09694061279297,-4.27054443359375,12.82639617919922,0.08777972787983297,11.091920852661133,4.882420063018799,0.0007644941797479987,-0.012455481104552746,158.5152587890625
test,1-1-4-5-2-10-3_png.rf.9db80844bc33bb67041eb18a63d6b8e9.jpg,/mnt/tf_data/TechFin/home/group_6/Data/white_balance_copy_layers.v9-10x.coco-segmentation/test/1-1-4-5-2-10-3_png.rf.9db80844bc33bb67041eb18a63d6b8e9.jpg,61,81,2,2-10-3_png,1.1,4.5,4.95,5.6,5682,8.645234541297121,111.0,87.0,1.2758620689655173,81007,-0.08105652015255885,-10.330836296081543,10.330836296081543,117.0,127.45225524902344,-11.536829376220703,-7.591923522949219,3.944905853271485,0.03095202862878891,11.648517608642578,2.3319356441497803,0.0005703883362002671,-0.004575731698423624,129.36549377441406
test,2-0-4-8_png.rf.ce4bd9d29f325ee14164e4f8e0a18a3e.jpg,/mnt/tf_data/TechFin/home/group_6/Data/white_balance_copy_layers.v9-10x.coco-segmentation/test/2-0-4-8_png.rf.ce4bd9d29f325ee14164e4f8e0a18a3e.jpg,62,82,1,png,2.0,4.8,9.6,6.8,3126,8.047829357457841,171.0,60.0,2.85,88968,-0.08416075065582142,-7.673711776733398,7.673711776733398,84.0,91.1792221069336,-12.3045654296875,-2.2302474975585938,10.074317932128906,0.1104891849188393,12.971938133239746,3.7536675930023193,0.0002675199066288769,-0.014221609570086002,106.19004821777344
test,2-0-4-8_png.rf.7dbdd9c03678eb4e5e2e75016a45add3.jpg,/mnt/tf_data/TechFin/home/group_6/Data/white_balance_copy_layers.v9-10x.coco-segmentation/test/2-0-4-8_png.rf.7dbdd9c03678eb4e5e2e75016a45add3.jpg,63,83,4,png,2.0,4.8,9.6,6.8,8424,9.038958755220563,173.0,100.0,1.73,146988,-0.13363009025073302,-11.845614433288574,11.845614433288574,77.0,88.64481353759766,-13.81158676147461,-9.183473205566408,4.628113555908202,0.05220963721634139,16.646839141845703,7.716965198516846,-0.00415469566360116,-0.005816683638840914,100.94615936279297
test,2-0-3-9_png.rf.da0f50dfb46375a492d195b84b596e7f.jpg,/mnt/tf_data/TechFin/home/group_6/Data/white_balance_copy_layers.v9-10x.coco-segmentation/test/2-0-3-9_png.rf.da0f50dfb46375a492d195b84b596e7f.jpg,64,84,4,png,2.0,3.9,7.8,5.9,8585,9.057888248784506,177.0,100.0,1.77,140927,-0.16064447156480757,-15.190495491027832,15.190495491027832,79.0,94.5597152709961,-16.96385040283203,-12.336596679687498,4.627253723144532,0.04893472563748117,16.614072799682617,2.984956741333008,-0.004721264820545912,-0.00443357415497303,106.1197738647461
test,2-0-3-9_png.rf.da0f50dfb46375a492d195b84b596e7f.jpg,/mnt/tf_data/TechFin/home/group_6/Data/white_balance_copy_layers.v9-10x.coco-segmentation/test/2-0-3-9_png.rf.da0f50dfb46375a492d195b84b596e7f.jpg,64,85,3,png,2.0,3.9,7.8,5.9,6785,8.822616945344176,162.0,80.0,2.025,98162,-0.1602721026941228,-15.373272895812988,15.373272895812988,81.0,95.91983032226562,-17.16752471923828,-13.455447387695312,3.712077331542968,0.03869979042989709,19.01347541809082,1.5483096837997437,-0.01276165060698986,-0.005542144179344177,120.9796371459961
test,2-0-3-9_png.rf.da0f50dfb46375a492d195b84b596e7f.jpg,/mnt/tf_data/TechFin/home/group_6/Data/white_balance_copy_layers.v9-10x.coco-segmentation/test/2-0-3-9_png.rf.da0f50dfb46375a492d195b84b596e7f.jpg,64,86,4,png,2.0,3.9,7.8,5.9,2079,7.640123172695364,105.0,44.0,2.3863636363636362,28501,-0.14493577519314188,-13.577838897705078,13.577838897705078,80.0,93.6817626953125,-15.746206665039063,-10.73358154296875,5.012625122070313,0.0535069471138498,4.460938453674316,2.7070353031158447,0.0014689185190945864,-0.00876198336482048,100.83303833007812
test,1-7-3-6_png.rf.a971e5f4c0e867532e67d03255818042.jpg,/mnt/tf_data/TechFin/home/group_6/Data/white_balance_copy_layers.v9-10x.coco-segmentation/test/1-7-3-6_png.rf.a971e5f4c0e867532e67d03255818042.jpg,65,87,4,png,1.7,3.6,6.12,5.3,7965,8.982937763741589,170.0,99.0,1.7171717171717171,133172,-0.15957859075180317,-19.25206756591797,19.25206756591797,101.0,120.64317321777344,-20.855166625976562,-16.889158630371092,3.9660079956054695,0.032873870023680606,16.866724014282227,2.2128610610961914,-0.0034150932915508747,-0.005531788803637028,131.57940673828125
test,1-7-3-6_png.rf.a971e5f4c0e867532e67d03255818042.jpg,/mnt/tf_data/TechFin/home/group_6/Data/white_balance_copy_layers.v9-10x.coco-segmentation/test/1-7-3-6_png.rf.a971e5f4c0e867532e67d03255818042.jpg,65,88,3,png,1.7,3.6,6.12,5.3,7697,8.948715833843691,168.0,86.0,1.9534883720930232,111689,-0.14017019050556512,-17.03108024597168,17.03108024597168,104.0,121.50286865234375,-19.064730834960937,-14.995042419433593,4.069688415527343,0.03349458708807893,18.00651741027832,2.2150659561157227,-0.007714173290878534,-0.007662521675229073,141.36404418945312
test,1-7-3-6_png.rf.a971e5f4c0e867532e67d03255818042.jpg,/mnt/tf_data/TechFin/home/group_6/Data/white_balance_copy_layers.v9-10x.coco-segmentation/test/1-7-3-6_png.rf.a971e5f4c0e867532e67d03255818042.jpg,65,89,4,png,1.7,3.6,6.12,5.3,1998,7.6004023345004,102.0,43.0,2.372093023255814,26692,-0.1453397816940042,-17.44353485107422,17.44353485107422,102.0,120.01899719238281,-20.029997253417967,-14.000274658203125,6.029722595214842,0.05023973484422287,4.454692840576172,3.8444554805755615,0.0022313513327389956,-0.012128281407058239,129.61912536621094
test,1-4-3-9_png.rf.cfbfe0d3f5057474e6664676209130ef.jpg,/mnt/tf_data/TechFin/home/group_6/Data/white_balance_copy_layers.v9-10x.coco-segmentation/test/1-4-3-9_png.rf.cfbfe0d3f5057474e6664676209130ef.jpg,66,90,1,png,1.4,3.9,5.46,5.3,2977,7.999007213243955,170.0,60.0,2.8333333333333335,88578,-0.07474069094939148,-10.293510437011719,10.293510437011719,129.0,137.7229766845703,-17.7798828125,-3.7739562988281237,14.005926513671875,0.10169636796153432,11.279120445251465,5.337002277374268,0.0013098805211484432,-0.011819517239928246,148.68946838378906
test,1-7-4-2-3-10-2_png.rf.5a961dead7934de61c43cc4821f199f5.jpg,/mnt/tf_data/TechFin/home/group_6/Data/white_balance_copy_layers.v9-10x.coco-segmentation/test/1-7-4-2-3-10-2_png.rf.5a961dead7934de61c43cc4821f199f5.jpg,67,91,7,3-10-2_png,1.7,4.2,7.14,5.9,541,6.295266001439646,41.0,23.0,1.7826086956521738,7867,-0.5746109284802042,-35.40572738647461,35.40572738647461,24.0,61.61687088012695,-40.650047302246094,-18.532142639160156,22.117904663085938,0.35895858304968775,4.85802698135376,8.866647720336914,-0.00019935269665438682,-0.011790428310632706,67.7193832397461
test,2-0-3-6_png.rf.1addb9cea6cff6fa6609e7c7e202b7cb.jpg,/mnt/tf_data/TechFin/home/group_6/Data/white_balance_copy_layers.v9-10x.coco-segmentation/test/2-0-3-6_png.rf.1addb9cea6cff6fa6609e7c7e202b7cb.jpg,68,92,1,png,2.0,3.6,7.2,5.6,4806,8.47782846789396,123.0,53.0,2.3207547169811322,53674,-0.04215373052639544,-4.267219066619873,4.267219066619873,97.0,101.22992706298828,-6.956577301025391,-1.4925765991210938,5.464000701904297,0.05397613986725914,5.418685436248779,2.0544872283935547,0.005393735133111477,-0.00605046795681119,99.86998748779297
test,1-1-3-9_png.rf.ba2a699b89086f9d585afc51eaefdb20.jpg,/mnt/tf_data/TechFin/home/group_6/Data/white_balance_copy_layers.v9-10x.coco-segmentation/test/1-1-3-9_png.rf.ba2a699b89086f9d585afc51eaefdb20.jpg,69,93,4,png,1.1,3.9,4.29,5.0,3880,8.263848131368906,192.0,59.0,3.2542372881355934,97806,-0.18488051169151795,-27.611600875854492,27.611600875854492,121.0,149.34835815429688,-31.46918182373047,-20.06232604980469,11.40685577392578,0.07637751037169735,21.148075103759766,5.110226631164551,-0.011215407401323318,-0.03081353008747101,199.5854034423828
test,0-8-3-9_png.rf.7f5a9b7a86835b1322e7aea254dad5c1.jpg,/mnt/tf_data/TechFin/home/group_6/Data/white_balance_copy_layers.v9-10x.coco-segmentation/test/0-8-3-9_png.rf.7f5a9b7a86835b1322e7aea254dad5c1.jpg,70,95,7,png,0.8,3.9,3.12,4.7,881,6.782192056006791,70.0,22.0,3.1818181818181817,12872,-0.32440294746847526,-47.66086959838867,47.66086959838867,97.0,146.91873168945312,-56.05168151855469,-27.787124633789062,28.264556884765625,0.19238225486801325,10.72989559173584,13.085517883300781,-0.004890985321253538,0.0018664697417989373,152.86155700683594
test,1-4-3-9-3-10-4_png.rf.ec9583dd36766a16a024bb7505ace910.jpg,/mnt/tf_data/TechFin/home/group_6/Data/white_balance_copy_layers.v9-10x.coco-segmentation/test/1-4-3-9-3-10-4_png.rf.ec9583dd36766a16a024bb7505ace910.jpg,71,97,3,3-10-4_png,1.4,3.9,5.46,5.3,621,6.432940092739179,22.0,53.0,0.41509433962264153,9783,-0.13086794388897927,-11.569345474243164,11.569345474243164,76.0,88.40473175048828,-16.35748291015625,-5.285285949707031,11.072196960449219,0.1252443929324865,1.4721449613571167,4.38688325881958,0.0026365763042122126,-0.006489674560725689,89.98953247070312
test,1-1-4-2-3-10_png.rf.111fe89f04bb18925d48de896cae2a5a.jpg,/mnt/tf_data/TechFin/home/group_6/Data/white_balance_copy_layers.v9-10x.coco-segmentation/test/1-1-4-2-3-10_png.rf.111fe89f04bb18925d48de896cae2a5a.jpg,73,99,3,3-10_png,1.1,4.2,4.620000000000001,5.300000000000001,1155,7.052721049232323,39.0,44.0,0.8863636363636364,14183,-0.14721491315307428,-17.90046501159668,17.90046501159668,103.0,121.59410095214844,-20.568460083007814,-10.678335571289061,9.890124511718753,0.08133720661013699,2.661198139190674,4.004652976989746,0.0003553000860847533,-0.007126197684556246,125.01718139648438
test,1-1-4-2-3-10-4_png.rf.a04f2dcc0c64cc00794a1dfdd1e22c71.jpg,/mnt/tf_data/TechFin/home/group_6/Data/white_balance_copy_layers.v9-10x.coco-segmentation/test/1-1-4-2-3-10-4_png.rf.a04f2dcc0c64cc00794a1dfdd1e22c71.jpg,74,100,3,3-10-4_png,1.1,4.2,4.620000000000001,5.300000000000001,685,6.530877627725885,24.0,56.0,0.42857142857142855,11316,-0.11246969419838188,-13.787811279296875,13.787811279296875,108.0,122.59134674072266,-19.61909637451172,-5.76552734375,13.85356903076172,0.11300609218415424,2.397718906402588,5.286533355712891,0.0034080224577337503,-0.005823280196636915,123.29944610595703
test,2-0-3-9_png.rf.83eb47651c26619c9d5bf6233110c192.jpg,/mnt/tf_data/TechFin/home/group_6/Data/white_balance_copy_layers.v9-10x.coco-segmentation/test/2-0-3-9_png.rf.83eb47651c26619c9d5bf6233110c192.jpg,75,101,1,png,2.0,3.9,7.8,5.9,4669,8.448914350662942,123.0,52.0,2.3653846153846154,52697,-0.03807173783353298,-3.7582778930664062,3.7582778930664062,95.0,98.71569061279297,-5.755035400390625,-1.2129135131835938,4.542121887207031,0.04601215732788886,5.508934020996094,1.9079426527023315,0.005708153359591961,-0.008272326551377773,99.1708984375
test,1-4-4-8_png.rf.baeb0b9ce0215ac7c27686ebf34949fc.jpg,/mnt/tf_data/TechFin/home/group_6/Data/white_balance_copy_layers.v9-10x.coco-segmentation/test/1-4-4-8_png.rf.baeb0b9ce0215ac7c27686ebf34949fc.jpg,76,102,4,png,1.4,4.8,6.72,6.199999999999999,7893,8.973858256222792,172.0,95.0,1.8105263157894738,138869,-0.27435164508505805,-30.53169059753418,30.53169059753418,81.0,111.28670501708984,-32.376502990722656,-28.205535888671875,4.170967102050781,0.03747947341427948,17.657577514648438,2.2211413383483887,-0.002950139809399843,-0.0015338656958192587,117.13199615478516
test,1-1-3-6-6-10-6_png.rf.b9665f87c8e81ca10fa2251099e2f297.jpg,/mnt/tf_data/TechFin/home/group_6/Data/white_balance_copy_layers.v9-10x.coco-segmentation/test/1-1-3-6-6-10-6_png.rf.b9665f87c8e81ca10fa2251099e2f297.jpg,79,105,6,6-10-6_png,1.1,3.6,3.9600000000000004,4.7,1874,7.536363938404511,40.0,127.0,0.31496062992125984,43591,-0.27081865409623274,-34.5261344909668,34.5261344909668,92.0,127.48802185058594,-39.43796920776367,-22.487969970703126,16.949999237060545,0.13295366098727057,12.413456916809082,7.437702178955078,0.006013594567775726,-0.003279414726421237,125.03846740722656
test,1-1-3-6_png.rf.56c42c2476f5394dcfba7dfa00a635f6.jpg,/mnt/tf_data/TechFin/home/group_6/Data/white_balance_copy_layers.v9-10x.coco-segmentation/test/1-1-3-6_png.rf.56c42c2476f5394dcfba7dfa00a635f6.jpg,80,106,4,png,1.1,3.6,3.9600000000000004,4.7,4051,8.306965865368573,191.0,59.0,3.23728813559322,97105,-0.18974220997359956,-30.25251579284668,30.25251579284668,128.0,159.44009399414062,-34.548858642578125,-20.83038330078125,13.718475341796875,0.08604156582033265,19.85073471069336,5.879350662231445,-0.010106470435857773,-0.02839057706296444,205.3613739013672
test,2-0-3-9_png.rf.c07df04842790ca2d5435980b66deee2.jpg,/mnt/tf_data/TechFin/home/group_6/Data/white_balance_copy_layers.v9-10x.coco-segmentation/test/2-0-3-9_png.rf.c07df04842790ca2d5435980b66deee2.jpg,81,107,2,png,2.0,3.9,7.8,5.9,989,6.897704943128636,35.0,64.0,0.546875,19057,-0.08908429308627516,-10.184234619140625,10.184234619140625,104.0,114.32132720947266,-14.358067321777344,-3.3567245483398427,11.001342773437502,0.09623176219149013,1.3078722953796387,4.150501728057861,0.0006793126231059432,0.003313634777441621,110.60903930664062
