nohup: ignoring input
Command Line Args: Namespace(config_file='configs/M2F/base_config_old.yaml', resume=False, num_gpus=1, num_machines=1, machine_rank=0, pretraining_augmentations=False, train_image_root='/mnt/data/mis2025/group_6/Data/graphene.v5-remove-small-falkes-and-blur-pictures.coco/train', train_annotation_path='/mnt/data/mis2025/group_6/Data/graphene.v5-remove-small-falkes-and-blur-pictures.coco/train/_annotations_rle_1class.coco.json', train_mode='normal', diffusion_train_image_root=None, diffusion_train_annotation_path=None, dist_url='auto', opts=['OUTPUT_DIR', '/mnt/data/mis2025/group_6/Parameter/trained_para/graphene_mid_finetune_remove_small_falkes', 'MODEL.WEIGHTS', '/mnt/data/mis2025/group_6/Parameter/pre_train_para/graphene_mid/model_final.pth'])
[03/19 00:25:17 detectron2]: Rank of current process: 0. World size: 1
[03/19 00:25:18 detectron2]: Environment info:
-------------------------------  ----------------------------------------------------------------------------------------------------------
sys.platform                     linux
Python                           3.12.12 | packaged by Anaconda, Inc. | (main, Oct 21 2025, 20:16:04) [GCC 11.2.0]
numpy                            2.1.2
detectron2                       0.6 @/mnt/data/mis2025/group_6/anaconda3/envs/maskterial/lib/python3.12/site-packages/detectron2
Compiler                         GCC 9.4
CUDA compiler                    CUDA 11.6
detectron2 arch flags            8.6
DETECTRON2_ENV_MODULE            <not set>
PyTorch                          2.5.1+cu118 @/mnt/data/mis2025/group_6/anaconda3/envs/maskterial/lib/python3.12/site-packages/torch
PyTorch debug build              False
torch._C._GLIBCXX_USE_CXX11_ABI  False
GPU available                    Yes
GPU 0                            NVIDIA GeForce RTX 3090 (arch=8.6)
Driver version                   555.42.02
CUDA_HOME                        /usr/local/cuda-11.6
Pillow                           11.3.0
torchvision                      0.20.1+cu118 @/mnt/data/mis2025/group_6/anaconda3/envs/maskterial/lib/python3.12/site-packages/torchvision
torchvision arch flags           3.5, 5.0, 6.0, 7.0, 7.5, 8.0, 8.6
fvcore                           0.1.5.post20221221
iopath                           0.1.9
cv2                              4.10.0
-------------------------------  ----------------------------------------------------------------------------------------------------------
PyTorch built with:
  - GCC 9.3
  - C++ Version: 201703
  - Intel(R) oneAPI Math Kernel Library Version 2024.2-Product Build 20240605 for Intel(R) 64 architecture applications
  - Intel(R) MKL-DNN v3.5.3 (Git Hash 66f0cb9eb66affd2da3bf5f8d897376f04aae6af)
  - OpenMP 201511 (a.k.a. OpenMP 4.5)
  - LAPACK is enabled (usually provided by MKL)
  - NNPACK is enabled
  - CPU capability usage: AVX2
  - CUDA Runtime 11.8
  - NVCC architecture flags: -gencode;arch=compute_50,code=sm_50;-gencode;arch=compute_60,code=sm_60;-gencode;arch=compute_70,code=sm_70;-gencode;arch=compute_75,code=sm_75;-gencode;arch=compute_80,code=sm_80;-gencode;arch=compute_86,code=sm_86;-gencode;arch=compute_37,code=sm_37;-gencode;arch=compute_90,code=sm_90
  - CuDNN 90.1
  - Magma 2.6.1
  - Build settings: BLAS_INFO=mkl, BUILD_TYPE=Release, CUDA_VERSION=11.8, CUDNN_VERSION=9.1.0, CXX_COMPILER=/opt/rh/devtoolset-9/root/usr/bin/c++, CXX_FLAGS= -D_GLIBCXX_USE_CXX11_ABI=0 -fabi-version=11 -fvisibility-inlines-hidden -DUSE_PTHREADPOOL -DNDEBUG -DUSE_KINETO -DLIBKINETO_NOROCTRACER -DLIBKINETO_NOXPUPTI=ON -DUSE_FBGEMM -DUSE_PYTORCH_QNNPACK -DUSE_XNNPACK -DSYMBOLICATE_MOBILE_DEBUG_HANDLE -O2 -fPIC -Wall -Wextra -Werror=return-type -Werror=non-virtual-dtor -Werror=bool-operation -Wnarrowing -Wno-missing-field-initializers -Wno-type-limits -Wno-array-bounds -Wno-unknown-pragmas -Wno-unused-parameter -Wno-strict-overflow -Wno-strict-aliasing -Wno-stringop-overflow -Wsuggest-override -Wno-psabi -Wno-error=old-style-cast -Wno-missing-braces -fdiagnostics-color=always -faligned-new -Wno-unused-but-set-variable -Wno-maybe-uninitialized -fno-math-errno -fno-trapping-math -Werror=format -Wno-stringop-overflow, LAPACK_INFO=mkl, PERF_WITH_AVX=1, PERF_WITH_AVX2=1, TORCH_VERSION=2.5.1, USE_CUDA=ON, USE_CUDNN=ON, USE_CUSPARSELT=1, USE_EXCEPTION_PTR=1, USE_GFLAGS=OFF, USE_GLOG=OFF, USE_GLOO=ON, USE_MKL=ON, USE_MKLDNN=ON, USE_MPI=OFF, USE_NCCL=1, USE_NNPACK=ON, USE_OPENMP=ON, USE_ROCM=OFF, USE_ROCM_KERNEL_ASSERT=OFF, 

[03/19 00:25:18 detectron2]: Command line arguments: Namespace(config_file='configs/M2F/base_config_old.yaml', resume=False, num_gpus=1, num_machines=1, machine_rank=0, pretraining_augmentations=False, train_image_root='/mnt/data/mis2025/group_6/Data/graphene.v5-remove-small-falkes-and-blur-pictures.coco/train', train_annotation_path='/mnt/data/mis2025/group_6/Data/graphene.v5-remove-small-falkes-and-blur-pictures.coco/train/_annotations_rle_1class.coco.json', train_mode='normal', diffusion_train_image_root=None, diffusion_train_annotation_path=None, dist_url='auto', opts=['OUTPUT_DIR', '/mnt/data/mis2025/group_6/Parameter/trained_para/graphene_mid_finetune_remove_small_falkes', 'MODEL.WEIGHTS', '/mnt/data/mis2025/group_6/Parameter/pre_train_para/graphene_mid/model_final.pth'])
[03/19 00:25:18 detectron2]: Contents of args.config_file=configs/M2F/base_config_old.yaml:
[38;5;204mMODEL[39m[38;5;15m:[39m
[38;5;15m  [39m[38;5;204mMASK_ON[39m[38;5;15m:[39m[38;5;15m [39m[38;5;141mTrue[39m
[38;5;15m  [39m[38;5;204mPIXEL_MEAN[39m[38;5;15m:[39m
[38;5;15m    [39m[38;5;15m-[39m[38;5;15m [39m[38;5;141m107.0[39m
[38;5;15m    [39m[38;5;15m-[39m[38;5;15m [39m[38;5;141m148.0[39m
[38;5;15m    [39m[38;5;15m-[39m[38;5;15m [39m[38;5;141m85.0[39m
[38;5;15m  [39m[38;5;204mPIXEL_STD[39m[38;5;15m:[39m
[38;5;15m    [39m[38;5;15m-[39m[38;5;15m [39m[38;5;141m33.0[39m
[38;5;15m    [39m[38;5;15m-[39m[38;5;15m [39m[38;5;141m34.0[39m
[38;5;15m    [39m[38;5;15m-[39m[38;5;15m [39m[38;5;141m40.0[39m
[38;5;15m  [39m[38;5;245m# WEIGHTS: "detectron2://ImageNetPretrained/torchvision/R-50.pkl"[39m
[38;5;15m  [39m[38;5;204mWEIGHTS[39m[38;5;15m:[39m[38;5;15m [39m[38;5;186m"[39m[38;5;186m./models/segmentation_models/pretrained_M2F/model_final.pth[39m[38;5;186m"[39m[38;5;15m [39m[38;5;245m# You may need to change this path to point to your pretrained model[39m
[38;5;15m  [39m[38;5;204mMETA_ARCHITECTURE[39m[38;5;15m:[39m[38;5;15m [39m[38;5;186m"[39m[38;5;186mMaskFormer[39m[38;5;186m"[39m
[38;5;15m  [39m[38;5;204mSEM_SEG_HEAD[39m[38;5;15m:[39m
[38;5;15m    [39m[38;5;204mNAME[39m[38;5;15m:[39m[38;5;15m [39m[38;5;186m"[39m[38;5;186mMaskFormerHead[39m[38;5;186m"[39m
[38;5;15m    [39m[38;5;204mIGNORE_VALUE[39m[38;5;15m:[39m[38;5;15m [39m[38;5;141m255[39m
[38;5;15m    [39m[38;5;204mNUM_CLASSES[39m[38;5;15m:[39m[38;5;15m [39m[38;5;141m1[39m[38;5;15m [39m[38;5;245m# set to 1 for instance segmentation of only foreground[39m
[38;5;15m    [39m[38;5;204mLOSS_WEIGHT[39m[38;5;15m:[39m[38;5;15m [39m[38;5;141m1.0[39m
[38;5;15m    [39m[38;5;204mCONVS_DIM[39m[38;5;15m:[39m[38;5;15m [39m[38;5;141m256[39m
[38;5;15m    [39m[38;5;204mMASK_DIM[39m[38;5;15m:[39m[38;5;15m [39m[38;5;141m256[39m
[38;5;15m    [39m[38;5;204mNORM[39m[38;5;15m:[39m[38;5;15m [39m[38;5;186m"[39m[38;5;186mGN[39m[38;5;186m"[39m
[38;5;15m    [39m[38;5;245m# pixel decoder[39m
[38;5;15m    [39m[38;5;204mPIXEL_DECODER_NAME[39m[38;5;15m:[39m[38;5;15m [39m[38;5;186m"[39m[38;5;186mMSDeformAttnPixelDecoder[39m[38;5;186m"[39m
[38;5;15m    [39m[38;5;204mIN_FEATURES[39m[38;5;15m:[39m[38;5;15m [39m[38;5;15m[[39m[38;5;186m"[39m[38;5;186mres2[39m[38;5;186m"[39m[38;5;15m,[39m[38;5;15m [39m[38;5;186m"[39m[38;5;186mres3[39m[38;5;186m"[39m[38;5;15m,[39m[38;5;15m [39m[38;5;186m"[39m[38;5;186mres4[39m[38;5;186m"[39m[38;5;15m,[39m[38;5;15m [39m[38;5;186m"[39m[38;5;186mres5[39m[38;5;186m"[39m[38;5;15m][39m
[38;5;15m    [39m[38;5;204mDEFORMABLE_TRANSFORMER_ENCODER_IN_FEATURES[39m[38;5;15m:[39m[38;5;15m [39m[38;5;15m[[39m[38;5;186m"[39m[38;5;186mres3[39m[38;5;186m"[39m[38;5;15m,[39m[38;5;15m [39m[38;5;186m"[39m[38;5;186mres4[39m[38;5;186m"[39m[38;5;15m,[39m[38;5;15m [39m[38;5;186m"[39m[38;5;186mres5[39m[38;5;186m"[39m[38;5;15m][39m
[38;5;15m    [39m[38;5;204mCOMMON_STRIDE[39m[38;5;15m:[39m[38;5;15m [39m[38;5;141m4[39m
[38;5;15m    [39m[38;5;204mTRANSFORMER_ENC_LAYERS[39m[38;5;15m:[39m[38;5;15m [39m[38;5;141m6[39m
[38;5;15m  [39m[38;5;204mMASK_FORMER[39m[38;5;15m:[39m
[38;5;15m    [39m[38;5;204mTRANSFORMER_DECODER_NAME[39m[38;5;15m:[39m[38;5;15m [39m[38;5;186m"[39m[38;5;186mMultiScaleMaskedTransformerDecoder[39m[38;5;186m"[39m
[38;5;15m    [39m[38;5;204mTRANSFORMER_IN_FEATURE[39m[38;5;15m:[39m[38;5;15m [39m[38;5;186m"[39m[38;5;186mmulti_scale_pixel_decoder[39m[38;5;186m"[39m
[38;5;15m    [39m[38;5;204mDEEP_SUPERVISION[39m[38;5;15m:[39m[38;5;15m [39m[38;5;141mTrue[39m
[38;5;15m    [39m[38;5;204mNO_OBJECT_WEIGHT[39m[38;5;15m:[39m[38;5;15m [39m[38;5;141m0.1[39m
[38;5;15m    [39m[38;5;204mCLASS_WEIGHT[39m[38;5;15m:[39m[38;5;15m [39m[38;5;141m2.0[39m
[38;5;15m    [39m[38;5;204mMASK_WEIGHT[39m[38;5;15m:[39m[38;5;15m [39m[38;5;141m5.0[39m
[38;5;15m    [39m[38;5;204mDICE_WEIGHT[39m[38;5;15m:[39m[38;5;15m [39m[38;5;141m5.0[39m
[38;5;15m    [39m[38;5;204mHIDDEN_DIM[39m[38;5;15m:[39m[38;5;15m [39m[38;5;141m256[39m
[38;5;15m    [39m[38;5;204mNUM_OBJECT_QUERIES[39m[38;5;15m:[39m[38;5;15m [39m[38;5;141m100[39m
[38;5;15m    [39m[38;5;204mNHEADS[39m[38;5;15m:[39m[38;5;15m [39m[38;5;141m8[39m
[38;5;15m    [39m[38;5;204mDROPOUT[39m[38;5;15m:[39m[38;5;15m [39m[38;5;141m0.0[39m
[38;5;15m    [39m[38;5;204mDIM_FEEDFORWARD[39m[38;5;15m:[39m[38;5;15m [39m[38;5;141m2048[39m
[38;5;15m    [39m[38;5;204mENC_LAYERS[39m[38;5;15m:[39m[38;5;15m [39m[38;5;141m0[39m
[38;5;15m    [39m[38;5;204mPRE_NORM[39m[38;5;15m:[39m[38;5;15m [39m[38;5;141mFalse[39m
[38;5;15m    [39m[38;5;204mENFORCE_INPUT_PROJ[39m[38;5;15m:[39m[38;5;15m [39m[38;5;141mFalse[39m
[38;5;15m    [39m[38;5;204mSIZE_DIVISIBILITY[39m[38;5;15m:[39m[38;5;15m [39m[38;5;141m32[39m
[38;5;15m    [39m[38;5;204mDEC_LAYERS[39m[38;5;15m:[39m[38;5;15m [39m[38;5;141m10[39m[38;5;15m [39m[38;5;245m# 9 decoder layers, add one for the loss on learnable query[39m
[38;5;15m    [39m[38;5;204mTRAIN_NUM_POINTS[39m[38;5;15m:[39m[38;5;15m [39m[38;5;141m12544[39m
[38;5;15m    [39m[38;5;204mOVERSAMPLE_RATIO[39m[38;5;15m:[39m[38;5;15m [39m[38;5;141m3.0[39m
[38;5;15m    [39m[38;5;204mIMPORTANCE_SAMPLE_RATIO[39m[38;5;15m:[39m[38;5;15m [39m[38;5;141m0.75[39m
[38;5;15m    [39m[38;5;204mTEST[39m[38;5;15m:[39m
[38;5;15m      [39m[38;5;204mSEMANTIC_ON[39m[38;5;15m:[39m[38;5;15m [39m[38;5;141mFalse[39m
[38;5;15m      [39m[38;5;204mINSTANCE_ON[39m[38;5;15m:[39m[38;5;15m [39m[38;5;141mTrue[39m
[38;5;15m      [39m[38;5;204mPANOPTIC_ON[39m[38;5;15m:[39m[38;5;15m [39m[38;5;141mFalse[39m
[38;5;15m      [39m[38;5;204mOVERLAP_THRESHOLD[39m[38;5;15m:[39m[38;5;15m [39m[38;5;141m0.8[39m
[38;5;15m      [39m[38;5;204mOBJECT_MASK_THRESHOLD[39m[38;5;15m:[39m[38;5;15m [39m[38;5;141m0.8[39m
[38;5;15m  [39m[38;5;204mBACKBONE[39m[38;5;15m:[39m
[38;5;15m    [39m[38;5;204mFREEZE_AT[39m[38;5;15m:[39m[38;5;15m [39m[38;5;141m10[39m[38;5;15m [39m[38;5;245m# freeze the entire backbone[39m
[38;5;15m    [39m[38;5;204mNAME[39m[38;5;15m:[39m[38;5;15m [39m[38;5;186m"[39m[38;5;186mbuild_resnet_backbone[39m[38;5;186m"[39m
[38;5;15m  [39m[38;5;204mRESNETS[39m[38;5;15m:[39m
[38;5;15m    [39m[38;5;204mDEPTH[39m[38;5;15m:[39m[38;5;15m [39m[38;5;141m50[39m[38;5;15m  [39m
[38;5;15m    [39m[38;5;204mSTEM_OUT_CHANNELS[39m[38;5;15m:[39m[38;5;15m [39m[38;5;141m64[39m
[38;5;15m    [39m[38;5;204mSTRIDE_IN_1X1[39m[38;5;15m:[39m[38;5;15m [39m[38;5;141mFalse[39m
[38;5;15m    [39m[38;5;204mOUT_FEATURES[39m[38;5;15m:[39m[38;5;15m [39m[38;5;15m[[39m[38;5;186m"[39m[38;5;186mres2[39m[38;5;186m"[39m[38;5;15m,[39m[38;5;15m [39m[38;5;186m"[39m[38;5;186mres3[39m[38;5;186m"[39m[38;5;15m,[39m[38;5;15m [39m[38;5;186m"[39m[38;5;186mres4[39m[38;5;186m"[39m[38;5;15m,[39m[38;5;15m [39m[38;5;186m"[39m[38;5;186mres5[39m[38;5;186m"[39m[38;5;15m][39m
[38;5;204mSOLVER[39m[38;5;15m:[39m
[38;5;15m  [39m[38;5;204mIMS_PER_BATCH[39m[38;5;15m:[39m[38;5;15m [39m[38;5;141m16[39m
[38;5;15m [39m
[38;5;15m  [39m[38;5;245m#BASE_LR: 0.00001[39m
[38;5;15m  [39m[38;5;245m#MAX_ITER: 1000 #(500次迭代似乎不能使loss收敛，适当调大)[39m
[38;5;15m  [39m[38;5;245m#CHECKPOINT_PERIOD: 10000[39m
[38;5;15m  [39m[38;5;245m#WEIGHT_DECAY: 0.05[39m
[38;5;15m  [39m[38;5;245m#WARMUP_FACTOR: 1.0 # disable warmup[39m
[38;5;15m  [39m[38;5;245m#WARMUP_ITERS: 0[39m

[38;5;15m  [39m[38;5;245m# --- 学习率策略核心区 ---[39m
[38;5;15m  [39m[38;5;204mBASE_LR[39m[38;5;15m:[39m[38;5;15m [39m[38;5;141m0.00005[39m[38;5;15m  [39m[38;5;245m# 初始学习率可以稍微大一点，因为后面会自动下降[39m
[38;5;15m  [39m[38;5;204mMAX_ITER[39m[38;5;15m:[39m[38;5;15m [39m[38;5;141m20000[39m[38;5;15m   [39m[38;5;245m# 大大增加总训练迭代次数，给模型充分学习的时间[39m

[38;5;15m  [39m[38;5;204mLR_SCHEDULER_NAME[39m[38;5;15m:[39m[38;5;15m [39m[38;5;186m"[39m[38;5;186mWarmupCosineLR[39m[38;5;186m"[39m

[38;5;15m  [39m[38;5;204mWARMUP_ITERS[39m[38;5;15m:[39m[38;5;15m [39m[38;5;141m500[39m[38;5;15m     [39m[38;5;245m# 在前500次迭代中进行“热身”[39m
[38;5;15m  [39m[38;5;204mWARMUP_FACTOR[39m[38;5;15m:[39m[38;5;15m [39m[38;5;141m0.001[39m[38;5;15m [39m[38;5;245m# 热身从一个很小的值开始[39m
[38;5;15m  [39m[38;5;204mWARMUP_METHOD[39m[38;5;15m:[39m[38;5;15m [39m[38;5;186m"[39m[38;5;186mlinear[39m[38;5;186m"[39m
[38;5;15m  [39m[38;5;245m# --- 学习率策略结束 ---[39m
[38;5;15m  [39m[38;5;204mCHECKPOINT_PERIOD[39m[38;5;15m:[39m[38;5;15m [39m[38;5;141m5000[39m[38;5;15m [39m[38;5;245m# 可以设一个检查点，比如每5000次保存一下模型，以防中断[39m
[38;5;15m  [39m[38;5;204mWEIGHT_DECAY[39m[38;5;15m:[39m[38;5;15m [39m[38;5;141m0.05[39m
[38;5;15m  [39m[38;5;204mOPTIMIZER[39m[38;5;15m:[39m[38;5;15m [39m[38;5;186m"[39m[38;5;186mADAMW[39m[38;5;186m"[39m
[38;5;15m  [39m[38;5;204mCLIP_GRADIENTS[39m[38;5;15m:[39m
[38;5;15m    [39m[38;5;204mENABLED[39m[38;5;15m:[39m[38;5;15m [39m[38;5;141mTrue[39m
[38;5;15m    [39m[38;5;204mCLIP_TYPE[39m[38;5;15m:[39m[38;5;15m [39m[38;5;186m"[39m[38;5;186mfull_model[39m[38;5;186m"[39m
[38;5;15m    [39m[38;5;204mCLIP_VALUE[39m[38;5;15m:[39m[38;5;15m [39m[38;5;141m0.01[39m
[38;5;15m    [39m[38;5;204mNORM_TYPE[39m[38;5;15m:[39m[38;5;15m [39m[38;5;141m2.0[39m
[38;5;15m  [39m[38;5;204mAMP[39m[38;5;15m:[39m
[38;5;15m    [39m[38;5;204mENABLED[39m[38;5;15m:[39m[38;5;15m [39m[38;5;141mFalse[39m[38;5;15m [39m[38;5;245m# 如果你的GPU支持，可以设为True来加速训练[39m
[38;5;15m  [39m
[38;5;15m  [39m[38;5;245m#OPTIMIZER: "ADAMW"[39m
[38;5;15m  [39m[38;5;245m#CLIP_GRADIENTS:[39m
[38;5;15m    [39m[38;5;245m#ENABLED: True[39m
[38;5;15m    [39m[38;5;245m#CLIP_TYPE: "full_model"[39m
[38;5;15m    [39m[38;5;245m#CLIP_VALUE: 0.01[39m
[38;5;15m    [39m[38;5;245m#NORM_TYPE: 2.0[39m
[38;5;15m  [39m[38;5;245m#AMP:[39m
[38;5;15m    [39m[38;5;245m#ENABLED: False[39m
[38;5;204mTEST[39m[38;5;15m:[39m
[38;5;15m  [39m[38;5;204mEVAL_PERIOD[39m[38;5;15m:[39m[38;5;15m [39m[38;5;141m50000[39m[38;5;15m [39m[38;5;245m# dont evaluate during training[39m
[38;5;204mDATALOADER[39m[38;5;15m:[39m
[38;5;15m  [39m[38;5;204mFILTER_EMPTY_ANNOTATIONS[39m[38;5;15m:[39m[38;5;15m [39m[38;5;141mFalse[39m
[38;5;15m  [39m[38;5;204mNUM_WORKERS[39m[38;5;15m:[39m[38;5;15m [39m[38;5;141m6[39m
[38;5;204mINPUT[39m[38;5;15m:[39m
[38;5;15m  [39m[38;5;204mSIZE_DIVISIBILITY[39m[38;5;15m:[39m[38;5;15m [39m[38;5;141m-1[39m
[38;5;15m  [39m[38;5;204mMASK_FORMAT[39m[38;5;15m:[39m[38;5;15m [39m[38;5;186m"[39m[38;5;186mbitmask[39m[38;5;186m"[39m
[38;5;15m  [39m[38;5;204mMIN_SIZE_TEST[39m[38;5;15m:[39m[38;5;15m [39m[38;5;141m0[39m[38;5;15m [39m[38;5;245m# disable resizing during testing[39m
[38;5;15m  [39m[38;5;204mFORMAT[39m[38;5;15m:[39m[38;5;15m [39m[38;5;186m"[39m[38;5;186mBGR[39m[38;5;186m"[39m
[38;5;15m  [39m[38;5;204mCROP[39m[38;5;15m:[39m
[38;5;15m    [39m[38;5;204mENABLED[39m[38;5;15m:[39m[38;5;15m [39m[38;5;141mfalse[39m
[38;5;204mSEED[39m[38;5;15m:[39m[38;5;15m [39m[38;5;141m42[39m
[38;5;204mVERSION[39m[38;5;15m:[39m[38;5;15m [39m[38;5;141m2[39m
[38;5;204mDATASETS[39m[38;5;15m:[39m
[38;5;15m  [39m[38;5;204mTRAIN[39m[38;5;15m:[39m[38;5;15m [39m[38;5;141m("Maskterial_Dataset",)[39m

[03/19 00:25:18 detectron2]: Running with full config:
[38;5;204mCUDNN_BENCHMARK[39m[38;5;15m:[39m[38;5;15m [39m[38;5;141mfalse[39m
[38;5;204mDATALOADER[39m[38;5;15m:[39m
[38;5;15m  [39m[38;5;204mASPECT_RATIO_GROUPING[39m[38;5;15m:[39m[38;5;15m [39m[38;5;141mtrue[39m
[38;5;15m  [39m[38;5;204mFILTER_EMPTY_ANNOTATIONS[39m[38;5;15m:[39m[38;5;15m [39m[38;5;141mfalse[39m
[38;5;15m  [39m[38;5;204mNUM_WORKERS[39m[38;5;15m:[39m[38;5;15m [39m[38;5;141m6[39m
[38;5;15m  [39m[38;5;204mREPEAT_SQRT[39m[38;5;15m:[39m[38;5;15m [39m[38;5;141mtrue[39m
[38;5;15m  [39m[38;5;204mREPEAT_THRESHOLD[39m[38;5;15m:[39m[38;5;15m [39m[38;5;141m0.0[39m
[38;5;15m  [39m[38;5;204mSAMPLER_TRAIN[39m[38;5;15m:[39m[38;5;15m [39m[38;5;141mTrainingSampler[39m
[38;5;204mDATASETS[39m[38;5;15m:[39m
[38;5;15m  [39m[38;5;204mPRECOMPUTED_PROPOSAL_TOPK_TEST[39m[38;5;15m:[39m[38;5;15m [39m[38;5;141m1000[39m
[38;5;15m  [39m[38;5;204mPRECOMPUTED_PROPOSAL_TOPK_TRAIN[39m[38;5;15m:[39m[38;5;15m [39m[38;5;141m2000[39m
[38;5;15m  [39m[38;5;204mPROPOSAL_FILES_TEST[39m[38;5;15m:[39m[38;5;15m [39m[38;5;15m[[39m[38;5;15m][39m
[38;5;15m  [39m[38;5;204mPROPOSAL_FILES_TRAIN[39m[38;5;15m:[39m[38;5;15m [39m[38;5;15m[[39m[38;5;15m][39m
[38;5;15m  [39m[38;5;204mTEST[39m[38;5;15m:[39m[38;5;15m [39m[38;5;15m[[39m[38;5;15m][39m
[38;5;15m  [39m[38;5;204mTRAIN[39m[38;5;15m:[39m
[38;5;15m  [39m[38;5;15m-[39m[38;5;15m [39m[38;5;141mMaskterial_Dataset[39m
[38;5;204mFLOAT32_PRECISION[39m[38;5;15m:[39m[38;5;15m [39m[38;5;186m'[39m[38;5;186m'[39m
[38;5;204mGLOBAL[39m[38;5;15m:[39m
[38;5;15m  [39m[38;5;204mHACK[39m[38;5;15m:[39m[38;5;15m [39m[38;5;141m1.0[39m
[38;5;204mINPUT[39m[38;5;15m:[39m
[38;5;15m  [39m[38;5;204mCROP[39m[38;5;15m:[39m
[38;5;15m    [39m[38;5;204mENABLED[39m[38;5;15m:[39m[38;5;15m [39m[38;5;141mfalse[39m
[38;5;15m    [39m[38;5;204mSINGLE_CATEGORY_MAX_AREA[39m[38;5;15m:[39m[38;5;15m [39m[38;5;141m1.0[39m
[38;5;15m    [39m[38;5;204mSIZE[39m[38;5;15m:[39m
[38;5;15m    [39m[38;5;15m-[39m[38;5;15m [39m[38;5;141m0.9[39m
[38;5;15m    [39m[38;5;15m-[39m[38;5;15m [39m[38;5;141m0.9[39m
[38;5;15m    [39m[38;5;204mTYPE[39m[38;5;15m:[39m[38;5;15m [39m[38;5;141mrelative_range[39m
[38;5;15m  [39m[38;5;204mFORMAT[39m[38;5;15m:[39m[38;5;15m [39m[38;5;141mBGR[39m
[38;5;15m  [39m[38;5;204mMASK_FORMAT[39m[38;5;15m:[39m[38;5;15m [39m[38;5;141mbitmask[39m
[38;5;15m  [39m[38;5;204mMAX_SIZE_TEST[39m[38;5;15m:[39m[38;5;15m [39m[38;5;141m1333[39m
[38;5;15m  [39m[38;5;204mMAX_SIZE_TRAIN[39m[38;5;15m:[39m[38;5;15m [39m[38;5;141m1333[39m
[38;5;15m  [39m[38;5;204mMIN_SIZE_TEST[39m[38;5;15m:[39m[38;5;15m [39m[38;5;141m0[39m
[38;5;15m  [39m[38;5;204mMIN_SIZE_TRAIN[39m[38;5;15m:[39m
[38;5;15m  [39m[38;5;15m-[39m[38;5;15m [39m[38;5;141m800[39m
[38;5;15m  [39m[38;5;204mMIN_SIZE_TRAIN_SAMPLING[39m[38;5;15m:[39m[38;5;15m [39m[38;5;141mchoice[39m
[38;5;15m  [39m[38;5;204mRANDOM_FLIP[39m[38;5;15m:[39m[38;5;15m [39m[38;5;141mhorizontal[39m
[38;5;15m  [39m[38;5;204mSIZE_DIVISIBILITY[39m[38;5;15m:[39m[38;5;15m [39m[38;5;141m-1[39m
[38;5;204mMODEL[39m[38;5;15m:[39m
[38;5;15m  [39m[38;5;204mANCHOR_GENERATOR[39m[38;5;15m:[39m
[38;5;15m    [39m[38;5;204mANGLES[39m[38;5;15m:[39m
[38;5;15m    [39m[38;5;15m-[39m[38;5;15m [39m[38;5;15m-[39m[38;5;15m [39m[38;5;141m-90[39m
[38;5;15m      [39m[38;5;15m-[39m[38;5;15m [39m[38;5;141m0[39m
[38;5;15m      [39m[38;5;15m-[39m[38;5;15m [39m[38;5;141m90[39m
[38;5;15m    [39m[38;5;204mASPECT_RATIOS[39m[38;5;15m:[39m
[38;5;15m    [39m[38;5;15m-[39m[38;5;15m [39m[38;5;15m-[39m[38;5;15m [39m[38;5;141m0.5[39m
[38;5;15m      [39m[38;5;15m-[39m[38;5;15m [39m[38;5;141m1.0[39m
[38;5;15m      [39m[38;5;15m-[39m[38;5;15m [39m[38;5;141m2.0[39m
[38;5;15m    [39m[38;5;204mNAME[39m[38;5;15m:[39m[38;5;15m [39m[38;5;141mDefaultAnchorGenerator[39m
[38;5;15m    [39m[38;5;204mOFFSET[39m[38;5;15m:[39m[38;5;15m [39m[38;5;141m0.0[39m
[38;5;15m    [39m[38;5;204mSIZES[39m[38;5;15m:[39m
[38;5;15m    [39m[38;5;15m-[39m[38;5;15m [39m[38;5;15m-[39m[38;5;15m [39m[38;5;141m32[39m
[38;5;15m      [39m[38;5;15m-[39m[38;5;15m [39m[38;5;141m64[39m
[38;5;15m      [39m[38;5;15m-[39m[38;5;15m [39m[38;5;141m128[39m
[38;5;15m      [39m[38;5;15m-[39m[38;5;15m [39m[38;5;141m256[39m
[38;5;15m      [39m[38;5;15m-[39m[38;5;15m [39m[38;5;141m512[39m
[38;5;15m  [39m[38;5;204mBACKBONE[39m[38;5;15m:[39m
[38;5;15m    [39m[38;5;204mFREEZE_AT[39m[38;5;15m:[39m[38;5;15m [39m[38;5;141m10[39m
[38;5;15m    [39m[38;5;204mNAME[39m[38;5;15m:[39m[38;5;15m [39m[38;5;141mbuild_resnet_backbone[39m
[38;5;15m  [39m[38;5;204mDEVICE[39m[38;5;15m:[39m[38;5;15m [39m[38;5;141mcuda[39m
[38;5;15m  [39m[38;5;204mFPN[39m[38;5;15m:[39m
[38;5;15m    [39m[38;5;204mFUSE_TYPE[39m[38;5;15m:[39m[38;5;15m [39m[38;5;141msum[39m
[38;5;15m    [39m[38;5;204mIN_FEATURES[39m[38;5;15m:[39m[38;5;15m [39m[38;5;15m[[39m[38;5;15m][39m
[38;5;15m    [39m[38;5;204mNORM[39m[38;5;15m:[39m[38;5;15m [39m[38;5;186m'[39m[38;5;186m'[39m
[38;5;15m    [39m[38;5;204mOUT_CHANNELS[39m[38;5;15m:[39m[38;5;15m [39m[38;5;141m256[39m
[38;5;15m  [39m[38;5;204mKEYPOINT_ON[39m[38;5;15m:[39m[38;5;15m [39m[38;5;141mfalse[39m
[38;5;15m  [39m[38;5;204mLOAD_PROPOSALS[39m[38;5;15m:[39m[38;5;15m [39m[38;5;141mfalse[39m
[38;5;15m  [39m[38;5;204mMASK_FORMER[39m[38;5;15m:[39m
[38;5;15m    [39m[38;5;204mCLASS_WEIGHT[39m[38;5;15m:[39m[38;5;15m [39m[38;5;141m2.0[39m
[38;5;15m    [39m[38;5;204mDEC_LAYERS[39m[38;5;15m:[39m[38;5;15m [39m[38;5;141m10[39m
[38;5;15m    [39m[38;5;204mDEEP_SUPERVISION[39m[38;5;15m:[39m[38;5;15m [39m[38;5;141mtrue[39m
[38;5;15m    [39m[38;5;204mDICE_WEIGHT[39m[38;5;15m:[39m[38;5;15m [39m[38;5;141m5.0[39m
[38;5;15m    [39m[38;5;204mDIM_FEEDFORWARD[39m[38;5;15m:[39m[38;5;15m [39m[38;5;141m2048[39m
[38;5;15m    [39m[38;5;204mDROPOUT[39m[38;5;15m:[39m[38;5;15m [39m[38;5;141m0.0[39m
[38;5;15m    [39m[38;5;204mENC_LAYERS[39m[38;5;15m:[39m[38;5;15m [39m[38;5;141m0[39m
[38;5;15m    [39m[38;5;204mENFORCE_INPUT_PROJ[39m[38;5;15m:[39m[38;5;15m [39m[38;5;141mfalse[39m
[38;5;15m    [39m[38;5;204mHIDDEN_DIM[39m[38;5;15m:[39m[38;5;15m [39m[38;5;141m256[39m
[38;5;15m    [39m[38;5;204mIMPORTANCE_SAMPLE_RATIO[39m[38;5;15m:[39m[38;5;15m [39m[38;5;141m0.75[39m
[38;5;15m    [39m[38;5;204mMASK_WEIGHT[39m[38;5;15m:[39m[38;5;15m [39m[38;5;141m5.0[39m
[38;5;15m    [39m[38;5;204mNHEADS[39m[38;5;15m:[39m[38;5;15m [39m[38;5;141m8[39m
[38;5;15m    [39m[38;5;204mNO_OBJECT_WEIGHT[39m[38;5;15m:[39m[38;5;15m [39m[38;5;141m0.1[39m
[38;5;15m    [39m[38;5;204mNUM_OBJECT_QUERIES[39m[38;5;15m:[39m[38;5;15m [39m[38;5;141m100[39m
[38;5;15m    [39m[38;5;204mOVERSAMPLE_RATIO[39m[38;5;15m:[39m[38;5;15m [39m[38;5;141m3.0[39m
[38;5;15m    [39m[38;5;204mPRE_NORM[39m[38;5;15m:[39m[38;5;15m [39m[38;5;141mfalse[39m
[38;5;15m    [39m[38;5;204mSIZE_DIVISIBILITY[39m[38;5;15m:[39m[38;5;15m [39m[38;5;141m32[39m
[38;5;15m    [39m[38;5;204mTEST[39m[38;5;15m:[39m
[38;5;15m      [39m[38;5;204mINSTANCE_ON[39m[38;5;15m:[39m[38;5;15m [39m[38;5;141mtrue[39m
[38;5;15m      [39m[38;5;204mOBJECT_MASK_THRESHOLD[39m[38;5;15m:[39m[38;5;15m [39m[38;5;141m0.8[39m
[38;5;15m      [39m[38;5;204mOVERLAP_THRESHOLD[39m[38;5;15m:[39m[38;5;15m [39m[38;5;141m0.8[39m
[38;5;15m      [39m[38;5;204mPANOPTIC_ON[39m[38;5;15m:[39m[38;5;15m [39m[38;5;141mfalse[39m
[38;5;15m      [39m[38;5;204mSEMANTIC_ON[39m[38;5;15m:[39m[38;5;15m [39m[38;5;141mfalse[39m
[38;5;15m      [39m[38;5;204mSEM_SEG_POSTPROCESSING_BEFORE_INFERENCE[39m[38;5;15m:[39m[38;5;15m [39m[38;5;141mfalse[39m
[38;5;15m    [39m[38;5;204mTRAIN_NUM_POINTS[39m[38;5;15m:[39m[38;5;15m [39m[38;5;141m12544[39m
[38;5;15m    [39m[38;5;204mTRANSFORMER_DECODER_NAME[39m[38;5;15m:[39m[38;5;15m [39m[38;5;141mMultiScaleMaskedTransformerDecoder[39m
[38;5;15m    [39m[38;5;204mTRANSFORMER_IN_FEATURE[39m[38;5;15m:[39m[38;5;15m [39m[38;5;141mmulti_scale_pixel_decoder[39m
[38;5;15m  [39m[38;5;204mMASK_ON[39m[38;5;15m:[39m[38;5;15m [39m[38;5;141mtrue[39m
[38;5;15m  [39m[38;5;204mMETA_ARCHITECTURE[39m[38;5;15m:[39m[38;5;15m [39m[38;5;141mMaskFormer[39m
[38;5;15m  [39m[38;5;204mPANOPTIC_FPN[39m[38;5;15m:[39m
[38;5;15m    [39m[38;5;204mCOMBINE[39m[38;5;15m:[39m
[38;5;15m      [39m[38;5;204mENABLED[39m[38;5;15m:[39m[38;5;15m [39m[38;5;141mtrue[39m
[38;5;15m      [39m[38;5;204mINSTANCES_CONFIDENCE_THRESH[39m[38;5;15m:[39m[38;5;15m [39m[38;5;141m0.5[39m
[38;5;15m      [39m[38;5;204mOVERLAP_THRESH[39m[38;5;15m:[39m[38;5;15m [39m[38;5;141m0.5[39m
[38;5;15m      [39m[38;5;204mSTUFF_AREA_LIMIT[39m[38;5;15m:[39m[38;5;15m [39m[38;5;141m4096[39m
[38;5;15m    [39m[38;5;204mINSTANCE_LOSS_WEIGHT[39m[38;5;15m:[39m[38;5;15m [39m[38;5;141m1.0[39m
[38;5;15m  [39m[38;5;204mPIXEL_MEAN[39m[38;5;15m:[39m
[38;5;15m  [39m[38;5;15m-[39m[38;5;15m [39m[38;5;141m107.0[39m
[38;5;15m  [39m[38;5;15m-[39m[38;5;15m [39m[38;5;141m148.0[39m
[38;5;15m  [39m[38;5;15m-[39m[38;5;15m [39m[38;5;141m85.0[39m
[38;5;15m  [39m[38;5;204mPIXEL_STD[39m[38;5;15m:[39m
[38;5;15m  [39m[38;5;15m-[39m[38;5;15m [39m[38;5;141m33.0[39m
[38;5;15m  [39m[38;5;15m-[39m[38;5;15m [39m[38;5;141m34.0[39m
[38;5;15m  [39m[38;5;15m-[39m[38;5;15m [39m[38;5;141m40.0[39m
[38;5;15m  [39m[38;5;204mPROPOSAL_GENERATOR[39m[38;5;15m:[39m
[38;5;15m    [39m[38;5;204mMIN_SIZE[39m[38;5;15m:[39m[38;5;15m [39m[38;5;141m0[39m
[38;5;15m    [39m[38;5;204mNAME[39m[38;5;15m:[39m[38;5;15m [39m[38;5;141mRPN[39m
[38;5;15m  [39m[38;5;204mRESNETS[39m[38;5;15m:[39m
[38;5;15m    [39m[38;5;204mDEFORM_MODULATED[39m[38;5;15m:[39m[38;5;15m [39m[38;5;141mfalse[39m
[38;5;15m    [39m[38;5;204mDEFORM_NUM_GROUPS[39m[38;5;15m:[39m[38;5;15m [39m[38;5;141m1[39m
[38;5;15m    [39m[38;5;204mDEFORM_ON_PER_STAGE[39m[38;5;15m:[39m
[38;5;15m    [39m[38;5;15m-[39m[38;5;15m [39m[38;5;141mfalse[39m
[38;5;15m    [39m[38;5;15m-[39m[38;5;15m [39m[38;5;141mfalse[39m
[38;5;15m    [39m[38;5;15m-[39m[38;5;15m [39m[38;5;141mfalse[39m
[38;5;15m    [39m[38;5;15m-[39m[38;5;15m [39m[38;5;141mfalse[39m
[38;5;15m    [39m[38;5;204mDEPTH[39m[38;5;15m:[39m[38;5;15m [39m[38;5;141m50[39m
[38;5;15m    [39m[38;5;204mNORM[39m[38;5;15m:[39m[38;5;15m [39m[38;5;141mFrozenBN[39m
[38;5;15m    [39m[38;5;204mNUM_GROUPS[39m[38;5;15m:[39m[38;5;15m [39m[38;5;141m1[39m
[38;5;15m    [39m[38;5;204mOUT_FEATURES[39m[38;5;15m:[39m
[38;5;15m    [39m[38;5;15m-[39m[38;5;15m [39m[38;5;141mres2[39m
[38;5;15m    [39m[38;5;15m-[39m[38;5;15m [39m[38;5;141mres3[39m
[38;5;15m    [39m[38;5;15m-[39m[38;5;15m [39m[38;5;141mres4[39m
[38;5;15m    [39m[38;5;15m-[39m[38;5;15m [39m[38;5;141mres5[39m
[38;5;15m    [39m[38;5;204mRES2_OUT_CHANNELS[39m[38;5;15m:[39m[38;5;15m [39m[38;5;141m256[39m
[38;5;15m    [39m[38;5;204mRES4_DILATION[39m[38;5;15m:[39m[38;5;15m [39m[38;5;141m1[39m
[38;5;15m    [39m[38;5;204mRES5_DILATION[39m[38;5;15m:[39m[38;5;15m [39m[38;5;141m1[39m
[38;5;15m    [39m[38;5;204mRES5_MULTI_GRID[39m[38;5;15m:[39m
[38;5;15m    [39m[38;5;15m-[39m[38;5;15m [39m[38;5;141m1[39m
[38;5;15m    [39m[38;5;15m-[39m[38;5;15m [39m[38;5;141m2[39m
[38;5;15m    [39m[38;5;15m-[39m[38;5;15m [39m[38;5;141m4[39m
[38;5;15m    [39m[38;5;204mSTEM_OUT_CHANNELS[39m[38;5;15m:[39m[38;5;15m [39m[38;5;141m64[39m
[38;5;15m    [39m[38;5;204mSTEM_TYPE[39m[38;5;15m:[39m[38;5;15m [39m[38;5;141mdeeplab[39m
[38;5;15m    [39m[38;5;204mSTRIDE_IN_1X1[39m[38;5;15m:[39m[38;5;15m [39m[38;5;141mfalse[39m
[38;5;15m    [39m[38;5;204mWIDTH_PER_GROUP[39m[38;5;15m:[39m[38;5;15m [39m[38;5;141m64[39m
[38;5;15m  [39m[38;5;204mRETINANET[39m[38;5;15m:[39m
[38;5;15m    [39m[38;5;204mBBOX_REG_LOSS_TYPE[39m[38;5;15m:[39m[38;5;15m [39m[38;5;141msmooth_l1[39m
[38;5;15m    [39m[38;5;204mBBOX_REG_WEIGHTS[39m[38;5;15m:[39m[38;5;15m [39m[38;5;15m&id002[39m
[38;5;15m    [39m[38;5;15m-[39m[38;5;15m [39m[38;5;141m1.0[39m
[38;5;15m    [39m[38;5;15m-[39m[38;5;15m [39m[38;5;141m1.0[39m
[38;5;15m    [39m[38;5;15m-[39m[38;5;15m [39m[38;5;141m1.0[39m
[38;5;15m    [39m[38;5;15m-[39m[38;5;15m [39m[38;5;141m1.0[39m
[38;5;15m    [39m[38;5;204mFOCAL_LOSS_ALPHA[39m[38;5;15m:[39m[38;5;15m [39m[38;5;141m0.25[39m
[38;5;15m    [39m[38;5;204mFOCAL_LOSS_GAMMA[39m[38;5;15m:[39m[38;5;15m [39m[38;5;141m2.0[39m
[38;5;15m    [39m[38;5;204mIN_FEATURES[39m[38;5;15m:[39m
[38;5;15m    [39m[38;5;15m-[39m[38;5;15m [39m[38;5;141mp3[39m
[38;5;15m    [39m[38;5;15m-[39m[38;5;15m [39m[38;5;141mp4[39m
[38;5;15m    [39m[38;5;15m-[39m[38;5;15m [39m[38;5;141mp5[39m
[38;5;15m    [39m[38;5;15m-[39m[38;5;15m [39m[38;5;141mp6[39m
[38;5;15m    [39m[38;5;15m-[39m[38;5;15m [39m[38;5;141mp7[39m
[38;5;15m    [39m[38;5;204mIOU_LABELS[39m[38;5;15m:[39m
[38;5;15m    [39m[38;5;15m-[39m[38;5;15m [39m[38;5;141m0[39m
[38;5;15m    [39m[38;5;15m-[39m[38;5;15m [39m[38;5;141m-1[39m
[38;5;15m    [39m[38;5;15m-[39m[38;5;15m [39m[38;5;141m1[39m
[38;5;15m    [39m[38;5;204mIOU_THRESHOLDS[39m[38;5;15m:[39m
[38;5;15m    [39m[38;5;15m-[39m[38;5;15m [39m[38;5;141m0.4[39m
[38;5;15m    [39m[38;5;15m-[39m[38;5;15m [39m[38;5;141m0.5[39m
[38;5;15m    [39m[38;5;204mNMS_THRESH_TEST[39m[38;5;15m:[39m[38;5;15m [39m[38;5;141m0.5[39m
[38;5;15m    [39m[38;5;204mNORM[39m[38;5;15m:[39m[38;5;15m [39m[38;5;186m'[39m[38;5;186m'[39m
[38;5;15m    [39m[38;5;204mNUM_CLASSES[39m[38;5;15m:[39m[38;5;15m [39m[38;5;141m80[39m
[38;5;15m    [39m[38;5;204mNUM_CONVS[39m[38;5;15m:[39m[38;5;15m [39m[38;5;141m4[39m
[38;5;15m    [39m[38;5;204mPRIOR_PROB[39m[38;5;15m:[39m[38;5;15m [39m[38;5;141m0.01[39m
[38;5;15m    [39m[38;5;204mSCORE_THRESH_TEST[39m[38;5;15m:[39m[38;5;15m [39m[38;5;141m0.05[39m
[38;5;15m    [39m[38;5;204mSMOOTH_L1_LOSS_BETA[39m[38;5;15m:[39m[38;5;15m [39m[38;5;141m0.1[39m
[38;5;15m    [39m[38;5;204mTOPK_CANDIDATES_TEST[39m[38;5;15m:[39m[38;5;15m [39m[38;5;141m1000[39m
[38;5;15m  [39m[38;5;204mROI_BOX_CASCADE_HEAD[39m[38;5;15m:[39m
[38;5;15m    [39m[38;5;204mBBOX_REG_WEIGHTS[39m[38;5;15m:[39m
[38;5;15m    [39m[38;5;15m-[39m[38;5;15m [39m[38;5;15m&id001[39m
[38;5;15m      [39m[38;5;15m-[39m[38;5;15m [39m[38;5;141m10.0[39m
[38;5;15m      [39m[38;5;15m-[39m[38;5;15m [39m[38;5;141m10.0[39m
[38;5;15m      [39m[38;5;15m-[39m[38;5;15m [39m[38;5;141m5.0[39m
[38;5;15m      [39m[38;5;15m-[39m[38;5;15m [39m[38;5;141m5.0[39m
[38;5;15m    [39m[38;5;15m-[39m[38;5;15m [39m[38;5;15m-[39m[38;5;15m [39m[38;5;141m20.0[39m
[38;5;15m      [39m[38;5;15m-[39m[38;5;15m [39m[38;5;141m20.0[39m
[38;5;15m      [39m[38;5;15m-[39m[38;5;15m [39m[38;5;141m10.0[39m
[38;5;15m      [39m[38;5;15m-[39m[38;5;15m [39m[38;5;141m10.0[39m
[38;5;15m    [39m[38;5;15m-[39m[38;5;15m [39m[38;5;15m-[39m[38;5;15m [39m[38;5;141m30.0[39m
[38;5;15m      [39m[38;5;15m-[39m[38;5;15m [39m[38;5;141m30.0[39m
[38;5;15m      [39m[38;5;15m-[39m[38;5;15m [39m[38;5;141m15.0[39m
[38;5;15m      [39m[38;5;15m-[39m[38;5;15m [39m[38;5;141m15.0[39m
[38;5;15m    [39m[38;5;204mIOUS[39m[38;5;15m:[39m
[38;5;15m    [39m[38;5;15m-[39m[38;5;15m [39m[38;5;141m0.5[39m
[38;5;15m    [39m[38;5;15m-[39m[38;5;15m [39m[38;5;141m0.6[39m
[38;5;15m    [39m[38;5;15m-[39m[38;5;15m [39m[38;5;141m0.7[39m
[38;5;15m  [39m[38;5;204mROI_BOX_HEAD[39m[38;5;15m:[39m
[38;5;15m    [39m[38;5;204mBBOX_REG_LOSS_TYPE[39m[38;5;15m:[39m[38;5;15m [39m[38;5;141msmooth_l1[39m
[38;5;15m    [39m[38;5;204mBBOX_REG_LOSS_WEIGHT[39m[38;5;15m:[39m[38;5;15m [39m[38;5;141m1.0[39m
[38;5;15m    [39m[38;5;204mBBOX_REG_WEIGHTS[39m[38;5;15m:[39m[38;5;15m [39m[38;5;15m*id001[39m
[38;5;15m    [39m[38;5;204mCLS_AGNOSTIC_BBOX_REG[39m[38;5;15m:[39m[38;5;15m [39m[38;5;141mfalse[39m
[38;5;15m    [39m[38;5;204mCONV_DIM[39m[38;5;15m:[39m[38;5;15m [39m[38;5;141m256[39m
[38;5;15m    [39m[38;5;204mFC_DIM[39m[38;5;15m:[39m[38;5;15m [39m[38;5;141m1024[39m
[38;5;15m    [39m[38;5;204mFED_LOSS_FREQ_WEIGHT_POWER[39m[38;5;15m:[39m[38;5;15m [39m[38;5;141m0.5[39m
[38;5;15m    [39m[38;5;204mFED_LOSS_NUM_CLASSES[39m[38;5;15m:[39m[38;5;15m [39m[38;5;141m50[39m
[38;5;15m    [39m[38;5;204mNAME[39m[38;5;15m:[39m[38;5;15m [39m[38;5;186m'[39m[38;5;186m'[39m
[38;5;15m    [39m[38;5;204mNORM[39m[38;5;15m:[39m[38;5;15m [39m[38;5;186m'[39m[38;5;186m'[39m
[38;5;15m    [39m[38;5;204mNUM_CONV[39m[38;5;15m:[39m[38;5;15m [39m[38;5;141m0[39m
[38;5;15m    [39m[38;5;204mNUM_FC[39m[38;5;15m:[39m[38;5;15m [39m[38;5;141m0[39m
[38;5;15m    [39m[38;5;204mPOOLER_RESOLUTION[39m[38;5;15m:[39m[38;5;15m [39m[38;5;141m14[39m
[38;5;15m    [39m[38;5;204mPOOLER_SAMPLING_RATIO[39m[38;5;15m:[39m[38;5;15m [39m[38;5;141m0[39m
[38;5;15m    [39m[38;5;204mPOOLER_TYPE[39m[38;5;15m:[39m[38;5;15m [39m[38;5;141mROIAlignV2[39m
[38;5;15m    [39m[38;5;204mSMOOTH_L1_BETA[39m[38;5;15m:[39m[38;5;15m [39m[38;5;141m0.0[39m
[38;5;15m    [39m[38;5;204mTRAIN_ON_PRED_BOXES[39m[38;5;15m:[39m[38;5;15m [39m[38;5;141mfalse[39m
[38;5;15m    [39m[38;5;204mUSE_FED_LOSS[39m[38;5;15m:[39m[38;5;15m [39m[38;5;141mfalse[39m
[38;5;15m    [39m[38;5;204mUSE_SIGMOID_CE[39m[38;5;15m:[39m[38;5;15m [39m[38;5;141mfalse[39m
[38;5;15m  [39m[38;5;204mROI_HEADS[39m[38;5;15m:[39m
[38;5;15m    [39m[38;5;204mBATCH_SIZE_PER_IMAGE[39m[38;5;15m:[39m[38;5;15m [39m[38;5;141m512[39m
[38;5;15m    [39m[38;5;204mIN_FEATURES[39m[38;5;15m:[39m
[38;5;15m    [39m[38;5;15m-[39m[38;5;15m [39m[38;5;141mres4[39m
[38;5;15m    [39m[38;5;204mIOU_LABELS[39m[38;5;15m:[39m
[38;5;15m    [39m[38;5;15m-[39m[38;5;15m [39m[38;5;141m0[39m
[38;5;15m    [39m[38;5;15m-[39m[38;5;15m [39m[38;5;141m1[39m
[38;5;15m    [39m[38;5;204mIOU_THRESHOLDS[39m[38;5;15m:[39m
[38;5;15m    [39m[38;5;15m-[39m[38;5;15m [39m[38;5;141m0.5[39m
[38;5;15m    [39m[38;5;204mNAME[39m[38;5;15m:[39m[38;5;15m [39m[38;5;141mRes5ROIHeads[39m
[38;5;15m    [39m[38;5;204mNMS_THRESH_TEST[39m[38;5;15m:[39m[38;5;15m [39m[38;5;141m0.5[39m
[38;5;15m    [39m[38;5;204mNUM_CLASSES[39m[38;5;15m:[39m[38;5;15m [39m[38;5;141m80[39m
[38;5;15m    [39m[38;5;204mPOSITIVE_FRACTION[39m[38;5;15m:[39m[38;5;15m [39m[38;5;141m0.25[39m
[38;5;15m    [39m[38;5;204mPROPOSAL_APPEND_GT[39m[38;5;15m:[39m[38;5;15m [39m[38;5;141mtrue[39m
[38;5;15m    [39m[38;5;204mSCORE_THRESH_TEST[39m[38;5;15m:[39m[38;5;15m [39m[38;5;141m0.05[39m
[38;5;15m  [39m[38;5;204mROI_KEYPOINT_HEAD[39m[38;5;15m:[39m
[38;5;15m    [39m[38;5;204mCONV_DIMS[39m[38;5;15m:[39m
[38;5;15m    [39m[38;5;15m-[39m[38;5;15m [39m[38;5;141m512[39m
[38;5;15m    [39m[38;5;15m-[39m[38;5;15m [39m[38;5;141m512[39m
[38;5;15m    [39m[38;5;15m-[39m[38;5;15m [39m[38;5;141m512[39m
[38;5;15m    [39m[38;5;15m-[39m[38;5;15m [39m[38;5;141m512[39m
[38;5;15m    [39m[38;5;15m-[39m[38;5;15m [39m[38;5;141m512[39m
[38;5;15m    [39m[38;5;15m-[39m[38;5;15m [39m[38;5;141m512[39m
[38;5;15m    [39m[38;5;15m-[39m[38;5;15m [39m[38;5;141m512[39m
[38;5;15m    [39m[38;5;15m-[39m[38;5;15m [39m[38;5;141m512[39m
[38;5;15m    [39m[38;5;204mLOSS_WEIGHT[39m[38;5;15m:[39m[38;5;15m [39m[38;5;141m1.0[39m
[38;5;15m    [39m[38;5;204mMIN_KEYPOINTS_PER_IMAGE[39m[38;5;15m:[39m[38;5;15m [39m[38;5;141m1[39m
[38;5;15m    [39m[38;5;204mNAME[39m[38;5;15m:[39m[38;5;15m [39m[38;5;141mKRCNNConvDeconvUpsampleHead[39m
[38;5;15m    [39m[38;5;204mNORMALIZE_LOSS_BY_VISIBLE_KEYPOINTS[39m[38;5;15m:[39m[38;5;15m [39m[38;5;141mtrue[39m
[38;5;15m    [39m[38;5;204mNUM_KEYPOINTS[39m[38;5;15m:[39m[38;5;15m [39m[38;5;141m17[39m
[38;5;15m    [39m[38;5;204mPOOLER_RESOLUTION[39m[38;5;15m:[39m[38;5;15m [39m[38;5;141m14[39m
[38;5;15m    [39m[38;5;204mPOOLER_SAMPLING_RATIO[39m[38;5;15m:[39m[38;5;15m [39m[38;5;141m0[39m
[38;5;15m    [39m[38;5;204mPOOLER_TYPE[39m[38;5;15m:[39m[38;5;15m [39m[38;5;141mROIAlignV2[39m
[38;5;15m  [39m[38;5;204mROI_MASK_HEAD[39m[38;5;15m:[39m
[38;5;15m    [39m[38;5;204mCLS_AGNOSTIC_MASK[39m[38;5;15m:[39m[38;5;15m [39m[38;5;141mfalse[39m
[38;5;15m    [39m[38;5;204mCONV_DIM[39m[38;5;15m:[39m[38;5;15m [39m[38;5;141m256[39m
[38;5;15m    [39m[38;5;204mNAME[39m[38;5;15m:[39m[38;5;15m [39m[38;5;141mMaskRCNNConvUpsampleHead[39m
[38;5;15m    [39m[38;5;204mNORM[39m[38;5;15m:[39m[38;5;15m [39m[38;5;186m'[39m[38;5;186m'[39m
[38;5;15m    [39m[38;5;204mNUM_CONV[39m[38;5;15m:[39m[38;5;15m [39m[38;5;141m0[39m
[38;5;15m    [39m[38;5;204mPOOLER_RESOLUTION[39m[38;5;15m:[39m[38;5;15m [39m[38;5;141m14[39m
[38;5;15m    [39m[38;5;204mPOOLER_SAMPLING_RATIO[39m[38;5;15m:[39m[38;5;15m [39m[38;5;141m0[39m
[38;5;15m    [39m[38;5;204mPOOLER_TYPE[39m[38;5;15m:[39m[38;5;15m [39m[38;5;141mROIAlignV2[39m
[38;5;15m  [39m[38;5;204mRPN[39m[38;5;15m:[39m
[38;5;15m    [39m[38;5;204mBATCH_SIZE_PER_IMAGE[39m[38;5;15m:[39m[38;5;15m [39m[38;5;141m256[39m
[38;5;15m    [39m[38;5;204mBBOX_REG_LOSS_TYPE[39m[38;5;15m:[39m[38;5;15m [39m[38;5;141msmooth_l1[39m
[38;5;15m    [39m[38;5;204mBBOX_REG_LOSS_WEIGHT[39m[38;5;15m:[39m[38;5;15m [39m[38;5;141m1.0[39m
[38;5;15m    [39m[38;5;204mBBOX_REG_WEIGHTS[39m[38;5;15m:[39m[38;5;15m [39m[38;5;15m*id002[39m
[38;5;15m    [39m[38;5;204mBOUNDARY_THRESH[39m[38;5;15m:[39m[38;5;15m [39m[38;5;141m-1[39m
[38;5;15m    [39m[38;5;204mCONV_DIMS[39m[38;5;15m:[39m
[38;5;15m    [39m[38;5;15m-[39m[38;5;15m [39m[38;5;141m-1[39m
[38;5;15m    [39m[38;5;204mHEAD_NAME[39m[38;5;15m:[39m[38;5;15m [39m[38;5;141mStandardRPNHead[39m
[38;5;15m    [39m[38;5;204mIN_FEATURES[39m[38;5;15m:[39m
[38;5;15m    [39m[38;5;15m-[39m[38;5;15m [39m[38;5;141mres4[39m
[38;5;15m    [39m[38;5;204mIOU_LABELS[39m[38;5;15m:[39m
[38;5;15m    [39m[38;5;15m-[39m[38;5;15m [39m[38;5;141m0[39m
[38;5;15m    [39m[38;5;15m-[39m[38;5;15m [39m[38;5;141m-1[39m
[38;5;15m    [39m[38;5;15m-[39m[38;5;15m [39m[38;5;141m1[39m
[38;5;15m    [39m[38;5;204mIOU_THRESHOLDS[39m[38;5;15m:[39m
[38;5;15m    [39m[38;5;15m-[39m[38;5;15m [39m[38;5;141m0.3[39m
[38;5;15m    [39m[38;5;15m-[39m[38;5;15m [39m[38;5;141m0.7[39m
[38;5;15m    [39m[38;5;204mLOSS_WEIGHT[39m[38;5;15m:[39m[38;5;15m [39m[38;5;141m1.0[39m
[38;5;15m    [39m[38;5;204mNMS_THRESH[39m[38;5;15m:[39m[38;5;15m [39m[38;5;141m0.7[39m
[38;5;15m    [39m[38;5;204mPOSITIVE_FRACTION[39m[38;5;15m:[39m[38;5;15m [39m[38;5;141m0.5[39m
[38;5;15m    [39m[38;5;204mPOST_NMS_TOPK_TEST[39m[38;5;15m:[39m[38;5;15m [39m[38;5;141m1000[39m
[38;5;15m    [39m[38;5;204mPOST_NMS_TOPK_TRAIN[39m[38;5;15m:[39m[38;5;15m [39m[38;5;141m2000[39m
[38;5;15m    [39m[38;5;204mPRE_NMS_TOPK_TEST[39m[38;5;15m:[39m[38;5;15m [39m[38;5;141m6000[39m
[38;5;15m    [39m[38;5;204mPRE_NMS_TOPK_TRAIN[39m[38;5;15m:[39m[38;5;15m [39m[38;5;141m12000[39m
[38;5;15m    [39m[38;5;204mSMOOTH_L1_BETA[39m[38;5;15m:[39m[38;5;15m [39m[38;5;141m0.0[39m
[38;5;15m  [39m[38;5;204mSEM_SEG_HEAD[39m[38;5;15m:[39m
[38;5;15m    [39m[38;5;204mASPP_CHANNELS[39m[38;5;15m:[39m[38;5;15m [39m[38;5;141m256[39m
[38;5;15m    [39m[38;5;204mASPP_DILATIONS[39m[38;5;15m:[39m
[38;5;15m    [39m[38;5;15m-[39m[38;5;15m [39m[38;5;141m6[39m
[38;5;15m    [39m[38;5;15m-[39m[38;5;15m [39m[38;5;141m12[39m
[38;5;15m    [39m[38;5;15m-[39m[38;5;15m [39m[38;5;141m18[39m
[38;5;15m    [39m[38;5;204mASPP_DROPOUT[39m[38;5;15m:[39m[38;5;15m [39m[38;5;141m0.1[39m
[38;5;15m    [39m[38;5;204mCOMMON_STRIDE[39m[38;5;15m:[39m[38;5;15m [39m[38;5;141m4[39m
[38;5;15m    [39m[38;5;204mCONVS_DIM[39m[38;5;15m:[39m[38;5;15m [39m[38;5;141m256[39m
[38;5;15m    [39m[38;5;204mDEFORMABLE_TRANSFORMER_ENCODER_IN_FEATURES[39m[38;5;15m:[39m
[38;5;15m    [39m[38;5;15m-[39m[38;5;15m [39m[38;5;141mres3[39m
[38;5;15m    [39m[38;5;15m-[39m[38;5;15m [39m[38;5;141mres4[39m
[38;5;15m    [39m[38;5;15m-[39m[38;5;15m [39m[38;5;141mres5[39m
[38;5;15m    [39m[38;5;204mDEFORMABLE_TRANSFORMER_ENCODER_N_HEADS[39m[38;5;15m:[39m[38;5;15m [39m[38;5;141m8[39m
[38;5;15m    [39m[38;5;204mDEFORMABLE_TRANSFORMER_ENCODER_N_POINTS[39m[38;5;15m:[39m[38;5;15m [39m[38;5;141m4[39m
[38;5;15m    [39m[38;5;204mIGNORE_VALUE[39m[38;5;15m:[39m[38;5;15m [39m[38;5;141m255[39m
[38;5;15m    [39m[38;5;204mIN_FEATURES[39m[38;5;15m:[39m
[38;5;15m    [39m[38;5;15m-[39m[38;5;15m [39m[38;5;141mres2[39m
[38;5;15m    [39m[38;5;15m-[39m[38;5;15m [39m[38;5;141mres3[39m
[38;5;15m    [39m[38;5;15m-[39m[38;5;15m [39m[38;5;141mres4[39m
[38;5;15m    [39m[38;5;15m-[39m[38;5;15m [39m[38;5;141mres5[39m
[38;5;15m    [39m[38;5;204mLOSS_TYPE[39m[38;5;15m:[39m[38;5;15m [39m[38;5;141mhard_pixel_mining[39m
[38;5;15m    [39m[38;5;204mLOSS_WEIGHT[39m[38;5;15m:[39m[38;5;15m [39m[38;5;141m1.0[39m
[38;5;15m    [39m[38;5;204mMASK_DIM[39m[38;5;15m:[39m[38;5;15m [39m[38;5;141m256[39m
[38;5;15m    [39m[38;5;204mNAME[39m[38;5;15m:[39m[38;5;15m [39m[38;5;141mMaskFormerHead[39m
[38;5;15m    [39m[38;5;204mNORM[39m[38;5;15m:[39m[38;5;15m [39m[38;5;141mGN[39m
[38;5;15m    [39m[38;5;204mNUM_CLASSES[39m[38;5;15m:[39m[38;5;15m [39m[38;5;141m1[39m
[38;5;15m    [39m[38;5;204mPIXEL_DECODER_NAME[39m[38;5;15m:[39m[38;5;15m [39m[38;5;141mMSDeformAttnPixelDecoder[39m
[38;5;15m    [39m[38;5;204mPROJECT_CHANNELS[39m[38;5;15m:[39m
[38;5;15m    [39m[38;5;15m-[39m[38;5;15m [39m[38;5;141m48[39m
[38;5;15m    [39m[38;5;204mPROJECT_FEATURES[39m[38;5;15m:[39m
[38;5;15m    [39m[38;5;15m-[39m[38;5;15m [39m[38;5;141mres2[39m
[38;5;15m    [39m[38;5;204mTRANSFORMER_ENC_LAYERS[39m[38;5;15m:[39m[38;5;15m [39m[38;5;141m6[39m
[38;5;15m    [39m[38;5;204mUSE_DEPTHWISE_SEPARABLE_CONV[39m[38;5;15m:[39m[38;5;15m [39m[38;5;141mfalse[39m
[38;5;15m  [39m[38;5;204mSWIN[39m[38;5;15m:[39m
[38;5;15m    [39m[38;5;204mAPE[39m[38;5;15m:[39m[38;5;15m [39m[38;5;141mfalse[39m
[38;5;15m    [39m[38;5;204mATTN_DROP_RATE[39m[38;5;15m:[39m[38;5;15m [39m[38;5;141m0.0[39m
[38;5;15m    [39m[38;5;204mDEPTHS[39m[38;5;15m:[39m
[38;5;15m    [39m[38;5;15m-[39m[38;5;15m [39m[38;5;141m2[39m
[38;5;15m    [39m[38;5;15m-[39m[38;5;15m [39m[38;5;141m2[39m
[38;5;15m    [39m[38;5;15m-[39m[38;5;15m [39m[38;5;141m6[39m
[38;5;15m    [39m[38;5;15m-[39m[38;5;15m [39m[38;5;141m2[39m
[38;5;15m    [39m[38;5;204mDROP_PATH_RATE[39m[38;5;15m:[39m[38;5;15m [39m[38;5;141m0.3[39m
[38;5;15m    [39m[38;5;204mDROP_RATE[39m[38;5;15m:[39m[38;5;15m [39m[38;5;141m0.0[39m
[38;5;15m    [39m[38;5;204mEMBED_DIM[39m[38;5;15m:[39m[38;5;15m [39m[38;5;141m96[39m
[38;5;15m    [39m[38;5;204mMLP_RATIO[39m[38;5;15m:[39m[38;5;15m [39m[38;5;141m4.0[39m
[38;5;15m    [39m[38;5;204mNUM_HEADS[39m[38;5;15m:[39m
[38;5;15m    [39m[38;5;15m-[39m[38;5;15m [39m[38;5;141m3[39m
[38;5;15m    [39m[38;5;15m-[39m[38;5;15m [39m[38;5;141m6[39m
[38;5;15m    [39m[38;5;15m-[39m[38;5;15m [39m[38;5;141m12[39m
[38;5;15m    [39m[38;5;15m-[39m[38;5;15m [39m[38;5;141m24[39m
[38;5;15m    [39m[38;5;204mOUT_FEATURES[39m[38;5;15m:[39m
[38;5;15m    [39m[38;5;15m-[39m[38;5;15m [39m[38;5;141mres2[39m
[38;5;15m    [39m[38;5;15m-[39m[38;5;15m [39m[38;5;141mres3[39m
[38;5;15m    [39m[38;5;15m-[39m[38;5;15m [39m[38;5;141mres4[39m
[38;5;15m    [39m[38;5;15m-[39m[38;5;15m [39m[38;5;141mres5[39m
[38;5;15m    [39m[38;5;204mPATCH_NORM[39m[38;5;15m:[39m[38;5;15m [39m[38;5;141mtrue[39m
[38;5;15m    [39m[38;5;204mPATCH_SIZE[39m[38;5;15m:[39m[38;5;15m [39m[38;5;141m4[39m
[38;5;15m    [39m[38;5;204mPRETRAIN_IMG_SIZE[39m[38;5;15m:[39m[38;5;15m [39m[38;5;141m224[39m
[38;5;15m    [39m[38;5;204mQKV_BIAS[39m[38;5;15m:[39m[38;5;15m [39m[38;5;141mtrue[39m
[38;5;15m    [39m[38;5;204mQK_SCALE[39m[38;5;15m:[39m[38;5;15m [39m[38;5;141mnull[39m
[38;5;15m    [39m[38;5;204mUSE_CHECKPOINT[39m[38;5;15m:[39m[38;5;15m [39m[38;5;141mfalse[39m
[38;5;15m    [39m[38;5;204mWINDOW_SIZE[39m[38;5;15m:[39m[38;5;15m [39m[38;5;141m7[39m
[38;5;15m  [39m[38;5;204mWEIGHTS[39m[38;5;15m:[39m[38;5;15m [39m[38;5;141m/mnt/data/mis2025/group_6/Parameter/pre_train_para/graphene_mid/model_final.pth[39m
[38;5;204mOUTPUT_DIR[39m[38;5;15m:[39m[38;5;15m [39m[38;5;141m/mnt/data/mis2025/group_6/Parameter/trained_para/graphene_mid_finetune_remove_small_falkes[39m
[38;5;204mSEED[39m[38;5;15m:[39m[38;5;15m [39m[38;5;141m42[39m
[38;5;204mSOLVER[39m[38;5;15m:[39m
[38;5;15m  [39m[38;5;204mAMP[39m[38;5;15m:[39m
[38;5;15m    [39m[38;5;204mENABLED[39m[38;5;15m:[39m[38;5;15m [39m[38;5;141mfalse[39m
[38;5;15m  [39m[38;5;204mBACKBONE_MULTIPLIER[39m[38;5;15m:[39m[38;5;15m [39m[38;5;141m1.0[39m
[38;5;15m  [39m[38;5;204mBASE_LR[39m[38;5;15m:[39m[38;5;15m [39m[38;5;141m5.0e-05[39m
[38;5;15m  [39m[38;5;204mBASE_LR_END[39m[38;5;15m:[39m[38;5;15m [39m[38;5;141m0.0[39m
[38;5;15m  [39m[38;5;204mBIAS_LR_FACTOR[39m[38;5;15m:[39m[38;5;15m [39m[38;5;141m1.0[39m
[38;5;15m  [39m[38;5;204mCHECKPOINT_PERIOD[39m[38;5;15m:[39m[38;5;15m [39m[38;5;141m5000[39m
[38;5;15m  [39m[38;5;204mCLIP_GRADIENTS[39m[38;5;15m:[39m
[38;5;15m    [39m[38;5;204mCLIP_TYPE[39m[38;5;15m:[39m[38;5;15m [39m[38;5;141mfull_model[39m
[38;5;15m    [39m[38;5;204mCLIP_VALUE[39m[38;5;15m:[39m[38;5;15m [39m[38;5;141m0.01[39m
[38;5;15m    [39m[38;5;204mENABLED[39m[38;5;15m:[39m[38;5;15m [39m[38;5;141mtrue[39m
[38;5;15m    [39m[38;5;204mNORM_TYPE[39m[38;5;15m:[39m[38;5;15m [39m[38;5;141m2.0[39m
[38;5;15m  [39m[38;5;204mGAMMA[39m[38;5;15m:[39m[38;5;15m [39m[38;5;141m0.1[39m
[38;5;15m  [39m[38;5;204mIMS_PER_BATCH[39m[38;5;15m:[39m[38;5;15m [39m[38;5;141m16[39m
[38;5;15m  [39m[38;5;204mLR_SCHEDULER_NAME[39m[38;5;15m:[39m[38;5;15m [39m[38;5;141mWarmupCosineLR[39m
[38;5;15m  [39m[38;5;204mMAX_ITER[39m[38;5;15m:[39m[38;5;15m [39m[38;5;141m20000[39m
[38;5;15m  [39m[38;5;204mMOMENTUM[39m[38;5;15m:[39m[38;5;15m [39m[38;5;141m0.9[39m
[38;5;15m  [39m[38;5;204mNESTEROV[39m[38;5;15m:[39m[38;5;15m [39m[38;5;141mfalse[39m
[38;5;15m  [39m[38;5;204mNUM_DECAYS[39m[38;5;15m:[39m[38;5;15m [39m[38;5;141m3[39m
[38;5;15m  [39m[38;5;204mOPTIMIZER[39m[38;5;15m:[39m[38;5;15m [39m[38;5;141mADAMW[39m
[38;5;15m  [39m[38;5;204mPOLY_LR_CONSTANT_ENDING[39m[38;5;15m:[39m[38;5;15m [39m[38;5;141m0.0[39m
[38;5;15m  [39m[38;5;204mPOLY_LR_POWER[39m[38;5;15m:[39m[38;5;15m [39m[38;5;141m0.9[39m
[38;5;15m  [39m[38;5;204mREFERENCE_WORLD_SIZE[39m[38;5;15m:[39m[38;5;15m [39m[38;5;141m0[39m
[38;5;15m  [39m[38;5;204mRESCALE_INTERVAL[39m[38;5;15m:[39m[38;5;15m [39m[38;5;141mfalse[39m
[38;5;15m  [39m[38;5;204mSTEPS[39m[38;5;15m:[39m
[38;5;15m  [39m[38;5;15m-[39m[38;5;15m [39m[38;5;141m30000[39m
[38;5;15m  [39m[38;5;204mWARMUP_FACTOR[39m[38;5;15m:[39m[38;5;15m [39m[38;5;141m0.001[39m
[38;5;15m  [39m[38;5;204mWARMUP_ITERS[39m[38;5;15m:[39m[38;5;15m [39m[38;5;141m500[39m
[38;5;15m  [39m[38;5;204mWARMUP_METHOD[39m[38;5;15m:[39m[38;5;15m [39m[38;5;141mlinear[39m
[38;5;15m  [39m[38;5;204mWEIGHT_DECAY[39m[38;5;15m:[39m[38;5;15m [39m[38;5;141m0.05[39m
[38;5;15m  [39m[38;5;204mWEIGHT_DECAY_BIAS[39m[38;5;15m:[39m[38;5;15m [39m[38;5;141mnull[39m
[38;5;15m  [39m[38;5;204mWEIGHT_DECAY_EMBED[39m[38;5;15m:[39m[38;5;15m [39m[38;5;141m0.0[39m
[38;5;15m  [39m[38;5;204mWEIGHT_DECAY_NORM[39m[38;5;15m:[39m[38;5;15m [39m[38;5;141m0.0[39m
[38;5;204mTEST[39m[38;5;15m:[39m
[38;5;15m  [39m[38;5;204mAUG[39m[38;5;15m:[39m
[38;5;15m    [39m[38;5;204mENABLED[39m[38;5;15m:[39m[38;5;15m [39m[38;5;141mfalse[39m
[38;5;15m    [39m[38;5;204mFLIP[39m[38;5;15m:[39m[38;5;15m [39m[38;5;141mtrue[39m
[38;5;15m    [39m[38;5;204mMAX_SIZE[39m[38;5;15m:[39m[38;5;15m [39m[38;5;141m4000[39m
[38;5;15m    [39m[38;5;204mMIN_SIZES[39m[38;5;15m:[39m
[38;5;15m    [39m[38;5;15m-[39m[38;5;15m [39m[38;5;141m400[39m
[38;5;15m    [39m[38;5;15m-[39m[38;5;15m [39m[38;5;141m500[39m
[38;5;15m    [39m[38;5;15m-[39m[38;5;15m [39m[38;5;141m600[39m
[38;5;15m    [39m[38;5;15m-[39m[38;5;15m [39m[38;5;141m700[39m
[38;5;15m    [39m[38;5;15m-[39m[38;5;15m [39m[38;5;141m800[39m
[38;5;15m    [39m[38;5;15m-[39m[38;5;15m [39m[38;5;141m900[39m
[38;5;15m    [39m[38;5;15m-[39m[38;5;15m [39m[38;5;141m1000[39m
[38;5;15m    [39m[38;5;15m-[39m[38;5;15m [39m[38;5;141m1100[39m
[38;5;15m    [39m[38;5;15m-[39m[38;5;15m [39m[38;5;141m1200[39m
[38;5;15m  [39m[38;5;204mDETECTIONS_PER_IMAGE[39m[38;5;15m:[39m[38;5;15m [39m[38;5;141m100[39m
[38;5;15m  [39m[38;5;204mEVAL_PERIOD[39m[38;5;15m:[39m[38;5;15m [39m[38;5;141m50000[39m
[38;5;15m  [39m[38;5;204mEXPECTED_RESULTS[39m[38;5;15m:[39m[38;5;15m [39m[38;5;15m[[39m[38;5;15m][39m
[38;5;15m  [39m[38;5;204mKEYPOINT_OKS_SIGMAS[39m[38;5;15m:[39m[38;5;15m [39m[38;5;15m[[39m[38;5;15m][39m
[38;5;15m  [39m[38;5;204mPRECISE_BN[39m[38;5;15m:[39m
[38;5;15m    [39m[38;5;204mENABLED[39m[38;5;15m:[39m[38;5;15m [39m[38;5;141mfalse[39m
[38;5;15m    [39m[38;5;204mNUM_ITER[39m[38;5;15m:[39m[38;5;15m [39m[38;5;141m200[39m
[38;5;204mVERSION[39m[38;5;15m:[39m[38;5;15m [39m[38;5;141m2[39m
[38;5;204mVIS_PERIOD[39m[38;5;15m:[39m[38;5;15m [39m[38;5;141m0[39m

[03/19 00:25:18 detectron2]: Full config saved to /mnt/data/mis2025/group_6/Parameter/trained_para/graphene_mid_finetune_remove_small_falkes/config.yaml
[03/19 00:25:19 d2.engine.defaults]: Model:
MaskFormer(
  (backbone): ResNet(
    (stem): BasicStem(
      (conv1): Conv2d(
        3, 64, kernel_size=(7, 7), stride=(2, 2), padding=(3, 3), bias=False
        (norm): FrozenBatchNorm2d(num_features=64, eps=1e-05)
      )
    )
    (res2): Sequential(
      (0): BottleneckBlock(
        (shortcut): Conv2d(
          64, 256, kernel_size=(1, 1), stride=(1, 1), bias=False
          (norm): FrozenBatchNorm2d(num_features=256, eps=1e-05)
        )
        (conv1): Conv2d(
          64, 64, kernel_size=(1, 1), stride=(1, 1), bias=False
          (norm): FrozenBatchNorm2d(num_features=64, eps=1e-05)
        )
        (conv2): Conv2d(
          64, 64, kernel_size=(3, 3), stride=(1, 1), padding=(1, 1), bias=False
          (norm): FrozenBatchNorm2d(num_features=64, eps=1e-05)
        )
        (conv3): Conv2d(
          64, 256, kernel_size=(1, 1), stride=(1, 1), bias=False
          (norm): FrozenBatchNorm2d(num_features=256, eps=1e-05)
        )
      )
      (1): BottleneckBlock(
        (conv1): Conv2d(
          256, 64, kernel_size=(1, 1), stride=(1, 1), bias=False
          (norm): FrozenBatchNorm2d(num_features=64, eps=1e-05)
        )
        (conv2): Conv2d(
          64, 64, kernel_size=(3, 3), stride=(1, 1), padding=(1, 1), bias=False
          (norm): FrozenBatchNorm2d(num_features=64, eps=1e-05)
        )
        (conv3): Conv2d(
          64, 256, kernel_size=(1, 1), stride=(1, 1), bias=False
          (norm): FrozenBatchNorm2d(num_features=256, eps=1e-05)
        )
      )
      (2): BottleneckBlock(
        (conv1): Conv2d(
          256, 64, kernel_size=(1, 1), stride=(1, 1), bias=False
          (norm): FrozenBatchNorm2d(num_features=64, eps=1e-05)
        )
        (conv2): Conv2d(
          64, 64, kernel_size=(3, 3), stride=(1, 1), padding=(1, 1), bias=False
          (norm): FrozenBatchNorm2d(num_features=64, eps=1e-05)
        )
        (conv3): Conv2d(
          64, 256, kernel_size=(1, 1), stride=(1, 1), bias=False
          (norm): FrozenBatchNorm2d(num_features=256, eps=1e-05)
        )
      )
    )
    (res3): Sequential(
      (0): BottleneckBlock(
        (shortcut): Conv2d(
          256, 512, kernel_size=(1, 1), stride=(2, 2), bias=False
          (norm): FrozenBatchNorm2d(num_features=512, eps=1e-05)
        )
        (conv1): Conv2d(
          256, 128, kernel_size=(1, 1), stride=(1, 1), bias=False
          (norm): FrozenBatchNorm2d(num_features=128, eps=1e-05)
        )
        (conv2): Conv2d(
          128, 128, kernel_size=(3, 3), stride=(2, 2), padding=(1, 1), bias=False
          (norm): FrozenBatchNorm2d(num_features=128, eps=1e-05)
        )
        (conv3): Conv2d(
          128, 512, kernel_size=(1, 1), stride=(1, 1), bias=False
          (norm): FrozenBatchNorm2d(num_features=512, eps=1e-05)
        )
      )
      (1): BottleneckBlock(
        (conv1): Conv2d(
          512, 128, kernel_size=(1, 1), stride=(1, 1), bias=False
          (norm): FrozenBatchNorm2d(num_features=128, eps=1e-05)
        )
        (conv2): Conv2d(
          128, 128, kernel_size=(3, 3), stride=(1, 1), padding=(1, 1), bias=False
          (norm): FrozenBatchNorm2d(num_features=128, eps=1e-05)
        )
        (conv3): Conv2d(
          128, 512, kernel_size=(1, 1), stride=(1, 1), bias=False
          (norm): FrozenBatchNorm2d(num_features=512, eps=1e-05)
        )
      )
      (2): BottleneckBlock(
        (conv1): Conv2d(
          512, 128, kernel_size=(1, 1), stride=(1, 1), bias=False
          (norm): FrozenBatchNorm2d(num_features=128, eps=1e-05)
        )
        (conv2): Conv2d(
          128, 128, kernel_size=(3, 3), stride=(1, 1), padding=(1, 1), bias=False
          (norm): FrozenBatchNorm2d(num_features=128, eps=1e-05)
        )
        (conv3): Conv2d(
          128, 512, kernel_size=(1, 1), stride=(1, 1), bias=False
          (norm): FrozenBatchNorm2d(num_features=512, eps=1e-05)
        )
      )
      (3): BottleneckBlock(
        (conv1): Conv2d(
          512, 128, kernel_size=(1, 1), stride=(1, 1), bias=False
          (norm): FrozenBatchNorm2d(num_features=128, eps=1e-05)
        )
        (conv2): Conv2d(
          128, 128, kernel_size=(3, 3), stride=(1, 1), padding=(1, 1), bias=False
          (norm): FrozenBatchNorm2d(num_features=128, eps=1e-05)
        )
        (conv3): Conv2d(
          128, 512, kernel_size=(1, 1), stride=(1, 1), bias=False
          (norm): FrozenBatchNorm2d(num_features=512, eps=1e-05)
        )
      )
    )
    (res4): Sequential(
      (0): BottleneckBlock(
        (shortcut): Conv2d(
          512, 1024, kernel_size=(1, 1), stride=(2, 2), bias=False
          (norm): FrozenBatchNorm2d(num_features=1024, eps=1e-05)
        )
        (conv1): Conv2d(
          512, 256, kernel_size=(1, 1), stride=(1, 1), bias=False
          (norm): FrozenBatchNorm2d(num_features=256, eps=1e-05)
        )
        (conv2): Conv2d(
          256, 256, kernel_size=(3, 3), stride=(2, 2), padding=(1, 1), bias=False
          (norm): FrozenBatchNorm2d(num_features=256, eps=1e-05)
        )
        (conv3): Conv2d(
          256, 1024, kernel_size=(1, 1), stride=(1, 1), bias=False
          (norm): FrozenBatchNorm2d(num_features=1024, eps=1e-05)
        )
      )
      (1): BottleneckBlock(
        (conv1): Conv2d(
          1024, 256, kernel_size=(1, 1), stride=(1, 1), bias=False
          (norm): FrozenBatchNorm2d(num_features=256, eps=1e-05)
        )
        (conv2): Conv2d(
          256, 256, kernel_size=(3, 3), stride=(1, 1), padding=(1, 1), bias=False
          (norm): FrozenBatchNorm2d(num_features=256, eps=1e-05)
        )
        (conv3): Conv2d(
          256, 1024, kernel_size=(1, 1), stride=(1, 1), bias=False
          (norm): FrozenBatchNorm2d(num_features=1024, eps=1e-05)
        )
      )
      (2): BottleneckBlock(
        (conv1): Conv2d(
          1024, 256, kernel_size=(1, 1), stride=(1, 1), bias=False
          (norm): FrozenBatchNorm2d(num_features=256, eps=1e-05)
        )
        (conv2): Conv2d(
          256, 256, kernel_size=(3, 3), stride=(1, 1), padding=(1, 1), bias=False
          (norm): FrozenBatchNorm2d(num_features=256, eps=1e-05)
        )
        (conv3): Conv2d(
          256, 1024, kernel_size=(1, 1), stride=(1, 1), bias=False
          (norm): FrozenBatchNorm2d(num_features=1024, eps=1e-05)
        )
      )
      (3): BottleneckBlock(
        (conv1): Conv2d(
          1024, 256, kernel_size=(1, 1), stride=(1, 1), bias=False
          (norm): FrozenBatchNorm2d(num_features=256, eps=1e-05)
        )
        (conv2): Conv2d(
          256, 256, kernel_size=(3, 3), stride=(1, 1), padding=(1, 1), bias=False
          (norm): FrozenBatchNorm2d(num_features=256, eps=1e-05)
        )
        (conv3): Conv2d(
          256, 1024, kernel_size=(1, 1), stride=(1, 1), bias=False
          (norm): FrozenBatchNorm2d(num_features=1024, eps=1e-05)
        )
      )
      (4): BottleneckBlock(
        (conv1): Conv2d(
          1024, 256, kernel_size=(1, 1), stride=(1, 1), bias=False
          (norm): FrozenBatchNorm2d(num_features=256, eps=1e-05)
        )
        (conv2): Conv2d(
          256, 256, kernel_size=(3, 3), stride=(1, 1), padding=(1, 1), bias=False
          (norm): FrozenBatchNorm2d(num_features=256, eps=1e-05)
        )
        (conv3): Conv2d(
          256, 1024, kernel_size=(1, 1), stride=(1, 1), bias=False
          (norm): FrozenBatchNorm2d(num_features=1024, eps=1e-05)
        )
      )
      (5): BottleneckBlock(
        (conv1): Conv2d(
          1024, 256, kernel_size=(1, 1), stride=(1, 1), bias=False
          (norm): FrozenBatchNorm2d(num_features=256, eps=1e-05)
        )
        (conv2): Conv2d(
          256, 256, kernel_size=(3, 3), stride=(1, 1), padding=(1, 1), bias=False
          (norm): FrozenBatchNorm2d(num_features=256, eps=1e-05)
        )
        (conv3): Conv2d(
          256, 1024, kernel_size=(1, 1), stride=(1, 1), bias=False
          (norm): FrozenBatchNorm2d(num_features=1024, eps=1e-05)
        )
      )
    )
    (res5): Sequential(
      (0): BottleneckBlock(
        (shortcut): Conv2d(
          1024, 2048, kernel_size=(1, 1), stride=(2, 2), bias=False
          (norm): FrozenBatchNorm2d(num_features=2048, eps=1e-05)
        )
        (conv1): Conv2d(
          1024, 512, kernel_size=(1, 1), stride=(1, 1), bias=False
          (norm): FrozenBatchNorm2d(num_features=512, eps=1e-05)
        )
        (conv2): Conv2d(
          512, 512, kernel_size=(3, 3), stride=(2, 2), padding=(1, 1), bias=False
          (norm): FrozenBatchNorm2d(num_features=512, eps=1e-05)
        )
        (conv3): Conv2d(
          512, 2048, kernel_size=(1, 1), stride=(1, 1), bias=False
          (norm): FrozenBatchNorm2d(num_features=2048, eps=1e-05)
        )
      )
      (1): BottleneckBlock(
        (conv1): Conv2d(
          2048, 512, kernel_size=(1, 1), stride=(1, 1), bias=False
          (norm): FrozenBatchNorm2d(num_features=512, eps=1e-05)
        )
        (conv2): Conv2d(
          512, 512, kernel_size=(3, 3), stride=(1, 1), padding=(1, 1), bias=False
          (norm): FrozenBatchNorm2d(num_features=512, eps=1e-05)
        )
        (conv3): Conv2d(
          512, 2048, kernel_size=(1, 1), stride=(1, 1), bias=False
          (norm): FrozenBatchNorm2d(num_features=2048, eps=1e-05)
        )
      )
      (2): BottleneckBlock(
        (conv1): Conv2d(
          2048, 512, kernel_size=(1, 1), stride=(1, 1), bias=False
          (norm): FrozenBatchNorm2d(num_features=512, eps=1e-05)
        )
        (conv2): Conv2d(
          512, 512, kernel_size=(3, 3), stride=(1, 1), padding=(1, 1), bias=False
          (norm): FrozenBatchNorm2d(num_features=512, eps=1e-05)
        )
        (conv3): Conv2d(
          512, 2048, kernel_size=(1, 1), stride=(1, 1), bias=False
          (norm): FrozenBatchNorm2d(num_features=2048, eps=1e-05)
        )
      )
    )
  )
  (sem_seg_head): MaskFormerHead(
    (pixel_decoder): MSDeformAttnPixelDecoder(
      (input_proj): ModuleList(
        (0): Sequential(
          (0): Conv2d(2048, 256, kernel_size=(1, 1), stride=(1, 1))
          (1): GroupNorm(32, 256, eps=1e-05, affine=True)
        )
        (1): Sequential(
          (0): Conv2d(1024, 256, kernel_size=(1, 1), stride=(1, 1))
          (1): GroupNorm(32, 256, eps=1e-05, affine=True)
        )
        (2): Sequential(
          (0): Conv2d(512, 256, kernel_size=(1, 1), stride=(1, 1))
          (1): GroupNorm(32, 256, eps=1e-05, affine=True)
        )
      )
      (transformer): MSDeformAttnTransformerEncoderOnly(
        (encoder): MSDeformAttnTransformerEncoder(
          (layers): ModuleList(
            (0-5): 6 x MSDeformAttnTransformerEncoderLayer(
              (self_attn): MSDeformAttn(
                (sampling_offsets): Linear(in_features=256, out_features=192, bias=True)
                (attention_weights): Linear(in_features=256, out_features=96, bias=True)
                (value_proj): Linear(in_features=256, out_features=256, bias=True)
                (output_proj): Linear(in_features=256, out_features=256, bias=True)
              )
              (dropout1): Dropout(p=0.0, inplace=False)
              (norm1): LayerNorm((256,), eps=1e-05, elementwise_affine=True)
              (linear1): Linear(in_features=256, out_features=1024, bias=True)
              (dropout2): Dropout(p=0.0, inplace=False)
              (linear2): Linear(in_features=1024, out_features=256, bias=True)
              (dropout3): Dropout(p=0.0, inplace=False)
              (norm2): LayerNorm((256,), eps=1e-05, elementwise_affine=True)
            )
          )
        )
      )
      (pe_layer): Positional encoding PositionEmbeddingSine
          num_pos_feats: 128
          temperature: 10000
          normalize: True
          scale: 6.283185307179586
      (mask_features): Conv2d(256, 256, kernel_size=(1, 1), stride=(1, 1))
      (adapter_1): Conv2d(
        256, 256, kernel_size=(1, 1), stride=(1, 1), bias=False
        (norm): GroupNorm(32, 256, eps=1e-05, affine=True)
      )
      (layer_1): Conv2d(
        256, 256, kernel_size=(3, 3), stride=(1, 1), padding=(1, 1), bias=False
        (norm): GroupNorm(32, 256, eps=1e-05, affine=True)
      )
    )
    (predictor): MultiScaleMaskedTransformerDecoder(
      (pe_layer): Positional encoding PositionEmbeddingSine
          num_pos_feats: 128
          temperature: 10000
          normalize: True
          scale: 6.283185307179586
      (transformer_self_attention_layers): ModuleList(
        (0-8): 9 x SelfAttentionLayer(
          (self_attn): MultiheadAttention(
            (out_proj): NonDynamicallyQuantizableLinear(in_features=256, out_features=256, bias=True)
          )
          (norm): LayerNorm((256,), eps=1e-05, elementwise_affine=True)
          (dropout): Dropout(p=0.0, inplace=False)
        )
      )
      (transformer_cross_attention_layers): ModuleList(
        (0-8): 9 x CrossAttentionLayer(
          (multihead_attn): MultiheadAttention(
            (out_proj): NonDynamicallyQuantizableLinear(in_features=256, out_features=256, bias=True)
          )
          (norm): LayerNorm((256,), eps=1e-05, elementwise_affine=True)
          (dropout): Dropout(p=0.0, inplace=False)
        )
      )
      (transformer_ffn_layers): ModuleList(
        (0-8): 9 x FFNLayer(
          (linear1): Linear(in_features=256, out_features=2048, bias=True)
          (dropout): Dropout(p=0.0, inplace=False)
          (linear2): Linear(in_features=2048, out_features=256, bias=True)
          (norm): LayerNorm((256,), eps=1e-05, elementwise_affine=True)
        )
      )
      (decoder_norm): LayerNorm((256,), eps=1e-05, elementwise_affine=True)
      (query_feat): Embedding(100, 256)
      (query_embed): Embedding(100, 256)
      (level_embed): Embedding(3, 256)
      (input_proj): ModuleList(
        (0-2): 3 x Sequential()
      )
      (class_embed): Linear(in_features=256, out_features=2, bias=True)
      (mask_embed): MLP(
        (layers): ModuleList(
          (0-2): 3 x Linear(in_features=256, out_features=256, bias=True)
        )
      )
    )
  )
  (criterion): Criterion SetCriterion
      matcher: Matcher HungarianMatcher
          cost_class: 2.0
          cost_mask: 5.0
          cost_dice: 5.0
      losses: ['labels', 'masks']
      weight_dict: {'loss_ce': 2.0, 'loss_mask': 5.0, 'loss_dice': 5.0, 'loss_ce_0': 2.0, 'loss_mask_0': 5.0, 'loss_dice_0': 5.0, 'loss_ce_1': 2.0, 'loss_mask_1': 5.0, 'loss_dice_1': 5.0, 'loss_ce_2': 2.0, 'loss_mask_2': 5.0, 'loss_dice_2': 5.0, 'loss_ce_3': 2.0, 'loss_mask_3': 5.0, 'loss_dice_3': 5.0, 'loss_ce_4': 2.0, 'loss_mask_4': 5.0, 'loss_dice_4': 5.0, 'loss_ce_5': 2.0, 'loss_mask_5': 5.0, 'loss_dice_5': 5.0, 'loss_ce_6': 2.0, 'loss_mask_6': 5.0, 'loss_dice_6': 5.0, 'loss_ce_7': 2.0, 'loss_mask_7': 5.0, 'loss_dice_7': 5.0, 'loss_ce_8': 2.0, 'loss_mask_8': 5.0, 'loss_dice_8': 5.0}
      num_classes: 1
      eos_coef: 0.1
      num_points: 12544
      oversample_ratio: 3.0
      importance_sample_ratio: 0.75
)
[03/19 00:25:19 d2.data.datasets.coco]: Loaded 1351 images in COCO format from /mnt/data/mis2025/group_6/Data/graphene.v5-remove-small-falkes-and-blur-pictures.coco/train/_annotations_rle_1class.coco.json
[03/19 00:25:19 d2.data.build]: Distribution of instances among all 1 categories:
|  category  | #instances   |
|:----------:|:-------------|
|    gra     | 3712         |
|            |              |
[03/19 00:25:19 d2.data.build]: Using training sampler TrainingSampler
[03/19 00:25:19 d2.data.common]: Serializing the dataset using: <class 'detectron2.data.common._TorchSerializedList'>
[03/19 00:25:19 d2.data.common]: Serializing 1351 elements to byte tensors and concatenating them all ...
[03/19 00:25:19 d2.data.common]: Serialized dataset takes 1.03 MiB
[03/19 00:25:19 d2.data.build]: Making batched data loader with batch_size=16
[03/19 00:25:19 d2.checkpoint.detection_checkpoint]: [DetectionCheckpointer] Loading from /mnt/data/mis2025/group_6/Parameter/pre_train_para/graphene_mid/model_final.pth ...
[03/19 00:25:19 fvcore.common.checkpoint]: [Checkpointer] Loading from /mnt/data/mis2025/group_6/Parameter/pre_train_para/graphene_mid/model_final.pth ...
[03/19 00:25:19 d2.engine.train_loop]: Starting training from iteration 0
[03/19 00:25:39 d2.utils.events]:  eta: 4:21:39  iter: 19  total_loss: 27.31  loss_ce: 1.267  loss_mask: 0.1411  loss_dice: 1.42  loss_ce_0: 0.5731  loss_mask_0: 0.2447  loss_dice_0: 1.414  loss_ce_1: 1.189  loss_mask_1: 0.1497  loss_dice_1: 1.575  loss_ce_2: 1.317  loss_mask_2: 0.1485  loss_dice_2: 1.292  loss_ce_3: 1.269  loss_mask_3: 0.1444  loss_dice_3: 1.13  loss_ce_4: 1.145  loss_mask_4: 0.1403  loss_dice_4: 1.503  loss_ce_5: 1.287  loss_mask_5: 0.1716  loss_dice_5: 1.603  loss_ce_6: 1.128  loss_mask_6: 0.1524  loss_dice_6: 1.478  loss_ce_7: 1.223  loss_mask_7: 0.1535  loss_dice_7: 1.293  loss_ce_8: 1.321  loss_mask_8: 0.155  loss_dice_8: 1.28    time: 0.8077  last_time: 0.7928  data_time: 0.1225  last_data_time: 0.1225   lr: 1.9452e-06  max_mem: 12308M
[03/19 00:25:55 d2.utils.events]:  eta: 4:22:12  iter: 39  total_loss: 28.59  loss_ce: 0.4325  loss_mask: 0.1246  loss_dice: 2.263  loss_ce_0: 0.2911  loss_mask_0: 0.1139  loss_dice_0: 2.473  loss_ce_1: 0.4506  loss_mask_1: 0.08239  loss_dice_1: 2.287  loss_ce_2: 0.3656  loss_mask_2: 0.07277  loss_dice_2: 1.795  loss_ce_3: 0.4116  loss_mask_3: 0.08527  loss_dice_3: 2.086  loss_ce_4: 0.4517  loss_mask_4: 0.1786  loss_dice_4: 2.456  loss_ce_5: 0.4006  loss_mask_5: 0.1085  loss_dice_5: 2.684  loss_ce_6: 0.4589  loss_mask_6: 0.1055  loss_dice_6: 2.39  loss_ce_7: 0.3988  loss_mask_7: 0.09858  loss_dice_7: 2.704  loss_ce_8: 0.4188  loss_mask_8: 0.09347  loss_dice_8: 2.31    time: 0.8042  last_time: 0.9200  data_time: 0.2672  last_data_time: 0.2672   lr: 3.9401e-06  max_mem: 12312M
[03/19 00:26:12 d2.utils.events]:  eta: 4:23:00  iter: 59  total_loss: 23.25  loss_ce: 0.8046  loss_mask: 0.09322  loss_dice: 1.408  loss_ce_0: 0.4856  loss_mask_0: 0.151  loss_dice_0: 1.872  loss_ce_1: 0.795  loss_mask_1: 0.1056  loss_dice_1: 1.624  loss_ce_2: 0.8208  loss_mask_2: 0.1041  loss_dice_2: 1.59  loss_ce_3: 0.8178  loss_mask_3: 0.1123  loss_dice_3: 1.332  loss_ce_4: 0.7271  loss_mask_4: 0.07799  loss_dice_4: 1.209  loss_ce_5: 0.734  loss_mask_5: 0.09826  loss_dice_5: 1.387  loss_ce_6: 0.7407  loss_mask_6: 0.1228  loss_dice_6: 1.386  loss_ce_7: 0.7696  loss_mask_7: 0.1089  loss_dice_7: 1.472  loss_ce_8: 0.834  loss_mask_8: 0.1  loss_dice_8: 1.367    time: 0.8140  last_time: 0.9351  data_time: 0.2762  last_data_time: 0.2762   lr: 5.935e-06  max_mem: 12312M
[03/19 00:26:27 d2.utils.events]:  eta: 4:22:02  iter: 79  total_loss: 15.33  loss_ce: 0.3391  loss_mask: 0.1082  loss_dice: 1.135  loss_ce_0: 0.518  loss_mask_0: 0.1291  loss_dice_0: 1.183  loss_ce_1: 0.3861  loss_mask_1: 0.1171  loss_dice_1: 0.8428  loss_ce_2: 0.3635  loss_mask_2: 0.1092  loss_dice_2: 0.8983  loss_ce_3: 0.3324  loss_mask_3: 0.1262  loss_dice_3: 1.197  loss_ce_4: 0.2947  loss_mask_4: 0.1117  loss_dice_4: 0.9948  loss_ce_5: 0.3441  loss_mask_5: 0.09613  loss_dice_5: 1.124  loss_ce_6: 0.3364  loss_mask_6: 0.09644  loss_dice_6: 1.153  loss_ce_7: 0.3309  loss_mask_7: 0.1011  loss_dice_7: 1.133  loss_ce_8: 0.335  loss_mask_8: 0.08354  loss_dice_8: 1.009    time: 0.8060  last_time: 0.7778  data_time: 0.1131  last_data_time: 0.1131   lr: 7.9299e-06  max_mem: 12312M
[03/19 00:26:44 d2.utils.events]:  eta: 4:21:04  iter: 99  total_loss: 20.56  loss_ce: 0.2186  loss_mask: 0.07751  loss_dice: 1.955  loss_ce_0: 0.3392  loss_mask_0: 0.09106  loss_dice_0: 1.823  loss_ce_1: 0.2813  loss_mask_1: 0.04528  loss_dice_1: 1.211  loss_ce_2: 0.2497  loss_mask_2: 0.06984  loss_dice_2: 1.541  loss_ce_3: 0.2812  loss_mask_3: 0.06027  loss_dice_3: 1.878  loss_ce_4: 0.2617  loss_mask_4: 0.08778  loss_dice_4: 1.94  loss_ce_5: 0.2691  loss_mask_5: 0.04658  loss_dice_5: 1.758  loss_ce_6: 0.2556  loss_mask_6: 0.05575  loss_dice_6: 1.818  loss_ce_7: 0.273  loss_mask_7: 0.0556  loss_dice_7: 1.575  loss_ce_8: 0.2427  loss_mask_8: 0.06401  loss_dice_8: 1.735    time: 0.8022  last_time: 0.8235  data_time: 0.1660  last_data_time: 0.1660   lr: 9.9248e-06  max_mem: 12312M
[03/19 00:27:00 d2.utils.events]:  eta: 4:20:16  iter: 119  total_loss: 13.11  loss_ce: 0.1015  loss_mask: 0.06282  loss_dice: 1.137  loss_ce_0: 0.3518  loss_mask_0: 0.1126  loss_dice_0: 1.199  loss_ce_1: 0.1548  loss_mask_1: 0.06547  loss_dice_1: 1.107  loss_ce_2: 0.1948  loss_mask_2: 0.06553  loss_dice_2: 0.971  loss_ce_3: 0.1422  loss_mask_3: 0.07229  loss_dice_3: 1.081  loss_ce_4: 0.09791  loss_mask_4: 0.06536  loss_dice_4: 1.135  loss_ce_5: 0.09945  loss_mask_5: 0.06424  loss_dice_5: 1.18  loss_ce_6: 0.1149  loss_mask_6: 0.07997  loss_dice_6: 0.8638  loss_ce_7: 0.09675  loss_mask_7: 0.06296  loss_dice_7: 1.208  loss_ce_8: 0.0993  loss_mask_8: 0.06284  loss_dice_8: 1.058    time: 0.7995  last_time: 0.7966  data_time: 0.1234  last_data_time: 0.1234   lr: 1.192e-05  max_mem: 12312M
[03/19 00:27:16 d2.utils.events]:  eta: 4:20:33  iter: 139  total_loss: 14.08  loss_ce: 0.1838  loss_mask: 0.2131  loss_dice: 0.9391  loss_ce_0: 0.3171  loss_mask_0: 0.3709  loss_dice_0: 1.216  loss_ce_1: 0.1798  loss_mask_1: 0.2571  loss_dice_1: 0.8479  loss_ce_2: 0.1982  loss_mask_2: 0.2319  loss_dice_2: 0.866  loss_ce_3: 0.141  loss_mask_3: 0.2092  loss_dice_3: 0.9162  loss_ce_4: 0.1459  loss_mask_4: 0.2493  loss_dice_4: 0.9486  loss_ce_5: 0.1693  loss_mask_5: 0.2062  loss_dice_5: 0.9807  loss_ce_6: 0.1719  loss_mask_6: 0.2388  loss_dice_6: 0.9812  loss_ce_7: 0.1494  loss_mask_7: 0.2274  loss_dice_7: 1.123  loss_ce_8: 0.1764  loss_mask_8: 0.2946  loss_dice_8: 0.9315    time: 0.8027  last_time: 0.8039  data_time: 0.1305  last_data_time: 0.1305   lr: 1.3915e-05  max_mem: 12312M
[03/19 00:27:33 d2.utils.events]:  eta: 4:20:40  iter: 159  total_loss: 15.72  loss_ce: 0.2063  loss_mask: 0.07885  loss_dice: 1.147  loss_ce_0: 0.4805  loss_mask_0: 0.171  loss_dice_0: 1.598  loss_ce_1: 0.2037  loss_mask_1: 0.1065  loss_dice_1: 1.184  loss_ce_2: 0.251  loss_mask_2: 0.09252  loss_dice_2: 1.157  loss_ce_3: 0.2402  loss_mask_3: 0.08613  loss_dice_3: 1.169  loss_ce_4: 0.2193  loss_mask_4: 0.09857  loss_dice_4: 1.223  loss_ce_5: 0.2351  loss_mask_5: 0.09169  loss_dice_5: 1.17  loss_ce_6: 0.2119  loss_mask_6: 0.09298  loss_dice_6: 1.186  loss_ce_7: 0.2162  loss_mask_7: 0.08973  loss_dice_7: 1.115  loss_ce_8: 0.2567  loss_mask_8: 0.09947  loss_dice_8: 1.247    time: 0.8045  last_time: 0.9457  data_time: 0.2659  last_data_time: 0.2659   lr: 1.591e-05  max_mem: 12312M
[03/19 00:27:49 d2.utils.events]:  eta: 4:20:46  iter: 179  total_loss: 17.64  loss_ce: 0.08471  loss_mask: 0.1458  loss_dice: 1.518  loss_ce_0: 0.2527  loss_mask_0: 0.2388  loss_dice_0: 1.412  loss_ce_1: 0.08527  loss_mask_1: 0.2492  loss_dice_1: 1.517  loss_ce_2: 0.09428  loss_mask_2: 0.1736  loss_dice_2: 1.617  loss_ce_3: 0.07728  loss_mask_3: 0.2073  loss_dice_3: 1.504  loss_ce_4: 0.08404  loss_mask_4: 0.1548  loss_dice_4: 1.405  loss_ce_5: 0.08808  loss_mask_5: 0.1549  loss_dice_5: 1.341  loss_ce_6: 0.08221  loss_mask_6: 0.1523  loss_dice_6: 1.532  loss_ce_7: 0.08716  loss_mask_7: 0.1419  loss_dice_7: 1.465  loss_ce_8: 0.09036  loss_mask_8: 0.1625  loss_dice_8: 1.523    time: 0.8061  last_time: 0.7560  data_time: 0.0980  last_data_time: 0.0980   lr: 1.7905e-05  max_mem: 12312M
[03/19 00:28:06 d2.utils.events]:  eta: 4:20:56  iter: 199  total_loss: 13.93  loss_ce: 0.07442  loss_mask: 0.1187  loss_dice: 1.246  loss_ce_0: 0.3548  loss_mask_0: 0.1269  loss_dice_0: 1.462  loss_ce_1: 0.08703  loss_mask_1: 0.1291  loss_dice_1: 1.176  loss_ce_2: 0.07765  loss_mask_2: 0.1262  loss_dice_2: 1.049  loss_ce_3: 0.07674  loss_mask_3: 0.1227  loss_dice_3: 1.049  loss_ce_4: 0.08006  loss_mask_4: 0.116  loss_dice_4: 1.165  loss_ce_5: 0.08062  loss_mask_5: 0.1111  loss_dice_5: 1.086  loss_ce_6: 0.07629  loss_mask_6: 0.1138  loss_dice_6: 1.193  loss_ce_7: 0.1238  loss_mask_7: 0.1263  loss_dice_7: 1.062  loss_ce_8: 0.07578  loss_mask_8: 0.1071  loss_dice_8: 1.142    time: 0.8089  last_time: 0.8068  data_time: 0.1354  last_data_time: 0.1354   lr: 1.9899e-05  max_mem: 12312M
[03/19 00:28:23 d2.utils.events]:  eta: 4:20:41  iter: 219  total_loss: 15.83  loss_ce: 0.1996  loss_mask: 0.169  loss_dice: 1.188  loss_ce_0: 0.4092  loss_mask_0: 0.1866  loss_dice_0: 1.763  loss_ce_1: 0.2251  loss_mask_1: 0.2107  loss_dice_1: 1.438  loss_ce_2: 0.2266  loss_mask_2: 0.1622  loss_dice_2: 1.119  loss_ce_3: 0.2132  loss_mask_3: 0.1595  loss_dice_3: 1.132  loss_ce_4: 0.2059  loss_mask_4: 0.1569  loss_dice_4: 0.921  loss_ce_5: 0.2028  loss_mask_5: 0.1614  loss_dice_5: 1.053  loss_ce_6: 0.2035  loss_mask_6: 0.1595  loss_dice_6: 1.09  loss_ce_7: 0.2054  loss_mask_7: 0.1613  loss_dice_7: 1.056  loss_ce_8: 0.2025  loss_mask_8: 0.1622  loss_dice_8: 1.086    time: 0.8080  last_time: 0.7754  data_time: 0.1080  last_data_time: 0.1080   lr: 2.1894e-05  max_mem: 12312M
[03/19 00:28:39 d2.utils.events]:  eta: 4:20:44  iter: 239  total_loss: 13.74  loss_ce: 0.1922  loss_mask: 0.1241  loss_dice: 0.9138  loss_ce_0: 0.5265  loss_mask_0: 0.1773  loss_dice_0: 1.048  loss_ce_1: 0.3696  loss_mask_1: 0.1315  loss_dice_1: 1.113  loss_ce_2: 0.2996  loss_mask_2: 0.1392  loss_dice_2: 0.8853  loss_ce_3: 0.1989  loss_mask_3: 0.1097  loss_dice_3: 0.7871  loss_ce_4: 0.1991  loss_mask_4: 0.1283  loss_dice_4: 1.021  loss_ce_5: 0.2637  loss_mask_5: 0.1353  loss_dice_5: 0.9408  loss_ce_6: 0.2661  loss_mask_6: 0.1203  loss_dice_6: 1.041  loss_ce_7: 0.2475  loss_mask_7: 0.1129  loss_dice_7: 0.8507  loss_ce_8: 0.2209  loss_mask_8: 0.1278  loss_dice_8: 1.051    time: 0.8087  last_time: 0.8259  data_time: 0.1367  last_data_time: 0.1367   lr: 2.3889e-05  max_mem: 12312M
[03/19 00:28:55 d2.utils.events]:  eta: 4:20:19  iter: 259  total_loss: 13.65  loss_ce: 0.1222  loss_mask: 0.1164  loss_dice: 1.201  loss_ce_0: 0.4132  loss_mask_0: 0.2531  loss_dice_0: 1.2  loss_ce_1: 0.14  loss_mask_1: 0.1036  loss_dice_1: 0.9009  loss_ce_2: 0.158  loss_mask_2: 0.1717  loss_dice_2: 1.094  loss_ce_3: 0.1335  loss_mask_3: 0.1645  loss_dice_3: 1.092  loss_ce_4: 0.1242  loss_mask_4: 0.2018  loss_dice_4: 1.109  loss_ce_5: 0.1281  loss_mask_5: 0.09303  loss_dice_5: 1.006  loss_ce_6: 0.1314  loss_mask_6: 0.1129  loss_dice_6: 1.01  loss_ce_7: 0.1247  loss_mask_7: 0.1082  loss_dice_7: 0.9378  loss_ce_8: 0.125  loss_mask_8: 0.0982  loss_dice_8: 1.078    time: 0.8073  last_time: 0.8532  data_time: 0.1898  last_data_time: 0.1898   lr: 2.5884e-05  max_mem: 12314M
[03/19 00:29:12 d2.utils.events]:  eta: 4:20:03  iter: 279  total_loss: 11.23  loss_ce: 0.1716  loss_mask: 0.06633  loss_dice: 0.7374  loss_ce_0: 0.4568  loss_mask_0: 0.08925  loss_dice_0: 0.8757  loss_ce_1: 0.265  loss_mask_1: 0.07464  loss_dice_1: 0.8334  loss_ce_2: 0.1869  loss_mask_2: 0.07071  loss_dice_2: 0.8709  loss_ce_3: 0.1914  loss_mask_3: 0.08658  loss_dice_3: 0.9184  loss_ce_4: 0.1378  loss_mask_4: 0.07564  loss_dice_4: 0.877  loss_ce_5: 0.2372  loss_mask_5: 0.07114  loss_dice_5: 0.7863  loss_ce_6: 0.1838  loss_mask_6: 0.07934  loss_dice_6: 0.8464  loss_ce_7: 0.1701  loss_mask_7: 0.07634  loss_dice_7: 0.813  loss_ce_8: 0.173  loss_mask_8: 0.06497  loss_dice_8: 0.741    time: 0.8073  last_time: 0.7562  data_time: 0.0670  last_data_time: 0.0670   lr: 2.7879e-05  max_mem: 12314M
[03/19 00:29:28 d2.utils.events]:  eta: 4:19:47  iter: 299  total_loss: 15.54  loss_ce: 0.1894  loss_mask: 0.02726  loss_dice: 1.115  loss_ce_0: 0.3009  loss_mask_0: 0.06483  loss_dice_0: 1.216  loss_ce_1: 0.2637  loss_mask_1: 0.0569  loss_dice_1: 1.106  loss_ce_2: 0.1974  loss_mask_2: 0.03343  loss_dice_2: 1.148  loss_ce_3: 0.216  loss_mask_3: 0.04091  loss_dice_3: 1.308  loss_ce_4: 0.1998  loss_mask_4: 0.04232  loss_dice_4: 1.247  loss_ce_5: 0.2117  loss_mask_5: 0.03013  loss_dice_5: 1.091  loss_ce_6: 0.2103  loss_mask_6: 0.0337  loss_dice_6: 1.591  loss_ce_7: 0.1975  loss_mask_7: 0.0321  loss_dice_7: 1.647  loss_ce_8: 0.1915  loss_mask_8: 0.03191  loss_dice_8: 1.498    time: 0.8063  last_time: 0.7952  data_time: 0.1327  last_data_time: 0.1327   lr: 2.9874e-05  max_mem: 12314M
[03/19 00:29:44 d2.utils.events]:  eta: 4:19:57  iter: 319  total_loss: 15.09  loss_ce: 0.154  loss_mask: 0.1036  loss_dice: 1.3  loss_ce_0: 0.2667  loss_mask_0: 0.1764  loss_dice_0: 1.535  loss_ce_1: 0.144  loss_mask_1: 0.108  loss_dice_1: 1.102  loss_ce_2: 0.1711  loss_mask_2: 0.09143  loss_dice_2: 1.042  loss_ce_3: 0.156  loss_mask_3: 0.08292  loss_dice_3: 1.078  loss_ce_4: 0.1615  loss_mask_4: 0.07875  loss_dice_4: 1.177  loss_ce_5: 0.1628  loss_mask_5: 0.08194  loss_dice_5: 1.317  loss_ce_6: 0.1628  loss_mask_6: 0.09331  loss_dice_6: 1.333  loss_ce_7: 0.1567  loss_mask_7: 0.08771  loss_dice_7: 1.164  loss_ce_8: 0.156  loss_mask_8: 0.09619  loss_dice_8: 1.352    time: 0.8067  last_time: 0.8426  data_time: 0.1671  last_data_time: 0.1671   lr: 3.1869e-05  max_mem: 12314M
[03/19 00:30:00 d2.utils.events]:  eta: 4:20:19  iter: 339  total_loss: 16.29  loss_ce: 0.05538  loss_mask: 0.1259  loss_dice: 1.471  loss_ce_0: 0.2715  loss_mask_0: 0.1638  loss_dice_0: 1.383  loss_ce_1: 0.2116  loss_mask_1: 0.0939  loss_dice_1: 1.324  loss_ce_2: 0.06974  loss_mask_2: 0.1135  loss_dice_2: 1.285  loss_ce_3: 0.0613  loss_mask_3: 0.1249  loss_dice_3: 1.39  loss_ce_4: 0.05772  loss_mask_4: 0.1211  loss_dice_4: 1.453  loss_ce_5: 0.05664  loss_mask_5: 0.1116  loss_dice_5: 1.405  loss_ce_6: 0.08071  loss_mask_6: 0.1201  loss_dice_6: 1.449  loss_ce_7: 0.05599  loss_mask_7: 0.127  loss_dice_7: 1.504  loss_ce_8: 0.08512  loss_mask_8: 0.1167  loss_dice_8: 1.401    time: 0.8070  last_time: 0.8428  data_time: 0.1759  last_data_time: 0.1759   lr: 3.3864e-05  max_mem: 12314M
[03/19 00:30:17 d2.utils.events]:  eta: 4:20:15  iter: 359  total_loss: 10.51  loss_ce: 0.1165  loss_mask: 0.03506  loss_dice: 0.8061  loss_ce_0: 0.3695  loss_mask_0: 0.106  loss_dice_0: 0.9062  loss_ce_1: 0.1184  loss_mask_1: 0.1609  loss_dice_1: 1.034  loss_ce_2: 0.09836  loss_mask_2: 0.1401  loss_dice_2: 0.9877  loss_ce_3: 0.08986  loss_mask_3: 0.04235  loss_dice_3: 0.6294  loss_ce_4: 0.0834  loss_mask_4: 0.04112  loss_dice_4: 0.7946  loss_ce_5: 0.08065  loss_mask_5: 0.03817  loss_dice_5: 0.898  loss_ce_6: 0.07813  loss_mask_6: 0.04517  loss_dice_6: 0.8621  loss_ce_7: 0.0798  loss_mask_7: 0.03738  loss_dice_7: 0.8333  loss_ce_8: 0.08174  loss_mask_8: 0.03751  loss_dice_8: 0.8783    time: 0.8073  last_time: 0.7983  data_time: 0.1297  last_data_time: 0.1297   lr: 3.5859e-05  max_mem: 12314M
[03/19 00:30:33 d2.utils.events]:  eta: 4:19:35  iter: 379  total_loss: 11.4  loss_ce: 0.06212  loss_mask: 0.06147  loss_dice: 1.072  loss_ce_0: 0.3354  loss_mask_0: 0.07255  loss_dice_0: 0.9403  loss_ce_1: 0.1168  loss_mask_1: 0.05942  loss_dice_1: 0.9041  loss_ce_2: 0.0868  loss_mask_2: 0.06416  loss_dice_2: 0.8558  loss_ce_3: 0.05718  loss_mask_3: 0.05164  loss_dice_3: 0.9193  loss_ce_4: 0.06165  loss_mask_4: 0.05321  loss_dice_4: 1.045  loss_ce_5: 0.06132  loss_mask_5: 0.05374  loss_dice_5: 1.043  loss_ce_6: 0.06055  loss_mask_6: 0.05299  loss_dice_6: 1.028  loss_ce_7: 0.06292  loss_mask_7: 0.05082  loss_dice_7: 0.9826  loss_ce_8: 0.06124  loss_mask_8: 0.05229  loss_dice_8: 1.071    time: 0.8071  last_time: 0.8323  data_time: 0.1702  last_data_time: 0.1702   lr: 3.7854e-05  max_mem: 12314M
[03/19 00:30:49 d2.utils.events]:  eta: 4:19:07  iter: 399  total_loss: 10.77  loss_ce: 0.08595  loss_mask: 0.08039  loss_dice: 0.8456  loss_ce_0: 0.2724  loss_mask_0: 0.1344  loss_dice_0: 1.2  loss_ce_1: 0.1079  loss_mask_1: 0.07603  loss_dice_1: 0.7812  loss_ce_2: 0.09813  loss_mask_2: 0.0761  loss_dice_2: 0.8229  loss_ce_3: 0.1007  loss_mask_3: 0.07317  loss_dice_3: 0.7744  loss_ce_4: 0.09051  loss_mask_4: 0.07435  loss_dice_4: 0.848  loss_ce_5: 0.09055  loss_mask_5: 0.07565  loss_dice_5: 0.8027  loss_ce_6: 0.09086  loss_mask_6: 0.08075  loss_dice_6: 0.8962  loss_ce_7: 0.08747  loss_mask_7: 0.0876  loss_dice_7: 0.9417  loss_ce_8: 0.08741  loss_mask_8: 0.08209  loss_dice_8: 0.906    time: 0.8068  last_time: 0.7694  data_time: 0.1008  last_data_time: 0.1008   lr: 3.9849e-05  max_mem: 12314M
[03/19 00:31:06 d2.utils.events]:  eta: 4:18:51  iter: 419  total_loss: 8.775  loss_ce: 0.09287  loss_mask: 0.05399  loss_dice: 0.6343  loss_ce_0: 0.3154  loss_mask_0: 0.08941  loss_dice_0: 0.7469  loss_ce_1: 0.1168  loss_mask_1: 0.157  loss_dice_1: 0.8109  loss_ce_2: 0.07698  loss_mask_2: 0.06523  loss_dice_2: 0.7479  loss_ce_3: 0.05438  loss_mask_3: 0.05266  loss_dice_3: 0.6458  loss_ce_4: 0.05038  loss_mask_4: 0.05381  loss_dice_4: 0.6258  loss_ce_5: 0.05475  loss_mask_5: 0.05349  loss_dice_5: 0.6768  loss_ce_6: 0.0551  loss_mask_6: 0.05355  loss_dice_6: 0.7616  loss_ce_7: 0.09256  loss_mask_7: 0.04788  loss_dice_7: 0.696  loss_ce_8: 0.088  loss_mask_8: 0.0504  loss_dice_8: 0.7546    time: 0.8068  last_time: 0.8908  data_time: 0.2352  last_data_time: 0.2352   lr: 4.1844e-05  max_mem: 12314M
[03/19 00:31:22 d2.utils.events]:  eta: 4:18:19  iter: 439  total_loss: 9.842  loss_ce: 0.09395  loss_mask: 0.06881  loss_dice: 0.4168  loss_ce_0: 0.2875  loss_mask_0: 0.08632  loss_dice_0: 0.8798  loss_ce_1: 0.1479  loss_mask_1: 0.04388  loss_dice_1: 0.6463  loss_ce_2: 0.1694  loss_mask_2: 0.05727  loss_dice_2: 0.6848  loss_ce_3: 0.1499  loss_mask_3: 0.06875  loss_dice_3: 0.6452  loss_ce_4: 0.08586  loss_mask_4: 0.07912  loss_dice_4: 0.8629  loss_ce_5: 0.0899  loss_mask_5: 0.09315  loss_dice_5: 0.841  loss_ce_6: 0.09121  loss_mask_6: 0.08425  loss_dice_6: 1.074  loss_ce_7: 0.09331  loss_mask_7: 0.07199  loss_dice_7: 0.9144  loss_ce_8: 0.09766  loss_mask_8: 0.0745  loss_dice_8: 0.842    time: 0.8062  last_time: 0.9106  data_time: 0.2467  last_data_time: 0.2467   lr: 4.3838e-05  max_mem: 12314M
[03/19 00:31:38 d2.utils.events]:  eta: 4:18:08  iter: 459  total_loss: 14.12  loss_ce: 0.07937  loss_mask: 0.07348  loss_dice: 1.234  loss_ce_0: 0.2606  loss_mask_0: 0.1478  loss_dice_0: 1.558  loss_ce_1: 0.08138  loss_mask_1: 0.08952  loss_dice_1: 1.051  loss_ce_2: 0.1268  loss_mask_2: 0.08027  loss_dice_2: 1.11  loss_ce_3: 0.1514  loss_mask_3: 0.1037  loss_dice_3: 1.184  loss_ce_4: 0.0809  loss_mask_4: 0.07873  loss_dice_4: 1.143  loss_ce_5: 0.05997  loss_mask_5: 0.1104  loss_dice_5: 1.328  loss_ce_6: 0.1202  loss_mask_6: 0.09304  loss_dice_6: 1.156  loss_ce_7: 0.05619  loss_mask_7: 0.09487  loss_dice_7: 1.21  loss_ce_8: 0.05878  loss_mask_8: 0.09404  loss_dice_8: 1.106    time: 0.8057  last_time: 0.8160  data_time: 0.1544  last_data_time: 0.1544   lr: 4.5833e-05  max_mem: 12314M
[03/19 00:31:54 d2.utils.events]:  eta: 4:17:47  iter: 479  total_loss: 7.738  loss_ce: 0.05165  loss_mask: 0.04098  loss_dice: 0.6711  loss_ce_0: 0.3727  loss_mask_0: 0.03447  loss_dice_0: 0.6168  loss_ce_1: 0.06067  loss_mask_1: 0.04063  loss_dice_1: 0.6071  loss_ce_2: 0.05696  loss_mask_2: 0.04798  loss_dice_2: 0.7093  loss_ce_3: 0.05287  loss_mask_3: 0.04397  loss_dice_3: 0.6751  loss_ce_4: 0.04852  loss_mask_4: 0.0412  loss_dice_4: 0.5616  loss_ce_5: 0.05219  loss_mask_5: 0.03735  loss_dice_5: 0.614  loss_ce_6: 0.04869  loss_mask_6: 0.03922  loss_dice_6: 0.745  loss_ce_7: 0.04797  loss_mask_7: 0.03562  loss_dice_7: 0.5899  loss_ce_8: 0.05207  loss_mask_8: 0.03578  loss_dice_8: 0.7065    time: 0.8051  last_time: 0.8198  data_time: 0.1525  last_data_time: 0.1525   lr: 4.7828e-05  max_mem: 12314M
[03/19 00:32:11 d2.utils.events]:  eta: 4:17:51  iter: 499  total_loss: 11.77  loss_ce: 0.02726  loss_mask: 0.09213  loss_dice: 0.9945  loss_ce_0: 0.2873  loss_mask_0: 0.1667  loss_dice_0: 1.41  loss_ce_1: 0.04467  loss_mask_1: 0.1113  loss_dice_1: 0.9282  loss_ce_2: 0.03037  loss_mask_2: 0.1427  loss_dice_2: 1.167  loss_ce_3: 0.03104  loss_mask_3: 0.1227  loss_dice_3: 1.095  loss_ce_4: 0.03274  loss_mask_4: 0.1093  loss_dice_4: 0.9543  loss_ce_5: 0.03102  loss_mask_5: 0.09119  loss_dice_5: 0.7863  loss_ce_6: 0.02913  loss_mask_6: 0.09261  loss_dice_6: 0.8921  loss_ce_7: 0.02808  loss_mask_7: 0.08948  loss_dice_7: 0.8986  loss_ce_8: 0.02733  loss_mask_8: 0.08949  loss_dice_8: 0.9691    time: 0.8066  last_time: 0.7387  data_time: 0.0720  last_data_time: 0.0720   lr: 4.9823e-05  max_mem: 12314M
[03/19 00:32:27 d2.utils.events]:  eta: 4:17:35  iter: 519  total_loss: 8.761  loss_ce: 0.08438  loss_mask: 0.06975  loss_dice: 0.6504  loss_ce_0: 0.413  loss_mask_0: 0.101  loss_dice_0: 0.8104  loss_ce_1: 0.126  loss_mask_1: 0.07512  loss_dice_1: 0.6104  loss_ce_2: 0.1041  loss_mask_2: 0.06939  loss_dice_2: 0.6261  loss_ce_3: 0.08881  loss_mask_3: 0.07621  loss_dice_3: 0.7062  loss_ce_4: 0.08895  loss_mask_4: 0.08018  loss_dice_4: 0.7219  loss_ce_5: 0.09046  loss_mask_5: 0.07839  loss_dice_5: 0.6532  loss_ce_6: 0.08625  loss_mask_6: 0.07805  loss_dice_6: 0.6315  loss_ce_7: 0.08321  loss_mask_7: 0.07256  loss_dice_7: 0.6546  loss_ce_8: 0.08778  loss_mask_8: 0.07884  loss_dice_8: 0.6637    time: 0.8064  last_time: 0.8344  data_time: 0.1524  last_data_time: 0.1524   lr: 4.9917e-05  max_mem: 12314M
[03/19 00:32:44 d2.utils.events]:  eta: 4:17:33  iter: 539  total_loss: 5.056  loss_ce: 0.0242  loss_mask: 0.05084  loss_dice: 0.3732  loss_ce_0: 0.2054  loss_mask_0: 0.09091  loss_dice_0: 0.5577  loss_ce_1: 0.02879  loss_mask_1: 0.06157  loss_dice_1: 0.4028  loss_ce_2: 0.03095  loss_mask_2: 0.06002  loss_dice_2: 0.4147  loss_ce_3: 0.02119  loss_mask_3: 0.05875  loss_dice_3: 0.3201  loss_ce_4: 0.02204  loss_mask_4: 0.05126  loss_dice_4: 0.4006  loss_ce_5: 0.02188  loss_mask_5: 0.05905  loss_dice_5: 0.4332  loss_ce_6: 0.02342  loss_mask_6: 0.05674  loss_dice_6: 0.3848  loss_ce_7: 0.02271  loss_mask_7: 0.05742  loss_dice_7: 0.3713  loss_ce_8: 0.023  loss_mask_8: 0.05804  loss_dice_8: 0.3692    time: 0.8073  last_time: 0.7746  data_time: 0.1150  last_data_time: 0.1150   lr: 4.991e-05  max_mem: 12314M
[03/19 00:33:00 d2.utils.events]:  eta: 4:17:17  iter: 559  total_loss: 8.936  loss_ce: 0.05359  loss_mask: 0.06133  loss_dice: 0.6855  loss_ce_0: 0.3082  loss_mask_0: 0.06973  loss_dice_0: 0.86  loss_ce_1: 0.08774  loss_mask_1: 0.06373  loss_dice_1: 0.7644  loss_ce_2: 0.09703  loss_mask_2: 0.06081  loss_dice_2: 0.6971  loss_ce_3: 0.06976  loss_mask_3: 0.06527  loss_dice_3: 0.6685  loss_ce_4: 0.1144  loss_mask_4: 0.06441  loss_dice_4: 0.7975  loss_ce_5: 0.07129  loss_mask_5: 0.05713  loss_dice_5: 0.6244  loss_ce_6: 0.05459  loss_mask_6: 0.06462  loss_dice_6: 0.8532  loss_ce_7: 0.04812  loss_mask_7: 0.0628  loss_dice_7: 0.7232  loss_ce_8: 0.05763  loss_mask_8: 0.05062  loss_dice_8: 0.6799    time: 0.8071  last_time: 0.8148  data_time: 0.1345  last_data_time: 0.1345   lr: 4.9904e-05  max_mem: 12314M
[03/19 00:33:16 d2.utils.events]:  eta: 4:16:57  iter: 579  total_loss: 7.69  loss_ce: 0.04435  loss_mask: 0.05629  loss_dice: 0.5819  loss_ce_0: 0.2189  loss_mask_0: 0.08798  loss_dice_0: 0.6991  loss_ce_1: 0.05133  loss_mask_1: 0.06695  loss_dice_1: 1.032  loss_ce_2: 0.04696  loss_mask_2: 0.04731  loss_dice_2: 0.6705  loss_ce_3: 0.0433  loss_mask_3: 0.04823  loss_dice_3: 0.579  loss_ce_4: 0.0404  loss_mask_4: 0.05433  loss_dice_4: 0.7191  loss_ce_5: 0.04145  loss_mask_5: 0.04393  loss_dice_5: 0.613  loss_ce_6: 0.04695  loss_mask_6: 0.04615  loss_dice_6: 0.5891  loss_ce_7: 0.04507  loss_mask_7: 0.04126  loss_dice_7: 0.4666  loss_ce_8: 0.04417  loss_mask_8: 0.0496  loss_dice_8: 0.5745    time: 0.8062  last_time: 0.8011  data_time: 0.1413  last_data_time: 0.1413   lr: 4.9897e-05  max_mem: 12314M
[03/19 00:33:33 d2.utils.events]:  eta: 4:16:46  iter: 599  total_loss: 11.2  loss_ce: 0.09251  loss_mask: 0.05382  loss_dice: 0.9118  loss_ce_0: 0.3013  loss_mask_0: 0.06747  loss_dice_0: 1.081  loss_ce_1: 0.1223  loss_mask_1: 0.05886  loss_dice_1: 1.053  loss_ce_2: 0.09996  loss_mask_2: 0.05959  loss_dice_2: 0.9008  loss_ce_3: 0.095  loss_mask_3: 0.05406  loss_dice_3: 0.8316  loss_ce_4: 0.106  loss_mask_4: 0.05107  loss_dice_4: 0.8726  loss_ce_5: 0.1312  loss_mask_5: 0.04554  loss_dice_5: 0.9407  loss_ce_6: 0.1374  loss_mask_6: 0.05224  loss_dice_6: 0.8735  loss_ce_7: 0.0954  loss_mask_7: 0.04876  loss_dice_7: 0.909  loss_ce_8: 0.101  loss_mask_8: 0.05531  loss_dice_8: 0.9981    time: 0.8063  last_time: 0.7948  data_time: 0.1174  last_data_time: 0.1174   lr: 4.9889e-05  max_mem: 12314M
[03/19 00:33:49 d2.utils.events]:  eta: 4:16:21  iter: 619  total_loss: 21.36  loss_ce: 0.1056  loss_mask: 0.1842  loss_dice: 1.814  loss_ce_0: 0.2249  loss_mask_0: 0.207  loss_dice_0: 1.894  loss_ce_1: 0.1444  loss_mask_1: 0.1912  loss_dice_1: 1.758  loss_ce_2: 0.1003  loss_mask_2: 0.1629  loss_dice_2: 1.861  loss_ce_3: 0.226  loss_mask_3: 0.1581  loss_dice_3: 1.582  loss_ce_4: 0.1293  loss_mask_4: 0.1967  loss_dice_4: 1.767  loss_ce_5: 0.1113  loss_mask_5: 0.1644  loss_dice_5: 2.181  loss_ce_6: 0.148  loss_mask_6: 0.1793  loss_dice_6: 1.966  loss_ce_7: 0.173  loss_mask_7: 0.1733  loss_dice_7: 1.354  loss_ce_8: 0.1074  loss_mask_8: 0.1588  loss_dice_8: 1.94    time: 0.8065  last_time: 0.8043  data_time: 0.1423  last_data_time: 0.1423   lr: 4.9882e-05  max_mem: 12314M
[03/19 00:34:06 d2.utils.events]:  eta: 4:16:05  iter: 639  total_loss: 8.202  loss_ce: 0.05896  loss_mask: 0.05255  loss_dice: 0.7381  loss_ce_0: 0.3276  loss_mask_0: 0.08026  loss_dice_0: 0.6164  loss_ce_1: 0.1246  loss_mask_1: 0.06321  loss_dice_1: 0.6209  loss_ce_2: 0.08404  loss_mask_2: 0.05038  loss_dice_2: 0.6153  loss_ce_3: 0.07781  loss_mask_3: 0.05199  loss_dice_3: 0.6358  loss_ce_4: 0.137  loss_mask_4: 0.05958  loss_dice_4: 0.5343  loss_ce_5: 0.06186  loss_mask_5: 0.05706  loss_dice_5: 0.6393  loss_ce_6: 0.1225  loss_mask_6: 0.05718  loss_dice_6: 0.5981  loss_ce_7: 0.06275  loss_mask_7: 0.05637  loss_dice_7: 0.7854  loss_ce_8: 0.1101  loss_mask_8: 0.05467  loss_dice_8: 0.6677    time: 0.8070  last_time: 1.1155  data_time: 0.4406  last_data_time: 0.4406   lr: 4.9874e-05  max_mem: 12314M
[03/19 00:34:22 d2.utils.events]:  eta: 4:15:50  iter: 659  total_loss: 9.052  loss_ce: 0.06591  loss_mask: 0.03738  loss_dice: 0.7716  loss_ce_0: 0.3888  loss_mask_0: 0.0478  loss_dice_0: 0.8092  loss_ce_1: 0.166  loss_mask_1: 0.03552  loss_dice_1: 0.643  loss_ce_2: 0.1946  loss_mask_2: 0.03811  loss_dice_2: 0.6898  loss_ce_3: 0.08848  loss_mask_3: 0.04537  loss_dice_3: 0.7025  loss_ce_4: 0.08247  loss_mask_4: 0.03977  loss_dice_4: 0.6887  loss_ce_5: 0.06953  loss_mask_5: 0.0452  loss_dice_5: 0.7949  loss_ce_6: 0.07082  loss_mask_6: 0.05212  loss_dice_6: 0.8326  loss_ce_7: 0.06529  loss_mask_7: 0.04448  loss_dice_7: 0.7403  loss_ce_8: 0.06615  loss_mask_8: 0.04344  loss_dice_8: 0.6926    time: 0.8069  last_time: 0.7893  data_time: 0.1203  last_data_time: 0.1203   lr: 4.9866e-05  max_mem: 12314M
[03/19 00:34:38 d2.utils.events]:  eta: 4:15:37  iter: 679  total_loss: 8.771  loss_ce: 0.04053  loss_mask: 0.06788  loss_dice: 0.7098  loss_ce_0: 0.2237  loss_mask_0: 0.1154  loss_dice_0: 1.019  loss_ce_1: 0.0597  loss_mask_1: 0.06417  loss_dice_1: 0.6727  loss_ce_2: 0.04372  loss_mask_2: 0.06548  loss_dice_2: 0.7518  loss_ce_3: 0.05052  loss_mask_3: 0.07519  loss_dice_3: 0.8529  loss_ce_4: 0.04882  loss_mask_4: 0.05811  loss_dice_4: 0.8797  loss_ce_5: 0.04204  loss_mask_5: 0.05778  loss_dice_5: 0.5724  loss_ce_6: 0.03845  loss_mask_6: 0.06422  loss_dice_6: 0.638  loss_ce_7: 0.04171  loss_mask_7: 0.0577  loss_dice_7: 0.718  loss_ce_8: 0.03974  loss_mask_8: 0.0604  loss_dice_8: 0.6408    time: 0.8071  last_time: 0.8173  data_time: 0.1448  last_data_time: 0.1448   lr: 4.9858e-05  max_mem: 12314M
[03/19 00:34:54 d2.utils.events]:  eta: 4:14:58  iter: 699  total_loss: 14.93  loss_ce: 0.2131  loss_mask: 0.07525  loss_dice: 1.133  loss_ce_0: 0.3003  loss_mask_0: 0.1036  loss_dice_0: 1.264  loss_ce_1: 0.2232  loss_mask_1: 0.08313  loss_dice_1: 1.141  loss_ce_2: 0.2157  loss_mask_2: 0.09026  loss_dice_2: 1.265  loss_ce_3: 0.2156  loss_mask_3: 0.0797  loss_dice_3: 1.059  loss_ce_4: 0.1756  loss_mask_4: 0.08509  loss_dice_4: 1.304  loss_ce_5: 0.2211  loss_mask_5: 0.08565  loss_dice_5: 1.216  loss_ce_6: 0.2134  loss_mask_6: 0.07282  loss_dice_6: 1.146  loss_ce_7: 0.1799  loss_mask_7: 0.07774  loss_dice_7: 1.284  loss_ce_8: 0.1977  loss_mask_8: 0.07342  loss_dice_8: 1.135    time: 0.8063  last_time: 0.7481  data_time: 0.0760  last_data_time: 0.0760   lr: 4.9849e-05  max_mem: 12314M
[03/19 00:35:11 d2.utils.events]:  eta: 4:14:40  iter: 719  total_loss: 13.1  loss_ce: 0.1241  loss_mask: 0.06106  loss_dice: 1.276  loss_ce_0: 0.2621  loss_mask_0: 0.137  loss_dice_0: 1.643  loss_ce_1: 0.1285  loss_mask_1: 0.06305  loss_dice_1: 1.138  loss_ce_2: 0.1545  loss_mask_2: 0.06838  loss_dice_2: 1.132  loss_ce_3: 0.179  loss_mask_3: 0.05035  loss_dice_3: 0.8413  loss_ce_4: 0.0995  loss_mask_4: 0.0582  loss_dice_4: 1.098  loss_ce_5: 0.1193  loss_mask_5: 0.05486  loss_dice_5: 0.8625  loss_ce_6: 0.1442  loss_mask_6: 0.05219  loss_dice_6: 0.8005  loss_ce_7: 0.1233  loss_mask_7: 0.04974  loss_dice_7: 0.872  loss_ce_8: 0.08303  loss_mask_8: 0.06986  loss_dice_8: 1.354    time: 0.8065  last_time: 0.8227  data_time: 0.1531  last_data_time: 0.1531   lr: 4.9841e-05  max_mem: 12314M
[03/19 00:35:28 d2.utils.events]:  eta: 4:14:17  iter: 739  total_loss: 8.13  loss_ce: 0.0368  loss_mask: 0.04426  loss_dice: 0.7643  loss_ce_0: 0.1808  loss_mask_0: 0.09419  loss_dice_0: 1.129  loss_ce_1: 0.04741  loss_mask_1: 0.03797  loss_dice_1: 0.5518  loss_ce_2: 0.04036  loss_mask_2: 0.03246  loss_dice_2: 0.6163  loss_ce_3: 0.03711  loss_mask_3: 0.0403  loss_dice_3: 0.705  loss_ce_4: 0.03812  loss_mask_4: 0.0446  loss_dice_4: 0.7487  loss_ce_5: 0.03891  loss_mask_5: 0.03711  loss_dice_5: 0.7022  loss_ce_6: 0.03628  loss_mask_6: 0.03494  loss_dice_6: 0.5848  loss_ce_7: 0.03584  loss_mask_7: 0.03902  loss_dice_7: 0.6508  loss_ce_8: 0.03725  loss_mask_8: 0.03996  loss_dice_8: 0.7033    time: 0.8072  last_time: 0.8211  data_time: 0.1439  last_data_time: 0.1439   lr: 4.9832e-05  max_mem: 12314M
[03/19 00:35:44 d2.utils.events]:  eta: 4:14:06  iter: 759  total_loss: 14.41  loss_ce: 0.07468  loss_mask: 0.1166  loss_dice: 1.118  loss_ce_0: 0.2342  loss_mask_0: 0.2783  loss_dice_0: 1.733  loss_ce_1: 0.08437  loss_mask_1: 0.1427  loss_dice_1: 1.066  loss_ce_2: 0.07239  loss_mask_2: 0.1384  loss_dice_2: 1.079  loss_ce_3: 0.02774  loss_mask_3: 0.1215  loss_dice_3: 1.101  loss_ce_4: 0.02606  loss_mask_4: 0.1535  loss_dice_4: 1.297  loss_ce_5: 0.02726  loss_mask_5: 0.1548  loss_dice_5: 1.215  loss_ce_6: 0.02806  loss_mask_6: 0.1469  loss_dice_6: 1.2  loss_ce_7: 0.03007  loss_mask_7: 0.1787  loss_dice_7: 1.181  loss_ce_8: 0.0845  loss_mask_8: 0.1367  loss_dice_8: 1.161    time: 0.8072  last_time: 0.8171  data_time: 0.1461  last_data_time: 0.1461   lr: 4.9823e-05  max_mem: 12314M
[03/19 00:36:01 d2.utils.events]:  eta: 4:13:55  iter: 779  total_loss: 16.45  loss_ce: 0.1517  loss_mask: 0.07703  loss_dice: 1.352  loss_ce_0: 0.4549  loss_mask_0: 0.08959  loss_dice_0: 1.411  loss_ce_1: 0.2004  loss_mask_1: 0.06626  loss_dice_1: 1.276  loss_ce_2: 0.08384  loss_mask_2: 0.08374  loss_dice_2: 1.396  loss_ce_3: 0.09327  loss_mask_3: 0.07502  loss_dice_3: 1.48  loss_ce_4: 0.1958  loss_mask_4: 0.06961  loss_dice_4: 1.373  loss_ce_5: 0.1411  loss_mask_5: 0.0793  loss_dice_5: 1.437  loss_ce_6: 0.1276  loss_mask_6: 0.07541  loss_dice_6: 1.398  loss_ce_7: 0.154  loss_mask_7: 0.08349  loss_dice_7: 1.403  loss_ce_8: 0.1382  loss_mask_8: 0.07525  loss_dice_8: 1.405    time: 0.8074  last_time: 0.8569  data_time: 0.1799  last_data_time: 0.1799   lr: 4.9813e-05  max_mem: 12314M
[03/19 00:36:17 d2.utils.events]:  eta: 4:13:39  iter: 799  total_loss: 10.83  loss_ce: 0.03612  loss_mask: 0.05151  loss_dice: 0.8936  loss_ce_0: 0.2323  loss_mask_0: 0.1185  loss_dice_0: 1.154  loss_ce_1: 0.1356  loss_mask_1: 0.1029  loss_dice_1: 1.177  loss_ce_2: 0.05547  loss_mask_2: 0.06699  loss_dice_2: 0.9319  loss_ce_3: 0.04375  loss_mask_3: 0.06103  loss_dice_3: 0.9458  loss_ce_4: 0.03942  loss_mask_4: 0.06183  loss_dice_4: 0.9756  loss_ce_5: 0.04233  loss_mask_5: 0.05292  loss_dice_5: 0.8388  loss_ce_6: 0.03709  loss_mask_6: 0.05323  loss_dice_6: 0.8405  loss_ce_7: 0.03847  loss_mask_7: 0.05509  loss_dice_7: 0.8361  loss_ce_8: 0.03704  loss_mask_8: 0.05782  loss_dice_8: 0.8557    time: 0.8075  last_time: 0.8399  data_time: 0.1765  last_data_time: 0.1765   lr: 4.9803e-05  max_mem: 12314M
[03/19 00:36:34 d2.utils.events]:  eta: 4:13:52  iter: 819  total_loss: 12.38  loss_ce: 0.09124  loss_mask: 0.06922  loss_dice: 1.021  loss_ce_0: 0.2195  loss_mask_0: 0.06406  loss_dice_0: 1.007  loss_ce_1: 0.1447  loss_mask_1: 0.0712  loss_dice_1: 0.9738  loss_ce_2: 0.1357  loss_mask_2: 0.06246  loss_dice_2: 1.197  loss_ce_3: 0.2297  loss_mask_3: 0.0584  loss_dice_3: 0.9437  loss_ce_4: 0.144  loss_mask_4: 0.07115  loss_dice_4: 1.086  loss_ce_5: 0.197  loss_mask_5: 0.05963  loss_dice_5: 1.034  loss_ce_6: 0.09472  loss_mask_6: 0.05487  loss_dice_6: 0.8525  loss_ce_7: 0.1483  loss_mask_7: 0.06768  loss_dice_7: 0.9609  loss_ce_8: 0.1461  loss_mask_8: 0.0647  loss_dice_8: 1.113    time: 0.8082  last_time: 0.7981  data_time: 0.1165  last_data_time: 0.1165   lr: 4.9793e-05  max_mem: 12314M
[03/19 00:36:51 d2.utils.events]:  eta: 4:13:30  iter: 839  total_loss: 13.54  loss_ce: 0.1287  loss_mask: 0.04926  loss_dice: 1.295  loss_ce_0: 0.3976  loss_mask_0: 0.0514  loss_dice_0: 0.9646  loss_ce_1: 0.1083  loss_mask_1: 0.0479  loss_dice_1: 1.118  loss_ce_2: 0.1301  loss_mask_2: 0.05643  loss_dice_2: 1.121  loss_ce_3: 0.1463  loss_mask_3: 0.04536  loss_dice_3: 1.13  loss_ce_4: 0.1597  loss_mask_4: 0.04524  loss_dice_4: 1.108  loss_ce_5: 0.1552  loss_mask_5: 0.05095  loss_dice_5: 1.227  loss_ce_6: 0.1473  loss_mask_6: 0.05196  loss_dice_6: 1.193  loss_ce_7: 0.1364  loss_mask_7: 0.04484  loss_dice_7: 1.172  loss_ce_8: 0.1296  loss_mask_8: 0.04233  loss_dice_8: 1.086    time: 0.8082  last_time: 0.8890  data_time: 0.2060  last_data_time: 0.2060   lr: 4.9783e-05  max_mem: 12314M
[03/19 00:37:07 d2.utils.events]:  eta: 4:13:14  iter: 859  total_loss: 8.951  loss_ce: 0.04637  loss_mask: 0.06219  loss_dice: 0.7545  loss_ce_0: 0.2061  loss_mask_0: 0.07305  loss_dice_0: 0.7333  loss_ce_1: 0.05623  loss_mask_1: 0.06513  loss_dice_1: 0.8042  loss_ce_2: 0.04522  loss_mask_2: 0.06136  loss_dice_2: 0.5831  loss_ce_3: 0.06278  loss_mask_3: 0.06674  loss_dice_3: 0.8843  loss_ce_4: 0.05168  loss_mask_4: 0.05761  loss_dice_4: 0.639  loss_ce_5: 0.04903  loss_mask_5: 0.06605  loss_dice_5: 0.7531  loss_ce_6: 0.05102  loss_mask_6: 0.06563  loss_dice_6: 0.9362  loss_ce_7: 0.04816  loss_mask_7: 0.06392  loss_dice_7: 0.7631  loss_ce_8: 0.04454  loss_mask_8: 0.05983  loss_dice_8: 0.7975    time: 0.8084  last_time: 0.8081  data_time: 0.1431  last_data_time: 0.1431   lr: 4.9773e-05  max_mem: 12314M
[03/19 00:37:23 d2.utils.events]:  eta: 4:12:50  iter: 879  total_loss: 14.75  loss_ce: 0.2077  loss_mask: 0.064  loss_dice: 1.067  loss_ce_0: 0.3817  loss_mask_0: 0.1524  loss_dice_0: 1.438  loss_ce_1: 0.1999  loss_mask_1: 0.07669  loss_dice_1: 1.094  loss_ce_2: 0.1903  loss_mask_2: 0.08724  loss_dice_2: 1.198  loss_ce_3: 0.294  loss_mask_3: 0.05923  loss_dice_3: 1.081  loss_ce_4: 0.264  loss_mask_4: 0.06742  loss_dice_4: 1.097  loss_ce_5: 0.2294  loss_mask_5: 0.06107  loss_dice_5: 1.07  loss_ce_6: 0.3096  loss_mask_6: 0.06653  loss_dice_6: 1.229  loss_ce_7: 0.2053  loss_mask_7: 0.06621  loss_dice_7: 1.158  loss_ce_8: 0.2087  loss_mask_8: 0.06094  loss_dice_8: 1.071    time: 0.8079  last_time: 0.8343  data_time: 0.1561  last_data_time: 0.1561   lr: 4.9762e-05  max_mem: 12314M
[03/19 00:37:40 d2.utils.events]:  eta: 4:12:39  iter: 899  total_loss: 10.01  loss_ce: 0.03484  loss_mask: 0.04312  loss_dice: 0.7496  loss_ce_0: 0.2097  loss_mask_0: 0.06727  loss_dice_0: 1.297  loss_ce_1: 0.05788  loss_mask_1: 0.06929  loss_dice_1: 1.109  loss_ce_2: 0.0271  loss_mask_2: 0.04535  loss_dice_2: 0.8468  loss_ce_3: 0.03774  loss_mask_3: 0.03894  loss_dice_3: 0.6438  loss_ce_4: 0.0317  loss_mask_4: 0.04258  loss_dice_4: 0.7758  loss_ce_5: 0.03027  loss_mask_5: 0.04781  loss_dice_5: 0.86  loss_ce_6: 0.03353  loss_mask_6: 0.04789  loss_dice_6: 0.827  loss_ce_7: 0.05888  loss_mask_7: 0.04005  loss_dice_7: 1.031  loss_ce_8: 0.109  loss_mask_8: 0.04135  loss_dice_8: 0.7503    time: 0.8081  last_time: 0.8289  data_time: 0.1676  last_data_time: 0.1676   lr: 4.9751e-05  max_mem: 12314M
[03/19 00:37:56 d2.utils.events]:  eta: 4:12:23  iter: 919  total_loss: 18.8  loss_ce: 0.1525  loss_mask: 0.1223  loss_dice: 1.417  loss_ce_0: 0.304  loss_mask_0: 0.2603  loss_dice_0: 1.691  loss_ce_1: 0.1087  loss_mask_1: 0.2251  loss_dice_1: 1.797  loss_ce_2: 0.07514  loss_mask_2: 0.229  loss_dice_2: 1.776  loss_ce_3: 0.05651  loss_mask_3: 0.1876  loss_dice_3: 1.622  loss_ce_4: 0.1585  loss_mask_4: 0.1147  loss_dice_4: 1.445  loss_ce_5: 0.1035  loss_mask_5: 0.1372  loss_dice_5: 1.507  loss_ce_6: 0.0933  loss_mask_6: 0.1501  loss_dice_6: 1.524  loss_ce_7: 0.09795  loss_mask_7: 0.1457  loss_dice_7: 1.523  loss_ce_8: 0.1104  loss_mask_8: 0.1332  loss_dice_8: 1.535    time: 0.8080  last_time: 0.9363  data_time: 0.2405  last_data_time: 0.2405   lr: 4.974e-05  max_mem: 12314M
[03/19 00:38:12 d2.utils.events]:  eta: 4:12:11  iter: 939  total_loss: 12.09  loss_ce: 0.1133  loss_mask: 0.04627  loss_dice: 1.105  loss_ce_0: 0.2397  loss_mask_0: 0.05318  loss_dice_0: 0.9015  loss_ce_1: 0.1907  loss_mask_1: 0.04676  loss_dice_1: 1.07  loss_ce_2: 0.1166  loss_mask_2: 0.04833  loss_dice_2: 1.042  loss_ce_3: 0.1691  loss_mask_3: 0.03652  loss_dice_3: 0.9463  loss_ce_4: 0.08044  loss_mask_4: 0.04835  loss_dice_4: 1.238  loss_ce_5: 0.08595  loss_mask_5: 0.04618  loss_dice_5: 1.096  loss_ce_6: 0.07546  loss_mask_6: 0.04444  loss_dice_6: 0.9599  loss_ce_7: 0.07613  loss_mask_7: 0.04919  loss_dice_7: 1.02  loss_ce_8: 0.07714  loss_mask_8: 0.045  loss_dice_8: 1.024    time: 0.8081  last_time: 0.8498  data_time: 0.1756  last_data_time: 0.1756   lr: 4.9729e-05  max_mem: 12314M
[03/19 00:38:29 d2.utils.events]:  eta: 4:12:07  iter: 959  total_loss: 11  loss_ce: 0.1058  loss_mask: 0.0522  loss_dice: 0.9143  loss_ce_0: 0.2494  loss_mask_0: 0.1169  loss_dice_0: 1.232  loss_ce_1: 0.1125  loss_mask_1: 0.06835  loss_dice_1: 0.8167  loss_ce_2: 0.06322  loss_mask_2: 0.06389  loss_dice_2: 0.8591  loss_ce_3: 0.09324  loss_mask_3: 0.06666  loss_dice_3: 0.9225  loss_ce_4: 0.1048  loss_mask_4: 0.05905  loss_dice_4: 0.9681  loss_ce_5: 0.06358  loss_mask_5: 0.05079  loss_dice_5: 0.9125  loss_ce_6: 0.0953  loss_mask_6: 0.05911  loss_dice_6: 0.8339  loss_ce_7: 0.09463  loss_mask_7: 0.05688  loss_dice_7: 0.8872  loss_ce_8: 0.06058  loss_mask_8: 0.05576  loss_dice_8: 0.9617    time: 0.8085  last_time: 0.8125  data_time: 0.1397  last_data_time: 0.1397   lr: 4.9717e-05  max_mem: 12314M
[03/19 00:38:45 d2.utils.events]:  eta: 4:11:51  iter: 979  total_loss: 8.472  loss_ce: 0.04629  loss_mask: 0.0512  loss_dice: 0.5992  loss_ce_0: 0.4465  loss_mask_0: 0.08942  loss_dice_0: 0.9312  loss_ce_1: 0.1558  loss_mask_1: 0.06207  loss_dice_1: 0.9276  loss_ce_2: 0.0659  loss_mask_2: 0.05377  loss_dice_2: 0.6875  loss_ce_3: 0.06158  loss_mask_3: 0.04874  loss_dice_3: 0.6226  loss_ce_4: 0.04996  loss_mask_4: 0.04679  loss_dice_4: 0.6009  loss_ce_5: 0.04594  loss_mask_5: 0.06455  loss_dice_5: 0.6892  loss_ce_6: 0.04186  loss_mask_6: 0.05773  loss_dice_6: 0.6736  loss_ce_7: 0.04587  loss_mask_7: 0.04961  loss_dice_7: 0.5665  loss_ce_8: 0.04571  loss_mask_8: 0.05224  loss_dice_8: 0.5924    time: 0.8084  last_time: 0.8804  data_time: 0.1965  last_data_time: 0.1965   lr: 4.9705e-05  max_mem: 12314M
[03/19 00:39:01 d2.utils.events]:  eta: 4:11:35  iter: 999  total_loss: 15.02  loss_ce: 0.05249  loss_mask: 0.07189  loss_dice: 1.124  loss_ce_0: 0.2719  loss_mask_0: 0.132  loss_dice_0: 1.706  loss_ce_1: 0.159  loss_mask_1: 0.0585  loss_dice_1: 1.227  loss_ce_2: 0.09369  loss_mask_2: 0.07636  loss_dice_2: 1.148  loss_ce_3: 0.1105  loss_mask_3: 0.07781  loss_dice_3: 1.235  loss_ce_4: 0.1215  loss_mask_4: 0.0689  loss_dice_4: 1.25  loss_ce_5: 0.1575  loss_mask_5: 0.06943  loss_dice_5: 1.192  loss_ce_6: 0.04458  loss_mask_6: 0.0841  loss_dice_6: 1.346  loss_ce_7: 0.1721  loss_mask_7: 0.08035  loss_dice_7: 1.37  loss_ce_8: 0.1675  loss_mask_8: 0.06923  loss_dice_8: 1.28    time: 0.8082  last_time: 0.8566  data_time: 0.1902  last_data_time: 0.1902   lr: 4.9693e-05  max_mem: 12314M
[03/19 00:39:18 d2.utils.events]:  eta: 4:11:25  iter: 1019  total_loss: 12.34  loss_ce: 0.05123  loss_mask: 0.03263  loss_dice: 1.131  loss_ce_0: 0.2132  loss_mask_0: 0.06787  loss_dice_0: 1.147  loss_ce_1: 0.08027  loss_mask_1: 0.04698  loss_dice_1: 1.102  loss_ce_2: 0.0666  loss_mask_2: 0.0477  loss_dice_2: 1.313  loss_ce_3: 0.09841  loss_mask_3: 0.04498  loss_dice_3: 0.8723  loss_ce_4: 0.08494  loss_mask_4: 0.0441  loss_dice_4: 1.025  loss_ce_5: 0.04383  loss_mask_5: 0.036  loss_dice_5: 1.039  loss_ce_6: 0.05077  loss_mask_6: 0.04007  loss_dice_6: 1.09  loss_ce_7: 0.04989  loss_mask_7: 0.04012  loss_dice_7: 1.249  loss_ce_8: 0.05323  loss_mask_8: 0.03853  loss_dice_8: 1.143    time: 0.8086  last_time: 0.8102  data_time: 0.1473  last_data_time: 0.1473   lr: 4.968e-05  max_mem: 12314M
[03/19 00:39:35 d2.utils.events]:  eta: 4:11:12  iter: 1039  total_loss: 16.51  loss_ce: 0.1213  loss_mask: 0.09952  loss_dice: 1.528  loss_ce_0: 0.3465  loss_mask_0: 0.09255  loss_dice_0: 1.37  loss_ce_1: 0.1249  loss_mask_1: 0.09538  loss_dice_1: 1.417  loss_ce_2: 0.176  loss_mask_2: 0.0952  loss_dice_2: 1.424  loss_ce_3: 0.1464  loss_mask_3: 0.09062  loss_dice_3: 1.366  loss_ce_4: 0.1224  loss_mask_4: 0.0881  loss_dice_4: 1.391  loss_ce_5: 0.1318  loss_mask_5: 0.0874  loss_dice_5: 1.385  loss_ce_6: 0.2106  loss_mask_6: 0.1022  loss_dice_6: 1.356  loss_ce_7: 0.1496  loss_mask_7: 0.09544  loss_dice_7: 1.333  loss_ce_8: 0.1753  loss_mask_8: 0.08948  loss_dice_8: 1.299    time: 0.8087  last_time: 0.9581  data_time: 0.2751  last_data_time: 0.2751   lr: 4.9668e-05  max_mem: 12314M
[03/19 00:39:51 d2.utils.events]:  eta: 4:10:57  iter: 1059  total_loss: 11.49  loss_ce: 0.1094  loss_mask: 0.02625  loss_dice: 0.9132  loss_ce_0: 0.1967  loss_mask_0: 0.03613  loss_dice_0: 1.292  loss_ce_1: 0.1195  loss_mask_1: 0.03305  loss_dice_1: 0.9658  loss_ce_2: 0.1076  loss_mask_2: 0.02908  loss_dice_2: 0.9454  loss_ce_3: 0.1155  loss_mask_3: 0.02755  loss_dice_3: 0.8906  loss_ce_4: 0.1345  loss_mask_4: 0.03791  loss_dice_4: 1.281  loss_ce_5: 0.105  loss_mask_5: 0.02565  loss_dice_5: 0.8782  loss_ce_6: 0.1173  loss_mask_6: 0.02654  loss_dice_6: 0.9442  loss_ce_7: 0.1076  loss_mask_7: 0.02476  loss_dice_7: 0.877  loss_ce_8: 0.1021  loss_mask_8: 0.02601  loss_dice_8: 0.9993    time: 0.8088  last_time: 0.7919  data_time: 0.1149  last_data_time: 0.1149   lr: 4.9655e-05  max_mem: 12314M
[03/19 00:40:08 d2.utils.events]:  eta: 4:10:44  iter: 1079  total_loss: 9.933  loss_ce: 0.01886  loss_mask: 0.08175  loss_dice: 0.8191  loss_ce_0: 0.1735  loss_mask_0: 0.1158  loss_dice_0: 1.01  loss_ce_1: 0.02476  loss_mask_1: 0.08257  loss_dice_1: 0.8127  loss_ce_2: 0.05516  loss_mask_2: 0.08074  loss_dice_2: 0.9496  loss_ce_3: 0.03872  loss_mask_3: 0.07119  loss_dice_3: 0.7832  loss_ce_4: 0.02487  loss_mask_4: 0.06322  loss_dice_4: 0.8093  loss_ce_5: 0.02167  loss_mask_5: 0.06936  loss_dice_5: 0.8837  loss_ce_6: 0.01818  loss_mask_6: 0.0666  loss_dice_6: 0.893  loss_ce_7: 0.01703  loss_mask_7: 0.07011  loss_dice_7: 0.9175  loss_ce_8: 0.01968  loss_mask_8: 0.07646  loss_dice_8: 0.8644    time: 0.8089  last_time: 0.8211  data_time: 0.1568  last_data_time: 0.1568   lr: 4.9642e-05  max_mem: 12314M
[03/19 00:40:24 d2.utils.events]:  eta: 4:10:31  iter: 1099  total_loss: 13.32  loss_ce: 0.08099  loss_mask: 0.07178  loss_dice: 1.129  loss_ce_0: 0.3942  loss_mask_0: 0.07422  loss_dice_0: 1.196  loss_ce_1: 0.08482  loss_mask_1: 0.08141  loss_dice_1: 1.13  loss_ce_2: 0.1324  loss_mask_2: 0.08428  loss_dice_2: 1.032  loss_ce_3: 0.09721  loss_mask_3: 0.103  loss_dice_3: 1.124  loss_ce_4: 0.1054  loss_mask_4: 0.09054  loss_dice_4: 1.204  loss_ce_5: 0.111  loss_mask_5: 0.08086  loss_dice_5: 1.063  loss_ce_6: 0.114  loss_mask_6: 0.08399  loss_dice_6: 1.094  loss_ce_7: 0.0597  loss_mask_7: 0.0808  loss_dice_7: 1.217  loss_ce_8: 0.1113  loss_mask_8: 0.08879  loss_dice_8: 1.002    time: 0.8088  last_time: 0.8421  data_time: 0.1698  last_data_time: 0.1698   lr: 4.9628e-05  max_mem: 12314M
[03/19 00:40:41 d2.utils.events]:  eta: 4:10:26  iter: 1119  total_loss: 7.821  loss_ce: 0.04009  loss_mask: 0.05205  loss_dice: 0.5982  loss_ce_0: 0.2759  loss_mask_0: 0.08674  loss_dice_0: 0.9927  loss_ce_1: 0.1122  loss_mask_1: 0.04969  loss_dice_1: 0.6055  loss_ce_2: 0.1063  loss_mask_2: 0.05541  loss_dice_2: 0.6253  loss_ce_3: 0.0434  loss_mask_3: 0.06309  loss_dice_3: 0.5946  loss_ce_4: 0.04056  loss_mask_4: 0.05819  loss_dice_4: 0.619  loss_ce_5: 0.03818  loss_mask_5: 0.05191  loss_dice_5: 0.595  loss_ce_6: 0.03815  loss_mask_6: 0.05608  loss_dice_6: 0.6648  loss_ce_7: 0.04352  loss_mask_7: 0.053  loss_dice_7: 0.5825  loss_ce_8: 0.04109  loss_mask_8: 0.05486  loss_dice_8: 0.5832    time: 0.8092  last_time: 0.8020  data_time: 0.1242  last_data_time: 0.1242   lr: 4.9615e-05  max_mem: 12314M
[03/19 00:40:57 d2.utils.events]:  eta: 4:10:08  iter: 1139  total_loss: 7.321  loss_ce: 0.02699  loss_mask: 0.05247  loss_dice: 0.6196  loss_ce_0: 0.1813  loss_mask_0: 0.08337  loss_dice_0: 0.6663  loss_ce_1: 0.04759  loss_mask_1: 0.05849  loss_dice_1: 0.8089  loss_ce_2: 0.02861  loss_mask_2: 0.04916  loss_dice_2: 0.6125  loss_ce_3: 0.03518  loss_mask_3: 0.04937  loss_dice_3: 0.5588  loss_ce_4: 0.02863  loss_mask_4: 0.04782  loss_dice_4: 0.5488  loss_ce_5: 0.02422  loss_mask_5: 0.05763  loss_dice_5: 0.7373  loss_ce_6: 0.02593  loss_mask_6: 0.0505  loss_dice_6: 0.6144  loss_ce_7: 0.02557  loss_mask_7: 0.0502  loss_dice_7: 0.6288  loss_ce_8: 0.02544  loss_mask_8: 0.04655  loss_dice_8: 0.5301    time: 0.8092  last_time: 0.8025  data_time: 0.1299  last_data_time: 0.1299   lr: 4.9601e-05  max_mem: 12314M
[03/19 00:41:13 d2.utils.events]:  eta: 4:09:55  iter: 1159  total_loss: 10.4  loss_ce: 0.1147  loss_mask: 0.04574  loss_dice: 0.7873  loss_ce_0: 0.2699  loss_mask_0: 0.07457  loss_dice_0: 1.108  loss_ce_1: 0.1125  loss_mask_1: 0.04852  loss_dice_1: 0.8643  loss_ce_2: 0.1087  loss_mask_2: 0.04401  loss_dice_2: 0.7574  loss_ce_3: 0.1062  loss_mask_3: 0.04694  loss_dice_3: 0.7156  loss_ce_4: 0.08324  loss_mask_4: 0.049  loss_dice_4: 1.006  loss_ce_5: 0.08781  loss_mask_5: 0.04718  loss_dice_5: 0.8852  loss_ce_6: 0.09046  loss_mask_6: 0.04454  loss_dice_6: 0.8735  loss_ce_7: 0.08362  loss_mask_7: 0.05171  loss_dice_7: 0.8304  loss_ce_8: 0.08576  loss_mask_8: 0.04914  loss_dice_8: 0.927    time: 0.8092  last_time: 0.8235  data_time: 0.1407  last_data_time: 0.1407   lr: 4.9587e-05  max_mem: 12314M
[03/19 00:41:29 d2.utils.events]:  eta: 4:09:38  iter: 1179  total_loss: 15.15  loss_ce: 0.09536  loss_mask: 0.08552  loss_dice: 1.28  loss_ce_0: 0.2516  loss_mask_0: 0.09817  loss_dice_0: 1.438  loss_ce_1: 0.2125  loss_mask_1: 0.0728  loss_dice_1: 1.237  loss_ce_2: 0.1352  loss_mask_2: 0.06863  loss_dice_2: 1.278  loss_ce_3: 0.1171  loss_mask_3: 0.08883  loss_dice_3: 1.391  loss_ce_4: 0.09893  loss_mask_4: 0.09788  loss_dice_4: 1.236  loss_ce_5: 0.09841  loss_mask_5: 0.09113  loss_dice_5: 1.318  loss_ce_6: 0.1042  loss_mask_6: 0.07465  loss_dice_6: 1.231  loss_ce_7: 0.107  loss_mask_7: 0.08486  loss_dice_7: 1.346  loss_ce_8: 0.1175  loss_mask_8: 0.09169  loss_dice_8: 1.205    time: 0.8090  last_time: 0.7922  data_time: 0.1211  last_data_time: 0.1211   lr: 4.9573e-05  max_mem: 12314M
[03/19 00:41:45 d2.utils.events]:  eta: 4:09:19  iter: 1199  total_loss: 9.286  loss_ce: 0.05014  loss_mask: 0.06445  loss_dice: 0.7459  loss_ce_0: 0.1474  loss_mask_0: 0.1405  loss_dice_0: 0.7354  loss_ce_1: 0.07132  loss_mask_1: 0.07023  loss_dice_1: 0.6912  loss_ce_2: 0.04959  loss_mask_2: 0.06743  loss_dice_2: 0.9166  loss_ce_3: 0.04583  loss_mask_3: 0.0757  loss_dice_3: 0.6877  loss_ce_4: 0.04841  loss_mask_4: 0.06216  loss_dice_4: 0.9831  loss_ce_5: 0.05059  loss_mask_5: 0.0632  loss_dice_5: 0.8038  loss_ce_6: 0.04809  loss_mask_6: 0.0771  loss_dice_6: 1  loss_ce_7: 0.04722  loss_mask_7: 0.05536  loss_dice_7: 0.7446  loss_ce_8: 0.04715  loss_mask_8: 0.06281  loss_dice_8: 0.6334    time: 0.8088  last_time: 0.8072  data_time: 0.1340  last_data_time: 0.1340   lr: 4.9558e-05  max_mem: 12314M
[03/19 00:42:01 d2.utils.events]:  eta: 4:08:53  iter: 1219  total_loss: 10.67  loss_ce: 0.08918  loss_mask: 0.04869  loss_dice: 0.7932  loss_ce_0: 0.2213  loss_mask_0: 0.06126  loss_dice_0: 1.077  loss_ce_1: 0.1183  loss_mask_1: 0.07177  loss_dice_1: 1.193  loss_ce_2: 0.1295  loss_mask_2: 0.07257  loss_dice_2: 0.9677  loss_ce_3: 0.04386  loss_mask_3: 0.06035  loss_dice_3: 1.006  loss_ce_4: 0.113  loss_mask_4: 0.06516  loss_dice_4: 0.9038  loss_ce_5: 0.1092  loss_mask_5: 0.05286  loss_dice_5: 0.8442  loss_ce_6: 0.09203  loss_mask_6: 0.04328  loss_dice_6: 0.7379  loss_ce_7: 0.09088  loss_mask_7: 0.05084  loss_dice_7: 0.7198  loss_ce_8: 0.09188  loss_mask_8: 0.05238  loss_dice_8: 0.7493    time: 0.8084  last_time: 0.9066  data_time: 0.2415  last_data_time: 0.2415   lr: 4.9543e-05  max_mem: 12314M
[03/19 00:42:17 d2.utils.events]:  eta: 4:08:28  iter: 1239  total_loss: 9.817  loss_ce: 0.05928  loss_mask: 0.03815  loss_dice: 0.8516  loss_ce_0: 0.1858  loss_mask_0: 0.04208  loss_dice_0: 1.009  loss_ce_1: 0.07046  loss_mask_1: 0.0358  loss_dice_1: 0.8622  loss_ce_2: 0.08042  loss_mask_2: 0.02959  loss_dice_2: 0.7747  loss_ce_3: 0.04123  loss_mask_3: 0.03778  loss_dice_3: 1.226  loss_ce_4: 0.07223  loss_mask_4: 0.04054  loss_dice_4: 0.758  loss_ce_5: 0.05379  loss_mask_5: 0.03649  loss_dice_5: 0.8295  loss_ce_6: 0.05449  loss_mask_6: 0.04366  loss_dice_6: 0.8654  loss_ce_7: 0.07637  loss_mask_7: 0.03407  loss_dice_7: 0.6033  loss_ce_8: 0.08767  loss_mask_8: 0.03621  loss_dice_8: 0.8803    time: 0.8082  last_time: 0.7783  data_time: 0.1157  last_data_time: 0.1157   lr: 4.9528e-05  max_mem: 12314M
[03/19 00:42:33 d2.utils.events]:  eta: 4:08:15  iter: 1259  total_loss: 14.02  loss_ce: 0.1358  loss_mask: 0.04416  loss_dice: 1.081  loss_ce_0: 0.2717  loss_mask_0: 0.05608  loss_dice_0: 1.316  loss_ce_1: 0.1418  loss_mask_1: 0.06089  loss_dice_1: 1.372  loss_ce_2: 0.05876  loss_mask_2: 0.05229  loss_dice_2: 1.251  loss_ce_3: 0.04841  loss_mask_3: 0.04421  loss_dice_3: 1.212  loss_ce_4: 0.09065  loss_mask_4: 0.05114  loss_dice_4: 1.203  loss_ce_5: 0.04633  loss_mask_5: 0.04728  loss_dice_5: 1.242  loss_ce_6: 0.04683  loss_mask_6: 0.05275  loss_dice_6: 1.259  loss_ce_7: 0.04634  loss_mask_7: 0.04816  loss_dice_7: 1.262  loss_ce_8: 0.0463  loss_mask_8: 0.05191  loss_dice_8: 1.374    time: 0.8082  last_time: 0.7537  data_time: 0.0835  last_data_time: 0.0835   lr: 4.9513e-05  max_mem: 12314M
[03/19 00:42:50 d2.utils.events]:  eta: 4:08:01  iter: 1279  total_loss: 8.416  loss_ce: 0.03237  loss_mask: 0.04046  loss_dice: 0.7134  loss_ce_0: 0.2834  loss_mask_0: 0.07466  loss_dice_0: 0.8497  loss_ce_1: 0.1469  loss_mask_1: 0.05259  loss_dice_1: 0.8013  loss_ce_2: 0.04102  loss_mask_2: 0.0454  loss_dice_2: 0.5654  loss_ce_3: 0.03699  loss_mask_3: 0.05397  loss_dice_3: 0.7609  loss_ce_4: 0.0367  loss_mask_4: 0.04583  loss_dice_4: 0.6696  loss_ce_5: 0.03041  loss_mask_5: 0.04891  loss_dice_5: 0.7121  loss_ce_6: 0.03085  loss_mask_6: 0.04583  loss_dice_6: 0.7802  loss_ce_7: 0.03173  loss_mask_7: 0.04582  loss_dice_7: 0.7593  loss_ce_8: 0.03084  loss_mask_8: 0.04174  loss_dice_8: 0.6083    time: 0.8085  last_time: 0.8200  data_time: 0.1509  last_data_time: 0.1509   lr: 4.9497e-05  max_mem: 12314M
[03/19 00:43:06 d2.utils.events]:  eta: 4:07:52  iter: 1299  total_loss: 10.04  loss_ce: 0.1054  loss_mask: 0.05371  loss_dice: 0.8506  loss_ce_0: 0.3007  loss_mask_0: 0.06029  loss_dice_0: 0.9463  loss_ce_1: 0.1423  loss_mask_1: 0.05994  loss_dice_1: 0.787  loss_ce_2: 0.1144  loss_mask_2: 0.06412  loss_dice_2: 0.7541  loss_ce_3: 0.1672  loss_mask_3: 0.0554  loss_dice_3: 0.7773  loss_ce_4: 0.1155  loss_mask_4: 0.0534  loss_dice_4: 0.6133  loss_ce_5: 0.08606  loss_mask_5: 0.05102  loss_dice_5: 0.8806  loss_ce_6: 0.1266  loss_mask_6: 0.0646  loss_dice_6: 0.7987  loss_ce_7: 0.1482  loss_mask_7: 0.05402  loss_dice_7: 0.8341  loss_ce_8: 0.1501  loss_mask_8: 0.05735  loss_dice_8: 0.771    time: 0.8085  last_time: 0.8849  data_time: 0.2159  last_data_time: 0.2159   lr: 4.9481e-05  max_mem: 12314M
[03/19 00:43:22 d2.utils.events]:  eta: 4:07:27  iter: 1319  total_loss: 10.83  loss_ce: 0.1873  loss_mask: 0.04929  loss_dice: 0.694  loss_ce_0: 0.4818  loss_mask_0: 0.07101  loss_dice_0: 0.9885  loss_ce_1: 0.1905  loss_mask_1: 0.05933  loss_dice_1: 0.8765  loss_ce_2: 0.1247  loss_mask_2: 0.06131  loss_dice_2: 0.8562  loss_ce_3: 0.1682  loss_mask_3: 0.05875  loss_dice_3: 0.7262  loss_ce_4: 0.1401  loss_mask_4: 0.05413  loss_dice_4: 0.8665  loss_ce_5: 0.1322  loss_mask_5: 0.05459  loss_dice_5: 0.8662  loss_ce_6: 0.1255  loss_mask_6: 0.05749  loss_dice_6: 0.8656  loss_ce_7: 0.1064  loss_mask_7: 0.06099  loss_dice_7: 0.9189  loss_ce_8: 0.1368  loss_mask_8: 0.05306  loss_dice_8: 0.8021    time: 0.8083  last_time: 0.8106  data_time: 0.1484  last_data_time: 0.1484   lr: 4.9465e-05  max_mem: 12314M
[03/19 00:43:38 d2.utils.events]:  eta: 4:07:02  iter: 1339  total_loss: 10.16  loss_ce: 0.02046  loss_mask: 0.04832  loss_dice: 1.06  loss_ce_0: 0.1372  loss_mask_0: 0.04791  loss_dice_0: 1.084  loss_ce_1: 0.02731  loss_mask_1: 0.03757  loss_dice_1: 0.747  loss_ce_2: 0.0224  loss_mask_2: 0.04119  loss_dice_2: 0.7615  loss_ce_3: 0.0321  loss_mask_3: 0.04672  loss_dice_3: 0.8603  loss_ce_4: 0.02989  loss_mask_4: 0.05094  loss_dice_4: 1.017  loss_ce_5: 0.02495  loss_mask_5: 0.04665  loss_dice_5: 0.9389  loss_ce_6: 0.02148  loss_mask_6: 0.04633  loss_dice_6: 0.8796  loss_ce_7: 0.02201  loss_mask_7: 0.05221  loss_dice_7: 0.9884  loss_ce_8: 0.02027  loss_mask_8: 0.05061  loss_dice_8: 0.9963    time: 0.8081  last_time: 0.8312  data_time: 0.1743  last_data_time: 0.1743   lr: 4.9449e-05  max_mem: 12314M
[03/19 00:43:54 d2.utils.events]:  eta: 4:06:39  iter: 1359  total_loss: 14.38  loss_ce: 0.1384  loss_mask: 0.04674  loss_dice: 1.29  loss_ce_0: 0.2255  loss_mask_0: 0.05422  loss_dice_0: 1.163  loss_ce_1: 0.1254  loss_mask_1: 0.04228  loss_dice_1: 1.115  loss_ce_2: 0.1788  loss_mask_2: 0.049  loss_dice_2: 1.278  loss_ce_3: 0.2024  loss_mask_3: 0.04153  loss_dice_3: 1.099  loss_ce_4: 0.1271  loss_mask_4: 0.04164  loss_dice_4: 1.134  loss_ce_5: 0.1554  loss_mask_5: 0.05651  loss_dice_5: 1.389  loss_ce_6: 0.1499  loss_mask_6: 0.0475  loss_dice_6: 1.103  loss_ce_7: 0.2059  loss_mask_7: 0.05974  loss_dice_7: 1.281  loss_ce_8: 0.1478  loss_mask_8: 0.05075  loss_dice_8: 1.378    time: 0.8079  last_time: 0.7750  data_time: 0.1097  last_data_time: 0.1097   lr: 4.9433e-05  max_mem: 12314M
[03/19 00:44:11 d2.utils.events]:  eta: 4:06:40  iter: 1379  total_loss: 9.064  loss_ce: 0.1266  loss_mask: 0.03971  loss_dice: 0.6728  loss_ce_0: 0.3823  loss_mask_0: 0.05935  loss_dice_0: 0.6474  loss_ce_1: 0.1471  loss_mask_1: 0.04191  loss_dice_1: 0.6779  loss_ce_2: 0.1507  loss_mask_2: 0.03815  loss_dice_2: 0.7117  loss_ce_3: 0.1639  loss_mask_3: 0.04652  loss_dice_3: 0.6332  loss_ce_4: 0.118  loss_mask_4: 0.04462  loss_dice_4: 0.8384  loss_ce_5: 0.1263  loss_mask_5: 0.0405  loss_dice_5: 0.7521  loss_ce_6: 0.1377  loss_mask_6: 0.04042  loss_dice_6: 0.7138  loss_ce_7: 0.1196  loss_mask_7: 0.04029  loss_dice_7: 0.7107  loss_ce_8: 0.1402  loss_mask_8: 0.03993  loss_dice_8: 0.6621    time: 0.8079  last_time: 0.8206  data_time: 0.1472  last_data_time: 0.1472   lr: 4.9416e-05  max_mem: 12314M
[03/19 00:44:27 d2.utils.events]:  eta: 4:06:22  iter: 1399  total_loss: 11.78  loss_ce: 0.07871  loss_mask: 0.03919  loss_dice: 1.046  loss_ce_0: 0.185  loss_mask_0: 0.04142  loss_dice_0: 0.9586  loss_ce_1: 0.1552  loss_mask_1: 0.08913  loss_dice_1: 1.249  loss_ce_2: 0.06479  loss_mask_2: 0.04587  loss_dice_2: 0.956  loss_ce_3: 0.08195  loss_mask_3: 0.0432  loss_dice_3: 0.9719  loss_ce_4: 0.07719  loss_mask_4: 0.04705  loss_dice_4: 1.028  loss_ce_5: 0.0737  loss_mask_5: 0.04805  loss_dice_5: 1.047  loss_ce_6: 0.08412  loss_mask_6: 0.04338  loss_dice_6: 1.067  loss_ce_7: 0.07989  loss_mask_7: 0.03949  loss_dice_7: 0.96  loss_ce_8: 0.139  loss_mask_8: 0.04863  loss_dice_8: 0.9887    time: 0.8076  last_time: 0.8789  data_time: 0.2059  last_data_time: 0.2059   lr: 4.9399e-05  max_mem: 12314M
[03/19 00:44:43 d2.utils.events]:  eta: 4:06:06  iter: 1419  total_loss: 10.73  loss_ce: 0.09247  loss_mask: 0.04327  loss_dice: 0.7649  loss_ce_0: 0.2631  loss_mask_0: 0.06889  loss_dice_0: 1.141  loss_ce_1: 0.1216  loss_mask_1: 0.06758  loss_dice_1: 1.083  loss_ce_2: 0.09755  loss_mask_2: 0.04248  loss_dice_2: 0.7224  loss_ce_3: 0.1046  loss_mask_3: 0.04641  loss_dice_3: 0.8731  loss_ce_4: 0.1032  loss_mask_4: 0.03933  loss_dice_4: 0.8025  loss_ce_5: 0.1057  loss_mask_5: 0.04904  loss_dice_5: 0.9769  loss_ce_6: 0.09726  loss_mask_6: 0.04582  loss_dice_6: 0.8907  loss_ce_7: 0.09845  loss_mask_7: 0.04523  loss_dice_7: 0.8985  loss_ce_8: 0.09089  loss_mask_8: 0.04381  loss_dice_8: 0.9068    time: 0.8077  last_time: 0.7890  data_time: 0.1147  last_data_time: 0.1147   lr: 4.9382e-05  max_mem: 12314M
[03/19 00:44:59 d2.utils.events]:  eta: 4:05:51  iter: 1439  total_loss: 11.32  loss_ce: 0.03845  loss_mask: 0.1134  loss_dice: 0.9144  loss_ce_0: 0.2859  loss_mask_0: 0.1052  loss_dice_0: 1.038  loss_ce_1: 0.04021  loss_mask_1: 0.1291  loss_dice_1: 1.03  loss_ce_2: 0.05868  loss_mask_2: 0.09959  loss_dice_2: 0.9776  loss_ce_3: 0.04174  loss_mask_3: 0.1014  loss_dice_3: 0.9716  loss_ce_4: 0.03825  loss_mask_4: 0.1189  loss_dice_4: 0.9629  loss_ce_5: 0.03915  loss_mask_5: 0.1024  loss_dice_5: 0.8664  loss_ce_6: 0.03547  loss_mask_6: 0.09802  loss_dice_6: 1.014  loss_ce_7: 0.03514  loss_mask_7: 0.1008  loss_dice_7: 0.9193  loss_ce_8: 0.03849  loss_mask_8: 0.1173  loss_dice_8: 0.892    time: 0.8076  last_time: 0.8695  data_time: 0.1979  last_data_time: 0.1979   lr: 4.9364e-05  max_mem: 12314M
[03/19 00:45:15 d2.utils.events]:  eta: 4:05:35  iter: 1459  total_loss: 12.13  loss_ce: 0.09695  loss_mask: 0.04549  loss_dice: 0.8911  loss_ce_0: 0.2184  loss_mask_0: 0.06351  loss_dice_0: 1.456  loss_ce_1: 0.1284  loss_mask_1: 0.07953  loss_dice_1: 1.001  loss_ce_2: 0.09885  loss_mask_2: 0.05266  loss_dice_2: 0.9694  loss_ce_3: 0.1203  loss_mask_3: 0.04824  loss_dice_3: 1.006  loss_ce_4: 0.09772  loss_mask_4: 0.04755  loss_dice_4: 0.8975  loss_ce_5: 0.09934  loss_mask_5: 0.05141  loss_dice_5: 0.9705  loss_ce_6: 0.09663  loss_mask_6: 0.05638  loss_dice_6: 0.9292  loss_ce_7: 0.0952  loss_mask_7: 0.05607  loss_dice_7: 0.9892  loss_ce_8: 0.04611  loss_mask_8: 0.06051  loss_dice_8: 1.357    time: 0.8077  last_time: 0.8978  data_time: 0.2374  last_data_time: 0.2374   lr: 4.9346e-05  max_mem: 12314M
[03/19 00:45:32 d2.utils.events]:  eta: 4:05:31  iter: 1479  total_loss: 9.213  loss_ce: 0.05259  loss_mask: 0.09239  loss_dice: 0.6696  loss_ce_0: 0.4925  loss_mask_0: 0.2414  loss_dice_0: 0.9131  loss_ce_1: 0.05438  loss_mask_1: 0.1035  loss_dice_1: 0.6955  loss_ce_2: 0.06371  loss_mask_2: 0.1097  loss_dice_2: 0.714  loss_ce_3: 0.06985  loss_mask_3: 0.1351  loss_dice_3: 0.6215  loss_ce_4: 0.06229  loss_mask_4: 0.1316  loss_dice_4: 0.6624  loss_ce_5: 0.04895  loss_mask_5: 0.1001  loss_dice_5: 0.6443  loss_ce_6: 0.0555  loss_mask_6: 0.1121  loss_dice_6: 0.6754  loss_ce_7: 0.05323  loss_mask_7: 0.1135  loss_dice_7: 0.7361  loss_ce_8: 0.05271  loss_mask_8: 0.09468  loss_dice_8: 0.6417    time: 0.8078  last_time: 0.9407  data_time: 0.2669  last_data_time: 0.2669   lr: 4.9328e-05  max_mem: 12314M
[03/19 00:45:49 d2.utils.events]:  eta: 4:05:16  iter: 1499  total_loss: 10.87  loss_ce: 0.1631  loss_mask: 0.04203  loss_dice: 0.7014  loss_ce_0: 0.3607  loss_mask_0: 0.05895  loss_dice_0: 1.029  loss_ce_1: 0.1643  loss_mask_1: 0.04978  loss_dice_1: 0.84  loss_ce_2: 0.137  loss_mask_2: 0.08072  loss_dice_2: 0.7698  loss_ce_3: 0.09838  loss_mask_3: 0.06991  loss_dice_3: 0.8296  loss_ce_4: 0.1136  loss_mask_4: 0.05764  loss_dice_4: 0.9381  loss_ce_5: 0.104  loss_mask_5: 0.07469  loss_dice_5: 0.9227  loss_ce_6: 0.1117  loss_mask_6: 0.06734  loss_dice_6: 0.8985  loss_ce_7: 0.1136  loss_mask_7: 0.06912  loss_dice_7: 0.8916  loss_ce_8: 0.1119  loss_mask_8: 0.06887  loss_dice_8: 0.9317    time: 0.8081  last_time: 0.9566  data_time: 0.2826  last_data_time: 0.2826   lr: 4.931e-05  max_mem: 12314M
[03/19 00:46:05 d2.utils.events]:  eta: 4:05:02  iter: 1519  total_loss: 9.615  loss_ce: 0.08204  loss_mask: 0.07544  loss_dice: 0.7405  loss_ce_0: 0.2481  loss_mask_0: 0.1473  loss_dice_0: 0.6749  loss_ce_1: 0.1866  loss_mask_1: 0.09103  loss_dice_1: 0.681  loss_ce_2: 0.1674  loss_mask_2: 0.08875  loss_dice_2: 0.7633  loss_ce_3: 0.1923  loss_mask_3: 0.09072  loss_dice_3: 0.7518  loss_ce_4: 0.1701  loss_mask_4: 0.08531  loss_dice_4: 0.7518  loss_ce_5: 0.1731  loss_mask_5: 0.07842  loss_dice_5: 0.6361  loss_ce_6: 0.1597  loss_mask_6: 0.07664  loss_dice_6: 0.6239  loss_ce_7: 0.1455  loss_mask_7: 0.07957  loss_dice_7: 0.6912  loss_ce_8: 0.1552  loss_mask_8: 0.08305  loss_dice_8: 0.7242    time: 0.8081  last_time: 0.8259  data_time: 0.1531  last_data_time: 0.1531   lr: 4.9292e-05  max_mem: 12314M
[03/19 00:46:21 d2.utils.events]:  eta: 4:04:44  iter: 1539  total_loss: 10.41  loss_ce: 0.02057  loss_mask: 0.05678  loss_dice: 0.9153  loss_ce_0: 0.2124  loss_mask_0: 0.09659  loss_dice_0: 1.045  loss_ce_1: 0.0323  loss_mask_1: 0.05966  loss_dice_1: 0.88  loss_ce_2: 0.02404  loss_mask_2: 0.06524  loss_dice_2: 1.029  loss_ce_3: 0.02095  loss_mask_3: 0.05637  loss_dice_3: 1.011  loss_ce_4: 0.01962  loss_mask_4: 0.04928  loss_dice_4: 0.8799  loss_ce_5: 0.02151  loss_mask_5: 0.0561  loss_dice_5: 0.9289  loss_ce_6: 0.01964  loss_mask_6: 0.05284  loss_dice_6: 0.919  loss_ce_7: 0.0191  loss_mask_7: 0.05234  loss_dice_7: 0.9162  loss_ce_8: 0.02057  loss_mask_8: 0.05053  loss_dice_8: 0.8766    time: 0.8080  last_time: 0.8301  data_time: 0.1603  last_data_time: 0.1603   lr: 4.9273e-05  max_mem: 12314M
[03/19 00:46:38 d2.utils.events]:  eta: 4:04:21  iter: 1559  total_loss: 12.03  loss_ce: 0.1075  loss_mask: 0.07658  loss_dice: 1.161  loss_ce_0: 0.1703  loss_mask_0: 0.07093  loss_dice_0: 0.8983  loss_ce_1: 0.1391  loss_mask_1: 0.06892  loss_dice_1: 0.9065  loss_ce_2: 0.1461  loss_mask_2: 0.06154  loss_dice_2: 0.9043  loss_ce_3: 0.09106  loss_mask_3: 0.05825  loss_dice_3: 1.01  loss_ce_4: 0.09739  loss_mask_4: 0.06319  loss_dice_4: 1.063  loss_ce_5: 0.0962  loss_mask_5: 0.05981  loss_dice_5: 1.099  loss_ce_6: 0.0522  loss_mask_6: 0.06141  loss_dice_6: 1.139  loss_ce_7: 0.09934  loss_mask_7: 0.05996  loss_dice_7: 1.126  loss_ce_8: 0.115  loss_mask_8: 0.05255  loss_dice_8: 0.9761    time: 0.8082  last_time: 0.7504  data_time: 0.0721  last_data_time: 0.0721   lr: 4.9254e-05  max_mem: 12314M
[03/19 00:46:54 d2.utils.events]:  eta: 4:04:05  iter: 1579  total_loss: 7.292  loss_ce: 0.07463  loss_mask: 0.02755  loss_dice: 0.5911  loss_ce_0: 0.2171  loss_mask_0: 0.04312  loss_dice_0: 0.9745  loss_ce_1: 0.07272  loss_mask_1: 0.02964  loss_dice_1: 0.5331  loss_ce_2: 0.08023  loss_mask_2: 0.02533  loss_dice_2: 0.4781  loss_ce_3: 0.09143  loss_mask_3: 0.02752  loss_dice_3: 0.5563  loss_ce_4: 0.08882  loss_mask_4: 0.03349  loss_dice_4: 0.7068  loss_ce_5: 0.08113  loss_mask_5: 0.02863  loss_dice_5: 0.5731  loss_ce_6: 0.03461  loss_mask_6: 0.02664  loss_dice_6: 0.4724  loss_ce_7: 0.06536  loss_mask_7: 0.03253  loss_dice_7: 0.6613  loss_ce_8: 0.07813  loss_mask_8: 0.02941  loss_dice_8: 0.5576    time: 0.8080  last_time: 0.8084  data_time: 0.1251  last_data_time: 0.1251   lr: 4.9235e-05  max_mem: 12314M
[03/19 00:47:10 d2.utils.events]:  eta: 4:03:47  iter: 1599  total_loss: 11.63  loss_ce: 0.05213  loss_mask: 0.06738  loss_dice: 1.199  loss_ce_0: 0.1129  loss_mask_0: 0.07136  loss_dice_0: 0.8742  loss_ce_1: 0.1019  loss_mask_1: 0.0681  loss_dice_1: 1.106  loss_ce_2: 0.03136  loss_mask_2: 0.07275  loss_dice_2: 1.042  loss_ce_3: 0.06073  loss_mask_3: 0.06628  loss_dice_3: 1.004  loss_ce_4: 0.09489  loss_mask_4: 0.06229  loss_dice_4: 1.117  loss_ce_5: 0.04376  loss_mask_5: 0.06685  loss_dice_5: 0.9799  loss_ce_6: 0.05224  loss_mask_6: 0.06354  loss_dice_6: 1.258  loss_ce_7: 0.04922  loss_mask_7: 0.06123  loss_dice_7: 0.8338  loss_ce_8: 0.1027  loss_mask_8: 0.06975  loss_dice_8: 0.8489    time: 0.8081  last_time: 0.8054  data_time: 0.1411  last_data_time: 0.1411   lr: 4.9216e-05  max_mem: 12314M
[03/19 00:47:26 d2.utils.events]:  eta: 4:03:42  iter: 1619  total_loss: 8.55  loss_ce: 0.02336  loss_mask: 0.06918  loss_dice: 0.7535  loss_ce_0: 0.1547  loss_mask_0: 0.0978  loss_dice_0: 0.9116  loss_ce_1: 0.1155  loss_mask_1: 0.1234  loss_dice_1: 0.7158  loss_ce_2: 0.05613  loss_mask_2: 0.07194  loss_dice_2: 0.7052  loss_ce_3: 0.02789  loss_mask_3: 0.06706  loss_dice_3: 0.629  loss_ce_4: 0.02077  loss_mask_4: 0.07278  loss_dice_4: 0.7629  loss_ce_5: 0.02198  loss_mask_5: 0.0748  loss_dice_5: 0.7104  loss_ce_6: 0.02266  loss_mask_6: 0.06687  loss_dice_6: 0.658  loss_ce_7: 0.02578  loss_mask_7: 0.07449  loss_dice_7: 0.7752  loss_ce_8: 0.02493  loss_mask_8: 0.07072  loss_dice_8: 0.6458    time: 0.8081  last_time: 0.9608  data_time: 0.1295  last_data_time: 0.1295   lr: 4.9196e-05  max_mem: 12314M
[03/19 00:47:43 d2.utils.events]:  eta: 4:03:32  iter: 1639  total_loss: 8.768  loss_ce: 0.02462  loss_mask: 0.03632  loss_dice: 0.8394  loss_ce_0: 0.1165  loss_mask_0: 0.05606  loss_dice_0: 1.227  loss_ce_1: 0.02894  loss_mask_1: 0.03282  loss_dice_1: 0.5778  loss_ce_2: 0.02819  loss_mask_2: 0.03342  loss_dice_2: 0.581  loss_ce_3: 0.02444  loss_mask_3: 0.03119  loss_dice_3: 0.5849  loss_ce_4: 0.02438  loss_mask_4: 0.03404  loss_dice_4: 0.8078  loss_ce_5: 0.02705  loss_mask_5: 0.03575  loss_dice_5: 0.8995  loss_ce_6: 0.02211  loss_mask_6: 0.04516  loss_dice_6: 0.8467  loss_ce_7: 0.02238  loss_mask_7: 0.04396  loss_dice_7: 0.7205  loss_ce_8: 0.02164  loss_mask_8: 0.0386  loss_dice_8: 0.9559    time: 0.8082  last_time: 0.7743  data_time: 0.1087  last_data_time: 0.1087   lr: 4.9176e-05  max_mem: 12314M
[03/19 00:47:59 d2.utils.events]:  eta: 4:03:15  iter: 1659  total_loss: 7.213  loss_ce: 0.02419  loss_mask: 0.04019  loss_dice: 0.5674  loss_ce_0: 0.2185  loss_mask_0: 0.05251  loss_dice_0: 0.6268  loss_ce_1: 0.02461  loss_mask_1: 0.05967  loss_dice_1: 0.7417  loss_ce_2: 0.03967  loss_mask_2: 0.05048  loss_dice_2: 0.6169  loss_ce_3: 0.02445  loss_mask_3: 0.04205  loss_dice_3: 0.5528  loss_ce_4: 0.02164  loss_mask_4: 0.04675  loss_dice_4: 0.674  loss_ce_5: 0.02072  loss_mask_5: 0.04384  loss_dice_5: 0.6556  loss_ce_6: 0.0223  loss_mask_6: 0.04778  loss_dice_6: 0.6485  loss_ce_7: 0.02139  loss_mask_7: 0.04141  loss_dice_7: 0.6073  loss_ce_8: 0.02214  loss_mask_8: 0.04142  loss_dice_8: 0.6163    time: 0.8081  last_time: 0.7722  data_time: 0.0812  last_data_time: 0.0812   lr: 4.9156e-05  max_mem: 12314M
[03/19 00:48:15 d2.utils.events]:  eta: 4:02:54  iter: 1679  total_loss: 9.879  loss_ce: 0.03295  loss_mask: 0.05751  loss_dice: 0.8548  loss_ce_0: 0.2153  loss_mask_0: 0.07763  loss_dice_0: 1.006  loss_ce_1: 0.08604  loss_mask_1: 0.0793  loss_dice_1: 0.8569  loss_ce_2: 0.02524  loss_mask_2: 0.06992  loss_dice_2: 0.8375  loss_ce_3: 0.02374  loss_mask_3: 0.06839  loss_dice_3: 1.03  loss_ce_4: 0.04132  loss_mask_4: 0.06957  loss_dice_4: 0.7484  loss_ce_5: 0.03002  loss_mask_5: 0.05645  loss_dice_5: 0.7317  loss_ce_6: 0.03062  loss_mask_6: 0.06411  loss_dice_6: 0.8976  loss_ce_7: 0.02994  loss_mask_7: 0.06116  loss_dice_7: 0.8944  loss_ce_8: 0.02947  loss_mask_8: 0.06222  loss_dice_8: 0.8112    time: 0.8080  last_time: 0.8079  data_time: 0.1307  last_data_time: 0.1307   lr: 4.9136e-05  max_mem: 12314M
[03/19 00:48:31 d2.utils.events]:  eta: 4:02:45  iter: 1699  total_loss: 15.86  loss_ce: 0.1133  loss_mask: 0.2103  loss_dice: 1.34  loss_ce_0: 0.2441  loss_mask_0: 0.3149  loss_dice_0: 1.443  loss_ce_1: 0.1126  loss_mask_1: 0.1927  loss_dice_1: 1.214  loss_ce_2: 0.09013  loss_mask_2: 0.1447  loss_dice_2: 1.331  loss_ce_3: 0.09151  loss_mask_3: 0.197  loss_dice_3: 1.233  loss_ce_4: 0.1191  loss_mask_4: 0.1756  loss_dice_4: 1.173  loss_ce_5: 0.1343  loss_mask_5: 0.1738  loss_dice_5: 1.215  loss_ce_6: 0.1333  loss_mask_6: 0.1673  loss_dice_6: 1.147  loss_ce_7: 0.1458  loss_mask_7: 0.2167  loss_dice_7: 1.188  loss_ce_8: 0.1501  loss_mask_8: 0.2021  loss_dice_8: 1.252    time: 0.8079  last_time: 0.9005  data_time: 0.2386  last_data_time: 0.2386   lr: 4.9115e-05  max_mem: 12314M
[03/19 00:48:48 d2.utils.events]:  eta: 4:02:32  iter: 1719  total_loss: 11.46  loss_ce: 0.1987  loss_mask: 0.07645  loss_dice: 0.9691  loss_ce_0: 0.2001  loss_mask_0: 0.06721  loss_dice_0: 0.8692  loss_ce_1: 0.08095  loss_mask_1: 0.06395  loss_dice_1: 0.8332  loss_ce_2: 0.05987  loss_mask_2: 0.05499  loss_dice_2: 0.9449  loss_ce_3: 0.105  loss_mask_3: 0.03814  loss_dice_3: 0.8904  loss_ce_4: 0.1015  loss_mask_4: 0.05153  loss_dice_4: 1.131  loss_ce_5: 0.04412  loss_mask_5: 0.06497  loss_dice_5: 1.247  loss_ce_6: 0.04381  loss_mask_6: 0.05363  loss_dice_6: 1.081  loss_ce_7: 0.04488  loss_mask_7: 0.05992  loss_dice_7: 0.8639  loss_ce_8: 0.11  loss_mask_8: 0.04941  loss_dice_8: 1.059    time: 0.8081  last_time: 0.8088  data_time: 0.1501  last_data_time: 0.1501   lr: 4.9094e-05  max_mem: 12314M
[03/19 00:49:04 d2.utils.events]:  eta: 4:02:19  iter: 1739  total_loss: 11.95  loss_ce: 0.1586  loss_mask: 0.06472  loss_dice: 0.9224  loss_ce_0: 0.3202  loss_mask_0: 0.09171  loss_dice_0: 1.088  loss_ce_1: 0.1142  loss_mask_1: 0.0722  loss_dice_1: 1.018  loss_ce_2: 0.1123  loss_mask_2: 0.06993  loss_dice_2: 0.9519  loss_ce_3: 0.1674  loss_mask_3: 0.07108  loss_dice_3: 0.9178  loss_ce_4: 0.1706  loss_mask_4: 0.07853  loss_dice_4: 1.099  loss_ce_5: 0.1848  loss_mask_5: 0.06864  loss_dice_5: 0.8919  loss_ce_6: 0.1239  loss_mask_6: 0.06819  loss_dice_6: 0.9361  loss_ce_7: 0.1397  loss_mask_7: 0.06059  loss_dice_7: 0.796  loss_ce_8: 0.169  loss_mask_8: 0.07046  loss_dice_8: 0.9474    time: 0.8080  last_time: 0.8033  data_time: 0.1201  last_data_time: 0.1201   lr: 4.9073e-05  max_mem: 12314M
[03/19 00:49:20 d2.utils.events]:  eta: 4:02:01  iter: 1759  total_loss: 9.781  loss_ce: 0.04624  loss_mask: 0.05799  loss_dice: 0.804  loss_ce_0: 0.3231  loss_mask_0: 0.06493  loss_dice_0: 0.7644  loss_ce_1: 0.1443  loss_mask_1: 0.07402  loss_dice_1: 0.7963  loss_ce_2: 0.06518  loss_mask_2: 0.05657  loss_dice_2: 0.7642  loss_ce_3: 0.06506  loss_mask_3: 0.07936  loss_dice_3: 0.8618  loss_ce_4: 0.05343  loss_mask_4: 0.07089  loss_dice_4: 0.8394  loss_ce_5: 0.04667  loss_mask_5: 0.06201  loss_dice_5: 0.8408  loss_ce_6: 0.054  loss_mask_6: 0.07493  loss_dice_6: 0.8514  loss_ce_7: 0.05008  loss_mask_7: 0.06938  loss_dice_7: 0.8568  loss_ce_8: 0.05176  loss_mask_8: 0.0542  loss_dice_8: 0.8382    time: 0.8078  last_time: 0.8478  data_time: 0.1750  last_data_time: 0.1750   lr: 4.9052e-05  max_mem: 12314M
[03/19 00:49:37 d2.utils.events]:  eta: 4:01:43  iter: 1779  total_loss: 8.091  loss_ce: 0.02237  loss_mask: 0.02744  loss_dice: 0.6553  loss_ce_0: 0.1748  loss_mask_0: 0.04417  loss_dice_0: 1.377  loss_ce_1: 0.04249  loss_mask_1: 0.02832  loss_dice_1: 0.6471  loss_ce_2: 0.02897  loss_mask_2: 0.03223  loss_dice_2: 0.6725  loss_ce_3: 0.01929  loss_mask_3: 0.03306  loss_dice_3: 0.7063  loss_ce_4: 0.0228  loss_mask_4: 0.02656  loss_dice_4: 0.7594  loss_ce_5: 0.0235  loss_mask_5: 0.02384  loss_dice_5: 0.6094  loss_ce_6: 0.02263  loss_mask_6: 0.03127  loss_dice_6: 0.711  loss_ce_7: 0.02116  loss_mask_7: 0.02462  loss_dice_7: 0.6013  loss_ce_8: 0.0226  loss_mask_8: 0.0274  loss_dice_8: 0.6522    time: 0.8080  last_time: 1.0789  data_time: 0.2128  last_data_time: 0.2128   lr: 4.903e-05  max_mem: 12314M
[03/19 00:49:53 d2.utils.events]:  eta: 4:01:33  iter: 1799  total_loss: 9.409  loss_ce: 0.02995  loss_mask: 0.0377  loss_dice: 0.9875  loss_ce_0: 0.2173  loss_mask_0: 0.0323  loss_dice_0: 0.8895  loss_ce_1: 0.03679  loss_mask_1: 0.03233  loss_dice_1: 0.7622  loss_ce_2: 0.03781  loss_mask_2: 0.03295  loss_dice_2: 0.8407  loss_ce_3: 0.03706  loss_mask_3: 0.03243  loss_dice_3: 0.8689  loss_ce_4: 0.03785  loss_mask_4: 0.02575  loss_dice_4: 0.7796  loss_ce_5: 0.123  loss_mask_5: 0.04398  loss_dice_5: 0.9227  loss_ce_6: 0.03417  loss_mask_6: 0.0364  loss_dice_6: 0.8252  loss_ce_7: 0.03036  loss_mask_7: 0.03655  loss_dice_7: 0.8085  loss_ce_8: 0.03364  loss_mask_8: 0.02927  loss_dice_8: 0.7667    time: 0.8081  last_time: 0.8126  data_time: 0.1467  last_data_time: 0.1467   lr: 4.9008e-05  max_mem: 12314M
[03/19 00:50:09 d2.utils.events]:  eta: 4:01:10  iter: 1819  total_loss: 6.863  loss_ce: 0.03286  loss_mask: 0.05446  loss_dice: 0.5732  loss_ce_0: 0.1543  loss_mask_0: 0.09146  loss_dice_0: 0.7614  loss_ce_1: 0.03646  loss_mask_1: 0.07742  loss_dice_1: 0.5793  loss_ce_2: 0.1001  loss_mask_2: 0.07381  loss_dice_2: 0.67  loss_ce_3: 0.03659  loss_mask_3: 0.04627  loss_dice_3: 0.4368  loss_ce_4: 0.03354  loss_mask_4: 0.06103  loss_dice_4: 0.5389  loss_ce_5: 0.03636  loss_mask_5: 0.05641  loss_dice_5: 0.5327  loss_ce_6: 0.03725  loss_mask_6: 0.0513  loss_dice_6: 0.4494  loss_ce_7: 0.03148  loss_mask_7: 0.05896  loss_dice_7: 0.5874  loss_ce_8: 0.02976  loss_mask_8: 0.05643  loss_dice_8: 0.5773    time: 0.8081  last_time: 0.7900  data_time: 0.1213  last_data_time: 0.1213   lr: 4.8986e-05  max_mem: 12314M
[03/19 00:50:25 d2.utils.events]:  eta: 4:00:53  iter: 1839  total_loss: 8.422  loss_ce: 0.01979  loss_mask: 0.06837  loss_dice: 0.6581  loss_ce_0: 0.2229  loss_mask_0: 0.1603  loss_dice_0: 0.8834  loss_ce_1: 0.03779  loss_mask_1: 0.1035  loss_dice_1: 0.8398  loss_ce_2: 0.06864  loss_mask_2: 0.09644  loss_dice_2: 0.7438  loss_ce_3: 0.0327  loss_mask_3: 0.09397  loss_dice_3: 0.7086  loss_ce_4: 0.03125  loss_mask_4: 0.07826  loss_dice_4: 0.6329  loss_ce_5: 0.02404  loss_mask_5: 0.07179  loss_dice_5: 0.6138  loss_ce_6: 0.02143  loss_mask_6: 0.07636  loss_dice_6: 0.6293  loss_ce_7: 0.02107  loss_mask_7: 0.07958  loss_dice_7: 0.6906  loss_ce_8: 0.02046  loss_mask_8: 0.07463  loss_dice_8: 0.6186    time: 0.8079  last_time: 0.7305  data_time: 0.0665  last_data_time: 0.0665   lr: 4.8964e-05  max_mem: 12314M
[03/19 00:50:42 d2.utils.events]:  eta: 4:00:39  iter: 1859  total_loss: 8.614  loss_ce: 0.04837  loss_mask: 0.03114  loss_dice: 0.9108  loss_ce_0: 0.1821  loss_mask_0: 0.05478  loss_dice_0: 1.215  loss_ce_1: 0.06217  loss_mask_1: 0.02465  loss_dice_1: 0.566  loss_ce_2: 0.07734  loss_mask_2: 0.0272  loss_dice_2: 0.5493  loss_ce_3: 0.04669  loss_mask_3: 0.03499  loss_dice_3: 0.8538  loss_ce_4: 0.05426  loss_mask_4: 0.0274  loss_dice_4: 0.6614  loss_ce_5: 0.05141  loss_mask_5: 0.02809  loss_dice_5: 0.5748  loss_ce_6: 0.04897  loss_mask_6: 0.02456  loss_dice_6: 0.5276  loss_ce_7: 0.04528  loss_mask_7: 0.03116  loss_dice_7: 0.8459  loss_ce_8: 0.05211  loss_mask_8: 0.03189  loss_dice_8: 0.9242    time: 0.8079  last_time: 0.7991  data_time: 0.1266  last_data_time: 0.1266   lr: 4.8942e-05  max_mem: 12314M
[03/19 00:50:58 d2.utils.events]:  eta: 4:00:25  iter: 1879  total_loss: 5.99  loss_ce: 0.01416  loss_mask: 0.03426  loss_dice: 0.4917  loss_ce_0: 0.1074  loss_mask_0: 0.0505  loss_dice_0: 0.613  loss_ce_1: 0.02273  loss_mask_1: 0.03751  loss_dice_1: 0.564  loss_ce_2: 0.01714  loss_mask_2: 0.04945  loss_dice_2: 0.6143  loss_ce_3: 0.01364  loss_mask_3: 0.04308  loss_dice_3: 0.5906  loss_ce_4: 0.01485  loss_mask_4: 0.04202  loss_dice_4: 0.5353  loss_ce_5: 0.01419  loss_mask_5: 0.03719  loss_dice_5: 0.527  loss_ce_6: 0.01528  loss_mask_6: 0.03785  loss_dice_6: 0.4895  loss_ce_7: 0.01431  loss_mask_7: 0.0299  loss_dice_7: 0.4303  loss_ce_8: 0.01392  loss_mask_8: 0.02977  loss_dice_8: 0.495    time: 0.8079  last_time: 0.8326  data_time: 0.1613  last_data_time: 0.1613   lr: 4.8919e-05  max_mem: 12314M
[03/19 00:51:14 d2.utils.events]:  eta: 4:00:10  iter: 1899  total_loss: 7.924  loss_ce: 0.1027  loss_mask: 0.07297  loss_dice: 0.5984  loss_ce_0: 0.1979  loss_mask_0: 0.1141  loss_dice_0: 0.8413  loss_ce_1: 0.1051  loss_mask_1: 0.06863  loss_dice_1: 0.6503  loss_ce_2: 0.1041  loss_mask_2: 0.07143  loss_dice_2: 0.5414  loss_ce_3: 0.09055  loss_mask_3: 0.0688  loss_dice_3: 0.5293  loss_ce_4: 0.1021  loss_mask_4: 0.07409  loss_dice_4: 0.6164  loss_ce_5: 0.09768  loss_mask_5: 0.07195  loss_dice_5: 0.5542  loss_ce_6: 0.1016  loss_mask_6: 0.07265  loss_dice_6: 0.6204  loss_ce_7: 0.108  loss_mask_7: 0.07022  loss_dice_7: 0.5889  loss_ce_8: 0.1019  loss_mask_8: 0.07253  loss_dice_8: 0.5138    time: 0.8079  last_time: 0.8281  data_time: 0.1507  last_data_time: 0.1507   lr: 4.8896e-05  max_mem: 12314M
[03/19 00:51:31 d2.utils.events]:  eta: 3:59:53  iter: 1919  total_loss: 9.135  loss_ce: 0.04678  loss_mask: 0.05337  loss_dice: 0.6947  loss_ce_0: 0.2877  loss_mask_0: 0.06439  loss_dice_0: 0.7339  loss_ce_1: 0.05887  loss_mask_1: 0.06233  loss_dice_1: 0.7625  loss_ce_2: 0.1068  loss_mask_2: 0.06239  loss_dice_2: 0.7463  loss_ce_3: 0.0396  loss_mask_3: 0.06412  loss_dice_3: 0.8077  loss_ce_4: 0.04765  loss_mask_4: 0.06467  loss_dice_4: 0.7425  loss_ce_5: 0.09896  loss_mask_5: 0.07148  loss_dice_5: 0.7465  loss_ce_6: 0.05004  loss_mask_6: 0.06739  loss_dice_6: 0.7337  loss_ce_7: 0.045  loss_mask_7: 0.05919  loss_dice_7: 0.7609  loss_ce_8: 0.07619  loss_mask_8: 0.07914  loss_dice_8: 0.9    time: 0.8080  last_time: 0.8119  data_time: 0.1354  last_data_time: 0.1354   lr: 4.8873e-05  max_mem: 12314M
[03/19 00:51:47 d2.utils.events]:  eta: 3:59:39  iter: 1939  total_loss: 6.131  loss_ce: 0.02494  loss_mask: 0.03344  loss_dice: 0.5039  loss_ce_0: 0.1347  loss_mask_0: 0.05768  loss_dice_0: 0.6935  loss_ce_1: 0.07685  loss_mask_1: 0.0422  loss_dice_1: 0.5237  loss_ce_2: 0.02708  loss_mask_2: 0.03532  loss_dice_2: 0.5316  loss_ce_3: 0.02444  loss_mask_3: 0.0324  loss_dice_3: 0.5098  loss_ce_4: 0.02131  loss_mask_4: 0.03379  loss_dice_4: 0.5409  loss_ce_5: 0.02553  loss_mask_5: 0.03857  loss_dice_5: 0.5276  loss_ce_6: 0.02631  loss_mask_6: 0.04308  loss_dice_6: 0.5543  loss_ce_7: 0.02354  loss_mask_7: 0.03053  loss_dice_7: 0.44  loss_ce_8: 0.02531  loss_mask_8: 0.04004  loss_dice_8: 0.5085    time: 0.8080  last_time: 0.8296  data_time: 0.1686  last_data_time: 0.1686   lr: 4.8849e-05  max_mem: 12314M
[03/19 00:52:04 d2.utils.events]:  eta: 3:59:20  iter: 1959  total_loss: 10.5  loss_ce: 0.2184  loss_mask: 0.04464  loss_dice: 0.7852  loss_ce_0: 0.4582  loss_mask_0: 0.07393  loss_dice_0: 0.8028  loss_ce_1: 0.1272  loss_mask_1: 0.05065  loss_dice_1: 0.8245  loss_ce_2: 0.2243  loss_mask_2: 0.04934  loss_dice_2: 0.7119  loss_ce_3: 0.2171  loss_mask_3: 0.04392  loss_dice_3: 0.7282  loss_ce_4: 0.1523  loss_mask_4: 0.04568  loss_dice_4: 0.765  loss_ce_5: 0.147  loss_mask_5: 0.04326  loss_dice_5: 0.7368  loss_ce_6: 0.2079  loss_mask_6: 0.04022  loss_dice_6: 0.7478  loss_ce_7: 0.1375  loss_mask_7: 0.04451  loss_dice_7: 0.9233  loss_ce_8: 0.2294  loss_mask_8: 0.0447  loss_dice_8: 0.875    time: 0.8082  last_time: 0.8045  data_time: 0.1224  last_data_time: 0.1224   lr: 4.8826e-05  max_mem: 12314M
[03/19 00:52:20 d2.utils.events]:  eta: 3:59:05  iter: 1979  total_loss: 13.19  loss_ce: 0.02176  loss_mask: 0.07811  loss_dice: 1.08  loss_ce_0: 0.1684  loss_mask_0: 0.1496  loss_dice_0: 1.389  loss_ce_1: 0.05865  loss_mask_1: 0.07008  loss_dice_1: 1.134  loss_ce_2: 0.03524  loss_mask_2: 0.08877  loss_dice_2: 1.278  loss_ce_3: 0.02973  loss_mask_3: 0.08394  loss_dice_3: 1.216  loss_ce_4: 0.02795  loss_mask_4: 0.07629  loss_dice_4: 1.123  loss_ce_5: 0.027  loss_mask_5: 0.07706  loss_dice_5: 1.224  loss_ce_6: 0.0248  loss_mask_6: 0.07802  loss_dice_6: 1.233  loss_ce_7: 0.02443  loss_mask_7: 0.0844  loss_dice_7: 1.079  loss_ce_8: 0.02352  loss_mask_8: 0.06814  loss_dice_8: 1.142    time: 0.8081  last_time: 0.8145  data_time: 0.1383  last_data_time: 0.1383   lr: 4.8802e-05  max_mem: 12314M
[03/19 00:52:37 d2.utils.events]:  eta: 3:58:51  iter: 1999  total_loss: 6.728  loss_ce: 0.01797  loss_mask: 0.0549  loss_dice: 0.5454  loss_ce_0: 0.3918  loss_mask_0: 0.07203  loss_dice_0: 0.631  loss_ce_1: 0.03189  loss_mask_1: 0.05857  loss_dice_1: 0.561  loss_ce_2: 0.0211  loss_mask_2: 0.05916  loss_dice_2: 0.5479  loss_ce_3: 0.02134  loss_mask_3: 0.05224  loss_dice_3: 0.5015  loss_ce_4: 0.01818  loss_mask_4: 0.05933  loss_dice_4: 0.5629  loss_ce_5: 0.01685  loss_mask_5: 0.05473  loss_dice_5: 0.5206  loss_ce_6: 0.01491  loss_mask_6: 0.05696  loss_dice_6: 0.5873  loss_ce_7: 0.01483  loss_mask_7: 0.05367  loss_dice_7: 0.5648  loss_ce_8: 0.01803  loss_mask_8: 0.05693  loss_dice_8: 0.5599    time: 0.8084  last_time: 1.0530  data_time: 0.1539  last_data_time: 0.1539   lr: 4.8778e-05  max_mem: 12314M
[03/19 00:52:53 d2.utils.events]:  eta: 3:58:33  iter: 2019  total_loss: 6.343  loss_ce: 0.01181  loss_mask: 0.02126  loss_dice: 0.5344  loss_ce_0: 0.1059  loss_mask_0: 0.02783  loss_dice_0: 0.5533  loss_ce_1: 0.01153  loss_mask_1: 0.02869  loss_dice_1: 0.5729  loss_ce_2: 0.01282  loss_mask_2: 0.02258  loss_dice_2: 0.5132  loss_ce_3: 0.01097  loss_mask_3: 0.02374  loss_dice_3: 0.5011  loss_ce_4: 0.008815  loss_mask_4: 0.01903  loss_dice_4: 0.7159  loss_ce_5: 0.008497  loss_mask_5: 0.02727  loss_dice_5: 0.6609  loss_ce_6: 0.009717  loss_mask_6: 0.02841  loss_dice_6: 0.5342  loss_ce_7: 0.008199  loss_mask_7: 0.02896  loss_dice_7: 0.6468  loss_ce_8: 0.009755  loss_mask_8: 0.02481  loss_dice_8: 0.6601    time: 0.8082  last_time: 0.7326  data_time: 0.0731  last_data_time: 0.0731   lr: 4.8753e-05  max_mem: 12314M
[03/19 00:53:10 d2.utils.events]:  eta: 3:58:19  iter: 2039  total_loss: 10.16  loss_ce: 0.0229  loss_mask: 0.03398  loss_dice: 1.078  loss_ce_0: 0.2485  loss_mask_0: 0.03801  loss_dice_0: 0.9109  loss_ce_1: 0.05048  loss_mask_1: 0.03577  loss_dice_1: 0.8559  loss_ce_2: 0.08632  loss_mask_2: 0.03877  loss_dice_2: 1.069  loss_ce_3: 0.02237  loss_mask_3: 0.03336  loss_dice_3: 0.7504  loss_ce_4: 0.03124  loss_mask_4: 0.03918  loss_dice_4: 1.072  loss_ce_5: 0.02727  loss_mask_5: 0.0361  loss_dice_5: 0.9038  loss_ce_6: 0.02526  loss_mask_6: 0.03714  loss_dice_6: 0.8989  loss_ce_7: 0.02161  loss_mask_7: 0.03364  loss_dice_7: 0.7824  loss_ce_8: 0.08688  loss_mask_8: 0.03179  loss_dice_8: 0.861    time: 0.8086  last_time: 0.7422  data_time: 0.0815  last_data_time: 0.0815   lr: 4.8729e-05  max_mem: 12314M
[03/19 00:53:26 d2.utils.events]:  eta: 3:57:59  iter: 2059  total_loss: 10.84  loss_ce: 0.1296  loss_mask: 0.03759  loss_dice: 0.605  loss_ce_0: 0.164  loss_mask_0: 0.05509  loss_dice_0: 0.9779  loss_ce_1: 0.04542  loss_mask_1: 0.0563  loss_dice_1: 0.9357  loss_ce_2: 0.05587  loss_mask_2: 0.04611  loss_dice_2: 0.8135  loss_ce_3: 0.1333  loss_mask_3: 0.04475  loss_dice_3: 0.9157  loss_ce_4: 0.1119  loss_mask_4: 0.03317  loss_dice_4: 1.042  loss_ce_5: 0.0504  loss_mask_5: 0.05497  loss_dice_5: 1.293  loss_ce_6: 0.04579  loss_mask_6: 0.05091  loss_dice_6: 0.9741  loss_ce_7: 0.1221  loss_mask_7: 0.04301  loss_dice_7: 1.195  loss_ce_8: 0.04445  loss_mask_8: 0.0432  loss_dice_8: 0.7226    time: 0.8085  last_time: 0.9052  data_time: 0.2358  last_data_time: 0.2358   lr: 4.8704e-05  max_mem: 12314M
[03/19 00:53:42 d2.utils.events]:  eta: 3:57:43  iter: 2079  total_loss: 8.522  loss_ce: 0.1026  loss_mask: 0.05714  loss_dice: 0.6265  loss_ce_0: 0.4659  loss_mask_0: 0.1427  loss_dice_0: 0.9292  loss_ce_1: 0.08497  loss_mask_1: 0.09181  loss_dice_1: 0.732  loss_ce_2: 0.0682  loss_mask_2: 0.07303  loss_dice_2: 0.6515  loss_ce_3: 0.04271  loss_mask_3: 0.06671  loss_dice_3: 0.6276  loss_ce_4: 0.02472  loss_mask_4: 0.05804  loss_dice_4: 0.6406  loss_ce_5: 0.02244  loss_mask_5: 0.06322  loss_dice_5: 0.672  loss_ce_6: 0.06823  loss_mask_6: 0.05483  loss_dice_6: 0.5831  loss_ce_7: 0.08446  loss_mask_7: 0.05489  loss_dice_7: 0.6439  loss_ce_8: 0.1057  loss_mask_8: 0.05785  loss_dice_8: 0.6257    time: 0.8086  last_time: 0.8194  data_time: 0.1446  last_data_time: 0.1446   lr: 4.8679e-05  max_mem: 12314M
[03/19 00:53:59 d2.utils.events]:  eta: 3:57:29  iter: 2099  total_loss: 14  loss_ce: 0.05663  loss_mask: 0.1138  loss_dice: 1.392  loss_ce_0: 0.144  loss_mask_0: 0.09056  loss_dice_0: 1.451  loss_ce_1: 0.1131  loss_mask_1: 0.1792  loss_dice_1: 1.327  loss_ce_2: 0.1215  loss_mask_2: 0.1011  loss_dice_2: 0.9738  loss_ce_3: 0.08391  loss_mask_3: 0.1073  loss_dice_3: 1.001  loss_ce_4: 0.07824  loss_mask_4: 0.1128  loss_dice_4: 1.054  loss_ce_5: 0.07084  loss_mask_5: 0.1113  loss_dice_5: 1.03  loss_ce_6: 0.05019  loss_mask_6: 0.1273  loss_dice_6: 1.441  loss_ce_7: 0.09657  loss_mask_7: 0.1138  loss_dice_7: 1.269  loss_ce_8: 0.07219  loss_mask_8: 0.1096  loss_dice_8: 1.003    time: 0.8087  last_time: 0.8276  data_time: 0.1635  last_data_time: 0.1635   lr: 4.8653e-05  max_mem: 12314M
[03/19 00:54:15 d2.utils.events]:  eta: 3:57:10  iter: 2119  total_loss: 7.969  loss_ce: 0.03463  loss_mask: 0.03663  loss_dice: 0.6431  loss_ce_0: 0.2193  loss_mask_0: 0.04329  loss_dice_0: 0.7567  loss_ce_1: 0.08249  loss_mask_1: 0.02994  loss_dice_1: 0.7423  loss_ce_2: 0.05856  loss_mask_2: 0.03724  loss_dice_2: 0.7185  loss_ce_3: 0.07004  loss_mask_3: 0.03591  loss_dice_3: 0.6947  loss_ce_4: 0.07472  loss_mask_4: 0.036  loss_dice_4: 0.7183  loss_ce_5: 0.04385  loss_mask_5: 0.03682  loss_dice_5: 0.5922  loss_ce_6: 0.03226  loss_mask_6: 0.03595  loss_dice_6: 0.7329  loss_ce_7: 0.03001  loss_mask_7: 0.03231  loss_dice_7: 0.7039  loss_ce_8: 0.03034  loss_mask_8: 0.03406  loss_dice_8: 0.6318    time: 0.8085  last_time: 0.7733  data_time: 0.1067  last_data_time: 0.1067   lr: 4.8628e-05  max_mem: 12314M
[03/19 00:54:30 d2.utils.events]:  eta: 3:56:48  iter: 2139  total_loss: 6.158  loss_ce: 0.02436  loss_mask: 0.03545  loss_dice: 0.4525  loss_ce_0: 0.1749  loss_mask_0: 0.0488  loss_dice_0: 0.5443  loss_ce_1: 0.08791  loss_mask_1: 0.04085  loss_dice_1: 0.5226  loss_ce_2: 0.02731  loss_mask_2: 0.04163  loss_dice_2: 0.5462  loss_ce_3: 0.03446  loss_mask_3: 0.04103  loss_dice_3: 0.4622  loss_ce_4: 0.02822  loss_mask_4: 0.0374  loss_dice_4: 0.5475  loss_ce_5: 0.02645  loss_mask_5: 0.04352  loss_dice_5: 0.5437  loss_ce_6: 0.02639  loss_mask_6: 0.04404  loss_dice_6: 0.5305  loss_ce_7: 0.02203  loss_mask_7: 0.04462  loss_dice_7: 0.5761  loss_ce_8: 0.02335  loss_mask_8: 0.03963  loss_dice_8: 0.5397    time: 0.8082  last_time: 0.7795  data_time: 0.1200  last_data_time: 0.1200   lr: 4.8602e-05  max_mem: 12314M
[03/19 00:54:47 d2.utils.events]:  eta: 3:56:24  iter: 2159  total_loss: 6.539  loss_ce: 0.01743  loss_mask: 0.05048  loss_dice: 0.5556  loss_ce_0: 0.119  loss_mask_0: 0.09178  loss_dice_0: 0.7964  loss_ce_1: 0.01874  loss_mask_1: 0.06181  loss_dice_1: 0.5439  loss_ce_2: 0.02935  loss_mask_2: 0.05611  loss_dice_2: 0.4814  loss_ce_3: 0.02445  loss_mask_3: 0.05443  loss_dice_3: 0.5349  loss_ce_4: 0.0176  loss_mask_4: 0.05077  loss_dice_4: 0.5702  loss_ce_5: 0.01865  loss_mask_5: 0.05543  loss_dice_5: 0.6437  loss_ce_6: 0.01949  loss_mask_6: 0.0466  loss_dice_6: 0.554  loss_ce_7: 0.01824  loss_mask_7: 0.04638  loss_dice_7: 0.4843  loss_ce_8: 0.01998  loss_mask_8: 0.04651  loss_dice_8: 0.5114    time: 0.8083  last_time: 0.8431  data_time: 0.1806  last_data_time: 0.1806   lr: 4.8576e-05  max_mem: 12314M
[03/19 00:55:03 d2.utils.events]:  eta: 3:56:16  iter: 2179  total_loss: 7.287  loss_ce: 0.01593  loss_mask: 0.04346  loss_dice: 0.7904  loss_ce_0: 0.1014  loss_mask_0: 0.0537  loss_dice_0: 0.8328  loss_ce_1: 0.01436  loss_mask_1: 0.05287  loss_dice_1: 0.6251  loss_ce_2: 0.01274  loss_mask_2: 0.03969  loss_dice_2: 0.5706  loss_ce_3: 0.02064  loss_mask_3: 0.03825  loss_dice_3: 0.6401  loss_ce_4: 0.01963  loss_mask_4: 0.03552  loss_dice_4: 0.6191  loss_ce_5: 0.02258  loss_mask_5: 0.04303  loss_dice_5: 0.6823  loss_ce_6: 0.0193  loss_mask_6: 0.04209  loss_dice_6: 0.5984  loss_ce_7: 0.01755  loss_mask_7: 0.03866  loss_dice_7: 0.6068  loss_ce_8: 0.01649  loss_mask_8: 0.03704  loss_dice_8: 0.6363    time: 0.8084  last_time: 0.8206  data_time: 0.1536  last_data_time: 0.1536   lr: 4.855e-05  max_mem: 12314M
[03/19 00:55:20 d2.utils.events]:  eta: 3:56:02  iter: 2199  total_loss: 9.333  loss_ce: 0.02027  loss_mask: 0.0581  loss_dice: 0.9324  loss_ce_0: 0.1915  loss_mask_0: 0.05156  loss_dice_0: 0.8728  loss_ce_1: 0.03102  loss_mask_1: 0.04043  loss_dice_1: 0.7776  loss_ce_2: 0.02338  loss_mask_2: 0.04541  loss_dice_2: 0.7812  loss_ce_3: 0.01714  loss_mask_3: 0.05045  loss_dice_3: 0.8342  loss_ce_4: 0.01833  loss_mask_4: 0.05732  loss_dice_4: 0.8177  loss_ce_5: 0.02181  loss_mask_5: 0.05248  loss_dice_5: 0.8418  loss_ce_6: 0.02199  loss_mask_6: 0.05283  loss_dice_6: 0.8584  loss_ce_7: 0.02005  loss_mask_7: 0.04643  loss_dice_7: 0.8162  loss_ce_8: 0.02187  loss_mask_8: 0.05497  loss_dice_8: 0.9036    time: 0.8084  last_time: 0.8058  data_time: 0.1393  last_data_time: 0.1393   lr: 4.8523e-05  max_mem: 12314M
[03/19 00:55:36 d2.utils.events]:  eta: 3:55:52  iter: 2219  total_loss: 10.72  loss_ce: 0.1324  loss_mask: 0.05773  loss_dice: 0.9323  loss_ce_0: 0.2507  loss_mask_0: 0.04892  loss_dice_0: 0.7155  loss_ce_1: 0.03532  loss_mask_1: 0.06551  loss_dice_1: 1.019  loss_ce_2: 0.1853  loss_mask_2: 0.05481  loss_dice_2: 1.056  loss_ce_3: 0.07048  loss_mask_3: 0.05713  loss_dice_3: 0.8804  loss_ce_4: 0.05568  loss_mask_4: 0.05612  loss_dice_4: 0.9084  loss_ce_5: 0.05243  loss_mask_5: 0.05921  loss_dice_5: 1.044  loss_ce_6: 0.07238  loss_mask_6: 0.05035  loss_dice_6: 0.8313  loss_ce_7: 0.06819  loss_mask_7: 0.05061  loss_dice_7: 0.8893  loss_ce_8: 0.07141  loss_mask_8: 0.0534  loss_dice_8: 0.8957    time: 0.8084  last_time: 0.8432  data_time: 0.1634  last_data_time: 0.1634   lr: 4.8497e-05  max_mem: 12314M
[03/19 00:55:53 d2.utils.events]:  eta: 3:55:44  iter: 2239  total_loss: 7.502  loss_ce: 0.1092  loss_mask: 0.04509  loss_dice: 0.508  loss_ce_0: 0.345  loss_mask_0: 0.07025  loss_dice_0: 0.6985  loss_ce_1: 0.06184  loss_mask_1: 0.05665  loss_dice_1: 0.6016  loss_ce_2: 0.0729  loss_mask_2: 0.05812  loss_dice_2: 0.6571  loss_ce_3: 0.0727  loss_mask_3: 0.0489  loss_dice_3: 0.551  loss_ce_4: 0.0836  loss_mask_4: 0.04746  loss_dice_4: 0.5538  loss_ce_5: 0.07646  loss_mask_5: 0.04486  loss_dice_5: 0.5399  loss_ce_6: 0.1193  loss_mask_6: 0.05257  loss_dice_6: 0.6085  loss_ce_7: 0.07674  loss_mask_7: 0.05017  loss_dice_7: 0.6216  loss_ce_8: 0.0784  loss_mask_8: 0.04817  loss_dice_8: 0.5436    time: 0.8085  last_time: 0.8529  data_time: 0.1805  last_data_time: 0.1805   lr: 4.847e-05  max_mem: 12314M
[03/19 00:56:09 d2.utils.events]:  eta: 3:55:24  iter: 2259  total_loss: 8.867  loss_ce: 0.02547  loss_mask: 0.06896  loss_dice: 0.7252  loss_ce_0: 0.145  loss_mask_0: 0.1053  loss_dice_0: 1.001  loss_ce_1: 0.03411  loss_mask_1: 0.08673  loss_dice_1: 0.7596  loss_ce_2: 0.03795  loss_mask_2: 0.07556  loss_dice_2: 0.7484  loss_ce_3: 0.022  loss_mask_3: 0.08704  loss_dice_3: 0.7688  loss_ce_4: 0.02253  loss_mask_4: 0.08748  loss_dice_4: 0.6975  loss_ce_5: 0.02664  loss_mask_5: 0.09042  loss_dice_5: 0.7481  loss_ce_6: 0.02613  loss_mask_6: 0.07861  loss_dice_6: 0.7261  loss_ce_7: 0.02223  loss_mask_7: 0.08497  loss_dice_7: 0.7493  loss_ce_8: 0.02717  loss_mask_8: 0.07826  loss_dice_8: 0.7111    time: 0.8085  last_time: 0.7894  data_time: 0.1254  last_data_time: 0.1254   lr: 4.8443e-05  max_mem: 12314M
[03/19 00:56:25 d2.utils.events]:  eta: 3:55:04  iter: 2279  total_loss: 9.149  loss_ce: 0.03155  loss_mask: 0.0268  loss_dice: 0.7424  loss_ce_0: 0.3083  loss_mask_0: 0.03396  loss_dice_0: 1.063  loss_ce_1: 0.06751  loss_mask_1: 0.0311  loss_dice_1: 0.8461  loss_ce_2: 0.07661  loss_mask_2: 0.0282  loss_dice_2: 0.8642  loss_ce_3: 0.02665  loss_mask_3: 0.03131  loss_dice_3: 0.751  loss_ce_4: 0.03152  loss_mask_4: 0.02998  loss_dice_4: 0.8666  loss_ce_5: 0.02627  loss_mask_5: 0.0233  loss_dice_5: 0.6987  loss_ce_6: 0.02858  loss_mask_6: 0.02713  loss_dice_6: 0.7852  loss_ce_7: 0.0295  loss_mask_7: 0.0245  loss_dice_7: 0.7722  loss_ce_8: 0.03491  loss_mask_8: 0.02427  loss_dice_8: 0.8176    time: 0.8084  last_time: 0.7742  data_time: 0.1207  last_data_time: 0.1207   lr: 4.8415e-05  max_mem: 12314M
[03/19 00:56:41 d2.utils.events]:  eta: 3:54:42  iter: 2299  total_loss: 9.152  loss_ce: 0.01638  loss_mask: 0.06755  loss_dice: 0.8443  loss_ce_0: 0.2451  loss_mask_0: 0.0816  loss_dice_0: 0.8842  loss_ce_1: 0.0368  loss_mask_1: 0.06582  loss_dice_1: 0.7917  loss_ce_2: 0.01916  loss_mask_2: 0.06802  loss_dice_2: 0.7267  loss_ce_3: 0.01476  loss_mask_3: 0.0719  loss_dice_3: 0.7948  loss_ce_4: 0.01288  loss_mask_4: 0.07398  loss_dice_4: 0.8578  loss_ce_5: 0.01411  loss_mask_5: 0.06876  loss_dice_5: 0.8402  loss_ce_6: 0.01629  loss_mask_6: 0.07144  loss_dice_6: 0.8259  loss_ce_7: 0.01497  loss_mask_7: 0.06399  loss_dice_7: 0.779  loss_ce_8: 0.01702  loss_mask_8: 0.06233  loss_dice_8: 0.7044    time: 0.8082  last_time: 0.9076  data_time: 0.2445  last_data_time: 0.2445   lr: 4.8387e-05  max_mem: 12314M
[03/19 00:56:57 d2.utils.events]:  eta: 3:54:26  iter: 2319  total_loss: 7.458  loss_ce: 0.02803  loss_mask: 0.04301  loss_dice: 0.5891  loss_ce_0: 0.1149  loss_mask_0: 0.07621  loss_dice_0: 0.8284  loss_ce_1: 0.03205  loss_mask_1: 0.05696  loss_dice_1: 0.7295  loss_ce_2: 0.02768  loss_mask_2: 0.05674  loss_dice_2: 0.62  loss_ce_3: 0.02895  loss_mask_3: 0.04808  loss_dice_3: 0.5722  loss_ce_4: 0.02443  loss_mask_4: 0.05146  loss_dice_4: 0.641  loss_ce_5: 0.02462  loss_mask_5: 0.04962  loss_dice_5: 0.6885  loss_ce_6: 0.02802  loss_mask_6: 0.0564  loss_dice_6: 0.6995  loss_ce_7: 0.02937  loss_mask_7: 0.04482  loss_dice_7: 0.624  loss_ce_8: 0.02735  loss_mask_8: 0.04692  loss_dice_8: 0.5698    time: 0.8082  last_time: 0.9553  data_time: 0.1433  last_data_time: 0.1433   lr: 4.836e-05  max_mem: 12314M
[03/19 00:57:13 d2.utils.events]:  eta: 3:54:07  iter: 2339  total_loss: 9.019  loss_ce: 0.04133  loss_mask: 0.03347  loss_dice: 0.7536  loss_ce_0: 0.2714  loss_mask_0: 0.04139  loss_dice_0: 1.015  loss_ce_1: 0.0323  loss_mask_1: 0.03265  loss_dice_1: 0.9069  loss_ce_2: 0.03978  loss_mask_2: 0.03251  loss_dice_2: 0.8628  loss_ce_3: 0.04322  loss_mask_3: 0.03139  loss_dice_3: 0.7124  loss_ce_4: 0.04077  loss_mask_4: 0.02881  loss_dice_4: 0.5938  loss_ce_5: 0.04224  loss_mask_5: 0.03163  loss_dice_5: 0.8424  loss_ce_6: 0.03736  loss_mask_6: 0.03151  loss_dice_6: 0.8153  loss_ce_7: 0.09443  loss_mask_7: 0.03017  loss_dice_7: 0.6466  loss_ce_8: 0.1  loss_mask_8: 0.0316  loss_dice_8: 0.8025    time: 0.8081  last_time: 0.8905  data_time: 0.2161  last_data_time: 0.2161   lr: 4.8332e-05  max_mem: 12314M
[03/19 00:57:30 d2.utils.events]:  eta: 3:53:51  iter: 2359  total_loss: 8.383  loss_ce: 0.04667  loss_mask: 0.06914  loss_dice: 0.6638  loss_ce_0: 0.2065  loss_mask_0: 0.08798  loss_dice_0: 0.7037  loss_ce_1: 0.07579  loss_mask_1: 0.07814  loss_dice_1: 0.7193  loss_ce_2: 0.04901  loss_mask_2: 0.07215  loss_dice_2: 0.6647  loss_ce_3: 0.05007  loss_mask_3: 0.08196  loss_dice_3: 0.6678  loss_ce_4: 0.1003  loss_mask_4: 0.07229  loss_dice_4: 0.6525  loss_ce_5: 0.05663  loss_mask_5: 0.07233  loss_dice_5: 0.7004  loss_ce_6: 0.1004  loss_mask_6: 0.08311  loss_dice_6: 0.6807  loss_ce_7: 0.04688  loss_mask_7: 0.06798  loss_dice_7: 0.6607  loss_ce_8: 0.05313  loss_mask_8: 0.07551  loss_dice_8: 0.7235    time: 0.8082  last_time: 0.8672  data_time: 0.1861  last_data_time: 0.1861   lr: 4.8303e-05  max_mem: 12314M
[03/19 00:57:46 d2.utils.events]:  eta: 3:53:19  iter: 2379  total_loss: 12.43  loss_ce: 0.0389  loss_mask: 0.1796  loss_dice: 0.9685  loss_ce_0: 0.2431  loss_mask_0: 0.3104  loss_dice_0: 1.387  loss_ce_1: 0.1009  loss_mask_1: 0.1982  loss_dice_1: 1.007  loss_ce_2: 0.06964  loss_mask_2: 0.1569  loss_dice_2: 0.834  loss_ce_3: 0.04273  loss_mask_3: 0.1527  loss_dice_3: 0.8115  loss_ce_4: 0.03808  loss_mask_4: 0.1896  loss_dice_4: 0.8684  loss_ce_5: 0.04397  loss_mask_5: 0.1901  loss_dice_5: 0.898  loss_ce_6: 0.04238  loss_mask_6: 0.2333  loss_dice_6: 0.9547  loss_ce_7: 0.04449  loss_mask_7: 0.215  loss_dice_7: 0.9363  loss_ce_8: 0.04182  loss_mask_8: 0.2196  loss_dice_8: 1.009    time: 0.8083  last_time: 0.9381  data_time: 0.2626  last_data_time: 0.2626   lr: 4.8275e-05  max_mem: 12314M
[03/19 00:58:02 d2.utils.events]:  eta: 3:53:10  iter: 2399  total_loss: 7.385  loss_ce: 0.01894  loss_mask: 0.04871  loss_dice: 0.6888  loss_ce_0: 0.2242  loss_mask_0: 0.06658  loss_dice_0: 0.7998  loss_ce_1: 0.02192  loss_mask_1: 0.04806  loss_dice_1: 0.5811  loss_ce_2: 0.02245  loss_mask_2: 0.03641  loss_dice_2: 0.493  loss_ce_3: 0.01614  loss_mask_3: 0.04702  loss_dice_3: 0.6166  loss_ce_4: 0.01789  loss_mask_4: 0.04297  loss_dice_4: 0.6548  loss_ce_5: 0.0158  loss_mask_5: 0.04242  loss_dice_5: 0.6624  loss_ce_6: 0.01726  loss_mask_6: 0.04399  loss_dice_6: 0.6425  loss_ce_7: 0.01779  loss_mask_7: 0.05648  loss_dice_7: 0.7107  loss_ce_8: 0.01948  loss_mask_8: 0.04466  loss_dice_8: 0.6665    time: 0.8083  last_time: 0.8044  data_time: 0.1336  last_data_time: 0.1336   lr: 4.8246e-05  max_mem: 12314M
[03/19 00:58:19 d2.utils.events]:  eta: 3:52:49  iter: 2419  total_loss: 9.196  loss_ce: 0.02881  loss_mask: 0.03812  loss_dice: 0.8281  loss_ce_0: 0.1772  loss_mask_0: 0.04701  loss_dice_0: 0.7541  loss_ce_1: 0.0304  loss_mask_1: 0.03675  loss_dice_1: 0.7789  loss_ce_2: 0.031  loss_mask_2: 0.05027  loss_dice_2: 1.154  loss_ce_3: 0.03596  loss_mask_3: 0.03493  loss_dice_3: 0.7772  loss_ce_4: 0.02719  loss_mask_4: 0.03358  loss_dice_4: 0.8291  loss_ce_5: 0.02468  loss_mask_5: 0.03685  loss_dice_5: 0.784  loss_ce_6: 0.02266  loss_mask_6: 0.04353  loss_dice_6: 0.7687  loss_ce_7: 0.02285  loss_mask_7: 0.0383  loss_dice_7: 0.8763  loss_ce_8: 0.02368  loss_mask_8: 0.03719  loss_dice_8: 0.8254    time: 0.8082  last_time: 0.8334  data_time: 0.1603  last_data_time: 0.1603   lr: 4.8217e-05  max_mem: 12314M
[03/19 00:58:35 d2.utils.events]:  eta: 3:52:43  iter: 2439  total_loss: 9.781  loss_ce: 0.1018  loss_mask: 0.03233  loss_dice: 0.7233  loss_ce_0: 0.379  loss_mask_0: 0.06275  loss_dice_0: 0.958  loss_ce_1: 0.1223  loss_mask_1: 0.03404  loss_dice_1: 0.819  loss_ce_2: 0.1366  loss_mask_2: 0.03088  loss_dice_2: 0.7954  loss_ce_3: 0.1182  loss_mask_3: 0.03287  loss_dice_3: 0.718  loss_ce_4: 0.04745  loss_mask_4: 0.05695  loss_dice_4: 0.9614  loss_ce_5: 0.09318  loss_mask_5: 0.03282  loss_dice_5: 0.8925  loss_ce_6: 0.08118  loss_mask_6: 0.03261  loss_dice_6: 0.7507  loss_ce_7: 0.07759  loss_mask_7: 0.03164  loss_dice_7: 0.7865  loss_ce_8: 0.09261  loss_mask_8: 0.03258  loss_dice_8: 0.7469    time: 0.8082  last_time: 0.7608  data_time: 0.0885  last_data_time: 0.0885   lr: 4.8188e-05  max_mem: 12314M
[03/19 00:58:51 d2.utils.events]:  eta: 3:52:23  iter: 2459  total_loss: 8.699  loss_ce: 0.02095  loss_mask: 0.0324  loss_dice: 0.6704  loss_ce_0: 0.1489  loss_mask_0: 0.05707  loss_dice_0: 1.22  loss_ce_1: 0.02517  loss_mask_1: 0.0405  loss_dice_1: 0.7627  loss_ce_2: 0.02016  loss_mask_2: 0.04011  loss_dice_2: 0.8099  loss_ce_3: 0.02832  loss_mask_3: 0.04562  loss_dice_3: 0.7391  loss_ce_4: 0.02269  loss_mask_4: 0.04117  loss_dice_4: 0.7391  loss_ce_5: 0.02146  loss_mask_5: 0.04099  loss_dice_5: 0.6838  loss_ce_6: 0.02206  loss_mask_6: 0.03752  loss_dice_6: 0.726  loss_ce_7: 0.0256  loss_mask_7: 0.04251  loss_dice_7: 0.7315  loss_ce_8: 0.02367  loss_mask_8: 0.04419  loss_dice_8: 0.8355    time: 0.8082  last_time: 0.7861  data_time: 0.1034  last_data_time: 0.1034   lr: 4.8158e-05  max_mem: 12314M
[03/19 00:59:07 d2.utils.events]:  eta: 3:52:01  iter: 2479  total_loss: 7.316  loss_ce: 0.07594  loss_mask: 0.02357  loss_dice: 0.5649  loss_ce_0: 0.1648  loss_mask_0: 0.03078  loss_dice_0: 0.7204  loss_ce_1: 0.1271  loss_mask_1: 0.02487  loss_dice_1: 0.5126  loss_ce_2: 0.08105  loss_mask_2: 0.02477  loss_dice_2: 0.4015  loss_ce_3: 0.1038  loss_mask_3: 0.02457  loss_dice_3: 0.7073  loss_ce_4: 0.1112  loss_mask_4: 0.02465  loss_dice_4: 0.4539  loss_ce_5: 0.09109  loss_mask_5: 0.0277  loss_dice_5: 0.54  loss_ce_6: 0.08272  loss_mask_6: 0.03264  loss_dice_6: 0.6339  loss_ce_7: 0.08053  loss_mask_7: 0.03113  loss_dice_7: 0.9317  loss_ce_8: 0.07603  loss_mask_8: 0.03102  loss_dice_8: 0.5801    time: 0.8082  last_time: 0.9399  data_time: 0.1148  last_data_time: 0.1148   lr: 4.8128e-05  max_mem: 12314M
[03/19 00:59:24 d2.utils.events]:  eta: 3:51:44  iter: 2499  total_loss: 8.651  loss_ce: 0.02641  loss_mask: 0.05778  loss_dice: 0.8451  loss_ce_0: 0.1559  loss_mask_0: 0.09249  loss_dice_0: 0.8601  loss_ce_1: 0.03155  loss_mask_1: 0.0563  loss_dice_1: 0.6535  loss_ce_2: 0.03671  loss_mask_2: 0.05243  loss_dice_2: 0.8081  loss_ce_3: 0.03069  loss_mask_3: 0.05447  loss_dice_3: 0.7231  loss_ce_4: 0.02789  loss_mask_4: 0.05239  loss_dice_4: 0.8476  loss_ce_5: 0.02829  loss_mask_5: 0.04563  loss_dice_5: 0.801  loss_ce_6: 0.02684  loss_mask_6: 0.05077  loss_dice_6: 0.7919  loss_ce_7: 0.0256  loss_mask_7: 0.05372  loss_dice_7: 0.7229  loss_ce_8: 0.02736  loss_mask_8: 0.04652  loss_dice_8: 0.6175    time: 0.8081  last_time: 0.8171  data_time: 0.1458  last_data_time: 0.1458   lr: 4.8098e-05  max_mem: 12314M
[03/19 00:59:40 d2.utils.events]:  eta: 3:51:27  iter: 2519  total_loss: 7.025  loss_ce: 0.003711  loss_mask: 0.04443  loss_dice: 0.6676  loss_ce_0: 0.1679  loss_mask_0: 0.07541  loss_dice_0: 0.7055  loss_ce_1: 0.009294  loss_mask_1: 0.04036  loss_dice_1: 0.5336  loss_ce_2: 0.01202  loss_mask_2: 0.04382  loss_dice_2: 0.6023  loss_ce_3: 0.009307  loss_mask_3: 0.03787  loss_dice_3: 0.5809  loss_ce_4: 0.006422  loss_mask_4: 0.0443  loss_dice_4: 0.5977  loss_ce_5: 0.006289  loss_mask_5: 0.04671  loss_dice_5: 0.6687  loss_ce_6: 0.005292  loss_mask_6: 0.04193  loss_dice_6: 0.6012  loss_ce_7: 0.004714  loss_mask_7: 0.04206  loss_dice_7: 0.6251  loss_ce_8: 0.004756  loss_mask_8: 0.04965  loss_dice_8: 0.7461    time: 0.8082  last_time: 0.7881  data_time: 0.1123  last_data_time: 0.1123   lr: 4.8068e-05  max_mem: 12314M
[03/19 00:59:56 d2.utils.events]:  eta: 3:51:05  iter: 2539  total_loss: 9.216  loss_ce: 0.09101  loss_mask: 0.04002  loss_dice: 0.902  loss_ce_0: 0.2389  loss_mask_0: 0.04674  loss_dice_0: 0.7011  loss_ce_1: 0.1378  loss_mask_1: 0.0333  loss_dice_1: 0.8828  loss_ce_2: 0.04815  loss_mask_2: 0.03261  loss_dice_2: 0.6396  loss_ce_3: 0.08985  loss_mask_3: 0.03276  loss_dice_3: 0.7124  loss_ce_4: 0.09162  loss_mask_4: 0.03714  loss_dice_4: 0.7729  loss_ce_5: 0.05024  loss_mask_5: 0.03271  loss_dice_5: 0.7985  loss_ce_6: 0.05123  loss_mask_6: 0.03624  loss_dice_6: 0.8271  loss_ce_7: 0.08427  loss_mask_7: 0.02768  loss_dice_7: 0.8917  loss_ce_8: 0.04916  loss_mask_8: 0.03872  loss_dice_8: 0.7976    time: 0.8081  last_time: 0.9360  data_time: 0.2627  last_data_time: 0.2627   lr: 4.8038e-05  max_mem: 12314M
[03/19 01:00:12 d2.utils.events]:  eta: 3:50:51  iter: 2559  total_loss: 6.888  loss_ce: 0.03625  loss_mask: 0.04374  loss_dice: 0.6157  loss_ce_0: 0.2412  loss_mask_0: 0.05626  loss_dice_0: 0.6838  loss_ce_1: 0.05326  loss_mask_1: 0.04269  loss_dice_1: 0.5949  loss_ce_2: 0.04422  loss_mask_2: 0.03901  loss_dice_2: 0.5507  loss_ce_3: 0.03813  loss_mask_3: 0.0417  loss_dice_3: 0.5938  loss_ce_4: 0.03695  loss_mask_4: 0.04221  loss_dice_4: 0.5577  loss_ce_5: 0.03853  loss_mask_5: 0.03857  loss_dice_5: 0.6092  loss_ce_6: 0.03359  loss_mask_6: 0.04044  loss_dice_6: 0.5336  loss_ce_7: 0.03327  loss_mask_7: 0.03796  loss_dice_7: 0.6075  loss_ce_8: 0.03665  loss_mask_8: 0.03972  loss_dice_8: 0.527    time: 0.8080  last_time: 0.7604  data_time: 0.0754  last_data_time: 0.0754   lr: 4.8007e-05  max_mem: 12314M
[03/19 01:00:28 d2.utils.events]:  eta: 3:50:40  iter: 2579  total_loss: 8.988  loss_ce: 0.04436  loss_mask: 0.08491  loss_dice: 0.6008  loss_ce_0: 0.2374  loss_mask_0: 0.2335  loss_dice_0: 0.7406  loss_ce_1: 0.05104  loss_mask_1: 0.2021  loss_dice_1: 0.922  loss_ce_2: 0.07815  loss_mask_2: 0.1164  loss_dice_2: 0.8451  loss_ce_3: 0.04389  loss_mask_3: 0.117  loss_dice_3: 0.8645  loss_ce_4: 0.03679  loss_mask_4: 0.1121  loss_dice_4: 0.7541  loss_ce_5: 0.04179  loss_mask_5: 0.07783  loss_dice_5: 0.5461  loss_ce_6: 0.04381  loss_mask_6: 0.08865  loss_dice_6: 0.6413  loss_ce_7: 0.0413  loss_mask_7: 0.07994  loss_dice_7: 0.6058  loss_ce_8: 0.04284  loss_mask_8: 0.0858  loss_dice_8: 0.6078    time: 0.8080  last_time: 0.7797  data_time: 0.1233  last_data_time: 0.1233   lr: 4.7976e-05  max_mem: 12314M
[03/19 01:00:45 d2.utils.events]:  eta: 3:50:24  iter: 2599  total_loss: 7.677  loss_ce: 0.1037  loss_mask: 0.0361  loss_dice: 0.5705  loss_ce_0: 0.3673  loss_mask_0: 0.0692  loss_dice_0: 0.8398  loss_ce_1: 0.2059  loss_mask_1: 0.03893  loss_dice_1: 0.5811  loss_ce_2: 0.07379  loss_mask_2: 0.03842  loss_dice_2: 0.5823  loss_ce_3: 0.08863  loss_mask_3: 0.03701  loss_dice_3: 0.529  loss_ce_4: 0.09075  loss_mask_4: 0.03887  loss_dice_4: 0.6368  loss_ce_5: 0.09683  loss_mask_5: 0.03576  loss_dice_5: 0.6197  loss_ce_6: 0.09782  loss_mask_6: 0.03532  loss_dice_6: 0.5325  loss_ce_7: 0.09738  loss_mask_7: 0.0334  loss_dice_7: 0.5366  loss_ce_8: 0.09917  loss_mask_8: 0.0378  loss_dice_8: 0.5263    time: 0.8081  last_time: 0.8560  data_time: 0.1727  last_data_time: 0.1727   lr: 4.7945e-05  max_mem: 12314M
[03/19 01:01:01 d2.utils.events]:  eta: 3:50:09  iter: 2619  total_loss: 11.98  loss_ce: 0.09885  loss_mask: 0.06456  loss_dice: 1.273  loss_ce_0: 0.2592  loss_mask_0: 0.06811  loss_dice_0: 0.947  loss_ce_1: 0.1617  loss_mask_1: 0.07448  loss_dice_1: 0.899  loss_ce_2: 0.04993  loss_mask_2: 0.07033  loss_dice_2: 1.257  loss_ce_3: 0.06667  loss_mask_3: 0.05806  loss_dice_3: 0.8226  loss_ce_4: 0.1343  loss_mask_4: 0.06035  loss_dice_4: 1.129  loss_ce_5: 0.06781  loss_mask_5: 0.05859  loss_dice_5: 0.9999  loss_ce_6: 0.04149  loss_mask_6: 0.05907  loss_dice_6: 1.069  loss_ce_7: 0.06926  loss_mask_7: 0.06782  loss_dice_7: 0.9668  loss_ce_8: 0.09157  loss_mask_8: 0.05894  loss_dice_8: 0.9379    time: 0.8080  last_time: 0.8189  data_time: 0.1547  last_data_time: 0.1547   lr: 4.7914e-05  max_mem: 12314M
[03/19 01:01:18 d2.utils.events]:  eta: 3:49:52  iter: 2639  total_loss: 8.781  loss_ce: 0.03247  loss_mask: 0.03003  loss_dice: 0.7417  loss_ce_0: 0.2126  loss_mask_0: 0.04955  loss_dice_0: 0.9252  loss_ce_1: 0.03757  loss_mask_1: 0.03543  loss_dice_1: 0.6924  loss_ce_2: 0.07057  loss_mask_2: 0.03731  loss_dice_2: 0.7179  loss_ce_3: 0.02334  loss_mask_3: 0.03525  loss_dice_3: 0.7119  loss_ce_4: 0.02884  loss_mask_4: 0.04035  loss_dice_4: 0.8517  loss_ce_5: 0.02436  loss_mask_5: 0.03292  loss_dice_5: 0.9772  loss_ce_6: 0.02352  loss_mask_6: 0.03245  loss_dice_6: 0.8014  loss_ce_7: 0.02769  loss_mask_7: 0.03397  loss_dice_7: 0.6933  loss_ce_8: 0.0348  loss_mask_8: 0.03321  loss_dice_8: 0.7917    time: 0.8082  last_time: 0.8309  data_time: 0.1684  last_data_time: 0.1684   lr: 4.7883e-05  max_mem: 12314M
[03/19 01:01:34 d2.utils.events]:  eta: 3:49:39  iter: 2659  total_loss: 13.46  loss_ce: 0.1183  loss_mask: 0.1124  loss_dice: 1.197  loss_ce_0: 0.246  loss_mask_0: 0.0523  loss_dice_0: 0.745  loss_ce_1: 0.1843  loss_mask_1: 0.0556  loss_dice_1: 1.143  loss_ce_2: 0.1557  loss_mask_2: 0.05273  loss_dice_2: 1.206  loss_ce_3: 0.1435  loss_mask_3: 0.05258  loss_dice_3: 1.491  loss_ce_4: 0.146  loss_mask_4: 0.05924  loss_dice_4: 1.229  loss_ce_5: 0.2029  loss_mask_5: 0.04852  loss_dice_5: 1.058  loss_ce_6: 0.1684  loss_mask_6: 0.0977  loss_dice_6: 1.203  loss_ce_7: 0.1425  loss_mask_7: 0.04846  loss_dice_7: 0.8557  loss_ce_8: 0.1382  loss_mask_8: 0.04816  loss_dice_8: 1.062    time: 0.8082  last_time: 0.8333  data_time: 0.1604  last_data_time: 0.1604   lr: 4.7851e-05  max_mem: 12314M
[03/19 01:01:50 d2.utils.events]:  eta: 3:49:25  iter: 2679  total_loss: 12.4  loss_ce: 0.08569  loss_mask: 0.05929  loss_dice: 1.149  loss_ce_0: 0.5168  loss_mask_0: 0.05673  loss_dice_0: 0.9628  loss_ce_1: 0.2549  loss_mask_1: 0.06641  loss_dice_1: 1.087  loss_ce_2: 0.1636  loss_mask_2: 0.05955  loss_dice_2: 0.9505  loss_ce_3: 0.1595  loss_mask_3: 0.06229  loss_dice_3: 0.9779  loss_ce_4: 0.1129  loss_mask_4: 0.05854  loss_dice_4: 0.9168  loss_ce_5: 0.1471  loss_mask_5: 0.05358  loss_dice_5: 1.027  loss_ce_6: 0.1357  loss_mask_6: 0.05607  loss_dice_6: 0.9144  loss_ce_7: 0.1492  loss_mask_7: 0.05035  loss_dice_7: 1.028  loss_ce_8: 0.1629  loss_mask_8: 0.05057  loss_dice_8: 0.9259    time: 0.8082  last_time: 0.8309  data_time: 0.1677  last_data_time: 0.1677   lr: 4.7819e-05  max_mem: 12314M
[03/19 01:02:06 d2.utils.events]:  eta: 3:49:04  iter: 2699  total_loss: 10.18  loss_ce: 0.01384  loss_mask: 0.06795  loss_dice: 1.013  loss_ce_0: 0.1424  loss_mask_0: 0.05668  loss_dice_0: 0.9658  loss_ce_1: 0.01793  loss_mask_1: 0.08184  loss_dice_1: 1.099  loss_ce_2: 0.01521  loss_mask_2: 0.04381  loss_dice_2: 0.7057  loss_ce_3: 0.01496  loss_mask_3: 0.06523  loss_dice_3: 0.8126  loss_ce_4: 0.01508  loss_mask_4: 0.06193  loss_dice_4: 0.9747  loss_ce_5: 0.01516  loss_mask_5: 0.0513  loss_dice_5: 0.9032  loss_ce_6: 0.01544  loss_mask_6: 0.07094  loss_dice_6: 1.01  loss_ce_7: 0.0158  loss_mask_7: 0.05462  loss_dice_7: 0.87  loss_ce_8: 0.01411  loss_mask_8: 0.0541  loss_dice_8: 0.9382    time: 0.8079  last_time: 0.8120  data_time: 0.1495  last_data_time: 0.1495   lr: 4.7787e-05  max_mem: 12314M
[03/19 01:02:22 d2.utils.events]:  eta: 3:48:44  iter: 2719  total_loss: 11.03  loss_ce: 0.1122  loss_mask: 0.0588  loss_dice: 0.4894  loss_ce_0: 0.173  loss_mask_0: 0.06106  loss_dice_0: 1.07  loss_ce_1: 0.1406  loss_mask_1: 0.04988  loss_dice_1: 0.6262  loss_ce_2: 0.1794  loss_mask_2: 0.05703  loss_dice_2: 1.035  loss_ce_3: 0.1042  loss_mask_3: 0.07164  loss_dice_3: 1.351  loss_ce_4: 0.113  loss_mask_4: 0.06281  loss_dice_4: 0.9764  loss_ce_5: 0.08302  loss_mask_5: 0.06139  loss_dice_5: 0.6017  loss_ce_6: 0.1207  loss_mask_6: 0.05235  loss_dice_6: 0.9243  loss_ce_7: 0.1148  loss_mask_7: 0.06074  loss_dice_7: 1.274  loss_ce_8: 0.1146  loss_mask_8: 0.05596  loss_dice_8: 0.8381    time: 0.8079  last_time: 0.7796  data_time: 0.1146  last_data_time: 0.1146   lr: 4.7754e-05  max_mem: 12314M
[03/19 01:02:38 d2.utils.events]:  eta: 3:48:24  iter: 2739  total_loss: 10.01  loss_ce: 0.01633  loss_mask: 0.0509  loss_dice: 0.9327  loss_ce_0: 0.1434  loss_mask_0: 0.06874  loss_dice_0: 1.292  loss_ce_1: 0.02978  loss_mask_1: 0.05131  loss_dice_1: 0.8177  loss_ce_2: 0.01796  loss_mask_2: 0.04811  loss_dice_2: 0.8118  loss_ce_3: 0.02217  loss_mask_3: 0.05121  loss_dice_3: 0.8851  loss_ce_4: 0.01962  loss_mask_4: 0.04222  loss_dice_4: 0.7966  loss_ce_5: 0.01649  loss_mask_5: 0.04949  loss_dice_5: 1.004  loss_ce_6: 0.01869  loss_mask_6: 0.04877  loss_dice_6: 0.9613  loss_ce_7: 0.01725  loss_mask_7: 0.04165  loss_dice_7: 0.745  loss_ce_8: 0.0169  loss_mask_8: 0.05133  loss_dice_8: 0.9449    time: 0.8078  last_time: 0.7911  data_time: 0.1320  last_data_time: 0.1320   lr: 4.7722e-05  max_mem: 12314M
[03/19 01:02:54 d2.utils.events]:  eta: 3:48:10  iter: 2759  total_loss: 8.808  loss_ce: 0.01295  loss_mask: 0.03274  loss_dice: 0.7543  loss_ce_0: 0.2155  loss_mask_0: 0.03932  loss_dice_0: 0.8961  loss_ce_1: 0.01811  loss_mask_1: 0.03306  loss_dice_1: 0.6578  loss_ce_2: 0.01178  loss_mask_2: 0.03304  loss_dice_2: 0.8659  loss_ce_3: 0.01052  loss_mask_3: 0.03785  loss_dice_3: 0.7525  loss_ce_4: 0.01209  loss_mask_4: 0.03927  loss_dice_4: 0.8058  loss_ce_5: 0.01095  loss_mask_5: 0.03885  loss_dice_5: 0.8362  loss_ce_6: 0.01147  loss_mask_6: 0.03389  loss_dice_6: 0.83  loss_ce_7: 0.01332  loss_mask_7: 0.03648  loss_dice_7: 0.8567  loss_ce_8: 0.01453  loss_mask_8: 0.04072  loss_dice_8: 0.8563    time: 0.8078  last_time: 0.8149  data_time: 0.1429  last_data_time: 0.1429   lr: 4.7689e-05  max_mem: 12314M
[03/19 01:03:11 d2.utils.events]:  eta: 3:47:57  iter: 2779  total_loss: 10.94  loss_ce: 0.0925  loss_mask: 0.06844  loss_dice: 0.858  loss_ce_0: 0.3437  loss_mask_0: 0.1018  loss_dice_0: 1.147  loss_ce_1: 0.09425  loss_mask_1: 0.06519  loss_dice_1: 0.8881  loss_ce_2: 0.09099  loss_mask_2: 0.07042  loss_dice_2: 0.9142  loss_ce_3: 0.09862  loss_mask_3: 0.0874  loss_dice_3: 0.9146  loss_ce_4: 0.09253  loss_mask_4: 0.1018  loss_dice_4: 0.9032  loss_ce_5: 0.1049  loss_mask_5: 0.08834  loss_dice_5: 0.8133  loss_ce_6: 0.09124  loss_mask_6: 0.06562  loss_dice_6: 0.7943  loss_ce_7: 0.08814  loss_mask_7: 0.07028  loss_dice_7: 0.8833  loss_ce_8: 0.08804  loss_mask_8: 0.07137  loss_dice_8: 0.8516    time: 0.8079  last_time: 0.7979  data_time: 0.1216  last_data_time: 0.1216   lr: 4.7656e-05  max_mem: 12314M
[03/19 01:03:27 d2.utils.events]:  eta: 3:47:31  iter: 2799  total_loss: 8.529  loss_ce: 0.05733  loss_mask: 0.05441  loss_dice: 0.6081  loss_ce_0: 0.2374  loss_mask_0: 0.0612  loss_dice_0: 1.023  loss_ce_1: 0.08116  loss_mask_1: 0.05844  loss_dice_1: 0.6065  loss_ce_2: 0.04944  loss_mask_2: 0.08818  loss_dice_2: 0.7474  loss_ce_3: 0.04775  loss_mask_3: 0.05263  loss_dice_3: 0.616  loss_ce_4: 0.04271  loss_mask_4: 0.05316  loss_dice_4: 0.5777  loss_ce_5: 0.04253  loss_mask_5: 0.05095  loss_dice_5: 0.686  loss_ce_6: 0.04067  loss_mask_6: 0.0682  loss_dice_6: 0.9715  loss_ce_7: 0.03599  loss_mask_7: 0.06739  loss_dice_7: 0.699  loss_ce_8: 0.03661  loss_mask_8: 0.06303  loss_dice_8: 0.7045    time: 0.8078  last_time: 0.8208  data_time: 0.1427  last_data_time: 0.1427   lr: 4.7622e-05  max_mem: 12314M
[03/19 01:03:43 d2.utils.events]:  eta: 3:47:13  iter: 2819  total_loss: 7.429  loss_ce: 0.01431  loss_mask: 0.04504  loss_dice: 0.6741  loss_ce_0: 0.1181  loss_mask_0: 0.06936  loss_dice_0: 0.9749  loss_ce_1: 0.0174  loss_mask_1: 0.0489  loss_dice_1: 0.6606  loss_ce_2: 0.01305  loss_mask_2: 0.0377  loss_dice_2: 0.5446  loss_ce_3: 0.01643  loss_mask_3: 0.05384  loss_dice_3: 0.599  loss_ce_4: 0.01754  loss_mask_4: 0.04409  loss_dice_4: 0.558  loss_ce_5: 0.01689  loss_mask_5: 0.04315  loss_dice_5: 0.7377  loss_ce_6: 0.01814  loss_mask_6: 0.04015  loss_dice_6: 0.6924  loss_ce_7: 0.01555  loss_mask_7: 0.04237  loss_dice_7: 0.5832  loss_ce_8: 0.01518  loss_mask_8: 0.04472  loss_dice_8: 0.6723    time: 0.8077  last_time: 0.7998  data_time: 0.1296  last_data_time: 0.1296   lr: 4.7589e-05  max_mem: 12314M
[03/19 01:03:59 d2.utils.events]:  eta: 3:47:04  iter: 2839  total_loss: 12.2  loss_ce: 0.1196  loss_mask: 0.09485  loss_dice: 1.019  loss_ce_0: 0.4396  loss_mask_0: 0.1293  loss_dice_0: 1.058  loss_ce_1: 0.08828  loss_mask_1: 0.1143  loss_dice_1: 0.9294  loss_ce_2: 0.1825  loss_mask_2: 0.1079  loss_dice_2: 0.9158  loss_ce_3: 0.1689  loss_mask_3: 0.1041  loss_dice_3: 0.911  loss_ce_4: 0.1417  loss_mask_4: 0.1173  loss_dice_4: 0.9293  loss_ce_5: 0.1248  loss_mask_5: 0.1195  loss_dice_5: 1.025  loss_ce_6: 0.1226  loss_mask_6: 0.08377  loss_dice_6: 0.8466  loss_ce_7: 0.08607  loss_mask_7: 0.0972  loss_dice_7: 0.9846  loss_ce_8: 0.1109  loss_mask_8: 0.09326  loss_dice_8: 0.9366    time: 0.8077  last_time: 0.8024  data_time: 0.1323  last_data_time: 0.1323   lr: 4.7555e-05  max_mem: 12314M
[03/19 01:04:15 d2.utils.events]:  eta: 3:46:52  iter: 2859  total_loss: 8.853  loss_ce: 0.01286  loss_mask: 0.04424  loss_dice: 0.7725  loss_ce_0: 0.1776  loss_mask_0: 0.04975  loss_dice_0: 0.9483  loss_ce_1: 0.02623  loss_mask_1: 0.0411  loss_dice_1: 0.7156  loss_ce_2: 0.02484  loss_mask_2: 0.04112  loss_dice_2: 0.9166  loss_ce_3: 0.0119  loss_mask_3: 0.04033  loss_dice_3: 0.8346  loss_ce_4: 0.0113  loss_mask_4: 0.046  loss_dice_4: 0.8489  loss_ce_5: 0.01526  loss_mask_5: 0.0417  loss_dice_5: 0.7906  loss_ce_6: 0.01581  loss_mask_6: 0.04577  loss_dice_6: 0.8247  loss_ce_7: 0.01246  loss_mask_7: 0.04286  loss_dice_7: 0.7135  loss_ce_8: 0.01088  loss_mask_8: 0.03844  loss_dice_8: 0.7369    time: 0.8077  last_time: 0.8275  data_time: 0.1531  last_data_time: 0.1531   lr: 4.7521e-05  max_mem: 12314M
[03/19 01:04:32 d2.utils.events]:  eta: 3:46:32  iter: 2879  total_loss: 6.88  loss_ce: 0.01954  loss_mask: 0.0471  loss_dice: 0.5803  loss_ce_0: 0.2  loss_mask_0: 0.05124  loss_dice_0: 0.7044  loss_ce_1: 0.02854  loss_mask_1: 0.0425  loss_dice_1: 0.6231  loss_ce_2: 0.03709  loss_mask_2: 0.0407  loss_dice_2: 0.5977  loss_ce_3: 0.01977  loss_mask_3: 0.04168  loss_dice_3: 0.5667  loss_ce_4: 0.02188  loss_mask_4: 0.0434  loss_dice_4: 0.5747  loss_ce_5: 0.01846  loss_mask_5: 0.0436  loss_dice_5: 0.5655  loss_ce_6: 0.01768  loss_mask_6: 0.04404  loss_dice_6: 0.5771  loss_ce_7: 0.01991  loss_mask_7: 0.04439  loss_dice_7: 0.5721  loss_ce_8: 0.09165  loss_mask_8: 0.04296  loss_dice_8: 0.6022    time: 0.8077  last_time: 0.7604  data_time: 0.0799  last_data_time: 0.0799   lr: 4.7487e-05  max_mem: 12314M
[03/19 01:04:48 d2.utils.events]:  eta: 3:46:14  iter: 2899  total_loss: 7.991  loss_ce: 0.07321  loss_mask: 0.04898  loss_dice: 0.6251  loss_ce_0: 0.2282  loss_mask_0: 0.1089  loss_dice_0: 0.6822  loss_ce_1: 0.06822  loss_mask_1: 0.06356  loss_dice_1: 0.6228  loss_ce_2: 0.07902  loss_mask_2: 0.0622  loss_dice_2: 0.6995  loss_ce_3: 0.08199  loss_mask_3: 0.05288  loss_dice_3: 0.5826  loss_ce_4: 0.07421  loss_mask_4: 0.05763  loss_dice_4: 0.6577  loss_ce_5: 0.07385  loss_mask_5: 0.05167  loss_dice_5: 0.6331  loss_ce_6: 0.07061  loss_mask_6: 0.05595  loss_dice_6: 0.6568  loss_ce_7: 0.0745  loss_mask_7: 0.0597  loss_dice_7: 0.6982  loss_ce_8: 0.07187  loss_mask_8: 0.05042  loss_dice_8: 0.6257    time: 0.8077  last_time: 0.7553  data_time: 0.0795  last_data_time: 0.0795   lr: 4.7452e-05  max_mem: 12314M
[03/19 01:05:04 d2.utils.events]:  eta: 3:45:53  iter: 2919  total_loss: 8.674  loss_ce: 0.07892  loss_mask: 0.05718  loss_dice: 0.5754  loss_ce_0: 0.5173  loss_mask_0: 0.06432  loss_dice_0: 0.8122  loss_ce_1: 0.1501  loss_mask_1: 0.05782  loss_dice_1: 0.8101  loss_ce_2: 0.09659  loss_mask_2: 0.05621  loss_dice_2: 0.6559  loss_ce_3: 0.1193  loss_mask_3: 0.05626  loss_dice_3: 0.5738  loss_ce_4: 0.08141  loss_mask_4: 0.05439  loss_dice_4: 0.5798  loss_ce_5: 0.09954  loss_mask_5: 0.05247  loss_dice_5: 0.7469  loss_ce_6: 0.07256  loss_mask_6: 0.0525  loss_dice_6: 0.5376  loss_ce_7: 0.1218  loss_mask_7: 0.05125  loss_dice_7: 0.6487  loss_ce_8: 0.1355  loss_mask_8: 0.05297  loss_dice_8: 0.7048    time: 0.8076  last_time: 0.8829  data_time: 0.1989  last_data_time: 0.1989   lr: 4.7418e-05  max_mem: 12314M
[03/19 01:05:20 d2.utils.events]:  eta: 3:45:37  iter: 2939  total_loss: 6.744  loss_ce: 0.02643  loss_mask: 0.02881  loss_dice: 0.6319  loss_ce_0: 0.1872  loss_mask_0: 0.03176  loss_dice_0: 0.7171  loss_ce_1: 0.03391  loss_mask_1: 0.02862  loss_dice_1: 0.548  loss_ce_2: 0.02848  loss_mask_2: 0.02775  loss_dice_2: 0.5291  loss_ce_3: 0.0222  loss_mask_3: 0.03491  loss_dice_3: 0.5996  loss_ce_4: 0.03007  loss_mask_4: 0.03242  loss_dice_4: 0.569  loss_ce_5: 0.02814  loss_mask_5: 0.02724  loss_dice_5: 0.5259  loss_ce_6: 0.0272  loss_mask_6: 0.03183  loss_dice_6: 0.6359  loss_ce_7: 0.02746  loss_mask_7: 0.03324  loss_dice_7: 0.6742  loss_ce_8: 0.02664  loss_mask_8: 0.02992  loss_dice_8: 0.5691    time: 0.8076  last_time: 0.8516  data_time: 0.1875  last_data_time: 0.1875   lr: 4.7383e-05  max_mem: 12314M
[03/19 01:05:36 d2.utils.events]:  eta: 3:45:17  iter: 2959  total_loss: 6.68  loss_ce: 0.0158  loss_mask: 0.03431  loss_dice: 0.6121  loss_ce_0: 0.1482  loss_mask_0: 0.04761  loss_dice_0: 0.6778  loss_ce_1: 0.0163  loss_mask_1: 0.03892  loss_dice_1: 0.5492  loss_ce_2: 0.0181  loss_mask_2: 0.03536  loss_dice_2: 0.5917  loss_ce_3: 0.01468  loss_mask_3: 0.03826  loss_dice_3: 0.6248  loss_ce_4: 0.01322  loss_mask_4: 0.03346  loss_dice_4: 0.5728  loss_ce_5: 0.0118  loss_mask_5: 0.03208  loss_dice_5: 0.5366  loss_ce_6: 0.01312  loss_mask_6: 0.03883  loss_dice_6: 0.6499  loss_ce_7: 0.01322  loss_mask_7: 0.0358  loss_dice_7: 0.6086  loss_ce_8: 0.01561  loss_mask_8: 0.03358  loss_dice_8: 0.608    time: 0.8076  last_time: 0.8018  data_time: 0.1423  last_data_time: 0.1423   lr: 4.7348e-05  max_mem: 12314M
[03/19 01:05:53 d2.utils.events]:  eta: 3:45:00  iter: 2979  total_loss: 10.09  loss_ce: 0.1116  loss_mask: 0.06021  loss_dice: 0.7763  loss_ce_0: 0.1952  loss_mask_0: 0.06072  loss_dice_0: 1.082  loss_ce_1: 0.1201  loss_mask_1: 0.05986  loss_dice_1: 0.8896  loss_ce_2: 0.1939  loss_mask_2: 0.06064  loss_dice_2: 0.8794  loss_ce_3: 0.1075  loss_mask_3: 0.05783  loss_dice_3: 0.777  loss_ce_4: 0.11  loss_mask_4: 0.05422  loss_dice_4: 0.7424  loss_ce_5: 0.1194  loss_mask_5: 0.05203  loss_dice_5: 0.8299  loss_ce_6: 0.1173  loss_mask_6: 0.06417  loss_dice_6: 0.7696  loss_ce_7: 0.1206  loss_mask_7: 0.06112  loss_dice_7: 0.836  loss_ce_8: 0.1153  loss_mask_8: 0.04538  loss_dice_8: 0.6225    time: 0.8075  last_time: 0.8097  data_time: 0.1464  last_data_time: 0.1464   lr: 4.7312e-05  max_mem: 12314M
[03/19 01:06:09 d2.utils.events]:  eta: 3:44:33  iter: 2999  total_loss: 7.126  loss_ce: 0.03409  loss_mask: 0.05807  loss_dice: 0.5883  loss_ce_0: 0.1449  loss_mask_0: 0.07229  loss_dice_0: 0.6329  loss_ce_1: 0.1023  loss_mask_1: 0.06378  loss_dice_1: 0.5787  loss_ce_2: 0.04696  loss_mask_2: 0.06235  loss_dice_2: 0.592  loss_ce_3: 0.03699  loss_mask_3: 0.05992  loss_dice_3: 0.5744  loss_ce_4: 0.04237  loss_mask_4: 0.06129  loss_dice_4: 0.568  loss_ce_5: 0.0394  loss_mask_5: 0.06363  loss_dice_5: 0.6318  loss_ce_6: 0.03681  loss_mask_6: 0.06045  loss_dice_6: 0.5656  loss_ce_7: 0.03938  loss_mask_7: 0.05642  loss_dice_7: 0.588  loss_ce_8: 0.03711  loss_mask_8: 0.06094  loss_dice_8: 0.6266    time: 0.8075  last_time: 0.7593  data_time: 0.0853  last_data_time: 0.0853   lr: 4.7277e-05  max_mem: 12314M
[03/19 01:06:24 d2.utils.events]:  eta: 3:44:17  iter: 3019  total_loss: 10.8  loss_ce: 0.033  loss_mask: 0.07698  loss_dice: 0.9554  loss_ce_0: 0.2043  loss_mask_0: 0.08171  loss_dice_0: 1.102  loss_ce_1: 0.04803  loss_mask_1: 0.08136  loss_dice_1: 0.8714  loss_ce_2: 0.07302  loss_mask_2: 0.08354  loss_dice_2: 0.8343  loss_ce_3: 0.03057  loss_mask_3: 0.07676  loss_dice_3: 0.9561  loss_ce_4: 0.08228  loss_mask_4: 0.07563  loss_dice_4: 0.8726  loss_ce_5: 0.03451  loss_mask_5: 0.08036  loss_dice_5: 1.007  loss_ce_6: 0.03734  loss_mask_6: 0.07177  loss_dice_6: 0.9346  loss_ce_7: 0.09656  loss_mask_7: 0.07758  loss_dice_7: 0.7911  loss_ce_8: 0.03441  loss_mask_8: 0.08794  loss_dice_8: 1.01    time: 0.8073  last_time: 0.8102  data_time: 0.1487  last_data_time: 0.1487   lr: 4.7241e-05  max_mem: 12314M
[03/19 01:06:40 d2.utils.events]:  eta: 3:43:56  iter: 3039  total_loss: 7.468  loss_ce: 0.09885  loss_mask: 0.02869  loss_dice: 0.5826  loss_ce_0: 0.2565  loss_mask_0: 0.03387  loss_dice_0: 0.6625  loss_ce_1: 0.127  loss_mask_1: 0.02946  loss_dice_1: 0.4976  loss_ce_2: 0.04865  loss_mask_2: 0.02885  loss_dice_2: 0.7092  loss_ce_3: 0.05253  loss_mask_3: 0.03058  loss_dice_3: 0.648  loss_ce_4: 0.04853  loss_mask_4: 0.03064  loss_dice_4: 0.5852  loss_ce_5: 0.04613  loss_mask_5: 0.02815  loss_dice_5: 0.72  loss_ce_6: 0.0517  loss_mask_6: 0.02777  loss_dice_6: 0.568  loss_ce_7: 0.05212  loss_mask_7: 0.02753  loss_dice_7: 0.7397  loss_ce_8: 0.1171  loss_mask_8: 0.02648  loss_dice_8: 0.5635    time: 0.8072  last_time: 0.8033  data_time: 0.1392  last_data_time: 0.1392   lr: 4.7205e-05  max_mem: 12314M
[03/19 01:06:56 d2.utils.events]:  eta: 3:43:35  iter: 3059  total_loss: 5.431  loss_ce: 0.01958  loss_mask: 0.03685  loss_dice: 0.5137  loss_ce_0: 0.2562  loss_mask_0: 0.03764  loss_dice_0: 0.5148  loss_ce_1: 0.03252  loss_mask_1: 0.0351  loss_dice_1: 0.4811  loss_ce_2: 0.0226  loss_mask_2: 0.03275  loss_dice_2: 0.4464  loss_ce_3: 0.03548  loss_mask_3: 0.03216  loss_dice_3: 0.4172  loss_ce_4: 0.02217  loss_mask_4: 0.03461  loss_dice_4: 0.473  loss_ce_5: 0.02023  loss_mask_5: 0.03093  loss_dice_5: 0.4555  loss_ce_6: 0.02237  loss_mask_6: 0.03267  loss_dice_6: 0.424  loss_ce_7: 0.02267  loss_mask_7: 0.03045  loss_dice_7: 0.4876  loss_ce_8: 0.02156  loss_mask_8: 0.02999  loss_dice_8: 0.4091    time: 0.8070  last_time: 0.8419  data_time: 0.1864  last_data_time: 0.1864   lr: 4.7169e-05  max_mem: 12314M
[03/19 01:07:12 d2.utils.events]:  eta: 3:43:25  iter: 3079  total_loss: 9.389  loss_ce: 0.04072  loss_mask: 0.1276  loss_dice: 0.8498  loss_ce_0: 0.2342  loss_mask_0: 0.1429  loss_dice_0: 0.9388  loss_ce_1: 0.1142  loss_mask_1: 0.08647  loss_dice_1: 0.8022  loss_ce_2: 0.05436  loss_mask_2: 0.0871  loss_dice_2: 0.5126  loss_ce_3: 0.0662  loss_mask_3: 0.08387  loss_dice_3: 0.6727  loss_ce_4: 0.09395  loss_mask_4: 0.09817  loss_dice_4: 0.8088  loss_ce_5: 0.09012  loss_mask_5: 0.08899  loss_dice_5: 0.6213  loss_ce_6: 0.1017  loss_mask_6: 0.1049  loss_dice_6: 0.7845  loss_ce_7: 0.1079  loss_mask_7: 0.08805  loss_dice_7: 0.8049  loss_ce_8: 0.1004  loss_mask_8: 0.08699  loss_dice_8: 0.5942    time: 0.8070  last_time: 0.8634  data_time: 0.1991  last_data_time: 0.1991   lr: 4.7133e-05  max_mem: 12314M
[03/19 01:07:28 d2.utils.events]:  eta: 3:42:58  iter: 3099  total_loss: 7.954  loss_ce: 0.01594  loss_mask: 0.05418  loss_dice: 0.5216  loss_ce_0: 0.1566  loss_mask_0: 0.08482  loss_dice_0: 1.011  loss_ce_1: 0.03458  loss_mask_1: 0.08364  loss_dice_1: 0.6965  loss_ce_2: 0.02412  loss_mask_2: 0.04644  loss_dice_2: 0.5868  loss_ce_3: 0.02392  loss_mask_3: 0.06241  loss_dice_3: 0.7996  loss_ce_4: 0.0184  loss_mask_4: 0.05197  loss_dice_4: 0.6394  loss_ce_5: 0.01922  loss_mask_5: 0.06445  loss_dice_5: 0.6905  loss_ce_6: 0.01743  loss_mask_6: 0.06792  loss_dice_6: 0.6472  loss_ce_7: 0.01761  loss_mask_7: 0.0651  loss_dice_7: 0.6639  loss_ce_8: 0.01726  loss_mask_8: 0.05903  loss_dice_8: 0.7125    time: 0.8070  last_time: 0.8929  data_time: 0.1949  last_data_time: 0.1949   lr: 4.7096e-05  max_mem: 12314M
[03/19 01:07:45 d2.utils.events]:  eta: 3:42:52  iter: 3119  total_loss: 7.616  loss_ce: 0.00754  loss_mask: 0.07688  loss_dice: 0.6962  loss_ce_0: 0.2151  loss_mask_0: 0.07387  loss_dice_0: 0.6765  loss_ce_1: 0.01945  loss_mask_1: 0.06783  loss_dice_1: 0.5727  loss_ce_2: 0.01365  loss_mask_2: 0.06686  loss_dice_2: 0.609  loss_ce_3: 0.008146  loss_mask_3: 0.07409  loss_dice_3: 0.7128  loss_ce_4: 0.01045  loss_mask_4: 0.07396  loss_dice_4: 0.7115  loss_ce_5: 0.009692  loss_mask_5: 0.07444  loss_dice_5: 0.6492  loss_ce_6: 0.008537  loss_mask_6: 0.07028  loss_dice_6: 0.633  loss_ce_7: 0.008691  loss_mask_7: 0.07759  loss_dice_7: 0.6537  loss_ce_8: 0.008605  loss_mask_8: 0.06992  loss_dice_8: 0.6658    time: 0.8070  last_time: 0.7693  data_time: 0.1050  last_data_time: 0.1050   lr: 4.7059e-05  max_mem: 12314M
[03/19 01:08:01 d2.utils.events]:  eta: 3:42:52  iter: 3139  total_loss: 11.41  loss_ce: 0.07117  loss_mask: 0.03166  loss_dice: 1.151  loss_ce_0: 0.1865  loss_mask_0: 0.02745  loss_dice_0: 0.6084  loss_ce_1: 0.1539  loss_mask_1: 0.03001  loss_dice_1: 1.035  loss_ce_2: 0.03978  loss_mask_2: 0.04325  loss_dice_2: 1.195  loss_ce_3: 0.1049  loss_mask_3: 0.03055  loss_dice_3: 0.9893  loss_ce_4: 0.105  loss_mask_4: 0.02906  loss_dice_4: 1.036  loss_ce_5: 0.03758  loss_mask_5: 0.03836  loss_dice_5: 1.25  loss_ce_6: 0.06061  loss_mask_6: 0.03161  loss_dice_6: 0.8832  loss_ce_7: 0.0542  loss_mask_7: 0.03143  loss_dice_7: 0.9938  loss_ce_8: 0.07823  loss_mask_8: 0.036  loss_dice_8: 1.043    time: 0.8070  last_time: 0.8053  data_time: 0.1394  last_data_time: 0.1394   lr: 4.7022e-05  max_mem: 12314M
[03/19 01:08:17 d2.utils.events]:  eta: 3:42:41  iter: 3159  total_loss: 9.43  loss_ce: 0.04866  loss_mask: 0.02883  loss_dice: 0.7091  loss_ce_0: 0.214  loss_mask_0: 0.03444  loss_dice_0: 0.7985  loss_ce_1: 0.09625  loss_mask_1: 0.02701  loss_dice_1: 0.7502  loss_ce_2: 0.09602  loss_mask_2: 0.02865  loss_dice_2: 0.6845  loss_ce_3: 0.06356  loss_mask_3: 0.03247  loss_dice_3: 0.9212  loss_ce_4: 0.03864  loss_mask_4: 0.03419  loss_dice_4: 0.8984  loss_ce_5: 0.03022  loss_mask_5: 0.03005  loss_dice_5: 1.073  loss_ce_6: 0.05968  loss_mask_6: 0.0306  loss_dice_6: 0.7205  loss_ce_7: 0.05647  loss_mask_7: 0.03022  loss_dice_7: 0.9003  loss_ce_8: 0.0538  loss_mask_8: 0.03141  loss_dice_8: 0.9093    time: 0.8071  last_time: 0.8051  data_time: 0.1352  last_data_time: 0.1352   lr: 4.6985e-05  max_mem: 12314M
[03/19 01:08:34 d2.utils.events]:  eta: 3:42:22  iter: 3179  total_loss: 9.921  loss_ce: 0.04475  loss_mask: 0.05316  loss_dice: 0.8514  loss_ce_0: 0.2018  loss_mask_0: 0.07103  loss_dice_0: 0.9579  loss_ce_1: 0.1062  loss_mask_1: 0.0485  loss_dice_1: 0.7887  loss_ce_2: 0.06503  loss_mask_2: 0.06472  loss_dice_2: 1.055  loss_ce_3: 0.02386  loss_mask_3: 0.04876  loss_dice_3: 0.6773  loss_ce_4: 0.02863  loss_mask_4: 0.05955  loss_dice_4: 0.9708  loss_ce_5: 0.03521  loss_mask_5: 0.05426  loss_dice_5: 1.052  loss_ce_6: 0.05325  loss_mask_6: 0.05336  loss_dice_6: 0.7109  loss_ce_7: 0.051  loss_mask_7: 0.05471  loss_dice_7: 0.7675  loss_ce_8: 0.08231  loss_mask_8: 0.05602  loss_dice_8: 0.8335    time: 0.8071  last_time: 0.8503  data_time: 0.1653  last_data_time: 0.1653   lr: 4.6947e-05  max_mem: 12314M
[03/19 01:08:50 d2.utils.events]:  eta: 3:42:04  iter: 3199  total_loss: 7.703  loss_ce: 0.01963  loss_mask: 0.04237  loss_dice: 0.5543  loss_ce_0: 0.108  loss_mask_0: 0.06627  loss_dice_0: 0.9621  loss_ce_1: 0.02838  loss_mask_1: 0.05765  loss_dice_1: 0.6085  loss_ce_2: 0.01875  loss_mask_2: 0.05759  loss_dice_2: 0.6061  loss_ce_3: 0.02003  loss_mask_3: 0.05073  loss_dice_3: 0.5415  loss_ce_4: 0.02086  loss_mask_4: 0.04854  loss_dice_4: 0.7086  loss_ce_5: 0.01805  loss_mask_5: 0.05956  loss_dice_5: 0.8837  loss_ce_6: 0.01813  loss_mask_6: 0.055  loss_dice_6: 0.5997  loss_ce_7: 0.01947  loss_mask_7: 0.05125  loss_dice_7: 0.7107  loss_ce_8: 0.01892  loss_mask_8: 0.05573  loss_dice_8: 0.6924    time: 0.8072  last_time: 0.7984  data_time: 0.1207  last_data_time: 0.1207   lr: 4.691e-05  max_mem: 12314M
[03/19 01:09:07 d2.utils.events]:  eta: 3:41:50  iter: 3219  total_loss: 4.966  loss_ce: 0.01609  loss_mask: 0.05627  loss_dice: 0.3523  loss_ce_0: 0.1866  loss_mask_0: 0.1443  loss_dice_0: 0.6459  loss_ce_1: 0.03176  loss_mask_1: 0.05607  loss_dice_1: 0.3539  loss_ce_2: 0.02553  loss_mask_2: 0.05648  loss_dice_2: 0.3434  loss_ce_3: 0.0256  loss_mask_3: 0.06082  loss_dice_3: 0.3766  loss_ce_4: 0.0193  loss_mask_4: 0.05172  loss_dice_4: 0.3336  loss_ce_5: 0.01847  loss_mask_5: 0.05444  loss_dice_5: 0.3846  loss_ce_6: 0.01833  loss_mask_6: 0.05581  loss_dice_6: 0.3951  loss_ce_7: 0.01967  loss_mask_7: 0.05065  loss_dice_7: 0.362  loss_ce_8: 0.01672  loss_mask_8: 0.06245  loss_dice_8: 0.3912    time: 0.8072  last_time: 0.8111  data_time: 0.1410  last_data_time: 0.1410   lr: 4.6872e-05  max_mem: 12314M
[03/19 01:09:23 d2.utils.events]:  eta: 3:41:38  iter: 3239  total_loss: 7.799  loss_ce: 0.02434  loss_mask: 0.04982  loss_dice: 0.6501  loss_ce_0: 0.4265  loss_mask_0: 0.0633  loss_dice_0: 0.6409  loss_ce_1: 0.05136  loss_mask_1: 0.04939  loss_dice_1: 0.5824  loss_ce_2: 0.043  loss_mask_2: 0.05027  loss_dice_2: 0.6044  loss_ce_3: 0.02894  loss_mask_3: 0.05099  loss_dice_3: 0.6264  loss_ce_4: 0.04973  loss_mask_4: 0.05342  loss_dice_4: 0.7862  loss_ce_5: 0.02903  loss_mask_5: 0.05543  loss_dice_5: 0.6705  loss_ce_6: 0.02658  loss_mask_6: 0.05003  loss_dice_6: 0.669  loss_ce_7: 0.02397  loss_mask_7: 0.04837  loss_dice_7: 0.6632  loss_ce_8: 0.02408  loss_mask_8: 0.051  loss_dice_8: 0.6568    time: 0.8073  last_time: 0.8069  data_time: 0.1320  last_data_time: 0.1320   lr: 4.6833e-05  max_mem: 12314M
[03/19 01:09:39 d2.utils.events]:  eta: 3:41:23  iter: 3259  total_loss: 6.688  loss_ce: 0.0143  loss_mask: 0.0529  loss_dice: 0.5059  loss_ce_0: 0.13  loss_mask_0: 0.0889  loss_dice_0: 0.7226  loss_ce_1: 0.02868  loss_mask_1: 0.089  loss_dice_1: 0.6125  loss_ce_2: 0.01407  loss_mask_2: 0.05393  loss_dice_2: 0.5875  loss_ce_3: 0.01568  loss_mask_3: 0.06022  loss_dice_3: 0.536  loss_ce_4: 0.0152  loss_mask_4: 0.06438  loss_dice_4: 0.5214  loss_ce_5: 0.01279  loss_mask_5: 0.06649  loss_dice_5: 0.4922  loss_ce_6: 0.01372  loss_mask_6: 0.05977  loss_dice_6: 0.5976  loss_ce_7: 0.01261  loss_mask_7: 0.05655  loss_dice_7: 0.5675  loss_ce_8: 0.01367  loss_mask_8: 0.05447  loss_dice_8: 0.6272    time: 0.8072  last_time: 0.8206  data_time: 0.1540  last_data_time: 0.1540   lr: 4.6795e-05  max_mem: 12314M
[03/19 01:09:56 d2.utils.events]:  eta: 3:41:10  iter: 3279  total_loss: 10.11  loss_ce: 0.05015  loss_mask: 0.03322  loss_dice: 1.406  loss_ce_0: 0.1777  loss_mask_0: 0.02791  loss_dice_0: 0.6859  loss_ce_1: 0.08712  loss_mask_1: 0.03097  loss_dice_1: 0.9262  loss_ce_2: 0.1009  loss_mask_2: 0.03059  loss_dice_2: 0.7721  loss_ce_3: 0.04761  loss_mask_3: 0.03631  loss_dice_3: 0.7526  loss_ce_4: 0.09583  loss_mask_4: 0.027  loss_dice_4: 0.8891  loss_ce_5: 0.0483  loss_mask_5: 0.02723  loss_dice_5: 0.6716  loss_ce_6: 0.04099  loss_mask_6: 0.02669  loss_dice_6: 0.7165  loss_ce_7: 0.09773  loss_mask_7: 0.03525  loss_dice_7: 0.9099  loss_ce_8: 0.1085  loss_mask_8: 0.0308  loss_dice_8: 1.215    time: 0.8073  last_time: 0.8297  data_time: 0.1589  last_data_time: 0.1589   lr: 4.6757e-05  max_mem: 12314M
[03/19 01:10:12 d2.utils.events]:  eta: 3:40:56  iter: 3299  total_loss: 7.755  loss_ce: 0.01351  loss_mask: 0.06117  loss_dice: 0.6042  loss_ce_0: 0.2151  loss_mask_0: 0.09515  loss_dice_0: 0.84  loss_ce_1: 0.0203  loss_mask_1: 0.06316  loss_dice_1: 0.6124  loss_ce_2: 0.01351  loss_mask_2: 0.06796  loss_dice_2: 0.6824  loss_ce_3: 0.01492  loss_mask_3: 0.06767  loss_dice_3: 0.6287  loss_ce_4: 0.0116  loss_mask_4: 0.05866  loss_dice_4: 0.6335  loss_ce_5: 0.0119  loss_mask_5: 0.06045  loss_dice_5: 0.6647  loss_ce_6: 0.01213  loss_mask_6: 0.06218  loss_dice_6: 0.6276  loss_ce_7: 0.01303  loss_mask_7: 0.06844  loss_dice_7: 0.7411  loss_ce_8: 0.01481  loss_mask_8: 0.06823  loss_dice_8: 0.7062    time: 0.8073  last_time: 0.7675  data_time: 0.0872  last_data_time: 0.0872   lr: 4.6718e-05  max_mem: 12314M
[03/19 01:10:29 d2.utils.events]:  eta: 3:40:42  iter: 3319  total_loss: 5.795  loss_ce: 0.01431  loss_mask: 0.04806  loss_dice: 0.4992  loss_ce_0: 0.09417  loss_mask_0: 0.054  loss_dice_0: 0.5736  loss_ce_1: 0.01904  loss_mask_1: 0.05321  loss_dice_1: 0.5242  loss_ce_2: 0.01595  loss_mask_2: 0.05008  loss_dice_2: 0.4908  loss_ce_3: 0.01764  loss_mask_3: 0.04419  loss_dice_3: 0.4585  loss_ce_4: 0.01436  loss_mask_4: 0.0452  loss_dice_4: 0.4707  loss_ce_5: 0.01572  loss_mask_5: 0.04571  loss_dice_5: 0.568  loss_ce_6: 0.01523  loss_mask_6: 0.04455  loss_dice_6: 0.5003  loss_ce_7: 0.01486  loss_mask_7: 0.0485  loss_dice_7: 0.535  loss_ce_8: 0.01561  loss_mask_8: 0.04536  loss_dice_8: 0.4587    time: 0.8074  last_time: 1.1438  data_time: 0.4704  last_data_time: 0.4704   lr: 4.6679e-05  max_mem: 12314M
[03/19 01:10:45 d2.utils.events]:  eta: 3:40:31  iter: 3339  total_loss: 18.54  loss_ce: 0.1157  loss_mask: 0.09807  loss_dice: 1.283  loss_ce_0: 0.2654  loss_mask_0: 0.1259  loss_dice_0: 1.967  loss_ce_1: 0.1813  loss_mask_1: 0.126  loss_dice_1: 1.697  loss_ce_2: 0.1826  loss_mask_2: 0.128  loss_dice_2: 1.804  loss_ce_3: 0.1262  loss_mask_3: 0.0739  loss_dice_3: 1.398  loss_ce_4: 0.1926  loss_mask_4: 0.1233  loss_dice_4: 2.003  loss_ce_5: 0.116  loss_mask_5: 0.06285  loss_dice_5: 1.457  loss_ce_6: 0.1241  loss_mask_6: 0.07946  loss_dice_6: 1.135  loss_ce_7: 0.1065  loss_mask_7: 0.1022  loss_dice_7: 1.655  loss_ce_8: 0.1716  loss_mask_8: 0.07833  loss_dice_8: 1.56    time: 0.8074  last_time: 0.8121  data_time: 0.1598  last_data_time: 0.1598   lr: 4.664e-05  max_mem: 12314M
[03/19 01:11:01 d2.utils.events]:  eta: 3:40:09  iter: 3359  total_loss: 12.42  loss_ce: 0.1567  loss_mask: 0.08729  loss_dice: 1.007  loss_ce_0: 0.4732  loss_mask_0: 0.1116  loss_dice_0: 1.155  loss_ce_1: 0.1812  loss_mask_1: 0.09617  loss_dice_1: 0.8819  loss_ce_2: 0.1254  loss_mask_2: 0.08554  loss_dice_2: 0.9087  loss_ce_3: 0.1653  loss_mask_3: 0.08762  loss_dice_3: 0.8984  loss_ce_4: 0.1368  loss_mask_4: 0.07904  loss_dice_4: 0.9863  loss_ce_5: 0.1428  loss_mask_5: 0.09213  loss_dice_5: 0.9642  loss_ce_6: 0.1464  loss_mask_6: 0.09065  loss_dice_6: 0.9264  loss_ce_7: 0.1637  loss_mask_7: 0.1005  loss_dice_7: 1.016  loss_ce_8: 0.1456  loss_mask_8: 0.0895  loss_dice_8: 0.9184    time: 0.8073  last_time: 0.7951  data_time: 0.1279  last_data_time: 0.1279   lr: 4.66e-05  max_mem: 12314M
[03/19 01:11:17 d2.utils.events]:  eta: 3:39:58  iter: 3379  total_loss: 6.558  loss_ce: 0.03155  loss_mask: 0.03422  loss_dice: 0.5018  loss_ce_0: 0.1243  loss_mask_0: 0.05483  loss_dice_0: 0.8282  loss_ce_1: 0.03714  loss_mask_1: 0.03127  loss_dice_1: 0.4828  loss_ce_2: 0.03279  loss_mask_2: 0.03491  loss_dice_2: 0.5638  loss_ce_3: 0.02808  loss_mask_3: 0.04138  loss_dice_3: 0.6164  loss_ce_4: 0.03082  loss_mask_4: 0.03354  loss_dice_4: 0.5632  loss_ce_5: 0.03624  loss_mask_5: 0.03378  loss_dice_5: 0.5453  loss_ce_6: 0.03365  loss_mask_6: 0.03656  loss_dice_6: 0.581  loss_ce_7: 0.03176  loss_mask_7: 0.02963  loss_dice_7: 0.5582  loss_ce_8: 0.03714  loss_mask_8: 0.03239  loss_dice_8: 0.5317    time: 0.8073  last_time: 0.9471  data_time: 0.2727  last_data_time: 0.2727   lr: 4.656e-05  max_mem: 12314M
[03/19 01:11:34 d2.utils.events]:  eta: 3:39:43  iter: 3399  total_loss: 9.549  loss_ce: 0.04074  loss_mask: 0.03633  loss_dice: 0.8198  loss_ce_0: 0.1349  loss_mask_0: 0.05056  loss_dice_0: 1.094  loss_ce_1: 0.07771  loss_mask_1: 0.04317  loss_dice_1: 0.8498  loss_ce_2: 0.04041  loss_mask_2: 0.03794  loss_dice_2: 0.8137  loss_ce_3: 0.03793  loss_mask_3: 0.03408  loss_dice_3: 0.8279  loss_ce_4: 0.03167  loss_mask_4: 0.0414  loss_dice_4: 1.007  loss_ce_5: 0.02931  loss_mask_5: 0.03506  loss_dice_5: 0.7378  loss_ce_6: 0.03235  loss_mask_6: 0.04154  loss_dice_6: 0.8009  loss_ce_7: 0.04074  loss_mask_7: 0.03968  loss_dice_7: 0.7905  loss_ce_8: 0.07828  loss_mask_8: 0.03559  loss_dice_8: 0.8688    time: 0.8073  last_time: 0.8393  data_time: 0.1721  last_data_time: 0.1721   lr: 4.6521e-05  max_mem: 12314M
[03/19 01:11:50 d2.utils.events]:  eta: 3:39:30  iter: 3419  total_loss: 13.41  loss_ce: 0.01417  loss_mask: 0.1455  loss_dice: 1.214  loss_ce_0: 0.2112  loss_mask_0: 0.09291  loss_dice_0: 1.261  loss_ce_1: 0.01453  loss_mask_1: 0.1411  loss_dice_1: 1.217  loss_ce_2: 0.1018  loss_mask_2: 0.08093  loss_dice_2: 0.859  loss_ce_3: 0.02053  loss_mask_3: 0.1414  loss_dice_3: 1.236  loss_ce_4: 0.0171  loss_mask_4: 0.1274  loss_dice_4: 1.267  loss_ce_5: 0.01767  loss_mask_5: 0.1443  loss_dice_5: 1.312  loss_ce_6: 0.06911  loss_mask_6: 0.05454  loss_dice_6: 1.055  loss_ce_7: 0.05866  loss_mask_7: 0.05815  loss_dice_7: 1.097  loss_ce_8: 0.0149  loss_mask_8: 0.1381  loss_dice_8: 1.226    time: 0.8073  last_time: 0.7948  data_time: 0.1323  last_data_time: 0.1323   lr: 4.648e-05  max_mem: 12314M
[03/19 01:12:06 d2.utils.events]:  eta: 3:39:05  iter: 3439  total_loss: 6.414  loss_ce: 0.01044  loss_mask: 0.04068  loss_dice: 0.5515  loss_ce_0: 0.2391  loss_mask_0: 0.04682  loss_dice_0: 0.7766  loss_ce_1: 0.0277  loss_mask_1: 0.04311  loss_dice_1: 0.5488  loss_ce_2: 0.01546  loss_mask_2: 0.04293  loss_dice_2: 0.5661  loss_ce_3: 0.02156  loss_mask_3: 0.04627  loss_dice_3: 0.5269  loss_ce_4: 0.01516  loss_mask_4: 0.04875  loss_dice_4: 0.5219  loss_ce_5: 0.01217  loss_mask_5: 0.04344  loss_dice_5: 0.5141  loss_ce_6: 0.0131  loss_mask_6: 0.04034  loss_dice_6: 0.4564  loss_ce_7: 0.01183  loss_mask_7: 0.04676  loss_dice_7: 0.5456  loss_ce_8: 0.01092  loss_mask_8: 0.04517  loss_dice_8: 0.5844    time: 0.8073  last_time: 0.7871  data_time: 0.1244  last_data_time: 0.1244   lr: 4.644e-05  max_mem: 12314M
[03/19 01:12:22 d2.utils.events]:  eta: 3:38:54  iter: 3459  total_loss: 7.633  loss_ce: 0.01227  loss_mask: 0.0662  loss_dice: 0.6542  loss_ce_0: 0.2176  loss_mask_0: 0.06494  loss_dice_0: 0.5461  loss_ce_1: 0.01766  loss_mask_1: 0.05417  loss_dice_1: 0.6322  loss_ce_2: 0.01223  loss_mask_2: 0.06147  loss_dice_2: 0.6453  loss_ce_3: 0.01031  loss_mask_3: 0.06615  loss_dice_3: 0.7213  loss_ce_4: 0.0112  loss_mask_4: 0.05879  loss_dice_4: 0.719  loss_ce_5: 0.009971  loss_mask_5: 0.06556  loss_dice_5: 0.7519  loss_ce_6: 0.009683  loss_mask_6: 0.06072  loss_dice_6: 0.675  loss_ce_7: 0.009891  loss_mask_7: 0.05608  loss_dice_7: 0.7211  loss_ce_8: 0.01121  loss_mask_8: 0.05646  loss_dice_8: 0.6349    time: 0.8073  last_time: 0.8239  data_time: 0.1558  last_data_time: 0.1558   lr: 4.64e-05  max_mem: 12314M
[03/19 01:12:38 d2.utils.events]:  eta: 3:38:38  iter: 3479  total_loss: 9.377  loss_ce: 0.1253  loss_mask: 0.02938  loss_dice: 0.966  loss_ce_0: 0.1398  loss_mask_0: 0.04281  loss_dice_0: 0.8762  loss_ce_1: 0.09564  loss_mask_1: 0.03261  loss_dice_1: 0.7622  loss_ce_2: 0.07839  loss_mask_2: 0.02717  loss_dice_2: 0.6784  loss_ce_3: 0.1623  loss_mask_3: 0.03101  loss_dice_3: 0.6732  loss_ce_4: 0.0745  loss_mask_4: 0.03286  loss_dice_4: 0.8641  loss_ce_5: 0.07778  loss_mask_5: 0.03089  loss_dice_5: 0.8246  loss_ce_6: 0.115  loss_mask_6: 0.02987  loss_dice_6: 0.8501  loss_ce_7: 0.093  loss_mask_7: 0.0394  loss_dice_7: 0.6868  loss_ce_8: 0.08183  loss_mask_8: 0.03584  loss_dice_8: 0.8196    time: 0.8071  last_time: 0.8608  data_time: 0.0744  last_data_time: 0.0744   lr: 4.6359e-05  max_mem: 12314M
[03/19 01:12:54 d2.utils.events]:  eta: 3:38:22  iter: 3499  total_loss: 7.153  loss_ce: 0.01382  loss_mask: 0.06108  loss_dice: 0.6499  loss_ce_0: 0.2014  loss_mask_0: 0.0749  loss_dice_0: 0.6349  loss_ce_1: 0.01906  loss_mask_1: 0.06117  loss_dice_1: 0.5872  loss_ce_2: 0.0153  loss_mask_2: 0.07578  loss_dice_2: 0.5764  loss_ce_3: 0.0114  loss_mask_3: 0.06283  loss_dice_3: 0.5961  loss_ce_4: 0.01393  loss_mask_4: 0.0656  loss_dice_4: 0.6648  loss_ce_5: 0.01354  loss_mask_5: 0.05752  loss_dice_5: 0.6319  loss_ce_6: 0.01285  loss_mask_6: 0.06356  loss_dice_6: 0.5847  loss_ce_7: 0.01136  loss_mask_7: 0.07351  loss_dice_7: 0.6642  loss_ce_8: 0.01182  loss_mask_8: 0.06432  loss_dice_8: 0.5775    time: 0.8071  last_time: 0.8056  data_time: 0.1394  last_data_time: 0.1394   lr: 4.6318e-05  max_mem: 12314M
[03/19 01:13:11 d2.utils.events]:  eta: 3:38:07  iter: 3519  total_loss: 5.607  loss_ce: 0.02186  loss_mask: 0.02527  loss_dice: 0.4588  loss_ce_0: 0.1326  loss_mask_0: 0.06309  loss_dice_0: 1.014  loss_ce_1: 0.02138  loss_mask_1: 0.0242  loss_dice_1: 0.4851  loss_ce_2: 0.02486  loss_mask_2: 0.02631  loss_dice_2: 0.4372  loss_ce_3: 0.01762  loss_mask_3: 0.0286  loss_dice_3: 0.5395  loss_ce_4: 0.01961  loss_mask_4: 0.02351  loss_dice_4: 0.3853  loss_ce_5: 0.0198  loss_mask_5: 0.02346  loss_dice_5: 0.3584  loss_ce_6: 0.02227  loss_mask_6: 0.02672  loss_dice_6: 0.4924  loss_ce_7: 0.01929  loss_mask_7: 0.02427  loss_dice_7: 0.4114  loss_ce_8: 0.0193  loss_mask_8: 0.01883  loss_dice_8: 0.4219    time: 0.8071  last_time: 0.8271  data_time: 0.1649  last_data_time: 0.1649   lr: 4.6277e-05  max_mem: 12314M
[03/19 01:13:27 d2.utils.events]:  eta: 3:37:53  iter: 3539  total_loss: 8.268  loss_ce: 0.02431  loss_mask: 0.04029  loss_dice: 0.7006  loss_ce_0: 0.2338  loss_mask_0: 0.05044  loss_dice_0: 0.8915  loss_ce_1: 0.05804  loss_mask_1: 0.04477  loss_dice_1: 0.7394  loss_ce_2: 0.09323  loss_mask_2: 0.04682  loss_dice_2: 0.7274  loss_ce_3: 0.02133  loss_mask_3: 0.04183  loss_dice_3: 0.6613  loss_ce_4: 0.02007  loss_mask_4: 0.03831  loss_dice_4: 0.6822  loss_ce_5: 0.02132  loss_mask_5: 0.04341  loss_dice_5: 0.777  loss_ce_6: 0.02059  loss_mask_6: 0.04071  loss_dice_6: 0.6967  loss_ce_7: 0.02391  loss_mask_7: 0.04107  loss_dice_7: 0.6839  loss_ce_8: 0.02605  loss_mask_8: 0.0415  loss_dice_8: 0.7359    time: 0.8071  last_time: 0.8716  data_time: 0.1965  last_data_time: 0.1965   lr: 4.6236e-05  max_mem: 12314M
[03/19 01:13:43 d2.utils.events]:  eta: 3:37:36  iter: 3559  total_loss: 9.929  loss_ce: 0.04096  loss_mask: 0.03626  loss_dice: 0.6302  loss_ce_0: 0.1372  loss_mask_0: 0.03898  loss_dice_0: 1.439  loss_ce_1: 0.02707  loss_mask_1: 0.04184  loss_dice_1: 1.09  loss_ce_2: 0.03138  loss_mask_2: 0.05271  loss_dice_2: 1.002  loss_ce_3: 0.03339  loss_mask_3: 0.05511  loss_dice_3: 0.6319  loss_ce_4: 0.02728  loss_mask_4: 0.03117  loss_dice_4: 0.7413  loss_ce_5: 0.02525  loss_mask_5: 0.03913  loss_dice_5: 0.8783  loss_ce_6: 0.07752  loss_mask_6: 0.03215  loss_dice_6: 1.088  loss_ce_7: 0.04731  loss_mask_7: 0.032  loss_dice_7: 0.6395  loss_ce_8: 0.04001  loss_mask_8: 0.03649  loss_dice_8: 0.9062    time: 0.8070  last_time: 0.8049  data_time: 0.1529  last_data_time: 0.1529   lr: 4.6194e-05  max_mem: 12314M
[03/19 01:13:59 d2.utils.events]:  eta: 3:37:21  iter: 3579  total_loss: 11.21  loss_ce: 0.03989  loss_mask: 0.05466  loss_dice: 0.967  loss_ce_0: 0.1805  loss_mask_0: 0.04368  loss_dice_0: 1  loss_ce_1: 0.156  loss_mask_1: 0.02945  loss_dice_1: 0.99  loss_ce_2: 0.05329  loss_mask_2: 0.04992  loss_dice_2: 0.8756  loss_ce_3: 0.04262  loss_mask_3: 0.06614  loss_dice_3: 1.121  loss_ce_4: 0.03794  loss_mask_4: 0.05592  loss_dice_4: 1.026  loss_ce_5: 0.03358  loss_mask_5: 0.05462  loss_dice_5: 1.293  loss_ce_6: 0.0388  loss_mask_6: 0.04838  loss_dice_6: 0.9365  loss_ce_7: 0.03544  loss_mask_7: 0.04784  loss_dice_7: 0.9357  loss_ce_8: 0.03642  loss_mask_8: 0.05501  loss_dice_8: 0.9081    time: 0.8070  last_time: 0.8207  data_time: 0.1393  last_data_time: 0.1393   lr: 4.6152e-05  max_mem: 12314M
[03/19 01:14:15 d2.utils.events]:  eta: 3:37:05  iter: 3599  total_loss: 6.993  loss_ce: 0.02426  loss_mask: 0.06065  loss_dice: 0.5603  loss_ce_0: 0.2173  loss_mask_0: 0.06651  loss_dice_0: 0.6804  loss_ce_1: 0.04068  loss_mask_1: 0.05356  loss_dice_1: 0.5823  loss_ce_2: 0.02816  loss_mask_2: 0.05644  loss_dice_2: 0.5961  loss_ce_3: 0.02021  loss_mask_3: 0.05786  loss_dice_3: 0.5581  loss_ce_4: 0.02472  loss_mask_4: 0.05669  loss_dice_4: 0.6107  loss_ce_5: 0.02349  loss_mask_5: 0.05702  loss_dice_5: 0.6366  loss_ce_6: 0.02216  loss_mask_6: 0.05441  loss_dice_6: 0.5542  loss_ce_7: 0.02211  loss_mask_7: 0.05485  loss_dice_7: 0.5867  loss_ce_8: 0.02493  loss_mask_8: 0.06049  loss_dice_8: 0.6012    time: 0.8070  last_time: 0.8216  data_time: 0.1493  last_data_time: 0.1493   lr: 4.611e-05  max_mem: 12314M
[03/19 01:14:32 d2.utils.events]:  eta: 3:36:45  iter: 3619  total_loss: 7.194  loss_ce: 0.00734  loss_mask: 0.04248  loss_dice: 0.6891  loss_ce_0: 0.1417  loss_mask_0: 0.03533  loss_dice_0: 0.7229  loss_ce_1: 0.01447  loss_mask_1: 0.02866  loss_dice_1: 0.6111  loss_ce_2: 0.009835  loss_mask_2: 0.03433  loss_dice_2: 0.5576  loss_ce_3: 0.00859  loss_mask_3: 0.03716  loss_dice_3: 0.643  loss_ce_4: 0.006789  loss_mask_4: 0.03641  loss_dice_4: 0.7074  loss_ce_5: 0.007621  loss_mask_5: 0.03495  loss_dice_5: 0.6709  loss_ce_6: 0.007008  loss_mask_6: 0.03718  loss_dice_6: 0.6167  loss_ce_7: 0.006354  loss_mask_7: 0.04634  loss_dice_7: 0.665  loss_ce_8: 0.007536  loss_mask_8: 0.0394  loss_dice_8: 0.7212    time: 0.8070  last_time: 0.7956  data_time: 0.1325  last_data_time: 0.1325   lr: 4.6068e-05  max_mem: 12314M
[03/19 01:14:48 d2.utils.events]:  eta: 3:36:24  iter: 3639  total_loss: 13.44  loss_ce: 0.1179  loss_mask: 0.1191  loss_dice: 1.244  loss_ce_0: 0.1775  loss_mask_0: 0.1347  loss_dice_0: 1.229  loss_ce_1: 0.1338  loss_mask_1: 0.07567  loss_dice_1: 1.234  loss_ce_2: 0.07984  loss_mask_2: 0.09007  loss_dice_2: 1.284  loss_ce_3: 0.1424  loss_mask_3: 0.0853  loss_dice_3: 0.9016  loss_ce_4: 0.1561  loss_mask_4: 0.07363  loss_dice_4: 1.132  loss_ce_5: 0.123  loss_mask_5: 0.08823  loss_dice_5: 0.9064  loss_ce_6: 0.06429  loss_mask_6: 0.1124  loss_dice_6: 0.9861  loss_ce_7: 0.1287  loss_mask_7: 0.1076  loss_dice_7: 1.201  loss_ce_8: 0.06399  loss_mask_8: 0.1034  loss_dice_8: 1.145    time: 0.8070  last_time: 0.7861  data_time: 0.1073  last_data_time: 0.1073   lr: 4.6026e-05  max_mem: 12314M
[03/19 01:15:04 d2.utils.events]:  eta: 3:36:05  iter: 3659  total_loss: 5.329  loss_ce: 0.01096  loss_mask: 0.04185  loss_dice: 0.4623  loss_ce_0: 0.2495  loss_mask_0: 0.05862  loss_dice_0: 0.5613  loss_ce_1: 0.02246  loss_mask_1: 0.03951  loss_dice_1: 0.4276  loss_ce_2: 0.01744  loss_mask_2: 0.04408  loss_dice_2: 0.4514  loss_ce_3: 0.02984  loss_mask_3: 0.04021  loss_dice_3: 0.4483  loss_ce_4: 0.0145  loss_mask_4: 0.03736  loss_dice_4: 0.429  loss_ce_5: 0.01393  loss_mask_5: 0.0377  loss_dice_5: 0.4343  loss_ce_6: 0.01198  loss_mask_6: 0.03609  loss_dice_6: 0.4617  loss_ce_7: 0.01184  loss_mask_7: 0.03899  loss_dice_7: 0.4382  loss_ce_8: 0.01186  loss_mask_8: 0.03537  loss_dice_8: 0.4108    time: 0.8069  last_time: 0.7915  data_time: 0.1075  last_data_time: 0.1075   lr: 4.5983e-05  max_mem: 12314M
[03/19 01:15:20 d2.utils.events]:  eta: 3:35:49  iter: 3679  total_loss: 7.989  loss_ce: 0.02824  loss_mask: 0.03977  loss_dice: 0.6071  loss_ce_0: 0.216  loss_mask_0: 0.06293  loss_dice_0: 0.8598  loss_ce_1: 0.05171  loss_mask_1: 0.04908  loss_dice_1: 0.7759  loss_ce_2: 0.08507  loss_mask_2: 0.04448  loss_dice_2: 0.6939  loss_ce_3: 0.03739  loss_mask_3: 0.04313  loss_dice_3: 0.6659  loss_ce_4: 0.02793  loss_mask_4: 0.04309  loss_dice_4: 0.7227  loss_ce_5: 0.02675  loss_mask_5: 0.0395  loss_dice_5: 0.6905  loss_ce_6: 0.02645  loss_mask_6: 0.04712  loss_dice_6: 0.6775  loss_ce_7: 0.02772  loss_mask_7: 0.04345  loss_dice_7: 0.6435  loss_ce_8: 0.02711  loss_mask_8: 0.04462  loss_dice_8: 0.6402    time: 0.8070  last_time: 0.8123  data_time: 0.1382  last_data_time: 0.1382   lr: 4.594e-05  max_mem: 12314M
[03/19 01:15:37 d2.utils.events]:  eta: 3:35:37  iter: 3699  total_loss: 8.597  loss_ce: 0.01931  loss_mask: 0.04948  loss_dice: 0.7277  loss_ce_0: 0.2414  loss_mask_0: 0.07173  loss_dice_0: 1.06  loss_ce_1: 0.03119  loss_mask_1: 0.04799  loss_dice_1: 0.7022  loss_ce_2: 0.02327  loss_mask_2: 0.04548  loss_dice_2: 0.6472  loss_ce_3: 0.01937  loss_mask_3: 0.04887  loss_dice_3: 0.7127  loss_ce_4: 0.01646  loss_mask_4: 0.05225  loss_dice_4: 0.8188  loss_ce_5: 0.01559  loss_mask_5: 0.04772  loss_dice_5: 0.6894  loss_ce_6: 0.01876  loss_mask_6: 0.05249  loss_dice_6: 0.7076  loss_ce_7: 0.02046  loss_mask_7: 0.05769  loss_dice_7: 0.7918  loss_ce_8: 0.01763  loss_mask_8: 0.05498  loss_dice_8: 0.788    time: 0.8070  last_time: 0.8225  data_time: 0.1468  last_data_time: 0.1468   lr: 4.5897e-05  max_mem: 12314M
[03/19 01:15:53 d2.utils.events]:  eta: 3:35:24  iter: 3719  total_loss: 9.179  loss_ce: 0.02353  loss_mask: 0.0515  loss_dice: 0.8674  loss_ce_0: 0.1793  loss_mask_0: 0.06267  loss_dice_0: 0.926  loss_ce_1: 0.02397  loss_mask_1: 0.05018  loss_dice_1: 0.777  loss_ce_2: 0.0179  loss_mask_2: 0.05024  loss_dice_2: 0.7519  loss_ce_3: 0.02396  loss_mask_3: 0.0617  loss_dice_3: 0.8446  loss_ce_4: 0.02229  loss_mask_4: 0.05017  loss_dice_4: 0.867  loss_ce_5: 0.02468  loss_mask_5: 0.04749  loss_dice_5: 0.8833  loss_ce_6: 0.02286  loss_mask_6: 0.0469  loss_dice_6: 0.7264  loss_ce_7: 0.02284  loss_mask_7: 0.05131  loss_dice_7: 0.7334  loss_ce_8: 0.02448  loss_mask_8: 0.06373  loss_dice_8: 0.8806    time: 0.8071  last_time: 0.7944  data_time: 0.1272  last_data_time: 0.1272   lr: 4.5854e-05  max_mem: 12314M
[03/19 01:16:10 d2.utils.events]:  eta: 3:35:14  iter: 3739  total_loss: 9.782  loss_ce: 0.01644  loss_mask: 0.07757  loss_dice: 0.8765  loss_ce_0: 0.196  loss_mask_0: 0.0732  loss_dice_0: 0.7525  loss_ce_1: 0.01599  loss_mask_1: 0.07558  loss_dice_1: 0.9602  loss_ce_2: 0.07616  loss_mask_2: 0.0695  loss_dice_2: 0.8612  loss_ce_3: 0.0134  loss_mask_3: 0.08386  loss_dice_3: 0.8256  loss_ce_4: 0.01604  loss_mask_4: 0.07519  loss_dice_4: 0.9575  loss_ce_5: 0.08833  loss_mask_5: 0.0747  loss_dice_5: 0.8913  loss_ce_6: 0.01469  loss_mask_6: 0.06715  loss_dice_6: 0.7496  loss_ce_7: 0.09962  loss_mask_7: 0.07397  loss_dice_7: 0.8367  loss_ce_8: 0.01637  loss_mask_8: 0.07067  loss_dice_8: 0.776    time: 0.8072  last_time: 0.8260  data_time: 0.1659  last_data_time: 0.1659   lr: 4.5811e-05  max_mem: 12314M
[03/19 01:16:26 d2.utils.events]:  eta: 3:34:53  iter: 3759  total_loss: 9.655  loss_ce: 0.1102  loss_mask: 0.05362  loss_dice: 1.216  loss_ce_0: 0.1518  loss_mask_0: 0.05315  loss_dice_0: 0.8691  loss_ce_1: 0.05413  loss_mask_1: 0.0558  loss_dice_1: 0.7328  loss_ce_2: 0.06121  loss_mask_2: 0.05147  loss_dice_2: 0.7562  loss_ce_3: 0.05747  loss_mask_3: 0.04756  loss_dice_3: 0.6727  loss_ce_4: 0.03913  loss_mask_4: 0.03888  loss_dice_4: 0.6328  loss_ce_5: 0.07818  loss_mask_5: 0.04472  loss_dice_5: 0.8048  loss_ce_6: 0.04183  loss_mask_6: 0.04787  loss_dice_6: 0.7885  loss_ce_7: 0.08219  loss_mask_7: 0.05085  loss_dice_7: 1.039  loss_ce_8: 0.04458  loss_mask_8: 0.05162  loss_dice_8: 0.9266    time: 0.8070  last_time: 0.7982  data_time: 0.1387  last_data_time: 0.1387   lr: 4.5767e-05  max_mem: 12314M
[03/19 01:16:42 d2.utils.events]:  eta: 3:34:37  iter: 3779  total_loss: 8.397  loss_ce: 0.03808  loss_mask: 0.04305  loss_dice: 0.6623  loss_ce_0: 0.2503  loss_mask_0: 0.08663  loss_dice_0: 0.7961  loss_ce_1: 0.04484  loss_mask_1: 0.05217  loss_dice_1: 0.759  loss_ce_2: 0.1247  loss_mask_2: 0.04817  loss_dice_2: 0.7376  loss_ce_3: 0.04363  loss_mask_3: 0.05009  loss_dice_3: 0.6787  loss_ce_4: 0.04603  loss_mask_4: 0.04821  loss_dice_4: 0.8365  loss_ce_5: 0.1134  loss_mask_5: 0.04537  loss_dice_5: 0.5931  loss_ce_6: 0.03982  loss_mask_6: 0.04276  loss_dice_6: 0.7085  loss_ce_7: 0.03882  loss_mask_7: 0.046  loss_dice_7: 0.6821  loss_ce_8: 0.03588  loss_mask_8: 0.04504  loss_dice_8: 0.6606    time: 0.8069  last_time: 0.8090  data_time: 0.1378  last_data_time: 0.1378   lr: 4.5723e-05  max_mem: 12314M
[03/19 01:16:58 d2.utils.events]:  eta: 3:34:20  iter: 3799  total_loss: 7.937  loss_ce: 0.06874  loss_mask: 0.1299  loss_dice: 0.6808  loss_ce_0: 0.2274  loss_mask_0: 0.1906  loss_dice_0: 0.7821  loss_ce_1: 0.02228  loss_mask_1: 0.1967  loss_dice_1: 0.6867  loss_ce_2: 0.02664  loss_mask_2: 0.08239  loss_dice_2: 0.5287  loss_ce_3: 0.01966  loss_mask_3: 0.06917  loss_dice_3: 0.4956  loss_ce_4: 0.02073  loss_mask_4: 0.07776  loss_dice_4: 0.567  loss_ce_5: 0.02182  loss_mask_5: 0.08577  loss_dice_5: 0.511  loss_ce_6: 0.01893  loss_mask_6: 0.08187  loss_dice_6: 0.5307  loss_ce_7: 0.02026  loss_mask_7: 0.151  loss_dice_7: 0.7604  loss_ce_8: 0.07215  loss_mask_8: 0.1108  loss_dice_8: 0.6998    time: 0.8069  last_time: 0.8389  data_time: 0.1730  last_data_time: 0.1730   lr: 4.5679e-05  max_mem: 12314M
[03/19 01:17:14 d2.utils.events]:  eta: 3:34:03  iter: 3819  total_loss: 11.25  loss_ce: 0.07921  loss_mask: 0.03246  loss_dice: 1.097  loss_ce_0: 0.1487  loss_mask_0: 0.04409  loss_dice_0: 1.034  loss_ce_1: 0.09257  loss_mask_1: 0.02874  loss_dice_1: 0.903  loss_ce_2: 0.1061  loss_mask_2: 0.046  loss_dice_2: 1.133  loss_ce_3: 0.07647  loss_mask_3: 0.05034  loss_dice_3: 1.004  loss_ce_4: 0.03714  loss_mask_4: 0.03409  loss_dice_4: 0.9924  loss_ce_5: 0.08735  loss_mask_5: 0.04326  loss_dice_5: 1.028  loss_ce_6: 0.03088  loss_mask_6: 0.03523  loss_dice_6: 1.05  loss_ce_7: 0.08515  loss_mask_7: 0.03676  loss_dice_7: 0.9925  loss_ce_8: 0.07926  loss_mask_8: 0.0292  loss_dice_8: 0.8123    time: 0.8069  last_time: 0.8567  data_time: 0.1780  last_data_time: 0.1780   lr: 4.5635e-05  max_mem: 12314M
[03/19 01:17:30 d2.utils.events]:  eta: 3:33:43  iter: 3839  total_loss: 8.972  loss_ce: 0.02427  loss_mask: 0.1271  loss_dice: 0.7816  loss_ce_0: 0.2758  loss_mask_0: 0.1795  loss_dice_0: 0.8443  loss_ce_1: 0.03195  loss_mask_1: 0.1303  loss_dice_1: 0.7816  loss_ce_2: 0.04386  loss_mask_2: 0.1077  loss_dice_2: 0.6591  loss_ce_3: 0.03146  loss_mask_3: 0.1038  loss_dice_3: 0.6934  loss_ce_4: 0.0334  loss_mask_4: 0.1058  loss_dice_4: 0.6422  loss_ce_5: 0.03028  loss_mask_5: 0.1245  loss_dice_5: 0.7057  loss_ce_6: 0.0286  loss_mask_6: 0.1099  loss_dice_6: 0.6684  loss_ce_7: 0.02642  loss_mask_7: 0.1224  loss_dice_7: 0.7804  loss_ce_8: 0.023  loss_mask_8: 0.1182  loss_dice_8: 0.6374    time: 0.8068  last_time: 0.8323  data_time: 0.1515  last_data_time: 0.1515   lr: 4.5591e-05  max_mem: 12314M
[03/19 01:17:46 d2.utils.events]:  eta: 3:33:21  iter: 3859  total_loss: 6.299  loss_ce: 0.007392  loss_mask: 0.04709  loss_dice: 0.5688  loss_ce_0: 0.1306  loss_mask_0: 0.0787  loss_dice_0: 0.7421  loss_ce_1: 0.006116  loss_mask_1: 0.04677  loss_dice_1: 0.5064  loss_ce_2: 0.009636  loss_mask_2: 0.04488  loss_dice_2: 0.5544  loss_ce_3: 0.006439  loss_mask_3: 0.04168  loss_dice_3: 0.497  loss_ce_4: 0.006508  loss_mask_4: 0.0452  loss_dice_4: 0.5788  loss_ce_5: 0.005895  loss_mask_5: 0.04567  loss_dice_5: 0.5607  loss_ce_6: 0.007347  loss_mask_6: 0.04427  loss_dice_6: 0.5241  loss_ce_7: 0.007076  loss_mask_7: 0.04548  loss_dice_7: 0.5647  loss_ce_8: 0.006918  loss_mask_8: 0.042  loss_dice_8: 0.5265    time: 0.8068  last_time: 0.8159  data_time: 0.1454  last_data_time: 0.1454   lr: 4.5546e-05  max_mem: 12314M
[03/19 01:18:02 d2.utils.events]:  eta: 3:33:07  iter: 3879  total_loss: 12.9  loss_ce: 0.09895  loss_mask: 0.05895  loss_dice: 1.035  loss_ce_0: 0.2351  loss_mask_0: 0.07513  loss_dice_0: 1.086  loss_ce_1: 0.05454  loss_mask_1: 0.1267  loss_dice_1: 1.35  loss_ce_2: 0.1609  loss_mask_2: 0.07864  loss_dice_2: 1.07  loss_ce_3: 0.1748  loss_mask_3: 0.05668  loss_dice_3: 1.011  loss_ce_4: 0.1226  loss_mask_4: 0.05976  loss_dice_4: 1.065  loss_ce_5: 0.1211  loss_mask_5: 0.05758  loss_dice_5: 1.019  loss_ce_6: 0.1553  loss_mask_6: 0.05678  loss_dice_6: 0.9367  loss_ce_7: 0.09954  loss_mask_7: 0.09814  loss_dice_7: 1.12  loss_ce_8: 0.07565  loss_mask_8: 0.05732  loss_dice_8: 1.182    time: 0.8067  last_time: 0.9036  data_time: 0.2497  last_data_time: 0.2497   lr: 4.5501e-05  max_mem: 12314M
[03/19 01:18:18 d2.utils.events]:  eta: 3:32:46  iter: 3899  total_loss: 12.26  loss_ce: 0.04895  loss_mask: 0.03283  loss_dice: 1.232  loss_ce_0: 0.1529  loss_mask_0: 0.1289  loss_dice_0: 0.8853  loss_ce_1: 0.1293  loss_mask_1: 0.0356  loss_dice_1: 0.9177  loss_ce_2: 0.1104  loss_mask_2: 0.04659  loss_dice_2: 1.371  loss_ce_3: 0.06372  loss_mask_3: 0.03334  loss_dice_3: 0.9257  loss_ce_4: 0.05145  loss_mask_4: 0.03442  loss_dice_4: 1.131  loss_ce_5: 0.05387  loss_mask_5: 0.04709  loss_dice_5: 1.276  loss_ce_6: 0.05556  loss_mask_6: 0.03428  loss_dice_6: 1.107  loss_ce_7: 0.05125  loss_mask_7: 0.03489  loss_dice_7: 0.773  loss_ce_8: 0.04418  loss_mask_8: 0.04139  loss_dice_8: 1.406    time: 0.8066  last_time: 0.8076  data_time: 0.1492  last_data_time: 0.1492   lr: 4.5456e-05  max_mem: 12314M
[03/19 01:18:34 d2.utils.events]:  eta: 3:32:31  iter: 3919  total_loss: 15.62  loss_ce: 0.1105  loss_mask: 0.2309  loss_dice: 1.284  loss_ce_0: 0.2477  loss_mask_0: 0.2641  loss_dice_0: 1.307  loss_ce_1: 0.1263  loss_mask_1: 0.2101  loss_dice_1: 1.232  loss_ce_2: 0.08359  loss_mask_2: 0.2335  loss_dice_2: 1.106  loss_ce_3: 0.07789  loss_mask_3: 0.2021  loss_dice_3: 1.17  loss_ce_4: 0.1273  loss_mask_4: 0.1724  loss_dice_4: 1.152  loss_ce_5: 0.1542  loss_mask_5: 0.1741  loss_dice_5: 1.187  loss_ce_6: 0.1758  loss_mask_6: 0.2338  loss_dice_6: 1.074  loss_ce_7: 0.1088  loss_mask_7: 0.286  loss_dice_7: 1.317  loss_ce_8: 0.1119  loss_mask_8: 0.2289  loss_dice_8: 1.23    time: 0.8066  last_time: 0.8262  data_time: 0.1565  last_data_time: 0.1565   lr: 4.5411e-05  max_mem: 12314M
[03/19 01:18:50 d2.utils.events]:  eta: 3:32:12  iter: 3939  total_loss: 9.466  loss_ce: 0.03149  loss_mask: 0.02598  loss_dice: 0.7646  loss_ce_0: 0.1511  loss_mask_0: 0.03023  loss_dice_0: 0.8887  loss_ce_1: 0.06367  loss_mask_1: 0.03349  loss_dice_1: 0.884  loss_ce_2: 0.08856  loss_mask_2: 0.02941  loss_dice_2: 0.7233  loss_ce_3: 0.1035  loss_mask_3: 0.02606  loss_dice_3: 0.7128  loss_ce_4: 0.03556  loss_mask_4: 0.02353  loss_dice_4: 0.6977  loss_ce_5: 0.04093  loss_mask_5: 0.02622  loss_dice_5: 0.829  loss_ce_6: 0.04069  loss_mask_6: 0.03074  loss_dice_6: 0.9711  loss_ce_7: 0.07752  loss_mask_7: 0.03494  loss_dice_7: 0.9984  loss_ce_8: 0.04415  loss_mask_8: 0.03057  loss_dice_8: 1.027    time: 0.8066  last_time: 0.8194  data_time: 0.1497  last_data_time: 0.1497   lr: 4.5365e-05  max_mem: 12314M
[03/19 01:19:06 d2.utils.events]:  eta: 3:31:54  iter: 3959  total_loss: 7.476  loss_ce: 0.03867  loss_mask: 0.04633  loss_dice: 0.7227  loss_ce_0: 0.1329  loss_mask_0: 0.06223  loss_dice_0: 0.7245  loss_ce_1: 0.09313  loss_mask_1: 0.05312  loss_dice_1: 0.6233  loss_ce_2: 0.09289  loss_mask_2: 0.04965  loss_dice_2: 0.5194  loss_ce_3: 0.04112  loss_mask_3: 0.04665  loss_dice_3: 0.604  loss_ce_4: 0.03495  loss_mask_4: 0.05151  loss_dice_4: 0.6076  loss_ce_5: 0.02764  loss_mask_5: 0.04822  loss_dice_5: 0.5445  loss_ce_6: 0.03838  loss_mask_6: 0.04611  loss_dice_6: 0.6073  loss_ce_7: 0.04003  loss_mask_7: 0.05029  loss_dice_7: 0.5814  loss_ce_8: 0.1029  loss_mask_8: 0.04913  loss_dice_8: 0.7956    time: 0.8066  last_time: 0.8153  data_time: 0.1503  last_data_time: 0.1503   lr: 4.532e-05  max_mem: 12314M
[03/19 01:19:23 d2.utils.events]:  eta: 3:31:44  iter: 3979  total_loss: 8.834  loss_ce: 0.05135  loss_mask: 0.04117  loss_dice: 0.822  loss_ce_0: 0.2477  loss_mask_0: 0.04734  loss_dice_0: 1.068  loss_ce_1: 0.1593  loss_mask_1: 0.0319  loss_dice_1: 0.7976  loss_ce_2: 0.1043  loss_mask_2: 0.03368  loss_dice_2: 0.6888  loss_ce_3: 0.06233  loss_mask_3: 0.03097  loss_dice_3: 0.6998  loss_ce_4: 0.0727  loss_mask_4: 0.02635  loss_dice_4: 0.5917  loss_ce_5: 0.07641  loss_mask_5: 0.02865  loss_dice_5: 0.4712  loss_ce_6: 0.1288  loss_mask_6: 0.03238  loss_dice_6: 0.7441  loss_ce_7: 0.08345  loss_mask_7: 0.02881  loss_dice_7: 0.7068  loss_ce_8: 0.07464  loss_mask_8: 0.03648  loss_dice_8: 0.845    time: 0.8066  last_time: 0.8419  data_time: 0.1600  last_data_time: 0.1600   lr: 4.5274e-05  max_mem: 12314M
[03/19 01:19:39 d2.utils.events]:  eta: 3:31:30  iter: 3999  total_loss: 6.541  loss_ce: 0.01057  loss_mask: 0.0379  loss_dice: 0.5363  loss_ce_0: 0.2309  loss_mask_0: 0.06803  loss_dice_0: 0.8543  loss_ce_1: 0.06327  loss_mask_1: 0.03779  loss_dice_1: 0.5313  loss_ce_2: 0.01208  loss_mask_2: 0.03701  loss_dice_2: 0.4805  loss_ce_3: 0.01007  loss_mask_3: 0.03975  loss_dice_3: 0.584  loss_ce_4: 0.01214  loss_mask_4: 0.03873  loss_dice_4: 0.556  loss_ce_5: 0.01355  loss_mask_5: 0.03847  loss_dice_5: 0.5317  loss_ce_6: 0.01478  loss_mask_6: 0.03756  loss_dice_6: 0.565  loss_ce_7: 0.0123  loss_mask_7: 0.03673  loss_dice_7: 0.5265  loss_ce_8: 0.01073  loss_mask_8: 0.0397  loss_dice_8: 0.5736    time: 0.8066  last_time: 0.9874  data_time: 0.1555  last_data_time: 0.1555   lr: 4.5228e-05  max_mem: 12314M
[03/19 01:19:55 d2.utils.events]:  eta: 3:31:14  iter: 4019  total_loss: 6.882  loss_ce: 0.02257  loss_mask: 0.02873  loss_dice: 0.5077  loss_ce_0: 0.2219  loss_mask_0: 0.04497  loss_dice_0: 0.8766  loss_ce_1: 0.03125  loss_mask_1: 0.03116  loss_dice_1: 0.4049  loss_ce_2: 0.02989  loss_mask_2: 0.03295  loss_dice_2: 0.6546  loss_ce_3: 0.02213  loss_mask_3: 0.03153  loss_dice_3: 0.5703  loss_ce_4: 0.02672  loss_mask_4: 0.0386  loss_dice_4: 0.6612  loss_ce_5: 0.03335  loss_mask_5: 0.03424  loss_dice_5: 0.6988  loss_ce_6: 0.02964  loss_mask_6: 0.0325  loss_dice_6: 0.5467  loss_ce_7: 0.02743  loss_mask_7: 0.03328  loss_dice_7: 0.6366  loss_ce_8: 0.02316  loss_mask_8: 0.0352  loss_dice_8: 0.5136    time: 0.8065  last_time: 0.7490  data_time: 0.0745  last_data_time: 0.0745   lr: 4.5181e-05  max_mem: 12315M
[03/19 01:20:11 d2.utils.events]:  eta: 3:31:02  iter: 4039  total_loss: 9.216  loss_ce: 0.03025  loss_mask: 0.06489  loss_dice: 0.7941  loss_ce_0: 0.1227  loss_mask_0: 0.08877  loss_dice_0: 0.973  loss_ce_1: 0.04881  loss_mask_1: 0.06898  loss_dice_1: 0.7458  loss_ce_2: 0.04806  loss_mask_2: 0.05669  loss_dice_2: 0.8007  loss_ce_3: 0.0282  loss_mask_3: 0.09083  loss_dice_3: 0.7691  loss_ce_4: 0.02566  loss_mask_4: 0.09018  loss_dice_4: 0.8382  loss_ce_5: 0.03077  loss_mask_5: 0.06345  loss_dice_5: 0.7819  loss_ce_6: 0.02645  loss_mask_6: 0.05841  loss_dice_6: 0.7539  loss_ce_7: 0.02967  loss_mask_7: 0.05623  loss_dice_7: 0.8627  loss_ce_8: 0.03093  loss_mask_8: 0.06966  loss_dice_8: 0.7675    time: 0.8064  last_time: 0.8071  data_time: 0.1320  last_data_time: 0.1320   lr: 4.5135e-05  max_mem: 12315M
[03/19 01:20:27 d2.utils.events]:  eta: 3:30:48  iter: 4059  total_loss: 7.649  loss_ce: 0.02143  loss_mask: 0.05842  loss_dice: 0.6664  loss_ce_0: 0.1802  loss_mask_0: 0.1689  loss_dice_0: 0.8712  loss_ce_1: 0.02782  loss_mask_1: 0.06644  loss_dice_1: 0.6174  loss_ce_2: 0.02307  loss_mask_2: 0.07129  loss_dice_2: 0.6203  loss_ce_3: 0.01868  loss_mask_3: 0.06015  loss_dice_3: 0.6039  loss_ce_4: 0.02078  loss_mask_4: 0.07043  loss_dice_4: 0.638  loss_ce_5: 0.0209  loss_mask_5: 0.06778  loss_dice_5: 0.561  loss_ce_6: 0.01854  loss_mask_6: 0.06795  loss_dice_6: 0.6746  loss_ce_7: 0.02201  loss_mask_7: 0.07476  loss_dice_7: 0.6578  loss_ce_8: 0.02106  loss_mask_8: 0.06018  loss_dice_8: 0.5973    time: 0.8064  last_time: 0.8241  data_time: 0.1501  last_data_time: 0.1501   lr: 4.5088e-05  max_mem: 12315M
[03/19 01:20:43 d2.utils.events]:  eta: 3:30:32  iter: 4079  total_loss: 6.512  loss_ce: 0.01611  loss_mask: 0.05263  loss_dice: 0.5819  loss_ce_0: 0.1168  loss_mask_0: 0.078  loss_dice_0: 0.7457  loss_ce_1: 0.02643  loss_mask_1: 0.04753  loss_dice_1: 0.5508  loss_ce_2: 0.01575  loss_mask_2: 0.05039  loss_dice_2: 0.5472  loss_ce_3: 0.01759  loss_mask_3: 0.0519  loss_dice_3: 0.586  loss_ce_4: 0.01649  loss_mask_4: 0.04934  loss_dice_4: 0.5348  loss_ce_5: 0.01782  loss_mask_5: 0.05356  loss_dice_5: 0.5488  loss_ce_6: 0.01638  loss_mask_6: 0.04836  loss_dice_6: 0.4485  loss_ce_7: 0.0164  loss_mask_7: 0.05737  loss_dice_7: 0.5476  loss_ce_8: 0.01606  loss_mask_8: 0.05376  loss_dice_8: 0.6018    time: 0.8064  last_time: 0.7330  data_time: 0.0803  last_data_time: 0.0803   lr: 4.5042e-05  max_mem: 12315M
[03/19 01:20:59 d2.utils.events]:  eta: 3:30:14  iter: 4099  total_loss: 11.68  loss_ce: 0.03878  loss_mask: 0.04808  loss_dice: 1.104  loss_ce_0: 0.1427  loss_mask_0: 0.06012  loss_dice_0: 1.226  loss_ce_1: 0.07977  loss_mask_1: 0.0426  loss_dice_1: 1.054  loss_ce_2: 0.04667  loss_mask_2: 0.04773  loss_dice_2: 1.124  loss_ce_3: 0.02852  loss_mask_3: 0.04637  loss_dice_3: 1.007  loss_ce_4: 0.0334  loss_mask_4: 0.05388  loss_dice_4: 1.041  loss_ce_5: 0.0336  loss_mask_5: 0.05338  loss_dice_5: 1.026  loss_ce_6: 0.03536  loss_mask_6: 0.04955  loss_dice_6: 0.9828  loss_ce_7: 0.03347  loss_mask_7: 0.05176  loss_dice_7: 1.053  loss_ce_8: 0.03252  loss_mask_8: 0.05175  loss_dice_8: 1.052    time: 0.8063  last_time: 0.8773  data_time: 0.2136  last_data_time: 0.2136   lr: 4.4994e-05  max_mem: 12315M
[03/19 01:21:15 d2.utils.events]:  eta: 3:29:58  iter: 4119  total_loss: 6.816  loss_ce: 0.02948  loss_mask: 0.0251  loss_dice: 0.6587  loss_ce_0: 0.1693  loss_mask_0: 0.02038  loss_dice_0: 0.7457  loss_ce_1: 0.03437  loss_mask_1: 0.02365  loss_dice_1: 0.5423  loss_ce_2: 0.0337  loss_mask_2: 0.02908  loss_dice_2: 0.646  loss_ce_3: 0.04118  loss_mask_3: 0.0255  loss_dice_3: 0.591  loss_ce_4: 0.02552  loss_mask_4: 0.02354  loss_dice_4: 0.6067  loss_ce_5: 0.02726  loss_mask_5: 0.02581  loss_dice_5: 0.6111  loss_ce_6: 0.02373  loss_mask_6: 0.0211  loss_dice_6: 0.5544  loss_ce_7: 0.02339  loss_mask_7: 0.02471  loss_dice_7: 0.6123  loss_ce_8: 0.02777  loss_mask_8: 0.02296  loss_dice_8: 0.5699    time: 0.8063  last_time: 0.8167  data_time: 0.1485  last_data_time: 0.1485   lr: 4.4947e-05  max_mem: 12315M
[03/19 01:21:32 d2.utils.events]:  eta: 3:29:42  iter: 4139  total_loss: 10.48  loss_ce: 0.019  loss_mask: 0.05434  loss_dice: 0.9596  loss_ce_0: 0.1248  loss_mask_0: 0.05244  loss_dice_0: 1.118  loss_ce_1: 0.05694  loss_mask_1: 0.04893  loss_dice_1: 0.9181  loss_ce_2: 0.02748  loss_mask_2: 0.05643  loss_dice_2: 1.005  loss_ce_3: 0.02833  loss_mask_3: 0.04975  loss_dice_3: 0.7426  loss_ce_4: 0.02567  loss_mask_4: 0.05583  loss_dice_4: 0.973  loss_ce_5: 0.02611  loss_mask_5: 0.04817  loss_dice_5: 0.8761  loss_ce_6: 0.02294  loss_mask_6: 0.05696  loss_dice_6: 0.9659  loss_ce_7: 0.0237  loss_mask_7: 0.05646  loss_dice_7: 1.03  loss_ce_8: 0.02226  loss_mask_8: 0.05957  loss_dice_8: 0.9746    time: 0.8063  last_time: 0.8761  data_time: 0.1957  last_data_time: 0.1957   lr: 4.49e-05  max_mem: 12315M
[03/19 01:21:48 d2.utils.events]:  eta: 3:29:13  iter: 4159  total_loss: 5.924  loss_ce: 0.01296  loss_mask: 0.04593  loss_dice: 0.4734  loss_ce_0: 0.1541  loss_mask_0: 0.4351  loss_dice_0: 0.7104  loss_ce_1: 0.01527  loss_mask_1: 0.04162  loss_dice_1: 0.3886  loss_ce_2: 0.0148  loss_mask_2: 0.0454  loss_dice_2: 0.4201  loss_ce_3: 0.0155  loss_mask_3: 0.05003  loss_dice_3: 0.4507  loss_ce_4: 0.0154  loss_mask_4: 0.05414  loss_dice_4: 0.5299  loss_ce_5: 0.01182  loss_mask_5: 0.0469  loss_dice_5: 0.4236  loss_ce_6: 0.0124  loss_mask_6: 0.05276  loss_dice_6: 0.45  loss_ce_7: 0.01498  loss_mask_7: 0.04774  loss_dice_7: 0.4364  loss_ce_8: 0.01365  loss_mask_8: 0.04865  loss_dice_8: 0.4921    time: 0.8063  last_time: 0.8273  data_time: 0.1576  last_data_time: 0.1576   lr: 4.4852e-05  max_mem: 12315M
[03/19 01:22:04 d2.utils.events]:  eta: 3:28:54  iter: 4179  total_loss: 10.6  loss_ce: 0.01205  loss_mask: 0.103  loss_dice: 0.8725  loss_ce_0: 0.1514  loss_mask_0: 0.1129  loss_dice_0: 1.183  loss_ce_1: 0.03821  loss_mask_1: 0.1206  loss_dice_1: 0.91  loss_ce_2: 0.0645  loss_mask_2: 0.1138  loss_dice_2: 0.909  loss_ce_3: 0.01494  loss_mask_3: 0.1178  loss_dice_3: 0.883  loss_ce_4: 0.01212  loss_mask_4: 0.1102  loss_dice_4: 0.8117  loss_ce_5: 0.01334  loss_mask_5: 0.1382  loss_dice_5: 0.9451  loss_ce_6: 0.01284  loss_mask_6: 0.1336  loss_dice_6: 0.8776  loss_ce_7: 0.009914  loss_mask_7: 0.1071  loss_dice_7: 0.7951  loss_ce_8: 0.01209  loss_mask_8: 0.1129  loss_dice_8: 0.8971    time: 0.8063  last_time: 0.7996  data_time: 0.1272  last_data_time: 0.1272   lr: 4.4804e-05  max_mem: 12315M
[03/19 01:22:20 d2.utils.events]:  eta: 3:28:28  iter: 4199  total_loss: 5.802  loss_ce: 0.02154  loss_mask: 0.07172  loss_dice: 0.4945  loss_ce_0: 0.1304  loss_mask_0: 0.07784  loss_dice_0: 0.5079  loss_ce_1: 0.1057  loss_mask_1: 0.06181  loss_dice_1: 0.4158  loss_ce_2: 0.1309  loss_mask_2: 0.06963  loss_dice_2: 0.5046  loss_ce_3: 0.02925  loss_mask_3: 0.06607  loss_dice_3: 0.4054  loss_ce_4: 0.02832  loss_mask_4: 0.06523  loss_dice_4: 0.3892  loss_ce_5: 0.01568  loss_mask_5: 0.07136  loss_dice_5: 0.4242  loss_ce_6: 0.0243  loss_mask_6: 0.06538  loss_dice_6: 0.4553  loss_ce_7: 0.1024  loss_mask_7: 0.07466  loss_dice_7: 0.4711  loss_ce_8: 0.02366  loss_mask_8: 0.06569  loss_dice_8: 0.4322    time: 0.8062  last_time: 0.7825  data_time: 0.1159  last_data_time: 0.1159   lr: 4.4756e-05  max_mem: 12315M
[03/19 01:22:36 d2.utils.events]:  eta: 3:28:12  iter: 4219  total_loss: 7.551  loss_ce: 0.01199  loss_mask: 0.03923  loss_dice: 0.8044  loss_ce_0: 0.09071  loss_mask_0: 0.03355  loss_dice_0: 0.6359  loss_ce_1: 0.01354  loss_mask_1: 0.03971  loss_dice_1: 0.6274  loss_ce_2: 0.01442  loss_mask_2: 0.03439  loss_dice_2: 0.6182  loss_ce_3: 0.01561  loss_mask_3: 0.03248  loss_dice_3: 0.5853  loss_ce_4: 0.01523  loss_mask_4: 0.05084  loss_dice_4: 0.7525  loss_ce_5: 0.01274  loss_mask_5: 0.0402  loss_dice_5: 0.6911  loss_ce_6: 0.01255  loss_mask_6: 0.04011  loss_dice_6: 0.8597  loss_ce_7: 0.01447  loss_mask_7: 0.0392  loss_dice_7: 0.6508  loss_ce_8: 0.01292  loss_mask_8: 0.04061  loss_dice_8: 0.7214    time: 0.8063  last_time: 0.7397  data_time: 0.0778  last_data_time: 0.0778   lr: 4.4708e-05  max_mem: 12315M
[03/19 01:22:53 d2.utils.events]:  eta: 3:27:56  iter: 4239  total_loss: 7.282  loss_ce: 0.02876  loss_mask: 0.03192  loss_dice: 0.6256  loss_ce_0: 0.1706  loss_mask_0: 0.07259  loss_dice_0: 0.9478  loss_ce_1: 0.04346  loss_mask_1: 0.03705  loss_dice_1: 0.4851  loss_ce_2: 0.05945  loss_mask_2: 0.03878  loss_dice_2: 0.608  loss_ce_3: 0.03276  loss_mask_3: 0.03842  loss_dice_3: 0.6861  loss_ce_4: 0.07499  loss_mask_4: 0.03274  loss_dice_4: 0.6724  loss_ce_5: 0.02909  loss_mask_5: 0.03597  loss_dice_5: 0.743  loss_ce_6: 0.03055  loss_mask_6: 0.03585  loss_dice_6: 0.6032  loss_ce_7: 0.02952  loss_mask_7: 0.03141  loss_dice_7: 0.4873  loss_ce_8: 0.02715  loss_mask_8: 0.03318  loss_dice_8: 0.5088    time: 0.8063  last_time: 0.8472  data_time: 0.1711  last_data_time: 0.1711   lr: 4.466e-05  max_mem: 12316M
[03/19 01:23:09 d2.utils.events]:  eta: 3:27:40  iter: 4259  total_loss: 6.531  loss_ce: 0.02776  loss_mask: 0.047  loss_dice: 0.5905  loss_ce_0: 0.3265  loss_mask_0: 0.08871  loss_dice_0: 0.6418  loss_ce_1: 0.05  loss_mask_1: 0.04641  loss_dice_1: 0.5419  loss_ce_2: 0.06265  loss_mask_2: 0.04693  loss_dice_2: 0.4884  loss_ce_3: 0.03294  loss_mask_3: 0.04681  loss_dice_3: 0.5288  loss_ce_4: 0.03852  loss_mask_4: 0.04603  loss_dice_4: 0.5163  loss_ce_5: 0.03076  loss_mask_5: 0.04513  loss_dice_5: 0.4969  loss_ce_6: 0.03294  loss_mask_6: 0.05422  loss_dice_6: 0.5348  loss_ce_7: 0.02664  loss_mask_7: 0.04521  loss_dice_7: 0.5124  loss_ce_8: 0.02485  loss_mask_8: 0.04565  loss_dice_8: 0.5136    time: 0.8063  last_time: 1.0266  data_time: 0.1634  last_data_time: 0.1634   lr: 4.4611e-05  max_mem: 12316M
[03/19 01:23:25 d2.utils.events]:  eta: 3:27:25  iter: 4279  total_loss: 8.065  loss_ce: 0.05542  loss_mask: 0.04046  loss_dice: 0.6494  loss_ce_0: 0.1286  loss_mask_0: 0.05291  loss_dice_0: 0.8257  loss_ce_1: 0.06537  loss_mask_1: 0.0428  loss_dice_1: 0.8062  loss_ce_2: 0.05426  loss_mask_2: 0.04042  loss_dice_2: 0.6623  loss_ce_3: 0.0548  loss_mask_3: 0.04387  loss_dice_3: 0.8313  loss_ce_4: 0.06199  loss_mask_4: 0.04305  loss_dice_4: 0.7959  loss_ce_5: 0.05987  loss_mask_5: 0.04287  loss_dice_5: 0.5143  loss_ce_6: 0.06238  loss_mask_6: 0.04539  loss_dice_6: 0.59  loss_ce_7: 0.05875  loss_mask_7: 0.04139  loss_dice_7: 0.7424  loss_ce_8: 0.05695  loss_mask_8: 0.04036  loss_dice_8: 0.5557    time: 0.8063  last_time: 0.8740  data_time: 0.1953  last_data_time: 0.1953   lr: 4.4562e-05  max_mem: 12316M
[03/19 01:23:42 d2.utils.events]:  eta: 3:27:08  iter: 4299  total_loss: 12.56  loss_ce: 0.03189  loss_mask: 0.116  loss_dice: 0.9657  loss_ce_0: 0.1916  loss_mask_0: 0.2213  loss_dice_0: 1.217  loss_ce_1: 0.04043  loss_mask_1: 0.1232  loss_dice_1: 1.018  loss_ce_2: 0.05557  loss_mask_2: 0.09895  loss_dice_2: 0.8984  loss_ce_3: 0.04777  loss_mask_3: 0.1016  loss_dice_3: 1.021  loss_ce_4: 0.04487  loss_mask_4: 0.1453  loss_dice_4: 1.105  loss_ce_5: 0.03843  loss_mask_5: 0.1447  loss_dice_5: 0.9943  loss_ce_6: 0.03641  loss_mask_6: 0.1152  loss_dice_6: 1.115  loss_ce_7: 0.08973  loss_mask_7: 0.141  loss_dice_7: 1.205  loss_ce_8: 0.03517  loss_mask_8: 0.1096  loss_dice_8: 1.089    time: 0.8063  last_time: 0.7905  data_time: 0.1221  last_data_time: 0.1221   lr: 4.4513e-05  max_mem: 12316M
[03/19 01:23:57 d2.utils.events]:  eta: 3:26:45  iter: 4319  total_loss: 9.433  loss_ce: 0.03643  loss_mask: 0.07788  loss_dice: 0.8179  loss_ce_0: 0.2287  loss_mask_0: 0.1107  loss_dice_0: 0.8564  loss_ce_1: 0.1454  loss_mask_1: 0.05791  loss_dice_1: 0.6917  loss_ce_2: 0.1361  loss_mask_2: 0.07777  loss_dice_2: 0.6823  loss_ce_3: 0.06711  loss_mask_3: 0.1149  loss_dice_3: 0.7748  loss_ce_4: 0.08241  loss_mask_4: 0.1278  loss_dice_4: 0.7058  loss_ce_5: 0.08389  loss_mask_5: 0.1116  loss_dice_5: 0.7634  loss_ce_6: 0.09873  loss_mask_6: 0.131  loss_dice_6: 0.7243  loss_ce_7: 0.0536  loss_mask_7: 0.09881  loss_dice_7: 0.7297  loss_ce_8: 0.08465  loss_mask_8: 0.08313  loss_dice_8: 0.6783    time: 0.8062  last_time: 0.8152  data_time: 0.1291  last_data_time: 0.1291   lr: 4.4464e-05  max_mem: 12316M
[03/19 01:24:14 d2.utils.events]:  eta: 3:26:31  iter: 4339  total_loss: 8.114  loss_ce: 0.08256  loss_mask: 0.06058  loss_dice: 0.6314  loss_ce_0: 0.1598  loss_mask_0: 0.05567  loss_dice_0: 0.7482  loss_ce_1: 0.05097  loss_mask_1: 0.06252  loss_dice_1: 0.6967  loss_ce_2: 0.04543  loss_mask_2: 0.05422  loss_dice_2: 0.6506  loss_ce_3: 0.03877  loss_mask_3: 0.0596  loss_dice_3: 0.6798  loss_ce_4: 0.04066  loss_mask_4: 0.05365  loss_dice_4: 0.663  loss_ce_5: 0.0444  loss_mask_5: 0.05887  loss_dice_5: 0.6983  loss_ce_6: 0.03515  loss_mask_6: 0.05963  loss_dice_6: 0.6722  loss_ce_7: 0.02953  loss_mask_7: 0.05882  loss_dice_7: 0.6852  loss_ce_8: 0.03285  loss_mask_8: 0.06524  loss_dice_8: 0.8391    time: 0.8063  last_time: 0.7881  data_time: 0.1239  last_data_time: 0.1239   lr: 4.4415e-05  max_mem: 12316M
[03/19 01:24:30 d2.utils.events]:  eta: 3:26:15  iter: 4359  total_loss: 5.657  loss_ce: 0.0387  loss_mask: 0.03471  loss_dice: 0.4368  loss_ce_0: 0.2246  loss_mask_0: 0.04544  loss_dice_0: 0.5526  loss_ce_1: 0.06218  loss_mask_1: 0.03791  loss_dice_1: 0.4406  loss_ce_2: 0.06141  loss_mask_2: 0.03879  loss_dice_2: 0.4498  loss_ce_3: 0.04668  loss_mask_3: 0.03654  loss_dice_3: 0.4625  loss_ce_4: 0.08676  loss_mask_4: 0.03651  loss_dice_4: 0.4113  loss_ce_5: 0.04426  loss_mask_5: 0.03519  loss_dice_5: 0.423  loss_ce_6: 0.04265  loss_mask_6: 0.03524  loss_dice_6: 0.4666  loss_ce_7: 0.0372  loss_mask_7: 0.03662  loss_dice_7: 0.449  loss_ce_8: 0.03265  loss_mask_8: 0.03861  loss_dice_8: 0.512    time: 0.8063  last_time: 0.8241  data_time: 0.1434  last_data_time: 0.1434   lr: 4.4365e-05  max_mem: 12316M
[03/19 01:24:47 d2.utils.events]:  eta: 3:26:01  iter: 4379  total_loss: 7.77  loss_ce: 0.02702  loss_mask: 0.03764  loss_dice: 0.6125  loss_ce_0: 0.2029  loss_mask_0: 0.05451  loss_dice_0: 0.6845  loss_ce_1: 0.0215  loss_mask_1: 0.04173  loss_dice_1: 0.7349  loss_ce_2: 0.02573  loss_mask_2: 0.04035  loss_dice_2: 0.7636  loss_ce_3: 0.06669  loss_mask_3: 0.04041  loss_dice_3: 0.7468  loss_ce_4: 0.02065  loss_mask_4: 0.03334  loss_dice_4: 0.6208  loss_ce_5: 0.0238  loss_mask_5: 0.04084  loss_dice_5: 0.6943  loss_ce_6: 0.02353  loss_mask_6: 0.04202  loss_dice_6: 0.7089  loss_ce_7: 0.02502  loss_mask_7: 0.04097  loss_dice_7: 0.7194  loss_ce_8: 0.02886  loss_mask_8: 0.03971  loss_dice_8: 0.6066    time: 0.8063  last_time: 0.8335  data_time: 0.1498  last_data_time: 0.1498   lr: 4.4315e-05  max_mem: 12316M
[03/19 01:25:03 d2.utils.events]:  eta: 3:25:42  iter: 4399  total_loss: 8.424  loss_ce: 0.01316  loss_mask: 0.06242  loss_dice: 0.7874  loss_ce_0: 0.1927  loss_mask_0: 0.08627  loss_dice_0: 0.8146  loss_ce_1: 0.02077  loss_mask_1: 0.05898  loss_dice_1: 0.7278  loss_ce_2: 0.02115  loss_mask_2: 0.05822  loss_dice_2: 0.7759  loss_ce_3: 0.0163  loss_mask_3: 0.06008  loss_dice_3: 0.8304  loss_ce_4: 0.01514  loss_mask_4: 0.05648  loss_dice_4: 0.7146  loss_ce_5: 0.01309  loss_mask_5: 0.06087  loss_dice_5: 0.7284  loss_ce_6: 0.01575  loss_mask_6: 0.05123  loss_dice_6: 0.648  loss_ce_7: 0.01344  loss_mask_7: 0.05556  loss_dice_7: 0.696  loss_ce_8: 0.01283  loss_mask_8: 0.05823  loss_dice_8: 0.7584    time: 0.8063  last_time: 0.8216  data_time: 0.1502  last_data_time: 0.1502   lr: 4.4265e-05  max_mem: 12316M
[03/19 01:25:20 d2.utils.events]:  eta: 3:25:28  iter: 4419  total_loss: 10.93  loss_ce: 0.03329  loss_mask: 0.05354  loss_dice: 1.039  loss_ce_0: 0.1293  loss_mask_0: 0.08063  loss_dice_0: 1.019  loss_ce_1: 0.03015  loss_mask_1: 0.04457  loss_dice_1: 0.891  loss_ce_2: 0.06128  loss_mask_2: 0.04708  loss_dice_2: 1.014  loss_ce_3: 0.08637  loss_mask_3: 0.05339  loss_dice_3: 0.8902  loss_ce_4: 0.09346  loss_mask_4: 0.05492  loss_dice_4: 0.9687  loss_ce_5: 0.1034  loss_mask_5: 0.05359  loss_dice_5: 0.9827  loss_ce_6: 0.03032  loss_mask_6: 0.05386  loss_dice_6: 1.011  loss_ce_7: 0.03357  loss_mask_7: 0.05498  loss_dice_7: 0.9531  loss_ce_8: 0.07589  loss_mask_8: 0.05251  loss_dice_8: 0.9391    time: 0.8064  last_time: 0.9774  data_time: 0.3020  last_data_time: 0.3020   lr: 4.4215e-05  max_mem: 12316M
[03/19 01:25:36 d2.utils.events]:  eta: 3:25:17  iter: 4439  total_loss: 7.464  loss_ce: 0.03001  loss_mask: 0.03144  loss_dice: 0.5385  loss_ce_0: 0.2292  loss_mask_0: 0.0449  loss_dice_0: 0.8308  loss_ce_1: 0.02905  loss_mask_1: 0.03098  loss_dice_1: 0.5879  loss_ce_2: 0.03256  loss_mask_2: 0.03084  loss_dice_2: 0.6734  loss_ce_3: 0.02237  loss_mask_3: 0.03524  loss_dice_3: 0.7725  loss_ce_4: 0.02482  loss_mask_4: 0.03041  loss_dice_4: 0.4433  loss_ce_5: 0.02042  loss_mask_5: 0.03535  loss_dice_5: 0.7937  loss_ce_6: 0.0236  loss_mask_6: 0.03501  loss_dice_6: 0.673  loss_ce_7: 0.027  loss_mask_7: 0.03336  loss_dice_7: 0.6657  loss_ce_8: 0.03297  loss_mask_8: 0.03299  loss_dice_8: 0.6732    time: 0.8064  last_time: 0.7990  data_time: 0.1267  last_data_time: 0.1267   lr: 4.4165e-05  max_mem: 12316M
[03/19 01:25:52 d2.utils.events]:  eta: 3:25:02  iter: 4459  total_loss: 9.111  loss_ce: 0.005678  loss_mask: 0.06098  loss_dice: 0.958  loss_ce_0: 0.08714  loss_mask_0: 0.03599  loss_dice_0: 0.6454  loss_ce_1: 0.0061  loss_mask_1: 0.03911  loss_dice_1: 0.7309  loss_ce_2: 0.03399  loss_mask_2: 0.04233  loss_dice_2: 0.753  loss_ce_3: 0.006174  loss_mask_3: 0.04134  loss_dice_3: 0.793  loss_ce_4: 0.007068  loss_mask_4: 0.05901  loss_dice_4: 0.9946  loss_ce_5: 0.006515  loss_mask_5: 0.04762  loss_dice_5: 0.8638  loss_ce_6: 0.00548  loss_mask_6: 0.04505  loss_dice_6: 1.028  loss_ce_7: 0.006131  loss_mask_7: 0.05642  loss_dice_7: 0.8242  loss_ce_8: 0.00658  loss_mask_8: 0.04142  loss_dice_8: 0.8799    time: 0.8065  last_time: 0.7912  data_time: 0.1287  last_data_time: 0.1287   lr: 4.4114e-05  max_mem: 12316M
[03/19 01:26:09 d2.utils.events]:  eta: 3:24:48  iter: 4479  total_loss: 11.57  loss_ce: 0.0148  loss_mask: 0.09354  loss_dice: 1.052  loss_ce_0: 0.1484  loss_mask_0: 0.09124  loss_dice_0: 1.243  loss_ce_1: 0.01472  loss_mask_1: 0.09266  loss_dice_1: 1.05  loss_ce_2: 0.0209  loss_mask_2: 0.1011  loss_dice_2: 1.036  loss_ce_3: 0.01075  loss_mask_3: 0.0992  loss_dice_3: 1.083  loss_ce_4: 0.01169  loss_mask_4: 0.08965  loss_dice_4: 1.099  loss_ce_5: 0.09287  loss_mask_5: 0.07618  loss_dice_5: 0.861  loss_ce_6: 0.01104  loss_mask_6: 0.09328  loss_dice_6: 0.9665  loss_ce_7: 0.01254  loss_mask_7: 0.08008  loss_dice_7: 0.9768  loss_ce_8: 0.01342  loss_mask_8: 0.08109  loss_dice_8: 0.9489    time: 0.8066  last_time: 0.9729  data_time: 0.1219  last_data_time: 0.1219   lr: 4.4064e-05  max_mem: 12316M
[03/19 01:26:25 d2.utils.events]:  eta: 3:24:31  iter: 4499  total_loss: 8.922  loss_ce: 0.01612  loss_mask: 0.05436  loss_dice: 0.8111  loss_ce_0: 0.09299  loss_mask_0: 0.06472  loss_dice_0: 0.9754  loss_ce_1: 0.0182  loss_mask_1: 0.06038  loss_dice_1: 0.694  loss_ce_2: 0.01739  loss_mask_2: 0.06245  loss_dice_2: 0.8474  loss_ce_3: 0.01569  loss_mask_3: 0.05497  loss_dice_3: 0.7112  loss_ce_4: 0.01353  loss_mask_4: 0.0594  loss_dice_4: 0.9302  loss_ce_5: 0.0157  loss_mask_5: 0.05059  loss_dice_5: 0.7736  loss_ce_6: 0.01638  loss_mask_6: 0.05973  loss_dice_6: 0.7828  loss_ce_7: 0.01508  loss_mask_7: 0.05843  loss_dice_7: 0.8184  loss_ce_8: 0.01343  loss_mask_8: 0.05532  loss_dice_8: 0.7633    time: 0.8065  last_time: 0.8175  data_time: 0.1432  last_data_time: 0.1432   lr: 4.4013e-05  max_mem: 12316M
[03/19 01:26:42 d2.utils.events]:  eta: 3:24:15  iter: 4519  total_loss: 10.87  loss_ce: 0.1435  loss_mask: 0.09844  loss_dice: 0.9183  loss_ce_0: 0.2434  loss_mask_0: 0.1376  loss_dice_0: 1.135  loss_ce_1: 0.2037  loss_mask_1: 0.09436  loss_dice_1: 0.9161  loss_ce_2: 0.09662  loss_mask_2: 0.1054  loss_dice_2: 0.8003  loss_ce_3: 0.09  loss_mask_3: 0.1081  loss_dice_3: 0.8023  loss_ce_4: 0.1456  loss_mask_4: 0.09646  loss_dice_4: 0.583  loss_ce_5: 0.09165  loss_mask_5: 0.09822  loss_dice_5: 0.8038  loss_ce_6: 0.1796  loss_mask_6: 0.0994  loss_dice_6: 0.7104  loss_ce_7: 0.174  loss_mask_7: 0.1063  loss_dice_7: 0.7895  loss_ce_8: 0.1561  loss_mask_8: 0.09764  loss_dice_8: 0.8444    time: 0.8066  last_time: 0.8253  data_time: 0.1463  last_data_time: 0.1463   lr: 4.3962e-05  max_mem: 12316M
[03/19 01:26:58 d2.utils.events]:  eta: 3:23:59  iter: 4539  total_loss: 12.07  loss_ce: 0.1893  loss_mask: 0.06965  loss_dice: 0.8003  loss_ce_0: 0.3651  loss_mask_0: 0.1042  loss_dice_0: 1.285  loss_ce_1: 0.1851  loss_mask_1: 0.07617  loss_dice_1: 0.9178  loss_ce_2: 0.1579  loss_mask_2: 0.07584  loss_dice_2: 1.016  loss_ce_3: 0.138  loss_mask_3: 0.07011  loss_dice_3: 0.881  loss_ce_4: 0.07403  loss_mask_4: 0.08349  loss_dice_4: 0.8579  loss_ce_5: 0.1251  loss_mask_5: 0.08323  loss_dice_5: 0.9934  loss_ce_6: 0.1404  loss_mask_6: 0.08274  loss_dice_6: 0.9211  loss_ce_7: 0.06302  loss_mask_7: 0.08589  loss_dice_7: 1.059  loss_ce_8: 0.06112  loss_mask_8: 0.08005  loss_dice_8: 1.032    time: 0.8065  last_time: 0.7779  data_time: 0.1037  last_data_time: 0.1037   lr: 4.391e-05  max_mem: 12316M
[03/19 01:27:14 d2.utils.events]:  eta: 3:23:45  iter: 4559  total_loss: 10.82  loss_ce: 0.01645  loss_mask: 0.06031  loss_dice: 0.9523  loss_ce_0: 0.1906  loss_mask_0: 0.07822  loss_dice_0: 1.278  loss_ce_1: 0.01741  loss_mask_1: 0.06347  loss_dice_1: 0.8936  loss_ce_2: 0.0263  loss_mask_2: 0.0637  loss_dice_2: 0.9486  loss_ce_3: 0.02584  loss_mask_3: 0.0574  loss_dice_3: 0.9073  loss_ce_4: 0.02519  loss_mask_4: 0.06778  loss_dice_4: 0.9789  loss_ce_5: 0.02722  loss_mask_5: 0.06298  loss_dice_5: 1.046  loss_ce_6: 0.01937  loss_mask_6: 0.06121  loss_dice_6: 0.9301  loss_ce_7: 0.01953  loss_mask_7: 0.05516  loss_dice_7: 0.9139  loss_ce_8: 0.01697  loss_mask_8: 0.05808  loss_dice_8: 0.9549    time: 0.8065  last_time: 0.8107  data_time: 0.1551  last_data_time: 0.1551   lr: 4.3859e-05  max_mem: 12316M
[03/19 01:27:30 d2.utils.events]:  eta: 3:23:27  iter: 4579  total_loss: 10.53  loss_ce: 0.1117  loss_mask: 0.05051  loss_dice: 1.284  loss_ce_0: 0.194  loss_mask_0: 0.04568  loss_dice_0: 1.182  loss_ce_1: 0.04465  loss_mask_1: 0.05651  loss_dice_1: 0.8492  loss_ce_2: 0.09693  loss_mask_2: 0.03892  loss_dice_2: 0.7719  loss_ce_3: 0.1001  loss_mask_3: 0.03687  loss_dice_3: 0.7487  loss_ce_4: 0.07031  loss_mask_4: 0.03578  loss_dice_4: 0.8853  loss_ce_5: 0.05341  loss_mask_5: 0.04327  loss_dice_5: 1.252  loss_ce_6: 0.1116  loss_mask_6: 0.0357  loss_dice_6: 0.884  loss_ce_7: 0.05405  loss_mask_7: 0.03733  loss_dice_7: 0.7109  loss_ce_8: 0.04121  loss_mask_8: 0.03378  loss_dice_8: 0.6728    time: 0.8066  last_time: 0.9642  data_time: 0.3047  last_data_time: 0.3047   lr: 4.3807e-05  max_mem: 12316M
[03/19 01:27:46 d2.utils.events]:  eta: 3:23:12  iter: 4599  total_loss: 9.39  loss_ce: 0.04662  loss_mask: 0.06575  loss_dice: 0.7375  loss_ce_0: 0.2359  loss_mask_0: 0.08219  loss_dice_0: 0.9541  loss_ce_1: 0.09301  loss_mask_1: 0.06759  loss_dice_1: 0.7393  loss_ce_2: 0.07722  loss_mask_2: 0.06671  loss_dice_2: 0.7542  loss_ce_3: 0.06771  loss_mask_3: 0.05488  loss_dice_3: 0.7066  loss_ce_4: 0.05277  loss_mask_4: 0.06521  loss_dice_4: 1.006  loss_ce_5: 0.06575  loss_mask_5: 0.06397  loss_dice_5: 0.7241  loss_ce_6: 0.06313  loss_mask_6: 0.06993  loss_dice_6: 0.8304  loss_ce_7: 0.05274  loss_mask_7: 0.06903  loss_dice_7: 0.7272  loss_ce_8: 0.04252  loss_mask_8: 0.0627  loss_dice_8: 0.7453    time: 0.8065  last_time: 0.8104  data_time: 0.1476  last_data_time: 0.1476   lr: 4.3755e-05  max_mem: 12316M
[03/19 01:28:02 d2.utils.events]:  eta: 3:22:53  iter: 4619  total_loss: 11.54  loss_ce: 0.008241  loss_mask: 0.04551  loss_dice: 1.183  loss_ce_0: 0.1818  loss_mask_0: 0.04761  loss_dice_0: 1.033  loss_ce_1: 0.01303  loss_mask_1: 0.03956  loss_dice_1: 0.9439  loss_ce_2: 0.07971  loss_mask_2: 0.04701  loss_dice_2: 1.396  loss_ce_3: 0.008426  loss_mask_3: 0.03885  loss_dice_3: 0.9868  loss_ce_4: 0.008276  loss_mask_4: 0.04771  loss_dice_4: 1.345  loss_ce_5: 0.007371  loss_mask_5: 0.03251  loss_dice_5: 0.9126  loss_ce_6: 0.007209  loss_mask_6: 0.04252  loss_dice_6: 0.9027  loss_ce_7: 0.007573  loss_mask_7: 0.04456  loss_dice_7: 0.9626  loss_ce_8: 0.007697  loss_mask_8: 0.0498  loss_dice_8: 1.109    time: 0.8064  last_time: 0.7960  data_time: 0.1324  last_data_time: 0.1324   lr: 4.3703e-05  max_mem: 12316M
[03/19 01:28:18 d2.utils.events]:  eta: 3:22:35  iter: 4639  total_loss: 6.428  loss_ce: 0.01543  loss_mask: 0.04688  loss_dice: 0.4934  loss_ce_0: 0.1171  loss_mask_0: 0.09366  loss_dice_0: 0.6148  loss_ce_1: 0.01653  loss_mask_1: 0.05076  loss_dice_1: 0.513  loss_ce_2: 0.01839  loss_mask_2: 0.05788  loss_dice_2: 0.4772  loss_ce_3: 0.01428  loss_mask_3: 0.05603  loss_dice_3: 0.5941  loss_ce_4: 0.01274  loss_mask_4: 0.05442  loss_dice_4: 0.5402  loss_ce_5: 0.01383  loss_mask_5: 0.05475  loss_dice_5: 0.569  loss_ce_6: 0.01332  loss_mask_6: 0.06144  loss_dice_6: 0.6302  loss_ce_7: 0.01356  loss_mask_7: 0.06347  loss_dice_7: 0.6559  loss_ce_8: 0.01557  loss_mask_8: 0.0521  loss_dice_8: 0.4978    time: 0.8063  last_time: 0.7882  data_time: 0.1220  last_data_time: 0.1220   lr: 4.3651e-05  max_mem: 12316M
[03/19 01:28:34 d2.utils.events]:  eta: 3:22:18  iter: 4659  total_loss: 6.967  loss_ce: 0.01117  loss_mask: 0.04529  loss_dice: 0.567  loss_ce_0: 0.3367  loss_mask_0: 0.06699  loss_dice_0: 0.6766  loss_ce_1: 0.03145  loss_mask_1: 0.05043  loss_dice_1: 0.5977  loss_ce_2: 0.01842  loss_mask_2: 0.05543  loss_dice_2: 0.577  loss_ce_3: 0.01696  loss_mask_3: 0.05142  loss_dice_3: 0.5745  loss_ce_4: 0.01265  loss_mask_4: 0.05252  loss_dice_4: 0.5889  loss_ce_5: 0.01011  loss_mask_5: 0.0513  loss_dice_5: 0.5678  loss_ce_6: 0.01075  loss_mask_6: 0.04806  loss_dice_6: 0.5685  loss_ce_7: 0.01035  loss_mask_7: 0.05119  loss_dice_7: 0.6129  loss_ce_8: 0.01115  loss_mask_8: 0.05516  loss_dice_8: 0.6388    time: 0.8062  last_time: 0.8210  data_time: 0.1495  last_data_time: 0.1495   lr: 4.3599e-05  max_mem: 12316M
[03/19 01:28:50 d2.utils.events]:  eta: 3:22:03  iter: 4679  total_loss: 14.25  loss_ce: 0.1382  loss_mask: 0.06655  loss_dice: 1.167  loss_ce_0: 0.2451  loss_mask_0: 0.09105  loss_dice_0: 1.284  loss_ce_1: 0.1028  loss_mask_1: 0.0959  loss_dice_1: 1.195  loss_ce_2: 0.1695  loss_mask_2: 0.06755  loss_dice_2: 1.317  loss_ce_3: 0.09014  loss_mask_3: 0.06909  loss_dice_3: 1.294  loss_ce_4: 0.08135  loss_mask_4: 0.07154  loss_dice_4: 1.203  loss_ce_5: 0.06564  loss_mask_5: 0.08059  loss_dice_5: 1.321  loss_ce_6: 0.07617  loss_mask_6: 0.06276  loss_dice_6: 1.161  loss_ce_7: 0.0848  loss_mask_7: 0.07198  loss_dice_7: 1.131  loss_ce_8: 0.08164  loss_mask_8: 0.06231  loss_dice_8: 1.304    time: 0.8063  last_time: 0.7961  data_time: 0.1233  last_data_time: 0.1233   lr: 4.3546e-05  max_mem: 12316M
[03/19 01:29:07 d2.utils.events]:  eta: 3:21:48  iter: 4699  total_loss: 6.743  loss_ce: 0.008923  loss_mask: 0.03819  loss_dice: 0.5722  loss_ce_0: 0.1359  loss_mask_0: 0.05058  loss_dice_0: 0.6513  loss_ce_1: 0.01815  loss_mask_1: 0.03855  loss_dice_1: 0.5934  loss_ce_2: 0.03078  loss_mask_2: 0.04292  loss_dice_2: 0.6093  loss_ce_3: 0.01078  loss_mask_3: 0.04137  loss_dice_3: 0.581  loss_ce_4: 0.04734  loss_mask_4: 0.03519  loss_dice_4: 0.7504  loss_ce_5: 0.01081  loss_mask_5: 0.04112  loss_dice_5: 0.6374  loss_ce_6: 0.008551  loss_mask_6: 0.0418  loss_dice_6: 0.5378  loss_ce_7: 0.007405  loss_mask_7: 0.03746  loss_dice_7: 0.575  loss_ce_8: 0.008136  loss_mask_8: 0.0401  loss_dice_8: 0.5417    time: 0.8063  last_time: 0.8592  data_time: 0.1768  last_data_time: 0.1768   lr: 4.3493e-05  max_mem: 12316M
[03/19 01:29:23 d2.utils.events]:  eta: 3:21:28  iter: 4719  total_loss: 5.97  loss_ce: 0.01979  loss_mask: 0.05198  loss_dice: 0.5426  loss_ce_0: 0.08563  loss_mask_0: 0.07305  loss_dice_0: 0.5264  loss_ce_1: 0.01149  loss_mask_1: 0.0485  loss_dice_1: 0.4505  loss_ce_2: 0.01713  loss_mask_2: 0.04331  loss_dice_2: 0.4777  loss_ce_3: 0.02169  loss_mask_3: 0.04186  loss_dice_3: 0.5248  loss_ce_4: 0.0246  loss_mask_4: 0.05073  loss_dice_4: 0.5813  loss_ce_5: 0.01937  loss_mask_5: 0.04998  loss_dice_5: 0.4518  loss_ce_6: 0.02362  loss_mask_6: 0.04893  loss_dice_6: 0.5699  loss_ce_7: 0.02297  loss_mask_7: 0.05049  loss_dice_7: 0.5686  loss_ce_8: 0.01768  loss_mask_8: 0.04877  loss_dice_8: 0.5045    time: 0.8062  last_time: 0.7681  data_time: 0.0794  last_data_time: 0.0794   lr: 4.344e-05  max_mem: 12316M
[03/19 01:29:39 d2.utils.events]:  eta: 3:21:09  iter: 4739  total_loss: 7.934  loss_ce: 0.01464  loss_mask: 0.05216  loss_dice: 0.7212  loss_ce_0: 0.1997  loss_mask_0: 0.05607  loss_dice_0: 0.9066  loss_ce_1: 0.03615  loss_mask_1: 0.04761  loss_dice_1: 0.6133  loss_ce_2: 0.02014  loss_mask_2: 0.05138  loss_dice_2: 0.6637  loss_ce_3: 0.01646  loss_mask_3: 0.04166  loss_dice_3: 0.6755  loss_ce_4: 0.01798  loss_mask_4: 0.04972  loss_dice_4: 0.6135  loss_ce_5: 0.0167  loss_mask_5: 0.04562  loss_dice_5: 0.6899  loss_ce_6: 0.01659  loss_mask_6: 0.04669  loss_dice_6: 0.6961  loss_ce_7: 0.01418  loss_mask_7: 0.04931  loss_dice_7: 0.6859  loss_ce_8: 0.01483  loss_mask_8: 0.0523  loss_dice_8: 0.8086    time: 0.8062  last_time: 0.7775  data_time: 0.0930  last_data_time: 0.0930   lr: 4.3387e-05  max_mem: 12316M
[03/19 01:29:55 d2.utils.events]:  eta: 3:20:55  iter: 4759  total_loss: 7.87  loss_ce: 0.01308  loss_mask: 0.06201  loss_dice: 0.6064  loss_ce_0: 0.1917  loss_mask_0: 0.07566  loss_dice_0: 0.8719  loss_ce_1: 0.01861  loss_mask_1: 0.05502  loss_dice_1: 0.6256  loss_ce_2: 0.01197  loss_mask_2: 0.06831  loss_dice_2: 0.635  loss_ce_3: 0.01492  loss_mask_3: 0.06779  loss_dice_3: 0.6783  loss_ce_4: 0.01182  loss_mask_4: 0.06615  loss_dice_4: 0.6274  loss_ce_5: 0.01182  loss_mask_5: 0.05801  loss_dice_5: 0.6628  loss_ce_6: 0.01423  loss_mask_6: 0.0706  loss_dice_6: 0.7569  loss_ce_7: 0.01366  loss_mask_7: 0.06109  loss_dice_7: 0.7619  loss_ce_8: 0.01279  loss_mask_8: 0.06032  loss_dice_8: 0.6839    time: 0.8062  last_time: 0.8131  data_time: 0.1378  last_data_time: 0.1378   lr: 4.3334e-05  max_mem: 12316M
[03/19 01:30:12 d2.utils.events]:  eta: 3:20:38  iter: 4779  total_loss: 10.51  loss_ce: 0.01517  loss_mask: 0.06112  loss_dice: 0.8769  loss_ce_0: 0.2075  loss_mask_0: 0.06444  loss_dice_0: 1.015  loss_ce_1: 0.01635  loss_mask_1: 0.07315  loss_dice_1: 0.9193  loss_ce_2: 0.02496  loss_mask_2: 0.06497  loss_dice_2: 0.9394  loss_ce_3: 0.01723  loss_mask_3: 0.06668  loss_dice_3: 0.9614  loss_ce_4: 0.01632  loss_mask_4: 0.06947  loss_dice_4: 0.9718  loss_ce_5: 0.01476  loss_mask_5: 0.07318  loss_dice_5: 0.9138  loss_ce_6: 0.01715  loss_mask_6: 0.07074  loss_dice_6: 0.9635  loss_ce_7: 0.01734  loss_mask_7: 0.06354  loss_dice_7: 0.9376  loss_ce_8: 0.01569  loss_mask_8: 0.06912  loss_dice_8: 0.9686    time: 0.8062  last_time: 0.8390  data_time: 0.1769  last_data_time: 0.1769   lr: 4.3281e-05  max_mem: 12316M
[03/19 01:30:27 d2.utils.events]:  eta: 3:20:22  iter: 4799  total_loss: 9.735  loss_ce: 0.1209  loss_mask: 0.08492  loss_dice: 1.018  loss_ce_0: 0.1517  loss_mask_0: 0.1023  loss_dice_0: 1.058  loss_ce_1: 0.03182  loss_mask_1: 0.07156  loss_dice_1: 0.8008  loss_ce_2: 0.04238  loss_mask_2: 0.07679  loss_dice_2: 0.7061  loss_ce_3: 0.03071  loss_mask_3: 0.07253  loss_dice_3: 0.7992  loss_ce_4: 0.02711  loss_mask_4: 0.06412  loss_dice_4: 0.792  loss_ce_5: 0.02686  loss_mask_5: 0.07353  loss_dice_5: 0.7949  loss_ce_6: 0.02494  loss_mask_6: 0.07307  loss_dice_6: 0.8825  loss_ce_7: 0.02748  loss_mask_7: 0.07338  loss_dice_7: 0.7966  loss_ce_8: 0.02905  loss_mask_8: 0.07443  loss_dice_8: 0.8077    time: 0.8062  last_time: 0.8221  data_time: 0.1446  last_data_time: 0.1446   lr: 4.3227e-05  max_mem: 12316M
[03/19 01:30:43 d2.utils.events]:  eta: 3:20:06  iter: 4819  total_loss: 7.593  loss_ce: 0.02869  loss_mask: 0.03995  loss_dice: 0.6304  loss_ce_0: 0.1899  loss_mask_0: 0.06008  loss_dice_0: 0.9601  loss_ce_1: 0.03181  loss_mask_1: 0.0396  loss_dice_1: 0.6678  loss_ce_2: 0.02255  loss_mask_2: 0.04081  loss_dice_2: 0.7083  loss_ce_3: 0.02984  loss_mask_3: 0.03919  loss_dice_3: 0.6154  loss_ce_4: 0.02801  loss_mask_4: 0.03782  loss_dice_4: 0.6219  loss_ce_5: 0.02761  loss_mask_5: 0.03487  loss_dice_5: 0.642  loss_ce_6: 0.02845  loss_mask_6: 0.03339  loss_dice_6: 0.6301  loss_ce_7: 0.0282  loss_mask_7: 0.03612  loss_dice_7: 0.6739  loss_ce_8: 0.02747  loss_mask_8: 0.03436  loss_dice_8: 0.6042    time: 0.8061  last_time: 0.8193  data_time: 0.1290  last_data_time: 0.1290   lr: 4.3173e-05  max_mem: 12316M
[03/19 01:30:59 d2.utils.events]:  eta: 3:19:51  iter: 4839  total_loss: 7.255  loss_ce: 0.02464  loss_mask: 0.03824  loss_dice: 0.6792  loss_ce_0: 0.1784  loss_mask_0: 0.07726  loss_dice_0: 0.9017  loss_ce_1: 0.02655  loss_mask_1: 0.0336  loss_dice_1: 0.6227  loss_ce_2: 0.02218  loss_mask_2: 0.04131  loss_dice_2: 0.6751  loss_ce_3: 0.02245  loss_mask_3: 0.03349  loss_dice_3: 0.6378  loss_ce_4: 0.02496  loss_mask_4: 0.03384  loss_dice_4: 0.5724  loss_ce_5: 0.02482  loss_mask_5: 0.0344  loss_dice_5: 0.6171  loss_ce_6: 0.0261  loss_mask_6: 0.0341  loss_dice_6: 0.514  loss_ce_7: 0.02406  loss_mask_7: 0.04194  loss_dice_7: 0.6354  loss_ce_8: 0.02285  loss_mask_8: 0.03627  loss_dice_8: 0.5978    time: 0.8061  last_time: 0.8532  data_time: 0.1179  last_data_time: 0.1179   lr: 4.3119e-05  max_mem: 12316M
[03/19 01:31:16 d2.utils.events]:  eta: 3:19:35  iter: 4859  total_loss: 11.44  loss_ce: 0.06954  loss_mask: 0.04479  loss_dice: 1.049  loss_ce_0: 0.202  loss_mask_0: 0.04674  loss_dice_0: 0.918  loss_ce_1: 0.1122  loss_mask_1: 0.07538  loss_dice_1: 1.149  loss_ce_2: 0.1166  loss_mask_2: 0.03629  loss_dice_2: 0.695  loss_ce_3: 0.01142  loss_mask_3: 0.04761  loss_dice_3: 0.989  loss_ce_4: 0.0135  loss_mask_4: 0.05957  loss_dice_4: 1.155  loss_ce_5: 0.04499  loss_mask_5: 0.05556  loss_dice_5: 1.091  loss_ce_6: 0.03681  loss_mask_6: 0.07882  loss_dice_6: 1.062  loss_ce_7: 0.04206  loss_mask_7: 0.0503  loss_dice_7: 1.034  loss_ce_8: 0.03776  loss_mask_8: 0.08241  loss_dice_8: 1.036    time: 0.8061  last_time: 0.8032  data_time: 0.1363  last_data_time: 0.1363   lr: 4.3065e-05  max_mem: 12316M
[03/19 01:31:32 d2.utils.events]:  eta: 3:19:24  iter: 4879  total_loss: 7.138  loss_ce: 0.02987  loss_mask: 0.0532  loss_dice: 0.5722  loss_ce_0: 0.2099  loss_mask_0: 0.09166  loss_dice_0: 0.8045  loss_ce_1: 0.02085  loss_mask_1: 0.05122  loss_dice_1: 0.6125  loss_ce_2: 0.0198  loss_mask_2: 0.04939  loss_dice_2: 0.6309  loss_ce_3: 0.02241  loss_mask_3: 0.0468  loss_dice_3: 0.5774  loss_ce_4: 0.01923  loss_mask_4: 0.05115  loss_dice_4: 0.5897  loss_ce_5: 0.02323  loss_mask_5: 0.05029  loss_dice_5: 0.5904  loss_ce_6: 0.02691  loss_mask_6: 0.05251  loss_dice_6: 0.5716  loss_ce_7: 0.02573  loss_mask_7: 0.05122  loss_dice_7: 0.6202  loss_ce_8: 0.03605  loss_mask_8: 0.05236  loss_dice_8: 0.5846    time: 0.8061  last_time: 0.8025  data_time: 0.1310  last_data_time: 0.1310   lr: 4.301e-05  max_mem: 12316M
[03/19 01:31:48 d2.utils.events]:  eta: 3:19:12  iter: 4899  total_loss: 12.83  loss_ce: 0.05435  loss_mask: 0.07747  loss_dice: 1.024  loss_ce_0: 0.2422  loss_mask_0: 0.1153  loss_dice_0: 1.317  loss_ce_1: 0.1551  loss_mask_1: 0.1056  loss_dice_1: 1.224  loss_ce_2: 0.06682  loss_mask_2: 0.1159  loss_dice_2: 1.103  loss_ce_3: 0.05889  loss_mask_3: 0.07743  loss_dice_3: 1.028  loss_ce_4: 0.05748  loss_mask_4: 0.07314  loss_dice_4: 1.054  loss_ce_5: 0.05255  loss_mask_5: 0.06548  loss_dice_5: 1.064  loss_ce_6: 0.05504  loss_mask_6: 0.07218  loss_dice_6: 1.121  loss_ce_7: 0.05739  loss_mask_7: 0.06859  loss_dice_7: 1.034  loss_ce_8: 0.05577  loss_mask_8: 0.06831  loss_dice_8: 1.167    time: 0.8061  last_time: 0.8794  data_time: 0.2092  last_data_time: 0.2092   lr: 4.2956e-05  max_mem: 12316M
[03/19 01:32:04 d2.utils.events]:  eta: 3:18:58  iter: 4919  total_loss: 8.663  loss_ce: 0.01564  loss_mask: 0.03971  loss_dice: 0.7738  loss_ce_0: 0.08866  loss_mask_0: 0.02724  loss_dice_0: 0.7423  loss_ce_1: 0.06813  loss_mask_1: 0.03785  loss_dice_1: 0.8861  loss_ce_2: 0.02104  loss_mask_2: 0.03448  loss_dice_2: 0.7929  loss_ce_3: 0.01428  loss_mask_3: 0.03454  loss_dice_3: 0.6939  loss_ce_4: 0.0156  loss_mask_4: 0.0389  loss_dice_4: 0.8705  loss_ce_5: 0.01581  loss_mask_5: 0.03625  loss_dice_5: 0.8176  loss_ce_6: 0.01511  loss_mask_6: 0.03068  loss_dice_6: 0.7622  loss_ce_7: 0.01536  loss_mask_7: 0.04525  loss_dice_7: 0.9602  loss_ce_8: 0.01689  loss_mask_8: 0.03068  loss_dice_8: 0.7212    time: 0.8061  last_time: 0.8148  data_time: 0.1465  last_data_time: 0.1465   lr: 4.2901e-05  max_mem: 12316M
[03/19 01:32:21 d2.utils.events]:  eta: 3:18:42  iter: 4939  total_loss: 7.246  loss_ce: 0.02433  loss_mask: 0.04295  loss_dice: 0.5384  loss_ce_0: 0.09627  loss_mask_0: 0.06924  loss_dice_0: 0.9786  loss_ce_1: 0.1122  loss_mask_1: 0.04657  loss_dice_1: 0.6032  loss_ce_2: 0.03291  loss_mask_2: 0.04558  loss_dice_2: 0.5542  loss_ce_3: 0.02474  loss_mask_3: 0.04566  loss_dice_3: 0.59  loss_ce_4: 0.0271  loss_mask_4: 0.04398  loss_dice_4: 0.5642  loss_ce_5: 0.02548  loss_mask_5: 0.04308  loss_dice_5: 0.6761  loss_ce_6: 0.02799  loss_mask_6: 0.04872  loss_dice_6: 0.6767  loss_ce_7: 0.02634  loss_mask_7: 0.04153  loss_dice_7: 0.5998  loss_ce_8: 0.02738  loss_mask_8: 0.04228  loss_dice_8: 0.57    time: 0.8061  last_time: 0.8084  data_time: 0.1366  last_data_time: 0.1366   lr: 4.2846e-05  max_mem: 12316M
[03/19 01:32:37 d2.utils.events]:  eta: 3:18:26  iter: 4959  total_loss: 6.7  loss_ce: 0.02047  loss_mask: 0.03587  loss_dice: 0.5834  loss_ce_0: 0.4705  loss_mask_0: 0.04633  loss_dice_0: 0.7289  loss_ce_1: 0.05443  loss_mask_1: 0.03977  loss_dice_1: 0.5967  loss_ce_2: 0.02865  loss_mask_2: 0.03443  loss_dice_2: 0.5203  loss_ce_3: 0.02761  loss_mask_3: 0.03399  loss_dice_3: 0.5087  loss_ce_4: 0.03001  loss_mask_4: 0.03593  loss_dice_4: 0.5176  loss_ce_5: 0.02309  loss_mask_5: 0.03584  loss_dice_5: 0.527  loss_ce_6: 0.02085  loss_mask_6: 0.03841  loss_dice_6: 0.5779  loss_ce_7: 0.01975  loss_mask_7: 0.03399  loss_dice_7: 0.5604  loss_ce_8: 0.01926  loss_mask_8: 0.03155  loss_dice_8: 0.4982    time: 0.8061  last_time: 0.7834  data_time: 0.1059  last_data_time: 0.1059   lr: 4.2791e-05  max_mem: 12316M
[03/19 01:32:53 d2.utils.events]:  eta: 3:18:10  iter: 4979  total_loss: 5.792  loss_ce: 0.005843  loss_mask: 0.08777  loss_dice: 0.4989  loss_ce_0: 0.09277  loss_mask_0: 0.09119  loss_dice_0: 0.6794  loss_ce_1: 0.007328  loss_mask_1: 0.0798  loss_dice_1: 0.4705  loss_ce_2: 0.006993  loss_mask_2: 0.07392  loss_dice_2: 0.453  loss_ce_3: 0.005947  loss_mask_3: 0.08049  loss_dice_3: 0.4793  loss_ce_4: 0.005941  loss_mask_4: 0.08126  loss_dice_4: 0.5483  loss_ce_5: 0.004517  loss_mask_5: 0.07857  loss_dice_5: 0.3812  loss_ce_6: 0.004889  loss_mask_6: 0.07608  loss_dice_6: 0.4616  loss_ce_7: 0.005547  loss_mask_7: 0.0779  loss_dice_7: 0.4412  loss_ce_8: 0.005036  loss_mask_8: 0.07493  loss_dice_8: 0.4323    time: 0.8061  last_time: 0.8304  data_time: 0.1692  last_data_time: 0.1692   lr: 4.2736e-05  max_mem: 12316M
[03/19 01:33:09 fvcore.common.checkpoint]: Saving checkpoint to /mnt/data/mis2025/group_6/Parameter/trained_para/graphene_mid_finetune_remove_small_falkes/model_0004999.pth
[03/19 01:33:10 d2.utils.events]:  eta: 3:17:55  iter: 4999  total_loss: 14.75  loss_ce: 0.09681  loss_mask: 0.08243  loss_dice: 1.169  loss_ce_0: 0.3402  loss_mask_0: 0.1428  loss_dice_0: 1.536  loss_ce_1: 0.1176  loss_mask_1: 0.1151  loss_dice_1: 1.214  loss_ce_2: 0.1863  loss_mask_2: 0.1053  loss_dice_2: 1.135  loss_ce_3: 0.1057  loss_mask_3: 0.09679  loss_dice_3: 1.261  loss_ce_4: 0.09672  loss_mask_4: 0.09663  loss_dice_4: 1.431  loss_ce_5: 0.08703  loss_mask_5: 0.0929  loss_dice_5: 1.152  loss_ce_6: 0.09113  loss_mask_6: 0.0909  loss_dice_6: 1.254  loss_ce_7: 0.08496  loss_mask_7: 0.09333  loss_dice_7: 1.12  loss_ce_8: 0.1032  loss_mask_8: 0.09784  loss_dice_8: 1.151    time: 0.8060  last_time: 0.7925  data_time: 0.1316  last_data_time: 0.1316   lr: 4.268e-05  max_mem: 12316M
[03/19 01:33:26 d2.utils.events]:  eta: 3:17:38  iter: 5019  total_loss: 9.702  loss_ce: 0.07762  loss_mask: 0.06728  loss_dice: 0.833  loss_ce_0: 0.1779  loss_mask_0: 0.06736  loss_dice_0: 0.7454  loss_ce_1: 0.09257  loss_mask_1: 0.08464  loss_dice_1: 0.8112  loss_ce_2: 0.07659  loss_mask_2: 0.0641  loss_dice_2: 0.9131  loss_ce_3: 0.07684  loss_mask_3: 0.06594  loss_dice_3: 0.8108  loss_ce_4: 0.09146  loss_mask_4: 0.06538  loss_dice_4: 0.8251  loss_ce_5: 0.06926  loss_mask_5: 0.09296  loss_dice_5: 0.837  loss_ce_6: 0.08169  loss_mask_6: 0.0866  loss_dice_6: 0.7578  loss_ce_7: 0.08593  loss_mask_7: 0.06287  loss_dice_7: 0.7367  loss_ce_8: 0.06688  loss_mask_8: 0.06886  loss_dice_8: 0.8097    time: 0.8059  last_time: 0.8383  data_time: 0.1543  last_data_time: 0.1543   lr: 4.2625e-05  max_mem: 12316M
[03/19 01:33:42 d2.utils.events]:  eta: 3:17:24  iter: 5039  total_loss: 7.589  loss_ce: 0.01159  loss_mask: 0.03986  loss_dice: 0.6957  loss_ce_0: 0.3786  loss_mask_0: 0.05996  loss_dice_0: 0.8673  loss_ce_1: 0.02448  loss_mask_1: 0.0451  loss_dice_1: 0.6876  loss_ce_2: 0.06753  loss_mask_2: 0.03913  loss_dice_2: 0.6645  loss_ce_3: 0.04524  loss_mask_3: 0.03727  loss_dice_3: 0.6125  loss_ce_4: 0.01745  loss_mask_4: 0.03577  loss_dice_4: 0.6012  loss_ce_5: 0.02061  loss_mask_5: 0.03583  loss_dice_5: 0.6388  loss_ce_6: 0.01401  loss_mask_6: 0.0343  loss_dice_6: 0.5519  loss_ce_7: 0.01435  loss_mask_7: 0.03474  loss_dice_7: 0.6735  loss_ce_8: 0.01415  loss_mask_8: 0.03494  loss_dice_8: 0.5906    time: 0.8060  last_time: 0.8185  data_time: 0.1383  last_data_time: 0.1383   lr: 4.2569e-05  max_mem: 12316M
[03/19 01:33:58 d2.utils.events]:  eta: 3:17:07  iter: 5059  total_loss: 4.915  loss_ce: 0.005998  loss_mask: 0.02345  loss_dice: 0.3635  loss_ce_0: 0.1275  loss_mask_0: 0.03484  loss_dice_0: 0.6549  loss_ce_1: 0.01469  loss_mask_1: 0.02484  loss_dice_1: 0.4919  loss_ce_2: 0.009308  loss_mask_2: 0.02352  loss_dice_2: 0.4243  loss_ce_3: 0.007404  loss_mask_3: 0.02554  loss_dice_3: 0.3945  loss_ce_4: 0.007271  loss_mask_4: 0.02398  loss_dice_4: 0.4578  loss_ce_5: 0.007731  loss_mask_5: 0.0336  loss_dice_5: 0.4707  loss_ce_6: 0.00738  loss_mask_6: 0.02482  loss_dice_6: 0.3739  loss_ce_7: 0.006287  loss_mask_7: 0.0236  loss_dice_7: 0.4147  loss_ce_8: 0.006423  loss_mask_8: 0.02238  loss_dice_8: 0.4083    time: 0.8060  last_time: 0.8073  data_time: 0.1448  last_data_time: 0.1448   lr: 4.2513e-05  max_mem: 12316M
[03/19 01:34:15 d2.utils.events]:  eta: 3:16:51  iter: 5079  total_loss: 9.858  loss_ce: 0.05531  loss_mask: 0.02935  loss_dice: 1.009  loss_ce_0: 0.2556  loss_mask_0: 0.02969  loss_dice_0: 0.6828  loss_ce_1: 0.09577  loss_mask_1: 0.02665  loss_dice_1: 0.7967  loss_ce_2: 0.1089  loss_mask_2: 0.02761  loss_dice_2: 0.8152  loss_ce_3: 0.1094  loss_mask_3: 0.02968  loss_dice_3: 0.9029  loss_ce_4: 0.08942  loss_mask_4: 0.03011  loss_dice_4: 0.9004  loss_ce_5: 0.05618  loss_mask_5: 0.02912  loss_dice_5: 0.9112  loss_ce_6: 0.09787  loss_mask_6: 0.02533  loss_dice_6: 0.7494  loss_ce_7: 0.1193  loss_mask_7: 0.02403  loss_dice_7: 0.7583  loss_ce_8: 0.05393  loss_mask_8: 0.02778  loss_dice_8: 1.012    time: 0.8060  last_time: 0.8293  data_time: 0.1522  last_data_time: 0.1522   lr: 4.2457e-05  max_mem: 12316M
[03/19 01:34:31 d2.utils.events]:  eta: 3:16:36  iter: 5099  total_loss: 12.67  loss_ce: 0.007899  loss_mask: 0.1503  loss_dice: 1.09  loss_ce_0: 0.1842  loss_mask_0: 0.1699  loss_dice_0: 1.207  loss_ce_1: 0.014  loss_mask_1: 0.1495  loss_dice_1: 1.05  loss_ce_2: 0.01124  loss_mask_2: 0.1413  loss_dice_2: 1.023  loss_ce_3: 0.01293  loss_mask_3: 0.1486  loss_dice_3: 1.056  loss_ce_4: 0.01098  loss_mask_4: 0.1383  loss_dice_4: 1.028  loss_ce_5: 0.01225  loss_mask_5: 0.1607  loss_dice_5: 1.136  loss_ce_6: 0.01314  loss_mask_6: 0.1617  loss_dice_6: 1.068  loss_ce_7: 0.009523  loss_mask_7: 0.1421  loss_dice_7: 1.093  loss_ce_8: 0.008603  loss_mask_8: 0.1441  loss_dice_8: 1.13    time: 0.8059  last_time: 0.7892  data_time: 0.1191  last_data_time: 0.1191   lr: 4.2401e-05  max_mem: 12316M
[03/19 01:34:46 d2.utils.events]:  eta: 3:16:16  iter: 5119  total_loss: 6.48  loss_ce: 0.01159  loss_mask: 0.03715  loss_dice: 0.5963  loss_ce_0: 0.08594  loss_mask_0: 0.04913  loss_dice_0: 0.6854  loss_ce_1: 0.02528  loss_mask_1: 0.03882  loss_dice_1: 0.5462  loss_ce_2: 0.01295  loss_mask_2: 0.03681  loss_dice_2: 0.5565  loss_ce_3: 0.01536  loss_mask_3: 0.03483  loss_dice_3: 0.5905  loss_ce_4: 0.01489  loss_mask_4: 0.03071  loss_dice_4: 0.5989  loss_ce_5: 0.01484  loss_mask_5: 0.03721  loss_dice_5: 0.5689  loss_ce_6: 0.01322  loss_mask_6: 0.04007  loss_dice_6: 0.6293  loss_ce_7: 0.01156  loss_mask_7: 0.03397  loss_dice_7: 0.543  loss_ce_8: 0.01325  loss_mask_8: 0.03845  loss_dice_8: 0.5695    time: 0.8059  last_time: 0.8194  data_time: 0.1565  last_data_time: 0.1565   lr: 4.2344e-05  max_mem: 12316M
[03/19 01:35:03 d2.utils.events]:  eta: 3:15:56  iter: 5139  total_loss: 10.16  loss_ce: 0.03469  loss_mask: 0.0384  loss_dice: 0.8527  loss_ce_0: 0.1057  loss_mask_0: 0.04878  loss_dice_0: 1.039  loss_ce_1: 0.01956  loss_mask_1: 0.04442  loss_dice_1: 0.9201  loss_ce_2: 0.08933  loss_mask_2: 0.03598  loss_dice_2: 0.8391  loss_ce_3: 0.08542  loss_mask_3: 0.03324  loss_dice_3: 0.742  loss_ce_4: 0.04184  loss_mask_4: 0.03512  loss_dice_4: 0.7526  loss_ce_5: 0.04551  loss_mask_5: 0.05164  loss_dice_5: 0.9901  loss_ce_6: 0.08032  loss_mask_6: 0.03758  loss_dice_6: 0.7803  loss_ce_7: 0.06035  loss_mask_7: 0.06018  loss_dice_7: 1.394  loss_ce_8: 0.06921  loss_mask_8: 0.04331  loss_dice_8: 0.7929    time: 0.8059  last_time: 0.7624  data_time: 0.1058  last_data_time: 0.1058   lr: 4.2288e-05  max_mem: 12316M
[03/19 01:35:19 d2.utils.events]:  eta: 3:15:45  iter: 5159  total_loss: 4.149  loss_ce: 0.01425  loss_mask: 0.03092  loss_dice: 0.3454  loss_ce_0: 0.1998  loss_mask_0: 0.05074  loss_dice_0: 0.54  loss_ce_1: 0.0194  loss_mask_1: 0.03263  loss_dice_1: 0.3442  loss_ce_2: 0.02073  loss_mask_2: 0.03272  loss_dice_2: 0.3722  loss_ce_3: 0.01308  loss_mask_3: 0.03003  loss_dice_3: 0.3232  loss_ce_4: 0.01336  loss_mask_4: 0.02794  loss_dice_4: 0.2938  loss_ce_5: 0.01287  loss_mask_5: 0.02798  loss_dice_5: 0.2793  loss_ce_6: 0.01264  loss_mask_6: 0.02832  loss_dice_6: 0.311  loss_ce_7: 0.01506  loss_mask_7: 0.03173  loss_dice_7: 0.3373  loss_ce_8: 0.01556  loss_mask_8: 0.03009  loss_dice_8: 0.3425    time: 0.8059  last_time: 0.7855  data_time: 0.1031  last_data_time: 0.1031   lr: 4.2231e-05  max_mem: 12316M
[03/19 01:35:35 d2.utils.events]:  eta: 3:15:32  iter: 5179  total_loss: 7.861  loss_ce: 0.01705  loss_mask: 0.0727  loss_dice: 0.5897  loss_ce_0: 0.1427  loss_mask_0: 0.1137  loss_dice_0: 0.6308  loss_ce_1: 0.05247  loss_mask_1: 0.09481  loss_dice_1: 0.786  loss_ce_2: 0.04049  loss_mask_2: 0.08863  loss_dice_2: 0.6773  loss_ce_3: 0.05084  loss_mask_3: 0.09833  loss_dice_3: 0.688  loss_ce_4: 0.02843  loss_mask_4: 0.08481  loss_dice_4: 0.5921  loss_ce_5: 0.02387  loss_mask_5: 0.07804  loss_dice_5: 0.6823  loss_ce_6: 0.02152  loss_mask_6: 0.1008  loss_dice_6: 0.6414  loss_ce_7: 0.02066  loss_mask_7: 0.09196  loss_dice_7: 0.6619  loss_ce_8: 0.01881  loss_mask_8: 0.08295  loss_dice_8: 0.5884    time: 0.8059  last_time: 0.8834  data_time: 0.2131  last_data_time: 0.2131   lr: 4.2174e-05  max_mem: 12316M
[03/19 01:35:52 d2.utils.events]:  eta: 3:15:18  iter: 5199  total_loss: 13.35  loss_ce: 0.05884  loss_mask: 0.0501  loss_dice: 1.098  loss_ce_0: 0.1831  loss_mask_0: 0.04439  loss_dice_0: 0.8581  loss_ce_1: 0.2063  loss_mask_1: 0.04697  loss_dice_1: 1.082  loss_ce_2: 0.1819  loss_mask_2: 0.04735  loss_dice_2: 1.187  loss_ce_3: 0.2185  loss_mask_3: 0.1033  loss_dice_3: 1.174  loss_ce_4: 0.1429  loss_mask_4: 0.06755  loss_dice_4: 1.168  loss_ce_5: 0.06565  loss_mask_5: 0.03794  loss_dice_5: 1.092  loss_ce_6: 0.1413  loss_mask_6: 0.05862  loss_dice_6: 1.229  loss_ce_7: 0.1428  loss_mask_7: 0.05648  loss_dice_7: 1.3  loss_ce_8: 0.05272  loss_mask_8: 0.07341  loss_dice_8: 1.185    time: 0.8059  last_time: 0.7530  data_time: 0.0727  last_data_time: 0.0727   lr: 4.2117e-05  max_mem: 12316M
[03/19 01:36:08 d2.utils.events]:  eta: 3:15:02  iter: 5219  total_loss: 6.495  loss_ce: 0.01756  loss_mask: 0.04211  loss_dice: 0.6447  loss_ce_0: 0.1237  loss_mask_0: 0.0346  loss_dice_0: 0.5282  loss_ce_1: 0.07682  loss_mask_1: 0.02898  loss_dice_1: 0.475  loss_ce_2: 0.01775  loss_mask_2: 0.03664  loss_dice_2: 0.5946  loss_ce_3: 0.01249  loss_mask_3: 0.04801  loss_dice_3: 0.6728  loss_ce_4: 0.01605  loss_mask_4: 0.04472  loss_dice_4: 0.5766  loss_ce_5: 0.01905  loss_mask_5: 0.0432  loss_dice_5: 0.5827  loss_ce_6: 0.01464  loss_mask_6: 0.03905  loss_dice_6: 0.5501  loss_ce_7: 0.01703  loss_mask_7: 0.03636  loss_dice_7: 0.5362  loss_ce_8: 0.017  loss_mask_8: 0.04295  loss_dice_8: 0.6056    time: 0.8059  last_time: 0.7994  data_time: 0.1183  last_data_time: 0.1183   lr: 4.2059e-05  max_mem: 12316M
[03/19 01:36:24 d2.utils.events]:  eta: 3:14:45  iter: 5239  total_loss: 10.48  loss_ce: 0.04592  loss_mask: 0.03955  loss_dice: 1.024  loss_ce_0: 0.1269  loss_mask_0: 0.03623  loss_dice_0: 0.8921  loss_ce_1: 0.1456  loss_mask_1: 0.02564  loss_dice_1: 0.682  loss_ce_2: 0.06268  loss_mask_2: 0.03059  loss_dice_2: 0.9944  loss_ce_3: 0.07614  loss_mask_3: 0.03242  loss_dice_3: 0.9994  loss_ce_4: 0.0858  loss_mask_4: 0.02958  loss_dice_4: 1.021  loss_ce_5: 0.06869  loss_mask_5: 0.03226  loss_dice_5: 0.9766  loss_ce_6: 0.07653  loss_mask_6: 0.03046  loss_dice_6: 0.9604  loss_ce_7: 0.07645  loss_mask_7: 0.02678  loss_dice_7: 0.9193  loss_ce_8: 0.07346  loss_mask_8: 0.0259  loss_dice_8: 0.8592    time: 0.8060  last_time: 0.8095  data_time: 0.1394  last_data_time: 0.1394   lr: 4.2002e-05  max_mem: 12316M
[03/19 01:36:41 d2.utils.events]:  eta: 3:14:30  iter: 5259  total_loss: 5.702  loss_ce: 0.0124  loss_mask: 0.03844  loss_dice: 0.5134  loss_ce_0: 0.08186  loss_mask_0: 0.04681  loss_dice_0: 0.4928  loss_ce_1: 0.01648  loss_mask_1: 0.03298  loss_dice_1: 0.5635  loss_ce_2: 0.01656  loss_mask_2: 0.03352  loss_dice_2: 0.5462  loss_ce_3: 0.01443  loss_mask_3: 0.03715  loss_dice_3: 0.5017  loss_ce_4: 0.01438  loss_mask_4: 0.04725  loss_dice_4: 0.6304  loss_ce_5: 0.01291  loss_mask_5: 0.03018  loss_dice_5: 0.4112  loss_ce_6: 0.01356  loss_mask_6: 0.02953  loss_dice_6: 0.4674  loss_ce_7: 0.01262  loss_mask_7: 0.03371  loss_dice_7: 0.4877  loss_ce_8: 0.01275  loss_mask_8: 0.03593  loss_dice_8: 0.5141    time: 0.8060  last_time: 0.7641  data_time: 0.1033  last_data_time: 0.1033   lr: 4.1944e-05  max_mem: 12316M
[03/19 01:36:57 d2.utils.events]:  eta: 3:14:14  iter: 5279  total_loss: 10.48  loss_ce: 0.03948  loss_mask: 0.0431  loss_dice: 0.753  loss_ce_0: 0.2904  loss_mask_0: 0.06637  loss_dice_0: 1.122  loss_ce_1: 0.1405  loss_mask_1: 0.05257  loss_dice_1: 0.7679  loss_ce_2: 0.06111  loss_mask_2: 0.0508  loss_dice_2: 1.054  loss_ce_3: 0.03713  loss_mask_3: 0.04566  loss_dice_3: 0.926  loss_ce_4: 0.03692  loss_mask_4: 0.04263  loss_dice_4: 0.9909  loss_ce_5: 0.06245  loss_mask_5: 0.04155  loss_dice_5: 0.8063  loss_ce_6: 0.02065  loss_mask_6: 0.06031  loss_dice_6: 1.098  loss_ce_7: 0.03624  loss_mask_7: 0.0382  loss_dice_7: 0.6977  loss_ce_8: 0.03908  loss_mask_8: 0.04553  loss_dice_8: 1.015    time: 0.8060  last_time: 0.7937  data_time: 0.1005  last_data_time: 0.1005   lr: 4.1886e-05  max_mem: 12316M
[03/19 01:37:13 d2.utils.events]:  eta: 3:14:01  iter: 5299  total_loss: 9.382  loss_ce: 0.07774  loss_mask: 0.06493  loss_dice: 0.6738  loss_ce_0: 0.1869  loss_mask_0: 0.06753  loss_dice_0: 0.6286  loss_ce_1: 0.1005  loss_mask_1: 0.06005  loss_dice_1: 0.8025  loss_ce_2: 0.04383  loss_mask_2: 0.04994  loss_dice_2: 0.8089  loss_ce_3: 0.03493  loss_mask_3: 0.05188  loss_dice_3: 0.8579  loss_ce_4: 0.03849  loss_mask_4: 0.05462  loss_dice_4: 0.865  loss_ce_5: 0.03453  loss_mask_5: 0.06819  loss_dice_5: 0.9662  loss_ce_6: 0.04008  loss_mask_6: 0.05704  loss_dice_6: 0.8795  loss_ce_7: 0.03974  loss_mask_7: 0.05718  loss_dice_7: 0.8193  loss_ce_8: 0.07697  loss_mask_8: 0.06927  loss_dice_8: 0.8055    time: 0.8060  last_time: 0.8263  data_time: 0.1472  last_data_time: 0.1472   lr: 4.1828e-05  max_mem: 12316M
[03/19 01:37:29 d2.utils.events]:  eta: 3:13:50  iter: 5319  total_loss: 8.302  loss_ce: 0.01007  loss_mask: 0.03987  loss_dice: 0.8118  loss_ce_0: 0.3642  loss_mask_0: 0.07603  loss_dice_0: 0.9489  loss_ce_1: 0.06038  loss_mask_1: 0.03462  loss_dice_1: 0.6162  loss_ce_2: 0.02944  loss_mask_2: 0.04411  loss_dice_2: 0.7868  loss_ce_3: 0.01187  loss_mask_3: 0.04003  loss_dice_3: 0.6592  loss_ce_4: 0.01049  loss_mask_4: 0.04162  loss_dice_4: 0.7281  loss_ce_5: 0.01165  loss_mask_5: 0.04608  loss_dice_5: 0.715  loss_ce_6: 0.009578  loss_mask_6: 0.04099  loss_dice_6: 0.6762  loss_ce_7: 0.008933  loss_mask_7: 0.0422  loss_dice_7: 0.7526  loss_ce_8: 0.0101  loss_mask_8: 0.03831  loss_dice_8: 0.6368    time: 0.8060  last_time: 0.9058  data_time: 0.1819  last_data_time: 0.1819   lr: 4.177e-05  max_mem: 12316M
[03/19 01:37:46 d2.utils.events]:  eta: 3:13:32  iter: 5339  total_loss: 9.204  loss_ce: 0.133  loss_mask: 0.03412  loss_dice: 0.6055  loss_ce_0: 0.1878  loss_mask_0: 0.0471  loss_dice_0: 1.007  loss_ce_1: 0.2179  loss_mask_1: 0.03348  loss_dice_1: 0.8696  loss_ce_2: 0.1917  loss_mask_2: 0.03261  loss_dice_2: 0.5535  loss_ce_3: 0.0917  loss_mask_3: 0.03595  loss_dice_3: 0.7159  loss_ce_4: 0.1581  loss_mask_4: 0.03456  loss_dice_4: 0.632  loss_ce_5: 0.1604  loss_mask_5: 0.03927  loss_dice_5: 0.6895  loss_ce_6: 0.1453  loss_mask_6: 0.05541  loss_dice_6: 0.7752  loss_ce_7: 0.1292  loss_mask_7: 0.03679  loss_dice_7: 0.7352  loss_ce_8: 0.1547  loss_mask_8: 0.03319  loss_dice_8: 0.6679    time: 0.8060  last_time: 0.8399  data_time: 0.1650  last_data_time: 0.1650   lr: 4.1712e-05  max_mem: 12316M
[03/19 01:38:02 d2.utils.events]:  eta: 3:13:20  iter: 5359  total_loss: 9.681  loss_ce: 0.01257  loss_mask: 0.06993  loss_dice: 0.8794  loss_ce_0: 0.2339  loss_mask_0: 0.07308  loss_dice_0: 0.9714  loss_ce_1: 0.07832  loss_mask_1: 0.06306  loss_dice_1: 0.8558  loss_ce_2: 0.01934  loss_mask_2: 0.07687  loss_dice_2: 0.9578  loss_ce_3: 0.03345  loss_mask_3: 0.06384  loss_dice_3: 0.5132  loss_ce_4: 0.01287  loss_mask_4: 0.06052  loss_dice_4: 0.871  loss_ce_5: 0.03255  loss_mask_5: 0.05739  loss_dice_5: 0.7575  loss_ce_6: 0.01461  loss_mask_6: 0.06272  loss_dice_6: 0.8855  loss_ce_7: 0.01237  loss_mask_7: 0.06292  loss_dice_7: 0.8887  loss_ce_8: 0.01171  loss_mask_8: 0.07969  loss_dice_8: 0.9689    time: 0.8061  last_time: 0.8691  data_time: 0.1874  last_data_time: 0.1874   lr: 4.1653e-05  max_mem: 12316M
[03/19 01:38:18 d2.utils.events]:  eta: 3:13:04  iter: 5379  total_loss: 7.614  loss_ce: 0.03208  loss_mask: 0.03481  loss_dice: 0.5604  loss_ce_0: 0.2653  loss_mask_0: 0.03037  loss_dice_0: 0.6372  loss_ce_1: 0.04803  loss_mask_1: 0.04382  loss_dice_1: 0.7175  loss_ce_2: 0.02673  loss_mask_2: 0.04124  loss_dice_2: 0.6369  loss_ce_3: 0.02527  loss_mask_3: 0.03631  loss_dice_3: 0.6119  loss_ce_4: 0.02564  loss_mask_4: 0.05013  loss_dice_4: 0.7391  loss_ce_5: 0.03405  loss_mask_5: 0.04487  loss_dice_5: 0.7064  loss_ce_6: 0.02927  loss_mask_6: 0.04039  loss_dice_6: 0.6658  loss_ce_7: 0.03435  loss_mask_7: 0.0405  loss_dice_7: 0.742  loss_ce_8: 0.03604  loss_mask_8: 0.0408  loss_dice_8: 0.6365    time: 0.8061  last_time: 0.7643  data_time: 0.1053  last_data_time: 0.1053   lr: 4.1595e-05  max_mem: 12316M
[03/19 01:38:35 d2.utils.events]:  eta: 3:12:49  iter: 5399  total_loss: 6.424  loss_ce: 0.0227  loss_mask: 0.0338  loss_dice: 0.5224  loss_ce_0: 0.3376  loss_mask_0: 0.03474  loss_dice_0: 0.5891  loss_ce_1: 0.07708  loss_mask_1: 0.03513  loss_dice_1: 0.4988  loss_ce_2: 0.0228  loss_mask_2: 0.034  loss_dice_2: 0.5276  loss_ce_3: 0.02735  loss_mask_3: 0.03305  loss_dice_3: 0.4896  loss_ce_4: 0.02832  loss_mask_4: 0.03915  loss_dice_4: 0.556  loss_ce_5: 0.02432  loss_mask_5: 0.03622  loss_dice_5: 0.5218  loss_ce_6: 0.0225  loss_mask_6: 0.0339  loss_dice_6: 0.5913  loss_ce_7: 0.02167  loss_mask_7: 0.03795  loss_dice_7: 0.5474  loss_ce_8: 0.02206  loss_mask_8: 0.04206  loss_dice_8: 0.6131    time: 0.8061  last_time: 0.8992  data_time: 0.2105  last_data_time: 0.2105   lr: 4.1536e-05  max_mem: 12316M
[03/19 01:38:51 d2.utils.events]:  eta: 3:12:37  iter: 5419  total_loss: 5.997  loss_ce: 0.0049  loss_mask: 0.0507  loss_dice: 0.5079  loss_ce_0: 0.1709  loss_mask_0: 0.07524  loss_dice_0: 0.5917  loss_ce_1: 0.009415  loss_mask_1: 0.04742  loss_dice_1: 0.5096  loss_ce_2: 0.01366  loss_mask_2: 0.04932  loss_dice_2: 0.5291  loss_ce_3: 0.01071  loss_mask_3: 0.04895  loss_dice_3: 0.4927  loss_ce_4: 0.009913  loss_mask_4: 0.04751  loss_dice_4: 0.5036  loss_ce_5: 0.00544  loss_mask_5: 0.04884  loss_dice_5: 0.5028  loss_ce_6: 0.004689  loss_mask_6: 0.05068  loss_dice_6: 0.5246  loss_ce_7: 0.004684  loss_mask_7: 0.04751  loss_dice_7: 0.5414  loss_ce_8: 0.004828  loss_mask_8: 0.04933  loss_dice_8: 0.5388    time: 0.8061  last_time: 0.8196  data_time: 0.1450  last_data_time: 0.1450   lr: 4.1477e-05  max_mem: 12316M
[03/19 01:39:08 d2.utils.events]:  eta: 3:12:21  iter: 5439  total_loss: 9.141  loss_ce: 0.02316  loss_mask: 0.0441  loss_dice: 0.7428  loss_ce_0: 0.2394  loss_mask_0: 0.05579  loss_dice_0: 1.213  loss_ce_1: 0.07736  loss_mask_1: 0.05066  loss_dice_1: 0.8321  loss_ce_2: 0.0216  loss_mask_2: 0.04877  loss_dice_2: 0.9147  loss_ce_3: 0.01902  loss_mask_3: 0.04188  loss_dice_3: 0.7318  loss_ce_4: 0.01953  loss_mask_4: 0.03953  loss_dice_4: 0.7231  loss_ce_5: 0.01762  loss_mask_5: 0.0479  loss_dice_5: 0.7932  loss_ce_6: 0.01926  loss_mask_6: 0.04096  loss_dice_6: 0.7222  loss_ce_7: 0.01993  loss_mask_7: 0.04481  loss_dice_7: 0.7604  loss_ce_8: 0.02164  loss_mask_8: 0.04633  loss_dice_8: 0.7685    time: 0.8061  last_time: 0.8245  data_time: 0.1574  last_data_time: 0.1574   lr: 4.1418e-05  max_mem: 12316M
[03/19 01:39:23 d2.utils.events]:  eta: 3:12:01  iter: 5459  total_loss: 9.226  loss_ce: 0.01414  loss_mask: 0.04233  loss_dice: 0.9307  loss_ce_0: 0.1816  loss_mask_0: 0.04627  loss_dice_0: 0.9694  loss_ce_1: 0.05331  loss_mask_1: 0.03359  loss_dice_1: 0.736  loss_ce_2: 0.01581  loss_mask_2: 0.03503  loss_dice_2: 0.8158  loss_ce_3: 0.1036  loss_mask_3: 0.03783  loss_dice_3: 0.842  loss_ce_4: 0.01118  loss_mask_4: 0.03375  loss_dice_4: 0.9486  loss_ce_5: 0.01261  loss_mask_5: 0.03752  loss_dice_5: 0.888  loss_ce_6: 0.04159  loss_mask_6: 0.03667  loss_dice_6: 0.8478  loss_ce_7: 0.04292  loss_mask_7: 0.03568  loss_dice_7: 0.6554  loss_ce_8: 0.0148  loss_mask_8: 0.0351  loss_dice_8: 0.7268    time: 0.8060  last_time: 0.8140  data_time: 0.1471  last_data_time: 0.1471   lr: 4.1358e-05  max_mem: 12316M
[03/19 01:39:39 d2.utils.events]:  eta: 3:11:39  iter: 5479  total_loss: 7.26  loss_ce: 0.01022  loss_mask: 0.04074  loss_dice: 0.586  loss_ce_0: 0.2794  loss_mask_0: 0.06872  loss_dice_0: 0.7501  loss_ce_1: 0.01011  loss_mask_1: 0.05174  loss_dice_1: 0.657  loss_ce_2: 0.01372  loss_mask_2: 0.04819  loss_dice_2: 0.592  loss_ce_3: 0.01414  loss_mask_3: 0.05159  loss_dice_3: 0.6101  loss_ce_4: 0.01326  loss_mask_4: 0.04396  loss_dice_4: 0.5712  loss_ce_5: 0.01296  loss_mask_5: 0.04761  loss_dice_5: 0.6753  loss_ce_6: 0.01165  loss_mask_6: 0.04823  loss_dice_6: 0.6413  loss_ce_7: 0.01134  loss_mask_7: 0.04337  loss_dice_7: 0.5551  loss_ce_8: 0.01089  loss_mask_8: 0.04627  loss_dice_8: 0.7434    time: 0.8060  last_time: 0.8294  data_time: 0.1650  last_data_time: 0.1650   lr: 4.1299e-05  max_mem: 12316M
[03/19 01:39:56 d2.utils.events]:  eta: 3:11:22  iter: 5499  total_loss: 6.085  loss_ce: 0.009431  loss_mask: 0.02963  loss_dice: 0.4834  loss_ce_0: 0.08559  loss_mask_0: 0.0474  loss_dice_0: 0.6883  loss_ce_1: 0.009763  loss_mask_1: 0.03433  loss_dice_1: 0.5412  loss_ce_2: 0.009265  loss_mask_2: 0.03016  loss_dice_2: 0.5263  loss_ce_3: 0.01127  loss_mask_3: 0.03451  loss_dice_3: 0.5403  loss_ce_4: 0.008678  loss_mask_4: 0.0319  loss_dice_4: 0.4868  loss_ce_5: 0.008985  loss_mask_5: 0.03878  loss_dice_5: 0.6539  loss_ce_6: 0.009688  loss_mask_6: 0.03411  loss_dice_6: 0.5562  loss_ce_7: 0.009227  loss_mask_7: 0.03213  loss_dice_7: 0.5442  loss_ce_8: 0.01181  loss_mask_8: 0.03598  loss_dice_8: 0.5421    time: 0.8060  last_time: 0.7977  data_time: 0.1296  last_data_time: 0.1296   lr: 4.1239e-05  max_mem: 12316M
[03/19 01:40:12 d2.utils.events]:  eta: 3:11:07  iter: 5519  total_loss: 11.44  loss_ce: 0.1078  loss_mask: 0.03964  loss_dice: 0.7662  loss_ce_0: 0.1067  loss_mask_0: 0.04549  loss_dice_0: 1.085  loss_ce_1: 0.1693  loss_mask_1: 0.05029  loss_dice_1: 1.009  loss_ce_2: 0.01883  loss_mask_2: 0.03919  loss_dice_2: 1.014  loss_ce_3: 0.05824  loss_mask_3: 0.04072  loss_dice_3: 0.9551  loss_ce_4: 0.02148  loss_mask_4: 0.03881  loss_dice_4: 1.106  loss_ce_5: 0.02112  loss_mask_5: 0.03878  loss_dice_5: 1.182  loss_ce_6: 0.1636  loss_mask_6: 0.033  loss_dice_6: 0.7805  loss_ce_7: 0.01731  loss_mask_7: 0.04606  loss_dice_7: 1.28  loss_ce_8: 0.08774  loss_mask_8: 0.04234  loss_dice_8: 1.07    time: 0.8060  last_time: 0.8287  data_time: 0.1553  last_data_time: 0.1553   lr: 4.1179e-05  max_mem: 12316M
[03/19 01:40:28 d2.utils.events]:  eta: 3:10:49  iter: 5539  total_loss: 5.142  loss_ce: 0.00419  loss_mask: 0.04306  loss_dice: 0.469  loss_ce_0: 0.1532  loss_mask_0: 0.04924  loss_dice_0: 0.5015  loss_ce_1: 0.01519  loss_mask_1: 0.04194  loss_dice_1: 0.4613  loss_ce_2: 0.007578  loss_mask_2: 0.04275  loss_dice_2: 0.4678  loss_ce_3: 0.006723  loss_mask_3: 0.03884  loss_dice_3: 0.4304  loss_ce_4: 0.005406  loss_mask_4: 0.04173  loss_dice_4: 0.4681  loss_ce_5: 0.003467  loss_mask_5: 0.04156  loss_dice_5: 0.4737  loss_ce_6: 0.00387  loss_mask_6: 0.03778  loss_dice_6: 0.4055  loss_ce_7: 0.003676  loss_mask_7: 0.03968  loss_dice_7: 0.4006  loss_ce_8: 0.004114  loss_mask_8: 0.03753  loss_dice_8: 0.4422    time: 0.8059  last_time: 0.8263  data_time: 0.1591  last_data_time: 0.1591   lr: 4.1119e-05  max_mem: 12316M
[03/19 01:40:43 d2.utils.events]:  eta: 3:10:33  iter: 5559  total_loss: 5.103  loss_ce: 0.01614  loss_mask: 0.04753  loss_dice: 0.4306  loss_ce_0: 0.1893  loss_mask_0: 0.07021  loss_dice_0: 0.4739  loss_ce_1: 0.02866  loss_mask_1: 0.04298  loss_dice_1: 0.4479  loss_ce_2: 0.0104  loss_mask_2: 0.04471  loss_dice_2: 0.4305  loss_ce_3: 0.01458  loss_mask_3: 0.04307  loss_dice_3: 0.4229  loss_ce_4: 0.01065  loss_mask_4: 0.04346  loss_dice_4: 0.4065  loss_ce_5: 0.01084  loss_mask_5: 0.0492  loss_dice_5: 0.4296  loss_ce_6: 0.01278  loss_mask_6: 0.04459  loss_dice_6: 0.4389  loss_ce_7: 0.0122  loss_mask_7: 0.04223  loss_dice_7: 0.438  loss_ce_8: 0.01333  loss_mask_8: 0.04463  loss_dice_8: 0.3923    time: 0.8059  last_time: 0.7291  data_time: 0.0624  last_data_time: 0.0624   lr: 4.1059e-05  max_mem: 12316M
[03/19 01:41:00 d2.utils.events]:  eta: 3:10:15  iter: 5579  total_loss: 9.868  loss_ce: 0.02889  loss_mask: 0.07015  loss_dice: 0.951  loss_ce_0: 0.2158  loss_mask_0: 0.09151  loss_dice_0: 0.9677  loss_ce_1: 0.08215  loss_mask_1: 0.05987  loss_dice_1: 0.8104  loss_ce_2: 0.08929  loss_mask_2: 0.06587  loss_dice_2: 0.884  loss_ce_3: 0.09343  loss_mask_3: 0.06033  loss_dice_3: 0.6848  loss_ce_4: 0.04522  loss_mask_4: 0.05689  loss_dice_4: 0.865  loss_ce_5: 0.01885  loss_mask_5: 0.06199  loss_dice_5: 0.9449  loss_ce_6: 0.01685  loss_mask_6: 0.05721  loss_dice_6: 0.9461  loss_ce_7: 0.07584  loss_mask_7: 0.05296  loss_dice_7: 0.7124  loss_ce_8: 0.06075  loss_mask_8: 0.05724  loss_dice_8: 0.7409    time: 0.8058  last_time: 0.8102  data_time: 0.1386  last_data_time: 0.1386   lr: 4.0999e-05  max_mem: 12316M
[03/19 01:41:16 d2.utils.events]:  eta: 3:10:01  iter: 5599  total_loss: 6.698  loss_ce: 0.03297  loss_mask: 0.02542  loss_dice: 0.5942  loss_ce_0: 0.1715  loss_mask_0: 0.04289  loss_dice_0: 0.7992  loss_ce_1: 0.02611  loss_mask_1: 0.03256  loss_dice_1: 0.541  loss_ce_2: 0.02437  loss_mask_2: 0.03227  loss_dice_2: 0.6784  loss_ce_3: 0.02013  loss_mask_3: 0.0294  loss_dice_3: 0.5348  loss_ce_4: 0.01931  loss_mask_4: 0.0289  loss_dice_4: 0.5999  loss_ce_5: 0.02287  loss_mask_5: 0.02947  loss_dice_5: 0.6686  loss_ce_6: 0.02208  loss_mask_6: 0.02478  loss_dice_6: 0.498  loss_ce_7: 0.02257  loss_mask_7: 0.0276  loss_dice_7: 0.5463  loss_ce_8: 0.03214  loss_mask_8: 0.02788  loss_dice_8: 0.543    time: 0.8059  last_time: 0.8410  data_time: 0.1582  last_data_time: 0.1582   lr: 4.0939e-05  max_mem: 12316M
[03/19 01:41:33 d2.utils.events]:  eta: 3:09:54  iter: 5619  total_loss: 6.636  loss_ce: 0.005502  loss_mask: 0.04315  loss_dice: 0.5766  loss_ce_0: 0.1716  loss_mask_0: 0.06153  loss_dice_0: 0.6176  loss_ce_1: 0.01252  loss_mask_1: 0.03892  loss_dice_1: 0.5922  loss_ce_2: 0.01189  loss_mask_2: 0.0465  loss_dice_2: 0.6021  loss_ce_3: 0.008305  loss_mask_3: 0.03831  loss_dice_3: 0.6157  loss_ce_4: 0.005044  loss_mask_4: 0.04424  loss_dice_4: 0.6053  loss_ce_5: 0.003885  loss_mask_5: 0.04556  loss_dice_5: 0.5986  loss_ce_6: 0.004645  loss_mask_6: 0.04165  loss_dice_6: 0.5332  loss_ce_7: 0.004637  loss_mask_7: 0.04101  loss_dice_7: 0.6267  loss_ce_8: 0.004964  loss_mask_8: 0.04083  loss_dice_8: 0.5931    time: 0.8059  last_time: 0.9653  data_time: 0.2796  last_data_time: 0.2796   lr: 4.0878e-05  max_mem: 12316M
[03/19 01:41:49 d2.utils.events]:  eta: 3:09:39  iter: 5639  total_loss: 6.822  loss_ce: 0.03114  loss_mask: 0.04542  loss_dice: 0.445  loss_ce_0: 0.3765  loss_mask_0: 0.08911  loss_dice_0: 0.6962  loss_ce_1: 0.1042  loss_mask_1: 0.04641  loss_dice_1: 0.5507  loss_ce_2: 0.03489  loss_mask_2: 0.04319  loss_dice_2: 0.5092  loss_ce_3: 0.03257  loss_mask_3: 0.0506  loss_dice_3: 0.6169  loss_ce_4: 0.03334  loss_mask_4: 0.04486  loss_dice_4: 0.4859  loss_ce_5: 0.02832  loss_mask_5: 0.05173  loss_dice_5: 0.6071  loss_ce_6: 0.02151  loss_mask_6: 0.05078  loss_dice_6: 0.6212  loss_ce_7: 0.02987  loss_mask_7: 0.04777  loss_dice_7: 0.503  loss_ce_8: 0.0338  loss_mask_8: 0.04576  loss_dice_8: 0.545    time: 0.8059  last_time: 0.7710  data_time: 0.0916  last_data_time: 0.0916   lr: 4.0817e-05  max_mem: 12316M
[03/19 01:42:05 d2.utils.events]:  eta: 3:09:27  iter: 5659  total_loss: 8.194  loss_ce: 0.0407  loss_mask: 0.04543  loss_dice: 0.7062  loss_ce_0: 0.2188  loss_mask_0: 0.06002  loss_dice_0: 0.8083  loss_ce_1: 0.08509  loss_mask_1: 0.04971  loss_dice_1: 0.7192  loss_ce_2: 0.03893  loss_mask_2: 0.0466  loss_dice_2: 0.6831  loss_ce_3: 0.04611  loss_mask_3: 0.04861  loss_dice_3: 0.6931  loss_ce_4: 0.04384  loss_mask_4: 0.04852  loss_dice_4: 0.714  loss_ce_5: 0.04271  loss_mask_5: 0.04473  loss_dice_5: 0.6953  loss_ce_6: 0.04032  loss_mask_6: 0.04343  loss_dice_6: 0.6283  loss_ce_7: 0.04161  loss_mask_7: 0.04747  loss_dice_7: 0.7266  loss_ce_8: 0.04291  loss_mask_8: 0.04765  loss_dice_8: 0.6963    time: 0.8059  last_time: 0.8098  data_time: 0.1243  last_data_time: 0.1243   lr: 4.0756e-05  max_mem: 12316M
[03/19 01:42:22 d2.utils.events]:  eta: 3:09:16  iter: 5679  total_loss: 10.83  loss_ce: 0.03005  loss_mask: 0.05937  loss_dice: 0.9495  loss_ce_0: 0.188  loss_mask_0: 0.05624  loss_dice_0: 1.165  loss_ce_1: 0.1304  loss_mask_1: 0.06157  loss_dice_1: 0.966  loss_ce_2: 0.1184  loss_mask_2: 0.05903  loss_dice_2: 0.8235  loss_ce_3: 0.06329  loss_mask_3: 0.05497  loss_dice_3: 0.9408  loss_ce_4: 0.01962  loss_mask_4: 0.0619  loss_dice_4: 1.025  loss_ce_5: 0.0224  loss_mask_5: 0.05751  loss_dice_5: 0.8158  loss_ce_6: 0.02873  loss_mask_6: 0.05649  loss_dice_6: 0.7967  loss_ce_7: 0.1017  loss_mask_7: 0.0647  loss_dice_7: 1.103  loss_ce_8: 0.02855  loss_mask_8: 0.05739  loss_dice_8: 0.9222    time: 0.8060  last_time: 0.9360  data_time: 0.2540  last_data_time: 0.2540   lr: 4.0695e-05  max_mem: 12316M
[03/19 01:42:38 d2.utils.events]:  eta: 3:09:00  iter: 5699  total_loss: 6.139  loss_ce: 0.01726  loss_mask: 0.04065  loss_dice: 0.5648  loss_ce_0: 0.07672  loss_mask_0: 0.03476  loss_dice_0: 0.4425  loss_ce_1: 0.01755  loss_mask_1: 0.04378  loss_dice_1: 0.67  loss_ce_2: 0.0222  loss_mask_2: 0.03828  loss_dice_2: 0.5537  loss_ce_3: 0.01976  loss_mask_3: 0.04185  loss_dice_3: 0.5216  loss_ce_4: 0.02045  loss_mask_4: 0.04277  loss_dice_4: 0.5481  loss_ce_5: 0.01993  loss_mask_5: 0.04079  loss_dice_5: 0.5836  loss_ce_6: 0.02045  loss_mask_6: 0.03834  loss_dice_6: 0.5184  loss_ce_7: 0.0195  loss_mask_7: 0.04063  loss_dice_7: 0.5964  loss_ce_8: 0.01863  loss_mask_8: 0.03659  loss_dice_8: 0.4891    time: 0.8060  last_time: 0.8722  data_time: 0.1894  last_data_time: 0.1894   lr: 4.0634e-05  max_mem: 12316M
[03/19 01:42:54 d2.utils.events]:  eta: 3:08:50  iter: 5719  total_loss: 6.674  loss_ce: 0.0269  loss_mask: 0.03962  loss_dice: 0.6544  loss_ce_0: 0.1183  loss_mask_0: 0.04215  loss_dice_0: 0.5801  loss_ce_1: 0.03139  loss_mask_1: 0.04111  loss_dice_1: 0.5398  loss_ce_2: 0.03114  loss_mask_2: 0.03786  loss_dice_2: 0.6298  loss_ce_3: 0.02248  loss_mask_3: 0.03848  loss_dice_3: 0.6137  loss_ce_4: 0.02529  loss_mask_4: 0.03622  loss_dice_4: 0.5748  loss_ce_5: 0.02468  loss_mask_5: 0.04168  loss_dice_5: 0.5739  loss_ce_6: 0.02617  loss_mask_6: 0.03934  loss_dice_6: 0.5466  loss_ce_7: 0.02725  loss_mask_7: 0.03771  loss_dice_7: 0.5938  loss_ce_8: 0.0278  loss_mask_8: 0.03964  loss_dice_8: 0.6117    time: 0.8060  last_time: 0.8078  data_time: 0.1396  last_data_time: 0.1396   lr: 4.0573e-05  max_mem: 12316M
[03/19 01:43:11 d2.utils.events]:  eta: 3:08:37  iter: 5739  total_loss: 5.563  loss_ce: 0.004492  loss_mask: 0.03115  loss_dice: 0.4769  loss_ce_0: 0.1677  loss_mask_0: 0.03511  loss_dice_0: 0.5091  loss_ce_1: 0.0135  loss_mask_1: 0.03003  loss_dice_1: 0.5015  loss_ce_2: 0.01234  loss_mask_2: 0.03063  loss_dice_2: 0.5017  loss_ce_3: 0.008028  loss_mask_3: 0.03775  loss_dice_3: 0.5299  loss_ce_4: 0.007253  loss_mask_4: 0.03594  loss_dice_4: 0.5021  loss_ce_5: 0.006391  loss_mask_5: 0.03188  loss_dice_5: 0.4816  loss_ce_6: 0.007599  loss_mask_6: 0.03421  loss_dice_6: 0.5073  loss_ce_7: 0.006697  loss_mask_7: 0.03431  loss_dice_7: 0.5229  loss_ce_8: 0.006342  loss_mask_8: 0.02822  loss_dice_8: 0.4606    time: 0.8060  last_time: 0.9676  data_time: 0.1255  last_data_time: 0.1255   lr: 4.0511e-05  max_mem: 12316M
[03/19 01:43:26 d2.utils.events]:  eta: 3:08:19  iter: 5759  total_loss: 14.9  loss_ce: 0.1132  loss_mask: 0.04456  loss_dice: 1.313  loss_ce_0: 0.1185  loss_mask_0: 0.1712  loss_dice_0: 1.439  loss_ce_1: 0.05414  loss_mask_1: 0.06609  loss_dice_1: 1.488  loss_ce_2: 0.04253  loss_mask_2: 0.0552  loss_dice_2: 1.358  loss_ce_3: 0.09155  loss_mask_3: 0.0518  loss_dice_3: 1.29  loss_ce_4: 0.04533  loss_mask_4: 0.06415  loss_dice_4: 1.388  loss_ce_5: 0.04867  loss_mask_5: 0.06088  loss_dice_5: 1.472  loss_ce_6: 0.04105  loss_mask_6: 0.05619  loss_dice_6: 1.259  loss_ce_7: 0.04737  loss_mask_7: 0.05626  loss_dice_7: 1.231  loss_ce_8: 0.04874  loss_mask_8: 0.05067  loss_dice_8: 1.337    time: 0.8059  last_time: 0.7798  data_time: 0.1160  last_data_time: 0.1160   lr: 4.045e-05  max_mem: 12316M
[03/19 01:43:43 d2.utils.events]:  eta: 3:08:06  iter: 5779  total_loss: 7.744  loss_ce: 0.03022  loss_mask: 0.04983  loss_dice: 0.7098  loss_ce_0: 0.3324  loss_mask_0: 0.05643  loss_dice_0: 0.755  loss_ce_1: 0.1751  loss_mask_1: 0.05769  loss_dice_1: 0.6122  loss_ce_2: 0.05842  loss_mask_2: 0.05067  loss_dice_2: 0.6101  loss_ce_3: 0.05903  loss_mask_3: 0.05586  loss_dice_3: 0.5906  loss_ce_4: 0.07773  loss_mask_4: 0.05097  loss_dice_4: 0.6219  loss_ce_5: 0.03215  loss_mask_5: 0.05415  loss_dice_5: 0.6252  loss_ce_6: 0.03047  loss_mask_6: 0.05591  loss_dice_6: 0.6007  loss_ce_7: 0.02791  loss_mask_7: 0.04963  loss_dice_7: 0.5415  loss_ce_8: 0.09725  loss_mask_8: 0.05346  loss_dice_8: 0.6221    time: 0.8060  last_time: 0.8376  data_time: 0.1582  last_data_time: 0.1582   lr: 4.0388e-05  max_mem: 12316M
[03/19 01:43:59 d2.utils.events]:  eta: 3:07:50  iter: 5799  total_loss: 6.88  loss_ce: 0.01527  loss_mask: 0.03145  loss_dice: 0.5945  loss_ce_0: 0.1751  loss_mask_0: 0.03956  loss_dice_0: 0.7463  loss_ce_1: 0.0182  loss_mask_1: 0.03289  loss_dice_1: 0.8709  loss_ce_2: 0.01426  loss_mask_2: 0.02744  loss_dice_2: 0.5335  loss_ce_3: 0.01459  loss_mask_3: 0.0296  loss_dice_3: 0.5164  loss_ce_4: 0.0156  loss_mask_4: 0.03061  loss_dice_4: 0.6151  loss_ce_5: 0.01565  loss_mask_5: 0.02639  loss_dice_5: 0.5138  loss_ce_6: 0.01361  loss_mask_6: 0.02929  loss_dice_6: 0.5735  loss_ce_7: 0.01311  loss_mask_7: 0.03319  loss_dice_7: 0.6352  loss_ce_8: 0.01316  loss_mask_8: 0.03474  loss_dice_8: 0.6574    time: 0.8059  last_time: 0.8383  data_time: 0.1627  last_data_time: 0.1627   lr: 4.0326e-05  max_mem: 12316M
[03/19 01:44:15 d2.utils.events]:  eta: 3:07:40  iter: 5819  total_loss: 8.855  loss_ce: 0.006379  loss_mask: 0.07513  loss_dice: 0.7615  loss_ce_0: 0.178  loss_mask_0: 0.1285  loss_dice_0: 0.9882  loss_ce_1: 0.118  loss_mask_1: 0.07456  loss_dice_1: 0.8434  loss_ce_2: 0.01565  loss_mask_2: 0.06564  loss_dice_2: 0.6843  loss_ce_3: 0.009082  loss_mask_3: 0.07171  loss_dice_3: 0.6448  loss_ce_4: 0.008656  loss_mask_4: 0.07398  loss_dice_4: 0.7901  loss_ce_5: 0.008805  loss_mask_5: 0.07278  loss_dice_5: 0.678  loss_ce_6: 0.007191  loss_mask_6: 0.06723  loss_dice_6: 0.7188  loss_ce_7: 0.008495  loss_mask_7: 0.06823  loss_dice_7: 0.7484  loss_ce_8: 0.006918  loss_mask_8: 0.07691  loss_dice_8: 0.8561    time: 0.8059  last_time: 0.8204  data_time: 0.1331  last_data_time: 0.1331   lr: 4.0264e-05  max_mem: 12316M
[03/19 01:44:31 d2.utils.events]:  eta: 3:07:28  iter: 5839  total_loss: 12.81  loss_ce: 0.04154  loss_mask: 0.04332  loss_dice: 1.158  loss_ce_0: 0.1278  loss_mask_0: 0.07469  loss_dice_0: 1.525  loss_ce_1: 0.06784  loss_mask_1: 0.04489  loss_dice_1: 1.193  loss_ce_2: 0.04985  loss_mask_2: 0.04096  loss_dice_2: 0.9446  loss_ce_3: 0.103  loss_mask_3: 0.042  loss_dice_3: 1.145  loss_ce_4: 0.09366  loss_mask_4: 0.04485  loss_dice_4: 1.133  loss_ce_5: 0.1106  loss_mask_5: 0.04594  loss_dice_5: 0.9705  loss_ce_6: 0.04539  loss_mask_6: 0.04549  loss_dice_6: 1.213  loss_ce_7: 0.04441  loss_mask_7: 0.04299  loss_dice_7: 1.227  loss_ce_8: 0.0914  loss_mask_8: 0.03775  loss_dice_8: 1.062    time: 0.8059  last_time: 0.8031  data_time: 0.1343  last_data_time: 0.1343   lr: 4.0201e-05  max_mem: 12316M
[03/19 01:44:47 d2.utils.events]:  eta: 3:07:11  iter: 5859  total_loss: 6.228  loss_ce: 0.005832  loss_mask: 0.04495  loss_dice: 0.5035  loss_ce_0: 0.1005  loss_mask_0: 0.05033  loss_dice_0: 0.5847  loss_ce_1: 0.01121  loss_mask_1: 0.05055  loss_dice_1: 0.6466  loss_ce_2: 0.009867  loss_mask_2: 0.04107  loss_dice_2: 0.5374  loss_ce_3: 0.006393  loss_mask_3: 0.04871  loss_dice_3: 0.5995  loss_ce_4: 0.005877  loss_mask_4: 0.03797  loss_dice_4: 0.5118  loss_ce_5: 0.006608  loss_mask_5: 0.04135  loss_dice_5: 0.4507  loss_ce_6: 0.005827  loss_mask_6: 0.045  loss_dice_6: 0.5626  loss_ce_7: 0.005476  loss_mask_7: 0.04275  loss_dice_7: 0.5342  loss_ce_8: 0.005711  loss_mask_8: 0.04535  loss_dice_8: 0.6859    time: 0.8059  last_time: 0.8483  data_time: 0.1858  last_data_time: 0.1858   lr: 4.0139e-05  max_mem: 12316M
[03/19 01:45:04 d2.utils.events]:  eta: 3:06:47  iter: 5879  total_loss: 10.18  loss_ce: 0.05489  loss_mask: 0.04517  loss_dice: 0.9068  loss_ce_0: 0.4466  loss_mask_0: 0.05601  loss_dice_0: 1.184  loss_ce_1: 0.1059  loss_mask_1: 0.04896  loss_dice_1: 0.8787  loss_ce_2: 0.16  loss_mask_2: 0.04533  loss_dice_2: 0.8758  loss_ce_3: 0.07134  loss_mask_3: 0.04235  loss_dice_3: 0.7722  loss_ce_4: 0.04381  loss_mask_4: 0.04317  loss_dice_4: 0.7476  loss_ce_5: 0.04362  loss_mask_5: 0.04041  loss_dice_5: 0.709  loss_ce_6: 0.05122  loss_mask_6: 0.04039  loss_dice_6: 0.8347  loss_ce_7: 0.04779  loss_mask_7: 0.04747  loss_dice_7: 0.9444  loss_ce_8: 0.05512  loss_mask_8: 0.04374  loss_dice_8: 0.7984    time: 0.8059  last_time: 0.8845  data_time: 0.2131  last_data_time: 0.2131   lr: 4.0076e-05  max_mem: 12316M
[03/19 01:45:20 d2.utils.events]:  eta: 3:06:36  iter: 5899  total_loss: 6.867  loss_ce: 0.01937  loss_mask: 0.06372  loss_dice: 0.658  loss_ce_0: 0.09141  loss_mask_0: 0.0664  loss_dice_0: 0.6471  loss_ce_1: 0.02637  loss_mask_1: 0.05728  loss_dice_1: 0.7531  loss_ce_2: 0.02224  loss_mask_2: 0.05141  loss_dice_2: 0.5462  loss_ce_3: 0.0204  loss_mask_3: 0.04916  loss_dice_3: 0.5405  loss_ce_4: 0.02418  loss_mask_4: 0.05008  loss_dice_4: 0.5385  loss_ce_5: 0.02225  loss_mask_5: 0.05369  loss_dice_5: 0.567  loss_ce_6: 0.01904  loss_mask_6: 0.05183  loss_dice_6: 0.5368  loss_ce_7: 0.02098  loss_mask_7: 0.05414  loss_dice_7: 0.5912  loss_ce_8: 0.01964  loss_mask_8: 0.0519  loss_dice_8: 0.6527    time: 0.8059  last_time: 0.8070  data_time: 0.1416  last_data_time: 0.1416   lr: 4.0014e-05  max_mem: 12316M
[03/19 01:45:36 d2.utils.events]:  eta: 3:06:18  iter: 5919  total_loss: 6.809  loss_ce: 0.01411  loss_mask: 0.05366  loss_dice: 0.5768  loss_ce_0: 0.09268  loss_mask_0: 0.07382  loss_dice_0: 0.6664  loss_ce_1: 0.01578  loss_mask_1: 0.05096  loss_dice_1: 0.5933  loss_ce_2: 0.01634  loss_mask_2: 0.05401  loss_dice_2: 0.6286  loss_ce_3: 0.01062  loss_mask_3: 0.05976  loss_dice_3: 0.5824  loss_ce_4: 0.01243  loss_mask_4: 0.04643  loss_dice_4: 0.5678  loss_ce_5: 0.01327  loss_mask_5: 0.05584  loss_dice_5: 0.6618  loss_ce_6: 0.01189  loss_mask_6: 0.05008  loss_dice_6: 0.5583  loss_ce_7: 0.01215  loss_mask_7: 0.0524  loss_dice_7: 0.6296  loss_ce_8: 0.01272  loss_mask_8: 0.04676  loss_dice_8: 0.5883    time: 0.8059  last_time: 0.8059  data_time: 0.1322  last_data_time: 0.1322   lr: 3.9951e-05  max_mem: 12316M
[03/19 01:45:52 d2.utils.events]:  eta: 3:05:59  iter: 5939  total_loss: 8.518  loss_ce: 0.01047  loss_mask: 0.04965  loss_dice: 0.9235  loss_ce_0: 0.1093  loss_mask_0: 0.06453  loss_dice_0: 0.7735  loss_ce_1: 0.0187  loss_mask_1: 0.04269  loss_dice_1: 0.8285  loss_ce_2: 0.01931  loss_mask_2: 0.04877  loss_dice_2: 0.8043  loss_ce_3: 0.008323  loss_mask_3: 0.04094  loss_dice_3: 0.6275  loss_ce_4: 0.008526  loss_mask_4: 0.04478  loss_dice_4: 0.6854  loss_ce_5: 0.008903  loss_mask_5: 0.05182  loss_dice_5: 0.8901  loss_ce_6: 0.009487  loss_mask_6: 0.04926  loss_dice_6: 0.7856  loss_ce_7: 0.01094  loss_mask_7: 0.04646  loss_dice_7: 0.7188  loss_ce_8: 0.009654  loss_mask_8: 0.04148  loss_dice_8: 0.7867    time: 0.8059  last_time: 0.8145  data_time: 0.1462  last_data_time: 0.1462   lr: 3.9888e-05  max_mem: 12316M
[03/19 01:46:09 d2.utils.events]:  eta: 3:05:53  iter: 5959  total_loss: 10.07  loss_ce: 0.02144  loss_mask: 0.04373  loss_dice: 0.8475  loss_ce_0: 0.1374  loss_mask_0: 0.04741  loss_dice_0: 0.8992  loss_ce_1: 0.08669  loss_mask_1: 0.06219  loss_dice_1: 1.032  loss_ce_2: 0.0326  loss_mask_2: 0.04089  loss_dice_2: 0.7423  loss_ce_3: 0.03129  loss_mask_3: 0.05488  loss_dice_3: 1.254  loss_ce_4: 0.02845  loss_mask_4: 0.04933  loss_dice_4: 0.8585  loss_ce_5: 0.01978  loss_mask_5: 0.04069  loss_dice_5: 0.8053  loss_ce_6: 0.02031  loss_mask_6: 0.05102  loss_dice_6: 0.9996  loss_ce_7: 0.02191  loss_mask_7: 0.04941  loss_dice_7: 0.8469  loss_ce_8: 0.02236  loss_mask_8: 0.03839  loss_dice_8: 0.8843    time: 0.8059  last_time: 0.8035  data_time: 0.1397  last_data_time: 0.1397   lr: 3.9825e-05  max_mem: 12316M
[03/19 01:46:25 d2.utils.events]:  eta: 3:05:35  iter: 5979  total_loss: 9.393  loss_ce: 0.04132  loss_mask: 0.09628  loss_dice: 0.7697  loss_ce_0: 0.2752  loss_mask_0: 0.1457  loss_dice_0: 0.8184  loss_ce_1: 0.08042  loss_mask_1: 0.1153  loss_dice_1: 0.764  loss_ce_2: 0.03343  loss_mask_2: 0.1089  loss_dice_2: 0.7171  loss_ce_3: 0.04512  loss_mask_3: 0.0884  loss_dice_3: 0.7362  loss_ce_4: 0.03661  loss_mask_4: 0.1134  loss_dice_4: 0.6891  loss_ce_5: 0.03311  loss_mask_5: 0.107  loss_dice_5: 0.8179  loss_ce_6: 0.09435  loss_mask_6: 0.1131  loss_dice_6: 0.7334  loss_ce_7: 0.09201  loss_mask_7: 0.1064  loss_dice_7: 0.6878  loss_ce_8: 0.03512  loss_mask_8: 0.1099  loss_dice_8: 0.7884    time: 0.8059  last_time: 0.7762  data_time: 0.1081  last_data_time: 0.1081   lr: 3.9761e-05  max_mem: 12316M
[03/19 01:46:42 d2.utils.events]:  eta: 3:05:22  iter: 5999  total_loss: 12.53  loss_ce: 0.04166  loss_mask: 0.06251  loss_dice: 1.046  loss_ce_0: 0.239  loss_mask_0: 0.09566  loss_dice_0: 1.193  loss_ce_1: 0.136  loss_mask_1: 0.07228  loss_dice_1: 0.9794  loss_ce_2: 0.06822  loss_mask_2: 0.0922  loss_dice_2: 1.114  loss_ce_3: 0.1287  loss_mask_3: 0.06374  loss_dice_3: 1.1  loss_ce_4: 0.05551  loss_mask_4: 0.07121  loss_dice_4: 1.154  loss_ce_5: 0.1724  loss_mask_5: 0.06963  loss_dice_5: 0.9361  loss_ce_6: 0.1605  loss_mask_6: 0.06906  loss_dice_6: 1.062  loss_ce_7: 0.1369  loss_mask_7: 0.06703  loss_dice_7: 1.002  loss_ce_8: 0.04553  loss_mask_8: 0.06375  loss_dice_8: 1.037    time: 0.8060  last_time: 0.8414  data_time: 0.1604  last_data_time: 0.1604   lr: 3.9698e-05  max_mem: 12316M
[03/19 01:46:58 d2.utils.events]:  eta: 3:05:09  iter: 6019  total_loss: 7.692  loss_ce: 0.09694  loss_mask: 0.0433  loss_dice: 0.5544  loss_ce_0: 0.3824  loss_mask_0: 0.05831  loss_dice_0: 0.7626  loss_ce_1: 0.07419  loss_mask_1: 0.04772  loss_dice_1: 0.6229  loss_ce_2: 0.04067  loss_mask_2: 0.0442  loss_dice_2: 0.6065  loss_ce_3: 0.07765  loss_mask_3: 0.04253  loss_dice_3: 0.5027  loss_ce_4: 0.01229  loss_mask_4: 0.04904  loss_dice_4: 0.6264  loss_ce_5: 0.01177  loss_mask_5: 0.05259  loss_dice_5: 0.731  loss_ce_6: 0.009788  loss_mask_6: 0.04742  loss_dice_6: 0.7679  loss_ce_7: 0.00929  loss_mask_7: 0.05515  loss_dice_7: 0.6996  loss_ce_8: 0.007786  loss_mask_8: 0.04479  loss_dice_8: 0.6098    time: 0.8059  last_time: 0.8350  data_time: 0.1602  last_data_time: 0.1602   lr: 3.9634e-05  max_mem: 12316M
[03/19 01:47:14 d2.utils.events]:  eta: 3:04:49  iter: 6039  total_loss: 6.56  loss_ce: 0.01966  loss_mask: 0.0431  loss_dice: 0.5684  loss_ce_0: 0.2756  loss_mask_0: 0.04604  loss_dice_0: 0.5779  loss_ce_1: 0.03868  loss_mask_1: 0.05374  loss_dice_1: 0.6766  loss_ce_2: 0.03335  loss_mask_2: 0.04211  loss_dice_2: 0.5374  loss_ce_3: 0.02224  loss_mask_3: 0.04002  loss_dice_3: 0.5802  loss_ce_4: 0.02528  loss_mask_4: 0.04219  loss_dice_4: 0.6002  loss_ce_5: 0.0252  loss_mask_5: 0.04193  loss_dice_5: 0.6013  loss_ce_6: 0.02332  loss_mask_6: 0.03607  loss_dice_6: 0.4843  loss_ce_7: 0.02229  loss_mask_7: 0.0374  loss_dice_7: 0.4882  loss_ce_8: 0.0228  loss_mask_8: 0.03888  loss_dice_8: 0.5152    time: 0.8060  last_time: 0.8061  data_time: 0.1373  last_data_time: 0.1373   lr: 3.957e-05  max_mem: 12316M
[03/19 01:47:31 d2.utils.events]:  eta: 3:04:37  iter: 6059  total_loss: 4.833  loss_ce: 0.009801  loss_mask: 0.0402  loss_dice: 0.3991  loss_ce_0: 0.2113  loss_mask_0: 0.04514  loss_dice_0: 0.403  loss_ce_1: 0.02441  loss_mask_1: 0.04046  loss_dice_1: 0.3982  loss_ce_2: 0.01355  loss_mask_2: 0.03466  loss_dice_2: 0.3854  loss_ce_3: 0.01519  loss_mask_3: 0.04226  loss_dice_3: 0.443  loss_ce_4: 0.01365  loss_mask_4: 0.03957  loss_dice_4: 0.4322  loss_ce_5: 0.01157  loss_mask_5: 0.03983  loss_dice_5: 0.4391  loss_ce_6: 0.01038  loss_mask_6: 0.03762  loss_dice_6: 0.4291  loss_ce_7: 0.009643  loss_mask_7: 0.03727  loss_dice_7: 0.4068  loss_ce_8: 0.009582  loss_mask_8: 0.03549  loss_dice_8: 0.3754    time: 0.8060  last_time: 0.9716  data_time: 0.1535  last_data_time: 0.1535   lr: 3.9507e-05  max_mem: 12316M
[03/19 01:47:47 d2.utils.events]:  eta: 3:04:22  iter: 6079  total_loss: 3.991  loss_ce: 0.002871  loss_mask: 0.07165  loss_dice: 0.3437  loss_ce_0: 0.08248  loss_mask_0: 0.07292  loss_dice_0: 0.2613  loss_ce_1: 0.002775  loss_mask_1: 0.07199  loss_dice_1: 0.2945  loss_ce_2: 0.002943  loss_mask_2: 0.07577  loss_dice_2: 0.2949  loss_ce_3: 0.002853  loss_mask_3: 0.06966  loss_dice_3: 0.3232  loss_ce_4: 0.002379  loss_mask_4: 0.07206  loss_dice_4: 0.3175  loss_ce_5: 0.002375  loss_mask_5: 0.07147  loss_dice_5: 0.3205  loss_ce_6: 0.002444  loss_mask_6: 0.06947  loss_dice_6: 0.3308  loss_ce_7: 0.002437  loss_mask_7: 0.07743  loss_dice_7: 0.3245  loss_ce_8: 0.002618  loss_mask_8: 0.07317  loss_dice_8: 0.3486    time: 0.8060  last_time: 0.8302  data_time: 0.1704  last_data_time: 0.1704   lr: 3.9443e-05  max_mem: 12316M
[03/19 01:48:03 d2.utils.events]:  eta: 3:04:09  iter: 6099  total_loss: 5.572  loss_ce: 0.007866  loss_mask: 0.02949  loss_dice: 0.5491  loss_ce_0: 0.2731  loss_mask_0: 0.04013  loss_dice_0: 0.4987  loss_ce_1: 0.02587  loss_mask_1: 0.03403  loss_dice_1: 0.4786  loss_ce_2: 0.01943  loss_mask_2: 0.02924  loss_dice_2: 0.4822  loss_ce_3: 0.01209  loss_mask_3: 0.03358  loss_dice_3: 0.5484  loss_ce_4: 0.007624  loss_mask_4: 0.0303  loss_dice_4: 0.4249  loss_ce_5: 0.006001  loss_mask_5: 0.02816  loss_dice_5: 0.4539  loss_ce_6: 0.007165  loss_mask_6: 0.03289  loss_dice_6: 0.4891  loss_ce_7: 0.006233  loss_mask_7: 0.02652  loss_dice_7: 0.4504  loss_ce_8: 0.005981  loss_mask_8: 0.03377  loss_dice_8: 0.5077    time: 0.8060  last_time: 0.8125  data_time: 0.1242  last_data_time: 0.1242   lr: 3.9378e-05  max_mem: 12316M
[03/19 01:48:20 d2.utils.events]:  eta: 3:03:54  iter: 6119  total_loss: 6.957  loss_ce: 0.0164  loss_mask: 0.03903  loss_dice: 0.5896  loss_ce_0: 0.166  loss_mask_0: 0.05455  loss_dice_0: 0.6334  loss_ce_1: 0.01004  loss_mask_1: 0.05093  loss_dice_1: 0.5738  loss_ce_2: 0.01993  loss_mask_2: 0.05245  loss_dice_2: 0.6068  loss_ce_3: 0.02383  loss_mask_3: 0.0428  loss_dice_3: 0.6077  loss_ce_4: 0.01803  loss_mask_4: 0.0472  loss_dice_4: 0.6547  loss_ce_5: 0.01356  loss_mask_5: 0.04224  loss_dice_5: 0.5847  loss_ce_6: 0.01426  loss_mask_6: 0.05021  loss_dice_6: 0.6346  loss_ce_7: 0.01582  loss_mask_7: 0.04337  loss_dice_7: 0.6342  loss_ce_8: 0.0158  loss_mask_8: 0.04806  loss_dice_8: 0.6531    time: 0.8060  last_time: 0.7588  data_time: 0.0864  last_data_time: 0.0864   lr: 3.9314e-05  max_mem: 12316M
[03/19 01:48:36 d2.utils.events]:  eta: 3:03:42  iter: 6139  total_loss: 5.043  loss_ce: 0.02141  loss_mask: 0.03738  loss_dice: 0.4358  loss_ce_0: 0.2245  loss_mask_0: 0.04163  loss_dice_0: 0.5075  loss_ce_1: 0.04916  loss_mask_1: 0.04129  loss_dice_1: 0.356  loss_ce_2: 0.04953  loss_mask_2: 0.03913  loss_dice_2: 0.4105  loss_ce_3: 0.04241  loss_mask_3: 0.04001  loss_dice_3: 0.374  loss_ce_4: 0.02638  loss_mask_4: 0.03794  loss_dice_4: 0.4027  loss_ce_5: 0.01926  loss_mask_5: 0.0391  loss_dice_5: 0.4683  loss_ce_6: 0.01981  loss_mask_6: 0.03734  loss_dice_6: 0.3908  loss_ce_7: 0.02037  loss_mask_7: 0.03799  loss_dice_7: 0.3794  loss_ce_8: 0.02072  loss_mask_8: 0.03695  loss_dice_8: 0.4362    time: 0.8060  last_time: 0.7681  data_time: 0.1008  last_data_time: 0.1008   lr: 3.925e-05  max_mem: 12316M
[03/19 01:48:52 d2.utils.events]:  eta: 3:03:26  iter: 6159  total_loss: 6.701  loss_ce: 0.03543  loss_mask: 0.04185  loss_dice: 0.4745  loss_ce_0: 0.2791  loss_mask_0: 0.05814  loss_dice_0: 0.7249  loss_ce_1: 0.05982  loss_mask_1: 0.04899  loss_dice_1: 0.5826  loss_ce_2: 0.05016  loss_mask_2: 0.04725  loss_dice_2: 0.5088  loss_ce_3: 0.1062  loss_mask_3: 0.04894  loss_dice_3: 0.4996  loss_ce_4: 0.09922  loss_mask_4: 0.04267  loss_dice_4: 0.4733  loss_ce_5: 0.04318  loss_mask_5: 0.04716  loss_dice_5: 0.5486  loss_ce_6: 0.03697  loss_mask_6: 0.0472  loss_dice_6: 0.5478  loss_ce_7: 0.03866  loss_mask_7: 0.04875  loss_dice_7: 0.5349  loss_ce_8: 0.03929  loss_mask_8: 0.05172  loss_dice_8: 0.5355    time: 0.8060  last_time: 0.8115  data_time: 0.1425  last_data_time: 0.1425   lr: 3.9185e-05  max_mem: 12316M
[03/19 01:49:09 d2.utils.events]:  eta: 3:03:12  iter: 6179  total_loss: 4.528  loss_ce: 0.005026  loss_mask: 0.02987  loss_dice: 0.4384  loss_ce_0: 0.08122  loss_mask_0: 0.04619  loss_dice_0: 0.5615  loss_ce_1: 0.005529  loss_mask_1: 0.03521  loss_dice_1: 0.4687  loss_ce_2: 0.004542  loss_mask_2: 0.03293  loss_dice_2: 0.3807  loss_ce_3: 0.006382  loss_mask_3: 0.02837  loss_dice_3: 0.3282  loss_ce_4: 0.006211  loss_mask_4: 0.02858  loss_dice_4: 0.3446  loss_ce_5: 0.006274  loss_mask_5: 0.02613  loss_dice_5: 0.3682  loss_ce_6: 0.006087  loss_mask_6: 0.02612  loss_dice_6: 0.3824  loss_ce_7: 0.005701  loss_mask_7: 0.03055  loss_dice_7: 0.4374  loss_ce_8: 0.004874  loss_mask_8: 0.02585  loss_dice_8: 0.3764    time: 0.8061  last_time: 0.7748  data_time: 0.1080  last_data_time: 0.1080   lr: 3.912e-05  max_mem: 12316M
[03/19 01:49:26 d2.utils.events]:  eta: 3:02:56  iter: 6199  total_loss: 10.27  loss_ce: 0.02201  loss_mask: 0.08096  loss_dice: 0.9856  loss_ce_0: 0.1914  loss_mask_0: 0.07692  loss_dice_0: 1.055  loss_ce_1: 0.02877  loss_mask_1: 0.07799  loss_dice_1: 0.8079  loss_ce_2: 0.1177  loss_mask_2: 0.04245  loss_dice_2: 0.7284  loss_ce_3: 0.02271  loss_mask_3: 0.06101  loss_dice_3: 0.9053  loss_ce_4: 0.01958  loss_mask_4: 0.06265  loss_dice_4: 0.9043  loss_ce_5: 0.01958  loss_mask_5: 0.06613  loss_dice_5: 0.8902  loss_ce_6: 0.01814  loss_mask_6: 0.07767  loss_dice_6: 0.9716  loss_ce_7: 0.01954  loss_mask_7: 0.07785  loss_dice_7: 0.9267  loss_ce_8: 0.08718  loss_mask_8: 0.05295  loss_dice_8: 0.8745    time: 0.8061  last_time: 0.8062  data_time: 0.1393  last_data_time: 0.1393   lr: 3.9055e-05  max_mem: 12316M
[03/19 01:49:41 d2.utils.events]:  eta: 3:02:38  iter: 6219  total_loss: 10.4  loss_ce: 0.1348  loss_mask: 0.04916  loss_dice: 0.739  loss_ce_0: 0.3093  loss_mask_0: 0.06381  loss_dice_0: 0.9679  loss_ce_1: 0.2979  loss_mask_1: 0.06337  loss_dice_1: 0.8316  loss_ce_2: 0.09889  loss_mask_2: 0.05598  loss_dice_2: 0.8797  loss_ce_3: 0.1231  loss_mask_3: 0.05579  loss_dice_3: 0.7667  loss_ce_4: 0.1257  loss_mask_4: 0.05744  loss_dice_4: 0.8428  loss_ce_5: 0.1232  loss_mask_5: 0.05002  loss_dice_5: 0.8088  loss_ce_6: 0.1329  loss_mask_6: 0.05219  loss_dice_6: 0.82  loss_ce_7: 0.1267  loss_mask_7: 0.05398  loss_dice_7: 0.8389  loss_ce_8: 0.129  loss_mask_8: 0.05272  loss_dice_8: 0.7442    time: 0.8061  last_time: 0.9011  data_time: 0.2273  last_data_time: 0.2273   lr: 3.899e-05  max_mem: 12316M
[03/19 01:49:57 d2.utils.events]:  eta: 3:02:19  iter: 6239  total_loss: 7.134  loss_ce: 0.005225  loss_mask: 0.03706  loss_dice: 0.5925  loss_ce_0: 0.08095  loss_mask_0: 0.03948  loss_dice_0: 0.6708  loss_ce_1: 0.006015  loss_mask_1: 0.03992  loss_dice_1: 0.6796  loss_ce_2: 0.007246  loss_mask_2: 0.03876  loss_dice_2: 0.636  loss_ce_3: 0.005611  loss_mask_3: 0.03739  loss_dice_3: 0.6107  loss_ce_4: 0.0047  loss_mask_4: 0.0473  loss_dice_4: 0.7553  loss_ce_5: 0.005515  loss_mask_5: 0.02841  loss_dice_5: 0.5957  loss_ce_6: 0.005737  loss_mask_6: 0.03276  loss_dice_6: 0.6564  loss_ce_7: 0.005716  loss_mask_7: 0.03772  loss_dice_7: 0.7121  loss_ce_8: 0.004998  loss_mask_8: 0.03575  loss_dice_8: 0.719    time: 0.8060  last_time: 0.8260  data_time: 0.1524  last_data_time: 0.1524   lr: 3.8925e-05  max_mem: 12316M
[03/19 01:50:14 d2.utils.events]:  eta: 3:02:03  iter: 6259  total_loss: 8.515  loss_ce: 0.0769  loss_mask: 0.04333  loss_dice: 1.018  loss_ce_0: 0.3053  loss_mask_0: 0.06094  loss_dice_0: 0.8063  loss_ce_1: 0.07816  loss_mask_1: 0.03614  loss_dice_1: 0.6914  loss_ce_2: 0.055  loss_mask_2: 0.03841  loss_dice_2: 0.6691  loss_ce_3: 0.04223  loss_mask_3: 0.04161  loss_dice_3: 0.7074  loss_ce_4: 0.02767  loss_mask_4: 0.03304  loss_dice_4: 0.6617  loss_ce_5: 0.02712  loss_mask_5: 0.0422  loss_dice_5: 0.7235  loss_ce_6: 0.02267  loss_mask_6: 0.03839  loss_dice_6: 0.8107  loss_ce_7: 0.02186  loss_mask_7: 0.03307  loss_dice_7: 0.6825  loss_ce_8: 0.02208  loss_mask_8: 0.037  loss_dice_8: 0.6606    time: 0.8061  last_time: 0.7868  data_time: 0.1173  last_data_time: 0.1173   lr: 3.886e-05  max_mem: 12316M
[03/19 01:50:30 d2.utils.events]:  eta: 3:01:52  iter: 6279  total_loss: 4.356  loss_ce: 0.008502  loss_mask: 0.04319  loss_dice: 0.361  loss_ce_0: 0.08373  loss_mask_0: 0.0541  loss_dice_0: 0.3835  loss_ce_1: 0.0157  loss_mask_1: 0.03726  loss_dice_1: 0.3952  loss_ce_2: 0.01029  loss_mask_2: 0.042  loss_dice_2: 0.3848  loss_ce_3: 0.00914  loss_mask_3: 0.04715  loss_dice_3: 0.4108  loss_ce_4: 0.0106  loss_mask_4: 0.04998  loss_dice_4: 0.4052  loss_ce_5: 0.009693  loss_mask_5: 0.04468  loss_dice_5: 0.3799  loss_ce_6: 0.00863  loss_mask_6: 0.03754  loss_dice_6: 0.3037  loss_ce_7: 0.007921  loss_mask_7: 0.04364  loss_dice_7: 0.3622  loss_ce_8: 0.007895  loss_mask_8: 0.04495  loss_dice_8: 0.3528    time: 0.8061  last_time: 0.7977  data_time: 0.1332  last_data_time: 0.1332   lr: 3.8794e-05  max_mem: 12316M
[03/19 01:50:46 d2.utils.events]:  eta: 3:01:31  iter: 6299  total_loss: 5.715  loss_ce: 0.009177  loss_mask: 0.02027  loss_dice: 0.6267  loss_ce_0: 0.1236  loss_mask_0: 0.01724  loss_dice_0: 0.5793  loss_ce_1: 0.009229  loss_mask_1: 0.01949  loss_dice_1: 0.5524  loss_ce_2: 0.009269  loss_mask_2: 0.0268  loss_dice_2: 0.492  loss_ce_3: 0.007831  loss_mask_3: 0.01764  loss_dice_3: 0.4163  loss_ce_4: 0.0092  loss_mask_4: 0.0275  loss_dice_4: 0.5772  loss_ce_5: 0.0096  loss_mask_5: 0.02381  loss_dice_5: 0.5762  loss_ce_6: 0.009404  loss_mask_6: 0.02178  loss_dice_6: 0.4825  loss_ce_7: 0.01182  loss_mask_7: 0.0189  loss_dice_7: 0.3616  loss_ce_8: 0.009838  loss_mask_8: 0.02329  loss_dice_8: 0.6254    time: 0.8061  last_time: 0.8039  data_time: 0.1327  last_data_time: 0.1327   lr: 3.8729e-05  max_mem: 12316M
[03/19 01:51:02 d2.utils.events]:  eta: 3:01:17  iter: 6319  total_loss: 7.349  loss_ce: 0.07923  loss_mask: 0.03901  loss_dice: 0.6081  loss_ce_0: 0.3393  loss_mask_0: 0.04677  loss_dice_0: 0.6908  loss_ce_1: 0.1295  loss_mask_1: 0.04248  loss_dice_1: 0.6432  loss_ce_2: 0.09635  loss_mask_2: 0.03824  loss_dice_2: 0.5891  loss_ce_3: 0.04252  loss_mask_3: 0.03771  loss_dice_3: 0.592  loss_ce_4: 0.03615  loss_mask_4: 0.03965  loss_dice_4: 0.5602  loss_ce_5: 0.04716  loss_mask_5: 0.04236  loss_dice_5: 0.658  loss_ce_6: 0.04505  loss_mask_6: 0.04236  loss_dice_6: 0.6117  loss_ce_7: 0.04219  loss_mask_7: 0.03859  loss_dice_7: 0.5338  loss_ce_8: 0.04324  loss_mask_8: 0.03823  loss_dice_8: 0.5557    time: 0.8060  last_time: 0.8102  data_time: 0.1294  last_data_time: 0.1294   lr: 3.8663e-05  max_mem: 12316M
[03/19 01:51:19 d2.utils.events]:  eta: 3:01:04  iter: 6339  total_loss: 9.095  loss_ce: 0.01461  loss_mask: 0.06558  loss_dice: 0.861  loss_ce_0: 0.1501  loss_mask_0: 0.06836  loss_dice_0: 0.6146  loss_ce_1: 0.01381  loss_mask_1: 0.07347  loss_dice_1: 0.8187  loss_ce_2: 0.02452  loss_mask_2: 0.07583  loss_dice_2: 0.7282  loss_ce_3: 0.02042  loss_mask_3: 0.07959  loss_dice_3: 0.8222  loss_ce_4: 0.01516  loss_mask_4: 0.07868  loss_dice_4: 0.9248  loss_ce_5: 0.01993  loss_mask_5: 0.06311  loss_dice_5: 0.7323  loss_ce_6: 0.01571  loss_mask_6: 0.06456  loss_dice_6: 0.9427  loss_ce_7: 0.01523  loss_mask_7: 0.06388  loss_dice_7: 0.8261  loss_ce_8: 0.01652  loss_mask_8: 0.06181  loss_dice_8: 0.8236    time: 0.8060  last_time: 0.7408  data_time: 0.0747  last_data_time: 0.0747   lr: 3.8597e-05  max_mem: 12316M
[03/19 01:51:35 d2.utils.events]:  eta: 3:00:43  iter: 6359  total_loss: 9.957  loss_ce: 0.01411  loss_mask: 0.0498  loss_dice: 0.8362  loss_ce_0: 0.08219  loss_mask_0: 0.04364  loss_dice_0: 0.8688  loss_ce_1: 0.06175  loss_mask_1: 0.0479  loss_dice_1: 0.8776  loss_ce_2: 0.01942  loss_mask_2: 0.04534  loss_dice_2: 0.706  loss_ce_3: 0.01659  loss_mask_3: 0.05075  loss_dice_3: 0.996  loss_ce_4: 0.0155  loss_mask_4: 0.05382  loss_dice_4: 0.9755  loss_ce_5: 0.05067  loss_mask_5: 0.04872  loss_dice_5: 0.8208  loss_ce_6: 0.07436  loss_mask_6: 0.05189  loss_dice_6: 1.059  loss_ce_7: 0.01554  loss_mask_7: 0.04496  loss_dice_7: 1.077  loss_ce_8: 0.01534  loss_mask_8: 0.04966  loss_dice_8: 0.8893    time: 0.8060  last_time: 0.7501  data_time: 0.0764  last_data_time: 0.0764   lr: 3.8531e-05  max_mem: 12316M
[03/19 01:51:51 d2.utils.events]:  eta: 3:00:31  iter: 6379  total_loss: 7.311  loss_ce: 0.02694  loss_mask: 0.03253  loss_dice: 0.5551  loss_ce_0: 0.4516  loss_mask_0: 0.05965  loss_dice_0: 0.7679  loss_ce_1: 0.08834  loss_mask_1: 0.0367  loss_dice_1: 0.6315  loss_ce_2: 0.03284  loss_mask_2: 0.03384  loss_dice_2: 0.5797  loss_ce_3: 0.02694  loss_mask_3: 0.0344  loss_dice_3: 0.5832  loss_ce_4: 0.01818  loss_mask_4: 0.03813  loss_dice_4: 0.6421  loss_ce_5: 0.02129  loss_mask_5: 0.03807  loss_dice_5: 0.6924  loss_ce_6: 0.02012  loss_mask_6: 0.03497  loss_dice_6: 0.5977  loss_ce_7: 0.02236  loss_mask_7: 0.03502  loss_dice_7: 0.5462  loss_ce_8: 0.02846  loss_mask_8: 0.03646  loss_dice_8: 0.5988    time: 0.8061  last_time: 0.9048  data_time: 0.2369  last_data_time: 0.2369   lr: 3.8465e-05  max_mem: 12316M
[03/19 01:52:08 d2.utils.events]:  eta: 3:00:14  iter: 6399  total_loss: 9.065  loss_ce: 0.02301  loss_mask: 0.04361  loss_dice: 0.7259  loss_ce_0: 0.2318  loss_mask_0: 0.06708  loss_dice_0: 1.298  loss_ce_1: 0.01792  loss_mask_1: 0.03907  loss_dice_1: 0.8729  loss_ce_2: 0.02136  loss_mask_2: 0.0469  loss_dice_2: 0.8209  loss_ce_3: 0.02672  loss_mask_3: 0.04517  loss_dice_3: 0.7523  loss_ce_4: 0.02491  loss_mask_4: 0.04733  loss_dice_4: 0.6997  loss_ce_5: 0.02372  loss_mask_5: 0.04979  loss_dice_5: 0.7764  loss_ce_6: 0.02137  loss_mask_6: 0.04441  loss_dice_6: 0.7246  loss_ce_7: 0.02419  loss_mask_7: 0.04444  loss_dice_7: 0.7854  loss_ce_8: 0.02634  loss_mask_8: 0.04504  loss_dice_8: 0.6948    time: 0.8061  last_time: 0.8175  data_time: 0.1493  last_data_time: 0.1493   lr: 3.8399e-05  max_mem: 12316M
[03/19 01:52:24 d2.utils.events]:  eta: 2:59:54  iter: 6419  total_loss: 5.816  loss_ce: 0.008646  loss_mask: 0.03838  loss_dice: 0.5071  loss_ce_0: 0.07961  loss_mask_0: 0.04506  loss_dice_0: 0.5965  loss_ce_1: 0.01099  loss_mask_1: 0.03787  loss_dice_1: 0.5102  loss_ce_2: 0.009429  loss_mask_2: 0.03514  loss_dice_2: 0.4781  loss_ce_3: 0.008537  loss_mask_3: 0.04093  loss_dice_3: 0.5315  loss_ce_4: 0.007928  loss_mask_4: 0.04185  loss_dice_4: 0.5578  loss_ce_5: 0.006783  loss_mask_5: 0.03927  loss_dice_5: 0.4734  loss_ce_6: 0.007167  loss_mask_6: 0.03913  loss_dice_6: 0.5047  loss_ce_7: 0.007324  loss_mask_7: 0.03575  loss_dice_7: 0.5663  loss_ce_8: 0.008744  loss_mask_8: 0.03907  loss_dice_8: 0.543    time: 0.8061  last_time: 0.8232  data_time: 0.1489  last_data_time: 0.1489   lr: 3.8333e-05  max_mem: 12316M
[03/19 01:52:40 d2.utils.events]:  eta: 2:59:34  iter: 6439  total_loss: 5.947  loss_ce: 0.01179  loss_mask: 0.03658  loss_dice: 0.5069  loss_ce_0: 0.3741  loss_mask_0: 0.05102  loss_dice_0: 0.6102  loss_ce_1: 0.03029  loss_mask_1: 0.03559  loss_dice_1: 0.4954  loss_ce_2: 0.01954  loss_mask_2: 0.03624  loss_dice_2: 0.5012  loss_ce_3: 0.01793  loss_mask_3: 0.03825  loss_dice_3: 0.4686  loss_ce_4: 0.01722  loss_mask_4: 0.03249  loss_dice_4: 0.497  loss_ce_5: 0.01497  loss_mask_5: 0.03697  loss_dice_5: 0.4637  loss_ce_6: 0.01201  loss_mask_6: 0.03442  loss_dice_6: 0.4904  loss_ce_7: 0.01198  loss_mask_7: 0.03651  loss_dice_7: 0.4969  loss_ce_8: 0.01248  loss_mask_8: 0.04007  loss_dice_8: 0.516    time: 0.8060  last_time: 0.8277  data_time: 0.1534  last_data_time: 0.1534   lr: 3.8266e-05  max_mem: 12316M
[03/19 01:52:56 d2.utils.events]:  eta: 2:59:21  iter: 6459  total_loss: 9.806  loss_ce: 0.06913  loss_mask: 0.03999  loss_dice: 0.8341  loss_ce_0: 0.2109  loss_mask_0: 0.04527  loss_dice_0: 0.8385  loss_ce_1: 0.08356  loss_mask_1: 0.04942  loss_dice_1: 0.8198  loss_ce_2: 0.02767  loss_mask_2: 0.05172  loss_dice_2: 1.103  loss_ce_3: 0.01802  loss_mask_3: 0.04164  loss_dice_3: 0.8208  loss_ce_4: 0.01231  loss_mask_4: 0.04682  loss_dice_4: 1.01  loss_ce_5: 0.01389  loss_mask_5: 0.05218  loss_dice_5: 1.05  loss_ce_6: 0.01353  loss_mask_6: 0.05156  loss_dice_6: 0.9157  loss_ce_7: 0.06379  loss_mask_7: 0.04451  loss_dice_7: 0.713  loss_ce_8: 0.05066  loss_mask_8: 0.03789  loss_dice_8: 0.677    time: 0.8061  last_time: 0.8152  data_time: 0.1437  last_data_time: 0.1437   lr: 3.8199e-05  max_mem: 12316M
[03/19 01:53:13 d2.utils.events]:  eta: 2:59:06  iter: 6479  total_loss: 6.494  loss_ce: 0.0129  loss_mask: 0.04405  loss_dice: 0.563  loss_ce_0: 0.1561  loss_mask_0: 0.04022  loss_dice_0: 0.708  loss_ce_1: 0.01557  loss_mask_1: 0.0442  loss_dice_1: 0.5671  loss_ce_2: 0.01616  loss_mask_2: 0.04176  loss_dice_2: 0.4809  loss_ce_3: 0.01425  loss_mask_3: 0.04161  loss_dice_3: 0.4718  loss_ce_4: 0.01109  loss_mask_4: 0.0379  loss_dice_4: 0.4969  loss_ce_5: 0.01166  loss_mask_5: 0.04016  loss_dice_5: 0.5683  loss_ce_6: 0.01149  loss_mask_6: 0.04061  loss_dice_6: 0.6344  loss_ce_7: 0.01169  loss_mask_7: 0.04165  loss_dice_7: 0.7802  loss_ce_8: 0.01127  loss_mask_8: 0.03217  loss_dice_8: 0.5471    time: 0.8061  last_time: 0.7706  data_time: 0.1003  last_data_time: 0.1003   lr: 3.8133e-05  max_mem: 12316M
[03/19 01:53:30 d2.utils.events]:  eta: 2:58:52  iter: 6499  total_loss: 7.309  loss_ce: 0.01886  loss_mask: 0.08234  loss_dice: 0.5583  loss_ce_0: 0.2534  loss_mask_0: 0.2611  loss_dice_0: 0.8259  loss_ce_1: 0.02721  loss_mask_1: 0.0792  loss_dice_1: 0.6918  loss_ce_2: 0.02272  loss_mask_2: 0.06648  loss_dice_2: 0.5943  loss_ce_3: 0.02122  loss_mask_3: 0.06871  loss_dice_3: 0.5202  loss_ce_4: 0.0193  loss_mask_4: 0.07389  loss_dice_4: 0.5961  loss_ce_5: 0.01996  loss_mask_5: 0.08253  loss_dice_5: 0.612  loss_ce_6: 0.01936  loss_mask_6: 0.06766  loss_dice_6: 0.4971  loss_ce_7: 0.01826  loss_mask_7: 0.07127  loss_dice_7: 0.5448  loss_ce_8: 0.01924  loss_mask_8: 0.06916  loss_dice_8: 0.5067    time: 0.8062  last_time: 0.7852  data_time: 0.1194  last_data_time: 0.1194   lr: 3.8066e-05  max_mem: 12316M
[03/19 01:53:46 d2.utils.events]:  eta: 2:58:36  iter: 6519  total_loss: 7.165  loss_ce: 0.01076  loss_mask: 0.02564  loss_dice: 0.6746  loss_ce_0: 0.1484  loss_mask_0: 0.03563  loss_dice_0: 0.7697  loss_ce_1: 0.05137  loss_mask_1: 0.0316  loss_dice_1: 0.634  loss_ce_2: 0.01517  loss_mask_2: 0.0235  loss_dice_2: 0.5047  loss_ce_3: 0.01149  loss_mask_3: 0.0298  loss_dice_3: 0.6872  loss_ce_4: 0.01433  loss_mask_4: 0.0317  loss_dice_4: 0.7038  loss_ce_5: 0.01429  loss_mask_5: 0.02727  loss_dice_5: 0.5708  loss_ce_6: 0.009984  loss_mask_6: 0.0317  loss_dice_6: 0.6365  loss_ce_7: 0.008132  loss_mask_7: 0.03197  loss_dice_7: 0.683  loss_ce_8: 0.007406  loss_mask_8: 0.02536  loss_dice_8: 0.7152    time: 0.8062  last_time: 0.7970  data_time: 0.1316  last_data_time: 0.1316   lr: 3.7999e-05  max_mem: 12316M
[03/19 01:54:02 d2.utils.events]:  eta: 2:58:21  iter: 6539  total_loss: 7.434  loss_ce: 0.0124  loss_mask: 0.04294  loss_dice: 0.6273  loss_ce_0: 0.09132  loss_mask_0: 0.05171  loss_dice_0: 0.7877  loss_ce_1: 0.01431  loss_mask_1: 0.0524  loss_dice_1: 0.6408  loss_ce_2: 0.01859  loss_mask_2: 0.04843  loss_dice_2: 0.6198  loss_ce_3: 0.0232  loss_mask_3: 0.04511  loss_dice_3: 0.6364  loss_ce_4: 0.01848  loss_mask_4: 0.04432  loss_dice_4: 0.6228  loss_ce_5: 0.01458  loss_mask_5: 0.04943  loss_dice_5: 0.7599  loss_ce_6: 0.01203  loss_mask_6: 0.04987  loss_dice_6: 0.6385  loss_ce_7: 0.01203  loss_mask_7: 0.04385  loss_dice_7: 0.6467  loss_ce_8: 0.01124  loss_mask_8: 0.05619  loss_dice_8: 0.742    time: 0.8061  last_time: 1.0252  data_time: 0.3546  last_data_time: 0.3546   lr: 3.7932e-05  max_mem: 12316M
[03/19 01:54:19 d2.utils.events]:  eta: 2:58:07  iter: 6559  total_loss: 10.5  loss_ce: 0.06159  loss_mask: 0.08163  loss_dice: 0.9538  loss_ce_0: 0.2459  loss_mask_0: 0.05311  loss_dice_0: 1.024  loss_ce_1: 0.05847  loss_mask_1: 0.06949  loss_dice_1: 0.6994  loss_ce_2: 0.04926  loss_mask_2: 0.05573  loss_dice_2: 0.8213  loss_ce_3: 0.06221  loss_mask_3: 0.08274  loss_dice_3: 1.254  loss_ce_4: 0.105  loss_mask_4: 0.06969  loss_dice_4: 0.7803  loss_ce_5: 0.0972  loss_mask_5: 0.07872  loss_dice_5: 0.8795  loss_ce_6: 0.07525  loss_mask_6: 0.0848  loss_dice_6: 0.8477  loss_ce_7: 0.062  loss_mask_7: 0.08357  loss_dice_7: 0.847  loss_ce_8: 0.05971  loss_mask_8: 0.07988  loss_dice_8: 0.7782    time: 0.8062  last_time: 0.9330  data_time: 0.2682  last_data_time: 0.2682   lr: 3.7864e-05  max_mem: 12316M
[03/19 01:54:35 d2.utils.events]:  eta: 2:57:57  iter: 6579  total_loss: 8.475  loss_ce: 0.02546  loss_mask: 0.04843  loss_dice: 0.7859  loss_ce_0: 0.1977  loss_mask_0: 0.04819  loss_dice_0: 0.8184  loss_ce_1: 0.08117  loss_mask_1: 0.04202  loss_dice_1: 0.5949  loss_ce_2: 0.04066  loss_mask_2: 0.05067  loss_dice_2: 0.7251  loss_ce_3: 0.03171  loss_mask_3: 0.04679  loss_dice_3: 0.7576  loss_ce_4: 0.02828  loss_mask_4: 0.04717  loss_dice_4: 0.8287  loss_ce_5: 0.0238  loss_mask_5: 0.04664  loss_dice_5: 0.7651  loss_ce_6: 0.02346  loss_mask_6: 0.04381  loss_dice_6: 0.6292  loss_ce_7: 0.01945  loss_mask_7: 0.04479  loss_dice_7: 0.7766  loss_ce_8: 0.02298  loss_mask_8: 0.05046  loss_dice_8: 0.8301    time: 0.8062  last_time: 0.8817  data_time: 0.2128  last_data_time: 0.2128   lr: 3.7797e-05  max_mem: 12316M
[03/19 01:54:51 d2.utils.events]:  eta: 2:57:35  iter: 6599  total_loss: 10.26  loss_ce: 0.08268  loss_mask: 0.0422  loss_dice: 0.8551  loss_ce_0: 0.2168  loss_mask_0: 0.04405  loss_dice_0: 0.8099  loss_ce_1: 0.0183  loss_mask_1: 0.122  loss_dice_1: 0.9935  loss_ce_2: 0.01427  loss_mask_2: 0.1011  loss_dice_2: 1.03  loss_ce_3: 0.013  loss_mask_3: 0.09003  loss_dice_3: 0.8231  loss_ce_4: 0.02175  loss_mask_4: 0.1068  loss_dice_4: 0.9725  loss_ce_5: 0.03294  loss_mask_5: 0.1003  loss_dice_5: 0.7597  loss_ce_6: 0.07681  loss_mask_6: 0.05545  loss_dice_6: 0.8848  loss_ce_7: 0.07066  loss_mask_7: 0.06185  loss_dice_7: 0.8724  loss_ce_8: 0.06735  loss_mask_8: 0.07233  loss_dice_8: 0.8486    time: 0.8061  last_time: 0.8432  data_time: 0.1733  last_data_time: 0.1733   lr: 3.7729e-05  max_mem: 12316M
[03/19 01:55:07 d2.utils.events]:  eta: 2:57:16  iter: 6619  total_loss: 7.058  loss_ce: 0.03165  loss_mask: 0.05746  loss_dice: 0.4937  loss_ce_0: 0.4882  loss_mask_0: 0.09161  loss_dice_0: 0.5777  loss_ce_1: 0.04343  loss_mask_1: 0.05446  loss_dice_1: 0.5539  loss_ce_2: 0.03108  loss_mask_2: 0.05293  loss_dice_2: 0.5083  loss_ce_3: 0.02958  loss_mask_3: 0.04659  loss_dice_3: 0.4431  loss_ce_4: 0.03324  loss_mask_4: 0.05759  loss_dice_4: 0.5347  loss_ce_5: 0.03044  loss_mask_5: 0.06355  loss_dice_5: 0.6005  loss_ce_6: 0.02795  loss_mask_6: 0.06084  loss_dice_6: 0.4886  loss_ce_7: 0.02057  loss_mask_7: 0.1314  loss_dice_7: 0.7448  loss_ce_8: 0.03132  loss_mask_8: 0.07036  loss_dice_8: 0.6589    time: 0.8061  last_time: 0.7916  data_time: 0.1217  last_data_time: 0.1217   lr: 3.7662e-05  max_mem: 12316M
[03/19 01:55:23 d2.utils.events]:  eta: 2:57:01  iter: 6639  total_loss: 6.409  loss_ce: 0.02312  loss_mask: 0.03863  loss_dice: 0.564  loss_ce_0: 0.0885  loss_mask_0: 0.04414  loss_dice_0: 0.6263  loss_ce_1: 0.02594  loss_mask_1: 0.03223  loss_dice_1: 0.4793  loss_ce_2: 0.02791  loss_mask_2: 0.04397  loss_dice_2: 0.6141  loss_ce_3: 0.02843  loss_mask_3: 0.04905  loss_dice_3: 0.5851  loss_ce_4: 0.02765  loss_mask_4: 0.03736  loss_dice_4: 0.5388  loss_ce_5: 0.0291  loss_mask_5: 0.04069  loss_dice_5: 0.5531  loss_ce_6: 0.02621  loss_mask_6: 0.04055  loss_dice_6: 0.5519  loss_ce_7: 0.02581  loss_mask_7: 0.0375  loss_dice_7: 0.5765  loss_ce_8: 0.02606  loss_mask_8: 0.03795  loss_dice_8: 0.5891    time: 0.8061  last_time: 0.7803  data_time: 0.1219  last_data_time: 0.1219   lr: 3.7594e-05  max_mem: 12316M
[03/19 01:55:39 d2.utils.events]:  eta: 2:56:44  iter: 6659  total_loss: 5.434  loss_ce: 0.01029  loss_mask: 0.0253  loss_dice: 0.4336  loss_ce_0: 0.1426  loss_mask_0: 0.03542  loss_dice_0: 0.5772  loss_ce_1: 0.01174  loss_mask_1: 0.03068  loss_dice_1: 0.4386  loss_ce_2: 0.01438  loss_mask_2: 0.02874  loss_dice_2: 0.5349  loss_ce_3: 0.01275  loss_mask_3: 0.02638  loss_dice_3: 0.4966  loss_ce_4: 0.01238  loss_mask_4: 0.02507  loss_dice_4: 0.4013  loss_ce_5: 0.01196  loss_mask_5: 0.03398  loss_dice_5: 0.6864  loss_ce_6: 0.01165  loss_mask_6: 0.02402  loss_dice_6: 0.3577  loss_ce_7: 0.0123  loss_mask_7: 0.0274  loss_dice_7: 0.5331  loss_ce_8: 0.01135  loss_mask_8: 0.0251  loss_dice_8: 0.4411    time: 0.8061  last_time: 0.7498  data_time: 0.0921  last_data_time: 0.0921   lr: 3.7526e-05  max_mem: 12316M
[03/19 01:55:56 d2.utils.events]:  eta: 2:56:29  iter: 6679  total_loss: 6.834  loss_ce: 0.007568  loss_mask: 0.03146  loss_dice: 0.6395  loss_ce_0: 0.1945  loss_mask_0: 0.04529  loss_dice_0: 0.8515  loss_ce_1: 0.01402  loss_mask_1: 0.03993  loss_dice_1: 0.5906  loss_ce_2: 0.009896  loss_mask_2: 0.03225  loss_dice_2: 0.5701  loss_ce_3: 0.01124  loss_mask_3: 0.03606  loss_dice_3: 0.6299  loss_ce_4: 0.006883  loss_mask_4: 0.03079  loss_dice_4: 0.5984  loss_ce_5: 0.008032  loss_mask_5: 0.03057  loss_dice_5: 0.5744  loss_ce_6: 0.008365  loss_mask_6: 0.02986  loss_dice_6: 0.5827  loss_ce_7: 0.00777  loss_mask_7: 0.02925  loss_dice_7: 0.583  loss_ce_8: 0.007056  loss_mask_8: 0.03239  loss_dice_8: 0.6003    time: 0.8062  last_time: 0.7994  data_time: 0.1289  last_data_time: 0.1289   lr: 3.7458e-05  max_mem: 12316M
[03/19 01:56:12 d2.utils.events]:  eta: 2:56:13  iter: 6699  total_loss: 9.957  loss_ce: 0.01931  loss_mask: 0.03134  loss_dice: 0.7563  loss_ce_0: 0.2767  loss_mask_0: 0.05318  loss_dice_0: 1.164  loss_ce_1: 0.1011  loss_mask_1: 0.0317  loss_dice_1: 0.7824  loss_ce_2: 0.04021  loss_mask_2: 0.03262  loss_dice_2: 0.8722  loss_ce_3: 0.0379  loss_mask_3: 0.03774  loss_dice_3: 0.8242  loss_ce_4: 0.07368  loss_mask_4: 0.03588  loss_dice_4: 0.8467  loss_ce_5: 0.07887  loss_mask_5: 0.03885  loss_dice_5: 0.8063  loss_ce_6: 0.09467  loss_mask_6: 0.03843  loss_dice_6: 0.8346  loss_ce_7: 0.01664  loss_mask_7: 0.03637  loss_dice_7: 0.8263  loss_ce_8: 0.03427  loss_mask_8: 0.03709  loss_dice_8: 1.097    time: 0.8062  last_time: 0.8830  data_time: 0.2056  last_data_time: 0.2056   lr: 3.739e-05  max_mem: 12316M
[03/19 01:56:28 d2.utils.events]:  eta: 2:55:57  iter: 6719  total_loss: 10.51  loss_ce: 0.01458  loss_mask: 0.1423  loss_dice: 0.8803  loss_ce_0: 0.3643  loss_mask_0: 0.1646  loss_dice_0: 1.147  loss_ce_1: 0.03425  loss_mask_1: 0.142  loss_dice_1: 0.8482  loss_ce_2: 0.04108  loss_mask_2: 0.1252  loss_dice_2: 0.7215  loss_ce_3: 0.07452  loss_mask_3: 0.1059  loss_dice_3: 0.7265  loss_ce_4: 0.06226  loss_mask_4: 0.1098  loss_dice_4: 0.7694  loss_ce_5: 0.01293  loss_mask_5: 0.1581  loss_dice_5: 0.8582  loss_ce_6: 0.01584  loss_mask_6: 0.1474  loss_dice_6: 0.8448  loss_ce_7: 0.01654  loss_mask_7: 0.1498  loss_dice_7: 0.8575  loss_ce_8: 0.03758  loss_mask_8: 0.1309  loss_dice_8: 0.8111    time: 0.8062  last_time: 0.9120  data_time: 0.2296  last_data_time: 0.2296   lr: 3.7322e-05  max_mem: 12316M
[03/19 01:56:45 d2.utils.events]:  eta: 2:55:41  iter: 6739  total_loss: 8.299  loss_ce: 0.02311  loss_mask: 0.0607  loss_dice: 0.6349  loss_ce_0: 0.1923  loss_mask_0: 0.0974  loss_dice_0: 1.068  loss_ce_1: 0.05062  loss_mask_1: 0.06117  loss_dice_1: 0.6616  loss_ce_2: 0.02774  loss_mask_2: 0.06466  loss_dice_2: 0.6996  loss_ce_3: 0.02764  loss_mask_3: 0.07868  loss_dice_3: 0.6999  loss_ce_4: 0.02663  loss_mask_4: 0.07439  loss_dice_4: 0.7086  loss_ce_5: 0.0254  loss_mask_5: 0.05931  loss_dice_5: 0.6465  loss_ce_6: 0.02725  loss_mask_6: 0.07129  loss_dice_6: 0.7181  loss_ce_7: 0.02657  loss_mask_7: 0.07261  loss_dice_7: 0.6128  loss_ce_8: 0.02469  loss_mask_8: 0.06165  loss_dice_8: 0.6945    time: 0.8063  last_time: 0.8350  data_time: 0.1562  last_data_time: 0.1562   lr: 3.7253e-05  max_mem: 12316M
[03/19 01:57:01 d2.utils.events]:  eta: 2:55:26  iter: 6759  total_loss: 11.53  loss_ce: 0.1481  loss_mask: 0.08062  loss_dice: 0.8958  loss_ce_0: 0.2866  loss_mask_0: 0.09059  loss_dice_0: 1.058  loss_ce_1: 0.1184  loss_mask_1: 0.09566  loss_dice_1: 0.9288  loss_ce_2: 0.1264  loss_mask_2: 0.08219  loss_dice_2: 0.9127  loss_ce_3: 0.1501  loss_mask_3: 0.08229  loss_dice_3: 0.8374  loss_ce_4: 0.1444  loss_mask_4: 0.08613  loss_dice_4: 0.845  loss_ce_5: 0.1559  loss_mask_5: 0.07528  loss_dice_5: 0.8754  loss_ce_6: 0.1509  loss_mask_6: 0.07193  loss_dice_6: 0.9419  loss_ce_7: 0.2073  loss_mask_7: 0.07534  loss_dice_7: 0.849  loss_ce_8: 0.1472  loss_mask_8: 0.07721  loss_dice_8: 0.9295    time: 0.8062  last_time: 0.9215  data_time: 0.1312  last_data_time: 0.1312   lr: 3.7185e-05  max_mem: 12316M
[03/19 01:57:18 d2.utils.events]:  eta: 2:55:10  iter: 6779  total_loss: 7.865  loss_ce: 0.08942  loss_mask: 0.04558  loss_dice: 0.614  loss_ce_0: 0.1887  loss_mask_0: 0.06572  loss_dice_0: 0.841  loss_ce_1: 0.08492  loss_mask_1: 0.04586  loss_dice_1: 0.5968  loss_ce_2: 0.1007  loss_mask_2: 0.04919  loss_dice_2: 0.53  loss_ce_3: 0.1001  loss_mask_3: 0.04874  loss_dice_3: 0.6012  loss_ce_4: 0.106  loss_mask_4: 0.04975  loss_dice_4: 0.5409  loss_ce_5: 0.1044  loss_mask_5: 0.04881  loss_dice_5: 0.5872  loss_ce_6: 0.08815  loss_mask_6: 0.05293  loss_dice_6: 0.6242  loss_ce_7: 0.09051  loss_mask_7: 0.05333  loss_dice_7: 0.6715  loss_ce_8: 0.09642  loss_mask_8: 0.05718  loss_dice_8: 0.6917    time: 0.8063  last_time: 0.8296  data_time: 0.1423  last_data_time: 0.1423   lr: 3.7116e-05  max_mem: 12316M
[03/19 01:57:34 d2.utils.events]:  eta: 2:54:54  iter: 6799  total_loss: 9.228  loss_ce: 0.1168  loss_mask: 0.04822  loss_dice: 0.651  loss_ce_0: 0.3599  loss_mask_0: 0.1035  loss_dice_0: 0.9432  loss_ce_1: 0.1049  loss_mask_1: 0.05478  loss_dice_1: 0.7752  loss_ce_2: 0.1519  loss_mask_2: 0.0494  loss_dice_2: 0.6914  loss_ce_3: 0.1486  loss_mask_3: 0.04732  loss_dice_3: 0.633  loss_ce_4: 0.132  loss_mask_4: 0.04894  loss_dice_4: 0.6841  loss_ce_5: 0.1211  loss_mask_5: 0.05052  loss_dice_5: 0.697  loss_ce_6: 0.1143  loss_mask_6: 0.05385  loss_dice_6: 0.7862  loss_ce_7: 0.1242  loss_mask_7: 0.05392  loss_dice_7: 0.7271  loss_ce_8: 0.1185  loss_mask_8: 0.04672  loss_dice_8: 0.5908    time: 0.8062  last_time: 0.8195  data_time: 0.1506  last_data_time: 0.1506   lr: 3.7047e-05  max_mem: 12316M
[03/19 01:57:50 d2.utils.events]:  eta: 2:54:37  iter: 6819  total_loss: 8.711  loss_ce: 0.008153  loss_mask: 0.04502  loss_dice: 0.8876  loss_ce_0: 0.1277  loss_mask_0: 0.04557  loss_dice_0: 0.835  loss_ce_1: 0.01141  loss_mask_1: 0.03531  loss_dice_1: 0.5854  loss_ce_2: 0.009932  loss_mask_2: 0.04853  loss_dice_2: 0.7659  loss_ce_3: 0.007844  loss_mask_3: 0.05274  loss_dice_3: 0.8109  loss_ce_4: 0.009666  loss_mask_4: 0.04685  loss_dice_4: 0.8872  loss_ce_5: 0.009832  loss_mask_5: 0.04167  loss_dice_5: 0.7095  loss_ce_6: 0.008947  loss_mask_6: 0.05256  loss_dice_6: 0.9014  loss_ce_7: 0.007063  loss_mask_7: 0.05167  loss_dice_7: 0.8952  loss_ce_8: 0.00626  loss_mask_8: 0.04633  loss_dice_8: 0.7596    time: 0.8062  last_time: 0.7389  data_time: 0.0740  last_data_time: 0.0740   lr: 3.6978e-05  max_mem: 12316M
[03/19 01:58:06 d2.utils.events]:  eta: 2:54:22  iter: 6839  total_loss: 7.024  loss_ce: 0.0729  loss_mask: 0.02986  loss_dice: 0.4311  loss_ce_0: 0.0908  loss_mask_0: 0.04598  loss_dice_0: 0.8589  loss_ce_1: 0.05964  loss_mask_1: 0.02781  loss_dice_1: 0.4326  loss_ce_2: 0.03064  loss_mask_2: 0.02639  loss_dice_2: 0.507  loss_ce_3: 0.02611  loss_mask_3: 0.03466  loss_dice_3: 0.6518  loss_ce_4: 0.03141  loss_mask_4: 0.03282  loss_dice_4: 0.4819  loss_ce_5: 0.07124  loss_mask_5: 0.02775  loss_dice_5: 0.9224  loss_ce_6: 0.07016  loss_mask_6: 0.02864  loss_dice_6: 0.9099  loss_ce_7: 0.03536  loss_mask_7: 0.03041  loss_dice_7: 0.5107  loss_ce_8: 0.03459  loss_mask_8: 0.03082  loss_dice_8: 0.4802    time: 0.8062  last_time: 0.8137  data_time: 0.1499  last_data_time: 0.1499   lr: 3.6909e-05  max_mem: 12316M
[03/19 01:58:22 d2.utils.events]:  eta: 2:54:05  iter: 6859  total_loss: 9.395  loss_ce: 0.009065  loss_mask: 0.04091  loss_dice: 0.8203  loss_ce_0: 0.1354  loss_mask_0: 0.04754  loss_dice_0: 1.037  loss_ce_1: 0.007024  loss_mask_1: 0.04853  loss_dice_1: 0.8972  loss_ce_2: 0.01173  loss_mask_2: 0.05001  loss_dice_2: 0.8022  loss_ce_3: 0.06757  loss_mask_3: 0.04128  loss_dice_3: 0.699  loss_ce_4: 0.008987  loss_mask_4: 0.04749  loss_dice_4: 0.7877  loss_ce_5: 0.00833  loss_mask_5: 0.04537  loss_dice_5: 0.7858  loss_ce_6: 0.01092  loss_mask_6: 0.04806  loss_dice_6: 0.9111  loss_ce_7: 0.009935  loss_mask_7: 0.03995  loss_dice_7: 0.8786  loss_ce_8: 0.008444  loss_mask_8: 0.0437  loss_dice_8: 1.046    time: 0.8062  last_time: 0.8502  data_time: 0.1714  last_data_time: 0.1714   lr: 3.684e-05  max_mem: 12316M
[03/19 01:58:38 d2.utils.events]:  eta: 2:53:51  iter: 6879  total_loss: 7.215  loss_ce: 0.09702  loss_mask: 0.05463  loss_dice: 0.5111  loss_ce_0: 0.1098  loss_mask_0: 0.09796  loss_dice_0: 0.6885  loss_ce_1: 0.02068  loss_mask_1: 0.0559  loss_dice_1: 0.5587  loss_ce_2: 0.121  loss_mask_2: 0.05819  loss_dice_2: 0.5307  loss_ce_3: 0.101  loss_mask_3: 0.0589  loss_dice_3: 0.5663  loss_ce_4: 0.1053  loss_mask_4: 0.06386  loss_dice_4: 0.5945  loss_ce_5: 0.09525  loss_mask_5: 0.06126  loss_dice_5: 0.5633  loss_ce_6: 0.0973  loss_mask_6: 0.05543  loss_dice_6: 0.5317  loss_ce_7: 0.09002  loss_mask_7: 0.06086  loss_dice_7: 0.5789  loss_ce_8: 0.07203  loss_mask_8: 0.05642  loss_dice_8: 0.5581    time: 0.8062  last_time: 0.7526  data_time: 0.0719  last_data_time: 0.0719   lr: 3.6771e-05  max_mem: 12316M
[03/19 01:58:54 d2.utils.events]:  eta: 2:53:33  iter: 6899  total_loss: 9.22  loss_ce: 0.04598  loss_mask: 0.0449  loss_dice: 0.8224  loss_ce_0: 0.5169  loss_mask_0: 0.1058  loss_dice_0: 0.6914  loss_ce_1: 0.1061  loss_mask_1: 0.07068  loss_dice_1: 0.8952  loss_ce_2: 0.05491  loss_mask_2: 0.06796  loss_dice_2: 0.7589  loss_ce_3: 0.04382  loss_mask_3: 0.07496  loss_dice_3: 0.8163  loss_ce_4: 0.03673  loss_mask_4: 0.05762  loss_dice_4: 0.7373  loss_ce_5: 0.04379  loss_mask_5: 0.06224  loss_dice_5: 0.7417  loss_ce_6: 0.03964  loss_mask_6: 0.07002  loss_dice_6: 0.7222  loss_ce_7: 0.0493  loss_mask_7: 0.06544  loss_dice_7: 0.8099  loss_ce_8: 0.04492  loss_mask_8: 0.04376  loss_dice_8: 0.5795    time: 0.8061  last_time: 0.8196  data_time: 0.1500  last_data_time: 0.1500   lr: 3.6702e-05  max_mem: 12316M
[03/19 01:59:11 d2.utils.events]:  eta: 2:53:18  iter: 6919  total_loss: 8.948  loss_ce: 0.02197  loss_mask: 0.06112  loss_dice: 0.8198  loss_ce_0: 0.2376  loss_mask_0: 0.07536  loss_dice_0: 0.9449  loss_ce_1: 0.06423  loss_mask_1: 0.07703  loss_dice_1: 0.8315  loss_ce_2: 0.03123  loss_mask_2: 0.05898  loss_dice_2: 0.7999  loss_ce_3: 0.02641  loss_mask_3: 0.05865  loss_dice_3: 0.6954  loss_ce_4: 0.02711  loss_mask_4: 0.06417  loss_dice_4: 0.7426  loss_ce_5: 0.02881  loss_mask_5: 0.05884  loss_dice_5: 0.7115  loss_ce_6: 0.03115  loss_mask_6: 0.0607  loss_dice_6: 0.7515  loss_ce_7: 0.02351  loss_mask_7: 0.05896  loss_dice_7: 0.7168  loss_ce_8: 0.01992  loss_mask_8: 0.06257  loss_dice_8: 0.7853    time: 0.8062  last_time: 0.8683  data_time: 0.1893  last_data_time: 0.1893   lr: 3.6632e-05  max_mem: 12316M
[03/19 01:59:27 d2.utils.events]:  eta: 2:53:03  iter: 6939  total_loss: 7.266  loss_ce: 0.01989  loss_mask: 0.03874  loss_dice: 0.6138  loss_ce_0: 0.1231  loss_mask_0: 0.06567  loss_dice_0: 0.8907  loss_ce_1: 0.03001  loss_mask_1: 0.04731  loss_dice_1: 0.6663  loss_ce_2: 0.03099  loss_mask_2: 0.03874  loss_dice_2: 0.6446  loss_ce_3: 0.02427  loss_mask_3: 0.04468  loss_dice_3: 0.6014  loss_ce_4: 0.02451  loss_mask_4: 0.04218  loss_dice_4: 0.6162  loss_ce_5: 0.02296  loss_mask_5: 0.04363  loss_dice_5: 0.6048  loss_ce_6: 0.02015  loss_mask_6: 0.03882  loss_dice_6: 0.6115  loss_ce_7: 0.0191  loss_mask_7: 0.04313  loss_dice_7: 0.6169  loss_ce_8: 0.01818  loss_mask_8: 0.03897  loss_dice_8: 0.6243    time: 0.8062  last_time: 0.7851  data_time: 0.1096  last_data_time: 0.1096   lr: 3.6563e-05  max_mem: 12316M
[03/19 01:59:44 d2.utils.events]:  eta: 2:52:46  iter: 6959  total_loss: 11.6  loss_ce: 0.08164  loss_mask: 0.04986  loss_dice: 1.123  loss_ce_0: 0.2129  loss_mask_0: 0.05927  loss_dice_0: 1.056  loss_ce_1: 0.1292  loss_mask_1: 0.04491  loss_dice_1: 1.03  loss_ce_2: 0.11  loss_mask_2: 0.048  loss_dice_2: 0.8538  loss_ce_3: 0.06297  loss_mask_3: 0.04559  loss_dice_3: 1.044  loss_ce_4: 0.07721  loss_mask_4: 0.04257  loss_dice_4: 0.9027  loss_ce_5: 0.1309  loss_mask_5: 0.05134  loss_dice_5: 1.043  loss_ce_6: 0.07315  loss_mask_6: 0.04482  loss_dice_6: 1.008  loss_ce_7: 0.1163  loss_mask_7: 0.04596  loss_dice_7: 0.8288  loss_ce_8: 0.09036  loss_mask_8: 0.04965  loss_dice_8: 1.146    time: 0.8062  last_time: 0.8363  data_time: 0.1568  last_data_time: 0.1568   lr: 3.6493e-05  max_mem: 12316M
[03/19 02:00:00 d2.utils.events]:  eta: 2:52:28  iter: 6979  total_loss: 6.685  loss_ce: 0.01048  loss_mask: 0.03927  loss_dice: 0.5556  loss_ce_0: 0.08913  loss_mask_0: 0.05139  loss_dice_0: 0.5592  loss_ce_1: 0.01436  loss_mask_1: 0.04788  loss_dice_1: 0.5555  loss_ce_2: 0.01629  loss_mask_2: 0.04806  loss_dice_2: 0.5552  loss_ce_3: 0.01265  loss_mask_3: 0.04713  loss_dice_3: 0.4898  loss_ce_4: 0.01157  loss_mask_4: 0.05035  loss_dice_4: 0.7298  loss_ce_5: 0.01233  loss_mask_5: 0.04331  loss_dice_5: 0.4865  loss_ce_6: 0.01092  loss_mask_6: 0.05298  loss_dice_6: 0.6276  loss_ce_7: 0.01104  loss_mask_7: 0.04725  loss_dice_7: 0.7404  loss_ce_8: 0.009979  loss_mask_8: 0.05415  loss_dice_8: 0.7052    time: 0.8062  last_time: 0.8687  data_time: 0.1816  last_data_time: 0.1816   lr: 3.6423e-05  max_mem: 12316M
[03/19 02:00:16 d2.utils.events]:  eta: 2:52:06  iter: 6999  total_loss: 6.418  loss_ce: 0.004007  loss_mask: 0.04035  loss_dice: 0.5371  loss_ce_0: 0.259  loss_mask_0: 0.05178  loss_dice_0: 0.6971  loss_ce_1: 0.0284  loss_mask_1: 0.04089  loss_dice_1: 0.6183  loss_ce_2: 0.01867  loss_mask_2: 0.03819  loss_dice_2: 0.493  loss_ce_3: 0.007015  loss_mask_3: 0.03723  loss_dice_3: 0.5132  loss_ce_4: 0.004561  loss_mask_4: 0.03231  loss_dice_4: 0.5389  loss_ce_5: 0.00534  loss_mask_5: 0.03661  loss_dice_5: 0.6252  loss_ce_6: 0.003878  loss_mask_6: 0.03409  loss_dice_6: 0.5275  loss_ce_7: 0.003898  loss_mask_7: 0.03682  loss_dice_7: 0.5965  loss_ce_8: 0.003988  loss_mask_8: 0.03778  loss_dice_8: 0.5462    time: 0.8062  last_time: 0.8032  data_time: 0.1329  last_data_time: 0.1329   lr: 3.6353e-05  max_mem: 12316M
[03/19 02:00:32 d2.utils.events]:  eta: 2:51:50  iter: 7019  total_loss: 7.966  loss_ce: 0.009647  loss_mask: 0.02736  loss_dice: 0.6506  loss_ce_0: 0.1768  loss_mask_0: 0.03669  loss_dice_0: 0.7246  loss_ce_1: 0.07638  loss_mask_1: 0.03096  loss_dice_1: 0.8075  loss_ce_2: 0.08483  loss_mask_2: 0.03276  loss_dice_2: 0.9836  loss_ce_3: 0.02099  loss_mask_3: 0.02816  loss_dice_3: 0.6501  loss_ce_4: 0.01575  loss_mask_4: 0.03385  loss_dice_4: 0.7677  loss_ce_5: 0.01009  loss_mask_5: 0.03093  loss_dice_5: 0.6546  loss_ce_6: 0.008787  loss_mask_6: 0.02953  loss_dice_6: 0.642  loss_ce_7: 0.008747  loss_mask_7: 0.02933  loss_dice_7: 0.69  loss_ce_8: 0.008717  loss_mask_8: 0.0355  loss_dice_8: 0.6595    time: 0.8062  last_time: 1.1514  data_time: 0.4906  last_data_time: 0.4906   lr: 3.6283e-05  max_mem: 12316M
[03/19 02:00:49 d2.utils.events]:  eta: 2:51:31  iter: 7039  total_loss: 5.903  loss_ce: 0.085  loss_mask: 0.03252  loss_dice: 0.4937  loss_ce_0: 0.1257  loss_mask_0: 0.02911  loss_dice_0: 0.4715  loss_ce_1: 0.03143  loss_mask_1: 0.03292  loss_dice_1: 0.4885  loss_ce_2: 0.01621  loss_mask_2: 0.03204  loss_dice_2: 0.4861  loss_ce_3: 0.01441  loss_mask_3: 0.02957  loss_dice_3: 0.4493  loss_ce_4: 0.1092  loss_mask_4: 0.06078  loss_dice_4: 0.6699  loss_ce_5: 0.01999  loss_mask_5: 0.03003  loss_dice_5: 0.4825  loss_ce_6: 0.02591  loss_mask_6: 0.03322  loss_dice_6: 0.5345  loss_ce_7: 0.09211  loss_mask_7: 0.03314  loss_dice_7: 0.4107  loss_ce_8: 0.02823  loss_mask_8: 0.03699  loss_dice_8: 0.5175    time: 0.8062  last_time: 0.7958  data_time: 0.1243  last_data_time: 0.1243   lr: 3.6213e-05  max_mem: 12316M
[03/19 02:01:05 d2.utils.events]:  eta: 2:51:15  iter: 7059  total_loss: 7.612  loss_ce: 0.01731  loss_mask: 0.04156  loss_dice: 0.6843  loss_ce_0: 0.1992  loss_mask_0: 0.03396  loss_dice_0: 0.7241  loss_ce_1: 0.09619  loss_mask_1: 0.0372  loss_dice_1: 0.6798  loss_ce_2: 0.01773  loss_mask_2: 0.04273  loss_dice_2: 0.6605  loss_ce_3: 0.01659  loss_mask_3: 0.04101  loss_dice_3: 0.6245  loss_ce_4: 0.01316  loss_mask_4: 0.04026  loss_dice_4: 0.5956  loss_ce_5: 0.01383  loss_mask_5: 0.04404  loss_dice_5: 0.7163  loss_ce_6: 0.01371  loss_mask_6: 0.04112  loss_dice_6: 0.7122  loss_ce_7: 0.01506  loss_mask_7: 0.04487  loss_dice_7: 0.73  loss_ce_8: 0.01566  loss_mask_8: 0.03712  loss_dice_8: 0.6626    time: 0.8062  last_time: 0.8055  data_time: 0.1272  last_data_time: 0.1272   lr: 3.6143e-05  max_mem: 12316M
[03/19 02:01:21 d2.utils.events]:  eta: 2:51:00  iter: 7079  total_loss: 5.47  loss_ce: 0.01312  loss_mask: 0.04283  loss_dice: 0.5012  loss_ce_0: 0.09928  loss_mask_0: 0.06766  loss_dice_0: 0.609  loss_ce_1: 0.009923  loss_mask_1: 0.04124  loss_dice_1: 0.4397  loss_ce_2: 0.01076  loss_mask_2: 0.04683  loss_dice_2: 0.4749  loss_ce_3: 0.0161  loss_mask_3: 0.03847  loss_dice_3: 0.4235  loss_ce_4: 0.01748  loss_mask_4: 0.04237  loss_dice_4: 0.4965  loss_ce_5: 0.0137  loss_mask_5: 0.04445  loss_dice_5: 0.4591  loss_ce_6: 0.01418  loss_mask_6: 0.03668  loss_dice_6: 0.4208  loss_ce_7: 0.01367  loss_mask_7: 0.04417  loss_dice_7: 0.469  loss_ce_8: 0.01333  loss_mask_8: 0.045  loss_dice_8: 0.5046    time: 0.8062  last_time: 0.7294  data_time: 0.0671  last_data_time: 0.0671   lr: 3.6072e-05  max_mem: 12316M
[03/19 02:01:37 d2.utils.events]:  eta: 2:50:44  iter: 7099  total_loss: 11.75  loss_ce: 0.1397  loss_mask: 0.03925  loss_dice: 0.9972  loss_ce_0: 0.1816  loss_mask_0: 0.04076  loss_dice_0: 0.9491  loss_ce_1: 0.159  loss_mask_1: 0.05358  loss_dice_1: 1.047  loss_ce_2: 0.1065  loss_mask_2: 0.03386  loss_dice_2: 0.9384  loss_ce_3: 0.1076  loss_mask_3: 0.04588  loss_dice_3: 0.9934  loss_ce_4: 0.02835  loss_mask_4: 0.04018  loss_dice_4: 1.422  loss_ce_5: 0.1349  loss_mask_5: 0.03324  loss_dice_5: 0.8888  loss_ce_6: 0.1377  loss_mask_6: 0.03542  loss_dice_6: 1.031  loss_ce_7: 0.09558  loss_mask_7: 0.03705  loss_dice_7: 0.923  loss_ce_8: 0.1005  loss_mask_8: 0.03909  loss_dice_8: 0.9652    time: 0.8061  last_time: 0.7686  data_time: 0.0912  last_data_time: 0.0912   lr: 3.6002e-05  max_mem: 12316M
[03/19 02:01:54 d2.utils.events]:  eta: 2:50:28  iter: 7119  total_loss: 9.816  loss_ce: 0.01699  loss_mask: 0.07305  loss_dice: 0.8601  loss_ce_0: 0.2647  loss_mask_0: 0.07311  loss_dice_0: 0.828  loss_ce_1: 0.09452  loss_mask_1: 0.06386  loss_dice_1: 0.742  loss_ce_2: 0.1794  loss_mask_2: 0.05894  loss_dice_2: 0.7134  loss_ce_3: 0.02628  loss_mask_3: 0.07536  loss_dice_3: 0.8779  loss_ce_4: 0.01891  loss_mask_4: 0.08182  loss_dice_4: 0.9214  loss_ce_5: 0.02006  loss_mask_5: 0.07566  loss_dice_5: 0.8844  loss_ce_6: 0.03079  loss_mask_6: 0.08714  loss_dice_6: 1.001  loss_ce_7: 0.0174  loss_mask_7: 0.06982  loss_dice_7: 0.7853  loss_ce_8: 0.01805  loss_mask_8: 0.06901  loss_dice_8: 0.7876    time: 0.8062  last_time: 0.7879  data_time: 0.1120  last_data_time: 0.1120   lr: 3.5931e-05  max_mem: 12316M
[03/19 02:02:10 d2.utils.events]:  eta: 2:50:12  iter: 7139  total_loss: 6.079  loss_ce: 0.008141  loss_mask: 0.024  loss_dice: 0.5925  loss_ce_0: 0.07794  loss_mask_0: 0.02906  loss_dice_0: 0.5968  loss_ce_1: 0.01371  loss_mask_1: 0.02889  loss_dice_1: 0.5909  loss_ce_2: 0.006331  loss_mask_2: 0.02332  loss_dice_2: 0.4592  loss_ce_3: 0.007377  loss_mask_3: 0.02398  loss_dice_3: 0.5212  loss_ce_4: 0.008183  loss_mask_4: 0.02482  loss_dice_4: 0.5342  loss_ce_5: 0.008794  loss_mask_5: 0.02699  loss_dice_5: 0.6163  loss_ce_6: 0.007102  loss_mask_6: 0.0282  loss_dice_6: 0.6254  loss_ce_7: 0.009012  loss_mask_7: 0.02678  loss_dice_7: 0.6037  loss_ce_8: 0.007414  loss_mask_8: 0.02796  loss_dice_8: 0.5207    time: 0.8062  last_time: 0.8129  data_time: 0.1396  last_data_time: 0.1396   lr: 3.5861e-05  max_mem: 12316M
[03/19 02:02:26 d2.utils.events]:  eta: 2:49:55  iter: 7159  total_loss: 9.254  loss_ce: 0.04603  loss_mask: 0.0497  loss_dice: 0.7781  loss_ce_0: 0.3842  loss_mask_0: 0.07024  loss_dice_0: 1.004  loss_ce_1: 0.1292  loss_mask_1: 0.05979  loss_dice_1: 0.8705  loss_ce_2: 0.09795  loss_mask_2: 0.05458  loss_dice_2: 0.7911  loss_ce_3: 0.1202  loss_mask_3: 0.04195  loss_dice_3: 0.6984  loss_ce_4: 0.07495  loss_mask_4: 0.04843  loss_dice_4: 0.7814  loss_ce_5: 0.04384  loss_mask_5: 0.04227  loss_dice_5: 0.6843  loss_ce_6: 0.04216  loss_mask_6: 0.04729  loss_dice_6: 0.7213  loss_ce_7: 0.07001  loss_mask_7: 0.03515  loss_dice_7: 0.6485  loss_ce_8: 0.05333  loss_mask_8: 0.0473  loss_dice_8: 0.7184    time: 0.8062  last_time: 0.8299  data_time: 0.1627  last_data_time: 0.1627   lr: 3.579e-05  max_mem: 12316M
[03/19 02:02:42 d2.utils.events]:  eta: 2:49:39  iter: 7179  total_loss: 7.323  loss_ce: 0.01438  loss_mask: 0.06561  loss_dice: 0.6283  loss_ce_0: 0.1471  loss_mask_0: 0.06678  loss_dice_0: 0.6144  loss_ce_1: 0.08049  loss_mask_1: 0.05291  loss_dice_1: 0.611  loss_ce_2: 0.09627  loss_mask_2: 0.05627  loss_dice_2: 0.6407  loss_ce_3: 0.02459  loss_mask_3: 0.05733  loss_dice_3: 0.6741  loss_ce_4: 0.02458  loss_mask_4: 0.04954  loss_dice_4: 0.5434  loss_ce_5: 0.02373  loss_mask_5: 0.0509  loss_dice_5: 0.53  loss_ce_6: 0.02268  loss_mask_6: 0.04899  loss_dice_6: 0.6327  loss_ce_7: 0.0166  loss_mask_7: 0.06615  loss_dice_7: 0.7502  loss_ce_8: 0.01932  loss_mask_8: 0.06157  loss_dice_8: 0.6529    time: 0.8062  last_time: 0.7473  data_time: 0.0760  last_data_time: 0.0760   lr: 3.5719e-05  max_mem: 12316M
[03/19 02:02:59 d2.utils.events]:  eta: 2:49:18  iter: 7199  total_loss: 7.234  loss_ce: 0.003571  loss_mask: 0.03558  loss_dice: 0.6639  loss_ce_0: 0.1258  loss_mask_0: 0.03763  loss_dice_0: 0.6529  loss_ce_1: 0.009982  loss_mask_1: 0.03487  loss_dice_1: 0.6896  loss_ce_2: 0.004732  loss_mask_2: 0.03305  loss_dice_2: 0.6255  loss_ce_3: 0.003921  loss_mask_3: 0.03239  loss_dice_3: 0.7669  loss_ce_4: 0.003332  loss_mask_4: 0.03139  loss_dice_4: 0.6774  loss_ce_5: 0.003063  loss_mask_5: 0.03324  loss_dice_5: 0.6202  loss_ce_6: 0.002892  loss_mask_6: 0.03555  loss_dice_6: 0.7241  loss_ce_7: 0.003356  loss_mask_7: 0.03229  loss_dice_7: 0.6286  loss_ce_8: 0.003289  loss_mask_8: 0.03459  loss_dice_8: 0.68    time: 0.8062  last_time: 0.8437  data_time: 0.1732  last_data_time: 0.1732   lr: 3.5648e-05  max_mem: 12316M
[03/19 02:03:15 d2.utils.events]:  eta: 2:49:07  iter: 7219  total_loss: 6.458  loss_ce: 0.02787  loss_mask: 0.08088  loss_dice: 0.561  loss_ce_0: 0.1889  loss_mask_0: 0.1224  loss_dice_0: 0.4623  loss_ce_1: 0.03593  loss_mask_1: 0.07874  loss_dice_1: 0.5015  loss_ce_2: 0.03313  loss_mask_2: 0.08586  loss_dice_2: 0.4813  loss_ce_3: 0.03253  loss_mask_3: 0.09263  loss_dice_3: 0.5444  loss_ce_4: 0.0348  loss_mask_4: 0.08191  loss_dice_4: 0.4806  loss_ce_5: 0.03018  loss_mask_5: 0.0869  loss_dice_5: 0.5266  loss_ce_6: 0.02771  loss_mask_6: 0.09259  loss_dice_6: 0.5243  loss_ce_7: 0.02767  loss_mask_7: 0.08963  loss_dice_7: 0.5483  loss_ce_8: 0.02784  loss_mask_8: 0.0844  loss_dice_8: 0.4647    time: 0.8063  last_time: 0.8341  data_time: 0.1685  last_data_time: 0.1685   lr: 3.5577e-05  max_mem: 12316M
[03/19 02:03:31 d2.utils.events]:  eta: 2:48:51  iter: 7239  total_loss: 7.202  loss_ce: 0.01002  loss_mask: 0.05565  loss_dice: 0.6667  loss_ce_0: 0.2534  loss_mask_0: 0.06372  loss_dice_0: 0.6176  loss_ce_1: 0.02369  loss_mask_1: 0.05174  loss_dice_1: 0.6261  loss_ce_2: 0.01398  loss_mask_2: 0.04964  loss_dice_2: 0.5949  loss_ce_3: 0.01381  loss_mask_3: 0.05141  loss_dice_3: 0.5629  loss_ce_4: 0.01225  loss_mask_4: 0.05127  loss_dice_4: 0.623  loss_ce_5: 0.01141  loss_mask_5: 0.04843  loss_dice_5: 0.6165  loss_ce_6: 0.009769  loss_mask_6: 0.05362  loss_dice_6: 0.6178  loss_ce_7: 0.009475  loss_mask_7: 0.05278  loss_dice_7: 0.6533  loss_ce_8: 0.009667  loss_mask_8: 0.05515  loss_dice_8: 0.7229    time: 0.8062  last_time: 0.7971  data_time: 0.1212  last_data_time: 0.1212   lr: 3.5506e-05  max_mem: 12316M
[03/19 02:03:48 d2.utils.events]:  eta: 2:48:34  iter: 7259  total_loss: 7.342  loss_ce: 0.02164  loss_mask: 0.03611  loss_dice: 0.5955  loss_ce_0: 0.3014  loss_mask_0: 0.06233  loss_dice_0: 0.8146  loss_ce_1: 0.02172  loss_mask_1: 0.04302  loss_dice_1: 0.5572  loss_ce_2: 0.02126  loss_mask_2: 0.04088  loss_dice_2: 0.6007  loss_ce_3: 0.01774  loss_mask_3: 0.04403  loss_dice_3: 0.6536  loss_ce_4: 0.01896  loss_mask_4: 0.03356  loss_dice_4: 0.5846  loss_ce_5: 0.02237  loss_mask_5: 0.04224  loss_dice_5: 0.7174  loss_ce_6: 0.02609  loss_mask_6: 0.04012  loss_dice_6: 0.6303  loss_ce_7: 0.02293  loss_mask_7: 0.03835  loss_dice_7: 0.6836  loss_ce_8: 0.02376  loss_mask_8: 0.03531  loss_dice_8: 0.5907    time: 0.8062  last_time: 0.8302  data_time: 0.1495  last_data_time: 0.1495   lr: 3.5434e-05  max_mem: 12316M
[03/19 02:04:04 d2.utils.events]:  eta: 2:48:14  iter: 7279  total_loss: 11.48  loss_ce: 0.07701  loss_mask: 0.05917  loss_dice: 0.8429  loss_ce_0: 0.2336  loss_mask_0: 0.05977  loss_dice_0: 1.042  loss_ce_1: 0.1817  loss_mask_1: 0.05782  loss_dice_1: 0.9561  loss_ce_2: 0.1356  loss_mask_2: 0.05841  loss_dice_2: 0.8325  loss_ce_3: 0.09096  loss_mask_3: 0.05422  loss_dice_3: 1.132  loss_ce_4: 0.158  loss_mask_4: 0.06187  loss_dice_4: 0.8678  loss_ce_5: 0.08302  loss_mask_5: 0.06217  loss_dice_5: 0.9816  loss_ce_6: 0.07816  loss_mask_6: 0.05639  loss_dice_6: 1.107  loss_ce_7: 0.07843  loss_mask_7: 0.05732  loss_dice_7: 0.8076  loss_ce_8: 0.07678  loss_mask_8: 0.05722  loss_dice_8: 1.131    time: 0.8063  last_time: 0.8429  data_time: 0.1607  last_data_time: 0.1607   lr: 3.5363e-05  max_mem: 12316M
[03/19 02:04:21 d2.utils.events]:  eta: 2:48:00  iter: 7299  total_loss: 9.272  loss_ce: 0.08548  loss_mask: 0.04285  loss_dice: 0.8571  loss_ce_0: 0.1394  loss_mask_0: 0.0339  loss_dice_0: 0.8668  loss_ce_1: 0.03529  loss_mask_1: 0.03778  loss_dice_1: 0.5633  loss_ce_2: 0.1022  loss_mask_2: 0.04591  loss_dice_2: 0.9882  loss_ce_3: 0.03767  loss_mask_3: 0.04375  loss_dice_3: 0.8686  loss_ce_4: 0.03354  loss_mask_4: 0.03736  loss_dice_4: 0.8046  loss_ce_5: 0.03516  loss_mask_5: 0.03397  loss_dice_5: 0.653  loss_ce_6: 0.03839  loss_mask_6: 0.03767  loss_dice_6: 0.7164  loss_ce_7: 0.096  loss_mask_7: 0.04154  loss_dice_7: 0.7872  loss_ce_8: 0.1053  loss_mask_8: 0.03563  loss_dice_8: 1.068    time: 0.8063  last_time: 0.8494  data_time: 0.1913  last_data_time: 0.1913   lr: 3.5291e-05  max_mem: 12316M
[03/19 02:04:38 d2.utils.events]:  eta: 2:47:52  iter: 7319  total_loss: 7.986  loss_ce: 0.02589  loss_mask: 0.05938  loss_dice: 0.71  loss_ce_0: 0.2201  loss_mask_0: 0.09509  loss_dice_0: 0.9272  loss_ce_1: 0.0229  loss_mask_1: 0.06226  loss_dice_1: 0.6364  loss_ce_2: 0.04058  loss_mask_2: 0.05681  loss_dice_2: 0.6969  loss_ce_3: 0.03572  loss_mask_3: 0.05656  loss_dice_3: 0.7564  loss_ce_4: 0.03706  loss_mask_4: 0.05866  loss_dice_4: 0.5335  loss_ce_5: 0.0369  loss_mask_5: 0.05739  loss_dice_5: 0.6661  loss_ce_6: 0.02689  loss_mask_6: 0.06243  loss_dice_6: 0.7459  loss_ce_7: 0.0288  loss_mask_7: 0.05855  loss_dice_7: 0.5544  loss_ce_8: 0.02676  loss_mask_8: 0.05273  loss_dice_8: 0.6375    time: 0.8064  last_time: 0.8319  data_time: 0.1512  last_data_time: 0.1512   lr: 3.522e-05  max_mem: 12316M
[03/19 02:04:54 d2.utils.events]:  eta: 2:47:34  iter: 7339  total_loss: 8.922  loss_ce: 0.03777  loss_mask: 0.04889  loss_dice: 0.7232  loss_ce_0: 0.1604  loss_mask_0: 0.0729  loss_dice_0: 1.021  loss_ce_1: 0.05792  loss_mask_1: 0.0479  loss_dice_1: 0.7779  loss_ce_2: 0.04891  loss_mask_2: 0.04721  loss_dice_2: 0.8202  loss_ce_3: 0.04577  loss_mask_3: 0.04976  loss_dice_3: 0.7688  loss_ce_4: 0.04237  loss_mask_4: 0.04734  loss_dice_4: 0.888  loss_ce_5: 0.03502  loss_mask_5: 0.04574  loss_dice_5: 0.8425  loss_ce_6: 0.03638  loss_mask_6: 0.04773  loss_dice_6: 0.7848  loss_ce_7: 0.03723  loss_mask_7: 0.04935  loss_dice_7: 0.5735  loss_ce_8: 0.03545  loss_mask_8: 0.04926  loss_dice_8: 0.678    time: 0.8064  last_time: 0.8375  data_time: 0.1662  last_data_time: 0.1662   lr: 3.5148e-05  max_mem: 12316M
[03/19 02:05:10 d2.utils.events]:  eta: 2:47:24  iter: 7359  total_loss: 10.24  loss_ce: 0.1101  loss_mask: 0.04387  loss_dice: 0.7817  loss_ce_0: 0.2601  loss_mask_0: 0.03887  loss_dice_0: 0.8921  loss_ce_1: 0.08959  loss_mask_1: 0.05574  loss_dice_1: 0.8935  loss_ce_2: 0.1056  loss_mask_2: 0.04816  loss_dice_2: 0.8046  loss_ce_3: 0.1125  loss_mask_3: 0.04255  loss_dice_3: 0.8233  loss_ce_4: 0.1905  loss_mask_4: 0.04024  loss_dice_4: 0.7094  loss_ce_5: 0.0306  loss_mask_5: 0.04394  loss_dice_5: 1.19  loss_ce_6: 0.1023  loss_mask_6: 0.04315  loss_dice_6: 0.8048  loss_ce_7: 0.1087  loss_mask_7: 0.04599  loss_dice_7: 0.8384  loss_ce_8: 0.1133  loss_mask_8: 0.0421  loss_dice_8: 0.8359    time: 0.8064  last_time: 0.8353  data_time: 0.1606  last_data_time: 0.1606   lr: 3.5076e-05  max_mem: 12316M
[03/19 02:05:26 d2.utils.events]:  eta: 2:47:00  iter: 7379  total_loss: 7.019  loss_ce: 0.01261  loss_mask: 0.05032  loss_dice: 0.7691  loss_ce_0: 0.08574  loss_mask_0: 0.06228  loss_dice_0: 0.5948  loss_ce_1: 0.0144  loss_mask_1: 0.04255  loss_dice_1: 0.5661  loss_ce_2: 0.01399  loss_mask_2: 0.0474  loss_dice_2: 0.6171  loss_ce_3: 0.01674  loss_mask_3: 0.04568  loss_dice_3: 0.643  loss_ce_4: 0.01498  loss_mask_4: 0.04474  loss_dice_4: 0.6456  loss_ce_5: 0.01392  loss_mask_5: 0.04639  loss_dice_5: 0.5385  loss_ce_6: 0.0146  loss_mask_6: 0.04855  loss_dice_6: 0.6553  loss_ce_7: 0.01258  loss_mask_7: 0.04576  loss_dice_7: 0.5346  loss_ce_8: 0.01215  loss_mask_8: 0.05029  loss_dice_8: 0.7594    time: 0.8063  last_time: 0.8349  data_time: 0.1722  last_data_time: 0.1722   lr: 3.5004e-05  max_mem: 12316M
[03/19 02:05:42 d2.utils.events]:  eta: 2:46:44  iter: 7399  total_loss: 6.931  loss_ce: 0.01495  loss_mask: 0.03457  loss_dice: 0.7133  loss_ce_0: 0.1165  loss_mask_0: 0.02041  loss_dice_0: 0.5436  loss_ce_1: 0.01854  loss_mask_1: 0.02745  loss_dice_1: 0.7762  loss_ce_2: 0.01519  loss_mask_2: 0.02388  loss_dice_2: 0.6928  loss_ce_3: 0.01591  loss_mask_3: 0.0276  loss_dice_3: 0.6126  loss_ce_4: 0.01622  loss_mask_4: 0.02702  loss_dice_4: 0.5694  loss_ce_5: 0.01804  loss_mask_5: 0.02241  loss_dice_5: 0.6363  loss_ce_6: 0.01586  loss_mask_6: 0.02963  loss_dice_6: 0.6502  loss_ce_7: 0.01382  loss_mask_7: 0.02519  loss_dice_7: 0.5817  loss_ce_8: 0.01426  loss_mask_8: 0.02163  loss_dice_8: 0.6358    time: 0.8063  last_time: 0.9522  data_time: 0.1093  last_data_time: 0.1093   lr: 3.4932e-05  max_mem: 12316M
[03/19 02:05:58 d2.utils.events]:  eta: 2:46:30  iter: 7419  total_loss: 4.521  loss_ce: 0.007146  loss_mask: 0.0329  loss_dice: 0.4008  loss_ce_0: 0.07896  loss_mask_0: 0.03655  loss_dice_0: 0.3633  loss_ce_1: 0.01359  loss_mask_1: 0.03604  loss_dice_1: 0.3926  loss_ce_2: 0.009958  loss_mask_2: 0.03718  loss_dice_2: 0.4409  loss_ce_3: 0.008418  loss_mask_3: 0.02977  loss_dice_3: 0.3526  loss_ce_4: 0.006459  loss_mask_4: 0.03677  loss_dice_4: 0.4872  loss_ce_5: 0.009247  loss_mask_5: 0.03564  loss_dice_5: 0.3864  loss_ce_6: 0.009419  loss_mask_6: 0.02858  loss_dice_6: 0.4093  loss_ce_7: 0.007885  loss_mask_7: 0.03252  loss_dice_7: 0.4076  loss_ce_8: 0.007293  loss_mask_8: 0.02762  loss_dice_8: 0.3886    time: 0.8063  last_time: 0.8761  data_time: 0.2070  last_data_time: 0.2070   lr: 3.486e-05  max_mem: 12316M
[03/19 02:06:15 d2.utils.events]:  eta: 2:46:18  iter: 7439  total_loss: 8.04  loss_ce: 0.01463  loss_mask: 0.0489  loss_dice: 0.7236  loss_ce_0: 0.07845  loss_mask_0: 0.06538  loss_dice_0: 0.8503  loss_ce_1: 0.07096  loss_mask_1: 0.04165  loss_dice_1: 0.6603  loss_ce_2: 0.01661  loss_mask_2: 0.0453  loss_dice_2: 0.6408  loss_ce_3: 0.02563  loss_mask_3: 0.04726  loss_dice_3: 0.7317  loss_ce_4: 0.02547  loss_mask_4: 0.05039  loss_dice_4: 0.758  loss_ce_5: 0.01986  loss_mask_5: 0.04957  loss_dice_5: 0.7097  loss_ce_6: 0.01369  loss_mask_6: 0.05145  loss_dice_6: 0.6778  loss_ce_7: 0.01634  loss_mask_7: 0.04774  loss_dice_7: 0.776  loss_ce_8: 0.01462  loss_mask_8: 0.04772  loss_dice_8: 0.7207    time: 0.8063  last_time: 0.8142  data_time: 0.1330  last_data_time: 0.1330   lr: 3.4788e-05  max_mem: 12316M
[03/19 02:06:31 d2.utils.events]:  eta: 2:46:01  iter: 7459  total_loss: 7.469  loss_ce: 0.06997  loss_mask: 0.0297  loss_dice: 0.6308  loss_ce_0: 0.2125  loss_mask_0: 0.03619  loss_dice_0: 0.6915  loss_ce_1: 0.09475  loss_mask_1: 0.02524  loss_dice_1: 0.5966  loss_ce_2: 0.04595  loss_mask_2: 0.03495  loss_dice_2: 0.6669  loss_ce_3: 0.077  loss_mask_3: 0.02831  loss_dice_3: 0.6184  loss_ce_4: 0.08638  loss_mask_4: 0.02751  loss_dice_4: 0.6448  loss_ce_5: 0.07921  loss_mask_5: 0.03161  loss_dice_5: 0.6512  loss_ce_6: 0.07058  loss_mask_6: 0.0295  loss_dice_6: 0.6464  loss_ce_7: 0.06395  loss_mask_7: 0.03368  loss_dice_7: 0.6389  loss_ce_8: 0.02625  loss_mask_8: 0.02785  loss_dice_8: 0.5521    time: 0.8063  last_time: 0.7557  data_time: 0.0820  last_data_time: 0.0820   lr: 3.4716e-05  max_mem: 12316M
[03/19 02:06:47 d2.utils.events]:  eta: 2:45:49  iter: 7479  total_loss: 6.74  loss_ce: 0.004148  loss_mask: 0.0494  loss_dice: 0.5935  loss_ce_0: 0.09018  loss_mask_0: 0.07343  loss_dice_0: 0.6056  loss_ce_1: 0.01183  loss_mask_1: 0.05707  loss_dice_1: 0.6678  loss_ce_2: 0.003771  loss_mask_2: 0.05701  loss_dice_2: 0.6736  loss_ce_3: 0.003838  loss_mask_3: 0.05106  loss_dice_3: 0.6375  loss_ce_4: 0.003708  loss_mask_4: 0.05154  loss_dice_4: 0.5862  loss_ce_5: 0.004045  loss_mask_5: 0.04885  loss_dice_5: 0.5804  loss_ce_6: 0.004047  loss_mask_6: 0.0469  loss_dice_6: 0.5637  loss_ce_7: 0.003931  loss_mask_7: 0.04792  loss_dice_7: 0.5789  loss_ce_8: 0.003588  loss_mask_8: 0.05102  loss_dice_8: 0.5857    time: 0.8064  last_time: 0.8339  data_time: 0.1613  last_data_time: 0.1613   lr: 3.4643e-05  max_mem: 12316M
[03/19 02:07:04 d2.utils.events]:  eta: 2:45:25  iter: 7499  total_loss: 7.084  loss_ce: 0.01063  loss_mask: 0.03808  loss_dice: 0.6306  loss_ce_0: 0.07884  loss_mask_0: 0.03112  loss_dice_0: 0.5799  loss_ce_1: 0.009349  loss_mask_1: 0.0254  loss_dice_1: 0.5307  loss_ce_2: 0.009443  loss_mask_2: 0.03384  loss_dice_2: 0.7229  loss_ce_3: 0.007927  loss_mask_3: 0.03149  loss_dice_3: 0.6717  loss_ce_4: 0.007244  loss_mask_4: 0.02812  loss_dice_4: 0.7259  loss_ce_5: 0.008161  loss_mask_5: 0.03294  loss_dice_5: 0.7046  loss_ce_6: 0.009402  loss_mask_6: 0.03442  loss_dice_6: 0.7582  loss_ce_7: 0.009518  loss_mask_7: 0.0302  loss_dice_7: 0.6449  loss_ce_8: 0.009929  loss_mask_8: 0.02871  loss_dice_8: 0.6394    time: 0.8063  last_time: 0.7949  data_time: 0.1365  last_data_time: 0.1365   lr: 3.4571e-05  max_mem: 12316M
[03/19 02:07:20 d2.utils.events]:  eta: 2:45:07  iter: 7519  total_loss: 7.925  loss_ce: 0.01081  loss_mask: 0.06348  loss_dice: 0.6689  loss_ce_0: 0.1293  loss_mask_0: 0.06099  loss_dice_0: 0.6718  loss_ce_1: 0.01477  loss_mask_1: 0.07126  loss_dice_1: 0.666  loss_ce_2: 0.017  loss_mask_2: 0.07699  loss_dice_2: 0.7163  loss_ce_3: 0.0179  loss_mask_3: 0.07044  loss_dice_3: 0.6815  loss_ce_4: 0.01237  loss_mask_4: 0.07183  loss_dice_4: 0.6971  loss_ce_5: 0.01086  loss_mask_5: 0.06827  loss_dice_5: 0.6811  loss_ce_6: 0.01002  loss_mask_6: 0.08747  loss_dice_6: 0.7966  loss_ce_7: 0.009653  loss_mask_7: 0.06466  loss_dice_7: 0.6762  loss_ce_8: 0.01032  loss_mask_8: 0.07031  loss_dice_8: 0.7211    time: 0.8063  last_time: 0.8045  data_time: 0.1416  last_data_time: 0.1416   lr: 3.4498e-05  max_mem: 12316M
[03/19 02:07:36 d2.utils.events]:  eta: 2:44:56  iter: 7539  total_loss: 7.564  loss_ce: 0.03102  loss_mask: 0.05351  loss_dice: 0.5959  loss_ce_0: 0.2947  loss_mask_0: 0.05244  loss_dice_0: 0.7634  loss_ce_1: 0.04052  loss_mask_1: 0.05683  loss_dice_1: 0.6135  loss_ce_2: 0.0361  loss_mask_2: 0.05114  loss_dice_2: 0.6399  loss_ce_3: 0.03753  loss_mask_3: 0.05096  loss_dice_3: 0.5877  loss_ce_4: 0.02873  loss_mask_4: 0.05389  loss_dice_4: 0.6594  loss_ce_5: 0.02844  loss_mask_5: 0.05188  loss_dice_5: 0.672  loss_ce_6: 0.03046  loss_mask_6: 0.05171  loss_dice_6: 0.6594  loss_ce_7: 0.03356  loss_mask_7: 0.05012  loss_dice_7: 0.5802  loss_ce_8: 0.03166  loss_mask_8: 0.05767  loss_dice_8: 0.67    time: 0.8063  last_time: 0.8396  data_time: 0.1672  last_data_time: 0.1672   lr: 3.4425e-05  max_mem: 12316M
[03/19 02:07:52 d2.utils.events]:  eta: 2:44:38  iter: 7559  total_loss: 8.189  loss_ce: 0.01977  loss_mask: 0.03254  loss_dice: 0.585  loss_ce_0: 0.1255  loss_mask_0: 0.03599  loss_dice_0: 1.281  loss_ce_1: 0.0904  loss_mask_1: 0.03104  loss_dice_1: 0.534  loss_ce_2: 0.07305  loss_mask_2: 0.03227  loss_dice_2: 0.541  loss_ce_3: 0.03251  loss_mask_3: 0.04209  loss_dice_3: 1.115  loss_ce_4: 0.02434  loss_mask_4: 0.02943  loss_dice_4: 0.6878  loss_ce_5: 0.01877  loss_mask_5: 0.03108  loss_dice_5: 0.7137  loss_ce_6: 0.01687  loss_mask_6: 0.02639  loss_dice_6: 0.6635  loss_ce_7: 0.01886  loss_mask_7: 0.03376  loss_dice_7: 0.6758  loss_ce_8: 0.0215  loss_mask_8: 0.02599  loss_dice_8: 0.63    time: 0.8063  last_time: 0.7457  data_time: 0.0834  last_data_time: 0.0834   lr: 3.4353e-05  max_mem: 12316M
[03/19 02:08:09 d2.utils.events]:  eta: 2:44:22  iter: 7579  total_loss: 5.944  loss_ce: 0.00633  loss_mask: 0.03546  loss_dice: 0.558  loss_ce_0: 0.1415  loss_mask_0: 0.03892  loss_dice_0: 0.5951  loss_ce_1: 0.01243  loss_mask_1: 0.03859  loss_dice_1: 0.5169  loss_ce_2: 0.009121  loss_mask_2: 0.03578  loss_dice_2: 0.543  loss_ce_3: 0.009478  loss_mask_3: 0.03541  loss_dice_3: 0.5413  loss_ce_4: 0.008507  loss_mask_4: 0.03559  loss_dice_4: 0.5321  loss_ce_5: 0.007448  loss_mask_5: 0.03545  loss_dice_5: 0.4837  loss_ce_6: 0.006851  loss_mask_6: 0.03731  loss_dice_6: 0.5264  loss_ce_7: 0.007263  loss_mask_7: 0.03769  loss_dice_7: 0.5813  loss_ce_8: 0.006787  loss_mask_8: 0.03604  loss_dice_8: 0.484    time: 0.8063  last_time: 0.8264  data_time: 0.1500  last_data_time: 0.1500   lr: 3.428e-05  max_mem: 12316M
[03/19 02:08:25 d2.utils.events]:  eta: 2:44:06  iter: 7599  total_loss: 5.593  loss_ce: 0.02218  loss_mask: 0.02731  loss_dice: 0.5441  loss_ce_0: 0.1562  loss_mask_0: 0.02938  loss_dice_0: 0.476  loss_ce_1: 0.01263  loss_mask_1: 0.02775  loss_dice_1: 0.4983  loss_ce_2: 0.03214  loss_mask_2: 0.02187  loss_dice_2: 0.4625  loss_ce_3: 0.02698  loss_mask_3: 0.02585  loss_dice_3: 0.4911  loss_ce_4: 0.02158  loss_mask_4: 0.02539  loss_dice_4: 0.498  loss_ce_5: 0.02205  loss_mask_5: 0.02317  loss_dice_5: 0.4609  loss_ce_6: 0.02416  loss_mask_6: 0.02656  loss_dice_6: 0.4963  loss_ce_7: 0.022  loss_mask_7: 0.0239  loss_dice_7: 0.5001  loss_ce_8: 0.02231  loss_mask_8: 0.02959  loss_dice_8: 0.5423    time: 0.8063  last_time: 0.8306  data_time: 0.1611  last_data_time: 0.1611   lr: 3.4207e-05  max_mem: 12316M
[03/19 02:08:41 d2.utils.events]:  eta: 2:43:55  iter: 7619  total_loss: 7.901  loss_ce: 0.02171  loss_mask: 0.06348  loss_dice: 0.6129  loss_ce_0: 0.1411  loss_mask_0: 0.08098  loss_dice_0: 0.7957  loss_ce_1: 0.09716  loss_mask_1: 0.06777  loss_dice_1: 0.8661  loss_ce_2: 0.09211  loss_mask_2: 0.06172  loss_dice_2: 0.7244  loss_ce_3: 0.02708  loss_mask_3: 0.06667  loss_dice_3: 0.6102  loss_ce_4: 0.07715  loss_mask_4: 0.07336  loss_dice_4: 0.6552  loss_ce_5: 0.02296  loss_mask_5: 0.07118  loss_dice_5: 0.6537  loss_ce_6: 0.01962  loss_mask_6: 0.06017  loss_dice_6: 0.5816  loss_ce_7: 0.02094  loss_mask_7: 0.06635  loss_dice_7: 0.6155  loss_ce_8: 0.02132  loss_mask_8: 0.06518  loss_dice_8: 0.5676    time: 0.8063  last_time: 0.8174  data_time: 0.1449  last_data_time: 0.1449   lr: 3.4134e-05  max_mem: 12316M
[03/19 02:08:57 d2.utils.events]:  eta: 2:43:38  iter: 7639  total_loss: 7.024  loss_ce: 0.02421  loss_mask: 0.07117  loss_dice: 0.488  loss_ce_0: 0.2405  loss_mask_0: 0.1091  loss_dice_0: 0.6861  loss_ce_1: 0.03644  loss_mask_1: 0.07129  loss_dice_1: 0.557  loss_ce_2: 0.02821  loss_mask_2: 0.06979  loss_dice_2: 0.5679  loss_ce_3: 0.03022  loss_mask_3: 0.07705  loss_dice_3: 0.58  loss_ce_4: 0.02506  loss_mask_4: 0.07617  loss_dice_4: 0.6139  loss_ce_5: 0.02115  loss_mask_5: 0.07255  loss_dice_5: 0.5633  loss_ce_6: 0.02239  loss_mask_6: 0.07395  loss_dice_6: 0.5913  loss_ce_7: 0.02099  loss_mask_7: 0.08029  loss_dice_7: 0.5876  loss_ce_8: 0.02338  loss_mask_8: 0.07244  loss_dice_8: 0.5425    time: 0.8063  last_time: 0.7809  data_time: 0.1107  last_data_time: 0.1107   lr: 3.4061e-05  max_mem: 12316M
[03/19 02:09:14 d2.utils.events]:  eta: 2:43:29  iter: 7659  total_loss: 7.752  loss_ce: 0.01537  loss_mask: 0.04146  loss_dice: 0.6874  loss_ce_0: 0.2077  loss_mask_0: 0.0478  loss_dice_0: 0.7366  loss_ce_1: 0.1225  loss_mask_1: 0.05678  loss_dice_1: 0.8219  loss_ce_2: 0.08609  loss_mask_2: 0.04348  loss_dice_2: 0.7691  loss_ce_3: 0.01728  loss_mask_3: 0.039  loss_dice_3: 0.6525  loss_ce_4: 0.01629  loss_mask_4: 0.03499  loss_dice_4: 0.5857  loss_ce_5: 0.01515  loss_mask_5: 0.03921  loss_dice_5: 0.7497  loss_ce_6: 0.01492  loss_mask_6: 0.03449  loss_dice_6: 0.5737  loss_ce_7: 0.01355  loss_mask_7: 0.03653  loss_dice_7: 0.6022  loss_ce_8: 0.01666  loss_mask_8: 0.03713  loss_dice_8: 0.6364    time: 0.8064  last_time: 0.8327  data_time: 0.1457  last_data_time: 0.1457   lr: 3.3987e-05  max_mem: 12316M
[03/19 02:09:30 d2.utils.events]:  eta: 2:43:08  iter: 7679  total_loss: 9.648  loss_ce: 0.04197  loss_mask: 0.04107  loss_dice: 0.676  loss_ce_0: 0.1301  loss_mask_0: 0.05063  loss_dice_0: 0.6457  loss_ce_1: 0.1295  loss_mask_1: 0.05187  loss_dice_1: 0.9554  loss_ce_2: 0.06173  loss_mask_2: 0.05055  loss_dice_2: 1.003  loss_ce_3: 0.04797  loss_mask_3: 0.04331  loss_dice_3: 0.8196  loss_ce_4: 0.05266  loss_mask_4: 0.04793  loss_dice_4: 0.9402  loss_ce_5: 0.04861  loss_mask_5: 0.05338  loss_dice_5: 0.5903  loss_ce_6: 0.04863  loss_mask_6: 0.04861  loss_dice_6: 0.9629  loss_ce_7: 0.04546  loss_mask_7: 0.05827  loss_dice_7: 1.091  loss_ce_8: 0.04457  loss_mask_8: 0.05202  loss_dice_8: 0.8144    time: 0.8064  last_time: 0.8214  data_time: 0.1438  last_data_time: 0.1438   lr: 3.3914e-05  max_mem: 12316M
[03/19 02:09:47 d2.utils.events]:  eta: 2:42:55  iter: 7699  total_loss: 6.065  loss_ce: 0.008205  loss_mask: 0.03242  loss_dice: 0.5026  loss_ce_0: 0.1953  loss_mask_0: 0.03581  loss_dice_0: 0.6106  loss_ce_1: 0.01619  loss_mask_1: 0.03311  loss_dice_1: 0.4971  loss_ce_2: 0.01199  loss_mask_2: 0.03242  loss_dice_2: 0.532  loss_ce_3: 0.01065  loss_mask_3: 0.0316  loss_dice_3: 0.5018  loss_ce_4: 0.01012  loss_mask_4: 0.0341  loss_dice_4: 0.5725  loss_ce_5: 0.01047  loss_mask_5: 0.03275  loss_dice_5: 0.57  loss_ce_6: 0.01129  loss_mask_6: 0.03266  loss_dice_6: 0.539  loss_ce_7: 0.01038  loss_mask_7: 0.03535  loss_dice_7: 0.5694  loss_ce_8: 0.008823  loss_mask_8: 0.03447  loss_dice_8: 0.5415    time: 0.8064  last_time: 0.9124  data_time: 0.2338  last_data_time: 0.2338   lr: 3.3841e-05  max_mem: 12316M
[03/19 02:10:03 d2.utils.events]:  eta: 2:42:41  iter: 7719  total_loss: 10.42  loss_ce: 0.1008  loss_mask: 0.05089  loss_dice: 0.8409  loss_ce_0: 0.1472  loss_mask_0: 0.06764  loss_dice_0: 1.124  loss_ce_1: 0.1172  loss_mask_1: 0.05611  loss_dice_1: 0.9307  loss_ce_2: 0.06343  loss_mask_2: 0.04771  loss_dice_2: 0.862  loss_ce_3: 0.05116  loss_mask_3: 0.04981  loss_dice_3: 0.9339  loss_ce_4: 0.05201  loss_mask_4: 0.05462  loss_dice_4: 0.9794  loss_ce_5: 0.05318  loss_mask_5: 0.04789  loss_dice_5: 0.826  loss_ce_6: 0.1043  loss_mask_6: 0.04744  loss_dice_6: 0.8378  loss_ce_7: 0.04896  loss_mask_7: 0.05451  loss_dice_7: 0.9426  loss_ce_8: 0.05739  loss_mask_8: 0.04624  loss_dice_8: 0.8272    time: 0.8064  last_time: 0.8039  data_time: 0.1212  last_data_time: 0.1212   lr: 3.3767e-05  max_mem: 12316M
[03/19 02:10:20 d2.utils.events]:  eta: 2:42:29  iter: 7739  total_loss: 6.573  loss_ce: 0.009182  loss_mask: 0.04246  loss_dice: 0.5962  loss_ce_0: 0.09072  loss_mask_0: 0.03434  loss_dice_0: 0.6085  loss_ce_1: 0.01553  loss_mask_1: 0.03601  loss_dice_1: 0.6083  loss_ce_2: 0.008924  loss_mask_2: 0.03759  loss_dice_2: 0.4979  loss_ce_3: 0.012  loss_mask_3: 0.04249  loss_dice_3: 0.6685  loss_ce_4: 0.008295  loss_mask_4: 0.04354  loss_dice_4: 0.5913  loss_ce_5: 0.009247  loss_mask_5: 0.03681  loss_dice_5: 0.5382  loss_ce_6: 0.01001  loss_mask_6: 0.03657  loss_dice_6: 0.5155  loss_ce_7: 0.009586  loss_mask_7: 0.04551  loss_dice_7: 0.6876  loss_ce_8: 0.008756  loss_mask_8: 0.0441  loss_dice_8: 0.6791    time: 0.8065  last_time: 0.8164  data_time: 0.1517  last_data_time: 0.1517   lr: 3.3693e-05  max_mem: 12316M
[03/19 02:10:36 d2.utils.events]:  eta: 2:42:10  iter: 7759  total_loss: 6.665  loss_ce: 0.003786  loss_mask: 0.0412  loss_dice: 0.4946  loss_ce_0: 0.08542  loss_mask_0: 0.08937  loss_dice_0: 0.9735  loss_ce_1: 0.004062  loss_mask_1: 0.05047  loss_dice_1: 0.5929  loss_ce_2: 0.003529  loss_mask_2: 0.04506  loss_dice_2: 0.5581  loss_ce_3: 0.004979  loss_mask_3: 0.04363  loss_dice_3: 0.5313  loss_ce_4: 0.005004  loss_mask_4: 0.04601  loss_dice_4: 0.5973  loss_ce_5: 0.003099  loss_mask_5: 0.04743  loss_dice_5: 0.6151  loss_ce_6: 0.003615  loss_mask_6: 0.05117  loss_dice_6: 0.5595  loss_ce_7: 0.003449  loss_mask_7: 0.04481  loss_dice_7: 0.5331  loss_ce_8: 0.003358  loss_mask_8: 0.04925  loss_dice_8: 0.581    time: 0.8065  last_time: 0.7780  data_time: 0.1094  last_data_time: 0.1094   lr: 3.362e-05  max_mem: 12316M
[03/19 02:10:52 d2.utils.events]:  eta: 2:41:54  iter: 7779  total_loss: 6.721  loss_ce: 0.009121  loss_mask: 0.03133  loss_dice: 0.5958  loss_ce_0: 0.3013  loss_mask_0: 0.04831  loss_dice_0: 0.7763  loss_ce_1: 0.01873  loss_mask_1: 0.03252  loss_dice_1: 0.5904  loss_ce_2: 0.01064  loss_mask_2: 0.03504  loss_dice_2: 0.5715  loss_ce_3: 0.008249  loss_mask_3: 0.03761  loss_dice_3: 0.6252  loss_ce_4: 0.009325  loss_mask_4: 0.03564  loss_dice_4: 0.5815  loss_ce_5: 0.01125  loss_mask_5: 0.03501  loss_dice_5: 0.5442  loss_ce_6: 0.0101  loss_mask_6: 0.03449  loss_dice_6: 0.6009  loss_ce_7: 0.009708  loss_mask_7: 0.03163  loss_dice_7: 0.5191  loss_ce_8: 0.01004  loss_mask_8: 0.0325  loss_dice_8: 0.5637    time: 0.8064  last_time: 0.7961  data_time: 0.1106  last_data_time: 0.1106   lr: 3.3546e-05  max_mem: 12316M
[03/19 02:11:08 d2.utils.events]:  eta: 2:41:38  iter: 7799  total_loss: 6.759  loss_ce: 0.02199  loss_mask: 0.02296  loss_dice: 0.6525  loss_ce_0: 0.09453  loss_mask_0: 0.02007  loss_dice_0: 0.5537  loss_ce_1: 0.01567  loss_mask_1: 0.01937  loss_dice_1: 0.5409  loss_ce_2: 0.01567  loss_mask_2: 0.02473  loss_dice_2: 0.698  loss_ce_3: 0.02299  loss_mask_3: 0.02006  loss_dice_3: 0.4968  loss_ce_4: 0.02365  loss_mask_4: 0.02048  loss_dice_4: 0.5801  loss_ce_5: 0.02393  loss_mask_5: 0.02498  loss_dice_5: 0.7149  loss_ce_6: 0.02329  loss_mask_6: 0.02575  loss_dice_6: 0.5476  loss_ce_7: 0.02144  loss_mask_7: 0.02508  loss_dice_7: 0.7432  loss_ce_8: 0.02077  loss_mask_8: 0.02421  loss_dice_8: 0.7202    time: 0.8064  last_time: 0.8110  data_time: 0.1399  last_data_time: 0.1399   lr: 3.3472e-05  max_mem: 12316M
[03/19 02:11:24 d2.utils.events]:  eta: 2:41:26  iter: 7819  total_loss: 7.041  loss_ce: 0.007226  loss_mask: 0.03428  loss_dice: 0.6718  loss_ce_0: 0.07695  loss_mask_0: 0.03997  loss_dice_0: 0.7668  loss_ce_1: 0.006676  loss_mask_1: 0.03364  loss_dice_1: 0.5528  loss_ce_2: 0.007162  loss_mask_2: 0.03199  loss_dice_2: 0.6179  loss_ce_3: 0.01598  loss_mask_3: 0.0359  loss_dice_3: 0.7007  loss_ce_4: 0.008859  loss_mask_4: 0.03341  loss_dice_4: 0.6301  loss_ce_5: 0.006565  loss_mask_5: 0.03195  loss_dice_5: 0.7147  loss_ce_6: 0.006707  loss_mask_6: 0.02967  loss_dice_6: 0.6022  loss_ce_7: 0.0066  loss_mask_7: 0.02742  loss_dice_7: 0.5851  loss_ce_8: 0.007187  loss_mask_8: 0.03369  loss_dice_8: 0.7171    time: 0.8064  last_time: 0.8860  data_time: 0.2219  last_data_time: 0.2219   lr: 3.3398e-05  max_mem: 12316M
[03/19 02:11:41 d2.utils.events]:  eta: 2:41:06  iter: 7839  total_loss: 5.883  loss_ce: 0.01367  loss_mask: 0.05303  loss_dice: 0.5238  loss_ce_0: 0.08904  loss_mask_0: 0.07493  loss_dice_0: 0.5282  loss_ce_1: 0.01384  loss_mask_1: 0.04918  loss_dice_1: 0.5312  loss_ce_2: 0.02147  loss_mask_2: 0.05053  loss_dice_2: 0.5301  loss_ce_3: 0.01744  loss_mask_3: 0.05487  loss_dice_3: 0.4566  loss_ce_4: 0.01596  loss_mask_4: 0.05006  loss_dice_4: 0.435  loss_ce_5: 0.01365  loss_mask_5: 0.05148  loss_dice_5: 0.4695  loss_ce_6: 0.01323  loss_mask_6: 0.06051  loss_dice_6: 0.5543  loss_ce_7: 0.01276  loss_mask_7: 0.05342  loss_dice_7: 0.4807  loss_ce_8: 0.01325  loss_mask_8: 0.05342  loss_dice_8: 0.5981    time: 0.8064  last_time: 0.9072  data_time: 0.2410  last_data_time: 0.2410   lr: 3.3324e-05  max_mem: 12316M
[03/19 02:11:57 d2.utils.events]:  eta: 2:40:50  iter: 7859  total_loss: 8.139  loss_ce: 0.003492  loss_mask: 0.04565  loss_dice: 0.6677  loss_ce_0: 0.1463  loss_mask_0: 0.05968  loss_dice_0: 0.8408  loss_ce_1: 0.01076  loss_mask_1: 0.05133  loss_dice_1: 0.7421  loss_ce_2: 0.006426  loss_mask_2: 0.04834  loss_dice_2: 0.7979  loss_ce_3: 0.004792  loss_mask_3: 0.04312  loss_dice_3: 0.6584  loss_ce_4: 0.005451  loss_mask_4: 0.04631  loss_dice_4: 0.7445  loss_ce_5: 0.005445  loss_mask_5: 0.04788  loss_dice_5: 0.8398  loss_ce_6: 0.004538  loss_mask_6: 0.05465  loss_dice_6: 0.7288  loss_ce_7: 0.004307  loss_mask_7: 0.05121  loss_dice_7: 0.7479  loss_ce_8: 0.003735  loss_mask_8: 0.05168  loss_dice_8: 0.6757    time: 0.8064  last_time: 0.8013  data_time: 0.1415  last_data_time: 0.1415   lr: 3.325e-05  max_mem: 12316M
[03/19 02:12:13 d2.utils.events]:  eta: 2:40:33  iter: 7879  total_loss: 8.506  loss_ce: 0.1708  loss_mask: 0.04067  loss_dice: 0.5872  loss_ce_0: 0.2163  loss_mask_0: 0.04299  loss_dice_0: 0.6608  loss_ce_1: 0.2026  loss_mask_1: 0.04886  loss_dice_1: 0.6284  loss_ce_2: 0.1615  loss_mask_2: 0.04085  loss_dice_2: 0.6642  loss_ce_3: 0.1803  loss_mask_3: 0.05251  loss_dice_3: 0.6812  loss_ce_4: 0.1477  loss_mask_4: 0.04435  loss_dice_4: 0.612  loss_ce_5: 0.1621  loss_mask_5: 0.03708  loss_dice_5: 0.5545  loss_ce_6: 0.1434  loss_mask_6: 0.04525  loss_dice_6: 0.6369  loss_ce_7: 0.1894  loss_mask_7: 0.04078  loss_dice_7: 0.5885  loss_ce_8: 0.154  loss_mask_8: 0.04636  loss_dice_8: 0.7249    time: 0.8064  last_time: 0.9810  data_time: 0.3108  last_data_time: 0.3108   lr: 3.3176e-05  max_mem: 12316M
[03/19 02:12:29 d2.utils.events]:  eta: 2:40:22  iter: 7899  total_loss: 9.592  loss_ce: 0.02838  loss_mask: 0.08571  loss_dice: 0.8174  loss_ce_0: 0.2801  loss_mask_0: 0.208  loss_dice_0: 0.969  loss_ce_1: 0.1164  loss_mask_1: 0.1018  loss_dice_1: 0.7313  loss_ce_2: 0.03666  loss_mask_2: 0.1063  loss_dice_2: 0.771  loss_ce_3: 0.02301  loss_mask_3: 0.1055  loss_dice_3: 0.6884  loss_ce_4: 0.02447  loss_mask_4: 0.1017  loss_dice_4: 0.7149  loss_ce_5: 0.0263  loss_mask_5: 0.1066  loss_dice_5: 0.8091  loss_ce_6: 0.02635  loss_mask_6: 0.09288  loss_dice_6: 0.7783  loss_ce_7: 0.02517  loss_mask_7: 0.08891  loss_dice_7: 0.8321  loss_ce_8: 0.0295  loss_mask_8: 0.09894  loss_dice_8: 0.7678    time: 0.8064  last_time: 0.8269  data_time: 0.1489  last_data_time: 0.1489   lr: 3.3102e-05  max_mem: 12316M
[03/19 02:12:46 d2.utils.events]:  eta: 2:40:02  iter: 7919  total_loss: 13.9  loss_ce: 0.1037  loss_mask: 0.1439  loss_dice: 1.061  loss_ce_0: 0.4116  loss_mask_0: 0.1461  loss_dice_0: 1.098  loss_ce_1: 0.1967  loss_mask_1: 0.1722  loss_dice_1: 0.998  loss_ce_2: 0.1127  loss_mask_2: 0.1849  loss_dice_2: 1.009  loss_ce_3: 0.09141  loss_mask_3: 0.1532  loss_dice_3: 1.03  loss_ce_4: 0.1544  loss_mask_4: 0.1582  loss_dice_4: 1.041  loss_ce_5: 0.1532  loss_mask_5: 0.1473  loss_dice_5: 1.134  loss_ce_6: 0.1498  loss_mask_6: 0.1795  loss_dice_6: 1.049  loss_ce_7: 0.1854  loss_mask_7: 0.1329  loss_dice_7: 1.112  loss_ce_8: 0.1662  loss_mask_8: 0.1304  loss_dice_8: 1.09    time: 0.8064  last_time: 0.8363  data_time: 0.1473  last_data_time: 0.1473   lr: 3.3027e-05  max_mem: 12316M
[03/19 02:13:02 d2.utils.events]:  eta: 2:39:46  iter: 7939  total_loss: 7.515  loss_ce: 0.005298  loss_mask: 0.04469  loss_dice: 0.7551  loss_ce_0: 0.07833  loss_mask_0: 0.0537  loss_dice_0: 0.6314  loss_ce_1: 0.009882  loss_mask_1: 0.04353  loss_dice_1: 0.6708  loss_ce_2: 0.00785  loss_mask_2: 0.04891  loss_dice_2: 0.68  loss_ce_3: 0.006316  loss_mask_3: 0.05123  loss_dice_3: 0.6688  loss_ce_4: 0.007567  loss_mask_4: 0.0538  loss_dice_4: 0.722  loss_ce_5: 0.005924  loss_mask_5: 0.04575  loss_dice_5: 0.6535  loss_ce_6: 0.005293  loss_mask_6: 0.04873  loss_dice_6: 0.6137  loss_ce_7: 0.0048  loss_mask_7: 0.04832  loss_dice_7: 0.7221  loss_ce_8: 0.005611  loss_mask_8: 0.04323  loss_dice_8: 0.779    time: 0.8064  last_time: 0.9314  data_time: 0.1684  last_data_time: 0.1684   lr: 3.2953e-05  max_mem: 12316M
[03/19 02:13:18 d2.utils.events]:  eta: 2:39:28  iter: 7959  total_loss: 9.068  loss_ce: 0.04594  loss_mask: 0.0422  loss_dice: 0.7985  loss_ce_0: 0.2085  loss_mask_0: 0.05256  loss_dice_0: 0.8443  loss_ce_1: 0.1538  loss_mask_1: 0.05762  loss_dice_1: 0.8344  loss_ce_2: 0.09154  loss_mask_2: 0.03723  loss_dice_2: 0.7427  loss_ce_3: 0.04052  loss_mask_3: 0.04364  loss_dice_3: 0.7092  loss_ce_4: 0.04541  loss_mask_4: 0.03326  loss_dice_4: 0.6419  loss_ce_5: 0.04064  loss_mask_5: 0.04862  loss_dice_5: 1.032  loss_ce_6: 0.03936  loss_mask_6: 0.04432  loss_dice_6: 0.7565  loss_ce_7: 0.04623  loss_mask_7: 0.04421  loss_dice_7: 0.7218  loss_ce_8: 0.04702  loss_mask_8: 0.04588  loss_dice_8: 0.7777    time: 0.8064  last_time: 0.8736  data_time: 0.2122  last_data_time: 0.2122   lr: 3.2878e-05  max_mem: 12316M
[03/19 02:13:34 d2.utils.events]:  eta: 2:39:15  iter: 7979  total_loss: 4.901  loss_ce: 0.006413  loss_mask: 0.03991  loss_dice: 0.4199  loss_ce_0: 0.08367  loss_mask_0: 0.0327  loss_dice_0: 0.3978  loss_ce_1: 0.006835  loss_mask_1: 0.02768  loss_dice_1: 0.3455  loss_ce_2: 0.007462  loss_mask_2: 0.04243  loss_dice_2: 0.4604  loss_ce_3: 0.004815  loss_mask_3: 0.0403  loss_dice_3: 0.4545  loss_ce_4: 0.005624  loss_mask_4: 0.03848  loss_dice_4: 0.4368  loss_ce_5: 0.00618  loss_mask_5: 0.04862  loss_dice_5: 0.5154  loss_ce_6: 0.005544  loss_mask_6: 0.04066  loss_dice_6: 0.4034  loss_ce_7: 0.005385  loss_mask_7: 0.03937  loss_dice_7: 0.4754  loss_ce_8: 0.005753  loss_mask_8: 0.03527  loss_dice_8: 0.4691    time: 0.8064  last_time: 0.7771  data_time: 0.1073  last_data_time: 0.1073   lr: 3.2804e-05  max_mem: 12316M
[03/19 02:13:51 d2.utils.events]:  eta: 2:38:59  iter: 7999  total_loss: 4.382  loss_ce: 0.004614  loss_mask: 0.0504  loss_dice: 0.3407  loss_ce_0: 0.1169  loss_mask_0: 0.07136  loss_dice_0: 0.447  loss_ce_1: 0.006622  loss_mask_1: 0.05381  loss_dice_1: 0.346  loss_ce_2: 0.008315  loss_mask_2: 0.05568  loss_dice_2: 0.3485  loss_ce_3: 0.006246  loss_mask_3: 0.0482  loss_dice_3: 0.3311  loss_ce_4: 0.006327  loss_mask_4: 0.06095  loss_dice_4: 0.3874  loss_ce_5: 0.00717  loss_mask_5: 0.05886  loss_dice_5: 0.3894  loss_ce_6: 0.006209  loss_mask_6: 0.05386  loss_dice_6: 0.3661  loss_ce_7: 0.00462  loss_mask_7: 0.04731  loss_dice_7: 0.3517  loss_ce_8: 0.004734  loss_mask_8: 0.05046  loss_dice_8: 0.3511    time: 0.8064  last_time: 0.8347  data_time: 0.1660  last_data_time: 0.1660   lr: 3.2729e-05  max_mem: 12316M
[03/19 02:14:07 d2.utils.events]:  eta: 2:38:43  iter: 8019  total_loss: 5.425  loss_ce: 0.0124  loss_mask: 0.04481  loss_dice: 0.4049  loss_ce_0: 0.2671  loss_mask_0: 0.04571  loss_dice_0: 0.4881  loss_ce_1: 0.0363  loss_mask_1: 0.05088  loss_dice_1: 0.5006  loss_ce_2: 0.02179  loss_mask_2: 0.04743  loss_dice_2: 0.4604  loss_ce_3: 0.01857  loss_mask_3: 0.0503  loss_dice_3: 0.4583  loss_ce_4: 0.01758  loss_mask_4: 0.04821  loss_dice_4: 0.4535  loss_ce_5: 0.01287  loss_mask_5: 0.04388  loss_dice_5: 0.4277  loss_ce_6: 0.01042  loss_mask_6: 0.04545  loss_dice_6: 0.4443  loss_ce_7: 0.0116  loss_mask_7: 0.04505  loss_dice_7: 0.4623  loss_ce_8: 0.01126  loss_mask_8: 0.04674  loss_dice_8: 0.4367    time: 0.8064  last_time: 0.8426  data_time: 0.1795  last_data_time: 0.1795   lr: 3.2654e-05  max_mem: 12316M
[03/19 02:14:23 d2.utils.events]:  eta: 2:38:33  iter: 8039  total_loss: 5.952  loss_ce: 0.02296  loss_mask: 0.04775  loss_dice: 0.5293  loss_ce_0: 0.1894  loss_mask_0: 0.05723  loss_dice_0: 0.511  loss_ce_1: 0.02953  loss_mask_1: 0.04302  loss_dice_1: 0.4688  loss_ce_2: 0.01695  loss_mask_2: 0.04614  loss_dice_2: 0.4702  loss_ce_3: 0.01943  loss_mask_3: 0.04791  loss_dice_3: 0.5301  loss_ce_4: 0.02666  loss_mask_4: 0.04197  loss_dice_4: 0.4964  loss_ce_5: 0.02397  loss_mask_5: 0.04429  loss_dice_5: 0.4879  loss_ce_6: 0.01948  loss_mask_6: 0.04572  loss_dice_6: 0.5656  loss_ce_7: 0.02295  loss_mask_7: 0.04455  loss_dice_7: 0.5201  loss_ce_8: 0.02262  loss_mask_8: 0.04645  loss_dice_8: 0.5133    time: 0.8064  last_time: 0.8040  data_time: 0.1377  last_data_time: 0.1377   lr: 3.258e-05  max_mem: 12316M
[03/19 02:14:39 d2.utils.events]:  eta: 2:38:13  iter: 8059  total_loss: 7.568  loss_ce: 0.06825  loss_mask: 0.02903  loss_dice: 0.6752  loss_ce_0: 0.2404  loss_mask_0: 0.03781  loss_dice_0: 0.6898  loss_ce_1: 0.08483  loss_mask_1: 0.031  loss_dice_1: 0.6288  loss_ce_2: 0.08325  loss_mask_2: 0.02895  loss_dice_2: 0.6648  loss_ce_3: 0.03217  loss_mask_3: 0.02855  loss_dice_3: 0.567  loss_ce_4: 0.04342  loss_mask_4: 0.03067  loss_dice_4: 0.6197  loss_ce_5: 0.04305  loss_mask_5: 0.0347  loss_dice_5: 0.6499  loss_ce_6: 0.0725  loss_mask_6: 0.02786  loss_dice_6: 0.5875  loss_ce_7: 0.1034  loss_mask_7: 0.03074  loss_dice_7: 0.6813  loss_ce_8: 0.07194  loss_mask_8: 0.03097  loss_dice_8: 0.6505    time: 0.8064  last_time: 0.7957  data_time: 0.1246  last_data_time: 0.1246   lr: 3.2505e-05  max_mem: 12316M
[03/19 02:14:55 d2.utils.events]:  eta: 2:37:55  iter: 8079  total_loss: 5.816  loss_ce: 0.00415  loss_mask: 0.04717  loss_dice: 0.5228  loss_ce_0: 0.08994  loss_mask_0: 0.06592  loss_dice_0: 0.6119  loss_ce_1: 0.006333  loss_mask_1: 0.04525  loss_dice_1: 0.4801  loss_ce_2: 0.005905  loss_mask_2: 0.05294  loss_dice_2: 0.5448  loss_ce_3: 0.006385  loss_mask_3: 0.05149  loss_dice_3: 0.466  loss_ce_4: 0.00634  loss_mask_4: 0.0532  loss_dice_4: 0.5039  loss_ce_5: 0.005526  loss_mask_5: 0.04974  loss_dice_5: 0.5158  loss_ce_6: 0.005497  loss_mask_6: 0.05471  loss_dice_6: 0.5287  loss_ce_7: 0.004982  loss_mask_7: 0.04068  loss_dice_7: 0.503  loss_ce_8: 0.004462  loss_mask_8: 0.04686  loss_dice_8: 0.4917    time: 0.8064  last_time: 0.8126  data_time: 0.1534  last_data_time: 0.1534   lr: 3.243e-05  max_mem: 12316M
[03/19 02:15:11 d2.utils.events]:  eta: 2:37:35  iter: 8099  total_loss: 5.657  loss_ce: 0.006754  loss_mask: 0.03614  loss_dice: 0.4751  loss_ce_0: 0.1909  loss_mask_0: 0.04324  loss_dice_0: 0.5002  loss_ce_1: 0.103  loss_mask_1: 0.04031  loss_dice_1: 0.4952  loss_ce_2: 0.03159  loss_mask_2: 0.03658  loss_dice_2: 0.502  loss_ce_3: 0.00919  loss_mask_3: 0.03743  loss_dice_3: 0.5429  loss_ce_4: 0.008056  loss_mask_4: 0.03412  loss_dice_4: 0.4392  loss_ce_5: 0.008735  loss_mask_5: 0.03678  loss_dice_5: 0.4453  loss_ce_6: 0.00814  loss_mask_6: 0.03961  loss_dice_6: 0.5066  loss_ce_7: 0.007566  loss_mask_7: 0.03236  loss_dice_7: 0.444  loss_ce_8: 0.006566  loss_mask_8: 0.0413  loss_dice_8: 0.5485    time: 0.8064  last_time: 0.7848  data_time: 0.1185  last_data_time: 0.1185   lr: 3.2355e-05  max_mem: 12316M
[03/19 02:15:27 d2.utils.events]:  eta: 2:37:16  iter: 8119  total_loss: 5.64  loss_ce: 0.006989  loss_mask: 0.04706  loss_dice: 0.5251  loss_ce_0: 0.08403  loss_mask_0: 0.05632  loss_dice_0: 0.5682  loss_ce_1: 0.008153  loss_mask_1: 0.0406  loss_dice_1: 0.4388  loss_ce_2: 0.006932  loss_mask_2: 0.04077  loss_dice_2: 0.4622  loss_ce_3: 0.006855  loss_mask_3: 0.04083  loss_dice_3: 0.4728  loss_ce_4: 0.006677  loss_mask_4: 0.0451  loss_dice_4: 0.5082  loss_ce_5: 0.005685  loss_mask_5: 0.04513  loss_dice_5: 0.5999  loss_ce_6: 0.005857  loss_mask_6: 0.04425  loss_dice_6: 0.5114  loss_ce_7: 0.004735  loss_mask_7: 0.04453  loss_dice_7: 0.482  loss_ce_8: 0.005876  loss_mask_8: 0.04663  loss_dice_8: 0.4787    time: 0.8063  last_time: 0.7856  data_time: 0.1057  last_data_time: 0.1057   lr: 3.228e-05  max_mem: 12316M
[03/19 02:15:44 d2.utils.events]:  eta: 2:37:07  iter: 8139  total_loss: 8.138  loss_ce: 0.006143  loss_mask: 0.02421  loss_dice: 0.6398  loss_ce_0: 0.1494  loss_mask_0: 0.031  loss_dice_0: 0.8317  loss_ce_1: 0.01886  loss_mask_1: 0.03098  loss_dice_1: 0.7307  loss_ce_2: 0.01822  loss_mask_2: 0.02884  loss_dice_2: 0.7295  loss_ce_3: 0.0085  loss_mask_3: 0.02839  loss_dice_3: 0.7479  loss_ce_4: 0.005974  loss_mask_4: 0.02396  loss_dice_4: 0.7385  loss_ce_5: 0.006958  loss_mask_5: 0.02857  loss_dice_5: 0.8215  loss_ce_6: 0.004491  loss_mask_6: 0.03331  loss_dice_6: 0.8467  loss_ce_7: 0.00541  loss_mask_7: 0.03389  loss_dice_7: 0.8511  loss_ce_8: 0.00596  loss_mask_8: 0.02646  loss_dice_8: 0.6809    time: 0.8064  last_time: 0.7699  data_time: 0.1122  last_data_time: 0.1122   lr: 3.2204e-05  max_mem: 12316M
[03/19 02:16:00 d2.utils.events]:  eta: 2:36:46  iter: 8159  total_loss: 8.299  loss_ce: 0.01703  loss_mask: 0.0451  loss_dice: 0.9528  loss_ce_0: 0.08367  loss_mask_0: 0.06123  loss_dice_0: 0.7135  loss_ce_1: 0.01724  loss_mask_1: 0.03907  loss_dice_1: 0.639  loss_ce_2: 0.03609  loss_mask_2: 0.04132  loss_dice_2: 0.6728  loss_ce_3: 0.02736  loss_mask_3: 0.03919  loss_dice_3: 0.6288  loss_ce_4: 0.02714  loss_mask_4: 0.04469  loss_dice_4: 0.8592  loss_ce_5: 0.02672  loss_mask_5: 0.04859  loss_dice_5: 0.9239  loss_ce_6: 0.0217  loss_mask_6: 0.04311  loss_dice_6: 0.7396  loss_ce_7: 0.01866  loss_mask_7: 0.03741  loss_dice_7: 0.6555  loss_ce_8: 0.01715  loss_mask_8: 0.04566  loss_dice_8: 0.7755    time: 0.8063  last_time: 0.7773  data_time: 0.1069  last_data_time: 0.1069   lr: 3.2129e-05  max_mem: 12316M
[03/19 02:16:16 d2.utils.events]:  eta: 2:36:32  iter: 8179  total_loss: 6.097  loss_ce: 0.01079  loss_mask: 0.0331  loss_dice: 0.7056  loss_ce_0: 0.07672  loss_mask_0: 0.03567  loss_dice_0: 0.514  loss_ce_1: 0.01428  loss_mask_1: 0.03053  loss_dice_1: 0.5138  loss_ce_2: 0.01399  loss_mask_2: 0.02992  loss_dice_2: 0.4661  loss_ce_3: 0.01309  loss_mask_3: 0.0297  loss_dice_3: 0.5257  loss_ce_4: 0.01109  loss_mask_4: 0.02968  loss_dice_4: 0.5295  loss_ce_5: 0.009492  loss_mask_5: 0.03063  loss_dice_5: 0.5692  loss_ce_6: 0.01113  loss_mask_6: 0.03196  loss_dice_6: 0.6239  loss_ce_7: 0.01103  loss_mask_7: 0.02967  loss_dice_7: 0.5672  loss_ce_8: 0.01012  loss_mask_8: 0.0293  loss_dice_8: 0.5904    time: 0.8064  last_time: 0.8168  data_time: 0.1495  last_data_time: 0.1495   lr: 3.2054e-05  max_mem: 12316M
[03/19 02:16:33 d2.utils.events]:  eta: 2:36:18  iter: 8199  total_loss: 10.11  loss_ce: 0.03404  loss_mask: 0.0393  loss_dice: 0.8733  loss_ce_0: 0.3571  loss_mask_0: 0.04374  loss_dice_0: 0.805  loss_ce_1: 0.13  loss_mask_1: 0.04822  loss_dice_1: 0.911  loss_ce_2: 0.1352  loss_mask_2: 0.03515  loss_dice_2: 0.7734  loss_ce_3: 0.04024  loss_mask_3: 0.04456  loss_dice_3: 0.9045  loss_ce_4: 0.1649  loss_mask_4: 0.04347  loss_dice_4: 0.8161  loss_ce_5: 0.03401  loss_mask_5: 0.03813  loss_dice_5: 0.8585  loss_ce_6: 0.154  loss_mask_6: 0.04708  loss_dice_6: 0.8254  loss_ce_7: 0.0309  loss_mask_7: 0.04003  loss_dice_7: 0.8749  loss_ce_8: 0.03253  loss_mask_8: 0.04206  loss_dice_8: 0.9352    time: 0.8063  last_time: 0.8334  data_time: 0.1249  last_data_time: 0.1249   lr: 3.1979e-05  max_mem: 12316M
[03/19 02:16:49 d2.utils.events]:  eta: 2:35:53  iter: 8219  total_loss: 7.539  loss_ce: 0.0127  loss_mask: 0.05287  loss_dice: 0.7395  loss_ce_0: 0.09112  loss_mask_0: 0.06457  loss_dice_0: 0.6917  loss_ce_1: 0.02371  loss_mask_1: 0.05638  loss_dice_1: 0.6776  loss_ce_2: 0.02004  loss_mask_2: 0.05258  loss_dice_2: 0.6305  loss_ce_3: 0.01618  loss_mask_3: 0.06027  loss_dice_3: 0.7014  loss_ce_4: 0.01202  loss_mask_4: 0.05121  loss_dice_4: 0.7049  loss_ce_5: 0.01091  loss_mask_5: 0.04522  loss_dice_5: 0.7098  loss_ce_6: 0.01133  loss_mask_6: 0.05366  loss_dice_6: 0.6138  loss_ce_7: 0.01252  loss_mask_7: 0.04971  loss_dice_7: 0.6508  loss_ce_8: 0.01245  loss_mask_8: 0.05518  loss_dice_8: 0.6542    time: 0.8063  last_time: 0.8435  data_time: 0.1723  last_data_time: 0.1723   lr: 3.1903e-05  max_mem: 12316M
[03/19 02:17:05 d2.utils.events]:  eta: 2:35:42  iter: 8239  total_loss: 5.345  loss_ce: 0.008301  loss_mask: 0.02951  loss_dice: 0.4393  loss_ce_0: 0.08427  loss_mask_0: 0.04119  loss_dice_0: 0.5635  loss_ce_1: 0.01519  loss_mask_1: 0.0339  loss_dice_1: 0.4514  loss_ce_2: 0.01234  loss_mask_2: 0.03427  loss_dice_2: 0.544  loss_ce_3: 0.01223  loss_mask_3: 0.02828  loss_dice_3: 0.4587  loss_ce_4: 0.01521  loss_mask_4: 0.02774  loss_dice_4: 0.451  loss_ce_5: 0.01414  loss_mask_5: 0.03235  loss_dice_5: 0.4867  loss_ce_6: 0.01353  loss_mask_6: 0.02619  loss_dice_6: 0.4466  loss_ce_7: 0.01165  loss_mask_7: 0.03392  loss_dice_7: 0.4767  loss_ce_8: 0.01002  loss_mask_8: 0.03413  loss_dice_8: 0.5086    time: 0.8063  last_time: 0.7803  data_time: 0.1069  last_data_time: 0.1069   lr: 3.1828e-05  max_mem: 12316M
[03/19 02:17:22 d2.utils.events]:  eta: 2:35:22  iter: 8259  total_loss: 9.941  loss_ce: 0.1554  loss_mask: 0.07059  loss_dice: 0.8294  loss_ce_0: 0.427  loss_mask_0: 0.1174  loss_dice_0: 1.018  loss_ce_1: 0.09153  loss_mask_1: 0.07172  loss_dice_1: 0.7185  loss_ce_2: 0.08074  loss_mask_2: 0.07431  loss_dice_2: 0.7664  loss_ce_3: 0.07303  loss_mask_3: 0.07491  loss_dice_3: 0.7704  loss_ce_4: 0.08659  loss_mask_4: 0.07677  loss_dice_4: 0.7382  loss_ce_5: 0.06598  loss_mask_5: 0.07331  loss_dice_5: 0.71  loss_ce_6: 0.1526  loss_mask_6: 0.07005  loss_dice_6: 0.7675  loss_ce_7: 0.07532  loss_mask_7: 0.06319  loss_dice_7: 0.8149  loss_ce_8: 0.07184  loss_mask_8: 0.06509  loss_dice_8: 0.7699    time: 0.8064  last_time: 0.8657  data_time: 0.1774  last_data_time: 0.1774   lr: 3.1752e-05  max_mem: 12316M
[03/19 02:17:38 d2.utils.events]:  eta: 2:35:02  iter: 8279  total_loss: 12.41  loss_ce: 0.07611  loss_mask: 0.05119  loss_dice: 0.9637  loss_ce_0: 0.2078  loss_mask_0: 0.06588  loss_dice_0: 1.125  loss_ce_1: 0.1503  loss_mask_1: 0.06754  loss_dice_1: 1.035  loss_ce_2: 0.04336  loss_mask_2: 0.0538  loss_dice_2: 0.9818  loss_ce_3: 0.03036  loss_mask_3: 0.04983  loss_dice_3: 1.127  loss_ce_4: 0.02888  loss_mask_4: 0.05915  loss_dice_4: 1.132  loss_ce_5: 0.08135  loss_mask_5: 0.05092  loss_dice_5: 1.146  loss_ce_6: 0.08248  loss_mask_6: 0.07088  loss_dice_6: 1.12  loss_ce_7: 0.07595  loss_mask_7: 0.06013  loss_dice_7: 1.195  loss_ce_8: 0.03245  loss_mask_8: 0.05905  loss_dice_8: 1.188    time: 0.8063  last_time: 0.8897  data_time: 0.2222  last_data_time: 0.2222   lr: 3.1676e-05  max_mem: 12316M
[03/19 02:17:54 d2.utils.events]:  eta: 2:34:36  iter: 8299  total_loss: 6.788  loss_ce: 0.08821  loss_mask: 0.0489  loss_dice: 0.479  loss_ce_0: 0.1357  loss_mask_0: 0.07685  loss_dice_0: 0.6966  loss_ce_1: 0.09062  loss_mask_1: 0.05086  loss_dice_1: 0.4957  loss_ce_2: 0.1025  loss_mask_2: 0.05044  loss_dice_2: 0.4906  loss_ce_3: 0.09481  loss_mask_3: 0.05292  loss_dice_3: 0.4866  loss_ce_4: 0.07918  loss_mask_4: 0.05388  loss_dice_4: 0.5713  loss_ce_5: 0.1015  loss_mask_5: 0.05093  loss_dice_5: 0.5381  loss_ce_6: 0.1031  loss_mask_6: 0.05038  loss_dice_6: 0.4951  loss_ce_7: 0.09539  loss_mask_7: 0.04693  loss_dice_7: 0.5641  loss_ce_8: 0.09569  loss_mask_8: 0.04168  loss_dice_8: 0.4606    time: 0.8063  last_time: 0.7960  data_time: 0.1218  last_data_time: 0.1218   lr: 3.1601e-05  max_mem: 12316M
[03/19 02:18:10 d2.utils.events]:  eta: 2:34:18  iter: 8319  total_loss: 8.29  loss_ce: 0.007844  loss_mask: 0.03414  loss_dice: 0.7125  loss_ce_0: 0.09723  loss_mask_0: 0.03834  loss_dice_0: 0.8249  loss_ce_1: 0.02625  loss_mask_1: 0.04815  loss_dice_1: 1.053  loss_ce_2: 0.05909  loss_mask_2: 0.0385  loss_dice_2: 0.7325  loss_ce_3: 0.009863  loss_mask_3: 0.03599  loss_dice_3: 0.7031  loss_ce_4: 0.008899  loss_mask_4: 0.03059  loss_dice_4: 0.6497  loss_ce_5: 0.008086  loss_mask_5: 0.03127  loss_dice_5: 0.8003  loss_ce_6: 0.007977  loss_mask_6: 0.03515  loss_dice_6: 0.6973  loss_ce_7: 0.008554  loss_mask_7: 0.03383  loss_dice_7: 0.7727  loss_ce_8: 0.008117  loss_mask_8: 0.03564  loss_dice_8: 0.7404    time: 0.8063  last_time: 0.8126  data_time: 0.1396  last_data_time: 0.1396   lr: 3.1525e-05  max_mem: 12316M
[03/19 02:18:27 d2.utils.events]:  eta: 2:34:11  iter: 8339  total_loss: 9.563  loss_ce: 0.02374  loss_mask: 0.03179  loss_dice: 0.8264  loss_ce_0: 0.1666  loss_mask_0: 0.04  loss_dice_0: 1.11  loss_ce_1: 0.08892  loss_mask_1: 0.03726  loss_dice_1: 1.083  loss_ce_2: 0.1286  loss_mask_2: 0.04296  loss_dice_2: 0.9724  loss_ce_3: 0.04322  loss_mask_3: 0.0302  loss_dice_3: 0.759  loss_ce_4: 0.04585  loss_mask_4: 0.03798  loss_dice_4: 1.016  loss_ce_5: 0.03424  loss_mask_5: 0.02749  loss_dice_5: 0.4484  loss_ce_6: 0.03016  loss_mask_6: 0.03204  loss_dice_6: 0.7259  loss_ce_7: 0.02692  loss_mask_7: 0.02931  loss_dice_7: 0.7602  loss_ce_8: 0.02352  loss_mask_8: 0.03241  loss_dice_8: 0.9085    time: 0.8063  last_time: 0.8252  data_time: 0.1499  last_data_time: 0.1499   lr: 3.1449e-05  max_mem: 12316M
[03/19 02:18:43 d2.utils.events]:  eta: 2:33:56  iter: 8359  total_loss: 10.43  loss_ce: 0.09743  loss_mask: 0.05691  loss_dice: 0.9613  loss_ce_0: 0.1473  loss_mask_0: 0.084  loss_dice_0: 1.055  loss_ce_1: 0.09463  loss_mask_1: 0.05651  loss_dice_1: 0.8871  loss_ce_2: 0.114  loss_mask_2: 0.05061  loss_dice_2: 0.7724  loss_ce_3: 0.1023  loss_mask_3: 0.05481  loss_dice_3: 0.7439  loss_ce_4: 0.102  loss_mask_4: 0.06025  loss_dice_4: 0.887  loss_ce_5: 0.09669  loss_mask_5: 0.04741  loss_dice_5: 0.8718  loss_ce_6: 0.09722  loss_mask_6: 0.05211  loss_dice_6: 0.8579  loss_ce_7: 0.1002  loss_mask_7: 0.05137  loss_dice_7: 0.8775  loss_ce_8: 0.09211  loss_mask_8: 0.05047  loss_dice_8: 0.9046    time: 0.8063  last_time: 0.8312  data_time: 0.1214  last_data_time: 0.1214   lr: 3.1373e-05  max_mem: 12316M
[03/19 02:18:59 d2.utils.events]:  eta: 2:33:40  iter: 8379  total_loss: 7.551  loss_ce: 0.008096  loss_mask: 0.05048  loss_dice: 0.7008  loss_ce_0: 0.09263  loss_mask_0: 0.06917  loss_dice_0: 0.5405  loss_ce_1: 0.008343  loss_mask_1: 0.05442  loss_dice_1: 0.6482  loss_ce_2: 0.007304  loss_mask_2: 0.0507  loss_dice_2: 0.5598  loss_ce_3: 0.01103  loss_mask_3: 0.05744  loss_dice_3: 0.7844  loss_ce_4: 0.008303  loss_mask_4: 0.05975  loss_dice_4: 0.7687  loss_ce_5: 0.009669  loss_mask_5: 0.05826  loss_dice_5: 0.6761  loss_ce_6: 0.008448  loss_mask_6: 0.05706  loss_dice_6: 0.6831  loss_ce_7: 0.007491  loss_mask_7: 0.05482  loss_dice_7: 0.7043  loss_ce_8: 0.008147  loss_mask_8: 0.04994  loss_dice_8: 0.7532    time: 0.8063  last_time: 0.8459  data_time: 0.1928  last_data_time: 0.1928   lr: 3.1297e-05  max_mem: 12316M
[03/19 02:19:15 d2.utils.events]:  eta: 2:33:20  iter: 8399  total_loss: 13.61  loss_ce: 0.09948  loss_mask: 0.06157  loss_dice: 1.123  loss_ce_0: 0.2675  loss_mask_0: 0.08639  loss_dice_0: 1.207  loss_ce_1: 0.1876  loss_mask_1: 0.07636  loss_dice_1: 1.208  loss_ce_2: 0.2524  loss_mask_2: 0.07428  loss_dice_2: 1.19  loss_ce_3: 0.09918  loss_mask_3: 0.09711  loss_dice_3: 1.432  loss_ce_4: 0.1013  loss_mask_4: 0.05242  loss_dice_4: 1.104  loss_ce_5: 0.1043  loss_mask_5: 0.05539  loss_dice_5: 1.041  loss_ce_6: 0.119  loss_mask_6: 0.05809  loss_dice_6: 1.049  loss_ce_7: 0.1074  loss_mask_7: 0.05615  loss_dice_7: 1.085  loss_ce_8: 0.101  loss_mask_8: 0.06167  loss_dice_8: 1.055    time: 0.8063  last_time: 0.8224  data_time: 0.1511  last_data_time: 0.1511   lr: 3.1221e-05  max_mem: 12316M
[03/19 02:19:31 d2.utils.events]:  eta: 2:32:57  iter: 8419  total_loss: 11.2  loss_ce: 0.02177  loss_mask: 0.07198  loss_dice: 0.8551  loss_ce_0: 0.1406  loss_mask_0: 0.11  loss_dice_0: 1.173  loss_ce_1: 0.09218  loss_mask_1: 0.06989  loss_dice_1: 1.162  loss_ce_2: 0.01193  loss_mask_2: 0.08115  loss_dice_2: 0.9738  loss_ce_3: 0.01853  loss_mask_3: 0.06853  loss_dice_3: 0.8483  loss_ce_4: 0.02824  loss_mask_4: 0.07841  loss_dice_4: 0.9151  loss_ce_5: 0.09372  loss_mask_5: 0.0873  loss_dice_5: 0.991  loss_ce_6: 0.02644  loss_mask_6: 0.08278  loss_dice_6: 1.049  loss_ce_7: 0.02396  loss_mask_7: 0.06859  loss_dice_7: 0.9156  loss_ce_8: 0.02311  loss_mask_8: 0.08165  loss_dice_8: 1.033    time: 0.8063  last_time: 0.7856  data_time: 0.1165  last_data_time: 0.1165   lr: 3.1145e-05  max_mem: 12316M
[03/19 02:19:48 d2.utils.events]:  eta: 2:32:41  iter: 8439  total_loss: 8.776  loss_ce: 0.02345  loss_mask: 0.02669  loss_dice: 0.5245  loss_ce_0: 0.1236  loss_mask_0: 0.03982  loss_dice_0: 0.9283  loss_ce_1: 0.0231  loss_mask_1: 0.03281  loss_dice_1: 0.8328  loss_ce_2: 0.02771  loss_mask_2: 0.03037  loss_dice_2: 0.8111  loss_ce_3: 0.02624  loss_mask_3: 0.02806  loss_dice_3: 0.7049  loss_ce_4: 0.02095  loss_mask_4: 0.0292  loss_dice_4: 0.6916  loss_ce_5: 0.01831  loss_mask_5: 0.03593  loss_dice_5: 0.9673  loss_ce_6: 0.02205  loss_mask_6: 0.03169  loss_dice_6: 0.8324  loss_ce_7: 0.05566  loss_mask_7: 0.04107  loss_dice_7: 1.09  loss_ce_8: 0.02478  loss_mask_8: 0.03355  loss_dice_8: 0.6985    time: 0.8063  last_time: 0.8257  data_time: 0.1619  last_data_time: 0.1619   lr: 3.1069e-05  max_mem: 12316M
[03/19 02:20:04 d2.utils.events]:  eta: 2:32:32  iter: 8459  total_loss: 8.807  loss_ce: 0.08275  loss_mask: 0.03149  loss_dice: 0.7385  loss_ce_0: 0.4051  loss_mask_0: 0.0428  loss_dice_0: 0.5048  loss_ce_1: 0.1987  loss_mask_1: 0.04504  loss_dice_1: 0.8577  loss_ce_2: 0.1063  loss_mask_2: 0.0457  loss_dice_2: 0.8178  loss_ce_3: 0.07052  loss_mask_3: 0.0292  loss_dice_3: 0.7638  loss_ce_4: 0.07818  loss_mask_4: 0.03204  loss_dice_4: 0.7769  loss_ce_5: 0.1059  loss_mask_5: 0.03829  loss_dice_5: 0.6381  loss_ce_6: 0.07418  loss_mask_6: 0.02982  loss_dice_6: 0.6437  loss_ce_7: 0.07252  loss_mask_7: 0.02975  loss_dice_7: 0.7233  loss_ce_8: 0.07905  loss_mask_8: 0.0348  loss_dice_8: 0.7104    time: 0.8063  last_time: 0.8176  data_time: 0.1385  last_data_time: 0.1385   lr: 3.0993e-05  max_mem: 12316M
[03/19 02:20:21 d2.utils.events]:  eta: 2:32:10  iter: 8479  total_loss: 8.741  loss_ce: 0.03107  loss_mask: 0.03999  loss_dice: 0.8471  loss_ce_0: 0.208  loss_mask_0: 0.04937  loss_dice_0: 0.7335  loss_ce_1: 0.02452  loss_mask_1: 0.04442  loss_dice_1: 0.6963  loss_ce_2: 0.05385  loss_mask_2: 0.04301  loss_dice_2: 0.8677  loss_ce_3: 0.03546  loss_mask_3: 0.04071  loss_dice_3: 0.7779  loss_ce_4: 0.03429  loss_mask_4: 0.04223  loss_dice_4: 0.8181  loss_ce_5: 0.02402  loss_mask_5: 0.04435  loss_dice_5: 0.8234  loss_ce_6: 0.02952  loss_mask_6: 0.03692  loss_dice_6: 0.7775  loss_ce_7: 0.0342  loss_mask_7: 0.03488  loss_dice_7: 0.6869  loss_ce_8: 0.03317  loss_mask_8: 0.03741  loss_dice_8: 0.7913    time: 0.8063  last_time: 0.7407  data_time: 0.0712  last_data_time: 0.0712   lr: 3.0916e-05  max_mem: 12316M
[03/19 02:20:36 d2.utils.events]:  eta: 2:31:54  iter: 8499  total_loss: 6.664  loss_ce: 0.01145  loss_mask: 0.08874  loss_dice: 0.5941  loss_ce_0: 0.1404  loss_mask_0: 0.09637  loss_dice_0: 0.5223  loss_ce_1: 0.01373  loss_mask_1: 0.08577  loss_dice_1: 0.6017  loss_ce_2: 0.01296  loss_mask_2: 0.08371  loss_dice_2: 0.5195  loss_ce_3: 0.01273  loss_mask_3: 0.08347  loss_dice_3: 0.5405  loss_ce_4: 0.009822  loss_mask_4: 0.08804  loss_dice_4: 0.6031  loss_ce_5: 0.01061  loss_mask_5: 0.07691  loss_dice_5: 0.4871  loss_ce_6: 0.01134  loss_mask_6: 0.08545  loss_dice_6: 0.5622  loss_ce_7: 0.01091  loss_mask_7: 0.08428  loss_dice_7: 0.5875  loss_ce_8: 0.01074  loss_mask_8: 0.08389  loss_dice_8: 0.545    time: 0.8062  last_time: 0.7726  data_time: 0.1164  last_data_time: 0.1164   lr: 3.084e-05  max_mem: 12316M
[03/19 02:20:53 d2.utils.events]:  eta: 2:31:38  iter: 8519  total_loss: 10.95  loss_ce: 0.04276  loss_mask: 0.01898  loss_dice: 0.9111  loss_ce_0: 0.08818  loss_mask_0: 0.02647  loss_dice_0: 1.061  loss_ce_1: 0.05679  loss_mask_1: 0.03294  loss_dice_1: 1.033  loss_ce_2: 0.1774  loss_mask_2: 0.02363  loss_dice_2: 0.8631  loss_ce_3: 0.05877  loss_mask_3: 0.02627  loss_dice_3: 1.052  loss_ce_4: 0.06238  loss_mask_4: 0.02273  loss_dice_4: 0.8781  loss_ce_5: 0.05298  loss_mask_5: 0.02493  loss_dice_5: 0.9725  loss_ce_6: 0.03467  loss_mask_6: 0.02845  loss_dice_6: 1.087  loss_ce_7: 0.08383  loss_mask_7: 0.03453  loss_dice_7: 1.041  loss_ce_8: 0.04406  loss_mask_8: 0.02989  loss_dice_8: 1.082    time: 0.8062  last_time: 0.8153  data_time: 0.1504  last_data_time: 0.1504   lr: 3.0764e-05  max_mem: 12316M
[03/19 02:21:08 d2.utils.events]:  eta: 2:31:18  iter: 8539  total_loss: 5.284  loss_ce: 0.01192  loss_mask: 0.03779  loss_dice: 0.4695  loss_ce_0: 0.1186  loss_mask_0: 0.05051  loss_dice_0: 0.6325  loss_ce_1: 0.03291  loss_mask_1: 0.04363  loss_dice_1: 0.4489  loss_ce_2: 0.0188  loss_mask_2: 0.03744  loss_dice_2: 0.3948  loss_ce_3: 0.0193  loss_mask_3: 0.03945  loss_dice_3: 0.4182  loss_ce_4: 0.01711  loss_mask_4: 0.03885  loss_dice_4: 0.4142  loss_ce_5: 0.01701  loss_mask_5: 0.03615  loss_dice_5: 0.4082  loss_ce_6: 0.01562  loss_mask_6: 0.0383  loss_dice_6: 0.4713  loss_ce_7: 0.01207  loss_mask_7: 0.03845  loss_dice_7: 0.4456  loss_ce_8: 0.01166  loss_mask_8: 0.03562  loss_dice_8: 0.5097    time: 0.8062  last_time: 0.7911  data_time: 0.1327  last_data_time: 0.1327   lr: 3.0687e-05  max_mem: 12316M
[03/19 02:21:24 d2.utils.events]:  eta: 2:30:59  iter: 8559  total_loss: 9.039  loss_ce: 0.04556  loss_mask: 0.05778  loss_dice: 0.8299  loss_ce_0: 0.2995  loss_mask_0: 0.06112  loss_dice_0: 0.7609  loss_ce_1: 0.06195  loss_mask_1: 0.05196  loss_dice_1: 0.7456  loss_ce_2: 0.0554  loss_mask_2: 0.05173  loss_dice_2: 0.7561  loss_ce_3: 0.05571  loss_mask_3: 0.04781  loss_dice_3: 0.7449  loss_ce_4: 0.05439  loss_mask_4: 0.0531  loss_dice_4: 0.7475  loss_ce_5: 0.06619  loss_mask_5: 0.04859  loss_dice_5: 0.7401  loss_ce_6: 0.05543  loss_mask_6: 0.04992  loss_dice_6: 0.7924  loss_ce_7: 0.0563  loss_mask_7: 0.04946  loss_dice_7: 0.7289  loss_ce_8: 0.06809  loss_mask_8: 0.05333  loss_dice_8: 0.8496    time: 0.8061  last_time: 0.8349  data_time: 0.1499  last_data_time: 0.1499   lr: 3.0611e-05  max_mem: 12316M
[03/19 02:21:40 d2.utils.events]:  eta: 2:30:46  iter: 8579  total_loss: 7.335  loss_ce: 0.0326  loss_mask: 0.09008  loss_dice: 0.6006  loss_ce_0: 0.2189  loss_mask_0: 0.1232  loss_dice_0: 0.7667  loss_ce_1: 0.03713  loss_mask_1: 0.09169  loss_dice_1: 0.5193  loss_ce_2: 0.0374  loss_mask_2: 0.08352  loss_dice_2: 0.5617  loss_ce_3: 0.03517  loss_mask_3: 0.082  loss_dice_3: 0.5944  loss_ce_4: 0.03169  loss_mask_4: 0.08092  loss_dice_4: 0.5858  loss_ce_5: 0.03899  loss_mask_5: 0.07469  loss_dice_5: 0.5553  loss_ce_6: 0.03491  loss_mask_6: 0.07744  loss_dice_6: 0.5179  loss_ce_7: 0.03233  loss_mask_7: 0.0848  loss_dice_7: 0.6352  loss_ce_8: 0.03418  loss_mask_8: 0.08225  loss_dice_8: 0.5941    time: 0.8061  last_time: 0.8162  data_time: 0.1564  last_data_time: 0.1564   lr: 3.0534e-05  max_mem: 12316M
[03/19 02:21:56 d2.utils.events]:  eta: 2:30:28  iter: 8599  total_loss: 7.447  loss_ce: 0.008211  loss_mask: 0.03794  loss_dice: 0.6795  loss_ce_0: 0.1948  loss_mask_0: 0.04389  loss_dice_0: 0.8039  loss_ce_1: 0.01472  loss_mask_1: 0.03788  loss_dice_1: 0.6674  loss_ce_2: 0.009804  loss_mask_2: 0.03506  loss_dice_2: 0.564  loss_ce_3: 0.01054  loss_mask_3: 0.03876  loss_dice_3: 0.7148  loss_ce_4: 0.009223  loss_mask_4: 0.03963  loss_dice_4: 0.741  loss_ce_5: 0.008461  loss_mask_5: 0.03366  loss_dice_5: 0.5524  loss_ce_6: 0.008925  loss_mask_6: 0.03365  loss_dice_6: 0.7082  loss_ce_7: 0.009141  loss_mask_7: 0.03875  loss_dice_7: 0.6878  loss_ce_8: 0.008677  loss_mask_8: 0.03395  loss_dice_8: 0.6721    time: 0.8060  last_time: 0.8167  data_time: 0.1441  last_data_time: 0.1441   lr: 3.0457e-05  max_mem: 12316M
[03/19 02:22:13 d2.utils.events]:  eta: 2:30:07  iter: 8619  total_loss: 8.915  loss_ce: 0.1174  loss_mask: 0.03986  loss_dice: 0.6883  loss_ce_0: 0.3787  loss_mask_0: 0.05344  loss_dice_0: 0.8046  loss_ce_1: 0.1559  loss_mask_1: 0.04958  loss_dice_1: 0.6947  loss_ce_2: 0.04091  loss_mask_2: 0.04452  loss_dice_2: 0.7308  loss_ce_3: 0.1138  loss_mask_3: 0.04415  loss_dice_3: 0.6435  loss_ce_4: 0.1054  loss_mask_4: 0.04067  loss_dice_4: 0.7015  loss_ce_5: 0.0431  loss_mask_5: 0.0537  loss_dice_5: 0.7695  loss_ce_6: 0.08958  loss_mask_6: 0.03526  loss_dice_6: 0.6467  loss_ce_7: 0.1568  loss_mask_7: 0.04246  loss_dice_7: 0.7142  loss_ce_8: 0.1029  loss_mask_8: 0.05589  loss_dice_8: 0.7568    time: 0.8060  last_time: 0.7921  data_time: 0.1280  last_data_time: 0.1280   lr: 3.0381e-05  max_mem: 12316M
[03/19 02:22:29 d2.utils.events]:  eta: 2:29:52  iter: 8639  total_loss: 9.356  loss_ce: 0.009503  loss_mask: 0.04446  loss_dice: 0.7922  loss_ce_0: 0.1472  loss_mask_0: 0.04435  loss_dice_0: 0.8827  loss_ce_1: 0.01469  loss_mask_1: 0.04172  loss_dice_1: 0.7525  loss_ce_2: 0.01641  loss_mask_2: 0.0565  loss_dice_2: 0.9055  loss_ce_3: 0.01582  loss_mask_3: 0.04977  loss_dice_3: 0.9148  loss_ce_4: 0.058  loss_mask_4: 0.05064  loss_dice_4: 0.9506  loss_ce_5: 0.08495  loss_mask_5: 0.03422  loss_dice_5: 0.8261  loss_ce_6: 0.07468  loss_mask_6: 0.04152  loss_dice_6: 0.869  loss_ce_7: 0.009914  loss_mask_7: 0.04408  loss_dice_7: 0.8419  loss_ce_8: 0.01061  loss_mask_8: 0.04113  loss_dice_8: 0.7305    time: 0.8060  last_time: 0.8132  data_time: 0.1360  last_data_time: 0.1360   lr: 3.0304e-05  max_mem: 12316M
[03/19 02:22:46 d2.utils.events]:  eta: 2:29:41  iter: 8659  total_loss: 5.467  loss_ce: 0.01627  loss_mask: 0.03545  loss_dice: 0.5006  loss_ce_0: 0.1383  loss_mask_0: 0.05572  loss_dice_0: 0.587  loss_ce_1: 0.02298  loss_mask_1: 0.03355  loss_dice_1: 0.4328  loss_ce_2: 0.01905  loss_mask_2: 0.04153  loss_dice_2: 0.4582  loss_ce_3: 0.01456  loss_mask_3: 0.03644  loss_dice_3: 0.5143  loss_ce_4: 0.0174  loss_mask_4: 0.02848  loss_dice_4: 0.4611  loss_ce_5: 0.01556  loss_mask_5: 0.03686  loss_dice_5: 0.5037  loss_ce_6: 0.01474  loss_mask_6: 0.03642  loss_dice_6: 0.4813  loss_ce_7: 0.01504  loss_mask_7: 0.03069  loss_dice_7: 0.3982  loss_ce_8: 0.01674  loss_mask_8: 0.03405  loss_dice_8: 0.4697    time: 0.8061  last_time: 0.8226  data_time: 0.1432  last_data_time: 0.1432   lr: 3.0227e-05  max_mem: 12316M
[03/19 02:23:02 d2.utils.events]:  eta: 2:29:23  iter: 8679  total_loss: 9.226  loss_ce: 0.0812  loss_mask: 0.05096  loss_dice: 0.7842  loss_ce_0: 0.1054  loss_mask_0: 0.07297  loss_dice_0: 0.7917  loss_ce_1: 0.09621  loss_mask_1: 0.06579  loss_dice_1: 0.8663  loss_ce_2: 0.02823  loss_mask_2: 0.06746  loss_dice_2: 0.9179  loss_ce_3: 0.02885  loss_mask_3: 0.0602  loss_dice_3: 0.5282  loss_ce_4: 0.03247  loss_mask_4: 0.05679  loss_dice_4: 0.8128  loss_ce_5: 0.02567  loss_mask_5: 0.05595  loss_dice_5: 0.8756  loss_ce_6: 0.02709  loss_mask_6: 0.05843  loss_dice_6: 0.8518  loss_ce_7: 0.02841  loss_mask_7: 0.05327  loss_dice_7: 0.8221  loss_ce_8: 0.02769  loss_mask_8: 0.05184  loss_dice_8: 0.9002    time: 0.8061  last_time: 0.8404  data_time: 0.1654  last_data_time: 0.1654   lr: 3.015e-05  max_mem: 12316M
[03/19 02:23:19 d2.utils.events]:  eta: 2:29:05  iter: 8699  total_loss: 5.589  loss_ce: 0.009288  loss_mask: 0.02006  loss_dice: 0.5189  loss_ce_0: 0.1496  loss_mask_0: 0.03141  loss_dice_0: 0.5729  loss_ce_1: 0.02714  loss_mask_1: 0.01814  loss_dice_1: 0.5139  loss_ce_2: 0.01126  loss_mask_2: 0.01834  loss_dice_2: 0.4922  loss_ce_3: 0.01103  loss_mask_3: 0.02267  loss_dice_3: 0.5208  loss_ce_4: 0.01156  loss_mask_4: 0.01684  loss_dice_4: 0.4849  loss_ce_5: 0.01063  loss_mask_5: 0.01942  loss_dice_5: 0.5399  loss_ce_6: 0.01027  loss_mask_6: 0.01357  loss_dice_6: 0.43  loss_ce_7: 0.009771  loss_mask_7: 0.01896  loss_dice_7: 0.4632  loss_ce_8: 0.009457  loss_mask_8: 0.02131  loss_dice_8: 0.5913    time: 0.8061  last_time: 0.7873  data_time: 0.1224  last_data_time: 0.1224   lr: 3.0074e-05  max_mem: 12316M
[03/19 02:23:35 d2.utils.events]:  eta: 2:28:48  iter: 8719  total_loss: 8.285  loss_ce: 0.008343  loss_mask: 0.01686  loss_dice: 0.4605  loss_ce_0: 0.08456  loss_mask_0: 0.01437  loss_dice_0: 0.711  loss_ce_1: 0.009495  loss_mask_1: 0.02632  loss_dice_1: 0.8181  loss_ce_2: 0.01512  loss_mask_2: 0.01967  loss_dice_2: 0.9359  loss_ce_3: 0.007237  loss_mask_3: 0.01703  loss_dice_3: 0.8964  loss_ce_4: 0.004309  loss_mask_4: 0.02226  loss_dice_4: 0.8542  loss_ce_5: 0.004352  loss_mask_5: 0.02468  loss_dice_5: 0.7245  loss_ce_6: 0.0755  loss_mask_6: 0.01954  loss_dice_6: 0.9784  loss_ce_7: 0.006023  loss_mask_7: 0.02151  loss_dice_7: 0.7673  loss_ce_8: 0.007733  loss_mask_8: 0.02121  loss_dice_8: 0.7128    time: 0.8061  last_time: 0.7973  data_time: 0.1329  last_data_time: 0.1329   lr: 2.9997e-05  max_mem: 12316M
[03/19 02:23:52 d2.utils.events]:  eta: 2:28:32  iter: 8739  total_loss: 8.171  loss_ce: 0.01125  loss_mask: 0.02952  loss_dice: 0.7039  loss_ce_0: 0.1679  loss_mask_0: 0.03508  loss_dice_0: 0.8089  loss_ce_1: 0.02146  loss_mask_1: 0.03531  loss_dice_1: 0.8757  loss_ce_2: 0.01561  loss_mask_2: 0.03126  loss_dice_2: 0.7874  loss_ce_3: 0.01653  loss_mask_3: 0.03075  loss_dice_3: 0.7707  loss_ce_4: 0.01538  loss_mask_4: 0.02837  loss_dice_4: 0.6376  loss_ce_5: 0.01246  loss_mask_5: 0.02888  loss_dice_5: 0.8273  loss_ce_6: 0.01029  loss_mask_6: 0.02814  loss_dice_6: 0.741  loss_ce_7: 0.009905  loss_mask_7: 0.03323  loss_dice_7: 0.7666  loss_ce_8: 0.00986  loss_mask_8: 0.02793  loss_dice_8: 0.6524    time: 0.8061  last_time: 0.8494  data_time: 0.1723  last_data_time: 0.1723   lr: 2.992e-05  max_mem: 12316M
[03/19 02:24:08 d2.utils.events]:  eta: 2:28:13  iter: 8759  total_loss: 7.907  loss_ce: 0.006969  loss_mask: 0.04787  loss_dice: 0.7552  loss_ce_0: 0.1493  loss_mask_0: 0.0518  loss_dice_0: 0.7215  loss_ce_1: 0.01289  loss_mask_1: 0.0489  loss_dice_1: 0.709  loss_ce_2: 0.009585  loss_mask_2: 0.04857  loss_dice_2: 0.6837  loss_ce_3: 0.009685  loss_mask_3: 0.04806  loss_dice_3: 0.7046  loss_ce_4: 0.009922  loss_mask_4: 0.05013  loss_dice_4: 0.7854  loss_ce_5: 0.008906  loss_mask_5: 0.05363  loss_dice_5: 0.7021  loss_ce_6: 0.008195  loss_mask_6: 0.05348  loss_dice_6: 0.7046  loss_ce_7: 0.006645  loss_mask_7: 0.04283  loss_dice_7: 0.6906  loss_ce_8: 0.006865  loss_mask_8: 0.05283  loss_dice_8: 0.7229    time: 0.8061  last_time: 0.7889  data_time: 0.1169  last_data_time: 0.1169   lr: 2.9843e-05  max_mem: 12316M
[03/19 02:24:24 d2.utils.events]:  eta: 2:27:57  iter: 8779  total_loss: 8.647  loss_ce: 0.0436  loss_mask: 0.0421  loss_dice: 0.8212  loss_ce_0: 0.2067  loss_mask_0: 0.05032  loss_dice_0: 0.8364  loss_ce_1: 0.1245  loss_mask_1: 0.03987  loss_dice_1: 0.6838  loss_ce_2: 0.08396  loss_mask_2: 0.04768  loss_dice_2: 0.7224  loss_ce_3: 0.11  loss_mask_3: 0.04299  loss_dice_3: 0.6701  loss_ce_4: 0.04147  loss_mask_4: 0.04334  loss_dice_4: 0.8016  loss_ce_5: 0.08583  loss_mask_5: 0.04408  loss_dice_5: 0.7142  loss_ce_6: 0.04813  loss_mask_6: 0.03555  loss_dice_6: 0.6845  loss_ce_7: 0.02623  loss_mask_7: 0.04018  loss_dice_7: 0.7633  loss_ce_8: 0.07439  loss_mask_8: 0.04051  loss_dice_8: 0.6782    time: 0.8061  last_time: 0.8702  data_time: 0.1985  last_data_time: 0.1985   lr: 2.9766e-05  max_mem: 12316M
[03/19 02:24:41 d2.utils.events]:  eta: 2:27:42  iter: 8799  total_loss: 8.545  loss_ce: 0.01899  loss_mask: 0.05323  loss_dice: 0.7778  loss_ce_0: 0.1523  loss_mask_0: 0.04671  loss_dice_0: 0.906  loss_ce_1: 0.07355  loss_mask_1: 0.04569  loss_dice_1: 0.8029  loss_ce_2: 0.038  loss_mask_2: 0.04723  loss_dice_2: 0.6131  loss_ce_3: 0.01348  loss_mask_3: 0.04574  loss_dice_3: 0.675  loss_ce_4: 0.0134  loss_mask_4: 0.04497  loss_dice_4: 0.7025  loss_ce_5: 0.01125  loss_mask_5: 0.04531  loss_dice_5: 0.6412  loss_ce_6: 0.012  loss_mask_6: 0.04394  loss_dice_6: 0.7618  loss_ce_7: 0.01569  loss_mask_7: 0.04871  loss_dice_7: 0.7951  loss_ce_8: 0.07767  loss_mask_8: 0.04551  loss_dice_8: 0.9761    time: 0.8061  last_time: 0.8355  data_time: 0.1622  last_data_time: 0.1622   lr: 2.9688e-05  max_mem: 12316M
[03/19 02:24:57 d2.utils.events]:  eta: 2:27:25  iter: 8819  total_loss: 7.199  loss_ce: 0.01384  loss_mask: 0.04431  loss_dice: 0.6519  loss_ce_0: 0.1492  loss_mask_0: 0.06234  loss_dice_0: 0.7098  loss_ce_1: 0.01646  loss_mask_1: 0.03939  loss_dice_1: 0.5083  loss_ce_2: 0.01958  loss_mask_2: 0.04527  loss_dice_2: 0.7004  loss_ce_3: 0.01524  loss_mask_3: 0.04311  loss_dice_3: 0.6658  loss_ce_4: 0.01629  loss_mask_4: 0.0462  loss_dice_4: 0.6242  loss_ce_5: 0.01313  loss_mask_5: 0.04093  loss_dice_5: 0.5905  loss_ce_6: 0.01229  loss_mask_6: 0.04726  loss_dice_6: 0.6978  loss_ce_7: 0.01428  loss_mask_7: 0.04591  loss_dice_7: 0.6599  loss_ce_8: 0.01488  loss_mask_8: 0.04398  loss_dice_8: 0.6465    time: 0.8062  last_time: 0.8791  data_time: 0.2038  last_data_time: 0.2038   lr: 2.9611e-05  max_mem: 12316M
[03/19 02:25:14 d2.utils.events]:  eta: 2:27:13  iter: 8839  total_loss: 5.403  loss_ce: 0.004047  loss_mask: 0.03538  loss_dice: 0.5257  loss_ce_0: 0.08527  loss_mask_0: 0.05463  loss_dice_0: 0.6064  loss_ce_1: 0.009229  loss_mask_1: 0.04156  loss_dice_1: 0.4567  loss_ce_2: 0.006547  loss_mask_2: 0.03745  loss_dice_2: 0.4651  loss_ce_3: 0.005777  loss_mask_3: 0.03087  loss_dice_3: 0.4487  loss_ce_4: 0.005752  loss_mask_4: 0.03661  loss_dice_4: 0.5116  loss_ce_5: 0.004721  loss_mask_5: 0.03248  loss_dice_5: 0.485  loss_ce_6: 0.004009  loss_mask_6: 0.03795  loss_dice_6: 0.4858  loss_ce_7: 0.003419  loss_mask_7: 0.03817  loss_dice_7: 0.4479  loss_ce_8: 0.003957  loss_mask_8: 0.03933  loss_dice_8: 0.4531    time: 0.8062  last_time: 1.0319  data_time: 0.1499  last_data_time: 0.1499   lr: 2.9534e-05  max_mem: 12316M
[03/19 02:25:30 d2.utils.events]:  eta: 2:26:57  iter: 8859  total_loss: 6.016  loss_ce: 0.002066  loss_mask: 0.03844  loss_dice: 0.5086  loss_ce_0: 0.1103  loss_mask_0: 0.05741  loss_dice_0: 0.6151  loss_ce_1: 0.006532  loss_mask_1: 0.03935  loss_dice_1: 0.5095  loss_ce_2: 0.006551  loss_mask_2: 0.04377  loss_dice_2: 0.5392  loss_ce_3: 0.00553  loss_mask_3: 0.03998  loss_dice_3: 0.4957  loss_ce_4: 0.004458  loss_mask_4: 0.04157  loss_dice_4: 0.5003  loss_ce_5: 0.002549  loss_mask_5: 0.04584  loss_dice_5: 0.6402  loss_ce_6: 0.002142  loss_mask_6: 0.04392  loss_dice_6: 0.5235  loss_ce_7: 0.001899  loss_mask_7: 0.04527  loss_dice_7: 0.6084  loss_ce_8: 0.00212  loss_mask_8: 0.03993  loss_dice_8: 0.4963    time: 0.8062  last_time: 0.8082  data_time: 0.1360  last_data_time: 0.1360   lr: 2.9457e-05  max_mem: 12316M
[03/19 02:25:47 d2.utils.events]:  eta: 2:26:47  iter: 8879  total_loss: 7.427  loss_ce: 0.007263  loss_mask: 0.04618  loss_dice: 0.7316  loss_ce_0: 0.1319  loss_mask_0: 0.05489  loss_dice_0: 0.7499  loss_ce_1: 0.02777  loss_mask_1: 0.04918  loss_dice_1: 0.6597  loss_ce_2: 0.02352  loss_mask_2: 0.03542  loss_dice_2: 0.5846  loss_ce_3: 0.009812  loss_mask_3: 0.03708  loss_dice_3: 0.6309  loss_ce_4: 0.01144  loss_mask_4: 0.03601  loss_dice_4: 0.6159  loss_ce_5: 0.01161  loss_mask_5: 0.03615  loss_dice_5: 0.6231  loss_ce_6: 0.007098  loss_mask_6: 0.04296  loss_dice_6: 0.7264  loss_ce_7: 0.006933  loss_mask_7: 0.04092  loss_dice_7: 0.6855  loss_ce_8: 0.007848  loss_mask_8: 0.03673  loss_dice_8: 0.7587    time: 0.8062  last_time: 0.8289  data_time: 0.1529  last_data_time: 0.1529   lr: 2.9379e-05  max_mem: 12316M
[03/19 02:26:03 d2.utils.events]:  eta: 2:26:29  iter: 8899  total_loss: 9.13  loss_ce: 0.01657  loss_mask: 0.04695  loss_dice: 0.7629  loss_ce_0: 0.1808  loss_mask_0: 0.07045  loss_dice_0: 1.067  loss_ce_1: 0.02564  loss_mask_1: 0.05944  loss_dice_1: 0.8345  loss_ce_2: 0.02351  loss_mask_2: 0.04998  loss_dice_2: 0.7796  loss_ce_3: 0.01439  loss_mask_3: 0.05322  loss_dice_3: 0.8083  loss_ce_4: 0.01431  loss_mask_4: 0.05374  loss_dice_4: 0.8174  loss_ce_5: 0.01528  loss_mask_5: 0.05013  loss_dice_5: 0.746  loss_ce_6: 0.01758  loss_mask_6: 0.05398  loss_dice_6: 0.7915  loss_ce_7: 0.01569  loss_mask_7: 0.05089  loss_dice_7: 0.8105  loss_ce_8: 0.01653  loss_mask_8: 0.05446  loss_dice_8: 0.8291    time: 0.8062  last_time: 0.8253  data_time: 0.1408  last_data_time: 0.1408   lr: 2.9302e-05  max_mem: 12316M
[03/19 02:26:19 d2.utils.events]:  eta: 2:26:16  iter: 8919  total_loss: 10.16  loss_ce: 0.04373  loss_mask: 0.03345  loss_dice: 1.205  loss_ce_0: 0.08572  loss_mask_0: 0.04508  loss_dice_0: 0.9901  loss_ce_1: 0.04751  loss_mask_1: 0.04303  loss_dice_1: 1.065  loss_ce_2: 0.03185  loss_mask_2: 0.0354  loss_dice_2: 0.8055  loss_ce_3: 0.04385  loss_mask_3: 0.03537  loss_dice_3: 0.5662  loss_ce_4: 0.04059  loss_mask_4: 0.03924  loss_dice_4: 1.126  loss_ce_5: 0.04762  loss_mask_5: 0.04207  loss_dice_5: 1.283  loss_ce_6: 0.0466  loss_mask_6: 0.04013  loss_dice_6: 1.025  loss_ce_7: 0.04607  loss_mask_7: 0.0366  loss_dice_7: 0.6971  loss_ce_8: 0.04539  loss_mask_8: 0.03734  loss_dice_8: 0.5339    time: 0.8062  last_time: 0.7941  data_time: 0.1252  last_data_time: 0.1252   lr: 2.9225e-05  max_mem: 12316M
[03/19 02:26:36 d2.utils.events]:  eta: 2:26:03  iter: 8939  total_loss: 7.599  loss_ce: 0.0259  loss_mask: 0.04901  loss_dice: 0.6547  loss_ce_0: 0.2133  loss_mask_0: 0.0534  loss_dice_0: 0.8204  loss_ce_1: 0.03016  loss_mask_1: 0.04934  loss_dice_1: 0.5819  loss_ce_2: 0.03733  loss_mask_2: 0.05075  loss_dice_2: 0.5853  loss_ce_3: 0.02831  loss_mask_3: 0.05087  loss_dice_3: 0.6818  loss_ce_4: 0.07045  loss_mask_4: 0.05735  loss_dice_4: 0.8515  loss_ce_5: 0.02454  loss_mask_5: 0.05089  loss_dice_5: 0.644  loss_ce_6: 0.02628  loss_mask_6: 0.04626  loss_dice_6: 0.6615  loss_ce_7: 0.02554  loss_mask_7: 0.04302  loss_dice_7: 0.5222  loss_ce_8: 0.02675  loss_mask_8: 0.04381  loss_dice_8: 0.5923    time: 0.8063  last_time: 0.9819  data_time: 0.3008  last_data_time: 0.3008   lr: 2.9147e-05  max_mem: 12316M
[03/19 02:26:52 d2.utils.events]:  eta: 2:25:46  iter: 8959  total_loss: 8.362  loss_ce: 0.009922  loss_mask: 0.0333  loss_dice: 0.774  loss_ce_0: 0.1402  loss_mask_0: 0.03197  loss_dice_0: 0.7864  loss_ce_1: 0.02674  loss_mask_1: 0.04196  loss_dice_1: 0.8032  loss_ce_2: 0.0144  loss_mask_2: 0.0387  loss_dice_2: 0.8088  loss_ce_3: 0.01338  loss_mask_3: 0.03811  loss_dice_3: 0.756  loss_ce_4: 0.01194  loss_mask_4: 0.03565  loss_dice_4: 0.7285  loss_ce_5: 0.01054  loss_mask_5: 0.03066  loss_dice_5: 0.7228  loss_ce_6: 0.0108  loss_mask_6: 0.03785  loss_dice_6: 0.8365  loss_ce_7: 0.01015  loss_mask_7: 0.04136  loss_dice_7: 0.7834  loss_ce_8: 0.01051  loss_mask_8: 0.0354  loss_dice_8: 0.7392    time: 0.8063  last_time: 0.9635  data_time: 0.2859  last_data_time: 0.2859   lr: 2.907e-05  max_mem: 12316M
[03/19 02:27:09 d2.utils.events]:  eta: 2:25:32  iter: 8979  total_loss: 8.75  loss_ce: 0.01366  loss_mask: 0.03943  loss_dice: 0.839  loss_ce_0: 0.1476  loss_mask_0: 0.03631  loss_dice_0: 0.8695  loss_ce_1: 0.07924  loss_mask_1: 0.03529  loss_dice_1: 0.5787  loss_ce_2: 0.01683  loss_mask_2: 0.03746  loss_dice_2: 0.7224  loss_ce_3: 0.01309  loss_mask_3: 0.03795  loss_dice_3: 0.6659  loss_ce_4: 0.06946  loss_mask_4: 0.03746  loss_dice_4: 0.8549  loss_ce_5: 0.06797  loss_mask_5: 0.03886  loss_dice_5: 0.9414  loss_ce_6: 0.01593  loss_mask_6: 0.0386  loss_dice_6: 0.9116  loss_ce_7: 0.01437  loss_mask_7: 0.03842  loss_dice_7: 0.6958  loss_ce_8: 0.05003  loss_mask_8: 0.04108  loss_dice_8: 0.8015    time: 0.8063  last_time: 0.8392  data_time: 0.1599  last_data_time: 0.1599   lr: 2.8992e-05  max_mem: 12316M
[03/19 02:27:25 d2.utils.events]:  eta: 2:25:20  iter: 8999  total_loss: 10.73  loss_ce: 0.07047  loss_mask: 0.04808  loss_dice: 0.9431  loss_ce_0: 0.138  loss_mask_0: 0.05937  loss_dice_0: 0.6987  loss_ce_1: 0.08043  loss_mask_1: 0.04299  loss_dice_1: 0.9434  loss_ce_2: 0.0864  loss_mask_2: 0.0521  loss_dice_2: 1.108  loss_ce_3: 0.04456  loss_mask_3: 0.04932  loss_dice_3: 1.108  loss_ce_4: 0.02549  loss_mask_4: 0.04974  loss_dice_4: 1.109  loss_ce_5: 0.02855  loss_mask_5: 0.04814  loss_dice_5: 1.036  loss_ce_6: 0.04443  loss_mask_6: 0.04543  loss_dice_6: 0.965  loss_ce_7: 0.02528  loss_mask_7: 0.05199  loss_dice_7: 0.949  loss_ce_8: 0.02224  loss_mask_8: 0.05062  loss_dice_8: 0.8082    time: 0.8063  last_time: 0.7928  data_time: 0.1150  last_data_time: 0.1150   lr: 2.8915e-05  max_mem: 12316M
[03/19 02:27:42 d2.utils.events]:  eta: 2:25:04  iter: 9019  total_loss: 7.658  loss_ce: 0.09437  loss_mask: 0.04602  loss_dice: 0.7231  loss_ce_0: 0.1318  loss_mask_0: 0.0626  loss_dice_0: 0.6772  loss_ce_1: 0.04101  loss_mask_1: 0.04723  loss_dice_1: 0.7011  loss_ce_2: 0.04104  loss_mask_2: 0.05292  loss_dice_2: 0.5573  loss_ce_3: 0.03126  loss_mask_3: 0.0486  loss_dice_3: 0.61  loss_ce_4: 0.04323  loss_mask_4: 0.05661  loss_dice_4: 0.6773  loss_ce_5: 0.03337  loss_mask_5: 0.05502  loss_dice_5: 0.7322  loss_ce_6: 0.04356  loss_mask_6: 0.0562  loss_dice_6: 0.6882  loss_ce_7: 0.08922  loss_mask_7: 0.0488  loss_dice_7: 0.5736  loss_ce_8: 0.04343  loss_mask_8: 0.04563  loss_dice_8: 0.6056    time: 0.8063  last_time: 0.8797  data_time: 0.2020  last_data_time: 0.2020   lr: 2.8837e-05  max_mem: 12316M
[03/19 02:27:58 d2.utils.events]:  eta: 2:24:49  iter: 9039  total_loss: 10.42  loss_ce: 0.0193  loss_mask: 0.08685  loss_dice: 0.8428  loss_ce_0: 0.3065  loss_mask_0: 0.1845  loss_dice_0: 1.127  loss_ce_1: 0.05346  loss_mask_1: 0.08582  loss_dice_1: 0.9138  loss_ce_2: 0.02598  loss_mask_2: 0.07563  loss_dice_2: 0.7922  loss_ce_3: 0.01459  loss_mask_3: 0.0814  loss_dice_3: 0.838  loss_ce_4: 0.01463  loss_mask_4: 0.09561  loss_dice_4: 0.9155  loss_ce_5: 0.01557  loss_mask_5: 0.08146  loss_dice_5: 0.9156  loss_ce_6: 0.01817  loss_mask_6: 0.09277  loss_dice_6: 0.8615  loss_ce_7: 0.01815  loss_mask_7: 0.08654  loss_dice_7: 0.8403  loss_ce_8: 0.01808  loss_mask_8: 0.08509  loss_dice_8: 0.9087    time: 0.8063  last_time: 0.8689  data_time: 0.1962  last_data_time: 0.1962   lr: 2.876e-05  max_mem: 12316M
[03/19 02:28:15 d2.utils.events]:  eta: 2:24:33  iter: 9059  total_loss: 4.501  loss_ce: 0.008245  loss_mask: 0.02519  loss_dice: 0.3876  loss_ce_0: 0.07661  loss_mask_0: 0.03553  loss_dice_0: 0.4569  loss_ce_1: 0.01166  loss_mask_1: 0.02599  loss_dice_1: 0.3369  loss_ce_2: 0.008406  loss_mask_2: 0.03097  loss_dice_2: 0.3816  loss_ce_3: 0.004874  loss_mask_3: 0.02654  loss_dice_3: 0.3934  loss_ce_4: 0.007337  loss_mask_4: 0.02998  loss_dice_4: 0.443  loss_ce_5: 0.007531  loss_mask_5: 0.02887  loss_dice_5: 0.4197  loss_ce_6: 0.007145  loss_mask_6: 0.02668  loss_dice_6: 0.4139  loss_ce_7: 0.007296  loss_mask_7: 0.02729  loss_dice_7: 0.4081  loss_ce_8: 0.009222  loss_mask_8: 0.02697  loss_dice_8: 0.4278    time: 0.8063  last_time: 0.7347  data_time: 0.0776  last_data_time: 0.0776   lr: 2.8682e-05  max_mem: 12316M
[03/19 02:28:31 d2.utils.events]:  eta: 2:24:17  iter: 9079  total_loss: 7.254  loss_ce: 0.03084  loss_mask: 0.04195  loss_dice: 0.6652  loss_ce_0: 0.2673  loss_mask_0: 0.0699  loss_dice_0: 0.7188  loss_ce_1: 0.1404  loss_mask_1: 0.04617  loss_dice_1: 0.5602  loss_ce_2: 0.03425  loss_mask_2: 0.04434  loss_dice_2: 0.5689  loss_ce_3: 0.02651  loss_mask_3: 0.04078  loss_dice_3: 0.5858  loss_ce_4: 0.02397  loss_mask_4: 0.04779  loss_dice_4: 0.6767  loss_ce_5: 0.02429  loss_mask_5: 0.04633  loss_dice_5: 0.6277  loss_ce_6: 0.02801  loss_mask_6: 0.04414  loss_dice_6: 0.6144  loss_ce_7: 0.02919  loss_mask_7: 0.039  loss_dice_7: 0.5674  loss_ce_8: 0.03223  loss_mask_8: 0.04039  loss_dice_8: 0.5717    time: 0.8063  last_time: 0.8129  data_time: 0.1383  last_data_time: 0.1383   lr: 2.8604e-05  max_mem: 12316M
[03/19 02:28:47 d2.utils.events]:  eta: 2:24:05  iter: 9099  total_loss: 5.536  loss_ce: 0.004057  loss_mask: 0.03246  loss_dice: 0.4755  loss_ce_0: 0.2694  loss_mask_0: 0.03908  loss_dice_0: 0.508  loss_ce_1: 0.01608  loss_mask_1: 0.03211  loss_dice_1: 0.5023  loss_ce_2: 0.011  loss_mask_2: 0.02703  loss_dice_2: 0.4281  loss_ce_3: 0.005761  loss_mask_3: 0.02891  loss_dice_3: 0.4291  loss_ce_4: 0.005403  loss_mask_4: 0.02883  loss_dice_4: 0.5641  loss_ce_5: 0.006146  loss_mask_5: 0.03066  loss_dice_5: 0.5686  loss_ce_6: 0.00417  loss_mask_6: 0.03279  loss_dice_6: 0.47  loss_ce_7: 0.003744  loss_mask_7: 0.02768  loss_dice_7: 0.4874  loss_ce_8: 0.004545  loss_mask_8: 0.03169  loss_dice_8: 0.4616    time: 0.8063  last_time: 0.8484  data_time: 0.1736  last_data_time: 0.1736   lr: 2.8526e-05  max_mem: 12316M
[03/19 02:29:03 d2.utils.events]:  eta: 2:23:52  iter: 9119  total_loss: 5.352  loss_ce: 0.01053  loss_mask: 0.03784  loss_dice: 0.5375  loss_ce_0: 0.139  loss_mask_0: 0.04846  loss_dice_0: 0.4994  loss_ce_1: 0.01181  loss_mask_1: 0.03302  loss_dice_1: 0.4383  loss_ce_2: 0.01199  loss_mask_2: 0.03724  loss_dice_2: 0.408  loss_ce_3: 0.009258  loss_mask_3: 0.03378  loss_dice_3: 0.433  loss_ce_4: 0.01002  loss_mask_4: 0.04013  loss_dice_4: 0.4417  loss_ce_5: 0.011  loss_mask_5: 0.03717  loss_dice_5: 0.4871  loss_ce_6: 0.00965  loss_mask_6: 0.0406  loss_dice_6: 0.5095  loss_ce_7: 0.01015  loss_mask_7: 0.03697  loss_dice_7: 0.4832  loss_ce_8: 0.01086  loss_mask_8: 0.03726  loss_dice_8: 0.4977    time: 0.8063  last_time: 0.8344  data_time: 0.1638  last_data_time: 0.1638   lr: 2.8449e-05  max_mem: 12316M
[03/19 02:29:20 d2.utils.events]:  eta: 2:23:32  iter: 9139  total_loss: 6.309  loss_ce: 0.09898  loss_mask: 0.04444  loss_dice: 0.535  loss_ce_0: 0.2686  loss_mask_0: 0.05902  loss_dice_0: 0.4656  loss_ce_1: 0.0539  loss_mask_1: 0.04258  loss_dice_1: 0.4709  loss_ce_2: 0.05582  loss_mask_2: 0.03451  loss_dice_2: 0.4854  loss_ce_3: 0.05958  loss_mask_3: 0.03776  loss_dice_3: 0.4951  loss_ce_4: 0.1015  loss_mask_4: 0.03187  loss_dice_4: 0.4964  loss_ce_5: 0.09738  loss_mask_5: 0.03494  loss_dice_5: 0.523  loss_ce_6: 0.09425  loss_mask_6: 0.03883  loss_dice_6: 0.4955  loss_ce_7: 0.09308  loss_mask_7: 0.04474  loss_dice_7: 0.4654  loss_ce_8: 0.09041  loss_mask_8: 0.04048  loss_dice_8: 0.4543    time: 0.8063  last_time: 0.7959  data_time: 0.1236  last_data_time: 0.1236   lr: 2.8371e-05  max_mem: 12316M
[03/19 02:29:36 d2.utils.events]:  eta: 2:23:20  iter: 9159  total_loss: 6.61  loss_ce: 0.01673  loss_mask: 0.0379  loss_dice: 0.6133  loss_ce_0: 0.1361  loss_mask_0: 0.04738  loss_dice_0: 0.7513  loss_ce_1: 0.02528  loss_mask_1: 0.03973  loss_dice_1: 0.6011  loss_ce_2: 0.02792  loss_mask_2: 0.03744  loss_dice_2: 0.552  loss_ce_3: 0.01732  loss_mask_3: 0.03438  loss_dice_3: 0.5334  loss_ce_4: 0.01626  loss_mask_4: 0.0391  loss_dice_4: 0.5948  loss_ce_5: 0.01648  loss_mask_5: 0.03511  loss_dice_5: 0.5355  loss_ce_6: 0.01473  loss_mask_6: 0.03516  loss_dice_6: 0.5598  loss_ce_7: 0.01408  loss_mask_7: 0.0426  loss_dice_7: 0.5954  loss_ce_8: 0.01513  loss_mask_8: 0.04122  loss_dice_8: 0.5835    time: 0.8064  last_time: 0.8659  data_time: 0.1823  last_data_time: 0.1823   lr: 2.8293e-05  max_mem: 12316M
[03/19 02:29:53 d2.utils.events]:  eta: 2:23:07  iter: 9179  total_loss: 5.162  loss_ce: 0.001685  loss_mask: 0.04545  loss_dice: 0.4803  loss_ce_0: 0.0991  loss_mask_0: 0.05246  loss_dice_0: 0.3991  loss_ce_1: 0.004583  loss_mask_1: 0.04901  loss_dice_1: 0.4365  loss_ce_2: 0.003162  loss_mask_2: 0.05695  loss_dice_2: 0.5375  loss_ce_3: 0.001885  loss_mask_3: 0.04613  loss_dice_3: 0.4115  loss_ce_4: 0.001922  loss_mask_4: 0.04791  loss_dice_4: 0.453  loss_ce_5: 0.001915  loss_mask_5: 0.04423  loss_dice_5: 0.4563  loss_ce_6: 0.001779  loss_mask_6: 0.04664  loss_dice_6: 0.4802  loss_ce_7: 0.001603  loss_mask_7: 0.04436  loss_dice_7: 0.4668  loss_ce_8: 0.001879  loss_mask_8: 0.04302  loss_dice_8: 0.4451    time: 0.8064  last_time: 0.7949  data_time: 0.1240  last_data_time: 0.1240   lr: 2.8215e-05  max_mem: 12316M
[03/19 02:30:09 d2.utils.events]:  eta: 2:22:52  iter: 9199  total_loss: 6.621  loss_ce: 0.01379  loss_mask: 0.03157  loss_dice: 0.6776  loss_ce_0: 0.07655  loss_mask_0: 0.02882  loss_dice_0: 0.5779  loss_ce_1: 0.01301  loss_mask_1: 0.0252  loss_dice_1: 0.5908  loss_ce_2: 0.01716  loss_mask_2: 0.03275  loss_dice_2: 0.6201  loss_ce_3: 0.01362  loss_mask_3: 0.02677  loss_dice_3: 0.5322  loss_ce_4: 0.01232  loss_mask_4: 0.02998  loss_dice_4: 0.5817  loss_ce_5: 0.01493  loss_mask_5: 0.03502  loss_dice_5: 0.6912  loss_ce_6: 0.0135  loss_mask_6: 0.03777  loss_dice_6: 0.653  loss_ce_7: 0.01466  loss_mask_7: 0.0244  loss_dice_7: 0.4836  loss_ce_8: 0.01411  loss_mask_8: 0.03313  loss_dice_8: 0.704    time: 0.8063  last_time: 0.7988  data_time: 0.1319  last_data_time: 0.1319   lr: 2.8137e-05  max_mem: 12316M
[03/19 02:30:25 d2.utils.events]:  eta: 2:22:38  iter: 9219  total_loss: 7.795  loss_ce: 0.02018  loss_mask: 0.04917  loss_dice: 0.6737  loss_ce_0: 0.2038  loss_mask_0: 0.07693  loss_dice_0: 0.9039  loss_ce_1: 0.07326  loss_mask_1: 0.04405  loss_dice_1: 0.6214  loss_ce_2: 0.02362  loss_mask_2: 0.04415  loss_dice_2: 0.6373  loss_ce_3: 0.07805  loss_mask_3: 0.05563  loss_dice_3: 0.6617  loss_ce_4: 0.0273  loss_mask_4: 0.04676  loss_dice_4: 0.6778  loss_ce_5: 0.02133  loss_mask_5: 0.04796  loss_dice_5: 0.6392  loss_ce_6: 0.01789  loss_mask_6: 0.05042  loss_dice_6: 0.6656  loss_ce_7: 0.02501  loss_mask_7: 0.0494  loss_dice_7: 0.6562  loss_ce_8: 0.01878  loss_mask_8: 0.05241  loss_dice_8: 0.6323    time: 0.8064  last_time: 0.9107  data_time: 0.2395  last_data_time: 0.2395   lr: 2.8059e-05  max_mem: 12316M
[03/19 02:30:42 d2.utils.events]:  eta: 2:22:26  iter: 9239  total_loss: 8.652  loss_ce: 0.02183  loss_mask: 0.02274  loss_dice: 0.6523  loss_ce_0: 0.5206  loss_mask_0: 0.03776  loss_dice_0: 1.085  loss_ce_1: 0.08255  loss_mask_1: 0.02444  loss_dice_1: 0.7847  loss_ce_2: 0.04088  loss_mask_2: 0.02721  loss_dice_2: 0.7576  loss_ce_3: 0.01945  loss_mask_3: 0.02994  loss_dice_3: 0.7491  loss_ce_4: 0.01511  loss_mask_4: 0.02631  loss_dice_4: 0.7104  loss_ce_5: 0.01141  loss_mask_5: 0.02474  loss_dice_5: 0.7689  loss_ce_6: 0.009223  loss_mask_6: 0.02668  loss_dice_6: 0.6936  loss_ce_7: 0.008766  loss_mask_7: 0.02917  loss_dice_7: 0.7844  loss_ce_8: 0.02081  loss_mask_8: 0.02249  loss_dice_8: 0.6438    time: 0.8064  last_time: 1.2025  data_time: 0.1334  last_data_time: 0.1334   lr: 2.7981e-05  max_mem: 12316M
[03/19 02:30:58 d2.utils.events]:  eta: 2:22:07  iter: 9259  total_loss: 8.025  loss_ce: 0.08896  loss_mask: 0.03261  loss_dice: 0.5557  loss_ce_0: 0.2053  loss_mask_0: 0.04785  loss_dice_0: 0.9972  loss_ce_1: 0.09046  loss_mask_1: 0.03489  loss_dice_1: 0.6466  loss_ce_2: 0.09353  loss_mask_2: 0.02956  loss_dice_2: 0.6069  loss_ce_3: 0.1074  loss_mask_3: 0.03345  loss_dice_3: 0.6273  loss_ce_4: 0.1059  loss_mask_4: 0.03839  loss_dice_4: 0.6567  loss_ce_5: 0.08513  loss_mask_5: 0.03759  loss_dice_5: 0.6359  loss_ce_6: 0.09521  loss_mask_6: 0.03981  loss_dice_6: 0.6815  loss_ce_7: 0.09545  loss_mask_7: 0.02907  loss_dice_7: 0.6038  loss_ce_8: 0.08761  loss_mask_8: 0.03195  loss_dice_8: 0.6036    time: 0.8064  last_time: 0.8541  data_time: 0.1945  last_data_time: 0.1945   lr: 2.7903e-05  max_mem: 12316M
[03/19 02:31:14 d2.utils.events]:  eta: 2:21:51  iter: 9279  total_loss: 8.014  loss_ce: 0.03769  loss_mask: 0.02464  loss_dice: 0.9884  loss_ce_0: 0.08068  loss_mask_0: 0.02263  loss_dice_0: 1.125  loss_ce_1: 0.06998  loss_mask_1: 0.02071  loss_dice_1: 0.6241  loss_ce_2: 0.04368  loss_mask_2: 0.01998  loss_dice_2: 0.5329  loss_ce_3: 0.03897  loss_mask_3: 0.02244  loss_dice_3: 0.8215  loss_ce_4: 0.04144  loss_mask_4: 0.0234  loss_dice_4: 0.5115  loss_ce_5: 0.03617  loss_mask_5: 0.02396  loss_dice_5: 0.726  loss_ce_6: 0.03641  loss_mask_6: 0.01983  loss_dice_6: 0.5538  loss_ce_7: 0.0357  loss_mask_7: 0.02345  loss_dice_7: 0.8312  loss_ce_8: 0.03883  loss_mask_8: 0.02504  loss_dice_8: 0.6139    time: 0.8064  last_time: 0.8623  data_time: 0.0762  last_data_time: 0.0762   lr: 2.7825e-05  max_mem: 12316M
[03/19 02:31:30 d2.utils.events]:  eta: 2:21:39  iter: 9299  total_loss: 6.092  loss_ce: 0.08419  loss_mask: 0.0383  loss_dice: 0.4378  loss_ce_0: 0.1461  loss_mask_0: 0.04724  loss_dice_0: 0.5417  loss_ce_1: 0.07521  loss_mask_1: 0.03927  loss_dice_1: 0.4648  loss_ce_2: 0.07513  loss_mask_2: 0.03331  loss_dice_2: 0.5059  loss_ce_3: 0.07636  loss_mask_3: 0.03464  loss_dice_3: 0.4976  loss_ce_4: 0.02525  loss_mask_4: 0.04266  loss_dice_4: 0.5285  loss_ce_5: 0.02529  loss_mask_5: 0.03991  loss_dice_5: 0.5309  loss_ce_6: 0.1069  loss_mask_6: 0.03496  loss_dice_6: 0.5148  loss_ce_7: 0.0249  loss_mask_7: 0.04432  loss_dice_7: 0.5013  loss_ce_8: 0.0868  loss_mask_8: 0.03565  loss_dice_8: 0.4522    time: 0.8063  last_time: 0.8226  data_time: 0.1490  last_data_time: 0.1490   lr: 2.7747e-05  max_mem: 12316M
[03/19 02:31:47 d2.utils.events]:  eta: 2:21:20  iter: 9319  total_loss: 7.88  loss_ce: 0.08204  loss_mask: 0.0275  loss_dice: 0.6201  loss_ce_0: 0.1684  loss_mask_0: 0.03527  loss_dice_0: 0.9412  loss_ce_1: 0.07032  loss_mask_1: 0.0263  loss_dice_1: 0.6313  loss_ce_2: 0.08078  loss_mask_2: 0.03031  loss_dice_2: 0.7811  loss_ce_3: 0.1099  loss_mask_3: 0.02411  loss_dice_3: 0.6421  loss_ce_4: 0.05924  loss_mask_4: 0.02568  loss_dice_4: 0.6363  loss_ce_5: 0.06477  loss_mask_5: 0.02522  loss_dice_5: 0.6517  loss_ce_6: 0.07427  loss_mask_6: 0.02315  loss_dice_6: 0.5686  loss_ce_7: 0.0986  loss_mask_7: 0.02951  loss_dice_7: 0.5699  loss_ce_8: 0.06871  loss_mask_8: 0.02824  loss_dice_8: 0.6859    time: 0.8064  last_time: 0.8009  data_time: 0.1299  last_data_time: 0.1299   lr: 2.7669e-05  max_mem: 12316M
[03/19 02:32:03 d2.utils.events]:  eta: 2:20:59  iter: 9339  total_loss: 7.747  loss_ce: 0.0233  loss_mask: 0.03561  loss_dice: 0.654  loss_ce_0: 0.2161  loss_mask_0: 0.04834  loss_dice_0: 0.8249  loss_ce_1: 0.02814  loss_mask_1: 0.04934  loss_dice_1: 0.7469  loss_ce_2: 0.03177  loss_mask_2: 0.04244  loss_dice_2: 0.6295  loss_ce_3: 0.02807  loss_mask_3: 0.03492  loss_dice_3: 0.6214  loss_ce_4: 0.02048  loss_mask_4: 0.04003  loss_dice_4: 0.7405  loss_ce_5: 0.02153  loss_mask_5: 0.03878  loss_dice_5: 0.6854  loss_ce_6: 0.02509  loss_mask_6: 0.03982  loss_dice_6: 0.6928  loss_ce_7: 0.02  loss_mask_7: 0.04151  loss_dice_7: 0.6813  loss_ce_8: 0.021  loss_mask_8: 0.03767  loss_dice_8: 0.6262    time: 0.8063  last_time: 0.9859  data_time: 0.2961  last_data_time: 0.2961   lr: 2.7591e-05  max_mem: 12316M
[03/19 02:32:20 d2.utils.events]:  eta: 2:20:43  iter: 9359  total_loss: 9.585  loss_ce: 0.08287  loss_mask: 0.0268  loss_dice: 0.9868  loss_ce_0: 0.1737  loss_mask_0: 0.03011  loss_dice_0: 1.148  loss_ce_1: 0.2144  loss_mask_1: 0.03  loss_dice_1: 0.6577  loss_ce_2: 0.1284  loss_mask_2: 0.02136  loss_dice_2: 0.6619  loss_ce_3: 0.02964  loss_mask_3: 0.02128  loss_dice_3: 0.727  loss_ce_4: 0.09928  loss_mask_4: 0.02847  loss_dice_4: 0.9612  loss_ce_5: 0.07832  loss_mask_5: 0.02164  loss_dice_5: 0.7516  loss_ce_6: 0.02571  loss_mask_6: 0.02732  loss_dice_6: 0.8294  loss_ce_7: 0.02838  loss_mask_7: 0.02295  loss_dice_7: 0.8163  loss_ce_8: 0.05932  loss_mask_8: 0.02387  loss_dice_8: 0.8715    time: 0.8064  last_time: 0.8010  data_time: 0.1291  last_data_time: 0.1291   lr: 2.7513e-05  max_mem: 12316M
[03/19 02:32:36 d2.utils.events]:  eta: 2:20:30  iter: 9379  total_loss: 5.938  loss_ce: 0.005144  loss_mask: 0.03177  loss_dice: 0.5443  loss_ce_0: 0.1572  loss_mask_0: 0.03169  loss_dice_0: 0.5499  loss_ce_1: 0.02137  loss_mask_1: 0.03248  loss_dice_1: 0.5372  loss_ce_2: 0.007383  loss_mask_2: 0.03518  loss_dice_2: 0.5149  loss_ce_3: 0.005673  loss_mask_3: 0.03126  loss_dice_3: 0.4907  loss_ce_4: 0.005796  loss_mask_4: 0.03233  loss_dice_4: 0.5663  loss_ce_5: 0.004665  loss_mask_5: 0.03127  loss_dice_5: 0.5539  loss_ce_6: 0.004683  loss_mask_6: 0.02704  loss_dice_6: 0.5156  loss_ce_7: 0.004313  loss_mask_7: 0.02973  loss_dice_7: 0.5713  loss_ce_8: 0.004734  loss_mask_8: 0.03256  loss_dice_8: 0.5572    time: 0.8064  last_time: 0.7630  data_time: 0.0772  last_data_time: 0.0772   lr: 2.7435e-05  max_mem: 12316M
[03/19 02:32:53 d2.utils.events]:  eta: 2:20:17  iter: 9399  total_loss: 6.675  loss_ce: 0.01141  loss_mask: 0.03805  loss_dice: 0.6011  loss_ce_0: 0.1613  loss_mask_0: 0.04844  loss_dice_0: 0.6133  loss_ce_1: 0.01787  loss_mask_1: 0.03264  loss_dice_1: 0.5707  loss_ce_2: 0.01025  loss_mask_2: 0.03405  loss_dice_2: 0.5931  loss_ce_3: 0.01261  loss_mask_3: 0.03923  loss_dice_3: 0.6002  loss_ce_4: 0.008505  loss_mask_4: 0.03752  loss_dice_4: 0.6142  loss_ce_5: 0.008275  loss_mask_5: 0.03543  loss_dice_5: 0.6401  loss_ce_6: 0.01034  loss_mask_6: 0.03328  loss_dice_6: 0.5687  loss_ce_7: 0.01077  loss_mask_7: 0.03725  loss_dice_7: 0.6414  loss_ce_8: 0.01199  loss_mask_8: 0.03834  loss_dice_8: 0.5943    time: 0.8064  last_time: 0.8480  data_time: 0.1520  last_data_time: 0.1520   lr: 2.7357e-05  max_mem: 12316M
[03/19 02:33:09 d2.utils.events]:  eta: 2:20:04  iter: 9419  total_loss: 11.01  loss_ce: 0.1679  loss_mask: 0.03408  loss_dice: 0.9525  loss_ce_0: 0.2684  loss_mask_0: 0.02839  loss_dice_0: 0.8761  loss_ce_1: 0.1489  loss_mask_1: 0.03302  loss_dice_1: 1.035  loss_ce_2: 0.2234  loss_mask_2: 0.03124  loss_dice_2: 0.9053  loss_ce_3: 0.1207  loss_mask_3: 0.0307  loss_dice_3: 0.8993  loss_ce_4: 0.1655  loss_mask_4: 0.03259  loss_dice_4: 0.9836  loss_ce_5: 0.1537  loss_mask_5: 0.02771  loss_dice_5: 0.9225  loss_ce_6: 0.1839  loss_mask_6: 0.03243  loss_dice_6: 0.7685  loss_ce_7: 0.1307  loss_mask_7: 0.0326  loss_dice_7: 0.8198  loss_ce_8: 0.1356  loss_mask_8: 0.02911  loss_dice_8: 0.8372    time: 0.8064  last_time: 0.8732  data_time: 0.2054  last_data_time: 0.2054   lr: 2.7278e-05  max_mem: 12316M
[03/19 02:33:25 d2.utils.events]:  eta: 2:19:47  iter: 9439  total_loss: 7.782  loss_ce: 0.09816  loss_mask: 0.03586  loss_dice: 0.6124  loss_ce_0: 0.349  loss_mask_0: 0.04562  loss_dice_0: 0.7286  loss_ce_1: 0.07642  loss_mask_1: 0.03235  loss_dice_1: 0.666  loss_ce_2: 0.05238  loss_mask_2: 0.03527  loss_dice_2: 0.8484  loss_ce_3: 0.03481  loss_mask_3: 0.03504  loss_dice_3: 0.6508  loss_ce_4: 0.03196  loss_mask_4: 0.03391  loss_dice_4: 0.6681  loss_ce_5: 0.02884  loss_mask_5: 0.03315  loss_dice_5: 0.6262  loss_ce_6: 0.02865  loss_mask_6: 0.03266  loss_dice_6: 0.6269  loss_ce_7: 0.06041  loss_mask_7: 0.03188  loss_dice_7: 0.6422  loss_ce_8: 0.03035  loss_mask_8: 0.02997  loss_dice_8: 0.5758    time: 0.8064  last_time: 0.8302  data_time: 0.1469  last_data_time: 0.1469   lr: 2.72e-05  max_mem: 12316M
[03/19 02:33:42 d2.utils.events]:  eta: 2:19:31  iter: 9459  total_loss: 8.569  loss_ce: 0.02284  loss_mask: 0.03002  loss_dice: 0.6584  loss_ce_0: 0.08949  loss_mask_0: 0.03877  loss_dice_0: 0.9879  loss_ce_1: 0.04946  loss_mask_1: 0.04448  loss_dice_1: 0.9363  loss_ce_2: 0.02314  loss_mask_2: 0.03298  loss_dice_2: 0.6379  loss_ce_3: 0.02949  loss_mask_3: 0.03938  loss_dice_3: 0.9439  loss_ce_4: 0.03087  loss_mask_4: 0.03459  loss_dice_4: 0.5628  loss_ce_5: 0.02383  loss_mask_5: 0.03536  loss_dice_5: 0.9365  loss_ce_6: 0.02481  loss_mask_6: 0.03927  loss_dice_6: 0.8415  loss_ce_7: 0.02214  loss_mask_7: 0.03427  loss_dice_7: 0.5081  loss_ce_8: 0.02246  loss_mask_8: 0.03405  loss_dice_8: 0.8544    time: 0.8064  last_time: 0.8278  data_time: 0.1540  last_data_time: 0.1540   lr: 2.7122e-05  max_mem: 12316M
[03/19 02:33:58 d2.utils.events]:  eta: 2:19:16  iter: 9479  total_loss: 6.948  loss_ce: 0.02546  loss_mask: 0.04338  loss_dice: 0.5347  loss_ce_0: 0.1936  loss_mask_0: 0.06975  loss_dice_0: 0.7083  loss_ce_1: 0.07497  loss_mask_1: 0.05182  loss_dice_1: 0.5932  loss_ce_2: 0.02412  loss_mask_2: 0.05258  loss_dice_2: 0.5785  loss_ce_3: 0.02218  loss_mask_3: 0.04544  loss_dice_3: 0.6032  loss_ce_4: 0.0256  loss_mask_4: 0.04891  loss_dice_4: 0.5765  loss_ce_5: 0.02241  loss_mask_5: 0.0523  loss_dice_5: 0.6402  loss_ce_6: 0.02578  loss_mask_6: 0.04933  loss_dice_6: 0.6239  loss_ce_7: 0.02279  loss_mask_7: 0.04891  loss_dice_7: 0.5811  loss_ce_8: 0.02453  loss_mask_8: 0.04319  loss_dice_8: 0.541    time: 0.8064  last_time: 0.8549  data_time: 0.1584  last_data_time: 0.1584   lr: 2.7044e-05  max_mem: 12316M
[03/19 02:34:15 d2.utils.events]:  eta: 2:19:05  iter: 9499  total_loss: 6.433  loss_ce: 0.02829  loss_mask: 0.0363  loss_dice: 0.5817  loss_ce_0: 0.2721  loss_mask_0: 0.04163  loss_dice_0: 0.6439  loss_ce_1: 0.02144  loss_mask_1: 0.03558  loss_dice_1: 0.565  loss_ce_2: 0.02886  loss_mask_2: 0.0338  loss_dice_2: 0.503  loss_ce_3: 0.02895  loss_mask_3: 0.034  loss_dice_3: 0.4944  loss_ce_4: 0.02871  loss_mask_4: 0.03456  loss_dice_4: 0.5431  loss_ce_5: 0.03029  loss_mask_5: 0.03415  loss_dice_5: 0.5677  loss_ce_6: 0.09369  loss_mask_6: 0.03467  loss_dice_6: 0.5198  loss_ce_7: 0.02853  loss_mask_7: 0.03589  loss_dice_7: 0.5402  loss_ce_8: 0.0301  loss_mask_8: 0.03474  loss_dice_8: 0.5276    time: 0.8064  last_time: 1.0173  data_time: 0.1624  last_data_time: 0.1624   lr: 2.6965e-05  max_mem: 12316M
[03/19 02:34:31 d2.utils.events]:  eta: 2:18:45  iter: 9519  total_loss: 12.07  loss_ce: 0.07733  loss_mask: 0.06395  loss_dice: 0.8845  loss_ce_0: 0.2854  loss_mask_0: 0.09615  loss_dice_0: 1.345  loss_ce_1: 0.05456  loss_mask_1: 0.06164  loss_dice_1: 0.9691  loss_ce_2: 0.03509  loss_mask_2: 0.06292  loss_dice_2: 1.148  loss_ce_3: 0.01428  loss_mask_3: 0.1085  loss_dice_3: 1.136  loss_ce_4: 0.04456  loss_mask_4: 0.06666  loss_dice_4: 1.071  loss_ce_5: 0.03885  loss_mask_5: 0.06268  loss_dice_5: 1.035  loss_ce_6: 0.0347  loss_mask_6: 0.0661  loss_dice_6: 1.034  loss_ce_7: 0.03597  loss_mask_7: 0.06405  loss_dice_7: 0.9948  loss_ce_8: 0.03802  loss_mask_8: 0.06678  loss_dice_8: 1.074    time: 0.8064  last_time: 0.9700  data_time: 0.3006  last_data_time: 0.3006   lr: 2.6887e-05  max_mem: 12316M
[03/19 02:34:48 d2.utils.events]:  eta: 2:18:35  iter: 9539  total_loss: 8.536  loss_ce: 0.01179  loss_mask: 0.06357  loss_dice: 0.639  loss_ce_0: 0.2467  loss_mask_0: 0.1094  loss_dice_0: 0.798  loss_ce_1: 0.03016  loss_mask_1: 0.06517  loss_dice_1: 0.756  loss_ce_2: 0.01401  loss_mask_2: 0.07035  loss_dice_2: 0.7726  loss_ce_3: 0.009485  loss_mask_3: 0.06532  loss_dice_3: 0.7144  loss_ce_4: 0.00881  loss_mask_4: 0.06732  loss_dice_4: 0.7847  loss_ce_5: 0.009638  loss_mask_5: 0.06534  loss_dice_5: 0.7145  loss_ce_6: 0.01316  loss_mask_6: 0.06951  loss_dice_6: 0.7135  loss_ce_7: 0.01156  loss_mask_7: 0.06832  loss_dice_7: 0.781  loss_ce_8: 0.01361  loss_mask_8: 0.06643  loss_dice_8: 0.7825    time: 0.8064  last_time: 0.8523  data_time: 0.1720  last_data_time: 0.1720   lr: 2.6809e-05  max_mem: 12316M
[03/19 02:35:04 d2.utils.events]:  eta: 2:18:22  iter: 9559  total_loss: 8.091  loss_ce: 0.006149  loss_mask: 0.05095  loss_dice: 0.6622  loss_ce_0: 0.2075  loss_mask_0: 0.06431  loss_dice_0: 0.8054  loss_ce_1: 0.01897  loss_mask_1: 0.04536  loss_dice_1: 0.7149  loss_ce_2: 0.0118  loss_mask_2: 0.05172  loss_dice_2: 0.7184  loss_ce_3: 0.009204  loss_mask_3: 0.04329  loss_dice_3: 0.6754  loss_ce_4: 0.006894  loss_mask_4: 0.04909  loss_dice_4: 0.7789  loss_ce_5: 0.006394  loss_mask_5: 0.04688  loss_dice_5: 0.7632  loss_ce_6: 0.006085  loss_mask_6: 0.05744  loss_dice_6: 0.7634  loss_ce_7: 0.005873  loss_mask_7: 0.05068  loss_dice_7: 0.6945  loss_ce_8: 0.006438  loss_mask_8: 0.04581  loss_dice_8: 0.7237    time: 0.8064  last_time: 0.8431  data_time: 0.1638  last_data_time: 0.1638   lr: 2.673e-05  max_mem: 12316M
[03/19 02:35:21 d2.utils.events]:  eta: 2:18:10  iter: 9579  total_loss: 9.52  loss_ce: 0.0954  loss_mask: 0.02709  loss_dice: 0.9548  loss_ce_0: 0.09189  loss_mask_0: 0.03088  loss_dice_0: 0.7322  loss_ce_1: 0.1195  loss_mask_1: 0.031  loss_dice_1: 0.9754  loss_ce_2: 0.1022  loss_mask_2: 0.03153  loss_dice_2: 0.8691  loss_ce_3: 0.0479  loss_mask_3: 0.02892  loss_dice_3: 0.8459  loss_ce_4: 0.04619  loss_mask_4: 0.02922  loss_dice_4: 0.7717  loss_ce_5: 0.04414  loss_mask_5: 0.02838  loss_dice_5: 0.8354  loss_ce_6: 0.1014  loss_mask_6: 0.02923  loss_dice_6: 0.9638  loss_ce_7: 0.03842  loss_mask_7: 0.02464  loss_dice_7: 0.8116  loss_ce_8: 0.11  loss_mask_8: 0.02429  loss_dice_8: 0.6781    time: 0.8064  last_time: 0.7873  data_time: 0.1261  last_data_time: 0.1261   lr: 2.6652e-05  max_mem: 12316M
[03/19 02:35:37 d2.utils.events]:  eta: 2:17:56  iter: 9599  total_loss: 6.271  loss_ce: 0.02229  loss_mask: 0.0412  loss_dice: 0.4809  loss_ce_0: 0.1553  loss_mask_0: 0.06242  loss_dice_0: 0.6054  loss_ce_1: 0.04699  loss_mask_1: 0.04553  loss_dice_1: 0.5544  loss_ce_2: 0.03628  loss_mask_2: 0.04531  loss_dice_2: 0.5483  loss_ce_3: 0.02848  loss_mask_3: 0.0408  loss_dice_3: 0.5182  loss_ce_4: 0.02571  loss_mask_4: 0.04128  loss_dice_4: 0.496  loss_ce_5: 0.02515  loss_mask_5: 0.04391  loss_dice_5: 0.489  loss_ce_6: 0.02622  loss_mask_6: 0.04916  loss_dice_6: 0.5467  loss_ce_7: 0.02506  loss_mask_7: 0.04612  loss_dice_7: 0.5951  loss_ce_8: 0.02354  loss_mask_8: 0.04305  loss_dice_8: 0.563    time: 0.8064  last_time: 0.7983  data_time: 0.1168  last_data_time: 0.1168   lr: 2.6574e-05  max_mem: 12316M
[03/19 02:35:53 d2.utils.events]:  eta: 2:17:40  iter: 9619  total_loss: 10.8  loss_ce: 0.02853  loss_mask: 0.04464  loss_dice: 1.011  loss_ce_0: 0.1506  loss_mask_0: 0.04096  loss_dice_0: 0.8587  loss_ce_1: 0.0487  loss_mask_1: 0.03663  loss_dice_1: 0.8251  loss_ce_2: 0.09298  loss_mask_2: 0.03867  loss_dice_2: 0.912  loss_ce_3: 0.06713  loss_mask_3: 0.04709  loss_dice_3: 1.054  loss_ce_4: 0.06988  loss_mask_4: 0.04825  loss_dice_4: 1.067  loss_ce_5: 0.07132  loss_mask_5: 0.04086  loss_dice_5: 1.044  loss_ce_6: 0.02832  loss_mask_6: 0.04098  loss_dice_6: 0.9838  loss_ce_7: 0.04919  loss_mask_7: 0.04794  loss_dice_7: 1.046  loss_ce_8: 0.03107  loss_mask_8: 0.04282  loss_dice_8: 0.9278    time: 0.8064  last_time: 0.8591  data_time: 0.1856  last_data_time: 0.1856   lr: 2.6495e-05  max_mem: 12316M
[03/19 02:36:10 d2.utils.events]:  eta: 2:17:25  iter: 9639  total_loss: 6.771  loss_ce: 0.02339  loss_mask: 0.04219  loss_dice: 0.5332  loss_ce_0: 0.08209  loss_mask_0: 0.05263  loss_dice_0: 0.6432  loss_ce_1: 0.03878  loss_mask_1: 0.05318  loss_dice_1: 0.6149  loss_ce_2: 0.03031  loss_mask_2: 0.04559  loss_dice_2: 0.5963  loss_ce_3: 0.02659  loss_mask_3: 0.04371  loss_dice_3: 0.5593  loss_ce_4: 0.02562  loss_mask_4: 0.05102  loss_dice_4: 0.6413  loss_ce_5: 0.02377  loss_mask_5: 0.04497  loss_dice_5: 0.5993  loss_ce_6: 0.0216  loss_mask_6: 0.04069  loss_dice_6: 0.5766  loss_ce_7: 0.02187  loss_mask_7: 0.04794  loss_dice_7: 0.6264  loss_ce_8: 0.02469  loss_mask_8: 0.04389  loss_dice_8: 0.5961    time: 0.8064  last_time: 0.8265  data_time: 0.1473  last_data_time: 0.1473   lr: 2.6417e-05  max_mem: 12316M
[03/19 02:36:26 d2.utils.events]:  eta: 2:17:10  iter: 9659  total_loss: 6.162  loss_ce: 0.002845  loss_mask: 0.05225  loss_dice: 0.5228  loss_ce_0: 0.1842  loss_mask_0: 0.07018  loss_dice_0: 0.648  loss_ce_1: 0.007242  loss_mask_1: 0.04849  loss_dice_1: 0.5666  loss_ce_2: 0.004596  loss_mask_2: 0.04516  loss_dice_2: 0.4913  loss_ce_3: 0.003187  loss_mask_3: 0.04498  loss_dice_3: 0.515  loss_ce_4: 0.002388  loss_mask_4: 0.05022  loss_dice_4: 0.5519  loss_ce_5: 0.002886  loss_mask_5: 0.04797  loss_dice_5: 0.5779  loss_ce_6: 0.003348  loss_mask_6: 0.05436  loss_dice_6: 0.5889  loss_ce_7: 0.002824  loss_mask_7: 0.0447  loss_dice_7: 0.4776  loss_ce_8: 0.00322  loss_mask_8: 0.04459  loss_dice_8: 0.5023    time: 0.8065  last_time: 0.8571  data_time: 0.1843  last_data_time: 0.1843   lr: 2.6338e-05  max_mem: 12316M
[03/19 02:36:42 d2.utils.events]:  eta: 2:16:53  iter: 9679  total_loss: 5.65  loss_ce: 0.0104  loss_mask: 0.03887  loss_dice: 0.4456  loss_ce_0: 0.1679  loss_mask_0: 0.05348  loss_dice_0: 0.4992  loss_ce_1: 0.01011  loss_mask_1: 0.04192  loss_dice_1: 0.5331  loss_ce_2: 0.01059  loss_mask_2: 0.04496  loss_dice_2: 0.5187  loss_ce_3: 0.011  loss_mask_3: 0.04558  loss_dice_3: 0.5913  loss_ce_4: 0.009609  loss_mask_4: 0.03926  loss_dice_4: 0.4437  loss_ce_5: 0.0101  loss_mask_5: 0.03657  loss_dice_5: 0.4617  loss_ce_6: 0.01107  loss_mask_6: 0.04282  loss_dice_6: 0.4838  loss_ce_7: 0.009398  loss_mask_7: 0.04259  loss_dice_7: 0.5116  loss_ce_8: 0.01028  loss_mask_8: 0.04133  loss_dice_8: 0.4734    time: 0.8064  last_time: 0.7963  data_time: 0.1242  last_data_time: 0.1242   lr: 2.626e-05  max_mem: 12316M
[03/19 02:36:59 d2.utils.events]:  eta: 2:16:36  iter: 9699  total_loss: 7.398  loss_ce: 0.002544  loss_mask: 0.0351  loss_dice: 0.827  loss_ce_0: 0.1719  loss_mask_0: 0.0316  loss_dice_0: 0.5609  loss_ce_1: 0.007145  loss_mask_1: 0.03532  loss_dice_1: 0.5574  loss_ce_2: 0.07021  loss_mask_2: 0.03586  loss_dice_2: 0.6177  loss_ce_3: 0.004144  loss_mask_3: 0.04497  loss_dice_3: 0.7599  loss_ce_4: 0.003058  loss_mask_4: 0.04023  loss_dice_4: 0.7118  loss_ce_5: 0.003077  loss_mask_5: 0.03228  loss_dice_5: 0.681  loss_ce_6: 0.003282  loss_mask_6: 0.0318  loss_dice_6: 0.6508  loss_ce_7: 0.002168  loss_mask_7: 0.03965  loss_dice_7: 0.7648  loss_ce_8: 0.002945  loss_mask_8: 0.03173  loss_dice_8: 0.6379    time: 0.8064  last_time: 0.7553  data_time: 0.0850  last_data_time: 0.0850   lr: 2.6182e-05  max_mem: 12316M
[03/19 02:37:15 d2.utils.events]:  eta: 2:16:16  iter: 9719  total_loss: 5.995  loss_ce: 0.0209  loss_mask: 0.03928  loss_dice: 0.3257  loss_ce_0: 0.09686  loss_mask_0: 0.04957  loss_dice_0: 0.6731  loss_ce_1: 0.01621  loss_mask_1: 0.03751  loss_dice_1: 0.2636  loss_ce_2: 0.03051  loss_mask_2: 0.04454  loss_dice_2: 0.6305  loss_ce_3: 0.02435  loss_mask_3: 0.03822  loss_dice_3: 0.6194  loss_ce_4: 0.02722  loss_mask_4: 0.03839  loss_dice_4: 0.6831  loss_ce_5: 0.02912  loss_mask_5: 0.04285  loss_dice_5: 0.3428  loss_ce_6: 0.01967  loss_mask_6: 0.03776  loss_dice_6: 0.7788  loss_ce_7: 0.02084  loss_mask_7: 0.04078  loss_dice_7: 0.6448  loss_ce_8: 0.02166  loss_mask_8: 0.03512  loss_dice_8: 0.3215    time: 0.8064  last_time: 1.0395  data_time: 0.1312  last_data_time: 0.1312   lr: 2.6103e-05  max_mem: 12316M
[03/19 02:37:31 d2.utils.events]:  eta: 2:16:00  iter: 9739  total_loss: 7.816  loss_ce: 0.01854  loss_mask: 0.053  loss_dice: 0.7201  loss_ce_0: 0.2062  loss_mask_0: 0.0446  loss_dice_0: 0.7593  loss_ce_1: 0.02834  loss_mask_1: 0.05126  loss_dice_1: 0.645  loss_ce_2: 0.02954  loss_mask_2: 0.05449  loss_dice_2: 0.6818  loss_ce_3: 0.02367  loss_mask_3: 0.05178  loss_dice_3: 0.7024  loss_ce_4: 0.01838  loss_mask_4: 0.06748  loss_dice_4: 0.7618  loss_ce_5: 0.01751  loss_mask_5: 0.05161  loss_dice_5: 0.6282  loss_ce_6: 0.02014  loss_mask_6: 0.05506  loss_dice_6: 0.6743  loss_ce_7: 0.01913  loss_mask_7: 0.05431  loss_dice_7: 0.6756  loss_ce_8: 0.01878  loss_mask_8: 0.05001  loss_dice_8: 0.6333    time: 0.8064  last_time: 0.8381  data_time: 0.1632  last_data_time: 0.1632   lr: 2.6025e-05  max_mem: 12316M
[03/19 02:37:48 d2.utils.events]:  eta: 2:15:50  iter: 9759  total_loss: 10.44  loss_ce: 0.04163  loss_mask: 0.03682  loss_dice: 1.04  loss_ce_0: 0.08115  loss_mask_0: 0.03426  loss_dice_0: 1.153  loss_ce_1: 0.1979  loss_mask_1: 0.0427  loss_dice_1: 0.7892  loss_ce_2: 0.1602  loss_mask_2: 0.03346  loss_dice_2: 0.8506  loss_ce_3: 0.05269  loss_mask_3: 0.03364  loss_dice_3: 0.9431  loss_ce_4: 0.1213  loss_mask_4: 0.03298  loss_dice_4: 0.8384  loss_ce_5: 0.0295  loss_mask_5: 0.03854  loss_dice_5: 1.008  loss_ce_6: 0.1035  loss_mask_6: 0.02909  loss_dice_6: 0.6941  loss_ce_7: 0.1099  loss_mask_7: 0.0394  loss_dice_7: 0.7703  loss_ce_8: 0.03934  loss_mask_8: 0.0371  loss_dice_8: 1.057    time: 0.8064  last_time: 0.8022  data_time: 0.1296  last_data_time: 0.1296   lr: 2.5946e-05  max_mem: 12316M
[03/19 02:38:05 d2.utils.events]:  eta: 2:15:36  iter: 9779  total_loss: 5.735  loss_ce: 0.007784  loss_mask: 0.04386  loss_dice: 0.5029  loss_ce_0: 0.2842  loss_mask_0: 0.06197  loss_dice_0: 0.5188  loss_ce_1: 0.01961  loss_mask_1: 0.04696  loss_dice_1: 0.4742  loss_ce_2: 0.01181  loss_mask_2: 0.04575  loss_dice_2: 0.4699  loss_ce_3: 0.01324  loss_mask_3: 0.0414  loss_dice_3: 0.4695  loss_ce_4: 0.009416  loss_mask_4: 0.04541  loss_dice_4: 0.5059  loss_ce_5: 0.008751  loss_mask_5: 0.04619  loss_dice_5: 0.4997  loss_ce_6: 0.008305  loss_mask_6: 0.0407  loss_dice_6: 0.4991  loss_ce_7: 0.0088  loss_mask_7: 0.04436  loss_dice_7: 0.4779  loss_ce_8: 0.007879  loss_mask_8: 0.04069  loss_dice_8: 0.4798    time: 0.8065  last_time: 1.1318  data_time: 0.2955  last_data_time: 0.2955   lr: 2.5868e-05  max_mem: 12316M
[03/19 02:38:21 d2.utils.events]:  eta: 2:15:20  iter: 9799  total_loss: 8.901  loss_ce: 0.07398  loss_mask: 0.02651  loss_dice: 0.8108  loss_ce_0: 0.1314  loss_mask_0: 0.03219  loss_dice_0: 1.045  loss_ce_1: 0.01385  loss_mask_1: 0.02114  loss_dice_1: 0.737  loss_ce_2: 0.03079  loss_mask_2: 0.02288  loss_dice_2: 0.827  loss_ce_3: 0.02088  loss_mask_3: 0.02267  loss_dice_3: 0.772  loss_ce_4: 0.076  loss_mask_4: 0.02614  loss_dice_4: 0.7322  loss_ce_5: 0.05965  loss_mask_5: 0.03381  loss_dice_5: 0.915  loss_ce_6: 0.01776  loss_mask_6: 0.0265  loss_dice_6: 0.7251  loss_ce_7: 0.01627  loss_mask_7: 0.02487  loss_dice_7: 0.734  loss_ce_8: 0.01919  loss_mask_8: 0.031  loss_dice_8: 0.8755    time: 0.8065  last_time: 0.8028  data_time: 0.1359  last_data_time: 0.1359   lr: 2.5789e-05  max_mem: 12316M
[03/19 02:38:37 d2.utils.events]:  eta: 2:15:02  iter: 9819  total_loss: 9.936  loss_ce: 0.1675  loss_mask: 0.03764  loss_dice: 0.8487  loss_ce_0: 0.08668  loss_mask_0: 0.04535  loss_dice_0: 0.9449  loss_ce_1: 0.1299  loss_mask_1: 0.03344  loss_dice_1: 0.624  loss_ce_2: 0.1537  loss_mask_2: 0.03526  loss_dice_2: 0.9701  loss_ce_3: 0.1066  loss_mask_3: 0.0324  loss_dice_3: 0.6207  loss_ce_4: 0.1043  loss_mask_4: 0.04031  loss_dice_4: 0.8097  loss_ce_5: 0.1626  loss_mask_5: 0.04015  loss_dice_5: 0.8584  loss_ce_6: 0.09804  loss_mask_6: 0.03176  loss_dice_6: 0.7199  loss_ce_7: 0.1457  loss_mask_7: 0.04147  loss_dice_7: 1.023  loss_ce_8: 0.1616  loss_mask_8: 0.04082  loss_dice_8: 0.8212    time: 0.8065  last_time: 0.8466  data_time: 0.1666  last_data_time: 0.1666   lr: 2.5711e-05  max_mem: 12316M
[03/19 02:38:53 d2.utils.events]:  eta: 2:14:43  iter: 9839  total_loss: 7.587  loss_ce: 0.002786  loss_mask: 0.0381  loss_dice: 0.7365  loss_ce_0: 0.07608  loss_mask_0: 0.03902  loss_dice_0: 0.6731  loss_ce_1: 0.008431  loss_mask_1: 0.02725  loss_dice_1: 0.7142  loss_ce_2: 0.006807  loss_mask_2: 0.0295  loss_dice_2: 0.6781  loss_ce_3: 0.003427  loss_mask_3: 0.02968  loss_dice_3: 0.5907  loss_ce_4: 0.002903  loss_mask_4: 0.03555  loss_dice_4: 0.6689  loss_ce_5: 0.002476  loss_mask_5: 0.04049  loss_dice_5: 0.8016  loss_ce_6: 0.00281  loss_mask_6: 0.03373  loss_dice_6: 0.6732  loss_ce_7: 0.002516  loss_mask_7: 0.03122  loss_dice_7: 0.7833  loss_ce_8: 0.002389  loss_mask_8: 0.03333  loss_dice_8: 0.8186    time: 0.8064  last_time: 0.7401  data_time: 0.0787  last_data_time: 0.0787   lr: 2.5632e-05  max_mem: 12316M
[03/19 02:39:10 d2.utils.events]:  eta: 2:14:25  iter: 9859  total_loss: 4.707  loss_ce: 0.009753  loss_mask: 0.04522  loss_dice: 0.451  loss_ce_0: 0.1347  loss_mask_0: 0.07179  loss_dice_0: 0.5084  loss_ce_1: 0.01232  loss_mask_1: 0.05258  loss_dice_1: 0.3915  loss_ce_2: 0.01256  loss_mask_2: 0.04117  loss_dice_2: 0.3817  loss_ce_3: 0.0117  loss_mask_3: 0.03544  loss_dice_3: 0.3188  loss_ce_4: 0.0092  loss_mask_4: 0.04261  loss_dice_4: 0.4239  loss_ce_5: 0.007437  loss_mask_5: 0.04259  loss_dice_5: 0.3768  loss_ce_6: 0.009911  loss_mask_6: 0.04263  loss_dice_6: 0.3999  loss_ce_7: 0.008685  loss_mask_7: 0.04038  loss_dice_7: 0.364  loss_ce_8: 0.008681  loss_mask_8: 0.04486  loss_dice_8: 0.4065    time: 0.8064  last_time: 0.9282  data_time: 0.2775  last_data_time: 0.2775   lr: 2.5554e-05  max_mem: 12316M
[03/19 02:39:26 d2.utils.events]:  eta: 2:14:09  iter: 9879  total_loss: 8.284  loss_ce: 0.0168  loss_mask: 0.03209  loss_dice: 0.7271  loss_ce_0: 0.5477  loss_mask_0: 0.03734  loss_dice_0: 0.8266  loss_ce_1: 0.1025  loss_mask_1: 0.02716  loss_dice_1: 0.6476  loss_ce_2: 0.08834  loss_mask_2: 0.03238  loss_dice_2: 0.6647  loss_ce_3: 0.02191  loss_mask_3: 0.02898  loss_dice_3: 0.6075  loss_ce_4: 0.09435  loss_mask_4: 0.02946  loss_dice_4: 0.6257  loss_ce_5: 0.02188  loss_mask_5: 0.03156  loss_dice_5: 0.6873  loss_ce_6: 0.01908  loss_mask_6: 0.02991  loss_dice_6: 0.6881  loss_ce_7: 0.087  loss_mask_7: 0.0327  loss_dice_7: 0.7165  loss_ce_8: 0.07462  loss_mask_8: 0.03328  loss_dice_8: 0.7041    time: 0.8064  last_time: 0.8095  data_time: 0.1319  last_data_time: 0.1319   lr: 2.5475e-05  max_mem: 12316M
[03/19 02:39:42 d2.utils.events]:  eta: 2:13:54  iter: 9899  total_loss: 7.439  loss_ce: 0.01403  loss_mask: 0.04119  loss_dice: 0.629  loss_ce_0: 0.2188  loss_mask_0: 0.0579  loss_dice_0: 0.7151  loss_ce_1: 0.05174  loss_mask_1: 0.05029  loss_dice_1: 0.6902  loss_ce_2: 0.02093  loss_mask_2: 0.0525  loss_dice_2: 0.6605  loss_ce_3: 0.01883  loss_mask_3: 0.04555  loss_dice_3: 0.632  loss_ce_4: 0.01722  loss_mask_4: 0.04834  loss_dice_4: 0.7211  loss_ce_5: 0.01535  loss_mask_5: 0.0491  loss_dice_5: 0.6399  loss_ce_6: 0.01663  loss_mask_6: 0.04389  loss_dice_6: 0.6148  loss_ce_7: 0.01629  loss_mask_7: 0.04478  loss_dice_7: 0.5934  loss_ce_8: 0.01446  loss_mask_8: 0.04721  loss_dice_8: 0.6581    time: 0.8064  last_time: 0.8117  data_time: 0.1340  last_data_time: 0.1340   lr: 2.5397e-05  max_mem: 12316M
[03/19 02:39:59 d2.utils.events]:  eta: 2:13:42  iter: 9919  total_loss: 8.918  loss_ce: 0.09077  loss_mask: 0.05118  loss_dice: 0.7171  loss_ce_0: 0.3849  loss_mask_0: 0.05379  loss_dice_0: 0.7072  loss_ce_1: 0.0289  loss_mask_1: 0.06179  loss_dice_1: 0.6746  loss_ce_2: 0.06562  loss_mask_2: 0.06453  loss_dice_2: 0.7001  loss_ce_3: 0.09656  loss_mask_3: 0.06002  loss_dice_3: 0.8334  loss_ce_4: 0.0492  loss_mask_4: 0.06756  loss_dice_4: 0.7732  loss_ce_5: 0.08384  loss_mask_5: 0.05547  loss_dice_5: 0.6678  loss_ce_6: 0.08773  loss_mask_6: 0.05697  loss_dice_6: 0.7406  loss_ce_7: 0.08862  loss_mask_7: 0.05844  loss_dice_7: 0.6678  loss_ce_8: 0.1136  loss_mask_8: 0.06241  loss_dice_8: 0.7539    time: 0.8064  last_time: 0.8160  data_time: 0.1297  last_data_time: 0.1297   lr: 2.5318e-05  max_mem: 12316M
[03/19 02:40:15 d2.utils.events]:  eta: 2:13:23  iter: 9939  total_loss: 6.389  loss_ce: 0.00697  loss_mask: 0.03703  loss_dice: 0.6946  loss_ce_0: 0.08519  loss_mask_0: 0.03898  loss_dice_0: 0.5764  loss_ce_1: 0.01108  loss_mask_1: 0.03529  loss_dice_1: 0.5827  loss_ce_2: 0.01308  loss_mask_2: 0.03178  loss_dice_2: 0.5921  loss_ce_3: 0.009515  loss_mask_3: 0.03816  loss_dice_3: 0.5464  loss_ce_4: 0.005792  loss_mask_4: 0.02877  loss_dice_4: 0.6474  loss_ce_5: 0.006783  loss_mask_5: 0.03137  loss_dice_5: 0.5997  loss_ce_6: 0.006935  loss_mask_6: 0.03064  loss_dice_6: 0.4448  loss_ce_7: 0.006637  loss_mask_7: 0.03863  loss_dice_7: 0.654  loss_ce_8: 0.00689  loss_mask_8: 0.0296  loss_dice_8: 0.5521    time: 0.8065  last_time: 1.1295  data_time: 0.1257  last_data_time: 0.1257   lr: 2.524e-05  max_mem: 12316M
[03/19 02:40:31 d2.utils.events]:  eta: 2:13:05  iter: 9959  total_loss: 4.527  loss_ce: 0.0262  loss_mask: 0.02997  loss_dice: 0.3782  loss_ce_0: 0.1358  loss_mask_0: 0.03646  loss_dice_0: 0.4194  loss_ce_1: 0.02128  loss_mask_1: 0.03316  loss_dice_1: 0.3981  loss_ce_2: 0.01401  loss_mask_2: 0.0292  loss_dice_2: 0.3672  loss_ce_3: 0.01534  loss_mask_3: 0.03028  loss_dice_3: 0.3691  loss_ce_4: 0.01623  loss_mask_4: 0.03153  loss_dice_4: 0.3363  loss_ce_5: 0.01797  loss_mask_5: 0.03254  loss_dice_5: 0.4298  loss_ce_6: 0.02009  loss_mask_6: 0.03113  loss_dice_6: 0.434  loss_ce_7: 0.02231  loss_mask_7: 0.03184  loss_dice_7: 0.3792  loss_ce_8: 0.02782  loss_mask_8: 0.03169  loss_dice_8: 0.3814    time: 0.8064  last_time: 0.7744  data_time: 0.1105  last_data_time: 0.1105   lr: 2.5161e-05  max_mem: 12316M
[03/19 02:40:48 d2.utils.events]:  eta: 2:12:44  iter: 9979  total_loss: 11.59  loss_ce: 0.1475  loss_mask: 0.09467  loss_dice: 0.7682  loss_ce_0: 0.723  loss_mask_0: 0.1074  loss_dice_0: 0.9622  loss_ce_1: 0.1114  loss_mask_1: 0.1125  loss_dice_1: 0.9532  loss_ce_2: 0.1246  loss_mask_2: 0.1265  loss_dice_2: 0.8732  loss_ce_3: 0.1079  loss_mask_3: 0.09203  loss_dice_3: 0.8601  loss_ce_4: 0.1075  loss_mask_4: 0.09959  loss_dice_4: 0.8756  loss_ce_5: 0.09114  loss_mask_5: 0.1041  loss_dice_5: 0.9396  loss_ce_6: 0.1721  loss_mask_6: 0.09464  loss_dice_6: 0.8125  loss_ce_7: 0.1421  loss_mask_7: 0.1003  loss_dice_7: 0.7773  loss_ce_8: 0.1559  loss_mask_8: 0.1002  loss_dice_8: 0.8525    time: 0.8064  last_time: 0.7576  data_time: 0.0733  last_data_time: 0.0733   lr: 2.5082e-05  max_mem: 12316M
[03/19 02:41:04 fvcore.common.checkpoint]: Saving checkpoint to /mnt/data/mis2025/group_6/Parameter/trained_para/graphene_mid_finetune_remove_small_falkes/model_0009999.pth
[03/19 02:41:05 d2.utils.events]:  eta: 2:12:26  iter: 9999  total_loss: 8.152  loss_ce: 0.02428  loss_mask: 0.03975  loss_dice: 0.6624  loss_ce_0: 0.1912  loss_mask_0: 0.05665  loss_dice_0: 0.8976  loss_ce_1: 0.02701  loss_mask_1: 0.03995  loss_dice_1: 0.6814  loss_ce_2: 0.02709  loss_mask_2: 0.04298  loss_dice_2: 0.6855  loss_ce_3: 0.03014  loss_mask_3: 0.04118  loss_dice_3: 0.7494  loss_ce_4: 0.02911  loss_mask_4: 0.04272  loss_dice_4: 0.7069  loss_ce_5: 0.0255  loss_mask_5: 0.0389  loss_dice_5: 0.6743  loss_ce_6: 0.02609  loss_mask_6: 0.03842  loss_dice_6: 0.739  loss_ce_7: 0.02653  loss_mask_7: 0.04059  loss_dice_7: 0.8095  loss_ce_8: 0.02421  loss_mask_8: 0.03953  loss_dice_8: 0.6939    time: 0.8064  last_time: 0.8480  data_time: 0.1642  last_data_time: 0.1642   lr: 2.5004e-05  max_mem: 12316M
[03/19 02:41:21 d2.utils.events]:  eta: 2:12:10  iter: 10019  total_loss: 6.36  loss_ce: 0.0144  loss_mask: 0.04197  loss_dice: 0.6099  loss_ce_0: 0.08698  loss_mask_0: 0.04862  loss_dice_0: 0.6249  loss_ce_1: 0.01241  loss_mask_1: 0.04295  loss_dice_1: 0.5677  loss_ce_2: 0.01698  loss_mask_2: 0.04965  loss_dice_2: 0.5678  loss_ce_3: 0.01528  loss_mask_3: 0.04115  loss_dice_3: 0.5302  loss_ce_4: 0.0152  loss_mask_4: 0.0372  loss_dice_4: 0.5361  loss_ce_5: 0.01474  loss_mask_5: 0.04329  loss_dice_5: 0.5647  loss_ce_6: 0.01442  loss_mask_6: 0.03859  loss_dice_6: 0.5034  loss_ce_7: 0.01462  loss_mask_7: 0.04439  loss_dice_7: 0.6289  loss_ce_8: 0.01431  loss_mask_8: 0.04052  loss_dice_8: 0.5785    time: 0.8064  last_time: 0.8851  data_time: 0.2006  last_data_time: 0.2006   lr: 2.4925e-05  max_mem: 12316M
[03/19 02:41:37 d2.utils.events]:  eta: 2:11:51  iter: 10039  total_loss: 5.837  loss_ce: 0.01146  loss_mask: 0.0348  loss_dice: 0.5801  loss_ce_0: 0.08177  loss_mask_0: 0.04134  loss_dice_0: 0.4687  loss_ce_1: 0.01049  loss_mask_1: 0.02853  loss_dice_1: 0.4776  loss_ce_2: 0.01208  loss_mask_2: 0.02514  loss_dice_2: 0.5155  loss_ce_3: 0.01046  loss_mask_3: 0.02813  loss_dice_3: 0.5252  loss_ce_4: 0.01147  loss_mask_4: 0.03067  loss_dice_4: 0.573  loss_ce_5: 0.01292  loss_mask_5: 0.03096  loss_dice_5: 0.5017  loss_ce_6: 0.01189  loss_mask_6: 0.02953  loss_dice_6: 0.5461  loss_ce_7: 0.0108  loss_mask_7: 0.03033  loss_dice_7: 0.5888  loss_ce_8: 0.01045  loss_mask_8: 0.0266  loss_dice_8: 0.57    time: 0.8064  last_time: 0.8058  data_time: 0.1407  last_data_time: 0.1407   lr: 2.4847e-05  max_mem: 12316M
[03/19 02:41:54 d2.utils.events]:  eta: 2:11:36  iter: 10059  total_loss: 7.114  loss_ce: 0.09086  loss_mask: 0.0343  loss_dice: 0.5081  loss_ce_0: 0.2897  loss_mask_0: 0.04068  loss_dice_0: 0.5456  loss_ce_1: 0.1055  loss_mask_1: 0.03893  loss_dice_1: 0.5389  loss_ce_2: 0.09235  loss_mask_2: 0.03719  loss_dice_2: 0.6183  loss_ce_3: 0.1008  loss_mask_3: 0.03986  loss_dice_3: 0.6239  loss_ce_4: 0.09045  loss_mask_4: 0.03637  loss_dice_4: 0.617  loss_ce_5: 0.1068  loss_mask_5: 0.04111  loss_dice_5: 0.5305  loss_ce_6: 0.1084  loss_mask_6: 0.03713  loss_dice_6: 0.4674  loss_ce_7: 0.1052  loss_mask_7: 0.03939  loss_dice_7: 0.607  loss_ce_8: 0.1105  loss_mask_8: 0.03412  loss_dice_8: 0.4775    time: 0.8064  last_time: 0.8197  data_time: 0.1379  last_data_time: 0.1379   lr: 2.4768e-05  max_mem: 12316M
[03/19 02:42:10 d2.utils.events]:  eta: 2:11:24  iter: 10079  total_loss: 8.293  loss_ce: 0.008883  loss_mask: 0.0524  loss_dice: 0.7172  loss_ce_0: 0.1757  loss_mask_0: 0.06998  loss_dice_0: 0.8443  loss_ce_1: 0.01503  loss_mask_1: 0.0475  loss_dice_1: 0.6752  loss_ce_2: 0.01227  loss_mask_2: 0.05285  loss_dice_2: 0.6438  loss_ce_3: 0.008252  loss_mask_3: 0.05836  loss_dice_3: 0.7969  loss_ce_4: 0.008839  loss_mask_4: 0.05526  loss_dice_4: 0.687  loss_ce_5: 0.009208  loss_mask_5: 0.05508  loss_dice_5: 0.7673  loss_ce_6: 0.009435  loss_mask_6: 0.05228  loss_dice_6: 0.7255  loss_ce_7: 0.008848  loss_mask_7: 0.05968  loss_dice_7: 0.8478  loss_ce_8: 0.009587  loss_mask_8: 0.05251  loss_dice_8: 0.7665    time: 0.8064  last_time: 0.8543  data_time: 0.1845  last_data_time: 0.1845   lr: 2.469e-05  max_mem: 12316M
[03/19 02:42:27 d2.utils.events]:  eta: 2:11:07  iter: 10099  total_loss: 7.033  loss_ce: 0.007753  loss_mask: 0.02727  loss_dice: 0.5851  loss_ce_0: 0.086  loss_mask_0: 0.04851  loss_dice_0: 0.8225  loss_ce_1: 0.01512  loss_mask_1: 0.0291  loss_dice_1: 0.4646  loss_ce_2: 0.00786  loss_mask_2: 0.03854  loss_dice_2: 0.6402  loss_ce_3: 0.006639  loss_mask_3: 0.03088  loss_dice_3: 0.6628  loss_ce_4: 0.004702  loss_mask_4: 0.03509  loss_dice_4: 0.5846  loss_ce_5: 0.005326  loss_mask_5: 0.03407  loss_dice_5: 0.6682  loss_ce_6: 0.005337  loss_mask_6: 0.03264  loss_dice_6: 0.5877  loss_ce_7: 0.007298  loss_mask_7: 0.03544  loss_dice_7: 0.729  loss_ce_8: 0.008154  loss_mask_8: 0.04545  loss_dice_8: 0.7774    time: 0.8064  last_time: 0.8265  data_time: 0.1575  last_data_time: 0.1575   lr: 2.4611e-05  max_mem: 12316M
[03/19 02:42:43 d2.utils.events]:  eta: 2:10:50  iter: 10119  total_loss: 12.09  loss_ce: 0.09192  loss_mask: 0.1049  loss_dice: 0.9999  loss_ce_0: 0.3787  loss_mask_0: 0.1141  loss_dice_0: 1.036  loss_ce_1: 0.119  loss_mask_1: 0.1021  loss_dice_1: 1.013  loss_ce_2: 0.08472  loss_mask_2: 0.12  loss_dice_2: 0.9584  loss_ce_3: 0.09001  loss_mask_3: 0.1246  loss_dice_3: 0.9177  loss_ce_4: 0.1013  loss_mask_4: 0.1249  loss_dice_4: 0.9318  loss_ce_5: 0.09532  loss_mask_5: 0.1016  loss_dice_5: 0.9703  loss_ce_6: 0.1022  loss_mask_6: 0.102  loss_dice_6: 0.9364  loss_ce_7: 0.1087  loss_mask_7: 0.1259  loss_dice_7: 1.017  loss_ce_8: 0.09312  loss_mask_8: 0.1154  loss_dice_8: 0.909    time: 0.8064  last_time: 0.9419  data_time: 0.2674  last_data_time: 0.2674   lr: 2.4533e-05  max_mem: 12316M
[03/19 02:42:59 d2.utils.events]:  eta: 2:10:33  iter: 10139  total_loss: 7.69  loss_ce: 0.01525  loss_mask: 0.06682  loss_dice: 0.5857  loss_ce_0: 0.1962  loss_mask_0: 0.07889  loss_dice_0: 0.6565  loss_ce_1: 0.01779  loss_mask_1: 0.05961  loss_dice_1: 0.6828  loss_ce_2: 0.01388  loss_mask_2: 0.06605  loss_dice_2: 0.6619  loss_ce_3: 0.01367  loss_mask_3: 0.06869  loss_dice_3: 0.6603  loss_ce_4: 0.01318  loss_mask_4: 0.06624  loss_dice_4: 0.719  loss_ce_5: 0.0132  loss_mask_5: 0.06655  loss_dice_5: 0.6835  loss_ce_6: 0.0142  loss_mask_6: 0.06951  loss_dice_6: 0.6681  loss_ce_7: 0.01633  loss_mask_7: 0.06335  loss_dice_7: 0.7018  loss_ce_8: 0.01638  loss_mask_8: 0.0664  loss_dice_8: 0.6684    time: 0.8064  last_time: 0.8430  data_time: 0.1852  last_data_time: 0.1852   lr: 2.4454e-05  max_mem: 12316M
[03/19 02:43:16 d2.utils.events]:  eta: 2:10:19  iter: 10159  total_loss: 7.665  loss_ce: 0.007797  loss_mask: 0.0351  loss_dice: 0.6973  loss_ce_0: 0.1109  loss_mask_0: 0.04753  loss_dice_0: 0.8523  loss_ce_1: 0.01289  loss_mask_1: 0.0279  loss_dice_1: 0.6597  loss_ce_2: 0.01176  loss_mask_2: 0.03142  loss_dice_2: 0.6742  loss_ce_3: 0.007828  loss_mask_3: 0.03398  loss_dice_3: 0.7237  loss_ce_4: 0.007329  loss_mask_4: 0.03539  loss_dice_4: 0.7188  loss_ce_5: 0.007251  loss_mask_5: 0.0276  loss_dice_5: 0.7541  loss_ce_6: 0.008198  loss_mask_6: 0.03269  loss_dice_6: 0.6754  loss_ce_7: 0.008666  loss_mask_7: 0.03703  loss_dice_7: 0.654  loss_ce_8: 0.008641  loss_mask_8: 0.03449  loss_dice_8: 0.7217    time: 0.8064  last_time: 1.1203  data_time: 0.3976  last_data_time: 0.3976   lr: 2.4376e-05  max_mem: 12316M
[03/19 02:43:32 d2.utils.events]:  eta: 2:10:00  iter: 10179  total_loss: 8.436  loss_ce: 0.1098  loss_mask: 0.02896  loss_dice: 0.4295  loss_ce_0: 0.1944  loss_mask_0: 0.03856  loss_dice_0: 0.7957  loss_ce_1: 0.1459  loss_mask_1: 0.02767  loss_dice_1: 0.6246  loss_ce_2: 0.1166  loss_mask_2: 0.02849  loss_dice_2: 0.8754  loss_ce_3: 0.07158  loss_mask_3: 0.02189  loss_dice_3: 0.7269  loss_ce_4: 0.1165  loss_mask_4: 0.02394  loss_dice_4: 0.6421  loss_ce_5: 0.1655  loss_mask_5: 0.04586  loss_dice_5: 0.9414  loss_ce_6: 0.1422  loss_mask_6: 0.03101  loss_dice_6: 0.7518  loss_ce_7: 0.1154  loss_mask_7: 0.02557  loss_dice_7: 0.4738  loss_ce_8: 0.1458  loss_mask_8: 0.0311  loss_dice_8: 0.548    time: 0.8064  last_time: 0.8104  data_time: 0.1513  last_data_time: 0.1513   lr: 2.4297e-05  max_mem: 12316M
[03/19 02:43:48 d2.utils.events]:  eta: 2:09:44  iter: 10199  total_loss: 10.96  loss_ce: 0.1498  loss_mask: 0.1071  loss_dice: 0.7863  loss_ce_0: 0.5944  loss_mask_0: 0.1319  loss_dice_0: 0.902  loss_ce_1: 0.1164  loss_mask_1: 0.1142  loss_dice_1: 0.9028  loss_ce_2: 0.09594  loss_mask_2: 0.1129  loss_dice_2: 0.7297  loss_ce_3: 0.1157  loss_mask_3: 0.1019  loss_dice_3: 0.7242  loss_ce_4: 0.08218  loss_mask_4: 0.1065  loss_dice_4: 0.939  loss_ce_5: 0.153  loss_mask_5: 0.1032  loss_dice_5: 0.746  loss_ce_6: 0.1716  loss_mask_6: 0.1053  loss_dice_6: 0.7844  loss_ce_7: 0.1712  loss_mask_7: 0.1029  loss_dice_7: 0.7169  loss_ce_8: 0.1488  loss_mask_8: 0.1052  loss_dice_8: 0.8375    time: 0.8064  last_time: 0.8013  data_time: 0.1444  last_data_time: 0.1444   lr: 2.4219e-05  max_mem: 12316M
[03/19 02:44:04 d2.utils.events]:  eta: 2:09:27  iter: 10219  total_loss: 8.128  loss_ce: 0.07558  loss_mask: 0.0343  loss_dice: 0.6528  loss_ce_0: 0.3049  loss_mask_0: 0.04026  loss_dice_0: 0.7915  loss_ce_1: 0.02486  loss_mask_1: 0.03241  loss_dice_1: 0.7583  loss_ce_2: 0.0883  loss_mask_2: 0.03139  loss_dice_2: 0.7456  loss_ce_3: 0.07566  loss_mask_3: 0.02817  loss_dice_3: 0.5998  loss_ce_4: 0.05846  loss_mask_4: 0.03123  loss_dice_4: 0.6392  loss_ce_5: 0.06259  loss_mask_5: 0.03111  loss_dice_5: 0.6379  loss_ce_6: 0.05738  loss_mask_6: 0.03431  loss_dice_6: 0.6236  loss_ce_7: 0.06282  loss_mask_7: 0.03497  loss_dice_7: 0.6135  loss_ce_8: 0.03615  loss_mask_8: 0.03622  loss_dice_8: 0.8843    time: 0.8063  last_time: 0.7960  data_time: 0.1362  last_data_time: 0.1362   lr: 2.414e-05  max_mem: 12316M
[03/19 02:44:20 d2.utils.events]:  eta: 2:09:07  iter: 10239  total_loss: 6.401  loss_ce: 0.00375  loss_mask: 0.04454  loss_dice: 0.6408  loss_ce_0: 0.133  loss_mask_0: 0.05788  loss_dice_0: 0.6466  loss_ce_1: 0.01029  loss_mask_1: 0.0446  loss_dice_1: 0.5207  loss_ce_2: 0.007383  loss_mask_2: 0.04309  loss_dice_2: 0.5831  loss_ce_3: 0.006229  loss_mask_3: 0.04286  loss_dice_3: 0.5956  loss_ce_4: 0.006381  loss_mask_4: 0.04232  loss_dice_4: 0.5445  loss_ce_5: 0.005383  loss_mask_5: 0.04538  loss_dice_5: 0.5953  loss_ce_6: 0.004621  loss_mask_6: 0.04301  loss_dice_6: 0.5385  loss_ce_7: 0.003986  loss_mask_7: 0.03912  loss_dice_7: 0.5303  loss_ce_8: 0.003728  loss_mask_8: 0.04072  loss_dice_8: 0.5771    time: 0.8063  last_time: 0.7827  data_time: 0.1203  last_data_time: 0.1203   lr: 2.4062e-05  max_mem: 12316M
[03/19 02:44:36 d2.utils.events]:  eta: 2:08:53  iter: 10259  total_loss: 6.255  loss_ce: 0.02379  loss_mask: 0.0439  loss_dice: 0.4887  loss_ce_0: 0.1418  loss_mask_0: 0.05809  loss_dice_0: 0.7326  loss_ce_1: 0.02348  loss_mask_1: 0.0479  loss_dice_1: 0.4774  loss_ce_2: 0.02191  loss_mask_2: 0.04424  loss_dice_2: 0.4985  loss_ce_3: 0.02133  loss_mask_3: 0.0497  loss_dice_3: 0.5729  loss_ce_4: 0.02135  loss_mask_4: 0.04462  loss_dice_4: 0.517  loss_ce_5: 0.09715  loss_mask_5: 0.04413  loss_dice_5: 0.519  loss_ce_6: 0.02196  loss_mask_6: 0.04201  loss_dice_6: 0.466  loss_ce_7: 0.02216  loss_mask_7: 0.0423  loss_dice_7: 0.5806  loss_ce_8: 0.02332  loss_mask_8: 0.04118  loss_dice_8: 0.5259    time: 0.8063  last_time: 0.8485  data_time: 0.1748  last_data_time: 0.1748   lr: 2.3983e-05  max_mem: 12316M
[03/19 02:44:52 d2.utils.events]:  eta: 2:08:43  iter: 10279  total_loss: 11.63  loss_ce: 0.09532  loss_mask: 0.06674  loss_dice: 0.9402  loss_ce_0: 0.3115  loss_mask_0: 0.08828  loss_dice_0: 1.124  loss_ce_1: 0.1122  loss_mask_1: 0.06186  loss_dice_1: 0.908  loss_ce_2: 0.1458  loss_mask_2: 0.06575  loss_dice_2: 0.9202  loss_ce_3: 0.1032  loss_mask_3: 0.06505  loss_dice_3: 1.05  loss_ce_4: 0.1062  loss_mask_4: 0.06121  loss_dice_4: 0.8848  loss_ce_5: 0.09699  loss_mask_5: 0.06986  loss_dice_5: 0.957  loss_ce_6: 0.09764  loss_mask_6: 0.0635  loss_dice_6: 0.8777  loss_ce_7: 0.1036  loss_mask_7: 0.07269  loss_dice_7: 1.009  loss_ce_8: 0.1034  loss_mask_8: 0.06646  loss_dice_8: 0.998    time: 0.8063  last_time: 0.7901  data_time: 0.1198  last_data_time: 0.1198   lr: 2.3905e-05  max_mem: 12316M
[03/19 02:45:09 d2.utils.events]:  eta: 2:08:27  iter: 10299  total_loss: 7.957  loss_ce: 0.03936  loss_mask: 0.05644  loss_dice: 0.6413  loss_ce_0: 0.2021  loss_mask_0: 0.06104  loss_dice_0: 0.8709  loss_ce_1: 0.05086  loss_mask_1: 0.05899  loss_dice_1: 0.7098  loss_ce_2: 0.04059  loss_mask_2: 0.05107  loss_dice_2: 0.6798  loss_ce_3: 0.04152  loss_mask_3: 0.05129  loss_dice_3: 0.5752  loss_ce_4: 0.04645  loss_mask_4: 0.05523  loss_dice_4: 0.5502  loss_ce_5: 0.03958  loss_mask_5: 0.04626  loss_dice_5: 0.6084  loss_ce_6: 0.04202  loss_mask_6: 0.04973  loss_dice_6: 0.7071  loss_ce_7: 0.04077  loss_mask_7: 0.04704  loss_dice_7: 0.7523  loss_ce_8: 0.04086  loss_mask_8: 0.05307  loss_dice_8: 0.7477    time: 0.8063  last_time: 0.8253  data_time: 0.1469  last_data_time: 0.1469   lr: 2.3826e-05  max_mem: 12316M
[03/19 02:45:25 d2.utils.events]:  eta: 2:08:11  iter: 10319  total_loss: 9.05  loss_ce: 0.08438  loss_mask: 0.06083  loss_dice: 0.8393  loss_ce_0: 0.1332  loss_mask_0: 0.08661  loss_dice_0: 0.8997  loss_ce_1: 0.06026  loss_mask_1: 0.0666  loss_dice_1: 0.7643  loss_ce_2: 0.05569  loss_mask_2: 0.06601  loss_dice_2: 0.8413  loss_ce_3: 0.08392  loss_mask_3: 0.06003  loss_dice_3: 0.6858  loss_ce_4: 0.0747  loss_mask_4: 0.06791  loss_dice_4: 0.8228  loss_ce_5: 0.08343  loss_mask_5: 0.05706  loss_dice_5: 0.6925  loss_ce_6: 0.07247  loss_mask_6: 0.06269  loss_dice_6: 0.6566  loss_ce_7: 0.08515  loss_mask_7: 0.05212  loss_dice_7: 0.6327  loss_ce_8: 0.09039  loss_mask_8: 0.06359  loss_dice_8: 0.7476    time: 0.8063  last_time: 0.7955  data_time: 0.1187  last_data_time: 0.1187   lr: 2.3748e-05  max_mem: 12316M
[03/19 02:45:41 d2.utils.events]:  eta: 2:07:56  iter: 10339  total_loss: 9.164  loss_ce: 0.007822  loss_mask: 0.04474  loss_dice: 0.8411  loss_ce_0: 0.1381  loss_mask_0: 0.04927  loss_dice_0: 1.03  loss_ce_1: 0.01236  loss_mask_1: 0.04695  loss_dice_1: 0.7285  loss_ce_2: 0.01774  loss_mask_2: 0.04329  loss_dice_2: 0.7602  loss_ce_3: 0.009116  loss_mask_3: 0.04807  loss_dice_3: 0.7862  loss_ce_4: 0.008082  loss_mask_4: 0.05291  loss_dice_4: 0.8556  loss_ce_5: 0.006478  loss_mask_5: 0.04931  loss_dice_5: 0.9619  loss_ce_6: 0.007179  loss_mask_6: 0.05088  loss_dice_6: 0.8648  loss_ce_7: 0.006944  loss_mask_7: 0.04826  loss_dice_7: 0.8928  loss_ce_8: 0.006931  loss_mask_8: 0.0409  loss_dice_8: 0.7482    time: 0.8063  last_time: 0.7848  data_time: 0.1151  last_data_time: 0.1151   lr: 2.3669e-05  max_mem: 12316M
[03/19 02:45:58 d2.utils.events]:  eta: 2:07:40  iter: 10359  total_loss: 9.6  loss_ce: 0.0473  loss_mask: 0.05198  loss_dice: 0.7812  loss_ce_0: 0.1379  loss_mask_0: 0.08567  loss_dice_0: 1.102  loss_ce_1: 0.07948  loss_mask_1: 0.05926  loss_dice_1: 0.8439  loss_ce_2: 0.06091  loss_mask_2: 0.06386  loss_dice_2: 0.7374  loss_ce_3: 0.05687  loss_mask_3: 0.06645  loss_dice_3: 0.8079  loss_ce_4: 0.09165  loss_mask_4: 0.07396  loss_dice_4: 0.7791  loss_ce_5: 0.06787  loss_mask_5: 0.08934  loss_dice_5: 0.8585  loss_ce_6: 0.05945  loss_mask_6: 0.05526  loss_dice_6: 0.7378  loss_ce_7: 0.07088  loss_mask_7: 0.05741  loss_dice_7: 0.7862  loss_ce_8: 0.07673  loss_mask_8: 0.05855  loss_dice_8: 0.7552    time: 0.8063  last_time: 0.7861  data_time: 0.1221  last_data_time: 0.1221   lr: 2.3591e-05  max_mem: 12316M
[03/19 02:46:14 d2.utils.events]:  eta: 2:07:24  iter: 10379  total_loss: 9.217  loss_ce: 0.02407  loss_mask: 0.05036  loss_dice: 0.7872  loss_ce_0: 0.1785  loss_mask_0: 0.06949  loss_dice_0: 0.9657  loss_ce_1: 0.08294  loss_mask_1: 0.06678  loss_dice_1: 1.236  loss_ce_2: 0.1136  loss_mask_2: 0.04604  loss_dice_2: 0.5728  loss_ce_3: 0.03551  loss_mask_3: 0.06059  loss_dice_3: 0.7155  loss_ce_4: 0.03709  loss_mask_4: 0.05634  loss_dice_4: 0.7866  loss_ce_5: 0.03195  loss_mask_5: 0.06415  loss_dice_5: 0.8102  loss_ce_6: 0.02863  loss_mask_6: 0.0589  loss_dice_6: 0.6902  loss_ce_7: 0.02847  loss_mask_7: 0.0597  loss_dice_7: 0.704  loss_ce_8: 0.02583  loss_mask_8: 0.05524  loss_dice_8: 0.7751    time: 0.8063  last_time: 0.7998  data_time: 0.1299  last_data_time: 0.1299   lr: 2.3513e-05  max_mem: 12316M
[03/19 02:46:30 d2.utils.events]:  eta: 2:07:05  iter: 10399  total_loss: 6.303  loss_ce: 0.01362  loss_mask: 0.02579  loss_dice: 0.6085  loss_ce_0: 0.1253  loss_mask_0: 0.03331  loss_dice_0: 0.7618  loss_ce_1: 0.07149  loss_mask_1: 0.03328  loss_dice_1: 0.6537  loss_ce_2: 0.01187  loss_mask_2: 0.02625  loss_dice_2: 0.5194  loss_ce_3: 0.01285  loss_mask_3: 0.02606  loss_dice_3: 0.5434  loss_ce_4: 0.01404  loss_mask_4: 0.02784  loss_dice_4: 0.532  loss_ce_5: 0.01592  loss_mask_5: 0.02406  loss_dice_5: 0.5171  loss_ce_6: 0.01585  loss_mask_6: 0.02461  loss_dice_6: 0.4964  loss_ce_7: 0.01448  loss_mask_7: 0.02697  loss_dice_7: 0.5451  loss_ce_8: 0.01331  loss_mask_8: 0.0224  loss_dice_8: 0.5462    time: 0.8063  last_time: 0.7443  data_time: 0.0758  last_data_time: 0.0758   lr: 2.3434e-05  max_mem: 12316M
[03/19 02:46:47 d2.utils.events]:  eta: 2:06:52  iter: 10419  total_loss: 7.198  loss_ce: 0.02511  loss_mask: 0.06948  loss_dice: 0.5613  loss_ce_0: 0.3655  loss_mask_0: 0.08426  loss_dice_0: 0.7467  loss_ce_1: 0.07201  loss_mask_1: 0.08422  loss_dice_1: 0.5961  loss_ce_2: 0.03225  loss_mask_2: 0.07209  loss_dice_2: 0.537  loss_ce_3: 0.03646  loss_mask_3: 0.07575  loss_dice_3: 0.5412  loss_ce_4: 0.02906  loss_mask_4: 0.06986  loss_dice_4: 0.596  loss_ce_5: 0.02328  loss_mask_5: 0.07088  loss_dice_5: 0.606  loss_ce_6: 0.0242  loss_mask_6: 0.07138  loss_dice_6: 0.5483  loss_ce_7: 0.02337  loss_mask_7: 0.0638  loss_dice_7: 0.532  loss_ce_8: 0.02352  loss_mask_8: 0.0625  loss_dice_8: 0.5544    time: 0.8063  last_time: 0.9094  data_time: 0.2246  last_data_time: 0.2246   lr: 2.3356e-05  max_mem: 12316M
[03/19 02:47:03 d2.utils.events]:  eta: 2:06:28  iter: 10439  total_loss: 5.134  loss_ce: 0.01008  loss_mask: 0.04227  loss_dice: 0.4322  loss_ce_0: 0.3365  loss_mask_0: 0.06375  loss_dice_0: 0.5098  loss_ce_1: 0.02679  loss_mask_1: 0.05049  loss_dice_1: 0.4239  loss_ce_2: 0.01563  loss_mask_2: 0.04183  loss_dice_2: 0.3886  loss_ce_3: 0.009674  loss_mask_3: 0.04049  loss_dice_3: 0.3859  loss_ce_4: 0.008967  loss_mask_4: 0.04423  loss_dice_4: 0.3894  loss_ce_5: 0.01092  loss_mask_5: 0.04245  loss_dice_5: 0.4362  loss_ce_6: 0.01144  loss_mask_6: 0.04108  loss_dice_6: 0.4174  loss_ce_7: 0.0108  loss_mask_7: 0.04329  loss_dice_7: 0.4312  loss_ce_8: 0.01027  loss_mask_8: 0.04172  loss_dice_8: 0.4168    time: 0.8063  last_time: 0.7852  data_time: 0.1181  last_data_time: 0.1181   lr: 2.3277e-05  max_mem: 12316M
[03/19 02:47:19 d2.utils.events]:  eta: 2:06:11  iter: 10459  total_loss: 6.874  loss_ce: 0.09286  loss_mask: 0.05279  loss_dice: 0.5365  loss_ce_0: 0.1895  loss_mask_0: 0.06552  loss_dice_0: 0.6706  loss_ce_1: 0.02728  loss_mask_1: 0.04745  loss_dice_1: 0.5732  loss_ce_2: 0.07845  loss_mask_2: 0.05652  loss_dice_2: 0.525  loss_ce_3: 0.03102  loss_mask_3: 0.05153  loss_dice_3: 0.6015  loss_ce_4: 0.03671  loss_mask_4: 0.05038  loss_dice_4: 0.5596  loss_ce_5: 0.03653  loss_mask_5: 0.04726  loss_dice_5: 0.5473  loss_ce_6: 0.09199  loss_mask_6: 0.04764  loss_dice_6: 0.5006  loss_ce_7: 0.09366  loss_mask_7: 0.04907  loss_dice_7: 0.5157  loss_ce_8: 0.1062  loss_mask_8: 0.05305  loss_dice_8: 0.5386    time: 0.8063  last_time: 0.7850  data_time: 0.1066  last_data_time: 0.1066   lr: 2.3199e-05  max_mem: 12316M
[03/19 02:47:35 d2.utils.events]:  eta: 2:05:51  iter: 10479  total_loss: 6.796  loss_ce: 0.02827  loss_mask: 0.03644  loss_dice: 0.5231  loss_ce_0: 0.2889  loss_mask_0: 0.04956  loss_dice_0: 0.6  loss_ce_1: 0.05123  loss_mask_1: 0.03417  loss_dice_1: 0.5415  loss_ce_2: 0.04361  loss_mask_2: 0.04427  loss_dice_2: 0.5932  loss_ce_3: 0.03385  loss_mask_3: 0.03614  loss_dice_3: 0.5569  loss_ce_4: 0.03851  loss_mask_4: 0.04137  loss_dice_4: 0.6214  loss_ce_5: 0.03584  loss_mask_5: 0.04003  loss_dice_5: 0.5741  loss_ce_6: 0.03357  loss_mask_6: 0.04203  loss_dice_6: 0.5864  loss_ce_7: 0.08539  loss_mask_7: 0.04365  loss_dice_7: 0.6074  loss_ce_8: 0.03006  loss_mask_8: 0.03748  loss_dice_8: 0.5175    time: 0.8063  last_time: 0.8535  data_time: 0.1419  last_data_time: 0.1419   lr: 2.3121e-05  max_mem: 12316M
[03/19 02:47:52 d2.utils.events]:  eta: 2:05:32  iter: 10499  total_loss: 5.749  loss_ce: 0.002536  loss_mask: 0.03607  loss_dice: 0.4992  loss_ce_0: 0.07801  loss_mask_0: 0.04492  loss_dice_0: 0.5013  loss_ce_1: 0.005156  loss_mask_1: 0.03867  loss_dice_1: 0.61  loss_ce_2: 0.005163  loss_mask_2: 0.03422  loss_dice_2: 0.5244  loss_ce_3: 0.00479  loss_mask_3: 0.03455  loss_dice_3: 0.5805  loss_ce_4: 0.00349  loss_mask_4: 0.03778  loss_dice_4: 0.6  loss_ce_5: 0.003896  loss_mask_5: 0.0318  loss_dice_5: 0.4405  loss_ce_6: 0.003805  loss_mask_6: 0.0318  loss_dice_6: 0.4744  loss_ce_7: 0.003206  loss_mask_7: 0.03446  loss_dice_7: 0.5354  loss_ce_8: 0.003266  loss_mask_8: 0.03854  loss_dice_8: 0.5072    time: 0.8063  last_time: 0.7935  data_time: 0.1285  last_data_time: 0.1285   lr: 2.3042e-05  max_mem: 12316M
[03/19 02:48:08 d2.utils.events]:  eta: 2:05:24  iter: 10519  total_loss: 7.206  loss_ce: 0.01356  loss_mask: 0.05873  loss_dice: 0.7383  loss_ce_0: 0.09418  loss_mask_0: 0.06563  loss_dice_0: 0.6469  loss_ce_1: 0.01867  loss_mask_1: 0.05329  loss_dice_1: 0.629  loss_ce_2: 0.01545  loss_mask_2: 0.05565  loss_dice_2: 0.6274  loss_ce_3: 0.01512  loss_mask_3: 0.058  loss_dice_3: 0.5207  loss_ce_4: 0.01534  loss_mask_4: 0.05528  loss_dice_4: 0.7138  loss_ce_5: 0.01494  loss_mask_5: 0.04416  loss_dice_5: 0.5504  loss_ce_6: 0.01507  loss_mask_6: 0.05934  loss_dice_6: 0.6375  loss_ce_7: 0.01368  loss_mask_7: 0.05234  loss_dice_7: 0.614  loss_ce_8: 0.01374  loss_mask_8: 0.04873  loss_dice_8: 0.7474    time: 0.8063  last_time: 0.7978  data_time: 0.1315  last_data_time: 0.1315   lr: 2.2964e-05  max_mem: 12316M
[03/19 02:48:25 d2.utils.events]:  eta: 2:05:07  iter: 10539  total_loss: 6.928  loss_ce: 0.008425  loss_mask: 0.06352  loss_dice: 0.606  loss_ce_0: 0.08711  loss_mask_0: 0.09051  loss_dice_0: 0.8161  loss_ce_1: 0.01371  loss_mask_1: 0.05758  loss_dice_1: 0.4972  loss_ce_2: 0.0694  loss_mask_2: 0.0598  loss_dice_2: 0.5751  loss_ce_3: 0.007934  loss_mask_3: 0.06166  loss_dice_3: 0.5062  loss_ce_4: 0.006653  loss_mask_4: 0.06346  loss_dice_4: 0.7579  loss_ce_5: 0.006896  loss_mask_5: 0.05865  loss_dice_5: 0.5392  loss_ce_6: 0.007591  loss_mask_6: 0.06737  loss_dice_6: 0.5634  loss_ce_7: 0.008926  loss_mask_7: 0.05538  loss_dice_7: 0.6039  loss_ce_8: 0.009452  loss_mask_8: 0.06291  loss_dice_8: 0.5957    time: 0.8063  last_time: 0.8374  data_time: 0.1652  last_data_time: 0.1652   lr: 2.2886e-05  max_mem: 12316M
[03/19 02:48:41 d2.utils.events]:  eta: 2:04:50  iter: 10559  total_loss: 7.626  loss_ce: 0.05084  loss_mask: 0.02864  loss_dice: 0.7601  loss_ce_0: 0.08386  loss_mask_0: 0.03799  loss_dice_0: 0.656  loss_ce_1: 0.06601  loss_mask_1: 0.03188  loss_dice_1: 0.5664  loss_ce_2: 0.0834  loss_mask_2: 0.03279  loss_dice_2: 0.4505  loss_ce_3: 0.1195  loss_mask_3: 0.03492  loss_dice_3: 0.7061  loss_ce_4: 0.1055  loss_mask_4: 0.03481  loss_dice_4: 0.6334  loss_ce_5: 0.09382  loss_mask_5: 0.02825  loss_dice_5: 0.4967  loss_ce_6: 0.1146  loss_mask_6: 0.03312  loss_dice_6: 0.7476  loss_ce_7: 0.1003  loss_mask_7: 0.02846  loss_dice_7: 0.5561  loss_ce_8: 0.05317  loss_mask_8: 0.03316  loss_dice_8: 0.8581    time: 0.8063  last_time: 0.7999  data_time: 0.1298  last_data_time: 0.1298   lr: 2.2808e-05  max_mem: 12316M
[03/19 02:48:58 d2.utils.events]:  eta: 2:04:29  iter: 10579  total_loss: 5.498  loss_ce: 0.004589  loss_mask: 0.02875  loss_dice: 0.4178  loss_ce_0: 0.08385  loss_mask_0: 0.04384  loss_dice_0: 0.6286  loss_ce_1: 0.008328  loss_mask_1: 0.03115  loss_dice_1: 0.4509  loss_ce_2: 0.006377  loss_mask_2: 0.03592  loss_dice_2: 0.5489  loss_ce_3: 0.006682  loss_mask_3: 0.03337  loss_dice_3: 0.5086  loss_ce_4: 0.005895  loss_mask_4: 0.03388  loss_dice_4: 0.4981  loss_ce_5: 0.005274  loss_mask_5: 0.03246  loss_dice_5: 0.4725  loss_ce_6: 0.004301  loss_mask_6: 0.02898  loss_dice_6: 0.4565  loss_ce_7: 0.003655  loss_mask_7: 0.03862  loss_dice_7: 0.56  loss_ce_8: 0.004025  loss_mask_8: 0.03506  loss_dice_8: 0.4813    time: 0.8063  last_time: 0.8149  data_time: 0.1444  last_data_time: 0.1444   lr: 2.2729e-05  max_mem: 12316M
[03/19 02:49:14 d2.utils.events]:  eta: 2:04:13  iter: 10599  total_loss: 7.238  loss_ce: 0.05046  loss_mask: 0.03203  loss_dice: 0.5419  loss_ce_0: 0.1412  loss_mask_0: 0.04732  loss_dice_0: 0.7493  loss_ce_1: 0.04052  loss_mask_1: 0.03918  loss_dice_1: 0.683  loss_ce_2: 0.03908  loss_mask_2: 0.03217  loss_dice_2: 0.5871  loss_ce_3: 0.05015  loss_mask_3: 0.03193  loss_dice_3: 0.6368  loss_ce_4: 0.04773  loss_mask_4: 0.03135  loss_dice_4: 0.3422  loss_ce_5: 0.04583  loss_mask_5: 0.03634  loss_dice_5: 0.7134  loss_ce_6: 0.04992  loss_mask_6: 0.03275  loss_dice_6: 0.656  loss_ce_7: 0.05113  loss_mask_7: 0.03727  loss_dice_7: 0.7434  loss_ce_8: 0.05636  loss_mask_8: 0.03429  loss_dice_8: 0.6584    time: 0.8063  last_time: 0.8163  data_time: 0.1495  last_data_time: 0.1495   lr: 2.2651e-05  max_mem: 12316M
[03/19 02:49:30 d2.utils.events]:  eta: 2:04:00  iter: 10619  total_loss: 8.522  loss_ce: 0.07547  loss_mask: 0.02922  loss_dice: 0.6553  loss_ce_0: 0.2132  loss_mask_0: 0.0412  loss_dice_0: 0.9297  loss_ce_1: 0.2108  loss_mask_1: 0.0508  loss_dice_1: 0.858  loss_ce_2: 0.08576  loss_mask_2: 0.03414  loss_dice_2: 0.674  loss_ce_3: 0.09373  loss_mask_3: 0.03111  loss_dice_3: 0.7174  loss_ce_4: 0.09699  loss_mask_4: 0.02965  loss_dice_4: 0.6978  loss_ce_5: 0.1052  loss_mask_5: 0.03289  loss_dice_5: 0.7083  loss_ce_6: 0.06617  loss_mask_6: 0.02626  loss_dice_6: 0.5587  loss_ce_7: 0.05896  loss_mask_7: 0.02912  loss_dice_7: 0.706  loss_ce_8: 0.06166  loss_mask_8: 0.02954  loss_dice_8: 0.6146    time: 0.8063  last_time: 0.8025  data_time: 0.1361  last_data_time: 0.1361   lr: 2.2573e-05  max_mem: 12316M
[03/19 02:49:47 d2.utils.events]:  eta: 2:03:48  iter: 10639  total_loss: 8.974  loss_ce: 0.05613  loss_mask: 0.05355  loss_dice: 0.5692  loss_ce_0: 0.1588  loss_mask_0: 0.09426  loss_dice_0: 0.8738  loss_ce_1: 0.05982  loss_mask_1: 0.05674  loss_dice_1: 0.5677  loss_ce_2: 0.009061  loss_mask_2: 0.06463  loss_dice_2: 0.8813  loss_ce_3: 0.009748  loss_mask_3: 0.06819  loss_dice_3: 1.056  loss_ce_4: 0.007181  loss_mask_4: 0.06274  loss_dice_4: 0.9652  loss_ce_5: 0.09578  loss_mask_5: 0.05222  loss_dice_5: 0.7674  loss_ce_6: 0.08753  loss_mask_6: 0.05846  loss_dice_6: 0.6091  loss_ce_7: 0.01046  loss_mask_7: 0.05916  loss_dice_7: 0.7861  loss_ce_8: 0.008288  loss_mask_8: 0.05416  loss_dice_8: 0.7712    time: 0.8064  last_time: 0.7369  data_time: 0.0775  last_data_time: 0.0775   lr: 2.2495e-05  max_mem: 12316M
[03/19 02:50:03 d2.utils.events]:  eta: 2:03:25  iter: 10659  total_loss: 6.749  loss_ce: 0.01006  loss_mask: 0.03097  loss_dice: 0.636  loss_ce_0: 0.1424  loss_mask_0: 0.03242  loss_dice_0: 0.6479  loss_ce_1: 0.07383  loss_mask_1: 0.03453  loss_dice_1: 0.5907  loss_ce_2: 0.06918  loss_mask_2: 0.03155  loss_dice_2: 0.657  loss_ce_3: 0.05542  loss_mask_3: 0.02531  loss_dice_3: 0.5086  loss_ce_4: 0.06529  loss_mask_4: 0.03575  loss_dice_4: 0.6357  loss_ce_5: 0.02798  loss_mask_5: 0.02883  loss_dice_5: 0.5934  loss_ce_6: 0.0217  loss_mask_6: 0.02899  loss_dice_6: 0.5556  loss_ce_7: 0.0145  loss_mask_7: 0.03111  loss_dice_7: 0.5862  loss_ce_8: 0.0113  loss_mask_8: 0.02733  loss_dice_8: 0.5391    time: 0.8064  last_time: 0.8441  data_time: 0.1768  last_data_time: 0.1768   lr: 2.2417e-05  max_mem: 12316M
[03/19 02:50:19 d2.utils.events]:  eta: 2:03:02  iter: 10679  total_loss: 5.783  loss_ce: 0.006105  loss_mask: 0.04229  loss_dice: 0.4734  loss_ce_0: 0.1386  loss_mask_0: 0.05472  loss_dice_0: 0.585  loss_ce_1: 0.008439  loss_mask_1: 0.0462  loss_dice_1: 0.6024  loss_ce_2: 0.01092  loss_mask_2: 0.04426  loss_dice_2: 0.5024  loss_ce_3: 0.006077  loss_mask_3: 0.04452  loss_dice_3: 0.4958  loss_ce_4: 0.006467  loss_mask_4: 0.0451  loss_dice_4: 0.5841  loss_ce_5: 0.006766  loss_mask_5: 0.04309  loss_dice_5: 0.4983  loss_ce_6: 0.005834  loss_mask_6: 0.04235  loss_dice_6: 0.4583  loss_ce_7: 0.00531  loss_mask_7: 0.0453  loss_dice_7: 0.4942  loss_ce_8: 0.005368  loss_mask_8: 0.04002  loss_dice_8: 0.441    time: 0.8063  last_time: 0.7346  data_time: 0.0799  last_data_time: 0.0799   lr: 2.2339e-05  max_mem: 12316M
[03/19 02:50:35 d2.utils.events]:  eta: 2:02:46  iter: 10699  total_loss: 9.204  loss_ce: 0.006502  loss_mask: 0.04481  loss_dice: 0.8159  loss_ce_0: 0.2504  loss_mask_0: 0.0614  loss_dice_0: 0.9174  loss_ce_1: 0.09021  loss_mask_1: 0.06066  loss_dice_1: 0.8986  loss_ce_2: 0.02115  loss_mask_2: 0.05176  loss_dice_2: 0.7552  loss_ce_3: 0.09277  loss_mask_3: 0.04727  loss_dice_3: 0.7649  loss_ce_4: 0.1001  loss_mask_4: 0.04363  loss_dice_4: 0.9403  loss_ce_5: 0.01184  loss_mask_5: 0.04357  loss_dice_5: 0.7495  loss_ce_6: 0.008959  loss_mask_6: 0.04121  loss_dice_6: 0.6937  loss_ce_7: 0.007601  loss_mask_7: 0.04892  loss_dice_7: 0.833  loss_ce_8: 0.006932  loss_mask_8: 0.04334  loss_dice_8: 0.7526    time: 0.8063  last_time: 0.8158  data_time: 0.1390  last_data_time: 0.1390   lr: 2.2261e-05  max_mem: 12316M
[03/19 02:50:51 d2.utils.events]:  eta: 2:02:31  iter: 10719  total_loss: 4.942  loss_ce: 0.01116  loss_mask: 0.0401  loss_dice: 0.451  loss_ce_0: 0.07798  loss_mask_0: 0.04926  loss_dice_0: 0.449  loss_ce_1: 0.01013  loss_mask_1: 0.03892  loss_dice_1: 0.4312  loss_ce_2: 0.01147  loss_mask_2: 0.0345  loss_dice_2: 0.4476  loss_ce_3: 0.01167  loss_mask_3: 0.03631  loss_dice_3: 0.506  loss_ce_4: 0.01054  loss_mask_4: 0.03219  loss_dice_4: 0.3634  loss_ce_5: 0.01003  loss_mask_5: 0.03459  loss_dice_5: 0.4358  loss_ce_6: 0.01052  loss_mask_6: 0.03196  loss_dice_6: 0.4029  loss_ce_7: 0.01141  loss_mask_7: 0.03815  loss_dice_7: 0.4917  loss_ce_8: 0.01103  loss_mask_8: 0.03503  loss_dice_8: 0.4164    time: 0.8063  last_time: 0.8315  data_time: 0.1642  last_data_time: 0.1642   lr: 2.2182e-05  max_mem: 12316M
[03/19 02:51:07 d2.utils.events]:  eta: 2:02:14  iter: 10739  total_loss: 5.446  loss_ce: 0.008963  loss_mask: 0.02724  loss_dice: 0.5288  loss_ce_0: 0.1409  loss_mask_0: 0.03061  loss_dice_0: 0.5079  loss_ce_1: 0.01088  loss_mask_1: 0.02951  loss_dice_1: 0.4858  loss_ce_2: 0.01336  loss_mask_2: 0.02657  loss_dice_2: 0.4886  loss_ce_3: 0.01017  loss_mask_3: 0.03038  loss_dice_3: 0.5077  loss_ce_4: 0.00955  loss_mask_4: 0.03016  loss_dice_4: 0.4601  loss_ce_5: 0.01065  loss_mask_5: 0.02493  loss_dice_5: 0.4267  loss_ce_6: 0.01152  loss_mask_6: 0.02765  loss_dice_6: 0.5341  loss_ce_7: 0.009796  loss_mask_7: 0.02764  loss_dice_7: 0.4927  loss_ce_8: 0.008242  loss_mask_8: 0.02917  loss_dice_8: 0.4955    time: 0.8063  last_time: 0.9049  data_time: 0.2360  last_data_time: 0.2360   lr: 2.2104e-05  max_mem: 12316M
[03/19 02:51:24 d2.utils.events]:  eta: 2:01:58  iter: 10759  total_loss: 6.388  loss_ce: 0.005725  loss_mask: 0.03905  loss_dice: 0.5524  loss_ce_0: 0.1463  loss_mask_0: 0.03649  loss_dice_0: 0.6729  loss_ce_1: 0.01242  loss_mask_1: 0.03583  loss_dice_1: 0.5538  loss_ce_2: 0.02389  loss_mask_2: 0.03625  loss_dice_2: 0.6034  loss_ce_3: 0.007387  loss_mask_3: 0.03251  loss_dice_3: 0.5617  loss_ce_4: 0.007168  loss_mask_4: 0.03148  loss_dice_4: 0.5149  loss_ce_5: 0.006471  loss_mask_5: 0.0363  loss_dice_5: 0.6375  loss_ce_6: 0.006738  loss_mask_6: 0.03466  loss_dice_6: 0.5288  loss_ce_7: 0.006076  loss_mask_7: 0.04246  loss_dice_7: 0.5733  loss_ce_8: 0.005626  loss_mask_8: 0.03709  loss_dice_8: 0.599    time: 0.8063  last_time: 0.7945  data_time: 0.1284  last_data_time: 0.1284   lr: 2.2026e-05  max_mem: 12316M
[03/19 02:51:40 d2.utils.events]:  eta: 2:01:43  iter: 10779  total_loss: 5.662  loss_ce: 0.008456  loss_mask: 0.04834  loss_dice: 0.4702  loss_ce_0: 0.07143  loss_mask_0: 0.05835  loss_dice_0: 0.5586  loss_ce_1: 0.01195  loss_mask_1: 0.05103  loss_dice_1: 0.5269  loss_ce_2: 0.01596  loss_mask_2: 0.05069  loss_dice_2: 0.5022  loss_ce_3: 0.01014  loss_mask_3: 0.05134  loss_dice_3: 0.454  loss_ce_4: 0.01086  loss_mask_4: 0.0568  loss_dice_4: 0.5209  loss_ce_5: 0.01053  loss_mask_5: 0.04766  loss_dice_5: 0.4967  loss_ce_6: 0.008724  loss_mask_6: 0.05167  loss_dice_6: 0.4651  loss_ce_7: 0.007825  loss_mask_7: 0.04475  loss_dice_7: 0.4915  loss_ce_8: 0.008451  loss_mask_8: 0.0508  loss_dice_8: 0.5001    time: 0.8063  last_time: 0.8491  data_time: 0.1769  last_data_time: 0.1769   lr: 2.1949e-05  max_mem: 12316M
[03/19 02:51:56 d2.utils.events]:  eta: 2:01:27  iter: 10799  total_loss: 8.389  loss_ce: 0.05967  loss_mask: 0.03928  loss_dice: 0.8175  loss_ce_0: 0.1408  loss_mask_0: 0.04176  loss_dice_0: 0.8741  loss_ce_1: 0.0478  loss_mask_1: 0.0285  loss_dice_1: 0.8008  loss_ce_2: 0.04064  loss_mask_2: 0.03723  loss_dice_2: 0.4643  loss_ce_3: 0.06261  loss_mask_3: 0.04459  loss_dice_3: 0.6567  loss_ce_4: 0.04217  loss_mask_4: 0.03101  loss_dice_4: 0.7666  loss_ce_5: 0.08561  loss_mask_5: 0.03536  loss_dice_5: 0.6239  loss_ce_6: 0.0449  loss_mask_6: 0.03726  loss_dice_6: 0.804  loss_ce_7: 0.04408  loss_mask_7: 0.03513  loss_dice_7: 1.014  loss_ce_8: 0.04144  loss_mask_8: 0.0357  loss_dice_8: 0.5917    time: 0.8063  last_time: 0.7972  data_time: 0.1348  last_data_time: 0.1348   lr: 2.1871e-05  max_mem: 12316M
[03/19 02:52:12 d2.utils.events]:  eta: 2:01:12  iter: 10819  total_loss: 9.13  loss_ce: 0.01998  loss_mask: 0.04218  loss_dice: 0.8582  loss_ce_0: 0.1454  loss_mask_0: 0.04533  loss_dice_0: 0.9192  loss_ce_1: 0.07649  loss_mask_1: 0.02698  loss_dice_1: 0.8095  loss_ce_2: 0.09294  loss_mask_2: 0.03642  loss_dice_2: 0.8137  loss_ce_3: 0.02286  loss_mask_3: 0.03708  loss_dice_3: 0.8144  loss_ce_4: 0.02314  loss_mask_4: 0.04159  loss_dice_4: 0.8496  loss_ce_5: 0.0711  loss_mask_5: 0.02595  loss_dice_5: 0.5919  loss_ce_6: 0.02244  loss_mask_6: 0.03526  loss_dice_6: 0.8639  loss_ce_7: 0.07192  loss_mask_7: 0.03513  loss_dice_7: 0.8034  loss_ce_8: 0.01887  loss_mask_8: 0.03372  loss_dice_8: 0.8812    time: 0.8063  last_time: 0.8161  data_time: 0.1416  last_data_time: 0.1416   lr: 2.1793e-05  max_mem: 12316M
[03/19 02:52:28 d2.utils.events]:  eta: 2:00:56  iter: 10839  total_loss: 7.564  loss_ce: 0.01899  loss_mask: 0.03086  loss_dice: 0.8909  loss_ce_0: 0.07689  loss_mask_0: 0.03003  loss_dice_0: 0.7987  loss_ce_1: 0.02668  loss_mask_1: 0.02132  loss_dice_1: 0.5935  loss_ce_2: 0.03402  loss_mask_2: 0.0307  loss_dice_2: 0.5945  loss_ce_3: 0.02076  loss_mask_3: 0.02757  loss_dice_3: 0.798  loss_ce_4: 0.01699  loss_mask_4: 0.02662  loss_dice_4: 0.6854  loss_ce_5: 0.01746  loss_mask_5: 0.02608  loss_dice_5: 0.6453  loss_ce_6: 0.01521  loss_mask_6: 0.02479  loss_dice_6: 0.614  loss_ce_7: 0.01657  loss_mask_7: 0.02438  loss_dice_7: 0.7955  loss_ce_8: 0.01878  loss_mask_8: 0.02624  loss_dice_8: 0.6177    time: 0.8063  last_time: 0.8349  data_time: 0.1757  last_data_time: 0.1757   lr: 2.1715e-05  max_mem: 12316M
[03/19 02:52:44 d2.utils.events]:  eta: 2:00:41  iter: 10859  total_loss: 6.311  loss_ce: 0.01211  loss_mask: 0.02533  loss_dice: 0.567  loss_ce_0: 0.1134  loss_mask_0: 0.02735  loss_dice_0: 0.537  loss_ce_1: 0.02907  loss_mask_1: 0.02376  loss_dice_1: 0.5719  loss_ce_2: 0.01532  loss_mask_2: 0.02568  loss_dice_2: 0.5514  loss_ce_3: 0.01007  loss_mask_3: 0.02344  loss_dice_3: 0.5539  loss_ce_4: 0.01229  loss_mask_4: 0.0291  loss_dice_4: 0.6294  loss_ce_5: 0.01355  loss_mask_5: 0.03032  loss_dice_5: 0.643  loss_ce_6: 0.0144  loss_mask_6: 0.02318  loss_dice_6: 0.5603  loss_ce_7: 0.01265  loss_mask_7: 0.02772  loss_dice_7: 0.6261  loss_ce_8: 0.0128  loss_mask_8: 0.02471  loss_dice_8: 0.5646    time: 0.8062  last_time: 0.8172  data_time: 0.1300  last_data_time: 0.1300   lr: 2.1637e-05  max_mem: 12316M
[03/19 02:53:01 d2.utils.events]:  eta: 2:00:23  iter: 10879  total_loss: 5.467  loss_ce: 0.01007  loss_mask: 0.02715  loss_dice: 0.4658  loss_ce_0: 0.101  loss_mask_0: 0.03257  loss_dice_0: 0.5992  loss_ce_1: 0.009557  loss_mask_1: 0.031  loss_dice_1: 0.5116  loss_ce_2: 0.01413  loss_mask_2: 0.02599  loss_dice_2: 0.4681  loss_ce_3: 0.01145  loss_mask_3: 0.02561  loss_dice_3: 0.4536  loss_ce_4: 0.01222  loss_mask_4: 0.03287  loss_dice_4: 0.4758  loss_ce_5: 0.01236  loss_mask_5: 0.02581  loss_dice_5: 0.5171  loss_ce_6: 0.01194  loss_mask_6: 0.02658  loss_dice_6: 0.4512  loss_ce_7: 0.009844  loss_mask_7: 0.0301  loss_dice_7: 0.5255  loss_ce_8: 0.01078  loss_mask_8: 0.02577  loss_dice_8: 0.5119    time: 0.8062  last_time: 0.8456  data_time: 0.1772  last_data_time: 0.1772   lr: 2.1559e-05  max_mem: 12316M
[03/19 02:53:17 d2.utils.events]:  eta: 2:00:07  iter: 10899  total_loss: 8.27  loss_ce: 0.03814  loss_mask: 0.03895  loss_dice: 0.9657  loss_ce_0: 0.0883  loss_mask_0: 0.03981  loss_dice_0: 0.9758  loss_ce_1: 0.03975  loss_mask_1: 0.03214  loss_dice_1: 0.5539  loss_ce_2: 0.0271  loss_mask_2: 0.03628  loss_dice_2: 0.4376  loss_ce_3: 0.04356  loss_mask_3: 0.03018  loss_dice_3: 0.8508  loss_ce_4: 0.0382  loss_mask_4: 0.03859  loss_dice_4: 1.026  loss_ce_5: 0.03875  loss_mask_5: 0.03583  loss_dice_5: 0.4558  loss_ce_6: 0.04211  loss_mask_6: 0.02815  loss_dice_6: 0.853  loss_ce_7: 0.0399  loss_mask_7: 0.0326  loss_dice_7: 0.5616  loss_ce_8: 0.03904  loss_mask_8: 0.03668  loss_dice_8: 0.8055    time: 0.8062  last_time: 0.7941  data_time: 0.1250  last_data_time: 0.1250   lr: 2.1481e-05  max_mem: 12316M
[03/19 02:53:34 d2.utils.events]:  eta: 1:59:50  iter: 10919  total_loss: 6.897  loss_ce: 0.004896  loss_mask: 0.03367  loss_dice: 0.7028  loss_ce_0: 0.1237  loss_mask_0: 0.04156  loss_dice_0: 0.6716  loss_ce_1: 0.006251  loss_mask_1: 0.03813  loss_dice_1: 0.5772  loss_ce_2: 0.005615  loss_mask_2: 0.0359  loss_dice_2: 0.5841  loss_ce_3: 0.005887  loss_mask_3: 0.03443  loss_dice_3: 0.6465  loss_ce_4: 0.004039  loss_mask_4: 0.03565  loss_dice_4: 0.641  loss_ce_5: 0.003183  loss_mask_5: 0.03755  loss_dice_5: 0.6797  loss_ce_6: 0.004695  loss_mask_6: 0.03789  loss_dice_6: 0.6991  loss_ce_7: 0.00464  loss_mask_7: 0.03653  loss_dice_7: 0.564  loss_ce_8: 0.005129  loss_mask_8: 0.03108  loss_dice_8: 0.6003    time: 0.8063  last_time: 0.8859  data_time: 0.1998  last_data_time: 0.1998   lr: 2.1404e-05  max_mem: 12316M
[03/19 02:53:50 d2.utils.events]:  eta: 1:59:34  iter: 10939  total_loss: 5.59  loss_ce: 0.005741  loss_mask: 0.04228  loss_dice: 0.5281  loss_ce_0: 0.1128  loss_mask_0: 0.05391  loss_dice_0: 0.6372  loss_ce_1: 0.008804  loss_mask_1: 0.04488  loss_dice_1: 0.5117  loss_ce_2: 0.004741  loss_mask_2: 0.04496  loss_dice_2: 0.4763  loss_ce_3: 0.004904  loss_mask_3: 0.03822  loss_dice_3: 0.4849  loss_ce_4: 0.005396  loss_mask_4: 0.04015  loss_dice_4: 0.4938  loss_ce_5: 0.005265  loss_mask_5: 0.03694  loss_dice_5: 0.5204  loss_ce_6: 0.006494  loss_mask_6: 0.03509  loss_dice_6: 0.4298  loss_ce_7: 0.006148  loss_mask_7: 0.03917  loss_dice_7: 0.4285  loss_ce_8: 0.006589  loss_mask_8: 0.03733  loss_dice_8: 0.499    time: 0.8063  last_time: 0.7369  data_time: 0.0670  last_data_time: 0.0670   lr: 2.1326e-05  max_mem: 12316M
[03/19 02:54:06 d2.utils.events]:  eta: 1:59:21  iter: 10959  total_loss: 4.97  loss_ce: 0.009156  loss_mask: 0.04794  loss_dice: 0.5244  loss_ce_0: 0.07694  loss_mask_0: 0.0639  loss_dice_0: 0.4853  loss_ce_1: 0.005637  loss_mask_1: 0.04579  loss_dice_1: 0.4194  loss_ce_2: 0.006671  loss_mask_2: 0.05528  loss_dice_2: 0.4322  loss_ce_3: 0.009782  loss_mask_3: 0.03943  loss_dice_3: 0.3952  loss_ce_4: 0.00854  loss_mask_4: 0.05252  loss_dice_4: 0.5021  loss_ce_5: 0.008215  loss_mask_5: 0.04113  loss_dice_5: 0.4274  loss_ce_6: 0.009175  loss_mask_6: 0.04229  loss_dice_6: 0.3061  loss_ce_7: 0.009221  loss_mask_7: 0.04399  loss_dice_7: 0.4476  loss_ce_8: 0.009503  loss_mask_8: 0.03901  loss_dice_8: 0.4063    time: 0.8063  last_time: 1.0083  data_time: 0.2060  last_data_time: 0.2060   lr: 2.1248e-05  max_mem: 12316M
[03/19 02:54:22 d2.utils.events]:  eta: 1:59:07  iter: 10979  total_loss: 7.88  loss_ce: 0.03628  loss_mask: 0.02621  loss_dice: 0.6213  loss_ce_0: 0.1928  loss_mask_0: 0.02901  loss_dice_0: 0.666  loss_ce_1: 0.09341  loss_mask_1: 0.03108  loss_dice_1: 0.712  loss_ce_2: 0.06587  loss_mask_2: 0.02559  loss_dice_2: 0.577  loss_ce_3: 0.03567  loss_mask_3: 0.02612  loss_dice_3: 0.6687  loss_ce_4: 0.03064  loss_mask_4: 0.02899  loss_dice_4: 0.763  loss_ce_5: 0.04365  loss_mask_5: 0.02711  loss_dice_5: 0.7709  loss_ce_6: 0.0239  loss_mask_6: 0.03334  loss_dice_6: 0.8135  loss_ce_7: 0.03402  loss_mask_7: 0.02748  loss_dice_7: 0.7612  loss_ce_8: 0.02985  loss_mask_8: 0.02879  loss_dice_8: 0.6565    time: 0.8062  last_time: 0.8278  data_time: 0.1541  last_data_time: 0.1541   lr: 2.1171e-05  max_mem: 12316M
[03/19 02:54:39 d2.utils.events]:  eta: 1:58:52  iter: 10999  total_loss: 8  loss_ce: 0.06822  loss_mask: 0.04258  loss_dice: 0.8354  loss_ce_0: 0.08503  loss_mask_0: 0.04099  loss_dice_0: 0.7803  loss_ce_1: 0.09258  loss_mask_1: 0.03212  loss_dice_1: 0.7006  loss_ce_2: 0.07275  loss_mask_2: 0.02725  loss_dice_2: 0.566  loss_ce_3: 0.06001  loss_mask_3: 0.02907  loss_dice_3: 0.595  loss_ce_4: 0.07238  loss_mask_4: 0.03201  loss_dice_4: 0.6041  loss_ce_5: 0.06175  loss_mask_5: 0.0333  loss_dice_5: 0.6362  loss_ce_6: 0.0592  loss_mask_6: 0.0366  loss_dice_6: 0.6891  loss_ce_7: 0.08872  loss_mask_7: 0.03511  loss_dice_7: 0.7477  loss_ce_8: 0.08028  loss_mask_8: 0.03709  loss_dice_8: 0.7581    time: 0.8062  last_time: 0.8032  data_time: 0.1290  last_data_time: 0.1290   lr: 2.1093e-05  max_mem: 12316M
[03/19 02:54:55 d2.utils.events]:  eta: 1:58:36  iter: 11019  total_loss: 4.337  loss_ce: 0.01831  loss_mask: 0.03466  loss_dice: 0.3416  loss_ce_0: 0.2201  loss_mask_0: 0.03914  loss_dice_0: 0.3805  loss_ce_1: 0.0304  loss_mask_1: 0.03438  loss_dice_1: 0.3479  loss_ce_2: 0.01596  loss_mask_2: 0.03151  loss_dice_2: 0.3409  loss_ce_3: 0.0173  loss_mask_3: 0.02734  loss_dice_3: 0.3482  loss_ce_4: 0.01655  loss_mask_4: 0.03194  loss_dice_4: 0.3506  loss_ce_5: 0.0148  loss_mask_5: 0.0329  loss_dice_5: 0.4021  loss_ce_6: 0.0143  loss_mask_6: 0.03514  loss_dice_6: 0.4198  loss_ce_7: 0.01922  loss_mask_7: 0.03178  loss_dice_7: 0.3455  loss_ce_8: 0.01569  loss_mask_8: 0.03291  loss_dice_8: 0.3455    time: 0.8062  last_time: 0.8407  data_time: 0.1566  last_data_time: 0.1566   lr: 2.1015e-05  max_mem: 12316M
[03/19 02:55:11 d2.utils.events]:  eta: 1:58:22  iter: 11039  total_loss: 14.38  loss_ce: 0.1236  loss_mask: 0.0563  loss_dice: 1.248  loss_ce_0: 0.2522  loss_mask_0: 0.08621  loss_dice_0: 1.367  loss_ce_1: 0.09776  loss_mask_1: 0.06108  loss_dice_1: 1.259  loss_ce_2: 0.1427  loss_mask_2: 0.05377  loss_dice_2: 1.368  loss_ce_3: 0.1108  loss_mask_3: 0.06462  loss_dice_3: 1.351  loss_ce_4: 0.09612  loss_mask_4: 0.05173  loss_dice_4: 1.16  loss_ce_5: 0.1446  loss_mask_5: 0.05346  loss_dice_5: 1.218  loss_ce_6: 0.08633  loss_mask_6: 0.04624  loss_dice_6: 1.099  loss_ce_7: 0.1224  loss_mask_7: 0.05448  loss_dice_7: 1.117  loss_ce_8: 0.1334  loss_mask_8: 0.0628  loss_dice_8: 1.295    time: 0.8062  last_time: 0.8048  data_time: 0.1236  last_data_time: 0.1236   lr: 2.0938e-05  max_mem: 12316M
[03/19 02:55:27 d2.utils.events]:  eta: 1:58:06  iter: 11059  total_loss: 11.52  loss_ce: 0.04662  loss_mask: 0.07039  loss_dice: 0.9873  loss_ce_0: 0.09889  loss_mask_0: 0.07842  loss_dice_0: 1.338  loss_ce_1: 0.1099  loss_mask_1: 0.05693  loss_dice_1: 1.165  loss_ce_2: 0.1072  loss_mask_2: 0.0548  loss_dice_2: 0.8734  loss_ce_3: 0.09559  loss_mask_3: 0.04667  loss_dice_3: 1.001  loss_ce_4: 0.07673  loss_mask_4: 0.06379  loss_dice_4: 1.111  loss_ce_5: 0.09039  loss_mask_5: 0.05618  loss_dice_5: 0.845  loss_ce_6: 0.08072  loss_mask_6: 0.07341  loss_dice_6: 1.012  loss_ce_7: 0.09615  loss_mask_7: 0.05383  loss_dice_7: 0.8771  loss_ce_8: 0.09461  loss_mask_8: 0.05908  loss_dice_8: 0.7978    time: 0.8062  last_time: 0.9078  data_time: 0.2443  last_data_time: 0.2443   lr: 2.086e-05  max_mem: 12316M
[03/19 02:55:44 d2.utils.events]:  eta: 1:57:46  iter: 11079  total_loss: 15.09  loss_ce: 0.07759  loss_mask: 0.1138  loss_dice: 1.473  loss_ce_0: 0.1468  loss_mask_0: 0.08892  loss_dice_0: 1.092  loss_ce_1: 0.05529  loss_mask_1: 0.08699  loss_dice_1: 1.41  loss_ce_2: 0.02071  loss_mask_2: 0.08867  loss_dice_2: 1.399  loss_ce_3: 0.06224  loss_mask_3: 0.08607  loss_dice_3: 1.263  loss_ce_4: 0.05943  loss_mask_4: 0.08563  loss_dice_4: 1.454  loss_ce_5: 0.07805  loss_mask_5: 0.1001  loss_dice_5: 1.457  loss_ce_6: 0.07106  loss_mask_6: 0.1011  loss_dice_6: 1.287  loss_ce_7: 0.06865  loss_mask_7: 0.104  loss_dice_7: 1.372  loss_ce_8: 0.07576  loss_mask_8: 0.0897  loss_dice_8: 1.227    time: 0.8062  last_time: 0.9111  data_time: 0.2549  last_data_time: 0.2549   lr: 2.0783e-05  max_mem: 12316M
[03/19 02:56:00 d2.utils.events]:  eta: 1:57:30  iter: 11099  total_loss: 8.512  loss_ce: 0.002442  loss_mask: 0.05072  loss_dice: 0.8693  loss_ce_0: 0.124  loss_mask_0: 0.06714  loss_dice_0: 1.024  loss_ce_1: 0.00828  loss_mask_1: 0.05681  loss_dice_1: 0.8206  loss_ce_2: 0.002897  loss_mask_2: 0.04173  loss_dice_2: 0.6639  loss_ce_3: 0.002545  loss_mask_3: 0.04448  loss_dice_3: 0.7351  loss_ce_4: 0.002821  loss_mask_4: 0.0413  loss_dice_4: 0.6943  loss_ce_5: 0.002776  loss_mask_5: 0.04648  loss_dice_5: 0.7271  loss_ce_6: 0.003052  loss_mask_6: 0.04837  loss_dice_6: 0.9078  loss_ce_7: 0.002561  loss_mask_7: 0.04334  loss_dice_7: 0.7218  loss_ce_8: 0.002233  loss_mask_8: 0.04011  loss_dice_8: 0.7146    time: 0.8062  last_time: 0.7983  data_time: 0.1238  last_data_time: 0.1238   lr: 2.0706e-05  max_mem: 12316M
[03/19 02:56:16 d2.utils.events]:  eta: 1:57:15  iter: 11119  total_loss: 8.761  loss_ce: 0.02057  loss_mask: 0.08101  loss_dice: 0.8528  loss_ce_0: 0.1338  loss_mask_0: 0.1001  loss_dice_0: 0.5858  loss_ce_1: 0.03578  loss_mask_1: 0.07996  loss_dice_1: 0.8417  loss_ce_2: 0.02061  loss_mask_2: 0.076  loss_dice_2: 0.5914  loss_ce_3: 0.02584  loss_mask_3: 0.08052  loss_dice_3: 0.9288  loss_ce_4: 0.0233  loss_mask_4: 0.06626  loss_dice_4: 0.5431  loss_ce_5: 0.01769  loss_mask_5: 0.06847  loss_dice_5: 0.8292  loss_ce_6: 0.01585  loss_mask_6: 0.07802  loss_dice_6: 0.8572  loss_ce_7: 0.01527  loss_mask_7: 0.07234  loss_dice_7: 0.6869  loss_ce_8: 0.01643  loss_mask_8: 0.08693  loss_dice_8: 0.9294    time: 0.8062  last_time: 1.2064  data_time: 0.2434  last_data_time: 0.2434   lr: 2.0628e-05  max_mem: 12316M
[03/19 02:56:33 d2.utils.events]:  eta: 1:57:01  iter: 11139  total_loss: 8.65  loss_ce: 0.09816  loss_mask: 0.05031  loss_dice: 0.6223  loss_ce_0: 0.3724  loss_mask_0: 0.07759  loss_dice_0: 0.8179  loss_ce_1: 0.1054  loss_mask_1: 0.057  loss_dice_1: 0.6914  loss_ce_2: 0.1858  loss_mask_2: 0.04717  loss_dice_2: 0.591  loss_ce_3: 0.1572  loss_mask_3: 0.04982  loss_dice_3: 0.666  loss_ce_4: 0.1628  loss_mask_4: 0.04904  loss_dice_4: 0.5865  loss_ce_5: 0.149  loss_mask_5: 0.04812  loss_dice_5: 0.5956  loss_ce_6: 0.1568  loss_mask_6: 0.04926  loss_dice_6: 0.6115  loss_ce_7: 0.1599  loss_mask_7: 0.04788  loss_dice_7: 0.5952  loss_ce_8: 0.1691  loss_mask_8: 0.04667  loss_dice_8: 0.6328    time: 0.8062  last_time: 0.8521  data_time: 0.1596  last_data_time: 0.1596   lr: 2.0551e-05  max_mem: 12316M
[03/19 02:56:49 d2.utils.events]:  eta: 1:56:44  iter: 11159  total_loss: 7.671  loss_ce: 0.03283  loss_mask: 0.03534  loss_dice: 0.5726  loss_ce_0: 0.2141  loss_mask_0: 0.04414  loss_dice_0: 0.8049  loss_ce_1: 0.1396  loss_mask_1: 0.03914  loss_dice_1: 0.6434  loss_ce_2: 0.04274  loss_mask_2: 0.0337  loss_dice_2: 0.742  loss_ce_3: 0.01758  loss_mask_3: 0.0359  loss_dice_3: 0.6389  loss_ce_4: 0.01811  loss_mask_4: 0.03103  loss_dice_4: 0.6357  loss_ce_5: 0.02044  loss_mask_5: 0.0328  loss_dice_5: 0.6177  loss_ce_6: 0.02888  loss_mask_6: 0.03561  loss_dice_6: 0.9005  loss_ce_7: 0.02257  loss_mask_7: 0.02956  loss_dice_7: 0.5411  loss_ce_8: 0.03152  loss_mask_8: 0.03149  loss_dice_8: 0.657    time: 0.8063  last_time: 0.7633  data_time: 0.0979  last_data_time: 0.0979   lr: 2.0474e-05  max_mem: 12316M
[03/19 02:57:06 d2.utils.events]:  eta: 1:56:29  iter: 11179  total_loss: 10.46  loss_ce: 0.0375  loss_mask: 0.02629  loss_dice: 1.017  loss_ce_0: 0.1903  loss_mask_0: 0.03293  loss_dice_0: 0.7013  loss_ce_1: 0.1284  loss_mask_1: 0.03672  loss_dice_1: 0.9015  loss_ce_2: 0.09434  loss_mask_2: 0.02726  loss_dice_2: 1.056  loss_ce_3: 0.1179  loss_mask_3: 0.02728  loss_dice_3: 0.8969  loss_ce_4: 0.1068  loss_mask_4: 0.02812  loss_dice_4: 0.8612  loss_ce_5: 0.1102  loss_mask_5: 0.03044  loss_dice_5: 0.7665  loss_ce_6: 0.04486  loss_mask_6: 0.02589  loss_dice_6: 1.083  loss_ce_7: 0.08404  loss_mask_7: 0.03073  loss_dice_7: 0.9264  loss_ce_8: 0.03976  loss_mask_8: 0.02672  loss_dice_8: 1.002    time: 0.8062  last_time: 0.7939  data_time: 0.1385  last_data_time: 0.1385   lr: 2.0396e-05  max_mem: 12316M
[03/19 02:57:22 d2.utils.events]:  eta: 1:56:12  iter: 11199  total_loss: 12.52  loss_ce: 0.03526  loss_mask: 0.1937  loss_dice: 1.02  loss_ce_0: 0.1304  loss_mask_0: 0.22  loss_dice_0: 1.088  loss_ce_1: 0.06565  loss_mask_1: 0.1712  loss_dice_1: 1.032  loss_ce_2: 0.03472  loss_mask_2: 0.1786  loss_dice_2: 1.072  loss_ce_3: 0.06705  loss_mask_3: 0.1808  loss_dice_3: 0.9822  loss_ce_4: 0.05468  loss_mask_4: 0.1555  loss_dice_4: 0.9059  loss_ce_5: 0.05518  loss_mask_5: 0.1713  loss_dice_5: 1.015  loss_ce_6: 0.06633  loss_mask_6: 0.1626  loss_dice_6: 0.92  loss_ce_7: 0.04846  loss_mask_7: 0.1769  loss_dice_7: 1.012  loss_ce_8: 0.05257  loss_mask_8: 0.1692  loss_dice_8: 1.079    time: 0.8062  last_time: 0.8048  data_time: 0.1361  last_data_time: 0.1361   lr: 2.0319e-05  max_mem: 12316M
[03/19 02:57:38 d2.utils.events]:  eta: 1:55:55  iter: 11219  total_loss: 12.15  loss_ce: 0.04065  loss_mask: 0.08969  loss_dice: 1.159  loss_ce_0: 0.178  loss_mask_0: 0.06792  loss_dice_0: 1.132  loss_ce_1: 0.03772  loss_mask_1: 0.07676  loss_dice_1: 1.05  loss_ce_2: 0.03983  loss_mask_2: 0.07842  loss_dice_2: 1.009  loss_ce_3: 0.03294  loss_mask_3: 0.09659  loss_dice_3: 1.108  loss_ce_4: 0.027  loss_mask_4: 0.08388  loss_dice_4: 1.024  loss_ce_5: 0.03447  loss_mask_5: 0.0856  loss_dice_5: 1.013  loss_ce_6: 0.03527  loss_mask_6: 0.09795  loss_dice_6: 1.071  loss_ce_7: 0.03452  loss_mask_7: 0.08645  loss_dice_7: 1.149  loss_ce_8: 0.04582  loss_mask_8: 0.08967  loss_dice_8: 1.079    time: 0.8062  last_time: 0.8273  data_time: 0.1669  last_data_time: 0.1669   lr: 2.0242e-05  max_mem: 12316M
[03/19 02:57:54 d2.utils.events]:  eta: 1:55:41  iter: 11239  total_loss: 6.969  loss_ce: 0.02834  loss_mask: 0.03519  loss_dice: 0.5809  loss_ce_0: 0.2367  loss_mask_0: 0.03932  loss_dice_0: 0.5997  loss_ce_1: 0.01648  loss_mask_1: 0.03685  loss_dice_1: 0.6149  loss_ce_2: 0.08484  loss_mask_2: 0.03273  loss_dice_2: 0.5987  loss_ce_3: 0.05559  loss_mask_3: 0.03639  loss_dice_3: 0.6816  loss_ce_4: 0.03292  loss_mask_4: 0.04109  loss_dice_4: 0.6587  loss_ce_5: 0.03061  loss_mask_5: 0.0314  loss_dice_5: 0.5232  loss_ce_6: 0.03231  loss_mask_6: 0.03581  loss_dice_6: 0.6028  loss_ce_7: 0.02793  loss_mask_7: 0.03625  loss_dice_7: 0.5913  loss_ce_8: 0.02712  loss_mask_8: 0.03476  loss_dice_8: 0.5848    time: 0.8062  last_time: 0.7971  data_time: 0.1363  last_data_time: 0.1363   lr: 2.0165e-05  max_mem: 12316M
[03/19 02:58:10 d2.utils.events]:  eta: 1:55:23  iter: 11259  total_loss: 9.116  loss_ce: 0.06288  loss_mask: 0.03712  loss_dice: 0.8082  loss_ce_0: 0.08437  loss_mask_0: 0.04085  loss_dice_0: 0.884  loss_ce_1: 0.1241  loss_mask_1: 0.04695  loss_dice_1: 0.8692  loss_ce_2: 0.07737  loss_mask_2: 0.03881  loss_dice_2: 0.7827  loss_ce_3: 0.05027  loss_mask_3: 0.03434  loss_dice_3: 0.8266  loss_ce_4: 0.06181  loss_mask_4: 0.03673  loss_dice_4: 0.752  loss_ce_5: 0.04987  loss_mask_5: 0.03894  loss_dice_5: 0.8541  loss_ce_6: 0.04014  loss_mask_6: 0.03714  loss_dice_6: 0.7662  loss_ce_7: 0.04309  loss_mask_7: 0.0374  loss_dice_7: 0.7395  loss_ce_8: 0.0486  loss_mask_8: 0.03754  loss_dice_8: 0.8051    time: 0.8061  last_time: 0.8229  data_time: 0.1527  last_data_time: 0.1527   lr: 2.0088e-05  max_mem: 12316M
[03/19 02:58:26 d2.utils.events]:  eta: 1:55:02  iter: 11279  total_loss: 9.353  loss_ce: 0.0877  loss_mask: 0.02885  loss_dice: 0.7355  loss_ce_0: 0.2611  loss_mask_0: 0.02342  loss_dice_0: 0.818  loss_ce_1: 0.02281  loss_mask_1: 0.02767  loss_dice_1: 0.8385  loss_ce_2: 0.06546  loss_mask_2: 0.02273  loss_dice_2: 0.8056  loss_ce_3: 0.06802  loss_mask_3: 0.02629  loss_dice_3: 0.7873  loss_ce_4: 0.07909  loss_mask_4: 0.02659  loss_dice_4: 0.8676  loss_ce_5: 0.07008  loss_mask_5: 0.03056  loss_dice_5: 0.7471  loss_ce_6: 0.106  loss_mask_6: 0.02958  loss_dice_6: 0.8606  loss_ce_7: 0.05017  loss_mask_7: 0.03203  loss_dice_7: 0.9043  loss_ce_8: 0.08427  loss_mask_8: 0.02833  loss_dice_8: 0.8176    time: 0.8061  last_time: 0.7389  data_time: 0.0711  last_data_time: 0.0711   lr: 2.0011e-05  max_mem: 12316M
[03/19 02:58:42 d2.utils.events]:  eta: 1:54:43  iter: 11299  total_loss: 13.21  loss_ce: 0.08981  loss_mask: 0.04541  loss_dice: 0.9618  loss_ce_0: 0.2028  loss_mask_0: 0.05222  loss_dice_0: 0.9852  loss_ce_1: 0.1686  loss_mask_1: 0.04741  loss_dice_1: 0.7275  loss_ce_2: 0.2538  loss_mask_2: 0.04345  loss_dice_2: 1.41  loss_ce_3: 0.0748  loss_mask_3: 0.07401  loss_dice_3: 1.673  loss_ce_4: 0.1153  loss_mask_4: 0.05279  loss_dice_4: 1.43  loss_ce_5: 0.1133  loss_mask_5: 0.04854  loss_dice_5: 0.8655  loss_ce_6: 0.1575  loss_mask_6: 0.04318  loss_dice_6: 1.225  loss_ce_7: 0.0878  loss_mask_7: 0.05375  loss_dice_7: 0.906  loss_ce_8: 0.1362  loss_mask_8: 0.04224  loss_dice_8: 1.119    time: 0.8061  last_time: 0.7872  data_time: 0.1276  last_data_time: 0.1276   lr: 1.9934e-05  max_mem: 12316M
[03/19 02:58:58 d2.utils.events]:  eta: 1:54:26  iter: 11319  total_loss: 7.479  loss_ce: 0.02431  loss_mask: 0.05007  loss_dice: 0.6005  loss_ce_0: 0.1362  loss_mask_0: 0.05403  loss_dice_0: 0.8888  loss_ce_1: 0.1665  loss_mask_1: 0.04927  loss_dice_1: 0.7753  loss_ce_2: 0.02886  loss_mask_2: 0.03701  loss_dice_2: 0.4329  loss_ce_3: 0.02718  loss_mask_3: 0.04532  loss_dice_3: 0.6183  loss_ce_4: 0.07902  loss_mask_4: 0.04587  loss_dice_4: 0.6899  loss_ce_5: 0.02617  loss_mask_5: 0.04677  loss_dice_5: 0.6278  loss_ce_6: 0.02961  loss_mask_6: 0.03737  loss_dice_6: 0.5465  loss_ce_7: 0.03278  loss_mask_7: 0.05029  loss_dice_7: 0.6452  loss_ce_8: 0.02702  loss_mask_8: 0.05014  loss_dice_8: 0.6101    time: 0.8061  last_time: 0.7798  data_time: 0.1318  last_data_time: 0.1318   lr: 1.9857e-05  max_mem: 12316M
[03/19 02:59:14 d2.utils.events]:  eta: 1:54:11  iter: 11339  total_loss: 7.501  loss_ce: 0.007686  loss_mask: 0.03958  loss_dice: 0.7465  loss_ce_0: 0.08144  loss_mask_0: 0.03621  loss_dice_0: 0.628  loss_ce_1: 0.008642  loss_mask_1: 0.02826  loss_dice_1: 0.6539  loss_ce_2: 0.007413  loss_mask_2: 0.02906  loss_dice_2: 0.7185  loss_ce_3: 0.00886  loss_mask_3: 0.03285  loss_dice_3: 0.7824  loss_ce_4: 0.007498  loss_mask_4: 0.03815  loss_dice_4: 0.7916  loss_ce_5: 0.00599  loss_mask_5: 0.0328  loss_dice_5: 0.8246  loss_ce_6: 0.006871  loss_mask_6: 0.02911  loss_dice_6: 0.5994  loss_ce_7: 0.006487  loss_mask_7: 0.02871  loss_dice_7: 0.6036  loss_ce_8: 0.006574  loss_mask_8: 0.03128  loss_dice_8: 0.6789    time: 0.8061  last_time: 0.8171  data_time: 0.1474  last_data_time: 0.1474   lr: 1.978e-05  max_mem: 12316M
[03/19 02:59:31 d2.utils.events]:  eta: 1:53:56  iter: 11359  total_loss: 9.512  loss_ce: 0.06528  loss_mask: 0.03931  loss_dice: 0.774  loss_ce_0: 0.1297  loss_mask_0: 0.05702  loss_dice_0: 0.9854  loss_ce_1: 0.0414  loss_mask_1: 0.04431  loss_dice_1: 0.9288  loss_ce_2: 0.08046  loss_mask_2: 0.03734  loss_dice_2: 0.7497  loss_ce_3: 0.04591  loss_mask_3: 0.03948  loss_dice_3: 0.7594  loss_ce_4: 0.03315  loss_mask_4: 0.0393  loss_dice_4: 0.9742  loss_ce_5: 0.02838  loss_mask_5: 0.03989  loss_dice_5: 0.8623  loss_ce_6: 0.03103  loss_mask_6: 0.044  loss_dice_6: 0.7846  loss_ce_7: 0.03246  loss_mask_7: 0.04084  loss_dice_7: 0.8582  loss_ce_8: 0.101  loss_mask_8: 0.03717  loss_dice_8: 0.8278    time: 0.8061  last_time: 0.8167  data_time: 0.1424  last_data_time: 0.1424   lr: 1.9704e-05  max_mem: 12316M
[03/19 02:59:47 d2.utils.events]:  eta: 1:53:39  iter: 11379  total_loss: 9.766  loss_ce: 0.04358  loss_mask: 0.02607  loss_dice: 1.04  loss_ce_0: 0.08943  loss_mask_0: 0.02815  loss_dice_0: 1.001  loss_ce_1: 0.1143  loss_mask_1: 0.02553  loss_dice_1: 1.004  loss_ce_2: 0.06944  loss_mask_2: 0.0225  loss_dice_2: 0.4254  loss_ce_3: 0.104  loss_mask_3: 0.02911  loss_dice_3: 1.234  loss_ce_4: 0.1013  loss_mask_4: 0.03262  loss_dice_4: 0.9709  loss_ce_5: 0.09702  loss_mask_5: 0.02547  loss_dice_5: 0.801  loss_ce_6: 0.1171  loss_mask_6: 0.02127  loss_dice_6: 0.7103  loss_ce_7: 0.08079  loss_mask_7: 0.01847  loss_dice_7: 0.6765  loss_ce_8: 0.0497  loss_mask_8: 0.02  loss_dice_8: 0.7871    time: 0.8061  last_time: 0.7766  data_time: 0.1052  last_data_time: 0.1052   lr: 1.9627e-05  max_mem: 12316M
[03/19 03:00:04 d2.utils.events]:  eta: 1:53:25  iter: 11399  total_loss: 4.117  loss_ce: 0.003931  loss_mask: 0.02503  loss_dice: 0.3594  loss_ce_0: 0.1077  loss_mask_0: 0.02372  loss_dice_0: 0.3949  loss_ce_1: 0.006937  loss_mask_1: 0.02262  loss_dice_1: 0.3738  loss_ce_2: 0.01311  loss_mask_2: 0.02199  loss_dice_2: 0.2983  loss_ce_3: 0.005666  loss_mask_3: 0.02364  loss_dice_3: 0.3955  loss_ce_4: 0.004414  loss_mask_4: 0.02041  loss_dice_4: 0.3577  loss_ce_5: 0.004737  loss_mask_5: 0.02415  loss_dice_5: 0.3779  loss_ce_6: 0.003095  loss_mask_6: 0.02569  loss_dice_6: 0.3967  loss_ce_7: 0.002877  loss_mask_7: 0.02099  loss_dice_7: 0.3793  loss_ce_8: 0.003415  loss_mask_8: 0.02301  loss_dice_8: 0.3969    time: 0.8061  last_time: 0.7927  data_time: 0.1305  last_data_time: 0.1305   lr: 1.955e-05  max_mem: 12316M
[03/19 03:00:21 d2.utils.events]:  eta: 1:53:08  iter: 11419  total_loss: 6.794  loss_ce: 0.02122  loss_mask: 0.04037  loss_dice: 0.663  loss_ce_0: 0.1049  loss_mask_0: 0.03704  loss_dice_0: 0.5151  loss_ce_1: 0.02888  loss_mask_1: 0.03547  loss_dice_1: 0.5411  loss_ce_2: 0.02323  loss_mask_2: 0.04245  loss_dice_2: 0.6069  loss_ce_3: 0.02322  loss_mask_3: 0.03765  loss_dice_3: 0.6096  loss_ce_4: 0.02309  loss_mask_4: 0.03799  loss_dice_4: 0.6645  loss_ce_5: 0.02321  loss_mask_5: 0.03922  loss_dice_5: 0.5964  loss_ce_6: 0.02067  loss_mask_6: 0.03313  loss_dice_6: 0.6273  loss_ce_7: 0.02155  loss_mask_7: 0.0401  loss_dice_7: 0.5671  loss_ce_8: 0.01996  loss_mask_8: 0.04096  loss_dice_8: 0.709    time: 0.8061  last_time: 0.9301  data_time: 0.2720  last_data_time: 0.2720   lr: 1.9474e-05  max_mem: 12316M
[03/19 03:00:37 d2.utils.events]:  eta: 1:53:01  iter: 11439  total_loss: 5.838  loss_ce: 0.008822  loss_mask: 0.0544  loss_dice: 0.495  loss_ce_0: 0.07521  loss_mask_0: 0.07013  loss_dice_0: 0.5789  loss_ce_1: 0.006997  loss_mask_1: 0.0603  loss_dice_1: 0.4764  loss_ce_2: 0.009381  loss_mask_2: 0.05891  loss_dice_2: 0.5172  loss_ce_3: 0.009927  loss_mask_3: 0.06103  loss_dice_3: 0.51  loss_ce_4: 0.009986  loss_mask_4: 0.05689  loss_dice_4: 0.4914  loss_ce_5: 0.01144  loss_mask_5: 0.0502  loss_dice_5: 0.4279  loss_ce_6: 0.009848  loss_mask_6: 0.06052  loss_dice_6: 0.5356  loss_ce_7: 0.008639  loss_mask_7: 0.05574  loss_dice_7: 0.5247  loss_ce_8: 0.008371  loss_mask_8: 0.0589  loss_dice_8: 0.535    time: 0.8062  last_time: 1.0541  data_time: 0.2448  last_data_time: 0.2448   lr: 1.9397e-05  max_mem: 12316M
[03/19 03:00:53 d2.utils.events]:  eta: 1:52:46  iter: 11459  total_loss: 5.071  loss_ce: 0.0196  loss_mask: 0.07169  loss_dice: 0.4037  loss_ce_0: 0.1119  loss_mask_0: 0.09904  loss_dice_0: 0.4459  loss_ce_1: 0.09063  loss_mask_1: 0.07125  loss_dice_1: 0.3672  loss_ce_2: 0.01768  loss_mask_2: 0.06697  loss_dice_2: 0.3786  loss_ce_3: 0.02601  loss_mask_3: 0.07311  loss_dice_3: 0.4014  loss_ce_4: 0.1104  loss_mask_4: 0.06618  loss_dice_4: 0.3523  loss_ce_5: 0.02578  loss_mask_5: 0.06823  loss_dice_5: 0.3593  loss_ce_6: 0.01924  loss_mask_6: 0.06852  loss_dice_6: 0.3769  loss_ce_7: 0.01795  loss_mask_7: 0.0724  loss_dice_7: 0.3942  loss_ce_8: 0.0173  loss_mask_8: 0.07746  loss_dice_8: 0.3998    time: 0.8061  last_time: 0.8398  data_time: 0.1644  last_data_time: 0.1644   lr: 1.9321e-05  max_mem: 12316M
[03/19 03:01:10 d2.utils.events]:  eta: 1:52:30  iter: 11479  total_loss: 9.588  loss_ce: 0.01961  loss_mask: 0.09109  loss_dice: 0.8308  loss_ce_0: 0.3989  loss_mask_0: 0.2398  loss_dice_0: 0.8082  loss_ce_1: 0.02985  loss_mask_1: 0.1121  loss_dice_1: 0.8621  loss_ce_2: 0.07099  loss_mask_2: 0.106  loss_dice_2: 0.8185  loss_ce_3: 0.08669  loss_mask_3: 0.07796  loss_dice_3: 0.6315  loss_ce_4: 0.04129  loss_mask_4: 0.09793  loss_dice_4: 0.7891  loss_ce_5: 0.08529  loss_mask_5: 0.07402  loss_dice_5: 0.6578  loss_ce_6: 0.02024  loss_mask_6: 0.09255  loss_dice_6: 0.7887  loss_ce_7: 0.01636  loss_mask_7: 0.09186  loss_dice_7: 0.804  loss_ce_8: 0.01726  loss_mask_8: 0.0868  loss_dice_8: 0.7412    time: 0.8061  last_time: 0.8232  data_time: 0.1492  last_data_time: 0.1492   lr: 1.9244e-05  max_mem: 12316M
[03/19 03:01:26 d2.utils.events]:  eta: 1:52:15  iter: 11499  total_loss: 6.772  loss_ce: 0.01644  loss_mask: 0.03162  loss_dice: 0.5493  loss_ce_0: 0.2446  loss_mask_0: 0.03024  loss_dice_0: 0.754  loss_ce_1: 0.02491  loss_mask_1: 0.03027  loss_dice_1: 0.6226  loss_ce_2: 0.06735  loss_mask_2: 0.03109  loss_dice_2: 0.5847  loss_ce_3: 0.02364  loss_mask_3: 0.02511  loss_dice_3: 0.5205  loss_ce_4: 0.02041  loss_mask_4: 0.02966  loss_dice_4: 0.641  loss_ce_5: 0.04281  loss_mask_5: 0.02353  loss_dice_5: 0.5917  loss_ce_6: 0.0203  loss_mask_6: 0.02679  loss_dice_6: 0.579  loss_ce_7: 0.01936  loss_mask_7: 0.03004  loss_dice_7: 0.6235  loss_ce_8: 0.01899  loss_mask_8: 0.02875  loss_dice_8: 0.5198    time: 0.8062  last_time: 0.8209  data_time: 0.1453  last_data_time: 0.1453   lr: 1.9168e-05  max_mem: 12316M
[03/19 03:01:43 d2.utils.events]:  eta: 1:51:59  iter: 11519  total_loss: 4.356  loss_ce: 0.00682  loss_mask: 0.02674  loss_dice: 0.4082  loss_ce_0: 0.07757  loss_mask_0: 0.02503  loss_dice_0: 0.3708  loss_ce_1: 0.006296  loss_mask_1: 0.03312  loss_dice_1: 0.3983  loss_ce_2: 0.00689  loss_mask_2: 0.02396  loss_dice_2: 0.3013  loss_ce_3: 0.006483  loss_mask_3: 0.02896  loss_dice_3: 0.4443  loss_ce_4: 0.005882  loss_mask_4: 0.03251  loss_dice_4: 0.4632  loss_ce_5: 0.006161  loss_mask_5: 0.0235  loss_dice_5: 0.3597  loss_ce_6: 0.005554  loss_mask_6: 0.02927  loss_dice_6: 0.4665  loss_ce_7: 0.005934  loss_mask_7: 0.02619  loss_dice_7: 0.3514  loss_ce_8: 0.006075  loss_mask_8: 0.03063  loss_dice_8: 0.3788    time: 0.8062  last_time: 0.8104  data_time: 0.1422  last_data_time: 0.1422   lr: 1.9091e-05  max_mem: 12316M
[03/19 03:01:59 d2.utils.events]:  eta: 1:51:42  iter: 11539  total_loss: 5.625  loss_ce: 0.006719  loss_mask: 0.02403  loss_dice: 0.4708  loss_ce_0: 0.0808  loss_mask_0: 0.03018  loss_dice_0: 0.5967  loss_ce_1: 0.00766  loss_mask_1: 0.03431  loss_dice_1: 0.5389  loss_ce_2: 0.007205  loss_mask_2: 0.03072  loss_dice_2: 0.4652  loss_ce_3: 0.007915  loss_mask_3: 0.01938  loss_dice_3: 0.4261  loss_ce_4: 0.008321  loss_mask_4: 0.02395  loss_dice_4: 0.6284  loss_ce_5: 0.007378  loss_mask_5: 0.03004  loss_dice_5: 0.616  loss_ce_6: 0.006681  loss_mask_6: 0.02525  loss_dice_6: 0.5134  loss_ce_7: 0.007033  loss_mask_7: 0.02667  loss_dice_7: 0.5014  loss_ce_8: 0.006782  loss_mask_8: 0.02688  loss_dice_8: 0.4498    time: 0.8062  last_time: 0.7878  data_time: 0.1298  last_data_time: 0.1298   lr: 1.9015e-05  max_mem: 12316M
[03/19 03:02:15 d2.utils.events]:  eta: 1:51:28  iter: 11559  total_loss: 11.5  loss_ce: 0.0434  loss_mask: 0.09606  loss_dice: 1.392  loss_ce_0: 0.2547  loss_mask_0: 0.06391  loss_dice_0: 1.019  loss_ce_1: 0.1457  loss_mask_1: 0.07003  loss_dice_1: 0.8249  loss_ce_2: 0.1774  loss_mask_2: 0.06149  loss_dice_2: 0.8583  loss_ce_3: 0.1055  loss_mask_3: 0.04697  loss_dice_3: 0.8403  loss_ce_4: 0.1488  loss_mask_4: 0.05099  loss_dice_4: 0.9752  loss_ce_5: 0.1195  loss_mask_5: 0.06133  loss_dice_5: 0.844  loss_ce_6: 0.04702  loss_mask_6: 0.09684  loss_dice_6: 1.007  loss_ce_7: 0.106  loss_mask_7: 0.04765  loss_dice_7: 1.104  loss_ce_8: 0.1118  loss_mask_8: 0.0574  loss_dice_8: 0.723    time: 0.8062  last_time: 0.8546  data_time: 0.1977  last_data_time: 0.1977   lr: 1.8939e-05  max_mem: 12316M
[03/19 03:02:31 d2.utils.events]:  eta: 1:51:06  iter: 11579  total_loss: 3.916  loss_ce: 0.003539  loss_mask: 0.02244  loss_dice: 0.3014  loss_ce_0: 0.08077  loss_mask_0: 0.03722  loss_dice_0: 0.366  loss_ce_1: 0.004922  loss_mask_1: 0.03374  loss_dice_1: 0.364  loss_ce_2: 0.004652  loss_mask_2: 0.03535  loss_dice_2: 0.3404  loss_ce_3: 0.004068  loss_mask_3: 0.02583  loss_dice_3: 0.3418  loss_ce_4: 0.005074  loss_mask_4: 0.03292  loss_dice_4: 0.4195  loss_ce_5: 0.005155  loss_mask_5: 0.0331  loss_dice_5: 0.3682  loss_ce_6: 0.004039  loss_mask_6: 0.02648  loss_dice_6: 0.335  loss_ce_7: 0.004179  loss_mask_7: 0.0312  loss_dice_7: 0.3509  loss_ce_8: 0.004095  loss_mask_8: 0.02571  loss_dice_8: 0.3042    time: 0.8061  last_time: 0.8156  data_time: 0.1617  last_data_time: 0.1617   lr: 1.8863e-05  max_mem: 12316M
[03/19 03:02:48 d2.utils.events]:  eta: 1:50:55  iter: 11599  total_loss: 12.65  loss_ce: 0.02185  loss_mask: 0.1448  loss_dice: 0.9567  loss_ce_0: 0.4216  loss_mask_0: 0.2027  loss_dice_0: 1.145  loss_ce_1: 0.02778  loss_mask_1: 0.2197  loss_dice_1: 1.204  loss_ce_2: 0.04646  loss_mask_2: 0.1573  loss_dice_2: 1.046  loss_ce_3: 0.02637  loss_mask_3: 0.1314  loss_dice_3: 1.042  loss_ce_4: 0.02379  loss_mask_4: 0.1322  loss_dice_4: 1.028  loss_ce_5: 0.02501  loss_mask_5: 0.1345  loss_dice_5: 0.962  loss_ce_6: 0.02194  loss_mask_6: 0.1322  loss_dice_6: 1.03  loss_ce_7: 0.02277  loss_mask_7: 0.1433  loss_dice_7: 1.047  loss_ce_8: 0.02347  loss_mask_8: 0.1389  loss_dice_8: 0.9955    time: 0.8062  last_time: 0.8192  data_time: 0.1472  last_data_time: 0.1472   lr: 1.8787e-05  max_mem: 12316M
[03/19 03:03:04 d2.utils.events]:  eta: 1:50:39  iter: 11619  total_loss: 11.4  loss_ce: 0.07485  loss_mask: 0.03561  loss_dice: 0.7883  loss_ce_0: 0.123  loss_mask_0: 0.03674  loss_dice_0: 1.13  loss_ce_1: 0.1268  loss_mask_1: 0.03138  loss_dice_1: 0.8768  loss_ce_2: 0.1307  loss_mask_2: 0.03543  loss_dice_2: 0.7696  loss_ce_3: 0.1474  loss_mask_3: 0.03913  loss_dice_3: 1.102  loss_ce_4: 0.1287  loss_mask_4: 0.04648  loss_dice_4: 1.056  loss_ce_5: 0.1408  loss_mask_5: 0.03657  loss_dice_5: 0.8628  loss_ce_6: 0.1288  loss_mask_6: 0.03791  loss_dice_6: 1.241  loss_ce_7: 0.07096  loss_mask_7: 0.03652  loss_dice_7: 0.9159  loss_ce_8: 0.1267  loss_mask_8: 0.03639  loss_dice_8: 1.087    time: 0.8062  last_time: 0.7929  data_time: 0.1271  last_data_time: 0.1271   lr: 1.8711e-05  max_mem: 12316M
[03/19 03:03:20 d2.utils.events]:  eta: 1:50:18  iter: 11639  total_loss: 6.076  loss_ce: 0.00509  loss_mask: 0.03369  loss_dice: 0.5978  loss_ce_0: 0.08727  loss_mask_0: 0.02882  loss_dice_0: 0.5293  loss_ce_1: 0.004671  loss_mask_1: 0.02639  loss_dice_1: 0.5694  loss_ce_2: 0.004105  loss_mask_2: 0.02963  loss_dice_2: 0.5476  loss_ce_3: 0.004126  loss_mask_3: 0.03157  loss_dice_3: 0.6072  loss_ce_4: 0.00535  loss_mask_4: 0.03436  loss_dice_4: 0.5549  loss_ce_5: 0.004724  loss_mask_5: 0.02678  loss_dice_5: 0.5154  loss_ce_6: 0.0045  loss_mask_6: 0.03592  loss_dice_6: 0.6385  loss_ce_7: 0.00483  loss_mask_7: 0.03303  loss_dice_7: 0.5558  loss_ce_8: 0.004499  loss_mask_8: 0.03005  loss_dice_8: 0.521    time: 0.8062  last_time: 0.8271  data_time: 0.1646  last_data_time: 0.1646   lr: 1.8635e-05  max_mem: 12316M
[03/19 03:03:36 d2.utils.events]:  eta: 1:50:00  iter: 11659  total_loss: 6.323  loss_ce: 0.007397  loss_mask: 0.03765  loss_dice: 0.5809  loss_ce_0: 0.08648  loss_mask_0: 0.03568  loss_dice_0: 0.5153  loss_ce_1: 0.009684  loss_mask_1: 0.03711  loss_dice_1: 0.5702  loss_ce_2: 0.006888  loss_mask_2: 0.03797  loss_dice_2: 0.5617  loss_ce_3: 0.005841  loss_mask_3: 0.03852  loss_dice_3: 0.6198  loss_ce_4: 0.007652  loss_mask_4: 0.03655  loss_dice_4: 0.6071  loss_ce_5: 0.006356  loss_mask_5: 0.03686  loss_dice_5: 0.5759  loss_ce_6: 0.005478  loss_mask_6: 0.03674  loss_dice_6: 0.6564  loss_ce_7: 0.006554  loss_mask_7: 0.0369  loss_dice_7: 0.5415  loss_ce_8: 0.006863  loss_mask_8: 0.03459  loss_dice_8: 0.5765    time: 0.8061  last_time: 0.7642  data_time: 0.1044  last_data_time: 0.1044   lr: 1.8559e-05  max_mem: 12316M
[03/19 03:03:53 d2.utils.events]:  eta: 1:49:46  iter: 11679  total_loss: 6.464  loss_ce: 0.05914  loss_mask: 0.04105  loss_dice: 0.6188  loss_ce_0: 0.08875  loss_mask_0: 0.05071  loss_dice_0: 0.5593  loss_ce_1: 0.078  loss_mask_1: 0.03912  loss_dice_1: 0.5053  loss_ce_2: 0.01836  loss_mask_2: 0.03685  loss_dice_2: 0.5543  loss_ce_3: 0.01909  loss_mask_3: 0.04615  loss_dice_3: 0.6292  loss_ce_4: 0.01772  loss_mask_4: 0.04214  loss_dice_4: 0.5874  loss_ce_5: 0.01346  loss_mask_5: 0.04523  loss_dice_5: 0.6416  loss_ce_6: 0.01513  loss_mask_6: 0.04488  loss_dice_6: 0.5349  loss_ce_7: 0.01484  loss_mask_7: 0.04378  loss_dice_7: 0.5324  loss_ce_8: 0.01339  loss_mask_8: 0.04207  loss_dice_8: 0.531    time: 0.8061  last_time: 0.7692  data_time: 0.1035  last_data_time: 0.1035   lr: 1.8483e-05  max_mem: 12316M
[03/19 03:04:09 d2.utils.events]:  eta: 1:49:37  iter: 11699  total_loss: 5.891  loss_ce: 0.008291  loss_mask: 0.02677  loss_dice: 0.4702  loss_ce_0: 0.09584  loss_mask_0: 0.03379  loss_dice_0: 0.7504  loss_ce_1: 0.008328  loss_mask_1: 0.03477  loss_dice_1: 0.5189  loss_ce_2: 0.009498  loss_mask_2: 0.0285  loss_dice_2: 0.5962  loss_ce_3: 0.01407  loss_mask_3: 0.0266  loss_dice_3: 0.438  loss_ce_4: 0.01225  loss_mask_4: 0.02596  loss_dice_4: 0.4987  loss_ce_5: 0.01144  loss_mask_5: 0.0343  loss_dice_5: 0.6189  loss_ce_6: 0.01146  loss_mask_6: 0.02792  loss_dice_6: 0.5259  loss_ce_7: 0.01083  loss_mask_7: 0.03135  loss_dice_7: 0.4841  loss_ce_8: 0.009672  loss_mask_8: 0.02756  loss_dice_8: 0.501    time: 0.8061  last_time: 0.7940  data_time: 0.1283  last_data_time: 0.1283   lr: 1.8407e-05  max_mem: 12316M
[03/19 03:04:26 d2.utils.events]:  eta: 1:49:22  iter: 11719  total_loss: 6.857  loss_ce: 0.02288  loss_mask: 0.06342  loss_dice: 0.5807  loss_ce_0: 0.1359  loss_mask_0: 0.06689  loss_dice_0: 0.6285  loss_ce_1: 0.02585  loss_mask_1: 0.06765  loss_dice_1: 0.5784  loss_ce_2: 0.03194  loss_mask_2: 0.06301  loss_dice_2: 0.6101  loss_ce_3: 0.0238  loss_mask_3: 0.06572  loss_dice_3: 0.5789  loss_ce_4: 0.02683  loss_mask_4: 0.06181  loss_dice_4: 0.5684  loss_ce_5: 0.02349  loss_mask_5: 0.0568  loss_dice_5: 0.5795  loss_ce_6: 0.02135  loss_mask_6: 0.06907  loss_dice_6: 0.5917  loss_ce_7: 0.02208  loss_mask_7: 0.05925  loss_dice_7: 0.5684  loss_ce_8: 0.02247  loss_mask_8: 0.06226  loss_dice_8: 0.5794    time: 0.8061  last_time: 0.8561  data_time: 0.1863  last_data_time: 0.1863   lr: 1.8331e-05  max_mem: 12316M
[03/19 03:04:42 d2.utils.events]:  eta: 1:49:06  iter: 11739  total_loss: 8.904  loss_ce: 0.09877  loss_mask: 0.05022  loss_dice: 0.7554  loss_ce_0: 0.202  loss_mask_0: 0.04143  loss_dice_0: 0.7188  loss_ce_1: 0.09104  loss_mask_1: 0.04299  loss_dice_1: 0.6002  loss_ce_2: 0.0524  loss_mask_2: 0.05334  loss_dice_2: 0.7911  loss_ce_3: 0.04008  loss_mask_3: 0.04789  loss_dice_3: 0.7666  loss_ce_4: 0.08056  loss_mask_4: 0.05147  loss_dice_4: 0.9341  loss_ce_5: 0.04317  loss_mask_5: 0.04824  loss_dice_5: 0.7578  loss_ce_6: 0.04909  loss_mask_6: 0.05289  loss_dice_6: 0.7759  loss_ce_7: 0.04319  loss_mask_7: 0.05175  loss_dice_7: 0.7533  loss_ce_8: 0.04451  loss_mask_8: 0.04708  loss_dice_8: 0.8187    time: 0.8061  last_time: 0.8020  data_time: 0.1295  last_data_time: 0.1295   lr: 1.8256e-05  max_mem: 12316M
[03/19 03:04:58 d2.utils.events]:  eta: 1:48:49  iter: 11759  total_loss: 8.279  loss_ce: 0.01369  loss_mask: 0.03973  loss_dice: 0.7127  loss_ce_0: 0.2298  loss_mask_0: 0.05332  loss_dice_0: 0.8724  loss_ce_1: 0.03422  loss_mask_1: 0.04136  loss_dice_1: 0.6527  loss_ce_2: 0.02388  loss_mask_2: 0.04213  loss_dice_2: 0.7184  loss_ce_3: 0.01118  loss_mask_3: 0.04226  loss_dice_3: 0.734  loss_ce_4: 0.01188  loss_mask_4: 0.04342  loss_dice_4: 0.6846  loss_ce_5: 0.01434  loss_mask_5: 0.0385  loss_dice_5: 0.7202  loss_ce_6: 0.07534  loss_mask_6: 0.04182  loss_dice_6: 0.8128  loss_ce_7: 0.01416  loss_mask_7: 0.04375  loss_dice_7: 0.8137  loss_ce_8: 0.01379  loss_mask_8: 0.03999  loss_dice_8: 0.6893    time: 0.8061  last_time: 0.7508  data_time: 0.0717  last_data_time: 0.0717   lr: 1.818e-05  max_mem: 12316M
[03/19 03:05:15 d2.utils.events]:  eta: 1:48:33  iter: 11779  total_loss: 9.229  loss_ce: 0.01663  loss_mask: 0.02602  loss_dice: 0.6714  loss_ce_0: 0.1435  loss_mask_0: 0.02298  loss_dice_0: 0.8199  loss_ce_1: 0.01733  loss_mask_1: 0.02839  loss_dice_1: 0.8789  loss_ce_2: 0.01639  loss_mask_2: 0.03651  loss_dice_2: 0.8846  loss_ce_3: 0.01875  loss_mask_3: 0.03192  loss_dice_3: 0.9047  loss_ce_4: 0.01656  loss_mask_4: 0.02342  loss_dice_4: 0.7663  loss_ce_5: 0.01649  loss_mask_5: 0.03201  loss_dice_5: 0.8166  loss_ce_6: 0.04  loss_mask_6: 0.03307  loss_dice_6: 0.8848  loss_ce_7: 0.03647  loss_mask_7: 0.03433  loss_dice_7: 1.018  loss_ce_8: 0.01882  loss_mask_8: 0.03491  loss_dice_8: 0.9387    time: 0.8061  last_time: 0.9316  data_time: 0.2542  last_data_time: 0.2542   lr: 1.8104e-05  max_mem: 12316M
[03/19 03:05:31 d2.utils.events]:  eta: 1:48:16  iter: 11799  total_loss: 5.369  loss_ce: 0.01872  loss_mask: 0.03118  loss_dice: 0.4498  loss_ce_0: 0.1205  loss_mask_0: 0.03387  loss_dice_0: 0.5066  loss_ce_1: 0.01325  loss_mask_1: 0.03271  loss_dice_1: 0.477  loss_ce_2: 0.01678  loss_mask_2: 0.03492  loss_dice_2: 0.5076  loss_ce_3: 0.01868  loss_mask_3: 0.0296  loss_dice_3: 0.417  loss_ce_4: 0.01919  loss_mask_4: 0.0292  loss_dice_4: 0.4592  loss_ce_5: 0.01847  loss_mask_5: 0.03458  loss_dice_5: 0.4456  loss_ce_6: 0.01798  loss_mask_6: 0.03279  loss_dice_6: 0.5178  loss_ce_7: 0.01817  loss_mask_7: 0.03424  loss_dice_7: 0.5388  loss_ce_8: 0.01747  loss_mask_8: 0.02886  loss_dice_8: 0.4485    time: 0.8061  last_time: 0.9439  data_time: 0.2657  last_data_time: 0.2657   lr: 1.8029e-05  max_mem: 12316M
[03/19 03:05:47 d2.utils.events]:  eta: 1:47:54  iter: 11819  total_loss: 9.169  loss_ce: 0.1396  loss_mask: 0.03035  loss_dice: 0.8177  loss_ce_0: 0.2338  loss_mask_0: 0.03125  loss_dice_0: 0.9176  loss_ce_1: 0.1034  loss_mask_1: 0.02605  loss_dice_1: 0.8222  loss_ce_2: 0.1473  loss_mask_2: 0.02842  loss_dice_2: 0.7881  loss_ce_3: 0.1023  loss_mask_3: 0.02803  loss_dice_3: 0.6977  loss_ce_4: 0.1084  loss_mask_4: 0.02667  loss_dice_4: 0.8625  loss_ce_5: 0.1241  loss_mask_5: 0.02475  loss_dice_5: 0.7143  loss_ce_6: 0.1127  loss_mask_6: 0.02518  loss_dice_6: 0.5399  loss_ce_7: 0.09535  loss_mask_7: 0.02775  loss_dice_7: 0.5978  loss_ce_8: 0.05127  loss_mask_8: 0.02449  loss_dice_8: 0.9195    time: 0.8061  last_time: 0.8950  data_time: 0.1371  last_data_time: 0.1371   lr: 1.7954e-05  max_mem: 12316M
[03/19 03:06:03 d2.utils.events]:  eta: 1:47:40  iter: 11839  total_loss: 4.158  loss_ce: 0.005068  loss_mask: 0.03012  loss_dice: 0.3333  loss_ce_0: 0.1129  loss_mask_0: 0.03907  loss_dice_0: 0.4204  loss_ce_1: 0.007752  loss_mask_1: 0.03615  loss_dice_1: 0.3974  loss_ce_2: 0.006157  loss_mask_2: 0.03725  loss_dice_2: 0.3824  loss_ce_3: 0.005223  loss_mask_3: 0.03413  loss_dice_3: 0.415  loss_ce_4: 0.00476  loss_mask_4: 0.03178  loss_dice_4: 0.3041  loss_ce_5: 0.004699  loss_mask_5: 0.03429  loss_dice_5: 0.3125  loss_ce_6: 0.004639  loss_mask_6: 0.03112  loss_dice_6: 0.375  loss_ce_7: 0.004677  loss_mask_7: 0.03093  loss_dice_7: 0.3665  loss_ce_8: 0.005199  loss_mask_8: 0.03185  loss_dice_8: 0.3537    time: 0.8061  last_time: 0.9172  data_time: 0.2417  last_data_time: 0.2417   lr: 1.7878e-05  max_mem: 12316M
[03/19 03:06:19 d2.utils.events]:  eta: 1:47:24  iter: 11859  total_loss: 6.371  loss_ce: 0.008001  loss_mask: 0.03971  loss_dice: 0.5561  loss_ce_0: 0.1162  loss_mask_0: 0.05064  loss_dice_0: 0.5257  loss_ce_1: 0.05287  loss_mask_1: 0.03948  loss_dice_1: 0.7487  loss_ce_2: 0.01644  loss_mask_2: 0.04209  loss_dice_2: 0.5673  loss_ce_3: 0.01161  loss_mask_3: 0.03846  loss_dice_3: 0.5672  loss_ce_4: 0.107  loss_mask_4: 0.03711  loss_dice_4: 0.5878  loss_ce_5: 0.007161  loss_mask_5: 0.03589  loss_dice_5: 0.5397  loss_ce_6: 0.007828  loss_mask_6: 0.03167  loss_dice_6: 0.4817  loss_ce_7: 0.007705  loss_mask_7: 0.03391  loss_dice_7: 0.4848  loss_ce_8: 0.007316  loss_mask_8: 0.03518  loss_dice_8: 0.5862    time: 0.8061  last_time: 0.8017  data_time: 0.1276  last_data_time: 0.1276   lr: 1.7803e-05  max_mem: 12316M
[03/19 03:06:35 d2.utils.events]:  eta: 1:47:11  iter: 11879  total_loss: 8.143  loss_ce: 0.04055  loss_mask: 0.03257  loss_dice: 0.3853  loss_ce_0: 0.07627  loss_mask_0: 0.03844  loss_dice_0: 0.8019  loss_ce_1: 0.07144  loss_mask_1: 0.02782  loss_dice_1: 0.4247  loss_ce_2: 0.04211  loss_mask_2: 0.03858  loss_dice_2: 0.794  loss_ce_3: 0.03421  loss_mask_3: 0.03564  loss_dice_3: 0.9679  loss_ce_4: 0.02943  loss_mask_4: 0.02849  loss_dice_4: 0.8057  loss_ce_5: 0.03314  loss_mask_5: 0.03076  loss_dice_5: 0.8662  loss_ce_6: 0.03524  loss_mask_6: 0.02769  loss_dice_6: 0.3716  loss_ce_7: 0.03428  loss_mask_7: 0.03627  loss_dice_7: 1.072  loss_ce_8: 0.03785  loss_mask_8: 0.03036  loss_dice_8: 0.8928    time: 0.8061  last_time: 0.8142  data_time: 0.1496  last_data_time: 0.1496   lr: 1.7728e-05  max_mem: 12316M
[03/19 03:06:52 d2.utils.events]:  eta: 1:46:55  iter: 11899  total_loss: 14.11  loss_ce: 0.08885  loss_mask: 0.05567  loss_dice: 1.227  loss_ce_0: 0.2002  loss_mask_0: 0.06404  loss_dice_0: 1.348  loss_ce_1: 0.1906  loss_mask_1: 0.05325  loss_dice_1: 1.123  loss_ce_2: 0.2031  loss_mask_2: 0.04323  loss_dice_2: 1.128  loss_ce_3: 0.1229  loss_mask_3: 0.06712  loss_dice_3: 1.27  loss_ce_4: 0.06024  loss_mask_4: 0.05773  loss_dice_4: 1.153  loss_ce_5: 0.05046  loss_mask_5: 0.0525  loss_dice_5: 1.222  loss_ce_6: 0.07965  loss_mask_6: 0.04768  loss_dice_6: 1.165  loss_ce_7: 0.03628  loss_mask_7: 0.0831  loss_dice_7: 1.521  loss_ce_8: 0.08441  loss_mask_8: 0.05191  loss_dice_8: 1.264    time: 0.8061  last_time: 0.7901  data_time: 0.1086  last_data_time: 0.1086   lr: 1.7653e-05  max_mem: 12316M
[03/19 03:07:08 d2.utils.events]:  eta: 1:46:40  iter: 11919  total_loss: 6.837  loss_ce: 0.007074  loss_mask: 0.0378  loss_dice: 0.7655  loss_ce_0: 0.1338  loss_mask_0: 0.03691  loss_dice_0: 0.5735  loss_ce_1: 0.008056  loss_mask_1: 0.03458  loss_dice_1: 0.5499  loss_ce_2: 0.01031  loss_mask_2: 0.03816  loss_dice_2: 0.6165  loss_ce_3: 0.009439  loss_mask_3: 0.04143  loss_dice_3: 0.6198  loss_ce_4: 0.008083  loss_mask_4: 0.03515  loss_dice_4: 0.5886  loss_ce_5: 0.005752  loss_mask_5: 0.03931  loss_dice_5: 0.6252  loss_ce_6: 0.006474  loss_mask_6: 0.04043  loss_dice_6: 0.5933  loss_ce_7: 0.006396  loss_mask_7: 0.03854  loss_dice_7: 0.599  loss_ce_8: 0.006433  loss_mask_8: 0.04133  loss_dice_8: 0.7206    time: 0.8061  last_time: 0.8032  data_time: 0.1447  last_data_time: 0.1447   lr: 1.7578e-05  max_mem: 12316M
[03/19 03:07:24 d2.utils.events]:  eta: 1:46:25  iter: 11939  total_loss: 7.567  loss_ce: 0.008502  loss_mask: 0.03385  loss_dice: 0.7476  loss_ce_0: 0.08647  loss_mask_0: 0.0376  loss_dice_0: 0.6625  loss_ce_1: 0.007382  loss_mask_1: 0.02768  loss_dice_1: 0.568  loss_ce_2: 0.007354  loss_mask_2: 0.03816  loss_dice_2: 0.6485  loss_ce_3: 0.005659  loss_mask_3: 0.03086  loss_dice_3: 0.6738  loss_ce_4: 0.00765  loss_mask_4: 0.03154  loss_dice_4: 0.639  loss_ce_5: 0.008858  loss_mask_5: 0.03004  loss_dice_5: 0.7979  loss_ce_6: 0.02449  loss_mask_6: 0.03133  loss_dice_6: 1.123  loss_ce_7: 0.008086  loss_mask_7: 0.02437  loss_dice_7: 0.4858  loss_ce_8: 0.007979  loss_mask_8: 0.03515  loss_dice_8: 0.7274    time: 0.8061  last_time: 0.8337  data_time: 0.1721  last_data_time: 0.1721   lr: 1.7503e-05  max_mem: 12316M
[03/19 03:07:40 d2.utils.events]:  eta: 1:46:02  iter: 11959  total_loss: 7.971  loss_ce: 0.01564  loss_mask: 0.06387  loss_dice: 0.7279  loss_ce_0: 0.2365  loss_mask_0: 0.1122  loss_dice_0: 0.9054  loss_ce_1: 0.01505  loss_mask_1: 0.07686  loss_dice_1: 0.7033  loss_ce_2: 0.02797  loss_mask_2: 0.06553  loss_dice_2: 0.6301  loss_ce_3: 0.01782  loss_mask_3: 0.06461  loss_dice_3: 0.6002  loss_ce_4: 0.01713  loss_mask_4: 0.05461  loss_dice_4: 0.626  loss_ce_5: 0.01847  loss_mask_5: 0.06172  loss_dice_5: 0.6811  loss_ce_6: 0.01591  loss_mask_6: 0.06345  loss_dice_6: 0.6267  loss_ce_7: 0.0162  loss_mask_7: 0.06856  loss_dice_7: 0.7332  loss_ce_8: 0.01659  loss_mask_8: 0.05528  loss_dice_8: 0.6535    time: 0.8060  last_time: 0.7756  data_time: 0.1045  last_data_time: 0.1045   lr: 1.7428e-05  max_mem: 12316M
[03/19 03:07:56 d2.utils.events]:  eta: 1:45:50  iter: 11979  total_loss: 5.715  loss_ce: 0.006723  loss_mask: 0.03102  loss_dice: 0.4781  loss_ce_0: 0.1427  loss_mask_0: 0.02684  loss_dice_0: 0.5274  loss_ce_1: 0.01163  loss_mask_1: 0.02973  loss_dice_1: 0.531  loss_ce_2: 0.008108  loss_mask_2: 0.02736  loss_dice_2: 0.4778  loss_ce_3: 0.006174  loss_mask_3: 0.02894  loss_dice_3: 0.5309  loss_ce_4: 0.006241  loss_mask_4: 0.03309  loss_dice_4: 0.5293  loss_ce_5: 0.006639  loss_mask_5: 0.02953  loss_dice_5: 0.5589  loss_ce_6: 0.007115  loss_mask_6: 0.02864  loss_dice_6: 0.5016  loss_ce_7: 0.006685  loss_mask_7: 0.03034  loss_dice_7: 0.5387  loss_ce_8: 0.005976  loss_mask_8: 0.02691  loss_dice_8: 0.5407    time: 0.8060  last_time: 0.7992  data_time: 0.1283  last_data_time: 0.1283   lr: 1.7353e-05  max_mem: 12316M
[03/19 03:08:13 d2.utils.events]:  eta: 1:45:38  iter: 11999  total_loss: 10.9  loss_ce: 0.08705  loss_mask: 0.02535  loss_dice: 0.9968  loss_ce_0: 0.1203  loss_mask_0: 0.03507  loss_dice_0: 0.5719  loss_ce_1: 0.0753  loss_mask_1: 0.02684  loss_dice_1: 0.8517  loss_ce_2: 0.03479  loss_mask_2: 0.0467  loss_dice_2: 1.046  loss_ce_3: 0.05776  loss_mask_3: 0.03563  loss_dice_3: 1.081  loss_ce_4: 0.03127  loss_mask_4: 0.04747  loss_dice_4: 1.142  loss_ce_5: 0.04164  loss_mask_5: 0.03522  loss_dice_5: 1.127  loss_ce_6: 0.0821  loss_mask_6: 0.03213  loss_dice_6: 0.9414  loss_ce_7: 0.08311  loss_mask_7: 0.03454  loss_dice_7: 1.136  loss_ce_8: 0.04587  loss_mask_8: 0.02928  loss_dice_8: 0.998    time: 0.8060  last_time: 0.7940  data_time: 0.1232  last_data_time: 0.1232   lr: 1.7278e-05  max_mem: 12316M
[03/19 03:08:29 d2.utils.events]:  eta: 1:45:22  iter: 12019  total_loss: 6.255  loss_ce: 0.02008  loss_mask: 0.03282  loss_dice: 0.7052  loss_ce_0: 0.1568  loss_mask_0: 0.03418  loss_dice_0: 0.7455  loss_ce_1: 0.02764  loss_mask_1: 0.03133  loss_dice_1: 0.5103  loss_ce_2: 0.02377  loss_mask_2: 0.02973  loss_dice_2: 0.5024  loss_ce_3: 0.02122  loss_mask_3: 0.03123  loss_dice_3: 0.5375  loss_ce_4: 0.02229  loss_mask_4: 0.02892  loss_dice_4: 0.4825  loss_ce_5: 0.0231  loss_mask_5: 0.03154  loss_dice_5: 0.5289  loss_ce_6: 0.0219  loss_mask_6: 0.0363  loss_dice_6: 0.5245  loss_ce_7: 0.02186  loss_mask_7: 0.02629  loss_dice_7: 0.4812  loss_ce_8: 0.02193  loss_mask_8: 0.03081  loss_dice_8: 0.5635    time: 0.8060  last_time: 0.7388  data_time: 0.0758  last_data_time: 0.0758   lr: 1.7204e-05  max_mem: 12316M
[03/19 03:08:45 d2.utils.events]:  eta: 1:45:08  iter: 12039  total_loss: 7.729  loss_ce: 0.01594  loss_mask: 0.04532  loss_dice: 0.6703  loss_ce_0: 0.4107  loss_mask_0: 0.05967  loss_dice_0: 0.7378  loss_ce_1: 0.09806  loss_mask_1: 0.05021  loss_dice_1: 0.6576  loss_ce_2: 0.01503  loss_mask_2: 0.04344  loss_dice_2: 0.6475  loss_ce_3: 0.0136  loss_mask_3: 0.04719  loss_dice_3: 0.6789  loss_ce_4: 0.01759  loss_mask_4: 0.04207  loss_dice_4: 0.6989  loss_ce_5: 0.01247  loss_mask_5: 0.04028  loss_dice_5: 0.6035  loss_ce_6: 0.01203  loss_mask_6: 0.04426  loss_dice_6: 0.6179  loss_ce_7: 0.01401  loss_mask_7: 0.04564  loss_dice_7: 0.6933  loss_ce_8: 0.01581  loss_mask_8: 0.04066  loss_dice_8: 0.6395    time: 0.8060  last_time: 0.8141  data_time: 0.1334  last_data_time: 0.1334   lr: 1.7129e-05  max_mem: 12316M
[03/19 03:09:02 d2.utils.events]:  eta: 1:44:54  iter: 12059  total_loss: 5.986  loss_ce: 0.01929  loss_mask: 0.05134  loss_dice: 0.4767  loss_ce_0: 0.2588  loss_mask_0: 0.07916  loss_dice_0: 0.8579  loss_ce_1: 0.03955  loss_mask_1: 0.04967  loss_dice_1: 0.5513  loss_ce_2: 0.04203  loss_mask_2: 0.05282  loss_dice_2: 0.4734  loss_ce_3: 0.03071  loss_mask_3: 0.04601  loss_dice_3: 0.4525  loss_ce_4: 0.03639  loss_mask_4: 0.04638  loss_dice_4: 0.4221  loss_ce_5: 0.03906  loss_mask_5: 0.04684  loss_dice_5: 0.4111  loss_ce_6: 0.02583  loss_mask_6: 0.04421  loss_dice_6: 0.4208  loss_ce_7: 0.02121  loss_mask_7: 0.05326  loss_dice_7: 0.4417  loss_ce_8: 0.02054  loss_mask_8: 0.04302  loss_dice_8: 0.4326    time: 0.8060  last_time: 1.0013  data_time: 0.3235  last_data_time: 0.3235   lr: 1.7055e-05  max_mem: 12316M
[03/19 03:09:18 d2.utils.events]:  eta: 1:44:35  iter: 12079  total_loss: 7.385  loss_ce: 0.0155  loss_mask: 0.08117  loss_dice: 0.6719  loss_ce_0: 0.1376  loss_mask_0: 0.1197  loss_dice_0: 0.6083  loss_ce_1: 0.02566  loss_mask_1: 0.08032  loss_dice_1: 0.5559  loss_ce_2: 0.0186  loss_mask_2: 0.0817  loss_dice_2: 0.5893  loss_ce_3: 0.01574  loss_mask_3: 0.07961  loss_dice_3: 0.6367  loss_ce_4: 0.01774  loss_mask_4: 0.07682  loss_dice_4: 0.6451  loss_ce_5: 0.0178  loss_mask_5: 0.07274  loss_dice_5: 0.6519  loss_ce_6: 0.01825  loss_mask_6: 0.07723  loss_dice_6: 0.6808  loss_ce_7: 0.01745  loss_mask_7: 0.06891  loss_dice_7: 0.5527  loss_ce_8: 0.01613  loss_mask_8: 0.07602  loss_dice_8: 0.6779    time: 0.8060  last_time: 0.8399  data_time: 0.1727  last_data_time: 0.1727   lr: 1.698e-05  max_mem: 12316M
[03/19 03:09:34 d2.utils.events]:  eta: 1:44:19  iter: 12099  total_loss: 7.967  loss_ce: 0.02094  loss_mask: 0.05555  loss_dice: 0.7792  loss_ce_0: 0.1672  loss_mask_0: 0.06399  loss_dice_0: 0.6918  loss_ce_1: 0.02525  loss_mask_1: 0.06354  loss_dice_1: 0.741  loss_ce_2: 0.01941  loss_mask_2: 0.05662  loss_dice_2: 0.7451  loss_ce_3: 0.02512  loss_mask_3: 0.05585  loss_dice_3: 0.7383  loss_ce_4: 0.02008  loss_mask_4: 0.0493  loss_dice_4: 0.7085  loss_ce_5: 0.02127  loss_mask_5: 0.05043  loss_dice_5: 0.6951  loss_ce_6: 0.0168  loss_mask_6: 0.05289  loss_dice_6: 0.6424  loss_ce_7: 0.0165  loss_mask_7: 0.05421  loss_dice_7: 0.6937  loss_ce_8: 0.01783  loss_mask_8: 0.0504  loss_dice_8: 0.6286    time: 0.8060  last_time: 0.7673  data_time: 0.1025  last_data_time: 0.1025   lr: 1.6906e-05  max_mem: 12316M
[03/19 03:09:51 d2.utils.events]:  eta: 1:44:09  iter: 12119  total_loss: 6.612  loss_ce: 0.008273  loss_mask: 0.02396  loss_dice: 0.5185  loss_ce_0: 0.1006  loss_mask_0: 0.03458  loss_dice_0: 0.6341  loss_ce_1: 0.01272  loss_mask_1: 0.03245  loss_dice_1: 0.6304  loss_ce_2: 0.01022  loss_mask_2: 0.03051  loss_dice_2: 0.5391  loss_ce_3: 0.008888  loss_mask_3: 0.03489  loss_dice_3: 0.6666  loss_ce_4: 0.008144  loss_mask_4: 0.03182  loss_dice_4: 0.6366  loss_ce_5: 0.008149  loss_mask_5: 0.02831  loss_dice_5: 0.6068  loss_ce_6: 0.007773  loss_mask_6: 0.02902  loss_dice_6: 0.5848  loss_ce_7: 0.007621  loss_mask_7: 0.03324  loss_dice_7: 0.6287  loss_ce_8: 0.008212  loss_mask_8: 0.03273  loss_dice_8: 0.6743    time: 0.8061  last_time: 0.8074  data_time: 0.1467  last_data_time: 0.1467   lr: 1.6832e-05  max_mem: 12316M
[03/19 03:10:07 d2.utils.events]:  eta: 1:43:53  iter: 12139  total_loss: 6.649  loss_ce: 0.02723  loss_mask: 0.03215  loss_dice: 0.5946  loss_ce_0: 0.0805  loss_mask_0: 0.03387  loss_dice_0: 0.6095  loss_ce_1: 0.03931  loss_mask_1: 0.0316  loss_dice_1: 0.6362  loss_ce_2: 0.0437  loss_mask_2: 0.02911  loss_dice_2: 0.5058  loss_ce_3: 0.06419  loss_mask_3: 0.03181  loss_dice_3: 0.5152  loss_ce_4: 0.07053  loss_mask_4: 0.02866  loss_dice_4: 0.4732  loss_ce_5: 0.03083  loss_mask_5: 0.0334  loss_dice_5: 0.5339  loss_ce_6: 0.02455  loss_mask_6: 0.03023  loss_dice_6: 0.6159  loss_ce_7: 0.02378  loss_mask_7: 0.03278  loss_dice_7: 0.6697  loss_ce_8: 0.06017  loss_mask_8: 0.02987  loss_dice_8: 0.7169    time: 0.8060  last_time: 0.9946  data_time: 0.1783  last_data_time: 0.1783   lr: 1.6757e-05  max_mem: 12316M
[03/19 03:10:24 d2.utils.events]:  eta: 1:43:35  iter: 12159  total_loss: 10.54  loss_ce: 0.3014  loss_mask: 0.03597  loss_dice: 0.6161  loss_ce_0: 0.2177  loss_mask_0: 0.04747  loss_dice_0: 0.7725  loss_ce_1: 0.3422  loss_mask_1: 0.03741  loss_dice_1: 0.6585  loss_ce_2: 0.3409  loss_mask_2: 0.03788  loss_dice_2: 0.7338  loss_ce_3: 0.2879  loss_mask_3: 0.04472  loss_dice_3: 0.7843  loss_ce_4: 0.2911  loss_mask_4: 0.03778  loss_dice_4: 0.7441  loss_ce_5: 0.2826  loss_mask_5: 0.03886  loss_dice_5: 0.7944  loss_ce_6: 0.2597  loss_mask_6: 0.03759  loss_dice_6: 0.7291  loss_ce_7: 0.198  loss_mask_7: 0.04326  loss_dice_7: 0.6785  loss_ce_8: 0.2588  loss_mask_8: 0.03793  loss_dice_8: 0.8476    time: 0.8060  last_time: 0.7439  data_time: 0.0744  last_data_time: 0.0744   lr: 1.6683e-05  max_mem: 12316M
[03/19 03:10:40 d2.utils.events]:  eta: 1:43:18  iter: 12179  total_loss: 8.313  loss_ce: 0.04116  loss_mask: 0.06286  loss_dice: 0.6173  loss_ce_0: 0.4955  loss_mask_0: 0.1165  loss_dice_0: 0.7759  loss_ce_1: 0.08162  loss_mask_1: 0.07911  loss_dice_1: 0.7187  loss_ce_2: 0.02766  loss_mask_2: 0.09861  loss_dice_2: 0.7108  loss_ce_3: 0.03229  loss_mask_3: 0.07527  loss_dice_3: 0.6235  loss_ce_4: 0.02761  loss_mask_4: 0.08981  loss_dice_4: 0.651  loss_ce_5: 0.03068  loss_mask_5: 0.07469  loss_dice_5: 0.6455  loss_ce_6: 0.04462  loss_mask_6: 0.07587  loss_dice_6: 0.6451  loss_ce_7: 0.045  loss_mask_7: 0.06837  loss_dice_7: 0.6124  loss_ce_8: 0.04154  loss_mask_8: 0.0711  loss_dice_8: 0.6332    time: 0.8060  last_time: 0.7443  data_time: 0.0763  last_data_time: 0.0763   lr: 1.6609e-05  max_mem: 12316M
[03/19 03:10:56 d2.utils.events]:  eta: 1:43:04  iter: 12199  total_loss: 5.408  loss_ce: 0.005795  loss_mask: 0.04428  loss_dice: 0.468  loss_ce_0: 0.2393  loss_mask_0: 0.06795  loss_dice_0: 0.6048  loss_ce_1: 0.01326  loss_mask_1: 0.04103  loss_dice_1: 0.4526  loss_ce_2: 0.008328  loss_mask_2: 0.0388  loss_dice_2: 0.4238  loss_ce_3: 0.005953  loss_mask_3: 0.04122  loss_dice_3: 0.4521  loss_ce_4: 0.005052  loss_mask_4: 0.0446  loss_dice_4: 0.4805  loss_ce_5: 0.005922  loss_mask_5: 0.04242  loss_dice_5: 0.4665  loss_ce_6: 0.005674  loss_mask_6: 0.04609  loss_dice_6: 0.429  loss_ce_7: 0.005988  loss_mask_7: 0.03839  loss_dice_7: 0.4484  loss_ce_8: 0.005364  loss_mask_8: 0.04086  loss_dice_8: 0.4363    time: 0.8060  last_time: 0.8521  data_time: 0.1916  last_data_time: 0.1916   lr: 1.6535e-05  max_mem: 12316M
[03/19 03:11:12 d2.utils.events]:  eta: 1:42:47  iter: 12219  total_loss: 8.634  loss_ce: 0.007125  loss_mask: 0.06043  loss_dice: 0.739  loss_ce_0: 0.2169  loss_mask_0: 0.0795  loss_dice_0: 0.806  loss_ce_1: 0.01496  loss_mask_1: 0.06548  loss_dice_1: 0.8148  loss_ce_2: 0.009963  loss_mask_2: 0.06654  loss_dice_2: 0.815  loss_ce_3: 0.00801  loss_mask_3: 0.05556  loss_dice_3: 0.7075  loss_ce_4: 0.008253  loss_mask_4: 0.05997  loss_dice_4: 0.7548  loss_ce_5: 0.007977  loss_mask_5: 0.06193  loss_dice_5: 0.7672  loss_ce_6: 0.007586  loss_mask_6: 0.06185  loss_dice_6: 0.7585  loss_ce_7: 0.005937  loss_mask_7: 0.06168  loss_dice_7: 0.7393  loss_ce_8: 0.006615  loss_mask_8: 0.06335  loss_dice_8: 0.8025    time: 0.8060  last_time: 0.8063  data_time: 0.1419  last_data_time: 0.1419   lr: 1.6461e-05  max_mem: 12316M
[03/19 03:11:28 d2.utils.events]:  eta: 1:42:26  iter: 12239  total_loss: 6.919  loss_ce: 0.01614  loss_mask: 0.02811  loss_dice: 0.5908  loss_ce_0: 0.1228  loss_mask_0: 0.03458  loss_dice_0: 0.8076  loss_ce_1: 0.1379  loss_mask_1: 0.03217  loss_dice_1: 0.6696  loss_ce_2: 0.02855  loss_mask_2: 0.0362  loss_dice_2: 0.6363  loss_ce_3: 0.02175  loss_mask_3: 0.04031  loss_dice_3: 0.6144  loss_ce_4: 0.01572  loss_mask_4: 0.02711  loss_dice_4: 0.51  loss_ce_5: 0.01485  loss_mask_5: 0.02712  loss_dice_5: 0.5364  loss_ce_6: 0.01676  loss_mask_6: 0.03526  loss_dice_6: 0.596  loss_ce_7: 0.01436  loss_mask_7: 0.03346  loss_dice_7: 0.6058  loss_ce_8: 0.01414  loss_mask_8: 0.03566  loss_dice_8: 0.6196    time: 0.8059  last_time: 0.7337  data_time: 0.0707  last_data_time: 0.0707   lr: 1.6388e-05  max_mem: 12316M
[03/19 03:11:44 d2.utils.events]:  eta: 1:42:09  iter: 12259  total_loss: 7.112  loss_ce: 0.01301  loss_mask: 0.04983  loss_dice: 0.6174  loss_ce_0: 0.1346  loss_mask_0: 0.04597  loss_dice_0: 0.8875  loss_ce_1: 0.01884  loss_mask_1: 0.04594  loss_dice_1: 0.5797  loss_ce_2: 0.01488  loss_mask_2: 0.05782  loss_dice_2: 0.6177  loss_ce_3: 0.01299  loss_mask_3: 0.04563  loss_dice_3: 0.6484  loss_ce_4: 0.01228  loss_mask_4: 0.04944  loss_dice_4: 0.5562  loss_ce_5: 0.01181  loss_mask_5: 0.05302  loss_dice_5: 0.6488  loss_ce_6: 0.0126  loss_mask_6: 0.04615  loss_dice_6: 0.5892  loss_ce_7: 0.01276  loss_mask_7: 0.05098  loss_dice_7: 0.6088  loss_ce_8: 0.01335  loss_mask_8: 0.04985  loss_dice_8: 0.6062    time: 0.8059  last_time: 0.8629  data_time: 0.2062  last_data_time: 0.2062   lr: 1.6314e-05  max_mem: 12316M
[03/19 03:12:00 d2.utils.events]:  eta: 1:41:54  iter: 12279  total_loss: 9.885  loss_ce: 0.07866  loss_mask: 0.03783  loss_dice: 0.9605  loss_ce_0: 0.2807  loss_mask_0: 0.03887  loss_dice_0: 0.9886  loss_ce_1: 0.06832  loss_mask_1: 0.03843  loss_dice_1: 0.7034  loss_ce_2: 0.05545  loss_mask_2: 0.04191  loss_dice_2: 0.8797  loss_ce_3: 0.05245  loss_mask_3: 0.04127  loss_dice_3: 1.024  loss_ce_4: 0.02623  loss_mask_4: 0.03065  loss_dice_4: 0.823  loss_ce_5: 0.05174  loss_mask_5: 0.04007  loss_dice_5: 0.8599  loss_ce_6: 0.04599  loss_mask_6: 0.03035  loss_dice_6: 0.7831  loss_ce_7: 0.03126  loss_mask_7: 0.03781  loss_dice_7: 0.961  loss_ce_8: 0.03532  loss_mask_8: 0.03673  loss_dice_8: 0.8011    time: 0.8059  last_time: 0.8245  data_time: 0.1609  last_data_time: 0.1609   lr: 1.624e-05  max_mem: 12316M
[03/19 03:12:16 d2.utils.events]:  eta: 1:41:42  iter: 12299  total_loss: 6.917  loss_ce: 0.01457  loss_mask: 0.03993  loss_dice: 0.5512  loss_ce_0: 0.5997  loss_mask_0: 0.05195  loss_dice_0: 0.6475  loss_ce_1: 0.03715  loss_mask_1: 0.04428  loss_dice_1: 0.702  loss_ce_2: 0.0404  loss_mask_2: 0.03998  loss_dice_2: 0.5774  loss_ce_3: 0.02419  loss_mask_3: 0.03888  loss_dice_3: 0.5635  loss_ce_4: 0.0193  loss_mask_4: 0.03577  loss_dice_4: 0.543  loss_ce_5: 0.01713  loss_mask_5: 0.03709  loss_dice_5: 0.5348  loss_ce_6: 0.0149  loss_mask_6: 0.03858  loss_dice_6: 0.5112  loss_ce_7: 0.01511  loss_mask_7: 0.0376  loss_dice_7: 0.5453  loss_ce_8: 0.01465  loss_mask_8: 0.03861  loss_dice_8: 0.5411    time: 0.8059  last_time: 0.7976  data_time: 0.1238  last_data_time: 0.1238   lr: 1.6167e-05  max_mem: 12316M
[03/19 03:12:32 d2.utils.events]:  eta: 1:41:24  iter: 12319  total_loss: 7.214  loss_ce: 0.01881  loss_mask: 0.036  loss_dice: 0.5776  loss_ce_0: 0.1974  loss_mask_0: 0.06032  loss_dice_0: 0.7934  loss_ce_1: 0.02897  loss_mask_1: 0.04459  loss_dice_1: 0.7093  loss_ce_2: 0.02204  loss_mask_2: 0.03414  loss_dice_2: 0.5746  loss_ce_3: 0.02186  loss_mask_3: 0.0414  loss_dice_3: 0.6581  loss_ce_4: 0.01908  loss_mask_4: 0.04004  loss_dice_4: 0.6854  loss_ce_5: 0.01794  loss_mask_5: 0.03768  loss_dice_5: 0.5671  loss_ce_6: 0.01975  loss_mask_6: 0.04357  loss_dice_6: 0.6574  loss_ce_7: 0.02028  loss_mask_7: 0.03805  loss_dice_7: 0.6035  loss_ce_8: 0.0187  loss_mask_8: 0.03709  loss_dice_8: 0.5901    time: 0.8058  last_time: 0.8600  data_time: 0.1945  last_data_time: 0.1945   lr: 1.6093e-05  max_mem: 12316M
[03/19 03:12:48 d2.utils.events]:  eta: 1:41:05  iter: 12339  total_loss: 7.776  loss_ce: 0.009199  loss_mask: 0.03476  loss_dice: 0.6748  loss_ce_0: 0.2297  loss_mask_0: 0.06057  loss_dice_0: 0.9611  loss_ce_1: 0.008149  loss_mask_1: 0.04096  loss_dice_1: 0.6604  loss_ce_2: 0.004914  loss_mask_2: 0.04626  loss_dice_2: 0.8523  loss_ce_3: 0.1061  loss_mask_3: 0.03697  loss_dice_3: 0.6623  loss_ce_4: 0.04201  loss_mask_4: 0.03236  loss_dice_4: 0.6109  loss_ce_5: 0.03463  loss_mask_5: 0.03676  loss_dice_5: 0.6312  loss_ce_6: 0.01528  loss_mask_6: 0.03717  loss_dice_6: 0.607  loss_ce_7: 0.01131  loss_mask_7: 0.03577  loss_dice_7: 0.6003  loss_ce_8: 0.008638  loss_mask_8: 0.03174  loss_dice_8: 0.6521    time: 0.8058  last_time: 0.9896  data_time: 0.2708  last_data_time: 0.2708   lr: 1.602e-05  max_mem: 12316M
[03/19 03:13:04 d2.utils.events]:  eta: 1:40:47  iter: 12359  total_loss: 9.33  loss_ce: 0.03253  loss_mask: 0.03248  loss_dice: 1.071  loss_ce_0: 0.07437  loss_mask_0: 0.04534  loss_dice_0: 1.212  loss_ce_1: 0.03828  loss_mask_1: 0.03428  loss_dice_1: 0.6772  loss_ce_2: 0.04834  loss_mask_2: 0.03693  loss_dice_2: 0.7701  loss_ce_3: 0.03726  loss_mask_3: 0.03861  loss_dice_3: 0.7754  loss_ce_4: 0.03333  loss_mask_4: 0.03825  loss_dice_4: 0.9024  loss_ce_5: 0.04231  loss_mask_5: 0.03728  loss_dice_5: 0.6913  loss_ce_6: 0.03864  loss_mask_6: 0.03802  loss_dice_6: 0.788  loss_ce_7: 0.04006  loss_mask_7: 0.03801  loss_dice_7: 0.8407  loss_ce_8: 0.03482  loss_mask_8: 0.03621  loss_dice_8: 0.8067    time: 0.8058  last_time: 0.8052  data_time: 0.1331  last_data_time: 0.1331   lr: 1.5947e-05  max_mem: 12316M
[03/19 03:13:20 d2.utils.events]:  eta: 1:40:33  iter: 12379  total_loss: 7.107  loss_ce: 0.01273  loss_mask: 0.04166  loss_dice: 0.5914  loss_ce_0: 0.3083  loss_mask_0: 0.04374  loss_dice_0: 0.5788  loss_ce_1: 0.02904  loss_mask_1: 0.04963  loss_dice_1: 0.6892  loss_ce_2: 0.1077  loss_mask_2: 0.04837  loss_dice_2: 0.6477  loss_ce_3: 0.0257  loss_mask_3: 0.05019  loss_dice_3: 0.5806  loss_ce_4: 0.0699  loss_mask_4: 0.04959  loss_dice_4: 0.5689  loss_ce_5: 0.01431  loss_mask_5: 0.04684  loss_dice_5: 0.6287  loss_ce_6: 0.08078  loss_mask_6: 0.04134  loss_dice_6: 0.5443  loss_ce_7: 0.01332  loss_mask_7: 0.04376  loss_dice_7: 0.5696  loss_ce_8: 0.01281  loss_mask_8: 0.03844  loss_dice_8: 0.5797    time: 0.8058  last_time: 0.8328  data_time: 0.1581  last_data_time: 0.1581   lr: 1.5874e-05  max_mem: 12316M
[03/19 03:13:37 d2.utils.events]:  eta: 1:40:16  iter: 12399  total_loss: 4.877  loss_ce: 0.01431  loss_mask: 0.03222  loss_dice: 0.4003  loss_ce_0: 0.2494  loss_mask_0: 0.03284  loss_dice_0: 0.5215  loss_ce_1: 0.04728  loss_mask_1: 0.03331  loss_dice_1: 0.3603  loss_ce_2: 0.02383  loss_mask_2: 0.02958  loss_dice_2: 0.3269  loss_ce_3: 0.02424  loss_mask_3: 0.03385  loss_dice_3: 0.4451  loss_ce_4: 0.01956  loss_mask_4: 0.03099  loss_dice_4: 0.3683  loss_ce_5: 0.01655  loss_mask_5: 0.0333  loss_dice_5: 0.515  loss_ce_6: 0.01345  loss_mask_6: 0.0324  loss_dice_6: 0.4101  loss_ce_7: 0.01248  loss_mask_7: 0.02712  loss_dice_7: 0.3989  loss_ce_8: 0.01301  loss_mask_8: 0.03133  loss_dice_8: 0.3794    time: 0.8058  last_time: 0.8707  data_time: 0.2006  last_data_time: 0.2006   lr: 1.5801e-05  max_mem: 12316M
[03/19 03:13:53 d2.utils.events]:  eta: 1:39:59  iter: 12419  total_loss: 6.843  loss_ce: 0.005855  loss_mask: 0.02703  loss_dice: 0.6932  loss_ce_0: 0.1688  loss_mask_0: 0.02524  loss_dice_0: 0.7909  loss_ce_1: 0.01928  loss_mask_1: 0.02071  loss_dice_1: 0.6189  loss_ce_2: 0.007214  loss_mask_2: 0.02279  loss_dice_2: 0.6132  loss_ce_3: 0.005046  loss_mask_3: 0.02471  loss_dice_3: 0.5541  loss_ce_4: 0.005805  loss_mask_4: 0.02513  loss_dice_4: 0.6037  loss_ce_5: 0.006071  loss_mask_5: 0.02336  loss_dice_5: 0.6171  loss_ce_6: 0.005501  loss_mask_6: 0.02572  loss_dice_6: 0.6358  loss_ce_7: 0.005511  loss_mask_7: 0.02053  loss_dice_7: 0.5681  loss_ce_8: 0.005257  loss_mask_8: 0.01871  loss_dice_8: 0.6797    time: 0.8058  last_time: 0.8268  data_time: 0.1542  last_data_time: 0.1542   lr: 1.5728e-05  max_mem: 12316M
[03/19 03:14:10 d2.utils.events]:  eta: 1:39:41  iter: 12439  total_loss: 11.59  loss_ce: 0.03659  loss_mask: 0.06066  loss_dice: 0.9958  loss_ce_0: 0.3107  loss_mask_0: 0.07683  loss_dice_0: 1.122  loss_ce_1: 0.09571  loss_mask_1: 0.07272  loss_dice_1: 1.012  loss_ce_2: 0.08967  loss_mask_2: 0.0636  loss_dice_2: 1.046  loss_ce_3: 0.08473  loss_mask_3: 0.05682  loss_dice_3: 0.9514  loss_ce_4: 0.05961  loss_mask_4: 0.06446  loss_dice_4: 0.9907  loss_ce_5: 0.06118  loss_mask_5: 0.05669  loss_dice_5: 0.9659  loss_ce_6: 0.07231  loss_mask_6: 0.05436  loss_dice_6: 0.9301  loss_ce_7: 0.1137  loss_mask_7: 0.05988  loss_dice_7: 1.019  loss_ce_8: 0.04323  loss_mask_8: 0.05882  loss_dice_8: 0.9656    time: 0.8058  last_time: 0.8754  data_time: 0.1916  last_data_time: 0.1916   lr: 1.5655e-05  max_mem: 12316M
[03/19 03:14:26 d2.utils.events]:  eta: 1:39:27  iter: 12459  total_loss: 5.791  loss_ce: 0.01504  loss_mask: 0.04209  loss_dice: 0.5065  loss_ce_0: 0.1315  loss_mask_0: 0.06001  loss_dice_0: 0.7209  loss_ce_1: 0.01629  loss_mask_1: 0.03664  loss_dice_1: 0.4106  loss_ce_2: 0.01524  loss_mask_2: 0.0419  loss_dice_2: 0.4451  loss_ce_3: 0.0143  loss_mask_3: 0.05006  loss_dice_3: 0.5554  loss_ce_4: 0.01332  loss_mask_4: 0.04889  loss_dice_4: 0.5186  loss_ce_5: 0.01543  loss_mask_5: 0.04693  loss_dice_5: 0.4667  loss_ce_6: 0.01575  loss_mask_6: 0.04519  loss_dice_6: 0.4441  loss_ce_7: 0.01657  loss_mask_7: 0.04353  loss_dice_7: 0.5435  loss_ce_8: 0.0146  loss_mask_8: 0.04275  loss_dice_8: 0.4535    time: 0.8058  last_time: 0.8227  data_time: 0.1549  last_data_time: 0.1549   lr: 1.5582e-05  max_mem: 12316M
[03/19 03:14:42 d2.utils.events]:  eta: 1:39:13  iter: 12479  total_loss: 7.568  loss_ce: 0.02772  loss_mask: 0.03985  loss_dice: 0.6642  loss_ce_0: 0.1553  loss_mask_0: 0.0549  loss_dice_0: 0.7792  loss_ce_1: 0.03087  loss_mask_1: 0.04493  loss_dice_1: 0.7859  loss_ce_2: 0.05257  loss_mask_2: 0.04713  loss_dice_2: 0.6702  loss_ce_3: 0.06103  loss_mask_3: 0.03444  loss_dice_3: 0.6224  loss_ce_4: 0.05863  loss_mask_4: 0.03565  loss_dice_4: 0.7283  loss_ce_5: 0.0511  loss_mask_5: 0.03049  loss_dice_5: 0.5632  loss_ce_6: 0.04793  loss_mask_6: 0.03201  loss_dice_6: 0.6323  loss_ce_7: 0.04658  loss_mask_7: 0.03185  loss_dice_7: 0.5911  loss_ce_8: 0.04133  loss_mask_8: 0.03032  loss_dice_8: 0.5761    time: 0.8058  last_time: 0.8350  data_time: 0.1640  last_data_time: 0.1640   lr: 1.5509e-05  max_mem: 12316M
[03/19 03:14:59 d2.utils.events]:  eta: 1:38:58  iter: 12499  total_loss: 5.741  loss_ce: 0.01432  loss_mask: 0.02575  loss_dice: 0.476  loss_ce_0: 0.2943  loss_mask_0: 0.03494  loss_dice_0: 0.6462  loss_ce_1: 0.02497  loss_mask_1: 0.02826  loss_dice_1: 0.5161  loss_ce_2: 0.01626  loss_mask_2: 0.02711  loss_dice_2: 0.4896  loss_ce_3: 0.01244  loss_mask_3: 0.02663  loss_dice_3: 0.4908  loss_ce_4: 0.01194  loss_mask_4: 0.0238  loss_dice_4: 0.4627  loss_ce_5: 0.01212  loss_mask_5: 0.02374  loss_dice_5: 0.4596  loss_ce_6: 0.01198  loss_mask_6: 0.0257  loss_dice_6: 0.4942  loss_ce_7: 0.01308  loss_mask_7: 0.02448  loss_dice_7: 0.4968  loss_ce_8: 0.0141  loss_mask_8: 0.02745  loss_dice_8: 0.5156    time: 0.8059  last_time: 0.8499  data_time: 0.1630  last_data_time: 0.1630   lr: 1.5437e-05  max_mem: 12316M
[03/19 03:15:15 d2.utils.events]:  eta: 1:38:40  iter: 12519  total_loss: 9.563  loss_ce: 0.01273  loss_mask: 0.07308  loss_dice: 0.8976  loss_ce_0: 0.08807  loss_mask_0: 0.0763  loss_dice_0: 1.145  loss_ce_1: 0.02494  loss_mask_1: 0.06  loss_dice_1: 0.7929  loss_ce_2: 0.01195  loss_mask_2: 0.06613  loss_dice_2: 0.8568  loss_ce_3: 0.01033  loss_mask_3: 0.08227  loss_dice_3: 0.8163  loss_ce_4: 0.01123  loss_mask_4: 0.07294  loss_dice_4: 0.8179  loss_ce_5: 0.01217  loss_mask_5: 0.06849  loss_dice_5: 0.8948  loss_ce_6: 0.01199  loss_mask_6: 0.06797  loss_dice_6: 0.8636  loss_ce_7: 0.01254  loss_mask_7: 0.05279  loss_dice_7: 0.8198  loss_ce_8: 0.01159  loss_mask_8: 0.0619  loss_dice_8: 0.7688    time: 0.8059  last_time: 0.8769  data_time: 0.2075  last_data_time: 0.2075   lr: 1.5364e-05  max_mem: 12316M
[03/19 03:15:31 d2.utils.events]:  eta: 1:38:25  iter: 12539  total_loss: 7.043  loss_ce: 0.03549  loss_mask: 0.03396  loss_dice: 0.548  loss_ce_0: 0.3745  loss_mask_0: 0.04115  loss_dice_0: 0.7058  loss_ce_1: 0.05467  loss_mask_1: 0.03304  loss_dice_1: 0.5531  loss_ce_2: 0.04699  loss_mask_2: 0.03403  loss_dice_2: 0.6211  loss_ce_3: 0.04154  loss_mask_3: 0.02934  loss_dice_3: 0.5795  loss_ce_4: 0.04308  loss_mask_4: 0.03159  loss_dice_4: 0.5053  loss_ce_5: 0.03784  loss_mask_5: 0.03482  loss_dice_5: 0.5202  loss_ce_6: 0.04063  loss_mask_6: 0.03477  loss_dice_6: 0.6458  loss_ce_7: 0.03634  loss_mask_7: 0.03515  loss_dice_7: 0.6497  loss_ce_8: 0.0347  loss_mask_8: 0.03431  loss_dice_8: 0.6268    time: 0.8059  last_time: 0.8411  data_time: 0.1647  last_data_time: 0.1647   lr: 1.5292e-05  max_mem: 12316M
[03/19 03:15:48 d2.utils.events]:  eta: 1:38:08  iter: 12559  total_loss: 7.934  loss_ce: 0.007044  loss_mask: 0.05933  loss_dice: 0.6848  loss_ce_0: 0.1415  loss_mask_0: 0.05358  loss_dice_0: 0.732  loss_ce_1: 0.006806  loss_mask_1: 0.06157  loss_dice_1: 0.7204  loss_ce_2: 0.01604  loss_mask_2: 0.05065  loss_dice_2: 0.5979  loss_ce_3: 0.01447  loss_mask_3: 0.06218  loss_dice_3: 0.6754  loss_ce_4: 0.01356  loss_mask_4: 0.06673  loss_dice_4: 0.7659  loss_ce_5: 0.01023  loss_mask_5: 0.06699  loss_dice_5: 0.7933  loss_ce_6: 0.01552  loss_mask_6: 0.06045  loss_dice_6: 0.7013  loss_ce_7: 0.008319  loss_mask_7: 0.06064  loss_dice_7: 0.6692  loss_ce_8: 0.008004  loss_mask_8: 0.06022  loss_dice_8: 0.7504    time: 0.8059  last_time: 0.9079  data_time: 0.0894  last_data_time: 0.0894   lr: 1.5219e-05  max_mem: 12316M
[03/19 03:16:04 d2.utils.events]:  eta: 1:37:55  iter: 12579  total_loss: 9.031  loss_ce: 0.08934  loss_mask: 0.04325  loss_dice: 0.8746  loss_ce_0: 0.2444  loss_mask_0: 0.03469  loss_dice_0: 0.7662  loss_ce_1: 0.2243  loss_mask_1: 0.04675  loss_dice_1: 0.7127  loss_ce_2: 0.1901  loss_mask_2: 0.03748  loss_dice_2: 0.7586  loss_ce_3: 0.05896  loss_mask_3: 0.03798  loss_dice_3: 0.7041  loss_ce_4: 0.0824  loss_mask_4: 0.04135  loss_dice_4: 0.7118  loss_ce_5: 0.09795  loss_mask_5: 0.03353  loss_dice_5: 0.6244  loss_ce_6: 0.05235  loss_mask_6: 0.0358  loss_dice_6: 0.7297  loss_ce_7: 0.05256  loss_mask_7: 0.03564  loss_dice_7: 0.7624  loss_ce_8: 0.05441  loss_mask_8: 0.04774  loss_dice_8: 0.8459    time: 0.8059  last_time: 0.8373  data_time: 0.1555  last_data_time: 0.1555   lr: 1.5147e-05  max_mem: 12316M
[03/19 03:16:21 d2.utils.events]:  eta: 1:37:40  iter: 12599  total_loss: 5.82  loss_ce: 0.004605  loss_mask: 0.03243  loss_dice: 0.5236  loss_ce_0: 0.1445  loss_mask_0: 0.03792  loss_dice_0: 0.6288  loss_ce_1: 0.008878  loss_mask_1: 0.02912  loss_dice_1: 0.544  loss_ce_2: 0.007281  loss_mask_2: 0.02789  loss_dice_2: 0.4773  loss_ce_3: 0.01007  loss_mask_3: 0.02825  loss_dice_3: 0.4959  loss_ce_4: 0.008955  loss_mask_4: 0.03166  loss_dice_4: 0.5572  loss_ce_5: 0.005699  loss_mask_5: 0.02711  loss_dice_5: 0.4522  loss_ce_6: 0.004752  loss_mask_6: 0.03173  loss_dice_6: 0.5745  loss_ce_7: 0.004855  loss_mask_7: 0.03195  loss_dice_7: 0.5292  loss_ce_8: 0.004826  loss_mask_8: 0.0312  loss_dice_8: 0.5232    time: 0.8059  last_time: 0.8378  data_time: 0.1599  last_data_time: 0.1599   lr: 1.5075e-05  max_mem: 12316M
[03/19 03:16:37 d2.utils.events]:  eta: 1:37:24  iter: 12619  total_loss: 9.399  loss_ce: 0.08021  loss_mask: 0.03066  loss_dice: 0.5441  loss_ce_0: 0.2121  loss_mask_0: 0.03814  loss_dice_0: 1.004  loss_ce_1: 0.1001  loss_mask_1: 0.02888  loss_dice_1: 0.5883  loss_ce_2: 0.06778  loss_mask_2: 0.03016  loss_dice_2: 1.057  loss_ce_3: 0.05834  loss_mask_3: 0.03241  loss_dice_3: 0.7818  loss_ce_4: 0.07968  loss_mask_4: 0.03543  loss_dice_4: 0.7798  loss_ce_5: 0.03932  loss_mask_5: 0.03936  loss_dice_5: 1.077  loss_ce_6: 0.02065  loss_mask_6: 0.02439  loss_dice_6: 0.7693  loss_ce_7: 0.02163  loss_mask_7: 0.0276  loss_dice_7: 0.7003  loss_ce_8: 0.112  loss_mask_8: 0.02552  loss_dice_8: 0.9937    time: 0.8059  last_time: 0.8341  data_time: 0.1565  last_data_time: 0.1565   lr: 1.5003e-05  max_mem: 12316M
[03/19 03:16:54 d2.utils.events]:  eta: 1:37:11  iter: 12639  total_loss: 10.52  loss_ce: 0.07269  loss_mask: 0.02578  loss_dice: 0.6746  loss_ce_0: 0.234  loss_mask_0: 0.04516  loss_dice_0: 1.175  loss_ce_1: 0.09529  loss_mask_1: 0.0257  loss_dice_1: 0.9364  loss_ce_2: 0.09302  loss_mask_2: 0.02667  loss_dice_2: 0.6836  loss_ce_3: 0.04843  loss_mask_3: 0.02817  loss_dice_3: 1.005  loss_ce_4: 0.05514  loss_mask_4: 0.03158  loss_dice_4: 0.7904  loss_ce_5: 0.05337  loss_mask_5: 0.02459  loss_dice_5: 0.9308  loss_ce_6: 0.08476  loss_mask_6: 0.03062  loss_dice_6: 1.106  loss_ce_7: 0.0825  loss_mask_7: 0.02752  loss_dice_7: 1.13  loss_ce_8: 0.07845  loss_mask_8: 0.03274  loss_dice_8: 0.8925    time: 0.8059  last_time: 0.8569  data_time: 0.1942  last_data_time: 0.1942   lr: 1.4931e-05  max_mem: 12316M
[03/19 03:17:10 d2.utils.events]:  eta: 1:36:55  iter: 12659  total_loss: 6.196  loss_ce: 0.008158  loss_mask: 0.04181  loss_dice: 0.486  loss_ce_0: 0.1416  loss_mask_0: 0.06492  loss_dice_0: 0.6562  loss_ce_1: 0.01397  loss_mask_1: 0.04331  loss_dice_1: 0.5008  loss_ce_2: 0.008564  loss_mask_2: 0.04875  loss_dice_2: 0.5524  loss_ce_3: 0.008385  loss_mask_3: 0.0498  loss_dice_3: 0.5503  loss_ce_4: 0.007293  loss_mask_4: 0.04789  loss_dice_4: 0.5449  loss_ce_5: 0.006642  loss_mask_5: 0.05079  loss_dice_5: 0.5948  loss_ce_6: 0.007411  loss_mask_6: 0.0402  loss_dice_6: 0.4977  loss_ce_7: 0.008538  loss_mask_7: 0.04635  loss_dice_7: 0.5919  loss_ce_8: 0.008209  loss_mask_8: 0.04634  loss_dice_8: 0.5225    time: 0.8059  last_time: 0.8409  data_time: 0.1802  last_data_time: 0.1802   lr: 1.4859e-05  max_mem: 12316M
[03/19 03:17:27 d2.utils.events]:  eta: 1:36:41  iter: 12679  total_loss: 5.973  loss_ce: 0.005758  loss_mask: 0.02287  loss_dice: 0.4748  loss_ce_0: 0.18  loss_mask_0: 0.03011  loss_dice_0: 0.6422  loss_ce_1: 0.008567  loss_mask_1: 0.02134  loss_dice_1: 0.4415  loss_ce_2: 0.006433  loss_mask_2: 0.0276  loss_dice_2: 0.6457  loss_ce_3: 0.005059  loss_mask_3: 0.02712  loss_dice_3: 0.5081  loss_ce_4: 0.005686  loss_mask_4: 0.02172  loss_dice_4: 0.5154  loss_ce_5: 0.005081  loss_mask_5: 0.02663  loss_dice_5: 0.6022  loss_ce_6: 0.005679  loss_mask_6: 0.02556  loss_dice_6: 0.6146  loss_ce_7: 0.007892  loss_mask_7: 0.02079  loss_dice_7: 0.5398  loss_ce_8: 0.005657  loss_mask_8: 0.02201  loss_dice_8: 0.5074    time: 0.8059  last_time: 0.7939  data_time: 0.1312  last_data_time: 0.1312   lr: 1.4787e-05  max_mem: 12316M
[03/19 03:17:43 d2.utils.events]:  eta: 1:36:24  iter: 12699  total_loss: 10.8  loss_ce: 0.01133  loss_mask: 0.03507  loss_dice: 0.9271  loss_ce_0: 0.1841  loss_mask_0: 0.03198  loss_dice_0: 1.066  loss_ce_1: 0.07412  loss_mask_1: 0.03463  loss_dice_1: 1.054  loss_ce_2: 0.02018  loss_mask_2: 0.03301  loss_dice_2: 1.048  loss_ce_3: 0.01815  loss_mask_3: 0.03488  loss_dice_3: 1.077  loss_ce_4: 0.06282  loss_mask_4: 0.02992  loss_dice_4: 0.8456  loss_ce_5: 0.01366  loss_mask_5: 0.03203  loss_dice_5: 0.9964  loss_ce_6: 0.05373  loss_mask_6: 0.03374  loss_dice_6: 0.9402  loss_ce_7: 0.01358  loss_mask_7: 0.03608  loss_dice_7: 0.9699  loss_ce_8: 0.0317  loss_mask_8: 0.03664  loss_dice_8: 1.059    time: 0.8059  last_time: 0.7647  data_time: 0.0902  last_data_time: 0.0902   lr: 1.4716e-05  max_mem: 12316M
[03/19 03:17:59 d2.utils.events]:  eta: 1:36:08  iter: 12719  total_loss: 6.072  loss_ce: 0.007871  loss_mask: 0.05591  loss_dice: 0.5551  loss_ce_0: 0.2471  loss_mask_0: 0.06913  loss_dice_0: 0.5621  loss_ce_1: 0.02741  loss_mask_1: 0.05115  loss_dice_1: 0.5774  loss_ce_2: 0.00786  loss_mask_2: 0.04859  loss_dice_2: 0.4827  loss_ce_3: 0.006512  loss_mask_3: 0.0534  loss_dice_3: 0.5298  loss_ce_4: 0.008015  loss_mask_4: 0.05267  loss_dice_4: 0.5083  loss_ce_5: 0.007558  loss_mask_5: 0.04838  loss_dice_5: 0.5065  loss_ce_6: 0.007825  loss_mask_6: 0.05177  loss_dice_6: 0.465  loss_ce_7: 0.008197  loss_mask_7: 0.04626  loss_dice_7: 0.4965  loss_ce_8: 0.008223  loss_mask_8: 0.04908  loss_dice_8: 0.5253    time: 0.8059  last_time: 0.8211  data_time: 0.1533  last_data_time: 0.1533   lr: 1.4644e-05  max_mem: 12316M
[03/19 03:18:16 d2.utils.events]:  eta: 1:35:54  iter: 12739  total_loss: 7.677  loss_ce: 0.01542  loss_mask: 0.03031  loss_dice: 0.7647  loss_ce_0: 0.2938  loss_mask_0: 0.03224  loss_dice_0: 0.5196  loss_ce_1: 0.09513  loss_mask_1: 0.02856  loss_dice_1: 0.5427  loss_ce_2: 0.0218  loss_mask_2: 0.03176  loss_dice_2: 0.8288  loss_ce_3: 0.1288  loss_mask_3: 0.02891  loss_dice_3: 0.5225  loss_ce_4: 0.0771  loss_mask_4: 0.02839  loss_dice_4: 0.5514  loss_ce_5: 0.01975  loss_mask_5: 0.03216  loss_dice_5: 0.9407  loss_ce_6: 0.019  loss_mask_6: 0.03485  loss_dice_6: 0.9484  loss_ce_7: 0.056  loss_mask_7: 0.0301  loss_dice_7: 0.5224  loss_ce_8: 0.05451  loss_mask_8: 0.02614  loss_dice_8: 0.4511    time: 0.8059  last_time: 0.7943  data_time: 0.1247  last_data_time: 0.1247   lr: 1.4573e-05  max_mem: 12316M
[03/19 03:18:32 d2.utils.events]:  eta: 1:35:43  iter: 12759  total_loss: 7.713  loss_ce: 0.00594  loss_mask: 0.03718  loss_dice: 0.7675  loss_ce_0: 0.08653  loss_mask_0: 0.05054  loss_dice_0: 0.8671  loss_ce_1: 0.01202  loss_mask_1: 0.03167  loss_dice_1: 0.6674  loss_ce_2: 0.01076  loss_mask_2: 0.0348  loss_dice_2: 0.6636  loss_ce_3: 0.008373  loss_mask_3: 0.03885  loss_dice_3: 0.7262  loss_ce_4: 0.006606  loss_mask_4: 0.03822  loss_dice_4: 0.7061  loss_ce_5: 0.006153  loss_mask_5: 0.03647  loss_dice_5: 0.6698  loss_ce_6: 0.006038  loss_mask_6: 0.0374  loss_dice_6: 0.6282  loss_ce_7: 0.006157  loss_mask_7: 0.04141  loss_dice_7: 0.7999  loss_ce_8: 0.006078  loss_mask_8: 0.03462  loss_dice_8: 0.6817    time: 0.8060  last_time: 0.9178  data_time: 0.2440  last_data_time: 0.2440   lr: 1.4501e-05  max_mem: 12316M
[03/19 03:18:49 d2.utils.events]:  eta: 1:35:31  iter: 12779  total_loss: 6.407  loss_ce: 0.01289  loss_mask: 0.04543  loss_dice: 0.5218  loss_ce_0: 0.2013  loss_mask_0: 0.09517  loss_dice_0: 0.7213  loss_ce_1: 0.01555  loss_mask_1: 0.05025  loss_dice_1: 0.6007  loss_ce_2: 0.01467  loss_mask_2: 0.04551  loss_dice_2: 0.5134  loss_ce_3: 0.01472  loss_mask_3: 0.0465  loss_dice_3: 0.5459  loss_ce_4: 0.01367  loss_mask_4: 0.04952  loss_dice_4: 0.5084  loss_ce_5: 0.01439  loss_mask_5: 0.04684  loss_dice_5: 0.5238  loss_ce_6: 0.01493  loss_mask_6: 0.0455  loss_dice_6: 0.5095  loss_ce_7: 0.01376  loss_mask_7: 0.05175  loss_dice_7: 0.5557  loss_ce_8: 0.01304  loss_mask_8: 0.04487  loss_dice_8: 0.5558    time: 0.8060  last_time: 0.8786  data_time: 0.1901  last_data_time: 0.1901   lr: 1.443e-05  max_mem: 12316M
[03/19 03:19:06 d2.utils.events]:  eta: 1:35:16  iter: 12799  total_loss: 10.96  loss_ce: 0.03697  loss_mask: 0.0352  loss_dice: 1.089  loss_ce_0: 0.1957  loss_mask_0: 0.04215  loss_dice_0: 1.047  loss_ce_1: 0.1116  loss_mask_1: 0.03635  loss_dice_1: 0.9659  loss_ce_2: 0.1149  loss_mask_2: 0.04457  loss_dice_2: 0.895  loss_ce_3: 0.03913  loss_mask_3: 0.04919  loss_dice_3: 0.7843  loss_ce_4: 0.07135  loss_mask_4: 0.0282  loss_dice_4: 0.5708  loss_ce_5: 0.03789  loss_mask_5: 0.04036  loss_dice_5: 1.16  loss_ce_6: 0.03882  loss_mask_6: 0.0379  loss_dice_6: 1.073  loss_ce_7: 0.04098  loss_mask_7: 0.03381  loss_dice_7: 1.163  loss_ce_8: 0.03965  loss_mask_8: 0.03248  loss_dice_8: 1.099    time: 0.8060  last_time: 0.7890  data_time: 0.1221  last_data_time: 0.1221   lr: 1.4359e-05  max_mem: 12316M
[03/19 03:19:22 d2.utils.events]:  eta: 1:35:02  iter: 12819  total_loss: 4.496  loss_ce: 0.01146  loss_mask: 0.03496  loss_dice: 0.3437  loss_ce_0: 0.07596  loss_mask_0: 0.04962  loss_dice_0: 0.436  loss_ce_1: 0.0144  loss_mask_1: 0.03607  loss_dice_1: 0.4072  loss_ce_2: 0.01586  loss_mask_2: 0.04043  loss_dice_2: 0.3964  loss_ce_3: 0.01402  loss_mask_3: 0.03631  loss_dice_3: 0.3778  loss_ce_4: 0.01351  loss_mask_4: 0.03732  loss_dice_4: 0.3953  loss_ce_5: 0.01336  loss_mask_5: 0.03556  loss_dice_5: 0.3912  loss_ce_6: 0.0122  loss_mask_6: 0.03447  loss_dice_6: 0.3029  loss_ce_7: 0.01179  loss_mask_7: 0.04331  loss_dice_7: 0.4129  loss_ce_8: 0.01192  loss_mask_8: 0.03814  loss_dice_8: 0.4518    time: 0.8060  last_time: 0.8161  data_time: 0.1530  last_data_time: 0.1530   lr: 1.4288e-05  max_mem: 12316M
[03/19 03:19:38 d2.utils.events]:  eta: 1:34:48  iter: 12839  total_loss: 5.38  loss_ce: 0.07386  loss_mask: 0.04046  loss_dice: 0.3682  loss_ce_0: 0.2321  loss_mask_0: 0.05327  loss_dice_0: 0.3941  loss_ce_1: 0.0808  loss_mask_1: 0.03816  loss_dice_1: 0.354  loss_ce_2: 0.05047  loss_mask_2: 0.03793  loss_dice_2: 0.3635  loss_ce_3: 0.02601  loss_mask_3: 0.0426  loss_dice_3: 0.6444  loss_ce_4: 0.02795  loss_mask_4: 0.03814  loss_dice_4: 0.5563  loss_ce_5: 0.06057  loss_mask_5: 0.04149  loss_dice_5: 0.3189  loss_ce_6: 0.05482  loss_mask_6: 0.04455  loss_dice_6: 0.3974  loss_ce_7: 0.05346  loss_mask_7: 0.03848  loss_dice_7: 0.3571  loss_ce_8: 0.02278  loss_mask_8: 0.03876  loss_dice_8: 0.5292    time: 0.8060  last_time: 1.1128  data_time: 0.1603  last_data_time: 0.1603   lr: 1.4217e-05  max_mem: 12316M
[03/19 03:19:55 d2.utils.events]:  eta: 1:34:33  iter: 12859  total_loss: 4.906  loss_ce: 0.003936  loss_mask: 0.03371  loss_dice: 0.3772  loss_ce_0: 0.198  loss_mask_0: 0.05146  loss_dice_0: 0.6021  loss_ce_1: 0.01729  loss_mask_1: 0.03938  loss_dice_1: 0.4513  loss_ce_2: 0.008654  loss_mask_2: 0.03733  loss_dice_2: 0.4229  loss_ce_3: 0.00412  loss_mask_3: 0.0323  loss_dice_3: 0.3615  loss_ce_4: 0.004805  loss_mask_4: 0.03258  loss_dice_4: 0.3943  loss_ce_5: 0.004711  loss_mask_5: 0.03595  loss_dice_5: 0.4372  loss_ce_6: 0.004503  loss_mask_6: 0.03536  loss_dice_6: 0.4273  loss_ce_7: 0.00465  loss_mask_7: 0.03579  loss_dice_7: 0.42  loss_ce_8: 0.004199  loss_mask_8: 0.03489  loss_dice_8: 0.389    time: 0.8060  last_time: 0.8399  data_time: 0.1744  last_data_time: 0.1744   lr: 1.4146e-05  max_mem: 12316M
[03/19 03:20:11 d2.utils.events]:  eta: 1:34:16  iter: 12879  total_loss: 4.99  loss_ce: 0.006761  loss_mask: 0.04161  loss_dice: 0.4393  loss_ce_0: 0.1262  loss_mask_0: 0.04736  loss_dice_0: 0.4423  loss_ce_1: 0.01045  loss_mask_1: 0.04263  loss_dice_1: 0.5674  loss_ce_2: 0.007995  loss_mask_2: 0.04211  loss_dice_2: 0.3933  loss_ce_3: 0.007617  loss_mask_3: 0.03922  loss_dice_3: 0.3783  loss_ce_4: 0.005377  loss_mask_4: 0.03902  loss_dice_4: 0.4208  loss_ce_5: 0.005178  loss_mask_5: 0.03806  loss_dice_5: 0.4455  loss_ce_6: 0.006637  loss_mask_6: 0.03736  loss_dice_6: 0.4558  loss_ce_7: 0.006012  loss_mask_7: 0.04277  loss_dice_7: 0.4143  loss_ce_8: 0.006155  loss_mask_8: 0.03616  loss_dice_8: 0.4387    time: 0.8060  last_time: 0.8728  data_time: 0.2073  last_data_time: 0.2073   lr: 1.4076e-05  max_mem: 12316M
[03/19 03:20:27 d2.utils.events]:  eta: 1:33:59  iter: 12899  total_loss: 6.06  loss_ce: 0.00981  loss_mask: 0.04524  loss_dice: 0.6062  loss_ce_0: 0.07922  loss_mask_0: 0.04417  loss_dice_0: 0.5428  loss_ce_1: 0.01147  loss_mask_1: 0.03631  loss_dice_1: 0.5387  loss_ce_2: 0.01248  loss_mask_2: 0.04167  loss_dice_2: 0.5342  loss_ce_3: 0.01263  loss_mask_3: 0.03926  loss_dice_3: 0.4996  loss_ce_4: 0.01079  loss_mask_4: 0.03803  loss_dice_4: 0.5165  loss_ce_5: 0.01001  loss_mask_5: 0.04499  loss_dice_5: 0.5802  loss_ce_6: 0.01  loss_mask_6: 0.0362  loss_dice_6: 0.5404  loss_ce_7: 0.01037  loss_mask_7: 0.04086  loss_dice_7: 0.5317  loss_ce_8: 0.01026  loss_mask_8: 0.04679  loss_dice_8: 0.5788    time: 0.8060  last_time: 0.7186  data_time: 0.0540  last_data_time: 0.0540   lr: 1.4005e-05  max_mem: 12316M
[03/19 03:20:44 d2.utils.events]:  eta: 1:33:45  iter: 12919  total_loss: 7.909  loss_ce: 0.01935  loss_mask: 0.03347  loss_dice: 0.7234  loss_ce_0: 0.1119  loss_mask_0: 0.04029  loss_dice_0: 0.8034  loss_ce_1: 0.06102  loss_mask_1: 0.03612  loss_dice_1: 0.6644  loss_ce_2: 0.02261  loss_mask_2: 0.03065  loss_dice_2: 0.6265  loss_ce_3: 0.02005  loss_mask_3: 0.03342  loss_dice_3: 0.7162  loss_ce_4: 0.01978  loss_mask_4: 0.03074  loss_dice_4: 0.702  loss_ce_5: 0.01826  loss_mask_5: 0.03846  loss_dice_5: 0.7355  loss_ce_6: 0.01788  loss_mask_6: 0.03761  loss_dice_6: 0.8644  loss_ce_7: 0.01688  loss_mask_7: 0.02771  loss_dice_7: 0.6857  loss_ce_8: 0.01638  loss_mask_8: 0.03234  loss_dice_8: 0.7221    time: 0.8061  last_time: 0.8440  data_time: 0.1717  last_data_time: 0.1717   lr: 1.3935e-05  max_mem: 12316M
[03/19 03:21:01 d2.utils.events]:  eta: 1:33:28  iter: 12939  total_loss: 6.531  loss_ce: 0.007336  loss_mask: 0.04262  loss_dice: 0.588  loss_ce_0: 0.2255  loss_mask_0: 0.05576  loss_dice_0: 0.7177  loss_ce_1: 0.02253  loss_mask_1: 0.04465  loss_dice_1: 0.6048  loss_ce_2: 0.017  loss_mask_2: 0.04074  loss_dice_2: 0.5467  loss_ce_3: 0.01158  loss_mask_3: 0.03804  loss_dice_3: 0.527  loss_ce_4: 0.008546  loss_mask_4: 0.03968  loss_dice_4: 0.5365  loss_ce_5: 0.007599  loss_mask_5: 0.04275  loss_dice_5: 0.6309  loss_ce_6: 0.008549  loss_mask_6: 0.04118  loss_dice_6: 0.5599  loss_ce_7: 0.008575  loss_mask_7: 0.04059  loss_dice_7: 0.5501  loss_ce_8: 0.008273  loss_mask_8: 0.04006  loss_dice_8: 0.5176    time: 0.8061  last_time: 0.8367  data_time: 0.1676  last_data_time: 0.1676   lr: 1.3864e-05  max_mem: 12316M
[03/19 03:21:17 d2.utils.events]:  eta: 1:33:14  iter: 12959  total_loss: 7.494  loss_ce: 0.01337  loss_mask: 0.05511  loss_dice: 0.588  loss_ce_0: 0.2566  loss_mask_0: 0.177  loss_dice_0: 0.7018  loss_ce_1: 0.02748  loss_mask_1: 0.05184  loss_dice_1: 0.6484  loss_ce_2: 0.0197  loss_mask_2: 0.05644  loss_dice_2: 0.6282  loss_ce_3: 0.01795  loss_mask_3: 0.0573  loss_dice_3: 0.6473  loss_ce_4: 0.09995  loss_mask_4: 0.0535  loss_dice_4: 0.5104  loss_ce_5: 0.01267  loss_mask_5: 0.062  loss_dice_5: 0.6837  loss_ce_6: 0.1197  loss_mask_6: 0.05382  loss_dice_6: 0.5232  loss_ce_7: 0.01145  loss_mask_7: 0.05668  loss_dice_7: 0.6346  loss_ce_8: 0.01334  loss_mask_8: 0.0577  loss_dice_8: 0.655    time: 0.8060  last_time: 0.8218  data_time: 0.1527  last_data_time: 0.1527   lr: 1.3794e-05  max_mem: 12316M
[03/19 03:21:33 d2.utils.events]:  eta: 1:32:58  iter: 12979  total_loss: 6.162  loss_ce: 0.003174  loss_mask: 0.05315  loss_dice: 0.5106  loss_ce_0: 0.09026  loss_mask_0: 0.05761  loss_dice_0: 0.5909  loss_ce_1: 0.004375  loss_mask_1: 0.05335  loss_dice_1: 0.5414  loss_ce_2: 0.005459  loss_mask_2: 0.05417  loss_dice_2: 0.526  loss_ce_3: 0.003769  loss_mask_3: 0.04712  loss_dice_3: 0.4996  loss_ce_4: 0.003668  loss_mask_4: 0.04317  loss_dice_4: 0.5293  loss_ce_5: 0.00354  loss_mask_5: 0.0538  loss_dice_5: 0.5566  loss_ce_6: 0.003223  loss_mask_6: 0.05134  loss_dice_6: 0.6113  loss_ce_7: 0.00338  loss_mask_7: 0.05182  loss_dice_7: 0.6496  loss_ce_8: 0.003449  loss_mask_8: 0.03887  loss_dice_8: 0.5184    time: 0.8061  last_time: 0.8143  data_time: 0.1323  last_data_time: 0.1323   lr: 1.3724e-05  max_mem: 12316M
[03/19 03:21:50 d2.utils.events]:  eta: 1:32:41  iter: 12999  total_loss: 5.658  loss_ce: 0.00166  loss_mask: 0.043  loss_dice: 0.4687  loss_ce_0: 0.09193  loss_mask_0: 0.05018  loss_dice_0: 0.5259  loss_ce_1: 0.003147  loss_mask_1: 0.04692  loss_dice_1: 0.5355  loss_ce_2: 0.004319  loss_mask_2: 0.04847  loss_dice_2: 0.4906  loss_ce_3: 0.00187  loss_mask_3: 0.04231  loss_dice_3: 0.4972  loss_ce_4: 0.001733  loss_mask_4: 0.04595  loss_dice_4: 0.4658  loss_ce_5: 0.001799  loss_mask_5: 0.04201  loss_dice_5: 0.5137  loss_ce_6: 0.002049  loss_mask_6: 0.04422  loss_dice_6: 0.5165  loss_ce_7: 0.001883  loss_mask_7: 0.0503  loss_dice_7: 0.5301  loss_ce_8: 0.001934  loss_mask_8: 0.05008  loss_dice_8: 0.5384    time: 0.8061  last_time: 0.7786  data_time: 0.1075  last_data_time: 0.1075   lr: 1.3654e-05  max_mem: 12316M
[03/19 03:22:06 d2.utils.events]:  eta: 1:32:26  iter: 13019  total_loss: 5.29  loss_ce: 0.03469  loss_mask: 0.01918  loss_dice: 0.5113  loss_ce_0: 0.1996  loss_mask_0: 0.02364  loss_dice_0: 0.7075  loss_ce_1: 0.07184  loss_mask_1: 0.0214  loss_dice_1: 0.385  loss_ce_2: 0.02986  loss_mask_2: 0.01971  loss_dice_2: 0.4181  loss_ce_3: 0.02853  loss_mask_3: 0.01519  loss_dice_3: 0.3981  loss_ce_4: 0.03432  loss_mask_4: 0.01775  loss_dice_4: 0.3852  loss_ce_5: 0.03676  loss_mask_5: 0.02005  loss_dice_5: 0.6616  loss_ce_6: 0.03644  loss_mask_6: 0.02015  loss_dice_6: 0.3316  loss_ce_7: 0.03823  loss_mask_7: 0.02188  loss_dice_7: 0.3636  loss_ce_8: 0.03322  loss_mask_8: 0.01865  loss_dice_8: 0.3865    time: 0.8061  last_time: 0.7818  data_time: 0.1298  last_data_time: 0.1298   lr: 1.3584e-05  max_mem: 12316M
[03/19 03:22:22 d2.utils.events]:  eta: 1:32:09  iter: 13039  total_loss: 7.223  loss_ce: 0.09605  loss_mask: 0.03809  loss_dice: 0.5829  loss_ce_0: 0.1544  loss_mask_0: 0.05959  loss_dice_0: 0.658  loss_ce_1: 0.01904  loss_mask_1: 0.0527  loss_dice_1: 0.6395  loss_ce_2: 0.01711  loss_mask_2: 0.04316  loss_dice_2: 0.6422  loss_ce_3: 0.01448  loss_mask_3: 0.04643  loss_dice_3: 0.6607  loss_ce_4: 0.04445  loss_mask_4: 0.04426  loss_dice_4: 0.6708  loss_ce_5: 0.0114  loss_mask_5: 0.04672  loss_dice_5: 0.6447  loss_ce_6: 0.0122  loss_mask_6: 0.04797  loss_dice_6: 0.6241  loss_ce_7: 0.009827  loss_mask_7: 0.04431  loss_dice_7: 0.6176  loss_ce_8: 0.01057  loss_mask_8: 0.04798  loss_dice_8: 0.6213    time: 0.8061  last_time: 1.0036  data_time: 0.3212  last_data_time: 0.3212   lr: 1.3514e-05  max_mem: 12316M
[03/19 03:22:38 d2.utils.events]:  eta: 1:31:51  iter: 13059  total_loss: 7.358  loss_ce: 0.01842  loss_mask: 0.02533  loss_dice: 0.6183  loss_ce_0: 0.1402  loss_mask_0: 0.03271  loss_dice_0: 0.7221  loss_ce_1: 0.0165  loss_mask_1: 0.03297  loss_dice_1: 0.7722  loss_ce_2: 0.0115  loss_mask_2: 0.03323  loss_dice_2: 0.6632  loss_ce_3: 0.01791  loss_mask_3: 0.03366  loss_dice_3: 0.6234  loss_ce_4: 0.02067  loss_mask_4: 0.0312  loss_dice_4: 0.7341  loss_ce_5: 0.0201  loss_mask_5: 0.02431  loss_dice_5: 0.5491  loss_ce_6: 0.01721  loss_mask_6: 0.0337  loss_dice_6: 0.8025  loss_ce_7: 0.01578  loss_mask_7: 0.03013  loss_dice_7: 0.6709  loss_ce_8: 0.01679  loss_mask_8: 0.0309  loss_dice_8: 0.5992    time: 0.8060  last_time: 1.0347  data_time: 0.1598  last_data_time: 0.1598   lr: 1.3444e-05  max_mem: 12316M
[03/19 03:22:55 d2.utils.events]:  eta: 1:31:37  iter: 13079  total_loss: 10.35  loss_ce: 0.01681  loss_mask: 0.04797  loss_dice: 0.9711  loss_ce_0: 0.08658  loss_mask_0: 0.05289  loss_dice_0: 1.059  loss_ce_1: 0.07432  loss_mask_1: 0.04708  loss_dice_1: 1.071  loss_ce_2: 0.02148  loss_mask_2: 0.04769  loss_dice_2: 1.112  loss_ce_3: 0.02541  loss_mask_3: 0.05101  loss_dice_3: 1.149  loss_ce_4: 0.06695  loss_mask_4: 0.05618  loss_dice_4: 0.6563  loss_ce_5: 0.07408  loss_mask_5: 0.05204  loss_dice_5: 0.8119  loss_ce_6: 0.05053  loss_mask_6: 0.05044  loss_dice_6: 0.7949  loss_ce_7: 0.01272  loss_mask_7: 0.05061  loss_dice_7: 0.9028  loss_ce_8: 0.0708  loss_mask_8: 0.04526  loss_dice_8: 0.8226    time: 0.8061  last_time: 0.8798  data_time: 0.2064  last_data_time: 0.2064   lr: 1.3375e-05  max_mem: 12316M
[03/19 03:23:11 d2.utils.events]:  eta: 1:31:20  iter: 13099  total_loss: 5.265  loss_ce: 0.05578  loss_mask: 0.05168  loss_dice: 0.3744  loss_ce_0: 0.1432  loss_mask_0: 0.05163  loss_dice_0: 0.4189  loss_ce_1: 0.0551  loss_mask_1: 0.04556  loss_dice_1: 0.4564  loss_ce_2: 0.1008  loss_mask_2: 0.05464  loss_dice_2: 0.4107  loss_ce_3: 0.1056  loss_mask_3: 0.04567  loss_dice_3: 0.3445  loss_ce_4: 0.08326  loss_mask_4: 0.04049  loss_dice_4: 0.3807  loss_ce_5: 0.05297  loss_mask_5: 0.04632  loss_dice_5: 0.4168  loss_ce_6: 0.06004  loss_mask_6: 0.04662  loss_dice_6: 0.4105  loss_ce_7: 0.06169  loss_mask_7: 0.05257  loss_dice_7: 0.3606  loss_ce_8: 0.05336  loss_mask_8: 0.04933  loss_dice_8: 0.4348    time: 0.8061  last_time: 0.7719  data_time: 0.1039  last_data_time: 0.1039   lr: 1.3305e-05  max_mem: 12316M
[03/19 03:23:28 d2.utils.events]:  eta: 1:31:02  iter: 13119  total_loss: 6.694  loss_ce: 0.006387  loss_mask: 0.04085  loss_dice: 0.5541  loss_ce_0: 0.2049  loss_mask_0: 0.04638  loss_dice_0: 0.6394  loss_ce_1: 0.01287  loss_mask_1: 0.04579  loss_dice_1: 0.6149  loss_ce_2: 0.009635  loss_mask_2: 0.04894  loss_dice_2: 0.6257  loss_ce_3: 0.006982  loss_mask_3: 0.04462  loss_dice_3: 0.6492  loss_ce_4: 0.008044  loss_mask_4: 0.04795  loss_dice_4: 0.6399  loss_ce_5: 0.008141  loss_mask_5: 0.04304  loss_dice_5: 0.5435  loss_ce_6: 0.008137  loss_mask_6: 0.0388  loss_dice_6: 0.5661  loss_ce_7: 0.007405  loss_mask_7: 0.04379  loss_dice_7: 0.5763  loss_ce_8: 0.007982  loss_mask_8: 0.04191  loss_dice_8: 0.5628    time: 0.8061  last_time: 0.8549  data_time: 0.1764  last_data_time: 0.1764   lr: 1.3236e-05  max_mem: 12316M
[03/19 03:23:44 d2.utils.events]:  eta: 1:30:48  iter: 13139  total_loss: 5.525  loss_ce: 0.01161  loss_mask: 0.01846  loss_dice: 0.4263  loss_ce_0: 0.1547  loss_mask_0: 0.02238  loss_dice_0: 0.6344  loss_ce_1: 0.0165  loss_mask_1: 0.02389  loss_dice_1: 0.4375  loss_ce_2: 0.01217  loss_mask_2: 0.02545  loss_dice_2: 0.5186  loss_ce_3: 0.01071  loss_mask_3: 0.0221  loss_dice_3: 0.4779  loss_ce_4: 0.01103  loss_mask_4: 0.02348  loss_dice_4: 0.5211  loss_ce_5: 0.01101  loss_mask_5: 0.02524  loss_dice_5: 0.5071  loss_ce_6: 0.01202  loss_mask_6: 0.02697  loss_dice_6: 0.5327  loss_ce_7: 0.0127  loss_mask_7: 0.02622  loss_dice_7: 0.5093  loss_ce_8: 0.01162  loss_mask_8: 0.02186  loss_dice_8: 0.4604    time: 0.8061  last_time: 0.8221  data_time: 0.1528  last_data_time: 0.1528   lr: 1.3167e-05  max_mem: 12316M
[03/19 03:24:01 d2.utils.events]:  eta: 1:30:33  iter: 13159  total_loss: 7.08  loss_ce: 0.01424  loss_mask: 0.03688  loss_dice: 0.6336  loss_ce_0: 0.1525  loss_mask_0: 0.05972  loss_dice_0: 0.9184  loss_ce_1: 0.01952  loss_mask_1: 0.0438  loss_dice_1: 0.6184  loss_ce_2: 0.02635  loss_mask_2: 0.03815  loss_dice_2: 0.5694  loss_ce_3: 0.02013  loss_mask_3: 0.04048  loss_dice_3: 0.5949  loss_ce_4: 0.0185  loss_mask_4: 0.0368  loss_dice_4: 0.5803  loss_ce_5: 0.01625  loss_mask_5: 0.037  loss_dice_5: 0.5773  loss_ce_6: 0.01654  loss_mask_6: 0.04048  loss_dice_6: 0.6293  loss_ce_7: 0.01629  loss_mask_7: 0.0428  loss_dice_7: 0.6417  loss_ce_8: 0.01522  loss_mask_8: 0.03926  loss_dice_8: 0.5863    time: 0.8061  last_time: 0.8280  data_time: 0.1548  last_data_time: 0.1548   lr: 1.3097e-05  max_mem: 12316M
[03/19 03:24:17 d2.utils.events]:  eta: 1:30:19  iter: 13179  total_loss: 8.592  loss_ce: 0.07714  loss_mask: 0.03081  loss_dice: 0.5036  loss_ce_0: 0.1401  loss_mask_0: 0.05076  loss_dice_0: 1.084  loss_ce_1: 0.1299  loss_mask_1: 0.04366  loss_dice_1: 0.8509  loss_ce_2: 0.02387  loss_mask_2: 0.03444  loss_dice_2: 0.9338  loss_ce_3: 0.06977  loss_mask_3: 0.03431  loss_dice_3: 0.7276  loss_ce_4: 0.07614  loss_mask_4: 0.03424  loss_dice_4: 0.7251  loss_ce_5: 0.08289  loss_mask_5: 0.03141  loss_dice_5: 0.7377  loss_ce_6: 0.07782  loss_mask_6: 0.03551  loss_dice_6: 0.5551  loss_ce_7: 0.07902  loss_mask_7: 0.03636  loss_dice_7: 0.5114  loss_ce_8: 0.1106  loss_mask_8: 0.04524  loss_dice_8: 0.7196    time: 0.8061  last_time: 0.7885  data_time: 0.1229  last_data_time: 0.1229   lr: 1.3028e-05  max_mem: 12316M
[03/19 03:24:33 d2.utils.events]:  eta: 1:30:01  iter: 13199  total_loss: 10.28  loss_ce: 0.1574  loss_mask: 0.04411  loss_dice: 0.6599  loss_ce_0: 0.4898  loss_mask_0: 0.06996  loss_dice_0: 0.9505  loss_ce_1: 0.2001  loss_mask_1: 0.05626  loss_dice_1: 0.7271  loss_ce_2: 0.1301  loss_mask_2: 0.05421  loss_dice_2: 0.7535  loss_ce_3: 0.2057  loss_mask_3: 0.05003  loss_dice_3: 0.7869  loss_ce_4: 0.165  loss_mask_4: 0.06081  loss_dice_4: 0.7137  loss_ce_5: 0.2196  loss_mask_5: 0.05924  loss_dice_5: 0.8272  loss_ce_6: 0.1492  loss_mask_6: 0.04278  loss_dice_6: 0.6663  loss_ce_7: 0.1719  loss_mask_7: 0.04999  loss_dice_7: 0.7379  loss_ce_8: 0.1971  loss_mask_8: 0.04876  loss_dice_8: 0.8388    time: 0.8061  last_time: 0.8418  data_time: 0.1617  last_data_time: 0.1617   lr: 1.296e-05  max_mem: 12316M
[03/19 03:24:50 d2.utils.events]:  eta: 1:29:51  iter: 13219  total_loss: 6.401  loss_ce: 0.007218  loss_mask: 0.04745  loss_dice: 0.6441  loss_ce_0: 0.2363  loss_mask_0: 0.03891  loss_dice_0: 0.591  loss_ce_1: 0.01193  loss_mask_1: 0.03822  loss_dice_1: 0.53  loss_ce_2: 0.01296  loss_mask_2: 0.03888  loss_dice_2: 0.5668  loss_ce_3: 0.01075  loss_mask_3: 0.04865  loss_dice_3: 0.6939  loss_ce_4: 0.009273  loss_mask_4: 0.04039  loss_dice_4: 0.5107  loss_ce_5: 0.008641  loss_mask_5: 0.03736  loss_dice_5: 0.5083  loss_ce_6: 0.00934  loss_mask_6: 0.03677  loss_dice_6: 0.4587  loss_ce_7: 0.008569  loss_mask_7: 0.04298  loss_dice_7: 0.5952  loss_ce_8: 0.009034  loss_mask_8: 0.04014  loss_dice_8: 0.5683    time: 0.8061  last_time: 0.8112  data_time: 0.1329  last_data_time: 0.1329   lr: 1.2891e-05  max_mem: 12316M
[03/19 03:25:06 d2.utils.events]:  eta: 1:29:39  iter: 13239  total_loss: 5.31  loss_ce: 0.008307  loss_mask: 0.0388  loss_dice: 0.4972  loss_ce_0: 0.07764  loss_mask_0: 0.04531  loss_dice_0: 0.4828  loss_ce_1: 0.01267  loss_mask_1: 0.03591  loss_dice_1: 0.455  loss_ce_2: 0.008992  loss_mask_2: 0.03658  loss_dice_2: 0.4935  loss_ce_3: 0.009944  loss_mask_3: 0.02789  loss_dice_3: 0.4335  loss_ce_4: 0.008797  loss_mask_4: 0.04432  loss_dice_4: 0.5427  loss_ce_5: 0.00705  loss_mask_5: 0.04053  loss_dice_5: 0.4832  loss_ce_6: 0.007219  loss_mask_6: 0.03854  loss_dice_6: 0.4735  loss_ce_7: 0.007832  loss_mask_7: 0.04008  loss_dice_7: 0.4385  loss_ce_8: 0.008972  loss_mask_8: 0.03236  loss_dice_8: 0.4721    time: 0.8061  last_time: 0.8161  data_time: 0.1463  last_data_time: 0.1463   lr: 1.2822e-05  max_mem: 12316M
[03/19 03:25:23 d2.utils.events]:  eta: 1:29:29  iter: 13259  total_loss: 4.057  loss_ce: 0.009947  loss_mask: 0.02663  loss_dice: 0.4039  loss_ce_0: 0.07597  loss_mask_0: 0.02784  loss_dice_0: 0.4013  loss_ce_1: 0.01142  loss_mask_1: 0.03064  loss_dice_1: 0.3689  loss_ce_2: 0.01233  loss_mask_2: 0.0279  loss_dice_2: 0.4081  loss_ce_3: 0.01037  loss_mask_3: 0.02607  loss_dice_3: 0.2747  loss_ce_4: 0.009797  loss_mask_4: 0.02596  loss_dice_4: 0.3431  loss_ce_5: 0.008116  loss_mask_5: 0.02918  loss_dice_5: 0.3578  loss_ce_6: 0.008698  loss_mask_6: 0.03115  loss_dice_6: 0.3537  loss_ce_7: 0.008814  loss_mask_7: 0.02567  loss_dice_7: 0.3563  loss_ce_8: 0.009915  loss_mask_8: 0.02517  loss_dice_8: 0.3481    time: 0.8061  last_time: 0.7403  data_time: 0.0734  last_data_time: 0.0734   lr: 1.2754e-05  max_mem: 12316M
[03/19 03:25:39 d2.utils.events]:  eta: 1:29:16  iter: 13279  total_loss: 10.17  loss_ce: 0.0112  loss_mask: 0.08679  loss_dice: 0.9311  loss_ce_0: 0.2357  loss_mask_0: 0.07745  loss_dice_0: 1.075  loss_ce_1: 0.01845  loss_mask_1: 0.08497  loss_dice_1: 0.8879  loss_ce_2: 0.01711  loss_mask_2: 0.07747  loss_dice_2: 0.8798  loss_ce_3: 0.01277  loss_mask_3: 0.08539  loss_dice_3: 0.9146  loss_ce_4: 0.0108  loss_mask_4: 0.07822  loss_dice_4: 0.8117  loss_ce_5: 0.01015  loss_mask_5: 0.07249  loss_dice_5: 0.7777  loss_ce_6: 0.01097  loss_mask_6: 0.09486  loss_dice_6: 0.9192  loss_ce_7: 0.0802  loss_mask_7: 0.08019  loss_dice_7: 0.882  loss_ce_8: 0.01201  loss_mask_8: 0.08403  loss_dice_8: 0.8448    time: 0.8061  last_time: 0.9968  data_time: 0.2005  last_data_time: 0.2005   lr: 1.2685e-05  max_mem: 12316M
[03/19 03:25:55 d2.utils.events]:  eta: 1:29:00  iter: 13299  total_loss: 8.166  loss_ce: 0.04518  loss_mask: 0.05568  loss_dice: 0.6073  loss_ce_0: 0.3817  loss_mask_0: 0.09687  loss_dice_0: 0.8191  loss_ce_1: 0.0255  loss_mask_1: 0.06427  loss_dice_1: 0.7229  loss_ce_2: 0.08625  loss_mask_2: 0.05427  loss_dice_2: 0.635  loss_ce_3: 0.06314  loss_mask_3: 0.06011  loss_dice_3: 0.6089  loss_ce_4: 0.06428  loss_mask_4: 0.0633  loss_dice_4: 0.7135  loss_ce_5: 0.05078  loss_mask_5: 0.05897  loss_dice_5: 0.6557  loss_ce_6: 0.04504  loss_mask_6: 0.06173  loss_dice_6: 0.6902  loss_ce_7: 0.04442  loss_mask_7: 0.06068  loss_dice_7: 0.5746  loss_ce_8: 0.04196  loss_mask_8: 0.06062  loss_dice_8: 0.6545    time: 0.8061  last_time: 0.7888  data_time: 0.1152  last_data_time: 0.1152   lr: 1.2617e-05  max_mem: 12316M
[03/19 03:26:12 d2.utils.events]:  eta: 1:28:45  iter: 13319  total_loss: 8.363  loss_ce: 0.02091  loss_mask: 0.03582  loss_dice: 0.765  loss_ce_0: 0.1339  loss_mask_0: 0.03302  loss_dice_0: 0.8504  loss_ce_1: 0.02069  loss_mask_1: 0.03494  loss_dice_1: 0.7793  loss_ce_2: 0.05267  loss_mask_2: 0.03031  loss_dice_2: 0.7129  loss_ce_3: 0.03502  loss_mask_3: 0.02989  loss_dice_3: 0.7677  loss_ce_4: 0.03408  loss_mask_4: 0.02964  loss_dice_4: 0.7592  loss_ce_5: 0.02614  loss_mask_5: 0.02798  loss_dice_5: 0.7777  loss_ce_6: 0.02087  loss_mask_6: 0.02515  loss_dice_6: 0.6921  loss_ce_7: 0.02244  loss_mask_7: 0.03008  loss_dice_7: 0.7723  loss_ce_8: 0.01541  loss_mask_8: 0.03561  loss_dice_8: 0.7914    time: 0.8061  last_time: 0.8383  data_time: 0.1646  last_data_time: 0.1646   lr: 1.2549e-05  max_mem: 12316M
[03/19 03:26:28 d2.utils.events]:  eta: 1:28:29  iter: 13339  total_loss: 6.621  loss_ce: 0.006611  loss_mask: 0.06053  loss_dice: 0.5972  loss_ce_0: 0.07811  loss_mask_0: 0.08424  loss_dice_0: 0.7505  loss_ce_1: 0.00871  loss_mask_1: 0.0563  loss_dice_1: 0.6067  loss_ce_2: 0.006793  loss_mask_2: 0.05202  loss_dice_2: 0.4991  loss_ce_3: 0.00516  loss_mask_3: 0.0551  loss_dice_3: 0.5727  loss_ce_4: 0.005219  loss_mask_4: 0.05523  loss_dice_4: 0.573  loss_ce_5: 0.005316  loss_mask_5: 0.06251  loss_dice_5: 0.6163  loss_ce_6: 0.005865  loss_mask_6: 0.04705  loss_dice_6: 0.5242  loss_ce_7: 0.006131  loss_mask_7: 0.05643  loss_dice_7: 0.5825  loss_ce_8: 0.005995  loss_mask_8: 0.05873  loss_dice_8: 0.5767    time: 0.8061  last_time: 0.8524  data_time: 0.1752  last_data_time: 0.1752   lr: 1.2481e-05  max_mem: 12316M
[03/19 03:26:44 d2.utils.events]:  eta: 1:28:13  iter: 13359  total_loss: 7.187  loss_ce: 0.07261  loss_mask: 0.028  loss_dice: 0.5458  loss_ce_0: 0.135  loss_mask_0: 0.03101  loss_dice_0: 0.6558  loss_ce_1: 0.06747  loss_mask_1: 0.03073  loss_dice_1: 0.6886  loss_ce_2: 0.08471  loss_mask_2: 0.02852  loss_dice_2: 0.6873  loss_ce_3: 0.09699  loss_mask_3: 0.03353  loss_dice_3: 0.7656  loss_ce_4: 0.08074  loss_mask_4: 0.03031  loss_dice_4: 0.5345  loss_ce_5: 0.08701  loss_mask_5: 0.02592  loss_dice_5: 0.5724  loss_ce_6: 0.06487  loss_mask_6: 0.02434  loss_dice_6: 0.4552  loss_ce_7: 0.05917  loss_mask_7: 0.03  loss_dice_7: 0.5642  loss_ce_8: 0.08897  loss_mask_8: 0.02623  loss_dice_8: 0.5914    time: 0.8061  last_time: 0.8141  data_time: 0.1510  last_data_time: 0.1510   lr: 1.2413e-05  max_mem: 12316M
[03/19 03:27:00 d2.utils.events]:  eta: 1:27:55  iter: 13379  total_loss: 9.037  loss_ce: 0.03043  loss_mask: 0.05143  loss_dice: 0.7297  loss_ce_0: 0.07972  loss_mask_0: 0.06185  loss_dice_0: 0.7934  loss_ce_1: 0.03883  loss_mask_1: 0.04641  loss_dice_1: 1.015  loss_ce_2: 0.07365  loss_mask_2: 0.05245  loss_dice_2: 0.8654  loss_ce_3: 0.06278  loss_mask_3: 0.04567  loss_dice_3: 0.9135  loss_ce_4: 0.02713  loss_mask_4: 0.04694  loss_dice_4: 0.7588  loss_ce_5: 0.04755  loss_mask_5: 0.0581  loss_dice_5: 0.7398  loss_ce_6: 0.05083  loss_mask_6: 0.04737  loss_dice_6: 0.8177  loss_ce_7: 0.03219  loss_mask_7: 0.04745  loss_dice_7: 0.8265  loss_ce_8: 0.03297  loss_mask_8: 0.04541  loss_dice_8: 0.5978    time: 0.8061  last_time: 0.7450  data_time: 0.0742  last_data_time: 0.0742   lr: 1.2345e-05  max_mem: 12316M
[03/19 03:27:17 d2.utils.events]:  eta: 1:27:41  iter: 13399  total_loss: 8.465  loss_ce: 0.0191  loss_mask: 0.03782  loss_dice: 0.709  loss_ce_0: 0.1658  loss_mask_0: 0.06034  loss_dice_0: 0.7839  loss_ce_1: 0.06678  loss_mask_1: 0.04143  loss_dice_1: 0.5699  loss_ce_2: 0.08127  loss_mask_2: 0.04027  loss_dice_2: 0.737  loss_ce_3: 0.05108  loss_mask_3: 0.04501  loss_dice_3: 0.8445  loss_ce_4: 0.03682  loss_mask_4: 0.04309  loss_dice_4: 0.6715  loss_ce_5: 0.025  loss_mask_5: 0.04262  loss_dice_5: 0.8022  loss_ce_6: 0.02311  loss_mask_6: 0.04023  loss_dice_6: 0.8733  loss_ce_7: 0.06899  loss_mask_7: 0.04479  loss_dice_7: 0.6138  loss_ce_8: 0.02476  loss_mask_8: 0.04023  loss_dice_8: 0.8611    time: 0.8061  last_time: 0.8128  data_time: 0.1435  last_data_time: 0.1435   lr: 1.2277e-05  max_mem: 12316M
[03/19 03:27:33 d2.utils.events]:  eta: 1:27:26  iter: 13419  total_loss: 5.814  loss_ce: 0.01594  loss_mask: 0.02918  loss_dice: 0.4435  loss_ce_0: 0.08339  loss_mask_0: 0.03532  loss_dice_0: 0.6133  loss_ce_1: 0.02215  loss_mask_1: 0.03229  loss_dice_1: 0.5973  loss_ce_2: 0.01752  loss_mask_2: 0.027  loss_dice_2: 0.4943  loss_ce_3: 0.02032  loss_mask_3: 0.03154  loss_dice_3: 0.5556  loss_ce_4: 0.02145  loss_mask_4: 0.03095  loss_dice_4: 0.5442  loss_ce_5: 0.01727  loss_mask_5: 0.02986  loss_dice_5: 0.4877  loss_ce_6: 0.01773  loss_mask_6: 0.03072  loss_dice_6: 0.4881  loss_ce_7: 0.01791  loss_mask_7: 0.0304  loss_dice_7: 0.5239  loss_ce_8: 0.01789  loss_mask_8: 0.03035  loss_dice_8: 0.5072    time: 0.8061  last_time: 0.7874  data_time: 0.1124  last_data_time: 0.1124   lr: 1.221e-05  max_mem: 12316M
[03/19 03:27:49 d2.utils.events]:  eta: 1:27:10  iter: 13439  total_loss: 5.939  loss_ce: 0.00607  loss_mask: 0.05709  loss_dice: 0.5172  loss_ce_0: 0.1666  loss_mask_0: 0.06895  loss_dice_0: 0.5906  loss_ce_1: 0.006161  loss_mask_1: 0.05438  loss_dice_1: 0.4758  loss_ce_2: 0.00569  loss_mask_2: 0.05924  loss_dice_2: 0.5216  loss_ce_3: 0.006773  loss_mask_3: 0.05947  loss_dice_3: 0.5084  loss_ce_4: 0.007309  loss_mask_4: 0.05829  loss_dice_4: 0.5376  loss_ce_5: 0.007045  loss_mask_5: 0.04935  loss_dice_5: 0.4945  loss_ce_6: 0.007398  loss_mask_6: 0.05207  loss_dice_6: 0.5226  loss_ce_7: 0.006948  loss_mask_7: 0.05278  loss_dice_7: 0.4608  loss_ce_8: 0.006339  loss_mask_8: 0.05239  loss_dice_8: 0.5201    time: 0.8061  last_time: 0.9158  data_time: 0.2339  last_data_time: 0.2339   lr: 1.2142e-05  max_mem: 12316M
[03/19 03:28:06 d2.utils.events]:  eta: 1:26:55  iter: 13459  total_loss: 8.824  loss_ce: 0.01396  loss_mask: 0.04305  loss_dice: 0.7227  loss_ce_0: 0.1461  loss_mask_0: 0.06122  loss_dice_0: 0.974  loss_ce_1: 0.02365  loss_mask_1: 0.05317  loss_dice_1: 0.8216  loss_ce_2: 0.01779  loss_mask_2: 0.04843  loss_dice_2: 0.8648  loss_ce_3: 0.01684  loss_mask_3: 0.05698  loss_dice_3: 0.8517  loss_ce_4: 0.0161  loss_mask_4: 0.04856  loss_dice_4: 0.7154  loss_ce_5: 0.01735  loss_mask_5: 0.04426  loss_dice_5: 0.7628  loss_ce_6: 0.01406  loss_mask_6: 0.05397  loss_dice_6: 0.8004  loss_ce_7: 0.01399  loss_mask_7: 0.04179  loss_dice_7: 0.7527  loss_ce_8: 0.01403  loss_mask_8: 0.04719  loss_dice_8: 0.7656    time: 0.8061  last_time: 0.7826  data_time: 0.1134  last_data_time: 0.1134   lr: 1.2075e-05  max_mem: 12316M
[03/19 03:28:22 d2.utils.events]:  eta: 1:26:37  iter: 13479  total_loss: 6.153  loss_ce: 0.008006  loss_mask: 0.03608  loss_dice: 0.4968  loss_ce_0: 0.2463  loss_mask_0: 0.05693  loss_dice_0: 0.7104  loss_ce_1: 0.01391  loss_mask_1: 0.03722  loss_dice_1: 0.5365  loss_ce_2: 0.00882  loss_mask_2: 0.03313  loss_dice_2: 0.5308  loss_ce_3: 0.008329  loss_mask_3: 0.03277  loss_dice_3: 0.5075  loss_ce_4: 0.009685  loss_mask_4: 0.03475  loss_dice_4: 0.5047  loss_ce_5: 0.009061  loss_mask_5: 0.03505  loss_dice_5: 0.5306  loss_ce_6: 0.008653  loss_mask_6: 0.0368  loss_dice_6: 0.5738  loss_ce_7: 0.008082  loss_mask_7: 0.03349  loss_dice_7: 0.4478  loss_ce_8: 0.007705  loss_mask_8: 0.03638  loss_dice_8: 0.6131    time: 0.8061  last_time: 0.8365  data_time: 0.1691  last_data_time: 0.1691   lr: 1.2008e-05  max_mem: 12316M
[03/19 03:28:38 d2.utils.events]:  eta: 1:26:18  iter: 13499  total_loss: 7.274  loss_ce: 0.00604  loss_mask: 0.08587  loss_dice: 0.6466  loss_ce_0: 0.08604  loss_mask_0: 0.09389  loss_dice_0: 0.6889  loss_ce_1: 0.008515  loss_mask_1: 0.08097  loss_dice_1: 0.6478  loss_ce_2: 0.007193  loss_mask_2: 0.08516  loss_dice_2: 0.6286  loss_ce_3: 0.007421  loss_mask_3: 0.07182  loss_dice_3: 0.5799  loss_ce_4: 0.00703  loss_mask_4: 0.08489  loss_dice_4: 0.6218  loss_ce_5: 0.00679  loss_mask_5: 0.07999  loss_dice_5: 0.6441  loss_ce_6: 0.006081  loss_mask_6: 0.08202  loss_dice_6: 0.614  loss_ce_7: 0.006071  loss_mask_7: 0.08669  loss_dice_7: 0.6351  loss_ce_8: 0.00625  loss_mask_8: 0.06866  loss_dice_8: 0.5997    time: 0.8060  last_time: 0.7733  data_time: 0.1161  last_data_time: 0.1161   lr: 1.1941e-05  max_mem: 12316M
[03/19 03:28:55 d2.utils.events]:  eta: 1:26:04  iter: 13519  total_loss: 7.415  loss_ce: 0.01812  loss_mask: 0.04259  loss_dice: 0.5844  loss_ce_0: 0.171  loss_mask_0: 0.05455  loss_dice_0: 0.7145  loss_ce_1: 0.02239  loss_mask_1: 0.03161  loss_dice_1: 0.6717  loss_ce_2: 0.09375  loss_mask_2: 0.03152  loss_dice_2: 0.5477  loss_ce_3: 0.01694  loss_mask_3: 0.03324  loss_dice_3: 0.7075  loss_ce_4: 0.01872  loss_mask_4: 0.03893  loss_dice_4: 0.7002  loss_ce_5: 0.01594  loss_mask_5: 0.03842  loss_dice_5: 0.6631  loss_ce_6: 0.01662  loss_mask_6: 0.03399  loss_dice_6: 0.719  loss_ce_7: 0.01686  loss_mask_7: 0.03236  loss_dice_7: 0.5465  loss_ce_8: 0.01739  loss_mask_8: 0.04008  loss_dice_8: 0.7751    time: 0.8061  last_time: 0.7812  data_time: 0.1094  last_data_time: 0.1094   lr: 1.1874e-05  max_mem: 12316M
[03/19 03:29:11 d2.utils.events]:  eta: 1:25:49  iter: 13539  total_loss: 4.836  loss_ce: 0.006412  loss_mask: 0.03716  loss_dice: 0.4244  loss_ce_0: 0.1287  loss_mask_0: 0.04048  loss_dice_0: 0.4177  loss_ce_1: 0.009214  loss_mask_1: 0.03651  loss_dice_1: 0.4573  loss_ce_2: 0.006912  loss_mask_2: 0.04007  loss_dice_2: 0.4085  loss_ce_3: 0.00654  loss_mask_3: 0.03991  loss_dice_3: 0.4258  loss_ce_4: 0.007018  loss_mask_4: 0.04134  loss_dice_4: 0.4166  loss_ce_5: 0.006714  loss_mask_5: 0.03527  loss_dice_5: 0.3867  loss_ce_6: 0.005673  loss_mask_6: 0.04309  loss_dice_6: 0.4558  loss_ce_7: 0.006569  loss_mask_7: 0.03846  loss_dice_7: 0.4018  loss_ce_8: 0.006594  loss_mask_8: 0.0424  loss_dice_8: 0.456    time: 0.8061  last_time: 0.8174  data_time: 0.1527  last_data_time: 0.1527   lr: 1.1807e-05  max_mem: 12316M
[03/19 03:29:27 d2.utils.events]:  eta: 1:25:32  iter: 13559  total_loss: 5.222  loss_ce: 0.003815  loss_mask: 0.07306  loss_dice: 0.4979  loss_ce_0: 0.0772  loss_mask_0: 0.07756  loss_dice_0: 0.4998  loss_ce_1: 0.004529  loss_mask_1: 0.0723  loss_dice_1: 0.4294  loss_ce_2: 0.01094  loss_mask_2: 0.06921  loss_dice_2: 0.4961  loss_ce_3: 0.01578  loss_mask_3: 0.06219  loss_dice_3: 0.403  loss_ce_4: 0.01194  loss_mask_4: 0.07076  loss_dice_4: 0.3898  loss_ce_5: 0.005596  loss_mask_5: 0.06999  loss_dice_5: 0.4681  loss_ce_6: 0.004677  loss_mask_6: 0.06092  loss_dice_6: 0.403  loss_ce_7: 0.004497  loss_mask_7: 0.06106  loss_dice_7: 0.3774  loss_ce_8: 0.004193  loss_mask_8: 0.07493  loss_dice_8: 0.422    time: 0.8061  last_time: 0.8313  data_time: 0.1597  last_data_time: 0.1597   lr: 1.1741e-05  max_mem: 12316M
[03/19 03:29:44 d2.utils.events]:  eta: 1:25:16  iter: 13579  total_loss: 6.64  loss_ce: 0.02933  loss_mask: 0.02892  loss_dice: 0.5394  loss_ce_0: 0.2141  loss_mask_0: 0.03599  loss_dice_0: 0.6003  loss_ce_1: 0.02693  loss_mask_1: 0.03379  loss_dice_1: 0.5574  loss_ce_2: 0.08117  loss_mask_2: 0.02948  loss_dice_2: 0.6115  loss_ce_3: 0.03825  loss_mask_3: 0.03366  loss_dice_3: 0.6138  loss_ce_4: 0.03422  loss_mask_4: 0.03264  loss_dice_4: 0.5034  loss_ce_5: 0.03969  loss_mask_5: 0.03011  loss_dice_5: 0.5892  loss_ce_6: 0.03565  loss_mask_6: 0.032  loss_dice_6: 0.5753  loss_ce_7: 0.03314  loss_mask_7: 0.03444  loss_dice_7: 0.629  loss_ce_8: 0.03092  loss_mask_8: 0.03042  loss_dice_8: 0.536    time: 0.8061  last_time: 0.8312  data_time: 0.1530  last_data_time: 0.1530   lr: 1.1674e-05  max_mem: 12316M
[03/19 03:30:00 d2.utils.events]:  eta: 1:25:01  iter: 13599  total_loss: 6.75  loss_ce: 0.01513  loss_mask: 0.03762  loss_dice: 0.6076  loss_ce_0: 0.1487  loss_mask_0: 0.04563  loss_dice_0: 0.6783  loss_ce_1: 0.0253  loss_mask_1: 0.0379  loss_dice_1: 0.5868  loss_ce_2: 0.01749  loss_mask_2: 0.04155  loss_dice_2: 0.6437  loss_ce_3: 0.0136  loss_mask_3: 0.04419  loss_dice_3: 0.5687  loss_ce_4: 0.0136  loss_mask_4: 0.0387  loss_dice_4: 0.6216  loss_ce_5: 0.01289  loss_mask_5: 0.04297  loss_dice_5: 0.617  loss_ce_6: 0.01504  loss_mask_6: 0.04425  loss_dice_6: 0.6593  loss_ce_7: 0.015  loss_mask_7: 0.04135  loss_dice_7: 0.5339  loss_ce_8: 0.01414  loss_mask_8: 0.04028  loss_dice_8: 0.5275    time: 0.8061  last_time: 0.8269  data_time: 0.1582  last_data_time: 0.1582   lr: 1.1608e-05  max_mem: 12316M
[03/19 03:30:16 d2.utils.events]:  eta: 1:24:42  iter: 13619  total_loss: 5.043  loss_ce: 0.002004  loss_mask: 0.0405  loss_dice: 0.3974  loss_ce_0: 0.1035  loss_mask_0: 0.05278  loss_dice_0: 0.5597  loss_ce_1: 0.004216  loss_mask_1: 0.04629  loss_dice_1: 0.4147  loss_ce_2: 0.003245  loss_mask_2: 0.0493  loss_dice_2: 0.404  loss_ce_3: 0.002613  loss_mask_3: 0.04625  loss_dice_3: 0.3709  loss_ce_4: 0.002384  loss_mask_4: 0.05212  loss_dice_4: 0.4559  loss_ce_5: 0.002094  loss_mask_5: 0.0508  loss_dice_5: 0.519  loss_ce_6: 0.001925  loss_mask_6: 0.04936  loss_dice_6: 0.4291  loss_ce_7: 0.00197  loss_mask_7: 0.0415  loss_dice_7: 0.4299  loss_ce_8: 0.002027  loss_mask_8: 0.04519  loss_dice_8: 0.4628    time: 0.8061  last_time: 0.7602  data_time: 0.0844  last_data_time: 0.0844   lr: 1.1541e-05  max_mem: 12316M
[03/19 03:30:33 d2.utils.events]:  eta: 1:24:26  iter: 13639  total_loss: 5.396  loss_ce: 0.01758  loss_mask: 0.03901  loss_dice: 0.4726  loss_ce_0: 0.2733  loss_mask_0: 0.05172  loss_dice_0: 0.4972  loss_ce_1: 0.02597  loss_mask_1: 0.03995  loss_dice_1: 0.5049  loss_ce_2: 0.0209  loss_mask_2: 0.03725  loss_dice_2: 0.4478  loss_ce_3: 0.01869  loss_mask_3: 0.03777  loss_dice_3: 0.4519  loss_ce_4: 0.01703  loss_mask_4: 0.03885  loss_dice_4: 0.4384  loss_ce_5: 0.01603  loss_mask_5: 0.03893  loss_dice_5: 0.4594  loss_ce_6: 0.01743  loss_mask_6: 0.03858  loss_dice_6: 0.456  loss_ce_7: 0.01824  loss_mask_7: 0.03591  loss_dice_7: 0.4166  loss_ce_8: 0.01854  loss_mask_8: 0.03597  loss_dice_8: 0.4133    time: 0.8061  last_time: 0.7980  data_time: 0.1264  last_data_time: 0.1264   lr: 1.1475e-05  max_mem: 12316M
[03/19 03:30:49 d2.utils.events]:  eta: 1:24:13  iter: 13659  total_loss: 5.283  loss_ce: 0.009294  loss_mask: 0.02803  loss_dice: 0.4212  loss_ce_0: 0.2892  loss_mask_0: 0.03778  loss_dice_0: 0.5648  loss_ce_1: 0.02568  loss_mask_1: 0.04268  loss_dice_1: 0.5091  loss_ce_2: 0.01322  loss_mask_2: 0.02893  loss_dice_2: 0.4907  loss_ce_3: 0.01033  loss_mask_3: 0.02985  loss_dice_3: 0.4314  loss_ce_4: 0.01035  loss_mask_4: 0.02929  loss_dice_4: 0.4832  loss_ce_5: 0.01005  loss_mask_5: 0.02848  loss_dice_5: 0.464  loss_ce_6: 0.008703  loss_mask_6: 0.0275  loss_dice_6: 0.4233  loss_ce_7: 0.008193  loss_mask_7: 0.02505  loss_dice_7: 0.3817  loss_ce_8: 0.00985  loss_mask_8: 0.0271  loss_dice_8: 0.4138    time: 0.8061  last_time: 1.0713  data_time: 0.3182  last_data_time: 0.3182   lr: 1.1409e-05  max_mem: 12316M
[03/19 03:31:05 d2.utils.events]:  eta: 1:23:54  iter: 13679  total_loss: 14.17  loss_ce: 0.05997  loss_mask: 0.0615  loss_dice: 1.28  loss_ce_0: 0.286  loss_mask_0: 0.06632  loss_dice_0: 1.357  loss_ce_1: 0.01862  loss_mask_1: 0.07436  loss_dice_1: 1.219  loss_ce_2: 0.1139  loss_mask_2: 0.0746  loss_dice_2: 1.235  loss_ce_3: 0.08925  loss_mask_3: 0.07086  loss_dice_3: 1.243  loss_ce_4: 0.02009  loss_mask_4: 0.06159  loss_dice_4: 1.22  loss_ce_5: 0.01753  loss_mask_5: 0.06542  loss_dice_5: 1.392  loss_ce_6: 0.01592  loss_mask_6: 0.06447  loss_dice_6: 1.396  loss_ce_7: 0.01635  loss_mask_7: 0.06373  loss_dice_7: 1.257  loss_ce_8: 0.01844  loss_mask_8: 0.05859  loss_dice_8: 1.257    time: 0.8060  last_time: 0.7985  data_time: 0.1333  last_data_time: 0.1333   lr: 1.1343e-05  max_mem: 12316M
[03/19 03:31:21 d2.utils.events]:  eta: 1:23:38  iter: 13699  total_loss: 7.34  loss_ce: 0.03666  loss_mask: 0.02958  loss_dice: 0.5713  loss_ce_0: 0.08321  loss_mask_0: 0.03594  loss_dice_0: 0.7409  loss_ce_1: 0.02655  loss_mask_1: 0.03045  loss_dice_1: 0.3832  loss_ce_2: 0.02855  loss_mask_2: 0.03165  loss_dice_2: 0.6448  loss_ce_3: 0.04416  loss_mask_3: 0.03163  loss_dice_3: 0.7457  loss_ce_4: 0.04105  loss_mask_4: 0.03375  loss_dice_4: 0.7101  loss_ce_5: 0.03314  loss_mask_5: 0.03103  loss_dice_5: 0.7013  loss_ce_6: 0.0321  loss_mask_6: 0.03314  loss_dice_6: 0.7461  loss_ce_7: 0.03512  loss_mask_7: 0.03037  loss_dice_7: 0.7461  loss_ce_8: 0.03344  loss_mask_8: 0.03129  loss_dice_8: 0.6377    time: 0.8060  last_time: 0.8474  data_time: 0.1751  last_data_time: 0.1751   lr: 1.1278e-05  max_mem: 12316M
[03/19 03:31:37 d2.utils.events]:  eta: 1:23:17  iter: 13719  total_loss: 5.058  loss_ce: 0.004595  loss_mask: 0.04464  loss_dice: 0.4265  loss_ce_0: 0.2864  loss_mask_0: 0.05238  loss_dice_0: 0.4217  loss_ce_1: 0.01409  loss_mask_1: 0.04829  loss_dice_1: 0.4423  loss_ce_2: 0.00729  loss_mask_2: 0.04511  loss_dice_2: 0.4074  loss_ce_3: 0.00975  loss_mask_3: 0.04827  loss_dice_3: 0.4167  loss_ce_4: 0.008046  loss_mask_4: 0.04906  loss_dice_4: 0.393  loss_ce_5: 0.005049  loss_mask_5: 0.0503  loss_dice_5: 0.4403  loss_ce_6: 0.004721  loss_mask_6: 0.04504  loss_dice_6: 0.431  loss_ce_7: 0.004535  loss_mask_7: 0.04804  loss_dice_7: 0.4344  loss_ce_8: 0.004744  loss_mask_8: 0.04437  loss_dice_8: 0.4202    time: 0.8060  last_time: 0.7918  data_time: 0.1223  last_data_time: 0.1223   lr: 1.1212e-05  max_mem: 12316M
[03/19 03:31:54 d2.utils.events]:  eta: 1:23:03  iter: 13739  total_loss: 7.084  loss_ce: 0.03323  loss_mask: 0.03535  loss_dice: 0.6297  loss_ce_0: 0.2148  loss_mask_0: 0.07584  loss_dice_0: 0.9158  loss_ce_1: 0.08331  loss_mask_1: 0.03001  loss_dice_1: 0.5264  loss_ce_2: 0.02077  loss_mask_2: 0.03159  loss_dice_2: 0.6273  loss_ce_3: 0.019  loss_mask_3: 0.03063  loss_dice_3: 0.6418  loss_ce_4: 0.0246  loss_mask_4: 0.02994  loss_dice_4: 0.5768  loss_ce_5: 0.02628  loss_mask_5: 0.02807  loss_dice_5: 0.5202  loss_ce_6: 0.02544  loss_mask_6: 0.03587  loss_dice_6: 0.7601  loss_ce_7: 0.02418  loss_mask_7: 0.02898  loss_dice_7: 0.5771  loss_ce_8: 0.02772  loss_mask_8: 0.02481  loss_dice_8: 0.4582    time: 0.8061  last_time: 0.7254  data_time: 0.0650  last_data_time: 0.0650   lr: 1.1147e-05  max_mem: 12316M
[03/19 03:32:10 d2.utils.events]:  eta: 1:22:42  iter: 13759  total_loss: 12.57  loss_ce: 0.04043  loss_mask: 0.03813  loss_dice: 1.213  loss_ce_0: 0.08001  loss_mask_0: 0.02627  loss_dice_0: 1.089  loss_ce_1: 0.03481  loss_mask_1: 0.02293  loss_dice_1: 1.188  loss_ce_2: 0.03135  loss_mask_2: 0.03855  loss_dice_2: 1.585  loss_ce_3: 0.03941  loss_mask_3: 0.03333  loss_dice_3: 1.511  loss_ce_4: 0.04284  loss_mask_4: 0.03535  loss_dice_4: 0.7553  loss_ce_5: 0.03956  loss_mask_5: 0.03766  loss_dice_5: 1.473  loss_ce_6: 0.04599  loss_mask_6: 0.04263  loss_dice_6: 1.059  loss_ce_7: 0.04447  loss_mask_7: 0.03196  loss_dice_7: 1.529  loss_ce_8: 0.0434  loss_mask_8: 0.02676  loss_dice_8: 0.3879    time: 0.8060  last_time: 0.8037  data_time: 0.1430  last_data_time: 0.1430   lr: 1.1081e-05  max_mem: 12316M
[03/19 03:32:27 d2.utils.events]:  eta: 1:22:22  iter: 13779  total_loss: 5.092  loss_ce: 0.02427  loss_mask: 0.0369  loss_dice: 0.402  loss_ce_0: 0.08167  loss_mask_0: 0.04408  loss_dice_0: 0.433  loss_ce_1: 0.08351  loss_mask_1: 0.03788  loss_dice_1: 0.4159  loss_ce_2: 0.08922  loss_mask_2: 0.03964  loss_dice_2: 0.3718  loss_ce_3: 0.02364  loss_mask_3: 0.04074  loss_dice_3: 0.4506  loss_ce_4: 0.08182  loss_mask_4: 0.03568  loss_dice_4: 0.3877  loss_ce_5: 0.02455  loss_mask_5: 0.03776  loss_dice_5: 0.4396  loss_ce_6: 0.03037  loss_mask_6: 0.03638  loss_dice_6: 0.4123  loss_ce_7: 0.07036  loss_mask_7: 0.04127  loss_dice_7: 0.4216  loss_ce_8: 0.02562  loss_mask_8: 0.03609  loss_dice_8: 0.4359    time: 0.8060  last_time: 0.8290  data_time: 0.1437  last_data_time: 0.1437   lr: 1.1016e-05  max_mem: 12316M
[03/19 03:32:43 d2.utils.events]:  eta: 1:22:07  iter: 13799  total_loss: 7.695  loss_ce: 0.01172  loss_mask: 0.03264  loss_dice: 0.6486  loss_ce_0: 0.1697  loss_mask_0: 0.04167  loss_dice_0: 0.9642  loss_ce_1: 0.08178  loss_mask_1: 0.03901  loss_dice_1: 0.7001  loss_ce_2: 0.01577  loss_mask_2: 0.03308  loss_dice_2: 0.6766  loss_ce_3: 0.01183  loss_mask_3: 0.03765  loss_dice_3: 0.7454  loss_ce_4: 0.01253  loss_mask_4: 0.03474  loss_dice_4: 0.5863  loss_ce_5: 0.01203  loss_mask_5: 0.04318  loss_dice_5: 0.6354  loss_ce_6: 0.01253  loss_mask_6: 0.04515  loss_dice_6: 0.7042  loss_ce_7: 0.01305  loss_mask_7: 0.03824  loss_dice_7: 0.6001  loss_ce_8: 0.01442  loss_mask_8: 0.0414  loss_dice_8: 0.6924    time: 0.8060  last_time: 0.8031  data_time: 0.1377  last_data_time: 0.1377   lr: 1.0951e-05  max_mem: 12316M
[03/19 03:33:00 d2.utils.events]:  eta: 1:21:53  iter: 13819  total_loss: 5.965  loss_ce: 0.003296  loss_mask: 0.04675  loss_dice: 0.5684  loss_ce_0: 0.08706  loss_mask_0: 0.0508  loss_dice_0: 0.608  loss_ce_1: 0.008936  loss_mask_1: 0.04053  loss_dice_1: 0.485  loss_ce_2: 0.007607  loss_mask_2: 0.04671  loss_dice_2: 0.5283  loss_ce_3: 0.003265  loss_mask_3: 0.04658  loss_dice_3: 0.5488  loss_ce_4: 0.003141  loss_mask_4: 0.04669  loss_dice_4: 0.5359  loss_ce_5: 0.002536  loss_mask_5: 0.04751  loss_dice_5: 0.536  loss_ce_6: 0.002601  loss_mask_6: 0.04903  loss_dice_6: 0.5468  loss_ce_7: 0.003044  loss_mask_7: 0.04429  loss_dice_7: 0.4728  loss_ce_8: 0.002799  loss_mask_8: 0.04536  loss_dice_8: 0.5462    time: 0.8061  last_time: 0.8319  data_time: 0.1634  last_data_time: 0.1634   lr: 1.0886e-05  max_mem: 12316M
[03/19 03:33:16 d2.utils.events]:  eta: 1:21:34  iter: 13839  total_loss: 7.126  loss_ce: 0.01201  loss_mask: 0.05825  loss_dice: 0.678  loss_ce_0: 0.1227  loss_mask_0: 0.07806  loss_dice_0: 0.6802  loss_ce_1: 0.007244  loss_mask_1: 0.04438  loss_dice_1: 0.5451  loss_ce_2: 0.0143  loss_mask_2: 0.06133  loss_dice_2: 0.5813  loss_ce_3: 0.01331  loss_mask_3: 0.05773  loss_dice_3: 0.6068  loss_ce_4: 0.01049  loss_mask_4: 0.06708  loss_dice_4: 0.7174  loss_ce_5: 0.01136  loss_mask_5: 0.06875  loss_dice_5: 0.6785  loss_ce_6: 0.01011  loss_mask_6: 0.05761  loss_dice_6: 0.5672  loss_ce_7: 0.009591  loss_mask_7: 0.06098  loss_dice_7: 0.5945  loss_ce_8: 0.01037  loss_mask_8: 0.05588  loss_dice_8: 0.6455    time: 0.8061  last_time: 0.7819  data_time: 0.1139  last_data_time: 0.1139   lr: 1.0822e-05  max_mem: 12316M
[03/19 03:33:32 d2.utils.events]:  eta: 1:21:18  iter: 13859  total_loss: 7.121  loss_ce: 0.02018  loss_mask: 0.0364  loss_dice: 0.5885  loss_ce_0: 0.1808  loss_mask_0: 0.04664  loss_dice_0: 0.7117  loss_ce_1: 0.08103  loss_mask_1: 0.03884  loss_dice_1: 0.6431  loss_ce_2: 0.03187  loss_mask_2: 0.03623  loss_dice_2: 0.5922  loss_ce_3: 0.02069  loss_mask_3: 0.03342  loss_dice_3: 0.584  loss_ce_4: 0.02054  loss_mask_4: 0.03099  loss_dice_4: 0.5557  loss_ce_5: 0.07369  loss_mask_5: 0.03885  loss_dice_5: 0.6153  loss_ce_6: 0.02548  loss_mask_6: 0.03508  loss_dice_6: 0.6427  loss_ce_7: 0.07728  loss_mask_7: 0.0329  loss_dice_7: 0.6041  loss_ce_8: 0.02143  loss_mask_8: 0.03548  loss_dice_8: 0.6661    time: 0.8061  last_time: 0.8242  data_time: 0.1517  last_data_time: 0.1517   lr: 1.0757e-05  max_mem: 12316M
[03/19 03:33:49 d2.utils.events]:  eta: 1:21:03  iter: 13879  total_loss: 8.347  loss_ce: 0.09414  loss_mask: 0.02967  loss_dice: 0.6634  loss_ce_0: 0.2088  loss_mask_0: 0.03465  loss_dice_0: 1.031  loss_ce_1: 0.1178  loss_mask_1: 0.03561  loss_dice_1: 0.6751  loss_ce_2: 0.08179  loss_mask_2: 0.03641  loss_dice_2: 0.6834  loss_ce_3: 0.01919  loss_mask_3: 0.04338  loss_dice_3: 0.745  loss_ce_4: 0.1013  loss_mask_4: 0.02789  loss_dice_4: 0.6551  loss_ce_5: 0.1034  loss_mask_5: 0.02763  loss_dice_5: 0.5953  loss_ce_6: 0.01962  loss_mask_6: 0.03728  loss_dice_6: 0.8165  loss_ce_7: 0.07558  loss_mask_7: 0.02569  loss_dice_7: 0.5863  loss_ce_8: 0.08544  loss_mask_8: 0.02668  loss_dice_8: 0.6637    time: 0.8061  last_time: 0.8599  data_time: 0.1489  last_data_time: 0.1489   lr: 1.0692e-05  max_mem: 12316M
[03/19 03:34:05 d2.utils.events]:  eta: 1:20:46  iter: 13899  total_loss: 8.67  loss_ce: 0.04429  loss_mask: 0.0335  loss_dice: 0.4849  loss_ce_0: 0.141  loss_mask_0: 0.03235  loss_dice_0: 0.729  loss_ce_1: 0.06774  loss_mask_1: 0.02896  loss_dice_1: 0.4654  loss_ce_2: 0.09063  loss_mask_2: 0.03556  loss_dice_2: 1.095  loss_ce_3: 0.06749  loss_mask_3: 0.03105  loss_dice_3: 0.7597  loss_ce_4: 0.09516  loss_mask_4: 0.0298  loss_dice_4: 0.8425  loss_ce_5: 0.03912  loss_mask_5: 0.03487  loss_dice_5: 0.8853  loss_ce_6: 0.04493  loss_mask_6: 0.0326  loss_dice_6: 0.6991  loss_ce_7: 0.04719  loss_mask_7: 0.03395  loss_dice_7: 0.5352  loss_ce_8: 0.08245  loss_mask_8: 0.03545  loss_dice_8: 1.126    time: 0.8060  last_time: 0.7900  data_time: 0.1316  last_data_time: 0.1316   lr: 1.0628e-05  max_mem: 12316M
[03/19 03:34:21 d2.utils.events]:  eta: 1:20:27  iter: 13919  total_loss: 5.549  loss_ce: 0.005579  loss_mask: 0.03542  loss_dice: 0.4747  loss_ce_0: 0.08257  loss_mask_0: 0.04186  loss_dice_0: 0.4746  loss_ce_1: 0.006224  loss_mask_1: 0.03997  loss_dice_1: 0.5408  loss_ce_2: 0.006767  loss_mask_2: 0.03123  loss_dice_2: 0.449  loss_ce_3: 0.006283  loss_mask_3: 0.03665  loss_dice_3: 0.5291  loss_ce_4: 0.006569  loss_mask_4: 0.03582  loss_dice_4: 0.5078  loss_ce_5: 0.006451  loss_mask_5: 0.04114  loss_dice_5: 0.5557  loss_ce_6: 0.005647  loss_mask_6: 0.03836  loss_dice_6: 0.5009  loss_ce_7: 0.004835  loss_mask_7: 0.03214  loss_dice_7: 0.5061  loss_ce_8: 0.004937  loss_mask_8: 0.03207  loss_dice_8: 0.51    time: 0.8060  last_time: 0.8600  data_time: 0.2052  last_data_time: 0.2052   lr: 1.0564e-05  max_mem: 12316M
[03/19 03:34:37 d2.utils.events]:  eta: 1:20:11  iter: 13939  total_loss: 9.199  loss_ce: 0.02214  loss_mask: 0.05637  loss_dice: 0.4361  loss_ce_0: 0.1481  loss_mask_0: 0.06462  loss_dice_0: 1.086  loss_ce_1: 0.0738  loss_mask_1: 0.05783  loss_dice_1: 0.702  loss_ce_2: 0.0384  loss_mask_2: 0.06416  loss_dice_2: 0.9378  loss_ce_3: 0.06688  loss_mask_3: 0.0646  loss_dice_3: 0.7061  loss_ce_4: 0.07851  loss_mask_4: 0.05797  loss_dice_4: 0.7775  loss_ce_5: 0.07255  loss_mask_5: 0.05818  loss_dice_5: 0.7317  loss_ce_6: 0.05993  loss_mask_6: 0.05233  loss_dice_6: 0.9762  loss_ce_7: 0.02873  loss_mask_7: 0.06077  loss_dice_7: 0.852  loss_ce_8: 0.06146  loss_mask_8: 0.06165  loss_dice_8: 0.7448    time: 0.8060  last_time: 0.7419  data_time: 0.0809  last_data_time: 0.0809   lr: 1.05e-05  max_mem: 12316M
[03/19 03:34:54 d2.utils.events]:  eta: 1:19:58  iter: 13959  total_loss: 10.9  loss_ce: 0.04019  loss_mask: 0.04972  loss_dice: 0.9417  loss_ce_0: 0.296  loss_mask_0: 0.04284  loss_dice_0: 0.9818  loss_ce_1: 0.1303  loss_mask_1: 0.047  loss_dice_1: 0.9381  loss_ce_2: 0.05656  loss_mask_2: 0.04966  loss_dice_2: 1.011  loss_ce_3: 0.05368  loss_mask_3: 0.05002  loss_dice_3: 0.8717  loss_ce_4: 0.06526  loss_mask_4: 0.04951  loss_dice_4: 1.02  loss_ce_5: 0.07062  loss_mask_5: 0.04733  loss_dice_5: 0.9649  loss_ce_6: 0.05112  loss_mask_6: 0.04659  loss_dice_6: 0.9433  loss_ce_7: 0.06368  loss_mask_7: 0.04623  loss_dice_7: 0.9641  loss_ce_8: 0.04395  loss_mask_8: 0.05095  loss_dice_8: 0.9115    time: 0.8060  last_time: 0.8258  data_time: 0.1357  last_data_time: 0.1357   lr: 1.0436e-05  max_mem: 12316M
[03/19 03:35:10 d2.utils.events]:  eta: 1:19:41  iter: 13979  total_loss: 8.906  loss_ce: 0.01962  loss_mask: 0.05056  loss_dice: 0.9719  loss_ce_0: 0.1254  loss_mask_0: 0.06298  loss_dice_0: 0.8676  loss_ce_1: 0.02719  loss_mask_1: 0.04655  loss_dice_1: 0.9161  loss_ce_2: 0.0234  loss_mask_2: 0.04987  loss_dice_2: 0.8809  loss_ce_3: 0.02008  loss_mask_3: 0.04998  loss_dice_3: 0.8402  loss_ce_4: 0.02034  loss_mask_4: 0.05084  loss_dice_4: 0.6409  loss_ce_5: 0.01789  loss_mask_5: 0.05277  loss_dice_5: 0.9917  loss_ce_6: 0.01708  loss_mask_6: 0.04145  loss_dice_6: 0.596  loss_ce_7: 0.01781  loss_mask_7: 0.04499  loss_dice_7: 0.729  loss_ce_8: 0.01857  loss_mask_8: 0.0452  loss_dice_8: 0.6695    time: 0.8060  last_time: 0.7777  data_time: 0.1035  last_data_time: 0.1035   lr: 1.0372e-05  max_mem: 12316M
[03/19 03:35:26 d2.utils.events]:  eta: 1:19:25  iter: 13999  total_loss: 8.115  loss_ce: 0.08755  loss_mask: 0.03219  loss_dice: 0.734  loss_ce_0: 0.2549  loss_mask_0: 0.03682  loss_dice_0: 0.8217  loss_ce_1: 0.1129  loss_mask_1: 0.03285  loss_dice_1: 0.5683  loss_ce_2: 0.06236  loss_mask_2: 0.0306  loss_dice_2: 0.7211  loss_ce_3: 0.1142  loss_mask_3: 0.03113  loss_dice_3: 0.5067  loss_ce_4: 0.1004  loss_mask_4: 0.029  loss_dice_4: 0.7097  loss_ce_5: 0.1014  loss_mask_5: 0.02519  loss_dice_5: 0.6106  loss_ce_6: 0.09357  loss_mask_6: 0.02929  loss_dice_6: 0.6338  loss_ce_7: 0.0695  loss_mask_7: 0.03706  loss_dice_7: 0.7311  loss_ce_8: 0.08385  loss_mask_8: 0.03037  loss_dice_8: 0.6827    time: 0.8060  last_time: 0.7745  data_time: 0.0903  last_data_time: 0.0903   lr: 1.0309e-05  max_mem: 12316M
[03/19 03:35:43 d2.utils.events]:  eta: 1:19:09  iter: 14019  total_loss: 6.428  loss_ce: 0.00517  loss_mask: 0.0354  loss_dice: 0.606  loss_ce_0: 0.2057  loss_mask_0: 0.04398  loss_dice_0: 0.6161  loss_ce_1: 0.01132  loss_mask_1: 0.03266  loss_dice_1: 0.6044  loss_ce_2: 0.004965  loss_mask_2: 0.02825  loss_dice_2: 0.6164  loss_ce_3: 0.004673  loss_mask_3: 0.03498  loss_dice_3: 0.6846  loss_ce_4: 0.005045  loss_mask_4: 0.03062  loss_dice_4: 0.4436  loss_ce_5: 0.0039  loss_mask_5: 0.03152  loss_dice_5: 0.5712  loss_ce_6: 0.00407  loss_mask_6: 0.0307  loss_dice_6: 0.5641  loss_ce_7: 0.004986  loss_mask_7: 0.03535  loss_dice_7: 0.5716  loss_ce_8: 0.005096  loss_mask_8: 0.03488  loss_dice_8: 0.5566    time: 0.8060  last_time: 0.8091  data_time: 0.1444  last_data_time: 0.1444   lr: 1.0245e-05  max_mem: 12316M
[03/19 03:35:59 d2.utils.events]:  eta: 1:18:54  iter: 14039  total_loss: 9.019  loss_ce: 0.03937  loss_mask: 0.04593  loss_dice: 0.7345  loss_ce_0: 0.3679  loss_mask_0: 0.05232  loss_dice_0: 0.8969  loss_ce_1: 0.1559  loss_mask_1: 0.04902  loss_dice_1: 0.7201  loss_ce_2: 0.0978  loss_mask_2: 0.05007  loss_dice_2: 0.7432  loss_ce_3: 0.1031  loss_mask_3: 0.04552  loss_dice_3: 0.7044  loss_ce_4: 0.087  loss_mask_4: 0.05735  loss_dice_4: 0.6301  loss_ce_5: 0.08242  loss_mask_5: 0.04945  loss_dice_5: 0.7512  loss_ce_6: 0.03632  loss_mask_6: 0.04402  loss_dice_6: 0.7667  loss_ce_7: 0.04025  loss_mask_7: 0.04976  loss_dice_7: 0.8156  loss_ce_8: 0.03748  loss_mask_8: 0.0499  loss_dice_8: 0.7156    time: 0.8061  last_time: 0.8282  data_time: 0.1464  last_data_time: 0.1464   lr: 1.0182e-05  max_mem: 12316M
[03/19 03:36:16 d2.utils.events]:  eta: 1:18:38  iter: 14059  total_loss: 7.47  loss_ce: 0.003295  loss_mask: 0.04837  loss_dice: 0.5885  loss_ce_0: 0.2467  loss_mask_0: 0.06004  loss_dice_0: 0.6377  loss_ce_1: 0.01457  loss_mask_1: 0.05178  loss_dice_1: 0.6707  loss_ce_2: 0.008309  loss_mask_2: 0.04746  loss_dice_2: 0.6113  loss_ce_3: 0.01107  loss_mask_3: 0.05274  loss_dice_3: 0.6915  loss_ce_4: 0.004952  loss_mask_4: 0.05174  loss_dice_4: 0.7199  loss_ce_5: 0.004125  loss_mask_5: 0.05444  loss_dice_5: 0.7231  loss_ce_6: 0.0034  loss_mask_6: 0.04713  loss_dice_6: 0.6423  loss_ce_7: 0.00325  loss_mask_7: 0.05375  loss_dice_7: 0.648  loss_ce_8: 0.003404  loss_mask_8: 0.05253  loss_dice_8: 0.7143    time: 0.8060  last_time: 0.8109  data_time: 0.1406  last_data_time: 0.1406   lr: 1.0119e-05  max_mem: 12316M
[03/19 03:36:32 d2.utils.events]:  eta: 1:18:21  iter: 14079  total_loss: 4.659  loss_ce: 0.006059  loss_mask: 0.02421  loss_dice: 0.4025  loss_ce_0: 0.08082  loss_mask_0: 0.02787  loss_dice_0: 0.4232  loss_ce_1: 0.008788  loss_mask_1: 0.02597  loss_dice_1: 0.3681  loss_ce_2: 0.005791  loss_mask_2: 0.0266  loss_dice_2: 0.4452  loss_ce_3: 0.004983  loss_mask_3: 0.03005  loss_dice_3: 0.5321  loss_ce_4: 0.006001  loss_mask_4: 0.02152  loss_dice_4: 0.4128  loss_ce_5: 0.005248  loss_mask_5: 0.02631  loss_dice_5: 0.4506  loss_ce_6: 0.005387  loss_mask_6: 0.02557  loss_dice_6: 0.3829  loss_ce_7: 0.006422  loss_mask_7: 0.02222  loss_dice_7: 0.4189  loss_ce_8: 0.006343  loss_mask_8: 0.02591  loss_dice_8: 0.4305    time: 0.8060  last_time: 0.7749  data_time: 0.1066  last_data_time: 0.1066   lr: 1.0056e-05  max_mem: 12316M
[03/19 03:36:49 d2.utils.events]:  eta: 1:18:05  iter: 14099  total_loss: 7.27  loss_ce: 0.01022  loss_mask: 0.04297  loss_dice: 0.6345  loss_ce_0: 0.1798  loss_mask_0: 0.06248  loss_dice_0: 0.7342  loss_ce_1: 0.01385  loss_mask_1: 0.0464  loss_dice_1: 0.6299  loss_ce_2: 0.01157  loss_mask_2: 0.04593  loss_dice_2: 0.7105  loss_ce_3: 0.01193  loss_mask_3: 0.04573  loss_dice_3: 0.6374  loss_ce_4: 0.01116  loss_mask_4: 0.04626  loss_dice_4: 0.6182  loss_ce_5: 0.01257  loss_mask_5: 0.04485  loss_dice_5: 0.6442  loss_ce_6: 0.00939  loss_mask_6: 0.04476  loss_dice_6: 0.6009  loss_ce_7: 0.009251  loss_mask_7: 0.04539  loss_dice_7: 0.6842  loss_ce_8: 0.01056  loss_mask_8: 0.04567  loss_dice_8: 0.6255    time: 0.8061  last_time: 0.8715  data_time: 0.1942  last_data_time: 0.1942   lr: 9.9926e-06  max_mem: 12316M
[03/19 03:37:04 d2.utils.events]:  eta: 1:17:48  iter: 14119  total_loss: 5.139  loss_ce: 0.00391  loss_mask: 0.02942  loss_dice: 0.4604  loss_ce_0: 0.132  loss_mask_0: 0.04419  loss_dice_0: 0.5654  loss_ce_1: 0.01387  loss_mask_1: 0.03312  loss_dice_1: 0.4583  loss_ce_2: 0.003712  loss_mask_2: 0.0284  loss_dice_2: 0.4534  loss_ce_3: 0.004623  loss_mask_3: 0.02651  loss_dice_3: 0.4424  loss_ce_4: 0.004681  loss_mask_4: 0.028  loss_dice_4: 0.472  loss_ce_5: 0.00458  loss_mask_5: 0.03054  loss_dice_5: 0.4931  loss_ce_6: 0.004036  loss_mask_6: 0.02861  loss_dice_6: 0.4608  loss_ce_7: 0.003439  loss_mask_7: 0.03006  loss_dice_7: 0.4221  loss_ce_8: 0.003378  loss_mask_8: 0.02739  loss_dice_8: 0.427    time: 0.8060  last_time: 0.7473  data_time: 0.0731  last_data_time: 0.0731   lr: 9.9299e-06  max_mem: 12316M
[03/19 03:37:21 d2.utils.events]:  eta: 1:17:31  iter: 14139  total_loss: 5.581  loss_ce: 0.005722  loss_mask: 0.05135  loss_dice: 0.5166  loss_ce_0: 0.1395  loss_mask_0: 0.08606  loss_dice_0: 0.5408  loss_ce_1: 0.006272  loss_mask_1: 0.04513  loss_dice_1: 0.4164  loss_ce_2: 0.01004  loss_mask_2: 0.04351  loss_dice_2: 0.4902  loss_ce_3: 0.006915  loss_mask_3: 0.05147  loss_dice_3: 0.511  loss_ce_4: 0.007847  loss_mask_4: 0.04482  loss_dice_4: 0.4799  loss_ce_5: 0.00551  loss_mask_5: 0.05111  loss_dice_5: 0.4756  loss_ce_6: 0.005496  loss_mask_6: 0.04725  loss_dice_6: 0.4607  loss_ce_7: 0.005445  loss_mask_7: 0.04894  loss_dice_7: 0.4988  loss_ce_8: 0.005894  loss_mask_8: 0.04848  loss_dice_8: 0.4739    time: 0.8060  last_time: 0.7796  data_time: 0.1116  last_data_time: 0.1116   lr: 9.8673e-06  max_mem: 12316M
[03/19 03:37:37 d2.utils.events]:  eta: 1:17:14  iter: 14159  total_loss: 7.779  loss_ce: 0.00487  loss_mask: 0.03282  loss_dice: 0.6829  loss_ce_0: 0.1184  loss_mask_0: 0.03787  loss_dice_0: 1.117  loss_ce_1: 0.003696  loss_mask_1: 0.02095  loss_dice_1: 0.5549  loss_ce_2: 0.008585  loss_mask_2: 0.03347  loss_dice_2: 0.6804  loss_ce_3: 0.005431  loss_mask_3: 0.02703  loss_dice_3: 0.6277  loss_ce_4: 0.004471  loss_mask_4: 0.02765  loss_dice_4: 0.7138  loss_ce_5: 0.004748  loss_mask_5: 0.02805  loss_dice_5: 0.739  loss_ce_6: 0.004397  loss_mask_6: 0.032  loss_dice_6: 0.7662  loss_ce_7: 0.004989  loss_mask_7: 0.03823  loss_dice_7: 0.7945  loss_ce_8: 0.004567  loss_mask_8: 0.03139  loss_dice_8: 0.6289    time: 0.8060  last_time: 0.7784  data_time: 0.1065  last_data_time: 0.1065   lr: 9.8049e-06  max_mem: 12316M
[03/19 03:37:53 d2.utils.events]:  eta: 1:16:58  iter: 14179  total_loss: 8.913  loss_ce: 0.01282  loss_mask: 0.08437  loss_dice: 0.7787  loss_ce_0: 0.08303  loss_mask_0: 0.1022  loss_dice_0: 0.9313  loss_ce_1: 0.04335  loss_mask_1: 0.05281  loss_dice_1: 0.7063  loss_ce_2: 0.0182  loss_mask_2: 0.05997  loss_dice_2: 0.807  loss_ce_3: 0.01572  loss_mask_3: 0.07638  loss_dice_3: 0.8027  loss_ce_4: 0.01356  loss_mask_4: 0.07053  loss_dice_4: 0.7977  loss_ce_5: 0.01429  loss_mask_5: 0.07115  loss_dice_5: 0.7905  loss_ce_6: 0.01443  loss_mask_6: 0.06362  loss_dice_6: 0.7316  loss_ce_7: 0.01447  loss_mask_7: 0.0716  loss_dice_7: 0.8184  loss_ce_8: 0.01285  loss_mask_8: 0.07578  loss_dice_8: 0.778    time: 0.8060  last_time: 0.9451  data_time: 0.2729  last_data_time: 0.2729   lr: 9.7426e-06  max_mem: 12316M
[03/19 03:38:10 d2.utils.events]:  eta: 1:16:40  iter: 14199  total_loss: 4.444  loss_ce: 0.009422  loss_mask: 0.04039  loss_dice: 0.3492  loss_ce_0: 0.1937  loss_mask_0: 0.05968  loss_dice_0: 0.4109  loss_ce_1: 0.01797  loss_mask_1: 0.04324  loss_dice_1: 0.3656  loss_ce_2: 0.0112  loss_mask_2: 0.04012  loss_dice_2: 0.3263  loss_ce_3: 0.01114  loss_mask_3: 0.03859  loss_dice_3: 0.3555  loss_ce_4: 0.008579  loss_mask_4: 0.03928  loss_dice_4: 0.413  loss_ce_5: 0.01009  loss_mask_5: 0.03998  loss_dice_5: 0.4008  loss_ce_6: 0.01091  loss_mask_6: 0.04259  loss_dice_6: 0.3531  loss_ce_7: 0.01015  loss_mask_7: 0.04  loss_dice_7: 0.3975  loss_ce_8: 0.008961  loss_mask_8: 0.03998  loss_dice_8: 0.3557    time: 0.8060  last_time: 0.9568  data_time: 0.1665  last_data_time: 0.1665   lr: 9.6804e-06  max_mem: 12316M
[03/19 03:38:26 d2.utils.events]:  eta: 1:16:23  iter: 14219  total_loss: 10.52  loss_ce: 0.03848  loss_mask: 0.03186  loss_dice: 1.049  loss_ce_0: 0.1753  loss_mask_0: 0.02008  loss_dice_0: 0.7314  loss_ce_1: 0.0808  loss_mask_1: 0.02594  loss_dice_1: 1.128  loss_ce_2: 0.09676  loss_mask_2: 0.02294  loss_dice_2: 0.9284  loss_ce_3: 0.1038  loss_mask_3: 0.025  loss_dice_3: 0.7501  loss_ce_4: 0.1043  loss_mask_4: 0.02171  loss_dice_4: 0.9349  loss_ce_5: 0.04188  loss_mask_5: 0.02299  loss_dice_5: 0.7901  loss_ce_6: 0.1035  loss_mask_6: 0.01918  loss_dice_6: 1  loss_ce_7: 0.09462  loss_mask_7: 0.03371  loss_dice_7: 1.108  loss_ce_8: 0.04256  loss_mask_8: 0.02937  loss_dice_8: 0.9672    time: 0.8060  last_time: 0.8172  data_time: 0.1515  last_data_time: 0.1515   lr: 9.6184e-06  max_mem: 12316M
[03/19 03:38:43 d2.utils.events]:  eta: 1:16:05  iter: 14239  total_loss: 10.8  loss_ce: 0.03724  loss_mask: 0.03889  loss_dice: 0.9582  loss_ce_0: 0.1161  loss_mask_0: 0.04128  loss_dice_0: 0.9659  loss_ce_1: 0.1001  loss_mask_1: 0.05042  loss_dice_1: 1.023  loss_ce_2: 0.1109  loss_mask_2: 0.03683  loss_dice_2: 0.942  loss_ce_3: 0.04253  loss_mask_3: 0.03977  loss_dice_3: 0.9918  loss_ce_4: 0.04204  loss_mask_4: 0.05051  loss_dice_4: 0.9986  loss_ce_5: 0.04244  loss_mask_5: 0.04097  loss_dice_5: 0.9614  loss_ce_6: 0.03759  loss_mask_6: 0.03621  loss_dice_6: 0.9774  loss_ce_7: 0.03836  loss_mask_7: 0.04044  loss_dice_7: 0.9868  loss_ce_8: 0.03776  loss_mask_8: 0.04492  loss_dice_8: 0.9649    time: 0.8060  last_time: 0.8059  data_time: 0.1361  last_data_time: 0.1361   lr: 9.5566e-06  max_mem: 12316M
[03/19 03:38:59 d2.utils.events]:  eta: 1:15:47  iter: 14259  total_loss: 10.55  loss_ce: 0.06505  loss_mask: 0.03398  loss_dice: 0.7673  loss_ce_0: 0.2216  loss_mask_0: 0.03866  loss_dice_0: 0.9566  loss_ce_1: 0.3187  loss_mask_1: 0.03273  loss_dice_1: 0.996  loss_ce_2: 0.1097  loss_mask_2: 0.03312  loss_dice_2: 0.7997  loss_ce_3: 0.09911  loss_mask_3: 0.03269  loss_dice_3: 0.6438  loss_ce_4: 0.09446  loss_mask_4: 0.03749  loss_dice_4: 0.8968  loss_ce_5: 0.139  loss_mask_5: 0.03718  loss_dice_5: 1.021  loss_ce_6: 0.07478  loss_mask_6: 0.03987  loss_dice_6: 1.124  loss_ce_7: 0.1397  loss_mask_7: 0.0361  loss_dice_7: 0.7852  loss_ce_8: 0.1283  loss_mask_8: 0.03022  loss_dice_8: 0.8133    time: 0.8061  last_time: 0.9120  data_time: 0.2378  last_data_time: 0.2378   lr: 9.4949e-06  max_mem: 12316M
[03/19 03:39:16 d2.utils.events]:  eta: 1:15:31  iter: 14279  total_loss: 4.974  loss_ce: 0.006791  loss_mask: 0.02388  loss_dice: 0.4289  loss_ce_0: 0.08398  loss_mask_0: 0.02577  loss_dice_0: 0.5295  loss_ce_1: 0.004682  loss_mask_1: 0.02387  loss_dice_1: 0.4384  loss_ce_2: 0.007609  loss_mask_2: 0.02922  loss_dice_2: 0.5144  loss_ce_3: 0.006074  loss_mask_3: 0.02497  loss_dice_3: 0.4539  loss_ce_4: 0.005945  loss_mask_4: 0.02805  loss_dice_4: 0.4333  loss_ce_5: 0.006539  loss_mask_5: 0.0293  loss_dice_5: 0.4626  loss_ce_6: 0.005997  loss_mask_6: 0.02818  loss_dice_6: 0.4239  loss_ce_7: 0.005926  loss_mask_7: 0.02358  loss_dice_7: 0.3656  loss_ce_8: 0.006581  loss_mask_8: 0.03386  loss_dice_8: 0.5125    time: 0.8061  last_time: 0.8101  data_time: 0.1486  last_data_time: 0.1486   lr: 9.4334e-06  max_mem: 12316M
[03/19 03:39:32 d2.utils.events]:  eta: 1:15:15  iter: 14299  total_loss: 7.059  loss_ce: 0.09694  loss_mask: 0.05423  loss_dice: 0.6065  loss_ce_0: 0.1271  loss_mask_0: 0.04182  loss_dice_0: 0.7468  loss_ce_1: 0.01367  loss_mask_1: 0.03868  loss_dice_1: 0.6524  loss_ce_2: 0.02164  loss_mask_2: 0.0349  loss_dice_2: 0.5635  loss_ce_3: 0.01319  loss_mask_3: 0.03796  loss_dice_3: 0.5243  loss_ce_4: 0.01729  loss_mask_4: 0.04111  loss_dice_4: 0.6538  loss_ce_5: 0.02022  loss_mask_5: 0.03636  loss_dice_5: 0.6116  loss_ce_6: 0.01792  loss_mask_6: 0.03371  loss_dice_6: 0.611  loss_ce_7: 0.01946  loss_mask_7: 0.03696  loss_dice_7: 0.6029  loss_ce_8: 0.02799  loss_mask_8: 0.03903  loss_dice_8: 0.7159    time: 0.8061  last_time: 0.7961  data_time: 0.1279  last_data_time: 0.1279   lr: 9.372e-06  max_mem: 12316M
[03/19 03:39:48 d2.utils.events]:  eta: 1:14:58  iter: 14319  total_loss: 7.77  loss_ce: 0.05218  loss_mask: 0.03146  loss_dice: 0.5708  loss_ce_0: 0.1499  loss_mask_0: 0.03212  loss_dice_0: 0.7705  loss_ce_1: 0.06751  loss_mask_1: 0.03317  loss_dice_1: 0.6792  loss_ce_2: 0.0407  loss_mask_2: 0.03332  loss_dice_2: 0.5154  loss_ce_3: 0.04707  loss_mask_3: 0.03195  loss_dice_3: 0.8714  loss_ce_4: 0.05122  loss_mask_4: 0.03466  loss_dice_4: 0.8015  loss_ce_5: 0.05542  loss_mask_5: 0.03726  loss_dice_5: 0.7665  loss_ce_6: 0.05218  loss_mask_6: 0.03036  loss_dice_6: 0.6771  loss_ce_7: 0.0514  loss_mask_7: 0.02504  loss_dice_7: 0.432  loss_ce_8: 0.05505  loss_mask_8: 0.03398  loss_dice_8: 0.7394    time: 0.8060  last_time: 0.7928  data_time: 0.1322  last_data_time: 0.1322   lr: 9.3108e-06  max_mem: 12316M
[03/19 03:40:04 d2.utils.events]:  eta: 1:14:41  iter: 14339  total_loss: 9.449  loss_ce: 0.05849  loss_mask: 0.03327  loss_dice: 0.6777  loss_ce_0: 0.1487  loss_mask_0: 0.04437  loss_dice_0: 0.7871  loss_ce_1: 0.07718  loss_mask_1: 0.04673  loss_dice_1: 0.9878  loss_ce_2: 0.03637  loss_mask_2: 0.04949  loss_dice_2: 0.7898  loss_ce_3: 0.04846  loss_mask_3: 0.03735  loss_dice_3: 0.7333  loss_ce_4: 0.05561  loss_mask_4: 0.03684  loss_dice_4: 0.709  loss_ce_5: 0.05573  loss_mask_5: 0.03695  loss_dice_5: 0.878  loss_ce_6: 0.0104  loss_mask_6: 0.05577  loss_dice_6: 1.119  loss_ce_7: 0.0473  loss_mask_7: 0.04598  loss_dice_7: 0.9503  loss_ce_8: 0.05955  loss_mask_8: 0.03642  loss_dice_8: 0.7961    time: 0.8060  last_time: 0.8406  data_time: 0.1662  last_data_time: 0.1662   lr: 9.2497e-06  max_mem: 12316M
[03/19 03:40:20 d2.utils.events]:  eta: 1:14:23  iter: 14359  total_loss: 5.235  loss_ce: 0.01115  loss_mask: 0.03243  loss_dice: 0.4735  loss_ce_0: 0.1774  loss_mask_0: 0.03626  loss_dice_0: 0.5318  loss_ce_1: 0.009021  loss_mask_1: 0.0318  loss_dice_1: 0.448  loss_ce_2: 0.01133  loss_mask_2: 0.03152  loss_dice_2: 0.4899  loss_ce_3: 0.009225  loss_mask_3: 0.02776  loss_dice_3: 0.4604  loss_ce_4: 0.009941  loss_mask_4: 0.0308  loss_dice_4: 0.4809  loss_ce_5: 0.01234  loss_mask_5: 0.02618  loss_dice_5: 0.451  loss_ce_6: 0.0107  loss_mask_6: 0.02872  loss_dice_6: 0.4154  loss_ce_7: 0.009367  loss_mask_7: 0.02898  loss_dice_7: 0.4621  loss_ce_8: 0.009235  loss_mask_8: 0.02582  loss_dice_8: 0.4526    time: 0.8060  last_time: 0.7694  data_time: 0.1095  last_data_time: 0.1095   lr: 9.1888e-06  max_mem: 12316M
[03/19 03:40:36 d2.utils.events]:  eta: 1:14:06  iter: 14379  total_loss: 8.668  loss_ce: 0.02851  loss_mask: 0.04399  loss_dice: 0.7651  loss_ce_0: 0.3845  loss_mask_0: 0.06485  loss_dice_0: 0.9316  loss_ce_1: 0.08794  loss_mask_1: 0.04544  loss_dice_1: 0.6208  loss_ce_2: 0.1029  loss_mask_2: 0.04141  loss_dice_2: 0.6629  loss_ce_3: 0.09786  loss_mask_3: 0.0409  loss_dice_3: 0.7327  loss_ce_4: 0.02992  loss_mask_4: 0.04178  loss_dice_4: 0.7896  loss_ce_5: 0.1043  loss_mask_5: 0.04302  loss_dice_5: 0.6684  loss_ce_6: 0.1019  loss_mask_6: 0.03836  loss_dice_6: 0.6424  loss_ce_7: 0.1036  loss_mask_7: 0.0435  loss_dice_7: 0.7045  loss_ce_8: 0.02715  loss_mask_8: 0.0416  loss_dice_8: 0.6366    time: 0.8060  last_time: 0.8457  data_time: 0.1815  last_data_time: 0.1815   lr: 9.128e-06  max_mem: 12316M
[03/19 03:40:53 d2.utils.events]:  eta: 1:13:46  iter: 14399  total_loss: 8.877  loss_ce: 0.02742  loss_mask: 0.0379  loss_dice: 0.8226  loss_ce_0: 0.08308  loss_mask_0: 0.04623  loss_dice_0: 0.9571  loss_ce_1: 0.02782  loss_mask_1: 0.03905  loss_dice_1: 0.8211  loss_ce_2: 0.1742  loss_mask_2: 0.04095  loss_dice_2: 0.9182  loss_ce_3: 0.03122  loss_mask_3: 0.03805  loss_dice_3: 0.8152  loss_ce_4: 0.02503  loss_mask_4: 0.03759  loss_dice_4: 0.483  loss_ce_5: 0.02164  loss_mask_5: 0.03782  loss_dice_5: 0.646  loss_ce_6: 0.07861  loss_mask_6: 0.04419  loss_dice_6: 0.8981  loss_ce_7: 0.06862  loss_mask_7: 0.03624  loss_dice_7: 0.7961  loss_ce_8: 0.02581  loss_mask_8: 0.03753  loss_dice_8: 0.761    time: 0.8060  last_time: 0.7943  data_time: 0.1281  last_data_time: 0.1281   lr: 9.0674e-06  max_mem: 12316M
[03/19 03:41:09 d2.utils.events]:  eta: 1:13:31  iter: 14419  total_loss: 6.052  loss_ce: 0.006706  loss_mask: 0.03308  loss_dice: 0.6114  loss_ce_0: 0.08468  loss_mask_0: 0.03971  loss_dice_0: 0.7152  loss_ce_1: 0.005654  loss_mask_1: 0.03074  loss_dice_1: 0.5453  loss_ce_2: 0.009159  loss_mask_2: 0.03531  loss_dice_2: 0.5436  loss_ce_3: 0.009841  loss_mask_3: 0.03201  loss_dice_3: 0.4624  loss_ce_4: 0.007666  loss_mask_4: 0.03399  loss_dice_4: 0.5674  loss_ce_5: 0.006851  loss_mask_5: 0.03353  loss_dice_5: 0.511  loss_ce_6: 0.005513  loss_mask_6: 0.03804  loss_dice_6: 0.6038  loss_ce_7: 0.005896  loss_mask_7: 0.03014  loss_dice_7: 0.4967  loss_ce_8: 0.005486  loss_mask_8: 0.0331  loss_dice_8: 0.5085    time: 0.8060  last_time: 0.8525  data_time: 0.1823  last_data_time: 0.1823   lr: 9.007e-06  max_mem: 12316M
[03/19 03:41:25 d2.utils.events]:  eta: 1:13:15  iter: 14439  total_loss: 7.531  loss_ce: 0.06522  loss_mask: 0.02499  loss_dice: 0.6358  loss_ce_0: 0.1301  loss_mask_0: 0.03146  loss_dice_0: 0.6007  loss_ce_1: 0.03638  loss_mask_1: 0.02835  loss_dice_1: 0.7829  loss_ce_2: 0.08576  loss_mask_2: 0.02477  loss_dice_2: 0.6296  loss_ce_3: 0.04705  loss_mask_3: 0.02715  loss_dice_3: 0.5019  loss_ce_4: 0.04941  loss_mask_4: 0.02552  loss_dice_4: 0.7318  loss_ce_5: 0.04459  loss_mask_5: 0.02659  loss_dice_5: 0.6598  loss_ce_6: 0.04791  loss_mask_6: 0.02744  loss_dice_6: 0.754  loss_ce_7: 0.04866  loss_mask_7: 0.02744  loss_dice_7: 0.6245  loss_ce_8: 0.06633  loss_mask_8: 0.02885  loss_dice_8: 0.7161    time: 0.8060  last_time: 0.7956  data_time: 0.1234  last_data_time: 0.1234   lr: 8.9467e-06  max_mem: 12316M
[03/19 03:41:42 d2.utils.events]:  eta: 1:13:01  iter: 14459  total_loss: 9.325  loss_ce: 0.05066  loss_mask: 0.04931  loss_dice: 0.8524  loss_ce_0: 0.38  loss_mask_0: 0.07397  loss_dice_0: 0.9362  loss_ce_1: 0.172  loss_mask_1: 0.05143  loss_dice_1: 0.7074  loss_ce_2: 0.1323  loss_mask_2: 0.06413  loss_dice_2: 0.8416  loss_ce_3: 0.06169  loss_mask_3: 0.05925  loss_dice_3: 0.8672  loss_ce_4: 0.07959  loss_mask_4: 0.05485  loss_dice_4: 0.6554  loss_ce_5: 0.08289  loss_mask_5: 0.05007  loss_dice_5: 0.6561  loss_ce_6: 0.07302  loss_mask_6: 0.04866  loss_dice_6: 0.6641  loss_ce_7: 0.07842  loss_mask_7: 0.0454  loss_dice_7: 0.7384  loss_ce_8: 0.07838  loss_mask_8: 0.04454  loss_dice_8: 0.6755    time: 0.8060  last_time: 0.9129  data_time: 0.2295  last_data_time: 0.2295   lr: 8.8866e-06  max_mem: 12316M
[03/19 03:41:58 d2.utils.events]:  eta: 1:12:48  iter: 14479  total_loss: 5.957  loss_ce: 0.009951  loss_mask: 0.03524  loss_dice: 0.5777  loss_ce_0: 0.08148  loss_mask_0: 0.04338  loss_dice_0: 0.5636  loss_ce_1: 0.0121  loss_mask_1: 0.03627  loss_dice_1: 0.5297  loss_ce_2: 0.01464  loss_mask_2: 0.03456  loss_dice_2: 0.5518  loss_ce_3: 0.01294  loss_mask_3: 0.03578  loss_dice_3: 0.5406  loss_ce_4: 0.01272  loss_mask_4: 0.03666  loss_dice_4: 0.5215  loss_ce_5: 0.01206  loss_mask_5: 0.03242  loss_dice_5: 0.5083  loss_ce_6: 0.01259  loss_mask_6: 0.03738  loss_dice_6: 0.5412  loss_ce_7: 0.01124  loss_mask_7: 0.03262  loss_dice_7: 0.5176  loss_ce_8: 0.01033  loss_mask_8: 0.03815  loss_dice_8: 0.5528    time: 0.8060  last_time: 0.8155  data_time: 0.1368  last_data_time: 0.1368   lr: 8.8266e-06  max_mem: 12316M
[03/19 03:42:15 d2.utils.events]:  eta: 1:12:37  iter: 14499  total_loss: 12  loss_ce: 0.09772  loss_mask: 0.04573  loss_dice: 0.9165  loss_ce_0: 0.2656  loss_mask_0: 0.07719  loss_dice_0: 1.142  loss_ce_1: 0.09827  loss_mask_1: 0.04626  loss_dice_1: 0.8564  loss_ce_2: 0.09663  loss_mask_2: 0.04509  loss_dice_2: 0.8448  loss_ce_3: 0.1336  loss_mask_3: 0.07502  loss_dice_3: 1.365  loss_ce_4: 0.04448  loss_mask_4: 0.05432  loss_dice_4: 1.056  loss_ce_5: 0.09765  loss_mask_5: 0.04864  loss_dice_5: 0.8367  loss_ce_6: 0.09484  loss_mask_6: 0.05231  loss_dice_6: 1.224  loss_ce_7: 0.04094  loss_mask_7: 0.05055  loss_dice_7: 1.104  loss_ce_8: 0.09286  loss_mask_8: 0.05432  loss_dice_8: 1.045    time: 0.8060  last_time: 0.8597  data_time: 0.1937  last_data_time: 0.1937   lr: 8.7668e-06  max_mem: 12316M
[03/19 03:42:31 d2.utils.events]:  eta: 1:12:23  iter: 14519  total_loss: 9.067  loss_ce: 0.06122  loss_mask: 0.03529  loss_dice: 0.6409  loss_ce_0: 0.2152  loss_mask_0: 0.04353  loss_dice_0: 1.019  loss_ce_1: 0.07823  loss_mask_1: 0.04491  loss_dice_1: 0.8583  loss_ce_2: 0.06612  loss_mask_2: 0.03334  loss_dice_2: 0.6351  loss_ce_3: 0.05413  loss_mask_3: 0.03852  loss_dice_3: 0.722  loss_ce_4: 0.07626  loss_mask_4: 0.03921  loss_dice_4: 0.7364  loss_ce_5: 0.08512  loss_mask_5: 0.04483  loss_dice_5: 0.7785  loss_ce_6: 0.02676  loss_mask_6: 0.03951  loss_dice_6: 1.088  loss_ce_7: 0.07891  loss_mask_7: 0.0332  loss_dice_7: 0.7146  loss_ce_8: 0.07789  loss_mask_8: 0.03285  loss_dice_8: 0.6689    time: 0.8060  last_time: 0.8428  data_time: 0.1813  last_data_time: 0.1813   lr: 8.7071e-06  max_mem: 12316M
[03/19 03:42:48 d2.utils.events]:  eta: 1:12:07  iter: 14539  total_loss: 8.38  loss_ce: 0.03448  loss_mask: 0.02537  loss_dice: 0.8125  loss_ce_0: 0.09542  loss_mask_0: 0.02575  loss_dice_0: 1.057  loss_ce_1: 0.03512  loss_mask_1: 0.0252  loss_dice_1: 0.7663  loss_ce_2: 0.06247  loss_mask_2: 0.02231  loss_dice_2: 0.7177  loss_ce_3: 0.07176  loss_mask_3: 0.02147  loss_dice_3: 0.6295  loss_ce_4: 0.06581  loss_mask_4: 0.02344  loss_dice_4: 0.6059  loss_ce_5: 0.03457  loss_mask_5: 0.02706  loss_dice_5: 0.8288  loss_ce_6: 0.03595  loss_mask_6: 0.02186  loss_dice_6: 0.6903  loss_ce_7: 0.03549  loss_mask_7: 0.01823  loss_dice_7: 0.7183  loss_ce_8: 0.03389  loss_mask_8: 0.02977  loss_dice_8: 0.808    time: 0.8060  last_time: 0.8035  data_time: 0.1308  last_data_time: 0.1308   lr: 8.6476e-06  max_mem: 12316M
[03/19 03:43:04 d2.utils.events]:  eta: 1:11:51  iter: 14559  total_loss: 5.786  loss_ce: 0.003165  loss_mask: 0.03451  loss_dice: 0.5788  loss_ce_0: 0.2349  loss_mask_0: 0.03665  loss_dice_0: 0.5434  loss_ce_1: 0.01911  loss_mask_1: 0.02768  loss_dice_1: 0.5045  loss_ce_2: 0.02428  loss_mask_2: 0.02971  loss_dice_2: 0.4765  loss_ce_3: 0.004148  loss_mask_3: 0.03212  loss_dice_3: 0.4794  loss_ce_4: 0.004265  loss_mask_4: 0.03639  loss_dice_4: 0.5194  loss_ce_5: 0.00425  loss_mask_5: 0.03192  loss_dice_5: 0.5411  loss_ce_6: 0.003911  loss_mask_6: 0.03274  loss_dice_6: 0.5249  loss_ce_7: 0.003482  loss_mask_7: 0.03044  loss_dice_7: 0.4647  loss_ce_8: 0.003335  loss_mask_8: 0.0296  loss_dice_8: 0.527    time: 0.8060  last_time: 0.7465  data_time: 0.0782  last_data_time: 0.0782   lr: 8.5883e-06  max_mem: 12316M
[03/19 03:43:20 d2.utils.events]:  eta: 1:11:35  iter: 14579  total_loss: 7.184  loss_ce: 0.006906  loss_mask: 0.03816  loss_dice: 0.6396  loss_ce_0: 0.2333  loss_mask_0: 0.04188  loss_dice_0: 0.7714  loss_ce_1: 0.01047  loss_mask_1: 0.03423  loss_dice_1: 0.6275  loss_ce_2: 0.007705  loss_mask_2: 0.03673  loss_dice_2: 0.6425  loss_ce_3: 0.008293  loss_mask_3: 0.03734  loss_dice_3: 0.6865  loss_ce_4: 0.008381  loss_mask_4: 0.03375  loss_dice_4: 0.5946  loss_ce_5: 0.007196  loss_mask_5: 0.03868  loss_dice_5: 0.6929  loss_ce_6: 0.007458  loss_mask_6: 0.03476  loss_dice_6: 0.5913  loss_ce_7: 0.006943  loss_mask_7: 0.03741  loss_dice_7: 0.6065  loss_ce_8: 0.007167  loss_mask_8: 0.03641  loss_dice_8: 0.658    time: 0.8060  last_time: 0.8294  data_time: 0.1516  last_data_time: 0.1516   lr: 8.5292e-06  max_mem: 12316M
[03/19 03:43:37 d2.utils.events]:  eta: 1:11:18  iter: 14599  total_loss: 5.416  loss_ce: 0.0267  loss_mask: 0.04355  loss_dice: 0.4455  loss_ce_0: 0.2223  loss_mask_0: 0.04792  loss_dice_0: 0.5115  loss_ce_1: 0.04779  loss_mask_1: 0.0439  loss_dice_1: 0.4169  loss_ce_2: 0.05196  loss_mask_2: 0.04375  loss_dice_2: 0.4541  loss_ce_3: 0.02975  loss_mask_3: 0.04283  loss_dice_3: 0.4413  loss_ce_4: 0.0238  loss_mask_4: 0.04542  loss_dice_4: 0.446  loss_ce_5: 0.0248  loss_mask_5: 0.04067  loss_dice_5: 0.4132  loss_ce_6: 0.02519  loss_mask_6: 0.04361  loss_dice_6: 0.4433  loss_ce_7: 0.03327  loss_mask_7: 0.04297  loss_dice_7: 0.4053  loss_ce_8: 0.03158  loss_mask_8: 0.04505  loss_dice_8: 0.4817    time: 0.8060  last_time: 0.8999  data_time: 0.2260  last_data_time: 0.2260   lr: 8.4701e-06  max_mem: 12316M
[03/19 03:43:53 d2.utils.events]:  eta: 1:11:05  iter: 14619  total_loss: 7.362  loss_ce: 0.01909  loss_mask: 0.0574  loss_dice: 0.6118  loss_ce_0: 0.07757  loss_mask_0: 0.07263  loss_dice_0: 0.7843  loss_ce_1: 0.01681  loss_mask_1: 0.05812  loss_dice_1: 0.6517  loss_ce_2: 0.01813  loss_mask_2: 0.04584  loss_dice_2: 0.618  loss_ce_3: 0.01829  loss_mask_3: 0.05102  loss_dice_3: 0.5649  loss_ce_4: 0.01853  loss_mask_4: 0.05183  loss_dice_4: 0.6568  loss_ce_5: 0.01807  loss_mask_5: 0.05006  loss_dice_5: 0.64  loss_ce_6: 0.01717  loss_mask_6: 0.05665  loss_dice_6: 0.6784  loss_ce_7: 0.0173  loss_mask_7: 0.06067  loss_dice_7: 0.6697  loss_ce_8: 0.01995  loss_mask_8: 0.05428  loss_dice_8: 0.6873    time: 0.8061  last_time: 0.8426  data_time: 0.1715  last_data_time: 0.1715   lr: 8.4113e-06  max_mem: 12316M
[03/19 03:44:09 d2.utils.events]:  eta: 1:10:47  iter: 14639  total_loss: 8.89  loss_ce: 0.04996  loss_mask: 0.04091  loss_dice: 0.6321  loss_ce_0: 0.2518  loss_mask_0: 0.0558  loss_dice_0: 0.8197  loss_ce_1: 0.09932  loss_mask_1: 0.06182  loss_dice_1: 0.9097  loss_ce_2: 0.08471  loss_mask_2: 0.04815  loss_dice_2: 0.8295  loss_ce_3: 0.04754  loss_mask_3: 0.05072  loss_dice_3: 0.7912  loss_ce_4: 0.0542  loss_mask_4: 0.05068  loss_dice_4: 0.7771  loss_ce_5: 0.05132  loss_mask_5: 0.05218  loss_dice_5: 0.8077  loss_ce_6: 0.06267  loss_mask_6: 0.04862  loss_dice_6: 0.6661  loss_ce_7: 0.06309  loss_mask_7: 0.04456  loss_dice_7: 0.7012  loss_ce_8: 0.03301  loss_mask_8: 0.04483  loss_dice_8: 0.6597    time: 0.8060  last_time: 0.8293  data_time: 0.1100  last_data_time: 0.1100   lr: 8.3526e-06  max_mem: 12316M
[03/19 03:44:26 d2.utils.events]:  eta: 1:10:30  iter: 14659  total_loss: 7.215  loss_ce: 0.007981  loss_mask: 0.06143  loss_dice: 0.6014  loss_ce_0: 0.15  loss_mask_0: 0.09063  loss_dice_0: 0.7427  loss_ce_1: 0.01323  loss_mask_1: 0.06302  loss_dice_1: 0.648  loss_ce_2: 0.01065  loss_mask_2: 0.06101  loss_dice_2: 0.6474  loss_ce_3: 0.008272  loss_mask_3: 0.06246  loss_dice_3: 0.6244  loss_ce_4: 0.007616  loss_mask_4: 0.07404  loss_dice_4: 0.6847  loss_ce_5: 0.007111  loss_mask_5: 0.06116  loss_dice_5: 0.63  loss_ce_6: 0.008556  loss_mask_6: 0.06779  loss_dice_6: 0.6507  loss_ce_7: 0.007366  loss_mask_7: 0.06101  loss_dice_7: 0.5607  loss_ce_8: 0.007179  loss_mask_8: 0.06694  loss_dice_8: 0.5272    time: 0.8060  last_time: 0.8091  data_time: 0.1331  last_data_time: 0.1331   lr: 8.2941e-06  max_mem: 12316M
[03/19 03:44:43 d2.utils.events]:  eta: 1:10:18  iter: 14679  total_loss: 5.894  loss_ce: 0.006202  loss_mask: 0.04434  loss_dice: 0.5069  loss_ce_0: 0.08446  loss_mask_0: 0.05094  loss_dice_0: 0.5652  loss_ce_1: 0.01145  loss_mask_1: 0.05061  loss_dice_1: 0.506  loss_ce_2: 0.0125  loss_mask_2: 0.04401  loss_dice_2: 0.5069  loss_ce_3: 0.005443  loss_mask_3: 0.04631  loss_dice_3: 0.534  loss_ce_4: 0.005973  loss_mask_4: 0.04473  loss_dice_4: 0.5878  loss_ce_5: 0.005815  loss_mask_5: 0.04976  loss_dice_5: 0.5861  loss_ce_6: 0.005992  loss_mask_6: 0.04967  loss_dice_6: 0.5251  loss_ce_7: 0.006882  loss_mask_7: 0.0438  loss_dice_7: 0.4859  loss_ce_8: 0.006142  loss_mask_8: 0.04328  loss_dice_8: 0.4713    time: 0.8061  last_time: 0.7573  data_time: 0.0881  last_data_time: 0.0881   lr: 8.2358e-06  max_mem: 12316M
[03/19 03:44:59 d2.utils.events]:  eta: 1:10:00  iter: 14699  total_loss: 4.749  loss_ce: 0.004812  loss_mask: 0.04054  loss_dice: 0.4021  loss_ce_0: 0.07897  loss_mask_0: 0.05085  loss_dice_0: 0.4662  loss_ce_1: 0.006078  loss_mask_1: 0.03982  loss_dice_1: 0.4177  loss_ce_2: 0.006093  loss_mask_2: 0.04219  loss_dice_2: 0.4347  loss_ce_3: 0.005021  loss_mask_3: 0.04189  loss_dice_3: 0.4398  loss_ce_4: 0.00459  loss_mask_4: 0.03716  loss_dice_4: 0.4152  loss_ce_5: 0.004695  loss_mask_5: 0.04242  loss_dice_5: 0.4252  loss_ce_6: 0.004202  loss_mask_6: 0.04328  loss_dice_6: 0.4198  loss_ce_7: 0.004629  loss_mask_7: 0.03835  loss_dice_7: 0.3994  loss_ce_8: 0.004467  loss_mask_8: 0.03803  loss_dice_8: 0.3903    time: 0.8060  last_time: 0.8054  data_time: 0.1351  last_data_time: 0.1351   lr: 8.1776e-06  max_mem: 12316M
[03/19 03:45:15 d2.utils.events]:  eta: 1:09:48  iter: 14719  total_loss: 6.019  loss_ce: 0.03308  loss_mask: 0.0324  loss_dice: 0.5139  loss_ce_0: 0.4843  loss_mask_0: 0.04257  loss_dice_0: 0.3818  loss_ce_1: 0.08263  loss_mask_1: 0.03388  loss_dice_1: 0.4912  loss_ce_2: 0.02404  loss_mask_2: 0.03293  loss_dice_2: 0.4367  loss_ce_3: 0.06179  loss_mask_3: 0.03316  loss_dice_3: 0.4111  loss_ce_4: 0.03641  loss_mask_4: 0.03326  loss_dice_4: 0.5116  loss_ce_5: 0.03065  loss_mask_5: 0.03431  loss_dice_5: 0.5013  loss_ce_6: 0.03138  loss_mask_6: 0.0346  loss_dice_6: 0.5731  loss_ce_7: 0.03139  loss_mask_7: 0.03035  loss_dice_7: 0.4713  loss_ce_8: 0.03361  loss_mask_8: 0.0321  loss_dice_8: 0.5385    time: 0.8061  last_time: 0.8366  data_time: 0.1629  last_data_time: 0.1629   lr: 8.1196e-06  max_mem: 12316M
[03/19 03:45:32 d2.utils.events]:  eta: 1:09:32  iter: 14739  total_loss: 6.176  loss_ce: 0.00437  loss_mask: 0.06396  loss_dice: 0.4978  loss_ce_0: 0.186  loss_mask_0: 0.07985  loss_dice_0: 0.5994  loss_ce_1: 0.006622  loss_mask_1: 0.06544  loss_dice_1: 0.5332  loss_ce_2: 0.004986  loss_mask_2: 0.06365  loss_dice_2: 0.5537  loss_ce_3: 0.005234  loss_mask_3: 0.06371  loss_dice_3: 0.4879  loss_ce_4: 0.004445  loss_mask_4: 0.06433  loss_dice_4: 0.5047  loss_ce_5: 0.004536  loss_mask_5: 0.06532  loss_dice_5: 0.5355  loss_ce_6: 0.00386  loss_mask_6: 0.05878  loss_dice_6: 0.5232  loss_ce_7: 0.004035  loss_mask_7: 0.06369  loss_dice_7: 0.5144  loss_ce_8: 0.004409  loss_mask_8: 0.06799  loss_dice_8: 0.5406    time: 0.8061  last_time: 0.8126  data_time: 0.1405  last_data_time: 0.1405   lr: 8.0617e-06  max_mem: 12316M
[03/19 03:45:48 d2.utils.events]:  eta: 1:09:19  iter: 14759  total_loss: 7.442  loss_ce: 0.01624  loss_mask: 0.02756  loss_dice: 0.5386  loss_ce_0: 0.1318  loss_mask_0: 0.04156  loss_dice_0: 0.792  loss_ce_1: 0.02061  loss_mask_1: 0.0361  loss_dice_1: 0.6007  loss_ce_2: 0.02483  loss_mask_2: 0.03048  loss_dice_2: 0.5766  loss_ce_3: 0.06644  loss_mask_3: 0.03492  loss_dice_3: 0.7522  loss_ce_4: 0.02142  loss_mask_4: 0.02985  loss_dice_4: 0.7606  loss_ce_5: 0.01786  loss_mask_5: 0.03091  loss_dice_5: 0.691  loss_ce_6: 0.01989  loss_mask_6: 0.0303  loss_dice_6: 0.7811  loss_ce_7: 0.07867  loss_mask_7: 0.02909  loss_dice_7: 0.6803  loss_ce_8: 0.01662  loss_mask_8: 0.02758  loss_dice_8: 0.5359    time: 0.8061  last_time: 0.8151  data_time: 0.1406  last_data_time: 0.1406   lr: 8.004e-06  max_mem: 12316M
[03/19 03:46:04 d2.utils.events]:  eta: 1:09:02  iter: 14779  total_loss: 7.452  loss_ce: 0.04836  loss_mask: 0.05073  loss_dice: 0.742  loss_ce_0: 0.4029  loss_mask_0: 0.05967  loss_dice_0: 0.6575  loss_ce_1: 0.07232  loss_mask_1: 0.0447  loss_dice_1: 0.4928  loss_ce_2: 0.0563  loss_mask_2: 0.04963  loss_dice_2: 0.5701  loss_ce_3: 0.05136  loss_mask_3: 0.04694  loss_dice_3: 0.5899  loss_ce_4: 0.05078  loss_mask_4: 0.04831  loss_dice_4: 0.518  loss_ce_5: 0.04758  loss_mask_5: 0.04599  loss_dice_5: 0.6313  loss_ce_6: 0.04979  loss_mask_6: 0.0489  loss_dice_6: 0.5205  loss_ce_7: 0.04953  loss_mask_7: 0.04724  loss_dice_7: 0.7165  loss_ce_8: 0.04931  loss_mask_8: 0.04573  loss_dice_8: 0.6474    time: 0.8061  last_time: 0.7922  data_time: 0.1285  last_data_time: 0.1285   lr: 7.9465e-06  max_mem: 12316M
[03/19 03:46:20 d2.utils.events]:  eta: 1:08:46  iter: 14799  total_loss: 6.216  loss_ce: 0.008653  loss_mask: 0.03963  loss_dice: 0.5364  loss_ce_0: 0.07147  loss_mask_0: 0.0462  loss_dice_0: 0.6122  loss_ce_1: 0.009998  loss_mask_1: 0.0442  loss_dice_1: 0.5355  loss_ce_2: 0.009388  loss_mask_2: 0.04452  loss_dice_2: 0.5685  loss_ce_3: 0.00851  loss_mask_3: 0.0404  loss_dice_3: 0.5285  loss_ce_4: 0.007584  loss_mask_4: 0.046  loss_dice_4: 0.5784  loss_ce_5: 0.006674  loss_mask_5: 0.04357  loss_dice_5: 0.5887  loss_ce_6: 0.00715  loss_mask_6: 0.04533  loss_dice_6: 0.6063  loss_ce_7: 0.009299  loss_mask_7: 0.04094  loss_dice_7: 0.5466  loss_ce_8: 0.008323  loss_mask_8: 0.03767  loss_dice_8: 0.5392    time: 0.8061  last_time: 0.8586  data_time: 0.1762  last_data_time: 0.1762   lr: 7.8892e-06  max_mem: 12316M
[03/19 03:46:37 d2.utils.events]:  eta: 1:08:26  iter: 14819  total_loss: 7.952  loss_ce: 0.006421  loss_mask: 0.06443  loss_dice: 0.7035  loss_ce_0: 0.09463  loss_mask_0: 0.07732  loss_dice_0: 0.8705  loss_ce_1: 0.009922  loss_mask_1: 0.06679  loss_dice_1: 0.6346  loss_ce_2: 0.006794  loss_mask_2: 0.0552  loss_dice_2: 0.6854  loss_ce_3: 0.006625  loss_mask_3: 0.06689  loss_dice_3: 0.7236  loss_ce_4: 0.006455  loss_mask_4: 0.05662  loss_dice_4: 0.6934  loss_ce_5: 0.00572  loss_mask_5: 0.06062  loss_dice_5: 0.7466  loss_ce_6: 0.006212  loss_mask_6: 0.06447  loss_dice_6: 0.6949  loss_ce_7: 0.005542  loss_mask_7: 0.06707  loss_dice_7: 0.7117  loss_ce_8: 0.006282  loss_mask_8: 0.06015  loss_dice_8: 0.6932    time: 0.8060  last_time: 0.8000  data_time: 0.1376  last_data_time: 0.1376   lr: 7.832e-06  max_mem: 12316M
[03/19 03:46:53 d2.utils.events]:  eta: 1:08:14  iter: 14839  total_loss: 10.66  loss_ce: 0.1842  loss_mask: 0.05601  loss_dice: 0.7897  loss_ce_0: 0.2529  loss_mask_0: 0.07467  loss_dice_0: 0.9246  loss_ce_1: 0.2003  loss_mask_1: 0.0603  loss_dice_1: 0.7045  loss_ce_2: 0.2285  loss_mask_2: 0.05338  loss_dice_2: 0.7787  loss_ce_3: 0.2734  loss_mask_3: 0.05262  loss_dice_3: 0.7726  loss_ce_4: 0.2336  loss_mask_4: 0.07209  loss_dice_4: 0.7487  loss_ce_5: 0.1732  loss_mask_5: 0.06111  loss_dice_5: 0.7725  loss_ce_6: 0.266  loss_mask_6: 0.05539  loss_dice_6: 0.6874  loss_ce_7: 0.2009  loss_mask_7: 0.06963  loss_dice_7: 0.8979  loss_ce_8: 0.1824  loss_mask_8: 0.05899  loss_dice_8: 0.7723    time: 0.8061  last_time: 0.8745  data_time: 0.1942  last_data_time: 0.1942   lr: 7.775e-06  max_mem: 12316M
[03/19 03:47:10 d2.utils.events]:  eta: 1:07:58  iter: 14859  total_loss: 10.5  loss_ce: 0.007786  loss_mask: 0.1029  loss_dice: 0.9569  loss_ce_0: 0.08814  loss_mask_0: 0.05782  loss_dice_0: 0.9611  loss_ce_1: 0.05013  loss_mask_1: 0.05662  loss_dice_1: 0.909  loss_ce_2: 0.04436  loss_mask_2: 0.04444  loss_dice_2: 0.7648  loss_ce_3: 0.04717  loss_mask_3: 0.0522  loss_dice_3: 0.9368  loss_ce_4: 0.05032  loss_mask_4: 0.05558  loss_dice_4: 0.9545  loss_ce_5: 0.006881  loss_mask_5: 0.1058  loss_dice_5: 0.9919  loss_ce_6: 0.00658  loss_mask_6: 0.1135  loss_dice_6: 0.9448  loss_ce_7: 0.006453  loss_mask_7: 0.11  loss_dice_7: 0.9902  loss_ce_8: 0.04328  loss_mask_8: 0.05529  loss_dice_8: 0.9816    time: 0.8061  last_time: 0.9576  data_time: 0.1454  last_data_time: 0.1454   lr: 7.7182e-06  max_mem: 12316M
[03/19 03:47:26 d2.utils.events]:  eta: 1:07:42  iter: 14879  total_loss: 8.267  loss_ce: 0.02915  loss_mask: 0.06416  loss_dice: 0.5883  loss_ce_0: 0.09176  loss_mask_0: 0.06562  loss_dice_0: 0.8378  loss_ce_1: 0.02037  loss_mask_1: 0.06775  loss_dice_1: 0.9062  loss_ce_2: 0.03543  loss_mask_2: 0.05949  loss_dice_2: 0.7296  loss_ce_3: 0.03177  loss_mask_3: 0.06554  loss_dice_3: 0.9139  loss_ce_4: 0.04304  loss_mask_4: 0.06303  loss_dice_4: 0.8463  loss_ce_5: 0.03423  loss_mask_5: 0.06517  loss_dice_5: 0.5645  loss_ce_6: 0.03117  loss_mask_6: 0.06396  loss_dice_6: 0.8002  loss_ce_7: 0.0352  loss_mask_7: 0.06049  loss_dice_7: 0.5328  loss_ce_8: 0.03233  loss_mask_8: 0.0576  loss_dice_8: 0.5304    time: 0.8061  last_time: 0.8008  data_time: 0.1184  last_data_time: 0.1184   lr: 7.6615e-06  max_mem: 12316M
[03/19 03:47:43 d2.utils.events]:  eta: 1:07:29  iter: 14899  total_loss: 4.859  loss_ce: 0.003539  loss_mask: 0.03873  loss_dice: 0.4379  loss_ce_0: 0.1713  loss_mask_0: 0.05111  loss_dice_0: 0.5026  loss_ce_1: 0.0137  loss_mask_1: 0.0366  loss_dice_1: 0.4263  loss_ce_2: 0.00882  loss_mask_2: 0.03739  loss_dice_2: 0.439  loss_ce_3: 0.005108  loss_mask_3: 0.03311  loss_dice_3: 0.3876  loss_ce_4: 0.004327  loss_mask_4: 0.03559  loss_dice_4: 0.4248  loss_ce_5: 0.004137  loss_mask_5: 0.03682  loss_dice_5: 0.447  loss_ce_6: 0.003865  loss_mask_6: 0.03725  loss_dice_6: 0.4215  loss_ce_7: 0.003566  loss_mask_7: 0.03421  loss_dice_7: 0.3372  loss_ce_8: 0.003772  loss_mask_8: 0.03814  loss_dice_8: 0.4342    time: 0.8061  last_time: 0.8146  data_time: 0.1468  last_data_time: 0.1468   lr: 7.605e-06  max_mem: 12316M
[03/19 03:47:59 d2.utils.events]:  eta: 1:07:14  iter: 14919  total_loss: 10.29  loss_ce: 0.1241  loss_mask: 0.0633  loss_dice: 0.8398  loss_ce_0: 0.07746  loss_mask_0: 0.06815  loss_dice_0: 1.007  loss_ce_1: 0.04437  loss_mask_1: 0.06687  loss_dice_1: 0.9291  loss_ce_2: 0.1074  loss_mask_2: 0.05407  loss_dice_2: 0.8545  loss_ce_3: 0.09775  loss_mask_3: 0.05535  loss_dice_3: 0.7914  loss_ce_4: 0.1047  loss_mask_4: 0.06343  loss_dice_4: 0.9311  loss_ce_5: 0.1161  loss_mask_5: 0.06468  loss_dice_5: 0.8433  loss_ce_6: 0.03559  loss_mask_6: 0.04334  loss_dice_6: 0.8934  loss_ce_7: 0.1142  loss_mask_7: 0.06792  loss_dice_7: 0.8091  loss_ce_8: 0.03413  loss_mask_8: 0.06062  loss_dice_8: 0.9313    time: 0.8061  last_time: 0.7966  data_time: 0.1275  last_data_time: 0.1275   lr: 7.5487e-06  max_mem: 12316M
[03/19 03:48:16 d2.utils.events]:  eta: 1:06:59  iter: 14939  total_loss: 7.892  loss_ce: 0.03602  loss_mask: 0.05147  loss_dice: 0.5917  loss_ce_0: 0.136  loss_mask_0: 0.06917  loss_dice_0: 0.9364  loss_ce_1: 0.05147  loss_mask_1: 0.0537  loss_dice_1: 0.6027  loss_ce_2: 0.08211  loss_mask_2: 0.054  loss_dice_2: 0.849  loss_ce_3: 0.04533  loss_mask_3: 0.05161  loss_dice_3: 0.5316  loss_ce_4: 0.07942  loss_mask_4: 0.05155  loss_dice_4: 0.7704  loss_ce_5: 0.03458  loss_mask_5: 0.05347  loss_dice_5: 0.7825  loss_ce_6: 0.0377  loss_mask_6: 0.04867  loss_dice_6: 0.545  loss_ce_7: 0.03704  loss_mask_7: 0.04334  loss_dice_7: 0.6813  loss_ce_8: 0.03615  loss_mask_8: 0.04649  loss_dice_8: 0.5025    time: 0.8061  last_time: 0.8381  data_time: 0.1630  last_data_time: 0.1630   lr: 7.4925e-06  max_mem: 12316M
[03/19 03:48:32 d2.utils.events]:  eta: 1:06:42  iter: 14959  total_loss: 6.874  loss_ce: 0.04578  loss_mask: 0.04282  loss_dice: 0.5049  loss_ce_0: 0.1848  loss_mask_0: 0.08435  loss_dice_0: 0.6268  loss_ce_1: 0.07935  loss_mask_1: 0.04226  loss_dice_1: 0.6404  loss_ce_2: 0.06311  loss_mask_2: 0.03929  loss_dice_2: 0.508  loss_ce_3: 0.06986  loss_mask_3: 0.04176  loss_dice_3: 0.4758  loss_ce_4: 0.05618  loss_mask_4: 0.0447  loss_dice_4: 0.6943  loss_ce_5: 0.05222  loss_mask_5: 0.04712  loss_dice_5: 0.6975  loss_ce_6: 0.05149  loss_mask_6: 0.04203  loss_dice_6: 0.6232  loss_ce_7: 0.04852  loss_mask_7: 0.04297  loss_dice_7: 0.4839  loss_ce_8: 0.04808  loss_mask_8: 0.04473  loss_dice_8: 0.448    time: 0.8061  last_time: 0.8280  data_time: 0.1659  last_data_time: 0.1659   lr: 7.4365e-06  max_mem: 12316M
[03/19 03:48:48 d2.utils.events]:  eta: 1:06:26  iter: 14979  total_loss: 7.494  loss_ce: 0.02011  loss_mask: 0.03974  loss_dice: 0.8852  loss_ce_0: 0.07371  loss_mask_0: 0.04809  loss_dice_0: 0.8715  loss_ce_1: 0.02938  loss_mask_1: 0.04021  loss_dice_1: 0.3853  loss_ce_2: 0.02399  loss_mask_2: 0.03676  loss_dice_2: 0.3621  loss_ce_3: 0.07242  loss_mask_3: 0.03469  loss_dice_3: 0.5854  loss_ce_4: 0.02227  loss_mask_4: 0.03681  loss_dice_4: 0.38  loss_ce_5: 0.02766  loss_mask_5: 0.0369  loss_dice_5: 0.6856  loss_ce_6: 0.02698  loss_mask_6: 0.04289  loss_dice_6: 0.9215  loss_ce_7: 0.02491  loss_mask_7: 0.04894  loss_dice_7: 1.021  loss_ce_8: 0.02444  loss_mask_8: 0.0341  loss_dice_8: 0.6513    time: 0.8061  last_time: 0.7972  data_time: 0.1346  last_data_time: 0.1346   lr: 7.3807e-06  max_mem: 12316M
[03/19 03:49:04 fvcore.common.checkpoint]: Saving checkpoint to /mnt/data/mis2025/group_6/Parameter/trained_para/graphene_mid_finetune_remove_small_falkes/model_0014999.pth
[03/19 03:49:05 d2.utils.events]:  eta: 1:06:10  iter: 14999  total_loss: 6.853  loss_ce: 0.005232  loss_mask: 0.02972  loss_dice: 0.6724  loss_ce_0: 0.1453  loss_mask_0: 0.02456  loss_dice_0: 0.7024  loss_ce_1: 0.005779  loss_mask_1: 0.02874  loss_dice_1: 0.6445  loss_ce_2: 0.02166  loss_mask_2: 0.02482  loss_dice_2: 0.593  loss_ce_3: 0.004734  loss_mask_3: 0.02731  loss_dice_3: 0.6456  loss_ce_4: 0.006566  loss_mask_4: 0.02029  loss_dice_4: 0.5966  loss_ce_5: 0.006156  loss_mask_5: 0.03542  loss_dice_5: 0.6838  loss_ce_6: 0.005655  loss_mask_6: 0.02062  loss_dice_6: 0.6469  loss_ce_7: 0.00583  loss_mask_7: 0.02629  loss_dice_7: 0.568  loss_ce_8: 0.005925  loss_mask_8: 0.02973  loss_dice_8: 0.6191    time: 0.8060  last_time: 0.8242  data_time: 0.1709  last_data_time: 0.1709   lr: 7.3251e-06  max_mem: 12316M
[03/19 03:49:21 d2.utils.events]:  eta: 1:05:53  iter: 15019  total_loss: 11.22  loss_ce: 0.03667  loss_mask: 0.09434  loss_dice: 1.012  loss_ce_0: 0.3174  loss_mask_0: 0.1098  loss_dice_0: 1.142  loss_ce_1: 0.04961  loss_mask_1: 0.08489  loss_dice_1: 0.8936  loss_ce_2: 0.06775  loss_mask_2: 0.07565  loss_dice_2: 0.8804  loss_ce_3: 0.03214  loss_mask_3: 0.07897  loss_dice_3: 0.9513  loss_ce_4: 0.0339  loss_mask_4: 0.081  loss_dice_4: 0.8969  loss_ce_5: 0.0476  loss_mask_5: 0.08074  loss_dice_5: 0.9145  loss_ce_6: 0.05199  loss_mask_6: 0.09666  loss_dice_6: 0.9647  loss_ce_7: 0.03528  loss_mask_7: 0.09336  loss_dice_7: 0.9969  loss_ce_8: 0.03444  loss_mask_8: 0.08824  loss_dice_8: 0.9736    time: 0.8061  last_time: 0.9059  data_time: 0.2385  last_data_time: 0.2385   lr: 7.2697e-06  max_mem: 12316M
[03/19 03:49:37 d2.utils.events]:  eta: 1:05:35  iter: 15039  total_loss: 8.446  loss_ce: 0.0844  loss_mask: 0.03945  loss_dice: 0.4799  loss_ce_0: 0.2986  loss_mask_0: 0.05766  loss_dice_0: 0.8819  loss_ce_1: 0.09083  loss_mask_1: 0.04092  loss_dice_1: 0.6855  loss_ce_2: 0.08572  loss_mask_2: 0.04412  loss_dice_2: 0.7194  loss_ce_3: 0.0792  loss_mask_3: 0.03991  loss_dice_3: 0.6473  loss_ce_4: 0.08724  loss_mask_4: 0.04339  loss_dice_4: 0.8935  loss_ce_5: 0.08403  loss_mask_5: 0.0386  loss_dice_5: 0.5505  loss_ce_6: 0.0877  loss_mask_6: 0.03804  loss_dice_6: 0.7179  loss_ce_7: 0.08758  loss_mask_7: 0.03842  loss_dice_7: 0.6053  loss_ce_8: 0.08269  loss_mask_8: 0.03811  loss_dice_8: 0.7782    time: 0.8061  last_time: 0.7863  data_time: 0.1182  last_data_time: 0.1182   lr: 7.2144e-06  max_mem: 12316M
[03/19 03:49:53 d2.utils.events]:  eta: 1:05:17  iter: 15059  total_loss: 5.015  loss_ce: 0.003836  loss_mask: 0.03031  loss_dice: 0.4626  loss_ce_0: 0.1386  loss_mask_0: 0.04914  loss_dice_0: 0.5607  loss_ce_1: 0.003206  loss_mask_1: 0.0285  loss_dice_1: 0.4077  loss_ce_2: 0.003212  loss_mask_2: 0.02982  loss_dice_2: 0.4574  loss_ce_3: 0.003114  loss_mask_3: 0.03195  loss_dice_3: 0.4449  loss_ce_4: 0.003445  loss_mask_4: 0.03276  loss_dice_4: 0.4904  loss_ce_5: 0.003498  loss_mask_5: 0.03131  loss_dice_5: 0.3799  loss_ce_6: 0.003766  loss_mask_6: 0.03081  loss_dice_6: 0.4407  loss_ce_7: 0.003361  loss_mask_7: 0.03077  loss_dice_7: 0.4536  loss_ce_8: 0.003891  loss_mask_8: 0.02604  loss_dice_8: 0.4252    time: 0.8060  last_time: 0.7759  data_time: 0.1085  last_data_time: 0.1085   lr: 7.1593e-06  max_mem: 12316M
[03/19 03:50:10 d2.utils.events]:  eta: 1:05:00  iter: 15079  total_loss: 4.322  loss_ce: 0.005115  loss_mask: 0.02482  loss_dice: 0.3355  loss_ce_0: 0.07688  loss_mask_0: 0.02598  loss_dice_0: 0.3966  loss_ce_1: 0.005478  loss_mask_1: 0.02916  loss_dice_1: 0.4026  loss_ce_2: 0.004733  loss_mask_2: 0.02642  loss_dice_2: 0.3948  loss_ce_3: 0.005372  loss_mask_3: 0.02998  loss_dice_3: 0.4704  loss_ce_4: 0.005344  loss_mask_4: 0.02485  loss_dice_4: 0.4247  loss_ce_5: 0.004589  loss_mask_5: 0.02831  loss_dice_5: 0.3789  loss_ce_6: 0.003755  loss_mask_6: 0.0275  loss_dice_6: 0.3815  loss_ce_7: 0.004526  loss_mask_7: 0.02567  loss_dice_7: 0.3818  loss_ce_8: 0.004886  loss_mask_8: 0.02644  loss_dice_8: 0.3658    time: 0.8060  last_time: 0.8222  data_time: 0.1664  last_data_time: 0.1664   lr: 7.1043e-06  max_mem: 12316M
[03/19 03:50:26 d2.utils.events]:  eta: 1:04:44  iter: 15099  total_loss: 9.342  loss_ce: 0.1587  loss_mask: 0.0375  loss_dice: 0.7374  loss_ce_0: 0.3598  loss_mask_0: 0.04415  loss_dice_0: 0.7763  loss_ce_1: 0.16  loss_mask_1: 0.03788  loss_dice_1: 0.7544  loss_ce_2: 0.1679  loss_mask_2: 0.04117  loss_dice_2: 0.7547  loss_ce_3: 0.1883  loss_mask_3: 0.03873  loss_dice_3: 0.6246  loss_ce_4: 0.168  loss_mask_4: 0.03563  loss_dice_4: 0.6717  loss_ce_5: 0.1713  loss_mask_5: 0.03786  loss_dice_5: 0.6253  loss_ce_6: 0.1249  loss_mask_6: 0.03888  loss_dice_6: 0.8179  loss_ce_7: 0.1705  loss_mask_7: 0.03628  loss_dice_7: 0.6894  loss_ce_8: 0.1698  loss_mask_8: 0.03672  loss_dice_8: 0.666    time: 0.8060  last_time: 0.7754  data_time: 0.1133  last_data_time: 0.1133   lr: 7.0496e-06  max_mem: 12316M
[03/19 03:50:42 d2.utils.events]:  eta: 1:04:32  iter: 15119  total_loss: 5.565  loss_ce: 0.02308  loss_mask: 0.04241  loss_dice: 0.4093  loss_ce_0: 0.173  loss_mask_0: 0.05419  loss_dice_0: 0.5609  loss_ce_1: 0.03512  loss_mask_1: 0.04867  loss_dice_1: 0.4432  loss_ce_2: 0.034  loss_mask_2: 0.03765  loss_dice_2: 0.3843  loss_ce_3: 0.02447  loss_mask_3: 0.03806  loss_dice_3: 0.4732  loss_ce_4: 0.02645  loss_mask_4: 0.04029  loss_dice_4: 0.4756  loss_ce_5: 0.02393  loss_mask_5: 0.04143  loss_dice_5: 0.5011  loss_ce_6: 0.02331  loss_mask_6: 0.0446  loss_dice_6: 0.4434  loss_ce_7: 0.02385  loss_mask_7: 0.04109  loss_dice_7: 0.5359  loss_ce_8: 0.02412  loss_mask_8: 0.04529  loss_dice_8: 0.4933    time: 0.8060  last_time: 0.8095  data_time: 0.1383  last_data_time: 0.1383   lr: 6.995e-06  max_mem: 12316M
[03/19 03:50:59 d2.utils.events]:  eta: 1:04:14  iter: 15139  total_loss: 8.311  loss_ce: 0.02279  loss_mask: 0.04627  loss_dice: 0.7128  loss_ce_0: 0.2417  loss_mask_0: 0.06578  loss_dice_0: 0.9125  loss_ce_1: 0.05931  loss_mask_1: 0.05054  loss_dice_1: 0.8281  loss_ce_2: 0.01925  loss_mask_2: 0.04359  loss_dice_2: 0.6899  loss_ce_3: 0.02345  loss_mask_3: 0.05191  loss_dice_3: 0.7577  loss_ce_4: 0.02256  loss_mask_4: 0.04892  loss_dice_4: 0.651  loss_ce_5: 0.02479  loss_mask_5: 0.04954  loss_dice_5: 0.6907  loss_ce_6: 0.02483  loss_mask_6: 0.05277  loss_dice_6: 0.7296  loss_ce_7: 0.02325  loss_mask_7: 0.04487  loss_dice_7: 0.6505  loss_ce_8: 0.0213  loss_mask_8: 0.04752  loss_dice_8: 0.7033    time: 0.8060  last_time: 0.8778  data_time: 0.2143  last_data_time: 0.2143   lr: 6.9406e-06  max_mem: 12316M
[03/19 03:51:15 d2.utils.events]:  eta: 1:03:58  iter: 15159  total_loss: 6.312  loss_ce: 0.1033  loss_mask: 0.01912  loss_dice: 0.479  loss_ce_0: 0.239  loss_mask_0: 0.02186  loss_dice_0: 0.5483  loss_ce_1: 0.09457  loss_mask_1: 0.02016  loss_dice_1: 0.5722  loss_ce_2: 0.07722  loss_mask_2: 0.01532  loss_dice_2: 0.3396  loss_ce_3: 0.2082  loss_mask_3: 0.0205  loss_dice_3: 0.4534  loss_ce_4: 0.09558  loss_mask_4: 0.01915  loss_dice_4: 0.4818  loss_ce_5: 0.1014  loss_mask_5: 0.02124  loss_dice_5: 0.4229  loss_ce_6: 0.06064  loss_mask_6: 0.01697  loss_dice_6: 0.6565  loss_ce_7: 0.08672  loss_mask_7: 0.02097  loss_dice_7: 0.5432  loss_ce_8: 0.09005  loss_mask_8: 0.01663  loss_dice_8: 0.4664    time: 0.8060  last_time: 0.8326  data_time: 0.1739  last_data_time: 0.1739   lr: 6.8864e-06  max_mem: 12316M
[03/19 03:51:31 d2.utils.events]:  eta: 1:03:40  iter: 15179  total_loss: 6.749  loss_ce: 0.004499  loss_mask: 0.04326  loss_dice: 0.6638  loss_ce_0: 0.09115  loss_mask_0: 0.05575  loss_dice_0: 0.6262  loss_ce_1: 0.006891  loss_mask_1: 0.04443  loss_dice_1: 0.663  loss_ce_2: 0.007869  loss_mask_2: 0.04362  loss_dice_2: 0.6114  loss_ce_3: 0.005221  loss_mask_3: 0.05038  loss_dice_3: 0.6115  loss_ce_4: 0.005493  loss_mask_4: 0.0397  loss_dice_4: 0.5509  loss_ce_5: 0.005111  loss_mask_5: 0.04339  loss_dice_5: 0.6642  loss_ce_6: 0.004726  loss_mask_6: 0.04735  loss_dice_6: 0.6354  loss_ce_7: 0.004396  loss_mask_7: 0.03821  loss_dice_7: 0.5523  loss_ce_8: 0.004522  loss_mask_8: 0.04297  loss_dice_8: 0.5816    time: 0.8060  last_time: 0.8196  data_time: 0.1479  last_data_time: 0.1479   lr: 6.8323e-06  max_mem: 12316M
[03/19 03:51:47 d2.utils.events]:  eta: 1:03:25  iter: 15199  total_loss: 7.138  loss_ce: 0.004811  loss_mask: 0.03697  loss_dice: 0.6954  loss_ce_0: 0.1463  loss_mask_0: 0.03765  loss_dice_0: 0.7  loss_ce_1: 0.01135  loss_mask_1: 0.04103  loss_dice_1: 0.7862  loss_ce_2: 0.007233  loss_mask_2: 0.03561  loss_dice_2: 0.7013  loss_ce_3: 0.005536  loss_mask_3: 0.02799  loss_dice_3: 0.5642  loss_ce_4: 0.00526  loss_mask_4: 0.03246  loss_dice_4: 0.6125  loss_ce_5: 0.006889  loss_mask_5: 0.02982  loss_dice_5: 0.5272  loss_ce_6: 0.00627  loss_mask_6: 0.04191  loss_dice_6: 0.676  loss_ce_7: 0.005603  loss_mask_7: 0.03672  loss_dice_7: 0.72  loss_ce_8: 0.005484  loss_mask_8: 0.0382  loss_dice_8: 0.5916    time: 0.8060  last_time: 0.7880  data_time: 0.1255  last_data_time: 0.1255   lr: 6.7785e-06  max_mem: 12316M
[03/19 03:52:03 d2.utils.events]:  eta: 1:03:09  iter: 15219  total_loss: 10.92  loss_ce: 0.1092  loss_mask: 0.01635  loss_dice: 0.6541  loss_ce_0: 0.144  loss_mask_0: 0.02444  loss_dice_0: 1.05  loss_ce_1: 0.1227  loss_mask_1: 0.04812  loss_dice_1: 1.352  loss_ce_2: 0.1282  loss_mask_2: 0.03639  loss_dice_2: 1.282  loss_ce_3: 0.1064  loss_mask_3: 0.01356  loss_dice_3: 0.6783  loss_ce_4: 0.1495  loss_mask_4: 0.01947  loss_dice_4: 0.7537  loss_ce_5: 0.1023  loss_mask_5: 0.021  loss_dice_5: 0.9475  loss_ce_6: 0.1513  loss_mask_6: 0.0192  loss_dice_6: 1.063  loss_ce_7: 0.0856  loss_mask_7: 0.01745  loss_dice_7: 0.782  loss_ce_8: 0.08019  loss_mask_8: 0.02032  loss_dice_8: 0.9439    time: 0.8060  last_time: 0.8312  data_time: 0.1641  last_data_time: 0.1641   lr: 6.7248e-06  max_mem: 12316M
[03/19 03:52:20 d2.utils.events]:  eta: 1:02:53  iter: 15239  total_loss: 6.708  loss_ce: 0.0318  loss_mask: 0.03416  loss_dice: 0.4586  loss_ce_0: 0.3654  loss_mask_0: 0.05135  loss_dice_0: 0.63  loss_ce_1: 0.07103  loss_mask_1: 0.03636  loss_dice_1: 0.5485  loss_ce_2: 0.05903  loss_mask_2: 0.03831  loss_dice_2: 0.6954  loss_ce_3: 0.02161  loss_mask_3: 0.03749  loss_dice_3: 0.7114  loss_ce_4: 0.03174  loss_mask_4: 0.03171  loss_dice_4: 0.5177  loss_ce_5: 0.0332  loss_mask_5: 0.03187  loss_dice_5: 0.5972  loss_ce_6: 0.03475  loss_mask_6: 0.037  loss_dice_6: 0.5239  loss_ce_7: 0.03901  loss_mask_7: 0.03244  loss_dice_7: 0.4517  loss_ce_8: 0.03446  loss_mask_8: 0.03568  loss_dice_8: 0.4849    time: 0.8060  last_time: 0.8841  data_time: 0.2023  last_data_time: 0.2023   lr: 6.6713e-06  max_mem: 12316M
[03/19 03:52:36 d2.utils.events]:  eta: 1:02:35  iter: 15259  total_loss: 8.666  loss_ce: 0.009226  loss_mask: 0.05487  loss_dice: 0.7889  loss_ce_0: 0.1899  loss_mask_0: 0.04907  loss_dice_0: 0.7052  loss_ce_1: 0.03934  loss_mask_1: 0.04952  loss_dice_1: 0.8282  loss_ce_2: 0.01354  loss_mask_2: 0.05042  loss_dice_2: 0.7781  loss_ce_3: 0.0119  loss_mask_3: 0.04892  loss_dice_3: 0.7884  loss_ce_4: 0.008762  loss_mask_4: 0.05193  loss_dice_4: 0.8092  loss_ce_5: 0.009578  loss_mask_5: 0.0584  loss_dice_5: 0.9086  loss_ce_6: 0.009575  loss_mask_6: 0.04658  loss_dice_6: 0.7635  loss_ce_7: 0.008774  loss_mask_7: 0.05561  loss_dice_7: 0.7198  loss_ce_8: 0.008188  loss_mask_8: 0.04875  loss_dice_8: 0.7532    time: 0.8060  last_time: 0.8660  data_time: 0.2064  last_data_time: 0.2064   lr: 6.618e-06  max_mem: 12316M
[03/19 03:52:52 d2.utils.events]:  eta: 1:02:19  iter: 15279  total_loss: 5.255  loss_ce: 0.008916  loss_mask: 0.03717  loss_dice: 0.4844  loss_ce_0: 0.08059  loss_mask_0: 0.04294  loss_dice_0: 0.5003  loss_ce_1: 0.0172  loss_mask_1: 0.03176  loss_dice_1: 0.3997  loss_ce_2: 0.01071  loss_mask_2: 0.03341  loss_dice_2: 0.4316  loss_ce_3: 0.01042  loss_mask_3: 0.04277  loss_dice_3: 0.4878  loss_ce_4: 0.009585  loss_mask_4: 0.03338  loss_dice_4: 0.4742  loss_ce_5: 0.009951  loss_mask_5: 0.03803  loss_dice_5: 0.4722  loss_ce_6: 0.008571  loss_mask_6: 0.03871  loss_dice_6: 0.4696  loss_ce_7: 0.008463  loss_mask_7: 0.03915  loss_dice_7: 0.5085  loss_ce_8: 0.009054  loss_mask_8: 0.03665  loss_dice_8: 0.4797    time: 0.8060  last_time: 0.7810  data_time: 0.1187  last_data_time: 0.1187   lr: 6.5648e-06  max_mem: 12316M
[03/19 03:53:08 d2.utils.events]:  eta: 1:02:03  iter: 15299  total_loss: 5.632  loss_ce: 0.005468  loss_mask: 0.0413  loss_dice: 0.4623  loss_ce_0: 0.2093  loss_mask_0: 0.04121  loss_dice_0: 0.5673  loss_ce_1: 0.008268  loss_mask_1: 0.03812  loss_dice_1: 0.4936  loss_ce_2: 0.005628  loss_mask_2: 0.03303  loss_dice_2: 0.4887  loss_ce_3: 0.004865  loss_mask_3: 0.0398  loss_dice_3: 0.4964  loss_ce_4: 0.005738  loss_mask_4: 0.04099  loss_dice_4: 0.5324  loss_ce_5: 0.006041  loss_mask_5: 0.03761  loss_dice_5: 0.4463  loss_ce_6: 0.005487  loss_mask_6: 0.0407  loss_dice_6: 0.4787  loss_ce_7: 0.007101  loss_mask_7: 0.03947  loss_dice_7: 0.5016  loss_ce_8: 0.005879  loss_mask_8: 0.03637  loss_dice_8: 0.5125    time: 0.8059  last_time: 0.8115  data_time: 0.1510  last_data_time: 0.1510   lr: 6.5119e-06  max_mem: 12316M
[03/19 03:53:24 d2.utils.events]:  eta: 1:01:47  iter: 15319  total_loss: 5.498  loss_ce: 0.003364  loss_mask: 0.02146  loss_dice: 0.5424  loss_ce_0: 0.1623  loss_mask_0: 0.01999  loss_dice_0: 0.5214  loss_ce_1: 0.005151  loss_mask_1: 0.02369  loss_dice_1: 0.5588  loss_ce_2: 0.003831  loss_mask_2: 0.0199  loss_dice_2: 0.4675  loss_ce_3: 0.003527  loss_mask_3: 0.01927  loss_dice_3: 0.4435  loss_ce_4: 0.004055  loss_mask_4: 0.02101  loss_dice_4: 0.5855  loss_ce_5: 0.004503  loss_mask_5: 0.0191  loss_dice_5: 0.5001  loss_ce_6: 0.004326  loss_mask_6: 0.01965  loss_dice_6: 0.5055  loss_ce_7: 0.00383  loss_mask_7: 0.0171  loss_dice_7: 0.4859  loss_ce_8: 0.003568  loss_mask_8: 0.0179  loss_dice_8: 0.4901    time: 0.8059  last_time: 0.7944  data_time: 0.1323  last_data_time: 0.1323   lr: 6.4591e-06  max_mem: 12316M
[03/19 03:53:41 d2.utils.events]:  eta: 1:01:33  iter: 15339  total_loss: 6.228  loss_ce: 0.01301  loss_mask: 0.03791  loss_dice: 0.4157  loss_ce_0: 0.2001  loss_mask_0: 0.06464  loss_dice_0: 0.8479  loss_ce_1: 0.0985  loss_mask_1: 0.04506  loss_dice_1: 0.5776  loss_ce_2: 0.01518  loss_mask_2: 0.04498  loss_dice_2: 0.478  loss_ce_3: 0.01605  loss_mask_3: 0.04109  loss_dice_3: 0.5044  loss_ce_4: 0.01521  loss_mask_4: 0.04294  loss_dice_4: 0.5668  loss_ce_5: 0.01472  loss_mask_5: 0.0472  loss_dice_5: 0.6036  loss_ce_6: 0.01366  loss_mask_6: 0.03816  loss_dice_6: 0.4494  loss_ce_7: 0.01269  loss_mask_7: 0.03805  loss_dice_7: 0.4221  loss_ce_8: 0.01437  loss_mask_8: 0.04309  loss_dice_8: 0.5059    time: 0.8059  last_time: 1.0233  data_time: 0.1622  last_data_time: 0.1622   lr: 6.4065e-06  max_mem: 12316M
[03/19 03:53:57 d2.utils.events]:  eta: 1:01:19  iter: 15359  total_loss: 6.586  loss_ce: 0.006192  loss_mask: 0.02667  loss_dice: 0.588  loss_ce_0: 0.1351  loss_mask_0: 0.04794  loss_dice_0: 0.7255  loss_ce_1: 0.01033  loss_mask_1: 0.02833  loss_dice_1: 0.6521  loss_ce_2: 0.005677  loss_mask_2: 0.02896  loss_dice_2: 0.5481  loss_ce_3: 0.005968  loss_mask_3: 0.02421  loss_dice_3: 0.5786  loss_ce_4: 0.006105  loss_mask_4: 0.03096  loss_dice_4: 0.6366  loss_ce_5: 0.00643  loss_mask_5: 0.02688  loss_dice_5: 0.5293  loss_ce_6: 0.006267  loss_mask_6: 0.03257  loss_dice_6: 0.6224  loss_ce_7: 0.005936  loss_mask_7: 0.03068  loss_dice_7: 0.6077  loss_ce_8: 0.006904  loss_mask_8: 0.03112  loss_dice_8: 0.5944    time: 0.8059  last_time: 0.8626  data_time: 0.1863  last_data_time: 0.1863   lr: 6.3541e-06  max_mem: 12316M
[03/19 03:54:13 d2.utils.events]:  eta: 1:01:06  iter: 15379  total_loss: 6.253  loss_ce: 0.007882  loss_mask: 0.02927  loss_dice: 0.5694  loss_ce_0: 0.1065  loss_mask_0: 0.03092  loss_dice_0: 0.6473  loss_ce_1: 0.03062  loss_mask_1: 0.02265  loss_dice_1: 0.4554  loss_ce_2: 0.009505  loss_mask_2: 0.03442  loss_dice_2: 0.6683  loss_ce_3: 0.00845  loss_mask_3: 0.03335  loss_dice_3: 0.5198  loss_ce_4: 0.009198  loss_mask_4: 0.02981  loss_dice_4: 0.5038  loss_ce_5: 0.007421  loss_mask_5: 0.03261  loss_dice_5: 0.6379  loss_ce_6: 0.006782  loss_mask_6: 0.03134  loss_dice_6: 0.5424  loss_ce_7: 0.007572  loss_mask_7: 0.0353  loss_dice_7: 0.6383  loss_ce_8: 0.008994  loss_mask_8: 0.02796  loss_dice_8: 0.5593    time: 0.8059  last_time: 0.8062  data_time: 0.1386  last_data_time: 0.1386   lr: 6.3019e-06  max_mem: 12316M
[03/19 03:54:30 d2.utils.events]:  eta: 1:00:50  iter: 15399  total_loss: 9.263  loss_ce: 0.1176  loss_mask: 0.03424  loss_dice: 0.7956  loss_ce_0: 0.1928  loss_mask_0: 0.04246  loss_dice_0: 1.034  loss_ce_1: 0.1076  loss_mask_1: 0.0307  loss_dice_1: 0.7724  loss_ce_2: 0.1695  loss_mask_2: 0.02535  loss_dice_2: 0.6394  loss_ce_3: 0.1543  loss_mask_3: 0.0327  loss_dice_3: 0.8713  loss_ce_4: 0.1512  loss_mask_4: 0.03277  loss_dice_4: 0.8346  loss_ce_5: 0.06668  loss_mask_5: 0.03145  loss_dice_5: 0.7228  loss_ce_6: 0.06828  loss_mask_6: 0.02549  loss_dice_6: 0.6354  loss_ce_7: 0.0608  loss_mask_7: 0.02505  loss_dice_7: 0.7354  loss_ce_8: 0.06044  loss_mask_8: 0.02447  loss_dice_8: 0.7687    time: 0.8060  last_time: 0.9424  data_time: 0.2505  last_data_time: 0.2505   lr: 6.2498e-06  max_mem: 12316M
[03/19 03:54:47 d2.utils.events]:  eta: 1:00:35  iter: 15419  total_loss: 7.694  loss_ce: 0.009553  loss_mask: 0.03336  loss_dice: 0.7489  loss_ce_0: 0.1453  loss_mask_0: 0.03414  loss_dice_0: 0.807  loss_ce_1: 0.01338  loss_mask_1: 0.0318  loss_dice_1: 0.6739  loss_ce_2: 0.008661  loss_mask_2: 0.04111  loss_dice_2: 0.7562  loss_ce_3: 0.01002  loss_mask_3: 0.0391  loss_dice_3: 0.7156  loss_ce_4: 0.009731  loss_mask_4: 0.03624  loss_dice_4: 0.6924  loss_ce_5: 0.01001  loss_mask_5: 0.03565  loss_dice_5: 0.7497  loss_ce_6: 0.01087  loss_mask_6: 0.03992  loss_dice_6: 0.661  loss_ce_7: 0.01062  loss_mask_7: 0.0365  loss_dice_7: 0.681  loss_ce_8: 0.009465  loss_mask_8: 0.03394  loss_dice_8: 0.6088    time: 0.8060  last_time: 0.8215  data_time: 0.1496  last_data_time: 0.1496   lr: 6.198e-06  max_mem: 12316M
[03/19 03:55:03 d2.utils.events]:  eta: 1:00:17  iter: 15439  total_loss: 6.365  loss_ce: 0.06174  loss_mask: 0.04752  loss_dice: 0.4737  loss_ce_0: 0.1381  loss_mask_0: 0.05444  loss_dice_0: 0.5289  loss_ce_1: 0.09885  loss_mask_1: 0.04633  loss_dice_1: 0.5295  loss_ce_2: 0.07043  loss_mask_2: 0.05013  loss_dice_2: 0.5103  loss_ce_3: 0.06688  loss_mask_3: 0.04385  loss_dice_3: 0.5575  loss_ce_4: 0.01874  loss_mask_4: 0.04942  loss_dice_4: 0.6047  loss_ce_5: 0.05163  loss_mask_5: 0.04675  loss_dice_5: 0.5239  loss_ce_6: 0.01588  loss_mask_6: 0.04672  loss_dice_6: 0.5875  loss_ce_7: 0.09306  loss_mask_7: 0.04123  loss_dice_7: 0.4437  loss_ce_8: 0.08213  loss_mask_8: 0.04263  loss_dice_8: 0.4384    time: 0.8060  last_time: 0.8088  data_time: 0.1319  last_data_time: 0.1319   lr: 6.1463e-06  max_mem: 12316M
[03/19 03:55:19 d2.utils.events]:  eta: 1:00:01  iter: 15459  total_loss: 6.869  loss_ce: 0.006313  loss_mask: 0.04663  loss_dice: 0.6082  loss_ce_0: 0.1933  loss_mask_0: 0.0637  loss_dice_0: 0.7674  loss_ce_1: 0.01926  loss_mask_1: 0.04485  loss_dice_1: 0.5577  loss_ce_2: 0.01239  loss_mask_2: 0.04713  loss_dice_2: 0.5588  loss_ce_3: 0.01046  loss_mask_3: 0.05152  loss_dice_3: 0.6254  loss_ce_4: 0.01084  loss_mask_4: 0.04484  loss_dice_4: 0.618  loss_ce_5: 0.01093  loss_mask_5: 0.04465  loss_dice_5: 0.5482  loss_ce_6: 0.007407  loss_mask_6: 0.0499  loss_dice_6: 0.6021  loss_ce_7: 0.005459  loss_mask_7: 0.04653  loss_dice_7: 0.5731  loss_ce_8: 0.006048  loss_mask_8: 0.04749  loss_dice_8: 0.641    time: 0.8060  last_time: 0.7885  data_time: 0.1260  last_data_time: 0.1260   lr: 6.0948e-06  max_mem: 12316M
[03/19 03:55:36 d2.utils.events]:  eta: 0:59:45  iter: 15479  total_loss: 6.149  loss_ce: 0.03824  loss_mask: 0.04336  loss_dice: 0.4242  loss_ce_0: 0.2326  loss_mask_0: 0.05508  loss_dice_0: 0.5291  loss_ce_1: 0.04782  loss_mask_1: 0.03841  loss_dice_1: 0.4306  loss_ce_2: 0.07111  loss_mask_2: 0.04304  loss_dice_2: 0.4344  loss_ce_3: 0.05385  loss_mask_3: 0.04226  loss_dice_3: 0.4917  loss_ce_4: 0.06699  loss_mask_4: 0.0448  loss_dice_4: 0.4916  loss_ce_5: 0.02318  loss_mask_5: 0.0462  loss_dice_5: 0.5493  loss_ce_6: 0.02058  loss_mask_6: 0.04075  loss_dice_6: 0.4791  loss_ce_7: 0.07155  loss_mask_7: 0.04946  loss_dice_7: 0.5274  loss_ce_8: 0.03014  loss_mask_8: 0.04587  loss_dice_8: 0.6858    time: 0.8060  last_time: 0.8748  data_time: 0.2003  last_data_time: 0.2003   lr: 6.0435e-06  max_mem: 12316M
[03/19 03:55:52 d2.utils.events]:  eta: 0:59:26  iter: 15499  total_loss: 6.42  loss_ce: 0.01276  loss_mask: 0.04635  loss_dice: 0.5258  loss_ce_0: 0.1295  loss_mask_0: 0.06434  loss_dice_0: 0.7406  loss_ce_1: 0.01368  loss_mask_1: 0.04946  loss_dice_1: 0.5677  loss_ce_2: 0.01708  loss_mask_2: 0.04706  loss_dice_2: 0.4822  loss_ce_3: 0.01599  loss_mask_3: 0.05299  loss_dice_3: 0.5764  loss_ce_4: 0.01399  loss_mask_4: 0.04845  loss_dice_4: 0.5681  loss_ce_5: 0.01292  loss_mask_5: 0.04992  loss_dice_5: 0.5744  loss_ce_6: 0.0128  loss_mask_6: 0.04885  loss_dice_6: 0.5091  loss_ce_7: 0.01319  loss_mask_7: 0.04455  loss_dice_7: 0.5237  loss_ce_8: 0.01232  loss_mask_8: 0.04497  loss_dice_8: 0.6007    time: 0.8060  last_time: 0.8328  data_time: 0.1677  last_data_time: 0.1677   lr: 5.9924e-06  max_mem: 12316M
[03/19 03:56:08 d2.utils.events]:  eta: 0:59:09  iter: 15519  total_loss: 5.498  loss_ce: 0.004383  loss_mask: 0.03655  loss_dice: 0.4972  loss_ce_0: 0.1777  loss_mask_0: 0.0531  loss_dice_0: 0.6697  loss_ce_1: 0.007353  loss_mask_1: 0.03161  loss_dice_1: 0.4466  loss_ce_2: 0.004363  loss_mask_2: 0.03313  loss_dice_2: 0.4419  loss_ce_3: 0.004912  loss_mask_3: 0.04495  loss_dice_3: 0.5202  loss_ce_4: 0.00374  loss_mask_4: 0.0355  loss_dice_4: 0.4477  loss_ce_5: 0.004025  loss_mask_5: 0.03801  loss_dice_5: 0.4996  loss_ce_6: 0.004596  loss_mask_6: 0.03792  loss_dice_6: 0.4393  loss_ce_7: 0.004088  loss_mask_7: 0.03736  loss_dice_7: 0.4939  loss_ce_8: 0.004409  loss_mask_8: 0.03492  loss_dice_8: 0.4398    time: 0.8060  last_time: 0.8667  data_time: 0.1919  last_data_time: 0.1919   lr: 5.9415e-06  max_mem: 12316M
[03/19 03:56:25 d2.utils.events]:  eta: 0:58:53  iter: 15539  total_loss: 6.158  loss_ce: 0.006227  loss_mask: 0.03807  loss_dice: 0.6349  loss_ce_0: 0.1378  loss_mask_0: 0.04105  loss_dice_0: 0.4442  loss_ce_1: 0.009048  loss_mask_1: 0.03894  loss_dice_1: 0.5659  loss_ce_2: 0.00781  loss_mask_2: 0.04001  loss_dice_2: 0.5521  loss_ce_3: 0.05436  loss_mask_3: 0.03413  loss_dice_3: 0.45  loss_ce_4: 0.006448  loss_mask_4: 0.0391  loss_dice_4: 0.5358  loss_ce_5: 0.005816  loss_mask_5: 0.03574  loss_dice_5: 0.5689  loss_ce_6: 0.006  loss_mask_6: 0.04348  loss_dice_6: 0.5479  loss_ce_7: 0.006284  loss_mask_7: 0.04112  loss_dice_7: 0.6536  loss_ce_8: 0.006182  loss_mask_8: 0.04296  loss_dice_8: 0.5643    time: 0.8060  last_time: 0.8716  data_time: 0.1927  last_data_time: 0.1927   lr: 5.8907e-06  max_mem: 12316M
[03/19 03:56:41 d2.utils.events]:  eta: 0:58:37  iter: 15559  total_loss: 6.029  loss_ce: 0.005997  loss_mask: 0.05785  loss_dice: 0.5803  loss_ce_0: 0.1457  loss_mask_0: 0.05616  loss_dice_0: 0.5769  loss_ce_1: 0.01468  loss_mask_1: 0.06007  loss_dice_1: 0.544  loss_ce_2: 0.007524  loss_mask_2: 0.05758  loss_dice_2: 0.556  loss_ce_3: 0.004953  loss_mask_3: 0.0485  loss_dice_3: 0.4774  loss_ce_4: 0.006188  loss_mask_4: 0.04935  loss_dice_4: 0.4895  loss_ce_5: 0.005505  loss_mask_5: 0.04953  loss_dice_5: 0.472  loss_ce_6: 0.005568  loss_mask_6: 0.05188  loss_dice_6: 0.5101  loss_ce_7: 0.006167  loss_mask_7: 0.05069  loss_dice_7: 0.4656  loss_ce_8: 0.005736  loss_mask_8: 0.05445  loss_dice_8: 0.6132    time: 0.8060  last_time: 0.9732  data_time: 0.1264  last_data_time: 0.1264   lr: 5.8402e-06  max_mem: 12316M
[03/19 03:56:57 d2.utils.events]:  eta: 0:58:20  iter: 15579  total_loss: 6.28  loss_ce: 0.007503  loss_mask: 0.02765  loss_dice: 0.5353  loss_ce_0: 0.2037  loss_mask_0: 0.03278  loss_dice_0: 0.7482  loss_ce_1: 0.1201  loss_mask_1: 0.02345  loss_dice_1: 0.5507  loss_ce_2: 0.0062  loss_mask_2: 0.02893  loss_dice_2: 0.5148  loss_ce_3: 0.007681  loss_mask_3: 0.02565  loss_dice_3: 0.5  loss_ce_4: 0.008083  loss_mask_4: 0.02451  loss_dice_4: 0.5792  loss_ce_5: 0.007317  loss_mask_5: 0.02865  loss_dice_5: 0.5315  loss_ce_6: 0.007858  loss_mask_6: 0.02913  loss_dice_6: 0.5663  loss_ce_7: 0.008996  loss_mask_7: 0.03378  loss_dice_7: 0.6216  loss_ce_8: 0.006751  loss_mask_8: 0.02164  loss_dice_8: 0.4725    time: 0.8059  last_time: 0.8031  data_time: 0.1432  last_data_time: 0.1432   lr: 5.7898e-06  max_mem: 12316M
[03/19 03:57:13 d2.utils.events]:  eta: 0:58:03  iter: 15599  total_loss: 7.508  loss_ce: 0.01315  loss_mask: 0.06321  loss_dice: 0.676  loss_ce_0: 0.1844  loss_mask_0: 0.05443  loss_dice_0: 0.721  loss_ce_1: 0.01565  loss_mask_1: 0.05737  loss_dice_1: 0.6568  loss_ce_2: 0.01737  loss_mask_2: 0.05738  loss_dice_2: 0.6428  loss_ce_3: 0.01464  loss_mask_3: 0.06033  loss_dice_3: 0.6366  loss_ce_4: 0.01336  loss_mask_4: 0.06226  loss_dice_4: 0.7025  loss_ce_5: 0.01208  loss_mask_5: 0.05814  loss_dice_5: 0.6507  loss_ce_6: 0.01202  loss_mask_6: 0.05779  loss_dice_6: 0.623  loss_ce_7: 0.01392  loss_mask_7: 0.05728  loss_dice_7: 0.633  loss_ce_8: 0.01418  loss_mask_8: 0.0647  loss_dice_8: 0.6617    time: 0.8059  last_time: 0.8044  data_time: 0.1311  last_data_time: 0.1311   lr: 5.7397e-06  max_mem: 12316M
[03/19 03:57:29 d2.utils.events]:  eta: 0:57:47  iter: 15619  total_loss: 6.742  loss_ce: 0.03883  loss_mask: 0.04205  loss_dice: 0.4934  loss_ce_0: 0.5171  loss_mask_0: 0.04613  loss_dice_0: 0.5846  loss_ce_1: 0.08672  loss_mask_1: 0.04239  loss_dice_1: 0.6146  loss_ce_2: 0.07508  loss_mask_2: 0.04344  loss_dice_2: 0.4881  loss_ce_3: 0.03551  loss_mask_3: 0.04221  loss_dice_3: 0.4781  loss_ce_4: 0.04249  loss_mask_4: 0.04334  loss_dice_4: 0.5258  loss_ce_5: 0.08102  loss_mask_5: 0.04115  loss_dice_5: 0.5318  loss_ce_6: 0.04083  loss_mask_6: 0.04271  loss_dice_6: 0.4603  loss_ce_7: 0.08524  loss_mask_7: 0.04201  loss_dice_7: 0.5111  loss_ce_8: 0.08771  loss_mask_8: 0.04345  loss_dice_8: 0.5349    time: 0.8059  last_time: 0.8226  data_time: 0.1447  last_data_time: 0.1447   lr: 5.6897e-06  max_mem: 12316M
[03/19 03:57:46 d2.utils.events]:  eta: 0:57:33  iter: 15639  total_loss: 5.81  loss_ce: 0.007347  loss_mask: 0.04369  loss_dice: 0.5161  loss_ce_0: 0.2116  loss_mask_0: 0.08544  loss_dice_0: 0.584  loss_ce_1: 0.01075  loss_mask_1: 0.052  loss_dice_1: 0.618  loss_ce_2: 0.01439  loss_mask_2: 0.04857  loss_dice_2: 0.5003  loss_ce_3: 0.01072  loss_mask_3: 0.04343  loss_dice_3: 0.4524  loss_ce_4: 0.0119  loss_mask_4: 0.04704  loss_dice_4: 0.4657  loss_ce_5: 0.009778  loss_mask_5: 0.04672  loss_dice_5: 0.484  loss_ce_6: 0.009769  loss_mask_6: 0.04256  loss_dice_6: 0.4327  loss_ce_7: 0.009517  loss_mask_7: 0.04028  loss_dice_7: 0.4739  loss_ce_8: 0.00864  loss_mask_8: 0.04807  loss_dice_8: 0.481    time: 0.8059  last_time: 0.8408  data_time: 0.1646  last_data_time: 0.1646   lr: 5.6399e-06  max_mem: 12316M
[03/19 03:58:02 d2.utils.events]:  eta: 0:57:18  iter: 15659  total_loss: 11.68  loss_ce: 0.2706  loss_mask: 0.05032  loss_dice: 0.7931  loss_ce_0: 0.2056  loss_mask_0: 0.06424  loss_dice_0: 1.089  loss_ce_1: 0.2276  loss_mask_1: 0.08774  loss_dice_1: 1.04  loss_ce_2: 0.2433  loss_mask_2: 0.0586  loss_dice_2: 0.9158  loss_ce_3: 0.2059  loss_mask_3: 0.05029  loss_dice_3: 0.8185  loss_ce_4: 0.231  loss_mask_4: 0.045  loss_dice_4: 0.7785  loss_ce_5: 0.2504  loss_mask_5: 0.05622  loss_dice_5: 0.8363  loss_ce_6: 0.2571  loss_mask_6: 0.05342  loss_dice_6: 0.7728  loss_ce_7: 0.2587  loss_mask_7: 0.05305  loss_dice_7: 0.7248  loss_ce_8: 0.275  loss_mask_8: 0.05274  loss_dice_8: 0.9174    time: 0.8059  last_time: 0.7700  data_time: 0.1018  last_data_time: 0.1018   lr: 5.5903e-06  max_mem: 12316M
[03/19 03:58:19 d2.utils.events]:  eta: 0:57:01  iter: 15679  total_loss: 9.283  loss_ce: 0.007231  loss_mask: 0.02645  loss_dice: 0.9241  loss_ce_0: 0.1364  loss_mask_0: 0.02738  loss_dice_0: 0.7497  loss_ce_1: 0.005838  loss_mask_1: 0.02672  loss_dice_1: 0.8826  loss_ce_2: 0.02643  loss_mask_2: 0.02768  loss_dice_2: 0.9237  loss_ce_3: 0.01154  loss_mask_3: 0.02981  loss_dice_3: 1.009  loss_ce_4: 0.00666  loss_mask_4: 0.02884  loss_dice_4: 0.7515  loss_ce_5: 0.006525  loss_mask_5: 0.02677  loss_dice_5: 0.7504  loss_ce_6: 0.008293  loss_mask_6: 0.02596  loss_dice_6: 0.9497  loss_ce_7: 0.05788  loss_mask_7: 0.02995  loss_dice_7: 0.9312  loss_ce_8: 0.08726  loss_mask_8: 0.02708  loss_dice_8: 0.7801    time: 0.8059  last_time: 0.8805  data_time: 0.2188  last_data_time: 0.2188   lr: 5.5409e-06  max_mem: 12316M
[03/19 03:58:35 d2.utils.events]:  eta: 0:56:46  iter: 15699  total_loss: 5.423  loss_ce: 0.01965  loss_mask: 0.03327  loss_dice: 0.4849  loss_ce_0: 0.1398  loss_mask_0: 0.04058  loss_dice_0: 0.5765  loss_ce_1: 0.01976  loss_mask_1: 0.03597  loss_dice_1: 0.4735  loss_ce_2: 0.019  loss_mask_2: 0.03857  loss_dice_2: 0.482  loss_ce_3: 0.01635  loss_mask_3: 0.03239  loss_dice_3: 0.421  loss_ce_4: 0.01859  loss_mask_4: 0.03241  loss_dice_4: 0.4515  loss_ce_5: 0.019  loss_mask_5: 0.03153  loss_dice_5: 0.4679  loss_ce_6: 0.02075  loss_mask_6: 0.03113  loss_dice_6: 0.4116  loss_ce_7: 0.01958  loss_mask_7: 0.0366  loss_dice_7: 0.508  loss_ce_8: 0.02085  loss_mask_8: 0.03393  loss_dice_8: 0.4862    time: 0.8059  last_time: 0.7345  data_time: 0.0681  last_data_time: 0.0681   lr: 5.4917e-06  max_mem: 12316M
[03/19 03:58:51 d2.utils.events]:  eta: 0:56:28  iter: 15719  total_loss: 5.418  loss_ce: 0.009884  loss_mask: 0.03282  loss_dice: 0.5202  loss_ce_0: 0.2927  loss_mask_0: 0.04782  loss_dice_0: 0.4972  loss_ce_1: 0.026  loss_mask_1: 0.03313  loss_dice_1: 0.481  loss_ce_2: 0.0153  loss_mask_2: 0.02818  loss_dice_2: 0.424  loss_ce_3: 0.01746  loss_mask_3: 0.035  loss_dice_3: 0.4767  loss_ce_4: 0.009945  loss_mask_4: 0.03234  loss_dice_4: 0.4528  loss_ce_5: 0.008601  loss_mask_5: 0.03642  loss_dice_5: 0.4843  loss_ce_6: 0.008539  loss_mask_6: 0.03214  loss_dice_6: 0.4433  loss_ce_7: 0.008669  loss_mask_7: 0.0317  loss_dice_7: 0.4575  loss_ce_8: 0.009416  loss_mask_8: 0.03033  loss_dice_8: 0.4347    time: 0.8059  last_time: 0.9634  data_time: 0.1528  last_data_time: 0.1528   lr: 5.4427e-06  max_mem: 12316M
[03/19 03:59:07 d2.utils.events]:  eta: 0:56:11  iter: 15739  total_loss: 5.969  loss_ce: 0.07503  loss_mask: 0.03534  loss_dice: 0.4056  loss_ce_0: 0.1458  loss_mask_0: 0.03763  loss_dice_0: 0.464  loss_ce_1: 0.05987  loss_mask_1: 0.04141  loss_dice_1: 0.584  loss_ce_2: 0.09588  loss_mask_2: 0.03054  loss_dice_2: 0.375  loss_ce_3: 0.1019  loss_mask_3: 0.03389  loss_dice_3: 0.424  loss_ce_4: 0.0849  loss_mask_4: 0.03114  loss_dice_4: 0.4656  loss_ce_5: 0.07133  loss_mask_5: 0.04073  loss_dice_5: 0.5689  loss_ce_6: 0.08109  loss_mask_6: 0.03709  loss_dice_6: 0.4873  loss_ce_7: 0.08222  loss_mask_7: 0.03654  loss_dice_7: 0.4272  loss_ce_8: 0.07559  loss_mask_8: 0.03643  loss_dice_8: 0.5336    time: 0.8059  last_time: 0.8131  data_time: 0.1454  last_data_time: 0.1454   lr: 5.3938e-06  max_mem: 12316M
[03/19 03:59:24 d2.utils.events]:  eta: 0:55:55  iter: 15759  total_loss: 5.149  loss_ce: 0.006212  loss_mask: 0.03109  loss_dice: 0.4372  loss_ce_0: 0.2046  loss_mask_0: 0.03425  loss_dice_0: 0.5026  loss_ce_1: 0.01221  loss_mask_1: 0.03404  loss_dice_1: 0.4286  loss_ce_2: 0.02126  loss_mask_2: 0.03541  loss_dice_2: 0.4781  loss_ce_3: 0.008553  loss_mask_3: 0.03516  loss_dice_3: 0.4313  loss_ce_4: 0.00798  loss_mask_4: 0.03413  loss_dice_4: 0.4265  loss_ce_5: 0.007116  loss_mask_5: 0.0383  loss_dice_5: 0.4807  loss_ce_6: 0.007045  loss_mask_6: 0.03233  loss_dice_6: 0.4787  loss_ce_7: 0.006318  loss_mask_7: 0.03576  loss_dice_7: 0.4549  loss_ce_8: 0.005856  loss_mask_8: 0.03152  loss_dice_8: 0.4017    time: 0.8059  last_time: 0.8227  data_time: 0.1463  last_data_time: 0.1463   lr: 5.3452e-06  max_mem: 12316M
[03/19 03:59:40 d2.utils.events]:  eta: 0:55:39  iter: 15779  total_loss: 5.504  loss_ce: 0.007406  loss_mask: 0.03956  loss_dice: 0.3966  loss_ce_0: 0.1537  loss_mask_0: 0.04224  loss_dice_0: 0.5888  loss_ce_1: 0.01531  loss_mask_1: 0.03991  loss_dice_1: 0.5161  loss_ce_2: 0.01927  loss_mask_2: 0.04208  loss_dice_2: 0.4704  loss_ce_3: 0.01298  loss_mask_3: 0.03774  loss_dice_3: 0.4518  loss_ce_4: 0.00689  loss_mask_4: 0.0395  loss_dice_4: 0.4178  loss_ce_5: 0.005625  loss_mask_5: 0.04244  loss_dice_5: 0.5327  loss_ce_6: 0.005812  loss_mask_6: 0.03842  loss_dice_6: 0.5101  loss_ce_7: 0.006892  loss_mask_7: 0.041  loss_dice_7: 0.4896  loss_ce_8: 0.007509  loss_mask_8: 0.03285  loss_dice_8: 0.4926    time: 0.8059  last_time: 0.7805  data_time: 0.1098  last_data_time: 0.1098   lr: 5.2968e-06  max_mem: 12316M
[03/19 03:59:57 d2.utils.events]:  eta: 0:55:25  iter: 15799  total_loss: 8.039  loss_ce: 0.001411  loss_mask: 0.03588  loss_dice: 0.8806  loss_ce_0: 0.1324  loss_mask_0: 0.04388  loss_dice_0: 0.9894  loss_ce_1: 0.00314  loss_mask_1: 0.04283  loss_dice_1: 0.7633  loss_ce_2: 0.003254  loss_mask_2: 0.03904  loss_dice_2: 0.6932  loss_ce_3: 0.001766  loss_mask_3: 0.04172  loss_dice_3: 0.8219  loss_ce_4: 0.00159  loss_mask_4: 0.03648  loss_dice_4: 0.6144  loss_ce_5: 0.001334  loss_mask_5: 0.0329  loss_dice_5: 0.8195  loss_ce_6: 0.001308  loss_mask_6: 0.03078  loss_dice_6: 0.5762  loss_ce_7: 0.001337  loss_mask_7: 0.03445  loss_dice_7: 0.6642  loss_ce_8: 0.001288  loss_mask_8: 0.0386  loss_dice_8: 0.6908    time: 0.8059  last_time: 0.8081  data_time: 0.1483  last_data_time: 0.1483   lr: 5.2485e-06  max_mem: 12316M
[03/19 04:00:13 d2.utils.events]:  eta: 0:55:11  iter: 15819  total_loss: 8.086  loss_ce: 0.02317  loss_mask: 0.03721  loss_dice: 0.5978  loss_ce_0: 0.1585  loss_mask_0: 0.04755  loss_dice_0: 0.8034  loss_ce_1: 0.02268  loss_mask_1: 0.0422  loss_dice_1: 0.6699  loss_ce_2: 0.01771  loss_mask_2: 0.04265  loss_dice_2: 0.7924  loss_ce_3: 0.02629  loss_mask_3: 0.04897  loss_dice_3: 0.8209  loss_ce_4: 0.0182  loss_mask_4: 0.0392  loss_dice_4: 0.7311  loss_ce_5: 0.01746  loss_mask_5: 0.04972  loss_dice_5: 0.7357  loss_ce_6: 0.02784  loss_mask_6: 0.0378  loss_dice_6: 0.7038  loss_ce_7: 0.02382  loss_mask_7: 0.04336  loss_dice_7: 0.7744  loss_ce_8: 0.02257  loss_mask_8: 0.04224  loss_dice_8: 0.6672    time: 0.8059  last_time: 0.8073  data_time: 0.1325  last_data_time: 0.1325   lr: 5.2005e-06  max_mem: 12316M
[03/19 04:00:30 d2.utils.events]:  eta: 0:54:53  iter: 15839  total_loss: 7.215  loss_ce: 0.01237  loss_mask: 0.02441  loss_dice: 0.6156  loss_ce_0: 0.07504  loss_mask_0: 0.02877  loss_dice_0: 0.6828  loss_ce_1: 0.02794  loss_mask_1: 0.03594  loss_dice_1: 0.6795  loss_ce_2: 0.01625  loss_mask_2: 0.03038  loss_dice_2: 0.6111  loss_ce_3: 0.01335  loss_mask_3: 0.02695  loss_dice_3: 0.5424  loss_ce_4: 0.01207  loss_mask_4: 0.03602  loss_dice_4: 0.7483  loss_ce_5: 0.012  loss_mask_5: 0.02705  loss_dice_5: 0.7282  loss_ce_6: 0.0113  loss_mask_6: 0.02766  loss_dice_6: 0.682  loss_ce_7: 0.01096  loss_mask_7: 0.04015  loss_dice_7: 0.8206  loss_ce_8: 0.01167  loss_mask_8: 0.03047  loss_dice_8: 0.5943    time: 0.8059  last_time: 0.7813  data_time: 0.1028  last_data_time: 0.1028   lr: 5.1526e-06  max_mem: 12316M
[03/19 04:00:46 d2.utils.events]:  eta: 0:54:36  iter: 15859  total_loss: 7.602  loss_ce: 0.113  loss_mask: 0.0332  loss_dice: 0.5345  loss_ce_0: 0.1312  loss_mask_0: 0.03048  loss_dice_0: 0.6651  loss_ce_1: 0.1098  loss_mask_1: 0.033  loss_dice_1: 0.8208  loss_ce_2: 0.1019  loss_mask_2: 0.0379  loss_dice_2: 0.6759  loss_ce_3: 0.1233  loss_mask_3: 0.03066  loss_dice_3: 0.5066  loss_ce_4: 0.1077  loss_mask_4: 0.03433  loss_dice_4: 0.6642  loss_ce_5: 0.1164  loss_mask_5: 0.03574  loss_dice_5: 0.5261  loss_ce_6: 0.1233  loss_mask_6: 0.03115  loss_dice_6: 0.536  loss_ce_7: 0.1058  loss_mask_7: 0.03269  loss_dice_7: 0.6221  loss_ce_8: 0.1146  loss_mask_8: 0.03658  loss_dice_8: 0.5679    time: 0.8059  last_time: 0.9150  data_time: 0.2382  last_data_time: 0.2382   lr: 5.105e-06  max_mem: 12316M
[03/19 04:01:02 d2.utils.events]:  eta: 0:54:20  iter: 15879  total_loss: 8.211  loss_ce: 0.09519  loss_mask: 0.03811  loss_dice: 0.8498  loss_ce_0: 0.1072  loss_mask_0: 0.03426  loss_dice_0: 0.8699  loss_ce_1: 0.02962  loss_mask_1: 0.03272  loss_dice_1: 0.7372  loss_ce_2: 0.1134  loss_mask_2: 0.03107  loss_dice_2: 0.708  loss_ce_3: 0.1251  loss_mask_3: 0.03159  loss_dice_3: 0.5894  loss_ce_4: 0.03562  loss_mask_4: 0.03024  loss_dice_4: 0.6912  loss_ce_5: 0.02823  loss_mask_5: 0.03541  loss_dice_5: 0.7472  loss_ce_6: 0.03405  loss_mask_6: 0.03559  loss_dice_6: 0.6286  loss_ce_7: 0.02943  loss_mask_7: 0.03504  loss_dice_7: 0.6665  loss_ce_8: 0.02743  loss_mask_8: 0.03559  loss_dice_8: 0.7579    time: 0.8059  last_time: 0.8597  data_time: 0.1900  last_data_time: 0.1900   lr: 5.0575e-06  max_mem: 12316M
[03/19 04:01:19 d2.utils.events]:  eta: 0:54:05  iter: 15899  total_loss: 8.504  loss_ce: 0.03873  loss_mask: 0.03831  loss_dice: 0.6873  loss_ce_0: 0.09333  loss_mask_0: 0.03968  loss_dice_0: 0.792  loss_ce_1: 0.04681  loss_mask_1: 0.03972  loss_dice_1: 0.7197  loss_ce_2: 0.04155  loss_mask_2: 0.04033  loss_dice_2: 0.7676  loss_ce_3: 0.04169  loss_mask_3: 0.04441  loss_dice_3: 0.7519  loss_ce_4: 0.04185  loss_mask_4: 0.04296  loss_dice_4: 0.8105  loss_ce_5: 0.11  loss_mask_5: 0.03977  loss_dice_5: 0.7434  loss_ce_6: 0.03804  loss_mask_6: 0.0366  loss_dice_6: 0.7361  loss_ce_7: 0.03996  loss_mask_7: 0.03664  loss_dice_7: 0.7422  loss_ce_8: 0.1105  loss_mask_8: 0.03851  loss_dice_8: 0.7534    time: 0.8059  last_time: 0.7923  data_time: 0.1210  last_data_time: 0.1210   lr: 5.0102e-06  max_mem: 12316M
[03/19 04:01:35 d2.utils.events]:  eta: 0:53:49  iter: 15919  total_loss: 4.709  loss_ce: 0.002984  loss_mask: 0.0373  loss_dice: 0.4665  loss_ce_0: 0.08273  loss_mask_0: 0.0376  loss_dice_0: 0.4687  loss_ce_1: 0.00281  loss_mask_1: 0.03291  loss_dice_1: 0.3419  loss_ce_2: 0.002323  loss_mask_2: 0.03456  loss_dice_2: 0.4422  loss_ce_3: 0.002276  loss_mask_3: 0.03475  loss_dice_3: 0.3755  loss_ce_4: 0.002278  loss_mask_4: 0.03482  loss_dice_4: 0.4265  loss_ce_5: 0.002489  loss_mask_5: 0.0338  loss_dice_5: 0.3654  loss_ce_6: 0.002686  loss_mask_6: 0.03472  loss_dice_6: 0.4283  loss_ce_7: 0.002549  loss_mask_7: 0.03582  loss_dice_7: 0.419  loss_ce_8: 0.002543  loss_mask_8: 0.03546  loss_dice_8: 0.5176    time: 0.8059  last_time: 0.8286  data_time: 0.1473  last_data_time: 0.1473   lr: 4.9632e-06  max_mem: 12316M
[03/19 04:01:52 d2.utils.events]:  eta: 0:53:33  iter: 15939  total_loss: 7.072  loss_ce: 0.03094  loss_mask: 0.04798  loss_dice: 0.6122  loss_ce_0: 0.1319  loss_mask_0: 0.05711  loss_dice_0: 0.6801  loss_ce_1: 0.05801  loss_mask_1: 0.05258  loss_dice_1: 0.6243  loss_ce_2: 0.02418  loss_mask_2: 0.05394  loss_dice_2: 0.6556  loss_ce_3: 0.02389  loss_mask_3: 0.05543  loss_dice_3: 0.6998  loss_ce_4: 0.03046  loss_mask_4: 0.05098  loss_dice_4: 0.6195  loss_ce_5: 0.03074  loss_mask_5: 0.05127  loss_dice_5: 0.5945  loss_ce_6: 0.02684  loss_mask_6: 0.04357  loss_dice_6: 0.5763  loss_ce_7: 0.02654  loss_mask_7: 0.04667  loss_dice_7: 0.6109  loss_ce_8: 0.03158  loss_mask_8: 0.04394  loss_dice_8: 0.4807    time: 0.8060  last_time: 0.8264  data_time: 0.1461  last_data_time: 0.1461   lr: 4.9163e-06  max_mem: 12316M
[03/19 04:02:08 d2.utils.events]:  eta: 0:53:17  iter: 15959  total_loss: 7.163  loss_ce: 0.004511  loss_mask: 0.04031  loss_dice: 0.6131  loss_ce_0: 0.1532  loss_mask_0: 0.05573  loss_dice_0: 0.8825  loss_ce_1: 0.007485  loss_mask_1: 0.0354  loss_dice_1: 0.5284  loss_ce_2: 0.007157  loss_mask_2: 0.04354  loss_dice_2: 0.6535  loss_ce_3: 0.004795  loss_mask_3: 0.04166  loss_dice_3: 0.6511  loss_ce_4: 0.004413  loss_mask_4: 0.04136  loss_dice_4: 0.6381  loss_ce_5: 0.003661  loss_mask_5: 0.03953  loss_dice_5: 0.6954  loss_ce_6: 0.004113  loss_mask_6: 0.04133  loss_dice_6: 0.6769  loss_ce_7: 0.004385  loss_mask_7: 0.0379  loss_dice_7: 0.5533  loss_ce_8: 0.004454  loss_mask_8: 0.04353  loss_dice_8: 0.6525    time: 0.8060  last_time: 0.8814  data_time: 0.2073  last_data_time: 0.2073   lr: 4.8696e-06  max_mem: 12316M
[03/19 04:02:25 d2.utils.events]:  eta: 0:53:02  iter: 15979  total_loss: 9.109  loss_ce: 0.03145  loss_mask: 0.06437  loss_dice: 0.8185  loss_ce_0: 0.1451  loss_mask_0: 0.05623  loss_dice_0: 0.8346  loss_ce_1: 0.09269  loss_mask_1: 0.07096  loss_dice_1: 0.8805  loss_ce_2: 0.06397  loss_mask_2: 0.06859  loss_dice_2: 0.8593  loss_ce_3: 0.03228  loss_mask_3: 0.05977  loss_dice_3: 0.7341  loss_ce_4: 0.05536  loss_mask_4: 0.05973  loss_dice_4: 0.7593  loss_ce_5: 0.05543  loss_mask_5: 0.04977  loss_dice_5: 0.8013  loss_ce_6: 0.03153  loss_mask_6: 0.05825  loss_dice_6: 0.7555  loss_ce_7: 0.06068  loss_mask_7: 0.05328  loss_dice_7: 0.7105  loss_ce_8: 0.02929  loss_mask_8: 0.05334  loss_dice_8: 0.7634    time: 0.8060  last_time: 0.7712  data_time: 0.1089  last_data_time: 0.1089   lr: 4.8232e-06  max_mem: 12316M
[03/19 04:02:41 d2.utils.events]:  eta: 0:52:47  iter: 15999  total_loss: 6.387  loss_ce: 0.005487  loss_mask: 0.04084  loss_dice: 0.4831  loss_ce_0: 0.08926  loss_mask_0: 0.0417  loss_dice_0: 0.6948  loss_ce_1: 0.02348  loss_mask_1: 0.03493  loss_dice_1: 0.5713  loss_ce_2: 0.07075  loss_mask_2: 0.03998  loss_dice_2: 0.5537  loss_ce_3: 0.00787  loss_mask_3: 0.03802  loss_dice_3: 0.5909  loss_ce_4: 0.006075  loss_mask_4: 0.03631  loss_dice_4: 0.5856  loss_ce_5: 0.005599  loss_mask_5: 0.04621  loss_dice_5: 0.5597  loss_ce_6: 0.005669  loss_mask_6: 0.04459  loss_dice_6: 0.5999  loss_ce_7: 0.00475  loss_mask_7: 0.0343  loss_dice_7: 0.4076  loss_ce_8: 0.005459  loss_mask_8: 0.03983  loss_dice_8: 0.7191    time: 0.8060  last_time: 0.9278  data_time: 0.1830  last_data_time: 0.1830   lr: 4.7769e-06  max_mem: 12316M
[03/19 04:02:57 d2.utils.events]:  eta: 0:52:32  iter: 16019  total_loss: 6.938  loss_ce: 0.003721  loss_mask: 0.02966  loss_dice: 0.6539  loss_ce_0: 0.08272  loss_mask_0: 0.02466  loss_dice_0: 0.6061  loss_ce_1: 0.007414  loss_mask_1: 0.02772  loss_dice_1: 0.735  loss_ce_2: 0.005383  loss_mask_2: 0.02915  loss_dice_2: 0.6429  loss_ce_3: 0.006496  loss_mask_3: 0.0259  loss_dice_3: 0.5845  loss_ce_4: 0.005179  loss_mask_4: 0.02857  loss_dice_4: 0.5979  loss_ce_5: 0.004746  loss_mask_5: 0.03087  loss_dice_5: 0.6483  loss_ce_6: 0.00448  loss_mask_6: 0.03116  loss_dice_6: 0.6982  loss_ce_7: 0.00369  loss_mask_7: 0.03266  loss_dice_7: 0.6628  loss_ce_8: 0.003883  loss_mask_8: 0.03085  loss_dice_8: 0.6893    time: 0.8060  last_time: 0.8510  data_time: 0.1679  last_data_time: 0.1679   lr: 4.7308e-06  max_mem: 12316M
[03/19 04:03:14 d2.utils.events]:  eta: 0:52:18  iter: 16039  total_loss: 5.048  loss_ce: 0.007161  loss_mask: 0.04349  loss_dice: 0.4253  loss_ce_0: 0.1587  loss_mask_0: 0.04451  loss_dice_0: 0.487  loss_ce_1: 0.06844  loss_mask_1: 0.03883  loss_dice_1: 0.4347  loss_ce_2: 0.01415  loss_mask_2: 0.04029  loss_dice_2: 0.4467  loss_ce_3: 0.008704  loss_mask_3: 0.04034  loss_dice_3: 0.4205  loss_ce_4: 0.008434  loss_mask_4: 0.03815  loss_dice_4: 0.4321  loss_ce_5: 0.008348  loss_mask_5: 0.04219  loss_dice_5: 0.4155  loss_ce_6: 0.008371  loss_mask_6: 0.04452  loss_dice_6: 0.4498  loss_ce_7: 0.007722  loss_mask_7: 0.03656  loss_dice_7: 0.3864  loss_ce_8: 0.007655  loss_mask_8: 0.04398  loss_dice_8: 0.4399    time: 0.8059  last_time: 0.8365  data_time: 0.1442  last_data_time: 0.1442   lr: 4.6849e-06  max_mem: 12316M
[03/19 04:03:30 d2.utils.events]:  eta: 0:52:04  iter: 16059  total_loss: 6.037  loss_ce: 0.009381  loss_mask: 0.03854  loss_dice: 0.5451  loss_ce_0: 0.1379  loss_mask_0: 0.04573  loss_dice_0: 0.6761  loss_ce_1: 0.01647  loss_mask_1: 0.03358  loss_dice_1: 0.5059  loss_ce_2: 0.0109  loss_mask_2: 0.03006  loss_dice_2: 0.4023  loss_ce_3: 0.008988  loss_mask_3: 0.03593  loss_dice_3: 0.5219  loss_ce_4: 0.009377  loss_mask_4: 0.0357  loss_dice_4: 0.4783  loss_ce_5: 0.08147  loss_mask_5: 0.03712  loss_dice_5: 0.4967  loss_ce_6: 0.009035  loss_mask_6: 0.03994  loss_dice_6: 0.5758  loss_ce_7: 0.009192  loss_mask_7: 0.03631  loss_dice_7: 0.5481  loss_ce_8: 0.009618  loss_mask_8: 0.04277  loss_dice_8: 0.6086    time: 0.8059  last_time: 0.7879  data_time: 0.1099  last_data_time: 0.1099   lr: 4.6393e-06  max_mem: 12316M
[03/19 04:03:46 d2.utils.events]:  eta: 0:51:48  iter: 16079  total_loss: 5.527  loss_ce: 0.06414  loss_mask: 0.04365  loss_dice: 0.6965  loss_ce_0: 0.1445  loss_mask_0: 0.0446  loss_dice_0: 0.4274  loss_ce_1: 0.07779  loss_mask_1: 0.03712  loss_dice_1: 0.4428  loss_ce_2: 0.0912  loss_mask_2: 0.03741  loss_dice_2: 0.3771  loss_ce_3: 0.07645  loss_mask_3: 0.03938  loss_dice_3: 0.3592  loss_ce_4: 0.06504  loss_mask_4: 0.03596  loss_dice_4: 0.3707  loss_ce_5: 0.07039  loss_mask_5: 0.04012  loss_dice_5: 0.5747  loss_ce_6: 0.06562  loss_mask_6: 0.03546  loss_dice_6: 0.3518  loss_ce_7: 0.06713  loss_mask_7: 0.03945  loss_dice_7: 0.4169  loss_ce_8: 0.06985  loss_mask_8: 0.03633  loss_dice_8: 0.3284    time: 0.8059  last_time: 0.8379  data_time: 0.1555  last_data_time: 0.1555   lr: 4.5938e-06  max_mem: 12316M
[03/19 04:04:02 d2.utils.events]:  eta: 0:51:34  iter: 16099  total_loss: 5.044  loss_ce: 0.02675  loss_mask: 0.026  loss_dice: 0.4085  loss_ce_0: 0.1377  loss_mask_0: 0.03077  loss_dice_0: 0.4149  loss_ce_1: 0.03369  loss_mask_1: 0.02616  loss_dice_1: 0.4127  loss_ce_2: 0.02583  loss_mask_2: 0.03366  loss_dice_2: 0.4485  loss_ce_3: 0.0247  loss_mask_3: 0.02966  loss_dice_3: 0.4348  loss_ce_4: 0.0246  loss_mask_4: 0.03414  loss_dice_4: 0.4042  loss_ce_5: 0.02472  loss_mask_5: 0.03359  loss_dice_5: 0.4858  loss_ce_6: 0.02376  loss_mask_6: 0.0284  loss_dice_6: 0.4985  loss_ce_7: 0.03036  loss_mask_7: 0.02541  loss_dice_7: 0.3934  loss_ce_8: 0.02698  loss_mask_8: 0.03329  loss_dice_8: 0.4622    time: 0.8059  last_time: 0.7778  data_time: 0.1106  last_data_time: 0.1106   lr: 4.5485e-06  max_mem: 12316M
[03/19 04:04:18 d2.utils.events]:  eta: 0:51:15  iter: 16119  total_loss: 8.645  loss_ce: 0.07773  loss_mask: 0.03459  loss_dice: 0.7995  loss_ce_0: 0.2782  loss_mask_0: 0.04307  loss_dice_0: 0.7116  loss_ce_1: 0.1787  loss_mask_1: 0.033  loss_dice_1: 0.4814  loss_ce_2: 0.15  loss_mask_2: 0.03662  loss_dice_2: 0.6945  loss_ce_3: 0.1349  loss_mask_3: 0.03368  loss_dice_3: 0.7864  loss_ce_4: 0.1039  loss_mask_4: 0.03316  loss_dice_4: 0.8215  loss_ce_5: 0.1116  loss_mask_5: 0.03465  loss_dice_5: 0.7163  loss_ce_6: 0.04794  loss_mask_6: 0.0352  loss_dice_6: 0.7384  loss_ce_7: 0.1568  loss_mask_7: 0.03294  loss_dice_7: 0.6702  loss_ce_8: 0.09549  loss_mask_8: 0.03461  loss_dice_8: 0.539    time: 0.8059  last_time: 0.8955  data_time: 0.2217  last_data_time: 0.2217   lr: 4.5034e-06  max_mem: 12316M
[03/19 04:04:34 d2.utils.events]:  eta: 0:51:00  iter: 16139  total_loss: 6  loss_ce: 0.0456  loss_mask: 0.04534  loss_dice: 0.4843  loss_ce_0: 0.08272  loss_mask_0: 0.04506  loss_dice_0: 0.5422  loss_ce_1: 0.04772  loss_mask_1: 0.03808  loss_dice_1: 0.5359  loss_ce_2: 0.04886  loss_mask_2: 0.03898  loss_dice_2: 0.6584  loss_ce_3: 0.04597  loss_mask_3: 0.04829  loss_dice_3: 0.4973  loss_ce_4: 0.04503  loss_mask_4: 0.046  loss_dice_4: 0.4785  loss_ce_5: 0.04291  loss_mask_5: 0.04234  loss_dice_5: 0.4556  loss_ce_6: 0.04452  loss_mask_6: 0.04216  loss_dice_6: 0.4522  loss_ce_7: 0.04535  loss_mask_7: 0.04288  loss_dice_7: 0.4698  loss_ce_8: 0.04554  loss_mask_8: 0.04122  loss_dice_8: 0.5016    time: 0.8059  last_time: 0.7573  data_time: 0.0873  last_data_time: 0.0873   lr: 4.4586e-06  max_mem: 12316M
[03/19 04:04:51 d2.utils.events]:  eta: 0:50:45  iter: 16159  total_loss: 5.637  loss_ce: 0.02797  loss_mask: 0.02913  loss_dice: 0.4473  loss_ce_0: 0.1159  loss_mask_0: 0.05522  loss_dice_0: 0.7586  loss_ce_1: 0.04082  loss_mask_1: 0.03486  loss_dice_1: 0.5108  loss_ce_2: 0.03235  loss_mask_2: 0.03228  loss_dice_2: 0.4581  loss_ce_3: 0.02712  loss_mask_3: 0.03224  loss_dice_3: 0.4565  loss_ce_4: 0.02924  loss_mask_4: 0.03158  loss_dice_4: 0.5169  loss_ce_5: 0.0262  loss_mask_5: 0.02686  loss_dice_5: 0.4093  loss_ce_6: 0.02752  loss_mask_6: 0.03128  loss_dice_6: 0.4617  loss_ce_7: 0.03123  loss_mask_7: 0.02874  loss_dice_7: 0.4511  loss_ce_8: 0.03039  loss_mask_8: 0.03101  loss_dice_8: 0.4452    time: 0.8059  last_time: 0.7991  data_time: 0.1345  last_data_time: 0.1345   lr: 4.4139e-06  max_mem: 12316M
[03/19 04:05:07 d2.utils.events]:  eta: 0:50:31  iter: 16179  total_loss: 8.366  loss_ce: 0.03475  loss_mask: 0.03697  loss_dice: 0.6443  loss_ce_0: 0.1956  loss_mask_0: 0.03706  loss_dice_0: 0.8042  loss_ce_1: 0.0142  loss_mask_1: 0.04333  loss_dice_1: 0.9435  loss_ce_2: 0.05087  loss_mask_2: 0.03627  loss_dice_2: 0.5673  loss_ce_3: 0.01703  loss_mask_3: 0.04001  loss_dice_3: 0.8976  loss_ce_4: 0.0685  loss_mask_4: 0.03264  loss_dice_4: 0.6116  loss_ce_5: 0.03727  loss_mask_5: 0.0302  loss_dice_5: 0.5622  loss_ce_6: 0.03655  loss_mask_6: 0.04007  loss_dice_6: 0.8204  loss_ce_7: 0.03659  loss_mask_7: 0.0387  loss_dice_7: 0.7969  loss_ce_8: 0.03068  loss_mask_8: 0.03887  loss_dice_8: 0.822    time: 0.8059  last_time: 0.8466  data_time: 0.1761  last_data_time: 0.1761   lr: 4.3695e-06  max_mem: 12316M
[03/19 04:05:23 d2.utils.events]:  eta: 0:50:17  iter: 16199  total_loss: 5.932  loss_ce: 0.0135  loss_mask: 0.02889  loss_dice: 0.5904  loss_ce_0: 0.08051  loss_mask_0: 0.02932  loss_dice_0: 0.5852  loss_ce_1: 0.0169  loss_mask_1: 0.02816  loss_dice_1: 0.5257  loss_ce_2: 0.01847  loss_mask_2: 0.0289  loss_dice_2: 0.4552  loss_ce_3: 0.01287  loss_mask_3: 0.02679  loss_dice_3: 0.4909  loss_ce_4: 0.01385  loss_mask_4: 0.02625  loss_dice_4: 0.4678  loss_ce_5: 0.01406  loss_mask_5: 0.03533  loss_dice_5: 0.5858  loss_ce_6: 0.01408  loss_mask_6: 0.03367  loss_dice_6: 0.6277  loss_ce_7: 0.01491  loss_mask_7: 0.02737  loss_dice_7: 0.5329  loss_ce_8: 0.01486  loss_mask_8: 0.0306  loss_dice_8: 0.5611    time: 0.8059  last_time: 0.7804  data_time: 0.1236  last_data_time: 0.1236   lr: 4.3252e-06  max_mem: 12316M
[03/19 04:05:39 d2.utils.events]:  eta: 0:50:01  iter: 16219  total_loss: 13.14  loss_ce: 0.05018  loss_mask: 0.07548  loss_dice: 1.066  loss_ce_0: 0.1968  loss_mask_0: 0.1197  loss_dice_0: 1.39  loss_ce_1: 0.1292  loss_mask_1: 0.1119  loss_dice_1: 1.281  loss_ce_2: 0.05105  loss_mask_2: 0.07387  loss_dice_2: 1.029  loss_ce_3: 0.05453  loss_mask_3: 0.06313  loss_dice_3: 1.036  loss_ce_4: 0.0463  loss_mask_4: 0.06859  loss_dice_4: 0.9618  loss_ce_5: 0.07657  loss_mask_5: 0.05944  loss_dice_5: 1.137  loss_ce_6: 0.05022  loss_mask_6: 0.06974  loss_dice_6: 1.303  loss_ce_7: 0.05071  loss_mask_7: 0.06525  loss_dice_7: 1.178  loss_ce_8: 0.04685  loss_mask_8: 0.0655  loss_dice_8: 1.231    time: 0.8059  last_time: 0.7866  data_time: 0.1231  last_data_time: 0.1231   lr: 4.2811e-06  max_mem: 12316M
[03/19 04:05:55 d2.utils.events]:  eta: 0:49:44  iter: 16239  total_loss: 6.839  loss_ce: 0.01041  loss_mask: 0.04221  loss_dice: 0.5827  loss_ce_0: 0.07731  loss_mask_0: 0.04604  loss_dice_0: 0.6734  loss_ce_1: 0.07458  loss_mask_1: 0.03797  loss_dice_1: 0.6669  loss_ce_2: 0.01339  loss_mask_2: 0.04001  loss_dice_2: 0.6114  loss_ce_3: 0.009283  loss_mask_3: 0.04274  loss_dice_3: 0.6474  loss_ce_4: 0.009973  loss_mask_4: 0.03642  loss_dice_4: 0.5644  loss_ce_5: 0.009938  loss_mask_5: 0.04047  loss_dice_5: 0.6122  loss_ce_6: 0.009735  loss_mask_6: 0.04136  loss_dice_6: 0.6289  loss_ce_7: 0.009115  loss_mask_7: 0.04155  loss_dice_7: 0.5983  loss_ce_8: 0.009796  loss_mask_8: 0.03765  loss_dice_8: 0.613    time: 0.8059  last_time: 0.8064  data_time: 0.1337  last_data_time: 0.1337   lr: 4.2373e-06  max_mem: 12316M
[03/19 04:06:12 d2.utils.events]:  eta: 0:49:29  iter: 16259  total_loss: 12.25  loss_ce: 0.2343  loss_mask: 0.03826  loss_dice: 0.8653  loss_ce_0: 0.2701  loss_mask_0: 0.04544  loss_dice_0: 0.9727  loss_ce_1: 0.2423  loss_mask_1: 0.03921  loss_dice_1: 0.9957  loss_ce_2: 0.2196  loss_mask_2: 0.03608  loss_dice_2: 1.071  loss_ce_3: 0.2362  loss_mask_3: 0.04488  loss_dice_3: 1.031  loss_ce_4: 0.2436  loss_mask_4: 0.03612  loss_dice_4: 0.7531  loss_ce_5: 0.3124  loss_mask_5: 0.03807  loss_dice_5: 0.8042  loss_ce_6: 0.1978  loss_mask_6: 0.04167  loss_dice_6: 0.9902  loss_ce_7: 0.2387  loss_mask_7: 0.04475  loss_dice_7: 1.038  loss_ce_8: 0.2234  loss_mask_8: 0.04198  loss_dice_8: 0.9005    time: 0.8059  last_time: 0.9742  data_time: 0.1424  last_data_time: 0.1424   lr: 4.1936e-06  max_mem: 12316M
[03/19 04:06:28 d2.utils.events]:  eta: 0:49:14  iter: 16279  total_loss: 7.167  loss_ce: 0.01214  loss_mask: 0.04735  loss_dice: 0.6261  loss_ce_0: 0.07337  loss_mask_0: 0.08187  loss_dice_0: 0.7909  loss_ce_1: 0.008314  loss_mask_1: 0.05051  loss_dice_1: 0.5872  loss_ce_2: 0.01132  loss_mask_2: 0.05982  loss_dice_2: 0.6638  loss_ce_3: 0.01273  loss_mask_3: 0.05445  loss_dice_3: 0.7271  loss_ce_4: 0.0123  loss_mask_4: 0.04847  loss_dice_4: 0.5779  loss_ce_5: 0.01176  loss_mask_5: 0.04808  loss_dice_5: 0.5856  loss_ce_6: 0.01248  loss_mask_6: 0.0511  loss_dice_6: 0.6565  loss_ce_7: 0.01322  loss_mask_7: 0.05091  loss_dice_7: 0.6136  loss_ce_8: 0.01141  loss_mask_8: 0.05014  loss_dice_8: 0.6163    time: 0.8059  last_time: 0.8512  data_time: 0.1757  last_data_time: 0.1757   lr: 4.1502e-06  max_mem: 12316M
[03/19 04:06:44 d2.utils.events]:  eta: 0:48:59  iter: 16299  total_loss: 6.667  loss_ce: 0.008754  loss_mask: 0.03757  loss_dice: 0.5836  loss_ce_0: 0.1099  loss_mask_0: 0.05424  loss_dice_0: 0.6879  loss_ce_1: 0.08371  loss_mask_1: 0.03573  loss_dice_1: 0.5129  loss_ce_2: 0.01691  loss_mask_2: 0.03812  loss_dice_2: 0.6833  loss_ce_3: 0.01288  loss_mask_3: 0.03621  loss_dice_3: 0.5326  loss_ce_4: 0.009728  loss_mask_4: 0.03438  loss_dice_4: 0.6672  loss_ce_5: 0.008729  loss_mask_5: 0.04229  loss_dice_5: 0.5129  loss_ce_6: 0.008828  loss_mask_6: 0.03883  loss_dice_6: 0.5992  loss_ce_7: 0.007685  loss_mask_7: 0.04264  loss_dice_7: 0.5257  loss_ce_8: 0.007729  loss_mask_8: 0.04008  loss_dice_8: 0.6866    time: 0.8059  last_time: 0.7984  data_time: 0.1303  last_data_time: 0.1303   lr: 4.107e-06  max_mem: 12316M
[03/19 04:07:00 d2.utils.events]:  eta: 0:48:44  iter: 16319  total_loss: 7.491  loss_ce: 0.13  loss_mask: 0.03769  loss_dice: 0.6047  loss_ce_0: 0.1654  loss_mask_0: 0.04583  loss_dice_0: 0.7512  loss_ce_1: 0.06747  loss_mask_1: 0.04342  loss_dice_1: 0.6458  loss_ce_2: 0.07524  loss_mask_2: 0.03627  loss_dice_2: 0.4912  loss_ce_3: 0.06088  loss_mask_3: 0.03769  loss_dice_3: 0.6842  loss_ce_4: 0.05633  loss_mask_4: 0.03916  loss_dice_4: 0.7745  loss_ce_5: 0.05612  loss_mask_5: 0.03803  loss_dice_5: 0.4966  loss_ce_6: 0.05758  loss_mask_6: 0.04137  loss_dice_6: 0.5704  loss_ce_7: 0.05549  loss_mask_7: 0.03751  loss_dice_7: 0.5951  loss_ce_8: 0.05123  loss_mask_8: 0.0386  loss_dice_8: 0.7066    time: 0.8059  last_time: 0.8270  data_time: 0.1506  last_data_time: 0.1506   lr: 4.0639e-06  max_mem: 12316M
[03/19 04:07:17 d2.utils.events]:  eta: 0:48:28  iter: 16339  total_loss: 9.591  loss_ce: 0.02351  loss_mask: 0.03452  loss_dice: 0.9796  loss_ce_0: 0.07187  loss_mask_0: 0.04218  loss_dice_0: 0.9894  loss_ce_1: 0.0297  loss_mask_1: 0.03188  loss_dice_1: 0.463  loss_ce_2: 0.02977  loss_mask_2: 0.03812  loss_dice_2: 0.9766  loss_ce_3: 0.02258  loss_mask_3: 0.03774  loss_dice_3: 0.9868  loss_ce_4: 0.02566  loss_mask_4: 0.03379  loss_dice_4: 0.8884  loss_ce_5: 0.02376  loss_mask_5: 0.03665  loss_dice_5: 0.9483  loss_ce_6: 0.0246  loss_mask_6: 0.03578  loss_dice_6: 0.8887  loss_ce_7: 0.02142  loss_mask_7: 0.03264  loss_dice_7: 0.9042  loss_ce_8: 0.02267  loss_mask_8: 0.03734  loss_dice_8: 0.9098    time: 0.8059  last_time: 0.8319  data_time: 0.1707  last_data_time: 0.1707   lr: 4.0211e-06  max_mem: 12316M
[03/19 04:07:33 d2.utils.events]:  eta: 0:48:12  iter: 16359  total_loss: 6.739  loss_ce: 0.01482  loss_mask: 0.04248  loss_dice: 0.6486  loss_ce_0: 0.1356  loss_mask_0: 0.04505  loss_dice_0: 0.6721  loss_ce_1: 0.03672  loss_mask_1: 0.04369  loss_dice_1: 0.5565  loss_ce_2: 0.0126  loss_mask_2: 0.04135  loss_dice_2: 0.5809  loss_ce_3: 0.01342  loss_mask_3: 0.03949  loss_dice_3: 0.6092  loss_ce_4: 0.01423  loss_mask_4: 0.04027  loss_dice_4: 0.5654  loss_ce_5: 0.01631  loss_mask_5: 0.04373  loss_dice_5: 0.6191  loss_ce_6: 0.01643  loss_mask_6: 0.04524  loss_dice_6: 0.6446  loss_ce_7: 0.01493  loss_mask_7: 0.04086  loss_dice_7: 0.5849  loss_ce_8: 0.01453  loss_mask_8: 0.04156  loss_dice_8: 0.5447    time: 0.8059  last_time: 0.7977  data_time: 0.1283  last_data_time: 0.1283   lr: 3.9785e-06  max_mem: 12316M
[03/19 04:07:49 d2.utils.events]:  eta: 0:47:55  iter: 16379  total_loss: 5.866  loss_ce: 0.003489  loss_mask: 0.02991  loss_dice: 0.5904  loss_ce_0: 0.0859  loss_mask_0: 0.03737  loss_dice_0: 0.5407  loss_ce_1: 0.006073  loss_mask_1: 0.02795  loss_dice_1: 0.5248  loss_ce_2: 0.004759  loss_mask_2: 0.02709  loss_dice_2: 0.4444  loss_ce_3: 0.003064  loss_mask_3: 0.03  loss_dice_3: 0.4612  loss_ce_4: 0.003024  loss_mask_4: 0.03845  loss_dice_4: 0.5502  loss_ce_5: 0.003351  loss_mask_5: 0.0287  loss_dice_5: 0.5683  loss_ce_6: 0.002699  loss_mask_6: 0.03743  loss_dice_6: 0.5333  loss_ce_7: 0.002651  loss_mask_7: 0.03353  loss_dice_7: 0.5869  loss_ce_8: 0.003295  loss_mask_8: 0.03759  loss_dice_8: 0.619    time: 0.8058  last_time: 0.8149  data_time: 0.1512  last_data_time: 0.1512   lr: 3.9361e-06  max_mem: 12316M
[03/19 04:08:05 d2.utils.events]:  eta: 0:47:38  iter: 16399  total_loss: 5.474  loss_ce: 0.005636  loss_mask: 0.02653  loss_dice: 0.4431  loss_ce_0: 0.3113  loss_mask_0: 0.03428  loss_dice_0: 0.5627  loss_ce_1: 0.009424  loss_mask_1: 0.02579  loss_dice_1: 0.4448  loss_ce_2: 0.006973  loss_mask_2: 0.03026  loss_dice_2: 0.5002  loss_ce_3: 0.006508  loss_mask_3: 0.02819  loss_dice_3: 0.4477  loss_ce_4: 0.006649  loss_mask_4: 0.03006  loss_dice_4: 0.4785  loss_ce_5: 0.007013  loss_mask_5: 0.02536  loss_dice_5: 0.476  loss_ce_6: 0.00695  loss_mask_6: 0.02955  loss_dice_6: 0.4771  loss_ce_7: 0.006264  loss_mask_7: 0.02858  loss_dice_7: 0.4812  loss_ce_8: 0.005539  loss_mask_8: 0.02967  loss_dice_8: 0.502    time: 0.8058  last_time: 0.7929  data_time: 0.1277  last_data_time: 0.1277   lr: 3.8939e-06  max_mem: 12316M
[03/19 04:08:21 d2.utils.events]:  eta: 0:47:21  iter: 16419  total_loss: 5.704  loss_ce: 0.004317  loss_mask: 0.04207  loss_dice: 0.4755  loss_ce_0: 0.2882  loss_mask_0: 0.08193  loss_dice_0: 0.6778  loss_ce_1: 0.008683  loss_mask_1: 0.06343  loss_dice_1: 0.5111  loss_ce_2: 0.007683  loss_mask_2: 0.04923  loss_dice_2: 0.4532  loss_ce_3: 0.005286  loss_mask_3: 0.04611  loss_dice_3: 0.4933  loss_ce_4: 0.006269  loss_mask_4: 0.04331  loss_dice_4: 0.4408  loss_ce_5: 0.005654  loss_mask_5: 0.04691  loss_dice_5: 0.4938  loss_ce_6: 0.004734  loss_mask_6: 0.04876  loss_dice_6: 0.4777  loss_ce_7: 0.004498  loss_mask_7: 0.03877  loss_dice_7: 0.4306  loss_ce_8: 0.004877  loss_mask_8: 0.04124  loss_dice_8: 0.4085    time: 0.8058  last_time: 0.8499  data_time: 0.1785  last_data_time: 0.1785   lr: 3.8519e-06  max_mem: 12316M
[03/19 04:08:37 d2.utils.events]:  eta: 0:47:06  iter: 16439  total_loss: 9.406  loss_ce: 0.1338  loss_mask: 0.03033  loss_dice: 0.9121  loss_ce_0: 0.1741  loss_mask_0: 0.04828  loss_dice_0: 0.9566  loss_ce_1: 0.1678  loss_mask_1: 0.02974  loss_dice_1: 0.5667  loss_ce_2: 0.1545  loss_mask_2: 0.03033  loss_dice_2: 0.7979  loss_ce_3: 0.1542  loss_mask_3: 0.03148  loss_dice_3: 0.7163  loss_ce_4: 0.1451  loss_mask_4: 0.02934  loss_dice_4: 0.7015  loss_ce_5: 0.1435  loss_mask_5: 0.02982  loss_dice_5: 0.6969  loss_ce_6: 0.138  loss_mask_6: 0.03042  loss_dice_6: 0.608  loss_ce_7: 0.06179  loss_mask_7: 0.02853  loss_dice_7: 0.8965  loss_ce_8: 0.1385  loss_mask_8: 0.02985  loss_dice_8: 0.8238    time: 0.8058  last_time: 0.8258  data_time: 0.1478  last_data_time: 0.1478   lr: 3.8101e-06  max_mem: 12316M
[03/19 04:08:54 d2.utils.events]:  eta: 0:46:50  iter: 16459  total_loss: 5.195  loss_ce: 0.005981  loss_mask: 0.02648  loss_dice: 0.4791  loss_ce_0: 0.07888  loss_mask_0: 0.02364  loss_dice_0: 0.4362  loss_ce_1: 0.009115  loss_mask_1: 0.02469  loss_dice_1: 0.4613  loss_ce_2: 0.007068  loss_mask_2: 0.03125  loss_dice_2: 0.4912  loss_ce_3: 0.006888  loss_mask_3: 0.02526  loss_dice_3: 0.3874  loss_ce_4: 0.007273  loss_mask_4: 0.02824  loss_dice_4: 0.4923  loss_ce_5: 0.007044  loss_mask_5: 0.02583  loss_dice_5: 0.4407  loss_ce_6: 0.005752  loss_mask_6: 0.02717  loss_dice_6: 0.4991  loss_ce_7: 0.006737  loss_mask_7: 0.02684  loss_dice_7: 0.5177  loss_ce_8: 0.006402  loss_mask_8: 0.0298  loss_dice_8: 0.5794    time: 0.8058  last_time: 0.8036  data_time: 0.1271  last_data_time: 0.1271   lr: 3.7686e-06  max_mem: 12316M
[03/19 04:09:10 d2.utils.events]:  eta: 0:46:33  iter: 16479  total_loss: 5.157  loss_ce: 0.01065  loss_mask: 0.02964  loss_dice: 0.4616  loss_ce_0: 0.1476  loss_mask_0: 0.03366  loss_dice_0: 0.5066  loss_ce_1: 0.01332  loss_mask_1: 0.03083  loss_dice_1: 0.4666  loss_ce_2: 0.01745  loss_mask_2: 0.03193  loss_dice_2: 0.4937  loss_ce_3: 0.01549  loss_mask_3: 0.03318  loss_dice_3: 0.4489  loss_ce_4: 0.01531  loss_mask_4: 0.03083  loss_dice_4: 0.4314  loss_ce_5: 0.01106  loss_mask_5: 0.03101  loss_dice_5: 0.4302  loss_ce_6: 0.01152  loss_mask_6: 0.03176  loss_dice_6: 0.4861  loss_ce_7: 0.0113  loss_mask_7: 0.02893  loss_dice_7: 0.4137  loss_ce_8: 0.0102  loss_mask_8: 0.03149  loss_dice_8: 0.4416    time: 0.8058  last_time: 0.8099  data_time: 0.1389  last_data_time: 0.1389   lr: 3.7272e-06  max_mem: 12316M
[03/19 04:09:26 d2.utils.events]:  eta: 0:46:15  iter: 16499  total_loss: 5.75  loss_ce: 0.005459  loss_mask: 0.02453  loss_dice: 0.5258  loss_ce_0: 0.08585  loss_mask_0: 0.02322  loss_dice_0: 0.5913  loss_ce_1: 0.007209  loss_mask_1: 0.02393  loss_dice_1: 0.4763  loss_ce_2: 0.006679  loss_mask_2: 0.02437  loss_dice_2: 0.5255  loss_ce_3: 0.005087  loss_mask_3: 0.0247  loss_dice_3: 0.514  loss_ce_4: 0.005371  loss_mask_4: 0.02318  loss_dice_4: 0.4794  loss_ce_5: 0.00588  loss_mask_5: 0.02701  loss_dice_5: 0.6212  loss_ce_6: 0.005575  loss_mask_6: 0.02304  loss_dice_6: 0.4796  loss_ce_7: 0.00557  loss_mask_7: 0.03025  loss_dice_7: 0.6288  loss_ce_8: 0.00574  loss_mask_8: 0.02442  loss_dice_8: 0.5213    time: 0.8058  last_time: 0.7991  data_time: 0.1364  last_data_time: 0.1364   lr: 3.686e-06  max_mem: 12316M
[03/19 04:09:43 d2.utils.events]:  eta: 0:46:01  iter: 16519  total_loss: 5.719  loss_ce: 0.01977  loss_mask: 0.026  loss_dice: 0.5807  loss_ce_0: 0.1397  loss_mask_0: 0.02034  loss_dice_0: 0.4397  loss_ce_1: 0.009689  loss_mask_1: 0.02432  loss_dice_1: 0.533  loss_ce_2: 0.0258  loss_mask_2: 0.02959  loss_dice_2: 0.5771  loss_ce_3: 0.02869  loss_mask_3: 0.02127  loss_dice_3: 0.4007  loss_ce_4: 0.02395  loss_mask_4: 0.02607  loss_dice_4: 0.5407  loss_ce_5: 0.01649  loss_mask_5: 0.02743  loss_dice_5: 0.5434  loss_ce_6: 0.01411  loss_mask_6: 0.02727  loss_dice_6: 0.4794  loss_ce_7: 0.01505  loss_mask_7: 0.02544  loss_dice_7: 0.5962  loss_ce_8: 0.01816  loss_mask_8: 0.02219  loss_dice_8: 0.4668    time: 0.8058  last_time: 0.8408  data_time: 0.1726  last_data_time: 0.1726   lr: 3.6451e-06  max_mem: 12316M
[03/19 04:09:59 d2.utils.events]:  eta: 0:45:44  iter: 16539  total_loss: 5.288  loss_ce: 0.02738  loss_mask: 0.03631  loss_dice: 0.4111  loss_ce_0: 0.3308  loss_mask_0: 0.05434  loss_dice_0: 0.5136  loss_ce_1: 0.02987  loss_mask_1: 0.04141  loss_dice_1: 0.474  loss_ce_2: 0.03289  loss_mask_2: 0.04182  loss_dice_2: 0.444  loss_ce_3: 0.02508  loss_mask_3: 0.03869  loss_dice_3: 0.4193  loss_ce_4: 0.01881  loss_mask_4: 0.03979  loss_dice_4: 0.4351  loss_ce_5: 0.02118  loss_mask_5: 0.0365  loss_dice_5: 0.3984  loss_ce_6: 0.02366  loss_mask_6: 0.03828  loss_dice_6: 0.3928  loss_ce_7: 0.02132  loss_mask_7: 0.03888  loss_dice_7: 0.4223  loss_ce_8: 0.02353  loss_mask_8: 0.03938  loss_dice_8: 0.4171    time: 0.8058  last_time: 0.8078  data_time: 0.1311  last_data_time: 0.1311   lr: 3.6044e-06  max_mem: 12316M
[03/19 04:10:15 d2.utils.events]:  eta: 0:45:29  iter: 16559  total_loss: 10.26  loss_ce: 0.02739  loss_mask: 0.03004  loss_dice: 1.021  loss_ce_0: 0.08586  loss_mask_0: 0.02534  loss_dice_0: 0.5727  loss_ce_1: 0.04527  loss_mask_1: 0.0249  loss_dice_1: 0.8828  loss_ce_2: 0.08018  loss_mask_2: 0.02766  loss_dice_2: 1.329  loss_ce_3: 0.03019  loss_mask_3: 0.02915  loss_dice_3: 0.991  loss_ce_4: 0.03005  loss_mask_4: 0.02797  loss_dice_4: 0.9153  loss_ce_5: 0.03158  loss_mask_5: 0.03044  loss_dice_5: 1.179  loss_ce_6: 0.02947  loss_mask_6: 0.02829  loss_dice_6: 1.014  loss_ce_7: 0.06068  loss_mask_7: 0.02337  loss_dice_7: 0.5435  loss_ce_8: 0.02656  loss_mask_8: 0.02551  loss_dice_8: 1.094    time: 0.8058  last_time: 0.8372  data_time: 0.1673  last_data_time: 0.1673   lr: 3.5639e-06  max_mem: 12316M
[03/19 04:10:31 d2.utils.events]:  eta: 0:45:14  iter: 16579  total_loss: 6.692  loss_ce: 0.006506  loss_mask: 0.03205  loss_dice: 0.5994  loss_ce_0: 0.2139  loss_mask_0: 0.03295  loss_dice_0: 0.7338  loss_ce_1: 0.009294  loss_mask_1: 0.02545  loss_dice_1: 0.5011  loss_ce_2: 0.006758  loss_mask_2: 0.02625  loss_dice_2: 0.586  loss_ce_3: 0.007306  loss_mask_3: 0.02668  loss_dice_3: 0.5749  loss_ce_4: 0.007268  loss_mask_4: 0.02737  loss_dice_4: 0.5684  loss_ce_5: 0.006569  loss_mask_5: 0.033  loss_dice_5: 0.6295  loss_ce_6: 0.007025  loss_mask_6: 0.02981  loss_dice_6: 0.6048  loss_ce_7: 0.006841  loss_mask_7: 0.03358  loss_dice_7: 0.6875  loss_ce_8: 0.00677  loss_mask_8: 0.03072  loss_dice_8: 0.6301    time: 0.8058  last_time: 0.8327  data_time: 0.1508  last_data_time: 0.1508   lr: 3.5235e-06  max_mem: 12316M
[03/19 04:10:48 d2.utils.events]:  eta: 0:44:58  iter: 16599  total_loss: 6.964  loss_ce: 0.04039  loss_mask: 0.0515  loss_dice: 0.5167  loss_ce_0: 0.2133  loss_mask_0: 0.05082  loss_dice_0: 0.5762  loss_ce_1: 0.1103  loss_mask_1: 0.03823  loss_dice_1: 0.6269  loss_ce_2: 0.05969  loss_mask_2: 0.04903  loss_dice_2: 0.5507  loss_ce_3: 0.04331  loss_mask_3: 0.05109  loss_dice_3: 0.6894  loss_ce_4: 0.04197  loss_mask_4: 0.05046  loss_dice_4: 0.681  loss_ce_5: 0.0414  loss_mask_5: 0.04361  loss_dice_5: 0.4779  loss_ce_6: 0.03878  loss_mask_6: 0.04894  loss_dice_6: 0.5656  loss_ce_7: 0.03973  loss_mask_7: 0.04783  loss_dice_7: 0.5731  loss_ce_8: 0.03904  loss_mask_8: 0.0455  loss_dice_8: 0.5614    time: 0.8058  last_time: 0.7360  data_time: 0.0659  last_data_time: 0.0659   lr: 3.4834e-06  max_mem: 12316M
[03/19 04:11:04 d2.utils.events]:  eta: 0:44:42  iter: 16619  total_loss: 5.401  loss_ce: 0.004828  loss_mask: 0.02776  loss_dice: 0.528  loss_ce_0: 0.1087  loss_mask_0: 0.03397  loss_dice_0: 0.5246  loss_ce_1: 0.07287  loss_mask_1: 0.03095  loss_dice_1: 0.4479  loss_ce_2: 0.008455  loss_mask_2: 0.03299  loss_dice_2: 0.4995  loss_ce_3: 0.006016  loss_mask_3: 0.03131  loss_dice_3: 0.4629  loss_ce_4: 0.005436  loss_mask_4: 0.03039  loss_dice_4: 0.375  loss_ce_5: 0.005525  loss_mask_5: 0.03435  loss_dice_5: 0.5486  loss_ce_6: 0.005846  loss_mask_6: 0.03274  loss_dice_6: 0.5117  loss_ce_7: 0.004984  loss_mask_7: 0.03047  loss_dice_7: 0.496  loss_ce_8: 0.005306  loss_mask_8: 0.02768  loss_dice_8: 0.4659    time: 0.8058  last_time: 0.8198  data_time: 0.1305  last_data_time: 0.1305   lr: 3.4436e-06  max_mem: 12316M
[03/19 04:11:20 d2.utils.events]:  eta: 0:44:25  iter: 16639  total_loss: 4.157  loss_ce: 0.003962  loss_mask: 0.03506  loss_dice: 0.3535  loss_ce_0: 0.1305  loss_mask_0: 0.03982  loss_dice_0: 0.4354  loss_ce_1: 0.007379  loss_mask_1: 0.03383  loss_dice_1: 0.3632  loss_ce_2: 0.004721  loss_mask_2: 0.0356  loss_dice_2: 0.3641  loss_ce_3: 0.003915  loss_mask_3: 0.03678  loss_dice_3: 0.3717  loss_ce_4: 0.004348  loss_mask_4: 0.03528  loss_dice_4: 0.335  loss_ce_5: 0.004141  loss_mask_5: 0.03383  loss_dice_5: 0.3334  loss_ce_6: 0.003812  loss_mask_6: 0.03495  loss_dice_6: 0.3708  loss_ce_7: 0.004161  loss_mask_7: 0.03207  loss_dice_7: 0.3556  loss_ce_8: 0.004294  loss_mask_8: 0.03424  loss_dice_8: 0.3513    time: 0.8058  last_time: 0.7880  data_time: 0.1253  last_data_time: 0.1253   lr: 3.4039e-06  max_mem: 12316M
[03/19 04:11:37 d2.utils.events]:  eta: 0:44:10  iter: 16659  total_loss: 7.64  loss_ce: 0.02646  loss_mask: 0.04712  loss_dice: 0.6636  loss_ce_0: 0.2522  loss_mask_0: 0.05454  loss_dice_0: 0.747  loss_ce_1: 0.1144  loss_mask_1: 0.04728  loss_dice_1: 0.721  loss_ce_2: 0.06846  loss_mask_2: 0.04811  loss_dice_2: 0.5905  loss_ce_3: 0.06088  loss_mask_3: 0.04516  loss_dice_3: 0.6114  loss_ce_4: 0.0644  loss_mask_4: 0.04841  loss_dice_4: 0.6104  loss_ce_5: 0.0663  loss_mask_5: 0.04566  loss_dice_5: 0.654  loss_ce_6: 0.06638  loss_mask_6: 0.05047  loss_dice_6: 0.5975  loss_ce_7: 0.06037  loss_mask_7: 0.04667  loss_dice_7: 0.5874  loss_ce_8: 0.05959  loss_mask_8: 0.04247  loss_dice_8: 0.5421    time: 0.8058  last_time: 0.8237  data_time: 0.1467  last_data_time: 0.1467   lr: 3.3644e-06  max_mem: 12316M
[03/19 04:11:53 d2.utils.events]:  eta: 0:43:54  iter: 16679  total_loss: 6.199  loss_ce: 0.00218  loss_mask: 0.03606  loss_dice: 0.5976  loss_ce_0: 0.07888  loss_mask_0: 0.03049  loss_dice_0: 0.6282  loss_ce_1: 0.002663  loss_mask_1: 0.03385  loss_dice_1: 0.6013  loss_ce_2: 0.003093  loss_mask_2: 0.03536  loss_dice_2: 0.569  loss_ce_3: 0.002568  loss_mask_3: 0.03747  loss_dice_3: 0.5593  loss_ce_4: 0.002475  loss_mask_4: 0.03432  loss_dice_4: 0.6079  loss_ce_5: 0.002529  loss_mask_5: 0.02673  loss_dice_5: 0.5474  loss_ce_6: 0.002022  loss_mask_6: 0.03399  loss_dice_6: 0.5303  loss_ce_7: 0.002045  loss_mask_7: 0.03451  loss_dice_7: 0.5473  loss_ce_8: 0.002298  loss_mask_8: 0.03741  loss_dice_8: 0.5694    time: 0.8058  last_time: 0.8273  data_time: 0.1568  last_data_time: 0.1568   lr: 3.3252e-06  max_mem: 12316M
[03/19 04:12:09 d2.utils.events]:  eta: 0:43:39  iter: 16699  total_loss: 7.09  loss_ce: 0.08092  loss_mask: 0.02871  loss_dice: 0.487  loss_ce_0: 0.1772  loss_mask_0: 0.03538  loss_dice_0: 0.8025  loss_ce_1: 0.04895  loss_mask_1: 0.03018  loss_dice_1: 0.5737  loss_ce_2: 0.115  loss_mask_2: 0.02949  loss_dice_2: 0.4973  loss_ce_3: 0.0756  loss_mask_3: 0.02814  loss_dice_3: 0.7001  loss_ce_4: 0.08432  loss_mask_4: 0.02575  loss_dice_4: 0.4983  loss_ce_5: 0.1  loss_mask_5: 0.02831  loss_dice_5: 0.6336  loss_ce_6: 0.01813  loss_mask_6: 0.0268  loss_dice_6: 0.6315  loss_ce_7: 0.01978  loss_mask_7: 0.03273  loss_dice_7: 0.6738  loss_ce_8: 0.1029  loss_mask_8: 0.02583  loss_dice_8: 0.4786    time: 0.8058  last_time: 0.8104  data_time: 0.1406  last_data_time: 0.1406   lr: 3.2862e-06  max_mem: 12316M
[03/19 04:12:26 d2.utils.events]:  eta: 0:43:23  iter: 16719  total_loss: 5.119  loss_ce: 0.007718  loss_mask: 0.03599  loss_dice: 0.3958  loss_ce_0: 0.07727  loss_mask_0: 0.04115  loss_dice_0: 0.5011  loss_ce_1: 0.005101  loss_mask_1: 0.03566  loss_dice_1: 0.5192  loss_ce_2: 0.006826  loss_mask_2: 0.0354  loss_dice_2: 0.4352  loss_ce_3: 0.006311  loss_mask_3: 0.03894  loss_dice_3: 0.4492  loss_ce_4: 0.006113  loss_mask_4: 0.03485  loss_dice_4: 0.4086  loss_ce_5: 0.007255  loss_mask_5: 0.0373  loss_dice_5: 0.453  loss_ce_6: 0.008386  loss_mask_6: 0.03525  loss_dice_6: 0.476  loss_ce_7: 0.007771  loss_mask_7: 0.04176  loss_dice_7: 0.5613  loss_ce_8: 0.008154  loss_mask_8: 0.03245  loss_dice_8: 0.4101    time: 0.8058  last_time: 0.7890  data_time: 0.1294  last_data_time: 0.1294   lr: 3.2473e-06  max_mem: 12316M
[03/19 04:12:42 d2.utils.events]:  eta: 0:43:07  iter: 16739  total_loss: 6.986  loss_ce: 0.07906  loss_mask: 0.02979  loss_dice: 0.4986  loss_ce_0: 0.1292  loss_mask_0: 0.04019  loss_dice_0: 0.458  loss_ce_1: 0.07611  loss_mask_1: 0.02681  loss_dice_1: 0.4034  loss_ce_2: 0.0954  loss_mask_2: 0.02969  loss_dice_2: 0.4838  loss_ce_3: 0.0445  loss_mask_3: 0.03474  loss_dice_3: 0.73  loss_ce_4: 0.03806  loss_mask_4: 0.03233  loss_dice_4: 0.8661  loss_ce_5: 0.06232  loss_mask_5: 0.0339  loss_dice_5: 0.7409  loss_ce_6: 0.05721  loss_mask_6: 0.02931  loss_dice_6: 0.4603  loss_ce_7: 0.07916  loss_mask_7: 0.03121  loss_dice_7: 0.712  loss_ce_8: 0.06341  loss_mask_8: 0.0277  loss_dice_8: 0.5931    time: 0.8058  last_time: 0.9101  data_time: 0.1756  last_data_time: 0.1756   lr: 3.2087e-06  max_mem: 12316M
[03/19 04:12:58 d2.utils.events]:  eta: 0:42:51  iter: 16759  total_loss: 4.934  loss_ce: 0.006945  loss_mask: 0.0319  loss_dice: 0.4311  loss_ce_0: 0.1903  loss_mask_0: 0.042  loss_dice_0: 0.5018  loss_ce_1: 0.02117  loss_mask_1: 0.03036  loss_dice_1: 0.4207  loss_ce_2: 0.009706  loss_mask_2: 0.03475  loss_dice_2: 0.4663  loss_ce_3: 0.007604  loss_mask_3: 0.03148  loss_dice_3: 0.4143  loss_ce_4: 0.007557  loss_mask_4: 0.02844  loss_dice_4: 0.338  loss_ce_5: 0.007273  loss_mask_5: 0.03275  loss_dice_5: 0.4449  loss_ce_6: 0.007697  loss_mask_6: 0.03114  loss_dice_6: 0.4281  loss_ce_7: 0.007462  loss_mask_7: 0.03482  loss_dice_7: 0.4161  loss_ce_8: 0.007301  loss_mask_8: 0.03482  loss_dice_8: 0.4675    time: 0.8058  last_time: 0.7477  data_time: 0.0844  last_data_time: 0.0844   lr: 3.1704e-06  max_mem: 12316M
[03/19 04:13:14 d2.utils.events]:  eta: 0:42:36  iter: 16779  total_loss: 9.332  loss_ce: 0.01197  loss_mask: 0.04943  loss_dice: 0.8415  loss_ce_0: 0.1287  loss_mask_0: 0.04669  loss_dice_0: 0.7578  loss_ce_1: 0.01418  loss_mask_1: 0.04888  loss_dice_1: 0.9347  loss_ce_2: 0.01135  loss_mask_2: 0.04628  loss_dice_2: 0.8401  loss_ce_3: 0.008775  loss_mask_3: 0.04559  loss_dice_3: 0.8662  loss_ce_4: 0.009813  loss_mask_4: 0.04437  loss_dice_4: 0.803  loss_ce_5: 0.07416  loss_mask_5: 0.04871  loss_dice_5: 0.6761  loss_ce_6: 0.01249  loss_mask_6: 0.04377  loss_dice_6: 0.824  loss_ce_7: 0.018  loss_mask_7: 0.05359  loss_dice_7: 1.028  loss_ce_8: 0.0123  loss_mask_8: 0.05425  loss_dice_8: 0.9771    time: 0.8058  last_time: 0.7920  data_time: 0.1316  last_data_time: 0.1316   lr: 3.1322e-06  max_mem: 12316M
[03/19 04:13:30 d2.utils.events]:  eta: 0:42:19  iter: 16799  total_loss: 5.907  loss_ce: 0.009544  loss_mask: 0.04297  loss_dice: 0.5044  loss_ce_0: 0.07885  loss_mask_0: 0.04036  loss_dice_0: 0.6305  loss_ce_1: 0.005532  loss_mask_1: 0.04006  loss_dice_1: 0.5975  loss_ce_2: 0.004068  loss_mask_2: 0.04385  loss_dice_2: 0.5657  loss_ce_3: 0.006529  loss_mask_3: 0.03329  loss_dice_3: 0.4948  loss_ce_4: 0.007571  loss_mask_4: 0.03789  loss_dice_4: 0.5177  loss_ce_5: 0.007136  loss_mask_5: 0.04063  loss_dice_5: 0.5081  loss_ce_6: 0.009179  loss_mask_6: 0.03888  loss_dice_6: 0.5483  loss_ce_7: 0.009094  loss_mask_7: 0.0428  loss_dice_7: 0.518  loss_ce_8: 0.01056  loss_mask_8: 0.03841  loss_dice_8: 0.4752    time: 0.8058  last_time: 0.8417  data_time: 0.1844  last_data_time: 0.1844   lr: 3.0942e-06  max_mem: 12316M
[03/19 04:13:47 d2.utils.events]:  eta: 0:42:03  iter: 16819  total_loss: 8.138  loss_ce: 0.08507  loss_mask: 0.03241  loss_dice: 0.5745  loss_ce_0: 0.196  loss_mask_0: 0.04176  loss_dice_0: 0.8423  loss_ce_1: 0.08586  loss_mask_1: 0.03975  loss_dice_1: 0.7344  loss_ce_2: 0.0753  loss_mask_2: 0.03718  loss_dice_2: 0.6198  loss_ce_3: 0.05939  loss_mask_3: 0.04102  loss_dice_3: 0.7609  loss_ce_4: 0.05797  loss_mask_4: 0.04182  loss_dice_4: 0.7596  loss_ce_5: 0.08281  loss_mask_5: 0.03898  loss_dice_5: 0.7113  loss_ce_6: 0.07955  loss_mask_6: 0.03571  loss_dice_6: 0.6555  loss_ce_7: 0.08229  loss_mask_7: 0.0337  loss_dice_7: 0.6204  loss_ce_8: 0.08564  loss_mask_8: 0.03304  loss_dice_8: 0.5938    time: 0.8058  last_time: 0.7341  data_time: 0.0745  last_data_time: 0.0745   lr: 3.0565e-06  max_mem: 12316M
[03/19 04:14:03 d2.utils.events]:  eta: 0:41:47  iter: 16839  total_loss: 8.423  loss_ce: 0.01162  loss_mask: 0.07795  loss_dice: 0.7309  loss_ce_0: 0.1748  loss_mask_0: 0.07691  loss_dice_0: 0.7843  loss_ce_1: 0.01608  loss_mask_1: 0.07976  loss_dice_1: 0.7552  loss_ce_2: 0.01516  loss_mask_2: 0.07616  loss_dice_2: 0.7246  loss_ce_3: 0.01362  loss_mask_3: 0.0757  loss_dice_3: 0.7192  loss_ce_4: 0.01199  loss_mask_4: 0.08023  loss_dice_4: 0.692  loss_ce_5: 0.01264  loss_mask_5: 0.07776  loss_dice_5: 0.7368  loss_ce_6: 0.0127  loss_mask_6: 0.07931  loss_dice_6: 0.7578  loss_ce_7: 0.01237  loss_mask_7: 0.074  loss_dice_7: 0.7363  loss_ce_8: 0.01222  loss_mask_8: 0.07637  loss_dice_8: 0.7181    time: 0.8058  last_time: 0.9241  data_time: 0.2535  last_data_time: 0.2535   lr: 3.019e-06  max_mem: 12316M
[03/19 04:14:19 d2.utils.events]:  eta: 0:41:31  iter: 16859  total_loss: 8.452  loss_ce: 0.02766  loss_mask: 0.03747  loss_dice: 0.4597  loss_ce_0: 0.08372  loss_mask_0: 0.05032  loss_dice_0: 0.7044  loss_ce_1: 0.0244  loss_mask_1: 0.03983  loss_dice_1: 0.7416  loss_ce_2: 0.08744  loss_mask_2: 0.03516  loss_dice_2: 0.8816  loss_ce_3: 0.09266  loss_mask_3: 0.0403  loss_dice_3: 0.8972  loss_ce_4: 0.02057  loss_mask_4: 0.03921  loss_dice_4: 0.8788  loss_ce_5: 0.02142  loss_mask_5: 0.03599  loss_dice_5: 0.4353  loss_ce_6: 0.09347  loss_mask_6: 0.04247  loss_dice_6: 1.204  loss_ce_7: 0.02474  loss_mask_7: 0.03954  loss_dice_7: 0.4078  loss_ce_8: 0.08295  loss_mask_8: 0.03044  loss_dice_8: 0.892    time: 0.8058  last_time: 0.9135  data_time: 0.2408  last_data_time: 0.2408   lr: 2.9817e-06  max_mem: 12316M
[03/19 04:14:35 d2.utils.events]:  eta: 0:41:15  iter: 16879  total_loss: 6.528  loss_ce: 0.02771  loss_mask: 0.02747  loss_dice: 0.542  loss_ce_0: 0.2291  loss_mask_0: 0.03452  loss_dice_0: 0.5695  loss_ce_1: 0.05332  loss_mask_1: 0.02497  loss_dice_1: 0.5305  loss_ce_2: 0.07089  loss_mask_2: 0.02879  loss_dice_2: 0.549  loss_ce_3: 0.02831  loss_mask_3: 0.02815  loss_dice_3: 0.6449  loss_ce_4: 0.02619  loss_mask_4: 0.02296  loss_dice_4: 0.5166  loss_ce_5: 0.0799  loss_mask_5: 0.02737  loss_dice_5: 0.5915  loss_ce_6: 0.02962  loss_mask_6: 0.02743  loss_dice_6: 0.586  loss_ce_7: 0.02669  loss_mask_7: 0.02634  loss_dice_7: 0.5604  loss_ce_8: 0.02584  loss_mask_8: 0.02637  loss_dice_8: 0.5652    time: 0.8058  last_time: 0.8310  data_time: 0.1568  last_data_time: 0.1568   lr: 2.9446e-06  max_mem: 12316M
[03/19 04:14:52 d2.utils.events]:  eta: 0:40:57  iter: 16899  total_loss: 7.484  loss_ce: 0.04072  loss_mask: 0.02616  loss_dice: 0.5488  loss_ce_0: 0.2461  loss_mask_0: 0.02807  loss_dice_0: 0.6144  loss_ce_1: 0.09924  loss_mask_1: 0.04072  loss_dice_1: 0.6744  loss_ce_2: 0.06367  loss_mask_2: 0.03165  loss_dice_2: 0.5239  loss_ce_3: 0.08782  loss_mask_3: 0.04038  loss_dice_3: 0.7964  loss_ce_4: 0.0487  loss_mask_4: 0.03116  loss_dice_4: 0.5627  loss_ce_5: 0.04324  loss_mask_5: 0.03159  loss_dice_5: 0.5945  loss_ce_6: 0.1036  loss_mask_6: 0.03674  loss_dice_6: 0.6807  loss_ce_7: 0.04136  loss_mask_7: 0.0326  loss_dice_7: 0.6182  loss_ce_8: 0.09142  loss_mask_8: 0.03316  loss_dice_8: 0.6716    time: 0.8058  last_time: 0.7915  data_time: 0.1250  last_data_time: 0.1250   lr: 2.9077e-06  max_mem: 12316M
[03/19 04:15:08 d2.utils.events]:  eta: 0:40:42  iter: 16919  total_loss: 8.963  loss_ce: 0.01343  loss_mask: 0.03593  loss_dice: 0.7316  loss_ce_0: 0.145  loss_mask_0: 0.04376  loss_dice_0: 0.9096  loss_ce_1: 0.03576  loss_mask_1: 0.03671  loss_dice_1: 0.6769  loss_ce_2: 0.0218  loss_mask_2: 0.04332  loss_dice_2: 0.7539  loss_ce_3: 0.02399  loss_mask_3: 0.04015  loss_dice_3: 0.8892  loss_ce_4: 0.02661  loss_mask_4: 0.03973  loss_dice_4: 0.9062  loss_ce_5: 0.05329  loss_mask_5: 0.04096  loss_dice_5: 1.076  loss_ce_6: 0.08035  loss_mask_6: 0.0343  loss_dice_6: 0.6339  loss_ce_7: 0.01461  loss_mask_7: 0.03621  loss_dice_7: 0.8086  loss_ce_8: 0.01201  loss_mask_8: 0.044  loss_dice_8: 0.7546    time: 0.8058  last_time: 0.8178  data_time: 0.1500  last_data_time: 0.1500   lr: 2.871e-06  max_mem: 12316M
[03/19 04:15:24 d2.utils.events]:  eta: 0:40:26  iter: 16939  total_loss: 4.957  loss_ce: 0.006912  loss_mask: 0.03462  loss_dice: 0.473  loss_ce_0: 0.08211  loss_mask_0: 0.03224  loss_dice_0: 0.4874  loss_ce_1: 0.005673  loss_mask_1: 0.02767  loss_dice_1: 0.4203  loss_ce_2: 0.008824  loss_mask_2: 0.03581  loss_dice_2: 0.4129  loss_ce_3: 0.01017  loss_mask_3: 0.03004  loss_dice_3: 0.3692  loss_ce_4: 0.00804  loss_mask_4: 0.03431  loss_dice_4: 0.4523  loss_ce_5: 0.008049  loss_mask_5: 0.03139  loss_dice_5: 0.4503  loss_ce_6: 0.006786  loss_mask_6: 0.02787  loss_dice_6: 0.4347  loss_ce_7: 0.006488  loss_mask_7: 0.0297  loss_dice_7: 0.4666  loss_ce_8: 0.008039  loss_mask_8: 0.03487  loss_dice_8: 0.5204    time: 0.8058  last_time: 0.8745  data_time: 0.2102  last_data_time: 0.2102   lr: 2.8346e-06  max_mem: 12316M
[03/19 04:15:40 d2.utils.events]:  eta: 0:40:09  iter: 16959  total_loss: 4.432  loss_ce: 0.004072  loss_mask: 0.02717  loss_dice: 0.3632  loss_ce_0: 0.1068  loss_mask_0: 0.02978  loss_dice_0: 0.5678  loss_ce_1: 0.006418  loss_mask_1: 0.02733  loss_dice_1: 0.4347  loss_ce_2: 0.008028  loss_mask_2: 0.02999  loss_dice_2: 0.4326  loss_ce_3: 0.006472  loss_mask_3: 0.02928  loss_dice_3: 0.3846  loss_ce_4: 0.005544  loss_mask_4: 0.02274  loss_dice_4: 0.4032  loss_ce_5: 0.004858  loss_mask_5: 0.02919  loss_dice_5: 0.3378  loss_ce_6: 0.004976  loss_mask_6: 0.02816  loss_dice_6: 0.3275  loss_ce_7: 0.004946  loss_mask_7: 0.02757  loss_dice_7: 0.3535  loss_ce_8: 0.004719  loss_mask_8: 0.0291  loss_dice_8: 0.39    time: 0.8058  last_time: 0.7728  data_time: 0.0996  last_data_time: 0.0996   lr: 2.7984e-06  max_mem: 12316M
[03/19 04:15:57 d2.utils.events]:  eta: 0:39:52  iter: 16979  total_loss: 6.268  loss_ce: 0.05053  loss_mask: 0.03182  loss_dice: 0.5613  loss_ce_0: 0.387  loss_mask_0: 0.04113  loss_dice_0: 0.5041  loss_ce_1: 0.1434  loss_mask_1: 0.03064  loss_dice_1: 0.4252  loss_ce_2: 0.09116  loss_mask_2: 0.02707  loss_dice_2: 0.3798  loss_ce_3: 0.08529  loss_mask_3: 0.03446  loss_dice_3: 0.4922  loss_ce_4: 0.08981  loss_mask_4: 0.03138  loss_dice_4: 0.4382  loss_ce_5: 0.1128  loss_mask_5: 0.03658  loss_dice_5: 0.4357  loss_ce_6: 0.03108  loss_mask_6: 0.03326  loss_dice_6: 0.668  loss_ce_7: 0.06185  loss_mask_7: 0.03178  loss_dice_7: 0.4454  loss_ce_8: 0.0808  loss_mask_8: 0.03323  loss_dice_8: 0.4535    time: 0.8058  last_time: 0.8303  data_time: 0.1549  last_data_time: 0.1549   lr: 2.7624e-06  max_mem: 12316M
[03/19 04:16:13 d2.utils.events]:  eta: 0:39:37  iter: 16999  total_loss: 5.262  loss_ce: 0.01109  loss_mask: 0.03021  loss_dice: 0.486  loss_ce_0: 0.07822  loss_mask_0: 0.02952  loss_dice_0: 0.4237  loss_ce_1: 0.01387  loss_mask_1: 0.03061  loss_dice_1: 0.4876  loss_ce_2: 0.01382  loss_mask_2: 0.03191  loss_dice_2: 0.5319  loss_ce_3: 0.01478  loss_mask_3: 0.03021  loss_dice_3: 0.5114  loss_ce_4: 0.0131  loss_mask_4: 0.02619  loss_dice_4: 0.4634  loss_ce_5: 0.01222  loss_mask_5: 0.03181  loss_dice_5: 0.5243  loss_ce_6: 0.01244  loss_mask_6: 0.02647  loss_dice_6: 0.4298  loss_ce_7: 0.01111  loss_mask_7: 0.02917  loss_dice_7: 0.4815  loss_ce_8: 0.01123  loss_mask_8: 0.02412  loss_dice_8: 0.4408    time: 0.8058  last_time: 0.8302  data_time: 0.1745  last_data_time: 0.1745   lr: 2.7266e-06  max_mem: 12316M
[03/19 04:16:29 d2.utils.events]:  eta: 0:39:21  iter: 17019  total_loss: 6.932  loss_ce: 0.005083  loss_mask: 0.0725  loss_dice: 0.6152  loss_ce_0: 0.06873  loss_mask_0: 0.07847  loss_dice_0: 0.533  loss_ce_1: 0.01031  loss_mask_1: 0.0697  loss_dice_1: 0.5525  loss_ce_2: 0.008451  loss_mask_2: 0.0777  loss_dice_2: 0.617  loss_ce_3: 0.007436  loss_mask_3: 0.07502  loss_dice_3: 0.618  loss_ce_4: 0.007189  loss_mask_4: 0.0789  loss_dice_4: 0.6186  loss_ce_5: 0.00743  loss_mask_5: 0.07077  loss_dice_5: 0.5958  loss_ce_6: 0.006037  loss_mask_6: 0.0711  loss_dice_6: 0.5929  loss_ce_7: 0.005156  loss_mask_7: 0.07538  loss_dice_7: 0.6349  loss_ce_8: 0.005194  loss_mask_8: 0.07565  loss_dice_8: 0.6776    time: 0.8057  last_time: 0.8232  data_time: 0.1494  last_data_time: 0.1494   lr: 2.6911e-06  max_mem: 12316M
[03/19 04:16:45 d2.utils.events]:  eta: 0:39:05  iter: 17039  total_loss: 6.206  loss_ce: 0.006292  loss_mask: 0.02458  loss_dice: 0.5006  loss_ce_0: 0.1614  loss_mask_0: 0.02874  loss_dice_0: 0.7523  loss_ce_1: 0.01494  loss_mask_1: 0.02772  loss_dice_1: 0.5702  loss_ce_2: 0.01521  loss_mask_2: 0.02676  loss_dice_2: 0.5812  loss_ce_3: 0.009151  loss_mask_3: 0.02924  loss_dice_3: 0.5524  loss_ce_4: 0.007363  loss_mask_4: 0.0283  loss_dice_4: 0.5776  loss_ce_5: 0.005982  loss_mask_5: 0.02897  loss_dice_5: 0.5738  loss_ce_6: 0.005475  loss_mask_6: 0.0259  loss_dice_6: 0.5063  loss_ce_7: 0.005885  loss_mask_7: 0.0268  loss_dice_7: 0.5141  loss_ce_8: 0.005988  loss_mask_8: 0.02466  loss_dice_8: 0.5678    time: 0.8057  last_time: 0.8167  data_time: 0.1415  last_data_time: 0.1415   lr: 2.6557e-06  max_mem: 12316M
[03/19 04:17:01 d2.utils.events]:  eta: 0:38:49  iter: 17059  total_loss: 5.654  loss_ce: 0.01662  loss_mask: 0.03846  loss_dice: 0.5155  loss_ce_0: 0.0994  loss_mask_0: 0.04219  loss_dice_0: 0.486  loss_ce_1: 0.02365  loss_mask_1: 0.04006  loss_dice_1: 0.5296  loss_ce_2: 0.01486  loss_mask_2: 0.03529  loss_dice_2: 0.4942  loss_ce_3: 0.01558  loss_mask_3: 0.038  loss_dice_3: 0.5081  loss_ce_4: 0.01577  loss_mask_4: 0.03782  loss_dice_4: 0.4958  loss_ce_5: 0.01681  loss_mask_5: 0.03828  loss_dice_5: 0.5107  loss_ce_6: 0.01653  loss_mask_6: 0.0377  loss_dice_6: 0.5107  loss_ce_7: 0.01539  loss_mask_7: 0.03437  loss_dice_7: 0.4737  loss_ce_8: 0.01689  loss_mask_8: 0.04223  loss_dice_8: 0.4936    time: 0.8057  last_time: 0.8185  data_time: 0.1389  last_data_time: 0.1389   lr: 2.6206e-06  max_mem: 12316M
[03/19 04:17:18 d2.utils.events]:  eta: 0:38:33  iter: 17079  total_loss: 6.429  loss_ce: 0.007846  loss_mask: 0.0384  loss_dice: 0.5024  loss_ce_0: 0.1505  loss_mask_0: 0.0533  loss_dice_0: 0.6506  loss_ce_1: 0.009739  loss_mask_1: 0.03924  loss_dice_1: 0.5783  loss_ce_2: 0.007932  loss_mask_2: 0.03622  loss_dice_2: 0.5661  loss_ce_3: 0.008955  loss_mask_3: 0.03961  loss_dice_3: 0.502  loss_ce_4: 0.009242  loss_mask_4: 0.03854  loss_dice_4: 0.6052  loss_ce_5: 0.009564  loss_mask_5: 0.0432  loss_dice_5: 0.6832  loss_ce_6: 0.008618  loss_mask_6: 0.04024  loss_dice_6: 0.6012  loss_ce_7: 0.008757  loss_mask_7: 0.04012  loss_dice_7: 0.5331  loss_ce_8: 0.008601  loss_mask_8: 0.03755  loss_dice_8: 0.5703    time: 0.8057  last_time: 0.8320  data_time: 0.1642  last_data_time: 0.1642   lr: 2.5857e-06  max_mem: 12316M
[03/19 04:17:34 d2.utils.events]:  eta: 0:38:18  iter: 17099  total_loss: 6.933  loss_ce: 0.01951  loss_mask: 0.04777  loss_dice: 0.6391  loss_ce_0: 0.2994  loss_mask_0: 0.04066  loss_dice_0: 0.62  loss_ce_1: 0.02204  loss_mask_1: 0.04544  loss_dice_1: 0.715  loss_ce_2: 0.07937  loss_mask_2: 0.04076  loss_dice_2: 0.5359  loss_ce_3: 0.01909  loss_mask_3: 0.0411  loss_dice_3: 0.5621  loss_ce_4: 0.01805  loss_mask_4: 0.04111  loss_dice_4: 0.5836  loss_ce_5: 0.01724  loss_mask_5: 0.04162  loss_dice_5: 0.5968  loss_ce_6: 0.01929  loss_mask_6: 0.04352  loss_dice_6: 0.5675  loss_ce_7: 0.01854  loss_mask_7: 0.04172  loss_dice_7: 0.5853  loss_ce_8: 0.01623  loss_mask_8: 0.04314  loss_dice_8: 0.5722    time: 0.8057  last_time: 0.8065  data_time: 0.1241  last_data_time: 0.1241   lr: 2.551e-06  max_mem: 12316M
[03/19 04:17:51 d2.utils.events]:  eta: 0:38:02  iter: 17119  total_loss: 12.39  loss_ce: 0.07491  loss_mask: 0.03756  loss_dice: 1.184  loss_ce_0: 0.1431  loss_mask_0: 0.03687  loss_dice_0: 1.089  loss_ce_1: 0.08215  loss_mask_1: 0.03962  loss_dice_1: 1.165  loss_ce_2: 0.06333  loss_mask_2: 0.04166  loss_dice_2: 1.159  loss_ce_3: 0.09181  loss_mask_3: 0.03389  loss_dice_3: 0.9864  loss_ce_4: 0.09292  loss_mask_4: 0.03077  loss_dice_4: 1.072  loss_ce_5: 0.07707  loss_mask_5: 0.03456  loss_dice_5: 1.182  loss_ce_6: 0.07837  loss_mask_6: 0.03348  loss_dice_6: 0.998  loss_ce_7: 0.1519  loss_mask_7: 0.03635  loss_dice_7: 1.227  loss_ce_8: 0.1336  loss_mask_8: 0.03579  loss_dice_8: 0.9758    time: 0.8057  last_time: 0.8874  data_time: 0.2140  last_data_time: 0.2140   lr: 2.5166e-06  max_mem: 12316M
[03/19 04:18:07 d2.utils.events]:  eta: 0:37:47  iter: 17139  total_loss: 5.712  loss_ce: 0.005851  loss_mask: 0.03398  loss_dice: 0.5768  loss_ce_0: 0.08595  loss_mask_0: 0.0281  loss_dice_0: 0.5236  loss_ce_1: 0.006353  loss_mask_1: 0.03889  loss_dice_1: 0.5719  loss_ce_2: 0.006659  loss_mask_2: 0.03491  loss_dice_2: 0.4854  loss_ce_3: 0.005316  loss_mask_3: 0.03285  loss_dice_3: 0.5634  loss_ce_4: 0.006832  loss_mask_4: 0.03191  loss_dice_4: 0.4919  loss_ce_5: 0.006883  loss_mask_5: 0.03006  loss_dice_5: 0.519  loss_ce_6: 0.005897  loss_mask_6: 0.02751  loss_dice_6: 0.5122  loss_ce_7: 0.006048  loss_mask_7: 0.03597  loss_dice_7: 0.485  loss_ce_8: 0.006661  loss_mask_8: 0.0333  loss_dice_8: 0.5127    time: 0.8058  last_time: 0.8086  data_time: 0.1443  last_data_time: 0.1443   lr: 2.4824e-06  max_mem: 12316M
[03/19 04:18:23 d2.utils.events]:  eta: 0:37:31  iter: 17159  total_loss: 5.407  loss_ce: 0.002198  loss_mask: 0.03988  loss_dice: 0.5126  loss_ce_0: 0.08053  loss_mask_0: 0.04351  loss_dice_0: 0.5716  loss_ce_1: 0.004337  loss_mask_1: 0.03754  loss_dice_1: 0.4511  loss_ce_2: 0.004462  loss_mask_2: 0.03699  loss_dice_2: 0.4848  loss_ce_3: 0.002881  loss_mask_3: 0.03581  loss_dice_3: 0.4111  loss_ce_4: 0.002922  loss_mask_4: 0.04267  loss_dice_4: 0.5461  loss_ce_5: 0.003141  loss_mask_5: 0.04279  loss_dice_5: 0.4552  loss_ce_6: 0.002565  loss_mask_6: 0.03705  loss_dice_6: 0.4249  loss_ce_7: 0.002647  loss_mask_7: 0.0413  loss_dice_7: 0.5107  loss_ce_8: 0.002209  loss_mask_8: 0.04275  loss_dice_8: 0.5308    time: 0.8057  last_time: 0.7946  data_time: 0.1260  last_data_time: 0.1260   lr: 2.4483e-06  max_mem: 12316M
[03/19 04:18:39 d2.utils.events]:  eta: 0:37:15  iter: 17179  total_loss: 7.922  loss_ce: 0.09753  loss_mask: 0.03708  loss_dice: 0.538  loss_ce_0: 0.2346  loss_mask_0: 0.03446  loss_dice_0: 0.687  loss_ce_1: 0.08042  loss_mask_1: 0.04503  loss_dice_1: 0.7605  loss_ce_2: 0.08845  loss_mask_2: 0.04394  loss_dice_2: 0.654  loss_ce_3: 0.0991  loss_mask_3: 0.03607  loss_dice_3: 0.523  loss_ce_4: 0.1063  loss_mask_4: 0.04137  loss_dice_4: 0.6184  loss_ce_5: 0.09624  loss_mask_5: 0.03869  loss_dice_5: 0.6848  loss_ce_6: 0.1076  loss_mask_6: 0.04116  loss_dice_6: 0.5899  loss_ce_7: 0.1754  loss_mask_7: 0.04329  loss_dice_7: 0.6579  loss_ce_8: 0.1044  loss_mask_8: 0.03975  loss_dice_8: 0.6172    time: 0.8057  last_time: 0.8117  data_time: 0.1403  last_data_time: 0.1403   lr: 2.4146e-06  max_mem: 12316M
[03/19 04:18:56 d2.utils.events]:  eta: 0:36:59  iter: 17199  total_loss: 5.517  loss_ce: 0.005245  loss_mask: 0.03555  loss_dice: 0.4505  loss_ce_0: 0.3009  loss_mask_0: 0.05718  loss_dice_0: 0.7458  loss_ce_1: 0.01175  loss_mask_1: 0.0337  loss_dice_1: 0.4654  loss_ce_2: 0.007792  loss_mask_2: 0.0331  loss_dice_2: 0.5056  loss_ce_3: 0.006193  loss_mask_3: 0.03513  loss_dice_3: 0.4519  loss_ce_4: 0.005063  loss_mask_4: 0.03841  loss_dice_4: 0.5006  loss_ce_5: 0.005305  loss_mask_5: 0.03506  loss_dice_5: 0.4295  loss_ce_6: 0.004624  loss_mask_6: 0.03312  loss_dice_6: 0.4222  loss_ce_7: 0.004604  loss_mask_7: 0.0327  loss_dice_7: 0.4215  loss_ce_8: 0.004888  loss_mask_8: 0.03313  loss_dice_8: 0.4007    time: 0.8058  last_time: 0.8162  data_time: 0.1454  last_data_time: 0.1454   lr: 2.381e-06  max_mem: 12316M
[03/19 04:19:12 d2.utils.events]:  eta: 0:36:43  iter: 17219  total_loss: 6.366  loss_ce: 0.001996  loss_mask: 0.05866  loss_dice: 0.6084  loss_ce_0: 0.07887  loss_mask_0: 0.05327  loss_dice_0: 0.5422  loss_ce_1: 0.004635  loss_mask_1: 0.05721  loss_dice_1: 0.632  loss_ce_2: 0.003005  loss_mask_2: 0.05598  loss_dice_2: 0.5942  loss_ce_3: 0.002329  loss_mask_3: 0.05752  loss_dice_3: 0.568  loss_ce_4: 0.002452  loss_mask_4: 0.05519  loss_dice_4: 0.4969  loss_ce_5: 0.002372  loss_mask_5: 0.05253  loss_dice_5: 0.5305  loss_ce_6: 0.002083  loss_mask_6: 0.05096  loss_dice_6: 0.5916  loss_ce_7: 0.001827  loss_mask_7: 0.05152  loss_dice_7: 0.5342  loss_ce_8: 0.001978  loss_mask_8: 0.05251  loss_dice_8: 0.6211    time: 0.8058  last_time: 0.8545  data_time: 0.1292  last_data_time: 0.1292   lr: 2.3477e-06  max_mem: 12316M
[03/19 04:19:29 d2.utils.events]:  eta: 0:36:29  iter: 17239  total_loss: 6.152  loss_ce: 0.009377  loss_mask: 0.04342  loss_dice: 0.5453  loss_ce_0: 0.08111  loss_mask_0: 0.05349  loss_dice_0: 0.5969  loss_ce_1: 0.01484  loss_mask_1: 0.04835  loss_dice_1: 0.5056  loss_ce_2: 0.008582  loss_mask_2: 0.04861  loss_dice_2: 0.5527  loss_ce_3: 0.007692  loss_mask_3: 0.04833  loss_dice_3: 0.5368  loss_ce_4: 0.008165  loss_mask_4: 0.04715  loss_dice_4: 0.6315  loss_ce_5: 0.00862  loss_mask_5: 0.04433  loss_dice_5: 0.5483  loss_ce_6: 0.00793  loss_mask_6: 0.04792  loss_dice_6: 0.593  loss_ce_7: 0.00725  loss_mask_7: 0.04255  loss_dice_7: 0.5496  loss_ce_8: 0.01006  loss_mask_8: 0.04219  loss_dice_8: 0.4619    time: 0.8058  last_time: 0.7390  data_time: 0.0648  last_data_time: 0.0648   lr: 2.3145e-06  max_mem: 12316M
[03/19 04:19:45 d2.utils.events]:  eta: 0:36:14  iter: 17259  total_loss: 7.889  loss_ce: 0.009122  loss_mask: 0.06552  loss_dice: 0.6674  loss_ce_0: 0.267  loss_mask_0: 0.2088  loss_dice_0: 0.7962  loss_ce_1: 0.07652  loss_mask_1: 0.07125  loss_dice_1: 0.6518  loss_ce_2: 0.01195  loss_mask_2: 0.07123  loss_dice_2: 0.6327  loss_ce_3: 0.0108  loss_mask_3: 0.06777  loss_dice_3: 0.6206  loss_ce_4: 0.01052  loss_mask_4: 0.06717  loss_dice_4: 0.687  loss_ce_5: 0.01008  loss_mask_5: 0.06614  loss_dice_5: 0.5901  loss_ce_6: 0.07104  loss_mask_6: 0.06849  loss_dice_6: 0.5784  loss_ce_7: 0.008444  loss_mask_7: 0.06819  loss_dice_7: 0.6098  loss_ce_8: 0.009446  loss_mask_8: 0.06894  loss_dice_8: 0.747    time: 0.8058  last_time: 0.7967  data_time: 0.1444  last_data_time: 0.1444   lr: 2.2816e-06  max_mem: 12316M
[03/19 04:20:01 d2.utils.events]:  eta: 0:35:58  iter: 17279  total_loss: 6.352  loss_ce: 0.01022  loss_mask: 0.02138  loss_dice: 0.5616  loss_ce_0: 0.1549  loss_mask_0: 0.02933  loss_dice_0: 0.7894  loss_ce_1: 0.01317  loss_mask_1: 0.02183  loss_dice_1: 0.6131  loss_ce_2: 0.01568  loss_mask_2: 0.02026  loss_dice_2: 0.5376  loss_ce_3: 0.01447  loss_mask_3: 0.02215  loss_dice_3: 0.5951  loss_ce_4: 0.007667  loss_mask_4: 0.01851  loss_dice_4: 0.4826  loss_ce_5: 0.007415  loss_mask_5: 0.02675  loss_dice_5: 0.5789  loss_ce_6: 0.008867  loss_mask_6: 0.02342  loss_dice_6: 0.5191  loss_ce_7: 0.008078  loss_mask_7: 0.02262  loss_dice_7: 0.5527  loss_ce_8: 0.00962  loss_mask_8: 0.02272  loss_dice_8: 0.6429    time: 0.8058  last_time: 0.8189  data_time: 0.1459  last_data_time: 0.1459   lr: 2.249e-06  max_mem: 12316M
[03/19 04:20:18 d2.utils.events]:  eta: 0:35:42  iter: 17299  total_loss: 8.698  loss_ce: 0.01666  loss_mask: 0.06409  loss_dice: 0.8194  loss_ce_0: 0.1255  loss_mask_0: 0.07444  loss_dice_0: 0.8243  loss_ce_1: 0.01562  loss_mask_1: 0.06222  loss_dice_1: 0.7813  loss_ce_2: 0.02618  loss_mask_2: 0.06186  loss_dice_2: 0.7217  loss_ce_3: 0.01874  loss_mask_3: 0.05788  loss_dice_3: 0.7948  loss_ce_4: 0.02129  loss_mask_4: 0.05317  loss_dice_4: 0.7767  loss_ce_5: 0.02157  loss_mask_5: 0.06045  loss_dice_5: 0.8146  loss_ce_6: 0.02681  loss_mask_6: 0.04956  loss_dice_6: 0.6831  loss_ce_7: 0.02707  loss_mask_7: 0.05077  loss_dice_7: 0.7508  loss_ce_8: 0.01642  loss_mask_8: 0.05367  loss_dice_8: 0.8274    time: 0.8058  last_time: 0.8428  data_time: 0.1582  last_data_time: 0.1582   lr: 2.2165e-06  max_mem: 12316M
[03/19 04:20:34 d2.utils.events]:  eta: 0:35:26  iter: 17319  total_loss: 7.635  loss_ce: 0.03659  loss_mask: 0.03628  loss_dice: 0.6119  loss_ce_0: 0.3017  loss_mask_0: 0.06706  loss_dice_0: 0.9504  loss_ce_1: 0.0486  loss_mask_1: 0.03847  loss_dice_1: 0.6082  loss_ce_2: 0.03193  loss_mask_2: 0.03771  loss_dice_2: 0.528  loss_ce_3: 0.04019  loss_mask_3: 0.04359  loss_dice_3: 0.7361  loss_ce_4: 0.03987  loss_mask_4: 0.0378  loss_dice_4: 0.6775  loss_ce_5: 0.0352  loss_mask_5: 0.03846  loss_dice_5: 0.52  loss_ce_6: 0.03334  loss_mask_6: 0.04424  loss_dice_6: 0.6725  loss_ce_7: 0.03483  loss_mask_7: 0.04035  loss_dice_7: 0.715  loss_ce_8: 0.03607  loss_mask_8: 0.03599  loss_dice_8: 0.5571    time: 0.8058  last_time: 0.7970  data_time: 0.1330  last_data_time: 0.1330   lr: 2.1843e-06  max_mem: 12316M
[03/19 04:20:50 d2.utils.events]:  eta: 0:35:09  iter: 17339  total_loss: 9.151  loss_ce: 0.02312  loss_mask: 0.02729  loss_dice: 0.7548  loss_ce_0: 0.1893  loss_mask_0: 0.0306  loss_dice_0: 1.138  loss_ce_1: 0.1149  loss_mask_1: 0.03317  loss_dice_1: 0.9778  loss_ce_2: 0.03242  loss_mask_2: 0.02217  loss_dice_2: 0.5414  loss_ce_3: 0.02216  loss_mask_3: 0.02726  loss_dice_3: 0.5934  loss_ce_4: 0.02429  loss_mask_4: 0.02273  loss_dice_4: 0.6626  loss_ce_5: 0.02678  loss_mask_5: 0.02606  loss_dice_5: 0.8975  loss_ce_6: 0.05093  loss_mask_6: 0.03377  loss_dice_6: 0.984  loss_ce_7: 0.02286  loss_mask_7: 0.02809  loss_dice_7: 0.955  loss_ce_8: 0.0235  loss_mask_8: 0.02734  loss_dice_8: 0.8378    time: 0.8058  last_time: 0.7779  data_time: 0.1043  last_data_time: 0.1043   lr: 2.1523e-06  max_mem: 12316M
[03/19 04:21:06 d2.utils.events]:  eta: 0:34:54  iter: 17359  total_loss: 5.233  loss_ce: 0.001686  loss_mask: 0.02398  loss_dice: 0.4176  loss_ce_0: 0.07574  loss_mask_0: 0.03495  loss_dice_0: 0.5522  loss_ce_1: 0.002742  loss_mask_1: 0.02943  loss_dice_1: 0.5294  loss_ce_2: 0.001797  loss_mask_2: 0.03155  loss_dice_2: 0.502  loss_ce_3: 0.002123  loss_mask_3: 0.02883  loss_dice_3: 0.4548  loss_ce_4: 0.001873  loss_mask_4: 0.0276  loss_dice_4: 0.4728  loss_ce_5: 0.001564  loss_mask_5: 0.03213  loss_dice_5: 0.5556  loss_ce_6: 0.001613  loss_mask_6: 0.02635  loss_dice_6: 0.4595  loss_ce_7: 0.001669  loss_mask_7: 0.03185  loss_dice_7: 0.4711  loss_ce_8: 0.001619  loss_mask_8: 0.02687  loss_dice_8: 0.4325    time: 0.8058  last_time: 0.7932  data_time: 0.1240  last_data_time: 0.1240   lr: 2.1206e-06  max_mem: 12316M
[03/19 04:21:23 d2.utils.events]:  eta: 0:34:39  iter: 17379  total_loss: 8.778  loss_ce: 0.01866  loss_mask: 0.04219  loss_dice: 0.7844  loss_ce_0: 0.2419  loss_mask_0: 0.05711  loss_dice_0: 0.7726  loss_ce_1: 0.02602  loss_mask_1: 0.03862  loss_dice_1: 0.7774  loss_ce_2: 0.0746  loss_mask_2: 0.03825  loss_dice_2: 0.6908  loss_ce_3: 0.1044  loss_mask_3: 0.04159  loss_dice_3: 0.6324  loss_ce_4: 0.05464  loss_mask_4: 0.03817  loss_dice_4: 0.9267  loss_ce_5: 0.05815  loss_mask_5: 0.04129  loss_dice_5: 0.8179  loss_ce_6: 0.01865  loss_mask_6: 0.04119  loss_dice_6: 0.8006  loss_ce_7: 0.03878  loss_mask_7: 0.03732  loss_dice_7: 0.7814  loss_ce_8: 0.0432  loss_mask_8: 0.03815  loss_dice_8: 0.7007    time: 0.8058  last_time: 1.1478  data_time: 0.4292  last_data_time: 0.4292   lr: 2.089e-06  max_mem: 12316M
[03/19 04:21:39 d2.utils.events]:  eta: 0:34:23  iter: 17399  total_loss: 9.961  loss_ce: 0.06541  loss_mask: 0.05113  loss_dice: 0.7961  loss_ce_0: 0.3672  loss_mask_0: 0.06674  loss_dice_0: 0.8834  loss_ce_1: 0.1302  loss_mask_1: 0.05541  loss_dice_1: 0.83  loss_ce_2: 0.1055  loss_mask_2: 0.05346  loss_dice_2: 0.9324  loss_ce_3: 0.04652  loss_mask_3: 0.05055  loss_dice_3: 0.793  loss_ce_4: 0.02972  loss_mask_4: 0.04958  loss_dice_4: 0.9158  loss_ce_5: 0.0554  loss_mask_5: 0.05278  loss_dice_5: 0.7841  loss_ce_6: 0.03014  loss_mask_6: 0.04815  loss_dice_6: 0.8508  loss_ce_7: 0.0295  loss_mask_7: 0.04816  loss_dice_7: 0.8806  loss_ce_8: 0.06564  loss_mask_8: 0.0531  loss_dice_8: 0.8402    time: 0.8058  last_time: 0.8942  data_time: 0.2173  last_data_time: 0.2173   lr: 2.0577e-06  max_mem: 12316M
[03/19 04:21:56 d2.utils.events]:  eta: 0:34:08  iter: 17419  total_loss: 5.622  loss_ce: 0.008282  loss_mask: 0.06077  loss_dice: 0.4632  loss_ce_0: 0.07883  loss_mask_0: 0.07255  loss_dice_0: 0.5335  loss_ce_1: 0.01777  loss_mask_1: 0.0665  loss_dice_1: 0.5511  loss_ce_2: 0.008415  loss_mask_2: 0.06122  loss_dice_2: 0.4616  loss_ce_3: 0.009215  loss_mask_3: 0.05259  loss_dice_3: 0.4483  loss_ce_4: 0.00779  loss_mask_4: 0.06358  loss_dice_4: 0.4681  loss_ce_5: 0.007288  loss_mask_5: 0.05693  loss_dice_5: 0.4896  loss_ce_6: 0.007414  loss_mask_6: 0.06239  loss_dice_6: 0.4678  loss_ce_7: 0.007791  loss_mask_7: 0.06108  loss_dice_7: 0.4893  loss_ce_8: 0.008175  loss_mask_8: 0.05238  loss_dice_8: 0.4788    time: 0.8058  last_time: 0.7839  data_time: 0.1033  last_data_time: 0.1033   lr: 2.0266e-06  max_mem: 12316M
[03/19 04:22:12 d2.utils.events]:  eta: 0:33:51  iter: 17439  total_loss: 5.967  loss_ce: 0.006525  loss_mask: 0.05643  loss_dice: 0.4464  loss_ce_0: 0.1318  loss_mask_0: 0.07873  loss_dice_0: 0.5894  loss_ce_1: 0.008633  loss_mask_1: 0.06925  loss_dice_1: 0.5616  loss_ce_2: 0.008364  loss_mask_2: 0.06583  loss_dice_2: 0.5306  loss_ce_3: 0.00582  loss_mask_3: 0.06059  loss_dice_3: 0.4688  loss_ce_4: 0.006516  loss_mask_4: 0.06079  loss_dice_4: 0.5088  loss_ce_5: 0.006057  loss_mask_5: 0.0676  loss_dice_5: 0.5413  loss_ce_6: 0.005408  loss_mask_6: 0.0671  loss_dice_6: 0.5051  loss_ce_7: 0.005062  loss_mask_7: 0.06192  loss_dice_7: 0.5128  loss_ce_8: 0.006255  loss_mask_8: 0.06225  loss_dice_8: 0.4615    time: 0.8058  last_time: 0.8426  data_time: 0.1147  last_data_time: 0.1147   lr: 1.9957e-06  max_mem: 12316M
[03/19 04:22:29 d2.utils.events]:  eta: 0:33:36  iter: 17459  total_loss: 14.6  loss_ce: 0.1555  loss_mask: 0.06904  loss_dice: 1.21  loss_ce_0: 0.1882  loss_mask_0: 0.07091  loss_dice_0: 1.236  loss_ce_1: 0.1559  loss_mask_1: 0.07875  loss_dice_1: 1.157  loss_ce_2: 0.1081  loss_mask_2: 0.0642  loss_dice_2: 1.181  loss_ce_3: 0.1583  loss_mask_3: 0.07973  loss_dice_3: 1.304  loss_ce_4: 0.1599  loss_mask_4: 0.08327  loss_dice_4: 1.336  loss_ce_5: 0.1793  loss_mask_5: 0.09272  loss_dice_5: 1.105  loss_ce_6: 0.2102  loss_mask_6: 0.09016  loss_dice_6: 0.9794  loss_ce_7: 0.1951  loss_mask_7: 0.07123  loss_dice_7: 1.269  loss_ce_8: 0.1612  loss_mask_8: 0.08046  loss_dice_8: 1.369    time: 0.8058  last_time: 0.7907  data_time: 0.1262  last_data_time: 0.1262   lr: 1.9651e-06  max_mem: 12316M
[03/19 04:22:45 d2.utils.events]:  eta: 0:33:21  iter: 17479  total_loss: 5.104  loss_ce: 0.01064  loss_mask: 0.02163  loss_dice: 0.4828  loss_ce_0: 0.1236  loss_mask_0: 0.02459  loss_dice_0: 0.4406  loss_ce_1: 0.01307  loss_mask_1: 0.02286  loss_dice_1: 0.4833  loss_ce_2: 0.01236  loss_mask_2: 0.02189  loss_dice_2: 0.463  loss_ce_3: 0.01002  loss_mask_3: 0.02184  loss_dice_3: 0.3871  loss_ce_4: 0.0112  loss_mask_4: 0.02285  loss_dice_4: 0.5011  loss_ce_5: 0.01  loss_mask_5: 0.02703  loss_dice_5: 0.5082  loss_ce_6: 0.009577  loss_mask_6: 0.02407  loss_dice_6: 0.4454  loss_ce_7: 0.009554  loss_mask_7: 0.02444  loss_dice_7: 0.4654  loss_ce_8: 0.01068  loss_mask_8: 0.02538  loss_dice_8: 0.4703    time: 0.8058  last_time: 0.8477  data_time: 0.1761  last_data_time: 0.1761   lr: 1.9347e-06  max_mem: 12316M
[03/19 04:23:01 d2.utils.events]:  eta: 0:33:06  iter: 17499  total_loss: 5.934  loss_ce: 0.0344  loss_mask: 0.02161  loss_dice: 0.3326  loss_ce_0: 0.1319  loss_mask_0: 0.01993  loss_dice_0: 0.5633  loss_ce_1: 0.03943  loss_mask_1: 0.0222  loss_dice_1: 0.4407  loss_ce_2: 0.03715  loss_mask_2: 0.02739  loss_dice_2: 0.8269  loss_ce_3: 0.03306  loss_mask_3: 0.02296  loss_dice_3: 0.5941  loss_ce_4: 0.03512  loss_mask_4: 0.0202  loss_dice_4: 0.4436  loss_ce_5: 0.03622  loss_mask_5: 0.01966  loss_dice_5: 0.6418  loss_ce_6: 0.0369  loss_mask_6: 0.01675  loss_dice_6: 0.3962  loss_ce_7: 0.03728  loss_mask_7: 0.02405  loss_dice_7: 0.437  loss_ce_8: 0.03508  loss_mask_8: 0.0219  loss_dice_8: 0.5852    time: 0.8058  last_time: 0.7289  data_time: 0.0678  last_data_time: 0.0678   lr: 1.9045e-06  max_mem: 12316M
[03/19 04:23:17 d2.utils.events]:  eta: 0:32:49  iter: 17519  total_loss: 11.33  loss_ce: 0.09839  loss_mask: 0.08645  loss_dice: 0.9806  loss_ce_0: 0.3174  loss_mask_0: 0.1777  loss_dice_0: 1.086  loss_ce_1: 0.07103  loss_mask_1: 0.07273  loss_dice_1: 1.086  loss_ce_2: 0.06429  loss_mask_2: 0.1328  loss_dice_2: 0.6587  loss_ce_3: 0.06951  loss_mask_3: 0.1082  loss_dice_3: 0.8005  loss_ce_4: 0.1096  loss_mask_4: 0.11  loss_dice_4: 0.9192  loss_ce_5: 0.0331  loss_mask_5: 0.1097  loss_dice_5: 1.038  loss_ce_6: 0.02266  loss_mask_6: 0.09939  loss_dice_6: 0.7211  loss_ce_7: 0.02642  loss_mask_7: 0.1102  loss_dice_7: 0.9634  loss_ce_8: 0.03112  loss_mask_8: 0.0893  loss_dice_8: 1.135    time: 0.8058  last_time: 0.8307  data_time: 0.1696  last_data_time: 0.1696   lr: 1.8746e-06  max_mem: 12316M
[03/19 04:23:34 d2.utils.events]:  eta: 0:32:33  iter: 17539  total_loss: 13.34  loss_ce: 0.02706  loss_mask: 0.06695  loss_dice: 1.216  loss_ce_0: 0.1585  loss_mask_0: 0.08364  loss_dice_0: 1.507  loss_ce_1: 0.1807  loss_mask_1: 0.08622  loss_dice_1: 1.216  loss_ce_2: 0.01121  loss_mask_2: 0.07276  loss_dice_2: 1.326  loss_ce_3: 0.06416  loss_mask_3: 0.07078  loss_dice_3: 1.136  loss_ce_4: 0.02709  loss_mask_4: 0.06959  loss_dice_4: 1.208  loss_ce_5: 0.02681  loss_mask_5: 0.05811  loss_dice_5: 1.002  loss_ce_6: 0.1107  loss_mask_6: 0.07009  loss_dice_6: 1.029  loss_ce_7: 0.02516  loss_mask_7: 0.06644  loss_dice_7: 1.045  loss_ce_8: 0.02644  loss_mask_8: 0.07315  loss_dice_8: 1.283    time: 0.8058  last_time: 0.7429  data_time: 0.0656  last_data_time: 0.0656   lr: 1.8448e-06  max_mem: 12316M
[03/19 04:23:50 d2.utils.events]:  eta: 0:32:17  iter: 17559  total_loss: 5.197  loss_ce: 0.002357  loss_mask: 0.03896  loss_dice: 0.4616  loss_ce_0: 0.2742  loss_mask_0: 0.04697  loss_dice_0: 0.4619  loss_ce_1: 0.007736  loss_mask_1: 0.04038  loss_dice_1: 0.4258  loss_ce_2: 0.003126  loss_mask_2: 0.03873  loss_dice_2: 0.4637  loss_ce_3: 0.002463  loss_mask_3: 0.03709  loss_dice_3: 0.4126  loss_ce_4: 0.002711  loss_mask_4: 0.03456  loss_dice_4: 0.414  loss_ce_5: 0.003161  loss_mask_5: 0.03798  loss_dice_5: 0.4599  loss_ce_6: 0.002577  loss_mask_6: 0.0345  loss_dice_6: 0.447  loss_ce_7: 0.002432  loss_mask_7: 0.04037  loss_dice_7: 0.4713  loss_ce_8: 0.002276  loss_mask_8: 0.0373  loss_dice_8: 0.4888    time: 0.8058  last_time: 0.8260  data_time: 0.1515  last_data_time: 0.1515   lr: 1.8153e-06  max_mem: 12316M
[03/19 04:24:06 d2.utils.events]:  eta: 0:32:01  iter: 17579  total_loss: 8.121  loss_ce: 0.08851  loss_mask: 0.04073  loss_dice: 0.7134  loss_ce_0: 0.1416  loss_mask_0: 0.04022  loss_dice_0: 0.8431  loss_ce_1: 0.05603  loss_mask_1: 0.04499  loss_dice_1: 0.7223  loss_ce_2: 0.1348  loss_mask_2: 0.03598  loss_dice_2: 0.7457  loss_ce_3: 0.1177  loss_mask_3: 0.03646  loss_dice_3: 0.6055  loss_ce_4: 0.03773  loss_mask_4: 0.0415  loss_dice_4: 0.7793  loss_ce_5: 0.02527  loss_mask_5: 0.0407  loss_dice_5: 0.6395  loss_ce_6: 0.02834  loss_mask_6: 0.03885  loss_dice_6: 0.6302  loss_ce_7: 0.02383  loss_mask_7: 0.03768  loss_dice_7: 0.7002  loss_ce_8: 0.02352  loss_mask_8: 0.03717  loss_dice_8: 0.6706    time: 0.8058  last_time: 0.7952  data_time: 0.1317  last_data_time: 0.1317   lr: 1.7861e-06  max_mem: 12316M
[03/19 04:24:22 d2.utils.events]:  eta: 0:31:45  iter: 17599  total_loss: 8.077  loss_ce: 0.01357  loss_mask: 0.03043  loss_dice: 0.7484  loss_ce_0: 0.1352  loss_mask_0: 0.02678  loss_dice_0: 0.5918  loss_ce_1: 0.01878  loss_mask_1: 0.02627  loss_dice_1: 0.6405  loss_ce_2: 0.04582  loss_mask_2: 0.02778  loss_dice_2: 0.6516  loss_ce_3: 0.01613  loss_mask_3: 0.02434  loss_dice_3: 0.6528  loss_ce_4: 0.01612  loss_mask_4: 0.02693  loss_dice_4: 0.7231  loss_ce_5: 0.07194  loss_mask_5: 0.02597  loss_dice_5: 0.8  loss_ce_6: 0.01489  loss_mask_6: 0.02414  loss_dice_6: 0.7917  loss_ce_7: 0.01512  loss_mask_7: 0.02445  loss_dice_7: 0.935  loss_ce_8: 0.01478  loss_mask_8: 0.0357  loss_dice_8: 0.9067    time: 0.8058  last_time: 0.7452  data_time: 0.0721  last_data_time: 0.0721   lr: 1.757e-06  max_mem: 12316M
[03/19 04:24:38 d2.utils.events]:  eta: 0:31:30  iter: 17619  total_loss: 8.175  loss_ce: 0.02016  loss_mask: 0.02672  loss_dice: 0.722  loss_ce_0: 0.08201  loss_mask_0: 0.02031  loss_dice_0: 0.5657  loss_ce_1: 0.0706  loss_mask_1: 0.03741  loss_dice_1: 1.033  loss_ce_2: 0.03425  loss_mask_2: 0.02998  loss_dice_2: 0.9019  loss_ce_3: 0.01694  loss_mask_3: 0.03136  loss_dice_3: 0.6112  loss_ce_4: 0.01815  loss_mask_4: 0.03223  loss_dice_4: 1.021  loss_ce_5: 0.0168  loss_mask_5: 0.02884  loss_dice_5: 0.6069  loss_ce_6: 0.017  loss_mask_6: 0.02944  loss_dice_6: 0.687  loss_ce_7: 0.08821  loss_mask_7: 0.03438  loss_dice_7: 0.8388  loss_ce_8: 0.01776  loss_mask_8: 0.02731  loss_dice_8: 0.508    time: 0.8058  last_time: 0.7425  data_time: 0.0756  last_data_time: 0.0756   lr: 1.7282e-06  max_mem: 12316M
[03/19 04:24:55 d2.utils.events]:  eta: 0:31:14  iter: 17639  total_loss: 6.14  loss_ce: 0.002968  loss_mask: 0.04089  loss_dice: 0.4966  loss_ce_0: 0.1331  loss_mask_0: 0.05067  loss_dice_0: 0.6549  loss_ce_1: 0.006372  loss_mask_1: 0.03889  loss_dice_1: 0.5576  loss_ce_2: 0.005287  loss_mask_2: 0.04205  loss_dice_2: 0.5331  loss_ce_3: 0.004094  loss_mask_3: 0.04096  loss_dice_3: 0.5606  loss_ce_4: 0.003894  loss_mask_4: 0.03815  loss_dice_4: 0.5493  loss_ce_5: 0.003335  loss_mask_5: 0.0434  loss_dice_5: 0.586  loss_ce_6: 0.003435  loss_mask_6: 0.03685  loss_dice_6: 0.4901  loss_ce_7: 0.003065  loss_mask_7: 0.04343  loss_dice_7: 0.5577  loss_ce_8: 0.003357  loss_mask_8: 0.04373  loss_dice_8: 0.5658    time: 0.8058  last_time: 0.9421  data_time: 0.2672  last_data_time: 0.2672   lr: 1.6996e-06  max_mem: 12316M
[03/19 04:25:11 d2.utils.events]:  eta: 0:30:57  iter: 17659  total_loss: 5.776  loss_ce: 0.008578  loss_mask: 0.03443  loss_dice: 0.4882  loss_ce_0: 0.2759  loss_mask_0: 0.04123  loss_dice_0: 0.5892  loss_ce_1: 0.08589  loss_mask_1: 0.03373  loss_dice_1: 0.4379  loss_ce_2: 0.0163  loss_mask_2: 0.0328  loss_dice_2: 0.4843  loss_ce_3: 0.01249  loss_mask_3: 0.03667  loss_dice_3: 0.512  loss_ce_4: 0.009886  loss_mask_4: 0.0361  loss_dice_4: 0.4793  loss_ce_5: 0.01047  loss_mask_5: 0.03698  loss_dice_5: 0.5124  loss_ce_6: 0.009986  loss_mask_6: 0.03482  loss_dice_6: 0.4936  loss_ce_7: 0.008773  loss_mask_7: 0.03582  loss_dice_7: 0.4656  loss_ce_8: 0.008961  loss_mask_8: 0.03957  loss_dice_8: 0.5038    time: 0.8058  last_time: 0.7930  data_time: 0.1010  last_data_time: 0.1010   lr: 1.6713e-06  max_mem: 12316M
[03/19 04:25:28 d2.utils.events]:  eta: 0:30:42  iter: 17679  total_loss: 8.123  loss_ce: 0.02342  loss_mask: 0.0278  loss_dice: 1.016  loss_ce_0: 0.1402  loss_mask_0: 0.028  loss_dice_0: 0.5808  loss_ce_1: 0.08504  loss_mask_1: 0.02204  loss_dice_1: 0.5054  loss_ce_2: 0.06013  loss_mask_2: 0.02335  loss_dice_2: 0.6916  loss_ce_3: 0.04314  loss_mask_3: 0.02302  loss_dice_3: 0.5406  loss_ce_4: 0.04685  loss_mask_4: 0.02614  loss_dice_4: 0.592  loss_ce_5: 0.05406  loss_mask_5: 0.02192  loss_dice_5: 0.8894  loss_ce_6: 0.01918  loss_mask_6: 0.0232  loss_dice_6: 0.946  loss_ce_7: 0.04093  loss_mask_7: 0.0239  loss_dice_7: 0.5324  loss_ce_8: 0.02277  loss_mask_8: 0.03016  loss_dice_8: 1.044    time: 0.8058  last_time: 0.8116  data_time: 0.1385  last_data_time: 0.1385   lr: 1.6432e-06  max_mem: 12316M
[03/19 04:25:44 d2.utils.events]:  eta: 0:30:26  iter: 17699  total_loss: 9.74  loss_ce: 0.01291  loss_mask: 0.06492  loss_dice: 0.8044  loss_ce_0: 0.193  loss_mask_0: 0.1076  loss_dice_0: 0.9383  loss_ce_1: 0.09676  loss_mask_1: 0.07065  loss_dice_1: 0.8825  loss_ce_2: 0.05845  loss_mask_2: 0.07485  loss_dice_2: 0.9031  loss_ce_3: 0.01833  loss_mask_3: 0.07141  loss_dice_3: 0.8638  loss_ce_4: 0.01828  loss_mask_4: 0.06637  loss_dice_4: 0.8551  loss_ce_5: 0.01929  loss_mask_5: 0.07231  loss_dice_5: 0.8294  loss_ce_6: 0.01344  loss_mask_6: 0.06282  loss_dice_6: 0.8161  loss_ce_7: 0.01343  loss_mask_7: 0.06419  loss_dice_7: 0.8201  loss_ce_8: 0.01267  loss_mask_8: 0.0677  loss_dice_8: 0.8484    time: 0.8058  last_time: 0.7805  data_time: 0.1055  last_data_time: 0.1055   lr: 1.6153e-06  max_mem: 12316M
[03/19 04:26:00 d2.utils.events]:  eta: 0:30:10  iter: 17719  total_loss: 7.701  loss_ce: 0.008076  loss_mask: 0.02534  loss_dice: 0.6147  loss_ce_0: 0.1304  loss_mask_0: 0.03524  loss_dice_0: 0.6498  loss_ce_1: 0.04445  loss_mask_1: 0.0258  loss_dice_1: 0.704  loss_ce_2: 0.008678  loss_mask_2: 0.03232  loss_dice_2: 0.6492  loss_ce_3: 0.04856  loss_mask_3: 0.03764  loss_dice_3: 0.955  loss_ce_4: 0.007765  loss_mask_4: 0.02974  loss_dice_4: 0.6817  loss_ce_5: 0.007117  loss_mask_5: 0.0281  loss_dice_5: 0.7289  loss_ce_6: 0.007619  loss_mask_6: 0.03786  loss_dice_6: 0.6542  loss_ce_7: 0.00789  loss_mask_7: 0.03038  loss_dice_7: 0.6664  loss_ce_8: 0.007463  loss_mask_8: 0.03485  loss_dice_8: 0.8014    time: 0.8058  last_time: 0.8307  data_time: 0.1473  last_data_time: 0.1473   lr: 1.5876e-06  max_mem: 12316M
[03/19 04:26:17 d2.utils.events]:  eta: 0:29:55  iter: 17739  total_loss: 7.397  loss_ce: 0.004721  loss_mask: 0.04963  loss_dice: 0.6064  loss_ce_0: 0.1385  loss_mask_0: 0.05851  loss_dice_0: 0.7887  loss_ce_1: 0.01011  loss_mask_1: 0.05111  loss_dice_1: 0.6387  loss_ce_2: 0.007197  loss_mask_2: 0.05113  loss_dice_2: 0.6573  loss_ce_3: 0.006144  loss_mask_3: 0.05332  loss_dice_3: 0.7055  loss_ce_4: 0.00532  loss_mask_4: 0.05211  loss_dice_4: 0.6376  loss_ce_5: 0.004957  loss_mask_5: 0.05579  loss_dice_5: 0.6596  loss_ce_6: 0.004876  loss_mask_6: 0.05071  loss_dice_6: 0.6354  loss_ce_7: 0.005171  loss_mask_7: 0.04946  loss_dice_7: 0.6885  loss_ce_8: 0.004693  loss_mask_8: 0.05232  loss_dice_8: 0.6632    time: 0.8058  last_time: 0.7953  data_time: 0.1209  last_data_time: 0.1209   lr: 1.5602e-06  max_mem: 12316M
[03/19 04:26:33 d2.utils.events]:  eta: 0:29:39  iter: 17759  total_loss: 4.813  loss_ce: 0.005966  loss_mask: 0.04536  loss_dice: 0.3776  loss_ce_0: 0.07494  loss_mask_0: 0.05686  loss_dice_0: 0.4613  loss_ce_1: 0.005178  loss_mask_1: 0.04858  loss_dice_1: 0.463  loss_ce_2: 0.005453  loss_mask_2: 0.04385  loss_dice_2: 0.393  loss_ce_3: 0.0122  loss_mask_3: 0.05756  loss_dice_3: 0.4233  loss_ce_4: 0.01222  loss_mask_4: 0.04304  loss_dice_4: 0.4196  loss_ce_5: 0.008974  loss_mask_5: 0.04709  loss_dice_5: 0.358  loss_ce_6: 0.009699  loss_mask_6: 0.04185  loss_dice_6: 0.3904  loss_ce_7: 0.007433  loss_mask_7: 0.0583  loss_dice_7: 0.4381  loss_ce_8: 0.005142  loss_mask_8: 0.05071  loss_dice_8: 0.4479    time: 0.8058  last_time: 0.7615  data_time: 0.1011  last_data_time: 0.1011   lr: 1.533e-06  max_mem: 12316M
[03/19 04:26:49 d2.utils.events]:  eta: 0:29:23  iter: 17779  total_loss: 5.946  loss_ce: 0.0094  loss_mask: 0.0422  loss_dice: 0.5387  loss_ce_0: 0.2595  loss_mask_0: 0.0401  loss_dice_0: 0.4873  loss_ce_1: 0.01467  loss_mask_1: 0.03928  loss_dice_1: 0.4822  loss_ce_2: 0.01322  loss_mask_2: 0.04587  loss_dice_2: 0.5126  loss_ce_3: 0.01156  loss_mask_3: 0.04447  loss_dice_3: 0.4878  loss_ce_4: 0.0107  loss_mask_4: 0.04759  loss_dice_4: 0.5311  loss_ce_5: 0.01102  loss_mask_5: 0.04749  loss_dice_5: 0.515  loss_ce_6: 0.0102  loss_mask_6: 0.04042  loss_dice_6: 0.4858  loss_ce_7: 0.009637  loss_mask_7: 0.0449  loss_dice_7: 0.5476  loss_ce_8: 0.009976  loss_mask_8: 0.04981  loss_dice_8: 0.5561    time: 0.8058  last_time: 0.7996  data_time: 0.1285  last_data_time: 0.1285   lr: 1.506e-06  max_mem: 12316M
[03/19 04:27:05 d2.utils.events]:  eta: 0:29:07  iter: 17799  total_loss: 4.68  loss_ce: 0.009577  loss_mask: 0.02624  loss_dice: 0.3812  loss_ce_0: 0.125  loss_mask_0: 0.0242  loss_dice_0: 0.3802  loss_ce_1: 0.01171  loss_mask_1: 0.02787  loss_dice_1: 0.4763  loss_ce_2: 0.009155  loss_mask_2: 0.02752  loss_dice_2: 0.3986  loss_ce_3: 0.01076  loss_mask_3: 0.0247  loss_dice_3: 0.4032  loss_ce_4: 0.01038  loss_mask_4: 0.02736  loss_dice_4: 0.39  loss_ce_5: 0.01084  loss_mask_5: 0.02568  loss_dice_5: 0.4047  loss_ce_6: 0.01076  loss_mask_6: 0.02851  loss_dice_6: 0.4868  loss_ce_7: 0.0103  loss_mask_7: 0.03026  loss_dice_7: 0.4351  loss_ce_8: 0.01051  loss_mask_8: 0.02727  loss_dice_8: 0.4352    time: 0.8058  last_time: 0.8040  data_time: 0.1441  last_data_time: 0.1441   lr: 1.4793e-06  max_mem: 12316M
[03/19 04:27:21 d2.utils.events]:  eta: 0:28:52  iter: 17819  total_loss: 5.953  loss_ce: 0.03894  loss_mask: 0.02767  loss_dice: 0.4279  loss_ce_0: 0.2255  loss_mask_0: 0.03179  loss_dice_0: 0.4953  loss_ce_1: 0.0544  loss_mask_1: 0.02721  loss_dice_1: 0.4732  loss_ce_2: 0.03678  loss_mask_2: 0.03054  loss_dice_2: 0.5146  loss_ce_3: 0.03707  loss_mask_3: 0.02985  loss_dice_3: 0.5109  loss_ce_4: 0.07932  loss_mask_4: 0.03239  loss_dice_4: 0.5715  loss_ce_5: 0.04676  loss_mask_5: 0.03592  loss_dice_5: 0.5403  loss_ce_6: 0.03808  loss_mask_6: 0.03036  loss_dice_6: 0.5087  loss_ce_7: 0.03833  loss_mask_7: 0.02895  loss_dice_7: 0.5034  loss_ce_8: 0.03824  loss_mask_8: 0.02946  loss_dice_8: 0.4695    time: 0.8058  last_time: 0.8115  data_time: 0.1482  last_data_time: 0.1482   lr: 1.4528e-06  max_mem: 12316M
[03/19 04:27:38 d2.utils.events]:  eta: 0:28:35  iter: 17839  total_loss: 6.177  loss_ce: 0.00821  loss_mask: 0.02375  loss_dice: 0.501  loss_ce_0: 0.07184  loss_mask_0: 0.02257  loss_dice_0: 0.5015  loss_ce_1: 0.01063  loss_mask_1: 0.02531  loss_dice_1: 0.4872  loss_ce_2: 0.01754  loss_mask_2: 0.03157  loss_dice_2: 0.6956  loss_ce_3: 0.01047  loss_mask_3: 0.02793  loss_dice_3: 0.5842  loss_ce_4: 0.008825  loss_mask_4: 0.02698  loss_dice_4: 0.5853  loss_ce_5: 0.006899  loss_mask_5: 0.02435  loss_dice_5: 0.5747  loss_ce_6: 0.006725  loss_mask_6: 0.02921  loss_dice_6: 0.6313  loss_ce_7: 0.08813  loss_mask_7: 0.0254  loss_dice_7: 0.6042  loss_ce_8: 0.007867  loss_mask_8: 0.02017  loss_dice_8: 0.5179    time: 0.8057  last_time: 0.8362  data_time: 0.1697  last_data_time: 0.1697   lr: 1.4265e-06  max_mem: 12316M
[03/19 04:27:54 d2.utils.events]:  eta: 0:28:20  iter: 17859  total_loss: 7.403  loss_ce: 0.008368  loss_mask: 0.02578  loss_dice: 0.6197  loss_ce_0: 0.146  loss_mask_0: 0.03227  loss_dice_0: 0.8636  loss_ce_1: 0.005844  loss_mask_1: 0.02919  loss_dice_1: 0.7021  loss_ce_2: 0.009256  loss_mask_2: 0.03228  loss_dice_2: 0.6744  loss_ce_3: 0.01076  loss_mask_3: 0.03196  loss_dice_3: 0.6978  loss_ce_4: 0.008441  loss_mask_4: 0.04086  loss_dice_4: 0.7377  loss_ce_5: 0.009245  loss_mask_5: 0.02827  loss_dice_5: 0.5671  loss_ce_6: 0.009405  loss_mask_6: 0.03107  loss_dice_6: 0.622  loss_ce_7: 0.00896  loss_mask_7: 0.03051  loss_dice_7: 0.6576  loss_ce_8: 0.008547  loss_mask_8: 0.03602  loss_dice_8: 0.7185    time: 0.8057  last_time: 0.8229  data_time: 0.1663  last_data_time: 0.1663   lr: 1.4005e-06  max_mem: 12316M
[03/19 04:28:10 d2.utils.events]:  eta: 0:28:04  iter: 17879  total_loss: 9.029  loss_ce: 0.0454  loss_mask: 0.04458  loss_dice: 0.9194  loss_ce_0: 0.1212  loss_mask_0: 0.03564  loss_dice_0: 0.8012  loss_ce_1: 0.06585  loss_mask_1: 0.03756  loss_dice_1: 0.8003  loss_ce_2: 0.03232  loss_mask_2: 0.04271  loss_dice_2: 0.547  loss_ce_3: 0.03362  loss_mask_3: 0.04828  loss_dice_3: 0.9144  loss_ce_4: 0.03431  loss_mask_4: 0.04325  loss_dice_4: 0.6904  loss_ce_5: 0.0438  loss_mask_5: 0.051  loss_dice_5: 0.712  loss_ce_6: 0.04868  loss_mask_6: 0.04367  loss_dice_6: 1.008  loss_ce_7: 0.04737  loss_mask_7: 0.04053  loss_dice_7: 0.8336  loss_ce_8: 0.04559  loss_mask_8: 0.045  loss_dice_8: 0.852    time: 0.8057  last_time: 0.7790  data_time: 0.1131  last_data_time: 0.1131   lr: 1.3747e-06  max_mem: 12316M
[03/19 04:28:26 d2.utils.events]:  eta: 0:27:48  iter: 17899  total_loss: 7.462  loss_ce: 0.07151  loss_mask: 0.03893  loss_dice: 0.4994  loss_ce_0: 0.1424  loss_mask_0: 0.0484  loss_dice_0: 0.5193  loss_ce_1: 0.009059  loss_mask_1: 0.05295  loss_dice_1: 0.8359  loss_ce_2: 0.01231  loss_mask_2: 0.05235  loss_dice_2: 0.6712  loss_ce_3: 0.07171  loss_mask_3: 0.05267  loss_dice_3: 0.8224  loss_ce_4: 0.0912  loss_mask_4: 0.04427  loss_dice_4: 0.6439  loss_ce_5: 0.01694  loss_mask_5: 0.04725  loss_dice_5: 0.6124  loss_ce_6: 0.01562  loss_mask_6: 0.04337  loss_dice_6: 0.6658  loss_ce_7: 0.01456  loss_mask_7: 0.04768  loss_dice_7: 0.625  loss_ce_8: 0.0156  loss_mask_8: 0.05263  loss_dice_8: 0.6258    time: 0.8057  last_time: 0.7953  data_time: 0.1328  last_data_time: 0.1328   lr: 1.3491e-06  max_mem: 12316M
[03/19 04:28:42 d2.utils.events]:  eta: 0:27:32  iter: 17919  total_loss: 7.124  loss_ce: 0.04225  loss_mask: 0.03138  loss_dice: 0.6613  loss_ce_0: 0.2113  loss_mask_0: 0.04535  loss_dice_0: 0.728  loss_ce_1: 0.09681  loss_mask_1: 0.03775  loss_dice_1: 0.6438  loss_ce_2: 0.0419  loss_mask_2: 0.02706  loss_dice_2: 0.5627  loss_ce_3: 0.09201  loss_mask_3: 0.03936  loss_dice_3: 0.5221  loss_ce_4: 0.09774  loss_mask_4: 0.03457  loss_dice_4: 0.6487  loss_ce_5: 0.0386  loss_mask_5: 0.02713  loss_dice_5: 0.5826  loss_ce_6: 0.08703  loss_mask_6: 0.02928  loss_dice_6: 0.515  loss_ce_7: 0.03846  loss_mask_7: 0.02917  loss_dice_7: 0.5869  loss_ce_8: 0.03971  loss_mask_8: 0.03022  loss_dice_8: 0.5564    time: 0.8057  last_time: 0.7442  data_time: 0.0837  last_data_time: 0.0837   lr: 1.3238e-06  max_mem: 12316M
[03/19 04:28:58 d2.utils.events]:  eta: 0:27:16  iter: 17939  total_loss: 10.83  loss_ce: 0.05954  loss_mask: 0.03363  loss_dice: 1.02  loss_ce_0: 0.2144  loss_mask_0: 0.03276  loss_dice_0: 1.016  loss_ce_1: 0.08095  loss_mask_1: 0.03094  loss_dice_1: 0.7527  loss_ce_2: 0.05511  loss_mask_2: 0.03509  loss_dice_2: 1.007  loss_ce_3: 0.05482  loss_mask_3: 0.03047  loss_dice_3: 0.6565  loss_ce_4: 0.05846  loss_mask_4: 0.0355  loss_dice_4: 1.014  loss_ce_5: 0.06081  loss_mask_5: 0.03604  loss_dice_5: 1.081  loss_ce_6: 0.05903  loss_mask_6: 0.0411  loss_dice_6: 1.151  loss_ce_7: 0.05879  loss_mask_7: 0.0362  loss_dice_7: 1.185  loss_ce_8: 0.05697  loss_mask_8: 0.03041  loss_dice_8: 0.8406    time: 0.8057  last_time: 0.8248  data_time: 0.1599  last_data_time: 0.1599   lr: 1.2987e-06  max_mem: 12316M
[03/19 04:29:14 d2.utils.events]:  eta: 0:27:00  iter: 17959  total_loss: 3.74  loss_ce: 0.01026  loss_mask: 0.04412  loss_dice: 0.3211  loss_ce_0: 0.07184  loss_mask_0: 0.05691  loss_dice_0: 0.3668  loss_ce_1: 0.00976  loss_mask_1: 0.04918  loss_dice_1: 0.3232  loss_ce_2: 0.01369  loss_mask_2: 0.04661  loss_dice_2: 0.3006  loss_ce_3: 0.01371  loss_mask_3: 0.04618  loss_dice_3: 0.3044  loss_ce_4: 0.01243  loss_mask_4: 0.04141  loss_dice_4: 0.2808  loss_ce_5: 0.0127  loss_mask_5: 0.04385  loss_dice_5: 0.3091  loss_ce_6: 0.01265  loss_mask_6: 0.04415  loss_dice_6: 0.2807  loss_ce_7: 0.01153  loss_mask_7: 0.04254  loss_dice_7: 0.3067  loss_ce_8: 0.0114  loss_mask_8: 0.04687  loss_dice_8: 0.3053    time: 0.8057  last_time: 0.8288  data_time: 0.1617  last_data_time: 0.1617   lr: 1.2738e-06  max_mem: 12316M
[03/19 04:29:30 d2.utils.events]:  eta: 0:26:44  iter: 17979  total_loss: 4.66  loss_ce: 0.002878  loss_mask: 0.03009  loss_dice: 0.4271  loss_ce_0: 0.07814  loss_mask_0: 0.01645  loss_dice_0: 0.3121  loss_ce_1: 0.00602  loss_mask_1: 0.02254  loss_dice_1: 0.4364  loss_ce_2: 0.005041  loss_mask_2: 0.02504  loss_dice_2: 0.388  loss_ce_3: 0.00419  loss_mask_3: 0.02881  loss_dice_3: 0.4469  loss_ce_4: 0.003951  loss_mask_4: 0.02529  loss_dice_4: 0.4523  loss_ce_5: 0.003463  loss_mask_5: 0.02817  loss_dice_5: 0.4895  loss_ce_6: 0.003179  loss_mask_6: 0.02831  loss_dice_6: 0.4427  loss_ce_7: 0.002937  loss_mask_7: 0.02908  loss_dice_7: 0.4083  loss_ce_8: 0.002843  loss_mask_8: 0.03253  loss_dice_8: 0.4775    time: 0.8057  last_time: 0.7462  data_time: 0.0921  last_data_time: 0.0921   lr: 1.2492e-06  max_mem: 12316M
[03/19 04:29:46 d2.utils.events]:  eta: 0:26:27  iter: 17999  total_loss: 6.235  loss_ce: 0.005904  loss_mask: 0.02999  loss_dice: 0.4676  loss_ce_0: 0.1409  loss_mask_0: 0.03829  loss_dice_0: 0.6142  loss_ce_1: 0.0108  loss_mask_1: 0.03289  loss_dice_1: 0.5977  loss_ce_2: 0.00875  loss_mask_2: 0.03801  loss_dice_2: 0.6008  loss_ce_3: 0.005853  loss_mask_3: 0.03508  loss_dice_3: 0.5631  loss_ce_4: 0.006603  loss_mask_4: 0.03076  loss_dice_4: 0.4917  loss_ce_5: 0.006823  loss_mask_5: 0.03414  loss_dice_5: 0.5839  loss_ce_6: 0.00596  loss_mask_6: 0.03314  loss_dice_6: 0.5984  loss_ce_7: 0.005968  loss_mask_7: 0.03317  loss_dice_7: 0.5719  loss_ce_8: 0.006228  loss_mask_8: 0.03413  loss_dice_8: 0.6025    time: 0.8056  last_time: 0.7998  data_time: 0.1352  last_data_time: 0.1352   lr: 1.2248e-06  max_mem: 12316M
[03/19 04:30:03 d2.utils.events]:  eta: 0:26:11  iter: 18019  total_loss: 6.41  loss_ce: 0.01508  loss_mask: 0.02214  loss_dice: 0.6522  loss_ce_0: 0.1199  loss_mask_0: 0.02284  loss_dice_0: 0.6575  loss_ce_1: 0.06633  loss_mask_1: 0.02294  loss_dice_1: 0.7088  loss_ce_2: 0.0428  loss_mask_2: 0.02301  loss_dice_2: 0.5284  loss_ce_3: 0.03041  loss_mask_3: 0.02111  loss_dice_3: 0.5159  loss_ce_4: 0.01645  loss_mask_4: 0.02156  loss_dice_4: 0.4334  loss_ce_5: 0.01522  loss_mask_5: 0.02242  loss_dice_5: 0.542  loss_ce_6: 0.01486  loss_mask_6: 0.02082  loss_dice_6: 0.5869  loss_ce_7: 0.01556  loss_mask_7: 0.02285  loss_dice_7: 0.6375  loss_ce_8: 0.01333  loss_mask_8: 0.02258  loss_dice_8: 0.5752    time: 0.8056  last_time: 0.8171  data_time: 0.1483  last_data_time: 0.1483   lr: 1.2006e-06  max_mem: 12316M
[03/19 04:30:19 d2.utils.events]:  eta: 0:25:55  iter: 18039  total_loss: 5.131  loss_ce: 0.01536  loss_mask: 0.02599  loss_dice: 0.3936  loss_ce_0: 0.07729  loss_mask_0: 0.03239  loss_dice_0: 0.4335  loss_ce_1: 0.03311  loss_mask_1: 0.03161  loss_dice_1: 0.4574  loss_ce_2: 0.03898  loss_mask_2: 0.0301  loss_dice_2: 0.4147  loss_ce_3: 0.02362  loss_mask_3: 0.02817  loss_dice_3: 0.3634  loss_ce_4: 0.02174  loss_mask_4: 0.03108  loss_dice_4: 0.4022  loss_ce_5: 0.01561  loss_mask_5: 0.02745  loss_dice_5: 0.6476  loss_ce_6: 0.01372  loss_mask_6: 0.03138  loss_dice_6: 0.4561  loss_ce_7: 0.01347  loss_mask_7: 0.03051  loss_dice_7: 0.3782  loss_ce_8: 0.01467  loss_mask_8: 0.03019  loss_dice_8: 0.6179    time: 0.8056  last_time: 0.8088  data_time: 0.1496  last_data_time: 0.1496   lr: 1.1767e-06  max_mem: 12316M
[03/19 04:30:35 d2.utils.events]:  eta: 0:25:39  iter: 18059  total_loss: 12.82  loss_ce: 0.1875  loss_mask: 0.0762  loss_dice: 0.9624  loss_ce_0: 0.3135  loss_mask_0: 0.1677  loss_dice_0: 1.218  loss_ce_1: 0.1422  loss_mask_1: 0.09344  loss_dice_1: 0.9428  loss_ce_2: 0.1104  loss_mask_2: 0.09538  loss_dice_2: 1.01  loss_ce_3: 0.1652  loss_mask_3: 0.1086  loss_dice_3: 0.9603  loss_ce_4: 0.1589  loss_mask_4: 0.0877  loss_dice_4: 0.9809  loss_ce_5: 0.1295  loss_mask_5: 0.1087  loss_dice_5: 0.9931  loss_ce_6: 0.1882  loss_mask_6: 0.08714  loss_dice_6: 1.037  loss_ce_7: 0.1651  loss_mask_7: 0.08468  loss_dice_7: 0.9498  loss_ce_8: 0.1878  loss_mask_8: 0.0795  loss_dice_8: 1.023    time: 0.8056  last_time: 0.7802  data_time: 0.1212  last_data_time: 0.1212   lr: 1.153e-06  max_mem: 12316M
[03/19 04:30:51 d2.utils.events]:  eta: 0:25:23  iter: 18079  total_loss: 14.35  loss_ce: 0.1065  loss_mask: 0.0319  loss_dice: 1.047  loss_ce_0: 0.1445  loss_mask_0: 0.03466  loss_dice_0: 1.64  loss_ce_1: 0.1138  loss_mask_1: 0.03575  loss_dice_1: 0.9046  loss_ce_2: 0.03893  loss_mask_2: 0.04425  loss_dice_2: 1.514  loss_ce_3: 0.03129  loss_mask_3: 0.03563  loss_dice_3: 1.503  loss_ce_4: 0.1112  loss_mask_4: 0.03336  loss_dice_4: 1.083  loss_ce_5: 0.02842  loss_mask_5: 0.0396  loss_dice_5: 1.581  loss_ce_6: 0.03066  loss_mask_6: 0.03554  loss_dice_6: 1.525  loss_ce_7: 0.1003  loss_mask_7: 0.0369  loss_dice_7: 1.089  loss_ce_8: 0.1063  loss_mask_8: 0.04311  loss_dice_8: 1.28    time: 0.8056  last_time: 0.7940  data_time: 0.1425  last_data_time: 0.1425   lr: 1.1296e-06  max_mem: 12316M
[03/19 04:31:07 d2.utils.events]:  eta: 0:25:07  iter: 18099  total_loss: 7.531  loss_ce: 0.02898  loss_mask: 0.05576  loss_dice: 0.5215  loss_ce_0: 0.1443  loss_mask_0: 0.06718  loss_dice_0: 0.8699  loss_ce_1: 0.03773  loss_mask_1: 0.0495  loss_dice_1: 0.4853  loss_ce_2: 0.02112  loss_mask_2: 0.05135  loss_dice_2: 0.8285  loss_ce_3: 0.03741  loss_mask_3: 0.05274  loss_dice_3: 0.5958  loss_ce_4: 0.03228  loss_mask_4: 0.05425  loss_dice_4: 0.9087  loss_ce_5: 0.032  loss_mask_5: 0.0562  loss_dice_5: 0.4814  loss_ce_6: 0.02761  loss_mask_6: 0.05743  loss_dice_6: 0.4875  loss_ce_7: 0.0291  loss_mask_7: 0.05787  loss_dice_7: 0.764  loss_ce_8: 0.02759  loss_mask_8: 0.05834  loss_dice_8: 0.6098    time: 0.8056  last_time: 0.8106  data_time: 0.1387  last_data_time: 0.1387   lr: 1.1063e-06  max_mem: 12316M
[03/19 04:31:23 d2.utils.events]:  eta: 0:24:51  iter: 18119  total_loss: 6.431  loss_ce: 0.004095  loss_mask: 0.03552  loss_dice: 0.5922  loss_ce_0: 0.1494  loss_mask_0: 0.03918  loss_dice_0: 0.598  loss_ce_1: 0.00705  loss_mask_1: 0.03955  loss_dice_1: 0.5985  loss_ce_2: 0.004922  loss_mask_2: 0.04128  loss_dice_2: 0.6311  loss_ce_3: 0.004444  loss_mask_3: 0.03991  loss_dice_3: 0.5819  loss_ce_4: 0.005012  loss_mask_4: 0.0338  loss_dice_4: 0.5107  loss_ce_5: 0.00449  loss_mask_5: 0.03661  loss_dice_5: 0.5699  loss_ce_6: 0.004074  loss_mask_6: 0.04  loss_dice_6: 0.6377  loss_ce_7: 0.003877  loss_mask_7: 0.03868  loss_dice_7: 0.5541  loss_ce_8: 0.004277  loss_mask_8: 0.0373  loss_dice_8: 0.5833    time: 0.8056  last_time: 1.0002  data_time: 0.2579  last_data_time: 0.2579   lr: 1.0833e-06  max_mem: 12316M
[03/19 04:31:39 d2.utils.events]:  eta: 0:24:34  iter: 18139  total_loss: 7.927  loss_ce: 0.04691  loss_mask: 0.04297  loss_dice: 0.4441  loss_ce_0: 0.1582  loss_mask_0: 0.05642  loss_dice_0: 0.6635  loss_ce_1: 0.1519  loss_mask_1: 0.04317  loss_dice_1: 0.6819  loss_ce_2: 0.04511  loss_mask_2: 0.04082  loss_dice_2: 0.7778  loss_ce_3: 0.01564  loss_mask_3: 0.104  loss_dice_3: 0.8989  loss_ce_4: 0.05302  loss_mask_4: 0.04062  loss_dice_4: 0.7028  loss_ce_5: 0.04551  loss_mask_5: 0.04232  loss_dice_5: 0.4176  loss_ce_6: 0.04499  loss_mask_6: 0.04027  loss_dice_6: 0.751  loss_ce_7: 0.04509  loss_mask_7: 0.03897  loss_dice_7: 0.7038  loss_ce_8: 0.04374  loss_mask_8: 0.03886  loss_dice_8: 0.7472    time: 0.8056  last_time: 0.8486  data_time: 0.1831  last_data_time: 0.1831   lr: 1.0606e-06  max_mem: 12316M
[03/19 04:31:56 d2.utils.events]:  eta: 0:24:18  iter: 18159  total_loss: 5.305  loss_ce: 0.01864  loss_mask: 0.04144  loss_dice: 0.4788  loss_ce_0: 0.088  loss_mask_0: 0.03976  loss_dice_0: 0.4719  loss_ce_1: 0.02761  loss_mask_1: 0.03855  loss_dice_1: 0.4533  loss_ce_2: 0.02519  loss_mask_2: 0.04066  loss_dice_2: 0.4549  loss_ce_3: 0.0229  loss_mask_3: 0.04043  loss_dice_3: 0.4448  loss_ce_4: 0.02105  loss_mask_4: 0.03762  loss_dice_4: 0.4621  loss_ce_5: 0.01847  loss_mask_5: 0.04176  loss_dice_5: 0.4818  loss_ce_6: 0.01912  loss_mask_6: 0.04178  loss_dice_6: 0.4428  loss_ce_7: 0.02005  loss_mask_7: 0.04393  loss_dice_7: 0.4697  loss_ce_8: 0.01807  loss_mask_8: 0.0378  loss_dice_8: 0.4626    time: 0.8056  last_time: 0.9423  data_time: 0.2716  last_data_time: 0.2716   lr: 1.0381e-06  max_mem: 12316M
[03/19 04:32:12 d2.utils.events]:  eta: 0:24:01  iter: 18179  total_loss: 5.713  loss_ce: 0.009158  loss_mask: 0.03817  loss_dice: 0.4958  loss_ce_0: 0.09124  loss_mask_0: 0.0398  loss_dice_0: 0.4881  loss_ce_1: 0.007977  loss_mask_1: 0.03552  loss_dice_1: 0.4844  loss_ce_2: 0.06469  loss_mask_2: 0.04074  loss_dice_2: 0.5333  loss_ce_3: 0.01129  loss_mask_3: 0.03288  loss_dice_3: 0.3676  loss_ce_4: 0.01056  loss_mask_4: 0.04014  loss_dice_4: 0.6577  loss_ce_5: 0.01078  loss_mask_5: 0.0354  loss_dice_5: 0.6305  loss_ce_6: 0.01035  loss_mask_6: 0.03573  loss_dice_6: 0.4856  loss_ce_7: 0.01009  loss_mask_7: 0.03504  loss_dice_7: 0.5444  loss_ce_8: 0.01032  loss_mask_8: 0.03423  loss_dice_8: 0.4215    time: 0.8056  last_time: 0.7722  data_time: 0.1154  last_data_time: 0.1154   lr: 1.0158e-06  max_mem: 12316M
[03/19 04:32:28 d2.utils.events]:  eta: 0:23:45  iter: 18199  total_loss: 12.35  loss_ce: 0.1522  loss_mask: 0.0631  loss_dice: 0.9156  loss_ce_0: 0.3052  loss_mask_0: 0.0796  loss_dice_0: 1.087  loss_ce_1: 0.1497  loss_mask_1: 0.07448  loss_dice_1: 1.274  loss_ce_2: 0.193  loss_mask_2: 0.06005  loss_dice_2: 1.077  loss_ce_3: 0.1083  loss_mask_3: 0.0615  loss_dice_3: 1.078  loss_ce_4: 0.1471  loss_mask_4: 0.05539  loss_dice_4: 0.9925  loss_ce_5: 0.1839  loss_mask_5: 0.0517  loss_dice_5: 0.9918  loss_ce_6: 0.1445  loss_mask_6: 0.06509  loss_dice_6: 0.7863  loss_ce_7: 0.1201  loss_mask_7: 0.06447  loss_dice_7: 0.8882  loss_ce_8: 0.1684  loss_mask_8: 0.05963  loss_dice_8: 0.9493    time: 0.8056  last_time: 0.8232  data_time: 0.1588  last_data_time: 0.1588   lr: 9.9375e-07  max_mem: 12316M
[03/19 04:32:44 d2.utils.events]:  eta: 0:23:28  iter: 18219  total_loss: 5.113  loss_ce: 0.02507  loss_mask: 0.03518  loss_dice: 0.4853  loss_ce_0: 0.1613  loss_mask_0: 0.04551  loss_dice_0: 0.5225  loss_ce_1: 0.05325  loss_mask_1: 0.03632  loss_dice_1: 0.3961  loss_ce_2: 0.06407  loss_mask_2: 0.03373  loss_dice_2: 0.4354  loss_ce_3: 0.02329  loss_mask_3: 0.04378  loss_dice_3: 0.4427  loss_ce_4: 0.02122  loss_mask_4: 0.0357  loss_dice_4: 0.4025  loss_ce_5: 0.02246  loss_mask_5: 0.03749  loss_dice_5: 0.3978  loss_ce_6: 0.01971  loss_mask_6: 0.03813  loss_dice_6: 0.3627  loss_ce_7: 0.02435  loss_mask_7: 0.03897  loss_dice_7: 0.4256  loss_ce_8: 0.02635  loss_mask_8: 0.03503  loss_dice_8: 0.4211    time: 0.8056  last_time: 1.0374  data_time: 0.3518  last_data_time: 0.3518   lr: 9.7195e-07  max_mem: 12316M
[03/19 04:33:00 d2.utils.events]:  eta: 0:23:11  iter: 18239  total_loss: 4.813  loss_ce: 0.01673  loss_mask: 0.03045  loss_dice: 0.4518  loss_ce_0: 0.07727  loss_mask_0: 0.04155  loss_dice_0: 0.5144  loss_ce_1: 0.01067  loss_mask_1: 0.03019  loss_dice_1: 0.4212  loss_ce_2: 0.0187  loss_mask_2: 0.03196  loss_dice_2: 0.3922  loss_ce_3: 0.01929  loss_mask_3: 0.033  loss_dice_3: 0.4398  loss_ce_4: 0.02101  loss_mask_4: 0.03603  loss_dice_4: 0.4841  loss_ce_5: 0.01848  loss_mask_5: 0.03269  loss_dice_5: 0.401  loss_ce_6: 0.01745  loss_mask_6: 0.02903  loss_dice_6: 0.4145  loss_ce_7: 0.01791  loss_mask_7: 0.02794  loss_dice_7: 0.3377  loss_ce_8: 0.01599  loss_mask_8: 0.02968  loss_dice_8: 0.4001    time: 0.8055  last_time: 0.7714  data_time: 0.1080  last_data_time: 0.1080   lr: 9.5038e-07  max_mem: 12316M
[03/19 04:33:16 d2.utils.events]:  eta: 0:22:55  iter: 18259  total_loss: 5.239  loss_ce: 0.003973  loss_mask: 0.03164  loss_dice: 0.4432  loss_ce_0: 0.08204  loss_mask_0: 0.03995  loss_dice_0: 0.5101  loss_ce_1: 0.005257  loss_mask_1: 0.02889  loss_dice_1: 0.5063  loss_ce_2: 0.004658  loss_mask_2: 0.03159  loss_dice_2: 0.4505  loss_ce_3: 0.003642  loss_mask_3: 0.0287  loss_dice_3: 0.4519  loss_ce_4: 0.003476  loss_mask_4: 0.03091  loss_dice_4: 0.4949  loss_ce_5: 0.004428  loss_mask_5: 0.02721  loss_dice_5: 0.4576  loss_ce_6: 0.004731  loss_mask_6: 0.03244  loss_dice_6: 0.4625  loss_ce_7: 0.004558  loss_mask_7: 0.02945  loss_dice_7: 0.52  loss_ce_8: 0.004334  loss_mask_8: 0.03321  loss_dice_8: 0.5064    time: 0.8055  last_time: 0.7318  data_time: 0.0760  last_data_time: 0.0760   lr: 9.2905e-07  max_mem: 12316M
[03/19 04:33:32 d2.utils.events]:  eta: 0:22:39  iter: 18279  total_loss: 6.256  loss_ce: 0.008161  loss_mask: 0.0333  loss_dice: 0.651  loss_ce_0: 0.1245  loss_mask_0: 0.0311  loss_dice_0: 0.7826  loss_ce_1: 0.008709  loss_mask_1: 0.02587  loss_dice_1: 0.5433  loss_ce_2: 0.007345  loss_mask_2: 0.02989  loss_dice_2: 0.525  loss_ce_3: 0.006895  loss_mask_3: 0.03352  loss_dice_3: 0.5152  loss_ce_4: 0.007422  loss_mask_4: 0.02996  loss_dice_4: 0.4892  loss_ce_5: 0.008995  loss_mask_5: 0.02968  loss_dice_5: 0.478  loss_ce_6: 0.008373  loss_mask_6: 0.03325  loss_dice_6: 0.5965  loss_ce_7: 0.009344  loss_mask_7: 0.03479  loss_dice_7: 0.6318  loss_ce_8: 0.009464  loss_mask_8: 0.03558  loss_dice_8: 0.527    time: 0.8055  last_time: 0.7676  data_time: 0.1130  last_data_time: 0.1130   lr: 9.0796e-07  max_mem: 12316M
[03/19 04:33:48 d2.utils.events]:  eta: 0:22:22  iter: 18299  total_loss: 9.493  loss_ce: 0.008116  loss_mask: 0.07277  loss_dice: 0.8224  loss_ce_0: 0.1878  loss_mask_0: 0.1127  loss_dice_0: 1.106  loss_ce_1: 0.01362  loss_mask_1: 0.08245  loss_dice_1: 0.8088  loss_ce_2: 0.009845  loss_mask_2: 0.08147  loss_dice_2: 0.786  loss_ce_3: 0.008814  loss_mask_3: 0.08139  loss_dice_3: 0.8888  loss_ce_4: 0.007356  loss_mask_4: 0.09004  loss_dice_4: 0.8136  loss_ce_5: 0.008109  loss_mask_5: 0.07794  loss_dice_5: 0.7554  loss_ce_6: 0.007983  loss_mask_6: 0.07489  loss_dice_6: 0.8335  loss_ce_7: 0.007799  loss_mask_7: 0.07045  loss_dice_7: 0.8238  loss_ce_8: 0.007026  loss_mask_8: 0.07483  loss_dice_8: 0.7699    time: 0.8055  last_time: 0.7959  data_time: 0.1378  last_data_time: 0.1378   lr: 8.871e-07  max_mem: 12316M
[03/19 04:34:04 d2.utils.events]:  eta: 0:22:06  iter: 18319  total_loss: 7.401  loss_ce: 0.03216  loss_mask: 0.04498  loss_dice: 0.483  loss_ce_0: 0.1385  loss_mask_0: 0.04799  loss_dice_0: 0.6117  loss_ce_1: 0.09413  loss_mask_1: 0.04609  loss_dice_1: 0.5159  loss_ce_2: 0.04479  loss_mask_2: 0.03985  loss_dice_2: 1.038  loss_ce_3: 0.06126  loss_mask_3: 0.04082  loss_dice_3: 0.5333  loss_ce_4: 0.06593  loss_mask_4: 0.03737  loss_dice_4: 0.572  loss_ce_5: 0.06406  loss_mask_5: 0.04187  loss_dice_5: 0.5115  loss_ce_6: 0.03571  loss_mask_6: 0.04248  loss_dice_6: 0.6766  loss_ce_7: 0.03213  loss_mask_7: 0.04332  loss_dice_7: 0.6293  loss_ce_8: 0.05379  loss_mask_8: 0.04718  loss_dice_8: 0.7754    time: 0.8055  last_time: 0.9747  data_time: 0.3157  last_data_time: 0.3157   lr: 8.6648e-07  max_mem: 12316M
[03/19 04:34:20 d2.utils.events]:  eta: 0:21:50  iter: 18339  total_loss: 7.427  loss_ce: 0.02237  loss_mask: 0.0405  loss_dice: 0.5751  loss_ce_0: 0.2023  loss_mask_0: 0.04656  loss_dice_0: 0.8809  loss_ce_1: 0.02522  loss_mask_1: 0.04246  loss_dice_1: 0.6026  loss_ce_2: 0.02361  loss_mask_2: 0.04505  loss_dice_2: 0.6473  loss_ce_3: 0.0273  loss_mask_3: 0.04374  loss_dice_3: 0.6893  loss_ce_4: 0.02919  loss_mask_4: 0.04658  loss_dice_4: 0.6857  loss_ce_5: 0.02538  loss_mask_5: 0.04095  loss_dice_5: 0.617  loss_ce_6: 0.01971  loss_mask_6: 0.04164  loss_dice_6: 0.6057  loss_ce_7: 0.01986  loss_mask_7: 0.04592  loss_dice_7: 0.6843  loss_ce_8: 0.02296  loss_mask_8: 0.03805  loss_dice_8: 0.5896    time: 0.8054  last_time: 0.7975  data_time: 0.1308  last_data_time: 0.1308   lr: 8.461e-07  max_mem: 12316M
[03/19 04:34:36 d2.utils.events]:  eta: 0:21:33  iter: 18359  total_loss: 6.98  loss_ce: 0.005393  loss_mask: 0.06704  loss_dice: 0.5563  loss_ce_0: 0.08528  loss_mask_0: 0.08815  loss_dice_0: 0.6884  loss_ce_1: 0.008989  loss_mask_1: 0.07313  loss_dice_1: 0.6173  loss_ce_2: 0.006501  loss_mask_2: 0.05586  loss_dice_2: 0.593  loss_ce_3: 0.006441  loss_mask_3: 0.07094  loss_dice_3: 0.5998  loss_ce_4: 0.005712  loss_mask_4: 0.06809  loss_dice_4: 0.6089  loss_ce_5: 0.006252  loss_mask_5: 0.06561  loss_dice_5: 0.6581  loss_ce_6: 0.005904  loss_mask_6: 0.0686  loss_dice_6: 0.623  loss_ce_7: 0.005285  loss_mask_7: 0.07084  loss_dice_7: 0.5899  loss_ce_8: 0.005323  loss_mask_8: 0.06607  loss_dice_8: 0.6102    time: 0.8054  last_time: 0.8455  data_time: 0.1950  last_data_time: 0.1950   lr: 8.2596e-07  max_mem: 12316M
[03/19 04:34:52 d2.utils.events]:  eta: 0:21:17  iter: 18379  total_loss: 7.482  loss_ce: 0.01608  loss_mask: 0.03901  loss_dice: 0.5439  loss_ce_0: 0.1733  loss_mask_0: 0.0563  loss_dice_0: 0.973  loss_ce_1: 0.02317  loss_mask_1: 0.0435  loss_dice_1: 0.6043  loss_ce_2: 0.02614  loss_mask_2: 0.0457  loss_dice_2: 0.7695  loss_ce_3: 0.01699  loss_mask_3: 0.03573  loss_dice_3: 0.562  loss_ce_4: 0.01503  loss_mask_4: 0.04289  loss_dice_4: 0.7216  loss_ce_5: 0.01935  loss_mask_5: 0.03983  loss_dice_5: 0.6197  loss_ce_6: 0.0146  loss_mask_6: 0.04555  loss_dice_6: 0.6612  loss_ce_7: 0.01688  loss_mask_7: 0.04223  loss_dice_7: 0.5757  loss_ce_8: 0.01629  loss_mask_8: 0.04071  loss_dice_8: 0.6816    time: 0.8054  last_time: 0.7921  data_time: 0.1248  last_data_time: 0.1248   lr: 8.0606e-07  max_mem: 12316M
[03/19 04:35:08 d2.utils.events]:  eta: 0:21:00  iter: 18399  total_loss: 5.76  loss_ce: 0.06681  loss_mask: 0.03135  loss_dice: 0.4721  loss_ce_0: 0.1613  loss_mask_0: 0.03593  loss_dice_0: 0.5788  loss_ce_1: 0.04242  loss_mask_1: 0.02501  loss_dice_1: 0.4131  loss_ce_2: 0.0168  loss_mask_2: 0.0328  loss_dice_2: 0.5035  loss_ce_3: 0.07073  loss_mask_3: 0.02859  loss_dice_3: 0.5112  loss_ce_4: 0.03152  loss_mask_4: 0.02899  loss_dice_4: 0.4176  loss_ce_5: 0.01335  loss_mask_5: 0.03256  loss_dice_5: 0.6765  loss_ce_6: 0.0683  loss_mask_6: 0.02674  loss_dice_6: 0.3246  loss_ce_7: 0.07736  loss_mask_7: 0.03394  loss_dice_7: 0.4756  loss_ce_8: 0.0206  loss_mask_8: 0.03335  loss_dice_8: 0.5084    time: 0.8054  last_time: 0.8031  data_time: 0.1301  last_data_time: 0.1301   lr: 7.864e-07  max_mem: 12316M
[03/19 04:35:24 d2.utils.events]:  eta: 0:20:44  iter: 18419  total_loss: 6.248  loss_ce: 0.01436  loss_mask: 0.05133  loss_dice: 0.5363  loss_ce_0: 0.1869  loss_mask_0: 0.07966  loss_dice_0: 0.6032  loss_ce_1: 0.01582  loss_mask_1: 0.06398  loss_dice_1: 0.5572  loss_ce_2: 0.01669  loss_mask_2: 0.05154  loss_dice_2: 0.523  loss_ce_3: 0.01332  loss_mask_3: 0.05133  loss_dice_3: 0.5782  loss_ce_4: 0.01316  loss_mask_4: 0.0506  loss_dice_4: 0.5338  loss_ce_5: 0.01388  loss_mask_5: 0.0434  loss_dice_5: 0.5243  loss_ce_6: 0.01313  loss_mask_6: 0.04362  loss_dice_6: 0.4842  loss_ce_7: 0.01314  loss_mask_7: 0.04793  loss_dice_7: 0.5159  loss_ce_8: 0.01324  loss_mask_8: 0.05163  loss_dice_8: 0.5436    time: 0.8054  last_time: 0.9030  data_time: 0.1312  last_data_time: 0.1312   lr: 7.6697e-07  max_mem: 12316M
[03/19 04:35:40 d2.utils.events]:  eta: 0:20:28  iter: 18439  total_loss: 6.813  loss_ce: 0.0115  loss_mask: 0.02538  loss_dice: 0.6591  loss_ce_0: 0.1082  loss_mask_0: 0.0396  loss_dice_0: 0.7175  loss_ce_1: 0.01798  loss_mask_1: 0.02745  loss_dice_1: 0.565  loss_ce_2: 0.01363  loss_mask_2: 0.02846  loss_dice_2: 0.5722  loss_ce_3: 0.01249  loss_mask_3: 0.02891  loss_dice_3: 0.6137  loss_ce_4: 0.01185  loss_mask_4: 0.02939  loss_dice_4: 0.6791  loss_ce_5: 0.01151  loss_mask_5: 0.03315  loss_dice_5: 0.7153  loss_ce_6: 0.01236  loss_mask_6: 0.02689  loss_dice_6: 0.5675  loss_ce_7: 0.01229  loss_mask_7: 0.02799  loss_dice_7: 0.6233  loss_ce_8: 0.01271  loss_mask_8: 0.03076  loss_dice_8: 0.578    time: 0.8053  last_time: 0.7459  data_time: 0.0863  last_data_time: 0.0863   lr: 7.4779e-07  max_mem: 12316M
[03/19 04:35:56 d2.utils.events]:  eta: 0:20:11  iter: 18459  total_loss: 10.2  loss_ce: 0.03563  loss_mask: 0.04246  loss_dice: 0.9451  loss_ce_0: 0.1249  loss_mask_0: 0.04475  loss_dice_0: 0.9627  loss_ce_1: 0.03586  loss_mask_1: 0.03889  loss_dice_1: 0.7868  loss_ce_2: 0.04152  loss_mask_2: 0.04782  loss_dice_2: 0.9502  loss_ce_3: 0.04017  loss_mask_3: 0.04354  loss_dice_3: 1.021  loss_ce_4: 0.03512  loss_mask_4: 0.04093  loss_dice_4: 0.9426  loss_ce_5: 0.03535  loss_mask_5: 0.04218  loss_dice_5: 0.94  loss_ce_6: 0.0944  loss_mask_6: 0.04811  loss_dice_6: 0.8533  loss_ce_7: 0.03636  loss_mask_7: 0.04141  loss_dice_7: 0.9419  loss_ce_8: 0.03613  loss_mask_8: 0.04113  loss_dice_8: 0.9125    time: 0.8053  last_time: 0.8007  data_time: 0.1331  last_data_time: 0.1331   lr: 7.2884e-07  max_mem: 12316M
[03/19 04:36:12 d2.utils.events]:  eta: 0:19:55  iter: 18479  total_loss: 15.7  loss_ce: 0.0879  loss_mask: 0.03676  loss_dice: 1.315  loss_ce_0: 0.1473  loss_mask_0: 0.05735  loss_dice_0: 1.629  loss_ce_1: 0.1361  loss_mask_1: 0.04589  loss_dice_1: 1.55  loss_ce_2: 0.1034  loss_mask_2: 0.04106  loss_dice_2: 1.52  loss_ce_3: 0.1091  loss_mask_3: 0.03652  loss_dice_3: 1.275  loss_ce_4: 0.1077  loss_mask_4: 0.04402  loss_dice_4: 1.342  loss_ce_5: 0.1039  loss_mask_5: 0.03353  loss_dice_5: 1.283  loss_ce_6: 0.0909  loss_mask_6: 0.05233  loss_dice_6: 1.417  loss_ce_7: 0.09406  loss_mask_7: 0.04229  loss_dice_7: 1.487  loss_ce_8: 0.09652  loss_mask_8: 0.03723  loss_dice_8: 1.379    time: 0.8053  last_time: 0.7854  data_time: 0.1297  last_data_time: 0.1297   lr: 7.1014e-07  max_mem: 12316M
[03/19 04:36:28 d2.utils.events]:  eta: 0:19:40  iter: 18499  total_loss: 7.216  loss_ce: 0.03943  loss_mask: 0.04523  loss_dice: 0.5814  loss_ce_0: 0.1665  loss_mask_0: 0.055  loss_dice_0: 0.6529  loss_ce_1: 0.08412  loss_mask_1: 0.04422  loss_dice_1: 0.6166  loss_ce_2: 0.07898  loss_mask_2: 0.03847  loss_dice_2: 0.4897  loss_ce_3: 0.1006  loss_mask_3: 0.04237  loss_dice_3: 0.7366  loss_ce_4: 0.07399  loss_mask_4: 0.04102  loss_dice_4: 0.5231  loss_ce_5: 0.07873  loss_mask_5: 0.04287  loss_dice_5: 0.579  loss_ce_6: 0.03767  loss_mask_6: 0.04813  loss_dice_6: 0.6514  loss_ce_7: 0.0405  loss_mask_7: 0.04309  loss_dice_7: 0.5967  loss_ce_8: 0.02775  loss_mask_8: 0.04029  loss_dice_8: 0.6198    time: 0.8053  last_time: 0.8318  data_time: 0.1650  last_data_time: 0.1650   lr: 6.9167e-07  max_mem: 12316M
[03/19 04:36:44 d2.utils.events]:  eta: 0:19:24  iter: 18519  total_loss: 6.421  loss_ce: 0.01346  loss_mask: 0.03246  loss_dice: 0.6236  loss_ce_0: 0.1014  loss_mask_0: 0.03502  loss_dice_0: 0.5528  loss_ce_1: 0.08664  loss_mask_1: 0.03239  loss_dice_1: 0.5263  loss_ce_2: 0.01747  loss_mask_2: 0.03745  loss_dice_2: 0.6219  loss_ce_3: 0.01455  loss_mask_3: 0.03592  loss_dice_3: 0.5515  loss_ce_4: 0.01535  loss_mask_4: 0.03836  loss_dice_4: 0.6696  loss_ce_5: 0.01296  loss_mask_5: 0.03523  loss_dice_5: 0.5872  loss_ce_6: 0.01517  loss_mask_6: 0.03343  loss_dice_6: 0.5266  loss_ce_7: 0.01588  loss_mask_7: 0.03404  loss_dice_7: 0.5076  loss_ce_8: 0.01315  loss_mask_8: 0.03345  loss_dice_8: 0.5998    time: 0.8053  last_time: 0.8069  data_time: 0.1303  last_data_time: 0.1303   lr: 6.7344e-07  max_mem: 12316M
[03/19 04:37:00 d2.utils.events]:  eta: 0:19:08  iter: 18539  total_loss: 6.081  loss_ce: 0.01024  loss_mask: 0.03352  loss_dice: 0.5503  loss_ce_0: 0.09979  loss_mask_0: 0.03758  loss_dice_0: 0.6009  loss_ce_1: 0.01256  loss_mask_1: 0.02908  loss_dice_1: 0.5626  loss_ce_2: 0.01437  loss_mask_2: 0.03923  loss_dice_2: 0.6753  loss_ce_3: 0.01075  loss_mask_3: 0.03759  loss_dice_3: 0.4918  loss_ce_4: 0.009512  loss_mask_4: 0.03577  loss_dice_4: 0.6037  loss_ce_5: 0.009504  loss_mask_5: 0.0362  loss_dice_5: 0.5631  loss_ce_6: 0.01084  loss_mask_6: 0.03619  loss_dice_6: 0.5469  loss_ce_7: 0.01058  loss_mask_7: 0.03067  loss_dice_7: 0.4943  loss_ce_8: 0.01026  loss_mask_8: 0.03097  loss_dice_8: 0.4469    time: 0.8053  last_time: 0.7995  data_time: 0.1289  last_data_time: 0.1289   lr: 6.5546e-07  max_mem: 12316M
[03/19 04:37:16 d2.utils.events]:  eta: 0:18:52  iter: 18559  total_loss: 6.711  loss_ce: 0.01263  loss_mask: 0.02451  loss_dice: 0.5671  loss_ce_0: 0.1324  loss_mask_0: 0.02557  loss_dice_0: 0.6911  loss_ce_1: 0.01489  loss_mask_1: 0.02808  loss_dice_1: 0.7184  loss_ce_2: 0.0202  loss_mask_2: 0.02203  loss_dice_2: 0.4914  loss_ce_3: 0.01516  loss_mask_3: 0.02148  loss_dice_3: 0.526  loss_ce_4: 0.01349  loss_mask_4: 0.02324  loss_dice_4: 0.6587  loss_ce_5: 0.01329  loss_mask_5: 0.02845  loss_dice_5: 0.7368  loss_ce_6: 0.01231  loss_mask_6: 0.02141  loss_dice_6: 0.6468  loss_ce_7: 0.0132  loss_mask_7: 0.02388  loss_dice_7: 0.5949  loss_ce_8: 0.0129  loss_mask_8: 0.02019  loss_dice_8: 0.5807    time: 0.8053  last_time: 0.7753  data_time: 0.1202  last_data_time: 0.1202   lr: 6.3771e-07  max_mem: 12316M
[03/19 04:37:32 d2.utils.events]:  eta: 0:18:37  iter: 18579  total_loss: 10.16  loss_ce: 0.01539  loss_mask: 0.0504  loss_dice: 0.8568  loss_ce_0: 0.1915  loss_mask_0: 0.04794  loss_dice_0: 0.9314  loss_ce_1: 0.07102  loss_mask_1: 0.04918  loss_dice_1: 0.9541  loss_ce_2: 0.04332  loss_mask_2: 0.04425  loss_dice_2: 0.837  loss_ce_3: 0.0201  loss_mask_3: 0.05095  loss_dice_3: 0.9238  loss_ce_4: 0.06357  loss_mask_4: 0.03594  loss_dice_4: 0.8152  loss_ce_5: 0.07205  loss_mask_5: 0.05025  loss_dice_5: 0.9579  loss_ce_6: 0.01918  loss_mask_6: 0.05087  loss_dice_6: 0.9078  loss_ce_7: 0.04901  loss_mask_7: 0.04674  loss_dice_7: 0.8332  loss_ce_8: 0.01665  loss_mask_8: 0.05878  loss_dice_8: 1.093    time: 0.8053  last_time: 0.8120  data_time: 0.1495  last_data_time: 0.1495   lr: 6.202e-07  max_mem: 12316M
[03/19 04:37:48 d2.utils.events]:  eta: 0:18:21  iter: 18599  total_loss: 9.094  loss_ce: 0.08329  loss_mask: 0.02899  loss_dice: 0.598  loss_ce_0: 0.3027  loss_mask_0: 0.03561  loss_dice_0: 1.088  loss_ce_1: 0.04447  loss_mask_1: 0.03582  loss_dice_1: 0.7767  loss_ce_2: 0.03764  loss_mask_2: 0.04589  loss_dice_2: 1.011  loss_ce_3: 0.08992  loss_mask_3: 0.03194  loss_dice_3: 0.7615  loss_ce_4: 0.08855  loss_mask_4: 0.0256  loss_dice_4: 0.7679  loss_ce_5: 0.01365  loss_mask_5: 0.02436  loss_dice_5: 0.7206  loss_ce_6: 0.06234  loss_mask_6: 0.02833  loss_dice_6: 0.8587  loss_ce_7: 0.06941  loss_mask_7: 0.02285  loss_dice_7: 0.6123  loss_ce_8: 0.01025  loss_mask_8: 0.02819  loss_dice_8: 0.7891    time: 0.8052  last_time: 0.7923  data_time: 0.1326  last_data_time: 0.1326   lr: 6.0294e-07  max_mem: 12316M
[03/19 04:38:04 d2.utils.events]:  eta: 0:18:04  iter: 18619  total_loss: 7.378  loss_ce: 0.0102  loss_mask: 0.03645  loss_dice: 0.5919  loss_ce_0: 0.149  loss_mask_0: 0.04178  loss_dice_0: 0.8034  loss_ce_1: 0.07282  loss_mask_1: 0.05339  loss_dice_1: 0.7397  loss_ce_2: 0.01003  loss_mask_2: 0.04279  loss_dice_2: 0.7933  loss_ce_3: 0.01109  loss_mask_3: 0.03685  loss_dice_3: 0.6536  loss_ce_4: 0.008379  loss_mask_4: 0.04051  loss_dice_4: 0.6261  loss_ce_5: 0.007734  loss_mask_5: 0.03814  loss_dice_5: 0.6524  loss_ce_6: 0.00949  loss_mask_6: 0.03915  loss_dice_6: 0.634  loss_ce_7: 0.0105  loss_mask_7: 0.0412  loss_dice_7: 0.6094  loss_ce_8: 0.009552  loss_mask_8: 0.03778  loss_dice_8: 0.5675    time: 0.8052  last_time: 0.8191  data_time: 0.1487  last_data_time: 0.1487   lr: 5.8591e-07  max_mem: 12316M
[03/19 04:38:21 d2.utils.events]:  eta: 0:17:49  iter: 18639  total_loss: 8.711  loss_ce: 0.1589  loss_mask: 0.04785  loss_dice: 0.5963  loss_ce_0: 0.1476  loss_mask_0: 0.04839  loss_dice_0: 0.7586  loss_ce_1: 0.111  loss_mask_1: 0.04172  loss_dice_1: 0.6343  loss_ce_2: 0.06676  loss_mask_2: 0.05097  loss_dice_2: 0.6615  loss_ce_3: 0.0974  loss_mask_3: 0.06793  loss_dice_3: 1.037  loss_ce_4: 0.121  loss_mask_4: 0.04457  loss_dice_4: 0.6916  loss_ce_5: 0.1119  loss_mask_5: 0.03881  loss_dice_5: 0.6383  loss_ce_6: 0.1099  loss_mask_6: 0.04913  loss_dice_6: 0.7287  loss_ce_7: 0.08014  loss_mask_7: 0.04651  loss_dice_7: 0.6466  loss_ce_8: 0.0702  loss_mask_8: 0.04785  loss_dice_8: 0.76    time: 0.8052  last_time: 0.8086  data_time: 0.1247  last_data_time: 0.1247   lr: 5.6913e-07  max_mem: 12316M
[03/19 04:38:37 d2.utils.events]:  eta: 0:17:33  iter: 18659  total_loss: 5.224  loss_ce: 0.006312  loss_mask: 0.0412  loss_dice: 0.4755  loss_ce_0: 0.07489  loss_mask_0: 0.03466  loss_dice_0: 0.4704  loss_ce_1: 0.0065  loss_mask_1: 0.03312  loss_dice_1: 0.4796  loss_ce_2: 0.007109  loss_mask_2: 0.03315  loss_dice_2: 0.4252  loss_ce_3: 0.01007  loss_mask_3: 0.04121  loss_dice_3: 0.4819  loss_ce_4: 0.007951  loss_mask_4: 0.03771  loss_dice_4: 0.4942  loss_ce_5: 0.005677  loss_mask_5: 0.04195  loss_dice_5: 0.5885  loss_ce_6: 0.005129  loss_mask_6: 0.03821  loss_dice_6: 0.4446  loss_ce_7: 0.005857  loss_mask_7: 0.03629  loss_dice_7: 0.4514  loss_ce_8: 0.006033  loss_mask_8: 0.0298  loss_dice_8: 0.4103    time: 0.8052  last_time: 0.8358  data_time: 0.1537  last_data_time: 0.1537   lr: 5.5259e-07  max_mem: 12316M
[03/19 04:38:54 d2.utils.events]:  eta: 0:17:17  iter: 18679  total_loss: 6.878  loss_ce: 0.01985  loss_mask: 0.04342  loss_dice: 0.6262  loss_ce_0: 0.2552  loss_mask_0: 0.04871  loss_dice_0: 0.6467  loss_ce_1: 0.0197  loss_mask_1: 0.03988  loss_dice_1: 0.6174  loss_ce_2: 0.06496  loss_mask_2: 0.04146  loss_dice_2: 0.5475  loss_ce_3: 0.02149  loss_mask_3: 0.0472  loss_dice_3: 0.6046  loss_ce_4: 0.02206  loss_mask_4: 0.03976  loss_dice_4: 0.5848  loss_ce_5: 0.01871  loss_mask_5: 0.04377  loss_dice_5: 0.66  loss_ce_6: 0.0183  loss_mask_6: 0.04117  loss_dice_6: 0.5885  loss_ce_7: 0.01792  loss_mask_7: 0.04322  loss_dice_7: 0.5928  loss_ce_8: 0.01903  loss_mask_8: 0.03946  loss_dice_8: 0.5047    time: 0.8053  last_time: 0.7857  data_time: 0.1139  last_data_time: 0.1139   lr: 5.3629e-07  max_mem: 12316M
[03/19 04:39:10 d2.utils.events]:  eta: 0:17:01  iter: 18699  total_loss: 6.54  loss_ce: 0.007095  loss_mask: 0.0389  loss_dice: 0.5683  loss_ce_0: 0.088  loss_mask_0: 0.04331  loss_dice_0: 0.5717  loss_ce_1: 0.01106  loss_mask_1: 0.04093  loss_dice_1: 0.5769  loss_ce_2: 0.01434  loss_mask_2: 0.04014  loss_dice_2: 0.5623  loss_ce_3: 0.009641  loss_mask_3: 0.03584  loss_dice_3: 0.6071  loss_ce_4: 0.01032  loss_mask_4: 0.03616  loss_dice_4: 0.6096  loss_ce_5: 0.009878  loss_mask_5: 0.04703  loss_dice_5: 0.7086  loss_ce_6: 0.008161  loss_mask_6: 0.03455  loss_dice_6: 0.5686  loss_ce_7: 0.007938  loss_mask_7: 0.04036  loss_dice_7: 0.6718  loss_ce_8: 0.007311  loss_mask_8: 0.03592  loss_dice_8: 0.5283    time: 0.8052  last_time: 0.7468  data_time: 0.0717  last_data_time: 0.0717   lr: 5.2023e-07  max_mem: 12316M
[03/19 04:39:26 d2.utils.events]:  eta: 0:16:45  iter: 18719  total_loss: 6.081  loss_ce: 0.03384  loss_mask: 0.02928  loss_dice: 0.4344  loss_ce_0: 0.1117  loss_mask_0: 0.04589  loss_dice_0: 0.569  loss_ce_1: 0.03149  loss_mask_1: 0.03263  loss_dice_1: 0.5004  loss_ce_2: 0.02536  loss_mask_2: 0.03608  loss_dice_2: 0.6758  loss_ce_3: 0.0288  loss_mask_3: 0.03397  loss_dice_3: 0.7144  loss_ce_4: 0.0292  loss_mask_4: 0.03395  loss_dice_4: 0.5358  loss_ce_5: 0.02997  loss_mask_5: 0.03335  loss_dice_5: 0.4707  loss_ce_6: 0.03347  loss_mask_6: 0.03354  loss_dice_6: 0.4917  loss_ce_7: 0.03247  loss_mask_7: 0.02844  loss_dice_7: 0.3858  loss_ce_8: 0.03382  loss_mask_8: 0.03092  loss_dice_8: 0.5753    time: 0.8052  last_time: 0.8038  data_time: 0.1307  last_data_time: 0.1307   lr: 5.0441e-07  max_mem: 12316M
[03/19 04:39:42 d2.utils.events]:  eta: 0:16:30  iter: 18739  total_loss: 4.879  loss_ce: 0.004008  loss_mask: 0.03934  loss_dice: 0.4452  loss_ce_0: 0.183  loss_mask_0: 0.05875  loss_dice_0: 0.5079  loss_ce_1: 0.00704  loss_mask_1: 0.03766  loss_dice_1: 0.406  loss_ce_2: 0.008163  loss_mask_2: 0.03852  loss_dice_2: 0.4437  loss_ce_3: 0.005086  loss_mask_3: 0.03908  loss_dice_3: 0.4157  loss_ce_4: 0.004902  loss_mask_4: 0.03809  loss_dice_4: 0.413  loss_ce_5: 0.004327  loss_mask_5: 0.03684  loss_dice_5: 0.4369  loss_ce_6: 0.003841  loss_mask_6: 0.03623  loss_dice_6: 0.4058  loss_ce_7: 0.003663  loss_mask_7: 0.03466  loss_dice_7: 0.3799  loss_ce_8: 0.004107  loss_mask_8: 0.0361  loss_dice_8: 0.4017    time: 0.8052  last_time: 0.7262  data_time: 0.0579  last_data_time: 0.0579   lr: 4.8883e-07  max_mem: 12316M
[03/19 04:39:58 d2.utils.events]:  eta: 0:16:14  iter: 18759  total_loss: 8.7  loss_ce: 0.04887  loss_mask: 0.03455  loss_dice: 0.9673  loss_ce_0: 0.0804  loss_mask_0: 0.03835  loss_dice_0: 1.18  loss_ce_1: 0.02403  loss_mask_1: 0.03033  loss_dice_1: 0.7891  loss_ce_2: 0.07684  loss_mask_2: 0.02772  loss_dice_2: 0.6943  loss_ce_3: 0.09274  loss_mask_3: 0.03321  loss_dice_3: 0.6613  loss_ce_4: 0.07892  loss_mask_4: 0.02647  loss_dice_4: 0.5773  loss_ce_5: 0.02449  loss_mask_5: 0.03274  loss_dice_5: 0.6417  loss_ce_6: 0.03606  loss_mask_6: 0.03736  loss_dice_6: 0.9232  loss_ce_7: 0.09762  loss_mask_7: 0.03647  loss_dice_7: 0.6324  loss_ce_8: 0.08909  loss_mask_8: 0.03246  loss_dice_8: 0.6547    time: 0.8052  last_time: 0.7927  data_time: 0.1265  last_data_time: 0.1265   lr: 4.735e-07  max_mem: 12316M
[03/19 04:40:14 d2.utils.events]:  eta: 0:15:58  iter: 18779  total_loss: 5.58  loss_ce: 0.004037  loss_mask: 0.04204  loss_dice: 0.4698  loss_ce_0: 0.08041  loss_mask_0: 0.04689  loss_dice_0: 0.5286  loss_ce_1: 0.006845  loss_mask_1: 0.03598  loss_dice_1: 0.467  loss_ce_2: 0.003358  loss_mask_2: 0.04619  loss_dice_2: 0.5013  loss_ce_3: 0.004424  loss_mask_3: 0.04368  loss_dice_3: 0.5249  loss_ce_4: 0.004622  loss_mask_4: 0.04096  loss_dice_4: 0.4849  loss_ce_5: 0.004497  loss_mask_5: 0.041  loss_dice_5: 0.5305  loss_ce_6: 0.003998  loss_mask_6: 0.04319  loss_dice_6: 0.5255  loss_ce_7: 0.004078  loss_mask_7: 0.04245  loss_dice_7: 0.5109  loss_ce_8: 0.004247  loss_mask_8: 0.0407  loss_dice_8: 0.4927    time: 0.8052  last_time: 0.9124  data_time: 0.1330  last_data_time: 0.1330   lr: 4.5841e-07  max_mem: 12316M
[03/19 04:40:31 d2.utils.events]:  eta: 0:15:42  iter: 18799  total_loss: 5.886  loss_ce: 0.0165  loss_mask: 0.03682  loss_dice: 0.4574  loss_ce_0: 0.1786  loss_mask_0: 0.07079  loss_dice_0: 0.8398  loss_ce_1: 0.07776  loss_mask_1: 0.03332  loss_dice_1: 0.4953  loss_ce_2: 0.06321  loss_mask_2: 0.03979  loss_dice_2: 0.5747  loss_ce_3: 0.07503  loss_mask_3: 0.03141  loss_dice_3: 0.4817  loss_ce_4: 0.02475  loss_mask_4: 0.03199  loss_dice_4: 0.3934  loss_ce_5: 0.02137  loss_mask_5: 0.03425  loss_dice_5: 0.4101  loss_ce_6: 0.01767  loss_mask_6: 0.03172  loss_dice_6: 0.4324  loss_ce_7: 0.01706  loss_mask_7: 0.03445  loss_dice_7: 0.4448  loss_ce_8: 0.01712  loss_mask_8: 0.04001  loss_dice_8: 0.4632    time: 0.8052  last_time: 0.8560  data_time: 0.1738  last_data_time: 0.1738   lr: 4.4355e-07  max_mem: 12316M
[03/19 04:40:47 d2.utils.events]:  eta: 0:15:27  iter: 18819  total_loss: 4.539  loss_ce: 0.008093  loss_mask: 0.02857  loss_dice: 0.3409  loss_ce_0: 0.07809  loss_mask_0: 0.04225  loss_dice_0: 0.582  loss_ce_1: 0.009221  loss_mask_1: 0.02728  loss_dice_1: 0.3269  loss_ce_2: 0.03265  loss_mask_2: 0.03151  loss_dice_2: 0.4338  loss_ce_3: 0.01179  loss_mask_3: 0.02815  loss_dice_3: 0.4183  loss_ce_4: 0.01036  loss_mask_4: 0.02885  loss_dice_4: 0.3759  loss_ce_5: 0.009184  loss_mask_5: 0.02955  loss_dice_5: 0.454  loss_ce_6: 0.00858  loss_mask_6: 0.02798  loss_dice_6: 0.3677  loss_ce_7: 0.008991  loss_mask_7: 0.03102  loss_dice_7: 0.3824  loss_ce_8: 0.009022  loss_mask_8: 0.0293  loss_dice_8: 0.3671    time: 0.8052  last_time: 0.8213  data_time: 0.1584  last_data_time: 0.1584   lr: 4.2895e-07  max_mem: 12316M
[03/19 04:41:03 d2.utils.events]:  eta: 0:15:11  iter: 18839  total_loss: 10.58  loss_ce: 0.01675  loss_mask: 0.03589  loss_dice: 1.018  loss_ce_0: 0.08363  loss_mask_0: 0.03582  loss_dice_0: 0.8749  loss_ce_1: 0.02314  loss_mask_1: 0.03845  loss_dice_1: 1.122  loss_ce_2: 0.0172  loss_mask_2: 0.04607  loss_dice_2: 1.175  loss_ce_3: 0.01412  loss_mask_3: 0.04093  loss_dice_3: 0.9448  loss_ce_4: 0.01626  loss_mask_4: 0.03559  loss_dice_4: 0.8322  loss_ce_5: 0.01613  loss_mask_5: 0.0381  loss_dice_5: 0.7747  loss_ce_6: 0.01576  loss_mask_6: 0.04464  loss_dice_6: 1.21  loss_ce_7: 0.01461  loss_mask_7: 0.03486  loss_dice_7: 0.9216  loss_ce_8: 0.01478  loss_mask_8: 0.03959  loss_dice_8: 1.08    time: 0.8052  last_time: 0.9341  data_time: 0.2719  last_data_time: 0.2719   lr: 4.1458e-07  max_mem: 12316M
[03/19 04:41:19 d2.utils.events]:  eta: 0:14:55  iter: 18859  total_loss: 10.27  loss_ce: 0.038  loss_mask: 0.04314  loss_dice: 0.9186  loss_ce_0: 0.1457  loss_mask_0: 0.05467  loss_dice_0: 0.9401  loss_ce_1: 0.03149  loss_mask_1: 0.05035  loss_dice_1: 0.9824  loss_ce_2: 0.04278  loss_mask_2: 0.03731  loss_dice_2: 0.901  loss_ce_3: 0.04476  loss_mask_3: 0.03524  loss_dice_3: 0.8964  loss_ce_4: 0.04111  loss_mask_4: 0.04384  loss_dice_4: 0.9414  loss_ce_5: 0.04153  loss_mask_5: 0.04195  loss_dice_5: 0.9614  loss_ce_6: 0.03321  loss_mask_6: 0.04914  loss_dice_6: 1  loss_ce_7: 0.03677  loss_mask_7: 0.03919  loss_dice_7: 0.8915  loss_ce_8: 0.03878  loss_mask_8: 0.03848  loss_dice_8: 0.9085    time: 0.8052  last_time: 0.7907  data_time: 0.1285  last_data_time: 0.1285   lr: 4.0046e-07  max_mem: 12316M
[03/19 04:41:36 d2.utils.events]:  eta: 0:14:40  iter: 18879  total_loss: 4.926  loss_ce: 0.004052  loss_mask: 0.02781  loss_dice: 0.3637  loss_ce_0: 0.0749  loss_mask_0: 0.03597  loss_dice_0: 0.4697  loss_ce_1: 0.006278  loss_mask_1: 0.0336  loss_dice_1: 0.4751  loss_ce_2: 0.004327  loss_mask_2: 0.03561  loss_dice_2: 0.5065  loss_ce_3: 0.004003  loss_mask_3: 0.03195  loss_dice_3: 0.4493  loss_ce_4: 0.004142  loss_mask_4: 0.02761  loss_dice_4: 0.4388  loss_ce_5: 0.004318  loss_mask_5: 0.03014  loss_dice_5: 0.4397  loss_ce_6: 0.003638  loss_mask_6: 0.03373  loss_dice_6: 0.4862  loss_ce_7: 0.004179  loss_mask_7: 0.03183  loss_dice_7: 0.4364  loss_ce_8: 0.004184  loss_mask_8: 0.03174  loss_dice_8: 0.4267    time: 0.8052  last_time: 0.7678  data_time: 0.0972  last_data_time: 0.0972   lr: 3.8658e-07  max_mem: 12316M
[03/19 04:41:52 d2.utils.events]:  eta: 0:14:24  iter: 18899  total_loss: 5.681  loss_ce: 0.007437  loss_mask: 0.0269  loss_dice: 0.5105  loss_ce_0: 0.1197  loss_mask_0: 0.02791  loss_dice_0: 0.5752  loss_ce_1: 0.01518  loss_mask_1: 0.02654  loss_dice_1: 0.4842  loss_ce_2: 0.01014  loss_mask_2: 0.02746  loss_dice_2: 0.5194  loss_ce_3: 0.01022  loss_mask_3: 0.03185  loss_dice_3: 0.5539  loss_ce_4: 0.009894  loss_mask_4: 0.02781  loss_dice_4: 0.5127  loss_ce_5: 0.009513  loss_mask_5: 0.02948  loss_dice_5: 0.5267  loss_ce_6: 0.009086  loss_mask_6: 0.03274  loss_dice_6: 0.5135  loss_ce_7: 0.008145  loss_mask_7: 0.02701  loss_dice_7: 0.5642  loss_ce_8: 0.007794  loss_mask_8: 0.02185  loss_dice_8: 0.4341    time: 0.8052  last_time: 0.8387  data_time: 0.1594  last_data_time: 0.1594   lr: 3.7294e-07  max_mem: 12316M
[03/19 04:42:08 d2.utils.events]:  eta: 0:14:09  iter: 18919  total_loss: 4.914  loss_ce: 0.004053  loss_mask: 0.03337  loss_dice: 0.4626  loss_ce_0: 0.08584  loss_mask_0: 0.03403  loss_dice_0: 0.4712  loss_ce_1: 0.006123  loss_mask_1: 0.03451  loss_dice_1: 0.4385  loss_ce_2: 0.004168  loss_mask_2: 0.02836  loss_dice_2: 0.4071  loss_ce_3: 0.003765  loss_mask_3: 0.03241  loss_dice_3: 0.4536  loss_ce_4: 0.00386  loss_mask_4: 0.02933  loss_dice_4: 0.4105  loss_ce_5: 0.003454  loss_mask_5: 0.02966  loss_dice_5: 0.4664  loss_ce_6: 0.003656  loss_mask_6: 0.035  loss_dice_6: 0.4486  loss_ce_7: 0.003637  loss_mask_7: 0.02975  loss_dice_7: 0.4645  loss_ce_8: 0.003752  loss_mask_8: 0.03181  loss_dice_8: 0.4501    time: 0.8052  last_time: 0.8027  data_time: 0.1354  last_data_time: 0.1354   lr: 3.5955e-07  max_mem: 12316M
[03/19 04:42:25 d2.utils.events]:  eta: 0:13:53  iter: 18939  total_loss: 6.097  loss_ce: 0.008557  loss_mask: 0.05401  loss_dice: 0.5132  loss_ce_0: 0.1466  loss_mask_0: 0.07732  loss_dice_0: 0.663  loss_ce_1: 0.02549  loss_mask_1: 0.05726  loss_dice_1: 0.5515  loss_ce_2: 0.0142  loss_mask_2: 0.05829  loss_dice_2: 0.5201  loss_ce_3: 0.009622  loss_mask_3: 0.05151  loss_dice_3: 0.5079  loss_ce_4: 0.00852  loss_mask_4: 0.05208  loss_dice_4: 0.4946  loss_ce_5: 0.008389  loss_mask_5: 0.0539  loss_dice_5: 0.4892  loss_ce_6: 0.008496  loss_mask_6: 0.05304  loss_dice_6: 0.5293  loss_ce_7: 0.008906  loss_mask_7: 0.05242  loss_dice_7: 0.495  loss_ce_8: 0.009062  loss_mask_8: 0.052  loss_dice_8: 0.5229    time: 0.8052  last_time: 0.8108  data_time: 0.0850  last_data_time: 0.0850   lr: 3.464e-07  max_mem: 12316M
[03/19 04:42:41 d2.utils.events]:  eta: 0:13:38  iter: 18959  total_loss: 7.072  loss_ce: 0.002937  loss_mask: 0.03683  loss_dice: 0.7321  loss_ce_0: 0.08423  loss_mask_0: 0.03628  loss_dice_0: 0.7339  loss_ce_1: 0.009069  loss_mask_1: 0.03425  loss_dice_1: 0.5937  loss_ce_2: 0.003747  loss_mask_2: 0.03721  loss_dice_2: 0.6706  loss_ce_3: 0.003054  loss_mask_3: 0.03246  loss_dice_3: 0.6062  loss_ce_4: 0.002927  loss_mask_4: 0.03074  loss_dice_4: 0.6122  loss_ce_5: 0.002788  loss_mask_5: 0.03539  loss_dice_5: 0.6276  loss_ce_6: 0.002747  loss_mask_6: 0.03802  loss_dice_6: 0.6597  loss_ce_7: 0.002592  loss_mask_7: 0.03898  loss_dice_7: 0.6756  loss_ce_8: 0.00303  loss_mask_8: 0.0336  loss_dice_8: 0.6893    time: 0.8052  last_time: 1.1927  data_time: 0.1274  last_data_time: 0.1274   lr: 3.3349e-07  max_mem: 12316M
[03/19 04:42:57 d2.utils.events]:  eta: 0:13:22  iter: 18979  total_loss: 8.608  loss_ce: 0.004304  loss_mask: 0.04591  loss_dice: 0.8227  loss_ce_0: 0.07569  loss_mask_0: 0.04871  loss_dice_0: 0.8572  loss_ce_1: 0.004808  loss_mask_1: 0.03534  loss_dice_1: 0.7852  loss_ce_2: 0.005347  loss_mask_2: 0.03653  loss_dice_2: 0.7523  loss_ce_3: 0.004237  loss_mask_3: 0.03411  loss_dice_3: 0.8048  loss_ce_4: 0.004552  loss_mask_4: 0.03747  loss_dice_4: 0.9038  loss_ce_5: 0.004153  loss_mask_5: 0.03546  loss_dice_5: 0.7643  loss_ce_6: 0.004224  loss_mask_6: 0.03938  loss_dice_6: 0.8721  loss_ce_7: 0.003994  loss_mask_7: 0.04453  loss_dice_7: 0.8081  loss_ce_8: 0.004445  loss_mask_8: 0.03883  loss_dice_8: 0.7258    time: 0.8052  last_time: 0.8436  data_time: 0.1718  last_data_time: 0.1718   lr: 3.2083e-07  max_mem: 12316M
[03/19 04:43:14 d2.utils.events]:  eta: 0:13:07  iter: 18999  total_loss: 6.191  loss_ce: 0.007011  loss_mask: 0.01773  loss_dice: 0.4755  loss_ce_0: 0.1859  loss_mask_0: 0.03852  loss_dice_0: 0.8521  loss_ce_1: 0.008404  loss_mask_1: 0.01846  loss_dice_1: 0.5863  loss_ce_2: 0.009036  loss_mask_2: 0.02143  loss_dice_2: 0.5087  loss_ce_3: 0.008638  loss_mask_3: 0.02023  loss_dice_3: 0.4866  loss_ce_4: 0.007927  loss_mask_4: 0.02323  loss_dice_4: 0.5722  loss_ce_5: 0.007599  loss_mask_5: 0.02063  loss_dice_5: 0.4784  loss_ce_6: 0.007452  loss_mask_6: 0.02275  loss_dice_6: 0.6456  loss_ce_7: 0.006789  loss_mask_7: 0.0208  loss_dice_7: 0.6154  loss_ce_8: 0.007157  loss_mask_8: 0.01969  loss_dice_8: 0.4909    time: 0.8052  last_time: 0.7945  data_time: 0.1337  last_data_time: 0.1337   lr: 3.0841e-07  max_mem: 12316M
[03/19 04:43:30 d2.utils.events]:  eta: 0:12:51  iter: 19019  total_loss: 5.272  loss_ce: 0.005116  loss_mask: 0.04272  loss_dice: 0.4107  loss_ce_0: 0.08692  loss_mask_0: 0.03803  loss_dice_0: 0.5103  loss_ce_1: 0.006343  loss_mask_1: 0.03896  loss_dice_1: 0.4503  loss_ce_2: 0.004994  loss_mask_2: 0.04203  loss_dice_2: 0.5129  loss_ce_3: 0.00554  loss_mask_3: 0.04935  loss_dice_3: 0.6183  loss_ce_4: 0.005409  loss_mask_4: 0.04093  loss_dice_4: 0.4038  loss_ce_5: 0.00503  loss_mask_5: 0.04663  loss_dice_5: 0.4711  loss_ce_6: 0.004827  loss_mask_6: 0.03816  loss_dice_6: 0.3726  loss_ce_7: 0.005224  loss_mask_7: 0.04694  loss_dice_7: 0.5086  loss_ce_8: 0.005164  loss_mask_8: 0.04283  loss_dice_8: 0.4519    time: 0.8052  last_time: 0.8006  data_time: 0.1349  last_data_time: 0.1349   lr: 2.9623e-07  max_mem: 12316M
[03/19 04:43:47 d2.utils.events]:  eta: 0:12:35  iter: 19039  total_loss: 7.255  loss_ce: 0.006838  loss_mask: 0.03462  loss_dice: 0.5954  loss_ce_0: 0.2331  loss_mask_0: 0.04811  loss_dice_0: 0.6857  loss_ce_1: 0.01229  loss_mask_1: 0.034  loss_dice_1: 0.5876  loss_ce_2: 0.005775  loss_mask_2: 0.03888  loss_dice_2: 0.6596  loss_ce_3: 0.00957  loss_mask_3: 0.03877  loss_dice_3: 0.7038  loss_ce_4: 0.007681  loss_mask_4: 0.03882  loss_dice_4: 0.6715  loss_ce_5: 0.006859  loss_mask_5: 0.03575  loss_dice_5: 0.6373  loss_ce_6: 0.006591  loss_mask_6: 0.03558  loss_dice_6: 0.7017  loss_ce_7: 0.007304  loss_mask_7: 0.04187  loss_dice_7: 0.7241  loss_ce_8: 0.007273  loss_mask_8: 0.03255  loss_dice_8: 0.606    time: 0.8052  last_time: 0.8344  data_time: 0.1645  last_data_time: 0.1645   lr: 2.843e-07  max_mem: 12316M
[03/19 04:44:03 d2.utils.events]:  eta: 0:12:20  iter: 19059  total_loss: 7.852  loss_ce: 0.1227  loss_mask: 0.03718  loss_dice: 0.6883  loss_ce_0: 0.1352  loss_mask_0: 0.04013  loss_dice_0: 0.6436  loss_ce_1: 0.09477  loss_mask_1: 0.03411  loss_dice_1: 0.5879  loss_ce_2: 0.1171  loss_mask_2: 0.03742  loss_dice_2: 0.5329  loss_ce_3: 0.1219  loss_mask_3: 0.03467  loss_dice_3: 0.6226  loss_ce_4: 0.1223  loss_mask_4: 0.03062  loss_dice_4: 0.5898  loss_ce_5: 0.1272  loss_mask_5: 0.03766  loss_dice_5: 0.6016  loss_ce_6: 0.131  loss_mask_6: 0.03645  loss_dice_6: 0.5816  loss_ce_7: 0.127  loss_mask_7: 0.04003  loss_dice_7: 0.6978  loss_ce_8: 0.1174  loss_mask_8: 0.03985  loss_dice_8: 0.7215    time: 0.8052  last_time: 0.8915  data_time: 0.2211  last_data_time: 0.2211   lr: 2.7261e-07  max_mem: 12316M
[03/19 04:44:20 d2.utils.events]:  eta: 0:12:05  iter: 19079  total_loss: 12.51  loss_ce: 0.0908  loss_mask: 0.1074  loss_dice: 0.9395  loss_ce_0: 0.3386  loss_mask_0: 0.296  loss_dice_0: 1.089  loss_ce_1: 0.06468  loss_mask_1: 0.1997  loss_dice_1: 1.009  loss_ce_2: 0.04638  loss_mask_2: 0.1799  loss_dice_2: 1.026  loss_ce_3: 0.05191  loss_mask_3: 0.1633  loss_dice_3: 0.9614  loss_ce_4: 0.08904  loss_mask_4: 0.1224  loss_dice_4: 1.003  loss_ce_5: 0.08385  loss_mask_5: 0.1078  loss_dice_5: 0.935  loss_ce_6: 0.1122  loss_mask_6: 0.1262  loss_dice_6: 0.9504  loss_ce_7: 0.1029  loss_mask_7: 0.1243  loss_dice_7: 0.9749  loss_ce_8: 0.08924  loss_mask_8: 0.1268  loss_dice_8: 0.9949    time: 0.8052  last_time: 0.8151  data_time: 0.1367  last_data_time: 0.1367   lr: 2.6116e-07  max_mem: 12316M
[03/19 04:44:36 d2.utils.events]:  eta: 0:11:49  iter: 19099  total_loss: 5.752  loss_ce: 0.006265  loss_mask: 0.02318  loss_dice: 0.4546  loss_ce_0: 0.2466  loss_mask_0: 0.02493  loss_dice_0: 0.591  loss_ce_1: 0.03828  loss_mask_1: 0.02141  loss_dice_1: 0.502  loss_ce_2: 0.008647  loss_mask_2: 0.02031  loss_dice_2: 0.4825  loss_ce_3: 0.008216  loss_mask_3: 0.02358  loss_dice_3: 0.5334  loss_ce_4: 0.007374  loss_mask_4: 0.02479  loss_dice_4: 0.5649  loss_ce_5: 0.007051  loss_mask_5: 0.02355  loss_dice_5: 0.5335  loss_ce_6: 0.00683  loss_mask_6: 0.02195  loss_dice_6: 0.4996  loss_ce_7: 0.00639  loss_mask_7: 0.02321  loss_dice_7: 0.524  loss_ce_8: 0.006254  loss_mask_8: 0.0239  loss_dice_8: 0.4941    time: 0.8053  last_time: 0.8017  data_time: 0.1353  last_data_time: 0.1353   lr: 2.4996e-07  max_mem: 12316M
[03/19 04:44:52 d2.utils.events]:  eta: 0:11:33  iter: 19119  total_loss: 7.751  loss_ce: 0.02724  loss_mask: 0.06508  loss_dice: 0.6119  loss_ce_0: 0.346  loss_mask_0: 0.1222  loss_dice_0: 0.761  loss_ce_1: 0.02351  loss_mask_1: 0.06481  loss_dice_1: 0.615  loss_ce_2: 0.0232  loss_mask_2: 0.07024  loss_dice_2: 0.6012  loss_ce_3: 0.02241  loss_mask_3: 0.06575  loss_dice_3: 0.7341  loss_ce_4: 0.02611  loss_mask_4: 0.06997  loss_dice_4: 0.6639  loss_ce_5: 0.02647  loss_mask_5: 0.06413  loss_dice_5: 0.5632  loss_ce_6: 0.02346  loss_mask_6: 0.06592  loss_dice_6: 0.5768  loss_ce_7: 0.02438  loss_mask_7: 0.06778  loss_dice_7: 0.6927  loss_ce_8: 0.02664  loss_mask_8: 0.07013  loss_dice_8: 0.636    time: 0.8053  last_time: 0.7774  data_time: 0.1038  last_data_time: 0.1038   lr: 2.3901e-07  max_mem: 12316M
[03/19 04:45:09 d2.utils.events]:  eta: 0:11:18  iter: 19139  total_loss: 7.765  loss_ce: 0.01864  loss_mask: 0.03916  loss_dice: 0.5108  loss_ce_0: 0.4561  loss_mask_0: 0.06793  loss_dice_0: 0.7897  loss_ce_1: 0.03883  loss_mask_1: 0.0438  loss_dice_1: 0.5998  loss_ce_2: 0.03201  loss_mask_2: 0.04317  loss_dice_2: 0.5814  loss_ce_3: 0.1057  loss_mask_3: 0.04402  loss_dice_3: 0.6783  loss_ce_4: 0.02563  loss_mask_4: 0.04305  loss_dice_4: 0.6662  loss_ce_5: 0.08528  loss_mask_5: 0.04203  loss_dice_5: 0.6387  loss_ce_6: 0.01652  loss_mask_6: 0.04638  loss_dice_6: 0.6402  loss_ce_7: 0.01711  loss_mask_7: 0.04584  loss_dice_7: 0.6491  loss_ce_8: 0.02172  loss_mask_8: 0.04363  loss_dice_8: 0.7347    time: 0.8053  last_time: 0.7942  data_time: 0.1193  last_data_time: 0.1193   lr: 2.2829e-07  max_mem: 12316M
[03/19 04:45:26 d2.utils.events]:  eta: 0:11:03  iter: 19159  total_loss: 11.15  loss_ce: 0.06313  loss_mask: 0.04042  loss_dice: 1.125  loss_ce_0: 0.245  loss_mask_0: 0.05415  loss_dice_0: 1.456  loss_ce_1: 0.03998  loss_mask_1: 0.04135  loss_dice_1: 0.9702  loss_ce_2: 0.03812  loss_mask_2: 0.03572  loss_dice_2: 0.8038  loss_ce_3: 0.03053  loss_mask_3: 0.04103  loss_dice_3: 0.8703  loss_ce_4: 0.02938  loss_mask_4: 0.03292  loss_dice_4: 1.145  loss_ce_5: 0.03136  loss_mask_5: 0.04534  loss_dice_5: 1.038  loss_ce_6: 0.03216  loss_mask_6: 0.04482  loss_dice_6: 0.8788  loss_ce_7: 0.02929  loss_mask_7: 0.04095  loss_dice_7: 1.017  loss_ce_8: 0.03384  loss_mask_8: 0.03649  loss_dice_8: 0.8585    time: 0.8053  last_time: 0.8749  data_time: 0.2199  last_data_time: 0.2199   lr: 2.1783e-07  max_mem: 12316M
[03/19 04:45:42 d2.utils.events]:  eta: 0:10:47  iter: 19179  total_loss: 5.51  loss_ce: 0.02695  loss_mask: 0.0299  loss_dice: 0.4528  loss_ce_0: 0.3754  loss_mask_0: 0.0552  loss_dice_0: 0.5496  loss_ce_1: 0.03133  loss_mask_1: 0.03071  loss_dice_1: 0.461  loss_ce_2: 0.08087  loss_mask_2: 0.02774  loss_dice_2: 0.4318  loss_ce_3: 0.02832  loss_mask_3: 0.02748  loss_dice_3: 0.4154  loss_ce_4: 0.02704  loss_mask_4: 0.03125  loss_dice_4: 0.477  loss_ce_5: 0.02292  loss_mask_5: 0.03021  loss_dice_5: 0.4154  loss_ce_6: 0.02375  loss_mask_6: 0.02809  loss_dice_6: 0.4401  loss_ce_7: 0.02555  loss_mask_7: 0.02819  loss_dice_7: 0.4244  loss_ce_8: 0.02578  loss_mask_8: 0.02853  loss_dice_8: 0.4579    time: 0.8053  last_time: 0.9039  data_time: 0.2413  last_data_time: 0.2413   lr: 2.076e-07  max_mem: 12316M
[03/19 04:45:59 d2.utils.events]:  eta: 0:10:32  iter: 19199  total_loss: 7.129  loss_ce: 0.04066  loss_mask: 0.06313  loss_dice: 0.6706  loss_ce_0: 0.132  loss_mask_0: 0.05686  loss_dice_0: 0.7233  loss_ce_1: 0.08992  loss_mask_1: 0.03598  loss_dice_1: 0.5104  loss_ce_2: 0.0492  loss_mask_2: 0.05936  loss_dice_2: 0.6665  loss_ce_3: 0.04375  loss_mask_3: 0.05382  loss_dice_3: 0.5763  loss_ce_4: 0.03851  loss_mask_4: 0.05366  loss_dice_4: 0.5508  loss_ce_5: 0.03972  loss_mask_5: 0.05279  loss_dice_5: 0.5724  loss_ce_6: 0.03489  loss_mask_6: 0.06204  loss_dice_6: 0.651  loss_ce_7: 0.08736  loss_mask_7: 0.03913  loss_dice_7: 0.4835  loss_ce_8: 0.04141  loss_mask_8: 0.0526  loss_dice_8: 0.5978    time: 0.8053  last_time: 0.8310  data_time: 0.1525  last_data_time: 0.1525   lr: 1.9762e-07  max_mem: 12316M
[03/19 04:46:14 d2.utils.events]:  eta: 0:10:16  iter: 19219  total_loss: 6.665  loss_ce: 0.1083  loss_mask: 0.04229  loss_dice: 0.8243  loss_ce_0: 0.1956  loss_mask_0: 0.03415  loss_dice_0: 0.5896  loss_ce_1: 0.06236  loss_mask_1: 0.03003  loss_dice_1: 0.5877  loss_ce_2: 0.03626  loss_mask_2: 0.0273  loss_dice_2: 0.5116  loss_ce_3: 0.09613  loss_mask_3: 0.03032  loss_dice_3: 0.4892  loss_ce_4: 0.0952  loss_mask_4: 0.02781  loss_dice_4: 0.4588  loss_ce_5: 0.04751  loss_mask_5: 0.02671  loss_dice_5: 0.4726  loss_ce_6: 0.04137  loss_mask_6: 0.02826  loss_dice_6: 0.5589  loss_ce_7: 0.04257  loss_mask_7: 0.02947  loss_dice_7: 0.6121  loss_ce_8: 0.03633  loss_mask_8: 0.03062  loss_dice_8: 0.4921    time: 0.8053  last_time: 0.7732  data_time: 0.1027  last_data_time: 0.1027   lr: 1.8789e-07  max_mem: 12316M
[03/19 04:46:31 d2.utils.events]:  eta: 0:10:00  iter: 19239  total_loss: 5.313  loss_ce: 0.008382  loss_mask: 0.02538  loss_dice: 0.4313  loss_ce_0: 0.3107  loss_mask_0: 0.0365  loss_dice_0: 0.5838  loss_ce_1: 0.02976  loss_mask_1: 0.02693  loss_dice_1: 0.4396  loss_ce_2: 0.01005  loss_mask_2: 0.02739  loss_dice_2: 0.4517  loss_ce_3: 0.009157  loss_mask_3: 0.02749  loss_dice_3: 0.4352  loss_ce_4: 0.008808  loss_mask_4: 0.0263  loss_dice_4: 0.418  loss_ce_5: 0.008534  loss_mask_5: 0.02709  loss_dice_5: 0.4682  loss_ce_6: 0.009504  loss_mask_6: 0.02872  loss_dice_6: 0.4612  loss_ce_7: 0.009842  loss_mask_7: 0.02717  loss_dice_7: 0.485  loss_ce_8: 0.00818  loss_mask_8: 0.02605  loss_dice_8: 0.4469    time: 0.8053  last_time: 0.8315  data_time: 0.1545  last_data_time: 0.1545   lr: 1.784e-07  max_mem: 12316M
[03/19 04:46:47 d2.utils.events]:  eta: 0:09:45  iter: 19259  total_loss: 7.174  loss_ce: 0.02823  loss_mask: 0.02564  loss_dice: 0.6694  loss_ce_0: 0.07113  loss_mask_0: 0.03623  loss_dice_0: 0.7483  loss_ce_1: 0.03502  loss_mask_1: 0.03161  loss_dice_1: 0.8442  loss_ce_2: 0.08952  loss_mask_2: 0.0291  loss_dice_2: 0.6528  loss_ce_3: 0.03141  loss_mask_3: 0.03286  loss_dice_3: 0.5288  loss_ce_4: 0.02795  loss_mask_4: 0.02606  loss_dice_4: 0.5887  loss_ce_5: 0.02769  loss_mask_5: 0.03109  loss_dice_5: 0.7046  loss_ce_6: 0.03078  loss_mask_6: 0.03004  loss_dice_6: 0.498  loss_ce_7: 0.02697  loss_mask_7: 0.02975  loss_dice_7: 0.5475  loss_ce_8: 0.0305  loss_mask_8: 0.02823  loss_dice_8: 0.6922    time: 0.8053  last_time: 0.8171  data_time: 0.1363  last_data_time: 0.1363   lr: 1.6916e-07  max_mem: 12316M
[03/19 04:47:03 d2.utils.events]:  eta: 0:09:29  iter: 19279  total_loss: 5.205  loss_ce: 0.004756  loss_mask: 0.03076  loss_dice: 0.4642  loss_ce_0: 0.1065  loss_mask_0: 0.04186  loss_dice_0: 0.5452  loss_ce_1: 0.008034  loss_mask_1: 0.02962  loss_dice_1: 0.4797  loss_ce_2: 0.006943  loss_mask_2: 0.0307  loss_dice_2: 0.4393  loss_ce_3: 0.006234  loss_mask_3: 0.0341  loss_dice_3: 0.5263  loss_ce_4: 0.006359  loss_mask_4: 0.0322  loss_dice_4: 0.449  loss_ce_5: 0.006019  loss_mask_5: 0.02711  loss_dice_5: 0.4393  loss_ce_6: 0.005543  loss_mask_6: 0.03282  loss_dice_6: 0.448  loss_ce_7: 0.004969  loss_mask_7: 0.03071  loss_dice_7: 0.4641  loss_ce_8: 0.004787  loss_mask_8: 0.03048  loss_dice_8: 0.4696    time: 0.8053  last_time: 0.8347  data_time: 0.1657  last_data_time: 0.1657   lr: 1.6016e-07  max_mem: 12316M
[03/19 04:47:20 d2.utils.events]:  eta: 0:09:14  iter: 19299  total_loss: 5.515  loss_ce: 0.004895  loss_mask: 0.03362  loss_dice: 0.46  loss_ce_0: 0.1455  loss_mask_0: 0.0394  loss_dice_0: 0.5481  loss_ce_1: 0.005232  loss_mask_1: 0.04521  loss_dice_1: 0.5906  loss_ce_2: 0.009432  loss_mask_2: 0.03366  loss_dice_2: 0.461  loss_ce_3: 0.006591  loss_mask_3: 0.0436  loss_dice_3: 0.5161  loss_ce_4: 0.005531  loss_mask_4: 0.03571  loss_dice_4: 0.4884  loss_ce_5: 0.005083  loss_mask_5: 0.04246  loss_dice_5: 0.5187  loss_ce_6: 0.0052  loss_mask_6: 0.03967  loss_dice_6: 0.4556  loss_ce_7: 0.004542  loss_mask_7: 0.03482  loss_dice_7: 0.4642  loss_ce_8: 0.004857  loss_mask_8: 0.03163  loss_dice_8: 0.4354    time: 0.8053  last_time: 0.8066  data_time: 0.1399  last_data_time: 0.1399   lr: 1.5141e-07  max_mem: 12316M
[03/19 04:47:36 d2.utils.events]:  eta: 0:08:58  iter: 19319  total_loss: 5.978  loss_ce: 0.00274  loss_mask: 0.04751  loss_dice: 0.5987  loss_ce_0: 0.08692  loss_mask_0: 0.04384  loss_dice_0: 0.6125  loss_ce_1: 0.003495  loss_mask_1: 0.04166  loss_dice_1: 0.4718  loss_ce_2: 0.003075  loss_mask_2: 0.05408  loss_dice_2: 0.5524  loss_ce_3: 0.002788  loss_mask_3: 0.03231  loss_dice_3: 0.406  loss_ce_4: 0.00281  loss_mask_4: 0.06238  loss_dice_4: 0.5497  loss_ce_5: 0.002831  loss_mask_5: 0.04613  loss_dice_5: 0.5498  loss_ce_6: 0.002748  loss_mask_6: 0.03824  loss_dice_6: 0.5316  loss_ce_7: 0.002711  loss_mask_7: 0.04108  loss_dice_7: 0.5416  loss_ce_8: 0.002797  loss_mask_8: 0.05812  loss_dice_8: 0.5852    time: 0.8053  last_time: 0.7806  data_time: 0.1213  last_data_time: 0.1213   lr: 1.429e-07  max_mem: 12316M
[03/19 04:47:52 d2.utils.events]:  eta: 0:08:42  iter: 19339  total_loss: 7.425  loss_ce: 0.007332  loss_mask: 0.05197  loss_dice: 0.6945  loss_ce_0: 0.1816  loss_mask_0: 0.04787  loss_dice_0: 0.5994  loss_ce_1: 0.01062  loss_mask_1: 0.05041  loss_dice_1: 0.6432  loss_ce_2: 0.008903  loss_mask_2: 0.05536  loss_dice_2: 0.6586  loss_ce_3: 0.008531  loss_mask_3: 0.05087  loss_dice_3: 0.7344  loss_ce_4: 0.008602  loss_mask_4: 0.04638  loss_dice_4: 0.7116  loss_ce_5: 0.00782  loss_mask_5: 0.05066  loss_dice_5: 0.6863  loss_ce_6: 0.007166  loss_mask_6: 0.05037  loss_dice_6: 0.7634  loss_ce_7: 0.007779  loss_mask_7: 0.04335  loss_dice_7: 0.5232  loss_ce_8: 0.008257  loss_mask_8: 0.04488  loss_dice_8: 0.6622    time: 0.8053  last_time: 0.8071  data_time: 0.1244  last_data_time: 0.1244   lr: 1.3464e-07  max_mem: 12316M
[03/19 04:48:08 d2.utils.events]:  eta: 0:08:27  iter: 19359  total_loss: 5.009  loss_ce: 0.009031  loss_mask: 0.03269  loss_dice: 0.4815  loss_ce_0: 0.1436  loss_mask_0: 0.03392  loss_dice_0: 0.5058  loss_ce_1: 0.01787  loss_mask_1: 0.02701  loss_dice_1: 0.4529  loss_ce_2: 0.01028  loss_mask_2: 0.02657  loss_dice_2: 0.41  loss_ce_3: 0.009878  loss_mask_3: 0.02934  loss_dice_3: 0.4389  loss_ce_4: 0.009528  loss_mask_4: 0.03029  loss_dice_4: 0.5097  loss_ce_5: 0.01025  loss_mask_5: 0.02668  loss_dice_5: 0.4403  loss_ce_6: 0.01105  loss_mask_6: 0.02218  loss_dice_6: 0.3975  loss_ce_7: 0.009916  loss_mask_7: 0.02471  loss_dice_7: 0.4322  loss_ce_8: 0.008506  loss_mask_8: 0.02507  loss_dice_8: 0.422    time: 0.8053  last_time: 0.8050  data_time: 0.1362  last_data_time: 0.1362   lr: 1.2662e-07  max_mem: 12316M
[03/19 04:48:25 d2.utils.events]:  eta: 0:08:11  iter: 19379  total_loss: 5.703  loss_ce: 0.007748  loss_mask: 0.03911  loss_dice: 0.5099  loss_ce_0: 0.1378  loss_mask_0: 0.04709  loss_dice_0: 0.5029  loss_ce_1: 0.0066  loss_mask_1: 0.0496  loss_dice_1: 0.6033  loss_ce_2: 0.008955  loss_mask_2: 0.03622  loss_dice_2: 0.4894  loss_ce_3: 0.007874  loss_mask_3: 0.03361  loss_dice_3: 0.4726  loss_ce_4: 0.009071  loss_mask_4: 0.03987  loss_dice_4: 0.5311  loss_ce_5: 0.008324  loss_mask_5: 0.03527  loss_dice_5: 0.5122  loss_ce_6: 0.007865  loss_mask_6: 0.04226  loss_dice_6: 0.5314  loss_ce_7: 0.008012  loss_mask_7: 0.03352  loss_dice_7: 0.4498  loss_ce_8: 0.008201  loss_mask_8: 0.03597  loss_dice_8: 0.4973    time: 0.8053  last_time: 0.8354  data_time: 0.1628  last_data_time: 0.1628   lr: 1.1885e-07  max_mem: 12316M
[03/19 04:48:40 d2.utils.events]:  eta: 0:07:55  iter: 19399  total_loss: 6.431  loss_ce: 0.0111  loss_mask: 0.0419  loss_dice: 0.5155  loss_ce_0: 0.1117  loss_mask_0: 0.05436  loss_dice_0: 0.6251  loss_ce_1: 0.009903  loss_mask_1: 0.0422  loss_dice_1: 0.5669  loss_ce_2: 0.01134  loss_mask_2: 0.05105  loss_dice_2: 0.6115  loss_ce_3: 0.01126  loss_mask_3: 0.04089  loss_dice_3: 0.5124  loss_ce_4: 0.01122  loss_mask_4: 0.04311  loss_dice_4: 0.555  loss_ce_5: 0.01022  loss_mask_5: 0.04715  loss_dice_5: 0.6327  loss_ce_6: 0.01016  loss_mask_6: 0.04767  loss_dice_6: 0.6034  loss_ce_7: 0.009733  loss_mask_7: 0.04686  loss_dice_7: 0.5737  loss_ce_8: 0.009876  loss_mask_8: 0.04237  loss_dice_8: 0.5707    time: 0.8052  last_time: 0.8114  data_time: 0.1459  last_data_time: 0.1459   lr: 1.1132e-07  max_mem: 12316M
[03/19 04:48:57 d2.utils.events]:  eta: 0:07:39  iter: 19419  total_loss: 7.523  loss_ce: 0.01252  loss_mask: 0.02072  loss_dice: 0.6537  loss_ce_0: 0.1712  loss_mask_0: 0.02267  loss_dice_0: 0.7714  loss_ce_1: 0.02467  loss_mask_1: 0.0222  loss_dice_1: 0.5422  loss_ce_2: 0.08831  loss_mask_2: 0.02676  loss_dice_2: 0.8169  loss_ce_3: 0.07762  loss_mask_3: 0.02215  loss_dice_3: 0.5348  loss_ce_4: 0.01135  loss_mask_4: 0.01812  loss_dice_4: 0.6216  loss_ce_5: 0.009643  loss_mask_5: 0.02369  loss_dice_5: 0.6397  loss_ce_6: 0.05308  loss_mask_6: 0.026  loss_dice_6: 0.8942  loss_ce_7: 0.01344  loss_mask_7: 0.0273  loss_dice_7: 0.6397  loss_ce_8: 0.01251  loss_mask_8: 0.0227  loss_dice_8: 0.7021    time: 0.8052  last_time: 0.8255  data_time: 0.1623  last_data_time: 0.1623   lr: 1.0404e-07  max_mem: 12316M
[03/19 04:49:13 d2.utils.events]:  eta: 0:07:23  iter: 19439  total_loss: 5.861  loss_ce: 0.006139  loss_mask: 0.03097  loss_dice: 0.5095  loss_ce_0: 0.1445  loss_mask_0: 0.02975  loss_dice_0: 0.5128  loss_ce_1: 0.01271  loss_mask_1: 0.03328  loss_dice_1: 0.5457  loss_ce_2: 0.01515  loss_mask_2: 0.03593  loss_dice_2: 0.5471  loss_ce_3: 0.01118  loss_mask_3: 0.03042  loss_dice_3: 0.5839  loss_ce_4: 0.008671  loss_mask_4: 0.03549  loss_dice_4: 0.5546  loss_ce_5: 0.007211  loss_mask_5: 0.03185  loss_dice_5: 0.5124  loss_ce_6: 0.006892  loss_mask_6: 0.02866  loss_dice_6: 0.454  loss_ce_7: 0.007062  loss_mask_7: 0.03196  loss_dice_7: 0.5908  loss_ce_8: 0.006099  loss_mask_8: 0.03196  loss_dice_8: 0.5041    time: 0.8052  last_time: 0.7954  data_time: 0.1399  last_data_time: 0.1399   lr: 9.7005e-08  max_mem: 12316M
[03/19 04:49:29 d2.utils.events]:  eta: 0:07:07  iter: 19459  total_loss: 5.309  loss_ce: 0.004  loss_mask: 0.05472  loss_dice: 0.4716  loss_ce_0: 0.08584  loss_mask_0: 0.05719  loss_dice_0: 0.4638  loss_ce_1: 0.003917  loss_mask_1: 0.05433  loss_dice_1: 0.4586  loss_ce_2: 0.006651  loss_mask_2: 0.06  loss_dice_2: 0.5098  loss_ce_3: 0.004685  loss_mask_3: 0.05446  loss_dice_3: 0.4301  loss_ce_4: 0.005366  loss_mask_4: 0.04915  loss_dice_4: 0.4566  loss_ce_5: 0.005042  loss_mask_5: 0.04881  loss_dice_5: 0.4338  loss_ce_6: 0.00419  loss_mask_6: 0.05898  loss_dice_6: 0.5175  loss_ce_7: 0.003938  loss_mask_7: 0.05266  loss_dice_7: 0.4511  loss_ce_8: 0.004367  loss_mask_8: 0.05835  loss_dice_8: 0.4392    time: 0.8052  last_time: 0.8086  data_time: 0.1469  last_data_time: 0.1469   lr: 9.0216e-08  max_mem: 12316M
[03/19 04:49:45 d2.utils.events]:  eta: 0:06:52  iter: 19479  total_loss: 5.347  loss_ce: 0.006324  loss_mask: 0.04143  loss_dice: 0.4515  loss_ce_0: 0.09599  loss_mask_0: 0.04389  loss_dice_0: 0.4694  loss_ce_1: 0.01519  loss_mask_1: 0.04353  loss_dice_1: 0.4648  loss_ce_2: 0.00653  loss_mask_2: 0.04211  loss_dice_2: 0.4789  loss_ce_3: 0.006006  loss_mask_3: 0.04632  loss_dice_3: 0.4846  loss_ce_4: 0.007007  loss_mask_4: 0.04012  loss_dice_4: 0.4896  loss_ce_5: 0.007079  loss_mask_5: 0.04359  loss_dice_5: 0.4841  loss_ce_6: 0.006511  loss_mask_6: 0.04505  loss_dice_6: 0.4674  loss_ce_7: 0.006462  loss_mask_7: 0.04615  loss_dice_7: 0.4556  loss_ce_8: 0.006627  loss_mask_8: 0.04506  loss_dice_8: 0.4999    time: 0.8052  last_time: 0.9966  data_time: 0.1902  last_data_time: 0.1902   lr: 8.3673e-08  max_mem: 12316M
[03/19 04:50:02 d2.utils.events]:  eta: 0:06:36  iter: 19499  total_loss: 8.858  loss_ce: 0.05006  loss_mask: 0.02269  loss_dice: 0.7856  loss_ce_0: 0.1418  loss_mask_0: 0.0272  loss_dice_0: 0.9401  loss_ce_1: 0.07094  loss_mask_1: 0.02312  loss_dice_1: 0.6125  loss_ce_2: 0.05168  loss_mask_2: 0.02823  loss_dice_2: 0.617  loss_ce_3: 0.04  loss_mask_3: 0.02327  loss_dice_3: 0.6789  loss_ce_4: 0.0454  loss_mask_4: 0.03193  loss_dice_4: 0.8846  loss_ce_5: 0.1021  loss_mask_5: 0.0267  loss_dice_5: 0.6  loss_ce_6: 0.06272  loss_mask_6: 0.02152  loss_dice_6: 0.8863  loss_ce_7: 0.09204  loss_mask_7: 0.02602  loss_dice_7: 1.022  loss_ce_8: 0.05135  loss_mask_8: 0.02641  loss_dice_8: 0.8661    time: 0.8052  last_time: 0.8406  data_time: 0.1648  last_data_time: 0.1648   lr: 7.7375e-08  max_mem: 12316M
[03/19 04:50:18 d2.utils.events]:  eta: 0:06:20  iter: 19519  total_loss: 6.29  loss_ce: 0.02531  loss_mask: 0.02356  loss_dice: 0.6004  loss_ce_0: 0.162  loss_mask_0: 0.03329  loss_dice_0: 0.7612  loss_ce_1: 0.03729  loss_mask_1: 0.02092  loss_dice_1: 0.5061  loss_ce_2: 0.02762  loss_mask_2: 0.02308  loss_dice_2: 0.623  loss_ce_3: 0.02762  loss_mask_3: 0.02197  loss_dice_3: 0.5838  loss_ce_4: 0.02671  loss_mask_4: 0.02121  loss_dice_4: 0.3763  loss_ce_5: 0.02552  loss_mask_5: 0.02599  loss_dice_5: 0.6731  loss_ce_6: 0.02632  loss_mask_6: 0.02662  loss_dice_6: 0.6538  loss_ce_7: 0.02507  loss_mask_7: 0.02343  loss_dice_7: 0.3991  loss_ce_8: 0.02415  loss_mask_8: 0.02241  loss_dice_8: 0.4636    time: 0.8052  last_time: 0.7981  data_time: 0.1236  last_data_time: 0.1236   lr: 7.1324e-08  max_mem: 12316M
[03/19 04:50:34 d2.utils.events]:  eta: 0:06:04  iter: 19539  total_loss: 11.07  loss_ce: 0.1045  loss_mask: 0.04568  loss_dice: 0.9504  loss_ce_0: 0.242  loss_mask_0: 0.05232  loss_dice_0: 0.9634  loss_ce_1: 0.1687  loss_mask_1: 0.04801  loss_dice_1: 1.025  loss_ce_2: 0.1569  loss_mask_2: 0.03875  loss_dice_2: 0.9795  loss_ce_3: 0.08225  loss_mask_3: 0.04368  loss_dice_3: 1.062  loss_ce_4: 0.1312  loss_mask_4: 0.03957  loss_dice_4: 0.7627  loss_ce_5: 0.133  loss_mask_5: 0.03607  loss_dice_5: 0.9142  loss_ce_6: 0.1141  loss_mask_6: 0.04003  loss_dice_6: 0.8464  loss_ce_7: 0.1266  loss_mask_7: 0.04479  loss_dice_7: 0.9493  loss_ce_8: 0.1581  loss_mask_8: 0.04497  loss_dice_8: 0.7619    time: 0.8052  last_time: 0.7948  data_time: 0.1273  last_data_time: 0.1273   lr: 6.5518e-08  max_mem: 12316M
[03/19 04:50:51 d2.utils.events]:  eta: 0:05:48  iter: 19559  total_loss: 6.578  loss_ce: 0.04735  loss_mask: 0.0272  loss_dice: 0.4682  loss_ce_0: 0.2575  loss_mask_0: 0.03999  loss_dice_0: 0.6366  loss_ce_1: 0.1056  loss_mask_1: 0.02921  loss_dice_1: 0.6478  loss_ce_2: 0.03143  loss_mask_2: 0.03147  loss_dice_2: 0.5504  loss_ce_3: 0.03113  loss_mask_3: 0.03116  loss_dice_3: 0.5756  loss_ce_4: 0.03375  loss_mask_4: 0.0285  loss_dice_4: 0.4906  loss_ce_5: 0.03406  loss_mask_5: 0.0298  loss_dice_5: 0.5554  loss_ce_6: 0.03282  loss_mask_6: 0.02668  loss_dice_6: 0.4499  loss_ce_7: 0.07585  loss_mask_7: 0.02922  loss_dice_7: 0.6006  loss_ce_8: 0.0654  loss_mask_8: 0.02527  loss_dice_8: 0.5891    time: 0.8052  last_time: 0.7399  data_time: 0.0716  last_data_time: 0.0716   lr: 5.9959e-08  max_mem: 12316M
[03/19 04:51:07 d2.utils.events]:  eta: 0:05:32  iter: 19579  total_loss: 8.031  loss_ce: 0.01146  loss_mask: 0.03295  loss_dice: 0.8777  loss_ce_0: 0.08584  loss_mask_0: 0.03203  loss_dice_0: 0.5979  loss_ce_1: 0.02628  loss_mask_1: 0.04256  loss_dice_1: 0.7724  loss_ce_2: 0.01108  loss_mask_2: 0.03281  loss_dice_2: 0.957  loss_ce_3: 0.009472  loss_mask_3: 0.0288  loss_dice_3: 0.6561  loss_ce_4: 0.008336  loss_mask_4: 0.02931  loss_dice_4: 0.7317  loss_ce_5: 0.01336  loss_mask_5: 0.02933  loss_dice_5: 0.6697  loss_ce_6: 0.007446  loss_mask_6: 0.03079  loss_dice_6: 0.805  loss_ce_7: 0.007372  loss_mask_7: 0.0347  loss_dice_7: 0.8995  loss_ce_8: 0.007086  loss_mask_8: 0.03175  loss_dice_8: 0.551    time: 0.8052  last_time: 0.7975  data_time: 0.1345  last_data_time: 0.1345   lr: 5.4646e-08  max_mem: 12316M
[03/19 04:51:23 d2.utils.events]:  eta: 0:05:17  iter: 19599  total_loss: 8.684  loss_ce: 0.08706  loss_mask: 0.03614  loss_dice: 0.7089  loss_ce_0: 0.2273  loss_mask_0: 0.04462  loss_dice_0: 0.7549  loss_ce_1: 0.09316  loss_mask_1: 0.03464  loss_dice_1: 0.6958  loss_ce_2: 0.06632  loss_mask_2: 0.03912  loss_dice_2: 0.7458  loss_ce_3: 0.09848  loss_mask_3: 0.03382  loss_dice_3: 0.6697  loss_ce_4: 0.09766  loss_mask_4: 0.03134  loss_dice_4: 0.6638  loss_ce_5: 0.1095  loss_mask_5: 0.03584  loss_dice_5: 0.7462  loss_ce_6: 0.1106  loss_mask_6: 0.03763  loss_dice_6: 0.714  loss_ce_7: 0.09737  loss_mask_7: 0.03705  loss_dice_7: 0.7631  loss_ce_8: 0.1023  loss_mask_8: 0.03653  loss_dice_8: 0.7655    time: 0.8052  last_time: 0.7761  data_time: 0.1112  last_data_time: 0.1112   lr: 4.9579e-08  max_mem: 12316M
[03/19 04:51:39 d2.utils.events]:  eta: 0:05:01  iter: 19619  total_loss: 6.531  loss_ce: 0.01183  loss_mask: 0.03854  loss_dice: 0.5272  loss_ce_0: 0.3613  loss_mask_0: 0.05896  loss_dice_0: 0.602  loss_ce_1: 0.126  loss_mask_1: 0.04242  loss_dice_1: 0.5199  loss_ce_2: 0.06252  loss_mask_2: 0.03491  loss_dice_2: 0.4733  loss_ce_3: 0.0677  loss_mask_3: 0.03507  loss_dice_3: 0.5677  loss_ce_4: 0.0128  loss_mask_4: 0.04056  loss_dice_4: 0.5601  loss_ce_5: 0.01347  loss_mask_5: 0.03947  loss_dice_5: 0.5305  loss_ce_6: 0.01356  loss_mask_6: 0.03522  loss_dice_6: 0.4998  loss_ce_7: 0.0119  loss_mask_7: 0.04149  loss_dice_7: 0.6205  loss_ce_8: 0.01273  loss_mask_8: 0.03756  loss_dice_8: 0.5319    time: 0.8052  last_time: 0.8116  data_time: 0.1338  last_data_time: 0.1338   lr: 4.4758e-08  max_mem: 12316M
[03/19 04:51:56 d2.utils.events]:  eta: 0:04:45  iter: 19639  total_loss: 6.014  loss_ce: 0.02223  loss_mask: 0.02329  loss_dice: 0.6592  loss_ce_0: 0.4421  loss_mask_0: 0.02105  loss_dice_0: 0.5654  loss_ce_1: 0.07668  loss_mask_1: 0.0242  loss_dice_1: 0.5435  loss_ce_2: 0.0722  loss_mask_2: 0.02587  loss_dice_2: 0.4493  loss_ce_3: 0.02069  loss_mask_3: 0.02417  loss_dice_3: 0.5212  loss_ce_4: 0.02421  loss_mask_4: 0.02483  loss_dice_4: 0.462  loss_ce_5: 0.0255  loss_mask_5: 0.03053  loss_dice_5: 0.5322  loss_ce_6: 0.02557  loss_mask_6: 0.02128  loss_dice_6: 0.3844  loss_ce_7: 0.02577  loss_mask_7: 0.02226  loss_dice_7: 0.4291  loss_ce_8: 0.02291  loss_mask_8: 0.02267  loss_dice_8: 0.4701    time: 0.8052  last_time: 0.9720  data_time: 0.1482  last_data_time: 0.1482   lr: 4.0184e-08  max_mem: 12316M
[03/19 04:52:12 d2.utils.events]:  eta: 0:04:29  iter: 19659  total_loss: 9.774  loss_ce: 0.01137  loss_mask: 0.03989  loss_dice: 1.013  loss_ce_0: 0.115  loss_mask_0: 0.04076  loss_dice_0: 1.061  loss_ce_1: 0.02749  loss_mask_1: 0.03183  loss_dice_1: 0.6775  loss_ce_2: 0.08026  loss_mask_2: 0.0357  loss_dice_2: 1.05  loss_ce_3: 0.01336  loss_mask_3: 0.04202  loss_dice_3: 0.9689  loss_ce_4: 0.01234  loss_mask_4: 0.03913  loss_dice_4: 0.996  loss_ce_5: 0.01272  loss_mask_5: 0.03378  loss_dice_5: 0.7344  loss_ce_6: 0.01125  loss_mask_6: 0.04239  loss_dice_6: 0.9286  loss_ce_7: 0.0114  loss_mask_7: 0.04073  loss_dice_7: 0.8005  loss_ce_8: 0.01091  loss_mask_8: 0.04102  loss_dice_8: 0.8515    time: 0.8052  last_time: 0.7906  data_time: 0.1309  last_data_time: 0.1309   lr: 3.5855e-08  max_mem: 12316M
[03/19 04:52:28 d2.utils.events]:  eta: 0:04:13  iter: 19679  total_loss: 9.014  loss_ce: 0.1025  loss_mask: 0.02795  loss_dice: 0.7214  loss_ce_0: 0.2555  loss_mask_0: 0.0315  loss_dice_0: 0.7653  loss_ce_1: 0.1131  loss_mask_1: 0.0312  loss_dice_1: 0.9446  loss_ce_2: 0.1697  loss_mask_2: 0.02993  loss_dice_2: 0.6273  loss_ce_3: 0.08116  loss_mask_3: 0.03126  loss_dice_3: 0.6992  loss_ce_4: 0.04563  loss_mask_4: 0.0298  loss_dice_4: 0.7453  loss_ce_5: 0.1036  loss_mask_5: 0.03025  loss_dice_5: 0.7121  loss_ce_6: 0.1035  loss_mask_6: 0.0298  loss_dice_6: 0.8276  loss_ce_7: 0.1007  loss_mask_7: 0.03029  loss_dice_7: 0.7704  loss_ce_8: 0.04217  loss_mask_8: 0.03114  loss_dice_8: 0.7803    time: 0.8052  last_time: 0.7330  data_time: 0.0719  last_data_time: 0.0719   lr: 3.1774e-08  max_mem: 12316M
[03/19 04:52:44 d2.utils.events]:  eta: 0:03:57  iter: 19699  total_loss: 4.57  loss_ce: 0.006253  loss_mask: 0.0411  loss_dice: 0.4863  loss_ce_0: 0.0749  loss_mask_0: 0.0477  loss_dice_0: 0.482  loss_ce_1: 0.007743  loss_mask_1: 0.03694  loss_dice_1: 0.3842  loss_ce_2: 0.006013  loss_mask_2: 0.03614  loss_dice_2: 0.3937  loss_ce_3: 0.005988  loss_mask_3: 0.03573  loss_dice_3: 0.3913  loss_ce_4: 0.006547  loss_mask_4: 0.03175  loss_dice_4: 0.2978  loss_ce_5: 0.007084  loss_mask_5: 0.03465  loss_dice_5: 0.375  loss_ce_6: 0.006541  loss_mask_6: 0.03759  loss_dice_6: 0.4595  loss_ce_7: 0.006413  loss_mask_7: 0.03835  loss_dice_7: 0.4197  loss_ce_8: 0.005986  loss_mask_8: 0.03479  loss_dice_8: 0.3717    time: 0.8052  last_time: 0.7904  data_time: 0.1376  last_data_time: 0.1376   lr: 2.7938e-08  max_mem: 12316M
[03/19 04:53:00 d2.utils.events]:  eta: 0:03:41  iter: 19719  total_loss: 5.262  loss_ce: 0.006947  loss_mask: 0.02266  loss_dice: 0.4671  loss_ce_0: 0.1928  loss_mask_0: 0.02501  loss_dice_0: 0.6072  loss_ce_1: 0.01204  loss_mask_1: 0.02005  loss_dice_1: 0.4209  loss_ce_2: 0.007958  loss_mask_2: 0.02316  loss_dice_2: 0.4176  loss_ce_3: 0.007104  loss_mask_3: 0.02275  loss_dice_3: 0.4863  loss_ce_4: 0.007043  loss_mask_4: 0.0194  loss_dice_4: 0.4023  loss_ce_5: 0.006929  loss_mask_5: 0.02844  loss_dice_5: 0.5755  loss_ce_6: 0.006767  loss_mask_6: 0.02312  loss_dice_6: 0.4942  loss_ce_7: 0.007746  loss_mask_7: 0.02242  loss_dice_7: 0.4679  loss_ce_8: 0.007609  loss_mask_8: 0.02308  loss_dice_8: 0.4297    time: 0.8052  last_time: 0.8228  data_time: 0.1436  last_data_time: 0.1436   lr: 2.435e-08  max_mem: 12316M
[03/19 04:53:17 d2.utils.events]:  eta: 0:03:26  iter: 19739  total_loss: 7.712  loss_ce: 0.01299  loss_mask: 0.02712  loss_dice: 0.6576  loss_ce_0: 0.1402  loss_mask_0: 0.03371  loss_dice_0: 0.7764  loss_ce_1: 0.01398  loss_mask_1: 0.03469  loss_dice_1: 0.7088  loss_ce_2: 0.06223  loss_mask_2: 0.04269  loss_dice_2: 1.003  loss_ce_3: 0.01704  loss_mask_3: 0.03292  loss_dice_3: 0.7608  loss_ce_4: 0.006359  loss_mask_4: 0.03372  loss_dice_4: 0.6391  loss_ce_5: 0.005735  loss_mask_5: 0.03094  loss_dice_5: 0.6522  loss_ce_6: 0.006725  loss_mask_6: 0.0299  loss_dice_6: 0.6344  loss_ce_7: 0.007083  loss_mask_7: 0.03263  loss_dice_7: 0.6228  loss_ce_8: 0.006808  loss_mask_8: 0.03272  loss_dice_8: 0.6461    time: 0.8052  last_time: 0.8214  data_time: 0.1564  last_data_time: 0.1564   lr: 2.1007e-08  max_mem: 12316M
[03/19 04:53:33 d2.utils.events]:  eta: 0:03:10  iter: 19759  total_loss: 6.617  loss_ce: 0.005494  loss_mask: 0.03267  loss_dice: 0.6058  loss_ce_0: 0.09976  loss_mask_0: 0.03813  loss_dice_0: 0.6869  loss_ce_1: 0.01201  loss_mask_1: 0.0295  loss_dice_1: 0.5556  loss_ce_2: 0.005929  loss_mask_2: 0.02898  loss_dice_2: 0.5834  loss_ce_3: 0.005013  loss_mask_3: 0.03483  loss_dice_3: 0.6593  loss_ce_4: 0.004721  loss_mask_4: 0.02989  loss_dice_4: 0.617  loss_ce_5: 0.004233  loss_mask_5: 0.02968  loss_dice_5: 0.5727  loss_ce_6: 0.004463  loss_mask_6: 0.03122  loss_dice_6: 0.6485  loss_ce_7: 0.004925  loss_mask_7: 0.03284  loss_dice_7: 0.6284  loss_ce_8: 0.005582  loss_mask_8: 0.03086  loss_dice_8: 0.5882    time: 0.8052  last_time: 0.7338  data_time: 0.0622  last_data_time: 0.0622   lr: 1.7912e-08  max_mem: 12316M
[03/19 04:53:49 d2.utils.events]:  eta: 0:02:54  iter: 19779  total_loss: 9.11  loss_ce: 0.03782  loss_mask: 0.02382  loss_dice: 0.8369  loss_ce_0: 0.1457  loss_mask_0: 0.02986  loss_dice_0: 0.829  loss_ce_1: 0.1202  loss_mask_1: 0.05168  loss_dice_1: 0.9521  loss_ce_2: 0.04451  loss_mask_2: 0.02683  loss_dice_2: 0.6869  loss_ce_3: 0.04185  loss_mask_3: 0.02467  loss_dice_3: 0.7342  loss_ce_4: 0.04178  loss_mask_4: 0.03296  loss_dice_4: 0.8865  loss_ce_5: 0.03974  loss_mask_5: 0.02642  loss_dice_5: 0.7685  loss_ce_6: 0.03992  loss_mask_6: 0.02497  loss_dice_6: 0.8777  loss_ce_7: 0.04  loss_mask_7: 0.02551  loss_dice_7: 0.7453  loss_ce_8: 0.03879  loss_mask_8: 0.02587  loss_dice_8: 0.9102    time: 0.8052  last_time: 0.8197  data_time: 0.1406  last_data_time: 0.1406   lr: 1.5062e-08  max_mem: 12316M
[03/19 04:54:05 d2.utils.events]:  eta: 0:02:38  iter: 19799  total_loss: 6.187  loss_ce: 0.006343  loss_mask: 0.02695  loss_dice: 0.5719  loss_ce_0: 0.1917  loss_mask_0: 0.03055  loss_dice_0: 0.6245  loss_ce_1: 0.005732  loss_mask_1: 0.02784  loss_dice_1: 0.6238  loss_ce_2: 0.005733  loss_mask_2: 0.02767  loss_dice_2: 0.5347  loss_ce_3: 0.004947  loss_mask_3: 0.03341  loss_dice_3: 0.6013  loss_ce_4: 0.005602  loss_mask_4: 0.03129  loss_dice_4: 0.5951  loss_ce_5: 0.004768  loss_mask_5: 0.02772  loss_dice_5: 0.537  loss_ce_6: 0.005287  loss_mask_6: 0.02746  loss_dice_6: 0.5026  loss_ce_7: 0.00559  loss_mask_7: 0.03028  loss_dice_7: 0.5447  loss_ce_8: 0.005529  loss_mask_8: 0.02638  loss_dice_8: 0.5205    time: 0.8052  last_time: 0.8246  data_time: 0.1473  last_data_time: 0.1473   lr: 1.246e-08  max_mem: 12316M
[03/19 04:54:22 d2.utils.events]:  eta: 0:02:22  iter: 19819  total_loss: 7.721  loss_ce: 0.02575  loss_mask: 0.04629  loss_dice: 0.6636  loss_ce_0: 0.195  loss_mask_0: 0.0587  loss_dice_0: 0.7177  loss_ce_1: 0.08679  loss_mask_1: 0.04151  loss_dice_1: 0.5734  loss_ce_2: 0.09105  loss_mask_2: 0.04198  loss_dice_2: 0.6454  loss_ce_3: 0.0941  loss_mask_3: 0.04401  loss_dice_3: 0.6454  loss_ce_4: 0.08795  loss_mask_4: 0.04368  loss_dice_4: 0.6375  loss_ce_5: 0.08255  loss_mask_5: 0.04327  loss_dice_5: 0.6481  loss_ce_6: 0.0734  loss_mask_6: 0.04821  loss_dice_6: 0.6189  loss_ce_7: 0.02876  loss_mask_7: 0.0435  loss_dice_7: 0.6406  loss_ce_8: 0.02755  loss_mask_8: 0.04868  loss_dice_8: 0.6781    time: 0.8052  last_time: 0.7885  data_time: 0.1170  last_data_time: 0.1170   lr: 1.0104e-08  max_mem: 12316M
[03/19 04:54:38 d2.utils.events]:  eta: 0:02:06  iter: 19839  total_loss: 6.867  loss_ce: 0.008621  loss_mask: 0.05651  loss_dice: 0.6091  loss_ce_0: 0.0749  loss_mask_0: 0.05839  loss_dice_0: 0.5978  loss_ce_1: 0.01073  loss_mask_1: 0.0561  loss_dice_1: 0.5339  loss_ce_2: 0.01137  loss_mask_2: 0.05781  loss_dice_2: 0.645  loss_ce_3: 0.009481  loss_mask_3: 0.07281  loss_dice_3: 0.7154  loss_ce_4: 0.009732  loss_mask_4: 0.06451  loss_dice_4: 0.7112  loss_ce_5: 0.009027  loss_mask_5: 0.06089  loss_dice_5: 0.6261  loss_ce_6: 0.00873  loss_mask_6: 0.05598  loss_dice_6: 0.5605  loss_ce_7: 0.009223  loss_mask_7: 0.06248  loss_dice_7: 0.5921  loss_ce_8: 0.009353  loss_mask_8: 0.0544  loss_dice_8: 0.5149    time: 0.8052  last_time: 0.8564  data_time: 0.1852  last_data_time: 0.1852   lr: 7.9943e-09  max_mem: 12316M
[03/19 04:54:55 d2.utils.events]:  eta: 0:01:51  iter: 19859  total_loss: 6.735  loss_ce: 0.006063  loss_mask: 0.05033  loss_dice: 0.6294  loss_ce_0: 0.2055  loss_mask_0: 0.05427  loss_dice_0: 0.57  loss_ce_1: 0.01221  loss_mask_1: 0.04186  loss_dice_1: 0.5582  loss_ce_2: 0.009167  loss_mask_2: 0.05121  loss_dice_2: 0.6644  loss_ce_3: 0.008591  loss_mask_3: 0.05247  loss_dice_3: 0.6305  loss_ce_4: 0.006917  loss_mask_4: 0.04525  loss_dice_4: 0.5662  loss_ce_5: 0.005464  loss_mask_5: 0.04551  loss_dice_5: 0.5033  loss_ce_6: 0.006124  loss_mask_6: 0.04535  loss_dice_6: 0.64  loss_ce_7: 0.005852  loss_mask_7: 0.04979  loss_dice_7: 0.6155  loss_ce_8: 0.006015  loss_mask_8: 0.04938  loss_dice_8: 0.5997    time: 0.8052  last_time: 0.8461  data_time: 0.1715  last_data_time: 0.1715   lr: 6.1315e-09  max_mem: 12316M
[03/19 04:55:11 d2.utils.events]:  eta: 0:01:35  iter: 19879  total_loss: 5.116  loss_ce: 0.006856  loss_mask: 0.0319  loss_dice: 0.4856  loss_ce_0: 0.2159  loss_mask_0: 0.0517  loss_dice_0: 0.5114  loss_ce_1: 0.01176  loss_mask_1: 0.03231  loss_dice_1: 0.41  loss_ce_2: 0.009948  loss_mask_2: 0.03414  loss_dice_2: 0.4638  loss_ce_3: 0.007036  loss_mask_3: 0.03097  loss_dice_3: 0.4774  loss_ce_4: 0.007189  loss_mask_4: 0.03035  loss_dice_4: 0.4268  loss_ce_5: 0.006416  loss_mask_5: 0.03355  loss_dice_5: 0.4498  loss_ce_6: 0.006422  loss_mask_6: 0.03156  loss_dice_6: 0.4373  loss_ce_7: 0.006336  loss_mask_7: 0.03112  loss_dice_7: 0.453  loss_ce_8: 0.007254  loss_mask_8: 0.02607  loss_dice_8: 0.3816    time: 0.8052  last_time: 0.8582  data_time: 0.1852  last_data_time: 0.1852   lr: 4.5155e-09  max_mem: 12316M
[03/19 04:55:28 d2.utils.events]:  eta: 0:01:19  iter: 19899  total_loss: 6.496  loss_ce: 0.008251  loss_mask: 0.04289  loss_dice: 0.6065  loss_ce_0: 0.1241  loss_mask_0: 0.04307  loss_dice_0: 0.6558  loss_ce_1: 0.005597  loss_mask_1: 0.04605  loss_dice_1: 0.5749  loss_ce_2: 0.005072  loss_mask_2: 0.04134  loss_dice_2: 0.5341  loss_ce_3: 0.006974  loss_mask_3: 0.04043  loss_dice_3: 0.5352  loss_ce_4: 0.007603  loss_mask_4: 0.04953  loss_dice_4: 0.58  loss_ce_5: 0.006706  loss_mask_5: 0.05103  loss_dice_5: 0.6959  loss_ce_6: 0.006967  loss_mask_6: 0.04657  loss_dice_6: 0.5791  loss_ce_7: 0.007035  loss_mask_7: 0.0447  loss_dice_7: 0.5491  loss_ce_8: 0.00734  loss_mask_8: 0.04678  loss_dice_8: 0.5474    time: 0.8052  last_time: 0.8209  data_time: 0.1363  last_data_time: 0.1363   lr: 3.1462e-09  max_mem: 12316M
[03/19 04:55:44 d2.utils.events]:  eta: 0:01:03  iter: 19919  total_loss: 7.782  loss_ce: 0.124  loss_mask: 0.04839  loss_dice: 0.4503  loss_ce_0: 0.14  loss_mask_0: 0.0518  loss_dice_0: 0.619  loss_ce_1: 0.05217  loss_mask_1: 0.05517  loss_dice_1: 0.71  loss_ce_2: 0.1026  loss_mask_2: 0.04204  loss_dice_2: 0.6294  loss_ce_3: 0.0788  loss_mask_3: 0.0449  loss_dice_3: 0.6966  loss_ce_4: 0.04646  loss_mask_4: 0.04744  loss_dice_4: 0.7412  loss_ce_5: 0.04853  loss_mask_5: 0.05158  loss_dice_5: 0.7874  loss_ce_6: 0.04257  loss_mask_6: 0.05151  loss_dice_6: 0.7481  loss_ce_7: 0.1151  loss_mask_7: 0.04958  loss_dice_7: 0.5131  loss_ce_8: 0.1143  loss_mask_8: 0.05311  loss_dice_8: 0.527    time: 0.8052  last_time: 0.8063  data_time: 0.1288  last_data_time: 0.1288   lr: 2.0236e-09  max_mem: 12316M
[03/19 04:56:01 d2.utils.events]:  eta: 0:00:47  iter: 19939  total_loss: 6.344  loss_ce: 0.02874  loss_mask: 0.02744  loss_dice: 0.647  loss_ce_0: 0.2405  loss_mask_0: 0.04095  loss_dice_0: 0.6785  loss_ce_1: 0.009466  loss_mask_1: 0.0308  loss_dice_1: 0.5398  loss_ce_2: 0.07871  loss_mask_2: 0.02812  loss_dice_2: 0.4487  loss_ce_3: 0.01063  loss_mask_3: 0.03079  loss_dice_3: 0.5354  loss_ce_4: 0.009895  loss_mask_4: 0.02981  loss_dice_4: 0.5175  loss_ce_5: 0.01006  loss_mask_5: 0.03211  loss_dice_5: 0.5479  loss_ce_6: 0.01005  loss_mask_6: 0.02906  loss_dice_6: 0.5449  loss_ce_7: 0.01102  loss_mask_7: 0.03162  loss_dice_7: 0.628  loss_ce_8: 0.01248  loss_mask_8: 0.02949  loss_dice_8: 0.5245    time: 0.8052  last_time: 0.8185  data_time: 0.1438  last_data_time: 0.1438   lr: 1.1476e-09  max_mem: 12316M
[03/19 04:56:17 d2.utils.events]:  eta: 0:00:31  iter: 19959  total_loss: 4.513  loss_ce: 0.002511  loss_mask: 0.03512  loss_dice: 0.3847  loss_ce_0: 0.08584  loss_mask_0: 0.03909  loss_dice_0: 0.4786  loss_ce_1: 0.005255  loss_mask_1: 0.04195  loss_dice_1: 0.4202  loss_ce_2: 0.00331  loss_mask_2: 0.04149  loss_dice_2: 0.4278  loss_ce_3: 0.002612  loss_mask_3: 0.03324  loss_dice_3: 0.3557  loss_ce_4: 0.002278  loss_mask_4: 0.03832  loss_dice_4: 0.4139  loss_ce_5: 0.002343  loss_mask_5: 0.03715  loss_dice_5: 0.3822  loss_ce_6: 0.00245  loss_mask_6: 0.03955  loss_dice_6: 0.3948  loss_ce_7: 0.002449  loss_mask_7: 0.03666  loss_dice_7: 0.3962  loss_ce_8: 0.002537  loss_mask_8: 0.0353  loss_dice_8: 0.3699    time: 0.8052  last_time: 0.8206  data_time: 0.1590  last_data_time: 0.1590   lr: 5.1846e-10  max_mem: 12316M
[03/19 04:56:34 d2.utils.events]:  eta: 0:00:15  iter: 19979  total_loss: 7.005  loss_ce: 0.08385  loss_mask_2: 0.04549  loss_dice_2: 0.641  loss_ce_3: 0.007121  loss_mask_3: 0.03842  loss_dice_3: 0.6107  loss_ce_4: 0.007562  loss_mask_4: 0.03407  loss_dice_4: 0.6344  loss_ce_5: 0.007892  loss_mask_5: 0.03337  loss_dice_5: 0.5941  loss_ce_6: 0.006835  loss_mask_6: 0.03971  loss_dice_6: 0.6592  loss_ce_7: 0.007121  loss_mask_7: 0.03563  loss_dice_7: 0.5838  loss_ce_8: 0.007107  loss_mask_8: 0.03621  loss_dice_8: 0.5954    time: 0.8053  last_time: 0.8142  data_time: 0.1432  last_data_time: 0.1432   lr: 1.3602e-10  max_mem: 12316M
[03/19 04:56:50 fvcore.common.checkpoint]: Saving checkpoint to /mnt/data/mis2025/group_6/Parameter/trained_para/graphene_mid_finetune_remove_small_falkes/model_0019999.pth
[03/19 04:56:51 fvcore.common.checkpoint]: Saving checkpoint to /mnt/data/mis2025/group_6/Parameter/trained_para/graphene_mid_finetune_remove_small_falkes/model_final.pth
[03/19 04:56:51 d2.utils.events]:  eta: 0:00:00  iter: 19999  total_loss: 7.407  loss_ce: 0.008642  loss_mask: 0.02837  loss_dice: 0.7672  loss_ce_0: 0.2814  loss_mask_0: 0.03424  loss_dice_0: 0.6946  loss_ce_1: 0.01128  loss_mask_1: 0.02639  loss_dice_1: 0.5959  loss_ce_2: 0.0155  loss_mask_2: 0.02721  loss_dice_2: 0.7016  loss_ce_3: 0.07005  loss_mask_3: 0.02854  loss_dice_3: 0.6887  loss_ce_4: 0.008662  loss_mask_4: 0.02884  loss_dice_4: 0.5865  loss_ce_5: 0.006578  loss_mask_5: 0.03363  loss_dice_5: 0.7895  loss_ce_6: 0.007255  loss_mask_6: 0.02847  loss_dice_6: 0.6075  loss_ce_7: 0.008065  loss_mask_7: 0.02897  loss_dice_7: 0.6086  loss_ce_8: 0.007786  loss_mask_8: 0.02838  loss_dice_8: 0.6486    time: 0.8053  last_time: 0.8871  data_time: 0.1975  last_data_time: 0.1975   lr: 3.0843e-13  max_mem: 12316M
[03/19 04:56:51 d2.engine.hooks]: Overall training speed: 19998 iterations in 4:28:23 (0.8053 s / it)
[03/19 04:56:51 d2.engine.hooks]: Total training time: 4:31:27 (0:03:03 on hooks)
006446  loss_mask: 0.03447  loss_dice: 0.6116  loss_ce_0: 0.1395  loss_mask_0: 0.04851  loss_dice_0: 0.7989  loss_ce_1: 0.01083  loss_mask_1: 0.0416  loss_dice_1: 0.68  loss_ce_2: 0.0