nohup: ignoring input
Command Line Args: Namespace(config_file='configs/M2F/base_config_old.yaml', resume=False, num_gpus=1, num_machines=1, machine_rank=0, pretraining_augmentations=False, train_image_root='/mnt/data/mis2025/group_6/Data/graphene.v4i.coco/train', train_annotation_path='/mnt/data/mis2025/group_6/Data/graphene.v4i.coco/train/_annotations_rle_1class.coco.json', train_mode='normal', diffusion_train_image_root=None, diffusion_train_annotation_path=None, dist_url='auto', opts=['OUTPUT_DIR', '/mnt/data/mis2025/group_6/Parameter/trained_para/graphene_mid_finetune_unfreeze_2stages', 'MODEL.WEIGHTS', '/mnt/data/mis2025/group_6/Parameter/pre_train_para/graphene_mid/model_final.pth'])
[03/18 12:12:41 detectron2]: Rank of current process: 0. World size: 1
[03/18 12:12:42 detectron2]: Environment info:
-------------------------------  ----------------------------------------------------------------------------------------------------------
sys.platform                     linux
Python                           3.12.12 | packaged by Anaconda, Inc. | (main, Oct 21 2025, 20:16:04) [GCC 11.2.0]
numpy                            2.1.2
detectron2                       0.6 @/mnt/data/mis2025/group_6/anaconda3/envs/maskterial/lib/python3.12/site-packages/detectron2
Compiler                         GCC 9.4
CUDA compiler                    CUDA 11.6
detectron2 arch flags            8.6
DETECTRON2_ENV_MODULE            <not set>
PyTorch                          2.5.1+cu118 @/mnt/data/mis2025/group_6/anaconda3/envs/maskterial/lib/python3.12/site-packages/torch
PyTorch debug build              False
torch._C._GLIBCXX_USE_CXX11_ABI  False
GPU available                    Yes
GPU 0                            NVIDIA GeForce RTX 3090 (arch=8.6)
Driver version                   555.42.02
CUDA_HOME                        /usr/local/cuda-11.6
Pillow                           11.3.0
torchvision                      0.20.1+cu118 @/mnt/data/mis2025/group_6/anaconda3/envs/maskterial/lib/python3.12/site-packages/torchvision
torchvision arch flags           3.5, 5.0, 6.0, 7.0, 7.5, 8.0, 8.6
fvcore                           0.1.5.post20221221
iopath                           0.1.9
cv2                              4.10.0
-------------------------------  ----------------------------------------------------------------------------------------------------------
PyTorch built with:
  - GCC 9.3
  - C++ Version: 201703
  - Intel(R) oneAPI Math Kernel Library Version 2024.2-Product Build 20240605 for Intel(R) 64 architecture applications
  - Intel(R) MKL-DNN v3.5.3 (Git Hash 66f0cb9eb66affd2da3bf5f8d897376f04aae6af)
  - OpenMP 201511 (a.k.a. OpenMP 4.5)
  - LAPACK is enabled (usually provided by MKL)
  - NNPACK is enabled
  - CPU capability usage: AVX2
  - CUDA Runtime 11.8
  - NVCC architecture flags: -gencode;arch=compute_50,code=sm_50;-gencode;arch=compute_60,code=sm_60;-gencode;arch=compute_70,code=sm_70;-gencode;arch=compute_75,code=sm_75;-gencode;arch=compute_80,code=sm_80;-gencode;arch=compute_86,code=sm_86;-gencode;arch=compute_37,code=sm_37;-gencode;arch=compute_90,code=sm_90
  - CuDNN 90.1
  - Magma 2.6.1
  - Build settings: BLAS_INFO=mkl, BUILD_TYPE=Release, CUDA_VERSION=11.8, CUDNN_VERSION=9.1.0, CXX_COMPILER=/opt/rh/devtoolset-9/root/usr/bin/c++, CXX_FLAGS= -D_GLIBCXX_USE_CXX11_ABI=0 -fabi-version=11 -fvisibility-inlines-hidden -DUSE_PTHREADPOOL -DNDEBUG -DUSE_KINETO -DLIBKINETO_NOROCTRACER -DLIBKINETO_NOXPUPTI=ON -DUSE_FBGEMM -DUSE_PYTORCH_QNNPACK -DUSE_XNNPACK -DSYMBOLICATE_MOBILE_DEBUG_HANDLE -O2 -fPIC -Wall -Wextra -Werror=return-type -Werror=non-virtual-dtor -Werror=bool-operation -Wnarrowing -Wno-missing-field-initializers -Wno-type-limits -Wno-array-bounds -Wno-unknown-pragmas -Wno-unused-parameter -Wno-strict-overflow -Wno-strict-aliasing -Wno-stringop-overflow -Wsuggest-override -Wno-psabi -Wno-error=old-style-cast -Wno-missing-braces -fdiagnostics-color=always -faligned-new -Wno-unused-but-set-variable -Wno-maybe-uninitialized -fno-math-errno -fno-trapping-math -Werror=format -Wno-stringop-overflow, LAPACK_INFO=mkl, PERF_WITH_AVX=1, PERF_WITH_AVX2=1, TORCH_VERSION=2.5.1, USE_CUDA=ON, USE_CUDNN=ON, USE_CUSPARSELT=1, USE_EXCEPTION_PTR=1, USE_GFLAGS=OFF, USE_GLOG=OFF, USE_GLOO=ON, USE_MKL=ON, USE_MKLDNN=ON, USE_MPI=OFF, USE_NCCL=1, USE_NNPACK=ON, USE_OPENMP=ON, USE_ROCM=OFF, USE_ROCM_KERNEL_ASSERT=OFF, 

[03/18 12:12:42 detectron2]: Command line arguments: Namespace(config_file='configs/M2F/base_config_old.yaml', resume=False, num_gpus=1, num_machines=1, machine_rank=0, pretraining_augmentations=False, train_image_root='/mnt/data/mis2025/group_6/Data/graphene.v4i.coco/train', train_annotation_path='/mnt/data/mis2025/group_6/Data/graphene.v4i.coco/train/_annotations_rle_1class.coco.json', train_mode='normal', diffusion_train_image_root=None, diffusion_train_annotation_path=None, dist_url='auto', opts=['OUTPUT_DIR', '/mnt/data/mis2025/group_6/Parameter/trained_para/graphene_mid_finetune_unfreeze_2stages', 'MODEL.WEIGHTS', '/mnt/data/mis2025/group_6/Parameter/pre_train_para/graphene_mid/model_final.pth'])
[03/18 12:12:42 detectron2]: Contents of args.config_file=configs/M2F/base_config_old.yaml:
[38;5;204mMODEL[39m[38;5;15m:[39m
[38;5;15m  [39m[38;5;204mMASK_ON[39m[38;5;15m:[39m[38;5;15m [39m[38;5;141mTrue[39m
[38;5;15m  [39m[38;5;204mPIXEL_MEAN[39m[38;5;15m:[39m
[38;5;15m    [39m[38;5;15m-[39m[38;5;15m [39m[38;5;141m107.0[39m
[38;5;15m    [39m[38;5;15m-[39m[38;5;15m [39m[38;5;141m148.0[39m
[38;5;15m    [39m[38;5;15m-[39m[38;5;15m [39m[38;5;141m85.0[39m
[38;5;15m  [39m[38;5;204mPIXEL_STD[39m[38;5;15m:[39m
[38;5;15m    [39m[38;5;15m-[39m[38;5;15m [39m[38;5;141m33.0[39m
[38;5;15m    [39m[38;5;15m-[39m[38;5;15m [39m[38;5;141m34.0[39m
[38;5;15m    [39m[38;5;15m-[39m[38;5;15m [39m[38;5;141m40.0[39m
[38;5;15m  [39m[38;5;245m# WEIGHTS: "detectron2://ImageNetPretrained/torchvision/R-50.pkl"[39m
[38;5;15m  [39m[38;5;204mWEIGHTS[39m[38;5;15m:[39m[38;5;15m [39m[38;5;186m"[39m[38;5;186m./models/segmentation_models/pretrained_M2F/model_final.pth[39m[38;5;186m"[39m[38;5;15m [39m[38;5;245m# You may need to change this path to point to your pretrained model[39m
[38;5;15m  [39m[38;5;204mMETA_ARCHITECTURE[39m[38;5;15m:[39m[38;5;15m [39m[38;5;186m"[39m[38;5;186mMaskFormer[39m[38;5;186m"[39m
[38;5;15m  [39m[38;5;204mSEM_SEG_HEAD[39m[38;5;15m:[39m
[38;5;15m    [39m[38;5;204mNAME[39m[38;5;15m:[39m[38;5;15m [39m[38;5;186m"[39m[38;5;186mMaskFormerHead[39m[38;5;186m"[39m
[38;5;15m    [39m[38;5;204mIGNORE_VALUE[39m[38;5;15m:[39m[38;5;15m [39m[38;5;141m255[39m
[38;5;15m    [39m[38;5;204mNUM_CLASSES[39m[38;5;15m:[39m[38;5;15m [39m[38;5;141m1[39m[38;5;15m [39m[38;5;245m# set to 1 for instance segmentation of only foreground[39m
[38;5;15m    [39m[38;5;204mLOSS_WEIGHT[39m[38;5;15m:[39m[38;5;15m [39m[38;5;141m1.0[39m
[38;5;15m    [39m[38;5;204mCONVS_DIM[39m[38;5;15m:[39m[38;5;15m [39m[38;5;141m256[39m
[38;5;15m    [39m[38;5;204mMASK_DIM[39m[38;5;15m:[39m[38;5;15m [39m[38;5;141m256[39m
[38;5;15m    [39m[38;5;204mNORM[39m[38;5;15m:[39m[38;5;15m [39m[38;5;186m"[39m[38;5;186mGN[39m[38;5;186m"[39m
[38;5;15m    [39m[38;5;245m# pixel decoder[39m
[38;5;15m    [39m[38;5;204mPIXEL_DECODER_NAME[39m[38;5;15m:[39m[38;5;15m [39m[38;5;186m"[39m[38;5;186mMSDeformAttnPixelDecoder[39m[38;5;186m"[39m
[38;5;15m    [39m[38;5;204mIN_FEATURES[39m[38;5;15m:[39m[38;5;15m [39m[38;5;15m[[39m[38;5;186m"[39m[38;5;186mres2[39m[38;5;186m"[39m[38;5;15m,[39m[38;5;15m [39m[38;5;186m"[39m[38;5;186mres3[39m[38;5;186m"[39m[38;5;15m,[39m[38;5;15m [39m[38;5;186m"[39m[38;5;186mres4[39m[38;5;186m"[39m[38;5;15m,[39m[38;5;15m [39m[38;5;186m"[39m[38;5;186mres5[39m[38;5;186m"[39m[38;5;15m][39m
[38;5;15m    [39m[38;5;204mDEFORMABLE_TRANSFORMER_ENCODER_IN_FEATURES[39m[38;5;15m:[39m[38;5;15m [39m[38;5;15m[[39m[38;5;186m"[39m[38;5;186mres3[39m[38;5;186m"[39m[38;5;15m,[39m[38;5;15m [39m[38;5;186m"[39m[38;5;186mres4[39m[38;5;186m"[39m[38;5;15m,[39m[38;5;15m [39m[38;5;186m"[39m[38;5;186mres5[39m[38;5;186m"[39m[38;5;15m][39m
[38;5;15m    [39m[38;5;204mCOMMON_STRIDE[39m[38;5;15m:[39m[38;5;15m [39m[38;5;141m4[39m
[38;5;15m    [39m[38;5;204mTRANSFORMER_ENC_LAYERS[39m[38;5;15m:[39m[38;5;15m [39m[38;5;141m6[39m
[38;5;15m  [39m[38;5;204mMASK_FORMER[39m[38;5;15m:[39m
[38;5;15m    [39m[38;5;204mTRANSFORMER_DECODER_NAME[39m[38;5;15m:[39m[38;5;15m [39m[38;5;186m"[39m[38;5;186mMultiScaleMaskedTransformerDecoder[39m[38;5;186m"[39m
[38;5;15m    [39m[38;5;204mTRANSFORMER_IN_FEATURE[39m[38;5;15m:[39m[38;5;15m [39m[38;5;186m"[39m[38;5;186mmulti_scale_pixel_decoder[39m[38;5;186m"[39m
[38;5;15m    [39m[38;5;204mDEEP_SUPERVISION[39m[38;5;15m:[39m[38;5;15m [39m[38;5;141mTrue[39m
[38;5;15m    [39m[38;5;204mNO_OBJECT_WEIGHT[39m[38;5;15m:[39m[38;5;15m [39m[38;5;141m0.1[39m
[38;5;15m    [39m[38;5;204mCLASS_WEIGHT[39m[38;5;15m:[39m[38;5;15m [39m[38;5;141m2.0[39m
[38;5;15m    [39m[38;5;204mMASK_WEIGHT[39m[38;5;15m:[39m[38;5;15m [39m[38;5;141m5.0[39m
[38;5;15m    [39m[38;5;204mDICE_WEIGHT[39m[38;5;15m:[39m[38;5;15m [39m[38;5;141m5.0[39m
[38;5;15m    [39m[38;5;204mHIDDEN_DIM[39m[38;5;15m:[39m[38;5;15m [39m[38;5;141m256[39m
[38;5;15m    [39m[38;5;204mNUM_OBJECT_QUERIES[39m[38;5;15m:[39m[38;5;15m [39m[38;5;141m100[39m
[38;5;15m    [39m[38;5;204mNHEADS[39m[38;5;15m:[39m[38;5;15m [39m[38;5;141m8[39m
[38;5;15m    [39m[38;5;204mDROPOUT[39m[38;5;15m:[39m[38;5;15m [39m[38;5;141m0.0[39m
[38;5;15m    [39m[38;5;204mDIM_FEEDFORWARD[39m[38;5;15m:[39m[38;5;15m [39m[38;5;141m2048[39m
[38;5;15m    [39m[38;5;204mENC_LAYERS[39m[38;5;15m:[39m[38;5;15m [39m[38;5;141m0[39m
[38;5;15m    [39m[38;5;204mPRE_NORM[39m[38;5;15m:[39m[38;5;15m [39m[38;5;141mFalse[39m
[38;5;15m    [39m[38;5;204mENFORCE_INPUT_PROJ[39m[38;5;15m:[39m[38;5;15m [39m[38;5;141mFalse[39m
[38;5;15m    [39m[38;5;204mSIZE_DIVISIBILITY[39m[38;5;15m:[39m[38;5;15m [39m[38;5;141m32[39m
[38;5;15m    [39m[38;5;204mDEC_LAYERS[39m[38;5;15m:[39m[38;5;15m [39m[38;5;141m10[39m[38;5;15m [39m[38;5;245m# 9 decoder layers, add one for the loss on learnable query[39m
[38;5;15m    [39m[38;5;204mTRAIN_NUM_POINTS[39m[38;5;15m:[39m[38;5;15m [39m[38;5;141m12544[39m
[38;5;15m    [39m[38;5;204mOVERSAMPLE_RATIO[39m[38;5;15m:[39m[38;5;15m [39m[38;5;141m3.0[39m
[38;5;15m    [39m[38;5;204mIMPORTANCE_SAMPLE_RATIO[39m[38;5;15m:[39m[38;5;15m [39m[38;5;141m0.75[39m
[38;5;15m    [39m[38;5;204mTEST[39m[38;5;15m:[39m
[38;5;15m      [39m[38;5;204mSEMANTIC_ON[39m[38;5;15m:[39m[38;5;15m [39m[38;5;141mFalse[39m
[38;5;15m      [39m[38;5;204mINSTANCE_ON[39m[38;5;15m:[39m[38;5;15m [39m[38;5;141mTrue[39m
[38;5;15m      [39m[38;5;204mPANOPTIC_ON[39m[38;5;15m:[39m[38;5;15m [39m[38;5;141mFalse[39m
[38;5;15m      [39m[38;5;204mOVERLAP_THRESHOLD[39m[38;5;15m:[39m[38;5;15m [39m[38;5;141m0.8[39m
[38;5;15m      [39m[38;5;204mOBJECT_MASK_THRESHOLD[39m[38;5;15m:[39m[38;5;15m [39m[38;5;141m0.8[39m
[38;5;15m  [39m[38;5;204mBACKBONE[39m[38;5;15m:[39m
[38;5;15m    [39m[38;5;204mFREEZE_AT[39m[38;5;15m:[39m[38;5;15m [39m[38;5;141m3[39m[38;5;15m [39m[38;5;245m# freeze the entire backbone[39m
[38;5;15m    [39m[38;5;204mNAME[39m[38;5;15m:[39m[38;5;15m [39m[38;5;186m"[39m[38;5;186mbuild_resnet_backbone[39m[38;5;186m"[39m
[38;5;15m  [39m[38;5;204mRESNETS[39m[38;5;15m:[39m
[38;5;15m    [39m[38;5;204mDEPTH[39m[38;5;15m:[39m[38;5;15m [39m[38;5;141m50[39m
[38;5;15m    [39m[38;5;204mSTEM_OUT_CHANNELS[39m[38;5;15m:[39m[38;5;15m [39m[38;5;141m64[39m
[38;5;15m    [39m[38;5;204mSTRIDE_IN_1X1[39m[38;5;15m:[39m[38;5;15m [39m[38;5;141mFalse[39m
[38;5;15m    [39m[38;5;204mOUT_FEATURES[39m[38;5;15m:[39m[38;5;15m [39m[38;5;15m[[39m[38;5;186m"[39m[38;5;186mres2[39m[38;5;186m"[39m[38;5;15m,[39m[38;5;15m [39m[38;5;186m"[39m[38;5;186mres3[39m[38;5;186m"[39m[38;5;15m,[39m[38;5;15m [39m[38;5;186m"[39m[38;5;186mres4[39m[38;5;186m"[39m[38;5;15m,[39m[38;5;15m [39m[38;5;186m"[39m[38;5;186mres5[39m[38;5;186m"[39m[38;5;15m][39m
[38;5;204mSOLVER[39m[38;5;15m:[39m
[38;5;15m  [39m[38;5;204mIMS_PER_BATCH[39m[38;5;15m:[39m[38;5;15m [39m[38;5;141m16[39m
[38;5;15m [39m
[38;5;15m  [39m[38;5;245m#BASE_LR: 0.00001[39m
[38;5;15m  [39m[38;5;245m#MAX_ITER: 1000 #(500次迭代似乎不能使loss收敛，适当调大)[39m
[38;5;15m  [39m[38;5;245m#CHECKPOINT_PERIOD: 10000[39m
[38;5;15m  [39m[38;5;245m#WEIGHT_DECAY: 0.05[39m
[38;5;15m  [39m[38;5;245m#WARMUP_FACTOR: 1.0 # disable warmup[39m
[38;5;15m  [39m[38;5;245m#WARMUP_ITERS: 0[39m

[38;5;15m  [39m[38;5;245m# --- 学习率策略核心区 ---[39m
[38;5;15m  [39m[38;5;204mBASE_LR[39m[38;5;15m:[39m[38;5;15m [39m[38;5;141m0.00005[39m[38;5;15m  [39m[38;5;245m# 初始学习率可以稍微大一点，因为后面会自动下降[39m
[38;5;15m  [39m[38;5;204mMAX_ITER[39m[38;5;15m:[39m[38;5;15m [39m[38;5;141m20000[39m[38;5;15m   [39m[38;5;245m# 大大增加总训练迭代次数，给模型充分学习的时间[39m

[38;5;15m  [39m[38;5;204mLR_SCHEDULER_NAME[39m[38;5;15m:[39m[38;5;15m [39m[38;5;186m"[39m[38;5;186mWarmupCosineLR[39m[38;5;186m"[39m

[38;5;15m  [39m[38;5;204mWARMUP_ITERS[39m[38;5;15m:[39m[38;5;15m [39m[38;5;141m500[39m[38;5;15m     [39m[38;5;245m# 在前500次迭代中进行“热身”[39m
[38;5;15m  [39m[38;5;204mWARMUP_FACTOR[39m[38;5;15m:[39m[38;5;15m [39m[38;5;141m0.001[39m[38;5;15m [39m[38;5;245m# 热身从一个很小的值开始[39m
[38;5;15m  [39m[38;5;204mWARMUP_METHOD[39m[38;5;15m:[39m[38;5;15m [39m[38;5;186m"[39m[38;5;186mlinear[39m[38;5;186m"[39m
[38;5;15m  [39m[38;5;245m# --- 学习率策略结束 ---[39m
[38;5;15m  [39m[38;5;204mCHECKPOINT_PERIOD[39m[38;5;15m:[39m[38;5;15m [39m[38;5;141m5000[39m[38;5;15m [39m[38;5;245m# 可以设一个检查点，比如每5000次保存一下模型，以防中断[39m
[38;5;15m  [39m[38;5;204mWEIGHT_DECAY[39m[38;5;15m:[39m[38;5;15m [39m[38;5;141m0.05[39m
[38;5;15m  [39m[38;5;204mOPTIMIZER[39m[38;5;15m:[39m[38;5;15m [39m[38;5;186m"[39m[38;5;186mADAMW[39m[38;5;186m"[39m
[38;5;15m  [39m[38;5;204mBACKBONE_MULTIPLIER[39m[38;5;15m:[39m[38;5;15m [39m[38;5;141m0.1[39m
[38;5;15m  [39m[38;5;204mCLIP_GRADIENTS[39m[38;5;15m:[39m
[38;5;15m    [39m[38;5;204mENABLED[39m[38;5;15m:[39m[38;5;15m [39m[38;5;141mTrue[39m
[38;5;15m    [39m[38;5;204mCLIP_TYPE[39m[38;5;15m:[39m[38;5;15m [39m[38;5;186m"[39m[38;5;186mfull_model[39m[38;5;186m"[39m
[38;5;15m    [39m[38;5;204mCLIP_VALUE[39m[38;5;15m:[39m[38;5;15m [39m[38;5;141m0.01[39m
[38;5;15m    [39m[38;5;204mNORM_TYPE[39m[38;5;15m:[39m[38;5;15m [39m[38;5;141m2.0[39m
[38;5;15m  [39m[38;5;204mAMP[39m[38;5;15m:[39m
[38;5;15m    [39m[38;5;204mENABLED[39m[38;5;15m:[39m[38;5;15m [39m[38;5;141mFalse[39m[38;5;15m [39m[38;5;245m# 如果你的GPU支持，可以设为True来加速训练[39m
[38;5;15m  [39m
[38;5;15m  [39m[38;5;245m#OPTIMIZER: "ADAMW"[39m
[38;5;15m  [39m[38;5;245m#CLIP_GRADIENTS:[39m
[38;5;15m    [39m[38;5;245m#ENABLED: True[39m
[38;5;15m    [39m[38;5;245m#CLIP_TYPE: "full_model"[39m
[38;5;15m    [39m[38;5;245m#CLIP_VALUE: 0.01[39m
[38;5;15m    [39m[38;5;245m#NORM_TYPE: 2.0[39m
[38;5;15m  [39m[38;5;245m#AMP:[39m
[38;5;15m    [39m[38;5;245m#ENABLED: False[39m
[38;5;204mTEST[39m[38;5;15m:[39m
[38;5;15m  [39m[38;5;204mEVAL_PERIOD[39m[38;5;15m:[39m[38;5;15m [39m[38;5;141m50000[39m[38;5;15m [39m[38;5;245m# dont evaluate during training[39m
[38;5;204mDATALOADER[39m[38;5;15m:[39m
[38;5;15m  [39m[38;5;204mFILTER_EMPTY_ANNOTATIONS[39m[38;5;15m:[39m[38;5;15m [39m[38;5;141mFalse[39m
[38;5;15m  [39m[38;5;204mNUM_WORKERS[39m[38;5;15m:[39m[38;5;15m [39m[38;5;141m6[39m
[38;5;204mINPUT[39m[38;5;15m:[39m
[38;5;15m  [39m[38;5;204mSIZE_DIVISIBILITY[39m[38;5;15m:[39m[38;5;15m [39m[38;5;141m-1[39m
[38;5;15m  [39m[38;5;204mMASK_FORMAT[39m[38;5;15m:[39m[38;5;15m [39m[38;5;186m"[39m[38;5;186mbitmask[39m[38;5;186m"[39m
[38;5;15m  [39m[38;5;204mMIN_SIZE_TEST[39m[38;5;15m:[39m[38;5;15m [39m[38;5;141m0[39m[38;5;15m [39m[38;5;245m# disable resizing during testing[39m
[38;5;15m  [39m[38;5;204mFORMAT[39m[38;5;15m:[39m[38;5;15m [39m[38;5;186m"[39m[38;5;186mBGR[39m[38;5;186m"[39m
[38;5;15m  [39m[38;5;204mCROP[39m[38;5;15m:[39m
[38;5;15m    [39m[38;5;204mENABLED[39m[38;5;15m:[39m[38;5;15m [39m[38;5;141mfalse[39m
[38;5;204mSEED[39m[38;5;15m:[39m[38;5;15m [39m[38;5;141m42[39m
[38;5;204mVERSION[39m[38;5;15m:[39m[38;5;15m [39m[38;5;141m2[39m
[38;5;204mDATASETS[39m[38;5;15m:[39m
[38;5;15m  [39m[38;5;204mTRAIN[39m[38;5;15m:[39m[38;5;15m [39m[38;5;141m("Maskterial_Dataset",)[39m

[03/18 12:12:42 detectron2]: Running with full config:
[38;5;204mCUDNN_BENCHMARK[39m[38;5;15m:[39m[38;5;15m [39m[38;5;141mfalse[39m
[38;5;204mDATALOADER[39m[38;5;15m:[39m
[38;5;15m  [39m[38;5;204mASPECT_RATIO_GROUPING[39m[38;5;15m:[39m[38;5;15m [39m[38;5;141mtrue[39m
[38;5;15m  [39m[38;5;204mFILTER_EMPTY_ANNOTATIONS[39m[38;5;15m:[39m[38;5;15m [39m[38;5;141mfalse[39m
[38;5;15m  [39m[38;5;204mNUM_WORKERS[39m[38;5;15m:[39m[38;5;15m [39m[38;5;141m6[39m
[38;5;15m  [39m[38;5;204mREPEAT_SQRT[39m[38;5;15m:[39m[38;5;15m [39m[38;5;141mtrue[39m
[38;5;15m  [39m[38;5;204mREPEAT_THRESHOLD[39m[38;5;15m:[39m[38;5;15m [39m[38;5;141m0.0[39m
[38;5;15m  [39m[38;5;204mSAMPLER_TRAIN[39m[38;5;15m:[39m[38;5;15m [39m[38;5;141mTrainingSampler[39m
[38;5;204mDATASETS[39m[38;5;15m:[39m
[38;5;15m  [39m[38;5;204mPRECOMPUTED_PROPOSAL_TOPK_TEST[39m[38;5;15m:[39m[38;5;15m [39m[38;5;141m1000[39m
[38;5;15m  [39m[38;5;204mPRECOMPUTED_PROPOSAL_TOPK_TRAIN[39m[38;5;15m:[39m[38;5;15m [39m[38;5;141m2000[39m
[38;5;15m  [39m[38;5;204mPROPOSAL_FILES_TEST[39m[38;5;15m:[39m[38;5;15m [39m[38;5;15m[[39m[38;5;15m][39m
[38;5;15m  [39m[38;5;204mPROPOSAL_FILES_TRAIN[39m[38;5;15m:[39m[38;5;15m [39m[38;5;15m[[39m[38;5;15m][39m
[38;5;15m  [39m[38;5;204mTEST[39m[38;5;15m:[39m[38;5;15m [39m[38;5;15m[[39m[38;5;15m][39m
[38;5;15m  [39m[38;5;204mTRAIN[39m[38;5;15m:[39m
[38;5;15m  [39m[38;5;15m-[39m[38;5;15m [39m[38;5;141mMaskterial_Dataset[39m
[38;5;204mFLOAT32_PRECISION[39m[38;5;15m:[39m[38;5;15m [39m[38;5;186m'[39m[38;5;186m'[39m
[38;5;204mGLOBAL[39m[38;5;15m:[39m
[38;5;15m  [39m[38;5;204mHACK[39m[38;5;15m:[39m[38;5;15m [39m[38;5;141m1.0[39m
[38;5;204mINPUT[39m[38;5;15m:[39m
[38;5;15m  [39m[38;5;204mCROP[39m[38;5;15m:[39m
[38;5;15m    [39m[38;5;204mENABLED[39m[38;5;15m:[39m[38;5;15m [39m[38;5;141mfalse[39m
[38;5;15m    [39m[38;5;204mSINGLE_CATEGORY_MAX_AREA[39m[38;5;15m:[39m[38;5;15m [39m[38;5;141m1.0[39m
[38;5;15m    [39m[38;5;204mSIZE[39m[38;5;15m:[39m
[38;5;15m    [39m[38;5;15m-[39m[38;5;15m [39m[38;5;141m0.9[39m
[38;5;15m    [39m[38;5;15m-[39m[38;5;15m [39m[38;5;141m0.9[39m
[38;5;15m    [39m[38;5;204mTYPE[39m[38;5;15m:[39m[38;5;15m [39m[38;5;141mrelative_range[39m
[38;5;15m  [39m[38;5;204mFORMAT[39m[38;5;15m:[39m[38;5;15m [39m[38;5;141mBGR[39m
[38;5;15m  [39m[38;5;204mMASK_FORMAT[39m[38;5;15m:[39m[38;5;15m [39m[38;5;141mbitmask[39m
[38;5;15m  [39m[38;5;204mMAX_SIZE_TEST[39m[38;5;15m:[39m[38;5;15m [39m[38;5;141m1333[39m
[38;5;15m  [39m[38;5;204mMAX_SIZE_TRAIN[39m[38;5;15m:[39m[38;5;15m [39m[38;5;141m1333[39m
[38;5;15m  [39m[38;5;204mMIN_SIZE_TEST[39m[38;5;15m:[39m[38;5;15m [39m[38;5;141m0[39m
[38;5;15m  [39m[38;5;204mMIN_SIZE_TRAIN[39m[38;5;15m:[39m
[38;5;15m  [39m[38;5;15m-[39m[38;5;15m [39m[38;5;141m800[39m
[38;5;15m  [39m[38;5;204mMIN_SIZE_TRAIN_SAMPLING[39m[38;5;15m:[39m[38;5;15m [39m[38;5;141mchoice[39m
[38;5;15m  [39m[38;5;204mRANDOM_FLIP[39m[38;5;15m:[39m[38;5;15m [39m[38;5;141mhorizontal[39m
[38;5;15m  [39m[38;5;204mSIZE_DIVISIBILITY[39m[38;5;15m:[39m[38;5;15m [39m[38;5;141m-1[39m
[38;5;204mMODEL[39m[38;5;15m:[39m
[38;5;15m  [39m[38;5;204mANCHOR_GENERATOR[39m[38;5;15m:[39m
[38;5;15m    [39m[38;5;204mANGLES[39m[38;5;15m:[39m
[38;5;15m    [39m[38;5;15m-[39m[38;5;15m [39m[38;5;15m-[39m[38;5;15m [39m[38;5;141m-90[39m
[38;5;15m      [39m[38;5;15m-[39m[38;5;15m [39m[38;5;141m0[39m
[38;5;15m      [39m[38;5;15m-[39m[38;5;15m [39m[38;5;141m90[39m
[38;5;15m    [39m[38;5;204mASPECT_RATIOS[39m[38;5;15m:[39m
[38;5;15m    [39m[38;5;15m-[39m[38;5;15m [39m[38;5;15m-[39m[38;5;15m [39m[38;5;141m0.5[39m
[38;5;15m      [39m[38;5;15m-[39m[38;5;15m [39m[38;5;141m1.0[39m
[38;5;15m      [39m[38;5;15m-[39m[38;5;15m [39m[38;5;141m2.0[39m
[38;5;15m    [39m[38;5;204mNAME[39m[38;5;15m:[39m[38;5;15m [39m[38;5;141mDefaultAnchorGenerator[39m
[38;5;15m    [39m[38;5;204mOFFSET[39m[38;5;15m:[39m[38;5;15m [39m[38;5;141m0.0[39m
[38;5;15m    [39m[38;5;204mSIZES[39m[38;5;15m:[39m
[38;5;15m    [39m[38;5;15m-[39m[38;5;15m [39m[38;5;15m-[39m[38;5;15m [39m[38;5;141m32[39m
[38;5;15m      [39m[38;5;15m-[39m[38;5;15m [39m[38;5;141m64[39m
[38;5;15m      [39m[38;5;15m-[39m[38;5;15m [39m[38;5;141m128[39m
[38;5;15m      [39m[38;5;15m-[39m[38;5;15m [39m[38;5;141m256[39m
[38;5;15m      [39m[38;5;15m-[39m[38;5;15m [39m[38;5;141m512[39m
[38;5;15m  [39m[38;5;204mBACKBONE[39m[38;5;15m:[39m
[38;5;15m    [39m[38;5;204mFREEZE_AT[39m[38;5;15m:[39m[38;5;15m [39m[38;5;141m3[39m
[38;5;15m    [39m[38;5;204mNAME[39m[38;5;15m:[39m[38;5;15m [39m[38;5;141mbuild_resnet_backbone[39m
[38;5;15m  [39m[38;5;204mDEVICE[39m[38;5;15m:[39m[38;5;15m [39m[38;5;141mcuda[39m
[38;5;15m  [39m[38;5;204mFPN[39m[38;5;15m:[39m
[38;5;15m    [39m[38;5;204mFUSE_TYPE[39m[38;5;15m:[39m[38;5;15m [39m[38;5;141msum[39m
[38;5;15m    [39m[38;5;204mIN_FEATURES[39m[38;5;15m:[39m[38;5;15m [39m[38;5;15m[[39m[38;5;15m][39m
[38;5;15m    [39m[38;5;204mNORM[39m[38;5;15m:[39m[38;5;15m [39m[38;5;186m'[39m[38;5;186m'[39m
[38;5;15m    [39m[38;5;204mOUT_CHANNELS[39m[38;5;15m:[39m[38;5;15m [39m[38;5;141m256[39m
[38;5;15m  [39m[38;5;204mKEYPOINT_ON[39m[38;5;15m:[39m[38;5;15m [39m[38;5;141mfalse[39m
[38;5;15m  [39m[38;5;204mLOAD_PROPOSALS[39m[38;5;15m:[39m[38;5;15m [39m[38;5;141mfalse[39m
[38;5;15m  [39m[38;5;204mMASK_FORMER[39m[38;5;15m:[39m
[38;5;15m    [39m[38;5;204mCLASS_WEIGHT[39m[38;5;15m:[39m[38;5;15m [39m[38;5;141m2.0[39m
[38;5;15m    [39m[38;5;204mDEC_LAYERS[39m[38;5;15m:[39m[38;5;15m [39m[38;5;141m10[39m
[38;5;15m    [39m[38;5;204mDEEP_SUPERVISION[39m[38;5;15m:[39m[38;5;15m [39m[38;5;141mtrue[39m
[38;5;15m    [39m[38;5;204mDICE_WEIGHT[39m[38;5;15m:[39m[38;5;15m [39m[38;5;141m5.0[39m
[38;5;15m    [39m[38;5;204mDIM_FEEDFORWARD[39m[38;5;15m:[39m[38;5;15m [39m[38;5;141m2048[39m
[38;5;15m    [39m[38;5;204mDROPOUT[39m[38;5;15m:[39m[38;5;15m [39m[38;5;141m0.0[39m
[38;5;15m    [39m[38;5;204mENC_LAYERS[39m[38;5;15m:[39m[38;5;15m [39m[38;5;141m0[39m
[38;5;15m    [39m[38;5;204mENFORCE_INPUT_PROJ[39m[38;5;15m:[39m[38;5;15m [39m[38;5;141mfalse[39m
[38;5;15m    [39m[38;5;204mHIDDEN_DIM[39m[38;5;15m:[39m[38;5;15m [39m[38;5;141m256[39m
[38;5;15m    [39m[38;5;204mIMPORTANCE_SAMPLE_RATIO[39m[38;5;15m:[39m[38;5;15m [39m[38;5;141m0.75[39m
[38;5;15m    [39m[38;5;204mMASK_WEIGHT[39m[38;5;15m:[39m[38;5;15m [39m[38;5;141m5.0[39m
[38;5;15m    [39m[38;5;204mNHEADS[39m[38;5;15m:[39m[38;5;15m [39m[38;5;141m8[39m
[38;5;15m    [39m[38;5;204mNO_OBJECT_WEIGHT[39m[38;5;15m:[39m[38;5;15m [39m[38;5;141m0.1[39m
[38;5;15m    [39m[38;5;204mNUM_OBJECT_QUERIES[39m[38;5;15m:[39m[38;5;15m [39m[38;5;141m100[39m
[38;5;15m    [39m[38;5;204mOVERSAMPLE_RATIO[39m[38;5;15m:[39m[38;5;15m [39m[38;5;141m3.0[39m
[38;5;15m    [39m[38;5;204mPRE_NORM[39m[38;5;15m:[39m[38;5;15m [39m[38;5;141mfalse[39m
[38;5;15m    [39m[38;5;204mSIZE_DIVISIBILITY[39m[38;5;15m:[39m[38;5;15m [39m[38;5;141m32[39m
[38;5;15m    [39m[38;5;204mTEST[39m[38;5;15m:[39m
[38;5;15m      [39m[38;5;204mINSTANCE_ON[39m[38;5;15m:[39m[38;5;15m [39m[38;5;141mtrue[39m
[38;5;15m      [39m[38;5;204mOBJECT_MASK_THRESHOLD[39m[38;5;15m:[39m[38;5;15m [39m[38;5;141m0.8[39m
[38;5;15m      [39m[38;5;204mOVERLAP_THRESHOLD[39m[38;5;15m:[39m[38;5;15m [39m[38;5;141m0.8[39m
[38;5;15m      [39m[38;5;204mPANOPTIC_ON[39m[38;5;15m:[39m[38;5;15m [39m[38;5;141mfalse[39m
[38;5;15m      [39m[38;5;204mSEMANTIC_ON[39m[38;5;15m:[39m[38;5;15m [39m[38;5;141mfalse[39m
[38;5;15m      [39m[38;5;204mSEM_SEG_POSTPROCESSING_BEFORE_INFERENCE[39m[38;5;15m:[39m[38;5;15m [39m[38;5;141mfalse[39m
[38;5;15m    [39m[38;5;204mTRAIN_NUM_POINTS[39m[38;5;15m:[39m[38;5;15m [39m[38;5;141m12544[39m
[38;5;15m    [39m[38;5;204mTRANSFORMER_DECODER_NAME[39m[38;5;15m:[39m[38;5;15m [39m[38;5;141mMultiScaleMaskedTransformerDecoder[39m
[38;5;15m    [39m[38;5;204mTRANSFORMER_IN_FEATURE[39m[38;5;15m:[39m[38;5;15m [39m[38;5;141mmulti_scale_pixel_decoder[39m
[38;5;15m  [39m[38;5;204mMASK_ON[39m[38;5;15m:[39m[38;5;15m [39m[38;5;141mtrue[39m
[38;5;15m  [39m[38;5;204mMETA_ARCHITECTURE[39m[38;5;15m:[39m[38;5;15m [39m[38;5;141mMaskFormer[39m
[38;5;15m  [39m[38;5;204mPANOPTIC_FPN[39m[38;5;15m:[39m
[38;5;15m    [39m[38;5;204mCOMBINE[39m[38;5;15m:[39m
[38;5;15m      [39m[38;5;204mENABLED[39m[38;5;15m:[39m[38;5;15m [39m[38;5;141mtrue[39m
[38;5;15m      [39m[38;5;204mINSTANCES_CONFIDENCE_THRESH[39m[38;5;15m:[39m[38;5;15m [39m[38;5;141m0.5[39m
[38;5;15m      [39m[38;5;204mOVERLAP_THRESH[39m[38;5;15m:[39m[38;5;15m [39m[38;5;141m0.5[39m
[38;5;15m      [39m[38;5;204mSTUFF_AREA_LIMIT[39m[38;5;15m:[39m[38;5;15m [39m[38;5;141m4096[39m
[38;5;15m    [39m[38;5;204mINSTANCE_LOSS_WEIGHT[39m[38;5;15m:[39m[38;5;15m [39m[38;5;141m1.0[39m
[38;5;15m  [39m[38;5;204mPIXEL_MEAN[39m[38;5;15m:[39m
[38;5;15m  [39m[38;5;15m-[39m[38;5;15m [39m[38;5;141m107.0[39m
[38;5;15m  [39m[38;5;15m-[39m[38;5;15m [39m[38;5;141m148.0[39m
[38;5;15m  [39m[38;5;15m-[39m[38;5;15m [39m[38;5;141m85.0[39m
[38;5;15m  [39m[38;5;204mPIXEL_STD[39m[38;5;15m:[39m
[38;5;15m  [39m[38;5;15m-[39m[38;5;15m [39m[38;5;141m33.0[39m
[38;5;15m  [39m[38;5;15m-[39m[38;5;15m [39m[38;5;141m34.0[39m
[38;5;15m  [39m[38;5;15m-[39m[38;5;15m [39m[38;5;141m40.0[39m
[38;5;15m  [39m[38;5;204mPROPOSAL_GENERATOR[39m[38;5;15m:[39m
[38;5;15m    [39m[38;5;204mMIN_SIZE[39m[38;5;15m:[39m[38;5;15m [39m[38;5;141m0[39m
[38;5;15m    [39m[38;5;204mNAME[39m[38;5;15m:[39m[38;5;15m [39m[38;5;141mRPN[39m
[38;5;15m  [39m[38;5;204mRESNETS[39m[38;5;15m:[39m
[38;5;15m    [39m[38;5;204mDEFORM_MODULATED[39m[38;5;15m:[39m[38;5;15m [39m[38;5;141mfalse[39m
[38;5;15m    [39m[38;5;204mDEFORM_NUM_GROUPS[39m[38;5;15m:[39m[38;5;15m [39m[38;5;141m1[39m
[38;5;15m    [39m[38;5;204mDEFORM_ON_PER_STAGE[39m[38;5;15m:[39m
[38;5;15m    [39m[38;5;15m-[39m[38;5;15m [39m[38;5;141mfalse[39m
[38;5;15m    [39m[38;5;15m-[39m[38;5;15m [39m[38;5;141mfalse[39m
[38;5;15m    [39m[38;5;15m-[39m[38;5;15m [39m[38;5;141mfalse[39m
[38;5;15m    [39m[38;5;15m-[39m[38;5;15m [39m[38;5;141mfalse[39m
[38;5;15m    [39m[38;5;204mDEPTH[39m[38;5;15m:[39m[38;5;15m [39m[38;5;141m50[39m
[38;5;15m    [39m[38;5;204mNORM[39m[38;5;15m:[39m[38;5;15m [39m[38;5;141mFrozenBN[39m
[38;5;15m    [39m[38;5;204mNUM_GROUPS[39m[38;5;15m:[39m[38;5;15m [39m[38;5;141m1[39m
[38;5;15m    [39m[38;5;204mOUT_FEATURES[39m[38;5;15m:[39m
[38;5;15m    [39m[38;5;15m-[39m[38;5;15m [39m[38;5;141mres2[39m
[38;5;15m    [39m[38;5;15m-[39m[38;5;15m [39m[38;5;141mres3[39m
[38;5;15m    [39m[38;5;15m-[39m[38;5;15m [39m[38;5;141mres4[39m
[38;5;15m    [39m[38;5;15m-[39m[38;5;15m [39m[38;5;141mres5[39m
[38;5;15m    [39m[38;5;204mRES2_OUT_CHANNELS[39m[38;5;15m:[39m[38;5;15m [39m[38;5;141m256[39m
[38;5;15m    [39m[38;5;204mRES4_DILATION[39m[38;5;15m:[39m[38;5;15m [39m[38;5;141m1[39m
[38;5;15m    [39m[38;5;204mRES5_DILATION[39m[38;5;15m:[39m[38;5;15m [39m[38;5;141m1[39m
[38;5;15m    [39m[38;5;204mRES5_MULTI_GRID[39m[38;5;15m:[39m
[38;5;15m    [39m[38;5;15m-[39m[38;5;15m [39m[38;5;141m1[39m
[38;5;15m    [39m[38;5;15m-[39m[38;5;15m [39m[38;5;141m2[39m
[38;5;15m    [39m[38;5;15m-[39m[38;5;15m [39m[38;5;141m4[39m
[38;5;15m    [39m[38;5;204mSTEM_OUT_CHANNELS[39m[38;5;15m:[39m[38;5;15m [39m[38;5;141m64[39m
[38;5;15m    [39m[38;5;204mSTEM_TYPE[39m[38;5;15m:[39m[38;5;15m [39m[38;5;141mdeeplab[39m
[38;5;15m    [39m[38;5;204mSTRIDE_IN_1X1[39m[38;5;15m:[39m[38;5;15m [39m[38;5;141mfalse[39m
[38;5;15m    [39m[38;5;204mWIDTH_PER_GROUP[39m[38;5;15m:[39m[38;5;15m [39m[38;5;141m64[39m
[38;5;15m  [39m[38;5;204mRETINANET[39m[38;5;15m:[39m
[38;5;15m    [39m[38;5;204mBBOX_REG_LOSS_TYPE[39m[38;5;15m:[39m[38;5;15m [39m[38;5;141msmooth_l1[39m
[38;5;15m    [39m[38;5;204mBBOX_REG_WEIGHTS[39m[38;5;15m:[39m[38;5;15m [39m[38;5;15m&id002[39m
[38;5;15m    [39m[38;5;15m-[39m[38;5;15m [39m[38;5;141m1.0[39m
[38;5;15m    [39m[38;5;15m-[39m[38;5;15m [39m[38;5;141m1.0[39m
[38;5;15m    [39m[38;5;15m-[39m[38;5;15m [39m[38;5;141m1.0[39m
[38;5;15m    [39m[38;5;15m-[39m[38;5;15m [39m[38;5;141m1.0[39m
[38;5;15m    [39m[38;5;204mFOCAL_LOSS_ALPHA[39m[38;5;15m:[39m[38;5;15m [39m[38;5;141m0.25[39m
[38;5;15m    [39m[38;5;204mFOCAL_LOSS_GAMMA[39m[38;5;15m:[39m[38;5;15m [39m[38;5;141m2.0[39m
[38;5;15m    [39m[38;5;204mIN_FEATURES[39m[38;5;15m:[39m
[38;5;15m    [39m[38;5;15m-[39m[38;5;15m [39m[38;5;141mp3[39m
[38;5;15m    [39m[38;5;15m-[39m[38;5;15m [39m[38;5;141mp4[39m
[38;5;15m    [39m[38;5;15m-[39m[38;5;15m [39m[38;5;141mp5[39m
[38;5;15m    [39m[38;5;15m-[39m[38;5;15m [39m[38;5;141mp6[39m
[38;5;15m    [39m[38;5;15m-[39m[38;5;15m [39m[38;5;141mp7[39m
[38;5;15m    [39m[38;5;204mIOU_LABELS[39m[38;5;15m:[39m
[38;5;15m    [39m[38;5;15m-[39m[38;5;15m [39m[38;5;141m0[39m
[38;5;15m    [39m[38;5;15m-[39m[38;5;15m [39m[38;5;141m-1[39m
[38;5;15m    [39m[38;5;15m-[39m[38;5;15m [39m[38;5;141m1[39m
[38;5;15m    [39m[38;5;204mIOU_THRESHOLDS[39m[38;5;15m:[39m
[38;5;15m    [39m[38;5;15m-[39m[38;5;15m [39m[38;5;141m0.4[39m
[38;5;15m    [39m[38;5;15m-[39m[38;5;15m [39m[38;5;141m0.5[39m
[38;5;15m    [39m[38;5;204mNMS_THRESH_TEST[39m[38;5;15m:[39m[38;5;15m [39m[38;5;141m0.5[39m
[38;5;15m    [39m[38;5;204mNORM[39m[38;5;15m:[39m[38;5;15m [39m[38;5;186m'[39m[38;5;186m'[39m
[38;5;15m    [39m[38;5;204mNUM_CLASSES[39m[38;5;15m:[39m[38;5;15m [39m[38;5;141m80[39m
[38;5;15m    [39m[38;5;204mNUM_CONVS[39m[38;5;15m:[39m[38;5;15m [39m[38;5;141m4[39m
[38;5;15m    [39m[38;5;204mPRIOR_PROB[39m[38;5;15m:[39m[38;5;15m [39m[38;5;141m0.01[39m
[38;5;15m    [39m[38;5;204mSCORE_THRESH_TEST[39m[38;5;15m:[39m[38;5;15m [39m[38;5;141m0.05[39m
[38;5;15m    [39m[38;5;204mSMOOTH_L1_LOSS_BETA[39m[38;5;15m:[39m[38;5;15m [39m[38;5;141m0.1[39m
[38;5;15m    [39m[38;5;204mTOPK_CANDIDATES_TEST[39m[38;5;15m:[39m[38;5;15m [39m[38;5;141m1000[39m
[38;5;15m  [39m[38;5;204mROI_BOX_CASCADE_HEAD[39m[38;5;15m:[39m
[38;5;15m    [39m[38;5;204mBBOX_REG_WEIGHTS[39m[38;5;15m:[39m
[38;5;15m    [39m[38;5;15m-[39m[38;5;15m [39m[38;5;15m&id001[39m
[38;5;15m      [39m[38;5;15m-[39m[38;5;15m [39m[38;5;141m10.0[39m
[38;5;15m      [39m[38;5;15m-[39m[38;5;15m [39m[38;5;141m10.0[39m
[38;5;15m      [39m[38;5;15m-[39m[38;5;15m [39m[38;5;141m5.0[39m
[38;5;15m      [39m[38;5;15m-[39m[38;5;15m [39m[38;5;141m5.0[39m
[38;5;15m    [39m[38;5;15m-[39m[38;5;15m [39m[38;5;15m-[39m[38;5;15m [39m[38;5;141m20.0[39m
[38;5;15m      [39m[38;5;15m-[39m[38;5;15m [39m[38;5;141m20.0[39m
[38;5;15m      [39m[38;5;15m-[39m[38;5;15m [39m[38;5;141m10.0[39m
[38;5;15m      [39m[38;5;15m-[39m[38;5;15m [39m[38;5;141m10.0[39m
[38;5;15m    [39m[38;5;15m-[39m[38;5;15m [39m[38;5;15m-[39m[38;5;15m [39m[38;5;141m30.0[39m
[38;5;15m      [39m[38;5;15m-[39m[38;5;15m [39m[38;5;141m30.0[39m
[38;5;15m      [39m[38;5;15m-[39m[38;5;15m [39m[38;5;141m15.0[39m
[38;5;15m      [39m[38;5;15m-[39m[38;5;15m [39m[38;5;141m15.0[39m
[38;5;15m    [39m[38;5;204mIOUS[39m[38;5;15m:[39m
[38;5;15m    [39m[38;5;15m-[39m[38;5;15m [39m[38;5;141m0.5[39m
[38;5;15m    [39m[38;5;15m-[39m[38;5;15m [39m[38;5;141m0.6[39m
[38;5;15m    [39m[38;5;15m-[39m[38;5;15m [39m[38;5;141m0.7[39m
[38;5;15m  [39m[38;5;204mROI_BOX_HEAD[39m[38;5;15m:[39m
[38;5;15m    [39m[38;5;204mBBOX_REG_LOSS_TYPE[39m[38;5;15m:[39m[38;5;15m [39m[38;5;141msmooth_l1[39m
[38;5;15m    [39m[38;5;204mBBOX_REG_LOSS_WEIGHT[39m[38;5;15m:[39m[38;5;15m [39m[38;5;141m1.0[39m
[38;5;15m    [39m[38;5;204mBBOX_REG_WEIGHTS[39m[38;5;15m:[39m[38;5;15m [39m[38;5;15m*id001[39m
[38;5;15m    [39m[38;5;204mCLS_AGNOSTIC_BBOX_REG[39m[38;5;15m:[39m[38;5;15m [39m[38;5;141mfalse[39m
[38;5;15m    [39m[38;5;204mCONV_DIM[39m[38;5;15m:[39m[38;5;15m [39m[38;5;141m256[39m
[38;5;15m    [39m[38;5;204mFC_DIM[39m[38;5;15m:[39m[38;5;15m [39m[38;5;141m1024[39m
[38;5;15m    [39m[38;5;204mFED_LOSS_FREQ_WEIGHT_POWER[39m[38;5;15m:[39m[38;5;15m [39m[38;5;141m0.5[39m
[38;5;15m    [39m[38;5;204mFED_LOSS_NUM_CLASSES[39m[38;5;15m:[39m[38;5;15m [39m[38;5;141m50[39m
[38;5;15m    [39m[38;5;204mNAME[39m[38;5;15m:[39m[38;5;15m [39m[38;5;186m'[39m[38;5;186m'[39m
[38;5;15m    [39m[38;5;204mNORM[39m[38;5;15m:[39m[38;5;15m [39m[38;5;186m'[39m[38;5;186m'[39m
[38;5;15m    [39m[38;5;204mNUM_CONV[39m[38;5;15m:[39m[38;5;15m [39m[38;5;141m0[39m
[38;5;15m    [39m[38;5;204mNUM_FC[39m[38;5;15m:[39m[38;5;15m [39m[38;5;141m0[39m
[38;5;15m    [39m[38;5;204mPOOLER_RESOLUTION[39m[38;5;15m:[39m[38;5;15m [39m[38;5;141m14[39m
[38;5;15m    [39m[38;5;204mPOOLER_SAMPLING_RATIO[39m[38;5;15m:[39m[38;5;15m [39m[38;5;141m0[39m
[38;5;15m    [39m[38;5;204mPOOLER_TYPE[39m[38;5;15m:[39m[38;5;15m [39m[38;5;141mROIAlignV2[39m
[38;5;15m    [39m[38;5;204mSMOOTH_L1_BETA[39m[38;5;15m:[39m[38;5;15m [39m[38;5;141m0.0[39m
[38;5;15m    [39m[38;5;204mTRAIN_ON_PRED_BOXES[39m[38;5;15m:[39m[38;5;15m [39m[38;5;141mfalse[39m
[38;5;15m    [39m[38;5;204mUSE_FED_LOSS[39m[38;5;15m:[39m[38;5;15m [39m[38;5;141mfalse[39m
[38;5;15m    [39m[38;5;204mUSE_SIGMOID_CE[39m[38;5;15m:[39m[38;5;15m [39m[38;5;141mfalse[39m
[38;5;15m  [39m[38;5;204mROI_HEADS[39m[38;5;15m:[39m
[38;5;15m    [39m[38;5;204mBATCH_SIZE_PER_IMAGE[39m[38;5;15m:[39m[38;5;15m [39m[38;5;141m512[39m
[38;5;15m    [39m[38;5;204mIN_FEATURES[39m[38;5;15m:[39m
[38;5;15m    [39m[38;5;15m-[39m[38;5;15m [39m[38;5;141mres4[39m
[38;5;15m    [39m[38;5;204mIOU_LABELS[39m[38;5;15m:[39m
[38;5;15m    [39m[38;5;15m-[39m[38;5;15m [39m[38;5;141m0[39m
[38;5;15m    [39m[38;5;15m-[39m[38;5;15m [39m[38;5;141m1[39m
[38;5;15m    [39m[38;5;204mIOU_THRESHOLDS[39m[38;5;15m:[39m
[38;5;15m    [39m[38;5;15m-[39m[38;5;15m [39m[38;5;141m0.5[39m
[38;5;15m    [39m[38;5;204mNAME[39m[38;5;15m:[39m[38;5;15m [39m[38;5;141mRes5ROIHeads[39m
[38;5;15m    [39m[38;5;204mNMS_THRESH_TEST[39m[38;5;15m:[39m[38;5;15m [39m[38;5;141m0.5[39m
[38;5;15m    [39m[38;5;204mNUM_CLASSES[39m[38;5;15m:[39m[38;5;15m [39m[38;5;141m80[39m
[38;5;15m    [39m[38;5;204mPOSITIVE_FRACTION[39m[38;5;15m:[39m[38;5;15m [39m[38;5;141m0.25[39m
[38;5;15m    [39m[38;5;204mPROPOSAL_APPEND_GT[39m[38;5;15m:[39m[38;5;15m [39m[38;5;141mtrue[39m
[38;5;15m    [39m[38;5;204mSCORE_THRESH_TEST[39m[38;5;15m:[39m[38;5;15m [39m[38;5;141m0.05[39m
[38;5;15m  [39m[38;5;204mROI_KEYPOINT_HEAD[39m[38;5;15m:[39m
[38;5;15m    [39m[38;5;204mCONV_DIMS[39m[38;5;15m:[39m
[38;5;15m    [39m[38;5;15m-[39m[38;5;15m [39m[38;5;141m512[39m
[38;5;15m    [39m[38;5;15m-[39m[38;5;15m [39m[38;5;141m512[39m
[38;5;15m    [39m[38;5;15m-[39m[38;5;15m [39m[38;5;141m512[39m
[38;5;15m    [39m[38;5;15m-[39m[38;5;15m [39m[38;5;141m512[39m
[38;5;15m    [39m[38;5;15m-[39m[38;5;15m [39m[38;5;141m512[39m
[38;5;15m    [39m[38;5;15m-[39m[38;5;15m [39m[38;5;141m512[39m
[38;5;15m    [39m[38;5;15m-[39m[38;5;15m [39m[38;5;141m512[39m
[38;5;15m    [39m[38;5;15m-[39m[38;5;15m [39m[38;5;141m512[39m
[38;5;15m    [39m[38;5;204mLOSS_WEIGHT[39m[38;5;15m:[39m[38;5;15m [39m[38;5;141m1.0[39m
[38;5;15m    [39m[38;5;204mMIN_KEYPOINTS_PER_IMAGE[39m[38;5;15m:[39m[38;5;15m [39m[38;5;141m1[39m
[38;5;15m    [39m[38;5;204mNAME[39m[38;5;15m:[39m[38;5;15m [39m[38;5;141mKRCNNConvDeconvUpsampleHead[39m
[38;5;15m    [39m[38;5;204mNORMALIZE_LOSS_BY_VISIBLE_KEYPOINTS[39m[38;5;15m:[39m[38;5;15m [39m[38;5;141mtrue[39m
[38;5;15m    [39m[38;5;204mNUM_KEYPOINTS[39m[38;5;15m:[39m[38;5;15m [39m[38;5;141m17[39m
[38;5;15m    [39m[38;5;204mPOOLER_RESOLUTION[39m[38;5;15m:[39m[38;5;15m [39m[38;5;141m14[39m
[38;5;15m    [39m[38;5;204mPOOLER_SAMPLING_RATIO[39m[38;5;15m:[39m[38;5;15m [39m[38;5;141m0[39m
[38;5;15m    [39m[38;5;204mPOOLER_TYPE[39m[38;5;15m:[39m[38;5;15m [39m[38;5;141mROIAlignV2[39m
[38;5;15m  [39m[38;5;204mROI_MASK_HEAD[39m[38;5;15m:[39m
[38;5;15m    [39m[38;5;204mCLS_AGNOSTIC_MASK[39m[38;5;15m:[39m[38;5;15m [39m[38;5;141mfalse[39m
[38;5;15m    [39m[38;5;204mCONV_DIM[39m[38;5;15m:[39m[38;5;15m [39m[38;5;141m256[39m
[38;5;15m    [39m[38;5;204mNAME[39m[38;5;15m:[39m[38;5;15m [39m[38;5;141mMaskRCNNConvUpsampleHead[39m
[38;5;15m    [39m[38;5;204mNORM[39m[38;5;15m:[39m[38;5;15m [39m[38;5;186m'[39m[38;5;186m'[39m
[38;5;15m    [39m[38;5;204mNUM_CONV[39m[38;5;15m:[39m[38;5;15m [39m[38;5;141m0[39m
[38;5;15m    [39m[38;5;204mPOOLER_RESOLUTION[39m[38;5;15m:[39m[38;5;15m [39m[38;5;141m14[39m
[38;5;15m    [39m[38;5;204mPOOLER_SAMPLING_RATIO[39m[38;5;15m:[39m[38;5;15m [39m[38;5;141m0[39m
[38;5;15m    [39m[38;5;204mPOOLER_TYPE[39m[38;5;15m:[39m[38;5;15m [39m[38;5;141mROIAlignV2[39m
[38;5;15m  [39m[38;5;204mRPN[39m[38;5;15m:[39m
[38;5;15m    [39m[38;5;204mBATCH_SIZE_PER_IMAGE[39m[38;5;15m:[39m[38;5;15m [39m[38;5;141m256[39m
[38;5;15m    [39m[38;5;204mBBOX_REG_LOSS_TYPE[39m[38;5;15m:[39m[38;5;15m [39m[38;5;141msmooth_l1[39m
[38;5;15m    [39m[38;5;204mBBOX_REG_LOSS_WEIGHT[39m[38;5;15m:[39m[38;5;15m [39m[38;5;141m1.0[39m
[38;5;15m    [39m[38;5;204mBBOX_REG_WEIGHTS[39m[38;5;15m:[39m[38;5;15m [39m[38;5;15m*id002[39m
[38;5;15m    [39m[38;5;204mBOUNDARY_THRESH[39m[38;5;15m:[39m[38;5;15m [39m[38;5;141m-1[39m
[38;5;15m    [39m[38;5;204mCONV_DIMS[39m[38;5;15m:[39m
[38;5;15m    [39m[38;5;15m-[39m[38;5;15m [39m[38;5;141m-1[39m
[38;5;15m    [39m[38;5;204mHEAD_NAME[39m[38;5;15m:[39m[38;5;15m [39m[38;5;141mStandardRPNHead[39m
[38;5;15m    [39m[38;5;204mIN_FEATURES[39m[38;5;15m:[39m
[38;5;15m    [39m[38;5;15m-[39m[38;5;15m [39m[38;5;141mres4[39m
[38;5;15m    [39m[38;5;204mIOU_LABELS[39m[38;5;15m:[39m
[38;5;15m    [39m[38;5;15m-[39m[38;5;15m [39m[38;5;141m0[39m
[38;5;15m    [39m[38;5;15m-[39m[38;5;15m [39m[38;5;141m-1[39m
[38;5;15m    [39m[38;5;15m-[39m[38;5;15m [39m[38;5;141m1[39m
[38;5;15m    [39m[38;5;204mIOU_THRESHOLDS[39m[38;5;15m:[39m
[38;5;15m    [39m[38;5;15m-[39m[38;5;15m [39m[38;5;141m0.3[39m
[38;5;15m    [39m[38;5;15m-[39m[38;5;15m [39m[38;5;141m0.7[39m
[38;5;15m    [39m[38;5;204mLOSS_WEIGHT[39m[38;5;15m:[39m[38;5;15m [39m[38;5;141m1.0[39m
[38;5;15m    [39m[38;5;204mNMS_THRESH[39m[38;5;15m:[39m[38;5;15m [39m[38;5;141m0.7[39m
[38;5;15m    [39m[38;5;204mPOSITIVE_FRACTION[39m[38;5;15m:[39m[38;5;15m [39m[38;5;141m0.5[39m
[38;5;15m    [39m[38;5;204mPOST_NMS_TOPK_TEST[39m[38;5;15m:[39m[38;5;15m [39m[38;5;141m1000[39m
[38;5;15m    [39m[38;5;204mPOST_NMS_TOPK_TRAIN[39m[38;5;15m:[39m[38;5;15m [39m[38;5;141m2000[39m
[38;5;15m    [39m[38;5;204mPRE_NMS_TOPK_TEST[39m[38;5;15m:[39m[38;5;15m [39m[38;5;141m6000[39m
[38;5;15m    [39m[38;5;204mPRE_NMS_TOPK_TRAIN[39m[38;5;15m:[39m[38;5;15m [39m[38;5;141m12000[39m
[38;5;15m    [39m[38;5;204mSMOOTH_L1_BETA[39m[38;5;15m:[39m[38;5;15m [39m[38;5;141m0.0[39m
[38;5;15m  [39m[38;5;204mSEM_SEG_HEAD[39m[38;5;15m:[39m
[38;5;15m    [39m[38;5;204mASPP_CHANNELS[39m[38;5;15m:[39m[38;5;15m [39m[38;5;141m256[39m
[38;5;15m    [39m[38;5;204mASPP_DILATIONS[39m[38;5;15m:[39m
[38;5;15m    [39m[38;5;15m-[39m[38;5;15m [39m[38;5;141m6[39m
[38;5;15m    [39m[38;5;15m-[39m[38;5;15m [39m[38;5;141m12[39m
[38;5;15m    [39m[38;5;15m-[39m[38;5;15m [39m[38;5;141m18[39m
[38;5;15m    [39m[38;5;204mASPP_DROPOUT[39m[38;5;15m:[39m[38;5;15m [39m[38;5;141m0.1[39m
[38;5;15m    [39m[38;5;204mCOMMON_STRIDE[39m[38;5;15m:[39m[38;5;15m [39m[38;5;141m4[39m
[38;5;15m    [39m[38;5;204mCONVS_DIM[39m[38;5;15m:[39m[38;5;15m [39m[38;5;141m256[39m
[38;5;15m    [39m[38;5;204mDEFORMABLE_TRANSFORMER_ENCODER_IN_FEATURES[39m[38;5;15m:[39m
[38;5;15m    [39m[38;5;15m-[39m[38;5;15m [39m[38;5;141mres3[39m
[38;5;15m    [39m[38;5;15m-[39m[38;5;15m [39m[38;5;141mres4[39m
[38;5;15m    [39m[38;5;15m-[39m[38;5;15m [39m[38;5;141mres5[39m
[38;5;15m    [39m[38;5;204mDEFORMABLE_TRANSFORMER_ENCODER_N_HEADS[39m[38;5;15m:[39m[38;5;15m [39m[38;5;141m8[39m
[38;5;15m    [39m[38;5;204mDEFORMABLE_TRANSFORMER_ENCODER_N_POINTS[39m[38;5;15m:[39m[38;5;15m [39m[38;5;141m4[39m
[38;5;15m    [39m[38;5;204mIGNORE_VALUE[39m[38;5;15m:[39m[38;5;15m [39m[38;5;141m255[39m
[38;5;15m    [39m[38;5;204mIN_FEATURES[39m[38;5;15m:[39m
[38;5;15m    [39m[38;5;15m-[39m[38;5;15m [39m[38;5;141mres2[39m
[38;5;15m    [39m[38;5;15m-[39m[38;5;15m [39m[38;5;141mres3[39m
[38;5;15m    [39m[38;5;15m-[39m[38;5;15m [39m[38;5;141mres4[39m
[38;5;15m    [39m[38;5;15m-[39m[38;5;15m [39m[38;5;141mres5[39m
[38;5;15m    [39m[38;5;204mLOSS_TYPE[39m[38;5;15m:[39m[38;5;15m [39m[38;5;141mhard_pixel_mining[39m
[38;5;15m    [39m[38;5;204mLOSS_WEIGHT[39m[38;5;15m:[39m[38;5;15m [39m[38;5;141m1.0[39m
[38;5;15m    [39m[38;5;204mMASK_DIM[39m[38;5;15m:[39m[38;5;15m [39m[38;5;141m256[39m
[38;5;15m    [39m[38;5;204mNAME[39m[38;5;15m:[39m[38;5;15m [39m[38;5;141mMaskFormerHead[39m
[38;5;15m    [39m[38;5;204mNORM[39m[38;5;15m:[39m[38;5;15m [39m[38;5;141mGN[39m
[38;5;15m    [39m[38;5;204mNUM_CLASSES[39m[38;5;15m:[39m[38;5;15m [39m[38;5;141m1[39m
[38;5;15m    [39m[38;5;204mPIXEL_DECODER_NAME[39m[38;5;15m:[39m[38;5;15m [39m[38;5;141mMSDeformAttnPixelDecoder[39m
[38;5;15m    [39m[38;5;204mPROJECT_CHANNELS[39m[38;5;15m:[39m
[38;5;15m    [39m[38;5;15m-[39m[38;5;15m [39m[38;5;141m48[39m
[38;5;15m    [39m[38;5;204mPROJECT_FEATURES[39m[38;5;15m:[39m
[38;5;15m    [39m[38;5;15m-[39m[38;5;15m [39m[38;5;141mres2[39m
[38;5;15m    [39m[38;5;204mTRANSFORMER_ENC_LAYERS[39m[38;5;15m:[39m[38;5;15m [39m[38;5;141m6[39m
[38;5;15m    [39m[38;5;204mUSE_DEPTHWISE_SEPARABLE_CONV[39m[38;5;15m:[39m[38;5;15m [39m[38;5;141mfalse[39m
[38;5;15m  [39m[38;5;204mSWIN[39m[38;5;15m:[39m
[38;5;15m    [39m[38;5;204mAPE[39m[38;5;15m:[39m[38;5;15m [39m[38;5;141mfalse[39m
[38;5;15m    [39m[38;5;204mATTN_DROP_RATE[39m[38;5;15m:[39m[38;5;15m [39m[38;5;141m0.0[39m
[38;5;15m    [39m[38;5;204mDEPTHS[39m[38;5;15m:[39m
[38;5;15m    [39m[38;5;15m-[39m[38;5;15m [39m[38;5;141m2[39m
[38;5;15m    [39m[38;5;15m-[39m[38;5;15m [39m[38;5;141m2[39m
[38;5;15m    [39m[38;5;15m-[39m[38;5;15m [39m[38;5;141m6[39m
[38;5;15m    [39m[38;5;15m-[39m[38;5;15m [39m[38;5;141m2[39m
[38;5;15m    [39m[38;5;204mDROP_PATH_RATE[39m[38;5;15m:[39m[38;5;15m [39m[38;5;141m0.3[39m
[38;5;15m    [39m[38;5;204mDROP_RATE[39m[38;5;15m:[39m[38;5;15m [39m[38;5;141m0.0[39m
[38;5;15m    [39m[38;5;204mEMBED_DIM[39m[38;5;15m:[39m[38;5;15m [39m[38;5;141m96[39m
[38;5;15m    [39m[38;5;204mMLP_RATIO[39m[38;5;15m:[39m[38;5;15m [39m[38;5;141m4.0[39m
[38;5;15m    [39m[38;5;204mNUM_HEADS[39m[38;5;15m:[39m
[38;5;15m    [39m[38;5;15m-[39m[38;5;15m [39m[38;5;141m3[39m
[38;5;15m    [39m[38;5;15m-[39m[38;5;15m [39m[38;5;141m6[39m
[38;5;15m    [39m[38;5;15m-[39m[38;5;15m [39m[38;5;141m12[39m
[38;5;15m    [39m[38;5;15m-[39m[38;5;15m [39m[38;5;141m24[39m
[38;5;15m    [39m[38;5;204mOUT_FEATURES[39m[38;5;15m:[39m
[38;5;15m    [39m[38;5;15m-[39m[38;5;15m [39m[38;5;141mres2[39m
[38;5;15m    [39m[38;5;15m-[39m[38;5;15m [39m[38;5;141mres3[39m
[38;5;15m    [39m[38;5;15m-[39m[38;5;15m [39m[38;5;141mres4[39m
[38;5;15m    [39m[38;5;15m-[39m[38;5;15m [39m[38;5;141mres5[39m
[38;5;15m    [39m[38;5;204mPATCH_NORM[39m[38;5;15m:[39m[38;5;15m [39m[38;5;141mtrue[39m
[38;5;15m    [39m[38;5;204mPATCH_SIZE[39m[38;5;15m:[39m[38;5;15m [39m[38;5;141m4[39m
[38;5;15m    [39m[38;5;204mPRETRAIN_IMG_SIZE[39m[38;5;15m:[39m[38;5;15m [39m[38;5;141m224[39m
[38;5;15m    [39m[38;5;204mQKV_BIAS[39m[38;5;15m:[39m[38;5;15m [39m[38;5;141mtrue[39m
[38;5;15m    [39m[38;5;204mQK_SCALE[39m[38;5;15m:[39m[38;5;15m [39m[38;5;141mnull[39m
[38;5;15m    [39m[38;5;204mUSE_CHECKPOINT[39m[38;5;15m:[39m[38;5;15m [39m[38;5;141mfalse[39m
[38;5;15m    [39m[38;5;204mWINDOW_SIZE[39m[38;5;15m:[39m[38;5;15m [39m[38;5;141m7[39m
[38;5;15m  [39m[38;5;204mWEIGHTS[39m[38;5;15m:[39m[38;5;15m [39m[38;5;141m/mnt/data/mis2025/group_6/Parameter/pre_train_para/graphene_mid/model_final.pth[39m
[38;5;204mOUTPUT_DIR[39m[38;5;15m:[39m[38;5;15m [39m[38;5;141m/mnt/data/mis2025/group_6/Parameter/trained_para/graphene_mid_finetune_unfreeze_2stages[39m
[38;5;204mSEED[39m[38;5;15m:[39m[38;5;15m [39m[38;5;141m42[39m
[38;5;204mSOLVER[39m[38;5;15m:[39m
[38;5;15m  [39m[38;5;204mAMP[39m[38;5;15m:[39m
[38;5;15m    [39m[38;5;204mENABLED[39m[38;5;15m:[39m[38;5;15m [39m[38;5;141mfalse[39m
[38;5;15m  [39m[38;5;204mBACKBONE_MULTIPLIER[39m[38;5;15m:[39m[38;5;15m [39m[38;5;141m0.1[39m
[38;5;15m  [39m[38;5;204mBASE_LR[39m[38;5;15m:[39m[38;5;15m [39m[38;5;141m5.0e-05[39m
[38;5;15m  [39m[38;5;204mBASE_LR_END[39m[38;5;15m:[39m[38;5;15m [39m[38;5;141m0.0[39m
[38;5;15m  [39m[38;5;204mBIAS_LR_FACTOR[39m[38;5;15m:[39m[38;5;15m [39m[38;5;141m1.0[39m
[38;5;15m  [39m[38;5;204mCHECKPOINT_PERIOD[39m[38;5;15m:[39m[38;5;15m [39m[38;5;141m5000[39m
[38;5;15m  [39m[38;5;204mCLIP_GRADIENTS[39m[38;5;15m:[39m
[38;5;15m    [39m[38;5;204mCLIP_TYPE[39m[38;5;15m:[39m[38;5;15m [39m[38;5;141mfull_model[39m
[38;5;15m    [39m[38;5;204mCLIP_VALUE[39m[38;5;15m:[39m[38;5;15m [39m[38;5;141m0.01[39m
[38;5;15m    [39m[38;5;204mENABLED[39m[38;5;15m:[39m[38;5;15m [39m[38;5;141mtrue[39m
[38;5;15m    [39m[38;5;204mNORM_TYPE[39m[38;5;15m:[39m[38;5;15m [39m[38;5;141m2.0[39m
[38;5;15m  [39m[38;5;204mGAMMA[39m[38;5;15m:[39m[38;5;15m [39m[38;5;141m0.1[39m
[38;5;15m  [39m[38;5;204mIMS_PER_BATCH[39m[38;5;15m:[39m[38;5;15m [39m[38;5;141m16[39m
[38;5;15m  [39m[38;5;204mLR_SCHEDULER_NAME[39m[38;5;15m:[39m[38;5;15m [39m[38;5;141mWarmupCosineLR[39m
[38;5;15m  [39m[38;5;204mMAX_ITER[39m[38;5;15m:[39m[38;5;15m [39m[38;5;141m20000[39m
[38;5;15m  [39m[38;5;204mMOMENTUM[39m[38;5;15m:[39m[38;5;15m [39m[38;5;141m0.9[39m
[38;5;15m  [39m[38;5;204mNESTEROV[39m[38;5;15m:[39m[38;5;15m [39m[38;5;141mfalse[39m
[38;5;15m  [39m[38;5;204mNUM_DECAYS[39m[38;5;15m:[39m[38;5;15m [39m[38;5;141m3[39m
[38;5;15m  [39m[38;5;204mOPTIMIZER[39m[38;5;15m:[39m[38;5;15m [39m[38;5;141mADAMW[39m
[38;5;15m  [39m[38;5;204mPOLY_LR_CONSTANT_ENDING[39m[38;5;15m:[39m[38;5;15m [39m[38;5;141m0.0[39m
[38;5;15m  [39m[38;5;204mPOLY_LR_POWER[39m[38;5;15m:[39m[38;5;15m [39m[38;5;141m0.9[39m
[38;5;15m  [39m[38;5;204mREFERENCE_WORLD_SIZE[39m[38;5;15m:[39m[38;5;15m [39m[38;5;141m0[39m
[38;5;15m  [39m[38;5;204mRESCALE_INTERVAL[39m[38;5;15m:[39m[38;5;15m [39m[38;5;141mfalse[39m
[38;5;15m  [39m[38;5;204mSTEPS[39m[38;5;15m:[39m
[38;5;15m  [39m[38;5;15m-[39m[38;5;15m [39m[38;5;141m30000[39m
[38;5;15m  [39m[38;5;204mWARMUP_FACTOR[39m[38;5;15m:[39m[38;5;15m [39m[38;5;141m0.001[39m
[38;5;15m  [39m[38;5;204mWARMUP_ITERS[39m[38;5;15m:[39m[38;5;15m [39m[38;5;141m500[39m
[38;5;15m  [39m[38;5;204mWARMUP_METHOD[39m[38;5;15m:[39m[38;5;15m [39m[38;5;141mlinear[39m
[38;5;15m  [39m[38;5;204mWEIGHT_DECAY[39m[38;5;15m:[39m[38;5;15m [39m[38;5;141m0.05[39m
[38;5;15m  [39m[38;5;204mWEIGHT_DECAY_BIAS[39m[38;5;15m:[39m[38;5;15m [39m[38;5;141mnull[39m
[38;5;15m  [39m[38;5;204mWEIGHT_DECAY_EMBED[39m[38;5;15m:[39m[38;5;15m [39m[38;5;141m0.0[39m
[38;5;15m  [39m[38;5;204mWEIGHT_DECAY_NORM[39m[38;5;15m:[39m[38;5;15m [39m[38;5;141m0.0[39m
[38;5;204mTEST[39m[38;5;15m:[39m
[38;5;15m  [39m[38;5;204mAUG[39m[38;5;15m:[39m
[38;5;15m    [39m[38;5;204mENABLED[39m[38;5;15m:[39m[38;5;15m [39m[38;5;141mfalse[39m
[38;5;15m    [39m[38;5;204mFLIP[39m[38;5;15m:[39m[38;5;15m [39m[38;5;141mtrue[39m
[38;5;15m    [39m[38;5;204mMAX_SIZE[39m[38;5;15m:[39m[38;5;15m [39m[38;5;141m4000[39m
[38;5;15m    [39m[38;5;204mMIN_SIZES[39m[38;5;15m:[39m
[38;5;15m    [39m[38;5;15m-[39m[38;5;15m [39m[38;5;141m400[39m
[38;5;15m    [39m[38;5;15m-[39m[38;5;15m [39m[38;5;141m500[39m
[38;5;15m    [39m[38;5;15m-[39m[38;5;15m [39m[38;5;141m600[39m
[38;5;15m    [39m[38;5;15m-[39m[38;5;15m [39m[38;5;141m700[39m
[38;5;15m    [39m[38;5;15m-[39m[38;5;15m [39m[38;5;141m800[39m
[38;5;15m    [39m[38;5;15m-[39m[38;5;15m [39m[38;5;141m900[39m
[38;5;15m    [39m[38;5;15m-[39m[38;5;15m [39m[38;5;141m1000[39m
[38;5;15m    [39m[38;5;15m-[39m[38;5;15m [39m[38;5;141m1100[39m
[38;5;15m    [39m[38;5;15m-[39m[38;5;15m [39m[38;5;141m1200[39m
[38;5;15m  [39m[38;5;204mDETECTIONS_PER_IMAGE[39m[38;5;15m:[39m[38;5;15m [39m[38;5;141m100[39m
[38;5;15m  [39m[38;5;204mEVAL_PERIOD[39m[38;5;15m:[39m[38;5;15m [39m[38;5;141m50000[39m
[38;5;15m  [39m[38;5;204mEXPECTED_RESULTS[39m[38;5;15m:[39m[38;5;15m [39m[38;5;15m[[39m[38;5;15m][39m
[38;5;15m  [39m[38;5;204mKEYPOINT_OKS_SIGMAS[39m[38;5;15m:[39m[38;5;15m [39m[38;5;15m[[39m[38;5;15m][39m
[38;5;15m  [39m[38;5;204mPRECISE_BN[39m[38;5;15m:[39m
[38;5;15m    [39m[38;5;204mENABLED[39m[38;5;15m:[39m[38;5;15m [39m[38;5;141mfalse[39m
[38;5;15m    [39m[38;5;204mNUM_ITER[39m[38;5;15m:[39m[38;5;15m [39m[38;5;141m200[39m
[38;5;204mVERSION[39m[38;5;15m:[39m[38;5;15m [39m[38;5;141m2[39m
[38;5;204mVIS_PERIOD[39m[38;5;15m:[39m[38;5;15m [39m[38;5;141m0[39m

[03/18 12:12:42 detectron2]: Full config saved to /mnt/data/mis2025/group_6/Parameter/trained_para/graphene_mid_finetune_unfreeze_2stages/config.yaml
[03/18 12:12:43 d2.engine.defaults]: Model:
MaskFormer(
  (backbone): ResNet(
    (stem): BasicStem(
      (conv1): Conv2d(
        3, 64, kernel_size=(7, 7), stride=(2, 2), padding=(3, 3), bias=False
        (norm): FrozenBatchNorm2d(num_features=64, eps=1e-05)
      )
    )
    (res2): Sequential(
      (0): BottleneckBlock(
        (shortcut): Conv2d(
          64, 256, kernel_size=(1, 1), stride=(1, 1), bias=False
          (norm): FrozenBatchNorm2d(num_features=256, eps=1e-05)
        )
        (conv1): Conv2d(
          64, 64, kernel_size=(1, 1), stride=(1, 1), bias=False
          (norm): FrozenBatchNorm2d(num_features=64, eps=1e-05)
        )
        (conv2): Conv2d(
          64, 64, kernel_size=(3, 3), stride=(1, 1), padding=(1, 1), bias=False
          (norm): FrozenBatchNorm2d(num_features=64, eps=1e-05)
        )
        (conv3): Conv2d(
          64, 256, kernel_size=(1, 1), stride=(1, 1), bias=False
          (norm): FrozenBatchNorm2d(num_features=256, eps=1e-05)
        )
      )
      (1): BottleneckBlock(
        (conv1): Conv2d(
          256, 64, kernel_size=(1, 1), stride=(1, 1), bias=False
          (norm): FrozenBatchNorm2d(num_features=64, eps=1e-05)
        )
        (conv2): Conv2d(
          64, 64, kernel_size=(3, 3), stride=(1, 1), padding=(1, 1), bias=False
          (norm): FrozenBatchNorm2d(num_features=64, eps=1e-05)
        )
        (conv3): Conv2d(
          64, 256, kernel_size=(1, 1), stride=(1, 1), bias=False
          (norm): FrozenBatchNorm2d(num_features=256, eps=1e-05)
        )
      )
      (2): BottleneckBlock(
        (conv1): Conv2d(
          256, 64, kernel_size=(1, 1), stride=(1, 1), bias=False
          (norm): FrozenBatchNorm2d(num_features=64, eps=1e-05)
        )
        (conv2): Conv2d(
          64, 64, kernel_size=(3, 3), stride=(1, 1), padding=(1, 1), bias=False
          (norm): FrozenBatchNorm2d(num_features=64, eps=1e-05)
        )
        (conv3): Conv2d(
          64, 256, kernel_size=(1, 1), stride=(1, 1), bias=False
          (norm): FrozenBatchNorm2d(num_features=256, eps=1e-05)
        )
      )
    )
    (res3): Sequential(
      (0): BottleneckBlock(
        (shortcut): Conv2d(
          256, 512, kernel_size=(1, 1), stride=(2, 2), bias=False
          (norm): FrozenBatchNorm2d(num_features=512, eps=1e-05)
        )
        (conv1): Conv2d(
          256, 128, kernel_size=(1, 1), stride=(1, 1), bias=False
          (norm): FrozenBatchNorm2d(num_features=128, eps=1e-05)
        )
        (conv2): Conv2d(
          128, 128, kernel_size=(3, 3), stride=(2, 2), padding=(1, 1), bias=False
          (norm): FrozenBatchNorm2d(num_features=128, eps=1e-05)
        )
        (conv3): Conv2d(
          128, 512, kernel_size=(1, 1), stride=(1, 1), bias=False
          (norm): FrozenBatchNorm2d(num_features=512, eps=1e-05)
        )
      )
      (1): BottleneckBlock(
        (conv1): Conv2d(
          512, 128, kernel_size=(1, 1), stride=(1, 1), bias=False
          (norm): FrozenBatchNorm2d(num_features=128, eps=1e-05)
        )
        (conv2): Conv2d(
          128, 128, kernel_size=(3, 3), stride=(1, 1), padding=(1, 1), bias=False
          (norm): FrozenBatchNorm2d(num_features=128, eps=1e-05)
        )
        (conv3): Conv2d(
          128, 512, kernel_size=(1, 1), stride=(1, 1), bias=False
          (norm): FrozenBatchNorm2d(num_features=512, eps=1e-05)
        )
      )
      (2): BottleneckBlock(
        (conv1): Conv2d(
          512, 128, kernel_size=(1, 1), stride=(1, 1), bias=False
          (norm): FrozenBatchNorm2d(num_features=128, eps=1e-05)
        )
        (conv2): Conv2d(
          128, 128, kernel_size=(3, 3), stride=(1, 1), padding=(1, 1), bias=False
          (norm): FrozenBatchNorm2d(num_features=128, eps=1e-05)
        )
        (conv3): Conv2d(
          128, 512, kernel_size=(1, 1), stride=(1, 1), bias=False
          (norm): FrozenBatchNorm2d(num_features=512, eps=1e-05)
        )
      )
      (3): BottleneckBlock(
        (conv1): Conv2d(
          512, 128, kernel_size=(1, 1), stride=(1, 1), bias=False
          (norm): FrozenBatchNorm2d(num_features=128, eps=1e-05)
        )
        (conv2): Conv2d(
          128, 128, kernel_size=(3, 3), stride=(1, 1), padding=(1, 1), bias=False
          (norm): FrozenBatchNorm2d(num_features=128, eps=1e-05)
        )
        (conv3): Conv2d(
          128, 512, kernel_size=(1, 1), stride=(1, 1), bias=False
          (norm): FrozenBatchNorm2d(num_features=512, eps=1e-05)
        )
      )
    )
    (res4): Sequential(
      (0): BottleneckBlock(
        (shortcut): Conv2d(
          512, 1024, kernel_size=(1, 1), stride=(2, 2), bias=False
          (norm): FrozenBatchNorm2d(num_features=1024, eps=1e-05)
        )
        (conv1): Conv2d(
          512, 256, kernel_size=(1, 1), stride=(1, 1), bias=False
          (norm): FrozenBatchNorm2d(num_features=256, eps=1e-05)
        )
        (conv2): Conv2d(
          256, 256, kernel_size=(3, 3), stride=(2, 2), padding=(1, 1), bias=False
          (norm): FrozenBatchNorm2d(num_features=256, eps=1e-05)
        )
        (conv3): Conv2d(
          256, 1024, kernel_size=(1, 1), stride=(1, 1), bias=False
          (norm): FrozenBatchNorm2d(num_features=1024, eps=1e-05)
        )
      )
      (1): BottleneckBlock(
        (conv1): Conv2d(
          1024, 256, kernel_size=(1, 1), stride=(1, 1), bias=False
          (norm): FrozenBatchNorm2d(num_features=256, eps=1e-05)
        )
        (conv2): Conv2d(
          256, 256, kernel_size=(3, 3), stride=(1, 1), padding=(1, 1), bias=False
          (norm): FrozenBatchNorm2d(num_features=256, eps=1e-05)
        )
        (conv3): Conv2d(
          256, 1024, kernel_size=(1, 1), stride=(1, 1), bias=False
          (norm): FrozenBatchNorm2d(num_features=1024, eps=1e-05)
        )
      )
      (2): BottleneckBlock(
        (conv1): Conv2d(
          1024, 256, kernel_size=(1, 1), stride=(1, 1), bias=False
          (norm): FrozenBatchNorm2d(num_features=256, eps=1e-05)
        )
        (conv2): Conv2d(
          256, 256, kernel_size=(3, 3), stride=(1, 1), padding=(1, 1), bias=False
          (norm): FrozenBatchNorm2d(num_features=256, eps=1e-05)
        )
        (conv3): Conv2d(
          256, 1024, kernel_size=(1, 1), stride=(1, 1), bias=False
          (norm): FrozenBatchNorm2d(num_features=1024, eps=1e-05)
        )
      )
      (3): BottleneckBlock(
        (conv1): Conv2d(
          1024, 256, kernel_size=(1, 1), stride=(1, 1), bias=False
          (norm): FrozenBatchNorm2d(num_features=256, eps=1e-05)
        )
        (conv2): Conv2d(
          256, 256, kernel_size=(3, 3), stride=(1, 1), padding=(1, 1), bias=False
          (norm): FrozenBatchNorm2d(num_features=256, eps=1e-05)
        )
        (conv3): Conv2d(
          256, 1024, kernel_size=(1, 1), stride=(1, 1), bias=False
          (norm): FrozenBatchNorm2d(num_features=1024, eps=1e-05)
        )
      )
      (4): BottleneckBlock(
        (conv1): Conv2d(
          1024, 256, kernel_size=(1, 1), stride=(1, 1), bias=False
          (norm): FrozenBatchNorm2d(num_features=256, eps=1e-05)
        )
        (conv2): Conv2d(
          256, 256, kernel_size=(3, 3), stride=(1, 1), padding=(1, 1), bias=False
          (norm): FrozenBatchNorm2d(num_features=256, eps=1e-05)
        )
        (conv3): Conv2d(
          256, 1024, kernel_size=(1, 1), stride=(1, 1), bias=False
          (norm): FrozenBatchNorm2d(num_features=1024, eps=1e-05)
        )
      )
      (5): BottleneckBlock(
        (conv1): Conv2d(
          1024, 256, kernel_size=(1, 1), stride=(1, 1), bias=False
          (norm): FrozenBatchNorm2d(num_features=256, eps=1e-05)
        )
        (conv2): Conv2d(
          256, 256, kernel_size=(3, 3), stride=(1, 1), padding=(1, 1), bias=False
          (norm): FrozenBatchNorm2d(num_features=256, eps=1e-05)
        )
        (conv3): Conv2d(
          256, 1024, kernel_size=(1, 1), stride=(1, 1), bias=False
          (norm): FrozenBatchNorm2d(num_features=1024, eps=1e-05)
        )
      )
    )
    (res5): Sequential(
      (0): BottleneckBlock(
        (shortcut): Conv2d(
          1024, 2048, kernel_size=(1, 1), stride=(2, 2), bias=False
          (norm): FrozenBatchNorm2d(num_features=2048, eps=1e-05)
        )
        (conv1): Conv2d(
          1024, 512, kernel_size=(1, 1), stride=(1, 1), bias=False
          (norm): FrozenBatchNorm2d(num_features=512, eps=1e-05)
        )
        (conv2): Conv2d(
          512, 512, kernel_size=(3, 3), stride=(2, 2), padding=(1, 1), bias=False
          (norm): FrozenBatchNorm2d(num_features=512, eps=1e-05)
        )
        (conv3): Conv2d(
          512, 2048, kernel_size=(1, 1), stride=(1, 1), bias=False
          (norm): FrozenBatchNorm2d(num_features=2048, eps=1e-05)
        )
      )
      (1): BottleneckBlock(
        (conv1): Conv2d(
          2048, 512, kernel_size=(1, 1), stride=(1, 1), bias=False
          (norm): FrozenBatchNorm2d(num_features=512, eps=1e-05)
        )
        (conv2): Conv2d(
          512, 512, kernel_size=(3, 3), stride=(1, 1), padding=(1, 1), bias=False
          (norm): FrozenBatchNorm2d(num_features=512, eps=1e-05)
        )
        (conv3): Conv2d(
          512, 2048, kernel_size=(1, 1), stride=(1, 1), bias=False
          (norm): FrozenBatchNorm2d(num_features=2048, eps=1e-05)
        )
      )
      (2): BottleneckBlock(
        (conv1): Conv2d(
          2048, 512, kernel_size=(1, 1), stride=(1, 1), bias=False
          (norm): FrozenBatchNorm2d(num_features=512, eps=1e-05)
        )
        (conv2): Conv2d(
          512, 512, kernel_size=(3, 3), stride=(1, 1), padding=(1, 1), bias=False
          (norm): FrozenBatchNorm2d(num_features=512, eps=1e-05)
        )
        (conv3): Conv2d(
          512, 2048, kernel_size=(1, 1), stride=(1, 1), bias=False
          (norm): FrozenBatchNorm2d(num_features=2048, eps=1e-05)
        )
      )
    )
  )
  (sem_seg_head): MaskFormerHead(
    (pixel_decoder): MSDeformAttnPixelDecoder(
      (input_proj): ModuleList(
        (0): Sequential(
          (0): Conv2d(2048, 256, kernel_size=(1, 1), stride=(1, 1))
          (1): GroupNorm(32, 256, eps=1e-05, affine=True)
        )
        (1): Sequential(
          (0): Conv2d(1024, 256, kernel_size=(1, 1), stride=(1, 1))
          (1): GroupNorm(32, 256, eps=1e-05, affine=True)
        )
        (2): Sequential(
          (0): Conv2d(512, 256, kernel_size=(1, 1), stride=(1, 1))
          (1): GroupNorm(32, 256, eps=1e-05, affine=True)
        )
      )
      (transformer): MSDeformAttnTransformerEncoderOnly(
        (encoder): MSDeformAttnTransformerEncoder(
          (layers): ModuleList(
            (0-5): 6 x MSDeformAttnTransformerEncoderLayer(
              (self_attn): MSDeformAttn(
                (sampling_offsets): Linear(in_features=256, out_features=192, bias=True)
                (attention_weights): Linear(in_features=256, out_features=96, bias=True)
                (value_proj): Linear(in_features=256, out_features=256, bias=True)
                (output_proj): Linear(in_features=256, out_features=256, bias=True)
              )
              (dropout1): Dropout(p=0.0, inplace=False)
              (norm1): LayerNorm((256,), eps=1e-05, elementwise_affine=True)
              (linear1): Linear(in_features=256, out_features=1024, bias=True)
              (dropout2): Dropout(p=0.0, inplace=False)
              (linear2): Linear(in_features=1024, out_features=256, bias=True)
              (dropout3): Dropout(p=0.0, inplace=False)
              (norm2): LayerNorm((256,), eps=1e-05, elementwise_affine=True)
            )
          )
        )
      )
      (pe_layer): Positional encoding PositionEmbeddingSine
          num_pos_feats: 128
          temperature: 10000
          normalize: True
          scale: 6.283185307179586
      (mask_features): Conv2d(256, 256, kernel_size=(1, 1), stride=(1, 1))
      (adapter_1): Conv2d(
        256, 256, kernel_size=(1, 1), stride=(1, 1), bias=False
        (norm): GroupNorm(32, 256, eps=1e-05, affine=True)
      )
      (layer_1): Conv2d(
        256, 256, kernel_size=(3, 3), stride=(1, 1), padding=(1, 1), bias=False
        (norm): GroupNorm(32, 256, eps=1e-05, affine=True)
      )
    )
    (predictor): MultiScaleMaskedTransformerDecoder(
      (pe_layer): Positional encoding PositionEmbeddingSine
          num_pos_feats: 128
          temperature: 10000
          normalize: True
          scale: 6.283185307179586
      (transformer_self_attention_layers): ModuleList(
        (0-8): 9 x SelfAttentionLayer(
          (self_attn): MultiheadAttention(
            (out_proj): NonDynamicallyQuantizableLinear(in_features=256, out_features=256, bias=True)
          )
          (norm): LayerNorm((256,), eps=1e-05, elementwise_affine=True)
          (dropout): Dropout(p=0.0, inplace=False)
        )
      )
      (transformer_cross_attention_layers): ModuleList(
        (0-8): 9 x CrossAttentionLayer(
          (multihead_attn): MultiheadAttention(
            (out_proj): NonDynamicallyQuantizableLinear(in_features=256, out_features=256, bias=True)
          )
          (norm): LayerNorm((256,), eps=1e-05, elementwise_affine=True)
          (dropout): Dropout(p=0.0, inplace=False)
        )
      )
      (transformer_ffn_layers): ModuleList(
        (0-8): 9 x FFNLayer(
          (linear1): Linear(in_features=256, out_features=2048, bias=True)
          (dropout): Dropout(p=0.0, inplace=False)
          (linear2): Linear(in_features=2048, out_features=256, bias=True)
          (norm): LayerNorm((256,), eps=1e-05, elementwise_affine=True)
        )
      )
      (decoder_norm): LayerNorm((256,), eps=1e-05, elementwise_affine=True)
      (query_feat): Embedding(100, 256)
      (query_embed): Embedding(100, 256)
      (level_embed): Embedding(3, 256)
      (input_proj): ModuleList(
        (0-2): 3 x Sequential()
      )
      (class_embed): Linear(in_features=256, out_features=2, bias=True)
      (mask_embed): MLP(
        (layers): ModuleList(
          (0-2): 3 x Linear(in_features=256, out_features=256, bias=True)
        )
      )
    )
  )
  (criterion): Criterion SetCriterion
      matcher: Matcher HungarianMatcher
          cost_class: 2.0
          cost_mask: 5.0
          cost_dice: 5.0
      losses: ['labels', 'masks']
      weight_dict: {'loss_ce': 2.0, 'loss_mask': 5.0, 'loss_dice': 5.0, 'loss_ce_0': 2.0, 'loss_mask_0': 5.0, 'loss_dice_0': 5.0, 'loss_ce_1': 2.0, 'loss_mask_1': 5.0, 'loss_dice_1': 5.0, 'loss_ce_2': 2.0, 'loss_mask_2': 5.0, 'loss_dice_2': 5.0, 'loss_ce_3': 2.0, 'loss_mask_3': 5.0, 'loss_dice_3': 5.0, 'loss_ce_4': 2.0, 'loss_mask_4': 5.0, 'loss_dice_4': 5.0, 'loss_ce_5': 2.0, 'loss_mask_5': 5.0, 'loss_dice_5': 5.0, 'loss_ce_6': 2.0, 'loss_mask_6': 5.0, 'loss_dice_6': 5.0, 'loss_ce_7': 2.0, 'loss_mask_7': 5.0, 'loss_dice_7': 5.0, 'loss_ce_8': 2.0, 'loss_mask_8': 5.0, 'loss_dice_8': 5.0}
      num_classes: 1
      eos_coef: 0.1
      num_points: 12544
      oversample_ratio: 3.0
      importance_sample_ratio: 0.75
)
[03/18 12:12:43 d2.data.datasets.coco]: Loaded 1414 images in COCO format from /mnt/data/mis2025/group_6/Data/graphene.v4i.coco/train/_annotations_rle_1class.coco.json
[03/18 12:12:43 d2.data.build]: Distribution of instances among all 1 categories:
|  category  | #instances   |
|:----------:|:-------------|
|    gra     | 5682         |
|            |              |
[03/18 12:12:43 d2.data.build]: Using training sampler TrainingSampler
[03/18 12:12:43 d2.data.common]: Serializing the dataset using: <class 'detectron2.data.common._TorchSerializedList'>
[03/18 12:12:43 d2.data.common]: Serializing 1414 elements to byte tensors and concatenating them all ...
[03/18 12:12:43 d2.data.common]: Serialized dataset takes 1.25 MiB
[03/18 12:12:43 d2.data.build]: Making batched data loader with batch_size=16
[03/18 12:12:43 d2.checkpoint.detection_checkpoint]: [DetectionCheckpointer] Loading from /mnt/data/mis2025/group_6/Parameter/pre_train_para/graphene_mid/model_final.pth ...
[03/18 12:12:43 fvcore.common.checkpoint]: [Checkpointer] Loading from /mnt/data/mis2025/group_6/Parameter/pre_train_para/graphene_mid/model_final.pth ...
[03/18 12:12:43 d2.engine.train_loop]: Starting training from iteration 0
[03/18 12:13:05 d2.utils.events]:  eta: 4:52:15  iter: 19  total_loss: 28.86  loss_ce: 0.7897  loss_mask: 0.2975  loss_dice: 1.863  loss_ce_0: 0.4782  loss_mask_0: 0.3896  loss_dice_0: 1.78  loss_ce_1: 0.8815  loss_mask_1: 0.2907  loss_dice_1: 2.06  loss_ce_2: 0.7912  loss_mask_2: 0.2702  loss_dice_2: 1.922  loss_ce_3: 0.7125  loss_mask_3: 0.2728  loss_dice_3: 2.03  loss_ce_4: 0.7308  loss_mask_4: 0.4297  loss_dice_4: 1.814  loss_ce_5: 0.7265  loss_mask_5: 0.2563  loss_dice_5: 1.698  loss_ce_6: 0.6166  loss_mask_6: 0.3371  loss_dice_6: 1.818  loss_ce_7: 0.7036  loss_mask_7: 0.3421  loss_dice_7: 1.634  loss_ce_8: 0.7719  loss_mask_8: 0.3196  loss_dice_8: 1.835    time: 0.9200  last_time: 0.8761  data_time: 0.1785  last_data_time: 0.1785   lr: 1.9452e-06  max_mem: 13263M
[03/18 12:13:23 d2.utils.events]:  eta: 4:47:04  iter: 39  total_loss: 22.56  loss_ce: 0.5952  loss_mask: 0.1722  loss_dice: 1.609  loss_ce_0: 0.2995  loss_mask_0: 0.1431  loss_dice_0: 1.631  loss_ce_1: 0.4156  loss_mask_1: 0.1194  loss_dice_1: 1.673  loss_ce_2: 0.4888  loss_mask_2: 0.1171  loss_dice_2: 1.74  loss_ce_3: 0.6291  loss_mask_3: 0.1093  loss_dice_3: 1.569  loss_ce_4: 0.577  loss_mask_4: 0.06168  loss_dice_4: 1.588  loss_ce_5: 0.5055  loss_mask_5: 0.1018  loss_dice_5: 1.04  loss_ce_6: 0.5562  loss_mask_6: 0.198  loss_dice_6: 1.954  loss_ce_7: 0.4839  loss_mask_7: 0.2174  loss_dice_7: 1.564  loss_ce_8: 0.5237  loss_mask_8: 0.1675  loss_dice_8: 1.715    time: 0.8895  last_time: 0.9929  data_time: 0.2953  last_data_time: 0.2953   lr: 3.9401e-06  max_mem: 13263M
[03/18 12:13:40 d2.utils.events]:  eta: 4:46:47  iter: 59  total_loss: 27.77  loss_ce: 0.5026  loss_mask: 0.2108  loss_dice: 2.152  loss_ce_0: 0.4086  loss_mask_0: 0.1497  loss_dice_0: 2.29  loss_ce_1: 0.3817  loss_mask_1: 0.1972  loss_dice_1: 1.989  loss_ce_2: 0.3313  loss_mask_2: 0.1841  loss_dice_2: 2.226  loss_ce_3: 0.4079  loss_mask_3: 0.1496  loss_dice_3: 1.974  loss_ce_4: 0.3612  loss_mask_4: 0.1513  loss_dice_4: 2.304  loss_ce_5: 0.4643  loss_mask_5: 0.2282  loss_dice_5: 2.345  loss_ce_6: 0.3576  loss_mask_6: 0.2204  loss_dice_6: 2.231  loss_ce_7: 0.4143  loss_mask_7: 0.2279  loss_dice_7: 1.896  loss_ce_8: 0.4687  loss_mask_8: 0.2388  loss_dice_8: 2.306    time: 0.8829  last_time: 0.8139  data_time: 0.1115  last_data_time: 0.1115   lr: 5.935e-06  max_mem: 13264M
[03/18 12:13:58 d2.utils.events]:  eta: 4:44:58  iter: 79  total_loss: 17.63  loss_ce: 0.2311  loss_mask: 0.1012  loss_dice: 1.475  loss_ce_0: 0.3258  loss_mask_0: 0.1139  loss_dice_0: 1.326  loss_ce_1: 0.2444  loss_mask_1: 0.08231  loss_dice_1: 1.17  loss_ce_2: 0.3  loss_mask_2: 0.08329  loss_dice_2: 1.449  loss_ce_3: 0.2483  loss_mask_3: 0.1  loss_dice_3: 1.512  loss_ce_4: 0.2589  loss_mask_4: 0.07964  loss_dice_4: 1.588  loss_ce_5: 0.2418  loss_mask_5: 0.09321  loss_dice_5: 1.45  loss_ce_6: 0.2316  loss_mask_6: 0.08114  loss_dice_6: 1.255  loss_ce_7: 0.2347  loss_mask_7: 0.1033  loss_dice_7: 1.231  loss_ce_8: 0.2378  loss_mask_8: 0.1221  loss_dice_8: 1.663    time: 0.8804  last_time: 0.8653  data_time: 0.1646  last_data_time: 0.1646   lr: 7.9299e-06  max_mem: 13264M
[03/18 12:14:16 d2.utils.events]:  eta: 4:44:41  iter: 99  total_loss: 21.23  loss_ce: 0.3712  loss_mask: 0.05285  loss_dice: 1.613  loss_ce_0: 0.5041  loss_mask_0: 0.05224  loss_dice_0: 1.577  loss_ce_1: 0.3887  loss_mask_1: 0.05811  loss_dice_1: 1.658  loss_ce_2: 0.3369  loss_mask_2: 0.07112  loss_dice_2: 1.861  loss_ce_3: 0.4033  loss_mask_3: 0.05883  loss_dice_3: 1.822  loss_ce_4: 0.2567  loss_mask_4: 0.0902  loss_dice_4: 1.896  loss_ce_5: 0.3028  loss_mask_5: 0.1005  loss_dice_5: 1.775  loss_ce_6: 0.3529  loss_mask_6: 0.05983  loss_dice_6: 1.794  loss_ce_7: 0.3365  loss_mask_7: 0.06652  loss_dice_7: 1.658  loss_ce_8: 0.3428  loss_mask_8: 0.052  loss_dice_8: 1.317    time: 0.8854  last_time: 0.8778  data_time: 0.1747  last_data_time: 0.1747   lr: 9.9248e-06  max_mem: 13264M
[03/18 12:14:34 d2.utils.events]:  eta: 4:43:55  iter: 119  total_loss: 22.74  loss_ce: 0.2089  loss_mask: 0.1439  loss_dice: 1.868  loss_ce_0: 0.2636  loss_mask_0: 0.216  loss_dice_0: 1.91  loss_ce_1: 0.1942  loss_mask_1: 0.1434  loss_dice_1: 1.838  loss_ce_2: 0.2499  loss_mask_2: 0.128  loss_dice_2: 1.685  loss_ce_3: 0.2343  loss_mask_3: 0.1546  loss_dice_3: 1.895  loss_ce_4: 0.2143  loss_mask_4: 0.1454  loss_dice_4: 2.089  loss_ce_5: 0.2397  loss_mask_5: 0.1545  loss_dice_5: 1.913  loss_ce_6: 0.2362  loss_mask_6: 0.158  loss_dice_6: 1.866  loss_ce_7: 0.2354  loss_mask_7: 0.1474  loss_dice_7: 1.792  loss_ce_8: 0.2132  loss_mask_8: 0.1496  loss_dice_8: 2.054    time: 0.8839  last_time: 0.8566  data_time: 0.1522  last_data_time: 0.1522   lr: 1.192e-05  max_mem: 13264M
[03/18 12:14:52 d2.utils.events]:  eta: 4:44:44  iter: 139  total_loss: 20.93  loss_ce: 0.2172  loss_mask: 0.1714  loss_dice: 1.821  loss_ce_0: 0.3818  loss_mask_0: 0.2171  loss_dice_0: 1.898  loss_ce_1: 0.2557  loss_mask_1: 0.1216  loss_dice_1: 1.467  loss_ce_2: 0.2547  loss_mask_2: 0.1707  loss_dice_2: 1.766  loss_ce_3: 0.2877  loss_mask_3: 0.1319  loss_dice_3: 1.725  loss_ce_4: 0.2229  loss_mask_4: 0.1419  loss_dice_4: 1.435  loss_ce_5: 0.2582  loss_mask_5: 0.1932  loss_dice_5: 1.827  loss_ce_6: 0.2205  loss_mask_6: 0.1763  loss_dice_6: 1.678  loss_ce_7: 0.211  loss_mask_7: 0.1607  loss_dice_7: 1.594  loss_ce_8: 0.2123  loss_mask_8: 0.177  loss_dice_8: 1.538    time: 0.8851  last_time: 0.8705  data_time: 0.1636  last_data_time: 0.1636   lr: 1.3915e-05  max_mem: 13265M
[03/18 12:15:11 d2.utils.events]:  eta: 4:45:00  iter: 159  total_loss: 15.63  loss_ce: 0.2767  loss_mask: 0.05114  loss_dice: 1.041  loss_ce_0: 0.404  loss_mask_0: 0.09863  loss_dice_0: 1.544  loss_ce_1: 0.252  loss_mask_1: 0.06433  loss_dice_1: 1.295  loss_ce_2: 0.3083  loss_mask_2: 0.04391  loss_dice_2: 1.221  loss_ce_3: 0.3118  loss_mask_3: 0.05122  loss_dice_3: 1.228  loss_ce_4: 0.3076  loss_mask_4: 0.049  loss_dice_4: 1.112  loss_ce_5: 0.2855  loss_mask_5: 0.06477  loss_dice_5: 1.163  loss_ce_6: 0.3252  loss_mask_6: 0.05566  loss_dice_6: 1.139  loss_ce_7: 0.2877  loss_mask_7: 0.05831  loss_dice_7: 1.222  loss_ce_8: 0.2641  loss_mask_8: 0.05048  loss_dice_8: 1.051    time: 0.8909  last_time: 0.8799  data_time: 0.1809  last_data_time: 0.1809   lr: 1.591e-05  max_mem: 13265M
[03/18 12:15:28 d2.utils.events]:  eta: 4:43:59  iter: 179  total_loss: 18.49  loss_ce: 0.2799  loss_mask: 0.06683  loss_dice: 1.424  loss_ce_0: 0.516  loss_mask_0: 0.1224  loss_dice_0: 1.743  loss_ce_1: 0.4502  loss_mask_1: 0.05145  loss_dice_1: 1.446  loss_ce_2: 0.2731  loss_mask_2: 0.07323  loss_dice_2: 1.42  loss_ce_3: 0.2428  loss_mask_3: 0.1128  loss_dice_3: 1.485  loss_ce_4: 0.2545  loss_mask_4: 0.1068  loss_dice_4: 1.411  loss_ce_5: 0.2963  loss_mask_5: 0.07433  loss_dice_5: 1.262  loss_ce_6: 0.2751  loss_mask_6: 0.08007  loss_dice_6: 1.399  loss_ce_7: 0.3275  loss_mask_7: 0.115  loss_dice_7: 1.414  loss_ce_8: 0.302  loss_mask_8: 0.07796  loss_dice_8: 1.382    time: 0.8858  last_time: 0.7764  data_time: 0.0642  last_data_time: 0.0642   lr: 1.7905e-05  max_mem: 13265M
[03/18 12:15:46 d2.utils.events]:  eta: 4:43:42  iter: 199  total_loss: 17.58  loss_ce: 0.1443  loss_mask: 0.08859  loss_dice: 1.536  loss_ce_0: 0.4914  loss_mask_0: 0.1017  loss_dice_0: 1.779  loss_ce_1: 0.1725  loss_mask_1: 0.0883  loss_dice_1: 1.24  loss_ce_2: 0.1376  loss_mask_2: 0.06162  loss_dice_2: 1.568  loss_ce_3: 0.1414  loss_mask_3: 0.1092  loss_dice_3: 1.514  loss_ce_4: 0.1155  loss_mask_4: 0.104  loss_dice_4: 1.431  loss_ce_5: 0.1142  loss_mask_5: 0.1155  loss_dice_5: 1.472  loss_ce_6: 0.1486  loss_mask_6: 0.0865  loss_dice_6: 1.481  loss_ce_7: 0.1454  loss_mask_7: 0.07749  loss_dice_7: 1.486  loss_ce_8: 0.1412  loss_mask_8: 0.07931  loss_dice_8: 1.41    time: 0.8843  last_time: 0.8169  data_time: 0.1173  last_data_time: 0.1173   lr: 1.9899e-05  max_mem: 13265M
[03/18 12:16:03 d2.utils.events]:  eta: 4:42:47  iter: 219  total_loss: 13.5  loss_ce: 0.1683  loss_mask: 0.1179  loss_dice: 1.144  loss_ce_0: 0.3332  loss_mask_0: 0.1786  loss_dice_0: 1.1  loss_ce_1: 0.173  loss_mask_1: 0.2252  loss_dice_1: 1.258  loss_ce_2: 0.1876  loss_mask_2: 0.1639  loss_dice_2: 0.9735  loss_ce_3: 0.1876  loss_mask_3: 0.1578  loss_dice_3: 0.9374  loss_ce_4: 0.1434  loss_mask_4: 0.1382  loss_dice_4: 0.9402  loss_ce_5: 0.2364  loss_mask_5: 0.1217  loss_dice_5: 1.114  loss_ce_6: 0.1676  loss_mask_6: 0.1295  loss_dice_6: 0.8981  loss_ce_7: 0.1659  loss_mask_7: 0.1193  loss_dice_7: 0.7699  loss_ce_8: 0.1717  loss_mask_8: 0.1259  loss_dice_8: 0.9559    time: 0.8826  last_time: 1.2095  data_time: 0.5135  last_data_time: 0.5135   lr: 2.1894e-05  max_mem: 13265M
[03/18 12:16:22 d2.utils.events]:  eta: 4:42:30  iter: 239  total_loss: 20.83  loss_ce: 0.2358  loss_mask: 0.1371  loss_dice: 1.673  loss_ce_0: 0.626  loss_mask_0: 0.1741  loss_dice_0: 1.861  loss_ce_1: 0.3068  loss_mask_1: 0.1192  loss_dice_1: 1.552  loss_ce_2: 0.2809  loss_mask_2: 0.1044  loss_dice_2: 1.478  loss_ce_3: 0.3184  loss_mask_3: 0.1169  loss_dice_3: 1.495  loss_ce_4: 0.2165  loss_mask_4: 0.1232  loss_dice_4: 1.72  loss_ce_5: 0.2564  loss_mask_5: 0.1215  loss_dice_5: 1.776  loss_ce_6: 0.245  loss_mask_6: 0.1198  loss_dice_6: 1.588  loss_ce_7: 0.2828  loss_mask_7: 0.1273  loss_dice_7: 1.648  loss_ce_8: 0.2472  loss_mask_8: 0.1352  loss_dice_8: 1.747    time: 0.8838  last_time: 0.8698  data_time: 0.1530  last_data_time: 0.1530   lr: 2.3889e-05  max_mem: 13265M
[03/18 12:16:39 d2.utils.events]:  eta: 4:42:05  iter: 259  total_loss: 24.25  loss_ce: 0.2259  loss_mask: 0.1791  loss_dice: 1.807  loss_ce_0: 0.4014  loss_mask_0: 0.148  loss_dice_0: 2.027  loss_ce_1: 0.2655  loss_mask_1: 0.1474  loss_dice_1: 1.81  loss_ce_2: 0.2186  loss_mask_2: 0.2081  loss_dice_2: 1.929  loss_ce_3: 0.2027  loss_mask_3: 0.2258  loss_dice_3: 1.996  loss_ce_4: 0.3027  loss_mask_4: 0.184  loss_dice_4: 2.026  loss_ce_5: 0.1973  loss_mask_5: 0.2177  loss_dice_5: 2.23  loss_ce_6: 0.1868  loss_mask_6: 0.1991  loss_dice_6: 2.206  loss_ce_7: 0.193  loss_mask_7: 0.1868  loss_dice_7: 1.965  loss_ce_8: 0.2037  loss_mask_8: 0.1733  loss_dice_8: 1.982    time: 0.8833  last_time: 0.8948  data_time: 0.1893  last_data_time: 0.1893   lr: 2.5884e-05  max_mem: 13265M
[03/18 12:16:56 d2.utils.events]:  eta: 4:40:29  iter: 279  total_loss: 17.7  loss_ce: 0.1422  loss_mask: 0.04832  loss_dice: 1.438  loss_ce_0: 0.3038  loss_mask_0: 0.0818  loss_dice_0: 1.461  loss_ce_1: 0.1583  loss_mask_1: 0.05234  loss_dice_1: 1.254  loss_ce_2: 0.1228  loss_mask_2: 0.0694  loss_dice_2: 1.694  loss_ce_3: 0.1543  loss_mask_3: 0.06763  loss_dice_3: 1.806  loss_ce_4: 0.2009  loss_mask_4: 0.06368  loss_dice_4: 1.36  loss_ce_5: 0.1947  loss_mask_5: 0.05308  loss_dice_5: 1.625  loss_ce_6: 0.1865  loss_mask_6: 0.06867  loss_dice_6: 1.575  loss_ce_7: 0.1844  loss_mask_7: 0.05755  loss_dice_7: 1.468  loss_ce_8: 0.2221  loss_mask_8: 0.05543  loss_dice_8: 1.53    time: 0.8792  last_time: 0.8014  data_time: 0.1052  last_data_time: 0.1052   lr: 2.7879e-05  max_mem: 13265M
[03/18 12:17:14 d2.utils.events]:  eta: 4:40:01  iter: 299  total_loss: 23.97  loss_ce: 0.3619  loss_mask: 0.0815  loss_dice: 1.84  loss_ce_0: 0.5248  loss_mask_0: 0.1148  loss_dice_0: 2.038  loss_ce_1: 0.3488  loss_mask_1: 0.09477  loss_dice_1: 1.951  loss_ce_2: 0.321  loss_mask_2: 0.09076  loss_dice_2: 1.913  loss_ce_3: 0.3222  loss_mask_3: 0.07518  loss_dice_3: 1.985  loss_ce_4: 0.3261  loss_mask_4: 0.08959  loss_dice_4: 1.886  loss_ce_5: 0.3489  loss_mask_5: 0.07942  loss_dice_5: 1.967  loss_ce_6: 0.3613  loss_mask_6: 0.08806  loss_dice_6: 1.931  loss_ce_7: 0.3597  loss_mask_7: 0.09161  loss_dice_7: 1.987  loss_ce_8: 0.4035  loss_mask_8: 0.08555  loss_dice_8: 1.906    time: 0.8792  last_time: 0.8603  data_time: 0.1504  last_data_time: 0.1504   lr: 2.9874e-05  max_mem: 13265M
[03/18 12:17:32 d2.utils.events]:  eta: 4:40:07  iter: 319  total_loss: 14.41  loss_ce: 0.1502  loss_mask: 0.05234  loss_dice: 1.259  loss_ce_0: 0.2543  loss_mask_0: 0.06009  loss_dice_0: 1.277  loss_ce_1: 0.1842  loss_mask_1: 0.04758  loss_dice_1: 1.232  loss_ce_2: 0.1837  loss_mask_2: 0.0502  loss_dice_2: 0.95  loss_ce_3: 0.1869  loss_mask_3: 0.05299  loss_dice_3: 1.18  loss_ce_4: 0.1464  loss_mask_4: 0.05494  loss_dice_4: 1.293  loss_ce_5: 0.2138  loss_mask_5: 0.05172  loss_dice_5: 1.145  loss_ce_6: 0.1908  loss_mask_6: 0.06014  loss_dice_6: 1.37  loss_ce_7: 0.1848  loss_mask_7: 0.06626  loss_dice_7: 1.27  loss_ce_8: 0.1846  loss_mask_8: 0.07157  loss_dice_8: 0.989    time: 0.8788  last_time: 0.9684  data_time: 0.2516  last_data_time: 0.2516   lr: 3.1869e-05  max_mem: 13265M
[03/18 12:17:49 d2.utils.events]:  eta: 4:39:56  iter: 339  total_loss: 16.56  loss_ce: 0.09121  loss_mask: 0.1317  loss_dice: 1.459  loss_ce_0: 0.2586  loss_mask_0: 0.1538  loss_dice_0: 1.549  loss_ce_1: 0.1049  loss_mask_1: 0.1408  loss_dice_1: 1.318  loss_ce_2: 0.08182  loss_mask_2: 0.1301  loss_dice_2: 1.381  loss_ce_3: 0.07286  loss_mask_3: 0.123  loss_dice_3: 1.301  loss_ce_4: 0.08722  loss_mask_4: 0.134  loss_dice_4: 1.419  loss_ce_5: 0.09544  loss_mask_5: 0.1351  loss_dice_5: 1.412  loss_ce_6: 0.09469  loss_mask_6: 0.1391  loss_dice_6: 1.528  loss_ce_7: 0.0819  loss_mask_7: 0.1411  loss_dice_7: 1.324  loss_ce_8: 0.1006  loss_mask_8: 0.1399  loss_dice_8: 1.426    time: 0.8778  last_time: 0.8593  data_time: 0.1422  last_data_time: 0.1422   lr: 3.3864e-05  max_mem: 13265M
[03/18 12:18:06 d2.utils.events]:  eta: 4:39:21  iter: 359  total_loss: 11.99  loss_ce: 0.1269  loss_mask: 0.07578  loss_dice: 0.9769  loss_ce_0: 0.3823  loss_mask_0: 0.08627  loss_dice_0: 1.249  loss_ce_1: 0.1642  loss_mask_1: 0.06469  loss_dice_1: 1.065  loss_ce_2: 0.1385  loss_mask_2: 0.06628  loss_dice_2: 0.9449  loss_ce_3: 0.118  loss_mask_3: 0.04801  loss_dice_3: 0.8322  loss_ce_4: 0.138  loss_mask_4: 0.0431  loss_dice_4: 0.8876  loss_ce_5: 0.1293  loss_mask_5: 0.06728  loss_dice_5: 0.9821  loss_ce_6: 0.1056  loss_mask_6: 0.07713  loss_dice_6: 0.8647  loss_ce_7: 0.106  loss_mask_7: 0.08638  loss_dice_7: 0.993  loss_ce_8: 0.1412  loss_mask_8: 0.07379  loss_dice_8: 0.953    time: 0.8759  last_time: 0.8950  data_time: 0.1714  last_data_time: 0.1714   lr: 3.5859e-05  max_mem: 13265M
[03/18 12:18:23 d2.utils.events]:  eta: 4:38:53  iter: 379  total_loss: 13.59  loss_ce: 0.1191  loss_mask: 0.09182  loss_dice: 1.147  loss_ce_0: 0.4234  loss_mask_0: 0.1504  loss_dice_0: 1.234  loss_ce_1: 0.1566  loss_mask_1: 0.07724  loss_dice_1: 0.9758  loss_ce_2: 0.1938  loss_mask_2: 0.08877  loss_dice_2: 1.121  loss_ce_3: 0.1346  loss_mask_3: 0.1004  loss_dice_3: 1.045  loss_ce_4: 0.167  loss_mask_4: 0.0798  loss_dice_4: 1.088  loss_ce_5: 0.1608  loss_mask_5: 0.09649  loss_dice_5: 0.9908  loss_ce_6: 0.1557  loss_mask_6: 0.09691  loss_dice_6: 1.035  loss_ce_7: 0.1332  loss_mask_7: 0.1012  loss_dice_7: 1.122  loss_ce_8: 0.1235  loss_mask_8: 0.09074  loss_dice_8: 1.088    time: 0.8742  last_time: 0.8658  data_time: 0.1664  last_data_time: 0.1664   lr: 3.7854e-05  max_mem: 13265M
[03/18 12:18:42 d2.utils.events]:  eta: 4:39:05  iter: 399  total_loss: 14.28  loss_ce: 0.1145  loss_mask: 0.06423  loss_dice: 1.135  loss_ce_0: 0.2967  loss_mask_0: 0.1035  loss_dice_0: 1.667  loss_ce_1: 0.1688  loss_mask_1: 0.08588  loss_dice_1: 1.35  loss_ce_2: 0.1328  loss_mask_2: 0.08738  loss_dice_2: 1.033  loss_ce_3: 0.1053  loss_mask_3: 0.07576  loss_dice_3: 1.177  loss_ce_4: 0.1171  loss_mask_4: 0.06835  loss_dice_4: 1.207  loss_ce_5: 0.1133  loss_mask_5: 0.07722  loss_dice_5: 1.127  loss_ce_6: 0.1094  loss_mask_6: 0.08043  loss_dice_6: 1.126  loss_ce_7: 0.114  loss_mask_7: 0.07224  loss_dice_7: 1.158  loss_ce_8: 0.1171  loss_mask_8: 0.08617  loss_dice_8: 1.107    time: 0.8764  last_time: 0.8619  data_time: 0.1605  last_data_time: 0.1605   lr: 3.9849e-05  max_mem: 13265M
[03/18 12:18:59 d2.utils.events]:  eta: 4:38:19  iter: 419  total_loss: 16.57  loss_ce: 0.3413  loss_mask: 0.08181  loss_dice: 1.009  loss_ce_0: 0.4809  loss_mask_0: 0.2122  loss_dice_0: 1.521  loss_ce_1: 0.4411  loss_mask_1: 0.1411  loss_dice_1: 1.256  loss_ce_2: 0.4031  loss_mask_2: 0.08508  loss_dice_2: 1.202  loss_ce_3: 0.2559  loss_mask_3: 0.09297  loss_dice_3: 1.241  loss_ce_4: 0.2721  loss_mask_4: 0.09768  loss_dice_4: 1.299  loss_ce_5: 0.2934  loss_mask_5: 0.09016  loss_dice_5: 1.105  loss_ce_6: 0.3369  loss_mask_6: 0.09787  loss_dice_6: 1.165  loss_ce_7: 0.3432  loss_mask_7: 0.1089  loss_dice_7: 1.139  loss_ce_8: 0.3424  loss_mask_8: 0.09574  loss_dice_8: 1.015    time: 0.8749  last_time: 0.9352  data_time: 0.2216  last_data_time: 0.2216   lr: 4.1844e-05  max_mem: 13265M
[03/18 12:19:17 d2.utils.events]:  eta: 4:38:31  iter: 439  total_loss: 18.19  loss_ce: 0.2271  loss_mask: 0.05032  loss_dice: 1.469  loss_ce_0: 0.3424  loss_mask_0: 0.04537  loss_dice_0: 1.527  loss_ce_1: 0.3235  loss_mask_1: 0.08483  loss_dice_1: 1.836  loss_ce_2: 0.2862  loss_mask_2: 0.05624  loss_dice_2: 1.599  loss_ce_3: 0.2846  loss_mask_3: 0.04366  loss_dice_3: 1.314  loss_ce_4: 0.2384  loss_mask_4: 0.05129  loss_dice_4: 1.448  loss_ce_5: 0.2382  loss_mask_5: 0.04523  loss_dice_5: 1.436  loss_ce_6: 0.2727  loss_mask_6: 0.04605  loss_dice_6: 1.306  loss_ce_7: 0.2185  loss_mask_7: 0.05619  loss_dice_7: 1.511  loss_ce_8: 0.2423  loss_mask_8: 0.05997  loss_dice_8: 1.531    time: 0.8756  last_time: 0.8820  data_time: 0.1764  last_data_time: 0.1764   lr: 4.3838e-05  max_mem: 13265M
[03/18 12:19:35 d2.utils.events]:  eta: 4:38:08  iter: 459  total_loss: 19.54  loss_ce: 0.3116  loss_mask: 0.1466  loss_dice: 1.336  loss_ce_0: 0.5251  loss_mask_0: 0.1104  loss_dice_0: 1.532  loss_ce_1: 0.4087  loss_mask_1: 0.1036  loss_dice_1: 1.727  loss_ce_2: 0.3372  loss_mask_2: 0.07304  loss_dice_2: 1.391  loss_ce_3: 0.3362  loss_mask_3: 0.07531  loss_dice_3: 1.406  loss_ce_4: 0.2931  loss_mask_4: 0.07898  loss_dice_4: 1.615  loss_ce_5: 0.3896  loss_mask_5: 0.09022  loss_dice_5: 1.5  loss_ce_6: 0.2513  loss_mask_6: 0.1539  loss_dice_6: 1.554  loss_ce_7: 0.3466  loss_mask_7: 0.0797  loss_dice_7: 1.3  loss_ce_8: 0.2691  loss_mask_8: 0.1454  loss_dice_8: 1.65    time: 0.8751  last_time: 0.9371  data_time: 0.2081  last_data_time: 0.2081   lr: 4.5833e-05  max_mem: 13265M
[03/18 12:19:53 d2.utils.events]:  eta: 4:38:08  iter: 479  total_loss: 17.01  loss_ce: 0.135  loss_mask: 0.07106  loss_dice: 1.579  loss_ce_0: 0.3057  loss_mask_0: 0.08279  loss_dice_0: 1.646  loss_ce_1: 0.2211  loss_mask_1: 0.0822  loss_dice_1: 1.553  loss_ce_2: 0.1769  loss_mask_2: 0.07671  loss_dice_2: 1.262  loss_ce_3: 0.1968  loss_mask_3: 0.0645  loss_dice_3: 1.329  loss_ce_4: 0.1797  loss_mask_4: 0.0649  loss_dice_4: 1.355  loss_ce_5: 0.1794  loss_mask_5: 0.07673  loss_dice_5: 1.393  loss_ce_6: 0.1998  loss_mask_6: 0.06908  loss_dice_6: 1.467  loss_ce_7: 0.1616  loss_mask_7: 0.06315  loss_dice_7: 1.331  loss_ce_8: 0.2443  loss_mask_8: 0.07782  loss_dice_8: 1.362    time: 0.8756  last_time: 0.8670  data_time: 0.1352  last_data_time: 0.1352   lr: 4.7828e-05  max_mem: 13265M
[03/18 12:20:10 d2.utils.events]:  eta: 4:38:23  iter: 499  total_loss: 13.36  loss_ce: 0.1332  loss_mask: 0.05664  loss_dice: 1.042  loss_ce_0: 0.3037  loss_mask_0: 0.1084  loss_dice_0: 1.376  loss_ce_1: 0.1759  loss_mask_1: 0.09947  loss_dice_1: 1.233  loss_ce_2: 0.1488  loss_mask_2: 0.06876  loss_dice_2: 1.075  loss_ce_3: 0.1488  loss_mask_3: 0.05991  loss_dice_3: 0.9173  loss_ce_4: 0.1256  loss_mask_4: 0.06141  loss_dice_4: 1.032  loss_ce_5: 0.1323  loss_mask_5: 0.07229  loss_dice_5: 1.225  loss_ce_6: 0.1307  loss_mask_6: 0.05923  loss_dice_6: 0.9953  loss_ce_7: 0.1322  loss_mask_7: 0.05754  loss_dice_7: 1.128  loss_ce_8: 0.1349  loss_mask_8: 0.06033  loss_dice_8: 1.063    time: 0.8756  last_time: 0.8811  data_time: 0.1681  last_data_time: 0.1681   lr: 4.9823e-05  max_mem: 13265M
[03/18 12:20:28 d2.utils.events]:  eta: 4:37:40  iter: 519  total_loss: 20.62  loss_ce: 0.1904  loss_mask: 0.1224  loss_dice: 1.785  loss_ce_0: 0.553  loss_mask_0: 0.1454  loss_dice_0: 1.502  loss_ce_1: 0.2801  loss_mask_1: 0.1738  loss_dice_1: 1.713  loss_ce_2: 0.2765  loss_mask_2: 0.1556  loss_dice_2: 1.663  loss_ce_3: 0.2634  loss_mask_3: 0.1225  loss_dice_3: 1.683  loss_ce_4: 0.2156  loss_mask_4: 0.1442  loss_dice_4: 1.692  loss_ce_5: 0.1855  loss_mask_5: 0.1355  loss_dice_5: 1.7  loss_ce_6: 0.1754  loss_mask_6: 0.1206  loss_dice_6: 1.807  loss_ce_7: 0.1694  loss_mask_7: 0.1192  loss_dice_7: 1.516  loss_ce_8: 0.1649  loss_mask_8: 0.1906  loss_dice_8: 1.657    time: 0.8749  last_time: 0.9975  data_time: 0.1349  last_data_time: 0.1349   lr: 4.9917e-05  max_mem: 13265M
[03/18 12:20:46 d2.utils.events]:  eta: 4:37:49  iter: 539  total_loss: 16.75  loss_ce: 0.2072  loss_mask: 0.05216  loss_dice: 1.168  loss_ce_0: 0.3655  loss_mask_0: 0.1168  loss_dice_0: 1.323  loss_ce_1: 0.2429  loss_mask_1: 0.06103  loss_dice_1: 1.145  loss_ce_2: 0.2668  loss_mask_2: 0.05616  loss_dice_2: 1.408  loss_ce_3: 0.2084  loss_mask_3: 0.05547  loss_dice_3: 1.694  loss_ce_4: 0.178  loss_mask_4: 0.07334  loss_dice_4: 1.655  loss_ce_5: 0.1886  loss_mask_5: 0.06193  loss_dice_5: 1.317  loss_ce_6: 0.1893  loss_mask_6: 0.06469  loss_dice_6: 1.367  loss_ce_7: 0.2005  loss_mask_7: 0.09046  loss_dice_7: 1.418  loss_ce_8: 0.1983  loss_mask_8: 0.06008  loss_dice_8: 1.316    time: 0.8764  last_time: 0.8221  data_time: 0.1292  last_data_time: 0.1292   lr: 4.991e-05  max_mem: 13265M
[03/18 12:21:04 d2.utils.events]:  eta: 4:37:32  iter: 559  total_loss: 10  loss_ce: 0.09273  loss_mask: 0.04797  loss_dice: 0.721  loss_ce_0: 0.4301  loss_mask_0: 0.07396  loss_dice_0: 0.7969  loss_ce_1: 0.09703  loss_mask_1: 0.06132  loss_dice_1: 0.9021  loss_ce_2: 0.1387  loss_mask_2: 0.0652  loss_dice_2: 0.858  loss_ce_3: 0.073  loss_mask_3: 0.04624  loss_dice_3: 0.8546  loss_ce_4: 0.07254  loss_mask_4: 0.04934  loss_dice_4: 0.9476  loss_ce_5: 0.081  loss_mask_5: 0.04849  loss_dice_5: 0.7522  loss_ce_6: 0.1154  loss_mask_6: 0.05955  loss_dice_6: 0.8298  loss_ce_7: 0.08947  loss_mask_7: 0.05313  loss_dice_7: 0.7278  loss_ce_8: 0.08922  loss_mask_8: 0.05414  loss_dice_8: 0.7737    time: 0.8769  last_time: 0.8259  data_time: 0.1238  last_data_time: 0.1238   lr: 4.9904e-05  max_mem: 13265M
[03/18 12:21:22 d2.utils.events]:  eta: 4:37:16  iter: 579  total_loss: 14.68  loss_ce: 0.1118  loss_mask: 0.07457  loss_dice: 1.103  loss_ce_0: 0.3236  loss_mask_0: 0.1115  loss_dice_0: 1.379  loss_ce_1: 0.1432  loss_mask_1: 0.118  loss_dice_1: 1.423  loss_ce_2: 0.1638  loss_mask_2: 0.07459  loss_dice_2: 1.328  loss_ce_3: 0.1404  loss_mask_3: 0.0794  loss_dice_3: 1.153  loss_ce_4: 0.1462  loss_mask_4: 0.07846  loss_dice_4: 1.246  loss_ce_5: 0.1229  loss_mask_5: 0.09139  loss_dice_5: 1.222  loss_ce_6: 0.1033  loss_mask_6: 0.07335  loss_dice_6: 1.153  loss_ce_7: 0.1129  loss_mask_7: 0.07956  loss_dice_7: 1.141  loss_ce_8: 0.1155  loss_mask_8: 0.07375  loss_dice_8: 1.188    time: 0.8771  last_time: 0.8315  data_time: 0.1048  last_data_time: 0.1048   lr: 4.9897e-05  max_mem: 13265M
[03/18 12:21:41 d2.utils.events]:  eta: 4:37:00  iter: 599  total_loss: 11.56  loss_ce: 0.3439  loss_mask: 0.08423  loss_dice: 0.8345  loss_ce_0: 0.396  loss_mask_0: 0.1025  loss_dice_0: 0.9755  loss_ce_1: 0.1804  loss_mask_1: 0.0739  loss_dice_1: 0.7251  loss_ce_2: 0.2071  loss_mask_2: 0.06959  loss_dice_2: 0.8191  loss_ce_3: 0.1474  loss_mask_3: 0.07038  loss_dice_3: 0.9211  loss_ce_4: 0.1756  loss_mask_4: 0.07074  loss_dice_4: 0.8443  loss_ce_5: 0.2123  loss_mask_5: 0.07709  loss_dice_5: 0.8779  loss_ce_6: 0.1981  loss_mask_6: 0.08088  loss_dice_6: 0.8097  loss_ce_7: 0.2263  loss_mask_7: 0.07193  loss_dice_7: 0.7657  loss_ce_8: 0.2361  loss_mask_8: 0.08052  loss_dice_8: 0.8826    time: 0.8789  last_time: 0.9077  data_time: 0.1926  last_data_time: 0.1926   lr: 4.9889e-05  max_mem: 13265M
[03/18 12:21:59 d2.utils.events]:  eta: 4:36:56  iter: 619  total_loss: 11.03  loss_ce: 0.07675  loss_mask: 0.09912  loss_dice: 0.8847  loss_ce_0: 0.2456  loss_mask_0: 0.2097  loss_dice_0: 1.255  loss_ce_1: 0.08247  loss_mask_1: 0.08557  loss_dice_1: 0.8469  loss_ce_2: 0.08755  loss_mask_2: 0.09914  loss_dice_2: 0.8408  loss_ce_3: 0.07793  loss_mask_3: 0.09534  loss_dice_3: 0.8584  loss_ce_4: 0.0746  loss_mask_4: 0.08962  loss_dice_4: 0.8953  loss_ce_5: 0.07668  loss_mask_5: 0.08726  loss_dice_5: 0.8527  loss_ce_6: 0.07381  loss_mask_6: 0.09136  loss_dice_6: 0.7805  loss_ce_7: 0.06421  loss_mask_7: 0.09527  loss_dice_7: 0.9028  loss_ce_8: 0.06916  loss_mask_8: 0.09539  loss_dice_8: 0.9333    time: 0.8803  last_time: 1.3343  data_time: 0.6385  last_data_time: 0.6385   lr: 4.9882e-05  max_mem: 13265M
[03/18 12:22:18 d2.utils.events]:  eta: 4:36:47  iter: 639  total_loss: 13.89  loss_ce: 0.07381  loss_mask: 0.03661  loss_dice: 1.247  loss_ce_0: 0.3139  loss_mask_0: 0.06061  loss_dice_0: 1.462  loss_ce_1: 0.1576  loss_mask_1: 0.06528  loss_dice_1: 1.111  loss_ce_2: 0.1221  loss_mask_2: 0.03304  loss_dice_2: 1.287  loss_ce_3: 0.1132  loss_mask_3: 0.03569  loss_dice_3: 1.301  loss_ce_4: 0.09042  loss_mask_4: 0.03464  loss_dice_4: 1.302  loss_ce_5: 0.166  loss_mask_5: 0.0378  loss_dice_5: 1.047  loss_ce_6: 0.07515  loss_mask_6: 0.03945  loss_dice_6: 1.122  loss_ce_7: 0.07136  loss_mask_7: 0.03884  loss_dice_7: 1.235  loss_ce_8: 0.07337  loss_mask_8: 0.03573  loss_dice_8: 1.102    time: 0.8809  last_time: 0.8351  data_time: 0.1309  last_data_time: 0.1309   lr: 4.9874e-05  max_mem: 13265M
[03/18 12:22:36 d2.utils.events]:  eta: 4:36:32  iter: 659  total_loss: 11.55  loss_ce: 0.1171  loss_mask: 0.03401  loss_dice: 0.9228  loss_ce_0: 0.3443  loss_mask_0: 0.04328  loss_dice_0: 1.244  loss_ce_1: 0.1368  loss_mask_1: 0.03247  loss_dice_1: 0.8702  loss_ce_2: 0.09351  loss_mask_2: 0.03521  loss_dice_2: 0.896  loss_ce_3: 0.08228  loss_mask_3: 0.03402  loss_dice_3: 1.162  loss_ce_4: 0.1135  loss_mask_4: 0.0406  loss_dice_4: 1.126  loss_ce_5: 0.07606  loss_mask_5: 0.03209  loss_dice_5: 0.9204  loss_ce_6: 0.08901  loss_mask_6: 0.03009  loss_dice_6: 0.9078  loss_ce_7: 0.1259  loss_mask_7: 0.03041  loss_dice_7: 1.026  loss_ce_8: 0.1034  loss_mask_8: 0.03572  loss_dice_8: 0.848    time: 0.8814  last_time: 0.8396  data_time: 0.1361  last_data_time: 0.1361   lr: 4.9866e-05  max_mem: 13265M
[03/18 12:22:53 d2.utils.events]:  eta: 4:36:05  iter: 679  total_loss: 7.97  loss_ce: 0.07287  loss_mask: 0.06615  loss_dice: 0.6252  loss_ce_0: 0.373  loss_mask_0: 0.08158  loss_dice_0: 0.6645  loss_ce_1: 0.1238  loss_mask_1: 0.05248  loss_dice_1: 0.5933  loss_ce_2: 0.08627  loss_mask_2: 0.05604  loss_dice_2: 0.6456  loss_ce_3: 0.08318  loss_mask_3: 0.05832  loss_dice_3: 0.6573  loss_ce_4: 0.0727  loss_mask_4: 0.04892  loss_dice_4: 0.6139  loss_ce_5: 0.06907  loss_mask_5: 0.05779  loss_dice_5: 0.6552  loss_ce_6: 0.06845  loss_mask_6: 0.05386  loss_dice_6: 0.6033  loss_ce_7: 0.07085  loss_mask_7: 0.05764  loss_dice_7: 0.6454  loss_ce_8: 0.07087  loss_mask_8: 0.05579  loss_dice_8: 0.5867    time: 0.8808  last_time: 0.8731  data_time: 0.1670  last_data_time: 0.1670   lr: 4.9858e-05  max_mem: 13265M
[03/18 12:23:11 d2.utils.events]:  eta: 4:35:55  iter: 699  total_loss: 11.09  loss_ce: 0.07336  loss_mask: 0.08785  loss_dice: 0.8384  loss_ce_0: 0.2906  loss_mask_0: 0.2782  loss_dice_0: 1.117  loss_ce_1: 0.1402  loss_mask_1: 0.1424  loss_dice_1: 1.034  loss_ce_2: 0.1454  loss_mask_2: 0.08522  loss_dice_2: 0.7443  loss_ce_3: 0.08475  loss_mask_3: 0.1423  loss_dice_3: 0.9291  loss_ce_4: 0.07646  loss_mask_4: 0.09258  loss_dice_4: 0.8858  loss_ce_5: 0.07292  loss_mask_5: 0.0827  loss_dice_5: 0.7833  loss_ce_6: 0.07325  loss_mask_6: 0.08743  loss_dice_6: 0.8438  loss_ce_7: 0.07069  loss_mask_7: 0.08969  loss_dice_7: 0.8345  loss_ce_8: 0.06991  loss_mask_8: 0.08535  loss_dice_8: 0.805    time: 0.8808  last_time: 0.8248  data_time: 0.1145  last_data_time: 0.1145   lr: 4.9849e-05  max_mem: 13265M
[03/18 12:23:29 d2.utils.events]:  eta: 4:35:23  iter: 719  total_loss: 10.18  loss_ce: 0.0374  loss_mask: 0.06967  loss_dice: 0.7753  loss_ce_0: 0.2716  loss_mask_0: 0.09287  loss_dice_0: 0.9255  loss_ce_1: 0.06243  loss_mask_1: 0.07082  loss_dice_1: 0.79  loss_ce_2: 0.05794  loss_mask_2: 0.0787  loss_dice_2: 0.9587  loss_ce_3: 0.05234  loss_mask_3: 0.07711  loss_dice_3: 0.8244  loss_ce_4: 0.04364  loss_mask_4: 0.07194  loss_dice_4: 0.7812  loss_ce_5: 0.09842  loss_mask_5: 0.07907  loss_dice_5: 0.907  loss_ce_6: 0.03722  loss_mask_6: 0.0653  loss_dice_6: 0.7878  loss_ce_7: 0.03692  loss_mask_7: 0.07318  loss_dice_7: 0.8928  loss_ce_8: 0.06125  loss_mask_8: 0.06958  loss_dice_8: 1.031    time: 0.8812  last_time: 0.8511  data_time: 0.1282  last_data_time: 0.1282   lr: 4.9841e-05  max_mem: 13265M
[03/18 12:23:47 d2.utils.events]:  eta: 4:35:03  iter: 739  total_loss: 8.736  loss_ce: 0.06416  loss_mask: 0.06692  loss_dice: 0.5919  loss_ce_0: 0.2238  loss_mask_0: 0.1177  loss_dice_0: 1.116  loss_ce_1: 0.1062  loss_mask_1: 0.08024  loss_dice_1: 0.9124  loss_ce_2: 0.08137  loss_mask_2: 0.06735  loss_dice_2: 0.6247  loss_ce_3: 0.1188  loss_mask_3: 0.05108  loss_dice_3: 0.5623  loss_ce_4: 0.06801  loss_mask_4: 0.06644  loss_dice_4: 0.6624  loss_ce_5: 0.07763  loss_mask_5: 0.05828  loss_dice_5: 0.6895  loss_ce_6: 0.07324  loss_mask_6: 0.06511  loss_dice_6: 0.6634  loss_ce_7: 0.06875  loss_mask_7: 0.05797  loss_dice_7: 0.7068  loss_ce_8: 0.06077  loss_mask_8: 0.05006  loss_dice_8: 0.5831    time: 0.8811  last_time: 0.8150  data_time: 0.1110  last_data_time: 0.1110   lr: 4.9832e-05  max_mem: 13265M
[03/18 12:24:04 d2.utils.events]:  eta: 4:34:40  iter: 759  total_loss: 13.08  loss_ce: 0.08643  loss_mask: 0.07041  loss_dice: 1.068  loss_ce_0: 0.2618  loss_mask_0: 0.1719  loss_dice_0: 1.777  loss_ce_1: 0.1321  loss_mask_1: 0.06372  loss_dice_1: 1.013  loss_ce_2: 0.1914  loss_mask_2: 0.07382  loss_dice_2: 1.041  loss_ce_3: 0.1203  loss_mask_3: 0.06715  loss_dice_3: 1.089  loss_ce_4: 0.124  loss_mask_4: 0.06223  loss_dice_4: 0.9563  loss_ce_5: 0.1095  loss_mask_5: 0.06233  loss_dice_5: 0.9464  loss_ce_6: 0.1117  loss_mask_6: 0.07285  loss_dice_6: 1.02  loss_ce_7: 0.1172  loss_mask_7: 0.07871  loss_dice_7: 1.075  loss_ce_8: 0.08246  loss_mask_8: 0.06604  loss_dice_8: 0.9664    time: 0.8808  last_time: 0.8143  data_time: 0.1185  last_data_time: 0.1185   lr: 4.9823e-05  max_mem: 13265M
[03/18 12:24:22 d2.utils.events]:  eta: 4:34:26  iter: 779  total_loss: 8.441  loss_ce: 0.04938  loss_mask: 0.05517  loss_dice: 0.6381  loss_ce_0: 0.2717  loss_mask_0: 0.08038  loss_dice_0: 0.6936  loss_ce_1: 0.06946  loss_mask_1: 0.06381  loss_dice_1: 0.6977  loss_ce_2: 0.07649  loss_mask_2: 0.06151  loss_dice_2: 0.7823  loss_ce_3: 0.05698  loss_mask_3: 0.05938  loss_dice_3: 0.6301  loss_ce_4: 0.05431  loss_mask_4: 0.06015  loss_dice_4: 0.7022  loss_ce_5: 0.0542  loss_mask_5: 0.05741  loss_dice_5: 0.7963  loss_ce_6: 0.1068  loss_mask_6: 0.05663  loss_dice_6: 0.6188  loss_ce_7: 0.0469  loss_mask_7: 0.06113  loss_dice_7: 0.7411  loss_ce_8: 0.04709  loss_mask_8: 0.05685  loss_dice_8: 0.695    time: 0.8805  last_time: 0.8808  data_time: 0.1737  last_data_time: 0.1737   lr: 4.9813e-05  max_mem: 13266M
[03/18 12:24:40 d2.utils.events]:  eta: 4:34:22  iter: 799  total_loss: 22.38  loss_ce: 0.1667  loss_mask: 0.117  loss_dice: 1.749  loss_ce_0: 0.7418  loss_mask_0: 0.2277  loss_dice_0: 2.375  loss_ce_1: 0.1938  loss_mask_1: 0.1671  loss_dice_1: 1.888  loss_ce_2: 0.1662  loss_mask_2: 0.1372  loss_dice_2: 1.998  loss_ce_3: 0.1969  loss_mask_3: 0.1243  loss_dice_3: 1.776  loss_ce_4: 0.1842  loss_mask_4: 0.1206  loss_dice_4: 1.734  loss_ce_5: 0.1953  loss_mask_5: 0.1092  loss_dice_5: 1.807  loss_ce_6: 0.1507  loss_mask_6: 0.1042  loss_dice_6: 1.677  loss_ce_7: 0.1528  loss_mask_7: 0.1136  loss_dice_7: 1.942  loss_ce_8: 0.1423  loss_mask_8: 0.1239  loss_dice_8: 1.794    time: 0.8808  last_time: 1.2049  data_time: 0.4988  last_data_time: 0.4988   lr: 4.9803e-05  max_mem: 13266M
[03/18 12:24:58 d2.utils.events]:  eta: 4:33:54  iter: 819  total_loss: 10.48  loss_ce: 0.06091  loss_mask: 0.1196  loss_dice: 0.7505  loss_ce_0: 0.3617  loss_mask_0: 0.1359  loss_dice_0: 0.9324  loss_ce_1: 0.1929  loss_mask_1: 0.1396  loss_dice_1: 0.8429  loss_ce_2: 0.1662  loss_mask_2: 0.1369  loss_dice_2: 0.8671  loss_ce_3: 0.09958  loss_mask_3: 0.1367  loss_dice_3: 0.7315  loss_ce_4: 0.1019  loss_mask_4: 0.1163  loss_dice_4: 0.7596  loss_ce_5: 0.09772  loss_mask_5: 0.1189  loss_dice_5: 0.7015  loss_ce_6: 0.06552  loss_mask_6: 0.1222  loss_dice_6: 0.7702  loss_ce_7: 0.09418  loss_mask_7: 0.1101  loss_dice_7: 0.802  loss_ce_8: 0.06029  loss_mask_8: 0.1035  loss_dice_8: 0.7782    time: 0.8810  last_time: 1.0075  data_time: 0.1229  last_data_time: 0.1229   lr: 4.9793e-05  max_mem: 13266M
[03/18 12:25:16 d2.utils.events]:  eta: 4:33:40  iter: 839  total_loss: 13.92  loss_ce: 0.09972  loss_mask: 0.06244  loss_dice: 1.075  loss_ce_0: 0.2503  loss_mask_0: 0.09544  loss_dice_0: 1.57  loss_ce_1: 0.106  loss_mask_1: 0.07278  loss_dice_1: 1.23  loss_ce_2: 0.05841  loss_mask_2: 0.0754  loss_dice_2: 1.254  loss_ce_3: 0.07909  loss_mask_3: 0.08285  loss_dice_3: 1.139  loss_ce_4: 0.1066  loss_mask_4: 0.07551  loss_dice_4: 1.252  loss_ce_5: 0.1025  loss_mask_5: 0.06884  loss_dice_5: 1.218  loss_ce_6: 0.1054  loss_mask_6: 0.07117  loss_dice_6: 1.145  loss_ce_7: 0.1151  loss_mask_7: 0.06843  loss_dice_7: 1.091  loss_ce_8: 0.1033  loss_mask_8: 0.06766  loss_dice_8: 1.076    time: 0.8816  last_time: 0.9536  data_time: 0.2471  last_data_time: 0.2471   lr: 4.9783e-05  max_mem: 13266M
[03/18 12:25:34 d2.utils.events]:  eta: 4:33:23  iter: 859  total_loss: 8.064  loss_ce: 0.1145  loss_mask: 0.02633  loss_dice: 0.5595  loss_ce_0: 0.2659  loss_mask_0: 0.06026  loss_dice_0: 0.9484  loss_ce_1: 0.2114  loss_mask_1: 0.04285  loss_dice_1: 0.7373  loss_ce_2: 0.0872  loss_mask_2: 0.02885  loss_dice_2: 0.5972  loss_ce_3: 0.1129  loss_mask_3: 0.02902  loss_dice_3: 0.6342  loss_ce_4: 0.09332  loss_mask_4: 0.03198  loss_dice_4: 0.5476  loss_ce_5: 0.1197  loss_mask_5: 0.03242  loss_dice_5: 0.6425  loss_ce_6: 0.1174  loss_mask_6: 0.02739  loss_dice_6: 0.5679  loss_ce_7: 0.116  loss_mask_7: 0.03135  loss_dice_7: 0.5744  loss_ce_8: 0.08247  loss_mask_8: 0.03051  loss_dice_8: 0.5928    time: 0.8816  last_time: 0.7851  data_time: 0.0817  last_data_time: 0.0817   lr: 4.9773e-05  max_mem: 13266M
[03/18 12:25:52 d2.utils.events]:  eta: 4:33:03  iter: 879  total_loss: 12.17  loss_ce: 0.07874  loss_mask: 0.06172  loss_dice: 0.8903  loss_ce_0: 0.2917  loss_mask_0: 0.05997  loss_dice_0: 1.12  loss_ce_1: 0.1796  loss_mask_1: 0.07201  loss_dice_1: 1.038  loss_ce_2: 0.0877  loss_mask_2: 0.09051  loss_dice_2: 0.9175  loss_ce_3: 0.07365  loss_mask_3: 0.06226  loss_dice_3: 1.116  loss_ce_4: 0.1189  loss_mask_4: 0.05729  loss_dice_4: 0.9875  loss_ce_5: 0.07927  loss_mask_5: 0.06325  loss_dice_5: 0.9913  loss_ce_6: 0.1156  loss_mask_6: 0.04899  loss_dice_6: 1.037  loss_ce_7: 0.1156  loss_mask_7: 0.05121  loss_dice_7: 1.116  loss_ce_8: 0.07545  loss_mask_8: 0.05631  loss_dice_8: 1.111    time: 0.8818  last_time: 0.8277  data_time: 0.1210  last_data_time: 0.1210   lr: 4.9762e-05  max_mem: 13266M
[03/18 12:26:10 d2.utils.events]:  eta: 4:32:56  iter: 899  total_loss: 8.461  loss_ce: 0.07752  loss_mask: 0.04932  loss_dice: 0.6027  loss_ce_0: 0.1814  loss_mask_0: 0.106  loss_dice_0: 1.102  loss_ce_1: 0.1048  loss_mask_1: 0.04765  loss_dice_1: 0.5712  loss_ce_2: 0.07595  loss_mask_2: 0.06188  loss_dice_2: 0.6529  loss_ce_3: 0.0737  loss_mask_3: 0.05875  loss_dice_3: 0.6349  loss_ce_4: 0.07321  loss_mask_4: 0.05778  loss_dice_4: 0.8211  loss_ce_5: 0.07666  loss_mask_5: 0.0441  loss_dice_5: 0.5646  loss_ce_6: 0.07614  loss_mask_6: 0.04902  loss_dice_6: 0.6647  loss_ce_7: 0.07159  loss_mask_7: 0.05373  loss_dice_7: 0.722  loss_ce_8: 0.07373  loss_mask_8: 0.04681  loss_dice_8: 0.6645    time: 0.8818  last_time: 0.9900  data_time: 0.2874  last_data_time: 0.2874   lr: 4.9751e-05  max_mem: 13266M
[03/18 12:26:29 d2.utils.events]:  eta: 4:32:47  iter: 919  total_loss: 14.29  loss_ce: 0.125  loss_mask: 0.03098  loss_dice: 1.34  loss_ce_0: 0.3026  loss_mask_0: 0.04419  loss_dice_0: 1.719  loss_ce_1: 0.1212  loss_mask_1: 0.03812  loss_dice_1: 1.284  loss_ce_2: 0.09968  loss_mask_2: 0.02862  loss_dice_2: 1.18  loss_ce_3: 0.1047  loss_mask_3: 0.0331  loss_dice_3: 1.173  loss_ce_4: 0.04984  loss_mask_4: 0.03306  loss_dice_4: 1.3  loss_ce_5: 0.052  loss_mask_5: 0.0425  loss_dice_5: 1.199  loss_ce_6: 0.09196  loss_mask_6: 0.02819  loss_dice_6: 1.01  loss_ce_7: 0.08881  loss_mask_7: 0.04343  loss_dice_7: 1.323  loss_ce_8: 0.07754  loss_mask_8: 0.03566  loss_dice_8: 1.288    time: 0.8831  last_time: 1.1592  data_time: 0.4636  last_data_time: 0.4636   lr: 4.974e-05  max_mem: 13266M
[03/18 12:26:46 d2.utils.events]:  eta: 4:32:09  iter: 939  total_loss: 15.29  loss_ce: 0.06478  loss_mask: 0.05146  loss_dice: 1.362  loss_ce_0: 0.2226  loss_mask_0: 0.07454  loss_dice_0: 1.521  loss_ce_1: 0.2178  loss_mask_1: 0.05562  loss_dice_1: 0.9279  loss_ce_2: 0.06494  loss_mask_2: 0.063  loss_dice_2: 1.526  loss_ce_3: 0.06363  loss_mask_3: 0.07734  loss_dice_3: 1.513  loss_ce_4: 0.1315  loss_mask_4: 0.0859  loss_dice_4: 1.427  loss_ce_5: 0.06348  loss_mask_5: 0.05563  loss_dice_5: 1.312  loss_ce_6: 0.05933  loss_mask_6: 0.05075  loss_dice_6: 1.286  loss_ce_7: 0.06091  loss_mask_7: 0.05298  loss_dice_7: 1.334  loss_ce_8: 0.06317  loss_mask_8: 0.05275  loss_dice_8: 1.445    time: 0.8826  last_time: 0.7899  data_time: 0.1053  last_data_time: 0.1053   lr: 4.9729e-05  max_mem: 13266M
[03/18 12:27:03 d2.utils.events]:  eta: 4:31:51  iter: 959  total_loss: 12.96  loss_ce: 0.3226  loss_mask: 0.07387  loss_dice: 0.9302  loss_ce_0: 0.6502  loss_mask_0: 0.1063  loss_dice_0: 1.001  loss_ce_1: 0.361  loss_mask_1: 0.06744  loss_dice_1: 0.8536  loss_ce_2: 0.2178  loss_mask_2: 0.07514  loss_dice_2: 0.9274  loss_ce_3: 0.2356  loss_mask_3: 0.06058  loss_dice_3: 0.8601  loss_ce_4: 0.234  loss_mask_4: 0.06192  loss_dice_4: 0.9133  loss_ce_5: 0.2739  loss_mask_5: 0.07212  loss_dice_5: 0.8783  loss_ce_6: 0.2936  loss_mask_6: 0.06128  loss_dice_6: 0.9175  loss_ce_7: 0.2382  loss_mask_7: 0.06658  loss_dice_7: 0.9259  loss_ce_8: 0.2408  loss_mask_8: 0.06697  loss_dice_8: 0.9737    time: 0.8818  last_time: 0.9256  data_time: 0.2078  last_data_time: 0.2078   lr: 4.9717e-05  max_mem: 13267M
[03/18 12:27:21 d2.utils.events]:  eta: 4:31:31  iter: 979  total_loss: 13.24  loss_ce: 0.08965  loss_mask: 0.1693  loss_dice: 1.014  loss_ce_0: 0.3075  loss_mask_0: 0.1349  loss_dice_0: 1.159  loss_ce_1: 0.1378  loss_mask_1: 0.1851  loss_dice_1: 1.13  loss_ce_2: 0.1025  loss_mask_2: 0.171  loss_dice_2: 0.8866  loss_ce_3: 0.1036  loss_mask_3: 0.1643  loss_dice_3: 0.9726  loss_ce_4: 0.08244  loss_mask_4: 0.1749  loss_dice_4: 1.021  loss_ce_5: 0.08362  loss_mask_5: 0.1951  loss_dice_5: 1.149  loss_ce_6: 0.145  loss_mask_6: 0.1662  loss_dice_6: 0.9302  loss_ce_7: 0.1575  loss_mask_7: 0.1867  loss_dice_7: 0.9128  loss_ce_8: 0.08695  loss_mask_8: 0.1761  loss_dice_8: 1.04    time: 0.8813  last_time: 0.8487  data_time: 0.1477  last_data_time: 0.1477   lr: 4.9705e-05  max_mem: 13267M
[03/18 12:27:38 d2.utils.events]:  eta: 4:31:15  iter: 999  total_loss: 8.785  loss_ce: 0.06969  loss_mask: 0.04497  loss_dice: 0.7492  loss_ce_0: 0.2499  loss_mask_0: 0.05194  loss_dice_0: 0.7412  loss_ce_1: 0.1089  loss_mask_1: 0.02951  loss_dice_1: 0.6078  loss_ce_2: 0.1012  loss_mask_2: 0.03818  loss_dice_2: 0.6757  loss_ce_3: 0.1009  loss_mask_3: 0.03776  loss_dice_3: 0.6155  loss_ce_4: 0.1187  loss_mask_4: 0.04381  loss_dice_4: 0.689  loss_ce_5: 0.08004  loss_mask_5: 0.04399  loss_dice_5: 0.8089  loss_ce_6: 0.07182  loss_mask_6: 0.05076  loss_dice_6: 0.818  loss_ce_7: 0.126  loss_mask_7: 0.05214  loss_dice_7: 0.8557  loss_ce_8: 0.07348  loss_mask_8: 0.04436  loss_dice_8: 0.6865    time: 0.8813  last_time: 0.9287  data_time: 0.1645  last_data_time: 0.1645   lr: 4.9693e-05  max_mem: 13267M
[03/18 12:27:57 d2.utils.events]:  eta: 4:30:58  iter: 1019  total_loss: 12.43  loss_ce: 0.1178  loss_mask: 0.05915  loss_dice: 0.9884  loss_ce_0: 0.3314  loss_mask_0: 0.09215  loss_dice_0: 1.129  loss_ce_1: 0.2017  loss_mask_1: 0.0559  loss_dice_1: 0.9662  loss_ce_2: 0.1957  loss_mask_2: 0.06099  loss_dice_2: 0.9593  loss_ce_3: 0.1261  loss_mask_3: 0.05679  loss_dice_3: 0.8385  loss_ce_4: 0.1043  loss_mask_4: 0.05641  loss_dice_4: 1.004  loss_ce_5: 0.07198  loss_mask_5: 0.07702  loss_dice_5: 1.473  loss_ce_6: 0.1458  loss_mask_6: 0.06065  loss_dice_6: 1.037  loss_ce_7: 0.2051  loss_mask_7: 0.05664  loss_dice_7: 0.8728  loss_ce_8: 0.1125  loss_mask_8: 0.05839  loss_dice_8: 0.9192    time: 0.8818  last_time: 0.8721  data_time: 0.1599  last_data_time: 0.1599   lr: 4.968e-05  max_mem: 13267M
[03/18 12:28:15 d2.utils.events]:  eta: 4:30:43  iter: 1039  total_loss: 11.9  loss_ce: 0.07874  loss_mask: 0.04918  loss_dice: 0.9589  loss_ce_0: 0.391  loss_mask_0: 0.07524  loss_dice_0: 1.027  loss_ce_1: 0.178  loss_mask_1: 0.05459  loss_dice_1: 1.012  loss_ce_2: 0.09676  loss_mask_2: 0.05223  loss_dice_2: 0.8009  loss_ce_3: 0.1112  loss_mask_3: 0.04525  loss_dice_3: 1.004  loss_ce_4: 0.1115  loss_mask_4: 0.04696  loss_dice_4: 1.131  loss_ce_5: 0.09073  loss_mask_5: 0.04882  loss_dice_5: 1.046  loss_ce_6: 0.1239  loss_mask_6: 0.05219  loss_dice_6: 0.8691  loss_ce_7: 0.1148  loss_mask_7: 0.05047  loss_dice_7: 1  loss_ce_8: 0.08099  loss_mask_8: 0.05334  loss_dice_8: 1.14    time: 0.8822  last_time: 0.7893  data_time: 0.0707  last_data_time: 0.0707   lr: 4.9668e-05  max_mem: 13267M
[03/18 12:28:33 d2.utils.events]:  eta: 4:30:26  iter: 1059  total_loss: 8.945  loss_ce: 0.04287  loss_mask: 0.04973  loss_dice: 0.7818  loss_ce_0: 0.1794  loss_mask_0: 0.06395  loss_dice_0: 1.145  loss_ce_1: 0.04753  loss_mask_1: 0.04967  loss_dice_1: 0.7771  loss_ce_2: 0.05009  loss_mask_2: 0.05415  loss_dice_2: 0.9783  loss_ce_3: 0.04387  loss_mask_3: 0.06686  loss_dice_3: 0.8622  loss_ce_4: 0.05016  loss_mask_4: 0.05351  loss_dice_4: 0.8108  loss_ce_5: 0.05174  loss_mask_5: 0.05429  loss_dice_5: 0.6812  loss_ce_6: 0.04377  loss_mask_6: 0.04254  loss_dice_6: 0.526  loss_ce_7: 0.0417  loss_mask_7: 0.05237  loss_dice_7: 0.7048  loss_ce_8: 0.04243  loss_mask_8: 0.04396  loss_dice_8: 0.5535    time: 0.8825  last_time: 0.9219  data_time: 0.1971  last_data_time: 0.1971   lr: 4.9655e-05  max_mem: 13267M
[03/18 12:28:52 d2.utils.events]:  eta: 4:30:36  iter: 1079  total_loss: 13.2  loss_ce: 0.08283  loss_mask: 0.02481  loss_dice: 1.018  loss_ce_0: 0.3116  loss_mask_0: 0.02602  loss_dice_0: 1.016  loss_ce_1: 0.2022  loss_mask_1: 0.02887  loss_dice_1: 0.9088  loss_ce_2: 0.1876  loss_mask_2: 0.02302  loss_dice_2: 1.101  loss_ce_3: 0.07784  loss_mask_3: 0.1325  loss_dice_3: 1.166  loss_ce_4: 0.08228  loss_mask_4: 0.1366  loss_dice_4: 1.298  loss_ce_5: 0.1188  loss_mask_5: 0.02144  loss_dice_5: 1.352  loss_ce_6: 0.09361  loss_mask_6: 0.0244  loss_dice_6: 0.9874  loss_ce_7: 0.08284  loss_mask_7: 0.02516  loss_dice_7: 1.213  loss_ce_8: 0.06441  loss_mask_8: 0.1443  loss_dice_8: 1.246    time: 0.8835  last_time: 1.3373  data_time: 0.6290  last_data_time: 0.6290   lr: 4.9642e-05  max_mem: 13267M
[03/18 12:29:10 d2.utils.events]:  eta: 4:30:28  iter: 1099  total_loss: 13.33  loss_ce: 0.04305  loss_mask: 0.07767  loss_dice: 1.104  loss_ce_0: 0.3264  loss_mask_0: 0.1063  loss_dice_0: 1.429  loss_ce_1: 0.07713  loss_mask_1: 0.1246  loss_dice_1: 1.244  loss_ce_2: 0.05423  loss_mask_2: 0.1329  loss_dice_2: 1.238  loss_ce_3: 0.0546  loss_mask_3: 0.06768  loss_dice_3: 1.006  loss_ce_4: 0.05471  loss_mask_4: 0.06531  loss_dice_4: 1.208  loss_ce_5: 0.04768  loss_mask_5: 0.06788  loss_dice_5: 1.064  loss_ce_6: 0.07202  loss_mask_6: 0.07537  loss_dice_6: 1.222  loss_ce_7: 0.04164  loss_mask_7: 0.07847  loss_dice_7: 1.015  loss_ce_8: 0.04303  loss_mask_8: 0.07363  loss_dice_8: 1.109    time: 0.8836  last_time: 0.9355  data_time: 0.2198  last_data_time: 0.2198   lr: 4.9628e-05  max_mem: 13267M
[03/18 12:29:28 d2.utils.events]:  eta: 4:30:14  iter: 1119  total_loss: 15.08  loss_ce: 0.1522  loss_mask: 0.09754  loss_dice: 1.354  loss_ce_0: 0.2718  loss_mask_0: 0.1342  loss_dice_0: 1.713  loss_ce_1: 0.1594  loss_mask_1: 0.09808  loss_dice_1: 1.284  loss_ce_2: 0.146  loss_mask_2: 0.09586  loss_dice_2: 1.228  loss_ce_3: 0.138  loss_mask_3: 0.1103  loss_dice_3: 1.005  loss_ce_4: 0.1568  loss_mask_4: 0.106  loss_dice_4: 1.133  loss_ce_5: 0.1512  loss_mask_5: 0.09186  loss_dice_5: 1.189  loss_ce_6: 0.1437  loss_mask_6: 0.08285  loss_dice_6: 1.034  loss_ce_7: 0.1517  loss_mask_7: 0.1097  loss_dice_7: 1.207  loss_ce_8: 0.1254  loss_mask_8: 0.09737  loss_dice_8: 1.316    time: 0.8839  last_time: 0.9739  data_time: 0.2576  last_data_time: 0.2576   lr: 4.9615e-05  max_mem: 13267M
[03/18 12:29:46 d2.utils.events]:  eta: 4:29:50  iter: 1139  total_loss: 12.7  loss_ce: 0.05484  loss_mask: 0.08253  loss_dice: 1.063  loss_ce_0: 0.3279  loss_mask_0: 0.171  loss_dice_0: 1.301  loss_ce_1: 0.1105  loss_mask_1: 0.08815  loss_dice_1: 1.093  loss_ce_2: 0.06728  loss_mask_2: 0.08151  loss_dice_2: 1.008  loss_ce_3: 0.06615  loss_mask_3: 0.1017  loss_dice_3: 1.083  loss_ce_4: 0.05389  loss_mask_4: 0.08677  loss_dice_4: 1.06  loss_ce_5: 0.1051  loss_mask_5: 0.08515  loss_dice_5: 1.073  loss_ce_6: 0.05512  loss_mask_6: 0.07749  loss_dice_6: 1.02  loss_ce_7: 0.04993  loss_mask_7: 0.07996  loss_dice_7: 1.052  loss_ce_8: 0.1098  loss_mask_8: 0.07848  loss_dice_8: 1.01    time: 0.8839  last_time: 0.8860  data_time: 0.1508  last_data_time: 0.1508   lr: 4.9601e-05  max_mem: 13267M
[03/18 12:30:03 d2.utils.events]:  eta: 4:29:23  iter: 1159  total_loss: 9.408  loss_ce: 0.08323  loss_mask: 0.03802  loss_dice: 0.7314  loss_ce_0: 0.3794  loss_mask_0: 0.1116  loss_dice_0: 1.159  loss_ce_1: 0.1809  loss_mask_1: 0.0453  loss_dice_1: 0.7883  loss_ce_2: 0.1149  loss_mask_2: 0.05195  loss_dice_2: 0.7069  loss_ce_3: 0.1187  loss_mask_3: 0.04894  loss_dice_3: 0.6802  loss_ce_4: 0.09166  loss_mask_4: 0.05405  loss_dice_4: 0.7584  loss_ce_5: 0.1653  loss_mask_5: 0.04608  loss_dice_5: 0.7155  loss_ce_6: 0.09205  loss_mask_6: 0.03582  loss_dice_6: 0.6975  loss_ce_7: 0.08723  loss_mask_7: 0.03267  loss_dice_7: 0.6227  loss_ce_8: 0.08191  loss_mask_8: 0.03865  loss_dice_8: 0.6497    time: 0.8836  last_time: 0.8390  data_time: 0.1196  last_data_time: 0.1196   lr: 4.9587e-05  max_mem: 13267M
[03/18 12:30:21 d2.utils.events]:  eta: 4:29:13  iter: 1179  total_loss: 11.99  loss_ce: 0.06659  loss_mask: 0.05204  loss_dice: 1.034  loss_ce_0: 0.2745  loss_mask_0: 0.0621  loss_dice_0: 1.067  loss_ce_1: 0.0923  loss_mask_1: 0.07452  loss_dice_1: 1.126  loss_ce_2: 0.1211  loss_mask_2: 0.06611  loss_dice_2: 1.034  loss_ce_3: 0.0903  loss_mask_3: 0.06017  loss_dice_3: 1.049  loss_ce_4: 0.1064  loss_mask_4: 0.05222  loss_dice_4: 0.9892  loss_ce_5: 0.104  loss_mask_5: 0.05174  loss_dice_5: 1.126  loss_ce_6: 0.07734  loss_mask_6: 0.05228  loss_dice_6: 1.043  loss_ce_7: 0.07338  loss_mask_7: 0.05408  loss_dice_7: 0.8311  loss_ce_8: 0.06934  loss_mask_8: 0.06099  loss_dice_8: 1.033    time: 0.8835  last_time: 0.8404  data_time: 0.1146  last_data_time: 0.1146   lr: 4.9573e-05  max_mem: 13267M
[03/18 12:30:39 d2.utils.events]:  eta: 4:28:58  iter: 1199  total_loss: 9.313  loss_ce: 0.04947  loss_mask: 0.06461  loss_dice: 0.733  loss_ce_0: 0.3141  loss_mask_0: 0.1268  loss_dice_0: 0.8456  loss_ce_1: 0.06326  loss_mask_1: 0.07809  loss_dice_1: 0.7721  loss_ce_2: 0.04055  loss_mask_2: 0.08809  loss_dice_2: 0.878  loss_ce_3: 0.04342  loss_mask_3: 0.08648  loss_dice_3: 0.773  loss_ce_4: 0.04496  loss_mask_4: 0.07493  loss_dice_4: 0.7857  loss_ce_5: 0.04158  loss_mask_5: 0.06762  loss_dice_5: 0.7226  loss_ce_6: 0.0435  loss_mask_6: 0.06876  loss_dice_6: 0.7696  loss_ce_7: 0.04329  loss_mask_7: 0.07155  loss_dice_7: 0.7672  loss_ce_8: 0.04815  loss_mask_8: 0.06584  loss_dice_8: 0.7408    time: 0.8838  last_time: 1.1581  data_time: 0.4506  last_data_time: 0.4506   lr: 4.9558e-05  max_mem: 13267M
[03/18 12:30:57 d2.utils.events]:  eta: 4:28:41  iter: 1219  total_loss: 12.29  loss_ce: 0.05272  loss_mask: 0.08308  loss_dice: 0.9752  loss_ce_0: 0.2587  loss_mask_0: 0.1291  loss_dice_0: 1.084  loss_ce_1: 0.1089  loss_mask_1: 0.08496  loss_dice_1: 1.01  loss_ce_2: 0.1041  loss_mask_2: 0.08883  loss_dice_2: 1.222  loss_ce_3: 0.08497  loss_mask_3: 0.07917  loss_dice_3: 1.005  loss_ce_4: 0.04641  loss_mask_4: 0.07388  loss_dice_4: 0.9121  loss_ce_5: 0.04546  loss_mask_5: 0.07704  loss_dice_5: 1.061  loss_ce_6: 0.07857  loss_mask_6: 0.07428  loss_dice_6: 0.9301  loss_ce_7: 0.09659  loss_mask_7: 0.08576  loss_dice_7: 1.015  loss_ce_8: 0.04828  loss_mask_8: 0.08798  loss_dice_8: 1.289    time: 0.8841  last_time: 1.2887  data_time: 0.5721  last_data_time: 0.5721   lr: 4.9543e-05  max_mem: 13267M
[03/18 12:31:15 d2.utils.events]:  eta: 4:28:19  iter: 1239  total_loss: 14.27  loss_ce: 0.07133  loss_mask: 0.124  loss_dice: 1.258  loss_ce_0: 0.2132  loss_mask_0: 0.1056  loss_dice_0: 1.311  loss_ce_1: 0.09373  loss_mask_1: 0.08441  loss_dice_1: 1.162  loss_ce_2: 0.09016  loss_mask_2: 0.0858  loss_dice_2: 1.189  loss_ce_3: 0.06156  loss_mask_3: 0.1196  loss_dice_3: 1.229  loss_ce_4: 0.0784  loss_mask_4: 0.1068  loss_dice_4: 1.262  loss_ce_5: 0.07405  loss_mask_5: 0.1156  loss_dice_5: 1.3  loss_ce_6: 0.0935  loss_mask_6: 0.08629  loss_dice_6: 1.156  loss_ce_7: 0.09318  loss_mask_7: 0.09485  loss_dice_7: 1.271  loss_ce_8: 0.08708  loss_mask_8: 0.09601  loss_dice_8: 1.158    time: 0.8835  last_time: 0.8142  data_time: 0.1048  last_data_time: 0.1048   lr: 4.9528e-05  max_mem: 13267M
[03/18 12:31:33 d2.utils.events]:  eta: 4:28:01  iter: 1259  total_loss: 9.595  loss_ce: 0.03862  loss_mask: 0.0307  loss_dice: 0.903  loss_ce_0: 0.2658  loss_mask_0: 0.03714  loss_dice_0: 1.091  loss_ce_1: 0.08733  loss_mask_1: 0.02673  loss_dice_1: 0.7655  loss_ce_2: 0.06312  loss_mask_2: 0.03112  loss_dice_2: 0.8901  loss_ce_3: 0.04761  loss_mask_3: 0.03137  loss_dice_3: 0.835  loss_ce_4: 0.04633  loss_mask_4: 0.02713  loss_dice_4: 0.8304  loss_ce_5: 0.04269  loss_mask_5: 0.02575  loss_dice_5: 0.672  loss_ce_6: 0.04019  loss_mask_6: 0.03146  loss_dice_6: 0.8211  loss_ce_7: 0.03749  loss_mask_7: 0.03401  loss_dice_7: 0.8744  loss_ce_8: 0.04036  loss_mask_8: 0.03507  loss_dice_8: 0.8923    time: 0.8838  last_time: 0.9295  data_time: 0.2301  last_data_time: 0.2301   lr: 4.9513e-05  max_mem: 13267M
[03/18 12:31:51 d2.utils.events]:  eta: 4:27:50  iter: 1279  total_loss: 7.679  loss_ce: 0.04673  loss_mask: 0.03434  loss_dice: 0.7492  loss_ce_0: 0.2001  loss_mask_0: 0.03316  loss_dice_0: 0.6241  loss_ce_1: 0.04703  loss_mask_1: 0.03438  loss_dice_1: 0.6732  loss_ce_2: 0.06833  loss_mask_2: 0.0402  loss_dice_2: 0.763  loss_ce_3: 0.04151  loss_mask_3: 0.03818  loss_dice_3: 0.6568  loss_ce_4: 0.04662  loss_mask_4: 0.03505  loss_dice_4: 0.6721  loss_ce_5: 0.04632  loss_mask_5: 0.03389  loss_dice_5: 0.6452  loss_ce_6: 0.04964  loss_mask_6: 0.03326  loss_dice_6: 0.6099  loss_ce_7: 0.05003  loss_mask_7: 0.0318  loss_dice_7: 0.6738  loss_ce_8: 0.05114  loss_mask_8: 0.03371  loss_dice_8: 0.6159    time: 0.8839  last_time: 0.8484  data_time: 0.1401  last_data_time: 0.1401   lr: 4.9497e-05  max_mem: 13267M
[03/18 12:32:09 d2.utils.events]:  eta: 4:27:39  iter: 1299  total_loss: 14.58  loss_ce: 0.1568  loss_mask: 0.04994  loss_dice: 1.133  loss_ce_0: 0.3936  loss_mask_0: 0.0738  loss_dice_0: 1.284  loss_ce_1: 0.153  loss_mask_1: 0.05069  loss_dice_1: 1.239  loss_ce_2: 0.1334  loss_mask_2: 0.05589  loss_dice_2: 1.401  loss_ce_3: 0.1863  loss_mask_3: 0.04386  loss_dice_3: 1.133  loss_ce_4: 0.1544  loss_mask_4: 0.05398  loss_dice_4: 1.126  loss_ce_5: 0.1608  loss_mask_5: 0.05387  loss_dice_5: 1.372  loss_ce_6: 0.1824  loss_mask_6: 0.03741  loss_dice_6: 1.05  loss_ce_7: 0.1563  loss_mask_7: 0.05279  loss_dice_7: 1.201  loss_ce_8: 0.2264  loss_mask_8: 0.04601  loss_dice_8: 1.216    time: 0.8842  last_time: 1.0830  data_time: 0.1974  last_data_time: 0.1974   lr: 4.9481e-05  max_mem: 13267M
[03/18 12:32:26 d2.utils.events]:  eta: 4:27:15  iter: 1319  total_loss: 26.67  loss_ce: 0.2367  loss_mask: 0.2191  loss_dice: 2.123  loss_ce_0: 0.8308  loss_mask_0: 0.2506  loss_dice_0: 2.158  loss_ce_1: 0.2304  loss_mask_1: 0.218  loss_dice_1: 2.149  loss_ce_2: 0.212  loss_mask_2: 0.2181  loss_dice_2: 2.139  loss_ce_3: 0.2171  loss_mask_3: 0.248  loss_dice_3: 2.1  loss_ce_4: 0.2753  loss_mask_4: 0.2308  loss_dice_4: 2.083  loss_ce_5: 0.2421  loss_mask_5: 0.2182  loss_dice_5: 2.138  loss_ce_6: 0.2434  loss_mask_6: 0.2643  loss_dice_6: 2.16  loss_ce_7: 0.2754  loss_mask_7: 0.2217  loss_dice_7: 2.198  loss_ce_8: 0.2302  loss_mask_8: 0.2251  loss_dice_8: 2.112    time: 0.8838  last_time: 0.8536  data_time: 0.1466  last_data_time: 0.1466   lr: 4.9465e-05  max_mem: 13267M
[03/18 12:32:46 d2.utils.events]:  eta: 4:27:09  iter: 1339  total_loss: 8.118  loss_ce: 0.04059  loss_mask: 0.04427  loss_dice: 0.7  loss_ce_0: 0.1714  loss_mask_0: 0.08851  loss_dice_0: 1.051  loss_ce_1: 0.04689  loss_mask_1: 0.07021  loss_dice_1: 0.7185  loss_ce_2: 0.0483  loss_mask_2: 0.04932  loss_dice_2: 0.6884  loss_ce_3: 0.04484  loss_mask_3: 0.04387  loss_dice_3: 0.5656  loss_ce_4: 0.04576  loss_mask_4: 0.05156  loss_dice_4: 0.6242  loss_ce_5: 0.04235  loss_mask_5: 0.04194  loss_dice_5: 0.6619  loss_ce_6: 0.04244  loss_mask_6: 0.04887  loss_dice_6: 0.6348  loss_ce_7: 0.0428  loss_mask_7: 0.054  loss_dice_7: 0.6636  loss_ce_8: 0.04358  loss_mask_8: 0.05491  loss_dice_8: 0.6934    time: 0.8849  last_time: 0.8685  data_time: 0.1496  last_data_time: 0.1496   lr: 4.9449e-05  max_mem: 13267M
[03/18 12:33:03 d2.utils.events]:  eta: 4:26:57  iter: 1359  total_loss: 11.8  loss_ce: 0.1285  loss_mask: 0.04028  loss_dice: 1.015  loss_ce_0: 0.3657  loss_mask_0: 0.05176  loss_dice_0: 1.287  loss_ce_1: 0.1643  loss_mask_1: 0.03895  loss_dice_1: 1.031  loss_ce_2: 0.1495  loss_mask_2: 0.037  loss_dice_2: 0.9053  loss_ce_3: 0.1112  loss_mask_3: 0.03566  loss_dice_3: 0.8304  loss_ce_4: 0.08499  loss_mask_4: 0.03782  loss_dice_4: 0.9412  loss_ce_5: 0.08336  loss_mask_5: 0.03993  loss_dice_5: 0.9819  loss_ce_6: 0.08456  loss_mask_6: 0.03575  loss_dice_6: 0.9591  loss_ce_7: 0.08745  loss_mask_7: 0.03827  loss_dice_7: 1.036  loss_ce_8: 0.09126  loss_mask_8: 0.04124  loss_dice_8: 1.067    time: 0.8847  last_time: 0.8828  data_time: 0.1637  last_data_time: 0.1637   lr: 4.9433e-05  max_mem: 13267M
[03/18 12:33:21 d2.utils.events]:  eta: 4:26:41  iter: 1379  total_loss: 12.79  loss_ce: 0.1175  loss_mask: 0.0902  loss_dice: 0.8776  loss_ce_0: 0.1812  loss_mask_0: 0.1662  loss_dice_0: 1.364  loss_ce_1: 0.05591  loss_mask_1: 0.1207  loss_dice_1: 1.134  loss_ce_2: 0.05346  loss_mask_2: 0.1121  loss_dice_2: 1.108  loss_ce_3: 0.06373  loss_mask_3: 0.1157  loss_dice_3: 1.118  loss_ce_4: 0.05644  loss_mask_4: 0.1095  loss_dice_4: 1.04  loss_ce_5: 0.05545  loss_mask_5: 0.1194  loss_dice_5: 1.049  loss_ce_6: 0.05142  loss_mask_6: 0.1193  loss_dice_6: 1.024  loss_ce_7: 0.04926  loss_mask_7: 0.1288  loss_dice_7: 1.069  loss_ce_8: 0.06001  loss_mask_8: 0.1178  loss_dice_8: 1.061    time: 0.8847  last_time: 0.8945  data_time: 0.1821  last_data_time: 0.1821   lr: 4.9416e-05  max_mem: 13267M
[03/18 12:33:39 d2.utils.events]:  eta: 4:26:21  iter: 1399  total_loss: 13.35  loss_ce: 0.09832  loss_mask: 0.06102  loss_dice: 1.157  loss_ce_0: 0.3005  loss_mask_0: 0.08375  loss_dice_0: 1.145  loss_ce_1: 0.1553  loss_mask_1: 0.0575  loss_dice_1: 1.048  loss_ce_2: 0.1962  loss_mask_2: 0.07346  loss_dice_2: 1.093  loss_ce_3: 0.1035  loss_mask_3: 0.04885  loss_dice_3: 1.036  loss_ce_4: 0.1577  loss_mask_4: 0.05428  loss_dice_4: 1.021  loss_ce_5: 0.1465  loss_mask_5: 0.0577  loss_dice_5: 1.055  loss_ce_6: 0.1973  loss_mask_6: 0.05912  loss_dice_6: 1.578  loss_ce_7: 0.1582  loss_mask_7: 0.06373  loss_dice_7: 1.059  loss_ce_8: 0.2088  loss_mask_8: 0.06309  loss_dice_8: 0.8139    time: 0.8851  last_time: 1.0016  data_time: 0.1403  last_data_time: 0.1403   lr: 4.9399e-05  max_mem: 13267M
[03/18 12:33:58 d2.utils.events]:  eta: 4:26:20  iter: 1419  total_loss: 12.58  loss_ce: 0.06093  loss_mask: 0.07679  loss_dice: 1.089  loss_ce_0: 0.327  loss_mask_0: 0.1156  loss_dice_0: 1.088  loss_ce_1: 0.09703  loss_mask_1: 0.0801  loss_dice_1: 1.083  loss_ce_2: 0.06823  loss_mask_2: 0.08285  loss_dice_2: 1.129  loss_ce_3: 0.06381  loss_mask_3: 0.07925  loss_dice_3: 1.153  loss_ce_4: 0.06329  loss_mask_4: 0.06262  loss_dice_4: 1.082  loss_ce_5: 0.0575  loss_mask_5: 0.07501  loss_dice_5: 1.065  loss_ce_6: 0.0528  loss_mask_6: 0.07001  loss_dice_6: 1.078  loss_ce_7: 0.04996  loss_mask_7: 0.07925  loss_dice_7: 1.104  loss_ce_8: 0.05175  loss_mask_8: 0.06859  loss_dice_8: 1.023    time: 0.8854  last_time: 0.8243  data_time: 0.1104  last_data_time: 0.1104   lr: 4.9382e-05  max_mem: 13267M
[03/18 12:34:15 d2.utils.events]:  eta: 4:25:49  iter: 1439  total_loss: 10.98  loss_ce: 0.1177  loss_mask: 0.06024  loss_dice: 0.8351  loss_ce_0: 0.3535  loss_mask_0: 0.1592  loss_dice_0: 1.302  loss_ce_1: 0.1663  loss_mask_1: 0.05726  loss_dice_1: 0.7319  loss_ce_2: 0.1773  loss_mask_2: 0.06002  loss_dice_2: 0.8645  loss_ce_3: 0.073  loss_mask_3: 0.06174  loss_dice_3: 0.9615  loss_ce_4: 0.1536  loss_mask_4: 0.05091  loss_dice_4: 0.8282  loss_ce_5: 0.1423  loss_mask_5: 0.05198  loss_dice_5: 0.7502  loss_ce_6: 0.06647  loss_mask_6: 0.05463  loss_dice_6: 0.7619  loss_ce_7: 0.05825  loss_mask_7: 0.05893  loss_dice_7: 0.9607  loss_ce_8: 0.0575  loss_mask_8: 0.05745  loss_dice_8: 0.9422    time: 0.8852  last_time: 0.9274  data_time: 0.2035  last_data_time: 0.2035   lr: 4.9364e-05  max_mem: 13267M
[03/18 12:34:33 d2.utils.events]:  eta: 4:25:46  iter: 1459  total_loss: 10.53  loss_ce: 0.09576  loss_mask: 0.06175  loss_dice: 0.9155  loss_ce_0: 0.2925  loss_mask_0: 0.068  loss_dice_0: 0.9425  loss_ce_1: 0.1066  loss_mask_1: 0.06696  loss_dice_1: 0.9518  loss_ce_2: 0.09537  loss_mask_2: 0.0577  loss_dice_2: 0.8361  loss_ce_3: 0.1111  loss_mask_3: 0.05706  loss_dice_3: 0.8045  loss_ce_4: 0.08983  loss_mask_4: 0.05334  loss_dice_4: 0.8362  loss_ce_5: 0.08968  loss_mask_5: 0.06658  loss_dice_5: 0.89  loss_ce_6: 0.09217  loss_mask_6: 0.06814  loss_dice_6: 0.8469  loss_ce_7: 0.1158  loss_mask_7: 0.06207  loss_dice_7: 0.9025  loss_ce_8: 0.08857  loss_mask_8: 0.0539  loss_dice_8: 0.8117    time: 0.8853  last_time: 0.8749  data_time: 0.1555  last_data_time: 0.1555   lr: 4.9346e-05  max_mem: 13267M
[03/18 12:34:51 d2.utils.events]:  eta: 4:25:15  iter: 1479  total_loss: 14.14  loss_ce: 0.1713  loss_mask: 0.04353  loss_dice: 1.319  loss_ce_0: 0.3518  loss_mask_0: 0.07428  loss_dice_0: 1.313  loss_ce_1: 0.209  loss_mask_1: 0.05188  loss_dice_1: 1.199  loss_ce_2: 0.2546  loss_mask_2: 0.04198  loss_dice_2: 1.099  loss_ce_3: 0.2043  loss_mask_3: 0.05294  loss_dice_3: 1.148  loss_ce_4: 0.1558  loss_mask_4: 0.03676  loss_dice_4: 0.9438  loss_ce_5: 0.1764  loss_mask_5: 0.04968  loss_dice_5: 1.2  loss_ce_6: 0.1791  loss_mask_6: 0.04324  loss_dice_6: 1.074  loss_ce_7: 0.167  loss_mask_7: 0.04361  loss_dice_7: 1.16  loss_ce_8: 0.1796  loss_mask_8: 0.05202  loss_dice_8: 1.147    time: 0.8853  last_time: 0.8093  data_time: 0.0825  last_data_time: 0.0825   lr: 4.9328e-05  max_mem: 13267M
[03/18 12:35:09 d2.utils.events]:  eta: 4:24:58  iter: 1499  total_loss: 14.83  loss_ce: 0.1103  loss_mask: 0.03169  loss_dice: 1.239  loss_ce_0: 0.3313  loss_mask_0: 0.06123  loss_dice_0: 1.468  loss_ce_1: 0.1366  loss_mask_1: 0.0369  loss_dice_1: 1.112  loss_ce_2: 0.0969  loss_mask_2: 0.05002  loss_dice_2: 1.36  loss_ce_3: 0.1208  loss_mask_3: 0.03174  loss_dice_3: 1.25  loss_ce_4: 0.06911  loss_mask_4: 0.06762  loss_dice_4: 1.455  loss_ce_5: 0.1227  loss_mask_5: 0.04285  loss_dice_5: 1.285  loss_ce_6: 0.1316  loss_mask_6: 0.03592  loss_dice_6: 1.225  loss_ce_7: 0.1225  loss_mask_7: 0.03976  loss_dice_7: 1.3  loss_ce_8: 0.1117  loss_mask_8: 0.03555  loss_dice_8: 1.35    time: 0.8856  last_time: 1.1455  data_time: 0.2017  last_data_time: 0.2017   lr: 4.931e-05  max_mem: 13267M
[03/18 12:35:27 d2.utils.events]:  eta: 4:24:54  iter: 1519  total_loss: 10.23  loss_ce: 0.03131  loss_mask: 0.04213  loss_dice: 0.7196  loss_ce_0: 0.1529  loss_mask_0: 0.09327  loss_dice_0: 1.265  loss_ce_1: 0.03006  loss_mask_1: 0.06453  loss_dice_1: 0.8992  loss_ce_2: 0.03632  loss_mask_2: 0.04741  loss_dice_2: 0.8721  loss_ce_3: 0.03288  loss_mask_3: 0.0612  loss_dice_3: 0.9038  loss_ce_4: 0.03322  loss_mask_4: 0.05906  loss_dice_4: 0.8902  loss_ce_5: 0.03177  loss_mask_5: 0.05647  loss_dice_5: 1.16  loss_ce_6: 0.0304  loss_mask_6: 0.04874  loss_dice_6: 0.8321  loss_ce_7: 0.03024  loss_mask_7: 0.05719  loss_dice_7: 0.6862  loss_ce_8: 0.02973  loss_mask_8: 0.05493  loss_dice_8: 0.9772    time: 0.8855  last_time: 0.8855  data_time: 0.1797  last_data_time: 0.1797   lr: 4.9292e-05  max_mem: 13267M
[03/18 12:35:45 d2.utils.events]:  eta: 4:24:37  iter: 1539  total_loss: 9.595  loss_ce: 0.04299  loss_mask: 0.07868  loss_dice: 0.7999  loss_ce_0: 0.2575  loss_mask_0: 0.09864  loss_dice_0: 0.9636  loss_ce_1: 0.05913  loss_mask_1: 0.09757  loss_dice_1: 0.7701  loss_ce_2: 0.1256  loss_mask_2: 0.07765  loss_dice_2: 0.7501  loss_ce_3: 0.03543  loss_mask_3: 0.08609  loss_dice_3: 0.7738  loss_ce_4: 0.03356  loss_mask_4: 0.08125  loss_dice_4: 0.8411  loss_ce_5: 0.03478  loss_mask_5: 0.08221  loss_dice_5: 0.828  loss_ce_6: 0.03636  loss_mask_6: 0.07697  loss_dice_6: 0.7075  loss_ce_7: 0.0367  loss_mask_7: 0.08086  loss_dice_7: 0.8119  loss_ce_8: 0.03501  loss_mask_8: 0.07052  loss_dice_8: 0.8218    time: 0.8856  last_time: 0.8372  data_time: 0.1229  last_data_time: 0.1229   lr: 4.9273e-05  max_mem: 13267M
[03/18 12:36:03 d2.utils.events]:  eta: 4:24:12  iter: 1559  total_loss: 12.9  loss_ce: 0.0776  loss_mask: 0.04329  loss_dice: 0.8838  loss_ce_0: 0.2323  loss_mask_0: 0.06363  loss_dice_0: 1.174  loss_ce_1: 0.08672  loss_mask_1: 0.05905  loss_dice_1: 1.118  loss_ce_2: 0.08553  loss_mask_2: 0.05051  loss_dice_2: 1.035  loss_ce_3: 0.0729  loss_mask_3: 0.04383  loss_dice_3: 0.9578  loss_ce_4: 0.0783  loss_mask_4: 0.04705  loss_dice_4: 1.137  loss_ce_5: 0.08313  loss_mask_5: 0.04771  loss_dice_5: 1.226  loss_ce_6: 0.0362  loss_mask_6: 0.1133  loss_dice_6: 1.45  loss_ce_7: 0.0332  loss_mask_7: 0.1061  loss_dice_7: 1.335  loss_ce_8: 0.07695  loss_mask_8: 0.05259  loss_dice_8: 1.089    time: 0.8857  last_time: 0.9285  data_time: 0.2208  last_data_time: 0.2208   lr: 4.9254e-05  max_mem: 13267M
[03/18 12:36:22 d2.utils.events]:  eta: 4:23:55  iter: 1579  total_loss: 11.33  loss_ce: 0.1262  loss_mask: 0.04024  loss_dice: 1.032  loss_ce_0: 0.2804  loss_mask_0: 0.06205  loss_dice_0: 1.065  loss_ce_1: 0.1211  loss_mask_1: 0.05795  loss_dice_1: 1.035  loss_ce_2: 0.1538  loss_mask_2: 0.04849  loss_dice_2: 0.9768  loss_ce_3: 0.1378  loss_mask_3: 0.04866  loss_dice_3: 0.983  loss_ce_4: 0.1312  loss_mask_4: 0.04326  loss_dice_4: 0.8384  loss_ce_5: 0.134  loss_mask_5: 0.04204  loss_dice_5: 0.8828  loss_ce_6: 0.1227  loss_mask_6: 0.03541  loss_dice_6: 0.8789  loss_ce_7: 0.1164  loss_mask_7: 0.03297  loss_dice_7: 0.8726  loss_ce_8: 0.1164  loss_mask_8: 0.03694  loss_dice_8: 0.878    time: 0.8862  last_time: 0.8953  data_time: 0.1773  last_data_time: 0.1773   lr: 4.9235e-05  max_mem: 13267M
[03/18 12:36:39 d2.utils.events]:  eta: 4:23:32  iter: 1599  total_loss: 14.32  loss_ce: 0.1369  loss_mask: 0.06842  loss_dice: 1.145  loss_ce_0: 0.2949  loss_mask_0: 0.1695  loss_dice_0: 1.093  loss_ce_1: 0.2306  loss_mask_1: 0.09732  loss_dice_1: 1.118  loss_ce_2: 0.2327  loss_mask_2: 0.1061  loss_dice_2: 0.9782  loss_ce_3: 0.2827  loss_mask_3: 0.1129  loss_dice_3: 1.14  loss_ce_4: 0.225  loss_mask_4: 0.0919  loss_dice_4: 1.166  loss_ce_5: 0.2141  loss_mask_5: 0.09204  loss_dice_5: 1.109  loss_ce_6: 0.2015  loss_mask_6: 0.09037  loss_dice_6: 1.068  loss_ce_7: 0.147  loss_mask_7: 0.09078  loss_dice_7: 1.178  loss_ce_8: 0.1817  loss_mask_8: 0.07008  loss_dice_8: 1.189    time: 0.8860  last_time: 1.0683  data_time: 0.1795  last_data_time: 0.1795   lr: 4.9216e-05  max_mem: 13267M
[03/18 12:36:57 d2.utils.events]:  eta: 4:23:12  iter: 1619  total_loss: 14.65  loss_ce: 0.1756  loss_mask: 0.05429  loss_dice: 1.18  loss_ce_0: 0.5089  loss_mask_0: 0.0636  loss_dice_0: 1.265  loss_ce_1: 0.2793  loss_mask_1: 0.08284  loss_dice_1: 1.358  loss_ce_2: 0.223  loss_mask_2: 0.06227  loss_dice_2: 1.129  loss_ce_3: 0.1863  loss_mask_3: 0.06569  loss_dice_3: 1.171  loss_ce_4: 0.1448  loss_mask_4: 0.07301  loss_dice_4: 1.15  loss_ce_5: 0.1579  loss_mask_5: 0.0617  loss_dice_5: 1.136  loss_ce_6: 0.1934  loss_mask_6: 0.05881  loss_dice_6: 1.07  loss_ce_7: 0.2227  loss_mask_7: 0.05532  loss_dice_7: 1.189  loss_ce_8: 0.1629  loss_mask_8: 0.06752  loss_dice_8: 1.106    time: 0.8857  last_time: 0.8500  data_time: 0.1401  last_data_time: 0.1401   lr: 4.9196e-05  max_mem: 13267M
[03/18 12:37:15 d2.utils.events]:  eta: 4:23:18  iter: 1639  total_loss: 11.15  loss_ce: 0.09351  loss_mask: 0.04264  loss_dice: 0.9957  loss_ce_0: 0.3387  loss_mask_0: 0.04252  loss_dice_0: 0.9343  loss_ce_1: 0.1089  loss_mask_1: 0.04277  loss_dice_1: 0.8688  loss_ce_2: 0.09536  loss_mask_2: 0.04497  loss_dice_2: 0.9633  loss_ce_3: 0.07282  loss_mask_3: 0.04048  loss_dice_3: 0.9051  loss_ce_4: 0.05884  loss_mask_4: 0.04482  loss_dice_4: 0.9465  loss_ce_5: 0.131  loss_mask_5: 0.04593  loss_dice_5: 0.9503  loss_ce_6: 0.0737  loss_mask_6: 0.04711  loss_dice_6: 0.9823  loss_ce_7: 0.06857  loss_mask_7: 0.04984  loss_dice_7: 1  loss_ce_8: 0.06857  loss_mask_8: 0.05099  loss_dice_8: 1.043    time: 0.8861  last_time: 0.8916  data_time: 0.1860  last_data_time: 0.1860   lr: 4.9176e-05  max_mem: 13267M
[03/18 12:37:33 d2.utils.events]:  eta: 4:23:03  iter: 1659  total_loss: 14.7  loss_ce: 0.1251  loss_mask: 0.04067  loss_dice: 1.384  loss_ce_0: 0.2485  loss_mask_0: 0.03434  loss_dice_0: 1.409  loss_ce_1: 0.1503  loss_mask_1: 0.05771  loss_dice_1: 1.08  loss_ce_2: 0.1541  loss_mask_2: 0.06175  loss_dice_2: 1.647  loss_ce_3: 0.1609  loss_mask_3: 0.05745  loss_dice_3: 1.271  loss_ce_4: 0.09129  loss_mask_4: 0.04125  loss_dice_4: 1.276  loss_ce_5: 0.1725  loss_mask_5: 0.0394  loss_dice_5: 1.032  loss_ce_6: 0.1833  loss_mask_6: 0.03692  loss_dice_6: 1.231  loss_ce_7: 0.1777  loss_mask_7: 0.02894  loss_dice_7: 1.04  loss_ce_8: 0.1814  loss_mask_8: 0.03387  loss_dice_8: 1.256    time: 0.8860  last_time: 0.7734  data_time: 0.0643  last_data_time: 0.0643   lr: 4.9156e-05  max_mem: 13267M
[03/18 12:37:52 d2.utils.events]:  eta: 4:22:48  iter: 1679  total_loss: 12.42  loss_ce: 0.1163  loss_mask: 0.07687  loss_dice: 0.8724  loss_ce_0: 0.2699  loss_mask_0: 0.09618  loss_dice_0: 1.289  loss_ce_1: 0.1291  loss_mask_1: 0.09833  loss_dice_1: 1.004  loss_ce_2: 0.1304  loss_mask_2: 0.08587  loss_dice_2: 0.995  loss_ce_3: 0.1083  loss_mask_3: 0.08104  loss_dice_3: 1.021  loss_ce_4: 0.132  loss_mask_4: 0.07674  loss_dice_4: 0.9679  loss_ce_5: 0.1224  loss_mask_5: 0.09131  loss_dice_5: 0.9643  loss_ce_6: 0.116  loss_mask_6: 0.08537  loss_dice_6: 0.9973  loss_ce_7: 0.111  loss_mask_7: 0.1021  loss_dice_7: 1.05  loss_ce_8: 0.09979  loss_mask_8: 0.08763  loss_dice_8: 1.038    time: 0.8869  last_time: 0.8159  data_time: 0.1049  last_data_time: 0.1049   lr: 4.9136e-05  max_mem: 13267M
[03/18 12:38:10 d2.utils.events]:  eta: 4:22:30  iter: 1699  total_loss: 13.37  loss_ce: 0.1459  loss_mask: 0.08506  loss_dice: 1.169  loss_ce_0: 0.3288  loss_mask_0: 0.08447  loss_dice_0: 1.314  loss_ce_1: 0.1045  loss_mask_1: 0.08864  loss_dice_1: 0.873  loss_ce_2: 0.08611  loss_mask_2: 0.08129  loss_dice_2: 0.7449  loss_ce_3: 0.0863  loss_mask_3: 0.09759  loss_dice_3: 1.136  loss_ce_4: 0.09206  loss_mask_4: 0.08132  loss_dice_4: 1.127  loss_ce_5: 0.08432  loss_mask_5: 0.1021  loss_dice_5: 1.445  loss_ce_6: 0.09449  loss_mask_6: 0.08092  loss_dice_6: 1.132  loss_ce_7: 0.124  loss_mask_7: 0.1016  loss_dice_7: 1.261  loss_ce_8: 0.1309  loss_mask_8: 0.09517  loss_dice_8: 0.9959    time: 0.8869  last_time: 0.9417  data_time: 0.2297  last_data_time: 0.2297   lr: 4.9115e-05  max_mem: 13267M
[03/18 12:38:28 d2.utils.events]:  eta: 4:22:22  iter: 1719  total_loss: 8.912  loss_ce: 0.05242  loss_mask: 0.03069  loss_dice: 0.6584  loss_ce_0: 0.2651  loss_mask_0: 0.05118  loss_dice_0: 0.791  loss_ce_1: 0.1193  loss_mask_1: 0.03923  loss_dice_1: 0.8112  loss_ce_2: 0.09644  loss_mask_2: 0.04059  loss_dice_2: 0.717  loss_ce_3: 0.05673  loss_mask_3: 0.02967  loss_dice_3: 0.7423  loss_ce_4: 0.05427  loss_mask_4: 0.03857  loss_dice_4: 0.9056  loss_ce_5: 0.05682  loss_mask_5: 0.03281  loss_dice_5: 0.6657  loss_ce_6: 0.05518  loss_mask_6: 0.02832  loss_dice_6: 0.6725  loss_ce_7: 0.06072  loss_mask_7: 0.03506  loss_dice_7: 0.8898  loss_ce_8: 0.05906  loss_mask_8: 0.03279  loss_dice_8: 0.8236    time: 0.8869  last_time: 0.8253  data_time: 0.1115  last_data_time: 0.1115   lr: 4.9094e-05  max_mem: 13267M
[03/18 12:38:46 d2.utils.events]:  eta: 4:22:01  iter: 1739  total_loss: 8.49  loss_ce: 0.02059  loss_mask: 0.01911  loss_dice: 0.8178  loss_ce_0: 0.1828  loss_mask_0: 0.01741  loss_dice_0: 0.8292  loss_ce_1: 0.04305  loss_mask_1: 0.02265  loss_dice_1: 0.7752  loss_ce_2: 0.0432  loss_mask_2: 0.01598  loss_dice_2: 0.5848  loss_ce_3: 0.02562  loss_mask_3: 0.02368  loss_dice_3: 0.8104  loss_ce_4: 0.02313  loss_mask_4: 0.02183  loss_dice_4: 0.7298  loss_ce_5: 0.02513  loss_mask_5: 0.02159  loss_dice_5: 0.9413  loss_ce_6: 0.02118  loss_mask_6: 0.02139  loss_dice_6: 0.9332  loss_ce_7: 0.02323  loss_mask_7: 0.01533  loss_dice_7: 0.8012  loss_ce_8: 0.02138  loss_mask_8: 0.01905  loss_dice_8: 0.6392    time: 0.8870  last_time: 0.8326  data_time: 0.1334  last_data_time: 0.1334   lr: 4.9073e-05  max_mem: 13267M
[03/18 12:39:04 d2.utils.events]:  eta: 4:21:55  iter: 1759  total_loss: 13.41  loss_ce: 0.06136  loss_mask: 0.05055  loss_dice: 1.12  loss_ce_0: 0.3664  loss_mask_0: 0.08148  loss_dice_0: 1.294  loss_ce_1: 0.181  loss_mask_1: 0.05952  loss_dice_1: 1.13  loss_ce_2: 0.1514  loss_mask_2: 0.05498  loss_dice_2: 1.268  loss_ce_3: 0.13  loss_mask_3: 0.05276  loss_dice_3: 1.166  loss_ce_4: 0.05862  loss_mask_4: 0.05296  loss_dice_4: 1.143  loss_ce_5: 0.0615  loss_mask_5: 0.06167  loss_dice_5: 1.266  loss_ce_6: 0.05781  loss_mask_6: 0.05049  loss_dice_6: 1.012  loss_ce_7: 0.06288  loss_mask_7: 0.054  loss_dice_7: 1.155  loss_ce_8: 0.05629  loss_mask_8: 0.05462  loss_dice_8: 1.097    time: 0.8869  last_time: 0.8704  data_time: 0.1667  last_data_time: 0.1667   lr: 4.9052e-05  max_mem: 13267M
[03/18 12:39:22 d2.utils.events]:  eta: 4:21:38  iter: 1779  total_loss: 15.54  loss_ce: 0.03223  loss_mask: 0.02197  loss_dice: 1.584  loss_ce_0: 0.156  loss_mask_0: 0.01882  loss_dice_0: 1.398  loss_ce_1: 0.03028  loss_mask_1: 0.03054  loss_dice_1: 1.512  loss_ce_2: 0.0437  loss_mask_2: 0.02748  loss_dice_2: 1.805  loss_ce_3: 0.0374  loss_mask_3: 0.02274  loss_dice_3: 1.308  loss_ce_4: 0.04138  loss_mask_4: 0.02127  loss_dice_4: 1.496  loss_ce_5: 0.09471  loss_mask_5: 0.02498  loss_dice_5: 1.46  loss_ce_6: 0.04114  loss_mask_6: 0.02305  loss_dice_6: 1.267  loss_ce_7: 0.05653  loss_mask_7: 0.02551  loss_dice_7: 1.48  loss_ce_8: 0.03052  loss_mask_8: 0.03036  loss_dice_8: 1.419    time: 0.8871  last_time: 0.8610  data_time: 0.1513  last_data_time: 0.1513   lr: 4.903e-05  max_mem: 13267M
[03/18 12:39:40 d2.utils.events]:  eta: 4:21:14  iter: 1799  total_loss: 9.376  loss_ce: 0.05686  loss_mask: 0.05161  loss_dice: 0.7864  loss_ce_0: 0.2185  loss_mask_0: 0.1007  loss_dice_0: 0.9079  loss_ce_1: 0.0883  loss_mask_1: 0.0568  loss_dice_1: 0.9983  loss_ce_2: 0.06075  loss_mask_2: 0.04929  loss_dice_2: 0.8898  loss_ce_3: 0.05767  loss_mask_3: 0.0477  loss_dice_3: 0.5902  loss_ce_4: 0.05137  loss_mask_4: 0.0533  loss_dice_4: 0.9496  loss_ce_5: 0.05018  loss_mask_5: 0.05154  loss_dice_5: 0.948  loss_ce_6: 0.05147  loss_mask_6: 0.04812  loss_dice_6: 0.7445  loss_ce_7: 0.05867  loss_mask_7: 0.04593  loss_dice_7: 0.5297  loss_ce_8: 0.05794  loss_mask_8: 0.04899  loss_dice_8: 0.7258    time: 0.8870  last_time: 1.0577  data_time: 0.1099  last_data_time: 0.1099   lr: 4.9008e-05  max_mem: 13267M
[03/18 12:39:57 d2.utils.events]:  eta: 4:21:03  iter: 1819  total_loss: 10.33  loss_ce: 0.01891  loss_mask: 0.05437  loss_dice: 1.008  loss_ce_0: 0.2038  loss_mask_0: 0.04768  loss_dice_0: 0.9717  loss_ce_1: 0.02683  loss_mask_1: 0.04919  loss_dice_1: 0.8565  loss_ce_2: 0.03905  loss_mask_2: 0.04978  loss_dice_2: 1.12  loss_ce_3: 0.09881  loss_mask_3: 0.05338  loss_dice_3: 1.186  loss_ce_4: 0.01885  loss_mask_4: 0.04761  loss_dice_4: 0.8312  loss_ce_5: 0.01913  loss_mask_5: 0.0518  loss_dice_5: 0.8352  loss_ce_6: 0.01932  loss_mask_6: 0.05023  loss_dice_6: 0.7649  loss_ce_7: 0.02024  loss_mask_7: 0.05259  loss_dice_7: 0.8498  loss_ce_8: 0.01796  loss_mask_8: 0.05256  loss_dice_8: 0.9101    time: 0.8869  last_time: 0.9151  data_time: 0.2039  last_data_time: 0.2039   lr: 4.8986e-05  max_mem: 13267M
[03/18 12:40:16 d2.utils.events]:  eta: 4:20:55  iter: 1839  total_loss: 15.29  loss_ce: 0.2039  loss_mask: 0.06746  loss_dice: 1.554  loss_ce_0: 0.2459  loss_mask_0: 0.08373  loss_dice_0: 1.58  loss_ce_1: 0.2056  loss_mask_1: 0.06154  loss_dice_1: 1.451  loss_ce_2: 0.1052  loss_mask_2: 0.1139  loss_dice_2: 1.258  loss_ce_3: 0.1687  loss_mask_3: 0.05634  loss_dice_3: 0.9748  loss_ce_4: 0.1632  loss_mask_4: 0.05233  loss_dice_4: 1.221  loss_ce_5: 0.1577  loss_mask_5: 0.0588  loss_dice_5: 1.183  loss_ce_6: 0.1769  loss_mask_6: 0.06314  loss_dice_6: 1.037  loss_ce_7: 0.2381  loss_mask_7: 0.05988  loss_dice_7: 1.098  loss_ce_8: 0.1757  loss_mask_8: 0.06565  loss_dice_8: 1.411    time: 0.8875  last_time: 0.8763  data_time: 0.1555  last_data_time: 0.1555   lr: 4.8964e-05  max_mem: 13267M
[03/18 12:40:35 d2.utils.events]:  eta: 4:20:40  iter: 1859  total_loss: 15.24  loss_ce: 0.1585  loss_mask: 0.07595  loss_dice: 1.415  loss_ce_0: 0.2918  loss_mask_0: 0.07622  loss_dice_0: 1.381  loss_ce_1: 0.218  loss_mask_1: 0.07706  loss_dice_1: 1.285  loss_ce_2: 0.2047  loss_mask_2: 0.09073  loss_dice_2: 1.263  loss_ce_3: 0.2136  loss_mask_3: 0.08293  loss_dice_3: 1.285  loss_ce_4: 0.1302  loss_mask_4: 0.07402  loss_dice_4: 1.27  loss_ce_5: 0.2211  loss_mask_5: 0.0786  loss_dice_5: 1.117  loss_ce_6: 0.1383  loss_mask_6: 0.08622  loss_dice_6: 1.288  loss_ce_7: 0.1669  loss_mask_7: 0.07283  loss_dice_7: 0.9627  loss_ce_8: 0.2599  loss_mask_8: 0.07198  loss_dice_8: 1.181    time: 0.8879  last_time: 1.0488  data_time: 0.3256  last_data_time: 0.3256   lr: 4.8942e-05  max_mem: 13268M
[03/18 12:40:53 d2.utils.events]:  eta: 4:20:40  iter: 1879  total_loss: 10.62  loss_ce: 0.05591  loss_mask: 0.04933  loss_dice: 0.9798  loss_ce_0: 0.1632  loss_mask_0: 0.06139  loss_dice_0: 0.7881  loss_ce_1: 0.1154  loss_mask_1: 0.04128  loss_dice_1: 0.7062  loss_ce_2: 0.1241  loss_mask_2: 0.05606  loss_dice_2: 1.07  loss_ce_3: 0.05408  loss_mask_3: 0.0443  loss_dice_3: 1.05  loss_ce_4: 0.05113  loss_mask_4: 0.04409  loss_dice_4: 0.7323  loss_ce_5: 0.108  loss_mask_5: 0.05528  loss_dice_5: 1.01  loss_ce_6: 0.05631  loss_mask_6: 0.05496  loss_dice_6: 0.9548  loss_ce_7: 0.05216  loss_mask_7: 0.04449  loss_dice_7: 0.8476  loss_ce_8: 0.05518  loss_mask_8: 0.04976  loss_dice_8: 1.143    time: 0.8880  last_time: 0.9877  data_time: 0.2595  last_data_time: 0.2595   lr: 4.8919e-05  max_mem: 13268M
[03/18 12:41:11 d2.utils.events]:  eta: 4:20:22  iter: 1899  total_loss: 5.68  loss_ce: 0.0353  loss_mask: 0.03734  loss_dice: 0.5626  loss_ce_0: 0.166  loss_mask_0: 0.03713  loss_dice_0: 0.476  loss_ce_1: 0.04412  loss_mask_1: 0.03102  loss_dice_1: 0.399  loss_ce_2: 0.03221  loss_mask_2: 0.03004  loss_dice_2: 0.4617  loss_ce_3: 0.03958  loss_mask_3: 0.03213  loss_dice_3: 0.4415  loss_ce_4: 0.03695  loss_mask_4: 0.0422  loss_dice_4: 0.4265  loss_ce_5: 0.03977  loss_mask_5: 0.03835  loss_dice_5: 0.5287  loss_ce_6: 0.03388  loss_mask_6: 0.03664  loss_dice_6: 0.4007  loss_ce_7: 0.03217  loss_mask_7: 0.03985  loss_dice_7: 0.6386  loss_ce_8: 0.03109  loss_mask_8: 0.03431  loss_dice_8: 0.4947    time: 0.8881  last_time: 0.8614  data_time: 0.1571  last_data_time: 0.1571   lr: 4.8896e-05  max_mem: 13268M
[03/18 12:41:28 d2.utils.events]:  eta: 4:19:46  iter: 1919  total_loss: 14.38  loss_ce: 0.102  loss_mask: 0.05394  loss_dice: 1.294  loss_ce_0: 0.2383  loss_mask_0: 0.05846  loss_dice_0: 1.655  loss_ce_1: 0.1766  loss_mask_1: 0.03905  loss_dice_1: 1.079  loss_ce_2: 0.07204  loss_mask_2: 0.04709  loss_dice_2: 1.255  loss_ce_3: 0.1397  loss_mask_3: 0.05797  loss_dice_3: 1.245  loss_ce_4: 0.1069  loss_mask_4: 0.05662  loss_dice_4: 1.156  loss_ce_5: 0.112  loss_mask_5: 0.04823  loss_dice_5: 1.084  loss_ce_6: 0.135  loss_mask_6: 0.04054  loss_dice_6: 1.289  loss_ce_7: 0.08575  loss_mask_7: 0.05228  loss_dice_7: 1.315  loss_ce_8: 0.1608  loss_mask_8: 0.05168  loss_dice_8: 1.173    time: 0.8877  last_time: 0.8736  data_time: 0.1644  last_data_time: 0.1644   lr: 4.8873e-05  max_mem: 13268M
[03/18 12:41:47 d2.utils.events]:  eta: 4:19:48  iter: 1939  total_loss: 12.94  loss_ce: 0.126  loss_mask: 0.04552  loss_dice: 1.068  loss_ce_0: 0.3534  loss_mask_0: 0.0533  loss_dice_0: 1.222  loss_ce_1: 0.1296  loss_mask_1: 0.04485  loss_dice_1: 1.064  loss_ce_2: 0.1297  loss_mask_2: 0.0645  loss_dice_2: 1.125  loss_ce_3: 0.1214  loss_mask_3: 0.04795  loss_dice_3: 0.9927  loss_ce_4: 0.1247  loss_mask_4: 0.04412  loss_dice_4: 1.098  loss_ce_5: 0.1377  loss_mask_5: 0.04649  loss_dice_5: 1.057  loss_ce_6: 0.1188  loss_mask_6: 0.05695  loss_dice_6: 1.15  loss_ce_7: 0.1291  loss_mask_7: 0.05378  loss_dice_7: 1.121  loss_ce_8: 0.1268  loss_mask_8: 0.04286  loss_dice_8: 1.045    time: 0.8880  last_time: 1.3174  data_time: 0.5856  last_data_time: 0.5856   lr: 4.8849e-05  max_mem: 13268M
[03/18 12:42:05 d2.utils.events]:  eta: 4:19:35  iter: 1959  total_loss: 21.83  loss_ce: 0.06697  loss_mask: 0.09968  loss_dice: 1.928  loss_ce_0: 0.2747  loss_mask_0: 0.1845  loss_dice_0: 2.203  loss_ce_1: 0.1444  loss_mask_1: 0.1481  loss_dice_1: 1.923  loss_ce_2: 0.06613  loss_mask_2: 0.1203  loss_dice_2: 2.125  loss_ce_3: 0.03732  loss_mask_3: 0.1432  loss_dice_3: 2.04  loss_ce_4: 0.06435  loss_mask_4: 0.112  loss_dice_4: 1.88  loss_ce_5: 0.03311  loss_mask_5: 0.1131  loss_dice_5: 1.924  loss_ce_6: 0.04215  loss_mask_6: 0.1087  loss_dice_6: 1.982  loss_ce_7: 0.03871  loss_mask_7: 0.1017  loss_dice_7: 1.85  loss_ce_8: 0.04051  loss_mask_8: 0.08633  loss_dice_8: 1.952    time: 0.8880  last_time: 1.0470  data_time: 0.3353  last_data_time: 0.3353   lr: 4.8826e-05  max_mem: 13268M
[03/18 12:42:23 d2.utils.events]:  eta: 4:19:21  iter: 1979  total_loss: 10.56  loss_ce: 0.09273  loss_mask: 0.05814  loss_dice: 0.8091  loss_ce_0: 0.2603  loss_mask_0: 0.1054  loss_dice_0: 1.305  loss_ce_1: 0.1454  loss_mask_1: 0.05798  loss_dice_1: 0.7802  loss_ce_2: 0.1746  loss_mask_2: 0.06482  loss_dice_2: 0.8869  loss_ce_3: 0.1457  loss_mask_3: 0.06194  loss_dice_3: 0.7015  loss_ce_4: 0.1656  loss_mask_4: 0.07025  loss_dice_4: 0.8112  loss_ce_5: 0.1503  loss_mask_5: 0.05468  loss_dice_5: 0.8757  loss_ce_6: 0.145  loss_mask_6: 0.06486  loss_dice_6: 0.7782  loss_ce_7: 0.1278  loss_mask_7: 0.05737  loss_dice_7: 0.7168  loss_ce_8: 0.1309  loss_mask_8: 0.06106  loss_dice_8: 0.6988    time: 0.8880  last_time: 0.8199  data_time: 0.1076  last_data_time: 0.1076   lr: 4.8802e-05  max_mem: 13268M
[03/18 12:42:41 d2.utils.events]:  eta: 4:19:11  iter: 1999  total_loss: 16.73  loss_ce: 0.1336  loss_mask: 0.07247  loss_dice: 1.292  loss_ce_0: 0.3961  loss_mask_0: 0.1098  loss_dice_0: 1.557  loss_ce_1: 0.06739  loss_mask_1: 0.1498  loss_dice_1: 1.772  loss_ce_2: 0.1482  loss_mask_2: 0.09029  loss_dice_2: 1.56  loss_ce_3: 0.1322  loss_mask_3: 0.08491  loss_dice_3: 1.358  loss_ce_4: 0.1262  loss_mask_4: 0.06738  loss_dice_4: 1.312  loss_ce_5: 0.1019  loss_mask_5: 0.07767  loss_dice_5: 1.34  loss_ce_6: 0.1026  loss_mask_6: 0.06574  loss_dice_6: 1.436  loss_ce_7: 0.1084  loss_mask_7: 0.06123  loss_dice_7: 1.418  loss_ce_8: 0.1749  loss_mask_8: 0.07793  loss_dice_8: 1.333    time: 0.8884  last_time: 0.9330  data_time: 0.2279  last_data_time: 0.2279   lr: 4.8778e-05  max_mem: 13268M
[03/18 12:42:59 d2.utils.events]:  eta: 4:18:41  iter: 2019  total_loss: 12.06  loss_ce: 0.03771  loss_mask: 0.06149  loss_dice: 1.108  loss_ce_0: 0.2791  loss_mask_0: 0.04962  loss_dice_0: 1.114  loss_ce_1: 0.08768  loss_mask_1: 0.05328  loss_dice_1: 1.069  loss_ce_2: 0.1072  loss_mask_2: 0.05233  loss_dice_2: 1.16  loss_ce_3: 0.03193  loss_mask_3: 0.05684  loss_dice_3: 1.122  loss_ce_4: 0.02975  loss_mask_4: 0.06363  loss_dice_4: 1.059  loss_ce_5: 0.08325  loss_mask_5: 0.05025  loss_dice_5: 1.113  loss_ce_6: 0.03084  loss_mask_6: 0.04254  loss_dice_6: 1.003  loss_ce_7: 0.03423  loss_mask_7: 0.05044  loss_dice_7: 1.03  loss_ce_8: 0.03574  loss_mask_8: 0.05245  loss_dice_8: 0.9881    time: 0.8882  last_time: 0.7987  data_time: 0.0743  last_data_time: 0.0743   lr: 4.8753e-05  max_mem: 13268M
[03/18 12:43:16 d2.utils.events]:  eta: 4:18:22  iter: 2039  total_loss: 10.24  loss_ce: 0.08817  loss_mask: 0.03949  loss_dice: 0.9143  loss_ce_0: 0.4109  loss_mask_0: 0.08115  loss_dice_0: 1.098  loss_ce_1: 0.1181  loss_mask_1: 0.05586  loss_dice_1: 0.9095  loss_ce_2: 0.08113  loss_mask_2: 0.04889  loss_dice_2: 0.8906  loss_ce_3: 0.09169  loss_mask_3: 0.05007  loss_dice_3: 0.871  loss_ce_4: 0.08726  loss_mask_4: 0.04314  loss_dice_4: 0.7535  loss_ce_5: 0.09686  loss_mask_5: 0.04432  loss_dice_5: 0.7116  loss_ce_6: 0.0884  loss_mask_6: 0.04012  loss_dice_6: 0.8141  loss_ce_7: 0.08047  loss_mask_7: 0.04278  loss_dice_7: 0.7723  loss_ce_8: 0.1023  loss_mask_8: 0.04405  loss_dice_8: 0.7714    time: 0.8881  last_time: 0.9251  data_time: 0.2094  last_data_time: 0.2094   lr: 4.8729e-05  max_mem: 13268M
[03/18 12:43:34 d2.utils.events]:  eta: 4:18:06  iter: 2059  total_loss: 12.03  loss_ce: 0.04789  loss_mask: 0.05158  loss_dice: 1.123  loss_ce_0: 0.2113  loss_mask_0: 0.05444  loss_dice_0: 1.266  loss_ce_1: 0.05099  loss_mask_1: 0.04051  loss_dice_1: 0.8465  loss_ce_2: 0.06886  loss_mask_2: 0.05429  loss_dice_2: 1.042  loss_ce_3: 0.09283  loss_mask_3: 0.03957  loss_dice_3: 0.9888  loss_ce_4: 0.05769  loss_mask_4: 0.03734  loss_dice_4: 0.8693  loss_ce_5: 0.05033  loss_mask_5: 0.04847  loss_dice_5: 1.227  loss_ce_6: 0.04123  loss_mask_6: 0.05199  loss_dice_6: 1.001  loss_ce_7: 0.08275  loss_mask_7: 0.04124  loss_dice_7: 1.16  loss_ce_8: 0.05536  loss_mask_8: 0.04931  loss_dice_8: 1.275    time: 0.8881  last_time: 0.8295  data_time: 0.1124  last_data_time: 0.1124   lr: 4.8704e-05  max_mem: 13268M
[03/18 12:43:53 d2.utils.events]:  eta: 4:17:40  iter: 2079  total_loss: 6.563  loss_ce: 0.008121  loss_mask: 0.03655  loss_dice: 0.6673  loss_ce_0: 0.1706  loss_mask_0: 0.03237  loss_dice_0: 0.5976  loss_ce_1: 0.01974  loss_mask_1: 0.03694  loss_dice_1: 0.5656  loss_ce_2: 0.01215  loss_mask_2: 0.03029  loss_dice_2: 0.5827  loss_ce_3: 0.0129  loss_mask_3: 0.03174  loss_dice_3: 0.6309  loss_ce_4: 0.01123  loss_mask_4: 0.03644  loss_dice_4: 0.6086  loss_ce_5: 0.01091  loss_mask_5: 0.02931  loss_dice_5: 0.5597  loss_ce_6: 0.00997  loss_mask_6: 0.03571  loss_dice_6: 0.587  loss_ce_7: 0.008935  loss_mask_7: 0.03501  loss_dice_7: 0.6138  loss_ce_8: 0.008756  loss_mask_8: 0.03477  loss_dice_8: 0.5376    time: 0.8884  last_time: 0.8416  data_time: 0.1296  last_data_time: 0.1296   lr: 4.8679e-05  max_mem: 13268M
[03/18 12:44:11 d2.utils.events]:  eta: 4:17:13  iter: 2099  total_loss: 13.89  loss_ce: 0.1026  loss_mask: 0.05396  loss_dice: 1.19  loss_ce_0: 0.3946  loss_mask_0: 0.07559  loss_dice_0: 1.372  loss_ce_1: 0.1398  loss_mask_1: 0.09743  loss_dice_1: 1.255  loss_ce_2: 0.1683  loss_mask_2: 0.05325  loss_dice_2: 1.28  loss_ce_3: 0.1381  loss_mask_3: 0.05409  loss_dice_3: 1.14  loss_ce_4: 0.08625  loss_mask_4: 0.04616  loss_dice_4: 1.08  loss_ce_5: 0.1217  loss_mask_5: 0.0538  loss_dice_5: 1.085  loss_ce_6: 0.07539  loss_mask_6: 0.05456  loss_dice_6: 1.193  loss_ce_7: 0.09437  loss_mask_7: 0.05574  loss_dice_7: 1.215  loss_ce_8: 0.06034  loss_mask_8: 0.05475  loss_dice_8: 1.101    time: 0.8884  last_time: 0.8344  data_time: 0.1293  last_data_time: 0.1293   lr: 4.8653e-05  max_mem: 13268M
[03/18 12:44:29 d2.utils.events]:  eta: 4:16:54  iter: 2119  total_loss: 9.462  loss_ce: 0.01885  loss_mask: 0.03288  loss_dice: 0.79  loss_ce_0: 0.2777  loss_mask_0: 0.04984  loss_dice_0: 1.079  loss_ce_1: 0.06736  loss_mask_1: 0.04289  loss_dice_1: 0.8976  loss_ce_2: 0.01963  loss_mask_2: 0.0363  loss_dice_2: 0.7345  loss_ce_3: 0.02485  loss_mask_3: 0.03802  loss_dice_3: 0.8942  loss_ce_4: 0.0198  loss_mask_4: 0.03725  loss_dice_4: 0.8826  loss_ce_5: 0.01601  loss_mask_5: 0.03352  loss_dice_5: 0.8739  loss_ce_6: 0.01618  loss_mask_6: 0.0329  loss_dice_6: 0.8274  loss_ce_7: 0.01729  loss_mask_7: 0.03517  loss_dice_7: 0.8559  loss_ce_8: 0.01849  loss_mask_8: 0.03269  loss_dice_8: 0.759    time: 0.8884  last_time: 0.8374  data_time: 0.1207  last_data_time: 0.1207   lr: 4.8628e-05  max_mem: 13268M
[03/18 12:44:47 d2.utils.events]:  eta: 4:16:27  iter: 2139  total_loss: 11.77  loss_ce: 0.08514  loss_mask: 0.04847  loss_dice: 1.073  loss_ce_0: 0.3305  loss_mask_0: 0.06194  loss_dice_0: 1.245  loss_ce_1: 0.1472  loss_mask_1: 0.05945  loss_dice_1: 1.076  loss_ce_2: 0.07113  loss_mask_2: 0.05584  loss_dice_2: 0.9273  loss_ce_3: 0.08389  loss_mask_3: 0.05106  loss_dice_3: 0.8359  loss_ce_4: 0.06368  loss_mask_4: 0.05433  loss_dice_4: 1.1  loss_ce_5: 0.05427  loss_mask_5: 0.05606  loss_dice_5: 0.9464  loss_ce_6: 0.05531  loss_mask_6: 0.06002  loss_dice_6: 0.9831  loss_ce_7: 0.05365  loss_mask_7: 0.05568  loss_dice_7: 0.9641  loss_ce_8: 0.04815  loss_mask_8: 0.05199  loss_dice_8: 1.069    time: 0.8885  last_time: 0.9128  data_time: 0.1996  last_data_time: 0.1996   lr: 4.8602e-05  max_mem: 13268M
[03/18 12:45:04 d2.utils.events]:  eta: 4:16:10  iter: 2159  total_loss: 14.09  loss_ce: 0.1218  loss_mask: 0.07091  loss_dice: 1.162  loss_ce_0: 0.3502  loss_mask_0: 0.0962  loss_dice_0: 1.306  loss_ce_1: 0.154  loss_mask_1: 0.06646  loss_dice_1: 1.137  loss_ce_2: 0.1114  loss_mask_2: 0.06939  loss_dice_2: 1.161  loss_ce_3: 0.1115  loss_mask_3: 0.05865  loss_dice_3: 1.087  loss_ce_4: 0.09251  loss_mask_4: 0.0632  loss_dice_4: 1.164  loss_ce_5: 0.1428  loss_mask_5: 0.07861  loss_dice_5: 1.267  loss_ce_6: 0.06792  loss_mask_6: 0.07354  loss_dice_6: 1.213  loss_ce_7: 0.06979  loss_mask_7: 0.06138  loss_dice_7: 1.258  loss_ce_8: 0.1086  loss_mask_8: 0.06835  loss_dice_8: 1.296    time: 0.8884  last_time: 0.8805  data_time: 0.1566  last_data_time: 0.1566   lr: 4.8576e-05  max_mem: 13268M
[03/18 12:45:22 d2.utils.events]:  eta: 4:16:04  iter: 2179  total_loss: 13.17  loss_ce: 0.1151  loss_mask: 0.05654  loss_dice: 1.096  loss_ce_0: 0.3957  loss_mask_0: 0.08408  loss_dice_0: 1.444  loss_ce_1: 0.1511  loss_mask_1: 0.06015  loss_dice_1: 1.129  loss_ce_2: 0.1058  loss_mask_2: 0.06427  loss_dice_2: 1.123  loss_ce_3: 0.1129  loss_mask_3: 0.05241  loss_dice_3: 1.078  loss_ce_4: 0.1049  loss_mask_4: 0.05185  loss_dice_4: 1.036  loss_ce_5: 0.1047  loss_mask_5: 0.05417  loss_dice_5: 1.112  loss_ce_6: 0.08958  loss_mask_6: 0.05032  loss_dice_6: 1.054  loss_ce_7: 0.09202  loss_mask_7: 0.04952  loss_dice_7: 1.13  loss_ce_8: 0.1181  loss_mask_8: 0.0514  loss_dice_8: 1.001    time: 0.8885  last_time: 0.8689  data_time: 0.1595  last_data_time: 0.1595   lr: 4.855e-05  max_mem: 13268M
[03/18 12:45:40 d2.utils.events]:  eta: 4:15:45  iter: 2199  total_loss: 12.07  loss_ce: 0.1219  loss_mask: 0.04738  loss_dice: 1.06  loss_ce_0: 0.3337  loss_mask_0: 0.05492  loss_dice_0: 1.099  loss_ce_1: 0.1089  loss_mask_1: 0.0473  loss_dice_1: 1.015  loss_ce_2: 0.09473  loss_mask_2: 0.09321  loss_dice_2: 1.129  loss_ce_3: 0.134  loss_mask_3: 0.04446  loss_dice_3: 0.8487  loss_ce_4: 0.1233  loss_mask_4: 0.05912  loss_dice_4: 1.126  loss_ce_5: 0.1123  loss_mask_5: 0.05361  loss_dice_5: 1.122  loss_ce_6: 0.1327  loss_mask_6: 0.04558  loss_dice_6: 0.9203  loss_ce_7: 0.1204  loss_mask_7: 0.03996  loss_dice_7: 0.9631  loss_ce_8: 0.1338  loss_mask_8: 0.03648  loss_dice_8: 0.8445    time: 0.8884  last_time: 1.1298  data_time: 0.1100  last_data_time: 0.1100   lr: 4.8523e-05  max_mem: 13268M
[03/18 12:45:58 d2.utils.events]:  eta: 4:15:38  iter: 2219  total_loss: 20.25  loss_ce: 0.1314  loss_mask: 0.06729  loss_dice: 1.715  loss_ce_0: 0.2809  loss_mask_0: 0.08246  loss_dice_0: 2.205  loss_ce_1: 0.197  loss_mask_1: 0.08199  loss_dice_1: 1.764  loss_ce_2: 0.1083  loss_mask_2: 0.0722  loss_dice_2: 2.087  loss_ce_3: 0.1536  loss_mask_3: 0.06109  loss_dice_3: 1.612  loss_ce_4: 0.1307  loss_mask_4: 0.06083  loss_dice_4: 1.764  loss_ce_5: 0.1282  loss_mask_5: 0.07379  loss_dice_5: 1.654  loss_ce_6: 0.1306  loss_mask_6: 0.07551  loss_dice_6: 1.795  loss_ce_7: 0.1343  loss_mask_7: 0.06794  loss_dice_7: 1.751  loss_ce_8: 0.1423  loss_mask_8: 0.06645  loss_dice_8: 1.654    time: 0.8885  last_time: 1.1992  data_time: 0.5033  last_data_time: 0.5033   lr: 4.8497e-05  max_mem: 13268M
[03/18 12:46:16 d2.utils.events]:  eta: 4:15:30  iter: 2239  total_loss: 8.152  loss_ce: 0.01502  loss_mask: 0.04621  loss_dice: 0.7117  loss_ce_0: 0.1894  loss_mask_0: 0.06993  loss_dice_0: 0.7992  loss_ce_1: 0.02815  loss_mask_1: 0.04279  loss_dice_1: 0.7109  loss_ce_2: 0.02211  loss_mask_2: 0.04671  loss_dice_2: 0.6932  loss_ce_3: 0.02028  loss_mask_3: 0.0378  loss_dice_3: 0.6761  loss_ce_4: 0.02047  loss_mask_4: 0.04964  loss_dice_4: 0.729  loss_ce_5: 0.01816  loss_mask_5: 0.04489  loss_dice_5: 0.6851  loss_ce_6: 0.01932  loss_mask_6: 0.04908  loss_dice_6: 0.7829  loss_ce_7: 0.01749  loss_mask_7: 0.05907  loss_dice_7: 0.771  loss_ce_8: 0.01565  loss_mask_8: 0.04498  loss_dice_8: 0.7356    time: 0.8885  last_time: 0.8347  data_time: 0.1196  last_data_time: 0.1196   lr: 4.847e-05  max_mem: 13268M
[03/18 12:46:35 d2.utils.events]:  eta: 4:15:15  iter: 2259  total_loss: 18.09  loss_ce: 0.1418  loss_mask: 0.1142  loss_dice: 1.546  loss_ce_0: 0.7868  loss_mask_0: 0.2488  loss_dice_0: 1.884  loss_ce_1: 0.2657  loss_mask_1: 0.09171  loss_dice_1: 1.378  loss_ce_2: 0.1345  loss_mask_2: 0.09557  loss_dice_2: 1.43  loss_ce_3: 0.1502  loss_mask_3: 0.09867  loss_dice_3: 1.422  loss_ce_4: 0.1366  loss_mask_4: 0.1097  loss_dice_4: 1.425  loss_ce_5: 0.1395  loss_mask_5: 0.0965  loss_dice_5: 1.426  loss_ce_6: 0.1546  loss_mask_6: 0.09641  loss_dice_6: 1.323  loss_ce_7: 0.1442  loss_mask_7: 0.1  loss_dice_7: 1.408  loss_ce_8: 0.1152  loss_mask_8: 0.09804  loss_dice_8: 1.525    time: 0.8888  last_time: 1.3079  data_time: 0.5767  last_data_time: 0.5767   lr: 4.8443e-05  max_mem: 13268M
[03/18 12:46:53 d2.utils.events]:  eta: 4:15:21  iter: 2279  total_loss: 13.77  loss_ce: 0.1995  loss_mask: 0.08551  loss_dice: 0.9801  loss_ce_0: 0.2739  loss_mask_0: 0.1145  loss_dice_0: 1.127  loss_ce_1: 0.1906  loss_mask_1: 0.08367  loss_dice_1: 1.071  loss_ce_2: 0.1735  loss_mask_2: 0.08604  loss_dice_2: 1.097  loss_ce_3: 0.179  loss_mask_3: 0.0803  loss_dice_3: 0.9741  loss_ce_4: 0.1559  loss_mask_4: 0.08703  loss_dice_4: 1.178  loss_ce_5: 0.1224  loss_mask_5: 0.08815  loss_dice_5: 1.216  loss_ce_6: 0.1354  loss_mask_6: 0.09614  loss_dice_6: 1.34  loss_ce_7: 0.2108  loss_mask_7: 0.08955  loss_dice_7: 1.045  loss_ce_8: 0.1354  loss_mask_8: 0.09192  loss_dice_8: 1.058    time: 0.8891  last_time: 0.9369  data_time: 0.2220  last_data_time: 0.2220   lr: 4.8415e-05  max_mem: 13268M
[03/18 12:47:12 d2.utils.events]:  eta: 4:15:08  iter: 2299  total_loss: 10.15  loss_ce: 0.1179  loss_mask: 0.03847  loss_dice: 0.7949  loss_ce_0: 0.2243  loss_mask_0: 0.06412  loss_dice_0: 1.104  loss_ce_1: 0.1367  loss_mask_1: 0.04964  loss_dice_1: 0.8085  loss_ce_2: 0.1681  loss_mask_2: 0.04977  loss_dice_2: 0.7766  loss_ce_3: 0.1117  loss_mask_3: 0.04537  loss_dice_3: 0.7813  loss_ce_4: 0.1056  loss_mask_4: 0.04011  loss_dice_4: 0.8301  loss_ce_5: 0.1141  loss_mask_5: 0.04061  loss_dice_5: 0.8194  loss_ce_6: 0.09838  loss_mask_6: 0.0415  loss_dice_6: 0.8733  loss_ce_7: 0.09795  loss_mask_7: 0.03773  loss_dice_7: 0.8666  loss_ce_8: 0.1198  loss_mask_8: 0.03978  loss_dice_8: 0.7514    time: 0.8893  last_time: 0.8304  data_time: 0.1158  last_data_time: 0.1158   lr: 4.8387e-05  max_mem: 13268M
[03/18 12:47:30 d2.utils.events]:  eta: 4:14:46  iter: 2319  total_loss: 8.726  loss_ce: 0.02106  loss_mask: 0.04113  loss_dice: 0.7976  loss_ce_0: 0.1575  loss_mask_0: 0.05629  loss_dice_0: 0.8418  loss_ce_1: 0.04306  loss_mask_1: 0.03871  loss_dice_1: 0.7423  loss_ce_2: 0.03309  loss_mask_2: 0.03488  loss_dice_2: 0.6623  loss_ce_3: 0.02732  loss_mask_3: 0.03464  loss_dice_3: 0.5561  loss_ce_4: 0.02216  loss_mask_4: 0.04428  loss_dice_4: 0.8154  loss_ce_5: 0.07975  loss_mask_5: 0.04043  loss_dice_5: 1.005  loss_ce_6: 0.02223  loss_mask_6: 0.04033  loss_dice_6: 0.7417  loss_ce_7: 0.02142  loss_mask_7: 0.04201  loss_dice_7: 0.8666  loss_ce_8: 0.02162  loss_mask_8: 0.03897  loss_dice_8: 0.8361    time: 0.8896  last_time: 1.0977  data_time: 0.2111  last_data_time: 0.2111   lr: 4.836e-05  max_mem: 13268M
[03/18 12:47:48 d2.utils.events]:  eta: 4:14:19  iter: 2339  total_loss: 10.78  loss_ce: 0.09037  loss_mask: 0.02116  loss_dice: 0.7659  loss_ce_0: 0.2564  loss_mask_0: 0.03785  loss_dice_0: 1.308  loss_ce_1: 0.1554  loss_mask_1: 0.02853  loss_dice_1: 0.9036  loss_ce_2: 0.1604  loss_mask_2: 0.02173  loss_dice_2: 0.7691  loss_ce_3: 0.1447  loss_mask_3: 0.0242  loss_dice_3: 0.7853  loss_ce_4: 0.1518  loss_mask_4: 0.02319  loss_dice_4: 0.7487  loss_ce_5: 0.1502  loss_mask_5: 0.026  loss_dice_5: 0.9644  loss_ce_6: 0.08796  loss_mask_6: 0.02402  loss_dice_6: 0.8282  loss_ce_7: 0.1182  loss_mask_7: 0.02456  loss_dice_7: 1.025  loss_ce_8: 0.08765  loss_mask_8: 0.02323  loss_dice_8: 1.021    time: 0.8895  last_time: 0.9368  data_time: 0.2138  last_data_time: 0.2138   lr: 4.8332e-05  max_mem: 13268M
[03/18 12:48:06 d2.utils.events]:  eta: 4:14:16  iter: 2359  total_loss: 8.449  loss_ce: 0.05648  loss_mask: 0.05979  loss_dice: 0.6591  loss_ce_0: 0.213  loss_mask_0: 0.08217  loss_dice_0: 1.082  loss_ce_1: 0.05541  loss_mask_1: 0.2401  loss_dice_1: 1.122  loss_ce_2: 0.09379  loss_mask_2: 0.048  loss_dice_2: 0.5575  loss_ce_3: 0.07988  loss_mask_3: 0.05268  loss_dice_3: 0.5616  loss_ce_4: 0.08854  loss_mask_4: 0.04799  loss_dice_4: 0.5027  loss_ce_5: 0.0713  loss_mask_5: 0.04856  loss_dice_5: 0.5131  loss_ce_6: 0.07014  loss_mask_6: 0.04924  loss_dice_6: 0.5496  loss_ce_7: 0.06125  loss_mask_7: 0.0547  loss_dice_7: 0.6648  loss_ce_8: 0.05296  loss_mask_8: 0.05594  loss_dice_8: 0.6547    time: 0.8896  last_time: 0.9333  data_time: 0.2253  last_data_time: 0.2253   lr: 4.8303e-05  max_mem: 13268M
[03/18 12:48:25 d2.utils.events]:  eta: 4:13:51  iter: 2379  total_loss: 8.88  loss_ce: 0.02434  loss_mask: 0.03305  loss_dice: 0.8401  loss_ce_0: 0.1971  loss_mask_0: 0.04652  loss_dice_0: 1.084  loss_ce_1: 0.04097  loss_mask_1: 0.03322  loss_dice_1: 0.7863  loss_ce_2: 0.04329  loss_mask_2: 0.03761  loss_dice_2: 0.8596  loss_ce_3: 0.02557  loss_mask_3: 0.03566  loss_dice_3: 0.7244  loss_ce_4: 0.01953  loss_mask_4: 0.03335  loss_dice_4: 0.7794  loss_ce_5: 0.02306  loss_mask_5: 0.03202  loss_dice_5: 0.7014  loss_ce_6: 0.02191  loss_mask_6: 0.03459  loss_dice_6: 0.8182  loss_ce_7: 0.01971  loss_mask_7: 0.03346  loss_dice_7: 0.7446  loss_ce_8: 0.02227  loss_mask_8: 0.03121  loss_dice_8: 0.7538    time: 0.8898  last_time: 0.9549  data_time: 0.2271  last_data_time: 0.2271   lr: 4.8275e-05  max_mem: 13268M
[03/18 12:48:43 d2.utils.events]:  eta: 4:13:53  iter: 2399  total_loss: 17.84  loss_ce: 0.1526  loss_mask: 0.1125  loss_dice: 1.367  loss_ce_0: 0.3377  loss_mask_0: 0.1325  loss_dice_0: 1.529  loss_ce_1: 0.3594  loss_mask_1: 0.1165  loss_dice_1: 1.712  loss_ce_2: 0.1223  loss_mask_2: 0.1024  loss_dice_2: 1.626  loss_ce_3: 0.2174  loss_mask_3: 0.0767  loss_dice_3: 1.319  loss_ce_4: 0.1993  loss_mask_4: 0.09066  loss_dice_4: 1.288  loss_ce_5: 0.2128  loss_mask_5: 0.0951  loss_dice_5: 1.515  loss_ce_6: 0.1274  loss_mask_6: 0.07998  loss_dice_6: 1.508  loss_ce_7: 0.1897  loss_mask_7: 0.09422  loss_dice_7: 1.559  loss_ce_8: 0.2552  loss_mask_8: 0.09772  loss_dice_8: 1.245    time: 0.8900  last_time: 0.8583  data_time: 0.1371  last_data_time: 0.1371   lr: 4.8246e-05  max_mem: 13268M
[03/18 12:49:01 d2.utils.events]:  eta: 4:13:35  iter: 2419  total_loss: 9.123  loss_ce: 0.02493  loss_mask: 0.0245  loss_dice: 0.7815  loss_ce_0: 0.1284  loss_mask_0: 0.0469  loss_dice_0: 1.099  loss_ce_1: 0.03797  loss_mask_1: 0.02534  loss_dice_1: 0.9709  loss_ce_2: 0.02832  loss_mask_2: 0.02657  loss_dice_2: 0.6988  loss_ce_3: 0.02719  loss_mask_3: 0.03206  loss_dice_3: 0.8902  loss_ce_4: 0.02349  loss_mask_4: 0.02582  loss_dice_4: 0.7113  loss_ce_5: 0.02379  loss_mask_5: 0.03016  loss_dice_5: 0.9198  loss_ce_6: 0.02557  loss_mask_6: 0.03335  loss_dice_6: 0.754  loss_ce_7: 0.02621  loss_mask_7: 0.02917  loss_dice_7: 0.7756  loss_ce_8: 0.02634  loss_mask_8: 0.03157  loss_dice_8: 0.8443    time: 0.8898  last_time: 1.0379  data_time: 0.3253  last_data_time: 0.3253   lr: 4.8217e-05  max_mem: 13268M
[03/18 12:49:19 d2.utils.events]:  eta: 4:13:21  iter: 2439  total_loss: 8.392  loss_ce: 0.0249  loss_mask: 0.03933  loss_dice: 0.6395  loss_ce_0: 0.1236  loss_mask_0: 0.04545  loss_dice_0: 0.974  loss_ce_1: 0.02789  loss_mask_1: 0.05258  loss_dice_1: 1.012  loss_ce_2: 0.03274  loss_mask_2: 0.04355  loss_dice_2: 0.6435  loss_ce_3: 0.02482  loss_mask_3: 0.04599  loss_dice_3: 0.6114  loss_ce_4: 0.02477  loss_mask_4: 0.04216  loss_dice_4: 0.9297  loss_ce_5: 0.03142  loss_mask_5: 0.04146  loss_dice_5: 0.6304  loss_ce_6: 0.03149  loss_mask_6: 0.04858  loss_dice_6: 0.8402  loss_ce_7: 0.02762  loss_mask_7: 0.03487  loss_dice_7: 0.591  loss_ce_8: 0.02621  loss_mask_8: 0.04048  loss_dice_8: 0.71    time: 0.8899  last_time: 0.8837  data_time: 0.1724  last_data_time: 0.1724   lr: 4.8188e-05  max_mem: 13268M
[03/18 12:49:38 d2.utils.events]:  eta: 4:13:07  iter: 2459  total_loss: 13.79  loss_ce: 0.05018  loss_mask: 0.03673  loss_dice: 1.264  loss_ce_0: 0.1592  loss_mask_0: 0.03608  loss_dice_0: 1.241  loss_ce_1: 0.06604  loss_mask_1: 0.04033  loss_dice_1: 1.267  loss_ce_2: 0.1128  loss_mask_2: 0.0309  loss_dice_2: 1.088  loss_ce_3: 0.05994  loss_mask_3: 0.03615  loss_dice_3: 1.129  loss_ce_4: 0.05247  loss_mask_4: 0.03637  loss_dice_4: 1.109  loss_ce_5: 0.1409  loss_mask_5: 0.03973  loss_dice_5: 1.718  loss_ce_6: 0.05316  loss_mask_6: 0.03445  loss_dice_6: 1.287  loss_ce_7: 0.1083  loss_mask_7: 0.03296  loss_dice_7: 1.22  loss_ce_8: 0.04897  loss_mask_8: 0.03014  loss_dice_8: 1.256    time: 0.8902  last_time: 0.8103  data_time: 0.0897  last_data_time: 0.0897   lr: 4.8158e-05  max_mem: 13268M
[03/18 12:49:55 d2.utils.events]:  eta: 4:12:50  iter: 2479  total_loss: 12.74  loss_ce: 0.122  loss_mask: 0.05818  loss_dice: 0.9666  loss_ce_0: 0.4955  loss_mask_0: 0.07895  loss_dice_0: 1.273  loss_ce_1: 0.1492  loss_mask_1: 0.04492  loss_dice_1: 1.029  loss_ce_2: 0.1395  loss_mask_2: 0.0562  loss_dice_2: 1.159  loss_ce_3: 0.0689  loss_mask_3: 0.05611  loss_dice_3: 1.015  loss_ce_4: 0.06354  loss_mask_4: 0.06541  loss_dice_4: 1.076  loss_ce_5: 0.0856  loss_mask_5: 0.06395  loss_dice_5: 1.147  loss_ce_6: 0.07571  loss_mask_6: 0.06198  loss_dice_6: 1.103  loss_ce_7: 0.0636  loss_mask_7: 0.06709  loss_dice_7: 1.064  loss_ce_8: 0.06229  loss_mask_8: 0.05768  loss_dice_8: 0.9726    time: 0.8900  last_time: 0.9299  data_time: 0.2093  last_data_time: 0.2093   lr: 4.8128e-05  max_mem: 13268M
[03/18 12:50:14 d2.utils.events]:  eta: 4:12:36  iter: 2499  total_loss: 11.92  loss_ce: 0.04444  loss_mask: 0.06697  loss_dice: 1.048  loss_ce_0: 0.2985  loss_mask_0: 0.1295  loss_dice_0: 0.9052  loss_ce_1: 0.1866  loss_mask_1: 0.06742  loss_dice_1: 0.9871  loss_ce_2: 0.1026  loss_mask_2: 0.06679  loss_dice_2: 1.151  loss_ce_3: 0.1243  loss_mask_3: 0.06498  loss_dice_3: 1.007  loss_ce_4: 0.09608  loss_mask_4: 0.06954  loss_dice_4: 0.9872  loss_ce_5: 0.07001  loss_mask_5: 0.06872  loss_dice_5: 0.9831  loss_ce_6: 0.1217  loss_mask_6: 0.06592  loss_dice_6: 1.063  loss_ce_7: 0.07635  loss_mask_7: 0.07026  loss_dice_7: 0.9241  loss_ce_8: 0.04409  loss_mask_8: 0.06151  loss_dice_8: 0.9667    time: 0.8904  last_time: 0.9073  data_time: 0.1926  last_data_time: 0.1926   lr: 4.8098e-05  max_mem: 13268M
[03/18 12:50:32 d2.utils.events]:  eta: 4:12:18  iter: 2519  total_loss: 20.21  loss_ce: 0.06021  loss_mask: 0.06177  loss_dice: 1.679  loss_ce_0: 0.1619  loss_mask_0: 0.06892  loss_dice_0: 1.912  loss_ce_1: 0.04331  loss_mask_1: 0.1291  loss_dice_1: 2.427  loss_ce_2: 0.09054  loss_mask_2: 0.05786  loss_dice_2: 1.825  loss_ce_3: 0.06373  loss_mask_3: 0.06227  loss_dice_3: 1.691  loss_ce_4: 0.06673  loss_mask_4: 0.06055  loss_dice_4: 1.748  loss_ce_5: 0.05271  loss_mask_5: 0.06318  loss_dice_5: 1.964  loss_ce_6: 0.1083  loss_mask_6: 0.07268  loss_dice_6: 2.071  loss_ce_7: 0.06234  loss_mask_7: 0.06213  loss_dice_7: 1.775  loss_ce_8: 0.05734  loss_mask_8: 0.05866  loss_dice_8: 1.659    time: 0.8905  last_time: 0.8821  data_time: 0.1645  last_data_time: 0.1645   lr: 4.8068e-05  max_mem: 13268M
[03/18 12:50:50 d2.utils.events]:  eta: 4:12:01  iter: 2539  total_loss: 11.08  loss_ce: 0.09011  loss_mask: 0.0247  loss_dice: 1.124  loss_ce_0: 0.2188  loss_mask_0: 0.036  loss_dice_0: 1.304  loss_ce_1: 0.09535  loss_mask_1: 0.02319  loss_dice_1: 0.9533  loss_ce_2: 0.1112  loss_mask_2: 0.02491  loss_dice_2: 0.7923  loss_ce_3: 0.0631  loss_mask_3: 0.0255  loss_dice_3: 0.9732  loss_ce_4: 0.06881  loss_mask_4: 0.02524  loss_dice_4: 0.9735  loss_ce_5: 0.05279  loss_mask_5: 0.02156  loss_dice_5: 0.9375  loss_ce_6: 0.1071  loss_mask_6: 0.02475  loss_dice_6: 1.013  loss_ce_7: 0.04615  loss_mask_7: 0.02536  loss_dice_7: 0.8436  loss_ce_8: 0.1153  loss_mask_8: 0.02112  loss_dice_8: 0.9417    time: 0.8904  last_time: 0.9199  data_time: 0.2112  last_data_time: 0.2112   lr: 4.8038e-05  max_mem: 13268M
[03/18 12:51:07 d2.utils.events]:  eta: 4:11:47  iter: 2559  total_loss: 9.251  loss_ce: 0.05124  loss_mask: 0.04896  loss_dice: 0.7649  loss_ce_0: 0.2335  loss_mask_0: 0.05143  loss_dice_0: 0.7258  loss_ce_1: 0.06497  loss_mask_1: 0.06237  loss_dice_1: 0.8133  loss_ce_2: 0.07716  loss_mask_2: 0.04827  loss_dice_2: 0.9123  loss_ce_3: 0.05062  loss_mask_3: 0.0501  loss_dice_3: 0.7654  loss_ce_4: 0.05089  loss_mask_4: 0.04797  loss_dice_4: 0.8344  loss_ce_5: 0.05639  loss_mask_5: 0.04783  loss_dice_5: 0.7461  loss_ce_6: 0.04204  loss_mask_6: 0.051  loss_dice_6: 0.7613  loss_ce_7: 0.1078  loss_mask_7: 0.04369  loss_dice_7: 0.7553  loss_ce_8: 0.0558  loss_mask_8: 0.04322  loss_dice_8: 0.8867    time: 0.8903  last_time: 0.8349  data_time: 0.1126  last_data_time: 0.1126   lr: 4.8007e-05  max_mem: 13268M
[03/18 12:51:26 d2.utils.events]:  eta: 4:11:30  iter: 2579  total_loss: 14.51  loss_ce: 0.1212  loss_mask: 0.05535  loss_dice: 1.322  loss_ce_0: 0.3083  loss_mask_0: 0.09713  loss_dice_0: 1.548  loss_ce_1: 0.1905  loss_mask_1: 0.06134  loss_dice_1: 1.459  loss_ce_2: 0.1854  loss_mask_2: 0.0479  loss_dice_2: 1.193  loss_ce_3: 0.1128  loss_mask_3: 0.06343  loss_dice_3: 1.019  loss_ce_4: 0.1175  loss_mask_4: 0.0592  loss_dice_4: 1.182  loss_ce_5: 0.1382  loss_mask_5: 0.04987  loss_dice_5: 1.126  loss_ce_6: 0.1478  loss_mask_6: 0.05436  loss_dice_6: 0.9909  loss_ce_7: 0.1636  loss_mask_7: 0.05472  loss_dice_7: 1.269  loss_ce_8: 0.1376  loss_mask_8: 0.05119  loss_dice_8: 1.182    time: 0.8904  last_time: 0.9346  data_time: 0.2076  last_data_time: 0.2076   lr: 4.7976e-05  max_mem: 13268M
[03/18 12:51:44 d2.utils.events]:  eta: 4:11:16  iter: 2599  total_loss: 9.521  loss_ce: 0.04913  loss_mask: 0.03319  loss_dice: 0.7084  loss_ce_0: 0.2214  loss_mask_0: 0.05152  loss_dice_0: 0.8631  loss_ce_1: 0.07318  loss_mask_1: 0.0484  loss_dice_1: 0.8594  loss_ce_2: 0.05196  loss_mask_2: 0.03974  loss_dice_2: 0.8963  loss_ce_3: 0.04123  loss_mask_3: 0.04713  loss_dice_3: 0.9763  loss_ce_4: 0.04086  loss_mask_4: 0.04444  loss_dice_4: 0.7759  loss_ce_5: 0.04644  loss_mask_5: 0.03849  loss_dice_5: 0.7162  loss_ce_6: 0.04922  loss_mask_6: 0.04293  loss_dice_6: 0.8186  loss_ce_7: 0.0483  loss_mask_7: 0.04193  loss_dice_7: 0.9261  loss_ce_8: 0.05254  loss_mask_8: 0.04312  loss_dice_8: 0.8755    time: 0.8906  last_time: 0.8827  data_time: 0.1693  last_data_time: 0.1693   lr: 4.7945e-05  max_mem: 13268M
[03/18 12:52:02 d2.utils.events]:  eta: 4:10:59  iter: 2619  total_loss: 8.295  loss_ce: 0.07641  loss_mask: 0.02484  loss_dice: 0.6454  loss_ce_0: 0.1707  loss_mask_0: 0.06062  loss_dice_0: 1.021  loss_ce_1: 0.03529  loss_mask_1: 0.02665  loss_dice_1: 0.5499  loss_ce_2: 0.07453  loss_mask_2: 0.03425  loss_dice_2: 0.6597  loss_ce_3: 0.02755  loss_mask_3: 0.02845  loss_dice_3: 0.7932  loss_ce_4: 0.02603  loss_mask_4: 0.03133  loss_dice_4: 0.9373  loss_ce_5: 0.08296  loss_mask_5: 0.03148  loss_dice_5: 0.7078  loss_ce_6: 0.02344  loss_mask_6: 0.02901  loss_dice_6: 0.7528  loss_ce_7: 0.02374  loss_mask_7: 0.02941  loss_dice_7: 0.7024  loss_ce_8: 0.02296  loss_mask_8: 0.0314  loss_dice_8: 0.6341    time: 0.8905  last_time: 0.8773  data_time: 0.1766  last_data_time: 0.1766   lr: 4.7914e-05  max_mem: 13268M
[03/18 12:52:19 d2.utils.events]:  eta: 4:10:30  iter: 2639  total_loss: 16.43  loss_ce: 0.05608  loss_mask: 0.05864  loss_dice: 1.278  loss_ce_0: 0.393  loss_mask_0: 0.07816  loss_dice_0: 1.566  loss_ce_1: 0.11  loss_mask_1: 0.07085  loss_dice_1: 1.445  loss_ce_2: 0.09222  loss_mask_2: 0.05995  loss_dice_2: 1.623  loss_ce_3: 0.06492  loss_mask_3: 0.05372  loss_dice_3: 1.411  loss_ce_4: 0.05979  loss_mask_4: 0.05789  loss_dice_4: 1.532  loss_ce_5: 0.06167  loss_mask_5: 0.05596  loss_dice_5: 1.29  loss_ce_6: 0.1188  loss_mask_6: 0.07193  loss_dice_6: 1.775  loss_ce_7: 0.05627  loss_mask_7: 0.06671  loss_dice_7: 1.501  loss_ce_8: 0.0539  loss_mask_8: 0.05875  loss_dice_8: 1.315    time: 0.8902  last_time: 0.7958  data_time: 0.0865  last_data_time: 0.0865   lr: 4.7883e-05  max_mem: 13268M
[03/18 12:52:36 d2.utils.events]:  eta: 4:10:06  iter: 2659  total_loss: 11.3  loss_ce: 0.02091  loss_mask: 0.05556  loss_dice: 1.009  loss_ce_0: 0.1236  loss_mask_0: 0.0961  loss_dice_0: 1.063  loss_ce_1: 0.08075  loss_mask_1: 0.05842  loss_dice_1: 0.8449  loss_ce_2: 0.08127  loss_mask_2: 0.07625  loss_dice_2: 0.9298  loss_ce_3: 0.02453  loss_mask_3: 0.05798  loss_dice_3: 1.005  loss_ce_4: 0.02635  loss_mask_4: 0.06597  loss_dice_4: 1.069  loss_ce_5: 0.0239  loss_mask_5: 0.05914  loss_dice_5: 1.06  loss_ce_6: 0.02013  loss_mask_6: 0.0666  loss_dice_6: 0.967  loss_ce_7: 0.039  loss_mask_7: 0.06211  loss_dice_7: 1.374  loss_ce_8: 0.02103  loss_mask_8: 0.0592  loss_dice_8: 0.8576    time: 0.8900  last_time: 0.8776  data_time: 0.1646  last_data_time: 0.1646   lr: 4.7851e-05  max_mem: 13268M
[03/18 12:52:55 d2.utils.events]:  eta: 4:09:51  iter: 2679  total_loss: 9.878  loss_ce: 0.06038  loss_mask: 0.06813  loss_dice: 0.7521  loss_ce_0: 0.1891  loss_mask_0: 0.1077  loss_dice_0: 1.105  loss_ce_1: 0.07365  loss_mask_1: 0.06416  loss_dice_1: 0.8407  loss_ce_2: 0.06578  loss_mask_2: 0.05473  loss_dice_2: 0.9404  loss_ce_3: 0.05315  loss_mask_3: 0.0667  loss_dice_3: 0.7351  loss_ce_4: 0.05146  loss_mask_4: 0.04963  loss_dice_4: 0.8035  loss_ce_5: 0.07946  loss_mask_5: 0.065  loss_dice_5: 0.8006  loss_ce_6: 0.03769  loss_mask_6: 0.07476  loss_dice_6: 0.9415  loss_ce_7: 0.03914  loss_mask_7: 0.05929  loss_dice_7: 0.7154  loss_ce_8: 0.03747  loss_mask_8: 0.06574  loss_dice_8: 0.8813    time: 0.8901  last_time: 1.2953  data_time: 0.5830  last_data_time: 0.5830   lr: 4.7819e-05  max_mem: 13268M
[03/18 12:53:12 d2.utils.events]:  eta: 4:09:31  iter: 2699  total_loss: 15.07  loss_ce: 0.05033  loss_mask: 0.06541  loss_dice: 1.314  loss_ce_0: 0.3692  loss_mask_0: 0.07298  loss_dice_0: 1.45  loss_ce_1: 0.1763  loss_mask_1: 0.09311  loss_dice_1: 1.217  loss_ce_2: 0.1247  loss_mask_2: 0.07089  loss_dice_2: 1.203  loss_ce_3: 0.1326  loss_mask_3: 0.06489  loss_dice_3: 1.284  loss_ce_4: 0.1767  loss_mask_4: 0.0498  loss_dice_4: 1.324  loss_ce_5: 0.155  loss_mask_5: 0.06835  loss_dice_5: 1.3  loss_ce_6: 0.1244  loss_mask_6: 0.06476  loss_dice_6: 1.169  loss_ce_7: 0.08128  loss_mask_7: 0.05155  loss_dice_7: 1.313  loss_ce_8: 0.1483  loss_mask_8: 0.06222  loss_dice_8: 1.296    time: 0.8899  last_time: 0.8780  data_time: 0.1630  last_data_time: 0.1630   lr: 4.7787e-05  max_mem: 13268M
[03/18 12:53:30 d2.utils.events]:  eta: 4:09:16  iter: 2719  total_loss: 14.2  loss_ce: 0.08771  loss_mask: 0.03444  loss_dice: 1.159  loss_ce_0: 0.3606  loss_mask_0: 0.06143  loss_dice_0: 1.546  loss_ce_1: 0.1397  loss_mask_1: 0.04901  loss_dice_1: 1.164  loss_ce_2: 0.1636  loss_mask_2: 0.03758  loss_dice_2: 1.105  loss_ce_3: 0.1046  loss_mask_3: 0.03809  loss_dice_3: 1.265  loss_ce_4: 0.09041  loss_mask_4: 0.0362  loss_dice_4: 1.082  loss_ce_5: 0.0553  loss_mask_5: 0.04232  loss_dice_5: 1.14  loss_ce_6: 0.1123  loss_mask_6: 0.04724  loss_dice_6: 1.443  loss_ce_7: 0.09131  loss_mask_7: 0.03807  loss_dice_7: 1.323  loss_ce_8: 0.08926  loss_mask_8: 0.03709  loss_dice_8: 1.254    time: 0.8900  last_time: 1.0761  data_time: 0.2307  last_data_time: 0.2307   lr: 4.7754e-05  max_mem: 13268M
[03/18 12:53:48 d2.utils.events]:  eta: 4:09:06  iter: 2739  total_loss: 13.45  loss_ce: 0.02749  loss_mask: 0.08451  loss_dice: 1.148  loss_ce_0: 0.2519  loss_mask_0: 0.08691  loss_dice_0: 1.141  loss_ce_1: 0.08204  loss_mask_1: 0.07816  loss_dice_1: 1.04  loss_ce_2: 0.08362  loss_mask_2: 0.09653  loss_dice_2: 1.499  loss_ce_3: 0.03567  loss_mask_3: 0.06595  loss_dice_3: 1.157  loss_ce_4: 0.02833  loss_mask_4: 0.0812  loss_dice_4: 1.31  loss_ce_5: 0.03319  loss_mask_5: 0.07241  loss_dice_5: 1.09  loss_ce_6: 0.02423  loss_mask_6: 0.07184  loss_dice_6: 1.068  loss_ce_7: 0.04204  loss_mask_7: 0.09387  loss_dice_7: 1.441  loss_ce_8: 0.02821  loss_mask_8: 0.0819  loss_dice_8: 1.108    time: 0.8901  last_time: 0.8732  data_time: 0.1514  last_data_time: 0.1514   lr: 4.7722e-05  max_mem: 13268M
[03/18 12:54:08 d2.utils.events]:  eta: 4:08:57  iter: 2759  total_loss: 9.22  loss_ce: 0.0428  loss_mask: 0.06361  loss_dice: 0.8883  loss_ce_0: 0.1883  loss_mask_0: 0.09187  loss_dice_0: 0.9833  loss_ce_1: 0.06416  loss_mask_1: 0.07399  loss_dice_1: 0.7775  loss_ce_2: 0.05441  loss_mask_2: 0.0612  loss_dice_2: 0.82  loss_ce_3: 0.05298  loss_mask_3: 0.05672  loss_dice_3: 0.7264  loss_ce_4: 0.04377  loss_mask_4: 0.06309  loss_dice_4: 0.7461  loss_ce_5: 0.04177  loss_mask_5: 0.05161  loss_dice_5: 0.7192  loss_ce_6: 0.04356  loss_mask_6: 0.05537  loss_dice_6: 0.7969  loss_ce_7: 0.04183  loss_mask_7: 0.05286  loss_dice_7: 0.751  loss_ce_8: 0.04193  loss_mask_8: 0.05267  loss_dice_8: 0.773    time: 0.8906  last_time: 0.9059  data_time: 0.1898  last_data_time: 0.1898   lr: 4.7689e-05  max_mem: 13268M
[03/18 12:54:26 d2.utils.events]:  eta: 4:08:34  iter: 2779  total_loss: 10.01  loss_ce: 0.09953  loss_mask: 0.03938  loss_dice: 0.9206  loss_ce_0: 0.2019  loss_mask_0: 0.05402  loss_dice_0: 0.8157  loss_ce_1: 0.09313  loss_mask_1: 0.04312  loss_dice_1: 0.7865  loss_ce_2: 0.05949  loss_mask_2: 0.04067  loss_dice_2: 0.9023  loss_ce_3: 0.05199  loss_mask_3: 0.03823  loss_dice_3: 0.8604  loss_ce_4: 0.1182  loss_mask_4: 0.03909  loss_dice_4: 0.8554  loss_ce_5: 0.06137  loss_mask_5: 0.03872  loss_dice_5: 0.9605  loss_ce_6: 0.1121  loss_mask_6: 0.03532  loss_dice_6: 0.7681  loss_ce_7: 0.1071  loss_mask_7: 0.03474  loss_dice_7: 0.8279  loss_ce_8: 0.08931  loss_mask_8: 0.03748  loss_dice_8: 0.9189    time: 0.8905  last_time: 0.8752  data_time: 0.1612  last_data_time: 0.1612   lr: 4.7656e-05  max_mem: 13268M
[03/18 12:54:44 d2.utils.events]:  eta: 4:08:21  iter: 2799  total_loss: 12.88  loss_ce: 0.0802  loss_mask: 0.04966  loss_dice: 0.9211  loss_ce_0: 0.1449  loss_mask_0: 0.06435  loss_dice_0: 1.257  loss_ce_1: 0.08512  loss_mask_1: 0.06054  loss_dice_1: 1.235  loss_ce_2: 0.07631  loss_mask_2: 0.06678  loss_dice_2: 1.291  loss_ce_3: 0.1401  loss_mask_3: 0.06559  loss_dice_3: 1.118  loss_ce_4: 0.2048  loss_mask_4: 0.05586  loss_dice_4: 1.141  loss_ce_5: 0.1901  loss_mask_5: 0.04872  loss_dice_5: 1.116  loss_ce_6: 0.07182  loss_mask_6: 0.07653  loss_dice_6: 1.159  loss_ce_7: 0.07986  loss_mask_7: 0.05167  loss_dice_7: 1.052  loss_ce_8: 0.08122  loss_mask_8: 0.04415  loss_dice_8: 0.8501    time: 0.8908  last_time: 0.8584  data_time: 0.1389  last_data_time: 0.1389   lr: 4.7622e-05  max_mem: 13268M
[03/18 12:55:02 d2.utils.events]:  eta: 4:08:06  iter: 2819  total_loss: 19.8  loss_ce: 0.1479  loss_mask: 0.07504  loss_dice: 1.615  loss_ce_0: 0.3747  loss_mask_0: 0.08875  loss_dice_0: 1.935  loss_ce_1: 0.1982  loss_mask_1: 0.09531  loss_dice_1: 1.725  loss_ce_2: 0.268  loss_mask_2: 0.07119  loss_dice_2: 1.615  loss_ce_3: 0.1481  loss_mask_3: 0.08378  loss_dice_3: 1.809  loss_ce_4: 0.1818  loss_mask_4: 0.07476  loss_dice_4: 1.722  loss_ce_5: 0.1596  loss_mask_5: 0.06866  loss_dice_5: 1.539  loss_ce_6: 0.2063  loss_mask_6: 0.07391  loss_dice_6: 1.684  loss_ce_7: 0.21  loss_mask_7: 0.06463  loss_dice_7: 1.619  loss_ce_8: 0.2061  loss_mask_8: 0.07467  loss_dice_8: 1.662    time: 0.8907  last_time: 0.9513  data_time: 0.2360  last_data_time: 0.2360   lr: 4.7589e-05  max_mem: 13268M
[03/18 12:55:20 d2.utils.events]:  eta: 4:07:47  iter: 2839  total_loss: 14.12  loss_ce: 0.049  loss_mask: 0.06948  loss_dice: 1.296  loss_ce_0: 0.4404  loss_mask_0: 0.06468  loss_dice_0: 1.349  loss_ce_1: 0.09061  loss_mask_1: 0.0593  loss_dice_1: 1.359  loss_ce_2: 0.1007  loss_mask_2: 0.06836  loss_dice_2: 1.207  loss_ce_3: 0.04603  loss_mask_3: 0.05114  loss_dice_3: 1.321  loss_ce_4: 0.05156  loss_mask_4: 0.05311  loss_dice_4: 1.202  loss_ce_5: 0.0629  loss_mask_5: 0.05149  loss_dice_5: 1.264  loss_ce_6: 0.05751  loss_mask_6: 0.05635  loss_dice_6: 1.216  loss_ce_7: 0.05748  loss_mask_7: 0.05338  loss_dice_7: 1.201  loss_ce_8: 0.046  loss_mask_8: 0.05726  loss_dice_8: 1.12    time: 0.8906  last_time: 0.8775  data_time: 0.1718  last_data_time: 0.1718   lr: 4.7555e-05  max_mem: 13268M
[03/18 12:55:37 d2.utils.events]:  eta: 4:07:22  iter: 2859  total_loss: 7.623  loss_ce: 0.03408  loss_mask: 0.05011  loss_dice: 0.5952  loss_ce_0: 0.3709  loss_mask_0: 0.07827  loss_dice_0: 0.6864  loss_ce_1: 0.06332  loss_mask_1: 0.05187  loss_dice_1: 0.6736  loss_ce_2: 0.04745  loss_mask_2: 0.04742  loss_dice_2: 0.5831  loss_ce_3: 0.04208  loss_mask_3: 0.04329  loss_dice_3: 0.5177  loss_ce_4: 0.03728  loss_mask_4: 0.05302  loss_dice_4: 0.8689  loss_ce_5: 0.04164  loss_mask_5: 0.05017  loss_dice_5: 0.7048  loss_ce_6: 0.03649  loss_mask_6: 0.0435  loss_dice_6: 0.6175  loss_ce_7: 0.03748  loss_mask_7: 0.04886  loss_dice_7: 0.5627  loss_ce_8: 0.03408  loss_mask_8: 0.04314  loss_dice_8: 0.5584    time: 0.8905  last_time: 0.8753  data_time: 0.1565  last_data_time: 0.1565   lr: 4.7521e-05  max_mem: 13268M
[03/18 12:55:55 d2.utils.events]:  eta: 4:06:58  iter: 2879  total_loss: 13.55  loss_ce: 0.05525  loss_mask: 0.07929  loss_dice: 1.141  loss_ce_0: 0.3108  loss_mask_0: 0.08144  loss_dice_0: 1.29  loss_ce_1: 0.1504  loss_mask_1: 0.07384  loss_dice_1: 1.14  loss_ce_2: 0.1179  loss_mask_2: 0.09059  loss_dice_2: 1.202  loss_ce_3: 0.06302  loss_mask_3: 0.0889  loss_dice_3: 1.214  loss_ce_4: 0.06361  loss_mask_4: 0.07411  loss_dice_4: 1.111  loss_ce_5: 0.06132  loss_mask_5: 0.08416  loss_dice_5: 1.215  loss_ce_6: 0.06102  loss_mask_6: 0.07864  loss_dice_6: 1.152  loss_ce_7: 0.04547  loss_mask_7: 0.07203  loss_dice_7: 1.121  loss_ce_8: 0.05524  loss_mask_8: 0.07444  loss_dice_8: 1.184    time: 0.8904  last_time: 0.8877  data_time: 0.1718  last_data_time: 0.1718   lr: 4.7487e-05  max_mem: 13268M
[03/18 12:56:14 d2.utils.events]:  eta: 4:06:55  iter: 2899  total_loss: 15.94  loss_ce: 0.1678  loss_mask: 0.05453  loss_dice: 1.297  loss_ce_0: 0.1723  loss_mask_0: 0.07244  loss_dice_0: 1.56  loss_ce_1: 0.1326  loss_mask_1: 0.05276  loss_dice_1: 1.361  loss_ce_2: 0.08871  loss_mask_2: 0.07009  loss_dice_2: 1.379  loss_ce_3: 0.06073  loss_mask_3: 0.05695  loss_dice_3: 1.226  loss_ce_4: 0.06592  loss_mask_4: 0.06688  loss_dice_4: 1.682  loss_ce_5: 0.0658  loss_mask_5: 0.05834  loss_dice_5: 1.743  loss_ce_6: 0.118  loss_mask_6: 0.06095  loss_dice_6: 1.367  loss_ce_7: 0.1076  loss_mask_7: 0.0642  loss_dice_7: 1.312  loss_ce_8: 0.05714  loss_mask_8: 0.05673  loss_dice_8: 1.367    time: 0.8907  last_time: 0.9407  data_time: 0.2339  last_data_time: 0.2339   lr: 4.7452e-05  max_mem: 13268M
[03/18 12:56:32 d2.utils.events]:  eta: 4:06:38  iter: 2919  total_loss: 11.85  loss_ce: 0.03527  loss_mask: 0.05332  loss_dice: 1.076  loss_ce_0: 0.2905  loss_mask_0: 0.05329  loss_dice_0: 1.03  loss_ce_1: 0.1135  loss_mask_1: 0.06107  loss_dice_1: 1.094  loss_ce_2: 0.07565  loss_mask_2: 0.04954  loss_dice_2: 1.036  loss_ce_3: 0.07279  loss_mask_3: 0.05758  loss_dice_3: 1.06  loss_ce_4: 0.05292  loss_mask_4: 0.05837  loss_dice_4: 1.107  loss_ce_5: 0.04108  loss_mask_5: 0.05519  loss_dice_5: 1.073  loss_ce_6: 0.04778  loss_mask_6: 0.06393  loss_dice_6: 1.014  loss_ce_7: 0.07557  loss_mask_7: 0.05183  loss_dice_7: 1.054  loss_ce_8: 0.09048  loss_mask_8: 0.04384  loss_dice_8: 0.8643    time: 0.8906  last_time: 0.8332  data_time: 0.1251  last_data_time: 0.1251   lr: 4.7418e-05  max_mem: 13268M
[03/18 12:56:49 d2.utils.events]:  eta: 4:06:21  iter: 2939  total_loss: 8.482  loss_ce: 0.02721  loss_mask: 0.04567  loss_dice: 0.8156  loss_ce_0: 0.1996  loss_mask_0: 0.06179  loss_dice_0: 0.7982  loss_ce_1: 0.03448  loss_mask_1: 0.04559  loss_dice_1: 0.7482  loss_ce_2: 0.03242  loss_mask_2: 0.04588  loss_dice_2: 0.8398  loss_ce_3: 0.02878  loss_mask_3: 0.04292  loss_dice_3: 0.7673  loss_ce_4: 0.0296  loss_mask_4: 0.04482  loss_dice_4: 0.6797  loss_ce_5: 0.02785  loss_mask_5: 0.04362  loss_dice_5: 0.6941  loss_ce_6: 0.03082  loss_mask_6: 0.0479  loss_dice_6: 0.7104  loss_ce_7: 0.02588  loss_mask_7: 0.04946  loss_dice_7: 0.7121  loss_ce_8: 0.02823  loss_mask_8: 0.04237  loss_dice_8: 0.7812    time: 0.8906  last_time: 0.9382  data_time: 0.2299  last_data_time: 0.2299   lr: 4.7383e-05  max_mem: 13268M
[03/18 12:57:07 d2.utils.events]:  eta: 4:06:05  iter: 2959  total_loss: 13.13  loss_ce: 0.0276  loss_mask: 0.06949  loss_dice: 1.188  loss_ce_0: 0.2596  loss_mask_0: 0.07261  loss_dice_0: 1.159  loss_ce_1: 0.139  loss_mask_1: 0.07319  loss_dice_1: 1.007  loss_ce_2: 0.06833  loss_mask_2: 0.07306  loss_dice_2: 1.195  loss_ce_3: 0.02988  loss_mask_3: 0.07277  loss_dice_3: 1.293  loss_ce_4: 0.07988  loss_mask_4: 0.06851  loss_dice_4: 1.285  loss_ce_5: 0.02759  loss_mask_5: 0.08919  loss_dice_5: 1.135  loss_ce_6: 0.02685  loss_mask_6: 0.08634  loss_dice_6: 1.174  loss_ce_7: 0.02452  loss_mask_7: 0.06384  loss_dice_7: 1.205  loss_ce_8: 0.02799  loss_mask_8: 0.06093  loss_dice_8: 1.05    time: 0.8906  last_time: 0.8960  data_time: 0.1656  last_data_time: 0.1656   lr: 4.7348e-05  max_mem: 13268M
[03/18 12:57:26 d2.utils.events]:  eta: 4:05:50  iter: 2979  total_loss: 9.01  loss_ce: 0.03169  loss_mask: 0.05978  loss_dice: 0.7438  loss_ce_0: 0.2772  loss_mask_0: 0.07914  loss_dice_0: 0.8804  loss_ce_1: 0.03812  loss_mask_1: 0.05537  loss_dice_1: 0.8045  loss_ce_2: 0.05741  loss_mask_2: 0.06113  loss_dice_2: 0.7053  loss_ce_3: 0.0432  loss_mask_3: 0.05842  loss_dice_3: 0.8107  loss_ce_4: 0.03851  loss_mask_4: 0.05907  loss_dice_4: 0.7479  loss_ce_5: 0.03739  loss_mask_5: 0.07076  loss_dice_5: 0.7774  loss_ce_6: 0.03324  loss_mask_6: 0.05961  loss_dice_6: 0.8608  loss_ce_7: 0.03253  loss_mask_7: 0.05924  loss_dice_7: 0.688  loss_ce_8: 0.03142  loss_mask_8: 0.05961  loss_dice_8: 0.7486    time: 0.8906  last_time: 0.9558  data_time: 0.2320  last_data_time: 0.2320   lr: 4.7312e-05  max_mem: 13268M
[03/18 12:57:44 d2.utils.events]:  eta: 4:05:26  iter: 2999  total_loss: 14.96  loss_ce: 0.1709  loss_mask: 0.05969  loss_dice: 1.13  loss_ce_0: 0.3039  loss_mask_0: 0.0716  loss_dice_0: 1.435  loss_ce_1: 0.1315  loss_mask_1: 0.06534  loss_dice_1: 1.173  loss_ce_2: 0.09423  loss_mask_2: 0.0635  loss_dice_2: 1.342  loss_ce_3: 0.1108  loss_mask_3: 0.07904  loss_dice_3: 1.314  loss_ce_4: 0.07821  loss_mask_4: 0.07589  loss_dice_4: 1.357  loss_ce_5: 0.1049  loss_mask_5: 0.08179  loss_dice_5: 1.232  loss_ce_6: 0.101  loss_mask_6: 0.07763  loss_dice_6: 1.327  loss_ce_7: 0.1003  loss_mask_7: 0.07839  loss_dice_7: 1.496  loss_ce_8: 0.09804  loss_mask_8: 0.06768  loss_dice_8: 1.14    time: 0.8906  last_time: 0.8349  data_time: 0.1192  last_data_time: 0.1192   lr: 4.7277e-05  max_mem: 13268M
[03/18 12:58:01 d2.utils.events]:  eta: 4:05:13  iter: 3019  total_loss: 8.705  loss_ce: 0.06061  loss_mask: 0.04232  loss_dice: 0.6687  loss_ce_0: 0.3214  loss_mask_0: 0.06942  loss_dice_0: 0.8797  loss_ce_1: 0.1822  loss_mask_1: 0.05294  loss_dice_1: 0.8063  loss_ce_2: 0.08036  loss_mask_2: 0.05242  loss_dice_2: 0.8374  loss_ce_3: 0.06184  loss_mask_3: 0.04484  loss_dice_3: 0.6981  loss_ce_4: 0.06713  loss_mask_4: 0.04803  loss_dice_4: 0.6891  loss_ce_5: 0.06707  loss_mask_5: 0.0479  loss_dice_5: 0.7  loss_ce_6: 0.05544  loss_mask_6: 0.04661  loss_dice_6: 0.5871  loss_ce_7: 0.05897  loss_mask_7: 0.04507  loss_dice_7: 0.7067  loss_ce_8: 0.0586  loss_mask_8: 0.04286  loss_dice_8: 0.6258    time: 0.8906  last_time: 0.8722  data_time: 0.1417  last_data_time: 0.1417   lr: 4.7241e-05  max_mem: 13268M
[03/18 12:58:19 d2.utils.events]:  eta: 4:04:58  iter: 3039  total_loss: 11.22  loss_ce: 0.03543  loss_mask: 0.06594  loss_dice: 0.9212  loss_ce_0: 0.1428  loss_mask_0: 0.07897  loss_dice_0: 1.205  loss_ce_1: 0.05031  loss_mask_1: 0.07448  loss_dice_1: 0.9601  loss_ce_2: 0.04438  loss_mask_2: 0.06839  loss_dice_2: 0.9721  loss_ce_3: 0.04402  loss_mask_3: 0.08143  loss_dice_3: 0.9508  loss_ce_4: 0.03821  loss_mask_4: 0.07761  loss_dice_4: 1.083  loss_ce_5: 0.03058  loss_mask_5: 0.086  loss_dice_5: 1.005  loss_ce_6: 0.03376  loss_mask_6: 0.07206  loss_dice_6: 1.031  loss_ce_7: 0.03215  loss_mask_7: 0.0794  loss_dice_7: 0.8706  loss_ce_8: 0.035  loss_mask_8: 0.06792  loss_dice_8: 0.9778    time: 0.8905  last_time: 0.8864  data_time: 0.1594  last_data_time: 0.1594   lr: 4.7205e-05  max_mem: 13268M
[03/18 12:58:37 d2.utils.events]:  eta: 4:04:42  iter: 3059  total_loss: 17.69  loss_ce: 0.2461  loss_mask: 0.08095  loss_dice: 1.689  loss_ce_0: 0.4037  loss_mask_0: 0.1053  loss_dice_0: 1.487  loss_ce_1: 0.1316  loss_mask_1: 0.07469  loss_dice_1: 1.392  loss_ce_2: 0.1435  loss_mask_2: 0.06384  loss_dice_2: 1.465  loss_ce_3: 0.1655  loss_mask_3: 0.07897  loss_dice_3: 1.536  loss_ce_4: 0.1744  loss_mask_4: 0.07755  loss_dice_4: 1.462  loss_ce_5: 0.154  loss_mask_5: 0.07178  loss_dice_5: 1.588  loss_ce_6: 0.216  loss_mask_6: 0.0767  loss_dice_6: 1.41  loss_ce_7: 0.183  loss_mask_7: 0.08622  loss_dice_7: 1.44  loss_ce_8: 0.1423  loss_mask_8: 0.07976  loss_dice_8: 1.47    time: 0.8905  last_time: 0.8925  data_time: 0.1764  last_data_time: 0.1764   lr: 4.7169e-05  max_mem: 13268M
[03/18 12:58:55 d2.utils.events]:  eta: 4:04:24  iter: 3079  total_loss: 11.49  loss_ce: 0.06945  loss_mask: 0.05491  loss_dice: 0.9255  loss_ce_0: 0.3345  loss_mask_0: 0.09308  loss_dice_0: 1.048  loss_ce_1: 0.1712  loss_mask_1: 0.04992  loss_dice_1: 1.145  loss_ce_2: 0.09138  loss_mask_2: 0.04918  loss_dice_2: 0.915  loss_ce_3: 0.07743  loss_mask_3: 0.04622  loss_dice_3: 0.882  loss_ce_4: 0.03985  loss_mask_4: 0.0492  loss_dice_4: 0.9257  loss_ce_5: 0.05941  loss_mask_5: 0.04914  loss_dice_5: 0.9964  loss_ce_6: 0.06257  loss_mask_6: 0.05147  loss_dice_6: 0.9654  loss_ce_7: 0.1086  loss_mask_7: 0.04838  loss_dice_7: 1.15  loss_ce_8: 0.06983  loss_mask_8: 0.05344  loss_dice_8: 0.9039    time: 0.8905  last_time: 0.8725  data_time: 0.1617  last_data_time: 0.1617   lr: 4.7133e-05  max_mem: 13268M
[03/18 12:59:13 d2.utils.events]:  eta: 4:04:02  iter: 3099  total_loss: 7.084  loss_ce: 0.1083  loss_mask: 0.0247  loss_dice: 0.6549  loss_ce_0: 0.1487  loss_mask_0: 0.03574  loss_dice_0: 0.7264  loss_ce_1: 0.1298  loss_mask_1: 0.02013  loss_dice_1: 0.7275  loss_ce_2: 0.1232  loss_mask_2: 0.0265  loss_dice_2: 0.3138  loss_ce_3: 0.1123  loss_mask_3: 0.02245  loss_dice_3: 0.6685  loss_ce_4: 0.1155  loss_mask_4: 0.02472  loss_dice_4: 0.2995  loss_ce_5: 0.065  loss_mask_5: 0.02674  loss_dice_5: 0.831  loss_ce_6: 0.07466  loss_mask_6: 0.02308  loss_dice_6: 0.5784  loss_ce_7: 0.06946  loss_mask_7: 0.02509  loss_dice_7: 0.6598  loss_ce_8: 0.1173  loss_mask_8: 0.0233  loss_dice_8: 0.308    time: 0.8906  last_time: 0.9376  data_time: 0.2314  last_data_time: 0.2314   lr: 4.7096e-05  max_mem: 13268M
[03/18 12:59:32 d2.utils.events]:  eta: 4:03:47  iter: 3119  total_loss: 14.53  loss_ce: 0.07771  loss_mask: 0.03996  loss_dice: 1.397  loss_ce_0: 0.2835  loss_mask_0: 0.05953  loss_dice_0: 1.572  loss_ce_1: 0.06556  loss_mask_1: 0.04968  loss_dice_1: 1.483  loss_ce_2: 0.08875  loss_mask_2: 0.04199  loss_dice_2: 1.275  loss_ce_3: 0.08512  loss_mask_3: 0.03703  loss_dice_3: 1.241  loss_ce_4: 0.0622  loss_mask_4: 0.03748  loss_dice_4: 1.286  loss_ce_5: 0.06685  loss_mask_5: 0.04196  loss_dice_5: 1.338  loss_ce_6: 0.06352  loss_mask_6: 0.0355  loss_dice_6: 1.273  loss_ce_7: 0.06427  loss_mask_7: 0.0339  loss_dice_7: 1.192  loss_ce_8: 0.06328  loss_mask_8: 0.03349  loss_dice_8: 1.141    time: 0.8907  last_time: 0.8580  data_time: 0.1604  last_data_time: 0.1604   lr: 4.7059e-05  max_mem: 13268M
[03/18 12:59:49 d2.utils.events]:  eta: 4:03:28  iter: 3139  total_loss: 12.59  loss_ce: 0.101  loss_mask: 0.1054  loss_dice: 1.006  loss_ce_0: 0.3527  loss_mask_0: 0.1225  loss_dice_0: 1.235  loss_ce_1: 0.1349  loss_mask_1: 0.1042  loss_dice_1: 1.217  loss_ce_2: 0.1208  loss_mask_2: 0.08611  loss_dice_2: 1.128  loss_ce_3: 0.1077  loss_mask_3: 0.08332  loss_dice_3: 0.9202  loss_ce_4: 0.1004  loss_mask_4: 0.09707  loss_dice_4: 1.057  loss_ce_5: 0.1086  loss_mask_5: 0.09177  loss_dice_5: 1.008  loss_ce_6: 0.09628  loss_mask_6: 0.09316  loss_dice_6: 0.9526  loss_ce_7: 0.09214  loss_mask_7: 0.08915  loss_dice_7: 0.9183  loss_ce_8: 0.09041  loss_mask_8: 0.08429  loss_dice_8: 0.8819    time: 0.8905  last_time: 0.9224  data_time: 0.2190  last_data_time: 0.2190   lr: 4.7022e-05  max_mem: 13268M
[03/18 13:00:07 d2.utils.events]:  eta: 4:03:05  iter: 3159  total_loss: 15.61  loss_ce: 0.08013  loss_mask: 0.05501  loss_dice: 1.485  loss_ce_0: 0.2213  loss_mask_0: 0.06748  loss_dice_0: 1.367  loss_ce_1: 0.06561  loss_mask_1: 0.07278  loss_dice_1: 1.532  loss_ce_2: 0.1301  loss_mask_2: 0.07805  loss_dice_2: 1.229  loss_ce_3: 0.09153  loss_mask_3: 0.06008  loss_dice_3: 1.478  loss_ce_4: 0.07537  loss_mask_4: 0.07493  loss_dice_4: 1.501  loss_ce_5: 0.1401  loss_mask_5: 0.06414  loss_dice_5: 1.293  loss_ce_6: 0.06943  loss_mask_6: 0.06696  loss_dice_6: 1.377  loss_ce_7: 0.122  loss_mask_7: 0.06069  loss_dice_7: 1.251  loss_ce_8: 0.07481  loss_mask_8: 0.07001  loss_dice_8: 1.355    time: 0.8905  last_time: 0.8862  data_time: 0.1822  last_data_time: 0.1822   lr: 4.6985e-05  max_mem: 13268M
[03/18 13:00:26 d2.utils.events]:  eta: 4:02:50  iter: 3179  total_loss: 8.58  loss_ce: 0.06409  loss_mask: 0.02758  loss_dice: 0.5603  loss_ce_0: 0.2334  loss_mask_0: 0.03733  loss_dice_0: 0.8222  loss_ce_1: 0.07834  loss_mask_1: 0.03887  loss_dice_1: 0.8478  loss_ce_2: 0.1194  loss_mask_2: 0.03484  loss_dice_2: 0.8101  loss_ce_3: 0.06917  loss_mask_3: 0.0333  loss_dice_3: 0.706  loss_ce_4: 0.06418  loss_mask_4: 0.0358  loss_dice_4: 0.8653  loss_ce_5: 0.06281  loss_mask_5: 0.02776  loss_dice_5: 0.6477  loss_ce_6: 0.05862  loss_mask_6: 0.03471  loss_dice_6: 0.5873  loss_ce_7: 0.06345  loss_mask_7: 0.03745  loss_dice_7: 0.742  loss_ce_8: 0.06323  loss_mask_8: 0.03226  loss_dice_8: 0.7747    time: 0.8909  last_time: 1.3320  data_time: 0.6126  last_data_time: 0.6126   lr: 4.6947e-05  max_mem: 13268M
[03/18 13:00:43 d2.utils.events]:  eta: 4:02:36  iter: 3199  total_loss: 10.73  loss_ce: 0.03401  loss_mask: 0.04159  loss_dice: 0.9607  loss_ce_0: 0.1543  loss_mask_0: 0.08773  loss_dice_0: 1.261  loss_ce_1: 0.05324  loss_mask_1: 0.04091  loss_dice_1: 0.8619  loss_ce_2: 0.1192  loss_mask_2: 0.03881  loss_dice_2: 0.9995  loss_ce_3: 0.04311  loss_mask_3: 0.04138  loss_dice_3: 0.7993  loss_ce_4: 0.1005  loss_mask_4: 0.03453  loss_dice_4: 0.8961  loss_ce_5: 0.04273  loss_mask_5: 0.04126  loss_dice_5: 0.9835  loss_ce_6: 0.04493  loss_mask_6: 0.04454  loss_dice_6: 0.9671  loss_ce_7: 0.04224  loss_mask_7: 0.04065  loss_dice_7: 0.9504  loss_ce_8: 0.0354  loss_mask_8: 0.03813  loss_dice_8: 0.9335    time: 0.8907  last_time: 0.8023  data_time: 0.0708  last_data_time: 0.0708   lr: 4.691e-05  max_mem: 13268M
[03/18 13:01:02 d2.utils.events]:  eta: 4:02:22  iter: 3219  total_loss: 10.59  loss_ce: 0.1188  loss_mask: 0.05514  loss_dice: 0.8656  loss_ce_0: 0.4652  loss_mask_0: 0.06001  loss_dice_0: 0.9113  loss_ce_1: 0.1363  loss_mask_1: 0.06845  loss_dice_1: 0.8746  loss_ce_2: 0.1111  loss_mask_2: 0.05687  loss_dice_2: 0.8556  loss_ce_3: 0.07535  loss_mask_3: 0.06128  loss_dice_3: 0.9009  loss_ce_4: 0.05588  loss_mask_4: 0.05378  loss_dice_4: 0.835  loss_ce_5: 0.1077  loss_mask_5: 0.0535  loss_dice_5: 0.8097  loss_ce_6: 0.05801  loss_mask_6: 0.049  loss_dice_6: 0.8764  loss_ce_7: 0.0872  loss_mask_7: 0.05256  loss_dice_7: 0.8361  loss_ce_8: 0.0937  loss_mask_8: 0.06092  loss_dice_8: 0.9424    time: 0.8908  last_time: 1.2081  data_time: 0.4515  last_data_time: 0.4515   lr: 4.6872e-05  max_mem: 13268M
[03/18 13:01:19 d2.utils.events]:  eta: 4:02:09  iter: 3239  total_loss: 8.767  loss_ce: 0.02836  loss_mask: 0.04392  loss_dice: 0.8357  loss_ce_0: 0.1871  loss_mask_0: 0.04835  loss_dice_0: 0.8037  loss_ce_1: 0.03798  loss_mask_1: 0.03635  loss_dice_1: 0.6141  loss_ce_2: 0.04073  loss_mask_2: 0.0387  loss_dice_2: 0.7335  loss_ce_3: 0.0325  loss_mask_3: 0.04226  loss_dice_3: 0.7821  loss_ce_4: 0.03148  loss_mask_4: 0.04738  loss_dice_4: 0.7853  loss_ce_5: 0.0302  loss_mask_5: 0.04136  loss_dice_5: 0.811  loss_ce_6: 0.02779  loss_mask_6: 0.03901  loss_dice_6: 0.87  loss_ce_7: 0.028  loss_mask_7: 0.03917  loss_dice_7: 0.8639  loss_ce_8: 0.02873  loss_mask_8: 0.04307  loss_dice_8: 0.7756    time: 0.8908  last_time: 0.8886  data_time: 0.1722  last_data_time: 0.1722   lr: 4.6833e-05  max_mem: 13268M
[03/18 13:01:37 d2.utils.events]:  eta: 4:02:05  iter: 3259  total_loss: 16.7  loss_ce: 0.2318  loss_mask: 0.06169  loss_dice: 1.438  loss_ce_0: 0.3062  loss_mask_0: 0.06146  loss_dice_0: 1.296  loss_ce_1: 0.2964  loss_mask_1: 0.1059  loss_dice_1: 1.452  loss_ce_2: 0.2592  loss_mask_2: 0.04694  loss_dice_2: 1.168  loss_ce_3: 0.3631  loss_mask_3: 0.06591  loss_dice_3: 1.306  loss_ce_4: 0.2288  loss_mask_4: 0.06648  loss_dice_4: 1.313  loss_ce_5: 0.2401  loss_mask_5: 0.07525  loss_dice_5: 1.612  loss_ce_6: 0.225  loss_mask_6: 0.07341  loss_dice_6: 1.367  loss_ce_7: 0.1876  loss_mask_7: 0.06152  loss_dice_7: 1.253  loss_ce_8: 0.203  loss_mask_8: 0.05338  loss_dice_8: 1.279    time: 0.8907  last_time: 0.9067  data_time: 0.1934  last_data_time: 0.1934   lr: 4.6795e-05  max_mem: 13268M
[03/18 13:01:55 d2.utils.events]:  eta: 4:01:30  iter: 3279  total_loss: 13.63  loss_ce: 0.04495  loss_mask: 0.07167  loss_dice: 1.258  loss_ce_0: 0.2646  loss_mask_0: 0.09184  loss_dice_0: 1.516  loss_ce_1: 0.1262  loss_mask_1: 0.06776  loss_dice_1: 1.159  loss_ce_2: 0.097  loss_mask_2: 0.05734  loss_dice_2: 1.097  loss_ce_3: 0.1282  loss_mask_3: 0.06253  loss_dice_3: 1.2  loss_ce_4: 0.07272  loss_mask_4: 0.05265  loss_dice_4: 1.19  loss_ce_5: 0.07415  loss_mask_5: 0.04938  loss_dice_5: 1.092  loss_ce_6: 0.07309  loss_mask_6: 0.06063  loss_dice_6: 1.065  loss_ce_7: 0.0847  loss_mask_7: 0.05614  loss_dice_7: 1.047  loss_ce_8: 0.04745  loss_mask_8: 0.07047  loss_dice_8: 1.357    time: 0.8905  last_time: 0.9055  data_time: 0.1865  last_data_time: 0.1865   lr: 4.6757e-05  max_mem: 13268M
[03/18 13:02:13 d2.utils.events]:  eta: 4:01:14  iter: 3299  total_loss: 13.68  loss_ce: 0.06164  loss_mask: 0.07713  loss_dice: 1.06  loss_ce_0: 0.3453  loss_mask_0: 0.1188  loss_dice_0: 1.249  loss_ce_1: 0.07678  loss_mask_1: 0.06582  loss_dice_1: 1.105  loss_ce_2: 0.1071  loss_mask_2: 0.06643  loss_dice_2: 1.33  loss_ce_3: 0.09341  loss_mask_3: 0.06134  loss_dice_3: 1.086  loss_ce_4: 0.0763  loss_mask_4: 0.08809  loss_dice_4: 1.231  loss_ce_5: 0.09033  loss_mask_5: 0.05236  loss_dice_5: 1.086  loss_ce_6: 0.04746  loss_mask_6: 0.08335  loss_dice_6: 1.226  loss_ce_7: 0.09308  loss_mask_7: 0.07182  loss_dice_7: 1.426  loss_ce_8: 0.09631  loss_mask_8: 0.05766  loss_dice_8: 1.049    time: 0.8906  last_time: 0.8555  data_time: 0.1272  last_data_time: 0.1272   lr: 4.6718e-05  max_mem: 13268M
[03/18 13:02:30 d2.utils.events]:  eta: 4:01:00  iter: 3319  total_loss: 13.09  loss_ce: 0.1193  loss_mask: 0.03904  loss_dice: 1.02  loss_ce_0: 0.3162  loss_mask_0: 0.05367  loss_dice_0: 1.441  loss_ce_1: 0.1944  loss_mask_1: 0.06093  loss_dice_1: 1.287  loss_ce_2: 0.158  loss_mask_2: 0.03561  loss_dice_2: 1.205  loss_ce_3: 0.1034  loss_mask_3: 0.03816  loss_dice_3: 1.025  loss_ce_4: 0.08111  loss_mask_4: 0.0377  loss_dice_4: 1.078  loss_ce_5: 0.075  loss_mask_5: 0.03616  loss_dice_5: 0.9786  loss_ce_6: 0.125  loss_mask_6: 0.03756  loss_dice_6: 0.9773  loss_ce_7: 0.09753  loss_mask_7: 0.04135  loss_dice_7: 1.332  loss_ce_8: 0.08902  loss_mask_8: 0.03432  loss_dice_8: 0.9763    time: 0.8904  last_time: 0.9353  data_time: 0.2171  last_data_time: 0.2171   lr: 4.6679e-05  max_mem: 13268M
[03/18 13:02:49 d2.utils.events]:  eta: 4:00:40  iter: 3339  total_loss: 15.09  loss_ce: 0.06881  loss_mask: 0.04208  loss_dice: 1.217  loss_ce_0: 0.2362  loss_mask_0: 0.06127  loss_dice_0: 1.581  loss_ce_1: 0.2451  loss_mask_1: 0.04399  loss_dice_1: 1.154  loss_ce_2: 0.1565  loss_mask_2: 0.04159  loss_dice_2: 1.423  loss_ce_3: 0.1545  loss_mask_3: 0.04874  loss_dice_3: 1.281  loss_ce_4: 0.1202  loss_mask_4: 0.05775  loss_dice_4: 1.381  loss_ce_5: 0.08888  loss_mask_5: 0.05179  loss_dice_5: 1.304  loss_ce_6: 0.07598  loss_mask_6: 0.03634  loss_dice_6: 1.324  loss_ce_7: 0.07764  loss_mask_7: 0.0379  loss_dice_7: 1.29  loss_ce_8: 0.102  loss_mask_8: 0.04307  loss_dice_8: 1.342    time: 0.8906  last_time: 0.8875  data_time: 0.1630  last_data_time: 0.1630   lr: 4.664e-05  max_mem: 13268M
[03/18 13:03:06 d2.utils.events]:  eta: 4:00:17  iter: 3359  total_loss: 14.36  loss_ce: 0.183  loss_mask: 0.04447  loss_dice: 1.177  loss_ce_0: 0.2098  loss_mask_0: 0.08487  loss_dice_0: 1.327  loss_ce_1: 0.2738  loss_mask_1: 0.05778  loss_dice_1: 1.082  loss_ce_2: 0.253  loss_mask_2: 0.04397  loss_dice_2: 1.144  loss_ce_3: 0.2076  loss_mask_3: 0.0413  loss_dice_3: 1.102  loss_ce_4: 0.1914  loss_mask_4: 0.04322  loss_dice_4: 1.183  loss_ce_5: 0.2081  loss_mask_5: 0.04843  loss_dice_5: 1.09  loss_ce_6: 0.1668  loss_mask_6: 0.05232  loss_dice_6: 1.412  loss_ce_7: 0.18  loss_mask_7: 0.04049  loss_dice_7: 0.9807  loss_ce_8: 0.1966  loss_mask_8: 0.04214  loss_dice_8: 1.297    time: 0.8904  last_time: 0.8251  data_time: 0.1044  last_data_time: 0.1044   lr: 4.66e-05  max_mem: 13268M
[03/18 13:03:24 d2.utils.events]:  eta: 4:00:00  iter: 3379  total_loss: 10.83  loss_ce: 0.0945  loss_mask: 0.03587  loss_dice: 0.8985  loss_ce_0: 0.1927  loss_mask_0: 0.05016  loss_dice_0: 0.9979  loss_ce_1: 0.1095  loss_mask_1: 0.03649  loss_dice_1: 0.9373  loss_ce_2: 0.1124  loss_mask_2: 0.05041  loss_dice_2: 1.134  loss_ce_3: 0.09652  loss_mask_3: 0.03861  loss_dice_3: 0.9618  loss_ce_4: 0.04055  loss_mask_4: 0.04586  loss_dice_4: 1.113  loss_ce_5: 0.03694  loss_mask_5: 0.03435  loss_dice_5: 0.8345  loss_ce_6: 0.03789  loss_mask_6: 0.03642  loss_dice_6: 0.8659  loss_ce_7: 0.1103  loss_mask_7: 0.0357  loss_dice_7: 0.906  loss_ce_8: 0.0423  loss_mask_8: 0.03961  loss_dice_8: 0.9054    time: 0.8904  last_time: 0.8663  data_time: 0.1443  last_data_time: 0.1443   lr: 4.656e-05  max_mem: 13268M
[03/18 13:03:42 d2.utils.events]:  eta: 3:59:41  iter: 3399  total_loss: 13.78  loss_ce: 0.1186  loss_mask: 0.03558  loss_dice: 1.121  loss_ce_0: 0.3273  loss_mask_0: 0.04945  loss_dice_0: 1.307  loss_ce_1: 0.1687  loss_mask_1: 0.03164  loss_dice_1: 1.092  loss_ce_2: 0.1692  loss_mask_2: 0.05266  loss_dice_2: 1.324  loss_ce_3: 0.1227  loss_mask_3: 0.04212  loss_dice_3: 1.158  loss_ce_4: 0.09164  loss_mask_4: 0.03102  loss_dice_4: 1.178  loss_ce_5: 0.1704  loss_mask_5: 0.03229  loss_dice_5: 1.25  loss_ce_6: 0.1471  loss_mask_6: 0.03345  loss_dice_6: 1.131  loss_ce_7: 0.101  loss_mask_7: 0.04353  loss_dice_7: 1.132  loss_ce_8: 0.1209  loss_mask_8: 0.04266  loss_dice_8: 1.15    time: 0.8906  last_time: 1.4807  data_time: 0.7566  last_data_time: 0.7566   lr: 4.6521e-05  max_mem: 13268M
[03/18 13:04:01 d2.utils.events]:  eta: 3:59:27  iter: 3419  total_loss: 10.27  loss_ce: 0.08856  loss_mask: 0.03039  loss_dice: 0.7157  loss_ce_0: 0.4748  loss_mask_0: 0.04927  loss_dice_0: 0.8358  loss_ce_1: 0.1022  loss_mask_1: 0.04638  loss_dice_1: 1.095  loss_ce_2: 0.06424  loss_mask_2: 0.03619  loss_dice_2: 1.04  loss_ce_3: 0.04326  loss_mask_3: 0.0368  loss_dice_3: 0.7109  loss_ce_4: 0.05633  loss_mask_4: 0.04529  loss_dice_4: 1.051  loss_ce_5: 0.04591  loss_mask_5: 0.03908  loss_dice_5: 0.8655  loss_ce_6: 0.06772  loss_mask_6: 0.03263  loss_dice_6: 0.8708  loss_ce_7: 0.07873  loss_mask_7: 0.0313  loss_dice_7: 0.7463  loss_ce_8: 0.0899  loss_mask_8: 0.03499  loss_dice_8: 0.8422    time: 0.8907  last_time: 0.9507  data_time: 0.2240  last_data_time: 0.2240   lr: 4.648e-05  max_mem: 13268M
[03/18 13:04:19 d2.utils.events]:  eta: 3:59:08  iter: 3439  total_loss: 9.406  loss_ce: 0.05525  loss_mask: 0.03485  loss_dice: 0.6594  loss_ce_0: 0.2124  loss_mask_0: 0.06368  loss_dice_0: 1.025  loss_ce_1: 0.1314  loss_mask_1: 0.04275  loss_dice_1: 0.7504  loss_ce_2: 0.07893  loss_mask_2: 0.04227  loss_dice_2: 0.8111  loss_ce_3: 0.07501  loss_mask_3: 0.0397  loss_dice_3: 0.878  loss_ce_4: 0.06356  loss_mask_4: 0.0418  loss_dice_4: 0.8816  loss_ce_5: 0.04854  loss_mask_5: 0.03925  loss_dice_5: 0.6616  loss_ce_6: 0.08947  loss_mask_6: 0.03982  loss_dice_6: 0.7314  loss_ce_7: 0.05061  loss_mask_7: 0.04282  loss_dice_7: 0.806  loss_ce_8: 0.04867  loss_mask_8: 0.04212  loss_dice_8: 0.9193    time: 0.8908  last_time: 0.8558  data_time: 0.1393  last_data_time: 0.1393   lr: 4.644e-05  max_mem: 13268M
[03/18 13:04:37 d2.utils.events]:  eta: 3:58:50  iter: 3459  total_loss: 12.44  loss_ce: 0.03148  loss_mask: 0.04996  loss_dice: 1.291  loss_ce_0: 0.1876  loss_mask_0: 0.05049  loss_dice_0: 1.277  loss_ce_1: 0.0547  loss_mask_1: 0.04412  loss_dice_1: 1.084  loss_ce_2: 0.06316  loss_mask_2: 0.03505  loss_dice_2: 0.8672  loss_ce_3: 0.03451  loss_mask_3: 0.04209  loss_dice_3: 0.9343  loss_ce_4: 0.04113  loss_mask_4: 0.04017  loss_dice_4: 1.338  loss_ce_5: 0.03046  loss_mask_5: 0.05881  loss_dice_5: 1.286  loss_ce_6: 0.03315  loss_mask_6: 0.04555  loss_dice_6: 1.15  loss_ce_7: 0.03116  loss_mask_7: 0.04775  loss_dice_7: 1.228  loss_ce_8: 0.03055  loss_mask_8: 0.04683  loss_dice_8: 0.9834    time: 0.8909  last_time: 0.8506  data_time: 0.1421  last_data_time: 0.1421   lr: 4.64e-05  max_mem: 13268M
[03/18 13:04:55 d2.utils.events]:  eta: 3:58:32  iter: 3479  total_loss: 14.39  loss_ce: 0.1564  loss_mask: 0.07715  loss_dice: 1.172  loss_ce_0: 0.2971  loss_mask_0: 0.1083  loss_dice_0: 1.54  loss_ce_1: 0.2029  loss_mask_1: 0.07341  loss_dice_1: 1.174  loss_ce_2: 0.2753  loss_mask_2: 0.0685  loss_dice_2: 1.058  loss_ce_3: 0.2016  loss_mask_3: 0.08332  loss_dice_3: 1.229  loss_ce_4: 0.1573  loss_mask_4: 0.08165  loss_dice_4: 1.201  loss_ce_5: 0.1525  loss_mask_5: 0.08161  loss_dice_5: 1.07  loss_ce_6: 0.1523  loss_mask_6: 0.07507  loss_dice_6: 1.07  loss_ce_7: 0.2275  loss_mask_7: 0.06206  loss_dice_7: 1.047  loss_ce_8: 0.2066  loss_mask_8: 0.0726  loss_dice_8: 1.02    time: 0.8908  last_time: 0.8614  data_time: 0.1379  last_data_time: 0.1379   lr: 4.6359e-05  max_mem: 13268M
[03/18 13:05:13 d2.utils.events]:  eta: 3:58:13  iter: 3499  total_loss: 9.574  loss_ce: 0.01858  loss_mask: 0.0511  loss_dice: 0.9606  loss_ce_0: 0.1212  loss_mask_0: 0.06131  loss_dice_0: 1.141  loss_ce_1: 0.01997  loss_mask_1: 0.04792  loss_dice_1: 0.9439  loss_ce_2: 0.01886  loss_mask_2: 0.0326  loss_dice_2: 0.9039  loss_ce_3: 0.01731  loss_mask_3: 0.03813  loss_dice_3: 0.7751  loss_ce_4: 0.01786  loss_mask_4: 0.04287  loss_dice_4: 0.9196  loss_ce_5: 0.01862  loss_mask_5: 0.04592  loss_dice_5: 0.8709  loss_ce_6: 0.01859  loss_mask_6: 0.04321  loss_dice_6: 0.7839  loss_ce_7: 0.01806  loss_mask_7: 0.04243  loss_dice_7: 0.924  loss_ce_8: 0.01818  loss_mask_8: 0.04196  loss_dice_8: 0.6168    time: 0.8908  last_time: 0.9390  data_time: 0.2401  last_data_time: 0.2401   lr: 4.6318e-05  max_mem: 13268M
[03/18 13:05:30 d2.utils.events]:  eta: 3:58:00  iter: 3519  total_loss: 16.92  loss_ce: 0.1786  loss_mask: 0.06606  loss_dice: 1.379  loss_ce_0: 0.3413  loss_mask_0: 0.07054  loss_dice_0: 1.568  loss_ce_1: 0.2067  loss_mask_1: 0.06639  loss_dice_1: 1.32  loss_ce_2: 0.1644  loss_mask_2: 0.06929  loss_dice_2: 1.579  loss_ce_3: 0.1862  loss_mask_3: 0.05079  loss_dice_3: 1.224  loss_ce_4: 0.1895  loss_mask_4: 0.05715  loss_dice_4: 1.64  loss_ce_5: 0.2013  loss_mask_5: 0.05802  loss_dice_5: 1.469  loss_ce_6: 0.184  loss_mask_6: 0.04592  loss_dice_6: 1.297  loss_ce_7: 0.1728  loss_mask_7: 0.07502  loss_dice_7: 1.429  loss_ce_8: 0.1944  loss_mask_8: 0.05398  loss_dice_8: 1.382    time: 0.8906  last_time: 0.8665  data_time: 0.1350  last_data_time: 0.1350   lr: 4.6277e-05  max_mem: 13268M
[03/18 13:05:48 d2.utils.events]:  eta: 3:57:40  iter: 3539  total_loss: 11.1  loss_ce: 0.09333  loss_mask: 0.09606  loss_dice: 0.8664  loss_ce_0: 0.307  loss_mask_0: 0.1518  loss_dice_0: 1.086  loss_ce_1: 0.1204  loss_mask_1: 0.1082  loss_dice_1: 0.8109  loss_ce_2: 0.1081  loss_mask_2: 0.09482  loss_dice_2: 0.8602  loss_ce_3: 0.04838  loss_mask_3: 0.09648  loss_dice_3: 0.8759  loss_ce_4: 0.04226  loss_mask_4: 0.09733  loss_dice_4: 0.8721  loss_ce_5: 0.05272  loss_mask_5: 0.1034  loss_dice_5: 0.9574  loss_ce_6: 0.03969  loss_mask_6: 0.1074  loss_dice_6: 0.9893  loss_ce_7: 0.04179  loss_mask_7: 0.09706  loss_dice_7: 0.9674  loss_ce_8: 0.03612  loss_mask_8: 0.1054  loss_dice_8: 0.8647    time: 0.8906  last_time: 0.9356  data_time: 0.2254  last_data_time: 0.2254   lr: 4.6236e-05  max_mem: 13268M
[03/18 13:06:05 d2.utils.events]:  eta: 3:57:07  iter: 3559  total_loss: 6.034  loss_ce: 0.0117  loss_mask: 0.02786  loss_dice: 0.6228  loss_ce_0: 0.1565  loss_mask_0: 0.04154  loss_dice_0: 0.6754  loss_ce_1: 0.02061  loss_mask_1: 0.02861  loss_dice_1: 0.479  loss_ce_2: 0.01436  loss_mask_2: 0.02205  loss_dice_2: 0.377  loss_ce_3: 0.01262  loss_mask_3: 0.02401  loss_dice_3: 0.5212  loss_ce_4: 0.01374  loss_mask_4: 0.02402  loss_dice_4: 0.5226  loss_ce_5: 0.01368  loss_mask_5: 0.02822  loss_dice_5: 0.6666  loss_ce_6: 0.01215  loss_mask_6: 0.02659  loss_dice_6: 0.5064  loss_ce_7: 0.01155  loss_mask_7: 0.02316  loss_dice_7: 0.5515  loss_ce_8: 0.01073  loss_mask_8: 0.02867  loss_dice_8: 0.5594    time: 0.8903  last_time: 0.8633  data_time: 0.1694  last_data_time: 0.1694   lr: 4.6194e-05  max_mem: 13268M
[03/18 13:06:23 d2.utils.events]:  eta: 3:56:41  iter: 3579  total_loss: 10.46  loss_ce: 0.02987  loss_mask: 0.041  loss_dice: 0.8875  loss_ce_0: 0.2428  loss_mask_0: 0.06402  loss_dice_0: 0.9363  loss_ce_1: 0.04527  loss_mask_1: 0.05683  loss_dice_1: 1.042  loss_ce_2: 0.044  loss_mask_2: 0.04878  loss_dice_2: 0.9887  loss_ce_3: 0.04502  loss_mask_3: 0.05088  loss_dice_3: 0.7586  loss_ce_4: 0.03556  loss_mask_4: 0.04178  loss_dice_4: 1.025  loss_ce_5: 0.03533  loss_mask_5: 0.04199  loss_dice_5: 0.9738  loss_ce_6: 0.02995  loss_mask_6: 0.04259  loss_dice_6: 0.851  loss_ce_7: 0.0304  loss_mask_7: 0.04762  loss_dice_7: 0.9796  loss_ce_8: 0.03019  loss_mask_8: 0.04619  loss_dice_8: 0.9679    time: 0.8902  last_time: 0.8576  data_time: 0.1326  last_data_time: 0.1326   lr: 4.6152e-05  max_mem: 13268M
[03/18 13:06:40 d2.utils.events]:  eta: 3:56:27  iter: 3599  total_loss: 18.34  loss_ce: 0.06202  loss_mask: 0.08218  loss_dice: 1.555  loss_ce_0: 0.2607  loss_mask_0: 0.1211  loss_dice_0: 1.586  loss_ce_1: 0.1129  loss_mask_1: 0.102  loss_dice_1: 1.593  loss_ce_2: 0.08166  loss_mask_2: 0.09334  loss_dice_2: 1.627  loss_ce_3: 0.06299  loss_mask_3: 0.1148  loss_dice_3: 1.933  loss_ce_4: 0.05154  loss_mask_4: 0.1126  loss_dice_4: 1.69  loss_ce_5: 0.05555  loss_mask_5: 0.1077  loss_dice_5: 1.686  loss_ce_6: 0.05899  loss_mask_6: 0.09881  loss_dice_6: 1.599  loss_ce_7: 0.05346  loss_mask_7: 0.0977  loss_dice_7: 1.76  loss_ce_8: 0.111  loss_mask_8: 0.09298  loss_dice_8: 1.376    time: 0.8901  last_time: 0.8641  data_time: 0.1533  last_data_time: 0.1533   lr: 4.611e-05  max_mem: 13268M
[03/18 13:07:00 d2.utils.events]:  eta: 3:56:06  iter: 3619  total_loss: 14.63  loss_ce: 0.07368  loss_mask: 0.06501  loss_dice: 1.336  loss_ce_0: 0.1499  loss_mask_0: 0.05818  loss_dice_0: 1.357  loss_ce_1: 0.1104  loss_mask_1: 0.08008  loss_dice_1: 1.455  loss_ce_2: 0.1116  loss_mask_2: 0.07174  loss_dice_2: 1.018  loss_ce_3: 0.1073  loss_mask_3: 0.06294  loss_dice_3: 1.049  loss_ce_4: 0.1026  loss_mask_4: 0.06899  loss_dice_4: 1.459  loss_ce_5: 0.07237  loss_mask_5: 0.07251  loss_dice_5: 1.526  loss_ce_6: 0.1402  loss_mask_6: 0.06639  loss_dice_6: 1.377  loss_ce_7: 0.08934  loss_mask_7: 0.05929  loss_dice_7: 1.079  loss_ce_8: 0.0808  loss_mask_8: 0.06875  loss_dice_8: 1.258    time: 0.8904  last_time: 0.8354  data_time: 0.1108  last_data_time: 0.1108   lr: 4.6068e-05  max_mem: 13268M
[03/18 13:07:18 d2.utils.events]:  eta: 3:56:08  iter: 3639  total_loss: 16.88  loss_ce: 0.1568  loss_mask: 0.1084  loss_dice: 1.313  loss_ce_0: 0.6937  loss_mask_0: 0.292  loss_dice_0: 1.747  loss_ce_1: 0.2085  loss_mask_1: 0.1422  loss_dice_1: 1.452  loss_ce_2: 0.166  loss_mask_2: 0.1425  loss_dice_2: 1.296  loss_ce_3: 0.121  loss_mask_3: 0.1538  loss_dice_3: 1.273  loss_ce_4: 0.1206  loss_mask_4: 0.1327  loss_dice_4: 1.185  loss_ce_5: 0.1004  loss_mask_5: 0.13  loss_dice_5: 1.244  loss_ce_6: 0.1783  loss_mask_6: 0.1498  loss_dice_6: 1.197  loss_ce_7: 0.1995  loss_mask_7: 0.1577  loss_dice_7: 1.266  loss_ce_8: 0.159  loss_mask_8: 0.1521  loss_dice_8: 1.246    time: 0.8904  last_time: 0.8833  data_time: 0.1687  last_data_time: 0.1687   lr: 4.6026e-05  max_mem: 13268M
[03/18 13:07:35 d2.utils.events]:  eta: 3:55:58  iter: 3659  total_loss: 8.784  loss_ce: 0.07931  loss_mask: 0.02701  loss_dice: 0.7476  loss_ce_0: 0.2935  loss_mask_0: 0.03114  loss_dice_0: 0.8675  loss_ce_1: 0.07812  loss_mask_1: 0.02976  loss_dice_1: 0.8171  loss_ce_2: 0.04274  loss_mask_2: 0.03367  loss_dice_2: 0.8116  loss_ce_3: 0.04848  loss_mask_3: 0.03305  loss_dice_3: 0.7344  loss_ce_4: 0.105  loss_mask_4: 0.02818  loss_dice_4: 0.6977  loss_ce_5: 0.03415  loss_mask_5: 0.02569  loss_dice_5: 0.8922  loss_ce_6: 0.08757  loss_mask_6: 0.02682  loss_dice_6: 0.632  loss_ce_7: 0.03012  loss_mask_7: 0.02756  loss_dice_7: 0.8804  loss_ce_8: 0.03314  loss_mask_8: 0.02511  loss_dice_8: 0.5838    time: 0.8904  last_time: 0.9033  data_time: 0.1811  last_data_time: 0.1811   lr: 4.5983e-05  max_mem: 13268M
[03/18 13:07:53 d2.utils.events]:  eta: 3:55:31  iter: 3679  total_loss: 12.26  loss_ce: 0.09915  loss_mask: 0.0559  loss_dice: 0.9633  loss_ce_0: 0.522  loss_mask_0: 0.07018  loss_dice_0: 1.423  loss_ce_1: 0.1996  loss_mask_1: 0.05268  loss_dice_1: 1.007  loss_ce_2: 0.1038  loss_mask_2: 0.06095  loss_dice_2: 0.9246  loss_ce_3: 0.1185  loss_mask_3: 0.05212  loss_dice_3: 0.9367  loss_ce_4: 0.08994  loss_mask_4: 0.04572  loss_dice_4: 0.9732  loss_ce_5: 0.1069  loss_mask_5: 0.05122  loss_dice_5: 1.006  loss_ce_6: 0.1313  loss_mask_6: 0.04946  loss_dice_6: 0.9973  loss_ce_7: 0.1005  loss_mask_7: 0.04684  loss_dice_7: 0.9218  loss_ce_8: 0.1142  loss_mask_8: 0.05324  loss_dice_8: 0.9783    time: 0.8904  last_time: 0.8580  data_time: 0.1498  last_data_time: 0.1498   lr: 4.594e-05  max_mem: 13268M
[03/18 13:08:11 d2.utils.events]:  eta: 3:55:00  iter: 3699  total_loss: 13  loss_ce: 0.09232  loss_mask: 0.05103  loss_dice: 1.023  loss_ce_0: 0.3705  loss_mask_0: 0.06498  loss_dice_0: 1.312  loss_ce_1: 0.1882  loss_mask_1: 0.05608  loss_dice_1: 0.9909  loss_ce_2: 0.0946  loss_mask_2: 0.05502  loss_dice_2: 1.065  loss_ce_3: 0.0632  loss_mask_3: 0.06703  loss_dice_3: 1.24  loss_ce_4: 0.06431  loss_mask_4: 0.05828  loss_dice_4: 1.194  loss_ce_5: 0.1064  loss_mask_5: 0.05449  loss_dice_5: 1.106  loss_ce_6: 0.08579  loss_mask_6: 0.05056  loss_dice_6: 1.014  loss_ce_7: 0.05949  loss_mask_7: 0.05318  loss_dice_7: 1.089  loss_ce_8: 0.08465  loss_mask_8: 0.05825  loss_dice_8: 1.186    time: 0.8902  last_time: 0.8590  data_time: 0.1546  last_data_time: 0.1546   lr: 4.5897e-05  max_mem: 13268M
[03/18 13:08:29 d2.utils.events]:  eta: 3:54:56  iter: 3719  total_loss: 11.06  loss_ce: 0.07351  loss_mask: 0.02985  loss_dice: 1.028  loss_ce_0: 0.3205  loss_mask_0: 0.04075  loss_dice_0: 1.025  loss_ce_1: 0.2041  loss_mask_1: 0.02735  loss_dice_1: 0.8795  loss_ce_2: 0.1562  loss_mask_2: 0.03321  loss_dice_2: 0.9443  loss_ce_3: 0.1143  loss_mask_3: 0.03448  loss_dice_3: 0.9187  loss_ce_4: 0.1049  loss_mask_4: 0.02743  loss_dice_4: 0.7977  loss_ce_5: 0.1143  loss_mask_5: 0.02987  loss_dice_5: 0.9451  loss_ce_6: 0.1021  loss_mask_6: 0.02882  loss_dice_6: 0.8753  loss_ce_7: 0.1203  loss_mask_7: 0.03819  loss_dice_7: 0.9521  loss_ce_8: 0.1228  loss_mask_8: 0.03699  loss_dice_8: 0.9383    time: 0.8902  last_time: 0.9150  data_time: 0.1985  last_data_time: 0.1985   lr: 4.5854e-05  max_mem: 13268M
[03/18 13:08:46 d2.utils.events]:  eta: 3:54:22  iter: 3739  total_loss: 7.025  loss_ce: 0.02165  loss_mask: 0.0642  loss_dice: 0.5392  loss_ce_0: 0.1499  loss_mask_0: 0.1255  loss_dice_0: 0.6463  loss_ce_1: 0.03491  loss_mask_1: 0.08903  loss_dice_1: 0.6114  loss_ce_2: 0.02979  loss_mask_2: 0.06962  loss_dice_2: 0.55  loss_ce_3: 0.02244  loss_mask_3: 0.08161  loss_dice_3: 0.5342  loss_ce_4: 0.01986  loss_mask_4: 0.06758  loss_dice_4: 0.515  loss_ce_5: 0.02264  loss_mask_5: 0.06756  loss_dice_5: 0.7175  loss_ce_6: 0.02044  loss_mask_6: 0.07154  loss_dice_6: 0.6154  loss_ce_7: 0.02133  loss_mask_7: 0.0667  loss_dice_7: 0.5683  loss_ce_8: 0.0228  loss_mask_8: 0.07896  loss_dice_8: 0.5801    time: 0.8901  last_time: 0.8394  data_time: 0.1335  last_data_time: 0.1335   lr: 4.5811e-05  max_mem: 13268M
[03/18 13:09:04 d2.utils.events]:  eta: 3:53:54  iter: 3759  total_loss: 11.37  loss_ce: 0.09338  loss_mask: 0.04015  loss_dice: 1.092  loss_ce_0: 0.2759  loss_mask_0: 0.03965  loss_dice_0: 0.7323  loss_ce_1: 0.05497  loss_mask_1: 0.05172  loss_dice_1: 1.136  loss_ce_2: 0.08008  loss_mask_2: 0.04471  loss_dice_2: 0.968  loss_ce_3: 0.1116  loss_mask_3: 0.035  loss_dice_3: 0.7743  loss_ce_4: 0.0995  loss_mask_4: 0.04167  loss_dice_4: 1.004  loss_ce_5: 0.04499  loss_mask_5: 0.04914  loss_dice_5: 1.097  loss_ce_6: 0.05251  loss_mask_6: 0.04539  loss_dice_6: 1.152  loss_ce_7: 0.08942  loss_mask_7: 0.03575  loss_dice_7: 0.9121  loss_ce_8: 0.08846  loss_mask_8: 0.04457  loss_dice_8: 1.085    time: 0.8900  last_time: 0.9028  data_time: 0.2012  last_data_time: 0.2012   lr: 4.5767e-05  max_mem: 13268M
[03/18 13:09:22 d2.utils.events]:  eta: 3:53:34  iter: 3779  total_loss: 6.437  loss_ce: 0.042  loss_mask: 0.0343  loss_dice: 0.64  loss_ce_0: 0.2234  loss_mask_0: 0.03407  loss_dice_0: 0.5457  loss_ce_1: 0.0387  loss_mask_1: 0.02688  loss_dice_1: 0.5422  loss_ce_2: 0.04936  loss_mask_2: 0.02559  loss_dice_2: 0.5458  loss_ce_3: 0.03682  loss_mask_3: 0.02251  loss_dice_3: 0.4908  loss_ce_4: 0.03912  loss_mask_4: 0.02536  loss_dice_4: 0.5839  loss_ce_5: 0.04006  loss_mask_5: 0.02868  loss_dice_5: 0.5569  loss_ce_6: 0.03957  loss_mask_6: 0.02791  loss_dice_6: 0.5883  loss_ce_7: 0.04015  loss_mask_7: 0.02431  loss_dice_7: 0.5414  loss_ce_8: 0.04237  loss_mask_8: 0.0277  loss_dice_8: 0.5327    time: 0.8900  last_time: 0.8664  data_time: 0.1665  last_data_time: 0.1665   lr: 4.5723e-05  max_mem: 13268M
[03/18 13:09:39 d2.utils.events]:  eta: 3:53:11  iter: 3799  total_loss: 12.38  loss_ce: 0.09639  loss_mask: 0.06573  loss_dice: 0.9701  loss_ce_0: 0.1928  loss_mask_0: 0.08795  loss_dice_0: 1.166  loss_ce_1: 0.107  loss_mask_1: 0.06726  loss_dice_1: 0.9173  loss_ce_2: 0.1082  loss_mask_2: 0.06602  loss_dice_2: 1.06  loss_ce_3: 0.04232  loss_mask_3: 0.07714  loss_dice_3: 1.194  loss_ce_4: 0.04235  loss_mask_4: 0.059  loss_dice_4: 1.074  loss_ce_5: 0.1008  loss_mask_5: 0.06789  loss_dice_5: 0.986  loss_ce_6: 0.1024  loss_mask_6: 0.06828  loss_dice_6: 1.004  loss_ce_7: 0.1005  loss_mask_7: 0.07985  loss_dice_7: 1.167  loss_ce_8: 0.1118  loss_mask_8: 0.07261  loss_dice_8: 1.124    time: 0.8899  last_time: 0.9378  data_time: 0.2360  last_data_time: 0.2360   lr: 4.5679e-05  max_mem: 13268M
[03/18 13:09:57 d2.utils.events]:  eta: 3:52:39  iter: 3819  total_loss: 11.71  loss_ce: 0.1063  loss_mask: 0.0368  loss_dice: 0.7707  loss_ce_0: 0.2556  loss_mask_0: 0.03475  loss_dice_0: 0.972  loss_ce_1: 0.0947  loss_mask_1: 0.02969  loss_dice_1: 1.116  loss_ce_2: 0.1062  loss_mask_2: 0.03318  loss_dice_2: 1.155  loss_ce_3: 0.1392  loss_mask_3: 0.03935  loss_dice_3: 0.8554  loss_ce_4: 0.0813  loss_mask_4: 0.04396  loss_dice_4: 1.196  loss_ce_5: 0.1681  loss_mask_5: 0.03013  loss_dice_5: 1.028  loss_ce_6: 0.1227  loss_mask_6: 0.03045  loss_dice_6: 1.009  loss_ce_7: 0.1271  loss_mask_7: 0.03572  loss_dice_7: 0.9995  loss_ce_8: 0.1077  loss_mask_8: 0.04561  loss_dice_8: 0.9438    time: 0.8900  last_time: 0.8150  data_time: 0.1159  last_data_time: 0.1159   lr: 4.5635e-05  max_mem: 13268M
[03/18 13:10:15 d2.utils.events]:  eta: 3:52:17  iter: 3839  total_loss: 9.031  loss_ce: 0.02773  loss_mask: 0.03519  loss_dice: 0.8048  loss_ce_0: 0.2099  loss_mask_0: 0.04827  loss_dice_0: 0.9191  loss_ce_1: 0.03872  loss_mask_1: 0.04203  loss_dice_1: 0.8471  loss_ce_2: 0.03606  loss_mask_2: 0.0322  loss_dice_2: 0.7514  loss_ce_3: 0.03364  loss_mask_3: 0.03972  loss_dice_3: 0.8627  loss_ce_4: 0.0323  loss_mask_4: 0.03759  loss_dice_4: 0.8069  loss_ce_5: 0.0279  loss_mask_5: 0.03702  loss_dice_5: 0.7272  loss_ce_6: 0.02522  loss_mask_6: 0.03465  loss_dice_6: 0.7834  loss_ce_7: 0.02506  loss_mask_7: 0.03523  loss_dice_7: 0.7943  loss_ce_8: 0.02952  loss_mask_8: 0.03676  loss_dice_8: 0.8695    time: 0.8899  last_time: 0.9081  data_time: 0.2009  last_data_time: 0.2009   lr: 4.5591e-05  max_mem: 13268M
[03/18 13:10:33 d2.utils.events]:  eta: 3:52:16  iter: 3859  total_loss: 15.73  loss_ce: 0.07119  loss_mask: 0.06821  loss_dice: 1.375  loss_ce_0: 0.2886  loss_mask_0: 0.1012  loss_dice_0: 1.297  loss_ce_1: 0.1266  loss_mask_1: 0.08156  loss_dice_1: 1.416  loss_ce_2: 0.1831  loss_mask_2: 0.07546  loss_dice_2: 1.299  loss_ce_3: 0.1045  loss_mask_3: 0.06507  loss_dice_3: 1.352  loss_ce_4: 0.1405  loss_mask_4: 0.07904  loss_dice_4: 1.315  loss_ce_5: 0.08658  loss_mask_5: 0.07555  loss_dice_5: 1.519  loss_ce_6: 0.09402  loss_mask_6: 0.06523  loss_dice_6: 1.34  loss_ce_7: 0.09233  loss_mask_7: 0.0661  loss_dice_7: 1.397  loss_ce_8: 0.07294  loss_mask_8: 0.07363  loss_dice_8: 1.411    time: 0.8899  last_time: 0.9013  data_time: 0.1925  last_data_time: 0.1925   lr: 4.5546e-05  max_mem: 13268M
[03/18 13:10:51 d2.utils.events]:  eta: 3:51:59  iter: 3879  total_loss: 11.21  loss_ce: 0.05358  loss_mask: 0.06209  loss_dice: 0.9515  loss_ce_0: 0.3748  loss_mask_0: 0.1368  loss_dice_0: 1.047  loss_ce_1: 0.1648  loss_mask_1: 0.09108  loss_dice_1: 0.9358  loss_ce_2: 0.09132  loss_mask_2: 0.05218  loss_dice_2: 0.8498  loss_ce_3: 0.08493  loss_mask_3: 0.06716  loss_dice_3: 0.8971  loss_ce_4: 0.0653  loss_mask_4: 0.07353  loss_dice_4: 0.8988  loss_ce_5: 0.06386  loss_mask_5: 0.08262  loss_dice_5: 1.03  loss_ce_6: 0.1155  loss_mask_6: 0.06393  loss_dice_6: 0.8967  loss_ce_7: 0.05445  loss_mask_7: 0.07573  loss_dice_7: 0.9425  loss_ce_8: 0.05968  loss_mask_8: 0.05755  loss_dice_8: 0.8674    time: 0.8898  last_time: 0.8847  data_time: 0.1757  last_data_time: 0.1757   lr: 4.5501e-05  max_mem: 13268M
[03/18 13:11:08 d2.utils.events]:  eta: 3:51:25  iter: 3899  total_loss: 18.7  loss_ce: 0.1782  loss_mask: 0.1371  loss_dice: 1.392  loss_ce_0: 0.6737  loss_mask_0: 0.1623  loss_dice_0: 1.835  loss_ce_1: 0.2648  loss_mask_1: 0.1141  loss_dice_1: 1.594  loss_ce_2: 0.1748  loss_mask_2: 0.133  loss_dice_2: 1.508  loss_ce_3: 0.1972  loss_mask_3: 0.1312  loss_dice_3: 1.475  loss_ce_4: 0.1171  loss_mask_4: 0.1288  loss_dice_4: 1.509  loss_ce_5: 0.1292  loss_mask_5: 0.123  loss_dice_5: 1.52  loss_ce_6: 0.1147  loss_mask_6: 0.1192  loss_dice_6: 1.498  loss_ce_7: 0.1224  loss_mask_7: 0.1202  loss_dice_7: 1.539  loss_ce_8: 0.1431  loss_mask_8: 0.1323  loss_dice_8: 1.411    time: 0.8896  last_time: 0.8554  data_time: 0.1324  last_data_time: 0.1324   lr: 4.5456e-05  max_mem: 13268M
[03/18 13:11:25 d2.utils.events]:  eta: 3:51:04  iter: 3919  total_loss: 9.32  loss_ce: 0.04472  loss_mask: 0.0401  loss_dice: 0.7912  loss_ce_0: 0.2255  loss_mask_0: 0.0444  loss_dice_0: 0.9067  loss_ce_1: 0.04966  loss_mask_1: 0.03777  loss_dice_1: 0.8462  loss_ce_2: 0.07771  loss_mask_2: 0.03823  loss_dice_2: 0.8063  loss_ce_3: 0.1196  loss_mask_3: 0.04421  loss_dice_3: 0.7982  loss_ce_4: 0.04747  loss_mask_4: 0.03551  loss_dice_4: 0.7763  loss_ce_5: 0.04736  loss_mask_5: 0.03569  loss_dice_5: 0.8549  loss_ce_6: 0.09226  loss_mask_6: 0.03955  loss_dice_6: 0.7585  loss_ce_7: 0.07818  loss_mask_7: 0.04467  loss_dice_7: 0.7897  loss_ce_8: 0.042  loss_mask_8: 0.03635  loss_dice_8: 0.7707    time: 0.8895  last_time: 0.9091  data_time: 0.1749  last_data_time: 0.1749   lr: 4.5411e-05  max_mem: 13268M
[03/18 13:11:44 d2.utils.events]:  eta: 3:50:49  iter: 3939  total_loss: 11.15  loss_ce: 0.03326  loss_mask: 0.04665  loss_dice: 0.9638  loss_ce_0: 0.2556  loss_mask_0: 0.07266  loss_dice_0: 1.159  loss_ce_1: 0.0545  loss_mask_1: 0.0515  loss_dice_1: 1.002  loss_ce_2: 0.1129  loss_mask_2: 0.04589  loss_dice_2: 0.9728  loss_ce_3: 0.08288  loss_mask_3: 0.04628  loss_dice_3: 0.9056  loss_ce_4: 0.07501  loss_mask_4: 0.05819  loss_dice_4: 0.9763  loss_ce_5: 0.09113  loss_mask_5: 0.05222  loss_dice_5: 0.9144  loss_ce_6: 0.03614  loss_mask_6: 0.04578  loss_dice_6: 0.9277  loss_ce_7: 0.03615  loss_mask_7: 0.04903  loss_dice_7: 1.041  loss_ce_8: 0.03574  loss_mask_8: 0.05052  loss_dice_8: 0.9569    time: 0.8897  last_time: 0.8549  data_time: 0.1301  last_data_time: 0.1301   lr: 4.5365e-05  max_mem: 13268M
[03/18 13:12:01 d2.utils.events]:  eta: 3:50:22  iter: 3959  total_loss: 14.04  loss_ce: 0.1723  loss_mask: 0.06015  loss_dice: 1.11  loss_ce_0: 0.4223  loss_mask_0: 0.06943  loss_dice_0: 1.323  loss_ce_1: 0.188  loss_mask_1: 0.07195  loss_dice_1: 1.412  loss_ce_2: 0.2605  loss_mask_2: 0.07422  loss_dice_2: 1.282  loss_ce_3: 0.2262  loss_mask_3: 0.06744  loss_dice_3: 1.157  loss_ce_4: 0.1423  loss_mask_4: 0.05576  loss_dice_4: 0.9172  loss_ce_5: 0.1345  loss_mask_5: 0.05462  loss_dice_5: 1.019  loss_ce_6: 0.2092  loss_mask_6: 0.05802  loss_dice_6: 1.183  loss_ce_7: 0.1548  loss_mask_7: 0.05761  loss_dice_7: 0.983  loss_ce_8: 0.1561  loss_mask_8: 0.05636  loss_dice_8: 0.9598    time: 0.8896  last_time: 0.9077  data_time: 0.0760  last_data_time: 0.0760   lr: 4.532e-05  max_mem: 13268M
[03/18 13:12:19 d2.utils.events]:  eta: 3:49:49  iter: 3979  total_loss: 11.63  loss_ce: 0.1666  loss_mask: 0.03663  loss_dice: 0.9867  loss_ce_0: 0.27  loss_mask_0: 0.03647  loss_dice_0: 1.067  loss_ce_1: 0.1907  loss_mask_1: 0.03823  loss_dice_1: 1.058  loss_ce_2: 0.118  loss_mask_2: 0.03181  loss_dice_2: 0.8417  loss_ce_3: 0.07264  loss_mask_3: 0.04283  loss_dice_3: 0.841  loss_ce_4: 0.06575  loss_mask_4: 0.03984  loss_dice_4: 1.073  loss_ce_5: 0.1057  loss_mask_5: 0.03046  loss_dice_5: 0.9381  loss_ce_6: 0.1005  loss_mask_6: 0.0332  loss_dice_6: 1.018  loss_ce_7: 0.06774  loss_mask_7: 0.05069  loss_dice_7: 1.001  loss_ce_8: 0.1317  loss_mask_8: 0.04476  loss_dice_8: 1.136    time: 0.8894  last_time: 0.9265  data_time: 0.1971  last_data_time: 0.1971   lr: 4.5274e-05  max_mem: 13268M
[03/18 13:12:37 d2.utils.events]:  eta: 3:49:43  iter: 3999  total_loss: 9.865  loss_ce: 0.1021  loss_mask: 0.03916  loss_dice: 0.9236  loss_ce_0: 0.2314  loss_mask_0: 0.05384  loss_dice_0: 0.6056  loss_ce_1: 0.05585  loss_mask_1: 0.04622  loss_dice_1: 0.949  loss_ce_2: 0.1056  loss_mask_2: 0.05182  loss_dice_2: 1.048  loss_ce_3: 0.06149  loss_mask_3: 0.05135  loss_dice_3: 1.044  loss_ce_4: 0.05206  loss_mask_4: 0.04997  loss_dice_4: 0.8878  loss_ce_5: 0.04773  loss_mask_5: 0.04733  loss_dice_5: 0.6666  loss_ce_6: 0.07769  loss_mask_6: 0.03597  loss_dice_6: 0.893  loss_ce_7: 0.09659  loss_mask_7: 0.03582  loss_dice_7: 0.5531  loss_ce_8: 0.107  loss_mask_8: 0.03727  loss_dice_8: 0.9084    time: 0.8896  last_time: 0.8693  data_time: 0.1536  last_data_time: 0.1536   lr: 4.5228e-05  max_mem: 13268M
[03/18 13:12:55 d2.utils.events]:  eta: 3:49:32  iter: 4019  total_loss: 14.78  loss_ce: 0.2283  loss_mask: 0.06764  loss_dice: 1.1  loss_ce_0: 0.257  loss_mask_0: 0.1111  loss_dice_0: 1.488  loss_ce_1: 0.187  loss_mask_1: 0.07385  loss_dice_1: 1.182  loss_ce_2: 0.2429  loss_mask_2: 0.08031  loss_dice_2: 1.234  loss_ce_3: 0.2557  loss_mask_3: 0.07186  loss_dice_3: 1.139  loss_ce_4: 0.2623  loss_mask_4: 0.0775  loss_dice_4: 1.201  loss_ce_5: 0.2219  loss_mask_5: 0.076  loss_dice_5: 1.124  loss_ce_6: 0.2627  loss_mask_6: 0.06379  loss_dice_6: 0.9625  loss_ce_7: 0.2398  loss_mask_7: 0.07219  loss_dice_7: 1.119  loss_ce_8: 0.2319  loss_mask_8: 0.0677  loss_dice_8: 1.076    time: 0.8896  last_time: 0.9297  data_time: 0.2066  last_data_time: 0.2066   lr: 4.5181e-05  max_mem: 13268M
[03/18 13:13:13 d2.utils.events]:  eta: 3:49:08  iter: 4039  total_loss: 13.32  loss_ce: 0.1164  loss_mask: 0.05106  loss_dice: 1.077  loss_ce_0: 0.3261  loss_mask_0: 0.08288  loss_dice_0: 1.233  loss_ce_1: 0.147  loss_mask_1: 0.06581  loss_dice_1: 1.264  loss_ce_2: 0.2011  loss_mask_2: 0.05042  loss_dice_2: 1.047  loss_ce_3: 0.1041  loss_mask_3: 0.04198  loss_dice_3: 1.186  loss_ce_4: 0.147  loss_mask_4: 0.04354  loss_dice_4: 1.1  loss_ce_5: 0.06708  loss_mask_5: 0.0435  loss_dice_5: 1.158  loss_ce_6: 0.06325  loss_mask_6: 0.044  loss_dice_6: 1.214  loss_ce_7: 0.1166  loss_mask_7: 0.04666  loss_dice_7: 1.018  loss_ce_8: 0.1157  loss_mask_8: 0.04077  loss_dice_8: 1.11    time: 0.8895  last_time: 0.9020  data_time: 0.1764  last_data_time: 0.1764   lr: 4.5135e-05  max_mem: 13268M
[03/18 13:13:31 d2.utils.events]:  eta: 3:48:43  iter: 4059  total_loss: 8.345  loss_ce: 0.01736  loss_mask: 0.05936  loss_dice: 0.7099  loss_ce_0: 0.1178  loss_mask_0: 0.1076  loss_dice_0: 0.9531  loss_ce_1: 0.01815  loss_mask_1: 0.07058  loss_dice_1: 0.7593  loss_ce_2: 0.02154  loss_mask_2: 0.06499  loss_dice_2: 0.6813  loss_ce_3: 0.0224  loss_mask_3: 0.05407  loss_dice_3: 0.6588  loss_ce_4: 0.0214  loss_mask_4: 0.05662  loss_dice_4: 0.7078  loss_ce_5: 0.02303  loss_mask_5: 0.06698  loss_dice_5: 0.7349  loss_ce_6: 0.01984  loss_mask_6: 0.05859  loss_dice_6: 0.7269  loss_ce_7: 0.01903  loss_mask_7: 0.0607  loss_dice_7: 0.7097  loss_ce_8: 0.01726  loss_mask_8: 0.05941  loss_dice_8: 0.7467    time: 0.8895  last_time: 0.8301  data_time: 0.1137  last_data_time: 0.1137   lr: 4.5088e-05  max_mem: 13268M
[03/18 13:13:49 d2.utils.events]:  eta: 3:48:36  iter: 4079  total_loss: 12.46  loss_ce: 0.08797  loss_mask: 0.07712  loss_dice: 1.025  loss_ce_0: 0.4029  loss_mask_0: 0.1253  loss_dice_0: 0.8794  loss_ce_1: 0.1858  loss_mask_1: 0.09775  loss_dice_1: 1.092  loss_ce_2: 0.09633  loss_mask_2: 0.1394  loss_dice_2: 1.218  loss_ce_3: 0.09661  loss_mask_3: 0.1304  loss_dice_3: 0.9984  loss_ce_4: 0.08523  loss_mask_4: 0.1299  loss_dice_4: 1.094  loss_ce_5: 0.08972  loss_mask_5: 0.09719  loss_dice_5: 0.9771  loss_ce_6: 0.08367  loss_mask_6: 0.09308  loss_dice_6: 0.9681  loss_ce_7: 0.07615  loss_mask_7: 0.07951  loss_dice_7: 0.961  loss_ce_8: 0.05072  loss_mask_8: 0.0869  loss_dice_8: 0.9365    time: 0.8896  last_time: 1.0321  data_time: 0.3087  last_data_time: 0.3087   lr: 4.5042e-05  max_mem: 13268M
[03/18 13:14:07 d2.utils.events]:  eta: 3:48:16  iter: 4099  total_loss: 10.2  loss_ce: 0.03066  loss_mask: 0.02966  loss_dice: 0.922  loss_ce_0: 0.3146  loss_mask_0: 0.03921  loss_dice_0: 1.053  loss_ce_1: 0.06796  loss_mask_1: 0.02789  loss_dice_1: 0.8844  loss_ce_2: 0.04173  loss_mask_2: 0.03511  loss_dice_2: 0.8889  loss_ce_3: 0.03948  loss_mask_3: 0.02732  loss_dice_3: 0.8786  loss_ce_4: 0.04081  loss_mask_4: 0.02962  loss_dice_4: 0.9242  loss_ce_5: 0.03656  loss_mask_5: 0.03358  loss_dice_5: 0.9538  loss_ce_6: 0.03443  loss_mask_6: 0.03218  loss_dice_6: 0.846  loss_ce_7: 0.05333  loss_mask_7: 0.02555  loss_dice_7: 0.8638  loss_ce_8: 0.05953  loss_mask_8: 0.02724  loss_dice_8: 0.9585    time: 0.8895  last_time: 0.8596  data_time: 0.1377  last_data_time: 0.1377   lr: 4.4994e-05  max_mem: 13268M
[03/18 13:14:24 d2.utils.events]:  eta: 3:47:47  iter: 4119  total_loss: 12.63  loss_ce: 0.1027  loss_mask: 0.06292  loss_dice: 1.129  loss_ce_0: 0.3333  loss_mask_0: 0.1029  loss_dice_0: 1.162  loss_ce_1: 0.1756  loss_mask_1: 0.07451  loss_dice_1: 1.112  loss_ce_2: 0.1301  loss_mask_2: 0.06577  loss_dice_2: 0.9253  loss_ce_3: 0.1657  loss_mask_3: 0.07628  loss_dice_3: 1.175  loss_ce_4: 0.1179  loss_mask_4: 0.07398  loss_dice_4: 1  loss_ce_5: 0.118  loss_mask_5: 0.06931  loss_dice_5: 0.9941  loss_ce_6: 0.1036  loss_mask_6: 0.07297  loss_dice_6: 0.9946  loss_ce_7: 0.1043  loss_mask_7: 0.06042  loss_dice_7: 0.9952  loss_ce_8: 0.1117  loss_mask_8: 0.06064  loss_dice_8: 0.9575    time: 0.8894  last_time: 0.8140  data_time: 0.1044  last_data_time: 0.1044   lr: 4.4947e-05  max_mem: 13268M
[03/18 13:14:42 d2.utils.events]:  eta: 3:47:57  iter: 4139  total_loss: 9.382  loss_ce: 0.02407  loss_mask: 0.03815  loss_dice: 0.8271  loss_ce_0: 0.1549  loss_mask_0: 0.04648  loss_dice_0: 0.9065  loss_ce_1: 0.05308  loss_mask_1: 0.04754  loss_dice_1: 0.852  loss_ce_2: 0.02897  loss_mask_2: 0.04617  loss_dice_2: 0.842  loss_ce_3: 0.0313  loss_mask_3: 0.04431  loss_dice_3: 0.7947  loss_ce_4: 0.02572  loss_mask_4: 0.04361  loss_dice_4: 0.8445  loss_ce_5: 0.02108  loss_mask_5: 0.03928  loss_dice_5: 0.8365  loss_ce_6: 0.0221  loss_mask_6: 0.04369  loss_dice_6: 0.8588  loss_ce_7: 0.02445  loss_mask_7: 0.03894  loss_dice_7: 0.7704  loss_ce_8: 0.02156  loss_mask_8: 0.04446  loss_dice_8: 1.01    time: 0.8894  last_time: 1.0078  data_time: 0.1361  last_data_time: 0.1361   lr: 4.49e-05  max_mem: 13268M
[03/18 13:15:00 d2.utils.events]:  eta: 3:47:52  iter: 4159  total_loss: 8.398  loss_ce: 0.01836  loss_mask: 0.03173  loss_dice: 0.8229  loss_ce_0: 0.1951  loss_mask_0: 0.03393  loss_dice_0: 0.8342  loss_ce_1: 0.02586  loss_mask_1: 0.03616  loss_dice_1: 0.7872  loss_ce_2: 0.02423  loss_mask_2: 0.03466  loss_dice_2: 0.8681  loss_ce_3: 0.01513  loss_mask_3: 0.02938  loss_dice_3: 0.6535  loss_ce_4: 0.01496  loss_mask_4: 0.02825  loss_dice_4: 0.7446  loss_ce_5: 0.01555  loss_mask_5: 0.03098  loss_dice_5: 0.6943  loss_ce_6: 0.01481  loss_mask_6: 0.03637  loss_dice_6: 0.6884  loss_ce_7: 0.1162  loss_mask_7: 0.02953  loss_dice_7: 0.7585  loss_ce_8: 0.02004  loss_mask_8: 0.02828  loss_dice_8: 0.7667    time: 0.8894  last_time: 1.2330  data_time: 0.5203  last_data_time: 0.5203   lr: 4.4852e-05  max_mem: 13268M
[03/18 13:15:17 d2.utils.events]:  eta: 3:47:22  iter: 4179  total_loss: 13.98  loss_ce: 0.0751  loss_mask: 0.06414  loss_dice: 1.164  loss_ce_0: 0.4089  loss_mask_0: 0.1273  loss_dice_0: 1.333  loss_ce_1: 0.1506  loss_mask_1: 0.07333  loss_dice_1: 1.244  loss_ce_2: 0.1902  loss_mask_2: 0.06437  loss_dice_2: 1.235  loss_ce_3: 0.1187  loss_mask_3: 0.06765  loss_dice_3: 1.177  loss_ce_4: 0.1019  loss_mask_4: 0.07594  loss_dice_4: 1.22  loss_ce_5: 0.09088  loss_mask_5: 0.07414  loss_dice_5: 1.106  loss_ce_6: 0.08371  loss_mask_6: 0.06735  loss_dice_6: 1.084  loss_ce_7: 0.0864  loss_mask_7: 0.07251  loss_dice_7: 1.13  loss_ce_8: 0.08228  loss_mask_8: 0.06836  loss_dice_8: 1.143    time: 0.8892  last_time: 0.9148  data_time: 0.1777  last_data_time: 0.1777   lr: 4.4804e-05  max_mem: 13268M
[03/18 13:15:35 d2.utils.events]:  eta: 3:46:57  iter: 4199  total_loss: 9.088  loss_ce: 0.1048  loss_mask: 0.04035  loss_dice: 0.676  loss_ce_0: 0.1949  loss_mask_0: 0.03756  loss_dice_0: 0.7871  loss_ce_1: 0.08303  loss_mask_1: 0.04183  loss_dice_1: 0.7762  loss_ce_2: 0.04641  loss_mask_2: 0.03512  loss_dice_2: 0.6772  loss_ce_3: 0.0451  loss_mask_3: 0.03273  loss_dice_3: 0.5427  loss_ce_4: 0.1149  loss_mask_4: 0.03576  loss_dice_4: 0.8212  loss_ce_5: 0.0686  loss_mask_5: 0.04274  loss_dice_5: 0.9477  loss_ce_6: 0.06404  loss_mask_6: 0.04169  loss_dice_6: 0.8956  loss_ce_7: 0.03798  loss_mask_7: 0.04328  loss_dice_7: 0.7858  loss_ce_8: 0.03957  loss_mask_8: 0.04927  loss_dice_8: 0.9787    time: 0.8891  last_time: 0.8899  data_time: 0.1658  last_data_time: 0.1658   lr: 4.4756e-05  max_mem: 13268M
[03/18 13:15:52 d2.utils.events]:  eta: 3:46:40  iter: 4219  total_loss: 11.69  loss_ce: 0.04167  loss_mask: 0.03783  loss_dice: 1.056  loss_ce_0: 0.2683  loss_mask_0: 0.04956  loss_dice_0: 1.458  loss_ce_1: 0.07178  loss_mask_1: 0.03683  loss_dice_1: 1.034  loss_ce_2: 0.09434  loss_mask_2: 0.04872  loss_dice_2: 1.094  loss_ce_3: 0.05918  loss_mask_3: 0.04243  loss_dice_3: 1.009  loss_ce_4: 0.04818  loss_mask_4: 0.04499  loss_dice_4: 1.092  loss_ce_5: 0.03851  loss_mask_5: 0.03692  loss_dice_5: 0.9903  loss_ce_6: 0.04229  loss_mask_6: 0.03445  loss_dice_6: 0.8841  loss_ce_7: 0.09942  loss_mask_7: 0.03603  loss_dice_7: 0.9431  loss_ce_8: 0.03901  loss_mask_8: 0.04288  loss_dice_8: 0.9199    time: 0.8890  last_time: 0.8813  data_time: 0.1725  last_data_time: 0.1725   lr: 4.4708e-05  max_mem: 13268M
[03/18 13:16:11 d2.utils.events]:  eta: 3:46:20  iter: 4239  total_loss: 11.21  loss_ce: 0.02363  loss_mask: 0.07222  loss_dice: 0.9179  loss_ce_0: 0.1618  loss_mask_0: 0.1181  loss_dice_0: 1.306  loss_ce_1: 0.03654  loss_mask_1: 0.08283  loss_dice_1: 0.986  loss_ce_2: 0.03993  loss_mask_2: 0.07577  loss_dice_2: 0.9796  loss_ce_3: 0.02376  loss_mask_3: 0.08908  loss_dice_3: 0.972  loss_ce_4: 0.02261  loss_mask_4: 0.09055  loss_dice_4: 1.01  loss_ce_5: 0.02451  loss_mask_5: 0.08153  loss_dice_5: 0.9332  loss_ce_6: 0.02622  loss_mask_6: 0.08195  loss_dice_6: 0.9544  loss_ce_7: 0.02363  loss_mask_7: 0.07735  loss_dice_7: 0.9481  loss_ce_8: 0.0252  loss_mask_8: 0.08226  loss_dice_8: 0.9474    time: 0.8892  last_time: 0.9042  data_time: 0.1803  last_data_time: 0.1803   lr: 4.466e-05  max_mem: 13268M
[03/18 13:16:29 d2.utils.events]:  eta: 3:46:13  iter: 4259  total_loss: 13.76  loss_ce: 0.07644  loss_mask: 0.05444  loss_dice: 1.204  loss_ce_0: 0.3795  loss_mask_0: 0.04841  loss_dice_0: 1.178  loss_ce_1: 0.1235  loss_mask_1: 0.05329  loss_dice_1: 1.297  loss_ce_2: 0.1647  loss_mask_2: 0.05209  loss_dice_2: 1.23  loss_ce_3: 0.1363  loss_mask_3: 0.06008  loss_dice_3: 1.267  loss_ce_4: 0.09828  loss_mask_4: 0.04294  loss_dice_4: 1.256  loss_ce_5: 0.1356  loss_mask_5: 0.04058  loss_dice_5: 1.061  loss_ce_6: 0.1176  loss_mask_6: 0.04441  loss_dice_6: 0.9262  loss_ce_7: 0.09207  loss_mask_7: 0.05919  loss_dice_7: 1.248  loss_ce_8: 0.08942  loss_mask_8: 0.0631  loss_dice_8: 1.163    time: 0.8892  last_time: 0.9318  data_time: 0.2084  last_data_time: 0.2084   lr: 4.4611e-05  max_mem: 13268M
[03/18 13:16:48 d2.utils.events]:  eta: 3:46:16  iter: 4279  total_loss: 11.44  loss_ce: 0.149  loss_mask: 0.03528  loss_dice: 0.8657  loss_ce_0: 0.4594  loss_mask_0: 0.04468  loss_dice_0: 1.065  loss_ce_1: 0.1963  loss_mask_1: 0.03007  loss_dice_1: 0.949  loss_ce_2: 0.1339  loss_mask_2: 0.03962  loss_dice_2: 0.9848  loss_ce_3: 0.1202  loss_mask_3: 0.03076  loss_dice_3: 0.8333  loss_ce_4: 0.1572  loss_mask_4: 0.02995  loss_dice_4: 0.7886  loss_ce_5: 0.1469  loss_mask_5: 0.03187  loss_dice_5: 0.8663  loss_ce_6: 0.1052  loss_mask_6: 0.04019  loss_dice_6: 1.05  loss_ce_7: 0.143  loss_mask_7: 0.0355  loss_dice_7: 0.954  loss_ce_8: 0.05785  loss_mask_8: 0.03892  loss_dice_8: 1.056    time: 0.8894  last_time: 0.8672  data_time: 0.1439  last_data_time: 0.1439   lr: 4.4562e-05  max_mem: 13268M
[03/18 13:17:06 d2.utils.events]:  eta: 3:45:55  iter: 4299  total_loss: 13.54  loss_ce: 0.06163  loss_mask: 0.06321  loss_dice: 0.9607  loss_ce_0: 0.3222  loss_mask_0: 0.114  loss_dice_0: 1.424  loss_ce_1: 0.09602  loss_mask_1: 0.08648  loss_dice_1: 1.378  loss_ce_2: 0.05711  loss_mask_2: 0.0753  loss_dice_2: 1.058  loss_ce_3: 0.04572  loss_mask_3: 0.07097  loss_dice_3: 1.187  loss_ce_4: 0.04022  loss_mask_4: 0.07215  loss_dice_4: 1.138  loss_ce_5: 0.03941  loss_mask_5: 0.08942  loss_dice_5: 1.175  loss_ce_6: 0.06061  loss_mask_6: 0.07512  loss_dice_6: 1.48  loss_ce_7: 0.06044  loss_mask_7: 0.06675  loss_dice_7: 1.223  loss_ce_8: 0.03207  loss_mask_8: 0.07229  loss_dice_8: 0.9133    time: 0.8895  last_time: 0.8737  data_time: 0.1545  last_data_time: 0.1545   lr: 4.4513e-05  max_mem: 13268M
[03/18 13:17:24 d2.utils.events]:  eta: 3:45:47  iter: 4319  total_loss: 10.92  loss_ce: 0.0229  loss_mask: 0.05846  loss_dice: 1.027  loss_ce_0: 0.2059  loss_mask_0: 0.1174  loss_dice_0: 1.149  loss_ce_1: 0.03476  loss_mask_1: 0.05279  loss_dice_1: 0.9056  loss_ce_2: 0.04208  loss_mask_2: 0.0542  loss_dice_2: 0.918  loss_ce_3: 0.02621  loss_mask_3: 0.07026  loss_dice_3: 0.9916  loss_ce_4: 0.02874  loss_mask_4: 0.06361  loss_dice_4: 1.024  loss_ce_5: 0.02941  loss_mask_5: 0.05509  loss_dice_5: 1.038  loss_ce_6: 0.02942  loss_mask_6: 0.04795  loss_dice_6: 0.8527  loss_ce_7: 0.02331  loss_mask_7: 0.05198  loss_dice_7: 0.9869  loss_ce_8: 0.02541  loss_mask_8: 0.05181  loss_dice_8: 0.9322    time: 0.8896  last_time: 0.8188  data_time: 0.1110  last_data_time: 0.1110   lr: 4.4464e-05  max_mem: 13268M
[03/18 13:17:42 d2.utils.events]:  eta: 3:45:28  iter: 4339  total_loss: 8.007  loss_ce: 0.08354  loss_mask: 0.07998  loss_dice: 0.6867  loss_ce_0: 0.3305  loss_mask_0: 0.0924  loss_dice_0: 0.743  loss_ce_1: 0.03223  loss_mask_1: 0.07551  loss_dice_1: 0.6642  loss_ce_2: 0.02764  loss_mask_2: 0.07413  loss_dice_2: 0.6435  loss_ce_3: 0.02951  loss_mask_3: 0.07211  loss_dice_3: 0.585  loss_ce_4: 0.03029  loss_mask_4: 0.06845  loss_dice_4: 0.6499  loss_ce_5: 0.02815  loss_mask_5: 0.06859  loss_dice_5: 0.6263  loss_ce_6: 0.02643  loss_mask_6: 0.06697  loss_dice_6: 0.6262  loss_ce_7: 0.01864  loss_mask_7: 0.06594  loss_dice_7: 0.7478  loss_ce_8: 0.02182  loss_mask_8: 0.06714  loss_dice_8: 0.6739    time: 0.8896  last_time: 1.0428  data_time: 0.1940  last_data_time: 0.1940   lr: 4.4415e-05  max_mem: 13268M
[03/18 13:18:00 d2.utils.events]:  eta: 3:45:13  iter: 4359  total_loss: 12.15  loss_ce: 0.05495  loss_mask: 0.07024  loss_dice: 0.8857  loss_ce_0: 0.2526  loss_mask_0: 0.07733  loss_dice_0: 1.199  loss_ce_1: 0.04657  loss_mask_1: 0.07584  loss_dice_1: 1.027  loss_ce_2: 0.155  loss_mask_2: 0.06285  loss_dice_2: 0.895  loss_ce_3: 0.1171  loss_mask_3: 0.06827  loss_dice_3: 1.013  loss_ce_4: 0.09962  loss_mask_4: 0.06701  loss_dice_4: 1.016  loss_ce_5: 0.1375  loss_mask_5: 0.05768  loss_dice_5: 0.9879  loss_ce_6: 0.05429  loss_mask_6: 0.06913  loss_dice_6: 1.182  loss_ce_7: 0.0834  loss_mask_7: 0.08834  loss_dice_7: 1.306  loss_ce_8: 0.05361  loss_mask_8: 0.07888  loss_dice_8: 0.8661    time: 0.8895  last_time: 0.8741  data_time: 0.1579  last_data_time: 0.1579   lr: 4.4365e-05  max_mem: 13268M
[03/18 13:18:19 d2.utils.events]:  eta: 3:44:58  iter: 4379  total_loss: 14.01  loss_ce: 0.05167  loss_mask: 0.09589  loss_dice: 1.179  loss_ce_0: 0.1771  loss_mask_0: 0.1154  loss_dice_0: 1.248  loss_ce_1: 0.075  loss_mask_1: 0.09806  loss_dice_1: 1.211  loss_ce_2: 0.04638  loss_mask_2: 0.09848  loss_dice_2: 1.359  loss_ce_3: 0.03051  loss_mask_3: 0.1068  loss_dice_3: 1.325  loss_ce_4: 0.03109  loss_mask_4: 0.0868  loss_dice_4: 1.339  loss_ce_5: 0.06671  loss_mask_5: 0.09502  loss_dice_5: 1.234  loss_ce_6: 0.03766  loss_mask_6: 0.07478  loss_dice_6: 1.061  loss_ce_7: 0.04173  loss_mask_7: 0.08885  loss_dice_7: 1.179  loss_ce_8: 0.04001  loss_mask_8: 0.07804  loss_dice_8: 1.336    time: 0.8897  last_time: 0.8990  data_time: 0.1805  last_data_time: 0.1805   lr: 4.4315e-05  max_mem: 13268M
[03/18 13:18:36 d2.utils.events]:  eta: 3:44:36  iter: 4399  total_loss: 10.08  loss_ce: 0.02436  loss_mask: 0.04223  loss_dice: 0.9681  loss_ce_0: 0.1783  loss_mask_0: 0.05764  loss_dice_0: 1.023  loss_ce_1: 0.03385  loss_mask_1: 0.04087  loss_dice_1: 0.8048  loss_ce_2: 0.02477  loss_mask_2: 0.04558  loss_dice_2: 0.8261  loss_ce_3: 0.02732  loss_mask_3: 0.05259  loss_dice_3: 0.9081  loss_ce_4: 0.02908  loss_mask_4: 0.03873  loss_dice_4: 0.8422  loss_ce_5: 0.1027  loss_mask_5: 0.04901  loss_dice_5: 0.9458  loss_ce_6: 0.02495  loss_mask_6: 0.04748  loss_dice_6: 0.8819  loss_ce_7: 0.02677  loss_mask_7: 0.05327  loss_dice_7: 1.02  loss_ce_8: 0.02454  loss_mask_8: 0.05007  loss_dice_8: 0.8888    time: 0.8897  last_time: 0.9064  data_time: 0.1850  last_data_time: 0.1850   lr: 4.4265e-05  max_mem: 13268M
[03/18 13:18:55 d2.utils.events]:  eta: 3:44:19  iter: 4419  total_loss: 13.12  loss_ce: 0.1391  loss_mask: 0.03442  loss_dice: 1.011  loss_ce_0: 0.4351  loss_mask_0: 0.04519  loss_dice_0: 1.296  loss_ce_1: 0.2124  loss_mask_1: 0.0433  loss_dice_1: 1.023  loss_ce_2: 0.1107  loss_mask_2: 0.03705  loss_dice_2: 1.217  loss_ce_3: 0.1625  loss_mask_3: 0.04361  loss_dice_3: 1.017  loss_ce_4: 0.1552  loss_mask_4: 0.05814  loss_dice_4: 1.179  loss_ce_5: 0.1414  loss_mask_5: 0.03719  loss_dice_5: 0.999  loss_ce_6: 0.1571  loss_mask_6: 0.03574  loss_dice_6: 1.038  loss_ce_7: 0.1418  loss_mask_7: 0.03658  loss_dice_7: 0.9892  loss_ce_8: 0.1521  loss_mask_8: 0.04067  loss_dice_8: 1.129    time: 0.8898  last_time: 0.8456  data_time: 0.1358  last_data_time: 0.1358   lr: 4.4215e-05  max_mem: 13268M
[03/18 13:19:12 d2.utils.events]:  eta: 3:44:04  iter: 4439  total_loss: 8.969  loss_ce: 0.02708  loss_mask: 0.05446  loss_dice: 0.7034  loss_ce_0: 0.1127  loss_mask_0: 0.07598  loss_dice_0: 1.006  loss_ce_1: 0.02812  loss_mask_1: 0.06902  loss_dice_1: 0.8105  loss_ce_2: 0.02333  loss_mask_2: 0.06264  loss_dice_2: 0.7459  loss_ce_3: 0.01993  loss_mask_3: 0.06041  loss_dice_3: 0.7262  loss_ce_4: 0.02046  loss_mask_4: 0.05737  loss_dice_4: 0.6357  loss_ce_5: 0.02254  loss_mask_5: 0.06702  loss_dice_5: 0.7816  loss_ce_6: 0.02213  loss_mask_6: 0.05466  loss_dice_6: 0.8738  loss_ce_7: 0.02498  loss_mask_7: 0.0643  loss_dice_7: 0.8844  loss_ce_8: 0.02555  loss_mask_8: 0.06125  loss_dice_8: 0.8474    time: 0.8897  last_time: 0.8786  data_time: 0.1324  last_data_time: 0.1324   lr: 4.4165e-05  max_mem: 13268M
[03/18 13:19:30 d2.utils.events]:  eta: 3:43:44  iter: 4459  total_loss: 8.971  loss_ce: 0.04249  loss_mask: 0.05112  loss_dice: 0.7697  loss_ce_0: 0.3529  loss_mask_0: 0.1055  loss_dice_0: 0.9774  loss_ce_1: 0.05965  loss_mask_1: 0.05258  loss_dice_1: 0.7079  loss_ce_2: 0.06108  loss_mask_2: 0.05058  loss_dice_2: 0.662  loss_ce_3: 0.04717  loss_mask_3: 0.04837  loss_dice_3: 0.6786  loss_ce_4: 0.04868  loss_mask_4: 0.04889  loss_dice_4: 0.747  loss_ce_5: 0.08378  loss_mask_5: 0.05175  loss_dice_5: 0.9057  loss_ce_6: 0.04447  loss_mask_6: 0.05162  loss_dice_6: 0.6582  loss_ce_7: 0.04378  loss_mask_7: 0.05344  loss_dice_7: 0.7705  loss_ce_8: 0.03919  loss_mask_8: 0.04848  loss_dice_8: 0.7089    time: 0.8897  last_time: 0.8826  data_time: 0.1449  last_data_time: 0.1449   lr: 4.4114e-05  max_mem: 13268M
[03/18 13:19:49 d2.utils.events]:  eta: 3:43:33  iter: 4479  total_loss: 10.7  loss_ce: 0.0761  loss_mask: 0.09141  loss_dice: 0.8578  loss_ce_0: 0.157  loss_mask_0: 0.1577  loss_dice_0: 1.027  loss_ce_1: 0.04261  loss_mask_1: 0.08472  loss_dice_1: 0.8577  loss_ce_2: 0.07536  loss_mask_2: 0.08289  loss_dice_2: 0.9237  loss_ce_3: 0.08713  loss_mask_3: 0.1015  loss_dice_3: 0.8223  loss_ce_4: 0.06622  loss_mask_4: 0.09035  loss_dice_4: 0.9282  loss_ce_5: 0.08614  loss_mask_5: 0.08354  loss_dice_5: 0.8081  loss_ce_6: 0.06201  loss_mask_6: 0.1117  loss_dice_6: 0.9228  loss_ce_7: 0.07481  loss_mask_7: 0.08796  loss_dice_7: 0.8835  loss_ce_8: 0.07541  loss_mask_8: 0.08511  loss_dice_8: 0.8885    time: 0.8900  last_time: 0.8831  data_time: 0.1809  last_data_time: 0.1809   lr: 4.4064e-05  max_mem: 13268M
[03/18 13:20:07 d2.utils.events]:  eta: 3:43:09  iter: 4499  total_loss: 13.36  loss_ce: 0.09167  loss_mask: 0.03616  loss_dice: 1.108  loss_ce_0: 0.3912  loss_mask_0: 0.05612  loss_dice_0: 1.266  loss_ce_1: 0.1156  loss_mask_1: 0.02999  loss_dice_1: 1.017  loss_ce_2: 0.1175  loss_mask_2: 0.04561  loss_dice_2: 1.122  loss_ce_3: 0.08498  loss_mask_3: 0.04673  loss_dice_3: 1.233  loss_ce_4: 0.1072  loss_mask_4: 0.04113  loss_dice_4: 1.098  loss_ce_5: 0.1098  loss_mask_5: 0.0399  loss_dice_5: 1.314  loss_ce_6: 0.1002  loss_mask_6: 0.04055  loss_dice_6: 1.204  loss_ce_7: 0.07527  loss_mask_7: 0.04405  loss_dice_7: 1.15  loss_ce_8: 0.07783  loss_mask_8: 0.04231  loss_dice_8: 1.155    time: 0.8899  last_time: 0.7892  data_time: 0.0774  last_data_time: 0.0774   lr: 4.4013e-05  max_mem: 13268M
[03/18 13:20:25 d2.utils.events]:  eta: 3:42:55  iter: 4519  total_loss: 10.64  loss_ce: 0.03949  loss_mask: 0.04871  loss_dice: 0.9152  loss_ce_0: 0.2556  loss_mask_0: 0.0718  loss_dice_0: 0.9776  loss_ce_1: 0.0546  loss_mask_1: 0.07767  loss_dice_1: 1.163  loss_ce_2: 0.05955  loss_mask_2: 0.05166  loss_dice_2: 1.001  loss_ce_3: 0.05887  loss_mask_3: 0.05671  loss_dice_3: 0.8627  loss_ce_4: 0.05413  loss_mask_4: 0.04962  loss_dice_4: 0.8207  loss_ce_5: 0.05204  loss_mask_5: 0.05282  loss_dice_5: 0.9338  loss_ce_6: 0.05155  loss_mask_6: 0.04722  loss_dice_6: 0.8583  loss_ce_7: 0.04785  loss_mask_7: 0.05579  loss_dice_7: 0.866  loss_ce_8: 0.04258  loss_mask_8: 0.04548  loss_dice_8: 0.9722    time: 0.8900  last_time: 0.8914  data_time: 0.1630  last_data_time: 0.1630   lr: 4.3962e-05  max_mem: 13268M
[03/18 13:20:43 d2.utils.events]:  eta: 3:42:35  iter: 4539  total_loss: 12.1  loss_ce: 0.08151  loss_mask: 0.05101  loss_dice: 0.8538  loss_ce_0: 0.4111  loss_mask_0: 0.07031  loss_dice_0: 1.178  loss_ce_1: 0.1667  loss_mask_1: 0.06203  loss_dice_1: 1.039  loss_ce_2: 0.08918  loss_mask_2: 0.0615  loss_dice_2: 0.9929  loss_ce_3: 0.09449  loss_mask_3: 0.06025  loss_dice_3: 1.013  loss_ce_4: 0.1452  loss_mask_4: 0.06483  loss_dice_4: 1.012  loss_ce_5: 0.1331  loss_mask_5: 0.05779  loss_dice_5: 1.063  loss_ce_6: 0.1012  loss_mask_6: 0.05627  loss_dice_6: 0.9394  loss_ce_7: 0.09291  loss_mask_7: 0.05672  loss_dice_7: 1.02  loss_ce_8: 0.07773  loss_mask_8: 0.05593  loss_dice_8: 0.9965    time: 0.8899  last_time: 1.1465  data_time: 0.4143  last_data_time: 0.4143   lr: 4.391e-05  max_mem: 13268M
[03/18 13:21:01 d2.utils.events]:  eta: 3:42:22  iter: 4559  total_loss: 11.09  loss_ce: 0.1331  loss_mask: 0.04078  loss_dice: 0.919  loss_ce_0: 0.2963  loss_mask_0: 0.04528  loss_dice_0: 1.002  loss_ce_1: 0.06495  loss_mask_1: 0.03941  loss_dice_1: 0.9065  loss_ce_2: 0.1209  loss_mask_2: 0.05095  loss_dice_2: 0.9536  loss_ce_3: 0.09357  loss_mask_3: 0.04013  loss_dice_3: 0.9534  loss_ce_4: 0.06642  loss_mask_4: 0.04459  loss_dice_4: 1.04  loss_ce_5: 0.06216  loss_mask_5: 0.03891  loss_dice_5: 0.8998  loss_ce_6: 0.1294  loss_mask_6: 0.0485  loss_dice_6: 0.9272  loss_ce_7: 0.03881  loss_mask_7: 0.05058  loss_dice_7: 1.018  loss_ce_8: 0.03504  loss_mask_8: 0.04299  loss_dice_8: 0.9838    time: 0.8898  last_time: 0.8807  data_time: 0.1626  last_data_time: 0.1626   lr: 4.3859e-05  max_mem: 13268M
[03/18 13:21:18 d2.utils.events]:  eta: 3:42:01  iter: 4579  total_loss: 11.61  loss_ce: 0.0347  loss_mask: 0.06964  loss_dice: 1.129  loss_ce_0: 0.1367  loss_mask_0: 0.07612  loss_dice_0: 1.015  loss_ce_1: 0.08987  loss_mask_1: 0.07043  loss_dice_1: 1.011  loss_ce_2: 0.05277  loss_mask_2: 0.0802  loss_dice_2: 1.066  loss_ce_3: 0.05618  loss_mask_3: 0.06146  loss_dice_3: 1.045  loss_ce_4: 0.04941  loss_mask_4: 0.06523  loss_dice_4: 1.223  loss_ce_5: 0.08454  loss_mask_5: 0.06439  loss_dice_5: 0.9808  loss_ce_6: 0.03696  loss_mask_6: 0.06331  loss_dice_6: 0.9395  loss_ce_7: 0.04405  loss_mask_7: 0.06379  loss_dice_7: 1.054  loss_ce_8: 0.03763  loss_mask_8: 0.06915  loss_dice_8: 0.8437    time: 0.8898  last_time: 0.9403  data_time: 0.2367  last_data_time: 0.2367   lr: 4.3807e-05  max_mem: 13268M
[03/18 13:21:37 d2.utils.events]:  eta: 3:41:37  iter: 4599  total_loss: 10.55  loss_ce: 0.03835  loss_mask: 0.04344  loss_dice: 0.7116  loss_ce_0: 0.287  loss_mask_0: 0.05977  loss_dice_0: 1.195  loss_ce_1: 0.04077  loss_mask_1: 0.04936  loss_dice_1: 0.9748  loss_ce_2: 0.04486  loss_mask_2: 0.05269  loss_dice_2: 0.8612  loss_ce_3: 0.07053  loss_mask_3: 0.05134  loss_dice_3: 0.9641  loss_ce_4: 0.05688  loss_mask_4: 0.05201  loss_dice_4: 0.9227  loss_ce_5: 0.04891  loss_mask_5: 0.04739  loss_dice_5: 1.032  loss_ce_6: 0.0443  loss_mask_6: 0.04871  loss_dice_6: 0.7977  loss_ce_7: 0.0428  loss_mask_7: 0.04758  loss_dice_7: 0.9927  loss_ce_8: 0.0376  loss_mask_8: 0.04447  loss_dice_8: 0.8886    time: 0.8898  last_time: 0.8635  data_time: 0.1590  last_data_time: 0.1590   lr: 4.3755e-05  max_mem: 13268M
[03/18 13:21:54 d2.utils.events]:  eta: 3:41:16  iter: 4619  total_loss: 6.005  loss_ce: 0.03681  loss_mask: 0.02578  loss_dice: 0.5271  loss_ce_0: 0.1671  loss_mask_0: 0.03014  loss_dice_0: 0.6953  loss_ce_1: 0.03968  loss_mask_1: 0.02801  loss_dice_1: 0.5294  loss_ce_2: 0.06611  loss_mask_2: 0.02477  loss_dice_2: 0.4778  loss_ce_3: 0.1156  loss_mask_3: 0.02705  loss_dice_3: 0.57  loss_ce_4: 0.04225  loss_mask_4: 0.02821  loss_dice_4: 0.5019  loss_ce_5: 0.0354  loss_mask_5: 0.02791  loss_dice_5: 0.499  loss_ce_6: 0.03322  loss_mask_6: 0.02536  loss_dice_6: 0.4196  loss_ce_7: 0.02947  loss_mask_7: 0.01947  loss_dice_7: 0.4728  loss_ce_8: 0.03279  loss_mask_8: 0.0177  loss_dice_8: 0.4593    time: 0.8897  last_time: 0.8618  data_time: 0.1656  last_data_time: 0.1656   lr: 4.3703e-05  max_mem: 13268M
[03/18 13:22:12 d2.utils.events]:  eta: 3:40:58  iter: 4639  total_loss: 9.008  loss_ce: 0.04863  loss_mask: 0.03965  loss_dice: 0.7378  loss_ce_0: 0.1864  loss_mask_0: 0.05548  loss_dice_0: 0.9504  loss_ce_1: 0.07827  loss_mask_1: 0.03733  loss_dice_1: 0.6992  loss_ce_2: 0.06721  loss_mask_2: 0.04355  loss_dice_2: 0.7545  loss_ce_3: 0.07697  loss_mask_3: 0.04142  loss_dice_3: 0.7448  loss_ce_4: 0.06783  loss_mask_4: 0.03976  loss_dice_4: 0.7653  loss_ce_5: 0.06657  loss_mask_5: 0.04154  loss_dice_5: 0.7602  loss_ce_6: 0.0655  loss_mask_6: 0.04132  loss_dice_6: 0.8278  loss_ce_7: 0.06461  loss_mask_7: 0.03265  loss_dice_7: 0.709  loss_ce_8: 0.06543  loss_mask_8: 0.03703  loss_dice_8: 0.8621    time: 0.8898  last_time: 0.8699  data_time: 0.1203  last_data_time: 0.1203   lr: 4.3651e-05  max_mem: 13268M
[03/18 13:22:30 d2.utils.events]:  eta: 3:40:31  iter: 4659  total_loss: 14.96  loss_ce: 0.1096  loss_mask: 0.04391  loss_dice: 1.345  loss_ce_0: 0.2055  loss_mask_0: 0.05382  loss_dice_0: 1.492  loss_ce_1: 0.09985  loss_mask_1: 0.03914  loss_dice_1: 1.258  loss_ce_2: 0.06557  loss_mask_2: 0.04791  loss_dice_2: 1.4  loss_ce_3: 0.1315  loss_mask_3: 0.04396  loss_dice_3: 1.107  loss_ce_4: 0.1144  loss_mask_4: 0.05144  loss_dice_4: 1.293  loss_ce_5: 0.1017  loss_mask_5: 0.04537  loss_dice_5: 1.258  loss_ce_6: 0.05737  loss_mask_6: 0.04259  loss_dice_6: 1.366  loss_ce_7: 0.06042  loss_mask_7: 0.03708  loss_dice_7: 1.332  loss_ce_8: 0.06474  loss_mask_8: 0.07349  loss_dice_8: 1.62    time: 0.8898  last_time: 0.8453  data_time: 0.1484  last_data_time: 0.1484   lr: 4.3599e-05  max_mem: 13268M
[03/18 13:22:48 d2.utils.events]:  eta: 3:40:24  iter: 4679  total_loss: 7.015  loss_ce: 0.01982  loss_mask: 0.04328  loss_dice: 0.5925  loss_ce_0: 0.2776  loss_mask_0: 0.06257  loss_dice_0: 0.7681  loss_ce_1: 0.03141  loss_mask_1: 0.04603  loss_dice_1: 0.5859  loss_ce_2: 0.02026  loss_mask_2: 0.0382  loss_dice_2: 0.5981  loss_ce_3: 0.01945  loss_mask_3: 0.03871  loss_dice_3: 0.5617  loss_ce_4: 0.0191  loss_mask_4: 0.03686  loss_dice_4: 0.5829  loss_ce_5: 0.02388  loss_mask_5: 0.03722  loss_dice_5: 0.612  loss_ce_6: 0.0213  loss_mask_6: 0.04266  loss_dice_6: 0.5862  loss_ce_7: 0.02212  loss_mask_7: 0.03997  loss_dice_7: 0.6089  loss_ce_8: 0.01946  loss_mask_8: 0.04403  loss_dice_8: 0.615    time: 0.8899  last_time: 0.8875  data_time: 0.1635  last_data_time: 0.1635   lr: 4.3546e-05  max_mem: 13268M
[03/18 13:23:06 d2.utils.events]:  eta: 3:40:12  iter: 4699  total_loss: 15.63  loss_ce: 0.0655  loss_mask: 0.07838  loss_dice: 1.392  loss_ce_0: 0.2581  loss_mask_0: 0.07867  loss_dice_0: 1.327  loss_ce_1: 0.1311  loss_mask_1: 0.09106  loss_dice_1: 1.394  loss_ce_2: 0.1298  loss_mask_2: 0.08606  loss_dice_2: 1.34  loss_ce_3: 0.1885  loss_mask_3: 0.07477  loss_dice_3: 1.189  loss_ce_4: 0.05548  loss_mask_4: 0.08719  loss_dice_4: 1.357  loss_ce_5: 0.0698  loss_mask_5: 0.09146  loss_dice_5: 1.392  loss_ce_6: 0.06842  loss_mask_6: 0.09029  loss_dice_6: 1.316  loss_ce_7: 0.06789  loss_mask_7: 0.0971  loss_dice_7: 1.458  loss_ce_8: 0.1442  loss_mask_8: 0.09486  loss_dice_8: 1.41    time: 0.8898  last_time: 0.8885  data_time: 0.1632  last_data_time: 0.1632   lr: 4.3493e-05  max_mem: 13269M
[03/18 13:23:24 d2.utils.events]:  eta: 3:39:49  iter: 4719  total_loss: 11.53  loss_ce: 0.03894  loss_mask: 0.1743  loss_dice: 0.9226  loss_ce_0: 0.2191  loss_mask_0: 0.2713  loss_dice_0: 1.078  loss_ce_1: 0.03877  loss_mask_1: 0.159  loss_dice_1: 0.9059  loss_ce_2: 0.03432  loss_mask_2: 0.1817  loss_dice_2: 1.155  loss_ce_3: 0.04567  loss_mask_3: 0.1638  loss_dice_3: 0.8568  loss_ce_4: 0.03911  loss_mask_4: 0.1645  loss_dice_4: 0.9119  loss_ce_5: 0.03603  loss_mask_5: 0.1642  loss_dice_5: 0.8523  loss_ce_6: 0.03502  loss_mask_6: 0.1556  loss_dice_6: 0.7867  loss_ce_7: 0.03848  loss_mask_7: 0.1679  loss_dice_7: 0.8688  loss_ce_8: 0.04961  loss_mask_8: 0.167  loss_dice_8: 0.852    time: 0.8897  last_time: 0.8376  data_time: 0.1400  last_data_time: 0.1400   lr: 4.344e-05  max_mem: 13269M
[03/18 13:23:41 d2.utils.events]:  eta: 3:39:22  iter: 4739  total_loss: 13.76  loss_ce: 0.1556  loss_mask: 0.04882  loss_dice: 1.079  loss_ce_0: 0.2157  loss_mask_0: 0.05695  loss_dice_0: 1.348  loss_ce_1: 0.1233  loss_mask_1: 0.0441  loss_dice_1: 1.106  loss_ce_2: 0.1932  loss_mask_2: 0.03745  loss_dice_2: 1.127  loss_ce_3: 0.1802  loss_mask_3: 0.05069  loss_dice_3: 1.223  loss_ce_4: 0.1875  loss_mask_4: 0.0492  loss_dice_4: 1.135  loss_ce_5: 0.2129  loss_mask_5: 0.04542  loss_dice_5: 1.193  loss_ce_6: 0.1857  loss_mask_6: 0.04862  loss_dice_6: 1.086  loss_ce_7: 0.1582  loss_mask_7: 0.05097  loss_dice_7: 1.101  loss_ce_8: 0.1519  loss_mask_8: 0.05074  loss_dice_8: 1.118    time: 0.8895  last_time: 0.8395  data_time: 0.1328  last_data_time: 0.1328   lr: 4.3387e-05  max_mem: 13269M
[03/18 13:23:59 d2.utils.events]:  eta: 3:39:19  iter: 4759  total_loss: 6.575  loss_ce: 0.0209  loss_mask: 0.02852  loss_dice: 0.5903  loss_ce_0: 0.1299  loss_mask_0: 0.04604  loss_dice_0: 0.84  loss_ce_1: 0.03972  loss_mask_1: 0.03022  loss_dice_1: 0.5362  loss_ce_2: 0.03081  loss_mask_2: 0.02491  loss_dice_2: 0.4004  loss_ce_3: 0.02112  loss_mask_3: 0.03154  loss_dice_3: 0.4987  loss_ce_4: 0.02468  loss_mask_4: 0.02539  loss_dice_4: 0.6386  loss_ce_5: 0.02346  loss_mask_5: 0.02855  loss_dice_5: 0.6195  loss_ce_6: 0.02004  loss_mask_6: 0.02912  loss_dice_6: 0.6591  loss_ce_7: 0.01876  loss_mask_7: 0.02408  loss_dice_7: 0.586  loss_ce_8: 0.02097  loss_mask_8: 0.02753  loss_dice_8: 0.5599    time: 0.8895  last_time: 0.8963  data_time: 0.1759  last_data_time: 0.1759   lr: 4.3334e-05  max_mem: 13269M
[03/18 13:24:17 d2.utils.events]:  eta: 3:39:02  iter: 4779  total_loss: 9.18  loss_ce: 0.02709  loss_mask: 0.1038  loss_dice: 0.7667  loss_ce_0: 0.2858  loss_mask_0: 0.1463  loss_dice_0: 0.7287  loss_ce_1: 0.1279  loss_mask_1: 0.1007  loss_dice_1: 0.728  loss_ce_2: 0.04712  loss_mask_2: 0.1019  loss_dice_2: 0.8164  loss_ce_3: 0.02433  loss_mask_3: 0.1018  loss_dice_3: 0.6719  loss_ce_4: 0.02383  loss_mask_4: 0.09845  loss_dice_4: 0.7489  loss_ce_5: 0.02147  loss_mask_5: 0.0965  loss_dice_5: 0.7352  loss_ce_6: 0.02272  loss_mask_6: 0.1046  loss_dice_6: 0.7794  loss_ce_7: 0.0258  loss_mask_7: 0.115  loss_dice_7: 0.7324  loss_ce_8: 0.0274  loss_mask_8: 0.1147  loss_dice_8: 0.7553    time: 0.8896  last_time: 0.8446  data_time: 0.1212  last_data_time: 0.1212   lr: 4.3281e-05  max_mem: 13269M
[03/18 13:24:36 d2.utils.events]:  eta: 3:38:46  iter: 4799  total_loss: 10.7  loss_ce: 0.1051  loss_mask: 0.03267  loss_dice: 0.9842  loss_ce_0: 0.2263  loss_mask_0: 0.04037  loss_dice_0: 1.138  loss_ce_1: 0.1233  loss_mask_1: 0.03372  loss_dice_1: 0.8185  loss_ce_2: 0.1226  loss_mask_2: 0.0495  loss_dice_2: 0.9995  loss_ce_3: 0.1236  loss_mask_3: 0.03079  loss_dice_3: 0.7374  loss_ce_4: 0.1245  loss_mask_4: 0.03649  loss_dice_4: 1.061  loss_ce_5: 0.1237  loss_mask_5: 0.03501  loss_dice_5: 0.8763  loss_ce_6: 0.1165  loss_mask_6: 0.03181  loss_dice_6: 0.7731  loss_ce_7: 0.06641  loss_mask_7: 0.03819  loss_dice_7: 1.009  loss_ce_8: 0.09671  loss_mask_8: 0.03309  loss_dice_8: 0.7127    time: 0.8898  last_time: 0.8279  data_time: 0.1236  last_data_time: 0.1236   lr: 4.3227e-05  max_mem: 13269M
[03/18 13:24:54 d2.utils.events]:  eta: 3:38:27  iter: 4819  total_loss: 12.28  loss_ce: 0.06758  loss_mask: 0.06312  loss_dice: 1.101  loss_ce_0: 0.2836  loss_mask_0: 0.08479  loss_dice_0: 1.233  loss_ce_1: 0.1285  loss_mask_1: 0.07966  loss_dice_1: 1.116  loss_ce_2: 0.03148  loss_mask_2: 0.06219  loss_dice_2: 1.051  loss_ce_3: 0.1037  loss_mask_3: 0.07234  loss_dice_3: 1.133  loss_ce_4: 0.08472  loss_mask_4: 0.0732  loss_dice_4: 0.9309  loss_ce_5: 0.07079  loss_mask_5: 0.06067  loss_dice_5: 0.968  loss_ce_6: 0.1097  loss_mask_6: 0.09091  loss_dice_6: 1.029  loss_ce_7: 0.09577  loss_mask_7: 0.08435  loss_dice_7: 0.9875  loss_ce_8: 0.09827  loss_mask_8: 0.05524  loss_dice_8: 0.9304    time: 0.8898  last_time: 0.8539  data_time: 0.1363  last_data_time: 0.1363   lr: 4.3173e-05  max_mem: 13269M
[03/18 13:25:12 d2.utils.events]:  eta: 3:38:14  iter: 4839  total_loss: 10.81  loss_ce: 0.07277  loss_mask: 0.0816  loss_dice: 0.9663  loss_ce_0: 0.2422  loss_mask_0: 0.08043  loss_dice_0: 0.8246  loss_ce_1: 0.08752  loss_mask_1: 0.07741  loss_dice_1: 0.9448  loss_ce_2: 0.103  loss_mask_2: 0.07831  loss_dice_2: 0.9401  loss_ce_3: 0.09354  loss_mask_3: 0.07248  loss_dice_3: 0.9434  loss_ce_4: 0.04994  loss_mask_4: 0.07539  loss_dice_4: 0.8854  loss_ce_5: 0.05019  loss_mask_5: 0.07277  loss_dice_5: 0.885  loss_ce_6: 0.07083  loss_mask_6: 0.08274  loss_dice_6: 0.8459  loss_ce_7: 0.07539  loss_mask_7: 0.08656  loss_dice_7: 0.9674  loss_ce_8: 0.07853  loss_mask_8: 0.07799  loss_dice_8: 0.9002    time: 0.8898  last_time: 0.9593  data_time: 0.2303  last_data_time: 0.2303   lr: 4.3119e-05  max_mem: 13269M
[03/18 13:25:30 d2.utils.events]:  eta: 3:37:53  iter: 4859  total_loss: 13.64  loss_ce: 0.1479  loss_mask: 0.09578  loss_dice: 1.041  loss_ce_0: 0.3547  loss_mask_0: 0.1053  loss_dice_0: 1.149  loss_ce_1: 0.2162  loss_mask_1: 0.09536  loss_dice_1: 1.144  loss_ce_2: 0.1737  loss_mask_2: 0.09734  loss_dice_2: 0.9898  loss_ce_3: 0.192  loss_mask_3: 0.08794  loss_dice_3: 1.312  loss_ce_4: 0.1444  loss_mask_4: 0.08761  loss_dice_4: 1.061  loss_ce_5: 0.1247  loss_mask_5: 0.08698  loss_dice_5: 1.074  loss_ce_6: 0.1351  loss_mask_6: 0.08248  loss_dice_6: 0.8868  loss_ce_7: 0.1288  loss_mask_7: 0.08811  loss_dice_7: 1.092  loss_ce_8: 0.1512  loss_mask_8: 0.08747  loss_dice_8: 1.203    time: 0.8898  last_time: 0.9593  data_time: 0.2305  last_data_time: 0.2305   lr: 4.3065e-05  max_mem: 13269M
[03/18 13:25:48 d2.utils.events]:  eta: 3:37:37  iter: 4879  total_loss: 9.221  loss_ce: 0.0454  loss_mask: 0.07421  loss_dice: 0.773  loss_ce_0: 0.199  loss_mask_0: 0.07797  loss_dice_0: 0.8446  loss_ce_1: 0.1029  loss_mask_1: 0.07133  loss_dice_1: 0.7456  loss_ce_2: 0.08566  loss_mask_2: 0.08645  loss_dice_2: 0.8116  loss_ce_3: 0.04242  loss_mask_3: 0.07514  loss_dice_3: 0.785  loss_ce_4: 0.04101  loss_mask_4: 0.08635  loss_dice_4: 0.8274  loss_ce_5: 0.04857  loss_mask_5: 0.07603  loss_dice_5: 0.7749  loss_ce_6: 0.04476  loss_mask_6: 0.07294  loss_dice_6: 0.6977  loss_ce_7: 0.04429  loss_mask_7: 0.07382  loss_dice_7: 0.7381  loss_ce_8: 0.04482  loss_mask_8: 0.08204  loss_dice_8: 0.7485    time: 0.8899  last_time: 0.9355  data_time: 0.2181  last_data_time: 0.2181   lr: 4.301e-05  max_mem: 13269M
[03/18 13:26:06 d2.utils.events]:  eta: 3:37:23  iter: 4899  total_loss: 12.57  loss_ce: 0.1757  loss_mask: 0.07744  loss_dice: 0.8594  loss_ce_0: 0.266  loss_mask_0: 0.07402  loss_dice_0: 1.09  loss_ce_1: 0.1142  loss_mask_1: 0.06159  loss_dice_1: 1.191  loss_ce_2: 0.123  loss_mask_2: 0.06067  loss_dice_2: 1.069  loss_ce_3: 0.09221  loss_mask_3: 0.06575  loss_dice_3: 1.201  loss_ce_4: 0.1254  loss_mask_4: 0.05705  loss_dice_4: 0.9861  loss_ce_5: 0.1066  loss_mask_5: 0.07082  loss_dice_5: 1.054  loss_ce_6: 0.1163  loss_mask_6: 0.04836  loss_dice_6: 1.046  loss_ce_7: 0.2009  loss_mask_7: 0.05881  loss_dice_7: 1.011  loss_ce_8: 0.1183  loss_mask_8: 0.05069  loss_dice_8: 0.9974    time: 0.8899  last_time: 0.9464  data_time: 0.2271  last_data_time: 0.2271   lr: 4.2956e-05  max_mem: 13269M
[03/18 13:26:23 d2.utils.events]:  eta: 3:37:06  iter: 4919  total_loss: 9.247  loss_ce: 0.03701  loss_mask: 0.05891  loss_dice: 0.8082  loss_ce_0: 0.2592  loss_mask_0: 0.08539  loss_dice_0: 0.9202  loss_ce_1: 0.06193  loss_mask_1: 0.04783  loss_dice_1: 0.874  loss_ce_2: 0.06399  loss_mask_2: 0.06254  loss_dice_2: 0.8025  loss_ce_3: 0.04858  loss_mask_3: 0.05585  loss_dice_3: 0.7752  loss_ce_4: 0.04633  loss_mask_4: 0.05096  loss_dice_4: 0.763  loss_ce_5: 0.03298  loss_mask_5: 0.0579  loss_dice_5: 0.7693  loss_ce_6: 0.03469  loss_mask_6: 0.05364  loss_dice_6: 0.7789  loss_ce_7: 0.03598  loss_mask_7: 0.05532  loss_dice_7: 0.6659  loss_ce_8: 0.0345  loss_mask_8: 0.05445  loss_dice_8: 0.8512    time: 0.8897  last_time: 0.8853  data_time: 0.1706  last_data_time: 0.1706   lr: 4.2901e-05  max_mem: 13269M
[03/18 13:26:41 d2.utils.events]:  eta: 3:36:46  iter: 4939  total_loss: 16.24  loss_ce: 0.1606  loss_mask: 0.04608  loss_dice: 1.284  loss_ce_0: 0.2577  loss_mask_0: 0.08681  loss_dice_0: 1.793  loss_ce_1: 0.217  loss_mask_1: 0.05388  loss_dice_1: 1.497  loss_ce_2: 0.169  loss_mask_2: 0.0646  loss_dice_2: 1.496  loss_ce_3: 0.2027  loss_mask_3: 0.04868  loss_dice_3: 1.237  loss_ce_4: 0.1285  loss_mask_4: 0.07407  loss_dice_4: 1.589  loss_ce_5: 0.1201  loss_mask_5: 0.04731  loss_dice_5: 1.18  loss_ce_6: 0.158  loss_mask_6: 0.04706  loss_dice_6: 1.24  loss_ce_7: 0.1415  loss_mask_7: 0.05026  loss_dice_7: 1.297  loss_ce_8: 0.1514  loss_mask_8: 0.04944  loss_dice_8: 1.356    time: 0.8897  last_time: 0.8298  data_time: 0.1284  last_data_time: 0.1284   lr: 4.2846e-05  max_mem: 13269M
[03/18 13:26:58 d2.utils.events]:  eta: 3:36:30  iter: 4959  total_loss: 20.03  loss_ce: 0.07395  loss_mask: 0.07793  loss_dice: 1.781  loss_ce_0: 0.4716  loss_mask_0: 0.08268  loss_dice_0: 1.885  loss_ce_1: 0.09208  loss_mask_1: 0.07204  loss_dice_1: 1.811  loss_ce_2: 0.1036  loss_mask_2: 0.09443  loss_dice_2: 1.809  loss_ce_3: 0.08191  loss_mask_3: 0.08793  loss_dice_3: 1.84  loss_ce_4: 0.07009  loss_mask_4: 0.09455  loss_dice_4: 1.788  loss_ce_5: 0.07342  loss_mask_5: 0.08862  loss_dice_5: 1.748  loss_ce_6: 0.07202  loss_mask_6: 0.08876  loss_dice_6: 1.83  loss_ce_7: 0.08294  loss_mask_7: 0.07748  loss_dice_7: 1.75  loss_ce_8: 0.07126  loss_mask_8: 0.07961  loss_dice_8: 1.746    time: 0.8895  last_time: 0.7914  data_time: 0.0783  last_data_time: 0.0783   lr: 4.2791e-05  max_mem: 13269M
[03/18 13:27:15 d2.utils.events]:  eta: 3:36:17  iter: 4979  total_loss: 6.575  loss_ce: 0.0165  loss_mask: 0.02969  loss_dice: 0.626  loss_ce_0: 0.16  loss_mask_0: 0.03689  loss_dice_0: 0.5595  loss_ce_1: 0.0176  loss_mask_1: 0.03639  loss_dice_1: 0.5095  loss_ce_2: 0.01849  loss_mask_2: 0.02916  loss_dice_2: 0.5644  loss_ce_3: 0.01516  loss_mask_3: 0.03513  loss_dice_3: 0.5791  loss_ce_4: 0.01448  loss_mask_4: 0.02916  loss_dice_4: 0.7047  loss_ce_5: 0.01418  loss_mask_5: 0.03648  loss_dice_5: 0.6929  loss_ce_6: 0.01446  loss_mask_6: 0.02976  loss_dice_6: 0.5668  loss_ce_7: 0.01512  loss_mask_7: 0.03074  loss_dice_7: 0.6424  loss_ce_8: 0.01617  loss_mask_8: 0.03182  loss_dice_8: 0.5028    time: 0.8894  last_time: 1.0004  data_time: 0.2967  last_data_time: 0.2967   lr: 4.2736e-05  max_mem: 13269M
[03/18 13:27:33 fvcore.common.checkpoint]: Saving checkpoint to /mnt/data/mis2025/group_6/Parameter/trained_para/graphene_mid_finetune_unfreeze_2stages/model_0004999.pth
[03/18 13:27:34 d2.utils.events]:  eta: 3:36:04  iter: 4999  total_loss: 10.36  loss_ce: 0.05227  loss_mask: 0.03209  loss_dice: 0.8259  loss_ce_0: 0.574  loss_mask_0: 0.03778  loss_dice_0: 0.993  loss_ce_1: 0.09359  loss_mask_1: 0.04375  loss_dice_1: 0.8702  loss_ce_2: 0.1207  loss_mask_2: 0.04087  loss_dice_2: 0.8853  loss_ce_3: 0.0628  loss_mask_3: 0.03126  loss_dice_3: 0.8902  loss_ce_4: 0.05305  loss_mask_4: 0.04595  loss_dice_4: 0.8751  loss_ce_5: 0.121  loss_mask_5: 0.02801  loss_dice_5: 0.8451  loss_ce_6: 0.0474  loss_mask_6: 0.03265  loss_dice_6: 0.8856  loss_ce_7: 0.05268  loss_mask_7: 0.02917  loss_dice_7: 0.7757  loss_ce_8: 0.05633  loss_mask_8: 0.03144  loss_dice_8: 0.9242    time: 0.8894  last_time: 1.0924  data_time: 0.2356  last_data_time: 0.2356   lr: 4.268e-05  max_mem: 13269M
[03/18 13:27:52 d2.utils.events]:  eta: 3:35:38  iter: 5019  total_loss: 7.629  loss_ce: 0.009422  loss_mask: 0.0415  loss_dice: 0.5145  loss_ce_0: 0.1317  loss_mask_0: 0.06117  loss_dice_0: 0.768  loss_ce_1: 0.06602  loss_mask_1: 0.0396  loss_dice_1: 0.5308  loss_ce_2: 0.01166  loss_mask_2: 0.04698  loss_dice_2: 0.7822  loss_ce_3: 0.0105  loss_mask_3: 0.03764  loss_dice_3: 0.606  loss_ce_4: 0.01119  loss_mask_4: 0.03935  loss_dice_4: 0.855  loss_ce_5: 0.01037  loss_mask_5: 0.04558  loss_dice_5: 0.7398  loss_ce_6: 0.00907  loss_mask_6: 0.04561  loss_dice_6: 0.6351  loss_ce_7: 0.009242  loss_mask_7: 0.03885  loss_dice_7: 0.6557  loss_ce_8: 0.01007  loss_mask_8: 0.0433  loss_dice_8: 0.8235    time: 0.8894  last_time: 0.8287  data_time: 0.1171  last_data_time: 0.1171   lr: 4.2625e-05  max_mem: 13269M
[03/18 13:28:10 d2.utils.events]:  eta: 3:35:25  iter: 5039  total_loss: 13.85  loss_ce: 0.1194  loss_mask: 0.05362  loss_dice: 1.173  loss_ce_0: 0.2515  loss_mask_0: 0.06031  loss_dice_0: 1.133  loss_ce_1: 0.1399  loss_mask_1: 0.06355  loss_dice_1: 1.233  loss_ce_2: 0.1837  loss_mask_2: 0.06193  loss_dice_2: 1.266  loss_ce_3: 0.06496  loss_mask_3: 0.05135  loss_dice_3: 1.081  loss_ce_4: 0.214  loss_mask_4: 0.05262  loss_dice_4: 1.183  loss_ce_5: 0.06468  loss_mask_5: 0.04694  loss_dice_5: 1.192  loss_ce_6: 0.1734  loss_mask_6: 0.06248  loss_dice_6: 1.199  loss_ce_7: 0.1276  loss_mask_7: 0.06768  loss_dice_7: 1.208  loss_ce_8: 0.07974  loss_mask_8: 0.05139  loss_dice_8: 1.193    time: 0.8895  last_time: 0.8677  data_time: 0.1476  last_data_time: 0.1476   lr: 4.2569e-05  max_mem: 13269M
[03/18 13:28:29 d2.utils.events]:  eta: 3:35:10  iter: 5059  total_loss: 10.63  loss_ce: 0.02764  loss_mask: 0.05157  loss_dice: 0.9067  loss_ce_0: 0.2257  loss_mask_0: 0.08718  loss_dice_0: 1.05  loss_ce_1: 0.0931  loss_mask_1: 0.08754  loss_dice_1: 0.9044  loss_ce_2: 0.1178  loss_mask_2: 0.07566  loss_dice_2: 0.9001  loss_ce_3: 0.1105  loss_mask_3: 0.06034  loss_dice_3: 0.8098  loss_ce_4: 0.09942  loss_mask_4: 0.05496  loss_dice_4: 0.8719  loss_ce_5: 0.09672  loss_mask_5: 0.05423  loss_dice_5: 0.8714  loss_ce_6: 0.09191  loss_mask_6: 0.04545  loss_dice_6: 0.8344  loss_ce_7: 0.09619  loss_mask_7: 0.05097  loss_dice_7: 0.8837  loss_ce_8: 0.02931  loss_mask_8: 0.05079  loss_dice_8: 0.9938    time: 0.8895  last_time: 0.9074  data_time: 0.1898  last_data_time: 0.1898   lr: 4.2513e-05  max_mem: 13269M
[03/18 13:28:46 d2.utils.events]:  eta: 3:34:46  iter: 5079  total_loss: 14.27  loss_ce: 0.1586  loss_mask: 0.03402  loss_dice: 1.057  loss_ce_0: 0.3628  loss_mask_0: 0.04167  loss_dice_0: 1.12  loss_ce_1: 0.1395  loss_mask_1: 0.04547  loss_dice_1: 1.209  loss_ce_2: 0.1252  loss_mask_2: 0.04412  loss_dice_2: 1.417  loss_ce_3: 0.09695  loss_mask_3: 0.05377  loss_dice_3: 1.34  loss_ce_4: 0.2195  loss_mask_4: 0.04989  loss_dice_4: 1.223  loss_ce_5: 0.0913  loss_mask_5: 0.04249  loss_dice_5: 1.249  loss_ce_6: 0.1453  loss_mask_6: 0.04524  loss_dice_6: 1.369  loss_ce_7: 0.1327  loss_mask_7: 0.03835  loss_dice_7: 1.13  loss_ce_8: 0.1651  loss_mask_8: 0.04594  loss_dice_8: 1.077    time: 0.8895  last_time: 0.8482  data_time: 0.1341  last_data_time: 0.1341   lr: 4.2457e-05  max_mem: 13269M
[03/18 13:29:04 d2.utils.events]:  eta: 3:34:27  iter: 5099  total_loss: 15.4  loss_ce: 0.2159  loss_mask: 0.06072  loss_dice: 1.264  loss_ce_0: 0.3347  loss_mask_0: 0.1069  loss_dice_0: 1.604  loss_ce_1: 0.2294  loss_mask_1: 0.06653  loss_dice_1: 1.215  loss_ce_2: 0.1746  loss_mask_2: 0.04005  loss_dice_2: 1.113  loss_ce_3: 0.1642  loss_mask_3: 0.05838  loss_dice_3: 0.9751  loss_ce_4: 0.1333  loss_mask_4: 0.0706  loss_dice_4: 1.491  loss_ce_5: 0.1626  loss_mask_5: 0.07369  loss_dice_5: 1.323  loss_ce_6: 0.2111  loss_mask_6: 0.05097  loss_dice_6: 1.272  loss_ce_7: 0.1332  loss_mask_7: 0.06868  loss_dice_7: 1.376  loss_ce_8: 0.1149  loss_mask_8: 0.06909  loss_dice_8: 1.232    time: 0.8894  last_time: 1.0021  data_time: 0.2892  last_data_time: 0.2892   lr: 4.2401e-05  max_mem: 13269M
[03/18 13:29:22 d2.utils.events]:  eta: 3:34:16  iter: 5119  total_loss: 7.484  loss_ce: 0.07713  loss_mask: 0.04584  loss_dice: 0.5478  loss_ce_0: 0.2963  loss_mask_0: 0.06247  loss_dice_0: 0.6547  loss_ce_1: 0.1027  loss_mask_1: 0.04896  loss_dice_1: 0.5245  loss_ce_2: 0.1214  loss_mask_2: 0.04883  loss_dice_2: 0.595  loss_ce_3: 0.1232  loss_mask_3: 0.05378  loss_dice_3: 0.5383  loss_ce_4: 0.1124  loss_mask_4: 0.05199  loss_dice_4: 0.5383  loss_ce_5: 0.1579  loss_mask_5: 0.0462  loss_dice_5: 0.583  loss_ce_6: 0.1004  loss_mask_6: 0.04308  loss_dice_6: 0.5733  loss_ce_7: 0.1136  loss_mask_7: 0.04919  loss_dice_7: 0.5438  loss_ce_8: 0.08039  loss_mask_8: 0.04784  loss_dice_8: 0.6018    time: 0.8895  last_time: 0.9362  data_time: 0.2203  last_data_time: 0.2203   lr: 4.2344e-05  max_mem: 13269M
[03/18 13:29:40 d2.utils.events]:  eta: 3:33:56  iter: 5139  total_loss: 12.28  loss_ce: 0.09289  loss_mask: 0.06509  loss_dice: 0.86  loss_ce_0: 0.3371  loss_mask_0: 0.08121  loss_dice_0: 1.227  loss_ce_1: 0.1575  loss_mask_1: 0.06291  loss_dice_1: 0.8807  loss_ce_2: 0.1414  loss_mask_2: 0.06623  loss_dice_2: 0.9816  loss_ce_3: 0.1061  loss_mask_3: 0.0743  loss_dice_3: 1.068  loss_ce_4: 0.1109  loss_mask_4: 0.08183  loss_dice_4: 1.047  loss_ce_5: 0.108  loss_mask_5: 0.0677  loss_dice_5: 0.9783  loss_ce_6: 0.1376  loss_mask_6: 0.07624  loss_dice_6: 0.9777  loss_ce_7: 0.07606  loss_mask_7: 0.07707  loss_dice_7: 1.152  loss_ce_8: 0.07996  loss_mask_8: 0.06057  loss_dice_8: 1.051    time: 0.8895  last_time: 0.8905  data_time: 0.1913  last_data_time: 0.1913   lr: 4.2288e-05  max_mem: 13269M
[03/18 13:29:59 d2.utils.events]:  eta: 3:33:39  iter: 5159  total_loss: 11.44  loss_ce: 0.06838  loss_mask: 0.04317  loss_dice: 1.137  loss_ce_0: 0.1584  loss_mask_0: 0.08631  loss_dice_0: 1.448  loss_ce_1: 0.08277  loss_mask_1: 0.03775  loss_dice_1: 0.9965  loss_ce_2: 0.05662  loss_mask_2: 0.04007  loss_dice_2: 0.894  loss_ce_3: 0.06518  loss_mask_3: 0.03712  loss_dice_3: 0.9307  loss_ce_4: 0.04281  loss_mask_4: 0.0317  loss_dice_4: 0.7923  loss_ce_5: 0.06472  loss_mask_5: 0.04118  loss_dice_5: 1.182  loss_ce_6: 0.05404  loss_mask_6: 0.03446  loss_dice_6: 0.8308  loss_ce_7: 0.0462  loss_mask_7: 0.03989  loss_dice_7: 1.089  loss_ce_8: 0.06509  loss_mask_8: 0.03912  loss_dice_8: 1.002    time: 0.8896  last_time: 1.2604  data_time: 0.5586  last_data_time: 0.5586   lr: 4.2231e-05  max_mem: 13269M
[03/18 13:30:16 d2.utils.events]:  eta: 3:33:29  iter: 5179  total_loss: 14.98  loss_ce: 0.2304  loss_mask: 0.09153  loss_dice: 1.327  loss_ce_0: 0.2689  loss_mask_0: 0.08333  loss_dice_0: 1.164  loss_ce_1: 0.1509  loss_mask_1: 0.1035  loss_dice_1: 1.238  loss_ce_2: 0.1402  loss_mask_2: 0.1082  loss_dice_2: 1.338  loss_ce_3: 0.1816  loss_mask_3: 0.09525  loss_dice_3: 1.179  loss_ce_4: 0.1587  loss_mask_4: 0.1108  loss_dice_4: 1.181  loss_ce_5: 0.1703  loss_mask_5: 0.09554  loss_dice_5: 1.144  loss_ce_6: 0.1702  loss_mask_6: 0.1067  loss_dice_6: 1.202  loss_ce_7: 0.1939  loss_mask_7: 0.0872  loss_dice_7: 1.133  loss_ce_8: 0.2001  loss_mask_8: 0.1042  loss_dice_8: 1.22    time: 0.8896  last_time: 0.9330  data_time: 0.2247  last_data_time: 0.2247   lr: 4.2174e-05  max_mem: 13269M
[03/18 13:30:33 d2.utils.events]:  eta: 3:33:01  iter: 5199  total_loss: 17.11  loss_ce: 0.1051  loss_mask: 0.0933  loss_dice: 1.492  loss_ce_0: 0.2003  loss_mask_0: 0.08461  loss_dice_0: 1.376  loss_ce_1: 0.1071  loss_mask_1: 0.1194  loss_dice_1: 1.472  loss_ce_2: 0.1138  loss_mask_2: 0.08908  loss_dice_2: 1.543  loss_ce_3: 0.09868  loss_mask_3: 0.1248  loss_dice_3: 1.486  loss_ce_4: 0.09456  loss_mask_4: 0.1053  loss_dice_4: 1.422  loss_ce_5: 0.08536  loss_mask_5: 0.1113  loss_dice_5: 1.563  loss_ce_6: 0.1049  loss_mask_6: 0.1117  loss_dice_6: 1.674  loss_ce_7: 0.03755  loss_mask_7: 0.08873  loss_dice_7: 1.563  loss_ce_8: 0.1116  loss_mask_8: 0.1328  loss_dice_8: 1.402    time: 0.8894  last_time: 1.0264  data_time: 0.0603  last_data_time: 0.0603   lr: 4.2117e-05  max_mem: 13269M
[03/18 13:30:51 d2.utils.events]:  eta: 3:32:49  iter: 5219  total_loss: 18.01  loss_ce: 0.1083  loss_mask: 0.09701  loss_dice: 1.777  loss_ce_0: 0.2114  loss_mask_0: 0.08503  loss_dice_0: 1.686  loss_ce_1: 0.2184  loss_mask_1: 0.08106  loss_dice_1: 1.399  loss_ce_2: 0.1653  loss_mask_2: 0.07943  loss_dice_2: 1.852  loss_ce_3: 0.06907  loss_mask_3: 0.08439  loss_dice_3: 1.561  loss_ce_4: 0.1197  loss_mask_4: 0.06893  loss_dice_4: 1.295  loss_ce_5: 0.1256  loss_mask_5: 0.08964  loss_dice_5: 1.511  loss_ce_6: 0.1372  loss_mask_6: 0.1048  loss_dice_6: 1.54  loss_ce_7: 0.1229  loss_mask_7: 0.07998  loss_dice_7: 1.532  loss_ce_8: 0.1098  loss_mask_8: 0.08609  loss_dice_8: 1.609    time: 0.8894  last_time: 0.8705  data_time: 0.1652  last_data_time: 0.1652   lr: 4.2059e-05  max_mem: 13269M
[03/18 13:31:09 d2.utils.events]:  eta: 3:32:31  iter: 5239  total_loss: 8.135  loss_ce: 0.08596  loss_mask: 0.03821  loss_dice: 0.6889  loss_ce_0: 0.2071  loss_mask_0: 0.06037  loss_dice_0: 0.9906  loss_ce_1: 0.07515  loss_mask_1: 0.04021  loss_dice_1: 0.6109  loss_ce_2: 0.09036  loss_mask_2: 0.04604  loss_dice_2: 0.6496  loss_ce_3: 0.09211  loss_mask_3: 0.04626  loss_dice_3: 0.8195  loss_ce_4: 0.03523  loss_mask_4: 0.03832  loss_dice_4: 0.746  loss_ce_5: 0.02842  loss_mask_5: 0.03627  loss_dice_5: 0.6162  loss_ce_6: 0.03441  loss_mask_6: 0.03133  loss_dice_6: 0.53  loss_ce_7: 0.03503  loss_mask_7: 0.03978  loss_dice_7: 0.5828  loss_ce_8: 0.03922  loss_mask_8: 0.03924  loss_dice_8: 0.7617    time: 0.8893  last_time: 0.8378  data_time: 0.1359  last_data_time: 0.1359   lr: 4.2002e-05  max_mem: 13269M
[03/18 13:31:26 d2.utils.events]:  eta: 3:32:11  iter: 5259  total_loss: 10.81  loss_ce: 0.1038  loss_mask: 0.04096  loss_dice: 0.906  loss_ce_0: 0.3145  loss_mask_0: 0.04121  loss_dice_0: 1.054  loss_ce_1: 0.1718  loss_mask_1: 0.04827  loss_dice_1: 0.9658  loss_ce_2: 0.1461  loss_mask_2: 0.04087  loss_dice_2: 0.7303  loss_ce_3: 0.1521  loss_mask_3: 0.04014  loss_dice_3: 0.8854  loss_ce_4: 0.06674  loss_mask_4: 0.04879  loss_dice_4: 1.01  loss_ce_5: 0.1033  loss_mask_5: 0.04405  loss_dice_5: 0.9472  loss_ce_6: 0.1001  loss_mask_6: 0.04257  loss_dice_6: 0.7876  loss_ce_7: 0.05489  loss_mask_7: 0.03936  loss_dice_7: 0.9739  loss_ce_8: 0.1051  loss_mask_8: 0.04131  loss_dice_8: 0.8005    time: 0.8893  last_time: 0.8701  data_time: 0.1647  last_data_time: 0.1647   lr: 4.1944e-05  max_mem: 13269M
[03/18 13:31:44 d2.utils.events]:  eta: 3:31:40  iter: 5279  total_loss: 9.923  loss_ce: 0.05335  loss_mask: 0.04964  loss_dice: 0.8193  loss_ce_0: 0.4561  loss_mask_0: 0.08439  loss_dice_0: 1.07  loss_ce_1: 0.08668  loss_mask_1: 0.04685  loss_dice_1: 0.941  loss_ce_2: 0.0618  loss_mask_2: 0.03897  loss_dice_2: 0.6857  loss_ce_3: 0.09199  loss_mask_3: 0.04084  loss_dice_3: 0.751  loss_ce_4: 0.07686  loss_mask_4: 0.05135  loss_dice_4: 0.9035  loss_ce_5: 0.07813  loss_mask_5: 0.04838  loss_dice_5: 0.7727  loss_ce_6: 0.05727  loss_mask_6: 0.04731  loss_dice_6: 0.8961  loss_ce_7: 0.07696  loss_mask_7: 0.04973  loss_dice_7: 0.7339  loss_ce_8: 0.07664  loss_mask_8: 0.04965  loss_dice_8: 0.7266    time: 0.8892  last_time: 1.0243  data_time: 0.3181  last_data_time: 0.3181   lr: 4.1886e-05  max_mem: 13269M
[03/18 13:32:01 d2.utils.events]:  eta: 3:31:13  iter: 5299  total_loss: 14.78  loss_ce: 0.01684  loss_mask: 0.07143  loss_dice: 1.359  loss_ce_0: 0.1148  loss_mask_0: 0.1153  loss_dice_0: 1.436  loss_ce_1: 0.0427  loss_mask_1: 0.08439  loss_dice_1: 1.62  loss_ce_2: 0.02101  loss_mask_2: 0.06778  loss_dice_2: 1.282  loss_ce_3: 0.02108  loss_mask_3: 0.0892  loss_dice_3: 1.379  loss_ce_4: 0.01506  loss_mask_4: 0.07825  loss_dice_4: 1.225  loss_ce_5: 0.0161  loss_mask_5: 0.0685  loss_dice_5: 1.291  loss_ce_6: 0.01625  loss_mask_6: 0.07322  loss_dice_6: 1.191  loss_ce_7: 0.01817  loss_mask_7: 0.08873  loss_dice_7: 1.47  loss_ce_8: 0.01762  loss_mask_8: 0.06115  loss_dice_8: 1.424    time: 0.8891  last_time: 0.8402  data_time: 0.1261  last_data_time: 0.1261   lr: 4.1828e-05  max_mem: 13269M
[03/18 13:32:21 d2.utils.events]:  eta: 3:30:54  iter: 5319  total_loss: 11.11  loss_ce: 0.1962  loss_mask: 0.0764  loss_dice: 0.8032  loss_ce_0: 0.4673  loss_mask_0: 0.09333  loss_dice_0: 1.02  loss_ce_1: 0.1238  loss_mask_1: 0.08011  loss_dice_1: 0.8726  loss_ce_2: 0.1456  loss_mask_2: 0.09372  loss_dice_2: 0.8849  loss_ce_3: 0.1729  loss_mask_3: 0.08549  loss_dice_3: 0.7846  loss_ce_4: 0.08451  loss_mask_4: 0.07521  loss_dice_4: 0.884  loss_ce_5: 0.1011  loss_mask_5: 0.09014  loss_dice_5: 0.8292  loss_ce_6: 0.151  loss_mask_6: 0.08418  loss_dice_6: 0.7766  loss_ce_7: 0.1064  loss_mask_7: 0.09788  loss_dice_7: 0.8681  loss_ce_8: 0.1235  loss_mask_8: 0.09003  loss_dice_8: 0.8446    time: 0.8893  last_time: 0.9419  data_time: 0.2108  last_data_time: 0.2108   lr: 4.177e-05  max_mem: 13269M
[03/18 13:32:38 d2.utils.events]:  eta: 3:30:39  iter: 5339  total_loss: 10.54  loss_ce: 0.1068  loss_mask: 0.05334  loss_dice: 0.9513  loss_ce_0: 0.3525  loss_mask_0: 0.06649  loss_dice_0: 0.8917  loss_ce_1: 0.1374  loss_mask_1: 0.05796  loss_dice_1: 0.8064  loss_ce_2: 0.06853  loss_mask_2: 0.04913  loss_dice_2: 0.8548  loss_ce_3: 0.06884  loss_mask_3: 0.056  loss_dice_3: 0.9289  loss_ce_4: 0.06301  loss_mask_4: 0.05445  loss_dice_4: 0.8733  loss_ce_5: 0.0636  loss_mask_5: 0.05484  loss_dice_5: 0.8653  loss_ce_6: 0.1143  loss_mask_6: 0.0552  loss_dice_6: 0.9374  loss_ce_7: 0.1172  loss_mask_7: 0.04988  loss_dice_7: 0.7976  loss_ce_8: 0.0539  loss_mask_8: 0.04768  loss_dice_8: 0.9378    time: 0.8893  last_time: 0.9157  data_time: 0.2071  last_data_time: 0.2071   lr: 4.1712e-05  max_mem: 13269M
[03/18 13:32:56 d2.utils.events]:  eta: 3:30:28  iter: 5359  total_loss: 10.55  loss_ce: 0.08288  loss_mask: 0.03229  loss_dice: 0.8599  loss_ce_0: 0.4434  loss_mask_0: 0.03959  loss_dice_0: 0.9791  loss_ce_1: 0.09735  loss_mask_1: 0.036  loss_dice_1: 0.7314  loss_ce_2: 0.03401  loss_mask_2: 0.03356  loss_dice_2: 0.7853  loss_ce_3: 0.1725  loss_mask_3: 0.038  loss_dice_3: 0.9199  loss_ce_4: 0.03392  loss_mask_4: 0.03407  loss_dice_4: 0.8173  loss_ce_5: 0.1238  loss_mask_5: 0.03261  loss_dice_5: 0.9502  loss_ce_6: 0.1559  loss_mask_6: 0.03359  loss_dice_6: 0.7722  loss_ce_7: 0.1246  loss_mask_7: 0.03281  loss_dice_7: 0.9304  loss_ce_8: 0.1235  loss_mask_8: 0.0369  loss_dice_8: 1.065    time: 0.8893  last_time: 0.9033  data_time: 0.1752  last_data_time: 0.1752   lr: 4.1653e-05  max_mem: 13269M
[03/18 13:33:14 d2.utils.events]:  eta: 3:30:04  iter: 5379  total_loss: 10.03  loss_ce: 0.0588  loss_mask: 0.03756  loss_dice: 0.9091  loss_ce_0: 0.251  loss_mask_0: 0.07486  loss_dice_0: 1.209  loss_ce_1: 0.03321  loss_mask_1: 0.03489  loss_dice_1: 0.7082  loss_ce_2: 0.04269  loss_mask_2: 0.04373  loss_dice_2: 1.067  loss_ce_3: 0.04679  loss_mask_3: 0.0394  loss_dice_3: 0.8747  loss_ce_4: 0.05063  loss_mask_4: 0.04499  loss_dice_4: 0.8799  loss_ce_5: 0.09421  loss_mask_5: 0.03707  loss_dice_5: 0.8574  loss_ce_6: 0.04727  loss_mask_6: 0.04098  loss_dice_6: 0.811  loss_ce_7: 0.03318  loss_mask_7: 0.03868  loss_dice_7: 0.8339  loss_ce_8: 0.03263  loss_mask_8: 0.03485  loss_dice_8: 0.7635    time: 0.8893  last_time: 1.0453  data_time: 0.3337  last_data_time: 0.3337   lr: 4.1595e-05  max_mem: 13269M
[03/18 13:33:32 d2.utils.events]:  eta: 3:29:58  iter: 5399  total_loss: 11.3  loss_ce: 0.04406  loss_mask: 0.0362  loss_dice: 1.05  loss_ce_0: 0.2261  loss_mask_0: 0.0366  loss_dice_0: 1.311  loss_ce_1: 0.08063  loss_mask_1: 0.02975  loss_dice_1: 0.9517  loss_ce_2: 0.04388  loss_mask_2: 0.04711  loss_dice_2: 1.135  loss_ce_3: 0.05639  loss_mask_3: 0.03175  loss_dice_3: 0.8985  loss_ce_4: 0.08434  loss_mask_4: 0.05486  loss_dice_4: 1.016  loss_ce_5: 0.02917  loss_mask_5: 0.03943  loss_dice_5: 0.9486  loss_ce_6: 0.04896  loss_mask_6: 0.04308  loss_dice_6: 1.117  loss_ce_7: 0.04483  loss_mask_7: 0.0312  loss_dice_7: 0.7993  loss_ce_8: 0.02108  loss_mask_8: 0.03686  loss_dice_8: 1.01    time: 0.8893  last_time: 0.8597  data_time: 0.1589  last_data_time: 0.1589   lr: 4.1536e-05  max_mem: 13269M
[03/18 13:33:51 d2.utils.events]:  eta: 3:29:39  iter: 5419  total_loss: 14.23  loss_ce: 0.05617  loss_mask: 0.02326  loss_dice: 1.141  loss_ce_0: 0.2255  loss_mask_0: 0.01754  loss_dice_0: 1.754  loss_ce_1: 0.1101  loss_mask_1: 0.02463  loss_dice_1: 1.297  loss_ce_2: 0.1532  loss_mask_2: 0.01578  loss_dice_2: 1.389  loss_ce_3: 0.1173  loss_mask_3: 0.02794  loss_dice_3: 1.285  loss_ce_4: 0.06579  loss_mask_4: 0.02419  loss_dice_4: 1.137  loss_ce_5: 0.08326  loss_mask_5: 0.02708  loss_dice_5: 1.32  loss_ce_6: 0.133  loss_mask_6: 0.02406  loss_dice_6: 1.303  loss_ce_7: 0.05126  loss_mask_7: 0.0258  loss_dice_7: 1.219  loss_ce_8: 0.09489  loss_mask_8: 0.02253  loss_dice_8: 1.067    time: 0.8894  last_time: 0.8623  data_time: 0.1600  last_data_time: 0.1600   lr: 4.1477e-05  max_mem: 13269M
[03/18 13:34:08 d2.utils.events]:  eta: 3:29:15  iter: 5439  total_loss: 7.747  loss_ce: 0.02884  loss_mask: 0.05758  loss_dice: 0.589  loss_ce_0: 0.2557  loss_mask_0: 0.08815  loss_dice_0: 0.8703  loss_ce_1: 0.04906  loss_mask_1: 0.05548  loss_dice_1: 0.6899  loss_ce_2: 0.02486  loss_mask_2: 0.06238  loss_dice_2: 0.6196  loss_ce_3: 0.03153  loss_mask_3: 0.06501  loss_dice_3: 0.7168  loss_ce_4: 0.02796  loss_mask_4: 0.06486  loss_dice_4: 0.6595  loss_ce_5: 0.026  loss_mask_5: 0.0544  loss_dice_5: 0.6493  loss_ce_6: 0.02669  loss_mask_6: 0.05817  loss_dice_6: 0.605  loss_ce_7: 0.02611  loss_mask_7: 0.05679  loss_dice_7: 0.5587  loss_ce_8: 0.02722  loss_mask_8: 0.06212  loss_dice_8: 0.6398    time: 0.8894  last_time: 0.8554  data_time: 0.1532  last_data_time: 0.1532   lr: 4.1418e-05  max_mem: 13269M
[03/18 13:34:26 d2.utils.events]:  eta: 3:28:52  iter: 5459  total_loss: 15.05  loss_ce: 0.1824  loss_mask: 0.0607  loss_dice: 1.247  loss_ce_0: 0.3873  loss_mask_0: 0.07199  loss_dice_0: 1.463  loss_ce_1: 0.2231  loss_mask_1: 0.06269  loss_dice_1: 1.289  loss_ce_2: 0.2157  loss_mask_2: 0.05437  loss_dice_2: 1.225  loss_ce_3: 0.2381  loss_mask_3: 0.0554  loss_dice_3: 1.18  loss_ce_4: 0.2285  loss_mask_4: 0.07459  loss_dice_4: 1.297  loss_ce_5: 0.1364  loss_mask_5: 0.06046  loss_dice_5: 1.145  loss_ce_6: 0.1681  loss_mask_6: 0.06211  loss_dice_6: 1.13  loss_ce_7: 0.2639  loss_mask_7: 0.06059  loss_dice_7: 1.071  loss_ce_8: 0.2168  loss_mask_8: 0.06248  loss_dice_8: 1.118    time: 0.8893  last_time: 0.8050  data_time: 0.0906  last_data_time: 0.0906   lr: 4.1358e-05  max_mem: 13269M
[03/18 13:34:43 d2.utils.events]:  eta: 3:28:28  iter: 5479  total_loss: 9.606  loss_ce: 0.07484  loss_mask: 0.05492  loss_dice: 0.8282  loss_ce_0: 0.1649  loss_mask_0: 0.06916  loss_dice_0: 0.8941  loss_ce_1: 0.08731  loss_mask_1: 0.05665  loss_dice_1: 0.8335  loss_ce_2: 0.0947  loss_mask_2: 0.06578  loss_dice_2: 0.7919  loss_ce_3: 0.05811  loss_mask_3: 0.0528  loss_dice_3: 0.786  loss_ce_4: 0.0474  loss_mask_4: 0.04781  loss_dice_4: 0.844  loss_ce_5: 0.04303  loss_mask_5: 0.04939  loss_dice_5: 0.8677  loss_ce_6: 0.09241  loss_mask_6: 0.05083  loss_dice_6: 0.8257  loss_ce_7: 0.03572  loss_mask_7: 0.05313  loss_dice_7: 0.8312  loss_ce_8: 0.06694  loss_mask_8: 0.0535  loss_dice_8: 0.7841    time: 0.8892  last_time: 0.8908  data_time: 0.1409  last_data_time: 0.1409   lr: 4.1299e-05  max_mem: 13269M
[03/18 13:35:01 d2.utils.events]:  eta: 3:28:17  iter: 5499  total_loss: 10.84  loss_ce: 0.08349  loss_mask: 0.04839  loss_dice: 0.8831  loss_ce_0: 0.1959  loss_mask_0: 0.05468  loss_dice_0: 0.7635  loss_ce_1: 0.1115  loss_mask_1: 0.04782  loss_dice_1: 1.093  loss_ce_2: 0.06293  loss_mask_2: 0.04465  loss_dice_2: 0.9363  loss_ce_3: 0.07352  loss_mask_3: 0.06054  loss_dice_3: 0.8775  loss_ce_4: 0.06683  loss_mask_4: 0.06357  loss_dice_4: 1.084  loss_ce_5: 0.06257  loss_mask_5: 0.05064  loss_dice_5: 0.9099  loss_ce_6: 0.08457  loss_mask_6: 0.05922  loss_dice_6: 1.105  loss_ce_7: 0.08796  loss_mask_7: 0.04597  loss_dice_7: 0.9463  loss_ce_8: 0.08551  loss_mask_8: 0.04496  loss_dice_8: 0.8019    time: 0.8892  last_time: 0.7978  data_time: 0.1019  last_data_time: 0.1019   lr: 4.1239e-05  max_mem: 13269M
[03/18 13:35:19 d2.utils.events]:  eta: 3:27:56  iter: 5519  total_loss: 10.36  loss_ce: 0.09443  loss_mask: 0.03994  loss_dice: 0.7625  loss_ce_0: 0.5259  loss_mask_0: 0.05784  loss_dice_0: 1.034  loss_ce_1: 0.156  loss_mask_1: 0.03913  loss_dice_1: 0.8111  loss_ce_2: 0.1792  loss_mask_2: 0.0392  loss_dice_2: 0.8854  loss_ce_3: 0.09484  loss_mask_3: 0.04687  loss_dice_3: 0.819  loss_ce_4: 0.06215  loss_mask_4: 0.04505  loss_dice_4: 1.026  loss_ce_5: 0.1201  loss_mask_5: 0.03721  loss_dice_5: 0.8374  loss_ce_6: 0.09602  loss_mask_6: 0.03467  loss_dice_6: 0.6044  loss_ce_7: 0.0812  loss_mask_7: 0.0392  loss_dice_7: 0.8119  loss_ce_8: 0.07322  loss_mask_8: 0.03625  loss_dice_8: 0.8664    time: 0.8892  last_time: 0.8588  data_time: 0.1439  last_data_time: 0.1439   lr: 4.1179e-05  max_mem: 13269M
[03/18 13:35:37 d2.utils.events]:  eta: 3:27:49  iter: 5539  total_loss: 11.84  loss_ce: 0.03504  loss_mask: 0.05462  loss_dice: 1.009  loss_ce_0: 0.3617  loss_mask_0: 0.07014  loss_dice_0: 1.082  loss_ce_1: 0.1097  loss_mask_1: 0.05797  loss_dice_1: 1.107  loss_ce_2: 0.131  loss_mask_2: 0.05135  loss_dice_2: 1.014  loss_ce_3: 0.1267  loss_mask_3: 0.05458  loss_dice_3: 1.141  loss_ce_4: 0.04037  loss_mask_4: 0.05796  loss_dice_4: 0.9286  loss_ce_5: 0.03337  loss_mask_5: 0.05017  loss_dice_5: 0.9061  loss_ce_6: 0.03447  loss_mask_6: 0.05396  loss_dice_6: 0.8873  loss_ce_7: 0.06421  loss_mask_7: 0.06643  loss_dice_7: 1.23  loss_ce_8: 0.07491  loss_mask_8: 0.06009  loss_dice_8: 0.9426    time: 0.8892  last_time: 0.8856  data_time: 0.1669  last_data_time: 0.1669   lr: 4.1119e-05  max_mem: 13269M
[03/18 13:35:54 d2.utils.events]:  eta: 3:27:33  iter: 5559  total_loss: 7.956  loss_ce: 0.0305  loss_mask: 0.05206  loss_dice: 0.6752  loss_ce_0: 0.1378  loss_mask_0: 0.07421  loss_dice_0: 1.099  loss_ce_1: 0.03359  loss_mask_1: 0.05268  loss_dice_1: 0.7087  loss_ce_2: 0.03027  loss_mask_2: 0.06365  loss_dice_2: 0.6205  loss_ce_3: 0.03714  loss_mask_3: 0.04974  loss_dice_3: 0.6415  loss_ce_4: 0.03518  loss_mask_4: 0.0466  loss_dice_4: 0.7113  loss_ce_5: 0.03242  loss_mask_5: 0.05202  loss_dice_5: 0.6408  loss_ce_6: 0.03029  loss_mask_6: 0.04748  loss_dice_6: 0.5241  loss_ce_7: 0.0312  loss_mask_7: 0.05077  loss_dice_7: 0.7971  loss_ce_8: 0.02969  loss_mask_8: 0.05313  loss_dice_8: 0.5672    time: 0.8891  last_time: 0.7919  data_time: 0.0827  last_data_time: 0.0827   lr: 4.1059e-05  max_mem: 13269M
[03/18 13:36:13 d2.utils.events]:  eta: 3:27:30  iter: 5579  total_loss: 10.94  loss_ce: 0.08521  loss_mask: 0.06562  loss_dice: 0.8897  loss_ce_0: 0.2484  loss_mask_0: 0.09772  loss_dice_0: 1.218  loss_ce_1: 0.1128  loss_mask_1: 0.06613  loss_dice_1: 0.776  loss_ce_2: 0.09356  loss_mask_2: 0.05818  loss_dice_2: 0.9205  loss_ce_3: 0.09728  loss_mask_3: 0.06703  loss_dice_3: 0.9362  loss_ce_4: 0.09521  loss_mask_4: 0.06643  loss_dice_4: 0.8336  loss_ce_5: 0.09873  loss_mask_5: 0.05444  loss_dice_5: 0.7971  loss_ce_6: 0.1183  loss_mask_6: 0.06748  loss_dice_6: 0.9478  loss_ce_7: 0.09712  loss_mask_7: 0.06727  loss_dice_7: 0.9525  loss_ce_8: 0.1208  loss_mask_8: 0.05353  loss_dice_8: 0.8338    time: 0.8892  last_time: 1.0378  data_time: 0.3254  last_data_time: 0.3254   lr: 4.0999e-05  max_mem: 13269M
[03/18 13:36:30 d2.utils.events]:  eta: 3:27:13  iter: 5599  total_loss: 8.618  loss_ce: 0.03613  loss_mask: 0.03673  loss_dice: 0.8001  loss_ce_0: 0.169  loss_mask_0: 0.0501  loss_dice_0: 0.8291  loss_ce_1: 0.07463  loss_mask_1: 0.05027  loss_dice_1: 0.6744  loss_ce_2: 0.02778  loss_mask_2: 0.04239  loss_dice_2: 0.7981  loss_ce_3: 0.08406  loss_mask_3: 0.03861  loss_dice_3: 0.585  loss_ce_4: 0.07871  loss_mask_4: 0.03853  loss_dice_4: 0.6979  loss_ce_5: 0.08086  loss_mask_5: 0.04356  loss_dice_5: 0.7493  loss_ce_6: 0.06767  loss_mask_6: 0.04516  loss_dice_6: 0.7621  loss_ce_7: 0.0774  loss_mask_7: 0.05231  loss_dice_7: 0.8676  loss_ce_8: 0.07105  loss_mask_8: 0.0412  loss_dice_8: 0.6481    time: 0.8891  last_time: 0.9194  data_time: 0.2037  last_data_time: 0.2037   lr: 4.0939e-05  max_mem: 13269M
[03/18 13:36:48 d2.utils.events]:  eta: 3:26:56  iter: 5619  total_loss: 13.17  loss_ce: 0.02115  loss_mask: 0.02856  loss_dice: 1.365  loss_ce_0: 0.2055  loss_mask_0: 0.03335  loss_dice_0: 1.254  loss_ce_1: 0.1052  loss_mask_1: 0.03357  loss_dice_1: 1.103  loss_ce_2: 0.08172  loss_mask_2: 0.03949  loss_dice_2: 1.302  loss_ce_3: 0.03252  loss_mask_3: 0.03632  loss_dice_3: 1.262  loss_ce_4: 0.08616  loss_mask_4: 0.02672  loss_dice_4: 0.9083  loss_ce_5: 0.02907  loss_mask_5: 0.03462  loss_dice_5: 1.395  loss_ce_6: 0.02549  loss_mask_6: 0.0394  loss_dice_6: 1.241  loss_ce_7: 0.0617  loss_mask_7: 0.02631  loss_dice_7: 1.18  loss_ce_8: 0.01949  loss_mask_8: 0.03674  loss_dice_8: 1.156    time: 0.8890  last_time: 0.8537  data_time: 0.1443  last_data_time: 0.1443   lr: 4.0878e-05  max_mem: 13269M
[03/18 13:37:06 d2.utils.events]:  eta: 3:26:42  iter: 5639  total_loss: 13.64  loss_ce: 0.1077  loss_mask: 0.0362  loss_dice: 1.03  loss_ce_0: 0.3205  loss_mask_0: 0.06704  loss_dice_0: 1.512  loss_ce_1: 0.1221  loss_mask_1: 0.03645  loss_dice_1: 1.146  loss_ce_2: 0.1219  loss_mask_2: 0.04473  loss_dice_2: 1.326  loss_ce_3: 0.1205  loss_mask_3: 0.03328  loss_dice_3: 1.17  loss_ce_4: 0.1376  loss_mask_4: 0.04361  loss_dice_4: 1.217  loss_ce_5: 0.1172  loss_mask_5: 0.0453  loss_dice_5: 1.199  loss_ce_6: 0.1019  loss_mask_6: 0.037  loss_dice_6: 1.092  loss_ce_7: 0.102  loss_mask_7: 0.03922  loss_dice_7: 1.021  loss_ce_8: 0.1058  loss_mask_8: 0.03614  loss_dice_8: 1.151    time: 0.8892  last_time: 0.9142  data_time: 0.1900  last_data_time: 0.1900   lr: 4.0817e-05  max_mem: 13269M
[03/18 13:37:25 d2.utils.events]:  eta: 3:26:36  iter: 5659  total_loss: 8.861  loss_ce: 0.02175  loss_mask: 0.05222  loss_dice: 0.6911  loss_ce_0: 0.2913  loss_mask_0: 0.06713  loss_dice_0: 0.7497  loss_ce_1: 0.1119  loss_mask_1: 0.05338  loss_dice_1: 0.7528  loss_ce_2: 0.04421  loss_mask_2: 0.05773  loss_dice_2: 0.7664  loss_ce_3: 0.08129  loss_mask_3: 0.05675  loss_dice_3: 0.8227  loss_ce_4: 0.03131  loss_mask_4: 0.05956  loss_dice_4: 0.732  loss_ce_5: 0.02746  loss_mask_5: 0.05372  loss_dice_5: 0.7936  loss_ce_6: 0.0245  loss_mask_6: 0.0497  loss_dice_6: 0.6776  loss_ce_7: 0.02319  loss_mask_7: 0.05789  loss_dice_7: 0.7945  loss_ce_8: 0.02084  loss_mask_8: 0.05515  loss_dice_8: 0.8394    time: 0.8893  last_time: 0.9475  data_time: 0.2196  last_data_time: 0.2196   lr: 4.0756e-05  max_mem: 13269M
[03/18 13:37:43 d2.utils.events]:  eta: 3:26:19  iter: 5679  total_loss: 13.5  loss_ce: 0.04602  loss_mask: 0.08433  loss_dice: 1.079  loss_ce_0: 0.2727  loss_mask_0: 0.1585  loss_dice_0: 1.274  loss_ce_1: 0.1817  loss_mask_1: 0.1024  loss_dice_1: 1.325  loss_ce_2: 0.1158  loss_mask_2: 0.08537  loss_dice_2: 0.9917  loss_ce_3: 0.06348  loss_mask_3: 0.0991  loss_dice_3: 1.078  loss_ce_4: 0.05471  loss_mask_4: 0.09423  loss_dice_4: 1.193  loss_ce_5: 0.0562  loss_mask_5: 0.08178  loss_dice_5: 1.124  loss_ce_6: 0.04908  loss_mask_6: 0.07624  loss_dice_6: 1.064  loss_ce_7: 0.06893  loss_mask_7: 0.0688  loss_dice_7: 1.335  loss_ce_8: 0.04679  loss_mask_8: 0.08543  loss_dice_8: 1.144    time: 0.8893  last_time: 0.7802  data_time: 0.0710  last_data_time: 0.0710   lr: 4.0695e-05  max_mem: 13269M
[03/18 13:38:02 d2.utils.events]:  eta: 3:25:57  iter: 5699  total_loss: 9.375  loss_ce: 0.03501  loss_mask: 0.05168  loss_dice: 0.9655  loss_ce_0: 0.1987  loss_mask_0: 0.04546  loss_dice_0: 0.819  loss_ce_1: 0.07383  loss_mask_1: 0.05309  loss_dice_1: 0.8795  loss_ce_2: 0.03795  loss_mask_2: 0.05383  loss_dice_2: 0.8088  loss_ce_3: 0.03095  loss_mask_3: 0.05106  loss_dice_3: 0.8133  loss_ce_4: 0.02854  loss_mask_4: 0.04665  loss_dice_4: 0.7741  loss_ce_5: 0.03241  loss_mask_5: 0.04101  loss_dice_5: 0.9288  loss_ce_6: 0.1463  loss_mask_6: 0.02998  loss_dice_6: 0.5506  loss_ce_7: 0.03554  loss_mask_7: 0.04294  loss_dice_7: 0.7986  loss_ce_8: 0.09957  loss_mask_8: 0.04422  loss_dice_8: 0.8583    time: 0.8894  last_time: 0.8824  data_time: 0.1707  last_data_time: 0.1707   lr: 4.0634e-05  max_mem: 13269M
[03/18 13:38:19 d2.utils.events]:  eta: 3:25:43  iter: 5719  total_loss: 6.947  loss_ce: 0.02844  loss_mask: 0.03012  loss_dice: 0.6389  loss_ce_0: 0.1598  loss_mask_0: 0.02662  loss_dice_0: 0.6689  loss_ce_1: 0.03288  loss_mask_1: 0.03317  loss_dice_1: 0.5839  loss_ce_2: 0.04235  loss_mask_2: 0.03679  loss_dice_2: 0.6024  loss_ce_3: 0.0323  loss_mask_3: 0.0281  loss_dice_3: 0.5537  loss_ce_4: 0.03267  loss_mask_4: 0.03243  loss_dice_4: 0.6534  loss_ce_5: 0.03346  loss_mask_5: 0.03158  loss_dice_5: 0.6492  loss_ce_6: 0.03108  loss_mask_6: 0.03087  loss_dice_6: 0.601  loss_ce_7: 0.03122  loss_mask_7: 0.02954  loss_dice_7: 0.593  loss_ce_8: 0.03025  loss_mask_8: 0.03391  loss_dice_8: 0.6352    time: 0.8893  last_time: 0.7923  data_time: 0.0754  last_data_time: 0.0754   lr: 4.0573e-05  max_mem: 13269M
[03/18 13:38:39 d2.utils.events]:  eta: 3:25:46  iter: 5739  total_loss: 6.606  loss_ce: 0.0356  loss_mask: 0.05466  loss_dice: 0.5816  loss_ce_0: 0.1411  loss_mask_0: 0.0562  loss_dice_0: 0.6142  loss_ce_1: 0.0376  loss_mask_1: 0.05467  loss_dice_1: 0.5991  loss_ce_2: 0.03259  loss_mask_2: 0.05142  loss_dice_2: 0.4966  loss_ce_3: 0.04311  loss_mask_3: 0.05369  loss_dice_3: 0.6035  loss_ce_4: 0.03858  loss_mask_4: 0.04825  loss_dice_4: 0.5517  loss_ce_5: 0.037  loss_mask_5: 0.05212  loss_dice_5: 0.5286  loss_ce_6: 0.03467  loss_mask_6: 0.05068  loss_dice_6: 0.6057  loss_ce_7: 0.0332  loss_mask_7: 0.04724  loss_dice_7: 0.5339  loss_ce_8: 0.03642  loss_mask_8: 0.04509  loss_dice_8: 0.5068    time: 0.8896  last_time: 0.9368  data_time: 0.2247  last_data_time: 0.2247   lr: 4.0511e-05  max_mem: 13269M
[03/18 13:38:56 d2.utils.events]:  eta: 3:25:19  iter: 5759  total_loss: 7.199  loss_ce: 0.09325  loss_mask: 0.02905  loss_dice: 0.5171  loss_ce_0: 0.1408  loss_mask_0: 0.04297  loss_dice_0: 0.8941  loss_ce_1: 0.1281  loss_mask_1: 0.03257  loss_dice_1: 0.5544  loss_ce_2: 0.06061  loss_mask_2: 0.03357  loss_dice_2: 0.6349  loss_ce_3: 0.09987  loss_mask_3: 0.02965  loss_dice_3: 0.5056  loss_ce_4: 0.0984  loss_mask_4: 0.03066  loss_dice_4: 0.5625  loss_ce_5: 0.05131  loss_mask_5: 0.03164  loss_dice_5: 0.7574  loss_ce_6: 0.09655  loss_mask_6: 0.02891  loss_dice_6: 0.4744  loss_ce_7: 0.05767  loss_mask_7: 0.03012  loss_dice_7: 0.511  loss_ce_8: 0.09251  loss_mask_8: 0.03136  loss_dice_8: 0.5477    time: 0.8896  last_time: 0.8704  data_time: 0.1436  last_data_time: 0.1436   lr: 4.045e-05  max_mem: 13269M
[03/18 13:39:14 d2.utils.events]:  eta: 3:24:56  iter: 5779  total_loss: 8.724  loss_ce: 0.02067  loss_mask: 0.03625  loss_dice: 0.7352  loss_ce_0: 0.3376  loss_mask_0: 0.04378  loss_dice_0: 0.8264  loss_ce_1: 0.05784  loss_mask_1: 0.03545  loss_dice_1: 0.7534  loss_ce_2: 0.04117  loss_mask_2: 0.0474  loss_dice_2: 0.8496  loss_ce_3: 0.03068  loss_mask_3: 0.05066  loss_dice_3: 0.8365  loss_ce_4: 0.02369  loss_mask_4: 0.03357  loss_dice_4: 0.7357  loss_ce_5: 0.02368  loss_mask_5: 0.03612  loss_dice_5: 0.7211  loss_ce_6: 0.02399  loss_mask_6: 0.03228  loss_dice_6: 0.7173  loss_ce_7: 0.02357  loss_mask_7: 0.03622  loss_dice_7: 0.7515  loss_ce_8: 0.02322  loss_mask_8: 0.03528  loss_dice_8: 0.8046    time: 0.8895  last_time: 1.1384  data_time: 0.2312  last_data_time: 0.2312   lr: 4.0388e-05  max_mem: 13269M
[03/18 13:39:32 d2.utils.events]:  eta: 3:24:38  iter: 5799  total_loss: 19.13  loss_ce: 0.03834  loss_mask: 0.0945  loss_dice: 1.787  loss_ce_0: 0.3402  loss_mask_0: 0.1289  loss_dice_0: 1.855  loss_ce_1: 0.1345  loss_mask_1: 0.09728  loss_dice_1: 1.761  loss_ce_2: 0.05235  loss_mask_2: 0.09279  loss_dice_2: 1.655  loss_ce_3: 0.04697  loss_mask_3: 0.1062  loss_dice_3: 1.762  loss_ce_4: 0.06913  loss_mask_4: 0.09867  loss_dice_4: 1.741  loss_ce_5: 0.1078  loss_mask_5: 0.08652  loss_dice_5: 1.602  loss_ce_6: 0.036  loss_mask_6: 0.09744  loss_dice_6: 1.781  loss_ce_7: 0.1031  loss_mask_7: 0.093  loss_dice_7: 1.729  loss_ce_8: 0.1143  loss_mask_8: 0.07959  loss_dice_8: 1.438    time: 0.8896  last_time: 0.8661  data_time: 0.1461  last_data_time: 0.1461   lr: 4.0326e-05  max_mem: 13269M
[03/18 13:39:51 d2.utils.events]:  eta: 3:24:33  iter: 5819  total_loss: 13.51  loss_ce: 0.1719  loss_mask: 0.05809  loss_dice: 1.197  loss_ce_0: 0.4537  loss_mask_0: 0.1218  loss_dice_0: 1.513  loss_ce_1: 0.177  loss_mask_1: 0.04987  loss_dice_1: 1.065  loss_ce_2: 0.2021  loss_mask_2: 0.05371  loss_dice_2: 0.9875  loss_ce_3: 0.2012  loss_mask_3: 0.04871  loss_dice_3: 0.8757  loss_ce_4: 0.1514  loss_mask_4: 0.05246  loss_dice_4: 1.121  loss_ce_5: 0.1294  loss_mask_5: 0.0523  loss_dice_5: 1.012  loss_ce_6: 0.1388  loss_mask_6: 0.05457  loss_dice_6: 1.146  loss_ce_7: 0.1238  loss_mask_7: 0.04781  loss_dice_7: 1.085  loss_ce_8: 0.1429  loss_mask_8: 0.05221  loss_dice_8: 1.024    time: 0.8897  last_time: 1.2291  data_time: 0.5142  last_data_time: 0.5142   lr: 4.0264e-05  max_mem: 13269M
[03/18 13:40:09 d2.utils.events]:  eta: 3:24:13  iter: 5839  total_loss: 8.289  loss_ce: 0.01221  loss_mask: 0.03288  loss_dice: 0.6584  loss_ce_0: 0.1531  loss_mask_0: 0.05236  loss_dice_0: 0.9063  loss_ce_1: 0.1197  loss_mask_1: 0.04324  loss_dice_1: 0.8267  loss_ce_2: 0.01282  loss_mask_2: 0.03312  loss_dice_2: 0.7431  loss_ce_3: 0.01957  loss_mask_3: 0.03871  loss_dice_3: 0.7945  loss_ce_4: 0.01221  loss_mask_4: 0.03752  loss_dice_4: 0.7088  loss_ce_5: 0.01374  loss_mask_5: 0.04707  loss_dice_5: 0.8488  loss_ce_6: 0.01356  loss_mask_6: 0.0348  loss_dice_6: 0.7042  loss_ce_7: 0.01178  loss_mask_7: 0.03896  loss_dice_7: 0.7369  loss_ce_8: 0.01273  loss_mask_8: 0.035  loss_dice_8: 0.5865    time: 0.8898  last_time: 0.9293  data_time: 0.2180  last_data_time: 0.2180   lr: 4.0201e-05  max_mem: 13269M
[03/18 13:40:27 d2.utils.events]:  eta: 3:23:52  iter: 5859  total_loss: 10.37  loss_ce: 0.02549  loss_mask: 0.02919  loss_dice: 0.7873  loss_ce_0: 0.1464  loss_mask_0: 0.04019  loss_dice_0: 1.619  loss_ce_1: 0.09443  loss_mask_1: 0.02855  loss_dice_1: 0.7339  loss_ce_2: 0.05191  loss_mask_2: 0.04031  loss_dice_2: 0.9196  loss_ce_3: 0.03639  loss_mask_3: 0.0408  loss_dice_3: 0.8798  loss_ce_4: 0.03959  loss_mask_4: 0.05452  loss_dice_4: 0.9639  loss_ce_5: 0.03215  loss_mask_5: 0.02338  loss_dice_5: 0.7558  loss_ce_6: 0.02871  loss_mask_6: 0.0227  loss_dice_6: 0.8375  loss_ce_7: 0.1028  loss_mask_7: 0.02851  loss_dice_7: 0.9027  loss_ce_8: 0.02375  loss_mask_8: 0.02927  loss_dice_8: 1.054    time: 0.8897  last_time: 0.8261  data_time: 0.1252  last_data_time: 0.1252   lr: 4.0139e-05  max_mem: 13269M
[03/18 13:40:46 d2.utils.events]:  eta: 3:23:35  iter: 5879  total_loss: 9.973  loss_ce: 0.05333  loss_mask: 0.04659  loss_dice: 0.971  loss_ce_0: 0.1595  loss_mask_0: 0.05689  loss_dice_0: 0.8489  loss_ce_1: 0.07979  loss_mask_1: 0.03964  loss_dice_1: 0.6245  loss_ce_2: 0.04745  loss_mask_2: 0.04516  loss_dice_2: 0.9402  loss_ce_3: 0.07664  loss_mask_3: 0.03736  loss_dice_3: 0.8146  loss_ce_4: 0.05815  loss_mask_4: 0.0587  loss_dice_4: 1.136  loss_ce_5: 0.06093  loss_mask_5: 0.03697  loss_dice_5: 0.8762  loss_ce_6: 0.06664  loss_mask_6: 0.04492  loss_dice_6: 0.902  loss_ce_7: 0.07043  loss_mask_7: 0.04008  loss_dice_7: 0.7621  loss_ce_8: 0.05127  loss_mask_8: 0.04072  loss_dice_8: 0.9271    time: 0.8898  last_time: 0.8750  data_time: 0.1681  last_data_time: 0.1681   lr: 4.0076e-05  max_mem: 13269M
[03/18 13:41:03 d2.utils.events]:  eta: 3:23:14  iter: 5899  total_loss: 22.41  loss_ce: 0.04523  loss_mask: 0.04684  loss_dice: 2.061  loss_ce_0: 0.1974  loss_mask_0: 0.05881  loss_dice_0: 2.064  loss_ce_1: 0.1448  loss_mask_1: 0.07068  loss_dice_1: 1.843  loss_ce_2: 0.1256  loss_mask_2: 0.06223  loss_dice_2: 2.205  loss_ce_3: 0.08723  loss_mask_3: 0.06459  loss_dice_3: 2.272  loss_ce_4: 0.034  loss_mask_4: 0.06756  loss_dice_4: 2.022  loss_ce_5: 0.02999  loss_mask_5: 0.05231  loss_dice_5: 1.976  loss_ce_6: 0.0344  loss_mask_6: 0.05726  loss_dice_6: 2.301  loss_ce_7: 0.1138  loss_mask_7: 0.06364  loss_dice_7: 2.293  loss_ce_8: 0.1109  loss_mask_8: 0.06536  loss_dice_8: 1.835    time: 0.8897  last_time: 0.8431  data_time: 0.1268  last_data_time: 0.1268   lr: 4.0014e-05  max_mem: 13269M
[03/18 13:41:21 d2.utils.events]:  eta: 3:23:00  iter: 5919  total_loss: 8.905  loss_ce: 0.03021  loss_mask: 0.03255  loss_dice: 0.823  loss_ce_0: 0.1104  loss_mask_0: 0.04337  loss_dice_0: 0.9571  loss_ce_1: 0.07016  loss_mask_1: 0.03559  loss_dice_1: 0.7087  loss_ce_2: 0.07507  loss_mask_2: 0.03768  loss_dice_2: 0.8948  loss_ce_3: 0.04216  loss_mask_3: 0.03577  loss_dice_3: 0.7332  loss_ce_4: 0.03139  loss_mask_4: 0.03785  loss_dice_4: 0.8853  loss_ce_5: 0.03271  loss_mask_5: 0.03228  loss_dice_5: 0.7945  loss_ce_6: 0.02858  loss_mask_6: 0.02681  loss_dice_6: 0.7061  loss_ce_7: 0.02865  loss_mask_7: 0.03534  loss_dice_7: 0.8042  loss_ce_8: 0.03181  loss_mask_8: 0.03618  loss_dice_8: 0.7638    time: 0.8897  last_time: 0.8520  data_time: 0.1456  last_data_time: 0.1456   lr: 3.9951e-05  max_mem: 13269M
[03/18 13:41:38 d2.utils.events]:  eta: 3:22:36  iter: 5939  total_loss: 5.711  loss_ce: 0.008423  loss_mask: 0.04627  loss_dice: 0.5401  loss_ce_0: 0.1376  loss_mask_0: 0.05019  loss_dice_0: 0.4695  loss_ce_1: 0.01665  loss_mask_1: 0.03827  loss_dice_1: 0.54  loss_ce_2: 0.008479  loss_mask_2: 0.04265  loss_dice_2: 0.5385  loss_ce_3: 0.01002  loss_mask_3: 0.0376  loss_dice_3: 0.5076  loss_ce_4: 0.009718  loss_mask_4: 0.0383  loss_dice_4: 0.4486  loss_ce_5: 0.01017  loss_mask_5: 0.04206  loss_dice_5: 0.503  loss_ce_6: 0.00842  loss_mask_6: 0.04389  loss_dice_6: 0.4836  loss_ce_7: 0.008609  loss_mask_7: 0.04567  loss_dice_7: 0.5285  loss_ce_8: 0.008348  loss_mask_8: 0.04129  loss_dice_8: 0.4989    time: 0.8896  last_time: 0.8979  data_time: 0.1867  last_data_time: 0.1867   lr: 3.9888e-05  max_mem: 13269M
[03/18 13:41:56 d2.utils.events]:  eta: 3:22:26  iter: 5959  total_loss: 10.11  loss_ce: 0.01533  loss_mask: 0.08191  loss_dice: 0.8199  loss_ce_0: 0.194  loss_mask_0: 0.1057  loss_dice_0: 1.138  loss_ce_1: 0.02284  loss_mask_1: 0.07819  loss_dice_1: 0.8022  loss_ce_2: 0.02949  loss_mask_2: 0.07199  loss_dice_2: 0.7972  loss_ce_3: 0.02656  loss_mask_3: 0.07157  loss_dice_3: 0.8158  loss_ce_4: 0.01894  loss_mask_4: 0.08274  loss_dice_4: 0.8716  loss_ce_5: 0.02029  loss_mask_5: 0.07179  loss_dice_5: 0.9473  loss_ce_6: 0.0201  loss_mask_6: 0.07918  loss_dice_6: 0.9579  loss_ce_7: 0.0158  loss_mask_7: 0.07639  loss_dice_7: 0.9043  loss_ce_8: 0.01506  loss_mask_8: 0.0699  loss_dice_8: 0.8893    time: 0.8896  last_time: 0.8983  data_time: 0.1803  last_data_time: 0.1803   lr: 3.9825e-05  max_mem: 13269M
[03/18 13:42:14 d2.utils.events]:  eta: 3:22:05  iter: 5979  total_loss: 25.07  loss_ce: 0.1817  loss_mask: 0.2397  loss_dice: 2.087  loss_ce_0: 0.5585  loss_mask_0: 0.1386  loss_dice_0: 2.114  loss_ce_1: 0.1985  loss_mask_1: 0.1624  loss_dice_1: 2.092  loss_ce_2: 0.3441  loss_mask_2: 0.1903  loss_dice_2: 1.932  loss_ce_3: 0.2703  loss_mask_3: 0.1975  loss_dice_3: 1.878  loss_ce_4: 0.2681  loss_mask_4: 0.1956  loss_dice_4: 2.082  loss_ce_5: 0.3457  loss_mask_5: 0.1984  loss_dice_5: 2.014  loss_ce_6: 0.2526  loss_mask_6: 0.2179  loss_dice_6: 1.979  loss_ce_7: 0.2194  loss_mask_7: 0.246  loss_dice_7: 2.119  loss_ce_8: 0.2231  loss_mask_8: 0.1855  loss_dice_8: 1.938    time: 0.8895  last_time: 1.0228  data_time: 0.2201  last_data_time: 0.2201   lr: 3.9761e-05  max_mem: 13269M
[03/18 13:42:31 d2.utils.events]:  eta: 3:21:38  iter: 5999  total_loss: 8.318  loss_ce: 0.009939  loss_mask: 0.02797  loss_dice: 0.6019  loss_ce_0: 0.1135  loss_mask_0: 0.0451  loss_dice_0: 0.9116  loss_ce_1: 0.01046  loss_mask_1: 0.03792  loss_dice_1: 0.728  loss_ce_2: 0.01194  loss_mask_2: 0.03263  loss_dice_2: 0.7162  loss_ce_3: 0.01158  loss_mask_3: 0.03919  loss_dice_3: 0.7115  loss_ce_4: 0.01151  loss_mask_4: 0.02696  loss_dice_4: 0.6456  loss_ce_5: 0.01184  loss_mask_5: 0.03618  loss_dice_5: 0.8809  loss_ce_6: 0.01183  loss_mask_6: 0.03127  loss_dice_6: 0.7115  loss_ce_7: 0.01217  loss_mask_7: 0.03722  loss_dice_7: 0.9853  loss_ce_8: 0.01085  loss_mask_8: 0.02777  loss_dice_8: 0.8676    time: 0.8894  last_time: 0.8328  data_time: 0.1293  last_data_time: 0.1293   lr: 3.9698e-05  max_mem: 13269M
[03/18 13:42:49 d2.utils.events]:  eta: 3:21:27  iter: 6019  total_loss: 11.39  loss_ce: 0.08588  loss_mask: 0.04515  loss_dice: 0.9354  loss_ce_0: 0.2273  loss_mask_0: 0.06792  loss_dice_0: 0.913  loss_ce_1: 0.1676  loss_mask_1: 0.05938  loss_dice_1: 1.103  loss_ce_2: 0.03882  loss_mask_2: 0.05749  loss_dice_2: 1.043  loss_ce_3: 0.1061  loss_mask_3: 0.04978  loss_dice_3: 0.8547  loss_ce_4: 0.05621  loss_mask_4: 0.04637  loss_dice_4: 0.9612  loss_ce_5: 0.0673  loss_mask_5: 0.05061  loss_dice_5: 1.041  loss_ce_6: 0.1682  loss_mask_6: 0.06809  loss_dice_6: 0.9331  loss_ce_7: 0.06967  loss_mask_7: 0.05791  loss_dice_7: 1.037  loss_ce_8: 0.07737  loss_mask_8: 0.05249  loss_dice_8: 0.9472    time: 0.8894  last_time: 0.8713  data_time: 0.1519  last_data_time: 0.1519   lr: 3.9634e-05  max_mem: 13269M
[03/18 13:43:07 d2.utils.events]:  eta: 3:21:20  iter: 6039  total_loss: 7.193  loss_ce: 0.01808  loss_mask: 0.02698  loss_dice: 0.6438  loss_ce_0: 0.2086  loss_mask_0: 0.03514  loss_dice_0: 0.6765  loss_ce_1: 0.02784  loss_mask_1: 0.02461  loss_dice_1: 0.6665  loss_ce_2: 0.0707  loss_mask_2: 0.02601  loss_dice_2: 0.7098  loss_ce_3: 0.02772  loss_mask_3: 0.02517  loss_dice_3: 0.5441  loss_ce_4: 0.02873  loss_mask_4: 0.02359  loss_dice_4: 0.6107  loss_ce_5: 0.02493  loss_mask_5: 0.02619  loss_dice_5: 0.5762  loss_ce_6: 0.01797  loss_mask_6: 0.02968  loss_dice_6: 0.6733  loss_ce_7: 0.01959  loss_mask_7: 0.02623  loss_dice_7: 0.6415  loss_ce_8: 0.01902  loss_mask_8: 0.02571  loss_dice_8: 0.7184    time: 0.8895  last_time: 0.8604  data_time: 0.1543  last_data_time: 0.1543   lr: 3.957e-05  max_mem: 13269M
[03/18 13:43:26 d2.utils.events]:  eta: 3:21:00  iter: 6059  total_loss: 8.008  loss_ce: 0.05427  loss_mask: 0.0397  loss_dice: 0.6738  loss_ce_0: 0.1739  loss_mask_0: 0.04245  loss_dice_0: 0.7281  loss_ce_1: 0.04644  loss_mask_1: 0.04918  loss_dice_1: 0.7639  loss_ce_2: 0.1041  loss_mask_2: 0.04303  loss_dice_2: 0.6144  loss_ce_3: 0.05582  loss_mask_3: 0.04182  loss_dice_3: 0.6834  loss_ce_4: 0.0978  loss_mask_4: 0.04189  loss_dice_4: 0.5547  loss_ce_5: 0.04487  loss_mask_5: 0.04452  loss_dice_5: 0.7468  loss_ce_6: 0.09075  loss_mask_6: 0.03766  loss_dice_6: 0.53  loss_ce_7: 0.09559  loss_mask_7: 0.05377  loss_dice_7: 0.7809  loss_ce_8: 0.04935  loss_mask_8: 0.04268  loss_dice_8: 0.6822    time: 0.8896  last_time: 0.9299  data_time: 0.2170  last_data_time: 0.2170   lr: 3.9507e-05  max_mem: 13269M
[03/18 13:43:43 d2.utils.events]:  eta: 3:20:45  iter: 6079  total_loss: 7.857  loss_ce: 0.02453  loss_mask: 0.04442  loss_dice: 0.7337  loss_ce_0: 0.2003  loss_mask_0: 0.05966  loss_dice_0: 0.8539  loss_ce_1: 0.03074  loss_mask_1: 0.0502  loss_dice_1: 0.6831  loss_ce_2: 0.03852  loss_mask_2: 0.04569  loss_dice_2: 0.6042  loss_ce_3: 0.02743  loss_mask_3: 0.0509  loss_dice_3: 0.6814  loss_ce_4: 0.02748  loss_mask_4: 0.04542  loss_dice_4: 0.6997  loss_ce_5: 0.02434  loss_mask_5: 0.04157  loss_dice_5: 0.7197  loss_ce_6: 0.0251  loss_mask_6: 0.04398  loss_dice_6: 0.625  loss_ce_7: 0.02238  loss_mask_7: 0.04356  loss_dice_7: 0.6727  loss_ce_8: 0.02282  loss_mask_8: 0.04289  loss_dice_8: 0.672    time: 0.8896  last_time: 0.9035  data_time: 0.1808  last_data_time: 0.1808   lr: 3.9443e-05  max_mem: 13269M
[03/18 13:44:02 d2.utils.events]:  eta: 3:20:38  iter: 6099  total_loss: 9.111  loss_ce: 0.03436  loss_mask: 0.06118  loss_dice: 0.8942  loss_ce_0: 0.1522  loss_mask_0: 0.06831  loss_dice_0: 1.088  loss_ce_1: 0.03814  loss_mask_1: 0.06553  loss_dice_1: 0.7902  loss_ce_2: 0.0492  loss_mask_2: 0.06304  loss_dice_2: 0.7235  loss_ce_3: 0.03497  loss_mask_3: 0.0645  loss_dice_3: 0.6104  loss_ce_4: 0.03596  loss_mask_4: 0.06425  loss_dice_4: 0.7387  loss_ce_5: 0.03237  loss_mask_5: 0.05589  loss_dice_5: 0.7035  loss_ce_6: 0.03214  loss_mask_6: 0.05744  loss_dice_6: 0.7516  loss_ce_7: 0.03275  loss_mask_7: 0.06878  loss_dice_7: 0.9176  loss_ce_8: 0.03411  loss_mask_8: 0.05241  loss_dice_8: 0.7961    time: 0.8896  last_time: 0.9238  data_time: 0.2280  last_data_time: 0.2280   lr: 3.9378e-05  max_mem: 13269M
[03/18 13:44:19 d2.utils.events]:  eta: 3:20:21  iter: 6119  total_loss: 7.408  loss_ce: 0.02174  loss_mask: 0.03667  loss_dice: 0.7575  loss_ce_0: 0.2771  loss_mask_0: 0.0415  loss_dice_0: 0.6798  loss_ce_1: 0.08823  loss_mask_1: 0.03993  loss_dice_1: 0.6426  loss_ce_2: 0.1026  loss_mask_2: 0.0315  loss_dice_2: 0.5235  loss_ce_3: 0.03267  loss_mask_3: 0.03692  loss_dice_3: 0.6434  loss_ce_4: 0.0251  loss_mask_4: 0.04187  loss_dice_4: 0.6515  loss_ce_5: 0.0219  loss_mask_5: 0.03757  loss_dice_5: 0.6186  loss_ce_6: 0.09176  loss_mask_6: 0.03274  loss_dice_6: 0.5603  loss_ce_7: 0.02187  loss_mask_7: 0.03752  loss_dice_7: 0.6856  loss_ce_8: 0.02227  loss_mask_8: 0.03064  loss_dice_8: 0.573    time: 0.8896  last_time: 0.8389  data_time: 0.1175  last_data_time: 0.1175   lr: 3.9314e-05  max_mem: 13269M
[03/18 13:44:36 d2.utils.events]:  eta: 3:19:53  iter: 6139  total_loss: 11.25  loss_ce: 0.03928  loss_mask: 0.04727  loss_dice: 0.9789  loss_ce_0: 0.2532  loss_mask_0: 0.0605  loss_dice_0: 1.03  loss_ce_1: 0.09585  loss_mask_1: 0.04575  loss_dice_1: 0.8689  loss_ce_2: 0.05177  loss_mask_2: 0.06011  loss_dice_2: 0.9143  loss_ce_3: 0.04858  loss_mask_3: 0.05493  loss_dice_3: 0.9236  loss_ce_4: 0.03987  loss_mask_4: 0.05628  loss_dice_4: 1.072  loss_ce_5: 0.09224  loss_mask_5: 0.04882  loss_dice_5: 0.9223  loss_ce_6: 0.03872  loss_mask_6: 0.05756  loss_dice_6: 0.9977  loss_ce_7: 0.03635  loss_mask_7: 0.05395  loss_dice_7: 1.118  loss_ce_8: 0.0506  loss_mask_8: 0.05085  loss_dice_8: 1.145    time: 0.8894  last_time: 0.8303  data_time: 0.1288  last_data_time: 0.1288   lr: 3.925e-05  max_mem: 13269M
[03/18 13:44:53 d2.utils.events]:  eta: 3:19:27  iter: 6159  total_loss: 15.02  loss_ce: 0.106  loss_mask: 0.06552  loss_dice: 1.132  loss_ce_0: 0.623  loss_mask_0: 0.08055  loss_dice_0: 1.445  loss_ce_1: 0.1501  loss_mask_1: 0.07862  loss_dice_1: 1.415  loss_ce_2: 0.1437  loss_mask_2: 0.05894  loss_dice_2: 1.322  loss_ce_3: 0.1124  loss_mask_3: 0.06271  loss_dice_3: 1.168  loss_ce_4: 0.0787  loss_mask_4: 0.07568  loss_dice_4: 1.429  loss_ce_5: 0.09147  loss_mask_5: 0.06777  loss_dice_5: 1.148  loss_ce_6: 0.07074  loss_mask_6: 0.06695  loss_dice_6: 1.189  loss_ce_7: 0.06762  loss_mask_7: 0.06647  loss_dice_7: 1.144  loss_ce_8: 0.0977  loss_mask_8: 0.06342  loss_dice_8: 1.397    time: 0.8893  last_time: 0.9177  data_time: 0.2031  last_data_time: 0.2031   lr: 3.9185e-05  max_mem: 13269M
[03/18 13:45:11 d2.utils.events]:  eta: 3:19:08  iter: 6179  total_loss: 10.42  loss_ce: 0.04518  loss_mask: 0.046  loss_dice: 0.8702  loss_ce_0: 0.2344  loss_mask_0: 0.07854  loss_dice_0: 1.309  loss_ce_1: 0.1248  loss_mask_1: 0.0506  loss_dice_1: 0.8845  loss_ce_2: 0.123  loss_mask_2: 0.05883  loss_dice_2: 0.9333  loss_ce_3: 0.04559  loss_mask_3: 0.04627  loss_dice_3: 0.8654  loss_ce_4: 0.04197  loss_mask_4: 0.04668  loss_dice_4: 0.8304  loss_ce_5: 0.03994  loss_mask_5: 0.04779  loss_dice_5: 0.8452  loss_ce_6: 0.04055  loss_mask_6: 0.05371  loss_dice_6: 0.8914  loss_ce_7: 0.04299  loss_mask_7: 0.04522  loss_dice_7: 0.8896  loss_ce_8: 0.04641  loss_mask_8: 0.04237  loss_dice_8: 0.8034    time: 0.8893  last_time: 0.9999  data_time: 0.2816  last_data_time: 0.2816   lr: 3.912e-05  max_mem: 13269M
[03/18 13:45:28 d2.utils.events]:  eta: 3:18:55  iter: 6199  total_loss: 12.22  loss_ce: 0.01584  loss_mask: 0.04901  loss_dice: 0.9506  loss_ce_0: 0.168  loss_mask_0: 0.08774  loss_dice_0: 1.121  loss_ce_1: 0.0413  loss_mask_1: 0.04089  loss_dice_1: 1.151  loss_ce_2: 0.02493  loss_mask_2: 0.05262  loss_dice_2: 1.282  loss_ce_3: 0.06671  loss_mask_3: 0.04546  loss_dice_3: 1.158  loss_ce_4: 0.02192  loss_mask_4: 0.04146  loss_dice_4: 0.8932  loss_ce_5: 0.01648  loss_mask_5: 0.05952  loss_dice_5: 1.034  loss_ce_6: 0.02604  loss_mask_6: 0.05118  loss_dice_6: 1.383  loss_ce_7: 0.01775  loss_mask_7: 0.04508  loss_dice_7: 0.9911  loss_ce_8: 0.02249  loss_mask_8: 0.04194  loss_dice_8: 1.322    time: 0.8891  last_time: 0.8585  data_time: 0.1652  last_data_time: 0.1652   lr: 3.9055e-05  max_mem: 13269M
[03/18 13:45:47 d2.utils.events]:  eta: 3:18:40  iter: 6219  total_loss: 13.7  loss_ce: 0.09813  loss_mask: 0.06949  loss_dice: 1.147  loss_ce_0: 0.2726  loss_mask_0: 0.08233  loss_dice_0: 1.408  loss_ce_1: 0.08188  loss_mask_1: 0.06756  loss_dice_1: 1.253  loss_ce_2: 0.1777  loss_mask_2: 0.06998  loss_dice_2: 1.153  loss_ce_3: 0.09955  loss_mask_3: 0.07046  loss_dice_3: 1.121  loss_ce_4: 0.1024  loss_mask_4: 0.05115  loss_dice_4: 1.102  loss_ce_5: 0.07618  loss_mask_5: 0.06559  loss_dice_5: 1.338  loss_ce_6: 0.08469  loss_mask_6: 0.06073  loss_dice_6: 1.131  loss_ce_7: 0.03832  loss_mask_7: 0.05969  loss_dice_7: 1.2  loss_ce_8: 0.08548  loss_mask_8: 0.06031  loss_dice_8: 1.068    time: 0.8892  last_time: 0.7705  data_time: 0.0657  last_data_time: 0.0657   lr: 3.899e-05  max_mem: 13269M
[03/18 13:46:04 d2.utils.events]:  eta: 3:18:06  iter: 6239  total_loss: 12.88  loss_ce: 0.05504  loss_mask: 0.06231  loss_dice: 1.154  loss_ce_0: 0.3005  loss_mask_0: 0.07717  loss_dice_0: 1.36  loss_ce_1: 0.1441  loss_mask_1: 0.07988  loss_dice_1: 1.099  loss_ce_2: 0.1106  loss_mask_2: 0.07575  loss_dice_2: 1.203  loss_ce_3: 0.115  loss_mask_3: 0.07355  loss_dice_3: 1.114  loss_ce_4: 0.05435  loss_mask_4: 0.07098  loss_dice_4: 1.094  loss_ce_5: 0.04466  loss_mask_5: 0.0656  loss_dice_5: 0.9861  loss_ce_6: 0.04563  loss_mask_6: 0.06291  loss_dice_6: 1.05  loss_ce_7: 0.0451  loss_mask_7: 0.063  loss_dice_7: 1.138  loss_ce_8: 0.05181  loss_mask_8: 0.06254  loss_dice_8: 1.022    time: 0.8891  last_time: 0.7979  data_time: 0.0787  last_data_time: 0.0787   lr: 3.8925e-05  max_mem: 13269M
[03/18 13:46:21 d2.utils.events]:  eta: 3:17:39  iter: 6259  total_loss: 11.32  loss_ce: 0.06104  loss_mask: 0.04619  loss_dice: 0.979  loss_ce_0: 0.3459  loss_mask_0: 0.04965  loss_dice_0: 0.8693  loss_ce_1: 0.1023  loss_mask_1: 0.04639  loss_dice_1: 1.062  loss_ce_2: 0.1895  loss_mask_2: 0.04643  loss_dice_2: 0.91  loss_ce_3: 0.1266  loss_mask_3: 0.04731  loss_dice_3: 0.9521  loss_ce_4: 0.153  loss_mask_4: 0.0422  loss_dice_4: 0.8601  loss_ce_5: 0.1038  loss_mask_5: 0.04715  loss_dice_5: 0.9871  loss_ce_6: 0.05389  loss_mask_6: 0.0461  loss_dice_6: 0.9378  loss_ce_7: 0.05541  loss_mask_7: 0.04812  loss_dice_7: 1.042  loss_ce_8: 0.0916  loss_mask_8: 0.04498  loss_dice_8: 0.975    time: 0.8890  last_time: 0.9936  data_time: 0.2703  last_data_time: 0.2703   lr: 3.886e-05  max_mem: 13269M
[03/18 13:46:39 d2.utils.events]:  eta: 3:17:37  iter: 6279  total_loss: 8.279  loss_ce: 0.02102  loss_mask: 0.04672  loss_dice: 0.6982  loss_ce_0: 0.2131  loss_mask_0: 0.06553  loss_dice_0: 0.7869  loss_ce_1: 0.05178  loss_mask_1: 0.04702  loss_dice_1: 0.6825  loss_ce_2: 0.1035  loss_mask_2: 0.04692  loss_dice_2: 0.7068  loss_ce_3: 0.03254  loss_mask_3: 0.04449  loss_dice_3: 0.6642  loss_ce_4: 0.0276  loss_mask_4: 0.05192  loss_dice_4: 0.7152  loss_ce_5: 0.02593  loss_mask_5: 0.05159  loss_dice_5: 0.6821  loss_ce_6: 0.02543  loss_mask_6: 0.04931  loss_dice_6: 0.7835  loss_ce_7: 0.02342  loss_mask_7: 0.0456  loss_dice_7: 0.729  loss_ce_8: 0.0239  loss_mask_8: 0.04872  loss_dice_8: 0.7842    time: 0.8890  last_time: 0.9502  data_time: 0.2321  last_data_time: 0.2321   lr: 3.8794e-05  max_mem: 13269M
[03/18 13:46:57 d2.utils.events]:  eta: 3:17:28  iter: 6299  total_loss: 6.228  loss_ce: 0.02107  loss_mask: 0.0285  loss_dice: 0.5618  loss_ce_0: 0.1785  loss_mask_0: 0.04356  loss_dice_0: 0.6685  loss_ce_1: 0.02488  loss_mask_1: 0.0341  loss_dice_1: 0.6154  loss_ce_2: 0.02779  loss_mask_2: 0.03511  loss_dice_2: 0.5706  loss_ce_3: 0.02315  loss_mask_3: 0.02824  loss_dice_3: 0.4435  loss_ce_4: 0.0222  loss_mask_4: 0.02642  loss_dice_4: 0.5229  loss_ce_5: 0.02191  loss_mask_5: 0.03008  loss_dice_5: 0.4895  loss_ce_6: 0.02039  loss_mask_6: 0.02945  loss_dice_6: 0.6131  loss_ce_7: 0.02154  loss_mask_7: 0.0256  loss_dice_7: 0.5123  loss_ce_8: 0.02199  loss_mask_8: 0.03011  loss_dice_8: 0.5363    time: 0.8891  last_time: 0.8819  data_time: 0.1682  last_data_time: 0.1682   lr: 3.8729e-05  max_mem: 13269M
[03/18 13:47:16 d2.utils.events]:  eta: 3:17:05  iter: 6319  total_loss: 9.488  loss_ce: 0.04938  loss_mask: 0.06032  loss_dice: 0.7913  loss_ce_0: 0.2559  loss_mask_0: 0.04535  loss_dice_0: 0.9181  loss_ce_1: 0.07512  loss_mask_1: 0.07926  loss_dice_1: 0.7924  loss_ce_2: 0.08322  loss_mask_2: 0.08803  loss_dice_2: 0.8812  loss_ce_3: 0.06719  loss_mask_3: 0.07087  loss_dice_3: 0.8007  loss_ce_4: 0.06662  loss_mask_4: 0.05775  loss_dice_4: 0.7664  loss_ce_5: 0.06096  loss_mask_5: 0.05761  loss_dice_5: 0.8001  loss_ce_6: 0.04735  loss_mask_6: 0.05671  loss_dice_6: 0.7532  loss_ce_7: 0.048  loss_mask_7: 0.06079  loss_dice_7: 0.8242  loss_ce_8: 0.05042  loss_mask_8: 0.05927  loss_dice_8: 0.7207    time: 0.8892  last_time: 0.9024  data_time: 0.1884  last_data_time: 0.1884   lr: 3.8663e-05  max_mem: 13269M
[03/18 13:47:33 d2.utils.events]:  eta: 3:16:40  iter: 6339  total_loss: 7.813  loss_ce: 0.0186  loss_mask: 0.02941  loss_dice: 0.801  loss_ce_0: 0.1123  loss_mask_0: 0.02414  loss_dice_0: 0.7601  loss_ce_1: 0.01694  loss_mask_1: 0.02925  loss_dice_1: 0.752  loss_ce_2: 0.02002  loss_mask_2: 0.02865  loss_dice_2: 0.7872  loss_ce_3: 0.02171  loss_mask_3: 0.02582  loss_dice_3: 0.7716  loss_ce_4: 0.02183  loss_mask_4: 0.0193  loss_dice_4: 0.5902  loss_ce_5: 0.02298  loss_mask_5: 0.02802  loss_dice_5: 0.7618  loss_ce_6: 0.0197  loss_mask_6: 0.02332  loss_dice_6: 0.6343  loss_ce_7: 0.01709  loss_mask_7: 0.02936  loss_dice_7: 0.7014  loss_ce_8: 0.01873  loss_mask_8: 0.02608  loss_dice_8: 0.7005    time: 0.8890  last_time: 0.8517  data_time: 0.1411  last_data_time: 0.1411   lr: 3.8597e-05  max_mem: 13269M
[03/18 13:47:51 d2.utils.events]:  eta: 3:16:17  iter: 6359  total_loss: 16.89  loss_ce: 0.1606  loss_mask: 0.03245  loss_dice: 1.369  loss_ce_0: 0.3027  loss_mask_0: 0.03828  loss_dice_0: 1.683  loss_ce_1: 0.1379  loss_mask_1: 0.03249  loss_dice_1: 1.555  loss_ce_2: 0.04474  loss_mask_2: 0.03892  loss_dice_2: 1.532  loss_ce_3: 0.1182  loss_mask_3: 0.03839  loss_dice_3: 1.471  loss_ce_4: 0.05872  loss_mask_4: 0.03529  loss_dice_4: 1.518  loss_ce_5: 0.08892  loss_mask_5: 0.04006  loss_dice_5: 1.548  loss_ce_6: 0.05113  loss_mask_6: 0.03565  loss_dice_6: 1.708  loss_ce_7: 0.0399  loss_mask_7: 0.03813  loss_dice_7: 1.628  loss_ce_8: 0.08804  loss_mask_8: 0.0317  loss_dice_8: 1.425    time: 0.8890  last_time: 0.9098  data_time: 0.1986  last_data_time: 0.1986   lr: 3.8531e-05  max_mem: 13269M
[03/18 13:48:09 d2.utils.events]:  eta: 3:15:56  iter: 6379  total_loss: 14.42  loss_ce: 0.1056  loss_mask: 0.04877  loss_dice: 1.389  loss_ce_0: 0.2112  loss_mask_0: 0.05893  loss_dice_0: 1.457  loss_ce_1: 0.1785  loss_mask_1: 0.06837  loss_dice_1: 1.278  loss_ce_2: 0.08339  loss_mask_2: 0.04154  loss_dice_2: 1.323  loss_ce_3: 0.1026  loss_mask_3: 0.05354  loss_dice_3: 1.263  loss_ce_4: 0.06119  loss_mask_4: 0.0436  loss_dice_4: 1.222  loss_ce_5: 0.09667  loss_mask_5: 0.05233  loss_dice_5: 1.263  loss_ce_6: 0.04592  loss_mask_6: 0.05045  loss_dice_6: 1.134  loss_ce_7: 0.1401  loss_mask_7: 0.04137  loss_dice_7: 1.197  loss_ce_8: 0.04108  loss_mask_8: 0.04604  loss_dice_8: 1.326    time: 0.8890  last_time: 0.8672  data_time: 0.1456  last_data_time: 0.1456   lr: 3.8465e-05  max_mem: 13269M
[03/18 13:48:27 d2.utils.events]:  eta: 3:15:27  iter: 6399  total_loss: 11.72  loss_ce: 0.1374  loss_mask: 0.05134  loss_dice: 0.917  loss_ce_0: 0.3645  loss_mask_0: 0.056  loss_dice_0: 1.124  loss_ce_1: 0.2394  loss_mask_1: 0.054  loss_dice_1: 0.9073  loss_ce_2: 0.1802  loss_mask_2: 0.0665  loss_dice_2: 1.123  loss_ce_3: 0.1261  loss_mask_3: 0.04746  loss_dice_3: 1.023  loss_ce_4: 0.1261  loss_mask_4: 0.04653  loss_dice_4: 0.9013  loss_ce_5: 0.157  loss_mask_5: 0.0496  loss_dice_5: 0.9196  loss_ce_6: 0.1258  loss_mask_6: 0.05223  loss_dice_6: 0.9016  loss_ce_7: 0.1494  loss_mask_7: 0.04706  loss_dice_7: 0.8269  loss_ce_8: 0.1402  loss_mask_8: 0.04522  loss_dice_8: 0.8162    time: 0.8890  last_time: 0.8909  data_time: 0.1708  last_data_time: 0.1708   lr: 3.8399e-05  max_mem: 13269M
[03/18 13:48:44 d2.utils.events]:  eta: 3:15:09  iter: 6419  total_loss: 10.84  loss_ce: 0.07118  loss_mask: 0.04698  loss_dice: 0.8735  loss_ce_0: 0.2757  loss_mask_0: 0.05233  loss_dice_0: 0.9491  loss_ce_1: 0.1219  loss_mask_1: 0.06469  loss_dice_1: 1.01  loss_ce_2: 0.08706  loss_mask_2: 0.1886  loss_dice_2: 1.098  loss_ce_3: 0.09439  loss_mask_3: 0.05618  loss_dice_3: 0.9435  loss_ce_4: 0.0964  loss_mask_4: 0.05633  loss_dice_4: 0.8932  loss_ce_5: 0.08856  loss_mask_5: 0.04869  loss_dice_5: 0.7691  loss_ce_6: 0.07808  loss_mask_6: 0.0426  loss_dice_6: 0.8781  loss_ce_7: 0.07975  loss_mask_7: 0.04635  loss_dice_7: 0.8275  loss_ce_8: 0.07708  loss_mask_8: 0.05069  loss_dice_8: 0.8782    time: 0.8890  last_time: 1.0745  data_time: 0.3082  last_data_time: 0.3082   lr: 3.8333e-05  max_mem: 13269M
[03/18 13:49:02 d2.utils.events]:  eta: 3:14:56  iter: 6439  total_loss: 11  loss_ce: 0.1216  loss_mask: 0.04875  loss_dice: 0.9445  loss_ce_0: 0.3962  loss_mask_0: 0.05665  loss_dice_0: 1.014  loss_ce_1: 0.08764  loss_mask_1: 0.05027  loss_dice_1: 1.033  loss_ce_2: 0.12  loss_mask_2: 0.04853  loss_dice_2: 0.8857  loss_ce_3: 0.08991  loss_mask_3: 0.05144  loss_dice_3: 0.9166  loss_ce_4: 0.0923  loss_mask_4: 0.0468  loss_dice_4: 0.8826  loss_ce_5: 0.09994  loss_mask_5: 0.04973  loss_dice_5: 0.9274  loss_ce_6: 0.03938  loss_mask_6: 0.05361  loss_dice_6: 1.056  loss_ce_7: 0.04387  loss_mask_7: 0.05014  loss_dice_7: 0.8847  loss_ce_8: 0.04526  loss_mask_8: 0.04637  loss_dice_8: 0.8223    time: 0.8890  last_time: 0.8245  data_time: 0.0928  last_data_time: 0.0928   lr: 3.8266e-05  max_mem: 13269M
[03/18 13:49:20 d2.utils.events]:  eta: 3:14:43  iter: 6459  total_loss: 9.702  loss_ce: 0.04194  loss_mask: 0.03696  loss_dice: 0.9058  loss_ce_0: 0.2989  loss_mask_0: 0.04937  loss_dice_0: 0.9447  loss_ce_1: 0.06166  loss_mask_1: 0.03849  loss_dice_1: 0.9168  loss_ce_2: 0.05795  loss_mask_2: 0.04196  loss_dice_2: 1.013  loss_ce_3: 0.04989  loss_mask_3: 0.03633  loss_dice_3: 0.7948  loss_ce_4: 0.03672  loss_mask_4: 0.03523  loss_dice_4: 0.7729  loss_ce_5: 0.0416  loss_mask_5: 0.03649  loss_dice_5: 0.8557  loss_ce_6: 0.02845  loss_mask_6: 0.0408  loss_dice_6: 0.9093  loss_ce_7: 0.04541  loss_mask_7: 0.03728  loss_dice_7: 0.7155  loss_ce_8: 0.06351  loss_mask_8: 0.03637  loss_dice_8: 0.7583    time: 0.8890  last_time: 0.8297  data_time: 0.1038  last_data_time: 0.1038   lr: 3.8199e-05  max_mem: 13269M
[03/18 13:49:39 d2.utils.events]:  eta: 3:14:25  iter: 6479  total_loss: 11.18  loss_ce: 0.0236  loss_mask: 0.04763  loss_dice: 1.046  loss_ce_0: 0.1596  loss_mask_0: 0.03722  loss_dice_0: 1.23  loss_ce_1: 0.1088  loss_mask_1: 0.04185  loss_dice_1: 0.8698  loss_ce_2: 0.03027  loss_mask_2: 0.04439  loss_dice_2: 0.9747  loss_ce_3: 0.02998  loss_mask_3: 0.04901  loss_dice_3: 1.03  loss_ce_4: 0.02737  loss_mask_4: 0.0548  loss_dice_4: 1.108  loss_ce_5: 0.02464  loss_mask_5: 0.05006  loss_dice_5: 1.096  loss_ce_6: 0.0217  loss_mask_6: 0.04542  loss_dice_6: 0.9274  loss_ce_7: 0.02516  loss_mask_7: 0.05152  loss_dice_7: 1.026  loss_ce_8: 0.02419  loss_mask_8: 0.04613  loss_dice_8: 0.9262    time: 0.8891  last_time: 0.8226  data_time: 0.1078  last_data_time: 0.1078   lr: 3.8133e-05  max_mem: 13269M
[03/18 13:49:58 d2.utils.events]:  eta: 3:14:10  iter: 6499  total_loss: 8.951  loss_ce: 0.03907  loss_mask: 0.05245  loss_dice: 0.6771  loss_ce_0: 0.1467  loss_mask_0: 0.05817  loss_dice_0: 1.028  loss_ce_1: 0.05782  loss_mask_1: 0.05296  loss_dice_1: 0.6941  loss_ce_2: 0.04738  loss_mask_2: 0.05657  loss_dice_2: 0.7547  loss_ce_3: 0.03561  loss_mask_3: 0.05896  loss_dice_3: 0.8002  loss_ce_4: 0.036  loss_mask_4: 0.06275  loss_dice_4: 0.8237  loss_ce_5: 0.04296  loss_mask_5: 0.05848  loss_dice_5: 0.8361  loss_ce_6: 0.03904  loss_mask_6: 0.05279  loss_dice_6: 0.7282  loss_ce_7: 0.04  loss_mask_7: 0.0593  loss_dice_7: 0.8137  loss_ce_8: 0.03787  loss_mask_8: 0.05269  loss_dice_8: 0.7078    time: 0.8892  last_time: 0.8541  data_time: 0.1580  last_data_time: 0.1580   lr: 3.8066e-05  max_mem: 13269M
[03/18 13:50:16 d2.utils.events]:  eta: 3:13:57  iter: 6519  total_loss: 8.529  loss_ce: 0.03784  loss_mask: 0.03268  loss_dice: 0.7171  loss_ce_0: 0.2615  loss_mask_0: 0.03757  loss_dice_0: 1.047  loss_ce_1: 0.04767  loss_mask_1: 0.03516  loss_dice_1: 0.5852  loss_ce_2: 0.03056  loss_mask_2: 0.03659  loss_dice_2: 0.7929  loss_ce_3: 0.05267  loss_mask_3: 0.03378  loss_dice_3: 0.9625  loss_ce_4: 0.0257  loss_mask_4: 0.03021  loss_dice_4: 0.5465  loss_ce_5: 0.03306  loss_mask_5: 0.03822  loss_dice_5: 0.6366  loss_ce_6: 0.04019  loss_mask_6: 0.03608  loss_dice_6: 0.7818  loss_ce_7: 0.04119  loss_mask_7: 0.03436  loss_dice_7: 0.7879  loss_ce_8: 0.02669  loss_mask_8: 0.03455  loss_dice_8: 0.7255    time: 0.8893  last_time: 1.4123  data_time: 0.7140  last_data_time: 0.7140   lr: 3.7999e-05  max_mem: 13269M
[03/18 13:50:34 d2.utils.events]:  eta: 3:13:35  iter: 6539  total_loss: 7.243  loss_ce: 0.02448  loss_mask: 0.04305  loss_dice: 0.6156  loss_ce_0: 0.1374  loss_mask_0: 0.05375  loss_dice_0: 0.7078  loss_ce_1: 0.04583  loss_mask_1: 0.04633  loss_dice_1: 0.6797  loss_ce_2: 0.0373  loss_mask_2: 0.04812  loss_dice_2: 0.5866  loss_ce_3: 0.02857  loss_mask_3: 0.05305  loss_dice_3: 0.6271  loss_ce_4: 0.02012  loss_mask_4: 0.04729  loss_dice_4: 0.6663  loss_ce_5: 0.02368  loss_mask_5: 0.0505  loss_dice_5: 0.6279  loss_ce_6: 0.02271  loss_mask_6: 0.03912  loss_dice_6: 0.5904  loss_ce_7: 0.02551  loss_mask_7: 0.04684  loss_dice_7: 0.6738  loss_ce_8: 0.02631  loss_mask_8: 0.04015  loss_dice_8: 0.6079    time: 0.8893  last_time: 0.9009  data_time: 0.1758  last_data_time: 0.1758   lr: 3.7932e-05  max_mem: 13269M
[03/18 13:50:51 d2.utils.events]:  eta: 3:13:30  iter: 6559  total_loss: 11.2  loss_ce: 0.05926  loss_mask: 0.05002  loss_dice: 1.009  loss_ce_0: 0.1892  loss_mask_0: 0.08422  loss_dice_0: 1.105  loss_ce_1: 0.0436  loss_mask_1: 0.05729  loss_dice_1: 1.01  loss_ce_2: 0.1114  loss_mask_2: 0.05677  loss_dice_2: 1.006  loss_ce_3: 0.06847  loss_mask_3: 0.05114  loss_dice_3: 0.9686  loss_ce_4: 0.08385  loss_mask_4: 0.05286  loss_dice_4: 0.7483  loss_ce_5: 0.03231  loss_mask_5: 0.05272  loss_dice_5: 1.175  loss_ce_6: 0.1401  loss_mask_6: 0.09413  loss_dice_6: 1.11  loss_ce_7: 0.06138  loss_mask_7: 0.05102  loss_dice_7: 0.8928  loss_ce_8: 0.06355  loss_mask_8: 0.04446  loss_dice_8: 0.7245    time: 0.8893  last_time: 0.8051  data_time: 0.0956  last_data_time: 0.0956   lr: 3.7864e-05  max_mem: 13269M
[03/18 13:51:09 d2.utils.events]:  eta: 3:12:51  iter: 6579  total_loss: 6.546  loss_ce: 0.01922  loss_mask: 0.04997  loss_dice: 0.5287  loss_ce_0: 0.1404  loss_mask_0: 0.04832  loss_dice_0: 0.6228  loss_ce_1: 0.01333  loss_mask_1: 0.05039  loss_dice_1: 0.59  loss_ce_2: 0.03062  loss_mask_2: 0.0441  loss_dice_2: 0.5202  loss_ce_3: 0.09931  loss_mask_3: 0.0465  loss_dice_3: 0.5255  loss_ce_4: 0.01865  loss_mask_4: 0.04546  loss_dice_4: 0.5751  loss_ce_5: 0.0167  loss_mask_5: 0.04666  loss_dice_5: 0.5545  loss_ce_6: 0.09305  loss_mask_6: 0.05171  loss_dice_6: 0.6398  loss_ce_7: 0.01669  loss_mask_7: 0.05255  loss_dice_7: 0.5546  loss_ce_8: 0.01711  loss_mask_8: 0.04186  loss_dice_8: 0.4924    time: 0.8892  last_time: 0.8731  data_time: 0.1632  last_data_time: 0.1632   lr: 3.7797e-05  max_mem: 13269M
[03/18 13:51:27 d2.utils.events]:  eta: 3:12:44  iter: 6599  total_loss: 7.632  loss_ce: 0.01621  loss_mask: 0.05905  loss_dice: 0.6027  loss_ce_0: 0.151  loss_mask_0: 0.08188  loss_dice_0: 0.699  loss_ce_1: 0.02241  loss_mask_1: 0.07487  loss_dice_1: 0.6794  loss_ce_2: 0.02624  loss_mask_2: 0.06795  loss_dice_2: 0.686  loss_ce_3: 0.03046  loss_mask_3: 0.06621  loss_dice_3: 0.6171  loss_ce_4: 0.02286  loss_mask_4: 0.06195  loss_dice_4: 0.6849  loss_ce_5: 0.01958  loss_mask_5: 0.06542  loss_dice_5: 0.7479  loss_ce_6: 0.02377  loss_mask_6: 0.05267  loss_dice_6: 0.5908  loss_ce_7: 0.01732  loss_mask_7: 0.05704  loss_dice_7: 0.6682  loss_ce_8: 0.01795  loss_mask_8: 0.06138  loss_dice_8: 0.6598    time: 0.8892  last_time: 0.9123  data_time: 0.2126  last_data_time: 0.2126   lr: 3.7729e-05  max_mem: 13269M
[03/18 13:51:44 d2.utils.events]:  eta: 3:12:43  iter: 6619  total_loss: 13.62  loss_ce: 0.07486  loss_mask: 0.07115  loss_dice: 1.222  loss_ce_0: 0.1893  loss_mask_0: 0.06249  loss_dice_0: 1.398  loss_ce_1: 0.1653  loss_mask_1: 0.07528  loss_dice_1: 1.261  loss_ce_2: 0.122  loss_mask_2: 0.07838  loss_dice_2: 1.175  loss_ce_3: 0.09711  loss_mask_3: 0.09351  loss_dice_3: 1.144  loss_ce_4: 0.06171  loss_mask_4: 0.05238  loss_dice_4: 1.164  loss_ce_5: 0.04463  loss_mask_5: 0.06098  loss_dice_5: 1.168  loss_ce_6: 0.1141  loss_mask_6: 0.07553  loss_dice_6: 1.147  loss_ce_7: 0.07262  loss_mask_7: 0.05828  loss_dice_7: 1.081  loss_ce_8: 0.05677  loss_mask_8: 0.06913  loss_dice_8: 1.162    time: 0.8891  last_time: 0.9207  data_time: 0.1459  last_data_time: 0.1459   lr: 3.7662e-05  max_mem: 13269M
[03/18 13:52:01 d2.utils.events]:  eta: 3:11:59  iter: 6639  total_loss: 15.64  loss_ce: 0.06986  loss_mask: 0.05828  loss_dice: 1.367  loss_ce_0: 0.3737  loss_mask_0: 0.05425  loss_dice_0: 1.444  loss_ce_1: 0.1717  loss_mask_1: 0.08687  loss_dice_1: 1.423  loss_ce_2: 0.1258  loss_mask_2: 0.05556  loss_dice_2: 1.328  loss_ce_3: 0.09598  loss_mask_3: 0.05756  loss_dice_3: 1.314  loss_ce_4: 0.1144  loss_mask_4: 0.06291  loss_dice_4: 1.33  loss_ce_5: 0.04968  loss_mask_5: 0.05616  loss_dice_5: 1.447  loss_ce_6: 0.07567  loss_mask_6: 0.05249  loss_dice_6: 1.319  loss_ce_7: 0.0787  loss_mask_7: 0.05188  loss_dice_7: 1.375  loss_ce_8: 0.1155  loss_mask_8: 0.07073  loss_dice_8: 1.415    time: 0.8890  last_time: 0.8737  data_time: 0.1702  last_data_time: 0.1702   lr: 3.7594e-05  max_mem: 13269M
[03/18 13:52:19 d2.utils.events]:  eta: 3:11:39  iter: 6659  total_loss: 7.151  loss_ce: 0.03101  loss_mask: 0.03256  loss_dice: 0.7385  loss_ce_0: 0.1107  loss_mask_0: 0.03053  loss_dice_0: 0.6328  loss_ce_1: 0.02788  loss_mask_1: 0.03128  loss_dice_1: 0.6039  loss_ce_2: 0.02787  loss_mask_2: 0.03383  loss_dice_2: 0.598  loss_ce_3: 0.03323  loss_mask_3: 0.03554  loss_dice_3: 0.5779  loss_ce_4: 0.03128  loss_mask_4: 0.03459  loss_dice_4: 0.6557  loss_ce_5: 0.0354  loss_mask_5: 0.0323  loss_dice_5: 0.578  loss_ce_6: 0.02899  loss_mask_6: 0.03476  loss_dice_6: 0.6763  loss_ce_7: 0.03075  loss_mask_7: 0.04569  loss_dice_7: 0.6887  loss_ce_8: 0.02979  loss_mask_8: 0.03903  loss_dice_8: 0.6648    time: 0.8890  last_time: 0.8461  data_time: 0.1313  last_data_time: 0.1313   lr: 3.7526e-05  max_mem: 13269M
[03/18 13:52:37 d2.utils.events]:  eta: 3:11:19  iter: 6679  total_loss: 7.564  loss_ce: 0.01633  loss_mask: 0.04294  loss_dice: 0.6563  loss_ce_0: 0.1118  loss_mask_0: 0.06487  loss_dice_0: 0.7549  loss_ce_1: 0.126  loss_mask_1: 0.03961  loss_dice_1: 0.667  loss_ce_2: 0.02222  loss_mask_2: 0.04022  loss_dice_2: 0.6083  loss_ce_3: 0.01679  loss_mask_3: 0.04124  loss_dice_3: 0.6085  loss_ce_4: 0.01701  loss_mask_4: 0.04368  loss_dice_4: 0.6556  loss_ce_5: 0.01926  loss_mask_5: 0.03603  loss_dice_5: 0.6924  loss_ce_6: 0.01872  loss_mask_6: 0.03681  loss_dice_6: 0.6307  loss_ce_7: 0.01848  loss_mask_7: 0.03597  loss_dice_7: 0.6621  loss_ce_8: 0.1037  loss_mask_8: 0.04195  loss_dice_8: 0.7352    time: 0.8890  last_time: 0.8604  data_time: 0.1423  last_data_time: 0.1423   lr: 3.7458e-05  max_mem: 13269M
[03/18 13:52:57 d2.utils.events]:  eta: 3:11:09  iter: 6699  total_loss: 11.61  loss_ce: 0.03071  loss_mask: 0.05888  loss_dice: 1.037  loss_ce_0: 0.2551  loss_mask_0: 0.08351  loss_dice_0: 1.109  loss_ce_1: 0.0939  loss_mask_1: 0.06236  loss_dice_1: 0.9649  loss_ce_2: 0.04027  loss_mask_2: 0.06329  loss_dice_2: 1.007  loss_ce_3: 0.03405  loss_mask_3: 0.05979  loss_dice_3: 0.9763  loss_ce_4: 0.03684  loss_mask_4: 0.05974  loss_dice_4: 1.014  loss_ce_5: 0.03217  loss_mask_5: 0.06145  loss_dice_5: 1.092  loss_ce_6: 0.04106  loss_mask_6: 0.06083  loss_dice_6: 1.08  loss_ce_7: 0.06394  loss_mask_7: 0.06767  loss_dice_7: 1.107  loss_ce_8: 0.02873  loss_mask_8: 0.0598  loss_dice_8: 0.9287    time: 0.8892  last_time: 0.8736  data_time: 0.1566  last_data_time: 0.1566   lr: 3.739e-05  max_mem: 13269M
[03/18 13:53:15 d2.utils.events]:  eta: 3:11:03  iter: 6719  total_loss: 12.07  loss_ce: 0.1882  loss_mask: 0.03499  loss_dice: 1.085  loss_ce_0: 0.2253  loss_mask_0: 0.05713  loss_dice_0: 1.204  loss_ce_1: 0.1663  loss_mask_1: 0.04011  loss_dice_1: 1.186  loss_ce_2: 0.1778  loss_mask_2: 0.03786  loss_dice_2: 0.8049  loss_ce_3: 0.1541  loss_mask_3: 0.04029  loss_dice_3: 1.005  loss_ce_4: 0.07264  loss_mask_4: 0.03938  loss_dice_4: 0.9298  loss_ce_5: 0.1286  loss_mask_5: 0.03916  loss_dice_5: 0.9728  loss_ce_6: 0.1985  loss_mask_6: 0.03435  loss_dice_6: 0.9808  loss_ce_7: 0.1402  loss_mask_7: 0.02891  loss_dice_7: 0.931  loss_ce_8: 0.1795  loss_mask_8: 0.0315  loss_dice_8: 0.9581    time: 0.8892  last_time: 0.9662  data_time: 0.1211  last_data_time: 0.1211   lr: 3.7322e-05  max_mem: 13269M
[03/18 13:53:32 d2.utils.events]:  eta: 3:10:33  iter: 6739  total_loss: 11.48  loss_ce: 0.1187  loss_mask: 0.03405  loss_dice: 0.8819  loss_ce_0: 0.2927  loss_mask_0: 0.04537  loss_dice_0: 0.9164  loss_ce_1: 0.1436  loss_mask_1: 0.04612  loss_dice_1: 0.9869  loss_ce_2: 0.1252  loss_mask_2: 0.04416  loss_dice_2: 0.9832  loss_ce_3: 0.1616  loss_mask_3: 0.04364  loss_dice_3: 0.9663  loss_ce_4: 0.1027  loss_mask_4: 0.04019  loss_dice_4: 0.9976  loss_ce_5: 0.1414  loss_mask_5: 0.03972  loss_dice_5: 0.9176  loss_ce_6: 0.1575  loss_mask_6: 0.03846  loss_dice_6: 0.9247  loss_ce_7: 0.09507  loss_mask_7: 0.04477  loss_dice_7: 1.026  loss_ce_8: 0.1444  loss_mask_8: 0.03935  loss_dice_8: 0.9826    time: 0.8891  last_time: 0.8815  data_time: 0.1753  last_data_time: 0.1753   lr: 3.7253e-05  max_mem: 13269M
[03/18 13:53:50 d2.utils.events]:  eta: 3:10:17  iter: 6759  total_loss: 13.36  loss_ce: 0.1246  loss_mask: 0.03689  loss_dice: 1.236  loss_ce_0: 0.2857  loss_mask_0: 0.03609  loss_dice_0: 1.185  loss_ce_1: 0.1341  loss_mask_1: 0.04251  loss_dice_1: 1.147  loss_ce_2: 0.162  loss_mask_2: 0.04539  loss_dice_2: 1.145  loss_ce_3: 0.116  loss_mask_3: 0.0421  loss_dice_3: 1.141  loss_ce_4: 0.1002  loss_mask_4: 0.04163  loss_dice_4: 1.258  loss_ce_5: 0.1287  loss_mask_5: 0.03889  loss_dice_5: 1.1  loss_ce_6: 0.1196  loss_mask_6: 0.03215  loss_dice_6: 1.026  loss_ce_7: 0.1185  loss_mask_7: 0.04061  loss_dice_7: 1.283  loss_ce_8: 0.1276  loss_mask_8: 0.02774  loss_dice_8: 1.04    time: 0.8891  last_time: 0.8094  data_time: 0.1042  last_data_time: 0.1042   lr: 3.7185e-05  max_mem: 13269M
[03/18 13:54:07 d2.utils.events]:  eta: 3:10:11  iter: 6779  total_loss: 12.12  loss_ce: 0.07239  loss_mask: 0.08307  loss_dice: 0.9787  loss_ce_0: 0.155  loss_mask_0: 0.1206  loss_dice_0: 1.121  loss_ce_1: 0.09836  loss_mask_1: 0.1196  loss_dice_1: 1.021  loss_ce_2: 0.09912  loss_mask_2: 0.1064  loss_dice_2: 1.099  loss_ce_3: 0.1069  loss_mask_3: 0.08755  loss_dice_3: 1.113  loss_ce_4: 0.09853  loss_mask_4: 0.07852  loss_dice_4: 0.9871  loss_ce_5: 0.07373  loss_mask_5: 0.07025  loss_dice_5: 0.9363  loss_ce_6: 0.06721  loss_mask_6: 0.07606  loss_dice_6: 0.9623  loss_ce_7: 0.1174  loss_mask_7: 0.07371  loss_dice_7: 0.9762  loss_ce_8: 0.06558  loss_mask_8: 0.07785  loss_dice_8: 1.078    time: 0.8890  last_time: 0.9154  data_time: 0.1917  last_data_time: 0.1917   lr: 3.7116e-05  max_mem: 13269M
[03/18 13:54:25 d2.utils.events]:  eta: 3:10:07  iter: 6799  total_loss: 7.919  loss_ce: 0.01174  loss_mask: 0.02984  loss_dice: 0.6426  loss_ce_0: 0.1103  loss_mask_0: 0.02343  loss_dice_0: 0.6534  loss_ce_1: 0.01322  loss_mask_1: 0.0407  loss_dice_1: 0.8038  loss_ce_2: 0.01547  loss_mask_2: 0.05863  loss_dice_2: 0.9276  loss_ce_3: 0.01713  loss_mask_3: 0.05372  loss_dice_3: 0.9615  loss_ce_4: 0.01762  loss_mask_4: 0.03074  loss_dice_4: 0.7365  loss_ce_5: 0.01244  loss_mask_5: 0.02998  loss_dice_5: 0.5922  loss_ce_6: 0.01304  loss_mask_6: 0.03358  loss_dice_6: 0.7496  loss_ce_7: 0.01255  loss_mask_7: 0.02952  loss_dice_7: 0.6006  loss_ce_8: 0.0124  loss_mask_8: 0.03917  loss_dice_8: 0.6461    time: 0.8890  last_time: 0.9519  data_time: 0.2433  last_data_time: 0.2433   lr: 3.7047e-05  max_mem: 13269M
[03/18 13:54:44 d2.utils.events]:  eta: 3:09:55  iter: 6819  total_loss: 9.776  loss_ce: 0.02693  loss_mask: 0.05338  loss_dice: 0.9444  loss_ce_0: 0.3475  loss_mask_0: 0.05355  loss_dice_0: 0.8567  loss_ce_1: 0.07698  loss_mask_1: 0.05868  loss_dice_1: 0.8159  loss_ce_2: 0.03378  loss_mask_2: 0.05798  loss_dice_2: 0.935  loss_ce_3: 0.02902  loss_mask_3: 0.05057  loss_dice_3: 0.8857  loss_ce_4: 0.02342  loss_mask_4: 0.04651  loss_dice_4: 0.7981  loss_ce_5: 0.01983  loss_mask_5: 0.05866  loss_dice_5: 0.8607  loss_ce_6: 0.02258  loss_mask_6: 0.05091  loss_dice_6: 0.799  loss_ce_7: 0.01861  loss_mask_7: 0.04892  loss_dice_7: 0.7904  loss_ce_8: 0.02716  loss_mask_8: 0.05787  loss_dice_8: 0.9271    time: 0.8892  last_time: 1.3861  data_time: 0.6653  last_data_time: 0.6653   lr: 3.6978e-05  max_mem: 13269M
[03/18 13:55:02 d2.utils.events]:  eta: 3:09:27  iter: 6839  total_loss: 15.37  loss_ce: 0.1217  loss_mask: 0.06439  loss_dice: 1.322  loss_ce_0: 0.2275  loss_mask_0: 0.09683  loss_dice_0: 1.42  loss_ce_1: 0.07459  loss_mask_1: 0.08488  loss_dice_1: 1.537  loss_ce_2: 0.08719  loss_mask_2: 0.09111  loss_dice_2: 1.462  loss_ce_3: 0.0781  loss_mask_3: 0.07387  loss_dice_3: 1.304  loss_ce_4: 0.04302  loss_mask_4: 0.08125  loss_dice_4: 1.286  loss_ce_5: 0.06558  loss_mask_5: 0.0723  loss_dice_5: 1.417  loss_ce_6: 0.03237  loss_mask_6: 0.07359  loss_dice_6: 1.301  loss_ce_7: 0.03758  loss_mask_7: 0.07262  loss_dice_7: 1.398  loss_ce_8: 0.07475  loss_mask_8: 0.07664  loss_dice_8: 1.292    time: 0.8891  last_time: 0.9137  data_time: 0.2008  last_data_time: 0.2008   lr: 3.6909e-05  max_mem: 13269M
[03/18 13:55:20 d2.utils.events]:  eta: 3:09:15  iter: 6859  total_loss: 8.786  loss_ce: 0.0328  loss_mask: 0.0392  loss_dice: 0.7591  loss_ce_0: 0.1368  loss_mask_0: 0.05971  loss_dice_0: 0.9787  loss_ce_1: 0.04858  loss_mask_1: 0.07019  loss_dice_1: 0.7431  loss_ce_2: 0.03902  loss_mask_2: 0.05523  loss_dice_2: 0.6784  loss_ce_3: 0.04462  loss_mask_3: 0.04503  loss_dice_3: 0.7401  loss_ce_4: 0.03426  loss_mask_4: 0.04606  loss_dice_4: 0.7924  loss_ce_5: 0.0301  loss_mask_5: 0.03682  loss_dice_5: 0.6553  loss_ce_6: 0.03161  loss_mask_6: 0.04267  loss_dice_6: 0.8776  loss_ce_7: 0.03163  loss_mask_7: 0.04052  loss_dice_7: 0.7814  loss_ce_8: 0.03284  loss_mask_8: 0.04147  loss_dice_8: 0.8404    time: 0.8891  last_time: 0.8565  data_time: 0.1401  last_data_time: 0.1401   lr: 3.684e-05  max_mem: 13269M
[03/18 13:55:37 d2.utils.events]:  eta: 3:09:01  iter: 6879  total_loss: 8.614  loss_ce: 0.03378  loss_mask: 0.04705  loss_dice: 0.8123  loss_ce_0: 0.2785  loss_mask_0: 0.05484  loss_dice_0: 0.7928  loss_ce_1: 0.07758  loss_mask_1: 0.05023  loss_dice_1: 0.8423  loss_ce_2: 0.09738  loss_mask_2: 0.04614  loss_dice_2: 0.6767  loss_ce_3: 0.1012  loss_mask_3: 0.04243  loss_dice_3: 0.6174  loss_ce_4: 0.104  loss_mask_4: 0.04264  loss_dice_4: 0.7187  loss_ce_5: 0.1009  loss_mask_5: 0.04861  loss_dice_5: 0.6622  loss_ce_6: 0.03856  loss_mask_6: 0.04238  loss_dice_6: 0.681  loss_ce_7: 0.03633  loss_mask_7: 0.04344  loss_dice_7: 0.6941  loss_ce_8: 0.03582  loss_mask_8: 0.047  loss_dice_8: 0.7476    time: 0.8891  last_time: 0.8574  data_time: 0.1195  last_data_time: 0.1195   lr: 3.6771e-05  max_mem: 13269M
[03/18 13:55:55 d2.utils.events]:  eta: 3:08:44  iter: 6899  total_loss: 15.9  loss_ce: 0.116  loss_mask: 0.1235  loss_dice: 1.364  loss_ce_0: 0.3061  loss_mask_0: 0.1471  loss_dice_0: 1.443  loss_ce_1: 0.1391  loss_mask_1: 0.0847  loss_dice_1: 1.351  loss_ce_2: 0.1367  loss_mask_2: 0.1121  loss_dice_2: 1.334  loss_ce_3: 0.132  loss_mask_3: 0.1247  loss_dice_3: 1.295  loss_ce_4: 0.1304  loss_mask_4: 0.1139  loss_dice_4: 1.316  loss_ce_5: 0.1034  loss_mask_5: 0.1211  loss_dice_5: 1.218  loss_ce_6: 0.1545  loss_mask_6: 0.1223  loss_dice_6: 1.274  loss_ce_7: 0.1467  loss_mask_7: 0.1002  loss_dice_7: 1.256  loss_ce_8: 0.1147  loss_mask_8: 0.1023  loss_dice_8: 1.414    time: 0.8891  last_time: 0.9426  data_time: 0.2238  last_data_time: 0.2238   lr: 3.6702e-05  max_mem: 13269M
[03/18 13:56:14 d2.utils.events]:  eta: 3:08:35  iter: 6919  total_loss: 10.3  loss_ce: 0.08127  loss_mask: 0.02978  loss_dice: 0.9111  loss_ce_0: 0.2381  loss_mask_0: 0.02485  loss_dice_0: 1.003  loss_ce_1: 0.07805  loss_mask_1: 0.02982  loss_dice_1: 0.9071  loss_ce_2: 0.05706  loss_mask_2: 0.02359  loss_dice_2: 0.6997  loss_ce_3: 0.06454  loss_mask_3: 0.02429  loss_dice_3: 0.8064  loss_ce_4: 0.07132  loss_mask_4: 0.032  loss_dice_4: 0.9542  loss_ce_5: 0.07124  loss_mask_5: 0.03206  loss_dice_5: 1.023  loss_ce_6: 0.06017  loss_mask_6: 0.04479  loss_dice_6: 0.9522  loss_ce_7: 0.07648  loss_mask_7: 0.03029  loss_dice_7: 0.8834  loss_ce_8: 0.1395  loss_mask_8: 0.02996  loss_dice_8: 0.9201    time: 0.8891  last_time: 0.9075  data_time: 0.2043  last_data_time: 0.2043   lr: 3.6632e-05  max_mem: 13269M
[03/18 13:56:31 d2.utils.events]:  eta: 3:08:20  iter: 6939  total_loss: 9.578  loss_ce: 0.009031  loss_mask: 0.07105  loss_dice: 0.839  loss_ce_0: 0.2017  loss_mask_0: 0.1295  loss_dice_0: 0.9368  loss_ce_1: 0.05364  loss_mask_1: 0.07729  loss_dice_1: 0.8115  loss_ce_2: 0.01542  loss_mask_2: 0.06796  loss_dice_2: 0.8224  loss_ce_3: 0.01499  loss_mask_3: 0.08864  loss_dice_3: 0.9045  loss_ce_4: 0.01062  loss_mask_4: 0.06657  loss_dice_4: 0.8748  loss_ce_5: 0.008542  loss_mask_5: 0.0675  loss_dice_5: 0.8698  loss_ce_6: 0.00913  loss_mask_6: 0.05746  loss_dice_6: 0.7268  loss_ce_7: 0.009466  loss_mask_7: 0.06621  loss_dice_7: 0.8662  loss_ce_8: 0.009647  loss_mask_8: 0.0691  loss_dice_8: 0.8229    time: 0.8891  last_time: 0.9401  data_time: 0.2316  last_data_time: 0.2316   lr: 3.6563e-05  max_mem: 13269M
[03/18 13:56:50 d2.utils.events]:  eta: 3:08:05  iter: 6959  total_loss: 9.021  loss_ce: 0.01754  loss_mask: 0.04724  loss_dice: 0.8345  loss_ce_0: 0.3313  loss_mask_0: 0.05066  loss_dice_0: 0.8588  loss_ce_1: 0.08742  loss_mask_1: 0.0538  loss_dice_1: 0.8052  loss_ce_2: 0.03231  loss_mask_2: 0.0535  loss_dice_2: 0.8128  loss_ce_3: 0.07817  loss_mask_3: 0.04666  loss_dice_3: 0.7609  loss_ce_4: 0.02195  loss_mask_4: 0.04469  loss_dice_4: 0.7675  loss_ce_5: 0.01618  loss_mask_5: 0.04954  loss_dice_5: 0.7834  loss_ce_6: 0.01766  loss_mask_6: 0.04919  loss_dice_6: 0.7946  loss_ce_7: 0.01741  loss_mask_7: 0.0469  loss_dice_7: 0.7715  loss_ce_8: 0.01769  loss_mask_8: 0.04334  loss_dice_8: 0.7089    time: 0.8892  last_time: 0.8430  data_time: 0.1222  last_data_time: 0.1222   lr: 3.6493e-05  max_mem: 13269M
[03/18 13:57:08 d2.utils.events]:  eta: 3:07:44  iter: 6979  total_loss: 7.169  loss_ce: 0.007021  loss_mask: 0.04538  loss_dice: 0.6956  loss_ce_0: 0.1397  loss_mask_0: 0.04284  loss_dice_0: 0.6598  loss_ce_1: 0.02363  loss_mask_1: 0.03523  loss_dice_1: 0.7283  loss_ce_2: 0.01569  loss_mask_2: 0.03538  loss_dice_2: 0.6071  loss_ce_3: 0.00528  loss_mask_3: 0.03686  loss_dice_3: 0.5976  loss_ce_4: 0.007099  loss_mask_4: 0.03469  loss_dice_4: 0.6086  loss_ce_5: 0.004567  loss_mask_5: 0.03736  loss_dice_5: 0.7015  loss_ce_6: 0.005274  loss_mask_6: 0.0354  loss_dice_6: 0.5983  loss_ce_7: 0.005591  loss_mask_7: 0.04697  loss_dice_7: 0.8082  loss_ce_8: 0.006503  loss_mask_8: 0.03356  loss_dice_8: 0.5594    time: 0.8893  last_time: 0.8984  data_time: 0.1905  last_data_time: 0.1905   lr: 3.6423e-05  max_mem: 13269M
[03/18 13:57:27 d2.utils.events]:  eta: 3:07:54  iter: 6999  total_loss: 14.68  loss_ce: 0.04989  loss_mask: 0.0911  loss_dice: 1.365  loss_ce_0: 0.2505  loss_mask_0: 0.07449  loss_dice_0: 1.329  loss_ce_1: 0.1336  loss_mask_1: 0.07859  loss_dice_1: 1.369  loss_ce_2: 0.1819  loss_mask_2: 0.08144  loss_dice_2: 1.232  loss_ce_3: 0.08251  loss_mask_3: 0.07867  loss_dice_3: 1.127  loss_ce_4: 0.09073  loss_mask_4: 0.06454  loss_dice_4: 1.076  loss_ce_5: 0.07489  loss_mask_5: 0.07761  loss_dice_5: 1.187  loss_ce_6: 0.09386  loss_mask_6: 0.09368  loss_dice_6: 1.41  loss_ce_7: 0.09954  loss_mask_7: 0.09015  loss_dice_7: 1.216  loss_ce_8: 0.1562  loss_mask_8: 0.08103  loss_dice_8: 1.343    time: 0.8893  last_time: 0.9213  data_time: 0.1882  last_data_time: 0.1882   lr: 3.6353e-05  max_mem: 13269M
[03/18 13:57:44 d2.utils.events]:  eta: 3:07:22  iter: 7019  total_loss: 16.43  loss_ce: 0.05198  loss_mask: 0.05475  loss_dice: 1.495  loss_ce_0: 0.2541  loss_mask_0: 0.05327  loss_dice_0: 1.659  loss_ce_1: 0.1253  loss_mask_1: 0.0525  loss_dice_1: 1.44  loss_ce_2: 0.07969  loss_mask_2: 0.0571  loss_dice_2: 1.516  loss_ce_3: 0.04836  loss_mask_3: 0.06724  loss_dice_3: 1.381  loss_ce_4: 0.0551  loss_mask_4: 0.05799  loss_dice_4: 1.562  loss_ce_5: 0.0764  loss_mask_5: 0.05425  loss_dice_5: 1.584  loss_ce_6: 0.05166  loss_mask_6: 0.06636  loss_dice_6: 1.399  loss_ce_7: 0.04783  loss_mask_7: 0.05599  loss_dice_7: 1.545  loss_ce_8: 0.0498  loss_mask_8: 0.07587  loss_dice_8: 1.412    time: 0.8893  last_time: 0.8992  data_time: 0.1881  last_data_time: 0.1881   lr: 3.6283e-05  max_mem: 13269M
[03/18 13:58:02 d2.utils.events]:  eta: 3:06:52  iter: 7039  total_loss: 10.35  loss_ce: 0.01893  loss_mask: 0.1279  loss_dice: 0.7604  loss_ce_0: 0.197  loss_mask_0: 0.24  loss_dice_0: 1.265  loss_ce_1: 0.05513  loss_mask_1: 0.163  loss_dice_1: 0.7987  loss_ce_2: 0.02766  loss_mask_2: 0.126  loss_dice_2: 0.7962  loss_ce_3: 0.02474  loss_mask_3: 0.1411  loss_dice_3: 0.8924  loss_ce_4: 0.02397  loss_mask_4: 0.136  loss_dice_4: 0.797  loss_ce_5: 0.02154  loss_mask_5: 0.1384  loss_dice_5: 0.7748  loss_ce_6: 0.0179  loss_mask_6: 0.1387  loss_dice_6: 0.7855  loss_ce_7: 0.02055  loss_mask_7: 0.1292  loss_dice_7: 0.7887  loss_ce_8: 0.02116  loss_mask_8: 0.1197  loss_dice_8: 0.8022    time: 0.8893  last_time: 0.8637  data_time: 0.1538  last_data_time: 0.1538   lr: 3.6213e-05  max_mem: 13269M
[03/18 13:58:21 d2.utils.events]:  eta: 3:06:38  iter: 7059  total_loss: 8.596  loss_ce: 0.1105  loss_mask: 0.0497  loss_dice: 0.726  loss_ce_0: 0.2857  loss_mask_0: 0.05435  loss_dice_0: 0.8208  loss_ce_1: 0.0973  loss_mask_1: 0.04413  loss_dice_1: 0.7638  loss_ce_2: 0.1132  loss_mask_2: 0.03997  loss_dice_2: 0.6603  loss_ce_3: 0.1203  loss_mask_3: 0.04247  loss_dice_3: 0.6298  loss_ce_4: 0.1084  loss_mask_4: 0.04243  loss_dice_4: 0.6813  loss_ce_5: 0.1073  loss_mask_5: 0.04616  loss_dice_5: 0.6636  loss_ce_6: 0.1163  loss_mask_6: 0.04555  loss_dice_6: 0.6796  loss_ce_7: 0.1108  loss_mask_7: 0.03862  loss_dice_7: 0.6561  loss_ce_8: 0.1048  loss_mask_8: 0.03999  loss_dice_8: 0.5973    time: 0.8894  last_time: 0.9431  data_time: 0.2100  last_data_time: 0.2100   lr: 3.6143e-05  max_mem: 13269M
[03/18 13:58:39 d2.utils.events]:  eta: 3:06:37  iter: 7079  total_loss: 16.94  loss_ce: 0.3513  loss_mask: 0.07119  loss_dice: 1.185  loss_ce_0: 0.5205  loss_mask_0: 0.06983  loss_dice_0: 1.432  loss_ce_1: 0.4338  loss_mask_1: 0.08775  loss_dice_1: 1.367  loss_ce_2: 0.2462  loss_mask_2: 0.05921  loss_dice_2: 1.169  loss_ce_3: 0.3415  loss_mask_3: 0.07969  loss_dice_3: 1.269  loss_ce_4: 0.2605  loss_mask_4: 0.07249  loss_dice_4: 1.272  loss_ce_5: 0.3236  loss_mask_5: 0.0732  loss_dice_5: 1.19  loss_ce_6: 0.3069  loss_mask_6: 0.07644  loss_dice_6: 1.293  loss_ce_7: 0.3387  loss_mask_7: 0.07724  loss_dice_7: 1.3  loss_ce_8: 0.2841  loss_mask_8: 0.08024  loss_dice_8: 1.304    time: 0.8894  last_time: 0.8702  data_time: 0.1477  last_data_time: 0.1477   lr: 3.6072e-05  max_mem: 13269M
[03/18 13:58:57 d2.utils.events]:  eta: 3:06:12  iter: 7099  total_loss: 8.319  loss_ce: 0.02586  loss_mask: 0.05193  loss_dice: 0.8332  loss_ce_0: 0.3036  loss_mask_0: 0.06132  loss_dice_0: 0.9094  loss_ce_1: 0.05069  loss_mask_1: 0.04427  loss_dice_1: 0.7284  loss_ce_2: 0.03373  loss_mask_2: 0.04951  loss_dice_2: 0.7532  loss_ce_3: 0.03801  loss_mask_3: 0.04561  loss_dice_3: 0.7025  loss_ce_4: 0.02972  loss_mask_4: 0.04335  loss_dice_4: 0.639  loss_ce_5: 0.03221  loss_mask_5: 0.0434  loss_dice_5: 0.7163  loss_ce_6: 0.0456  loss_mask_6: 0.04567  loss_dice_6: 0.659  loss_ce_7: 0.07263  loss_mask_7: 0.04376  loss_dice_7: 0.6404  loss_ce_8: 0.06165  loss_mask_8: 0.04015  loss_dice_8: 0.5749    time: 0.8894  last_time: 1.0209  data_time: 0.3059  last_data_time: 0.3059   lr: 3.6002e-05  max_mem: 13269M
[03/18 13:59:15 d2.utils.events]:  eta: 3:06:07  iter: 7119  total_loss: 6.647  loss_ce: 0.03025  loss_mask: 0.0368  loss_dice: 0.7032  loss_ce_0: 0.139  loss_mask_0: 0.03692  loss_dice_0: 0.4693  loss_ce_1: 0.02813  loss_mask_1: 0.03421  loss_dice_1: 0.492  loss_ce_2: 0.04614  loss_mask_2: 0.03344  loss_dice_2: 0.8092  loss_ce_3: 0.03514  loss_mask_3: 0.03383  loss_dice_3: 0.4645  loss_ce_4: 0.02826  loss_mask_4: 0.03555  loss_dice_4: 0.5258  loss_ce_5: 0.02784  loss_mask_5: 0.04238  loss_dice_5: 0.5724  loss_ce_6: 0.02936  loss_mask_6: 0.03585  loss_dice_6: 0.6431  loss_ce_7: 0.03042  loss_mask_7: 0.03859  loss_dice_7: 0.5777  loss_ce_8: 0.05163  loss_mask_8: 0.03513  loss_dice_8: 0.5812    time: 0.8894  last_time: 0.9028  data_time: 0.1377  last_data_time: 0.1377   lr: 3.5931e-05  max_mem: 13269M
[03/18 13:59:32 d2.utils.events]:  eta: 3:05:53  iter: 7139  total_loss: 9.54  loss_ce: 0.01283  loss_mask: 0.0531  loss_dice: 0.8969  loss_ce_0: 0.1946  loss_mask_0: 0.04807  loss_dice_0: 1.044  loss_ce_1: 0.03182  loss_mask_1: 0.05272  loss_dice_1: 0.8551  loss_ce_2: 0.02986  loss_mask_2: 0.04079  loss_dice_2: 0.7848  loss_ce_3: 0.01833  loss_mask_3: 0.04052  loss_dice_3: 0.7626  loss_ce_4: 0.01701  loss_mask_4: 0.05467  loss_dice_4: 0.9386  loss_ce_5: 0.01458  loss_mask_5: 0.04881  loss_dice_5: 0.8595  loss_ce_6: 0.01462  loss_mask_6: 0.05159  loss_dice_6: 0.8866  loss_ce_7: 0.01288  loss_mask_7: 0.05512  loss_dice_7: 0.8644  loss_ce_8: 0.01086  loss_mask_8: 0.0427  loss_dice_8: 0.8017    time: 0.8893  last_time: 0.8449  data_time: 0.1434  last_data_time: 0.1434   lr: 3.5861e-05  max_mem: 13269M
[03/18 13:59:51 d2.utils.events]:  eta: 3:05:46  iter: 7159  total_loss: 11.5  loss_ce: 0.04161  loss_mask: 0.02374  loss_dice: 1.046  loss_ce_0: 0.1044  loss_mask_0: 0.02532  loss_dice_0: 1.115  loss_ce_1: 0.03517  loss_mask_1: 0.02326  loss_dice_1: 0.8806  loss_ce_2: 0.05223  loss_mask_2: 0.02157  loss_dice_2: 0.9649  loss_ce_3: 0.07845  loss_mask_3: 0.02799  loss_dice_3: 1.35  loss_ce_4: 0.04537  loss_mask_4: 0.02413  loss_dice_4: 1.133  loss_ce_5: 0.04461  loss_mask_5: 0.02124  loss_dice_5: 1.011  loss_ce_6: 0.03699  loss_mask_6: 0.02108  loss_dice_6: 1.09  loss_ce_7: 0.0372  loss_mask_7: 0.0258  loss_dice_7: 0.9992  loss_ce_8: 0.04121  loss_mask_8: 0.02111  loss_dice_8: 1.153    time: 0.8894  last_time: 0.8612  data_time: 0.1406  last_data_time: 0.1406   lr: 3.579e-05  max_mem: 13269M
[03/18 14:00:08 d2.utils.events]:  eta: 3:05:36  iter: 7179  total_loss: 11.51  loss_ce: 0.0289  loss_mask: 0.05649  loss_dice: 1.007  loss_ce_0: 0.2511  loss_mask_0: 0.07572  loss_dice_0: 1.021  loss_ce_1: 0.04403  loss_mask_1: 0.06807  loss_dice_1: 1.032  loss_ce_2: 0.03454  loss_mask_2: 0.06375  loss_dice_2: 1.037  loss_ce_3: 0.09521  loss_mask_3: 0.05596  loss_dice_3: 0.9434  loss_ce_4: 0.03157  loss_mask_4: 0.06571  loss_dice_4: 1.07  loss_ce_5: 0.03002  loss_mask_5: 0.06829  loss_dice_5: 1.023  loss_ce_6: 0.03294  loss_mask_6: 0.06214  loss_dice_6: 1.055  loss_ce_7: 0.02553  loss_mask_7: 0.06903  loss_dice_7: 1.071  loss_ce_8: 0.02708  loss_mask_8: 0.06191  loss_dice_8: 1.005    time: 0.8894  last_time: 0.8711  data_time: 0.1514  last_data_time: 0.1514   lr: 3.5719e-05  max_mem: 13269M
[03/18 14:00:26 d2.utils.events]:  eta: 3:05:29  iter: 7199  total_loss: 16.5  loss_ce: 0.1279  loss_mask: 0.1028  loss_dice: 1.471  loss_ce_0: 0.6  loss_mask_0: 0.1366  loss_dice_0: 1.575  loss_ce_1: 0.2056  loss_mask_1: 0.08288  loss_dice_1: 1.365  loss_ce_2: 0.1454  loss_mask_2: 0.1045  loss_dice_2: 1.37  loss_ce_3: 0.1551  loss_mask_3: 0.0825  loss_dice_3: 1.298  loss_ce_4: 0.1513  loss_mask_4: 0.09972  loss_dice_4: 1.277  loss_ce_5: 0.08578  loss_mask_5: 0.1064  loss_dice_5: 1.346  loss_ce_6: 0.09239  loss_mask_6: 0.09005  loss_dice_6: 1.457  loss_ce_7: 0.1047  loss_mask_7: 0.08083  loss_dice_7: 1.25  loss_ce_8: 0.1534  loss_mask_8: 0.09873  loss_dice_8: 1.283    time: 0.8893  last_time: 0.9575  data_time: 0.2246  last_data_time: 0.2246   lr: 3.5648e-05  max_mem: 13269M
[03/18 14:00:43 d2.utils.events]:  eta: 3:04:54  iter: 7219  total_loss: 14.74  loss_ce: 0.138  loss_mask: 0.05  loss_dice: 1.231  loss_ce_0: 0.2158  loss_mask_0: 0.05379  loss_dice_0: 1.388  loss_ce_1: 0.149  loss_mask_1: 0.06262  loss_dice_1: 1.576  loss_ce_2: 0.09377  loss_mask_2: 0.06003  loss_dice_2: 1.47  loss_ce_3: 0.07965  loss_mask_3: 0.05589  loss_dice_3: 1  loss_ce_4: 0.104  loss_mask_4: 0.05371  loss_dice_4: 1.355  loss_ce_5: 0.1131  loss_mask_5: 0.05747  loss_dice_5: 1.231  loss_ce_6: 0.1253  loss_mask_6: 0.04921  loss_dice_6: 1.063  loss_ce_7: 0.1242  loss_mask_7: 0.0551  loss_dice_7: 1.344  loss_ce_8: 0.1129  loss_mask_8: 0.05078  loss_dice_8: 1.282    time: 0.8893  last_time: 0.8535  data_time: 0.1345  last_data_time: 0.1345   lr: 3.5577e-05  max_mem: 13269M
[03/18 14:01:02 d2.utils.events]:  eta: 3:05:01  iter: 7239  total_loss: 11.92  loss_ce: 0.03176  loss_mask: 0.04057  loss_dice: 1.051  loss_ce_0: 0.2208  loss_mask_0: 0.06154  loss_dice_0: 1.345  loss_ce_1: 0.09413  loss_mask_1: 0.06719  loss_dice_1: 1.086  loss_ce_2: 0.09015  loss_mask_2: 0.04322  loss_dice_2: 1.125  loss_ce_3: 0.04174  loss_mask_3: 0.03798  loss_dice_3: 0.9326  loss_ce_4: 0.0295  loss_mask_4: 0.04024  loss_dice_4: 1.057  loss_ce_5: 0.0276  loss_mask_5: 0.04014  loss_dice_5: 0.9499  loss_ce_6: 0.02996  loss_mask_6: 0.04505  loss_dice_6: 1.135  loss_ce_7: 0.02945  loss_mask_7: 0.04781  loss_dice_7: 1.064  loss_ce_8: 0.03009  loss_mask_8: 0.04584  loss_dice_8: 1.078    time: 0.8894  last_time: 0.8755  data_time: 0.1623  last_data_time: 0.1623   lr: 3.5506e-05  max_mem: 13269M
[03/18 14:01:21 d2.utils.events]:  eta: 3:04:42  iter: 7259  total_loss: 22.04  loss_ce: 0.1124  loss_mask: 0.1313  loss_dice: 1.942  loss_ce_0: 0.707  loss_mask_0: 0.1635  loss_dice_0: 2.201  loss_ce_1: 0.2942  loss_mask_1: 0.1456  loss_dice_1: 1.831  loss_ce_2: 0.1644  loss_mask_2: 0.1005  loss_dice_2: 1.839  loss_ce_3: 0.1734  loss_mask_3: 0.1081  loss_dice_3: 1.766  loss_ce_4: 0.2087  loss_mask_4: 0.1096  loss_dice_4: 1.84  loss_ce_5: 0.2759  loss_mask_5: 0.09598  loss_dice_5: 1.655  loss_ce_6: 0.1646  loss_mask_6: 0.1116  loss_dice_6: 1.77  loss_ce_7: 0.1876  loss_mask_7: 0.102  loss_dice_7: 1.764  loss_ce_8: 0.1228  loss_mask_8: 0.115  loss_dice_8: 1.843    time: 0.8894  last_time: 1.3487  data_time: 0.6270  last_data_time: 0.6270   lr: 3.5434e-05  max_mem: 13269M
[03/18 14:01:38 d2.utils.events]:  eta: 3:04:09  iter: 7279  total_loss: 13.12  loss_ce: 0.03025  loss_mask: 0.06389  loss_dice: 1.213  loss_ce_0: 0.2723  loss_mask_0: 0.0547  loss_dice_0: 1.343  loss_ce_1: 0.1328  loss_mask_1: 0.06771  loss_dice_1: 0.9828  loss_ce_2: 0.121  loss_mask_2: 0.06815  loss_dice_2: 1.33  loss_ce_3: 0.04316  loss_mask_3: 0.0598  loss_dice_3: 1.018  loss_ce_4: 0.1137  loss_mask_4: 0.05876  loss_dice_4: 0.9764  loss_ce_5: 0.03426  loss_mask_5: 0.06086  loss_dice_5: 1.247  loss_ce_6: 0.0323  loss_mask_6: 0.0568  loss_dice_6: 1.094  loss_ce_7: 0.02876  loss_mask_7: 0.06224  loss_dice_7: 1.27  loss_ce_8: 0.02961  loss_mask_8: 0.06183  loss_dice_8: 1.19    time: 0.8894  last_time: 0.8637  data_time: 0.1528  last_data_time: 0.1528   lr: 3.5363e-05  max_mem: 13269M
[03/18 14:01:56 d2.utils.events]:  eta: 3:03:52  iter: 7299  total_loss: 6.895  loss_ce: 0.01999  loss_mask: 0.02866  loss_dice: 0.5599  loss_ce_0: 0.31  loss_mask_0: 0.03927  loss_dice_0: 0.6647  loss_ce_1: 0.04745  loss_mask_1: 0.02739  loss_dice_1: 0.6158  loss_ce_2: 0.05527  loss_mask_2: 0.02983  loss_dice_2: 0.6205  loss_ce_3: 0.02395  loss_mask_3: 0.03021  loss_dice_3: 0.6022  loss_ce_4: 0.01959  loss_mask_4: 0.02864  loss_dice_4: 0.6403  loss_ce_5: 0.01958  loss_mask_5: 0.03154  loss_dice_5: 0.6753  loss_ce_6: 0.01932  loss_mask_6: 0.03071  loss_dice_6: 0.4901  loss_ce_7: 0.02025  loss_mask_7: 0.0316  loss_dice_7: 0.5871  loss_ce_8: 0.01938  loss_mask_8: 0.02734  loss_dice_8: 0.579    time: 0.8893  last_time: 0.8863  data_time: 0.1594  last_data_time: 0.1594   lr: 3.5291e-05  max_mem: 13269M
[03/18 14:02:14 d2.utils.events]:  eta: 3:03:36  iter: 7319  total_loss: 7.093  loss_ce: 0.02723  loss_mask: 0.03176  loss_dice: 0.4796  loss_ce_0: 0.2728  loss_mask_0: 0.06166  loss_dice_0: 0.7483  loss_ce_1: 0.05532  loss_mask_1: 0.04433  loss_dice_1: 0.8104  loss_ce_2: 0.03372  loss_mask_2: 0.03871  loss_dice_2: 0.7585  loss_ce_3: 0.0403  loss_mask_3: 0.03719  loss_dice_3: 0.6719  loss_ce_4: 0.02823  loss_mask_4: 0.03272  loss_dice_4: 0.6198  loss_ce_5: 0.02643  loss_mask_5: 0.03409  loss_dice_5: 0.5098  loss_ce_6: 0.027  loss_mask_6: 0.0362  loss_dice_6: 0.5116  loss_ce_7: 0.03371  loss_mask_7: 0.0327  loss_dice_7: 0.4769  loss_ce_8: 0.02396  loss_mask_8: 0.03578  loss_dice_8: 0.5519    time: 0.8894  last_time: 0.9034  data_time: 0.1785  last_data_time: 0.1785   lr: 3.522e-05  max_mem: 13269M
[03/18 14:02:33 d2.utils.events]:  eta: 3:03:32  iter: 7339  total_loss: 18.89  loss_ce: 0.1726  loss_mask: 0.05692  loss_dice: 1.558  loss_ce_0: 0.6819  loss_mask_0: 0.08207  loss_dice_0: 1.578  loss_ce_1: 0.1875  loss_mask_1: 0.07121  loss_dice_1: 1.788  loss_ce_2: 0.2146  loss_mask_2: 0.05874  loss_dice_2: 1.615  loss_ce_3: 0.2375  loss_mask_3: 0.06047  loss_dice_3: 1.552  loss_ce_4: 0.1835  loss_mask_4: 0.06281  loss_dice_4: 1.606  loss_ce_5: 0.1493  loss_mask_5: 0.06192  loss_dice_5: 1.703  loss_ce_6: 0.1521  loss_mask_6: 0.06081  loss_dice_6: 1.434  loss_ce_7: 0.2037  loss_mask_7: 0.05657  loss_dice_7: 1.477  loss_ce_8: 0.1405  loss_mask_8: 0.06132  loss_dice_8: 1.623    time: 0.8895  last_time: 0.9399  data_time: 0.2184  last_data_time: 0.2184   lr: 3.5148e-05  max_mem: 13269M
[03/18 14:02:52 d2.utils.events]:  eta: 3:03:18  iter: 7359  total_loss: 10.12  loss_ce: 0.06619  loss_mask: 0.03814  loss_dice: 0.8999  loss_ce_0: 0.1083  loss_mask_0: 0.03962  loss_dice_0: 1.036  loss_ce_1: 0.1109  loss_mask_1: 0.03989  loss_dice_1: 0.6999  loss_ce_2: 0.1312  loss_mask_2: 0.04209  loss_dice_2: 0.7954  loss_ce_3: 0.1291  loss_mask_3: 0.04036  loss_dice_3: 0.8861  loss_ce_4: 0.1272  loss_mask_4: 0.04137  loss_dice_4: 0.9077  loss_ce_5: 0.07028  loss_mask_5: 0.04287  loss_dice_5: 0.8707  loss_ce_6: 0.0704  loss_mask_6: 0.03957  loss_dice_6: 0.8705  loss_ce_7: 0.06348  loss_mask_7: 0.03642  loss_dice_7: 0.8889  loss_ce_8: 0.06894  loss_mask_8: 0.03772  loss_dice_8: 0.9229    time: 0.8896  last_time: 0.8831  data_time: 0.1637  last_data_time: 0.1637   lr: 3.5076e-05  max_mem: 13269M
[03/18 14:03:09 d2.utils.events]:  eta: 3:03:02  iter: 7379  total_loss: 7.218  loss_ce: 0.01548  loss_mask: 0.04173  loss_dice: 0.7685  loss_ce_0: 0.1401  loss_mask_0: 0.05546  loss_dice_0: 0.8567  loss_ce_1: 0.04463  loss_mask_1: 0.03432  loss_dice_1: 0.6199  loss_ce_2: 0.01999  loss_mask_2: 0.04007  loss_dice_2: 0.6317  loss_ce_3: 0.01729  loss_mask_3: 0.0333  loss_dice_3: 0.7535  loss_ce_4: 0.01396  loss_mask_4: 0.03585  loss_dice_4: 0.5658  loss_ce_5: 0.0143  loss_mask_5: 0.03288  loss_dice_5: 0.5581  loss_ce_6: 0.01667  loss_mask_6: 0.02863  loss_dice_6: 0.5653  loss_ce_7: 0.01748  loss_mask_7: 0.02954  loss_dice_7: 0.5956  loss_ce_8: 0.01599  loss_mask_8: 0.03051  loss_dice_8: 0.6252    time: 0.8896  last_time: 0.7881  data_time: 0.0786  last_data_time: 0.0786   lr: 3.5004e-05  max_mem: 13269M
[03/18 14:03:27 d2.utils.events]:  eta: 3:02:44  iter: 7399  total_loss: 10  loss_ce: 0.02088  loss_mask: 0.04218  loss_dice: 1  loss_ce_0: 0.2134  loss_mask_0: 0.03013  loss_dice_0: 0.7717  loss_ce_1: 0.04029  loss_mask_1: 0.04376  loss_dice_1: 0.8977  loss_ce_2: 0.02051  loss_mask_2: 0.04188  loss_dice_2: 0.9246  loss_ce_3: 0.01944  loss_mask_3: 0.04697  loss_dice_3: 0.945  loss_ce_4: 0.01817  loss_mask_4: 0.04511  loss_dice_4: 0.9266  loss_ce_5: 0.01792  loss_mask_5: 0.0451  loss_dice_5: 0.9537  loss_ce_6: 0.01954  loss_mask_6: 0.03832  loss_dice_6: 0.904  loss_ce_7: 0.0208  loss_mask_7: 0.03468  loss_dice_7: 0.9252  loss_ce_8: 0.02138  loss_mask_8: 0.04032  loss_dice_8: 0.9306    time: 0.8895  last_time: 0.7708  data_time: 0.0618  last_data_time: 0.0618   lr: 3.4932e-05  max_mem: 13269M
[03/18 14:03:46 d2.utils.events]:  eta: 3:02:27  iter: 7419  total_loss: 8.499  loss_ce: 0.02946  loss_mask: 0.04345  loss_dice: 0.7378  loss_ce_0: 0.2304  loss_mask_0: 0.05603  loss_dice_0: 0.7329  loss_ce_1: 0.03675  loss_mask_1: 0.04842  loss_dice_1: 0.7494  loss_ce_2: 0.03103  loss_mask_2: 0.04589  loss_dice_2: 0.7411  loss_ce_3: 0.03568  loss_mask_3: 0.04824  loss_dice_3: 0.7319  loss_ce_4: 0.04384  loss_mask_4: 0.04829  loss_dice_4: 0.6817  loss_ce_5: 0.03462  loss_mask_5: 0.04858  loss_dice_5: 0.8687  loss_ce_6: 0.034  loss_mask_6: 0.04697  loss_dice_6: 0.7237  loss_ce_7: 0.03337  loss_mask_7: 0.04908  loss_dice_7: 0.7581  loss_ce_8: 0.0303  loss_mask_8: 0.0486  loss_dice_8: 0.7504    time: 0.8897  last_time: 0.9770  data_time: 0.0729  last_data_time: 0.0729   lr: 3.486e-05  max_mem: 13269M
[03/18 14:04:03 d2.utils.events]:  eta: 3:02:06  iter: 7439  total_loss: 15.61  loss_ce: 0.1205  loss_mask: 0.08994  loss_dice: 1.381  loss_ce_0: 0.3289  loss_mask_0: 0.09386  loss_dice_0: 1.515  loss_ce_1: 0.207  loss_mask_1: 0.09147  loss_dice_1: 1.441  loss_ce_2: 0.142  loss_mask_2: 0.08886  loss_dice_2: 1.384  loss_ce_3: 0.1252  loss_mask_3: 0.08966  loss_dice_3: 1.277  loss_ce_4: 0.1248  loss_mask_4: 0.07976  loss_dice_4: 1.19  loss_ce_5: 0.1135  loss_mask_5: 0.07856  loss_dice_5: 1.205  loss_ce_6: 0.1075  loss_mask_6: 0.05933  loss_dice_6: 1.334  loss_ce_7: 0.1186  loss_mask_7: 0.08403  loss_dice_7: 1.235  loss_ce_8: 0.1156  loss_mask_8: 0.1016  loss_dice_8: 1.288    time: 0.8896  last_time: 0.8743  data_time: 0.1677  last_data_time: 0.1677   lr: 3.4788e-05  max_mem: 13269M
[03/18 14:04:21 d2.utils.events]:  eta: 3:01:48  iter: 7459  total_loss: 8.144  loss_ce: 0.01298  loss_mask: 0.03815  loss_dice: 0.6823  loss_ce_0: 0.2948  loss_mask_0: 0.04827  loss_dice_0: 0.7305  loss_ce_1: 0.03988  loss_mask_1: 0.04466  loss_dice_1: 0.5461  loss_ce_2: 0.03929  loss_mask_2: 0.0374  loss_dice_2: 0.6638  loss_ce_3: 0.02092  loss_mask_3: 0.04346  loss_dice_3: 0.8086  loss_ce_4: 0.02462  loss_mask_4: 0.04607  loss_dice_4: 0.9325  loss_ce_5: 0.03111  loss_mask_5: 0.04557  loss_dice_5: 0.9027  loss_ce_6: 0.01277  loss_mask_6: 0.03855  loss_dice_6: 0.6763  loss_ce_7: 0.01269  loss_mask_7: 0.04268  loss_dice_7: 0.6061  loss_ce_8: 0.01405  loss_mask_8: 0.04041  loss_dice_8: 0.6665    time: 0.8895  last_time: 0.8309  data_time: 0.1268  last_data_time: 0.1268   lr: 3.4716e-05  max_mem: 13269M
[03/18 14:04:38 d2.utils.events]:  eta: 3:01:24  iter: 7479  total_loss: 7.442  loss_ce: 0.07815  loss_mask: 0.02478  loss_dice: 0.6942  loss_ce_0: 0.2116  loss_mask_0: 0.02995  loss_dice_0: 0.7491  loss_ce_1: 0.1178  loss_mask_1: 0.02678  loss_dice_1: 0.6147  loss_ce_2: 0.09269  loss_mask_2: 0.02084  loss_dice_2: 0.5224  loss_ce_3: 0.1013  loss_mask_3: 0.02633  loss_dice_3: 0.5616  loss_ce_4: 0.07776  loss_mask_4: 0.03014  loss_dice_4: 0.6728  loss_ce_5: 0.07126  loss_mask_5: 0.02921  loss_dice_5: 0.6403  loss_ce_6: 0.06325  loss_mask_6: 0.02674  loss_dice_6: 0.6172  loss_ce_7: 0.0799  loss_mask_7: 0.02055  loss_dice_7: 0.5401  loss_ce_8: 0.07835  loss_mask_8: 0.02861  loss_dice_8: 0.5935    time: 0.8894  last_time: 0.9098  data_time: 0.2104  last_data_time: 0.2104   lr: 3.4643e-05  max_mem: 13269M
[03/18 14:04:56 d2.utils.events]:  eta: 3:00:58  iter: 7499  total_loss: 6.855  loss_ce: 0.03634  loss_mask: 0.0211  loss_dice: 0.6429  loss_ce_0: 0.152  loss_mask_0: 0.02255  loss_dice_0: 0.5299  loss_ce_1: 0.1017  loss_mask_1: 0.02134  loss_dice_1: 0.5364  loss_ce_2: 0.0348  loss_mask_2: 0.02389  loss_dice_2: 0.571  loss_ce_3: 0.04395  loss_mask_3: 0.01979  loss_dice_3: 0.6462  loss_ce_4: 0.08676  loss_mask_4: 0.02195  loss_dice_4: 0.5764  loss_ce_5: 0.09853  loss_mask_5: 0.0257  loss_dice_5: 0.618  loss_ce_6: 0.04105  loss_mask_6: 0.02336  loss_dice_6: 0.6187  loss_ce_7: 0.03983  loss_mask_7: 0.02452  loss_dice_7: 0.61  loss_ce_8: 0.03858  loss_mask_8: 0.02577  loss_dice_8: 0.6018    time: 0.8894  last_time: 0.8385  data_time: 0.1297  last_data_time: 0.1297   lr: 3.4571e-05  max_mem: 13269M
[03/18 14:05:14 d2.utils.events]:  eta: 3:00:34  iter: 7519  total_loss: 11.11  loss_ce: 0.01476  loss_mask: 0.07225  loss_dice: 1.037  loss_ce_0: 0.224  loss_mask_0: 0.1683  loss_dice_0: 1.278  loss_ce_1: 0.01565  loss_mask_1: 0.06996  loss_dice_1: 1.008  loss_ce_2: 0.09824  loss_mask_2: 0.07784  loss_dice_2: 0.917  loss_ce_3: 0.01924  loss_mask_3: 0.07199  loss_dice_3: 0.9686  loss_ce_4: 0.02372  loss_mask_4: 0.07497  loss_dice_4: 0.9399  loss_ce_5: 0.01916  loss_mask_5: 0.07467  loss_dice_5: 1.008  loss_ce_6: 0.08006  loss_mask_6: 0.06111  loss_dice_6: 0.9435  loss_ce_7: 0.01624  loss_mask_7: 0.0659  loss_dice_7: 0.8687  loss_ce_8: 0.01547  loss_mask_8: 0.06214  loss_dice_8: 0.8132    time: 0.8894  last_time: 0.9026  data_time: 0.2039  last_data_time: 0.2039   lr: 3.4498e-05  max_mem: 13269M
[03/18 14:05:32 d2.utils.events]:  eta: 3:00:16  iter: 7539  total_loss: 12.09  loss_ce: 0.0963  loss_mask: 0.03394  loss_dice: 1.016  loss_ce_0: 0.4639  loss_mask_0: 0.0633  loss_dice_0: 1.166  loss_ce_1: 0.1239  loss_mask_1: 0.04409  loss_dice_1: 0.8285  loss_ce_2: 0.1464  loss_mask_2: 0.03691  loss_dice_2: 0.9949  loss_ce_3: 0.08016  loss_mask_3: 0.04705  loss_dice_3: 1.122  loss_ce_4: 0.129  loss_mask_4: 0.03923  loss_dice_4: 1.046  loss_ce_5: 0.0674  loss_mask_5: 0.04422  loss_dice_5: 1.122  loss_ce_6: 0.05598  loss_mask_6: 0.03898  loss_dice_6: 1.043  loss_ce_7: 0.1037  loss_mask_7: 0.03816  loss_dice_7: 1.076  loss_ce_8: 0.117  loss_mask_8: 0.03312  loss_dice_8: 0.8718    time: 0.8894  last_time: 0.8816  data_time: 0.1566  last_data_time: 0.1566   lr: 3.4425e-05  max_mem: 13269M
[03/18 14:05:50 d2.utils.events]:  eta: 3:00:02  iter: 7559  total_loss: 11.61  loss_ce: 0.08309  loss_mask: 0.03003  loss_dice: 0.8507  loss_ce_0: 0.2306  loss_mask_0: 0.05585  loss_dice_0: 1.269  loss_ce_1: 0.08551  loss_mask_1: 0.03994  loss_dice_1: 1.178  loss_ce_2: 0.1026  loss_mask_2: 0.03853  loss_dice_2: 1.09  loss_ce_3: 0.09475  loss_mask_3: 0.03196  loss_dice_3: 1.043  loss_ce_4: 0.08874  loss_mask_4: 0.0292  loss_dice_4: 1.12  loss_ce_5: 0.08886  loss_mask_5: 0.03134  loss_dice_5: 0.8675  loss_ce_6: 0.08687  loss_mask_6: 0.0303  loss_dice_6: 0.7391  loss_ce_7: 0.08091  loss_mask_7: 0.03211  loss_dice_7: 1.127  loss_ce_8: 0.08987  loss_mask_8: 0.03629  loss_dice_8: 0.9383    time: 0.8894  last_time: 0.8711  data_time: 0.1575  last_data_time: 0.1575   lr: 3.4353e-05  max_mem: 13269M
[03/18 14:06:08 d2.utils.events]:  eta: 2:59:50  iter: 7579  total_loss: 9.808  loss_ce: 0.05731  loss_mask: 0.06135  loss_dice: 0.8468  loss_ce_0: 0.2136  loss_mask_0: 0.0598  loss_dice_0: 0.9379  loss_ce_1: 0.06022  loss_mask_1: 0.0576  loss_dice_1: 0.8387  loss_ce_2: 0.06073  loss_mask_2: 0.06765  loss_dice_2: 0.8157  loss_ce_3: 0.0712  loss_mask_3: 0.05959  loss_dice_3: 0.7625  loss_ce_4: 0.06734  loss_mask_4: 0.06524  loss_dice_4: 0.8033  loss_ce_5: 0.06172  loss_mask_5: 0.05466  loss_dice_5: 0.8427  loss_ce_6: 0.1012  loss_mask_6: 0.05674  loss_dice_6: 0.8748  loss_ce_7: 0.08938  loss_mask_7: 0.05659  loss_dice_7: 0.7847  loss_ce_8: 0.1025  loss_mask_8: 0.05462  loss_dice_8: 0.8223    time: 0.8895  last_time: 0.9074  data_time: 0.2115  last_data_time: 0.2115   lr: 3.428e-05  max_mem: 13269M
[03/18 14:06:26 d2.utils.events]:  eta: 2:59:40  iter: 7599  total_loss: 11.39  loss_ce: 0.09141  loss_mask: 0.04037  loss_dice: 0.8364  loss_ce_0: 0.2831  loss_mask_0: 0.05936  loss_dice_0: 1.499  loss_ce_1: 0.07365  loss_mask_1: 0.04516  loss_dice_1: 0.9213  loss_ce_2: 0.1267  loss_mask_2: 0.0431  loss_dice_2: 0.8766  loss_ce_3: 0.06412  loss_mask_3: 0.03927  loss_dice_3: 1.055  loss_ce_4: 0.154  loss_mask_4: 0.04813  loss_dice_4: 0.8464  loss_ce_5: 0.09797  loss_mask_5: 0.04566  loss_dice_5: 1.059  loss_ce_6: 0.09282  loss_mask_6: 0.03511  loss_dice_6: 0.6916  loss_ce_7: 0.08733  loss_mask_7: 0.04022  loss_dice_7: 1.059  loss_ce_8: 0.0942  loss_mask_8: 0.04451  loss_dice_8: 0.941    time: 0.8895  last_time: 0.9464  data_time: 0.2286  last_data_time: 0.2286   lr: 3.4207e-05  max_mem: 13269M
[03/18 14:06:44 d2.utils.events]:  eta: 2:59:14  iter: 7619  total_loss: 13.65  loss_ce: 0.01354  loss_mask: 0.05609  loss_dice: 1.195  loss_ce_0: 0.2255  loss_mask_0: 0.1053  loss_dice_0: 1.62  loss_ce_1: 0.03153  loss_mask_1: 0.06226  loss_dice_1: 1.274  loss_ce_2: 0.03799  loss_mask_2: 0.0603  loss_dice_2: 1.235  loss_ce_3: 0.02317  loss_mask_3: 0.06823  loss_dice_3: 1.283  loss_ce_4: 0.01922  loss_mask_4: 0.06075  loss_dice_4: 1.235  loss_ce_5: 0.01844  loss_mask_5: 0.06362  loss_dice_5: 1.291  loss_ce_6: 0.01784  loss_mask_6: 0.05715  loss_dice_6: 1.155  loss_ce_7: 0.0159  loss_mask_7: 0.06391  loss_dice_7: 1.173  loss_ce_8: 0.01293  loss_mask_8: 0.0547  loss_dice_8: 1.117    time: 0.8895  last_time: 0.8084  data_time: 0.1100  last_data_time: 0.1100   lr: 3.4134e-05  max_mem: 13269M
[03/18 14:07:02 d2.utils.events]:  eta: 2:59:05  iter: 7639  total_loss: 9.964  loss_ce: 0.02134  loss_mask: 0.08978  loss_dice: 0.8389  loss_ce_0: 0.2313  loss_mask_0: 0.1122  loss_dice_0: 0.9328  loss_ce_1: 0.1192  loss_mask_1: 0.08812  loss_dice_1: 0.8518  loss_ce_2: 0.03701  loss_mask_2: 0.09845  loss_dice_2: 0.7848  loss_ce_3: 0.02546  loss_mask_3: 0.08468  loss_dice_3: 0.9078  loss_ce_4: 0.02341  loss_mask_4: 0.0773  loss_dice_4: 0.8109  loss_ce_5: 0.121  loss_mask_5: 0.0766  loss_dice_5: 0.7801  loss_ce_6: 0.0225  loss_mask_6: 0.0844  loss_dice_6: 0.8654  loss_ce_7: 0.02008  loss_mask_7: 0.07936  loss_dice_7: 0.8502  loss_ce_8: 0.02097  loss_mask_8: 0.08458  loss_dice_8: 0.824    time: 0.8895  last_time: 0.9299  data_time: 0.2183  last_data_time: 0.2183   lr: 3.4061e-05  max_mem: 13269M
[03/18 14:07:19 d2.utils.events]:  eta: 2:58:35  iter: 7659  total_loss: 11.59  loss_ce: 0.1143  loss_mask: 0.04413  loss_dice: 0.8979  loss_ce_0: 0.1047  loss_mask_0: 0.05699  loss_dice_0: 1.512  loss_ce_1: 0.04979  loss_mask_1: 0.04225  loss_dice_1: 1.064  loss_ce_2: 0.05899  loss_mask_2: 0.05297  loss_dice_2: 1.265  loss_ce_3: 0.09865  loss_mask_3: 0.03703  loss_dice_3: 0.6376  loss_ce_4: 0.1241  loss_mask_4: 0.04085  loss_dice_4: 0.8826  loss_ce_5: 0.118  loss_mask_5: 0.04215  loss_dice_5: 0.9171  loss_ce_6: 0.04847  loss_mask_6: 0.05016  loss_dice_6: 1.164  loss_ce_7: 0.1018  loss_mask_7: 0.03433  loss_dice_7: 0.8922  loss_ce_8: 0.05145  loss_mask_8: 0.04453  loss_dice_8: 1.04    time: 0.8894  last_time: 0.8504  data_time: 0.1406  last_data_time: 0.1406   lr: 3.3987e-05  max_mem: 13269M
[03/18 14:07:37 d2.utils.events]:  eta: 2:58:15  iter: 7679  total_loss: 10.75  loss_ce: 0.04824  loss_mask: 0.06855  loss_dice: 0.9214  loss_ce_0: 0.1604  loss_mask_0: 0.0949  loss_dice_0: 1.041  loss_ce_1: 0.04852  loss_mask_1: 0.09213  loss_dice_1: 1.112  loss_ce_2: 0.05497  loss_mask_2: 0.07642  loss_dice_2: 0.9939  loss_ce_3: 0.04863  loss_mask_3: 0.06565  loss_dice_3: 0.8464  loss_ce_4: 0.04562  loss_mask_4: 0.06893  loss_dice_4: 0.9086  loss_ce_5: 0.04958  loss_mask_5: 0.067  loss_dice_5: 0.8845  loss_ce_6: 0.04632  loss_mask_6: 0.06942  loss_dice_6: 0.9838  loss_ce_7: 0.04896  loss_mask_7: 0.06346  loss_dice_7: 0.9296  loss_ce_8: 0.0489  loss_mask_8: 0.06679  loss_dice_8: 0.7987    time: 0.8894  last_time: 0.8716  data_time: 0.1595  last_data_time: 0.1595   lr: 3.3914e-05  max_mem: 13269M
[03/18 14:07:54 d2.utils.events]:  eta: 2:57:41  iter: 7699  total_loss: 13.04  loss_ce: 0.02741  loss_mask: 0.0528  loss_dice: 1.058  loss_ce_0: 0.1762  loss_mask_0: 0.08202  loss_dice_0: 1.614  loss_ce_1: 0.02805  loss_mask_1: 0.05548  loss_dice_1: 1.138  loss_ce_2: 0.06751  loss_mask_2: 0.0653  loss_dice_2: 1.219  loss_ce_3: 0.03189  loss_mask_3: 0.06358  loss_dice_3: 1.093  loss_ce_4: 0.02779  loss_mask_4: 0.06721  loss_dice_4: 1.048  loss_ce_5: 0.02701  loss_mask_5: 0.06876  loss_dice_5: 1.212  loss_ce_6: 0.02513  loss_mask_6: 0.05988  loss_dice_6: 1.182  loss_ce_7: 0.02676  loss_mask_7: 0.06032  loss_dice_7: 1.304  loss_ce_8: 0.02605  loss_mask_8: 0.05844  loss_dice_8: 1.078    time: 0.8893  last_time: 0.8456  data_time: 0.1373  last_data_time: 0.1373   lr: 3.3841e-05  max_mem: 13269M
[03/18 14:08:12 d2.utils.events]:  eta: 2:57:22  iter: 7719  total_loss: 9.923  loss_ce: 0.03179  loss_mask: 0.06378  loss_dice: 0.9532  loss_ce_0: 0.1709  loss_mask_0: 0.08958  loss_dice_0: 0.9305  loss_ce_1: 0.09624  loss_mask_1: 0.09765  loss_dice_1: 0.8981  loss_ce_2: 0.04868  loss_mask_2: 0.06859  loss_dice_2: 0.8196  loss_ce_3: 0.04955  loss_mask_3: 0.06627  loss_dice_3: 0.8574  loss_ce_4: 0.04732  loss_mask_4: 0.06584  loss_dice_4: 0.8704  loss_ce_5: 0.04608  loss_mask_5: 0.05557  loss_dice_5: 0.7986  loss_ce_6: 0.0401  loss_mask_6: 0.06164  loss_dice_6: 0.8545  loss_ce_7: 0.02982  loss_mask_7: 0.05889  loss_dice_7: 0.7966  loss_ce_8: 0.04344  loss_mask_8: 0.07071  loss_dice_8: 0.8415    time: 0.8893  last_time: 1.2107  data_time: 0.4828  last_data_time: 0.4828   lr: 3.3767e-05  max_mem: 13269M
[03/18 14:08:30 d2.utils.events]:  eta: 2:56:59  iter: 7739  total_loss: 9.26  loss_ce: 0.02799  loss_mask: 0.04573  loss_dice: 0.7927  loss_ce_0: 0.1776  loss_mask_0: 0.05672  loss_dice_0: 0.9316  loss_ce_1: 0.04005  loss_mask_1: 0.04129  loss_dice_1: 0.7779  loss_ce_2: 0.02025  loss_mask_2: 0.04008  loss_dice_2: 0.7991  loss_ce_3: 0.04572  loss_mask_3: 0.04874  loss_dice_3: 0.9345  loss_ce_4: 0.03843  loss_mask_4: 0.04776  loss_dice_4: 0.8509  loss_ce_5: 0.04341  loss_mask_5: 0.04052  loss_dice_5: 0.7799  loss_ce_6: 0.0404  loss_mask_6: 0.04158  loss_dice_6: 0.8484  loss_ce_7: 0.03459  loss_mask_7: 0.04219  loss_dice_7: 0.8522  loss_ce_8: 0.03466  loss_mask_8: 0.04181  loss_dice_8: 0.7437    time: 0.8893  last_time: 0.9178  data_time: 0.1942  last_data_time: 0.1942   lr: 3.3693e-05  max_mem: 13269M
[03/18 14:08:48 d2.utils.events]:  eta: 2:56:45  iter: 7759  total_loss: 13.06  loss_ce: 0.01776  loss_mask: 0.07135  loss_dice: 1.115  loss_ce_0: 0.1969  loss_mask_0: 0.09444  loss_dice_0: 1.15  loss_ce_1: 0.02871  loss_mask_1: 0.0782  loss_dice_1: 1.318  loss_ce_2: 0.01933  loss_mask_2: 0.08009  loss_dice_2: 1.189  loss_ce_3: 0.02513  loss_mask_3: 0.06482  loss_dice_3: 1.04  loss_ce_4: 0.01706  loss_mask_4: 0.08106  loss_dice_4: 1.237  loss_ce_5: 0.01654  loss_mask_5: 0.084  loss_dice_5: 1.282  loss_ce_6: 0.01375  loss_mask_6: 0.08151  loss_dice_6: 1.248  loss_ce_7: 0.015  loss_mask_7: 0.06653  loss_dice_7: 1.218  loss_ce_8: 0.01591  loss_mask_8: 0.06463  loss_dice_8: 1.127    time: 0.8894  last_time: 0.7996  data_time: 0.0781  last_data_time: 0.0781   lr: 3.362e-05  max_mem: 13269M
[03/18 14:09:06 d2.utils.events]:  eta: 2:56:17  iter: 7779  total_loss: 12.48  loss_ce: 0.1203  loss_mask: 0.03884  loss_dice: 1.028  loss_ce_0: 0.2338  loss_mask_0: 0.03394  loss_dice_0: 0.8999  loss_ce_1: 0.1303  loss_mask_1: 0.04041  loss_dice_1: 0.9807  loss_ce_2: 0.06182  loss_mask_2: 0.03561  loss_dice_2: 1.041  loss_ce_3: 0.04507  loss_mask_3: 0.03873  loss_dice_3: 1.408  loss_ce_4: 0.1045  loss_mask_4: 0.03741  loss_dice_4: 1.132  loss_ce_5: 0.09773  loss_mask_5: 0.04139  loss_dice_5: 1.047  loss_ce_6: 0.1452  loss_mask_6: 0.03469  loss_dice_6: 1.049  loss_ce_7: 0.1035  loss_mask_7: 0.04699  loss_dice_7: 1.008  loss_ce_8: 0.09892  loss_mask_8: 0.04232  loss_dice_8: 1.357    time: 0.8893  last_time: 1.0463  data_time: 0.2174  last_data_time: 0.2174   lr: 3.3546e-05  max_mem: 13269M
[03/18 14:09:23 d2.utils.events]:  eta: 2:55:57  iter: 7799  total_loss: 13.06  loss_ce: 0.02461  loss_mask: 0.04887  loss_dice: 1.102  loss_ce_0: 0.1592  loss_mask_0: 0.04863  loss_dice_0: 1.596  loss_ce_1: 0.1284  loss_mask_1: 0.02802  loss_dice_1: 1.021  loss_ce_2: 0.1008  loss_mask_2: 0.04852  loss_dice_2: 1.57  loss_ce_3: 0.05894  loss_mask_3: 0.04376  loss_dice_3: 1.077  loss_ce_4: 0.0263  loss_mask_4: 0.04916  loss_dice_4: 1.105  loss_ce_5: 0.02248  loss_mask_5: 0.04533  loss_dice_5: 1.154  loss_ce_6: 0.02299  loss_mask_6: 0.04782  loss_dice_6: 1.279  loss_ce_7: 0.03402  loss_mask_7: 0.02848  loss_dice_7: 1.035  loss_ce_8: 0.0184  loss_mask_8: 0.04227  loss_dice_8: 1.089    time: 0.8892  last_time: 0.8735  data_time: 0.1635  last_data_time: 0.1635   lr: 3.3472e-05  max_mem: 13269M
[03/18 14:09:41 d2.utils.events]:  eta: 2:55:38  iter: 7819  total_loss: 13.62  loss_ce: 0.03743  loss_mask: 0.05304  loss_dice: 1.205  loss_ce_0: 0.3946  loss_mask_0: 0.06548  loss_dice_0: 1.385  loss_ce_1: 0.1717  loss_mask_1: 0.05725  loss_dice_1: 1.143  loss_ce_2: 0.1263  loss_mask_2: 0.04343  loss_dice_2: 1.17  loss_ce_3: 0.07758  loss_mask_3: 0.04874  loss_dice_3: 1.187  loss_ce_4: 0.05887  loss_mask_4: 0.04816  loss_dice_4: 1.14  loss_ce_5: 0.04658  loss_mask_5: 0.0522  loss_dice_5: 1.127  loss_ce_6: 0.05803  loss_mask_6: 0.05124  loss_dice_6: 1.188  loss_ce_7: 0.07989  loss_mask_7: 0.04821  loss_dice_7: 1.314  loss_ce_8: 0.03652  loss_mask_8: 0.0579  loss_dice_8: 1.15    time: 0.8892  last_time: 0.9265  data_time: 0.2057  last_data_time: 0.2057   lr: 3.3398e-05  max_mem: 13269M
[03/18 14:09:59 d2.utils.events]:  eta: 2:55:31  iter: 7839  total_loss: 10.91  loss_ce: 0.03308  loss_mask: 0.05398  loss_dice: 1.014  loss_ce_0: 0.3107  loss_mask_0: 0.07698  loss_dice_0: 1.201  loss_ce_1: 0.07945  loss_mask_1: 0.0707  loss_dice_1: 0.9319  loss_ce_2: 0.05823  loss_mask_2: 0.06415  loss_dice_2: 1.002  loss_ce_3: 0.07036  loss_mask_3: 0.04904  loss_dice_3: 0.9293  loss_ce_4: 0.07065  loss_mask_4: 0.05572  loss_dice_4: 0.8852  loss_ce_5: 0.09813  loss_mask_5: 0.05203  loss_dice_5: 0.9322  loss_ce_6: 0.0321  loss_mask_6: 0.04867  loss_dice_6: 0.9474  loss_ce_7: 0.03061  loss_mask_7: 0.04627  loss_dice_7: 0.8312  loss_ce_8: 0.03204  loss_mask_8: 0.04807  loss_dice_8: 0.8539    time: 0.8892  last_time: 0.9265  data_time: 0.2142  last_data_time: 0.2142   lr: 3.3324e-05  max_mem: 13269M
[03/18 14:10:18 d2.utils.events]:  eta: 2:55:16  iter: 7859  total_loss: 12  loss_ce: 0.02871  loss_mask: 0.03549  loss_dice: 1.149  loss_ce_0: 0.1375  loss_mask_0: 0.03655  loss_dice_0: 0.9981  loss_ce_1: 0.03937  loss_mask_1: 0.03488  loss_dice_1: 0.9877  loss_ce_2: 0.08213  loss_mask_2: 0.04071  loss_dice_2: 1.132  loss_ce_3: 0.07045  loss_mask_3: 0.03499  loss_dice_3: 1.201  loss_ce_4: 0.02117  loss_mask_4: 0.03333  loss_dice_4: 0.8398  loss_ce_5: 0.02146  loss_mask_5: 0.03725  loss_dice_5: 1.335  loss_ce_6: 0.08144  loss_mask_6: 0.04873  loss_dice_6: 1.369  loss_ce_7: 0.0261  loss_mask_7: 0.04039  loss_dice_7: 1.285  loss_ce_8: 0.03005  loss_mask_8: 0.03455  loss_dice_8: 0.7932    time: 0.8893  last_time: 0.9154  data_time: 0.2011  last_data_time: 0.2011   lr: 3.325e-05  max_mem: 13269M
[03/18 14:10:35 d2.utils.events]:  eta: 2:54:58  iter: 7879  total_loss: 10.47  loss_ce: 0.04233  loss_mask: 0.05549  loss_dice: 0.831  loss_ce_0: 0.1129  loss_mask_0: 0.06919  loss_dice_0: 0.9696  loss_ce_1: 0.04721  loss_mask_1: 0.06816  loss_dice_1: 1.02  loss_ce_2: 0.04812  loss_mask_2: 0.07548  loss_dice_2: 0.9547  loss_ce_3: 0.05521  loss_mask_3: 0.07232  loss_dice_3: 0.942  loss_ce_4: 0.05108  loss_mask_4: 0.0696  loss_dice_4: 0.9911  loss_ce_5: 0.04704  loss_mask_5: 0.0594  loss_dice_5: 0.8389  loss_ce_6: 0.04547  loss_mask_6: 0.05705  loss_dice_6: 0.9027  loss_ce_7: 0.04178  loss_mask_7: 0.06897  loss_dice_7: 0.9933  loss_ce_8: 0.04119  loss_mask_8: 0.0536  loss_dice_8: 0.8445    time: 0.8893  last_time: 0.8859  data_time: 0.1765  last_data_time: 0.1765   lr: 3.3176e-05  max_mem: 13269M
[03/18 14:10:53 d2.utils.events]:  eta: 2:54:39  iter: 7899  total_loss: 11.85  loss_ce: 0.04697  loss_mask: 0.04277  loss_dice: 0.8437  loss_ce_0: 0.1624  loss_mask_0: 0.08894  loss_dice_0: 0.9615  loss_ce_1: 0.1182  loss_mask_1: 0.0427  loss_dice_1: 0.9882  loss_ce_2: 0.09625  loss_mask_2: 0.04895  loss_dice_2: 0.9446  loss_ce_3: 0.0721  loss_mask_3: 0.04607  loss_dice_3: 0.9012  loss_ce_4: 0.09129  loss_mask_4: 0.05296  loss_dice_4: 1.193  loss_ce_5: 0.0883  loss_mask_5: 0.04882  loss_dice_5: 1.115  loss_ce_6: 0.04905  loss_mask_6: 0.049  loss_dice_6: 1.108  loss_ce_7: 0.06767  loss_mask_7: 0.04479  loss_dice_7: 1.041  loss_ce_8: 0.09992  loss_mask_8: 0.06021  loss_dice_8: 1.335    time: 0.8892  last_time: 0.8623  data_time: 0.1499  last_data_time: 0.1499   lr: 3.3102e-05  max_mem: 13269M
[03/18 14:11:12 d2.utils.events]:  eta: 2:54:23  iter: 7919  total_loss: 6.637  loss_ce: 0.02031  loss_mask: 0.02093  loss_dice: 0.5915  loss_ce_0: 0.167  loss_mask_0: 0.03311  loss_dice_0: 0.9285  loss_ce_1: 0.01793  loss_mask_1: 0.02509  loss_dice_1: 0.5943  loss_ce_2: 0.02  loss_mask_2: 0.02672  loss_dice_2: 0.5866  loss_ce_3: 0.01977  loss_mask_3: 0.02087  loss_dice_3: 0.4961  loss_ce_4: 0.0229  loss_mask_4: 0.02011  loss_dice_4: 0.5843  loss_ce_5: 0.02069  loss_mask_5: 0.02419  loss_dice_5: 0.5173  loss_ce_6: 0.0204  loss_mask_6: 0.02269  loss_dice_6: 0.6092  loss_ce_7: 0.02197  loss_mask_7: 0.02168  loss_dice_7: 0.5252  loss_ce_8: 0.02031  loss_mask_8: 0.02138  loss_dice_8: 0.6156    time: 0.8894  last_time: 0.9476  data_time: 0.2443  last_data_time: 0.2443   lr: 3.3027e-05  max_mem: 13269M
[03/18 14:11:30 d2.utils.events]:  eta: 2:54:20  iter: 7939  total_loss: 13.44  loss_ce: 0.1024  loss_mask: 0.06403  loss_dice: 1.055  loss_ce_0: 0.2675  loss_mask_0: 0.08513  loss_dice_0: 1.066  loss_ce_1: 0.09561  loss_mask_1: 0.06111  loss_dice_1: 1.304  loss_ce_2: 0.1015  loss_mask_2: 0.04979  loss_dice_2: 1.285  loss_ce_3: 0.09189  loss_mask_3: 0.05827  loss_dice_3: 1.163  loss_ce_4: 0.09873  loss_mask_4: 0.07382  loss_dice_4: 1.235  loss_ce_5: 0.07875  loss_mask_5: 0.07174  loss_dice_5: 1.128  loss_ce_6: 0.097  loss_mask_6: 0.08667  loss_dice_6: 1.252  loss_ce_7: 0.09763  loss_mask_7: 0.05457  loss_dice_7: 1.005  loss_ce_8: 0.1018  loss_mask_8: 0.05465  loss_dice_8: 1.159    time: 0.8894  last_time: 0.8889  data_time: 0.1618  last_data_time: 0.1618   lr: 3.2953e-05  max_mem: 13269M
[03/18 14:11:48 d2.utils.events]:  eta: 2:53:53  iter: 7959  total_loss: 10.81  loss_ce: 0.1312  loss_mask: 0.03501  loss_dice: 0.9222  loss_ce_0: 0.2178  loss_mask_0: 0.04492  loss_dice_0: 1.098  loss_ce_1: 0.1308  loss_mask_1: 0.0363  loss_dice_1: 1.02  loss_ce_2: 0.1218  loss_mask_2: 0.04072  loss_dice_2: 0.9617  loss_ce_3: 0.119  loss_mask_3: 0.03817  loss_dice_3: 0.8607  loss_ce_4: 0.117  loss_mask_4: 0.03244  loss_dice_4: 0.8092  loss_ce_5: 0.1181  loss_mask_5: 0.03797  loss_dice_5: 0.8172  loss_ce_6: 0.1047  loss_mask_6: 0.04271  loss_dice_6: 0.8433  loss_ce_7: 0.1365  loss_mask_7: 0.03905  loss_dice_7: 0.8901  loss_ce_8: 0.1417  loss_mask_8: 0.03863  loss_dice_8: 0.8585    time: 0.8894  last_time: 0.8511  data_time: 0.1207  last_data_time: 0.1207   lr: 3.2878e-05  max_mem: 13269M
[03/18 14:12:06 d2.utils.events]:  eta: 2:53:53  iter: 7979  total_loss: 5.88  loss_ce: 0.002779  loss_mask: 0.02942  loss_dice: 0.4991  loss_ce_0: 0.2107  loss_mask_0: 0.03489  loss_dice_0: 0.5418  loss_ce_1: 0.01258  loss_mask_1: 0.03168  loss_dice_1: 0.5183  loss_ce_2: 0.0148  loss_mask_2: 0.03069  loss_dice_2: 0.5722  loss_ce_3: 0.003974  loss_mask_3: 0.03246  loss_dice_3: 0.5964  loss_ce_4: 0.003731  loss_mask_4: 0.02991  loss_dice_4: 0.5427  loss_ce_5: 0.003658  loss_mask_5: 0.02765  loss_dice_5: 0.4749  loss_ce_6: 0.00368  loss_mask_6: 0.02785  loss_dice_6: 0.512  loss_ce_7: 0.002946  loss_mask_7: 0.02995  loss_dice_7: 0.5649  loss_ce_8: 0.002216  loss_mask_8: 0.02546  loss_dice_8: 0.497    time: 0.8894  last_time: 0.9432  data_time: 0.1945  last_data_time: 0.1945   lr: 3.2804e-05  max_mem: 13269M
[03/18 14:12:24 d2.utils.events]:  eta: 2:53:24  iter: 7999  total_loss: 9.965  loss_ce: 0.05802  loss_mask: 0.07356  loss_dice: 0.7706  loss_ce_0: 0.1588  loss_mask_0: 0.1261  loss_dice_0: 1.102  loss_ce_1: 0.101  loss_mask_1: 0.09331  loss_dice_1: 1.022  loss_ce_2: 0.111  loss_mask_2: 0.08054  loss_dice_2: 0.7846  loss_ce_3: 0.1131  loss_mask_3: 0.07582  loss_dice_3: 0.7884  loss_ce_4: 0.05427  loss_mask_4: 0.06844  loss_dice_4: 0.7576  loss_ce_5: 0.0485  loss_mask_5: 0.07176  loss_dice_5: 0.7422  loss_ce_6: 0.05112  loss_mask_6: 0.07839  loss_dice_6: 0.7778  loss_ce_7: 0.05563  loss_mask_7: 0.07364  loss_dice_7: 0.7903  loss_ce_8: 0.05622  loss_mask_8: 0.07814  loss_dice_8: 0.8028    time: 0.8894  last_time: 0.8344  data_time: 0.1267  last_data_time: 0.1267   lr: 3.2729e-05  max_mem: 13269M
[03/18 14:12:42 d2.utils.events]:  eta: 2:53:18  iter: 8019  total_loss: 14.42  loss_ce: 0.0215  loss_mask: 0.0559  loss_dice: 1.439  loss_ce_0: 0.2035  loss_mask_0: 0.05378  loss_dice_0: 1.558  loss_ce_1: 0.05438  loss_mask_1: 0.04982  loss_dice_1: 1.158  loss_ce_2: 0.111  loss_mask_2: 0.07053  loss_dice_2: 1.36  loss_ce_3: 0.09739  loss_mask_3: 0.06031  loss_dice_3: 1.37  loss_ce_4: 0.02926  loss_mask_4: 0.0524  loss_dice_4: 1.311  loss_ce_5: 0.02012  loss_mask_5: 0.05328  loss_dice_5: 1.225  loss_ce_6: 0.01697  loss_mask_6: 0.0568  loss_dice_6: 1.267  loss_ce_7: 0.01556  loss_mask_7: 0.05794  loss_dice_7: 1.3  loss_ce_8: 0.07797  loss_mask_8: 0.0541  loss_dice_8: 1.222    time: 0.8895  last_time: 0.9073  data_time: 0.1909  last_data_time: 0.1909   lr: 3.2654e-05  max_mem: 13269M
[03/18 14:13:01 d2.utils.events]:  eta: 2:53:04  iter: 8039  total_loss: 10.93  loss_ce: 0.09382  loss_mask: 0.03272  loss_dice: 1.004  loss_ce_0: 0.2679  loss_mask_0: 0.05002  loss_dice_0: 1.251  loss_ce_1: 0.1162  loss_mask_1: 0.03331  loss_dice_1: 0.9741  loss_ce_2: 0.1079  loss_mask_2: 0.03755  loss_dice_2: 1.087  loss_ce_3: 0.08701  loss_mask_3: 0.03263  loss_dice_3: 0.8878  loss_ce_4: 0.04934  loss_mask_4: 0.03457  loss_dice_4: 0.8406  loss_ce_5: 0.08394  loss_mask_5: 0.03193  loss_dice_5: 0.9112  loss_ce_6: 0.08884  loss_mask_6: 0.03355  loss_dice_6: 0.8423  loss_ce_7: 0.09201  loss_mask_7: 0.03085  loss_dice_7: 0.897  loss_ce_8: 0.08908  loss_mask_8: 0.02959  loss_dice_8: 0.8151    time: 0.8896  last_time: 0.8870  data_time: 0.1700  last_data_time: 0.1700   lr: 3.258e-05  max_mem: 13269M
[03/18 14:13:19 d2.utils.events]:  eta: 2:52:44  iter: 8059  total_loss: 7.638  loss_ce: 0.02416  loss_mask: 0.03217  loss_dice: 0.5762  loss_ce_0: 0.1119  loss_mask_0: 0.03827  loss_dice_0: 0.7445  loss_ce_1: 0.02973  loss_mask_1: 0.03795  loss_dice_1: 0.7322  loss_ce_2: 0.02934  loss_mask_2: 0.03558  loss_dice_2: 0.7261  loss_ce_3: 0.02138  loss_mask_3: 0.03543  loss_dice_3: 0.7456  loss_ce_4: 0.02135  loss_mask_4: 0.04154  loss_dice_4: 0.7243  loss_ce_5: 0.02182  loss_mask_5: 0.03998  loss_dice_5: 0.6802  loss_ce_6: 0.02363  loss_mask_6: 0.03551  loss_dice_6: 0.6242  loss_ce_7: 0.02021  loss_mask_7: 0.03453  loss_dice_7: 0.7229  loss_ce_8: 0.02174  loss_mask_8: 0.03358  loss_dice_8: 0.6722    time: 0.8896  last_time: 0.8815  data_time: 0.1692  last_data_time: 0.1692   lr: 3.2505e-05  max_mem: 13269M
[03/18 14:13:37 d2.utils.events]:  eta: 2:52:21  iter: 8079  total_loss: 9.838  loss_ce: 0.03067  loss_mask: 0.04266  loss_dice: 0.8096  loss_ce_0: 0.2759  loss_mask_0: 0.0577  loss_dice_0: 0.9401  loss_ce_1: 0.07511  loss_mask_1: 0.04647  loss_dice_1: 1.013  loss_ce_2: 0.0591  loss_mask_2: 0.04255  loss_dice_2: 0.8666  loss_ce_3: 0.03357  loss_mask_3: 0.04212  loss_dice_3: 0.8376  loss_ce_4: 0.03101  loss_mask_4: 0.04625  loss_dice_4: 0.8658  loss_ce_5: 0.03771  loss_mask_5: 0.04746  loss_dice_5: 0.9261  loss_ce_6: 0.03245  loss_mask_6: 0.03861  loss_dice_6: 0.8265  loss_ce_7: 0.0309  loss_mask_7: 0.04518  loss_dice_7: 0.8342  loss_ce_8: 0.03146  loss_mask_8: 0.04204  loss_dice_8: 0.8303    time: 0.8896  last_time: 1.2196  data_time: 0.5058  last_data_time: 0.5058   lr: 3.243e-05  max_mem: 13269M
[03/18 14:13:55 d2.utils.events]:  eta: 2:52:01  iter: 8099  total_loss: 7.564  loss_ce: 0.05211  loss_mask: 0.03714  loss_dice: 0.6865  loss_ce_0: 0.437  loss_mask_0: 0.04955  loss_dice_0: 0.7107  loss_ce_1: 0.1079  loss_mask_1: 0.03847  loss_dice_1: 0.6172  loss_ce_2: 0.04395  loss_mask_2: 0.03003  loss_dice_2: 0.5723  loss_ce_3: 0.04001  loss_mask_3: 0.03216  loss_dice_3: 0.5972  loss_ce_4: 0.03725  loss_mask_4: 0.03473  loss_dice_4: 0.6065  loss_ce_5: 0.03415  loss_mask_5: 0.0338  loss_dice_5: 0.6528  loss_ce_6: 0.02952  loss_mask_6: 0.03535  loss_dice_6: 0.6183  loss_ce_7: 0.03161  loss_mask_7: 0.03648  loss_dice_7: 0.6378  loss_ce_8: 0.043  loss_mask_8: 0.03373  loss_dice_8: 0.6471    time: 0.8896  last_time: 0.9230  data_time: 0.2021  last_data_time: 0.2021   lr: 3.2355e-05  max_mem: 13269M
[03/18 14:14:12 d2.utils.events]:  eta: 2:51:30  iter: 8119  total_loss: 18.17  loss_ce: 0.1673  loss_mask: 0.1292  loss_dice: 1.601  loss_ce_0: 0.2483  loss_mask_0: 0.08896  loss_dice_0: 1.959  loss_ce_1: 0.1393  loss_mask_1: 0.09071  loss_dice_1: 1.415  loss_ce_2: 0.1571  loss_mask_2: 0.08592  loss_dice_2: 1.561  loss_ce_3: 0.1477  loss_mask_3: 0.09474  loss_dice_3: 1.268  loss_ce_4: 0.1367  loss_mask_4: 0.09011  loss_dice_4: 1.289  loss_ce_5: 0.1164  loss_mask_5: 0.1071  loss_dice_5: 1.652  loss_ce_6: 0.1433  loss_mask_6: 0.09614  loss_dice_6: 1.43  loss_ce_7: 0.1268  loss_mask_7: 0.1226  loss_dice_7: 1.734  loss_ce_8: 0.1595  loss_mask_8: 0.08766  loss_dice_8: 1.725    time: 0.8895  last_time: 0.9193  data_time: 0.2182  last_data_time: 0.2182   lr: 3.228e-05  max_mem: 13269M
[03/18 14:14:31 d2.utils.events]:  eta: 2:51:17  iter: 8139  total_loss: 7.418  loss_ce: 0.02482  loss_mask: 0.03543  loss_dice: 0.5383  loss_ce_0: 0.1321  loss_mask_0: 0.04609  loss_dice_0: 0.7026  loss_ce_1: 0.03216  loss_mask_1: 0.04688  loss_dice_1: 0.6776  loss_ce_2: 0.09171  loss_mask_2: 0.04133  loss_dice_2: 0.5969  loss_ce_3: 0.03271  loss_mask_3: 0.0335  loss_dice_3: 0.6855  loss_ce_4: 0.02836  loss_mask_4: 0.03663  loss_dice_4: 0.6338  loss_ce_5: 0.02804  loss_mask_5: 0.03995  loss_dice_5: 0.7288  loss_ce_6: 0.02362  loss_mask_6: 0.0302  loss_dice_6: 0.6041  loss_ce_7: 0.02505  loss_mask_7: 0.04162  loss_dice_7: 0.678  loss_ce_8: 0.02481  loss_mask_8: 0.03601  loss_dice_8: 0.7416    time: 0.8896  last_time: 0.9353  data_time: 0.2118  last_data_time: 0.2118   lr: 3.2204e-05  max_mem: 13269M
[03/18 14:14:49 d2.utils.events]:  eta: 2:50:57  iter: 8159  total_loss: 12.73  loss_ce: 0.1359  loss_mask: 0.05291  loss_dice: 1.17  loss_ce_0: 0.1599  loss_mask_0: 0.05759  loss_dice_0: 1.157  loss_ce_1: 0.1195  loss_mask_1: 0.05825  loss_dice_1: 1.232  loss_ce_2: 0.09965  loss_mask_2: 0.05053  loss_dice_2: 0.972  loss_ce_3: 0.1254  loss_mask_3: 0.04939  loss_dice_3: 1.12  loss_ce_4: 0.1181  loss_mask_4: 0.06085  loss_dice_4: 0.9857  loss_ce_5: 0.045  loss_mask_5: 0.05422  loss_dice_5: 1.165  loss_ce_6: 0.04464  loss_mask_6: 0.04725  loss_dice_6: 1.247  loss_ce_7: 0.1095  loss_mask_7: 0.04867  loss_dice_7: 0.9177  loss_ce_8: 0.04579  loss_mask_8: 0.05113  loss_dice_8: 1.23    time: 0.8895  last_time: 0.9477  data_time: 0.2350  last_data_time: 0.2350   lr: 3.2129e-05  max_mem: 13269M
[03/18 14:15:06 d2.utils.events]:  eta: 2:50:39  iter: 8179  total_loss: 8.756  loss_ce: 0.05457  loss_mask: 0.03479  loss_dice: 0.7088  loss_ce_0: 0.3568  loss_mask_0: 0.06494  loss_dice_0: 0.9421  loss_ce_1: 0.1537  loss_mask_1: 0.04517  loss_dice_1: 0.8887  loss_ce_2: 0.0823  loss_mask_2: 0.04279  loss_dice_2: 0.7703  loss_ce_3: 0.09702  loss_mask_3: 0.03549  loss_dice_3: 0.5641  loss_ce_4: 0.06219  loss_mask_4: 0.03997  loss_dice_4: 0.6629  loss_ce_5: 0.09377  loss_mask_5: 0.03825  loss_dice_5: 0.6295  loss_ce_6: 0.062  loss_mask_6: 0.03527  loss_dice_6: 0.6072  loss_ce_7: 0.1066  loss_mask_7: 0.03714  loss_dice_7: 0.6844  loss_ce_8: 0.05131  loss_mask_8: 0.0386  loss_dice_8: 0.7652    time: 0.8895  last_time: 1.0896  data_time: 0.2090  last_data_time: 0.2090   lr: 3.2054e-05  max_mem: 13269M
[03/18 14:15:25 d2.utils.events]:  eta: 2:50:22  iter: 8199  total_loss: 10.85  loss_ce: 0.03039  loss_mask: 0.04259  loss_dice: 0.9582  loss_ce_0: 0.239  loss_mask_0: 0.05591  loss_dice_0: 0.9391  loss_ce_1: 0.07032  loss_mask_1: 0.04893  loss_dice_1: 1.102  loss_ce_2: 0.05446  loss_mask_2: 0.04102  loss_dice_2: 0.9411  loss_ce_3: 0.03547  loss_mask_3: 0.04633  loss_dice_3: 0.9647  loss_ce_4: 0.03373  loss_mask_4: 0.04321  loss_dice_4: 0.9022  loss_ce_5: 0.03458  loss_mask_5: 0.0451  loss_dice_5: 1.036  loss_ce_6: 0.03935  loss_mask_6: 0.04471  loss_dice_6: 0.9652  loss_ce_7: 0.0316  loss_mask_7: 0.05071  loss_dice_7: 0.9809  loss_ce_8: 0.03686  loss_mask_8: 0.04477  loss_dice_8: 0.9903    time: 0.8896  last_time: 0.8529  data_time: 0.1262  last_data_time: 0.1262   lr: 3.1979e-05  max_mem: 13269M
[03/18 14:15:42 d2.utils.events]:  eta: 2:50:13  iter: 8219  total_loss: 13.22  loss_ce: 0.08713  loss_mask: 0.07844  loss_dice: 1.073  loss_ce_0: 0.2015  loss_mask_0: 0.0436  loss_dice_0: 0.8929  loss_ce_1: 0.1227  loss_mask_1: 0.08063  loss_dice_1: 1.157  loss_ce_2: 0.1204  loss_mask_2: 0.1136  loss_dice_2: 1.24  loss_ce_3: 0.1066  loss_mask_3: 0.07442  loss_dice_3: 1.095  loss_ce_4: 0.1118  loss_mask_4: 0.08057  loss_dice_4: 0.9734  loss_ce_5: 0.1021  loss_mask_5: 0.07463  loss_dice_5: 1.036  loss_ce_6: 0.1144  loss_mask_6: 0.0764  loss_dice_6: 1.228  loss_ce_7: 0.1081  loss_mask_7: 0.0901  loss_dice_7: 1.288  loss_ce_8: 0.109  loss_mask_8: 0.09655  loss_dice_8: 1.244    time: 0.8896  last_time: 0.8751  data_time: 0.1715  last_data_time: 0.1715   lr: 3.1903e-05  max_mem: 13269M
[03/18 14:16:01 d2.utils.events]:  eta: 2:49:45  iter: 8239  total_loss: 13.46  loss_ce: 0.09618  loss_mask: 0.0499  loss_dice: 1.334  loss_ce_0: 0.2649  loss_mask_0: 0.04525  loss_dice_0: 1.278  loss_ce_1: 0.112  loss_mask_1: 0.05004  loss_dice_1: 1.233  loss_ce_2: 0.05331  loss_mask_2: 0.04525  loss_dice_2: 1.025  loss_ce_3: 0.05284  loss_mask_3: 0.04873  loss_dice_3: 1.053  loss_ce_4: 0.05659  loss_mask_4: 0.05878  loss_dice_4: 1.273  loss_ce_5: 0.106  loss_mask_5: 0.05988  loss_dice_5: 1.248  loss_ce_6: 0.04543  loss_mask_6: 0.05311  loss_dice_6: 1.174  loss_ce_7: 0.04111  loss_mask_7: 0.05543  loss_dice_7: 1.267  loss_ce_8: 0.04172  loss_mask_8: 0.04517  loss_dice_8: 1.197    time: 0.8896  last_time: 0.8798  data_time: 0.1672  last_data_time: 0.1672   lr: 3.1828e-05  max_mem: 13269M
[03/18 14:16:19 d2.utils.events]:  eta: 2:49:28  iter: 8259  total_loss: 13.67  loss_ce: 0.1002  loss_mask: 0.07993  loss_dice: 1.067  loss_ce_0: 0.1403  loss_mask_0: 0.1251  loss_dice_0: 1.447  loss_ce_1: 0.1556  loss_mask_1: 0.08336  loss_dice_1: 1.139  loss_ce_2: 0.1079  loss_mask_2: 0.09353  loss_dice_2: 1.158  loss_ce_3: 0.09975  loss_mask_3: 0.07927  loss_dice_3: 0.9943  loss_ce_4: 0.08822  loss_mask_4: 0.09989  loss_dice_4: 1.124  loss_ce_5: 0.1662  loss_mask_5: 0.09492  loss_dice_5: 1.116  loss_ce_6: 0.09837  loss_mask_6: 0.08161  loss_dice_6: 1.156  loss_ce_7: 0.05583  loss_mask_7: 0.08585  loss_dice_7: 1.293  loss_ce_8: 0.1435  loss_mask_8: 0.09341  loss_dice_8: 1.105    time: 0.8896  last_time: 0.9323  data_time: 0.2207  last_data_time: 0.2207   lr: 3.1752e-05  max_mem: 13269M
[03/18 14:16:36 d2.utils.events]:  eta: 2:49:13  iter: 8279  total_loss: 13.13  loss_ce: 0.02955  loss_mask: 0.05819  loss_dice: 1.159  loss_ce_0: 0.2961  loss_mask_0: 0.07735  loss_dice_0: 1.533  loss_ce_1: 0.04833  loss_mask_1: 0.06836  loss_dice_1: 1.322  loss_ce_2: 0.07606  loss_mask_2: 0.055  loss_dice_2: 1.063  loss_ce_3: 0.04388  loss_mask_3: 0.05833  loss_dice_3: 1.115  loss_ce_4: 0.04353  loss_mask_4: 0.05211  loss_dice_4: 1.142  loss_ce_5: 0.0361  loss_mask_5: 0.05546  loss_dice_5: 1.097  loss_ce_6: 0.02927  loss_mask_6: 0.05139  loss_dice_6: 1.09  loss_ce_7: 0.02518  loss_mask_7: 0.05636  loss_dice_7: 1.179  loss_ce_8: 0.02739  loss_mask_8: 0.05579  loss_dice_8: 1.189    time: 0.8896  last_time: 0.8971  data_time: 0.1084  last_data_time: 0.1084   lr: 3.1676e-05  max_mem: 13269M
[03/18 14:16:55 d2.utils.events]:  eta: 2:48:56  iter: 8299  total_loss: 9.027  loss_ce: 0.06616  loss_mask: 0.04147  loss_dice: 0.8315  loss_ce_0: 0.2402  loss_mask_0: 0.06521  loss_dice_0: 0.8791  loss_ce_1: 0.1262  loss_mask_1: 0.05408  loss_dice_1: 0.7952  loss_ce_2: 0.09633  loss_mask_2: 0.03771  loss_dice_2: 0.6569  loss_ce_3: 0.1185  loss_mask_3: 0.05352  loss_dice_3: 0.7827  loss_ce_4: 0.1168  loss_mask_4: 0.0431  loss_dice_4: 0.7456  loss_ce_5: 0.1094  loss_mask_5: 0.03796  loss_dice_5: 0.6556  loss_ce_6: 0.1222  loss_mask_6: 0.04842  loss_dice_6: 0.6585  loss_ce_7: 0.1196  loss_mask_7: 0.03794  loss_dice_7: 0.6951  loss_ce_8: 0.06206  loss_mask_8: 0.03873  loss_dice_8: 0.6916    time: 0.8896  last_time: 0.9181  data_time: 0.2007  last_data_time: 0.2007   lr: 3.1601e-05  max_mem: 13269M
[03/18 14:17:14 d2.utils.events]:  eta: 2:48:36  iter: 8319  total_loss: 12.13  loss_ce: 0.1233  loss_mask: 0.03101  loss_dice: 1.073  loss_ce_0: 0.1965  loss_mask_0: 0.05005  loss_dice_0: 1.463  loss_ce_1: 0.153  loss_mask_1: 0.03133  loss_dice_1: 0.8664  loss_ce_2: 0.1281  loss_mask_2: 0.03647  loss_dice_2: 1.252  loss_ce_3: 0.1814  loss_mask_3: 0.03481  loss_dice_3: 0.8037  loss_ce_4: 0.1977  loss_mask_4: 0.02077  loss_dice_4: 0.7046  loss_ce_5: 0.1205  loss_mask_5: 0.0347  loss_dice_5: 1.316  loss_ce_6: 0.1888  loss_mask_6: 0.03225  loss_dice_6: 0.9136  loss_ce_7: 0.1305  loss_mask_7: 0.03755  loss_dice_7: 1.037  loss_ce_8: 0.1387  loss_mask_8: 0.03515  loss_dice_8: 0.7939    time: 0.8897  last_time: 0.9356  data_time: 0.2292  last_data_time: 0.2292   lr: 3.1525e-05  max_mem: 13269M
[03/18 14:17:31 d2.utils.events]:  eta: 2:48:18  iter: 8339  total_loss: 9.061  loss_ce: 0.01879  loss_mask: 0.02856  loss_dice: 0.7772  loss_ce_0: 0.2419  loss_mask_0: 0.04587  loss_dice_0: 1.025  loss_ce_1: 0.05365  loss_mask_1: 0.03363  loss_dice_1: 0.7393  loss_ce_2: 0.01482  loss_mask_2: 0.03617  loss_dice_2: 0.7906  loss_ce_3: 0.02446  loss_mask_3: 0.03436  loss_dice_3: 0.8259  loss_ce_4: 0.01627  loss_mask_4: 0.03846  loss_dice_4: 0.903  loss_ce_5: 0.02108  loss_mask_5: 0.03835  loss_dice_5: 0.7898  loss_ce_6: 0.0195  loss_mask_6: 0.03394  loss_dice_6: 0.8716  loss_ce_7: 0.01814  loss_mask_7: 0.03169  loss_dice_7: 0.7809  loss_ce_8: 0.01638  loss_mask_8: 0.03484  loss_dice_8: 0.7569    time: 0.8897  last_time: 0.8962  data_time: 0.1798  last_data_time: 0.1798   lr: 3.1449e-05  max_mem: 13269M
[03/18 14:17:49 d2.utils.events]:  eta: 2:47:59  iter: 8359  total_loss: 14.47  loss_ce: 0.1739  loss_mask: 0.06752  loss_dice: 1.287  loss_ce_0: 0.1994  loss_mask_0: 0.08688  loss_dice_0: 1.417  loss_ce_1: 0.1611  loss_mask_1: 0.05737  loss_dice_1: 1.092  loss_ce_2: 0.05827  loss_mask_2: 0.07016  loss_dice_2: 1.234  loss_ce_3: 0.1285  loss_mask_3: 0.05016  loss_dice_3: 1.238  loss_ce_4: 0.04533  loss_mask_4: 0.06241  loss_dice_4: 1.269  loss_ce_5: 0.05377  loss_mask_5: 0.0581  loss_dice_5: 1.238  loss_ce_6: 0.07523  loss_mask_6: 0.05883  loss_dice_6: 1.456  loss_ce_7: 0.05125  loss_mask_7: 0.0706  loss_dice_7: 1.353  loss_ce_8: 0.1088  loss_mask_8: 0.07969  loss_dice_8: 1.171    time: 0.8897  last_time: 1.3411  data_time: 0.6268  last_data_time: 0.6268   lr: 3.1373e-05  max_mem: 13269M
[03/18 14:18:07 d2.utils.events]:  eta: 2:47:42  iter: 8379  total_loss: 13.16  loss_ce: 0.03372  loss_mask: 0.04034  loss_dice: 1.023  loss_ce_0: 0.2307  loss_mask_0: 0.06173  loss_dice_0: 1.362  loss_ce_1: 0.08798  loss_mask_1: 0.05517  loss_dice_1: 1.328  loss_ce_2: 0.04371  loss_mask_2: 0.07069  loss_dice_2: 1.442  loss_ce_3: 0.09285  loss_mask_3: 0.05914  loss_dice_3: 1.246  loss_ce_4: 0.03852  loss_mask_4: 0.05069  loss_dice_4: 1.095  loss_ce_5: 0.03793  loss_mask_5: 0.04864  loss_dice_5: 1.146  loss_ce_6: 0.03893  loss_mask_6: 0.04947  loss_dice_6: 1.179  loss_ce_7: 0.03694  loss_mask_7: 0.04841  loss_dice_7: 1.13  loss_ce_8: 0.08403  loss_mask_8: 0.04274  loss_dice_8: 0.9575    time: 0.8896  last_time: 1.0509  data_time: 0.1308  last_data_time: 0.1308   lr: 3.1297e-05  max_mem: 13269M
[03/18 14:18:25 d2.utils.events]:  eta: 2:47:25  iter: 8399  total_loss: 8.58  loss_ce: 0.0135  loss_mask: 0.04159  loss_dice: 0.7024  loss_ce_0: 0.1442  loss_mask_0: 0.05626  loss_dice_0: 0.9636  loss_ce_1: 0.01772  loss_mask_1: 0.04195  loss_dice_1: 0.7546  loss_ce_2: 0.01302  loss_mask_2: 0.04161  loss_dice_2: 0.7118  loss_ce_3: 0.01225  loss_mask_3: 0.05546  loss_dice_3: 0.8186  loss_ce_4: 0.01202  loss_mask_4: 0.0491  loss_dice_4: 0.7665  loss_ce_5: 0.01182  loss_mask_5: 0.05582  loss_dice_5: 0.8082  loss_ce_6: 0.01187  loss_mask_6: 0.04984  loss_dice_6: 0.807  loss_ce_7: 0.01203  loss_mask_7: 0.04976  loss_dice_7: 0.8144  loss_ce_8: 0.01278  loss_mask_8: 0.04263  loss_dice_8: 0.6871    time: 0.8897  last_time: 0.9123  data_time: 0.2118  last_data_time: 0.2118   lr: 3.1221e-05  max_mem: 13269M
[03/18 14:18:43 d2.utils.events]:  eta: 2:46:59  iter: 8419  total_loss: 13  loss_ce: 0.08921  loss_mask: 0.03582  loss_dice: 1.115  loss_ce_0: 0.2777  loss_mask_0: 0.05898  loss_dice_0: 1.374  loss_ce_1: 0.181  loss_mask_1: 0.03454  loss_dice_1: 1.047  loss_ce_2: 0.137  loss_mask_2: 0.04536  loss_dice_2: 1.039  loss_ce_3: 0.1161  loss_mask_3: 0.04392  loss_dice_3: 1.21  loss_ce_4: 0.1032  loss_mask_4: 0.04486  loss_dice_4: 1.072  loss_ce_5: 0.09938  loss_mask_5: 0.03743  loss_dice_5: 1.015  loss_ce_6: 0.09586  loss_mask_6: 0.04871  loss_dice_6: 1.221  loss_ce_7: 0.09907  loss_mask_7: 0.03939  loss_dice_7: 1.11  loss_ce_8: 0.0977  loss_mask_8: 0.04054  loss_dice_8: 1.072    time: 0.8896  last_time: 0.8051  data_time: 0.0895  last_data_time: 0.0895   lr: 3.1145e-05  max_mem: 13269M
[03/18 14:19:00 d2.utils.events]:  eta: 2:46:44  iter: 8439  total_loss: 11.31  loss_ce: 0.04142  loss_mask: 0.04637  loss_dice: 0.9542  loss_ce_0: 0.4765  loss_mask_0: 0.0573  loss_dice_0: 1.237  loss_ce_1: 0.0599  loss_mask_1: 0.04859  loss_dice_1: 0.9404  loss_ce_2: 0.06739  loss_mask_2: 0.04463  loss_dice_2: 1.017  loss_ce_3: 0.05448  loss_mask_3: 0.04677  loss_dice_3: 0.9242  loss_ce_4: 0.0423  loss_mask_4: 0.04923  loss_dice_4: 1.01  loss_ce_5: 0.05008  loss_mask_5: 0.04478  loss_dice_5: 1.001  loss_ce_6: 0.07223  loss_mask_6: 0.04659  loss_dice_6: 0.9494  loss_ce_7: 0.03439  loss_mask_7: 0.04375  loss_dice_7: 0.9161  loss_ce_8: 0.03315  loss_mask_8: 0.05029  loss_dice_8: 0.9452    time: 0.8896  last_time: 0.8633  data_time: 0.1294  last_data_time: 0.1294   lr: 3.1069e-05  max_mem: 13269M
[03/18 14:19:18 d2.utils.events]:  eta: 2:46:26  iter: 8459  total_loss: 7.836  loss_ce: 0.01592  loss_mask: 0.04772  loss_dice: 0.6538  loss_ce_0: 0.1015  loss_mask_0: 0.05699  loss_dice_0: 0.7891  loss_ce_1: 0.07969  loss_mask_1: 0.0452  loss_dice_1: 0.6657  loss_ce_2: 0.01714  loss_mask_2: 0.04501  loss_dice_2: 0.7056  loss_ce_3: 0.01357  loss_mask_3: 0.03902  loss_dice_3: 0.5805  loss_ce_4: 0.01387  loss_mask_4: 0.04498  loss_dice_4: 0.7402  loss_ce_5: 0.01569  loss_mask_5: 0.05092  loss_dice_5: 0.7125  loss_ce_6: 0.01608  loss_mask_6: 0.04602  loss_dice_6: 0.7904  loss_ce_7: 0.01599  loss_mask_7: 0.04812  loss_dice_7: 0.7699  loss_ce_8: 0.01416  loss_mask_8: 0.04633  loss_dice_8: 0.6547    time: 0.8896  last_time: 0.8541  data_time: 0.1468  last_data_time: 0.1468   lr: 3.0993e-05  max_mem: 13269M
[03/18 14:19:36 d2.utils.events]:  eta: 2:46:11  iter: 8479  total_loss: 7.089  loss_ce: 0.01934  loss_mask: 0.03577  loss_dice: 0.5708  loss_ce_0: 0.2284  loss_mask_0: 0.047  loss_dice_0: 0.7494  loss_ce_1: 0.02885  loss_mask_1: 0.03464  loss_dice_1: 0.5643  loss_ce_2: 0.02459  loss_mask_2: 0.02948  loss_dice_2: 0.6074  loss_ce_3: 0.02789  loss_mask_3: 0.02993  loss_dice_3: 0.5699  loss_ce_4: 0.02621  loss_mask_4: 0.02983  loss_dice_4: 0.6176  loss_ce_5: 0.02353  loss_mask_5: 0.03537  loss_dice_5: 0.6432  loss_ce_6: 0.02179  loss_mask_6: 0.03444  loss_dice_6: 0.6599  loss_ce_7: 0.101  loss_mask_7: 0.03197  loss_dice_7: 0.6139  loss_ce_8: 0.0176  loss_mask_8: 0.03212  loss_dice_8: 0.6325    time: 0.8896  last_time: 0.8434  data_time: 0.1286  last_data_time: 0.1286   lr: 3.0916e-05  max_mem: 13269M
[03/18 14:19:55 d2.utils.events]:  eta: 2:46:00  iter: 8499  total_loss: 12.18  loss_ce: 0.02546  loss_mask: 0.0462  loss_dice: 1.112  loss_ce_0: 0.3138  loss_mask_0: 0.03934  loss_dice_0: 1.089  loss_ce_1: 0.03368  loss_mask_1: 0.0395  loss_dice_1: 1.084  loss_ce_2: 0.07916  loss_mask_2: 0.03051  loss_dice_2: 0.919  loss_ce_3: 0.0488  loss_mask_3: 0.03333  loss_dice_3: 0.8996  loss_ce_4: 0.02771  loss_mask_4: 0.05086  loss_dice_4: 1.328  loss_ce_5: 0.01579  loss_mask_5: 0.06301  loss_dice_5: 1.046  loss_ce_6: 0.01891  loss_mask_6: 0.04365  loss_dice_6: 1.027  loss_ce_7: 0.02192  loss_mask_7: 0.05116  loss_dice_7: 1.326  loss_ce_8: 0.02124  loss_mask_8: 0.05147  loss_dice_8: 1.289    time: 0.8897  last_time: 1.2209  data_time: 0.5212  last_data_time: 0.5212   lr: 3.084e-05  max_mem: 13269M
[03/18 14:20:12 d2.utils.events]:  eta: 2:45:41  iter: 8519  total_loss: 9.837  loss_ce: 0.1943  loss_mask: 0.0428  loss_dice: 0.7684  loss_ce_0: 0.3137  loss_mask_0: 0.06676  loss_dice_0: 0.9135  loss_ce_1: 0.1833  loss_mask_1: 0.046  loss_dice_1: 0.7683  loss_ce_2: 0.1837  loss_mask_2: 0.0457  loss_dice_2: 0.8252  loss_ce_3: 0.2906  loss_mask_3: 0.05066  loss_dice_3: 0.7809  loss_ce_4: 0.1778  loss_mask_4: 0.04053  loss_dice_4: 0.6583  loss_ce_5: 0.1846  loss_mask_5: 0.04081  loss_dice_5: 0.6338  loss_ce_6: 0.1914  loss_mask_6: 0.03946  loss_dice_6: 0.6695  loss_ce_7: 0.1895  loss_mask_7: 0.03809  loss_dice_7: 0.593  loss_ce_8: 0.1934  loss_mask_8: 0.048  loss_dice_8: 0.665    time: 0.8896  last_time: 0.8179  data_time: 0.1096  last_data_time: 0.1096   lr: 3.0764e-05  max_mem: 13269M
[03/18 14:20:30 d2.utils.events]:  eta: 2:45:24  iter: 8539  total_loss: 9.215  loss_ce: 0.07117  loss_mask: 0.04904  loss_dice: 0.8672  loss_ce_0: 0.1812  loss_mask_0: 0.04417  loss_dice_0: 0.7901  loss_ce_1: 0.05548  loss_mask_1: 0.046  loss_dice_1: 0.7547  loss_ce_2: 0.05875  loss_mask_2: 0.04538  loss_dice_2: 0.8485  loss_ce_3: 0.05257  loss_mask_3: 0.04434  loss_dice_3: 0.7124  loss_ce_4: 0.04784  loss_mask_4: 0.03935  loss_dice_4: 0.8401  loss_ce_5: 0.0449  loss_mask_5: 0.03982  loss_dice_5: 0.8595  loss_ce_6: 0.03753  loss_mask_6: 0.04351  loss_dice_6: 0.9831  loss_ce_7: 0.07745  loss_mask_7: 0.03901  loss_dice_7: 0.6639  loss_ce_8: 0.08  loss_mask_8: 0.03626  loss_dice_8: 0.7622    time: 0.8895  last_time: 0.8116  data_time: 0.1056  last_data_time: 0.1056   lr: 3.0687e-05  max_mem: 13269M
[03/18 14:20:48 d2.utils.events]:  eta: 2:45:07  iter: 8559  total_loss: 4.294  loss_ce: 0.05052  loss_mask: 0.01725  loss_dice: 0.5151  loss_ce_0: 0.1072  loss_mask_0: 0.02442  loss_dice_0: 0.4186  loss_ce_1: 0.03603  loss_mask_1: 0.02357  loss_dice_1: 0.2729  loss_ce_2: 0.0395  loss_mask_2: 0.0234  loss_dice_2: 0.3065  loss_ce_3: 0.04075  loss_mask_3: 0.02833  loss_dice_3: 0.2906  loss_ce_4: 0.04331  loss_mask_4: 0.02322  loss_dice_4: 0.3067  loss_ce_5: 0.04403  loss_mask_5: 0.01953  loss_dice_5: 0.6261  loss_ce_6: 0.03793  loss_mask_6: 0.02198  loss_dice_6: 0.308  loss_ce_7: 0.04418  loss_mask_7: 0.02326  loss_dice_7: 0.2462  loss_ce_8: 0.05046  loss_mask_8: 0.01829  loss_dice_8: 0.2858    time: 0.8896  last_time: 0.7749  data_time: 0.0812  last_data_time: 0.0812   lr: 3.0611e-05  max_mem: 13269M
[03/18 14:21:06 d2.utils.events]:  eta: 2:44:47  iter: 8579  total_loss: 13.5  loss_ce: 0.183  loss_mask: 0.0497  loss_dice: 1.03  loss_ce_0: 0.3973  loss_mask_0: 0.0478  loss_dice_0: 1.209  loss_ce_1: 0.109  loss_mask_1: 0.05274  loss_dice_1: 1.22  loss_ce_2: 0.1688  loss_mask_2: 0.05188  loss_dice_2: 1.044  loss_ce_3: 0.1547  loss_mask_3: 0.05902  loss_dice_3: 1.31  loss_ce_4: 0.152  loss_mask_4: 0.05122  loss_dice_4: 0.8929  loss_ce_5: 0.1808  loss_mask_5: 0.04809  loss_dice_5: 0.9226  loss_ce_6: 0.1501  loss_mask_6: 0.05049  loss_dice_6: 1.102  loss_ce_7: 0.1483  loss_mask_7: 0.05415  loss_dice_7: 1.287  loss_ce_8: 0.1907  loss_mask_8: 0.0526  loss_dice_8: 1.132    time: 0.8895  last_time: 0.8594  data_time: 0.1508  last_data_time: 0.1508   lr: 3.0534e-05  max_mem: 13269M
[03/18 14:21:23 d2.utils.events]:  eta: 2:44:23  iter: 8599  total_loss: 13  loss_ce: 0.06941  loss_mask: 0.06704  loss_dice: 1.037  loss_ce_0: 0.2656  loss_mask_0: 0.06771  loss_dice_0: 1.082  loss_ce_1: 0.1567  loss_mask_1: 0.05213  loss_dice_1: 1.096  loss_ce_2: 0.1361  loss_mask_2: 0.05226  loss_dice_2: 1.037  loss_ce_3: 0.08534  loss_mask_3: 0.05864  loss_dice_3: 1.116  loss_ce_4: 0.03425  loss_mask_4: 0.08129  loss_dice_4: 1.39  loss_ce_5: 0.03592  loss_mask_5: 0.07943  loss_dice_5: 1.399  loss_ce_6: 0.09128  loss_mask_6: 0.05499  loss_dice_6: 0.9947  loss_ce_7: 0.08137  loss_mask_7: 0.06145  loss_dice_7: 1.107  loss_ce_8: 0.05428  loss_mask_8: 0.06859  loss_dice_8: 1.092    time: 0.8895  last_time: 0.8867  data_time: 0.1848  last_data_time: 0.1848   lr: 3.0457e-05  max_mem: 13269M
[03/18 14:21:41 d2.utils.events]:  eta: 2:44:06  iter: 8619  total_loss: 15.12  loss_ce: 0.1983  loss_mask: 0.03502  loss_dice: 1.197  loss_ce_0: 0.32  loss_mask_0: 0.04195  loss_dice_0: 1.451  loss_ce_1: 0.2437  loss_mask_1: 0.03505  loss_dice_1: 1.376  loss_ce_2: 0.1959  loss_mask_2: 0.03498  loss_dice_2: 1.27  loss_ce_3: 0.1875  loss_mask_3: 0.03465  loss_dice_3: 1.126  loss_ce_4: 0.1978  loss_mask_4: 0.03665  loss_dice_4: 1.265  loss_ce_5: 0.1769  loss_mask_5: 0.03644  loss_dice_5: 1.434  loss_ce_6: 0.1458  loss_mask_6: 0.03614  loss_dice_6: 1.363  loss_ce_7: 0.1096  loss_mask_7: 0.03869  loss_dice_7: 1.047  loss_ce_8: 0.246  loss_mask_8: 0.03278  loss_dice_8: 1.207    time: 0.8895  last_time: 0.9294  data_time: 0.2002  last_data_time: 0.2002   lr: 3.0381e-05  max_mem: 13269M
[03/18 14:22:00 d2.utils.events]:  eta: 2:43:49  iter: 8639  total_loss: 15.12  loss_ce: 0.1197  loss_mask: 0.1558  loss_dice: 1.265  loss_ce_0: 0.2285  loss_mask_0: 0.1941  loss_dice_0: 1.263  loss_ce_1: 0.1514  loss_mask_1: 0.1697  loss_dice_1: 1.271  loss_ce_2: 0.1314  loss_mask_2: 0.1673  loss_dice_2: 1.261  loss_ce_3: 0.083  loss_mask_3: 0.1507  loss_dice_3: 1.216  loss_ce_4: 0.1146  loss_mask_4: 0.2639  loss_dice_4: 1.079  loss_ce_5: 0.1076  loss_mask_5: 0.163  loss_dice_5: 1.282  loss_ce_6: 0.1104  loss_mask_6: 0.1512  loss_dice_6: 1.101  loss_ce_7: 0.1589  loss_mask_7: 0.1734  loss_dice_7: 1.205  loss_ce_8: 0.08872  loss_mask_8: 0.1673  loss_dice_8: 1.128    time: 0.8895  last_time: 0.8632  data_time: 0.1461  last_data_time: 0.1461   lr: 3.0304e-05  max_mem: 13269M
[03/18 14:22:18 d2.utils.events]:  eta: 2:43:35  iter: 8659  total_loss: 9.328  loss_ce: 0.008473  loss_mask: 0.03646  loss_dice: 0.9118  loss_ce_0: 0.2303  loss_mask_0: 0.05189  loss_dice_0: 1.077  loss_ce_1: 0.02797  loss_mask_1: 0.04197  loss_dice_1: 0.7589  loss_ce_2: 0.0233  loss_mask_2: 0.04077  loss_dice_2: 0.81  loss_ce_3: 0.01549  loss_mask_3: 0.04417  loss_dice_3: 0.8651  loss_ce_4: 0.01251  loss_mask_4: 0.04173  loss_dice_4: 0.9336  loss_ce_5: 0.01191  loss_mask_5: 0.0329  loss_dice_5: 0.7191  loss_ce_6: 0.008517  loss_mask_6: 0.03814  loss_dice_6: 0.9168  loss_ce_7: 0.007313  loss_mask_7: 0.03763  loss_dice_7: 0.8522  loss_ce_8: 0.007506  loss_mask_8: 0.03391  loss_dice_8: 0.7309    time: 0.8895  last_time: 0.8734  data_time: 0.1654  last_data_time: 0.1654   lr: 3.0227e-05  max_mem: 13269M
[03/18 14:22:37 d2.utils.events]:  eta: 2:43:22  iter: 8679  total_loss: 9.948  loss_ce: 0.01533  loss_mask: 0.08154  loss_dice: 0.9056  loss_ce_0: 0.15  loss_mask_0: 0.06376  loss_dice_0: 1.017  loss_ce_1: 0.02238  loss_mask_1: 0.07535  loss_dice_1: 0.8747  loss_ce_2: 0.01882  loss_mask_2: 0.06091  loss_dice_2: 0.8162  loss_ce_3: 0.01758  loss_mask_3: 0.06105  loss_dice_3: 0.909  loss_ce_4: 0.01886  loss_mask_4: 0.05855  loss_dice_4: 0.8388  loss_ce_5: 0.01853  loss_mask_5: 0.05429  loss_dice_5: 0.8614  loss_ce_6: 0.01644  loss_mask_6: 0.07159  loss_dice_6: 0.8795  loss_ce_7: 0.01539  loss_mask_7: 0.06916  loss_dice_7: 0.988  loss_ce_8: 0.01626  loss_mask_8: 0.07285  loss_dice_8: 0.8782    time: 0.8896  last_time: 0.8137  data_time: 0.1022  last_data_time: 0.1022   lr: 3.015e-05  max_mem: 13269M
[03/18 14:22:54 d2.utils.events]:  eta: 2:43:06  iter: 8699  total_loss: 10.17  loss_ce: 0.0215  loss_mask: 0.04684  loss_dice: 0.8298  loss_ce_0: 0.2314  loss_mask_0: 0.07969  loss_dice_0: 1.188  loss_ce_1: 0.1129  loss_mask_1: 0.04708  loss_dice_1: 1.006  loss_ce_2: 0.02724  loss_mask_2: 0.04641  loss_dice_2: 0.7882  loss_ce_3: 0.02526  loss_mask_3: 0.04572  loss_dice_3: 0.9334  loss_ce_4: 0.02416  loss_mask_4: 0.0536  loss_dice_4: 0.9666  loss_ce_5: 0.02685  loss_mask_5: 0.04552  loss_dice_5: 0.8191  loss_ce_6: 0.02642  loss_mask_6: 0.04595  loss_dice_6: 0.9021  loss_ce_7: 0.02473  loss_mask_7: 0.03893  loss_dice_7: 0.8219  loss_ce_8: 0.0234  loss_mask_8: 0.04873  loss_dice_8: 0.8743    time: 0.8896  last_time: 0.9110  data_time: 0.1976  last_data_time: 0.1976   lr: 3.0074e-05  max_mem: 13269M
[03/18 14:23:13 d2.utils.events]:  eta: 2:42:52  iter: 8719  total_loss: 7.61  loss_ce: 0.04546  loss_mask: 0.04321  loss_dice: 0.6146  loss_ce_0: 0.3082  loss_mask_0: 0.06586  loss_dice_0: 0.736  loss_ce_1: 0.09559  loss_mask_1: 0.04035  loss_dice_1: 0.5504  loss_ce_2: 0.1101  loss_mask_2: 0.05164  loss_dice_2: 0.6208  loss_ce_3: 0.1296  loss_mask_3: 0.03868  loss_dice_3: 0.5985  loss_ce_4: 0.1353  loss_mask_4: 0.03859  loss_dice_4: 0.6204  loss_ce_5: 0.04946  loss_mask_5: 0.04136  loss_dice_5: 0.6287  loss_ce_6: 0.04635  loss_mask_6: 0.04526  loss_dice_6: 0.6024  loss_ce_7: 0.04721  loss_mask_7: 0.0445  loss_dice_7: 0.5862  loss_ce_8: 0.04405  loss_mask_8: 0.04267  loss_dice_8: 0.5887    time: 0.8896  last_time: 0.8191  data_time: 0.0913  last_data_time: 0.0913   lr: 2.9997e-05  max_mem: 13269M
[03/18 14:23:31 d2.utils.events]:  eta: 2:42:40  iter: 8739  total_loss: 7.107  loss_ce: 0.0217  loss_mask: 0.03354  loss_dice: 0.6074  loss_ce_0: 0.1789  loss_mask_0: 0.03861  loss_dice_0: 0.6857  loss_ce_1: 0.105  loss_mask_1: 0.03274  loss_dice_1: 0.7025  loss_ce_2: 0.03159  loss_mask_2: 0.02931  loss_dice_2: 0.5767  loss_ce_3: 0.04258  loss_mask_3: 0.03459  loss_dice_3: 0.6063  loss_ce_4: 0.03542  loss_mask_4: 0.02966  loss_dice_4: 0.5949  loss_ce_5: 0.07236  loss_mask_5: 0.03049  loss_dice_5: 0.6887  loss_ce_6: 0.0232  loss_mask_6: 0.03189  loss_dice_6: 0.6486  loss_ce_7: 0.02367  loss_mask_7: 0.02833  loss_dice_7: 0.5285  loss_ce_8: 0.02397  loss_mask_8: 0.03176  loss_dice_8: 0.5881    time: 0.8896  last_time: 0.8440  data_time: 0.1268  last_data_time: 0.1268   lr: 2.992e-05  max_mem: 13269M
[03/18 14:23:49 d2.utils.events]:  eta: 2:42:28  iter: 8759  total_loss: 9.927  loss_ce: 0.03156  loss_mask: 0.06159  loss_dice: 0.9488  loss_ce_0: 0.2586  loss_mask_0: 0.05698  loss_dice_0: 0.894  loss_ce_1: 0.07271  loss_mask_1: 0.04621  loss_dice_1: 0.8613  loss_ce_2: 0.04564  loss_mask_2: 0.05166  loss_dice_2: 0.8647  loss_ce_3: 0.03674  loss_mask_3: 0.06087  loss_dice_3: 0.8314  loss_ce_4: 0.07882  loss_mask_4: 0.06033  loss_dice_4: 0.8803  loss_ce_5: 0.03646  loss_mask_5: 0.05646  loss_dice_5: 0.9804  loss_ce_6: 0.03349  loss_mask_6: 0.04882  loss_dice_6: 0.7038  loss_ce_7: 0.03266  loss_mask_7: 0.04998  loss_dice_7: 0.8853  loss_ce_8: 0.02923  loss_mask_8: 0.05271  loss_dice_8: 0.8752    time: 0.8896  last_time: 0.8790  data_time: 0.1585  last_data_time: 0.1585   lr: 2.9843e-05  max_mem: 13269M
[03/18 14:24:06 d2.utils.events]:  eta: 2:42:15  iter: 8779  total_loss: 12.5  loss_ce: 0.0382  loss_mask: 0.05591  loss_dice: 1.137  loss_ce_0: 0.3932  loss_mask_0: 0.06619  loss_dice_0: 1.124  loss_ce_1: 0.1573  loss_mask_1: 0.04202  loss_dice_1: 0.9811  loss_ce_2: 0.1719  loss_mask_2: 0.05005  loss_dice_2: 1.006  loss_ce_3: 0.07087  loss_mask_3: 0.05873  loss_dice_3: 1.221  loss_ce_4: 0.13  loss_mask_4: 0.04823  loss_dice_4: 0.9892  loss_ce_5: 0.05432  loss_mask_5: 0.05851  loss_dice_5: 1.129  loss_ce_6: 0.04506  loss_mask_6: 0.0511  loss_dice_6: 1.059  loss_ce_7: 0.05324  loss_mask_7: 0.04802  loss_dice_7: 1.041  loss_ce_8: 0.03625  loss_mask_8: 0.05942  loss_dice_8: 1.125    time: 0.8896  last_time: 0.8716  data_time: 0.1298  last_data_time: 0.1298   lr: 2.9766e-05  max_mem: 13269M
[03/18 14:24:25 d2.utils.events]:  eta: 2:41:58  iter: 8799  total_loss: 9.497  loss_ce: 0.04334  loss_mask: 0.1417  loss_dice: 0.7062  loss_ce_0: 0.1611  loss_mask_0: 0.1983  loss_dice_0: 0.8928  loss_ce_1: 0.03877  loss_mask_1: 0.151  loss_dice_1: 0.7314  loss_ce_2: 0.04369  loss_mask_2: 0.1401  loss_dice_2: 0.7437  loss_ce_3: 0.04243  loss_mask_3: 0.1522  loss_dice_3: 0.7421  loss_ce_4: 0.04118  loss_mask_4: 0.1408  loss_dice_4: 0.7488  loss_ce_5: 0.04183  loss_mask_5: 0.1239  loss_dice_5: 0.6935  loss_ce_6: 0.04281  loss_mask_6: 0.1493  loss_dice_6: 0.7576  loss_ce_7: 0.04265  loss_mask_7: 0.1421  loss_dice_7: 0.7485  loss_ce_8: 0.04516  loss_mask_8: 0.1366  loss_dice_8: 0.7139    time: 0.8896  last_time: 0.8975  data_time: 0.1875  last_data_time: 0.1875   lr: 2.9688e-05  max_mem: 13269M
[03/18 14:24:43 d2.utils.events]:  eta: 2:41:36  iter: 8819  total_loss: 16.21  loss_ce: 0.06317  loss_mask: 0.06642  loss_dice: 1.454  loss_ce_0: 0.2229  loss_mask_0: 0.08713  loss_dice_0: 1.662  loss_ce_1: 0.08968  loss_mask_1: 0.09181  loss_dice_1: 1.454  loss_ce_2: 0.0597  loss_mask_2: 0.06494  loss_dice_2: 1.519  loss_ce_3: 0.1033  loss_mask_3: 0.07468  loss_dice_3: 1.372  loss_ce_4: 0.0549  loss_mask_4: 0.07649  loss_dice_4: 1.526  loss_ce_5: 0.07015  loss_mask_5: 0.07195  loss_dice_5: 1.44  loss_ce_6: 0.06806  loss_mask_6: 0.07495  loss_dice_6: 1.506  loss_ce_7: 0.06559  loss_mask_7: 0.06231  loss_dice_7: 1.334  loss_ce_8: 0.06112  loss_mask_8: 0.06798  loss_dice_8: 1.343    time: 0.8896  last_time: 0.9410  data_time: 0.2109  last_data_time: 0.2109   lr: 2.9611e-05  max_mem: 13269M
[03/18 14:25:01 d2.utils.events]:  eta: 2:41:13  iter: 8839  total_loss: 13.46  loss_ce: 0.09545  loss_mask: 0.0332  loss_dice: 1.106  loss_ce_0: 0.4154  loss_mask_0: 0.09315  loss_dice_0: 1.619  loss_ce_1: 0.06346  loss_mask_1: 0.0809  loss_dice_1: 1.369  loss_ce_2: 0.08997  loss_mask_2: 0.05029  loss_dice_2: 1.041  loss_ce_3: 0.1446  loss_mask_3: 0.03045  loss_dice_3: 0.8437  loss_ce_4: 0.09224  loss_mask_4: 0.04831  loss_dice_4: 1.114  loss_ce_5: 0.05059  loss_mask_5: 0.04294  loss_dice_5: 1.123  loss_ce_6: 0.07967  loss_mask_6: 0.05178  loss_dice_6: 1.121  loss_ce_7: 0.1059  loss_mask_7: 0.05378  loss_dice_7: 1.282  loss_ce_8: 0.04242  loss_mask_8: 0.03975  loss_dice_8: 1.138    time: 0.8896  last_time: 0.8803  data_time: 0.1667  last_data_time: 0.1667   lr: 2.9534e-05  max_mem: 13269M
[03/18 14:25:20 d2.utils.events]:  eta: 2:40:52  iter: 8859  total_loss: 11.53  loss_ce: 0.06745  loss_mask: 0.04394  loss_dice: 1.063  loss_ce_0: 0.2305  loss_mask_0: 0.05165  loss_dice_0: 1.193  loss_ce_1: 0.01876  loss_mask_1: 0.04349  loss_dice_1: 1.081  loss_ce_2: 0.04108  loss_mask_2: 0.04217  loss_dice_2: 1.035  loss_ce_3: 0.01795  loss_mask_3: 0.0425  loss_dice_3: 1.066  loss_ce_4: 0.01461  loss_mask_4: 0.04225  loss_dice_4: 1.072  loss_ce_5: 0.01293  loss_mask_5: 0.03923  loss_dice_5: 1.046  loss_ce_6: 0.08526  loss_mask_6: 0.03996  loss_dice_6: 1.026  loss_ce_7: 0.01602  loss_mask_7: 0.04459  loss_dice_7: 1.041  loss_ce_8: 0.01583  loss_mask_8: 0.03705  loss_dice_8: 0.9608    time: 0.8898  last_time: 0.8747  data_time: 0.1664  last_data_time: 0.1664   lr: 2.9457e-05  max_mem: 13269M
[03/18 14:25:38 d2.utils.events]:  eta: 2:40:35  iter: 8879  total_loss: 7.466  loss_ce: 0.008138  loss_mask: 0.04107  loss_dice: 0.7328  loss_ce_0: 0.1074  loss_mask_0: 0.04236  loss_dice_0: 0.6172  loss_ce_1: 0.008525  loss_mask_1: 0.0383  loss_dice_1: 0.6412  loss_ce_2: 0.007745  loss_mask_2: 0.03802  loss_dice_2: 0.6233  loss_ce_3: 0.00885  loss_mask_3: 0.0473  loss_dice_3: 0.7627  loss_ce_4: 0.007436  loss_mask_4: 0.03838  loss_dice_4: 0.7089  loss_ce_5: 0.008933  loss_mask_5: 0.03954  loss_dice_5: 0.6752  loss_ce_6: 0.00786  loss_mask_6: 0.03709  loss_dice_6: 0.6838  loss_ce_7: 0.006828  loss_mask_7: 0.03673  loss_dice_7: 0.728  loss_ce_8: 0.006943  loss_mask_8: 0.04368  loss_dice_8: 0.7115    time: 0.8898  last_time: 0.9105  data_time: 0.1860  last_data_time: 0.1860   lr: 2.9379e-05  max_mem: 13269M
[03/18 14:25:56 d2.utils.events]:  eta: 2:40:21  iter: 8899  total_loss: 9.748  loss_ce: 0.1236  loss_mask: 0.03108  loss_dice: 0.4654  loss_ce_0: 0.229  loss_mask_0: 0.05504  loss_dice_0: 0.9934  loss_ce_1: 0.1443  loss_mask_1: 0.0437  loss_dice_1: 1.032  loss_ce_2: 0.2132  loss_mask_2: 0.03606  loss_dice_2: 1.103  loss_ce_3: 0.1708  loss_mask_3: 0.03546  loss_dice_3: 0.8998  loss_ce_4: 0.1344  loss_mask_4: 0.03496  loss_dice_4: 0.7038  loss_ce_5: 0.1275  loss_mask_5: 0.03932  loss_dice_5: 0.6497  loss_ce_6: 0.126  loss_mask_6: 0.03568  loss_dice_6: 0.8673  loss_ce_7: 0.1221  loss_mask_7: 0.03649  loss_dice_7: 0.6379  loss_ce_8: 0.1175  loss_mask_8: 0.03208  loss_dice_8: 0.5078    time: 0.8898  last_time: 0.9213  data_time: 0.2146  last_data_time: 0.2146   lr: 2.9302e-05  max_mem: 13269M
[03/18 14:26:15 d2.utils.events]:  eta: 2:40:04  iter: 8919  total_loss: 9.972  loss_ce: 0.05212  loss_mask: 0.02667  loss_dice: 0.8861  loss_ce_0: 0.3811  loss_mask_0: 0.03007  loss_dice_0: 0.9776  loss_ce_1: 0.09719  loss_mask_1: 0.03124  loss_dice_1: 0.7717  loss_ce_2: 0.1211  loss_mask_2: 0.02932  loss_dice_2: 1.035  loss_ce_3: 0.06637  loss_mask_3: 0.03042  loss_dice_3: 0.9774  loss_ce_4: 0.05923  loss_mask_4: 0.02389  loss_dice_4: 0.689  loss_ce_5: 0.05662  loss_mask_5: 0.02868  loss_dice_5: 0.821  loss_ce_6: 0.04329  loss_mask_6: 0.02731  loss_dice_6: 0.819  loss_ce_7: 0.05158  loss_mask_7: 0.02964  loss_dice_7: 0.8455  loss_ce_8: 0.05635  loss_mask_8: 0.02675  loss_dice_8: 0.881    time: 0.8898  last_time: 0.9032  data_time: 0.1712  last_data_time: 0.1712   lr: 2.9225e-05  max_mem: 13269M
[03/18 14:26:32 d2.utils.events]:  eta: 2:39:39  iter: 8939  total_loss: 12.18  loss_ce: 0.0289  loss_mask: 0.0748  loss_dice: 1.188  loss_ce_0: 0.1151  loss_mask_0: 0.09466  loss_dice_0: 1.087  loss_ce_1: 0.03831  loss_mask_1: 0.07031  loss_dice_1: 1.087  loss_ce_2: 0.04651  loss_mask_2: 0.07015  loss_dice_2: 0.8829  loss_ce_3: 0.05441  loss_mask_3: 0.06591  loss_dice_3: 1.135  loss_ce_4: 0.0273  loss_mask_4: 0.07197  loss_dice_4: 1.117  loss_ce_5: 0.02634  loss_mask_5: 0.07785  loss_dice_5: 1.228  loss_ce_6: 0.02921  loss_mask_6: 0.06795  loss_dice_6: 1.118  loss_ce_7: 0.03072  loss_mask_7: 0.07354  loss_dice_7: 1.179  loss_ce_8: 0.04535  loss_mask_8: 0.06805  loss_dice_8: 0.9833    time: 0.8898  last_time: 0.8709  data_time: 0.1576  last_data_time: 0.1576   lr: 2.9147e-05  max_mem: 13269M
[03/18 14:26:51 d2.utils.events]:  eta: 2:39:35  iter: 8959  total_loss: 11.62  loss_ce: 0.1185  loss_mask: 0.03343  loss_dice: 1.027  loss_ce_0: 0.1989  loss_mask_0: 0.04012  loss_dice_0: 1.081  loss_ce_1: 0.06928  loss_mask_1: 0.02737  loss_dice_1: 1.219  loss_ce_2: 0.05247  loss_mask_2: 0.03611  loss_dice_2: 1.043  loss_ce_3: 0.09067  loss_mask_3: 0.02901  loss_dice_3: 0.9126  loss_ce_4: 0.04672  loss_mask_4: 0.0353  loss_dice_4: 1.043  loss_ce_5: 0.0337  loss_mask_5: 0.0424  loss_dice_5: 1.039  loss_ce_6: 0.119  loss_mask_6: 0.02324  loss_dice_6: 0.7411  loss_ce_7: 0.1068  loss_mask_7: 0.03803  loss_dice_7: 1.076  loss_ce_8: 0.1421  loss_mask_8: 0.03477  loss_dice_8: 1.117    time: 0.8898  last_time: 0.8882  data_time: 0.1673  last_data_time: 0.1673   lr: 2.907e-05  max_mem: 13269M
[03/18 14:27:10 d2.utils.events]:  eta: 2:39:12  iter: 8979  total_loss: 6.181  loss_ce: 0.05177  loss_mask: 0.03238  loss_dice: 0.5067  loss_ce_0: 0.291  loss_mask_0: 0.04002  loss_dice_0: 0.4608  loss_ce_1: 0.02974  loss_mask_1: 0.03593  loss_dice_1: 0.6101  loss_ce_2: 0.0877  loss_mask_2: 0.02911  loss_dice_2: 0.4332  loss_ce_3: 0.0332  loss_mask_3: 0.03229  loss_dice_3: 0.4374  loss_ce_4: 0.0265  loss_mask_4: 0.03639  loss_dice_4: 0.7183  loss_ce_5: 0.0415  loss_mask_5: 0.03803  loss_dice_5: 0.594  loss_ce_6: 0.04355  loss_mask_6: 0.03319  loss_dice_6: 0.4914  loss_ce_7: 0.05123  loss_mask_7: 0.03097  loss_dice_7: 0.423  loss_ce_8: 0.05502  loss_mask_8: 0.03597  loss_dice_8: 0.4505    time: 0.8899  last_time: 0.9186  data_time: 0.2082  last_data_time: 0.2082   lr: 2.8992e-05  max_mem: 13269M
[03/18 14:27:27 d2.utils.events]:  eta: 2:38:58  iter: 8999  total_loss: 8.79  loss_ce: 0.02749  loss_mask: 0.03451  loss_dice: 0.7679  loss_ce_0: 0.2848  loss_mask_0: 0.04797  loss_dice_0: 1.02  loss_ce_1: 0.03133  loss_mask_1: 0.03939  loss_dice_1: 0.8036  loss_ce_2: 0.02854  loss_mask_2: 0.03228  loss_dice_2: 0.8061  loss_ce_3: 0.03041  loss_mask_3: 0.03285  loss_dice_3: 0.7591  loss_ce_4: 0.03261  loss_mask_4: 0.03694  loss_dice_4: 0.842  loss_ce_5: 0.03094  loss_mask_5: 0.03211  loss_dice_5: 0.606  loss_ce_6: 0.03089  loss_mask_6: 0.03803  loss_dice_6: 0.7201  loss_ce_7: 0.02789  loss_mask_7: 0.03494  loss_dice_7: 0.7464  loss_ce_8: 0.02719  loss_mask_8: 0.03507  loss_dice_8: 0.8024    time: 0.8899  last_time: 0.9238  data_time: 0.2161  last_data_time: 0.2161   lr: 2.8915e-05  max_mem: 13269M
[03/18 14:27:46 d2.utils.events]:  eta: 2:38:27  iter: 9019  total_loss: 12.06  loss_ce: 0.03436  loss_mask: 0.04357  loss_dice: 0.9901  loss_ce_0: 0.3726  loss_mask_0: 0.0539  loss_dice_0: 1.283  loss_ce_1: 0.06055  loss_mask_1: 0.05368  loss_dice_1: 1.185  loss_ce_2: 0.07906  loss_mask_2: 0.0482  loss_dice_2: 1.011  loss_ce_3: 0.0389  loss_mask_3: 0.04873  loss_dice_3: 1.174  loss_ce_4: 0.04138  loss_mask_4: 0.0485  loss_dice_4: 1.042  loss_ce_5: 0.07778  loss_mask_5: 0.04476  loss_dice_5: 0.991  loss_ce_6: 0.03178  loss_mask_6: 0.05062  loss_dice_6: 1.038  loss_ce_7: 0.03121  loss_mask_7: 0.04273  loss_dice_7: 1.058  loss_ce_8: 0.03153  loss_mask_8: 0.04505  loss_dice_8: 1.008    time: 0.8900  last_time: 0.9147  data_time: 0.1860  last_data_time: 0.1860   lr: 2.8837e-05  max_mem: 13269M
[03/18 14:28:04 d2.utils.events]:  eta: 2:38:08  iter: 9039  total_loss: 12.01  loss_ce: 0.01915  loss_mask: 0.06595  loss_dice: 1.227  loss_ce_0: 0.2015  loss_mask_0: 0.06521  loss_dice_0: 1.003  loss_ce_1: 0.03183  loss_mask_1: 0.07418  loss_dice_1: 1.11  loss_ce_2: 0.03367  loss_mask_2: 0.05601  loss_dice_2: 0.9763  loss_ce_3: 0.02073  loss_mask_3: 0.05867  loss_dice_3: 1.005  loss_ce_4: 0.09889  loss_mask_4: 0.06233  loss_dice_4: 1.008  loss_ce_5: 0.09035  loss_mask_5: 0.0596  loss_dice_5: 1.026  loss_ce_6: 0.09339  loss_mask_6: 0.05339  loss_dice_6: 1.084  loss_ce_7: 0.02156  loss_mask_7: 0.06796  loss_dice_7: 1.203  loss_ce_8: 0.01971  loss_mask_8: 0.05638  loss_dice_8: 1.118    time: 0.8900  last_time: 0.9036  data_time: 0.1965  last_data_time: 0.1965   lr: 2.876e-05  max_mem: 13269M
[03/18 14:28:22 d2.utils.events]:  eta: 2:37:49  iter: 9059  total_loss: 13.84  loss_ce: 0.09081  loss_mask: 0.06358  loss_dice: 1.042  loss_ce_0: 0.4066  loss_mask_0: 0.08224  loss_dice_0: 1.233  loss_ce_1: 0.1326  loss_mask_1: 0.06543  loss_dice_1: 1.191  loss_ce_2: 0.08002  loss_mask_2: 0.06118  loss_dice_2: 1.161  loss_ce_3: 0.1389  loss_mask_3: 0.06632  loss_dice_3: 1.13  loss_ce_4: 0.1791  loss_mask_4: 0.06152  loss_dice_4: 1.127  loss_ce_5: 0.1137  loss_mask_5: 0.06111  loss_dice_5: 1.107  loss_ce_6: 0.1037  loss_mask_6: 0.06582  loss_dice_6: 1.141  loss_ce_7: 0.134  loss_mask_7: 0.06292  loss_dice_7: 1.2  loss_ce_8: 0.1445  loss_mask_8: 0.06908  loss_dice_8: 1.324    time: 0.8900  last_time: 0.8534  data_time: 0.1437  last_data_time: 0.1437   lr: 2.8682e-05  max_mem: 13269M
[03/18 14:28:40 d2.utils.events]:  eta: 2:37:33  iter: 9079  total_loss: 6.856  loss_ce: 0.03115  loss_mask: 0.03191  loss_dice: 0.5567  loss_ce_0: 0.3681  loss_mask_0: 0.0436  loss_dice_0: 0.5893  loss_ce_1: 0.05325  loss_mask_1: 0.03461  loss_dice_1: 0.6275  loss_ce_2: 0.04374  loss_mask_2: 0.03153  loss_dice_2: 0.5602  loss_ce_3: 0.0403  loss_mask_3: 0.02918  loss_dice_3: 0.5245  loss_ce_4: 0.03744  loss_mask_4: 0.03366  loss_dice_4: 0.6077  loss_ce_5: 0.03392  loss_mask_5: 0.03347  loss_dice_5: 0.5833  loss_ce_6: 0.03383  loss_mask_6: 0.03113  loss_dice_6: 0.5305  loss_ce_7: 0.03282  loss_mask_7: 0.02957  loss_dice_7: 0.5554  loss_ce_8: 0.03224  loss_mask_8: 0.03241  loss_dice_8: 0.6835    time: 0.8900  last_time: 0.8973  data_time: 0.1769  last_data_time: 0.1769   lr: 2.8604e-05  max_mem: 13269M
[03/18 14:28:58 d2.utils.events]:  eta: 2:37:20  iter: 9099  total_loss: 5.272  loss_ce: 0.02531  loss_mask: 0.02119  loss_dice: 0.363  loss_ce_0: 0.1274  loss_mask_0: 0.02472  loss_dice_0: 0.408  loss_ce_1: 0.02047  loss_mask_1: 0.02571  loss_dice_1: 0.516  loss_ce_2: 0.03105  loss_mask_2: 0.02276  loss_dice_2: 0.4959  loss_ce_3: 0.03443  loss_mask_3: 0.01994  loss_dice_3: 0.5408  loss_ce_4: 0.02805  loss_mask_4: 0.02485  loss_dice_4: 0.3293  loss_ce_5: 0.02807  loss_mask_5: 0.02352  loss_dice_5: 0.6568  loss_ce_6: 0.02861  loss_mask_6: 0.02123  loss_dice_6: 0.5414  loss_ce_7: 0.02742  loss_mask_7: 0.02622  loss_dice_7: 0.3888  loss_ce_8: 0.02327  loss_mask_8: 0.02792  loss_dice_8: 0.4193    time: 0.8900  last_time: 0.8506  data_time: 0.1425  last_data_time: 0.1425   lr: 2.8526e-05  max_mem: 13269M
[03/18 14:29:16 d2.utils.events]:  eta: 2:37:02  iter: 9119  total_loss: 8.791  loss_ce: 0.02322  loss_mask: 0.05266  loss_dice: 0.7394  loss_ce_0: 0.3253  loss_mask_0: 0.07875  loss_dice_0: 0.9786  loss_ce_1: 0.09125  loss_mask_1: 0.05433  loss_dice_1: 0.802  loss_ce_2: 0.04903  loss_mask_2: 0.05938  loss_dice_2: 0.8056  loss_ce_3: 0.02995  loss_mask_3: 0.05263  loss_dice_3: 0.7591  loss_ce_4: 0.0228  loss_mask_4: 0.04814  loss_dice_4: 0.629  loss_ce_5: 0.02423  loss_mask_5: 0.05107  loss_dice_5: 0.7153  loss_ce_6: 0.026  loss_mask_6: 0.04739  loss_dice_6: 0.7105  loss_ce_7: 0.03781  loss_mask_7: 0.04431  loss_dice_7: 0.7747  loss_ce_8: 0.02341  loss_mask_8: 0.04794  loss_dice_8: 0.6871    time: 0.8900  last_time: 0.8927  data_time: 0.1747  last_data_time: 0.1747   lr: 2.8449e-05  max_mem: 13269M
[03/18 14:29:34 d2.utils.events]:  eta: 2:36:43  iter: 9139  total_loss: 15.64  loss_ce: 0.05897  loss_mask: 0.05365  loss_dice: 1.288  loss_ce_0: 0.5665  loss_mask_0: 0.1239  loss_dice_0: 1.802  loss_ce_1: 0.1483  loss_mask_1: 0.08149  loss_dice_1: 1.426  loss_ce_2: 0.143  loss_mask_2: 0.06453  loss_dice_2: 1.308  loss_ce_3: 0.07226  loss_mask_3: 0.06694  loss_dice_3: 1.371  loss_ce_4: 0.1283  loss_mask_4: 0.05407  loss_dice_4: 1.139  loss_ce_5: 0.06437  loss_mask_5: 0.05448  loss_dice_5: 1.304  loss_ce_6: 0.06285  loss_mask_6: 0.06194  loss_dice_6: 1.274  loss_ce_7: 0.06403  loss_mask_7: 0.05793  loss_dice_7: 1.378  loss_ce_8: 0.06255  loss_mask_8: 0.05718  loss_dice_8: 1.299    time: 0.8899  last_time: 0.8069  data_time: 0.1029  last_data_time: 0.1029   lr: 2.8371e-05  max_mem: 13269M
[03/18 14:29:52 d2.utils.events]:  eta: 2:36:23  iter: 9159  total_loss: 16.29  loss_ce: 0.08558  loss_mask: 0.1304  loss_dice: 1.268  loss_ce_0: 0.5574  loss_mask_0: 0.142  loss_dice_0: 1.693  loss_ce_1: 0.1104  loss_mask_1: 0.1483  loss_dice_1: 1.443  loss_ce_2: 0.1029  loss_mask_2: 0.1239  loss_dice_2: 1.186  loss_ce_3: 0.1286  loss_mask_3: 0.1073  loss_dice_3: 1.348  loss_ce_4: 0.1042  loss_mask_4: 0.1274  loss_dice_4: 1.318  loss_ce_5: 0.09794  loss_mask_5: 0.1168  loss_dice_5: 1.378  loss_ce_6: 0.07774  loss_mask_6: 0.1195  loss_dice_6: 1.393  loss_ce_7: 0.05672  loss_mask_7: 0.1216  loss_dice_7: 1.429  loss_ce_8: 0.06771  loss_mask_8: 0.1173  loss_dice_8: 1.187    time: 0.8900  last_time: 0.9235  data_time: 0.1890  last_data_time: 0.1890   lr: 2.8293e-05  max_mem: 13269M
[03/18 14:30:10 d2.utils.events]:  eta: 2:36:07  iter: 9179  total_loss: 6.811  loss_ce: 0.008441  loss_mask: 0.03787  loss_dice: 0.5997  loss_ce_0: 0.1096  loss_mask_0: 0.04813  loss_dice_0: 0.612  loss_ce_1: 0.01251  loss_mask_1: 0.0435  loss_dice_1: 0.5817  loss_ce_2: 0.01096  loss_mask_2: 0.04093  loss_dice_2: 0.6427  loss_ce_3: 0.00989  loss_mask_3: 0.04409  loss_dice_3: 0.6424  loss_ce_4: 0.009505  loss_mask_4: 0.04598  loss_dice_4: 0.6243  loss_ce_5: 0.009344  loss_mask_5: 0.0396  loss_dice_5: 0.6683  loss_ce_6: 0.009198  loss_mask_6: 0.03777  loss_dice_6: 0.5895  loss_ce_7: 0.009706  loss_mask_7: 0.04183  loss_dice_7: 0.6177  loss_ce_8: 0.009338  loss_mask_8: 0.04081  loss_dice_8: 0.6132    time: 0.8899  last_time: 0.8271  data_time: 0.1183  last_data_time: 0.1183   lr: 2.8215e-05  max_mem: 13269M
[03/18 14:30:28 d2.utils.events]:  eta: 2:35:50  iter: 9199  total_loss: 8.588  loss_ce: 0.009411  loss_mask: 0.03307  loss_dice: 0.8685  loss_ce_0: 0.2007  loss_mask_0: 0.03219  loss_dice_0: 0.9315  loss_ce_1: 0.02491  loss_mask_1: 0.02698  loss_dice_1: 0.7287  loss_ce_2: 0.01215  loss_mask_2: 0.02966  loss_dice_2: 0.747  loss_ce_3: 0.01123  loss_mask_3: 0.02643  loss_dice_3: 0.6609  loss_ce_4: 0.0112  loss_mask_4: 0.02816  loss_dice_4: 0.927  loss_ce_5: 0.01041  loss_mask_5: 0.02981  loss_dice_5: 0.7453  loss_ce_6: 0.008713  loss_mask_6: 0.0298  loss_dice_6: 0.8356  loss_ce_7: 0.009689  loss_mask_7: 0.02799  loss_dice_7: 0.7265  loss_ce_8: 0.08797  loss_mask_8: 0.02939  loss_dice_8: 0.7368    time: 0.8899  last_time: 1.0192  data_time: 0.3139  last_data_time: 0.3139   lr: 2.8137e-05  max_mem: 13269M
[03/18 14:30:46 d2.utils.events]:  eta: 2:35:36  iter: 9219  total_loss: 19.92  loss_ce: 0.04257  loss_mask: 0.256  loss_dice: 1.619  loss_ce_0: 0.1968  loss_mask_0: 0.269  loss_dice_0: 1.668  loss_ce_1: 0.07051  loss_mask_1: 0.2296  loss_dice_1: 1.721  loss_ce_2: 0.04788  loss_mask_2: 0.2173  loss_dice_2: 1.679  loss_ce_3: 0.09484  loss_mask_3: 0.2239  loss_dice_3: 1.68  loss_ce_4: 0.1112  loss_mask_4: 0.2287  loss_dice_4: 1.756  loss_ce_5: 0.05922  loss_mask_5: 0.2126  loss_dice_5: 1.734  loss_ce_6: 0.05931  loss_mask_6: 0.2262  loss_dice_6: 1.588  loss_ce_7: 0.1294  loss_mask_7: 0.2333  loss_dice_7: 1.524  loss_ce_8: 0.04319  loss_mask_8: 0.2604  loss_dice_8: 1.743    time: 0.8899  last_time: 0.8809  data_time: 0.1705  last_data_time: 0.1705   lr: 2.8059e-05  max_mem: 13269M
[03/18 14:31:04 d2.utils.events]:  eta: 2:35:22  iter: 9239  total_loss: 9.181  loss_ce: 0.03106  loss_mask: 0.02696  loss_dice: 0.6599  loss_ce_0: 0.1506  loss_mask_0: 0.03689  loss_dice_0: 1.189  loss_ce_1: 0.03318  loss_mask_1: 0.03663  loss_dice_1: 0.9409  loss_ce_2: 0.05942  loss_mask_2: 0.02413  loss_dice_2: 0.7614  loss_ce_3: 0.05408  loss_mask_3: 0.02877  loss_dice_3: 1.077  loss_ce_4: 0.03652  loss_mask_4: 0.02469  loss_dice_4: 0.9068  loss_ce_5: 0.03886  loss_mask_5: 0.02193  loss_dice_5: 0.6785  loss_ce_6: 0.03389  loss_mask_6: 0.02118  loss_dice_6: 0.6801  loss_ce_7: 0.03017  loss_mask_7: 0.023  loss_dice_7: 0.7607  loss_ce_8: 0.03286  loss_mask_8: 0.02554  loss_dice_8: 0.7572    time: 0.8899  last_time: 0.8565  data_time: 0.1469  last_data_time: 0.1469   lr: 2.7981e-05  max_mem: 13269M
[03/18 14:31:22 d2.utils.events]:  eta: 2:35:07  iter: 9259  total_loss: 8.997  loss_ce: 0.05116  loss_mask: 0.04515  loss_dice: 0.8741  loss_ce_0: 0.2241  loss_mask_0: 0.0467  loss_dice_0: 0.7659  loss_ce_1: 0.07782  loss_mask_1: 0.04814  loss_dice_1: 0.8665  loss_ce_2: 0.1218  loss_mask_2: 0.04006  loss_dice_2: 0.8175  loss_ce_3: 0.04192  loss_mask_3: 0.04221  loss_dice_3: 0.8024  loss_ce_4: 0.03492  loss_mask_4: 0.03641  loss_dice_4: 0.7643  loss_ce_5: 0.09589  loss_mask_5: 0.0387  loss_dice_5: 0.7694  loss_ce_6: 0.03693  loss_mask_6: 0.03924  loss_dice_6: 0.6148  loss_ce_7: 0.02578  loss_mask_7: 0.03918  loss_dice_7: 0.7375  loss_ce_8: 0.02706  loss_mask_8: 0.04234  loss_dice_8: 0.8289    time: 0.8899  last_time: 0.9155  data_time: 0.1706  last_data_time: 0.1706   lr: 2.7903e-05  max_mem: 13269M
[03/18 14:31:39 d2.utils.events]:  eta: 2:34:52  iter: 9279  total_loss: 6.439  loss_ce: 0.09032  loss_mask: 0.0371  loss_dice: 0.5025  loss_ce_0: 0.1568  loss_mask_0: 0.04137  loss_dice_0: 0.6074  loss_ce_1: 0.05352  loss_mask_1: 0.03845  loss_dice_1: 0.5305  loss_ce_2: 0.06141  loss_mask_2: 0.04062  loss_dice_2: 0.4475  loss_ce_3: 0.08444  loss_mask_3: 0.03691  loss_dice_3: 0.594  loss_ce_4: 0.04512  loss_mask_4: 0.04211  loss_dice_4: 0.5441  loss_ce_5: 0.03495  loss_mask_5: 0.03309  loss_dice_5: 0.5217  loss_ce_6: 0.09263  loss_mask_6: 0.03646  loss_dice_6: 0.5005  loss_ce_7: 0.03579  loss_mask_7: 0.0376  loss_dice_7: 0.5758  loss_ce_8: 0.08471  loss_mask_8: 0.03629  loss_dice_8: 0.495    time: 0.8899  last_time: 0.8915  data_time: 0.1789  last_data_time: 0.1789   lr: 2.7825e-05  max_mem: 13269M
[03/18 14:31:57 d2.utils.events]:  eta: 2:34:27  iter: 9299  total_loss: 12.77  loss_ce: 0.13  loss_mask: 0.04839  loss_dice: 1  loss_ce_0: 0.3326  loss_mask_0: 0.07074  loss_dice_0: 1.411  loss_ce_1: 0.1334  loss_mask_1: 0.0661  loss_dice_1: 1.284  loss_ce_2: 0.1373  loss_mask_2: 0.04978  loss_dice_2: 1.049  loss_ce_3: 0.1837  loss_mask_3: 0.04901  loss_dice_3: 1.134  loss_ce_4: 0.1224  loss_mask_4: 0.03952  loss_dice_4: 0.9861  loss_ce_5: 0.1068  loss_mask_5: 0.04175  loss_dice_5: 0.9156  loss_ce_6: 0.1132  loss_mask_6: 0.04174  loss_dice_6: 0.9257  loss_ce_7: 0.1439  loss_mask_7: 0.04666  loss_dice_7: 1.064  loss_ce_8: 0.1243  loss_mask_8: 0.03893  loss_dice_8: 0.9824    time: 0.8898  last_time: 0.8579  data_time: 0.1484  last_data_time: 0.1484   lr: 2.7747e-05  max_mem: 13269M
[03/18 14:32:14 d2.utils.events]:  eta: 2:34:06  iter: 9319  total_loss: 11.21  loss_ce: 0.1003  loss_mask: 0.03312  loss_dice: 0.9425  loss_ce_0: 0.2866  loss_mask_0: 0.0493  loss_dice_0: 1.434  loss_ce_1: 0.1504  loss_mask_1: 0.04751  loss_dice_1: 0.9161  loss_ce_2: 0.1247  loss_mask_2: 0.04067  loss_dice_2: 0.8341  loss_ce_3: 0.1195  loss_mask_3: 0.03395  loss_dice_3: 0.8269  loss_ce_4: 0.1522  loss_mask_4: 0.0311  loss_dice_4: 0.9489  loss_ce_5: 0.08774  loss_mask_5: 0.03844  loss_dice_5: 0.9208  loss_ce_6: 0.1046  loss_mask_6: 0.03604  loss_dice_6: 0.8791  loss_ce_7: 0.1082  loss_mask_7: 0.03523  loss_dice_7: 1.027  loss_ce_8: 0.1788  loss_mask_8: 0.03143  loss_dice_8: 0.6913    time: 0.8898  last_time: 0.8645  data_time: 0.1340  last_data_time: 0.1340   lr: 2.7669e-05  max_mem: 13269M
[03/18 14:32:33 d2.utils.events]:  eta: 2:33:52  iter: 9339  total_loss: 13.01  loss_ce: 0.09678  loss_mask: 0.05836  loss_dice: 1.028  loss_ce_0: 0.1885  loss_mask_0: 0.06659  loss_dice_0: 1.274  loss_ce_1: 0.111  loss_mask_1: 0.0839  loss_dice_1: 1.207  loss_ce_2: 0.1575  loss_mask_2: 0.06157  loss_dice_2: 1.185  loss_ce_3: 0.07628  loss_mask_3: 0.04771  loss_dice_3: 1.081  loss_ce_4: 0.1381  loss_mask_4: 0.0521  loss_dice_4: 1.047  loss_ce_5: 0.07006  loss_mask_5: 0.05821  loss_dice_5: 1.06  loss_ce_6: 0.08608  loss_mask_6: 0.06158  loss_dice_6: 1.156  loss_ce_7: 0.1258  loss_mask_7: 0.06457  loss_dice_7: 1.109  loss_ce_8: 0.06691  loss_mask_8: 0.05507  loss_dice_8: 1.137    time: 0.8898  last_time: 0.8871  data_time: 0.1599  last_data_time: 0.1599   lr: 2.7591e-05  max_mem: 13269M
[03/18 14:32:51 d2.utils.events]:  eta: 2:33:30  iter: 9359  total_loss: 8.31  loss_ce: 0.03969  loss_mask: 0.04858  loss_dice: 0.6798  loss_ce_0: 0.1837  loss_mask_0: 0.07559  loss_dice_0: 0.7399  loss_ce_1: 0.03249  loss_mask_1: 0.0466  loss_dice_1: 0.6968  loss_ce_2: 0.03401  loss_mask_2: 0.04549  loss_dice_2: 0.7429  loss_ce_3: 0.03779  loss_mask_3: 0.04736  loss_dice_3: 0.6819  loss_ce_4: 0.03905  loss_mask_4: 0.04567  loss_dice_4: 0.6745  loss_ce_5: 0.03907  loss_mask_5: 0.05781  loss_dice_5: 0.8536  loss_ce_6: 0.05144  loss_mask_6: 0.04174  loss_dice_6: 0.6934  loss_ce_7: 0.03834  loss_mask_7: 0.05696  loss_dice_7: 0.7721  loss_ce_8: 0.04203  loss_mask_8: 0.05092  loss_dice_8: 0.7203    time: 0.8898  last_time: 0.8335  data_time: 0.1187  last_data_time: 0.1187   lr: 2.7513e-05  max_mem: 13269M
[03/18 14:33:08 d2.utils.events]:  eta: 2:33:14  iter: 9379  total_loss: 6.321  loss_ce: 0.02184  loss_mask: 0.04161  loss_dice: 0.5536  loss_ce_0: 0.1981  loss_mask_0: 0.05455  loss_dice_0: 0.5579  loss_ce_1: 0.04027  loss_mask_1: 0.05742  loss_dice_1: 0.6914  loss_ce_2: 0.0272  loss_mask_2: 0.03991  loss_dice_2: 0.5806  loss_ce_3: 0.02278  loss_mask_3: 0.03925  loss_dice_3: 0.5345  loss_ce_4: 0.02093  loss_mask_4: 0.03604  loss_dice_4: 0.4897  loss_ce_5: 0.01863  loss_mask_5: 0.04076  loss_dice_5: 0.5224  loss_ce_6: 0.0196  loss_mask_6: 0.0382  loss_dice_6: 0.55  loss_ce_7: 0.02054  loss_mask_7: 0.03638  loss_dice_7: 0.4844  loss_ce_8: 0.02004  loss_mask_8: 0.04034  loss_dice_8: 0.5223    time: 0.8897  last_time: 0.9706  data_time: 0.0735  last_data_time: 0.0735   lr: 2.7435e-05  max_mem: 13269M
[03/18 14:33:26 d2.utils.events]:  eta: 2:33:06  iter: 9399  total_loss: 13.49  loss_ce: 0.04491  loss_mask: 0.06524  loss_dice: 1.121  loss_ce_0: 0.3632  loss_mask_0: 0.07025  loss_dice_0: 1.324  loss_ce_1: 0.1029  loss_mask_1: 0.06466  loss_dice_1: 1.183  loss_ce_2: 0.05566  loss_mask_2: 0.06328  loss_dice_2: 1.231  loss_ce_3: 0.04584  loss_mask_3: 0.06947  loss_dice_3: 1.183  loss_ce_4: 0.04324  loss_mask_4: 0.06297  loss_dice_4: 1.073  loss_ce_5: 0.04176  loss_mask_5: 0.06541  loss_dice_5: 1.252  loss_ce_6: 0.04018  loss_mask_6: 0.06687  loss_dice_6: 1.247  loss_ce_7: 0.04244  loss_mask_7: 0.06191  loss_dice_7: 1.115  loss_ce_8: 0.04445  loss_mask_8: 0.07008  loss_dice_8: 1.278    time: 0.8898  last_time: 1.0210  data_time: 0.2983  last_data_time: 0.2983   lr: 2.7357e-05  max_mem: 13269M
[03/18 14:33:45 d2.utils.events]:  eta: 2:32:54  iter: 9419  total_loss: 7.079  loss_ce: 0.0176  loss_mask: 0.05198  loss_dice: 0.5509  loss_ce_0: 0.2715  loss_mask_0: 0.08042  loss_dice_0: 0.6746  loss_ce_1: 0.02572  loss_mask_1: 0.04954  loss_dice_1: 0.5352  loss_ce_2: 0.02627  loss_mask_2: 0.03804  loss_dice_2: 0.5255  loss_ce_3: 0.02985  loss_mask_3: 0.04573  loss_dice_3: 0.5858  loss_ce_4: 0.02052  loss_mask_4: 0.05557  loss_dice_4: 0.58  loss_ce_5: 0.01734  loss_mask_5: 0.0511  loss_dice_5: 0.5427  loss_ce_6: 0.04677  loss_mask_6: 0.04623  loss_dice_6: 0.6885  loss_ce_7: 0.01799  loss_mask_7: 0.04534  loss_dice_7: 0.6197  loss_ce_8: 0.01724  loss_mask_8: 0.04697  loss_dice_8: 0.7746    time: 0.8898  last_time: 0.9054  data_time: 0.1936  last_data_time: 0.1936   lr: 2.7278e-05  max_mem: 13269M
[03/18 14:34:03 d2.utils.events]:  eta: 2:32:40  iter: 9439  total_loss: 11.96  loss_ce: 0.1145  loss_mask: 0.03546  loss_dice: 0.867  loss_ce_0: 0.5404  loss_mask_0: 0.04238  loss_dice_0: 1.143  loss_ce_1: 0.1518  loss_mask_1: 0.04671  loss_dice_1: 1.019  loss_ce_2: 0.2  loss_mask_2: 0.04235  loss_dice_2: 0.9791  loss_ce_3: 0.1384  loss_mask_3: 0.04084  loss_dice_3: 0.9157  loss_ce_4: 0.1447  loss_mask_4: 0.03671  loss_dice_4: 0.9553  loss_ce_5: 0.1789  loss_mask_5: 0.03569  loss_dice_5: 0.8527  loss_ce_6: 0.1318  loss_mask_6: 0.03537  loss_dice_6: 0.9078  loss_ce_7: 0.1543  loss_mask_7: 0.03986  loss_dice_7: 1.084  loss_ce_8: 0.1226  loss_mask_8: 0.03432  loss_dice_8: 0.9705    time: 0.8898  last_time: 0.9294  data_time: 0.2084  last_data_time: 0.2084   lr: 2.72e-05  max_mem: 13269M
[03/18 14:34:21 d2.utils.events]:  eta: 2:32:28  iter: 9459  total_loss: 12.17  loss_ce: 0.06685  loss_mask: 0.04016  loss_dice: 1.136  loss_ce_0: 0.341  loss_mask_0: 0.0609  loss_dice_0: 1.348  loss_ce_1: 0.09816  loss_mask_1: 0.03924  loss_dice_1: 0.8494  loss_ce_2: 0.1009  loss_mask_2: 0.04162  loss_dice_2: 1.141  loss_ce_3: 0.1256  loss_mask_3: 0.0415  loss_dice_3: 1.047  loss_ce_4: 0.1702  loss_mask_4: 0.04962  loss_dice_4: 1.164  loss_ce_5: 0.1616  loss_mask_5: 0.04252  loss_dice_5: 0.9206  loss_ce_6: 0.1572  loss_mask_6: 0.03721  loss_dice_6: 0.8302  loss_ce_7: 0.06223  loss_mask_7: 0.03533  loss_dice_7: 0.9002  loss_ce_8: 0.0901  loss_mask_8: 0.03775  loss_dice_8: 1.038    time: 0.8898  last_time: 0.8355  data_time: 0.1094  last_data_time: 0.1094   lr: 2.7122e-05  max_mem: 13269M
[03/18 14:34:38 d2.utils.events]:  eta: 2:32:07  iter: 9479  total_loss: 13.13  loss_ce: 0.04409  loss_mask: 0.03458  loss_dice: 1.098  loss_ce_0: 0.3008  loss_mask_0: 0.05457  loss_dice_0: 1.405  loss_ce_1: 0.06611  loss_mask_1: 0.04579  loss_dice_1: 1.169  loss_ce_2: 0.09637  loss_mask_2: 0.03779  loss_dice_2: 1.244  loss_ce_3: 0.0397  loss_mask_3: 0.03904  loss_dice_3: 1.175  loss_ce_4: 0.03888  loss_mask_4: 0.03551  loss_dice_4: 1.13  loss_ce_5: 0.03654  loss_mask_5: 0.03891  loss_dice_5: 1.238  loss_ce_6: 0.09777  loss_mask_6: 0.03603  loss_dice_6: 1.058  loss_ce_7: 0.03813  loss_mask_7: 0.03923  loss_dice_7: 1.278  loss_ce_8: 0.03978  loss_mask_8: 0.03512  loss_dice_8: 1.146    time: 0.8897  last_time: 0.9126  data_time: 0.1649  last_data_time: 0.1649   lr: 2.7044e-05  max_mem: 13269M
[03/18 14:34:56 d2.utils.events]:  eta: 2:31:50  iter: 9499  total_loss: 6.659  loss_ce: 0.01875  loss_mask: 0.03285  loss_dice: 0.4903  loss_ce_0: 0.3341  loss_mask_0: 0.05167  loss_dice_0: 0.6342  loss_ce_1: 0.05327  loss_mask_1: 0.03875  loss_dice_1: 0.6479  loss_ce_2: 0.04079  loss_mask_2: 0.03358  loss_dice_2: 0.5026  loss_ce_3: 0.03587  loss_mask_3: 0.03376  loss_dice_3: 0.4595  loss_ce_4: 0.03225  loss_mask_4: 0.03304  loss_dice_4: 0.5342  loss_ce_5: 0.0318  loss_mask_5: 0.03921  loss_dice_5: 0.5535  loss_ce_6: 0.02652  loss_mask_6: 0.03568  loss_dice_6: 0.5225  loss_ce_7: 0.02173  loss_mask_7: 0.03736  loss_dice_7: 0.5607  loss_ce_8: 0.09144  loss_mask_8: 0.03473  loss_dice_8: 0.6965    time: 0.8898  last_time: 0.8692  data_time: 0.1551  last_data_time: 0.1551   lr: 2.6965e-05  max_mem: 13269M
[03/18 14:35:16 d2.utils.events]:  eta: 2:31:44  iter: 9519  total_loss: 8.366  loss_ce: 0.0815  loss_mask: 0.04159  loss_dice: 0.7089  loss_ce_0: 0.1056  loss_mask_0: 0.04997  loss_dice_0: 0.9488  loss_ce_1: 0.09455  loss_mask_1: 0.04056  loss_dice_1: 0.579  loss_ce_2: 0.07545  loss_mask_2: 0.03631  loss_dice_2: 0.6104  loss_ce_3: 0.07723  loss_mask_3: 0.04097  loss_dice_3: 0.6175  loss_ce_4: 0.05245  loss_mask_4: 0.04366  loss_dice_4: 0.7934  loss_ce_5: 0.08414  loss_mask_5: 0.04485  loss_dice_5: 0.5986  loss_ce_6: 0.08386  loss_mask_6: 0.04351  loss_dice_6: 0.6532  loss_ce_7: 0.02741  loss_mask_7: 0.04608  loss_dice_7: 0.9443  loss_ce_8: 0.07066  loss_mask_8: 0.04177  loss_dice_8: 0.7293    time: 0.8899  last_time: 0.8507  data_time: 0.1292  last_data_time: 0.1292   lr: 2.6887e-05  max_mem: 13269M
[03/18 14:35:34 d2.utils.events]:  eta: 2:31:30  iter: 9539  total_loss: 9.812  loss_ce: 0.04223  loss_mask: 0.03406  loss_dice: 0.7123  loss_ce_0: 0.3171  loss_mask_0: 0.04451  loss_dice_0: 1.089  loss_ce_1: 0.1258  loss_mask_1: 0.03733  loss_dice_1: 0.8633  loss_ce_2: 0.1464  loss_mask_2: 0.03791  loss_dice_2: 0.852  loss_ce_3: 0.0599  loss_mask_3: 0.03894  loss_dice_3: 0.8088  loss_ce_4: 0.1073  loss_mask_4: 0.03437  loss_dice_4: 0.7097  loss_ce_5: 0.04025  loss_mask_5: 0.03725  loss_dice_5: 0.9136  loss_ce_6: 0.04283  loss_mask_6: 0.0397  loss_dice_6: 0.907  loss_ce_7: 0.0365  loss_mask_7: 0.03639  loss_dice_7: 0.8805  loss_ce_8: 0.04056  loss_mask_8: 0.03395  loss_dice_8: 0.7424    time: 0.8899  last_time: 0.8053  data_time: 0.0874  last_data_time: 0.0874   lr: 2.6809e-05  max_mem: 13269M
[03/18 14:35:52 d2.utils.events]:  eta: 2:31:01  iter: 9559  total_loss: 17.33  loss_ce: 0.2661  loss_mask: 0.09334  loss_dice: 1.383  loss_ce_0: 0.3783  loss_mask_0: 0.1254  loss_dice_0: 1.66  loss_ce_1: 0.2756  loss_mask_1: 0.09781  loss_dice_1: 1.331  loss_ce_2: 0.2246  loss_mask_2: 0.08836  loss_dice_2: 1.29  loss_ce_3: 0.1962  loss_mask_3: 0.08843  loss_dice_3: 1.318  loss_ce_4: 0.2075  loss_mask_4: 0.09322  loss_dice_4: 1.225  loss_ce_5: 0.221  loss_mask_5: 0.09343  loss_dice_5: 1.382  loss_ce_6: 0.3313  loss_mask_6: 0.09778  loss_dice_6: 1.664  loss_ce_7: 0.272  loss_mask_7: 0.09368  loss_dice_7: 1.295  loss_ce_8: 0.1862  loss_mask_8: 0.08311  loss_dice_8: 1.265    time: 0.8899  last_time: 0.8671  data_time: 0.1427  last_data_time: 0.1427   lr: 2.673e-05  max_mem: 13269M
[03/18 14:36:09 d2.utils.events]:  eta: 2:30:46  iter: 9579  total_loss: 14.93  loss_ce: 0.02371  loss_mask: 0.0509  loss_dice: 1.438  loss_ce_0: 0.2963  loss_mask_0: 0.03693  loss_dice_0: 1.312  loss_ce_1: 0.05095  loss_mask_1: 0.05218  loss_dice_1: 1.647  loss_ce_2: 0.02306  loss_mask_2: 0.04228  loss_dice_2: 1.416  loss_ce_3: 0.02628  loss_mask_3: 0.04282  loss_dice_3: 1.317  loss_ce_4: 0.02737  loss_mask_4: 0.05252  loss_dice_4: 1.548  loss_ce_5: 0.02427  loss_mask_5: 0.0428  loss_dice_5: 1.197  loss_ce_6: 0.02754  loss_mask_6: 0.04959  loss_dice_6: 1.343  loss_ce_7: 0.02701  loss_mask_7: 0.04498  loss_dice_7: 1.247  loss_ce_8: 0.02483  loss_mask_8: 0.04658  loss_dice_8: 1.448    time: 0.8899  last_time: 1.0273  data_time: 0.3148  last_data_time: 0.3148   lr: 2.6652e-05  max_mem: 13269M
[03/18 14:36:28 d2.utils.events]:  eta: 2:30:35  iter: 9599  total_loss: 7.527  loss_ce: 0.01704  loss_mask: 0.03321  loss_dice: 0.7708  loss_ce_0: 0.1357  loss_mask_0: 0.0367  loss_dice_0: 0.8045  loss_ce_1: 0.0195  loss_mask_1: 0.03524  loss_dice_1: 0.6899  loss_ce_2: 0.01562  loss_mask_2: 0.02584  loss_dice_2: 0.5936  loss_ce_3: 0.01885  loss_mask_3: 0.03448  loss_dice_3: 0.6416  loss_ce_4: 0.01642  loss_mask_4: 0.03522  loss_dice_4: 0.6256  loss_ce_5: 0.01577  loss_mask_5: 0.03531  loss_dice_5: 0.799  loss_ce_6: 0.01716  loss_mask_6: 0.03067  loss_dice_6: 0.6035  loss_ce_7: 0.01725  loss_mask_7: 0.03425  loss_dice_7: 0.7239  loss_ce_8: 0.01597  loss_mask_8: 0.02916  loss_dice_8: 0.6556    time: 0.8899  last_time: 0.9276  data_time: 0.2336  last_data_time: 0.2336   lr: 2.6574e-05  max_mem: 13269M
[03/18 14:36:45 d2.utils.events]:  eta: 2:30:17  iter: 9619  total_loss: 13.01  loss_ce: 0.08887  loss_mask: 0.04739  loss_dice: 1.126  loss_ce_0: 0.1487  loss_mask_0: 0.06618  loss_dice_0: 1.216  loss_ce_1: 0.151  loss_mask_1: 0.05028  loss_dice_1: 1.028  loss_ce_2: 0.0814  loss_mask_2: 0.05093  loss_dice_2: 1.232  loss_ce_3: 0.09411  loss_mask_3: 0.05697  loss_dice_3: 1.185  loss_ce_4: 0.0942  loss_mask_4: 0.06099  loss_dice_4: 1.215  loss_ce_5: 0.08277  loss_mask_5: 0.05151  loss_dice_5: 1.063  loss_ce_6: 0.06972  loss_mask_6: 0.04755  loss_dice_6: 1.18  loss_ce_7: 0.07866  loss_mask_7: 0.05459  loss_dice_7: 1.12  loss_ce_8: 0.07588  loss_mask_8: 0.04903  loss_dice_8: 1.141    time: 0.8898  last_time: 0.8834  data_time: 0.1644  last_data_time: 0.1644   lr: 2.6495e-05  max_mem: 13269M
[03/18 14:37:03 d2.utils.events]:  eta: 2:29:54  iter: 9639  total_loss: 13.59  loss_ce: 0.06165  loss_mask: 0.03277  loss_dice: 1.153  loss_ce_0: 0.5125  loss_mask_0: 0.05796  loss_dice_0: 1.333  loss_ce_1: 0.1387  loss_mask_1: 0.03746  loss_dice_1: 1.297  loss_ce_2: 0.136  loss_mask_2: 0.03648  loss_dice_2: 1.094  loss_ce_3: 0.1237  loss_mask_3: 0.03288  loss_dice_3: 1.172  loss_ce_4: 0.06181  loss_mask_4: 0.04233  loss_dice_4: 1.26  loss_ce_5: 0.0886  loss_mask_5: 0.0406  loss_dice_5: 1.243  loss_ce_6: 0.07352  loss_mask_6: 0.0308  loss_dice_6: 1.117  loss_ce_7: 0.0689  loss_mask_7: 0.0372  loss_dice_7: 1.079  loss_ce_8: 0.06816  loss_mask_8: 0.03203  loss_dice_8: 1.124    time: 0.8898  last_time: 1.2226  data_time: 0.5054  last_data_time: 0.5054   lr: 2.6417e-05  max_mem: 13269M
[03/18 14:37:21 d2.utils.events]:  eta: 2:29:36  iter: 9659  total_loss: 15.48  loss_ce: 0.07371  loss_mask: 0.06868  loss_dice: 1.214  loss_ce_0: 0.4986  loss_mask_0: 0.0738  loss_dice_0: 1.483  loss_ce_1: 0.08636  loss_mask_1: 0.07231  loss_dice_1: 1.459  loss_ce_2: 0.07687  loss_mask_2: 0.06771  loss_dice_2: 1.435  loss_ce_3: 0.03977  loss_mask_3: 0.06985  loss_dice_3: 1.391  loss_ce_4: 0.07225  loss_mask_4: 0.06864  loss_dice_4: 1.274  loss_ce_5: 0.07624  loss_mask_5: 0.07412  loss_dice_5: 1.463  loss_ce_6: 0.06988  loss_mask_6: 0.07182  loss_dice_6: 1.358  loss_ce_7: 0.04838  loss_mask_7: 0.07366  loss_dice_7: 1.362  loss_ce_8: 0.09406  loss_mask_8: 0.06024  loss_dice_8: 1.209    time: 0.8898  last_time: 0.9205  data_time: 0.2042  last_data_time: 0.2042   lr: 2.6338e-05  max_mem: 13269M
[03/18 14:37:39 d2.utils.events]:  eta: 2:29:15  iter: 9679  total_loss: 12.69  loss_ce: 0.1348  loss_mask: 0.03978  loss_dice: 1.196  loss_ce_0: 0.3423  loss_mask_0: 0.06488  loss_dice_0: 1.298  loss_ce_1: 0.2271  loss_mask_1: 0.03305  loss_dice_1: 1.13  loss_ce_2: 0.176  loss_mask_2: 0.03185  loss_dice_2: 0.8608  loss_ce_3: 0.1545  loss_mask_3: 0.03858  loss_dice_3: 1.04  loss_ce_4: 0.09072  loss_mask_4: 0.03984  loss_dice_4: 1.017  loss_ce_5: 0.1027  loss_mask_5: 0.03765  loss_dice_5: 1.209  loss_ce_6: 0.125  loss_mask_6: 0.03877  loss_dice_6: 1.096  loss_ce_7: 0.08326  loss_mask_7: 0.0378  loss_dice_7: 1.052  loss_ce_8: 0.0839  loss_mask_8: 0.0304  loss_dice_8: 0.8809    time: 0.8899  last_time: 1.6599  data_time: 0.8816  last_data_time: 0.8816   lr: 2.626e-05  max_mem: 13269M
[03/18 14:37:57 d2.utils.events]:  eta: 2:28:54  iter: 9699  total_loss: 7.437  loss_ce: 0.01378  loss_mask: 0.02793  loss_dice: 0.7102  loss_ce_0: 0.1062  loss_mask_0: 0.02584  loss_dice_0: 0.6455  loss_ce_1: 0.02149  loss_mask_1: 0.0309  loss_dice_1: 0.6513  loss_ce_2: 0.08155  loss_mask_2: 0.02682  loss_dice_2: 0.9006  loss_ce_3: 0.01457  loss_mask_3: 0.02703  loss_dice_3: 0.6452  loss_ce_4: 0.01605  loss_mask_4: 0.02598  loss_dice_4: 0.691  loss_ce_5: 0.01625  loss_mask_5: 0.02425  loss_dice_5: 0.6292  loss_ce_6: 0.0153  loss_mask_6: 0.0252  loss_dice_6: 0.664  loss_ce_7: 0.01678  loss_mask_7: 0.02537  loss_dice_7: 0.6152  loss_ce_8: 0.01605  loss_mask_8: 0.03123  loss_dice_8: 0.6964    time: 0.8899  last_time: 0.8683  data_time: 0.1586  last_data_time: 0.1586   lr: 2.6182e-05  max_mem: 13269M
[03/18 14:38:15 d2.utils.events]:  eta: 2:28:24  iter: 9719  total_loss: 9.172  loss_ce: 0.01258  loss_mask: 0.04358  loss_dice: 0.7997  loss_ce_0: 0.1035  loss_mask_0: 0.05281  loss_dice_0: 0.7725  loss_ce_1: 0.02097  loss_mask_1: 0.04981  loss_dice_1: 0.8214  loss_ce_2: 0.02139  loss_mask_2: 0.0528  loss_dice_2: 0.8324  loss_ce_3: 0.01125  loss_mask_3: 0.05833  loss_dice_3: 0.8884  loss_ce_4: 0.01139  loss_mask_4: 0.05363  loss_dice_4: 0.8454  loss_ce_5: 0.01525  loss_mask_5: 0.05376  loss_dice_5: 0.9594  loss_ce_6: 0.01579  loss_mask_6: 0.05684  loss_dice_6: 0.8178  loss_ce_7: 0.0152  loss_mask_7: 0.05499  loss_dice_7: 0.8257  loss_ce_8: 0.01421  loss_mask_8: 0.04927  loss_dice_8: 0.842    time: 0.8898  last_time: 0.8838  data_time: 0.1502  last_data_time: 0.1502   lr: 2.6103e-05  max_mem: 13269M
[03/18 14:38:33 d2.utils.events]:  eta: 2:28:03  iter: 9739  total_loss: 14.36  loss_ce: 0.1434  loss_mask: 0.064  loss_dice: 1.11  loss_ce_0: 0.365  loss_mask_0: 0.09042  loss_dice_0: 1.39  loss_ce_1: 0.2656  loss_mask_1: 0.07486  loss_dice_1: 1.177  loss_ce_2: 0.1321  loss_mask_2: 0.06431  loss_dice_2: 1.177  loss_ce_3: 0.1946  loss_mask_3: 0.06262  loss_dice_3: 1.127  loss_ce_4: 0.1066  loss_mask_4: 0.06636  loss_dice_4: 1.14  loss_ce_5: 0.1042  loss_mask_5: 0.06096  loss_dice_5: 1.033  loss_ce_6: 0.08547  loss_mask_6: 0.07062  loss_dice_6: 1.177  loss_ce_7: 0.07907  loss_mask_7: 0.06701  loss_dice_7: 1.289  loss_ce_8: 0.1326  loss_mask_8: 0.07131  loss_dice_8: 1.437    time: 0.8898  last_time: 0.8538  data_time: 0.1315  last_data_time: 0.1315   lr: 2.6025e-05  max_mem: 13269M
[03/18 14:38:51 d2.utils.events]:  eta: 2:27:39  iter: 9759  total_loss: 7.739  loss_ce: 0.006534  loss_mask: 0.02485  loss_dice: 0.5854  loss_ce_0: 0.1817  loss_mask_0: 0.02107  loss_dice_0: 0.6463  loss_ce_1: 0.03664  loss_mask_1: 0.03226  loss_dice_1: 0.7939  loss_ce_2: 0.02207  loss_mask_2: 0.02293  loss_dice_2: 0.5158  loss_ce_3: 0.03427  loss_mask_3: 0.02578  loss_dice_3: 0.6842  loss_ce_4: 0.01019  loss_mask_4: 0.02688  loss_dice_4: 0.8611  loss_ce_5: 0.00778  loss_mask_5: 0.02544  loss_dice_5: 0.7201  loss_ce_6: 0.006944  loss_mask_6: 0.03257  loss_dice_6: 0.8075  loss_ce_7: 0.007614  loss_mask_7: 0.02468  loss_dice_7: 0.6653  loss_ce_8: 0.006165  loss_mask_8: 0.02644  loss_dice_8: 0.8767    time: 0.8898  last_time: 0.9341  data_time: 0.2315  last_data_time: 0.2315   lr: 2.5946e-05  max_mem: 13269M
[03/18 14:39:09 d2.utils.events]:  eta: 2:27:25  iter: 9779  total_loss: 9.101  loss_ce: 0.07124  loss_mask: 0.0433  loss_dice: 0.8985  loss_ce_0: 0.2883  loss_mask_0: 0.06395  loss_dice_0: 0.9382  loss_ce_1: 0.07114  loss_mask_1: 0.04496  loss_dice_1: 0.7586  loss_ce_2: 0.0689  loss_mask_2: 0.04365  loss_dice_2: 0.9622  loss_ce_3: 0.04173  loss_mask_3: 0.04572  loss_dice_3: 0.7127  loss_ce_4: 0.03547  loss_mask_4: 0.04496  loss_dice_4: 0.7521  loss_ce_5: 0.03135  loss_mask_5: 0.04495  loss_dice_5: 0.7733  loss_ce_6: 0.03799  loss_mask_6: 0.04289  loss_dice_6: 0.6954  loss_ce_7: 0.04089  loss_mask_7: 0.04363  loss_dice_7: 0.7185  loss_ce_8: 0.03463  loss_mask_8: 0.04353  loss_dice_8: 0.7088    time: 0.8898  last_time: 0.9514  data_time: 0.1754  last_data_time: 0.1754   lr: 2.5868e-05  max_mem: 13269M
[03/18 14:39:28 d2.utils.events]:  eta: 2:27:06  iter: 9799  total_loss: 9.344  loss_ce: 0.03279  loss_mask: 0.04368  loss_dice: 0.8524  loss_ce_0: 0.3151  loss_mask_0: 0.05179  loss_dice_0: 0.9061  loss_ce_1: 0.04451  loss_mask_1: 0.05059  loss_dice_1: 0.9204  loss_ce_2: 0.1097  loss_mask_2: 0.03794  loss_dice_2: 0.6463  loss_ce_3: 0.03615  loss_mask_3: 0.04159  loss_dice_3: 0.8421  loss_ce_4: 0.03067  loss_mask_4: 0.04247  loss_dice_4: 0.872  loss_ce_5: 0.02919  loss_mask_5: 0.04347  loss_dice_5: 0.781  loss_ce_6: 0.03137  loss_mask_6: 0.03975  loss_dice_6: 0.7991  loss_ce_7: 0.03196  loss_mask_7: 0.03868  loss_dice_7: 0.7834  loss_ce_8: 0.03279  loss_mask_8: 0.04042  loss_dice_8: 0.8169    time: 0.8899  last_time: 0.9392  data_time: 0.2083  last_data_time: 0.2083   lr: 2.5789e-05  max_mem: 13269M
[03/18 14:39:46 d2.utils.events]:  eta: 2:26:47  iter: 9819  total_loss: 8.791  loss_ce: 0.09653  loss_mask: 0.02933  loss_dice: 0.7417  loss_ce_0: 0.1553  loss_mask_0: 0.04212  loss_dice_0: 0.811  loss_ce_1: 0.07562  loss_mask_1: 0.03272  loss_dice_1: 0.6743  loss_ce_2: 0.03276  loss_mask_2: 0.034  loss_dice_2: 0.8322  loss_ce_3: 0.08318  loss_mask_3: 0.03578  loss_dice_3: 0.9507  loss_ce_4: 0.03297  loss_mask_4: 0.03277  loss_dice_4: 0.7831  loss_ce_5: 0.0304  loss_mask_5: 0.03454  loss_dice_5: 0.8339  loss_ce_6: 0.02515  loss_mask_6: 0.03374  loss_dice_6: 0.6545  loss_ce_7: 0.02491  loss_mask_7: 0.0314  loss_dice_7: 0.7051  loss_ce_8: 0.02613  loss_mask_8: 0.03719  loss_dice_8: 0.8778    time: 0.8899  last_time: 0.8227  data_time: 0.1119  last_data_time: 0.1119   lr: 2.5711e-05  max_mem: 13269M
[03/18 14:40:04 d2.utils.events]:  eta: 2:26:32  iter: 9839  total_loss: 6.693  loss_ce: 0.02057  loss_mask: 0.04035  loss_dice: 0.5446  loss_ce_0: 0.1853  loss_mask_0: 0.07859  loss_dice_0: 0.8792  loss_ce_1: 0.03281  loss_mask_1: 0.03803  loss_dice_1: 0.4814  loss_ce_2: 0.03454  loss_mask_2: 0.03938  loss_dice_2: 0.4907  loss_ce_3: 0.02926  loss_mask_3: 0.04271  loss_dice_3: 0.5727  loss_ce_4: 0.07009  loss_mask_4: 0.04197  loss_dice_4: 0.6938  loss_ce_5: 0.02767  loss_mask_5: 0.03926  loss_dice_5: 0.6043  loss_ce_6: 0.02542  loss_mask_6: 0.03995  loss_dice_6: 0.4797  loss_ce_7: 0.02374  loss_mask_7: 0.04035  loss_dice_7: 0.5371  loss_ce_8: 0.02132  loss_mask_8: 0.03859  loss_dice_8: 0.5    time: 0.8900  last_time: 0.9162  data_time: 0.1829  last_data_time: 0.1829   lr: 2.5632e-05  max_mem: 13269M
[03/18 14:40:23 d2.utils.events]:  eta: 2:26:17  iter: 9859  total_loss: 8.79  loss_ce: 0.09707  loss_mask: 0.02778  loss_dice: 0.7546  loss_ce_0: 0.1101  loss_mask_0: 0.0386  loss_dice_0: 1.017  loss_ce_1: 0.1502  loss_mask_1: 0.02831  loss_dice_1: 0.6237  loss_ce_2: 0.1611  loss_mask_2: 0.02842  loss_dice_2: 0.5972  loss_ce_3: 0.1426  loss_mask_3: 0.02747  loss_dice_3: 0.775  loss_ce_4: 0.09753  loss_mask_4: 0.0272  loss_dice_4: 1.043  loss_ce_5: 0.0958  loss_mask_5: 0.02767  loss_dice_5: 0.7267  loss_ce_6: 0.1686  loss_mask_6: 0.02587  loss_dice_6: 0.3872  loss_ce_7: 0.1378  loss_mask_7: 0.02493  loss_dice_7: 0.7848  loss_ce_8: 0.1454  loss_mask_8: 0.02806  loss_dice_8: 0.4912    time: 0.8900  last_time: 0.8739  data_time: 0.1471  last_data_time: 0.1471   lr: 2.5554e-05  max_mem: 13269M
[03/18 14:40:41 d2.utils.events]:  eta: 2:26:02  iter: 9879  total_loss: 14.08  loss_ce: 0.2117  loss_mask: 0.01693  loss_dice: 1.049  loss_ce_0: 0.2385  loss_mask_0: 0.03827  loss_dice_0: 1.483  loss_ce_1: 0.2041  loss_mask_1: 0.02345  loss_dice_1: 1.366  loss_ce_2: 0.1639  loss_mask_2: 0.02372  loss_dice_2: 1.208  loss_ce_3: 0.223  loss_mask_3: 0.02105  loss_dice_3: 1.337  loss_ce_4: 0.2267  loss_mask_4: 0.02119  loss_dice_4: 1.049  loss_ce_5: 0.1467  loss_mask_5: 0.02353  loss_dice_5: 1.13  loss_ce_6: 0.1516  loss_mask_6: 0.02343  loss_dice_6: 1.216  loss_ce_7: 0.1368  loss_mask_7: 0.01967  loss_dice_7: 1.01  loss_ce_8: 0.1969  loss_mask_8: 0.01936  loss_dice_8: 1.101    time: 0.8901  last_time: 0.8290  data_time: 0.1062  last_data_time: 0.1062   lr: 2.5475e-05  max_mem: 13269M
[03/18 14:40:59 d2.utils.events]:  eta: 2:25:48  iter: 9899  total_loss: 14.59  loss_ce: 0.02438  loss_mask: 0.05227  loss_dice: 1.385  loss_ce_0: 0.2154  loss_mask_0: 0.05939  loss_dice_0: 1.514  loss_ce_1: 0.06185  loss_mask_1: 0.04966  loss_dice_1: 1.363  loss_ce_2: 0.0697  loss_mask_2: 0.0626  loss_dice_2: 1.454  loss_ce_3: 0.03017  loss_mask_3: 0.05841  loss_dice_3: 1.267  loss_ce_4: 0.08365  loss_mask_4: 0.05576  loss_dice_4: 1.205  loss_ce_5: 0.02631  loss_mask_5: 0.06235  loss_dice_5: 1.363  loss_ce_6: 0.07906  loss_mask_6: 0.04714  loss_dice_6: 1.137  loss_ce_7: 0.02639  loss_mask_7: 0.0514  loss_dice_7: 1.296  loss_ce_8: 0.0734  loss_mask_8: 0.05989  loss_dice_8: 1.355    time: 0.8901  last_time: 0.8643  data_time: 0.1636  last_data_time: 0.1636   lr: 2.5397e-05  max_mem: 13269M
[03/18 14:41:17 d2.utils.events]:  eta: 2:25:22  iter: 9919  total_loss: 17.43  loss_ce: 0.1162  loss_mask: 0.08178  loss_dice: 1.437  loss_ce_0: 0.8784  loss_mask_0: 0.11  loss_dice_0: 1.629  loss_ce_1: 0.2164  loss_mask_1: 0.104  loss_dice_1: 1.588  loss_ce_2: 0.1453  loss_mask_2: 0.09879  loss_dice_2: 1.459  loss_ce_3: 0.1282  loss_mask_3: 0.07031  loss_dice_3: 1.3  loss_ce_4: 0.134  loss_mask_4: 0.0783  loss_dice_4: 1.358  loss_ce_5: 0.05854  loss_mask_5: 0.07713  loss_dice_5: 1.512  loss_ce_6: 0.1285  loss_mask_6: 0.08021  loss_dice_6: 1.519  loss_ce_7: 0.1286  loss_mask_7: 0.07815  loss_dice_7: 1.41  loss_ce_8: 0.09194  loss_mask_8: 0.07879  loss_dice_8: 1.336    time: 0.8900  last_time: 0.8906  data_time: 0.1744  last_data_time: 0.1744   lr: 2.5318e-05  max_mem: 13269M
[03/18 14:41:34 d2.utils.events]:  eta: 2:24:55  iter: 9939  total_loss: 10.29  loss_ce: 0.03857  loss_mask: 0.04617  loss_dice: 0.831  loss_ce_0: 0.1538  loss_mask_0: 0.05526  loss_dice_0: 1.093  loss_ce_1: 0.04803  loss_mask_1: 0.05531  loss_dice_1: 0.8109  loss_ce_2: 0.04738  loss_mask_2: 0.04056  loss_dice_2: 0.6633  loss_ce_3: 0.04204  loss_mask_3: 0.05077  loss_dice_3: 0.807  loss_ce_4: 0.0354  loss_mask_4: 0.05206  loss_dice_4: 1.076  loss_ce_5: 0.03463  loss_mask_5: 0.05775  loss_dice_5: 1.262  loss_ce_6: 0.03849  loss_mask_6: 0.04449  loss_dice_6: 0.6147  loss_ce_7: 0.03996  loss_mask_7: 0.0495  loss_dice_7: 1.072  loss_ce_8: 0.03807  loss_mask_8: 0.04808  loss_dice_8: 1.046    time: 0.8899  last_time: 0.9177  data_time: 0.2184  last_data_time: 0.2184   lr: 2.524e-05  max_mem: 13269M
[03/18 14:41:52 d2.utils.events]:  eta: 2:24:34  iter: 9959  total_loss: 5.777  loss_ce: 0.01201  loss_mask: 0.03636  loss_dice: 0.5488  loss_ce_0: 0.2667  loss_mask_0: 0.0462  loss_dice_0: 0.5905  loss_ce_1: 0.04529  loss_mask_1: 0.03419  loss_dice_1: 0.5009  loss_ce_2: 0.01717  loss_mask_2: 0.03571  loss_dice_2: 0.4685  loss_ce_3: 0.01628  loss_mask_3: 0.03609  loss_dice_3: 0.4597  loss_ce_4: 0.01092  loss_mask_4: 0.03669  loss_dice_4: 0.4869  loss_ce_5: 0.01077  loss_mask_5: 0.03434  loss_dice_5: 0.482  loss_ce_6: 0.01165  loss_mask_6: 0.03763  loss_dice_6: 0.5073  loss_ce_7: 0.01052  loss_mask_7: 0.03476  loss_dice_7: 0.4619  loss_ce_8: 0.01141  loss_mask_8: 0.03658  loss_dice_8: 0.4889    time: 0.8899  last_time: 0.8664  data_time: 0.1561  last_data_time: 0.1561   lr: 2.5161e-05  max_mem: 13269M
[03/18 14:42:11 d2.utils.events]:  eta: 2:24:16  iter: 9979  total_loss: 7.115  loss_ce: 0.02929  loss_mask: 0.05064  loss_dice: 0.8558  loss_ce_0: 0.1557  loss_mask_0: 0.05714  loss_dice_0: 0.7653  loss_ce_1: 0.09509  loss_mask_1: 0.04918  loss_dice_1: 0.6971  loss_ce_2: 0.04662  loss_mask_2: 0.04297  loss_dice_2: 0.5402  loss_ce_3: 0.05437  loss_mask_3: 0.04478  loss_dice_3: 0.5853  loss_ce_4: 0.05047  loss_mask_4: 0.04833  loss_dice_4: 0.7909  loss_ce_5: 0.04161  loss_mask_5: 0.04405  loss_dice_5: 0.4099  loss_ce_6: 0.04791  loss_mask_6: 0.04373  loss_dice_6: 0.3742  loss_ce_7: 0.04475  loss_mask_7: 0.04386  loss_dice_7: 0.3531  loss_ce_8: 0.08918  loss_mask_8: 0.04676  loss_dice_8: 0.6167    time: 0.8900  last_time: 0.8170  data_time: 0.1201  last_data_time: 0.1201   lr: 2.5082e-05  max_mem: 13269M
[03/18 14:42:29 fvcore.common.checkpoint]: Saving checkpoint to /mnt/data/mis2025/group_6/Parameter/trained_para/graphene_mid_finetune_unfreeze_2stages/model_0009999.pth
[03/18 14:42:30 d2.utils.events]:  eta: 2:24:01  iter: 9999  total_loss: 8.425  loss_ce: 0.01111  loss_mask: 0.04329  loss_dice: 0.7512  loss_ce_0: 0.1027  loss_mask_0: 0.06178  loss_dice_0: 0.9029  loss_ce_1: 0.03309  loss_mask_1: 0.04733  loss_dice_1: 0.751  loss_ce_2: 0.02514  loss_mask_2: 0.05159  loss_dice_2: 0.8305  loss_ce_3: 0.01061  loss_mask_3: 0.03918  loss_dice_3: 0.7347  loss_ce_4: 0.01271  loss_mask_4: 0.04024  loss_dice_4: 0.6808  loss_ce_5: 0.01046  loss_mask_5: 0.05202  loss_dice_5: 0.7035  loss_ce_6: 0.01054  loss_mask_6: 0.04806  loss_dice_6: 0.7658  loss_ce_7: 0.01157  loss_mask_7: 0.05126  loss_dice_7: 0.8081  loss_ce_8: 0.01153  loss_mask_8: 0.04895  loss_dice_8: 0.7738    time: 0.8900  last_time: 0.8653  data_time: 0.1605  last_data_time: 0.1605   lr: 2.5004e-05  max_mem: 13269M
[03/18 14:42:48 d2.utils.events]:  eta: 2:23:43  iter: 10019  total_loss: 10.67  loss_ce: 0.02528  loss_mask: 0.03754  loss_dice: 0.9452  loss_ce_0: 0.33  loss_mask_0: 0.03266  loss_dice_0: 1.003  loss_ce_1: 0.1402  loss_mask_1: 0.03002  loss_dice_1: 0.9114  loss_ce_2: 0.03645  loss_mask_2: 0.03993  loss_dice_2: 0.9139  loss_ce_3: 0.02762  loss_mask_3: 0.04117  loss_dice_3: 0.9029  loss_ce_4: 0.02788  loss_mask_4: 0.04516  loss_dice_4: 0.904  loss_ce_5: 0.02857  loss_mask_5: 0.04492  loss_dice_5: 1.106  loss_ce_6: 0.02944  loss_mask_6: 0.03966  loss_dice_6: 0.911  loss_ce_7: 0.03027  loss_mask_7: 0.04364  loss_dice_7: 1.016  loss_ce_8: 0.02668  loss_mask_8: 0.037  loss_dice_8: 0.9593    time: 0.8900  last_time: 0.8905  data_time: 0.1799  last_data_time: 0.1799   lr: 2.4925e-05  max_mem: 13269M
[03/18 14:43:06 d2.utils.events]:  eta: 2:23:25  iter: 10039  total_loss: 3.574  loss_ce: 0.01255  loss_mask: 0.03  loss_dice: 0.3734  loss_ce_0: 0.107  loss_mask_0: 0.05083  loss_dice_0: 0.3575  loss_ce_1: 0.01923  loss_mask_1: 0.02946  loss_dice_1: 0.2756  loss_ce_2: 0.01478  loss_mask_2: 0.03007  loss_dice_2: 0.2586  loss_ce_3: 0.01489  loss_mask_3: 0.03531  loss_dice_3: 0.3241  loss_ce_4: 0.01383  loss_mask_4: 0.02617  loss_dice_4: 0.2501  loss_ce_5: 0.01385  loss_mask_5: 0.03108  loss_dice_5: 0.275  loss_ce_6: 0.01333  loss_mask_6: 0.03295  loss_dice_6: 0.3244  loss_ce_7: 0.0125  loss_mask_7: 0.02936  loss_dice_7: 0.2263  loss_ce_8: 0.01191  loss_mask_8: 0.03377  loss_dice_8: 0.3463    time: 0.8900  last_time: 0.8572  data_time: 0.1537  last_data_time: 0.1537   lr: 2.4847e-05  max_mem: 13269M
[03/18 14:43:24 d2.utils.events]:  eta: 2:23:09  iter: 10059  total_loss: 12.49  loss_ce: 0.04265  loss_mask: 0.03528  loss_dice: 0.9622  loss_ce_0: 0.515  loss_mask_0: 0.05844  loss_dice_0: 1.309  loss_ce_1: 0.1296  loss_mask_1: 0.06318  loss_dice_1: 1.021  loss_ce_2: 0.1264  loss_mask_2: 0.04131  loss_dice_2: 1.21  loss_ce_3: 0.1128  loss_mask_3: 0.05565  loss_dice_3: 1.257  loss_ce_4: 0.07468  loss_mask_4: 0.03198  loss_dice_4: 0.9489  loss_ce_5: 0.07223  loss_mask_5: 0.03606  loss_dice_5: 0.973  loss_ce_6: 0.05911  loss_mask_6: 0.04311  loss_dice_6: 1.067  loss_ce_7: 0.06604  loss_mask_7: 0.0331  loss_dice_7: 1.091  loss_ce_8: 0.04589  loss_mask_8: 0.03737  loss_dice_8: 0.9753    time: 0.8900  last_time: 0.8572  data_time: 0.1250  last_data_time: 0.1250   lr: 2.4768e-05  max_mem: 13269M
[03/18 14:43:43 d2.utils.events]:  eta: 2:22:56  iter: 10079  total_loss: 14.37  loss_ce: 0.1332  loss_mask: 0.04903  loss_dice: 1.076  loss_ce_0: 0.2696  loss_mask_0: 0.0568  loss_dice_0: 1.406  loss_ce_1: 0.1459  loss_mask_1: 0.06856  loss_dice_1: 1.36  loss_ce_2: 0.03454  loss_mask_2: 0.05952  loss_dice_2: 1.437  loss_ce_3: 0.1448  loss_mask_3: 0.05763  loss_dice_3: 1.181  loss_ce_4: 0.2051  loss_mask_4: 0.05628  loss_dice_4: 0.9901  loss_ce_5: 0.1915  loss_mask_5: 0.0583  loss_dice_5: 1.181  loss_ce_6: 0.04479  loss_mask_6: 0.05851  loss_dice_6: 1.335  loss_ce_7: 0.1998  loss_mask_7: 0.05116  loss_dice_7: 1.025  loss_ce_8: 0.04393  loss_mask_8: 0.06292  loss_dice_8: 1.391    time: 0.8901  last_time: 0.9064  data_time: 0.1934  last_data_time: 0.1934   lr: 2.469e-05  max_mem: 13269M
[03/18 14:44:01 d2.utils.events]:  eta: 2:22:33  iter: 10099  total_loss: 9.441  loss_ce: 0.004066  loss_mask: 0.05474  loss_dice: 0.8644  loss_ce_0: 0.1274  loss_mask_0: 0.06407  loss_dice_0: 0.8903  loss_ce_1: 0.01101  loss_mask_1: 0.05466  loss_dice_1: 0.8954  loss_ce_2: 0.006517  loss_mask_2: 0.05682  loss_dice_2: 0.8266  loss_ce_3: 0.004508  loss_mask_3: 0.06097  loss_dice_3: 0.8051  loss_ce_4: 0.004456  loss_mask_4: 0.0543  loss_dice_4: 0.8077  loss_ce_5: 0.004399  loss_mask_5: 0.05917  loss_dice_5: 0.904  loss_ce_6: 0.004029  loss_mask_6: 0.06178  loss_dice_6: 0.8255  loss_ce_7: 0.003972  loss_mask_7: 0.058  loss_dice_7: 0.9412  loss_ce_8: 0.004132  loss_mask_8: 0.06586  loss_dice_8: 0.9159    time: 0.8901  last_time: 0.9387  data_time: 0.2351  last_data_time: 0.2351   lr: 2.4611e-05  max_mem: 13269M
[03/18 14:44:19 d2.utils.events]:  eta: 2:22:17  iter: 10119  total_loss: 17.04  loss_ce: 0.08763  loss_mask: 0.05961  loss_dice: 1.441  loss_ce_0: 0.362  loss_mask_0: 0.07965  loss_dice_0: 1.597  loss_ce_1: 0.07383  loss_mask_1: 0.08167  loss_dice_1: 1.506  loss_ce_2: 0.05713  loss_mask_2: 0.06481  loss_dice_2: 1.503  loss_ce_3: 0.0499  loss_mask_3: 0.08711  loss_dice_3: 1.428  loss_ce_4: 0.05461  loss_mask_4: 0.07929  loss_dice_4: 1.509  loss_ce_5: 0.05209  loss_mask_5: 0.0852  loss_dice_5: 1.598  loss_ce_6: 0.04886  loss_mask_6: 0.08056  loss_dice_6: 1.742  loss_ce_7: 0.09934  loss_mask_7: 0.06507  loss_dice_7: 1.503  loss_ce_8: 0.08668  loss_mask_8: 0.05908  loss_dice_8: 1.501    time: 0.8901  last_time: 0.9043  data_time: 0.1297  last_data_time: 0.1297   lr: 2.4533e-05  max_mem: 13269M
[03/18 14:44:37 d2.utils.events]:  eta: 2:21:58  iter: 10139  total_loss: 10.73  loss_ce: 0.007769  loss_mask: 0.05316  loss_dice: 0.9684  loss_ce_0: 0.1778  loss_mask_0: 0.05426  loss_dice_0: 1.094  loss_ce_1: 0.02254  loss_mask_1: 0.05079  loss_dice_1: 0.9869  loss_ce_2: 0.0188  loss_mask_2: 0.05585  loss_dice_2: 0.9868  loss_ce_3: 0.0157  loss_mask_3: 0.05133  loss_dice_3: 0.8683  loss_ce_4: 0.01453  loss_mask_4: 0.05659  loss_dice_4: 0.9476  loss_ce_5: 0.01138  loss_mask_5: 0.05378  loss_dice_5: 0.9395  loss_ce_6: 0.009951  loss_mask_6: 0.05355  loss_dice_6: 0.8326  loss_ce_7: 0.007874  loss_mask_7: 0.0489  loss_dice_7: 0.9041  loss_ce_8: 0.04941  loss_mask_8: 0.0607  loss_dice_8: 1.331    time: 0.8901  last_time: 0.8488  data_time: 0.1379  last_data_time: 0.1379   lr: 2.4454e-05  max_mem: 13269M
[03/18 14:44:54 d2.utils.events]:  eta: 2:21:41  iter: 10159  total_loss: 8.688  loss_ce: 0.02304  loss_mask: 0.02994  loss_dice: 0.7308  loss_ce_0: 0.1887  loss_mask_0: 0.04722  loss_dice_0: 0.9383  loss_ce_1: 0.1118  loss_mask_1: 0.03739  loss_dice_1: 0.671  loss_ce_2: 0.04045  loss_mask_2: 0.03703  loss_dice_2: 0.7074  loss_ce_3: 0.02723  loss_mask_3: 0.03725  loss_dice_3: 0.7744  loss_ce_4: 0.02852  loss_mask_4: 0.0399  loss_dice_4: 0.8298  loss_ce_5: 0.03268  loss_mask_5: 0.03562  loss_dice_5: 0.7713  loss_ce_6: 0.0281  loss_mask_6: 0.03718  loss_dice_6: 0.7161  loss_ce_7: 0.02607  loss_mask_7: 0.03751  loss_dice_7: 0.8006  loss_ce_8: 0.02505  loss_mask_8: 0.03807  loss_dice_8: 0.8392    time: 0.8901  last_time: 0.8119  data_time: 0.1033  last_data_time: 0.1033   lr: 2.4376e-05  max_mem: 13269M
[03/18 14:45:13 d2.utils.events]:  eta: 2:21:23  iter: 10179  total_loss: 10.63  loss_ce: 0.01158  loss_mask: 0.03363  loss_dice: 0.903  loss_ce_0: 0.1586  loss_mask_0: 0.03157  loss_dice_0: 0.8207  loss_ce_1: 0.01615  loss_mask_1: 0.04769  loss_dice_1: 1.025  loss_ce_2: 0.01888  loss_mask_2: 0.04226  loss_dice_2: 1.094  loss_ce_3: 0.01877  loss_mask_3: 0.04172  loss_dice_3: 1.173  loss_ce_4: 0.0108  loss_mask_4: 0.03871  loss_dice_4: 0.9353  loss_ce_5: 0.009863  loss_mask_5: 0.04132  loss_dice_5: 0.85  loss_ce_6: 0.01078  loss_mask_6: 0.0397  loss_dice_6: 0.8897  loss_ce_7: 0.01143  loss_mask_7: 0.04597  loss_dice_7: 1.048  loss_ce_8: 0.02402  loss_mask_8: 0.0434  loss_dice_8: 1.193    time: 0.8901  last_time: 0.9028  data_time: 0.1950  last_data_time: 0.1950   lr: 2.4297e-05  max_mem: 13269M
[03/18 14:45:30 d2.utils.events]:  eta: 2:21:04  iter: 10199  total_loss: 12.78  loss_ce: 0.03219  loss_mask: 0.03936  loss_dice: 1.085  loss_ce_0: 0.4725  loss_mask_0: 0.04891  loss_dice_0: 1.291  loss_ce_1: 0.1021  loss_mask_1: 0.04378  loss_dice_1: 1.245  loss_ce_2: 0.09502  loss_mask_2: 0.03808  loss_dice_2: 1.201  loss_ce_3: 0.07936  loss_mask_3: 0.03856  loss_dice_3: 0.9529  loss_ce_4: 0.06531  loss_mask_4: 0.03529  loss_dice_4: 0.9435  loss_ce_5: 0.08113  loss_mask_5: 0.04083  loss_dice_5: 1.048  loss_ce_6: 0.04619  loss_mask_6: 0.03671  loss_dice_6: 1.044  loss_ce_7: 0.03457  loss_mask_7: 0.04676  loss_dice_7: 1.401  loss_ce_8: 0.033  loss_mask_8: 0.03827  loss_dice_8: 1.119    time: 0.8900  last_time: 0.8496  data_time: 0.1437  last_data_time: 0.1437   lr: 2.4219e-05  max_mem: 13269M
[03/18 14:45:48 d2.utils.events]:  eta: 2:20:29  iter: 10219  total_loss: 11.33  loss_ce: 0.2504  loss_mask: 0.04316  loss_dice: 0.7139  loss_ce_0: 0.2043  loss_mask_0: 0.07033  loss_dice_0: 1.203  loss_ce_1: 0.2421  loss_mask_1: 0.04594  loss_dice_1: 0.9063  loss_ce_2: 0.2895  loss_mask_2: 0.04558  loss_dice_2: 0.6998  loss_ce_3: 0.2479  loss_mask_3: 0.04338  loss_dice_3: 0.7429  loss_ce_4: 0.1976  loss_mask_4: 0.04085  loss_dice_4: 0.9015  loss_ce_5: 0.2301  loss_mask_5: 0.0487  loss_dice_5: 0.9754  loss_ce_6: 0.2163  loss_mask_6: 0.04764  loss_dice_6: 0.7841  loss_ce_7: 0.2547  loss_mask_7: 0.04338  loss_dice_7: 0.8213  loss_ce_8: 0.2432  loss_mask_8: 0.04395  loss_dice_8: 0.7355    time: 0.8900  last_time: 0.8739  data_time: 0.1639  last_data_time: 0.1639   lr: 2.414e-05  max_mem: 13269M
[03/18 14:46:05 d2.utils.events]:  eta: 2:20:04  iter: 10239  total_loss: 10.45  loss_ce: 0.01764  loss_mask: 0.07228  loss_dice: 0.9152  loss_ce_0: 0.1745  loss_mask_0: 0.08673  loss_dice_0: 1.052  loss_ce_1: 0.03207  loss_mask_1: 0.07185  loss_dice_1: 0.9873  loss_ce_2: 0.05919  loss_mask_2: 0.07841  loss_dice_2: 1.05  loss_ce_3: 0.0205  loss_mask_3: 0.07117  loss_dice_3: 0.9014  loss_ce_4: 0.02027  loss_mask_4: 0.06388  loss_dice_4: 0.8958  loss_ce_5: 0.02356  loss_mask_5: 0.06665  loss_dice_5: 0.8501  loss_ce_6: 0.0192  loss_mask_6: 0.06699  loss_dice_6: 0.89  loss_ce_7: 0.01808  loss_mask_7: 0.0627  loss_dice_7: 0.8875  loss_ce_8: 0.01866  loss_mask_8: 0.06877  loss_dice_8: 0.9044    time: 0.8899  last_time: 0.8962  data_time: 0.1963  last_data_time: 0.1963   lr: 2.4062e-05  max_mem: 13269M
[03/18 14:46:23 d2.utils.events]:  eta: 2:19:45  iter: 10259  total_loss: 9.688  loss_ce: 0.02597  loss_mask: 0.05614  loss_dice: 0.7953  loss_ce_0: 0.1389  loss_mask_0: 0.0811  loss_dice_0: 0.9834  loss_ce_1: 0.03038  loss_mask_1: 0.06133  loss_dice_1: 0.9166  loss_ce_2: 0.03119  loss_mask_2: 0.04746  loss_dice_2: 0.7468  loss_ce_3: 0.04434  loss_mask_3: 0.05124  loss_dice_3: 0.9023  loss_ce_4: 0.0277  loss_mask_4: 0.05062  loss_dice_4: 0.8256  loss_ce_5: 0.02414  loss_mask_5: 0.06539  loss_dice_5: 0.9339  loss_ce_6: 0.02891  loss_mask_6: 0.05306  loss_dice_6: 0.8456  loss_ce_7: 0.02869  loss_mask_7: 0.0534  loss_dice_7: 0.8319  loss_ce_8: 0.02422  loss_mask_8: 0.05448  loss_dice_8: 0.9283    time: 0.8900  last_time: 0.8607  data_time: 0.1333  last_data_time: 0.1333   lr: 2.3983e-05  max_mem: 13269M
[03/18 14:46:41 d2.utils.events]:  eta: 2:19:28  iter: 10279  total_loss: 8.195  loss_ce: 0.02986  loss_mask: 0.03213  loss_dice: 0.6477  loss_ce_0: 0.321  loss_mask_0: 0.06179  loss_dice_0: 0.8435  loss_ce_1: 0.07721  loss_mask_1: 0.03669  loss_dice_1: 0.7704  loss_ce_2: 0.04393  loss_mask_2: 0.03876  loss_dice_2: 0.7057  loss_ce_3: 0.04321  loss_mask_3: 0.03525  loss_dice_3: 0.6442  loss_ce_4: 0.0398  loss_mask_4: 0.03114  loss_dice_4: 0.6084  loss_ce_5: 0.03388  loss_mask_5: 0.0391  loss_dice_5: 0.8145  loss_ce_6: 0.03015  loss_mask_6: 0.03647  loss_dice_6: 0.7235  loss_ce_7: 0.0304  loss_mask_7: 0.0362  loss_dice_7: 0.7243  loss_ce_8: 0.03067  loss_mask_8: 0.03598  loss_dice_8: 0.6495    time: 0.8899  last_time: 0.9445  data_time: 0.2228  last_data_time: 0.2228   lr: 2.3905e-05  max_mem: 13269M
[03/18 14:46:58 d2.utils.events]:  eta: 2:19:10  iter: 10299  total_loss: 5.595  loss_ce: 0.009384  loss_mask: 0.04406  loss_dice: 0.5786  loss_ce_0: 0.1264  loss_mask_0: 0.05261  loss_dice_0: 0.6225  loss_ce_1: 0.01485  loss_mask_1: 0.04944  loss_dice_1: 0.4758  loss_ce_2: 0.01034  loss_mask_2: 0.04775  loss_dice_2: 0.4666  loss_ce_3: 0.01185  loss_mask_3: 0.04873  loss_dice_3: 0.3826  loss_ce_4: 0.009485  loss_mask_4: 0.05272  loss_dice_4: 0.4602  loss_ce_5: 0.009233  loss_mask_5: 0.0411  loss_dice_5: 0.6324  loss_ce_6: 0.009065  loss_mask_6: 0.05101  loss_dice_6: 0.3759  loss_ce_7: 0.00825  loss_mask_7: 0.05361  loss_dice_7: 0.5019  loss_ce_8: 0.007372  loss_mask_8: 0.05031  loss_dice_8: 0.3912    time: 0.8899  last_time: 0.8907  data_time: 0.1808  last_data_time: 0.1808   lr: 2.3826e-05  max_mem: 13269M
[03/18 14:47:16 d2.utils.events]:  eta: 2:18:54  iter: 10319  total_loss: 11.92  loss_ce: 0.01879  loss_mask: 0.05981  loss_dice: 1.076  loss_ce_0: 0.2225  loss_mask_0: 0.07646  loss_dice_0: 1.155  loss_ce_1: 0.15  loss_mask_1: 0.06014  loss_dice_1: 1.003  loss_ce_2: 0.06931  loss_mask_2: 0.06642  loss_dice_2: 1.027  loss_ce_3: 0.02526  loss_mask_3: 0.06484  loss_dice_3: 1.193  loss_ce_4: 0.02027  loss_mask_4: 0.06647  loss_dice_4: 1.174  loss_ce_5: 0.01922  loss_mask_5: 0.06127  loss_dice_5: 0.904  loss_ce_6: 0.0186  loss_mask_6: 0.06694  loss_dice_6: 1.131  loss_ce_7: 0.09267  loss_mask_7: 0.05938  loss_dice_7: 0.9591  loss_ce_8: 0.01875  loss_mask_8: 0.06139  loss_dice_8: 0.999    time: 0.8899  last_time: 0.8382  data_time: 0.1281  last_data_time: 0.1281   lr: 2.3748e-05  max_mem: 13269M
[03/18 14:47:34 d2.utils.events]:  eta: 2:18:34  iter: 10339  total_loss: 10.57  loss_ce: 0.1055  loss_mask: 0.03756  loss_dice: 0.9577  loss_ce_0: 0.3245  loss_mask_0: 0.08983  loss_dice_0: 1.154  loss_ce_1: 0.1183  loss_mask_1: 0.043  loss_dice_1: 0.9345  loss_ce_2: 0.1117  loss_mask_2: 0.03791  loss_dice_2: 0.8046  loss_ce_3: 0.1003  loss_mask_3: 0.03939  loss_dice_3: 0.7221  loss_ce_4: 0.1125  loss_mask_4: 0.03985  loss_dice_4: 0.8804  loss_ce_5: 0.07448  loss_mask_5: 0.03768  loss_dice_5: 0.7899  loss_ce_6: 0.06475  loss_mask_6: 0.04216  loss_dice_6: 0.9488  loss_ce_7: 0.1251  loss_mask_7: 0.03907  loss_dice_7: 0.7619  loss_ce_8: 0.1858  loss_mask_8: 0.03861  loss_dice_8: 0.8486    time: 0.8898  last_time: 0.9303  data_time: 0.2101  last_data_time: 0.2101   lr: 2.3669e-05  max_mem: 13269M
[03/18 14:47:53 d2.utils.events]:  eta: 2:18:25  iter: 10359  total_loss: 14.24  loss_ce: 0.03601  loss_mask: 0.06298  loss_dice: 1.185  loss_ce_0: 0.583  loss_mask_0: 0.06401  loss_dice_0: 1.482  loss_ce_1: 0.09487  loss_mask_1: 0.06668  loss_dice_1: 1.261  loss_ce_2: 0.0911  loss_mask_2: 0.06539  loss_dice_2: 1.318  loss_ce_3: 0.09384  loss_mask_3: 0.06815  loss_dice_3: 1.299  loss_ce_4: 0.0734  loss_mask_4: 0.07318  loss_dice_4: 1.28  loss_ce_5: 0.05589  loss_mask_5: 0.06166  loss_dice_5: 1.217  loss_ce_6: 0.07337  loss_mask_6: 0.04777  loss_dice_6: 1.144  loss_ce_7: 0.04156  loss_mask_7: 0.05104  loss_dice_7: 1.092  loss_ce_8: 0.04254  loss_mask_8: 0.05544  loss_dice_8: 1.162    time: 0.8899  last_time: 0.8814  data_time: 0.1592  last_data_time: 0.1592   lr: 2.3591e-05  max_mem: 13269M
[03/18 14:48:11 d2.utils.events]:  eta: 2:18:16  iter: 10379  total_loss: 8.385  loss_ce: 0.01346  loss_mask: 0.04568  loss_dice: 0.7787  loss_ce_0: 0.2016  loss_mask_0: 0.05064  loss_dice_0: 0.7578  loss_ce_1: 0.0392  loss_mask_1: 0.05079  loss_dice_1: 0.7407  loss_ce_2: 0.02975  loss_mask_2: 0.04593  loss_dice_2: 0.8547  loss_ce_3: 0.01586  loss_mask_3: 0.04032  loss_dice_3: 0.693  loss_ce_4: 0.0157  loss_mask_4: 0.04301  loss_dice_4: 0.7368  loss_ce_5: 0.01716  loss_mask_5: 0.03859  loss_dice_5: 0.7447  loss_ce_6: 0.01502  loss_mask_6: 0.04074  loss_dice_6: 0.7929  loss_ce_7: 0.01429  loss_mask_7: 0.04266  loss_dice_7: 0.7367  loss_ce_8: 0.01317  loss_mask_8: 0.04  loss_dice_8: 0.7356    time: 0.8899  last_time: 0.8763  data_time: 0.1602  last_data_time: 0.1602   lr: 2.3513e-05  max_mem: 13269M
[03/18 14:48:29 d2.utils.events]:  eta: 2:17:50  iter: 10399  total_loss: 13.99  loss_ce: 0.1922  loss_mask: 0.04788  loss_dice: 1.097  loss_ce_0: 0.3065  loss_mask_0: 0.04136  loss_dice_0: 1.001  loss_ce_1: 0.1561  loss_mask_1: 0.05347  loss_dice_1: 1.43  loss_ce_2: 0.1309  loss_mask_2: 0.04985  loss_dice_2: 1.16  loss_ce_3: 0.1874  loss_mask_3: 0.04746  loss_dice_3: 1.126  loss_ce_4: 0.1861  loss_mask_4: 0.04604  loss_dice_4: 1.046  loss_ce_5: 0.1165  loss_mask_5: 0.06274  loss_dice_5: 1.425  loss_ce_6: 0.1758  loss_mask_6: 0.05253  loss_dice_6: 1.171  loss_ce_7: 0.1468  loss_mask_7: 0.04098  loss_dice_7: 1.175  loss_ce_8: 0.1367  loss_mask_8: 0.0514  loss_dice_8: 1.131    time: 0.8899  last_time: 0.8712  data_time: 0.1589  last_data_time: 0.1589   lr: 2.3434e-05  max_mem: 13269M
[03/18 14:48:47 d2.utils.events]:  eta: 2:17:44  iter: 10419  total_loss: 7.118  loss_ce: 0.02608  loss_mask: 0.03209  loss_dice: 0.5498  loss_ce_0: 0.1049  loss_mask_0: 0.03957  loss_dice_0: 0.6793  loss_ce_1: 0.02039  loss_mask_1: 0.03515  loss_dice_1: 0.5658  loss_ce_2: 0.07682  loss_mask_2: 0.04401  loss_dice_2: 0.7459  loss_ce_3: 0.09699  loss_mask_3: 0.04018  loss_dice_3: 0.6367  loss_ce_4: 0.03604  loss_mask_4: 0.03684  loss_dice_4: 0.5833  loss_ce_5: 0.03807  loss_mask_5: 0.03725  loss_dice_5: 0.5719  loss_ce_6: 0.02891  loss_mask_6: 0.03757  loss_dice_6: 0.6181  loss_ce_7: 0.02454  loss_mask_7: 0.04282  loss_dice_7: 0.6319  loss_ce_8: 0.02415  loss_mask_8: 0.038  loss_dice_8: 0.6744    time: 0.8899  last_time: 0.8815  data_time: 0.1647  last_data_time: 0.1647   lr: 2.3356e-05  max_mem: 13269M
[03/18 14:49:06 d2.utils.events]:  eta: 2:17:25  iter: 10439  total_loss: 15.57  loss_ce: 0.01714  loss_mask: 0.02725  loss_dice: 1.322  loss_ce_0: 0.2117  loss_mask_0: 0.04911  loss_dice_0: 1.575  loss_ce_1: 0.04127  loss_mask_1: 0.02594  loss_dice_1: 1.493  loss_ce_2: 0.09928  loss_mask_2: 0.0337  loss_dice_2: 1.529  loss_ce_3: 0.01856  loss_mask_3: 0.02484  loss_dice_3: 1.272  loss_ce_4: 0.01784  loss_mask_4: 0.02754  loss_dice_4: 1.575  loss_ce_5: 0.07814  loss_mask_5: 0.03586  loss_dice_5: 1.783  loss_ce_6: 0.01846  loss_mask_6: 0.02044  loss_dice_6: 1.465  loss_ce_7: 0.01956  loss_mask_7: 0.02232  loss_dice_7: 1.214  loss_ce_8: 0.0199  loss_mask_8: 0.02605  loss_dice_8: 1.507    time: 0.8900  last_time: 0.8110  data_time: 0.1144  last_data_time: 0.1144   lr: 2.3277e-05  max_mem: 13269M
[03/18 14:49:23 d2.utils.events]:  eta: 2:17:10  iter: 10459  total_loss: 14.03  loss_ce: 0.02578  loss_mask: 0.08788  loss_dice: 1.32  loss_ce_0: 0.2921  loss_mask_0: 0.138  loss_dice_0: 1.4  loss_ce_1: 0.04175  loss_mask_1: 0.09235  loss_dice_1: 1.259  loss_ce_2: 0.04298  loss_mask_2: 0.1013  loss_dice_2: 1.198  loss_ce_3: 0.03272  loss_mask_3: 0.1032  loss_dice_3: 1.123  loss_ce_4: 0.05961  loss_mask_4: 0.09212  loss_dice_4: 1.229  loss_ce_5: 0.03701  loss_mask_5: 0.09305  loss_dice_5: 1.255  loss_ce_6: 0.03709  loss_mask_6: 0.07974  loss_dice_6: 1.169  loss_ce_7: 0.04269  loss_mask_7: 0.08521  loss_dice_7: 1.147  loss_ce_8: 0.02332  loss_mask_8: 0.09002  loss_dice_8: 1.335    time: 0.8900  last_time: 0.8793  data_time: 0.1560  last_data_time: 0.1560   lr: 2.3199e-05  max_mem: 13269M
[03/18 14:49:41 d2.utils.events]:  eta: 2:17:03  iter: 10479  total_loss: 11.2  loss_ce: 0.05827  loss_mask: 0.03351  loss_dice: 0.915  loss_ce_0: 0.21  loss_mask_0: 0.04575  loss_dice_0: 1.079  loss_ce_1: 0.09806  loss_mask_1: 0.06005  loss_dice_1: 1.169  loss_ce_2: 0.06095  loss_mask_2: 0.03929  loss_dice_2: 1.059  loss_ce_3: 0.08369  loss_mask_3: 0.04328  loss_dice_3: 1.067  loss_ce_4: 0.07609  loss_mask_4: 0.03334  loss_dice_4: 0.8864  loss_ce_5: 0.06013  loss_mask_5: 0.04422  loss_dice_5: 0.9364  loss_ce_6: 0.04457  loss_mask_6: 0.04821  loss_dice_6: 1.028  loss_ce_7: 0.06626  loss_mask_7: 0.03988  loss_dice_7: 0.8269  loss_ce_8: 0.06318  loss_mask_8: 0.03838  loss_dice_8: 0.984    time: 0.8900  last_time: 0.8873  data_time: 0.1732  last_data_time: 0.1732   lr: 2.3121e-05  max_mem: 13269M
[03/18 14:50:00 d2.utils.events]:  eta: 2:16:43  iter: 10499  total_loss: 6.493  loss_ce: 0.01396  loss_mask: 0.03629  loss_dice: 0.5859  loss_ce_0: 0.1439  loss_mask_0: 0.0449  loss_dice_0: 0.6204  loss_ce_1: 0.01833  loss_mask_1: 0.03335  loss_dice_1: 0.6066  loss_ce_2: 0.0144  loss_mask_2: 0.03602  loss_dice_2: 0.5981  loss_ce_3: 0.01761  loss_mask_3: 0.03344  loss_dice_3: 0.5528  loss_ce_4: 0.01781  loss_mask_4: 0.03129  loss_dice_4: 0.6111  loss_ce_5: 0.01473  loss_mask_5: 0.03823  loss_dice_5: 0.5553  loss_ce_6: 0.01299  loss_mask_6: 0.03552  loss_dice_6: 0.607  loss_ce_7: 0.01246  loss_mask_7: 0.03628  loss_dice_7: 0.6069  loss_ce_8: 0.0126  loss_mask_8: 0.0326  loss_dice_8: 0.5121    time: 0.8900  last_time: 0.9221  data_time: 0.2065  last_data_time: 0.2065   lr: 2.3042e-05  max_mem: 13269M
[03/18 14:50:18 d2.utils.events]:  eta: 2:16:20  iter: 10519  total_loss: 10.85  loss_ce: 0.03064  loss_mask: 0.04662  loss_dice: 0.9188  loss_ce_0: 0.2094  loss_mask_0: 0.05195  loss_dice_0: 1.05  loss_ce_1: 0.1342  loss_mask_1: 0.04832  loss_dice_1: 1.064  loss_ce_2: 0.03386  loss_mask_2: 0.0436  loss_dice_2: 1.161  loss_ce_3: 0.0341  loss_mask_3: 0.04593  loss_dice_3: 0.9815  loss_ce_4: 0.02839  loss_mask_4: 0.04981  loss_dice_4: 1.083  loss_ce_5: 0.03113  loss_mask_5: 0.04833  loss_dice_5: 1.028  loss_ce_6: 0.0293  loss_mask_6: 0.04787  loss_dice_6: 0.7947  loss_ce_7: 0.03072  loss_mask_7: 0.05207  loss_dice_7: 0.8694  loss_ce_8: 0.03247  loss_mask_8: 0.04582  loss_dice_8: 0.8281    time: 0.8900  last_time: 1.3262  data_time: 0.6115  last_data_time: 0.6115   lr: 2.2964e-05  max_mem: 13269M
[03/18 14:50:36 d2.utils.events]:  eta: 2:16:04  iter: 10539  total_loss: 12.62  loss_ce: 0.01237  loss_mask: 0.1011  loss_dice: 1.102  loss_ce_0: 0.1043  loss_mask_0: 0.1202  loss_dice_0: 1.111  loss_ce_1: 0.02168  loss_mask_1: 0.08632  loss_dice_1: 1.112  loss_ce_2: 0.03094  loss_mask_2: 0.09834  loss_dice_2: 1.044  loss_ce_3: 0.01692  loss_mask_3: 0.1102  loss_dice_3: 1.171  loss_ce_4: 0.0127  loss_mask_4: 0.1094  loss_dice_4: 1.219  loss_ce_5: 0.01221  loss_mask_5: 0.1065  loss_dice_5: 1.198  loss_ce_6: 0.01366  loss_mask_6: 0.09963  loss_dice_6: 1.11  loss_ce_7: 0.01296  loss_mask_7: 0.09916  loss_dice_7: 1.125  loss_ce_8: 0.01116  loss_mask_8: 0.09626  loss_dice_8: 1.149    time: 0.8900  last_time: 0.8546  data_time: 0.1301  last_data_time: 0.1301   lr: 2.2886e-05  max_mem: 13269M
[03/18 14:50:54 d2.utils.events]:  eta: 2:15:51  iter: 10559  total_loss: 7.047  loss_ce: 0.01185  loss_mask: 0.02878  loss_dice: 0.5691  loss_ce_0: 0.1067  loss_mask_0: 0.04013  loss_dice_0: 0.7026  loss_ce_1: 0.01785  loss_mask_1: 0.03417  loss_dice_1: 0.5556  loss_ce_2: 0.01514  loss_mask_2: 0.03199  loss_dice_2: 0.6919  loss_ce_3: 0.0131  loss_mask_3: 0.0396  loss_dice_3: 0.7238  loss_ce_4: 0.01345  loss_mask_4: 0.02971  loss_dice_4: 0.5583  loss_ce_5: 0.01166  loss_mask_5: 0.0388  loss_dice_5: 0.6602  loss_ce_6: 0.01356  loss_mask_6: 0.03181  loss_dice_6: 0.6514  loss_ce_7: 0.01268  loss_mask_7: 0.03538  loss_dice_7: 0.7528  loss_ce_8: 0.01133  loss_mask_8: 0.02846  loss_dice_8: 0.6154    time: 0.8900  last_time: 0.8527  data_time: 0.1498  last_data_time: 0.1498   lr: 2.2808e-05  max_mem: 13269M
[03/18 14:51:11 d2.utils.events]:  eta: 2:15:29  iter: 10579  total_loss: 9.187  loss_ce: 0.02252  loss_mask: 0.03502  loss_dice: 0.8124  loss_ce_0: 0.3502  loss_mask_0: 0.04559  loss_dice_0: 0.9623  loss_ce_1: 0.07818  loss_mask_1: 0.03734  loss_dice_1: 0.8069  loss_ce_2: 0.03081  loss_mask_2: 0.03398  loss_dice_2: 0.8395  loss_ce_3: 0.04521  loss_mask_3: 0.03344  loss_dice_3: 0.7777  loss_ce_4: 0.03211  loss_mask_4: 0.03059  loss_dice_4: 0.7841  loss_ce_5: 0.02809  loss_mask_5: 0.03259  loss_dice_5: 0.8617  loss_ce_6: 0.02665  loss_mask_6: 0.03302  loss_dice_6: 0.8246  loss_ce_7: 0.02332  loss_mask_7: 0.03341  loss_dice_7: 0.7697  loss_ce_8: 0.02178  loss_mask_8: 0.03444  loss_dice_8: 0.7402    time: 0.8900  last_time: 0.8321  data_time: 0.0981  last_data_time: 0.0981   lr: 2.2729e-05  max_mem: 13269M
[03/18 14:51:29 d2.utils.events]:  eta: 2:15:11  iter: 10599  total_loss: 9.041  loss_ce: 0.06734  loss_mask: 0.02971  loss_dice: 0.7654  loss_ce_0: 0.3548  loss_mask_0: 0.04438  loss_dice_0: 0.9496  loss_ce_1: 0.09079  loss_mask_1: 0.03062  loss_dice_1: 0.9319  loss_ce_2: 0.05059  loss_mask_2: 0.03524  loss_dice_2: 0.888  loss_ce_3: 0.1234  loss_mask_3: 0.02606  loss_dice_3: 0.6944  loss_ce_4: 0.03623  loss_mask_4: 0.02747  loss_dice_4: 0.7921  loss_ce_5: 0.05318  loss_mask_5: 0.02744  loss_dice_5: 0.6032  loss_ce_6: 0.02882  loss_mask_6: 0.0278  loss_dice_6: 0.7671  loss_ce_7: 0.03385  loss_mask_7: 0.02623  loss_dice_7: 0.8022  loss_ce_8: 0.07553  loss_mask_8: 0.02579  loss_dice_8: 0.6314    time: 0.8900  last_time: 0.8681  data_time: 0.1575  last_data_time: 0.1575   lr: 2.2651e-05  max_mem: 13269M
[03/18 14:51:48 d2.utils.events]:  eta: 2:14:54  iter: 10619  total_loss: 10.98  loss_ce: 0.1256  loss_mask: 0.02378  loss_dice: 0.7342  loss_ce_0: 0.1925  loss_mask_0: 0.03567  loss_dice_0: 1.249  loss_ce_1: 0.1581  loss_mask_1: 0.02657  loss_dice_1: 0.8489  loss_ce_2: 0.07537  loss_mask_2: 0.03258  loss_dice_2: 1.26  loss_ce_3: 0.06086  loss_mask_3: 0.02727  loss_dice_3: 1.038  loss_ce_4: 0.05186  loss_mask_4: 0.03132  loss_dice_4: 1.137  loss_ce_5: 0.05549  loss_mask_5: 0.0255  loss_dice_5: 0.7398  loss_ce_6: 0.05761  loss_mask_6: 0.02874  loss_dice_6: 0.7742  loss_ce_7: 0.1127  loss_mask_7: 0.02819  loss_dice_7: 0.8706  loss_ce_8: 0.1081  loss_mask_8: 0.03502  loss_dice_8: 1.031    time: 0.8900  last_time: 0.9016  data_time: 0.1932  last_data_time: 0.1932   lr: 2.2573e-05  max_mem: 13269M
[03/18 14:52:05 d2.utils.events]:  eta: 2:14:37  iter: 10639  total_loss: 9.005  loss_ce: 0.01796  loss_mask: 0.06122  loss_dice: 0.9367  loss_ce_0: 0.2149  loss_mask_0: 0.07789  loss_dice_0: 1.125  loss_ce_1: 0.04758  loss_mask_1: 0.0575  loss_dice_1: 0.7237  loss_ce_2: 0.04456  loss_mask_2: 0.05702  loss_dice_2: 0.6985  loss_ce_3: 0.02922  loss_mask_3: 0.06008  loss_dice_3: 0.7225  loss_ce_4: 0.02043  loss_mask_4: 0.06836  loss_dice_4: 0.7054  loss_ce_5: 0.08984  loss_mask_5: 0.05928  loss_dice_5: 0.6752  loss_ce_6: 0.0209  loss_mask_6: 0.05225  loss_dice_6: 0.8167  loss_ce_7: 0.02015  loss_mask_7: 0.0552  loss_dice_7: 0.729  loss_ce_8: 0.01978  loss_mask_8: 0.06119  loss_dice_8: 0.7373    time: 0.8900  last_time: 0.8505  data_time: 0.1486  last_data_time: 0.1486   lr: 2.2495e-05  max_mem: 13269M
[03/18 14:52:23 d2.utils.events]:  eta: 2:14:19  iter: 10659  total_loss: 6.76  loss_ce: 0.01711  loss_mask: 0.03922  loss_dice: 0.6473  loss_ce_0: 0.1025  loss_mask_0: 0.04921  loss_dice_0: 0.7892  loss_ce_1: 0.02763  loss_mask_1: 0.0367  loss_dice_1: 0.5434  loss_ce_2: 0.02017  loss_mask_2: 0.03635  loss_dice_2: 0.5588  loss_ce_3: 0.02458  loss_mask_3: 0.03633  loss_dice_3: 0.6616  loss_ce_4: 0.01416  loss_mask_4: 0.03321  loss_dice_4: 0.6348  loss_ce_5: 0.01599  loss_mask_5: 0.03708  loss_dice_5: 0.4892  loss_ce_6: 0.01653  loss_mask_6: 0.04539  loss_dice_6: 0.6277  loss_ce_7: 0.01762  loss_mask_7: 0.03613  loss_dice_7: 0.5452  loss_ce_8: 0.01685  loss_mask_8: 0.03876  loss_dice_8: 0.601    time: 0.8899  last_time: 0.8391  data_time: 0.1410  last_data_time: 0.1410   lr: 2.2417e-05  max_mem: 13269M
[03/18 14:52:41 d2.utils.events]:  eta: 2:14:07  iter: 10679  total_loss: 9.982  loss_ce: 0.03446  loss_mask: 0.04242  loss_dice: 0.7364  loss_ce_0: 0.2695  loss_mask_0: 0.07389  loss_dice_0: 1.349  loss_ce_1: 0.04113  loss_mask_1: 0.04293  loss_dice_1: 0.7948  loss_ce_2: 0.05227  loss_mask_2: 0.04983  loss_dice_2: 0.8095  loss_ce_3: 0.04865  loss_mask_3: 0.04102  loss_dice_3: 0.9084  loss_ce_4: 0.04551  loss_mask_4: 0.05304  loss_dice_4: 1.009  loss_ce_5: 0.04038  loss_mask_5: 0.04333  loss_dice_5: 0.828  loss_ce_6: 0.0406  loss_mask_6: 0.03962  loss_dice_6: 0.7411  loss_ce_7: 0.03483  loss_mask_7: 0.04301  loss_dice_7: 0.8242  loss_ce_8: 0.03508  loss_mask_8: 0.04328  loss_dice_8: 0.866    time: 0.8900  last_time: 0.8767  data_time: 0.1659  last_data_time: 0.1659   lr: 2.2339e-05  max_mem: 13269M
[03/18 14:52:59 d2.utils.events]:  eta: 2:14:00  iter: 10699  total_loss: 10.5  loss_ce: 0.1027  loss_mask: 0.04791  loss_dice: 0.8737  loss_ce_0: 0.4243  loss_mask_0: 0.05375  loss_dice_0: 0.9549  loss_ce_1: 0.1174  loss_mask_1: 0.05334  loss_dice_1: 0.9337  loss_ce_2: 0.1093  loss_mask_2: 0.05133  loss_dice_2: 0.8224  loss_ce_3: 0.102  loss_mask_3: 0.04711  loss_dice_3: 0.8513  loss_ce_4: 0.08715  loss_mask_4: 0.04762  loss_dice_4: 0.798  loss_ce_5: 0.1035  loss_mask_5: 0.05177  loss_dice_5: 0.8847  loss_ce_6: 0.07673  loss_mask_6: 0.04701  loss_dice_6: 0.8864  loss_ce_7: 0.1008  loss_mask_7: 0.05573  loss_dice_7: 0.9025  loss_ce_8: 0.08079  loss_mask_8: 0.04281  loss_dice_8: 0.7901    time: 0.8900  last_time: 0.9767  data_time: 0.2561  last_data_time: 0.2561   lr: 2.2261e-05  max_mem: 13269M
[03/18 14:53:18 d2.utils.events]:  eta: 2:13:44  iter: 10719  total_loss: 7.383  loss_ce: 0.04735  loss_mask: 0.03141  loss_dice: 0.7003  loss_ce_0: 0.2439  loss_mask_0: 0.03291  loss_dice_0: 0.7584  loss_ce_1: 0.1099  loss_mask_1: 0.02931  loss_dice_1: 0.737  loss_ce_2: 0.04469  loss_mask_2: 0.02467  loss_dice_2: 0.5362  loss_ce_3: 0.05618  loss_mask_3: 0.02645  loss_dice_3: 0.7256  loss_ce_4: 0.05278  loss_mask_4: 0.02622  loss_dice_4: 0.5741  loss_ce_5: 0.04962  loss_mask_5: 0.02494  loss_dice_5: 0.6897  loss_ce_6: 0.04854  loss_mask_6: 0.02631  loss_dice_6: 0.4751  loss_ce_7: 0.09174  loss_mask_7: 0.03213  loss_dice_7: 0.592  loss_ce_8: 0.04553  loss_mask_8: 0.02758  loss_dice_8: 0.5224    time: 0.8900  last_time: 0.9385  data_time: 0.2153  last_data_time: 0.2153   lr: 2.2182e-05  max_mem: 13269M
[03/18 14:53:36 d2.utils.events]:  eta: 2:13:32  iter: 10739  total_loss: 15.37  loss_ce: 0.05963  loss_mask: 0.08168  loss_dice: 1.269  loss_ce_0: 0.7654  loss_mask_0: 0.1748  loss_dice_0: 1.585  loss_ce_1: 0.1127  loss_mask_1: 0.08001  loss_dice_1: 1.48  loss_ce_2: 0.1609  loss_mask_2: 0.08041  loss_dice_2: 1.073  loss_ce_3: 0.1185  loss_mask_3: 0.09028  loss_dice_3: 1.432  loss_ce_4: 0.1418  loss_mask_4: 0.07935  loss_dice_4: 1.053  loss_ce_5: 0.1181  loss_mask_5: 0.07989  loss_dice_5: 1.219  loss_ce_6: 0.07014  loss_mask_6: 0.0872  loss_dice_6: 1.245  loss_ce_7: 0.07313  loss_mask_7: 0.08251  loss_dice_7: 1.195  loss_ce_8: 0.1409  loss_mask_8: 0.07735  loss_dice_8: 1.144    time: 0.8900  last_time: 0.9443  data_time: 0.2247  last_data_time: 0.2247   lr: 2.2104e-05  max_mem: 13269M
[03/18 14:53:55 d2.utils.events]:  eta: 2:13:16  iter: 10759  total_loss: 6.909  loss_ce: 0.01251  loss_mask: 0.03381  loss_dice: 0.6589  loss_ce_0: 0.1108  loss_mask_0: 0.03839  loss_dice_0: 0.7084  loss_ce_1: 0.01528  loss_mask_1: 0.0313  loss_dice_1: 0.5491  loss_ce_2: 0.02306  loss_mask_2: 0.02981  loss_dice_2: 0.5949  loss_ce_3: 0.01558  loss_mask_3: 0.03321  loss_dice_3: 0.5756  loss_ce_4: 0.01374  loss_mask_4: 0.03987  loss_dice_4: 0.6282  loss_ce_5: 0.01338  loss_mask_5: 0.03915  loss_dice_5: 0.689  loss_ce_6: 0.0146  loss_mask_6: 0.03361  loss_dice_6: 0.7172  loss_ce_7: 0.01347  loss_mask_7: 0.03295  loss_dice_7: 0.5453  loss_ce_8: 0.01211  loss_mask_8: 0.0336  loss_dice_8: 0.6525    time: 0.8901  last_time: 0.8522  data_time: 0.1404  last_data_time: 0.1404   lr: 2.2026e-05  max_mem: 13269M
[03/18 14:54:12 d2.utils.events]:  eta: 2:12:59  iter: 10779  total_loss: 11.49  loss_ce: 0.0424  loss_mask: 0.04401  loss_dice: 0.9615  loss_ce_0: 0.3739  loss_mask_0: 0.04102  loss_dice_0: 1.311  loss_ce_1: 0.1318  loss_mask_1: 0.03685  loss_dice_1: 1.078  loss_ce_2: 0.07473  loss_mask_2: 0.04712  loss_dice_2: 1.062  loss_ce_3: 0.0391  loss_mask_3: 0.03704  loss_dice_3: 0.859  loss_ce_4: 0.06483  loss_mask_4: 0.02663  loss_dice_4: 0.9645  loss_ce_5: 0.05027  loss_mask_5: 0.03777  loss_dice_5: 1.135  loss_ce_6: 0.04535  loss_mask_6: 0.03788  loss_dice_6: 0.9594  loss_ce_7: 0.04286  loss_mask_7: 0.03953  loss_dice_7: 0.9276  loss_ce_8: 0.04698  loss_mask_8: 0.03711  loss_dice_8: 0.9355    time: 0.8901  last_time: 0.7972  data_time: 0.0865  last_data_time: 0.0865   lr: 2.1949e-05  max_mem: 13269M
[03/18 14:54:30 d2.utils.events]:  eta: 2:12:40  iter: 10799  total_loss: 16.77  loss_ce: 0.1965  loss_mask: 0.06106  loss_dice: 1.237  loss_ce_0: 0.6317  loss_mask_0: 0.07368  loss_dice_0: 1.647  loss_ce_1: 0.2085  loss_mask_1: 0.06528  loss_dice_1: 1.42  loss_ce_2: 0.29  loss_mask_2: 0.06243  loss_dice_2: 1.396  loss_ce_3: 0.1759  loss_mask_3: 0.05296  loss_dice_3: 1.374  loss_ce_4: 0.2152  loss_mask_4: 0.05714  loss_dice_4: 1.407  loss_ce_5: 0.1883  loss_mask_5: 0.04738  loss_dice_5: 1.384  loss_ce_6: 0.1472  loss_mask_6: 0.0581  loss_dice_6: 1.388  loss_ce_7: 0.1346  loss_mask_7: 0.05787  loss_dice_7: 1.34  loss_ce_8: 0.1628  loss_mask_8: 0.04744  loss_dice_8: 1.244    time: 0.8900  last_time: 0.8491  data_time: 0.1304  last_data_time: 0.1304   lr: 2.1871e-05  max_mem: 13269M
[03/18 14:54:48 d2.utils.events]:  eta: 2:12:24  iter: 10819  total_loss: 8.724  loss_ce: 0.02478  loss_mask: 0.05928  loss_dice: 0.6928  loss_ce_0: 0.1111  loss_mask_0: 0.1002  loss_dice_0: 0.7967  loss_ce_1: 0.03388  loss_mask_1: 0.06982  loss_dice_1: 0.7844  loss_ce_2: 0.03076  loss_mask_2: 0.0646  loss_dice_2: 0.7529  loss_ce_3: 0.02883  loss_mask_3: 0.06939  loss_dice_3: 0.7787  loss_ce_4: 0.02641  loss_mask_4: 0.06019  loss_dice_4: 0.7457  loss_ce_5: 0.09573  loss_mask_5: 0.06897  loss_dice_5: 0.7938  loss_ce_6: 0.02654  loss_mask_6: 0.06322  loss_dice_6: 0.7219  loss_ce_7: 0.02614  loss_mask_7: 0.0676  loss_dice_7: 0.8541  loss_ce_8: 0.02613  loss_mask_8: 0.05693  loss_dice_8: 0.6929    time: 0.8900  last_time: 0.8405  data_time: 0.1350  last_data_time: 0.1350   lr: 2.1793e-05  max_mem: 13269M
[03/18 14:55:06 d2.utils.events]:  eta: 2:12:06  iter: 10839  total_loss: 5.329  loss_ce: 0.01228  loss_mask: 0.03053  loss_dice: 0.4946  loss_ce_0: 0.1069  loss_mask_0: 0.04554  loss_dice_0: 0.5264  loss_ce_1: 0.01569  loss_mask_1: 0.0322  loss_dice_1: 0.5419  loss_ce_2: 0.01135  loss_mask_2: 0.03163  loss_dice_2: 0.4059  loss_ce_3: 0.01278  loss_mask_3: 0.03246  loss_dice_3: 0.4952  loss_ce_4: 0.0129  loss_mask_4: 0.03201  loss_dice_4: 0.4081  loss_ce_5: 0.01225  loss_mask_5: 0.03137  loss_dice_5: 0.475  loss_ce_6: 0.0108  loss_mask_6: 0.03311  loss_dice_6: 0.472  loss_ce_7: 0.01304  loss_mask_7: 0.03253  loss_dice_7: 0.4663  loss_ce_8: 0.012  loss_mask_8: 0.031  loss_dice_8: 0.4914    time: 0.8900  last_time: 0.8660  data_time: 0.1515  last_data_time: 0.1515   lr: 2.1715e-05  max_mem: 13269M
[03/18 14:55:24 d2.utils.events]:  eta: 2:11:42  iter: 10859  total_loss: 7.563  loss_ce: 0.01951  loss_mask: 0.03037  loss_dice: 0.8349  loss_ce_0: 0.1057  loss_mask_0: 0.02744  loss_dice_0: 0.7708  loss_ce_1: 0.04136  loss_mask_1: 0.02916  loss_dice_1: 0.6368  loss_ce_2: 0.04052  loss_mask_2: 0.02641  loss_dice_2: 0.5548  loss_ce_3: 0.03762  loss_mask_3: 0.02553  loss_dice_3: 0.5768  loss_ce_4: 0.02298  loss_mask_4: 0.02852  loss_dice_4: 0.8626  loss_ce_5: 0.03596  loss_mask_5: 0.02244  loss_dice_5: 0.55  loss_ce_6: 0.03432  loss_mask_6: 0.02863  loss_dice_6: 0.5966  loss_ce_7: 0.08942  loss_mask_7: 0.02311  loss_dice_7: 0.8833  loss_ce_8: 0.03012  loss_mask_8: 0.02605  loss_dice_8: 0.5709    time: 0.8900  last_time: 0.8601  data_time: 0.1453  last_data_time: 0.1453   lr: 2.1637e-05  max_mem: 13269M
[03/18 14:55:42 d2.utils.events]:  eta: 2:11:22  iter: 10879  total_loss: 9.432  loss_ce: 0.03008  loss_mask: 0.04784  loss_dice: 0.8853  loss_ce_0: 0.1732  loss_mask_0: 0.06737  loss_dice_0: 0.7658  loss_ce_1: 0.09596  loss_mask_1: 0.04761  loss_dice_1: 0.9863  loss_ce_2: 0.1004  loss_mask_2: 0.05142  loss_dice_2: 0.9549  loss_ce_3: 0.02695  loss_mask_3: 0.05853  loss_dice_3: 0.8398  loss_ce_4: 0.04121  loss_mask_4: 0.04843  loss_dice_4: 0.8163  loss_ce_5: 0.01853  loss_mask_5: 0.05509  loss_dice_5: 0.6165  loss_ce_6: 0.01847  loss_mask_6: 0.05136  loss_dice_6: 0.9885  loss_ce_7: 0.0218  loss_mask_7: 0.04725  loss_dice_7: 0.6197  loss_ce_8: 0.03105  loss_mask_8: 0.04647  loss_dice_8: 0.8797    time: 0.8900  last_time: 0.9003  data_time: 0.1917  last_data_time: 0.1917   lr: 2.1559e-05  max_mem: 13269M
[03/18 14:56:00 d2.utils.events]:  eta: 2:11:10  iter: 10899  total_loss: 8.651  loss_ce: 0.01694  loss_mask: 0.04588  loss_dice: 0.8064  loss_ce_0: 0.3776  loss_mask_0: 0.07547  loss_dice_0: 0.9117  loss_ce_1: 0.08024  loss_mask_1: 0.04638  loss_dice_1: 0.763  loss_ce_2: 0.04379  loss_mask_2: 0.04758  loss_dice_2: 0.7239  loss_ce_3: 0.03223  loss_mask_3: 0.04497  loss_dice_3: 0.7167  loss_ce_4: 0.02149  loss_mask_4: 0.04184  loss_dice_4: 0.7161  loss_ce_5: 0.02452  loss_mask_5: 0.04623  loss_dice_5: 0.688  loss_ce_6: 0.01778  loss_mask_6: 0.04396  loss_dice_6: 0.7118  loss_ce_7: 0.01871  loss_mask_7: 0.04141  loss_dice_7: 0.733  loss_ce_8: 0.01952  loss_mask_8: 0.04519  loss_dice_8: 0.7488    time: 0.8900  last_time: 0.8211  data_time: 0.1116  last_data_time: 0.1116   lr: 2.1481e-05  max_mem: 13269M
[03/18 14:56:18 d2.utils.events]:  eta: 2:10:57  iter: 10919  total_loss: 14.65  loss_ce: 0.07187  loss_mask: 0.06332  loss_dice: 1.279  loss_ce_0: 0.1982  loss_mask_0: 0.09024  loss_dice_0: 1.362  loss_ce_1: 0.02932  loss_mask_1: 0.06756  loss_dice_1: 1.308  loss_ce_2: 0.06064  loss_mask_2: 0.06087  loss_dice_2: 1.258  loss_ce_3: 0.0574  loss_mask_3: 0.07317  loss_dice_3: 1.33  loss_ce_4: 0.1031  loss_mask_4: 0.06738  loss_dice_4: 1.303  loss_ce_5: 0.04811  loss_mask_5: 0.05472  loss_dice_5: 1.371  loss_ce_6: 0.04552  loss_mask_6: 0.05988  loss_dice_6: 1.321  loss_ce_7: 0.05662  loss_mask_7: 0.06354  loss_dice_7: 1.277  loss_ce_8: 0.07557  loss_mask_8: 0.07753  loss_dice_8: 1.421    time: 0.8900  last_time: 0.9332  data_time: 0.2051  last_data_time: 0.2051   lr: 2.1404e-05  max_mem: 13269M
[03/18 14:56:36 d2.utils.events]:  eta: 2:10:41  iter: 10939  total_loss: 14.75  loss_ce: 0.1143  loss_mask: 0.09997  loss_dice: 1.068  loss_ce_0: 0.6471  loss_mask_0: 0.1856  loss_dice_0: 1.384  loss_ce_1: 0.2415  loss_mask_1: 0.1264  loss_dice_1: 1.161  loss_ce_2: 0.197  loss_mask_2: 0.143  loss_dice_2: 1.304  loss_ce_3: 0.1202  loss_mask_3: 0.1208  loss_dice_3: 1.101  loss_ce_4: 0.1062  loss_mask_4: 0.135  loss_dice_4: 1.198  loss_ce_5: 0.1202  loss_mask_5: 0.1283  loss_dice_5: 1.131  loss_ce_6: 0.09964  loss_mask_6: 0.1261  loss_dice_6: 1.08  loss_ce_7: 0.09494  loss_mask_7: 0.1154  loss_dice_7: 1.073  loss_ce_8: 0.1066  loss_mask_8: 0.09581  loss_dice_8: 1.12    time: 0.8900  last_time: 0.8437  data_time: 0.1286  last_data_time: 0.1286   lr: 2.1326e-05  max_mem: 13269M
[03/18 14:56:54 d2.utils.events]:  eta: 2:10:23  iter: 10959  total_loss: 12.08  loss_ce: 0.1219  loss_mask: 0.03977  loss_dice: 1.052  loss_ce_0: 0.1005  loss_mask_0: 0.05194  loss_dice_0: 1.129  loss_ce_1: 0.1301  loss_mask_1: 0.02782  loss_dice_1: 1.03  loss_ce_2: 0.1061  loss_mask_2: 0.03731  loss_dice_2: 1.018  loss_ce_3: 0.1038  loss_mask_3: 0.0349  loss_dice_3: 1.089  loss_ce_4: 0.1079  loss_mask_4: 0.1213  loss_dice_4: 1.021  loss_ce_5: 0.1612  loss_mask_5: 0.04215  loss_dice_5: 1.053  loss_ce_6: 0.1474  loss_mask_6: 0.0428  loss_dice_6: 0.9408  loss_ce_7: 0.1141  loss_mask_7: 0.02659  loss_dice_7: 0.9978  loss_ce_8: 0.05607  loss_mask_8: 0.0376  loss_dice_8: 1.135    time: 0.8900  last_time: 0.9228  data_time: 0.1990  last_data_time: 0.1990   lr: 2.1248e-05  max_mem: 13269M
[03/18 14:57:12 d2.utils.events]:  eta: 2:10:07  iter: 10979  total_loss: 13.11  loss_ce: 0.04549  loss_mask: 0.03599  loss_dice: 0.9298  loss_ce_0: 0.2109  loss_mask_0: 0.03387  loss_dice_0: 1.257  loss_ce_1: 0.1322  loss_mask_1: 0.04809  loss_dice_1: 1.34  loss_ce_2: 0.08422  loss_mask_2: 0.03889  loss_dice_2: 1.163  loss_ce_3: 0.06507  loss_mask_3: 0.04582  loss_dice_3: 1.224  loss_ce_4: 0.09327  loss_mask_4: 0.05219  loss_dice_4: 1.263  loss_ce_5: 0.1224  loss_mask_5: 0.03702  loss_dice_5: 1.294  loss_ce_6: 0.05146  loss_mask_6: 0.04453  loss_dice_6: 1.216  loss_ce_7: 0.05351  loss_mask_7: 0.03781  loss_dice_7: 1.037  loss_ce_8: 0.1169  loss_mask_8: 0.04293  loss_dice_8: 0.9904    time: 0.8900  last_time: 1.2487  data_time: 0.5433  last_data_time: 0.5433   lr: 2.1171e-05  max_mem: 13269M
[03/18 14:57:29 d2.utils.events]:  eta: 2:09:46  iter: 10999  total_loss: 13.4  loss_ce: 0.0269  loss_mask: 0.04705  loss_dice: 1.071  loss_ce_0: 0.3877  loss_mask_0: 0.07863  loss_dice_0: 1.437  loss_ce_1: 0.0569  loss_mask_1: 0.08766  loss_dice_1: 1.564  loss_ce_2: 0.08131  loss_mask_2: 0.05871  loss_dice_2: 1.203  loss_ce_3: 0.07034  loss_mask_3: 0.06302  loss_dice_3: 1.131  loss_ce_4: 0.1012  loss_mask_4: 0.06374  loss_dice_4: 1.066  loss_ce_5: 0.03585  loss_mask_5: 0.06293  loss_dice_5: 1.115  loss_ce_6: 0.04922  loss_mask_6: 0.05151  loss_dice_6: 1.108  loss_ce_7: 0.04433  loss_mask_7: 0.0551  loss_dice_7: 1.075  loss_ce_8: 0.02746  loss_mask_8: 0.04994  loss_dice_8: 1.127    time: 0.8900  last_time: 0.8462  data_time: 0.1212  last_data_time: 0.1212   lr: 2.1093e-05  max_mem: 13269M
[03/18 14:57:48 d2.utils.events]:  eta: 2:09:31  iter: 11019  total_loss: 9.802  loss_ce: 0.07602  loss_mask: 0.05923  loss_dice: 0.9465  loss_ce_0: 0.1253  loss_mask_0: 0.07442  loss_dice_0: 1.135  loss_ce_1: 0.008376  loss_mask_1: 0.07104  loss_dice_1: 0.8127  loss_ce_2: 0.0158  loss_mask_2: 0.06125  loss_dice_2: 0.8553  loss_ce_3: 0.01057  loss_mask_3: 0.06633  loss_dice_3: 0.9019  loss_ce_4: 0.01181  loss_mask_4: 0.05404  loss_dice_4: 0.7744  loss_ce_5: 0.01183  loss_mask_5: 0.0609  loss_dice_5: 0.9465  loss_ce_6: 0.01023  loss_mask_6: 0.05518  loss_dice_6: 0.8016  loss_ce_7: 0.01023  loss_mask_7: 0.05458  loss_dice_7: 0.8615  loss_ce_8: 0.0101  loss_mask_8: 0.05232  loss_dice_8: 0.8674    time: 0.8900  last_time: 0.9042  data_time: 0.2027  last_data_time: 0.2027   lr: 2.1015e-05  max_mem: 13269M
[03/18 14:58:05 d2.utils.events]:  eta: 2:09:11  iter: 11039  total_loss: 11.33  loss_ce: 0.1095  loss_mask: 0.04271  loss_dice: 1.068  loss_ce_0: 0.2543  loss_mask_0: 0.05  loss_dice_0: 1.175  loss_ce_1: 0.1287  loss_mask_1: 0.03494  loss_dice_1: 1.013  loss_ce_2: 0.1234  loss_mask_2: 0.02956  loss_dice_2: 0.945  loss_ce_3: 0.08149  loss_mask_3: 0.0415  loss_dice_3: 1.019  loss_ce_4: 0.08912  loss_mask_4: 0.02906  loss_dice_4: 0.9423  loss_ce_5: 0.1012  loss_mask_5: 0.02576  loss_dice_5: 0.8213  loss_ce_6: 0.05496  loss_mask_6: 0.03015  loss_dice_6: 1.046  loss_ce_7: 0.05954  loss_mask_7: 0.0301  loss_dice_7: 0.989  loss_ce_8: 0.2315  loss_mask_8: 0.03194  loss_dice_8: 0.7335    time: 0.8899  last_time: 0.9121  data_time: 0.2094  last_data_time: 0.2094   lr: 2.0938e-05  max_mem: 13269M
[03/18 14:58:23 d2.utils.events]:  eta: 2:08:54  iter: 11059  total_loss: 13.1  loss_ce: 0.05457  loss_mask: 0.06635  loss_dice: 1.296  loss_ce_0: 0.1274  loss_mask_0: 0.05783  loss_dice_0: 0.7824  loss_ce_1: 0.078  loss_mask_1: 0.05177  loss_dice_1: 1.233  loss_ce_2: 0.08271  loss_mask_2: 0.04718  loss_dice_2: 1.253  loss_ce_3: 0.01897  loss_mask_3: 0.0495  loss_dice_3: 1.268  loss_ce_4: 0.07566  loss_mask_4: 0.05545  loss_dice_4: 1.18  loss_ce_5: 0.06446  loss_mask_5: 0.04727  loss_dice_5: 1.11  loss_ce_6: 0.06746  loss_mask_6: 0.04876  loss_dice_6: 1.254  loss_ce_7: 0.07419  loss_mask_7: 0.04771  loss_dice_7: 1.192  loss_ce_8: 0.02684  loss_mask_8: 0.05125  loss_dice_8: 1.338    time: 0.8899  last_time: 0.8731  data_time: 0.1730  last_data_time: 0.1730   lr: 2.086e-05  max_mem: 13269M
[03/18 14:58:42 d2.utils.events]:  eta: 2:08:39  iter: 11079  total_loss: 8.174  loss_ce: 0.05038  loss_mask: 0.05242  loss_dice: 0.5047  loss_ce_0: 0.1727  loss_mask_0: 0.06504  loss_dice_0: 0.7827  loss_ce_1: 0.04059  loss_mask_1: 0.05349  loss_dice_1: 0.6754  loss_ce_2: 0.08035  loss_mask_2: 0.05105  loss_dice_2: 0.7658  loss_ce_3: 0.05028  loss_mask_3: 0.04939  loss_dice_3: 0.7136  loss_ce_4: 0.04468  loss_mask_4: 0.04734  loss_dice_4: 0.6689  loss_ce_5: 0.04949  loss_mask_5: 0.0463  loss_dice_5: 0.6242  loss_ce_6: 0.05347  loss_mask_6: 0.05278  loss_dice_6: 0.8406  loss_ce_7: 0.0454  loss_mask_7: 0.05381  loss_dice_7: 0.7121  loss_ce_8: 0.04662  loss_mask_8: 0.04681  loss_dice_8: 0.7341    time: 0.8900  last_time: 0.8468  data_time: 0.1406  last_data_time: 0.1406   lr: 2.0783e-05  max_mem: 13269M
[03/18 14:58:59 d2.utils.events]:  eta: 2:08:22  iter: 11099  total_loss: 8.162  loss_ce: 0.017  loss_mask: 0.02855  loss_dice: 0.767  loss_ce_0: 0.1015  loss_mask_0: 0.02804  loss_dice_0: 0.821  loss_ce_1: 0.02293  loss_mask_1: 0.03008  loss_dice_1: 0.7259  loss_ce_2: 0.02883  loss_mask_2: 0.03325  loss_dice_2: 0.7753  loss_ce_3: 0.02648  loss_mask_3: 0.03116  loss_dice_3: 0.7376  loss_ce_4: 0.02603  loss_mask_4: 0.02806  loss_dice_4: 0.727  loss_ce_5: 0.01954  loss_mask_5: 0.02906  loss_dice_5: 0.8325  loss_ce_6: 0.01887  loss_mask_6: 0.02529  loss_dice_6: 0.6351  loss_ce_7: 0.02009  loss_mask_7: 0.02911  loss_dice_7: 0.7346  loss_ce_8: 0.01987  loss_mask_8: 0.03562  loss_dice_8: 0.8072    time: 0.8899  last_time: 0.8502  data_time: 0.1381  last_data_time: 0.1381   lr: 2.0706e-05  max_mem: 13269M
[03/18 14:59:16 d2.utils.events]:  eta: 2:07:53  iter: 11119  total_loss: 6.489  loss_ce: 0.0129  loss_mask: 0.06651  loss_dice: 0.6029  loss_ce_0: 0.104  loss_mask_0: 0.06809  loss_dice_0: 0.6177  loss_ce_1: 0.01567  loss_mask_1: 0.05212  loss_dice_1: 0.4933  loss_ce_2: 0.008162  loss_mask_2: 0.04711  loss_dice_2: 0.4433  loss_ce_3: 0.01046  loss_mask_3: 0.06059  loss_dice_3: 0.5574  loss_ce_4: 0.01266  loss_mask_4: 0.06347  loss_dice_4: 0.6146  loss_ce_5: 0.01314  loss_mask_5: 0.04881  loss_dice_5: 0.5297  loss_ce_6: 0.01088  loss_mask_6: 0.057  loss_dice_6: 0.6818  loss_ce_7: 0.01148  loss_mask_7: 0.0587  loss_dice_7: 0.6022  loss_ce_8: 0.01071  loss_mask_8: 0.05215  loss_dice_8: 0.5615    time: 0.8898  last_time: 0.7943  data_time: 0.0810  last_data_time: 0.0810   lr: 2.0628e-05  max_mem: 13269M
[03/18 14:59:34 d2.utils.events]:  eta: 2:07:41  iter: 11139  total_loss: 10.33  loss_ce: 0.08893  loss_mask: 0.05243  loss_dice: 0.7193  loss_ce_0: 0.2915  loss_mask_0: 0.06602  loss_dice_0: 1.068  loss_ce_1: 0.05183  loss_mask_1: 0.05768  loss_dice_1: 0.9239  loss_ce_2: 0.1698  loss_mask_2: 0.04735  loss_dice_2: 0.7472  loss_ce_3: 0.107  loss_mask_3: 0.04989  loss_dice_3: 0.751  loss_ce_4: 0.11  loss_mask_4: 0.05135  loss_dice_4: 0.8611  loss_ce_5: 0.09316  loss_mask_5: 0.05043  loss_dice_5: 0.7718  loss_ce_6: 0.09154  loss_mask_6: 0.05518  loss_dice_6: 0.7487  loss_ce_7: 0.08978  loss_mask_7: 0.05965  loss_dice_7: 1.22  loss_ce_8: 0.09462  loss_mask_8: 0.04907  loss_dice_8: 0.7908    time: 0.8898  last_time: 0.9024  data_time: 0.1749  last_data_time: 0.1749   lr: 2.0551e-05  max_mem: 13269M
[03/18 14:59:52 d2.utils.events]:  eta: 2:07:19  iter: 11159  total_loss: 12.42  loss_ce: 0.08818  loss_mask: 0.05199  loss_dice: 0.9025  loss_ce_0: 0.3054  loss_mask_0: 0.0639  loss_dice_0: 1.051  loss_ce_1: 0.1468  loss_mask_1: 0.05957  loss_dice_1: 0.922  loss_ce_2: 0.08549  loss_mask_2: 0.06802  loss_dice_2: 1.122  loss_ce_3: 0.04799  loss_mask_3: 0.07607  loss_dice_3: 1.233  loss_ce_4: 0.05052  loss_mask_4: 0.07139  loss_dice_4: 1.12  loss_ce_5: 0.04308  loss_mask_5: 0.07367  loss_dice_5: 1.208  loss_ce_6: 0.04097  loss_mask_6: 0.07623  loss_dice_6: 1.101  loss_ce_7: 0.04019  loss_mask_7: 0.07611  loss_dice_7: 1.136  loss_ce_8: 0.04228  loss_mask_8: 0.06412  loss_dice_8: 1.049    time: 0.8898  last_time: 0.8671  data_time: 0.1512  last_data_time: 0.1512   lr: 2.0474e-05  max_mem: 13269M
[03/18 15:00:09 d2.utils.events]:  eta: 2:06:56  iter: 11179  total_loss: 8.194  loss_ce: 0.02463  loss_mask: 0.04359  loss_dice: 0.7082  loss_ce_0: 0.2685  loss_mask_0: 0.06372  loss_dice_0: 0.6895  loss_ce_1: 0.04436  loss_mask_1: 0.03986  loss_dice_1: 0.7483  loss_ce_2: 0.0451  loss_mask_2: 0.04515  loss_dice_2: 0.6865  loss_ce_3: 0.0312  loss_mask_3: 0.04656  loss_dice_3: 0.6826  loss_ce_4: 0.08237  loss_mask_4: 0.04836  loss_dice_4: 0.7431  loss_ce_5: 0.0315  loss_mask_5: 0.04475  loss_dice_5: 0.83  loss_ce_6: 0.0312  loss_mask_6: 0.04485  loss_dice_6: 0.7972  loss_ce_7: 0.04916  loss_mask_7: 0.03743  loss_dice_7: 0.5321  loss_ce_8: 0.02849  loss_mask_8: 0.04417  loss_dice_8: 0.6818    time: 0.8897  last_time: 0.9289  data_time: 0.2133  last_data_time: 0.2133   lr: 2.0396e-05  max_mem: 13269M
[03/18 15:00:27 d2.utils.events]:  eta: 2:06:50  iter: 11199  total_loss: 12.86  loss_ce: 0.0899  loss_mask: 0.04485  loss_dice: 0.989  loss_ce_0: 0.3219  loss_mask_0: 0.04866  loss_dice_0: 1.217  loss_ce_1: 0.1387  loss_mask_1: 0.0502  loss_dice_1: 1.284  loss_ce_2: 0.162  loss_mask_2: 0.04904  loss_dice_2: 1.106  loss_ce_3: 0.1342  loss_mask_3: 0.0485  loss_dice_3: 1.135  loss_ce_4: 0.1698  loss_mask_4: 0.04802  loss_dice_4: 1.111  loss_ce_5: 0.1494  loss_mask_5: 0.04353  loss_dice_5: 1  loss_ce_6: 0.1624  loss_mask_6: 0.04195  loss_dice_6: 0.9539  loss_ce_7: 0.1027  loss_mask_7: 0.03995  loss_dice_7: 1.001  loss_ce_8: 0.1506  loss_mask_8: 0.04278  loss_dice_8: 1.021    time: 0.8897  last_time: 0.9012  data_time: 0.1841  last_data_time: 0.1841   lr: 2.0319e-05  max_mem: 13269M
[03/18 15:00:45 d2.utils.events]:  eta: 2:06:38  iter: 11219  total_loss: 9.124  loss_ce: 0.01956  loss_mask: 0.04188  loss_dice: 0.8617  loss_ce_0: 0.1667  loss_mask_0: 0.05044  loss_dice_0: 0.9484  loss_ce_1: 0.02702  loss_mask_1: 0.03894  loss_dice_1: 0.8015  loss_ce_2: 0.02393  loss_mask_2: 0.04418  loss_dice_2: 0.9408  loss_ce_3: 0.02521  loss_mask_3: 0.03944  loss_dice_3: 0.8415  loss_ce_4: 0.02442  loss_mask_4: 0.03993  loss_dice_4: 0.7681  loss_ce_5: 0.02363  loss_mask_5: 0.03924  loss_dice_5: 0.8023  loss_ce_6: 0.02202  loss_mask_6: 0.0386  loss_dice_6: 0.761  loss_ce_7: 0.0204  loss_mask_7: 0.03417  loss_dice_7: 0.8121  loss_ce_8: 0.01777  loss_mask_8: 0.03601  loss_dice_8: 0.8136    time: 0.8897  last_time: 0.8824  data_time: 0.1627  last_data_time: 0.1627   lr: 2.0242e-05  max_mem: 13269M
[03/18 15:01:03 d2.utils.events]:  eta: 2:06:27  iter: 11239  total_loss: 9.631  loss_ce: 0.06046  loss_mask: 0.04457  loss_dice: 0.7105  loss_ce_0: 0.432  loss_mask_0: 0.0633  loss_dice_0: 1.03  loss_ce_1: 0.1308  loss_mask_1: 0.04307  loss_dice_1: 0.8354  loss_ce_2: 0.1232  loss_mask_2: 0.0455  loss_dice_2: 0.9311  loss_ce_3: 0.06286  loss_mask_3: 0.03997  loss_dice_3: 0.7349  loss_ce_4: 0.06579  loss_mask_4: 0.04252  loss_dice_4: 0.7299  loss_ce_5: 0.03258  loss_mask_5: 0.04448  loss_dice_5: 0.8551  loss_ce_6: 0.07585  loss_mask_6: 0.0427  loss_dice_6: 0.7734  loss_ce_7: 0.06834  loss_mask_7: 0.04232  loss_dice_7: 0.72  loss_ce_8: 0.06279  loss_mask_8: 0.04333  loss_dice_8: 0.7436    time: 0.8897  last_time: 0.8978  data_time: 0.1773  last_data_time: 0.1773   lr: 2.0165e-05  max_mem: 13269M
[03/18 15:01:21 d2.utils.events]:  eta: 2:06:10  iter: 11259  total_loss: 11.83  loss_ce: 0.01812  loss_mask: 0.05189  loss_dice: 1.075  loss_ce_0: 0.1775  loss_mask_0: 0.06639  loss_dice_0: 1.334  loss_ce_1: 0.03035  loss_mask_1: 0.05737  loss_dice_1: 1.047  loss_ce_2: 0.0297  loss_mask_2: 0.05412  loss_dice_2: 1.044  loss_ce_3: 0.02398  loss_mask_3: 0.05084  loss_dice_3: 1.006  loss_ce_4: 0.0228  loss_mask_4: 0.05865  loss_dice_4: 1.135  loss_ce_5: 0.02054  loss_mask_5: 0.04677  loss_dice_5: 1.055  loss_ce_6: 0.02021  loss_mask_6: 0.05811  loss_dice_6: 1.099  loss_ce_7: 0.01761  loss_mask_7: 0.05402  loss_dice_7: 1.116  loss_ce_8: 0.01686  loss_mask_8: 0.04932  loss_dice_8: 0.9965    time: 0.8897  last_time: 1.1595  data_time: 0.2598  last_data_time: 0.2598   lr: 2.0088e-05  max_mem: 13269M
[03/18 15:01:39 d2.utils.events]:  eta: 2:05:59  iter: 11279  total_loss: 9.827  loss_ce: 0.0634  loss_mask: 0.02317  loss_dice: 0.6356  loss_ce_0: 0.3351  loss_mask_0: 0.04653  loss_dice_0: 1.074  loss_ce_1: 0.08643  loss_mask_1: 0.03496  loss_dice_1: 0.831  loss_ce_2: 0.06492  loss_mask_2: 0.02618  loss_dice_2: 0.6648  loss_ce_3: 0.04408  loss_mask_3: 0.03069  loss_dice_3: 1.05  loss_ce_4: 0.1176  loss_mask_4: 0.02795  loss_dice_4: 0.9508  loss_ce_5: 0.06663  loss_mask_5: 0.01787  loss_dice_5: 0.6898  loss_ce_6: 0.05581  loss_mask_6: 0.02577  loss_dice_6: 0.7907  loss_ce_7: 0.1187  loss_mask_7: 0.02577  loss_dice_7: 0.9155  loss_ce_8: 0.05138  loss_mask_8: 0.02284  loss_dice_8: 0.939    time: 0.8898  last_time: 0.9120  data_time: 0.1898  last_data_time: 0.1898   lr: 2.0011e-05  max_mem: 13269M
[03/18 15:01:57 d2.utils.events]:  eta: 2:05:43  iter: 11299  total_loss: 9.502  loss_ce: 0.1669  loss_mask: 0.0493  loss_dice: 0.5326  loss_ce_0: 0.3031  loss_mask_0: 0.0595  loss_dice_0: 0.728  loss_ce_1: 0.19  loss_mask_1: 0.05721  loss_dice_1: 0.7855  loss_ce_2: 0.1583  loss_mask_2: 0.04976  loss_dice_2: 0.6943  loss_ce_3: 0.1491  loss_mask_3: 0.04624  loss_dice_3: 0.503  loss_ce_4: 0.1516  loss_mask_4: 0.05109  loss_dice_4: 0.6854  loss_ce_5: 0.1803  loss_mask_5: 0.04718  loss_dice_5: 0.8372  loss_ce_6: 0.12  loss_mask_6: 0.05232  loss_dice_6: 0.7865  loss_ce_7: 0.1093  loss_mask_7: 0.05501  loss_dice_7: 1.052  loss_ce_8: 0.1486  loss_mask_8: 0.05237  loss_dice_8: 0.7002    time: 0.8898  last_time: 0.9337  data_time: 0.2149  last_data_time: 0.2149   lr: 1.9934e-05  max_mem: 13269M
[03/18 15:02:15 d2.utils.events]:  eta: 2:05:26  iter: 11319  total_loss: 7.601  loss_ce: 0.01481  loss_mask: 0.04393  loss_dice: 0.6487  loss_ce_0: 0.1006  loss_mask_0: 0.06313  loss_dice_0: 0.7158  loss_ce_1: 0.02237  loss_mask_1: 0.04555  loss_dice_1: 0.7308  loss_ce_2: 0.02091  loss_mask_2: 0.05277  loss_dice_2: 0.6932  loss_ce_3: 0.02056  loss_mask_3: 0.04755  loss_dice_3: 0.7115  loss_ce_4: 0.01615  loss_mask_4: 0.04503  loss_dice_4: 0.7079  loss_ce_5: 0.01623  loss_mask_5: 0.0489  loss_dice_5: 0.6984  loss_ce_6: 0.01467  loss_mask_6: 0.04237  loss_dice_6: 0.5866  loss_ce_7: 0.01611  loss_mask_7: 0.05041  loss_dice_7: 0.6371  loss_ce_8: 0.01572  loss_mask_8: 0.04783  loss_dice_8: 0.7254    time: 0.8898  last_time: 0.8846  data_time: 0.1632  last_data_time: 0.1632   lr: 1.9857e-05  max_mem: 13269M
[03/18 15:02:34 d2.utils.events]:  eta: 2:05:10  iter: 11339  total_loss: 10.16  loss_ce: 0.01291  loss_mask: 0.03556  loss_dice: 1.149  loss_ce_0: 0.1759  loss_mask_0: 0.02513  loss_dice_0: 1.016  loss_ce_1: 0.1013  loss_mask_1: 0.02175  loss_dice_1: 0.7608  loss_ce_2: 0.04276  loss_mask_2: 0.02338  loss_dice_2: 0.899  loss_ce_3: 0.03099  loss_mask_3: 0.02805  loss_dice_3: 1.025  loss_ce_4: 0.03609  loss_mask_4: 0.02023  loss_dice_4: 0.641  loss_ce_5: 0.0395  loss_mask_5: 0.02416  loss_dice_5: 0.9624  loss_ce_6: 0.03735  loss_mask_6: 0.03125  loss_dice_6: 0.9688  loss_ce_7: 0.0127  loss_mask_7: 0.03145  loss_dice_7: 1.067  loss_ce_8: 0.03207  loss_mask_8: 0.02309  loss_dice_8: 0.8869    time: 0.8899  last_time: 0.9319  data_time: 0.2173  last_data_time: 0.2173   lr: 1.978e-05  max_mem: 13269M
[03/18 15:02:53 d2.utils.events]:  eta: 2:04:50  iter: 11359  total_loss: 18.06  loss_ce: 0.05431  loss_mask: 0.1286  loss_dice: 1.499  loss_ce_0: 0.8846  loss_mask_0: 0.2293  loss_dice_0: 1.676  loss_ce_1: 0.184  loss_mask_1: 0.1714  loss_dice_1: 1.815  loss_ce_2: 0.09902  loss_mask_2: 0.1299  loss_dice_2: 1.432  loss_ce_3: 0.1172  loss_mask_3: 0.1351  loss_dice_3: 1.397  loss_ce_4: 0.068  loss_mask_4: 0.1307  loss_dice_4: 1.418  loss_ce_5: 0.07129  loss_mask_5: 0.1457  loss_dice_5: 1.412  loss_ce_6: 0.0645  loss_mask_6: 0.1381  loss_dice_6: 1.424  loss_ce_7: 0.06102  loss_mask_7: 0.1213  loss_dice_7: 1.408  loss_ce_8: 0.06022  loss_mask_8: 0.1353  loss_dice_8: 1.446    time: 0.8899  last_time: 0.8453  data_time: 0.1340  last_data_time: 0.1340   lr: 1.9704e-05  max_mem: 13269M
[03/18 15:03:10 d2.utils.events]:  eta: 2:04:31  iter: 11379  total_loss: 7.811  loss_ce: 0.01968  loss_mask: 0.05638  loss_dice: 0.5842  loss_ce_0: 0.148  loss_mask_0: 0.09266  loss_dice_0: 0.9351  loss_ce_1: 0.02713  loss_mask_1: 0.05864  loss_dice_1: 0.714  loss_ce_2: 0.04179  loss_mask_2: 0.05961  loss_dice_2: 0.7222  loss_ce_3: 0.024  loss_mask_3: 0.05603  loss_dice_3: 0.5935  loss_ce_4: 0.01984  loss_mask_4: 0.05677  loss_dice_4: 0.7695  loss_ce_5: 0.01682  loss_mask_5: 0.04769  loss_dice_5: 0.6771  loss_ce_6: 0.01731  loss_mask_6: 0.05325  loss_dice_6: 0.6199  loss_ce_7: 0.01801  loss_mask_7: 0.05218  loss_dice_7: 0.6442  loss_ce_8: 0.0177  loss_mask_8: 0.05693  loss_dice_8: 0.6104    time: 0.8899  last_time: 0.9297  data_time: 0.1271  last_data_time: 0.1271   lr: 1.9627e-05  max_mem: 13269M
[03/18 15:03:29 d2.utils.events]:  eta: 2:04:17  iter: 11399  total_loss: 8.159  loss_ce: 0.01682  loss_mask: 0.03955  loss_dice: 0.9872  loss_ce_0: 0.1234  loss_mask_0: 0.0416  loss_dice_0: 0.7495  loss_ce_1: 0.03294  loss_mask_1: 0.04238  loss_dice_1: 0.6903  loss_ce_2: 0.02408  loss_mask_2: 0.03824  loss_dice_2: 0.7541  loss_ce_3: 0.02313  loss_mask_3: 0.03538  loss_dice_3: 0.7112  loss_ce_4: 0.01944  loss_mask_4: 0.03573  loss_dice_4: 0.6266  loss_ce_5: 0.01715  loss_mask_5: 0.03792  loss_dice_5: 0.7332  loss_ce_6: 0.01896  loss_mask_6: 0.03495  loss_dice_6: 0.7083  loss_ce_7: 0.01744  loss_mask_7: 0.04438  loss_dice_7: 0.8212  loss_ce_8: 0.01539  loss_mask_8: 0.03484  loss_dice_8: 0.6834    time: 0.8899  last_time: 1.2217  data_time: 0.5016  last_data_time: 0.5016   lr: 1.955e-05  max_mem: 13269M
[03/18 15:03:47 d2.utils.events]:  eta: 2:03:56  iter: 11419  total_loss: 10.52  loss_ce: 0.02245  loss_mask: 0.04315  loss_dice: 0.8772  loss_ce_0: 0.3043  loss_mask_0: 0.05587  loss_dice_0: 1.113  loss_ce_1: 0.07826  loss_mask_1: 0.0435  loss_dice_1: 0.8394  loss_ce_2: 0.03242  loss_mask_2: 0.04919  loss_dice_2: 0.9497  loss_ce_3: 0.02461  loss_mask_3: 0.03736  loss_dice_3: 0.8221  loss_ce_4: 0.02313  loss_mask_4: 0.04786  loss_dice_4: 0.9012  loss_ce_5: 0.02158  loss_mask_5: 0.04078  loss_dice_5: 0.9886  loss_ce_6: 0.01969  loss_mask_6: 0.0434  loss_dice_6: 0.9119  loss_ce_7: 0.08044  loss_mask_7: 0.04641  loss_dice_7: 1.043  loss_ce_8: 0.06844  loss_mask_8: 0.04425  loss_dice_8: 0.9425    time: 0.8899  last_time: 0.9160  data_time: 0.1998  last_data_time: 0.1998   lr: 1.9474e-05  max_mem: 13269M
[03/18 15:04:05 d2.utils.events]:  eta: 2:03:42  iter: 11439  total_loss: 9.948  loss_ce: 0.0351  loss_mask: 0.03794  loss_dice: 0.9958  loss_ce_0: 0.2082  loss_mask_0: 0.03917  loss_dice_0: 0.7451  loss_ce_1: 0.08056  loss_mask_1: 0.038  loss_dice_1: 0.9643  loss_ce_2: 0.08211  loss_mask_2: 0.03899  loss_dice_2: 0.9369  loss_ce_3: 0.06577  loss_mask_3: 0.03552  loss_dice_3: 0.8858  loss_ce_4: 0.05054  loss_mask_4: 0.03812  loss_dice_4: 0.7675  loss_ce_5: 0.04516  loss_mask_5: 0.038  loss_dice_5: 0.9433  loss_ce_6: 0.09578  loss_mask_6: 0.03628  loss_dice_6: 0.8554  loss_ce_7: 0.03976  loss_mask_7: 0.04127  loss_dice_7: 0.9076  loss_ce_8: 0.0395  loss_mask_8: 0.03562  loss_dice_8: 0.8248    time: 0.8899  last_time: 0.9052  data_time: 0.1735  last_data_time: 0.1735   lr: 1.9397e-05  max_mem: 13269M
[03/18 15:04:24 d2.utils.events]:  eta: 2:03:24  iter: 11459  total_loss: 19.23  loss_ce: 0.07572  loss_mask: 0.0731  loss_dice: 1.88  loss_ce_0: 0.3501  loss_mask_0: 0.08234  loss_dice_0: 1.807  loss_ce_1: 0.08559  loss_mask_1: 0.06906  loss_dice_1: 1.809  loss_ce_2: 0.09814  loss_mask_2: 0.07564  loss_dice_2: 1.87  loss_ce_3: 0.08338  loss_mask_3: 0.04713  loss_dice_3: 1.284  loss_ce_4: 0.1099  loss_mask_4: 0.07789  loss_dice_4: 1.829  loss_ce_5: 0.07261  loss_mask_5: 0.05885  loss_dice_5: 1.613  loss_ce_6: 0.04947  loss_mask_6: 0.07341  loss_dice_6: 1.848  loss_ce_7: 0.05063  loss_mask_7: 0.07924  loss_dice_7: 1.796  loss_ce_8: 0.06813  loss_mask_8: 0.07011  loss_dice_8: 1.747    time: 0.8900  last_time: 0.9086  data_time: 0.1790  last_data_time: 0.1790   lr: 1.9321e-05  max_mem: 13269M
[03/18 15:04:41 d2.utils.events]:  eta: 2:03:06  iter: 11479  total_loss: 8.687  loss_ce: 0.08622  loss_mask: 0.03613  loss_dice: 0.6905  loss_ce_0: 0.1067  loss_mask_0: 0.04382  loss_dice_0: 0.8408  loss_ce_1: 0.09321  loss_mask_1: 0.04957  loss_dice_1: 0.7702  loss_ce_2: 0.01689  loss_mask_2: 0.04824  loss_dice_2: 0.8526  loss_ce_3: 0.01719  loss_mask_3: 0.05937  loss_dice_3: 0.8072  loss_ce_4: 0.01354  loss_mask_4: 0.05595  loss_dice_4: 0.8949  loss_ce_5: 0.01287  loss_mask_5: 0.05611  loss_dice_5: 0.856  loss_ce_6: 0.08043  loss_mask_6: 0.03404  loss_dice_6: 0.6039  loss_ce_7: 0.0732  loss_mask_7: 0.03492  loss_dice_7: 0.5903  loss_ce_8: 0.07669  loss_mask_8: 0.03575  loss_dice_8: 0.7496    time: 0.8900  last_time: 1.0768  data_time: 0.3600  last_data_time: 0.3600   lr: 1.9244e-05  max_mem: 13269M
[03/18 15:04:59 d2.utils.events]:  eta: 2:02:43  iter: 11499  total_loss: 9.331  loss_ce: 0.02808  loss_mask: 0.02684  loss_dice: 0.7786  loss_ce_0: 0.1032  loss_mask_0: 0.04393  loss_dice_0: 1.114  loss_ce_1: 0.05009  loss_mask_1: 0.0297  loss_dice_1: 1.005  loss_ce_2: 0.04608  loss_mask_2: 0.03162  loss_dice_2: 0.9043  loss_ce_3: 0.03924  loss_mask_3: 0.03063  loss_dice_3: 0.4814  loss_ce_4: 0.04339  loss_mask_4: 0.0291  loss_dice_4: 0.9091  loss_ce_5: 0.03398  loss_mask_5: 0.03286  loss_dice_5: 0.9089  loss_ce_6: 0.03352  loss_mask_6: 0.03094  loss_dice_6: 0.8712  loss_ce_7: 0.02675  loss_mask_7: 0.03625  loss_dice_7: 0.907  loss_ce_8: 0.02843  loss_mask_8: 0.0266  loss_dice_8: 0.6999    time: 0.8899  last_time: 0.8977  data_time: 0.1850  last_data_time: 0.1850   lr: 1.9168e-05  max_mem: 13269M
[03/18 15:05:17 d2.utils.events]:  eta: 2:02:24  iter: 11519  total_loss: 11.9  loss_ce: 0.03001  loss_mask: 0.04941  loss_dice: 0.9898  loss_ce_0: 0.1069  loss_mask_0: 0.05246  loss_dice_0: 1.286  loss_ce_1: 0.03441  loss_mask_1: 0.0485  loss_dice_1: 1.201  loss_ce_2: 0.02984  loss_mask_2: 0.04823  loss_dice_2: 0.9442  loss_ce_3: 0.03064  loss_mask_3: 0.05122  loss_dice_3: 1.13  loss_ce_4: 0.02749  loss_mask_4: 0.04254  loss_dice_4: 1.103  loss_ce_5: 0.02761  loss_mask_5: 0.04683  loss_dice_5: 1.13  loss_ce_6: 0.02954  loss_mask_6: 0.04644  loss_dice_6: 1.023  loss_ce_7: 0.02834  loss_mask_7: 0.04884  loss_dice_7: 1.096  loss_ce_8: 0.0314  loss_mask_8: 0.05465  loss_dice_8: 1.127    time: 0.8899  last_time: 0.8148  data_time: 0.1064  last_data_time: 0.1064   lr: 1.9091e-05  max_mem: 13269M
[03/18 15:05:35 d2.utils.events]:  eta: 2:02:04  iter: 11539  total_loss: 13.11  loss_ce: 0.1248  loss_mask: 0.02831  loss_dice: 1.314  loss_ce_0: 0.1326  loss_mask_0: 0.03581  loss_dice_0: 1.166  loss_ce_1: 0.2221  loss_mask_1: 0.02929  loss_dice_1: 0.8936  loss_ce_2: 0.1721  loss_mask_2: 0.03287  loss_dice_2: 1.339  loss_ce_3: 0.1743  loss_mask_3: 0.019  loss_dice_3: 1.076  loss_ce_4: 0.1991  loss_mask_4: 0.0297  loss_dice_4: 1.036  loss_ce_5: 0.06701  loss_mask_5: 0.02357  loss_dice_5: 0.7302  loss_ce_6: 0.09675  loss_mask_6: 0.02852  loss_dice_6: 1.12  loss_ce_7: 0.1717  loss_mask_7: 0.02777  loss_dice_7: 1.319  loss_ce_8: 0.1627  loss_mask_8: 0.02966  loss_dice_8: 1.309    time: 0.8899  last_time: 0.8414  data_time: 0.1242  last_data_time: 0.1242   lr: 1.9015e-05  max_mem: 13269M
[03/18 15:05:53 d2.utils.events]:  eta: 2:01:46  iter: 11559  total_loss: 11.78  loss_ce: 0.113  loss_mask: 0.03483  loss_dice: 1.001  loss_ce_0: 0.3275  loss_mask_0: 0.05973  loss_dice_0: 1.211  loss_ce_1: 0.1324  loss_mask_1: 0.05727  loss_dice_1: 1.077  loss_ce_2: 0.07319  loss_mask_2: 0.05224  loss_dice_2: 1.113  loss_ce_3: 0.05452  loss_mask_3: 0.0431  loss_dice_3: 1.076  loss_ce_4: 0.04386  loss_mask_4: 0.04366  loss_dice_4: 1.008  loss_ce_5: 0.04722  loss_mask_5: 0.04131  loss_dice_5: 0.8995  loss_ce_6: 0.04523  loss_mask_6: 0.04351  loss_dice_6: 0.8856  loss_ce_7: 0.04211  loss_mask_7: 0.04351  loss_dice_7: 1.039  loss_ce_8: 0.05841  loss_mask_8: 0.04261  loss_dice_8: 1.068    time: 0.8899  last_time: 0.8317  data_time: 0.1060  last_data_time: 0.1060   lr: 1.8939e-05  max_mem: 13269M
[03/18 15:06:11 d2.utils.events]:  eta: 2:01:31  iter: 11579  total_loss: 6.936  loss_ce: 0.03769  loss_mask: 0.02425  loss_dice: 0.579  loss_ce_0: 0.1002  loss_mask_0: 0.0297  loss_dice_0: 0.7049  loss_ce_1: 0.03999  loss_mask_1: 0.02694  loss_dice_1: 0.6206  loss_ce_2: 0.03909  loss_mask_2: 0.02536  loss_dice_2: 0.6393  loss_ce_3: 0.03364  loss_mask_3: 0.02489  loss_dice_3: 0.6397  loss_ce_4: 0.03326  loss_mask_4: 0.02627  loss_dice_4: 0.6042  loss_ce_5: 0.03026  loss_mask_5: 0.02667  loss_dice_5: 0.654  loss_ce_6: 0.02993  loss_mask_6: 0.02349  loss_dice_6: 0.5367  loss_ce_7: 0.02889  loss_mask_7: 0.02616  loss_dice_7: 0.6161  loss_ce_8: 0.03819  loss_mask_8: 0.02497  loss_dice_8: 0.6713    time: 0.8899  last_time: 1.0402  data_time: 0.1108  last_data_time: 0.1108   lr: 1.8863e-05  max_mem: 13269M
[03/18 15:06:29 d2.utils.events]:  eta: 2:01:13  iter: 11599  total_loss: 10.88  loss_ce: 0.02339  loss_mask: 0.04095  loss_dice: 0.9141  loss_ce_0: 0.3608  loss_mask_0: 0.05068  loss_dice_0: 1.08  loss_ce_1: 0.04833  loss_mask_1: 0.05018  loss_dice_1: 1.063  loss_ce_2: 0.04526  loss_mask_2: 0.0407  loss_dice_2: 1.041  loss_ce_3: 0.03032  loss_mask_3: 0.04028  loss_dice_3: 1.03  loss_ce_4: 0.0283  loss_mask_4: 0.03962  loss_dice_4: 0.9535  loss_ce_5: 0.02803  loss_mask_5: 0.03888  loss_dice_5: 0.9149  loss_ce_6: 0.02691  loss_mask_6: 0.03745  loss_dice_6: 1.048  loss_ce_7: 0.02581  loss_mask_7: 0.0401  loss_dice_7: 0.9098  loss_ce_8: 0.02538  loss_mask_8: 0.03407  loss_dice_8: 0.8735    time: 0.8899  last_time: 0.8367  data_time: 0.1099  last_data_time: 0.1099   lr: 1.8787e-05  max_mem: 13269M
[03/18 15:06:47 d2.utils.events]:  eta: 2:00:57  iter: 11619  total_loss: 11.14  loss_ce: 0.09506  loss_mask: 0.04702  loss_dice: 0.9295  loss_ce_0: 0.226  loss_mask_0: 0.07526  loss_dice_0: 1.315  loss_ce_1: 0.1301  loss_mask_1: 0.04797  loss_dice_1: 1.013  loss_ce_2: 0.1194  loss_mask_2: 0.04366  loss_dice_2: 0.8314  loss_ce_3: 0.106  loss_mask_3: 0.04553  loss_dice_3: 0.8233  loss_ce_4: 0.1139  loss_mask_4: 0.04664  loss_dice_4: 0.9752  loss_ce_5: 0.1021  loss_mask_5: 0.04642  loss_dice_5: 0.8556  loss_ce_6: 0.0553  loss_mask_6: 0.04527  loss_dice_6: 1.003  loss_ce_7: 0.09607  loss_mask_7: 0.04226  loss_dice_7: 0.8606  loss_ce_8: 0.09577  loss_mask_8: 0.04576  loss_dice_8: 0.9054    time: 0.8899  last_time: 0.9822  data_time: 0.2538  last_data_time: 0.2538   lr: 1.8711e-05  max_mem: 13269M
[03/18 15:07:05 d2.utils.events]:  eta: 2:00:44  iter: 11639  total_loss: 9.892  loss_ce: 0.151  loss_mask: 0.07089  loss_dice: 0.7792  loss_ce_0: 0.272  loss_mask_0: 0.07386  loss_dice_0: 0.7924  loss_ce_1: 0.06838  loss_mask_1: 0.06399  loss_dice_1: 0.8013  loss_ce_2: 0.1086  loss_mask_2: 0.09122  loss_dice_2: 0.8637  loss_ce_3: 0.1411  loss_mask_3: 0.06572  loss_dice_3: 0.711  loss_ce_4: 0.1761  loss_mask_4: 0.0594  loss_dice_4: 0.7638  loss_ce_5: 0.1614  loss_mask_5: 0.05649  loss_dice_5: 0.742  loss_ce_6: 0.1318  loss_mask_6: 0.06675  loss_dice_6: 0.7425  loss_ce_7: 0.1484  loss_mask_7: 0.06493  loss_dice_7: 0.7321  loss_ce_8: 0.1599  loss_mask_8: 0.07117  loss_dice_8: 0.7613    time: 0.8899  last_time: 0.8628  data_time: 0.1370  last_data_time: 0.1370   lr: 1.8635e-05  max_mem: 13269M
[03/18 15:07:23 d2.utils.events]:  eta: 2:00:28  iter: 11659  total_loss: 9.734  loss_ce: 0.1371  loss_mask: 0.04846  loss_dice: 0.6991  loss_ce_0: 0.256  loss_mask_0: 0.05928  loss_dice_0: 0.8175  loss_ce_1: 0.177  loss_mask_1: 0.04735  loss_dice_1: 0.7615  loss_ce_2: 0.1703  loss_mask_2: 0.04611  loss_dice_2: 0.7265  loss_ce_3: 0.1637  loss_mask_3: 0.0456  loss_dice_3: 0.8365  loss_ce_4: 0.1634  loss_mask_4: 0.04116  loss_dice_4: 0.6088  loss_ce_5: 0.1064  loss_mask_5: 0.04103  loss_dice_5: 0.8533  loss_ce_6: 0.1535  loss_mask_6: 0.03772  loss_dice_6: 0.7353  loss_ce_7: 0.1407  loss_mask_7: 0.05111  loss_dice_7: 0.7849  loss_ce_8: 0.08423  loss_mask_8: 0.05165  loss_dice_8: 0.8885    time: 0.8899  last_time: 0.8801  data_time: 0.1645  last_data_time: 0.1645   lr: 1.8559e-05  max_mem: 13269M
[03/18 15:07:41 d2.utils.events]:  eta: 2:00:06  iter: 11679  total_loss: 5.976  loss_ce: 0.017  loss_mask: 0.0374  loss_dice: 0.5484  loss_ce_0: 0.2829  loss_mask_0: 0.04212  loss_dice_0: 0.6075  loss_ce_1: 0.02483  loss_mask_1: 0.03519  loss_dice_1: 0.5481  loss_ce_2: 0.0308  loss_mask_2: 0.03686  loss_dice_2: 0.4906  loss_ce_3: 0.02248  loss_mask_3: 0.03776  loss_dice_3: 0.5328  loss_ce_4: 0.01894  loss_mask_4: 0.03541  loss_dice_4: 0.4905  loss_ce_5: 0.01829  loss_mask_5: 0.03464  loss_dice_5: 0.4548  loss_ce_6: 0.0184  loss_mask_6: 0.03697  loss_dice_6: 0.5394  loss_ce_7: 0.01776  loss_mask_7: 0.03587  loss_dice_7: 0.4876  loss_ce_8: 0.01673  loss_mask_8: 0.03392  loss_dice_8: 0.4422    time: 0.8899  last_time: 1.1127  data_time: 0.1891  last_data_time: 0.1891   lr: 1.8483e-05  max_mem: 13269M
[03/18 15:08:00 d2.utils.events]:  eta: 1:59:53  iter: 11699  total_loss: 9.716  loss_ce: 0.01043  loss_mask: 0.04625  loss_dice: 0.8737  loss_ce_0: 0.1537  loss_mask_0: 0.05616  loss_dice_0: 0.838  loss_ce_1: 0.02037  loss_mask_1: 0.0451  loss_dice_1: 0.9562  loss_ce_2: 0.08328  loss_mask_2: 0.05836  loss_dice_2: 0.9726  loss_ce_3: 0.01749  loss_mask_3: 0.0485  loss_dice_3: 0.82  loss_ce_4: 0.01189  loss_mask_4: 0.04827  loss_dice_4: 0.9712  loss_ce_5: 0.01018  loss_mask_5: 0.04295  loss_dice_5: 0.8406  loss_ce_6: 0.01065  loss_mask_6: 0.04987  loss_dice_6: 0.9186  loss_ce_7: 0.01155  loss_mask_7: 0.04581  loss_dice_7: 0.833  loss_ce_8: 0.01049  loss_mask_8: 0.04414  loss_dice_8: 0.8668    time: 0.8900  last_time: 0.8500  data_time: 0.1218  last_data_time: 0.1218   lr: 1.8407e-05  max_mem: 13269M
[03/18 15:08:19 d2.utils.events]:  eta: 1:59:37  iter: 11719  total_loss: 6.589  loss_ce: 0.009924  loss_mask: 0.04213  loss_dice: 0.6118  loss_ce_0: 0.1045  loss_mask_0: 0.04014  loss_dice_0: 0.7186  loss_ce_1: 0.04479  loss_mask_1: 0.03745  loss_dice_1: 0.5534  loss_ce_2: 0.01224  loss_mask_2: 0.04236  loss_dice_2: 0.5998  loss_ce_3: 0.01003  loss_mask_3: 0.04141  loss_dice_3: 0.7065  loss_ce_4: 0.01506  loss_mask_4: 0.03976  loss_dice_4: 0.5613  loss_ce_5: 0.0147  loss_mask_5: 0.03411  loss_dice_5: 0.6319  loss_ce_6: 0.01136  loss_mask_6: 0.03464  loss_dice_6: 0.5118  loss_ce_7: 0.01028  loss_mask_7: 0.0361  loss_dice_7: 0.554  loss_ce_8: 0.008906  loss_mask_8: 0.03522  loss_dice_8: 0.5151    time: 0.8900  last_time: 0.8126  data_time: 0.1043  last_data_time: 0.1043   lr: 1.8331e-05  max_mem: 13269M
[03/18 15:08:37 d2.utils.events]:  eta: 1:59:19  iter: 11739  total_loss: 9.62  loss_ce: 0.05083  loss_mask: 0.03801  loss_dice: 0.8375  loss_ce_0: 0.3811  loss_mask_0: 0.06581  loss_dice_0: 0.9988  loss_ce_1: 0.1733  loss_mask_1: 0.04941  loss_dice_1: 0.836  loss_ce_2: 0.1144  loss_mask_2: 0.04047  loss_dice_2: 0.7499  loss_ce_3: 0.06056  loss_mask_3: 0.0405  loss_dice_3: 0.7582  loss_ce_4: 0.0862  loss_mask_4: 0.03598  loss_dice_4: 0.7946  loss_ce_5: 0.05773  loss_mask_5: 0.0437  loss_dice_5: 0.9307  loss_ce_6: 0.04834  loss_mask_6: 0.03805  loss_dice_6: 0.7139  loss_ce_7: 0.04858  loss_mask_7: 0.03503  loss_dice_7: 0.6916  loss_ce_8: 0.04551  loss_mask_8: 0.04111  loss_dice_8: 0.8143    time: 0.8900  last_time: 0.7883  data_time: 0.0677  last_data_time: 0.0677   lr: 1.8256e-05  max_mem: 13269M
[03/18 15:08:55 d2.utils.events]:  eta: 1:59:04  iter: 11759  total_loss: 11.97  loss_ce: 0.02191  loss_mask: 0.0362  loss_dice: 1.129  loss_ce_0: 0.2039  loss_mask_0: 0.03953  loss_dice_0: 1.32  loss_ce_1: 0.0274  loss_mask_1: 0.03907  loss_dice_1: 1.133  loss_ce_2: 0.08511  loss_mask_2: 0.03463  loss_dice_2: 1.152  loss_ce_3: 0.07628  loss_mask_3: 0.03323  loss_dice_3: 0.903  loss_ce_4: 0.02121  loss_mask_4: 0.03344  loss_dice_4: 1.038  loss_ce_5: 0.02068  loss_mask_5: 0.03278  loss_dice_5: 1.018  loss_ce_6: 0.02142  loss_mask_6: 0.03333  loss_dice_6: 0.9757  loss_ce_7: 0.01969  loss_mask_7: 0.03431  loss_dice_7: 0.9187  loss_ce_8: 0.04802  loss_mask_8: 0.03736  loss_dice_8: 1.483    time: 0.8901  last_time: 0.8721  data_time: 0.1538  last_data_time: 0.1538   lr: 1.818e-05  max_mem: 13269M
[03/18 15:09:14 d2.utils.events]:  eta: 1:58:49  iter: 11779  total_loss: 10.68  loss_ce: 0.02118  loss_mask: 0.04133  loss_dice: 0.8839  loss_ce_0: 0.2879  loss_mask_0: 0.1016  loss_dice_0: 1.182  loss_ce_1: 0.08312  loss_mask_1: 0.05197  loss_dice_1: 0.9499  loss_ce_2: 0.0645  loss_mask_2: 0.05426  loss_dice_2: 1.023  loss_ce_3: 0.03501  loss_mask_3: 0.05035  loss_dice_3: 0.8823  loss_ce_4: 0.02685  loss_mask_4: 0.04751  loss_dice_4: 0.9106  loss_ce_5: 0.02435  loss_mask_5: 0.04586  loss_dice_5: 0.9556  loss_ce_6: 0.025  loss_mask_6: 0.05052  loss_dice_6: 0.898  loss_ce_7: 0.02176  loss_mask_7: 0.05459  loss_dice_7: 0.9092  loss_ce_8: 0.02162  loss_mask_8: 0.04825  loss_dice_8: 0.926    time: 0.8901  last_time: 0.8989  data_time: 0.1891  last_data_time: 0.1891   lr: 1.8104e-05  max_mem: 13269M
[03/18 15:09:33 d2.utils.events]:  eta: 1:58:34  iter: 11799  total_loss: 5.88  loss_ce: 0.01471  loss_mask: 0.02842  loss_dice: 0.4581  loss_ce_0: 0.1734  loss_mask_0: 0.03538  loss_dice_0: 0.74  loss_ce_1: 0.03355  loss_mask_1: 0.03303  loss_dice_1: 0.5435  loss_ce_2: 0.03415  loss_mask_2: 0.02892  loss_dice_2: 0.5336  loss_ce_3: 0.02191  loss_mask_3: 0.02835  loss_dice_3: 0.4229  loss_ce_4: 0.01848  loss_mask_4: 0.02734  loss_dice_4: 0.5079  loss_ce_5: 0.01678  loss_mask_5: 0.0283  loss_dice_5: 0.4993  loss_ce_6: 0.01613  loss_mask_6: 0.02858  loss_dice_6: 0.4876  loss_ce_7: 0.01572  loss_mask_7: 0.03154  loss_dice_7: 0.4951  loss_ce_8: 0.01595  loss_mask_8: 0.02902  loss_dice_8: 0.5321    time: 0.8902  last_time: 0.8243  data_time: 0.0917  last_data_time: 0.0917   lr: 1.8029e-05  max_mem: 13269M
[03/18 15:09:51 d2.utils.events]:  eta: 1:58:17  iter: 11819  total_loss: 10.42  loss_ce: 0.08264  loss_mask: 0.04146  loss_dice: 0.774  loss_ce_0: 0.2042  loss_mask_0: 0.0476  loss_dice_0: 0.9982  loss_ce_1: 0.09201  loss_mask_1: 0.04807  loss_dice_1: 0.8706  loss_ce_2: 0.09047  loss_mask_2: 0.03967  loss_dice_2: 0.771  loss_ce_3: 0.08281  loss_mask_3: 0.04633  loss_dice_3: 0.9916  loss_ce_4: 0.08292  loss_mask_4: 0.04309  loss_dice_4: 0.8452  loss_ce_5: 0.08814  loss_mask_5: 0.03717  loss_dice_5: 0.7798  loss_ce_6: 0.08476  loss_mask_6: 0.04562  loss_dice_6: 0.9112  loss_ce_7: 0.1011  loss_mask_7: 0.04696  loss_dice_7: 1.249  loss_ce_8: 0.08109  loss_mask_8: 0.04603  loss_dice_8: 0.7936    time: 0.8902  last_time: 1.0326  data_time: 0.2011  last_data_time: 0.2011   lr: 1.7954e-05  max_mem: 13269M
[03/18 15:10:09 d2.utils.events]:  eta: 1:58:03  iter: 11839  total_loss: 10.03  loss_ce: 0.04855  loss_mask: 0.03987  loss_dice: 0.9969  loss_ce_0: 0.1665  loss_mask_0: 0.05155  loss_dice_0: 1.176  loss_ce_1: 0.04886  loss_mask_1: 0.04002  loss_dice_1: 0.9716  loss_ce_2: 0.09466  loss_mask_2: 0.04651  loss_dice_2: 0.8712  loss_ce_3: 0.06421  loss_mask_3: 0.03402  loss_dice_3: 0.6466  loss_ce_4: 0.06829  loss_mask_4: 0.03555  loss_dice_4: 0.8137  loss_ce_5: 0.06065  loss_mask_5: 0.03643  loss_dice_5: 1.171  loss_ce_6: 0.06772  loss_mask_6: 0.03568  loss_dice_6: 0.7847  loss_ce_7: 0.06783  loss_mask_7: 0.03729  loss_dice_7: 0.6878  loss_ce_8: 0.0572  loss_mask_8: 0.03448  loss_dice_8: 0.7746    time: 0.8902  last_time: 0.8688  data_time: 0.1594  last_data_time: 0.1594   lr: 1.7878e-05  max_mem: 13269M
[03/18 15:10:27 d2.utils.events]:  eta: 1:57:47  iter: 11859  total_loss: 9.436  loss_ce: 0.1315  loss_mask: 0.05693  loss_dice: 0.7784  loss_ce_0: 0.1884  loss_mask_0: 0.05366  loss_dice_0: 0.8448  loss_ce_1: 0.1406  loss_mask_1: 0.03748  loss_dice_1: 0.8928  loss_ce_2: 0.1918  loss_mask_2: 0.03769  loss_dice_2: 0.7535  loss_ce_3: 0.07552  loss_mask_3: 0.04184  loss_dice_3: 0.4648  loss_ce_4: 0.1595  loss_mask_4: 0.04012  loss_dice_4: 0.6218  loss_ce_5: 0.1266  loss_mask_5: 0.06249  loss_dice_5: 0.6063  loss_ce_6: 0.1042  loss_mask_6: 0.06512  loss_dice_6: 1.012  loss_ce_7: 0.1336  loss_mask_7: 0.0649  loss_dice_7: 0.9113  loss_ce_8: 0.1107  loss_mask_8: 0.06079  loss_dice_8: 0.6675    time: 0.8902  last_time: 0.9413  data_time: 0.2333  last_data_time: 0.2333   lr: 1.7803e-05  max_mem: 13269M
[03/18 15:10:45 d2.utils.events]:  eta: 1:57:31  iter: 11879  total_loss: 12.57  loss_ce: 0.1188  loss_mask: 0.04196  loss_dice: 0.9782  loss_ce_0: 0.6398  loss_mask_0: 0.08746  loss_dice_0: 1.19  loss_ce_1: 0.1389  loss_mask_1: 0.0592  loss_dice_1: 1.142  loss_ce_2: 0.1074  loss_mask_2: 0.06642  loss_dice_2: 1.115  loss_ce_3: 0.1372  loss_mask_3: 0.04681  loss_dice_3: 1.013  loss_ce_4: 0.1471  loss_mask_4: 0.04334  loss_dice_4: 0.957  loss_ce_5: 0.1141  loss_mask_5: 0.04305  loss_dice_5: 0.9358  loss_ce_6: 0.1056  loss_mask_6: 0.04774  loss_dice_6: 1.025  loss_ce_7: 0.1151  loss_mask_7: 0.04965  loss_dice_7: 1.03  loss_ce_8: 0.1102  loss_mask_8: 0.04287  loss_dice_8: 0.9185    time: 0.8902  last_time: 0.9494  data_time: 0.2192  last_data_time: 0.2192   lr: 1.7728e-05  max_mem: 13269M
[03/18 15:11:04 d2.utils.events]:  eta: 1:57:18  iter: 11899  total_loss: 6.346  loss_ce: 0.01203  loss_mask: 0.02688  loss_dice: 0.5678  loss_ce_0: 0.1704  loss_mask_0: 0.03325  loss_dice_0: 0.6968  loss_ce_1: 0.01337  loss_mask_1: 0.03104  loss_dice_1: 0.6527  loss_ce_2: 0.01445  loss_mask_2: 0.02219  loss_dice_2: 0.471  loss_ce_3: 0.01217  loss_mask_3: 0.02465  loss_dice_3: 0.5371  loss_ce_4: 0.01197  loss_mask_4: 0.02564  loss_dice_4: 0.5607  loss_ce_5: 0.01202  loss_mask_5: 0.0273  loss_dice_5: 0.5759  loss_ce_6: 0.01175  loss_mask_6: 0.02934  loss_dice_6: 0.6148  loss_ce_7: 0.01077  loss_mask_7: 0.02665  loss_dice_7: 0.5715  loss_ce_8: 0.01149  loss_mask_8: 0.02306  loss_dice_8: 0.547    time: 0.8902  last_time: 0.8798  data_time: 0.1606  last_data_time: 0.1606   lr: 1.7653e-05  max_mem: 13269M
[03/18 15:11:22 d2.utils.events]:  eta: 1:56:59  iter: 11919  total_loss: 10.06  loss_ce: 0.1015  loss_mask: 0.06411  loss_dice: 0.7254  loss_ce_0: 0.1301  loss_mask_0: 0.0608  loss_dice_0: 0.7418  loss_ce_1: 0.0659  loss_mask_1: 0.05944  loss_dice_1: 0.8871  loss_ce_2: 0.02793  loss_mask_2: 0.09829  loss_dice_2: 0.9121  loss_ce_3: 0.02848  loss_mask_3: 0.09742  loss_dice_3: 0.8869  loss_ce_4: 0.02793  loss_mask_4: 0.0943  loss_dice_4: 0.958  loss_ce_5: 0.02419  loss_mask_5: 0.08997  loss_dice_5: 0.8273  loss_ce_6: 0.02682  loss_mask_6: 0.1086  loss_dice_6: 0.9196  loss_ce_7: 0.02604  loss_mask_7: 0.1045  loss_dice_7: 0.8698  loss_ce_8: 0.02738  loss_mask_8: 0.1071  loss_dice_8: 0.9604    time: 0.8903  last_time: 0.9631  data_time: 0.2545  last_data_time: 0.2545   lr: 1.7578e-05  max_mem: 13269M
[03/18 15:11:39 d2.utils.events]:  eta: 1:56:43  iter: 11939  total_loss: 9.116  loss_ce: 0.164  loss_mask: 0.04071  loss_dice: 0.7843  loss_ce_0: 0.2732  loss_mask_0: 0.04528  loss_dice_0: 0.9024  loss_ce_1: 0.09307  loss_mask_1: 0.03722  loss_dice_1: 0.7951  loss_ce_2: 0.09126  loss_mask_2: 0.04088  loss_dice_2: 0.8075  loss_ce_3: 0.08356  loss_mask_3: 0.03395  loss_dice_3: 0.6688  loss_ce_4: 0.09323  loss_mask_4: 0.03165  loss_dice_4: 0.6672  loss_ce_5: 0.08126  loss_mask_5: 0.03124  loss_dice_5: 0.6713  loss_ce_6: 0.07628  loss_mask_6: 0.03609  loss_dice_6: 0.8127  loss_ce_7: 0.08609  loss_mask_7: 0.03676  loss_dice_7: 0.7584  loss_ce_8: 0.07024  loss_mask_8: 0.03754  loss_dice_8: 0.7652    time: 0.8902  last_time: 0.8774  data_time: 0.1676  last_data_time: 0.1676   lr: 1.7503e-05  max_mem: 13269M
[03/18 15:11:57 d2.utils.events]:  eta: 1:56:33  iter: 11959  total_loss: 12.46  loss_ce: 0.02257  loss_mask: 0.01677  loss_dice: 0.5872  loss_ce_0: 0.1099  loss_mask_0: 0.02923  loss_dice_0: 1.845  loss_ce_1: 0.009094  loss_mask_1: 0.04459  loss_dice_1: 1.72  loss_ce_2: 0.01189  loss_mask_2: 0.03827  loss_dice_2: 1.692  loss_ce_3: 0.0246  loss_mask_3: 0.01317  loss_dice_3: 0.8438  loss_ce_4: 0.02622  loss_mask_4: 0.0183  loss_dice_4: 0.9485  loss_ce_5: 0.0253  loss_mask_5: 0.01607  loss_dice_5: 0.9402  loss_ce_6: 0.009619  loss_mask_6: 0.03151  loss_dice_6: 1.719  loss_ce_7: 0.02064  loss_mask_7: 0.01482  loss_dice_7: 0.6263  loss_ce_8: 0.02246  loss_mask_8: 0.0186  loss_dice_8: 1.01    time: 0.8902  last_time: 0.7629  data_time: 0.0631  last_data_time: 0.0631   lr: 1.7428e-05  max_mem: 13269M
[03/18 15:12:15 d2.utils.events]:  eta: 1:56:06  iter: 11979  total_loss: 13.18  loss_ce: 0.06338  loss_mask: 0.04937  loss_dice: 0.9289  loss_ce_0: 0.3253  loss_mask_0: 0.05879  loss_dice_0: 1.121  loss_ce_1: 0.1455  loss_mask_1: 0.0552  loss_dice_1: 1.234  loss_ce_2: 0.1302  loss_mask_2: 0.0467  loss_dice_2: 1.038  loss_ce_3: 0.1454  loss_mask_3: 0.06974  loss_dice_3: 1.242  loss_ce_4: 0.1349  loss_mask_4: 0.0639  loss_dice_4: 1.09  loss_ce_5: 0.159  loss_mask_5: 0.06448  loss_dice_5: 1.096  loss_ce_6: 0.1567  loss_mask_6: 0.06648  loss_dice_6: 1.25  loss_ce_7: 0.1277  loss_mask_7: 0.07186  loss_dice_7: 1.042  loss_ce_8: 0.0824  loss_mask_8: 0.05395  loss_dice_8: 1.066    time: 0.8902  last_time: 0.8658  data_time: 0.1540  last_data_time: 0.1540   lr: 1.7353e-05  max_mem: 13269M
[03/18 15:12:33 d2.utils.events]:  eta: 1:55:57  iter: 11999  total_loss: 8.917  loss_ce: 0.01968  loss_mask: 0.03544  loss_dice: 0.7279  loss_ce_0: 0.22  loss_mask_0: 0.05335  loss_dice_0: 0.7885  loss_ce_1: 0.09193  loss_mask_1: 0.03984  loss_dice_1: 0.7473  loss_ce_2: 0.03959  loss_mask_2: 0.04101  loss_dice_2: 0.7747  loss_ce_3: 0.03059  loss_mask_3: 0.03297  loss_dice_3: 0.6337  loss_ce_4: 0.05627  loss_mask_4: 0.03758  loss_dice_4: 0.927  loss_ce_5: 0.03143  loss_mask_5: 0.03633  loss_dice_5: 0.8264  loss_ce_6: 0.04463  loss_mask_6: 0.03585  loss_dice_6: 0.9422  loss_ce_7: 0.01716  loss_mask_7: 0.0422  loss_dice_7: 0.8753  loss_ce_8: 0.01907  loss_mask_8: 0.0308  loss_dice_8: 0.7187    time: 0.8902  last_time: 0.8453  data_time: 0.1410  last_data_time: 0.1410   lr: 1.7278e-05  max_mem: 13269M
[03/18 15:12:51 d2.utils.events]:  eta: 1:55:42  iter: 12019  total_loss: 16.3  loss_ce: 0.03476  loss_mask: 0.05766  loss_dice: 1.437  loss_ce_0: 0.3983  loss_mask_0: 0.1067  loss_dice_0: 1.835  loss_ce_1: 0.08513  loss_mask_1: 0.06424  loss_dice_1: 1.416  loss_ce_2: 0.07785  loss_mask_2: 0.05638  loss_dice_2: 1.476  loss_ce_3: 0.06463  loss_mask_3: 0.06186  loss_dice_3: 1.357  loss_ce_4: 0.02912  loss_mask_4: 0.05916  loss_dice_4: 1.361  loss_ce_5: 0.09386  loss_mask_5: 0.06656  loss_dice_5: 1.529  loss_ce_6: 0.03378  loss_mask_6: 0.06298  loss_dice_6: 1.331  loss_ce_7: 0.05733  loss_mask_7: 0.04725  loss_dice_7: 1.619  loss_ce_8: 0.07624  loss_mask_8: 0.06351  loss_dice_8: 1.347    time: 0.8902  last_time: 1.4126  data_time: 0.6608  last_data_time: 0.6608   lr: 1.7204e-05  max_mem: 13269M
[03/18 15:13:09 d2.utils.events]:  eta: 1:55:27  iter: 12039  total_loss: 11.51  loss_ce: 0.07018  loss_mask: 0.03683  loss_dice: 0.8413  loss_ce_0: 0.6107  loss_mask_0: 0.05183  loss_dice_0: 1.013  loss_ce_1: 0.187  loss_mask_1: 0.04523  loss_dice_1: 1.044  loss_ce_2: 0.08244  loss_mask_2: 0.04581  loss_dice_2: 1.057  loss_ce_3: 0.08651  loss_mask_3: 0.04117  loss_dice_3: 0.9238  loss_ce_4: 0.06715  loss_mask_4: 0.04096  loss_dice_4: 0.8944  loss_ce_5: 0.05983  loss_mask_5: 0.0426  loss_dice_5: 0.9575  loss_ce_6: 0.07767  loss_mask_6: 0.04328  loss_dice_6: 1.057  loss_ce_7: 0.07664  loss_mask_7: 0.03698  loss_dice_7: 0.9322  loss_ce_8: 0.09277  loss_mask_8: 0.03722  loss_dice_8: 0.9578    time: 0.8902  last_time: 0.8507  data_time: 0.1298  last_data_time: 0.1298   lr: 1.7129e-05  max_mem: 13269M
[03/18 15:13:27 d2.utils.events]:  eta: 1:55:05  iter: 12059  total_loss: 9.545  loss_ce: 0.07736  loss_mask: 0.04699  loss_dice: 0.6737  loss_ce_0: 0.4011  loss_mask_0: 0.08352  loss_dice_0: 1.029  loss_ce_1: 0.1277  loss_mask_1: 0.06426  loss_dice_1: 0.8518  loss_ce_2: 0.09478  loss_mask_2: 0.04403  loss_dice_2: 0.7006  loss_ce_3: 0.1116  loss_mask_3: 0.04897  loss_dice_3: 0.7114  loss_ce_4: 0.1609  loss_mask_4: 0.04575  loss_dice_4: 0.8166  loss_ce_5: 0.05587  loss_mask_5: 0.04831  loss_dice_5: 0.7392  loss_ce_6: 0.1073  loss_mask_6: 0.04774  loss_dice_6: 0.7238  loss_ce_7: 0.1082  loss_mask_7: 0.04755  loss_dice_7: 0.7255  loss_ce_8: 0.07159  loss_mask_8: 0.04207  loss_dice_8: 0.7373    time: 0.8902  last_time: 0.8309  data_time: 0.1113  last_data_time: 0.1113   lr: 1.7055e-05  max_mem: 13269M
[03/18 15:13:45 d2.utils.events]:  eta: 1:54:39  iter: 12079  total_loss: 10.31  loss_ce: 0.07306  loss_mask: 0.03634  loss_dice: 0.7664  loss_ce_0: 0.1424  loss_mask_0: 0.04913  loss_dice_0: 0.7801  loss_ce_1: 0.02385  loss_mask_1: 0.05014  loss_dice_1: 1.104  loss_ce_2: 0.02943  loss_mask_2: 0.04334  loss_dice_2: 1.056  loss_ce_3: 0.04213  loss_mask_3: 0.04365  loss_dice_3: 1.042  loss_ce_4: 0.02886  loss_mask_4: 0.05042  loss_dice_4: 1.057  loss_ce_5: 0.0276  loss_mask_5: 0.04245  loss_dice_5: 0.9336  loss_ce_6: 0.03054  loss_mask_6: 0.03577  loss_dice_6: 0.7994  loss_ce_7: 0.1064  loss_mask_7: 0.03223  loss_dice_7: 0.8862  loss_ce_8: 0.03023  loss_mask_8: 0.04536  loss_dice_8: 0.9238    time: 0.8902  last_time: 0.8746  data_time: 0.1609  last_data_time: 0.1609   lr: 1.698e-05  max_mem: 13269M
[03/18 15:14:03 d2.utils.events]:  eta: 1:54:23  iter: 12099  total_loss: 9.907  loss_ce: 0.1149  loss_mask: 0.04504  loss_dice: 0.7354  loss_ce_0: 0.4081  loss_mask_0: 0.05167  loss_dice_0: 0.9635  loss_ce_1: 0.2057  loss_mask_1: 0.04677  loss_dice_1: 0.7653  loss_ce_2: 0.1898  loss_mask_2: 0.04139  loss_dice_2: 0.7684  loss_ce_3: 0.1782  loss_mask_3: 0.04154  loss_dice_3: 0.8522  loss_ce_4: 0.1314  loss_mask_4: 0.04072  loss_dice_4: 0.7163  loss_ce_5: 0.1267  loss_mask_5: 0.03982  loss_dice_5: 0.8032  loss_ce_6: 0.06745  loss_mask_6: 0.04477  loss_dice_6: 0.7373  loss_ce_7: 0.1019  loss_mask_7: 0.04198  loss_dice_7: 0.7823  loss_ce_8: 0.1049  loss_mask_8: 0.03766  loss_dice_8: 0.7222    time: 0.8902  last_time: 0.9000  data_time: 0.1717  last_data_time: 0.1717   lr: 1.6906e-05  max_mem: 13269M
[03/18 15:14:20 d2.utils.events]:  eta: 1:54:11  iter: 12119  total_loss: 7.899  loss_ce: 0.0314  loss_mask: 0.01706  loss_dice: 0.6457  loss_ce_0: 0.1501  loss_mask_0: 0.0171  loss_dice_0: 0.6816  loss_ce_1: 0.04509  loss_mask_1: 0.01743  loss_dice_1: 0.6965  loss_ce_2: 0.1219  loss_mask_2: 0.02021  loss_dice_2: 1.031  loss_ce_3: 0.04551  loss_mask_3: 0.04084  loss_dice_3: 0.9441  loss_ce_4: 0.03453  loss_mask_4: 0.01374  loss_dice_4: 0.6395  loss_ce_5: 0.03491  loss_mask_5: 0.01928  loss_dice_5: 0.6787  loss_ce_6: 0.03474  loss_mask_6: 0.01531  loss_dice_6: 0.5408  loss_ce_7: 0.03176  loss_mask_7: 0.01611  loss_dice_7: 0.6167  loss_ce_8: 0.03231  loss_mask_8: 0.01561  loss_dice_8: 0.6694    time: 0.8901  last_time: 0.8533  data_time: 0.1412  last_data_time: 0.1412   lr: 1.6832e-05  max_mem: 13269M
[03/18 15:14:38 d2.utils.events]:  eta: 1:53:56  iter: 12139  total_loss: 6.456  loss_ce: 0.01416  loss_mask: 0.0383  loss_dice: 0.5375  loss_ce_0: 0.1831  loss_mask_0: 0.06753  loss_dice_0: 0.8893  loss_ce_1: 0.029  loss_mask_1: 0.04023  loss_dice_1: 0.4675  loss_ce_2: 0.03079  loss_mask_2: 0.03896  loss_dice_2: 0.526  loss_ce_3: 0.02144  loss_mask_3: 0.04089  loss_dice_3: 0.5155  loss_ce_4: 0.01692  loss_mask_4: 0.04058  loss_dice_4: 0.5619  loss_ce_5: 0.01735  loss_mask_5: 0.0418  loss_dice_5: 0.542  loss_ce_6: 0.01571  loss_mask_6: 0.03971  loss_dice_6: 0.5585  loss_ce_7: 0.01457  loss_mask_7: 0.03787  loss_dice_7: 0.5336  loss_ce_8: 0.01359  loss_mask_8: 0.03789  loss_dice_8: 0.5439    time: 0.8901  last_time: 0.9021  data_time: 0.1940  last_data_time: 0.1940   lr: 1.6757e-05  max_mem: 13269M
[03/18 15:14:56 d2.utils.events]:  eta: 1:53:47  iter: 12159  total_loss: 13.4  loss_ce: 0.02663  loss_mask: 0.06586  loss_dice: 1.184  loss_ce_0: 0.2214  loss_mask_0: 0.07903  loss_dice_0: 1.458  loss_ce_1: 0.06282  loss_mask_1: 0.07273  loss_dice_1: 1.08  loss_ce_2: 0.06084  loss_mask_2: 0.05585  loss_dice_2: 1.005  loss_ce_3: 0.03748  loss_mask_3: 0.06476  loss_dice_3: 1.147  loss_ce_4: 0.03913  loss_mask_4: 0.06529  loss_dice_4: 1.215  loss_ce_5: 0.1009  loss_mask_5: 0.06251  loss_dice_5: 1.154  loss_ce_6: 0.07293  loss_mask_6: 0.06829  loss_dice_6: 1.181  loss_ce_7: 0.08404  loss_mask_7: 0.06808  loss_dice_7: 1.402  loss_ce_8: 0.02548  loss_mask_8: 0.06558  loss_dice_8: 1.17    time: 0.8902  last_time: 0.9313  data_time: 0.2214  last_data_time: 0.2214   lr: 1.6683e-05  max_mem: 13269M
[03/18 15:15:15 d2.utils.events]:  eta: 1:53:32  iter: 12179  total_loss: 4.847  loss_ce: 0.008096  loss_mask: 0.03559  loss_dice: 0.3729  loss_ce_0: 0.1006  loss_mask_0: 0.035  loss_dice_0: 0.3835  loss_ce_1: 0.007919  loss_mask_1: 0.04325  loss_dice_1: 0.3823  loss_ce_2: 0.008221  loss_mask_2: 0.04329  loss_dice_2: 0.4771  loss_ce_3: 0.01378  loss_mask_3: 0.03441  loss_dice_3: 0.3938  loss_ce_4: 0.008106  loss_mask_4: 0.03851  loss_dice_4: 0.4506  loss_ce_5: 0.007812  loss_mask_5: 0.0401  loss_dice_5: 0.4352  loss_ce_6: 0.00741  loss_mask_6: 0.04376  loss_dice_6: 0.4754  loss_ce_7: 0.008076  loss_mask_7: 0.04145  loss_dice_7: 0.4521  loss_ce_8: 0.007585  loss_mask_8: 0.0409  loss_dice_8: 0.45    time: 0.8902  last_time: 0.8728  data_time: 0.1715  last_data_time: 0.1715   lr: 1.6609e-05  max_mem: 13269M
[03/18 15:15:33 d2.utils.events]:  eta: 1:53:13  iter: 12199  total_loss: 7.987  loss_ce: 0.0462  loss_mask: 0.03539  loss_dice: 0.6078  loss_ce_0: 0.1502  loss_mask_0: 0.0409  loss_dice_0: 0.7789  loss_ce_1: 0.01311  loss_mask_1: 0.09387  loss_dice_1: 1.058  loss_ce_2: 0.05923  loss_mask_2: 0.03449  loss_dice_2: 0.4578  loss_ce_3: 0.05102  loss_mask_3: 0.04019  loss_dice_3: 0.8102  loss_ce_4: 0.05442  loss_mask_4: 0.03728  loss_dice_4: 0.5426  loss_ce_5: 0.05047  loss_mask_5: 0.03897  loss_dice_5: 0.8694  loss_ce_6: 0.04558  loss_mask_6: 0.03913  loss_dice_6: 0.539  loss_ce_7: 0.04328  loss_mask_7: 0.03958  loss_dice_7: 0.5951  loss_ce_8: 0.04572  loss_mask_8: 0.03587  loss_dice_8: 0.7335    time: 0.8902  last_time: 0.9533  data_time: 0.2472  last_data_time: 0.2472   lr: 1.6535e-05  max_mem: 13269M
[03/18 15:15:52 d2.utils.events]:  eta: 1:52:58  iter: 12219  total_loss: 9.54  loss_ce: 0.08101  loss_mask: 0.01907  loss_dice: 0.7205  loss_ce_0: 0.3843  loss_mask_0: 0.03034  loss_dice_0: 1.28  loss_ce_1: 0.1753  loss_mask_1: 0.03096  loss_dice_1: 0.739  loss_ce_2: 0.1401  loss_mask_2: 0.01993  loss_dice_2: 0.7508  loss_ce_3: 0.1113  loss_mask_3: 0.02136  loss_dice_3: 0.8513  loss_ce_4: 0.04786  loss_mask_4: 0.02029  loss_dice_4: 0.7949  loss_ce_5: 0.1358  loss_mask_5: 0.02191  loss_dice_5: 0.8438  loss_ce_6: 0.1141  loss_mask_6: 0.01812  loss_dice_6: 0.694  loss_ce_7: 0.07886  loss_mask_7: 0.01984  loss_dice_7: 0.6678  loss_ce_8: 0.07274  loss_mask_8: 0.01653  loss_dice_8: 0.6376    time: 0.8903  last_time: 0.9039  data_time: 0.1582  last_data_time: 0.1582   lr: 1.6461e-05  max_mem: 13269M
[03/18 15:16:09 d2.utils.events]:  eta: 1:52:37  iter: 12239  total_loss: 11.51  loss_ce: 0.07986  loss_mask: 0.04307  loss_dice: 1.007  loss_ce_0: 0.2921  loss_mask_0: 0.04244  loss_dice_0: 1.292  loss_ce_1: 0.09671  loss_mask_1: 0.04214  loss_dice_1: 1.005  loss_ce_2: 0.09447  loss_mask_2: 0.04313  loss_dice_2: 0.9664  loss_ce_3: 0.07334  loss_mask_3: 0.03557  loss_dice_3: 1.047  loss_ce_4: 0.07237  loss_mask_4: 0.03679  loss_dice_4: 0.8697  loss_ce_5: 0.06069  loss_mask_5: 0.04234  loss_dice_5: 1.066  loss_ce_6: 0.04037  loss_mask_6: 0.04151  loss_dice_6: 1.013  loss_ce_7: 0.04035  loss_mask_7: 0.04136  loss_dice_7: 0.9511  loss_ce_8: 0.07347  loss_mask_8: 0.04263  loss_dice_8: 0.9619    time: 0.8902  last_time: 0.8532  data_time: 0.1437  last_data_time: 0.1437   lr: 1.6388e-05  max_mem: 13269M
[03/18 15:16:27 d2.utils.events]:  eta: 1:52:19  iter: 12259  total_loss: 11.13  loss_ce: 0.04227  loss_mask: 0.03636  loss_dice: 0.9203  loss_ce_0: 0.2001  loss_mask_0: 0.03883  loss_dice_0: 1.085  loss_ce_1: 0.1344  loss_mask_1: 0.04655  loss_dice_1: 1.142  loss_ce_2: 0.1191  loss_mask_2: 0.04512  loss_dice_2: 0.8402  loss_ce_3: 0.08193  loss_mask_3: 0.04052  loss_dice_3: 0.8892  loss_ce_4: 0.1086  loss_mask_4: 0.03692  loss_dice_4: 0.8054  loss_ce_5: 0.1015  loss_mask_5: 0.03939  loss_dice_5: 0.887  loss_ce_6: 0.1017  loss_mask_6: 0.05746  loss_dice_6: 1.059  loss_ce_7: 0.0873  loss_mask_7: 0.05123  loss_dice_7: 1.102  loss_ce_8: 0.04392  loss_mask_8: 0.04258  loss_dice_8: 0.9441    time: 0.8902  last_time: 0.8807  data_time: 0.1662  last_data_time: 0.1662   lr: 1.6314e-05  max_mem: 13269M
[03/18 15:16:44 d2.utils.events]:  eta: 1:51:50  iter: 12279  total_loss: 7.957  loss_ce: 0.03209  loss_mask: 0.03518  loss_dice: 0.6707  loss_ce_0: 0.1179  loss_mask_0: 0.05018  loss_dice_0: 0.9258  loss_ce_1: 0.0163  loss_mask_1: 0.04932  loss_dice_1: 0.7666  loss_ce_2: 0.02469  loss_mask_2: 0.04659  loss_dice_2: 0.6838  loss_ce_3: 0.02249  loss_mask_3: 0.04805  loss_dice_3: 0.7407  loss_ce_4: 0.01729  loss_mask_4: 0.04302  loss_dice_4: 0.7411  loss_ce_5: 0.01503  loss_mask_5: 0.04515  loss_dice_5: 0.7079  loss_ce_6: 0.02126  loss_mask_6: 0.04029  loss_dice_6: 0.6863  loss_ce_7: 0.02563  loss_mask_7: 0.04131  loss_dice_7: 0.6137  loss_ce_8: 0.02571  loss_mask_8: 0.03721  loss_dice_8: 0.6652    time: 0.8902  last_time: 0.9510  data_time: 0.2322  last_data_time: 0.2322   lr: 1.624e-05  max_mem: 13269M
[03/18 15:17:02 d2.utils.events]:  eta: 1:51:31  iter: 12299  total_loss: 8.494  loss_ce: 0.01824  loss_mask: 0.04724  loss_dice: 0.7761  loss_ce_0: 0.162  loss_mask_0: 0.05232  loss_dice_0: 0.7368  loss_ce_1: 0.02687  loss_mask_1: 0.05977  loss_dice_1: 0.9435  loss_ce_2: 0.01919  loss_mask_2: 0.04522  loss_dice_2: 0.6901  loss_ce_3: 0.02163  loss_mask_3: 0.05023  loss_dice_3: 0.6898  loss_ce_4: 0.01933  loss_mask_4: 0.05158  loss_dice_4: 0.77  loss_ce_5: 0.02027  loss_mask_5: 0.04505  loss_dice_5: 0.6624  loss_ce_6: 0.02412  loss_mask_6: 0.05217  loss_dice_6: 0.755  loss_ce_7: 0.02507  loss_mask_7: 0.0531  loss_dice_7: 0.8709  loss_ce_8: 0.0178  loss_mask_8: 0.04589  loss_dice_8: 0.7426    time: 0.8901  last_time: 0.8699  data_time: 0.1636  last_data_time: 0.1636   lr: 1.6167e-05  max_mem: 13269M
[03/18 15:17:20 d2.utils.events]:  eta: 1:51:11  iter: 12319  total_loss: 12.09  loss_ce: 0.05995  loss_mask: 0.04099  loss_dice: 0.9295  loss_ce_0: 0.2285  loss_mask_0: 0.04801  loss_dice_0: 1.166  loss_ce_1: 0.1015  loss_mask_1: 0.04723  loss_dice_1: 1.045  loss_ce_2: 0.05871  loss_mask_2: 0.04827  loss_dice_2: 1.318  loss_ce_3: 0.0946  loss_mask_3: 0.05636  loss_dice_3: 1.096  loss_ce_4: 0.09636  loss_mask_4: 0.0487  loss_dice_4: 0.9591  loss_ce_5: 0.09268  loss_mask_5: 0.05042  loss_dice_5: 0.9838  loss_ce_6: 0.119  loss_mask_6: 0.05087  loss_dice_6: 1.057  loss_ce_7: 0.08889  loss_mask_7: 0.04664  loss_dice_7: 1.002  loss_ce_8: 0.1409  loss_mask_8: 0.04339  loss_dice_8: 0.9734    time: 0.8901  last_time: 1.1639  data_time: 0.4548  last_data_time: 0.4548   lr: 1.6093e-05  max_mem: 13269M
[03/18 15:17:37 d2.utils.events]:  eta: 1:50:47  iter: 12339  total_loss: 8.385  loss_ce: 0.01449  loss_mask: 0.03123  loss_dice: 0.8112  loss_ce_0: 0.1438  loss_mask_0: 0.03545  loss_dice_0: 0.8526  loss_ce_1: 0.05554  loss_mask_1: 0.02565  loss_dice_1: 0.8069  loss_ce_2: 0.04294  loss_mask_2: 0.04244  loss_dice_2: 0.8181  loss_ce_3: 0.01802  loss_mask_3: 0.03544  loss_dice_3: 0.765  loss_ce_4: 0.01526  loss_mask_4: 0.03112  loss_dice_4: 0.8103  loss_ce_5: 0.01431  loss_mask_5: 0.0342  loss_dice_5: 0.7586  loss_ce_6: 0.01496  loss_mask_6: 0.03059  loss_dice_6: 0.7642  loss_ce_7: 0.01325  loss_mask_7: 0.03127  loss_dice_7: 0.6957  loss_ce_8: 0.01445  loss_mask_8: 0.03151  loss_dice_8: 0.6264    time: 0.8900  last_time: 0.7957  data_time: 0.0669  last_data_time: 0.0669   lr: 1.602e-05  max_mem: 13269M
[03/18 15:17:55 d2.utils.events]:  eta: 1:50:30  iter: 12359  total_loss: 8.731  loss_ce: 0.01577  loss_mask: 0.04793  loss_dice: 0.7811  loss_ce_0: 0.104  loss_mask_0: 0.0484  loss_dice_0: 0.776  loss_ce_1: 0.03304  loss_mask_1: 0.04603  loss_dice_1: 0.7498  loss_ce_2: 0.03427  loss_mask_2: 0.05552  loss_dice_2: 0.9012  loss_ce_3: 0.01852  loss_mask_3: 0.04195  loss_dice_3: 0.788  loss_ce_4: 0.01721  loss_mask_4: 0.04441  loss_dice_4: 0.779  loss_ce_5: 0.0162  loss_mask_5: 0.04526  loss_dice_5: 0.7725  loss_ce_6: 0.01543  loss_mask_6: 0.04873  loss_dice_6: 0.714  loss_ce_7: 0.01605  loss_mask_7: 0.04946  loss_dice_7: 0.8215  loss_ce_8: 0.01696  loss_mask_8: 0.05127  loss_dice_8: 0.8811    time: 0.8900  last_time: 0.8620  data_time: 0.1512  last_data_time: 0.1512   lr: 1.5947e-05  max_mem: 13269M
[03/18 15:18:13 d2.utils.events]:  eta: 1:50:12  iter: 12379  total_loss: 8.621  loss_ce: 0.01956  loss_mask: 0.03943  loss_dice: 0.726  loss_ce_0: 0.1057  loss_mask_0: 0.03799  loss_dice_0: 0.8818  loss_ce_1: 0.03376  loss_mask_1: 0.03998  loss_dice_1: 0.7538  loss_ce_2: 0.02567  loss_mask_2: 0.04084  loss_dice_2: 0.7657  loss_ce_3: 0.02497  loss_mask_3: 0.04327  loss_dice_3: 0.7634  loss_ce_4: 0.02193  loss_mask_4: 0.04643  loss_dice_4: 0.8413  loss_ce_5: 0.01924  loss_mask_5: 0.03758  loss_dice_5: 0.7298  loss_ce_6: 0.02024  loss_mask_6: 0.04021  loss_dice_6: 0.8656  loss_ce_7: 0.01829  loss_mask_7: 0.04202  loss_dice_7: 0.7628  loss_ce_8: 0.01969  loss_mask_8: 0.04362  loss_dice_8: 0.8104    time: 0.8901  last_time: 0.8198  data_time: 0.1066  last_data_time: 0.1066   lr: 1.5874e-05  max_mem: 13269M
[03/18 15:18:32 d2.utils.events]:  eta: 1:49:54  iter: 12399  total_loss: 10.64  loss_ce: 0.1092  loss_mask: 0.03521  loss_dice: 0.8104  loss_ce_0: 0.5349  loss_mask_0: 0.05602  loss_dice_0: 1.03  loss_ce_1: 0.1388  loss_mask_1: 0.04445  loss_dice_1: 0.8073  loss_ce_2: 0.1461  loss_mask_2: 0.04207  loss_dice_2: 0.7908  loss_ce_3: 0.1519  loss_mask_3: 0.04118  loss_dice_3: 0.8979  loss_ce_4: 0.1156  loss_mask_4: 0.0369  loss_dice_4: 0.8898  loss_ce_5: 0.1178  loss_mask_5: 0.03825  loss_dice_5: 0.8786  loss_ce_6: 0.1056  loss_mask_6: 0.03714  loss_dice_6: 0.816  loss_ce_7: 0.0942  loss_mask_7: 0.04126  loss_dice_7: 0.8844  loss_ce_8: 0.1071  loss_mask_8: 0.03831  loss_dice_8: 0.8022    time: 0.8901  last_time: 0.8850  data_time: 0.1706  last_data_time: 0.1706   lr: 1.5801e-05  max_mem: 13269M
[03/18 15:18:50 d2.utils.events]:  eta: 1:49:38  iter: 12419  total_loss: 9.484  loss_ce: 0.02681  loss_mask: 0.05895  loss_dice: 0.7956  loss_ce_0: 0.1414  loss_mask_0: 0.08501  loss_dice_0: 0.9467  loss_ce_1: 0.06849  loss_mask_1: 0.07252  loss_dice_1: 0.839  loss_ce_2: 0.04422  loss_mask_2: 0.05968  loss_dice_2: 0.7949  loss_ce_3: 0.04574  loss_mask_3: 0.0567  loss_dice_3: 0.8569  loss_ce_4: 0.03182  loss_mask_4: 0.05004  loss_dice_4: 0.7554  loss_ce_5: 0.03753  loss_mask_5: 0.04733  loss_dice_5: 0.8126  loss_ce_6: 0.03409  loss_mask_6: 0.05952  loss_dice_6: 0.8824  loss_ce_7: 0.0335  loss_mask_7: 0.05994  loss_dice_7: 0.8725  loss_ce_8: 0.02499  loss_mask_8: 0.05374  loss_dice_8: 0.8359    time: 0.8901  last_time: 1.0126  data_time: 0.2931  last_data_time: 0.2931   lr: 1.5728e-05  max_mem: 13269M
[03/18 15:19:08 d2.utils.events]:  eta: 1:49:19  iter: 12439  total_loss: 13.07  loss_ce: 0.1941  loss_mask: 0.0903  loss_dice: 0.9637  loss_ce_0: 0.2612  loss_mask_0: 0.06595  loss_dice_0: 1.201  loss_ce_1: 0.169  loss_mask_1: 0.07766  loss_dice_1: 1.099  loss_ce_2: 0.2068  loss_mask_2: 0.05478  loss_dice_2: 1.102  loss_ce_3: 0.1787  loss_mask_3: 0.07782  loss_dice_3: 1.002  loss_ce_4: 0.1278  loss_mask_4: 0.08767  loss_dice_4: 1.048  loss_ce_5: 0.1733  loss_mask_5: 0.09398  loss_dice_5: 1.031  loss_ce_6: 0.2121  loss_mask_6: 0.04369  loss_dice_6: 0.955  loss_ce_7: 0.1883  loss_mask_7: 0.09465  loss_dice_7: 0.9774  loss_ce_8: 0.202  loss_mask_8: 0.0767  loss_dice_8: 1.017    time: 0.8901  last_time: 0.9548  data_time: 0.2376  last_data_time: 0.2376   lr: 1.5655e-05  max_mem: 13269M
[03/18 15:19:25 d2.utils.events]:  eta: 1:49:00  iter: 12459  total_loss: 9.734  loss_ce: 0.04769  loss_mask: 0.04647  loss_dice: 0.9796  loss_ce_0: 0.2252  loss_mask_0: 0.06773  loss_dice_0: 1.035  loss_ce_1: 0.06048  loss_mask_1: 0.04489  loss_dice_1: 1.022  loss_ce_2: 0.05182  loss_mask_2: 0.04065  loss_dice_2: 0.89  loss_ce_3: 0.0407  loss_mask_3: 0.04349  loss_dice_3: 0.7614  loss_ce_4: 0.02755  loss_mask_4: 0.05573  loss_dice_4: 0.8451  loss_ce_5: 0.02874  loss_mask_5: 0.04801  loss_dice_5: 0.8031  loss_ce_6: 0.0234  loss_mask_6: 0.04548  loss_dice_6: 0.8043  loss_ce_7: 0.02243  loss_mask_7: 0.04526  loss_dice_7: 0.7983  loss_ce_8: 0.02487  loss_mask_8: 0.04084  loss_dice_8: 0.7639    time: 0.8901  last_time: 0.8127  data_time: 0.0861  last_data_time: 0.0861   lr: 1.5582e-05  max_mem: 13269M
[03/18 15:19:43 d2.utils.events]:  eta: 1:48:40  iter: 12479  total_loss: 7.602  loss_ce: 0.02643  loss_mask: 0.04538  loss_dice: 0.682  loss_ce_0: 0.1386  loss_mask_0: 0.05034  loss_dice_0: 0.6941  loss_ce_1: 0.01972  loss_mask_1: 0.03805  loss_dice_1: 0.5483  loss_ce_2: 0.01574  loss_mask_2: 0.04355  loss_dice_2: 0.7084  loss_ce_3: 0.04024  loss_mask_3: 0.03923  loss_dice_3: 0.6424  loss_ce_4: 0.01994  loss_mask_4: 0.0405  loss_dice_4: 0.6173  loss_ce_5: 0.01504  loss_mask_5: 0.03676  loss_dice_5: 0.7044  loss_ce_6: 0.01729  loss_mask_6: 0.04651  loss_dice_6: 0.7966  loss_ce_7: 0.01848  loss_mask_7: 0.03607  loss_dice_7: 0.8172  loss_ce_8: 0.01915  loss_mask_8: 0.03919  loss_dice_8: 0.6445    time: 0.8900  last_time: 0.8298  data_time: 0.1163  last_data_time: 0.1163   lr: 1.5509e-05  max_mem: 13269M
[03/18 15:20:01 d2.utils.events]:  eta: 1:48:25  iter: 12499  total_loss: 12.96  loss_ce: 0.04745  loss_mask: 0.03698  loss_dice: 1.028  loss_ce_0: 0.3552  loss_mask_0: 0.0412  loss_dice_0: 1.358  loss_ce_1: 0.1702  loss_mask_1: 0.04494  loss_dice_1: 1.246  loss_ce_2: 0.2233  loss_mask_2: 0.03842  loss_dice_2: 1.127  loss_ce_3: 0.1036  loss_mask_3: 0.03969  loss_dice_3: 1.109  loss_ce_4: 0.1064  loss_mask_4: 0.03821  loss_dice_4: 0.9367  loss_ce_5: 0.1392  loss_mask_5: 0.02647  loss_dice_5: 0.9684  loss_ce_6: 0.04746  loss_mask_6: 0.0417  loss_dice_6: 1.198  loss_ce_7: 0.1308  loss_mask_7: 0.03861  loss_dice_7: 1.005  loss_ce_8: 0.05224  loss_mask_8: 0.04059  loss_dice_8: 1.219    time: 0.8900  last_time: 0.8689  data_time: 0.1507  last_data_time: 0.1507   lr: 1.5437e-05  max_mem: 13269M
[03/18 15:20:19 d2.utils.events]:  eta: 1:48:09  iter: 12519  total_loss: 11.58  loss_ce: 0.09573  loss_mask: 0.04716  loss_dice: 0.9299  loss_ce_0: 0.2655  loss_mask_0: 0.05458  loss_dice_0: 1.053  loss_ce_1: 0.09027  loss_mask_1: 0.04298  loss_dice_1: 0.8737  loss_ce_2: 0.137  loss_mask_2: 0.0687  loss_dice_2: 0.9717  loss_ce_3: 0.1111  loss_mask_3: 0.0503  loss_dice_3: 0.973  loss_ce_4: 0.1171  loss_mask_4: 0.06042  loss_dice_4: 0.9792  loss_ce_5: 0.1356  loss_mask_5: 0.04971  loss_dice_5: 1.221  loss_ce_6: 0.1034  loss_mask_6: 0.04551  loss_dice_6: 0.8591  loss_ce_7: 0.05753  loss_mask_7: 0.04272  loss_dice_7: 0.9598  loss_ce_8: 0.05647  loss_mask_8: 0.0476  loss_dice_8: 1.081    time: 0.8900  last_time: 0.8837  data_time: 0.1676  last_data_time: 0.1676   lr: 1.5364e-05  max_mem: 13269M
[03/18 15:20:36 d2.utils.events]:  eta: 1:47:53  iter: 12539  total_loss: 7.948  loss_ce: 0.01208  loss_mask: 0.02691  loss_dice: 0.7589  loss_ce_0: 0.336  loss_mask_0: 0.04121  loss_dice_0: 0.9109  loss_ce_1: 0.01523  loss_mask_1: 0.02706  loss_dice_1: 0.805  loss_ce_2: 0.03107  loss_mask_2: 0.02258  loss_dice_2: 0.5832  loss_ce_3: 0.01581  loss_mask_3: 0.02156  loss_dice_3: 0.6202  loss_ce_4: 0.0122  loss_mask_4: 0.02207  loss_dice_4: 0.6753  loss_ce_5: 0.06453  loss_mask_5: 0.0243  loss_dice_5: 0.6462  loss_ce_6: 0.01415  loss_mask_6: 0.02044  loss_dice_6: 0.6677  loss_ce_7: 0.01251  loss_mask_7: 0.02621  loss_dice_7: 0.6735  loss_ce_8: 0.02044  loss_mask_8: 0.02334  loss_dice_8: 0.817    time: 0.8900  last_time: 0.8173  data_time: 0.1047  last_data_time: 0.1047   lr: 1.5292e-05  max_mem: 13269M
[03/18 15:20:55 d2.utils.events]:  eta: 1:47:36  iter: 12559  total_loss: 7.64  loss_ce: 0.02622  loss_mask: 0.0399  loss_dice: 0.7953  loss_ce_0: 0.2486  loss_mask_0: 0.04055  loss_dice_0: 0.6371  loss_ce_1: 0.08399  loss_mask_1: 0.02795  loss_dice_1: 0.589  loss_ce_2: 0.02514  loss_mask_2: 0.03389  loss_dice_2: 0.6671  loss_ce_3: 0.0265  loss_mask_3: 0.03065  loss_dice_3: 0.6266  loss_ce_4: 0.02336  loss_mask_4: 0.03114  loss_dice_4: 0.6398  loss_ce_5: 0.02737  loss_mask_5: 0.03476  loss_dice_5: 0.6736  loss_ce_6: 0.03005  loss_mask_6: 0.03688  loss_dice_6: 0.7015  loss_ce_7: 0.09448  loss_mask_7: 0.04188  loss_dice_7: 0.638  loss_ce_8: 0.08404  loss_mask_8: 0.03624  loss_dice_8: 0.6481    time: 0.8900  last_time: 0.9260  data_time: 0.1998  last_data_time: 0.1998   lr: 1.5219e-05  max_mem: 13269M
[03/18 15:21:12 d2.utils.events]:  eta: 1:47:19  iter: 12579  total_loss: 8.461  loss_ce: 0.01303  loss_mask: 0.06155  loss_dice: 0.7554  loss_ce_0: 0.09898  loss_mask_0: 0.08309  loss_dice_0: 0.756  loss_ce_1: 0.01622  loss_mask_1: 0.06093  loss_dice_1: 0.7504  loss_ce_2: 0.0151  loss_mask_2: 0.06957  loss_dice_2: 0.7865  loss_ce_3: 0.01412  loss_mask_3: 0.06351  loss_dice_3: 0.7514  loss_ce_4: 0.01283  loss_mask_4: 0.05655  loss_dice_4: 0.7388  loss_ce_5: 0.01236  loss_mask_5: 0.07221  loss_dice_5: 0.8433  loss_ce_6: 0.07702  loss_mask_6: 0.05722  loss_dice_6: 0.6373  loss_ce_7: 0.01203  loss_mask_7: 0.06302  loss_dice_7: 0.7482  loss_ce_8: 0.01194  loss_mask_8: 0.06227  loss_dice_8: 0.7598    time: 0.8900  last_time: 1.1200  data_time: 0.2399  last_data_time: 0.2399   lr: 1.5147e-05  max_mem: 13269M
[03/18 15:21:30 d2.utils.events]:  eta: 1:47:02  iter: 12599  total_loss: 13.38  loss_ce: 0.0396  loss_mask: 0.03386  loss_dice: 1.546  loss_ce_0: 0.1412  loss_mask_0: 0.02994  loss_dice_0: 1.382  loss_ce_1: 0.06716  loss_mask_1: 0.02917  loss_dice_1: 1.161  loss_ce_2: 0.1357  loss_mask_2: 0.02805  loss_dice_2: 1.109  loss_ce_3: 0.09067  loss_mask_3: 0.03304  loss_dice_3: 1.22  loss_ce_4: 0.0432  loss_mask_4: 0.02595  loss_dice_4: 1.182  loss_ce_5: 0.0833  loss_mask_5: 0.03002  loss_dice_5: 1.246  loss_ce_6: 0.03459  loss_mask_6: 0.02848  loss_dice_6: 1.189  loss_ce_7: 0.07706  loss_mask_7: 0.03053  loss_dice_7: 1.074  loss_ce_8: 0.08228  loss_mask_8: 0.03381  loss_dice_8: 1.172    time: 0.8899  last_time: 0.8132  data_time: 0.1011  last_data_time: 0.1011   lr: 1.5075e-05  max_mem: 13269M
[03/18 15:21:47 d2.utils.events]:  eta: 1:46:44  iter: 12619  total_loss: 15.8  loss_ce: 0.07074  loss_mask: 0.1283  loss_dice: 1.242  loss_ce_0: 0.726  loss_mask_0: 0.2636  loss_dice_0: 1.523  loss_ce_1: 0.1469  loss_mask_1: 0.1462  loss_dice_1: 1.352  loss_ce_2: 0.1089  loss_mask_2: 0.1339  loss_dice_2: 1.298  loss_ce_3: 0.09707  loss_mask_3: 0.1419  loss_dice_3: 1.287  loss_ce_4: 0.1247  loss_mask_4: 0.1464  loss_dice_4: 1.206  loss_ce_5: 0.08759  loss_mask_5: 0.1291  loss_dice_5: 1.174  loss_ce_6: 0.07835  loss_mask_6: 0.1399  loss_dice_6: 1.224  loss_ce_7: 0.07427  loss_mask_7: 0.137  loss_dice_7: 1.181  loss_ce_8: 0.07438  loss_mask_8: 0.1341  loss_dice_8: 1.221    time: 0.8899  last_time: 0.9486  data_time: 0.2232  last_data_time: 0.2232   lr: 1.5003e-05  max_mem: 13269M
[03/18 15:22:05 d2.utils.events]:  eta: 1:46:28  iter: 12639  total_loss: 11.06  loss_ce: 0.07314  loss_mask: 0.03373  loss_dice: 0.8278  loss_ce_0: 0.3587  loss_mask_0: 0.03917  loss_dice_0: 1.092  loss_ce_1: 0.05592  loss_mask_1: 0.03225  loss_dice_1: 0.9737  loss_ce_2: 0.1438  loss_mask_2: 0.03482  loss_dice_2: 0.9688  loss_ce_3: 0.07205  loss_mask_3: 0.03194  loss_dice_3: 0.876  loss_ce_4: 0.07651  loss_mask_4: 0.03915  loss_dice_4: 1.075  loss_ce_5: 0.02316  loss_mask_5: 0.03616  loss_dice_5: 1.027  loss_ce_6: 0.02103  loss_mask_6: 0.03577  loss_dice_6: 0.9527  loss_ce_7: 0.06202  loss_mask_7: 0.0363  loss_dice_7: 0.9229  loss_ce_8: 0.08717  loss_mask_8: 0.03525  loss_dice_8: 1.021    time: 0.8899  last_time: 0.8275  data_time: 0.1099  last_data_time: 0.1099   lr: 1.4931e-05  max_mem: 13269M
[03/18 15:22:24 d2.utils.events]:  eta: 1:46:11  iter: 12659  total_loss: 13.87  loss_ce: 0.05607  loss_mask: 0.03813  loss_dice: 1.293  loss_ce_0: 0.1778  loss_mask_0: 0.0376  loss_dice_0: 1.377  loss_ce_1: 0.07195  loss_mask_1: 0.03656  loss_dice_1: 1.371  loss_ce_2: 0.06979  loss_mask_2: 0.03946  loss_dice_2: 1.369  loss_ce_3: 0.09825  loss_mask_3: 0.03504  loss_dice_3: 1.184  loss_ce_4: 0.07355  loss_mask_4: 0.03438  loss_dice_4: 1.122  loss_ce_5: 0.06939  loss_mask_5: 0.03686  loss_dice_5: 1.289  loss_ce_6: 0.06607  loss_mask_6: 0.03492  loss_dice_6: 1.148  loss_ce_7: 0.07296  loss_mask_7: 0.03608  loss_dice_7: 1.303  loss_ce_8: 0.06827  loss_mask_8: 0.03239  loss_dice_8: 1.231    time: 0.8899  last_time: 0.8857  data_time: 0.1750  last_data_time: 0.1750   lr: 1.4859e-05  max_mem: 13269M
[03/18 15:22:42 d2.utils.events]:  eta: 1:45:56  iter: 12679  total_loss: 8.948  loss_ce: 0.009837  loss_mask: 0.04179  loss_dice: 0.7992  loss_ce_0: 0.2861  loss_mask_0: 0.07408  loss_dice_0: 1.077  loss_ce_1: 0.02843  loss_mask_1: 0.04079  loss_dice_1: 0.782  loss_ce_2: 0.01769  loss_mask_2: 0.04512  loss_dice_2: 0.84  loss_ce_3: 0.01907  loss_mask_3: 0.03635  loss_dice_3: 0.6959  loss_ce_4: 0.0155  loss_mask_4: 0.04157  loss_dice_4: 0.7394  loss_ce_5: 0.01409  loss_mask_5: 0.04273  loss_dice_5: 0.7865  loss_ce_6: 0.03155  loss_mask_6: 0.03769  loss_dice_6: 0.7776  loss_ce_7: 0.025  loss_mask_7: 0.0384  loss_dice_7: 0.6776  loss_ce_8: 0.01017  loss_mask_8: 0.04242  loss_dice_8: 0.8744    time: 0.8900  last_time: 1.0700  data_time: 0.2162  last_data_time: 0.2162   lr: 1.4787e-05  max_mem: 13269M
[03/18 15:23:00 d2.utils.events]:  eta: 1:45:35  iter: 12699  total_loss: 10.86  loss_ce: 0.1803  loss_mask: 0.03337  loss_dice: 0.6559  loss_ce_0: 0.1478  loss_mask_0: 0.05324  loss_dice_0: 0.9188  loss_ce_1: 0.1919  loss_mask_1: 0.03656  loss_dice_1: 0.7024  loss_ce_2: 0.1704  loss_mask_2: 0.04316  loss_dice_2: 0.7533  loss_ce_3: 0.06199  loss_mask_3: 0.09199  loss_dice_3: 1.055  loss_ce_4: 0.04289  loss_mask_4: 0.08421  loss_dice_4: 1.409  loss_ce_5: 0.05951  loss_mask_5: 0.0769  loss_dice_5: 1.119  loss_ce_6: 0.1211  loss_mask_6: 0.04351  loss_dice_6: 1.143  loss_ce_7: 0.173  loss_mask_7: 0.04439  loss_dice_7: 0.7104  loss_ce_8: 0.1889  loss_mask_8: 0.03073  loss_dice_8: 0.5185    time: 0.8900  last_time: 0.9094  data_time: 0.2028  last_data_time: 0.2028   lr: 1.4716e-05  max_mem: 13269M
[03/18 15:23:19 d2.utils.events]:  eta: 1:45:20  iter: 12719  total_loss: 11.09  loss_ce: 0.03662  loss_mask: 0.05753  loss_dice: 0.9283  loss_ce_0: 0.2175  loss_mask_0: 0.05977  loss_dice_0: 1.242  loss_ce_1: 0.1149  loss_mask_1: 0.06907  loss_dice_1: 1.148  loss_ce_2: 0.0392  loss_mask_2: 0.04887  loss_dice_2: 0.9328  loss_ce_3: 0.04185  loss_mask_3: 0.04744  loss_dice_3: 0.9062  loss_ce_4: 0.05807  loss_mask_4: 0.04942  loss_dice_4: 0.8585  loss_ce_5: 0.05555  loss_mask_5: 0.04992  loss_dice_5: 0.8997  loss_ce_6: 0.04608  loss_mask_6: 0.04953  loss_dice_6: 0.8509  loss_ce_7: 0.05973  loss_mask_7: 0.05471  loss_dice_7: 1.044  loss_ce_8: 0.056  loss_mask_8: 0.06933  loss_dice_8: 0.9999    time: 0.8900  last_time: 0.8864  data_time: 0.1578  last_data_time: 0.1578   lr: 1.4644e-05  max_mem: 13269M
[03/18 15:23:37 d2.utils.events]:  eta: 1:45:04  iter: 12739  total_loss: 11.62  loss_ce: 0.1007  loss_mask: 0.05697  loss_dice: 1.011  loss_ce_0: 0.1521  loss_mask_0: 0.05015  loss_dice_0: 1.048  loss_ce_1: 0.04141  loss_mask_1: 0.05045  loss_dice_1: 0.9823  loss_ce_2: 0.03056  loss_mask_2: 0.06141  loss_dice_2: 1.22  loss_ce_3: 0.02062  loss_mask_3: 0.05725  loss_dice_3: 1.101  loss_ce_4: 0.01843  loss_mask_4: 0.05177  loss_dice_4: 1.082  loss_ce_5: 0.01712  loss_mask_5: 0.05797  loss_dice_5: 1.132  loss_ce_6: 0.01808  loss_mask_6: 0.05234  loss_dice_6: 1.106  loss_ce_7: 0.01948  loss_mask_7: 0.05589  loss_dice_7: 1.042  loss_ce_8: 0.01769  loss_mask_8: 0.04972  loss_dice_8: 0.9205    time: 0.8900  last_time: 0.9549  data_time: 0.2364  last_data_time: 0.2364   lr: 1.4573e-05  max_mem: 13269M
[03/18 15:23:54 d2.utils.events]:  eta: 1:44:43  iter: 12759  total_loss: 10.2  loss_ce: 0.07294  loss_mask: 0.04476  loss_dice: 0.816  loss_ce_0: 0.1521  loss_mask_0: 0.05177  loss_dice_0: 0.8823  loss_ce_1: 0.08687  loss_mask_1: 0.04143  loss_dice_1: 1.026  loss_ce_2: 0.08272  loss_mask_2: 0.04536  loss_dice_2: 0.9521  loss_ce_3: 0.07946  loss_mask_3: 0.05218  loss_dice_3: 0.9698  loss_ce_4: 0.06437  loss_mask_4: 0.04362  loss_dice_4: 0.9093  loss_ce_5: 0.06794  loss_mask_5: 0.0465  loss_dice_5: 0.8901  loss_ce_6: 0.05825  loss_mask_6: 0.04333  loss_dice_6: 0.6802  loss_ce_7: 0.05727  loss_mask_7: 0.04535  loss_dice_7: 0.9981  loss_ce_8: 0.06391  loss_mask_8: 0.03717  loss_dice_8: 0.8346    time: 0.8900  last_time: 0.9643  data_time: 0.2490  last_data_time: 0.2490   lr: 1.4501e-05  max_mem: 13269M
[03/18 15:24:12 d2.utils.events]:  eta: 1:44:24  iter: 12779  total_loss: 7.4  loss_ce: 0.06936  loss_mask: 0.03979  loss_dice: 0.5858  loss_ce_0: 0.1966  loss_mask_0: 0.03895  loss_dice_0: 0.5223  loss_ce_1: 0.1241  loss_mask_1: 0.04239  loss_dice_1: 0.5482  loss_ce_2: 0.1202  loss_mask_2: 0.03943  loss_dice_2: 0.5507  loss_ce_3: 0.122  loss_mask_3: 0.03771  loss_dice_3: 0.589  loss_ce_4: 0.06761  loss_mask_4: 0.04857  loss_dice_4: 0.6551  loss_ce_5: 0.06163  loss_mask_5: 0.04179  loss_dice_5: 0.5824  loss_ce_6: 0.1153  loss_mask_6: 0.04653  loss_dice_6: 0.6723  loss_ce_7: 0.1124  loss_mask_7: 0.04064  loss_dice_7: 0.534  loss_ce_8: 0.1119  loss_mask_8: 0.04449  loss_dice_8: 0.6388    time: 0.8900  last_time: 1.1046  data_time: 0.0721  last_data_time: 0.0721   lr: 1.443e-05  max_mem: 13269M
[03/18 15:24:32 d2.utils.events]:  eta: 1:44:08  iter: 12799  total_loss: 8.636  loss_ce: 0.08736  loss_mask: 0.03973  loss_dice: 0.7799  loss_ce_0: 0.2024  loss_mask_0: 0.03797  loss_dice_0: 0.7358  loss_ce_1: 0.06664  loss_mask_1: 0.03677  loss_dice_1: 0.7513  loss_ce_2: 0.03201  loss_mask_2: 0.03963  loss_dice_2: 0.7218  loss_ce_3: 0.1117  loss_mask_3: 0.03682  loss_dice_3: 1.006  loss_ce_4: 0.02647  loss_mask_4: 0.04055  loss_dice_4: 0.7509  loss_ce_5: 0.02564  loss_mask_5: 0.04269  loss_dice_5: 0.8005  loss_ce_6: 0.02584  loss_mask_6: 0.04413  loss_dice_6: 0.7196  loss_ce_7: 0.02524  loss_mask_7: 0.04088  loss_dice_7: 0.6984  loss_ce_8: 0.02658  loss_mask_8: 0.03768  loss_dice_8: 0.6454    time: 0.8901  last_time: 0.9443  data_time: 0.2303  last_data_time: 0.2303   lr: 1.4359e-05  max_mem: 13270M
[03/18 15:24:50 d2.utils.events]:  eta: 1:43:51  iter: 12819  total_loss: 8.616  loss_ce: 0.04069  loss_mask: 0.04152  loss_dice: 0.7468  loss_ce_0: 0.24  loss_mask_0: 0.06238  loss_dice_0: 0.7298  loss_ce_1: 0.08175  loss_mask_1: 0.04003  loss_dice_1: 0.6812  loss_ce_2: 0.04033  loss_mask_2: 0.04337  loss_dice_2: 0.7596  loss_ce_3: 0.03779  loss_mask_3: 0.04228  loss_dice_3: 0.8343  loss_ce_4: 0.03674  loss_mask_4: 0.04369  loss_dice_4: 0.8706  loss_ce_5: 0.03904  loss_mask_5: 0.04293  loss_dice_5: 0.6986  loss_ce_6: 0.1141  loss_mask_6: 0.03554  loss_dice_6: 0.6471  loss_ce_7: 0.1206  loss_mask_7: 0.0301  loss_dice_7: 0.5734  loss_ce_8: 0.04316  loss_mask_8: 0.04678  loss_dice_8: 0.8523    time: 0.8901  last_time: 0.9729  data_time: 0.2490  last_data_time: 0.2490   lr: 1.4288e-05  max_mem: 13270M
[03/18 15:25:08 d2.utils.events]:  eta: 1:43:32  iter: 12839  total_loss: 23.65  loss_ce: 0.2355  loss_mask: 0.1605  loss_dice: 1.778  loss_ce_0: 0.6926  loss_mask_0: 0.2544  loss_dice_0: 2.109  loss_ce_1: 0.2205  loss_mask_1: 0.1663  loss_dice_1: 1.959  loss_ce_2: 0.2491  loss_mask_2: 0.1436  loss_dice_2: 1.827  loss_ce_3: 0.2151  loss_mask_3: 0.1622  loss_dice_3: 1.849  loss_ce_4: 0.1772  loss_mask_4: 0.1528  loss_dice_4: 1.859  loss_ce_5: 0.1741  loss_mask_5: 0.1949  loss_dice_5: 2.025  loss_ce_6: 0.237  loss_mask_6: 0.1577  loss_dice_6: 1.995  loss_ce_7: 0.2198  loss_mask_7: 0.1452  loss_dice_7: 1.967  loss_ce_8: 0.2198  loss_mask_8: 0.1336  loss_dice_8: 1.967    time: 0.8902  last_time: 1.2927  data_time: 0.5796  last_data_time: 0.5796   lr: 1.4217e-05  max_mem: 13270M
[03/18 15:25:27 d2.utils.events]:  eta: 1:43:13  iter: 12859  total_loss: 7.622  loss_ce: 0.02219  loss_mask: 0.0232  loss_dice: 0.8793  loss_ce_0: 0.204  loss_mask_0: 0.02095  loss_dice_0: 0.7158  loss_ce_1: 0.03847  loss_mask_1: 0.02059  loss_dice_1: 0.6102  loss_ce_2: 0.03958  loss_mask_2: 0.02485  loss_dice_2: 0.7427  loss_ce_3: 0.02558  loss_mask_3: 0.01808  loss_dice_3: 0.7408  loss_ce_4: 0.02374  loss_mask_4: 0.01655  loss_dice_4: 0.5922  loss_ce_5: 0.02216  loss_mask_5: 0.01947  loss_dice_5: 0.661  loss_ce_6: 0.022  loss_mask_6: 0.02034  loss_dice_6: 0.7163  loss_ce_7: 0.02401  loss_mask_7: 0.02079  loss_dice_7: 0.6764  loss_ce_8: 0.02258  loss_mask_8: 0.02324  loss_dice_8: 0.6346    time: 0.8902  last_time: 0.9320  data_time: 0.2114  last_data_time: 0.2114   lr: 1.4146e-05  max_mem: 13270M
[03/18 15:25:44 d2.utils.events]:  eta: 1:42:55  iter: 12879  total_loss: 6.046  loss_ce: 0.02091  loss_mask: 0.04091  loss_dice: 0.4974  loss_ce_0: 0.1222  loss_mask_0: 0.05952  loss_dice_0: 0.5422  loss_ce_1: 0.03663  loss_mask_1: 0.04789  loss_dice_1: 0.5137  loss_ce_2: 0.03045  loss_mask_2: 0.04508  loss_dice_2: 0.4978  loss_ce_3: 0.02497  loss_mask_3: 0.04886  loss_dice_3: 0.5964  loss_ce_4: 0.02259  loss_mask_4: 0.04867  loss_dice_4: 0.4848  loss_ce_5: 0.02183  loss_mask_5: 0.0431  loss_dice_5: 0.5067  loss_ce_6: 0.02126  loss_mask_6: 0.04497  loss_dice_6: 0.5315  loss_ce_7: 0.02121  loss_mask_7: 0.04618  loss_dice_7: 0.5361  loss_ce_8: 0.02141  loss_mask_8: 0.04876  loss_dice_8: 0.5224    time: 0.8901  last_time: 0.8276  data_time: 0.1189  last_data_time: 0.1189   lr: 1.4076e-05  max_mem: 13270M
[03/18 15:26:01 d2.utils.events]:  eta: 1:42:35  iter: 12899  total_loss: 6.863  loss_ce: 0.01396  loss_mask: 0.03569  loss_dice: 0.6384  loss_ce_0: 0.1797  loss_mask_0: 0.03822  loss_dice_0: 0.8555  loss_ce_1: 0.02729  loss_mask_1: 0.03984  loss_dice_1: 0.6036  loss_ce_2: 0.015  loss_mask_2: 0.03578  loss_dice_2: 0.5643  loss_ce_3: 0.01531  loss_mask_3: 0.03609  loss_dice_3: 0.5355  loss_ce_4: 0.01359  loss_mask_4: 0.03256  loss_dice_4: 0.5898  loss_ce_5: 0.01378  loss_mask_5: 0.03359  loss_dice_5: 0.5575  loss_ce_6: 0.01258  loss_mask_6: 0.03921  loss_dice_6: 0.5705  loss_ce_7: 0.0148  loss_mask_7: 0.03864  loss_dice_7: 0.6153  loss_ce_8: 0.01495  loss_mask_8: 0.03557  loss_dice_8: 0.6464    time: 0.8901  last_time: 0.8282  data_time: 0.1162  last_data_time: 0.1162   lr: 1.4005e-05  max_mem: 13270M
[03/18 15:26:19 d2.utils.events]:  eta: 1:42:17  iter: 12919  total_loss: 12.11  loss_ce: 0.0438  loss_mask: 0.0661  loss_dice: 1.044  loss_ce_0: 0.263  loss_mask_0: 0.1196  loss_dice_0: 1.144  loss_ce_1: 0.07555  loss_mask_1: 0.07949  loss_dice_1: 1.117  loss_ce_2: 0.04891  loss_mask_2: 0.06385  loss_dice_2: 1.01  loss_ce_3: 0.05211  loss_mask_3: 0.0631  loss_dice_3: 1.078  loss_ce_4: 0.04993  loss_mask_4: 0.06999  loss_dice_4: 1.041  loss_ce_5: 0.03715  loss_mask_5: 0.06598  loss_dice_5: 1.002  loss_ce_6: 0.03893  loss_mask_6: 0.06658  loss_dice_6: 1.044  loss_ce_7: 0.1333  loss_mask_7: 0.06919  loss_dice_7: 1.19  loss_ce_8: 0.04166  loss_mask_8: 0.06322  loss_dice_8: 0.9285    time: 0.8900  last_time: 0.9277  data_time: 0.2134  last_data_time: 0.2134   lr: 1.3935e-05  max_mem: 13270M
[03/18 15:26:36 d2.utils.events]:  eta: 1:41:58  iter: 12939  total_loss: 12.62  loss_ce: 0.0625  loss_mask: 0.03238  loss_dice: 1.412  loss_ce_0: 0.2007  loss_mask_0: 0.03994  loss_dice_0: 1.207  loss_ce_1: 0.07787  loss_mask_1: 0.03758  loss_dice_1: 1.107  loss_ce_2: 0.05927  loss_mask_2: 0.04279  loss_dice_2: 1.236  loss_ce_3: 0.07751  loss_mask_3: 0.03634  loss_dice_3: 1.22  loss_ce_4: 0.1103  loss_mask_4: 0.02867  loss_dice_4: 0.7703  loss_ce_5: 0.1751  loss_mask_5: 0.03826  loss_dice_5: 1.04  loss_ce_6: 0.09482  loss_mask_6: 0.03555  loss_dice_6: 1.124  loss_ce_7: 0.08145  loss_mask_7: 0.0366  loss_dice_7: 1.153  loss_ce_8: 0.1276  loss_mask_8: 0.03061  loss_dice_8: 0.9211    time: 0.8900  last_time: 0.8873  data_time: 0.1686  last_data_time: 0.1686   lr: 1.3864e-05  max_mem: 13270M
[03/18 15:26:55 d2.utils.events]:  eta: 1:41:34  iter: 12959  total_loss: 7.718  loss_ce: 0.02797  loss_mask: 0.02337  loss_dice: 0.5967  loss_ce_0: 0.4839  loss_mask_0: 0.033  loss_dice_0: 0.7516  loss_ce_1: 0.1147  loss_mask_1: 0.02717  loss_dice_1: 0.6341  loss_ce_2: 0.07291  loss_mask_2: 0.02937  loss_dice_2: 0.7422  loss_ce_3: 0.06861  loss_mask_3: 0.02435  loss_dice_3: 0.6672  loss_ce_4: 0.04321  loss_mask_4: 0.02528  loss_dice_4: 0.6003  loss_ce_5: 0.03282  loss_mask_5: 0.02261  loss_dice_5: 0.5246  loss_ce_6: 0.03086  loss_mask_6: 0.02503  loss_dice_6: 0.6784  loss_ce_7: 0.02944  loss_mask_7: 0.02365  loss_dice_7: 0.6905  loss_ce_8: 0.02705  loss_mask_8: 0.02616  loss_dice_8: 0.6408    time: 0.8900  last_time: 0.9031  data_time: 0.1707  last_data_time: 0.1707   lr: 1.3794e-05  max_mem: 13270M
[03/18 15:27:13 d2.utils.events]:  eta: 1:41:16  iter: 12979  total_loss: 8.13  loss_ce: 0.0329  loss_mask: 0.05419  loss_dice: 0.6893  loss_ce_0: 0.3244  loss_mask_0: 0.05198  loss_dice_0: 0.7794  loss_ce_1: 0.06986  loss_mask_1: 0.07961  loss_dice_1: 0.6793  loss_ce_2: 0.05877  loss_mask_2: 0.04351  loss_dice_2: 0.5762  loss_ce_3: 0.03765  loss_mask_3: 0.04597  loss_dice_3: 0.6848  loss_ce_4: 0.03663  loss_mask_4: 0.05781  loss_dice_4: 0.744  loss_ce_5: 0.03439  loss_mask_5: 0.04875  loss_dice_5: 0.6655  loss_ce_6: 0.03106  loss_mask_6: 0.05317  loss_dice_6: 0.6818  loss_ce_7: 0.08669  loss_mask_7: 0.0631  loss_dice_7: 0.6832  loss_ce_8: 0.03366  loss_mask_8: 0.04795  loss_dice_8: 0.6544    time: 0.8901  last_time: 1.0188  data_time: 0.3128  last_data_time: 0.3128   lr: 1.3724e-05  max_mem: 13270M
[03/18 15:27:31 d2.utils.events]:  eta: 1:40:59  iter: 12999  total_loss: 10.39  loss_ce: 0.07279  loss_mask: 0.02828  loss_dice: 0.9542  loss_ce_0: 0.3496  loss_mask_0: 0.03961  loss_dice_0: 0.9384  loss_ce_1: 0.1019  loss_mask_1: 0.03018  loss_dice_1: 0.8135  loss_ce_2: 0.1235  loss_mask_2: 0.03252  loss_dice_2: 0.9602  loss_ce_3: 0.1131  loss_mask_3: 0.0298  loss_dice_3: 0.8246  loss_ce_4: 0.1345  loss_mask_4: 0.03397  loss_dice_4: 0.8791  loss_ce_5: 0.1311  loss_mask_5: 0.03234  loss_dice_5: 0.8714  loss_ce_6: 0.06962  loss_mask_6: 0.02815  loss_dice_6: 0.8447  loss_ce_7: 0.1504  loss_mask_7: 0.03003  loss_dice_7: 0.719  loss_ce_8: 0.07676  loss_mask_8: 0.03219  loss_dice_8: 0.9477    time: 0.8901  last_time: 0.9573  data_time: 0.2288  last_data_time: 0.2288   lr: 1.3654e-05  max_mem: 13270M
[03/18 15:27:49 d2.utils.events]:  eta: 1:40:38  iter: 13019  total_loss: 9.774  loss_ce: 0.0909  loss_mask: 0.03589  loss_dice: 0.7203  loss_ce_0: 0.3218  loss_mask_0: 0.06315  loss_dice_0: 1.008  loss_ce_1: 0.0958  loss_mask_1: 0.03425  loss_dice_1: 0.906  loss_ce_2: 0.09868  loss_mask_2: 0.03889  loss_dice_2: 0.7869  loss_ce_3: 0.1017  loss_mask_3: 0.03888  loss_dice_3: 0.8781  loss_ce_4: 0.08865  loss_mask_4: 0.03395  loss_dice_4: 0.7854  loss_ce_5: 0.05428  loss_mask_5: 0.03492  loss_dice_5: 0.8621  loss_ce_6: 0.04795  loss_mask_6: 0.03017  loss_dice_6: 0.7113  loss_ce_7: 0.09391  loss_mask_7: 0.03531  loss_dice_7: 0.9163  loss_ce_8: 0.06544  loss_mask_8: 0.03488  loss_dice_8: 0.7604    time: 0.8900  last_time: 0.8256  data_time: 0.1073  last_data_time: 0.1073   lr: 1.3584e-05  max_mem: 13270M
[03/18 15:28:07 d2.utils.events]:  eta: 1:40:22  iter: 13039  total_loss: 8.308  loss_ce: 0.1104  loss_mask: 0.03319  loss_dice: 0.7689  loss_ce_0: 0.1393  loss_mask_0: 0.03966  loss_dice_0: 0.8704  loss_ce_1: 0.07765  loss_mask_1: 0.03077  loss_dice_1: 0.6816  loss_ce_2: 0.07179  loss_mask_2: 0.02861  loss_dice_2: 0.7919  loss_ce_3: 0.06123  loss_mask_3: 0.02604  loss_dice_3: 0.5574  loss_ce_4: 0.06252  loss_mask_4: 0.03068  loss_dice_4: 0.7545  loss_ce_5: 0.05886  loss_mask_5: 0.02921  loss_dice_5: 0.6713  loss_ce_6: 0.06351  loss_mask_6: 0.03343  loss_dice_6: 0.7215  loss_ce_7: 0.07056  loss_mask_7: 0.0312  loss_dice_7: 0.6846  loss_ce_8: 0.07444  loss_mask_8: 0.03018  loss_dice_8: 0.7027    time: 0.8900  last_time: 0.8725  data_time: 0.1481  last_data_time: 0.1481   lr: 1.3514e-05  max_mem: 13270M
[03/18 15:28:25 d2.utils.events]:  eta: 1:40:08  iter: 13059  total_loss: 5.955  loss_ce: 0.009568  loss_mask: 0.03746  loss_dice: 0.5174  loss_ce_0: 0.3192  loss_mask_0: 0.06077  loss_dice_0: 0.5825  loss_ce_1: 0.01597  loss_mask_1: 0.03499  loss_dice_1: 0.4819  loss_ce_2: 0.01708  loss_mask_2: 0.03787  loss_dice_2: 0.5131  loss_ce_3: 0.01008  loss_mask_3: 0.03845  loss_dice_3: 0.5067  loss_ce_4: 0.00898  loss_mask_4: 0.04125  loss_dice_4: 0.4696  loss_ce_5: 0.009192  loss_mask_5: 0.038  loss_dice_5: 0.5383  loss_ce_6: 0.008862  loss_mask_6: 0.03663  loss_dice_6: 0.5376  loss_ce_7: 0.008524  loss_mask_7: 0.03658  loss_dice_7: 0.5144  loss_ce_8: 0.00928  loss_mask_8: 0.0356  loss_dice_8: 0.4795    time: 0.8900  last_time: 0.9200  data_time: 0.1954  last_data_time: 0.1954   lr: 1.3444e-05  max_mem: 13270M
[03/18 15:28:42 d2.utils.events]:  eta: 1:39:49  iter: 13079  total_loss: 7.983  loss_ce: 0.02069  loss_mask: 0.03335  loss_dice: 0.6694  loss_ce_0: 0.3495  loss_mask_0: 0.03768  loss_dice_0: 0.8514  loss_ce_1: 0.07615  loss_mask_1: 0.03175  loss_dice_1: 0.6735  loss_ce_2: 0.04348  loss_mask_2: 0.03806  loss_dice_2: 0.6899  loss_ce_3: 0.02798  loss_mask_3: 0.03706  loss_dice_3: 0.696  loss_ce_4: 0.02338  loss_mask_4: 0.03665  loss_dice_4: 0.673  loss_ce_5: 0.02207  loss_mask_5: 0.037  loss_dice_5: 0.6466  loss_ce_6: 0.02034  loss_mask_6: 0.03828  loss_dice_6: 0.7729  loss_ce_7: 0.02085  loss_mask_7: 0.03296  loss_dice_7: 0.6145  loss_ce_8: 0.02131  loss_mask_8: 0.0381  loss_dice_8: 0.7093    time: 0.8900  last_time: 1.0065  data_time: 0.1429  last_data_time: 0.1429   lr: 1.3375e-05  max_mem: 13270M
[03/18 15:29:01 d2.utils.events]:  eta: 1:39:31  iter: 13099  total_loss: 8.339  loss_ce: 0.03711  loss_mask: 0.04675  loss_dice: 0.7797  loss_ce_0: 0.3383  loss_mask_0: 0.05339  loss_dice_0: 0.7211  loss_ce_1: 0.05193  loss_mask_1: 0.04327  loss_dice_1: 0.7131  loss_ce_2: 0.0422  loss_mask_2: 0.03854  loss_dice_2: 0.647  loss_ce_3: 0.04958  loss_mask_3: 0.05241  loss_dice_3: 0.6837  loss_ce_4: 0.04244  loss_mask_4: 0.05197  loss_dice_4: 0.7386  loss_ce_5: 0.04078  loss_mask_5: 0.04251  loss_dice_5: 0.7007  loss_ce_6: 0.03671  loss_mask_6: 0.05104  loss_dice_6: 0.7752  loss_ce_7: 0.03759  loss_mask_7: 0.04771  loss_dice_7: 0.7168  loss_ce_8: 0.0369  loss_mask_8: 0.04378  loss_dice_8: 0.6786    time: 0.8900  last_time: 0.8815  data_time: 0.1663  last_data_time: 0.1663   lr: 1.3305e-05  max_mem: 13270M
[03/18 15:29:19 d2.utils.events]:  eta: 1:39:15  iter: 13119  total_loss: 18.55  loss_ce: 0.06574  loss_mask: 0.1267  loss_dice: 1.631  loss_ce_0: 0.4467  loss_mask_0: 0.1332  loss_dice_0: 1.721  loss_ce_1: 0.1293  loss_mask_1: 0.1091  loss_dice_1: 1.731  loss_ce_2: 0.08455  loss_mask_2: 0.1141  loss_dice_2: 1.672  loss_ce_3: 0.07194  loss_mask_3: 0.1031  loss_dice_3: 1.613  loss_ce_4: 0.09566  loss_mask_4: 0.1232  loss_dice_4: 1.74  loss_ce_5: 0.06383  loss_mask_5: 0.09765  loss_dice_5: 1.528  loss_ce_6: 0.09097  loss_mask_6: 0.1093  loss_dice_6: 1.469  loss_ce_7: 0.07397  loss_mask_7: 0.1087  loss_dice_7: 1.534  loss_ce_8: 0.08327  loss_mask_8: 0.1052  loss_dice_8: 1.572    time: 0.8900  last_time: 0.8985  data_time: 0.1638  last_data_time: 0.1638   lr: 1.3236e-05  max_mem: 13270M
[03/18 15:29:38 d2.utils.events]:  eta: 1:38:58  iter: 13139  total_loss: 9.842  loss_ce: 0.03175  loss_mask: 0.04138  loss_dice: 0.8175  loss_ce_0: 0.1414  loss_mask_0: 0.08678  loss_dice_0: 0.9128  loss_ce_1: 0.1255  loss_mask_1: 0.06093  loss_dice_1: 0.8958  loss_ce_2: 0.1042  loss_mask_2: 0.04482  loss_dice_2: 0.8841  loss_ce_3: 0.05403  loss_mask_3: 0.03904  loss_dice_3: 0.8649  loss_ce_4: 0.03586  loss_mask_4: 0.04431  loss_dice_4: 0.7988  loss_ce_5: 0.03223  loss_mask_5: 0.04969  loss_dice_5: 0.9124  loss_ce_6: 0.03102  loss_mask_6: 0.04438  loss_dice_6: 0.9802  loss_ce_7: 0.03017  loss_mask_7: 0.04147  loss_dice_7: 0.7671  loss_ce_8: 0.03094  loss_mask_8: 0.05142  loss_dice_8: 0.8866    time: 0.8901  last_time: 0.9491  data_time: 0.2390  last_data_time: 0.2390   lr: 1.3167e-05  max_mem: 13270M
[03/18 15:29:57 d2.utils.events]:  eta: 1:38:40  iter: 13159  total_loss: 10.76  loss_ce: 0.01428  loss_mask: 0.07036  loss_dice: 1.079  loss_ce_0: 0.1578  loss_mask_0: 0.1025  loss_dice_0: 1.267  loss_ce_1: 0.02385  loss_mask_1: 0.07853  loss_dice_1: 0.9792  loss_ce_2: 0.02313  loss_mask_2: 0.09721  loss_dice_2: 0.9661  loss_ce_3: 0.01719  loss_mask_3: 0.07552  loss_dice_3: 0.8625  loss_ce_4: 0.01692  loss_mask_4: 0.07584  loss_dice_4: 1.005  loss_ce_5: 0.01486  loss_mask_5: 0.0782  loss_dice_5: 0.8977  loss_ce_6: 0.01705  loss_mask_6: 0.07559  loss_dice_6: 0.8577  loss_ce_7: 0.01395  loss_mask_7: 0.0767  loss_dice_7: 0.8296  loss_ce_8: 0.01419  loss_mask_8: 0.0805  loss_dice_8: 0.8932    time: 0.8902  last_time: 0.9228  data_time: 0.2188  last_data_time: 0.2188   lr: 1.3097e-05  max_mem: 13270M
[03/18 15:30:14 d2.utils.events]:  eta: 1:38:15  iter: 13179  total_loss: 7.381  loss_ce: 0.005705  loss_mask: 0.04461  loss_dice: 0.5981  loss_ce_0: 0.1014  loss_mask_0: 0.0373  loss_dice_0: 0.6388  loss_ce_1: 0.0126  loss_mask_1: 0.04977  loss_dice_1: 0.703  loss_ce_2: 0.01467  loss_mask_2: 0.04974  loss_dice_2: 0.8114  loss_ce_3: 0.01218  loss_mask_3: 0.0338  loss_dice_3: 0.5934  loss_ce_4: 0.01053  loss_mask_4: 0.0419  loss_dice_4: 0.6547  loss_ce_5: 0.007832  loss_mask_5: 0.03532  loss_dice_5: 0.7442  loss_ce_6: 0.007142  loss_mask_6: 0.04211  loss_dice_6: 0.7412  loss_ce_7: 0.006055  loss_mask_7: 0.04248  loss_dice_7: 0.6327  loss_ce_8: 0.006188  loss_mask_8: 0.04265  loss_dice_8: 0.66    time: 0.8901  last_time: 0.8209  data_time: 0.1117  last_data_time: 0.1117   lr: 1.3028e-05  max_mem: 13270M
[03/18 15:30:32 d2.utils.events]:  eta: 1:37:56  iter: 13199  total_loss: 7.354  loss_ce: 0.01294  loss_mask: 0.03311  loss_dice: 0.6631  loss_ce_0: 0.2904  loss_mask_0: 0.03619  loss_dice_0: 0.6977  loss_ce_1: 0.02929  loss_mask_1: 0.04192  loss_dice_1: 0.62  loss_ce_2: 0.03109  loss_mask_2: 0.03741  loss_dice_2: 0.6502  loss_ce_3: 0.01412  loss_mask_3: 0.03547  loss_dice_3: 0.6897  loss_ce_4: 0.01523  loss_mask_4: 0.03757  loss_dice_4: 0.7161  loss_ce_5: 0.01318  loss_mask_5: 0.03654  loss_dice_5: 0.6177  loss_ce_6: 0.01255  loss_mask_6: 0.03882  loss_dice_6: 0.6448  loss_ce_7: 0.01175  loss_mask_7: 0.03046  loss_dice_7: 0.5902  loss_ce_8: 0.01313  loss_mask_8: 0.03561  loss_dice_8: 0.6581    time: 0.8901  last_time: 0.9106  data_time: 0.1825  last_data_time: 0.1825   lr: 1.296e-05  max_mem: 13270M
[03/18 15:30:51 d2.utils.events]:  eta: 1:37:40  iter: 13219  total_loss: 9.066  loss_ce: 0.01929  loss_mask: 0.04014  loss_dice: 0.785  loss_ce_0: 0.2744  loss_mask_0: 0.05016  loss_dice_0: 0.9674  loss_ce_1: 0.1436  loss_mask_1: 0.0554  loss_dice_1: 0.9125  loss_ce_2: 0.06063  loss_mask_2: 0.04514  loss_dice_2: 0.8119  loss_ce_3: 0.02084  loss_mask_3: 0.04741  loss_dice_3: 0.9502  loss_ce_4: 0.01815  loss_mask_4: 0.03788  loss_dice_4: 0.8131  loss_ce_5: 0.01961  loss_mask_5: 0.03996  loss_dice_5: 0.7258  loss_ce_6: 0.02109  loss_mask_6: 0.03806  loss_dice_6: 0.6314  loss_ce_7: 0.01687  loss_mask_7: 0.03838  loss_dice_7: 0.6914  loss_ce_8: 0.01714  loss_mask_8: 0.03905  loss_dice_8: 0.7344    time: 0.8902  last_time: 0.9007  data_time: 0.1753  last_data_time: 0.1753   lr: 1.2891e-05  max_mem: 13270M
[03/18 15:31:08 d2.utils.events]:  eta: 1:37:23  iter: 13239  total_loss: 6.305  loss_ce: 0.01586  loss_mask: 0.03106  loss_dice: 0.6038  loss_ce_0: 0.1025  loss_mask_0: 0.04256  loss_dice_0: 0.644  loss_ce_1: 0.01889  loss_mask_1: 0.0363  loss_dice_1: 0.5938  loss_ce_2: 0.0166  loss_mask_2: 0.0337  loss_dice_2: 0.5056  loss_ce_3: 0.01686  loss_mask_3: 0.0333  loss_dice_3: 0.4934  loss_ce_4: 0.01475  loss_mask_4: 0.0325  loss_dice_4: 0.6392  loss_ce_5: 0.01308  loss_mask_5: 0.03748  loss_dice_5: 0.5649  loss_ce_6: 0.01399  loss_mask_6: 0.03329  loss_dice_6: 0.5585  loss_ce_7: 0.0148  loss_mask_7: 0.03519  loss_dice_7: 0.5746  loss_ce_8: 0.01537  loss_mask_8: 0.03564  loss_dice_8: 0.5334    time: 0.8901  last_time: 0.8577  data_time: 0.1540  last_data_time: 0.1540   lr: 1.2822e-05  max_mem: 13270M
[03/18 15:31:26 d2.utils.events]:  eta: 1:37:06  iter: 13259  total_loss: 6.524  loss_ce: 0.01412  loss_mask: 0.03638  loss_dice: 0.5083  loss_ce_0: 0.09893  loss_mask_0: 0.03683  loss_dice_0: 0.6825  loss_ce_1: 0.01718  loss_mask_1: 0.04189  loss_dice_1: 0.6638  loss_ce_2: 0.02118  loss_mask_2: 0.03827  loss_dice_2: 0.6757  loss_ce_3: 0.02273  loss_mask_3: 0.04309  loss_dice_3: 0.6279  loss_ce_4: 0.01847  loss_mask_4: 0.03669  loss_dice_4: 0.5952  loss_ce_5: 0.0146  loss_mask_5: 0.03511  loss_dice_5: 0.5414  loss_ce_6: 0.01483  loss_mask_6: 0.0319  loss_dice_6: 0.4319  loss_ce_7: 0.01435  loss_mask_7: 0.03908  loss_dice_7: 0.5922  loss_ce_8: 0.0139  loss_mask_8: 0.03545  loss_dice_8: 0.5797    time: 0.8901  last_time: 0.9515  data_time: 0.2428  last_data_time: 0.2428   lr: 1.2754e-05  max_mem: 13270M
[03/18 15:31:44 d2.utils.events]:  eta: 1:36:55  iter: 13279  total_loss: 9.571  loss_ce: 0.068  loss_mask: 0.06249  loss_dice: 0.866  loss_ce_0: 0.1291  loss_mask_0: 0.06562  loss_dice_0: 0.7281  loss_ce_1: 0.07278  loss_mask_1: 0.05897  loss_dice_1: 0.898  loss_ce_2: 0.06458  loss_mask_2: 0.05974  loss_dice_2: 1.001  loss_ce_3: 0.06908  loss_mask_3: 0.05951  loss_dice_3: 0.7427  loss_ce_4: 0.05253  loss_mask_4: 0.06031  loss_dice_4: 0.7411  loss_ce_5: 0.06269  loss_mask_5: 0.05806  loss_dice_5: 0.8027  loss_ce_6: 0.04347  loss_mask_6: 0.06165  loss_dice_6: 0.8918  loss_ce_7: 0.04675  loss_mask_7: 0.05118  loss_dice_7: 0.7524  loss_ce_8: 0.04702  loss_mask_8: 0.06081  loss_dice_8: 0.8927    time: 0.8901  last_time: 0.8877  data_time: 0.1679  last_data_time: 0.1679   lr: 1.2685e-05  max_mem: 13270M
[03/18 15:32:02 d2.utils.events]:  eta: 1:36:40  iter: 13299  total_loss: 12.3  loss_ce: 0.02653  loss_mask: 0.04758  loss_dice: 1.079  loss_ce_0: 0.4266  loss_mask_0: 0.07214  loss_dice_0: 1.216  loss_ce_1: 0.1771  loss_mask_1: 0.06004  loss_dice_1: 1.111  loss_ce_2: 0.1057  loss_mask_2: 0.05065  loss_dice_2: 1.064  loss_ce_3: 0.03598  loss_mask_3: 0.05019  loss_dice_3: 1.041  loss_ce_4: 0.03022  loss_mask_4: 0.04708  loss_dice_4: 0.9065  loss_ce_5: 0.03205  loss_mask_5: 0.04613  loss_dice_5: 1.046  loss_ce_6: 0.1265  loss_mask_6: 0.05306  loss_dice_6: 1.132  loss_ce_7: 0.02904  loss_mask_7: 0.04926  loss_dice_7: 1.048  loss_ce_8: 0.02696  loss_mask_8: 0.05231  loss_dice_8: 1.111    time: 0.8901  last_time: 0.9082  data_time: 0.1831  last_data_time: 0.1831   lr: 1.2617e-05  max_mem: 13270M
[03/18 15:32:22 d2.utils.events]:  eta: 1:36:30  iter: 13319  total_loss: 7.192  loss_ce: 0.01449  loss_mask: 0.0336  loss_dice: 0.6192  loss_ce_0: 0.3051  loss_mask_0: 0.05615  loss_dice_0: 0.6835  loss_ce_1: 0.03561  loss_mask_1: 0.03984  loss_dice_1: 0.6985  loss_ce_2: 0.02066  loss_mask_2: 0.03696  loss_dice_2: 0.6152  loss_ce_3: 0.01995  loss_mask_3: 0.03834  loss_dice_3: 0.6702  loss_ce_4: 0.01552  loss_mask_4: 0.03321  loss_dice_4: 0.5908  loss_ce_5: 0.01739  loss_mask_5: 0.03737  loss_dice_5: 0.6094  loss_ce_6: 0.0137  loss_mask_6: 0.03794  loss_dice_6: 0.645  loss_ce_7: 0.01446  loss_mask_7: 0.03592  loss_dice_7: 0.5667  loss_ce_8: 0.01501  loss_mask_8: 0.04138  loss_dice_8: 0.6309    time: 0.8902  last_time: 0.9175  data_time: 0.1971  last_data_time: 0.1971   lr: 1.2549e-05  max_mem: 13270M
[03/18 15:32:40 d2.utils.events]:  eta: 1:36:20  iter: 13339  total_loss: 10.37  loss_ce: 0.01801  loss_mask: 0.03638  loss_dice: 0.8119  loss_ce_0: 0.1319  loss_mask_0: 0.0352  loss_dice_0: 0.9914  loss_ce_1: 0.0214  loss_mask_1: 0.03942  loss_dice_1: 1.067  loss_ce_2: 0.02049  loss_mask_2: 0.03221  loss_dice_2: 0.7651  loss_ce_3: 0.02289  loss_mask_3: 0.03624  loss_dice_3: 1.132  loss_ce_4: 0.01963  loss_mask_4: 0.04213  loss_dice_4: 0.9568  loss_ce_5: 0.02242  loss_mask_5: 0.03448  loss_dice_5: 0.8526  loss_ce_6: 0.02138  loss_mask_6: 0.03939  loss_dice_6: 0.8604  loss_ce_7: 0.02841  loss_mask_7: 0.03803  loss_dice_7: 1.294  loss_ce_8: 0.01916  loss_mask_8: 0.03796  loss_dice_8: 0.9424    time: 0.8903  last_time: 0.9080  data_time: 0.2027  last_data_time: 0.2027   lr: 1.2481e-05  max_mem: 13270M
[03/18 15:32:58 d2.utils.events]:  eta: 1:35:58  iter: 13359  total_loss: 7.057  loss_ce: 0.03278  loss_mask: 0.03873  loss_dice: 0.5579  loss_ce_0: 0.1469  loss_mask_0: 0.04766  loss_dice_0: 0.5873  loss_ce_1: 0.1261  loss_mask_1: 0.03616  loss_dice_1: 0.4203  loss_ce_2: 0.09542  loss_mask_2: 0.04091  loss_dice_2: 0.6793  loss_ce_3: 0.03567  loss_mask_3: 0.04377  loss_dice_3: 0.5525  loss_ce_4: 0.03317  loss_mask_4: 0.04254  loss_dice_4: 0.5763  loss_ce_5: 0.09395  loss_mask_5: 0.04387  loss_dice_5: 0.6468  loss_ce_6: 0.03257  loss_mask_6: 0.04112  loss_dice_6: 0.6033  loss_ce_7: 0.03541  loss_mask_7: 0.0481  loss_dice_7: 0.691  loss_ce_8: 0.03582  loss_mask_8: 0.04257  loss_dice_8: 0.6496    time: 0.8902  last_time: 0.9290  data_time: 0.2154  last_data_time: 0.2154   lr: 1.2413e-05  max_mem: 13270M
[03/18 15:33:15 d2.utils.events]:  eta: 1:35:39  iter: 13379  total_loss: 7.53  loss_ce: 0.01877  loss_mask: 0.05367  loss_dice: 0.7213  loss_ce_0: 0.1015  loss_mask_0: 0.0469  loss_dice_0: 0.6647  loss_ce_1: 0.02479  loss_mask_1: 0.04299  loss_dice_1: 0.6315  loss_ce_2: 0.0198  loss_mask_2: 0.04018  loss_dice_2: 0.5905  loss_ce_3: 0.01708  loss_mask_3: 0.0464  loss_dice_3: 0.6221  loss_ce_4: 0.01701  loss_mask_4: 0.0498  loss_dice_4: 0.642  loss_ce_5: 0.01668  loss_mask_5: 0.04739  loss_dice_5: 0.7699  loss_ce_6: 0.0169  loss_mask_6: 0.04961  loss_dice_6: 0.7494  loss_ce_7: 0.01677  loss_mask_7: 0.04528  loss_dice_7: 0.6543  loss_ce_8: 0.01767  loss_mask_8: 0.0512  loss_dice_8: 0.7435    time: 0.8902  last_time: 0.9211  data_time: 0.2073  last_data_time: 0.2073   lr: 1.2345e-05  max_mem: 13270M
[03/18 15:33:34 d2.utils.events]:  eta: 1:35:20  iter: 13399  total_loss: 10.77  loss_ce: 0.03403  loss_mask: 0.06314  loss_dice: 0.9513  loss_ce_0: 0.2026  loss_mask_0: 0.05329  loss_dice_0: 0.8192  loss_ce_1: 0.1392  loss_mask_1: 0.06305  loss_dice_1: 0.9835  loss_ce_2: 0.1093  loss_mask_2: 0.0594  loss_dice_2: 0.8422  loss_ce_3: 0.08086  loss_mask_3: 0.06635  loss_dice_3: 0.8797  loss_ce_4: 0.03747  loss_mask_4: 0.06291  loss_dice_4: 0.8965  loss_ce_5: 0.03459  loss_mask_5: 0.0623  loss_dice_5: 0.9287  loss_ce_6: 0.03093  loss_mask_6: 0.06901  loss_dice_6: 1.011  loss_ce_7: 0.055  loss_mask_7: 0.06098  loss_dice_7: 1.003  loss_ce_8: 0.05221  loss_mask_8: 0.05921  loss_dice_8: 1.062    time: 0.8903  last_time: 0.8026  data_time: 0.0723  last_data_time: 0.0723   lr: 1.2277e-05  max_mem: 13270M
[03/18 15:33:52 d2.utils.events]:  eta: 1:35:03  iter: 13419  total_loss: 8.408  loss_ce: 0.02506  loss_mask: 0.04027  loss_dice: 0.6109  loss_ce_0: 0.3584  loss_mask_0: 0.04738  loss_dice_0: 0.8006  loss_ce_1: 0.08935  loss_mask_1: 0.04171  loss_dice_1: 0.6336  loss_ce_2: 0.09451  loss_mask_2: 0.0501  loss_dice_2: 0.7466  loss_ce_3: 0.03009  loss_mask_3: 0.04006  loss_dice_3: 0.7159  loss_ce_4: 0.02334  loss_mask_4: 0.04817  loss_dice_4: 0.7583  loss_ce_5: 0.02462  loss_mask_5: 0.04227  loss_dice_5: 0.8197  loss_ce_6: 0.02637  loss_mask_6: 0.04371  loss_dice_6: 0.7798  loss_ce_7: 0.09703  loss_mask_7: 0.04123  loss_dice_7: 0.6886  loss_ce_8: 0.02584  loss_mask_8: 0.04313  loss_dice_8: 0.6209    time: 0.8902  last_time: 0.8703  data_time: 0.1608  last_data_time: 0.1608   lr: 1.221e-05  max_mem: 13270M
[03/18 15:34:09 d2.utils.events]:  eta: 1:34:41  iter: 13439  total_loss: 9.848  loss_ce: 0.07386  loss_mask: 0.02943  loss_dice: 0.6941  loss_ce_0: 0.2807  loss_mask_0: 0.06138  loss_dice_0: 1.132  loss_ce_1: 0.06269  loss_mask_1: 0.05804  loss_dice_1: 0.8268  loss_ce_2: 0.07323  loss_mask_2: 0.02706  loss_dice_2: 0.7142  loss_ce_3: 0.07945  loss_mask_3: 0.03854  loss_dice_3: 0.7915  loss_ce_4: 0.06956  loss_mask_4: 0.05048  loss_dice_4: 0.8301  loss_ce_5: 0.06009  loss_mask_5: 0.04419  loss_dice_5: 0.7782  loss_ce_6: 0.0827  loss_mask_6: 0.03971  loss_dice_6: 0.8041  loss_ce_7: 0.08936  loss_mask_7: 0.05368  loss_dice_7: 1.124  loss_ce_8: 0.07622  loss_mask_8: 0.03251  loss_dice_8: 0.7693    time: 0.8902  last_time: 0.8182  data_time: 0.1088  last_data_time: 0.1088   lr: 1.2142e-05  max_mem: 13270M
[03/18 15:34:27 d2.utils.events]:  eta: 1:34:28  iter: 13459  total_loss: 10.77  loss_ce: 0.07896  loss_mask: 0.0504  loss_dice: 0.8837  loss_ce_0: 0.2456  loss_mask_0: 0.08501  loss_dice_0: 1.114  loss_ce_1: 0.04454  loss_mask_1: 0.06631  loss_dice_1: 0.94  loss_ce_2: 0.03541  loss_mask_2: 0.06172  loss_dice_2: 1.003  loss_ce_3: 0.02539  loss_mask_3: 0.0746  loss_dice_3: 0.9575  loss_ce_4: 0.07409  loss_mask_4: 0.05798  loss_dice_4: 0.8592  loss_ce_5: 0.0245  loss_mask_5: 0.07644  loss_dice_5: 0.9497  loss_ce_6: 0.02644  loss_mask_6: 0.07119  loss_dice_6: 0.9644  loss_ce_7: 0.02476  loss_mask_7: 0.06324  loss_dice_7: 0.8862  loss_ce_8: 0.0265  loss_mask_8: 0.06509  loss_dice_8: 0.936    time: 0.8902  last_time: 0.9151  data_time: 0.1968  last_data_time: 0.1968   lr: 1.2075e-05  max_mem: 13270M
[03/18 15:34:46 d2.utils.events]:  eta: 1:34:14  iter: 13479  total_loss: 7.288  loss_ce: 0.04945  loss_mask: 0.03699  loss_dice: 0.6395  loss_ce_0: 0.1958  loss_mask_0: 0.04297  loss_dice_0: 0.8202  loss_ce_1: 0.0513  loss_mask_1: 0.04061  loss_dice_1: 0.6408  loss_ce_2: 0.06253  loss_mask_2: 0.03891  loss_dice_2: 0.5288  loss_ce_3: 0.06189  loss_mask_3: 0.03611  loss_dice_3: 0.5085  loss_ce_4: 0.04501  loss_mask_4: 0.03571  loss_dice_4: 0.5461  loss_ce_5: 0.04647  loss_mask_5: 0.03735  loss_dice_5: 0.5877  loss_ce_6: 0.04511  loss_mask_6: 0.03784  loss_dice_6: 0.6259  loss_ce_7: 0.05037  loss_mask_7: 0.03938  loss_dice_7: 0.7365  loss_ce_8: 0.04917  loss_mask_8: 0.04032  loss_dice_8: 0.6106    time: 0.8902  last_time: 0.8227  data_time: 0.1038  last_data_time: 0.1038   lr: 1.2008e-05  max_mem: 13270M
[03/18 15:35:04 d2.utils.events]:  eta: 1:33:57  iter: 13499  total_loss: 10.05  loss_ce: 0.02753  loss_mask: 0.02737  loss_dice: 0.8384  loss_ce_0: 0.3583  loss_mask_0: 0.02991  loss_dice_0: 0.8404  loss_ce_1: 0.1101  loss_mask_1: 0.02983  loss_dice_1: 0.9921  loss_ce_2: 0.1077  loss_mask_2: 0.03033  loss_dice_2: 1.025  loss_ce_3: 0.03984  loss_mask_3: 0.02598  loss_dice_3: 0.8385  loss_ce_4: 0.0308  loss_mask_4: 0.0304  loss_dice_4: 0.8733  loss_ce_5: 0.0281  loss_mask_5: 0.02959  loss_dice_5: 0.8805  loss_ce_6: 0.02562  loss_mask_6: 0.02465  loss_dice_6: 0.8944  loss_ce_7: 0.02499  loss_mask_7: 0.02675  loss_dice_7: 0.7929  loss_ce_8: 0.06872  loss_mask_8: 0.02473  loss_dice_8: 0.9692    time: 0.8903  last_time: 0.8353  data_time: 0.1313  last_data_time: 0.1313   lr: 1.1941e-05  max_mem: 13270M
[03/18 15:35:22 d2.utils.events]:  eta: 1:33:39  iter: 13519  total_loss: 8.154  loss_ce: 0.01327  loss_mask: 0.04919  loss_dice: 0.7034  loss_ce_0: 0.1051  loss_mask_0: 0.05957  loss_dice_0: 0.7463  loss_ce_1: 0.009033  loss_mask_1: 0.04733  loss_dice_1: 0.7073  loss_ce_2: 0.0114  loss_mask_2: 0.04961  loss_dice_2: 0.8058  loss_ce_3: 0.01227  loss_mask_3: 0.04552  loss_dice_3: 0.7127  loss_ce_4: 0.01141  loss_mask_4: 0.05126  loss_dice_4: 0.7457  loss_ce_5: 0.01125  loss_mask_5: 0.048  loss_dice_5: 0.7382  loss_ce_6: 0.01159  loss_mask_6: 0.04943  loss_dice_6: 0.7353  loss_ce_7: 0.0111  loss_mask_7: 0.0374  loss_dice_7: 0.6872  loss_ce_8: 0.01271  loss_mask_8: 0.05115  loss_dice_8: 0.8744    time: 0.8903  last_time: 0.7572  data_time: 0.0604  last_data_time: 0.0604   lr: 1.1874e-05  max_mem: 13270M
[03/18 15:35:40 d2.utils.events]:  eta: 1:33:19  iter: 13539  total_loss: 10.11  loss_ce: 0.02582  loss_mask: 0.04279  loss_dice: 0.9594  loss_ce_0: 0.1741  loss_mask_0: 0.05706  loss_dice_0: 1.055  loss_ce_1: 0.04939  loss_mask_1: 0.04343  loss_dice_1: 0.787  loss_ce_2: 0.0415  loss_mask_2: 0.0474  loss_dice_2: 0.7088  loss_ce_3: 0.03067  loss_mask_3: 0.04091  loss_dice_3: 0.8972  loss_ce_4: 0.02533  loss_mask_4: 0.04868  loss_dice_4: 1.114  loss_ce_5: 0.02594  loss_mask_5: 0.04688  loss_dice_5: 1.036  loss_ce_6: 0.02537  loss_mask_6: 0.04212  loss_dice_6: 1.01  loss_ce_7: 0.0388  loss_mask_7: 0.03959  loss_dice_7: 0.8247  loss_ce_8: 0.04262  loss_mask_8: 0.04534  loss_dice_8: 0.786    time: 0.8903  last_time: 0.8716  data_time: 0.1544  last_data_time: 0.1544   lr: 1.1807e-05  max_mem: 13270M
[03/18 15:35:59 d2.utils.events]:  eta: 1:33:02  iter: 13559  total_loss: 12.17  loss_ce: 0.06502  loss_mask: 0.04727  loss_dice: 1.059  loss_ce_0: 0.4603  loss_mask_0: 0.06973  loss_dice_0: 1.172  loss_ce_1: 0.1082  loss_mask_1: 0.05387  loss_dice_1: 1.155  loss_ce_2: 0.1025  loss_mask_2: 0.03734  loss_dice_2: 0.9021  loss_ce_3: 0.09377  loss_mask_3: 0.05041  loss_dice_3: 1.093  loss_ce_4: 0.08123  loss_mask_4: 0.04588  loss_dice_4: 1.039  loss_ce_5: 0.08625  loss_mask_5: 0.03765  loss_dice_5: 0.9355  loss_ce_6: 0.09854  loss_mask_6: 0.03953  loss_dice_6: 1.033  loss_ce_7: 0.11  loss_mask_7: 0.0524  loss_dice_7: 1.014  loss_ce_8: 0.07689  loss_mask_8: 0.04104  loss_dice_8: 1.011    time: 0.8903  last_time: 1.4504  data_time: 0.7321  last_data_time: 0.7321   lr: 1.1741e-05  max_mem: 13270M
[03/18 15:36:17 d2.utils.events]:  eta: 1:32:46  iter: 13579  total_loss: 6.009  loss_ce: 0.02715  loss_mask: 0.02852  loss_dice: 0.4461  loss_ce_0: 0.1322  loss_mask_0: 0.0397  loss_dice_0: 0.5183  loss_ce_1: 0.03348  loss_mask_1: 0.04721  loss_dice_1: 0.5882  loss_ce_2: 0.04334  loss_mask_2: 0.02879  loss_dice_2: 0.5272  loss_ce_3: 0.03372  loss_mask_3: 0.0327  loss_dice_3: 0.5473  loss_ce_4: 0.0336  loss_mask_4: 0.02964  loss_dice_4: 0.4333  loss_ce_5: 0.0929  loss_mask_5: 0.03622  loss_dice_5: 0.5172  loss_ce_6: 0.02747  loss_mask_6: 0.03104  loss_dice_6: 0.5395  loss_ce_7: 0.02732  loss_mask_7: 0.03337  loss_dice_7: 0.5413  loss_ce_8: 0.0256  loss_mask_8: 0.03638  loss_dice_8: 0.5306    time: 0.8903  last_time: 0.8543  data_time: 0.1349  last_data_time: 0.1349   lr: 1.1674e-05  max_mem: 13270M
[03/18 15:36:35 d2.utils.events]:  eta: 1:32:29  iter: 13599  total_loss: 10.28  loss_ce: 0.02373  loss_mask: 0.0386  loss_dice: 0.9213  loss_ce_0: 0.2637  loss_mask_0: 0.05645  loss_dice_0: 1.093  loss_ce_1: 0.0592  loss_mask_1: 0.03517  loss_dice_1: 0.9278  loss_ce_2: 0.02837  loss_mask_2: 0.03432  loss_dice_2: 0.8814  loss_ce_3: 0.02274  loss_mask_3: 0.05364  loss_dice_3: 1.101  loss_ce_4: 0.02409  loss_mask_4: 0.03264  loss_dice_4: 0.9594  loss_ce_5: 0.02858  loss_mask_5: 0.03914  loss_dice_5: 0.8811  loss_ce_6: 0.02504  loss_mask_6: 0.0344  loss_dice_6: 0.9629  loss_ce_7: 0.02369  loss_mask_7: 0.0328  loss_dice_7: 0.8523  loss_ce_8: 0.02551  loss_mask_8: 0.03378  loss_dice_8: 0.7853    time: 0.8903  last_time: 0.9481  data_time: 0.2423  last_data_time: 0.2423   lr: 1.1608e-05  max_mem: 13270M
[03/18 15:36:52 d2.utils.events]:  eta: 1:32:11  iter: 13619  total_loss: 7.788  loss_ce: 0.004973  loss_mask: 0.02689  loss_dice: 0.6908  loss_ce_0: 0.09633  loss_mask_0: 0.02624  loss_dice_0: 0.7127  loss_ce_1: 0.009224  loss_mask_1: 0.0449  loss_dice_1: 0.8458  loss_ce_2: 0.008571  loss_mask_2: 0.04365  loss_dice_2: 0.731  loss_ce_3: 0.00651  loss_mask_3: 0.02825  loss_dice_3: 0.5974  loss_ce_4: 0.006079  loss_mask_4: 0.0282  loss_dice_4: 0.6737  loss_ce_5: 0.006186  loss_mask_5: 0.0359  loss_dice_5: 0.9317  loss_ce_6: 0.006586  loss_mask_6: 0.02897  loss_dice_6: 0.5158  loss_ce_7: 0.006314  loss_mask_7: 0.03248  loss_dice_7: 0.8803  loss_ce_8: 0.005422  loss_mask_8: 0.03011  loss_dice_8: 0.7264    time: 0.8903  last_time: 0.9382  data_time: 0.2186  last_data_time: 0.2186   lr: 1.1541e-05  max_mem: 13270M
[03/18 15:37:11 d2.utils.events]:  eta: 1:31:55  iter: 13639  total_loss: 10.38  loss_ce: 0.03901  loss_mask: 0.08552  loss_dice: 0.965  loss_ce_0: 0.3569  loss_mask_0: 0.07114  loss_dice_0: 0.8258  loss_ce_1: 0.04846  loss_mask_1: 0.1053  loss_dice_1: 0.9199  loss_ce_2: 0.06365  loss_mask_2: 0.09905  loss_dice_2: 0.8752  loss_ce_3: 0.05178  loss_mask_3: 0.07006  loss_dice_3: 0.8131  loss_ce_4: 0.04588  loss_mask_4: 0.07742  loss_dice_4: 0.7907  loss_ce_5: 0.03985  loss_mask_5: 0.08302  loss_dice_5: 0.8993  loss_ce_6: 0.04283  loss_mask_6: 0.07838  loss_dice_6: 0.9969  loss_ce_7: 0.03871  loss_mask_7: 0.08076  loss_dice_7: 0.8351  loss_ce_8: 0.03869  loss_mask_8: 0.07486  loss_dice_8: 0.8635    time: 0.8903  last_time: 0.8987  data_time: 0.1817  last_data_time: 0.1817   lr: 1.1475e-05  max_mem: 13270M
[03/18 15:37:28 d2.utils.events]:  eta: 1:31:37  iter: 13659  total_loss: 9.944  loss_ce: 0.09882  loss_mask: 0.02265  loss_dice: 0.8068  loss_ce_0: 0.169  loss_mask_0: 0.03931  loss_dice_0: 1.218  loss_ce_1: 0.04279  loss_mask_1: 0.02059  loss_dice_1: 0.8148  loss_ce_2: 0.04769  loss_mask_2: 0.02716  loss_dice_2: 1.006  loss_ce_3: 0.05638  loss_mask_3: 0.02273  loss_dice_3: 0.9034  loss_ce_4: 0.09344  loss_mask_4: 0.02348  loss_dice_4: 0.8522  loss_ce_5: 0.05496  loss_mask_5: 0.017  loss_dice_5: 0.7431  loss_ce_6: 0.1095  loss_mask_6: 0.01599  loss_dice_6: 0.7183  loss_ce_7: 0.1273  loss_mask_7: 0.02298  loss_dice_7: 0.8487  loss_ce_8: 0.09425  loss_mask_8: 0.02732  loss_dice_8: 0.8996    time: 0.8903  last_time: 0.8763  data_time: 0.1616  last_data_time: 0.1616   lr: 1.1409e-05  max_mem: 13270M
[03/18 15:37:46 d2.utils.events]:  eta: 1:31:19  iter: 13679  total_loss: 12.98  loss_ce: 0.01449  loss_mask: 0.05709  loss_dice: 1.174  loss_ce_0: 0.2713  loss_mask_0: 0.08108  loss_dice_0: 1.497  loss_ce_1: 0.08346  loss_mask_1: 0.07591  loss_dice_1: 1.152  loss_ce_2: 0.02765  loss_mask_2: 0.06223  loss_dice_2: 1.1  loss_ce_3: 0.02509  loss_mask_3: 0.06518  loss_dice_3: 1.145  loss_ce_4: 0.01771  loss_mask_4: 0.06158  loss_dice_4: 1.155  loss_ce_5: 0.01598  loss_mask_5: 0.06216  loss_dice_5: 1.194  loss_ce_6: 0.01664  loss_mask_6: 0.06202  loss_dice_6: 1.052  loss_ce_7: 0.01425  loss_mask_7: 0.06166  loss_dice_7: 1.115  loss_ce_8: 0.01471  loss_mask_8: 0.05868  loss_dice_8: 1.242    time: 0.8903  last_time: 0.9311  data_time: 0.2082  last_data_time: 0.2082   lr: 1.1343e-05  max_mem: 13270M
[03/18 15:38:04 d2.utils.events]:  eta: 1:31:03  iter: 13699  total_loss: 10.45  loss_ce: 0.1201  loss_mask: 0.02754  loss_dice: 1.027  loss_ce_0: 0.2782  loss_mask_0: 0.0401  loss_dice_0: 1.117  loss_ce_1: 0.1669  loss_mask_1: 0.0365  loss_dice_1: 1.112  loss_ce_2: 0.0819  loss_mask_2: 0.03886  loss_dice_2: 1.056  loss_ce_3: 0.04892  loss_mask_3: 0.03122  loss_dice_3: 0.9056  loss_ce_4: 0.04377  loss_mask_4: 0.03393  loss_dice_4: 0.8408  loss_ce_5: 0.05835  loss_mask_5: 0.03207  loss_dice_5: 0.8798  loss_ce_6: 0.05257  loss_mask_6: 0.0277  loss_dice_6: 0.6917  loss_ce_7: 0.05848  loss_mask_7: 0.02529  loss_dice_7: 0.6271  loss_ce_8: 0.05762  loss_mask_8: 0.0311  loss_dice_8: 0.8972    time: 0.8903  last_time: 0.9691  data_time: 0.2502  last_data_time: 0.2502   lr: 1.1278e-05  max_mem: 13270M
[03/18 15:38:23 d2.utils.events]:  eta: 1:30:45  iter: 13719  total_loss: 7.354  loss_ce: 0.07518  loss_mask: 0.03117  loss_dice: 0.5771  loss_ce_0: 0.195  loss_mask_0: 0.04359  loss_dice_0: 0.6781  loss_ce_1: 0.06644  loss_mask_1: 0.03939  loss_dice_1: 0.6052  loss_ce_2: 0.07793  loss_mask_2: 0.03623  loss_dice_2: 0.7271  loss_ce_3: 0.06776  loss_mask_3: 0.03547  loss_dice_3: 0.5968  loss_ce_4: 0.03594  loss_mask_4: 0.0361  loss_dice_4: 0.6154  loss_ce_5: 0.08917  loss_mask_5: 0.03127  loss_dice_5: 0.6036  loss_ce_6: 0.04326  loss_mask_6: 0.03274  loss_dice_6: 0.5995  loss_ce_7: 0.04118  loss_mask_7: 0.03392  loss_dice_7: 0.6166  loss_ce_8: 0.07421  loss_mask_8: 0.03578  loss_dice_8: 0.6129    time: 0.8903  last_time: 0.9448  data_time: 0.2195  last_data_time: 0.2195   lr: 1.1212e-05  max_mem: 13270M
[03/18 15:38:41 d2.utils.events]:  eta: 1:30:26  iter: 13739  total_loss: 6.507  loss_ce: 0.0143  loss_mask: 0.04548  loss_dice: 0.5776  loss_ce_0: 0.1643  loss_mask_0: 0.1118  loss_dice_0: 0.6788  loss_ce_1: 0.03131  loss_mask_1: 0.04476  loss_dice_1: 0.5547  loss_ce_2: 0.01656  loss_mask_2: 0.03575  loss_dice_2: 0.454  loss_ce_3: 0.01257  loss_mask_3: 0.04451  loss_dice_3: 0.5319  loss_ce_4: 0.01221  loss_mask_4: 0.04132  loss_dice_4: 0.5632  loss_ce_5: 0.01076  loss_mask_5: 0.0429  loss_dice_5: 0.5808  loss_ce_6: 0.01291  loss_mask_6: 0.04312  loss_dice_6: 0.6614  loss_ce_7: 0.01282  loss_mask_7: 0.04318  loss_dice_7: 0.5256  loss_ce_8: 0.01279  loss_mask_8: 0.04756  loss_dice_8: 0.5781    time: 0.8903  last_time: 0.8740  data_time: 0.1562  last_data_time: 0.1562   lr: 1.1147e-05  max_mem: 13270M
[03/18 15:39:00 d2.utils.events]:  eta: 1:30:10  iter: 13759  total_loss: 7.944  loss_ce: 0.03626  loss_mask: 0.0459  loss_dice: 0.7535  loss_ce_0: 0.3103  loss_mask_0: 0.05743  loss_dice_0: 0.8342  loss_ce_1: 0.1377  loss_mask_1: 0.04715  loss_dice_1: 0.6404  loss_ce_2: 0.0846  loss_mask_2: 0.04095  loss_dice_2: 0.5661  loss_ce_3: 0.03484  loss_mask_3: 0.05238  loss_dice_3: 0.6561  loss_ce_4: 0.03138  loss_mask_4: 0.04719  loss_dice_4: 0.5996  loss_ce_5: 0.08161  loss_mask_5: 0.04455  loss_dice_5: 0.61  loss_ce_6: 0.08309  loss_mask_6: 0.04895  loss_dice_6: 0.6849  loss_ce_7: 0.06627  loss_mask_7: 0.04002  loss_dice_7: 0.6182  loss_ce_8: 0.05468  loss_mask_8: 0.0424  loss_dice_8: 0.5932    time: 0.8904  last_time: 0.8823  data_time: 0.1575  last_data_time: 0.1575   lr: 1.1081e-05  max_mem: 13270M
[03/18 15:39:18 d2.utils.events]:  eta: 1:29:53  iter: 13779  total_loss: 7.195  loss_ce: 0.008862  loss_mask: 0.03676  loss_dice: 0.6894  loss_ce_0: 0.2677  loss_mask_0: 0.051  loss_dice_0: 0.6185  loss_ce_1: 0.01359  loss_mask_1: 0.04088  loss_dice_1: 0.5846  loss_ce_2: 0.02058  loss_mask_2: 0.04447  loss_dice_2: 0.5762  loss_ce_3: 0.01627  loss_mask_3: 0.04028  loss_dice_3: 0.7095  loss_ce_4: 0.01233  loss_mask_4: 0.03028  loss_dice_4: 0.5925  loss_ce_5: 0.01054  loss_mask_5: 0.03531  loss_dice_5: 0.6671  loss_ce_6: 0.008997  loss_mask_6: 0.03633  loss_dice_6: 0.584  loss_ce_7: 0.007606  loss_mask_7: 0.03875  loss_dice_7: 0.6341  loss_ce_8: 0.008914  loss_mask_8: 0.03543  loss_dice_8: 0.7744    time: 0.8904  last_time: 0.8698  data_time: 0.1596  last_data_time: 0.1596   lr: 1.1016e-05  max_mem: 13270M
[03/18 15:39:36 d2.utils.events]:  eta: 1:29:32  iter: 13799  total_loss: 10.64  loss_ce: 0.09343  loss_mask: 0.03146  loss_dice: 0.8872  loss_ce_0: 0.3148  loss_mask_0: 0.03641  loss_dice_0: 0.9784  loss_ce_1: 0.043  loss_mask_1: 0.03574  loss_dice_1: 1.011  loss_ce_2: 0.06441  loss_mask_2: 0.03019  loss_dice_2: 1.02  loss_ce_3: 0.04514  loss_mask_3: 0.03017  loss_dice_3: 0.9245  loss_ce_4: 0.04047  loss_mask_4: 0.03134  loss_dice_4: 0.8909  loss_ce_5: 0.08548  loss_mask_5: 0.0315  loss_dice_5: 0.8558  loss_ce_6: 0.0388  loss_mask_6: 0.03162  loss_dice_6: 0.9234  loss_ce_7: 0.03348  loss_mask_7: 0.03543  loss_dice_7: 1.033  loss_ce_8: 0.1125  loss_mask_8: 0.02607  loss_dice_8: 0.9215    time: 0.8904  last_time: 0.8372  data_time: 0.1135  last_data_time: 0.1135   lr: 1.0951e-05  max_mem: 13270M
[03/18 15:39:53 d2.utils.events]:  eta: 1:29:13  iter: 13819  total_loss: 6.91  loss_ce: 0.004107  loss_mask: 0.01831  loss_dice: 0.7378  loss_ce_0: 0.1323  loss_mask_0: 0.01923  loss_dice_0: 0.6213  loss_ce_1: 0.01016  loss_mask_1: 0.02361  loss_dice_1: 0.6985  loss_ce_2: 0.005672  loss_mask_2: 0.01568  loss_dice_2: 0.5048  loss_ce_3: 0.009113  loss_mask_3: 0.01929  loss_dice_3: 0.6057  loss_ce_4: 0.005067  loss_mask_4: 0.02218  loss_dice_4: 0.6693  loss_ce_5: 0.004083  loss_mask_5: 0.01983  loss_dice_5: 0.642  loss_ce_6: 0.003716  loss_mask_6: 0.02536  loss_dice_6: 0.7484  loss_ce_7: 0.003584  loss_mask_7: 0.02324  loss_dice_7: 0.672  loss_ce_8: 0.003584  loss_mask_8: 0.01823  loss_dice_8: 0.6242    time: 0.8903  last_time: 0.8305  data_time: 0.1307  last_data_time: 0.1307   lr: 1.0886e-05  max_mem: 13270M
[03/18 15:40:10 d2.utils.events]:  eta: 1:28:52  iter: 13839  total_loss: 6.162  loss_ce: 0.004385  loss_mask: 0.03839  loss_dice: 0.5518  loss_ce_0: 0.1064  loss_mask_0: 0.04699  loss_dice_0: 0.5596  loss_ce_1: 0.01738  loss_mask_1: 0.03532  loss_dice_1: 0.4842  loss_ce_2: 0.007286  loss_mask_2: 0.03849  loss_dice_2: 0.5938  loss_ce_3: 0.006823  loss_mask_3: 0.04122  loss_dice_3: 0.5141  loss_ce_4: 0.005544  loss_mask_4: 0.03775  loss_dice_4: 0.5366  loss_ce_5: 0.005247  loss_mask_5: 0.0427  loss_dice_5: 0.585  loss_ce_6: 0.004969  loss_mask_6: 0.04109  loss_dice_6: 0.595  loss_ce_7: 0.003858  loss_mask_7: 0.03982  loss_dice_7: 0.5443  loss_ce_8: 0.004013  loss_mask_8: 0.03522  loss_dice_8: 0.635    time: 0.8902  last_time: 0.8018  data_time: 0.1000  last_data_time: 0.1000   lr: 1.0822e-05  max_mem: 13270M
[03/18 15:40:28 d2.utils.events]:  eta: 1:28:31  iter: 13859  total_loss: 9.318  loss_ce: 0.02521  loss_mask: 0.03407  loss_dice: 0.77  loss_ce_0: 0.2144  loss_mask_0: 0.05801  loss_dice_0: 0.9876  loss_ce_1: 0.07661  loss_mask_1: 0.04361  loss_dice_1: 1.04  loss_ce_2: 0.09484  loss_mask_2: 0.04209  loss_dice_2: 0.7981  loss_ce_3: 0.03649  loss_mask_3: 0.03628  loss_dice_3: 0.7821  loss_ce_4: 0.02879  loss_mask_4: 0.03963  loss_dice_4: 0.7638  loss_ce_5: 0.02628  loss_mask_5: 0.03683  loss_dice_5: 0.8638  loss_ce_6: 0.02683  loss_mask_6: 0.03689  loss_dice_6: 0.7793  loss_ce_7: 0.02473  loss_mask_7: 0.03632  loss_dice_7: 0.8124  loss_ce_8: 0.02536  loss_mask_8: 0.03669  loss_dice_8: 0.7406    time: 0.8902  last_time: 0.8604  data_time: 0.1472  last_data_time: 0.1472   lr: 1.0757e-05  max_mem: 13270M
[03/18 15:40:47 d2.utils.events]:  eta: 1:28:17  iter: 13879  total_loss: 9.718  loss_ce: 0.0207  loss_mask: 0.04233  loss_dice: 0.9434  loss_ce_0: 0.208  loss_mask_0: 0.03859  loss_dice_0: 0.784  loss_ce_1: 0.03147  loss_mask_1: 0.05362  loss_dice_1: 0.8172  loss_ce_2: 0.02612  loss_mask_2: 0.06084  loss_dice_2: 0.965  loss_ce_3: 0.02054  loss_mask_3: 0.0481  loss_dice_3: 0.9658  loss_ce_4: 0.02309  loss_mask_4: 0.03994  loss_dice_4: 0.7192  loss_ce_5: 0.01745  loss_mask_5: 0.03965  loss_dice_5: 0.8801  loss_ce_6: 0.01527  loss_mask_6: 0.05317  loss_dice_6: 1.004  loss_ce_7: 0.01657  loss_mask_7: 0.0501  loss_dice_7: 0.8227  loss_ce_8: 0.02274  loss_mask_8: 0.04631  loss_dice_8: 0.9423    time: 0.8903  last_time: 1.2224  data_time: 0.5167  last_data_time: 0.5167   lr: 1.0692e-05  max_mem: 13270M
[03/18 15:41:05 d2.utils.events]:  eta: 1:28:00  iter: 13899  total_loss: 12.06  loss_ce: 0.01549  loss_mask: 0.04554  loss_dice: 1.092  loss_ce_0: 0.1708  loss_mask_0: 0.05557  loss_dice_0: 1.076  loss_ce_1: 0.07898  loss_mask_1: 0.05076  loss_dice_1: 1.127  loss_ce_2: 0.08763  loss_mask_2: 0.04828  loss_dice_2: 1.051  loss_ce_3: 0.1648  loss_mask_3: 0.04544  loss_dice_3: 0.9561  loss_ce_4: 0.01794  loss_mask_4: 0.05017  loss_dice_4: 1.146  loss_ce_5: 0.01567  loss_mask_5: 0.0413  loss_dice_5: 1.118  loss_ce_6: 0.09343  loss_mask_6: 0.03909  loss_dice_6: 0.973  loss_ce_7: 0.01417  loss_mask_7: 0.04473  loss_dice_7: 1.227  loss_ce_8: 0.01391  loss_mask_8: 0.04392  loss_dice_8: 1.156    time: 0.8903  last_time: 1.2512  data_time: 0.5176  last_data_time: 0.5176   lr: 1.0628e-05  max_mem: 13270M
[03/18 15:41:25 d2.utils.events]:  eta: 1:27:43  iter: 13919  total_loss: 8.165  loss_ce: 0.008338  loss_mask: 0.08011  loss_dice: 0.7171  loss_ce_0: 0.09863  loss_mask_0: 0.07629  loss_dice_0: 0.6712  loss_ce_1: 0.009525  loss_mask_1: 0.07376  loss_dice_1: 0.7043  loss_ce_2: 0.006742  loss_mask_2: 0.07059  loss_dice_2: 0.7611  loss_ce_3: 0.00885  loss_mask_3: 0.08529  loss_dice_3: 0.7272  loss_ce_4: 0.007323  loss_mask_4: 0.07446  loss_dice_4: 0.698  loss_ce_5: 0.007023  loss_mask_5: 0.07991  loss_dice_5: 0.7664  loss_ce_6: 0.007121  loss_mask_6: 0.07706  loss_dice_6: 0.7114  loss_ce_7: 0.006686  loss_mask_7: 0.089  loss_dice_7: 0.6867  loss_ce_8: 0.007984  loss_mask_8: 0.09111  loss_dice_8: 0.756    time: 0.8904  last_time: 0.9237  data_time: 0.2143  last_data_time: 0.2143   lr: 1.0564e-05  max_mem: 13270M
[03/18 15:41:43 d2.utils.events]:  eta: 1:27:29  iter: 13939  total_loss: 11.33  loss_ce: 0.02568  loss_mask: 0.04611  loss_dice: 0.9671  loss_ce_0: 0.2559  loss_mask_0: 0.04387  loss_dice_0: 1.166  loss_ce_1: 0.03615  loss_mask_1: 0.06052  loss_dice_1: 1.117  loss_ce_2: 0.0368  loss_mask_2: 0.05947  loss_dice_2: 1.003  loss_ce_3: 0.02714  loss_mask_3: 0.05148  loss_dice_3: 1.079  loss_ce_4: 0.0259  loss_mask_4: 0.04421  loss_dice_4: 1.015  loss_ce_5: 0.02675  loss_mask_5: 0.04544  loss_dice_5: 0.9443  loss_ce_6: 0.02477  loss_mask_6: 0.04383  loss_dice_6: 0.9598  loss_ce_7: 0.02443  loss_mask_7: 0.05065  loss_dice_7: 1.098  loss_ce_8: 0.02662  loss_mask_8: 0.04568  loss_dice_8: 0.9821    time: 0.8904  last_time: 1.0288  data_time: 0.3159  last_data_time: 0.3159   lr: 1.05e-05  max_mem: 13270M
[03/18 15:42:01 d2.utils.events]:  eta: 1:27:13  iter: 13959  total_loss: 6.609  loss_ce: 0.03247  loss_mask: 0.03307  loss_dice: 0.5032  loss_ce_0: 0.1652  loss_mask_0: 0.04402  loss_dice_0: 0.741  loss_ce_1: 0.08335  loss_mask_1: 0.03512  loss_dice_1: 0.6524  loss_ce_2: 0.04257  loss_mask_2: 0.04445  loss_dice_2: 0.7262  loss_ce_3: 0.06042  loss_mask_3: 0.03951  loss_dice_3: 0.5167  loss_ce_4: 0.04067  loss_mask_4: 0.0384  loss_dice_4: 0.5747  loss_ce_5: 0.0288  loss_mask_5: 0.03737  loss_dice_5: 0.494  loss_ce_6: 0.02866  loss_mask_6: 0.03613  loss_dice_6: 0.5401  loss_ce_7: 0.0306  loss_mask_7: 0.03402  loss_dice_7: 0.4709  loss_ce_8: 0.02963  loss_mask_8: 0.03528  loss_dice_8: 0.4705    time: 0.8904  last_time: 0.8668  data_time: 0.1438  last_data_time: 0.1438   lr: 1.0436e-05  max_mem: 13270M
[03/18 15:42:19 d2.utils.events]:  eta: 1:26:58  iter: 13979  total_loss: 15.41  loss_ce: 0.03596  loss_mask: 0.1937  loss_dice: 1.223  loss_ce_0: 0.3322  loss_mask_0: 0.1934  loss_dice_0: 1.419  loss_ce_1: 0.05753  loss_mask_1: 0.1637  loss_dice_1: 1.276  loss_ce_2: 0.1016  loss_mask_2: 0.1524  loss_dice_2: 1.427  loss_ce_3: 0.05032  loss_mask_3: 0.182  loss_dice_3: 1.229  loss_ce_4: 0.03777  loss_mask_4: 0.1888  loss_dice_4: 1.192  loss_ce_5: 0.03418  loss_mask_5: 0.1828  loss_dice_5: 1.299  loss_ce_6: 0.04034  loss_mask_6: 0.189  loss_dice_6: 1.233  loss_ce_7: 0.02853  loss_mask_7: 0.2049  loss_dice_7: 1.308  loss_ce_8: 0.02636  loss_mask_8: 0.1928  loss_dice_8: 1.212    time: 0.8904  last_time: 1.2108  data_time: 0.4834  last_data_time: 0.4834   lr: 1.0372e-05  max_mem: 13270M
[03/18 15:42:37 d2.utils.events]:  eta: 1:26:43  iter: 13999  total_loss: 19.68  loss_ce: 0.08348  loss_mask: 0.09952  loss_dice: 1.816  loss_ce_0: 0.3988  loss_mask_0: 0.1166  loss_dice_0: 1.893  loss_ce_1: 0.1811  loss_mask_1: 0.1012  loss_dice_1: 1.88  loss_ce_2: 0.0729  loss_mask_2: 0.09996  loss_dice_2: 1.76  loss_ce_3: 0.05794  loss_mask_3: 0.1037  loss_dice_3: 1.585  loss_ce_4: 0.09932  loss_mask_4: 0.08916  loss_dice_4: 1.757  loss_ce_5: 0.09028  loss_mask_5: 0.09301  loss_dice_5: 1.69  loss_ce_6: 0.08022  loss_mask_6: 0.08926  loss_dice_6: 1.663  loss_ce_7: 0.104  loss_mask_7: 0.09392  loss_dice_7: 1.767  loss_ce_8: 0.0969  loss_mask_8: 0.09487  loss_dice_8: 1.623    time: 0.8904  last_time: 0.9013  data_time: 0.1887  last_data_time: 0.1887   lr: 1.0309e-05  max_mem: 13270M
[03/18 15:42:55 d2.utils.events]:  eta: 1:26:27  iter: 14019  total_loss: 9.549  loss_ce: 0.03505  loss_mask: 0.0582  loss_dice: 0.7158  loss_ce_0: 0.1929  loss_mask_0: 0.06822  loss_dice_0: 0.9584  loss_ce_1: 0.01979  loss_mask_1: 0.05393  loss_dice_1: 0.886  loss_ce_2: 0.0223  loss_mask_2: 0.07306  loss_dice_2: 0.9485  loss_ce_3: 0.01995  loss_mask_3: 0.07012  loss_dice_3: 0.9007  loss_ce_4: 0.02769  loss_mask_4: 0.05206  loss_dice_4: 0.7311  loss_ce_5: 0.01478  loss_mask_5: 0.07612  loss_dice_5: 0.9586  loss_ce_6: 0.03352  loss_mask_6: 0.0497  loss_dice_6: 0.8538  loss_ce_7: 0.03111  loss_mask_7: 0.04724  loss_dice_7: 0.7101  loss_ce_8: 0.03341  loss_mask_8: 0.05546  loss_dice_8: 0.8517    time: 0.8905  last_time: 1.1713  data_time: 0.4702  last_data_time: 0.4702   lr: 1.0245e-05  max_mem: 13270M
[03/18 15:43:12 d2.utils.events]:  eta: 1:26:07  iter: 14039  total_loss: 9.527  loss_ce: 0.01464  loss_mask: 0.03479  loss_dice: 0.7912  loss_ce_0: 0.1021  loss_mask_0: 0.05261  loss_dice_0: 1.007  loss_ce_1: 0.01994  loss_mask_1: 0.04082  loss_dice_1: 0.8827  loss_ce_2: 0.02144  loss_mask_2: 0.04686  loss_dice_2: 0.8904  loss_ce_3: 0.02418  loss_mask_3: 0.04315  loss_dice_3: 0.8954  loss_ce_4: 0.02436  loss_mask_4: 0.04548  loss_dice_4: 0.8922  loss_ce_5: 0.02276  loss_mask_5: 0.0409  loss_dice_5: 0.9735  loss_ce_6: 0.01539  loss_mask_6: 0.04348  loss_dice_6: 0.8781  loss_ce_7: 0.01288  loss_mask_7: 0.03933  loss_dice_7: 0.7514  loss_ce_8: 0.01435  loss_mask_8: 0.03726  loss_dice_8: 0.8682    time: 0.8904  last_time: 0.8874  data_time: 0.1868  last_data_time: 0.1868   lr: 1.0182e-05  max_mem: 13270M
[03/18 15:43:31 d2.utils.events]:  eta: 1:25:46  iter: 14059  total_loss: 8.91  loss_ce: 0.03213  loss_mask: 0.03216  loss_dice: 0.8265  loss_ce_0: 0.1978  loss_mask_0: 0.03198  loss_dice_0: 0.7127  loss_ce_1: 0.05344  loss_mask_1: 0.03463  loss_dice_1: 0.7255  loss_ce_2: 0.03584  loss_mask_2: 0.0288  loss_dice_2: 0.7118  loss_ce_3: 0.05476  loss_mask_3: 0.041  loss_dice_3: 0.9894  loss_ce_4: 0.04132  loss_mask_4: 0.03369  loss_dice_4: 0.6943  loss_ce_5: 0.03573  loss_mask_5: 0.03836  loss_dice_5: 0.8335  loss_ce_6: 0.03369  loss_mask_6: 0.03904  loss_dice_6: 0.7558  loss_ce_7: 0.03334  loss_mask_7: 0.03616  loss_dice_7: 0.7802  loss_ce_8: 0.04762  loss_mask_8: 0.04643  loss_dice_8: 0.9522    time: 0.8904  last_time: 0.8239  data_time: 0.1052  last_data_time: 0.1052   lr: 1.0119e-05  max_mem: 13270M
[03/18 15:43:49 d2.utils.events]:  eta: 1:25:32  iter: 14079  total_loss: 7.639  loss_ce: 0.02475  loss_mask: 0.03197  loss_dice: 0.7393  loss_ce_0: 0.1373  loss_mask_0: 0.04154  loss_dice_0: 0.8254  loss_ce_1: 0.02415  loss_mask_1: 0.02818  loss_dice_1: 0.6083  loss_ce_2: 0.02316  loss_mask_2: 0.03335  loss_dice_2: 0.685  loss_ce_3: 0.02549  loss_mask_3: 0.02913  loss_dice_3: 0.6999  loss_ce_4: 0.03363  loss_mask_4: 0.03089  loss_dice_4: 0.7378  loss_ce_5: 0.02458  loss_mask_5: 0.03095  loss_dice_5: 0.6586  loss_ce_6: 0.02666  loss_mask_6: 0.02922  loss_dice_6: 0.7095  loss_ce_7: 0.02391  loss_mask_7: 0.02908  loss_dice_7: 0.6347  loss_ce_8: 0.02524  loss_mask_8: 0.02989  loss_dice_8: 0.6569    time: 0.8904  last_time: 0.8877  data_time: 0.1641  last_data_time: 0.1641   lr: 1.0056e-05  max_mem: 13270M
[03/18 15:44:07 d2.utils.events]:  eta: 1:25:16  iter: 14099  total_loss: 12.57  loss_ce: 0.0977  loss_mask: 0.02546  loss_dice: 0.877  loss_ce_0: 0.2775  loss_mask_0: 0.03593  loss_dice_0: 1.289  loss_ce_1: 0.1907  loss_mask_1: 0.03498  loss_dice_1: 1.281  loss_ce_2: 0.1256  loss_mask_2: 0.02483  loss_dice_2: 0.9165  loss_ce_3: 0.1065  loss_mask_3: 0.02885  loss_dice_3: 1.027  loss_ce_4: 0.1958  loss_mask_4: 0.03204  loss_dice_4: 1.088  loss_ce_5: 0.1472  loss_mask_5: 0.03127  loss_dice_5: 1.168  loss_ce_6: 0.09456  loss_mask_6: 0.02613  loss_dice_6: 1.028  loss_ce_7: 0.1444  loss_mask_7: 0.03057  loss_dice_7: 1.12  loss_ce_8: 0.09656  loss_mask_8: 0.03271  loss_dice_8: 0.9953    time: 0.8904  last_time: 0.8709  data_time: 0.1419  last_data_time: 0.1419   lr: 9.9926e-06  max_mem: 13270M
[03/18 15:44:25 d2.utils.events]:  eta: 1:25:00  iter: 14119  total_loss: 8.311  loss_ce: 0.04475  loss_mask: 0.04672  loss_dice: 0.8022  loss_ce_0: 0.1753  loss_mask_0: 0.04998  loss_dice_0: 0.761  loss_ce_1: 0.1047  loss_mask_1: 0.0512  loss_dice_1: 0.7042  loss_ce_2: 0.04749  loss_mask_2: 0.04548  loss_dice_2: 0.6878  loss_ce_3: 0.04942  loss_mask_3: 0.03868  loss_dice_3: 0.6984  loss_ce_4: 0.05256  loss_mask_4: 0.04393  loss_dice_4: 0.7713  loss_ce_5: 0.04634  loss_mask_5: 0.03997  loss_dice_5: 0.6444  loss_ce_6: 0.04644  loss_mask_6: 0.04316  loss_dice_6: 0.749  loss_ce_7: 0.05172  loss_mask_7: 0.04429  loss_dice_7: 0.701  loss_ce_8: 0.04834  loss_mask_8: 0.0435  loss_dice_8: 0.6776    time: 0.8905  last_time: 0.9674  data_time: 0.2501  last_data_time: 0.2501   lr: 9.9299e-06  max_mem: 13270M
[03/18 15:44:44 d2.utils.events]:  eta: 1:24:43  iter: 14139  total_loss: 7.973  loss_ce: 0.04504  loss_mask: 0.03594  loss_dice: 0.6095  loss_ce_0: 0.3288  loss_mask_0: 0.04276  loss_dice_0: 0.6698  loss_ce_1: 0.1018  loss_mask_1: 0.03674  loss_dice_1: 0.7691  loss_ce_2: 0.06019  loss_mask_2: 0.03279  loss_dice_2: 0.626  loss_ce_3: 0.05575  loss_mask_3: 0.03332  loss_dice_3: 0.6452  loss_ce_4: 0.04872  loss_mask_4: 0.0365  loss_dice_4: 0.7973  loss_ce_5: 0.08571  loss_mask_5: 0.03473  loss_dice_5: 0.688  loss_ce_6: 0.08458  loss_mask_6: 0.03628  loss_dice_6: 0.6391  loss_ce_7: 0.04327  loss_mask_7: 0.0321  loss_dice_7: 0.6381  loss_ce_8: 0.04597  loss_mask_8: 0.03086  loss_dice_8: 0.639    time: 0.8905  last_time: 0.9657  data_time: 0.1672  last_data_time: 0.1672   lr: 9.8673e-06  max_mem: 13270M
[03/18 15:45:01 d2.utils.events]:  eta: 1:24:22  iter: 14159  total_loss: 9.48  loss_ce: 0.0218  loss_mask: 0.06365  loss_dice: 0.8044  loss_ce_0: 0.1218  loss_mask_0: 0.08744  loss_dice_0: 0.6811  loss_ce_1: 0.04637  loss_mask_1: 0.07687  loss_dice_1: 1.13  loss_ce_2: 0.01619  loss_mask_2: 0.06742  loss_dice_2: 0.8874  loss_ce_3: 0.03142  loss_mask_3: 0.07381  loss_dice_3: 0.8825  loss_ce_4: 0.02913  loss_mask_4: 0.06444  loss_dice_4: 0.673  loss_ce_5: 0.02301  loss_mask_5: 0.0632  loss_dice_5: 0.8015  loss_ce_6: 0.02151  loss_mask_6: 0.06926  loss_dice_6: 0.8458  loss_ce_7: 0.02515  loss_mask_7: 0.0652  loss_dice_7: 0.8884  loss_ce_8: 0.0184  loss_mask_8: 0.06333  loss_dice_8: 0.8371    time: 0.8905  last_time: 0.9441  data_time: 0.2188  last_data_time: 0.2188   lr: 9.8049e-06  max_mem: 13270M
[03/18 15:45:19 d2.utils.events]:  eta: 1:24:03  iter: 14179  total_loss: 17.53  loss_ce: 0.0966  loss_mask: 0.05416  loss_dice: 1.444  loss_ce_0: 0.5591  loss_mask_0: 0.05437  loss_dice_0: 1.567  loss_ce_1: 0.06194  loss_mask_1: 0.08198  loss_dice_1: 1.748  loss_ce_2: 0.1719  loss_mask_2: 0.05797  loss_dice_2: 1.476  loss_ce_3: 0.1013  loss_mask_3: 0.06067  loss_dice_3: 1.515  loss_ce_4: 0.03349  loss_mask_4: 0.09589  loss_dice_4: 1.843  loss_ce_5: 0.07199  loss_mask_5: 0.05459  loss_dice_5: 1.49  loss_ce_6: 0.08771  loss_mask_6: 0.05539  loss_dice_6: 1.414  loss_ce_7: 0.09232  loss_mask_7: 0.0603  loss_dice_7: 1.535  loss_ce_8: 0.09712  loss_mask_8: 0.05997  loss_dice_8: 1.485    time: 0.8904  last_time: 0.8629  data_time: 0.1487  last_data_time: 0.1487   lr: 9.7426e-06  max_mem: 13270M
[03/18 15:45:36 d2.utils.events]:  eta: 1:23:47  iter: 14199  total_loss: 6.931  loss_ce: 0.01975  loss_mask: 0.04068  loss_dice: 0.6292  loss_ce_0: 0.1039  loss_mask_0: 0.04719  loss_dice_0: 0.6951  loss_ce_1: 0.0198  loss_mask_1: 0.04551  loss_dice_1: 0.648  loss_ce_2: 0.01831  loss_mask_2: 0.0374  loss_dice_2: 0.6067  loss_ce_3: 0.01738  loss_mask_3: 0.0409  loss_dice_3: 0.649  loss_ce_4: 0.01975  loss_mask_4: 0.03935  loss_dice_4: 0.678  loss_ce_5: 0.02009  loss_mask_5: 0.04027  loss_dice_5: 0.5578  loss_ce_6: 0.01881  loss_mask_6: 0.04113  loss_dice_6: 0.606  loss_ce_7: 0.0178  loss_mask_7: 0.03898  loss_dice_7: 0.5492  loss_ce_8: 0.01865  loss_mask_8: 0.04291  loss_dice_8: 0.6229    time: 0.8904  last_time: 0.8399  data_time: 0.1299  last_data_time: 0.1299   lr: 9.6804e-06  max_mem: 13270M
[03/18 15:45:55 d2.utils.events]:  eta: 1:23:30  iter: 14219  total_loss: 8.867  loss_ce: 0.01025  loss_mask: 0.04119  loss_dice: 0.8806  loss_ce_0: 0.1305  loss_mask_0: 0.04028  loss_dice_0: 0.8882  loss_ce_1: 0.03261  loss_mask_1: 0.04309  loss_dice_1: 0.8818  loss_ce_2: 0.01921  loss_mask_2: 0.04118  loss_dice_2: 0.7628  loss_ce_3: 0.01275  loss_mask_3: 0.04021  loss_dice_3: 0.8333  loss_ce_4: 0.009478  loss_mask_4: 0.0378  loss_dice_4: 0.725  loss_ce_5: 0.01018  loss_mask_5: 0.03362  loss_dice_5: 0.7521  loss_ce_6: 0.01059  loss_mask_6: 0.04157  loss_dice_6: 0.8232  loss_ce_7: 0.009064  loss_mask_7: 0.0366  loss_dice_7: 0.895  loss_ce_8: 0.008679  loss_mask_8: 0.04269  loss_dice_8: 0.773    time: 0.8904  last_time: 0.8988  data_time: 0.1786  last_data_time: 0.1786   lr: 9.6184e-06  max_mem: 13270M
[03/18 15:46:12 d2.utils.events]:  eta: 1:23:11  iter: 14239  total_loss: 5.637  loss_ce: 0.007232  loss_mask: 0.03182  loss_dice: 0.5741  loss_ce_0: 0.09703  loss_mask_0: 0.03396  loss_dice_0: 0.5183  loss_ce_1: 0.01487  loss_mask_1: 0.03137  loss_dice_1: 0.5238  loss_ce_2: 0.01058  loss_mask_2: 0.03284  loss_dice_2: 0.5295  loss_ce_3: 0.01258  loss_mask_3: 0.03387  loss_dice_3: 0.5461  loss_ce_4: 0.008428  loss_mask_4: 0.03234  loss_dice_4: 0.5376  loss_ce_5: 0.007268  loss_mask_5: 0.03227  loss_dice_5: 0.4433  loss_ce_6: 0.00697  loss_mask_6: 0.03244  loss_dice_6: 0.5798  loss_ce_7: 0.007634  loss_mask_7: 0.02607  loss_dice_7: 0.4161  loss_ce_8: 0.007314  loss_mask_8: 0.02899  loss_dice_8: 0.4723    time: 0.8904  last_time: 0.8604  data_time: 0.1363  last_data_time: 0.1363   lr: 9.5566e-06  max_mem: 13270M
[03/18 15:46:30 d2.utils.events]:  eta: 1:22:55  iter: 14259  total_loss: 7.234  loss_ce: 0.02461  loss_mask: 0.0343  loss_dice: 0.5816  loss_ce_0: 0.1414  loss_mask_0: 0.04328  loss_dice_0: 0.8726  loss_ce_1: 0.02698  loss_mask_1: 0.03828  loss_dice_1: 0.6996  loss_ce_2: 0.02895  loss_mask_2: 0.03514  loss_dice_2: 0.6171  loss_ce_3: 0.02501  loss_mask_3: 0.03014  loss_dice_3: 0.5773  loss_ce_4: 0.02345  loss_mask_4: 0.03433  loss_dice_4: 0.6142  loss_ce_5: 0.02244  loss_mask_5: 0.03666  loss_dice_5: 0.6511  loss_ce_6: 0.02365  loss_mask_6: 0.03739  loss_dice_6: 0.6467  loss_ce_7: 0.0239  loss_mask_7: 0.03672  loss_dice_7: 0.6815  loss_ce_8: 0.02508  loss_mask_8: 0.03545  loss_dice_8: 0.5647    time: 0.8904  last_time: 0.9061  data_time: 0.1863  last_data_time: 0.1863   lr: 9.4949e-06  max_mem: 13270M
[03/18 15:46:48 d2.utils.events]:  eta: 1:22:36  iter: 14279  total_loss: 6.915  loss_ce: 0.01484  loss_mask: 0.05813  loss_dice: 0.5773  loss_ce_0: 0.1488  loss_mask_0: 0.05944  loss_dice_0: 0.55  loss_ce_1: 0.02491  loss_mask_1: 0.04351  loss_dice_1: 0.5714  loss_ce_2: 0.01486  loss_mask_2: 0.06298  loss_dice_2: 0.5701  loss_ce_3: 0.01726  loss_mask_3: 0.06536  loss_dice_3: 0.6079  loss_ce_4: 0.01556  loss_mask_4: 0.07136  loss_dice_4: 0.5963  loss_ce_5: 0.01455  loss_mask_5: 0.06171  loss_dice_5: 0.5915  loss_ce_6: 0.01645  loss_mask_6: 0.06701  loss_dice_6: 0.6476  loss_ce_7: 0.01512  loss_mask_7: 0.06588  loss_dice_7: 0.6579  loss_ce_8: 0.01581  loss_mask_8: 0.06066  loss_dice_8: 0.6311    time: 0.8904  last_time: 0.8353  data_time: 0.1166  last_data_time: 0.1166   lr: 9.4334e-06  max_mem: 13270M
[03/18 15:47:06 d2.utils.events]:  eta: 1:22:18  iter: 14299  total_loss: 8.846  loss_ce: 0.08728  loss_mask: 0.02449  loss_dice: 0.7094  loss_ce_0: 0.2387  loss_mask_0: 0.02986  loss_dice_0: 0.7204  loss_ce_1: 0.1544  loss_mask_1: 0.02423  loss_dice_1: 0.6553  loss_ce_2: 0.1216  loss_mask_2: 0.03393  loss_dice_2: 0.7677  loss_ce_3: 0.02486  loss_mask_3: 0.03099  loss_dice_3: 0.8623  loss_ce_4: 0.1205  loss_mask_4: 0.02934  loss_dice_4: 0.7441  loss_ce_5: 0.02921  loss_mask_5: 0.03006  loss_dice_5: 0.7747  loss_ce_6: 0.02896  loss_mask_6: 0.02966  loss_dice_6: 0.8279  loss_ce_7: 0.02932  loss_mask_7: 0.02954  loss_dice_7: 0.8451  loss_ce_8: 0.03215  loss_mask_8: 0.02724  loss_dice_8: 0.7824    time: 0.8904  last_time: 0.8451  data_time: 0.1356  last_data_time: 0.1356   lr: 9.372e-06  max_mem: 13270M
[03/18 15:47:23 d2.utils.events]:  eta: 1:21:57  iter: 14319  total_loss: 21.57  loss_ce: 0.1128  loss_mask: 0.1093  loss_dice: 1.798  loss_ce_0: 0.1931  loss_mask_0: 0.1553  loss_dice_0: 1.886  loss_ce_1: 0.09105  loss_mask_1: 0.1217  loss_dice_1: 2.16  loss_ce_2: 0.1446  loss_mask_2: 0.1392  loss_dice_2: 2.059  loss_ce_3: 0.09659  loss_mask_3: 0.1281  loss_dice_3: 1.845  loss_ce_4: 0.08865  loss_mask_4: 0.1331  loss_dice_4: 2.03  loss_ce_5: 0.1394  loss_mask_5: 0.128  loss_dice_5: 1.867  loss_ce_6: 0.08102  loss_mask_6: 0.1228  loss_dice_6: 1.885  loss_ce_7: 0.07517  loss_mask_7: 0.1243  loss_dice_7: 1.716  loss_ce_8: 0.07781  loss_mask_8: 0.09645  loss_dice_8: 1.967    time: 0.8903  last_time: 1.2067  data_time: 0.4956  last_data_time: 0.4956   lr: 9.3108e-06  max_mem: 13270M
[03/18 15:47:41 d2.utils.events]:  eta: 1:21:36  iter: 14339  total_loss: 9.841  loss_ce: 0.05302  loss_mask: 0.0339  loss_dice: 0.7959  loss_ce_0: 0.1801  loss_mask_0: 0.04715  loss_dice_0: 1.142  loss_ce_1: 0.06016  loss_mask_1: 0.04494  loss_dice_1: 0.9907  loss_ce_2: 0.08392  loss_mask_2: 0.03974  loss_dice_2: 0.7825  loss_ce_3: 0.04755  loss_mask_3: 0.03312  loss_dice_3: 0.6798  loss_ce_4: 0.04895  loss_mask_4: 0.04191  loss_dice_4: 0.8514  loss_ce_5: 0.04886  loss_mask_5: 0.03743  loss_dice_5: 0.9105  loss_ce_6: 0.1087  loss_mask_6: 0.03865  loss_dice_6: 0.857  loss_ce_7: 0.04603  loss_mask_7: 0.03792  loss_dice_7: 0.7958  loss_ce_8: 0.05239  loss_mask_8: 0.03803  loss_dice_8: 0.9135    time: 0.8903  last_time: 0.9208  data_time: 0.2142  last_data_time: 0.2142   lr: 9.2497e-06  max_mem: 13270M
[03/18 15:47:59 d2.utils.events]:  eta: 1:21:18  iter: 14359  total_loss: 11.43  loss_ce: 0.1039  loss_mask: 0.0185  loss_dice: 0.8166  loss_ce_0: 0.1943  loss_mask_0: 0.02536  loss_dice_0: 1.02  loss_ce_1: 0.1919  loss_mask_1: 0.01891  loss_dice_1: 1.05  loss_ce_2: 0.1971  loss_mask_2: 0.03254  loss_dice_2: 1.281  loss_ce_3: 0.1197  loss_mask_3: 0.02176  loss_dice_3: 0.7993  loss_ce_4: 0.1088  loss_mask_4: 0.0304  loss_dice_4: 0.9664  loss_ce_5: 0.1003  loss_mask_5: 0.02463  loss_dice_5: 1.058  loss_ce_6: 0.1318  loss_mask_6: 0.01813  loss_dice_6: 1.059  loss_ce_7: 0.1112  loss_mask_7: 0.02311  loss_dice_7: 0.9175  loss_ce_8: 0.1474  loss_mask_8: 0.01955  loss_dice_8: 0.8201    time: 0.8902  last_time: 0.8902  data_time: 0.1830  last_data_time: 0.1830   lr: 9.1888e-06  max_mem: 13270M
[03/18 15:48:16 d2.utils.events]:  eta: 1:21:01  iter: 14379  total_loss: 10.17  loss_ce: 0.00849  loss_mask: 0.0628  loss_dice: 0.8874  loss_ce_0: 0.1013  loss_mask_0: 0.07907  loss_dice_0: 1.134  loss_ce_1: 0.06947  loss_mask_1: 0.04867  loss_dice_1: 0.9206  loss_ce_2: 0.06766  loss_mask_2: 0.084  loss_dice_2: 0.9402  loss_ce_3: 0.009968  loss_mask_3: 0.06123  loss_dice_3: 0.9813  loss_ce_4: 0.008547  loss_mask_4: 0.05214  loss_dice_4: 0.773  loss_ce_5: 0.007658  loss_mask_5: 0.04208  loss_dice_5: 0.9275  loss_ce_6: 0.008539  loss_mask_6: 0.05352  loss_dice_6: 0.8949  loss_ce_7: 0.009513  loss_mask_7: 0.05661  loss_dice_7: 0.9347  loss_ce_8: 0.007993  loss_mask_8: 0.05624  loss_dice_8: 0.8795    time: 0.8902  last_time: 0.9089  data_time: 0.1980  last_data_time: 0.1980   lr: 9.128e-06  max_mem: 13270M
[03/18 15:48:33 d2.utils.events]:  eta: 1:20:41  iter: 14399  total_loss: 11.85  loss_ce: 0.05167  loss_mask: 0.03758  loss_dice: 1.049  loss_ce_0: 0.2213  loss_mask_0: 0.05968  loss_dice_0: 1.02  loss_ce_1: 0.1445  loss_mask_1: 0.03333  loss_dice_1: 1.103  loss_ce_2: 0.08137  loss_mask_2: 0.0642  loss_dice_2: 1.26  loss_ce_3: 0.07118  loss_mask_3: 0.03807  loss_dice_3: 1.104  loss_ce_4: 0.05136  loss_mask_4: 0.03653  loss_dice_4: 1.023  loss_ce_5: 0.05534  loss_mask_5: 0.04304  loss_dice_5: 1.072  loss_ce_6: 0.0555  loss_mask_6: 0.03723  loss_dice_6: 0.9318  loss_ce_7: 0.05079  loss_mask_7: 0.03339  loss_dice_7: 0.8444  loss_ce_8: 0.06294  loss_mask_8: 0.04032  loss_dice_8: 1.173    time: 0.8902  last_time: 0.8153  data_time: 0.1138  last_data_time: 0.1138   lr: 9.0674e-06  max_mem: 13270M
[03/18 15:48:51 d2.utils.events]:  eta: 1:20:22  iter: 14419  total_loss: 10.45  loss_ce: 0.0261  loss_mask: 0.06445  loss_dice: 0.8473  loss_ce_0: 0.2217  loss_mask_0: 0.09117  loss_dice_0: 0.9488  loss_ce_1: 0.03953  loss_mask_1: 0.06658  loss_dice_1: 0.9513  loss_ce_2: 0.04047  loss_mask_2: 0.08089  loss_dice_2: 1.026  loss_ce_3: 0.03731  loss_mask_3: 0.07999  loss_dice_3: 0.8692  loss_ce_4: 0.03347  loss_mask_4: 0.0877  loss_dice_4: 1.021  loss_ce_5: 0.02976  loss_mask_5: 0.0745  loss_dice_5: 0.9603  loss_ce_6: 0.02878  loss_mask_6: 0.06737  loss_dice_6: 0.9104  loss_ce_7: 0.02941  loss_mask_7: 0.068  loss_dice_7: 0.8375  loss_ce_8: 0.02657  loss_mask_8: 0.06472  loss_dice_8: 0.8241    time: 0.8901  last_time: 0.8606  data_time: 0.1508  last_data_time: 0.1508   lr: 9.007e-06  max_mem: 13270M
[03/18 15:49:09 d2.utils.events]:  eta: 1:20:06  iter: 14439  total_loss: 7.372  loss_ce: 0.09321  loss_mask: 0.04196  loss_dice: 0.6532  loss_ce_0: 0.1455  loss_mask_0: 0.0622  loss_dice_0: 0.7202  loss_ce_1: 0.03544  loss_mask_1: 0.04105  loss_dice_1: 0.5759  loss_ce_2: 0.06194  loss_mask_2: 0.04421  loss_dice_2: 0.7093  loss_ce_3: 0.02599  loss_mask_3: 0.04246  loss_dice_3: 0.6158  loss_ce_4: 0.03378  loss_mask_4: 0.04633  loss_dice_4: 0.6316  loss_ce_5: 0.07035  loss_mask_5: 0.04644  loss_dice_5: 0.7261  loss_ce_6: 0.0261  loss_mask_6: 0.04868  loss_dice_6: 0.5773  loss_ce_7: 0.03016  loss_mask_7: 0.04228  loss_dice_7: 0.5785  loss_ce_8: 0.027  loss_mask_8: 0.04194  loss_dice_8: 0.5768    time: 0.8901  last_time: 0.8782  data_time: 0.1667  last_data_time: 0.1667   lr: 8.9467e-06  max_mem: 13270M
[03/18 15:49:27 d2.utils.events]:  eta: 1:19:47  iter: 14459  total_loss: 6.609  loss_ce: 0.01111  loss_mask: 0.02385  loss_dice: 0.5491  loss_ce_0: 0.3372  loss_mask_0: 0.04536  loss_dice_0: 0.8117  loss_ce_1: 0.05182  loss_mask_1: 0.02754  loss_dice_1: 0.5315  loss_ce_2: 0.02355  loss_mask_2: 0.02248  loss_dice_2: 0.513  loss_ce_3: 0.01112  loss_mask_3: 0.02492  loss_dice_3: 0.5575  loss_ce_4: 0.01036  loss_mask_4: 0.02273  loss_dice_4: 0.5215  loss_ce_5: 0.01078  loss_mask_5: 0.02496  loss_dice_5: 0.6225  loss_ce_6: 0.01254  loss_mask_6: 0.02945  loss_dice_6: 0.5852  loss_ce_7: 0.0113  loss_mask_7: 0.02258  loss_dice_7: 0.5272  loss_ce_8: 0.0109  loss_mask_8: 0.02889  loss_dice_8: 0.6266    time: 0.8901  last_time: 0.8346  data_time: 0.1306  last_data_time: 0.1306   lr: 8.8866e-06  max_mem: 13270M
[03/18 15:49:45 d2.utils.events]:  eta: 1:19:29  iter: 14479  total_loss: 4.946  loss_ce: 0.006489  loss_mask: 0.03945  loss_dice: 0.4031  loss_ce_0: 0.1204  loss_mask_0: 0.05648  loss_dice_0: 0.4409  loss_ce_1: 0.007929  loss_mask_1: 0.04105  loss_dice_1: 0.4333  loss_ce_2: 0.008612  loss_mask_2: 0.03844  loss_dice_2: 0.3881  loss_ce_3: 0.006781  loss_mask_3: 0.04158  loss_dice_3: 0.4232  loss_ce_4: 0.006233  loss_mask_4: 0.04588  loss_dice_4: 0.4245  loss_ce_5: 0.005907  loss_mask_5: 0.04223  loss_dice_5: 0.4242  loss_ce_6: 0.006283  loss_mask_6: 0.04556  loss_dice_6: 0.4195  loss_ce_7: 0.006243  loss_mask_7: 0.0449  loss_dice_7: 0.5485  loss_ce_8: 0.006075  loss_mask_8: 0.04327  loss_dice_8: 0.4214    time: 0.8901  last_time: 0.8473  data_time: 0.1306  last_data_time: 0.1306   lr: 8.8266e-06  max_mem: 13270M
[03/18 15:50:03 d2.utils.events]:  eta: 1:19:09  iter: 14499  total_loss: 10.82  loss_ce: 0.1077  loss_mask: 0.02042  loss_dice: 0.8712  loss_ce_0: 0.255  loss_mask_0: 0.02941  loss_dice_0: 1.299  loss_ce_1: 0.1007  loss_mask_1: 0.03185  loss_dice_1: 0.9736  loss_ce_2: 0.0602  loss_mask_2: 0.02956  loss_dice_2: 0.9285  loss_ce_3: 0.1172  loss_mask_3: 0.02255  loss_dice_3: 0.9318  loss_ce_4: 0.04753  loss_mask_4: 0.02616  loss_dice_4: 0.854  loss_ce_5: 0.04864  loss_mask_5: 0.02575  loss_dice_5: 0.8079  loss_ce_6: 0.05299  loss_mask_6: 0.02144  loss_dice_6: 0.8667  loss_ce_7: 0.05816  loss_mask_7: 0.02392  loss_dice_7: 0.9492  loss_ce_8: 0.04896  loss_mask_8: 0.03025  loss_dice_8: 1.18    time: 0.8901  last_time: 0.8564  data_time: 0.1356  last_data_time: 0.1356   lr: 8.7668e-06  max_mem: 13270M
[03/18 15:50:22 d2.utils.events]:  eta: 1:18:53  iter: 14519  total_loss: 11.94  loss_ce: 0.08686  loss_mask: 0.06345  loss_dice: 0.9669  loss_ce_0: 0.1458  loss_mask_0: 0.06394  loss_dice_0: 1.19  loss_ce_1: 0.07963  loss_mask_1: 0.05699  loss_dice_1: 0.8925  loss_ce_2: 0.08519  loss_mask_2: 0.05693  loss_dice_2: 1.012  loss_ce_3: 0.09445  loss_mask_3: 0.06289  loss_dice_3: 1.101  loss_ce_4: 0.06793  loss_mask_4: 0.06443  loss_dice_4: 1.125  loss_ce_5: 0.06167  loss_mask_5: 0.06029  loss_dice_5: 1.131  loss_ce_6: 0.08337  loss_mask_6: 0.06783  loss_dice_6: 1.159  loss_ce_7: 0.08195  loss_mask_7: 0.04508  loss_dice_7: 0.8084  loss_ce_8: 0.07752  loss_mask_8: 0.06143  loss_dice_8: 1.09    time: 0.8901  last_time: 0.9040  data_time: 0.1854  last_data_time: 0.1854   lr: 8.7071e-06  max_mem: 13270M
[03/18 15:50:40 d2.utils.events]:  eta: 1:18:40  iter: 14539  total_loss: 11.05  loss_ce: 0.05364  loss_mask: 0.0626  loss_dice: 0.8497  loss_ce_0: 0.2128  loss_mask_0: 0.08385  loss_dice_0: 1.273  loss_ce_1: 0.02361  loss_mask_1: 0.04721  loss_dice_1: 0.8112  loss_ce_2: 0.03095  loss_mask_2: 0.06638  loss_dice_2: 1.172  loss_ce_3: 0.03466  loss_mask_3: 0.06211  loss_dice_3: 1.147  loss_ce_4: 0.02755  loss_mask_4: 0.06816  loss_dice_4: 1.122  loss_ce_5: 0.06756  loss_mask_5: 0.05432  loss_dice_5: 0.8926  loss_ce_6: 0.05173  loss_mask_6: 0.04487  loss_dice_6: 0.7604  loss_ce_7: 0.05227  loss_mask_7: 0.06221  loss_dice_7: 0.9066  loss_ce_8: 0.05169  loss_mask_8: 0.06226  loss_dice_8: 0.8942    time: 0.8902  last_time: 0.9317  data_time: 0.2083  last_data_time: 0.2083   lr: 8.6476e-06  max_mem: 13270M
[03/18 15:50:58 d2.utils.events]:  eta: 1:18:20  iter: 14559  total_loss: 13.65  loss_ce: 0.07188  loss_mask: 0.05886  loss_dice: 1.183  loss_ce_0: 0.4668  loss_mask_0: 0.1047  loss_dice_0: 1.288  loss_ce_1: 0.1486  loss_mask_1: 0.08295  loss_dice_1: 1.268  loss_ce_2: 0.1234  loss_mask_2: 0.0675  loss_dice_2: 1.177  loss_ce_3: 0.1378  loss_mask_3: 0.05872  loss_dice_3: 0.9745  loss_ce_4: 0.1148  loss_mask_4: 0.05705  loss_dice_4: 1.012  loss_ce_5: 0.07952  loss_mask_5: 0.05703  loss_dice_5: 1.206  loss_ce_6: 0.0679  loss_mask_6: 0.05857  loss_dice_6: 1.249  loss_ce_7: 0.06459  loss_mask_7: 0.05582  loss_dice_7: 1.107  loss_ce_8: 0.06005  loss_mask_8: 0.05702  loss_dice_8: 1.193    time: 0.8902  last_time: 1.3309  data_time: 0.6089  last_data_time: 0.6089   lr: 8.5883e-06  max_mem: 13270M
[03/18 15:51:17 d2.utils.events]:  eta: 1:18:03  iter: 14579  total_loss: 8.597  loss_ce: 0.01598  loss_mask: 0.03969  loss_dice: 0.7376  loss_ce_0: 0.1328  loss_mask_0: 0.06082  loss_dice_0: 0.782  loss_ce_1: 0.04393  loss_mask_1: 0.04724  loss_dice_1: 0.6695  loss_ce_2: 0.01188  loss_mask_2: 0.0461  loss_dice_2: 0.7069  loss_ce_3: 0.01179  loss_mask_3: 0.04391  loss_dice_3: 0.8387  loss_ce_4: 0.01314  loss_mask_4: 0.04327  loss_dice_4: 0.7845  loss_ce_5: 0.01443  loss_mask_5: 0.04538  loss_dice_5: 0.885  loss_ce_6: 0.01572  loss_mask_6: 0.04082  loss_dice_6: 0.7386  loss_ce_7: 0.01459  loss_mask_7: 0.04004  loss_dice_7: 0.8712  loss_ce_8: 0.01655  loss_mask_8: 0.03745  loss_dice_8: 0.8469    time: 0.8902  last_time: 0.8568  data_time: 0.1312  last_data_time: 0.1312   lr: 8.5292e-06  max_mem: 13270M
[03/18 15:51:34 d2.utils.events]:  eta: 1:17:46  iter: 14599  total_loss: 6.375  loss_ce: 0.012  loss_mask: 0.03214  loss_dice: 0.6006  loss_ce_0: 0.1005  loss_mask_0: 0.04335  loss_dice_0: 0.7107  loss_ce_1: 0.01075  loss_mask_1: 0.03056  loss_dice_1: 0.5105  loss_ce_2: 0.01511  loss_mask_2: 0.03862  loss_dice_2: 0.6012  loss_ce_3: 0.009916  loss_mask_3: 0.03697  loss_dice_3: 0.6868  loss_ce_4: 0.01115  loss_mask_4: 0.02866  loss_dice_4: 0.5545  loss_ce_5: 0.01378  loss_mask_5: 0.02928  loss_dice_5: 0.5292  loss_ce_6: 0.01251  loss_mask_6: 0.03134  loss_dice_6: 0.5441  loss_ce_7: 0.01006  loss_mask_7: 0.03228  loss_dice_7: 0.5379  loss_ce_8: 0.01142  loss_mask_8: 0.0324  loss_dice_8: 0.5562    time: 0.8902  last_time: 0.8591  data_time: 0.1491  last_data_time: 0.1491   lr: 8.4701e-06  max_mem: 13270M
[03/18 15:51:53 d2.utils.events]:  eta: 1:17:30  iter: 14619  total_loss: 10.01  loss_ce: 0.0485  loss_mask: 0.0539  loss_dice: 0.918  loss_ce_0: 0.1991  loss_mask_0: 0.07605  loss_dice_0: 0.8828  loss_ce_1: 0.1094  loss_mask_1: 0.0684  loss_dice_1: 0.9577  loss_ce_2: 0.06133  loss_mask_2: 0.06234  loss_dice_2: 0.8477  loss_ce_3: 0.05948  loss_mask_3: 0.05254  loss_dice_3: 0.7477  loss_ce_4: 0.04524  loss_mask_4: 0.04475  loss_dice_4: 0.8553  loss_ce_5: 0.04209  loss_mask_5: 0.06213  loss_dice_5: 0.8328  loss_ce_6: 0.04544  loss_mask_6: 0.05621  loss_dice_6: 0.84  loss_ce_7: 0.051  loss_mask_7: 0.0512  loss_dice_7: 0.879  loss_ce_8: 0.04511  loss_mask_8: 0.06344  loss_dice_8: 0.9542    time: 0.8902  last_time: 1.0264  data_time: 0.3067  last_data_time: 0.3067   lr: 8.4113e-06  max_mem: 13270M
[03/18 15:52:10 d2.utils.events]:  eta: 1:17:10  iter: 14639  total_loss: 7.321  loss_ce: 0.009811  loss_mask: 0.06135  loss_dice: 0.6527  loss_ce_0: 0.1019  loss_mask_0: 0.07214  loss_dice_0: 0.8314  loss_ce_1: 0.009375  loss_mask_1: 0.05346  loss_dice_1: 0.7028  loss_ce_2: 0.01828  loss_mask_2: 0.06713  loss_dice_2: 0.6117  loss_ce_3: 0.01017  loss_mask_3: 0.06099  loss_dice_3: 0.6258  loss_ce_4: 0.009317  loss_mask_4: 0.06829  loss_dice_4: 0.618  loss_ce_5: 0.008671  loss_mask_5: 0.06114  loss_dice_5: 0.6028  loss_ce_6: 0.007634  loss_mask_6: 0.06536  loss_dice_6: 0.6303  loss_ce_7: 0.008458  loss_mask_7: 0.05473  loss_dice_7: 0.5666  loss_ce_8: 0.009048  loss_mask_8: 0.06076  loss_dice_8: 0.6606    time: 0.8902  last_time: 0.8979  data_time: 0.1854  last_data_time: 0.1854   lr: 8.3526e-06  max_mem: 13270M
[03/18 15:52:29 d2.utils.events]:  eta: 1:16:56  iter: 14659  total_loss: 12.06  loss_ce: 0.07112  loss_mask: 0.04281  loss_dice: 0.8718  loss_ce_0: 0.3519  loss_mask_0: 0.04161  loss_dice_0: 1.076  loss_ce_1: 0.1049  loss_mask_1: 0.05033  loss_dice_1: 0.9282  loss_ce_2: 0.1597  loss_mask_2: 0.03962  loss_dice_2: 1.105  loss_ce_3: 0.0757  loss_mask_3: 0.04506  loss_dice_3: 1.083  loss_ce_4: 0.04437  loss_mask_4: 0.04767  loss_dice_4: 1.298  loss_ce_5: 0.08319  loss_mask_5: 0.04065  loss_dice_5: 1.322  loss_ce_6: 0.127  loss_mask_6: 0.03116  loss_dice_6: 0.9613  loss_ce_7: 0.1304  loss_mask_7: 0.03487  loss_dice_7: 0.7868  loss_ce_8: 0.1353  loss_mask_8: 0.03913  loss_dice_8: 0.9352    time: 0.8902  last_time: 0.9533  data_time: 0.2422  last_data_time: 0.2422   lr: 8.2941e-06  max_mem: 13270M
[03/18 15:52:46 d2.utils.events]:  eta: 1:16:36  iter: 14679  total_loss: 8.364  loss_ce: 0.01168  loss_mask: 0.03563  loss_dice: 0.7575  loss_ce_0: 0.2345  loss_mask_0: 0.03461  loss_dice_0: 0.8352  loss_ce_1: 0.08369  loss_mask_1: 0.03484  loss_dice_1: 0.6932  loss_ce_2: 0.01188  loss_mask_2: 0.03288  loss_dice_2: 0.7622  loss_ce_3: 0.0733  loss_mask_3: 0.02981  loss_dice_3: 0.738  loss_ce_4: 0.01853  loss_mask_4: 0.03284  loss_dice_4: 0.7471  loss_ce_5: 0.01691  loss_mask_5: 0.03212  loss_dice_5: 0.7877  loss_ce_6: 0.04443  loss_mask_6: 0.02926  loss_dice_6: 0.7531  loss_ce_7: 0.01313  loss_mask_7: 0.03858  loss_dice_7: 0.7575  loss_ce_8: 0.01503  loss_mask_8: 0.02591  loss_dice_8: 0.6825    time: 0.8902  last_time: 0.8656  data_time: 0.1218  last_data_time: 0.1218   lr: 8.2358e-06  max_mem: 13270M
[03/18 15:53:05 d2.utils.events]:  eta: 1:16:18  iter: 14699  total_loss: 8.384  loss_ce: 0.07873  loss_mask: 0.02658  loss_dice: 0.6254  loss_ce_0: 0.159  loss_mask_0: 0.0404  loss_dice_0: 0.8964  loss_ce_1: 0.01533  loss_mask_1: 0.03102  loss_dice_1: 0.8395  loss_ce_2: 0.04286  loss_mask_2: 0.03018  loss_dice_2: 0.7275  loss_ce_3: 0.07391  loss_mask_3: 0.02883  loss_dice_3: 0.687  loss_ce_4: 0.07264  loss_mask_4: 0.03279  loss_dice_4: 0.8148  loss_ce_5: 0.07152  loss_mask_5: 0.0296  loss_dice_5: 0.7961  loss_ce_6: 0.03446  loss_mask_6: 0.02725  loss_dice_6: 0.6386  loss_ce_7: 0.03436  loss_mask_7: 0.03213  loss_dice_7: 0.7136  loss_ce_8: 0.03174  loss_mask_8: 0.03405  loss_dice_8: 0.718    time: 0.8902  last_time: 0.8481  data_time: 0.1330  last_data_time: 0.1330   lr: 8.1776e-06  max_mem: 13270M
[03/18 15:53:22 d2.utils.events]:  eta: 1:15:58  iter: 14719  total_loss: 8.137  loss_ce: 0.01865  loss_mask: 0.02701  loss_dice: 0.6729  loss_ce_0: 0.2253  loss_mask_0: 0.02851  loss_dice_0: 0.8722  loss_ce_1: 0.03966  loss_mask_1: 0.02816  loss_dice_1: 0.7698  loss_ce_2: 0.02413  loss_mask_2: 0.02727  loss_dice_2: 0.781  loss_ce_3: 0.02317  loss_mask_3: 0.02786  loss_dice_3: 0.6802  loss_ce_4: 0.02424  loss_mask_4: 0.02784  loss_dice_4: 0.6186  loss_ce_5: 0.01818  loss_mask_5: 0.02748  loss_dice_5: 0.7808  loss_ce_6: 0.01715  loss_mask_6: 0.02802  loss_dice_6: 0.7157  loss_ce_7: 0.06529  loss_mask_7: 0.02772  loss_dice_7: 0.7392  loss_ce_8: 0.01731  loss_mask_8: 0.02922  loss_dice_8: 0.754    time: 0.8902  last_time: 0.8880  data_time: 0.1747  last_data_time: 0.1747   lr: 8.1196e-06  max_mem: 13270M
[03/18 15:53:40 d2.utils.events]:  eta: 1:15:40  iter: 14739  total_loss: 7.767  loss_ce: 0.01421  loss_mask: 0.03401  loss_dice: 0.7756  loss_ce_0: 0.1006  loss_mask_0: 0.03197  loss_dice_0: 0.7603  loss_ce_1: 0.01403  loss_mask_1: 0.02891  loss_dice_1: 0.638  loss_ce_2: 0.041  loss_mask_2: 0.03337  loss_dice_2: 0.796  loss_ce_3: 0.01276  loss_mask_3: 0.03081  loss_dice_3: 0.6837  loss_ce_4: 0.01179  loss_mask_4: 0.02635  loss_dice_4: 0.7093  loss_ce_5: 0.01173  loss_mask_5: 0.03287  loss_dice_5: 0.8295  loss_ce_6: 0.01233  loss_mask_6: 0.03544  loss_dice_6: 0.6444  loss_ce_7: 0.01304  loss_mask_7: 0.02464  loss_dice_7: 0.6281  loss_ce_8: 0.01239  loss_mask_8: 0.02942  loss_dice_8: 0.7503    time: 0.8901  last_time: 0.8645  data_time: 0.1434  last_data_time: 0.1434   lr: 8.0617e-06  max_mem: 13270M
[03/18 15:53:58 d2.utils.events]:  eta: 1:15:23  iter: 14759  total_loss: 11.92  loss_ce: 0.1005  loss_mask: 0.03276  loss_dice: 1.04  loss_ce_0: 0.3562  loss_mask_0: 0.05486  loss_dice_0: 1.19  loss_ce_1: 0.1685  loss_mask_1: 0.04443  loss_dice_1: 0.9739  loss_ce_2: 0.09594  loss_mask_2: 0.03777  loss_dice_2: 1.014  loss_ce_3: 0.09148  loss_mask_3: 0.0407  loss_dice_3: 0.9278  loss_ce_4: 0.07013  loss_mask_4: 0.03945  loss_dice_4: 1.018  loss_ce_5: 0.1005  loss_mask_5: 0.03847  loss_dice_5: 0.973  loss_ce_6: 0.04054  loss_mask_6: 0.04067  loss_dice_6: 1.107  loss_ce_7: 0.146  loss_mask_7: 0.03894  loss_dice_7: 1.075  loss_ce_8: 0.06119  loss_mask_8: 0.0371  loss_dice_8: 0.9647    time: 0.8901  last_time: 0.9021  data_time: 0.1825  last_data_time: 0.1825   lr: 8.004e-06  max_mem: 13270M
[03/18 15:54:16 d2.utils.events]:  eta: 1:15:07  iter: 14779  total_loss: 8.513  loss_ce: 0.0155  loss_mask: 0.02691  loss_dice: 0.8448  loss_ce_0: 0.1654  loss_mask_0: 0.019  loss_dice_0: 0.8105  loss_ce_1: 0.02416  loss_mask_1: 0.0238  loss_dice_1: 0.8255  loss_ce_2: 0.04381  loss_mask_2: 0.0217  loss_dice_2: 0.5898  loss_ce_3: 0.01616  loss_mask_3: 0.02774  loss_dice_3: 0.8604  loss_ce_4: 0.01608  loss_mask_4: 0.02783  loss_dice_4: 0.7492  loss_ce_5: 0.01721  loss_mask_5: 0.02749  loss_dice_5: 0.8694  loss_ce_6: 0.01636  loss_mask_6: 0.02781  loss_dice_6: 0.827  loss_ce_7: 0.01642  loss_mask_7: 0.02958  loss_dice_7: 0.9827  loss_ce_8: 0.01564  loss_mask_8: 0.02005  loss_dice_8: 0.5555    time: 0.8902  last_time: 0.9334  data_time: 0.2251  last_data_time: 0.2251   lr: 7.9465e-06  max_mem: 13270M
[03/18 15:54:34 d2.utils.events]:  eta: 1:14:49  iter: 14799  total_loss: 13.69  loss_ce: 0.01003  loss_mask: 0.02644  loss_dice: 1.444  loss_ce_0: 0.1476  loss_mask_0: 0.03102  loss_dice_0: 1.267  loss_ce_1: 0.07372  loss_mask_1: 0.02227  loss_dice_1: 0.6922  loss_ce_2: 0.01155  loss_mask_2: 0.02549  loss_dice_2: 1.416  loss_ce_3: 0.01071  loss_mask_3: 0.02817  loss_dice_3: 1.501  loss_ce_4: 0.01056  loss_mask_4: 0.03033  loss_dice_4: 1.448  loss_ce_5: 0.01012  loss_mask_5: 0.02562  loss_dice_5: 1.611  loss_ce_6: 0.01074  loss_mask_6: 0.02807  loss_dice_6: 1.392  loss_ce_7: 0.0107  loss_mask_7: 0.02585  loss_dice_7: 1.416  loss_ce_8: 0.0711  loss_mask_8: 0.02351  loss_dice_8: 0.8645    time: 0.8901  last_time: 0.8759  data_time: 0.1610  last_data_time: 0.1610   lr: 7.8892e-06  max_mem: 13270M
[03/18 15:54:51 d2.utils.events]:  eta: 1:14:34  iter: 14819  total_loss: 8.616  loss_ce: 0.1033  loss_mask: 0.03982  loss_dice: 0.7396  loss_ce_0: 0.2166  loss_mask_0: 0.05117  loss_dice_0: 0.8731  loss_ce_1: 0.1315  loss_mask_1: 0.04403  loss_dice_1: 0.5575  loss_ce_2: 0.04599  loss_mask_2: 0.04185  loss_dice_2: 0.8142  loss_ce_3: 0.07936  loss_mask_3: 0.04424  loss_dice_3: 0.7489  loss_ce_4: 0.1084  loss_mask_4: 0.04323  loss_dice_4: 0.7131  loss_ce_5: 0.0404  loss_mask_5: 0.04277  loss_dice_5: 0.6614  loss_ce_6: 0.04205  loss_mask_6: 0.03728  loss_dice_6: 0.6815  loss_ce_7: 0.03619  loss_mask_7: 0.04209  loss_dice_7: 0.7739  loss_ce_8: 0.09548  loss_mask_8: 0.03754  loss_dice_8: 0.7293    time: 0.8901  last_time: 0.7902  data_time: 0.0785  last_data_time: 0.0785   lr: 7.832e-06  max_mem: 13270M
[03/18 15:55:10 d2.utils.events]:  eta: 1:14:20  iter: 14839  total_loss: 8.804  loss_ce: 0.02854  loss_mask: 0.03467  loss_dice: 0.7783  loss_ce_0: 0.1815  loss_mask_0: 0.04798  loss_dice_0: 0.9386  loss_ce_1: 0.07974  loss_mask_1: 0.04244  loss_dice_1: 0.7453  loss_ce_2: 0.06246  loss_mask_2: 0.04245  loss_dice_2: 0.8047  loss_ce_3: 0.09426  loss_mask_3: 0.03324  loss_dice_3: 0.6765  loss_ce_4: 0.02677  loss_mask_4: 0.03909  loss_dice_4: 0.7836  loss_ce_5: 0.02725  loss_mask_5: 0.04033  loss_dice_5: 0.782  loss_ce_6: 0.0275  loss_mask_6: 0.04074  loss_dice_6: 0.755  loss_ce_7: 0.02601  loss_mask_7: 0.04161  loss_dice_7: 0.8018  loss_ce_8: 0.02903  loss_mask_8: 0.04275  loss_dice_8: 0.7496    time: 0.8901  last_time: 0.9334  data_time: 0.2125  last_data_time: 0.2125   lr: 7.775e-06  max_mem: 13270M
[03/18 15:55:28 d2.utils.events]:  eta: 1:14:06  iter: 14859  total_loss: 10.89  loss_ce: 0.03835  loss_mask: 0.05202  loss_dice: 1.108  loss_ce_0: 0.3588  loss_mask_0: 0.06456  loss_dice_0: 1.213  loss_ce_1: 0.0792  loss_mask_1: 0.04759  loss_dice_1: 1.067  loss_ce_2: 0.1004  loss_mask_2: 0.04971  loss_dice_2: 1.008  loss_ce_3: 0.03551  loss_mask_3: 0.05272  loss_dice_3: 0.9273  loss_ce_4: 0.06099  loss_mask_4: 0.04559  loss_dice_4: 0.9035  loss_ce_5: 0.03612  loss_mask_5: 0.0452  loss_dice_5: 0.8121  loss_ce_6: 0.02787  loss_mask_6: 0.04568  loss_dice_6: 0.827  loss_ce_7: 0.02799  loss_mask_7: 0.0506  loss_dice_7: 0.8973  loss_ce_8: 0.01882  loss_mask_8: 0.04834  loss_dice_8: 0.8413    time: 0.8901  last_time: 0.8818  data_time: 0.1590  last_data_time: 0.1590   lr: 7.7182e-06  max_mem: 13270M
[03/18 15:55:46 d2.utils.events]:  eta: 1:13:46  iter: 14879  total_loss: 8.839  loss_ce: 0.02197  loss_mask: 0.0548  loss_dice: 0.8176  loss_ce_0: 0.1639  loss_mask_0: 0.06701  loss_dice_0: 0.8723  loss_ce_1: 0.03655  loss_mask_1: 0.05798  loss_dice_1: 0.7767  loss_ce_2: 0.03901  loss_mask_2: 0.0638  loss_dice_2: 0.8265  loss_ce_3: 0.02838  loss_mask_3: 0.06108  loss_dice_3: 0.7296  loss_ce_4: 0.0287  loss_mask_4: 0.06026  loss_dice_4: 0.7697  loss_ce_5: 0.02468  loss_mask_5: 0.05093  loss_dice_5: 0.8009  loss_ce_6: 0.02269  loss_mask_6: 0.05678  loss_dice_6: 0.7547  loss_ce_7: 0.02116  loss_mask_7: 0.05533  loss_dice_7: 0.8263  loss_ce_8: 0.02147  loss_mask_8: 0.05342  loss_dice_8: 0.6744    time: 0.8902  last_time: 0.9005  data_time: 0.1779  last_data_time: 0.1779   lr: 7.6615e-06  max_mem: 13270M
[03/18 15:56:04 d2.utils.events]:  eta: 1:13:29  iter: 14899  total_loss: 8.591  loss_ce: 0.01893  loss_mask: 0.03066  loss_dice: 0.6783  loss_ce_0: 0.4018  loss_mask_0: 0.04274  loss_dice_0: 0.9631  loss_ce_1: 0.04048  loss_mask_1: 0.0371  loss_dice_1: 0.8799  loss_ce_2: 0.04575  loss_mask_2: 0.03505  loss_dice_2: 0.8665  loss_ce_3: 0.01769  loss_mask_3: 0.02651  loss_dice_3: 0.6292  loss_ce_4: 0.01558  loss_mask_4: 0.03113  loss_dice_4: 0.7258  loss_ce_5: 0.01853  loss_mask_5: 0.02835  loss_dice_5: 0.76  loss_ce_6: 0.0175  loss_mask_6: 0.03011  loss_dice_6: 0.6769  loss_ce_7: 0.0164  loss_mask_7: 0.0326  loss_dice_7: 0.7491  loss_ce_8: 0.06081  loss_mask_8: 0.02949  loss_dice_8: 0.6848    time: 0.8902  last_time: 0.8422  data_time: 0.1291  last_data_time: 0.1291   lr: 7.605e-06  max_mem: 13270M
[03/18 15:56:22 d2.utils.events]:  eta: 1:13:11  iter: 14919  total_loss: 8.42  loss_ce: 0.01676  loss_mask: 0.03932  loss_dice: 0.7359  loss_ce_0: 0.1645  loss_mask_0: 0.04222  loss_dice_0: 0.7788  loss_ce_1: 0.03197  loss_mask_1: 0.03933  loss_dice_1: 0.6395  loss_ce_2: 0.0267  loss_mask_2: 0.04451  loss_dice_2: 0.8181  loss_ce_3: 0.02559  loss_mask_3: 0.03689  loss_dice_3: 0.7041  loss_ce_4: 0.02024  loss_mask_4: 0.04233  loss_dice_4: 0.7804  loss_ce_5: 0.02088  loss_mask_5: 0.04364  loss_dice_5: 0.7786  loss_ce_6: 0.02979  loss_mask_6: 0.04125  loss_dice_6: 0.9445  loss_ce_7: 0.01656  loss_mask_7: 0.03878  loss_dice_7: 0.6931  loss_ce_8: 0.01744  loss_mask_8: 0.0382  loss_dice_8: 0.7701    time: 0.8902  last_time: 0.9630  data_time: 0.2367  last_data_time: 0.2367   lr: 7.5487e-06  max_mem: 13270M
[03/18 15:56:40 d2.utils.events]:  eta: 1:12:54  iter: 14939  total_loss: 11.09  loss_ce: 0.03153  loss_mask: 0.0285  loss_dice: 0.999  loss_ce_0: 0.2638  loss_mask_0: 0.03611  loss_dice_0: 1.167  loss_ce_1: 0.1104  loss_mask_1: 0.03142  loss_dice_1: 0.8853  loss_ce_2: 0.07194  loss_mask_2: 0.035  loss_dice_2: 1.001  loss_ce_3: 0.0838  loss_mask_3: 0.03462  loss_dice_3: 0.9809  loss_ce_4: 0.09609  loss_mask_4: 0.0285  loss_dice_4: 0.8668  loss_ce_5: 0.09915  loss_mask_5: 0.03589  loss_dice_5: 1.07  loss_ce_6: 0.03683  loss_mask_6: 0.0321  loss_dice_6: 0.9964  loss_ce_7: 0.06543  loss_mask_7: 0.03052  loss_dice_7: 0.9079  loss_ce_8: 0.03231  loss_mask_8: 0.03021  loss_dice_8: 1.007    time: 0.8902  last_time: 0.9034  data_time: 0.1750  last_data_time: 0.1750   lr: 7.4925e-06  max_mem: 13270M
[03/18 15:56:59 d2.utils.events]:  eta: 1:12:37  iter: 14959  total_loss: 8.443  loss_ce: 0.01078  loss_mask: 0.03454  loss_dice: 0.7616  loss_ce_0: 0.1024  loss_mask_0: 0.04105  loss_dice_0: 0.8692  loss_ce_1: 0.02463  loss_mask_1: 0.04073  loss_dice_1: 0.8509  loss_ce_2: 0.01164  loss_mask_2: 0.0392  loss_dice_2: 0.8902  loss_ce_3: 0.01306  loss_mask_3: 0.03627  loss_dice_3: 0.6798  loss_ce_4: 0.01204  loss_mask_4: 0.04027  loss_dice_4: 0.7727  loss_ce_5: 0.01135  loss_mask_5: 0.03898  loss_dice_5: 0.7585  loss_ce_6: 0.01224  loss_mask_6: 0.0423  loss_dice_6: 0.8147  loss_ce_7: 0.01039  loss_mask_7: 0.03941  loss_dice_7: 0.7376  loss_ce_8: 0.01118  loss_mask_8: 0.0339  loss_dice_8: 0.7014    time: 0.8902  last_time: 0.9395  data_time: 0.2259  last_data_time: 0.2259   lr: 7.4365e-06  max_mem: 13270M
[03/18 15:57:17 d2.utils.events]:  eta: 1:12:16  iter: 14979  total_loss: 7.432  loss_ce: 0.01884  loss_mask: 0.03236  loss_dice: 0.7082  loss_ce_0: 0.149  loss_mask_0: 0.04697  loss_dice_0: 0.7006  loss_ce_1: 0.07922  loss_mask_1: 0.03589  loss_dice_1: 0.6192  loss_ce_2: 0.1032  loss_mask_2: 0.03497  loss_dice_2: 0.6021  loss_ce_3: 0.08997  loss_mask_3: 0.03804  loss_dice_3: 0.6132  loss_ce_4: 0.01991  loss_mask_4: 0.03743  loss_dice_4: 0.5984  loss_ce_5: 0.01936  loss_mask_5: 0.03431  loss_dice_5: 0.7299  loss_ce_6: 0.02798  loss_mask_6: 0.03271  loss_dice_6: 0.8424  loss_ce_7: 0.01763  loss_mask_7: 0.03427  loss_dice_7: 0.559  loss_ce_8: 0.01948  loss_mask_8: 0.03543  loss_dice_8: 0.5519    time: 0.8902  last_time: 1.0012  data_time: 0.2967  last_data_time: 0.2967   lr: 7.3807e-06  max_mem: 13270M
[03/18 15:57:34 fvcore.common.checkpoint]: Saving checkpoint to /mnt/data/mis2025/group_6/Parameter/trained_para/graphene_mid_finetune_unfreeze_2stages/model_0014999.pth
[03/18 15:57:35 d2.utils.events]:  eta: 1:11:56  iter: 14999  total_loss: 9.992  loss_ce: 0.07166  loss_mask: 0.04836  loss_dice: 0.8518  loss_ce_0: 0.1644  loss_mask_0: 0.0539  loss_dice_0: 1.051  loss_ce_1: 0.04182  loss_mask_1: 0.04229  loss_dice_1: 0.8905  loss_ce_2: 0.0907  loss_mask_2: 0.03691  loss_dice_2: 0.7922  loss_ce_3: 0.04202  loss_mask_3: 0.03996  loss_dice_3: 0.9323  loss_ce_4: 0.02247  loss_mask_4: 0.04759  loss_dice_4: 0.9306  loss_ce_5: 0.03684  loss_mask_5: 0.04548  loss_dice_5: 0.9879  loss_ce_6: 0.07341  loss_mask_6: 0.04305  loss_dice_6: 0.6632  loss_ce_7: 0.06455  loss_mask_7: 0.04251  loss_dice_7: 0.8679  loss_ce_8: 0.06803  loss_mask_8: 0.0492  loss_dice_8: 0.8991    time: 0.8902  last_time: 0.9279  data_time: 0.2117  last_data_time: 0.2117   lr: 7.3251e-06  max_mem: 13270M
[03/18 15:57:53 d2.utils.events]:  eta: 1:11:40  iter: 15019  total_loss: 13.74  loss_ce: 0.08593  loss_mask: 0.02827  loss_dice: 1.136  loss_ce_0: 0.5858  loss_mask_0: 0.04438  loss_dice_0: 1.394  loss_ce_1: 0.2368  loss_mask_1: 0.04635  loss_dice_1: 1.133  loss_ce_2: 0.1048  loss_mask_2: 0.03157  loss_dice_2: 1.033  loss_ce_3: 0.184  loss_mask_3: 0.03769  loss_dice_3: 1.245  loss_ce_4: 0.1003  loss_mask_4: 0.03445  loss_dice_4: 1.052  loss_ce_5: 0.1733  loss_mask_5: 0.03976  loss_dice_5: 1.209  loss_ce_6: 0.1063  loss_mask_6: 0.03346  loss_dice_6: 1.221  loss_ce_7: 0.03865  loss_mask_7: 0.03009  loss_dice_7: 1.12  loss_ce_8: 0.05078  loss_mask_8: 0.03412  loss_dice_8: 1.168    time: 0.8902  last_time: 0.8738  data_time: 0.1551  last_data_time: 0.1551   lr: 7.2697e-06  max_mem: 13270M
[03/18 15:58:11 d2.utils.events]:  eta: 1:11:24  iter: 15039  total_loss: 8.006  loss_ce: 0.0408  loss_mask: 0.02419  loss_dice: 0.6733  loss_ce_0: 0.2463  loss_mask_0: 0.0313  loss_dice_0: 0.7756  loss_ce_1: 0.06763  loss_mask_1: 0.02309  loss_dice_1: 0.8067  loss_ce_2: 0.1176  loss_mask_2: 0.02427  loss_dice_2: 0.7151  loss_ce_3: 0.09609  loss_mask_3: 0.0258  loss_dice_3: 0.8328  loss_ce_4: 0.0942  loss_mask_4: 0.02418  loss_dice_4: 0.5054  loss_ce_5: 0.08439  loss_mask_5: 0.02312  loss_dice_5: 0.7582  loss_ce_6: 0.04121  loss_mask_6: 0.02226  loss_dice_6: 0.6278  loss_ce_7: 0.08859  loss_mask_7: 0.02459  loss_dice_7: 0.6253  loss_ce_8: 0.04224  loss_mask_8: 0.02198  loss_dice_8: 0.5224    time: 0.8901  last_time: 0.9830  data_time: 0.2545  last_data_time: 0.2545   lr: 7.2144e-06  max_mem: 13270M
[03/18 15:58:29 d2.utils.events]:  eta: 1:11:06  iter: 15059  total_loss: 5.711  loss_ce: 0.0194  loss_mask: 0.02195  loss_dice: 0.4319  loss_ce_0: 0.1402  loss_mask_0: 0.03473  loss_dice_0: 0.6167  loss_ce_1: 0.04965  loss_mask_1: 0.02529  loss_dice_1: 0.5219  loss_ce_2: 0.01406  loss_mask_2: 0.02568  loss_dice_2: 0.5383  loss_ce_3: 0.02197  loss_mask_3: 0.02619  loss_dice_3: 0.4717  loss_ce_4: 0.02003  loss_mask_4: 0.02802  loss_dice_4: 0.5948  loss_ce_5: 0.01472  loss_mask_5: 0.02595  loss_dice_5: 0.4934  loss_ce_6: 0.01637  loss_mask_6: 0.02628  loss_dice_6: 0.4991  loss_ce_7: 0.02038  loss_mask_7: 0.02326  loss_dice_7: 0.4462  loss_ce_8: 0.01841  loss_mask_8: 0.02396  loss_dice_8: 0.5003    time: 0.8901  last_time: 0.7942  data_time: 0.0772  last_data_time: 0.0772   lr: 7.1593e-06  max_mem: 13270M
[03/18 15:58:48 d2.utils.events]:  eta: 1:10:48  iter: 15079  total_loss: 8.506  loss_ce: 0.01657  loss_mask: 0.04758  loss_dice: 0.6758  loss_ce_0: 0.09996  loss_mask_0: 0.06183  loss_dice_0: 0.9343  loss_ce_1: 0.0383  loss_mask_1: 0.05873  loss_dice_1: 0.7686  loss_ce_2: 0.02293  loss_mask_2: 0.05569  loss_dice_2: 0.8218  loss_ce_3: 0.03533  loss_mask_3: 0.06135  loss_dice_3: 0.7801  loss_ce_4: 0.02138  loss_mask_4: 0.05168  loss_dice_4: 0.7456  loss_ce_5: 0.0184  loss_mask_5: 0.05114  loss_dice_5: 0.7694  loss_ce_6: 0.01909  loss_mask_6: 0.04417  loss_dice_6: 0.6861  loss_ce_7: 0.02023  loss_mask_7: 0.05181  loss_dice_7: 0.7363  loss_ce_8: 0.01938  loss_mask_8: 0.05417  loss_dice_8: 0.7386    time: 0.8902  last_time: 0.8569  data_time: 0.1434  last_data_time: 0.1434   lr: 7.1043e-06  max_mem: 13270M
[03/18 15:59:06 d2.utils.events]:  eta: 1:10:30  iter: 15099  total_loss: 8.783  loss_ce: 0.04811  loss_mask: 0.03668  loss_dice: 0.9226  loss_ce_0: 0.1036  loss_mask_0: 0.04045  loss_dice_0: 0.9226  loss_ce_1: 0.05122  loss_mask_1: 0.03785  loss_dice_1: 0.6397  loss_ce_2: 0.06124  loss_mask_2: 0.03934  loss_dice_2: 0.9803  loss_ce_3: 0.05128  loss_mask_3: 0.03406  loss_dice_3: 0.7032  loss_ce_4: 0.05009  loss_mask_4: 0.03766  loss_dice_4: 0.8573  loss_ce_5: 0.04612  loss_mask_5: 0.03512  loss_dice_5: 0.5503  loss_ce_6: 0.04474  loss_mask_6: 0.03474  loss_dice_6: 0.7775  loss_ce_7: 0.04616  loss_mask_7: 0.0329  loss_dice_7: 0.5717  loss_ce_8: 0.05159  loss_mask_8: 0.04049  loss_dice_8: 0.9349    time: 0.8902  last_time: 1.2901  data_time: 0.5836  last_data_time: 0.5836   lr: 7.0496e-06  max_mem: 13270M
[03/18 15:59:24 d2.utils.events]:  eta: 1:10:12  iter: 15119  total_loss: 7.676  loss_ce: 0.009391  loss_mask: 0.03496  loss_dice: 0.6994  loss_ce_0: 0.09997  loss_mask_0: 0.03746  loss_dice_0: 0.7466  loss_ce_1: 0.01186  loss_mask_1: 0.03877  loss_dice_1: 0.6442  loss_ce_2: 0.009386  loss_mask_2: 0.03706  loss_dice_2: 0.8198  loss_ce_3: 0.01137  loss_mask_3: 0.03971  loss_dice_3: 0.733  loss_ce_4: 0.01077  loss_mask_4: 0.04145  loss_dice_4: 0.6557  loss_ce_5: 0.01157  loss_mask_5: 0.03446  loss_dice_5: 0.7372  loss_ce_6: 0.009941  loss_mask_6: 0.03568  loss_dice_6: 0.6965  loss_ce_7: 0.008969  loss_mask_7: 0.03766  loss_dice_7: 0.7199  loss_ce_8: 0.008823  loss_mask_8: 0.0358  loss_dice_8: 0.6587    time: 0.8902  last_time: 0.8982  data_time: 0.1841  last_data_time: 0.1841   lr: 6.995e-06  max_mem: 13270M
[03/18 15:59:42 d2.utils.events]:  eta: 1:09:54  iter: 15139  total_loss: 5.767  loss_ce: 0.02186  loss_mask: 0.03022  loss_dice: 0.5254  loss_ce_0: 0.1306  loss_mask_0: 0.0435  loss_dice_0: 0.5475  loss_ce_1: 0.02895  loss_mask_1: 0.03276  loss_dice_1: 0.5002  loss_ce_2: 0.02253  loss_mask_2: 0.03262  loss_dice_2: 0.4581  loss_ce_3: 0.02159  loss_mask_3: 0.03767  loss_dice_3: 0.5885  loss_ce_4: 0.01957  loss_mask_4: 0.03804  loss_dice_4: 0.5413  loss_ce_5: 0.02058  loss_mask_5: 0.03342  loss_dice_5: 0.5026  loss_ce_6: 0.02028  loss_mask_6: 0.03078  loss_dice_6: 0.4184  loss_ce_7: 0.02193  loss_mask_7: 0.03153  loss_dice_7: 0.4778  loss_ce_8: 0.02096  loss_mask_8: 0.03718  loss_dice_8: 0.5303    time: 0.8902  last_time: 0.8333  data_time: 0.1200  last_data_time: 0.1200   lr: 6.9406e-06  max_mem: 13270M
[03/18 16:00:00 d2.utils.events]:  eta: 1:09:37  iter: 15159  total_loss: 6.882  loss_ce: 0.03372  loss_mask: 0.03828  loss_dice: 0.6009  loss_ce_0: 0.2043  loss_mask_0: 0.05548  loss_dice_0: 0.75  loss_ce_1: 0.09126  loss_mask_1: 0.03144  loss_dice_1: 0.5522  loss_ce_2: 0.05175  loss_mask_2: 0.03789  loss_dice_2: 0.4981  loss_ce_3: 0.09664  loss_mask_3: 0.03885  loss_dice_3: 0.537  loss_ce_4: 0.04663  loss_mask_4: 0.03644  loss_dice_4: 0.6064  loss_ce_5: 0.04008  loss_mask_5: 0.03614  loss_dice_5: 0.6362  loss_ce_6: 0.03823  loss_mask_6: 0.03467  loss_dice_6: 0.5237  loss_ce_7: 0.06584  loss_mask_7: 0.03356  loss_dice_7: 0.5312  loss_ce_8: 0.03617  loss_mask_8: 0.03345  loss_dice_8: 0.5659    time: 0.8902  last_time: 0.8525  data_time: 0.1407  last_data_time: 0.1407   lr: 6.8864e-06  max_mem: 13270M
[03/18 16:00:18 d2.utils.events]:  eta: 1:09:23  iter: 15179  total_loss: 10.58  loss_ce: 0.04663  loss_mask: 0.03073  loss_dice: 0.9951  loss_ce_0: 0.3888  loss_mask_0: 0.05688  loss_dice_0: 1.122  loss_ce_1: 0.2216  loss_mask_1: 0.03289  loss_dice_1: 0.7371  loss_ce_2: 0.158  loss_mask_2: 0.03493  loss_dice_2: 0.9202  loss_ce_3: 0.1496  loss_mask_3: 0.0273  loss_dice_3: 0.8077  loss_ce_4: 0.09699  loss_mask_4: 0.02825  loss_dice_4: 0.7859  loss_ce_5: 0.1201  loss_mask_5: 0.03233  loss_dice_5: 0.9879  loss_ce_6: 0.09203  loss_mask_6: 0.02918  loss_dice_6: 0.8412  loss_ce_7: 0.04771  loss_mask_7: 0.03057  loss_dice_7: 0.8257  loss_ce_8: 0.04993  loss_mask_8: 0.0346  loss_dice_8: 0.8491    time: 0.8902  last_time: 0.8652  data_time: 0.1476  last_data_time: 0.1476   lr: 6.8323e-06  max_mem: 13270M
[03/18 16:00:36 d2.utils.events]:  eta: 1:09:06  iter: 15199  total_loss: 7.98  loss_ce: 0.01833  loss_mask: 0.02808  loss_dice: 0.5912  loss_ce_0: 0.3298  loss_mask_0: 0.03194  loss_dice_0: 0.7328  loss_ce_1: 0.03606  loss_mask_1: 0.02976  loss_dice_1: 0.6698  loss_ce_2: 0.05544  loss_mask_2: 0.0267  loss_dice_2: 0.6935  loss_ce_3: 0.03932  loss_mask_3: 0.03132  loss_dice_3: 0.8212  loss_ce_4: 0.02914  loss_mask_4: 0.03307  loss_dice_4: 0.8278  loss_ce_5: 0.02788  loss_mask_5: 0.02823  loss_dice_5: 0.6304  loss_ce_6: 0.02129  loss_mask_6: 0.03167  loss_dice_6: 0.7533  loss_ce_7: 0.01933  loss_mask_7: 0.0324  loss_dice_7: 0.7556  loss_ce_8: 0.01777  loss_mask_8: 0.02778  loss_dice_8: 0.6095    time: 0.8902  last_time: 1.0218  data_time: 0.3017  last_data_time: 0.3017   lr: 6.7785e-06  max_mem: 13270M
[03/18 16:00:53 d2.utils.events]:  eta: 1:08:46  iter: 15219  total_loss: 7.689  loss_ce: 0.02271  loss_mask: 0.0731  loss_dice: 0.6533  loss_ce_0: 0.1257  loss_mask_0: 0.08356  loss_dice_0: 0.8274  loss_ce_1: 0.04865  loss_mask_1: 0.07108  loss_dice_1: 0.6999  loss_ce_2: 0.03768  loss_mask_2: 0.05737  loss_dice_2: 0.5415  loss_ce_3: 0.02403  loss_mask_3: 0.07139  loss_dice_3: 0.655  loss_ce_4: 0.02698  loss_mask_4: 0.06597  loss_dice_4: 0.6466  loss_ce_5: 0.02284  loss_mask_5: 0.06226  loss_dice_5: 0.624  loss_ce_6: 0.02243  loss_mask_6: 0.0684  loss_dice_6: 0.6341  loss_ce_7: 0.0218  loss_mask_7: 0.0702  loss_dice_7: 0.6478  loss_ce_8: 0.02237  loss_mask_8: 0.07077  loss_dice_8: 0.6907    time: 0.8901  last_time: 0.8335  data_time: 0.1274  last_data_time: 0.1274   lr: 6.7248e-06  max_mem: 13270M
[03/18 16:01:11 d2.utils.events]:  eta: 1:08:31  iter: 15239  total_loss: 11.99  loss_ce: 0.03745  loss_mask: 0.03868  loss_dice: 0.9823  loss_ce_0: 0.3272  loss_mask_0: 0.04472  loss_dice_0: 1.068  loss_ce_1: 0.1228  loss_mask_1: 0.038  loss_dice_1: 1.004  loss_ce_2: 0.1904  loss_mask_2: 0.04151  loss_dice_2: 1.077  loss_ce_3: 0.1252  loss_mask_3: 0.04082  loss_dice_3: 0.8375  loss_ce_4: 0.1837  loss_mask_4: 0.04142  loss_dice_4: 1.152  loss_ce_5: 0.04316  loss_mask_5: 0.0398  loss_dice_5: 1.121  loss_ce_6: 0.03801  loss_mask_6: 0.03816  loss_dice_6: 1.053  loss_ce_7: 0.03901  loss_mask_7: 0.03647  loss_dice_7: 1.03  loss_ce_8: 0.03844  loss_mask_8: 0.03812  loss_dice_8: 1.122    time: 0.8901  last_time: 0.9168  data_time: 0.1926  last_data_time: 0.1926   lr: 6.6713e-06  max_mem: 13270M
[03/18 16:01:29 d2.utils.events]:  eta: 1:08:11  iter: 15259  total_loss: 10.86  loss_ce: 0.1375  loss_mask: 0.04849  loss_dice: 0.9371  loss_ce_0: 0.1708  loss_mask_0: 0.04868  loss_dice_0: 0.9561  loss_ce_1: 0.09915  loss_mask_1: 0.04988  loss_dice_1: 0.9294  loss_ce_2: 0.1201  loss_mask_2: 0.04954  loss_dice_2: 0.8572  loss_ce_3: 0.1199  loss_mask_3: 0.04899  loss_dice_3: 0.9023  loss_ce_4: 0.07122  loss_mask_4: 0.0457  loss_dice_4: 0.9558  loss_ce_5: 0.07344  loss_mask_5: 0.04144  loss_dice_5: 0.7783  loss_ce_6: 0.1296  loss_mask_6: 0.04839  loss_dice_6: 0.823  loss_ce_7: 0.1336  loss_mask_7: 0.0479  loss_dice_7: 1.078  loss_ce_8: 0.1188  loss_mask_8: 0.05033  loss_dice_8: 0.985    time: 0.8901  last_time: 0.7868  data_time: 0.0703  last_data_time: 0.0703   lr: 6.618e-06  max_mem: 13270M
[03/18 16:01:47 d2.utils.events]:  eta: 1:07:54  iter: 15279  total_loss: 8.81  loss_ce: 0.02303  loss_mask: 0.03128  loss_dice: 0.7001  loss_ce_0: 0.236  loss_mask_0: 0.0407  loss_dice_0: 0.8973  loss_ce_1: 0.03165  loss_mask_1: 0.0383  loss_dice_1: 0.7544  loss_ce_2: 0.05752  loss_mask_2: 0.03686  loss_dice_2: 0.7524  loss_ce_3: 0.02687  loss_mask_3: 0.03593  loss_dice_3: 0.7432  loss_ce_4: 0.02612  loss_mask_4: 0.03932  loss_dice_4: 0.899  loss_ce_5: 0.024  loss_mask_5: 0.03169  loss_dice_5: 0.7531  loss_ce_6: 0.02472  loss_mask_6: 0.03783  loss_dice_6: 0.7725  loss_ce_7: 0.02269  loss_mask_7: 0.03756  loss_dice_7: 0.8386  loss_ce_8: 0.02279  loss_mask_8: 0.03703  loss_dice_8: 0.8377    time: 0.8901  last_time: 0.8610  data_time: 0.1403  last_data_time: 0.1403   lr: 6.5648e-06  max_mem: 13270M
[03/18 16:02:04 d2.utils.events]:  eta: 1:07:36  iter: 15299  total_loss: 14.19  loss_ce: 0.07415  loss_mask: 0.06835  loss_dice: 1.198  loss_ce_0: 0.2799  loss_mask_0: 0.08148  loss_dice_0: 1.236  loss_ce_1: 0.1295  loss_mask_1: 0.07072  loss_dice_1: 1.277  loss_ce_2: 0.1372  loss_mask_2: 0.06599  loss_dice_2: 1.104  loss_ce_3: 0.0903  loss_mask_3: 0.08018  loss_dice_3: 1.383  loss_ce_4: 0.1487  loss_mask_4: 0.07687  loss_dice_4: 1.209  loss_ce_5: 0.1062  loss_mask_5: 0.0706  loss_dice_5: 1.21  loss_ce_6: 0.08253  loss_mask_6: 0.07591  loss_dice_6: 1.235  loss_ce_7: 0.07422  loss_mask_7: 0.07672  loss_dice_7: 1.166  loss_ce_8: 0.07881  loss_mask_8: 0.06348  loss_dice_8: 1.24    time: 0.8901  last_time: 0.8626  data_time: 0.1405  last_data_time: 0.1405   lr: 6.5119e-06  max_mem: 13270M
[03/18 16:02:22 d2.utils.events]:  eta: 1:07:22  iter: 15319  total_loss: 8.959  loss_ce: 0.01819  loss_mask: 0.04652  loss_dice: 0.7918  loss_ce_0: 0.1393  loss_mask_0: 0.05915  loss_dice_0: 0.8245  loss_ce_1: 0.01889  loss_mask_1: 0.04646  loss_dice_1: 0.8572  loss_ce_2: 0.03274  loss_mask_2: 0.04116  loss_dice_2: 0.8438  loss_ce_3: 0.02182  loss_mask_3: 0.03647  loss_dice_3: 0.7787  loss_ce_4: 0.0183  loss_mask_4: 0.04415  loss_dice_4: 0.8346  loss_ce_5: 0.01607  loss_mask_5: 0.04236  loss_dice_5: 0.7045  loss_ce_6: 0.01741  loss_mask_6: 0.04445  loss_dice_6: 0.8771  loss_ce_7: 0.01712  loss_mask_7: 0.04119  loss_dice_7: 0.8205  loss_ce_8: 0.01641  loss_mask_8: 0.04192  loss_dice_8: 0.8659    time: 0.8901  last_time: 0.8586  data_time: 0.1431  last_data_time: 0.1431   lr: 6.4591e-06  max_mem: 13270M
[03/18 16:02:40 d2.utils.events]:  eta: 1:07:05  iter: 15339  total_loss: 7.753  loss_ce: 0.004966  loss_mask: 0.02824  loss_dice: 0.564  loss_ce_0: 0.09928  loss_mask_0: 0.0416  loss_dice_0: 0.8884  loss_ce_1: 0.009164  loss_mask_1: 0.03343  loss_dice_1: 0.7454  loss_ce_2: 0.007742  loss_mask_2: 0.02995  loss_dice_2: 0.572  loss_ce_3: 0.008756  loss_mask_3: 0.02845  loss_dice_3: 0.7082  loss_ce_4: 0.007141  loss_mask_4: 0.03003  loss_dice_4: 0.6689  loss_ce_5: 0.02608  loss_mask_5: 0.04027  loss_dice_5: 1.097  loss_ce_6: 0.006307  loss_mask_6: 0.0268  loss_dice_6: 0.6811  loss_ce_7: 0.006075  loss_mask_7: 0.02988  loss_dice_7: 0.6393  loss_ce_8: 0.004934  loss_mask_8: 0.03422  loss_dice_8: 0.6856    time: 0.8900  last_time: 0.8270  data_time: 0.1268  last_data_time: 0.1268   lr: 6.4065e-06  max_mem: 13270M
[03/18 16:02:59 d2.utils.events]:  eta: 1:06:51  iter: 15359  total_loss: 9.773  loss_ce: 0.01091  loss_mask: 0.07293  loss_dice: 0.8667  loss_ce_0: 0.1435  loss_mask_0: 0.07523  loss_dice_0: 0.9309  loss_ce_1: 0.07268  loss_mask_1: 0.07549  loss_dice_1: 0.9779  loss_ce_2: 0.01882  loss_mask_2: 0.0605  loss_dice_2: 0.8551  loss_ce_3: 0.0158  loss_mask_3: 0.06265  loss_dice_3: 0.9398  loss_ce_4: 0.01372  loss_mask_4: 0.06818  loss_dice_4: 0.814  loss_ce_5: 0.01291  loss_mask_5: 0.06748  loss_dice_5: 0.8199  loss_ce_6: 0.01245  loss_mask_6: 0.07096  loss_dice_6: 0.8645  loss_ce_7: 0.01306  loss_mask_7: 0.072  loss_dice_7: 0.8253  loss_ce_8: 0.01174  loss_mask_8: 0.05976  loss_dice_8: 0.8686    time: 0.8901  last_time: 0.8475  data_time: 0.1254  last_data_time: 0.1254   lr: 6.3541e-06  max_mem: 13270M
[03/18 16:03:16 d2.utils.events]:  eta: 1:06:33  iter: 15379  total_loss: 14.45  loss_ce: 0.09583  loss_mask: 0.05667  loss_dice: 1.175  loss_ce_0: 0.4657  loss_mask_0: 0.08393  loss_dice_0: 1.363  loss_ce_1: 0.09962  loss_mask_1: 0.06989  loss_dice_1: 1.28  loss_ce_2: 0.1702  loss_mask_2: 0.05035  loss_dice_2: 1.152  loss_ce_3: 0.1387  loss_mask_3: 0.05386  loss_dice_3: 1.157  loss_ce_4: 0.1066  loss_mask_4: 0.07146  loss_dice_4: 1.262  loss_ce_5: 0.09957  loss_mask_5: 0.06192  loss_dice_5: 1.228  loss_ce_6: 0.1019  loss_mask_6: 0.06702  loss_dice_6: 1.277  loss_ce_7: 0.09278  loss_mask_7: 0.05904  loss_dice_7: 1.153  loss_ce_8: 0.1963  loss_mask_8: 0.06208  loss_dice_8: 1.199    time: 0.8901  last_time: 0.7865  data_time: 0.0782  last_data_time: 0.0782   lr: 6.3019e-06  max_mem: 13270M
[03/18 16:03:34 d2.utils.events]:  eta: 1:06:18  iter: 15399  total_loss: 5.7  loss_ce: 0.005215  loss_mask: 0.03348  loss_dice: 0.5281  loss_ce_0: 0.2268  loss_mask_0: 0.03664  loss_dice_0: 0.5539  loss_ce_1: 0.01387  loss_mask_1: 0.0327  loss_dice_1: 0.469  loss_ce_2: 0.01067  loss_mask_2: 0.04223  loss_dice_2: 0.5842  loss_ce_3: 0.009768  loss_mask_3: 0.03077  loss_dice_3: 0.4836  loss_ce_4: 0.009117  loss_mask_4: 0.03337  loss_dice_4: 0.4593  loss_ce_5: 0.009765  loss_mask_5: 0.03321  loss_dice_5: 0.4725  loss_ce_6: 0.006603  loss_mask_6: 0.03296  loss_dice_6: 0.5599  loss_ce_7: 0.005989  loss_mask_7: 0.02943  loss_dice_7: 0.5048  loss_ce_8: 0.005479  loss_mask_8: 0.02981  loss_dice_8: 0.447    time: 0.8900  last_time: 0.8533  data_time: 0.1399  last_data_time: 0.1399   lr: 6.2498e-06  max_mem: 13270M
[03/18 16:03:52 d2.utils.events]:  eta: 1:06:01  iter: 15419  total_loss: 9.932  loss_ce: 0.06772  loss_mask: 0.03265  loss_dice: 0.8155  loss_ce_0: 0.3877  loss_mask_0: 0.0528  loss_dice_0: 1.127  loss_ce_1: 0.09387  loss_mask_1: 0.04814  loss_dice_1: 0.8537  loss_ce_2: 0.08084  loss_mask_2: 0.03412  loss_dice_2: 0.8383  loss_ce_3: 0.05517  loss_mask_3: 0.03335  loss_dice_3: 0.7292  loss_ce_4: 0.03912  loss_mask_4: 0.0338  loss_dice_4: 0.889  loss_ce_5: 0.06822  loss_mask_5: 0.03746  loss_dice_5: 0.8851  loss_ce_6: 0.04586  loss_mask_6: 0.03427  loss_dice_6: 0.8537  loss_ce_7: 0.04911  loss_mask_7: 0.03172  loss_dice_7: 0.8278  loss_ce_8: 0.04467  loss_mask_8: 0.0315  loss_dice_8: 0.8107    time: 0.8900  last_time: 0.8237  data_time: 0.0899  last_data_time: 0.0899   lr: 6.198e-06  max_mem: 13270M
[03/18 16:04:10 d2.utils.events]:  eta: 1:05:44  iter: 15439  total_loss: 7.986  loss_ce: 0.006687  loss_mask: 0.03851  loss_dice: 0.6185  loss_ce_0: 0.1456  loss_mask_0: 0.05325  loss_dice_0: 0.8355  loss_ce_1: 0.02502  loss_mask_1: 0.0513  loss_dice_1: 0.7043  loss_ce_2: 0.01271  loss_mask_2: 0.05035  loss_dice_2: 0.8304  loss_ce_3: 0.01253  loss_mask_3: 0.05077  loss_dice_3: 0.7444  loss_ce_4: 0.009228  loss_mask_4: 0.05284  loss_dice_4: 0.7405  loss_ce_5: 0.009261  loss_mask_5: 0.04318  loss_dice_5: 0.7395  loss_ce_6: 0.008633  loss_mask_6: 0.04259  loss_dice_6: 0.7128  loss_ce_7: 0.006553  loss_mask_7: 0.04199  loss_dice_7: 0.6854  loss_ce_8: 0.006894  loss_mask_8: 0.04246  loss_dice_8: 0.6647    time: 0.8900  last_time: 0.9288  data_time: 0.2086  last_data_time: 0.2086   lr: 6.1463e-06  max_mem: 13270M
[03/18 16:04:28 d2.utils.events]:  eta: 1:05:27  iter: 15459  total_loss: 5.73  loss_ce: 0.01022  loss_mask: 0.02995  loss_dice: 0.5477  loss_ce_0: 0.1006  loss_mask_0: 0.02891  loss_dice_0: 0.5226  loss_ce_1: 0.01448  loss_mask_1: 0.0327  loss_dice_1: 0.5203  loss_ce_2: 0.01165  loss_mask_2: 0.02552  loss_dice_2: 0.472  loss_ce_3: 0.01237  loss_mask_3: 0.02535  loss_dice_3: 0.516  loss_ce_4: 0.0104  loss_mask_4: 0.02927  loss_dice_4: 0.5261  loss_ce_5: 0.009185  loss_mask_5: 0.02744  loss_dice_5: 0.5576  loss_ce_6: 0.01007  loss_mask_6: 0.02477  loss_dice_6: 0.4593  loss_ce_7: 0.009791  loss_mask_7: 0.03038  loss_dice_7: 0.6111  loss_ce_8: 0.0102  loss_mask_8: 0.02554  loss_dice_8: 0.5182    time: 0.8900  last_time: 0.8628  data_time: 0.1498  last_data_time: 0.1498   lr: 6.0948e-06  max_mem: 13270M
[03/18 16:04:46 d2.utils.events]:  eta: 1:05:10  iter: 15479  total_loss: 11.35  loss_ce: 0.03072  loss_mask: 0.04031  loss_dice: 1.044  loss_ce_0: 0.309  loss_mask_0: 0.04101  loss_dice_0: 1.23  loss_ce_1: 0.07302  loss_mask_1: 0.03513  loss_dice_1: 1.06  loss_ce_2: 0.04124  loss_mask_2: 0.02953  loss_dice_2: 0.9362  loss_ce_3: 0.043  loss_mask_3: 0.04003  loss_dice_3: 1.035  loss_ce_4: 0.0425  loss_mask_4: 0.03653  loss_dice_4: 1.062  loss_ce_5: 0.02337  loss_mask_5: 0.04108  loss_dice_5: 1.044  loss_ce_6: 0.02488  loss_mask_6: 0.04062  loss_dice_6: 1.014  loss_ce_7: 0.01832  loss_mask_7: 0.03572  loss_dice_7: 0.9596  loss_ce_8: 0.02612  loss_mask_8: 0.04133  loss_dice_8: 0.9569    time: 0.8901  last_time: 0.9330  data_time: 0.2189  last_data_time: 0.2189   lr: 6.0435e-06  max_mem: 13270M
[03/18 16:05:04 d2.utils.events]:  eta: 1:04:53  iter: 15499  total_loss: 9.556  loss_ce: 0.009304  loss_mask: 0.03578  loss_dice: 0.9795  loss_ce_0: 0.1404  loss_mask_0: 0.04597  loss_dice_0: 0.7513  loss_ce_1: 0.01555  loss_mask_1: 0.0405  loss_dice_1: 0.9963  loss_ce_2: 0.01162  loss_mask_2: 0.03993  loss_dice_2: 1.109  loss_ce_3: 0.009847  loss_mask_3: 0.03405  loss_dice_3: 0.8304  loss_ce_4: 0.009709  loss_mask_4: 0.03252  loss_dice_4: 0.8697  loss_ce_5: 0.01111  loss_mask_5: 0.03795  loss_dice_5: 0.8102  loss_ce_6: 0.01067  loss_mask_6: 0.03367  loss_dice_6: 0.8487  loss_ce_7: 0.01093  loss_mask_7: 0.04481  loss_dice_7: 0.9452  loss_ce_8: 0.01048  loss_mask_8: 0.03729  loss_dice_8: 0.7931    time: 0.8901  last_time: 0.8569  data_time: 0.1467  last_data_time: 0.1467   lr: 5.9924e-06  max_mem: 13270M
[03/18 16:05:22 d2.utils.events]:  eta: 1:04:36  iter: 15519  total_loss: 10.02  loss_ce: 0.03718  loss_mask: 0.04008  loss_dice: 0.8183  loss_ce_0: 0.1707  loss_mask_0: 0.05676  loss_dice_0: 1.005  loss_ce_1: 0.1007  loss_mask_1: 0.05093  loss_dice_1: 0.8864  loss_ce_2: 0.02067  loss_mask_2: 0.04742  loss_dice_2: 0.9145  loss_ce_3: 0.09059  loss_mask_3: 0.04221  loss_dice_3: 0.9236  loss_ce_4: 0.04461  loss_mask_4: 0.03679  loss_dice_4: 0.8023  loss_ce_5: 0.02652  loss_mask_5: 0.04278  loss_dice_5: 0.9812  loss_ce_6: 0.03594  loss_mask_6: 0.04014  loss_dice_6: 0.9399  loss_ce_7: 0.03677  loss_mask_7: 0.03862  loss_dice_7: 0.8494  loss_ce_8: 0.03397  loss_mask_8: 0.04419  loss_dice_8: 0.8651    time: 0.8901  last_time: 1.1997  data_time: 0.4675  last_data_time: 0.4675   lr: 5.9415e-06  max_mem: 13270M
[03/18 16:05:40 d2.utils.events]:  eta: 1:04:12  iter: 15539  total_loss: 8.69  loss_ce: 0.01952  loss_mask: 0.04362  loss_dice: 0.7158  loss_ce_0: 0.2211  loss_mask_0: 0.06064  loss_dice_0: 0.8071  loss_ce_1: 0.032  loss_mask_1: 0.0519  loss_dice_1: 0.8451  loss_ce_2: 0.02578  loss_mask_2: 0.0536  loss_dice_2: 0.7715  loss_ce_3: 0.01485  loss_mask_3: 0.05108  loss_dice_3: 0.7362  loss_ce_4: 0.01637  loss_mask_4: 0.05573  loss_dice_4: 0.8029  loss_ce_5: 0.01634  loss_mask_5: 0.04719  loss_dice_5: 0.7587  loss_ce_6: 0.01661  loss_mask_6: 0.04616  loss_dice_6: 0.7643  loss_ce_7: 0.01759  loss_mask_7: 0.04981  loss_dice_7: 0.7621  loss_ce_8: 0.0185  loss_mask_8: 0.04812  loss_dice_8: 0.8197    time: 0.8900  last_time: 0.9388  data_time: 0.2094  last_data_time: 0.2094   lr: 5.8907e-06  max_mem: 13270M
[03/18 16:05:58 d2.utils.events]:  eta: 1:03:56  iter: 15559  total_loss: 8.577  loss_ce: 0.01003  loss_mask: 0.02668  loss_dice: 0.8726  loss_ce_0: 0.3167  loss_mask_0: 0.03743  loss_dice_0: 0.8046  loss_ce_1: 0.02523  loss_mask_1: 0.03371  loss_dice_1: 0.8094  loss_ce_2: 0.0685  loss_mask_2: 0.02801  loss_dice_2: 0.6485  loss_ce_3: 0.05507  loss_mask_3: 0.03049  loss_dice_3: 0.6651  loss_ce_4: 0.083  loss_mask_4: 0.04089  loss_dice_4: 0.8657  loss_ce_5: 0.04357  loss_mask_5: 0.0267  loss_dice_5: 0.5534  loss_ce_6: 0.04191  loss_mask_6: 0.02905  loss_dice_6: 0.6946  loss_ce_7: 0.04263  loss_mask_7: 0.02727  loss_dice_7: 0.7995  loss_ce_8: 0.009954  loss_mask_8: 0.03417  loss_dice_8: 0.8525    time: 0.8900  last_time: 0.8644  data_time: 0.1434  last_data_time: 0.1434   lr: 5.8402e-06  max_mem: 13270M
[03/18 16:06:17 d2.utils.events]:  eta: 1:03:40  iter: 15579  total_loss: 6.415  loss_ce: 0.023  loss_mask: 0.03038  loss_dice: 0.5684  loss_ce_0: 0.1041  loss_mask_0: 0.0355  loss_dice_0: 0.6991  loss_ce_1: 0.02602  loss_mask_1: 0.02727  loss_dice_1: 0.5973  loss_ce_2: 0.01734  loss_mask_2: 0.02928  loss_dice_2: 0.577  loss_ce_3: 0.02011  loss_mask_3: 0.027  loss_dice_3: 0.5969  loss_ce_4: 0.02012  loss_mask_4: 0.02882  loss_dice_4: 0.6767  loss_ce_5: 0.01996  loss_mask_5: 0.02689  loss_dice_5: 0.5476  loss_ce_6: 0.0184  loss_mask_6: 0.03085  loss_dice_6: 0.5144  loss_ce_7: 0.0183  loss_mask_7: 0.02749  loss_dice_7: 0.5056  loss_ce_8: 0.02102  loss_mask_8: 0.03092  loss_dice_8: 0.5491    time: 0.8901  last_time: 0.8793  data_time: 0.1690  last_data_time: 0.1690   lr: 5.7898e-06  max_mem: 13270M
[03/18 16:06:35 d2.utils.events]:  eta: 1:03:27  iter: 15599  total_loss: 17.62  loss_ce: 0.05925  loss_mask: 0.05875  loss_dice: 1.573  loss_ce_0: 0.4953  loss_mask_0: 0.06834  loss_dice_0: 1.708  loss_ce_1: 0.1295  loss_mask_1: 0.06604  loss_dice_1: 1.637  loss_ce_2: 0.07616  loss_mask_2: 0.0837  loss_dice_2: 1.57  loss_ce_3: 0.104  loss_mask_3: 0.06215  loss_dice_3: 1.485  loss_ce_4: 0.0704  loss_mask_4: 0.06991  loss_dice_4: 1.527  loss_ce_5: 0.09107  loss_mask_5: 0.06065  loss_dice_5: 1.669  loss_ce_6: 0.09201  loss_mask_6: 0.06579  loss_dice_6: 1.535  loss_ce_7: 0.08098  loss_mask_7: 0.05943  loss_dice_7: 1.491  loss_ce_8: 0.08825  loss_mask_8: 0.05828  loss_dice_8: 1.489    time: 0.8901  last_time: 0.8893  data_time: 0.1667  last_data_time: 0.1667   lr: 5.7397e-06  max_mem: 13270M
[03/18 16:06:53 d2.utils.events]:  eta: 1:03:09  iter: 15619  total_loss: 10.62  loss_ce: 0.03857  loss_mask: 0.04547  loss_dice: 0.9446  loss_ce_0: 0.2286  loss_mask_0: 0.06448  loss_dice_0: 0.914  loss_ce_1: 0.09342  loss_mask_1: 0.04765  loss_dice_1: 0.8876  loss_ce_2: 0.04397  loss_mask_2: 0.05899  loss_dice_2: 1.182  loss_ce_3: 0.03674  loss_mask_3: 0.05711  loss_dice_3: 0.9845  loss_ce_4: 0.0338  loss_mask_4: 0.04138  loss_dice_4: 0.8783  loss_ce_5: 0.03913  loss_mask_5: 0.04254  loss_dice_5: 0.7533  loss_ce_6: 0.03664  loss_mask_6: 0.04977  loss_dice_6: 1.04  loss_ce_7: 0.03878  loss_mask_7: 0.05243  loss_dice_7: 0.9136  loss_ce_8: 0.03984  loss_mask_8: 0.0473  loss_dice_8: 0.9856    time: 0.8901  last_time: 0.8791  data_time: 0.1704  last_data_time: 0.1704   lr: 5.6897e-06  max_mem: 13270M
[03/18 16:07:11 d2.utils.events]:  eta: 1:02:54  iter: 15639  total_loss: 5.509  loss_ce: 0.009494  loss_mask: 0.02428  loss_dice: 0.4205  loss_ce_0: 0.09761  loss_mask_0: 0.03092  loss_dice_0: 0.6066  loss_ce_1: 0.02262  loss_mask_1: 0.02573  loss_dice_1: 0.4514  loss_ce_2: 0.0151  loss_mask_2: 0.02384  loss_dice_2: 0.4055  loss_ce_3: 0.01002  loss_mask_3: 0.0217  loss_dice_3: 0.4192  loss_ce_4: 0.009897  loss_mask_4: 0.02538  loss_dice_4: 0.5295  loss_ce_5: 0.07299  loss_mask_5: 0.02114  loss_dice_5: 0.6835  loss_ce_6: 0.0102  loss_mask_6: 0.02027  loss_dice_6: 0.5025  loss_ce_7: 0.009349  loss_mask_7: 0.02256  loss_dice_7: 0.5423  loss_ce_8: 0.008732  loss_mask_8: 0.02312  loss_dice_8: 0.4431    time: 0.8901  last_time: 0.9618  data_time: 0.2360  last_data_time: 0.2360   lr: 5.6399e-06  max_mem: 13270M
[03/18 16:07:29 d2.utils.events]:  eta: 1:02:35  iter: 15659  total_loss: 12.05  loss_ce: 0.1318  loss_mask: 0.04059  loss_dice: 1.31  loss_ce_0: 0.353  loss_mask_0: 0.04096  loss_dice_0: 0.9817  loss_ce_1: 0.1994  loss_mask_1: 0.03451  loss_dice_1: 0.9848  loss_ce_2: 0.213  loss_mask_2: 0.03436  loss_dice_2: 1.01  loss_ce_3: 0.111  loss_mask_3: 0.03696  loss_dice_3: 0.9393  loss_ce_4: 0.1297  loss_mask_4: 0.0424  loss_dice_4: 1.033  loss_ce_5: 0.2142  loss_mask_5: 0.0377  loss_dice_5: 0.9355  loss_ce_6: 0.1216  loss_mask_6: 0.03699  loss_dice_6: 0.8348  loss_ce_7: 0.124  loss_mask_7: 0.03915  loss_dice_7: 1.008  loss_ce_8: 0.1247  loss_mask_8: 0.03819  loss_dice_8: 0.9077    time: 0.8901  last_time: 0.8228  data_time: 0.0991  last_data_time: 0.0991   lr: 5.5903e-06  max_mem: 13270M
[03/18 16:07:48 d2.utils.events]:  eta: 1:02:19  iter: 15679  total_loss: 8.427  loss_ce: 0.03418  loss_mask: 0.04232  loss_dice: 0.8022  loss_ce_0: 0.105  loss_mask_0: 0.04165  loss_dice_0: 0.7074  loss_ce_1: 0.04398  loss_mask_1: 0.03762  loss_dice_1: 0.5723  loss_ce_2: 0.03666  loss_mask_2: 0.04618  loss_dice_2: 0.7627  loss_ce_3: 0.02682  loss_mask_3: 0.03757  loss_dice_3: 0.6089  loss_ce_4: 0.0265  loss_mask_4: 0.04599  loss_dice_4: 0.7953  loss_ce_5: 0.02854  loss_mask_5: 0.04222  loss_dice_5: 0.6485  loss_ce_6: 0.03341  loss_mask_6: 0.04033  loss_dice_6: 0.7487  loss_ce_7: 0.03109  loss_mask_7: 0.05176  loss_dice_7: 0.8741  loss_ce_8: 0.03466  loss_mask_8: 0.04301  loss_dice_8: 1.077    time: 0.8901  last_time: 0.9062  data_time: 0.1942  last_data_time: 0.1942   lr: 5.5409e-06  max_mem: 13270M
[03/18 16:08:05 d2.utils.events]:  eta: 1:02:01  iter: 15699  total_loss: 9.829  loss_ce: 0.03029  loss_mask: 0.05264  loss_dice: 0.8098  loss_ce_0: 0.2006  loss_mask_0: 0.06564  loss_dice_0: 1.103  loss_ce_1: 0.04444  loss_mask_1: 0.06019  loss_dice_1: 0.8879  loss_ce_2: 0.03157  loss_mask_2: 0.05193  loss_dice_2: 0.808  loss_ce_3: 0.03793  loss_mask_3: 0.05422  loss_dice_3: 0.838  loss_ce_4: 0.03303  loss_mask_4: 0.04566  loss_dice_4: 0.8068  loss_ce_5: 0.03212  loss_mask_5: 0.05563  loss_dice_5: 0.9106  loss_ce_6: 0.02889  loss_mask_6: 0.04952  loss_dice_6: 0.8126  loss_ce_7: 0.0281  loss_mask_7: 0.05011  loss_dice_7: 0.9169  loss_ce_8: 0.02934  loss_mask_8: 0.056  loss_dice_8: 0.8972    time: 0.8901  last_time: 0.8173  data_time: 0.1039  last_data_time: 0.1039   lr: 5.4917e-06  max_mem: 13270M
[03/18 16:08:24 d2.utils.events]:  eta: 1:01:45  iter: 15719  total_loss: 5.528  loss_ce: 0.003616  loss_mask: 0.03191  loss_dice: 0.5055  loss_ce_0: 0.1025  loss_mask_0: 0.02917  loss_dice_0: 0.4342  loss_ce_1: 0.004139  loss_mask_1: 0.02423  loss_dice_1: 0.4707  loss_ce_2: 0.004191  loss_mask_2: 0.03018  loss_dice_2: 0.4281  loss_ce_3: 0.00678  loss_mask_3: 0.02834  loss_dice_3: 0.7132  loss_ce_4: 0.004552  loss_mask_4: 0.02838  loss_dice_4: 0.5753  loss_ce_5: 0.004651  loss_mask_5: 0.03141  loss_dice_5: 0.6482  loss_ce_6: 0.003903  loss_mask_6: 0.02865  loss_dice_6: 0.4212  loss_ce_7: 0.003369  loss_mask_7: 0.02588  loss_dice_7: 0.3921  loss_ce_8: 0.003462  loss_mask_8: 0.03179  loss_dice_8: 0.5086    time: 0.8901  last_time: 1.3014  data_time: 0.5919  last_data_time: 0.5919   lr: 5.4427e-06  max_mem: 13270M
[03/18 16:08:42 d2.utils.events]:  eta: 1:01:29  iter: 15739  total_loss: 10.83  loss_ce: 0.02335  loss_mask: 0.0481  loss_dice: 0.9693  loss_ce_0: 0.2904  loss_mask_0: 0.05084  loss_dice_0: 0.8935  loss_ce_1: 0.1253  loss_mask_1: 0.04652  loss_dice_1: 0.8799  loss_ce_2: 0.1053  loss_mask_2: 0.04295  loss_dice_2: 0.7798  loss_ce_3: 0.03906  loss_mask_3: 0.05172  loss_dice_3: 1.007  loss_ce_4: 0.08237  loss_mask_4: 0.0587  loss_dice_4: 1.187  loss_ce_5: 0.08497  loss_mask_5: 0.04871  loss_dice_5: 0.8956  loss_ce_6: 0.02433  loss_mask_6: 0.0454  loss_dice_6: 0.8929  loss_ce_7: 0.02314  loss_mask_7: 0.0472  loss_dice_7: 1.002  loss_ce_8: 0.02339  loss_mask_8: 0.05023  loss_dice_8: 1.008    time: 0.8901  last_time: 0.9245  data_time: 0.2104  last_data_time: 0.2104   lr: 5.3938e-06  max_mem: 13270M
[03/18 16:09:00 d2.utils.events]:  eta: 1:01:11  iter: 15759  total_loss: 6.734  loss_ce: 0.01523  loss_mask: 0.04177  loss_dice: 0.5933  loss_ce_0: 0.3358  loss_mask_0: 0.1265  loss_dice_0: 0.7316  loss_ce_1: 0.0299  loss_mask_1: 0.04378  loss_dice_1: 0.5204  loss_ce_2: 0.02027  loss_mask_2: 0.04358  loss_dice_2: 0.457  loss_ce_3: 0.02687  loss_mask_3: 0.04895  loss_dice_3: 0.6271  loss_ce_4: 0.0165  loss_mask_4: 0.04719  loss_dice_4: 0.5807  loss_ce_5: 0.0164  loss_mask_5: 0.04281  loss_dice_5: 0.5466  loss_ce_6: 0.015  loss_mask_6: 0.0415  loss_dice_6: 0.483  loss_ce_7: 0.01434  loss_mask_7: 0.04637  loss_dice_7: 0.5563  loss_ce_8: 0.01468  loss_mask_8: 0.04499  loss_dice_8: 0.6052    time: 0.8901  last_time: 0.9155  data_time: 0.1913  last_data_time: 0.1913   lr: 5.3452e-06  max_mem: 13270M
[03/18 16:09:18 d2.utils.events]:  eta: 1:00:53  iter: 15779  total_loss: 13.71  loss_ce: 0.03644  loss_mask: 0.1324  loss_dice: 0.9939  loss_ce_0: 0.1703  loss_mask_0: 0.1545  loss_dice_0: 1.203  loss_ce_1: 0.09725  loss_mask_1: 0.1203  loss_dice_1: 1.051  loss_ce_2: 0.04331  loss_mask_2: 0.1221  loss_dice_2: 1.276  loss_ce_3: 0.0188  loss_mask_3: 0.1281  loss_dice_3: 1.341  loss_ce_4: 0.08655  loss_mask_4: 0.143  loss_dice_4: 1.243  loss_ce_5: 0.01791  loss_mask_5: 0.1286  loss_dice_5: 1.24  loss_ce_6: 0.02697  loss_mask_6: 0.1314  loss_dice_6: 1.27  loss_ce_7: 0.02991  loss_mask_7: 0.1227  loss_dice_7: 1.036  loss_ce_8: 0.02833  loss_mask_8: 0.1227  loss_dice_8: 1.194    time: 0.8901  last_time: 0.9618  data_time: 0.2397  last_data_time: 0.2397   lr: 5.2968e-06  max_mem: 13270M
[03/18 16:09:35 d2.utils.events]:  eta: 1:00:35  iter: 15799  total_loss: 11.64  loss_ce: 0.05401  loss_mask: 0.03303  loss_dice: 0.9575  loss_ce_0: 0.3115  loss_mask_0: 0.04331  loss_dice_0: 1.224  loss_ce_1: 0.2307  loss_mask_1: 0.03701  loss_dice_1: 1.008  loss_ce_2: 0.1326  loss_mask_2: 0.03966  loss_dice_2: 1.191  loss_ce_3: 0.08664  loss_mask_3: 0.0425  loss_dice_3: 0.9639  loss_ce_4: 0.06303  loss_mask_4: 0.03546  loss_dice_4: 1.1  loss_ce_5: 0.06745  loss_mask_5: 0.03755  loss_dice_5: 0.9303  loss_ce_6: 0.06399  loss_mask_6: 0.03415  loss_dice_6: 0.7672  loss_ce_7: 0.05585  loss_mask_7: 0.03477  loss_dice_7: 1.058  loss_ce_8: 0.05828  loss_mask_8: 0.03688  loss_dice_8: 0.9383    time: 0.8901  last_time: 0.9150  data_time: 0.2102  last_data_time: 0.2102   lr: 5.2485e-06  max_mem: 13270M
[03/18 16:09:53 d2.utils.events]:  eta: 1:00:18  iter: 15819  total_loss: 6.944  loss_ce: 0.0147  loss_mask: 0.04017  loss_dice: 0.483  loss_ce_0: 0.128  loss_mask_0: 0.06692  loss_dice_0: 0.7601  loss_ce_1: 0.01318  loss_mask_1: 0.05514  loss_dice_1: 0.577  loss_ce_2: 0.0138  loss_mask_2: 0.04507  loss_dice_2: 0.8667  loss_ce_3: 0.01243  loss_mask_3: 0.04286  loss_dice_3: 0.5784  loss_ce_4: 0.0139  loss_mask_4: 0.0441  loss_dice_4: 0.4983  loss_ce_5: 0.01542  loss_mask_5: 0.04548  loss_dice_5: 0.7253  loss_ce_6: 0.01493  loss_mask_6: 0.04644  loss_dice_6: 0.6402  loss_ce_7: 0.01359  loss_mask_7: 0.05067  loss_dice_7: 0.5925  loss_ce_8: 0.01296  loss_mask_8: 0.03942  loss_dice_8: 0.4932    time: 0.8901  last_time: 0.8995  data_time: 0.1957  last_data_time: 0.1957   lr: 5.2005e-06  max_mem: 13270M
[03/18 16:10:13 d2.utils.events]:  eta: 1:00:01  iter: 15839  total_loss: 10.23  loss_ce: 0.08404  loss_mask: 0.03255  loss_dice: 0.7241  loss_ce_0: 0.2496  loss_mask_0: 0.04032  loss_dice_0: 1.02  loss_ce_1: 0.1887  loss_mask_1: 0.03273  loss_dice_1: 0.8048  loss_ce_2: 0.03724  loss_mask_2: 0.03397  loss_dice_2: 1.04  loss_ce_3: 0.09615  loss_mask_3: 0.03167  loss_dice_3: 0.8948  loss_ce_4: 0.1023  loss_mask_4: 0.02927  loss_dice_4: 0.7253  loss_ce_5: 0.06918  loss_mask_5: 0.03142  loss_dice_5: 0.7361  loss_ce_6: 0.0276  loss_mask_6: 0.03579  loss_dice_6: 1.094  loss_ce_7: 0.02856  loss_mask_7: 0.03388  loss_dice_7: 0.8986  loss_ce_8: 0.07657  loss_mask_8: 0.03963  loss_dice_8: 0.9894    time: 0.8901  last_time: 1.2340  data_time: 0.5142  last_data_time: 0.5142   lr: 5.1526e-06  max_mem: 13270M
[03/18 16:10:30 d2.utils.events]:  eta: 0:59:43  iter: 15859  total_loss: 11.91  loss_ce: 0.02181  loss_mask: 0.05239  loss_dice: 0.9174  loss_ce_0: 0.293  loss_mask_0: 0.07304  loss_dice_0: 1.166  loss_ce_1: 0.07047  loss_mask_1: 0.04746  loss_dice_1: 0.953  loss_ce_2: 0.02926  loss_mask_2: 0.06198  loss_dice_2: 1.168  loss_ce_3: 0.0327  loss_mask_3: 0.05684  loss_dice_3: 1.017  loss_ce_4: 0.06606  loss_mask_4: 0.05829  loss_dice_4: 1.012  loss_ce_5: 0.02629  loss_mask_5: 0.05962  loss_dice_5: 1.032  loss_ce_6: 0.02147  loss_mask_6: 0.05728  loss_dice_6: 1.131  loss_ce_7: 0.02326  loss_mask_7: 0.06312  loss_dice_7: 1.047  loss_ce_8: 0.03083  loss_mask_8: 0.06382  loss_dice_8: 1.26    time: 0.8901  last_time: 0.8936  data_time: 0.1916  last_data_time: 0.1916   lr: 5.105e-06  max_mem: 13270M
[03/18 16:10:47 d2.utils.events]:  eta: 0:59:24  iter: 15879  total_loss: 7.407  loss_ce: 0.006344  loss_mask: 0.03343  loss_dice: 0.7208  loss_ce_0: 0.1235  loss_mask_0: 0.06564  loss_dice_0: 0.8068  loss_ce_1: 0.01017  loss_mask_1: 0.03056  loss_dice_1: 0.5945  loss_ce_2: 0.009706  loss_mask_2: 0.03769  loss_dice_2: 0.6092  loss_ce_3: 0.005857  loss_mask_3: 0.0342  loss_dice_3: 0.5959  loss_ce_4: 0.005951  loss_mask_4: 0.03546  loss_dice_4: 0.7298  loss_ce_5: 0.006481  loss_mask_5: 0.03584  loss_dice_5: 0.7491  loss_ce_6: 0.005929  loss_mask_6: 0.03479  loss_dice_6: 0.6814  loss_ce_7: 0.006362  loss_mask_7: 0.03948  loss_dice_7: 0.6806  loss_ce_8: 0.006431  loss_mask_8: 0.03442  loss_dice_8: 0.6706    time: 0.8901  last_time: 0.8213  data_time: 0.1281  last_data_time: 0.1281   lr: 5.0575e-06  max_mem: 13270M
[03/18 16:11:04 d2.utils.events]:  eta: 0:59:03  iter: 15899  total_loss: 11.09  loss_ce: 0.0761  loss_mask: 0.04071  loss_dice: 0.9491  loss_ce_0: 0.3595  loss_mask_0: 0.05801  loss_dice_0: 1.328  loss_ce_1: 0.1398  loss_mask_1: 0.03617  loss_dice_1: 0.9238  loss_ce_2: 0.1073  loss_mask_2: 0.04099  loss_dice_2: 0.8777  loss_ce_3: 0.07733  loss_mask_3: 0.03438  loss_dice_3: 0.8969  loss_ce_4: 0.07586  loss_mask_4: 0.04012  loss_dice_4: 0.9411  loss_ce_5: 0.07928  loss_mask_5: 0.04119  loss_dice_5: 0.9574  loss_ce_6: 0.06931  loss_mask_6: 0.04215  loss_dice_6: 0.8595  loss_ce_7: 0.06986  loss_mask_7: 0.04051  loss_dice_7: 0.9011  loss_ce_8: 0.08062  loss_mask_8: 0.03845  loss_dice_8: 0.9107    time: 0.8900  last_time: 0.9057  data_time: 0.1981  last_data_time: 0.1981   lr: 5.0102e-06  max_mem: 13270M
[03/18 16:11:22 d2.utils.events]:  eta: 0:58:44  iter: 15919  total_loss: 7.732  loss_ce: 0.01211  loss_mask: 0.04603  loss_dice: 0.6539  loss_ce_0: 0.1416  loss_mask_0: 0.05666  loss_dice_0: 0.7409  loss_ce_1: 0.02123  loss_mask_1: 0.04329  loss_dice_1: 0.6563  loss_ce_2: 0.02166  loss_mask_2: 0.04878  loss_dice_2: 0.7624  loss_ce_3: 0.04497  loss_mask_3: 0.05022  loss_dice_3: 0.9454  loss_ce_4: 0.01664  loss_mask_4: 0.039  loss_dice_4: 0.5891  loss_ce_5: 0.01573  loss_mask_5: 0.04217  loss_dice_5: 0.6725  loss_ce_6: 0.0151  loss_mask_6: 0.04101  loss_dice_6: 0.5795  loss_ce_7: 0.01279  loss_mask_7: 0.04502  loss_dice_7: 0.6878  loss_ce_8: 0.01109  loss_mask_8: 0.04173  loss_dice_8: 0.6771    time: 0.8899  last_time: 0.8735  data_time: 0.1625  last_data_time: 0.1625   lr: 4.9632e-06  max_mem: 13270M
[03/18 16:11:40 d2.utils.events]:  eta: 0:58:24  iter: 15939  total_loss: 13.4  loss_ce: 0.1106  loss_mask: 0.04906  loss_dice: 1.028  loss_ce_0: 0.3689  loss_mask_0: 0.07291  loss_dice_0: 1.47  loss_ce_1: 0.1319  loss_mask_1: 0.05425  loss_dice_1: 1.167  loss_ce_2: 0.1564  loss_mask_2: 0.05077  loss_dice_2: 1.079  loss_ce_3: 0.1108  loss_mask_3: 0.04619  loss_dice_3: 1.111  loss_ce_4: 0.1296  loss_mask_4: 0.05147  loss_dice_4: 1.233  loss_ce_5: 0.1498  loss_mask_5: 0.05028  loss_dice_5: 1.305  loss_ce_6: 0.1474  loss_mask_6: 0.03842  loss_dice_6: 1.061  loss_ce_7: 0.1419  loss_mask_7: 0.04722  loss_dice_7: 1.026  loss_ce_8: 0.1236  loss_mask_8: 0.03866  loss_dice_8: 0.8525    time: 0.8900  last_time: 0.9036  data_time: 0.2070  last_data_time: 0.2070   lr: 4.9163e-06  max_mem: 13270M
[03/18 16:11:58 d2.utils.events]:  eta: 0:58:05  iter: 15959  total_loss: 13.13  loss_ce: 0.127  loss_mask: 0.06324  loss_dice: 1.274  loss_ce_0: 0.5149  loss_mask_0: 0.1005  loss_dice_0: 1.223  loss_ce_1: 0.1398  loss_mask_1: 0.0702  loss_dice_1: 1.272  loss_ce_2: 0.1482  loss_mask_2: 0.05989  loss_dice_2: 0.912  loss_ce_3: 0.06797  loss_mask_3: 0.06041  loss_dice_3: 1.182  loss_ce_4: 0.05  loss_mask_4: 0.06133  loss_dice_4: 1.099  loss_ce_5: 0.04926  loss_mask_5: 0.05096  loss_dice_5: 0.8559  loss_ce_6: 0.05082  loss_mask_6: 0.06034  loss_dice_6: 1.155  loss_ce_7: 0.05504  loss_mask_7: 0.06609  loss_dice_7: 1.167  loss_ce_8: 0.05479  loss_mask_8: 0.05776  loss_dice_8: 1.083    time: 0.8899  last_time: 0.9981  data_time: 0.2858  last_data_time: 0.2858   lr: 4.8696e-06  max_mem: 13270M
[03/18 16:12:15 d2.utils.events]:  eta: 0:57:47  iter: 15979  total_loss: 11.74  loss_ce: 0.1038  loss_mask: 0.04847  loss_dice: 1.02  loss_ce_0: 0.3397  loss_mask_0: 0.04616  loss_dice_0: 1.011  loss_ce_1: 0.1228  loss_mask_1: 0.05397  loss_dice_1: 0.9699  loss_ce_2: 0.1207  loss_mask_2: 0.04263  loss_dice_2: 0.9382  loss_ce_3: 0.113  loss_mask_3: 0.07048  loss_dice_3: 0.9995  loss_ce_4: 0.04941  loss_mask_4: 0.0671  loss_dice_4: 1.054  loss_ce_5: 0.07746  loss_mask_5: 0.0473  loss_dice_5: 0.9605  loss_ce_6: 0.04042  loss_mask_6: 0.07314  loss_dice_6: 1.017  loss_ce_7: 0.04282  loss_mask_7: 0.07259  loss_dice_7: 1.109  loss_ce_8: 0.08005  loss_mask_8: 0.0531  loss_dice_8: 0.9971    time: 0.8899  last_time: 0.9168  data_time: 0.2083  last_data_time: 0.2083   lr: 4.8232e-06  max_mem: 13270M
[03/18 16:12:33 d2.utils.events]:  eta: 0:57:31  iter: 15999  total_loss: 4.812  loss_ce: 0.004396  loss_mask: 0.03831  loss_dice: 0.4003  loss_ce_0: 0.1031  loss_mask_0: 0.05145  loss_dice_0: 0.3685  loss_ce_1: 0.006416  loss_mask_1: 0.03765  loss_dice_1: 0.4033  loss_ce_2: 0.006642  loss_mask_2: 0.0414  loss_dice_2: 0.357  loss_ce_3: 0.004818  loss_mask_3: 0.03547  loss_dice_3: 0.3644  loss_ce_4: 0.004775  loss_mask_4: 0.04414  loss_dice_4: 0.4977  loss_ce_5: 0.004375  loss_mask_5: 0.04182  loss_dice_5: 0.4241  loss_ce_6: 0.004183  loss_mask_6: 0.03674  loss_dice_6: 0.4296  loss_ce_7: 0.004303  loss_mask_7: 0.04378  loss_dice_7: 0.4888  loss_ce_8: 0.004063  loss_mask_8: 0.04798  loss_dice_8: 0.5124    time: 0.8899  last_time: 0.8891  data_time: 0.1889  last_data_time: 0.1889   lr: 4.7769e-06  max_mem: 13270M
[03/18 16:12:51 d2.utils.events]:  eta: 0:57:11  iter: 16019  total_loss: 11.58  loss_ce: 0.01812  loss_mask: 0.0322  loss_dice: 1.016  loss_ce_0: 0.2961  loss_mask_0: 0.05759  loss_dice_0: 1.307  loss_ce_1: 0.07562  loss_mask_1: 0.03562  loss_dice_1: 1.106  loss_ce_2: 0.1075  loss_mask_2: 0.03459  loss_dice_2: 1.183  loss_ce_3: 0.03095  loss_mask_3: 0.03158  loss_dice_3: 0.9833  loss_ce_4: 0.02456  loss_mask_4: 0.03212  loss_dice_4: 0.9008  loss_ce_5: 0.02201  loss_mask_5: 0.02884  loss_dice_5: 0.817  loss_ce_6: 0.02679  loss_mask_6: 0.02711  loss_dice_6: 1.062  loss_ce_7: 0.01861  loss_mask_7: 0.03527  loss_dice_7: 1.025  loss_ce_8: 0.07094  loss_mask_8: 0.03083  loss_dice_8: 1.145    time: 0.8898  last_time: 0.8521  data_time: 0.1505  last_data_time: 0.1505   lr: 4.7308e-06  max_mem: 13270M
[03/18 16:13:08 d2.utils.events]:  eta: 0:56:54  iter: 16039  total_loss: 9.862  loss_ce: 0.02825  loss_mask: 0.07167  loss_dice: 0.9366  loss_ce_0: 0.1957  loss_mask_0: 0.06973  loss_dice_0: 0.8589  loss_ce_1: 0.03993  loss_mask_1: 0.06934  loss_dice_1: 0.7875  loss_ce_2: 0.02872  loss_mask_2: 0.06528  loss_dice_2: 0.811  loss_ce_3: 0.02856  loss_mask_3: 0.06803  loss_dice_3: 0.8711  loss_ce_4: 0.02488  loss_mask_4: 0.06988  loss_dice_4: 0.9078  loss_ce_5: 0.02613  loss_mask_5: 0.07299  loss_dice_5: 0.9498  loss_ce_6: 0.02377  loss_mask_6: 0.0714  loss_dice_6: 0.7777  loss_ce_7: 0.02897  loss_mask_7: 0.0784  loss_dice_7: 0.9279  loss_ce_8: 0.0284  loss_mask_8: 0.09186  loss_dice_8: 0.8522    time: 0.8898  last_time: 0.8785  data_time: 0.1705  last_data_time: 0.1705   lr: 4.6849e-06  max_mem: 13270M
[03/18 16:13:27 d2.utils.events]:  eta: 0:56:37  iter: 16059  total_loss: 8.432  loss_ce: 0.04795  loss_mask: 0.03414  loss_dice: 0.5363  loss_ce_0: 0.1505  loss_mask_0: 0.04355  loss_dice_0: 0.9869  loss_ce_1: 0.1043  loss_mask_1: 0.03157  loss_dice_1: 0.7078  loss_ce_2: 0.0776  loss_mask_2: 0.03238  loss_dice_2: 0.541  loss_ce_3: 0.08765  loss_mask_3: 0.03754  loss_dice_3: 0.6739  loss_ce_4: 0.1686  loss_mask_4: 0.03271  loss_dice_4: 0.7353  loss_ce_5: 0.1568  loss_mask_5: 0.03293  loss_dice_5: 0.7564  loss_ce_6: 0.1354  loss_mask_6: 0.03663  loss_dice_6: 0.703  loss_ce_7: 0.1697  loss_mask_7: 0.03496  loss_dice_7: 0.5922  loss_ce_8: 0.1575  loss_mask_8: 0.03157  loss_dice_8: 0.5956    time: 0.8898  last_time: 0.9162  data_time: 0.1986  last_data_time: 0.1986   lr: 4.6393e-06  max_mem: 13270M
[03/18 16:13:45 d2.utils.events]:  eta: 0:56:23  iter: 16079  total_loss: 16.78  loss_ce: 0.03532  loss_mask: 0.07905  loss_dice: 1.396  loss_ce_0: 0.295  loss_mask_0: 0.09914  loss_dice_0: 1.541  loss_ce_1: 0.1217  loss_mask_1: 0.1033  loss_dice_1: 1.57  loss_ce_2: 0.07861  loss_mask_2: 0.08553  loss_dice_2: 1.627  loss_ce_3: 0.1515  loss_mask_3: 0.07709  loss_dice_3: 1.531  loss_ce_4: 0.0715  loss_mask_4: 0.07598  loss_dice_4: 1.347  loss_ce_5: 0.05965  loss_mask_5: 0.08118  loss_dice_5: 1.509  loss_ce_6: 0.04911  loss_mask_6: 0.08158  loss_dice_6: 1.387  loss_ce_7: 0.03565  loss_mask_7: 0.07863  loss_dice_7: 1.611  loss_ce_8: 0.04586  loss_mask_8: 0.08746  loss_dice_8: 1.467    time: 0.8898  last_time: 1.0631  data_time: 0.3397  last_data_time: 0.3397   lr: 4.5938e-06  max_mem: 13270M
[03/18 16:14:02 d2.utils.events]:  eta: 0:56:04  iter: 16099  total_loss: 7.169  loss_ce: 0.0104  loss_mask: 0.03975  loss_dice: 0.6411  loss_ce_0: 0.1511  loss_mask_0: 0.04907  loss_dice_0: 0.7721  loss_ce_1: 0.01752  loss_mask_1: 0.0379  loss_dice_1: 0.6468  loss_ce_2: 0.02317  loss_mask_2: 0.03573  loss_dice_2: 0.637  loss_ce_3: 0.01357  loss_mask_3: 0.03581  loss_dice_3: 0.6337  loss_ce_4: 0.01362  loss_mask_4: 0.03899  loss_dice_4: 0.5667  loss_ce_5: 0.01284  loss_mask_5: 0.03386  loss_dice_5: 0.6406  loss_ce_6: 0.01084  loss_mask_6: 0.0372  loss_dice_6: 0.6956  loss_ce_7: 0.009855  loss_mask_7: 0.04091  loss_dice_7: 0.7023  loss_ce_8: 0.01021  loss_mask_8: 0.03924  loss_dice_8: 0.5712    time: 0.8898  last_time: 0.8770  data_time: 0.1679  last_data_time: 0.1679   lr: 4.5485e-06  max_mem: 13270M
[03/18 16:14:20 d2.utils.events]:  eta: 0:55:45  iter: 16119  total_loss: 14.27  loss_ce: 0.02571  loss_mask: 0.05405  loss_dice: 1.217  loss_ce_0: 0.4644  loss_mask_0: 0.07714  loss_dice_0: 1.369  loss_ce_1: 0.0531  loss_mask_1: 0.07325  loss_dice_1: 1.2  loss_ce_2: 0.05518  loss_mask_2: 0.05991  loss_dice_2: 1.449  loss_ce_3: 0.08371  loss_mask_3: 0.05722  loss_dice_3: 1.283  loss_ce_4: 0.04894  loss_mask_4: 0.05497  loss_dice_4: 1.206  loss_ce_5: 0.04829  loss_mask_5: 0.05822  loss_dice_5: 1.196  loss_ce_6: 0.03307  loss_mask_6: 0.05496  loss_dice_6: 1.316  loss_ce_7: 0.04006  loss_mask_7: 0.05916  loss_dice_7: 1.309  loss_ce_8: 0.02529  loss_mask_8: 0.05088  loss_dice_8: 1.25    time: 0.8898  last_time: 0.9973  data_time: 0.2802  last_data_time: 0.2802   lr: 4.5034e-06  max_mem: 13270M
[03/18 16:14:38 d2.utils.events]:  eta: 0:55:27  iter: 16139  total_loss: 7.624  loss_ce: 0.03781  loss_mask: 0.03322  loss_dice: 0.6625  loss_ce_0: 0.2415  loss_mask_0: 0.05216  loss_dice_0: 0.8719  loss_ce_1: 0.04517  loss_mask_1: 0.03232  loss_dice_1: 0.483  loss_ce_2: 0.0436  loss_mask_2: 0.0335  loss_dice_2: 0.7396  loss_ce_3: 0.0425  loss_mask_3: 0.03562  loss_dice_3: 0.7434  loss_ce_4: 0.04186  loss_mask_4: 0.03622  loss_dice_4: 0.5559  loss_ce_5: 0.04173  loss_mask_5: 0.03304  loss_dice_5: 0.5402  loss_ce_6: 0.04242  loss_mask_6: 0.0338  loss_dice_6: 0.6569  loss_ce_7: 0.04086  loss_mask_7: 0.03422  loss_dice_7: 0.711  loss_ce_8: 0.04034  loss_mask_8: 0.03276  loss_dice_8: 0.6855    time: 0.8898  last_time: 0.8886  data_time: 0.1747  last_data_time: 0.1747   lr: 4.4586e-06  max_mem: 13270M
[03/18 16:14:57 d2.utils.events]:  eta: 0:55:10  iter: 16159  total_loss: 11.07  loss_ce: 0.02854  loss_mask: 0.04949  loss_dice: 0.9298  loss_ce_0: 0.4463  loss_mask_0: 0.06035  loss_dice_0: 1.016  loss_ce_1: 0.1418  loss_mask_1: 0.0654  loss_dice_1: 1.031  loss_ce_2: 0.161  loss_mask_2: 0.05164  loss_dice_2: 1.056  loss_ce_3: 0.0622  loss_mask_3: 0.04621  loss_dice_3: 0.9463  loss_ce_4: 0.03012  loss_mask_4: 0.05066  loss_dice_4: 0.9139  loss_ce_5: 0.03125  loss_mask_5: 0.04646  loss_dice_5: 0.8547  loss_ce_6: 0.02747  loss_mask_6: 0.04528  loss_dice_6: 0.8566  loss_ce_7: 0.02766  loss_mask_7: 0.04496  loss_dice_7: 0.9485  loss_ce_8: 0.03031  loss_mask_8: 0.05011  loss_dice_8: 1.025    time: 0.8898  last_time: 1.6186  data_time: 0.9064  last_data_time: 0.9064   lr: 4.4139e-06  max_mem: 13270M
[03/18 16:15:15 d2.utils.events]:  eta: 0:54:52  iter: 16179  total_loss: 11.32  loss_ce: 0.01558  loss_mask: 0.04871  loss_dice: 0.9702  loss_ce_0: 0.2736  loss_mask_0: 0.06184  loss_dice_0: 1.19  loss_ce_1: 0.04518  loss_mask_1: 0.04203  loss_dice_1: 0.8808  loss_ce_2: 0.1076  loss_mask_2: 0.04634  loss_dice_2: 1.145  loss_ce_3: 0.02802  loss_mask_3: 0.04825  loss_dice_3: 0.881  loss_ce_4: 0.01764  loss_mask_4: 0.05361  loss_dice_4: 0.9995  loss_ce_5: 0.01676  loss_mask_5: 0.04572  loss_dice_5: 0.8947  loss_ce_6: 0.01547  loss_mask_6: 0.05872  loss_dice_6: 1.004  loss_ce_7: 0.01505  loss_mask_7: 0.0443  loss_dice_7: 1.169  loss_ce_8: 0.03376  loss_mask_8: 0.05156  loss_dice_8: 1.12    time: 0.8898  last_time: 0.8229  data_time: 0.1249  last_data_time: 0.1249   lr: 4.3695e-06  max_mem: 13270M
[03/18 16:15:33 d2.utils.events]:  eta: 0:54:35  iter: 16199  total_loss: 6.077  loss_ce: 0.02543  loss_mask: 0.037  loss_dice: 0.459  loss_ce_0: 0.3098  loss_mask_0: 0.07741  loss_dice_0: 0.6603  loss_ce_1: 0.0304  loss_mask_1: 0.04175  loss_dice_1: 0.4708  loss_ce_2: 0.03234  loss_mask_2: 0.04074  loss_dice_2: 0.5185  loss_ce_3: 0.02766  loss_mask_3: 0.04103  loss_dice_3: 0.5156  loss_ce_4: 0.02747  loss_mask_4: 0.03973  loss_dice_4: 0.4708  loss_ce_5: 0.02522  loss_mask_5: 0.03975  loss_dice_5: 0.5294  loss_ce_6: 0.0246  loss_mask_6: 0.03796  loss_dice_6: 0.4629  loss_ce_7: 0.02449  loss_mask_7: 0.04006  loss_dice_7: 0.5398  loss_ce_8: 0.02383  loss_mask_8: 0.03848  loss_dice_8: 0.4648    time: 0.8898  last_time: 0.9080  data_time: 0.2048  last_data_time: 0.2048   lr: 4.3252e-06  max_mem: 13270M
[03/18 16:15:50 d2.utils.events]:  eta: 0:54:18  iter: 16219  total_loss: 8.135  loss_ce: 0.01815  loss_mask: 0.03542  loss_dice: 0.7286  loss_ce_0: 0.09765  loss_mask_0: 0.03444  loss_dice_0: 0.7601  loss_ce_1: 0.01868  loss_mask_1: 0.044  loss_dice_1: 0.9372  loss_ce_2: 0.01784  loss_mask_2: 0.0322  loss_dice_2: 0.7116  loss_ce_3: 0.01611  loss_mask_3: 0.03696  loss_dice_3: 0.8187  loss_ce_4: 0.01793  loss_mask_4: 0.03273  loss_dice_4: 0.7191  loss_ce_5: 0.01904  loss_mask_5: 0.03715  loss_dice_5: 0.7268  loss_ce_6: 0.01758  loss_mask_6: 0.03464  loss_dice_6: 0.7371  loss_ce_7: 0.01872  loss_mask_7: 0.0339  loss_dice_7: 0.7173  loss_ce_8: 0.01926  loss_mask_8: 0.03704  loss_dice_8: 0.6594    time: 0.8897  last_time: 0.8343  data_time: 0.1364  last_data_time: 0.1364   lr: 4.2811e-06  max_mem: 13270M
[03/18 16:16:08 d2.utils.events]:  eta: 0:54:00  iter: 16239  total_loss: 8.065  loss_ce: 0.08516  loss_mask: 0.04851  loss_dice: 0.7166  loss_ce_0: 0.208  loss_mask_0: 0.05896  loss_dice_0: 0.6786  loss_ce_1: 0.08908  loss_mask_1: 0.04351  loss_dice_1: 0.6527  loss_ce_2: 0.1066  loss_mask_2: 0.04672  loss_dice_2: 0.7167  loss_ce_3: 0.08686  loss_mask_3: 0.03615  loss_dice_3: 0.6391  loss_ce_4: 0.06707  loss_mask_4: 0.04442  loss_dice_4: 0.6182  loss_ce_5: 0.05699  loss_mask_5: 0.04339  loss_dice_5: 0.6531  loss_ce_6: 0.05716  loss_mask_6: 0.03767  loss_dice_6: 0.718  loss_ce_7: 0.08782  loss_mask_7: 0.03651  loss_dice_7: 0.6082  loss_ce_8: 0.05307  loss_mask_8: 0.04658  loss_dice_8: 0.7238    time: 0.8897  last_time: 0.7820  data_time: 0.0760  last_data_time: 0.0760   lr: 4.2373e-06  max_mem: 13270M
[03/18 16:16:26 d2.utils.events]:  eta: 0:53:43  iter: 16259  total_loss: 12.07  loss_ce: 0.008807  loss_mask: 0.05718  loss_dice: 1.144  loss_ce_0: 0.1516  loss_mask_0: 0.06154  loss_dice_0: 1.233  loss_ce_1: 0.02281  loss_mask_1: 0.04561  loss_dice_1: 1.231  loss_ce_2: 0.01332  loss_mask_2: 0.05453  loss_dice_2: 1.089  loss_ce_3: 0.01156  loss_mask_3: 0.04842  loss_dice_3: 1.109  loss_ce_4: 0.02029  loss_mask_4: 0.04454  loss_dice_4: 1.116  loss_ce_5: 0.01061  loss_mask_5: 0.05202  loss_dice_5: 1.166  loss_ce_6: 0.009365  loss_mask_6: 0.04846  loss_dice_6: 1.053  loss_ce_7: 0.009401  loss_mask_7: 0.05505  loss_dice_7: 1.075  loss_ce_8: 0.008998  loss_mask_8: 0.05206  loss_dice_8: 1.067    time: 0.8897  last_time: 0.9047  data_time: 0.1527  last_data_time: 0.1527   lr: 4.1936e-06  max_mem: 13270M
[03/18 16:16:44 d2.utils.events]:  eta: 0:53:24  iter: 16279  total_loss: 8.558  loss_ce: 0.02009  loss_mask: 0.02884  loss_dice: 0.8121  loss_ce_0: 0.2403  loss_mask_0: 0.02283  loss_dice_0: 0.6273  loss_ce_1: 0.01861  loss_mask_1: 0.0294  loss_dice_1: 1.01  loss_ce_2: 0.01765  loss_mask_2: 0.02558  loss_dice_2: 0.963  loss_ce_3: 0.01885  loss_mask_3: 0.02252  loss_dice_3: 0.6555  loss_ce_4: 0.09149  loss_mask_4: 0.02388  loss_dice_4: 0.5483  loss_ce_5: 0.08655  loss_mask_5: 0.02414  loss_dice_5: 0.7231  loss_ce_6: 0.0807  loss_mask_6: 0.02193  loss_dice_6: 0.5254  loss_ce_7: 0.06769  loss_mask_7: 0.02716  loss_dice_7: 0.784  loss_ce_8: 0.01822  loss_mask_8: 0.02974  loss_dice_8: 0.9929    time: 0.8897  last_time: 0.8641  data_time: 0.1610  last_data_time: 0.1610   lr: 4.1502e-06  max_mem: 13270M
[03/18 16:17:01 d2.utils.events]:  eta: 0:53:05  iter: 16299  total_loss: 10.94  loss_ce: 0.06369  loss_mask: 0.03464  loss_dice: 0.8914  loss_ce_0: 0.3289  loss_mask_0: 0.0377  loss_dice_0: 1.157  loss_ce_1: 0.05637  loss_mask_1: 0.03985  loss_dice_1: 1.01  loss_ce_2: 0.05563  loss_mask_2: 0.0336  loss_dice_2: 1.024  loss_ce_3: 0.07161  loss_mask_3: 0.03374  loss_dice_3: 0.8983  loss_ce_4: 0.04219  loss_mask_4: 0.03574  loss_dice_4: 0.9003  loss_ce_5: 0.09669  loss_mask_5: 0.03709  loss_dice_5: 0.9732  loss_ce_6: 0.08066  loss_mask_6: 0.033  loss_dice_6: 0.9174  loss_ce_7: 0.1045  loss_mask_7: 0.03625  loss_dice_7: 0.9558  loss_ce_8: 0.06623  loss_mask_8: 0.03422  loss_dice_8: 0.8928    time: 0.8897  last_time: 0.8484  data_time: 0.1437  last_data_time: 0.1437   lr: 4.107e-06  max_mem: 13270M
[03/18 16:17:19 d2.utils.events]:  eta: 0:52:47  iter: 16319  total_loss: 8.313  loss_ce: 0.02001  loss_mask: 0.05907  loss_dice: 0.7719  loss_ce_0: 0.2533  loss_mask_0: 0.07591  loss_dice_0: 0.7541  loss_ce_1: 0.03279  loss_mask_1: 0.05595  loss_dice_1: 0.6658  loss_ce_2: 0.03798  loss_mask_2: 0.05608  loss_dice_2: 0.8232  loss_ce_3: 0.02535  loss_mask_3: 0.05505  loss_dice_3: 0.7752  loss_ce_4: 0.02388  loss_mask_4: 0.05391  loss_dice_4: 0.6818  loss_ce_5: 0.02094  loss_mask_5: 0.05485  loss_dice_5: 0.7132  loss_ce_6: 0.02105  loss_mask_6: 0.05979  loss_dice_6: 0.7468  loss_ce_7: 0.02153  loss_mask_7: 0.04858  loss_dice_7: 0.6745  loss_ce_8: 0.01842  loss_mask_8: 0.05615  loss_dice_8: 0.6558    time: 0.8897  last_time: 0.9316  data_time: 0.2303  last_data_time: 0.2303   lr: 4.0639e-06  max_mem: 13270M
[03/18 16:17:37 d2.utils.events]:  eta: 0:52:30  iter: 16339  total_loss: 10.22  loss_ce: 0.04817  loss_mask: 0.04268  loss_dice: 0.7052  loss_ce_0: 0.4889  loss_mask_0: 0.04515  loss_dice_0: 0.9524  loss_ce_1: 0.09201  loss_mask_1: 0.04513  loss_dice_1: 0.8583  loss_ce_2: 0.1085  loss_mask_2: 0.04848  loss_dice_2: 0.8923  loss_ce_3: 0.05746  loss_mask_3: 0.04318  loss_dice_3: 0.8736  loss_ce_4: 0.05045  loss_mask_4: 0.05225  loss_dice_4: 0.8919  loss_ce_5: 0.05297  loss_mask_5: 0.04731  loss_dice_5: 0.8597  loss_ce_6: 0.0452  loss_mask_6: 0.04814  loss_dice_6: 0.8901  loss_ce_7: 0.08999  loss_mask_7: 0.04689  loss_dice_7: 0.8121  loss_ce_8: 0.04953  loss_mask_8: 0.06286  loss_dice_8: 0.9148    time: 0.8896  last_time: 0.9041  data_time: 0.1804  last_data_time: 0.1804   lr: 4.0211e-06  max_mem: 13270M
[03/18 16:17:55 d2.utils.events]:  eta: 0:52:10  iter: 16359  total_loss: 7.01  loss_ce: 0.01835  loss_mask: 0.03372  loss_dice: 0.7238  loss_ce_0: 0.1372  loss_mask_0: 0.04419  loss_dice_0: 0.7196  loss_ce_1: 0.02164  loss_mask_1: 0.03862  loss_dice_1: 0.6913  loss_ce_2: 0.02334  loss_mask_2: 0.03747  loss_dice_2: 0.633  loss_ce_3: 0.01455  loss_mask_3: 0.03295  loss_dice_3: 0.5919  loss_ce_4: 0.0185  loss_mask_4: 0.03069  loss_dice_4: 0.5677  loss_ce_5: 0.01808  loss_mask_5: 0.03148  loss_dice_5: 0.6329  loss_ce_6: 0.01482  loss_mask_6: 0.02741  loss_dice_6: 0.5541  loss_ce_7: 0.01768  loss_mask_7: 0.03361  loss_dice_7: 0.6725  loss_ce_8: 0.01742  loss_mask_8: 0.02994  loss_dice_8: 0.5817    time: 0.8896  last_time: 1.1846  data_time: 0.4706  last_data_time: 0.4706   lr: 3.9785e-06  max_mem: 13270M
[03/18 16:18:12 d2.utils.events]:  eta: 0:51:55  iter: 16379  total_loss: 14.71  loss_ce: 0.1022  loss_mask: 0.1416  loss_dice: 1.249  loss_ce_0: 0.4062  loss_mask_0: 0.1914  loss_dice_0: 1.334  loss_ce_1: 0.1144  loss_mask_1: 0.1472  loss_dice_1: 1.239  loss_ce_2: 0.1069  loss_mask_2: 0.1294  loss_dice_2: 1.205  loss_ce_3: 0.1062  loss_mask_3: 0.1605  loss_dice_3: 1.251  loss_ce_4: 0.1128  loss_mask_4: 0.1397  loss_dice_4: 1.097  loss_ce_5: 0.1099  loss_mask_5: 0.1318  loss_dice_5: 1.099  loss_ce_6: 0.1033  loss_mask_6: 0.1587  loss_dice_6: 1.19  loss_ce_7: 0.1037  loss_mask_7: 0.1314  loss_dice_7: 1.13  loss_ce_8: 0.1116  loss_mask_8: 0.128  loss_dice_8: 1.081    time: 0.8896  last_time: 0.9064  data_time: 0.1956  last_data_time: 0.1956   lr: 3.9361e-06  max_mem: 13270M
[03/18 16:18:30 d2.utils.events]:  eta: 0:51:36  iter: 16399  total_loss: 15.65  loss_ce: 0.1822  loss_mask: 0.09753  loss_dice: 1.092  loss_ce_0: 0.8233  loss_mask_0: 0.1667  loss_dice_0: 1.285  loss_ce_1: 0.2762  loss_mask_1: 0.1182  loss_dice_1: 1.215  loss_ce_2: 0.2502  loss_mask_2: 0.1012  loss_dice_2: 1.284  loss_ce_3: 0.2155  loss_mask_3: 0.108  loss_dice_3: 1.156  loss_ce_4: 0.1864  loss_mask_4: 0.1156  loss_dice_4: 1.275  loss_ce_5: 0.1837  loss_mask_5: 0.1108  loss_dice_5: 1.107  loss_ce_6: 0.1924  loss_mask_6: 0.1046  loss_dice_6: 1.14  loss_ce_7: 0.1876  loss_mask_7: 0.1058  loss_dice_7: 1.156  loss_ce_8: 0.2039  loss_mask_8: 0.108  loss_dice_8: 1.102    time: 0.8896  last_time: 1.2254  data_time: 0.5037  last_data_time: 0.5037   lr: 3.8939e-06  max_mem: 13270M
[03/18 16:18:48 d2.utils.events]:  eta: 0:51:16  iter: 16419  total_loss: 4.678  loss_ce: 0.01203  loss_mask: 0.02862  loss_dice: 0.4319  loss_ce_0: 0.2132  loss_mask_0: 0.03679  loss_dice_0: 0.4681  loss_ce_1: 0.019  loss_mask_1: 0.02711  loss_dice_1: 0.4008  loss_ce_2: 0.01393  loss_mask_2: 0.02536  loss_dice_2: 0.4196  loss_ce_3: 0.01439  loss_mask_3: 0.02899  loss_dice_3: 0.399  loss_ce_4: 0.01242  loss_mask_4: 0.02934  loss_dice_4: 0.4111  loss_ce_5: 0.01207  loss_mask_5: 0.02687  loss_dice_5: 0.3859  loss_ce_6: 0.01299  loss_mask_6: 0.02831  loss_dice_6: 0.3659  loss_ce_7: 0.0128  loss_mask_7: 0.02849  loss_dice_7: 0.4054  loss_ce_8: 0.01151  loss_mask_8: 0.0264  loss_dice_8: 0.3694    time: 0.8896  last_time: 0.8857  data_time: 0.1808  last_data_time: 0.1808   lr: 3.8519e-06  max_mem: 13270M
[03/18 16:19:05 d2.utils.events]:  eta: 0:50:59  iter: 16439  total_loss: 7.547  loss_ce: 0.01222  loss_mask: 0.05246  loss_dice: 0.7234  loss_ce_0: 0.1487  loss_mask_0: 0.05011  loss_dice_0: 0.7177  loss_ce_1: 0.01681  loss_mask_1: 0.04473  loss_dice_1: 0.6673  loss_ce_2: 0.01759  loss_mask_2: 0.05227  loss_dice_2: 0.8048  loss_ce_3: 0.01075  loss_mask_3: 0.04573  loss_dice_3: 0.7251  loss_ce_4: 0.0107  loss_mask_4: 0.04495  loss_dice_4: 0.6664  loss_ce_5: 0.01096  loss_mask_5: 0.04472  loss_dice_5: 0.5645  loss_ce_6: 0.01186  loss_mask_6: 0.04859  loss_dice_6: 0.6528  loss_ce_7: 0.01286  loss_mask_7: 0.04473  loss_dice_7: 0.6297  loss_ce_8: 0.01293  loss_mask_8: 0.04481  loss_dice_8: 0.6564    time: 0.8895  last_time: 0.7918  data_time: 0.0854  last_data_time: 0.0854   lr: 3.8101e-06  max_mem: 13270M
[03/18 16:19:23 d2.utils.events]:  eta: 0:50:40  iter: 16459  total_loss: 15.48  loss_ce: 0.1203  loss_mask: 0.03774  loss_dice: 1.205  loss_ce_0: 0.5715  loss_mask_0: 0.04285  loss_dice_0: 1.472  loss_ce_1: 0.1429  loss_mask_1: 0.06164  loss_dice_1: 1.566  loss_ce_2: 0.1151  loss_mask_2: 0.04503  loss_dice_2: 1.342  loss_ce_3: 0.1368  loss_mask_3: 0.03701  loss_dice_3: 1.259  loss_ce_4: 0.08036  loss_mask_4: 0.04189  loss_dice_4: 1.446  loss_ce_5: 0.06121  loss_mask_5: 0.03896  loss_dice_5: 1.433  loss_ce_6: 0.09538  loss_mask_6: 0.04237  loss_dice_6: 1.233  loss_ce_7: 0.06875  loss_mask_7: 0.03803  loss_dice_7: 1.298  loss_ce_8: 0.07523  loss_mask_8: 0.04076  loss_dice_8: 1.329    time: 0.8895  last_time: 1.1895  data_time: 0.4838  last_data_time: 0.4838   lr: 3.7686e-06  max_mem: 13270M
[03/18 16:19:41 d2.utils.events]:  eta: 0:50:24  iter: 16479  total_loss: 5.657  loss_ce: 0.01864  loss_mask: 0.02463  loss_dice: 0.4633  loss_ce_0: 0.1192  loss_mask_0: 0.0271  loss_dice_0: 0.4802  loss_ce_1: 0.01702  loss_mask_1: 0.03137  loss_dice_1: 0.5739  loss_ce_2: 0.01438  loss_mask_2: 0.03182  loss_dice_2: 0.5424  loss_ce_3: 0.02435  loss_mask_3: 0.02785  loss_dice_3: 0.5117  loss_ce_4: 0.02567  loss_mask_4: 0.02582  loss_dice_4: 0.5104  loss_ce_5: 0.01901  loss_mask_5: 0.02873  loss_dice_5: 0.5431  loss_ce_6: 0.0162  loss_mask_6: 0.03419  loss_dice_6: 0.567  loss_ce_7: 0.01854  loss_mask_7: 0.0233  loss_dice_7: 0.4124  loss_ce_8: 0.0198  loss_mask_8: 0.03021  loss_dice_8: 0.4752    time: 0.8895  last_time: 0.8749  data_time: 0.1710  last_data_time: 0.1710   lr: 3.7272e-06  max_mem: 13270M
[03/18 16:19:59 d2.utils.events]:  eta: 0:50:06  iter: 16499  total_loss: 7.953  loss_ce: 0.01837  loss_mask: 0.02842  loss_dice: 0.7487  loss_ce_0: 0.2245  loss_mask_0: 0.03569  loss_dice_0: 0.8275  loss_ce_1: 0.06274  loss_mask_1: 0.02832  loss_dice_1: 0.5865  loss_ce_2: 0.1323  loss_mask_2: 0.02767  loss_dice_2: 0.6455  loss_ce_3: 0.04579  loss_mask_3: 0.02859  loss_dice_3: 0.7209  loss_ce_4: 0.04719  loss_mask_4: 0.02636  loss_dice_4: 0.6207  loss_ce_5: 0.08756  loss_mask_5: 0.02814  loss_dice_5: 0.7394  loss_ce_6: 0.02082  loss_mask_6: 0.02822  loss_dice_6: 0.6882  loss_ce_7: 0.01891  loss_mask_7: 0.02627  loss_dice_7: 0.6909  loss_ce_8: 0.01862  loss_mask_8: 0.02703  loss_dice_8: 0.7229    time: 0.8895  last_time: 0.8405  data_time: 0.1352  last_data_time: 0.1352   lr: 3.686e-06  max_mem: 13270M
[03/18 16:20:16 d2.utils.events]:  eta: 0:49:49  iter: 16519  total_loss: 10.82  loss_ce: 0.03827  loss_mask: 0.04215  loss_dice: 1.054  loss_ce_0: 0.3435  loss_mask_0: 0.06244  loss_dice_0: 1.075  loss_ce_1: 0.03316  loss_mask_1: 0.06957  loss_dice_1: 1.02  loss_ce_2: 0.1291  loss_mask_2: 0.0404  loss_dice_2: 0.9759  loss_ce_3: 0.07153  loss_mask_3: 0.04092  loss_dice_3: 0.8684  loss_ce_4: 0.08973  loss_mask_4: 0.03494  loss_dice_4: 0.8235  loss_ce_5: 0.08879  loss_mask_5: 0.04237  loss_dice_5: 0.8637  loss_ce_6: 0.07141  loss_mask_6: 0.04051  loss_dice_6: 0.7886  loss_ce_7: 0.03705  loss_mask_7: 0.04509  loss_dice_7: 1.001  loss_ce_8: 0.08479  loss_mask_8: 0.04073  loss_dice_8: 0.9048    time: 0.8895  last_time: 0.8864  data_time: 0.1282  last_data_time: 0.1282   lr: 3.6451e-06  max_mem: 13270M
[03/18 16:20:34 d2.utils.events]:  eta: 0:49:33  iter: 16539  total_loss: 16.07  loss_ce: 0.06764  loss_mask: 0.09176  loss_dice: 1.261  loss_ce_0: 0.8199  loss_mask_0: 0.09774  loss_dice_0: 1.409  loss_ce_1: 0.1835  loss_mask_1: 0.09283  loss_dice_1: 1.339  loss_ce_2: 0.1305  loss_mask_2: 0.1123  loss_dice_2: 1.512  loss_ce_3: 0.0862  loss_mask_3: 0.1179  loss_dice_3: 1.337  loss_ce_4: 0.0913  loss_mask_4: 0.1117  loss_dice_4: 1.264  loss_ce_5: 0.08008  loss_mask_5: 0.1112  loss_dice_5: 1.414  loss_ce_6: 0.04913  loss_mask_6: 0.09023  loss_dice_6: 1.306  loss_ce_7: 0.05715  loss_mask_7: 0.09958  loss_dice_7: 1.286  loss_ce_8: 0.06028  loss_mask_8: 0.09619  loss_dice_8: 1.296    time: 0.8894  last_time: 0.8320  data_time: 0.1229  last_data_time: 0.1229   lr: 3.6044e-06  max_mem: 13270M
[03/18 16:20:52 d2.utils.events]:  eta: 0:49:18  iter: 16559  total_loss: 9.277  loss_ce: 0.04072  loss_mask: 0.03329  loss_dice: 0.8356  loss_ce_0: 0.1948  loss_mask_0: 0.04034  loss_dice_0: 0.9138  loss_ce_1: 0.06875  loss_mask_1: 0.02792  loss_dice_1: 0.7515  loss_ce_2: 0.04219  loss_mask_2: 0.03424  loss_dice_2: 0.8701  loss_ce_3: 0.05881  loss_mask_3: 0.02891  loss_dice_3: 0.8931  loss_ce_4: 0.04514  loss_mask_4: 0.02486  loss_dice_4: 0.691  loss_ce_5: 0.03505  loss_mask_5: 0.02941  loss_dice_5: 0.9136  loss_ce_6: 0.03599  loss_mask_6: 0.03787  loss_dice_6: 0.8333  loss_ce_7: 0.03615  loss_mask_7: 0.03823  loss_dice_7: 0.8549  loss_ce_8: 0.03667  loss_mask_8: 0.02924  loss_dice_8: 0.8013    time: 0.8895  last_time: 0.9165  data_time: 0.2016  last_data_time: 0.2016   lr: 3.5639e-06  max_mem: 13270M
[03/18 16:21:10 d2.utils.events]:  eta: 0:48:59  iter: 16579  total_loss: 11.09  loss_ce: 0.05223  loss_mask: 0.0334  loss_dice: 0.9921  loss_ce_0: 0.1917  loss_mask_0: 0.03417  loss_dice_0: 1.205  loss_ce_1: 0.04837  loss_mask_1: 0.02973  loss_dice_1: 1.119  loss_ce_2: 0.04068  loss_mask_2: 0.03126  loss_dice_2: 0.8797  loss_ce_3: 0.08399  loss_mask_3: 0.02873  loss_dice_3: 0.8813  loss_ce_4: 0.02682  loss_mask_4: 0.03547  loss_dice_4: 1.137  loss_ce_5: 0.07362  loss_mask_5: 0.02945  loss_dice_5: 1.06  loss_ce_6: 0.02595  loss_mask_6: 0.03091  loss_dice_6: 0.9028  loss_ce_7: 0.02329  loss_mask_7: 0.03067  loss_dice_7: 0.9127  loss_ce_8: 0.02139  loss_mask_8: 0.02985  loss_dice_8: 1.093    time: 0.8895  last_time: 1.3645  data_time: 0.6618  last_data_time: 0.6618   lr: 3.5235e-06  max_mem: 13270M
[03/18 16:21:28 d2.utils.events]:  eta: 0:48:38  iter: 16599  total_loss: 13.43  loss_ce: 0.03106  loss_mask: 0.05153  loss_dice: 1.069  loss_ce_0: 0.5056  loss_mask_0: 0.07447  loss_dice_0: 1.321  loss_ce_1: 0.06621  loss_mask_1: 0.08721  loss_dice_1: 1.27  loss_ce_2: 0.07916  loss_mask_2: 0.08216  loss_dice_2: 1.269  loss_ce_3: 0.05287  loss_mask_3: 0.07687  loss_dice_3: 1.231  loss_ce_4: 0.04198  loss_mask_4: 0.0623  loss_dice_4: 1.236  loss_ce_5: 0.02914  loss_mask_5: 0.05226  loss_dice_5: 1.166  loss_ce_6: 0.02595  loss_mask_6: 0.05272  loss_dice_6: 1.124  loss_ce_7: 0.0257  loss_mask_7: 0.04873  loss_dice_7: 1.115  loss_ce_8: 0.02985  loss_mask_8: 0.05276  loss_dice_8: 1.099    time: 0.8894  last_time: 0.9006  data_time: 0.1855  last_data_time: 0.1855   lr: 3.4834e-06  max_mem: 13270M
[03/18 16:21:45 d2.utils.events]:  eta: 0:48:20  iter: 16619  total_loss: 19.57  loss_ce: 0.1218  loss_mask: 0.1029  loss_dice: 1.555  loss_ce_0: 0.5323  loss_mask_0: 0.1608  loss_dice_0: 1.746  loss_ce_1: 0.1228  loss_mask_1: 0.1212  loss_dice_1: 2  loss_ce_2: 0.08556  loss_mask_2: 0.1347  loss_dice_2: 1.704  loss_ce_3: 0.09118  loss_mask_3: 0.1018  loss_dice_3: 1.584  loss_ce_4: 0.0727  loss_mask_4: 0.1669  loss_dice_4: 1.735  loss_ce_5: 0.1464  loss_mask_5: 0.1425  loss_dice_5: 1.737  loss_ce_6: 0.1536  loss_mask_6: 0.1245  loss_dice_6: 1.553  loss_ce_7: 0.08981  loss_mask_7: 0.105  loss_dice_7: 1.556  loss_ce_8: 0.1611  loss_mask_8: 0.1058  loss_dice_8: 1.557    time: 0.8894  last_time: 0.8675  data_time: 0.1678  last_data_time: 0.1678   lr: 3.4436e-06  max_mem: 13270M
[03/18 16:22:02 d2.utils.events]:  eta: 0:47:58  iter: 16639  total_loss: 14.18  loss_ce: 0.1091  loss_mask: 0.09017  loss_dice: 1.19  loss_ce_0: 0.3997  loss_mask_0: 0.1278  loss_dice_0: 1.332  loss_ce_1: 0.1222  loss_mask_1: 0.1251  loss_dice_1: 1.293  loss_ce_2: 0.1683  loss_mask_2: 0.08807  loss_dice_2: 1.249  loss_ce_3: 0.1072  loss_mask_3: 0.09027  loss_dice_3: 1.046  loss_ce_4: 0.09368  loss_mask_4: 0.1027  loss_dice_4: 1.283  loss_ce_5: 0.1046  loss_mask_5: 0.09526  loss_dice_5: 1.033  loss_ce_6: 0.09739  loss_mask_6: 0.08405  loss_dice_6: 1.225  loss_ce_7: 0.1047  loss_mask_7: 0.08101  loss_dice_7: 1.117  loss_ce_8: 0.1049  loss_mask_8: 0.07958  loss_dice_8: 1.037    time: 0.8893  last_time: 0.8579  data_time: 0.1436  last_data_time: 0.1436   lr: 3.4039e-06  max_mem: 13270M
[03/18 16:22:20 d2.utils.events]:  eta: 0:47:43  iter: 16659  total_loss: 4.716  loss_ce: 0.01519  loss_mask: 0.03862  loss_dice: 0.3647  loss_ce_0: 0.3895  loss_mask_0: 0.05261  loss_dice_0: 0.3938  loss_ce_1: 0.02585  loss_mask_1: 0.03966  loss_dice_1: 0.3944  loss_ce_2: 0.02121  loss_mask_2: 0.0438  loss_dice_2: 0.3846  loss_ce_3: 0.01675  loss_mask_3: 0.03864  loss_dice_3: 0.3781  loss_ce_4: 0.01619  loss_mask_4: 0.03732  loss_dice_4: 0.3549  loss_ce_5: 0.01655  loss_mask_5: 0.03854  loss_dice_5: 0.383  loss_ce_6: 0.01594  loss_mask_6: 0.04076  loss_dice_6: 0.386  loss_ce_7: 0.01436  loss_mask_7: 0.03952  loss_dice_7: 0.356  loss_ce_8: 0.01445  loss_mask_8: 0.03905  loss_dice_8: 0.3659    time: 0.8893  last_time: 0.8479  data_time: 0.1388  last_data_time: 0.1388   lr: 3.3644e-06  max_mem: 13270M
[03/18 16:22:39 d2.utils.events]:  eta: 0:47:24  iter: 16679  total_loss: 9.065  loss_ce: 0.01309  loss_mask: 0.03494  loss_dice: 0.7448  loss_ce_0: 0.2705  loss_mask_0: 0.04309  loss_dice_0: 1.077  loss_ce_1: 0.05674  loss_mask_1: 0.03428  loss_dice_1: 0.7625  loss_ce_2: 0.03142  loss_mask_2: 0.03652  loss_dice_2: 0.8196  loss_ce_3: 0.02277  loss_mask_3: 0.03551  loss_dice_3: 0.8547  loss_ce_4: 0.01712  loss_mask_4: 0.03696  loss_dice_4: 0.7505  loss_ce_5: 0.01475  loss_mask_5: 0.03892  loss_dice_5: 0.8017  loss_ce_6: 0.01453  loss_mask_6: 0.03535  loss_dice_6: 0.8261  loss_ce_7: 0.01374  loss_mask_7: 0.03215  loss_dice_7: 0.7469  loss_ce_8: 0.01303  loss_mask_8: 0.03793  loss_dice_8: 0.8476    time: 0.8894  last_time: 0.9246  data_time: 0.1986  last_data_time: 0.1986   lr: 3.3252e-06  max_mem: 13270M
[03/18 16:22:58 d2.utils.events]:  eta: 0:47:08  iter: 16699  total_loss: 7.264  loss_ce: 0.008335  loss_mask: 0.03211  loss_dice: 0.5545  loss_ce_0: 0.1656  loss_mask_0: 0.04924  loss_dice_0: 0.9455  loss_ce_1: 0.01152  loss_mask_1: 0.03268  loss_dice_1: 0.516  loss_ce_2: 0.01019  loss_mask_2: 0.03526  loss_dice_2: 0.6338  loss_ce_3: 0.01121  loss_mask_3: 0.03493  loss_dice_3: 0.6358  loss_ce_4: 0.01044  loss_mask_4: 0.03385  loss_dice_4: 0.656  loss_ce_5: 0.00987  loss_mask_5: 0.03858  loss_dice_5: 0.728  loss_ce_6: 0.008126  loss_mask_6: 0.03555  loss_dice_6: 0.7415  loss_ce_7: 0.007907  loss_mask_7: 0.03024  loss_dice_7: 0.6366  loss_ce_8: 0.008059  loss_mask_8: 0.0306  loss_dice_8: 0.6124    time: 0.8894  last_time: 0.8561  data_time: 0.1382  last_data_time: 0.1382   lr: 3.2862e-06  max_mem: 13270M
[03/18 16:23:15 d2.utils.events]:  eta: 0:46:49  iter: 16719  total_loss: 9.007  loss_ce: 0.01911  loss_mask: 0.03837  loss_dice: 0.7613  loss_ce_0: 0.1546  loss_mask_0: 0.04121  loss_dice_0: 0.778  loss_ce_1: 0.0941  loss_mask_1: 0.03806  loss_dice_1: 1.001  loss_ce_2: 0.02848  loss_mask_2: 0.03002  loss_dice_2: 0.6023  loss_ce_3: 0.04157  loss_mask_3: 0.03608  loss_dice_3: 0.856  loss_ce_4: 0.01718  loss_mask_4: 0.03888  loss_dice_4: 0.7494  loss_ce_5: 0.01776  loss_mask_5: 0.03731  loss_dice_5: 0.7433  loss_ce_6: 0.08086  loss_mask_6: 0.0422  loss_dice_6: 0.8543  loss_ce_7: 0.03124  loss_mask_7: 0.03285  loss_dice_7: 0.9667  loss_ce_8: 0.02007  loss_mask_8: 0.03626  loss_dice_8: 0.8184    time: 0.8894  last_time: 0.9039  data_time: 0.1900  last_data_time: 0.1900   lr: 3.2473e-06  max_mem: 13270M
[03/18 16:23:34 d2.utils.events]:  eta: 0:46:30  iter: 16739  total_loss: 9.123  loss_ce: 0.0282  loss_mask: 0.04728  loss_dice: 0.8006  loss_ce_0: 0.1576  loss_mask_0: 0.05176  loss_dice_0: 0.8692  loss_ce_1: 0.09922  loss_mask_1: 0.04299  loss_dice_1: 1.006  loss_ce_2: 0.03294  loss_mask_2: 0.04748  loss_dice_2: 0.841  loss_ce_3: 0.02828  loss_mask_3: 0.04685  loss_dice_3: 0.8921  loss_ce_4: 0.02964  loss_mask_4: 0.04321  loss_dice_4: 0.7009  loss_ce_5: 0.0263  loss_mask_5: 0.04521  loss_dice_5: 0.8103  loss_ce_6: 0.02621  loss_mask_6: 0.04617  loss_dice_6: 0.7066  loss_ce_7: 0.02823  loss_mask_7: 0.04634  loss_dice_7: 0.7701  loss_ce_8: 0.03028  loss_mask_8: 0.04319  loss_dice_8: 0.7791    time: 0.8894  last_time: 0.9100  data_time: 0.1977  last_data_time: 0.1977   lr: 3.2087e-06  max_mem: 13270M
[03/18 16:23:52 d2.utils.events]:  eta: 0:46:11  iter: 16759  total_loss: 8.063  loss_ce: 0.05195  loss_mask: 0.04109  loss_dice: 0.5878  loss_ce_0: 0.4014  loss_mask_0: 0.04297  loss_dice_0: 0.7551  loss_ce_1: 0.05643  loss_mask_1: 0.04214  loss_dice_1: 0.7525  loss_ce_2: 0.07133  loss_mask_2: 0.04213  loss_dice_2: 0.6696  loss_ce_3: 0.04924  loss_mask_3: 0.04199  loss_dice_3: 0.7262  loss_ce_4: 0.04328  loss_mask_4: 0.04217  loss_dice_4: 0.6584  loss_ce_5: 0.04939  loss_mask_5: 0.04481  loss_dice_5: 0.7414  loss_ce_6: 0.04752  loss_mask_6: 0.04093  loss_dice_6: 0.6116  loss_ce_7: 0.04455  loss_mask_7: 0.04036  loss_dice_7: 0.6154  loss_ce_8: 0.05048  loss_mask_8: 0.03976  loss_dice_8: 0.6606    time: 0.8894  last_time: 0.8444  data_time: 0.1302  last_data_time: 0.1302   lr: 3.1704e-06  max_mem: 13270M
[03/18 16:24:10 d2.utils.events]:  eta: 0:45:55  iter: 16779  total_loss: 20.64  loss_ce: 0.1194  loss_mask: 0.09901  loss_dice: 1.66  loss_ce_0: 0.719  loss_mask_0: 0.1713  loss_dice_0: 1.978  loss_ce_1: 0.2381  loss_mask_1: 0.1211  loss_dice_1: 1.649  loss_ce_2: 0.1407  loss_mask_2: 0.1085  loss_dice_2: 1.827  loss_ce_3: 0.07964  loss_mask_3: 0.1091  loss_dice_3: 1.772  loss_ce_4: 0.1306  loss_mask_4: 0.1356  loss_dice_4: 1.75  loss_ce_5: 0.07802  loss_mask_5: 0.1206  loss_dice_5: 1.958  loss_ce_6: 0.1164  loss_mask_6: 0.1091  loss_dice_6: 1.718  loss_ce_7: 0.1077  loss_mask_7: 0.1086  loss_dice_7: 1.66  loss_ce_8: 0.1132  loss_mask_8: 0.1028  loss_dice_8: 1.638    time: 0.8894  last_time: 1.3430  data_time: 0.6268  last_data_time: 0.6268   lr: 3.1322e-06  max_mem: 13270M
[03/18 16:24:28 d2.utils.events]:  eta: 0:45:39  iter: 16799  total_loss: 12.42  loss_ce: 0.1088  loss_mask: 0.06615  loss_dice: 0.8028  loss_ce_0: 0.8475  loss_mask_0: 0.1158  loss_dice_0: 1.235  loss_ce_1: 0.1398  loss_mask_1: 0.1045  loss_dice_1: 1.034  loss_ce_2: 0.1688  loss_mask_2: 0.06619  loss_dice_2: 0.9919  loss_ce_3: 0.1014  loss_mask_3: 0.07579  loss_dice_3: 1.025  loss_ce_4: 0.09793  loss_mask_4: 0.06957  loss_dice_4: 0.9783  loss_ce_5: 0.08208  loss_mask_5: 0.06511  loss_dice_5: 0.8865  loss_ce_6: 0.1634  loss_mask_6: 0.06685  loss_dice_6: 0.9108  loss_ce_7: 0.1241  loss_mask_7: 0.0658  loss_dice_7: 0.9399  loss_ce_8: 0.1156  loss_mask_8: 0.06669  loss_dice_8: 0.9069    time: 0.8894  last_time: 0.9347  data_time: 0.2059  last_data_time: 0.2059   lr: 3.0942e-06  max_mem: 13270M
[03/18 16:24:46 d2.utils.events]:  eta: 0:45:20  iter: 16819  total_loss: 9.31  loss_ce: 0.02778  loss_mask: 0.03325  loss_dice: 0.7381  loss_ce_0: 0.1016  loss_mask_0: 0.03389  loss_dice_0: 0.8125  loss_ce_1: 0.0526  loss_mask_1: 0.02733  loss_dice_1: 0.7918  loss_ce_2: 0.05509  loss_mask_2: 0.0294  loss_dice_2: 0.9185  loss_ce_3: 0.03719  loss_mask_3: 0.02799  loss_dice_3: 0.9241  loss_ce_4: 0.03558  loss_mask_4: 0.03497  loss_dice_4: 1.089  loss_ce_5: 0.02717  loss_mask_5: 0.02883  loss_dice_5: 0.7508  loss_ce_6: 0.02621  loss_mask_6: 0.03328  loss_dice_6: 0.8531  loss_ce_7: 0.02652  loss_mask_7: 0.03488  loss_dice_7: 1.018  loss_ce_8: 0.02533  loss_mask_8: 0.02926  loss_dice_8: 0.6859    time: 0.8895  last_time: 0.9712  data_time: 0.1900  last_data_time: 0.1900   lr: 3.0565e-06  max_mem: 13270M
[03/18 16:25:04 d2.utils.events]:  eta: 0:45:04  iter: 16839  total_loss: 8.959  loss_ce: 0.06597  loss_mask: 0.02919  loss_dice: 0.7311  loss_ce_0: 0.1456  loss_mask_0: 0.03749  loss_dice_0: 0.7678  loss_ce_1: 0.06781  loss_mask_1: 0.04088  loss_dice_1: 0.7424  loss_ce_2: 0.09543  loss_mask_2: 0.03349  loss_dice_2: 0.9568  loss_ce_3: 0.03569  loss_mask_3: 0.03963  loss_dice_3: 0.8798  loss_ce_4: 0.03785  loss_mask_4: 0.03668  loss_dice_4: 0.8681  loss_ce_5: 0.08298  loss_mask_5: 0.03551  loss_dice_5: 0.8243  loss_ce_6: 0.07998  loss_mask_6: 0.02915  loss_dice_6: 0.7107  loss_ce_7: 0.07836  loss_mask_7: 0.03136  loss_dice_7: 0.7072  loss_ce_8: 0.08226  loss_mask_8: 0.03471  loss_dice_8: 0.6504    time: 0.8895  last_time: 0.8626  data_time: 0.1557  last_data_time: 0.1557   lr: 3.019e-06  max_mem: 13270M
[03/18 16:25:22 d2.utils.events]:  eta: 0:44:47  iter: 16859  total_loss: 9.643  loss_ce: 0.04151  loss_mask: 0.03278  loss_dice: 0.7897  loss_ce_0: 0.1366  loss_mask_0: 0.06958  loss_dice_0: 1.023  loss_ce_1: 0.07386  loss_mask_1: 0.03866  loss_dice_1: 0.9315  loss_ce_2: 0.05582  loss_mask_2: 0.03412  loss_dice_2: 0.6377  loss_ce_3: 0.0406  loss_mask_3: 0.04365  loss_dice_3: 0.6103  loss_ce_4: 0.04724  loss_mask_4: 0.04614  loss_dice_4: 0.9865  loss_ce_5: 0.04702  loss_mask_5: 0.0364  loss_dice_5: 1.023  loss_ce_6: 0.05203  loss_mask_6: 0.04654  loss_dice_6: 0.9225  loss_ce_7: 0.04146  loss_mask_7: 0.04158  loss_dice_7: 0.9007  loss_ce_8: 0.04364  loss_mask_8: 0.03612  loss_dice_8: 0.8126    time: 0.8894  last_time: 0.7804  data_time: 0.0831  last_data_time: 0.0831   lr: 2.9817e-06  max_mem: 13270M
[03/18 16:25:40 d2.utils.events]:  eta: 0:44:33  iter: 16879  total_loss: 7.536  loss_ce: 0.01603  loss_mask: 0.0383  loss_dice: 0.6471  loss_ce_0: 0.1517  loss_mask_0: 0.04982  loss_dice_0: 0.7875  loss_ce_1: 0.01352  loss_mask_1: 0.04122  loss_dice_1: 0.6186  loss_ce_2: 0.0112  loss_mask_2: 0.04456  loss_dice_2: 0.6189  loss_ce_3: 0.01313  loss_mask_3: 0.0459  loss_dice_3: 0.7472  loss_ce_4: 0.01274  loss_mask_4: 0.03769  loss_dice_4: 0.649  loss_ce_5: 0.01059  loss_mask_5: 0.04277  loss_dice_5: 0.7289  loss_ce_6: 0.01521  loss_mask_6: 0.0464  loss_dice_6: 0.6733  loss_ce_7: 0.01316  loss_mask_7: 0.04596  loss_dice_7: 0.6679  loss_ce_8: 0.08271  loss_mask_8: 0.03816  loss_dice_8: 0.627    time: 0.8894  last_time: 0.9325  data_time: 0.2265  last_data_time: 0.2265   lr: 2.9446e-06  max_mem: 13270M
[03/18 16:25:59 d2.utils.events]:  eta: 0:44:20  iter: 16899  total_loss: 12.19  loss_ce: 0.03877  loss_mask: 0.1005  loss_dice: 0.9927  loss_ce_0: 0.5535  loss_mask_0: 0.1617  loss_dice_0: 1.094  loss_ce_1: 0.1542  loss_mask_1: 0.1203  loss_dice_1: 1.133  loss_ce_2: 0.0559  loss_mask_2: 0.1117  loss_dice_2: 1.057  loss_ce_3: 0.04663  loss_mask_3: 0.1022  loss_dice_3: 0.9851  loss_ce_4: 0.05493  loss_mask_4: 0.1033  loss_dice_4: 0.9619  loss_ce_5: 0.05851  loss_mask_5: 0.09237  loss_dice_5: 0.9015  loss_ce_6: 0.04829  loss_mask_6: 0.09358  loss_dice_6: 0.9302  loss_ce_7: 0.04586  loss_mask_7: 0.0967  loss_dice_7: 0.9557  loss_ce_8: 0.04506  loss_mask_8: 0.09627  loss_dice_8: 0.9964    time: 0.8895  last_time: 1.1707  data_time: 0.4549  last_data_time: 0.4549   lr: 2.9077e-06  max_mem: 13270M
[03/18 16:26:18 d2.utils.events]:  eta: 0:44:08  iter: 16919  total_loss: 9.877  loss_ce: 0.03052  loss_mask: 0.04669  loss_dice: 0.7955  loss_ce_0: 0.3127  loss_mask_0: 0.082  loss_dice_0: 1.007  loss_ce_1: 0.08777  loss_mask_1: 0.06147  loss_dice_1: 0.9622  loss_ce_2: 0.05725  loss_mask_2: 0.04734  loss_dice_2: 0.8582  loss_ce_3: 0.03336  loss_mask_3: 0.05865  loss_dice_3: 0.864  loss_ce_4: 0.02787  loss_mask_4: 0.04934  loss_dice_4: 0.8391  loss_ce_5: 0.02638  loss_mask_5: 0.04643  loss_dice_5: 0.8897  loss_ce_6: 0.08264  loss_mask_6: 0.05115  loss_dice_6: 0.855  loss_ce_7: 0.03061  loss_mask_7: 0.04689  loss_dice_7: 0.7824  loss_ce_8: 0.03053  loss_mask_8: 0.04625  loss_dice_8: 0.7684    time: 0.8895  last_time: 0.8633  data_time: 0.1404  last_data_time: 0.1404   lr: 2.871e-06  max_mem: 13270M
[03/18 16:26:35 d2.utils.events]:  eta: 0:43:53  iter: 16939  total_loss: 11.91  loss_ce: 0.1242  loss_mask: 0.02707  loss_dice: 0.7617  loss_ce_0: 0.3613  loss_mask_0: 0.02906  loss_dice_0: 1.001  loss_ce_1: 0.1676  loss_mask_1: 0.02663  loss_dice_1: 1.035  loss_ce_2: 0.3433  loss_mask_2: 0.04335  loss_dice_2: 1.136  loss_ce_3: 0.1787  loss_mask_3: 0.02654  loss_dice_3: 1.127  loss_ce_4: 0.1444  loss_mask_4: 0.02523  loss_dice_4: 0.8735  loss_ce_5: 0.1827  loss_mask_5: 0.03147  loss_dice_5: 0.95  loss_ce_6: 0.1313  loss_mask_6: 0.02524  loss_dice_6: 0.8626  loss_ce_7: 0.1165  loss_mask_7: 0.02332  loss_dice_7: 0.9311  loss_ce_8: 0.163  loss_mask_8: 0.03275  loss_dice_8: 1.025    time: 0.8895  last_time: 0.8016  data_time: 0.0820  last_data_time: 0.0820   lr: 2.8346e-06  max_mem: 13270M
[03/18 16:26:54 d2.utils.events]:  eta: 0:43:36  iter: 16959  total_loss: 8.914  loss_ce: 0.1218  loss_mask: 0.04679  loss_dice: 0.7603  loss_ce_0: 0.3112  loss_mask_0: 0.05518  loss_dice_0: 0.7923  loss_ce_1: 0.08273  loss_mask_1: 0.0474  loss_dice_1: 0.7453  loss_ce_2: 0.04789  loss_mask_2: 0.04605  loss_dice_2: 0.7095  loss_ce_3: 0.04269  loss_mask_3: 0.04882  loss_dice_3: 0.7701  loss_ce_4: 0.05832  loss_mask_4: 0.04794  loss_dice_4: 0.7071  loss_ce_5: 0.06231  loss_mask_5: 0.04654  loss_dice_5: 0.7584  loss_ce_6: 0.06479  loss_mask_6: 0.04578  loss_dice_6: 0.76  loss_ce_7: 0.05561  loss_mask_7: 0.04349  loss_dice_7: 0.7182  loss_ce_8: 0.05185  loss_mask_8: 0.04431  loss_dice_8: 0.8209    time: 0.8895  last_time: 0.8885  data_time: 0.1753  last_data_time: 0.1753   lr: 2.7984e-06  max_mem: 13270M
[03/18 16:27:12 d2.utils.events]:  eta: 0:43:20  iter: 16979  total_loss: 4.425  loss_ce: 0.013  loss_mask: 0.02639  loss_dice: 0.4251  loss_ce_0: 0.1533  loss_mask_0: 0.03004  loss_dice_0: 0.4413  loss_ce_1: 0.0163  loss_mask_1: 0.02229  loss_dice_1: 0.3409  loss_ce_2: 0.01511  loss_mask_2: 0.02508  loss_dice_2: 0.356  loss_ce_3: 0.01496  loss_mask_3: 0.02335  loss_dice_3: 0.421  loss_ce_4: 0.01403  loss_mask_4: 0.02935  loss_dice_4: 0.4214  loss_ce_5: 0.01363  loss_mask_5: 0.02492  loss_dice_5: 0.3803  loss_ce_6: 0.01355  loss_mask_6: 0.0258  loss_dice_6: 0.3788  loss_ce_7: 0.01401  loss_mask_7: 0.02564  loss_dice_7: 0.3926  loss_ce_8: 0.01265  loss_mask_8: 0.02221  loss_dice_8: 0.3324    time: 0.8896  last_time: 0.8391  data_time: 0.1145  last_data_time: 0.1145   lr: 2.7624e-06  max_mem: 13270M
[03/18 16:27:31 d2.utils.events]:  eta: 0:43:03  iter: 16999  total_loss: 8.542  loss_ce: 0.007516  loss_mask: 0.04269  loss_dice: 0.7133  loss_ce_0: 0.1785  loss_mask_0: 0.06391  loss_dice_0: 0.8982  loss_ce_1: 0.01809  loss_mask_1: 0.06164  loss_dice_1: 0.8875  loss_ce_2: 0.01536  loss_mask_2: 0.05257  loss_dice_2: 0.7984  loss_ce_3: 0.01606  loss_mask_3: 0.046  loss_dice_3: 0.7443  loss_ce_4: 0.01351  loss_mask_4: 0.04402  loss_dice_4: 0.7463  loss_ce_5: 0.01004  loss_mask_5: 0.04852  loss_dice_5: 0.7726  loss_ce_6: 0.007554  loss_mask_6: 0.04052  loss_dice_6: 0.7263  loss_ce_7: 0.007642  loss_mask_7: 0.0408  loss_dice_7: 0.7649  loss_ce_8: 0.007679  loss_mask_8: 0.03715  loss_dice_8: 0.7301    time: 0.8896  last_time: 0.7926  data_time: 0.0789  last_data_time: 0.0789   lr: 2.7266e-06  max_mem: 13270M
[03/18 16:27:49 d2.utils.events]:  eta: 0:42:47  iter: 17019  total_loss: 6.801  loss_ce: 0.02569  loss_mask: 0.04158  loss_dice: 0.6523  loss_ce_0: 0.2453  loss_mask_0: 0.05099  loss_dice_0: 0.6325  loss_ce_1: 0.02808  loss_mask_1: 0.04006  loss_dice_1: 0.6002  loss_ce_2: 0.03837  loss_mask_2: 0.03479  loss_dice_2: 0.5812  loss_ce_3: 0.08549  loss_mask_3: 0.03543  loss_dice_3: 0.4671  loss_ce_4: 0.05291  loss_mask_4: 0.03924  loss_dice_4: 0.5667  loss_ce_5: 0.04131  loss_mask_5: 0.04308  loss_dice_5: 0.6158  loss_ce_6: 0.03247  loss_mask_6: 0.04394  loss_dice_6: 0.5429  loss_ce_7: 0.02521  loss_mask_7: 0.04301  loss_dice_7: 0.6072  loss_ce_8: 0.02692  loss_mask_8: 0.04181  loss_dice_8: 0.5192    time: 0.8896  last_time: 0.9020  data_time: 0.1837  last_data_time: 0.1837   lr: 2.6911e-06  max_mem: 13270M
[03/18 16:28:07 d2.utils.events]:  eta: 0:42:31  iter: 17039  total_loss: 7.47  loss_ce: 0.008305  loss_mask: 0.05779  loss_dice: 0.7114  loss_ce_0: 0.1016  loss_mask_0: 0.06776  loss_dice_0: 0.6853  loss_ce_1: 0.01294  loss_mask_1: 0.05603  loss_dice_1: 0.6981  loss_ce_2: 0.01489  loss_mask_2: 0.05711  loss_dice_2: 0.6351  loss_ce_3: 0.008259  loss_mask_3: 0.05112  loss_dice_3: 0.5795  loss_ce_4: 0.00747  loss_mask_4: 0.06117  loss_dice_4: 0.65  loss_ce_5: 0.008037  loss_mask_5: 0.0548  loss_dice_5: 0.7344  loss_ce_6: 0.007702  loss_mask_6: 0.05763  loss_dice_6: 0.6959  loss_ce_7: 0.008188  loss_mask_7: 0.05541  loss_dice_7: 0.6924  loss_ce_8: 0.008393  loss_mask_8: 0.05052  loss_dice_8: 0.6326    time: 0.8896  last_time: 0.9055  data_time: 0.2053  last_data_time: 0.2053   lr: 2.6557e-06  max_mem: 13270M
[03/18 16:28:25 d2.utils.events]:  eta: 0:42:13  iter: 17059  total_loss: 6.847  loss_ce: 0.01187  loss_mask: 0.02251  loss_dice: 0.5766  loss_ce_0: 0.1062  loss_mask_0: 0.02521  loss_dice_0: 0.8064  loss_ce_1: 0.03885  loss_mask_1: 0.02415  loss_dice_1: 0.5636  loss_ce_2: 0.0203  loss_mask_2: 0.02654  loss_dice_2: 0.5834  loss_ce_3: 0.01922  loss_mask_3: 0.02431  loss_dice_3: 0.6834  loss_ce_4: 0.01341  loss_mask_4: 0.02503  loss_dice_4: 0.5831  loss_ce_5: 0.01125  loss_mask_5: 0.02348  loss_dice_5: 0.5946  loss_ce_6: 0.01177  loss_mask_6: 0.01834  loss_dice_6: 0.4694  loss_ce_7: 0.03455  loss_mask_7: 0.02065  loss_dice_7: 0.7005  loss_ce_8: 0.0115  loss_mask_8: 0.02248  loss_dice_8: 0.7743    time: 0.8896  last_time: 0.8248  data_time: 0.1201  last_data_time: 0.1201   lr: 2.6206e-06  max_mem: 13270M
[03/18 16:28:43 d2.utils.events]:  eta: 0:41:54  iter: 17079  total_loss: 8.126  loss_ce: 0.1318  loss_mask: 0.03285  loss_dice: 0.6354  loss_ce_0: 0.2887  loss_mask_0: 0.03944  loss_dice_0: 0.8367  loss_ce_1: 0.1137  loss_mask_1: 0.03106  loss_dice_1: 0.655  loss_ce_2: 0.1156  loss_mask_2: 0.02998  loss_dice_2: 0.5727  loss_ce_3: 0.1083  loss_mask_3: 0.02512  loss_dice_3: 0.5947  loss_ce_4: 0.1309  loss_mask_4: 0.02956  loss_dice_4: 0.6883  loss_ce_5: 0.0894  loss_mask_5: 0.03034  loss_dice_5: 0.6964  loss_ce_6: 0.09288  loss_mask_6: 0.03047  loss_dice_6: 0.6861  loss_ce_7: 0.09048  loss_mask_7: 0.03159  loss_dice_7: 0.6121  loss_ce_8: 0.09208  loss_mask_8: 0.02782  loss_dice_8: 0.5863    time: 0.8896  last_time: 0.9038  data_time: 0.1979  last_data_time: 0.1979   lr: 2.5857e-06  max_mem: 13270M
[03/18 16:29:01 d2.utils.events]:  eta: 0:41:37  iter: 17099  total_loss: 10.83  loss_ce: 0.04777  loss_mask: 0.02681  loss_dice: 0.9148  loss_ce_0: 0.09876  loss_mask_0: 0.03639  loss_dice_0: 1.025  loss_ce_1: 0.04194  loss_mask_1: 0.03727  loss_dice_1: 0.9655  loss_ce_2: 0.05603  loss_mask_2: 0.02607  loss_dice_2: 0.7863  loss_ce_3: 0.1162  loss_mask_3: 0.03316  loss_dice_3: 0.914  loss_ce_4: 0.04914  loss_mask_4: 0.03552  loss_dice_4: 0.9561  loss_ce_5: 0.1187  loss_mask_5: 0.03255  loss_dice_5: 0.9722  loss_ce_6: 0.1276  loss_mask_6: 0.03665  loss_dice_6: 0.9189  loss_ce_7: 0.04662  loss_mask_7: 0.03618  loss_dice_7: 1.105  loss_ce_8: 0.133  loss_mask_8: 0.04243  loss_dice_8: 1.089    time: 0.8896  last_time: 0.8963  data_time: 0.1956  last_data_time: 0.1956   lr: 2.551e-06  max_mem: 13270M
[03/18 16:29:18 d2.utils.events]:  eta: 0:41:20  iter: 17119  total_loss: 11.21  loss_ce: 0.03302  loss_mask: 0.04848  loss_dice: 1.139  loss_ce_0: 0.2975  loss_mask_0: 0.05198  loss_dice_0: 0.9777  loss_ce_1: 0.03938  loss_mask_1: 0.05324  loss_dice_1: 1.225  loss_ce_2: 0.0316  loss_mask_2: 0.04976  loss_dice_2: 1.064  loss_ce_3: 0.03389  loss_mask_3: 0.03937  loss_dice_3: 0.828  loss_ce_4: 0.03456  loss_mask_4: 0.05175  loss_dice_4: 1.189  loss_ce_5: 0.03001  loss_mask_5: 0.04929  loss_dice_5: 1.07  loss_ce_6: 0.01671  loss_mask_6: 0.04128  loss_dice_6: 0.875  loss_ce_7: 0.01876  loss_mask_7: 0.04131  loss_dice_7: 0.8899  loss_ce_8: 0.01919  loss_mask_8: 0.04285  loss_dice_8: 0.9252    time: 0.8896  last_time: 0.9187  data_time: 0.2116  last_data_time: 0.2116   lr: 2.5166e-06  max_mem: 13270M
[03/18 16:29:36 d2.utils.events]:  eta: 0:41:02  iter: 17139  total_loss: 17.46  loss_ce: 0.1267  loss_mask: 0.05341  loss_dice: 1.334  loss_ce_0: 0.6546  loss_mask_0: 0.1421  loss_dice_0: 1.778  loss_ce_1: 0.1073  loss_mask_1: 0.08081  loss_dice_1: 1.69  loss_ce_2: 0.06657  loss_mask_2: 0.06342  loss_dice_2: 1.572  loss_ce_3: 0.1136  loss_mask_3: 0.06211  loss_dice_3: 1.527  loss_ce_4: 0.07139  loss_mask_4: 0.06068  loss_dice_4: 1.445  loss_ce_5: 0.1441  loss_mask_5: 0.06579  loss_dice_5: 1.502  loss_ce_6: 0.0704  loss_mask_6: 0.06096  loss_dice_6: 1.381  loss_ce_7: 0.08097  loss_mask_7: 0.05833  loss_dice_7: 1.508  loss_ce_8: 0.06992  loss_mask_8: 0.05742  loss_dice_8: 1.516    time: 0.8895  last_time: 0.8907  data_time: 0.1886  last_data_time: 0.1886   lr: 2.4824e-06  max_mem: 13270M
[03/18 16:29:53 d2.utils.events]:  eta: 0:40:45  iter: 17159  total_loss: 10  loss_ce: 0.05281  loss_mask: 0.04348  loss_dice: 0.8168  loss_ce_0: 0.4483  loss_mask_0: 0.06053  loss_dice_0: 0.8909  loss_ce_1: 0.1551  loss_mask_1: 0.05224  loss_dice_1: 0.8494  loss_ce_2: 0.09152  loss_mask_2: 0.05152  loss_dice_2: 0.881  loss_ce_3: 0.06432  loss_mask_3: 0.05328  loss_dice_3: 0.8531  loss_ce_4: 0.04839  loss_mask_4: 0.04916  loss_dice_4: 0.8502  loss_ce_5: 0.05876  loss_mask_5: 0.04397  loss_dice_5: 0.7751  loss_ce_6: 0.0515  loss_mask_6: 0.04231  loss_dice_6: 0.8212  loss_ce_7: 0.04907  loss_mask_7: 0.04506  loss_dice_7: 0.8201  loss_ce_8: 0.05344  loss_mask_8: 0.0479  loss_dice_8: 0.8835    time: 0.8895  last_time: 0.9530  data_time: 0.2320  last_data_time: 0.2320   lr: 2.4483e-06  max_mem: 13270M
[03/18 16:30:11 d2.utils.events]:  eta: 0:40:28  iter: 17179  total_loss: 10.3  loss_ce: 0.05755  loss_mask: 0.03263  loss_dice: 0.9566  loss_ce_0: 0.2491  loss_mask_0: 0.02946  loss_dice_0: 0.7906  loss_ce_1: 0.1962  loss_mask_1: 0.02804  loss_dice_1: 0.6638  loss_ce_2: 0.1784  loss_mask_2: 0.03403  loss_dice_2: 0.7957  loss_ce_3: 0.1243  loss_mask_3: 0.02791  loss_dice_3: 0.6455  loss_ce_4: 0.1418  loss_mask_4: 0.03071  loss_dice_4: 0.7471  loss_ce_5: 0.1993  loss_mask_5: 0.03059  loss_dice_5: 1.04  loss_ce_6: 0.09116  loss_mask_6: 0.033  loss_dice_6: 0.887  loss_ce_7: 0.1057  loss_mask_7: 0.03681  loss_dice_7: 1.044  loss_ce_8: 0.139  loss_mask_8: 0.03706  loss_dice_8: 0.929    time: 0.8895  last_time: 0.8507  data_time: 0.1444  last_data_time: 0.1444   lr: 2.4146e-06  max_mem: 13270M
[03/18 16:30:29 d2.utils.events]:  eta: 0:40:11  iter: 17199  total_loss: 8.054  loss_ce: 0.02919  loss_mask: 0.03827  loss_dice: 0.6057  loss_ce_0: 0.2804  loss_mask_0: 0.05043  loss_dice_0: 0.8716  loss_ce_1: 0.02631  loss_mask_1: 0.03454  loss_dice_1: 0.6865  loss_ce_2: 0.02927  loss_mask_2: 0.04405  loss_dice_2: 0.6817  loss_ce_3: 0.03048  loss_mask_3: 0.03861  loss_dice_3: 0.7306  loss_ce_4: 0.02686  loss_mask_4: 0.03834  loss_dice_4: 0.6265  loss_ce_5: 0.02737  loss_mask_5: 0.04113  loss_dice_5: 0.7308  loss_ce_6: 0.1089  loss_mask_6: 0.03961  loss_dice_6: 0.6919  loss_ce_7: 0.03129  loss_mask_7: 0.03618  loss_dice_7: 0.6177  loss_ce_8: 0.02926  loss_mask_8: 0.04531  loss_dice_8: 0.7854    time: 0.8895  last_time: 0.8801  data_time: 0.1731  last_data_time: 0.1731   lr: 2.381e-06  max_mem: 13270M
[03/18 16:30:46 d2.utils.events]:  eta: 0:39:53  iter: 17219  total_loss: 11.3  loss_ce: 0.04636  loss_mask: 0.04906  loss_dice: 0.9679  loss_ce_0: 0.3537  loss_mask_0: 0.06358  loss_dice_0: 1.182  loss_ce_1: 0.1392  loss_mask_1: 0.04965  loss_dice_1: 1.078  loss_ce_2: 0.04498  loss_mask_2: 0.05314  loss_dice_2: 1.224  loss_ce_3: 0.07294  loss_mask_3: 0.05227  loss_dice_3: 0.9102  loss_ce_4: 0.05426  loss_mask_4: 0.04325  loss_dice_4: 0.8313  loss_ce_5: 0.0532  loss_mask_5: 0.04524  loss_dice_5: 0.8584  loss_ce_6: 0.1502  loss_mask_6: 0.04792  loss_dice_6: 1.026  loss_ce_7: 0.05271  loss_mask_7: 0.04539  loss_dice_7: 0.9322  loss_ce_8: 0.0468  loss_mask_8: 0.04623  loss_dice_8: 0.7816    time: 0.8894  last_time: 0.8639  data_time: 0.1532  last_data_time: 0.1532   lr: 2.3477e-06  max_mem: 13270M
[03/18 16:31:05 d2.utils.events]:  eta: 0:39:36  iter: 17239  total_loss: 8.837  loss_ce: 0.06742  loss_mask: 0.03156  loss_dice: 0.7178  loss_ce_0: 0.2543  loss_mask_0: 0.04118  loss_dice_0: 0.8359  loss_ce_1: 0.1061  loss_mask_1: 0.04516  loss_dice_1: 0.8045  loss_ce_2: 0.05711  loss_mask_2: 0.03224  loss_dice_2: 0.6822  loss_ce_3: 0.08792  loss_mask_3: 0.02886  loss_dice_3: 0.73  loss_ce_4: 0.085  loss_mask_4: 0.0323  loss_dice_4: 0.653  loss_ce_5: 0.06284  loss_mask_5: 0.03609  loss_dice_5: 0.6794  loss_ce_6: 0.0595  loss_mask_6: 0.0296  loss_dice_6: 0.7289  loss_ce_7: 0.03423  loss_mask_7: 0.03847  loss_dice_7: 1.004  loss_ce_8: 0.06245  loss_mask_8: 0.03166  loss_dice_8: 0.7776    time: 0.8895  last_time: 0.9847  data_time: 0.2745  last_data_time: 0.2745   lr: 2.3145e-06  max_mem: 13270M
[03/18 16:31:23 d2.utils.events]:  eta: 0:39:20  iter: 17259  total_loss: 12.09  loss_ce: 0.03181  loss_mask: 0.144  loss_dice: 1.027  loss_ce_0: 0.3684  loss_mask_0: 0.2141  loss_dice_0: 1.085  loss_ce_1: 0.05281  loss_mask_1: 0.1536  loss_dice_1: 0.9926  loss_ce_2: 0.02636  loss_mask_2: 0.156  loss_dice_2: 0.9855  loss_ce_3: 0.03494  loss_mask_3: 0.1512  loss_dice_3: 1.039  loss_ce_4: 0.02803  loss_mask_4: 0.1504  loss_dice_4: 0.9506  loss_ce_5: 0.02984  loss_mask_5: 0.1271  loss_dice_5: 0.9127  loss_ce_6: 0.02969  loss_mask_6: 0.1395  loss_dice_6: 1.029  loss_ce_7: 0.03028  loss_mask_7: 0.1419  loss_dice_7: 0.9524  loss_ce_8: 0.02977  loss_mask_8: 0.1329  loss_dice_8: 0.9466    time: 0.8895  last_time: 0.8803  data_time: 0.1788  last_data_time: 0.1788   lr: 2.2816e-06  max_mem: 13270M
[03/18 16:31:41 d2.utils.events]:  eta: 0:39:03  iter: 17279  total_loss: 8.583  loss_ce: 0.02055  loss_mask: 0.03594  loss_dice: 0.8043  loss_ce_0: 0.2212  loss_mask_0: 0.03848  loss_dice_0: 0.7635  loss_ce_1: 0.03332  loss_mask_1: 0.03182  loss_dice_1: 0.7205  loss_ce_2: 0.04395  loss_mask_2: 0.0321  loss_dice_2: 0.7461  loss_ce_3: 0.01746  loss_mask_3: 0.03363  loss_dice_3: 0.7226  loss_ce_4: 0.06236  loss_mask_4: 0.03371  loss_dice_4: 0.8017  loss_ce_5: 0.07733  loss_mask_5: 0.03424  loss_dice_5: 0.7594  loss_ce_6: 0.06492  loss_mask_6: 0.03567  loss_dice_6: 0.6695  loss_ce_7: 0.01911  loss_mask_7: 0.03196  loss_dice_7: 0.8407  loss_ce_8: 0.02461  loss_mask_8: 0.03138  loss_dice_8: 0.8313    time: 0.8895  last_time: 0.7965  data_time: 0.0852  last_data_time: 0.0852   lr: 2.249e-06  max_mem: 13270M
[03/18 16:31:59 d2.utils.events]:  eta: 0:38:46  iter: 17299  total_loss: 11.14  loss_ce: 0.03949  loss_mask: 0.04317  loss_dice: 1.03  loss_ce_0: 0.1702  loss_mask_0: 0.05849  loss_dice_0: 1.269  loss_ce_1: 0.0677  loss_mask_1: 0.05232  loss_dice_1: 0.9211  loss_ce_2: 0.04281  loss_mask_2: 0.03884  loss_dice_2: 0.9756  loss_ce_3: 0.07887  loss_mask_3: 0.04186  loss_dice_3: 1.05  loss_ce_4: 0.04283  loss_mask_4: 0.04032  loss_dice_4: 0.9289  loss_ce_5: 0.04812  loss_mask_5: 0.04572  loss_dice_5: 0.9837  loss_ce_6: 0.04607  loss_mask_6: 0.04178  loss_dice_6: 1.046  loss_ce_7: 0.04075  loss_mask_7: 0.04549  loss_dice_7: 0.8296  loss_ce_8: 0.03924  loss_mask_8: 0.04306  loss_dice_8: 1.035    time: 0.8895  last_time: 0.8432  data_time: 0.1431  last_data_time: 0.1431   lr: 2.2165e-06  max_mem: 13270M
[03/18 16:32:16 d2.utils.events]:  eta: 0:38:28  iter: 17319  total_loss: 6.144  loss_ce: 0.009617  loss_mask: 0.05159  loss_dice: 0.5594  loss_ce_0: 0.09978  loss_mask_0: 0.07124  loss_dice_0: 0.5855  loss_ce_1: 0.01628  loss_mask_1: 0.05641  loss_dice_1: 0.5288  loss_ce_2: 0.01846  loss_mask_2: 0.05362  loss_dice_2: 0.489  loss_ce_3: 0.01139  loss_mask_3: 0.05423  loss_dice_3: 0.5338  loss_ce_4: 0.0106  loss_mask_4: 0.06084  loss_dice_4: 0.4842  loss_ce_5: 0.009676  loss_mask_5: 0.05191  loss_dice_5: 0.5422  loss_ce_6: 0.008983  loss_mask_6: 0.05707  loss_dice_6: 0.5533  loss_ce_7: 0.008333  loss_mask_7: 0.05408  loss_dice_7: 0.5381  loss_ce_8: 0.008796  loss_mask_8: 0.04617  loss_dice_8: 0.5702    time: 0.8894  last_time: 0.9653  data_time: 0.2480  last_data_time: 0.2480   lr: 2.1843e-06  max_mem: 13270M
[03/18 16:32:35 d2.utils.events]:  eta: 0:38:12  iter: 17339  total_loss: 15.51  loss_ce: 0.02396  loss_mask: 0.1288  loss_dice: 1.462  loss_ce_0: 0.3712  loss_mask_0: 0.221  loss_dice_0: 1.413  loss_ce_1: 0.04687  loss_mask_1: 0.148  loss_dice_1: 1.396  loss_ce_2: 0.09835  loss_mask_2: 0.1282  loss_dice_2: 1.274  loss_ce_3: 0.04003  loss_mask_3: 0.1222  loss_dice_3: 1.362  loss_ce_4: 0.0337  loss_mask_4: 0.1235  loss_dice_4: 1.175  loss_ce_5: 0.03419  loss_mask_5: 0.1061  loss_dice_5: 1.227  loss_ce_6: 0.03312  loss_mask_6: 0.1203  loss_dice_6: 1.439  loss_ce_7: 0.03245  loss_mask_7: 0.11  loss_dice_7: 1.344  loss_ce_8: 0.06654  loss_mask_8: 0.1211  loss_dice_8: 1.308    time: 0.8894  last_time: 1.1868  data_time: 0.4664  last_data_time: 0.4664   lr: 2.1523e-06  max_mem: 13270M
[03/18 16:32:53 d2.utils.events]:  eta: 0:37:55  iter: 17359  total_loss: 6.602  loss_ce: 0.01746  loss_mask: 0.03029  loss_dice: 0.6201  loss_ce_0: 0.1455  loss_mask_0: 0.02578  loss_dice_0: 0.6477  loss_ce_1: 0.03465  loss_mask_1: 0.01901  loss_dice_1: 0.5828  loss_ce_2: 0.01839  loss_mask_2: 0.02052  loss_dice_2: 0.5064  loss_ce_3: 0.01473  loss_mask_3: 0.0221  loss_dice_3: 0.5944  loss_ce_4: 0.01617  loss_mask_4: 0.025  loss_dice_4: 0.6643  loss_ce_5: 0.01738  loss_mask_5: 0.02879  loss_dice_5: 0.7056  loss_ce_6: 0.01814  loss_mask_6: 0.02775  loss_dice_6: 0.6093  loss_ce_7: 0.01801  loss_mask_7: 0.02223  loss_dice_7: 0.5163  loss_ce_8: 0.01751  loss_mask_8: 0.02611  loss_dice_8: 0.5895    time: 0.8894  last_time: 0.8536  data_time: 0.1401  last_data_time: 0.1401   lr: 2.1206e-06  max_mem: 13270M
[03/18 16:33:11 d2.utils.events]:  eta: 0:37:39  iter: 17379  total_loss: 14.63  loss_ce: 0.04094  loss_mask: 0.08003  loss_dice: 1.138  loss_ce_0: 0.8173  loss_mask_0: 0.1229  loss_dice_0: 1.681  loss_ce_1: 0.1092  loss_mask_1: 0.07708  loss_dice_1: 1.252  loss_ce_2: 0.09063  loss_mask_2: 0.09016  loss_dice_2: 1.389  loss_ce_3: 0.0605  loss_mask_3: 0.07881  loss_dice_3: 1.147  loss_ce_4: 0.05953  loss_mask_4: 0.07629  loss_dice_4: 1.153  loss_ce_5: 0.04641  loss_mask_5: 0.07031  loss_dice_5: 1.21  loss_ce_6: 0.04951  loss_mask_6: 0.08199  loss_dice_6: 1.142  loss_ce_7: 0.04262  loss_mask_7: 0.0701  loss_dice_7: 1.132  loss_ce_8: 0.04309  loss_mask_8: 0.07917  loss_dice_8: 1.202    time: 0.8895  last_time: 0.9014  data_time: 0.1936  last_data_time: 0.1936   lr: 2.089e-06  max_mem: 13270M
[03/18 16:33:29 d2.utils.events]:  eta: 0:37:22  iter: 17399  total_loss: 10.86  loss_ce: 0.0324  loss_mask: 0.03226  loss_dice: 1.014  loss_ce_0: 0.3907  loss_mask_0: 0.03089  loss_dice_0: 1.059  loss_ce_1: 0.05403  loss_mask_1: 0.03927  loss_dice_1: 1.071  loss_ce_2: 0.08787  loss_mask_2: 0.02838  loss_dice_2: 0.8432  loss_ce_3: 0.03917  loss_mask_3: 0.03406  loss_dice_3: 0.9534  loss_ce_4: 0.03678  loss_mask_4: 0.03517  loss_dice_4: 0.9357  loss_ce_5: 0.04966  loss_mask_5: 0.03111  loss_dice_5: 0.8425  loss_ce_6: 0.03331  loss_mask_6: 0.03182  loss_dice_6: 0.9074  loss_ce_7: 0.03566  loss_mask_7: 0.03122  loss_dice_7: 0.9957  loss_ce_8: 0.03591  loss_mask_8: 0.03763  loss_dice_8: 1.107    time: 0.8894  last_time: 0.8994  data_time: 0.1651  last_data_time: 0.1651   lr: 2.0577e-06  max_mem: 13270M
[03/18 16:33:46 d2.utils.events]:  eta: 0:37:04  iter: 17419  total_loss: 11.63  loss_ce: 0.1591  loss_mask: 0.04043  loss_dice: 1.009  loss_ce_0: 0.306  loss_mask_0: 0.04916  loss_dice_0: 1.125  loss_ce_1: 0.1435  loss_mask_1: 0.04449  loss_dice_1: 1.003  loss_ce_2: 0.1842  loss_mask_2: 0.04587  loss_dice_2: 0.939  loss_ce_3: 0.1072  loss_mask_3: 0.03794  loss_dice_3: 0.9078  loss_ce_4: 0.0865  loss_mask_4: 0.03998  loss_dice_4: 1.098  loss_ce_5: 0.1199  loss_mask_5: 0.03568  loss_dice_5: 0.9562  loss_ce_6: 0.1021  loss_mask_6: 0.03544  loss_dice_6: 0.8475  loss_ce_7: 0.1086  loss_mask_7: 0.03863  loss_dice_7: 1.035  loss_ce_8: 0.105  loss_mask_8: 0.03701  loss_dice_8: 0.8866    time: 0.8894  last_time: 0.7998  data_time: 0.0753  last_data_time: 0.0753   lr: 2.0266e-06  max_mem: 13270M
[03/18 16:34:04 d2.utils.events]:  eta: 0:36:48  iter: 17439  total_loss: 6.907  loss_ce: 0.008348  loss_mask: 0.05053  loss_dice: 0.6898  loss_ce_0: 0.2492  loss_mask_0: 0.05406  loss_dice_0: 0.6785  loss_ce_1: 0.01763  loss_mask_1: 0.04346  loss_dice_1: 0.5876  loss_ce_2: 0.01142  loss_mask_2: 0.04123  loss_dice_2: 0.5571  loss_ce_3: 0.009016  loss_mask_3: 0.04663  loss_dice_3: 0.6427  loss_ce_4: 0.007214  loss_mask_4: 0.04654  loss_dice_4: 0.6163  loss_ce_5: 0.008844  loss_mask_5: 0.04373  loss_dice_5: 0.6065  loss_ce_6: 0.008051  loss_mask_6: 0.0484  loss_dice_6: 0.6305  loss_ce_7: 0.007877  loss_mask_7: 0.04287  loss_dice_7: 0.5814  loss_ce_8: 0.008571  loss_mask_8: 0.04172  loss_dice_8: 0.5214    time: 0.8894  last_time: 0.9205  data_time: 0.2051  last_data_time: 0.2051   lr: 1.9957e-06  max_mem: 13270M
[03/18 16:34:22 d2.utils.events]:  eta: 0:36:31  iter: 17459  total_loss: 10.2  loss_ce: 0.06099  loss_mask: 0.02371  loss_dice: 0.9223  loss_ce_0: 0.1475  loss_mask_0: 0.0311  loss_dice_0: 0.9155  loss_ce_1: 0.03186  loss_mask_1: 0.01856  loss_dice_1: 0.5331  loss_ce_2: 0.04053  loss_mask_2: 0.02479  loss_dice_2: 0.9803  loss_ce_3: 0.0349  loss_mask_3: 0.02164  loss_dice_3: 1.063  loss_ce_4: 0.04084  loss_mask_4: 0.02349  loss_dice_4: 0.8977  loss_ce_5: 0.08303  loss_mask_5: 0.01823  loss_dice_5: 0.8835  loss_ce_6: 0.05625  loss_mask_6: 0.01985  loss_dice_6: 1.165  loss_ce_7: 0.0478  loss_mask_7: 0.02428  loss_dice_7: 1.045  loss_ce_8: 0.07861  loss_mask_8: 0.02159  loss_dice_8: 0.9426    time: 0.8894  last_time: 0.8583  data_time: 0.1391  last_data_time: 0.1391   lr: 1.9651e-06  max_mem: 13270M
[03/18 16:34:40 d2.utils.events]:  eta: 0:36:14  iter: 17479  total_loss: 6.665  loss_ce: 0.01732  loss_mask: 0.03777  loss_dice: 0.6002  loss_ce_0: 0.1493  loss_mask_0: 0.03814  loss_dice_0: 0.7477  loss_ce_1: 0.02387  loss_mask_1: 0.03469  loss_dice_1: 0.6319  loss_ce_2: 0.03059  loss_mask_2: 0.03029  loss_dice_2: 0.5246  loss_ce_3: 0.02299  loss_mask_3: 0.0338  loss_dice_3: 0.5733  loss_ce_4: 0.01791  loss_mask_4: 0.03487  loss_dice_4: 0.6038  loss_ce_5: 0.01695  loss_mask_5: 0.03317  loss_dice_5: 0.5947  loss_ce_6: 0.01722  loss_mask_6: 0.0333  loss_dice_6: 0.5478  loss_ce_7: 0.01631  loss_mask_7: 0.03874  loss_dice_7: 0.5777  loss_ce_8: 0.01564  loss_mask_8: 0.03518  loss_dice_8: 0.5858    time: 0.8894  last_time: 0.8923  data_time: 0.1702  last_data_time: 0.1702   lr: 1.9347e-06  max_mem: 13270M
[03/18 16:34:58 d2.utils.events]:  eta: 0:35:56  iter: 17499  total_loss: 9.624  loss_ce: 0.01728  loss_mask: 0.04415  loss_dice: 0.8911  loss_ce_0: 0.2353  loss_mask_0: 0.04406  loss_dice_0: 0.8793  loss_ce_1: 0.01628  loss_mask_1: 0.03888  loss_dice_1: 0.8378  loss_ce_2: 0.02588  loss_mask_2: 0.04121  loss_dice_2: 0.8745  loss_ce_3: 0.01668  loss_mask_3: 0.04789  loss_dice_3: 0.9266  loss_ce_4: 0.01547  loss_mask_4: 0.04073  loss_dice_4: 0.9301  loss_ce_5: 0.01596  loss_mask_5: 0.04104  loss_dice_5: 0.8566  loss_ce_6: 0.01626  loss_mask_6: 0.03784  loss_dice_6: 0.7949  loss_ce_7: 0.01622  loss_mask_7: 0.04281  loss_dice_7: 0.8447  loss_ce_8: 0.01708  loss_mask_8: 0.04851  loss_dice_8: 0.9688    time: 0.8894  last_time: 0.8486  data_time: 0.1313  last_data_time: 0.1313   lr: 1.9045e-06  max_mem: 13270M
[03/18 16:35:16 d2.utils.events]:  eta: 0:35:39  iter: 17519  total_loss: 10.92  loss_ce: 0.03372  loss_mask: 0.05867  loss_dice: 0.8844  loss_ce_0: 0.4266  loss_mask_0: 0.07504  loss_dice_0: 0.9505  loss_ce_1: 0.1456  loss_mask_1: 0.06125  loss_dice_1: 0.9954  loss_ce_2: 0.09877  loss_mask_2: 0.06806  loss_dice_2: 0.8443  loss_ce_3: 0.07849  loss_mask_3: 0.06314  loss_dice_3: 1.05  loss_ce_4: 0.03266  loss_mask_4: 0.06188  loss_dice_4: 0.8915  loss_ce_5: 0.05862  loss_mask_5: 0.0574  loss_dice_5: 0.9082  loss_ce_6: 0.03913  loss_mask_6: 0.05962  loss_dice_6: 0.9895  loss_ce_7: 0.03076  loss_mask_7: 0.05939  loss_dice_7: 0.919  loss_ce_8: 0.03097  loss_mask_8: 0.05475  loss_dice_8: 0.8911    time: 0.8894  last_time: 0.9558  data_time: 0.2207  last_data_time: 0.2207   lr: 1.8746e-06  max_mem: 13270M
[03/18 16:35:35 d2.utils.events]:  eta: 0:35:22  iter: 17539  total_loss: 12.28  loss_ce: 0.0451  loss_mask: 0.07086  loss_dice: 0.9569  loss_ce_0: 0.09931  loss_mask_0: 0.05998  loss_dice_0: 1.124  loss_ce_1: 0.09026  loss_mask_1: 0.08136  loss_dice_1: 1.095  loss_ce_2: 0.03354  loss_mask_2: 0.07146  loss_dice_2: 1.147  loss_ce_3: 0.07797  loss_mask_3: 0.071  loss_dice_3: 0.991  loss_ce_4: 0.0914  loss_mask_4: 0.06891  loss_dice_4: 1.231  loss_ce_5: 0.08864  loss_mask_5: 0.08211  loss_dice_5: 1.079  loss_ce_6: 0.05257  loss_mask_6: 0.07488  loss_dice_6: 1.091  loss_ce_7: 0.04553  loss_mask_7: 0.07471  loss_dice_7: 1.099  loss_ce_8: 0.07342  loss_mask_8: 0.07276  loss_dice_8: 1.041    time: 0.8894  last_time: 0.8482  data_time: 0.1282  last_data_time: 0.1282   lr: 1.8448e-06  max_mem: 13270M
[03/18 16:35:53 d2.utils.events]:  eta: 0:35:05  iter: 17559  total_loss: 13.31  loss_ce: 0.06619  loss_mask: 0.04356  loss_dice: 1.181  loss_ce_0: 0.1446  loss_mask_0: 0.04658  loss_dice_0: 1.307  loss_ce_1: 0.1664  loss_mask_1: 0.02808  loss_dice_1: 1.076  loss_ce_2: 0.111  loss_mask_2: 0.03895  loss_dice_2: 1.291  loss_ce_3: 0.1445  loss_mask_3: 0.03776  loss_dice_3: 1.278  loss_ce_4: 0.08507  loss_mask_4: 0.03521  loss_dice_4: 1.211  loss_ce_5: 0.1098  loss_mask_5: 0.03618  loss_dice_5: 1.16  loss_ce_6: 0.07188  loss_mask_6: 0.0342  loss_dice_6: 0.9704  loss_ce_7: 0.06782  loss_mask_7: 0.03792  loss_dice_7: 1.232  loss_ce_8: 0.06923  loss_mask_8: 0.04925  loss_dice_8: 1.184    time: 0.8894  last_time: 1.0154  data_time: 0.2862  last_data_time: 0.2862   lr: 1.8153e-06  max_mem: 13270M
[03/18 16:36:11 d2.utils.events]:  eta: 0:34:48  iter: 17579  total_loss: 8.317  loss_ce: 0.03425  loss_mask: 0.0586  loss_dice: 0.916  loss_ce_0: 0.1644  loss_mask_0: 0.05858  loss_dice_0: 0.635  loss_ce_1: 0.05027  loss_mask_1: 0.05306  loss_dice_1: 0.7289  loss_ce_2: 0.09376  loss_mask_2: 0.04877  loss_dice_2: 0.7538  loss_ce_3: 0.04191  loss_mask_3: 0.04811  loss_dice_3: 0.6754  loss_ce_4: 0.0391  loss_mask_4: 0.0553  loss_dice_4: 0.719  loss_ce_5: 0.03287  loss_mask_5: 0.0506  loss_dice_5: 0.5339  loss_ce_6: 0.03088  loss_mask_6: 0.05719  loss_dice_6: 0.7505  loss_ce_7: 0.03283  loss_mask_7: 0.05356  loss_dice_7: 0.7653  loss_ce_8: 0.03319  loss_mask_8: 0.04946  loss_dice_8: 0.7522    time: 0.8894  last_time: 0.8787  data_time: 0.1482  last_data_time: 0.1482   lr: 1.7861e-06  max_mem: 13270M
[03/18 16:36:29 d2.utils.events]:  eta: 0:34:31  iter: 17599  total_loss: 9.112  loss_ce: 0.08776  loss_mask: 0.07686  loss_dice: 0.7577  loss_ce_0: 0.1483  loss_mask_0: 0.0606  loss_dice_0: 0.6724  loss_ce_1: 0.0208  loss_mask_1: 0.06543  loss_dice_1: 1.046  loss_ce_2: 0.1044  loss_mask_2: 0.06752  loss_dice_2: 0.6945  loss_ce_3: 0.01694  loss_mask_3: 0.07368  loss_dice_3: 0.9159  loss_ce_4: 0.01704  loss_mask_4: 0.06627  loss_dice_4: 0.9684  loss_ce_5: 0.07491  loss_mask_5: 0.07064  loss_dice_5: 0.6231  loss_ce_6: 0.0167  loss_mask_6: 0.07136  loss_dice_6: 0.9025  loss_ce_7: 0.06211  loss_mask_7: 0.06921  loss_dice_7: 0.5349  loss_ce_8: 0.0833  loss_mask_8: 0.07296  loss_dice_8: 0.6705    time: 0.8894  last_time: 0.8411  data_time: 0.1308  last_data_time: 0.1308   lr: 1.757e-06  max_mem: 13270M
[03/18 16:36:47 d2.utils.events]:  eta: 0:34:14  iter: 17619  total_loss: 13.21  loss_ce: 0.1289  loss_mask: 0.03704  loss_dice: 0.9167  loss_ce_0: 0.5667  loss_mask_0: 0.06122  loss_dice_0: 1.224  loss_ce_1: 0.296  loss_mask_1: 0.06982  loss_dice_1: 1.22  loss_ce_2: 0.2991  loss_mask_2: 0.04703  loss_dice_2: 1.238  loss_ce_3: 0.142  loss_mask_3: 0.05135  loss_dice_3: 1.222  loss_ce_4: 0.1893  loss_mask_4: 0.03674  loss_dice_4: 0.8421  loss_ce_5: 0.1435  loss_mask_5: 0.03861  loss_dice_5: 1.094  loss_ce_6: 0.1462  loss_mask_6: 0.04204  loss_dice_6: 0.9415  loss_ce_7: 0.1239  loss_mask_7: 0.03857  loss_dice_7: 1.034  loss_ce_8: 0.1333  loss_mask_8: 0.039  loss_dice_8: 0.8444    time: 0.8894  last_time: 1.0079  data_time: 0.2217  last_data_time: 0.2217   lr: 1.7282e-06  max_mem: 13270M
[03/18 16:37:05 d2.utils.events]:  eta: 0:33:58  iter: 17639  total_loss: 5.674  loss_ce: 0.02857  loss_mask: 0.03889  loss_dice: 0.3994  loss_ce_0: 0.1727  loss_mask_0: 0.06197  loss_dice_0: 0.4978  loss_ce_1: 0.03887  loss_mask_1: 0.04154  loss_dice_1: 0.4731  loss_ce_2: 0.02446  loss_mask_2: 0.03974  loss_dice_2: 0.3928  loss_ce_3: 0.0736  loss_mask_3: 0.04293  loss_dice_3: 0.7264  loss_ce_4: 0.02832  loss_mask_4: 0.04734  loss_dice_4: 0.5375  loss_ce_5: 0.02772  loss_mask_5: 0.04202  loss_dice_5: 0.5099  loss_ce_6: 0.02768  loss_mask_6: 0.0385  loss_dice_6: 0.4795  loss_ce_7: 0.03131  loss_mask_7: 0.03985  loss_dice_7: 0.3634  loss_ce_8: 0.02991  loss_mask_8: 0.03728  loss_dice_8: 0.3813    time: 0.8894  last_time: 0.9047  data_time: 0.1966  last_data_time: 0.1966   lr: 1.6996e-06  max_mem: 13270M
[03/18 16:37:23 d2.utils.events]:  eta: 0:33:40  iter: 17659  total_loss: 20.38  loss_ce: 0.0469  loss_mask: 0.1388  loss_dice: 1.962  loss_ce_0: 0.4921  loss_mask_0: 0.1666  loss_dice_0: 1.848  loss_ce_1: 0.06078  loss_mask_1: 0.1242  loss_dice_1: 2.148  loss_ce_2: 0.1053  loss_mask_2: 0.1453  loss_dice_2: 1.885  loss_ce_3: 0.06614  loss_mask_3: 0.1287  loss_dice_3: 1.841  loss_ce_4: 0.03424  loss_mask_4: 0.1017  loss_dice_4: 1.699  loss_ce_5: 0.03939  loss_mask_5: 0.1196  loss_dice_5: 1.868  loss_ce_6: 0.03732  loss_mask_6: 0.1115  loss_dice_6: 1.316  loss_ce_7: 0.04516  loss_mask_7: 0.134  loss_dice_7: 1.737  loss_ce_8: 0.04553  loss_mask_8: 0.1313  loss_dice_8: 1.798    time: 0.8894  last_time: 0.9189  data_time: 0.2055  last_data_time: 0.2055   lr: 1.6713e-06  max_mem: 13270M
[03/18 16:37:41 d2.utils.events]:  eta: 0:33:22  iter: 17679  total_loss: 10.5  loss_ce: 0.153  loss_mask: 0.02548  loss_dice: 0.8182  loss_ce_0: 0.3862  loss_mask_0: 0.0427  loss_dice_0: 0.878  loss_ce_1: 0.1441  loss_mask_1: 0.0276  loss_dice_1: 0.9085  loss_ce_2: 0.1392  loss_mask_2: 0.02914  loss_dice_2: 0.9116  loss_ce_3: 0.1322  loss_mask_3: 0.03308  loss_dice_3: 0.8514  loss_ce_4: 0.1103  loss_mask_4: 0.02641  loss_dice_4: 0.8524  loss_ce_5: 0.1251  loss_mask_5: 0.02345  loss_dice_5: 0.7599  loss_ce_6: 0.1169  loss_mask_6: 0.03027  loss_dice_6: 0.9267  loss_ce_7: 0.09378  loss_mask_7: 0.03638  loss_dice_7: 0.9563  loss_ce_8: 0.1306  loss_mask_8: 0.02886  loss_dice_8: 0.7976    time: 0.8894  last_time: 0.9160  data_time: 0.1798  last_data_time: 0.1798   lr: 1.6432e-06  max_mem: 13270M
[03/18 16:38:00 d2.utils.events]:  eta: 0:33:05  iter: 17699  total_loss: 18.19  loss_ce: 0.1533  loss_mask: 0.09503  loss_dice: 1.37  loss_ce_0: 0.4668  loss_mask_0: 0.2064  loss_dice_0: 1.756  loss_ce_1: 0.1327  loss_mask_1: 0.1096  loss_dice_1: 1.705  loss_ce_2: 0.1449  loss_mask_2: 0.1185  loss_dice_2: 1.605  loss_ce_3: 0.1385  loss_mask_3: 0.1155  loss_dice_3: 1.649  loss_ce_4: 0.2097  loss_mask_4: 0.1061  loss_dice_4: 1.491  loss_ce_5: 0.1453  loss_mask_5: 0.09704  loss_dice_5: 1.354  loss_ce_6: 0.174  loss_mask_6: 0.08713  loss_dice_6: 1.344  loss_ce_7: 0.1534  loss_mask_7: 0.09066  loss_dice_7: 1.448  loss_ce_8: 0.1566  loss_mask_8: 0.1061  loss_dice_8: 1.46    time: 0.8894  last_time: 0.8914  data_time: 0.1716  last_data_time: 0.1716   lr: 1.6153e-06  max_mem: 13270M
[03/18 16:38:18 d2.utils.events]:  eta: 0:32:48  iter: 17719  total_loss: 11.64  loss_ce: 0.01928  loss_mask: 0.07059  loss_dice: 1.066  loss_ce_0: 0.1838  loss_mask_0: 0.07537  loss_dice_0: 1.105  loss_ce_1: 0.0441  loss_mask_1: 0.06105  loss_dice_1: 1.021  loss_ce_2: 0.04233  loss_mask_2: 0.05486  loss_dice_2: 1.005  loss_ce_3: 0.01725  loss_mask_3: 0.06505  loss_dice_3: 1.011  loss_ce_4: 0.01687  loss_mask_4: 0.06611  loss_dice_4: 1.025  loss_ce_5: 0.01826  loss_mask_5: 0.06402  loss_dice_5: 1.124  loss_ce_6: 0.02037  loss_mask_6: 0.0635  loss_dice_6: 1.026  loss_ce_7: 0.02157  loss_mask_7: 0.07131  loss_dice_7: 1.139  loss_ce_8: 0.01924  loss_mask_8: 0.07072  loss_dice_8: 1.053    time: 0.8895  last_time: 1.1596  data_time: 0.1312  last_data_time: 0.1312   lr: 1.5876e-06  max_mem: 13270M
[03/18 16:38:36 d2.utils.events]:  eta: 0:32:31  iter: 17739  total_loss: 5.282  loss_ce: 0.01248  loss_mask: 0.02827  loss_dice: 0.4347  loss_ce_0: 0.1026  loss_mask_0: 0.03842  loss_dice_0: 0.511  loss_ce_1: 0.01476  loss_mask_1: 0.02877  loss_dice_1: 0.4744  loss_ce_2: 0.01462  loss_mask_2: 0.03679  loss_dice_2: 0.5019  loss_ce_3: 0.0178  loss_mask_3: 0.03209  loss_dice_3: 0.5178  loss_ce_4: 0.01321  loss_mask_4: 0.03095  loss_dice_4: 0.4319  loss_ce_5: 0.01329  loss_mask_5: 0.02852  loss_dice_5: 0.4945  loss_ce_6: 0.01161  loss_mask_6: 0.03842  loss_dice_6: 0.4995  loss_ce_7: 0.01201  loss_mask_7: 0.0293  loss_dice_7: 0.3832  loss_ce_8: 0.01267  loss_mask_8: 0.03181  loss_dice_8: 0.4848    time: 0.8895  last_time: 0.9344  data_time: 0.2358  last_data_time: 0.2358   lr: 1.5602e-06  max_mem: 13270M
[03/18 16:38:53 d2.utils.events]:  eta: 0:32:13  iter: 17759  total_loss: 7.395  loss_ce: 0.03308  loss_mask: 0.03654  loss_dice: 0.6254  loss_ce_0: 0.2593  loss_mask_0: 0.04555  loss_dice_0: 0.6999  loss_ce_1: 0.1076  loss_mask_1: 0.03519  loss_dice_1: 0.6238  loss_ce_2: 0.1181  loss_mask_2: 0.03456  loss_dice_2: 0.5974  loss_ce_3: 0.1023  loss_mask_3: 0.03294  loss_dice_3: 0.522  loss_ce_4: 0.03555  loss_mask_4: 0.0374  loss_dice_4: 0.5694  loss_ce_5: 0.08743  loss_mask_5: 0.03456  loss_dice_5: 0.6434  loss_ce_6: 0.033  loss_mask_6: 0.03598  loss_dice_6: 0.6317  loss_ce_7: 0.07911  loss_mask_7: 0.03081  loss_dice_7: 0.6237  loss_ce_8: 0.09083  loss_mask_8: 0.03238  loss_dice_8: 0.5564    time: 0.8894  last_time: 0.8144  data_time: 0.0925  last_data_time: 0.0925   lr: 1.533e-06  max_mem: 13270M
[03/18 16:39:11 d2.utils.events]:  eta: 0:31:54  iter: 17779  total_loss: 10.64  loss_ce: 0.09719  loss_mask: 0.045  loss_dice: 0.7237  loss_ce_0: 0.1726  loss_mask_0: 0.0659  loss_dice_0: 1.109  loss_ce_1: 0.1235  loss_mask_1: 0.04725  loss_dice_1: 0.712  loss_ce_2: 0.1184  loss_mask_2: 0.05413  loss_dice_2: 0.9124  loss_ce_3: 0.1104  loss_mask_3: 0.05064  loss_dice_3: 1.023  loss_ce_4: 0.1004  loss_mask_4: 0.05278  loss_dice_4: 0.8617  loss_ce_5: 0.1038  loss_mask_5: 0.04917  loss_dice_5: 0.9622  loss_ce_6: 0.09649  loss_mask_6: 0.05498  loss_dice_6: 1.059  loss_ce_7: 0.09083  loss_mask_7: 0.05086  loss_dice_7: 0.8091  loss_ce_8: 0.1028  loss_mask_8: 0.05571  loss_dice_8: 0.8269    time: 0.8894  last_time: 0.8960  data_time: 0.1729  last_data_time: 0.1729   lr: 1.506e-06  max_mem: 13270M
[03/18 16:39:29 d2.utils.events]:  eta: 0:31:38  iter: 17799  total_loss: 9.021  loss_ce: 0.0662  loss_mask: 0.03027  loss_dice: 0.9144  loss_ce_0: 0.2941  loss_mask_0: 0.02444  loss_dice_0: 0.6588  loss_ce_1: 0.1508  loss_mask_1: 0.02407  loss_dice_1: 0.7215  loss_ce_2: 0.1202  loss_mask_2: 0.02468  loss_dice_2: 0.5495  loss_ce_3: 0.1267  loss_mask_3: 0.0301  loss_dice_3: 1.143  loss_ce_4: 0.1019  loss_mask_4: 0.02387  loss_dice_4: 0.7069  loss_ce_5: 0.06705  loss_mask_5: 0.02543  loss_dice_5: 0.7875  loss_ce_6: 0.06283  loss_mask_6: 0.02171  loss_dice_6: 0.7495  loss_ce_7: 0.06405  loss_mask_7: 0.02321  loss_dice_7: 0.7025  loss_ce_8: 0.1032  loss_mask_8: 0.02127  loss_dice_8: 0.6819    time: 0.8894  last_time: 0.8965  data_time: 0.1800  last_data_time: 0.1800   lr: 1.4793e-06  max_mem: 13270M
[03/18 16:39:47 d2.utils.events]:  eta: 0:31:20  iter: 17819  total_loss: 6.942  loss_ce: 0.007345  loss_mask: 0.03089  loss_dice: 0.6104  loss_ce_0: 0.1026  loss_mask_0: 0.03349  loss_dice_0: 0.7111  loss_ce_1: 0.01297  loss_mask_1: 0.0371  loss_dice_1: 0.6685  loss_ce_2: 0.01246  loss_mask_2: 0.03457  loss_dice_2: 0.6386  loss_ce_3: 0.008586  loss_mask_3: 0.03145  loss_dice_3: 0.6287  loss_ce_4: 0.007666  loss_mask_4: 0.03109  loss_dice_4: 0.5857  loss_ce_5: 0.007882  loss_mask_5: 0.04012  loss_dice_5: 0.6862  loss_ce_6: 0.007518  loss_mask_6: 0.0326  loss_dice_6: 0.6509  loss_ce_7: 0.006912  loss_mask_7: 0.03544  loss_dice_7: 0.6761  loss_ce_8: 0.006886  loss_mask_8: 0.03133  loss_dice_8: 0.5666    time: 0.8894  last_time: 0.8617  data_time: 0.1578  last_data_time: 0.1578   lr: 1.4528e-06  max_mem: 13270M
[03/18 16:40:05 d2.utils.events]:  eta: 0:31:04  iter: 17839  total_loss: 9.558  loss_ce: 0.01338  loss_mask: 0.0513  loss_dice: 0.889  loss_ce_0: 0.1557  loss_mask_0: 0.06842  loss_dice_0: 0.8913  loss_ce_1: 0.09481  loss_mask_1: 0.05138  loss_dice_1: 0.8341  loss_ce_2: 0.01945  loss_mask_2: 0.05889  loss_dice_2: 0.846  loss_ce_3: 0.01613  loss_mask_3: 0.05012  loss_dice_3: 0.7898  loss_ce_4: 0.01425  loss_mask_4: 0.04488  loss_dice_4: 0.7896  loss_ce_5: 0.01287  loss_mask_5: 0.055  loss_dice_5: 0.8525  loss_ce_6: 0.01332  loss_mask_6: 0.05621  loss_dice_6: 0.965  loss_ce_7: 0.01149  loss_mask_7: 0.05847  loss_dice_7: 0.9416  loss_ce_8: 0.01361  loss_mask_8: 0.05126  loss_dice_8: 0.8485    time: 0.8894  last_time: 1.1933  data_time: 0.4770  last_data_time: 0.4770   lr: 1.4265e-06  max_mem: 13270M
[03/18 16:40:23 d2.utils.events]:  eta: 0:30:47  iter: 17859  total_loss: 13.13  loss_ce: 0.06475  loss_mask: 0.05763  loss_dice: 1.07  loss_ce_0: 0.5973  loss_mask_0: 0.06297  loss_dice_0: 1.286  loss_ce_1: 0.1133  loss_mask_1: 0.06501  loss_dice_1: 1.162  loss_ce_2: 0.1692  loss_mask_2: 0.05118  loss_dice_2: 1.029  loss_ce_3: 0.05519  loss_mask_3: 0.05347  loss_dice_3: 1.097  loss_ce_4: 0.1246  loss_mask_4: 0.05143  loss_dice_4: 0.9868  loss_ce_5: 0.05653  loss_mask_5: 0.05356  loss_dice_5: 1.134  loss_ce_6: 0.06563  loss_mask_6: 0.06315  loss_dice_6: 1.229  loss_ce_7: 0.06552  loss_mask_7: 0.05625  loss_dice_7: 1.058  loss_ce_8: 0.04127  loss_mask_8: 0.06052  loss_dice_8: 1.15    time: 0.8894  last_time: 0.8968  data_time: 0.1680  last_data_time: 0.1680   lr: 1.4005e-06  max_mem: 13270M
[03/18 16:40:41 d2.utils.events]:  eta: 0:30:29  iter: 17879  total_loss: 12.68  loss_ce: 0.09357  loss_mask: 0.09961  loss_dice: 0.9983  loss_ce_0: 0.157  loss_mask_0: 0.09527  loss_dice_0: 1.254  loss_ce_1: 0.0732  loss_mask_1: 0.1142  loss_dice_1: 1.067  loss_ce_2: 0.09392  loss_mask_2: 0.09682  loss_dice_2: 0.988  loss_ce_3: 0.09548  loss_mask_3: 0.1122  loss_dice_3: 1.082  loss_ce_4: 0.09  loss_mask_4: 0.1159  loss_dice_4: 1.141  loss_ce_5: 0.08922  loss_mask_5: 0.1103  loss_dice_5: 1.076  loss_ce_6: 0.0797  loss_mask_6: 0.1183  loss_dice_6: 1.013  loss_ce_7: 0.08015  loss_mask_7: 0.117  loss_dice_7: 1.05  loss_ce_8: 0.09673  loss_mask_8: 0.1101  loss_dice_8: 0.9693    time: 0.8894  last_time: 0.8281  data_time: 0.1108  last_data_time: 0.1108   lr: 1.3747e-06  max_mem: 13270M
[03/18 16:40:59 d2.utils.events]:  eta: 0:30:11  iter: 17899  total_loss: 13.78  loss_ce: 0.02537  loss_mask: 0.0598  loss_dice: 1.286  loss_ce_0: 0.3945  loss_mask_0: 0.05639  loss_dice_0: 1.384  loss_ce_1: 0.04137  loss_mask_1: 0.06333  loss_dice_1: 1.331  loss_ce_2: 0.09651  loss_mask_2: 0.04861  loss_dice_2: 1.224  loss_ce_3: 0.08963  loss_mask_3: 0.04522  loss_dice_3: 1.008  loss_ce_4: 0.1086  loss_mask_4: 0.05167  loss_dice_4: 1.071  loss_ce_5: 0.0609  loss_mask_5: 0.05725  loss_dice_5: 1.218  loss_ce_6: 0.03715  loss_mask_6: 0.06084  loss_dice_6: 1.248  loss_ce_7: 0.06596  loss_mask_7: 0.05572  loss_dice_7: 1.278  loss_ce_8: 0.0327  loss_mask_8: 0.0642  loss_dice_8: 1.219    time: 0.8894  last_time: 0.7895  data_time: 0.0685  last_data_time: 0.0685   lr: 1.3491e-06  max_mem: 13270M
[03/18 16:41:16 d2.utils.events]:  eta: 0:29:50  iter: 17919  total_loss: 10.74  loss_ce: 0.004478  loss_mask: 0.06211  loss_dice: 0.918  loss_ce_0: 0.1435  loss_mask_0: 0.07542  loss_dice_0: 1.11  loss_ce_1: 0.01009  loss_mask_1: 0.05539  loss_dice_1: 0.899  loss_ce_2: 0.005677  loss_mask_2: 0.0616  loss_dice_2: 0.8417  loss_ce_3: 0.003566  loss_mask_3: 0.05392  loss_dice_3: 0.9959  loss_ce_4: 0.0225  loss_mask_4: 0.07265  loss_dice_4: 1.331  loss_ce_5: 0.003994  loss_mask_5: 0.06054  loss_dice_5: 0.8903  loss_ce_6: 0.02071  loss_mask_6: 0.04779  loss_dice_6: 1.255  loss_ce_7: 0.0041  loss_mask_7: 0.06048  loss_dice_7: 0.9955  loss_ce_8: 0.003982  loss_mask_8: 0.05433  loss_dice_8: 0.6775    time: 0.8893  last_time: 0.8107  data_time: 0.1026  last_data_time: 0.1026   lr: 1.3238e-06  max_mem: 13270M
[03/18 16:41:34 d2.utils.events]:  eta: 0:29:33  iter: 17939  total_loss: 11.16  loss_ce: 0.1155  loss_mask: 0.04429  loss_dice: 0.8556  loss_ce_0: 0.1258  loss_mask_0: 0.04377  loss_dice_0: 1.168  loss_ce_1: 0.04191  loss_mask_1: 0.0379  loss_dice_1: 1.019  loss_ce_2: 0.03507  loss_mask_2: 0.04805  loss_dice_2: 0.9591  loss_ce_3: 0.03398  loss_mask_3: 0.04694  loss_dice_3: 1.051  loss_ce_4: 0.09577  loss_mask_4: 0.03799  loss_dice_4: 0.7536  loss_ce_5: 0.02964  loss_mask_5: 0.0343  loss_dice_5: 1.087  loss_ce_6: 0.03388  loss_mask_6: 0.03042  loss_dice_6: 1.076  loss_ce_7: 0.1117  loss_mask_7: 0.0451  loss_dice_7: 0.9447  loss_ce_8: 0.03114  loss_mask_8: 0.04386  loss_dice_8: 1.181    time: 0.8893  last_time: 0.8779  data_time: 0.1668  last_data_time: 0.1668   lr: 1.2987e-06  max_mem: 13270M
[03/18 16:41:52 d2.utils.events]:  eta: 0:29:15  iter: 17959  total_loss: 10.41  loss_ce: 0.04013  loss_mask: 0.03285  loss_dice: 0.8389  loss_ce_0: 0.4024  loss_mask_0: 0.04384  loss_dice_0: 1.007  loss_ce_1: 0.08755  loss_mask_1: 0.04283  loss_dice_1: 0.9999  loss_ce_2: 0.04067  loss_mask_2: 0.03663  loss_dice_2: 0.9187  loss_ce_3: 0.1097  loss_mask_3: 0.03617  loss_dice_3: 0.816  loss_ce_4: 0.03044  loss_mask_4: 0.03345  loss_dice_4: 0.9331  loss_ce_5: 0.03102  loss_mask_5: 0.03581  loss_dice_5: 0.8309  loss_ce_6: 0.03  loss_mask_6: 0.03582  loss_dice_6: 0.886  loss_ce_7: 0.0408  loss_mask_7: 0.0405  loss_dice_7: 1.025  loss_ce_8: 0.03823  loss_mask_8: 0.0341  loss_dice_8: 0.932    time: 0.8893  last_time: 0.7924  data_time: 0.0808  last_data_time: 0.0808   lr: 1.2738e-06  max_mem: 13270M
[03/18 16:42:10 d2.utils.events]:  eta: 0:28:58  iter: 17979  total_loss: 5.34  loss_ce: 0.007057  loss_mask: 0.06098  loss_dice: 0.4394  loss_ce_0: 0.127  loss_mask_0: 0.09142  loss_dice_0: 0.474  loss_ce_1: 0.009679  loss_mask_1: 0.07447  loss_dice_1: 0.4208  loss_ce_2: 0.006595  loss_mask_2: 0.07577  loss_dice_2: 0.4449  loss_ce_3: 0.007699  loss_mask_3: 0.06496  loss_dice_3: 0.4229  loss_ce_4: 0.007873  loss_mask_4: 0.07092  loss_dice_4: 0.4746  loss_ce_5: 0.006129  loss_mask_5: 0.06765  loss_dice_5: 0.4334  loss_ce_6: 0.006532  loss_mask_6: 0.06562  loss_dice_6: 0.3889  loss_ce_7: 0.006767  loss_mask_7: 0.06839  loss_dice_7: 0.4583  loss_ce_8: 0.006778  loss_mask_8: 0.06475  loss_dice_8: 0.4854    time: 0.8893  last_time: 0.8903  data_time: 0.1846  last_data_time: 0.1846   lr: 1.2492e-06  max_mem: 13270M
[03/18 16:42:29 d2.utils.events]:  eta: 0:28:41  iter: 17999  total_loss: 6.366  loss_ce: 0.02951  loss_mask: 0.03628  loss_dice: 0.5332  loss_ce_0: 0.1172  loss_mask_0: 0.04602  loss_dice_0: 0.7711  loss_ce_1: 0.03742  loss_mask_1: 0.03792  loss_dice_1: 0.617  loss_ce_2: 0.06027  loss_mask_2: 0.0386  loss_dice_2: 0.5746  loss_ce_3: 0.03656  loss_mask_3: 0.0425  loss_dice_3: 0.7022  loss_ce_4: 0.03517  loss_mask_4: 0.03435  loss_dice_4: 0.3398  loss_ce_5: 0.02967  loss_mask_5: 0.03572  loss_dice_5: 0.506  loss_ce_6: 0.07995  loss_mask_6: 0.03313  loss_dice_6: 0.3907  loss_ce_7: 0.02772  loss_mask_7: 0.03647  loss_dice_7: 0.5116  loss_ce_8: 0.0316  loss_mask_8: 0.03443  loss_dice_8: 0.5593    time: 0.8894  last_time: 0.9865  data_time: 0.2616  last_data_time: 0.2616   lr: 1.2248e-06  max_mem: 13270M
[03/18 16:42:47 d2.utils.events]:  eta: 0:28:24  iter: 18019  total_loss: 10.35  loss_ce: 0.029  loss_mask: 0.03593  loss_dice: 1.026  loss_ce_0: 0.1998  loss_mask_0: 0.04178  loss_dice_0: 1.127  loss_ce_1: 0.05085  loss_mask_1: 0.03558  loss_dice_1: 0.8304  loss_ce_2: 0.03392  loss_mask_2: 0.0408  loss_dice_2: 1.004  loss_ce_3: 0.03392  loss_mask_3: 0.03404  loss_dice_3: 0.9509  loss_ce_4: 0.03173  loss_mask_4: 0.03914  loss_dice_4: 0.9754  loss_ce_5: 0.03049  loss_mask_5: 0.03717  loss_dice_5: 0.9045  loss_ce_6: 0.02903  loss_mask_6: 0.03367  loss_dice_6: 0.8216  loss_ce_7: 0.02771  loss_mask_7: 0.03753  loss_dice_7: 0.9822  loss_ce_8: 0.02783  loss_mask_8: 0.03453  loss_dice_8: 0.8647    time: 0.8894  last_time: 0.8497  data_time: 0.1393  last_data_time: 0.1393   lr: 1.2006e-06  max_mem: 13270M
[03/18 16:43:05 d2.utils.events]:  eta: 0:28:06  iter: 18039  total_loss: 9.444  loss_ce: 0.04322  loss_mask: 0.06014  loss_dice: 0.8249  loss_ce_0: 0.1758  loss_mask_0: 0.07167  loss_dice_0: 0.8888  loss_ce_1: 0.05832  loss_mask_1: 0.06799  loss_dice_1: 0.9594  loss_ce_2: 0.03954  loss_mask_2: 0.05736  loss_dice_2: 0.852  loss_ce_3: 0.0435  loss_mask_3: 0.05376  loss_dice_3: 0.7638  loss_ce_4: 0.03921  loss_mask_4: 0.05204  loss_dice_4: 0.8248  loss_ce_5: 0.03836  loss_mask_5: 0.05057  loss_dice_5: 0.7441  loss_ce_6: 0.03582  loss_mask_6: 0.05797  loss_dice_6: 0.795  loss_ce_7: 0.03727  loss_mask_7: 0.05847  loss_dice_7: 0.8107  loss_ce_8: 0.04223  loss_mask_8: 0.05663  loss_dice_8: 0.8404    time: 0.8894  last_time: 0.9700  data_time: 0.2412  last_data_time: 0.2412   lr: 1.1767e-06  max_mem: 13270M
[03/18 16:43:23 d2.utils.events]:  eta: 0:27:49  iter: 18059  total_loss: 9.091  loss_ce: 0.02106  loss_mask: 0.04287  loss_dice: 0.8082  loss_ce_0: 0.2906  loss_mask_0: 0.07187  loss_dice_0: 0.933  loss_ce_1: 0.08763  loss_mask_1: 0.03883  loss_dice_1: 0.7973  loss_ce_2: 0.02518  loss_mask_2: 0.03602  loss_dice_2: 0.7272  loss_ce_3: 0.0279  loss_mask_3: 0.04011  loss_dice_3: 0.9176  loss_ce_4: 0.02163  loss_mask_4: 0.0397  loss_dice_4: 0.7483  loss_ce_5: 0.02132  loss_mask_5: 0.03558  loss_dice_5: 0.6903  loss_ce_6: 0.03413  loss_mask_6: 0.04208  loss_dice_6: 0.9525  loss_ce_7: 0.02174  loss_mask_7: 0.03607  loss_dice_7: 0.7218  loss_ce_8: 0.02057  loss_mask_8: 0.0393  loss_dice_8: 0.8007    time: 0.8894  last_time: 0.9504  data_time: 0.2240  last_data_time: 0.2240   lr: 1.153e-06  max_mem: 13270M
[03/18 16:43:41 d2.utils.events]:  eta: 0:27:33  iter: 18079  total_loss: 6.955  loss_ce: 0.02073  loss_mask: 0.02197  loss_dice: 0.5193  loss_ce_0: 0.3175  loss_mask_0: 0.03524  loss_dice_0: 0.9841  loss_ce_1: 0.02668  loss_mask_1: 0.02269  loss_dice_1: 0.6078  loss_ce_2: 0.02587  loss_mask_2: 0.02222  loss_dice_2: 0.559  loss_ce_3: 0.0332  loss_mask_3: 0.02231  loss_dice_3: 0.5641  loss_ce_4: 0.03315  loss_mask_4: 0.02548  loss_dice_4: 0.6189  loss_ce_5: 0.02653  loss_mask_5: 0.02487  loss_dice_5: 0.6244  loss_ce_6: 0.02201  loss_mask_6: 0.02363  loss_dice_6: 0.5584  loss_ce_7: 0.02133  loss_mask_7: 0.02329  loss_dice_7: 0.5835  loss_ce_8: 0.02128  loss_mask_8: 0.02162  loss_dice_8: 0.5442    time: 0.8894  last_time: 0.8689  data_time: 0.1448  last_data_time: 0.1448   lr: 1.1296e-06  max_mem: 13270M
[03/18 16:43:59 d2.utils.events]:  eta: 0:27:18  iter: 18099  total_loss: 8.649  loss_ce: 0.02175  loss_mask: 0.0706  loss_dice: 0.754  loss_ce_0: 0.1262  loss_mask_0: 0.0646  loss_dice_0: 0.7272  loss_ce_1: 0.02293  loss_mask_1: 0.05293  loss_dice_1: 0.8392  loss_ce_2: 0.02875  loss_mask_2: 0.08539  loss_dice_2: 0.852  loss_ce_3: 0.02826  loss_mask_3: 0.08074  loss_dice_3: 0.7011  loss_ce_4: 0.02097  loss_mask_4: 0.06641  loss_dice_4: 0.8732  loss_ce_5: 0.02326  loss_mask_5: 0.06282  loss_dice_5: 0.7122  loss_ce_6: 0.02313  loss_mask_6: 0.05855  loss_dice_6: 0.7027  loss_ce_7: 0.02261  loss_mask_7: 0.0662  loss_dice_7: 0.7027  loss_ce_8: 0.02397  loss_mask_8: 0.06296  loss_dice_8: 0.7715    time: 0.8894  last_time: 0.8706  data_time: 0.1509  last_data_time: 0.1509   lr: 1.1063e-06  max_mem: 13270M
[03/18 16:44:17 d2.utils.events]:  eta: 0:27:00  iter: 18119  total_loss: 7.608  loss_ce: 0.01694  loss_mask: 0.04245  loss_dice: 0.7119  loss_ce_0: 0.102  loss_mask_0: 0.06594  loss_dice_0: 0.7067  loss_ce_1: 0.01635  loss_mask_1: 0.04239  loss_dice_1: 0.6534  loss_ce_2: 0.0211  loss_mask_2: 0.04961  loss_dice_2: 0.7042  loss_ce_3: 0.01769  loss_mask_3: 0.03607  loss_dice_3: 0.6091  loss_ce_4: 0.01663  loss_mask_4: 0.03702  loss_dice_4: 0.6783  loss_ce_5: 0.01514  loss_mask_5: 0.04089  loss_dice_5: 0.7453  loss_ce_6: 0.01675  loss_mask_6: 0.0403  loss_dice_6: 0.7817  loss_ce_7: 0.0157  loss_mask_7: 0.04414  loss_dice_7: 0.6473  loss_ce_8: 0.01637  loss_mask_8: 0.04201  loss_dice_8: 0.6745    time: 0.8894  last_time: 0.9369  data_time: 0.2229  last_data_time: 0.2229   lr: 1.0833e-06  max_mem: 13270M
[03/18 16:44:35 d2.utils.events]:  eta: 0:26:44  iter: 18139  total_loss: 6.404  loss_ce: 0.01276  loss_mask: 0.0421  loss_dice: 0.4834  loss_ce_0: 0.1035  loss_mask_0: 0.0531  loss_dice_0: 0.6439  loss_ce_1: 0.02095  loss_mask_1: 0.04569  loss_dice_1: 0.5873  loss_ce_2: 0.02721  loss_mask_2: 0.04157  loss_dice_2: 0.5734  loss_ce_3: 0.01632  loss_mask_3: 0.05  loss_dice_3: 0.5911  loss_ce_4: 0.01401  loss_mask_4: 0.0478  loss_dice_4: 0.6119  loss_ce_5: 0.01408  loss_mask_5: 0.0442  loss_dice_5: 0.5039  loss_ce_6: 0.01374  loss_mask_6: 0.05506  loss_dice_6: 0.6158  loss_ce_7: 0.01268  loss_mask_7: 0.04459  loss_dice_7: 0.5647  loss_ce_8: 0.012  loss_mask_8: 0.04252  loss_dice_8: 0.5149    time: 0.8894  last_time: 0.8276  data_time: 0.1206  last_data_time: 0.1206   lr: 1.0606e-06  max_mem: 13270M
[03/18 16:44:52 d2.utils.events]:  eta: 0:26:26  iter: 18159  total_loss: 7.965  loss_ce: 0.02063  loss_mask: 0.04597  loss_dice: 0.7219  loss_ce_0: 0.3107  loss_mask_0: 0.05351  loss_dice_0: 0.6894  loss_ce_1: 0.05004  loss_mask_1: 0.04281  loss_dice_1: 0.6761  loss_ce_2: 0.02405  loss_mask_2: 0.04359  loss_dice_2: 0.6496  loss_ce_3: 0.01858  loss_mask_3: 0.04197  loss_dice_3: 0.722  loss_ce_4: 0.01713  loss_mask_4: 0.0457  loss_dice_4: 0.758  loss_ce_5: 0.02039  loss_mask_5: 0.04557  loss_dice_5: 0.706  loss_ce_6: 0.02022  loss_mask_6: 0.04427  loss_dice_6: 0.6937  loss_ce_7: 0.019  loss_mask_7: 0.04426  loss_dice_7: 0.7476  loss_ce_8: 0.01941  loss_mask_8: 0.04434  loss_dice_8: 0.629    time: 0.8893  last_time: 0.7998  data_time: 0.0797  last_data_time: 0.0797   lr: 1.0381e-06  max_mem: 13270M
[03/18 16:45:10 d2.utils.events]:  eta: 0:26:08  iter: 18179  total_loss: 10.92  loss_ce: 0.05416  loss_mask: 0.06247  loss_dice: 0.817  loss_ce_0: 0.2063  loss_mask_0: 0.07224  loss_dice_0: 1.053  loss_ce_1: 0.1062  loss_mask_1: 0.069  loss_dice_1: 0.9368  loss_ce_2: 0.06975  loss_mask_2: 0.06858  loss_dice_2: 0.8909  loss_ce_3: 0.06196  loss_mask_3: 0.07246  loss_dice_3: 0.9761  loss_ce_4: 0.09168  loss_mask_4: 0.06791  loss_dice_4: 0.8493  loss_ce_5: 0.1017  loss_mask_5: 0.05891  loss_dice_5: 0.8956  loss_ce_6: 0.05051  loss_mask_6: 0.07574  loss_dice_6: 1.175  loss_ce_7: 0.06002  loss_mask_7: 0.06847  loss_dice_7: 0.84  loss_ce_8: 0.0534  loss_mask_8: 0.07002  loss_dice_8: 0.949    time: 0.8893  last_time: 0.8361  data_time: 0.1212  last_data_time: 0.1212   lr: 1.0158e-06  max_mem: 13270M
[03/18 16:45:28 d2.utils.events]:  eta: 0:25:50  iter: 18199  total_loss: 9.827  loss_ce: 0.1235  loss_mask: 0.02999  loss_dice: 0.8582  loss_ce_0: 0.5155  loss_mask_0: 0.04427  loss_dice_0: 0.8521  loss_ce_1: 0.1672  loss_mask_1: 0.04964  loss_dice_1: 0.994  loss_ce_2: 0.1149  loss_mask_2: 0.03574  loss_dice_2: 0.7751  loss_ce_3: 0.05458  loss_mask_3: 0.03759  loss_dice_3: 0.7646  loss_ce_4: 0.04488  loss_mask_4: 0.0313  loss_dice_4: 0.8171  loss_ce_5: 0.05124  loss_mask_5: 0.03547  loss_dice_5: 0.7891  loss_ce_6: 0.04411  loss_mask_6: 0.03588  loss_dice_6: 0.7561  loss_ce_7: 0.0482  loss_mask_7: 0.03531  loss_dice_7: 0.8286  loss_ce_8: 0.0547  loss_mask_8: 0.03455  loss_dice_8: 0.8031    time: 0.8893  last_time: 0.8852  data_time: 0.1310  last_data_time: 0.1310   lr: 9.9375e-07  max_mem: 13270M
[03/18 16:45:46 d2.utils.events]:  eta: 0:25:35  iter: 18219  total_loss: 7.999  loss_ce: 0.02481  loss_mask: 0.03  loss_dice: 0.7645  loss_ce_0: 0.1436  loss_mask_0: 0.03451  loss_dice_0: 0.6969  loss_ce_1: 0.04592  loss_mask_1: 0.03864  loss_dice_1: 0.8292  loss_ce_2: 0.03712  loss_mask_2: 0.02873  loss_dice_2: 0.6473  loss_ce_3: 0.1085  loss_mask_3: 0.03318  loss_dice_3: 0.8591  loss_ce_4: 0.02747  loss_mask_4: 0.02958  loss_dice_4: 0.5554  loss_ce_5: 0.04245  loss_mask_5: 0.02721  loss_dice_5: 0.8476  loss_ce_6: 0.02495  loss_mask_6: 0.02791  loss_dice_6: 0.6678  loss_ce_7: 0.02431  loss_mask_7: 0.0277  loss_dice_7: 0.7002  loss_ce_8: 0.02426  loss_mask_8: 0.02693  loss_dice_8: 0.6229    time: 0.8893  last_time: 0.8538  data_time: 0.1343  last_data_time: 0.1343   lr: 9.7195e-07  max_mem: 13270M
[03/18 16:46:04 d2.utils.events]:  eta: 0:25:18  iter: 18239  total_loss: 6.225  loss_ce: 0.01799  loss_mask: 0.0306  loss_dice: 0.4822  loss_ce_0: 0.2786  loss_mask_0: 0.03602  loss_dice_0: 0.5775  loss_ce_1: 0.02775  loss_mask_1: 0.03401  loss_dice_1: 0.5537  loss_ce_2: 0.01836  loss_mask_2: 0.03287  loss_dice_2: 0.4996  loss_ce_3: 0.02336  loss_mask_3: 0.0354  loss_dice_3: 0.516  loss_ce_4: 0.02015  loss_mask_4: 0.03378  loss_dice_4: 0.5737  loss_ce_5: 0.02016  loss_mask_5: 0.03258  loss_dice_5: 0.523  loss_ce_6: 0.0221  loss_mask_6: 0.03572  loss_dice_6: 0.5542  loss_ce_7: 0.02337  loss_mask_7: 0.03478  loss_dice_7: 0.5519  loss_ce_8: 0.01973  loss_mask_8: 0.03785  loss_dice_8: 0.5777    time: 0.8893  last_time: 0.9215  data_time: 0.2140  last_data_time: 0.2140   lr: 9.5038e-07  max_mem: 13270M
[03/18 16:46:22 d2.utils.events]:  eta: 0:24:59  iter: 18259  total_loss: 9.101  loss_ce: 0.0113  loss_mask: 0.03768  loss_dice: 0.8802  loss_ce_0: 0.1588  loss_mask_0: 0.04082  loss_dice_0: 0.9767  loss_ce_1: 0.01139  loss_mask_1: 0.03466  loss_dice_1: 0.8103  loss_ce_2: 0.01105  loss_mask_2: 0.02991  loss_dice_2: 0.7194  loss_ce_3: 0.009479  loss_mask_3: 0.02905  loss_dice_3: 0.7294  loss_ce_4: 0.01138  loss_mask_4: 0.03498  loss_dice_4: 0.7532  loss_ce_5: 0.01142  loss_mask_5: 0.0345  loss_dice_5: 0.9869  loss_ce_6: 0.009904  loss_mask_6: 0.0412  loss_dice_6: 0.89  loss_ce_7: 0.01094  loss_mask_7: 0.03264  loss_dice_7: 0.8886  loss_ce_8: 0.0113  loss_mask_8: 0.03446  loss_dice_8: 0.86    time: 0.8893  last_time: 0.8277  data_time: 0.1173  last_data_time: 0.1173   lr: 9.2905e-07  max_mem: 13270M
[03/18 16:46:39 d2.utils.events]:  eta: 0:24:42  iter: 18279  total_loss: 9.782  loss_ce: 0.07185  loss_mask: 0.04605  loss_dice: 0.8697  loss_ce_0: 0.1238  loss_mask_0: 0.06316  loss_dice_0: 1.124  loss_ce_1: 0.1063  loss_mask_1: 0.05513  loss_dice_1: 0.8241  loss_ce_2: 0.1104  loss_mask_2: 0.05048  loss_dice_2: 0.7514  loss_ce_3: 0.08795  loss_mask_3: 0.05705  loss_dice_3: 0.825  loss_ce_4: 0.09412  loss_mask_4: 0.05446  loss_dice_4: 0.9284  loss_ce_5: 0.09571  loss_mask_5: 0.04446  loss_dice_5: 0.7021  loss_ce_6: 0.07941  loss_mask_6: 0.05816  loss_dice_6: 0.7615  loss_ce_7: 0.07851  loss_mask_7: 0.04514  loss_dice_7: 0.7196  loss_ce_8: 0.09263  loss_mask_8: 0.05213  loss_dice_8: 0.809    time: 0.8892  last_time: 0.8111  data_time: 0.1027  last_data_time: 0.1027   lr: 9.0796e-07  max_mem: 13270M
[03/18 16:46:57 d2.utils.events]:  eta: 0:24:25  iter: 18299  total_loss: 7.552  loss_ce: 0.0177  loss_mask: 0.02691  loss_dice: 0.572  loss_ce_0: 0.1437  loss_mask_0: 0.04917  loss_dice_0: 0.8145  loss_ce_1: 0.01853  loss_mask_1: 0.03291  loss_dice_1: 0.6604  loss_ce_2: 0.01525  loss_mask_2: 0.02948  loss_dice_2: 0.6751  loss_ce_3: 0.01895  loss_mask_3: 0.03019  loss_dice_3: 0.6295  loss_ce_4: 0.01942  loss_mask_4: 0.02887  loss_dice_4: 0.7712  loss_ce_5: 0.01693  loss_mask_5: 0.03373  loss_dice_5: 0.6889  loss_ce_6: 0.01663  loss_mask_6: 0.03053  loss_dice_6: 0.668  loss_ce_7: 0.01722  loss_mask_7: 0.03431  loss_dice_7: 0.7987  loss_ce_8: 0.01735  loss_mask_8: 0.0281  loss_dice_8: 0.6473    time: 0.8892  last_time: 0.8436  data_time: 0.1345  last_data_time: 0.1345   lr: 8.871e-07  max_mem: 13270M
[03/18 16:47:14 d2.utils.events]:  eta: 0:24:08  iter: 18319  total_loss: 12.5  loss_ce: 0.1506  loss_mask: 0.03455  loss_dice: 1.021  loss_ce_0: 0.2623  loss_mask_0: 0.06195  loss_dice_0: 1.154  loss_ce_1: 0.1663  loss_mask_1: 0.04308  loss_dice_1: 1.152  loss_ce_2: 0.2024  loss_mask_2: 0.03725  loss_dice_2: 1.151  loss_ce_3: 0.1204  loss_mask_3: 0.04056  loss_dice_3: 1.154  loss_ce_4: 0.1227  loss_mask_4: 0.03677  loss_dice_4: 0.8008  loss_ce_5: 0.1911  loss_mask_5: 0.04253  loss_dice_5: 1.009  loss_ce_6: 0.1549  loss_mask_6: 0.03701  loss_dice_6: 1.101  loss_ce_7: 0.1198  loss_mask_7: 0.04114  loss_dice_7: 1.101  loss_ce_8: 0.1236  loss_mask_8: 0.03703  loss_dice_8: 0.8352    time: 0.8892  last_time: 0.9102  data_time: 0.2051  last_data_time: 0.2051   lr: 8.6648e-07  max_mem: 13270M
[03/18 16:47:33 d2.utils.events]:  eta: 0:23:50  iter: 18339  total_loss: 6.446  loss_ce: 0.01308  loss_mask: 0.03612  loss_dice: 0.5372  loss_ce_0: 0.4243  loss_mask_0: 0.04582  loss_dice_0: 0.5636  loss_ce_1: 0.06306  loss_mask_1: 0.03411  loss_dice_1: 0.5021  loss_ce_2: 0.02017  loss_mask_2: 0.04053  loss_dice_2: 0.6923  loss_ce_3: 0.01789  loss_mask_3: 0.03807  loss_dice_3: 0.5207  loss_ce_4: 0.01534  loss_mask_4: 0.03407  loss_dice_4: 0.4897  loss_ce_5: 0.0162  loss_mask_5: 0.03719  loss_dice_5: 0.5418  loss_ce_6: 0.01551  loss_mask_6: 0.03539  loss_dice_6: 0.5371  loss_ce_7: 0.01336  loss_mask_7: 0.03413  loss_dice_7: 0.5154  loss_ce_8: 0.01322  loss_mask_8: 0.03488  loss_dice_8: 0.5633    time: 0.8892  last_time: 0.8541  data_time: 0.1375  last_data_time: 0.1375   lr: 8.461e-07  max_mem: 13270M
[03/18 16:47:51 d2.utils.events]:  eta: 0:23:32  iter: 18359  total_loss: 9.709  loss_ce: 0.03525  loss_mask: 0.0343  loss_dice: 0.8746  loss_ce_0: 0.1443  loss_mask_0: 0.04952  loss_dice_0: 1.039  loss_ce_1: 0.07386  loss_mask_1: 0.03742  loss_dice_1: 0.8369  loss_ce_2: 0.0535  loss_mask_2: 0.03449  loss_dice_2: 0.7783  loss_ce_3: 0.03146  loss_mask_3: 0.03539  loss_dice_3: 0.8305  loss_ce_4: 0.02726  loss_mask_4: 0.03815  loss_dice_4: 0.8114  loss_ce_5: 0.02985  loss_mask_5: 0.04242  loss_dice_5: 0.9097  loss_ce_6: 0.0339  loss_mask_6: 0.04161  loss_dice_6: 0.9224  loss_ce_7: 0.03266  loss_mask_7: 0.03458  loss_dice_7: 0.8671  loss_ce_8: 0.03662  loss_mask_8: 0.03801  loss_dice_8: 0.9548    time: 0.8892  last_time: 1.2682  data_time: 0.5638  last_data_time: 0.5638   lr: 8.2596e-07  max_mem: 13270M
[03/18 16:48:09 d2.utils.events]:  eta: 0:23:14  iter: 18379  total_loss: 13.67  loss_ce: 0.02605  loss_mask: 0.01567  loss_dice: 1.349  loss_ce_0: 0.1022  loss_mask_0: 0.02009  loss_dice_0: 1.432  loss_ce_1: 0.0367  loss_mask_1: 0.02145  loss_dice_1: 1.306  loss_ce_2: 0.02871  loss_mask_2: 0.01594  loss_dice_2: 1.605  loss_ce_3: 0.024  loss_mask_3: 0.02678  loss_dice_3: 1.772  loss_ce_4: 0.04362  loss_mask_4: 0.01951  loss_dice_4: 0.9867  loss_ce_5: 0.02291  loss_mask_5: 0.01663  loss_dice_5: 0.9412  loss_ce_6: 0.02337  loss_mask_6: 0.01903  loss_dice_6: 0.8919  loss_ce_7: 0.02658  loss_mask_7: 0.02074  loss_dice_7: 1.059  loss_ce_8: 0.03104  loss_mask_8: 0.02276  loss_dice_8: 1.768    time: 0.8892  last_time: 0.8171  data_time: 0.1225  last_data_time: 0.1225   lr: 8.0606e-07  max_mem: 13270M
[03/18 16:48:28 d2.utils.events]:  eta: 0:22:57  iter: 18399  total_loss: 8.632  loss_ce: 0.02009  loss_mask: 0.0418  loss_dice: 0.7803  loss_ce_0: 0.2866  loss_mask_0: 0.05954  loss_dice_0: 0.8549  loss_ce_1: 0.02505  loss_mask_1: 0.04665  loss_dice_1: 0.8438  loss_ce_2: 0.02339  loss_mask_2: 0.06373  loss_dice_2: 0.8726  loss_ce_3: 0.02571  loss_mask_3: 0.04717  loss_dice_3: 0.6907  loss_ce_4: 0.02249  loss_mask_4: 0.04338  loss_dice_4: 0.7412  loss_ce_5: 0.02127  loss_mask_5: 0.04219  loss_dice_5: 0.77  loss_ce_6: 0.01977  loss_mask_6: 0.0345  loss_dice_6: 0.6346  loss_ce_7: 0.02019  loss_mask_7: 0.0382  loss_dice_7: 0.6945  loss_ce_8: 0.0199  loss_mask_8: 0.03984  loss_dice_8: 0.8075    time: 0.8893  last_time: 0.9132  data_time: 0.1827  last_data_time: 0.1827   lr: 7.864e-07  max_mem: 13270M
[03/18 16:48:45 d2.utils.events]:  eta: 0:22:40  iter: 18419  total_loss: 8.916  loss_ce: 0.005953  loss_mask: 0.03851  loss_dice: 0.7716  loss_ce_0: 0.1236  loss_mask_0: 0.05004  loss_dice_0: 0.8497  loss_ce_1: 0.01018  loss_mask_1: 0.05168  loss_dice_1: 0.8645  loss_ce_2: 0.01008  loss_mask_2: 0.04738  loss_dice_2: 0.8565  loss_ce_3: 0.007765  loss_mask_3: 0.0378  loss_dice_3: 0.7352  loss_ce_4: 0.01807  loss_mask_4: 0.03824  loss_dice_4: 0.755  loss_ce_5: 0.006562  loss_mask_5: 0.04132  loss_dice_5: 0.8858  loss_ce_6: 0.006064  loss_mask_6: 0.04857  loss_dice_6: 0.8446  loss_ce_7: 0.005773  loss_mask_7: 0.04525  loss_dice_7: 0.9158  loss_ce_8: 0.006052  loss_mask_8: 0.04697  loss_dice_8: 0.7916    time: 0.8892  last_time: 0.9020  data_time: 0.1808  last_data_time: 0.1808   lr: 7.6697e-07  max_mem: 13270M
[03/18 16:49:04 d2.utils.events]:  eta: 0:22:22  iter: 18439  total_loss: 12.03  loss_ce: 0.1555  loss_mask: 0.02572  loss_dice: 0.8131  loss_ce_0: 0.3675  loss_mask_0: 0.0455  loss_dice_0: 1.082  loss_ce_1: 0.2413  loss_mask_1: 0.02764  loss_dice_1: 0.8873  loss_ce_2: 0.2013  loss_mask_2: 0.03101  loss_dice_2: 1.152  loss_ce_3: 0.1732  loss_mask_3: 0.02782  loss_dice_3: 1.152  loss_ce_4: 0.1264  loss_mask_4: 0.02542  loss_dice_4: 0.8384  loss_ce_5: 0.2409  loss_mask_5: 0.0284  loss_dice_5: 0.9907  loss_ce_6: 0.1518  loss_mask_6: 0.02635  loss_dice_6: 0.859  loss_ce_7: 0.1562  loss_mask_7: 0.03119  loss_dice_7: 1.069  loss_ce_8: 0.1381  loss_mask_8: 0.02839  loss_dice_8: 0.9424    time: 0.8893  last_time: 0.8598  data_time: 0.1275  last_data_time: 0.1275   lr: 7.4779e-07  max_mem: 13270M
[03/18 16:49:21 d2.utils.events]:  eta: 0:22:05  iter: 18459  total_loss: 15.92  loss_ce: 0.1418  loss_mask: 0.05606  loss_dice: 1.326  loss_ce_0: 0.3758  loss_mask_0: 0.0736  loss_dice_0: 1.494  loss_ce_1: 0.2214  loss_mask_1: 0.06192  loss_dice_1: 1.286  loss_ce_2: 0.1166  loss_mask_2: 0.07385  loss_dice_2: 1.639  loss_ce_3: 0.1117  loss_mask_3: 0.05483  loss_dice_3: 1.329  loss_ce_4: 0.09279  loss_mask_4: 0.06658  loss_dice_4: 1.299  loss_ce_5: 0.07831  loss_mask_5: 0.0599  loss_dice_5: 1.469  loss_ce_6: 0.1073  loss_mask_6: 0.059  loss_dice_6: 1.309  loss_ce_7: 0.07679  loss_mask_7: 0.06208  loss_dice_7: 1.411  loss_ce_8: 0.06631  loss_mask_8: 0.06436  loss_dice_8: 1.336    time: 0.8893  last_time: 0.9317  data_time: 0.2065  last_data_time: 0.2065   lr: 7.2884e-07  max_mem: 13270M
[03/18 16:49:40 d2.utils.events]:  eta: 0:21:48  iter: 18479  total_loss: 9.184  loss_ce: 0.07724  loss_mask: 0.03182  loss_dice: 0.468  loss_ce_0: 0.103  loss_mask_0: 0.05547  loss_dice_0: 0.8913  loss_ce_1: 0.08442  loss_mask_1: 0.04938  loss_dice_1: 0.7761  loss_ce_2: 0.03081  loss_mask_2: 0.02929  loss_dice_2: 0.617  loss_ce_3: 0.0941  loss_mask_3: 0.03239  loss_dice_3: 0.5877  loss_ce_4: 0.08938  loss_mask_4: 0.03753  loss_dice_4: 0.791  loss_ce_5: 0.03521  loss_mask_5: 0.03437  loss_dice_5: 1.031  loss_ce_6: 0.03209  loss_mask_6: 0.03488  loss_dice_6: 1.096  loss_ce_7: 0.07596  loss_mask_7: 0.04312  loss_dice_7: 0.8975  loss_ce_8: 0.0336  loss_mask_8: 0.03502  loss_dice_8: 0.9889    time: 0.8893  last_time: 0.9177  data_time: 0.2090  last_data_time: 0.2090   lr: 7.1014e-07  max_mem: 13270M
[03/18 16:49:58 d2.utils.events]:  eta: 0:21:32  iter: 18499  total_loss: 11.2  loss_ce: 0.07452  loss_mask: 0.05811  loss_dice: 0.7941  loss_ce_0: 0.1817  loss_mask_0: 0.05278  loss_dice_0: 1.323  loss_ce_1: 0.09749  loss_mask_1: 0.06235  loss_dice_1: 0.9874  loss_ce_2: 0.07527  loss_mask_2: 0.0797  loss_dice_2: 1.136  loss_ce_3: 0.08568  loss_mask_3: 0.04439  loss_dice_3: 0.8495  loss_ce_4: 0.08776  loss_mask_4: 0.0529  loss_dice_4: 0.9089  loss_ce_5: 0.0923  loss_mask_5: 0.04725  loss_dice_5: 0.7989  loss_ce_6: 0.07716  loss_mask_6: 0.04195  loss_dice_6: 0.9166  loss_ce_7: 0.0774  loss_mask_7: 0.0527  loss_dice_7: 1.204  loss_ce_8: 0.06971  loss_mask_8: 0.05605  loss_dice_8: 0.8156    time: 0.8893  last_time: 0.9025  data_time: 0.1409  last_data_time: 0.1409   lr: 6.9167e-07  max_mem: 13270M
[03/18 16:50:17 d2.utils.events]:  eta: 0:21:15  iter: 18519  total_loss: 7.007  loss_ce: 0.00755  loss_mask: 0.05675  loss_dice: 0.5788  loss_ce_0: 0.103  loss_mask_0: 0.103  loss_dice_0: 0.7151  loss_ce_1: 0.01184  loss_mask_1: 0.07216  loss_dice_1: 0.7387  loss_ce_2: 0.0107  loss_mask_2: 0.0717  loss_dice_2: 0.6845  loss_ce_3: 0.01009  loss_mask_3: 0.05856  loss_dice_3: 0.5895  loss_ce_4: 0.007845  loss_mask_4: 0.05588  loss_dice_4: 0.5335  loss_ce_5: 0.007258  loss_mask_5: 0.06438  loss_dice_5: 0.5922  loss_ce_6: 0.007084  loss_mask_6: 0.05324  loss_dice_6: 0.6044  loss_ce_7: 0.006206  loss_mask_7: 0.05349  loss_dice_7: 0.5571  loss_ce_8: 0.006844  loss_mask_8: 0.05339  loss_dice_8: 0.5925    time: 0.8893  last_time: 0.8439  data_time: 0.1285  last_data_time: 0.1285   lr: 6.7344e-07  max_mem: 13270M
[03/18 16:50:35 d2.utils.events]:  eta: 0:20:57  iter: 18539  total_loss: 9.365  loss_ce: 0.02484  loss_mask: 0.04381  loss_dice: 0.8568  loss_ce_0: 0.2135  loss_mask_0: 0.04612  loss_dice_0: 1.278  loss_ce_1: 0.04061  loss_mask_1: 0.03626  loss_dice_1: 0.78  loss_ce_2: 0.07546  loss_mask_2: 0.03795  loss_dice_2: 0.798  loss_ce_3: 0.02839  loss_mask_3: 0.04119  loss_dice_3: 0.7622  loss_ce_4: 0.02466  loss_mask_4: 0.03812  loss_dice_4: 0.7878  loss_ce_5: 0.02494  loss_mask_5: 0.0411  loss_dice_5: 0.8834  loss_ce_6: 0.0278  loss_mask_6: 0.04024  loss_dice_6: 0.8353  loss_ce_7: 0.02521  loss_mask_7: 0.03943  loss_dice_7: 0.7637  loss_ce_8: 0.02584  loss_mask_8: 0.03501  loss_dice_8: 0.7091    time: 0.8893  last_time: 0.8987  data_time: 0.1651  last_data_time: 0.1651   lr: 6.5546e-07  max_mem: 13270M
[03/18 16:50:52 d2.utils.events]:  eta: 0:20:39  iter: 18559  total_loss: 11.75  loss_ce: 0.05097  loss_mask: 0.07455  loss_dice: 0.9598  loss_ce_0: 0.2693  loss_mask_0: 0.08813  loss_dice_0: 1.015  loss_ce_1: 0.0614  loss_mask_1: 0.08725  loss_dice_1: 1.091  loss_ce_2: 0.1335  loss_mask_2: 0.07133  loss_dice_2: 0.9425  loss_ce_3: 0.1172  loss_mask_3: 0.06443  loss_dice_3: 0.9572  loss_ce_4: 0.1136  loss_mask_4: 0.062  loss_dice_4: 1.007  loss_ce_5: 0.04884  loss_mask_5: 0.08873  loss_dice_5: 1.118  loss_ce_6: 0.05199  loss_mask_6: 0.06838  loss_dice_6: 0.985  loss_ce_7: 0.1233  loss_mask_7: 0.05456  loss_dice_7: 0.8857  loss_ce_8: 0.05302  loss_mask_8: 0.07028  loss_dice_8: 1.04    time: 0.8893  last_time: 0.8701  data_time: 0.1514  last_data_time: 0.1514   lr: 6.3771e-07  max_mem: 13270M
[03/18 16:51:10 d2.utils.events]:  eta: 0:20:21  iter: 18579  total_loss: 10.25  loss_ce: 0.02591  loss_mask: 0.03631  loss_dice: 0.9009  loss_ce_0: 0.469  loss_mask_0: 0.06979  loss_dice_0: 1.078  loss_ce_1: 0.1122  loss_mask_1: 0.04659  loss_dice_1: 1.023  loss_ce_2: 0.07114  loss_mask_2: 0.03968  loss_dice_2: 0.8768  loss_ce_3: 0.03564  loss_mask_3: 0.04388  loss_dice_3: 0.8357  loss_ce_4: 0.03135  loss_mask_4: 0.04166  loss_dice_4: 0.9169  loss_ce_5: 0.03239  loss_mask_5: 0.03444  loss_dice_5: 0.7847  loss_ce_6: 0.03274  loss_mask_6: 0.03874  loss_dice_6: 0.86  loss_ce_7: 0.03058  loss_mask_7: 0.03712  loss_dice_7: 0.904  loss_ce_8: 0.09133  loss_mask_8: 0.03974  loss_dice_8: 0.7135    time: 0.8893  last_time: 0.9316  data_time: 0.2034  last_data_time: 0.2034   lr: 6.202e-07  max_mem: 13270M
[03/18 16:51:29 d2.utils.events]:  eta: 0:20:05  iter: 18599  total_loss: 10.6  loss_ce: 0.0198  loss_mask: 0.04791  loss_dice: 0.9971  loss_ce_0: 0.1936  loss_mask_0: 0.06705  loss_dice_0: 1.113  loss_ce_1: 0.1053  loss_mask_1: 0.04155  loss_dice_1: 0.8602  loss_ce_2: 0.04544  loss_mask_2: 0.06301  loss_dice_2: 1.072  loss_ce_3: 0.02929  loss_mask_3: 0.04744  loss_dice_3: 0.9949  loss_ce_4: 0.0245  loss_mask_4: 0.0512  loss_dice_4: 0.8903  loss_ce_5: 0.02227  loss_mask_5: 0.04899  loss_dice_5: 0.8785  loss_ce_6: 0.02162  loss_mask_6: 0.04906  loss_dice_6: 0.8903  loss_ce_7: 0.02306  loss_mask_7: 0.05126  loss_dice_7: 1.006  loss_ce_8: 0.02057  loss_mask_8: 0.04453  loss_dice_8: 0.8834    time: 0.8893  last_time: 1.0950  data_time: 0.2252  last_data_time: 0.2252   lr: 6.0294e-07  max_mem: 13270M
[03/18 16:51:47 d2.utils.events]:  eta: 0:19:48  iter: 18619  total_loss: 4.587  loss_ce: 0.003884  loss_mask: 0.01654  loss_dice: 0.6552  loss_ce_0: 0.1065  loss_mask_0: 0.01117  loss_dice_0: 0.5462  loss_ce_1: 0.006741  loss_mask_1: 0.01039  loss_dice_1: 0.3485  loss_ce_2: 0.004743  loss_mask_2: 0.01427  loss_dice_2: 0.5531  loss_ce_3: 0.006722  loss_mask_3: 0.0142  loss_dice_3: 0.4909  loss_ce_4: 0.004364  loss_mask_4: 0.01091  loss_dice_4: 0.277  loss_ce_5: 0.003938  loss_mask_5: 0.008554  loss_dice_5: 0.1729  loss_ce_6: 0.003829  loss_mask_6: 0.01307  loss_dice_6: 0.3618  loss_ce_7: 0.003806  loss_mask_7: 0.01382  loss_dice_7: 0.4891  loss_ce_8: 0.003541  loss_mask_8: 0.0126  loss_dice_8: 0.419    time: 0.8893  last_time: 0.8563  data_time: 0.1524  last_data_time: 0.1524   lr: 5.8591e-07  max_mem: 13270M
[03/18 16:52:04 d2.utils.events]:  eta: 0:19:31  iter: 18639  total_loss: 5.588  loss_ce: 0.008699  loss_mask: 0.05235  loss_dice: 0.4967  loss_ce_0: 0.2221  loss_mask_0: 0.06913  loss_dice_0: 0.4514  loss_ce_1: 0.03338  loss_mask_1: 0.05468  loss_dice_1: 0.5037  loss_ce_2: 0.01426  loss_mask_2: 0.05182  loss_dice_2: 0.4624  loss_ce_3: 0.01065  loss_mask_3: 0.05504  loss_dice_3: 0.511  loss_ce_4: 0.008508  loss_mask_4: 0.05151  loss_dice_4: 0.4366  loss_ce_5: 0.009223  loss_mask_5: 0.05507  loss_dice_5: 0.4461  loss_ce_6: 0.008852  loss_mask_6: 0.05353  loss_dice_6: 0.4956  loss_ce_7: 0.008845  loss_mask_7: 0.05099  loss_dice_7: 0.4287  loss_ce_8: 0.009454  loss_mask_8: 0.05486  loss_dice_8: 0.4734    time: 0.8893  last_time: 0.8053  data_time: 0.0764  last_data_time: 0.0764   lr: 5.6913e-07  max_mem: 13270M
[03/18 16:52:23 d2.utils.events]:  eta: 0:19:14  iter: 18659  total_loss: 5.983  loss_ce: 0.02143  loss_mask: 0.03199  loss_dice: 0.5139  loss_ce_0: 0.3501  loss_mask_0: 0.04802  loss_dice_0: 0.5288  loss_ce_1: 0.04698  loss_mask_1: 0.03301  loss_dice_1: 0.4801  loss_ce_2: 0.02912  loss_mask_2: 0.03357  loss_dice_2: 0.5447  loss_ce_3: 0.02932  loss_mask_3: 0.03194  loss_dice_3: 0.4766  loss_ce_4: 0.02517  loss_mask_4: 0.03193  loss_dice_4: 0.5542  loss_ce_5: 0.02366  loss_mask_5: 0.02955  loss_dice_5: 0.4108  loss_ce_6: 0.02344  loss_mask_6: 0.03201  loss_dice_6: 0.4846  loss_ce_7: 0.02331  loss_mask_7: 0.034  loss_dice_7: 0.525  loss_ce_8: 0.02251  loss_mask_8: 0.03009  loss_dice_8: 0.5333    time: 0.8893  last_time: 0.9495  data_time: 0.2110  last_data_time: 0.2110   lr: 5.5259e-07  max_mem: 13270M
[03/18 16:52:42 d2.utils.events]:  eta: 0:18:56  iter: 18679  total_loss: 7.406  loss_ce: 0.04901  loss_mask: 0.04136  loss_dice: 0.6375  loss_ce_0: 0.2404  loss_mask_0: 0.05157  loss_dice_0: 0.6665  loss_ce_1: 0.0578  loss_mask_1: 0.04388  loss_dice_1: 0.5575  loss_ce_2: 0.07787  loss_mask_2: 0.04482  loss_dice_2: 0.6204  loss_ce_3: 0.05307  loss_mask_3: 0.04314  loss_dice_3: 0.5966  loss_ce_4: 0.09242  loss_mask_4: 0.04482  loss_dice_4: 0.5968  loss_ce_5: 0.06205  loss_mask_5: 0.04283  loss_dice_5: 0.6297  loss_ce_6: 0.0931  loss_mask_6: 0.04751  loss_dice_6: 0.6497  loss_ce_7: 0.05696  loss_mask_7: 0.04351  loss_dice_7: 0.5842  loss_ce_8: 0.0537  loss_mask_8: 0.04102  loss_dice_8: 0.5864    time: 0.8893  last_time: 0.9287  data_time: 0.2092  last_data_time: 0.2092   lr: 5.3629e-07  max_mem: 13270M
[03/18 16:53:01 d2.utils.events]:  eta: 0:18:40  iter: 18699  total_loss: 5.929  loss_ce: 0.01339  loss_mask: 0.02792  loss_dice: 0.4916  loss_ce_0: 0.09885  loss_mask_0: 0.02683  loss_dice_0: 0.5749  loss_ce_1: 0.01539  loss_mask_1: 0.0293  loss_dice_1: 0.5628  loss_ce_2: 0.01424  loss_mask_2: 0.02791  loss_dice_2: 0.5173  loss_ce_3: 0.01563  loss_mask_3: 0.02729  loss_dice_3: 0.5264  loss_ce_4: 0.01203  loss_mask_4: 0.0337  loss_dice_4: 0.6532  loss_ce_5: 0.01184  loss_mask_5: 0.02809  loss_dice_5: 0.5304  loss_ce_6: 0.01222  loss_mask_6: 0.03073  loss_dice_6: 0.5076  loss_ce_7: 0.01273  loss_mask_7: 0.02931  loss_dice_7: 0.4967  loss_ce_8: 0.01331  loss_mask_8: 0.03023  loss_dice_8: 0.5566    time: 0.8894  last_time: 1.2419  data_time: 0.1444  last_data_time: 0.1444   lr: 5.2023e-07  max_mem: 13270M
[03/18 16:53:19 d2.utils.events]:  eta: 0:18:23  iter: 18719  total_loss: 8.22  loss_ce: 0.007598  loss_mask: 0.03136  loss_dice: 0.8264  loss_ce_0: 0.09931  loss_mask_0: 0.04127  loss_dice_0: 0.9752  loss_ce_1: 0.02585  loss_mask_1: 0.02435  loss_dice_1: 0.6658  loss_ce_2: 0.01526  loss_mask_2: 0.03498  loss_dice_2: 0.7598  loss_ce_3: 0.007222  loss_mask_3: 0.03356  loss_dice_3: 0.6804  loss_ce_4: 0.007461  loss_mask_4: 0.03581  loss_dice_4: 0.839  loss_ce_5: 0.007983  loss_mask_5: 0.02997  loss_dice_5: 0.903  loss_ce_6: 0.006909  loss_mask_6: 0.03149  loss_dice_6: 0.6874  loss_ce_7: 0.006792  loss_mask_7: 0.02939  loss_dice_7: 0.7078  loss_ce_8: 0.007212  loss_mask_8: 0.03143  loss_dice_8: 0.6605    time: 0.8894  last_time: 0.9921  data_time: 0.2347  last_data_time: 0.2347   lr: 5.0441e-07  max_mem: 13270M
[03/18 16:53:37 d2.utils.events]:  eta: 0:18:05  iter: 18739  total_loss: 14.12  loss_ce: 0.1552  loss_mask: 0.05762  loss_dice: 1.096  loss_ce_0: 0.4976  loss_mask_0: 0.05137  loss_dice_0: 1.166  loss_ce_1: 0.2777  loss_mask_1: 0.06119  loss_dice_1: 1.16  loss_ce_2: 0.2776  loss_mask_2: 0.05776  loss_dice_2: 1.148  loss_ce_3: 0.186  loss_mask_3: 0.05572  loss_dice_3: 1.122  loss_ce_4: 0.2373  loss_mask_4: 0.05068  loss_dice_4: 1.011  loss_ce_5: 0.1882  loss_mask_5: 0.05313  loss_dice_5: 1.13  loss_ce_6: 0.2491  loss_mask_6: 0.06215  loss_dice_6: 1.102  loss_ce_7: 0.1624  loss_mask_7: 0.05749  loss_dice_7: 1.102  loss_ce_8: 0.1785  loss_mask_8: 0.06127  loss_dice_8: 1.105    time: 0.8894  last_time: 0.8907  data_time: 0.1709  last_data_time: 0.1709   lr: 4.8883e-07  max_mem: 13270M
[03/18 16:53:55 d2.utils.events]:  eta: 0:17:49  iter: 18759  total_loss: 6.929  loss_ce: 0.01274  loss_mask: 0.04331  loss_dice: 0.5707  loss_ce_0: 0.2088  loss_mask_0: 0.05793  loss_dice_0: 0.7458  loss_ce_1: 0.01989  loss_mask_1: 0.03683  loss_dice_1: 0.56  loss_ce_2: 0.02006  loss_mask_2: 0.04869  loss_dice_2: 0.6946  loss_ce_3: 0.01839  loss_mask_3: 0.04691  loss_dice_3: 0.6685  loss_ce_4: 0.01407  loss_mask_4: 0.04087  loss_dice_4: 0.6056  loss_ce_5: 0.01421  loss_mask_5: 0.04372  loss_dice_5: 0.6161  loss_ce_6: 0.01388  loss_mask_6: 0.03978  loss_dice_6: 0.5269  loss_ce_7: 0.01415  loss_mask_7: 0.04392  loss_dice_7: 0.6131  loss_ce_8: 0.01279  loss_mask_8: 0.03725  loss_dice_8: 0.539    time: 0.8894  last_time: 0.8513  data_time: 0.1371  last_data_time: 0.1371   lr: 4.735e-07  max_mem: 13270M
[03/18 16:54:13 d2.utils.events]:  eta: 0:17:32  iter: 18779  total_loss: 10.47  loss_ce: 0.02969  loss_mask: 0.03449  loss_dice: 0.7901  loss_ce_0: 0.1483  loss_mask_0: 0.07485  loss_dice_0: 0.8074  loss_ce_1: 0.07228  loss_mask_1: 0.02452  loss_dice_1: 1.088  loss_ce_2: 0.04199  loss_mask_2: 0.03463  loss_dice_2: 1.399  loss_ce_3: 0.03258  loss_mask_3: 0.03412  loss_dice_3: 1.1  loss_ce_4: 0.02796  loss_mask_4: 0.04062  loss_dice_4: 0.9988  loss_ce_5: 0.02893  loss_mask_5: 0.03595  loss_dice_5: 0.7854  loss_ce_6: 0.02595  loss_mask_6: 0.03863  loss_dice_6: 1.021  loss_ce_7: 0.02965  loss_mask_7: 0.0392  loss_dice_7: 1.177  loss_ce_8: 0.03456  loss_mask_8: 0.02395  loss_dice_8: 0.4536    time: 0.8894  last_time: 0.9055  data_time: 0.1941  last_data_time: 0.1941   lr: 4.5841e-07  max_mem: 13270M
[03/18 16:54:32 d2.utils.events]:  eta: 0:17:14  iter: 18799  total_loss: 7.619  loss_ce: 0.02545  loss_mask: 0.089  loss_dice: 0.5976  loss_ce_0: 0.1913  loss_mask_0: 0.2288  loss_dice_0: 0.6377  loss_ce_1: 0.04381  loss_mask_1: 0.09833  loss_dice_1: 0.5361  loss_ce_2: 0.03094  loss_mask_2: 0.1045  loss_dice_2: 0.8529  loss_ce_3: 0.02543  loss_mask_3: 0.09792  loss_dice_3: 0.5524  loss_ce_4: 0.0268  loss_mask_4: 0.09439  loss_dice_4: 0.5471  loss_ce_5: 0.02803  loss_mask_5: 0.0957  loss_dice_5: 0.6067  loss_ce_6: 0.02812  loss_mask_6: 0.09526  loss_dice_6: 0.7397  loss_ce_7: 0.02589  loss_mask_7: 0.091  loss_dice_7: 0.5144  loss_ce_8: 0.02549  loss_mask_8: 0.0851  loss_dice_8: 0.5032    time: 0.8894  last_time: 0.8998  data_time: 0.1881  last_data_time: 0.1881   lr: 4.4355e-07  max_mem: 13270M
[03/18 16:54:49 d2.utils.events]:  eta: 0:16:56  iter: 18819  total_loss: 12.26  loss_ce: 0.02332  loss_mask: 0.04999  loss_dice: 1.188  loss_ce_0: 0.1016  loss_mask_0: 0.05493  loss_dice_0: 1.169  loss_ce_1: 0.03937  loss_mask_1: 0.08292  loss_dice_1: 1.069  loss_ce_2: 0.0265  loss_mask_2: 0.04692  loss_dice_2: 1.131  loss_ce_3: 0.02544  loss_mask_3: 0.05479  loss_dice_3: 1.231  loss_ce_4: 0.0226  loss_mask_4: 0.04353  loss_dice_4: 1.138  loss_ce_5: 0.08803  loss_mask_5: 0.04303  loss_dice_5: 1.087  loss_ce_6: 0.08145  loss_mask_6: 0.04062  loss_dice_6: 0.9549  loss_ce_7: 0.08707  loss_mask_7: 0.04481  loss_dice_7: 1.069  loss_ce_8: 0.02231  loss_mask_8: 0.05706  loss_dice_8: 1.189    time: 0.8894  last_time: 1.1951  data_time: 0.2085  last_data_time: 0.2085   lr: 4.2895e-07  max_mem: 13270M
[03/18 16:55:07 d2.utils.events]:  eta: 0:16:39  iter: 18839  total_loss: 9.543  loss_ce: 0.02385  loss_mask: 0.03277  loss_dice: 0.8164  loss_ce_0: 0.2715  loss_mask_0: 0.03144  loss_dice_0: 1.082  loss_ce_1: 0.06234  loss_mask_1: 0.04068  loss_dice_1: 0.8811  loss_ce_2: 0.08803  loss_mask_2: 0.02731  loss_dice_2: 0.7582  loss_ce_3: 0.09573  loss_mask_3: 0.03407  loss_dice_3: 0.8517  loss_ce_4: 0.05448  loss_mask_4: 0.03381  loss_dice_4: 0.7248  loss_ce_5: 0.08421  loss_mask_5: 0.03322  loss_dice_5: 0.8949  loss_ce_6: 0.07456  loss_mask_6: 0.03141  loss_dice_6: 0.7496  loss_ce_7: 0.03594  loss_mask_7: 0.03305  loss_dice_7: 0.9151  loss_ce_8: 0.06568  loss_mask_8: 0.02594  loss_dice_8: 0.6886    time: 0.8894  last_time: 0.9337  data_time: 0.2135  last_data_time: 0.2135   lr: 4.1458e-07  max_mem: 13270M
[03/18 16:55:26 d2.utils.events]:  eta: 0:16:22  iter: 18859  total_loss: 8.913  loss_ce: 0.09428  loss_mask: 0.03678  loss_dice: 0.7266  loss_ce_0: 0.3878  loss_mask_0: 0.06081  loss_dice_0: 0.9264  loss_ce_1: 0.08977  loss_mask_1: 0.03577  loss_dice_1: 0.7865  loss_ce_2: 0.1102  loss_mask_2: 0.0334  loss_dice_2: 0.6929  loss_ce_3: 0.1028  loss_mask_3: 0.03242  loss_dice_3: 0.6418  loss_ce_4: 0.04998  loss_mask_4: 0.03169  loss_dice_4: 0.6783  loss_ce_5: 0.04887  loss_mask_5: 0.03221  loss_dice_5: 0.7217  loss_ce_6: 0.04223  loss_mask_6: 0.03276  loss_dice_6: 0.7745  loss_ce_7: 0.1089  loss_mask_7: 0.03482  loss_dice_7: 0.7752  loss_ce_8: 0.04174  loss_mask_8: 0.03548  loss_dice_8: 0.7465    time: 0.8894  last_time: 0.9062  data_time: 0.1819  last_data_time: 0.1819   lr: 4.0046e-07  max_mem: 13270M
[03/18 16:55:44 d2.utils.events]:  eta: 0:16:06  iter: 18879  total_loss: 8.793  loss_ce: 0.06662  loss_mask: 0.04752  loss_dice: 0.8374  loss_ce_0: 0.3158  loss_mask_0: 0.08036  loss_dice_0: 0.8543  loss_ce_1: 0.06955  loss_mask_1: 0.05618  loss_dice_1: 0.6928  loss_ce_2: 0.08903  loss_mask_2: 0.03883  loss_dice_2: 0.6521  loss_ce_3: 0.1213  loss_mask_3: 0.04839  loss_dice_3: 0.6344  loss_ce_4: 0.102  loss_mask_4: 0.05154  loss_dice_4: 0.7073  loss_ce_5: 0.1343  loss_mask_5: 0.03907  loss_dice_5: 0.5391  loss_ce_6: 0.1136  loss_mask_6: 0.04786  loss_dice_6: 0.739  loss_ce_7: 0.1154  loss_mask_7: 0.05149  loss_dice_7: 0.7143  loss_ce_8: 0.112  loss_mask_8: 0.04353  loss_dice_8: 0.6778    time: 0.8895  last_time: 0.9996  data_time: 0.2714  last_data_time: 0.2714   lr: 3.8658e-07  max_mem: 13270M
[03/18 16:56:03 d2.utils.events]:  eta: 0:15:49  iter: 18899  total_loss: 8.016  loss_ce: 0.02138  loss_mask: 0.03964  loss_dice: 0.8504  loss_ce_0: 0.2888  loss_mask_0: 0.03972  loss_dice_0: 0.7725  loss_ce_1: 0.04037  loss_mask_1: 0.04227  loss_dice_1: 0.7209  loss_ce_2: 0.03095  loss_mask_2: 0.04399  loss_dice_2: 0.7259  loss_ce_3: 0.02779  loss_mask_3: 0.03597  loss_dice_3: 0.6818  loss_ce_4: 0.02464  loss_mask_4: 0.03865  loss_dice_4: 0.714  loss_ce_5: 0.02127  loss_mask_5: 0.04024  loss_dice_5: 0.6794  loss_ce_6: 0.01907  loss_mask_6: 0.03892  loss_dice_6: 0.6462  loss_ce_7: 0.01727  loss_mask_7: 0.03694  loss_dice_7: 0.6426  loss_ce_8: 0.0166  loss_mask_8: 0.0379  loss_dice_8: 0.6796    time: 0.8895  last_time: 0.9327  data_time: 0.1947  last_data_time: 0.1947   lr: 3.7294e-07  max_mem: 13270M
[03/18 16:56:21 d2.utils.events]:  eta: 0:15:34  iter: 18919  total_loss: 9.016  loss_ce: 0.02763  loss_mask: 0.03226  loss_dice: 0.7942  loss_ce_0: 0.2312  loss_mask_0: 0.03197  loss_dice_0: 0.8213  loss_ce_1: 0.06731  loss_mask_1: 0.03622  loss_dice_1: 0.8546  loss_ce_2: 0.03773  loss_mask_2: 0.03936  loss_dice_2: 0.8932  loss_ce_3: 0.03591  loss_mask_3: 0.03443  loss_dice_3: 0.8862  loss_ce_4: 0.03219  loss_mask_4: 0.03075  loss_dice_4: 0.7253  loss_ce_5: 0.0271  loss_mask_5: 0.03423  loss_dice_5: 0.7909  loss_ce_6: 0.02677  loss_mask_6: 0.03268  loss_dice_6: 0.7569  loss_ce_7: 0.02886  loss_mask_7: 0.03176  loss_dice_7: 0.7197  loss_ce_8: 0.0285  loss_mask_8: 0.0344  loss_dice_8: 0.8923    time: 0.8895  last_time: 0.9416  data_time: 0.2160  last_data_time: 0.2160   lr: 3.5955e-07  max_mem: 13270M
[03/18 16:56:39 d2.utils.events]:  eta: 0:15:16  iter: 18939  total_loss: 7.096  loss_ce: 0.02158  loss_mask: 0.02366  loss_dice: 0.5307  loss_ce_0: 0.09931  loss_mask_0: 0.03072  loss_dice_0: 0.6508  loss_ce_1: 0.02335  loss_mask_1: 0.02876  loss_dice_1: 0.6967  loss_ce_2: 0.02931  loss_mask_2: 0.03211  loss_dice_2: 0.6862  loss_ce_3: 0.0312  loss_mask_3: 0.0318  loss_dice_3: 0.7614  loss_ce_4: 0.02355  loss_mask_4: 0.03081  loss_dice_4: 0.6473  loss_ce_5: 0.01902  loss_mask_5: 0.03352  loss_dice_5: 0.714  loss_ce_6: 0.01986  loss_mask_6: 0.02665  loss_dice_6: 0.5881  loss_ce_7: 0.01912  loss_mask_7: 0.02801  loss_dice_7: 0.6356  loss_ce_8: 0.08911  loss_mask_8: 0.0227  loss_dice_8: 0.5214    time: 0.8895  last_time: 0.7750  data_time: 0.0681  last_data_time: 0.0681   lr: 3.464e-07  max_mem: 13270M
[03/18 16:56:57 d2.utils.events]:  eta: 0:14:58  iter: 18959  total_loss: 5.59  loss_ce: 0.007667  loss_mask: 0.0267  loss_dice: 0.4449  loss_ce_0: 0.1007  loss_mask_0: 0.03379  loss_dice_0: 0.6046  loss_ce_1: 0.007609  loss_mask_1: 0.02898  loss_dice_1: 0.5216  loss_ce_2: 0.006453  loss_mask_2: 0.02546  loss_dice_2: 0.3836  loss_ce_3: 0.00739  loss_mask_3: 0.02609  loss_dice_3: 0.4425  loss_ce_4: 0.006802  loss_mask_4: 0.03309  loss_dice_4: 0.6125  loss_ce_5: 0.007189  loss_mask_5: 0.03234  loss_dice_5: 0.576  loss_ce_6: 0.006339  loss_mask_6: 0.03119  loss_dice_6: 0.5042  loss_ce_7: 0.006994  loss_mask_7: 0.0296  loss_dice_7: 0.5309  loss_ce_8: 0.007382  loss_mask_8: 0.02895  loss_dice_8: 0.509    time: 0.8895  last_time: 0.7893  data_time: 0.0811  last_data_time: 0.0811   lr: 3.3349e-07  max_mem: 13270M
[03/18 16:57:14 d2.utils.events]:  eta: 0:14:40  iter: 18979  total_loss: 6.965  loss_ce: 0.004005  loss_mask: 0.02394  loss_dice: 0.6319  loss_ce_0: 0.2082  loss_mask_0: 0.02794  loss_dice_0: 0.7468  loss_ce_1: 0.01072  loss_mask_1: 0.02129  loss_dice_1: 0.5615  loss_ce_2: 0.01525  loss_mask_2: 0.02776  loss_dice_2: 0.6986  loss_ce_3: 0.005771  loss_mask_3: 0.02817  loss_dice_3: 0.6601  loss_ce_4: 0.005599  loss_mask_4: 0.02278  loss_dice_4: 0.6346  loss_ce_5: 0.005476  loss_mask_5: 0.02282  loss_dice_5: 0.5913  loss_ce_6: 0.005067  loss_mask_6: 0.02683  loss_dice_6: 0.6699  loss_ce_7: 0.004166  loss_mask_7: 0.02507  loss_dice_7: 0.581  loss_ce_8: 0.003788  loss_mask_8: 0.02427  loss_dice_8: 0.6705    time: 0.8895  last_time: 0.8941  data_time: 0.1817  last_data_time: 0.1817   lr: 3.2083e-07  max_mem: 13270M
[03/18 16:57:32 d2.utils.events]:  eta: 0:14:23  iter: 18999  total_loss: 9.122  loss_ce: 0.02195  loss_mask: 0.03349  loss_dice: 0.8162  loss_ce_0: 0.284  loss_mask_0: 0.04488  loss_dice_0: 0.9094  loss_ce_1: 0.05076  loss_mask_1: 0.03873  loss_dice_1: 0.8453  loss_ce_2: 0.03546  loss_mask_2: 0.03793  loss_dice_2: 0.8835  loss_ce_3: 0.03567  loss_mask_3: 0.03656  loss_dice_3: 0.8296  loss_ce_4: 0.03457  loss_mask_4: 0.03616  loss_dice_4: 0.7405  loss_ce_5: 0.02361  loss_mask_5: 0.0362  loss_dice_5: 0.7656  loss_ce_6: 0.02362  loss_mask_6: 0.0408  loss_dice_6: 0.7932  loss_ce_7: 0.02276  loss_mask_7: 0.04486  loss_dice_7: 0.8355  loss_ce_8: 0.0208  loss_mask_8: 0.03805  loss_dice_8: 0.7622    time: 0.8894  last_time: 0.8706  data_time: 0.1491  last_data_time: 0.1491   lr: 3.0841e-07  max_mem: 13270M
[03/18 16:57:50 d2.utils.events]:  eta: 0:14:06  iter: 19019  total_loss: 8.832  loss_ce: 0.03519  loss_mask: 0.03142  loss_dice: 0.6919  loss_ce_0: 0.3641  loss_mask_0: 0.03663  loss_dice_0: 1.019  loss_ce_1: 0.1264  loss_mask_1: 0.03237  loss_dice_1: 0.7402  loss_ce_2: 0.07939  loss_mask_2: 0.03432  loss_dice_2: 0.8153  loss_ce_3: 0.05084  loss_mask_3: 0.03079  loss_dice_3: 0.7262  loss_ce_4: 0.04446  loss_mask_4: 0.02937  loss_dice_4: 0.7579  loss_ce_5: 0.04071  loss_mask_5: 0.02761  loss_dice_5: 0.6864  loss_ce_6: 0.0349  loss_mask_6: 0.02967  loss_dice_6: 0.7369  loss_ce_7: 0.03431  loss_mask_7: 0.03161  loss_dice_7: 0.7293  loss_ce_8: 0.03287  loss_mask_8: 0.03464  loss_dice_8: 0.768    time: 0.8894  last_time: 1.1322  data_time: 0.1739  last_data_time: 0.1739   lr: 2.9623e-07  max_mem: 13270M
[03/18 16:58:08 d2.utils.events]:  eta: 0:13:49  iter: 19039  total_loss: 9.116  loss_ce: 0.08545  loss_mask: 0.028  loss_dice: 0.7191  loss_ce_0: 0.2725  loss_mask_0: 0.04248  loss_dice_0: 0.8801  loss_ce_1: 0.04499  loss_mask_1: 0.03337  loss_dice_1: 0.7157  loss_ce_2: 0.07503  loss_mask_2: 0.03452  loss_dice_2: 0.6933  loss_ce_3: 0.101  loss_mask_3: 0.03464  loss_dice_3: 0.6461  loss_ce_4: 0.1095  loss_mask_4: 0.0289  loss_dice_4: 0.7557  loss_ce_5: 0.1213  loss_mask_5: 0.03346  loss_dice_5: 0.9102  loss_ce_6: 0.07877  loss_mask_6: 0.03243  loss_dice_6: 0.6413  loss_ce_7: 0.05247  loss_mask_7: 0.03039  loss_dice_7: 0.9331  loss_ce_8: 0.04263  loss_mask_8: 0.03042  loss_dice_8: 0.9095    time: 0.8894  last_time: 0.8620  data_time: 0.1484  last_data_time: 0.1484   lr: 2.843e-07  max_mem: 13270M
[03/18 16:58:25 d2.utils.events]:  eta: 0:13:31  iter: 19059  total_loss: 14.24  loss_ce: 0.07054  loss_mask: 0.1029  loss_dice: 1.155  loss_ce_0: 0.4056  loss_mask_0: 0.07568  loss_dice_0: 1.303  loss_ce_1: 0.1176  loss_mask_1: 0.1216  loss_dice_1: 1.252  loss_ce_2: 0.05027  loss_mask_2: 0.09522  loss_dice_2: 1.03  loss_ce_3: 0.04998  loss_mask_3: 0.09195  loss_dice_3: 1.251  loss_ce_4: 0.07672  loss_mask_4: 0.1044  loss_dice_4: 1.157  loss_ce_5: 0.0384  loss_mask_5: 0.1013  loss_dice_5: 1.246  loss_ce_6: 0.1099  loss_mask_6: 0.1019  loss_dice_6: 1.406  loss_ce_7: 0.03806  loss_mask_7: 0.09126  loss_dice_7: 1.195  loss_ce_8: 0.09164  loss_mask_8: 0.1004  loss_dice_8: 1.204    time: 0.8894  last_time: 0.8615  data_time: 0.1474  last_data_time: 0.1474   lr: 2.7261e-07  max_mem: 13270M
[03/18 16:58:43 d2.utils.events]:  eta: 0:13:14  iter: 19079  total_loss: 7.259  loss_ce: 0.06313  loss_mask: 0.04053  loss_dice: 0.5498  loss_ce_0: 0.1367  loss_mask_0: 0.05569  loss_dice_0: 0.7411  loss_ce_1: 0.07825  loss_mask_1: 0.04348  loss_dice_1: 0.5668  loss_ce_2: 0.0727  loss_mask_2: 0.04025  loss_dice_2: 0.6263  loss_ce_3: 0.06495  loss_mask_3: 0.04201  loss_dice_3: 0.5899  loss_ce_4: 0.07387  loss_mask_4: 0.04238  loss_dice_4: 0.5843  loss_ce_5: 0.06607  loss_mask_5: 0.0373  loss_dice_5: 0.5331  loss_ce_6: 0.03104  loss_mask_6: 0.04145  loss_dice_6: 0.7266  loss_ce_7: 0.06552  loss_mask_7: 0.04403  loss_dice_7: 0.657  loss_ce_8: 0.04761  loss_mask_8: 0.03899  loss_dice_8: 0.5586    time: 0.8894  last_time: 0.8563  data_time: 0.1345  last_data_time: 0.1345   lr: 2.6116e-07  max_mem: 13270M
[03/18 16:59:01 d2.utils.events]:  eta: 0:12:57  iter: 19099  total_loss: 8.388  loss_ce: 0.02069  loss_mask: 0.03727  loss_dice: 0.5928  loss_ce_0: 0.3209  loss_mask_0: 0.08071  loss_dice_0: 0.9888  loss_ce_1: 0.02266  loss_mask_1: 0.04434  loss_dice_1: 0.8376  loss_ce_2: 0.02229  loss_mask_2: 0.04248  loss_dice_2: 0.7881  loss_ce_3: 0.02649  loss_mask_3: 0.03644  loss_dice_3: 0.6359  loss_ce_4: 0.02536  loss_mask_4: 0.03555  loss_dice_4: 0.6921  loss_ce_5: 0.01563  loss_mask_5: 0.03726  loss_dice_5: 0.8199  loss_ce_6: 0.01548  loss_mask_6: 0.04063  loss_dice_6: 0.7218  loss_ce_7: 0.02059  loss_mask_7: 0.03583  loss_dice_7: 0.6608  loss_ce_8: 0.01703  loss_mask_8: 0.03954  loss_dice_8: 0.7134    time: 0.8894  last_time: 0.8617  data_time: 0.1492  last_data_time: 0.1492   lr: 2.4996e-07  max_mem: 13270M
[03/18 16:59:19 d2.utils.events]:  eta: 0:12:39  iter: 19119  total_loss: 7.607  loss_ce: 0.016  loss_mask: 0.03222  loss_dice: 0.6353  loss_ce_0: 0.09974  loss_mask_0: 0.03507  loss_dice_0: 0.7163  loss_ce_1: 0.02324  loss_mask_1: 0.03849  loss_dice_1: 0.6292  loss_ce_2: 0.02344  loss_mask_2: 0.04303  loss_dice_2: 0.7525  loss_ce_3: 0.02015  loss_mask_3: 0.03809  loss_dice_3: 0.6985  loss_ce_4: 0.01656  loss_mask_4: 0.03341  loss_dice_4: 0.6407  loss_ce_5: 0.01616  loss_mask_5: 0.03967  loss_dice_5: 0.7  loss_ce_6: 0.01655  loss_mask_6: 0.04034  loss_dice_6: 0.7855  loss_ce_7: 0.01562  loss_mask_7: 0.03805  loss_dice_7: 0.6869  loss_ce_8: 0.01511  loss_mask_8: 0.03965  loss_dice_8: 0.7211    time: 0.8894  last_time: 0.8490  data_time: 0.1360  last_data_time: 0.1360   lr: 2.3901e-07  max_mem: 13270M
[03/18 16:59:38 d2.utils.events]:  eta: 0:12:22  iter: 19139  total_loss: 7.635  loss_ce: 0.02352  loss_mask: 0.05114  loss_dice: 0.6534  loss_ce_0: 0.1431  loss_mask_0: 0.07224  loss_dice_0: 0.8578  loss_ce_1: 0.02026  loss_mask_1: 0.05677  loss_dice_1: 0.6715  loss_ce_2: 0.02856  loss_mask_2: 0.05433  loss_dice_2: 0.6813  loss_ce_3: 0.02261  loss_mask_3: 0.05553  loss_dice_3: 0.6753  loss_ce_4: 0.02019  loss_mask_4: 0.05608  loss_dice_4: 0.6497  loss_ce_5: 0.02265  loss_mask_5: 0.05911  loss_dice_5: 0.6599  loss_ce_6: 0.02047  loss_mask_6: 0.05023  loss_dice_6: 0.5946  loss_ce_7: 0.02106  loss_mask_7: 0.05853  loss_dice_7: 0.6109  loss_ce_8: 0.02263  loss_mask_8: 0.0553  loss_dice_8: 0.666    time: 0.8894  last_time: 0.8957  data_time: 0.1771  last_data_time: 0.1771   lr: 2.2829e-07  max_mem: 13270M
[03/18 16:59:55 d2.utils.events]:  eta: 0:12:05  iter: 19159  total_loss: 7.596  loss_ce: 0.09725  loss_mask: 0.03292  loss_dice: 0.5836  loss_ce_0: 0.2267  loss_mask_0: 0.04944  loss_dice_0: 0.6524  loss_ce_1: 0.07019  loss_mask_1: 0.0504  loss_dice_1: 0.5714  loss_ce_2: 0.02446  loss_mask_2: 0.04006  loss_dice_2: 0.6747  loss_ce_3: 0.08967  loss_mask_3: 0.04014  loss_dice_3: 0.6149  loss_ce_4: 0.01557  loss_mask_4: 0.04345  loss_dice_4: 0.6977  loss_ce_5: 0.08916  loss_mask_5: 0.0607  loss_dice_5: 0.7096  loss_ce_6: 0.01753  loss_mask_6: 0.0347  loss_dice_6: 0.6083  loss_ce_7: 0.01937  loss_mask_7: 0.04019  loss_dice_7: 0.663  loss_ce_8: 0.0968  loss_mask_8: 0.04263  loss_dice_8: 0.639    time: 0.8894  last_time: 0.8049  data_time: 0.0899  last_data_time: 0.0899   lr: 2.1783e-07  max_mem: 13270M
[03/18 17:00:13 d2.utils.events]:  eta: 0:11:48  iter: 19179  total_loss: 6.82  loss_ce: 0.07293  loss_mask: 0.02884  loss_dice: 0.4675  loss_ce_0: 0.3121  loss_mask_0: 0.04442  loss_dice_0: 0.8415  loss_ce_1: 0.09504  loss_mask_1: 0.03695  loss_dice_1: 0.6961  loss_ce_2: 0.03613  loss_mask_2: 0.03271  loss_dice_2: 0.5214  loss_ce_3: 0.07689  loss_mask_3: 0.02977  loss_dice_3: 0.4973  loss_ce_4: 0.03165  loss_mask_4: 0.03069  loss_dice_4: 0.5951  loss_ce_5: 0.07499  loss_mask_5: 0.03151  loss_dice_5: 0.5761  loss_ce_6: 0.02492  loss_mask_6: 0.0305  loss_dice_6: 0.4791  loss_ce_7: 0.01865  loss_mask_7: 0.02925  loss_dice_7: 0.5559  loss_ce_8: 0.01694  loss_mask_8: 0.0299  loss_dice_8: 0.5048    time: 0.8894  last_time: 0.8293  data_time: 0.1086  last_data_time: 0.1086   lr: 2.076e-07  max_mem: 13270M
[03/18 17:00:32 d2.utils.events]:  eta: 0:11:31  iter: 19199  total_loss: 4.667  loss_ce: 0.01316  loss_mask: 0.02968  loss_dice: 0.4228  loss_ce_0: 0.09518  loss_mask_0: 0.03531  loss_dice_0: 0.4343  loss_ce_1: 0.02565  loss_mask_1: 0.03232  loss_dice_1: 0.4209  loss_ce_2: 0.01532  loss_mask_2: 0.02768  loss_dice_2: 0.3855  loss_ce_3: 0.01389  loss_mask_3: 0.02876  loss_dice_3: 0.4079  loss_ce_4: 0.01458  loss_mask_4: 0.03304  loss_dice_4: 0.4293  loss_ce_5: 0.01477  loss_mask_5: 0.02918  loss_dice_5: 0.4655  loss_ce_6: 0.01384  loss_mask_6: 0.02966  loss_dice_6: 0.3408  loss_ce_7: 0.01338  loss_mask_7: 0.0301  loss_dice_7: 0.3918  loss_ce_8: 0.01339  loss_mask_8: 0.03129  loss_dice_8: 0.4279    time: 0.8894  last_time: 1.0058  data_time: 0.2898  last_data_time: 0.2898   lr: 1.9762e-07  max_mem: 13270M
[03/18 17:00:50 d2.utils.events]:  eta: 0:11:15  iter: 19219  total_loss: 4.998  loss_ce: 0.008627  loss_mask: 0.04897  loss_dice: 0.4282  loss_ce_0: 0.1026  loss_mask_0: 0.0576  loss_dice_0: 0.3958  loss_ce_1: 0.01281  loss_mask_1: 0.05154  loss_dice_1: 0.4039  loss_ce_2: 0.0105  loss_mask_2: 0.05168  loss_dice_2: 0.4254  loss_ce_3: 0.009528  loss_mask_3: 0.0497  loss_dice_3: 0.4005  loss_ce_4: 0.01048  loss_mask_4: 0.05788  loss_dice_4: 0.4681  loss_ce_5: 0.008117  loss_mask_5: 0.04976  loss_dice_5: 0.4417  loss_ce_6: 0.008706  loss_mask_6: 0.05131  loss_dice_6: 0.4547  loss_ce_7: 0.008791  loss_mask_7: 0.04922  loss_dice_7: 0.4026  loss_ce_8: 0.008563  loss_mask_8: 0.05099  loss_dice_8: 0.4695    time: 0.8894  last_time: 1.0888  data_time: 0.3904  last_data_time: 0.3904   lr: 1.8789e-07  max_mem: 13270M
[03/18 17:01:08 d2.utils.events]:  eta: 0:10:57  iter: 19239  total_loss: 9.337  loss_ce: 0.1095  loss_mask: 0.03222  loss_dice: 0.6841  loss_ce_0: 0.1537  loss_mask_0: 0.07741  loss_dice_0: 1.017  loss_ce_1: 0.03645  loss_mask_1: 0.05135  loss_dice_1: 0.888  loss_ce_2: 0.08298  loss_mask_2: 0.03583  loss_dice_2: 0.7499  loss_ce_3: 0.1038  loss_mask_3: 0.03091  loss_dice_3: 0.6566  loss_ce_4: 0.02576  loss_mask_4: 0.0449  loss_dice_4: 0.9434  loss_ce_5: 0.02522  loss_mask_5: 0.04262  loss_dice_5: 0.826  loss_ce_6: 0.02319  loss_mask_6: 0.04785  loss_dice_6: 0.9105  loss_ce_7: 0.02499  loss_mask_7: 0.05358  loss_dice_7: 0.8747  loss_ce_8: 0.03684  loss_mask_8: 0.03416  loss_dice_8: 0.7136    time: 0.8894  last_time: 0.8293  data_time: 0.1224  last_data_time: 0.1224   lr: 1.784e-07  max_mem: 13270M
[03/18 17:01:26 d2.utils.events]:  eta: 0:10:40  iter: 19259  total_loss: 15.05  loss_ce: 0.07258  loss_mask: 0.03839  loss_dice: 1.449  loss_ce_0: 0.2501  loss_mask_0: 0.03152  loss_dice_0: 1.401  loss_ce_1: 0.08261  loss_mask_1: 0.02553  loss_dice_1: 1.22  loss_ce_2: 0.1067  loss_mask_2: 0.04529  loss_dice_2: 1.608  loss_ce_3: 0.101  loss_mask_3: 0.02757  loss_dice_3: 0.9123  loss_ce_4: 0.09385  loss_mask_4: 0.02888  loss_dice_4: 1.293  loss_ce_5: 0.08691  loss_mask_5: 0.03725  loss_dice_5: 1.622  loss_ce_6: 0.1011  loss_mask_6: 0.03192  loss_dice_6: 1.319  loss_ce_7: 0.11  loss_mask_7: 0.03684  loss_dice_7: 1.334  loss_ce_8: 0.118  loss_mask_8: 0.03086  loss_dice_8: 1.429    time: 0.8894  last_time: 0.8435  data_time: 0.1309  last_data_time: 0.1309   lr: 1.6916e-07  max_mem: 13270M
[03/18 17:01:44 d2.utils.events]:  eta: 0:10:23  iter: 19279  total_loss: 8.867  loss_ce: 0.0122  loss_mask: 0.05161  loss_dice: 0.7676  loss_ce_0: 0.1201  loss_mask_0: 0.06122  loss_dice_0: 0.9499  loss_ce_1: 0.02635  loss_mask_1: 0.05834  loss_dice_1: 0.8794  loss_ce_2: 0.01233  loss_mask_2: 0.05347  loss_dice_2: 0.8649  loss_ce_3: 0.01017  loss_mask_3: 0.04603  loss_dice_3: 0.7187  loss_ce_4: 0.01007  loss_mask_4: 0.05564  loss_dice_4: 0.7894  loss_ce_5: 0.01063  loss_mask_5: 0.05632  loss_dice_5: 0.8139  loss_ce_6: 0.01129  loss_mask_6: 0.05559  loss_dice_6: 0.8031  loss_ce_7: 0.01067  loss_mask_7: 0.0527  loss_dice_7: 0.7379  loss_ce_8: 0.01162  loss_mask_8: 0.05343  loss_dice_8: 0.7619    time: 0.8894  last_time: 0.8484  data_time: 0.1313  last_data_time: 0.1313   lr: 1.6016e-07  max_mem: 13270M
[03/18 17:02:02 d2.utils.events]:  eta: 0:10:06  iter: 19299  total_loss: 11.56  loss_ce: 0.07275  loss_mask: 0.08732  loss_dice: 0.9194  loss_ce_0: 0.2595  loss_mask_0: 0.05393  loss_dice_0: 1.238  loss_ce_1: 0.07065  loss_mask_1: 0.03846  loss_dice_1: 0.9382  loss_ce_2: 0.07198  loss_mask_2: 0.0639  loss_dice_2: 0.9817  loss_ce_3: 0.01948  loss_mask_3: 0.06817  loss_dice_3: 1.122  loss_ce_4: 0.01715  loss_mask_4: 0.06317  loss_dice_4: 0.9309  loss_ce_5: 0.0257  loss_mask_5: 0.0719  loss_dice_5: 1.109  loss_ce_6: 0.1567  loss_mask_6: 0.05812  loss_dice_6: 0.9309  loss_ce_7: 0.0702  loss_mask_7: 0.04535  loss_dice_7: 0.9376  loss_ce_8: 0.09567  loss_mask_8: 0.0563  loss_dice_8: 0.9851    time: 0.8894  last_time: 0.9483  data_time: 0.2334  last_data_time: 0.2334   lr: 1.5141e-07  max_mem: 13270M
[03/18 17:02:20 d2.utils.events]:  eta: 0:09:49  iter: 19319  total_loss: 7.623  loss_ce: 0.01915  loss_mask: 0.0299  loss_dice: 0.8356  loss_ce_0: 0.1752  loss_mask_0: 0.03581  loss_dice_0: 0.6197  loss_ce_1: 0.05778  loss_mask_1: 0.03107  loss_dice_1: 0.8068  loss_ce_2: 0.03322  loss_mask_2: 0.02796  loss_dice_2: 0.6137  loss_ce_3: 0.0424  loss_mask_3: 0.02906  loss_dice_3: 0.6207  loss_ce_4: 0.02597  loss_mask_4: 0.03062  loss_dice_4: 0.633  loss_ce_5: 0.02492  loss_mask_5: 0.02728  loss_dice_5: 0.5966  loss_ce_6: 0.01984  loss_mask_6: 0.03277  loss_dice_6: 0.6956  loss_ce_7: 0.07782  loss_mask_7: 0.02954  loss_dice_7: 0.6183  loss_ce_8: 0.07047  loss_mask_8: 0.0327  loss_dice_8: 0.7301    time: 0.8894  last_time: 1.0557  data_time: 0.1086  last_data_time: 0.1086   lr: 1.429e-07  max_mem: 13270M
[03/18 17:02:38 d2.utils.events]:  eta: 0:09:32  iter: 19339  total_loss: 10.45  loss_ce: 0.03829  loss_mask: 0.02168  loss_dice: 0.6643  loss_ce_0: 0.2608  loss_mask_0: 0.03156  loss_dice_0: 1.165  loss_ce_1: 0.1115  loss_mask_1: 0.03425  loss_dice_1: 0.8396  loss_ce_2: 0.1125  loss_mask_2: 0.03536  loss_dice_2: 1.035  loss_ce_3: 0.03593  loss_mask_3: 0.02481  loss_dice_3: 0.9954  loss_ce_4: 0.04005  loss_mask_4: 0.02602  loss_dice_4: 0.9766  loss_ce_5: 0.09625  loss_mask_5: 0.02951  loss_dice_5: 0.8854  loss_ce_6: 0.0863  loss_mask_6: 0.02294  loss_dice_6: 0.8732  loss_ce_7: 0.04605  loss_mask_7: 0.02071  loss_dice_7: 0.9421  loss_ce_8: 0.06344  loss_mask_8: 0.02405  loss_dice_8: 0.9147    time: 0.8894  last_time: 0.9368  data_time: 0.2168  last_data_time: 0.2168   lr: 1.3464e-07  max_mem: 13270M
[03/18 17:02:57 d2.utils.events]:  eta: 0:09:15  iter: 19359  total_loss: 7.106  loss_ce: 0.01338  loss_mask: 0.03221  loss_dice: 0.6532  loss_ce_0: 0.3618  loss_mask_0: 0.03886  loss_dice_0: 0.7797  loss_ce_1: 0.02824  loss_mask_1: 0.03  loss_dice_1: 0.5874  loss_ce_2: 0.03397  loss_mask_2: 0.03705  loss_dice_2: 0.5856  loss_ce_3: 0.01508  loss_mask_3: 0.03113  loss_dice_3: 0.5607  loss_ce_4: 0.01269  loss_mask_4: 0.02856  loss_dice_4: 0.593  loss_ce_5: 0.01384  loss_mask_5: 0.03702  loss_dice_5: 0.5553  loss_ce_6: 0.0132  loss_mask_6: 0.03211  loss_dice_6: 0.5721  loss_ce_7: 0.02342  loss_mask_7: 0.03077  loss_dice_7: 0.7951  loss_ce_8: 0.01297  loss_mask_8: 0.03186  loss_dice_8: 0.5653    time: 0.8895  last_time: 1.2061  data_time: 0.4887  last_data_time: 0.4887   lr: 1.2662e-07  max_mem: 13270M
[03/18 17:03:16 d2.utils.events]:  eta: 0:08:58  iter: 19379  total_loss: 6.142  loss_ce: 0.008377  loss_mask: 0.03689  loss_dice: 0.6158  loss_ce_0: 0.1053  loss_mask_0: 0.04101  loss_dice_0: 0.568  loss_ce_1: 0.008901  loss_mask_1: 0.03071  loss_dice_1: 0.4041  loss_ce_2: 0.008603  loss_mask_2: 0.03442  loss_dice_2: 0.5071  loss_ce_3: 0.01133  loss_mask_3: 0.03884  loss_dice_3: 0.5728  loss_ce_4: 0.007959  loss_mask_4: 0.03787  loss_dice_4: 0.6033  loss_ce_5: 0.007298  loss_mask_5: 0.03717  loss_dice_5: 0.6825  loss_ce_6: 0.007275  loss_mask_6: 0.03291  loss_dice_6: 0.5227  loss_ce_7: 0.007802  loss_mask_7: 0.03701  loss_dice_7: 0.5488  loss_ce_8: 0.007849  loss_mask_8: 0.03472  loss_dice_8: 0.5744    time: 0.8895  last_time: 0.8595  data_time: 0.1447  last_data_time: 0.1447   lr: 1.1885e-07  max_mem: 13270M
[03/18 17:03:33 d2.utils.events]:  eta: 0:08:40  iter: 19399  total_loss: 9.309  loss_ce: 0.02988  loss_mask: 0.02358  loss_dice: 0.848  loss_ce_0: 0.1614  loss_mask_0: 0.02615  loss_dice_0: 0.9497  loss_ce_1: 0.03705  loss_mask_1: 0.02504  loss_dice_1: 0.7953  loss_ce_2: 0.03469  loss_mask_2: 0.03021  loss_dice_2: 0.6978  loss_ce_3: 0.02609  loss_mask_3: 0.03159  loss_dice_3: 0.955  loss_ce_4: 0.02879  loss_mask_4: 0.0279  loss_dice_4: 0.8389  loss_ce_5: 0.02738  loss_mask_5: 0.0301  loss_dice_5: 0.7092  loss_ce_6: 0.08983  loss_mask_6: 0.04071  loss_dice_6: 0.8852  loss_ce_7: 0.02796  loss_mask_7: 0.02545  loss_dice_7: 0.8722  loss_ce_8: 0.02973  loss_mask_8: 0.0326  loss_dice_8: 0.9718    time: 0.8895  last_time: 0.8376  data_time: 0.1236  last_data_time: 0.1236   lr: 1.1132e-07  max_mem: 13270M
[03/18 17:03:51 d2.utils.events]:  eta: 0:08:23  iter: 19419  total_loss: 9.544  loss_ce: 0.01637  loss_mask: 0.03874  loss_dice: 0.9789  loss_ce_0: 0.5134  loss_mask_0: 0.0536  loss_dice_0: 0.8684  loss_ce_1: 0.04646  loss_mask_1: 0.04489  loss_dice_1: 0.8143  loss_ce_2: 0.03518  loss_mask_2: 0.03934  loss_dice_2: 0.8573  loss_ce_3: 0.1071  loss_mask_3: 0.0345  loss_dice_3: 0.7919  loss_ce_4: 0.0164  loss_mask_4: 0.03621  loss_dice_4: 0.7024  loss_ce_5: 0.01623  loss_mask_5: 0.03722  loss_dice_5: 0.788  loss_ce_6: 0.01442  loss_mask_6: 0.03724  loss_dice_6: 0.844  loss_ce_7: 0.01336  loss_mask_7: 0.03445  loss_dice_7: 0.7677  loss_ce_8: 0.01716  loss_mask_8: 0.03924  loss_dice_8: 0.9397    time: 0.8894  last_time: 0.8452  data_time: 0.1334  last_data_time: 0.1334   lr: 1.0404e-07  max_mem: 13270M
[03/18 17:04:10 d2.utils.events]:  eta: 0:08:06  iter: 19439  total_loss: 6.105  loss_ce: 0.01386  loss_mask: 0.0454  loss_dice: 0.5691  loss_ce_0: 0.1731  loss_mask_0: 0.05538  loss_dice_0: 0.5566  loss_ce_1: 0.01901  loss_mask_1: 0.04346  loss_dice_1: 0.4951  loss_ce_2: 0.01026  loss_mask_2: 0.03889  loss_dice_2: 0.4854  loss_ce_3: 0.01051  loss_mask_3: 0.04226  loss_dice_3: 0.5159  loss_ce_4: 0.09721  loss_mask_4: 0.04598  loss_dice_4: 0.5458  loss_ce_5: 0.01066  loss_mask_5: 0.0417  loss_dice_5: 0.5565  loss_ce_6: 0.01049  loss_mask_6: 0.03506  loss_dice_6: 0.4498  loss_ce_7: 0.01295  loss_mask_7: 0.04332  loss_dice_7: 0.5428  loss_ce_8: 0.1169  loss_mask_8: 0.04436  loss_dice_8: 0.4774    time: 0.8895  last_time: 0.8934  data_time: 0.1756  last_data_time: 0.1756   lr: 9.7005e-08  max_mem: 13270M
[03/18 17:04:27 d2.utils.events]:  eta: 0:07:48  iter: 19459  total_loss: 10.52  loss_ce: 0.01969  loss_mask: 0.04203  loss_dice: 0.9689  loss_ce_0: 0.2025  loss_mask_0: 0.04984  loss_dice_0: 0.984  loss_ce_1: 0.02883  loss_mask_1: 0.04634  loss_dice_1: 0.9809  loss_ce_2: 0.03431  loss_mask_2: 0.04507  loss_dice_2: 0.8524  loss_ce_3: 0.02709  loss_mask_3: 0.04019  loss_dice_3: 0.9042  loss_ce_4: 0.02309  loss_mask_4: 0.04015  loss_dice_4: 0.9837  loss_ce_5: 0.02391  loss_mask_5: 0.04055  loss_dice_5: 0.9836  loss_ce_6: 0.02314  loss_mask_6: 0.04394  loss_dice_6: 0.8704  loss_ce_7: 0.02212  loss_mask_7: 0.04435  loss_dice_7: 1.005  loss_ce_8: 0.02069  loss_mask_8: 0.05001  loss_dice_8: 1.12    time: 0.8895  last_time: 0.8596  data_time: 0.1444  last_data_time: 0.1444   lr: 9.0216e-08  max_mem: 13270M
[03/18 17:04:45 d2.utils.events]:  eta: 0:07:31  iter: 19479  total_loss: 10.6  loss_ce: 0.02238  loss_mask: 0.0266  loss_dice: 1.104  loss_ce_0: 0.192  loss_mask_0: 0.0351  loss_dice_0: 1.057  loss_ce_1: 0.0245  loss_mask_1: 0.035  loss_dice_1: 1.072  loss_ce_2: 0.06602  loss_mask_2: 0.02984  loss_dice_2: 0.7278  loss_ce_3: 0.06132  loss_mask_3: 0.02996  loss_dice_3: 0.8126  loss_ce_4: 0.02487  loss_mask_4: 0.02835  loss_dice_4: 0.7035  loss_ce_5: 0.0278  loss_mask_5: 0.0306  loss_dice_5: 1.162  loss_ce_6: 0.02078  loss_mask_6: 0.03291  loss_dice_6: 1.071  loss_ce_7: 0.02512  loss_mask_7: 0.03315  loss_dice_7: 0.9706  loss_ce_8: 0.02251  loss_mask_8: 0.03026  loss_dice_8: 1.121    time: 0.8894  last_time: 0.8831  data_time: 0.1704  last_data_time: 0.1704   lr: 8.3673e-08  max_mem: 13270M
[03/18 17:05:03 d2.utils.events]:  eta: 0:07:13  iter: 19499  total_loss: 12.61  loss_ce: 0.06002  loss_mask: 0.06653  loss_dice: 0.9937  loss_ce_0: 0.159  loss_mask_0: 0.1092  loss_dice_0: 1.122  loss_ce_1: 0.06998  loss_mask_1: 0.06479  loss_dice_1: 1.004  loss_ce_2: 0.07065  loss_mask_2: 0.07323  loss_dice_2: 1.096  loss_ce_3: 0.1318  loss_mask_3: 0.05519  loss_dice_3: 1.02  loss_ce_4: 0.05452  loss_mask_4: 0.0586  loss_dice_4: 1.356  loss_ce_5: 0.02724  loss_mask_5: 0.0552  loss_dice_5: 1.12  loss_ce_6: 0.06961  loss_mask_6: 0.07419  loss_dice_6: 1.164  loss_ce_7: 0.02852  loss_mask_7: 0.05913  loss_dice_7: 1.185  loss_ce_8: 0.09711  loss_mask_8: 0.05679  loss_dice_8: 1.111    time: 0.8895  last_time: 0.8841  data_time: 0.1735  last_data_time: 0.1735   lr: 7.7375e-08  max_mem: 13270M
[03/18 17:05:22 d2.utils.events]:  eta: 0:06:56  iter: 19519  total_loss: 6.948  loss_ce: 0.01006  loss_mask: 0.02628  loss_dice: 0.652  loss_ce_0: 0.09793  loss_mask_0: 0.02449  loss_dice_0: 0.5874  loss_ce_1: 0.01157  loss_mask_1: 0.02581  loss_dice_1: 0.7766  loss_ce_2: 0.01038  loss_mask_2: 0.02719  loss_dice_2: 0.6419  loss_ce_3: 0.01047  loss_mask_3: 0.02746  loss_dice_3: 0.6507  loss_ce_4: 0.009973  loss_mask_4: 0.02747  loss_dice_4: 0.6729  loss_ce_5: 0.009543  loss_mask_5: 0.02478  loss_dice_5: 0.6441  loss_ce_6: 0.009544  loss_mask_6: 0.02278  loss_dice_6: 0.4847  loss_ce_7: 0.009182  loss_mask_7: 0.02597  loss_dice_7: 0.6975  loss_ce_8: 0.009828  loss_mask_8: 0.02643  loss_dice_8: 0.6932    time: 0.8895  last_time: 0.9116  data_time: 0.1876  last_data_time: 0.1876   lr: 7.1324e-08  max_mem: 13270M
[03/18 17:05:39 d2.utils.events]:  eta: 0:06:39  iter: 19539  total_loss: 8.552  loss_ce: 0.04241  loss_mask: 0.02736  loss_dice: 0.6344  loss_ce_0: 0.3365  loss_mask_0: 0.04741  loss_dice_0: 0.8837  loss_ce_1: 0.1442  loss_mask_1: 0.03124  loss_dice_1: 0.7679  loss_ce_2: 0.04434  loss_mask_2: 0.03056  loss_dice_2: 0.6166  loss_ce_3: 0.04661  loss_mask_3: 0.03132  loss_dice_3: 0.803  loss_ce_4: 0.04462  loss_mask_4: 0.03145  loss_dice_4: 0.9004  loss_ce_5: 0.04968  loss_mask_5: 0.03003  loss_dice_5: 0.6569  loss_ce_6: 0.04786  loss_mask_6: 0.02655  loss_dice_6: 0.8112  loss_ce_7: 0.04028  loss_mask_7: 0.02607  loss_dice_7: 0.7245  loss_ce_8: 0.04158  loss_mask_8: 0.02977  loss_dice_8: 0.6039    time: 0.8895  last_time: 0.8941  data_time: 0.1715  last_data_time: 0.1715   lr: 6.5518e-08  max_mem: 13270M
[03/18 17:05:57 d2.utils.events]:  eta: 0:06:21  iter: 19559  total_loss: 8.438  loss_ce: 0.09167  loss_mask: 0.0293  loss_dice: 0.7328  loss_ce_0: 0.2558  loss_mask_0: 0.03293  loss_dice_0: 0.9747  loss_ce_1: 0.0865  loss_mask_1: 0.02976  loss_dice_1: 0.697  loss_ce_2: 0.1655  loss_mask_2: 0.02488  loss_dice_2: 0.6855  loss_ce_3: 0.06367  loss_mask_3: 0.02504  loss_dice_3: 0.6942  loss_ce_4: 0.06031  loss_mask_4: 0.02492  loss_dice_4: 0.6161  loss_ce_5: 0.09428  loss_mask_5: 0.02798  loss_dice_5: 0.6912  loss_ce_6: 0.1464  loss_mask_6: 0.02459  loss_dice_6: 0.7255  loss_ce_7: 0.05013  loss_mask_7: 0.02546  loss_dice_7: 0.578  loss_ce_8: 0.08762  loss_mask_8: 0.02646  loss_dice_8: 0.6695    time: 0.8895  last_time: 0.8720  data_time: 0.1493  last_data_time: 0.1493   lr: 5.9959e-08  max_mem: 13270M
[03/18 17:06:15 d2.utils.events]:  eta: 0:06:04  iter: 19579  total_loss: 7.617  loss_ce: 0.05805  loss_mask: 0.02872  loss_dice: 0.5732  loss_ce_0: 0.2994  loss_mask_0: 0.04633  loss_dice_0: 0.6355  loss_ce_1: 0.05963  loss_mask_1: 0.0405  loss_dice_1: 0.6485  loss_ce_2: 0.06872  loss_mask_2: 0.03061  loss_dice_2: 0.5994  loss_ce_3: 0.06898  loss_mask_3: 0.03139  loss_dice_3: 0.6057  loss_ce_4: 0.07306  loss_mask_4: 0.04662  loss_dice_4: 0.5982  loss_ce_5: 0.07931  loss_mask_5: 0.03515  loss_dice_5: 0.6915  loss_ce_6: 0.08042  loss_mask_6: 0.05533  loss_dice_6: 0.6252  loss_ce_7: 0.02515  loss_mask_7: 0.04122  loss_dice_7: 0.7672  loss_ce_8: 0.1305  loss_mask_8: 0.03701  loss_dice_8: 0.5364    time: 0.8895  last_time: 0.8017  data_time: 0.0833  last_data_time: 0.0833   lr: 5.4646e-08  max_mem: 13270M
[03/18 17:06:35 d2.utils.events]:  eta: 0:05:46  iter: 19599  total_loss: 7.608  loss_ce: 0.01752  loss_mask: 0.03558  loss_dice: 0.7164  loss_ce_0: 0.2774  loss_mask_0: 0.03603  loss_dice_0: 0.6691  loss_ce_1: 0.03185  loss_mask_1: 0.03271  loss_dice_1: 0.6701  loss_ce_2: 0.0332  loss_mask_2: 0.03907  loss_dice_2: 0.7168  loss_ce_3: 0.02361  loss_mask_3: 0.0369  loss_dice_3: 0.7107  loss_ce_4: 0.02027  loss_mask_4: 0.03872  loss_dice_4: 0.7408  loss_ce_5: 0.01947  loss_mask_5: 0.03516  loss_dice_5: 0.65  loss_ce_6: 0.01809  loss_mask_6: 0.03411  loss_dice_6: 0.6445  loss_ce_7: 0.0176  loss_mask_7: 0.03342  loss_dice_7: 0.6227  loss_ce_8: 0.01765  loss_mask_8: 0.03373  loss_dice_8: 0.6355    time: 0.8895  last_time: 0.9308  data_time: 0.2201  last_data_time: 0.2201   lr: 4.9579e-08  max_mem: 13270M
[03/18 17:06:53 d2.utils.events]:  eta: 0:05:29  iter: 19619  total_loss: 10.93  loss_ce: 0.02096  loss_mask: 0.04617  loss_dice: 1.107  loss_ce_0: 0.225  loss_mask_0: 0.04932  loss_dice_0: 1.176  loss_ce_1: 0.08696  loss_mask_1: 0.03781  loss_dice_1: 0.9054  loss_ce_2: 0.08433  loss_mask_2: 0.0411  loss_dice_2: 0.9854  loss_ce_3: 0.09347  loss_mask_3: 0.0329  loss_dice_3: 0.8773  loss_ce_4: 0.02912  loss_mask_4: 0.04489  loss_dice_4: 1.056  loss_ce_5: 0.01999  loss_mask_5: 0.04647  loss_dice_5: 1.012  loss_ce_6: 0.08879  loss_mask_6: 0.03661  loss_dice_6: 0.8057  loss_ce_7: 0.07825  loss_mask_7: 0.02688  loss_dice_7: 0.8751  loss_ce_8: 0.02146  loss_mask_8: 0.03982  loss_dice_8: 0.9828    time: 0.8895  last_time: 0.8236  data_time: 0.1084  last_data_time: 0.1084   lr: 4.4758e-08  max_mem: 13270M
[03/18 17:07:10 d2.utils.events]:  eta: 0:05:12  iter: 19639  total_loss: 12.35  loss_ce: 0.0169  loss_mask: 0.03862  loss_dice: 1.05  loss_ce_0: 0.3794  loss_mask_0: 0.04075  loss_dice_0: 1.139  loss_ce_1: 0.08619  loss_mask_1: 0.056  loss_dice_1: 1.174  loss_ce_2: 0.02463  loss_mask_2: 0.05205  loss_dice_2: 1.128  loss_ce_3: 0.02122  loss_mask_3: 0.04389  loss_dice_3: 1.086  loss_ce_4: 0.02303  loss_mask_4: 0.04661  loss_dice_4: 1.13  loss_ce_5: 0.01691  loss_mask_5: 0.04893  loss_dice_5: 1.178  loss_ce_6: 0.01434  loss_mask_6: 0.04173  loss_dice_6: 1.065  loss_ce_7: 0.0718  loss_mask_7: 0.0391  loss_dice_7: 1.115  loss_ce_8: 0.01535  loss_mask_8: 0.05407  loss_dice_8: 1.159    time: 0.8895  last_time: 0.9056  data_time: 0.1866  last_data_time: 0.1866   lr: 4.0184e-08  max_mem: 13270M
[03/18 17:07:28 d2.utils.events]:  eta: 0:04:54  iter: 19659  total_loss: 9.356  loss_ce: 0.02515  loss_mask: 0.05593  loss_dice: 0.6892  loss_ce_0: 0.2236  loss_mask_0: 0.05907  loss_dice_0: 1.146  loss_ce_1: 0.08729  loss_mask_1: 0.05728  loss_dice_1: 0.8614  loss_ce_2: 0.03266  loss_mask_2: 0.06381  loss_dice_2: 0.8804  loss_ce_3: 0.07425  loss_mask_3: 0.05714  loss_dice_3: 0.7211  loss_ce_4: 0.03063  loss_mask_4: 0.05278  loss_dice_4: 0.6499  loss_ce_5: 0.0709  loss_mask_5: 0.05116  loss_dice_5: 0.6513  loss_ce_6: 0.05482  loss_mask_6: 0.05901  loss_dice_6: 0.8943  loss_ce_7: 0.02686  loss_mask_7: 0.05332  loss_dice_7: 0.7048  loss_ce_8: 0.03595  loss_mask_8: 0.05815  loss_dice_8: 0.9279    time: 0.8895  last_time: 0.8658  data_time: 0.1556  last_data_time: 0.1556   lr: 3.5855e-08  max_mem: 13270M
[03/18 17:07:45 d2.utils.events]:  eta: 0:04:36  iter: 19679  total_loss: 10.87  loss_ce: 0.08089  loss_mask: 0.05487  loss_dice: 0.938  loss_ce_0: 0.1535  loss_mask_0: 0.0902  loss_dice_0: 1.45  loss_ce_1: 0.07704  loss_mask_1: 0.0605  loss_dice_1: 0.8616  loss_ce_2: 0.07184  loss_mask_2: 0.04804  loss_dice_2: 0.8382  loss_ce_3: 0.08533  loss_mask_3: 0.05127  loss_dice_3: 0.8943  loss_ce_4: 0.09665  loss_mask_4: 0.0423  loss_dice_4: 0.8172  loss_ce_5: 0.07945  loss_mask_5: 0.0515  loss_dice_5: 0.9617  loss_ce_6: 0.08637  loss_mask_6: 0.03873  loss_dice_6: 0.8156  loss_ce_7: 0.08005  loss_mask_7: 0.0508  loss_dice_7: 0.8591  loss_ce_8: 0.08274  loss_mask_8: 0.05466  loss_dice_8: 0.9945    time: 0.8895  last_time: 0.8919  data_time: 0.1884  last_data_time: 0.1884   lr: 3.1774e-08  max_mem: 13270M
[03/18 17:08:03 d2.utils.events]:  eta: 0:04:19  iter: 19699  total_loss: 8.336  loss_ce: 0.008564  loss_mask: 0.03225  loss_dice: 0.7375  loss_ce_0: 0.1417  loss_mask_0: 0.03959  loss_dice_0: 0.8603  loss_ce_1: 0.01133  loss_mask_1: 0.03472  loss_dice_1: 0.7663  loss_ce_2: 0.0128  loss_mask_2: 0.03855  loss_dice_2: 0.8995  loss_ce_3: 0.009531  loss_mask_3: 0.03087  loss_dice_3: 0.7632  loss_ce_4: 0.009428  loss_mask_4: 0.03304  loss_dice_4: 0.7496  loss_ce_5: 0.008793  loss_mask_5: 0.02788  loss_dice_5: 0.8568  loss_ce_6: 0.009585  loss_mask_6: 0.02749  loss_dice_6: 0.7267  loss_ce_7: 0.008108  loss_mask_7: 0.03189  loss_dice_7: 0.8218  loss_ce_8: 0.008312  loss_mask_8: 0.02389  loss_dice_8: 0.6054    time: 0.8895  last_time: 0.8689  data_time: 0.1679  last_data_time: 0.1679   lr: 2.7938e-08  max_mem: 13270M
[03/18 17:08:20 d2.utils.events]:  eta: 0:04:01  iter: 19719  total_loss: 8.025  loss_ce: 0.007736  loss_mask: 0.03035  loss_dice: 0.779  loss_ce_0: 0.2111  loss_mask_0: 0.0482  loss_dice_0: 0.984  loss_ce_1: 0.02542  loss_mask_1: 0.02976  loss_dice_1: 0.6881  loss_ce_2: 0.01742  loss_mask_2: 0.03186  loss_dice_2: 0.7408  loss_ce_3: 0.0127  loss_mask_3: 0.03239  loss_dice_3: 0.7667  loss_ce_4: 0.009246  loss_mask_4: 0.03192  loss_dice_4: 0.748  loss_ce_5: 0.008039  loss_mask_5: 0.02783  loss_dice_5: 0.6525  loss_ce_6: 0.007924  loss_mask_6: 0.02855  loss_dice_6: 0.7137  loss_ce_7: 0.008387  loss_mask_7: 0.02701  loss_dice_7: 0.6079  loss_ce_8: 0.007675  loss_mask_8: 0.0306  loss_dice_8: 0.7105    time: 0.8894  last_time: 1.0322  data_time: 0.1805  last_data_time: 0.1805   lr: 2.435e-08  max_mem: 13270M
[03/18 17:08:39 d2.utils.events]:  eta: 0:03:44  iter: 19739  total_loss: 6.681  loss_ce: 0.006604  loss_mask: 0.0377  loss_dice: 0.566  loss_ce_0: 0.1002  loss_mask_0: 0.04906  loss_dice_0: 0.6877  loss_ce_1: 0.0103  loss_mask_1: 0.03909  loss_dice_1: 0.5342  loss_ce_2: 0.01839  loss_mask_2: 0.03913  loss_dice_2: 0.6245  loss_ce_3: 0.01382  loss_mask_3: 0.03804  loss_dice_3: 0.5591  loss_ce_4: 0.008804  loss_mask_4: 0.041  loss_dice_4: 0.6309  loss_ce_5: 0.006979  loss_mask_5: 0.03995  loss_dice_5: 0.6046  loss_ce_6: 0.007295  loss_mask_6: 0.03828  loss_dice_6: 0.5988  loss_ce_7: 0.006946  loss_mask_7: 0.04209  loss_dice_7: 0.6424  loss_ce_8: 0.006747  loss_mask_8: 0.03849  loss_dice_8: 0.6443    time: 0.8894  last_time: 0.8714  data_time: 0.1465  last_data_time: 0.1465   lr: 2.1007e-08  max_mem: 13270M
[03/18 17:08:58 d2.utils.events]:  eta: 0:03:27  iter: 19759  total_loss: 6.641  loss_ce: 0.01655  loss_mask: 0.02804  loss_dice: 0.5961  loss_ce_0: 0.3266  loss_mask_0: 0.03201  loss_dice_0: 0.7432  loss_ce_1: 0.05736  loss_mask_1: 0.03155  loss_dice_1: 0.5954  loss_ce_2: 0.04185  loss_mask_2: 0.0249  loss_dice_2: 0.5203  loss_ce_3: 0.02844  loss_mask_3: 0.02488  loss_dice_3: 0.513  loss_ce_4: 0.02888  loss_mask_4: 0.02434  loss_dice_4: 0.5254  loss_ce_5: 0.02057  loss_mask_5: 0.02625  loss_dice_5: 0.6057  loss_ce_6: 0.01779  loss_mask_6: 0.02457  loss_dice_6: 0.5343  loss_ce_7: 0.01881  loss_mask_7: 0.02756  loss_dice_7: 0.613  loss_ce_8: 0.01784  loss_mask_8: 0.0271  loss_dice_8: 0.5488    time: 0.8895  last_time: 0.9162  data_time: 0.1924  last_data_time: 0.1924   lr: 1.7912e-08  max_mem: 13270M
[03/18 17:09:16 d2.utils.events]:  eta: 0:03:10  iter: 19779  total_loss: 7.707  loss_ce: 0.005813  loss_mask: 0.04112  loss_dice: 0.7145  loss_ce_0: 0.157  loss_mask_0: 0.04055  loss_dice_0: 0.7819  loss_ce_1: 0.01691  loss_mask_1: 0.04936  loss_dice_1: 0.7102  loss_ce_2: 0.01621  loss_mask_2: 0.0383  loss_dice_2: 0.7143  loss_ce_3: 0.006605  loss_mask_3: 0.04018  loss_dice_3: 0.664  loss_ce_4: 0.005884  loss_mask_4: 0.03672  loss_dice_4: 0.6592  loss_ce_5: 0.005773  loss_mask_5: 0.03407  loss_dice_5: 0.6922  loss_ce_6: 0.00588  loss_mask_6: 0.04031  loss_dice_6: 0.7271  loss_ce_7: 0.005688  loss_mask_7: 0.03775  loss_dice_7: 0.7201  loss_ce_8: 0.006424  loss_mask_8: 0.03574  loss_dice_8: 0.697    time: 0.8895  last_time: 0.9350  data_time: 0.2200  last_data_time: 0.2200   lr: 1.5062e-08  max_mem: 13270M
[03/18 17:09:34 d2.utils.events]:  eta: 0:02:52  iter: 19799  total_loss: 11.4  loss_ce: 0.02067  loss_mask: 0.06155  loss_dice: 1.008  loss_ce_0: 0.2682  loss_mask_0: 0.1104  loss_dice_0: 1.084  loss_ce_1: 0.04061  loss_mask_1: 0.06432  loss_dice_1: 1.037  loss_ce_2: 0.087  loss_mask_2: 0.05446  loss_dice_2: 0.8846  loss_ce_3: 0.01957  loss_mask_3: 0.0639  loss_dice_3: 1.007  loss_ce_4: 0.01843  loss_mask_4: 0.0665  loss_dice_4: 0.973  loss_ce_5: 0.02179  loss_mask_5: 0.05963  loss_dice_5: 1.055  loss_ce_6: 0.03227  loss_mask_6: 0.07072  loss_dice_6: 1.182  loss_ce_7: 0.01994  loss_mask_7: 0.05718  loss_dice_7: 0.9229  loss_ce_8: 0.0199  loss_mask_8: 0.05753  loss_dice_8: 1.036    time: 0.8895  last_time: 0.8308  data_time: 0.1095  last_data_time: 0.1095   lr: 1.246e-08  max_mem: 13270M
[03/18 17:09:52 d2.utils.events]:  eta: 0:02:35  iter: 19819  total_loss: 9.916  loss_ce: 0.02252  loss_mask: 0.05009  loss_dice: 0.9095  loss_ce_0: 0.2408  loss_mask_0: 0.05438  loss_dice_0: 1.032  loss_ce_1: 0.05712  loss_mask_1: 0.04084  loss_dice_1: 0.7586  loss_ce_2: 0.03344  loss_mask_2: 0.04665  loss_dice_2: 0.8892  loss_ce_3: 0.04639  loss_mask_3: 0.05463  loss_dice_3: 0.9418  loss_ce_4: 0.02879  loss_mask_4: 0.04876  loss_dice_4: 0.9252  loss_ce_5: 0.09704  loss_mask_5: 0.05164  loss_dice_5: 1.01  loss_ce_6: 0.02956  loss_mask_6: 0.05124  loss_dice_6: 0.8172  loss_ce_7: 0.02876  loss_mask_7: 0.05401  loss_dice_7: 0.753  loss_ce_8: 0.02205  loss_mask_8: 0.04943  loss_dice_8: 0.7716    time: 0.8895  last_time: 0.8873  data_time: 0.1605  last_data_time: 0.1605   lr: 1.0104e-08  max_mem: 13270M
[03/18 17:10:10 d2.utils.events]:  eta: 0:02:18  iter: 19839  total_loss: 10.91  loss_ce: 0.03773  loss_mask: 0.05418  loss_dice: 0.9154  loss_ce_0: 0.3102  loss_mask_0: 0.05645  loss_dice_0: 1.181  loss_ce_1: 0.1066  loss_mask_1: 0.05747  loss_dice_1: 1.028  loss_ce_2: 0.09144  loss_mask_2: 0.05752  loss_dice_2: 0.9509  loss_ce_3: 0.06711  loss_mask_3: 0.05481  loss_dice_3: 0.8896  loss_ce_4: 0.0497  loss_mask_4: 0.05313  loss_dice_4: 0.8298  loss_ce_5: 0.04639  loss_mask_5: 0.05201  loss_dice_5: 0.9483  loss_ce_6: 0.04048  loss_mask_6: 0.05731  loss_dice_6: 0.9326  loss_ce_7: 0.04026  loss_mask_7: 0.05828  loss_dice_7: 0.9617  loss_ce_8: 0.04001  loss_mask_8: 0.05296  loss_dice_8: 0.893    time: 0.8895  last_time: 0.8471  data_time: 0.1367  last_data_time: 0.1367   lr: 7.9943e-09  max_mem: 13270M
[03/18 17:10:28 d2.utils.events]:  eta: 0:02:00  iter: 19859  total_loss: 7.789  loss_ce: 0.02733  loss_mask: 0.01842  loss_dice: 0.4309  loss_ce_0: 0.126  loss_mask_0: 0.02768  loss_dice_0: 0.844  loss_ce_1: 0.05506  loss_mask_1: 0.02677  loss_dice_1: 1.041  loss_ce_2: 0.03832  loss_mask_2: 0.01914  loss_dice_2: 0.5884  loss_ce_3: 0.04513  loss_mask_3: 0.01852  loss_dice_3: 0.7405  loss_ce_4: 0.06129  loss_mask_4: 0.02109  loss_dice_4: 0.7285  loss_ce_5: 0.02745  loss_mask_5: 0.02738  loss_dice_5: 0.9593  loss_ce_6: 0.02853  loss_mask_6: 0.02146  loss_dice_6: 0.466  loss_ce_7: 0.02787  loss_mask_7: 0.01665  loss_dice_7: 0.6408  loss_ce_8: 0.02666  loss_mask_8: 0.02125  loss_dice_8: 0.6678    time: 0.8895  last_time: 0.9059  data_time: 0.1918  last_data_time: 0.1918   lr: 6.1315e-09  max_mem: 13270M
[03/18 17:10:47 d2.utils.events]:  eta: 0:01:43  iter: 19879  total_loss: 9.268  loss_ce: 0.02917  loss_mask: 0.04448  loss_dice: 0.7676  loss_ce_0: 0.269  loss_mask_0: 0.07155  loss_dice_0: 0.9984  loss_ce_1: 0.06414  loss_mask_1: 0.04773  loss_dice_1: 0.7858  loss_ce_2: 0.02364  loss_mask_2: 0.04268  loss_dice_2: 0.8746  loss_ce_3: 0.04668  loss_mask_3: 0.04304  loss_dice_3: 0.8284  loss_ce_4: 0.03167  loss_mask_4: 0.04376  loss_dice_4: 0.7414  loss_ce_5: 0.05781  loss_mask_5: 0.0389  loss_dice_5: 0.7634  loss_ce_6: 0.02365  loss_mask_6: 0.03933  loss_dice_6: 0.7558  loss_ce_7: 0.02457  loss_mask_7: 0.04735  loss_dice_7: 0.8445  loss_ce_8: 0.02711  loss_mask_8: 0.04139  loss_dice_8: 0.8501    time: 0.8895  last_time: 0.9455  data_time: 0.2174  last_data_time: 0.2174   lr: 4.5155e-09  max_mem: 13270M
[03/18 17:11:05 d2.utils.events]:  eta: 0:01:26  iter: 19899  total_loss: 15.18  loss_ce: 0.1519  loss_mask: 0.0272  loss_dice: 1.541  loss_ce_0: 0.1808  loss_mask_0: 0.01947  loss_dice_0: 1.087  loss_ce_1: 0.221  loss_mask_1: 0.0281  loss_dice_1: 1.377  loss_ce_2: 0.1962  loss_mask_2: 0.02263  loss_dice_2: 1.196  loss_ce_3: 0.1331  loss_mask_3: 0.02134  loss_dice_3: 1.266  loss_ce_4: 0.197  loss_mask_4: 0.03011  loss_dice_4: 1.204  loss_ce_5: 0.1626  loss_mask_5: 0.03347  loss_dice_5: 1.645  loss_ce_6: 0.1584  loss_mask_6: 0.02714  loss_dice_6: 1.356  loss_ce_7: 0.2247  loss_mask_7: 0.02828  loss_dice_7: 1.152  loss_ce_8: 0.2396  loss_mask_8: 0.02974  loss_dice_8: 1.221    time: 0.8895  last_time: 0.8860  data_time: 0.1656  last_data_time: 0.1656   lr: 3.1462e-09  max_mem: 13270M
[03/18 17:11:23 d2.utils.events]:  eta: 0:01:08  iter: 19919  total_loss: 12.65  loss_ce: 0.01355  loss_mask: 0.04319  loss_dice: 1.124  loss_ce_0: 0.1042  loss_mask_0: 0.04689  loss_dice_0: 1.177  loss_ce_1: 0.04685  loss_mask_1: 0.0425  loss_dice_1: 1.187  loss_ce_2: 0.03521  loss_mask_2: 0.04077  loss_dice_2: 1.123  loss_ce_3: 0.02256  loss_mask_3: 0.04207  loss_dice_3: 1.185  loss_ce_4: 0.02552  loss_mask_4: 0.0412  loss_dice_4: 1.456  loss_ce_5: 0.1145  loss_mask_5: 0.04037  loss_dice_5: 1.012  loss_ce_6: 0.01205  loss_mask_6: 0.04308  loss_dice_6: 1.177  loss_ce_7: 0.01297  loss_mask_7: 0.03931  loss_dice_7: 1.137  loss_ce_8: 0.01407  loss_mask_8: 0.04128  loss_dice_8: 1.253    time: 0.8895  last_time: 0.8290  data_time: 0.1150  last_data_time: 0.1150   lr: 2.0236e-09  max_mem: 13270M
[03/18 17:11:41 d2.utils.events]:  eta: 0:00:51  iter: 19939  total_loss: 11.01  loss_ce: 0.05861  loss_mask: 0.04488  loss_dice: 0.9874  loss_ce_0: 0.5236  loss_mask_0: 0.04909  loss_dice_0: 0.9608  loss_ce_1: 0.1666  loss_mask_1: 0.0532  loss_dice_1: 1.013  loss_ce_2: 0.1278  loss_mask_2: 0.04648  loss_dice_2: 0.9524  loss_ce_3: 0.08154  loss_mask_3: 0.0483  loss_dice_3: 0.8804  loss_ce_4: 0.07912  loss_mask_4: 0.04415  loss_dice_4: 0.8179  loss_ce_5: 0.1279  loss_mask_5: 0.04873  loss_dice_5: 0.9044  loss_ce_6: 0.07292  loss_mask_6: 0.04353  loss_dice_6: 0.8825  loss_ce_7: 0.1019  loss_mask_7: 0.04716  loss_dice_7: 0.8861  loss_ce_8: 0.0881  loss_mask_8: 0.04283  loss_dice_8: 0.8305    time: 0.8895  last_time: 0.9574  data_time: 0.2342  last_data_time: 0.2342   lr: 1.1476e-09  max_mem: 13270M
[03/18 17:11:59 d2.utils.events]:  eta: 0:00:34  iter: 19959  total_loss: 9.94  loss_ce: 0.01893  loss_mask: 0.04616  loss_dice: 0.8005  loss_ce_0: 0.1895  loss_mask_0: 0.04397  loss_dice_0: 1.069  loss_ce_1: 0.04528  loss_mask_1: 0.04049  loss_dice_1: 0.8707  loss_ce_2: 0.02176  loss_mask_2: 0.04517  loss_dice_2: 0.9055  loss_ce_3: 0.0241  loss_mask_3: 0.05073  loss_dice_3: 1.014  loss_ce_4: 0.02488  loss_mask_4: 0.04829  loss_dice_4: 0.8089  loss_ce_5: 0.02579  loss_mask_5: 0.05683  loss_dice_5: 0.9638  loss_ce_6: 0.025  loss_mask_6: 0.05505  loss_dice_6: 0.9073  loss_ce_7: 0.02226  loss_mask_7: 0.04587  loss_dice_7: 0.8943  loss_ce_8: 0.01948  loss_mask_8: 0.04682  loss_dice_8: 0.8089    time: 0.8895  last_time: 0.9974  data_time: 0.2684  last_data_time: 0.2684   lr: 5.1846e-10  max_mem: 13270M
[03/18 17:12:17 d2.utils.events]:  eta: 0:00:17  iter: 19979  total_loss: 8.941  loss_ce: 0.04352  loss_mask: 0.05735  loss_dice: 0.6651  loss_ce_0: 0.1506  loss_mask_0: 0.08741  loss_dice_0: 0.868  loss_ce_1: 0.1134  loss_mask_1: 0.06298  loss_dice_1: 0.7411  loss_ce_2: 0.04194  loss_mask_2: 0.05794  loss_dice_2: 0.6881  loss_ce_3: 0.08641  loss_mask_3: 0.06181  loss_dice_3: 0.9511  loss_ce_4: 0.04188  loss_mask_4: 0.05766  loss_dice_4: 0.7491  loss_ce_5: 0.04089  loss_mask_5: 0.05984  loss_dice_5: 0.7918  loss_ce_6: 0.04123  loss_mask_6: 0.0601  loss_dice_6: 0.7304  loss_ce_7: 0.04295  loss_mask_7: 0.05659  loss_dice_7: 0.7726  loss_ce_8: 0.04281  loss_mask_8: 0.0634  loss_dice_8: 0.7136    time: 0.8895  last_time: 1.0012  data_time: 0.2891  last_data_time: 0.2891   lr: 1.3602e-10  max_mem: 13270M
[03/18 17:12:36 fvcore.common.checkpoint]: Saving checkpoint to /mnt/data/mis2025/group_6/Parameter/trained_para/graphene_mid_finetune_unfreeze_2stages/model_0019999.pth
[03/18 17:12:37 fvcore.common.checkpoint]: Saving checkpoint to /mnt/data/mis2025/group_6/Parameter/trained_para/graphene_mid_finetune_unfreeze_2stages/model_final.pth
[03/18 17:12:38 d2.utils.events]:  eta: 0:00:00  iter: 19999  total_loss: 10.15  loss_ce: 0.05186  loss_mask: 0.03572  loss_dice: 0.7975  loss_ce_0: 0.4751  loss_mask_0: 0.04734  loss_dice_0: 0.9586  loss_ce_1: 0.1183  loss_mask_1: 0.03546  loss_dice_1: 0.9432  loss_ce_2: 0.08727  loss_mask_2: 0.03145  loss_dice_2: 0.8651  loss_ce_3: 0.06308  loss_mask_3: 0.03313  loss_dice_3: 0.8399  loss_ce_4: 0.05063  loss_mask_4: 0.03696  loss_dice_4: 0.8943  loss_ce_5: 0.1008  loss_mask_5: 0.03852  loss_dice_5: 0.8392  loss_ce_6: 0.1551  loss_mask_6: 0.03538  loss_dice_6: 0.7472  loss_ce_7: 0.09265  loss_mask_7: 0.04078  loss_dice_7: 0.871  loss_ce_8: 0.0539  loss_mask_8: 0.0355  loss_dice_8: 0.7736    time: 0.8896  last_time: 1.2028  data_time: 0.4852  last_data_time: 0.4852   lr: 3.0843e-13  max_mem: 13270M
[03/18 17:12:38 d2.engine.hooks]: Overall training speed: 19998 iterations in 4:56:29 (0.8896 s / it)
[03/18 17:12:38 d2.engine.hooks]: Total training time: 4:59:49 (0:03:19 on hooks)
